comparison,axis,component_id,fit,source_overlap_jaccard_threshold,term_count,term_ids,qualified_term_count,direction,term_evidence_json
EXP001_vs_sensitivity,P,P001,EXP001,0.5,1,GOBP_ACTIVATED_T_CELL_PROLIFERATION,0,INACTIVE,"[{""term_id"":""GOBP_ACTIVATED_T_CELL_PROLIFERATION"",""NES"":-0.9176155120354988,""FDR"":0.701546739861762,""leading_edge_n"":7,""qualified"":false}]"
EXP001_vs_sensitivity,P,P001,sensitivity,0.5,1,GOBP_ACTIVATED_T_CELL_PROLIFERATION,0,INACTIVE,"[{""term_id"":""GOBP_ACTIVATED_T_CELL_PROLIFERATION"",""NES"":0.8866773910835452,""FDR"":0.77825938706824,""leading_edge_n"":6,""qualified"":false}]"
EXP001_vs_sensitivity,P,P002,EXP001,0.5,1,GOBP_ALPHA_BETA_T_CELL_PROLIFERATION,0,INACTIVE,"[{""term_id"":""GOBP_ALPHA_BETA_T_CELL_PROLIFERATION"",""NES"":-1.2673046146203784,""FDR"":0.2670121189618337,""leading_edge_n"":17,""qualified"":false}]"
EXP001_vs_sensitivity,P,P002,sensitivity,0.5,1,GOBP_ALPHA_BETA_T_CELL_PROLIFERATION,0,INACTIVE,"[{""term_id"":""GOBP_ALPHA_BETA_T_CELL_PROLIFERATION"",""NES"":0.9545804842564783,""FDR"":0.672079653470925,""leading_edge_n"":6,""qualified"":false}]"
EXP001_vs_sensitivity,P,P003,EXP001,0.5,1,GOBP_ATTACHMENT_OF_MITOTIC_SPINDLE_MICROTUBULES_TO_KINETOCHORE,1,POSITIVE,"[{""term_id"":""GOBP_ATTACHMENT_OF_MITOTIC_SPINDLE_MICROTUBULES_TO_KINETOCHORE"",""NES"":2.348046008391554,""FDR"":0.0,""leading_edge_n"":12,""qualified"":true}]"
EXP001_vs_sensitivity,P,P003,sensitivity,0.5,1,GOBP_ATTACHMENT_OF_MITOTIC_SPINDLE_MICROTUBULES_TO_KINETOCHORE,0,INACTIVE,"[{""term_id"":""GOBP_ATTACHMENT_OF_MITOTIC_SPINDLE_MICROTUBULES_TO_KINETOCHORE"",""NES"":0.6643476093776055,""FDR"":0.975583836838766,""leading_edge_n"":3,""qualified"":false}]"
EXP001_vs_sensitivity,P,P004,EXP001,0.5,1,GOBP_ATTACHMENT_OF_SPINDLE_MICROTUBULES_TO_KINETOCHORE,1,POSITIVE,"[{""term_id"":""GOBP_ATTACHMENT_OF_SPINDLE_MICROTUBULES_TO_KINETOCHORE"",""NES"":2.672874192301833,""FDR"":0.0,""leading_edge_n"":27,""qualified"":true}]"
EXP001_vs_sensitivity,P,P004,sensitivity,0.5,1,GOBP_ATTACHMENT_OF_SPINDLE_MICROTUBULES_TO_KINETOCHORE,0,INACTIVE,"[{""term_id"":""GOBP_ATTACHMENT_OF_SPINDLE_MICROTUBULES_TO_KINETOCHORE"",""NES"":0.6979647632353577,""FDR"":0.9604497672645927,""leading_edge_n"":5,""qualified"":false}]"
EXP001_vs_sensitivity,P,P005,EXP001,0.5,1,GOBP_BLOOD_VESSEL_ENDOTHELIAL_CELL_PROLIFERATION_INVOLVED_IN_SPROUTING_ANGIOGENESIS,0,INACTIVE,"[{""term_id"":""GOBP_BLOOD_VESSEL_ENDOTHELIAL_CELL_PROLIFERATION_INVOLVED_IN_SPROUTING_ANGIOGENESIS"",""NES"":1.0290546644460106,""FDR"":0.565693683175978,""leading_edge_n"":6,""qualified"":false}]"
EXP001_vs_sensitivity,P,P005,sensitivity,0.5,1,GOBP_BLOOD_VESSEL_ENDOTHELIAL_CELL_PROLIFERATION_INVOLVED_IN_SPROUTING_ANGIOGENESIS,0,INACTIVE,"[{""term_id"":""GOBP_BLOOD_VESSEL_ENDOTHELIAL_CELL_PROLIFERATION_INVOLVED_IN_SPROUTING_ANGIOGENESIS"",""NES"":1.528740152244835,""FDR"":0.1157258924825751,""leading_edge_n"":6,""qualified"":false}]"
EXP001_vs_sensitivity,P,P006,EXP001,0.5,3,GOBP_B_CELL_PROLIFERATION;GOBP_POSITIVE_REGULATION_OF_B_CELL_PROLIFERATION;GOBP_REGULATION_OF_B_CELL_PROLIFERATION,0,INACTIVE,"[{""term_id"":""GOBP_B_CELL_PROLIFERATION"",""NES"":-0.8148174031545418,""FDR"":0.8456854096892478,""leading_edge_n"":14,""qualified"":false},{""term_id"":""GOBP_POSITIVE_REGULATION_OF_B_CELL_PROLIFERATION"",""NES"":-0.8674496076347392,""FDR"":0.7796963535177577,""leading_edge_n"":5,""qualified"":false},{""term_id"":""GOBP_REGULATION_OF_B_CELL_PROLIFERATION"",""NES"":-0.8938958196224704,""FDR"":0.7359835659834756,""leading_edge_n"":7,""qualified"":false}]"
EXP001_vs_sensitivity,P,P006,sensitivity,0.5,3,GOBP_B_CELL_PROLIFERATION;GOBP_POSITIVE_REGULATION_OF_B_CELL_PROLIFERATION;GOBP_REGULATION_OF_B_CELL_PROLIFERATION,0,INACTIVE,"[{""term_id"":""GOBP_B_CELL_PROLIFERATION"",""NES"":1.253238204740662,""FDR"":0.3006380774314524,""leading_edge_n"":25,""qualified"":false},{""term_id"":""GOBP_POSITIVE_REGULATION_OF_B_CELL_PROLIFERATION"",""NES"":1.3974170494429672,""FDR"":0.1875554391227021,""leading_edge_n"":17,""qualified"":false},{""term_id"":""GOBP_REGULATION_OF_B_CELL_PROLIFERATION"",""NES"":1.2975333229296275,""FDR"":0.2630426312089093,""leading_edge_n"":12,""qualified"":false}]"
EXP001_vs_sensitivity,P,P007,EXP001,0.5,4,GOBP_CARDIAC_MUSCLE_CELL_PROLIFERATION;GOBP_POSITIVE_REGULATION_OF_CARDIAC_MUSCLE_CELL_PROLIFERATION;GOBP_REGULATION_OF_CARDIAC_MUSCLE_CELL_PROLIFERATION;GOBP_STRIATED_MUSCLE_CELL_PROLIFERATION,0,INACTIVE,"[{""term_id"":""GOBP_CARDIAC_MUSCLE_CELL_PROLIFERATION"",""NES"":-1.035901370804306,""FDR"":0.5140318718689723,""leading_edge_n"":16,""qualified"":false},{""term_id"":""GOBP_POSITIVE_REGULATION_OF_CARDIAC_MUSCLE_CELL_PROLIFERATION"",""NES"":-1.0071630013751065,""FDR"":0.5572134612667492,""leading_edge_n"":9,""qualified"":false},{""term_id"":""GOBP_REGULATION_OF_CARDIAC_MUSCLE_CELL_PROLIFERATION"",""NES"":-1.1811155522281989,""FDR"":0.3440246323488884,""leading_edge_n"":14,""qualified"":false},{""term_id"":""GOBP_STRIATED_MUSCLE_CELL_PROLIFERATION"",""NES"":-1.182399710802986,""FDR"":0.3420097839544401,""leading_edge_n"":21,""qualified"":false}]"
EXP001_vs_sensitivity,P,P007,sensitivity,0.5,4,GOBP_CARDIAC_MUSCLE_CELL_PROLIFERATION;GOBP_POSITIVE_REGULATION_OF_CARDIAC_MUSCLE_CELL_PROLIFERATION;GOBP_REGULATION_OF_CARDIAC_MUSCLE_CELL_PROLIFERATION;GOBP_STRIATED_MUSCLE_CELL_PROLIFERATION,0,INACTIVE,"[{""term_id"":""GOBP_CARDIAC_MUSCLE_CELL_PROLIFERATION"",""NES"":1.2372570895700614,""FDR"":0.3160309478706039,""leading_edge_n"":13,""qualified"":false},{""term_id"":""GOBP_POSITIVE_REGULATION_OF_CARDIAC_MUSCLE_CELL_PROLIFERATION"",""NES"":0.961069950466616,""FDR"":0.6622388186540616,""leading_edge_n"":5,""qualified"":false},{""term_id"":""GOBP_REGULATION_OF_CARDIAC_MUSCLE_CELL_PROLIFERATION"",""NES"":1.3929239775392028,""FDR"":0.1901467556440375,""leading_edge_n"":8,""qualified"":false},{""term_id"":""GOBP_STRIATED_MUSCLE_CELL_PROLIFERATION"",""NES"":1.454815669047926,""FDR"":0.1518774547912006,""leading_edge_n"":18,""qualified"":false}]"
EXP001_vs_sensitivity,P,P008,EXP001,0.5,18,GOBP_CELL_CYCLE_CHECKPOINT_SIGNALING;GOBP_CELL_CYCLE_G1_S_PHASE_TRANSITION;GOBP_CELL_CYCLE_G2_M_PHASE_TRANSITION;GOBP_MITOTIC_CELL_CYCLE_CHECKPOINT_SIGNALING;GOBP_MITOTIC_CELL_CYCLE_PHASE_TRANSITION;GOBP_MITOTIC_DNA_INTEGRITY_CHECKPOINT_SIGNALING;GOBP_MITOTIC_G2_DNA_DAMAGE_CHECKPOINT_SIGNALING;GOBP_MITOTIC_G2_M_TRANSITION_CHECKPOINT;GOBP_NEGATIVE_REGULATION_OF_CELL_CYCLE;GOBP_NEGATIVE_REGULATION_OF_CELL_CYCLE_G2_M_PHASE_TRANSITION;GOBP_NEGATIVE_REGULATION_OF_CELL_CYCLE_PROCESS;GOBP_NEGATIVE_REGULATION_OF_MITOTIC_CELL_CYCLE;GOBP_NEGATIVE_REGULATION_OF_MITOTIC_CELL_CYCLE_PHASE_TRANSITION;GOBP_REGULATION_OF_CELL_CYCLE_G1_S_PHASE_TRANSITION;GOBP_REGULATION_OF_CELL_CYCLE_G2_M_PHASE_TRANSITION;GOBP_REGULATION_OF_CELL_CYCLE_PHASE_TRANSITION;GOBP_REGULATION_OF_MITOTIC_CELL_CYCLE;GOBP_REGULATION_OF_MITOTIC_CELL_CYCLE_PHASE_TRANSITION,17,POSITIVE,"[{""term_id"":""GOBP_CELL_CYCLE_CHECKPOINT_SIGNALING"",""NES"":2.483888533083092,""FDR"":0.0,""leading_edge_n"":78,""qualified"":true},{""term_id"":""GOBP_CELL_CYCLE_G1_S_PHASE_TRANSITION"",""NES"":1.615949456089987,""FDR"":0.036856355488726,""leading_edge_n"":69,""qualified"":true},{""term_id"":""GOBP_CELL_CYCLE_G2_M_PHASE_TRANSITION"",""NES"":2.1903014024654603,""FDR"":1.3783990934971648e-05,""leading_edge_n"":45,""qualified"":true},{""term_id"":""GOBP_MITOTIC_CELL_CYCLE_CHECKPOINT_SIGNALING"",""NES"":2.537595785651995,""FDR"":0.0,""leading_edge_n"":48,""qualified"":true},{""term_id"":""GOBP_MITOTIC_CELL_CYCLE_PHASE_TRANSITION"",""NES"":2.2191035054181567,""FDR"":7.307891745696175e-06,""leading_edge_n"":149,""qualified"":true},{""term_id"":""GOBP_MITOTIC_DNA_INTEGRITY_CHECKPOINT_SIGNALING"",""NES"":2.0111289127665275,""FDR"":0.000325494115053,""leading_edge_n"":30,""qualified"":true},{""term_id"":""GOBP_MITOTIC_G2_DNA_DAMAGE_CHECKPOINT_SIGNALING"",""NES"":1.5798390638776358,""FDR"":0.0483258353328466,""leading_edge_n"":13,""qualified"":true},{""term_id"":""GOBP_MITOTIC_G2_M_TRANSITION_CHECKPOINT"",""NES"":1.7882973925107308,""FDR"":0.0073944505049224,""leading_edge_n"":19,""qualified"":true},{""term_id"":""GOBP_NEGATIVE_REGULATION_OF_CELL_CYCLE"",""NES"":1.947273138347969,""FDR"":0.0009196065047623,""leading_edge_n"":111,""qualified"":true},{""term_id"":""GOBP_NEGATIVE_REGULATION_OF_CELL_CYCLE_G2_M_PHASE_TRANSITION"",""NES"":1.616867474331928,""FDR"":0.0366174465523476,""leading_edge_n"":24,""qualified"":true},{""term_id"":""GOBP_NEGATIVE_REGULATION_OF_CELL_CYCLE_PROCESS"",""NES"":2.173850702977397,""FDR"":1.2652469291056063e-05,""leading_edge_n"":101,""qualified"":true},{""term_id"":""GOBP_NEGATIVE_REGULATION_OF_MITOTIC_CELL_CYCLE"",""NES"":2.089654499938528,""FDR"":6.086162151287482e-05,""leading_edge_n"":57,""qualified"":true},{""term_id"":""GOBP_NEGATIVE_REGULATION_OF_MITOTIC_CELL_CYCLE_PHASE_TRANSITION"",""NES"":2.158883317931786,""FDR"":1.1378730771822233e-05,""leading_edge_n"":49,""qualified"":true},{""term_id"":""GOBP_REGULATION_OF_CELL_CYCLE_G1_S_PHASE_TRANSITION"",""NES"":1.3391282067896757,""FDR"":0.1942493976014685,""leading_edge_n"":47,""qualified"":false},{""term_id"":""GOBP_REGULATION_OF_CELL_CYCLE_G2_M_PHASE_TRANSITION"",""NES"":2.0228936350643187,""FDR"":0.0002453913123028,""leading_edge_n"":41,""qualified"":true},{""term_id"":""GOBP_REGULATION_OF_CELL_CYCLE_PHASE_TRANSITION"",""NES"":2.1922816245612458,""FDR"":1.4011825495880267e-05,""leading_edge_n"":163,""qualified"":true},{""term_id"":""GOBP_REGULATION_OF_MITOTIC_CELL_CYCLE"",""NES"":2.034052299174637,""FDR"":0.000199462457059,""leading_edge_n"":155,""qualified"":true},{""term_id"":""GOBP_REGULATION_OF_MITOTIC_CELL_CYCLE_PHASE_TRANSITION"",""NES"":2.1782383804665577,""FDR"":1.3142875077531103e-05,""leading_edge_n"":120,""qualified"":true}]"
EXP001_vs_sensitivity,P,P008,sensitivity,0.5,18,GOBP_CELL_CYCLE_CHECKPOINT_SIGNALING;GOBP_CELL_CYCLE_G1_S_PHASE_TRANSITION;GOBP_CELL_CYCLE_G2_M_PHASE_TRANSITION;GOBP_MITOTIC_CELL_CYCLE_CHECKPOINT_SIGNALING;GOBP_MITOTIC_CELL_CYCLE_PHASE_TRANSITION;GOBP_MITOTIC_DNA_INTEGRITY_CHECKPOINT_SIGNALING;GOBP_MITOTIC_G2_DNA_DAMAGE_CHECKPOINT_SIGNALING;GOBP_MITOTIC_G2_M_TRANSITION_CHECKPOINT;GOBP_NEGATIVE_REGULATION_OF_CELL_CYCLE;GOBP_NEGATIVE_REGULATION_OF_CELL_CYCLE_G2_M_PHASE_TRANSITION;GOBP_NEGATIVE_REGULATION_OF_CELL_CYCLE_PROCESS;GOBP_NEGATIVE_REGULATION_OF_MITOTIC_CELL_CYCLE;GOBP_NEGATIVE_REGULATION_OF_MITOTIC_CELL_CYCLE_PHASE_TRANSITION;GOBP_REGULATION_OF_CELL_CYCLE_G1_S_PHASE_TRANSITION;GOBP_REGULATION_OF_CELL_CYCLE_G2_M_PHASE_TRANSITION;GOBP_REGULATION_OF_CELL_CYCLE_PHASE_TRANSITION;GOBP_REGULATION_OF_MITOTIC_CELL_CYCLE;GOBP_REGULATION_OF_MITOTIC_CELL_CYCLE_PHASE_TRANSITION,0,INACTIVE,"[{""term_id"":""GOBP_CELL_CYCLE_CHECKPOINT_SIGNALING"",""NES"":0.7624405065666718,""FDR"":0.9177930320490164,""leading_edge_n"":37,""qualified"":false},{""term_id"":""GOBP_CELL_CYCLE_G1_S_PHASE_TRANSITION"",""NES"":1.3487574507547844,""FDR"":0.2221582495439959,""leading_edge_n"":79,""qualified"":false},{""term_id"":""GOBP_CELL_CYCLE_G2_M_PHASE_TRANSITION"",""NES"":1.030921284158216,""FDR"":0.5590887633120375,""leading_edge_n"":50,""qualified"":false},{""term_id"":""GOBP_MITOTIC_CELL_CYCLE_CHECKPOINT_SIGNALING"",""NES"":-0.724884535955945,""FDR"":0.9722157393282208,""leading_edge_n"":37,""qualified"":false},{""term_id"":""GOBP_MITOTIC_CELL_CYCLE_PHASE_TRANSITION"",""NES"":1.1715460258174666,""FDR"":0.3845367140552406,""leading_edge_n"":111,""qualified"":false},{""term_id"":""GOBP_MITOTIC_DNA_INTEGRITY_CHECKPOINT_SIGNALING"",""NES"":-0.6767479784517747,""FDR"":0.9874823863837584,""leading_edge_n"":17,""qualified"":false},{""term_id"":""GOBP_MITOTIC_G2_DNA_DAMAGE_CHECKPOINT_SIGNALING"",""NES"":-0.6170262627946439,""FDR"":0.9923543602506693,""leading_edge_n"":9,""qualified"":false},{""term_id"":""GOBP_MITOTIC_G2_M_TRANSITION_CHECKPOINT"",""NES"":0.5441588902558685,""FDR"":0.995897619619428,""leading_edge_n"":15,""qualified"":false},{""term_id"":""GOBP_NEGATIVE_REGULATION_OF_CELL_CYCLE"",""NES"":1.2378903189239618,""FDR"":0.3151737660299102,""leading_edge_n"":83,""qualified"":false},{""term_id"":""GOBP_NEGATIVE_REGULATION_OF_CELL_CYCLE_G2_M_PHASE_TRANSITION"",""NES"":0.7936231588600821,""FDR"":0.889639828183659,""leading_edge_n"":22,""qualified"":false},{""term_id"":""GOBP_NEGATIVE_REGULATION_OF_CELL_CYCLE_PROCESS"",""NES"":1.031488097131385,""FDR"":0.5587014431510814,""leading_edge_n"":60,""qualified"":false},{""term_id"":""GOBP_NEGATIVE_REGULATION_OF_MITOTIC_CELL_CYCLE"",""NES"":0.8805445557338241,""FDR"":0.7865013835135677,""leading_edge_n"":50,""qualified"":false},{""term_id"":""GOBP_NEGATIVE_REGULATION_OF_MITOTIC_CELL_CYCLE_PHASE_TRANSITION"",""NES"":0.8137977370187927,""FDR"":0.8695536892562087,""leading_edge_n"":37,""qualified"":false},{""term_id"":""GOBP_REGULATION_OF_CELL_CYCLE_G1_S_PHASE_TRANSITION"",""NES"":1.190390000383862,""FDR"":0.3653002516998397,""leading_edge_n"":57,""qualified"":false},{""term_id"":""GOBP_REGULATION_OF_CELL_CYCLE_G2_M_PHASE_TRANSITION"",""NES"":0.9697951612114984,""FDR"":0.6498260676324306,""leading_edge_n"":26,""qualified"":false},{""term_id"":""GOBP_REGULATION_OF_CELL_CYCLE_PHASE_TRANSITION"",""NES"":1.1048022514087532,""FDR"":0.4642745484864338,""leading_edge_n"":99,""qualified"":false},{""term_id"":""GOBP_REGULATION_OF_MITOTIC_CELL_CYCLE"",""NES"":1.1451954012142245,""FDR"":0.4139828213253892,""leading_edge_n"":128,""qualified"":false},{""term_id"":""GOBP_REGULATION_OF_MITOTIC_CELL_CYCLE_PHASE_TRANSITION"",""NES"":1.0037779382389649,""FDR"":0.5995092234033943,""leading_edge_n"":73,""qualified"":false}]"
EXP001_vs_sensitivity,P,P009,EXP001,0.5,1,GOBP_CELL_CYCLE_DNA_REPLICATION,1,POSITIVE,"[{""term_id"":""GOBP_CELL_CYCLE_DNA_REPLICATION"",""NES"":2.4688789966290337,""FDR"":0.0,""leading_edge_n"":25,""qualified"":true}]"
EXP001_vs_sensitivity,P,P009,sensitivity,0.5,1,GOBP_CELL_CYCLE_DNA_REPLICATION,0,INACTIVE,"[{""term_id"":""GOBP_CELL_CYCLE_DNA_REPLICATION"",""NES"":1.016782135692641,""FDR"":0.5791058848615589,""leading_edge_n"":17,""qualified"":false}]"
EXP001_vs_sensitivity,P,P010,EXP001,0.5,1,GOBP_CELL_PROLIFERATION_INVOLVED_IN_HEART_MORPHOGENESIS,0,INACTIVE,"[{""term_id"":""GOBP_CELL_PROLIFERATION_INVOLVED_IN_HEART_MORPHOGENESIS"",""NES"":1.152492463030773,""FDR"":0.3932929102360106,""leading_edge_n"":8,""qualified"":false}]"
EXP001_vs_sensitivity,P,P010,sensitivity,0.5,1,GOBP_CELL_PROLIFERATION_INVOLVED_IN_HEART_MORPHOGENESIS,0,INACTIVE,"[{""term_id"":""GOBP_CELL_PROLIFERATION_INVOLVED_IN_HEART_MORPHOGENESIS"",""NES"":1.166763882427052,""FDR"":0.3900058286771978,""leading_edge_n"":9,""qualified"":false}]"
EXP001_vs_sensitivity,P,P011,EXP001,0.5,1,GOBP_CELL_PROLIFERATION_INVOLVED_IN_KIDNEY_DEVELOPMENT,0,INACTIVE,"[{""term_id"":""GOBP_CELL_PROLIFERATION_INVOLVED_IN_KIDNEY_DEVELOPMENT"",""NES"":-1.4401194637661308,""FDR"":0.1553744355650403,""leading_edge_n"":10,""qualified"":false}]"
EXP001_vs_sensitivity,P,P011,sensitivity,0.5,1,GOBP_CELL_PROLIFERATION_INVOLVED_IN_KIDNEY_DEVELOPMENT,0,INACTIVE,"[{""term_id"":""GOBP_CELL_PROLIFERATION_INVOLVED_IN_KIDNEY_DEVELOPMENT"",""NES"":1.3778230109161174,""FDR"":0.1992715297136517,""leading_edge_n"":5,""qualified"":false}]"
EXP001_vs_sensitivity,P,P012,EXP001,0.5,1,GOBP_CELL_PROLIFERATION_IN_FOREBRAIN,0,INACTIVE,"[{""term_id"":""GOBP_CELL_PROLIFERATION_IN_FOREBRAIN"",""NES"":-1.1086166828650126,""FDR"":0.4181050879410766,""leading_edge_n"":6,""qualified"":false}]"
EXP001_vs_sensitivity,P,P012,sensitivity,0.5,1,GOBP_CELL_PROLIFERATION_IN_FOREBRAIN,0,INACTIVE,"[{""term_id"":""GOBP_CELL_PROLIFERATION_IN_FOREBRAIN"",""NES"":-1.022463243814857,""FDR"":0.6864781640522447,""leading_edge_n"":6,""qualified"":false}]"
EXP001_vs_sensitivity,P,P013,EXP001,0.5,4,GOBP_CHROMOSOME_ORGANIZATION_INVOLVED_IN_MEIOTIC_CELL_CYCLE;GOBP_HOMOLOGOUS_CHROMOSOME_PAIRING_AT_MEIOSIS;GOBP_HOMOLOGOUS_CHROMOSOME_SEGREGATION;GOBP_MEIOTIC_CHROMOSOME_SEGREGATION,3,POSITIVE,"[{""term_id"":""GOBP_CHROMOSOME_ORGANIZATION_INVOLVED_IN_MEIOTIC_CELL_CYCLE"",""NES"":1.8528723962929852,""FDR"":0.0034883003266123,""leading_edge_n"":14,""qualified"":true},{""term_id"":""GOBP_HOMOLOGOUS_CHROMOSOME_PAIRING_AT_MEIOSIS"",""NES"":1.3798663122936228,""FDR"":0.160374635804614,""leading_edge_n"":9,""qualified"":false},{""term_id"":""GOBP_HOMOLOGOUS_CHROMOSOME_SEGREGATION"",""NES"":1.950933882494989,""FDR"":0.0008778832518424,""leading_edge_n"":16,""qualified"":true},{""term_id"":""GOBP_MEIOTIC_CHROMOSOME_SEGREGATION"",""NES"":2.398057291606849,""FDR"":0.0,""leading_edge_n"":26,""qualified"":true}]"
EXP001_vs_sensitivity,P,P013,sensitivity,0.5,4,GOBP_CHROMOSOME_ORGANIZATION_INVOLVED_IN_MEIOTIC_CELL_CYCLE;GOBP_HOMOLOGOUS_CHROMOSOME_PAIRING_AT_MEIOSIS;GOBP_HOMOLOGOUS_CHROMOSOME_SEGREGATION;GOBP_MEIOTIC_CHROMOSOME_SEGREGATION,0,INACTIVE,"[{""term_id"":""GOBP_CHROMOSOME_ORGANIZATION_INVOLVED_IN_MEIOTIC_CELL_CYCLE"",""NES"":-0.8760290149208859,""FDR"":0.8643608157881281,""leading_edge_n"":9,""qualified"":false},{""term_id"":""GOBP_HOMOLOGOUS_CHROMOSOME_PAIRING_AT_MEIOSIS"",""NES"":0.6662777889934854,""FDR"":0.9753350647675536,""leading_edge_n"":17,""qualified"":false},{""term_id"":""GOBP_HOMOLOGOUS_CHROMOSOME_SEGREGATION"",""NES"":-0.7448746559284196,""FDR"":0.9635290090821316,""leading_edge_n"":8,""qualified"":false},{""term_id"":""GOBP_MEIOTIC_CHROMOSOME_SEGREGATION"",""NES"":-0.7496771656163507,""FDR"":0.9608062342681304,""leading_edge_n"":9,""qualified"":false}]"
EXP001_vs_sensitivity,P,P014,EXP001,0.5,4,GOBP_CHROMOSOME_SEGREGATION;GOBP_MITOTIC_NUCLEAR_DIVISION;GOBP_MITOTIC_SISTER_CHROMATID_SEGREGATION;GOBP_NUCLEAR_CHROMOSOME_SEGREGATION,4,POSITIVE,"[{""term_id"":""GOBP_CHROMOSOME_SEGREGATION"",""NES"":2.6860353042655274,""FDR"":0.0,""leading_edge_n"":148,""qualified"":true},{""term_id"":""GOBP_MITOTIC_NUCLEAR_DIVISION"",""NES"":2.6270396397512537,""FDR"":0.0,""leading_edge_n"":102,""qualified"":true},{""term_id"":""GOBP_MITOTIC_SISTER_CHROMATID_SEGREGATION"",""NES"":2.81379508474579,""FDR"":0.0,""leading_edge_n"":70,""qualified"":true},{""term_id"":""GOBP_NUCLEAR_CHROMOSOME_SEGREGATION"",""NES"":2.769717257324896,""FDR"":0.0,""leading_edge_n"":116,""qualified"":true}]"
EXP001_vs_sensitivity,P,P014,sensitivity,0.5,4,GOBP_CHROMOSOME_SEGREGATION;GOBP_MITOTIC_NUCLEAR_DIVISION;GOBP_MITOTIC_SISTER_CHROMATID_SEGREGATION;GOBP_NUCLEAR_CHROMOSOME_SEGREGATION,0,INACTIVE,"[{""term_id"":""GOBP_CHROMOSOME_SEGREGATION"",""NES"":-0.9465003494814012,""FDR"":0.7758205784425146,""leading_edge_n"":59,""qualified"":false},{""term_id"":""GOBP_MITOTIC_NUCLEAR_DIVISION"",""NES"":-1.0699038250563495,""FDR"":0.6273755827863744,""leading_edge_n"":55,""qualified"":false},{""term_id"":""GOBP_MITOTIC_SISTER_CHROMATID_SEGREGATION"",""NES"":-1.1807378424317416,""FDR"":0.5105065918026892,""leading_edge_n"":32,""qualified"":false},{""term_id"":""GOBP_NUCLEAR_CHROMOSOME_SEGREGATION"",""NES"":-1.0587429900385068,""FDR"":0.6354978229701281,""leading_edge_n"":45,""qualified"":false}]"
EXP001_vs_sensitivity,P,P015,EXP001,0.5,4,GOBP_CYTOKINESIS;GOBP_CYTOSKELETON_DEPENDENT_CYTOKINESIS;GOBP_MITOTIC_CYTOKINESIS;GOBP_REGULATION_OF_CYTOKINESIS,4,POSITIVE,"[{""term_id"":""GOBP_CYTOKINESIS"",""NES"":2.1396436597220503,""FDR"":2.665771831763385e-05,""leading_edge_n"":36,""qualified"":true},{""term_id"":""GOBP_CYTOSKELETON_DEPENDENT_CYTOKINESIS"",""NES"":2.1041516256279427,""FDR"":5.6202128784580536e-05,""leading_edge_n"":22,""qualified"":true},{""term_id"":""GOBP_MITOTIC_CYTOKINESIS"",""NES"":2.1355235870023184,""FDR"":3.139686824076875e-05,""leading_edge_n"":23,""qualified"":true},{""term_id"":""GOBP_REGULATION_OF_CYTOKINESIS"",""NES"":2.2620349319894983,""FDR"":8.23024701457045e-06,""leading_edge_n"":25,""qualified"":true}]"
EXP001_vs_sensitivity,P,P015,sensitivity,0.5,4,GOBP_CYTOKINESIS;GOBP_CYTOSKELETON_DEPENDENT_CYTOKINESIS;GOBP_MITOTIC_CYTOKINESIS;GOBP_REGULATION_OF_CYTOKINESIS,0,INACTIVE,"[{""term_id"":""GOBP_CYTOKINESIS"",""NES"":-1.0435093401614937,""FDR"":0.6537798647222671,""leading_edge_n"":44,""qualified"":false},{""term_id"":""GOBP_CYTOSKELETON_DEPENDENT_CYTOKINESIS"",""NES"":-1.0646449234379172,""FDR"":0.6288412672243614,""leading_edge_n"":30,""qualified"":false},{""term_id"":""GOBP_MITOTIC_CYTOKINESIS"",""NES"":0.8002088906061693,""FDR"":0.8845947631581257,""leading_edge_n"":18,""qualified"":false},{""term_id"":""GOBP_REGULATION_OF_CYTOKINESIS"",""NES"":-0.9360716169786568,""FDR"":0.7890406031013548,""leading_edge_n"":20,""qualified"":false}]"
EXP001_vs_sensitivity,P,P016,EXP001,0.5,2,GOBP_DNA_REPLICATION;GOBP_DNA_TEMPLATED_DNA_REPLICATION,2,POSITIVE,"[{""term_id"":""GOBP_DNA_REPLICATION"",""NES"":2.6523780607960425,""FDR"":0.0,""leading_edge_n"":134,""qualified"":true},{""term_id"":""GOBP_DNA_TEMPLATED_DNA_REPLICATION"",""NES"":2.75607004274238,""FDR"":0.0,""leading_edge_n"":84,""qualified"":true}]"
EXP001_vs_sensitivity,P,P016,sensitivity,0.5,2,GOBP_DNA_REPLICATION;GOBP_DNA_TEMPLATED_DNA_REPLICATION,0,INACTIVE,"[{""term_id"":""GOBP_DNA_REPLICATION"",""NES"":0.8852773873510148,""FDR"":0.7796835618817501,""leading_edge_n"":90,""qualified"":false},{""term_id"":""GOBP_DNA_TEMPLATED_DNA_REPLICATION"",""NES"":0.7849579384628566,""FDR"":0.8965017894109542,""leading_edge_n"":58,""qualified"":false}]"
EXP001_vs_sensitivity,P,P017,EXP001,0.5,1,GOBP_DNA_REPLICATION_CHECKPOINT_SIGNALING,1,POSITIVE,"[{""term_id"":""GOBP_DNA_REPLICATION_CHECKPOINT_SIGNALING"",""NES"":2.176260852147584,""FDR"":1.2747600639109118e-05,""leading_edge_n"":15,""qualified"":true}]"
EXP001_vs_sensitivity,P,P017,sensitivity,0.5,1,GOBP_DNA_REPLICATION_CHECKPOINT_SIGNALING,0,INACTIVE,"[{""term_id"":""GOBP_DNA_REPLICATION_CHECKPOINT_SIGNALING"",""NES"":0.866763844355414,""FDR"":0.8071648992365683,""leading_edge_n"":8,""qualified"":false}]"
EXP001_vs_sensitivity,P,P018,EXP001,0.5,1,GOBP_DNA_REPLICATION_INITIATION,1,POSITIVE,"[{""term_id"":""GOBP_DNA_REPLICATION_INITIATION"",""NES"":2.2509088533547743,""FDR"":8.151110024045734e-06,""leading_edge_n"":21,""qualified"":true}]"
EXP001_vs_sensitivity,P,P018,sensitivity,0.5,1,GOBP_DNA_REPLICATION_INITIATION,0,INACTIVE,"[{""term_id"":""GOBP_DNA_REPLICATION_INITIATION"",""NES"":0.6278309870132549,""FDR"":0.9866363871883236,""leading_edge_n"":15,""qualified"":false}]"
EXP001_vs_sensitivity,P,P019,EXP001,0.5,1,GOBP_DNA_STRAND_ELONGATION_INVOLVED_IN_DNA_REPLICATION,1,POSITIVE,"[{""term_id"":""GOBP_DNA_STRAND_ELONGATION_INVOLVED_IN_DNA_REPLICATION"",""NES"":2.2672413528385373,""FDR"":8.310935710791729e-06,""leading_edge_n"":14,""qualified"":true}]"
EXP001_vs_sensitivity,P,P019,sensitivity,0.5,1,GOBP_DNA_STRAND_ELONGATION_INVOLVED_IN_DNA_REPLICATION,0,INACTIVE,"[{""term_id"":""GOBP_DNA_STRAND_ELONGATION_INVOLVED_IN_DNA_REPLICATION"",""NES"":1.012732261255926,""FDR"":0.5852729096531657,""leading_edge_n"":6,""qualified"":false}]"
EXP001_vs_sensitivity,P,P020,EXP001,0.5,1,GOBP_DNA_SYNTHESIS_INVOLVED_IN_DNA_REPLICATION,1,POSITIVE,"[{""term_id"":""GOBP_DNA_SYNTHESIS_INVOLVED_IN_DNA_REPLICATION"",""NES"":2.011881116165149,""FDR"":0.000323281312818,""leading_edge_n"":12,""qualified"":true}]"
EXP001_vs_sensitivity,P,P020,sensitivity,0.5,1,GOBP_DNA_SYNTHESIS_INVOLVED_IN_DNA_REPLICATION,0,INACTIVE,"[{""term_id"":""GOBP_DNA_SYNTHESIS_INVOLVED_IN_DNA_REPLICATION"",""NES"":1.1379263608927424,""FDR"":0.422468678491691,""leading_edge_n"":10,""qualified"":false}]"
EXP001_vs_sensitivity,P,P021,EXP001,0.5,1,GOBP_DNA_TEMPLATED_DNA_REPLICATION_MAINTENANCE_OF_FIDELITY,1,POSITIVE,"[{""term_id"":""GOBP_DNA_TEMPLATED_DNA_REPLICATION_MAINTENANCE_OF_FIDELITY"",""NES"":2.477372955062547,""FDR"":0.0,""leading_edge_n"":36,""qualified"":true}]"
EXP001_vs_sensitivity,P,P021,sensitivity,0.5,1,GOBP_DNA_TEMPLATED_DNA_REPLICATION_MAINTENANCE_OF_FIDELITY,0,INACTIVE,"[{""term_id"":""GOBP_DNA_TEMPLATED_DNA_REPLICATION_MAINTENANCE_OF_FIDELITY"",""NES"":-0.6678171835553594,""FDR"":0.9842980175212782,""leading_edge_n"":22,""qualified"":false}]"
EXP001_vs_sensitivity,P,P022,EXP001,0.5,5,GOBP_ENDOTHELIAL_CELL_PROLIFERATION;GOBP_EPITHELIAL_CELL_PROLIFERATION;GOBP_POSITIVE_REGULATION_OF_ENDOTHELIAL_CELL_PROLIFERATION;GOBP_POSITIVE_REGULATION_OF_EPITHELIAL_CELL_PROLIFERATION;GOBP_REGULATION_OF_EPITHELIAL_CELL_PROLIFERATION,0,INACTIVE,"[{""term_id"":""GOBP_ENDOTHELIAL_CELL_PROLIFERATION"",""NES"":-1.573625394162179,""FDR"":0.1048423046430848,""leading_edge_n"":32,""qualified"":false},{""term_id"":""GOBP_EPITHELIAL_CELL_PROLIFERATION"",""NES"":-1.5841014628365628,""FDR"":0.1013100065250441,""leading_edge_n"":92,""qualified"":false},{""term_id"":""GOBP_POSITIVE_REGULATION_OF_ENDOTHELIAL_CELL_PROLIFERATION"",""NES"":-1.3826784109466674,""FDR"":0.1883079698345967,""leading_edge_n"":20,""qualified"":false},{""term_id"":""GOBP_POSITIVE_REGULATION_OF_EPITHELIAL_CELL_PROLIFERATION"",""NES"":-1.3590155017900012,""FDR"":0.2021898019103324,""leading_edge_n"":42,""qualified"":false},{""term_id"":""GOBP_REGULATION_OF_EPITHELIAL_CELL_PROLIFERATION"",""NES"":-1.5705705989278431,""FDR"":0.1052382550305251,""leading_edge_n"":75,""qualified"":false}]"
EXP001_vs_sensitivity,P,P022,sensitivity,0.5,5,GOBP_ENDOTHELIAL_CELL_PROLIFERATION;GOBP_EPITHELIAL_CELL_PROLIFERATION;GOBP_POSITIVE_REGULATION_OF_ENDOTHELIAL_CELL_PROLIFERATION;GOBP_POSITIVE_REGULATION_OF_EPITHELIAL_CELL_PROLIFERATION;GOBP_REGULATION_OF_EPITHELIAL_CELL_PROLIFERATION,0,INACTIVE,"[{""term_id"":""GOBP_ENDOTHELIAL_CELL_PROLIFERATION"",""NES"":1.305820169926504,""FDR"":0.2561789477352645,""leading_edge_n"":31,""qualified"":false},{""term_id"":""GOBP_EPITHELIAL_CELL_PROLIFERATION"",""NES"":1.6831092145869877,""FDR"":0.0602860198435136,""leading_edge_n"":92,""qualified"":false},{""term_id"":""GOBP_POSITIVE_REGULATION_OF_ENDOTHELIAL_CELL_PROLIFERATION"",""NES"":-1.0794216408602813,""FDR"":0.6220432667430479,""leading_edge_n"":14,""qualified"":false},{""term_id"":""GOBP_POSITIVE_REGULATION_OF_EPITHELIAL_CELL_PROLIFERATION"",""NES"":1.2732115523862542,""FDR"":0.2841986115761483,""leading_edge_n"":26,""qualified"":false},{""term_id"":""GOBP_REGULATION_OF_EPITHELIAL_CELL_PROLIFERATION"",""NES"":1.567772665882429,""FDR"":0.1014503022383289,""leading_edge_n"":73,""qualified"":false}]"
EXP001_vs_sensitivity,P,P023,EXP001,0.5,3,GOBP_ESTABLISHMENT_OF_MITOTIC_SPINDLE_LOCALIZATION;GOBP_ESTABLISHMENT_OF_SPINDLE_ORIENTATION;GOBP_SPINDLE_LOCALIZATION,3,POSITIVE,"[{""term_id"":""GOBP_ESTABLISHMENT_OF_MITOTIC_SPINDLE_LOCALIZATION"",""NES"":1.7029304366736058,""FDR"":0.017657020335246,""leading_edge_n"":13,""qualified"":true},{""term_id"":""GOBP_ESTABLISHMENT_OF_SPINDLE_ORIENTATION"",""NES"":1.759757695365339,""FDR"":0.0100034547351062,""leading_edge_n"":13,""qualified"":true},{""term_id"":""GOBP_SPINDLE_LOCALIZATION"",""NES"":1.849989589013096,""FDR"":0.0035876094801536,""leading_edge_n"":19,""qualified"":true}]"
EXP001_vs_sensitivity,P,P023,sensitivity,0.5,3,GOBP_ESTABLISHMENT_OF_MITOTIC_SPINDLE_LOCALIZATION;GOBP_ESTABLISHMENT_OF_SPINDLE_ORIENTATION;GOBP_SPINDLE_LOCALIZATION,0,INACTIVE,"[{""term_id"":""GOBP_ESTABLISHMENT_OF_MITOTIC_SPINDLE_LOCALIZATION"",""NES"":1.499143757402246,""FDR"":0.1308223957419493,""leading_edge_n"":11,""qualified"":false},{""term_id"":""GOBP_ESTABLISHMENT_OF_SPINDLE_ORIENTATION"",""NES"":1.6228982032237649,""FDR"":0.0795142232468987,""leading_edge_n"":12,""qualified"":false},{""term_id"":""GOBP_SPINDLE_LOCALIZATION"",""NES"":1.3490913254032322,""FDR"":0.2222330000367612,""leading_edge_n"":16,""qualified"":false}]"
EXP001_vs_sensitivity,P,P024,EXP001,0.5,2,GOBP_GLIAL_CELL_PROLIFERATION;GOBP_REGULATION_OF_GLIAL_CELL_PROLIFERATION,0,INACTIVE,"[{""term_id"":""GOBP_GLIAL_CELL_PROLIFERATION"",""NES"":-0.965753132642397,""FDR"":0.6202623368219166,""leading_edge_n"":9,""qualified"":false},{""term_id"":""GOBP_REGULATION_OF_GLIAL_CELL_PROLIFERATION"",""NES"":-1.066159167237004,""FDR"":0.4729705715170166,""leading_edge_n"":4,""qualified"":false}]"
EXP001_vs_sensitivity,P,P024,sensitivity,0.5,2,GOBP_GLIAL_CELL_PROLIFERATION;GOBP_REGULATION_OF_GLIAL_CELL_PROLIFERATION,0,INACTIVE,"[{""term_id"":""GOBP_GLIAL_CELL_PROLIFERATION"",""NES"":1.0326547337844982,""FDR"":0.5568883587557067,""leading_edge_n"":10,""qualified"":false},{""term_id"":""GOBP_REGULATION_OF_GLIAL_CELL_PROLIFERATION"",""NES"":0.8588930554164882,""FDR"":0.8172828840724164,""leading_edge_n"":4,""qualified"":false}]"
EXP001_vs_sensitivity,P,P025,EXP001,0.5,1,GOBP_HEMATOPOIETIC_STEM_CELL_PROLIFERATION,0,INACTIVE,"[{""term_id"":""GOBP_HEMATOPOIETIC_STEM_CELL_PROLIFERATION"",""NES"":-1.350050740520718,""FDR"":0.2066118702704117,""leading_edge_n"":4,""qualified"":false}]"
EXP001_vs_sensitivity,P,P025,sensitivity,0.5,1,GOBP_HEMATOPOIETIC_STEM_CELL_PROLIFERATION,0,INACTIVE,"[{""term_id"":""GOBP_HEMATOPOIETIC_STEM_CELL_PROLIFERATION"",""NES"":1.3256343678324414,""FDR"":0.2400872780285971,""leading_edge_n"":7,""qualified"":false}]"
EXP001_vs_sensitivity,P,P026,EXP001,0.5,1,GOBP_INNER_CELL_MASS_CELL_PROLIFERATION,0,INACTIVE,"[{""term_id"":""GOBP_INNER_CELL_MASS_CELL_PROLIFERATION"",""NES"":1.504928849065189,""FDR"":0.07987882441265,""leading_edge_n"":5,""qualified"":false}]"
EXP001_vs_sensitivity,P,P026,sensitivity,0.5,1,GOBP_INNER_CELL_MASS_CELL_PROLIFERATION,0,INACTIVE,"[{""term_id"":""GOBP_INNER_CELL_MASS_CELL_PROLIFERATION"",""NES"":0.9204085125798064,""FDR"":0.7270068486023679,""leading_edge_n"":5,""qualified"":false}]"
EXP001_vs_sensitivity,P,P027,EXP001,0.5,1,GOBP_MALE_MEIOSIS_I,0,INACTIVE,"[{""term_id"":""GOBP_MALE_MEIOSIS_I"",""NES"":1.3060461247802548,""FDR"":0.2243697094774904,""leading_edge_n"":7,""qualified"":false}]"
EXP001_vs_sensitivity,P,P027,sensitivity,0.5,1,GOBP_MALE_MEIOSIS_I,0,INACTIVE,"[{""term_id"":""GOBP_MALE_MEIOSIS_I"",""NES"":0.8588445274768325,""FDR"":0.81709177013533,""leading_edge_n"":7,""qualified"":false}]"
EXP001_vs_sensitivity,P,P028,EXP001,0.5,1,GOBP_MAMMARY_GLAND_EPITHELIAL_CELL_PROLIFERATION,0,INACTIVE,"[{""term_id"":""GOBP_MAMMARY_GLAND_EPITHELIAL_CELL_PROLIFERATION"",""NES"":1.3783966066296875,""FDR"":0.1615830732253951,""leading_edge_n"":8,""qualified"":false}]"
EXP001_vs_sensitivity,P,P028,sensitivity,0.5,1,GOBP_MAMMARY_GLAND_EPITHELIAL_CELL_PROLIFERATION,0,INACTIVE,"[{""term_id"":""GOBP_MAMMARY_GLAND_EPITHELIAL_CELL_PROLIFERATION"",""NES"":1.6737794556801118,""FDR"":0.0636742937320817,""leading_edge_n"":8,""qualified"":false}]"
EXP001_vs_sensitivity,P,P029,EXP001,0.5,3,GOBP_MEIOSIS_I_CELL_CYCLE_PROCESS;GOBP_MEIOTIC_CELL_CYCLE;GOBP_MEIOTIC_CELL_CYCLE_PROCESS,3,POSITIVE,"[{""term_id"":""GOBP_MEIOSIS_I_CELL_CYCLE_PROCESS"",""NES"":2.354296981460414,""FDR"":0.0,""leading_edge_n"":30,""qualified"":true},{""term_id"":""GOBP_MEIOTIC_CELL_CYCLE"",""NES"":2.3034334253943443,""FDR"":0.0,""leading_edge_n"":81,""qualified"":true},{""term_id"":""GOBP_MEIOTIC_CELL_CYCLE_PROCESS"",""NES"":2.3578729236959024,""FDR"":0.0,""leading_edge_n"":60,""qualified"":true}]"
EXP001_vs_sensitivity,P,P029,sensitivity,0.5,3,GOBP_MEIOSIS_I_CELL_CYCLE_PROCESS;GOBP_MEIOTIC_CELL_CYCLE;GOBP_MEIOTIC_CELL_CYCLE_PROCESS,0,INACTIVE,"[{""term_id"":""GOBP_MEIOSIS_I_CELL_CYCLE_PROCESS"",""NES"":-0.7928532727125579,""FDR"":0.9315975367517124,""leading_edge_n"":16,""qualified"":false},{""term_id"":""GOBP_MEIOTIC_CELL_CYCLE"",""NES"":0.9190607494173424,""FDR"":0.7290853774272611,""leading_edge_n"":63,""qualified"":false},{""term_id"":""GOBP_MEIOTIC_CELL_CYCLE_PROCESS"",""NES"":0.7491461883264827,""FDR"":0.9275093913533948,""leading_edge_n"":42,""qualified"":false}]"
EXP001_vs_sensitivity,P,P030,EXP001,0.5,2,GOBP_MEIOTIC_SPINDLE_ASSEMBLY;GOBP_MEIOTIC_SPINDLE_ORGANIZATION,2,POSITIVE,"[{""term_id"":""GOBP_MEIOTIC_SPINDLE_ASSEMBLY"",""NES"":2.006151795435748,""FDR"":0.000350295637397,""leading_edge_n"":10,""qualified"":true},{""term_id"":""GOBP_MEIOTIC_SPINDLE_ORGANIZATION"",""NES"":2.0974847101832346,""FDR"":6.312774571814143e-05,""leading_edge_n"":13,""qualified"":true}]"
EXP001_vs_sensitivity,P,P030,sensitivity,0.5,2,GOBP_MEIOTIC_SPINDLE_ASSEMBLY;GOBP_MEIOTIC_SPINDLE_ORGANIZATION,0,INACTIVE,"[{""term_id"":""GOBP_MEIOTIC_SPINDLE_ASSEMBLY"",""NES"":0.7010171542282392,""FDR"":0.9589171381867764,""leading_edge_n"":6,""qualified"":false},{""term_id"":""GOBP_MEIOTIC_SPINDLE_ORGANIZATION"",""NES"":-0.8105276399088268,""FDR"":0.9213804623649086,""leading_edge_n"":4,""qualified"":false}]"
EXP001_vs_sensitivity,P,P031,EXP001,0.5,3,GOBP_MESENCHYMAL_CELL_PROLIFERATION;GOBP_POSITIVE_REGULATION_OF_MESENCHYMAL_CELL_PROLIFERATION;GOBP_REGULATION_OF_MESENCHYMAL_CELL_PROLIFERATION,0,INACTIVE,"[{""term_id"":""GOBP_MESENCHYMAL_CELL_PROLIFERATION"",""NES"":-1.4999732643684425,""FDR"":0.1306681546323987,""leading_edge_n"":19,""qualified"":false},{""term_id"":""GOBP_POSITIVE_REGULATION_OF_MESENCHYMAL_CELL_PROLIFERATION"",""NES"":-1.2395766118136418,""FDR"":0.2886470739243289,""leading_edge_n"":12,""qualified"":false},{""term_id"":""GOBP_REGULATION_OF_MESENCHYMAL_CELL_PROLIFERATION"",""NES"":-1.4154503416549349,""FDR"":0.1676257855377035,""leading_edge_n"":14,""qualified"":false}]"
EXP001_vs_sensitivity,P,P031,sensitivity,0.5,3,GOBP_MESENCHYMAL_CELL_PROLIFERATION;GOBP_POSITIVE_REGULATION_OF_MESENCHYMAL_CELL_PROLIFERATION;GOBP_REGULATION_OF_MESENCHYMAL_CELL_PROLIFERATION,3,POSITIVE,"[{""term_id"":""GOBP_MESENCHYMAL_CELL_PROLIFERATION"",""NES"":2.0064156165602296,""FDR"":0.0100699392795997,""leading_edge_n"":16,""qualified"":true},{""term_id"":""GOBP_POSITIVE_REGULATION_OF_MESENCHYMAL_CELL_PROLIFERATION"",""NES"":1.898312893826266,""FDR"":0.018045875970204,""leading_edge_n"":11,""qualified"":true},{""term_id"":""GOBP_REGULATION_OF_MESENCHYMAL_CELL_PROLIFERATION"",""NES"":1.933273307030772,""FDR"":0.0135471263654004,""leading_edge_n"":13,""qualified"":true}]"
EXP001_vs_sensitivity,P,P032,EXP001,0.5,1,GOBP_MITOCHONDRIAL_DNA_REPLICATION,1,POSITIVE,"[{""term_id"":""GOBP_MITOCHONDRIAL_DNA_REPLICATION"",""NES"":1.683152871680936,""FDR"":0.0212291132181813,""leading_edge_n"":6,""qualified"":true}]"
EXP001_vs_sensitivity,P,P032,sensitivity,0.5,1,GOBP_MITOCHONDRIAL_DNA_REPLICATION,0,INACTIVE,"[{""term_id"":""GOBP_MITOCHONDRIAL_DNA_REPLICATION"",""NES"":0.6457704221328557,""FDR"":0.9819465284213998,""leading_edge_n"":7,""qualified"":false}]"
EXP001_vs_sensitivity,P,P033,EXP001,0.5,1,GOBP_MITOTIC_CHROMOSOME_CONDENSATION,1,POSITIVE,"[{""term_id"":""GOBP_MITOTIC_CHROMOSOME_CONDENSATION"",""NES"":2.100049003058009,""FDR"":5.4986947621670686e-05,""leading_edge_n"":8,""qualified"":true}]"
EXP001_vs_sensitivity,P,P033,sensitivity,0.5,1,GOBP_MITOTIC_CHROMOSOME_CONDENSATION,0,INACTIVE,"[{""term_id"":""GOBP_MITOTIC_CHROMOSOME_CONDENSATION"",""NES"":-1.0065013702580994,""FDR"":0.6998349463107016,""leading_edge_n"":4,""qualified"":false}]"
EXP001_vs_sensitivity,P,P034,EXP001,0.5,1,GOBP_MITOTIC_CYTOKINETIC_PROCESS,1,POSITIVE,"[{""term_id"":""GOBP_MITOTIC_CYTOKINETIC_PROCESS"",""NES"":1.9586316964450443,""FDR"":0.000788932254882,""leading_edge_n"":9,""qualified"":true}]"
EXP001_vs_sensitivity,P,P034,sensitivity,0.5,1,GOBP_MITOTIC_CYTOKINETIC_PROCESS,0,INACTIVE,"[{""term_id"":""GOBP_MITOTIC_CYTOKINETIC_PROCESS"",""NES"":-0.6822632254116978,""FDR"":0.986513827743406,""leading_edge_n"":11,""qualified"":false}]"
EXP001_vs_sensitivity,P,P035,EXP001,0.5,1,GOBP_MITOTIC_DNA_REPLICATION,1,POSITIVE,"[{""term_id"":""GOBP_MITOTIC_DNA_REPLICATION"",""NES"":2.1451343150602846,""FDR"":2.717036674681912e-05,""leading_edge_n"":12,""qualified"":true}]"
EXP001_vs_sensitivity,P,P035,sensitivity,0.5,1,GOBP_MITOTIC_DNA_REPLICATION,0,INACTIVE,"[{""term_id"":""GOBP_MITOTIC_DNA_REPLICATION"",""NES"":0.7690210016147756,""FDR"":0.9119191429063443,""leading_edge_n"":7,""qualified"":false}]"
EXP001_vs_sensitivity,P,P036,EXP001,0.5,1,GOBP_MITOTIC_G1_S_TRANSITION_CHECKPOINT_SIGNALING,0,INACTIVE,"[{""term_id"":""GOBP_MITOTIC_G1_S_TRANSITION_CHECKPOINT_SIGNALING"",""NES"":1.19732557012693,""FDR"":0.3392388759750891,""leading_edge_n"":4,""qualified"":false}]"
EXP001_vs_sensitivity,P,P036,sensitivity,0.5,1,GOBP_MITOTIC_G1_S_TRANSITION_CHECKPOINT_SIGNALING,0,INACTIVE,"[{""term_id"":""GOBP_MITOTIC_G1_S_TRANSITION_CHECKPOINT_SIGNALING"",""NES"":-0.8751313643129113,""FDR"":0.8657248993050094,""leading_edge_n"":2,""qualified"":false}]"
EXP001_vs_sensitivity,P,P037,EXP001,0.5,1,GOBP_MITOTIC_INTRA_S_DNA_DAMAGE_CHECKPOINT_SIGNALING,1,POSITIVE,"[{""term_id"":""GOBP_MITOTIC_INTRA_S_DNA_DAMAGE_CHECKPOINT_SIGNALING"",""NES"":1.8441072116807944,""FDR"":0.0038855625664765,""leading_edge_n"":11,""qualified"":true}]"
EXP001_vs_sensitivity,P,P037,sensitivity,0.5,1,GOBP_MITOTIC_INTRA_S_DNA_DAMAGE_CHECKPOINT_SIGNALING,0,INACTIVE,"[{""term_id"":""GOBP_MITOTIC_INTRA_S_DNA_DAMAGE_CHECKPOINT_SIGNALING"",""NES"":0.7908277749115998,""FDR"":0.8918338950080443,""leading_edge_n"":9,""qualified"":false}]"
EXP001_vs_sensitivity,P,P038,EXP001,0.5,1,GOBP_MITOTIC_METAPHASE_CHROMOSOME_ALIGNMENT,1,POSITIVE,"[{""term_id"":""GOBP_MITOTIC_METAPHASE_CHROMOSOME_ALIGNMENT"",""NES"":2.6052818223401184,""FDR"":0.0,""leading_edge_n"":23,""qualified"":true}]"
EXP001_vs_sensitivity,P,P038,sensitivity,0.5,1,GOBP_MITOTIC_METAPHASE_CHROMOSOME_ALIGNMENT,0,INACTIVE,"[{""term_id"":""GOBP_MITOTIC_METAPHASE_CHROMOSOME_ALIGNMENT"",""NES"":0.5481827840562683,""FDR"":0.995560915682451,""leading_edge_n"":15,""qualified"":false}]"
EXP001_vs_sensitivity,P,P039,EXP001,0.5,1,GOBP_MITOTIC_RECOMBINATION,1,POSITIVE,"[{""term_id"":""GOBP_MITOTIC_RECOMBINATION"",""NES"":1.90308357451332,""FDR"":0.0018088195747627,""leading_edge_n"":17,""qualified"":true}]"
EXP001_vs_sensitivity,P,P039,sensitivity,0.5,1,GOBP_MITOTIC_RECOMBINATION,0,INACTIVE,"[{""term_id"":""GOBP_MITOTIC_RECOMBINATION"",""NES"":-1.2497313245505466,""FDR"":0.4559761286755594,""leading_edge_n"":13,""qualified"":false}]"
EXP001_vs_sensitivity,P,P040,EXP001,0.5,1,GOBP_MITOTIC_SISTER_CHROMATID_COHESION,1,POSITIVE,"[{""term_id"":""GOBP_MITOTIC_SISTER_CHROMATID_COHESION"",""NES"":2.0258560752711814,""FDR"":0.0002288081504094,""leading_edge_n"":18,""qualified"":true}]"
EXP001_vs_sensitivity,P,P040,sensitivity,0.5,1,GOBP_MITOTIC_SISTER_CHROMATID_COHESION,0,INACTIVE,"[{""term_id"":""GOBP_MITOTIC_SISTER_CHROMATID_COHESION"",""NES"":1.089608102305074,""FDR"":0.4817947087662479,""leading_edge_n"":11,""qualified"":false}]"
EXP001_vs_sensitivity,P,P041,EXP001,0.5,7,GOBP_MITOTIC_SISTER_CHROMATID_SEPARATION;GOBP_POSITIVE_REGULATION_OF_CELL_CYCLE_CHECKPOINT;GOBP_POSITIVE_REGULATION_OF_SPINDLE_CHECKPOINT;GOBP_REGULATION_OF_CELL_CYCLE_CHECKPOINT;GOBP_REGULATION_OF_MITOTIC_NUCLEAR_DIVISION;GOBP_REGULATION_OF_MITOTIC_SISTER_CHROMATID_SEGREGATION;GOBP_REGULATION_OF_SPINDLE_CHECKPOINT,7,POSITIVE,"[{""term_id"":""GOBP_MITOTIC_SISTER_CHROMATID_SEPARATION"",""NES"":2.663714064556664,""FDR"":0.0,""leading_edge_n"":29,""qualified"":true},{""term_id"":""GOBP_POSITIVE_REGULATION_OF_CELL_CYCLE_CHECKPOINT"",""NES"":2.1591486029721034,""FDR"":1.1533543435384438e-05,""leading_edge_n"":14,""qualified"":true},{""term_id"":""GOBP_POSITIVE_REGULATION_OF_SPINDLE_CHECKPOINT"",""NES"":2.092250697563795,""FDR"":6.149231189124658e-05,""leading_edge_n"":10,""qualified"":true},{""term_id"":""GOBP_REGULATION_OF_CELL_CYCLE_CHECKPOINT"",""NES"":2.21943630718902,""FDR"":7.371438630441359e-06,""leading_edge_n"":26,""qualified"":true},{""term_id"":""GOBP_REGULATION_OF_MITOTIC_NUCLEAR_DIVISION"",""NES"":2.5960208460853,""FDR"":0.0,""leading_edge_n"":51,""qualified"":true},{""term_id"":""GOBP_REGULATION_OF_MITOTIC_SISTER_CHROMATID_SEGREGATION"",""NES"":2.6248652194936413,""FDR"":0.0,""leading_edge_n"":27,""qualified"":true},{""term_id"":""GOBP_REGULATION_OF_SPINDLE_CHECKPOINT"",""NES"":2.2024530559459543,""FDR"":1.4368058347470446e-05,""leading_edge_n"":11,""qualified"":true}]"
EXP001_vs_sensitivity,P,P041,sensitivity,0.5,7,GOBP_MITOTIC_SISTER_CHROMATID_SEPARATION;GOBP_POSITIVE_REGULATION_OF_CELL_CYCLE_CHECKPOINT;GOBP_POSITIVE_REGULATION_OF_SPINDLE_CHECKPOINT;GOBP_REGULATION_OF_CELL_CYCLE_CHECKPOINT;GOBP_REGULATION_OF_MITOTIC_NUCLEAR_DIVISION;GOBP_REGULATION_OF_MITOTIC_SISTER_CHROMATID_SEGREGATION;GOBP_REGULATION_OF_SPINDLE_CHECKPOINT,0,INACTIVE,"[{""term_id"":""GOBP_MITOTIC_SISTER_CHROMATID_SEPARATION"",""NES"":-1.022303194661505,""FDR"":0.6862164563391727,""leading_edge_n"":22,""qualified"":false},{""term_id"":""GOBP_POSITIVE_REGULATION_OF_CELL_CYCLE_CHECKPOINT"",""NES"":-1.2351728598299163,""FDR"":0.4642350998803061,""leading_edge_n"":11,""qualified"":false},{""term_id"":""GOBP_POSITIVE_REGULATION_OF_SPINDLE_CHECKPOINT"",""NES"":-1.124250661324056,""FDR"":0.5689248592837836,""leading_edge_n"":9,""qualified"":false},{""term_id"":""GOBP_REGULATION_OF_CELL_CYCLE_CHECKPOINT"",""NES"":-0.8468425325048998,""FDR"":0.8953760485735509,""leading_edge_n"":18,""qualified"":false},{""term_id"":""GOBP_REGULATION_OF_MITOTIC_NUCLEAR_DIVISION"",""NES"":-0.8477448291126306,""FDR"":0.8949104127762312,""leading_edge_n"":26,""qualified"":false},{""term_id"":""GOBP_REGULATION_OF_MITOTIC_SISTER_CHROMATID_SEGREGATION"",""NES"":-0.9208987284922766,""FDR"":0.811533032440698,""leading_edge_n"":22,""qualified"":false},{""term_id"":""GOBP_REGULATION_OF_SPINDLE_CHECKPOINT"",""NES"":-0.7944843519384299,""FDR"":0.9318246085574182,""leading_edge_n"":10,""qualified"":false}]"
EXP001_vs_sensitivity,P,P042,EXP001,0.5,4,GOBP_MITOTIC_SPINDLE_ASSEMBLY;GOBP_MITOTIC_SPINDLE_ORGANIZATION;GOBP_SPINDLE_ASSEMBLY;GOBP_SPINDLE_ORGANIZATION,4,POSITIVE,"[{""term_id"":""GOBP_MITOTIC_SPINDLE_ASSEMBLY"",""NES"":2.0788116985638685,""FDR"":7.706504022734149e-05,""leading_edge_n"":23,""qualified"":true},{""term_id"":""GOBP_MITOTIC_SPINDLE_ORGANIZATION"",""NES"":2.302425772039846,""FDR"":0.0,""leading_edge_n"":54,""qualified"":true},{""term_id"":""GOBP_SPINDLE_ASSEMBLY"",""NES"":2.19229792826881,""FDR"":1.412859070834594e-05,""leading_edge_n"":45,""qualified"":true},{""term_id"":""GOBP_SPINDLE_ORGANIZATION"",""NES"":2.2787071808335324,""FDR"":8.739334458770684e-06,""leading_edge_n"":77,""qualified"":true}]"
EXP001_vs_sensitivity,P,P042,sensitivity,0.5,4,GOBP_MITOTIC_SPINDLE_ASSEMBLY;GOBP_MITOTIC_SPINDLE_ORGANIZATION;GOBP_SPINDLE_ASSEMBLY;GOBP_SPINDLE_ORGANIZATION,0,INACTIVE,"[{""term_id"":""GOBP_MITOTIC_SPINDLE_ASSEMBLY"",""NES"":-1.2500276202316658,""FDR"":0.4572752160691824,""leading_edge_n"":27,""qualified"":false},{""term_id"":""GOBP_MITOTIC_SPINDLE_ORGANIZATION"",""NES"":-1.283015860570465,""FDR"":0.4226827456955359,""leading_edge_n"":26,""qualified"":false},{""term_id"":""GOBP_SPINDLE_ASSEMBLY"",""NES"":-1.3554480672291205,""FDR"":0.3565712763162624,""leading_edge_n"":49,""qualified"":false},{""term_id"":""GOBP_SPINDLE_ORGANIZATION"",""NES"":-1.2749874839584674,""FDR"":0.4286456231313643,""leading_edge_n"":71,""qualified"":false}]"
EXP001_vs_sensitivity,P,P043,EXP001,0.5,5,GOBP_MUSCLE_CELL_PROLIFERATION;GOBP_POSITIVE_REGULATION_OF_SMOOTH_MUSCLE_CELL_PROLIFERATION;GOBP_POSITIVE_REGULATION_OF_VASCULAR_ASSOCIATED_SMOOTH_MUSCLE_CELL_PROLIFERATION;GOBP_SMOOTH_MUSCLE_CELL_PROLIFERATION;GOBP_VASCULAR_ASSOCIATED_SMOOTH_MUSCLE_CELL_PROLIFERATION,2,NEGATIVE,"[{""term_id"":""GOBP_MUSCLE_CELL_PROLIFERATION"",""NES"":-1.7215352385304123,""FDR"":0.0594176668015678,""leading_edge_n"":55,""qualified"":false},{""term_id"":""GOBP_POSITIVE_REGULATION_OF_SMOOTH_MUSCLE_CELL_PROLIFERATION"",""NES"":-1.6268414322808569,""FDR"":0.091043724362353,""leading_edge_n"":22,""qualified"":false},{""term_id"":""GOBP_POSITIVE_REGULATION_OF_VASCULAR_ASSOCIATED_SMOOTH_MUSCLE_CELL_PROLIFERATION"",""NES"":-1.7270219967235596,""FDR"":0.0591998379247214,""leading_edge_n"":11,""qualified"":false},{""term_id"":""GOBP_SMOOTH_MUSCLE_CELL_PROLIFERATION"",""NES"":-1.801006535559465,""FDR"":0.0495088732259097,""leading_edge_n"":40,""qualified"":true},{""term_id"":""GOBP_VASCULAR_ASSOCIATED_SMOOTH_MUSCLE_CELL_PROLIFERATION"",""NES"":-2.064832052159359,""FDR"":0.0052387844881563,""leading_edge_n"":22,""qualified"":true}]"
EXP001_vs_sensitivity,P,P043,sensitivity,0.5,5,GOBP_MUSCLE_CELL_PROLIFERATION;GOBP_POSITIVE_REGULATION_OF_SMOOTH_MUSCLE_CELL_PROLIFERATION;GOBP_POSITIVE_REGULATION_OF_VASCULAR_ASSOCIATED_SMOOTH_MUSCLE_CELL_PROLIFERATION;GOBP_SMOOTH_MUSCLE_CELL_PROLIFERATION;GOBP_VASCULAR_ASSOCIATED_SMOOTH_MUSCLE_CELL_PROLIFERATION,0,INACTIVE,"[{""term_id"":""GOBP_MUSCLE_CELL_PROLIFERATION"",""NES"":1.5780853110422022,""FDR"":0.096622554727584,""leading_edge_n"":44,""qualified"":false},{""term_id"":""GOBP_POSITIVE_REGULATION_OF_SMOOTH_MUSCLE_CELL_PROLIFERATION"",""NES"":1.577788110318308,""FDR"":0.0966613333943916,""leading_edge_n"":16,""qualified"":false},{""term_id"":""GOBP_POSITIVE_REGULATION_OF_VASCULAR_ASSOCIATED_SMOOTH_MUSCLE_CELL_PROLIFERATION"",""NES"":1.308232246896073,""FDR"":0.2538542176192037,""leading_edge_n"":8,""qualified"":false},{""term_id"":""GOBP_SMOOTH_MUSCLE_CELL_PROLIFERATION"",""NES"":1.5207154873912303,""FDR"":0.119532002924422,""leading_edge_n"":22,""qualified"":false},{""term_id"":""GOBP_VASCULAR_ASSOCIATED_SMOOTH_MUSCLE_CELL_PROLIFERATION"",""NES"":1.281106131439265,""FDR"":0.277687895518911,""leading_edge_n"":11,""qualified"":false}]"
EXP001_vs_sensitivity,P,P044,EXP001,0.5,1,GOBP_NEGATIVE_REGULATION_OF_CELL_CYCLE_G1_S_PHASE_TRANSITION,0,INACTIVE,"[{""term_id"":""GOBP_NEGATIVE_REGULATION_OF_CELL_CYCLE_G1_S_PHASE_TRANSITION"",""NES"":-0.98583947545401,""FDR"":0.590885936956449,""leading_edge_n"":22,""qualified"":false}]"
EXP001_vs_sensitivity,P,P044,sensitivity,0.5,1,GOBP_NEGATIVE_REGULATION_OF_CELL_CYCLE_G1_S_PHASE_TRANSITION,0,INACTIVE,"[{""term_id"":""GOBP_NEGATIVE_REGULATION_OF_CELL_CYCLE_G1_S_PHASE_TRANSITION"",""NES"":1.0290643586092143,""FDR"":0.5622570311514338,""leading_edge_n"":18,""qualified"":false}]"
EXP001_vs_sensitivity,P,P045,EXP001,0.5,1,GOBP_NEGATIVE_REGULATION_OF_DNA_REPLICATION,1,POSITIVE,"[{""term_id"":""GOBP_NEGATIVE_REGULATION_OF_DNA_REPLICATION"",""NES"":1.9159980694304768,""FDR"":0.0015615810782908,""leading_edge_n"":14,""qualified"":true}]"
EXP001_vs_sensitivity,P,P045,sensitivity,0.5,1,GOBP_NEGATIVE_REGULATION_OF_DNA_REPLICATION,0,INACTIVE,"[{""term_id"":""GOBP_NEGATIVE_REGULATION_OF_DNA_REPLICATION"",""NES"":1.241637778782306,""FDR"":0.3117382237526796,""leading_edge_n"":13,""qualified"":false}]"
EXP001_vs_sensitivity,P,P046,EXP001,0.5,1,GOBP_NEGATIVE_REGULATION_OF_ENDOTHELIAL_CELL_PROLIFERATION,0,INACTIVE,"[{""term_id"":""GOBP_NEGATIVE_REGULATION_OF_ENDOTHELIAL_CELL_PROLIFERATION"",""NES"":-1.2085476960857526,""FDR"":0.3187324204401298,""leading_edge_n"":7,""qualified"":false}]"
EXP001_vs_sensitivity,P,P046,sensitivity,0.5,1,GOBP_NEGATIVE_REGULATION_OF_ENDOTHELIAL_CELL_PROLIFERATION,0,INACTIVE,"[{""term_id"":""GOBP_NEGATIVE_REGULATION_OF_ENDOTHELIAL_CELL_PROLIFERATION"",""NES"":1.2922040797104055,""FDR"":0.2684027451426092,""leading_edge_n"":12,""qualified"":false}]"
EXP001_vs_sensitivity,P,P047,EXP001,0.5,1,GOBP_NEGATIVE_REGULATION_OF_EPITHELIAL_CELL_PROLIFERATION,0,INACTIVE,"[{""term_id"":""GOBP_NEGATIVE_REGULATION_OF_EPITHELIAL_CELL_PROLIFERATION"",""NES"":-1.625157828541218,""FDR"":0.0910445141685475,""leading_edge_n"":27,""qualified"":false}]"
EXP001_vs_sensitivity,P,P047,sensitivity,0.5,1,GOBP_NEGATIVE_REGULATION_OF_EPITHELIAL_CELL_PROLIFERATION,0,INACTIVE,"[{""term_id"":""GOBP_NEGATIVE_REGULATION_OF_EPITHELIAL_CELL_PROLIFERATION"",""NES"":1.4279709642406873,""FDR"":0.166257624964742,""leading_edge_n"":30,""qualified"":false}]"
EXP001_vs_sensitivity,P,P048,EXP001,0.5,1,GOBP_NEGATIVE_REGULATION_OF_MEIOTIC_CELL_CYCLE,0,INACTIVE,"[{""term_id"":""GOBP_NEGATIVE_REGULATION_OF_MEIOTIC_CELL_CYCLE"",""NES"":1.4679131421998444,""FDR"":0.0989067934989615,""leading_edge_n"":7,""qualified"":false}]"
EXP001_vs_sensitivity,P,P048,sensitivity,0.5,1,GOBP_NEGATIVE_REGULATION_OF_MEIOTIC_CELL_CYCLE,0,INACTIVE,"[{""term_id"":""GOBP_NEGATIVE_REGULATION_OF_MEIOTIC_CELL_CYCLE"",""NES"":1.2513338385483677,""FDR"":0.3024572694473763,""leading_edge_n"":6,""qualified"":false}]"
EXP001_vs_sensitivity,P,P049,EXP001,0.5,1,GOBP_NEGATIVE_REGULATION_OF_NEURAL_PRECURSOR_CELL_PROLIFERATION,0,INACTIVE,"[{""term_id"":""GOBP_NEGATIVE_REGULATION_OF_NEURAL_PRECURSOR_CELL_PROLIFERATION"",""NES"":-1.5340890345929914,""FDR"":0.1170903514195349,""leading_edge_n"":8,""qualified"":false}]"
EXP001_vs_sensitivity,P,P049,sensitivity,0.5,1,GOBP_NEGATIVE_REGULATION_OF_NEURAL_PRECURSOR_CELL_PROLIFERATION,0,INACTIVE,"[{""term_id"":""GOBP_NEGATIVE_REGULATION_OF_NEURAL_PRECURSOR_CELL_PROLIFERATION"",""NES"":-0.9163285303072152,""FDR"":0.815330498949629,""leading_edge_n"":7,""qualified"":false}]"
EXP001_vs_sensitivity,P,P050,EXP001,0.5,2,GOBP_NEGATIVE_REGULATION_OF_SMOOTH_MUSCLE_CELL_PROLIFERATION;GOBP_NEGATIVE_REGULATION_OF_VASCULAR_ASSOCIATED_SMOOTH_MUSCLE_CELL_PROLIFERATION,2,NEGATIVE,"[{""term_id"":""GOBP_NEGATIVE_REGULATION_OF_SMOOTH_MUSCLE_CELL_PROLIFERATION"",""NES"":-1.8649381752256688,""FDR"":0.0333212563987424,""leading_edge_n"":18,""qualified"":true},{""term_id"":""GOBP_NEGATIVE_REGULATION_OF_VASCULAR_ASSOCIATED_SMOOTH_MUSCLE_CELL_PROLIFERATION"",""NES"":-1.841904064609048,""FDR"":0.0370901856939254,""leading_edge_n"":10,""qualified"":true}]"
EXP001_vs_sensitivity,P,P050,sensitivity,0.5,2,GOBP_NEGATIVE_REGULATION_OF_SMOOTH_MUSCLE_CELL_PROLIFERATION;GOBP_NEGATIVE_REGULATION_OF_VASCULAR_ASSOCIATED_SMOOTH_MUSCLE_CELL_PROLIFERATION,0,INACTIVE,"[{""term_id"":""GOBP_NEGATIVE_REGULATION_OF_SMOOTH_MUSCLE_CELL_PROLIFERATION"",""NES"":-1.049271159754435,""FDR"":0.6442949344225082,""leading_edge_n"":10,""qualified"":false},{""term_id"":""GOBP_NEGATIVE_REGULATION_OF_VASCULAR_ASSOCIATED_SMOOTH_MUSCLE_CELL_PROLIFERATION"",""NES"":0.8719063688094185,""FDR"":0.7988568686777225,""leading_edge_n"":2,""qualified"":false}]"
EXP001_vs_sensitivity,P,P051,EXP001,0.5,1,GOBP_NEGATIVE_REGULATION_OF_T_CELL_PROLIFERATION,0,INACTIVE,"[{""term_id"":""GOBP_NEGATIVE_REGULATION_OF_T_CELL_PROLIFERATION"",""NES"":-1.5302300090802907,""FDR"":0.119386077613429,""leading_edge_n"":14,""qualified"":false}]"
EXP001_vs_sensitivity,P,P051,sensitivity,0.5,1,GOBP_NEGATIVE_REGULATION_OF_T_CELL_PROLIFERATION,0,INACTIVE,"[{""term_id"":""GOBP_NEGATIVE_REGULATION_OF_T_CELL_PROLIFERATION"",""NES"":0.9814063377095248,""FDR"":0.632757151042906,""leading_edge_n"":6,""qualified"":false}]"
EXP001_vs_sensitivity,P,P052,EXP001,0.5,3,GOBP_NEURAL_PRECURSOR_CELL_PROLIFERATION;GOBP_POSITIVE_REGULATION_OF_NEURAL_PRECURSOR_CELL_PROLIFERATION;GOBP_REGULATION_OF_NEURAL_PRECURSOR_CELL_PROLIFERATION,0,INACTIVE,"[{""term_id"":""GOBP_NEURAL_PRECURSOR_CELL_PROLIFERATION"",""NES"":1.1546969161172065,""FDR"":0.3910005617601449,""leading_edge_n"":19,""qualified"":false},{""term_id"":""GOBP_POSITIVE_REGULATION_OF_NEURAL_PRECURSOR_CELL_PROLIFERATION"",""NES"":1.5019025993776485,""FDR"":0.0810919294074707,""leading_edge_n"":8,""qualified"":false},{""term_id"":""GOBP_REGULATION_OF_NEURAL_PRECURSOR_CELL_PROLIFERATION"",""NES"":1.1179908861217582,""FDR"":0.4425205133301335,""leading_edge_n"":10,""qualified"":false}]"
EXP001_vs_sensitivity,P,P052,sensitivity,0.5,3,GOBP_NEURAL_PRECURSOR_CELL_PROLIFERATION;GOBP_POSITIVE_REGULATION_OF_NEURAL_PRECURSOR_CELL_PROLIFERATION;GOBP_REGULATION_OF_NEURAL_PRECURSOR_CELL_PROLIFERATION,0,INACTIVE,"[{""term_id"":""GOBP_NEURAL_PRECURSOR_CELL_PROLIFERATION"",""NES"":1.063102557318521,""FDR"":0.5182575662550425,""leading_edge_n"":25,""qualified"":false},{""term_id"":""GOBP_POSITIVE_REGULATION_OF_NEURAL_PRECURSOR_CELL_PROLIFERATION"",""NES"":-0.9205648711301314,""FDR"":0.811056096896714,""leading_edge_n"":6,""qualified"":false},{""term_id"":""GOBP_REGULATION_OF_NEURAL_PRECURSOR_CELL_PROLIFERATION"",""NES"":1.0876934221144663,""FDR"":0.4843891283733234,""leading_edge_n"":6,""qualified"":false}]"
EXP001_vs_sensitivity,P,P053,EXP001,0.5,2,GOBP_POSITIVE_REGULATION_OF_CELL_CYCLE;GOBP_POSITIVE_REGULATION_OF_CELL_CYCLE_PROCESS,2,POSITIVE,"[{""term_id"":""GOBP_POSITIVE_REGULATION_OF_CELL_CYCLE"",""NES"":2.119922806239844,""FDR"":3.4500047078519155e-05,""leading_edge_n"":93,""qualified"":true},{""term_id"":""GOBP_POSITIVE_REGULATION_OF_CELL_CYCLE_PROCESS"",""NES"":2.4286126170530764,""FDR"":0.0,""leading_edge_n"":84,""qualified"":true}]"
EXP001_vs_sensitivity,P,P053,sensitivity,0.5,2,GOBP_POSITIVE_REGULATION_OF_CELL_CYCLE;GOBP_POSITIVE_REGULATION_OF_CELL_CYCLE_PROCESS,0,INACTIVE,"[{""term_id"":""GOBP_POSITIVE_REGULATION_OF_CELL_CYCLE"",""NES"":1.0955136478354293,""FDR"":0.4749225411565561,""leading_edge_n"":79,""qualified"":false},{""term_id"":""GOBP_POSITIVE_REGULATION_OF_CELL_CYCLE_PROCESS"",""NES"":1.019763193335144,""FDR"":0.5756959985353108,""leading_edge_n"":61,""qualified"":false}]"
EXP001_vs_sensitivity,P,P054,EXP001,0.5,5,GOBP_POSITIVE_REGULATION_OF_CELL_CYCLE_G1_S_PHASE_TRANSITION;GOBP_POSITIVE_REGULATION_OF_CELL_CYCLE_PHASE_TRANSITION;GOBP_POSITIVE_REGULATION_OF_G1_S_TRANSITION_OF_MITOTIC_CELL_CYCLE;GOBP_POSITIVE_REGULATION_OF_MITOTIC_CELL_CYCLE;GOBP_POSITIVE_REGULATION_OF_MITOTIC_CELL_CYCLE_PHASE_TRANSITION,3,POSITIVE,"[{""term_id"":""GOBP_POSITIVE_REGULATION_OF_CELL_CYCLE_G1_S_PHASE_TRANSITION"",""NES"":1.4925204204740212,""FDR"":0.0864367465223988,""leading_edge_n"":13,""qualified"":false},{""term_id"":""GOBP_POSITIVE_REGULATION_OF_CELL_CYCLE_PHASE_TRANSITION"",""NES"":2.2225991843816773,""FDR"":7.436100372813652e-06,""leading_edge_n"":46,""qualified"":true},{""term_id"":""GOBP_POSITIVE_REGULATION_OF_G1_S_TRANSITION_OF_MITOTIC_CELL_CYCLE"",""NES"":1.2844299045641858,""FDR"":0.246552273473556,""leading_edge_n"":13,""qualified"":false},{""term_id"":""GOBP_POSITIVE_REGULATION_OF_MITOTIC_CELL_CYCLE"",""NES"":1.9024456496370623,""FDR"":0.0018084596106682,""leading_edge_n"":39,""qualified"":true},{""term_id"":""GOBP_POSITIVE_REGULATION_OF_MITOTIC_CELL_CYCLE_PHASE_TRANSITION"",""NES"":2.1788364551249035,""FDR"":1.324555378907432e-05,""leading_edge_n"":27,""qualified"":true}]"
EXP001_vs_sensitivity,P,P054,sensitivity,0.5,5,GOBP_POSITIVE_REGULATION_OF_CELL_CYCLE_G1_S_PHASE_TRANSITION;GOBP_POSITIVE_REGULATION_OF_CELL_CYCLE_PHASE_TRANSITION;GOBP_POSITIVE_REGULATION_OF_G1_S_TRANSITION_OF_MITOTIC_CELL_CYCLE;GOBP_POSITIVE_REGULATION_OF_MITOTIC_CELL_CYCLE;GOBP_POSITIVE_REGULATION_OF_MITOTIC_CELL_CYCLE_PHASE_TRANSITION,0,INACTIVE,"[{""term_id"":""GOBP_POSITIVE_REGULATION_OF_CELL_CYCLE_G1_S_PHASE_TRANSITION"",""NES"":0.969438196123858,""FDR"":0.6501716819863296,""leading_edge_n"":12,""qualified"":false},{""term_id"":""GOBP_POSITIVE_REGULATION_OF_CELL_CYCLE_PHASE_TRANSITION"",""NES"":1.1728458452990027,""FDR"":0.3826389245237939,""leading_edge_n"":24,""qualified"":false},{""term_id"":""GOBP_POSITIVE_REGULATION_OF_G1_S_TRANSITION_OF_MITOTIC_CELL_CYCLE"",""NES"":0.9072969498800192,""FDR"":0.7489874867782743,""leading_edge_n"":10,""qualified"":false},{""term_id"":""GOBP_POSITIVE_REGULATION_OF_MITOTIC_CELL_CYCLE"",""NES"":1.2233541636422316,""FDR"":0.3294447978666808,""leading_edge_n"":33,""qualified"":false},{""term_id"":""GOBP_POSITIVE_REGULATION_OF_MITOTIC_CELL_CYCLE_PHASE_TRANSITION"",""NES"":1.0172815667544275,""FDR"":0.5788990544186148,""leading_edge_n"":19,""qualified"":false}]"
EXP001_vs_sensitivity,P,P055,EXP001,0.5,1,GOBP_POSITIVE_REGULATION_OF_CELL_CYCLE_G2_M_PHASE_TRANSITION,1,POSITIVE,"[{""term_id"":""GOBP_POSITIVE_REGULATION_OF_CELL_CYCLE_G2_M_PHASE_TRANSITION"",""NES"":2.14558247105187,""FDR"":2.734565943550827e-05,""leading_edge_n"":14,""qualified"":true}]"
EXP001_vs_sensitivity,P,P055,sensitivity,0.5,1,GOBP_POSITIVE_REGULATION_OF_CELL_CYCLE_G2_M_PHASE_TRANSITION,0,INACTIVE,"[{""term_id"":""GOBP_POSITIVE_REGULATION_OF_CELL_CYCLE_G2_M_PHASE_TRANSITION"",""NES"":1.2063498198887752,""FDR"":0.3464645625392253,""leading_edge_n"":11,""qualified"":false}]"
EXP001_vs_sensitivity,P,P056,EXP001,0.5,1,GOBP_POSITIVE_REGULATION_OF_CHROMOSOME_SEGREGATION,1,POSITIVE,"[{""term_id"":""GOBP_POSITIVE_REGULATION_OF_CHROMOSOME_SEGREGATION"",""NES"":2.421353018046161,""FDR"":0.0,""leading_edge_n"":16,""qualified"":true}]"
EXP001_vs_sensitivity,P,P056,sensitivity,0.5,1,GOBP_POSITIVE_REGULATION_OF_CHROMOSOME_SEGREGATION,0,INACTIVE,"[{""term_id"":""GOBP_POSITIVE_REGULATION_OF_CHROMOSOME_SEGREGATION"",""NES"":-0.9186198337386806,""FDR"":0.8134450585246051,""leading_edge_n"":6,""qualified"":false}]"
EXP001_vs_sensitivity,P,P057,EXP001,0.5,1,GOBP_POSITIVE_REGULATION_OF_CYTOKINESIS,1,POSITIVE,"[{""term_id"":""GOBP_POSITIVE_REGULATION_OF_CYTOKINESIS"",""NES"":2.225404890334451,""FDR"":7.637076058565372e-06,""leading_edge_n"":13,""qualified"":true}]"
EXP001_vs_sensitivity,P,P057,sensitivity,0.5,1,GOBP_POSITIVE_REGULATION_OF_CYTOKINESIS,0,INACTIVE,"[{""term_id"":""GOBP_POSITIVE_REGULATION_OF_CYTOKINESIS"",""NES"":-1.1220584865538543,""FDR"":0.5709502815729154,""leading_edge_n"":8,""qualified"":false}]"
EXP001_vs_sensitivity,P,P058,EXP001,0.5,1,GOBP_POSITIVE_REGULATION_OF_DNA_REPLICATION,1,POSITIVE,"[{""term_id"":""GOBP_POSITIVE_REGULATION_OF_DNA_REPLICATION"",""NES"":1.9418094869418443,""FDR"":0.0009894936349747,""leading_edge_n"":19,""qualified"":true}]"
EXP001_vs_sensitivity,P,P058,sensitivity,0.5,1,GOBP_POSITIVE_REGULATION_OF_DNA_REPLICATION,0,INACTIVE,"[{""term_id"":""GOBP_POSITIVE_REGULATION_OF_DNA_REPLICATION"",""NES"":-0.942932883713592,""FDR"":0.7809592945287647,""leading_edge_n"":11,""qualified"":false}]"
EXP001_vs_sensitivity,P,P059,EXP001,0.5,1,GOBP_POSITIVE_REGULATION_OF_MEIOTIC_CELL_CYCLE,0,INACTIVE,"[{""term_id"":""GOBP_POSITIVE_REGULATION_OF_MEIOTIC_CELL_CYCLE"",""NES"":-0.8768605075877696,""FDR"":0.7641630356516066,""leading_edge_n"":6,""qualified"":false}]"
EXP001_vs_sensitivity,P,P059,sensitivity,0.5,1,GOBP_POSITIVE_REGULATION_OF_MEIOTIC_CELL_CYCLE,0,INACTIVE,"[{""term_id"":""GOBP_POSITIVE_REGULATION_OF_MEIOTIC_CELL_CYCLE"",""NES"":0.551489545467755,""FDR"":0.995625478510035,""leading_edge_n"":6,""qualified"":false}]"
EXP001_vs_sensitivity,P,P060,EXP001,0.5,2,GOBP_POSITIVE_REGULATION_OF_METAPHASE_ANAPHASE_TRANSITION_OF_CELL_CYCLE;GOBP_POSITIVE_REGULATION_OF_MITOTIC_SISTER_CHROMATID_SEPARATION,2,POSITIVE,"[{""term_id"":""GOBP_POSITIVE_REGULATION_OF_METAPHASE_ANAPHASE_TRANSITION_OF_CELL_CYCLE"",""NES"":2.17737996043297,""FDR"":1.2942220496194754e-05,""leading_edge_n"":7,""qualified"":true},{""term_id"":""GOBP_POSITIVE_REGULATION_OF_MITOTIC_SISTER_CHROMATID_SEPARATION"",""NES"":2.3864368818249777,""FDR"":0.0,""leading_edge_n"":11,""qualified"":true}]"
EXP001_vs_sensitivity,P,P060,sensitivity,0.5,2,GOBP_POSITIVE_REGULATION_OF_METAPHASE_ANAPHASE_TRANSITION_OF_CELL_CYCLE;GOBP_POSITIVE_REGULATION_OF_MITOTIC_SISTER_CHROMATID_SEPARATION,0,INACTIVE,"[{""term_id"":""GOBP_POSITIVE_REGULATION_OF_METAPHASE_ANAPHASE_TRANSITION_OF_CELL_CYCLE"",""NES"":-0.8074264409280797,""FDR"":0.9232414362517256,""leading_edge_n"":7,""qualified"":false},{""term_id"":""GOBP_POSITIVE_REGULATION_OF_MITOTIC_SISTER_CHROMATID_SEPARATION"",""NES"":-1.032571147632022,""FDR"":0.6757228425413959,""leading_edge_n"":9,""qualified"":false}]"
EXP001_vs_sensitivity,P,P061,EXP001,0.5,1,GOBP_POSITIVE_REGULATION_OF_MITOTIC_NUCLEAR_DIVISION,1,POSITIVE,"[{""term_id"":""GOBP_POSITIVE_REGULATION_OF_MITOTIC_NUCLEAR_DIVISION"",""NES"":1.83202207942474,""FDR"":0.0045425200042127,""leading_edge_n"":11,""qualified"":true}]"
EXP001_vs_sensitivity,P,P061,sensitivity,0.5,1,GOBP_POSITIVE_REGULATION_OF_MITOTIC_NUCLEAR_DIVISION,0,INACTIVE,"[{""term_id"":""GOBP_POSITIVE_REGULATION_OF_MITOTIC_NUCLEAR_DIVISION"",""NES"":0.8868938129589241,""FDR"":0.778583908358719,""leading_edge_n"":10,""qualified"":false}]"
EXP001_vs_sensitivity,P,P062,EXP001,0.5,3,GOBP_POSITIVE_REGULATION_OF_STEM_CELL_PROLIFERATION;GOBP_REGULATION_OF_STEM_CELL_PROLIFERATION;GOBP_STEM_CELL_PROLIFERATION,0,INACTIVE,"[{""term_id"":""GOBP_POSITIVE_REGULATION_OF_STEM_CELL_PROLIFERATION"",""NES"":1.2595263327383808,""FDR"":0.2728414893643768,""leading_edge_n"":8,""qualified"":false},{""term_id"":""GOBP_REGULATION_OF_STEM_CELL_PROLIFERATION"",""NES"":1.283230294303337,""FDR"":0.2467165906359608,""leading_edge_n"":13,""qualified"":false},{""term_id"":""GOBP_STEM_CELL_PROLIFERATION"",""NES"":1.0932542688480726,""FDR"":0.4769212828380265,""leading_edge_n"":18,""qualified"":false}]"
EXP001_vs_sensitivity,P,P062,sensitivity,0.5,3,GOBP_POSITIVE_REGULATION_OF_STEM_CELL_PROLIFERATION;GOBP_REGULATION_OF_STEM_CELL_PROLIFERATION;GOBP_STEM_CELL_PROLIFERATION,0,INACTIVE,"[{""term_id"":""GOBP_POSITIVE_REGULATION_OF_STEM_CELL_PROLIFERATION"",""NES"":1.0186506481283226,""FDR"":0.5768933092027286,""leading_edge_n"":2,""qualified"":false},{""term_id"":""GOBP_REGULATION_OF_STEM_CELL_PROLIFERATION"",""NES"":1.4067168932396557,""FDR"":0.1816031784611574,""leading_edge_n"":8,""qualified"":false},{""term_id"":""GOBP_STEM_CELL_PROLIFERATION"",""NES"":1.4378398319833272,""FDR"":0.1619671256468015,""leading_edge_n"":14,""qualified"":false}]"
EXP001_vs_sensitivity,P,P063,EXP001,0.5,1,GOBP_POSITIVE_REGULATION_OF_T_CELL_PROLIFERATION,0,INACTIVE,"[{""term_id"":""GOBP_POSITIVE_REGULATION_OF_T_CELL_PROLIFERATION"",""NES"":-0.9052040329333698,""FDR"":0.7204903670637827,""leading_edge_n"":13,""qualified"":false}]"
EXP001_vs_sensitivity,P,P063,sensitivity,0.5,1,GOBP_POSITIVE_REGULATION_OF_T_CELL_PROLIFERATION,0,INACTIVE,"[{""term_id"":""GOBP_POSITIVE_REGULATION_OF_T_CELL_PROLIFERATION"",""NES"":-0.7988916351115267,""FDR"":0.9316580950781916,""leading_edge_n"":16,""qualified"":false}]"
EXP001_vs_sensitivity,P,P064,EXP001,0.5,1,GOBP_REGULATION_OF_ATTACHMENT_OF_SPINDLE_MICROTUBULES_TO_KINETOCHORE,1,POSITIVE,"[{""term_id"":""GOBP_REGULATION_OF_ATTACHMENT_OF_SPINDLE_MICROTUBULES_TO_KINETOCHORE"",""NES"":2.3209608712194005,""FDR"":0.0,""leading_edge_n"":13,""qualified"":true}]"
EXP001_vs_sensitivity,P,P064,sensitivity,0.5,1,GOBP_REGULATION_OF_ATTACHMENT_OF_SPINDLE_MICROTUBULES_TO_KINETOCHORE,0,INACTIVE,"[{""term_id"":""GOBP_REGULATION_OF_ATTACHMENT_OF_SPINDLE_MICROTUBULES_TO_KINETOCHORE"",""NES"":1.0923717615847013,""FDR"":0.4788738791763947,""leading_edge_n"":2,""qualified"":false}]"
EXP001_vs_sensitivity,P,P065,EXP001,0.5,1,GOBP_REGULATION_OF_CHROMOSOME_SEGREGATION,1,POSITIVE,"[{""term_id"":""GOBP_REGULATION_OF_CHROMOSOME_SEGREGATION"",""NES"":2.661477468244324,""FDR"":0.0,""leading_edge_n"":60,""qualified"":true}]"
EXP001_vs_sensitivity,P,P065,sensitivity,0.5,1,GOBP_REGULATION_OF_CHROMOSOME_SEGREGATION,0,INACTIVE,"[{""term_id"":""GOBP_REGULATION_OF_CHROMOSOME_SEGREGATION"",""NES"":-1.0519297527452456,""FDR"":0.6417441201725399,""leading_edge_n"":49,""qualified"":false}]"
EXP001_vs_sensitivity,P,P066,EXP001,0.5,1,GOBP_REGULATION_OF_DNA_REPLICATION,1,POSITIVE,"[{""term_id"":""GOBP_REGULATION_OF_DNA_REPLICATION"",""NES"":2.305482849962357,""FDR"":0.0,""leading_edge_n"":51,""qualified"":true}]"
EXP001_vs_sensitivity,P,P066,sensitivity,0.5,1,GOBP_REGULATION_OF_DNA_REPLICATION,0,INACTIVE,"[{""term_id"":""GOBP_REGULATION_OF_DNA_REPLICATION"",""NES"":1.0764832732281886,""FDR"":0.4986977747332359,""leading_edge_n"":48,""qualified"":false}]"
EXP001_vs_sensitivity,P,P067,EXP001,0.5,1,GOBP_REGULATION_OF_DNA_TEMPLATED_DNA_REPLICATION,1,POSITIVE,"[{""term_id"":""GOBP_REGULATION_OF_DNA_TEMPLATED_DNA_REPLICATION"",""NES"":2.243762119060357,""FDR"":7.997315495290154e-06,""leading_edge_n"":22,""qualified"":true}]"
EXP001_vs_sensitivity,P,P067,sensitivity,0.5,1,GOBP_REGULATION_OF_DNA_TEMPLATED_DNA_REPLICATION,0,INACTIVE,"[{""term_id"":""GOBP_REGULATION_OF_DNA_TEMPLATED_DNA_REPLICATION"",""NES"":0.9109577407984402,""FDR"":0.7430675384783767,""leading_edge_n"":24,""qualified"":false}]"
EXP001_vs_sensitivity,P,P068,EXP001,0.5,1,GOBP_REGULATION_OF_DNA_TEMPLATED_DNA_REPLICATION_INITIATION,1,POSITIVE,"[{""term_id"":""GOBP_REGULATION_OF_DNA_TEMPLATED_DNA_REPLICATION_INITIATION"",""NES"":2.176443054794052,""FDR"":1.284417337122358e-05,""leading_edge_n"":11,""qualified"":true}]"
EXP001_vs_sensitivity,P,P068,sensitivity,0.5,1,GOBP_REGULATION_OF_DNA_TEMPLATED_DNA_REPLICATION_INITIATION,0,INACTIVE,"[{""term_id"":""GOBP_REGULATION_OF_DNA_TEMPLATED_DNA_REPLICATION_INITIATION"",""NES"":-0.6269068831107727,""FDR"":0.9920258415389288,""leading_edge_n"":19,""qualified"":false}]"
EXP001_vs_sensitivity,P,P069,EXP001,0.5,1,GOBP_REGULATION_OF_MEIOTIC_CELL_CYCLE,0,INACTIVE,"[{""term_id"":""GOBP_REGULATION_OF_MEIOTIC_CELL_CYCLE"",""NES"":1.5412407554904564,""FDR"":0.0634473621930953,""leading_edge_n"":16,""qualified"":false}]"
EXP001_vs_sensitivity,P,P069,sensitivity,0.5,1,GOBP_REGULATION_OF_MEIOTIC_CELL_CYCLE,0,INACTIVE,"[{""term_id"":""GOBP_REGULATION_OF_MEIOTIC_CELL_CYCLE"",""NES"":0.9790286034875892,""FDR"":0.636372494119083,""leading_edge_n"":19,""qualified"":false}]"
EXP001_vs_sensitivity,P,P070,EXP001,0.5,1,GOBP_REGULATION_OF_MITOTIC_CYTOKINESIS,1,POSITIVE,"[{""term_id"":""GOBP_REGULATION_OF_MITOTIC_CYTOKINESIS"",""NES"":1.947018831588604,""FDR"":0.0009163684536891,""leading_edge_n"":6,""qualified"":true}]"
EXP001_vs_sensitivity,P,P070,sensitivity,0.5,1,GOBP_REGULATION_OF_MITOTIC_CYTOKINESIS,0,INACTIVE,"[{""term_id"":""GOBP_REGULATION_OF_MITOTIC_CYTOKINESIS"",""NES"":-0.8384803425778217,""FDR"":0.9005740248822917,""leading_edge_n"":6,""qualified"":false}]"
EXP001_vs_sensitivity,P,P071,EXP001,0.5,3,GOBP_REGULATION_OF_MITOTIC_SPINDLE_ASSEMBLY;GOBP_REGULATION_OF_SPINDLE_ASSEMBLY;GOBP_REGULATION_OF_SPINDLE_ORGANIZATION,1,POSITIVE,"[{""term_id"":""GOBP_REGULATION_OF_MITOTIC_SPINDLE_ASSEMBLY"",""NES"":0.8672902301468234,""FDR"":0.802688656175044,""leading_edge_n"":4,""qualified"":false},{""term_id"":""GOBP_REGULATION_OF_SPINDLE_ASSEMBLY"",""NES"":1.2382959604156163,""FDR"":0.2963391819994623,""leading_edge_n"":9,""qualified"":false},{""term_id"":""GOBP_REGULATION_OF_SPINDLE_ORGANIZATION"",""NES"":1.5925023591047611,""FDR"":0.043973311953721,""leading_edge_n"":16,""qualified"":true}]"
EXP001_vs_sensitivity,P,P071,sensitivity,0.5,3,GOBP_REGULATION_OF_MITOTIC_SPINDLE_ASSEMBLY;GOBP_REGULATION_OF_SPINDLE_ASSEMBLY;GOBP_REGULATION_OF_SPINDLE_ORGANIZATION,0,INACTIVE,"[{""term_id"":""GOBP_REGULATION_OF_MITOTIC_SPINDLE_ASSEMBLY"",""NES"":-1.7418057359259471,""FDR"":0.0779386226872156,""leading_edge_n"":6,""qualified"":false},{""term_id"":""GOBP_REGULATION_OF_SPINDLE_ASSEMBLY"",""NES"":-1.6766908358915842,""FDR"":0.1093092291042975,""leading_edge_n"":7,""qualified"":false},{""term_id"":""GOBP_REGULATION_OF_SPINDLE_ORGANIZATION"",""NES"":-1.582973705291724,""FDR"":0.167038946424101,""leading_edge_n"":10,""qualified"":false}]"
EXP001_vs_sensitivity,P,P072,EXP001,0.5,1,GOBP_SKELETAL_MUSCLE_CELL_PROLIFERATION,0,INACTIVE,"[{""term_id"":""GOBP_SKELETAL_MUSCLE_CELL_PROLIFERATION"",""NES"":-1.2591481134390792,""FDR"":0.2731216271016456,""leading_edge_n"":5,""qualified"":false}]"
EXP001_vs_sensitivity,P,P072,sensitivity,0.5,1,GOBP_SKELETAL_MUSCLE_CELL_PROLIFERATION,0,INACTIVE,"[{""term_id"":""GOBP_SKELETAL_MUSCLE_CELL_PROLIFERATION"",""NES"":1.614997881119275,""FDR"":0.0825238342297048,""leading_edge_n"":6,""qualified"":false}]"
EXP001_vs_sensitivity,P,P073,EXP001,0.5,1,GOBP_TYPE_B_PANCREATIC_CELL_PROLIFERATION,0,INACTIVE,"[{""term_id"":""GOBP_TYPE_B_PANCREATIC_CELL_PROLIFERATION"",""NES"":-1.684600466126324,""FDR"":0.0695077080086798,""leading_edge_n"":5,""qualified"":false}]"
EXP001_vs_sensitivity,P,P073,sensitivity,0.5,1,GOBP_TYPE_B_PANCREATIC_CELL_PROLIFERATION,0,INACTIVE,"[{""term_id"":""GOBP_TYPE_B_PANCREATIC_CELL_PROLIFERATION"",""NES"":1.2895805419777029,""FDR"":0.2701914479658632,""leading_edge_n"":4,""qualified"":false}]"
EXP001_vs_sensitivity,P,P074,EXP001,0.5,1,GOBP_T_CELL_PROLIFERATION,0,INACTIVE,"[{""term_id"":""GOBP_T_CELL_PROLIFERATION"",""NES"":-1.4642157609307191,""FDR"":0.1459373005039388,""leading_edge_n"":48,""qualified"":false}]"
EXP001_vs_sensitivity,P,P074,sensitivity,0.5,1,GOBP_T_CELL_PROLIFERATION,0,INACTIVE,"[{""term_id"":""GOBP_T_CELL_PROLIFERATION"",""NES"":-0.8582138994328473,""FDR"":0.8845529675354687,""leading_edge_n"":28,""qualified"":false}]"
EXP001_vs_sensitivity,P,P075,EXP001,0.5,1,GOBP_VASCULAR_ENDOTHELIAL_CELL_PROLIFERATION,0,INACTIVE,"[{""term_id"":""GOBP_VASCULAR_ENDOTHELIAL_CELL_PROLIFERATION"",""NES"":-1.52663477441888,""FDR"":0.1214872245102917,""leading_edge_n"":7,""qualified"":false}]"
EXP001_vs_sensitivity,P,P075,sensitivity,0.5,1,GOBP_VASCULAR_ENDOTHELIAL_CELL_PROLIFERATION,0,INACTIVE,"[{""term_id"":""GOBP_VASCULAR_ENDOTHELIAL_CELL_PROLIFERATION"",""NES"":1.214803702063413,""FDR"":0.3370936364669853,""leading_edge_n"":6,""qualified"":false}]"
EXP001_vs_sensitivity,P,P076,EXP001,0.5,1,HALLMARK_E2F_TARGETS,1,POSITIVE,"[{""term_id"":""HALLMARK_E2F_TARGETS"",""NES"":3.1773590469989497,""FDR"":0.0,""leading_edge_n"":130,""qualified"":true}]"
EXP001_vs_sensitivity,P,P076,sensitivity,0.5,1,HALLMARK_E2F_TARGETS,0,INACTIVE,"[{""term_id"":""HALLMARK_E2F_TARGETS"",""NES"":0.936449855647964,""FDR"":0.7000469080950283,""leading_edge_n"":52,""qualified"":false}]"
EXP001_vs_sensitivity,P,P077,EXP001,0.5,1,HALLMARK_G2M_CHECKPOINT,1,POSITIVE,"[{""term_id"":""HALLMARK_G2M_CHECKPOINT"",""NES"":3.013141782495752,""FDR"":0.0,""leading_edge_n"":118,""qualified"":true}]"
EXP001_vs_sensitivity,P,P077,sensitivity,0.5,1,HALLMARK_G2M_CHECKPOINT,0,INACTIVE,"[{""term_id"":""HALLMARK_G2M_CHECKPOINT"",""NES"":1.4517117943721636,""FDR"":0.1539518520555533,""leading_edge_n"":77,""qualified"":false}]"
EXP001_vs_sensitivity,P,P078,EXP001,0.5,1,HALLMARK_MITOTIC_SPINDLE,1,POSITIVE,"[{""term_id"":""HALLMARK_MITOTIC_SPINDLE"",""NES"":2.04340940140483,""FDR"":0.0001695430885001,""leading_edge_n"":47,""qualified"":true}]"
EXP001_vs_sensitivity,P,P078,sensitivity,0.5,1,HALLMARK_MITOTIC_SPINDLE,0,INACTIVE,"[{""term_id"":""HALLMARK_MITOTIC_SPINDLE"",""NES"":-1.3098274122949831,""FDR"":0.4043811035306235,""leading_edge_n"":53,""qualified"":false}]"
EXP001_vs_sensitivity,P,P079,EXP001,0.5,3,REACTOME_ABERRANT_REGULATION_OF_MITOTIC_EXIT_IN_CANCER_DUE_TO_RB1_DEFECTS;REACTOME_DISEASES_OF_MITOTIC_CELL_CYCLE;REACTOME_INHIBITION_OF_THE_PROTEOLYTIC_ACTIVITY_OF_APC_C_REQUIRED_FOR_THE_ONSET_OF_ANAPHASE_BY_MITOTIC_SPINDLE_CHECKPOINT_COMPONENTS,2,POSITIVE,"[{""term_id"":""REACTOME_ABERRANT_REGULATION_OF_MITOTIC_EXIT_IN_CANCER_DUE_TO_RB1_DEFECTS"",""NES"":1.528927538380687,""FDR"":0.0693422782974497,""leading_edge_n"":10,""qualified"":false},{""term_id"":""REACTOME_DISEASES_OF_MITOTIC_CELL_CYCLE"",""NES"":1.6358697938306692,""FDR"":0.0320308097875584,""leading_edge_n"":20,""qualified"":true},{""term_id"":""REACTOME_INHIBITION_OF_THE_PROTEOLYTIC_ACTIVITY_OF_APC_C_REQUIRED_FOR_THE_ONSET_OF_ANAPHASE_BY_MITOTIC_SPINDLE_CHECKPOINT_COMPONENTS"",""NES"":1.9036809303709912,""FDR"":0.0017956400587156,""leading_edge_n"":7,""qualified"":true}]"
EXP001_vs_sensitivity,P,P079,sensitivity,0.5,3,REACTOME_ABERRANT_REGULATION_OF_MITOTIC_EXIT_IN_CANCER_DUE_TO_RB1_DEFECTS;REACTOME_DISEASES_OF_MITOTIC_CELL_CYCLE;REACTOME_INHIBITION_OF_THE_PROTEOLYTIC_ACTIVITY_OF_APC_C_REQUIRED_FOR_THE_ONSET_OF_ANAPHASE_BY_MITOTIC_SPINDLE_CHECKPOINT_COMPONENTS,0,INACTIVE,"[{""term_id"":""REACTOME_ABERRANT_REGULATION_OF_MITOTIC_EXIT_IN_CANCER_DUE_TO_RB1_DEFECTS"",""NES"":0.612973006282502,""FDR"":0.9882940187892272,""leading_edge_n"":4,""qualified"":false},{""term_id"":""REACTOME_DISEASES_OF_MITOTIC_CELL_CYCLE"",""NES"":0.7577288292510436,""FDR"":0.9207779602254472,""leading_edge_n"":9,""qualified"":false},{""term_id"":""REACTOME_INHIBITION_OF_THE_PROTEOLYTIC_ACTIVITY_OF_APC_C_REQUIRED_FOR_THE_ONSET_OF_ANAPHASE_BY_MITOTIC_SPINDLE_CHECKPOINT_COMPONENTS"",""NES"":0.4768977390553181,""FDR"":0.998919689847114,""leading_edge_n"":3,""qualified"":false}]"
EXP001_vs_sensitivity,P,P080,EXP001,0.5,1,REACTOME_ABERRANT_REGULATION_OF_MITOTIC_G1_S_TRANSITION_IN_CANCER_DUE_TO_RB1_DEFECTS,0,INACTIVE,"[{""term_id"":""REACTOME_ABERRANT_REGULATION_OF_MITOTIC_G1_S_TRANSITION_IN_CANCER_DUE_TO_RB1_DEFECTS"",""NES"":1.2136043235842835,""FDR"":0.3205021453522165,""leading_edge_n"":10,""qualified"":false}]"
EXP001_vs_sensitivity,P,P080,sensitivity,0.5,1,REACTOME_ABERRANT_REGULATION_OF_MITOTIC_G1_S_TRANSITION_IN_CANCER_DUE_TO_RB1_DEFECTS,0,INACTIVE,"[{""term_id"":""REACTOME_ABERRANT_REGULATION_OF_MITOTIC_G1_S_TRANSITION_IN_CANCER_DUE_TO_RB1_DEFECTS"",""NES"":0.7727599937013664,""FDR"":0.907821447620934,""leading_edge_n"":5,""qualified"":false}]"
EXP001_vs_sensitivity,P,P081,EXP001,0.5,3,REACTOME_ACTIVATION_OF_APC_C_AND_APC_C_CDC20_MEDIATED_DEGRADATION_OF_MITOTIC_PROTEINS;REACTOME_APC_C_MEDIATED_DEGRADATION_OF_CELL_CYCLE_PROTEINS;REACTOME_FBXL7_DOWN_REGULATES_AURKA_DURING_MITOTIC_ENTRY_AND_IN_EARLY_MITOSIS,3,POSITIVE,"[{""term_id"":""REACTOME_ACTIVATION_OF_APC_C_AND_APC_C_CDC20_MEDIATED_DEGRADATION_OF_MITOTIC_PROTEINS"",""NES"":2.284698120223465,""FDR"":9.01824938830592e-06,""leading_edge_n"":43,""qualified"":true},{""term_id"":""REACTOME_APC_C_MEDIATED_DEGRADATION_OF_CELL_CYCLE_PROTEINS"",""NES"":2.3457475820858877,""FDR"":0.0,""leading_edge_n"":43,""qualified"":true},{""term_id"":""REACTOME_FBXL7_DOWN_REGULATES_AURKA_DURING_MITOTIC_ENTRY_AND_IN_EARLY_MITOSIS"",""NES"":1.8636821960385832,""FDR"":0.003032212928945,""leading_edge_n"":28,""qualified"":true}]"
EXP001_vs_sensitivity,P,P081,sensitivity,0.5,3,REACTOME_ACTIVATION_OF_APC_C_AND_APC_C_CDC20_MEDIATED_DEGRADATION_OF_MITOTIC_PROTEINS;REACTOME_APC_C_MEDIATED_DEGRADATION_OF_CELL_CYCLE_PROTEINS;REACTOME_FBXL7_DOWN_REGULATES_AURKA_DURING_MITOTIC_ENTRY_AND_IN_EARLY_MITOSIS,1,POSITIVE,"[{""term_id"":""REACTOME_ACTIVATION_OF_APC_C_AND_APC_C_CDC20_MEDIATED_DEGRADATION_OF_MITOTIC_PROTEINS"",""NES"":1.5117046700884216,""FDR"":0.1243466511002711,""leading_edge_n"":27,""qualified"":false},{""term_id"":""REACTOME_APC_C_MEDIATED_DEGRADATION_OF_CELL_CYCLE_PROTEINS"",""NES"":1.434853763378857,""FDR"":0.1632960964787637,""leading_edge_n"":32,""qualified"":false},{""term_id"":""REACTOME_FBXL7_DOWN_REGULATES_AURKA_DURING_MITOTIC_ENTRY_AND_IN_EARLY_MITOSIS"",""NES"":1.8497466544180772,""FDR"":0.0242925253445054,""leading_edge_n"":27,""qualified"":true}]"
EXP001_vs_sensitivity,P,P082,EXP001,0.5,1,REACTOME_CELL_CYCLE_CHECKPOINTS,1,POSITIVE,"[{""term_id"":""REACTOME_CELL_CYCLE_CHECKPOINTS"",""NES"":2.7550074263591307,""FDR"":0.0,""leading_edge_n"":145,""qualified"":true}]"
EXP001_vs_sensitivity,P,P082,sensitivity,0.5,1,REACTOME_CELL_CYCLE_CHECKPOINTS,0,INACTIVE,"[{""term_id"":""REACTOME_CELL_CYCLE_CHECKPOINTS"",""NES"":1.0248123290909046,""FDR"":0.5676375050160396,""leading_edge_n"":82,""qualified"":false}]"
EXP001_vs_sensitivity,P,P083,EXP001,0.5,2,REACTOME_DNA_REPLICATION;REACTOME_DNA_REPLICATION_PRE_INITIATION,2,POSITIVE,"[{""term_id"":""REACTOME_DNA_REPLICATION"",""NES"":2.621480365184365,""FDR"":0.0,""leading_edge_n"":82,""qualified"":true},{""term_id"":""REACTOME_DNA_REPLICATION_PRE_INITIATION"",""NES"":2.417535507028731,""FDR"":0.0,""leading_edge_n"":56,""qualified"":true}]"
EXP001_vs_sensitivity,P,P083,sensitivity,0.5,2,REACTOME_DNA_REPLICATION;REACTOME_DNA_REPLICATION_PRE_INITIATION,0,INACTIVE,"[{""term_id"":""REACTOME_DNA_REPLICATION"",""NES"":1.4941475696595845,""FDR"":0.1319805225083827,""leading_edge_n"":63,""qualified"":false},{""term_id"":""REACTOME_DNA_REPLICATION_PRE_INITIATION"",""NES"":1.4878507618258463,""FDR"":0.1346407886148423,""leading_edge_n"":51,""qualified"":false}]"
EXP001_vs_sensitivity,P,P084,EXP001,0.5,1,REACTOME_E2F_MEDIATED_REGULATION_OF_DNA_REPLICATION,1,POSITIVE,"[{""term_id"":""REACTOME_E2F_MEDIATED_REGULATION_OF_DNA_REPLICATION"",""NES"":1.835532510219687,""FDR"":0.0043385885849336,""leading_edge_n"":10,""qualified"":true}]"
EXP001_vs_sensitivity,P,P084,sensitivity,0.5,1,REACTOME_E2F_MEDIATED_REGULATION_OF_DNA_REPLICATION,0,INACTIVE,"[{""term_id"":""REACTOME_E2F_MEDIATED_REGULATION_OF_DNA_REPLICATION"",""NES"":-0.4935171422804464,""FDR"":0.9999510443114098,""leading_edge_n"":13,""qualified"":false}]"
EXP001_vs_sensitivity,P,P085,EXP001,0.5,1,REACTOME_FOXO_MEDIATED_TRANSCRIPTION_OF_CELL_CYCLE_GENES,0,INACTIVE,"[{""term_id"":""REACTOME_FOXO_MEDIATED_TRANSCRIPTION_OF_CELL_CYCLE_GENES"",""NES"":-1.1247318673396711,""FDR"":0.3992005907183955,""leading_edge_n"":6,""qualified"":false}]"
EXP001_vs_sensitivity,P,P085,sensitivity,0.5,1,REACTOME_FOXO_MEDIATED_TRANSCRIPTION_OF_CELL_CYCLE_GENES,0,INACTIVE,"[{""term_id"":""REACTOME_FOXO_MEDIATED_TRANSCRIPTION_OF_CELL_CYCLE_GENES"",""NES"":-0.9240938524435172,""FDR"":0.807196352198679,""leading_edge_n"":5,""qualified"":false}]"
EXP001_vs_sensitivity,P,P086,EXP001,0.5,1,REACTOME_MEIOSIS,1,POSITIVE,"[{""term_id"":""REACTOME_MEIOSIS"",""NES"":1.8793882700922944,""FDR"":0.0024381422998813,""leading_edge_n"":25,""qualified"":true}]"
EXP001_vs_sensitivity,P,P086,sensitivity,0.5,1,REACTOME_MEIOSIS,0,INACTIVE,"[{""term_id"":""REACTOME_MEIOSIS"",""NES"":0.7493367107156172,""FDR"":0.9275725819737972,""leading_edge_n"":27,""qualified"":false}]"
EXP001_vs_sensitivity,P,P087,EXP001,0.5,1,REACTOME_MITOTIC_G1_PHASE_AND_G1_S_TRANSITION,1,POSITIVE,"[{""term_id"":""REACTOME_MITOTIC_G1_PHASE_AND_G1_S_TRANSITION"",""NES"":2.390265179142937,""FDR"":0.0,""leading_edge_n"":81,""qualified"":true}]"
EXP001_vs_sensitivity,P,P087,sensitivity,0.5,1,REACTOME_MITOTIC_G1_PHASE_AND_G1_S_TRANSITION,0,INACTIVE,"[{""term_id"":""REACTOME_MITOTIC_G1_PHASE_AND_G1_S_TRANSITION"",""NES"":1.47552839470429,""FDR"":0.1411004625037228,""leading_edge_n"":59,""qualified"":false}]"
EXP001_vs_sensitivity,P,P088,EXP001,0.5,1,REACTOME_MITOTIC_G2_G2_M_PHASES,1,POSITIVE,"[{""term_id"":""REACTOME_MITOTIC_G2_G2_M_PHASES"",""NES"":2.44604539335635,""FDR"":0.0,""leading_edge_n"":100,""qualified"":true}]"
EXP001_vs_sensitivity,P,P088,sensitivity,0.5,1,REACTOME_MITOTIC_G2_G2_M_PHASES,0,INACTIVE,"[{""term_id"":""REACTOME_MITOTIC_G2_G2_M_PHASES"",""NES"":0.8661318600958496,""FDR"":0.8076457624222418,""leading_edge_n"":45,""qualified"":false}]"
EXP001_vs_sensitivity,P,P089,EXP001,0.5,1,REACTOME_MITOTIC_METAPHASE_AND_ANAPHASE,1,POSITIVE,"[{""term_id"":""REACTOME_MITOTIC_METAPHASE_AND_ANAPHASE"",""NES"":2.6819765163692457,""FDR"":0.0,""leading_edge_n"":120,""qualified"":true}]"
EXP001_vs_sensitivity,P,P089,sensitivity,0.5,1,REACTOME_MITOTIC_METAPHASE_AND_ANAPHASE,0,INACTIVE,"[{""term_id"":""REACTOME_MITOTIC_METAPHASE_AND_ANAPHASE"",""NES"":1.076079653872251,""FDR"":0.4991352667070349,""leading_edge_n"":50,""qualified"":false}]"
EXP001_vs_sensitivity,P,P090,EXP001,0.5,1,REACTOME_MITOTIC_PROMETAPHASE,1,POSITIVE,"[{""term_id"":""REACTOME_MITOTIC_PROMETAPHASE"",""NES"":2.7791985137706443,""FDR"":0.0,""leading_edge_n"":97,""qualified"":true}]"
EXP001_vs_sensitivity,P,P090,sensitivity,0.5,1,REACTOME_MITOTIC_PROMETAPHASE,0,INACTIVE,"[{""term_id"":""REACTOME_MITOTIC_PROMETAPHASE"",""NES"":-1.0537731297316622,""FDR"":0.6423866977434598,""leading_edge_n"":62,""qualified"":false}]"
EXP001_vs_sensitivity,P,P091,EXP001,0.5,1,REACTOME_MITOTIC_PROPHASE,1,POSITIVE,"[{""term_id"":""REACTOME_MITOTIC_PROPHASE"",""NES"":2.0950860682351373,""FDR"":6.27937364815375e-05,""leading_edge_n"":37,""qualified"":true}]"
EXP001_vs_sensitivity,P,P091,sensitivity,0.5,1,REACTOME_MITOTIC_PROPHASE,0,INACTIVE,"[{""term_id"":""REACTOME_MITOTIC_PROPHASE"",""NES"":1.0381990268173242,""FDR"":0.5479290280794867,""leading_edge_n"":39,""qualified"":false}]"
EXP001_vs_sensitivity,P,P092,EXP001,0.5,1,REACTOME_MITOTIC_SPINDLE_CHECKPOINT,1,POSITIVE,"[{""term_id"":""REACTOME_MITOTIC_SPINDLE_CHECKPOINT"",""NES"":2.703271338712986,""FDR"":0.0,""leading_edge_n"":56,""qualified"":true}]"
EXP001_vs_sensitivity,P,P092,sensitivity,0.5,1,REACTOME_MITOTIC_SPINDLE_CHECKPOINT,0,INACTIVE,"[{""term_id"":""REACTOME_MITOTIC_SPINDLE_CHECKPOINT"",""NES"":0.7057730763350798,""FDR"":0.9567897265889398,""leading_edge_n"":18,""qualified"":false}]"
EXP001_vs_sensitivity,P,P093,EXP001,0.5,1,REACTOME_POSTMITOTIC_NUCLEAR_PORE_COMPLEX_NPC_REFORMATION,1,POSITIVE,"[{""term_id"":""REACTOME_POSTMITOTIC_NUCLEAR_PORE_COMPLEX_NPC_REFORMATION"",""NES"":1.855535974435421,""FDR"":0.0033810331851624,""leading_edge_n"":20,""qualified"":true}]"
EXP001_vs_sensitivity,P,P093,sensitivity,0.5,1,REACTOME_POSTMITOTIC_NUCLEAR_PORE_COMPLEX_NPC_REFORMATION,0,INACTIVE,"[{""term_id"":""REACTOME_POSTMITOTIC_NUCLEAR_PORE_COMPLEX_NPC_REFORMATION"",""NES"":1.529913393126248,""FDR"":0.1150996735874389,""leading_edge_n"":10,""qualified"":false}]"
EXP001_vs_sensitivity,P,P094,EXP001,0.5,2,REACTOME_RECRUITMENT_OF_MITOTIC_CENTROSOME_PROTEINS_AND_COMPLEXES;REACTOME_RECRUITMENT_OF_NUMA_TO_MITOTIC_CENTROSOMES,2,POSITIVE,"[{""term_id"":""REACTOME_RECRUITMENT_OF_MITOTIC_CENTROSOME_PROTEINS_AND_COMPLEXES"",""NES"":2.3722097100124606,""FDR"":0.0,""leading_edge_n"":46,""qualified"":true},{""term_id"":""REACTOME_RECRUITMENT_OF_NUMA_TO_MITOTIC_CENTROSOMES"",""NES"":2.3385247298789595,""FDR"":0.0,""leading_edge_n"":53,""qualified"":true}]"
EXP001_vs_sensitivity,P,P094,sensitivity,0.5,2,REACTOME_RECRUITMENT_OF_MITOTIC_CENTROSOME_PROTEINS_AND_COMPLEXES;REACTOME_RECRUITMENT_OF_NUMA_TO_MITOTIC_CENTROSOMES,0,INACTIVE,"[{""term_id"":""REACTOME_RECRUITMENT_OF_MITOTIC_CENTROSOME_PROTEINS_AND_COMPLEXES"",""NES"":-1.3106149584224265,""FDR"":0.4037506135122779,""leading_edge_n"":42,""qualified"":false},{""term_id"":""REACTOME_RECRUITMENT_OF_NUMA_TO_MITOTIC_CENTROSOMES"",""NES"":-1.302015299886886,""FDR"":0.4073410832487243,""leading_edge_n"":32,""qualified"":false}]"
EXP001_vs_sensitivity,P,P095,EXP001,0.5,1,REACTOME_REGULATION_OF_MITF_M_DEPENDENT_GENES_INVOLVED_IN_CELL_CYCLE_AND_PROLIFERATION,1,POSITIVE,"[{""term_id"":""REACTOME_REGULATION_OF_MITF_M_DEPENDENT_GENES_INVOLVED_IN_CELL_CYCLE_AND_PROLIFERATION"",""NES"":1.5854312878687369,""FDR"":0.0462880026359389,""leading_edge_n"":10,""qualified"":true}]"
EXP001_vs_sensitivity,P,P095,sensitivity,0.5,1,REACTOME_REGULATION_OF_MITF_M_DEPENDENT_GENES_INVOLVED_IN_CELL_CYCLE_AND_PROLIFERATION,0,INACTIVE,"[{""term_id"":""REACTOME_REGULATION_OF_MITF_M_DEPENDENT_GENES_INVOLVED_IN_CELL_CYCLE_AND_PROLIFERATION"",""NES"":0.8386480163120387,""FDR"":0.8424939332845934,""leading_edge_n"":5,""qualified"":false}]"
EXP001_vs_sensitivity,P,P096,EXP001,0.5,1,REACTOME_SUMOYLATION_OF_DNA_REPLICATION_PROTEINS,1,POSITIVE,"[{""term_id"":""REACTOME_SUMOYLATION_OF_DNA_REPLICATION_PROTEINS"",""NES"":2.361469598192662,""FDR"":0.0,""leading_edge_n"":32,""qualified"":true}]"
EXP001_vs_sensitivity,P,P096,sensitivity,0.5,1,REACTOME_SUMOYLATION_OF_DNA_REPLICATION_PROTEINS,0,INACTIVE,"[{""term_id"":""REACTOME_SUMOYLATION_OF_DNA_REPLICATION_PROTEINS"",""NES"":1.6049690335604936,""FDR"":0.0865838076397331,""leading_edge_n"":18,""qualified"":false}]"
EXP001_vs_sensitivity,P,P097,EXP001,0.5,1,REACTOME_TP53_REGULATES_TRANSCRIPTION_OF_ADDITIONAL_CELL_CYCLE_GENES_WHOSE_EXACT_ROLE_IN_THE_P53_PATHWAY_REMAIN_UNCERTAIN,0,INACTIVE,"[{""term_id"":""REACTOME_TP53_REGULATES_TRANSCRIPTION_OF_ADDITIONAL_CELL_CYCLE_GENES_WHOSE_EXACT_ROLE_IN_THE_P53_PATHWAY_REMAIN_UNCERTAIN"",""NES"":-1.382505859340073,""FDR"":0.1883055440594215,""leading_edge_n"":4,""qualified"":false}]"
EXP001_vs_sensitivity,P,P097,sensitivity,0.5,1,REACTOME_TP53_REGULATES_TRANSCRIPTION_OF_ADDITIONAL_CELL_CYCLE_GENES_WHOSE_EXACT_ROLE_IN_THE_P53_PATHWAY_REMAIN_UNCERTAIN,0,INACTIVE,"[{""term_id"":""REACTOME_TP53_REGULATES_TRANSCRIPTION_OF_ADDITIONAL_CELL_CYCLE_GENES_WHOSE_EXACT_ROLE_IN_THE_P53_PATHWAY_REMAIN_UNCERTAIN"",""NES"":1.4970215566883296,""FDR"":0.1309437685322673,""leading_edge_n"":8,""qualified"":false}]"
EXP001_vs_sensitivity,P,P098,EXP001,0.5,1,REACTOME_TP53_REGULATES_TRANSCRIPTION_OF_CELL_CYCLE_GENES,1,POSITIVE,"[{""term_id"":""REACTOME_TP53_REGULATES_TRANSCRIPTION_OF_CELL_CYCLE_GENES"",""NES"":1.673983453326584,""FDR"":0.0232518806829453,""leading_edge_n"":16,""qualified"":true}]"
EXP001_vs_sensitivity,P,P098,sensitivity,0.5,1,REACTOME_TP53_REGULATES_TRANSCRIPTION_OF_CELL_CYCLE_GENES,0,INACTIVE,"[{""term_id"":""REACTOME_TP53_REGULATES_TRANSCRIPTION_OF_CELL_CYCLE_GENES"",""NES"":1.3936111033694782,""FDR"":0.1896955941367169,""leading_edge_n"":11,""qualified"":false}]"
EXP001_vs_sensitivity,P,P099,EXP001,0.5,1,REACTOME_TP53_REGULATES_TRANSCRIPTION_OF_GENES_INVOLVED_IN_G2_CELL_CYCLE_ARREST,1,POSITIVE,"[{""term_id"":""REACTOME_TP53_REGULATES_TRANSCRIPTION_OF_GENES_INVOLVED_IN_G2_CELL_CYCLE_ARREST"",""NES"":1.867166387919448,""FDR"":0.0029111665046358,""leading_edge_n"":9,""qualified"":true}]"
EXP001_vs_sensitivity,P,P099,sensitivity,0.5,1,REACTOME_TP53_REGULATES_TRANSCRIPTION_OF_GENES_INVOLVED_IN_G2_CELL_CYCLE_ARREST,0,INACTIVE,"[{""term_id"":""REACTOME_TP53_REGULATES_TRANSCRIPTION_OF_GENES_INVOLVED_IN_G2_CELL_CYCLE_ARREST"",""NES"":1.0376332985555758,""FDR"":0.5489918896516094,""leading_edge_n"":5,""qualified"":false}]"
EXP001_vs_sensitivity,P,P100,EXP001,0.5,1,REACTOME_VEGFR2_MEDIATED_CELL_PROLIFERATION,0,INACTIVE,"[{""term_id"":""REACTOME_VEGFR2_MEDIATED_CELL_PROLIFERATION"",""NES"":1.0455464595474575,""FDR"":0.5441392583277278,""leading_edge_n"":4,""qualified"":false}]"
EXP001_vs_sensitivity,P,P100,sensitivity,0.5,1,REACTOME_VEGFR2_MEDIATED_CELL_PROLIFERATION,0,INACTIVE,"[{""term_id"":""REACTOME_VEGFR2_MEDIATED_CELL_PROLIFERATION"",""NES"":0.7878669518991432,""FDR"":0.8937085452454653,""leading_edge_n"":5,""qualified"":false}]"
EXP001_vs_sensitivity,M,M001,EXP001,0.5,1,GOBP_AMEBOIDAL_TYPE_CELL_MIGRATION,0,INACTIVE,"[{""term_id"":""GOBP_AMEBOIDAL_TYPE_CELL_MIGRATION"",""NES"":-1.6277947264030437,""FDR"":0.0905090210640746,""leading_edge_n"":52,""qualified"":false}]"
EXP001_vs_sensitivity,M,M001,sensitivity,0.5,1,GOBP_AMEBOIDAL_TYPE_CELL_MIGRATION,0,INACTIVE,"[{""term_id"":""GOBP_AMEBOIDAL_TYPE_CELL_MIGRATION"",""NES"":1.3993670340791224,""FDR"":0.1868844452627183,""leading_edge_n"":34,""qualified"":false}]"
EXP001_vs_sensitivity,M,M002,EXP001,0.5,10,GOBP_BLOOD_VESSEL_ENDOTHELIAL_CELL_MIGRATION;GOBP_CELL_MIGRATION_INVOLVED_IN_SPROUTING_ANGIOGENESIS;GOBP_ENDOTHELIAL_CELL_MIGRATION;GOBP_NEGATIVE_REGULATION_OF_BLOOD_VESSEL_ENDOTHELIAL_CELL_MIGRATION;GOBP_NEGATIVE_REGULATION_OF_CELL_MIGRATION_INVOLVED_IN_SPROUTING_ANGIOGENESIS;GOBP_NEGATIVE_REGULATION_OF_ENDOTHELIAL_CELL_MIGRATION;GOBP_POSITIVE_REGULATION_OF_BLOOD_VESSEL_ENDOTHELIAL_CELL_MIGRATION;GOBP_POSITIVE_REGULATION_OF_ENDOTHELIAL_CELL_MIGRATION;GOBP_REGULATION_OF_CELL_MIGRATION_INVOLVED_IN_SPROUTING_ANGIOGENESIS;GOBP_REGULATION_OF_ENDOTHELIAL_CELL_MIGRATION,0,INACTIVE,"[{""term_id"":""GOBP_BLOOD_VESSEL_ENDOTHELIAL_CELL_MIGRATION"",""NES"":-1.3422446706704203,""FDR"":0.2121680460760083,""leading_edge_n"":33,""qualified"":false},{""term_id"":""GOBP_CELL_MIGRATION_INVOLVED_IN_SPROUTING_ANGIOGENESIS"",""NES"":-1.1934517199995456,""FDR"":0.332162481647934,""leading_edge_n"":21,""qualified"":false},{""term_id"":""GOBP_ENDOTHELIAL_CELL_MIGRATION"",""NES"":-1.5815081803556876,""FDR"":0.1024805084615726,""leading_edge_n"":59,""qualified"":false},{""term_id"":""GOBP_NEGATIVE_REGULATION_OF_BLOOD_VESSEL_ENDOTHELIAL_CELL_MIGRATION"",""NES"":1.0822316362029636,""FDR"":0.4916865780350274,""leading_edge_n"":10,""qualified"":false},{""term_id"":""GOBP_NEGATIVE_REGULATION_OF_CELL_MIGRATION_INVOLVED_IN_SPROUTING_ANGIOGENESIS"",""NES"":1.321528225476016,""FDR"":0.2097819076455222,""leading_edge_n"":4,""qualified"":false},{""term_id"":""GOBP_NEGATIVE_REGULATION_OF_ENDOTHELIAL_CELL_MIGRATION"",""NES"":0.9832724701007578,""FDR"":0.6340604842820514,""leading_edge_n"":12,""qualified"":false},{""term_id"":""GOBP_POSITIVE_REGULATION_OF_BLOOD_VESSEL_ENDOTHELIAL_CELL_MIGRATION"",""NES"":-1.511201732030919,""FDR"":0.1273039734680169,""leading_edge_n"":21,""qualified"":false},{""term_id"":""GOBP_POSITIVE_REGULATION_OF_ENDOTHELIAL_CELL_MIGRATION"",""NES"":-1.7831212965160568,""FDR"":0.0555016605612705,""leading_edge_n"":34,""qualified"":false},{""term_id"":""GOBP_REGULATION_OF_CELL_MIGRATION_INVOLVED_IN_SPROUTING_ANGIOGENESIS"",""NES"":1.1437026884276371,""FDR"":0.4051366249966325,""leading_edge_n"":9,""qualified"":false},{""term_id"":""GOBP_REGULATION_OF_ENDOTHELIAL_CELL_MIGRATION"",""NES"":-1.5374312275863042,""FDR"":0.1165011489770673,""leading_edge_n"":43,""qualified"":false}]"
EXP001_vs_sensitivity,M,M002,sensitivity,0.5,10,GOBP_BLOOD_VESSEL_ENDOTHELIAL_CELL_MIGRATION;GOBP_CELL_MIGRATION_INVOLVED_IN_SPROUTING_ANGIOGENESIS;GOBP_ENDOTHELIAL_CELL_MIGRATION;GOBP_NEGATIVE_REGULATION_OF_BLOOD_VESSEL_ENDOTHELIAL_CELL_MIGRATION;GOBP_NEGATIVE_REGULATION_OF_CELL_MIGRATION_INVOLVED_IN_SPROUTING_ANGIOGENESIS;GOBP_NEGATIVE_REGULATION_OF_ENDOTHELIAL_CELL_MIGRATION;GOBP_POSITIVE_REGULATION_OF_BLOOD_VESSEL_ENDOTHELIAL_CELL_MIGRATION;GOBP_POSITIVE_REGULATION_OF_ENDOTHELIAL_CELL_MIGRATION;GOBP_REGULATION_OF_CELL_MIGRATION_INVOLVED_IN_SPROUTING_ANGIOGENESIS;GOBP_REGULATION_OF_ENDOTHELIAL_CELL_MIGRATION,3,POSITIVE,"[{""term_id"":""GOBP_BLOOD_VESSEL_ENDOTHELIAL_CELL_MIGRATION"",""NES"":1.512670030820613,""FDR"":0.123789850785937,""leading_edge_n"":22,""qualified"":false},{""term_id"":""GOBP_CELL_MIGRATION_INVOLVED_IN_SPROUTING_ANGIOGENESIS"",""NES"":1.968223995263648,""FDR"":0.0115955156915462,""leading_edge_n"":14,""qualified"":true},{""term_id"":""GOBP_ENDOTHELIAL_CELL_MIGRATION"",""NES"":1.673806681913861,""FDR"":0.0638475509631704,""leading_edge_n"":39,""qualified"":false},{""term_id"":""GOBP_NEGATIVE_REGULATION_OF_BLOOD_VESSEL_ENDOTHELIAL_CELL_MIGRATION"",""NES"":-1.4135459703667512,""FDR"":0.3112542745820992,""leading_edge_n"":11,""qualified"":false},{""term_id"":""GOBP_NEGATIVE_REGULATION_OF_CELL_MIGRATION_INVOLVED_IN_SPROUTING_ANGIOGENESIS"",""NES"":1.0603053658945432,""FDR"":0.5225524664609561,""leading_edge_n"":4,""qualified"":false},{""term_id"":""GOBP_NEGATIVE_REGULATION_OF_ENDOTHELIAL_CELL_MIGRATION"",""NES"":-1.2793699083189043,""FDR"":0.4252161331723113,""leading_edge_n"":14,""qualified"":false},{""term_id"":""GOBP_POSITIVE_REGULATION_OF_BLOOD_VESSEL_ENDOTHELIAL_CELL_MIGRATION"",""NES"":1.7181972136347126,""FDR"":0.0501912244843702,""leading_edge_n"":14,""qualified"":false},{""term_id"":""GOBP_POSITIVE_REGULATION_OF_ENDOTHELIAL_CELL_MIGRATION"",""NES"":1.776598250162215,""FDR"":0.0386656406576229,""leading_edge_n"":21,""qualified"":true},{""term_id"":""GOBP_REGULATION_OF_CELL_MIGRATION_INVOLVED_IN_SPROUTING_ANGIOGENESIS"",""NES"":1.842562472294376,""FDR"":0.0256582198767726,""leading_edge_n"":13,""qualified"":true},{""term_id"":""GOBP_REGULATION_OF_ENDOTHELIAL_CELL_MIGRATION"",""NES"":1.5651249436601704,""FDR"":0.1024475244408633,""leading_edge_n"":27,""qualified"":false}]"
EXP001_vs_sensitivity,M,M003,EXP001,0.5,17,GOBP_CELL_CHEMOTAXIS;GOBP_GRANULOCYTE_CHEMOTAXIS;GOBP_GRANULOCYTE_MIGRATION;GOBP_LEUKOCYTE_CHEMOTAXIS;GOBP_LEUKOCYTE_MIGRATION;GOBP_MONONUCLEAR_CELL_MIGRATION;GOBP_MYELOID_LEUKOCYTE_MIGRATION;GOBP_NEUTROPHIL_CHEMOTAXIS;GOBP_NEUTROPHIL_MIGRATION;GOBP_POSITIVE_REGULATION_OF_CHEMOTAXIS;GOBP_POSITIVE_REGULATION_OF_LEUKOCYTE_CHEMOTAXIS;GOBP_POSITIVE_REGULATION_OF_LEUKOCYTE_MIGRATION;GOBP_POSITIVE_REGULATION_OF_MONONUCLEAR_CELL_MIGRATION;GOBP_REGULATION_OF_CHEMOTAXIS;GOBP_REGULATION_OF_LEUKOCYTE_CHEMOTAXIS;GOBP_REGULATION_OF_LEUKOCYTE_MIGRATION;GOBP_REGULATION_OF_MONONUCLEAR_CELL_MIGRATION,2,NEGATIVE,"[{""term_id"":""GOBP_CELL_CHEMOTAXIS"",""NES"":-1.6526840357150685,""FDR"":0.0798276815528614,""leading_edge_n"":57,""qualified"":false},{""term_id"":""GOBP_GRANULOCYTE_CHEMOTAXIS"",""NES"":-1.268049454353852,""FDR"":0.266370756256187,""leading_edge_n"":15,""qualified"":false},{""term_id"":""GOBP_GRANULOCYTE_MIGRATION"",""NES"":-1.0605738023730065,""FDR"":0.4802454927707083,""leading_edge_n"":16,""qualified"":false},{""term_id"":""GOBP_LEUKOCYTE_CHEMOTAXIS"",""NES"":-1.562033284269439,""FDR"":0.106464768892809,""leading_edge_n"":41,""qualified"":false},{""term_id"":""GOBP_LEUKOCYTE_MIGRATION"",""NES"":-1.374284551584457,""FDR"":0.1918184620199827,""leading_edge_n"":66,""qualified"":false},{""term_id"":""GOBP_MONONUCLEAR_CELL_MIGRATION"",""NES"":-1.4972849006155098,""FDR"":0.1316620579024665,""leading_edge_n"":55,""qualified"":false},{""term_id"":""GOBP_MYELOID_LEUKOCYTE_MIGRATION"",""NES"":-1.235825673425411,""FDR"":0.2924803001439378,""leading_edge_n"":36,""qualified"":false},{""term_id"":""GOBP_NEUTROPHIL_CHEMOTAXIS"",""NES"":-0.958712299904562,""FDR"":0.6306623527051873,""leading_edge_n"":8,""qualified"":false},{""term_id"":""GOBP_NEUTROPHIL_MIGRATION"",""NES"":1.1583198087942532,""FDR"":0.3868229695266622,""leading_edge_n"":15,""qualified"":false},{""term_id"":""GOBP_POSITIVE_REGULATION_OF_CHEMOTAXIS"",""NES"":-1.8637263917879097,""FDR"":0.0322253362604793,""leading_edge_n"":40,""qualified"":true},{""term_id"":""GOBP_POSITIVE_REGULATION_OF_LEUKOCYTE_CHEMOTAXIS"",""NES"":-1.5664237930489455,""FDR"":0.1057377923835765,""leading_edge_n"":21,""qualified"":false},{""term_id"":""GOBP_POSITIVE_REGULATION_OF_LEUKOCYTE_MIGRATION"",""NES"":-1.3532598047934807,""FDR"":0.2047821411832935,""leading_edge_n"":28,""qualified"":false},{""term_id"":""GOBP_POSITIVE_REGULATION_OF_MONONUCLEAR_CELL_MIGRATION"",""NES"":-1.5075272286897723,""FDR"":0.1285065845513064,""leading_edge_n"":23,""qualified"":false},{""term_id"":""GOBP_REGULATION_OF_CHEMOTAXIS"",""NES"":-1.9345911669125964,""FDR"":0.0242451958437379,""leading_edge_n"":49,""qualified"":true},{""term_id"":""GOBP_REGULATION_OF_LEUKOCYTE_CHEMOTAXIS"",""NES"":-1.6201128343650817,""FDR"":0.0919488337381681,""leading_edge_n"":19,""qualified"":false},{""term_id"":""GOBP_REGULATION_OF_LEUKOCYTE_MIGRATION"",""NES"":-1.365229426490285,""FDR"":0.1978587932193537,""leading_edge_n"":42,""qualified"":false},{""term_id"":""GOBP_REGULATION_OF_MONONUCLEAR_CELL_MIGRATION"",""NES"":-1.4117478881518235,""FDR"":0.1694992468059789,""leading_edge_n"":39,""qualified"":false}]"
EXP001_vs_sensitivity,M,M003,sensitivity,0.5,17,GOBP_CELL_CHEMOTAXIS;GOBP_GRANULOCYTE_CHEMOTAXIS;GOBP_GRANULOCYTE_MIGRATION;GOBP_LEUKOCYTE_CHEMOTAXIS;GOBP_LEUKOCYTE_MIGRATION;GOBP_MONONUCLEAR_CELL_MIGRATION;GOBP_MYELOID_LEUKOCYTE_MIGRATION;GOBP_NEUTROPHIL_CHEMOTAXIS;GOBP_NEUTROPHIL_MIGRATION;GOBP_POSITIVE_REGULATION_OF_CHEMOTAXIS;GOBP_POSITIVE_REGULATION_OF_LEUKOCYTE_CHEMOTAXIS;GOBP_POSITIVE_REGULATION_OF_LEUKOCYTE_MIGRATION;GOBP_POSITIVE_REGULATION_OF_MONONUCLEAR_CELL_MIGRATION;GOBP_REGULATION_OF_CHEMOTAXIS;GOBP_REGULATION_OF_LEUKOCYTE_CHEMOTAXIS;GOBP_REGULATION_OF_LEUKOCYTE_MIGRATION;GOBP_REGULATION_OF_MONONUCLEAR_CELL_MIGRATION,0,INACTIVE,"[{""term_id"":""GOBP_CELL_CHEMOTAXIS"",""NES"":1.5381667897006033,""FDR"":0.1116773833206446,""leading_edge_n"":40,""qualified"":false},{""term_id"":""GOBP_GRANULOCYTE_CHEMOTAXIS"",""NES"":1.283557258163943,""FDR"":0.2759433292873034,""leading_edge_n"":10,""qualified"":false},{""term_id"":""GOBP_GRANULOCYTE_MIGRATION"",""NES"":1.1771405052834227,""FDR"":0.3789713666705428,""leading_edge_n"":10,""qualified"":false},{""term_id"":""GOBP_LEUKOCYTE_CHEMOTAXIS"",""NES"":1.5017558213261326,""FDR"":0.1295618327615655,""leading_edge_n"":23,""qualified"":false},{""term_id"":""GOBP_LEUKOCYTE_MIGRATION"",""NES"":1.3708079761893954,""FDR"":0.2053017141054509,""leading_edge_n"":35,""qualified"":false},{""term_id"":""GOBP_MONONUCLEAR_CELL_MIGRATION"",""NES"":1.4692966805357452,""FDR"":0.1443240189843735,""leading_edge_n"":19,""qualified"":false},{""term_id"":""GOBP_MYELOID_LEUKOCYTE_MIGRATION"",""NES"":1.3287264454037755,""FDR"":0.2372337804797373,""leading_edge_n"":21,""qualified"":false},{""term_id"":""GOBP_NEUTROPHIL_CHEMOTAXIS"",""NES"":-0.8558074325728294,""FDR"":0.8848466258293959,""leading_edge_n"":10,""qualified"":false},{""term_id"":""GOBP_NEUTROPHIL_MIGRATION"",""NES"":-0.9048477983818152,""FDR"":0.8270276210506656,""leading_edge_n"":13,""qualified"":false},{""term_id"":""GOBP_POSITIVE_REGULATION_OF_CHEMOTAXIS"",""NES"":1.3610353819448813,""FDR"":0.2142300905292581,""leading_edge_n"":22,""qualified"":false},{""term_id"":""GOBP_POSITIVE_REGULATION_OF_LEUKOCYTE_CHEMOTAXIS"",""NES"":1.4087359641557575,""FDR"":0.1810332008564681,""leading_edge_n"":14,""qualified"":false},{""term_id"":""GOBP_POSITIVE_REGULATION_OF_LEUKOCYTE_MIGRATION"",""NES"":1.357378574190339,""FDR"":0.2162786971326739,""leading_edge_n"":18,""qualified"":false},{""term_id"":""GOBP_POSITIVE_REGULATION_OF_MONONUCLEAR_CELL_MIGRATION"",""NES"":1.2648655245593616,""FDR"":0.2914849069579126,""leading_edge_n"":9,""qualified"":false},{""term_id"":""GOBP_REGULATION_OF_CHEMOTAXIS"",""NES"":1.477844914085667,""FDR"":0.1401424806948246,""leading_edge_n"":30,""qualified"":false},{""term_id"":""GOBP_REGULATION_OF_LEUKOCYTE_CHEMOTAXIS"",""NES"":1.6003584752515398,""FDR"":0.0890020976638042,""leading_edge_n"":18,""qualified"":false},{""term_id"":""GOBP_REGULATION_OF_LEUKOCYTE_MIGRATION"",""NES"":1.5241509134390885,""FDR"":0.1180322571319555,""leading_edge_n"":24,""qualified"":false},{""term_id"":""GOBP_REGULATION_OF_MONONUCLEAR_CELL_MIGRATION"",""NES"":1.450095230055813,""FDR"":0.1546658763604183,""leading_edge_n"":15,""qualified"":false}]"
EXP001_vs_sensitivity,M,M004,EXP001,0.5,1,GOBP_CELL_MIGRATION_INVOLVED_IN_HEART_DEVELOPMENT,0,INACTIVE,"[{""term_id"":""GOBP_CELL_MIGRATION_INVOLVED_IN_HEART_DEVELOPMENT"",""NES"":-1.1212554400302397,""FDR"":0.4035567135835963,""leading_edge_n"":5,""qualified"":false}]"
EXP001_vs_sensitivity,M,M004,sensitivity,0.5,1,GOBP_CELL_MIGRATION_INVOLVED_IN_HEART_DEVELOPMENT,0,INACTIVE,"[{""term_id"":""GOBP_CELL_MIGRATION_INVOLVED_IN_HEART_DEVELOPMENT"",""NES"":1.522320219096387,""FDR"":0.1189725641505588,""leading_edge_n"":6,""qualified"":false}]"
EXP001_vs_sensitivity,M,M005,EXP001,0.5,4,GOBP_CEREBRAL_CORTEX_CELL_MIGRATION;GOBP_CEREBRAL_CORTEX_RADIALLY_ORIENTED_CELL_MIGRATION;GOBP_FOREBRAIN_CELL_MIGRATION;GOBP_TELENCEPHALON_GLIAL_CELL_MIGRATION,0,INACTIVE,"[{""term_id"":""GOBP_CEREBRAL_CORTEX_CELL_MIGRATION"",""NES"":-0.9431825782571968,""FDR"":0.6537989382133982,""leading_edge_n"":13,""qualified"":false},{""term_id"":""GOBP_CEREBRAL_CORTEX_RADIALLY_ORIENTED_CELL_MIGRATION"",""NES"":0.8359707879390035,""FDR"":0.8422849092643239,""leading_edge_n"":6,""qualified"":false},{""term_id"":""GOBP_FOREBRAIN_CELL_MIGRATION"",""NES"":-1.4430292143934862,""FDR"":0.1540432075334958,""leading_edge_n"":19,""qualified"":false},{""term_id"":""GOBP_TELENCEPHALON_GLIAL_CELL_MIGRATION"",""NES"":0.8794949711553913,""FDR"":0.7876719686783342,""leading_edge_n"":5,""qualified"":false}]"
EXP001_vs_sensitivity,M,M005,sensitivity,0.5,4,GOBP_CEREBRAL_CORTEX_CELL_MIGRATION;GOBP_CEREBRAL_CORTEX_RADIALLY_ORIENTED_CELL_MIGRATION;GOBP_FOREBRAIN_CELL_MIGRATION;GOBP_TELENCEPHALON_GLIAL_CELL_MIGRATION,0,INACTIVE,"[{""term_id"":""GOBP_CEREBRAL_CORTEX_CELL_MIGRATION"",""NES"":-1.098904700536702,""FDR"":0.5973429966230608,""leading_edge_n"":8,""qualified"":false},{""term_id"":""GOBP_CEREBRAL_CORTEX_RADIALLY_ORIENTED_CELL_MIGRATION"",""NES"":-1.2339550313366263,""FDR"":0.4624534864962086,""leading_edge_n"":9,""qualified"":false},{""term_id"":""GOBP_FOREBRAIN_CELL_MIGRATION"",""NES"":-1.031962924082565,""FDR"":0.6760611500027043,""leading_edge_n"":12,""qualified"":false},{""term_id"":""GOBP_TELENCEPHALON_GLIAL_CELL_MIGRATION"",""NES"":-1.0711728822961184,""FDR"":0.6290438790103158,""leading_edge_n"":6,""qualified"":false}]"
EXP001_vs_sensitivity,M,M006,EXP001,0.5,1,GOBP_CILIUM_OR_FLAGELLUM_DEPENDENT_CELL_MOTILITY,0,INACTIVE,"[{""term_id"":""GOBP_CILIUM_OR_FLAGELLUM_DEPENDENT_CELL_MOTILITY"",""NES"":0.8473281282764581,""FDR"":0.8289062913639975,""leading_edge_n"":35,""qualified"":false}]"
EXP001_vs_sensitivity,M,M006,sensitivity,0.5,1,GOBP_CILIUM_OR_FLAGELLUM_DEPENDENT_CELL_MOTILITY,0,INACTIVE,"[{""term_id"":""GOBP_CILIUM_OR_FLAGELLUM_DEPENDENT_CELL_MOTILITY"",""NES"":-1.1439182092494955,""FDR"":0.5482351803411598,""leading_edge_n"":54,""qualified"":false}]"
EXP001_vs_sensitivity,M,M007,EXP001,0.5,2,GOBP_ENDOTHELIAL_CELL_CHEMOTAXIS;GOBP_REGULATION_OF_ENDOTHELIAL_CELL_CHEMOTAXIS,0,INACTIVE,"[{""term_id"":""GOBP_ENDOTHELIAL_CELL_CHEMOTAXIS"",""NES"":-1.65094928840778,""FDR"":0.080979177172857,""leading_edge_n"":12,""qualified"":false},{""term_id"":""GOBP_REGULATION_OF_ENDOTHELIAL_CELL_CHEMOTAXIS"",""NES"":-1.744559181187732,""FDR"":0.0559713189932534,""leading_edge_n"":10,""qualified"":false}]"
EXP001_vs_sensitivity,M,M007,sensitivity,0.5,2,GOBP_ENDOTHELIAL_CELL_CHEMOTAXIS;GOBP_REGULATION_OF_ENDOTHELIAL_CELL_CHEMOTAXIS,0,INACTIVE,"[{""term_id"":""GOBP_ENDOTHELIAL_CELL_CHEMOTAXIS"",""NES"":1.4598334625650735,""FDR"":0.14973239631085,""leading_edge_n"":6,""qualified"":false},{""term_id"":""GOBP_REGULATION_OF_ENDOTHELIAL_CELL_CHEMOTAXIS"",""NES"":-1.2492661510568064,""FDR"":0.4551814749803474,""leading_edge_n"":7,""qualified"":false}]"
EXP001_vs_sensitivity,M,M008,EXP001,0.5,2,GOBP_FIBROBLAST_MIGRATION;GOBP_REGULATION_OF_FIBROBLAST_MIGRATION,0,INACTIVE,"[{""term_id"":""GOBP_FIBROBLAST_MIGRATION"",""NES"":-1.4539328639842728,""FDR"":0.1505300728959473,""leading_edge_n"":15,""qualified"":false},{""term_id"":""GOBP_REGULATION_OF_FIBROBLAST_MIGRATION"",""NES"":-1.320154355158574,""FDR"":0.2283550776618466,""leading_edge_n"":10,""qualified"":false}]"
EXP001_vs_sensitivity,M,M008,sensitivity,0.5,2,GOBP_FIBROBLAST_MIGRATION;GOBP_REGULATION_OF_FIBROBLAST_MIGRATION,0,INACTIVE,"[{""term_id"":""GOBP_FIBROBLAST_MIGRATION"",""NES"":1.182800055722318,""FDR"":0.3729779201497581,""leading_edge_n"":6,""qualified"":false},{""term_id"":""GOBP_REGULATION_OF_FIBROBLAST_MIGRATION"",""NES"":1.1354915912447914,""FDR"":0.4251083691238848,""leading_edge_n"":5,""qualified"":false}]"
EXP001_vs_sensitivity,M,M009,EXP001,0.5,1,GOBP_GLIAL_CELL_MIGRATION,0,INACTIVE,"[{""term_id"":""GOBP_GLIAL_CELL_MIGRATION"",""NES"":-0.9385717231198198,""FDR"":0.662227795603276,""leading_edge_n"":14,""qualified"":false}]"
EXP001_vs_sensitivity,M,M009,sensitivity,0.5,1,GOBP_GLIAL_CELL_MIGRATION,0,INACTIVE,"[{""term_id"":""GOBP_GLIAL_CELL_MIGRATION"",""NES"":-1.650149088484039,""FDR"":0.1213107929087288,""leading_edge_n"":14,""qualified"":false}]"
EXP001_vs_sensitivity,M,M010,EXP001,0.5,1,GOBP_LYMPHOCYTE_CHEMOTAXIS,0,INACTIVE,"[{""term_id"":""GOBP_LYMPHOCYTE_CHEMOTAXIS"",""NES"":-1.5950479486204092,""FDR"":0.0973624823989336,""leading_edge_n"":11,""qualified"":false}]"
EXP001_vs_sensitivity,M,M010,sensitivity,0.5,1,GOBP_LYMPHOCYTE_CHEMOTAXIS,0,INACTIVE,"[{""term_id"":""GOBP_LYMPHOCYTE_CHEMOTAXIS"",""NES"":1.514304893269127,""FDR"":0.1231982163449338,""leading_edge_n"":4,""qualified"":false}]"
EXP001_vs_sensitivity,M,M011,EXP001,0.5,6,GOBP_LYMPHOCYTE_MIGRATION;GOBP_POSITIVE_REGULATION_OF_LYMPHOCYTE_MIGRATION;GOBP_POSITIVE_REGULATION_OF_T_CELL_MIGRATION;GOBP_REGULATION_OF_LYMPHOCYTE_MIGRATION;GOBP_REGULATION_OF_T_CELL_MIGRATION;GOBP_T_CELL_MIGRATION,0,INACTIVE,"[{""term_id"":""GOBP_LYMPHOCYTE_MIGRATION"",""NES"":-1.3139412210244954,""FDR"":0.2311097512142894,""leading_edge_n"":24,""qualified"":false},{""term_id"":""GOBP_POSITIVE_REGULATION_OF_LYMPHOCYTE_MIGRATION"",""NES"":-1.2208297429117725,""FDR"":0.3043328405485811,""leading_edge_n"":10,""qualified"":false},{""term_id"":""GOBP_POSITIVE_REGULATION_OF_T_CELL_MIGRATION"",""NES"":-1.10196133215984,""FDR"":0.4264421189634493,""leading_edge_n"":9,""qualified"":false},{""term_id"":""GOBP_REGULATION_OF_LYMPHOCYTE_MIGRATION"",""NES"":-1.196205267151264,""FDR"":0.3306081711525715,""leading_edge_n"":15,""qualified"":false},{""term_id"":""GOBP_REGULATION_OF_T_CELL_MIGRATION"",""NES"":-0.989812724075282,""FDR"":0.5859216961418404,""leading_edge_n"":10,""qualified"":false},{""term_id"":""GOBP_T_CELL_MIGRATION"",""NES"":-1.177304461601679,""FDR"":0.3478275828219362,""leading_edge_n"":15,""qualified"":false}]"
EXP001_vs_sensitivity,M,M011,sensitivity,0.5,6,GOBP_LYMPHOCYTE_MIGRATION;GOBP_POSITIVE_REGULATION_OF_LYMPHOCYTE_MIGRATION;GOBP_POSITIVE_REGULATION_OF_T_CELL_MIGRATION;GOBP_REGULATION_OF_LYMPHOCYTE_MIGRATION;GOBP_REGULATION_OF_T_CELL_MIGRATION;GOBP_T_CELL_MIGRATION,0,INACTIVE,"[{""term_id"":""GOBP_LYMPHOCYTE_MIGRATION"",""NES"":1.2277953027455633,""FDR"":0.3244311879435134,""leading_edge_n"":8,""qualified"":false},{""term_id"":""GOBP_POSITIVE_REGULATION_OF_LYMPHOCYTE_MIGRATION"",""NES"":-1.2099975923148234,""FDR"":0.4840768438961715,""leading_edge_n"":4,""qualified"":false},{""term_id"":""GOBP_POSITIVE_REGULATION_OF_T_CELL_MIGRATION"",""NES"":-1.3010974940294706,""FDR"":0.4051032392433591,""leading_edge_n"":4,""qualified"":false},{""term_id"":""GOBP_REGULATION_OF_LYMPHOCYTE_MIGRATION"",""NES"":-0.8773983176634633,""FDR"":0.8625750764606155,""leading_edge_n"":5,""qualified"":false},{""term_id"":""GOBP_REGULATION_OF_T_CELL_MIGRATION"",""NES"":-1.0258140493617318,""FDR"":0.6816546571057557,""leading_edge_n"":4,""qualified"":false},{""term_id"":""GOBP_T_CELL_MIGRATION"",""NES"":1.033718320793908,""FDR"":0.5551142233293384,""leading_edge_n"":6,""qualified"":false}]"
EXP001_vs_sensitivity,M,M012,EXP001,0.5,6,GOBP_MACROPHAGE_CHEMOTAXIS;GOBP_MACROPHAGE_MIGRATION;GOBP_POSITIVE_REGULATION_OF_MACROPHAGE_CHEMOTAXIS;GOBP_POSITIVE_REGULATION_OF_MACROPHAGE_MIGRATION;GOBP_REGULATION_OF_MACROPHAGE_CHEMOTAXIS;GOBP_REGULATION_OF_MACROPHAGE_MIGRATION,1,NEGATIVE,"[{""term_id"":""GOBP_MACROPHAGE_CHEMOTAXIS"",""NES"":-1.5496999475609696,""FDR"":0.1101856763587388,""leading_edge_n"":6,""qualified"":false},{""term_id"":""GOBP_MACROPHAGE_MIGRATION"",""NES"":-1.6342196766705814,""FDR"":0.0885508728063946,""leading_edge_n"":12,""qualified"":false},{""term_id"":""GOBP_POSITIVE_REGULATION_OF_MACROPHAGE_CHEMOTAXIS"",""NES"":-1.8267270561566653,""FDR"":0.0416098438199082,""leading_edge_n"":5,""qualified"":true},{""term_id"":""GOBP_POSITIVE_REGULATION_OF_MACROPHAGE_MIGRATION"",""NES"":-1.7729262115759126,""FDR"":0.0524819195749532,""leading_edge_n"":10,""qualified"":false},{""term_id"":""GOBP_REGULATION_OF_MACROPHAGE_CHEMOTAXIS"",""NES"":-1.7154759884931687,""FDR"":0.0611550836683268,""leading_edge_n"":5,""qualified"":false},{""term_id"":""GOBP_REGULATION_OF_MACROPHAGE_MIGRATION"",""NES"":-1.7779685982954,""FDR"":0.0516035590166696,""leading_edge_n"":14,""qualified"":false}]"
EXP001_vs_sensitivity,M,M012,sensitivity,0.5,6,GOBP_MACROPHAGE_CHEMOTAXIS;GOBP_MACROPHAGE_MIGRATION;GOBP_POSITIVE_REGULATION_OF_MACROPHAGE_CHEMOTAXIS;GOBP_POSITIVE_REGULATION_OF_MACROPHAGE_MIGRATION;GOBP_REGULATION_OF_MACROPHAGE_CHEMOTAXIS;GOBP_REGULATION_OF_MACROPHAGE_MIGRATION,0,INACTIVE,"[{""term_id"":""GOBP_MACROPHAGE_CHEMOTAXIS"",""NES"":1.405762701967025,""FDR"":0.1823608094318822,""leading_edge_n"":5,""qualified"":false},{""term_id"":""GOBP_MACROPHAGE_MIGRATION"",""NES"":1.1262571586680514,""FDR"":0.4377327021650903,""leading_edge_n"":5,""qualified"":false},{""term_id"":""GOBP_POSITIVE_REGULATION_OF_MACROPHAGE_CHEMOTAXIS"",""NES"":1.720418557025093,""FDR"":0.050189938335506,""leading_edge_n"":5,""qualified"":false},{""term_id"":""GOBP_POSITIVE_REGULATION_OF_MACROPHAGE_MIGRATION"",""NES"":1.62879050056878,""FDR"":0.0782222824989036,""leading_edge_n"":5,""qualified"":false},{""term_id"":""GOBP_REGULATION_OF_MACROPHAGE_CHEMOTAXIS"",""NES"":1.5496939709663349,""FDR"":0.1075156828540108,""leading_edge_n"":5,""qualified"":false},{""term_id"":""GOBP_REGULATION_OF_MACROPHAGE_MIGRATION"",""NES"":1.2460141510410372,""FDR"":0.3079171177111657,""leading_edge_n"":5,""qualified"":false}]"
EXP001_vs_sensitivity,M,M013,EXP001,0.5,1,GOBP_MESENCHYMAL_CELL_MIGRATION,0,INACTIVE,"[{""term_id"":""GOBP_MESENCHYMAL_CELL_MIGRATION"",""NES"":-1.51698111329806,""FDR"":0.1249190006262442,""leading_edge_n"":15,""qualified"":false}]"
EXP001_vs_sensitivity,M,M013,sensitivity,0.5,1,GOBP_MESENCHYMAL_CELL_MIGRATION,0,INACTIVE,"[{""term_id"":""GOBP_MESENCHYMAL_CELL_MIGRATION"",""NES"":1.27526397599646,""FDR"":0.2822712499842539,""leading_edge_n"":10,""qualified"":false}]"
EXP001_vs_sensitivity,M,M014,EXP001,0.5,2,GOBP_MONOCYTE_CHEMOTAXIS;GOBP_REGULATION_OF_MONOCYTE_CHEMOTAXIS,0,INACTIVE,"[{""term_id"":""GOBP_MONOCYTE_CHEMOTAXIS"",""NES"":-1.170228841036007,""FDR"":0.3521550456426525,""leading_edge_n"":13,""qualified"":false},{""term_id"":""GOBP_REGULATION_OF_MONOCYTE_CHEMOTAXIS"",""NES"":-1.0465133997430969,""FDR"":0.4987208959273116,""leading_edge_n"":10,""qualified"":false}]"
EXP001_vs_sensitivity,M,M014,sensitivity,0.5,2,GOBP_MONOCYTE_CHEMOTAXIS;GOBP_REGULATION_OF_MONOCYTE_CHEMOTAXIS,2,POSITIVE,"[{""term_id"":""GOBP_MONOCYTE_CHEMOTAXIS"",""NES"":1.7937910839093854,""FDR"":0.0342850251503457,""leading_edge_n"":8,""qualified"":true},{""term_id"":""GOBP_REGULATION_OF_MONOCYTE_CHEMOTAXIS"",""NES"":1.95565558807535,""FDR"":0.0121688573676303,""leading_edge_n"":6,""qualified"":true}]"
EXP001_vs_sensitivity,M,M015,EXP001,0.5,3,GOBP_MUSCLE_CELL_MIGRATION;GOBP_SMOOTH_MUSCLE_CELL_MIGRATION;GOBP_VASCULAR_ASSOCIATED_SMOOTH_MUSCLE_CELL_MIGRATION,0,INACTIVE,"[{""term_id"":""GOBP_MUSCLE_CELL_MIGRATION"",""NES"":-1.5519132827368372,""FDR"":0.1100005487210112,""leading_edge_n"":26,""qualified"":false},{""term_id"":""GOBP_SMOOTH_MUSCLE_CELL_MIGRATION"",""NES"":-1.6212057757749387,""FDR"":0.0916956006344849,""leading_edge_n"":24,""qualified"":false},{""term_id"":""GOBP_VASCULAR_ASSOCIATED_SMOOTH_MUSCLE_CELL_MIGRATION"",""NES"":-1.7809012066707912,""FDR"":0.0519784648971407,""leading_edge_n"":12,""qualified"":false}]"
EXP001_vs_sensitivity,M,M015,sensitivity,0.5,3,GOBP_MUSCLE_CELL_MIGRATION;GOBP_SMOOTH_MUSCLE_CELL_MIGRATION;GOBP_VASCULAR_ASSOCIATED_SMOOTH_MUSCLE_CELL_MIGRATION,0,INACTIVE,"[{""term_id"":""GOBP_MUSCLE_CELL_MIGRATION"",""NES"":1.5634025432810053,""FDR"":0.1024394603415245,""leading_edge_n"":22,""qualified"":false},{""term_id"":""GOBP_SMOOTH_MUSCLE_CELL_MIGRATION"",""NES"":1.556294970614813,""FDR"":0.1052138537764731,""leading_edge_n"":19,""qualified"":false},{""term_id"":""GOBP_VASCULAR_ASSOCIATED_SMOOTH_MUSCLE_CELL_MIGRATION"",""NES"":1.701340475112704,""FDR"":0.0557450490698712,""leading_edge_n"":8,""qualified"":false}]"
EXP001_vs_sensitivity,M,M016,EXP001,0.5,1,GOBP_NEGATIVE_CHEMOTAXIS,1,NEGATIVE,"[{""term_id"":""GOBP_NEGATIVE_CHEMOTAXIS"",""NES"":-2.1246892928603094,""FDR"":0.0014967955680446,""leading_edge_n"":21,""qualified"":true}]"
EXP001_vs_sensitivity,M,M016,sensitivity,0.5,1,GOBP_NEGATIVE_CHEMOTAXIS,0,INACTIVE,"[{""term_id"":""GOBP_NEGATIVE_CHEMOTAXIS"",""NES"":-1.007082641081244,""FDR"":0.6995648576612621,""leading_edge_n"":8,""qualified"":false}]"
EXP001_vs_sensitivity,M,M017,EXP001,0.5,1,GOBP_NEGATIVE_REGULATION_OF_CHEMOTAXIS,0,INACTIVE,"[{""term_id"":""GOBP_NEGATIVE_REGULATION_OF_CHEMOTAXIS"",""NES"":-1.4835928208761735,""FDR"":0.1374295585774154,""leading_edge_n"":10,""qualified"":false}]"
EXP001_vs_sensitivity,M,M017,sensitivity,0.5,1,GOBP_NEGATIVE_REGULATION_OF_CHEMOTAXIS,1,POSITIVE,"[{""term_id"":""GOBP_NEGATIVE_REGULATION_OF_CHEMOTAXIS"",""NES"":1.939028914499148,""FDR"":0.0130226490719283,""leading_edge_n"":8,""qualified"":true}]"
EXP001_vs_sensitivity,M,M018,EXP001,0.5,2,GOBP_NEGATIVE_REGULATION_OF_LEUKOCYTE_MIGRATION;GOBP_NEGATIVE_REGULATION_OF_MONONUCLEAR_CELL_MIGRATION,0,INACTIVE,"[{""term_id"":""GOBP_NEGATIVE_REGULATION_OF_LEUKOCYTE_MIGRATION"",""NES"":-0.8470795544088242,""FDR"":0.8058494501732858,""leading_edge_n"":11,""qualified"":false},{""term_id"":""GOBP_NEGATIVE_REGULATION_OF_MONONUCLEAR_CELL_MIGRATION"",""NES"":0.8125035677588377,""FDR"":0.864879653261614,""leading_edge_n"":1,""qualified"":false}]"
EXP001_vs_sensitivity,M,M018,sensitivity,0.5,2,GOBP_NEGATIVE_REGULATION_OF_LEUKOCYTE_MIGRATION;GOBP_NEGATIVE_REGULATION_OF_MONONUCLEAR_CELL_MIGRATION,2,POSITIVE,"[{""term_id"":""GOBP_NEGATIVE_REGULATION_OF_LEUKOCYTE_MIGRATION"",""NES"":1.7995133173629905,""FDR"":0.0334515878323757,""leading_edge_n"":7,""qualified"":true},{""term_id"":""GOBP_NEGATIVE_REGULATION_OF_MONONUCLEAR_CELL_MIGRATION"",""NES"":1.888653560094719,""FDR"":0.0193679518741914,""leading_edge_n"":5,""qualified"":true}]"
EXP001_vs_sensitivity,M,M019,EXP001,0.5,1,GOBP_NEGATIVE_REGULATION_OF_LOCOMOTION,0,INACTIVE,"[{""term_id"":""GOBP_NEGATIVE_REGULATION_OF_LOCOMOTION"",""NES"":-1.6107267032329389,""FDR"":0.095338701267338,""leading_edge_n"":66,""qualified"":false}]"
EXP001_vs_sensitivity,M,M019,sensitivity,0.5,1,GOBP_NEGATIVE_REGULATION_OF_LOCOMOTION,0,INACTIVE,"[{""term_id"":""GOBP_NEGATIVE_REGULATION_OF_LOCOMOTION"",""NES"":1.651561443509212,""FDR"":0.0701038376381726,""leading_edge_n"":40,""qualified"":false}]"
EXP001_vs_sensitivity,M,M020,EXP001,0.5,1,GOBP_NEGATIVE_REGULATION_OF_SMOOTH_MUSCLE_CELL_MIGRATION,0,INACTIVE,"[{""term_id"":""GOBP_NEGATIVE_REGULATION_OF_SMOOTH_MUSCLE_CELL_MIGRATION"",""NES"":-1.6023599239561808,""FDR"":0.0960016091045813,""leading_edge_n"":10,""qualified"":false}]"
EXP001_vs_sensitivity,M,M020,sensitivity,0.5,1,GOBP_NEGATIVE_REGULATION_OF_SMOOTH_MUSCLE_CELL_MIGRATION,0,INACTIVE,"[{""term_id"":""GOBP_NEGATIVE_REGULATION_OF_SMOOTH_MUSCLE_CELL_MIGRATION"",""NES"":1.5928237902211693,""FDR"":0.0910680414237154,""leading_edge_n"":6,""qualified"":false}]"
EXP001_vs_sensitivity,M,M021,EXP001,0.5,1,GOBP_NEURON_MIGRATION,0,INACTIVE,"[{""term_id"":""GOBP_NEURON_MIGRATION"",""NES"":-1.3309691906908383,""FDR"":0.2215784231701285,""leading_edge_n"":32,""qualified"":false}]"
EXP001_vs_sensitivity,M,M021,sensitivity,0.5,1,GOBP_NEURON_MIGRATION,0,INACTIVE,"[{""term_id"":""GOBP_NEURON_MIGRATION"",""NES"":0.909908118230921,""FDR"":0.7448976970374329,""leading_edge_n"":28,""qualified"":false}]"
EXP001_vs_sensitivity,M,M022,EXP001,0.5,1,GOBP_POSITIVE_CHEMOTAXIS,0,INACTIVE,"[{""term_id"":""GOBP_POSITIVE_CHEMOTAXIS"",""NES"":-1.2131591026226116,""FDR"":0.3128161196261285,""leading_edge_n"":10,""qualified"":false}]"
EXP001_vs_sensitivity,M,M022,sensitivity,0.5,1,GOBP_POSITIVE_CHEMOTAXIS,0,INACTIVE,"[{""term_id"":""GOBP_POSITIVE_CHEMOTAXIS"",""NES"":-1.256211951575454,""FDR"":0.4489791789098218,""leading_edge_n"":11,""qualified"":false}]"
EXP001_vs_sensitivity,M,M023,EXP001,0.5,1,GOBP_POSITIVE_REGULATION_OF_CELL_MIGRATION_INVOLVED_IN_SPROUTING_ANGIOGENESIS,0,INACTIVE,"[{""term_id"":""GOBP_POSITIVE_REGULATION_OF_CELL_MIGRATION_INVOLVED_IN_SPROUTING_ANGIOGENESIS"",""NES"":-1.2537255618614245,""FDR"":0.2762820027424073,""leading_edge_n"":8,""qualified"":false}]"
EXP001_vs_sensitivity,M,M023,sensitivity,0.5,1,GOBP_POSITIVE_REGULATION_OF_CELL_MIGRATION_INVOLVED_IN_SPROUTING_ANGIOGENESIS,1,POSITIVE,"[{""term_id"":""GOBP_POSITIVE_REGULATION_OF_CELL_MIGRATION_INVOLVED_IN_SPROUTING_ANGIOGENESIS"",""NES"":1.9826725479931744,""FDR"":0.0101399783050054,""leading_edge_n"":8,""qualified"":true}]"
EXP001_vs_sensitivity,M,M024,EXP001,0.5,3,GOBP_POSITIVE_REGULATION_OF_EPITHELIAL_CELL_MIGRATION;GOBP_REGULATION_OF_EPITHELIAL_CELL_MIGRATION;GOBP_TISSUE_MIGRATION,0,INACTIVE,"[{""term_id"":""GOBP_POSITIVE_REGULATION_OF_EPITHELIAL_CELL_MIGRATION"",""NES"":1.1765275191741775,""FDR"":0.3648128607830538,""leading_edge_n"":12,""qualified"":false},{""term_id"":""GOBP_REGULATION_OF_EPITHELIAL_CELL_MIGRATION"",""NES"":1.0944490811197856,""FDR"":0.4757705463492417,""leading_edge_n"":17,""qualified"":false},{""term_id"":""GOBP_TISSUE_MIGRATION"",""NES"":-1.1753305517429866,""FDR"":0.3482902168044196,""leading_edge_n"":20,""qualified"":false}]"
EXP001_vs_sensitivity,M,M024,sensitivity,0.5,3,GOBP_POSITIVE_REGULATION_OF_EPITHELIAL_CELL_MIGRATION;GOBP_REGULATION_OF_EPITHELIAL_CELL_MIGRATION;GOBP_TISSUE_MIGRATION,0,INACTIVE,"[{""term_id"":""GOBP_POSITIVE_REGULATION_OF_EPITHELIAL_CELL_MIGRATION"",""NES"":-0.998920525787836,""FDR"":0.7020952903187138,""leading_edge_n"":6,""qualified"":false},{""term_id"":""GOBP_REGULATION_OF_EPITHELIAL_CELL_MIGRATION"",""NES"":1.0311275084237144,""FDR"":0.558841351453369,""leading_edge_n"":9,""qualified"":false},{""term_id"":""GOBP_TISSUE_MIGRATION"",""NES"":1.229514414447425,""FDR"":0.323379761876367,""leading_edge_n"":13,""qualified"":false}]"
EXP001_vs_sensitivity,M,M025,EXP001,0.5,5,GOBP_POSITIVE_REGULATION_OF_GRANULOCYTE_CHEMOTAXIS;GOBP_POSITIVE_REGULATION_OF_NEUTROPHIL_MIGRATION;GOBP_REGULATION_OF_GRANULOCYTE_CHEMOTAXIS;GOBP_REGULATION_OF_NEUTROPHIL_CHEMOTAXIS;GOBP_REGULATION_OF_NEUTROPHIL_MIGRATION,1,NEGATIVE,"[{""term_id"":""GOBP_POSITIVE_REGULATION_OF_GRANULOCYTE_CHEMOTAXIS"",""NES"":-1.324026322246782,""FDR"":0.2264660796027721,""leading_edge_n"":5,""qualified"":false},{""term_id"":""GOBP_POSITIVE_REGULATION_OF_NEUTROPHIL_MIGRATION"",""NES"":-1.0006806912119195,""FDR"":0.5674960667724971,""leading_edge_n"":6,""qualified"":false},{""term_id"":""GOBP_REGULATION_OF_GRANULOCYTE_CHEMOTAXIS"",""NES"":-1.9009378367500227,""FDR"":0.0280812959769187,""leading_edge_n"":11,""qualified"":true},{""term_id"":""GOBP_REGULATION_OF_NEUTROPHIL_CHEMOTAXIS"",""NES"":-1.5414036541886582,""FDR"":0.1140229381399478,""leading_edge_n"":7,""qualified"":false},{""term_id"":""GOBP_REGULATION_OF_NEUTROPHIL_MIGRATION"",""NES"":-1.171915982642846,""FDR"":0.34987560631402,""leading_edge_n"":8,""qualified"":false}]"
EXP001_vs_sensitivity,M,M025,sensitivity,0.5,5,GOBP_POSITIVE_REGULATION_OF_GRANULOCYTE_CHEMOTAXIS;GOBP_POSITIVE_REGULATION_OF_NEUTROPHIL_MIGRATION;GOBP_REGULATION_OF_GRANULOCYTE_CHEMOTAXIS;GOBP_REGULATION_OF_NEUTROPHIL_CHEMOTAXIS;GOBP_REGULATION_OF_NEUTROPHIL_MIGRATION,0,INACTIVE,"[{""term_id"":""GOBP_POSITIVE_REGULATION_OF_GRANULOCYTE_CHEMOTAXIS"",""NES"":-1.0550455676246069,""FDR"":0.6416946601247425,""leading_edge_n"":6,""qualified"":false},{""term_id"":""GOBP_POSITIVE_REGULATION_OF_NEUTROPHIL_MIGRATION"",""NES"":-0.9557258459528332,""FDR"":0.770640078780318,""leading_edge_n"":7,""qualified"":false},{""term_id"":""GOBP_REGULATION_OF_GRANULOCYTE_CHEMOTAXIS"",""NES"":1.4905989305729197,""FDR"":0.1336020048483169,""leading_edge_n"":7,""qualified"":false},{""term_id"":""GOBP_REGULATION_OF_NEUTROPHIL_CHEMOTAXIS"",""NES"":-0.9327742346745748,""FDR"":0.7940099441011047,""leading_edge_n"":6,""qualified"":false},{""term_id"":""GOBP_REGULATION_OF_NEUTROPHIL_MIGRATION"",""NES"":-0.9077468477842644,""FDR"":0.8230849626722014,""leading_edge_n"":8,""qualified"":false}]"
EXP001_vs_sensitivity,M,M026,EXP001,0.5,1,GOBP_POSITIVE_REGULATION_OF_LOCOMOTION,1,NEGATIVE,"[{""term_id"":""GOBP_POSITIVE_REGULATION_OF_LOCOMOTION"",""NES"":-1.8643252666726435,""FDR"":0.0328246544982548,""leading_edge_n"":142,""qualified"":true}]"
EXP001_vs_sensitivity,M,M026,sensitivity,0.5,1,GOBP_POSITIVE_REGULATION_OF_LOCOMOTION,1,POSITIVE,"[{""term_id"":""GOBP_POSITIVE_REGULATION_OF_LOCOMOTION"",""NES"":1.7402022963217525,""FDR"":0.0461306628574906,""leading_edge_n"":93,""qualified"":true}]"
EXP001_vs_sensitivity,M,M027,EXP001,0.5,1,GOBP_POSITIVE_REGULATION_OF_NEURON_MIGRATION,0,INACTIVE,"[{""term_id"":""GOBP_POSITIVE_REGULATION_OF_NEURON_MIGRATION"",""NES"":-1.379411955654965,""FDR"":0.1899409928862944,""leading_edge_n"":7,""qualified"":false}]"
EXP001_vs_sensitivity,M,M027,sensitivity,0.5,1,GOBP_POSITIVE_REGULATION_OF_NEURON_MIGRATION,0,INACTIVE,"[{""term_id"":""GOBP_POSITIVE_REGULATION_OF_NEURON_MIGRATION"",""NES"":-0.6763881756709886,""FDR"":0.9870590787281608,""leading_edge_n"":2,""qualified"":false}]"
EXP001_vs_sensitivity,M,M028,EXP001,0.5,1,GOBP_POSITIVE_REGULATION_OF_SMOOTH_MUSCLE_CELL_MIGRATION,0,INACTIVE,"[{""term_id"":""GOBP_POSITIVE_REGULATION_OF_SMOOTH_MUSCLE_CELL_MIGRATION"",""NES"":-1.3065958690085917,""FDR"":0.2366241608455536,""leading_edge_n"":10,""qualified"":false}]"
EXP001_vs_sensitivity,M,M028,sensitivity,0.5,1,GOBP_POSITIVE_REGULATION_OF_SMOOTH_MUSCLE_CELL_MIGRATION,0,INACTIVE,"[{""term_id"":""GOBP_POSITIVE_REGULATION_OF_SMOOTH_MUSCLE_CELL_MIGRATION"",""NES"":1.0962038035365966,""FDR"":0.474283835293135,""leading_edge_n"":9,""qualified"":false}]"
EXP001_vs_sensitivity,M,M029,EXP001,0.5,1,GOBP_REGULATION_OF_NEURON_MIGRATION,0,INACTIVE,"[{""term_id"":""GOBP_REGULATION_OF_NEURON_MIGRATION"",""NES"":-1.4500608782834787,""FDR"":0.1515305463296216,""leading_edge_n"":12,""qualified"":false}]"
EXP001_vs_sensitivity,M,M029,sensitivity,0.5,1,GOBP_REGULATION_OF_NEURON_MIGRATION,0,INACTIVE,"[{""term_id"":""GOBP_REGULATION_OF_NEURON_MIGRATION"",""NES"":-0.8532062945031725,""FDR"":0.8889763178627885,""leading_edge_n"":6,""qualified"":false}]"
EXP001_vs_sensitivity,M,M030,EXP001,0.5,1,GOBP_REGULATION_OF_POSITIVE_CHEMOTAXIS,0,INACTIVE,"[{""term_id"":""GOBP_REGULATION_OF_POSITIVE_CHEMOTAXIS"",""NES"":0.9024023501867614,""FDR"":0.7516731472347201,""leading_edge_n"":6,""qualified"":false}]"
EXP001_vs_sensitivity,M,M030,sensitivity,0.5,1,GOBP_REGULATION_OF_POSITIVE_CHEMOTAXIS,0,INACTIVE,"[{""term_id"":""GOBP_REGULATION_OF_POSITIVE_CHEMOTAXIS"",""NES"":-1.1373346227602488,""FDR"":0.5546545131404069,""leading_edge_n"":5,""qualified"":false}]"
EXP001_vs_sensitivity,M,M031,EXP001,0.5,1,GOBP_SUBSTRATE_DEPENDENT_CELL_MIGRATION,0,INACTIVE,"[{""term_id"":""GOBP_SUBSTRATE_DEPENDENT_CELL_MIGRATION"",""NES"":-1.1728577051019218,""FDR"":0.34983825663618,""leading_edge_n"":8,""qualified"":false}]"
EXP001_vs_sensitivity,M,M031,sensitivity,0.5,1,GOBP_SUBSTRATE_DEPENDENT_CELL_MIGRATION,0,INACTIVE,"[{""term_id"":""GOBP_SUBSTRATE_DEPENDENT_CELL_MIGRATION"",""NES"":1.328642354528648,""FDR"":0.2371519949535545,""leading_edge_n"":5,""qualified"":false}]"
EXP001_vs_sensitivity,M,M032,EXP001,0.5,1,GOBP_TROPHOBLAST_CELL_MIGRATION,0,INACTIVE,"[{""term_id"":""GOBP_TROPHOBLAST_CELL_MIGRATION"",""NES"":1.029458174665187,""FDR"":0.5659151534609133,""leading_edge_n"":5,""qualified"":false}]"
EXP001_vs_sensitivity,M,M032,sensitivity,0.5,1,GOBP_TROPHOBLAST_CELL_MIGRATION,0,INACTIVE,"[{""term_id"":""GOBP_TROPHOBLAST_CELL_MIGRATION"",""NES"":1.442536855575732,""FDR"":0.1595873806318153,""leading_edge_n"":6,""qualified"":false}]"
EXP001_vs_sensitivity,M,M033,EXP001,0.5,1,REACTOME_MET_PROMOTES_CELL_MOTILITY,0,INACTIVE,"[{""term_id"":""REACTOME_MET_PROMOTES_CELL_MOTILITY"",""NES"":-1.3950201862868978,""FDR"":0.1808841276059327,""leading_edge_n"":13,""qualified"":false}]"
EXP001_vs_sensitivity,M,M033,sensitivity,0.5,1,REACTOME_MET_PROMOTES_CELL_MOTILITY,0,INACTIVE,"[{""term_id"":""REACTOME_MET_PROMOTES_CELL_MOTILITY"",""NES"":-0.9509870860487906,""FDR"":0.7715604996398716,""leading_edge_n"":8,""qualified"":false}]"
EXP001_vs_sensitivity,M,M034,EXP001,0.5,1,REACTOME_SEMA4D_INDUCED_CELL_MIGRATION_AND_GROWTH_CONE_COLLAPSE,1,NEGATIVE,"[{""term_id"":""REACTOME_SEMA4D_INDUCED_CELL_MIGRATION_AND_GROWTH_CONE_COLLAPSE"",""NES"":-1.8458042936093977,""FDR"":0.0369517556078186,""leading_edge_n"":13,""qualified"":true}]"
EXP001_vs_sensitivity,M,M034,sensitivity,0.5,1,REACTOME_SEMA4D_INDUCED_CELL_MIGRATION_AND_GROWTH_CONE_COLLAPSE,0,INACTIVE,"[{""term_id"":""REACTOME_SEMA4D_INDUCED_CELL_MIGRATION_AND_GROWTH_CONE_COLLAPSE"",""NES"":0.8134420190952413,""FDR"":0.869855447376429,""leading_edge_n"":3,""qualified"":false}]"
EXP001_vs_sensitivity,E,E001,EXP001,0.5,1,GOBP_BASEMENT_MEMBRANE_ORGANIZATION,0,INACTIVE,"[{""term_id"":""GOBP_BASEMENT_MEMBRANE_ORGANIZATION"",""NES"":-1.4640771948080225,""FDR"":0.1458749678200232,""leading_edge_n"":10,""qualified"":false}]"
EXP001_vs_sensitivity,E,E001,sensitivity,0.5,1,GOBP_BASEMENT_MEMBRANE_ORGANIZATION,0,INACTIVE,"[{""term_id"":""GOBP_BASEMENT_MEMBRANE_ORGANIZATION"",""NES"":-1.1972054235058234,""FDR"":0.4991377818113235,""leading_edge_n"":11,""qualified"":false}]"
EXP001_vs_sensitivity,E,E002,EXP001,0.5,3,GOBP_COLLAGEN_BIOSYNTHETIC_PROCESS;GOBP_POSITIVE_REGULATION_OF_COLLAGEN_METABOLIC_PROCESS;GOBP_REGULATION_OF_COLLAGEN_METABOLIC_PROCESS,0,INACTIVE,"[{""term_id"":""GOBP_COLLAGEN_BIOSYNTHETIC_PROCESS"",""NES"":-1.2800409702687785,""FDR"":0.2559351218379117,""leading_edge_n"":14,""qualified"":false},{""term_id"":""GOBP_POSITIVE_REGULATION_OF_COLLAGEN_METABOLIC_PROCESS"",""NES"":-1.3546126893055574,""FDR"":0.2044076168348186,""leading_edge_n"":7,""qualified"":false},{""term_id"":""GOBP_REGULATION_OF_COLLAGEN_METABOLIC_PROCESS"",""NES"":-1.2512175375007866,""FDR"":0.2777106149600346,""leading_edge_n"":12,""qualified"":false}]"
EXP001_vs_sensitivity,E,E002,sensitivity,0.5,3,GOBP_COLLAGEN_BIOSYNTHETIC_PROCESS;GOBP_POSITIVE_REGULATION_OF_COLLAGEN_METABOLIC_PROCESS;GOBP_REGULATION_OF_COLLAGEN_METABOLIC_PROCESS,0,INACTIVE,"[{""term_id"":""GOBP_COLLAGEN_BIOSYNTHETIC_PROCESS"",""NES"":1.1867670491211024,""FDR"":0.3695073563658985,""leading_edge_n"":10,""qualified"":false},{""term_id"":""GOBP_POSITIVE_REGULATION_OF_COLLAGEN_METABOLIC_PROCESS"",""NES"":-1.2593381186346615,""FDR"":0.4471976732206211,""leading_edge_n"":3,""qualified"":false},{""term_id"":""GOBP_REGULATION_OF_COLLAGEN_METABOLIC_PROCESS"",""NES"":1.1457196094005253,""FDR"":0.413814064192081,""leading_edge_n"":8,""qualified"":false}]"
EXP001_vs_sensitivity,E,E003,EXP001,0.5,1,GOBP_COLLAGEN_CATABOLIC_PROCESS,0,INACTIVE,"[{""term_id"":""GOBP_COLLAGEN_CATABOLIC_PROCESS"",""NES"":1.0248304022153816,""FDR"":0.5723019844641943,""leading_edge_n"":7,""qualified"":false}]"
EXP001_vs_sensitivity,E,E003,sensitivity,0.5,1,GOBP_COLLAGEN_CATABOLIC_PROCESS,0,INACTIVE,"[{""term_id"":""GOBP_COLLAGEN_CATABOLIC_PROCESS"",""NES"":-0.9286448860946516,""FDR"":0.7997560139210586,""leading_edge_n"":4,""qualified"":false}]"
EXP001_vs_sensitivity,E,E004,EXP001,0.5,1,GOBP_COLLAGEN_FIBRIL_ORGANIZATION,1,NEGATIVE,"[{""term_id"":""GOBP_COLLAGEN_FIBRIL_ORGANIZATION"",""NES"":-1.994897796036284,""FDR"":0.0145074031979713,""leading_edge_n"":31,""qualified"":true}]"
EXP001_vs_sensitivity,E,E004,sensitivity,0.5,1,GOBP_COLLAGEN_FIBRIL_ORGANIZATION,0,INACTIVE,"[{""term_id"":""GOBP_COLLAGEN_FIBRIL_ORGANIZATION"",""NES"":1.6163719741289626,""FDR"":0.0821393335928328,""leading_edge_n"":18,""qualified"":false}]"
EXP001_vs_sensitivity,E,E005,EXP001,0.5,1,GOBP_COLLAGEN_METABOLIC_PROCESS,0,INACTIVE,"[{""term_id"":""GOBP_COLLAGEN_METABOLIC_PROCESS"",""NES"":-1.370481196389007,""FDR"":0.1950829252587343,""leading_edge_n"":32,""qualified"":false}]"
EXP001_vs_sensitivity,E,E005,sensitivity,0.5,1,GOBP_COLLAGEN_METABOLIC_PROCESS,0,INACTIVE,"[{""term_id"":""GOBP_COLLAGEN_METABOLIC_PROCESS"",""NES"":1.0580221257942672,""FDR"":0.5254566211493594,""leading_edge_n"":19,""qualified"":false}]"
EXP001_vs_sensitivity,E,E006,EXP001,0.5,1,GOBP_EXTRACELLULAR_MATRIX_ASSEMBLY,1,NEGATIVE,"[{""term_id"":""GOBP_EXTRACELLULAR_MATRIX_ASSEMBLY"",""NES"":-1.9429957770661817,""FDR"":0.0247969132439399,""leading_edge_n"":22,""qualified"":true}]"
EXP001_vs_sensitivity,E,E006,sensitivity,0.5,1,GOBP_EXTRACELLULAR_MATRIX_ASSEMBLY,0,INACTIVE,"[{""term_id"":""GOBP_EXTRACELLULAR_MATRIX_ASSEMBLY"",""NES"":-1.5047290904590065,""FDR"":0.2353950943364586,""leading_edge_n"":11,""qualified"":false}]"
EXP001_vs_sensitivity,E,E007,EXP001,0.5,1,GOBP_EXTRACELLULAR_MATRIX_DISASSEMBLY,0,INACTIVE,"[{""term_id"":""GOBP_EXTRACELLULAR_MATRIX_DISASSEMBLY"",""NES"":-1.402501262446961,""FDR"":0.1755872189325786,""leading_edge_n"":14,""qualified"":false}]"
EXP001_vs_sensitivity,E,E007,sensitivity,0.5,1,GOBP_EXTRACELLULAR_MATRIX_DISASSEMBLY,0,INACTIVE,"[{""term_id"":""GOBP_EXTRACELLULAR_MATRIX_DISASSEMBLY"",""NES"":1.299120787939368,""FDR"":0.2611986968036974,""leading_edge_n"":15,""qualified"":false}]"
EXP001_vs_sensitivity,E,E008,EXP001,0.5,1,GOBP_NEGATIVE_REGULATION_OF_EXTRACELLULAR_MATRIX_ORGANIZATION,0,INACTIVE,"[{""term_id"":""GOBP_NEGATIVE_REGULATION_OF_EXTRACELLULAR_MATRIX_ORGANIZATION"",""NES"":-1.703218090868992,""FDR"":0.0636894923166869,""leading_edge_n"":9,""qualified"":false}]"
EXP001_vs_sensitivity,E,E008,sensitivity,0.5,1,GOBP_NEGATIVE_REGULATION_OF_EXTRACELLULAR_MATRIX_ORGANIZATION,0,INACTIVE,"[{""term_id"":""GOBP_NEGATIVE_REGULATION_OF_EXTRACELLULAR_MATRIX_ORGANIZATION"",""NES"":0.9553435433971964,""FDR"":0.67153370576584,""leading_edge_n"":4,""qualified"":false}]"
EXP001_vs_sensitivity,E,E009,EXP001,0.5,1,GOBP_NEGATIVE_REGULATION_OF_TISSUE_REMODELING,0,INACTIVE,"[{""term_id"":""GOBP_NEGATIVE_REGULATION_OF_TISSUE_REMODELING"",""NES"":-0.848979461967351,""FDR"":0.8030178498885916,""leading_edge_n"":9,""qualified"":false}]"
EXP001_vs_sensitivity,E,E009,sensitivity,0.5,1,GOBP_NEGATIVE_REGULATION_OF_TISSUE_REMODELING,0,INACTIVE,"[{""term_id"":""GOBP_NEGATIVE_REGULATION_OF_TISSUE_REMODELING"",""NES"":-1.4497906709487207,""FDR"":0.2808658331759641,""leading_edge_n"":9,""qualified"":false}]"
EXP001_vs_sensitivity,E,E010,EXP001,0.5,1,GOBP_POSITIVE_REGULATION_OF_EXTRACELLULAR_MATRIX_ORGANIZATION,0,INACTIVE,"[{""term_id"":""GOBP_POSITIVE_REGULATION_OF_EXTRACELLULAR_MATRIX_ORGANIZATION"",""NES"":-1.445863424980492,""FDR"":0.1532174148392899,""leading_edge_n"":11,""qualified"":false}]"
EXP001_vs_sensitivity,E,E010,sensitivity,0.5,1,GOBP_POSITIVE_REGULATION_OF_EXTRACELLULAR_MATRIX_ORGANIZATION,0,INACTIVE,"[{""term_id"":""GOBP_POSITIVE_REGULATION_OF_EXTRACELLULAR_MATRIX_ORGANIZATION"",""NES"":0.9887328423454014,""FDR"":0.621504841676567,""leading_edge_n"":6,""qualified"":false}]"
EXP001_vs_sensitivity,E,E011,EXP001,0.5,1,GOBP_REGULATION_OF_EXTRACELLULAR_MATRIX_DISASSEMBLY,0,INACTIVE,"[{""term_id"":""GOBP_REGULATION_OF_EXTRACELLULAR_MATRIX_DISASSEMBLY"",""NES"":-1.594313969990505,""FDR"":0.0971594649249232,""leading_edge_n"":7,""qualified"":false}]"
EXP001_vs_sensitivity,E,E011,sensitivity,0.5,1,GOBP_REGULATION_OF_EXTRACELLULAR_MATRIX_DISASSEMBLY,0,INACTIVE,"[{""term_id"":""GOBP_REGULATION_OF_EXTRACELLULAR_MATRIX_DISASSEMBLY"",""NES"":1.4438850621365868,""FDR"":0.1586405497289911,""leading_edge_n"":7,""qualified"":false}]"
EXP001_vs_sensitivity,E,E012,EXP001,0.5,1,GOBP_REGULATION_OF_EXTRACELLULAR_MATRIX_ORGANIZATION,1,NEGATIVE,"[{""term_id"":""GOBP_REGULATION_OF_EXTRACELLULAR_MATRIX_ORGANIZATION"",""NES"":-1.862181442561959,""FDR"":0.0322815840450743,""leading_edge_n"":27,""qualified"":true}]"
EXP001_vs_sensitivity,E,E012,sensitivity,0.5,1,GOBP_REGULATION_OF_EXTRACELLULAR_MATRIX_ORGANIZATION,0,INACTIVE,"[{""term_id"":""GOBP_REGULATION_OF_EXTRACELLULAR_MATRIX_ORGANIZATION"",""NES"":1.1422297107685702,""FDR"":0.4179638795475215,""leading_edge_n"":13,""qualified"":false}]"
EXP001_vs_sensitivity,E,E013,EXP001,0.5,1,GOBP_REGULATION_OF_TISSUE_REMODELING,0,INACTIVE,"[{""term_id"":""GOBP_REGULATION_OF_TISSUE_REMODELING"",""NES"":-1.1984448176650155,""FDR"":0.328720648353843,""leading_edge_n"":18,""qualified"":false}]"
EXP001_vs_sensitivity,E,E013,sensitivity,0.5,1,GOBP_REGULATION_OF_TISSUE_REMODELING,0,INACTIVE,"[{""term_id"":""GOBP_REGULATION_OF_TISSUE_REMODELING"",""NES"":-1.698446903222124,""FDR"":0.0980875181237386,""leading_edge_n"":20,""qualified"":false}]"
EXP001_vs_sensitivity,E,E014,EXP001,0.5,1,GOBP_TISSUE_REMODELING,0,INACTIVE,"[{""term_id"":""GOBP_TISSUE_REMODELING"",""NES"":-1.3682418195439665,""FDR"":0.1962787374116763,""leading_edge_n"":39,""qualified"":false}]"
EXP001_vs_sensitivity,E,E014,sensitivity,0.5,1,GOBP_TISSUE_REMODELING,0,INACTIVE,"[{""term_id"":""GOBP_TISSUE_REMODELING"",""NES"":1.251528034326097,""FDR"":0.3023094322656953,""leading_edge_n"":35,""qualified"":false}]"
EXP001_vs_sensitivity,E,E015,EXP001,0.5,5,REACTOME_ASSEMBLY_OF_COLLAGEN_FIBRILS_AND_OTHER_MULTIMERIC_STRUCTURES;REACTOME_COLLAGEN_BIOSYNTHESIS_AND_MODIFYING_ENZYMES;REACTOME_COLLAGEN_CHAIN_TRIMERIZATION;REACTOME_COLLAGEN_DEGRADATION;REACTOME_COLLAGEN_FORMATION,0,INACTIVE,"[{""term_id"":""REACTOME_ASSEMBLY_OF_COLLAGEN_FIBRILS_AND_OTHER_MULTIMERIC_STRUCTURES"",""NES"":-1.4026827572514595,""FDR"":0.1756031718599639,""leading_edge_n"":20,""qualified"":false},{""term_id"":""REACTOME_COLLAGEN_BIOSYNTHESIS_AND_MODIFYING_ENZYMES"",""NES"":-1.4467191467578542,""FDR"":0.152974585936898,""leading_edge_n"":21,""qualified"":false},{""term_id"":""REACTOME_COLLAGEN_CHAIN_TRIMERIZATION"",""NES"":-1.3510525695217648,""FDR"":0.2062725576919722,""leading_edge_n"":14,""qualified"":false},{""term_id"":""REACTOME_COLLAGEN_DEGRADATION"",""NES"":-1.314333068822194,""FDR"":0.230996050554719,""leading_edge_n"":17,""qualified"":false},{""term_id"":""REACTOME_COLLAGEN_FORMATION"",""NES"":-1.4044840796739948,""FDR"":0.1748889797793614,""leading_edge_n"":27,""qualified"":false}]"
EXP001_vs_sensitivity,E,E015,sensitivity,0.5,5,REACTOME_ASSEMBLY_OF_COLLAGEN_FIBRILS_AND_OTHER_MULTIMERIC_STRUCTURES;REACTOME_COLLAGEN_BIOSYNTHESIS_AND_MODIFYING_ENZYMES;REACTOME_COLLAGEN_CHAIN_TRIMERIZATION;REACTOME_COLLAGEN_DEGRADATION;REACTOME_COLLAGEN_FORMATION,0,INACTIVE,"[{""term_id"":""REACTOME_ASSEMBLY_OF_COLLAGEN_FIBRILS_AND_OTHER_MULTIMERIC_STRUCTURES"",""NES"":1.1633808902603526,""FDR"":0.3935230798361278,""leading_edge_n"":15,""qualified"":false},{""term_id"":""REACTOME_COLLAGEN_BIOSYNTHESIS_AND_MODIFYING_ENZYMES"",""NES"":1.2772497381227623,""FDR"":0.2810409730622504,""leading_edge_n"":14,""qualified"":false},{""term_id"":""REACTOME_COLLAGEN_CHAIN_TRIMERIZATION"",""NES"":1.3855180415286676,""FDR"":0.1954758664925146,""leading_edge_n"":11,""qualified"":false},{""term_id"":""REACTOME_COLLAGEN_DEGRADATION"",""NES"":1.2560783066572168,""FDR"":0.2975945720753549,""leading_edge_n"":13,""qualified"":false},{""term_id"":""REACTOME_COLLAGEN_FORMATION"",""NES"":1.1418392167124702,""FDR"":0.4180828787820924,""leading_edge_n"":17,""qualified"":false}]"
EXP001_vs_sensitivity,E,E016,EXP001,0.5,1,REACTOME_CELL_EXTRACELLULAR_MATRIX_INTERACTIONS,0,INACTIVE,"[{""term_id"":""REACTOME_CELL_EXTRACELLULAR_MATRIX_INTERACTIONS"",""NES"":-1.5627241082825147,""FDR"":0.1062103288373241,""leading_edge_n"":7,""qualified"":false}]"
EXP001_vs_sensitivity,E,E016,sensitivity,0.5,1,REACTOME_CELL_EXTRACELLULAR_MATRIX_INTERACTIONS,0,INACTIVE,"[{""term_id"":""REACTOME_CELL_EXTRACELLULAR_MATRIX_INTERACTIONS"",""NES"":1.2805400323551075,""FDR"":0.2777957089659352,""leading_edge_n"":3,""qualified"":false}]"
EXP001_vs_sensitivity,E,E017,EXP001,0.5,1,REACTOME_CROSSLINKING_OF_COLLAGEN_FIBRILS,0,INACTIVE,"[{""term_id"":""REACTOME_CROSSLINKING_OF_COLLAGEN_FIBRILS"",""NES"":-1.6993648976604243,""FDR"":0.0645448784661008,""leading_edge_n"":7,""qualified"":false}]"
EXP001_vs_sensitivity,E,E017,sensitivity,0.5,1,REACTOME_CROSSLINKING_OF_COLLAGEN_FIBRILS,0,INACTIVE,"[{""term_id"":""REACTOME_CROSSLINKING_OF_COLLAGEN_FIBRILS"",""NES"":1.0967782871208542,""FDR"":0.47416181542326,""leading_edge_n"":4,""qualified"":false}]"
EXP001_vs_sensitivity,E,E018,EXP001,0.5,1,REACTOME_DEGRADATION_OF_THE_EXTRACELLULAR_MATRIX,0,INACTIVE,"[{""term_id"":""REACTOME_DEGRADATION_OF_THE_EXTRACELLULAR_MATRIX"",""NES"":-1.5499826468032798,""FDR"":0.1101297934066824,""leading_edge_n"":31,""qualified"":false}]"
EXP001_vs_sensitivity,E,E018,sensitivity,0.5,1,REACTOME_DEGRADATION_OF_THE_EXTRACELLULAR_MATRIX,0,INACTIVE,"[{""term_id"":""REACTOME_DEGRADATION_OF_THE_EXTRACELLULAR_MATRIX"",""NES"":1.054188962799668,""FDR"":0.5290097526724126,""leading_edge_n"":24,""qualified"":false}]"
EXP001_vs_sensitivity,E,E019,EXP001,0.5,1,REACTOME_ECM_PROTEOGLYCANS,0,INACTIVE,"[{""term_id"":""REACTOME_ECM_PROTEOGLYCANS"",""NES"":-1.7817366634382563,""FDR"":0.0537527389244545,""leading_edge_n"":22,""qualified"":false}]"
EXP001_vs_sensitivity,E,E019,sensitivity,0.5,1,REACTOME_ECM_PROTEOGLYCANS,0,INACTIVE,"[{""term_id"":""REACTOME_ECM_PROTEOGLYCANS"",""NES"":-1.346382711924731,""FDR"":0.3564158489807448,""leading_edge_n"":21,""qualified"":false}]"
EXP001_vs_sensitivity,E,E020,EXP001,0.5,1,REACTOME_EXTRACELLULAR_MATRIX_ORGANIZATION,1,NEGATIVE,"[{""term_id"":""REACTOME_EXTRACELLULAR_MATRIX_ORGANIZATION"",""NES"":-1.948866437079759,""FDR"":0.0231609419476384,""leading_edge_n"":90,""qualified"":true}]"
EXP001_vs_sensitivity,E,E020,sensitivity,0.5,1,REACTOME_EXTRACELLULAR_MATRIX_ORGANIZATION,0,INACTIVE,"[{""term_id"":""REACTOME_EXTRACELLULAR_MATRIX_ORGANIZATION"",""NES"":1.3457888883946163,""FDR"":0.2246207261296101,""leading_edge_n"":51,""qualified"":false}]"
EXP001_vs_sensitivity,E,E021,EXP001,0.5,1,REACTOME_INTEGRIN_CELL_SURFACE_INTERACTIONS,0,INACTIVE,"[{""term_id"":""REACTOME_INTEGRIN_CELL_SURFACE_INTERACTIONS"",""NES"":-1.3410710124578116,""FDR"":0.2130958314563448,""leading_edge_n"":19,""qualified"":false}]"
EXP001_vs_sensitivity,E,E021,sensitivity,0.5,1,REACTOME_INTEGRIN_CELL_SURFACE_INTERACTIONS,0,INACTIVE,"[{""term_id"":""REACTOME_INTEGRIN_CELL_SURFACE_INTERACTIONS"",""NES"":1.2541296243872282,""FDR"":0.3001157095589603,""leading_edge_n"":16,""qualified"":false}]"
EXP001_vs_sensitivity,E,E022,EXP001,0.5,1,REACTOME_NON_INTEGRIN_MEMBRANE_ECM_INTERACTIONS,1,NEGATIVE,"[{""term_id"":""REACTOME_NON_INTEGRIN_MEMBRANE_ECM_INTERACTIONS"",""NES"":-1.9332364638622683,""FDR"":0.0236715447242619,""leading_edge_n"":31,""qualified"":true}]"
EXP001_vs_sensitivity,E,E022,sensitivity,0.5,1,REACTOME_NON_INTEGRIN_MEMBRANE_ECM_INTERACTIONS,0,INACTIVE,"[{""term_id"":""REACTOME_NON_INTEGRIN_MEMBRANE_ECM_INTERACTIONS"",""NES"":0.9811967972124532,""FDR"":0.6329946766477971,""leading_edge_n"":20,""qualified"":false}]"
EXP001_vs_sensitivity,A,A001,EXP001,0.5,1,GOBP_ANGIOGENESIS_INVOLVED_IN_WOUND_HEALING,0,INACTIVE,"[{""term_id"":""GOBP_ANGIOGENESIS_INVOLVED_IN_WOUND_HEALING"",""NES"":-1.4518349632340275,""FDR"":0.1513728782028191,""leading_edge_n"":9,""qualified"":false}]"
EXP001_vs_sensitivity,A,A001,sensitivity,0.5,1,GOBP_ANGIOGENESIS_INVOLVED_IN_WOUND_HEALING,0,INACTIVE,"[{""term_id"":""GOBP_ANGIOGENESIS_INVOLVED_IN_WOUND_HEALING"",""NES"":1.1962924661969845,""FDR"":0.3587022613142465,""leading_edge_n"":6,""qualified"":false}]"
EXP001_vs_sensitivity,A,A002,EXP001,0.5,10,GOBP_BLOOD_VESSEL_ENDOTHELIAL_CELL_MIGRATION;GOBP_CELL_MIGRATION_INVOLVED_IN_SPROUTING_ANGIOGENESIS;GOBP_ENDOTHELIAL_CELL_MIGRATION;GOBP_NEGATIVE_REGULATION_OF_BLOOD_VESSEL_ENDOTHELIAL_CELL_MIGRATION;GOBP_NEGATIVE_REGULATION_OF_CELL_MIGRATION_INVOLVED_IN_SPROUTING_ANGIOGENESIS;GOBP_NEGATIVE_REGULATION_OF_ENDOTHELIAL_CELL_MIGRATION;GOBP_POSITIVE_REGULATION_OF_BLOOD_VESSEL_ENDOTHELIAL_CELL_MIGRATION;GOBP_POSITIVE_REGULATION_OF_ENDOTHELIAL_CELL_MIGRATION;GOBP_REGULATION_OF_CELL_MIGRATION_INVOLVED_IN_SPROUTING_ANGIOGENESIS;GOBP_REGULATION_OF_ENDOTHELIAL_CELL_MIGRATION,0,INACTIVE,"[{""term_id"":""GOBP_BLOOD_VESSEL_ENDOTHELIAL_CELL_MIGRATION"",""NES"":-1.3422446706704203,""FDR"":0.2121680460760083,""leading_edge_n"":33,""qualified"":false},{""term_id"":""GOBP_CELL_MIGRATION_INVOLVED_IN_SPROUTING_ANGIOGENESIS"",""NES"":-1.1934517199995456,""FDR"":0.332162481647934,""leading_edge_n"":21,""qualified"":false},{""term_id"":""GOBP_ENDOTHELIAL_CELL_MIGRATION"",""NES"":-1.5815081803556876,""FDR"":0.1024805084615726,""leading_edge_n"":59,""qualified"":false},{""term_id"":""GOBP_NEGATIVE_REGULATION_OF_BLOOD_VESSEL_ENDOTHELIAL_CELL_MIGRATION"",""NES"":1.0822316362029636,""FDR"":0.4916865780350274,""leading_edge_n"":10,""qualified"":false},{""term_id"":""GOBP_NEGATIVE_REGULATION_OF_CELL_MIGRATION_INVOLVED_IN_SPROUTING_ANGIOGENESIS"",""NES"":1.321528225476016,""FDR"":0.2097819076455222,""leading_edge_n"":4,""qualified"":false},{""term_id"":""GOBP_NEGATIVE_REGULATION_OF_ENDOTHELIAL_CELL_MIGRATION"",""NES"":0.9832724701007578,""FDR"":0.6340604842820514,""leading_edge_n"":12,""qualified"":false},{""term_id"":""GOBP_POSITIVE_REGULATION_OF_BLOOD_VESSEL_ENDOTHELIAL_CELL_MIGRATION"",""NES"":-1.511201732030919,""FDR"":0.1273039734680169,""leading_edge_n"":21,""qualified"":false},{""term_id"":""GOBP_POSITIVE_REGULATION_OF_ENDOTHELIAL_CELL_MIGRATION"",""NES"":-1.7831212965160568,""FDR"":0.0555016605612705,""leading_edge_n"":34,""qualified"":false},{""term_id"":""GOBP_REGULATION_OF_CELL_MIGRATION_INVOLVED_IN_SPROUTING_ANGIOGENESIS"",""NES"":1.1437026884276371,""FDR"":0.4051366249966325,""leading_edge_n"":9,""qualified"":false},{""term_id"":""GOBP_REGULATION_OF_ENDOTHELIAL_CELL_MIGRATION"",""NES"":-1.5374312275863042,""FDR"":0.1165011489770673,""leading_edge_n"":43,""qualified"":false}]"
EXP001_vs_sensitivity,A,A002,sensitivity,0.5,10,GOBP_BLOOD_VESSEL_ENDOTHELIAL_CELL_MIGRATION;GOBP_CELL_MIGRATION_INVOLVED_IN_SPROUTING_ANGIOGENESIS;GOBP_ENDOTHELIAL_CELL_MIGRATION;GOBP_NEGATIVE_REGULATION_OF_BLOOD_VESSEL_ENDOTHELIAL_CELL_MIGRATION;GOBP_NEGATIVE_REGULATION_OF_CELL_MIGRATION_INVOLVED_IN_SPROUTING_ANGIOGENESIS;GOBP_NEGATIVE_REGULATION_OF_ENDOTHELIAL_CELL_MIGRATION;GOBP_POSITIVE_REGULATION_OF_BLOOD_VESSEL_ENDOTHELIAL_CELL_MIGRATION;GOBP_POSITIVE_REGULATION_OF_ENDOTHELIAL_CELL_MIGRATION;GOBP_REGULATION_OF_CELL_MIGRATION_INVOLVED_IN_SPROUTING_ANGIOGENESIS;GOBP_REGULATION_OF_ENDOTHELIAL_CELL_MIGRATION,3,POSITIVE,"[{""term_id"":""GOBP_BLOOD_VESSEL_ENDOTHELIAL_CELL_MIGRATION"",""NES"":1.512670030820613,""FDR"":0.123789850785937,""leading_edge_n"":22,""qualified"":false},{""term_id"":""GOBP_CELL_MIGRATION_INVOLVED_IN_SPROUTING_ANGIOGENESIS"",""NES"":1.968223995263648,""FDR"":0.0115955156915462,""leading_edge_n"":14,""qualified"":true},{""term_id"":""GOBP_ENDOTHELIAL_CELL_MIGRATION"",""NES"":1.673806681913861,""FDR"":0.0638475509631704,""leading_edge_n"":39,""qualified"":false},{""term_id"":""GOBP_NEGATIVE_REGULATION_OF_BLOOD_VESSEL_ENDOTHELIAL_CELL_MIGRATION"",""NES"":-1.4135459703667512,""FDR"":0.3112542745820992,""leading_edge_n"":11,""qualified"":false},{""term_id"":""GOBP_NEGATIVE_REGULATION_OF_CELL_MIGRATION_INVOLVED_IN_SPROUTING_ANGIOGENESIS"",""NES"":1.0603053658945432,""FDR"":0.5225524664609561,""leading_edge_n"":4,""qualified"":false},{""term_id"":""GOBP_NEGATIVE_REGULATION_OF_ENDOTHELIAL_CELL_MIGRATION"",""NES"":-1.2793699083189043,""FDR"":0.4252161331723113,""leading_edge_n"":14,""qualified"":false},{""term_id"":""GOBP_POSITIVE_REGULATION_OF_BLOOD_VESSEL_ENDOTHELIAL_CELL_MIGRATION"",""NES"":1.7181972136347126,""FDR"":0.0501912244843702,""leading_edge_n"":14,""qualified"":false},{""term_id"":""GOBP_POSITIVE_REGULATION_OF_ENDOTHELIAL_CELL_MIGRATION"",""NES"":1.776598250162215,""FDR"":0.0386656406576229,""leading_edge_n"":21,""qualified"":true},{""term_id"":""GOBP_REGULATION_OF_CELL_MIGRATION_INVOLVED_IN_SPROUTING_ANGIOGENESIS"",""NES"":1.842562472294376,""FDR"":0.0256582198767726,""leading_edge_n"":13,""qualified"":true},{""term_id"":""GOBP_REGULATION_OF_ENDOTHELIAL_CELL_MIGRATION"",""NES"":1.5651249436601704,""FDR"":0.1024475244408633,""leading_edge_n"":27,""qualified"":false}]"
EXP001_vs_sensitivity,A,A003,EXP001,0.5,1,GOBP_BLOOD_VESSEL_ENDOTHELIAL_CELL_PROLIFERATION_INVOLVED_IN_SPROUTING_ANGIOGENESIS,0,INACTIVE,"[{""term_id"":""GOBP_BLOOD_VESSEL_ENDOTHELIAL_CELL_PROLIFERATION_INVOLVED_IN_SPROUTING_ANGIOGENESIS"",""NES"":1.0290546644460106,""FDR"":0.565693683175978,""leading_edge_n"":6,""qualified"":false}]"
EXP001_vs_sensitivity,A,A003,sensitivity,0.5,1,GOBP_BLOOD_VESSEL_ENDOTHELIAL_CELL_PROLIFERATION_INVOLVED_IN_SPROUTING_ANGIOGENESIS,0,INACTIVE,"[{""term_id"":""GOBP_BLOOD_VESSEL_ENDOTHELIAL_CELL_PROLIFERATION_INVOLVED_IN_SPROUTING_ANGIOGENESIS"",""NES"":1.528740152244835,""FDR"":0.1157258924825751,""leading_edge_n"":6,""qualified"":false}]"
EXP001_vs_sensitivity,A,A004,EXP001,0.5,1,GOBP_BLOOD_VESSEL_REMODELING,0,INACTIVE,"[{""term_id"":""GOBP_BLOOD_VESSEL_REMODELING"",""NES"":-0.95291839854868,""FDR"":0.6387112226712426,""leading_edge_n"":9,""qualified"":false}]"
EXP001_vs_sensitivity,A,A004,sensitivity,0.5,1,GOBP_BLOOD_VESSEL_REMODELING,0,INACTIVE,"[{""term_id"":""GOBP_BLOOD_VESSEL_REMODELING"",""NES"":1.206946888642999,""FDR"":0.3457988907525134,""leading_edge_n"":10,""qualified"":false}]"
EXP001_vs_sensitivity,A,A005,EXP001,0.5,1,GOBP_BRANCHING_INVOLVED_IN_BLOOD_VESSEL_MORPHOGENESIS,0,INACTIVE,"[{""term_id"":""GOBP_BRANCHING_INVOLVED_IN_BLOOD_VESSEL_MORPHOGENESIS"",""NES"":1.1340351904976034,""FDR"":0.417188792905614,""leading_edge_n"":9,""qualified"":false}]"
EXP001_vs_sensitivity,A,A005,sensitivity,0.5,1,GOBP_BRANCHING_INVOLVED_IN_BLOOD_VESSEL_MORPHOGENESIS,0,INACTIVE,"[{""term_id"":""GOBP_BRANCHING_INVOLVED_IN_BLOOD_VESSEL_MORPHOGENESIS"",""NES"":1.6727458212714317,""FDR"":0.0641536565544518,""leading_edge_n"":14,""qualified"":false}]"
EXP001_vs_sensitivity,A,A006,EXP001,0.5,3,GOBP_CELLULAR_RESPONSE_TO_VASCULAR_ENDOTHELIAL_GROWTH_FACTOR_STIMULUS;GOBP_REGULATION_OF_CELLULAR_RESPONSE_TO_VASCULAR_ENDOTHELIAL_GROWTH_FACTOR_STIMULUS;GOBP_VASCULAR_ENDOTHELIAL_GROWTH_FACTOR_SIGNALING_PATHWAY,0,INACTIVE,"[{""term_id"":""GOBP_CELLULAR_RESPONSE_TO_VASCULAR_ENDOTHELIAL_GROWTH_FACTOR_STIMULUS"",""NES"":-1.408682884470071,""FDR"":0.1720300709297706,""leading_edge_n"":19,""qualified"":false},{""term_id"":""GOBP_REGULATION_OF_CELLULAR_RESPONSE_TO_VASCULAR_ENDOTHELIAL_GROWTH_FACTOR_STIMULUS"",""NES"":-1.3684856702492714,""FDR"":0.1961831736063619,""leading_edge_n"":9,""qualified"":false},{""term_id"":""GOBP_VASCULAR_ENDOTHELIAL_GROWTH_FACTOR_SIGNALING_PATHWAY"",""NES"":-1.3065773085134875,""FDR"":0.2364331240669152,""leading_edge_n"":13,""qualified"":false}]"
EXP001_vs_sensitivity,A,A006,sensitivity,0.5,3,GOBP_CELLULAR_RESPONSE_TO_VASCULAR_ENDOTHELIAL_GROWTH_FACTOR_STIMULUS;GOBP_REGULATION_OF_CELLULAR_RESPONSE_TO_VASCULAR_ENDOTHELIAL_GROWTH_FACTOR_STIMULUS;GOBP_VASCULAR_ENDOTHELIAL_GROWTH_FACTOR_SIGNALING_PATHWAY,0,INACTIVE,"[{""term_id"":""GOBP_CELLULAR_RESPONSE_TO_VASCULAR_ENDOTHELIAL_GROWTH_FACTOR_STIMULUS"",""NES"":1.280746857940692,""FDR"":0.2778404744182165,""leading_edge_n"":11,""qualified"":false},{""term_id"":""GOBP_REGULATION_OF_CELLULAR_RESPONSE_TO_VASCULAR_ENDOTHELIAL_GROWTH_FACTOR_STIMULUS"",""NES"":1.1480992486527228,""FDR"":0.4109254607466661,""leading_edge_n"":5,""qualified"":false},{""term_id"":""GOBP_VASCULAR_ENDOTHELIAL_GROWTH_FACTOR_SIGNALING_PATHWAY"",""NES"":1.10466392374363,""FDR"":0.4641306219709227,""leading_edge_n"":13,""qualified"":false}]"
EXP001_vs_sensitivity,A,A007,EXP001,0.5,2,GOBP_COLLATERAL_SPROUTING;GOBP_REGULATION_OF_COLLATERAL_SPROUTING,0,INACTIVE,"[{""term_id"":""GOBP_COLLATERAL_SPROUTING"",""NES"":-1.6342674591729842,""FDR"":0.0888699269829481,""leading_edge_n"":15,""qualified"":false},{""term_id"":""GOBP_REGULATION_OF_COLLATERAL_SPROUTING"",""NES"":-1.6104479677525554,""FDR"":0.095259657264731,""leading_edge_n"":12,""qualified"":false}]"
EXP001_vs_sensitivity,A,A007,sensitivity,0.5,2,GOBP_COLLATERAL_SPROUTING;GOBP_REGULATION_OF_COLLATERAL_SPROUTING,0,INACTIVE,"[{""term_id"":""GOBP_COLLATERAL_SPROUTING"",""NES"":-0.9606517188219632,""FDR"":0.7644129189428808,""leading_edge_n"":11,""qualified"":false},{""term_id"":""GOBP_REGULATION_OF_COLLATERAL_SPROUTING"",""NES"":0.6668125141787697,""FDR"":0.9753183669415352,""leading_edge_n"":4,""qualified"":false}]"
EXP001_vs_sensitivity,A,A008,EXP001,0.5,2,GOBP_ENDOTHELIAL_CELL_APOPTOTIC_PROCESS;GOBP_NEGATIVE_REGULATION_OF_ENDOTHELIAL_CELL_APOPTOTIC_PROCESS,1,NEGATIVE,"[{""term_id"":""GOBP_ENDOTHELIAL_CELL_APOPTOTIC_PROCESS"",""NES"":-1.8603322999608665,""FDR"":0.0320147940942886,""leading_edge_n"":20,""qualified"":true},{""term_id"":""GOBP_NEGATIVE_REGULATION_OF_ENDOTHELIAL_CELL_APOPTOTIC_PROCESS"",""NES"":-1.2732478891801249,""FDR"":0.2615147133581069,""leading_edge_n"":7,""qualified"":false}]"
EXP001_vs_sensitivity,A,A008,sensitivity,0.5,2,GOBP_ENDOTHELIAL_CELL_APOPTOTIC_PROCESS;GOBP_NEGATIVE_REGULATION_OF_ENDOTHELIAL_CELL_APOPTOTIC_PROCESS,0,INACTIVE,"[{""term_id"":""GOBP_ENDOTHELIAL_CELL_APOPTOTIC_PROCESS"",""NES"":1.6623324629250769,""FDR"":0.0671307155152693,""leading_edge_n"":15,""qualified"":false},{""term_id"":""GOBP_NEGATIVE_REGULATION_OF_ENDOTHELIAL_CELL_APOPTOTIC_PROCESS"",""NES"":1.3027551384241918,""FDR"":0.2579895587255735,""leading_edge_n"":7,""qualified"":false}]"
EXP001_vs_sensitivity,A,A009,EXP001,0.5,2,GOBP_ENDOTHELIAL_CELL_CHEMOTAXIS;GOBP_REGULATION_OF_ENDOTHELIAL_CELL_CHEMOTAXIS,0,INACTIVE,"[{""term_id"":""GOBP_ENDOTHELIAL_CELL_CHEMOTAXIS"",""NES"":-1.65094928840778,""FDR"":0.080979177172857,""leading_edge_n"":12,""qualified"":false},{""term_id"":""GOBP_REGULATION_OF_ENDOTHELIAL_CELL_CHEMOTAXIS"",""NES"":-1.744559181187732,""FDR"":0.0559713189932534,""leading_edge_n"":10,""qualified"":false}]"
EXP001_vs_sensitivity,A,A009,sensitivity,0.5,2,GOBP_ENDOTHELIAL_CELL_CHEMOTAXIS;GOBP_REGULATION_OF_ENDOTHELIAL_CELL_CHEMOTAXIS,0,INACTIVE,"[{""term_id"":""GOBP_ENDOTHELIAL_CELL_CHEMOTAXIS"",""NES"":1.4598334625650735,""FDR"":0.14973239631085,""leading_edge_n"":6,""qualified"":false},{""term_id"":""GOBP_REGULATION_OF_ENDOTHELIAL_CELL_CHEMOTAXIS"",""NES"":-1.2492661510568064,""FDR"":0.4551814749803474,""leading_edge_n"":7,""qualified"":false}]"
EXP001_vs_sensitivity,A,A010,EXP001,0.5,3,GOBP_ENDOTHELIAL_CELL_DEVELOPMENT;GOBP_ENDOTHELIAL_CELL_DIFFERENTIATION;GOBP_ESTABLISHMENT_OF_ENDOTHELIAL_BARRIER,0,INACTIVE,"[{""term_id"":""GOBP_ENDOTHELIAL_CELL_DEVELOPMENT"",""NES"":-1.1888497938843896,""FDR"":0.3368786966579595,""leading_edge_n"":18,""qualified"":false},{""term_id"":""GOBP_ENDOTHELIAL_CELL_DIFFERENTIATION"",""NES"":-1.0701402081763096,""FDR"":0.467802474414855,""leading_edge_n"":26,""qualified"":false},{""term_id"":""GOBP_ESTABLISHMENT_OF_ENDOTHELIAL_BARRIER"",""NES"":-1.1653158901003178,""FDR"":0.3571011610272078,""leading_edge_n"":13,""qualified"":false}]"
EXP001_vs_sensitivity,A,A010,sensitivity,0.5,3,GOBP_ENDOTHELIAL_CELL_DEVELOPMENT;GOBP_ENDOTHELIAL_CELL_DIFFERENTIATION;GOBP_ESTABLISHMENT_OF_ENDOTHELIAL_BARRIER,0,INACTIVE,"[{""term_id"":""GOBP_ENDOTHELIAL_CELL_DEVELOPMENT"",""NES"":1.0791352554263431,""FDR"":0.4952744984849264,""leading_edge_n"":10,""qualified"":false},{""term_id"":""GOBP_ENDOTHELIAL_CELL_DIFFERENTIATION"",""NES"":1.180541515692209,""FDR"":0.3746670946983242,""leading_edge_n"":16,""qualified"":false},{""term_id"":""GOBP_ESTABLISHMENT_OF_ENDOTHELIAL_BARRIER"",""NES"":-1.022951072450021,""FDR"":0.6872256146138193,""leading_edge_n"":11,""qualified"":false}]"
EXP001_vs_sensitivity,A,A011,EXP001,0.5,2,GOBP_ENDOTHELIAL_CELL_PROLIFERATION;GOBP_POSITIVE_REGULATION_OF_ENDOTHELIAL_CELL_PROLIFERATION,0,INACTIVE,"[{""term_id"":""GOBP_ENDOTHELIAL_CELL_PROLIFERATION"",""NES"":-1.573625394162179,""FDR"":0.1048423046430848,""leading_edge_n"":32,""qualified"":false},{""term_id"":""GOBP_POSITIVE_REGULATION_OF_ENDOTHELIAL_CELL_PROLIFERATION"",""NES"":-1.3826784109466674,""FDR"":0.1883079698345967,""leading_edge_n"":20,""qualified"":false}]"
EXP001_vs_sensitivity,A,A011,sensitivity,0.5,2,GOBP_ENDOTHELIAL_CELL_PROLIFERATION;GOBP_POSITIVE_REGULATION_OF_ENDOTHELIAL_CELL_PROLIFERATION,0,INACTIVE,"[{""term_id"":""GOBP_ENDOTHELIAL_CELL_PROLIFERATION"",""NES"":1.305820169926504,""FDR"":0.2561789477352645,""leading_edge_n"":31,""qualified"":false},{""term_id"":""GOBP_POSITIVE_REGULATION_OF_ENDOTHELIAL_CELL_PROLIFERATION"",""NES"":-1.0794216408602813,""FDR"":0.6220432667430479,""leading_edge_n"":14,""qualified"":false}]"
EXP001_vs_sensitivity,A,A012,EXP001,0.5,3,GOBP_LEUKOCYTE_ADHESION_TO_VASCULAR_ENDOTHELIAL_CELL;GOBP_POSITIVE_REGULATION_OF_LEUKOCYTE_ADHESION_TO_VASCULAR_ENDOTHELIAL_CELL;GOBP_REGULATION_OF_LEUKOCYTE_ADHESION_TO_VASCULAR_ENDOTHELIAL_CELL,0,INACTIVE,"[{""term_id"":""GOBP_LEUKOCYTE_ADHESION_TO_VASCULAR_ENDOTHELIAL_CELL"",""NES"":-1.5375800359245542,""FDR"":0.1166586583819074,""leading_edge_n"":17,""qualified"":false},{""term_id"":""GOBP_POSITIVE_REGULATION_OF_LEUKOCYTE_ADHESION_TO_VASCULAR_ENDOTHELIAL_CELL"",""NES"":-1.5698167850993554,""FDR"":0.1054426968067113,""leading_edge_n"":5,""qualified"":false},{""term_id"":""GOBP_REGULATION_OF_LEUKOCYTE_ADHESION_TO_VASCULAR_ENDOTHELIAL_CELL"",""NES"":-1.5344494494283776,""FDR"":0.1175146416207573,""leading_edge_n"":9,""qualified"":false}]"
EXP001_vs_sensitivity,A,A012,sensitivity,0.5,3,GOBP_LEUKOCYTE_ADHESION_TO_VASCULAR_ENDOTHELIAL_CELL;GOBP_POSITIVE_REGULATION_OF_LEUKOCYTE_ADHESION_TO_VASCULAR_ENDOTHELIAL_CELL;GOBP_REGULATION_OF_LEUKOCYTE_ADHESION_TO_VASCULAR_ENDOTHELIAL_CELL,0,INACTIVE,"[{""term_id"":""GOBP_LEUKOCYTE_ADHESION_TO_VASCULAR_ENDOTHELIAL_CELL"",""NES"":1.6002901095823392,""FDR"":0.0888735847133954,""leading_edge_n"":14,""qualified"":false},{""term_id"":""GOBP_POSITIVE_REGULATION_OF_LEUKOCYTE_ADHESION_TO_VASCULAR_ENDOTHELIAL_CELL"",""NES"":1.3858699082345618,""FDR"":0.1954425444584873,""leading_edge_n"":9,""qualified"":false},{""term_id"":""GOBP_REGULATION_OF_LEUKOCYTE_ADHESION_TO_VASCULAR_ENDOTHELIAL_CELL"",""NES"":1.5158505969150406,""FDR"":0.1223077986001533,""leading_edge_n"":10,""qualified"":false}]"
EXP001_vs_sensitivity,A,A013,EXP001,0.5,1,GOBP_NEGATIVE_REGULATION_OF_ENDOTHELIAL_CELL_PROLIFERATION,0,INACTIVE,"[{""term_id"":""GOBP_NEGATIVE_REGULATION_OF_ENDOTHELIAL_CELL_PROLIFERATION"",""NES"":-1.2085476960857526,""FDR"":0.3187324204401298,""leading_edge_n"":7,""qualified"":false}]"
EXP001_vs_sensitivity,A,A013,sensitivity,0.5,1,GOBP_NEGATIVE_REGULATION_OF_ENDOTHELIAL_CELL_PROLIFERATION,0,INACTIVE,"[{""term_id"":""GOBP_NEGATIVE_REGULATION_OF_ENDOTHELIAL_CELL_PROLIFERATION"",""NES"":1.2922040797104055,""FDR"":0.2684027451426092,""leading_edge_n"":12,""qualified"":false}]"
EXP001_vs_sensitivity,A,A014,EXP001,0.5,1,GOBP_NEGATIVE_REGULATION_OF_VASCULAR_ASSOCIATED_SMOOTH_MUSCLE_CELL_PROLIFERATION,1,NEGATIVE,"[{""term_id"":""GOBP_NEGATIVE_REGULATION_OF_VASCULAR_ASSOCIATED_SMOOTH_MUSCLE_CELL_PROLIFERATION"",""NES"":-1.841904064609048,""FDR"":0.0370901856939254,""leading_edge_n"":10,""qualified"":true}]"
EXP001_vs_sensitivity,A,A014,sensitivity,0.5,1,GOBP_NEGATIVE_REGULATION_OF_VASCULAR_ASSOCIATED_SMOOTH_MUSCLE_CELL_PROLIFERATION,0,INACTIVE,"[{""term_id"":""GOBP_NEGATIVE_REGULATION_OF_VASCULAR_ASSOCIATED_SMOOTH_MUSCLE_CELL_PROLIFERATION"",""NES"":0.8719063688094185,""FDR"":0.7988568686777225,""leading_edge_n"":2,""qualified"":false}]"
EXP001_vs_sensitivity,A,A015,EXP001,0.5,1,GOBP_PLACENTA_BLOOD_VESSEL_DEVELOPMENT,0,INACTIVE,"[{""term_id"":""GOBP_PLACENTA_BLOOD_VESSEL_DEVELOPMENT"",""NES"":0.7642788333750133,""FDR"":0.9084010965929604,""leading_edge_n"":8,""qualified"":false}]"
EXP001_vs_sensitivity,A,A015,sensitivity,0.5,1,GOBP_PLACENTA_BLOOD_VESSEL_DEVELOPMENT,1,POSITIVE,"[{""term_id"":""GOBP_PLACENTA_BLOOD_VESSEL_DEVELOPMENT"",""NES"":1.9361678392661763,""FDR"":0.013291058039764,""leading_edge_n"":11,""qualified"":true}]"
EXP001_vs_sensitivity,A,A016,EXP001,0.5,1,GOBP_POSITIVE_REGULATION_OF_CELL_MIGRATION_INVOLVED_IN_SPROUTING_ANGIOGENESIS,0,INACTIVE,"[{""term_id"":""GOBP_POSITIVE_REGULATION_OF_CELL_MIGRATION_INVOLVED_IN_SPROUTING_ANGIOGENESIS"",""NES"":-1.2537255618614245,""FDR"":0.2762820027424073,""leading_edge_n"":8,""qualified"":false}]"
EXP001_vs_sensitivity,A,A016,sensitivity,0.5,1,GOBP_POSITIVE_REGULATION_OF_CELL_MIGRATION_INVOLVED_IN_SPROUTING_ANGIOGENESIS,1,POSITIVE,"[{""term_id"":""GOBP_POSITIVE_REGULATION_OF_CELL_MIGRATION_INVOLVED_IN_SPROUTING_ANGIOGENESIS"",""NES"":1.9826725479931744,""FDR"":0.0101399783050054,""leading_edge_n"":8,""qualified"":true}]"
EXP001_vs_sensitivity,A,A017,EXP001,0.5,1,GOBP_POSITIVE_REGULATION_OF_ENDOTHELIAL_CELL_APOPTOTIC_PROCESS,1,NEGATIVE,"[{""term_id"":""GOBP_POSITIVE_REGULATION_OF_ENDOTHELIAL_CELL_APOPTOTIC_PROCESS"",""NES"":-1.9042874059793184,""FDR"":0.027794662145496,""leading_edge_n"":11,""qualified"":true}]"
EXP001_vs_sensitivity,A,A017,sensitivity,0.5,1,GOBP_POSITIVE_REGULATION_OF_ENDOTHELIAL_CELL_APOPTOTIC_PROCESS,0,INACTIVE,"[{""term_id"":""GOBP_POSITIVE_REGULATION_OF_ENDOTHELIAL_CELL_APOPTOTIC_PROCESS"",""NES"":1.583906174364539,""FDR"":0.0938476525693668,""leading_edge_n"":7,""qualified"":false}]"
EXP001_vs_sensitivity,A,A018,EXP001,0.5,1,GOBP_POSITIVE_REGULATION_OF_SPROUTING_ANGIOGENESIS,0,INACTIVE,"[{""term_id"":""GOBP_POSITIVE_REGULATION_OF_SPROUTING_ANGIOGENESIS"",""NES"":0.899131867836465,""FDR"":0.7565711645072578,""leading_edge_n"":6,""qualified"":false}]"
EXP001_vs_sensitivity,A,A018,sensitivity,0.5,1,GOBP_POSITIVE_REGULATION_OF_SPROUTING_ANGIOGENESIS,0,INACTIVE,"[{""term_id"":""GOBP_POSITIVE_REGULATION_OF_SPROUTING_ANGIOGENESIS"",""NES"":1.2397936818954658,""FDR"":0.3135230053855052,""leading_edge_n"":9,""qualified"":false}]"
EXP001_vs_sensitivity,A,A019,EXP001,0.5,2,GOBP_POSITIVE_REGULATION_OF_VASCULAR_ASSOCIATED_SMOOTH_MUSCLE_CELL_PROLIFERATION;GOBP_VASCULAR_ASSOCIATED_SMOOTH_MUSCLE_CELL_PROLIFERATION,1,NEGATIVE,"[{""term_id"":""GOBP_POSITIVE_REGULATION_OF_VASCULAR_ASSOCIATED_SMOOTH_MUSCLE_CELL_PROLIFERATION"",""NES"":-1.7270219967235596,""FDR"":0.0591998379247214,""leading_edge_n"":11,""qualified"":false},{""term_id"":""GOBP_VASCULAR_ASSOCIATED_SMOOTH_MUSCLE_CELL_PROLIFERATION"",""NES"":-2.064832052159359,""FDR"":0.0052387844881563,""leading_edge_n"":22,""qualified"":true}]"
EXP001_vs_sensitivity,A,A019,sensitivity,0.5,2,GOBP_POSITIVE_REGULATION_OF_VASCULAR_ASSOCIATED_SMOOTH_MUSCLE_CELL_PROLIFERATION;GOBP_VASCULAR_ASSOCIATED_SMOOTH_MUSCLE_CELL_PROLIFERATION,0,INACTIVE,"[{""term_id"":""GOBP_POSITIVE_REGULATION_OF_VASCULAR_ASSOCIATED_SMOOTH_MUSCLE_CELL_PROLIFERATION"",""NES"":1.308232246896073,""FDR"":0.2538542176192037,""leading_edge_n"":8,""qualified"":false},{""term_id"":""GOBP_VASCULAR_ASSOCIATED_SMOOTH_MUSCLE_CELL_PROLIFERATION"",""NES"":1.281106131439265,""FDR"":0.277687895518911,""leading_edge_n"":11,""qualified"":false}]"
EXP001_vs_sensitivity,A,A020,EXP001,0.5,1,GOBP_POSITIVE_REGULATION_OF_VASCULAR_ENDOTHELIAL_GROWTH_FACTOR_PRODUCTION,0,INACTIVE,"[{""term_id"":""GOBP_POSITIVE_REGULATION_OF_VASCULAR_ENDOTHELIAL_GROWTH_FACTOR_PRODUCTION"",""NES"":-1.068739499923375,""FDR"":0.4699471909956391,""leading_edge_n"":13,""qualified"":false}]"
EXP001_vs_sensitivity,A,A020,sensitivity,0.5,1,GOBP_POSITIVE_REGULATION_OF_VASCULAR_ENDOTHELIAL_GROWTH_FACTOR_PRODUCTION,1,POSITIVE,"[{""term_id"":""GOBP_POSITIVE_REGULATION_OF_VASCULAR_ENDOTHELIAL_GROWTH_FACTOR_PRODUCTION"",""NES"":1.9689271678973064,""FDR"":0.0115326657143726,""leading_edge_n"":8,""qualified"":true}]"
EXP001_vs_sensitivity,A,A021,EXP001,0.5,1,GOBP_REGULATION_OF_ENDOTHELIAL_CELL_DIFFERENTIATION,0,INACTIVE,"[{""term_id"":""GOBP_REGULATION_OF_ENDOTHELIAL_CELL_DIFFERENTIATION"",""NES"":1.2780487349250318,""FDR"":0.2526393855662373,""leading_edge_n"":7,""qualified"":false}]"
EXP001_vs_sensitivity,A,A021,sensitivity,0.5,1,GOBP_REGULATION_OF_ENDOTHELIAL_CELL_DIFFERENTIATION,0,INACTIVE,"[{""term_id"":""GOBP_REGULATION_OF_ENDOTHELIAL_CELL_DIFFERENTIATION"",""NES"":-0.9587504501437906,""FDR"":0.7662990078913872,""leading_edge_n"":9,""qualified"":false}]"
EXP001_vs_sensitivity,A,A022,EXP001,0.5,1,GOBP_REGULATION_OF_SPROUTING_ANGIOGENESIS,0,INACTIVE,"[{""term_id"":""GOBP_REGULATION_OF_SPROUTING_ANGIOGENESIS"",""NES"":-1.3380839632314168,""FDR"":0.2155270743639459,""leading_edge_n"":11,""qualified"":false}]"
EXP001_vs_sensitivity,A,A022,sensitivity,0.5,1,GOBP_REGULATION_OF_SPROUTING_ANGIOGENESIS,0,INACTIVE,"[{""term_id"":""GOBP_REGULATION_OF_SPROUTING_ANGIOGENESIS"",""NES"":1.7160403454294213,""FDR"":0.0500435220807199,""leading_edge_n"":10,""qualified"":false}]"
EXP001_vs_sensitivity,A,A023,EXP001,0.5,2,GOBP_REGULATION_OF_VASCULAR_ENDOTHELIAL_GROWTH_FACTOR_RECEPTOR_SIGNALING_PATHWAY;GOBP_VASCULAR_ENDOTHELIAL_GROWTH_FACTOR_RECEPTOR_SIGNALING_PATHWAY,0,INACTIVE,"[{""term_id"":""GOBP_REGULATION_OF_VASCULAR_ENDOTHELIAL_GROWTH_FACTOR_RECEPTOR_SIGNALING_PATHWAY"",""NES"":1.2974871251476865,""FDR"":0.2323260673493786,""leading_edge_n"":10,""qualified"":false},{""term_id"":""GOBP_VASCULAR_ENDOTHELIAL_GROWTH_FACTOR_RECEPTOR_SIGNALING_PATHWAY"",""NES"":1.0028955926052214,""FDR"":0.6009007366515431,""leading_edge_n"":12,""qualified"":false}]"
EXP001_vs_sensitivity,A,A023,sensitivity,0.5,2,GOBP_REGULATION_OF_VASCULAR_ENDOTHELIAL_GROWTH_FACTOR_RECEPTOR_SIGNALING_PATHWAY;GOBP_VASCULAR_ENDOTHELIAL_GROWTH_FACTOR_RECEPTOR_SIGNALING_PATHWAY,0,INACTIVE,"[{""term_id"":""GOBP_REGULATION_OF_VASCULAR_ENDOTHELIAL_GROWTH_FACTOR_RECEPTOR_SIGNALING_PATHWAY"",""NES"":-1.1055938433488075,""FDR"":0.5921746116135226,""leading_edge_n"":7,""qualified"":false},{""term_id"":""GOBP_VASCULAR_ENDOTHELIAL_GROWTH_FACTOR_RECEPTOR_SIGNALING_PATHWAY"",""NES"":1.157008485347448,""FDR"":0.4013384266787946,""leading_edge_n"":17,""qualified"":false}]"
EXP001_vs_sensitivity,A,A024,EXP001,0.5,1,GOBP_REGULATION_OF_VASCULAR_PERMEABILITY,0,INACTIVE,"[{""term_id"":""GOBP_REGULATION_OF_VASCULAR_PERMEABILITY"",""NES"":-1.5858256155573296,""FDR"":0.1008499856247147,""leading_edge_n"":11,""qualified"":false}]"
EXP001_vs_sensitivity,A,A024,sensitivity,0.5,1,GOBP_REGULATION_OF_VASCULAR_PERMEABILITY,0,INACTIVE,"[{""term_id"":""GOBP_REGULATION_OF_VASCULAR_PERMEABILITY"",""NES"":0.944258786378362,""FDR"":0.6896080362302863,""leading_edge_n"":6,""qualified"":false}]"
EXP001_vs_sensitivity,A,A025,EXP001,0.5,1,GOBP_SPROUTING_ANGIOGENESIS,0,INACTIVE,"[{""term_id"":""GOBP_SPROUTING_ANGIOGENESIS"",""NES"":-1.323716372722455,""FDR"":0.2262090048950091,""leading_edge_n"":33,""qualified"":false}]"
EXP001_vs_sensitivity,A,A025,sensitivity,0.5,1,GOBP_SPROUTING_ANGIOGENESIS,1,POSITIVE,"[{""term_id"":""GOBP_SPROUTING_ANGIOGENESIS"",""NES"":1.7802159444443226,""FDR"":0.0377993260580021,""leading_edge_n"":26,""qualified"":true}]"
EXP001_vs_sensitivity,A,A026,EXP001,0.5,1,GOBP_VASCULAR_ASSOCIATED_SMOOTH_MUSCLE_CELL_DIFFERENTIATION,0,INACTIVE,"[{""term_id"":""GOBP_VASCULAR_ASSOCIATED_SMOOTH_MUSCLE_CELL_DIFFERENTIATION"",""NES"":-1.3023852007839205,""FDR"":0.2402868789869434,""leading_edge_n"":12,""qualified"":false}]"
EXP001_vs_sensitivity,A,A026,sensitivity,0.5,1,GOBP_VASCULAR_ASSOCIATED_SMOOTH_MUSCLE_CELL_DIFFERENTIATION,0,INACTIVE,"[{""term_id"":""GOBP_VASCULAR_ASSOCIATED_SMOOTH_MUSCLE_CELL_DIFFERENTIATION"",""NES"":1.4543011223846125,""FDR"":0.1520904156847293,""leading_edge_n"":8,""qualified"":false}]"
EXP001_vs_sensitivity,A,A027,EXP001,0.5,1,GOBP_VASCULAR_ASSOCIATED_SMOOTH_MUSCLE_CELL_MIGRATION,0,INACTIVE,"[{""term_id"":""GOBP_VASCULAR_ASSOCIATED_SMOOTH_MUSCLE_CELL_MIGRATION"",""NES"":-1.7809012066707912,""FDR"":0.0519784648971407,""leading_edge_n"":12,""qualified"":false}]"
EXP001_vs_sensitivity,A,A027,sensitivity,0.5,1,GOBP_VASCULAR_ASSOCIATED_SMOOTH_MUSCLE_CELL_MIGRATION,0,INACTIVE,"[{""term_id"":""GOBP_VASCULAR_ASSOCIATED_SMOOTH_MUSCLE_CELL_MIGRATION"",""NES"":1.701340475112704,""FDR"":0.0557450490698712,""leading_edge_n"":8,""qualified"":false}]"
EXP001_vs_sensitivity,A,A028,EXP001,0.5,1,GOBP_VASCULAR_ASSOCIATED_SMOOTH_MUSCLE_CONTRACTION,0,INACTIVE,"[{""term_id"":""GOBP_VASCULAR_ASSOCIATED_SMOOTH_MUSCLE_CONTRACTION"",""NES"":-1.2331929923615266,""FDR"":0.2936596244560832,""leading_edge_n"":4,""qualified"":false}]"
EXP001_vs_sensitivity,A,A028,sensitivity,0.5,1,GOBP_VASCULAR_ASSOCIATED_SMOOTH_MUSCLE_CONTRACTION,0,INACTIVE,"[{""term_id"":""GOBP_VASCULAR_ASSOCIATED_SMOOTH_MUSCLE_CONTRACTION"",""NES"":1.1379730442571216,""FDR"":0.422578597423192,""leading_edge_n"":3,""qualified"":false}]"
EXP001_vs_sensitivity,A,A029,EXP001,0.5,1,GOBP_VASCULAR_ENDOTHELIAL_CELL_PROLIFERATION,0,INACTIVE,"[{""term_id"":""GOBP_VASCULAR_ENDOTHELIAL_CELL_PROLIFERATION"",""NES"":-1.52663477441888,""FDR"":0.1214872245102917,""leading_edge_n"":7,""qualified"":false}]"
EXP001_vs_sensitivity,A,A029,sensitivity,0.5,1,GOBP_VASCULAR_ENDOTHELIAL_CELL_PROLIFERATION,0,INACTIVE,"[{""term_id"":""GOBP_VASCULAR_ENDOTHELIAL_CELL_PROLIFERATION"",""NES"":1.214803702063413,""FDR"":0.3370936364669853,""leading_edge_n"":6,""qualified"":false}]"
EXP001_vs_sensitivity,A,A030,EXP001,0.5,2,GOBP_VASCULAR_ENDOTHELIAL_CELL_RESPONSE_TO_FLUID_SHEAR_STRESS;GOBP_VASCULAR_ENDOTHELIAL_CELL_RESPONSE_TO_LAMINAR_FLUID_SHEAR_STRESS,0,INACTIVE,"[{""term_id"":""GOBP_VASCULAR_ENDOTHELIAL_CELL_RESPONSE_TO_FLUID_SHEAR_STRESS"",""NES"":-0.8884687101545745,""FDR"":0.7452981895634027,""leading_edge_n"":6,""qualified"":false},{""term_id"":""GOBP_VASCULAR_ENDOTHELIAL_CELL_RESPONSE_TO_LAMINAR_FLUID_SHEAR_STRESS"",""NES"":-0.9406891446442598,""FDR"":0.6581002535611147,""leading_edge_n"":5,""qualified"":false}]"
EXP001_vs_sensitivity,A,A030,sensitivity,0.5,2,GOBP_VASCULAR_ENDOTHELIAL_CELL_RESPONSE_TO_FLUID_SHEAR_STRESS;GOBP_VASCULAR_ENDOTHELIAL_CELL_RESPONSE_TO_LAMINAR_FLUID_SHEAR_STRESS,0,INACTIVE,"[{""term_id"":""GOBP_VASCULAR_ENDOTHELIAL_CELL_RESPONSE_TO_FLUID_SHEAR_STRESS"",""NES"":1.0030786901744508,""FDR"":0.600412443024435,""leading_edge_n"":8,""qualified"":false},{""term_id"":""GOBP_VASCULAR_ENDOTHELIAL_CELL_RESPONSE_TO_LAMINAR_FLUID_SHEAR_STRESS"",""NES"":-1.2061890788357563,""FDR"":0.4903991682651782,""leading_edge_n"":10,""qualified"":false}]"
EXP001_vs_sensitivity,A,A031,EXP001,0.5,1,GOBP_VASCULAR_ENDOTHELIAL_GROWTH_FACTOR_PRODUCTION,0,INACTIVE,"[{""term_id"":""GOBP_VASCULAR_ENDOTHELIAL_GROWTH_FACTOR_PRODUCTION"",""NES"":-1.1428471025895697,""FDR"":0.3807567256531984,""leading_edge_n"":14,""qualified"":false}]"
EXP001_vs_sensitivity,A,A031,sensitivity,0.5,1,GOBP_VASCULAR_ENDOTHELIAL_GROWTH_FACTOR_PRODUCTION,1,POSITIVE,"[{""term_id"":""GOBP_VASCULAR_ENDOTHELIAL_GROWTH_FACTOR_PRODUCTION"",""NES"":1.9306839162153828,""FDR"":0.0136310061653248,""leading_edge_n"":8,""qualified"":true}]"
EXP001_vs_sensitivity,A,A032,EXP001,0.5,1,GOBP_VASCULAR_PROCESS_IN_CIRCULATORY_SYSTEM,0,INACTIVE,"[{""term_id"":""GOBP_VASCULAR_PROCESS_IN_CIRCULATORY_SYSTEM"",""NES"":-1.7748951071681252,""FDR"":0.0519364303451687,""leading_edge_n"":53,""qualified"":false}]"
EXP001_vs_sensitivity,A,A032,sensitivity,0.5,1,GOBP_VASCULAR_PROCESS_IN_CIRCULATORY_SYSTEM,0,INACTIVE,"[{""term_id"":""GOBP_VASCULAR_PROCESS_IN_CIRCULATORY_SYSTEM"",""NES"":1.2835263863511328,""FDR"":0.2757906447112435,""leading_edge_n"":44,""qualified"":false}]"
EXP001_vs_sensitivity,A,A033,EXP001,0.5,1,GOBP_VASCULAR_TRANSPORT,0,INACTIVE,"[{""term_id"":""GOBP_VASCULAR_TRANSPORT"",""NES"":-1.4423829118680227,""FDR"":0.1545263234057538,""leading_edge_n"":21,""qualified"":false}]"
EXP001_vs_sensitivity,A,A033,sensitivity,0.5,1,GOBP_VASCULAR_TRANSPORT,0,INACTIVE,"[{""term_id"":""GOBP_VASCULAR_TRANSPORT"",""NES"":1.3625902490784478,""FDR"":0.2132639660359176,""leading_edge_n"":21,""qualified"":false}]"
EXP001_vs_sensitivity,A,A034,EXP001,0.5,1,REACTOME_CELL_SURFACE_INTERACTIONS_AT_THE_VASCULAR_WALL,0,INACTIVE,"[{""term_id"":""REACTOME_CELL_SURFACE_INTERACTIONS_AT_THE_VASCULAR_WALL"",""NES"":-1.4541346517557232,""FDR"":0.1505378017255125,""leading_edge_n"":30,""qualified"":false}]"
EXP001_vs_sensitivity,A,A034,sensitivity,0.5,1,REACTOME_CELL_SURFACE_INTERACTIONS_AT_THE_VASCULAR_WALL,0,INACTIVE,"[{""term_id"":""REACTOME_CELL_SURFACE_INTERACTIONS_AT_THE_VASCULAR_WALL"",""NES"":1.1332185281979732,""FDR"":0.4285227927402142,""leading_edge_n"":21,""qualified"":false}]"
EXP001_vs_sensitivity,A,A035,EXP001,0.5,1,REACTOME_HIGH_LAMINAR_FLOW_SHEAR_STRESS_ACTIVATES_SIGNALING_BY_PIEZO1_AND_PECAM1_CDH5_KDR_IN_ENDOTHELIAL_CELLS,0,INACTIVE,"[{""term_id"":""REACTOME_HIGH_LAMINAR_FLOW_SHEAR_STRESS_ACTIVATES_SIGNALING_BY_PIEZO1_AND_PECAM1_CDH5_KDR_IN_ENDOTHELIAL_CELLS"",""NES"":0.8376887654656104,""FDR"":0.8413647294252554,""leading_edge_n"":18,""qualified"":false}]"
EXP001_vs_sensitivity,A,A035,sensitivity,0.5,1,REACTOME_HIGH_LAMINAR_FLOW_SHEAR_STRESS_ACTIVATES_SIGNALING_BY_PIEZO1_AND_PECAM1_CDH5_KDR_IN_ENDOTHELIAL_CELLS,0,INACTIVE,"[{""term_id"":""REACTOME_HIGH_LAMINAR_FLOW_SHEAR_STRESS_ACTIVATES_SIGNALING_BY_PIEZO1_AND_PECAM1_CDH5_KDR_IN_ENDOTHELIAL_CELLS"",""NES"":-0.9130969899366508,""FDR"":0.8176922622165411,""leading_edge_n"":20,""qualified"":false}]"
EXP001_vs_sensitivity,A,A036,EXP001,0.5,1,REACTOME_TURBULENT_OSCILLATORY_DISTURBED_FLOW_SHEAR_STRESS_ACTIVATES_SIGNALING_BY_PIEZO1_AND_INTEGRINS_IN_ENDOTHELIAL_CELLS,0,INACTIVE,"[{""term_id"":""REACTOME_TURBULENT_OSCILLATORY_DISTURBED_FLOW_SHEAR_STRESS_ACTIVATES_SIGNALING_BY_PIEZO1_AND_INTEGRINS_IN_ENDOTHELIAL_CELLS"",""NES"":1.0658850113614342,""FDR"":0.5164388282694059,""leading_edge_n"":11,""qualified"":false}]"
EXP001_vs_sensitivity,A,A036,sensitivity,0.5,1,REACTOME_TURBULENT_OSCILLATORY_DISTURBED_FLOW_SHEAR_STRESS_ACTIVATES_SIGNALING_BY_PIEZO1_AND_INTEGRINS_IN_ENDOTHELIAL_CELLS,0,INACTIVE,"[{""term_id"":""REACTOME_TURBULENT_OSCILLATORY_DISTURBED_FLOW_SHEAR_STRESS_ACTIVATES_SIGNALING_BY_PIEZO1_AND_INTEGRINS_IN_ENDOTHELIAL_CELLS"",""NES"":-1.4088670923235322,""FDR"":0.3170073780646428,""leading_edge_n"":5,""qualified"":false}]"
EXP001_vs_sensitivity,A,A037,EXP001,0.5,1,REACTOME_VEGFR2_MEDIATED_VASCULAR_PERMEABILITY,0,INACTIVE,"[{""term_id"":""REACTOME_VEGFR2_MEDIATED_VASCULAR_PERMEABILITY"",""NES"":-0.8294224804034966,""FDR"":0.8307695595279257,""leading_edge_n"":3,""qualified"":false}]"
EXP001_vs_sensitivity,A,A037,sensitivity,0.5,1,REACTOME_VEGFR2_MEDIATED_VASCULAR_PERMEABILITY,0,INACTIVE,"[{""term_id"":""REACTOME_VEGFR2_MEDIATED_VASCULAR_PERMEABILITY"",""NES"":-1.5979962084998185,""FDR"":0.1561505772175228,""leading_edge_n"":8,""qualified"":false}]"
EXP001_vs_sensitivity,I,I001,EXP001,0.5,5,GOBP_ACTIVATION_OF_IMMUNE_RESPONSE;GOBP_ACTIVATION_OF_INNATE_IMMUNE_RESPONSE;GOBP_IMMUNE_RESPONSE_REGULATING_CELL_SURFACE_RECEPTOR_SIGNALING_PATHWAY;GOBP_IMMUNE_RESPONSE_REGULATING_SIGNALING_PATHWAY;GOBP_REGULATION_OF_INNATE_IMMUNE_RESPONSE,0,INACTIVE,"[{""term_id"":""GOBP_ACTIVATION_OF_IMMUNE_RESPONSE"",""NES"":-1.2337380776807898,""FDR"":0.2937044245443677,""leading_edge_n"":75,""qualified"":false},{""term_id"":""GOBP_ACTIVATION_OF_INNATE_IMMUNE_RESPONSE"",""NES"":-1.1308247200616754,""FDR"":0.3930191899023085,""leading_edge_n"":47,""qualified"":false},{""term_id"":""GOBP_IMMUNE_RESPONSE_REGULATING_CELL_SURFACE_RECEPTOR_SIGNALING_PATHWAY"",""NES"":-1.117651564153731,""FDR"":0.4081684491145905,""leading_edge_n"":38,""qualified"":false},{""term_id"":""GOBP_IMMUNE_RESPONSE_REGULATING_SIGNALING_PATHWAY"",""NES"":-1.2123605531414168,""FDR"":0.3139139751720337,""leading_edge_n"":71,""qualified"":false},{""term_id"":""GOBP_REGULATION_OF_INNATE_IMMUNE_RESPONSE"",""NES"":-1.2349650201912858,""FDR"":0.2931531421933971,""leading_edge_n"":68,""qualified"":false}]"
EXP001_vs_sensitivity,I,I001,sensitivity,0.5,5,GOBP_ACTIVATION_OF_IMMUNE_RESPONSE;GOBP_ACTIVATION_OF_INNATE_IMMUNE_RESPONSE;GOBP_IMMUNE_RESPONSE_REGULATING_CELL_SURFACE_RECEPTOR_SIGNALING_PATHWAY;GOBP_IMMUNE_RESPONSE_REGULATING_SIGNALING_PATHWAY;GOBP_REGULATION_OF_INNATE_IMMUNE_RESPONSE,0,INACTIVE,"[{""term_id"":""GOBP_ACTIVATION_OF_IMMUNE_RESPONSE"",""NES"":1.0963016651780917,""FDR"":0.4747381442571043,""leading_edge_n"":121,""qualified"":false},{""term_id"":""GOBP_ACTIVATION_OF_INNATE_IMMUNE_RESPONSE"",""NES"":1.0551781571429688,""FDR"":0.5277295021045204,""leading_edge_n"":71,""qualified"":false},{""term_id"":""GOBP_IMMUNE_RESPONSE_REGULATING_CELL_SURFACE_RECEPTOR_SIGNALING_PATHWAY"",""NES"":1.027277764099891,""FDR"":0.5642427515370857,""leading_edge_n"":74,""qualified"":false},{""term_id"":""GOBP_IMMUNE_RESPONSE_REGULATING_SIGNALING_PATHWAY"",""NES"":0.9840292806397968,""FDR"":0.6289363797659934,""leading_edge_n"":124,""qualified"":false},{""term_id"":""GOBP_REGULATION_OF_INNATE_IMMUNE_RESPONSE"",""NES"":1.3143444725967883,""FDR"":0.2491542668635359,""leading_edge_n"":115,""qualified"":false}]"
EXP001_vs_sensitivity,I,I002,EXP001,0.5,1,GOBP_ACUTE_INFLAMMATORY_RESPONSE,0,INACTIVE,"[{""term_id"":""GOBP_ACUTE_INFLAMMATORY_RESPONSE"",""NES"":-1.6553070221403634,""FDR"":0.078434371859874,""leading_edge_n"":19,""qualified"":false}]"
EXP001_vs_sensitivity,I,I002,sensitivity,0.5,1,GOBP_ACUTE_INFLAMMATORY_RESPONSE,0,INACTIVE,"[{""term_id"":""GOBP_ACUTE_INFLAMMATORY_RESPONSE"",""NES"":1.3527440445512364,""FDR"":0.2198692246487409,""leading_edge_n"":12,""qualified"":false}]"
EXP001_vs_sensitivity,I,I003,EXP001,0.5,16,GOBP_ADAPTIVE_IMMUNE_RESPONSE;GOBP_ADAPTIVE_IMMUNE_RESPONSE_BASED_ON_SOMATIC_RECOMBINATION_OF_IMMUNE_RECEPTORS_BUILT_FROM_IMMUNOGLOBULIN_SUPERFAMILY_DOMAINS;GOBP_B_CELL_MEDIATED_IMMUNITY;GOBP_IMMUNE_EFFECTOR_PROCESS;GOBP_LEUKOCYTE_MEDIATED_IMMUNITY;GOBP_LYMPHOCYTE_MEDIATED_IMMUNITY;GOBP_POSITIVE_REGULATION_OF_ADAPTIVE_IMMUNE_RESPONSE;GOBP_POSITIVE_REGULATION_OF_IMMUNE_EFFECTOR_PROCESS;GOBP_POSITIVE_REGULATION_OF_LEUKOCYTE_MEDIATED_IMMUNITY;GOBP_POSITIVE_REGULATION_OF_T_CELL_MEDIATED_IMMUNITY;GOBP_REGULATION_OF_ADAPTIVE_IMMUNE_RESPONSE;GOBP_REGULATION_OF_IMMUNE_EFFECTOR_PROCESS;GOBP_REGULATION_OF_LEUKOCYTE_MEDIATED_IMMUNITY;GOBP_REGULATION_OF_LYMPHOCYTE_MEDIATED_IMMUNITY;GOBP_REGULATION_OF_T_CELL_MEDIATED_IMMUNITY;GOBP_T_CELL_MEDIATED_IMMUNITY,0,INACTIVE,"[{""term_id"":""GOBP_ADAPTIVE_IMMUNE_RESPONSE"",""NES"":1.0958656477044049,""FDR"":0.4737265689885535,""leading_edge_n"":71,""qualified"":false},{""term_id"":""GOBP_ADAPTIVE_IMMUNE_RESPONSE_BASED_ON_SOMATIC_RECOMBINATION_OF_IMMUNE_RECEPTORS_BUILT_FROM_IMMUNOGLOBULIN_SUPERFAMILY_DOMAINS"",""NES"":-1.0424827792833973,""FDR"":0.50548449439055,""leading_edge_n"":64,""qualified"":false},{""term_id"":""GOBP_B_CELL_MEDIATED_IMMUNITY"",""NES"":0.9057094604490428,""FDR"":0.7474918885935495,""leading_edge_n"":27,""qualified"":false},{""term_id"":""GOBP_IMMUNE_EFFECTOR_PROCESS"",""NES"":-1.1337419291258737,""FDR"":0.3897579040768001,""leading_edge_n"":96,""qualified"":false},{""term_id"":""GOBP_LEUKOCYTE_MEDIATED_IMMUNITY"",""NES"":1.0789846047738765,""FDR"":0.4971825342939395,""leading_edge_n"":46,""qualified"":false},{""term_id"":""GOBP_LYMPHOCYTE_MEDIATED_IMMUNITY"",""NES"":-1.0113670596815652,""FDR"":0.5513590750795739,""leading_edge_n"":50,""qualified"":false},{""term_id"":""GOBP_POSITIVE_REGULATION_OF_ADAPTIVE_IMMUNE_RESPONSE"",""NES"":-0.8227451024075748,""FDR"":0.8370624321524702,""leading_edge_n"":28,""qualified"":false},{""term_id"":""GOBP_POSITIVE_REGULATION_OF_IMMUNE_EFFECTOR_PROCESS"",""NES"":-1.0932675364232585,""FDR"":0.4387976404515453,""leading_edge_n"":39,""qualified"":false},{""term_id"":""GOBP_POSITIVE_REGULATION_OF_LEUKOCYTE_MEDIATED_IMMUNITY"",""NES"":-1.0105684220448952,""FDR"":0.5523978411484529,""leading_edge_n"":23,""qualified"":false},{""term_id"":""GOBP_POSITIVE_REGULATION_OF_T_CELL_MEDIATED_IMMUNITY"",""NES"":-0.9994205306234812,""FDR"":0.5688625981604866,""leading_edge_n"":18,""qualified"":false},{""term_id"":""GOBP_REGULATION_OF_ADAPTIVE_IMMUNE_RESPONSE"",""NES"":-0.969513002101489,""FDR"":0.6148697264264172,""leading_edge_n"":49,""qualified"":false},{""term_id"":""GOBP_REGULATION_OF_IMMUNE_EFFECTOR_PROCESS"",""NES"":-1.054478735615689,""FDR"":0.4882035053620022,""leading_edge_n"":57,""qualified"":false},{""term_id"":""GOBP_REGULATION_OF_LEUKOCYTE_MEDIATED_IMMUNITY"",""NES"":1.0109488745424056,""FDR"":0.588572690138589,""leading_edge_n"":26,""qualified"":false},{""term_id"":""GOBP_REGULATION_OF_LYMPHOCYTE_MEDIATED_IMMUNITY"",""NES"":-1.0316794820988016,""FDR"":0.5200274904698006,""leading_edge_n"":35,""qualified"":false},{""term_id"":""GOBP_REGULATION_OF_T_CELL_MEDIATED_IMMUNITY"",""NES"":-1.0270858697791845,""FDR"":0.5268306724975322,""leading_edge_n"":25,""qualified"":false},{""term_id"":""GOBP_T_CELL_MEDIATED_IMMUNITY"",""NES"":-0.9961781196125564,""FDR"":0.573280913443538,""leading_edge_n"":32,""qualified"":false}]"
EXP001_vs_sensitivity,I,I003,sensitivity,0.5,16,GOBP_ADAPTIVE_IMMUNE_RESPONSE;GOBP_ADAPTIVE_IMMUNE_RESPONSE_BASED_ON_SOMATIC_RECOMBINATION_OF_IMMUNE_RECEPTORS_BUILT_FROM_IMMUNOGLOBULIN_SUPERFAMILY_DOMAINS;GOBP_B_CELL_MEDIATED_IMMUNITY;GOBP_IMMUNE_EFFECTOR_PROCESS;GOBP_LEUKOCYTE_MEDIATED_IMMUNITY;GOBP_LYMPHOCYTE_MEDIATED_IMMUNITY;GOBP_POSITIVE_REGULATION_OF_ADAPTIVE_IMMUNE_RESPONSE;GOBP_POSITIVE_REGULATION_OF_IMMUNE_EFFECTOR_PROCESS;GOBP_POSITIVE_REGULATION_OF_LEUKOCYTE_MEDIATED_IMMUNITY;GOBP_POSITIVE_REGULATION_OF_T_CELL_MEDIATED_IMMUNITY;GOBP_REGULATION_OF_ADAPTIVE_IMMUNE_RESPONSE;GOBP_REGULATION_OF_IMMUNE_EFFECTOR_PROCESS;GOBP_REGULATION_OF_LEUKOCYTE_MEDIATED_IMMUNITY;GOBP_REGULATION_OF_LYMPHOCYTE_MEDIATED_IMMUNITY;GOBP_REGULATION_OF_T_CELL_MEDIATED_IMMUNITY;GOBP_T_CELL_MEDIATED_IMMUNITY,0,INACTIVE,"[{""term_id"":""GOBP_ADAPTIVE_IMMUNE_RESPONSE"",""NES"":1.167787645088625,""FDR"":0.3890074265276981,""leading_edge_n"":112,""qualified"":false},{""term_id"":""GOBP_ADAPTIVE_IMMUNE_RESPONSE_BASED_ON_SOMATIC_RECOMBINATION_OF_IMMUNE_RECEPTORS_BUILT_FROM_IMMUNOGLOBULIN_SUPERFAMILY_DOMAINS"",""NES"":1.2898998682066447,""FDR"":0.2700872632075846,""leading_edge_n"":110,""qualified"":false},{""term_id"":""GOBP_B_CELL_MEDIATED_IMMUNITY"",""NES"":-1.0394774590069804,""FDR"":0.6633838669022504,""leading_edge_n"":19,""qualified"":false},{""term_id"":""GOBP_IMMUNE_EFFECTOR_PROCESS"",""NES"":1.151319349850301,""FDR"":0.4063645694262334,""leading_edge_n"":140,""qualified"":false},{""term_id"":""GOBP_LEUKOCYTE_MEDIATED_IMMUNITY"",""NES"":1.0233202454572512,""FDR"":0.5694372028898855,""leading_edge_n"":100,""qualified"":false},{""term_id"":""GOBP_LYMPHOCYTE_MEDIATED_IMMUNITY"",""NES"":-1.0062043600555584,""FDR"":0.699968427315082,""leading_edge_n"":38,""qualified"":false},{""term_id"":""GOBP_POSITIVE_REGULATION_OF_ADAPTIVE_IMMUNE_RESPONSE"",""NES"":1.2155689808527477,""FDR"":0.3360864056110543,""leading_edge_n"":47,""qualified"":false},{""term_id"":""GOBP_POSITIVE_REGULATION_OF_IMMUNE_EFFECTOR_PROCESS"",""NES"":1.33127904068,""FDR"":0.2356518169030131,""leading_edge_n"":73,""qualified"":false},{""term_id"":""GOBP_POSITIVE_REGULATION_OF_LEUKOCYTE_MEDIATED_IMMUNITY"",""NES"":1.105666854567189,""FDR"":0.4630203432058954,""leading_edge_n"":45,""qualified"":false},{""term_id"":""GOBP_POSITIVE_REGULATION_OF_T_CELL_MEDIATED_IMMUNITY"",""NES"":1.0528840585997927,""FDR"":0.530619852433167,""leading_edge_n"":24,""qualified"":false},{""term_id"":""GOBP_REGULATION_OF_ADAPTIVE_IMMUNE_RESPONSE"",""NES"":1.3305871303932435,""FDR"":0.2360249821260587,""leading_edge_n"":61,""qualified"":false},{""term_id"":""GOBP_REGULATION_OF_IMMUNE_EFFECTOR_PROCESS"",""NES"":1.3323140371030455,""FDR"":0.2355779028010257,""leading_edge_n"":89,""qualified"":false},{""term_id"":""GOBP_REGULATION_OF_LEUKOCYTE_MEDIATED_IMMUNITY"",""NES"":1.1428357801768336,""FDR"":0.4173481199612513,""leading_edge_n"":58,""qualified"":false},{""term_id"":""GOBP_REGULATION_OF_LYMPHOCYTE_MEDIATED_IMMUNITY"",""NES"":0.8476416891548525,""FDR"":0.8323331045566533,""leading_edge_n"":49,""qualified"":false},{""term_id"":""GOBP_REGULATION_OF_T_CELL_MEDIATED_IMMUNITY"",""NES"":1.0005232290346422,""FDR"":0.6045161414713568,""leading_edge_n"":19,""qualified"":false},{""term_id"":""GOBP_T_CELL_MEDIATED_IMMUNITY"",""NES"":0.9098560830434348,""FDR"":0.7447332067635284,""leading_edge_n"":23,""qualified"":false}]"
EXP001_vs_sensitivity,I,I004,EXP001,0.5,1,GOBP_ANTIMICROBIAL_HUMORAL_IMMUNE_RESPONSE_MEDIATED_BY_ANTIMICROBIAL_PEPTIDE,0,INACTIVE,"[{""term_id"":""GOBP_ANTIMICROBIAL_HUMORAL_IMMUNE_RESPONSE_MEDIATED_BY_ANTIMICROBIAL_PEPTIDE"",""NES"":1.1372240076160534,""FDR"":0.4134051500579458,""leading_edge_n"":10,""qualified"":false}]"
EXP001_vs_sensitivity,I,I004,sensitivity,0.5,1,GOBP_ANTIMICROBIAL_HUMORAL_IMMUNE_RESPONSE_MEDIATED_BY_ANTIMICROBIAL_PEPTIDE,0,INACTIVE,"[{""term_id"":""GOBP_ANTIMICROBIAL_HUMORAL_IMMUNE_RESPONSE_MEDIATED_BY_ANTIMICROBIAL_PEPTIDE"",""NES"":1.0283362197965091,""FDR"":0.5627957305096055,""leading_edge_n"":7,""qualified"":false}]"
EXP001_vs_sensitivity,I,I005,EXP001,0.5,1,GOBP_ANTIVIRAL_INNATE_IMMUNE_RESPONSE,0,INACTIVE,"[{""term_id"":""GOBP_ANTIVIRAL_INNATE_IMMUNE_RESPONSE"",""NES"":-0.7204497212972247,""FDR"":0.9349581565060988,""leading_edge_n"":8,""qualified"":false}]"
EXP001_vs_sensitivity,I,I005,sensitivity,0.5,1,GOBP_ANTIVIRAL_INNATE_IMMUNE_RESPONSE,0,INACTIVE,"[{""term_id"":""GOBP_ANTIVIRAL_INNATE_IMMUNE_RESPONSE"",""NES"":0.9431470499876662,""FDR"":0.6909541659872099,""leading_edge_n"":25,""qualified"":false}]"
EXP001_vs_sensitivity,I,I006,EXP001,0.5,14,GOBP_B_CELL_ACTIVATION_INVOLVED_IN_IMMUNE_RESPONSE;GOBP_CYTOKINE_PRODUCTION_INVOLVED_IN_IMMUNE_RESPONSE;GOBP_IMMUNOGLOBULIN_PRODUCTION;GOBP_IMMUNOGLOBULIN_PRODUCTION_INVOLVED_IN_IMMUNOGLOBULIN_MEDIATED_IMMUNE_RESPONSE;GOBP_POSITIVE_REGULATION_OF_B_CELL_MEDIATED_IMMUNITY;GOBP_POSITIVE_REGULATION_OF_CYTOKINE_PRODUCTION_INVOLVED_IN_IMMUNE_RESPONSE;GOBP_POSITIVE_REGULATION_OF_IMMUNOGLOBULIN_PRODUCTION;GOBP_POSITIVE_REGULATION_OF_PRODUCTION_OF_MOLECULAR_MEDIATOR_OF_IMMUNE_RESPONSE;GOBP_PRODUCTION_OF_MOLECULAR_MEDIATOR_OF_IMMUNE_RESPONSE;GOBP_REGULATION_OF_B_CELL_MEDIATED_IMMUNITY;GOBP_REGULATION_OF_IMMUNOGLOBULIN_PRODUCTION;GOBP_REGULATION_OF_PRODUCTION_OF_MOLECULAR_MEDIATOR_OF_IMMUNE_RESPONSE;GOBP_SOMATIC_DIVERSIFICATION_OF_IMMUNE_RECEPTORS;GOBP_SOMATIC_DIVERSIFICATION_OF_IMMUNOGLOBULINS,1,POSITIVE,"[{""term_id"":""GOBP_B_CELL_ACTIVATION_INVOLVED_IN_IMMUNE_RESPONSE"",""NES"":1.0452468640679202,""FDR"":0.5444400887392,""leading_edge_n"":16,""qualified"":false},{""term_id"":""GOBP_CYTOKINE_PRODUCTION_INVOLVED_IN_IMMUNE_RESPONSE"",""NES"":-1.0542457106433052,""FDR"":0.4884211476533048,""leading_edge_n"":17,""qualified"":false},{""term_id"":""GOBP_IMMUNOGLOBULIN_PRODUCTION"",""NES"":1.4546659194375602,""FDR"":0.1055987016502585,""leading_edge_n"":26,""qualified"":false},{""term_id"":""GOBP_IMMUNOGLOBULIN_PRODUCTION_INVOLVED_IN_IMMUNOGLOBULIN_MEDIATED_IMMUNE_RESPONSE"",""NES"":1.20483260537993,""FDR"":0.3316792733275363,""leading_edge_n"":22,""qualified"":false},{""term_id"":""GOBP_POSITIVE_REGULATION_OF_B_CELL_MEDIATED_IMMUNITY"",""NES"":0.7939690455287998,""FDR"":0.8844903367574231,""leading_edge_n"":6,""qualified"":false},{""term_id"":""GOBP_POSITIVE_REGULATION_OF_CYTOKINE_PRODUCTION_INVOLVED_IN_IMMUNE_RESPONSE"",""NES"":-0.9466135200526724,""FDR"":0.6469925157844367,""leading_edge_n"":14,""qualified"":false},{""term_id"":""GOBP_POSITIVE_REGULATION_OF_IMMUNOGLOBULIN_PRODUCTION"",""NES"":1.3685108092303062,""FDR"":0.1702206145653774,""leading_edge_n"":11,""qualified"":false},{""term_id"":""GOBP_POSITIVE_REGULATION_OF_PRODUCTION_OF_MOLECULAR_MEDIATOR_OF_IMMUNE_RESPONSE"",""NES"":1.1351108858175445,""FDR"":0.4160786854250771,""leading_edge_n"":19,""qualified"":false},{""term_id"":""GOBP_PRODUCTION_OF_MOLECULAR_MEDIATOR_OF_IMMUNE_RESPONSE"",""NES"":1.1224783487989458,""FDR"":0.4357499381309413,""leading_edge_n"":54,""qualified"":false},{""term_id"":""GOBP_REGULATION_OF_B_CELL_MEDIATED_IMMUNITY"",""NES"":0.6890268732452208,""FDR"":0.9579000493372996,""leading_edge_n"":13,""qualified"":false},{""term_id"":""GOBP_REGULATION_OF_IMMUNOGLOBULIN_PRODUCTION"",""NES"":1.2475506713286375,""FDR"":0.2852210336062006,""leading_edge_n"":14,""qualified"":false},{""term_id"":""GOBP_REGULATION_OF_PRODUCTION_OF_MOLECULAR_MEDIATOR_OF_IMMUNE_RESPONSE"",""NES"":0.9639633017132416,""FDR"":0.6610917896591537,""leading_edge_n"":37,""qualified"":false},{""term_id"":""GOBP_SOMATIC_DIVERSIFICATION_OF_IMMUNE_RECEPTORS"",""NES"":1.5956023323838122,""FDR"":0.0430176772259495,""leading_edge_n"":35,""qualified"":true},{""term_id"":""GOBP_SOMATIC_DIVERSIFICATION_OF_IMMUNOGLOBULINS"",""NES"":1.378008302935854,""FDR"":0.1617360433259637,""leading_edge_n"":29,""qualified"":false}]"
EXP001_vs_sensitivity,I,I006,sensitivity,0.5,14,GOBP_B_CELL_ACTIVATION_INVOLVED_IN_IMMUNE_RESPONSE;GOBP_CYTOKINE_PRODUCTION_INVOLVED_IN_IMMUNE_RESPONSE;GOBP_IMMUNOGLOBULIN_PRODUCTION;GOBP_IMMUNOGLOBULIN_PRODUCTION_INVOLVED_IN_IMMUNOGLOBULIN_MEDIATED_IMMUNE_RESPONSE;GOBP_POSITIVE_REGULATION_OF_B_CELL_MEDIATED_IMMUNITY;GOBP_POSITIVE_REGULATION_OF_CYTOKINE_PRODUCTION_INVOLVED_IN_IMMUNE_RESPONSE;GOBP_POSITIVE_REGULATION_OF_IMMUNOGLOBULIN_PRODUCTION;GOBP_POSITIVE_REGULATION_OF_PRODUCTION_OF_MOLECULAR_MEDIATOR_OF_IMMUNE_RESPONSE;GOBP_PRODUCTION_OF_MOLECULAR_MEDIATOR_OF_IMMUNE_RESPONSE;GOBP_REGULATION_OF_B_CELL_MEDIATED_IMMUNITY;GOBP_REGULATION_OF_IMMUNOGLOBULIN_PRODUCTION;GOBP_REGULATION_OF_PRODUCTION_OF_MOLECULAR_MEDIATOR_OF_IMMUNE_RESPONSE;GOBP_SOMATIC_DIVERSIFICATION_OF_IMMUNE_RECEPTORS;GOBP_SOMATIC_DIVERSIFICATION_OF_IMMUNOGLOBULINS,0,INACTIVE,"[{""term_id"":""GOBP_B_CELL_ACTIVATION_INVOLVED_IN_IMMUNE_RESPONSE"",""NES"":-0.8781828193691968,""FDR"":0.8613891437870751,""leading_edge_n"":15,""qualified"":false},{""term_id"":""GOBP_CYTOKINE_PRODUCTION_INVOLVED_IN_IMMUNE_RESPONSE"",""NES"":1.2304413409042283,""FDR"":0.3223546029170094,""leading_edge_n"":35,""qualified"":false},{""term_id"":""GOBP_IMMUNOGLOBULIN_PRODUCTION"",""NES"":0.947193879742463,""FDR"":0.6850563657850625,""leading_edge_n"":20,""qualified"":false},{""term_id"":""GOBP_IMMUNOGLOBULIN_PRODUCTION_INVOLVED_IN_IMMUNOGLOBULIN_MEDIATED_IMMUNE_RESPONSE"",""NES"":0.8217170649508954,""FDR"":0.8591785963385811,""leading_edge_n"":14,""qualified"":false},{""term_id"":""GOBP_POSITIVE_REGULATION_OF_B_CELL_MEDIATED_IMMUNITY"",""NES"":-1.0213235208048062,""FDR"":0.6861439631875696,""leading_edge_n"":7,""qualified"":false},{""term_id"":""GOBP_POSITIVE_REGULATION_OF_CYTOKINE_PRODUCTION_INVOLVED_IN_IMMUNE_RESPONSE"",""NES"":1.2387347860568134,""FDR"":0.314716046204986,""leading_edge_n"":28,""qualified"":false},{""term_id"":""GOBP_POSITIVE_REGULATION_OF_IMMUNOGLOBULIN_PRODUCTION"",""NES"":0.8628320503277103,""FDR"":0.8117150466170691,""leading_edge_n"":13,""qualified"":false},{""term_id"":""GOBP_POSITIVE_REGULATION_OF_PRODUCTION_OF_MOLECULAR_MEDIATOR_OF_IMMUNE_RESPONSE"",""NES"":1.162813720007172,""FDR"":0.394010003023116,""leading_edge_n"":43,""qualified"":false},{""term_id"":""GOBP_PRODUCTION_OF_MOLECULAR_MEDIATOR_OF_IMMUNE_RESPONSE"",""NES"":1.2287798644822,""FDR"":0.3243032867858588,""leading_edge_n"":40,""qualified"":false},{""term_id"":""GOBP_REGULATION_OF_B_CELL_MEDIATED_IMMUNITY"",""NES"":-0.8535620397602764,""FDR"":0.8889232167652699,""leading_edge_n"":9,""qualified"":false},{""term_id"":""GOBP_REGULATION_OF_IMMUNOGLOBULIN_PRODUCTION"",""NES"":-0.881179996793158,""FDR"":0.858314303249343,""leading_edge_n"":12,""qualified"":false},{""term_id"":""GOBP_REGULATION_OF_PRODUCTION_OF_MOLECULAR_MEDIATOR_OF_IMMUNE_RESPONSE"",""NES"":1.1012001651681624,""FDR"":0.4685025657436886,""leading_edge_n"":30,""qualified"":false},{""term_id"":""GOBP_SOMATIC_DIVERSIFICATION_OF_IMMUNE_RECEPTORS"",""NES"":-1.0181614492726998,""FDR"":0.6896224493657137,""leading_edge_n"":16,""qualified"":false},{""term_id"":""GOBP_SOMATIC_DIVERSIFICATION_OF_IMMUNOGLOBULINS"",""NES"":-0.9229335802431394,""FDR"":0.8095829102100149,""leading_edge_n"":15,""qualified"":false}]"
EXP001_vs_sensitivity,I,I007,EXP001,0.5,2,GOBP_CELLULAR_RESPONSE_TO_INTERFERON_BETA;GOBP_RESPONSE_TO_INTERFERON_BETA,0,INACTIVE,"[{""term_id"":""GOBP_CELLULAR_RESPONSE_TO_INTERFERON_BETA"",""NES"":0.783993964004606,""FDR"":0.8950361612253575,""leading_edge_n"":5,""qualified"":false},{""term_id"":""GOBP_RESPONSE_TO_INTERFERON_BETA"",""NES"":0.8669707036086831,""FDR"":0.8019855367954747,""leading_edge_n"":2,""qualified"":false}]"
EXP001_vs_sensitivity,I,I007,sensitivity,0.5,2,GOBP_CELLULAR_RESPONSE_TO_INTERFERON_BETA;GOBP_RESPONSE_TO_INTERFERON_BETA,0,INACTIVE,"[{""term_id"":""GOBP_CELLULAR_RESPONSE_TO_INTERFERON_BETA"",""NES"":-1.10773392657776,""FDR"":0.5893973176622453,""leading_edge_n"":2,""qualified"":false},{""term_id"":""GOBP_RESPONSE_TO_INTERFERON_BETA"",""NES"":1.181230380983786,""FDR"":0.3745721127855984,""leading_edge_n"":11,""qualified"":false}]"
EXP001_vs_sensitivity,I,I008,EXP001,0.5,2,GOBP_CELLULAR_RESPONSE_TO_INTERLEUKIN_1;GOBP_RESPONSE_TO_INTERLEUKIN_1,0,INACTIVE,"[{""term_id"":""GOBP_CELLULAR_RESPONSE_TO_INTERLEUKIN_1"",""NES"":-1.064773048501372,""FDR"":0.4746425606297522,""leading_edge_n"":19,""qualified"":false},{""term_id"":""GOBP_RESPONSE_TO_INTERLEUKIN_1"",""NES"":-1.193832733387734,""FDR"":0.3324234214031625,""leading_edge_n"":22,""qualified"":false}]"
EXP001_vs_sensitivity,I,I008,sensitivity,0.5,2,GOBP_CELLULAR_RESPONSE_TO_INTERLEUKIN_1;GOBP_RESPONSE_TO_INTERLEUKIN_1,0,INACTIVE,"[{""term_id"":""GOBP_CELLULAR_RESPONSE_TO_INTERLEUKIN_1"",""NES"":1.4438039375330298,""FDR"":0.158560570063353,""leading_edge_n"":29,""qualified"":false},{""term_id"":""GOBP_RESPONSE_TO_INTERLEUKIN_1"",""NES"":1.3559726930744374,""FDR"":0.2176540745023513,""leading_edge_n"":35,""qualified"":false}]"
EXP001_vs_sensitivity,I,I009,EXP001,0.5,2,GOBP_CELLULAR_RESPONSE_TO_TYPE_II_INTERFERON;GOBP_RESPONSE_TO_TYPE_II_INTERFERON,0,INACTIVE,"[{""term_id"":""GOBP_CELLULAR_RESPONSE_TO_TYPE_II_INTERFERON"",""NES"":-1.4151871988867648,""FDR"":0.1674852692617745,""leading_edge_n"":27,""qualified"":false},{""term_id"":""GOBP_RESPONSE_TO_TYPE_II_INTERFERON"",""NES"":-1.1130640912916718,""FDR"":0.4138186746269641,""leading_edge_n"":32,""qualified"":false}]"
EXP001_vs_sensitivity,I,I009,sensitivity,0.5,2,GOBP_CELLULAR_RESPONSE_TO_TYPE_II_INTERFERON;GOBP_RESPONSE_TO_TYPE_II_INTERFERON,0,INACTIVE,"[{""term_id"":""GOBP_CELLULAR_RESPONSE_TO_TYPE_II_INTERFERON"",""NES"":1.1935367234862808,""FDR"":0.3614065645947172,""leading_edge_n"":26,""qualified"":false},{""term_id"":""GOBP_RESPONSE_TO_TYPE_II_INTERFERON"",""NES"":1.532190214495532,""FDR"":0.1149402181118665,""leading_edge_n"":49,""qualified"":false}]"
EXP001_vs_sensitivity,I,I010,EXP001,0.5,4,GOBP_CELL_ACTIVATION_INVOLVED_IN_IMMUNE_RESPONSE;GOBP_LYMPHOCYTE_ACTIVATION_INVOLVED_IN_IMMUNE_RESPONSE;GOBP_T_CELL_ACTIVATION_INVOLVED_IN_IMMUNE_RESPONSE;GOBP_T_CELL_DIFFERENTIATION_INVOLVED_IN_IMMUNE_RESPONSE,0,INACTIVE,"[{""term_id"":""GOBP_CELL_ACTIVATION_INVOLVED_IN_IMMUNE_RESPONSE"",""NES"":1.226103935472515,""FDR"":0.3074525677373175,""leading_edge_n"":59,""qualified"":false},{""term_id"":""GOBP_LYMPHOCYTE_ACTIVATION_INVOLVED_IN_IMMUNE_RESPONSE"",""NES"":1.0144549914750192,""FDR"":0.5841513431434052,""leading_edge_n"":41,""qualified"":false},{""term_id"":""GOBP_T_CELL_ACTIVATION_INVOLVED_IN_IMMUNE_RESPONSE"",""NES"":-0.9804212203886103,""FDR"":0.5982021670257083,""leading_edge_n"":22,""qualified"":false},{""term_id"":""GOBP_T_CELL_DIFFERENTIATION_INVOLVED_IN_IMMUNE_RESPONSE"",""NES"":0.9163359041332624,""FDR"":0.7303825869334886,""leading_edge_n"":20,""qualified"":false}]"
EXP001_vs_sensitivity,I,I010,sensitivity,0.5,4,GOBP_CELL_ACTIVATION_INVOLVED_IN_IMMUNE_RESPONSE;GOBP_LYMPHOCYTE_ACTIVATION_INVOLVED_IN_IMMUNE_RESPONSE;GOBP_T_CELL_ACTIVATION_INVOLVED_IN_IMMUNE_RESPONSE;GOBP_T_CELL_DIFFERENTIATION_INVOLVED_IN_IMMUNE_RESPONSE,0,INACTIVE,"[{""term_id"":""GOBP_CELL_ACTIVATION_INVOLVED_IN_IMMUNE_RESPONSE"",""NES"":1.214683066706468,""FDR"":0.3371210956121688,""leading_edge_n"":71,""qualified"":false},{""term_id"":""GOBP_LYMPHOCYTE_ACTIVATION_INVOLVED_IN_IMMUNE_RESPONSE"",""NES"":1.3450132974336586,""FDR"":0.2251369711477942,""leading_edge_n"":59,""qualified"":false},{""term_id"":""GOBP_T_CELL_ACTIVATION_INVOLVED_IN_IMMUNE_RESPONSE"",""NES"":1.531823411710681,""FDR"":0.1148969693926252,""leading_edge_n"":48,""qualified"":false},{""term_id"":""GOBP_T_CELL_DIFFERENTIATION_INVOLVED_IN_IMMUNE_RESPONSE"",""NES"":1.64624272630306,""FDR"":0.0719233112030704,""leading_edge_n"":35,""qualified"":false}]"
EXP001_vs_sensitivity,I,I011,EXP001,0.5,2,GOBP_CELL_SURFACE_TOLL_LIKE_RECEPTOR_SIGNALING_PATHWAY;GOBP_INNATE_IMMUNE_RESPONSE_ACTIVATING_CELL_SURFACE_RECEPTOR_SIGNALING_PATHWAY,0,INACTIVE,"[{""term_id"":""GOBP_CELL_SURFACE_TOLL_LIKE_RECEPTOR_SIGNALING_PATHWAY"",""NES"":-1.1160425497320006,""FDR"":0.4098468544972996,""leading_edge_n"":12,""qualified"":false},{""term_id"":""GOBP_INNATE_IMMUNE_RESPONSE_ACTIVATING_CELL_SURFACE_RECEPTOR_SIGNALING_PATHWAY"",""NES"":-1.2652307461893326,""FDR"":0.2696464896527374,""leading_edge_n"":16,""qualified"":false}]"
EXP001_vs_sensitivity,I,I011,sensitivity,0.5,2,GOBP_CELL_SURFACE_TOLL_LIKE_RECEPTOR_SIGNALING_PATHWAY;GOBP_INNATE_IMMUNE_RESPONSE_ACTIVATING_CELL_SURFACE_RECEPTOR_SIGNALING_PATHWAY,0,INACTIVE,"[{""term_id"":""GOBP_CELL_SURFACE_TOLL_LIKE_RECEPTOR_SIGNALING_PATHWAY"",""NES"":1.0553901333608278,""FDR"":0.5279472896621501,""leading_edge_n"":27,""qualified"":false},{""term_id"":""GOBP_INNATE_IMMUNE_RESPONSE_ACTIVATING_CELL_SURFACE_RECEPTOR_SIGNALING_PATHWAY"",""NES"":0.940935036106766,""FDR"":0.6936197097315246,""leading_edge_n"":30,""qualified"":false}]"
EXP001_vs_sensitivity,I,I012,EXP001,0.5,1,GOBP_CYTOKINE_MEDIATED_SIGNALING_PATHWAY,0,INACTIVE,"[{""term_id"":""GOBP_CYTOKINE_MEDIATED_SIGNALING_PATHWAY"",""NES"":-1.1120180640496806,""FDR"":0.4148443140109558,""leading_edge_n"":74,""qualified"":false}]"
EXP001_vs_sensitivity,I,I012,sensitivity,0.5,1,GOBP_CYTOKINE_MEDIATED_SIGNALING_PATHWAY,0,INACTIVE,"[{""term_id"":""GOBP_CYTOKINE_MEDIATED_SIGNALING_PATHWAY"",""NES"":1.424213768634624,""FDR"":0.1691481664494894,""leading_edge_n"":106,""qualified"":false}]"
EXP001_vs_sensitivity,I,I013,EXP001,0.5,3,GOBP_CYTOKINE_PRODUCTION_INVOLVED_IN_INFLAMMATORY_RESPONSE;GOBP_NEGATIVE_REGULATION_OF_CYTOKINE_PRODUCTION_INVOLVED_IN_INFLAMMATORY_RESPONSE;GOBP_PRODUCTION_OF_MOLECULAR_MEDIATOR_INVOLVED_IN_INFLAMMATORY_RESPONSE,0,INACTIVE,"[{""term_id"":""GOBP_CYTOKINE_PRODUCTION_INVOLVED_IN_INFLAMMATORY_RESPONSE"",""NES"":-0.8703599462473572,""FDR"":0.7753991314074908,""leading_edge_n"":17,""qualified"":false},{""term_id"":""GOBP_NEGATIVE_REGULATION_OF_CYTOKINE_PRODUCTION_INVOLVED_IN_INFLAMMATORY_RESPONSE"",""NES"":-1.009682047642201,""FDR"":0.5535628820953539,""leading_edge_n"":11,""qualified"":false},{""term_id"":""GOBP_PRODUCTION_OF_MOLECULAR_MEDIATOR_INVOLVED_IN_INFLAMMATORY_RESPONSE"",""NES"":-0.9553976718060806,""FDR"":0.6342949228529626,""leading_edge_n"":22,""qualified"":false}]"
EXP001_vs_sensitivity,I,I013,sensitivity,0.5,3,GOBP_CYTOKINE_PRODUCTION_INVOLVED_IN_INFLAMMATORY_RESPONSE;GOBP_NEGATIVE_REGULATION_OF_CYTOKINE_PRODUCTION_INVOLVED_IN_INFLAMMATORY_RESPONSE;GOBP_PRODUCTION_OF_MOLECULAR_MEDIATOR_INVOLVED_IN_INFLAMMATORY_RESPONSE,2,POSITIVE,"[{""term_id"":""GOBP_CYTOKINE_PRODUCTION_INVOLVED_IN_INFLAMMATORY_RESPONSE"",""NES"":1.7954743620238869,""FDR"":0.0339731585351011,""leading_edge_n"":16,""qualified"":true},{""term_id"":""GOBP_NEGATIVE_REGULATION_OF_CYTOKINE_PRODUCTION_INVOLVED_IN_INFLAMMATORY_RESPONSE"",""NES"":1.58049635746882,""FDR"":0.0956798411784867,""leading_edge_n"":7,""qualified"":false},{""term_id"":""GOBP_PRODUCTION_OF_MOLECULAR_MEDIATOR_INVOLVED_IN_INFLAMMATORY_RESPONSE"",""NES"":1.7271366096186858,""FDR"":0.0489949708390036,""leading_edge_n"":19,""qualified"":true}]"
EXP001_vs_sensitivity,I,I014,EXP001,0.5,2,GOBP_ENDOLYSOSOMAL_TOLL_LIKE_RECEPTOR_SIGNALING_PATHWAY;GOBP_TOLL_LIKE_RECEPTOR_3_SIGNALING_PATHWAY,0,INACTIVE,"[{""term_id"":""GOBP_ENDOLYSOSOMAL_TOLL_LIKE_RECEPTOR_SIGNALING_PATHWAY"",""NES"":0.9494757361115178,""FDR"":0.6831655539781816,""leading_edge_n"":5,""qualified"":false},{""term_id"":""GOBP_TOLL_LIKE_RECEPTOR_3_SIGNALING_PATHWAY"",""NES"":1.0159039617987855,""FDR"":0.5833877809016005,""leading_edge_n"":3,""qualified"":false}]"
EXP001_vs_sensitivity,I,I014,sensitivity,0.5,2,GOBP_ENDOLYSOSOMAL_TOLL_LIKE_RECEPTOR_SIGNALING_PATHWAY;GOBP_TOLL_LIKE_RECEPTOR_3_SIGNALING_PATHWAY,0,INACTIVE,"[{""term_id"":""GOBP_ENDOLYSOSOMAL_TOLL_LIKE_RECEPTOR_SIGNALING_PATHWAY"",""NES"":1.0543338939927158,""FDR"":0.5289245831637268,""leading_edge_n"":15,""qualified"":false},{""term_id"":""GOBP_TOLL_LIKE_RECEPTOR_3_SIGNALING_PATHWAY"",""NES"":-0.7655625629962655,""FDR"":0.954416989239141,""leading_edge_n"":3,""qualified"":false}]"
EXP001_vs_sensitivity,I,I015,EXP001,0.5,1,GOBP_HUMORAL_IMMUNE_RESPONSE,0,INACTIVE,"[{""term_id"":""GOBP_HUMORAL_IMMUNE_RESPONSE"",""NES"":-1.1953004201378217,""FDR"":0.3314181041910565,""leading_edge_n"":21,""qualified"":false}]"
EXP001_vs_sensitivity,I,I015,sensitivity,0.5,1,GOBP_HUMORAL_IMMUNE_RESPONSE,0,INACTIVE,"[{""term_id"":""GOBP_HUMORAL_IMMUNE_RESPONSE"",""NES"":1.194074548850868,""FDR"":0.3611811359411027,""leading_edge_n"":20,""qualified"":false}]"
EXP001_vs_sensitivity,I,I016,EXP001,0.5,1,GOBP_HUMORAL_IMMUNE_RESPONSE_MEDIATED_BY_CIRCULATING_IMMUNOGLOBULIN,0,INACTIVE,"[{""term_id"":""GOBP_HUMORAL_IMMUNE_RESPONSE_MEDIATED_BY_CIRCULATING_IMMUNOGLOBULIN"",""NES"":-1.5189606720465194,""FDR"":0.1237330470741777,""leading_edge_n"":10,""qualified"":false}]"
EXP001_vs_sensitivity,I,I016,sensitivity,0.5,1,GOBP_HUMORAL_IMMUNE_RESPONSE_MEDIATED_BY_CIRCULATING_IMMUNOGLOBULIN,0,INACTIVE,"[{""term_id"":""GOBP_HUMORAL_IMMUNE_RESPONSE_MEDIATED_BY_CIRCULATING_IMMUNOGLOBULIN"",""NES"":0.8939740579705964,""FDR"":0.7693436966540359,""leading_edge_n"":8,""qualified"":false}]"
EXP001_vs_sensitivity,I,I017,EXP001,0.5,1,GOBP_IMMUNE_RESPONSE_REGULATING_CELL_SURFACE_RECEPTOR_SIGNALING_PATHWAY_INVOLVED_IN_PHAGOCYTOSIS,0,INACTIVE,"[{""term_id"":""GOBP_IMMUNE_RESPONSE_REGULATING_CELL_SURFACE_RECEPTOR_SIGNALING_PATHWAY_INVOLVED_IN_PHAGOCYTOSIS"",""NES"":-0.8150715391283813,""FDR"":0.8456164582626392,""leading_edge_n"":3,""qualified"":false}]"
EXP001_vs_sensitivity,I,I017,sensitivity,0.5,1,GOBP_IMMUNE_RESPONSE_REGULATING_CELL_SURFACE_RECEPTOR_SIGNALING_PATHWAY_INVOLVED_IN_PHAGOCYTOSIS,0,INACTIVE,"[{""term_id"":""GOBP_IMMUNE_RESPONSE_REGULATING_CELL_SURFACE_RECEPTOR_SIGNALING_PATHWAY_INVOLVED_IN_PHAGOCYTOSIS"",""NES"":-1.4207361057985337,""FDR"":0.3071438055694768,""leading_edge_n"":6,""qualified"":false}]"
EXP001_vs_sensitivity,I,I018,EXP001,0.5,2,GOBP_IMMUNE_RESPONSE_TO_TUMOR_CELL;GOBP_T_CELL_MEDIATED_IMMUNE_RESPONSE_TO_TUMOR_CELL,0,INACTIVE,"[{""term_id"":""GOBP_IMMUNE_RESPONSE_TO_TUMOR_CELL"",""NES"":1.1042317701267947,""FDR"":0.4618705714018186,""leading_edge_n"":8,""qualified"":false},{""term_id"":""GOBP_T_CELL_MEDIATED_IMMUNE_RESPONSE_TO_TUMOR_CELL"",""NES"":1.1123737840716883,""FDR"":0.4504943703352211,""leading_edge_n"":6,""qualified"":false}]"
EXP001_vs_sensitivity,I,I018,sensitivity,0.5,2,GOBP_IMMUNE_RESPONSE_TO_TUMOR_CELL;GOBP_T_CELL_MEDIATED_IMMUNE_RESPONSE_TO_TUMOR_CELL,0,INACTIVE,"[{""term_id"":""GOBP_IMMUNE_RESPONSE_TO_TUMOR_CELL"",""NES"":-0.9401257420137508,""FDR"":0.7839510148185448,""leading_edge_n"":6,""qualified"":false},{""term_id"":""GOBP_T_CELL_MEDIATED_IMMUNE_RESPONSE_TO_TUMOR_CELL"",""NES"":0.965705552239754,""FDR"":0.6557772217716663,""leading_edge_n"":5,""qualified"":false}]"
EXP001_vs_sensitivity,I,I019,EXP001,0.5,1,GOBP_IMMUNE_SYSTEM_DEVELOPMENT,0,INACTIVE,"[{""term_id"":""GOBP_IMMUNE_SYSTEM_DEVELOPMENT"",""NES"":-1.0172220459653798,""FDR"":0.5410714716129181,""leading_edge_n"":33,""qualified"":false}]"
EXP001_vs_sensitivity,I,I019,sensitivity,0.5,1,GOBP_IMMUNE_SYSTEM_DEVELOPMENT,0,INACTIVE,"[{""term_id"":""GOBP_IMMUNE_SYSTEM_DEVELOPMENT"",""NES"":1.3852484986604796,""FDR"":0.1952385678442557,""leading_edge_n"":42,""qualified"":false}]"
EXP001_vs_sensitivity,I,I020,EXP001,0.5,3,GOBP_INFLAMMASOME_MEDIATED_SIGNALING_PATHWAY;GOBP_POSITIVE_REGULATION_OF_INFLAMMASOME_MEDIATED_SIGNALING_PATHWAY;GOBP_REGULATION_OF_INFLAMMASOME_MEDIATED_SIGNALING_PATHWAY,0,INACTIVE,"[{""term_id"":""GOBP_INFLAMMASOME_MEDIATED_SIGNALING_PATHWAY"",""NES"":-1.1722817056508554,""FDR"":0.3496920469695334,""leading_edge_n"":10,""qualified"":false},{""term_id"":""GOBP_POSITIVE_REGULATION_OF_INFLAMMASOME_MEDIATED_SIGNALING_PATHWAY"",""NES"":-1.3373513584436565,""FDR"":0.2157946083624295,""leading_edge_n"":6,""qualified"":false},{""term_id"":""GOBP_REGULATION_OF_INFLAMMASOME_MEDIATED_SIGNALING_PATHWAY"",""NES"":-1.1409759847461864,""FDR"":0.3830530753889685,""leading_edge_n"":9,""qualified"":false}]"
EXP001_vs_sensitivity,I,I020,sensitivity,0.5,3,GOBP_INFLAMMASOME_MEDIATED_SIGNALING_PATHWAY;GOBP_POSITIVE_REGULATION_OF_INFLAMMASOME_MEDIATED_SIGNALING_PATHWAY;GOBP_REGULATION_OF_INFLAMMASOME_MEDIATED_SIGNALING_PATHWAY,0,INACTIVE,"[{""term_id"":""GOBP_INFLAMMASOME_MEDIATED_SIGNALING_PATHWAY"",""NES"":1.0484901150345447,""FDR"":0.5358423198690669,""leading_edge_n"":18,""qualified"":false},{""term_id"":""GOBP_POSITIVE_REGULATION_OF_INFLAMMASOME_MEDIATED_SIGNALING_PATHWAY"",""NES"":1.2429280526708262,""FDR"":0.3107148520127011,""leading_edge_n"":11,""qualified"":false},{""term_id"":""GOBP_REGULATION_OF_INFLAMMASOME_MEDIATED_SIGNALING_PATHWAY"",""NES"":1.174081674356534,""FDR"":0.3812579776782179,""leading_edge_n"":16,""qualified"":false}]"
EXP001_vs_sensitivity,I,I021,EXP001,0.5,1,GOBP_INFLAMMATORY_CELL_APOPTOTIC_PROCESS,0,INACTIVE,"[{""term_id"":""GOBP_INFLAMMATORY_CELL_APOPTOTIC_PROCESS"",""NES"":-1.301173309124782,""FDR"":0.2413753783830098,""leading_edge_n"":5,""qualified"":false}]"
EXP001_vs_sensitivity,I,I021,sensitivity,0.5,1,GOBP_INFLAMMATORY_CELL_APOPTOTIC_PROCESS,0,INACTIVE,"[{""term_id"":""GOBP_INFLAMMATORY_CELL_APOPTOTIC_PROCESS"",""NES"":0.8229010820820624,""FDR"":0.8590678767960778,""leading_edge_n"":5,""qualified"":false}]"
EXP001_vs_sensitivity,I,I022,EXP001,0.5,3,GOBP_INFLAMMATORY_RESPONSE_TO_ANTIGENIC_STIMULUS;GOBP_NEGATIVE_REGULATION_OF_INFLAMMATORY_RESPONSE_TO_ANTIGENIC_STIMULUS;GOBP_REGULATION_OF_INFLAMMATORY_RESPONSE_TO_ANTIGENIC_STIMULUS,0,INACTIVE,"[{""term_id"":""GOBP_INFLAMMATORY_RESPONSE_TO_ANTIGENIC_STIMULUS"",""NES"":-1.3434408657897898,""FDR"":0.2110663842861229,""leading_edge_n"":15,""qualified"":false},{""term_id"":""GOBP_NEGATIVE_REGULATION_OF_INFLAMMATORY_RESPONSE_TO_ANTIGENIC_STIMULUS"",""NES"":-1.1185113214746436,""FDR"":0.4074561965732179,""leading_edge_n"":6,""qualified"":false},{""term_id"":""GOBP_REGULATION_OF_INFLAMMATORY_RESPONSE_TO_ANTIGENIC_STIMULUS"",""NES"":-1.4460614787199673,""FDR"":0.1534513234802242,""leading_edge_n"":9,""qualified"":false}]"
EXP001_vs_sensitivity,I,I022,sensitivity,0.5,3,GOBP_INFLAMMATORY_RESPONSE_TO_ANTIGENIC_STIMULUS;GOBP_NEGATIVE_REGULATION_OF_INFLAMMATORY_RESPONSE_TO_ANTIGENIC_STIMULUS;GOBP_REGULATION_OF_INFLAMMATORY_RESPONSE_TO_ANTIGENIC_STIMULUS,0,INACTIVE,"[{""term_id"":""GOBP_INFLAMMATORY_RESPONSE_TO_ANTIGENIC_STIMULUS"",""NES"":-1.0717711277651492,""FDR"":0.6296549077461998,""leading_edge_n"":9,""qualified"":false},{""term_id"":""GOBP_NEGATIVE_REGULATION_OF_INFLAMMATORY_RESPONSE_TO_ANTIGENIC_STIMULUS"",""NES"":0.7941665739795745,""FDR"":0.8896746803934745,""leading_edge_n"":7,""qualified"":false},{""term_id"":""GOBP_REGULATION_OF_INFLAMMATORY_RESPONSE_TO_ANTIGENIC_STIMULUS"",""NES"":-0.9607096128025616,""FDR"":0.7649671479777528,""leading_edge_n"":7,""qualified"":false}]"
EXP001_vs_sensitivity,I,I023,EXP001,0.5,1,GOBP_INFLAMMATORY_RESPONSE_TO_WOUNDING,0,INACTIVE,"[{""term_id"":""GOBP_INFLAMMATORY_RESPONSE_TO_WOUNDING"",""NES"":0.873860017058728,""FDR"":0.7959017580008493,""leading_edge_n"":5,""qualified"":false}]"
EXP001_vs_sensitivity,I,I023,sensitivity,0.5,1,GOBP_INFLAMMATORY_RESPONSE_TO_WOUNDING,0,INACTIVE,"[{""term_id"":""GOBP_INFLAMMATORY_RESPONSE_TO_WOUNDING"",""NES"":1.2406255774727843,""FDR"":0.3122683993480278,""leading_edge_n"":5,""qualified"":false}]"
EXP001_vs_sensitivity,I,I024,EXP001,0.5,2,GOBP_INTERFERON_ALPHA_PRODUCTION;GOBP_POSITIVE_REGULATION_OF_INTERFERON_ALPHA_PRODUCTION,0,INACTIVE,"[{""term_id"":""GOBP_INTERFERON_ALPHA_PRODUCTION"",""NES"":0.8561213196470322,""FDR"":0.8184418460510163,""leading_edge_n"":5,""qualified"":false},{""term_id"":""GOBP_POSITIVE_REGULATION_OF_INTERFERON_ALPHA_PRODUCTION"",""NES"":1.0214059501102677,""FDR"":0.576220366138151,""leading_edge_n"":5,""qualified"":false}]"
EXP001_vs_sensitivity,I,I024,sensitivity,0.5,2,GOBP_INTERFERON_ALPHA_PRODUCTION;GOBP_POSITIVE_REGULATION_OF_INTERFERON_ALPHA_PRODUCTION,0,INACTIVE,"[{""term_id"":""GOBP_INTERFERON_ALPHA_PRODUCTION"",""NES"":1.05600278294377,""FDR"":0.5277272460594373,""leading_edge_n"":5,""qualified"":false},{""term_id"":""GOBP_POSITIVE_REGULATION_OF_INTERFERON_ALPHA_PRODUCTION"",""NES"":1.1982677045287955,""FDR"":0.356441634222019,""leading_edge_n"":5,""qualified"":false}]"
EXP001_vs_sensitivity,I,I025,EXP001,0.5,4,GOBP_INTERFERON_BETA_PRODUCTION;GOBP_POSITIVE_REGULATION_OF_INTERFERON_BETA_PRODUCTION;GOBP_POSITIVE_REGULATION_OF_TYPE_I_INTERFERON_PRODUCTION;GOBP_TYPE_I_INTERFERON_PRODUCTION,0,INACTIVE,"[{""term_id"":""GOBP_INTERFERON_BETA_PRODUCTION"",""NES"":-0.9190721772792012,""FDR"":0.6991505574341909,""leading_edge_n"":13,""qualified"":false},{""term_id"":""GOBP_POSITIVE_REGULATION_OF_INTERFERON_BETA_PRODUCTION"",""NES"":0.8083896806419907,""FDR"":0.8696567093754513,""leading_edge_n"":7,""qualified"":false},{""term_id"":""GOBP_POSITIVE_REGULATION_OF_TYPE_I_INTERFERON_PRODUCTION"",""NES"":1.126571970428113,""FDR"":0.429870376182861,""leading_edge_n"":21,""qualified"":false},{""term_id"":""GOBP_TYPE_I_INTERFERON_PRODUCTION"",""NES"":0.997757699449566,""FDR"":0.6095893322639264,""leading_edge_n"":30,""qualified"":false}]"
EXP001_vs_sensitivity,I,I025,sensitivity,0.5,4,GOBP_INTERFERON_BETA_PRODUCTION;GOBP_POSITIVE_REGULATION_OF_INTERFERON_BETA_PRODUCTION;GOBP_POSITIVE_REGULATION_OF_TYPE_I_INTERFERON_PRODUCTION;GOBP_TYPE_I_INTERFERON_PRODUCTION,0,INACTIVE,"[{""term_id"":""GOBP_INTERFERON_BETA_PRODUCTION"",""NES"":0.8214339985446809,""FDR"":0.8594117880262798,""leading_edge_n"":10,""qualified"":false},{""term_id"":""GOBP_POSITIVE_REGULATION_OF_INTERFERON_BETA_PRODUCTION"",""NES"":0.9547632068570374,""FDR"":0.6719134038511743,""leading_edge_n"":25,""qualified"":false},{""term_id"":""GOBP_POSITIVE_REGULATION_OF_TYPE_I_INTERFERON_PRODUCTION"",""NES"":1.1551060460160472,""FDR"":0.4032040798058892,""leading_edge_n"":23,""qualified"":false},{""term_id"":""GOBP_TYPE_I_INTERFERON_PRODUCTION"",""NES"":0.9373444100561372,""FDR"":0.6990245742992091,""leading_edge_n"":30,""qualified"":false}]"
EXP001_vs_sensitivity,I,I026,EXP001,0.5,5,GOBP_INTERFERON_MEDIATED_SIGNALING_PATHWAY;GOBP_NEGATIVE_REGULATION_OF_TYPE_I_INTERFERON_MEDIATED_SIGNALING_PATHWAY;GOBP_REGULATION_OF_TYPE_I_INTERFERON_MEDIATED_SIGNALING_PATHWAY;GOBP_RESPONSE_TO_TYPE_I_INTERFERON;GOBP_TYPE_I_INTERFERON_MEDIATED_SIGNALING_PATHWAY,0,INACTIVE,"[{""term_id"":""GOBP_INTERFERON_MEDIATED_SIGNALING_PATHWAY"",""NES"":0.7784284636572423,""FDR"":0.8978463314447256,""leading_edge_n"":21,""qualified"":false},{""term_id"":""GOBP_NEGATIVE_REGULATION_OF_TYPE_I_INTERFERON_MEDIATED_SIGNALING_PATHWAY"",""NES"":1.1802274848624914,""FDR"":0.3597403708014303,""leading_edge_n"":7,""qualified"":false},{""term_id"":""GOBP_REGULATION_OF_TYPE_I_INTERFERON_MEDIATED_SIGNALING_PATHWAY"",""NES"":-0.7898591467725817,""FDR"":0.8754789325178376,""leading_edge_n"":7,""qualified"":false},{""term_id"":""GOBP_RESPONSE_TO_TYPE_I_INTERFERON"",""NES"":1.1686034291456775,""FDR"":0.3745877215997892,""leading_edge_n"":41,""qualified"":false},{""term_id"":""GOBP_TYPE_I_INTERFERON_MEDIATED_SIGNALING_PATHWAY"",""NES"":0.8759426282977669,""FDR"":0.7940810464916035,""leading_edge_n"":16,""qualified"":false}]"
EXP001_vs_sensitivity,I,I026,sensitivity,0.5,5,GOBP_INTERFERON_MEDIATED_SIGNALING_PATHWAY;GOBP_NEGATIVE_REGULATION_OF_TYPE_I_INTERFERON_MEDIATED_SIGNALING_PATHWAY;GOBP_REGULATION_OF_TYPE_I_INTERFERON_MEDIATED_SIGNALING_PATHWAY;GOBP_RESPONSE_TO_TYPE_I_INTERFERON;GOBP_TYPE_I_INTERFERON_MEDIATED_SIGNALING_PATHWAY,1,POSITIVE,"[{""term_id"":""GOBP_INTERFERON_MEDIATED_SIGNALING_PATHWAY"",""NES"":1.3867805887523563,""FDR"":0.1948513157838055,""leading_edge_n"":36,""qualified"":false},{""term_id"":""GOBP_NEGATIVE_REGULATION_OF_TYPE_I_INTERFERON_MEDIATED_SIGNALING_PATHWAY"",""NES"":1.2657193190261908,""FDR"":0.2908453013604905,""leading_edge_n"":10,""qualified"":false},{""term_id"":""GOBP_REGULATION_OF_TYPE_I_INTERFERON_MEDIATED_SIGNALING_PATHWAY"",""NES"":1.2495372873288533,""FDR"":0.3039234240651182,""leading_edge_n"":13,""qualified"":false},{""term_id"":""GOBP_RESPONSE_TO_TYPE_I_INTERFERON"",""NES"":1.893652202133324,""FDR"":0.0185818296590466,""leading_edge_n"":54,""qualified"":true},{""term_id"":""GOBP_TYPE_I_INTERFERON_MEDIATED_SIGNALING_PATHWAY"",""NES"":1.5286649468342646,""FDR"":0.115592040188618,""leading_edge_n"":21,""qualified"":false}]"
EXP001_vs_sensitivity,I,I027,EXP001,0.5,2,GOBP_INTERLEUKIN_10_PRODUCTION;GOBP_POSITIVE_REGULATION_OF_INTERLEUKIN_10_PRODUCTION,0,INACTIVE,"[{""term_id"":""GOBP_INTERLEUKIN_10_PRODUCTION"",""NES"":1.2843870844811418,""FDR"":0.246348150278533,""leading_edge_n"":6,""qualified"":false},{""term_id"":""GOBP_POSITIVE_REGULATION_OF_INTERLEUKIN_10_PRODUCTION"",""NES"":1.2252984141005143,""FDR"":0.3082093886475691,""leading_edge_n"":4,""qualified"":false}]"
EXP001_vs_sensitivity,I,I027,sensitivity,0.5,2,GOBP_INTERLEUKIN_10_PRODUCTION;GOBP_POSITIVE_REGULATION_OF_INTERLEUKIN_10_PRODUCTION,0,INACTIVE,"[{""term_id"":""GOBP_INTERLEUKIN_10_PRODUCTION"",""NES"":1.1761141990433903,""FDR"":0.3790698097477009,""leading_edge_n"":8,""qualified"":false},{""term_id"":""GOBP_POSITIVE_REGULATION_OF_INTERLEUKIN_10_PRODUCTION"",""NES"":1.0600013940970676,""FDR"":0.522563779182956,""leading_edge_n"":5,""qualified"":false}]"
EXP001_vs_sensitivity,I,I028,EXP001,0.5,2,GOBP_INTERLEUKIN_12_PRODUCTION;GOBP_POSITIVE_REGULATION_OF_INTERLEUKIN_12_PRODUCTION,0,INACTIVE,"[{""term_id"":""GOBP_INTERLEUKIN_12_PRODUCTION"",""NES"":-0.8665178242677128,""FDR"":0.7809151837840926,""leading_edge_n"":7,""qualified"":false},{""term_id"":""GOBP_POSITIVE_REGULATION_OF_INTERLEUKIN_12_PRODUCTION"",""NES"":-0.8981286336520325,""FDR"":0.7304799461216499,""leading_edge_n"":6,""qualified"":false}]"
EXP001_vs_sensitivity,I,I028,sensitivity,0.5,2,GOBP_INTERLEUKIN_12_PRODUCTION;GOBP_POSITIVE_REGULATION_OF_INTERLEUKIN_12_PRODUCTION,0,INACTIVE,"[{""term_id"":""GOBP_INTERLEUKIN_12_PRODUCTION"",""NES"":0.9257496150540764,""FDR"":0.7175131444353844,""leading_edge_n"":8,""qualified"":false},{""term_id"":""GOBP_POSITIVE_REGULATION_OF_INTERLEUKIN_12_PRODUCTION"",""NES"":-1.1525490379181702,""FDR"":0.5434358289602519,""leading_edge_n"":12,""qualified"":false}]"
EXP001_vs_sensitivity,I,I029,EXP001,0.5,1,GOBP_INTERLEUKIN_13_PRODUCTION,0,INACTIVE,"[{""term_id"":""GOBP_INTERLEUKIN_13_PRODUCTION"",""NES"":-0.966438738873902,""FDR"":0.6189821197326242,""leading_edge_n"":4,""qualified"":false}]"
EXP001_vs_sensitivity,I,I029,sensitivity,0.5,1,GOBP_INTERLEUKIN_13_PRODUCTION,0,INACTIVE,"[{""term_id"":""GOBP_INTERLEUKIN_13_PRODUCTION"",""NES"":0.8843398096944384,""FDR"":0.7812024048581443,""leading_edge_n"":2,""qualified"":false}]"
EXP001_vs_sensitivity,I,I030,EXP001,0.5,1,GOBP_INTERLEUKIN_17_PRODUCTION,0,INACTIVE,"[{""term_id"":""GOBP_INTERLEUKIN_17_PRODUCTION"",""NES"":-1.202566016720379,""FDR"":0.3244553859664816,""leading_edge_n"":10,""qualified"":false}]"
EXP001_vs_sensitivity,I,I030,sensitivity,0.5,1,GOBP_INTERLEUKIN_17_PRODUCTION,0,INACTIVE,"[{""term_id"":""GOBP_INTERLEUKIN_17_PRODUCTION"",""NES"":1.3903555379859809,""FDR"":0.191665140719856,""leading_edge_n"":5,""qualified"":false}]"
EXP001_vs_sensitivity,I,I031,EXP001,0.5,1,GOBP_INTERLEUKIN_1_MEDIATED_SIGNALING_PATHWAY,0,INACTIVE,"[{""term_id"":""GOBP_INTERLEUKIN_1_MEDIATED_SIGNALING_PATHWAY"",""NES"":1.1979345061764348,""FDR"":0.3396713537050139,""leading_edge_n"":12,""qualified"":false}]"
EXP001_vs_sensitivity,I,I031,sensitivity,0.5,1,GOBP_INTERLEUKIN_1_MEDIATED_SIGNALING_PATHWAY,0,INACTIVE,"[{""term_id"":""GOBP_INTERLEUKIN_1_MEDIATED_SIGNALING_PATHWAY"",""NES"":0.8394699813681701,""FDR"":0.8412002794115983,""leading_edge_n"":9,""qualified"":false}]"
EXP001_vs_sensitivity,I,I032,EXP001,0.5,2,GOBP_INTERLEUKIN_1_PRODUCTION;GOBP_POSITIVE_REGULATION_OF_INTERLEUKIN_1_PRODUCTION,0,INACTIVE,"[{""term_id"":""GOBP_INTERLEUKIN_1_PRODUCTION"",""NES"":0.9705208793258104,""FDR"":0.6515362988704991,""leading_edge_n"":14,""qualified"":false},{""term_id"":""GOBP_POSITIVE_REGULATION_OF_INTERLEUKIN_1_PRODUCTION"",""NES"":-1.1070868270737708,""FDR"":0.4202097671104691,""leading_edge_n"":12,""qualified"":false}]"
EXP001_vs_sensitivity,I,I032,sensitivity,0.5,2,GOBP_INTERLEUKIN_1_PRODUCTION;GOBP_POSITIVE_REGULATION_OF_INTERLEUKIN_1_PRODUCTION,0,INACTIVE,"[{""term_id"":""GOBP_INTERLEUKIN_1_PRODUCTION"",""NES"":0.937333848051473,""FDR"":0.6987941918310301,""leading_edge_n"":19,""qualified"":false},{""term_id"":""GOBP_POSITIVE_REGULATION_OF_INTERLEUKIN_1_PRODUCTION"",""NES"":-0.8805495190766257,""FDR"":0.8592073954028057,""leading_edge_n"":8,""qualified"":false}]"
EXP001_vs_sensitivity,I,I033,EXP001,0.5,2,GOBP_INTERLEUKIN_2_PRODUCTION;GOBP_POSITIVE_REGULATION_OF_INTERLEUKIN_2_PRODUCTION,0,INACTIVE,"[{""term_id"":""GOBP_INTERLEUKIN_2_PRODUCTION"",""NES"":-0.9874478819950204,""FDR"":0.5883359436919817,""leading_edge_n"":10,""qualified"":false},{""term_id"":""GOBP_POSITIVE_REGULATION_OF_INTERLEUKIN_2_PRODUCTION"",""NES"":1.0753315213218295,""FDR"":0.5035295170447747,""leading_edge_n"":13,""qualified"":false}]"
EXP001_vs_sensitivity,I,I033,sensitivity,0.5,2,GOBP_INTERLEUKIN_2_PRODUCTION;GOBP_POSITIVE_REGULATION_OF_INTERLEUKIN_2_PRODUCTION,0,INACTIVE,"[{""term_id"":""GOBP_INTERLEUKIN_2_PRODUCTION"",""NES"":0.7928923764305098,""FDR"":0.8904435784962076,""leading_edge_n"":20,""qualified"":false},{""term_id"":""GOBP_POSITIVE_REGULATION_OF_INTERLEUKIN_2_PRODUCTION"",""NES"":0.8421352005746233,""FDR"":0.8377724766064145,""leading_edge_n"":19,""qualified"":false}]"
EXP001_vs_sensitivity,I,I034,EXP001,0.5,1,GOBP_INTERLEUKIN_4_PRODUCTION,0,INACTIVE,"[{""term_id"":""GOBP_INTERLEUKIN_4_PRODUCTION"",""NES"":-1.4899772189062817,""FDR"":0.1343544960972131,""leading_edge_n"":5,""qualified"":false}]"
EXP001_vs_sensitivity,I,I034,sensitivity,0.5,1,GOBP_INTERLEUKIN_4_PRODUCTION,0,INACTIVE,"[{""term_id"":""GOBP_INTERLEUKIN_4_PRODUCTION"",""NES"":0.8230504728949751,""FDR"":0.8590988253747095,""leading_edge_n"":3,""qualified"":false}]"
EXP001_vs_sensitivity,I,I035,EXP001,0.5,2,GOBP_INTERLEUKIN_6_MEDIATED_SIGNALING_PATHWAY;GOBP_RESPONSE_TO_INTERLEUKIN_6,0,INACTIVE,"[{""term_id"":""GOBP_INTERLEUKIN_6_MEDIATED_SIGNALING_PATHWAY"",""NES"":-1.069190430352224,""FDR"":0.4692668859921552,""leading_edge_n"":5,""qualified"":false},{""term_id"":""GOBP_RESPONSE_TO_INTERLEUKIN_6"",""NES"":-0.8702393829433268,""FDR"":0.7753222548962391,""leading_edge_n"":6,""qualified"":false}]"
EXP001_vs_sensitivity,I,I035,sensitivity,0.5,2,GOBP_INTERLEUKIN_6_MEDIATED_SIGNALING_PATHWAY;GOBP_RESPONSE_TO_INTERLEUKIN_6,1,POSITIVE,"[{""term_id"":""GOBP_INTERLEUKIN_6_MEDIATED_SIGNALING_PATHWAY"",""NES"":1.3333980695918646,""FDR"":0.2352085570687176,""leading_edge_n"":6,""qualified"":false},{""term_id"":""GOBP_RESPONSE_TO_INTERLEUKIN_6"",""NES"":1.7743537094802375,""FDR"":0.0390299161917924,""leading_edge_n"":12,""qualified"":true}]"
EXP001_vs_sensitivity,I,I036,EXP001,0.5,2,GOBP_INTERLEUKIN_6_PRODUCTION;GOBP_POSITIVE_REGULATION_OF_INTERLEUKIN_6_PRODUCTION,0,INACTIVE,"[{""term_id"":""GOBP_INTERLEUKIN_6_PRODUCTION"",""NES"":-1.0175259365019438,""FDR"":0.541472933822595,""leading_edge_n"":27,""qualified"":false},{""term_id"":""GOBP_POSITIVE_REGULATION_OF_INTERLEUKIN_6_PRODUCTION"",""NES"":-1.008640420072793,""FDR"":0.5551630507261673,""leading_edge_n"":18,""qualified"":false}]"
EXP001_vs_sensitivity,I,I036,sensitivity,0.5,2,GOBP_INTERLEUKIN_6_PRODUCTION;GOBP_POSITIVE_REGULATION_OF_INTERLEUKIN_6_PRODUCTION,0,INACTIVE,"[{""term_id"":""GOBP_INTERLEUKIN_6_PRODUCTION"",""NES"":1.217397542612221,""FDR"":0.3340115026746235,""leading_edge_n"":51,""qualified"":false},{""term_id"":""GOBP_POSITIVE_REGULATION_OF_INTERLEUKIN_6_PRODUCTION"",""NES"":1.222883027336141,""FDR"":0.3294574582248587,""leading_edge_n"":36,""qualified"":false}]"
EXP001_vs_sensitivity,I,I037,EXP001,0.5,2,GOBP_INTERLEUKIN_8_PRODUCTION;GOBP_POSITIVE_REGULATION_OF_INTERLEUKIN_8_PRODUCTION,0,INACTIVE,"[{""term_id"":""GOBP_INTERLEUKIN_8_PRODUCTION"",""NES"":-1.139338846932251,""FDR"":0.3839771561282151,""leading_edge_n"":17,""qualified"":false},{""term_id"":""GOBP_POSITIVE_REGULATION_OF_INTERLEUKIN_8_PRODUCTION"",""NES"":-0.989186008628201,""FDR"":0.586273036271106,""leading_edge_n"":11,""qualified"":false}]"
EXP001_vs_sensitivity,I,I037,sensitivity,0.5,2,GOBP_INTERLEUKIN_8_PRODUCTION;GOBP_POSITIVE_REGULATION_OF_INTERLEUKIN_8_PRODUCTION,0,INACTIVE,"[{""term_id"":""GOBP_INTERLEUKIN_8_PRODUCTION"",""NES"":-1.1458636326437297,""FDR"":0.5470216607879265,""leading_edge_n"":11,""qualified"":false},{""term_id"":""GOBP_POSITIVE_REGULATION_OF_INTERLEUKIN_8_PRODUCTION"",""NES"":-1.1448985812918655,""FDR"":0.5472409659057381,""leading_edge_n"":8,""qualified"":false}]"
EXP001_vs_sensitivity,I,I038,EXP001,0.5,4,GOBP_LEUKOCYTE_ADHESION_TO_VASCULAR_ENDOTHELIAL_CELL;GOBP_LEUKOCYTE_TETHERING_OR_ROLLING;GOBP_POSITIVE_REGULATION_OF_LEUKOCYTE_ADHESION_TO_VASCULAR_ENDOTHELIAL_CELL;GOBP_REGULATION_OF_LEUKOCYTE_ADHESION_TO_VASCULAR_ENDOTHELIAL_CELL,0,INACTIVE,"[{""term_id"":""GOBP_LEUKOCYTE_ADHESION_TO_VASCULAR_ENDOTHELIAL_CELL"",""NES"":-1.5375800359245542,""FDR"":0.1166586583819074,""leading_edge_n"":17,""qualified"":false},{""term_id"":""GOBP_LEUKOCYTE_TETHERING_OR_ROLLING"",""NES"":-1.3085816285443437,""FDR"":0.2349812440494272,""leading_edge_n"":5,""qualified"":false},{""term_id"":""GOBP_POSITIVE_REGULATION_OF_LEUKOCYTE_ADHESION_TO_VASCULAR_ENDOTHELIAL_CELL"",""NES"":-1.5698167850993554,""FDR"":0.1054426968067113,""leading_edge_n"":5,""qualified"":false},{""term_id"":""GOBP_REGULATION_OF_LEUKOCYTE_ADHESION_TO_VASCULAR_ENDOTHELIAL_CELL"",""NES"":-1.5344494494283776,""FDR"":0.1175146416207573,""leading_edge_n"":9,""qualified"":false}]"
EXP001_vs_sensitivity,I,I038,sensitivity,0.5,4,GOBP_LEUKOCYTE_ADHESION_TO_VASCULAR_ENDOTHELIAL_CELL;GOBP_LEUKOCYTE_TETHERING_OR_ROLLING;GOBP_POSITIVE_REGULATION_OF_LEUKOCYTE_ADHESION_TO_VASCULAR_ENDOTHELIAL_CELL;GOBP_REGULATION_OF_LEUKOCYTE_ADHESION_TO_VASCULAR_ENDOTHELIAL_CELL,0,INACTIVE,"[{""term_id"":""GOBP_LEUKOCYTE_ADHESION_TO_VASCULAR_ENDOTHELIAL_CELL"",""NES"":1.6002901095823392,""FDR"":0.0888735847133954,""leading_edge_n"":14,""qualified"":false},{""term_id"":""GOBP_LEUKOCYTE_TETHERING_OR_ROLLING"",""NES"":1.4662221585390482,""FDR"":0.1461972909831693,""leading_edge_n"":5,""qualified"":false},{""term_id"":""GOBP_POSITIVE_REGULATION_OF_LEUKOCYTE_ADHESION_TO_VASCULAR_ENDOTHELIAL_CELL"",""NES"":1.3858699082345618,""FDR"":0.1954425444584873,""leading_edge_n"":9,""qualified"":false},{""term_id"":""GOBP_REGULATION_OF_LEUKOCYTE_ADHESION_TO_VASCULAR_ENDOTHELIAL_CELL"",""NES"":1.5158505969150406,""FDR"":0.1223077986001533,""leading_edge_n"":10,""qualified"":false}]"
EXP001_vs_sensitivity,I,I039,EXP001,0.5,3,GOBP_LEUKOCYTE_APOPTOTIC_PROCESS;GOBP_NEGATIVE_REGULATION_OF_LEUKOCYTE_APOPTOTIC_PROCESS;GOBP_REGULATION_OF_LEUKOCYTE_APOPTOTIC_PROCESS,0,INACTIVE,"[{""term_id"":""GOBP_LEUKOCYTE_APOPTOTIC_PROCESS"",""NES"":-1.299585055359311,""FDR"":0.2417972964656072,""leading_edge_n"":28,""qualified"":false},{""term_id"":""GOBP_NEGATIVE_REGULATION_OF_LEUKOCYTE_APOPTOTIC_PROCESS"",""NES"":-1.0601807831481584,""FDR"":0.4806099695245633,""leading_edge_n"":13,""qualified"":false},{""term_id"":""GOBP_REGULATION_OF_LEUKOCYTE_APOPTOTIC_PROCESS"",""NES"":-1.4642788670777862,""FDR"":0.1461141892257619,""leading_edge_n"":23,""qualified"":false}]"
EXP001_vs_sensitivity,I,I039,sensitivity,0.5,3,GOBP_LEUKOCYTE_APOPTOTIC_PROCESS;GOBP_NEGATIVE_REGULATION_OF_LEUKOCYTE_APOPTOTIC_PROCESS;GOBP_REGULATION_OF_LEUKOCYTE_APOPTOTIC_PROCESS,0,INACTIVE,"[{""term_id"":""GOBP_LEUKOCYTE_APOPTOTIC_PROCESS"",""NES"":1.0954052706844228,""FDR"":0.4749351171469964,""leading_edge_n"":18,""qualified"":false},{""term_id"":""GOBP_NEGATIVE_REGULATION_OF_LEUKOCYTE_APOPTOTIC_PROCESS"",""NES"":0.883951937309532,""FDR"":0.7812348596208979,""leading_edge_n"":12,""qualified"":false},{""term_id"":""GOBP_REGULATION_OF_LEUKOCYTE_APOPTOTIC_PROCESS"",""NES"":0.8666268654033746,""FDR"":0.8071757889931658,""leading_edge_n"":14,""qualified"":false}]"
EXP001_vs_sensitivity,I,I040,EXP001,0.5,2,GOBP_LEUKOCYTE_CELL_CELL_ADHESION;GOBP_POSITIVE_REGULATION_OF_LEUKOCYTE_CELL_CELL_ADHESION,0,INACTIVE,"[{""term_id"":""GOBP_LEUKOCYTE_CELL_CELL_ADHESION"",""NES"":-1.2544223472393583,""FDR"":0.2765486192580803,""leading_edge_n"":76,""qualified"":false},{""term_id"":""GOBP_POSITIVE_REGULATION_OF_LEUKOCYTE_CELL_CELL_ADHESION"",""NES"":-1.2057393363095186,""FDR"":0.3216793493808068,""leading_edge_n"":48,""qualified"":false}]"
EXP001_vs_sensitivity,I,I040,sensitivity,0.5,2,GOBP_LEUKOCYTE_CELL_CELL_ADHESION;GOBP_POSITIVE_REGULATION_OF_LEUKOCYTE_CELL_CELL_ADHESION,0,INACTIVE,"[{""term_id"":""GOBP_LEUKOCYTE_CELL_CELL_ADHESION"",""NES"":1.3771275626895685,""FDR"":0.1995817906421028,""leading_edge_n"":117,""qualified"":false},{""term_id"":""GOBP_POSITIVE_REGULATION_OF_LEUKOCYTE_CELL_CELL_ADHESION"",""NES"":1.3446007542727798,""FDR"":0.2255155841199894,""leading_edge_n"":48,""qualified"":false}]"
EXP001_vs_sensitivity,I,I041,EXP001,0.5,7,GOBP_LEUKOCYTE_CHEMOTAXIS;GOBP_LEUKOCYTE_MIGRATION;GOBP_MYELOID_LEUKOCYTE_MIGRATION;GOBP_POSITIVE_REGULATION_OF_LEUKOCYTE_CHEMOTAXIS;GOBP_POSITIVE_REGULATION_OF_LEUKOCYTE_MIGRATION;GOBP_REGULATION_OF_LEUKOCYTE_CHEMOTAXIS;GOBP_REGULATION_OF_LEUKOCYTE_MIGRATION,0,INACTIVE,"[{""term_id"":""GOBP_LEUKOCYTE_CHEMOTAXIS"",""NES"":-1.562033284269439,""FDR"":0.106464768892809,""leading_edge_n"":41,""qualified"":false},{""term_id"":""GOBP_LEUKOCYTE_MIGRATION"",""NES"":-1.374284551584457,""FDR"":0.1918184620199827,""leading_edge_n"":66,""qualified"":false},{""term_id"":""GOBP_MYELOID_LEUKOCYTE_MIGRATION"",""NES"":-1.235825673425411,""FDR"":0.2924803001439378,""leading_edge_n"":36,""qualified"":false},{""term_id"":""GOBP_POSITIVE_REGULATION_OF_LEUKOCYTE_CHEMOTAXIS"",""NES"":-1.5664237930489455,""FDR"":0.1057377923835765,""leading_edge_n"":21,""qualified"":false},{""term_id"":""GOBP_POSITIVE_REGULATION_OF_LEUKOCYTE_MIGRATION"",""NES"":-1.3532598047934807,""FDR"":0.2047821411832935,""leading_edge_n"":28,""qualified"":false},{""term_id"":""GOBP_REGULATION_OF_LEUKOCYTE_CHEMOTAXIS"",""NES"":-1.6201128343650817,""FDR"":0.0919488337381681,""leading_edge_n"":19,""qualified"":false},{""term_id"":""GOBP_REGULATION_OF_LEUKOCYTE_MIGRATION"",""NES"":-1.365229426490285,""FDR"":0.1978587932193537,""leading_edge_n"":42,""qualified"":false}]"
EXP001_vs_sensitivity,I,I041,sensitivity,0.5,7,GOBP_LEUKOCYTE_CHEMOTAXIS;GOBP_LEUKOCYTE_MIGRATION;GOBP_MYELOID_LEUKOCYTE_MIGRATION;GOBP_POSITIVE_REGULATION_OF_LEUKOCYTE_CHEMOTAXIS;GOBP_POSITIVE_REGULATION_OF_LEUKOCYTE_MIGRATION;GOBP_REGULATION_OF_LEUKOCYTE_CHEMOTAXIS;GOBP_REGULATION_OF_LEUKOCYTE_MIGRATION,0,INACTIVE,"[{""term_id"":""GOBP_LEUKOCYTE_CHEMOTAXIS"",""NES"":1.5017558213261326,""FDR"":0.1295618327615655,""leading_edge_n"":23,""qualified"":false},{""term_id"":""GOBP_LEUKOCYTE_MIGRATION"",""NES"":1.3708079761893954,""FDR"":0.2053017141054509,""leading_edge_n"":35,""qualified"":false},{""term_id"":""GOBP_MYELOID_LEUKOCYTE_MIGRATION"",""NES"":1.3287264454037755,""FDR"":0.2372337804797373,""leading_edge_n"":21,""qualified"":false},{""term_id"":""GOBP_POSITIVE_REGULATION_OF_LEUKOCYTE_CHEMOTAXIS"",""NES"":1.4087359641557575,""FDR"":0.1810332008564681,""leading_edge_n"":14,""qualified"":false},{""term_id"":""GOBP_POSITIVE_REGULATION_OF_LEUKOCYTE_MIGRATION"",""NES"":1.357378574190339,""FDR"":0.2162786971326739,""leading_edge_n"":18,""qualified"":false},{""term_id"":""GOBP_REGULATION_OF_LEUKOCYTE_CHEMOTAXIS"",""NES"":1.6003584752515398,""FDR"":0.0890020976638042,""leading_edge_n"":18,""qualified"":false},{""term_id"":""GOBP_REGULATION_OF_LEUKOCYTE_MIGRATION"",""NES"":1.5241509134390885,""FDR"":0.1180322571319555,""leading_edge_n"":24,""qualified"":false}]"
EXP001_vs_sensitivity,I,I042,EXP001,0.5,7,GOBP_LEUKOCYTE_DEGRANULATION;GOBP_MAST_CELL_ACTIVATION_INVOLVED_IN_IMMUNE_RESPONSE;GOBP_MYELOID_CELL_ACTIVATION_INVOLVED_IN_IMMUNE_RESPONSE;GOBP_MYELOID_LEUKOCYTE_MEDIATED_IMMUNITY;GOBP_POSITIVE_REGULATION_OF_LEUKOCYTE_DEGRANULATION;GOBP_REGULATION_OF_LEUKOCYTE_DEGRANULATION;GOBP_REGULATION_OF_MYELOID_LEUKOCYTE_MEDIATED_IMMUNITY,2,POSITIVE,"[{""term_id"":""GOBP_LEUKOCYTE_DEGRANULATION"",""NES"":1.4954046646650188,""FDR"":0.0848203241433455,""leading_edge_n"":14,""qualified"":false},{""term_id"":""GOBP_MAST_CELL_ACTIVATION_INVOLVED_IN_IMMUNE_RESPONSE"",""NES"":1.3779786000115002,""FDR"":0.1615621577488027,""leading_edge_n"":10,""qualified"":false},{""term_id"":""GOBP_MYELOID_CELL_ACTIVATION_INVOLVED_IN_IMMUNE_RESPONSE"",""NES"":1.6171296387486844,""FDR"":0.0365968103960212,""leading_edge_n"":18,""qualified"":true},{""term_id"":""GOBP_MYELOID_LEUKOCYTE_MEDIATED_IMMUNITY"",""NES"":1.234727790962601,""FDR"":0.2997891190728904,""leading_edge_n"":16,""qualified"":false},{""term_id"":""GOBP_POSITIVE_REGULATION_OF_LEUKOCYTE_DEGRANULATION"",""NES"":0.9119011067775142,""FDR"":0.7381315196333162,""leading_edge_n"":2,""qualified"":false},{""term_id"":""GOBP_REGULATION_OF_LEUKOCYTE_DEGRANULATION"",""NES"":1.6075169261183355,""FDR"":0.0389573037549977,""leading_edge_n"":8,""qualified"":true},{""term_id"":""GOBP_REGULATION_OF_MYELOID_LEUKOCYTE_MEDIATED_IMMUNITY"",""NES"":1.4110414891631395,""FDR"":0.135411147914731,""leading_edge_n"":9,""qualified"":false}]"
EXP001_vs_sensitivity,I,I042,sensitivity,0.5,7,GOBP_LEUKOCYTE_DEGRANULATION;GOBP_MAST_CELL_ACTIVATION_INVOLVED_IN_IMMUNE_RESPONSE;GOBP_MYELOID_CELL_ACTIVATION_INVOLVED_IN_IMMUNE_RESPONSE;GOBP_MYELOID_LEUKOCYTE_MEDIATED_IMMUNITY;GOBP_POSITIVE_REGULATION_OF_LEUKOCYTE_DEGRANULATION;GOBP_REGULATION_OF_LEUKOCYTE_DEGRANULATION;GOBP_REGULATION_OF_MYELOID_LEUKOCYTE_MEDIATED_IMMUNITY,0,INACTIVE,"[{""term_id"":""GOBP_LEUKOCYTE_DEGRANULATION"",""NES"":0.7973316276431167,""FDR"":0.8870541671958715,""leading_edge_n"":12,""qualified"":false},{""term_id"":""GOBP_MAST_CELL_ACTIVATION_INVOLVED_IN_IMMUNE_RESPONSE"",""NES"":0.8257735081932415,""FDR"":0.8576332242036034,""leading_edge_n"":8,""qualified"":false},{""term_id"":""GOBP_MYELOID_CELL_ACTIVATION_INVOLVED_IN_IMMUNE_RESPONSE"",""NES"":-0.8504971950255894,""FDR"":0.8918799532756012,""leading_edge_n"":7,""qualified"":false},{""term_id"":""GOBP_MYELOID_LEUKOCYTE_MEDIATED_IMMUNITY"",""NES"":1.1888406273073584,""FDR"":0.3667620466570244,""leading_edge_n"":25,""qualified"":false},{""term_id"":""GOBP_POSITIVE_REGULATION_OF_LEUKOCYTE_DEGRANULATION"",""NES"":1.1388356329008424,""FDR"":0.4220518225902799,""leading_edge_n"":6,""qualified"":false},{""term_id"":""GOBP_REGULATION_OF_LEUKOCYTE_DEGRANULATION"",""NES"":1.0198344279321054,""FDR"":0.5757718047351699,""leading_edge_n"":8,""qualified"":false},{""term_id"":""GOBP_REGULATION_OF_MYELOID_LEUKOCYTE_MEDIATED_IMMUNITY"",""NES"":1.1338311773604457,""FDR"":0.4278941606160674,""leading_edge_n"":10,""qualified"":false}]"
EXP001_vs_sensitivity,I,I043,EXP001,0.5,1,GOBP_LEUKOCYTE_HOMEOSTASIS,0,INACTIVE,"[{""term_id"":""GOBP_LEUKOCYTE_HOMEOSTASIS"",""NES"":-0.9699840284234652,""FDR"":0.614670414592418,""leading_edge_n"":19,""qualified"":false}]"
EXP001_vs_sensitivity,I,I043,sensitivity,0.5,1,GOBP_LEUKOCYTE_HOMEOSTASIS,0,INACTIVE,"[{""term_id"":""GOBP_LEUKOCYTE_HOMEOSTASIS"",""NES"":1.2184116271585117,""FDR"":0.3330259971442251,""leading_edge_n"":40,""qualified"":false}]"
EXP001_vs_sensitivity,I,I044,EXP001,0.5,4,GOBP_LEUKOCYTE_MEDIATED_CYTOTOXICITY;GOBP_NATURAL_KILLER_CELL_MEDIATED_IMMUNITY;GOBP_POSITIVE_REGULATION_OF_NATURAL_KILLER_CELL_MEDIATED_IMMUNITY;GOBP_REGULATION_OF_NATURAL_KILLER_CELL_MEDIATED_IMMUNITY,0,INACTIVE,"[{""term_id"":""GOBP_LEUKOCYTE_MEDIATED_CYTOTOXICITY"",""NES"":-1.1116398604038955,""FDR"":0.4150793997183558,""leading_edge_n"":27,""qualified"":false},{""term_id"":""GOBP_NATURAL_KILLER_CELL_MEDIATED_IMMUNITY"",""NES"":-1.2237139340395902,""FDR"":0.301719104889918,""leading_edge_n"":18,""qualified"":false},{""term_id"":""GOBP_POSITIVE_REGULATION_OF_NATURAL_KILLER_CELL_MEDIATED_IMMUNITY"",""NES"":-1.6456518596996457,""FDR"":0.0817430211959567,""leading_edge_n"":9,""qualified"":false},{""term_id"":""GOBP_REGULATION_OF_NATURAL_KILLER_CELL_MEDIATED_IMMUNITY"",""NES"":-1.416504781018944,""FDR"":0.1675362508336013,""leading_edge_n"":13,""qualified"":false}]"
EXP001_vs_sensitivity,I,I044,sensitivity,0.5,4,GOBP_LEUKOCYTE_MEDIATED_CYTOTOXICITY;GOBP_NATURAL_KILLER_CELL_MEDIATED_IMMUNITY;GOBP_POSITIVE_REGULATION_OF_NATURAL_KILLER_CELL_MEDIATED_IMMUNITY;GOBP_REGULATION_OF_NATURAL_KILLER_CELL_MEDIATED_IMMUNITY,0,INACTIVE,"[{""term_id"":""GOBP_LEUKOCYTE_MEDIATED_CYTOTOXICITY"",""NES"":1.1060117106832494,""FDR"":0.4629427700776246,""leading_edge_n"":41,""qualified"":false},{""term_id"":""GOBP_NATURAL_KILLER_CELL_MEDIATED_IMMUNITY"",""NES"":0.9872455304365904,""FDR"":0.6239902809217385,""leading_edge_n"":27,""qualified"":false},{""term_id"":""GOBP_POSITIVE_REGULATION_OF_NATURAL_KILLER_CELL_MEDIATED_IMMUNITY"",""NES"":0.5301230349609066,""FDR"":0.9970018529614952,""leading_edge_n"":7,""qualified"":false},{""term_id"":""GOBP_REGULATION_OF_NATURAL_KILLER_CELL_MEDIATED_IMMUNITY"",""NES"":0.9881160365162264,""FDR"":0.6222183879134693,""leading_edge_n"":19,""qualified"":false}]"
EXP001_vs_sensitivity,I,I045,EXP001,0.5,3,GOBP_LEUKOCYTE_PROLIFERATION;GOBP_POSITIVE_REGULATION_OF_LEUKOCYTE_PROLIFERATION;GOBP_REGULATION_OF_LEUKOCYTE_PROLIFERATION,0,INACTIVE,"[{""term_id"":""GOBP_LEUKOCYTE_PROLIFERATION"",""NES"":-1.271410189062109,""FDR"":0.2632559798848392,""leading_edge_n"":65,""qualified"":false},{""term_id"":""GOBP_POSITIVE_REGULATION_OF_LEUKOCYTE_PROLIFERATION"",""NES"":-0.9822016298826448,""FDR"":0.5963440024972864,""leading_edge_n"":20,""qualified"":false},{""term_id"":""GOBP_REGULATION_OF_LEUKOCYTE_PROLIFERATION"",""NES"":-1.4138551589208188,""FDR"":0.1683015633066551,""leading_edge_n"":38,""qualified"":false}]"
EXP001_vs_sensitivity,I,I045,sensitivity,0.5,3,GOBP_LEUKOCYTE_PROLIFERATION;GOBP_POSITIVE_REGULATION_OF_LEUKOCYTE_PROLIFERATION;GOBP_REGULATION_OF_LEUKOCYTE_PROLIFERATION,0,INACTIVE,"[{""term_id"":""GOBP_LEUKOCYTE_PROLIFERATION"",""NES"":1.1948427617624198,""FDR"":0.3599500345672066,""leading_edge_n"":66,""qualified"":false},{""term_id"":""GOBP_POSITIVE_REGULATION_OF_LEUKOCYTE_PROLIFERATION"",""NES"":1.2211262870072666,""FDR"":0.3307617376110702,""leading_edge_n"":26,""qualified"":false},{""term_id"":""GOBP_REGULATION_OF_LEUKOCYTE_PROLIFERATION"",""NES"":1.2199574907765478,""FDR"":0.3322822927038588,""leading_edge_n"":32,""qualified"":false}]"
EXP001_vs_sensitivity,I,I046,EXP001,0.5,2,GOBP_MACROPHAGE_ACTIVATION;GOBP_REGULATION_OF_MACROPHAGE_ACTIVATION,0,INACTIVE,"[{""term_id"":""GOBP_MACROPHAGE_ACTIVATION"",""NES"":-1.0781771288114583,""FDR"":0.4588072647402146,""leading_edge_n"":14,""qualified"":false},{""term_id"":""GOBP_REGULATION_OF_MACROPHAGE_ACTIVATION"",""NES"":-1.0970920761232716,""FDR"":0.4339540985222503,""leading_edge_n"":8,""qualified"":false}]"
EXP001_vs_sensitivity,I,I046,sensitivity,0.5,2,GOBP_MACROPHAGE_ACTIVATION;GOBP_REGULATION_OF_MACROPHAGE_ACTIVATION,0,INACTIVE,"[{""term_id"":""GOBP_MACROPHAGE_ACTIVATION"",""NES"":1.391443734938762,""FDR"":0.1908891267577059,""leading_edge_n"":12,""qualified"":false},{""term_id"":""GOBP_REGULATION_OF_MACROPHAGE_ACTIVATION"",""NES"":1.2457330071592123,""FDR"":0.3081802578821389,""leading_edge_n"":9,""qualified"":false}]"
EXP001_vs_sensitivity,I,I047,EXP001,0.5,6,GOBP_MACROPHAGE_CHEMOTAXIS;GOBP_MACROPHAGE_MIGRATION;GOBP_POSITIVE_REGULATION_OF_MACROPHAGE_CHEMOTAXIS;GOBP_POSITIVE_REGULATION_OF_MACROPHAGE_MIGRATION;GOBP_REGULATION_OF_MACROPHAGE_CHEMOTAXIS;GOBP_REGULATION_OF_MACROPHAGE_MIGRATION,1,NEGATIVE,"[{""term_id"":""GOBP_MACROPHAGE_CHEMOTAXIS"",""NES"":-1.5496999475609696,""FDR"":0.1101856763587388,""leading_edge_n"":6,""qualified"":false},{""term_id"":""GOBP_MACROPHAGE_MIGRATION"",""NES"":-1.6342196766705814,""FDR"":0.0885508728063946,""leading_edge_n"":12,""qualified"":false},{""term_id"":""GOBP_POSITIVE_REGULATION_OF_MACROPHAGE_CHEMOTAXIS"",""NES"":-1.8267270561566653,""FDR"":0.0416098438199082,""leading_edge_n"":5,""qualified"":true},{""term_id"":""GOBP_POSITIVE_REGULATION_OF_MACROPHAGE_MIGRATION"",""NES"":-1.7729262115759126,""FDR"":0.0524819195749532,""leading_edge_n"":10,""qualified"":false},{""term_id"":""GOBP_REGULATION_OF_MACROPHAGE_CHEMOTAXIS"",""NES"":-1.7154759884931687,""FDR"":0.0611550836683268,""leading_edge_n"":5,""qualified"":false},{""term_id"":""GOBP_REGULATION_OF_MACROPHAGE_MIGRATION"",""NES"":-1.7779685982954,""FDR"":0.0516035590166696,""leading_edge_n"":14,""qualified"":false}]"
EXP001_vs_sensitivity,I,I047,sensitivity,0.5,6,GOBP_MACROPHAGE_CHEMOTAXIS;GOBP_MACROPHAGE_MIGRATION;GOBP_POSITIVE_REGULATION_OF_MACROPHAGE_CHEMOTAXIS;GOBP_POSITIVE_REGULATION_OF_MACROPHAGE_MIGRATION;GOBP_REGULATION_OF_MACROPHAGE_CHEMOTAXIS;GOBP_REGULATION_OF_MACROPHAGE_MIGRATION,0,INACTIVE,"[{""term_id"":""GOBP_MACROPHAGE_CHEMOTAXIS"",""NES"":1.405762701967025,""FDR"":0.1823608094318822,""leading_edge_n"":5,""qualified"":false},{""term_id"":""GOBP_MACROPHAGE_MIGRATION"",""NES"":1.1262571586680514,""FDR"":0.4377327021650903,""leading_edge_n"":5,""qualified"":false},{""term_id"":""GOBP_POSITIVE_REGULATION_OF_MACROPHAGE_CHEMOTAXIS"",""NES"":1.720418557025093,""FDR"":0.050189938335506,""leading_edge_n"":5,""qualified"":false},{""term_id"":""GOBP_POSITIVE_REGULATION_OF_MACROPHAGE_MIGRATION"",""NES"":1.62879050056878,""FDR"":0.0782222824989036,""leading_edge_n"":5,""qualified"":false},{""term_id"":""GOBP_REGULATION_OF_MACROPHAGE_CHEMOTAXIS"",""NES"":1.5496939709663349,""FDR"":0.1075156828540108,""leading_edge_n"":5,""qualified"":false},{""term_id"":""GOBP_REGULATION_OF_MACROPHAGE_MIGRATION"",""NES"":1.2460141510410372,""FDR"":0.3079171177111657,""leading_edge_n"":5,""qualified"":false}]"
EXP001_vs_sensitivity,I,I048,EXP001,0.5,3,GOBP_MACROPHAGE_CYTOKINE_PRODUCTION;GOBP_MYELOID_LEUKOCYTE_CYTOKINE_PRODUCTION;GOBP_POSITIVE_REGULATION_OF_MYELOID_LEUKOCYTE_CYTOKINE_PRODUCTION_INVOLVED_IN_IMMUNE_RESPONSE,0,INACTIVE,"[{""term_id"":""GOBP_MACROPHAGE_CYTOKINE_PRODUCTION"",""NES"":-0.9471065633152904,""FDR"":0.6464048998555212,""leading_edge_n"":4,""qualified"":false},{""term_id"":""GOBP_MYELOID_LEUKOCYTE_CYTOKINE_PRODUCTION"",""NES"":-0.8634440842495454,""FDR"":0.7837985891473588,""leading_edge_n"":6,""qualified"":false},{""term_id"":""GOBP_POSITIVE_REGULATION_OF_MYELOID_LEUKOCYTE_CYTOKINE_PRODUCTION_INVOLVED_IN_IMMUNE_RESPONSE"",""NES"":-1.0374696391538796,""FDR"":0.5116301157007834,""leading_edge_n"":5,""qualified"":false}]"
EXP001_vs_sensitivity,I,I048,sensitivity,0.5,3,GOBP_MACROPHAGE_CYTOKINE_PRODUCTION;GOBP_MYELOID_LEUKOCYTE_CYTOKINE_PRODUCTION;GOBP_POSITIVE_REGULATION_OF_MYELOID_LEUKOCYTE_CYTOKINE_PRODUCTION_INVOLVED_IN_IMMUNE_RESPONSE,0,INACTIVE,"[{""term_id"":""GOBP_MACROPHAGE_CYTOKINE_PRODUCTION"",""NES"":0.5508015319286714,""FDR"":0.995437583228144,""leading_edge_n"":6,""qualified"":false},{""term_id"":""GOBP_MYELOID_LEUKOCYTE_CYTOKINE_PRODUCTION"",""NES"":1.17659816211707,""FDR"":0.3789614080889206,""leading_edge_n"":13,""qualified"":false},{""term_id"":""GOBP_POSITIVE_REGULATION_OF_MYELOID_LEUKOCYTE_CYTOKINE_PRODUCTION_INVOLVED_IN_IMMUNE_RESPONSE"",""NES"":1.4078244546158576,""FDR"":0.1813765975282529,""leading_edge_n"":12,""qualified"":false}]"
EXP001_vs_sensitivity,I,I049,EXP001,0.5,1,GOBP_MACROPHAGE_DIFFERENTIATION,0,INACTIVE,"[{""term_id"":""GOBP_MACROPHAGE_DIFFERENTIATION"",""NES"":0.9401467454735026,""FDR"":0.6949531268995286,""leading_edge_n"":13,""qualified"":false}]"
EXP001_vs_sensitivity,I,I049,sensitivity,0.5,1,GOBP_MACROPHAGE_DIFFERENTIATION,1,POSITIVE,"[{""term_id"":""GOBP_MACROPHAGE_DIFFERENTIATION"",""NES"":1.7613358227622613,""FDR"":0.0416774535821715,""leading_edge_n"":18,""qualified"":true}]"
EXP001_vs_sensitivity,I,I050,EXP001,0.5,1,GOBP_MYD88_DEPENDENT_TOLL_LIKE_RECEPTOR_SIGNALING_PATHWAY,0,INACTIVE,"[{""term_id"":""GOBP_MYD88_DEPENDENT_TOLL_LIKE_RECEPTOR_SIGNALING_PATHWAY"",""NES"":1.1458381247006522,""FDR"":0.4021421727951012,""leading_edge_n"":6,""qualified"":false}]"
EXP001_vs_sensitivity,I,I050,sensitivity,0.5,1,GOBP_MYD88_DEPENDENT_TOLL_LIKE_RECEPTOR_SIGNALING_PATHWAY,0,INACTIVE,"[{""term_id"":""GOBP_MYD88_DEPENDENT_TOLL_LIKE_RECEPTOR_SIGNALING_PATHWAY"",""NES"":0.6812162511365827,""FDR"":0.969373655981907,""leading_edge_n"":8,""qualified"":false}]"
EXP001_vs_sensitivity,I,I051,EXP001,0.5,1,GOBP_MYELOID_LEUKOCYTE_ACTIVATION,0,INACTIVE,"[{""term_id"":""GOBP_MYELOID_LEUKOCYTE_ACTIVATION"",""NES"":1.180497814899688,""FDR"":0.3595336844395054,""leading_edge_n"":34,""qualified"":false}]"
EXP001_vs_sensitivity,I,I051,sensitivity,0.5,1,GOBP_MYELOID_LEUKOCYTE_ACTIVATION,0,INACTIVE,"[{""term_id"":""GOBP_MYELOID_LEUKOCYTE_ACTIVATION"",""NES"":1.1561249130868898,""FDR"":0.4026592365107589,""leading_edge_n"":48,""qualified"":false}]"
EXP001_vs_sensitivity,I,I052,EXP001,0.5,1,GOBP_MYELOID_LEUKOCYTE_DIFFERENTIATION,0,INACTIVE,"[{""term_id"":""GOBP_MYELOID_LEUKOCYTE_DIFFERENTIATION"",""NES"":-1.1974718197352925,""FDR"":0.329660198107621,""leading_edge_n"":43,""qualified"":false}]"
EXP001_vs_sensitivity,I,I052,sensitivity,0.5,1,GOBP_MYELOID_LEUKOCYTE_DIFFERENTIATION,0,INACTIVE,"[{""term_id"":""GOBP_MYELOID_LEUKOCYTE_DIFFERENTIATION"",""NES"":1.5311502753957564,""FDR"":0.1147474812230472,""leading_edge_n"":34,""qualified"":false}]"
EXP001_vs_sensitivity,I,I053,EXP001,0.5,1,GOBP_NEGATIVE_REGULATION_OF_ADAPTIVE_IMMUNE_RESPONSE,0,INACTIVE,"[{""term_id"":""GOBP_NEGATIVE_REGULATION_OF_ADAPTIVE_IMMUNE_RESPONSE"",""NES"":-1.19530257795658,""FDR"":0.3316470481598073,""leading_edge_n"":17,""qualified"":false}]"
EXP001_vs_sensitivity,I,I053,sensitivity,0.5,1,GOBP_NEGATIVE_REGULATION_OF_ADAPTIVE_IMMUNE_RESPONSE,0,INACTIVE,"[{""term_id"":""GOBP_NEGATIVE_REGULATION_OF_ADAPTIVE_IMMUNE_RESPONSE"",""NES"":-1.038638280101981,""FDR"":0.6643800201127988,""leading_edge_n"":11,""qualified"":false}]"
EXP001_vs_sensitivity,I,I054,EXP001,0.5,1,GOBP_NEGATIVE_REGULATION_OF_CYTOKINE_PRODUCTION,0,INACTIVE,"[{""term_id"":""GOBP_NEGATIVE_REGULATION_OF_CYTOKINE_PRODUCTION"",""NES"":-1.4688498052969807,""FDR"":0.1437030075062683,""leading_edge_n"":64,""qualified"":false}]"
EXP001_vs_sensitivity,I,I054,sensitivity,0.5,1,GOBP_NEGATIVE_REGULATION_OF_CYTOKINE_PRODUCTION,0,INACTIVE,"[{""term_id"":""GOBP_NEGATIVE_REGULATION_OF_CYTOKINE_PRODUCTION"",""NES"":1.4763218171126538,""FDR"":0.1408136006777797,""leading_edge_n"":68,""qualified"":false}]"
EXP001_vs_sensitivity,I,I055,EXP001,0.5,2,GOBP_NEGATIVE_REGULATION_OF_IMMUNE_EFFECTOR_PROCESS;GOBP_NEGATIVE_REGULATION_OF_LEUKOCYTE_MEDIATED_IMMUNITY,0,INACTIVE,"[{""term_id"":""GOBP_NEGATIVE_REGULATION_OF_IMMUNE_EFFECTOR_PROCESS"",""NES"":-1.297739450350807,""FDR"":0.2412788275062486,""leading_edge_n"":30,""qualified"":false},{""term_id"":""GOBP_NEGATIVE_REGULATION_OF_LEUKOCYTE_MEDIATED_IMMUNITY"",""NES"":0.8207447662494848,""FDR"":0.8576089351998779,""leading_edge_n"":8,""qualified"":false}]"
EXP001_vs_sensitivity,I,I055,sensitivity,0.5,2,GOBP_NEGATIVE_REGULATION_OF_IMMUNE_EFFECTOR_PROCESS;GOBP_NEGATIVE_REGULATION_OF_LEUKOCYTE_MEDIATED_IMMUNITY,0,INACTIVE,"[{""term_id"":""GOBP_NEGATIVE_REGULATION_OF_IMMUNE_EFFECTOR_PROCESS"",""NES"":1.022978399057602,""FDR"":0.5697651849535198,""leading_edge_n"":17,""qualified"":false},{""term_id"":""GOBP_NEGATIVE_REGULATION_OF_LEUKOCYTE_MEDIATED_IMMUNITY"",""NES"":0.976047014439571,""FDR"":0.6406919222457049,""leading_edge_n"":22,""qualified"":false}]"
EXP001_vs_sensitivity,I,I056,EXP001,0.5,1,GOBP_NEGATIVE_REGULATION_OF_IMMUNE_RESPONSE,0,INACTIVE,"[{""term_id"":""GOBP_NEGATIVE_REGULATION_OF_IMMUNE_RESPONSE"",""NES"":-1.1484116403294296,""FDR"":0.3736334567878605,""leading_edge_n"":49,""qualified"":false}]"
EXP001_vs_sensitivity,I,I056,sensitivity,0.5,1,GOBP_NEGATIVE_REGULATION_OF_IMMUNE_RESPONSE,0,INACTIVE,"[{""term_id"":""GOBP_NEGATIVE_REGULATION_OF_IMMUNE_RESPONSE"",""NES"":1.0922430186033794,""FDR"":0.478929022538437,""leading_edge_n"":34,""qualified"":false}]"
EXP001_vs_sensitivity,I,I057,EXP001,0.5,1,GOBP_NEGATIVE_REGULATION_OF_IMMUNE_SYSTEM_PROCESS,0,INACTIVE,"[{""term_id"":""GOBP_NEGATIVE_REGULATION_OF_IMMUNE_SYSTEM_PROCESS"",""NES"":-1.3506267068124038,""FDR"":0.2061195422173448,""leading_edge_n"":103,""qualified"":false}]"
EXP001_vs_sensitivity,I,I057,sensitivity,0.5,1,GOBP_NEGATIVE_REGULATION_OF_IMMUNE_SYSTEM_PROCESS,0,INACTIVE,"[{""term_id"":""GOBP_NEGATIVE_REGULATION_OF_IMMUNE_SYSTEM_PROCESS"",""NES"":1.5687786050118673,""FDR"":0.1011749625656581,""leading_edge_n"":100,""qualified"":false}]"
EXP001_vs_sensitivity,I,I058,EXP001,0.5,1,GOBP_NEGATIVE_REGULATION_OF_INFLAMMASOME_MEDIATED_SIGNALING_PATHWAY,0,INACTIVE,"[{""term_id"":""GOBP_NEGATIVE_REGULATION_OF_INFLAMMASOME_MEDIATED_SIGNALING_PATHWAY"",""NES"":0.7130065293826484,""FDR"":0.943416629643044,""leading_edge_n"":4,""qualified"":false}]"
EXP001_vs_sensitivity,I,I058,sensitivity,0.5,1,GOBP_NEGATIVE_REGULATION_OF_INFLAMMASOME_MEDIATED_SIGNALING_PATHWAY,0,INACTIVE,"[{""term_id"":""GOBP_NEGATIVE_REGULATION_OF_INFLAMMASOME_MEDIATED_SIGNALING_PATHWAY"",""NES"":-0.6536478191658937,""FDR"":0.987407534616828,""leading_edge_n"":3,""qualified"":false}]"
EXP001_vs_sensitivity,I,I059,EXP001,0.5,1,GOBP_NEGATIVE_REGULATION_OF_INFLAMMATORY_RESPONSE,0,INACTIVE,"[{""term_id"":""GOBP_NEGATIVE_REGULATION_OF_INFLAMMATORY_RESPONSE"",""NES"":1.083965901570732,""FDR"":0.4892457888698273,""leading_edge_n"":36,""qualified"":false}]"
EXP001_vs_sensitivity,I,I059,sensitivity,0.5,1,GOBP_NEGATIVE_REGULATION_OF_INFLAMMATORY_RESPONSE,0,INACTIVE,"[{""term_id"":""GOBP_NEGATIVE_REGULATION_OF_INFLAMMATORY_RESPONSE"",""NES"":-1.1657555343354762,""FDR"":0.5307993565214288,""leading_edge_n"":31,""qualified"":false}]"
EXP001_vs_sensitivity,I,I060,EXP001,0.5,1,GOBP_NEGATIVE_REGULATION_OF_INNATE_IMMUNE_RESPONSE,0,INACTIVE,"[{""term_id"":""GOBP_NEGATIVE_REGULATION_OF_INNATE_IMMUNE_RESPONSE"",""NES"":-0.8978690537223755,""FDR"":0.7307263961575207,""leading_edge_n"":16,""qualified"":false}]"
EXP001_vs_sensitivity,I,I060,sensitivity,0.5,1,GOBP_NEGATIVE_REGULATION_OF_INNATE_IMMUNE_RESPONSE,0,INACTIVE,"[{""term_id"":""GOBP_NEGATIVE_REGULATION_OF_INNATE_IMMUNE_RESPONSE"",""NES"":1.0346386281073463,""FDR"":0.5532214750688582,""leading_edge_n"":20,""qualified"":false}]"
EXP001_vs_sensitivity,I,I061,EXP001,0.5,1,GOBP_NEGATIVE_REGULATION_OF_INTERFERON_BETA_PRODUCTION,0,INACTIVE,"[{""term_id"":""GOBP_NEGATIVE_REGULATION_OF_INTERFERON_BETA_PRODUCTION"",""NES"":-1.1029434226531531,""FDR"":0.425143789748495,""leading_edge_n"":9,""qualified"":false}]"
EXP001_vs_sensitivity,I,I061,sensitivity,0.5,1,GOBP_NEGATIVE_REGULATION_OF_INTERFERON_BETA_PRODUCTION,0,INACTIVE,"[{""term_id"":""GOBP_NEGATIVE_REGULATION_OF_INTERFERON_BETA_PRODUCTION"",""NES"":-1.0076268460105702,""FDR"":0.6994042445280179,""leading_edge_n"":6,""qualified"":false}]"
EXP001_vs_sensitivity,I,I062,EXP001,0.5,2,GOBP_NEGATIVE_REGULATION_OF_INTERLEUKIN_1_BETA_PRODUCTION;GOBP_NEGATIVE_REGULATION_OF_INTERLEUKIN_1_PRODUCTION,0,INACTIVE,"[{""term_id"":""GOBP_NEGATIVE_REGULATION_OF_INTERLEUKIN_1_BETA_PRODUCTION"",""NES"":1.1177012710841394,""FDR"":0.4427868295563242,""leading_edge_n"":7,""qualified"":false},{""term_id"":""GOBP_NEGATIVE_REGULATION_OF_INTERLEUKIN_1_PRODUCTION"",""NES"":1.200970945769694,""FDR"":0.3358438839160986,""leading_edge_n"":8,""qualified"":false}]"
EXP001_vs_sensitivity,I,I062,sensitivity,0.5,2,GOBP_NEGATIVE_REGULATION_OF_INTERLEUKIN_1_BETA_PRODUCTION;GOBP_NEGATIVE_REGULATION_OF_INTERLEUKIN_1_PRODUCTION,0,INACTIVE,"[{""term_id"":""GOBP_NEGATIVE_REGULATION_OF_INTERLEUKIN_1_BETA_PRODUCTION"",""NES"":0.8934453188196636,""FDR"":0.769724833526269,""leading_edge_n"":5,""qualified"":false},{""term_id"":""GOBP_NEGATIVE_REGULATION_OF_INTERLEUKIN_1_PRODUCTION"",""NES"":0.834522522144772,""FDR"":0.847220082919763,""leading_edge_n"":5,""qualified"":false}]"
EXP001_vs_sensitivity,I,I063,EXP001,0.5,1,GOBP_NEGATIVE_REGULATION_OF_INTERLEUKIN_6_PRODUCTION,0,INACTIVE,"[{""term_id"":""GOBP_NEGATIVE_REGULATION_OF_INTERLEUKIN_6_PRODUCTION"",""NES"":0.892779058654559,""FDR"":0.7657097453797538,""leading_edge_n"":4,""qualified"":false}]"
EXP001_vs_sensitivity,I,I063,sensitivity,0.5,1,GOBP_NEGATIVE_REGULATION_OF_INTERLEUKIN_6_PRODUCTION,0,INACTIVE,"[{""term_id"":""GOBP_NEGATIVE_REGULATION_OF_INTERLEUKIN_6_PRODUCTION"",""NES"":1.0775410170002866,""FDR"":0.4970181611151758,""leading_edge_n"":4,""qualified"":false}]"
EXP001_vs_sensitivity,I,I064,EXP001,0.5,1,GOBP_NEGATIVE_REGULATION_OF_LEUKOCYTE_CELL_CELL_ADHESION,0,INACTIVE,"[{""term_id"":""GOBP_NEGATIVE_REGULATION_OF_LEUKOCYTE_CELL_CELL_ADHESION"",""NES"":-1.298860504097831,""FDR"":0.2414586950031733,""leading_edge_n"":26,""qualified"":false}]"
EXP001_vs_sensitivity,I,I064,sensitivity,0.5,1,GOBP_NEGATIVE_REGULATION_OF_LEUKOCYTE_CELL_CELL_ADHESION,0,INACTIVE,"[{""term_id"":""GOBP_NEGATIVE_REGULATION_OF_LEUKOCYTE_CELL_CELL_ADHESION"",""NES"":1.2498754463535926,""FDR"":0.3035597302697964,""leading_edge_n"":36,""qualified"":false}]"
EXP001_vs_sensitivity,I,I065,EXP001,0.5,1,GOBP_NEGATIVE_REGULATION_OF_LEUKOCYTE_MIGRATION,0,INACTIVE,"[{""term_id"":""GOBP_NEGATIVE_REGULATION_OF_LEUKOCYTE_MIGRATION"",""NES"":-0.8470795544088242,""FDR"":0.8058494501732858,""leading_edge_n"":11,""qualified"":false}]"
EXP001_vs_sensitivity,I,I065,sensitivity,0.5,1,GOBP_NEGATIVE_REGULATION_OF_LEUKOCYTE_MIGRATION,1,POSITIVE,"[{""term_id"":""GOBP_NEGATIVE_REGULATION_OF_LEUKOCYTE_MIGRATION"",""NES"":1.7995133173629905,""FDR"":0.0334515878323757,""leading_edge_n"":7,""qualified"":true}]"
EXP001_vs_sensitivity,I,I066,EXP001,0.5,1,GOBP_NEGATIVE_REGULATION_OF_LEUKOCYTE_PROLIFERATION,0,INACTIVE,"[{""term_id"":""GOBP_NEGATIVE_REGULATION_OF_LEUKOCYTE_PROLIFERATION"",""NES"":-1.508773933134834,""FDR"":0.1287937149429542,""leading_edge_n"":17,""qualified"":false}]"
EXP001_vs_sensitivity,I,I066,sensitivity,0.5,1,GOBP_NEGATIVE_REGULATION_OF_LEUKOCYTE_PROLIFERATION,0,INACTIVE,"[{""term_id"":""GOBP_NEGATIVE_REGULATION_OF_LEUKOCYTE_PROLIFERATION"",""NES"":1.2564842617231733,""FDR"":0.2977272464819504,""leading_edge_n"":7,""qualified"":false}]"
EXP001_vs_sensitivity,I,I067,EXP001,0.5,1,GOBP_NEGATIVE_REGULATION_OF_MYELOID_LEUKOCYTE_DIFFERENTIATION,0,INACTIVE,"[{""term_id"":""GOBP_NEGATIVE_REGULATION_OF_MYELOID_LEUKOCYTE_DIFFERENTIATION"",""NES"":0.9174442072724328,""FDR"":0.730788555548199,""leading_edge_n"":11,""qualified"":false}]"
EXP001_vs_sensitivity,I,I067,sensitivity,0.5,1,GOBP_NEGATIVE_REGULATION_OF_MYELOID_LEUKOCYTE_DIFFERENTIATION,0,INACTIVE,"[{""term_id"":""GOBP_NEGATIVE_REGULATION_OF_MYELOID_LEUKOCYTE_DIFFERENTIATION"",""NES"":1.6603647144054707,""FDR"":0.0676089554579936,""leading_edge_n"":9,""qualified"":false}]"
EXP001_vs_sensitivity,I,I068,EXP001,0.5,1,GOBP_NEGATIVE_REGULATION_OF_NATURAL_KILLER_CELL_MEDIATED_IMMUNITY,0,INACTIVE,"[{""term_id"":""GOBP_NEGATIVE_REGULATION_OF_NATURAL_KILLER_CELL_MEDIATED_IMMUNITY"",""NES"":-0.818503884116907,""FDR"":0.8419825108001002,""leading_edge_n"":8,""qualified"":false}]"
EXP001_vs_sensitivity,I,I068,sensitivity,0.5,1,GOBP_NEGATIVE_REGULATION_OF_NATURAL_KILLER_CELL_MEDIATED_IMMUNITY,0,INACTIVE,"[{""term_id"":""GOBP_NEGATIVE_REGULATION_OF_NATURAL_KILLER_CELL_MEDIATED_IMMUNITY"",""NES"":1.0756893682918591,""FDR"":0.4997939429687926,""leading_edge_n"":12,""qualified"":false}]"
EXP001_vs_sensitivity,I,I069,EXP001,0.5,1,GOBP_NEGATIVE_REGULATION_OF_PRODUCTION_OF_MOLECULAR_MEDIATOR_OF_IMMUNE_RESPONSE,0,INACTIVE,"[{""term_id"":""GOBP_NEGATIVE_REGULATION_OF_PRODUCTION_OF_MOLECULAR_MEDIATOR_OF_IMMUNE_RESPONSE"",""NES"":-0.7472145484783259,""FDR"":0.9146605626438437,""leading_edge_n"":1,""qualified"":false}]"
EXP001_vs_sensitivity,I,I069,sensitivity,0.5,1,GOBP_NEGATIVE_REGULATION_OF_PRODUCTION_OF_MOLECULAR_MEDIATOR_OF_IMMUNE_RESPONSE,0,INACTIVE,"[{""term_id"":""GOBP_NEGATIVE_REGULATION_OF_PRODUCTION_OF_MOLECULAR_MEDIATOR_OF_IMMUNE_RESPONSE"",""NES"":-0.6750201250514557,""FDR"":0.9858985645510332,""leading_edge_n"":5,""qualified"":false}]"
EXP001_vs_sensitivity,I,I070,EXP001,0.5,2,GOBP_NEGATIVE_REGULATION_OF_RESPONSE_TO_CYTOKINE_STIMULUS;GOBP_REGULATION_OF_RESPONSE_TO_CYTOKINE_STIMULUS,0,INACTIVE,"[{""term_id"":""GOBP_NEGATIVE_REGULATION_OF_RESPONSE_TO_CYTOKINE_STIMULUS"",""NES"":0.9370471942034876,""FDR"":0.6978472852965586,""leading_edge_n"":24,""qualified"":false},{""term_id"":""GOBP_REGULATION_OF_RESPONSE_TO_CYTOKINE_STIMULUS"",""NES"":-1.0580048652639176,""FDR"":0.4839880122828731,""leading_edge_n"":41,""qualified"":false}]"
EXP001_vs_sensitivity,I,I070,sensitivity,0.5,2,GOBP_NEGATIVE_REGULATION_OF_RESPONSE_TO_CYTOKINE_STIMULUS;GOBP_REGULATION_OF_RESPONSE_TO_CYTOKINE_STIMULUS,0,INACTIVE,"[{""term_id"":""GOBP_NEGATIVE_REGULATION_OF_RESPONSE_TO_CYTOKINE_STIMULUS"",""NES"":-0.990677097339874,""FDR"":0.7139372728946578,""leading_edge_n"":11,""qualified"":false},{""term_id"":""GOBP_REGULATION_OF_RESPONSE_TO_CYTOKINE_STIMULUS"",""NES"":-1.1118782383226895,""FDR"":0.5874620631061809,""leading_edge_n"":24,""qualified"":false}]"
EXP001_vs_sensitivity,I,I071,EXP001,0.5,1,GOBP_NEGATIVE_REGULATION_OF_TUMOR_NECROSIS_FACTOR_SUPERFAMILY_CYTOKINE_PRODUCTION,0,INACTIVE,"[{""term_id"":""GOBP_NEGATIVE_REGULATION_OF_TUMOR_NECROSIS_FACTOR_SUPERFAMILY_CYTOKINE_PRODUCTION"",""NES"":-1.170030929971584,""FDR"":0.3522614785365117,""leading_edge_n"":13,""qualified"":false}]"
EXP001_vs_sensitivity,I,I071,sensitivity,0.5,1,GOBP_NEGATIVE_REGULATION_OF_TUMOR_NECROSIS_FACTOR_SUPERFAMILY_CYTOKINE_PRODUCTION,0,INACTIVE,"[{""term_id"":""GOBP_NEGATIVE_REGULATION_OF_TUMOR_NECROSIS_FACTOR_SUPERFAMILY_CYTOKINE_PRODUCTION"",""NES"":1.103342498044734,""FDR"":0.4663354260415879,""leading_edge_n"":12,""qualified"":false}]"
EXP001_vs_sensitivity,I,I072,EXP001,0.5,1,GOBP_NEGATIVE_REGULATION_OF_TYPE_II_INTERFERON_PRODUCTION,0,INACTIVE,"[{""term_id"":""GOBP_NEGATIVE_REGULATION_OF_TYPE_II_INTERFERON_PRODUCTION"",""NES"":-1.137802731307442,""FDR"":0.3863961312293437,""leading_edge_n"":8,""qualified"":false}]"
EXP001_vs_sensitivity,I,I072,sensitivity,0.5,1,GOBP_NEGATIVE_REGULATION_OF_TYPE_II_INTERFERON_PRODUCTION,0,INACTIVE,"[{""term_id"":""GOBP_NEGATIVE_REGULATION_OF_TYPE_II_INTERFERON_PRODUCTION"",""NES"":1.3122043451714926,""FDR"":0.2507522879229468,""leading_edge_n"":6,""qualified"":false}]"
EXP001_vs_sensitivity,I,I073,EXP001,0.5,1,GOBP_NEGATIVE_REGULATION_OF_TYPE_I_INTERFERON_PRODUCTION,0,INACTIVE,"[{""term_id"":""GOBP_NEGATIVE_REGULATION_OF_TYPE_I_INTERFERON_PRODUCTION"",""NES"":-0.9324544604636404,""FDR"":0.6731969590331658,""leading_edge_n"":17,""qualified"":false}]"
EXP001_vs_sensitivity,I,I073,sensitivity,0.5,1,GOBP_NEGATIVE_REGULATION_OF_TYPE_I_INTERFERON_PRODUCTION,0,INACTIVE,"[{""term_id"":""GOBP_NEGATIVE_REGULATION_OF_TYPE_I_INTERFERON_PRODUCTION"",""NES"":-0.8241020793732522,""FDR"":0.9095747181925044,""leading_edge_n"":13,""qualified"":false}]"
EXP001_vs_sensitivity,I,I074,EXP001,0.5,1,GOBP_NEGATIVE_REGULATION_OF_T_CELL_MEDIATED_IMMUNITY,0,INACTIVE,"[{""term_id"":""GOBP_NEGATIVE_REGULATION_OF_T_CELL_MEDIATED_IMMUNITY"",""NES"":-0.9271810671598604,""FDR"":0.6833786402347002,""leading_edge_n"":6,""qualified"":false}]"
EXP001_vs_sensitivity,I,I074,sensitivity,0.5,1,GOBP_NEGATIVE_REGULATION_OF_T_CELL_MEDIATED_IMMUNITY,0,INACTIVE,"[{""term_id"":""GOBP_NEGATIVE_REGULATION_OF_T_CELL_MEDIATED_IMMUNITY"",""NES"":-0.8466184282819955,""FDR"":0.8944544099480742,""leading_edge_n"":5,""qualified"":false}]"
EXP001_vs_sensitivity,I,I075,EXP001,0.5,2,GOBP_NEUROINFLAMMATORY_RESPONSE;GOBP_REGULATION_OF_NEUROINFLAMMATORY_RESPONSE,0,INACTIVE,"[{""term_id"":""GOBP_NEUROINFLAMMATORY_RESPONSE"",""NES"":-1.1578640131460456,""FDR"":0.3647643984382057,""leading_edge_n"":16,""qualified"":false},{""term_id"":""GOBP_REGULATION_OF_NEUROINFLAMMATORY_RESPONSE"",""NES"":-1.1945248175161771,""FDR"":0.3318455514725452,""leading_edge_n"":7,""qualified"":false}]"
EXP001_vs_sensitivity,I,I075,sensitivity,0.5,2,GOBP_NEUROINFLAMMATORY_RESPONSE;GOBP_REGULATION_OF_NEUROINFLAMMATORY_RESPONSE,0,INACTIVE,"[{""term_id"":""GOBP_NEUROINFLAMMATORY_RESPONSE"",""NES"":1.1009520307779423,""FDR"":0.4686015329566966,""leading_edge_n"":8,""qualified"":false},{""term_id"":""GOBP_REGULATION_OF_NEUROINFLAMMATORY_RESPONSE"",""NES"":-1.1066744633974637,""FDR"":0.5907521659631219,""leading_edge_n"":8,""qualified"":false}]"
EXP001_vs_sensitivity,I,I076,EXP001,0.5,2,GOBP_NEUTROPHIL_CHEMOTAXIS;GOBP_NEUTROPHIL_MIGRATION,0,INACTIVE,"[{""term_id"":""GOBP_NEUTROPHIL_CHEMOTAXIS"",""NES"":-0.958712299904562,""FDR"":0.6306623527051873,""leading_edge_n"":8,""qualified"":false},{""term_id"":""GOBP_NEUTROPHIL_MIGRATION"",""NES"":1.1583198087942532,""FDR"":0.3868229695266622,""leading_edge_n"":15,""qualified"":false}]"
EXP001_vs_sensitivity,I,I076,sensitivity,0.5,2,GOBP_NEUTROPHIL_CHEMOTAXIS;GOBP_NEUTROPHIL_MIGRATION,0,INACTIVE,"[{""term_id"":""GOBP_NEUTROPHIL_CHEMOTAXIS"",""NES"":-0.8558074325728294,""FDR"":0.8848466258293959,""leading_edge_n"":10,""qualified"":false},{""term_id"":""GOBP_NEUTROPHIL_MIGRATION"",""NES"":-0.9048477983818152,""FDR"":0.8270276210506656,""leading_edge_n"":13,""qualified"":false}]"
EXP001_vs_sensitivity,I,I077,EXP001,0.5,1,GOBP_NEUTROPHIL_MEDIATED_IMMUNITY,0,INACTIVE,"[{""term_id"":""GOBP_NEUTROPHIL_MEDIATED_IMMUNITY"",""NES"":0.800586842539702,""FDR"":0.8768894555021595,""leading_edge_n"":3,""qualified"":false}]"
EXP001_vs_sensitivity,I,I077,sensitivity,0.5,1,GOBP_NEUTROPHIL_MEDIATED_IMMUNITY,0,INACTIVE,"[{""term_id"":""GOBP_NEUTROPHIL_MEDIATED_IMMUNITY"",""NES"":0.8905143749143604,""FDR"":0.7727099028394301,""leading_edge_n"":11,""qualified"":false}]"
EXP001_vs_sensitivity,I,I078,EXP001,0.5,1,GOBP_POSITIVE_REGULATION_OF_CYTOKINE_PRODUCTION,0,INACTIVE,"[{""term_id"":""GOBP_POSITIVE_REGULATION_OF_CYTOKINE_PRODUCTION"",""NES"":-1.3328252373326284,""FDR"":0.2198499359527326,""leading_edge_n"":90,""qualified"":false}]"
EXP001_vs_sensitivity,I,I078,sensitivity,0.5,1,GOBP_POSITIVE_REGULATION_OF_CYTOKINE_PRODUCTION,0,INACTIVE,"[{""term_id"":""GOBP_POSITIVE_REGULATION_OF_CYTOKINE_PRODUCTION"",""NES"":1.3030704604098582,""FDR"":0.2581252131664981,""leading_edge_n"":94,""qualified"":false}]"
EXP001_vs_sensitivity,I,I079,EXP001,0.5,1,GOBP_POSITIVE_REGULATION_OF_CYTOKINE_PRODUCTION_INVOLVED_IN_INFLAMMATORY_RESPONSE,0,INACTIVE,"[{""term_id"":""GOBP_POSITIVE_REGULATION_OF_CYTOKINE_PRODUCTION_INVOLVED_IN_INFLAMMATORY_RESPONSE"",""NES"":0.763025618818243,""FDR"":0.9089609148419256,""leading_edge_n"":3,""qualified"":false}]"
EXP001_vs_sensitivity,I,I079,sensitivity,0.5,1,GOBP_POSITIVE_REGULATION_OF_CYTOKINE_PRODUCTION_INVOLVED_IN_INFLAMMATORY_RESPONSE,0,INACTIVE,"[{""term_id"":""GOBP_POSITIVE_REGULATION_OF_CYTOKINE_PRODUCTION_INVOLVED_IN_INFLAMMATORY_RESPONSE"",""NES"":1.6653559865404162,""FDR"":0.06653594562331,""leading_edge_n"":8,""qualified"":false}]"
EXP001_vs_sensitivity,I,I080,EXP001,0.5,1,GOBP_POSITIVE_REGULATION_OF_INFLAMMATORY_RESPONSE,0,INACTIVE,"[{""term_id"":""GOBP_POSITIVE_REGULATION_OF_INFLAMMATORY_RESPONSE"",""NES"":-1.5076174745248598,""FDR"":0.1289185570346604,""leading_edge_n"":31,""qualified"":false}]"
EXP001_vs_sensitivity,I,I080,sensitivity,0.5,1,GOBP_POSITIVE_REGULATION_OF_INFLAMMATORY_RESPONSE,0,INACTIVE,"[{""term_id"":""GOBP_POSITIVE_REGULATION_OF_INFLAMMATORY_RESPONSE"",""NES"":1.3968333197256873,""FDR"":0.1876751431262677,""leading_edge_n"":28,""qualified"":false}]"
EXP001_vs_sensitivity,I,I081,EXP001,0.5,1,GOBP_POSITIVE_REGULATION_OF_LEUKOCYTE_APOPTOTIC_PROCESS,0,INACTIVE,"[{""term_id"":""GOBP_POSITIVE_REGULATION_OF_LEUKOCYTE_APOPTOTIC_PROCESS"",""NES"":-1.2345901369834855,""FDR"":0.2932838316576739,""leading_edge_n"":9,""qualified"":false}]"
EXP001_vs_sensitivity,I,I081,sensitivity,0.5,1,GOBP_POSITIVE_REGULATION_OF_LEUKOCYTE_APOPTOTIC_PROCESS,0,INACTIVE,"[{""term_id"":""GOBP_POSITIVE_REGULATION_OF_LEUKOCYTE_APOPTOTIC_PROCESS"",""NES"":0.977101018660965,""FDR"":0.639159428984298,""leading_edge_n"":4,""qualified"":false}]"
EXP001_vs_sensitivity,I,I082,EXP001,0.5,1,GOBP_POSITIVE_REGULATION_OF_MACROPHAGE_ACTIVATION,0,INACTIVE,"[{""term_id"":""GOBP_POSITIVE_REGULATION_OF_MACROPHAGE_ACTIVATION"",""NES"":-0.9643161645163588,""FDR"":0.622207692041283,""leading_edge_n"":5,""qualified"":false}]"
EXP001_vs_sensitivity,I,I082,sensitivity,0.5,1,GOBP_POSITIVE_REGULATION_OF_MACROPHAGE_ACTIVATION,0,INACTIVE,"[{""term_id"":""GOBP_POSITIVE_REGULATION_OF_MACROPHAGE_ACTIVATION"",""NES"":1.358277553604469,""FDR"":0.2163805726264989,""leading_edge_n"":4,""qualified"":false}]"
EXP001_vs_sensitivity,I,I083,EXP001,0.5,1,GOBP_POSITIVE_REGULATION_OF_MYELOID_LEUKOCYTE_DIFFERENTIATION,0,INACTIVE,"[{""term_id"":""GOBP_POSITIVE_REGULATION_OF_MYELOID_LEUKOCYTE_DIFFERENTIATION"",""NES"":-1.4858141462817174,""FDR"":0.1365128097679368,""leading_edge_n"":11,""qualified"":false}]"
EXP001_vs_sensitivity,I,I083,sensitivity,0.5,1,GOBP_POSITIVE_REGULATION_OF_MYELOID_LEUKOCYTE_DIFFERENTIATION,0,INACTIVE,"[{""term_id"":""GOBP_POSITIVE_REGULATION_OF_MYELOID_LEUKOCYTE_DIFFERENTIATION"",""NES"":1.5728974663698665,""FDR"":0.0993649508233817,""leading_edge_n"":12,""qualified"":false}]"
EXP001_vs_sensitivity,I,I084,EXP001,0.5,3,GOBP_POSITIVE_REGULATION_OF_NEUTROPHIL_MIGRATION;GOBP_REGULATION_OF_NEUTROPHIL_CHEMOTAXIS;GOBP_REGULATION_OF_NEUTROPHIL_MIGRATION,0,INACTIVE,"[{""term_id"":""GOBP_POSITIVE_REGULATION_OF_NEUTROPHIL_MIGRATION"",""NES"":-1.0006806912119195,""FDR"":0.5674960667724971,""leading_edge_n"":6,""qualified"":false},{""term_id"":""GOBP_REGULATION_OF_NEUTROPHIL_CHEMOTAXIS"",""NES"":-1.5414036541886582,""FDR"":0.1140229381399478,""leading_edge_n"":7,""qualified"":false},{""term_id"":""GOBP_REGULATION_OF_NEUTROPHIL_MIGRATION"",""NES"":-1.171915982642846,""FDR"":0.34987560631402,""leading_edge_n"":8,""qualified"":false}]"
EXP001_vs_sensitivity,I,I084,sensitivity,0.5,3,GOBP_POSITIVE_REGULATION_OF_NEUTROPHIL_MIGRATION;GOBP_REGULATION_OF_NEUTROPHIL_CHEMOTAXIS;GOBP_REGULATION_OF_NEUTROPHIL_MIGRATION,0,INACTIVE,"[{""term_id"":""GOBP_POSITIVE_REGULATION_OF_NEUTROPHIL_MIGRATION"",""NES"":-0.9557258459528332,""FDR"":0.770640078780318,""leading_edge_n"":7,""qualified"":false},{""term_id"":""GOBP_REGULATION_OF_NEUTROPHIL_CHEMOTAXIS"",""NES"":-0.9327742346745748,""FDR"":0.7940099441011047,""leading_edge_n"":6,""qualified"":false},{""term_id"":""GOBP_REGULATION_OF_NEUTROPHIL_MIGRATION"",""NES"":-0.9077468477842644,""FDR"":0.8230849626722014,""leading_edge_n"":8,""qualified"":false}]"
EXP001_vs_sensitivity,I,I085,EXP001,0.5,1,GOBP_POSITIVE_REGULATION_OF_RESPONSE_TO_CYTOKINE_STIMULUS,0,INACTIVE,"[{""term_id"":""GOBP_POSITIVE_REGULATION_OF_RESPONSE_TO_CYTOKINE_STIMULUS"",""NES"":-0.8788633328614897,""FDR"":0.7608997595751748,""leading_edge_n"":17,""qualified"":false}]"
EXP001_vs_sensitivity,I,I085,sensitivity,0.5,1,GOBP_POSITIVE_REGULATION_OF_RESPONSE_TO_CYTOKINE_STIMULUS,0,INACTIVE,"[{""term_id"":""GOBP_POSITIVE_REGULATION_OF_RESPONSE_TO_CYTOKINE_STIMULUS"",""NES"":-0.954148132813946,""FDR"":0.7738326733766254,""leading_edge_n"":10,""qualified"":false}]"
EXP001_vs_sensitivity,I,I086,EXP001,0.5,2,GOBP_POSITIVE_REGULATION_OF_TUMOR_NECROSIS_FACTOR_SUPERFAMILY_CYTOKINE_PRODUCTION;GOBP_TUMOR_NECROSIS_FACTOR_SUPERFAMILY_CYTOKINE_PRODUCTION,0,INACTIVE,"[{""term_id"":""GOBP_POSITIVE_REGULATION_OF_TUMOR_NECROSIS_FACTOR_SUPERFAMILY_CYTOKINE_PRODUCTION"",""NES"":-1.0177616950020296,""FDR"":0.5412242394923436,""leading_edge_n"":15,""qualified"":false},{""term_id"":""GOBP_TUMOR_NECROSIS_FACTOR_SUPERFAMILY_CYTOKINE_PRODUCTION"",""NES"":-1.16804445912791,""FDR"":0.3544822815915409,""leading_edge_n"":28,""qualified"":false}]"
EXP001_vs_sensitivity,I,I086,sensitivity,0.5,2,GOBP_POSITIVE_REGULATION_OF_TUMOR_NECROSIS_FACTOR_SUPERFAMILY_CYTOKINE_PRODUCTION;GOBP_TUMOR_NECROSIS_FACTOR_SUPERFAMILY_CYTOKINE_PRODUCTION,0,INACTIVE,"[{""term_id"":""GOBP_POSITIVE_REGULATION_OF_TUMOR_NECROSIS_FACTOR_SUPERFAMILY_CYTOKINE_PRODUCTION"",""NES"":1.2770395014892597,""FDR"":0.2809801479697074,""leading_edge_n"":43,""qualified"":false},{""term_id"":""GOBP_TUMOR_NECROSIS_FACTOR_SUPERFAMILY_CYTOKINE_PRODUCTION"",""NES"":1.12599485731487,""FDR"":0.4376321358289401,""leading_edge_n"":60,""qualified"":false}]"
EXP001_vs_sensitivity,I,I087,EXP001,0.5,2,GOBP_POSITIVE_REGULATION_OF_TYPE_II_INTERFERON_PRODUCTION;GOBP_TYPE_II_INTERFERON_PRODUCTION,0,INACTIVE,"[{""term_id"":""GOBP_POSITIVE_REGULATION_OF_TYPE_II_INTERFERON_PRODUCTION"",""NES"":1.116363997606922,""FDR"":0.4448758559484365,""leading_edge_n"":24,""qualified"":false},{""term_id"":""GOBP_TYPE_II_INTERFERON_PRODUCTION"",""NES"":0.9825405451766924,""FDR"":0.6354582221173358,""leading_edge_n"":32,""qualified"":false}]"
EXP001_vs_sensitivity,I,I087,sensitivity,0.5,2,GOBP_POSITIVE_REGULATION_OF_TYPE_II_INTERFERON_PRODUCTION;GOBP_TYPE_II_INTERFERON_PRODUCTION,0,INACTIVE,"[{""term_id"":""GOBP_POSITIVE_REGULATION_OF_TYPE_II_INTERFERON_PRODUCTION"",""NES"":1.2136995516733764,""FDR"":0.3384855715082102,""leading_edge_n"":33,""qualified"":false},{""term_id"":""GOBP_TYPE_II_INTERFERON_PRODUCTION"",""NES"":1.1795015620433775,""FDR"":0.3765031580002064,""leading_edge_n"":41,""qualified"":false}]"
EXP001_vs_sensitivity,I,I088,EXP001,0.5,1,GOBP_POSITIVE_REGULATION_OF_TYPE_I_INTERFERON_MEDIATED_SIGNALING_PATHWAY,0,INACTIVE,"[{""term_id"":""GOBP_POSITIVE_REGULATION_OF_TYPE_I_INTERFERON_MEDIATED_SIGNALING_PATHWAY"",""NES"":-1.2632091462035953,""FDR"":0.2709158261450471,""leading_edge_n"":6,""qualified"":false}]"
EXP001_vs_sensitivity,I,I088,sensitivity,0.5,1,GOBP_POSITIVE_REGULATION_OF_TYPE_I_INTERFERON_MEDIATED_SIGNALING_PATHWAY,0,INACTIVE,"[{""term_id"":""GOBP_POSITIVE_REGULATION_OF_TYPE_I_INTERFERON_MEDIATED_SIGNALING_PATHWAY"",""NES"":0.6328120316025597,""FDR"":0.9848811496862502,""leading_edge_n"":4,""qualified"":false}]"
EXP001_vs_sensitivity,I,I089,EXP001,0.5,2,GOBP_POSITIVE_REGULATION_OF_T_CELL_CYTOKINE_PRODUCTION;GOBP_T_CELL_CYTOKINE_PRODUCTION,0,INACTIVE,"[{""term_id"":""GOBP_POSITIVE_REGULATION_OF_T_CELL_CYTOKINE_PRODUCTION"",""NES"":0.8275939386117801,""FDR"":0.8506653279016394,""leading_edge_n"":5,""qualified"":false},{""term_id"":""GOBP_T_CELL_CYTOKINE_PRODUCTION"",""NES"":0.7583287265391856,""FDR"":0.9108471551364088,""leading_edge_n"":5,""qualified"":false}]"
EXP001_vs_sensitivity,I,I089,sensitivity,0.5,2,GOBP_POSITIVE_REGULATION_OF_T_CELL_CYTOKINE_PRODUCTION;GOBP_T_CELL_CYTOKINE_PRODUCTION,0,INACTIVE,"[{""term_id"":""GOBP_POSITIVE_REGULATION_OF_T_CELL_CYTOKINE_PRODUCTION"",""NES"":1.097159719735871,""FDR"":0.4735245599523731,""leading_edge_n"":8,""qualified"":false},{""term_id"":""GOBP_T_CELL_CYTOKINE_PRODUCTION"",""NES"":1.0404326119910925,""FDR"":0.5458112067492993,""leading_edge_n"":9,""qualified"":false}]"
EXP001_vs_sensitivity,I,I090,EXP001,0.5,1,GOBP_PYROPTOTIC_INFLAMMATORY_RESPONSE,0,INACTIVE,"[{""term_id"":""GOBP_PYROPTOTIC_INFLAMMATORY_RESPONSE"",""NES"":0.7910466327429179,""FDR"":0.8873733953803717,""leading_edge_n"":8,""qualified"":false}]"
EXP001_vs_sensitivity,I,I090,sensitivity,0.5,1,GOBP_PYROPTOTIC_INFLAMMATORY_RESPONSE,0,INACTIVE,"[{""term_id"":""GOBP_PYROPTOTIC_INFLAMMATORY_RESPONSE"",""NES"":1.063436805391884,""FDR"":0.5179603116607814,""leading_edge_n"":11,""qualified"":false}]"
EXP001_vs_sensitivity,I,I091,EXP001,0.5,1,GOBP_REGULATION_OF_ACUTE_INFLAMMATORY_RESPONSE,0,INACTIVE,"[{""term_id"":""GOBP_REGULATION_OF_ACUTE_INFLAMMATORY_RESPONSE"",""NES"":0.9710176754423012,""FDR"":0.6507140947909507,""leading_edge_n"":5,""qualified"":false}]"
EXP001_vs_sensitivity,I,I091,sensitivity,0.5,1,GOBP_REGULATION_OF_ACUTE_INFLAMMATORY_RESPONSE,0,INACTIVE,"[{""term_id"":""GOBP_REGULATION_OF_ACUTE_INFLAMMATORY_RESPONSE"",""NES"":1.0528731799977462,""FDR"":0.5304128242400848,""leading_edge_n"":4,""qualified"":false}]"
EXP001_vs_sensitivity,I,I092,EXP001,0.5,1,GOBP_REGULATION_OF_HUMORAL_IMMUNE_RESPONSE,0,INACTIVE,"[{""term_id"":""GOBP_REGULATION_OF_HUMORAL_IMMUNE_RESPONSE"",""NES"":-1.3149014898040314,""FDR"":0.2311322611816301,""leading_edge_n"":5,""qualified"":false}]"
EXP001_vs_sensitivity,I,I092,sensitivity,0.5,1,GOBP_REGULATION_OF_HUMORAL_IMMUNE_RESPONSE,0,INACTIVE,"[{""term_id"":""GOBP_REGULATION_OF_HUMORAL_IMMUNE_RESPONSE"",""NES"":0.8223634429661862,""FDR"":0.8594682198873188,""leading_edge_n"":3,""qualified"":false}]"
EXP001_vs_sensitivity,I,I093,EXP001,0.5,1,GOBP_REGULATION_OF_INFLAMMATORY_RESPONSE,0,INACTIVE,"[{""term_id"":""GOBP_REGULATION_OF_INFLAMMATORY_RESPONSE"",""NES"":-1.2784428006002622,""FDR"":0.2577580917942562,""leading_edge_n"":72,""qualified"":false}]"
EXP001_vs_sensitivity,I,I093,sensitivity,0.5,1,GOBP_REGULATION_OF_INFLAMMATORY_RESPONSE,0,INACTIVE,"[{""term_id"":""GOBP_REGULATION_OF_INFLAMMATORY_RESPONSE"",""NES"":1.27850202934236,""FDR"":0.2796213921119824,""leading_edge_n"":68,""qualified"":false}]"
EXP001_vs_sensitivity,I,I094,EXP001,0.5,1,GOBP_REGULATION_OF_LEUKOCYTE_DIFFERENTIATION,0,INACTIVE,"[{""term_id"":""GOBP_REGULATION_OF_LEUKOCYTE_DIFFERENTIATION"",""NES"":-1.0430504296173009,""FDR"":0.5049858387120025,""leading_edge_n"":50,""qualified"":false}]"
EXP001_vs_sensitivity,I,I094,sensitivity,0.5,1,GOBP_REGULATION_OF_LEUKOCYTE_DIFFERENTIATION,0,INACTIVE,"[{""term_id"":""GOBP_REGULATION_OF_LEUKOCYTE_DIFFERENTIATION"",""NES"":1.5958025999959218,""FDR"":0.0897260494301943,""leading_edge_n"":66,""qualified"":false}]"
EXP001_vs_sensitivity,I,I095,EXP001,0.5,1,GOBP_REGULATION_OF_MACROPHAGE_DERIVED_FOAM_CELL_DIFFERENTIATION,0,INACTIVE,"[{""term_id"":""GOBP_REGULATION_OF_MACROPHAGE_DERIVED_FOAM_CELL_DIFFERENTIATION"",""NES"":-1.2472545971134652,""FDR"":0.2814287417773106,""leading_edge_n"":9,""qualified"":false}]"
EXP001_vs_sensitivity,I,I095,sensitivity,0.5,1,GOBP_REGULATION_OF_MACROPHAGE_DERIVED_FOAM_CELL_DIFFERENTIATION,0,INACTIVE,"[{""term_id"":""GOBP_REGULATION_OF_MACROPHAGE_DERIVED_FOAM_CELL_DIFFERENTIATION"",""NES"":-1.675309583252259,""FDR"":0.1096139574445465,""leading_edge_n"":4,""qualified"":false}]"
EXP001_vs_sensitivity,I,I096,EXP001,0.5,1,GOBP_REGULATION_OF_MACROPHAGE_DIFFERENTIATION,0,INACTIVE,"[{""term_id"":""GOBP_REGULATION_OF_MACROPHAGE_DIFFERENTIATION"",""NES"":-0.7519661097826824,""FDR"":0.912398651492522,""leading_edge_n"":5,""qualified"":false}]"
EXP001_vs_sensitivity,I,I096,sensitivity,0.5,1,GOBP_REGULATION_OF_MACROPHAGE_DIFFERENTIATION,1,POSITIVE,"[{""term_id"":""GOBP_REGULATION_OF_MACROPHAGE_DIFFERENTIATION"",""NES"":1.9848509510015704,""FDR"":0.0104826236200084,""leading_edge_n"":9,""qualified"":true}]"
EXP001_vs_sensitivity,I,I097,EXP001,0.5,1,GOBP_REGULATION_OF_MYELOID_LEUKOCYTE_DIFFERENTIATION,0,INACTIVE,"[{""term_id"":""GOBP_REGULATION_OF_MYELOID_LEUKOCYTE_DIFFERENTIATION"",""NES"":-1.1954449445184474,""FDR"":0.3316518974935381,""leading_edge_n"":22,""qualified"":false}]"
EXP001_vs_sensitivity,I,I097,sensitivity,0.5,1,GOBP_REGULATION_OF_MYELOID_LEUKOCYTE_DIFFERENTIATION,1,POSITIVE,"[{""term_id"":""GOBP_REGULATION_OF_MYELOID_LEUKOCYTE_DIFFERENTIATION"",""NES"":1.7363787070528915,""FDR"":0.0468628883657588,""leading_edge_n"":14,""qualified"":true}]"
EXP001_vs_sensitivity,I,I098,EXP001,0.5,1,GOBP_REGULATION_OF_TOLL_LIKE_RECEPTOR_4_SIGNALING_PATHWAY,0,INACTIVE,"[{""term_id"":""GOBP_REGULATION_OF_TOLL_LIKE_RECEPTOR_4_SIGNALING_PATHWAY"",""NES"":-0.9696540328330268,""FDR"":0.6151309674676334,""leading_edge_n"":7,""qualified"":false}]"
EXP001_vs_sensitivity,I,I098,sensitivity,0.5,1,GOBP_REGULATION_OF_TOLL_LIKE_RECEPTOR_4_SIGNALING_PATHWAY,0,INACTIVE,"[{""term_id"":""GOBP_REGULATION_OF_TOLL_LIKE_RECEPTOR_4_SIGNALING_PATHWAY"",""NES"":-0.7426301174408589,""FDR"":0.9640032909284348,""leading_edge_n"":2,""qualified"":false}]"
EXP001_vs_sensitivity,I,I099,EXP001,0.5,1,GOBP_REGULATION_OF_TOLL_LIKE_RECEPTOR_SIGNALING_PATHWAY,0,INACTIVE,"[{""term_id"":""GOBP_REGULATION_OF_TOLL_LIKE_RECEPTOR_SIGNALING_PATHWAY"",""NES"":0.5679447178101389,""FDR"":0.9924623273836912,""leading_edge_n"":4,""qualified"":false}]"
EXP001_vs_sensitivity,I,I099,sensitivity,0.5,1,GOBP_REGULATION_OF_TOLL_LIKE_RECEPTOR_SIGNALING_PATHWAY,0,INACTIVE,"[{""term_id"":""GOBP_REGULATION_OF_TOLL_LIKE_RECEPTOR_SIGNALING_PATHWAY"",""NES"":1.0432120479332958,""FDR"":0.5418993994207781,""leading_edge_n"":10,""qualified"":false}]"
EXP001_vs_sensitivity,I,I100,EXP001,0.5,2,GOBP_REGULATION_OF_TYPE_2_IMMUNE_RESPONSE;GOBP_TYPE_2_IMMUNE_RESPONSE,0,INACTIVE,"[{""term_id"":""GOBP_REGULATION_OF_TYPE_2_IMMUNE_RESPONSE"",""NES"":-1.0425678356169965,""FDR"":0.5055552259776719,""leading_edge_n"":7,""qualified"":false},{""term_id"":""GOBP_TYPE_2_IMMUNE_RESPONSE"",""NES"":-0.8332411906415121,""FDR"":0.8257079206096736,""leading_edge_n"":4,""qualified"":false}]"
EXP001_vs_sensitivity,I,I100,sensitivity,0.5,2,GOBP_REGULATION_OF_TYPE_2_IMMUNE_RESPONSE;GOBP_TYPE_2_IMMUNE_RESPONSE,0,INACTIVE,"[{""term_id"":""GOBP_REGULATION_OF_TYPE_2_IMMUNE_RESPONSE"",""NES"":0.9695385815292802,""FDR"":0.6501914965110006,""leading_edge_n"":5,""qualified"":false},{""term_id"":""GOBP_TYPE_2_IMMUNE_RESPONSE"",""NES"":1.1755167451060766,""FDR"":0.3797649103170272,""leading_edge_n"":10,""qualified"":false}]"
EXP001_vs_sensitivity,I,I101,EXP001,0.5,1,GOBP_REGULATION_OF_T_HELPER_17_TYPE_IMMUNE_RESPONSE,0,INACTIVE,"[{""term_id"":""GOBP_REGULATION_OF_T_HELPER_17_TYPE_IMMUNE_RESPONSE"",""NES"":0.6851733095493568,""FDR"":0.9590934588297242,""leading_edge_n"":2,""qualified"":false}]"
EXP001_vs_sensitivity,I,I101,sensitivity,0.5,1,GOBP_REGULATION_OF_T_HELPER_17_TYPE_IMMUNE_RESPONSE,0,INACTIVE,"[{""term_id"":""GOBP_REGULATION_OF_T_HELPER_17_TYPE_IMMUNE_RESPONSE"",""NES"":1.5268413033627912,""FDR"":0.1165291964045936,""leading_edge_n"":15,""qualified"":false}]"
EXP001_vs_sensitivity,I,I102,EXP001,0.5,2,GOBP_REGULATION_OF_T_HELPER_1_TYPE_IMMUNE_RESPONSE;GOBP_T_HELPER_1_TYPE_IMMUNE_RESPONSE,0,INACTIVE,"[{""term_id"":""GOBP_REGULATION_OF_T_HELPER_1_TYPE_IMMUNE_RESPONSE"",""NES"":0.954266389540944,""FDR"":0.6740402632106816,""leading_edge_n"":5,""qualified"":false},{""term_id"":""GOBP_T_HELPER_1_TYPE_IMMUNE_RESPONSE"",""NES"":1.093581646450753,""FDR"":0.4765756021201724,""leading_edge_n"":18,""qualified"":false}]"
EXP001_vs_sensitivity,I,I102,sensitivity,0.5,2,GOBP_REGULATION_OF_T_HELPER_1_TYPE_IMMUNE_RESPONSE;GOBP_T_HELPER_1_TYPE_IMMUNE_RESPONSE,0,INACTIVE,"[{""term_id"":""GOBP_REGULATION_OF_T_HELPER_1_TYPE_IMMUNE_RESPONSE"",""NES"":1.2861765234486957,""FDR"":0.2733261149858652,""leading_edge_n"":9,""qualified"":false},{""term_id"":""GOBP_T_HELPER_1_TYPE_IMMUNE_RESPONSE"",""NES"":1.5377996298966594,""FDR"":0.1114238124024809,""leading_edge_n"":26,""qualified"":false}]"
EXP001_vs_sensitivity,I,I103,EXP001,0.5,1,GOBP_RESPONSE_TO_INTERFERON_ALPHA,0,INACTIVE,"[{""term_id"":""GOBP_RESPONSE_TO_INTERFERON_ALPHA"",""NES"":1.2335063508559088,""FDR"":0.300353795903185,""leading_edge_n"":4,""qualified"":false}]"
EXP001_vs_sensitivity,I,I103,sensitivity,0.5,1,GOBP_RESPONSE_TO_INTERFERON_ALPHA,1,POSITIVE,"[{""term_id"":""GOBP_RESPONSE_TO_INTERFERON_ALPHA"",""NES"":1.917685896393134,""FDR"":0.0154415032639461,""leading_edge_n"":10,""qualified"":true}]"
EXP001_vs_sensitivity,I,I104,EXP001,0.5,1,GOBP_RESPONSE_TO_INTERLEUKIN_17,0,INACTIVE,"[{""term_id"":""GOBP_RESPONSE_TO_INTERLEUKIN_17"",""NES"":-0.8857129490414913,""FDR"":0.750267043844752,""leading_edge_n"":5,""qualified"":false}]"
EXP001_vs_sensitivity,I,I104,sensitivity,0.5,1,GOBP_RESPONSE_TO_INTERLEUKIN_17,1,POSITIVE,"[{""term_id"":""GOBP_RESPONSE_TO_INTERLEUKIN_17"",""NES"":1.797262662087117,""FDR"":0.0335453346768486,""leading_edge_n"":6,""qualified"":true}]"
EXP001_vs_sensitivity,I,I105,EXP001,0.5,1,GOBP_RESPONSE_TO_INTERLEUKIN_4,0,INACTIVE,"[{""term_id"":""GOBP_RESPONSE_TO_INTERLEUKIN_4"",""NES"":1.291938175305657,""FDR"":0.2391103853359522,""leading_edge_n"":6,""qualified"":false}]"
EXP001_vs_sensitivity,I,I105,sensitivity,0.5,1,GOBP_RESPONSE_TO_INTERLEUKIN_4,0,INACTIVE,"[{""term_id"":""GOBP_RESPONSE_TO_INTERLEUKIN_4"",""NES"":-1.1936492901007656,""FDR"":0.5014045764422601,""leading_edge_n"":9,""qualified"":false}]"
EXP001_vs_sensitivity,I,I106,EXP001,0.5,1,GOBP_RESPONSE_TO_INTERLEUKIN_7,0,INACTIVE,"[{""term_id"":""GOBP_RESPONSE_TO_INTERLEUKIN_7"",""NES"":0.8577574379222787,""FDR"":0.8169445460590904,""leading_edge_n"":6,""qualified"":false}]"
EXP001_vs_sensitivity,I,I106,sensitivity,0.5,1,GOBP_RESPONSE_TO_INTERLEUKIN_7,0,INACTIVE,"[{""term_id"":""GOBP_RESPONSE_TO_INTERLEUKIN_7"",""NES"":1.1957743823792042,""FDR"":0.3590456269167817,""leading_edge_n"":6,""qualified"":false}]"
EXP001_vs_sensitivity,I,I107,EXP001,0.5,1,GOBP_SOMATIC_DIVERSIFICATION_OF_IMMUNE_RECEPTORS_VIA_SOMATIC_MUTATION,1,POSITIVE,"[{""term_id"":""GOBP_SOMATIC_DIVERSIFICATION_OF_IMMUNE_RECEPTORS_VIA_SOMATIC_MUTATION"",""NES"":1.6354371647770647,""FDR"":0.0320517172069333,""leading_edge_n"":6,""qualified"":true}]"
EXP001_vs_sensitivity,I,I107,sensitivity,0.5,1,GOBP_SOMATIC_DIVERSIFICATION_OF_IMMUNE_RECEPTORS_VIA_SOMATIC_MUTATION,0,INACTIVE,"[{""term_id"":""GOBP_SOMATIC_DIVERSIFICATION_OF_IMMUNE_RECEPTORS_VIA_SOMATIC_MUTATION"",""NES"":-1.1495051550198288,""FDR"":0.5439542097818881,""leading_edge_n"":7,""qualified"":false}]"
EXP001_vs_sensitivity,I,I108,EXP001,0.5,1,GOBP_TOLL_LIKE_RECEPTOR_SIGNALING_PATHWAY,0,INACTIVE,"[{""term_id"":""GOBP_TOLL_LIKE_RECEPTOR_SIGNALING_PATHWAY"",""NES"":0.9303083430833248,""FDR"":0.7094236515411873,""leading_edge_n"":18,""qualified"":false}]"
EXP001_vs_sensitivity,I,I108,sensitivity,0.5,1,GOBP_TOLL_LIKE_RECEPTOR_SIGNALING_PATHWAY,0,INACTIVE,"[{""term_id"":""GOBP_TOLL_LIKE_RECEPTOR_SIGNALING_PATHWAY"",""NES"":1.2716775007319194,""FDR"":0.2858124686239931,""leading_edge_n"":32,""qualified"":false}]"
EXP001_vs_sensitivity,I,I109,EXP001,0.5,1,GOBP_TYPE_II_INTERFERON_MEDIATED_SIGNALING_PATHWAY,0,INACTIVE,"[{""term_id"":""GOBP_TYPE_II_INTERFERON_MEDIATED_SIGNALING_PATHWAY"",""NES"":-0.6508526662722829,""FDR"":0.9694219243186802,""leading_edge_n"":5,""qualified"":false}]"
EXP001_vs_sensitivity,I,I109,sensitivity,0.5,1,GOBP_TYPE_II_INTERFERON_MEDIATED_SIGNALING_PATHWAY,0,INACTIVE,"[{""term_id"":""GOBP_TYPE_II_INTERFERON_MEDIATED_SIGNALING_PATHWAY"",""NES"":-0.9790669358313828,""FDR"":0.7336071988028064,""leading_edge_n"":2,""qualified"":false}]"
EXP001_vs_sensitivity,I,I110,EXP001,0.5,1,GOBP_T_HELPER_17_TYPE_IMMUNE_RESPONSE,0,INACTIVE,"[{""term_id"":""GOBP_T_HELPER_17_TYPE_IMMUNE_RESPONSE"",""NES"":-0.9592233822080076,""FDR"":0.6300426673908953,""leading_edge_n"":12,""qualified"":false}]"
EXP001_vs_sensitivity,I,I110,sensitivity,0.5,1,GOBP_T_HELPER_17_TYPE_IMMUNE_RESPONSE,1,POSITIVE,"[{""term_id"":""GOBP_T_HELPER_17_TYPE_IMMUNE_RESPONSE"",""NES"":1.790386855281408,""FDR"":0.0348895665891274,""leading_edge_n"":36,""qualified"":true}]"
EXP001_vs_sensitivity,I,I111,EXP001,0.5,1,HALLMARK_ALLOGRAFT_REJECTION,0,INACTIVE,"[{""term_id"":""HALLMARK_ALLOGRAFT_REJECTION"",""NES"":1.0464891146232953,""FDR"":0.5422791963963972,""leading_edge_n"":34,""qualified"":false}]"
EXP001_vs_sensitivity,I,I111,sensitivity,0.5,1,HALLMARK_ALLOGRAFT_REJECTION,1,POSITIVE,"[{""term_id"":""HALLMARK_ALLOGRAFT_REJECTION"",""NES"":1.7633848544866328,""FDR"":0.0418982639408252,""leading_edge_n"":38,""qualified"":true}]"
EXP001_vs_sensitivity,I,I112,EXP001,0.5,1,HALLMARK_COMPLEMENT,0,INACTIVE,"[{""term_id"":""HALLMARK_COMPLEMENT"",""NES"":-1.260027952883175,""FDR"":0.2731164544471165,""leading_edge_n"":44,""qualified"":false}]"
EXP001_vs_sensitivity,I,I112,sensitivity,0.5,1,HALLMARK_COMPLEMENT,0,INACTIVE,"[{""term_id"":""HALLMARK_COMPLEMENT"",""NES"":1.0779652445578274,""FDR"":0.4962759433986556,""leading_edge_n"":37,""qualified"":false}]"
EXP001_vs_sensitivity,I,I113,EXP001,0.5,1,HALLMARK_IL2_STAT5_SIGNALING,0,INACTIVE,"[{""term_id"":""HALLMARK_IL2_STAT5_SIGNALING"",""NES"":1.32704023505153,""FDR"":0.2045696932719972,""leading_edge_n"":37,""qualified"":false}]"
EXP001_vs_sensitivity,I,I113,sensitivity,0.5,1,HALLMARK_IL2_STAT5_SIGNALING,0,INACTIVE,"[{""term_id"":""HALLMARK_IL2_STAT5_SIGNALING"",""NES"":1.5216623028024292,""FDR"":0.118867074683113,""leading_edge_n"":39,""qualified"":false}]"
EXP001_vs_sensitivity,I,I114,EXP001,0.5,1,HALLMARK_IL6_JAK_STAT3_SIGNALING,0,INACTIVE,"[{""term_id"":""HALLMARK_IL6_JAK_STAT3_SIGNALING"",""NES"":1.1960700897059,""FDR"":0.3408672436436289,""leading_edge_n"":18,""qualified"":false}]"
EXP001_vs_sensitivity,I,I114,sensitivity,0.5,1,HALLMARK_IL6_JAK_STAT3_SIGNALING,1,POSITIVE,"[{""term_id"":""HALLMARK_IL6_JAK_STAT3_SIGNALING"",""NES"":1.8026124360468967,""FDR"":0.032955331552263,""leading_edge_n"":26,""qualified"":true}]"
EXP001_vs_sensitivity,I,I115,EXP001,0.5,1,HALLMARK_INFLAMMATORY_RESPONSE,0,INACTIVE,"[{""term_id"":""HALLMARK_INFLAMMATORY_RESPONSE"",""NES"":1.359436488819172,""FDR"":0.1762763711577287,""leading_edge_n"":31,""qualified"":false}]"
EXP001_vs_sensitivity,I,I115,sensitivity,0.5,1,HALLMARK_INFLAMMATORY_RESPONSE,1,POSITIVE,"[{""term_id"":""HALLMARK_INFLAMMATORY_RESPONSE"",""NES"":2.0412198653285336,""FDR"":0.0067646998989305,""leading_edge_n"":47,""qualified"":true}]"
EXP001_vs_sensitivity,I,I116,EXP001,0.5,1,HALLMARK_INTERFERON_ALPHA_RESPONSE,0,INACTIVE,"[{""term_id"":""HALLMARK_INTERFERON_ALPHA_RESPONSE"",""NES"":-0.8502009199061445,""FDR"":0.8017197680698256,""leading_edge_n"":33,""qualified"":false}]"
EXP001_vs_sensitivity,I,I116,sensitivity,0.5,1,HALLMARK_INTERFERON_ALPHA_RESPONSE,1,POSITIVE,"[{""term_id"":""HALLMARK_INTERFERON_ALPHA_RESPONSE"",""NES"":1.8313342302092832,""FDR"":0.0277245283773518,""leading_edge_n"":47,""qualified"":true}]"
EXP001_vs_sensitivity,I,I117,EXP001,0.5,1,HALLMARK_INTERFERON_GAMMA_RESPONSE,0,INACTIVE,"[{""term_id"":""HALLMARK_INTERFERON_GAMMA_RESPONSE"",""NES"":-1.0262645071416,""FDR"":0.5279274953267541,""leading_edge_n"":34,""qualified"":false}]"
EXP001_vs_sensitivity,I,I117,sensitivity,0.5,1,HALLMARK_INTERFERON_GAMMA_RESPONSE,1,POSITIVE,"[{""term_id"":""HALLMARK_INTERFERON_GAMMA_RESPONSE"",""NES"":2.2564434642460607,""FDR"":0.0007448179940532,""leading_edge_n"":66,""qualified"":true}]"
EXP001_vs_sensitivity,I,I118,EXP001,0.5,1,HALLMARK_TNFA_SIGNALING_VIA_NFKB,0,INACTIVE,"[{""term_id"":""HALLMARK_TNFA_SIGNALING_VIA_NFKB"",""NES"":-1.310947273645024,""FDR"":0.2325542759187981,""leading_edge_n"":63,""qualified"":false}]"
EXP001_vs_sensitivity,I,I118,sensitivity,0.5,1,HALLMARK_TNFA_SIGNALING_VIA_NFKB,1,POSITIVE,"[{""term_id"":""HALLMARK_TNFA_SIGNALING_VIA_NFKB"",""NES"":2.853691154316958,""FDR"":0.0,""leading_edge_n"":89,""qualified"":true}]"
EXP001_vs_sensitivity,I,I119,EXP001,0.5,1,REACTOME_ADORA2B_MEDIATED_ANTI_INFLAMMATORY_CYTOKINES_PRODUCTION,0,INACTIVE,"[{""term_id"":""REACTOME_ADORA2B_MEDIATED_ANTI_INFLAMMATORY_CYTOKINES_PRODUCTION"",""NES"":0.863587418643777,""FDR"":0.808114684346159,""leading_edge_n"":8,""qualified"":false}]"
EXP001_vs_sensitivity,I,I119,sensitivity,0.5,1,REACTOME_ADORA2B_MEDIATED_ANTI_INFLAMMATORY_CYTOKINES_PRODUCTION,0,INACTIVE,"[{""term_id"":""REACTOME_ADORA2B_MEDIATED_ANTI_INFLAMMATORY_CYTOKINES_PRODUCTION"",""NES"":-0.8616694039206378,""FDR"":0.8810691214844188,""leading_edge_n"":14,""qualified"":false}]"
EXP001_vs_sensitivity,I,I120,EXP001,0.5,1,REACTOME_ANTI_INFLAMMATORY_RESPONSE_FAVOURING_LEISHMANIA_PARASITE_INFECTION,0,INACTIVE,"[{""term_id"":""REACTOME_ANTI_INFLAMMATORY_RESPONSE_FAVOURING_LEISHMANIA_PARASITE_INFECTION"",""NES"":1.0349808610767284,""FDR"":0.5590334844674173,""leading_edge_n"":13,""qualified"":false}]"
EXP001_vs_sensitivity,I,I120,sensitivity,0.5,1,REACTOME_ANTI_INFLAMMATORY_RESPONSE_FAVOURING_LEISHMANIA_PARASITE_INFECTION,0,INACTIVE,"[{""term_id"":""REACTOME_ANTI_INFLAMMATORY_RESPONSE_FAVOURING_LEISHMANIA_PARASITE_INFECTION"",""NES"":0.8046693908852248,""FDR"":0.879459772261481,""leading_edge_n"":18,""qualified"":false}]"
EXP001_vs_sensitivity,I,I121,EXP001,0.5,1,REACTOME_DDX58_IFIH1_MEDIATED_INDUCTION_OF_INTERFERON_ALPHA_BETA,0,INACTIVE,"[{""term_id"":""REACTOME_DDX58_IFIH1_MEDIATED_INDUCTION_OF_INTERFERON_ALPHA_BETA"",""NES"":0.8200981386104824,""FDR"":0.858229563245866,""leading_edge_n"":16,""qualified"":false}]"
EXP001_vs_sensitivity,I,I121,sensitivity,0.5,1,REACTOME_DDX58_IFIH1_MEDIATED_INDUCTION_OF_INTERFERON_ALPHA_BETA,0,INACTIVE,"[{""term_id"":""REACTOME_DDX58_IFIH1_MEDIATED_INDUCTION_OF_INTERFERON_ALPHA_BETA"",""NES"":0.8602812576183374,""FDR"":0.8153178311725828,""leading_edge_n"":14,""qualified"":false}]"
EXP001_vs_sensitivity,I,I122,EXP001,0.5,1,REACTOME_DENGUE_VIRUS_ACTIVATES_MODULATES_INNATE_AND_ADAPTIVE_IMMUNE_RESPONSES,0,INACTIVE,"[{""term_id"":""REACTOME_DENGUE_VIRUS_ACTIVATES_MODULATES_INNATE_AND_ADAPTIVE_IMMUNE_RESPONSES"",""NES"":-0.7371140901684543,""FDR"":0.9232849378520606,""leading_edge_n"":3,""qualified"":false}]"
EXP001_vs_sensitivity,I,I122,sensitivity,0.5,1,REACTOME_DENGUE_VIRUS_ACTIVATES_MODULATES_INNATE_AND_ADAPTIVE_IMMUNE_RESPONSES,0,INACTIVE,"[{""term_id"":""REACTOME_DENGUE_VIRUS_ACTIVATES_MODULATES_INNATE_AND_ADAPTIVE_IMMUNE_RESPONSES"",""NES"":1.2684759973958015,""FDR"":0.2882757662339126,""leading_edge_n"":12,""qualified"":false}]"
EXP001_vs_sensitivity,I,I123,EXP001,0.5,1,REACTOME_DISEASES_OF_IMMUNE_SYSTEM,0,INACTIVE,"[{""term_id"":""REACTOME_DISEASES_OF_IMMUNE_SYSTEM"",""NES"":0.9010411370261796,""FDR"":0.753055836891724,""leading_edge_n"":2,""qualified"":false}]"
EXP001_vs_sensitivity,I,I123,sensitivity,0.5,1,REACTOME_DISEASES_OF_IMMUNE_SYSTEM,0,INACTIVE,"[{""term_id"":""REACTOME_DISEASES_OF_IMMUNE_SYSTEM"",""NES"":1.1976806329933165,""FDR"":0.3571209761278606,""leading_edge_n"":14,""qualified"":false}]"
EXP001_vs_sensitivity,I,I124,EXP001,0.5,1,REACTOME_EVASION_BY_RSV_OF_HOST_INTERFERON_RESPONSES,0,INACTIVE,"[{""term_id"":""REACTOME_EVASION_BY_RSV_OF_HOST_INTERFERON_RESPONSES"",""NES"":0.6523341510884245,""FDR"":0.973563967899164,""leading_edge_n"":8,""qualified"":false}]"
EXP001_vs_sensitivity,I,I124,sensitivity,0.5,1,REACTOME_EVASION_BY_RSV_OF_HOST_INTERFERON_RESPONSES,0,INACTIVE,"[{""term_id"":""REACTOME_EVASION_BY_RSV_OF_HOST_INTERFERON_RESPONSES"",""NES"":1.153079169769274,""FDR"":0.4051728134539955,""leading_edge_n"":14,""qualified"":false}]"
EXP001_vs_sensitivity,I,I125,EXP001,0.5,3,REACTOME_GENE_AND_PROTEIN_EXPRESSION_BY_JAK_STAT_SIGNALING_AFTER_INTERLEUKIN_12_STIMULATION;REACTOME_INTERLEUKIN_12_FAMILY_SIGNALING;REACTOME_INTERLEUKIN_12_SIGNALING,2,POSITIVE,"[{""term_id"":""REACTOME_GENE_AND_PROTEIN_EXPRESSION_BY_JAK_STAT_SIGNALING_AFTER_INTERLEUKIN_12_STIMULATION"",""NES"":1.8497170903601687,""FDR"":0.0035943134762032,""leading_edge_n"":15,""qualified"":true},{""term_id"":""REACTOME_INTERLEUKIN_12_FAMILY_SIGNALING"",""NES"":1.4190844614966474,""FDR"":0.1304159762840424,""leading_edge_n"":16,""qualified"":false},{""term_id"":""REACTOME_INTERLEUKIN_12_SIGNALING"",""NES"":1.6295233687677817,""FDR"":0.0333236444707022,""leading_edge_n"":15,""qualified"":true}]"
EXP001_vs_sensitivity,I,I125,sensitivity,0.5,3,REACTOME_GENE_AND_PROTEIN_EXPRESSION_BY_JAK_STAT_SIGNALING_AFTER_INTERLEUKIN_12_STIMULATION;REACTOME_INTERLEUKIN_12_FAMILY_SIGNALING;REACTOME_INTERLEUKIN_12_SIGNALING,0,INACTIVE,"[{""term_id"":""REACTOME_GENE_AND_PROTEIN_EXPRESSION_BY_JAK_STAT_SIGNALING_AFTER_INTERLEUKIN_12_STIMULATION"",""NES"":1.3117960620207887,""FDR"":0.2509662488018548,""leading_edge_n"":8,""qualified"":false},{""term_id"":""REACTOME_INTERLEUKIN_12_FAMILY_SIGNALING"",""NES"":1.5475726955967288,""FDR"":0.1084454999341508,""leading_edge_n"":11,""qualified"":false},{""term_id"":""REACTOME_INTERLEUKIN_12_SIGNALING"",""NES"":1.2329587996346318,""FDR"":0.3209663961565311,""leading_edge_n"":8,""qualified"":false}]"
EXP001_vs_sensitivity,I,I126,EXP001,0.5,1,REACTOME_IMMUNOREGULATORY_INTERACTIONS_BETWEEN_A_LYMPHOID_AND_A_NON_LYMPHOID_CELL,0,INACTIVE,"[{""term_id"":""REACTOME_IMMUNOREGULATORY_INTERACTIONS_BETWEEN_A_LYMPHOID_AND_A_NON_LYMPHOID_CELL"",""NES"":-1.5216069947769653,""FDR"":0.1228532026477966,""leading_edge_n"":16,""qualified"":false}]"
EXP001_vs_sensitivity,I,I126,sensitivity,0.5,1,REACTOME_IMMUNOREGULATORY_INTERACTIONS_BETWEEN_A_LYMPHOID_AND_A_NON_LYMPHOID_CELL,0,INACTIVE,"[{""term_id"":""REACTOME_IMMUNOREGULATORY_INTERACTIONS_BETWEEN_A_LYMPHOID_AND_A_NON_LYMPHOID_CELL"",""NES"":1.098182876031448,""FDR"":0.4714643043241262,""leading_edge_n"":14,""qualified"":false}]"
EXP001_vs_sensitivity,I,I127,EXP001,0.5,1,REACTOME_INFLAMMASOMES,0,INACTIVE,"[{""term_id"":""REACTOME_INFLAMMASOMES"",""NES"":-1.1979286554050104,""FDR"":0.329125516070026,""leading_edge_n"":6,""qualified"":false}]"
EXP001_vs_sensitivity,I,I127,sensitivity,0.5,1,REACTOME_INFLAMMASOMES,1,NEGATIVE,"[{""term_id"":""REACTOME_INFLAMMASOMES"",""NES"":-1.8856139934553515,""FDR"":0.0295771085829039,""leading_edge_n"":7,""qualified"":true}]"
EXP001_vs_sensitivity,I,I128,EXP001,0.5,1,REACTOME_INTERFERON_ALPHA_BETA_SIGNALING,0,INACTIVE,"[{""term_id"":""REACTOME_INTERFERON_ALPHA_BETA_SIGNALING"",""NES"":-1.005005247935985,""FDR"":0.5604622988596206,""leading_edge_n"":23,""qualified"":false}]"
EXP001_vs_sensitivity,I,I128,sensitivity,0.5,1,REACTOME_INTERFERON_ALPHA_BETA_SIGNALING,1,POSITIVE,"[{""term_id"":""REACTOME_INTERFERON_ALPHA_BETA_SIGNALING"",""NES"":2.0595499604638308,""FDR"":0.0054972373238509,""leading_edge_n"":33,""qualified"":true}]"
EXP001_vs_sensitivity,I,I129,EXP001,0.5,1,REACTOME_INTERFERON_GAMMA_SIGNALING,0,INACTIVE,"[{""term_id"":""REACTOME_INTERFERON_GAMMA_SIGNALING"",""NES"":-1.1062079658441302,""FDR"":0.420986238790995,""leading_edge_n"":17,""qualified"":false}]"
EXP001_vs_sensitivity,I,I129,sensitivity,0.5,1,REACTOME_INTERFERON_GAMMA_SIGNALING,0,INACTIVE,"[{""term_id"":""REACTOME_INTERFERON_GAMMA_SIGNALING"",""NES"":1.281908699746403,""FDR"":0.2773803457708821,""leading_edge_n"":22,""qualified"":false}]"
EXP001_vs_sensitivity,I,I130,EXP001,0.5,1,REACTOME_INTERFERON_SIGNALING,0,INACTIVE,"[{""term_id"":""REACTOME_INTERFERON_SIGNALING"",""NES"":1.3552909811423657,""FDR"":0.1803682468364418,""leading_edge_n"":78,""qualified"":false}]"
EXP001_vs_sensitivity,I,I130,sensitivity,0.5,1,REACTOME_INTERFERON_SIGNALING,0,INACTIVE,"[{""term_id"":""REACTOME_INTERFERON_SIGNALING"",""NES"":1.716432090004924,""FDR"":0.0501804903589314,""leading_edge_n"":78,""qualified"":false}]"
EXP001_vs_sensitivity,I,I131,EXP001,0.5,1,REACTOME_INTERLEUKIN_10_SIGNALING,0,INACTIVE,"[{""term_id"":""REACTOME_INTERLEUKIN_10_SIGNALING"",""NES"":1.4581098740873613,""FDR"":0.1036551365209545,""leading_edge_n"":9,""qualified"":false}]"
EXP001_vs_sensitivity,I,I131,sensitivity,0.5,1,REACTOME_INTERLEUKIN_10_SIGNALING,1,POSITIVE,"[{""term_id"":""REACTOME_INTERLEUKIN_10_SIGNALING"",""NES"":1.954977816397653,""FDR"":0.0120660515036623,""leading_edge_n"":11,""qualified"":true}]"
EXP001_vs_sensitivity,I,I132,EXP001,0.5,4,REACTOME_INTERLEUKIN_17_SIGNALING;REACTOME_TOLL_LIKE_RECEPTOR_9_TLR9_CASCADE;REACTOME_TOLL_LIKE_RECEPTOR_CASCADES;REACTOME_TOLL_LIKE_RECEPTOR_TLR1_TLR2_CASCADE,0,INACTIVE,"[{""term_id"":""REACTOME_INTERLEUKIN_17_SIGNALING"",""NES"":-0.8800671480259198,""FDR"":0.7593833343184858,""leading_edge_n"":6,""qualified"":false},{""term_id"":""REACTOME_TOLL_LIKE_RECEPTOR_9_TLR9_CASCADE"",""NES"":0.8125516869321168,""FDR"":0.8652659913988463,""leading_edge_n"":28,""qualified"":false},{""term_id"":""REACTOME_TOLL_LIKE_RECEPTOR_CASCADES"",""NES"":-0.8271148401355664,""FDR"":0.8337125854791189,""leading_edge_n"":20,""qualified"":false},{""term_id"":""REACTOME_TOLL_LIKE_RECEPTOR_TLR1_TLR2_CASCADE"",""NES"":0.8621458518081817,""FDR"":0.8106039777397603,""leading_edge_n"":29,""qualified"":false}]"
EXP001_vs_sensitivity,I,I132,sensitivity,0.5,4,REACTOME_INTERLEUKIN_17_SIGNALING;REACTOME_TOLL_LIKE_RECEPTOR_9_TLR9_CASCADE;REACTOME_TOLL_LIKE_RECEPTOR_CASCADES;REACTOME_TOLL_LIKE_RECEPTOR_TLR1_TLR2_CASCADE,0,INACTIVE,"[{""term_id"":""REACTOME_INTERLEUKIN_17_SIGNALING"",""NES"":1.6944967470715309,""FDR"":0.0576364190185297,""leading_edge_n"":26,""qualified"":false},{""term_id"":""REACTOME_TOLL_LIKE_RECEPTOR_9_TLR9_CASCADE"",""NES"":1.6374927726051447,""FDR"":0.0742393684503962,""leading_edge_n"":33,""qualified"":false},{""term_id"":""REACTOME_TOLL_LIKE_RECEPTOR_CASCADES"",""NES"":1.2537202588711736,""FDR"":0.3004138966307726,""leading_edge_n"":41,""qualified"":false},{""term_id"":""REACTOME_TOLL_LIKE_RECEPTOR_TLR1_TLR2_CASCADE"",""NES"":1.579035454243262,""FDR"":0.0962702468754609,""leading_edge_n"":35,""qualified"":false}]"
EXP001_vs_sensitivity,I,I133,EXP001,0.5,2,REACTOME_INTERLEUKIN_1_FAMILY_SIGNALING;REACTOME_INTERLEUKIN_1_SIGNALING,0,INACTIVE,"[{""term_id"":""REACTOME_INTERLEUKIN_1_FAMILY_SIGNALING"",""NES"":1.5277254581715711,""FDR"":0.069918951132297,""leading_edge_n"":54,""qualified"":false},{""term_id"":""REACTOME_INTERLEUKIN_1_SIGNALING"",""NES"":1.5241304914580365,""FDR"":0.0714608755804303,""leading_edge_n"":48,""qualified"":false}]"
EXP001_vs_sensitivity,I,I133,sensitivity,0.5,2,REACTOME_INTERLEUKIN_1_FAMILY_SIGNALING;REACTOME_INTERLEUKIN_1_SIGNALING,0,INACTIVE,"[{""term_id"":""REACTOME_INTERLEUKIN_1_FAMILY_SIGNALING"",""NES"":1.589400247245486,""FDR"":0.0923008551887092,""leading_edge_n"":57,""qualified"":false},{""term_id"":""REACTOME_INTERLEUKIN_1_SIGNALING"",""NES"":1.648950641310964,""FDR"":0.0708401230624511,""leading_edge_n"":45,""qualified"":false}]"
EXP001_vs_sensitivity,I,I134,EXP001,0.5,3,REACTOME_INTERLEUKIN_2_FAMILY_SIGNALING;REACTOME_INTERLEUKIN_3_INTERLEUKIN_5_AND_GM_CSF_SIGNALING;REACTOME_INTERLEUKIN_RECEPTOR_SHC_SIGNALING,0,INACTIVE,"[{""term_id"":""REACTOME_INTERLEUKIN_2_FAMILY_SIGNALING"",""NES"":-1.1592881203106271,""FDR"":0.3631368783736192,""leading_edge_n"":9,""qualified"":false},{""term_id"":""REACTOME_INTERLEUKIN_3_INTERLEUKIN_5_AND_GM_CSF_SIGNALING"",""NES"":-1.022675863397137,""FDR"":0.5335955018975167,""leading_edge_n"":8,""qualified"":false},{""term_id"":""REACTOME_INTERLEUKIN_RECEPTOR_SHC_SIGNALING"",""NES"":-0.8363948125972761,""FDR"":0.821076768600926,""leading_edge_n"":5,""qualified"":false}]"
EXP001_vs_sensitivity,I,I134,sensitivity,0.5,3,REACTOME_INTERLEUKIN_2_FAMILY_SIGNALING;REACTOME_INTERLEUKIN_3_INTERLEUKIN_5_AND_GM_CSF_SIGNALING;REACTOME_INTERLEUKIN_RECEPTOR_SHC_SIGNALING,0,INACTIVE,"[{""term_id"":""REACTOME_INTERLEUKIN_2_FAMILY_SIGNALING"",""NES"":1.0494729769012234,""FDR"":0.5344736875188691,""leading_edge_n"":3,""qualified"":false},{""term_id"":""REACTOME_INTERLEUKIN_3_INTERLEUKIN_5_AND_GM_CSF_SIGNALING"",""NES"":-0.866496493781851,""FDR"":0.8766962398401665,""leading_edge_n"":10,""qualified"":false},{""term_id"":""REACTOME_INTERLEUKIN_RECEPTOR_SHC_SIGNALING"",""NES"":-0.7621585838249577,""FDR"":0.9539093553432396,""leading_edge_n"":4,""qualified"":false}]"
EXP001_vs_sensitivity,I,I135,EXP001,0.5,1,REACTOME_INTERLEUKIN_37_SIGNALING,0,INACTIVE,"[{""term_id"":""REACTOME_INTERLEUKIN_37_SIGNALING"",""NES"":0.9285737398589716,""FDR"":0.7118451031946362,""leading_edge_n"":3,""qualified"":false}]"
EXP001_vs_sensitivity,I,I135,sensitivity,0.5,1,REACTOME_INTERLEUKIN_37_SIGNALING,0,INACTIVE,"[{""term_id"":""REACTOME_INTERLEUKIN_37_SIGNALING"",""NES"":0.8659421650740244,""FDR"":0.8077738942586219,""leading_edge_n"":3,""qualified"":false}]"
EXP001_vs_sensitivity,I,I136,EXP001,0.5,1,REACTOME_INTERLEUKIN_4_AND_INTERLEUKIN_13_SIGNALING,0,INACTIVE,"[{""term_id"":""REACTOME_INTERLEUKIN_4_AND_INTERLEUKIN_13_SIGNALING"",""NES"":1.3514380466396938,""FDR"":0.1831970279034732,""leading_edge_n"":15,""qualified"":false}]"
EXP001_vs_sensitivity,I,I136,sensitivity,0.5,1,REACTOME_INTERLEUKIN_4_AND_INTERLEUKIN_13_SIGNALING,1,POSITIVE,"[{""term_id"":""REACTOME_INTERLEUKIN_4_AND_INTERLEUKIN_13_SIGNALING"",""NES"":1.8102810455481693,""FDR"":0.0318523783075343,""leading_edge_n"":24,""qualified"":true}]"
EXP001_vs_sensitivity,I,I137,EXP001,0.5,1,REACTOME_INTERLEUKIN_6_FAMILY_SIGNALING,0,INACTIVE,"[{""term_id"":""REACTOME_INTERLEUKIN_6_FAMILY_SIGNALING"",""NES"":-1.067874505207451,""FDR"":0.4705262177507842,""leading_edge_n"":8,""qualified"":false}]"
EXP001_vs_sensitivity,I,I137,sensitivity,0.5,1,REACTOME_INTERLEUKIN_6_FAMILY_SIGNALING,1,POSITIVE,"[{""term_id"":""REACTOME_INTERLEUKIN_6_FAMILY_SIGNALING"",""NES"":2.0281092129719687,""FDR"":0.0074079195084213,""leading_edge_n"":12,""qualified"":true}]"
EXP001_vs_sensitivity,I,I138,EXP001,0.5,1,REACTOME_INTERLEUKIN_7_SIGNALING,0,INACTIVE,"[{""term_id"":""REACTOME_INTERLEUKIN_7_SIGNALING"",""NES"":1.2818086202104793,""FDR"":0.2484368930335622,""leading_edge_n"":4,""qualified"":false}]"
EXP001_vs_sensitivity,I,I138,sensitivity,0.5,1,REACTOME_INTERLEUKIN_7_SIGNALING,0,INACTIVE,"[{""term_id"":""REACTOME_INTERLEUKIN_7_SIGNALING"",""NES"":1.3853476107641862,""FDR"":0.1953048983890611,""leading_edge_n"":17,""qualified"":false}]"
EXP001_vs_sensitivity,I,I139,EXP001,0.5,1,REACTOME_NEUTROPHIL_DEGRANULATION,0,INACTIVE,"[{""term_id"":""REACTOME_NEUTROPHIL_DEGRANULATION"",""NES"":-1.088770031975443,""FDR"":0.4442669353644494,""leading_edge_n"":70,""qualified"":false}]"
EXP001_vs_sensitivity,I,I139,sensitivity,0.5,1,REACTOME_NEUTROPHIL_DEGRANULATION,0,INACTIVE,"[{""term_id"":""REACTOME_NEUTROPHIL_DEGRANULATION"",""NES"":-1.4869083917656858,""FDR"":0.252297545412563,""leading_edge_n"":109,""qualified"":false}]"
EXP001_vs_sensitivity,I,I140,EXP001,0.5,1,REACTOME_OTHER_INTERLEUKIN_SIGNALING,0,INACTIVE,"[{""term_id"":""REACTOME_OTHER_INTERLEUKIN_SIGNALING"",""NES"":-0.9882699096708484,""FDR"":0.5875789338761074,""leading_edge_n"":3,""qualified"":false}]"
EXP001_vs_sensitivity,I,I140,sensitivity,0.5,1,REACTOME_OTHER_INTERLEUKIN_SIGNALING,0,INACTIVE,"[{""term_id"":""REACTOME_OTHER_INTERLEUKIN_SIGNALING"",""NES"":1.2593143949168626,""FDR"":0.2960051127314195,""leading_edge_n"":7,""qualified"":false}]"
EXP001_vs_sensitivity,I,I141,EXP001,0.5,1,REACTOME_RIP_MEDIATED_NFKB_ACTIVATION_VIA_ZBP1,0,INACTIVE,"[{""term_id"":""REACTOME_RIP_MEDIATED_NFKB_ACTIVATION_VIA_ZBP1"",""NES"":-0.7125729589418263,""FDR"":0.9398189340126352,""leading_edge_n"":7,""qualified"":false}]"
EXP001_vs_sensitivity,I,I141,sensitivity,0.5,1,REACTOME_RIP_MEDIATED_NFKB_ACTIVATION_VIA_ZBP1,1,POSITIVE,"[{""term_id"":""REACTOME_RIP_MEDIATED_NFKB_ACTIVATION_VIA_ZBP1"",""NES"":1.824292059045096,""FDR"":0.0295228989039063,""leading_edge_n"":9,""qualified"":true}]"
EXP001_vs_sensitivity,I,I142,EXP001,0.5,1,REACTOME_SARS_COV_1_ACTIVATES_MODULATES_INNATE_IMMUNE_RESPONSES,0,INACTIVE,"[{""term_id"":""REACTOME_SARS_COV_1_ACTIVATES_MODULATES_INNATE_IMMUNE_RESPONSES"",""NES"":1.1036693713526826,""FDR"":0.4623596958061741,""leading_edge_n"":14,""qualified"":false}]"
EXP001_vs_sensitivity,I,I142,sensitivity,0.5,1,REACTOME_SARS_COV_1_ACTIVATES_MODULATES_INNATE_IMMUNE_RESPONSES,0,INACTIVE,"[{""term_id"":""REACTOME_SARS_COV_1_ACTIVATES_MODULATES_INNATE_IMMUNE_RESPONSES"",""NES"":1.2532518209423904,""FDR"":0.300823954474863,""leading_edge_n"":9,""qualified"":false}]"
EXP001_vs_sensitivity,I,I143,EXP001,0.5,1,REACTOME_SARS_COV_2_ACTIVATES_MODULATES_INNATE_AND_ADAPTIVE_IMMUNE_RESPONSES,0,INACTIVE,"[{""term_id"":""REACTOME_SARS_COV_2_ACTIVATES_MODULATES_INNATE_AND_ADAPTIVE_IMMUNE_RESPONSES"",""NES"":1.4111282881275775,""FDR"":0.1355123906489129,""leading_edge_n"":33,""qualified"":false}]"
EXP001_vs_sensitivity,I,I143,sensitivity,0.5,1,REACTOME_SARS_COV_2_ACTIVATES_MODULATES_INNATE_AND_ADAPTIVE_IMMUNE_RESPONSES,0,INACTIVE,"[{""term_id"":""REACTOME_SARS_COV_2_ACTIVATES_MODULATES_INNATE_AND_ADAPTIVE_IMMUNE_RESPONSES"",""NES"":1.662770989689942,""FDR"":0.0671963528080295,""leading_edge_n"":53,""qualified"":false}]"
EXP001_vs_sensitivity,I,I144,EXP001,0.5,1,REACTOME_SIGNALING_BY_INTERLEUKINS,0,INACTIVE,"[{""term_id"":""REACTOME_SIGNALING_BY_INTERLEUKINS"",""NES"":1.4303520748331795,""FDR"":0.1217943143917131,""leading_edge_n"":92,""qualified"":false}]"
EXP001_vs_sensitivity,I,I144,sensitivity,0.5,1,REACTOME_SIGNALING_BY_INTERLEUKINS,1,POSITIVE,"[{""term_id"":""REACTOME_SIGNALING_BY_INTERLEUKINS"",""NES"":1.8823314795711883,""FDR"":0.0195981017057099,""leading_edge_n"":116,""qualified"":true}]"
EXP001_vs_sensitivity,I,I145,EXP001,0.5,3,REACTOME_TNFR1_INDUCED_NF_KAPPA_B_SIGNALING_PATHWAY;REACTOME_TNFR1_INDUCED_PROAPOPTOTIC_SIGNALING;REACTOME_TNF_SIGNALING,0,INACTIVE,"[{""term_id"":""REACTOME_TNFR1_INDUCED_NF_KAPPA_B_SIGNALING_PATHWAY"",""NES"":-1.0718391928286974,""FDR"":0.4665174997534093,""leading_edge_n"":12,""qualified"":false},{""term_id"":""REACTOME_TNFR1_INDUCED_PROAPOPTOTIC_SIGNALING"",""NES"":-1.28491045720027,""FDR"":0.25333257630279,""leading_edge_n"":7,""qualified"":false},{""term_id"":""REACTOME_TNF_SIGNALING"",""NES"":-1.2278026837117966,""FDR"":0.2983450091173354,""leading_edge_n"":13,""qualified"":false}]"
EXP001_vs_sensitivity,I,I145,sensitivity,0.5,3,REACTOME_TNFR1_INDUCED_NF_KAPPA_B_SIGNALING_PATHWAY;REACTOME_TNFR1_INDUCED_PROAPOPTOTIC_SIGNALING;REACTOME_TNF_SIGNALING,0,INACTIVE,"[{""term_id"":""REACTOME_TNFR1_INDUCED_NF_KAPPA_B_SIGNALING_PATHWAY"",""NES"":0.8282888154110906,""FDR"":0.8559200362032557,""leading_edge_n"":11,""qualified"":false},{""term_id"":""REACTOME_TNFR1_INDUCED_PROAPOPTOTIC_SIGNALING"",""NES"":0.7834328512078937,""FDR"":0.8978839092316392,""leading_edge_n"":9,""qualified"":false},{""term_id"":""REACTOME_TNF_SIGNALING"",""NES"":-0.7579142356642292,""FDR"":0.9550391660253468,""leading_edge_n"":15,""qualified"":false}]"
EXP001_vs_sensitivity,I,I146,EXP001,0.5,1,REACTOME_TNFR2_NON_CANONICAL_NF_KB_PATHWAY,0,INACTIVE,"[{""term_id"":""REACTOME_TNFR2_NON_CANONICAL_NF_KB_PATHWAY"",""NES"":1.0995135668067395,""FDR"":0.469344663411525,""leading_edge_n"":31,""qualified"":false}]"
EXP001_vs_sensitivity,I,I146,sensitivity,0.5,1,REACTOME_TNFR2_NON_CANONICAL_NF_KB_PATHWAY,1,POSITIVE,"[{""term_id"":""REACTOME_TNFR2_NON_CANONICAL_NF_KB_PATHWAY"",""NES"":1.727748470517258,""FDR"":0.0490866210164482,""leading_edge_n"":38,""qualified"":true}]"
