comparison,axis,component_id,fit,source_overlap_jaccard_threshold,term_count,term_ids,qualified_term_count,direction,term_evidence_json
primary_vs_sensitivity,P,P001,primary,0.5,1,GOBP_ACTIVATED_T_CELL_PROLIFERATION,0,INACTIVE,"[{""term_id"":""GOBP_ACTIVATED_T_CELL_PROLIFERATION"",""NES"":1.0657997916501338,""FDR"":0.5143326546994554,""leading_edge_n"":5,""qualified"":false}]"
primary_vs_sensitivity,P,P001,sensitivity,0.5,1,GOBP_ACTIVATED_T_CELL_PROLIFERATION,0,INACTIVE,"[{""term_id"":""GOBP_ACTIVATED_T_CELL_PROLIFERATION"",""NES"":0.8866773910835452,""FDR"":0.77825938706824,""leading_edge_n"":6,""qualified"":false}]"
primary_vs_sensitivity,P,P002,primary,0.5,1,GOBP_ALPHA_BETA_T_CELL_PROLIFERATION,0,INACTIVE,"[{""term_id"":""GOBP_ALPHA_BETA_T_CELL_PROLIFERATION"",""NES"":1.1053748003533015,""FDR"":0.4609511805782517,""leading_edge_n"":5,""qualified"":false}]"
primary_vs_sensitivity,P,P002,sensitivity,0.5,1,GOBP_ALPHA_BETA_T_CELL_PROLIFERATION,0,INACTIVE,"[{""term_id"":""GOBP_ALPHA_BETA_T_CELL_PROLIFERATION"",""NES"":0.9545804842564783,""FDR"":0.672079653470925,""leading_edge_n"":6,""qualified"":false}]"
primary_vs_sensitivity,P,P003,primary,0.5,1,GOBP_ATTACHMENT_OF_MITOTIC_SPINDLE_MICROTUBULES_TO_KINETOCHORE,0,INACTIVE,"[{""term_id"":""GOBP_ATTACHMENT_OF_MITOTIC_SPINDLE_MICROTUBULES_TO_KINETOCHORE"",""NES"":-0.555303185918813,""FDR"":0.999174944487544,""leading_edge_n"":6,""qualified"":false}]"
primary_vs_sensitivity,P,P003,sensitivity,0.5,1,GOBP_ATTACHMENT_OF_MITOTIC_SPINDLE_MICROTUBULES_TO_KINETOCHORE,0,INACTIVE,"[{""term_id"":""GOBP_ATTACHMENT_OF_MITOTIC_SPINDLE_MICROTUBULES_TO_KINETOCHORE"",""NES"":0.6643476093776055,""FDR"":0.975583836838766,""leading_edge_n"":3,""qualified"":false}]"
primary_vs_sensitivity,P,P004,primary,0.5,1,GOBP_ATTACHMENT_OF_SPINDLE_MICROTUBULES_TO_KINETOCHORE,0,INACTIVE,"[{""term_id"":""GOBP_ATTACHMENT_OF_SPINDLE_MICROTUBULES_TO_KINETOCHORE"",""NES"":0.6756877092329168,""FDR"":0.9720444101013096,""leading_edge_n"":18,""qualified"":false}]"
primary_vs_sensitivity,P,P004,sensitivity,0.5,1,GOBP_ATTACHMENT_OF_SPINDLE_MICROTUBULES_TO_KINETOCHORE,0,INACTIVE,"[{""term_id"":""GOBP_ATTACHMENT_OF_SPINDLE_MICROTUBULES_TO_KINETOCHORE"",""NES"":0.6979647632353577,""FDR"":0.9604497672645927,""leading_edge_n"":5,""qualified"":false}]"
primary_vs_sensitivity,P,P005,primary,0.5,1,GOBP_BLOOD_VESSEL_ENDOTHELIAL_CELL_PROLIFERATION_INVOLVED_IN_SPROUTING_ANGIOGENESIS,0,INACTIVE,"[{""term_id"":""GOBP_BLOOD_VESSEL_ENDOTHELIAL_CELL_PROLIFERATION_INVOLVED_IN_SPROUTING_ANGIOGENESIS"",""NES"":1.5048150857331757,""FDR"":0.1216093800291623,""leading_edge_n"":8,""qualified"":false}]"
primary_vs_sensitivity,P,P005,sensitivity,0.5,1,GOBP_BLOOD_VESSEL_ENDOTHELIAL_CELL_PROLIFERATION_INVOLVED_IN_SPROUTING_ANGIOGENESIS,0,INACTIVE,"[{""term_id"":""GOBP_BLOOD_VESSEL_ENDOTHELIAL_CELL_PROLIFERATION_INVOLVED_IN_SPROUTING_ANGIOGENESIS"",""NES"":1.528740152244835,""FDR"":0.1157258924825751,""leading_edge_n"":6,""qualified"":false}]"
primary_vs_sensitivity,P,P006,primary,0.5,3,GOBP_B_CELL_PROLIFERATION;GOBP_POSITIVE_REGULATION_OF_B_CELL_PROLIFERATION;GOBP_REGULATION_OF_B_CELL_PROLIFERATION,0,INACTIVE,"[{""term_id"":""GOBP_B_CELL_PROLIFERATION"",""NES"":1.3202545961991548,""FDR"":0.2345831547540911,""leading_edge_n"":29,""qualified"":false},{""term_id"":""GOBP_POSITIVE_REGULATION_OF_B_CELL_PROLIFERATION"",""NES"":1.5523792658440436,""FDR"":0.1009891691740986,""leading_edge_n"":19,""qualified"":false},{""term_id"":""GOBP_REGULATION_OF_B_CELL_PROLIFERATION"",""NES"":1.4209710236262316,""FDR"":0.1665574747647139,""leading_edge_n"":23,""qualified"":false}]"
primary_vs_sensitivity,P,P006,sensitivity,0.5,3,GOBP_B_CELL_PROLIFERATION;GOBP_POSITIVE_REGULATION_OF_B_CELL_PROLIFERATION;GOBP_REGULATION_OF_B_CELL_PROLIFERATION,0,INACTIVE,"[{""term_id"":""GOBP_B_CELL_PROLIFERATION"",""NES"":1.253238204740662,""FDR"":0.3006380774314524,""leading_edge_n"":25,""qualified"":false},{""term_id"":""GOBP_POSITIVE_REGULATION_OF_B_CELL_PROLIFERATION"",""NES"":1.3974170494429672,""FDR"":0.1875554391227021,""leading_edge_n"":17,""qualified"":false},{""term_id"":""GOBP_REGULATION_OF_B_CELL_PROLIFERATION"",""NES"":1.2975333229296275,""FDR"":0.2630426312089093,""leading_edge_n"":12,""qualified"":false}]"
primary_vs_sensitivity,P,P007,primary,0.5,4,GOBP_CARDIAC_MUSCLE_CELL_PROLIFERATION;GOBP_POSITIVE_REGULATION_OF_CARDIAC_MUSCLE_CELL_PROLIFERATION;GOBP_REGULATION_OF_CARDIAC_MUSCLE_CELL_PROLIFERATION;GOBP_STRIATED_MUSCLE_CELL_PROLIFERATION,0,INACTIVE,"[{""term_id"":""GOBP_CARDIAC_MUSCLE_CELL_PROLIFERATION"",""NES"":1.346881339364442,""FDR"":0.2150532618270599,""leading_edge_n"":16,""qualified"":false},{""term_id"":""GOBP_POSITIVE_REGULATION_OF_CARDIAC_MUSCLE_CELL_PROLIFERATION"",""NES"":1.1886894042924696,""FDR"":0.355827064982016,""leading_edge_n"":8,""qualified"":false},{""term_id"":""GOBP_REGULATION_OF_CARDIAC_MUSCLE_CELL_PROLIFERATION"",""NES"":1.4741731356088512,""FDR"":0.1370865077304161,""leading_edge_n"":11,""qualified"":false},{""term_id"":""GOBP_STRIATED_MUSCLE_CELL_PROLIFERATION"",""NES"":1.5341501414449823,""FDR"":0.1081181560245916,""leading_edge_n"":22,""qualified"":false}]"
primary_vs_sensitivity,P,P007,sensitivity,0.5,4,GOBP_CARDIAC_MUSCLE_CELL_PROLIFERATION;GOBP_POSITIVE_REGULATION_OF_CARDIAC_MUSCLE_CELL_PROLIFERATION;GOBP_REGULATION_OF_CARDIAC_MUSCLE_CELL_PROLIFERATION;GOBP_STRIATED_MUSCLE_CELL_PROLIFERATION,0,INACTIVE,"[{""term_id"":""GOBP_CARDIAC_MUSCLE_CELL_PROLIFERATION"",""NES"":1.2372570895700614,""FDR"":0.3160309478706039,""leading_edge_n"":13,""qualified"":false},{""term_id"":""GOBP_POSITIVE_REGULATION_OF_CARDIAC_MUSCLE_CELL_PROLIFERATION"",""NES"":0.961069950466616,""FDR"":0.6622388186540616,""leading_edge_n"":5,""qualified"":false},{""term_id"":""GOBP_REGULATION_OF_CARDIAC_MUSCLE_CELL_PROLIFERATION"",""NES"":1.3929239775392028,""FDR"":0.1901467556440375,""leading_edge_n"":8,""qualified"":false},{""term_id"":""GOBP_STRIATED_MUSCLE_CELL_PROLIFERATION"",""NES"":1.454815669047926,""FDR"":0.1518774547912006,""leading_edge_n"":18,""qualified"":false}]"
primary_vs_sensitivity,P,P008,primary,0.5,18,GOBP_CELL_CYCLE_CHECKPOINT_SIGNALING;GOBP_CELL_CYCLE_G1_S_PHASE_TRANSITION;GOBP_CELL_CYCLE_G2_M_PHASE_TRANSITION;GOBP_MITOTIC_CELL_CYCLE_CHECKPOINT_SIGNALING;GOBP_MITOTIC_CELL_CYCLE_PHASE_TRANSITION;GOBP_MITOTIC_DNA_INTEGRITY_CHECKPOINT_SIGNALING;GOBP_MITOTIC_G2_DNA_DAMAGE_CHECKPOINT_SIGNALING;GOBP_MITOTIC_G2_M_TRANSITION_CHECKPOINT;GOBP_NEGATIVE_REGULATION_OF_CELL_CYCLE;GOBP_NEGATIVE_REGULATION_OF_CELL_CYCLE_G2_M_PHASE_TRANSITION;GOBP_NEGATIVE_REGULATION_OF_CELL_CYCLE_PROCESS;GOBP_NEGATIVE_REGULATION_OF_MITOTIC_CELL_CYCLE;GOBP_NEGATIVE_REGULATION_OF_MITOTIC_CELL_CYCLE_PHASE_TRANSITION;GOBP_REGULATION_OF_CELL_CYCLE_G1_S_PHASE_TRANSITION;GOBP_REGULATION_OF_CELL_CYCLE_G2_M_PHASE_TRANSITION;GOBP_REGULATION_OF_CELL_CYCLE_PHASE_TRANSITION;GOBP_REGULATION_OF_MITOTIC_CELL_CYCLE;GOBP_REGULATION_OF_MITOTIC_CELL_CYCLE_PHASE_TRANSITION,0,INACTIVE,"[{""term_id"":""GOBP_CELL_CYCLE_CHECKPOINT_SIGNALING"",""NES"":1.013405964776871,""FDR"":0.5913209762687701,""leading_edge_n"":44,""qualified"":false},{""term_id"":""GOBP_CELL_CYCLE_G1_S_PHASE_TRANSITION"",""NES"":1.3615012876447006,""FDR"":0.2045555452309597,""leading_edge_n"":81,""qualified"":false},{""term_id"":""GOBP_CELL_CYCLE_G2_M_PHASE_TRANSITION"",""NES"":1.198398983970838,""FDR"":0.3462516018522915,""leading_edge_n"":42,""qualified"":false},{""term_id"":""GOBP_MITOTIC_CELL_CYCLE_CHECKPOINT_SIGNALING"",""NES"":0.7936405159268024,""FDR"":0.8983140830495653,""leading_edge_n"":31,""qualified"":false},{""term_id"":""GOBP_MITOTIC_CELL_CYCLE_PHASE_TRANSITION"",""NES"":1.3132376826930536,""FDR"":0.2399379801957636,""leading_edge_n"":115,""qualified"":false},{""term_id"":""GOBP_MITOTIC_DNA_INTEGRITY_CHECKPOINT_SIGNALING"",""NES"":0.8156141487683176,""FDR"":0.8754486435588998,""leading_edge_n"":27,""qualified"":false},{""term_id"":""GOBP_MITOTIC_G2_DNA_DAMAGE_CHECKPOINT_SIGNALING"",""NES"":0.771967405167708,""FDR"":0.9185626253820214,""leading_edge_n"":9,""qualified"":false},{""term_id"":""GOBP_MITOTIC_G2_M_TRANSITION_CHECKPOINT"",""NES"":0.874474400363257,""FDR"":0.7990269055376933,""leading_edge_n"":14,""qualified"":false},{""term_id"":""GOBP_NEGATIVE_REGULATION_OF_CELL_CYCLE"",""NES"":1.3048006785213684,""FDR"":0.2451830951171244,""leading_edge_n"":94,""qualified"":false},{""term_id"":""GOBP_NEGATIVE_REGULATION_OF_CELL_CYCLE_G2_M_PHASE_TRANSITION"",""NES"":0.9882709873122604,""FDR"":0.6280615855676577,""leading_edge_n"":19,""qualified"":false},{""term_id"":""GOBP_NEGATIVE_REGULATION_OF_CELL_CYCLE_PROCESS"",""NES"":1.1880094559291443,""FDR"":0.356148655566023,""leading_edge_n"":74,""qualified"":false},{""term_id"":""GOBP_NEGATIVE_REGULATION_OF_MITOTIC_CELL_CYCLE"",""NES"":0.984771669218256,""FDR"":0.6340761628845484,""leading_edge_n"":55,""qualified"":false},{""term_id"":""GOBP_NEGATIVE_REGULATION_OF_MITOTIC_CELL_CYCLE_PHASE_TRANSITION"",""NES"":1.011734170336688,""FDR"":0.5942893796977952,""leading_edge_n"":43,""qualified"":false},{""term_id"":""GOBP_REGULATION_OF_CELL_CYCLE_G1_S_PHASE_TRANSITION"",""NES"":1.2736400772940328,""FDR"":0.2715382069269916,""leading_edge_n"":61,""qualified"":false},{""term_id"":""GOBP_REGULATION_OF_CELL_CYCLE_G2_M_PHASE_TRANSITION"",""NES"":1.167302230167781,""FDR"":0.3791942915972155,""leading_edge_n"":32,""qualified"":false},{""term_id"":""GOBP_REGULATION_OF_CELL_CYCLE_PHASE_TRANSITION"",""NES"":1.2438514257067663,""FDR"":0.3025775299771093,""leading_edge_n"":110,""qualified"":false},{""term_id"":""GOBP_REGULATION_OF_MITOTIC_CELL_CYCLE"",""NES"":1.271554788041293,""FDR"":0.2733731364250428,""leading_edge_n"":131,""qualified"":false},{""term_id"":""GOBP_REGULATION_OF_MITOTIC_CELL_CYCLE_PHASE_TRANSITION"",""NES"":1.1649730199745725,""FDR"":0.3815437022096923,""leading_edge_n"":82,""qualified"":false}]"
primary_vs_sensitivity,P,P008,sensitivity,0.5,18,GOBP_CELL_CYCLE_CHECKPOINT_SIGNALING;GOBP_CELL_CYCLE_G1_S_PHASE_TRANSITION;GOBP_CELL_CYCLE_G2_M_PHASE_TRANSITION;GOBP_MITOTIC_CELL_CYCLE_CHECKPOINT_SIGNALING;GOBP_MITOTIC_CELL_CYCLE_PHASE_TRANSITION;GOBP_MITOTIC_DNA_INTEGRITY_CHECKPOINT_SIGNALING;GOBP_MITOTIC_G2_DNA_DAMAGE_CHECKPOINT_SIGNALING;GOBP_MITOTIC_G2_M_TRANSITION_CHECKPOINT;GOBP_NEGATIVE_REGULATION_OF_CELL_CYCLE;GOBP_NEGATIVE_REGULATION_OF_CELL_CYCLE_G2_M_PHASE_TRANSITION;GOBP_NEGATIVE_REGULATION_OF_CELL_CYCLE_PROCESS;GOBP_NEGATIVE_REGULATION_OF_MITOTIC_CELL_CYCLE;GOBP_NEGATIVE_REGULATION_OF_MITOTIC_CELL_CYCLE_PHASE_TRANSITION;GOBP_REGULATION_OF_CELL_CYCLE_G1_S_PHASE_TRANSITION;GOBP_REGULATION_OF_CELL_CYCLE_G2_M_PHASE_TRANSITION;GOBP_REGULATION_OF_CELL_CYCLE_PHASE_TRANSITION;GOBP_REGULATION_OF_MITOTIC_CELL_CYCLE;GOBP_REGULATION_OF_MITOTIC_CELL_CYCLE_PHASE_TRANSITION,0,INACTIVE,"[{""term_id"":""GOBP_CELL_CYCLE_CHECKPOINT_SIGNALING"",""NES"":0.7624405065666718,""FDR"":0.9177930320490164,""leading_edge_n"":37,""qualified"":false},{""term_id"":""GOBP_CELL_CYCLE_G1_S_PHASE_TRANSITION"",""NES"":1.3487574507547844,""FDR"":0.2221582495439959,""leading_edge_n"":79,""qualified"":false},{""term_id"":""GOBP_CELL_CYCLE_G2_M_PHASE_TRANSITION"",""NES"":1.030921284158216,""FDR"":0.5590887633120375,""leading_edge_n"":50,""qualified"":false},{""term_id"":""GOBP_MITOTIC_CELL_CYCLE_CHECKPOINT_SIGNALING"",""NES"":-0.724884535955945,""FDR"":0.9722157393282208,""leading_edge_n"":37,""qualified"":false},{""term_id"":""GOBP_MITOTIC_CELL_CYCLE_PHASE_TRANSITION"",""NES"":1.1715460258174666,""FDR"":0.3845367140552406,""leading_edge_n"":111,""qualified"":false},{""term_id"":""GOBP_MITOTIC_DNA_INTEGRITY_CHECKPOINT_SIGNALING"",""NES"":-0.6767479784517747,""FDR"":0.9874823863837584,""leading_edge_n"":17,""qualified"":false},{""term_id"":""GOBP_MITOTIC_G2_DNA_DAMAGE_CHECKPOINT_SIGNALING"",""NES"":-0.6170262627946439,""FDR"":0.9923543602506693,""leading_edge_n"":9,""qualified"":false},{""term_id"":""GOBP_MITOTIC_G2_M_TRANSITION_CHECKPOINT"",""NES"":0.5441588902558685,""FDR"":0.995897619619428,""leading_edge_n"":15,""qualified"":false},{""term_id"":""GOBP_NEGATIVE_REGULATION_OF_CELL_CYCLE"",""NES"":1.2378903189239618,""FDR"":0.3151737660299102,""leading_edge_n"":83,""qualified"":false},{""term_id"":""GOBP_NEGATIVE_REGULATION_OF_CELL_CYCLE_G2_M_PHASE_TRANSITION"",""NES"":0.7936231588600821,""FDR"":0.889639828183659,""leading_edge_n"":22,""qualified"":false},{""term_id"":""GOBP_NEGATIVE_REGULATION_OF_CELL_CYCLE_PROCESS"",""NES"":1.031488097131385,""FDR"":0.5587014431510814,""leading_edge_n"":60,""qualified"":false},{""term_id"":""GOBP_NEGATIVE_REGULATION_OF_MITOTIC_CELL_CYCLE"",""NES"":0.8805445557338241,""FDR"":0.7865013835135677,""leading_edge_n"":50,""qualified"":false},{""term_id"":""GOBP_NEGATIVE_REGULATION_OF_MITOTIC_CELL_CYCLE_PHASE_TRANSITION"",""NES"":0.8137977370187927,""FDR"":0.8695536892562087,""leading_edge_n"":37,""qualified"":false},{""term_id"":""GOBP_REGULATION_OF_CELL_CYCLE_G1_S_PHASE_TRANSITION"",""NES"":1.190390000383862,""FDR"":0.3653002516998397,""leading_edge_n"":57,""qualified"":false},{""term_id"":""GOBP_REGULATION_OF_CELL_CYCLE_G2_M_PHASE_TRANSITION"",""NES"":0.9697951612114984,""FDR"":0.6498260676324306,""leading_edge_n"":26,""qualified"":false},{""term_id"":""GOBP_REGULATION_OF_CELL_CYCLE_PHASE_TRANSITION"",""NES"":1.1048022514087532,""FDR"":0.4642745484864338,""leading_edge_n"":99,""qualified"":false},{""term_id"":""GOBP_REGULATION_OF_MITOTIC_CELL_CYCLE"",""NES"":1.1451954012142245,""FDR"":0.4139828213253892,""leading_edge_n"":128,""qualified"":false},{""term_id"":""GOBP_REGULATION_OF_MITOTIC_CELL_CYCLE_PHASE_TRANSITION"",""NES"":1.0037779382389649,""FDR"":0.5995092234033943,""leading_edge_n"":73,""qualified"":false}]"
primary_vs_sensitivity,P,P009,primary,0.5,1,GOBP_CELL_CYCLE_DNA_REPLICATION,0,INACTIVE,"[{""term_id"":""GOBP_CELL_CYCLE_DNA_REPLICATION"",""NES"":1.0394722728943913,""FDR"":0.5529299140799829,""leading_edge_n"":14,""qualified"":false}]"
primary_vs_sensitivity,P,P009,sensitivity,0.5,1,GOBP_CELL_CYCLE_DNA_REPLICATION,0,INACTIVE,"[{""term_id"":""GOBP_CELL_CYCLE_DNA_REPLICATION"",""NES"":1.016782135692641,""FDR"":0.5791058848615589,""leading_edge_n"":17,""qualified"":false}]"
primary_vs_sensitivity,P,P010,primary,0.5,1,GOBP_CELL_PROLIFERATION_INVOLVED_IN_HEART_MORPHOGENESIS,0,INACTIVE,"[{""term_id"":""GOBP_CELL_PROLIFERATION_INVOLVED_IN_HEART_MORPHOGENESIS"",""NES"":1.3645977626246528,""FDR"":0.2031346297604806,""leading_edge_n"":9,""qualified"":false}]"
primary_vs_sensitivity,P,P010,sensitivity,0.5,1,GOBP_CELL_PROLIFERATION_INVOLVED_IN_HEART_MORPHOGENESIS,0,INACTIVE,"[{""term_id"":""GOBP_CELL_PROLIFERATION_INVOLVED_IN_HEART_MORPHOGENESIS"",""NES"":1.166763882427052,""FDR"":0.3900058286771978,""leading_edge_n"":9,""qualified"":false}]"
primary_vs_sensitivity,P,P011,primary,0.5,1,GOBP_CELL_PROLIFERATION_INVOLVED_IN_KIDNEY_DEVELOPMENT,0,INACTIVE,"[{""term_id"":""GOBP_CELL_PROLIFERATION_INVOLVED_IN_KIDNEY_DEVELOPMENT"",""NES"":1.4144788907681545,""FDR"":0.1696744121580365,""leading_edge_n"":5,""qualified"":false}]"
primary_vs_sensitivity,P,P011,sensitivity,0.5,1,GOBP_CELL_PROLIFERATION_INVOLVED_IN_KIDNEY_DEVELOPMENT,0,INACTIVE,"[{""term_id"":""GOBP_CELL_PROLIFERATION_INVOLVED_IN_KIDNEY_DEVELOPMENT"",""NES"":1.3778230109161174,""FDR"":0.1992715297136517,""leading_edge_n"":5,""qualified"":false}]"
primary_vs_sensitivity,P,P012,primary,0.5,1,GOBP_CELL_PROLIFERATION_IN_FOREBRAIN,0,INACTIVE,"[{""term_id"":""GOBP_CELL_PROLIFERATION_IN_FOREBRAIN"",""NES"":-1.078475917237805,""FDR"":0.6425215882327767,""leading_edge_n"":5,""qualified"":false}]"
primary_vs_sensitivity,P,P012,sensitivity,0.5,1,GOBP_CELL_PROLIFERATION_IN_FOREBRAIN,0,INACTIVE,"[{""term_id"":""GOBP_CELL_PROLIFERATION_IN_FOREBRAIN"",""NES"":-1.022463243814857,""FDR"":0.6864781640522447,""leading_edge_n"":6,""qualified"":false}]"
primary_vs_sensitivity,P,P013,primary,0.5,4,GOBP_CHROMOSOME_ORGANIZATION_INVOLVED_IN_MEIOTIC_CELL_CYCLE;GOBP_HOMOLOGOUS_CHROMOSOME_PAIRING_AT_MEIOSIS;GOBP_HOMOLOGOUS_CHROMOSOME_SEGREGATION;GOBP_MEIOTIC_CHROMOSOME_SEGREGATION,0,INACTIVE,"[{""term_id"":""GOBP_CHROMOSOME_ORGANIZATION_INVOLVED_IN_MEIOTIC_CELL_CYCLE"",""NES"":-0.701900514275721,""FDR"":0.9982829402841462,""leading_edge_n"":7,""qualified"":false},{""term_id"":""GOBP_HOMOLOGOUS_CHROMOSOME_PAIRING_AT_MEIOSIS"",""NES"":-0.674054968105597,""FDR"":1.0,""leading_edge_n"":5,""qualified"":false},{""term_id"":""GOBP_HOMOLOGOUS_CHROMOSOME_SEGREGATION"",""NES"":0.6166673624663112,""FDR"":0.9889084890087542,""leading_edge_n"":15,""qualified"":false},{""term_id"":""GOBP_MEIOTIC_CHROMOSOME_SEGREGATION"",""NES"":0.7471541228886217,""FDR"":0.93764780127962,""leading_edge_n"":25,""qualified"":false}]"
primary_vs_sensitivity,P,P013,sensitivity,0.5,4,GOBP_CHROMOSOME_ORGANIZATION_INVOLVED_IN_MEIOTIC_CELL_CYCLE;GOBP_HOMOLOGOUS_CHROMOSOME_PAIRING_AT_MEIOSIS;GOBP_HOMOLOGOUS_CHROMOSOME_SEGREGATION;GOBP_MEIOTIC_CHROMOSOME_SEGREGATION,0,INACTIVE,"[{""term_id"":""GOBP_CHROMOSOME_ORGANIZATION_INVOLVED_IN_MEIOTIC_CELL_CYCLE"",""NES"":-0.8760290149208859,""FDR"":0.8643608157881281,""leading_edge_n"":9,""qualified"":false},{""term_id"":""GOBP_HOMOLOGOUS_CHROMOSOME_PAIRING_AT_MEIOSIS"",""NES"":0.6662777889934854,""FDR"":0.9753350647675536,""leading_edge_n"":17,""qualified"":false},{""term_id"":""GOBP_HOMOLOGOUS_CHROMOSOME_SEGREGATION"",""NES"":-0.7448746559284196,""FDR"":0.9635290090821316,""leading_edge_n"":8,""qualified"":false},{""term_id"":""GOBP_MEIOTIC_CHROMOSOME_SEGREGATION"",""NES"":-0.7496771656163507,""FDR"":0.9608062342681304,""leading_edge_n"":9,""qualified"":false}]"
primary_vs_sensitivity,P,P014,primary,0.5,4,GOBP_CHROMOSOME_SEGREGATION;GOBP_MITOTIC_NUCLEAR_DIVISION;GOBP_MITOTIC_SISTER_CHROMATID_SEGREGATION;GOBP_NUCLEAR_CHROMOSOME_SEGREGATION,0,INACTIVE,"[{""term_id"":""GOBP_CHROMOSOME_SEGREGATION"",""NES"":-0.8625060346450946,""FDR"":0.8892830068945365,""leading_edge_n"":61,""qualified"":false},{""term_id"":""GOBP_MITOTIC_NUCLEAR_DIVISION"",""NES"":-1.0728876281160458,""FDR"":0.6435673639706659,""leading_edge_n"":82,""qualified"":false},{""term_id"":""GOBP_MITOTIC_SISTER_CHROMATID_SEGREGATION"",""NES"":-1.1400175112983832,""FDR"":0.5760282416402939,""leading_edge_n"":57,""qualified"":false},{""term_id"":""GOBP_NUCLEAR_CHROMOSOME_SEGREGATION"",""NES"":-0.9435834681808518,""FDR"":0.7918906275678043,""leading_edge_n"":43,""qualified"":false}]"
primary_vs_sensitivity,P,P014,sensitivity,0.5,4,GOBP_CHROMOSOME_SEGREGATION;GOBP_MITOTIC_NUCLEAR_DIVISION;GOBP_MITOTIC_SISTER_CHROMATID_SEGREGATION;GOBP_NUCLEAR_CHROMOSOME_SEGREGATION,0,INACTIVE,"[{""term_id"":""GOBP_CHROMOSOME_SEGREGATION"",""NES"":-0.9465003494814012,""FDR"":0.7758205784425146,""leading_edge_n"":59,""qualified"":false},{""term_id"":""GOBP_MITOTIC_NUCLEAR_DIVISION"",""NES"":-1.0699038250563495,""FDR"":0.6273755827863744,""leading_edge_n"":55,""qualified"":false},{""term_id"":""GOBP_MITOTIC_SISTER_CHROMATID_SEGREGATION"",""NES"":-1.1807378424317416,""FDR"":0.5105065918026892,""leading_edge_n"":32,""qualified"":false},{""term_id"":""GOBP_NUCLEAR_CHROMOSOME_SEGREGATION"",""NES"":-1.0587429900385068,""FDR"":0.6354978229701281,""leading_edge_n"":45,""qualified"":false}]"
primary_vs_sensitivity,P,P015,primary,0.5,4,GOBP_CYTOKINESIS;GOBP_CYTOSKELETON_DEPENDENT_CYTOKINESIS;GOBP_MITOTIC_CYTOKINESIS;GOBP_REGULATION_OF_CYTOKINESIS,0,INACTIVE,"[{""term_id"":""GOBP_CYTOKINESIS"",""NES"":-1.1424712619252115,""FDR"":0.5731304546287984,""leading_edge_n"":52,""qualified"":false},{""term_id"":""GOBP_CYTOSKELETON_DEPENDENT_CYTOKINESIS"",""NES"":-1.162922443342806,""FDR"":0.5591922306858377,""leading_edge_n"":37,""qualified"":false},{""term_id"":""GOBP_MITOTIC_CYTOKINESIS"",""NES"":-0.921796674507098,""FDR"":0.8284882124543904,""leading_edge_n"":29,""qualified"":false},{""term_id"":""GOBP_REGULATION_OF_CYTOKINESIS"",""NES"":-0.8630801025287844,""FDR"":0.8895752306132974,""leading_edge_n"":20,""qualified"":false}]"
primary_vs_sensitivity,P,P015,sensitivity,0.5,4,GOBP_CYTOKINESIS;GOBP_CYTOSKELETON_DEPENDENT_CYTOKINESIS;GOBP_MITOTIC_CYTOKINESIS;GOBP_REGULATION_OF_CYTOKINESIS,0,INACTIVE,"[{""term_id"":""GOBP_CYTOKINESIS"",""NES"":-1.0435093401614937,""FDR"":0.6537798647222671,""leading_edge_n"":44,""qualified"":false},{""term_id"":""GOBP_CYTOSKELETON_DEPENDENT_CYTOKINESIS"",""NES"":-1.0646449234379172,""FDR"":0.6288412672243614,""leading_edge_n"":30,""qualified"":false},{""term_id"":""GOBP_MITOTIC_CYTOKINESIS"",""NES"":0.8002088906061693,""FDR"":0.8845947631581257,""leading_edge_n"":18,""qualified"":false},{""term_id"":""GOBP_REGULATION_OF_CYTOKINESIS"",""NES"":-0.9360716169786568,""FDR"":0.7890406031013548,""leading_edge_n"":20,""qualified"":false}]"
primary_vs_sensitivity,P,P016,primary,0.5,2,GOBP_DNA_REPLICATION;GOBP_DNA_TEMPLATED_DNA_REPLICATION,0,INACTIVE,"[{""term_id"":""GOBP_DNA_REPLICATION"",""NES"":0.9745000876559516,""FDR"":0.6480221782824187,""leading_edge_n"":100,""qualified"":false},{""term_id"":""GOBP_DNA_TEMPLATED_DNA_REPLICATION"",""NES"":0.8835628419211418,""FDR"":0.787737156000808,""leading_edge_n"":49,""qualified"":false}]"
primary_vs_sensitivity,P,P016,sensitivity,0.5,2,GOBP_DNA_REPLICATION;GOBP_DNA_TEMPLATED_DNA_REPLICATION,0,INACTIVE,"[{""term_id"":""GOBP_DNA_REPLICATION"",""NES"":0.8852773873510148,""FDR"":0.7796835618817501,""leading_edge_n"":90,""qualified"":false},{""term_id"":""GOBP_DNA_TEMPLATED_DNA_REPLICATION"",""NES"":0.7849579384628566,""FDR"":0.8965017894109542,""leading_edge_n"":58,""qualified"":false}]"
primary_vs_sensitivity,P,P017,primary,0.5,1,GOBP_DNA_REPLICATION_CHECKPOINT_SIGNALING,0,INACTIVE,"[{""term_id"":""GOBP_DNA_REPLICATION_CHECKPOINT_SIGNALING"",""NES"":0.9008382236312652,""FDR"":0.7637289814602767,""leading_edge_n"":8,""qualified"":false}]"
primary_vs_sensitivity,P,P017,sensitivity,0.5,1,GOBP_DNA_REPLICATION_CHECKPOINT_SIGNALING,0,INACTIVE,"[{""term_id"":""GOBP_DNA_REPLICATION_CHECKPOINT_SIGNALING"",""NES"":0.866763844355414,""FDR"":0.8071648992365683,""leading_edge_n"":8,""qualified"":false}]"
primary_vs_sensitivity,P,P018,primary,0.5,1,GOBP_DNA_REPLICATION_INITIATION,0,INACTIVE,"[{""term_id"":""GOBP_DNA_REPLICATION_INITIATION"",""NES"":0.8816274570051835,""FDR"":0.7888219148706577,""leading_edge_n"":16,""qualified"":false}]"
primary_vs_sensitivity,P,P018,sensitivity,0.5,1,GOBP_DNA_REPLICATION_INITIATION,0,INACTIVE,"[{""term_id"":""GOBP_DNA_REPLICATION_INITIATION"",""NES"":0.6278309870132549,""FDR"":0.9866363871883236,""leading_edge_n"":15,""qualified"":false}]"
primary_vs_sensitivity,P,P019,primary,0.5,1,GOBP_DNA_STRAND_ELONGATION_INVOLVED_IN_DNA_REPLICATION,0,INACTIVE,"[{""term_id"":""GOBP_DNA_STRAND_ELONGATION_INVOLVED_IN_DNA_REPLICATION"",""NES"":1.1721840138749229,""FDR"":0.3741676124367111,""leading_edge_n"":7,""qualified"":false}]"
primary_vs_sensitivity,P,P019,sensitivity,0.5,1,GOBP_DNA_STRAND_ELONGATION_INVOLVED_IN_DNA_REPLICATION,0,INACTIVE,"[{""term_id"":""GOBP_DNA_STRAND_ELONGATION_INVOLVED_IN_DNA_REPLICATION"",""NES"":1.012732261255926,""FDR"":0.5852729096531657,""leading_edge_n"":6,""qualified"":false}]"
primary_vs_sensitivity,P,P020,primary,0.5,1,GOBP_DNA_SYNTHESIS_INVOLVED_IN_DNA_REPLICATION,0,INACTIVE,"[{""term_id"":""GOBP_DNA_SYNTHESIS_INVOLVED_IN_DNA_REPLICATION"",""NES"":1.0438571192524702,""FDR"":0.5459780603392193,""leading_edge_n"":12,""qualified"":false}]"
primary_vs_sensitivity,P,P020,sensitivity,0.5,1,GOBP_DNA_SYNTHESIS_INVOLVED_IN_DNA_REPLICATION,0,INACTIVE,"[{""term_id"":""GOBP_DNA_SYNTHESIS_INVOLVED_IN_DNA_REPLICATION"",""NES"":1.1379263608927424,""FDR"":0.422468678491691,""leading_edge_n"":10,""qualified"":false}]"
primary_vs_sensitivity,P,P021,primary,0.5,1,GOBP_DNA_TEMPLATED_DNA_REPLICATION_MAINTENANCE_OF_FIDELITY,0,INACTIVE,"[{""term_id"":""GOBP_DNA_TEMPLATED_DNA_REPLICATION_MAINTENANCE_OF_FIDELITY"",""NES"":0.527778708763368,""FDR"":0.9969211036892646,""leading_edge_n"":5,""qualified"":false}]"
primary_vs_sensitivity,P,P021,sensitivity,0.5,1,GOBP_DNA_TEMPLATED_DNA_REPLICATION_MAINTENANCE_OF_FIDELITY,0,INACTIVE,"[{""term_id"":""GOBP_DNA_TEMPLATED_DNA_REPLICATION_MAINTENANCE_OF_FIDELITY"",""NES"":-0.6678171835553594,""FDR"":0.9842980175212782,""leading_edge_n"":22,""qualified"":false}]"
primary_vs_sensitivity,P,P022,primary,0.5,5,GOBP_ENDOTHELIAL_CELL_PROLIFERATION;GOBP_EPITHELIAL_CELL_PROLIFERATION;GOBP_POSITIVE_REGULATION_OF_ENDOTHELIAL_CELL_PROLIFERATION;GOBP_POSITIVE_REGULATION_OF_EPITHELIAL_CELL_PROLIFERATION;GOBP_REGULATION_OF_EPITHELIAL_CELL_PROLIFERATION,1,POSITIVE,"[{""term_id"":""GOBP_ENDOTHELIAL_CELL_PROLIFERATION"",""NES"":1.3751958084080145,""FDR"":0.1959930461388042,""leading_edge_n"":39,""qualified"":false},{""term_id"":""GOBP_EPITHELIAL_CELL_PROLIFERATION"",""NES"":1.7369015861008976,""FDR"":0.0441834721378513,""leading_edge_n"":105,""qualified"":true},{""term_id"":""GOBP_POSITIVE_REGULATION_OF_ENDOTHELIAL_CELL_PROLIFERATION"",""NES"":1.0301959780904804,""FDR"":0.5661917668543598,""leading_edge_n"":21,""qualified"":false},{""term_id"":""GOBP_POSITIVE_REGULATION_OF_EPITHELIAL_CELL_PROLIFERATION"",""NES"":1.4072734795007436,""FDR"":0.173922879357505,""leading_edge_n"":43,""qualified"":false},{""term_id"":""GOBP_REGULATION_OF_EPITHELIAL_CELL_PROLIFERATION"",""NES"":1.6698270769447197,""FDR"":0.0623902084956924,""leading_edge_n"":87,""qualified"":false}]"
primary_vs_sensitivity,P,P022,sensitivity,0.5,5,GOBP_ENDOTHELIAL_CELL_PROLIFERATION;GOBP_EPITHELIAL_CELL_PROLIFERATION;GOBP_POSITIVE_REGULATION_OF_ENDOTHELIAL_CELL_PROLIFERATION;GOBP_POSITIVE_REGULATION_OF_EPITHELIAL_CELL_PROLIFERATION;GOBP_REGULATION_OF_EPITHELIAL_CELL_PROLIFERATION,0,INACTIVE,"[{""term_id"":""GOBP_ENDOTHELIAL_CELL_PROLIFERATION"",""NES"":1.305820169926504,""FDR"":0.2561789477352645,""leading_edge_n"":31,""qualified"":false},{""term_id"":""GOBP_EPITHELIAL_CELL_PROLIFERATION"",""NES"":1.6831092145869877,""FDR"":0.0602860198435136,""leading_edge_n"":92,""qualified"":false},{""term_id"":""GOBP_POSITIVE_REGULATION_OF_ENDOTHELIAL_CELL_PROLIFERATION"",""NES"":-1.0794216408602813,""FDR"":0.6220432667430479,""leading_edge_n"":14,""qualified"":false},{""term_id"":""GOBP_POSITIVE_REGULATION_OF_EPITHELIAL_CELL_PROLIFERATION"",""NES"":1.2732115523862542,""FDR"":0.2841986115761483,""leading_edge_n"":26,""qualified"":false},{""term_id"":""GOBP_REGULATION_OF_EPITHELIAL_CELL_PROLIFERATION"",""NES"":1.567772665882429,""FDR"":0.1014503022383289,""leading_edge_n"":73,""qualified"":false}]"
primary_vs_sensitivity,P,P023,primary,0.5,3,GOBP_ESTABLISHMENT_OF_MITOTIC_SPINDLE_LOCALIZATION;GOBP_ESTABLISHMENT_OF_SPINDLE_ORIENTATION;GOBP_SPINDLE_LOCALIZATION,0,INACTIVE,"[{""term_id"":""GOBP_ESTABLISHMENT_OF_MITOTIC_SPINDLE_LOCALIZATION"",""NES"":1.4528175535146388,""FDR"":0.1499394067892818,""leading_edge_n"":7,""qualified"":false},{""term_id"":""GOBP_ESTABLISHMENT_OF_SPINDLE_ORIENTATION"",""NES"":1.541179464704123,""FDR"":0.1045869814307557,""leading_edge_n"":9,""qualified"":false},{""term_id"":""GOBP_SPINDLE_LOCALIZATION"",""NES"":1.2788504448158342,""FDR"":0.2681060267641065,""leading_edge_n"":11,""qualified"":false}]"
primary_vs_sensitivity,P,P023,sensitivity,0.5,3,GOBP_ESTABLISHMENT_OF_MITOTIC_SPINDLE_LOCALIZATION;GOBP_ESTABLISHMENT_OF_SPINDLE_ORIENTATION;GOBP_SPINDLE_LOCALIZATION,0,INACTIVE,"[{""term_id"":""GOBP_ESTABLISHMENT_OF_MITOTIC_SPINDLE_LOCALIZATION"",""NES"":1.499143757402246,""FDR"":0.1308223957419493,""leading_edge_n"":11,""qualified"":false},{""term_id"":""GOBP_ESTABLISHMENT_OF_SPINDLE_ORIENTATION"",""NES"":1.6228982032237649,""FDR"":0.0795142232468987,""leading_edge_n"":12,""qualified"":false},{""term_id"":""GOBP_SPINDLE_LOCALIZATION"",""NES"":1.3490913254032322,""FDR"":0.2222330000367612,""leading_edge_n"":16,""qualified"":false}]"
primary_vs_sensitivity,P,P024,primary,0.5,2,GOBP_GLIAL_CELL_PROLIFERATION;GOBP_REGULATION_OF_GLIAL_CELL_PROLIFERATION,0,INACTIVE,"[{""term_id"":""GOBP_GLIAL_CELL_PROLIFERATION"",""NES"":1.038621761372594,""FDR"":0.5542285505379103,""leading_edge_n"":20,""qualified"":false},{""term_id"":""GOBP_REGULATION_OF_GLIAL_CELL_PROLIFERATION"",""NES"":0.976199852900784,""FDR"":0.6463183526100406,""leading_edge_n"":4,""qualified"":false}]"
primary_vs_sensitivity,P,P024,sensitivity,0.5,2,GOBP_GLIAL_CELL_PROLIFERATION;GOBP_REGULATION_OF_GLIAL_CELL_PROLIFERATION,0,INACTIVE,"[{""term_id"":""GOBP_GLIAL_CELL_PROLIFERATION"",""NES"":1.0326547337844982,""FDR"":0.5568883587557067,""leading_edge_n"":10,""qualified"":false},{""term_id"":""GOBP_REGULATION_OF_GLIAL_CELL_PROLIFERATION"",""NES"":0.8588930554164882,""FDR"":0.8172828840724164,""leading_edge_n"":4,""qualified"":false}]"
primary_vs_sensitivity,P,P025,primary,0.5,1,GOBP_HEMATOPOIETIC_STEM_CELL_PROLIFERATION,0,INACTIVE,"[{""term_id"":""GOBP_HEMATOPOIETIC_STEM_CELL_PROLIFERATION"",""NES"":1.447263558376408,""FDR"":0.1528143599652288,""leading_edge_n"":7,""qualified"":false}]"
primary_vs_sensitivity,P,P025,sensitivity,0.5,1,GOBP_HEMATOPOIETIC_STEM_CELL_PROLIFERATION,0,INACTIVE,"[{""term_id"":""GOBP_HEMATOPOIETIC_STEM_CELL_PROLIFERATION"",""NES"":1.3256343678324414,""FDR"":0.2400872780285971,""leading_edge_n"":7,""qualified"":false}]"
primary_vs_sensitivity,P,P026,primary,0.5,1,GOBP_INNER_CELL_MASS_CELL_PROLIFERATION,0,INACTIVE,"[{""term_id"":""GOBP_INNER_CELL_MASS_CELL_PROLIFERATION"",""NES"":0.7572739460256731,""FDR"":0.9323486606727271,""leading_edge_n"":4,""qualified"":false}]"
primary_vs_sensitivity,P,P026,sensitivity,0.5,1,GOBP_INNER_CELL_MASS_CELL_PROLIFERATION,0,INACTIVE,"[{""term_id"":""GOBP_INNER_CELL_MASS_CELL_PROLIFERATION"",""NES"":0.9204085125798064,""FDR"":0.7270068486023679,""leading_edge_n"":5,""qualified"":false}]"
primary_vs_sensitivity,P,P027,primary,0.5,1,GOBP_MALE_MEIOSIS_I,0,INACTIVE,"[{""term_id"":""GOBP_MALE_MEIOSIS_I"",""NES"":0.9675897092613022,""FDR"":0.6607438392210242,""leading_edge_n"":7,""qualified"":false}]"
primary_vs_sensitivity,P,P027,sensitivity,0.5,1,GOBP_MALE_MEIOSIS_I,0,INACTIVE,"[{""term_id"":""GOBP_MALE_MEIOSIS_I"",""NES"":0.8588445274768325,""FDR"":0.81709177013533,""leading_edge_n"":7,""qualified"":false}]"
primary_vs_sensitivity,P,P028,primary,0.5,1,GOBP_MAMMARY_GLAND_EPITHELIAL_CELL_PROLIFERATION,0,INACTIVE,"[{""term_id"":""GOBP_MAMMARY_GLAND_EPITHELIAL_CELL_PROLIFERATION"",""NES"":1.541237269680315,""FDR"":0.104691755924566,""leading_edge_n"":10,""qualified"":false}]"
primary_vs_sensitivity,P,P028,sensitivity,0.5,1,GOBP_MAMMARY_GLAND_EPITHELIAL_CELL_PROLIFERATION,0,INACTIVE,"[{""term_id"":""GOBP_MAMMARY_GLAND_EPITHELIAL_CELL_PROLIFERATION"",""NES"":1.6737794556801118,""FDR"":0.0636742937320817,""leading_edge_n"":8,""qualified"":false}]"
primary_vs_sensitivity,P,P029,primary,0.5,3,GOBP_MEIOSIS_I_CELL_CYCLE_PROCESS;GOBP_MEIOTIC_CELL_CYCLE;GOBP_MEIOTIC_CELL_CYCLE_PROCESS,0,INACTIVE,"[{""term_id"":""GOBP_MEIOSIS_I_CELL_CYCLE_PROCESS"",""NES"":0.7441566968917045,""FDR"":0.939664766769479,""leading_edge_n"":34,""qualified"":false},{""term_id"":""GOBP_MEIOTIC_CELL_CYCLE"",""NES"":1.095716920289003,""FDR"":0.4737535573002742,""leading_edge_n"":86,""qualified"":false},{""term_id"":""GOBP_MEIOTIC_CELL_CYCLE_PROCESS"",""NES"":0.8858675187572824,""FDR"":0.7846723531951668,""leading_edge_n"":59,""qualified"":false}]"
primary_vs_sensitivity,P,P029,sensitivity,0.5,3,GOBP_MEIOSIS_I_CELL_CYCLE_PROCESS;GOBP_MEIOTIC_CELL_CYCLE;GOBP_MEIOTIC_CELL_CYCLE_PROCESS,0,INACTIVE,"[{""term_id"":""GOBP_MEIOSIS_I_CELL_CYCLE_PROCESS"",""NES"":-0.7928532727125579,""FDR"":0.9315975367517124,""leading_edge_n"":16,""qualified"":false},{""term_id"":""GOBP_MEIOTIC_CELL_CYCLE"",""NES"":0.9190607494173424,""FDR"":0.7290853774272611,""leading_edge_n"":63,""qualified"":false},{""term_id"":""GOBP_MEIOTIC_CELL_CYCLE_PROCESS"",""NES"":0.7491461883264827,""FDR"":0.9275093913533948,""leading_edge_n"":42,""qualified"":false}]"
primary_vs_sensitivity,P,P030,primary,0.5,2,GOBP_MEIOTIC_SPINDLE_ASSEMBLY;GOBP_MEIOTIC_SPINDLE_ORGANIZATION,0,INACTIVE,"[{""term_id"":""GOBP_MEIOTIC_SPINDLE_ASSEMBLY"",""NES"":0.83657330439546,""FDR"":0.8498985016953818,""leading_edge_n"":9,""qualified"":false},{""term_id"":""GOBP_MEIOTIC_SPINDLE_ORGANIZATION"",""NES"":0.6475163486715654,""FDR"":0.9802958508987468,""leading_edge_n"":9,""qualified"":false}]"
primary_vs_sensitivity,P,P030,sensitivity,0.5,2,GOBP_MEIOTIC_SPINDLE_ASSEMBLY;GOBP_MEIOTIC_SPINDLE_ORGANIZATION,0,INACTIVE,"[{""term_id"":""GOBP_MEIOTIC_SPINDLE_ASSEMBLY"",""NES"":0.7010171542282392,""FDR"":0.9589171381867764,""leading_edge_n"":6,""qualified"":false},{""term_id"":""GOBP_MEIOTIC_SPINDLE_ORGANIZATION"",""NES"":-0.8105276399088268,""FDR"":0.9213804623649086,""leading_edge_n"":4,""qualified"":false}]"
primary_vs_sensitivity,P,P031,primary,0.5,3,GOBP_MESENCHYMAL_CELL_PROLIFERATION;GOBP_POSITIVE_REGULATION_OF_MESENCHYMAL_CELL_PROLIFERATION;GOBP_REGULATION_OF_MESENCHYMAL_CELL_PROLIFERATION,3,POSITIVE,"[{""term_id"":""GOBP_MESENCHYMAL_CELL_PROLIFERATION"",""NES"":1.9161445341684071,""FDR"":0.0174900100940035,""leading_edge_n"":11,""qualified"":true},{""term_id"":""GOBP_POSITIVE_REGULATION_OF_MESENCHYMAL_CELL_PROLIFERATION"",""NES"":1.834955200824724,""FDR"":0.0263852278263458,""leading_edge_n"":10,""qualified"":true},{""term_id"":""GOBP_REGULATION_OF_MESENCHYMAL_CELL_PROLIFERATION"",""NES"":1.7821873564071071,""FDR"":0.0360709315145957,""leading_edge_n"":11,""qualified"":true}]"
primary_vs_sensitivity,P,P031,sensitivity,0.5,3,GOBP_MESENCHYMAL_CELL_PROLIFERATION;GOBP_POSITIVE_REGULATION_OF_MESENCHYMAL_CELL_PROLIFERATION;GOBP_REGULATION_OF_MESENCHYMAL_CELL_PROLIFERATION,3,POSITIVE,"[{""term_id"":""GOBP_MESENCHYMAL_CELL_PROLIFERATION"",""NES"":2.0064156165602296,""FDR"":0.0100699392795997,""leading_edge_n"":16,""qualified"":true},{""term_id"":""GOBP_POSITIVE_REGULATION_OF_MESENCHYMAL_CELL_PROLIFERATION"",""NES"":1.898312893826266,""FDR"":0.018045875970204,""leading_edge_n"":11,""qualified"":true},{""term_id"":""GOBP_REGULATION_OF_MESENCHYMAL_CELL_PROLIFERATION"",""NES"":1.933273307030772,""FDR"":0.0135471263654004,""leading_edge_n"":13,""qualified"":true}]"
primary_vs_sensitivity,P,P032,primary,0.5,1,GOBP_MITOCHONDRIAL_DNA_REPLICATION,0,INACTIVE,"[{""term_id"":""GOBP_MITOCHONDRIAL_DNA_REPLICATION"",""NES"":0.7082195071862275,""FDR"":0.9572861118024744,""leading_edge_n"":9,""qualified"":false}]"
primary_vs_sensitivity,P,P032,sensitivity,0.5,1,GOBP_MITOCHONDRIAL_DNA_REPLICATION,0,INACTIVE,"[{""term_id"":""GOBP_MITOCHONDRIAL_DNA_REPLICATION"",""NES"":0.6457704221328557,""FDR"":0.9819465284213998,""leading_edge_n"":7,""qualified"":false}]"
primary_vs_sensitivity,P,P033,primary,0.5,1,GOBP_MITOTIC_CHROMOSOME_CONDENSATION,0,INACTIVE,"[{""term_id"":""GOBP_MITOTIC_CHROMOSOME_CONDENSATION"",""NES"":-0.955208605248144,""FDR"":0.7793450338500506,""leading_edge_n"":4,""qualified"":false}]"
primary_vs_sensitivity,P,P033,sensitivity,0.5,1,GOBP_MITOTIC_CHROMOSOME_CONDENSATION,0,INACTIVE,"[{""term_id"":""GOBP_MITOTIC_CHROMOSOME_CONDENSATION"",""NES"":-1.0065013702580994,""FDR"":0.6998349463107016,""leading_edge_n"":4,""qualified"":false}]"
primary_vs_sensitivity,P,P034,primary,0.5,1,GOBP_MITOTIC_CYTOKINETIC_PROCESS,0,INACTIVE,"[{""term_id"":""GOBP_MITOTIC_CYTOKINETIC_PROCESS"",""NES"":-0.8972510138511484,""FDR"":0.8577248226267458,""leading_edge_n"":13,""qualified"":false}]"
primary_vs_sensitivity,P,P034,sensitivity,0.5,1,GOBP_MITOTIC_CYTOKINETIC_PROCESS,0,INACTIVE,"[{""term_id"":""GOBP_MITOTIC_CYTOKINETIC_PROCESS"",""NES"":-0.6822632254116978,""FDR"":0.986513827743406,""leading_edge_n"":11,""qualified"":false}]"
primary_vs_sensitivity,P,P035,primary,0.5,1,GOBP_MITOTIC_DNA_REPLICATION,0,INACTIVE,"[{""term_id"":""GOBP_MITOTIC_DNA_REPLICATION"",""NES"":0.8550043503872704,""FDR"":0.8258374155370596,""leading_edge_n"":6,""qualified"":false}]"
primary_vs_sensitivity,P,P035,sensitivity,0.5,1,GOBP_MITOTIC_DNA_REPLICATION,0,INACTIVE,"[{""term_id"":""GOBP_MITOTIC_DNA_REPLICATION"",""NES"":0.7690210016147756,""FDR"":0.9119191429063443,""leading_edge_n"":7,""qualified"":false}]"
primary_vs_sensitivity,P,P036,primary,0.5,1,GOBP_MITOTIC_G1_S_TRANSITION_CHECKPOINT_SIGNALING,0,INACTIVE,"[{""term_id"":""GOBP_MITOTIC_G1_S_TRANSITION_CHECKPOINT_SIGNALING"",""NES"":0.9406933081891828,""FDR"":0.7051607382129911,""leading_edge_n"":6,""qualified"":false}]"
primary_vs_sensitivity,P,P036,sensitivity,0.5,1,GOBP_MITOTIC_G1_S_TRANSITION_CHECKPOINT_SIGNALING,0,INACTIVE,"[{""term_id"":""GOBP_MITOTIC_G1_S_TRANSITION_CHECKPOINT_SIGNALING"",""NES"":-0.8751313643129113,""FDR"":0.8657248993050094,""leading_edge_n"":2,""qualified"":false}]"
primary_vs_sensitivity,P,P037,primary,0.5,1,GOBP_MITOTIC_INTRA_S_DNA_DAMAGE_CHECKPOINT_SIGNALING,0,INACTIVE,"[{""term_id"":""GOBP_MITOTIC_INTRA_S_DNA_DAMAGE_CHECKPOINT_SIGNALING"",""NES"":0.7389665081725498,""FDR"":0.9435062213253802,""leading_edge_n"":10,""qualified"":false}]"
primary_vs_sensitivity,P,P037,sensitivity,0.5,1,GOBP_MITOTIC_INTRA_S_DNA_DAMAGE_CHECKPOINT_SIGNALING,0,INACTIVE,"[{""term_id"":""GOBP_MITOTIC_INTRA_S_DNA_DAMAGE_CHECKPOINT_SIGNALING"",""NES"":0.7908277749115998,""FDR"":0.8918338950080443,""leading_edge_n"":9,""qualified"":false}]"
primary_vs_sensitivity,P,P038,primary,0.5,1,GOBP_MITOTIC_METAPHASE_CHROMOSOME_ALIGNMENT,0,INACTIVE,"[{""term_id"":""GOBP_MITOTIC_METAPHASE_CHROMOSOME_ALIGNMENT"",""NES"":-0.7650265559101842,""FDR"":0.963989133026244,""leading_edge_n"":17,""qualified"":false}]"
primary_vs_sensitivity,P,P038,sensitivity,0.5,1,GOBP_MITOTIC_METAPHASE_CHROMOSOME_ALIGNMENT,0,INACTIVE,"[{""term_id"":""GOBP_MITOTIC_METAPHASE_CHROMOSOME_ALIGNMENT"",""NES"":0.5481827840562683,""FDR"":0.995560915682451,""leading_edge_n"":15,""qualified"":false}]"
primary_vs_sensitivity,P,P039,primary,0.5,1,GOBP_MITOTIC_RECOMBINATION,0,INACTIVE,"[{""term_id"":""GOBP_MITOTIC_RECOMBINATION"",""NES"":-1.442486768954224,""FDR"":0.3053927400335368,""leading_edge_n"":12,""qualified"":false}]"
primary_vs_sensitivity,P,P039,sensitivity,0.5,1,GOBP_MITOTIC_RECOMBINATION,0,INACTIVE,"[{""term_id"":""GOBP_MITOTIC_RECOMBINATION"",""NES"":-1.2497313245505466,""FDR"":0.4559761286755594,""leading_edge_n"":13,""qualified"":false}]"
primary_vs_sensitivity,P,P040,primary,0.5,1,GOBP_MITOTIC_SISTER_CHROMATID_COHESION,0,INACTIVE,"[{""term_id"":""GOBP_MITOTIC_SISTER_CHROMATID_COHESION"",""NES"":0.8938139637605024,""FDR"":0.7724791868872478,""leading_edge_n"":10,""qualified"":false}]"
primary_vs_sensitivity,P,P040,sensitivity,0.5,1,GOBP_MITOTIC_SISTER_CHROMATID_COHESION,0,INACTIVE,"[{""term_id"":""GOBP_MITOTIC_SISTER_CHROMATID_COHESION"",""NES"":1.089608102305074,""FDR"":0.4817947087662479,""leading_edge_n"":11,""qualified"":false}]"
primary_vs_sensitivity,P,P041,primary,0.5,7,GOBP_MITOTIC_SISTER_CHROMATID_SEPARATION;GOBP_POSITIVE_REGULATION_OF_CELL_CYCLE_CHECKPOINT;GOBP_POSITIVE_REGULATION_OF_SPINDLE_CHECKPOINT;GOBP_REGULATION_OF_CELL_CYCLE_CHECKPOINT;GOBP_REGULATION_OF_MITOTIC_NUCLEAR_DIVISION;GOBP_REGULATION_OF_MITOTIC_SISTER_CHROMATID_SEGREGATION;GOBP_REGULATION_OF_SPINDLE_CHECKPOINT,0,INACTIVE,"[{""term_id"":""GOBP_MITOTIC_SISTER_CHROMATID_SEPARATION"",""NES"":-0.770871914830583,""FDR"":0.9640003679627918,""leading_edge_n"":24,""qualified"":false},{""term_id"":""GOBP_POSITIVE_REGULATION_OF_CELL_CYCLE_CHECKPOINT"",""NES"":-0.9977390140887922,""FDR"":0.7168099312998134,""leading_edge_n"":11,""qualified"":false},{""term_id"":""GOBP_POSITIVE_REGULATION_OF_SPINDLE_CHECKPOINT"",""NES"":-0.9000862737520261,""FDR"":0.8561254027512908,""leading_edge_n"":8,""qualified"":false},{""term_id"":""GOBP_REGULATION_OF_CELL_CYCLE_CHECKPOINT"",""NES"":0.7249036858025589,""FDR"":0.951645424564838,""leading_edge_n"":10,""qualified"":false},{""term_id"":""GOBP_REGULATION_OF_MITOTIC_NUCLEAR_DIVISION"",""NES"":0.7154125206643486,""FDR"":0.9546020746277364,""leading_edge_n"":24,""qualified"":false},{""term_id"":""GOBP_REGULATION_OF_MITOTIC_SISTER_CHROMATID_SEGREGATION"",""NES"":-0.6524679045444242,""FDR"":1.0,""leading_edge_n"":21,""qualified"":false},{""term_id"":""GOBP_REGULATION_OF_SPINDLE_CHECKPOINT"",""NES"":0.7420477783087963,""FDR"":0.9412306657550928,""leading_edge_n"":4,""qualified"":false}]"
primary_vs_sensitivity,P,P041,sensitivity,0.5,7,GOBP_MITOTIC_SISTER_CHROMATID_SEPARATION;GOBP_POSITIVE_REGULATION_OF_CELL_CYCLE_CHECKPOINT;GOBP_POSITIVE_REGULATION_OF_SPINDLE_CHECKPOINT;GOBP_REGULATION_OF_CELL_CYCLE_CHECKPOINT;GOBP_REGULATION_OF_MITOTIC_NUCLEAR_DIVISION;GOBP_REGULATION_OF_MITOTIC_SISTER_CHROMATID_SEGREGATION;GOBP_REGULATION_OF_SPINDLE_CHECKPOINT,0,INACTIVE,"[{""term_id"":""GOBP_MITOTIC_SISTER_CHROMATID_SEPARATION"",""NES"":-1.022303194661505,""FDR"":0.6862164563391727,""leading_edge_n"":22,""qualified"":false},{""term_id"":""GOBP_POSITIVE_REGULATION_OF_CELL_CYCLE_CHECKPOINT"",""NES"":-1.2351728598299163,""FDR"":0.4642350998803061,""leading_edge_n"":11,""qualified"":false},{""term_id"":""GOBP_POSITIVE_REGULATION_OF_SPINDLE_CHECKPOINT"",""NES"":-1.124250661324056,""FDR"":0.5689248592837836,""leading_edge_n"":9,""qualified"":false},{""term_id"":""GOBP_REGULATION_OF_CELL_CYCLE_CHECKPOINT"",""NES"":-0.8468425325048998,""FDR"":0.8953760485735509,""leading_edge_n"":18,""qualified"":false},{""term_id"":""GOBP_REGULATION_OF_MITOTIC_NUCLEAR_DIVISION"",""NES"":-0.8477448291126306,""FDR"":0.8949104127762312,""leading_edge_n"":26,""qualified"":false},{""term_id"":""GOBP_REGULATION_OF_MITOTIC_SISTER_CHROMATID_SEGREGATION"",""NES"":-0.9208987284922766,""FDR"":0.811533032440698,""leading_edge_n"":22,""qualified"":false},{""term_id"":""GOBP_REGULATION_OF_SPINDLE_CHECKPOINT"",""NES"":-0.7944843519384299,""FDR"":0.9318246085574182,""leading_edge_n"":10,""qualified"":false}]"
primary_vs_sensitivity,P,P042,primary,0.5,4,GOBP_MITOTIC_SPINDLE_ASSEMBLY;GOBP_MITOTIC_SPINDLE_ORGANIZATION;GOBP_SPINDLE_ASSEMBLY;GOBP_SPINDLE_ORGANIZATION,0,INACTIVE,"[{""term_id"":""GOBP_MITOTIC_SPINDLE_ASSEMBLY"",""NES"":-1.3122917927500573,""FDR"":0.4316843970848203,""leading_edge_n"":26,""qualified"":false},{""term_id"":""GOBP_MITOTIC_SPINDLE_ORGANIZATION"",""NES"":-1.2583527430986117,""FDR"":0.4849834436399048,""leading_edge_n"":41,""qualified"":false},{""term_id"":""GOBP_SPINDLE_ASSEMBLY"",""NES"":-1.3251057278094625,""FDR"":0.4175158264754359,""leading_edge_n"":42,""qualified"":false},{""term_id"":""GOBP_SPINDLE_ORGANIZATION"",""NES"":-1.2485743799881257,""FDR"":0.4903730306358736,""leading_edge_n"":61,""qualified"":false}]"
primary_vs_sensitivity,P,P042,sensitivity,0.5,4,GOBP_MITOTIC_SPINDLE_ASSEMBLY;GOBP_MITOTIC_SPINDLE_ORGANIZATION;GOBP_SPINDLE_ASSEMBLY;GOBP_SPINDLE_ORGANIZATION,0,INACTIVE,"[{""term_id"":""GOBP_MITOTIC_SPINDLE_ASSEMBLY"",""NES"":-1.2500276202316658,""FDR"":0.4572752160691824,""leading_edge_n"":27,""qualified"":false},{""term_id"":""GOBP_MITOTIC_SPINDLE_ORGANIZATION"",""NES"":-1.283015860570465,""FDR"":0.4226827456955359,""leading_edge_n"":26,""qualified"":false},{""term_id"":""GOBP_SPINDLE_ASSEMBLY"",""NES"":-1.3554480672291205,""FDR"":0.3565712763162624,""leading_edge_n"":49,""qualified"":false},{""term_id"":""GOBP_SPINDLE_ORGANIZATION"",""NES"":-1.2749874839584674,""FDR"":0.4286456231313643,""leading_edge_n"":71,""qualified"":false}]"
primary_vs_sensitivity,P,P043,primary,0.5,5,GOBP_MUSCLE_CELL_PROLIFERATION;GOBP_POSITIVE_REGULATION_OF_SMOOTH_MUSCLE_CELL_PROLIFERATION;GOBP_POSITIVE_REGULATION_OF_VASCULAR_ASSOCIATED_SMOOTH_MUSCLE_CELL_PROLIFERATION;GOBP_SMOOTH_MUSCLE_CELL_PROLIFERATION;GOBP_VASCULAR_ASSOCIATED_SMOOTH_MUSCLE_CELL_PROLIFERATION,0,INACTIVE,"[{""term_id"":""GOBP_MUSCLE_CELL_PROLIFERATION"",""NES"":1.6783135795873243,""FDR"":0.0607306936287805,""leading_edge_n"":48,""qualified"":false},{""term_id"":""GOBP_POSITIVE_REGULATION_OF_SMOOTH_MUSCLE_CELL_PROLIFERATION"",""NES"":1.7034103707249233,""FDR"":0.0540787541597302,""leading_edge_n"":16,""qualified"":false},{""term_id"":""GOBP_POSITIVE_REGULATION_OF_VASCULAR_ASSOCIATED_SMOOTH_MUSCLE_CELL_PROLIFERATION"",""NES"":1.4282794949536504,""FDR"":0.1632663963903355,""leading_edge_n"":8,""qualified"":false},{""term_id"":""GOBP_SMOOTH_MUSCLE_CELL_PROLIFERATION"",""NES"":1.6318677565883934,""FDR"":0.0733503287067842,""leading_edge_n"":23,""qualified"":false},{""term_id"":""GOBP_VASCULAR_ASSOCIATED_SMOOTH_MUSCLE_CELL_PROLIFERATION"",""NES"":1.3622741701567571,""FDR"":0.2041897950890608,""leading_edge_n"":10,""qualified"":false}]"
primary_vs_sensitivity,P,P043,sensitivity,0.5,5,GOBP_MUSCLE_CELL_PROLIFERATION;GOBP_POSITIVE_REGULATION_OF_SMOOTH_MUSCLE_CELL_PROLIFERATION;GOBP_POSITIVE_REGULATION_OF_VASCULAR_ASSOCIATED_SMOOTH_MUSCLE_CELL_PROLIFERATION;GOBP_SMOOTH_MUSCLE_CELL_PROLIFERATION;GOBP_VASCULAR_ASSOCIATED_SMOOTH_MUSCLE_CELL_PROLIFERATION,0,INACTIVE,"[{""term_id"":""GOBP_MUSCLE_CELL_PROLIFERATION"",""NES"":1.5780853110422022,""FDR"":0.096622554727584,""leading_edge_n"":44,""qualified"":false},{""term_id"":""GOBP_POSITIVE_REGULATION_OF_SMOOTH_MUSCLE_CELL_PROLIFERATION"",""NES"":1.577788110318308,""FDR"":0.0966613333943916,""leading_edge_n"":16,""qualified"":false},{""term_id"":""GOBP_POSITIVE_REGULATION_OF_VASCULAR_ASSOCIATED_SMOOTH_MUSCLE_CELL_PROLIFERATION"",""NES"":1.308232246896073,""FDR"":0.2538542176192037,""leading_edge_n"":8,""qualified"":false},{""term_id"":""GOBP_SMOOTH_MUSCLE_CELL_PROLIFERATION"",""NES"":1.5207154873912303,""FDR"":0.119532002924422,""leading_edge_n"":22,""qualified"":false},{""term_id"":""GOBP_VASCULAR_ASSOCIATED_SMOOTH_MUSCLE_CELL_PROLIFERATION"",""NES"":1.281106131439265,""FDR"":0.277687895518911,""leading_edge_n"":11,""qualified"":false}]"
primary_vs_sensitivity,P,P044,primary,0.5,1,GOBP_NEGATIVE_REGULATION_OF_CELL_CYCLE_G1_S_PHASE_TRANSITION,0,INACTIVE,"[{""term_id"":""GOBP_NEGATIVE_REGULATION_OF_CELL_CYCLE_G1_S_PHASE_TRANSITION"",""NES"":1.0384035110983645,""FDR"":0.5543011653814891,""leading_edge_n"":10,""qualified"":false}]"
primary_vs_sensitivity,P,P044,sensitivity,0.5,1,GOBP_NEGATIVE_REGULATION_OF_CELL_CYCLE_G1_S_PHASE_TRANSITION,0,INACTIVE,"[{""term_id"":""GOBP_NEGATIVE_REGULATION_OF_CELL_CYCLE_G1_S_PHASE_TRANSITION"",""NES"":1.0290643586092143,""FDR"":0.5622570311514338,""leading_edge_n"":18,""qualified"":false}]"
primary_vs_sensitivity,P,P045,primary,0.5,1,GOBP_NEGATIVE_REGULATION_OF_DNA_REPLICATION,0,INACTIVE,"[{""term_id"":""GOBP_NEGATIVE_REGULATION_OF_DNA_REPLICATION"",""NES"":1.1857603490721629,""FDR"":0.3583761405632708,""leading_edge_n"":10,""qualified"":false}]"
primary_vs_sensitivity,P,P045,sensitivity,0.5,1,GOBP_NEGATIVE_REGULATION_OF_DNA_REPLICATION,0,INACTIVE,"[{""term_id"":""GOBP_NEGATIVE_REGULATION_OF_DNA_REPLICATION"",""NES"":1.241637778782306,""FDR"":0.3117382237526796,""leading_edge_n"":13,""qualified"":false}]"
primary_vs_sensitivity,P,P046,primary,0.5,1,GOBP_NEGATIVE_REGULATION_OF_ENDOTHELIAL_CELL_PROLIFERATION,0,INACTIVE,"[{""term_id"":""GOBP_NEGATIVE_REGULATION_OF_ENDOTHELIAL_CELL_PROLIFERATION"",""NES"":1.402095207644026,""FDR"":0.176960485096546,""leading_edge_n"":12,""qualified"":false}]"
primary_vs_sensitivity,P,P046,sensitivity,0.5,1,GOBP_NEGATIVE_REGULATION_OF_ENDOTHELIAL_CELL_PROLIFERATION,0,INACTIVE,"[{""term_id"":""GOBP_NEGATIVE_REGULATION_OF_ENDOTHELIAL_CELL_PROLIFERATION"",""NES"":1.2922040797104055,""FDR"":0.2684027451426092,""leading_edge_n"":12,""qualified"":false}]"
primary_vs_sensitivity,P,P047,primary,0.5,1,GOBP_NEGATIVE_REGULATION_OF_EPITHELIAL_CELL_PROLIFERATION,0,INACTIVE,"[{""term_id"":""GOBP_NEGATIVE_REGULATION_OF_EPITHELIAL_CELL_PROLIFERATION"",""NES"":1.5460403688974644,""FDR"":0.1034601363200875,""leading_edge_n"":32,""qualified"":false}]"
primary_vs_sensitivity,P,P047,sensitivity,0.5,1,GOBP_NEGATIVE_REGULATION_OF_EPITHELIAL_CELL_PROLIFERATION,0,INACTIVE,"[{""term_id"":""GOBP_NEGATIVE_REGULATION_OF_EPITHELIAL_CELL_PROLIFERATION"",""NES"":1.4279709642406873,""FDR"":0.166257624964742,""leading_edge_n"":30,""qualified"":false}]"
primary_vs_sensitivity,P,P048,primary,0.5,1,GOBP_NEGATIVE_REGULATION_OF_MEIOTIC_CELL_CYCLE,0,INACTIVE,"[{""term_id"":""GOBP_NEGATIVE_REGULATION_OF_MEIOTIC_CELL_CYCLE"",""NES"":1.4343352201450237,""FDR"":0.1595052439764382,""leading_edge_n"":6,""qualified"":false}]"
primary_vs_sensitivity,P,P048,sensitivity,0.5,1,GOBP_NEGATIVE_REGULATION_OF_MEIOTIC_CELL_CYCLE,0,INACTIVE,"[{""term_id"":""GOBP_NEGATIVE_REGULATION_OF_MEIOTIC_CELL_CYCLE"",""NES"":1.2513338385483677,""FDR"":0.3024572694473763,""leading_edge_n"":6,""qualified"":false}]"
primary_vs_sensitivity,P,P049,primary,0.5,1,GOBP_NEGATIVE_REGULATION_OF_NEURAL_PRECURSOR_CELL_PROLIFERATION,0,INACTIVE,"[{""term_id"":""GOBP_NEGATIVE_REGULATION_OF_NEURAL_PRECURSOR_CELL_PROLIFERATION"",""NES"":-0.8470423211795853,""FDR"":0.9049443389860404,""leading_edge_n"":3,""qualified"":false}]"
primary_vs_sensitivity,P,P049,sensitivity,0.5,1,GOBP_NEGATIVE_REGULATION_OF_NEURAL_PRECURSOR_CELL_PROLIFERATION,0,INACTIVE,"[{""term_id"":""GOBP_NEGATIVE_REGULATION_OF_NEURAL_PRECURSOR_CELL_PROLIFERATION"",""NES"":-0.9163285303072152,""FDR"":0.815330498949629,""leading_edge_n"":7,""qualified"":false}]"
primary_vs_sensitivity,P,P050,primary,0.5,2,GOBP_NEGATIVE_REGULATION_OF_SMOOTH_MUSCLE_CELL_PROLIFERATION;GOBP_NEGATIVE_REGULATION_OF_VASCULAR_ASSOCIATED_SMOOTH_MUSCLE_CELL_PROLIFERATION,0,INACTIVE,"[{""term_id"":""GOBP_NEGATIVE_REGULATION_OF_SMOOTH_MUSCLE_CELL_PROLIFERATION"",""NES"":-1.0623586445355548,""FDR"":0.6587991719228018,""leading_edge_n"":9,""qualified"":false},{""term_id"":""GOBP_NEGATIVE_REGULATION_OF_VASCULAR_ASSOCIATED_SMOOTH_MUSCLE_CELL_PROLIFERATION"",""NES"":0.8928286808295237,""FDR"":0.7741031162981252,""leading_edge_n"":2,""qualified"":false}]"
primary_vs_sensitivity,P,P050,sensitivity,0.5,2,GOBP_NEGATIVE_REGULATION_OF_SMOOTH_MUSCLE_CELL_PROLIFERATION;GOBP_NEGATIVE_REGULATION_OF_VASCULAR_ASSOCIATED_SMOOTH_MUSCLE_CELL_PROLIFERATION,0,INACTIVE,"[{""term_id"":""GOBP_NEGATIVE_REGULATION_OF_SMOOTH_MUSCLE_CELL_PROLIFERATION"",""NES"":-1.049271159754435,""FDR"":0.6442949344225082,""leading_edge_n"":10,""qualified"":false},{""term_id"":""GOBP_NEGATIVE_REGULATION_OF_VASCULAR_ASSOCIATED_SMOOTH_MUSCLE_CELL_PROLIFERATION"",""NES"":0.8719063688094185,""FDR"":0.7988568686777225,""leading_edge_n"":2,""qualified"":false}]"
primary_vs_sensitivity,P,P051,primary,0.5,1,GOBP_NEGATIVE_REGULATION_OF_T_CELL_PROLIFERATION,0,INACTIVE,"[{""term_id"":""GOBP_NEGATIVE_REGULATION_OF_T_CELL_PROLIFERATION"",""NES"":1.0302910712661268,""FDR"":0.5661972824272582,""leading_edge_n"":6,""qualified"":false}]"
primary_vs_sensitivity,P,P051,sensitivity,0.5,1,GOBP_NEGATIVE_REGULATION_OF_T_CELL_PROLIFERATION,0,INACTIVE,"[{""term_id"":""GOBP_NEGATIVE_REGULATION_OF_T_CELL_PROLIFERATION"",""NES"":0.9814063377095248,""FDR"":0.632757151042906,""leading_edge_n"":6,""qualified"":false}]"
primary_vs_sensitivity,P,P052,primary,0.5,3,GOBP_NEURAL_PRECURSOR_CELL_PROLIFERATION;GOBP_POSITIVE_REGULATION_OF_NEURAL_PRECURSOR_CELL_PROLIFERATION;GOBP_REGULATION_OF_NEURAL_PRECURSOR_CELL_PROLIFERATION,0,INACTIVE,"[{""term_id"":""GOBP_NEURAL_PRECURSOR_CELL_PROLIFERATION"",""NES"":1.137328556689412,""FDR"":0.4172976542076193,""leading_edge_n"":21,""qualified"":false},{""term_id"":""GOBP_POSITIVE_REGULATION_OF_NEURAL_PRECURSOR_CELL_PROLIFERATION"",""NES"":0.8681886001184351,""FDR"":0.8074495745845626,""leading_edge_n"":10,""qualified"":false},{""term_id"":""GOBP_REGULATION_OF_NEURAL_PRECURSOR_CELL_PROLIFERATION"",""NES"":1.098610280546478,""FDR"":0.4693267326504599,""leading_edge_n"":6,""qualified"":false}]"
primary_vs_sensitivity,P,P052,sensitivity,0.5,3,GOBP_NEURAL_PRECURSOR_CELL_PROLIFERATION;GOBP_POSITIVE_REGULATION_OF_NEURAL_PRECURSOR_CELL_PROLIFERATION;GOBP_REGULATION_OF_NEURAL_PRECURSOR_CELL_PROLIFERATION,0,INACTIVE,"[{""term_id"":""GOBP_NEURAL_PRECURSOR_CELL_PROLIFERATION"",""NES"":1.063102557318521,""FDR"":0.5182575662550425,""leading_edge_n"":25,""qualified"":false},{""term_id"":""GOBP_POSITIVE_REGULATION_OF_NEURAL_PRECURSOR_CELL_PROLIFERATION"",""NES"":-0.9205648711301314,""FDR"":0.811056096896714,""leading_edge_n"":6,""qualified"":false},{""term_id"":""GOBP_REGULATION_OF_NEURAL_PRECURSOR_CELL_PROLIFERATION"",""NES"":1.0876934221144663,""FDR"":0.4843891283733234,""leading_edge_n"":6,""qualified"":false}]"
primary_vs_sensitivity,P,P053,primary,0.5,2,GOBP_POSITIVE_REGULATION_OF_CELL_CYCLE;GOBP_POSITIVE_REGULATION_OF_CELL_CYCLE_PROCESS,0,INACTIVE,"[{""term_id"":""GOBP_POSITIVE_REGULATION_OF_CELL_CYCLE"",""NES"":1.1873030338911357,""FDR"":0.3564692049712896,""leading_edge_n"":95,""qualified"":false},{""term_id"":""GOBP_POSITIVE_REGULATION_OF_CELL_CYCLE_PROCESS"",""NES"":1.1400672269880778,""FDR"":0.4137563331954594,""leading_edge_n"":77,""qualified"":false}]"
primary_vs_sensitivity,P,P053,sensitivity,0.5,2,GOBP_POSITIVE_REGULATION_OF_CELL_CYCLE;GOBP_POSITIVE_REGULATION_OF_CELL_CYCLE_PROCESS,0,INACTIVE,"[{""term_id"":""GOBP_POSITIVE_REGULATION_OF_CELL_CYCLE"",""NES"":1.0955136478354293,""FDR"":0.4749225411565561,""leading_edge_n"":79,""qualified"":false},{""term_id"":""GOBP_POSITIVE_REGULATION_OF_CELL_CYCLE_PROCESS"",""NES"":1.019763193335144,""FDR"":0.5756959985353108,""leading_edge_n"":61,""qualified"":false}]"
primary_vs_sensitivity,P,P054,primary,0.5,5,GOBP_POSITIVE_REGULATION_OF_CELL_CYCLE_G1_S_PHASE_TRANSITION;GOBP_POSITIVE_REGULATION_OF_CELL_CYCLE_PHASE_TRANSITION;GOBP_POSITIVE_REGULATION_OF_G1_S_TRANSITION_OF_MITOTIC_CELL_CYCLE;GOBP_POSITIVE_REGULATION_OF_MITOTIC_CELL_CYCLE;GOBP_POSITIVE_REGULATION_OF_MITOTIC_CELL_CYCLE_PHASE_TRANSITION,0,INACTIVE,"[{""term_id"":""GOBP_POSITIVE_REGULATION_OF_CELL_CYCLE_G1_S_PHASE_TRANSITION"",""NES"":1.0955546104071672,""FDR"":0.4738988063952579,""leading_edge_n"":16,""qualified"":false},{""term_id"":""GOBP_POSITIVE_REGULATION_OF_CELL_CYCLE_PHASE_TRANSITION"",""NES"":1.3235112855458837,""FDR"":0.231523607834032,""leading_edge_n"":37,""qualified"":false},{""term_id"":""GOBP_POSITIVE_REGULATION_OF_G1_S_TRANSITION_OF_MITOTIC_CELL_CYCLE"",""NES"":1.004341772343618,""FDR"":0.6048550357303016,""leading_edge_n"":15,""qualified"":false},{""term_id"":""GOBP_POSITIVE_REGULATION_OF_MITOTIC_CELL_CYCLE"",""NES"":1.371470928919506,""FDR"":0.1981344496387725,""leading_edge_n"":42,""qualified"":false},{""term_id"":""GOBP_POSITIVE_REGULATION_OF_MITOTIC_CELL_CYCLE_PHASE_TRANSITION"",""NES"":1.1085084150802729,""FDR"":0.4570977681837959,""leading_edge_n"":28,""qualified"":false}]"
primary_vs_sensitivity,P,P054,sensitivity,0.5,5,GOBP_POSITIVE_REGULATION_OF_CELL_CYCLE_G1_S_PHASE_TRANSITION;GOBP_POSITIVE_REGULATION_OF_CELL_CYCLE_PHASE_TRANSITION;GOBP_POSITIVE_REGULATION_OF_G1_S_TRANSITION_OF_MITOTIC_CELL_CYCLE;GOBP_POSITIVE_REGULATION_OF_MITOTIC_CELL_CYCLE;GOBP_POSITIVE_REGULATION_OF_MITOTIC_CELL_CYCLE_PHASE_TRANSITION,0,INACTIVE,"[{""term_id"":""GOBP_POSITIVE_REGULATION_OF_CELL_CYCLE_G1_S_PHASE_TRANSITION"",""NES"":0.969438196123858,""FDR"":0.6501716819863296,""leading_edge_n"":12,""qualified"":false},{""term_id"":""GOBP_POSITIVE_REGULATION_OF_CELL_CYCLE_PHASE_TRANSITION"",""NES"":1.1728458452990027,""FDR"":0.3826389245237939,""leading_edge_n"":24,""qualified"":false},{""term_id"":""GOBP_POSITIVE_REGULATION_OF_G1_S_TRANSITION_OF_MITOTIC_CELL_CYCLE"",""NES"":0.9072969498800192,""FDR"":0.7489874867782743,""leading_edge_n"":10,""qualified"":false},{""term_id"":""GOBP_POSITIVE_REGULATION_OF_MITOTIC_CELL_CYCLE"",""NES"":1.2233541636422316,""FDR"":0.3294447978666808,""leading_edge_n"":33,""qualified"":false},{""term_id"":""GOBP_POSITIVE_REGULATION_OF_MITOTIC_CELL_CYCLE_PHASE_TRANSITION"",""NES"":1.0172815667544275,""FDR"":0.5788990544186148,""leading_edge_n"":19,""qualified"":false}]"
primary_vs_sensitivity,P,P055,primary,0.5,1,GOBP_POSITIVE_REGULATION_OF_CELL_CYCLE_G2_M_PHASE_TRANSITION,0,INACTIVE,"[{""term_id"":""GOBP_POSITIVE_REGULATION_OF_CELL_CYCLE_G2_M_PHASE_TRANSITION"",""NES"":1.2440385946550556,""FDR"":0.3024651900676662,""leading_edge_n"":11,""qualified"":false}]"
primary_vs_sensitivity,P,P055,sensitivity,0.5,1,GOBP_POSITIVE_REGULATION_OF_CELL_CYCLE_G2_M_PHASE_TRANSITION,0,INACTIVE,"[{""term_id"":""GOBP_POSITIVE_REGULATION_OF_CELL_CYCLE_G2_M_PHASE_TRANSITION"",""NES"":1.2063498198887752,""FDR"":0.3464645625392253,""leading_edge_n"":11,""qualified"":false}]"
primary_vs_sensitivity,P,P056,primary,0.5,1,GOBP_POSITIVE_REGULATION_OF_CHROMOSOME_SEGREGATION,0,INACTIVE,"[{""term_id"":""GOBP_POSITIVE_REGULATION_OF_CHROMOSOME_SEGREGATION"",""NES"":-0.8991138740024935,""FDR"":0.8545258967800218,""leading_edge_n"":6,""qualified"":false}]"
primary_vs_sensitivity,P,P056,sensitivity,0.5,1,GOBP_POSITIVE_REGULATION_OF_CHROMOSOME_SEGREGATION,0,INACTIVE,"[{""term_id"":""GOBP_POSITIVE_REGULATION_OF_CHROMOSOME_SEGREGATION"",""NES"":-0.9186198337386806,""FDR"":0.8134450585246051,""leading_edge_n"":6,""qualified"":false}]"
primary_vs_sensitivity,P,P057,primary,0.5,1,GOBP_POSITIVE_REGULATION_OF_CYTOKINESIS,0,INACTIVE,"[{""term_id"":""GOBP_POSITIVE_REGULATION_OF_CYTOKINESIS"",""NES"":-1.0168507107228637,""FDR"":0.6955701077570504,""leading_edge_n"":6,""qualified"":false}]"
primary_vs_sensitivity,P,P057,sensitivity,0.5,1,GOBP_POSITIVE_REGULATION_OF_CYTOKINESIS,0,INACTIVE,"[{""term_id"":""GOBP_POSITIVE_REGULATION_OF_CYTOKINESIS"",""NES"":-1.1220584865538543,""FDR"":0.5709502815729154,""leading_edge_n"":8,""qualified"":false}]"
primary_vs_sensitivity,P,P058,primary,0.5,1,GOBP_POSITIVE_REGULATION_OF_DNA_REPLICATION,0,INACTIVE,"[{""term_id"":""GOBP_POSITIVE_REGULATION_OF_DNA_REPLICATION"",""NES"":0.8849769396049396,""FDR"":0.7855889044343459,""leading_edge_n"":7,""qualified"":false}]"
primary_vs_sensitivity,P,P058,sensitivity,0.5,1,GOBP_POSITIVE_REGULATION_OF_DNA_REPLICATION,0,INACTIVE,"[{""term_id"":""GOBP_POSITIVE_REGULATION_OF_DNA_REPLICATION"",""NES"":-0.942932883713592,""FDR"":0.7809592945287647,""leading_edge_n"":11,""qualified"":false}]"
primary_vs_sensitivity,P,P059,primary,0.5,1,GOBP_POSITIVE_REGULATION_OF_MEIOTIC_CELL_CYCLE,0,INACTIVE,"[{""term_id"":""GOBP_POSITIVE_REGULATION_OF_MEIOTIC_CELL_CYCLE"",""NES"":0.5854365115406178,""FDR"":0.9939290210903402,""leading_edge_n"":6,""qualified"":false}]"
primary_vs_sensitivity,P,P059,sensitivity,0.5,1,GOBP_POSITIVE_REGULATION_OF_MEIOTIC_CELL_CYCLE,0,INACTIVE,"[{""term_id"":""GOBP_POSITIVE_REGULATION_OF_MEIOTIC_CELL_CYCLE"",""NES"":0.551489545467755,""FDR"":0.995625478510035,""leading_edge_n"":6,""qualified"":false}]"
primary_vs_sensitivity,P,P060,primary,0.5,2,GOBP_POSITIVE_REGULATION_OF_METAPHASE_ANAPHASE_TRANSITION_OF_CELL_CYCLE;GOBP_POSITIVE_REGULATION_OF_MITOTIC_SISTER_CHROMATID_SEPARATION,0,INACTIVE,"[{""term_id"":""GOBP_POSITIVE_REGULATION_OF_METAPHASE_ANAPHASE_TRANSITION_OF_CELL_CYCLE"",""NES"":-0.4707214065448635,""FDR"":1.0,""leading_edge_n"":6,""qualified"":false},{""term_id"":""GOBP_POSITIVE_REGULATION_OF_MITOTIC_SISTER_CHROMATID_SEPARATION"",""NES"":-0.7667977972273314,""FDR"":0.9663246379058404,""leading_edge_n"":7,""qualified"":false}]"
primary_vs_sensitivity,P,P060,sensitivity,0.5,2,GOBP_POSITIVE_REGULATION_OF_METAPHASE_ANAPHASE_TRANSITION_OF_CELL_CYCLE;GOBP_POSITIVE_REGULATION_OF_MITOTIC_SISTER_CHROMATID_SEPARATION,0,INACTIVE,"[{""term_id"":""GOBP_POSITIVE_REGULATION_OF_METAPHASE_ANAPHASE_TRANSITION_OF_CELL_CYCLE"",""NES"":-0.8074264409280797,""FDR"":0.9232414362517256,""leading_edge_n"":7,""qualified"":false},{""term_id"":""GOBP_POSITIVE_REGULATION_OF_MITOTIC_SISTER_CHROMATID_SEPARATION"",""NES"":-1.032571147632022,""FDR"":0.6757228425413959,""leading_edge_n"":9,""qualified"":false}]"
primary_vs_sensitivity,P,P061,primary,0.5,1,GOBP_POSITIVE_REGULATION_OF_MITOTIC_NUCLEAR_DIVISION,0,INACTIVE,"[{""term_id"":""GOBP_POSITIVE_REGULATION_OF_MITOTIC_NUCLEAR_DIVISION"",""NES"":0.9491573275475782,""FDR"":0.6905994478424062,""leading_edge_n"":12,""qualified"":false}]"
primary_vs_sensitivity,P,P061,sensitivity,0.5,1,GOBP_POSITIVE_REGULATION_OF_MITOTIC_NUCLEAR_DIVISION,0,INACTIVE,"[{""term_id"":""GOBP_POSITIVE_REGULATION_OF_MITOTIC_NUCLEAR_DIVISION"",""NES"":0.8868938129589241,""FDR"":0.778583908358719,""leading_edge_n"":10,""qualified"":false}]"
primary_vs_sensitivity,P,P062,primary,0.5,3,GOBP_POSITIVE_REGULATION_OF_STEM_CELL_PROLIFERATION;GOBP_REGULATION_OF_STEM_CELL_PROLIFERATION;GOBP_STEM_CELL_PROLIFERATION,0,INACTIVE,"[{""term_id"":""GOBP_POSITIVE_REGULATION_OF_STEM_CELL_PROLIFERATION"",""NES"":1.055834824941776,""FDR"":0.5301537990124686,""leading_edge_n"":1,""qualified"":false},{""term_id"":""GOBP_REGULATION_OF_STEM_CELL_PROLIFERATION"",""NES"":1.4063423111398048,""FDR"":0.1748630365389578,""leading_edge_n"":7,""qualified"":false},{""term_id"":""GOBP_STEM_CELL_PROLIFERATION"",""NES"":1.6055966121728935,""FDR"":0.0804241384777836,""leading_edge_n"":13,""qualified"":false}]"
primary_vs_sensitivity,P,P062,sensitivity,0.5,3,GOBP_POSITIVE_REGULATION_OF_STEM_CELL_PROLIFERATION;GOBP_REGULATION_OF_STEM_CELL_PROLIFERATION;GOBP_STEM_CELL_PROLIFERATION,0,INACTIVE,"[{""term_id"":""GOBP_POSITIVE_REGULATION_OF_STEM_CELL_PROLIFERATION"",""NES"":1.0186506481283226,""FDR"":0.5768933092027286,""leading_edge_n"":2,""qualified"":false},{""term_id"":""GOBP_REGULATION_OF_STEM_CELL_PROLIFERATION"",""NES"":1.4067168932396557,""FDR"":0.1816031784611574,""leading_edge_n"":8,""qualified"":false},{""term_id"":""GOBP_STEM_CELL_PROLIFERATION"",""NES"":1.4378398319833272,""FDR"":0.1619671256468015,""leading_edge_n"":14,""qualified"":false}]"
primary_vs_sensitivity,P,P063,primary,0.5,1,GOBP_POSITIVE_REGULATION_OF_T_CELL_PROLIFERATION,0,INACTIVE,"[{""term_id"":""GOBP_POSITIVE_REGULATION_OF_T_CELL_PROLIFERATION"",""NES"":-0.8066951435525255,""FDR"":0.9429984973785686,""leading_edge_n"":19,""qualified"":false}]"
primary_vs_sensitivity,P,P063,sensitivity,0.5,1,GOBP_POSITIVE_REGULATION_OF_T_CELL_PROLIFERATION,0,INACTIVE,"[{""term_id"":""GOBP_POSITIVE_REGULATION_OF_T_CELL_PROLIFERATION"",""NES"":-0.7988916351115267,""FDR"":0.9316580950781916,""leading_edge_n"":16,""qualified"":false}]"
primary_vs_sensitivity,P,P064,primary,0.5,1,GOBP_REGULATION_OF_ATTACHMENT_OF_SPINDLE_MICROTUBULES_TO_KINETOCHORE,0,INACTIVE,"[{""term_id"":""GOBP_REGULATION_OF_ATTACHMENT_OF_SPINDLE_MICROTUBULES_TO_KINETOCHORE"",""NES"":0.926944243199786,""FDR"":0.7262334744566596,""leading_edge_n"":2,""qualified"":false}]"
primary_vs_sensitivity,P,P064,sensitivity,0.5,1,GOBP_REGULATION_OF_ATTACHMENT_OF_SPINDLE_MICROTUBULES_TO_KINETOCHORE,0,INACTIVE,"[{""term_id"":""GOBP_REGULATION_OF_ATTACHMENT_OF_SPINDLE_MICROTUBULES_TO_KINETOCHORE"",""NES"":1.0923717615847013,""FDR"":0.4788738791763947,""leading_edge_n"":2,""qualified"":false}]"
primary_vs_sensitivity,P,P065,primary,0.5,1,GOBP_REGULATION_OF_CHROMOSOME_SEGREGATION,0,INACTIVE,"[{""term_id"":""GOBP_REGULATION_OF_CHROMOSOME_SEGREGATION"",""NES"":-0.9397105873813808,""FDR"":0.7999139612817807,""leading_edge_n"":49,""qualified"":false}]"
primary_vs_sensitivity,P,P065,sensitivity,0.5,1,GOBP_REGULATION_OF_CHROMOSOME_SEGREGATION,0,INACTIVE,"[{""term_id"":""GOBP_REGULATION_OF_CHROMOSOME_SEGREGATION"",""NES"":-1.0519297527452456,""FDR"":0.6417441201725399,""leading_edge_n"":49,""qualified"":false}]"
primary_vs_sensitivity,P,P066,primary,0.5,1,GOBP_REGULATION_OF_DNA_REPLICATION,0,INACTIVE,"[{""term_id"":""GOBP_REGULATION_OF_DNA_REPLICATION"",""NES"":1.1464104636332042,""FDR"":0.4053022898454403,""leading_edge_n"":44,""qualified"":false}]"
primary_vs_sensitivity,P,P066,sensitivity,0.5,1,GOBP_REGULATION_OF_DNA_REPLICATION,0,INACTIVE,"[{""term_id"":""GOBP_REGULATION_OF_DNA_REPLICATION"",""NES"":1.0764832732281886,""FDR"":0.4986977747332359,""leading_edge_n"":48,""qualified"":false}]"
primary_vs_sensitivity,P,P067,primary,0.5,1,GOBP_REGULATION_OF_DNA_TEMPLATED_DNA_REPLICATION,0,INACTIVE,"[{""term_id"":""GOBP_REGULATION_OF_DNA_TEMPLATED_DNA_REPLICATION"",""NES"":0.9733162662696192,""FDR"":0.649927548398144,""leading_edge_n"":19,""qualified"":false}]"
primary_vs_sensitivity,P,P067,sensitivity,0.5,1,GOBP_REGULATION_OF_DNA_TEMPLATED_DNA_REPLICATION,0,INACTIVE,"[{""term_id"":""GOBP_REGULATION_OF_DNA_TEMPLATED_DNA_REPLICATION"",""NES"":0.9109577407984402,""FDR"":0.7430675384783767,""leading_edge_n"":24,""qualified"":false}]"
primary_vs_sensitivity,P,P068,primary,0.5,1,GOBP_REGULATION_OF_DNA_TEMPLATED_DNA_REPLICATION_INITIATION,0,INACTIVE,"[{""term_id"":""GOBP_REGULATION_OF_DNA_TEMPLATED_DNA_REPLICATION_INITIATION"",""NES"":0.5729172546027981,""FDR"":0.9957445163137838,""leading_edge_n"":9,""qualified"":false}]"
primary_vs_sensitivity,P,P068,sensitivity,0.5,1,GOBP_REGULATION_OF_DNA_TEMPLATED_DNA_REPLICATION_INITIATION,0,INACTIVE,"[{""term_id"":""GOBP_REGULATION_OF_DNA_TEMPLATED_DNA_REPLICATION_INITIATION"",""NES"":-0.6269068831107727,""FDR"":0.9920258415389288,""leading_edge_n"":19,""qualified"":false}]"
primary_vs_sensitivity,P,P069,primary,0.5,1,GOBP_REGULATION_OF_MEIOTIC_CELL_CYCLE,0,INACTIVE,"[{""term_id"":""GOBP_REGULATION_OF_MEIOTIC_CELL_CYCLE"",""NES"":1.1825378372843347,""FDR"":0.3627036316628346,""leading_edge_n"":20,""qualified"":false}]"
primary_vs_sensitivity,P,P069,sensitivity,0.5,1,GOBP_REGULATION_OF_MEIOTIC_CELL_CYCLE,0,INACTIVE,"[{""term_id"":""GOBP_REGULATION_OF_MEIOTIC_CELL_CYCLE"",""NES"":0.9790286034875892,""FDR"":0.636372494119083,""leading_edge_n"":19,""qualified"":false}]"
primary_vs_sensitivity,P,P070,primary,0.5,1,GOBP_REGULATION_OF_MITOTIC_CYTOKINESIS,0,INACTIVE,"[{""term_id"":""GOBP_REGULATION_OF_MITOTIC_CYTOKINESIS"",""NES"":-0.7080079991101135,""FDR"":0.9963647894377308,""leading_edge_n"":3,""qualified"":false}]"
primary_vs_sensitivity,P,P070,sensitivity,0.5,1,GOBP_REGULATION_OF_MITOTIC_CYTOKINESIS,0,INACTIVE,"[{""term_id"":""GOBP_REGULATION_OF_MITOTIC_CYTOKINESIS"",""NES"":-0.8384803425778217,""FDR"":0.9005740248822917,""leading_edge_n"":6,""qualified"":false}]"
primary_vs_sensitivity,P,P071,primary,0.5,3,GOBP_REGULATION_OF_MITOTIC_SPINDLE_ASSEMBLY;GOBP_REGULATION_OF_SPINDLE_ASSEMBLY;GOBP_REGULATION_OF_SPINDLE_ORGANIZATION,0,INACTIVE,"[{""term_id"":""GOBP_REGULATION_OF_MITOTIC_SPINDLE_ASSEMBLY"",""NES"":-1.7426507091549526,""FDR"":0.0815886032307821,""leading_edge_n"":6,""qualified"":false},{""term_id"":""GOBP_REGULATION_OF_SPINDLE_ASSEMBLY"",""NES"":-1.5808743892182826,""FDR"":0.1871187346175175,""leading_edge_n"":6,""qualified"":false},{""term_id"":""GOBP_REGULATION_OF_SPINDLE_ORGANIZATION"",""NES"":-1.493926425024782,""FDR"":0.2673536548842988,""leading_edge_n"":17,""qualified"":false}]"
primary_vs_sensitivity,P,P071,sensitivity,0.5,3,GOBP_REGULATION_OF_MITOTIC_SPINDLE_ASSEMBLY;GOBP_REGULATION_OF_SPINDLE_ASSEMBLY;GOBP_REGULATION_OF_SPINDLE_ORGANIZATION,0,INACTIVE,"[{""term_id"":""GOBP_REGULATION_OF_MITOTIC_SPINDLE_ASSEMBLY"",""NES"":-1.7418057359259471,""FDR"":0.0779386226872156,""leading_edge_n"":6,""qualified"":false},{""term_id"":""GOBP_REGULATION_OF_SPINDLE_ASSEMBLY"",""NES"":-1.6766908358915842,""FDR"":0.1093092291042975,""leading_edge_n"":7,""qualified"":false},{""term_id"":""GOBP_REGULATION_OF_SPINDLE_ORGANIZATION"",""NES"":-1.582973705291724,""FDR"":0.167038946424101,""leading_edge_n"":10,""qualified"":false}]"
primary_vs_sensitivity,P,P072,primary,0.5,1,GOBP_SKELETAL_MUSCLE_CELL_PROLIFERATION,0,INACTIVE,"[{""term_id"":""GOBP_SKELETAL_MUSCLE_CELL_PROLIFERATION"",""NES"":1.5431685475036383,""FDR"":0.1036318013397951,""leading_edge_n"":4,""qualified"":false}]"
primary_vs_sensitivity,P,P072,sensitivity,0.5,1,GOBP_SKELETAL_MUSCLE_CELL_PROLIFERATION,0,INACTIVE,"[{""term_id"":""GOBP_SKELETAL_MUSCLE_CELL_PROLIFERATION"",""NES"":1.614997881119275,""FDR"":0.0825238342297048,""leading_edge_n"":6,""qualified"":false}]"
primary_vs_sensitivity,P,P073,primary,0.5,1,GOBP_TYPE_B_PANCREATIC_CELL_PROLIFERATION,0,INACTIVE,"[{""term_id"":""GOBP_TYPE_B_PANCREATIC_CELL_PROLIFERATION"",""NES"":1.2171213082374392,""FDR"":0.3271258920984622,""leading_edge_n"":4,""qualified"":false}]"
primary_vs_sensitivity,P,P073,sensitivity,0.5,1,GOBP_TYPE_B_PANCREATIC_CELL_PROLIFERATION,0,INACTIVE,"[{""term_id"":""GOBP_TYPE_B_PANCREATIC_CELL_PROLIFERATION"",""NES"":1.2895805419777029,""FDR"":0.2701914479658632,""leading_edge_n"":4,""qualified"":false}]"
primary_vs_sensitivity,P,P074,primary,0.5,1,GOBP_T_CELL_PROLIFERATION,0,INACTIVE,"[{""term_id"":""GOBP_T_CELL_PROLIFERATION"",""NES"":0.8287279092863115,""FDR"":0.8599387824922636,""leading_edge_n"":20,""qualified"":false}]"
primary_vs_sensitivity,P,P074,sensitivity,0.5,1,GOBP_T_CELL_PROLIFERATION,0,INACTIVE,"[{""term_id"":""GOBP_T_CELL_PROLIFERATION"",""NES"":-0.8582138994328473,""FDR"":0.8845529675354687,""leading_edge_n"":28,""qualified"":false}]"
primary_vs_sensitivity,P,P075,primary,0.5,1,GOBP_VASCULAR_ENDOTHELIAL_CELL_PROLIFERATION,0,INACTIVE,"[{""term_id"":""GOBP_VASCULAR_ENDOTHELIAL_CELL_PROLIFERATION"",""NES"":1.2971447631295865,""FDR"":0.2508588820905453,""leading_edge_n"":7,""qualified"":false}]"
primary_vs_sensitivity,P,P075,sensitivity,0.5,1,GOBP_VASCULAR_ENDOTHELIAL_CELL_PROLIFERATION,0,INACTIVE,"[{""term_id"":""GOBP_VASCULAR_ENDOTHELIAL_CELL_PROLIFERATION"",""NES"":1.214803702063413,""FDR"":0.3370936364669853,""leading_edge_n"":6,""qualified"":false}]"
primary_vs_sensitivity,P,P076,primary,0.5,1,HALLMARK_E2F_TARGETS,0,INACTIVE,"[{""term_id"":""HALLMARK_E2F_TARGETS"",""NES"":0.8599468691863386,""FDR"":0.8191543009892385,""leading_edge_n"":50,""qualified"":false}]"
primary_vs_sensitivity,P,P076,sensitivity,0.5,1,HALLMARK_E2F_TARGETS,0,INACTIVE,"[{""term_id"":""HALLMARK_E2F_TARGETS"",""NES"":0.936449855647964,""FDR"":0.7000469080950283,""leading_edge_n"":52,""qualified"":false}]"
primary_vs_sensitivity,P,P077,primary,0.5,1,HALLMARK_G2M_CHECKPOINT,0,INACTIVE,"[{""term_id"":""HALLMARK_G2M_CHECKPOINT"",""NES"":1.3583340608256615,""FDR"":0.2066637291029699,""leading_edge_n"":52,""qualified"":false}]"
primary_vs_sensitivity,P,P077,sensitivity,0.5,1,HALLMARK_G2M_CHECKPOINT,0,INACTIVE,"[{""term_id"":""HALLMARK_G2M_CHECKPOINT"",""NES"":1.4517117943721636,""FDR"":0.1539518520555533,""leading_edge_n"":77,""qualified"":false}]"
primary_vs_sensitivity,P,P078,primary,0.5,1,HALLMARK_MITOTIC_SPINDLE,0,INACTIVE,"[{""term_id"":""HALLMARK_MITOTIC_SPINDLE"",""NES"":-0.9782230586441684,""FDR"":0.7451244107104039,""leading_edge_n"":50,""qualified"":false}]"
primary_vs_sensitivity,P,P078,sensitivity,0.5,1,HALLMARK_MITOTIC_SPINDLE,0,INACTIVE,"[{""term_id"":""HALLMARK_MITOTIC_SPINDLE"",""NES"":-1.3098274122949831,""FDR"":0.4043811035306235,""leading_edge_n"":53,""qualified"":false}]"
primary_vs_sensitivity,P,P079,primary,0.5,3,REACTOME_ABERRANT_REGULATION_OF_MITOTIC_EXIT_IN_CANCER_DUE_TO_RB1_DEFECTS;REACTOME_DISEASES_OF_MITOTIC_CELL_CYCLE;REACTOME_INHIBITION_OF_THE_PROTEOLYTIC_ACTIVITY_OF_APC_C_REQUIRED_FOR_THE_ONSET_OF_ANAPHASE_BY_MITOTIC_SPINDLE_CHECKPOINT_COMPONENTS,0,INACTIVE,"[{""term_id"":""REACTOME_ABERRANT_REGULATION_OF_MITOTIC_EXIT_IN_CANCER_DUE_TO_RB1_DEFECTS"",""NES"":0.7828464802619677,""FDR"":0.9091346353859598,""leading_edge_n"":7,""qualified"":false},{""term_id"":""REACTOME_DISEASES_OF_MITOTIC_CELL_CYCLE"",""NES"":0.7541787985398796,""FDR"":0.9338751809431042,""leading_edge_n"":17,""qualified"":false},{""term_id"":""REACTOME_INHIBITION_OF_THE_PROTEOLYTIC_ACTIVITY_OF_APC_C_REQUIRED_FOR_THE_ONSET_OF_ANAPHASE_BY_MITOTIC_SPINDLE_CHECKPOINT_COMPONENTS"",""NES"":0.5760632818630259,""FDR"":0.9953325165498544,""leading_edge_n"":6,""qualified"":false}]"
primary_vs_sensitivity,P,P079,sensitivity,0.5,3,REACTOME_ABERRANT_REGULATION_OF_MITOTIC_EXIT_IN_CANCER_DUE_TO_RB1_DEFECTS;REACTOME_DISEASES_OF_MITOTIC_CELL_CYCLE;REACTOME_INHIBITION_OF_THE_PROTEOLYTIC_ACTIVITY_OF_APC_C_REQUIRED_FOR_THE_ONSET_OF_ANAPHASE_BY_MITOTIC_SPINDLE_CHECKPOINT_COMPONENTS,0,INACTIVE,"[{""term_id"":""REACTOME_ABERRANT_REGULATION_OF_MITOTIC_EXIT_IN_CANCER_DUE_TO_RB1_DEFECTS"",""NES"":0.612973006282502,""FDR"":0.9882940187892272,""leading_edge_n"":4,""qualified"":false},{""term_id"":""REACTOME_DISEASES_OF_MITOTIC_CELL_CYCLE"",""NES"":0.7577288292510436,""FDR"":0.9207779602254472,""leading_edge_n"":9,""qualified"":false},{""term_id"":""REACTOME_INHIBITION_OF_THE_PROTEOLYTIC_ACTIVITY_OF_APC_C_REQUIRED_FOR_THE_ONSET_OF_ANAPHASE_BY_MITOTIC_SPINDLE_CHECKPOINT_COMPONENTS"",""NES"":0.4768977390553181,""FDR"":0.998919689847114,""leading_edge_n"":3,""qualified"":false}]"
primary_vs_sensitivity,P,P080,primary,0.5,1,REACTOME_ABERRANT_REGULATION_OF_MITOTIC_G1_S_TRANSITION_IN_CANCER_DUE_TO_RB1_DEFECTS,0,INACTIVE,"[{""term_id"":""REACTOME_ABERRANT_REGULATION_OF_MITOTIC_G1_S_TRANSITION_IN_CANCER_DUE_TO_RB1_DEFECTS"",""NES"":0.4214297245283638,""FDR"":0.9996652031740906,""leading_edge_n"":7,""qualified"":false}]"
primary_vs_sensitivity,P,P080,sensitivity,0.5,1,REACTOME_ABERRANT_REGULATION_OF_MITOTIC_G1_S_TRANSITION_IN_CANCER_DUE_TO_RB1_DEFECTS,0,INACTIVE,"[{""term_id"":""REACTOME_ABERRANT_REGULATION_OF_MITOTIC_G1_S_TRANSITION_IN_CANCER_DUE_TO_RB1_DEFECTS"",""NES"":0.7727599937013664,""FDR"":0.907821447620934,""leading_edge_n"":5,""qualified"":false}]"
primary_vs_sensitivity,P,P081,primary,0.5,3,REACTOME_ACTIVATION_OF_APC_C_AND_APC_C_CDC20_MEDIATED_DEGRADATION_OF_MITOTIC_PROTEINS;REACTOME_APC_C_MEDIATED_DEGRADATION_OF_CELL_CYCLE_PROTEINS;REACTOME_FBXL7_DOWN_REGULATES_AURKA_DURING_MITOTIC_ENTRY_AND_IN_EARLY_MITOSIS,1,POSITIVE,"[{""term_id"":""REACTOME_ACTIVATION_OF_APC_C_AND_APC_C_CDC20_MEDIATED_DEGRADATION_OF_MITOTIC_PROTEINS"",""NES"":1.543582137474739,""FDR"":0.1036158534141352,""leading_edge_n"":22,""qualified"":false},{""term_id"":""REACTOME_APC_C_MEDIATED_DEGRADATION_OF_CELL_CYCLE_PROTEINS"",""NES"":1.508467856578403,""FDR"":0.11954011662671,""leading_edge_n"":27,""qualified"":false},{""term_id"":""REACTOME_FBXL7_DOWN_REGULATES_AURKA_DURING_MITOTIC_ENTRY_AND_IN_EARLY_MITOSIS"",""NES"":1.9257618928580629,""FDR"":0.016904712921542,""leading_edge_n"":22,""qualified"":true}]"
primary_vs_sensitivity,P,P081,sensitivity,0.5,3,REACTOME_ACTIVATION_OF_APC_C_AND_APC_C_CDC20_MEDIATED_DEGRADATION_OF_MITOTIC_PROTEINS;REACTOME_APC_C_MEDIATED_DEGRADATION_OF_CELL_CYCLE_PROTEINS;REACTOME_FBXL7_DOWN_REGULATES_AURKA_DURING_MITOTIC_ENTRY_AND_IN_EARLY_MITOSIS,1,POSITIVE,"[{""term_id"":""REACTOME_ACTIVATION_OF_APC_C_AND_APC_C_CDC20_MEDIATED_DEGRADATION_OF_MITOTIC_PROTEINS"",""NES"":1.5117046700884216,""FDR"":0.1243466511002711,""leading_edge_n"":27,""qualified"":false},{""term_id"":""REACTOME_APC_C_MEDIATED_DEGRADATION_OF_CELL_CYCLE_PROTEINS"",""NES"":1.434853763378857,""FDR"":0.1632960964787637,""leading_edge_n"":32,""qualified"":false},{""term_id"":""REACTOME_FBXL7_DOWN_REGULATES_AURKA_DURING_MITOTIC_ENTRY_AND_IN_EARLY_MITOSIS"",""NES"":1.8497466544180772,""FDR"":0.0242925253445054,""leading_edge_n"":27,""qualified"":true}]"
primary_vs_sensitivity,P,P082,primary,0.5,1,REACTOME_CELL_CYCLE_CHECKPOINTS,0,INACTIVE,"[{""term_id"":""REACTOME_CELL_CYCLE_CHECKPOINTS"",""NES"":1.145436366660765,""FDR"":0.4062785761915158,""leading_edge_n"":72,""qualified"":false}]"
primary_vs_sensitivity,P,P082,sensitivity,0.5,1,REACTOME_CELL_CYCLE_CHECKPOINTS,0,INACTIVE,"[{""term_id"":""REACTOME_CELL_CYCLE_CHECKPOINTS"",""NES"":1.0248123290909046,""FDR"":0.5676375050160396,""leading_edge_n"":82,""qualified"":false}]"
primary_vs_sensitivity,P,P083,primary,0.5,2,REACTOME_DNA_REPLICATION;REACTOME_DNA_REPLICATION_PRE_INITIATION,0,INACTIVE,"[{""term_id"":""REACTOME_DNA_REPLICATION"",""NES"":1.5323735953610635,""FDR"":0.1084344058255154,""leading_edge_n"":59,""qualified"":false},{""term_id"":""REACTOME_DNA_REPLICATION_PRE_INITIATION"",""NES"":1.5723121415678465,""FDR"":0.0926433601962008,""leading_edge_n"":48,""qualified"":false}]"
primary_vs_sensitivity,P,P083,sensitivity,0.5,2,REACTOME_DNA_REPLICATION;REACTOME_DNA_REPLICATION_PRE_INITIATION,0,INACTIVE,"[{""term_id"":""REACTOME_DNA_REPLICATION"",""NES"":1.4941475696595845,""FDR"":0.1319805225083827,""leading_edge_n"":63,""qualified"":false},{""term_id"":""REACTOME_DNA_REPLICATION_PRE_INITIATION"",""NES"":1.4878507618258463,""FDR"":0.1346407886148423,""leading_edge_n"":51,""qualified"":false}]"
primary_vs_sensitivity,P,P084,primary,0.5,1,REACTOME_E2F_MEDIATED_REGULATION_OF_DNA_REPLICATION,0,INACTIVE,"[{""term_id"":""REACTOME_E2F_MEDIATED_REGULATION_OF_DNA_REPLICATION"",""NES"":-0.5051754136128108,""FDR"":0.9987775721960328,""leading_edge_n"":3,""qualified"":false}]"
primary_vs_sensitivity,P,P084,sensitivity,0.5,1,REACTOME_E2F_MEDIATED_REGULATION_OF_DNA_REPLICATION,0,INACTIVE,"[{""term_id"":""REACTOME_E2F_MEDIATED_REGULATION_OF_DNA_REPLICATION"",""NES"":-0.4935171422804464,""FDR"":0.9999510443114098,""leading_edge_n"":13,""qualified"":false}]"
primary_vs_sensitivity,P,P085,primary,0.5,1,REACTOME_FOXO_MEDIATED_TRANSCRIPTION_OF_CELL_CYCLE_GENES,0,INACTIVE,"[{""term_id"":""REACTOME_FOXO_MEDIATED_TRANSCRIPTION_OF_CELL_CYCLE_GENES"",""NES"":-1.0126847634601803,""FDR"":0.6998574542632409,""leading_edge_n"":5,""qualified"":false}]"
primary_vs_sensitivity,P,P085,sensitivity,0.5,1,REACTOME_FOXO_MEDIATED_TRANSCRIPTION_OF_CELL_CYCLE_GENES,0,INACTIVE,"[{""term_id"":""REACTOME_FOXO_MEDIATED_TRANSCRIPTION_OF_CELL_CYCLE_GENES"",""NES"":-0.9240938524435172,""FDR"":0.807196352198679,""leading_edge_n"":5,""qualified"":false}]"
primary_vs_sensitivity,P,P086,primary,0.5,1,REACTOME_MEIOSIS,0,INACTIVE,"[{""term_id"":""REACTOME_MEIOSIS"",""NES"":0.7752170740009768,""FDR"":0.9157848920081566,""leading_edge_n"":25,""qualified"":false}]"
primary_vs_sensitivity,P,P086,sensitivity,0.5,1,REACTOME_MEIOSIS,0,INACTIVE,"[{""term_id"":""REACTOME_MEIOSIS"",""NES"":0.7493367107156172,""FDR"":0.9275725819737972,""leading_edge_n"":27,""qualified"":false}]"
primary_vs_sensitivity,P,P087,primary,0.5,1,REACTOME_MITOTIC_G1_PHASE_AND_G1_S_TRANSITION,0,INACTIVE,"[{""term_id"":""REACTOME_MITOTIC_G1_PHASE_AND_G1_S_TRANSITION"",""NES"":1.383656894438256,""FDR"":0.1901122499892614,""leading_edge_n"":53,""qualified"":false}]"
primary_vs_sensitivity,P,P087,sensitivity,0.5,1,REACTOME_MITOTIC_G1_PHASE_AND_G1_S_TRANSITION,0,INACTIVE,"[{""term_id"":""REACTOME_MITOTIC_G1_PHASE_AND_G1_S_TRANSITION"",""NES"":1.47552839470429,""FDR"":0.1411004625037228,""leading_edge_n"":59,""qualified"":false}]"
primary_vs_sensitivity,P,P088,primary,0.5,1,REACTOME_MITOTIC_G2_G2_M_PHASES,0,INACTIVE,"[{""term_id"":""REACTOME_MITOTIC_G2_G2_M_PHASES"",""NES"":0.980229481426227,""FDR"":0.6400715498530714,""leading_edge_n"":49,""qualified"":false}]"
primary_vs_sensitivity,P,P088,sensitivity,0.5,1,REACTOME_MITOTIC_G2_G2_M_PHASES,0,INACTIVE,"[{""term_id"":""REACTOME_MITOTIC_G2_G2_M_PHASES"",""NES"":0.8661318600958496,""FDR"":0.8076457624222418,""leading_edge_n"":45,""qualified"":false}]"
primary_vs_sensitivity,P,P089,primary,0.5,1,REACTOME_MITOTIC_METAPHASE_AND_ANAPHASE,0,INACTIVE,"[{""term_id"":""REACTOME_MITOTIC_METAPHASE_AND_ANAPHASE"",""NES"":1.0379149210872702,""FDR"":0.5547607999981127,""leading_edge_n"":53,""qualified"":false}]"
primary_vs_sensitivity,P,P089,sensitivity,0.5,1,REACTOME_MITOTIC_METAPHASE_AND_ANAPHASE,0,INACTIVE,"[{""term_id"":""REACTOME_MITOTIC_METAPHASE_AND_ANAPHASE"",""NES"":1.076079653872251,""FDR"":0.4991352667070349,""leading_edge_n"":50,""qualified"":false}]"
primary_vs_sensitivity,P,P090,primary,0.5,1,REACTOME_MITOTIC_PROMETAPHASE,0,INACTIVE,"[{""term_id"":""REACTOME_MITOTIC_PROMETAPHASE"",""NES"":-0.9478589517600008,""FDR"":0.7892707776548877,""leading_edge_n"":34,""qualified"":false}]"
primary_vs_sensitivity,P,P090,sensitivity,0.5,1,REACTOME_MITOTIC_PROMETAPHASE,0,INACTIVE,"[{""term_id"":""REACTOME_MITOTIC_PROMETAPHASE"",""NES"":-1.0537731297316622,""FDR"":0.6423866977434598,""leading_edge_n"":62,""qualified"":false}]"
primary_vs_sensitivity,P,P091,primary,0.5,1,REACTOME_MITOTIC_PROPHASE,0,INACTIVE,"[{""term_id"":""REACTOME_MITOTIC_PROPHASE"",""NES"":1.061994600526698,""FDR"":0.5198078140008884,""leading_edge_n"":37,""qualified"":false}]"
primary_vs_sensitivity,P,P091,sensitivity,0.5,1,REACTOME_MITOTIC_PROPHASE,0,INACTIVE,"[{""term_id"":""REACTOME_MITOTIC_PROPHASE"",""NES"":1.0381990268173242,""FDR"":0.5479290280794867,""leading_edge_n"":39,""qualified"":false}]"
primary_vs_sensitivity,P,P092,primary,0.5,1,REACTOME_MITOTIC_SPINDLE_CHECKPOINT,0,INACTIVE,"[{""term_id"":""REACTOME_MITOTIC_SPINDLE_CHECKPOINT"",""NES"":0.6972508987565894,""FDR"":0.9625998966220656,""leading_edge_n"":17,""qualified"":false}]"
primary_vs_sensitivity,P,P092,sensitivity,0.5,1,REACTOME_MITOTIC_SPINDLE_CHECKPOINT,0,INACTIVE,"[{""term_id"":""REACTOME_MITOTIC_SPINDLE_CHECKPOINT"",""NES"":0.7057730763350798,""FDR"":0.9567897265889398,""leading_edge_n"":18,""qualified"":false}]"
primary_vs_sensitivity,P,P093,primary,0.5,1,REACTOME_POSTMITOTIC_NUCLEAR_PORE_COMPLEX_NPC_REFORMATION,0,INACTIVE,"[{""term_id"":""REACTOME_POSTMITOTIC_NUCLEAR_PORE_COMPLEX_NPC_REFORMATION"",""NES"":1.4586496767707586,""FDR"":0.1459978076069032,""leading_edge_n"":8,""qualified"":false}]"
primary_vs_sensitivity,P,P093,sensitivity,0.5,1,REACTOME_POSTMITOTIC_NUCLEAR_PORE_COMPLEX_NPC_REFORMATION,0,INACTIVE,"[{""term_id"":""REACTOME_POSTMITOTIC_NUCLEAR_PORE_COMPLEX_NPC_REFORMATION"",""NES"":1.529913393126248,""FDR"":0.1150996735874389,""leading_edge_n"":10,""qualified"":false}]"
primary_vs_sensitivity,P,P094,primary,0.5,2,REACTOME_RECRUITMENT_OF_MITOTIC_CENTROSOME_PROTEINS_AND_COMPLEXES;REACTOME_RECRUITMENT_OF_NUMA_TO_MITOTIC_CENTROSOMES,0,INACTIVE,"[{""term_id"":""REACTOME_RECRUITMENT_OF_MITOTIC_CENTROSOME_PROTEINS_AND_COMPLEXES"",""NES"":-1.1481065619454385,""FDR"":0.571213773583576,""leading_edge_n"":23,""qualified"":false},{""term_id"":""REACTOME_RECRUITMENT_OF_NUMA_TO_MITOTIC_CENTROSOMES"",""NES"":-1.1731143067733312,""FDR"":0.548686808361512,""leading_edge_n"":26,""qualified"":false}]"
primary_vs_sensitivity,P,P094,sensitivity,0.5,2,REACTOME_RECRUITMENT_OF_MITOTIC_CENTROSOME_PROTEINS_AND_COMPLEXES;REACTOME_RECRUITMENT_OF_NUMA_TO_MITOTIC_CENTROSOMES,0,INACTIVE,"[{""term_id"":""REACTOME_RECRUITMENT_OF_MITOTIC_CENTROSOME_PROTEINS_AND_COMPLEXES"",""NES"":-1.3106149584224265,""FDR"":0.4037506135122779,""leading_edge_n"":42,""qualified"":false},{""term_id"":""REACTOME_RECRUITMENT_OF_NUMA_TO_MITOTIC_CENTROSOMES"",""NES"":-1.302015299886886,""FDR"":0.4073410832487243,""leading_edge_n"":32,""qualified"":false}]"
primary_vs_sensitivity,P,P095,primary,0.5,1,REACTOME_REGULATION_OF_MITF_M_DEPENDENT_GENES_INVOLVED_IN_CELL_CYCLE_AND_PROLIFERATION,0,INACTIVE,"[{""term_id"":""REACTOME_REGULATION_OF_MITF_M_DEPENDENT_GENES_INVOLVED_IN_CELL_CYCLE_AND_PROLIFERATION"",""NES"":0.8599314172880236,""FDR"":0.8189153304241082,""leading_edge_n"":5,""qualified"":false}]"
primary_vs_sensitivity,P,P095,sensitivity,0.5,1,REACTOME_REGULATION_OF_MITF_M_DEPENDENT_GENES_INVOLVED_IN_CELL_CYCLE_AND_PROLIFERATION,0,INACTIVE,"[{""term_id"":""REACTOME_REGULATION_OF_MITF_M_DEPENDENT_GENES_INVOLVED_IN_CELL_CYCLE_AND_PROLIFERATION"",""NES"":0.8386480163120387,""FDR"":0.8424939332845934,""leading_edge_n"":5,""qualified"":false}]"
primary_vs_sensitivity,P,P096,primary,0.5,1,REACTOME_SUMOYLATION_OF_DNA_REPLICATION_PROTEINS,0,INACTIVE,"[{""term_id"":""REACTOME_SUMOYLATION_OF_DNA_REPLICATION_PROTEINS"",""NES"":1.6378257559635143,""FDR"":0.0707817147041786,""leading_edge_n"":15,""qualified"":false}]"
primary_vs_sensitivity,P,P096,sensitivity,0.5,1,REACTOME_SUMOYLATION_OF_DNA_REPLICATION_PROTEINS,0,INACTIVE,"[{""term_id"":""REACTOME_SUMOYLATION_OF_DNA_REPLICATION_PROTEINS"",""NES"":1.6049690335604936,""FDR"":0.0865838076397331,""leading_edge_n"":18,""qualified"":false}]"
primary_vs_sensitivity,P,P097,primary,0.5,1,REACTOME_TP53_REGULATES_TRANSCRIPTION_OF_ADDITIONAL_CELL_CYCLE_GENES_WHOSE_EXACT_ROLE_IN_THE_P53_PATHWAY_REMAIN_UNCERTAIN,0,INACTIVE,"[{""term_id"":""REACTOME_TP53_REGULATES_TRANSCRIPTION_OF_ADDITIONAL_CELL_CYCLE_GENES_WHOSE_EXACT_ROLE_IN_THE_P53_PATHWAY_REMAIN_UNCERTAIN"",""NES"":1.7097610551498608,""FDR"":0.0517326417418281,""leading_edge_n"":9,""qualified"":false}]"
primary_vs_sensitivity,P,P097,sensitivity,0.5,1,REACTOME_TP53_REGULATES_TRANSCRIPTION_OF_ADDITIONAL_CELL_CYCLE_GENES_WHOSE_EXACT_ROLE_IN_THE_P53_PATHWAY_REMAIN_UNCERTAIN,0,INACTIVE,"[{""term_id"":""REACTOME_TP53_REGULATES_TRANSCRIPTION_OF_ADDITIONAL_CELL_CYCLE_GENES_WHOSE_EXACT_ROLE_IN_THE_P53_PATHWAY_REMAIN_UNCERTAIN"",""NES"":1.4970215566883296,""FDR"":0.1309437685322673,""leading_edge_n"":8,""qualified"":false}]"
primary_vs_sensitivity,P,P098,primary,0.5,1,REACTOME_TP53_REGULATES_TRANSCRIPTION_OF_CELL_CYCLE_GENES,0,INACTIVE,"[{""term_id"":""REACTOME_TP53_REGULATES_TRANSCRIPTION_OF_CELL_CYCLE_GENES"",""NES"":1.5053408034178173,""FDR"":0.1213019857606583,""leading_edge_n"":14,""qualified"":false}]"
primary_vs_sensitivity,P,P098,sensitivity,0.5,1,REACTOME_TP53_REGULATES_TRANSCRIPTION_OF_CELL_CYCLE_GENES,0,INACTIVE,"[{""term_id"":""REACTOME_TP53_REGULATES_TRANSCRIPTION_OF_CELL_CYCLE_GENES"",""NES"":1.3936111033694782,""FDR"":0.1896955941367169,""leading_edge_n"":11,""qualified"":false}]"
primary_vs_sensitivity,P,P099,primary,0.5,1,REACTOME_TP53_REGULATES_TRANSCRIPTION_OF_GENES_INVOLVED_IN_G2_CELL_CYCLE_ARREST,0,INACTIVE,"[{""term_id"":""REACTOME_TP53_REGULATES_TRANSCRIPTION_OF_GENES_INVOLVED_IN_G2_CELL_CYCLE_ARREST"",""NES"":1.0150968490042085,""FDR"":0.5894143817389607,""leading_edge_n"":5,""qualified"":false}]"
primary_vs_sensitivity,P,P099,sensitivity,0.5,1,REACTOME_TP53_REGULATES_TRANSCRIPTION_OF_GENES_INVOLVED_IN_G2_CELL_CYCLE_ARREST,0,INACTIVE,"[{""term_id"":""REACTOME_TP53_REGULATES_TRANSCRIPTION_OF_GENES_INVOLVED_IN_G2_CELL_CYCLE_ARREST"",""NES"":1.0376332985555758,""FDR"":0.5489918896516094,""leading_edge_n"":5,""qualified"":false}]"
primary_vs_sensitivity,P,P100,primary,0.5,1,REACTOME_VEGFR2_MEDIATED_CELL_PROLIFERATION,0,INACTIVE,"[{""term_id"":""REACTOME_VEGFR2_MEDIATED_CELL_PROLIFERATION"",""NES"":-0.7743553831971012,""FDR"":0.9631216670865288,""leading_edge_n"":1,""qualified"":false}]"
primary_vs_sensitivity,P,P100,sensitivity,0.5,1,REACTOME_VEGFR2_MEDIATED_CELL_PROLIFERATION,0,INACTIVE,"[{""term_id"":""REACTOME_VEGFR2_MEDIATED_CELL_PROLIFERATION"",""NES"":0.7878669518991432,""FDR"":0.8937085452454653,""leading_edge_n"":5,""qualified"":false}]"
primary_vs_sensitivity,M,M001,primary,0.5,1,GOBP_AMEBOIDAL_TYPE_CELL_MIGRATION,0,INACTIVE,"[{""term_id"":""GOBP_AMEBOIDAL_TYPE_CELL_MIGRATION"",""NES"":1.3248952611502718,""FDR"":0.2309736138402238,""leading_edge_n"":49,""qualified"":false}]"
primary_vs_sensitivity,M,M001,sensitivity,0.5,1,GOBP_AMEBOIDAL_TYPE_CELL_MIGRATION,0,INACTIVE,"[{""term_id"":""GOBP_AMEBOIDAL_TYPE_CELL_MIGRATION"",""NES"":1.3993670340791224,""FDR"":0.1868844452627183,""leading_edge_n"":34,""qualified"":false}]"
primary_vs_sensitivity,M,M002,primary,0.5,10,GOBP_BLOOD_VESSEL_ENDOTHELIAL_CELL_MIGRATION;GOBP_CELL_MIGRATION_INVOLVED_IN_SPROUTING_ANGIOGENESIS;GOBP_ENDOTHELIAL_CELL_MIGRATION;GOBP_NEGATIVE_REGULATION_OF_BLOOD_VESSEL_ENDOTHELIAL_CELL_MIGRATION;GOBP_NEGATIVE_REGULATION_OF_CELL_MIGRATION_INVOLVED_IN_SPROUTING_ANGIOGENESIS;GOBP_NEGATIVE_REGULATION_OF_ENDOTHELIAL_CELL_MIGRATION;GOBP_POSITIVE_REGULATION_OF_BLOOD_VESSEL_ENDOTHELIAL_CELL_MIGRATION;GOBP_POSITIVE_REGULATION_OF_ENDOTHELIAL_CELL_MIGRATION;GOBP_REGULATION_OF_CELL_MIGRATION_INVOLVED_IN_SPROUTING_ANGIOGENESIS;GOBP_REGULATION_OF_ENDOTHELIAL_CELL_MIGRATION,5,POSITIVE,"[{""term_id"":""GOBP_BLOOD_VESSEL_ENDOTHELIAL_CELL_MIGRATION"",""NES"":1.6078329017989843,""FDR"":0.0801022822232324,""leading_edge_n"":23,""qualified"":false},{""term_id"":""GOBP_CELL_MIGRATION_INVOLVED_IN_SPROUTING_ANGIOGENESIS"",""NES"":2.002050414882587,""FDR"":0.0091416607031752,""leading_edge_n"":15,""qualified"":true},{""term_id"":""GOBP_ENDOTHELIAL_CELL_MIGRATION"",""NES"":1.7208919341046864,""FDR"":0.0476120645195238,""leading_edge_n"":42,""qualified"":true},{""term_id"":""GOBP_NEGATIVE_REGULATION_OF_BLOOD_VESSEL_ENDOTHELIAL_CELL_MIGRATION"",""NES"":-1.2632088126303538,""FDR"":0.4841201959244631,""leading_edge_n"":10,""qualified"":false},{""term_id"":""GOBP_NEGATIVE_REGULATION_OF_CELL_MIGRATION_INVOLVED_IN_SPROUTING_ANGIOGENESIS"",""NES"":0.9730053783637695,""FDR"":0.6499627100700741,""leading_edge_n"":2,""qualified"":false},{""term_id"":""GOBP_NEGATIVE_REGULATION_OF_ENDOTHELIAL_CELL_MIGRATION"",""NES"":1.146333513120573,""FDR"":0.4052683986180316,""leading_edge_n"":10,""qualified"":false},{""term_id"":""GOBP_POSITIVE_REGULATION_OF_BLOOD_VESSEL_ENDOTHELIAL_CELL_MIGRATION"",""NES"":1.810887572873042,""FDR"":0.030022355967852,""leading_edge_n"":18,""qualified"":true},{""term_id"":""GOBP_POSITIVE_REGULATION_OF_ENDOTHELIAL_CELL_MIGRATION"",""NES"":1.77240482041597,""FDR"":0.0365262547054747,""leading_edge_n"":19,""qualified"":true},{""term_id"":""GOBP_REGULATION_OF_CELL_MIGRATION_INVOLVED_IN_SPROUTING_ANGIOGENESIS"",""NES"":1.9277215964268968,""FDR"":0.0166340709659015,""leading_edge_n"":14,""qualified"":true},{""term_id"":""GOBP_REGULATION_OF_ENDOTHELIAL_CELL_MIGRATION"",""NES"":1.599973186528232,""FDR"":0.0819653381653638,""leading_edge_n"":31,""qualified"":false}]"
primary_vs_sensitivity,M,M002,sensitivity,0.5,10,GOBP_BLOOD_VESSEL_ENDOTHELIAL_CELL_MIGRATION;GOBP_CELL_MIGRATION_INVOLVED_IN_SPROUTING_ANGIOGENESIS;GOBP_ENDOTHELIAL_CELL_MIGRATION;GOBP_NEGATIVE_REGULATION_OF_BLOOD_VESSEL_ENDOTHELIAL_CELL_MIGRATION;GOBP_NEGATIVE_REGULATION_OF_CELL_MIGRATION_INVOLVED_IN_SPROUTING_ANGIOGENESIS;GOBP_NEGATIVE_REGULATION_OF_ENDOTHELIAL_CELL_MIGRATION;GOBP_POSITIVE_REGULATION_OF_BLOOD_VESSEL_ENDOTHELIAL_CELL_MIGRATION;GOBP_POSITIVE_REGULATION_OF_ENDOTHELIAL_CELL_MIGRATION;GOBP_REGULATION_OF_CELL_MIGRATION_INVOLVED_IN_SPROUTING_ANGIOGENESIS;GOBP_REGULATION_OF_ENDOTHELIAL_CELL_MIGRATION,3,POSITIVE,"[{""term_id"":""GOBP_BLOOD_VESSEL_ENDOTHELIAL_CELL_MIGRATION"",""NES"":1.512670030820613,""FDR"":0.123789850785937,""leading_edge_n"":22,""qualified"":false},{""term_id"":""GOBP_CELL_MIGRATION_INVOLVED_IN_SPROUTING_ANGIOGENESIS"",""NES"":1.968223995263648,""FDR"":0.0115955156915462,""leading_edge_n"":14,""qualified"":true},{""term_id"":""GOBP_ENDOTHELIAL_CELL_MIGRATION"",""NES"":1.673806681913861,""FDR"":0.0638475509631704,""leading_edge_n"":39,""qualified"":false},{""term_id"":""GOBP_NEGATIVE_REGULATION_OF_BLOOD_VESSEL_ENDOTHELIAL_CELL_MIGRATION"",""NES"":-1.4135459703667512,""FDR"":0.3112542745820992,""leading_edge_n"":11,""qualified"":false},{""term_id"":""GOBP_NEGATIVE_REGULATION_OF_CELL_MIGRATION_INVOLVED_IN_SPROUTING_ANGIOGENESIS"",""NES"":1.0603053658945432,""FDR"":0.5225524664609561,""leading_edge_n"":4,""qualified"":false},{""term_id"":""GOBP_NEGATIVE_REGULATION_OF_ENDOTHELIAL_CELL_MIGRATION"",""NES"":-1.2793699083189043,""FDR"":0.4252161331723113,""leading_edge_n"":14,""qualified"":false},{""term_id"":""GOBP_POSITIVE_REGULATION_OF_BLOOD_VESSEL_ENDOTHELIAL_CELL_MIGRATION"",""NES"":1.7181972136347126,""FDR"":0.0501912244843702,""leading_edge_n"":14,""qualified"":false},{""term_id"":""GOBP_POSITIVE_REGULATION_OF_ENDOTHELIAL_CELL_MIGRATION"",""NES"":1.776598250162215,""FDR"":0.0386656406576229,""leading_edge_n"":21,""qualified"":true},{""term_id"":""GOBP_REGULATION_OF_CELL_MIGRATION_INVOLVED_IN_SPROUTING_ANGIOGENESIS"",""NES"":1.842562472294376,""FDR"":0.0256582198767726,""leading_edge_n"":13,""qualified"":true},{""term_id"":""GOBP_REGULATION_OF_ENDOTHELIAL_CELL_MIGRATION"",""NES"":1.5651249436601704,""FDR"":0.1024475244408633,""leading_edge_n"":27,""qualified"":false}]"
primary_vs_sensitivity,M,M003,primary,0.5,17,GOBP_CELL_CHEMOTAXIS;GOBP_GRANULOCYTE_CHEMOTAXIS;GOBP_GRANULOCYTE_MIGRATION;GOBP_LEUKOCYTE_CHEMOTAXIS;GOBP_LEUKOCYTE_MIGRATION;GOBP_MONONUCLEAR_CELL_MIGRATION;GOBP_MYELOID_LEUKOCYTE_MIGRATION;GOBP_NEUTROPHIL_CHEMOTAXIS;GOBP_NEUTROPHIL_MIGRATION;GOBP_POSITIVE_REGULATION_OF_CHEMOTAXIS;GOBP_POSITIVE_REGULATION_OF_LEUKOCYTE_CHEMOTAXIS;GOBP_POSITIVE_REGULATION_OF_LEUKOCYTE_MIGRATION;GOBP_POSITIVE_REGULATION_OF_MONONUCLEAR_CELL_MIGRATION;GOBP_REGULATION_OF_CHEMOTAXIS;GOBP_REGULATION_OF_LEUKOCYTE_CHEMOTAXIS;GOBP_REGULATION_OF_LEUKOCYTE_MIGRATION;GOBP_REGULATION_OF_MONONUCLEAR_CELL_MIGRATION,0,INACTIVE,"[{""term_id"":""GOBP_CELL_CHEMOTAXIS"",""NES"":1.4952469219768012,""FDR"":0.1260868058071024,""leading_edge_n"":35,""qualified"":false},{""term_id"":""GOBP_GRANULOCYTE_CHEMOTAXIS"",""NES"":1.2251194982895544,""FDR"":0.320026607741904,""leading_edge_n"":8,""qualified"":false},{""term_id"":""GOBP_GRANULOCYTE_MIGRATION"",""NES"":1.1454427602977462,""FDR"":0.4064634404212348,""leading_edge_n"":9,""qualified"":false},{""term_id"":""GOBP_LEUKOCYTE_CHEMOTAXIS"",""NES"":1.4826144764821558,""FDR"":0.1321233706902993,""leading_edge_n"":20,""qualified"":false},{""term_id"":""GOBP_LEUKOCYTE_MIGRATION"",""NES"":1.4365406531008016,""FDR"":0.1578192664083592,""leading_edge_n"":32,""qualified"":false},{""term_id"":""GOBP_MONONUCLEAR_CELL_MIGRATION"",""NES"":1.5301527967927562,""FDR"":0.1088637922481762,""leading_edge_n"":21,""qualified"":false},{""term_id"":""GOBP_MYELOID_LEUKOCYTE_MIGRATION"",""NES"":1.3889708516727888,""FDR"":0.1875220990032453,""leading_edge_n"":19,""qualified"":false},{""term_id"":""GOBP_NEUTROPHIL_CHEMOTAXIS"",""NES"":-0.9066261610923204,""FDR"":0.8486044126487551,""leading_edge_n"":13,""qualified"":false},{""term_id"":""GOBP_NEUTROPHIL_MIGRATION"",""NES"":-0.8990735070055905,""FDR"":0.8538360793919951,""leading_edge_n"":16,""qualified"":false},{""term_id"":""GOBP_POSITIVE_REGULATION_OF_CHEMOTAXIS"",""NES"":1.367374135425654,""FDR"":0.2011706485172833,""leading_edge_n"":29,""qualified"":false},{""term_id"":""GOBP_POSITIVE_REGULATION_OF_LEUKOCYTE_CHEMOTAXIS"",""NES"":1.4662858383692878,""FDR"":0.1420822854862499,""leading_edge_n"":20,""qualified"":false},{""term_id"":""GOBP_POSITIVE_REGULATION_OF_LEUKOCYTE_MIGRATION"",""NES"":1.42282853374119,""FDR"":0.1653313666286132,""leading_edge_n"":17,""qualified"":false},{""term_id"":""GOBP_POSITIVE_REGULATION_OF_MONONUCLEAR_CELL_MIGRATION"",""NES"":1.264992656402902,""FDR"":0.2792517356582728,""leading_edge_n"":10,""qualified"":false},{""term_id"":""GOBP_REGULATION_OF_CHEMOTAXIS"",""NES"":1.5148905961146886,""FDR"":0.1160871722888323,""leading_edge_n"":40,""qualified"":false},{""term_id"":""GOBP_REGULATION_OF_LEUKOCYTE_CHEMOTAXIS"",""NES"":1.6738623303900828,""FDR"":0.0611336607805449,""leading_edge_n"":26,""qualified"":false},{""term_id"":""GOBP_REGULATION_OF_LEUKOCYTE_MIGRATION"",""NES"":1.6281280105510958,""FDR"":0.0746433946275468,""leading_edge_n"":26,""qualified"":false},{""term_id"":""GOBP_REGULATION_OF_MONONUCLEAR_CELL_MIGRATION"",""NES"":1.5115334527604498,""FDR"":0.1183506284414929,""leading_edge_n"":16,""qualified"":false}]"
primary_vs_sensitivity,M,M003,sensitivity,0.5,17,GOBP_CELL_CHEMOTAXIS;GOBP_GRANULOCYTE_CHEMOTAXIS;GOBP_GRANULOCYTE_MIGRATION;GOBP_LEUKOCYTE_CHEMOTAXIS;GOBP_LEUKOCYTE_MIGRATION;GOBP_MONONUCLEAR_CELL_MIGRATION;GOBP_MYELOID_LEUKOCYTE_MIGRATION;GOBP_NEUTROPHIL_CHEMOTAXIS;GOBP_NEUTROPHIL_MIGRATION;GOBP_POSITIVE_REGULATION_OF_CHEMOTAXIS;GOBP_POSITIVE_REGULATION_OF_LEUKOCYTE_CHEMOTAXIS;GOBP_POSITIVE_REGULATION_OF_LEUKOCYTE_MIGRATION;GOBP_POSITIVE_REGULATION_OF_MONONUCLEAR_CELL_MIGRATION;GOBP_REGULATION_OF_CHEMOTAXIS;GOBP_REGULATION_OF_LEUKOCYTE_CHEMOTAXIS;GOBP_REGULATION_OF_LEUKOCYTE_MIGRATION;GOBP_REGULATION_OF_MONONUCLEAR_CELL_MIGRATION,0,INACTIVE,"[{""term_id"":""GOBP_CELL_CHEMOTAXIS"",""NES"":1.5381667897006033,""FDR"":0.1116773833206446,""leading_edge_n"":40,""qualified"":false},{""term_id"":""GOBP_GRANULOCYTE_CHEMOTAXIS"",""NES"":1.283557258163943,""FDR"":0.2759433292873034,""leading_edge_n"":10,""qualified"":false},{""term_id"":""GOBP_GRANULOCYTE_MIGRATION"",""NES"":1.1771405052834227,""FDR"":0.3789713666705428,""leading_edge_n"":10,""qualified"":false},{""term_id"":""GOBP_LEUKOCYTE_CHEMOTAXIS"",""NES"":1.5017558213261326,""FDR"":0.1295618327615655,""leading_edge_n"":23,""qualified"":false},{""term_id"":""GOBP_LEUKOCYTE_MIGRATION"",""NES"":1.3708079761893954,""FDR"":0.2053017141054509,""leading_edge_n"":35,""qualified"":false},{""term_id"":""GOBP_MONONUCLEAR_CELL_MIGRATION"",""NES"":1.4692966805357452,""FDR"":0.1443240189843735,""leading_edge_n"":19,""qualified"":false},{""term_id"":""GOBP_MYELOID_LEUKOCYTE_MIGRATION"",""NES"":1.3287264454037755,""FDR"":0.2372337804797373,""leading_edge_n"":21,""qualified"":false},{""term_id"":""GOBP_NEUTROPHIL_CHEMOTAXIS"",""NES"":-0.8558074325728294,""FDR"":0.8848466258293959,""leading_edge_n"":10,""qualified"":false},{""term_id"":""GOBP_NEUTROPHIL_MIGRATION"",""NES"":-0.9048477983818152,""FDR"":0.8270276210506656,""leading_edge_n"":13,""qualified"":false},{""term_id"":""GOBP_POSITIVE_REGULATION_OF_CHEMOTAXIS"",""NES"":1.3610353819448813,""FDR"":0.2142300905292581,""leading_edge_n"":22,""qualified"":false},{""term_id"":""GOBP_POSITIVE_REGULATION_OF_LEUKOCYTE_CHEMOTAXIS"",""NES"":1.4087359641557575,""FDR"":0.1810332008564681,""leading_edge_n"":14,""qualified"":false},{""term_id"":""GOBP_POSITIVE_REGULATION_OF_LEUKOCYTE_MIGRATION"",""NES"":1.357378574190339,""FDR"":0.2162786971326739,""leading_edge_n"":18,""qualified"":false},{""term_id"":""GOBP_POSITIVE_REGULATION_OF_MONONUCLEAR_CELL_MIGRATION"",""NES"":1.2648655245593616,""FDR"":0.2914849069579126,""leading_edge_n"":9,""qualified"":false},{""term_id"":""GOBP_REGULATION_OF_CHEMOTAXIS"",""NES"":1.477844914085667,""FDR"":0.1401424806948246,""leading_edge_n"":30,""qualified"":false},{""term_id"":""GOBP_REGULATION_OF_LEUKOCYTE_CHEMOTAXIS"",""NES"":1.6003584752515398,""FDR"":0.0890020976638042,""leading_edge_n"":18,""qualified"":false},{""term_id"":""GOBP_REGULATION_OF_LEUKOCYTE_MIGRATION"",""NES"":1.5241509134390885,""FDR"":0.1180322571319555,""leading_edge_n"":24,""qualified"":false},{""term_id"":""GOBP_REGULATION_OF_MONONUCLEAR_CELL_MIGRATION"",""NES"":1.450095230055813,""FDR"":0.1546658763604183,""leading_edge_n"":15,""qualified"":false}]"
primary_vs_sensitivity,M,M004,primary,0.5,1,GOBP_CELL_MIGRATION_INVOLVED_IN_HEART_DEVELOPMENT,0,INACTIVE,"[{""term_id"":""GOBP_CELL_MIGRATION_INVOLVED_IN_HEART_DEVELOPMENT"",""NES"":1.3454548934506232,""FDR"":0.2159913534517035,""leading_edge_n"":5,""qualified"":false}]"
primary_vs_sensitivity,M,M004,sensitivity,0.5,1,GOBP_CELL_MIGRATION_INVOLVED_IN_HEART_DEVELOPMENT,0,INACTIVE,"[{""term_id"":""GOBP_CELL_MIGRATION_INVOLVED_IN_HEART_DEVELOPMENT"",""NES"":1.522320219096387,""FDR"":0.1189725641505588,""leading_edge_n"":6,""qualified"":false}]"
primary_vs_sensitivity,M,M005,primary,0.5,4,GOBP_CEREBRAL_CORTEX_CELL_MIGRATION;GOBP_CEREBRAL_CORTEX_RADIALLY_ORIENTED_CELL_MIGRATION;GOBP_FOREBRAIN_CELL_MIGRATION;GOBP_TELENCEPHALON_GLIAL_CELL_MIGRATION,0,INACTIVE,"[{""term_id"":""GOBP_CEREBRAL_CORTEX_CELL_MIGRATION"",""NES"":-0.9332750122806334,""FDR"":0.8071388670273091,""leading_edge_n"":11,""qualified"":false},{""term_id"":""GOBP_CEREBRAL_CORTEX_RADIALLY_ORIENTED_CELL_MIGRATION"",""NES"":-1.0587956228904305,""FDR"":0.6622268803219852,""leading_edge_n"":7,""qualified"":false},{""term_id"":""GOBP_FOREBRAIN_CELL_MIGRATION"",""NES"":-0.9093663448115916,""FDR"":0.8444929481140799,""leading_edge_n"":9,""qualified"":false},{""term_id"":""GOBP_TELENCEPHALON_GLIAL_CELL_MIGRATION"",""NES"":-0.8889541631228891,""FDR"":0.8595229190911099,""leading_edge_n"":3,""qualified"":false}]"
primary_vs_sensitivity,M,M005,sensitivity,0.5,4,GOBP_CEREBRAL_CORTEX_CELL_MIGRATION;GOBP_CEREBRAL_CORTEX_RADIALLY_ORIENTED_CELL_MIGRATION;GOBP_FOREBRAIN_CELL_MIGRATION;GOBP_TELENCEPHALON_GLIAL_CELL_MIGRATION,0,INACTIVE,"[{""term_id"":""GOBP_CEREBRAL_CORTEX_CELL_MIGRATION"",""NES"":-1.098904700536702,""FDR"":0.5973429966230608,""leading_edge_n"":8,""qualified"":false},{""term_id"":""GOBP_CEREBRAL_CORTEX_RADIALLY_ORIENTED_CELL_MIGRATION"",""NES"":-1.2339550313366263,""FDR"":0.4624534864962086,""leading_edge_n"":9,""qualified"":false},{""term_id"":""GOBP_FOREBRAIN_CELL_MIGRATION"",""NES"":-1.031962924082565,""FDR"":0.6760611500027043,""leading_edge_n"":12,""qualified"":false},{""term_id"":""GOBP_TELENCEPHALON_GLIAL_CELL_MIGRATION"",""NES"":-1.0711728822961184,""FDR"":0.6290438790103158,""leading_edge_n"":6,""qualified"":false}]"
primary_vs_sensitivity,M,M006,primary,0.5,1,GOBP_CILIUM_OR_FLAGELLUM_DEPENDENT_CELL_MOTILITY,0,INACTIVE,"[{""term_id"":""GOBP_CILIUM_OR_FLAGELLUM_DEPENDENT_CELL_MOTILITY"",""NES"":-1.104397923452478,""FDR"":0.61447699185798,""leading_edge_n"":46,""qualified"":false}]"
primary_vs_sensitivity,M,M006,sensitivity,0.5,1,GOBP_CILIUM_OR_FLAGELLUM_DEPENDENT_CELL_MOTILITY,0,INACTIVE,"[{""term_id"":""GOBP_CILIUM_OR_FLAGELLUM_DEPENDENT_CELL_MOTILITY"",""NES"":-1.1439182092494955,""FDR"":0.5482351803411598,""leading_edge_n"":54,""qualified"":false}]"
primary_vs_sensitivity,M,M007,primary,0.5,2,GOBP_ENDOTHELIAL_CELL_CHEMOTAXIS;GOBP_REGULATION_OF_ENDOTHELIAL_CELL_CHEMOTAXIS,0,INACTIVE,"[{""term_id"":""GOBP_ENDOTHELIAL_CELL_CHEMOTAXIS"",""NES"":1.4767268534864393,""FDR"":0.1353164557446741,""leading_edge_n"":6,""qualified"":false},{""term_id"":""GOBP_REGULATION_OF_ENDOTHELIAL_CELL_CHEMOTAXIS"",""NES"":-1.20223959770232,""FDR"":0.5208317751586181,""leading_edge_n"":7,""qualified"":false}]"
primary_vs_sensitivity,M,M007,sensitivity,0.5,2,GOBP_ENDOTHELIAL_CELL_CHEMOTAXIS;GOBP_REGULATION_OF_ENDOTHELIAL_CELL_CHEMOTAXIS,0,INACTIVE,"[{""term_id"":""GOBP_ENDOTHELIAL_CELL_CHEMOTAXIS"",""NES"":1.4598334625650735,""FDR"":0.14973239631085,""leading_edge_n"":6,""qualified"":false},{""term_id"":""GOBP_REGULATION_OF_ENDOTHELIAL_CELL_CHEMOTAXIS"",""NES"":-1.2492661510568064,""FDR"":0.4551814749803474,""leading_edge_n"":7,""qualified"":false}]"
primary_vs_sensitivity,M,M008,primary,0.5,2,GOBP_FIBROBLAST_MIGRATION;GOBP_REGULATION_OF_FIBROBLAST_MIGRATION,0,INACTIVE,"[{""term_id"":""GOBP_FIBROBLAST_MIGRATION"",""NES"":1.1787894331446456,""FDR"":0.3669826592103198,""leading_edge_n"":6,""qualified"":false},{""term_id"":""GOBP_REGULATION_OF_FIBROBLAST_MIGRATION"",""NES"":1.075068700586326,""FDR"":0.4998208342655626,""leading_edge_n"":5,""qualified"":false}]"
primary_vs_sensitivity,M,M008,sensitivity,0.5,2,GOBP_FIBROBLAST_MIGRATION;GOBP_REGULATION_OF_FIBROBLAST_MIGRATION,0,INACTIVE,"[{""term_id"":""GOBP_FIBROBLAST_MIGRATION"",""NES"":1.182800055722318,""FDR"":0.3729779201497581,""leading_edge_n"":6,""qualified"":false},{""term_id"":""GOBP_REGULATION_OF_FIBROBLAST_MIGRATION"",""NES"":1.1354915912447914,""FDR"":0.4251083691238848,""leading_edge_n"":5,""qualified"":false}]"
primary_vs_sensitivity,M,M009,primary,0.5,1,GOBP_GLIAL_CELL_MIGRATION,0,INACTIVE,"[{""term_id"":""GOBP_GLIAL_CELL_MIGRATION"",""NES"":-1.492276275680201,""FDR"":0.2670566087265257,""leading_edge_n"":11,""qualified"":false}]"
primary_vs_sensitivity,M,M009,sensitivity,0.5,1,GOBP_GLIAL_CELL_MIGRATION,0,INACTIVE,"[{""term_id"":""GOBP_GLIAL_CELL_MIGRATION"",""NES"":-1.650149088484039,""FDR"":0.1213107929087288,""leading_edge_n"":14,""qualified"":false}]"
primary_vs_sensitivity,M,M010,primary,0.5,1,GOBP_LYMPHOCYTE_CHEMOTAXIS,0,INACTIVE,"[{""term_id"":""GOBP_LYMPHOCYTE_CHEMOTAXIS"",""NES"":1.4401020213140072,""FDR"":0.1559681795873967,""leading_edge_n"":4,""qualified"":false}]"
primary_vs_sensitivity,M,M010,sensitivity,0.5,1,GOBP_LYMPHOCYTE_CHEMOTAXIS,0,INACTIVE,"[{""term_id"":""GOBP_LYMPHOCYTE_CHEMOTAXIS"",""NES"":1.514304893269127,""FDR"":0.1231982163449338,""leading_edge_n"":4,""qualified"":false}]"
primary_vs_sensitivity,M,M011,primary,0.5,6,GOBP_LYMPHOCYTE_MIGRATION;GOBP_POSITIVE_REGULATION_OF_LYMPHOCYTE_MIGRATION;GOBP_POSITIVE_REGULATION_OF_T_CELL_MIGRATION;GOBP_REGULATION_OF_LYMPHOCYTE_MIGRATION;GOBP_REGULATION_OF_T_CELL_MIGRATION;GOBP_T_CELL_MIGRATION,0,INACTIVE,"[{""term_id"":""GOBP_LYMPHOCYTE_MIGRATION"",""NES"":1.2549415670304769,""FDR"":0.2915429762338659,""leading_edge_n"":8,""qualified"":false},{""term_id"":""GOBP_POSITIVE_REGULATION_OF_LYMPHOCYTE_MIGRATION"",""NES"":-1.104980824373058,""FDR"":0.6137718818590403,""leading_edge_n"":4,""qualified"":false},{""term_id"":""GOBP_POSITIVE_REGULATION_OF_T_CELL_MIGRATION"",""NES"":-1.181182490878062,""FDR"":0.542435995978145,""leading_edge_n"":4,""qualified"":false},{""term_id"":""GOBP_REGULATION_OF_LYMPHOCYTE_MIGRATION"",""NES"":0.9582476387115122,""FDR"":0.675738766709439,""leading_edge_n"":9,""qualified"":false},{""term_id"":""GOBP_REGULATION_OF_T_CELL_MIGRATION"",""NES"":-0.906712136831184,""FDR"":0.8491940055056745,""leading_edge_n"":4,""qualified"":false},{""term_id"":""GOBP_T_CELL_MIGRATION"",""NES"":1.1040131031175575,""FDR"":0.4628344576021574,""leading_edge_n"":6,""qualified"":false}]"
primary_vs_sensitivity,M,M011,sensitivity,0.5,6,GOBP_LYMPHOCYTE_MIGRATION;GOBP_POSITIVE_REGULATION_OF_LYMPHOCYTE_MIGRATION;GOBP_POSITIVE_REGULATION_OF_T_CELL_MIGRATION;GOBP_REGULATION_OF_LYMPHOCYTE_MIGRATION;GOBP_REGULATION_OF_T_CELL_MIGRATION;GOBP_T_CELL_MIGRATION,0,INACTIVE,"[{""term_id"":""GOBP_LYMPHOCYTE_MIGRATION"",""NES"":1.2277953027455633,""FDR"":0.3244311879435134,""leading_edge_n"":8,""qualified"":false},{""term_id"":""GOBP_POSITIVE_REGULATION_OF_LYMPHOCYTE_MIGRATION"",""NES"":-1.2099975923148234,""FDR"":0.4840768438961715,""leading_edge_n"":4,""qualified"":false},{""term_id"":""GOBP_POSITIVE_REGULATION_OF_T_CELL_MIGRATION"",""NES"":-1.3010974940294706,""FDR"":0.4051032392433591,""leading_edge_n"":4,""qualified"":false},{""term_id"":""GOBP_REGULATION_OF_LYMPHOCYTE_MIGRATION"",""NES"":-0.8773983176634633,""FDR"":0.8625750764606155,""leading_edge_n"":5,""qualified"":false},{""term_id"":""GOBP_REGULATION_OF_T_CELL_MIGRATION"",""NES"":-1.0258140493617318,""FDR"":0.6816546571057557,""leading_edge_n"":4,""qualified"":false},{""term_id"":""GOBP_T_CELL_MIGRATION"",""NES"":1.033718320793908,""FDR"":0.5551142233293384,""leading_edge_n"":6,""qualified"":false}]"
primary_vs_sensitivity,M,M012,primary,0.5,6,GOBP_MACROPHAGE_CHEMOTAXIS;GOBP_MACROPHAGE_MIGRATION;GOBP_POSITIVE_REGULATION_OF_MACROPHAGE_CHEMOTAXIS;GOBP_POSITIVE_REGULATION_OF_MACROPHAGE_MIGRATION;GOBP_REGULATION_OF_MACROPHAGE_CHEMOTAXIS;GOBP_REGULATION_OF_MACROPHAGE_MIGRATION,0,INACTIVE,"[{""term_id"":""GOBP_MACROPHAGE_CHEMOTAXIS"",""NES"":1.2318493785297049,""FDR"":0.3118209088256805,""leading_edge_n"":7,""qualified"":false},{""term_id"":""GOBP_MACROPHAGE_MIGRATION"",""NES"":1.002893748636176,""FDR"":0.6073906897436301,""leading_edge_n"":5,""qualified"":false},{""term_id"":""GOBP_POSITIVE_REGULATION_OF_MACROPHAGE_CHEMOTAXIS"",""NES"":1.576562243556769,""FDR"":0.0919862006965788,""leading_edge_n"":5,""qualified"":false},{""term_id"":""GOBP_POSITIVE_REGULATION_OF_MACROPHAGE_MIGRATION"",""NES"":1.4422027908467956,""FDR"":0.1552626772859485,""leading_edge_n"":5,""qualified"":false},{""term_id"":""GOBP_REGULATION_OF_MACROPHAGE_CHEMOTAXIS"",""NES"":1.3865690298180315,""FDR"":0.1883350937712044,""leading_edge_n"":7,""qualified"":false},{""term_id"":""GOBP_REGULATION_OF_MACROPHAGE_MIGRATION"",""NES"":1.1093672579800282,""FDR"":0.4554701644090387,""leading_edge_n"":5,""qualified"":false}]"
primary_vs_sensitivity,M,M012,sensitivity,0.5,6,GOBP_MACROPHAGE_CHEMOTAXIS;GOBP_MACROPHAGE_MIGRATION;GOBP_POSITIVE_REGULATION_OF_MACROPHAGE_CHEMOTAXIS;GOBP_POSITIVE_REGULATION_OF_MACROPHAGE_MIGRATION;GOBP_REGULATION_OF_MACROPHAGE_CHEMOTAXIS;GOBP_REGULATION_OF_MACROPHAGE_MIGRATION,0,INACTIVE,"[{""term_id"":""GOBP_MACROPHAGE_CHEMOTAXIS"",""NES"":1.405762701967025,""FDR"":0.1823608094318822,""leading_edge_n"":5,""qualified"":false},{""term_id"":""GOBP_MACROPHAGE_MIGRATION"",""NES"":1.1262571586680514,""FDR"":0.4377327021650903,""leading_edge_n"":5,""qualified"":false},{""term_id"":""GOBP_POSITIVE_REGULATION_OF_MACROPHAGE_CHEMOTAXIS"",""NES"":1.720418557025093,""FDR"":0.050189938335506,""leading_edge_n"":5,""qualified"":false},{""term_id"":""GOBP_POSITIVE_REGULATION_OF_MACROPHAGE_MIGRATION"",""NES"":1.62879050056878,""FDR"":0.0782222824989036,""leading_edge_n"":5,""qualified"":false},{""term_id"":""GOBP_REGULATION_OF_MACROPHAGE_CHEMOTAXIS"",""NES"":1.5496939709663349,""FDR"":0.1075156828540108,""leading_edge_n"":5,""qualified"":false},{""term_id"":""GOBP_REGULATION_OF_MACROPHAGE_MIGRATION"",""NES"":1.2460141510410372,""FDR"":0.3079171177111657,""leading_edge_n"":5,""qualified"":false}]"
primary_vs_sensitivity,M,M013,primary,0.5,1,GOBP_MESENCHYMAL_CELL_MIGRATION,0,INACTIVE,"[{""term_id"":""GOBP_MESENCHYMAL_CELL_MIGRATION"",""NES"":1.0424989175731292,""FDR"":0.5478957406626933,""leading_edge_n"":7,""qualified"":false}]"
primary_vs_sensitivity,M,M013,sensitivity,0.5,1,GOBP_MESENCHYMAL_CELL_MIGRATION,0,INACTIVE,"[{""term_id"":""GOBP_MESENCHYMAL_CELL_MIGRATION"",""NES"":1.27526397599646,""FDR"":0.2822712499842539,""leading_edge_n"":10,""qualified"":false}]"
primary_vs_sensitivity,M,M014,primary,0.5,2,GOBP_MONOCYTE_CHEMOTAXIS;GOBP_REGULATION_OF_MONOCYTE_CHEMOTAXIS,2,POSITIVE,"[{""term_id"":""GOBP_MONOCYTE_CHEMOTAXIS"",""NES"":1.971007345599825,""FDR"":0.0121354616804092,""leading_edge_n"":8,""qualified"":true},{""term_id"":""GOBP_REGULATION_OF_MONOCYTE_CHEMOTAXIS"",""NES"":2.048607637282163,""FDR"":0.0070838580144015,""leading_edge_n"":6,""qualified"":true}]"
primary_vs_sensitivity,M,M014,sensitivity,0.5,2,GOBP_MONOCYTE_CHEMOTAXIS;GOBP_REGULATION_OF_MONOCYTE_CHEMOTAXIS,2,POSITIVE,"[{""term_id"":""GOBP_MONOCYTE_CHEMOTAXIS"",""NES"":1.7937910839093854,""FDR"":0.0342850251503457,""leading_edge_n"":8,""qualified"":true},{""term_id"":""GOBP_REGULATION_OF_MONOCYTE_CHEMOTAXIS"",""NES"":1.95565558807535,""FDR"":0.0121688573676303,""leading_edge_n"":6,""qualified"":true}]"
primary_vs_sensitivity,M,M015,primary,0.5,3,GOBP_MUSCLE_CELL_MIGRATION;GOBP_SMOOTH_MUSCLE_CELL_MIGRATION;GOBP_VASCULAR_ASSOCIATED_SMOOTH_MUSCLE_CELL_MIGRATION,0,INACTIVE,"[{""term_id"":""GOBP_MUSCLE_CELL_MIGRATION"",""NES"":1.4692611290417688,""FDR"":0.1401362509811111,""leading_edge_n"":19,""qualified"":false},{""term_id"":""GOBP_SMOOTH_MUSCLE_CELL_MIGRATION"",""NES"":1.529462598973509,""FDR"":0.1089284005643412,""leading_edge_n"":14,""qualified"":false},{""term_id"":""GOBP_VASCULAR_ASSOCIATED_SMOOTH_MUSCLE_CELL_MIGRATION"",""NES"":1.5845625644105743,""FDR"":0.0885338366355494,""leading_edge_n"":7,""qualified"":false}]"
primary_vs_sensitivity,M,M015,sensitivity,0.5,3,GOBP_MUSCLE_CELL_MIGRATION;GOBP_SMOOTH_MUSCLE_CELL_MIGRATION;GOBP_VASCULAR_ASSOCIATED_SMOOTH_MUSCLE_CELL_MIGRATION,0,INACTIVE,"[{""term_id"":""GOBP_MUSCLE_CELL_MIGRATION"",""NES"":1.5634025432810053,""FDR"":0.1024394603415245,""leading_edge_n"":22,""qualified"":false},{""term_id"":""GOBP_SMOOTH_MUSCLE_CELL_MIGRATION"",""NES"":1.556294970614813,""FDR"":0.1052138537764731,""leading_edge_n"":19,""qualified"":false},{""term_id"":""GOBP_VASCULAR_ASSOCIATED_SMOOTH_MUSCLE_CELL_MIGRATION"",""NES"":1.701340475112704,""FDR"":0.0557450490698712,""leading_edge_n"":8,""qualified"":false}]"
primary_vs_sensitivity,M,M016,primary,0.5,1,GOBP_NEGATIVE_CHEMOTAXIS,0,INACTIVE,"[{""term_id"":""GOBP_NEGATIVE_CHEMOTAXIS"",""NES"":-1.0620835420357408,""FDR"":0.6577734464100862,""leading_edge_n"":7,""qualified"":false}]"
primary_vs_sensitivity,M,M016,sensitivity,0.5,1,GOBP_NEGATIVE_CHEMOTAXIS,0,INACTIVE,"[{""term_id"":""GOBP_NEGATIVE_CHEMOTAXIS"",""NES"":-1.007082641081244,""FDR"":0.6995648576612621,""leading_edge_n"":8,""qualified"":false}]"
primary_vs_sensitivity,M,M017,primary,0.5,1,GOBP_NEGATIVE_REGULATION_OF_CHEMOTAXIS,1,POSITIVE,"[{""term_id"":""GOBP_NEGATIVE_REGULATION_OF_CHEMOTAXIS"",""NES"":1.9552778452649089,""FDR"":0.0132768498704461,""leading_edge_n"":8,""qualified"":true}]"
primary_vs_sensitivity,M,M017,sensitivity,0.5,1,GOBP_NEGATIVE_REGULATION_OF_CHEMOTAXIS,1,POSITIVE,"[{""term_id"":""GOBP_NEGATIVE_REGULATION_OF_CHEMOTAXIS"",""NES"":1.939028914499148,""FDR"":0.0130226490719283,""leading_edge_n"":8,""qualified"":true}]"
primary_vs_sensitivity,M,M018,primary,0.5,2,GOBP_NEGATIVE_REGULATION_OF_LEUKOCYTE_MIGRATION;GOBP_NEGATIVE_REGULATION_OF_MONONUCLEAR_CELL_MIGRATION,2,POSITIVE,"[{""term_id"":""GOBP_NEGATIVE_REGULATION_OF_LEUKOCYTE_MIGRATION"",""NES"":1.8560309166955464,""FDR"":0.0230826719184932,""leading_edge_n"":7,""qualified"":true},{""term_id"":""GOBP_NEGATIVE_REGULATION_OF_MONONUCLEAR_CELL_MIGRATION"",""NES"":1.957178431035276,""FDR"":0.0130241236498973,""leading_edge_n"":5,""qualified"":true}]"
primary_vs_sensitivity,M,M018,sensitivity,0.5,2,GOBP_NEGATIVE_REGULATION_OF_LEUKOCYTE_MIGRATION;GOBP_NEGATIVE_REGULATION_OF_MONONUCLEAR_CELL_MIGRATION,2,POSITIVE,"[{""term_id"":""GOBP_NEGATIVE_REGULATION_OF_LEUKOCYTE_MIGRATION"",""NES"":1.7995133173629905,""FDR"":0.0334515878323757,""leading_edge_n"":7,""qualified"":true},{""term_id"":""GOBP_NEGATIVE_REGULATION_OF_MONONUCLEAR_CELL_MIGRATION"",""NES"":1.888653560094719,""FDR"":0.0193679518741914,""leading_edge_n"":5,""qualified"":true}]"
primary_vs_sensitivity,M,M019,primary,0.5,1,GOBP_NEGATIVE_REGULATION_OF_LOCOMOTION,0,INACTIVE,"[{""term_id"":""GOBP_NEGATIVE_REGULATION_OF_LOCOMOTION"",""NES"":1.6969348996673914,""FDR"":0.0552897237288856,""leading_edge_n"":40,""qualified"":false}]"
primary_vs_sensitivity,M,M019,sensitivity,0.5,1,GOBP_NEGATIVE_REGULATION_OF_LOCOMOTION,0,INACTIVE,"[{""term_id"":""GOBP_NEGATIVE_REGULATION_OF_LOCOMOTION"",""NES"":1.651561443509212,""FDR"":0.0701038376381726,""leading_edge_n"":40,""qualified"":false}]"
primary_vs_sensitivity,M,M020,primary,0.5,1,GOBP_NEGATIVE_REGULATION_OF_SMOOTH_MUSCLE_CELL_MIGRATION,0,INACTIVE,"[{""term_id"":""GOBP_NEGATIVE_REGULATION_OF_SMOOTH_MUSCLE_CELL_MIGRATION"",""NES"":1.5143103952916908,""FDR"":0.1164928549323318,""leading_edge_n"":6,""qualified"":false}]"
primary_vs_sensitivity,M,M020,sensitivity,0.5,1,GOBP_NEGATIVE_REGULATION_OF_SMOOTH_MUSCLE_CELL_MIGRATION,0,INACTIVE,"[{""term_id"":""GOBP_NEGATIVE_REGULATION_OF_SMOOTH_MUSCLE_CELL_MIGRATION"",""NES"":1.5928237902211693,""FDR"":0.0910680414237154,""leading_edge_n"":6,""qualified"":false}]"
primary_vs_sensitivity,M,M021,primary,0.5,1,GOBP_NEURON_MIGRATION,0,INACTIVE,"[{""term_id"":""GOBP_NEURON_MIGRATION"",""NES"":0.895419170266364,""FDR"":0.7704223722744123,""leading_edge_n"":27,""qualified"":false}]"
primary_vs_sensitivity,M,M021,sensitivity,0.5,1,GOBP_NEURON_MIGRATION,0,INACTIVE,"[{""term_id"":""GOBP_NEURON_MIGRATION"",""NES"":0.909908118230921,""FDR"":0.7448976970374329,""leading_edge_n"":28,""qualified"":false}]"
primary_vs_sensitivity,M,M022,primary,0.5,1,GOBP_POSITIVE_CHEMOTAXIS,0,INACTIVE,"[{""term_id"":""GOBP_POSITIVE_CHEMOTAXIS"",""NES"":-1.1551003658926795,""FDR"":0.5658508594295835,""leading_edge_n"":10,""qualified"":false}]"
primary_vs_sensitivity,M,M022,sensitivity,0.5,1,GOBP_POSITIVE_CHEMOTAXIS,0,INACTIVE,"[{""term_id"":""GOBP_POSITIVE_CHEMOTAXIS"",""NES"":-1.256211951575454,""FDR"":0.4489791789098218,""leading_edge_n"":11,""qualified"":false}]"
primary_vs_sensitivity,M,M023,primary,0.5,1,GOBP_POSITIVE_REGULATION_OF_CELL_MIGRATION_INVOLVED_IN_SPROUTING_ANGIOGENESIS,1,POSITIVE,"[{""term_id"":""GOBP_POSITIVE_REGULATION_OF_CELL_MIGRATION_INVOLVED_IN_SPROUTING_ANGIOGENESIS"",""NES"":2.132786920385796,""FDR"":0.0036387030237909,""leading_edge_n"":11,""qualified"":true}]"
primary_vs_sensitivity,M,M023,sensitivity,0.5,1,GOBP_POSITIVE_REGULATION_OF_CELL_MIGRATION_INVOLVED_IN_SPROUTING_ANGIOGENESIS,1,POSITIVE,"[{""term_id"":""GOBP_POSITIVE_REGULATION_OF_CELL_MIGRATION_INVOLVED_IN_SPROUTING_ANGIOGENESIS"",""NES"":1.9826725479931744,""FDR"":0.0101399783050054,""leading_edge_n"":8,""qualified"":true}]"
primary_vs_sensitivity,M,M024,primary,0.5,3,GOBP_POSITIVE_REGULATION_OF_EPITHELIAL_CELL_MIGRATION;GOBP_REGULATION_OF_EPITHELIAL_CELL_MIGRATION;GOBP_TISSUE_MIGRATION,0,INACTIVE,"[{""term_id"":""GOBP_POSITIVE_REGULATION_OF_EPITHELIAL_CELL_MIGRATION"",""NES"":-1.0389365516166134,""FDR"":0.6874472634899141,""leading_edge_n"":5,""qualified"":false},{""term_id"":""GOBP_REGULATION_OF_EPITHELIAL_CELL_MIGRATION"",""NES"":1.0160006297683764,""FDR"":0.5884177325586786,""leading_edge_n"":8,""qualified"":false},{""term_id"":""GOBP_TISSUE_MIGRATION"",""NES"":1.190985512940789,""FDR"":0.3542907998959014,""leading_edge_n"":12,""qualified"":false}]"
primary_vs_sensitivity,M,M024,sensitivity,0.5,3,GOBP_POSITIVE_REGULATION_OF_EPITHELIAL_CELL_MIGRATION;GOBP_REGULATION_OF_EPITHELIAL_CELL_MIGRATION;GOBP_TISSUE_MIGRATION,0,INACTIVE,"[{""term_id"":""GOBP_POSITIVE_REGULATION_OF_EPITHELIAL_CELL_MIGRATION"",""NES"":-0.998920525787836,""FDR"":0.7020952903187138,""leading_edge_n"":6,""qualified"":false},{""term_id"":""GOBP_REGULATION_OF_EPITHELIAL_CELL_MIGRATION"",""NES"":1.0311275084237144,""FDR"":0.558841351453369,""leading_edge_n"":9,""qualified"":false},{""term_id"":""GOBP_TISSUE_MIGRATION"",""NES"":1.229514414447425,""FDR"":0.323379761876367,""leading_edge_n"":13,""qualified"":false}]"
primary_vs_sensitivity,M,M025,primary,0.5,5,GOBP_POSITIVE_REGULATION_OF_GRANULOCYTE_CHEMOTAXIS;GOBP_POSITIVE_REGULATION_OF_NEUTROPHIL_MIGRATION;GOBP_REGULATION_OF_GRANULOCYTE_CHEMOTAXIS;GOBP_REGULATION_OF_NEUTROPHIL_CHEMOTAXIS;GOBP_REGULATION_OF_NEUTROPHIL_MIGRATION,0,INACTIVE,"[{""term_id"":""GOBP_POSITIVE_REGULATION_OF_GRANULOCYTE_CHEMOTAXIS"",""NES"":-0.8507427368813336,""FDR"":0.9034414383121974,""leading_edge_n"":6,""qualified"":false},{""term_id"":""GOBP_POSITIVE_REGULATION_OF_NEUTROPHIL_MIGRATION"",""NES"":0.9376619279078658,""FDR"":0.7085476804772153,""leading_edge_n"":3,""qualified"":false},{""term_id"":""GOBP_REGULATION_OF_GRANULOCYTE_CHEMOTAXIS"",""NES"":1.4637249388631657,""FDR"":0.1436689933805161,""leading_edge_n"":7,""qualified"":false},{""term_id"":""GOBP_REGULATION_OF_NEUTROPHIL_CHEMOTAXIS"",""NES"":-0.8196325212902358,""FDR"":0.9310814831290772,""leading_edge_n"":7,""qualified"":false},{""term_id"":""GOBP_REGULATION_OF_NEUTROPHIL_MIGRATION"",""NES"":-0.8120464651144281,""FDR"":0.9391036188771216,""leading_edge_n"":9,""qualified"":false}]"
primary_vs_sensitivity,M,M025,sensitivity,0.5,5,GOBP_POSITIVE_REGULATION_OF_GRANULOCYTE_CHEMOTAXIS;GOBP_POSITIVE_REGULATION_OF_NEUTROPHIL_MIGRATION;GOBP_REGULATION_OF_GRANULOCYTE_CHEMOTAXIS;GOBP_REGULATION_OF_NEUTROPHIL_CHEMOTAXIS;GOBP_REGULATION_OF_NEUTROPHIL_MIGRATION,0,INACTIVE,"[{""term_id"":""GOBP_POSITIVE_REGULATION_OF_GRANULOCYTE_CHEMOTAXIS"",""NES"":-1.0550455676246069,""FDR"":0.6416946601247425,""leading_edge_n"":6,""qualified"":false},{""term_id"":""GOBP_POSITIVE_REGULATION_OF_NEUTROPHIL_MIGRATION"",""NES"":-0.9557258459528332,""FDR"":0.770640078780318,""leading_edge_n"":7,""qualified"":false},{""term_id"":""GOBP_REGULATION_OF_GRANULOCYTE_CHEMOTAXIS"",""NES"":1.4905989305729197,""FDR"":0.1336020048483169,""leading_edge_n"":7,""qualified"":false},{""term_id"":""GOBP_REGULATION_OF_NEUTROPHIL_CHEMOTAXIS"",""NES"":-0.9327742346745748,""FDR"":0.7940099441011047,""leading_edge_n"":6,""qualified"":false},{""term_id"":""GOBP_REGULATION_OF_NEUTROPHIL_MIGRATION"",""NES"":-0.9077468477842644,""FDR"":0.8230849626722014,""leading_edge_n"":8,""qualified"":false}]"
primary_vs_sensitivity,M,M026,primary,0.5,1,GOBP_POSITIVE_REGULATION_OF_LOCOMOTION,1,POSITIVE,"[{""term_id"":""GOBP_POSITIVE_REGULATION_OF_LOCOMOTION"",""NES"":1.811062660809769,""FDR"":0.0302758540413209,""leading_edge_n"":96,""qualified"":true}]"
primary_vs_sensitivity,M,M026,sensitivity,0.5,1,GOBP_POSITIVE_REGULATION_OF_LOCOMOTION,1,POSITIVE,"[{""term_id"":""GOBP_POSITIVE_REGULATION_OF_LOCOMOTION"",""NES"":1.7402022963217525,""FDR"":0.0461306628574906,""leading_edge_n"":93,""qualified"":true}]"
primary_vs_sensitivity,M,M027,primary,0.5,1,GOBP_POSITIVE_REGULATION_OF_NEURON_MIGRATION,0,INACTIVE,"[{""term_id"":""GOBP_POSITIVE_REGULATION_OF_NEURON_MIGRATION"",""NES"":0.8200239605553217,""FDR"":0.8702345022103617,""leading_edge_n"":7,""qualified"":false}]"
primary_vs_sensitivity,M,M027,sensitivity,0.5,1,GOBP_POSITIVE_REGULATION_OF_NEURON_MIGRATION,0,INACTIVE,"[{""term_id"":""GOBP_POSITIVE_REGULATION_OF_NEURON_MIGRATION"",""NES"":-0.6763881756709886,""FDR"":0.9870590787281608,""leading_edge_n"":2,""qualified"":false}]"
primary_vs_sensitivity,M,M028,primary,0.5,1,GOBP_POSITIVE_REGULATION_OF_SMOOTH_MUSCLE_CELL_MIGRATION,0,INACTIVE,"[{""term_id"":""GOBP_POSITIVE_REGULATION_OF_SMOOTH_MUSCLE_CELL_MIGRATION"",""NES"":1.234938265175898,""FDR"":0.3103196338853112,""leading_edge_n"":8,""qualified"":false}]"
primary_vs_sensitivity,M,M028,sensitivity,0.5,1,GOBP_POSITIVE_REGULATION_OF_SMOOTH_MUSCLE_CELL_MIGRATION,0,INACTIVE,"[{""term_id"":""GOBP_POSITIVE_REGULATION_OF_SMOOTH_MUSCLE_CELL_MIGRATION"",""NES"":1.0962038035365966,""FDR"":0.474283835293135,""leading_edge_n"":9,""qualified"":false}]"
primary_vs_sensitivity,M,M029,primary,0.5,1,GOBP_REGULATION_OF_NEURON_MIGRATION,0,INACTIVE,"[{""term_id"":""GOBP_REGULATION_OF_NEURON_MIGRATION"",""NES"":0.7250928187568243,""FDR"":0.9523007753602696,""leading_edge_n"":14,""qualified"":false}]"
primary_vs_sensitivity,M,M029,sensitivity,0.5,1,GOBP_REGULATION_OF_NEURON_MIGRATION,0,INACTIVE,"[{""term_id"":""GOBP_REGULATION_OF_NEURON_MIGRATION"",""NES"":-0.8532062945031725,""FDR"":0.8889763178627885,""leading_edge_n"":6,""qualified"":false}]"
primary_vs_sensitivity,M,M030,primary,0.5,1,GOBP_REGULATION_OF_POSITIVE_CHEMOTAXIS,0,INACTIVE,"[{""term_id"":""GOBP_REGULATION_OF_POSITIVE_CHEMOTAXIS"",""NES"":-0.9886291908131524,""FDR"":0.7368906572734738,""leading_edge_n"":4,""qualified"":false}]"
primary_vs_sensitivity,M,M030,sensitivity,0.5,1,GOBP_REGULATION_OF_POSITIVE_CHEMOTAXIS,0,INACTIVE,"[{""term_id"":""GOBP_REGULATION_OF_POSITIVE_CHEMOTAXIS"",""NES"":-1.1373346227602488,""FDR"":0.5546545131404069,""leading_edge_n"":5,""qualified"":false}]"
primary_vs_sensitivity,M,M031,primary,0.5,1,GOBP_SUBSTRATE_DEPENDENT_CELL_MIGRATION,0,INACTIVE,"[{""term_id"":""GOBP_SUBSTRATE_DEPENDENT_CELL_MIGRATION"",""NES"":1.3592454699320926,""FDR"":0.2059908844714226,""leading_edge_n"":5,""qualified"":false}]"
primary_vs_sensitivity,M,M031,sensitivity,0.5,1,GOBP_SUBSTRATE_DEPENDENT_CELL_MIGRATION,0,INACTIVE,"[{""term_id"":""GOBP_SUBSTRATE_DEPENDENT_CELL_MIGRATION"",""NES"":1.328642354528648,""FDR"":0.2371519949535545,""leading_edge_n"":5,""qualified"":false}]"
primary_vs_sensitivity,M,M032,primary,0.5,1,GOBP_TROPHOBLAST_CELL_MIGRATION,0,INACTIVE,"[{""term_id"":""GOBP_TROPHOBLAST_CELL_MIGRATION"",""NES"":1.4250972757825489,""FDR"":0.1644183402009594,""leading_edge_n"":6,""qualified"":false}]"
primary_vs_sensitivity,M,M032,sensitivity,0.5,1,GOBP_TROPHOBLAST_CELL_MIGRATION,0,INACTIVE,"[{""term_id"":""GOBP_TROPHOBLAST_CELL_MIGRATION"",""NES"":1.442536855575732,""FDR"":0.1595873806318153,""leading_edge_n"":6,""qualified"":false}]"
primary_vs_sensitivity,M,M033,primary,0.5,1,REACTOME_MET_PROMOTES_CELL_MOTILITY,0,INACTIVE,"[{""term_id"":""REACTOME_MET_PROMOTES_CELL_MOTILITY"",""NES"":1.0870812142241333,""FDR"":0.4837641408696068,""leading_edge_n"":12,""qualified"":false}]"
primary_vs_sensitivity,M,M033,sensitivity,0.5,1,REACTOME_MET_PROMOTES_CELL_MOTILITY,0,INACTIVE,"[{""term_id"":""REACTOME_MET_PROMOTES_CELL_MOTILITY"",""NES"":-0.9509870860487906,""FDR"":0.7715604996398716,""leading_edge_n"":8,""qualified"":false}]"
primary_vs_sensitivity,M,M034,primary,0.5,1,REACTOME_SEMA4D_INDUCED_CELL_MIGRATION_AND_GROWTH_CONE_COLLAPSE,0,INACTIVE,"[{""term_id"":""REACTOME_SEMA4D_INDUCED_CELL_MIGRATION_AND_GROWTH_CONE_COLLAPSE"",""NES"":0.8505361589164707,""FDR"":0.8320370001446626,""leading_edge_n"":3,""qualified"":false}]"
primary_vs_sensitivity,M,M034,sensitivity,0.5,1,REACTOME_SEMA4D_INDUCED_CELL_MIGRATION_AND_GROWTH_CONE_COLLAPSE,0,INACTIVE,"[{""term_id"":""REACTOME_SEMA4D_INDUCED_CELL_MIGRATION_AND_GROWTH_CONE_COLLAPSE"",""NES"":0.8134420190952413,""FDR"":0.869855447376429,""leading_edge_n"":3,""qualified"":false}]"
primary_vs_sensitivity,E,E001,primary,0.5,1,GOBP_BASEMENT_MEMBRANE_ORGANIZATION,0,INACTIVE,"[{""term_id"":""GOBP_BASEMENT_MEMBRANE_ORGANIZATION"",""NES"":0.9332968823853132,""FDR"":0.7155541416653637,""leading_edge_n"":11,""qualified"":false}]"
primary_vs_sensitivity,E,E001,sensitivity,0.5,1,GOBP_BASEMENT_MEMBRANE_ORGANIZATION,0,INACTIVE,"[{""term_id"":""GOBP_BASEMENT_MEMBRANE_ORGANIZATION"",""NES"":-1.1972054235058234,""FDR"":0.4991377818113235,""leading_edge_n"":11,""qualified"":false}]"
primary_vs_sensitivity,E,E002,primary,0.5,3,GOBP_COLLAGEN_BIOSYNTHETIC_PROCESS;GOBP_POSITIVE_REGULATION_OF_COLLAGEN_METABOLIC_PROCESS;GOBP_REGULATION_OF_COLLAGEN_METABOLIC_PROCESS,0,INACTIVE,"[{""term_id"":""GOBP_COLLAGEN_BIOSYNTHETIC_PROCESS"",""NES"":1.2828529224176544,""FDR"":0.2641582343003963,""leading_edge_n"":10,""qualified"":false},{""term_id"":""GOBP_POSITIVE_REGULATION_OF_COLLAGEN_METABOLIC_PROCESS"",""NES"":-1.2710189484191927,""FDR"":0.4763696532790509,""leading_edge_n"":2,""qualified"":false},{""term_id"":""GOBP_REGULATION_OF_COLLAGEN_METABOLIC_PROCESS"",""NES"":1.2471336146224816,""FDR"":0.2991946692662431,""leading_edge_n"":8,""qualified"":false}]"
primary_vs_sensitivity,E,E002,sensitivity,0.5,3,GOBP_COLLAGEN_BIOSYNTHETIC_PROCESS;GOBP_POSITIVE_REGULATION_OF_COLLAGEN_METABOLIC_PROCESS;GOBP_REGULATION_OF_COLLAGEN_METABOLIC_PROCESS,0,INACTIVE,"[{""term_id"":""GOBP_COLLAGEN_BIOSYNTHETIC_PROCESS"",""NES"":1.1867670491211024,""FDR"":0.3695073563658985,""leading_edge_n"":10,""qualified"":false},{""term_id"":""GOBP_POSITIVE_REGULATION_OF_COLLAGEN_METABOLIC_PROCESS"",""NES"":-1.2593381186346615,""FDR"":0.4471976732206211,""leading_edge_n"":3,""qualified"":false},{""term_id"":""GOBP_REGULATION_OF_COLLAGEN_METABOLIC_PROCESS"",""NES"":1.1457196094005253,""FDR"":0.413814064192081,""leading_edge_n"":8,""qualified"":false}]"
primary_vs_sensitivity,E,E003,primary,0.5,1,GOBP_COLLAGEN_CATABOLIC_PROCESS,0,INACTIVE,"[{""term_id"":""GOBP_COLLAGEN_CATABOLIC_PROCESS"",""NES"":-0.9637322861927056,""FDR"":0.7706719780145027,""leading_edge_n"":4,""qualified"":false}]"
primary_vs_sensitivity,E,E003,sensitivity,0.5,1,GOBP_COLLAGEN_CATABOLIC_PROCESS,0,INACTIVE,"[{""term_id"":""GOBP_COLLAGEN_CATABOLIC_PROCESS"",""NES"":-0.9286448860946516,""FDR"":0.7997560139210586,""leading_edge_n"":4,""qualified"":false}]"
primary_vs_sensitivity,E,E004,primary,0.5,1,GOBP_COLLAGEN_FIBRIL_ORGANIZATION,0,INACTIVE,"[{""term_id"":""GOBP_COLLAGEN_FIBRIL_ORGANIZATION"",""NES"":1.6892436294679718,""FDR"":0.0569099593493635,""leading_edge_n"":25,""qualified"":false}]"
primary_vs_sensitivity,E,E004,sensitivity,0.5,1,GOBP_COLLAGEN_FIBRIL_ORGANIZATION,0,INACTIVE,"[{""term_id"":""GOBP_COLLAGEN_FIBRIL_ORGANIZATION"",""NES"":1.6163719741289626,""FDR"":0.0821393335928328,""leading_edge_n"":18,""qualified"":false}]"
primary_vs_sensitivity,E,E005,primary,0.5,1,GOBP_COLLAGEN_METABOLIC_PROCESS,0,INACTIVE,"[{""term_id"":""GOBP_COLLAGEN_METABOLIC_PROCESS"",""NES"":1.224877341750366,""FDR"":0.3195344238844891,""leading_edge_n"":20,""qualified"":false}]"
primary_vs_sensitivity,E,E005,sensitivity,0.5,1,GOBP_COLLAGEN_METABOLIC_PROCESS,0,INACTIVE,"[{""term_id"":""GOBP_COLLAGEN_METABOLIC_PROCESS"",""NES"":1.0580221257942672,""FDR"":0.5254566211493594,""leading_edge_n"":19,""qualified"":false}]"
primary_vs_sensitivity,E,E006,primary,0.5,1,GOBP_EXTRACELLULAR_MATRIX_ASSEMBLY,0,INACTIVE,"[{""term_id"":""GOBP_EXTRACELLULAR_MATRIX_ASSEMBLY"",""NES"":-1.2036380952158212,""FDR"":0.5181258738599294,""leading_edge_n"":10,""qualified"":false}]"
primary_vs_sensitivity,E,E006,sensitivity,0.5,1,GOBP_EXTRACELLULAR_MATRIX_ASSEMBLY,0,INACTIVE,"[{""term_id"":""GOBP_EXTRACELLULAR_MATRIX_ASSEMBLY"",""NES"":-1.5047290904590065,""FDR"":0.2353950943364586,""leading_edge_n"":11,""qualified"":false}]"
primary_vs_sensitivity,E,E007,primary,0.5,1,GOBP_EXTRACELLULAR_MATRIX_DISASSEMBLY,0,INACTIVE,"[{""term_id"":""GOBP_EXTRACELLULAR_MATRIX_DISASSEMBLY"",""NES"":1.4013342171643,""FDR"":0.1773389546604357,""leading_edge_n"":13,""qualified"":false}]"
primary_vs_sensitivity,E,E007,sensitivity,0.5,1,GOBP_EXTRACELLULAR_MATRIX_DISASSEMBLY,0,INACTIVE,"[{""term_id"":""GOBP_EXTRACELLULAR_MATRIX_DISASSEMBLY"",""NES"":1.299120787939368,""FDR"":0.2611986968036974,""leading_edge_n"":15,""qualified"":false}]"
primary_vs_sensitivity,E,E008,primary,0.5,1,GOBP_NEGATIVE_REGULATION_OF_EXTRACELLULAR_MATRIX_ORGANIZATION,0,INACTIVE,"[{""term_id"":""GOBP_NEGATIVE_REGULATION_OF_EXTRACELLULAR_MATRIX_ORGANIZATION"",""NES"":1.1795205845161696,""FDR"":0.3663694573884998,""leading_edge_n"":4,""qualified"":false}]"
primary_vs_sensitivity,E,E008,sensitivity,0.5,1,GOBP_NEGATIVE_REGULATION_OF_EXTRACELLULAR_MATRIX_ORGANIZATION,0,INACTIVE,"[{""term_id"":""GOBP_NEGATIVE_REGULATION_OF_EXTRACELLULAR_MATRIX_ORGANIZATION"",""NES"":0.9553435433971964,""FDR"":0.67153370576584,""leading_edge_n"":4,""qualified"":false}]"
primary_vs_sensitivity,E,E009,primary,0.5,1,GOBP_NEGATIVE_REGULATION_OF_TISSUE_REMODELING,0,INACTIVE,"[{""term_id"":""GOBP_NEGATIVE_REGULATION_OF_TISSUE_REMODELING"",""NES"":-1.492604679362346,""FDR"":0.2681189810400743,""leading_edge_n"":9,""qualified"":false}]"
primary_vs_sensitivity,E,E009,sensitivity,0.5,1,GOBP_NEGATIVE_REGULATION_OF_TISSUE_REMODELING,0,INACTIVE,"[{""term_id"":""GOBP_NEGATIVE_REGULATION_OF_TISSUE_REMODELING"",""NES"":-1.4497906709487207,""FDR"":0.2808658331759641,""leading_edge_n"":9,""qualified"":false}]"
primary_vs_sensitivity,E,E010,primary,0.5,1,GOBP_POSITIVE_REGULATION_OF_EXTRACELLULAR_MATRIX_ORGANIZATION,0,INACTIVE,"[{""term_id"":""GOBP_POSITIVE_REGULATION_OF_EXTRACELLULAR_MATRIX_ORGANIZATION"",""NES"":1.2193051546976177,""FDR"":0.325524129818759,""leading_edge_n"":7,""qualified"":false}]"
primary_vs_sensitivity,E,E010,sensitivity,0.5,1,GOBP_POSITIVE_REGULATION_OF_EXTRACELLULAR_MATRIX_ORGANIZATION,0,INACTIVE,"[{""term_id"":""GOBP_POSITIVE_REGULATION_OF_EXTRACELLULAR_MATRIX_ORGANIZATION"",""NES"":0.9887328423454014,""FDR"":0.621504841676567,""leading_edge_n"":6,""qualified"":false}]"
primary_vs_sensitivity,E,E011,primary,0.5,1,GOBP_REGULATION_OF_EXTRACELLULAR_MATRIX_DISASSEMBLY,0,INACTIVE,"[{""term_id"":""GOBP_REGULATION_OF_EXTRACELLULAR_MATRIX_DISASSEMBLY"",""NES"":1.611377498373784,""FDR"":0.0795167089595372,""leading_edge_n"":7,""qualified"":false}]"
primary_vs_sensitivity,E,E011,sensitivity,0.5,1,GOBP_REGULATION_OF_EXTRACELLULAR_MATRIX_DISASSEMBLY,0,INACTIVE,"[{""term_id"":""GOBP_REGULATION_OF_EXTRACELLULAR_MATRIX_DISASSEMBLY"",""NES"":1.4438850621365868,""FDR"":0.1586405497289911,""leading_edge_n"":7,""qualified"":false}]"
primary_vs_sensitivity,E,E012,primary,0.5,1,GOBP_REGULATION_OF_EXTRACELLULAR_MATRIX_ORGANIZATION,0,INACTIVE,"[{""term_id"":""GOBP_REGULATION_OF_EXTRACELLULAR_MATRIX_ORGANIZATION"",""NES"":1.3349082595885058,""FDR"":0.2235744328337993,""leading_edge_n"":15,""qualified"":false}]"
primary_vs_sensitivity,E,E012,sensitivity,0.5,1,GOBP_REGULATION_OF_EXTRACELLULAR_MATRIX_ORGANIZATION,0,INACTIVE,"[{""term_id"":""GOBP_REGULATION_OF_EXTRACELLULAR_MATRIX_ORGANIZATION"",""NES"":1.1422297107685702,""FDR"":0.4179638795475215,""leading_edge_n"":13,""qualified"":false}]"
primary_vs_sensitivity,E,E013,primary,0.5,1,GOBP_REGULATION_OF_TISSUE_REMODELING,0,INACTIVE,"[{""term_id"":""GOBP_REGULATION_OF_TISSUE_REMODELING"",""NES"":-1.6844643229723772,""FDR"":0.1104235395625475,""leading_edge_n"":20,""qualified"":false}]"
primary_vs_sensitivity,E,E013,sensitivity,0.5,1,GOBP_REGULATION_OF_TISSUE_REMODELING,0,INACTIVE,"[{""term_id"":""GOBP_REGULATION_OF_TISSUE_REMODELING"",""NES"":-1.698446903222124,""FDR"":0.0980875181237386,""leading_edge_n"":20,""qualified"":false}]"
primary_vs_sensitivity,E,E014,primary,0.5,1,GOBP_TISSUE_REMODELING,0,INACTIVE,"[{""term_id"":""GOBP_TISSUE_REMODELING"",""NES"":1.3115826414550216,""FDR"":0.2409444499770522,""leading_edge_n"":31,""qualified"":false}]"
primary_vs_sensitivity,E,E014,sensitivity,0.5,1,GOBP_TISSUE_REMODELING,0,INACTIVE,"[{""term_id"":""GOBP_TISSUE_REMODELING"",""NES"":1.251528034326097,""FDR"":0.3023094322656953,""leading_edge_n"":35,""qualified"":false}]"
primary_vs_sensitivity,E,E015,primary,0.5,5,REACTOME_ASSEMBLY_OF_COLLAGEN_FIBRILS_AND_OTHER_MULTIMERIC_STRUCTURES;REACTOME_COLLAGEN_BIOSYNTHESIS_AND_MODIFYING_ENZYMES;REACTOME_COLLAGEN_CHAIN_TRIMERIZATION;REACTOME_COLLAGEN_DEGRADATION;REACTOME_COLLAGEN_FORMATION,0,INACTIVE,"[{""term_id"":""REACTOME_ASSEMBLY_OF_COLLAGEN_FIBRILS_AND_OTHER_MULTIMERIC_STRUCTURES"",""NES"":1.2762945094233165,""FDR"":0.2694437326079199,""leading_edge_n"":16,""qualified"":false},{""term_id"":""REACTOME_COLLAGEN_BIOSYNTHESIS_AND_MODIFYING_ENZYMES"",""NES"":1.2188014902441882,""FDR"":0.3260117349174572,""leading_edge_n"":12,""qualified"":false},{""term_id"":""REACTOME_COLLAGEN_CHAIN_TRIMERIZATION"",""NES"":1.37907066902212,""FDR"":0.1930978622398202,""leading_edge_n"":10,""qualified"":false},{""term_id"":""REACTOME_COLLAGEN_DEGRADATION"",""NES"":1.2912369835405315,""FDR"":0.2561432585011493,""leading_edge_n"":14,""qualified"":false},{""term_id"":""REACTOME_COLLAGEN_FORMATION"",""NES"":1.157388397510534,""FDR"":0.3906929875868933,""leading_edge_n"":20,""qualified"":false}]"
primary_vs_sensitivity,E,E015,sensitivity,0.5,5,REACTOME_ASSEMBLY_OF_COLLAGEN_FIBRILS_AND_OTHER_MULTIMERIC_STRUCTURES;REACTOME_COLLAGEN_BIOSYNTHESIS_AND_MODIFYING_ENZYMES;REACTOME_COLLAGEN_CHAIN_TRIMERIZATION;REACTOME_COLLAGEN_DEGRADATION;REACTOME_COLLAGEN_FORMATION,0,INACTIVE,"[{""term_id"":""REACTOME_ASSEMBLY_OF_COLLAGEN_FIBRILS_AND_OTHER_MULTIMERIC_STRUCTURES"",""NES"":1.1633808902603526,""FDR"":0.3935230798361278,""leading_edge_n"":15,""qualified"":false},{""term_id"":""REACTOME_COLLAGEN_BIOSYNTHESIS_AND_MODIFYING_ENZYMES"",""NES"":1.2772497381227623,""FDR"":0.2810409730622504,""leading_edge_n"":14,""qualified"":false},{""term_id"":""REACTOME_COLLAGEN_CHAIN_TRIMERIZATION"",""NES"":1.3855180415286676,""FDR"":0.1954758664925146,""leading_edge_n"":11,""qualified"":false},{""term_id"":""REACTOME_COLLAGEN_DEGRADATION"",""NES"":1.2560783066572168,""FDR"":0.2975945720753549,""leading_edge_n"":13,""qualified"":false},{""term_id"":""REACTOME_COLLAGEN_FORMATION"",""NES"":1.1418392167124702,""FDR"":0.4180828787820924,""leading_edge_n"":17,""qualified"":false}]"
primary_vs_sensitivity,E,E016,primary,0.5,1,REACTOME_CELL_EXTRACELLULAR_MATRIX_INTERACTIONS,0,INACTIVE,"[{""term_id"":""REACTOME_CELL_EXTRACELLULAR_MATRIX_INTERACTIONS"",""NES"":1.305126760814482,""FDR"":0.245550189176863,""leading_edge_n"":3,""qualified"":false}]"
primary_vs_sensitivity,E,E016,sensitivity,0.5,1,REACTOME_CELL_EXTRACELLULAR_MATRIX_INTERACTIONS,0,INACTIVE,"[{""term_id"":""REACTOME_CELL_EXTRACELLULAR_MATRIX_INTERACTIONS"",""NES"":1.2805400323551075,""FDR"":0.2777957089659352,""leading_edge_n"":3,""qualified"":false}]"
primary_vs_sensitivity,E,E017,primary,0.5,1,REACTOME_CROSSLINKING_OF_COLLAGEN_FIBRILS,0,INACTIVE,"[{""term_id"":""REACTOME_CROSSLINKING_OF_COLLAGEN_FIBRILS"",""NES"":1.0951719468363037,""FDR"":0.4739096852466034,""leading_edge_n"":4,""qualified"":false}]"
primary_vs_sensitivity,E,E017,sensitivity,0.5,1,REACTOME_CROSSLINKING_OF_COLLAGEN_FIBRILS,0,INACTIVE,"[{""term_id"":""REACTOME_CROSSLINKING_OF_COLLAGEN_FIBRILS"",""NES"":1.0967782871208542,""FDR"":0.47416181542326,""leading_edge_n"":4,""qualified"":false}]"
primary_vs_sensitivity,E,E018,primary,0.5,1,REACTOME_DEGRADATION_OF_THE_EXTRACELLULAR_MATRIX,0,INACTIVE,"[{""term_id"":""REACTOME_DEGRADATION_OF_THE_EXTRACELLULAR_MATRIX"",""NES"":1.200239444508062,""FDR"":0.344809320999012,""leading_edge_n"":27,""qualified"":false}]"
primary_vs_sensitivity,E,E018,sensitivity,0.5,1,REACTOME_DEGRADATION_OF_THE_EXTRACELLULAR_MATRIX,0,INACTIVE,"[{""term_id"":""REACTOME_DEGRADATION_OF_THE_EXTRACELLULAR_MATRIX"",""NES"":1.054188962799668,""FDR"":0.5290097526724126,""leading_edge_n"":24,""qualified"":false}]"
primary_vs_sensitivity,E,E019,primary,0.5,1,REACTOME_ECM_PROTEOGLYCANS,0,INACTIVE,"[{""term_id"":""REACTOME_ECM_PROTEOGLYCANS"",""NES"":-1.0580942439171204,""FDR"":0.6634427764183839,""leading_edge_n"":21,""qualified"":false}]"
primary_vs_sensitivity,E,E019,sensitivity,0.5,1,REACTOME_ECM_PROTEOGLYCANS,0,INACTIVE,"[{""term_id"":""REACTOME_ECM_PROTEOGLYCANS"",""NES"":-1.346382711924731,""FDR"":0.3564158489807448,""leading_edge_n"":21,""qualified"":false}]"
primary_vs_sensitivity,E,E020,primary,0.5,1,REACTOME_EXTRACELLULAR_MATRIX_ORGANIZATION,0,INACTIVE,"[{""term_id"":""REACTOME_EXTRACELLULAR_MATRIX_ORGANIZATION"",""NES"":1.4398692713114305,""FDR"":0.1558998059362825,""leading_edge_n"":51,""qualified"":false}]"
primary_vs_sensitivity,E,E020,sensitivity,0.5,1,REACTOME_EXTRACELLULAR_MATRIX_ORGANIZATION,0,INACTIVE,"[{""term_id"":""REACTOME_EXTRACELLULAR_MATRIX_ORGANIZATION"",""NES"":1.3457888883946163,""FDR"":0.2246207261296101,""leading_edge_n"":51,""qualified"":false}]"
primary_vs_sensitivity,E,E021,primary,0.5,1,REACTOME_INTEGRIN_CELL_SURFACE_INTERACTIONS,0,INACTIVE,"[{""term_id"":""REACTOME_INTEGRIN_CELL_SURFACE_INTERACTIONS"",""NES"":1.2080328818252415,""FDR"":0.3360158286198715,""leading_edge_n"":13,""qualified"":false}]"
primary_vs_sensitivity,E,E021,sensitivity,0.5,1,REACTOME_INTEGRIN_CELL_SURFACE_INTERACTIONS,0,INACTIVE,"[{""term_id"":""REACTOME_INTEGRIN_CELL_SURFACE_INTERACTIONS"",""NES"":1.2541296243872282,""FDR"":0.3001157095589603,""leading_edge_n"":16,""qualified"":false}]"
primary_vs_sensitivity,E,E022,primary,0.5,1,REACTOME_NON_INTEGRIN_MEMBRANE_ECM_INTERACTIONS,0,INACTIVE,"[{""term_id"":""REACTOME_NON_INTEGRIN_MEMBRANE_ECM_INTERACTIONS"",""NES"":1.0844750754306658,""FDR"":0.4859098112699532,""leading_edge_n"":24,""qualified"":false}]"
primary_vs_sensitivity,E,E022,sensitivity,0.5,1,REACTOME_NON_INTEGRIN_MEMBRANE_ECM_INTERACTIONS,0,INACTIVE,"[{""term_id"":""REACTOME_NON_INTEGRIN_MEMBRANE_ECM_INTERACTIONS"",""NES"":0.9811967972124532,""FDR"":0.6329946766477971,""leading_edge_n"":20,""qualified"":false}]"
primary_vs_sensitivity,A,A001,primary,0.5,1,GOBP_ANGIOGENESIS_INVOLVED_IN_WOUND_HEALING,0,INACTIVE,"[{""term_id"":""GOBP_ANGIOGENESIS_INVOLVED_IN_WOUND_HEALING"",""NES"":1.1968336079212047,""FDR"":0.3485256384509607,""leading_edge_n"":7,""qualified"":false}]"
primary_vs_sensitivity,A,A001,sensitivity,0.5,1,GOBP_ANGIOGENESIS_INVOLVED_IN_WOUND_HEALING,0,INACTIVE,"[{""term_id"":""GOBP_ANGIOGENESIS_INVOLVED_IN_WOUND_HEALING"",""NES"":1.1962924661969845,""FDR"":0.3587022613142465,""leading_edge_n"":6,""qualified"":false}]"
primary_vs_sensitivity,A,A002,primary,0.5,10,GOBP_BLOOD_VESSEL_ENDOTHELIAL_CELL_MIGRATION;GOBP_CELL_MIGRATION_INVOLVED_IN_SPROUTING_ANGIOGENESIS;GOBP_ENDOTHELIAL_CELL_MIGRATION;GOBP_NEGATIVE_REGULATION_OF_BLOOD_VESSEL_ENDOTHELIAL_CELL_MIGRATION;GOBP_NEGATIVE_REGULATION_OF_CELL_MIGRATION_INVOLVED_IN_SPROUTING_ANGIOGENESIS;GOBP_NEGATIVE_REGULATION_OF_ENDOTHELIAL_CELL_MIGRATION;GOBP_POSITIVE_REGULATION_OF_BLOOD_VESSEL_ENDOTHELIAL_CELL_MIGRATION;GOBP_POSITIVE_REGULATION_OF_ENDOTHELIAL_CELL_MIGRATION;GOBP_REGULATION_OF_CELL_MIGRATION_INVOLVED_IN_SPROUTING_ANGIOGENESIS;GOBP_REGULATION_OF_ENDOTHELIAL_CELL_MIGRATION,5,POSITIVE,"[{""term_id"":""GOBP_BLOOD_VESSEL_ENDOTHELIAL_CELL_MIGRATION"",""NES"":1.6078329017989843,""FDR"":0.0801022822232324,""leading_edge_n"":23,""qualified"":false},{""term_id"":""GOBP_CELL_MIGRATION_INVOLVED_IN_SPROUTING_ANGIOGENESIS"",""NES"":2.002050414882587,""FDR"":0.0091416607031752,""leading_edge_n"":15,""qualified"":true},{""term_id"":""GOBP_ENDOTHELIAL_CELL_MIGRATION"",""NES"":1.7208919341046864,""FDR"":0.0476120645195238,""leading_edge_n"":42,""qualified"":true},{""term_id"":""GOBP_NEGATIVE_REGULATION_OF_BLOOD_VESSEL_ENDOTHELIAL_CELL_MIGRATION"",""NES"":-1.2632088126303538,""FDR"":0.4841201959244631,""leading_edge_n"":10,""qualified"":false},{""term_id"":""GOBP_NEGATIVE_REGULATION_OF_CELL_MIGRATION_INVOLVED_IN_SPROUTING_ANGIOGENESIS"",""NES"":0.9730053783637695,""FDR"":0.6499627100700741,""leading_edge_n"":2,""qualified"":false},{""term_id"":""GOBP_NEGATIVE_REGULATION_OF_ENDOTHELIAL_CELL_MIGRATION"",""NES"":1.146333513120573,""FDR"":0.4052683986180316,""leading_edge_n"":10,""qualified"":false},{""term_id"":""GOBP_POSITIVE_REGULATION_OF_BLOOD_VESSEL_ENDOTHELIAL_CELL_MIGRATION"",""NES"":1.810887572873042,""FDR"":0.030022355967852,""leading_edge_n"":18,""qualified"":true},{""term_id"":""GOBP_POSITIVE_REGULATION_OF_ENDOTHELIAL_CELL_MIGRATION"",""NES"":1.77240482041597,""FDR"":0.0365262547054747,""leading_edge_n"":19,""qualified"":true},{""term_id"":""GOBP_REGULATION_OF_CELL_MIGRATION_INVOLVED_IN_SPROUTING_ANGIOGENESIS"",""NES"":1.9277215964268968,""FDR"":0.0166340709659015,""leading_edge_n"":14,""qualified"":true},{""term_id"":""GOBP_REGULATION_OF_ENDOTHELIAL_CELL_MIGRATION"",""NES"":1.599973186528232,""FDR"":0.0819653381653638,""leading_edge_n"":31,""qualified"":false}]"
primary_vs_sensitivity,A,A002,sensitivity,0.5,10,GOBP_BLOOD_VESSEL_ENDOTHELIAL_CELL_MIGRATION;GOBP_CELL_MIGRATION_INVOLVED_IN_SPROUTING_ANGIOGENESIS;GOBP_ENDOTHELIAL_CELL_MIGRATION;GOBP_NEGATIVE_REGULATION_OF_BLOOD_VESSEL_ENDOTHELIAL_CELL_MIGRATION;GOBP_NEGATIVE_REGULATION_OF_CELL_MIGRATION_INVOLVED_IN_SPROUTING_ANGIOGENESIS;GOBP_NEGATIVE_REGULATION_OF_ENDOTHELIAL_CELL_MIGRATION;GOBP_POSITIVE_REGULATION_OF_BLOOD_VESSEL_ENDOTHELIAL_CELL_MIGRATION;GOBP_POSITIVE_REGULATION_OF_ENDOTHELIAL_CELL_MIGRATION;GOBP_REGULATION_OF_CELL_MIGRATION_INVOLVED_IN_SPROUTING_ANGIOGENESIS;GOBP_REGULATION_OF_ENDOTHELIAL_CELL_MIGRATION,3,POSITIVE,"[{""term_id"":""GOBP_BLOOD_VESSEL_ENDOTHELIAL_CELL_MIGRATION"",""NES"":1.512670030820613,""FDR"":0.123789850785937,""leading_edge_n"":22,""qualified"":false},{""term_id"":""GOBP_CELL_MIGRATION_INVOLVED_IN_SPROUTING_ANGIOGENESIS"",""NES"":1.968223995263648,""FDR"":0.0115955156915462,""leading_edge_n"":14,""qualified"":true},{""term_id"":""GOBP_ENDOTHELIAL_CELL_MIGRATION"",""NES"":1.673806681913861,""FDR"":0.0638475509631704,""leading_edge_n"":39,""qualified"":false},{""term_id"":""GOBP_NEGATIVE_REGULATION_OF_BLOOD_VESSEL_ENDOTHELIAL_CELL_MIGRATION"",""NES"":-1.4135459703667512,""FDR"":0.3112542745820992,""leading_edge_n"":11,""qualified"":false},{""term_id"":""GOBP_NEGATIVE_REGULATION_OF_CELL_MIGRATION_INVOLVED_IN_SPROUTING_ANGIOGENESIS"",""NES"":1.0603053658945432,""FDR"":0.5225524664609561,""leading_edge_n"":4,""qualified"":false},{""term_id"":""GOBP_NEGATIVE_REGULATION_OF_ENDOTHELIAL_CELL_MIGRATION"",""NES"":-1.2793699083189043,""FDR"":0.4252161331723113,""leading_edge_n"":14,""qualified"":false},{""term_id"":""GOBP_POSITIVE_REGULATION_OF_BLOOD_VESSEL_ENDOTHELIAL_CELL_MIGRATION"",""NES"":1.7181972136347126,""FDR"":0.0501912244843702,""leading_edge_n"":14,""qualified"":false},{""term_id"":""GOBP_POSITIVE_REGULATION_OF_ENDOTHELIAL_CELL_MIGRATION"",""NES"":1.776598250162215,""FDR"":0.0386656406576229,""leading_edge_n"":21,""qualified"":true},{""term_id"":""GOBP_REGULATION_OF_CELL_MIGRATION_INVOLVED_IN_SPROUTING_ANGIOGENESIS"",""NES"":1.842562472294376,""FDR"":0.0256582198767726,""leading_edge_n"":13,""qualified"":true},{""term_id"":""GOBP_REGULATION_OF_ENDOTHELIAL_CELL_MIGRATION"",""NES"":1.5651249436601704,""FDR"":0.1024475244408633,""leading_edge_n"":27,""qualified"":false}]"
primary_vs_sensitivity,A,A003,primary,0.5,1,GOBP_BLOOD_VESSEL_ENDOTHELIAL_CELL_PROLIFERATION_INVOLVED_IN_SPROUTING_ANGIOGENESIS,0,INACTIVE,"[{""term_id"":""GOBP_BLOOD_VESSEL_ENDOTHELIAL_CELL_PROLIFERATION_INVOLVED_IN_SPROUTING_ANGIOGENESIS"",""NES"":1.5048150857331757,""FDR"":0.1216093800291623,""leading_edge_n"":8,""qualified"":false}]"
primary_vs_sensitivity,A,A003,sensitivity,0.5,1,GOBP_BLOOD_VESSEL_ENDOTHELIAL_CELL_PROLIFERATION_INVOLVED_IN_SPROUTING_ANGIOGENESIS,0,INACTIVE,"[{""term_id"":""GOBP_BLOOD_VESSEL_ENDOTHELIAL_CELL_PROLIFERATION_INVOLVED_IN_SPROUTING_ANGIOGENESIS"",""NES"":1.528740152244835,""FDR"":0.1157258924825751,""leading_edge_n"":6,""qualified"":false}]"
primary_vs_sensitivity,A,A004,primary,0.5,1,GOBP_BLOOD_VESSEL_REMODELING,0,INACTIVE,"[{""term_id"":""GOBP_BLOOD_VESSEL_REMODELING"",""NES"":1.1895242342367125,""FDR"":0.3551835707803569,""leading_edge_n"":12,""qualified"":false}]"
primary_vs_sensitivity,A,A004,sensitivity,0.5,1,GOBP_BLOOD_VESSEL_REMODELING,0,INACTIVE,"[{""term_id"":""GOBP_BLOOD_VESSEL_REMODELING"",""NES"":1.206946888642999,""FDR"":0.3457988907525134,""leading_edge_n"":10,""qualified"":false}]"
primary_vs_sensitivity,A,A005,primary,0.5,1,GOBP_BRANCHING_INVOLVED_IN_BLOOD_VESSEL_MORPHOGENESIS,0,INACTIVE,"[{""term_id"":""GOBP_BRANCHING_INVOLVED_IN_BLOOD_VESSEL_MORPHOGENESIS"",""NES"":1.6647294391247718,""FDR"":0.0644191377881317,""leading_edge_n"":13,""qualified"":false}]"
primary_vs_sensitivity,A,A005,sensitivity,0.5,1,GOBP_BRANCHING_INVOLVED_IN_BLOOD_VESSEL_MORPHOGENESIS,0,INACTIVE,"[{""term_id"":""GOBP_BRANCHING_INVOLVED_IN_BLOOD_VESSEL_MORPHOGENESIS"",""NES"":1.6727458212714317,""FDR"":0.0641536565544518,""leading_edge_n"":14,""qualified"":false}]"
primary_vs_sensitivity,A,A006,primary,0.5,3,GOBP_CELLULAR_RESPONSE_TO_VASCULAR_ENDOTHELIAL_GROWTH_FACTOR_STIMULUS;GOBP_REGULATION_OF_CELLULAR_RESPONSE_TO_VASCULAR_ENDOTHELIAL_GROWTH_FACTOR_STIMULUS;GOBP_VASCULAR_ENDOTHELIAL_GROWTH_FACTOR_SIGNALING_PATHWAY,0,INACTIVE,"[{""term_id"":""GOBP_CELLULAR_RESPONSE_TO_VASCULAR_ENDOTHELIAL_GROWTH_FACTOR_STIMULUS"",""NES"":1.3259086639904545,""FDR"":0.2298155249439015,""leading_edge_n"":12,""qualified"":false},{""term_id"":""GOBP_REGULATION_OF_CELLULAR_RESPONSE_TO_VASCULAR_ENDOTHELIAL_GROWTH_FACTOR_STIMULUS"",""NES"":1.1337005844257555,""FDR"":0.4218934761824514,""leading_edge_n"":10,""qualified"":false},{""term_id"":""GOBP_VASCULAR_ENDOTHELIAL_GROWTH_FACTOR_SIGNALING_PATHWAY"",""NES"":1.1606628523030051,""FDR"":0.3863247315954922,""leading_edge_n"":14,""qualified"":false}]"
primary_vs_sensitivity,A,A006,sensitivity,0.5,3,GOBP_CELLULAR_RESPONSE_TO_VASCULAR_ENDOTHELIAL_GROWTH_FACTOR_STIMULUS;GOBP_REGULATION_OF_CELLULAR_RESPONSE_TO_VASCULAR_ENDOTHELIAL_GROWTH_FACTOR_STIMULUS;GOBP_VASCULAR_ENDOTHELIAL_GROWTH_FACTOR_SIGNALING_PATHWAY,0,INACTIVE,"[{""term_id"":""GOBP_CELLULAR_RESPONSE_TO_VASCULAR_ENDOTHELIAL_GROWTH_FACTOR_STIMULUS"",""NES"":1.280746857940692,""FDR"":0.2778404744182165,""leading_edge_n"":11,""qualified"":false},{""term_id"":""GOBP_REGULATION_OF_CELLULAR_RESPONSE_TO_VASCULAR_ENDOTHELIAL_GROWTH_FACTOR_STIMULUS"",""NES"":1.1480992486527228,""FDR"":0.4109254607466661,""leading_edge_n"":5,""qualified"":false},{""term_id"":""GOBP_VASCULAR_ENDOTHELIAL_GROWTH_FACTOR_SIGNALING_PATHWAY"",""NES"":1.10466392374363,""FDR"":0.4641306219709227,""leading_edge_n"":13,""qualified"":false}]"
primary_vs_sensitivity,A,A007,primary,0.5,2,GOBP_COLLATERAL_SPROUTING;GOBP_REGULATION_OF_COLLATERAL_SPROUTING,0,INACTIVE,"[{""term_id"":""GOBP_COLLATERAL_SPROUTING"",""NES"":-0.7202483649550776,""FDR"":0.9908165268179946,""leading_edge_n"":9,""qualified"":false},{""term_id"":""GOBP_REGULATION_OF_COLLATERAL_SPROUTING"",""NES"":0.8299868792290236,""FDR"":0.8590155278556713,""leading_edge_n"":5,""qualified"":false}]"
primary_vs_sensitivity,A,A007,sensitivity,0.5,2,GOBP_COLLATERAL_SPROUTING;GOBP_REGULATION_OF_COLLATERAL_SPROUTING,0,INACTIVE,"[{""term_id"":""GOBP_COLLATERAL_SPROUTING"",""NES"":-0.9606517188219632,""FDR"":0.7644129189428808,""leading_edge_n"":11,""qualified"":false},{""term_id"":""GOBP_REGULATION_OF_COLLATERAL_SPROUTING"",""NES"":0.6668125141787697,""FDR"":0.9753183669415352,""leading_edge_n"":4,""qualified"":false}]"
primary_vs_sensitivity,A,A008,primary,0.5,2,GOBP_ENDOTHELIAL_CELL_APOPTOTIC_PROCESS;GOBP_NEGATIVE_REGULATION_OF_ENDOTHELIAL_CELL_APOPTOTIC_PROCESS,0,INACTIVE,"[{""term_id"":""GOBP_ENDOTHELIAL_CELL_APOPTOTIC_PROCESS"",""NES"":1.6031172429928755,""FDR"":0.0814952618139332,""leading_edge_n"":14,""qualified"":false},{""term_id"":""GOBP_NEGATIVE_REGULATION_OF_ENDOTHELIAL_CELL_APOPTOTIC_PROCESS"",""NES"":1.2125139653234882,""FDR"":0.3307086411489688,""leading_edge_n"":6,""qualified"":false}]"
primary_vs_sensitivity,A,A008,sensitivity,0.5,2,GOBP_ENDOTHELIAL_CELL_APOPTOTIC_PROCESS;GOBP_NEGATIVE_REGULATION_OF_ENDOTHELIAL_CELL_APOPTOTIC_PROCESS,0,INACTIVE,"[{""term_id"":""GOBP_ENDOTHELIAL_CELL_APOPTOTIC_PROCESS"",""NES"":1.6623324629250769,""FDR"":0.0671307155152693,""leading_edge_n"":15,""qualified"":false},{""term_id"":""GOBP_NEGATIVE_REGULATION_OF_ENDOTHELIAL_CELL_APOPTOTIC_PROCESS"",""NES"":1.3027551384241918,""FDR"":0.2579895587255735,""leading_edge_n"":7,""qualified"":false}]"
primary_vs_sensitivity,A,A009,primary,0.5,2,GOBP_ENDOTHELIAL_CELL_CHEMOTAXIS;GOBP_REGULATION_OF_ENDOTHELIAL_CELL_CHEMOTAXIS,0,INACTIVE,"[{""term_id"":""GOBP_ENDOTHELIAL_CELL_CHEMOTAXIS"",""NES"":1.4767268534864393,""FDR"":0.1353164557446741,""leading_edge_n"":6,""qualified"":false},{""term_id"":""GOBP_REGULATION_OF_ENDOTHELIAL_CELL_CHEMOTAXIS"",""NES"":-1.20223959770232,""FDR"":0.5208317751586181,""leading_edge_n"":7,""qualified"":false}]"
primary_vs_sensitivity,A,A009,sensitivity,0.5,2,GOBP_ENDOTHELIAL_CELL_CHEMOTAXIS;GOBP_REGULATION_OF_ENDOTHELIAL_CELL_CHEMOTAXIS,0,INACTIVE,"[{""term_id"":""GOBP_ENDOTHELIAL_CELL_CHEMOTAXIS"",""NES"":1.4598334625650735,""FDR"":0.14973239631085,""leading_edge_n"":6,""qualified"":false},{""term_id"":""GOBP_REGULATION_OF_ENDOTHELIAL_CELL_CHEMOTAXIS"",""NES"":-1.2492661510568064,""FDR"":0.4551814749803474,""leading_edge_n"":7,""qualified"":false}]"
primary_vs_sensitivity,A,A010,primary,0.5,3,GOBP_ENDOTHELIAL_CELL_DEVELOPMENT;GOBP_ENDOTHELIAL_CELL_DIFFERENTIATION;GOBP_ESTABLISHMENT_OF_ENDOTHELIAL_BARRIER,0,INACTIVE,"[{""term_id"":""GOBP_ENDOTHELIAL_CELL_DEVELOPMENT"",""NES"":1.027570344851139,""FDR"":0.5701249961953987,""leading_edge_n"":25,""qualified"":false},{""term_id"":""GOBP_ENDOTHELIAL_CELL_DIFFERENTIATION"",""NES"":1.2223216123661662,""FDR"":0.3223783956268491,""leading_edge_n"":25,""qualified"":false},{""term_id"":""GOBP_ESTABLISHMENT_OF_ENDOTHELIAL_BARRIER"",""NES"":-1.1352282923825574,""FDR"":0.5797500636299758,""leading_edge_n"":10,""qualified"":false}]"
primary_vs_sensitivity,A,A010,sensitivity,0.5,3,GOBP_ENDOTHELIAL_CELL_DEVELOPMENT;GOBP_ENDOTHELIAL_CELL_DIFFERENTIATION;GOBP_ESTABLISHMENT_OF_ENDOTHELIAL_BARRIER,0,INACTIVE,"[{""term_id"":""GOBP_ENDOTHELIAL_CELL_DEVELOPMENT"",""NES"":1.0791352554263431,""FDR"":0.4952744984849264,""leading_edge_n"":10,""qualified"":false},{""term_id"":""GOBP_ENDOTHELIAL_CELL_DIFFERENTIATION"",""NES"":1.180541515692209,""FDR"":0.3746670946983242,""leading_edge_n"":16,""qualified"":false},{""term_id"":""GOBP_ESTABLISHMENT_OF_ENDOTHELIAL_BARRIER"",""NES"":-1.022951072450021,""FDR"":0.6872256146138193,""leading_edge_n"":11,""qualified"":false}]"
primary_vs_sensitivity,A,A011,primary,0.5,2,GOBP_ENDOTHELIAL_CELL_PROLIFERATION;GOBP_POSITIVE_REGULATION_OF_ENDOTHELIAL_CELL_PROLIFERATION,0,INACTIVE,"[{""term_id"":""GOBP_ENDOTHELIAL_CELL_PROLIFERATION"",""NES"":1.3751958084080145,""FDR"":0.1959930461388042,""leading_edge_n"":39,""qualified"":false},{""term_id"":""GOBP_POSITIVE_REGULATION_OF_ENDOTHELIAL_CELL_PROLIFERATION"",""NES"":1.0301959780904804,""FDR"":0.5661917668543598,""leading_edge_n"":21,""qualified"":false}]"
primary_vs_sensitivity,A,A011,sensitivity,0.5,2,GOBP_ENDOTHELIAL_CELL_PROLIFERATION;GOBP_POSITIVE_REGULATION_OF_ENDOTHELIAL_CELL_PROLIFERATION,0,INACTIVE,"[{""term_id"":""GOBP_ENDOTHELIAL_CELL_PROLIFERATION"",""NES"":1.305820169926504,""FDR"":0.2561789477352645,""leading_edge_n"":31,""qualified"":false},{""term_id"":""GOBP_POSITIVE_REGULATION_OF_ENDOTHELIAL_CELL_PROLIFERATION"",""NES"":-1.0794216408602813,""FDR"":0.6220432667430479,""leading_edge_n"":14,""qualified"":false}]"
primary_vs_sensitivity,A,A012,primary,0.5,3,GOBP_LEUKOCYTE_ADHESION_TO_VASCULAR_ENDOTHELIAL_CELL;GOBP_POSITIVE_REGULATION_OF_LEUKOCYTE_ADHESION_TO_VASCULAR_ENDOTHELIAL_CELL;GOBP_REGULATION_OF_LEUKOCYTE_ADHESION_TO_VASCULAR_ENDOTHELIAL_CELL,0,INACTIVE,"[{""term_id"":""GOBP_LEUKOCYTE_ADHESION_TO_VASCULAR_ENDOTHELIAL_CELL"",""NES"":1.6070818928013153,""FDR"":0.0800342622537852,""leading_edge_n"":10,""qualified"":false},{""term_id"":""GOBP_POSITIVE_REGULATION_OF_LEUKOCYTE_ADHESION_TO_VASCULAR_ENDOTHELIAL_CELL"",""NES"":1.3714487882106885,""FDR"":0.1979930225961922,""leading_edge_n"":7,""qualified"":false},{""term_id"":""GOBP_REGULATION_OF_LEUKOCYTE_ADHESION_TO_VASCULAR_ENDOTHELIAL_CELL"",""NES"":1.5304819415318598,""FDR"":0.1089487595380881,""leading_edge_n"":9,""qualified"":false}]"
primary_vs_sensitivity,A,A012,sensitivity,0.5,3,GOBP_LEUKOCYTE_ADHESION_TO_VASCULAR_ENDOTHELIAL_CELL;GOBP_POSITIVE_REGULATION_OF_LEUKOCYTE_ADHESION_TO_VASCULAR_ENDOTHELIAL_CELL;GOBP_REGULATION_OF_LEUKOCYTE_ADHESION_TO_VASCULAR_ENDOTHELIAL_CELL,0,INACTIVE,"[{""term_id"":""GOBP_LEUKOCYTE_ADHESION_TO_VASCULAR_ENDOTHELIAL_CELL"",""NES"":1.6002901095823392,""FDR"":0.0888735847133954,""leading_edge_n"":14,""qualified"":false},{""term_id"":""GOBP_POSITIVE_REGULATION_OF_LEUKOCYTE_ADHESION_TO_VASCULAR_ENDOTHELIAL_CELL"",""NES"":1.3858699082345618,""FDR"":0.1954425444584873,""leading_edge_n"":9,""qualified"":false},{""term_id"":""GOBP_REGULATION_OF_LEUKOCYTE_ADHESION_TO_VASCULAR_ENDOTHELIAL_CELL"",""NES"":1.5158505969150406,""FDR"":0.1223077986001533,""leading_edge_n"":10,""qualified"":false}]"
primary_vs_sensitivity,A,A013,primary,0.5,1,GOBP_NEGATIVE_REGULATION_OF_ENDOTHELIAL_CELL_PROLIFERATION,0,INACTIVE,"[{""term_id"":""GOBP_NEGATIVE_REGULATION_OF_ENDOTHELIAL_CELL_PROLIFERATION"",""NES"":1.402095207644026,""FDR"":0.176960485096546,""leading_edge_n"":12,""qualified"":false}]"
primary_vs_sensitivity,A,A013,sensitivity,0.5,1,GOBP_NEGATIVE_REGULATION_OF_ENDOTHELIAL_CELL_PROLIFERATION,0,INACTIVE,"[{""term_id"":""GOBP_NEGATIVE_REGULATION_OF_ENDOTHELIAL_CELL_PROLIFERATION"",""NES"":1.2922040797104055,""FDR"":0.2684027451426092,""leading_edge_n"":12,""qualified"":false}]"
primary_vs_sensitivity,A,A014,primary,0.5,1,GOBP_NEGATIVE_REGULATION_OF_VASCULAR_ASSOCIATED_SMOOTH_MUSCLE_CELL_PROLIFERATION,0,INACTIVE,"[{""term_id"":""GOBP_NEGATIVE_REGULATION_OF_VASCULAR_ASSOCIATED_SMOOTH_MUSCLE_CELL_PROLIFERATION"",""NES"":0.8928286808295237,""FDR"":0.7741031162981252,""leading_edge_n"":2,""qualified"":false}]"
primary_vs_sensitivity,A,A014,sensitivity,0.5,1,GOBP_NEGATIVE_REGULATION_OF_VASCULAR_ASSOCIATED_SMOOTH_MUSCLE_CELL_PROLIFERATION,0,INACTIVE,"[{""term_id"":""GOBP_NEGATIVE_REGULATION_OF_VASCULAR_ASSOCIATED_SMOOTH_MUSCLE_CELL_PROLIFERATION"",""NES"":0.8719063688094185,""FDR"":0.7988568686777225,""leading_edge_n"":2,""qualified"":false}]"
primary_vs_sensitivity,A,A015,primary,0.5,1,GOBP_PLACENTA_BLOOD_VESSEL_DEVELOPMENT,1,POSITIVE,"[{""term_id"":""GOBP_PLACENTA_BLOOD_VESSEL_DEVELOPMENT"",""NES"":2.141401785811477,""FDR"":0.0035509612487492,""leading_edge_n"":11,""qualified"":true}]"
primary_vs_sensitivity,A,A015,sensitivity,0.5,1,GOBP_PLACENTA_BLOOD_VESSEL_DEVELOPMENT,1,POSITIVE,"[{""term_id"":""GOBP_PLACENTA_BLOOD_VESSEL_DEVELOPMENT"",""NES"":1.9361678392661763,""FDR"":0.013291058039764,""leading_edge_n"":11,""qualified"":true}]"
primary_vs_sensitivity,A,A016,primary,0.5,1,GOBP_POSITIVE_REGULATION_OF_CELL_MIGRATION_INVOLVED_IN_SPROUTING_ANGIOGENESIS,1,POSITIVE,"[{""term_id"":""GOBP_POSITIVE_REGULATION_OF_CELL_MIGRATION_INVOLVED_IN_SPROUTING_ANGIOGENESIS"",""NES"":2.132786920385796,""FDR"":0.0036387030237909,""leading_edge_n"":11,""qualified"":true}]"
primary_vs_sensitivity,A,A016,sensitivity,0.5,1,GOBP_POSITIVE_REGULATION_OF_CELL_MIGRATION_INVOLVED_IN_SPROUTING_ANGIOGENESIS,1,POSITIVE,"[{""term_id"":""GOBP_POSITIVE_REGULATION_OF_CELL_MIGRATION_INVOLVED_IN_SPROUTING_ANGIOGENESIS"",""NES"":1.9826725479931744,""FDR"":0.0101399783050054,""leading_edge_n"":8,""qualified"":true}]"
primary_vs_sensitivity,A,A017,primary,0.5,1,GOBP_POSITIVE_REGULATION_OF_ENDOTHELIAL_CELL_APOPTOTIC_PROCESS,0,INACTIVE,"[{""term_id"":""GOBP_POSITIVE_REGULATION_OF_ENDOTHELIAL_CELL_APOPTOTIC_PROCESS"",""NES"":1.532166458495393,""FDR"":0.1083009259702351,""leading_edge_n"":7,""qualified"":false}]"
primary_vs_sensitivity,A,A017,sensitivity,0.5,1,GOBP_POSITIVE_REGULATION_OF_ENDOTHELIAL_CELL_APOPTOTIC_PROCESS,0,INACTIVE,"[{""term_id"":""GOBP_POSITIVE_REGULATION_OF_ENDOTHELIAL_CELL_APOPTOTIC_PROCESS"",""NES"":1.583906174364539,""FDR"":0.0938476525693668,""leading_edge_n"":7,""qualified"":false}]"
primary_vs_sensitivity,A,A018,primary,0.5,1,GOBP_POSITIVE_REGULATION_OF_SPROUTING_ANGIOGENESIS,0,INACTIVE,"[{""term_id"":""GOBP_POSITIVE_REGULATION_OF_SPROUTING_ANGIOGENESIS"",""NES"":1.354654467305461,""FDR"":0.2101800315340544,""leading_edge_n"":8,""qualified"":false}]"
primary_vs_sensitivity,A,A018,sensitivity,0.5,1,GOBP_POSITIVE_REGULATION_OF_SPROUTING_ANGIOGENESIS,0,INACTIVE,"[{""term_id"":""GOBP_POSITIVE_REGULATION_OF_SPROUTING_ANGIOGENESIS"",""NES"":1.2397936818954658,""FDR"":0.3135230053855052,""leading_edge_n"":9,""qualified"":false}]"
primary_vs_sensitivity,A,A019,primary,0.5,2,GOBP_POSITIVE_REGULATION_OF_VASCULAR_ASSOCIATED_SMOOTH_MUSCLE_CELL_PROLIFERATION;GOBP_VASCULAR_ASSOCIATED_SMOOTH_MUSCLE_CELL_PROLIFERATION,0,INACTIVE,"[{""term_id"":""GOBP_POSITIVE_REGULATION_OF_VASCULAR_ASSOCIATED_SMOOTH_MUSCLE_CELL_PROLIFERATION"",""NES"":1.4282794949536504,""FDR"":0.1632663963903355,""leading_edge_n"":8,""qualified"":false},{""term_id"":""GOBP_VASCULAR_ASSOCIATED_SMOOTH_MUSCLE_CELL_PROLIFERATION"",""NES"":1.3622741701567571,""FDR"":0.2041897950890608,""leading_edge_n"":10,""qualified"":false}]"
primary_vs_sensitivity,A,A019,sensitivity,0.5,2,GOBP_POSITIVE_REGULATION_OF_VASCULAR_ASSOCIATED_SMOOTH_MUSCLE_CELL_PROLIFERATION;GOBP_VASCULAR_ASSOCIATED_SMOOTH_MUSCLE_CELL_PROLIFERATION,0,INACTIVE,"[{""term_id"":""GOBP_POSITIVE_REGULATION_OF_VASCULAR_ASSOCIATED_SMOOTH_MUSCLE_CELL_PROLIFERATION"",""NES"":1.308232246896073,""FDR"":0.2538542176192037,""leading_edge_n"":8,""qualified"":false},{""term_id"":""GOBP_VASCULAR_ASSOCIATED_SMOOTH_MUSCLE_CELL_PROLIFERATION"",""NES"":1.281106131439265,""FDR"":0.277687895518911,""leading_edge_n"":11,""qualified"":false}]"
primary_vs_sensitivity,A,A020,primary,0.5,1,GOBP_POSITIVE_REGULATION_OF_VASCULAR_ENDOTHELIAL_GROWTH_FACTOR_PRODUCTION,1,POSITIVE,"[{""term_id"":""GOBP_POSITIVE_REGULATION_OF_VASCULAR_ENDOTHELIAL_GROWTH_FACTOR_PRODUCTION"",""NES"":2.019077051232892,""FDR"":0.007845146944911,""leading_edge_n"":8,""qualified"":true}]"
primary_vs_sensitivity,A,A020,sensitivity,0.5,1,GOBP_POSITIVE_REGULATION_OF_VASCULAR_ENDOTHELIAL_GROWTH_FACTOR_PRODUCTION,1,POSITIVE,"[{""term_id"":""GOBP_POSITIVE_REGULATION_OF_VASCULAR_ENDOTHELIAL_GROWTH_FACTOR_PRODUCTION"",""NES"":1.9689271678973064,""FDR"":0.0115326657143726,""leading_edge_n"":8,""qualified"":true}]"
primary_vs_sensitivity,A,A021,primary,0.5,1,GOBP_REGULATION_OF_ENDOTHELIAL_CELL_DIFFERENTIATION,0,INACTIVE,"[{""term_id"":""GOBP_REGULATION_OF_ENDOTHELIAL_CELL_DIFFERENTIATION"",""NES"":0.7127742821001172,""FDR"":0.955576291439318,""leading_edge_n"":11,""qualified"":false}]"
primary_vs_sensitivity,A,A021,sensitivity,0.5,1,GOBP_REGULATION_OF_ENDOTHELIAL_CELL_DIFFERENTIATION,0,INACTIVE,"[{""term_id"":""GOBP_REGULATION_OF_ENDOTHELIAL_CELL_DIFFERENTIATION"",""NES"":-0.9587504501437906,""FDR"":0.7662990078913872,""leading_edge_n"":9,""qualified"":false}]"
primary_vs_sensitivity,A,A022,primary,0.5,1,GOBP_REGULATION_OF_SPROUTING_ANGIOGENESIS,1,POSITIVE,"[{""term_id"":""GOBP_REGULATION_OF_SPROUTING_ANGIOGENESIS"",""NES"":1.80948716546656,""FDR"":0.0298502946018386,""leading_edge_n"":13,""qualified"":true}]"
primary_vs_sensitivity,A,A022,sensitivity,0.5,1,GOBP_REGULATION_OF_SPROUTING_ANGIOGENESIS,0,INACTIVE,"[{""term_id"":""GOBP_REGULATION_OF_SPROUTING_ANGIOGENESIS"",""NES"":1.7160403454294213,""FDR"":0.0500435220807199,""leading_edge_n"":10,""qualified"":false}]"
primary_vs_sensitivity,A,A023,primary,0.5,2,GOBP_REGULATION_OF_VASCULAR_ENDOTHELIAL_GROWTH_FACTOR_RECEPTOR_SIGNALING_PATHWAY;GOBP_VASCULAR_ENDOTHELIAL_GROWTH_FACTOR_RECEPTOR_SIGNALING_PATHWAY,0,INACTIVE,"[{""term_id"":""GOBP_REGULATION_OF_VASCULAR_ENDOTHELIAL_GROWTH_FACTOR_RECEPTOR_SIGNALING_PATHWAY"",""NES"":-1.02742565282362,""FDR"":0.6918829927758021,""leading_edge_n"":7,""qualified"":false},{""term_id"":""GOBP_VASCULAR_ENDOTHELIAL_GROWTH_FACTOR_RECEPTOR_SIGNALING_PATHWAY"",""NES"":-1.1460234948672618,""FDR"":0.5688754331363214,""leading_edge_n"":11,""qualified"":false}]"
primary_vs_sensitivity,A,A023,sensitivity,0.5,2,GOBP_REGULATION_OF_VASCULAR_ENDOTHELIAL_GROWTH_FACTOR_RECEPTOR_SIGNALING_PATHWAY;GOBP_VASCULAR_ENDOTHELIAL_GROWTH_FACTOR_RECEPTOR_SIGNALING_PATHWAY,0,INACTIVE,"[{""term_id"":""GOBP_REGULATION_OF_VASCULAR_ENDOTHELIAL_GROWTH_FACTOR_RECEPTOR_SIGNALING_PATHWAY"",""NES"":-1.1055938433488075,""FDR"":0.5921746116135226,""leading_edge_n"":7,""qualified"":false},{""term_id"":""GOBP_VASCULAR_ENDOTHELIAL_GROWTH_FACTOR_RECEPTOR_SIGNALING_PATHWAY"",""NES"":1.157008485347448,""FDR"":0.4013384266787946,""leading_edge_n"":17,""qualified"":false}]"
primary_vs_sensitivity,A,A024,primary,0.5,1,GOBP_REGULATION_OF_VASCULAR_PERMEABILITY,0,INACTIVE,"[{""term_id"":""GOBP_REGULATION_OF_VASCULAR_PERMEABILITY"",""NES"":0.8691395986619287,""FDR"":0.8065220293406704,""leading_edge_n"":6,""qualified"":false}]"
primary_vs_sensitivity,A,A024,sensitivity,0.5,1,GOBP_REGULATION_OF_VASCULAR_PERMEABILITY,0,INACTIVE,"[{""term_id"":""GOBP_REGULATION_OF_VASCULAR_PERMEABILITY"",""NES"":0.944258786378362,""FDR"":0.6896080362302863,""leading_edge_n"":6,""qualified"":false}]"
primary_vs_sensitivity,A,A025,primary,0.5,1,GOBP_SPROUTING_ANGIOGENESIS,1,POSITIVE,"[{""term_id"":""GOBP_SPROUTING_ANGIOGENESIS"",""NES"":1.866365557909097,""FDR"":0.0221303398893758,""leading_edge_n"":28,""qualified"":true}]"
primary_vs_sensitivity,A,A025,sensitivity,0.5,1,GOBP_SPROUTING_ANGIOGENESIS,1,POSITIVE,"[{""term_id"":""GOBP_SPROUTING_ANGIOGENESIS"",""NES"":1.7802159444443226,""FDR"":0.0377993260580021,""leading_edge_n"":26,""qualified"":true}]"
primary_vs_sensitivity,A,A026,primary,0.5,1,GOBP_VASCULAR_ASSOCIATED_SMOOTH_MUSCLE_CELL_DIFFERENTIATION,0,INACTIVE,"[{""term_id"":""GOBP_VASCULAR_ASSOCIATED_SMOOTH_MUSCLE_CELL_DIFFERENTIATION"",""NES"":1.4950069423722838,""FDR"":0.1259918155716604,""leading_edge_n"":9,""qualified"":false}]"
primary_vs_sensitivity,A,A026,sensitivity,0.5,1,GOBP_VASCULAR_ASSOCIATED_SMOOTH_MUSCLE_CELL_DIFFERENTIATION,0,INACTIVE,"[{""term_id"":""GOBP_VASCULAR_ASSOCIATED_SMOOTH_MUSCLE_CELL_DIFFERENTIATION"",""NES"":1.4543011223846125,""FDR"":0.1520904156847293,""leading_edge_n"":8,""qualified"":false}]"
primary_vs_sensitivity,A,A027,primary,0.5,1,GOBP_VASCULAR_ASSOCIATED_SMOOTH_MUSCLE_CELL_MIGRATION,0,INACTIVE,"[{""term_id"":""GOBP_VASCULAR_ASSOCIATED_SMOOTH_MUSCLE_CELL_MIGRATION"",""NES"":1.5845625644105743,""FDR"":0.0885338366355494,""leading_edge_n"":7,""qualified"":false}]"
primary_vs_sensitivity,A,A027,sensitivity,0.5,1,GOBP_VASCULAR_ASSOCIATED_SMOOTH_MUSCLE_CELL_MIGRATION,0,INACTIVE,"[{""term_id"":""GOBP_VASCULAR_ASSOCIATED_SMOOTH_MUSCLE_CELL_MIGRATION"",""NES"":1.701340475112704,""FDR"":0.0557450490698712,""leading_edge_n"":8,""qualified"":false}]"
primary_vs_sensitivity,A,A028,primary,0.5,1,GOBP_VASCULAR_ASSOCIATED_SMOOTH_MUSCLE_CONTRACTION,0,INACTIVE,"[{""term_id"":""GOBP_VASCULAR_ASSOCIATED_SMOOTH_MUSCLE_CONTRACTION"",""NES"":1.2637759020046455,""FDR"":0.2807018371786279,""leading_edge_n"":7,""qualified"":false}]"
primary_vs_sensitivity,A,A028,sensitivity,0.5,1,GOBP_VASCULAR_ASSOCIATED_SMOOTH_MUSCLE_CONTRACTION,0,INACTIVE,"[{""term_id"":""GOBP_VASCULAR_ASSOCIATED_SMOOTH_MUSCLE_CONTRACTION"",""NES"":1.1379730442571216,""FDR"":0.422578597423192,""leading_edge_n"":3,""qualified"":false}]"
primary_vs_sensitivity,A,A029,primary,0.5,1,GOBP_VASCULAR_ENDOTHELIAL_CELL_PROLIFERATION,0,INACTIVE,"[{""term_id"":""GOBP_VASCULAR_ENDOTHELIAL_CELL_PROLIFERATION"",""NES"":1.2971447631295865,""FDR"":0.2508588820905453,""leading_edge_n"":7,""qualified"":false}]"
primary_vs_sensitivity,A,A029,sensitivity,0.5,1,GOBP_VASCULAR_ENDOTHELIAL_CELL_PROLIFERATION,0,INACTIVE,"[{""term_id"":""GOBP_VASCULAR_ENDOTHELIAL_CELL_PROLIFERATION"",""NES"":1.214803702063413,""FDR"":0.3370936364669853,""leading_edge_n"":6,""qualified"":false}]"
primary_vs_sensitivity,A,A030,primary,0.5,2,GOBP_VASCULAR_ENDOTHELIAL_CELL_RESPONSE_TO_FLUID_SHEAR_STRESS;GOBP_VASCULAR_ENDOTHELIAL_CELL_RESPONSE_TO_LAMINAR_FLUID_SHEAR_STRESS,0,INACTIVE,"[{""term_id"":""GOBP_VASCULAR_ENDOTHELIAL_CELL_RESPONSE_TO_FLUID_SHEAR_STRESS"",""NES"":1.064308676077599,""FDR"":0.5163465091701467,""leading_edge_n"":7,""qualified"":false},{""term_id"":""GOBP_VASCULAR_ENDOTHELIAL_CELL_RESPONSE_TO_LAMINAR_FLUID_SHEAR_STRESS"",""NES"":-1.017492793490996,""FDR"":0.6944658340671506,""leading_edge_n"":8,""qualified"":false}]"
primary_vs_sensitivity,A,A030,sensitivity,0.5,2,GOBP_VASCULAR_ENDOTHELIAL_CELL_RESPONSE_TO_FLUID_SHEAR_STRESS;GOBP_VASCULAR_ENDOTHELIAL_CELL_RESPONSE_TO_LAMINAR_FLUID_SHEAR_STRESS,0,INACTIVE,"[{""term_id"":""GOBP_VASCULAR_ENDOTHELIAL_CELL_RESPONSE_TO_FLUID_SHEAR_STRESS"",""NES"":1.0030786901744508,""FDR"":0.600412443024435,""leading_edge_n"":8,""qualified"":false},{""term_id"":""GOBP_VASCULAR_ENDOTHELIAL_CELL_RESPONSE_TO_LAMINAR_FLUID_SHEAR_STRESS"",""NES"":-1.2061890788357563,""FDR"":0.4903991682651782,""leading_edge_n"":10,""qualified"":false}]"
primary_vs_sensitivity,A,A031,primary,0.5,1,GOBP_VASCULAR_ENDOTHELIAL_GROWTH_FACTOR_PRODUCTION,1,POSITIVE,"[{""term_id"":""GOBP_VASCULAR_ENDOTHELIAL_GROWTH_FACTOR_PRODUCTION"",""NES"":2.008995825471117,""FDR"":0.0082159165105136,""leading_edge_n"":11,""qualified"":true}]"
primary_vs_sensitivity,A,A031,sensitivity,0.5,1,GOBP_VASCULAR_ENDOTHELIAL_GROWTH_FACTOR_PRODUCTION,1,POSITIVE,"[{""term_id"":""GOBP_VASCULAR_ENDOTHELIAL_GROWTH_FACTOR_PRODUCTION"",""NES"":1.9306839162153828,""FDR"":0.0136310061653248,""leading_edge_n"":8,""qualified"":true}]"
primary_vs_sensitivity,A,A032,primary,0.5,1,GOBP_VASCULAR_PROCESS_IN_CIRCULATORY_SYSTEM,0,INACTIVE,"[{""term_id"":""GOBP_VASCULAR_PROCESS_IN_CIRCULATORY_SYSTEM"",""NES"":1.3521215487027394,""FDR"":0.211218922195342,""leading_edge_n"":58,""qualified"":false}]"
primary_vs_sensitivity,A,A032,sensitivity,0.5,1,GOBP_VASCULAR_PROCESS_IN_CIRCULATORY_SYSTEM,0,INACTIVE,"[{""term_id"":""GOBP_VASCULAR_PROCESS_IN_CIRCULATORY_SYSTEM"",""NES"":1.2835263863511328,""FDR"":0.2757906447112435,""leading_edge_n"":44,""qualified"":false}]"
primary_vs_sensitivity,A,A033,primary,0.5,1,GOBP_VASCULAR_TRANSPORT,0,INACTIVE,"[{""term_id"":""GOBP_VASCULAR_TRANSPORT"",""NES"":1.421266247648743,""FDR"":0.1665585981535116,""leading_edge_n"":21,""qualified"":false}]"
primary_vs_sensitivity,A,A033,sensitivity,0.5,1,GOBP_VASCULAR_TRANSPORT,0,INACTIVE,"[{""term_id"":""GOBP_VASCULAR_TRANSPORT"",""NES"":1.3625902490784478,""FDR"":0.2132639660359176,""leading_edge_n"":21,""qualified"":false}]"
primary_vs_sensitivity,A,A034,primary,0.5,1,REACTOME_CELL_SURFACE_INTERACTIONS_AT_THE_VASCULAR_WALL,0,INACTIVE,"[{""term_id"":""REACTOME_CELL_SURFACE_INTERACTIONS_AT_THE_VASCULAR_WALL"",""NES"":1.292893175106252,""FDR"":0.2546824147120871,""leading_edge_n"":17,""qualified"":false}]"
primary_vs_sensitivity,A,A034,sensitivity,0.5,1,REACTOME_CELL_SURFACE_INTERACTIONS_AT_THE_VASCULAR_WALL,0,INACTIVE,"[{""term_id"":""REACTOME_CELL_SURFACE_INTERACTIONS_AT_THE_VASCULAR_WALL"",""NES"":1.1332185281979732,""FDR"":0.4285227927402142,""leading_edge_n"":21,""qualified"":false}]"
primary_vs_sensitivity,A,A035,primary,0.5,1,REACTOME_HIGH_LAMINAR_FLOW_SHEAR_STRESS_ACTIVATES_SIGNALING_BY_PIEZO1_AND_PECAM1_CDH5_KDR_IN_ENDOTHELIAL_CELLS,0,INACTIVE,"[{""term_id"":""REACTOME_HIGH_LAMINAR_FLOW_SHEAR_STRESS_ACTIVATES_SIGNALING_BY_PIEZO1_AND_PECAM1_CDH5_KDR_IN_ENDOTHELIAL_CELLS"",""NES"":0.7069814744177123,""FDR"":0.9577811458223392,""leading_edge_n"":16,""qualified"":false}]"
primary_vs_sensitivity,A,A035,sensitivity,0.5,1,REACTOME_HIGH_LAMINAR_FLOW_SHEAR_STRESS_ACTIVATES_SIGNALING_BY_PIEZO1_AND_PECAM1_CDH5_KDR_IN_ENDOTHELIAL_CELLS,0,INACTIVE,"[{""term_id"":""REACTOME_HIGH_LAMINAR_FLOW_SHEAR_STRESS_ACTIVATES_SIGNALING_BY_PIEZO1_AND_PECAM1_CDH5_KDR_IN_ENDOTHELIAL_CELLS"",""NES"":-0.9130969899366508,""FDR"":0.8176922622165411,""leading_edge_n"":20,""qualified"":false}]"
primary_vs_sensitivity,A,A036,primary,0.5,1,REACTOME_TURBULENT_OSCILLATORY_DISTURBED_FLOW_SHEAR_STRESS_ACTIVATES_SIGNALING_BY_PIEZO1_AND_INTEGRINS_IN_ENDOTHELIAL_CELLS,0,INACTIVE,"[{""term_id"":""REACTOME_TURBULENT_OSCILLATORY_DISTURBED_FLOW_SHEAR_STRESS_ACTIVATES_SIGNALING_BY_PIEZO1_AND_INTEGRINS_IN_ENDOTHELIAL_CELLS"",""NES"":-1.2047518988418269,""FDR"":0.5184649387262911,""leading_edge_n"":4,""qualified"":false}]"
primary_vs_sensitivity,A,A036,sensitivity,0.5,1,REACTOME_TURBULENT_OSCILLATORY_DISTURBED_FLOW_SHEAR_STRESS_ACTIVATES_SIGNALING_BY_PIEZO1_AND_INTEGRINS_IN_ENDOTHELIAL_CELLS,0,INACTIVE,"[{""term_id"":""REACTOME_TURBULENT_OSCILLATORY_DISTURBED_FLOW_SHEAR_STRESS_ACTIVATES_SIGNALING_BY_PIEZO1_AND_INTEGRINS_IN_ENDOTHELIAL_CELLS"",""NES"":-1.4088670923235322,""FDR"":0.3170073780646428,""leading_edge_n"":5,""qualified"":false}]"
primary_vs_sensitivity,A,A037,primary,0.5,1,REACTOME_VEGFR2_MEDIATED_VASCULAR_PERMEABILITY,0,INACTIVE,"[{""term_id"":""REACTOME_VEGFR2_MEDIATED_VASCULAR_PERMEABILITY"",""NES"":-1.2490860540542246,""FDR"":0.4915726499650382,""leading_edge_n"":7,""qualified"":false}]"
primary_vs_sensitivity,A,A037,sensitivity,0.5,1,REACTOME_VEGFR2_MEDIATED_VASCULAR_PERMEABILITY,0,INACTIVE,"[{""term_id"":""REACTOME_VEGFR2_MEDIATED_VASCULAR_PERMEABILITY"",""NES"":-1.5979962084998185,""FDR"":0.1561505772175228,""leading_edge_n"":8,""qualified"":false}]"
primary_vs_sensitivity,I,I001,primary,0.5,5,GOBP_ACTIVATION_OF_IMMUNE_RESPONSE;GOBP_ACTIVATION_OF_INNATE_IMMUNE_RESPONSE;GOBP_IMMUNE_RESPONSE_REGULATING_CELL_SURFACE_RECEPTOR_SIGNALING_PATHWAY;GOBP_IMMUNE_RESPONSE_REGULATING_SIGNALING_PATHWAY;GOBP_REGULATION_OF_INNATE_IMMUNE_RESPONSE,0,INACTIVE,"[{""term_id"":""GOBP_ACTIVATION_OF_IMMUNE_RESPONSE"",""NES"":1.1452966642898856,""FDR"":0.4063658175853245,""leading_edge_n"":120,""qualified"":false},{""term_id"":""GOBP_ACTIVATION_OF_INNATE_IMMUNE_RESPONSE"",""NES"":1.1536912651170976,""FDR"":0.3958449339823354,""leading_edge_n"":94,""qualified"":false},{""term_id"":""GOBP_IMMUNE_RESPONSE_REGULATING_CELL_SURFACE_RECEPTOR_SIGNALING_PATHWAY"",""NES"":1.004558581870688,""FDR"":0.6045941193647827,""leading_edge_n"":62,""qualified"":false},{""term_id"":""GOBP_IMMUNE_RESPONSE_REGULATING_SIGNALING_PATHWAY"",""NES"":1.033463636233521,""FDR"":0.5624297660732587,""leading_edge_n"":109,""qualified"":false},{""term_id"":""GOBP_REGULATION_OF_INNATE_IMMUNE_RESPONSE"",""NES"":1.332361197419031,""FDR"":0.2249823356479562,""leading_edge_n"":116,""qualified"":false}]"
primary_vs_sensitivity,I,I001,sensitivity,0.5,5,GOBP_ACTIVATION_OF_IMMUNE_RESPONSE;GOBP_ACTIVATION_OF_INNATE_IMMUNE_RESPONSE;GOBP_IMMUNE_RESPONSE_REGULATING_CELL_SURFACE_RECEPTOR_SIGNALING_PATHWAY;GOBP_IMMUNE_RESPONSE_REGULATING_SIGNALING_PATHWAY;GOBP_REGULATION_OF_INNATE_IMMUNE_RESPONSE,0,INACTIVE,"[{""term_id"":""GOBP_ACTIVATION_OF_IMMUNE_RESPONSE"",""NES"":1.0963016651780917,""FDR"":0.4747381442571043,""leading_edge_n"":121,""qualified"":false},{""term_id"":""GOBP_ACTIVATION_OF_INNATE_IMMUNE_RESPONSE"",""NES"":1.0551781571429688,""FDR"":0.5277295021045204,""leading_edge_n"":71,""qualified"":false},{""term_id"":""GOBP_IMMUNE_RESPONSE_REGULATING_CELL_SURFACE_RECEPTOR_SIGNALING_PATHWAY"",""NES"":1.027277764099891,""FDR"":0.5642427515370857,""leading_edge_n"":74,""qualified"":false},{""term_id"":""GOBP_IMMUNE_RESPONSE_REGULATING_SIGNALING_PATHWAY"",""NES"":0.9840292806397968,""FDR"":0.6289363797659934,""leading_edge_n"":124,""qualified"":false},{""term_id"":""GOBP_REGULATION_OF_INNATE_IMMUNE_RESPONSE"",""NES"":1.3143444725967883,""FDR"":0.2491542668635359,""leading_edge_n"":115,""qualified"":false}]"
primary_vs_sensitivity,I,I002,primary,0.5,1,GOBP_ACUTE_INFLAMMATORY_RESPONSE,0,INACTIVE,"[{""term_id"":""GOBP_ACUTE_INFLAMMATORY_RESPONSE"",""NES"":1.346064588100767,""FDR"":0.215631422847715,""leading_edge_n"":15,""qualified"":false}]"
primary_vs_sensitivity,I,I002,sensitivity,0.5,1,GOBP_ACUTE_INFLAMMATORY_RESPONSE,0,INACTIVE,"[{""term_id"":""GOBP_ACUTE_INFLAMMATORY_RESPONSE"",""NES"":1.3527440445512364,""FDR"":0.2198692246487409,""leading_edge_n"":12,""qualified"":false}]"
primary_vs_sensitivity,I,I003,primary,0.5,16,GOBP_ADAPTIVE_IMMUNE_RESPONSE;GOBP_ADAPTIVE_IMMUNE_RESPONSE_BASED_ON_SOMATIC_RECOMBINATION_OF_IMMUNE_RECEPTORS_BUILT_FROM_IMMUNOGLOBULIN_SUPERFAMILY_DOMAINS;GOBP_B_CELL_MEDIATED_IMMUNITY;GOBP_IMMUNE_EFFECTOR_PROCESS;GOBP_LEUKOCYTE_MEDIATED_IMMUNITY;GOBP_LYMPHOCYTE_MEDIATED_IMMUNITY;GOBP_POSITIVE_REGULATION_OF_ADAPTIVE_IMMUNE_RESPONSE;GOBP_POSITIVE_REGULATION_OF_IMMUNE_EFFECTOR_PROCESS;GOBP_POSITIVE_REGULATION_OF_LEUKOCYTE_MEDIATED_IMMUNITY;GOBP_POSITIVE_REGULATION_OF_T_CELL_MEDIATED_IMMUNITY;GOBP_REGULATION_OF_ADAPTIVE_IMMUNE_RESPONSE;GOBP_REGULATION_OF_IMMUNE_EFFECTOR_PROCESS;GOBP_REGULATION_OF_LEUKOCYTE_MEDIATED_IMMUNITY;GOBP_REGULATION_OF_LYMPHOCYTE_MEDIATED_IMMUNITY;GOBP_REGULATION_OF_T_CELL_MEDIATED_IMMUNITY;GOBP_T_CELL_MEDIATED_IMMUNITY,0,INACTIVE,"[{""term_id"":""GOBP_ADAPTIVE_IMMUNE_RESPONSE"",""NES"":1.1928369419043314,""FDR"":0.3530003790186459,""leading_edge_n"":109,""qualified"":false},{""term_id"":""GOBP_ADAPTIVE_IMMUNE_RESPONSE_BASED_ON_SOMATIC_RECOMBINATION_OF_IMMUNE_RECEPTORS_BUILT_FROM_IMMUNOGLOBULIN_SUPERFAMILY_DOMAINS"",""NES"":1.3165171561310092,""FDR"":0.2378157011666726,""leading_edge_n"":92,""qualified"":false},{""term_id"":""GOBP_B_CELL_MEDIATED_IMMUNITY"",""NES"":-0.9598732174162584,""FDR"":0.7763713166231581,""leading_edge_n"":18,""qualified"":false},{""term_id"":""GOBP_IMMUNE_EFFECTOR_PROCESS"",""NES"":1.1687178064051758,""FDR"":0.3774645034748778,""leading_edge_n"":146,""qualified"":false},{""term_id"":""GOBP_LEUKOCYTE_MEDIATED_IMMUNITY"",""NES"":1.0468810872792609,""FDR"":0.5414416107666927,""leading_edge_n"":83,""qualified"":false},{""term_id"":""GOBP_LYMPHOCYTE_MEDIATED_IMMUNITY"",""NES"":0.924773270696751,""FDR"":0.7293134114883912,""leading_edge_n"":53,""qualified"":false},{""term_id"":""GOBP_POSITIVE_REGULATION_OF_ADAPTIVE_IMMUNE_RESPONSE"",""NES"":1.119819855787522,""FDR"":0.4392119803993558,""leading_edge_n"":38,""qualified"":false},{""term_id"":""GOBP_POSITIVE_REGULATION_OF_IMMUNE_EFFECTOR_PROCESS"",""NES"":1.3133149643240312,""FDR"":0.2400139698734024,""leading_edge_n"":63,""qualified"":false},{""term_id"":""GOBP_POSITIVE_REGULATION_OF_LEUKOCYTE_MEDIATED_IMMUNITY"",""NES"":1.0223953219553563,""FDR"":0.5788408321401249,""leading_edge_n"":38,""qualified"":false},{""term_id"":""GOBP_POSITIVE_REGULATION_OF_T_CELL_MEDIATED_IMMUNITY"",""NES"":0.9341439015918916,""FDR"":0.7137894817813076,""leading_edge_n"":19,""qualified"":false},{""term_id"":""GOBP_REGULATION_OF_ADAPTIVE_IMMUNE_RESPONSE"",""NES"":1.3529112576196798,""FDR"":0.2108693249414583,""leading_edge_n"":56,""qualified"":false},{""term_id"":""GOBP_REGULATION_OF_IMMUNE_EFFECTOR_PROCESS"",""NES"":1.3352304273936928,""FDR"":0.2240186741283903,""leading_edge_n"":82,""qualified"":false},{""term_id"":""GOBP_REGULATION_OF_LEUKOCYTE_MEDIATED_IMMUNITY"",""NES"":1.125726040475209,""FDR"":0.4312617321919537,""leading_edge_n"":54,""qualified"":false},{""term_id"":""GOBP_REGULATION_OF_LYMPHOCYTE_MEDIATED_IMMUNITY"",""NES"":0.7878936189139084,""FDR"":0.9042276038695672,""leading_edge_n"":40,""qualified"":false},{""term_id"":""GOBP_REGULATION_OF_T_CELL_MEDIATED_IMMUNITY"",""NES"":0.8708099928068903,""FDR"":0.8042759018972677,""leading_edge_n"":25,""qualified"":false},{""term_id"":""GOBP_T_CELL_MEDIATED_IMMUNITY"",""NES"":0.8169095373103473,""FDR"":0.8734768590427476,""leading_edge_n"":15,""qualified"":false}]"
primary_vs_sensitivity,I,I003,sensitivity,0.5,16,GOBP_ADAPTIVE_IMMUNE_RESPONSE;GOBP_ADAPTIVE_IMMUNE_RESPONSE_BASED_ON_SOMATIC_RECOMBINATION_OF_IMMUNE_RECEPTORS_BUILT_FROM_IMMUNOGLOBULIN_SUPERFAMILY_DOMAINS;GOBP_B_CELL_MEDIATED_IMMUNITY;GOBP_IMMUNE_EFFECTOR_PROCESS;GOBP_LEUKOCYTE_MEDIATED_IMMUNITY;GOBP_LYMPHOCYTE_MEDIATED_IMMUNITY;GOBP_POSITIVE_REGULATION_OF_ADAPTIVE_IMMUNE_RESPONSE;GOBP_POSITIVE_REGULATION_OF_IMMUNE_EFFECTOR_PROCESS;GOBP_POSITIVE_REGULATION_OF_LEUKOCYTE_MEDIATED_IMMUNITY;GOBP_POSITIVE_REGULATION_OF_T_CELL_MEDIATED_IMMUNITY;GOBP_REGULATION_OF_ADAPTIVE_IMMUNE_RESPONSE;GOBP_REGULATION_OF_IMMUNE_EFFECTOR_PROCESS;GOBP_REGULATION_OF_LEUKOCYTE_MEDIATED_IMMUNITY;GOBP_REGULATION_OF_LYMPHOCYTE_MEDIATED_IMMUNITY;GOBP_REGULATION_OF_T_CELL_MEDIATED_IMMUNITY;GOBP_T_CELL_MEDIATED_IMMUNITY,0,INACTIVE,"[{""term_id"":""GOBP_ADAPTIVE_IMMUNE_RESPONSE"",""NES"":1.167787645088625,""FDR"":0.3890074265276981,""leading_edge_n"":112,""qualified"":false},{""term_id"":""GOBP_ADAPTIVE_IMMUNE_RESPONSE_BASED_ON_SOMATIC_RECOMBINATION_OF_IMMUNE_RECEPTORS_BUILT_FROM_IMMUNOGLOBULIN_SUPERFAMILY_DOMAINS"",""NES"":1.2898998682066447,""FDR"":0.2700872632075846,""leading_edge_n"":110,""qualified"":false},{""term_id"":""GOBP_B_CELL_MEDIATED_IMMUNITY"",""NES"":-1.0394774590069804,""FDR"":0.6633838669022504,""leading_edge_n"":19,""qualified"":false},{""term_id"":""GOBP_IMMUNE_EFFECTOR_PROCESS"",""NES"":1.151319349850301,""FDR"":0.4063645694262334,""leading_edge_n"":140,""qualified"":false},{""term_id"":""GOBP_LEUKOCYTE_MEDIATED_IMMUNITY"",""NES"":1.0233202454572512,""FDR"":0.5694372028898855,""leading_edge_n"":100,""qualified"":false},{""term_id"":""GOBP_LYMPHOCYTE_MEDIATED_IMMUNITY"",""NES"":-1.0062043600555584,""FDR"":0.699968427315082,""leading_edge_n"":38,""qualified"":false},{""term_id"":""GOBP_POSITIVE_REGULATION_OF_ADAPTIVE_IMMUNE_RESPONSE"",""NES"":1.2155689808527477,""FDR"":0.3360864056110543,""leading_edge_n"":47,""qualified"":false},{""term_id"":""GOBP_POSITIVE_REGULATION_OF_IMMUNE_EFFECTOR_PROCESS"",""NES"":1.33127904068,""FDR"":0.2356518169030131,""leading_edge_n"":73,""qualified"":false},{""term_id"":""GOBP_POSITIVE_REGULATION_OF_LEUKOCYTE_MEDIATED_IMMUNITY"",""NES"":1.105666854567189,""FDR"":0.4630203432058954,""leading_edge_n"":45,""qualified"":false},{""term_id"":""GOBP_POSITIVE_REGULATION_OF_T_CELL_MEDIATED_IMMUNITY"",""NES"":1.0528840585997927,""FDR"":0.530619852433167,""leading_edge_n"":24,""qualified"":false},{""term_id"":""GOBP_REGULATION_OF_ADAPTIVE_IMMUNE_RESPONSE"",""NES"":1.3305871303932435,""FDR"":0.2360249821260587,""leading_edge_n"":61,""qualified"":false},{""term_id"":""GOBP_REGULATION_OF_IMMUNE_EFFECTOR_PROCESS"",""NES"":1.3323140371030455,""FDR"":0.2355779028010257,""leading_edge_n"":89,""qualified"":false},{""term_id"":""GOBP_REGULATION_OF_LEUKOCYTE_MEDIATED_IMMUNITY"",""NES"":1.1428357801768336,""FDR"":0.4173481199612513,""leading_edge_n"":58,""qualified"":false},{""term_id"":""GOBP_REGULATION_OF_LYMPHOCYTE_MEDIATED_IMMUNITY"",""NES"":0.8476416891548525,""FDR"":0.8323331045566533,""leading_edge_n"":49,""qualified"":false},{""term_id"":""GOBP_REGULATION_OF_T_CELL_MEDIATED_IMMUNITY"",""NES"":1.0005232290346422,""FDR"":0.6045161414713568,""leading_edge_n"":19,""qualified"":false},{""term_id"":""GOBP_T_CELL_MEDIATED_IMMUNITY"",""NES"":0.9098560830434348,""FDR"":0.7447332067635284,""leading_edge_n"":23,""qualified"":false}]"
primary_vs_sensitivity,I,I004,primary,0.5,1,GOBP_ANTIMICROBIAL_HUMORAL_IMMUNE_RESPONSE_MEDIATED_BY_ANTIMICROBIAL_PEPTIDE,0,INACTIVE,"[{""term_id"":""GOBP_ANTIMICROBIAL_HUMORAL_IMMUNE_RESPONSE_MEDIATED_BY_ANTIMICROBIAL_PEPTIDE"",""NES"":1.1220208264743758,""FDR"":0.4359788962622856,""leading_edge_n"":7,""qualified"":false}]"
primary_vs_sensitivity,I,I004,sensitivity,0.5,1,GOBP_ANTIMICROBIAL_HUMORAL_IMMUNE_RESPONSE_MEDIATED_BY_ANTIMICROBIAL_PEPTIDE,0,INACTIVE,"[{""term_id"":""GOBP_ANTIMICROBIAL_HUMORAL_IMMUNE_RESPONSE_MEDIATED_BY_ANTIMICROBIAL_PEPTIDE"",""NES"":1.0283362197965091,""FDR"":0.5627957305096055,""leading_edge_n"":7,""qualified"":false}]"
primary_vs_sensitivity,I,I005,primary,0.5,1,GOBP_ANTIVIRAL_INNATE_IMMUNE_RESPONSE,0,INACTIVE,"[{""term_id"":""GOBP_ANTIVIRAL_INNATE_IMMUNE_RESPONSE"",""NES"":1.1165785655715466,""FDR"":0.4437030515865535,""leading_edge_n"":21,""qualified"":false}]"
primary_vs_sensitivity,I,I005,sensitivity,0.5,1,GOBP_ANTIVIRAL_INNATE_IMMUNE_RESPONSE,0,INACTIVE,"[{""term_id"":""GOBP_ANTIVIRAL_INNATE_IMMUNE_RESPONSE"",""NES"":0.9431470499876662,""FDR"":0.6909541659872099,""leading_edge_n"":25,""qualified"":false}]"
primary_vs_sensitivity,I,I006,primary,0.5,14,GOBP_B_CELL_ACTIVATION_INVOLVED_IN_IMMUNE_RESPONSE;GOBP_CYTOKINE_PRODUCTION_INVOLVED_IN_IMMUNE_RESPONSE;GOBP_IMMUNOGLOBULIN_PRODUCTION;GOBP_IMMUNOGLOBULIN_PRODUCTION_INVOLVED_IN_IMMUNOGLOBULIN_MEDIATED_IMMUNE_RESPONSE;GOBP_POSITIVE_REGULATION_OF_B_CELL_MEDIATED_IMMUNITY;GOBP_POSITIVE_REGULATION_OF_CYTOKINE_PRODUCTION_INVOLVED_IN_IMMUNE_RESPONSE;GOBP_POSITIVE_REGULATION_OF_IMMUNOGLOBULIN_PRODUCTION;GOBP_POSITIVE_REGULATION_OF_PRODUCTION_OF_MOLECULAR_MEDIATOR_OF_IMMUNE_RESPONSE;GOBP_PRODUCTION_OF_MOLECULAR_MEDIATOR_OF_IMMUNE_RESPONSE;GOBP_REGULATION_OF_B_CELL_MEDIATED_IMMUNITY;GOBP_REGULATION_OF_IMMUNOGLOBULIN_PRODUCTION;GOBP_REGULATION_OF_PRODUCTION_OF_MOLECULAR_MEDIATOR_OF_IMMUNE_RESPONSE;GOBP_SOMATIC_DIVERSIFICATION_OF_IMMUNE_RECEPTORS;GOBP_SOMATIC_DIVERSIFICATION_OF_IMMUNOGLOBULINS,0,INACTIVE,"[{""term_id"":""GOBP_B_CELL_ACTIVATION_INVOLVED_IN_IMMUNE_RESPONSE"",""NES"":0.992811899807616,""FDR"":0.6206929763309077,""leading_edge_n"":22,""qualified"":false},{""term_id"":""GOBP_CYTOKINE_PRODUCTION_INVOLVED_IN_IMMUNE_RESPONSE"",""NES"":1.3884522966078452,""FDR"":0.1873299098207175,""leading_edge_n"":27,""qualified"":false},{""term_id"":""GOBP_IMMUNOGLOBULIN_PRODUCTION"",""NES"":0.9951220223833838,""FDR"":0.6169219948971706,""leading_edge_n"":26,""qualified"":false},{""term_id"":""GOBP_IMMUNOGLOBULIN_PRODUCTION_INVOLVED_IN_IMMUNOGLOBULIN_MEDIATED_IMMUNE_RESPONSE"",""NES"":1.0608386168331714,""FDR"":0.5213269059540515,""leading_edge_n"":17,""qualified"":false},{""term_id"":""GOBP_POSITIVE_REGULATION_OF_B_CELL_MEDIATED_IMMUNITY"",""NES"":-1.0890955383098146,""FDR"":0.6295730997781944,""leading_edge_n"":10,""qualified"":false},{""term_id"":""GOBP_POSITIVE_REGULATION_OF_CYTOKINE_PRODUCTION_INVOLVED_IN_IMMUNE_RESPONSE"",""NES"":1.311170388960767,""FDR"":0.2412004387131651,""leading_edge_n"":20,""qualified"":false},{""term_id"":""GOBP_POSITIVE_REGULATION_OF_IMMUNOGLOBULIN_PRODUCTION"",""NES"":-0.8713231099209776,""FDR"":0.8848350195367385,""leading_edge_n"":13,""qualified"":false},{""term_id"":""GOBP_POSITIVE_REGULATION_OF_PRODUCTION_OF_MOLECULAR_MEDIATOR_OF_IMMUNE_RESPONSE"",""NES"":1.145272905040595,""FDR"":0.4062112459390584,""leading_edge_n"":30,""qualified"":false},{""term_id"":""GOBP_PRODUCTION_OF_MOLECULAR_MEDIATOR_OF_IMMUNE_RESPONSE"",""NES"":1.3349522735503925,""FDR"":0.2236937658365157,""leading_edge_n"":52,""qualified"":false},{""term_id"":""GOBP_REGULATION_OF_B_CELL_MEDIATED_IMMUNITY"",""NES"":-0.916961319987486,""FDR"":0.8376868188276262,""leading_edge_n"":11,""qualified"":false},{""term_id"":""GOBP_REGULATION_OF_IMMUNOGLOBULIN_PRODUCTION"",""NES"":-1.0472939168269348,""FDR"":0.6780673821130173,""leading_edge_n"":18,""qualified"":false},{""term_id"":""GOBP_REGULATION_OF_PRODUCTION_OF_MOLECULAR_MEDIATOR_OF_IMMUNE_RESPONSE"",""NES"":1.163587525889008,""FDR"":0.3834642459088987,""leading_edge_n"":39,""qualified"":false},{""term_id"":""GOBP_SOMATIC_DIVERSIFICATION_OF_IMMUNE_RECEPTORS"",""NES"":0.9980620386330028,""FDR"":0.613663616215269,""leading_edge_n"":24,""qualified"":false},{""term_id"":""GOBP_SOMATIC_DIVERSIFICATION_OF_IMMUNOGLOBULINS"",""NES"":1.0325076883455842,""FDR"":0.5632815839566301,""leading_edge_n"":21,""qualified"":false}]"
primary_vs_sensitivity,I,I006,sensitivity,0.5,14,GOBP_B_CELL_ACTIVATION_INVOLVED_IN_IMMUNE_RESPONSE;GOBP_CYTOKINE_PRODUCTION_INVOLVED_IN_IMMUNE_RESPONSE;GOBP_IMMUNOGLOBULIN_PRODUCTION;GOBP_IMMUNOGLOBULIN_PRODUCTION_INVOLVED_IN_IMMUNOGLOBULIN_MEDIATED_IMMUNE_RESPONSE;GOBP_POSITIVE_REGULATION_OF_B_CELL_MEDIATED_IMMUNITY;GOBP_POSITIVE_REGULATION_OF_CYTOKINE_PRODUCTION_INVOLVED_IN_IMMUNE_RESPONSE;GOBP_POSITIVE_REGULATION_OF_IMMUNOGLOBULIN_PRODUCTION;GOBP_POSITIVE_REGULATION_OF_PRODUCTION_OF_MOLECULAR_MEDIATOR_OF_IMMUNE_RESPONSE;GOBP_PRODUCTION_OF_MOLECULAR_MEDIATOR_OF_IMMUNE_RESPONSE;GOBP_REGULATION_OF_B_CELL_MEDIATED_IMMUNITY;GOBP_REGULATION_OF_IMMUNOGLOBULIN_PRODUCTION;GOBP_REGULATION_OF_PRODUCTION_OF_MOLECULAR_MEDIATOR_OF_IMMUNE_RESPONSE;GOBP_SOMATIC_DIVERSIFICATION_OF_IMMUNE_RECEPTORS;GOBP_SOMATIC_DIVERSIFICATION_OF_IMMUNOGLOBULINS,0,INACTIVE,"[{""term_id"":""GOBP_B_CELL_ACTIVATION_INVOLVED_IN_IMMUNE_RESPONSE"",""NES"":-0.8781828193691968,""FDR"":0.8613891437870751,""leading_edge_n"":15,""qualified"":false},{""term_id"":""GOBP_CYTOKINE_PRODUCTION_INVOLVED_IN_IMMUNE_RESPONSE"",""NES"":1.2304413409042283,""FDR"":0.3223546029170094,""leading_edge_n"":35,""qualified"":false},{""term_id"":""GOBP_IMMUNOGLOBULIN_PRODUCTION"",""NES"":0.947193879742463,""FDR"":0.6850563657850625,""leading_edge_n"":20,""qualified"":false},{""term_id"":""GOBP_IMMUNOGLOBULIN_PRODUCTION_INVOLVED_IN_IMMUNOGLOBULIN_MEDIATED_IMMUNE_RESPONSE"",""NES"":0.8217170649508954,""FDR"":0.8591785963385811,""leading_edge_n"":14,""qualified"":false},{""term_id"":""GOBP_POSITIVE_REGULATION_OF_B_CELL_MEDIATED_IMMUNITY"",""NES"":-1.0213235208048062,""FDR"":0.6861439631875696,""leading_edge_n"":7,""qualified"":false},{""term_id"":""GOBP_POSITIVE_REGULATION_OF_CYTOKINE_PRODUCTION_INVOLVED_IN_IMMUNE_RESPONSE"",""NES"":1.2387347860568134,""FDR"":0.314716046204986,""leading_edge_n"":28,""qualified"":false},{""term_id"":""GOBP_POSITIVE_REGULATION_OF_IMMUNOGLOBULIN_PRODUCTION"",""NES"":0.8628320503277103,""FDR"":0.8117150466170691,""leading_edge_n"":13,""qualified"":false},{""term_id"":""GOBP_POSITIVE_REGULATION_OF_PRODUCTION_OF_MOLECULAR_MEDIATOR_OF_IMMUNE_RESPONSE"",""NES"":1.162813720007172,""FDR"":0.394010003023116,""leading_edge_n"":43,""qualified"":false},{""term_id"":""GOBP_PRODUCTION_OF_MOLECULAR_MEDIATOR_OF_IMMUNE_RESPONSE"",""NES"":1.2287798644822,""FDR"":0.3243032867858588,""leading_edge_n"":40,""qualified"":false},{""term_id"":""GOBP_REGULATION_OF_B_CELL_MEDIATED_IMMUNITY"",""NES"":-0.8535620397602764,""FDR"":0.8889232167652699,""leading_edge_n"":9,""qualified"":false},{""term_id"":""GOBP_REGULATION_OF_IMMUNOGLOBULIN_PRODUCTION"",""NES"":-0.881179996793158,""FDR"":0.858314303249343,""leading_edge_n"":12,""qualified"":false},{""term_id"":""GOBP_REGULATION_OF_PRODUCTION_OF_MOLECULAR_MEDIATOR_OF_IMMUNE_RESPONSE"",""NES"":1.1012001651681624,""FDR"":0.4685025657436886,""leading_edge_n"":30,""qualified"":false},{""term_id"":""GOBP_SOMATIC_DIVERSIFICATION_OF_IMMUNE_RECEPTORS"",""NES"":-1.0181614492726998,""FDR"":0.6896224493657137,""leading_edge_n"":16,""qualified"":false},{""term_id"":""GOBP_SOMATIC_DIVERSIFICATION_OF_IMMUNOGLOBULINS"",""NES"":-0.9229335802431394,""FDR"":0.8095829102100149,""leading_edge_n"":15,""qualified"":false}]"
primary_vs_sensitivity,I,I007,primary,0.5,2,GOBP_CELLULAR_RESPONSE_TO_INTERFERON_BETA;GOBP_RESPONSE_TO_INTERFERON_BETA,0,INACTIVE,"[{""term_id"":""GOBP_CELLULAR_RESPONSE_TO_INTERFERON_BETA"",""NES"":-0.9660097492848464,""FDR"":0.7681446428864535,""leading_edge_n"":2,""qualified"":false},{""term_id"":""GOBP_RESPONSE_TO_INTERFERON_BETA"",""NES"":1.2369741396091627,""FDR"":0.3090368542588766,""leading_edge_n"":11,""qualified"":false}]"
primary_vs_sensitivity,I,I007,sensitivity,0.5,2,GOBP_CELLULAR_RESPONSE_TO_INTERFERON_BETA;GOBP_RESPONSE_TO_INTERFERON_BETA,0,INACTIVE,"[{""term_id"":""GOBP_CELLULAR_RESPONSE_TO_INTERFERON_BETA"",""NES"":-1.10773392657776,""FDR"":0.5893973176622453,""leading_edge_n"":2,""qualified"":false},{""term_id"":""GOBP_RESPONSE_TO_INTERFERON_BETA"",""NES"":1.181230380983786,""FDR"":0.3745721127855984,""leading_edge_n"":11,""qualified"":false}]"
primary_vs_sensitivity,I,I008,primary,0.5,2,GOBP_CELLULAR_RESPONSE_TO_INTERLEUKIN_1;GOBP_RESPONSE_TO_INTERLEUKIN_1,0,INACTIVE,"[{""term_id"":""GOBP_CELLULAR_RESPONSE_TO_INTERLEUKIN_1"",""NES"":1.4492170010802277,""FDR"":0.1512801525520042,""leading_edge_n"":22,""qualified"":false},{""term_id"":""GOBP_RESPONSE_TO_INTERLEUKIN_1"",""NES"":1.373718867414587,""FDR"":0.1968635836518345,""leading_edge_n"":32,""qualified"":false}]"
primary_vs_sensitivity,I,I008,sensitivity,0.5,2,GOBP_CELLULAR_RESPONSE_TO_INTERLEUKIN_1;GOBP_RESPONSE_TO_INTERLEUKIN_1,0,INACTIVE,"[{""term_id"":""GOBP_CELLULAR_RESPONSE_TO_INTERLEUKIN_1"",""NES"":1.4438039375330298,""FDR"":0.158560570063353,""leading_edge_n"":29,""qualified"":false},{""term_id"":""GOBP_RESPONSE_TO_INTERLEUKIN_1"",""NES"":1.3559726930744374,""FDR"":0.2176540745023513,""leading_edge_n"":35,""qualified"":false}]"
primary_vs_sensitivity,I,I009,primary,0.5,2,GOBP_CELLULAR_RESPONSE_TO_TYPE_II_INTERFERON;GOBP_RESPONSE_TO_TYPE_II_INTERFERON,0,INACTIVE,"[{""term_id"":""GOBP_CELLULAR_RESPONSE_TO_TYPE_II_INTERFERON"",""NES"":1.2797992658538593,""FDR"":0.2670643446596637,""leading_edge_n"":25,""qualified"":false},{""term_id"":""GOBP_RESPONSE_TO_TYPE_II_INTERFERON"",""NES"":1.485345840195191,""FDR"":0.1305576743904573,""leading_edge_n"":37,""qualified"":false}]"
primary_vs_sensitivity,I,I009,sensitivity,0.5,2,GOBP_CELLULAR_RESPONSE_TO_TYPE_II_INTERFERON;GOBP_RESPONSE_TO_TYPE_II_INTERFERON,0,INACTIVE,"[{""term_id"":""GOBP_CELLULAR_RESPONSE_TO_TYPE_II_INTERFERON"",""NES"":1.1935367234862808,""FDR"":0.3614065645947172,""leading_edge_n"":26,""qualified"":false},{""term_id"":""GOBP_RESPONSE_TO_TYPE_II_INTERFERON"",""NES"":1.532190214495532,""FDR"":0.1149402181118665,""leading_edge_n"":49,""qualified"":false}]"
primary_vs_sensitivity,I,I010,primary,0.5,4,GOBP_CELL_ACTIVATION_INVOLVED_IN_IMMUNE_RESPONSE;GOBP_LYMPHOCYTE_ACTIVATION_INVOLVED_IN_IMMUNE_RESPONSE;GOBP_T_CELL_ACTIVATION_INVOLVED_IN_IMMUNE_RESPONSE;GOBP_T_CELL_DIFFERENTIATION_INVOLVED_IN_IMMUNE_RESPONSE,1,POSITIVE,"[{""term_id"":""GOBP_CELL_ACTIVATION_INVOLVED_IN_IMMUNE_RESPONSE"",""NES"":1.3237206727392683,""FDR"":0.2317258530554708,""leading_edge_n"":81,""qualified"":false},{""term_id"":""GOBP_LYMPHOCYTE_ACTIVATION_INVOLVED_IN_IMMUNE_RESPONSE"",""NES"":1.4739918271154044,""FDR"":0.1371028474237535,""leading_edge_n"":62,""qualified"":false},{""term_id"":""GOBP_T_CELL_ACTIVATION_INVOLVED_IN_IMMUNE_RESPONSE"",""NES"":1.6462859294803445,""FDR"":0.0690017642979634,""leading_edge_n"":49,""qualified"":false},{""term_id"":""GOBP_T_CELL_DIFFERENTIATION_INVOLVED_IN_IMMUNE_RESPONSE"",""NES"":1.749656912656782,""FDR"":0.0413709648547227,""leading_edge_n"":36,""qualified"":true}]"
primary_vs_sensitivity,I,I010,sensitivity,0.5,4,GOBP_CELL_ACTIVATION_INVOLVED_IN_IMMUNE_RESPONSE;GOBP_LYMPHOCYTE_ACTIVATION_INVOLVED_IN_IMMUNE_RESPONSE;GOBP_T_CELL_ACTIVATION_INVOLVED_IN_IMMUNE_RESPONSE;GOBP_T_CELL_DIFFERENTIATION_INVOLVED_IN_IMMUNE_RESPONSE,0,INACTIVE,"[{""term_id"":""GOBP_CELL_ACTIVATION_INVOLVED_IN_IMMUNE_RESPONSE"",""NES"":1.214683066706468,""FDR"":0.3371210956121688,""leading_edge_n"":71,""qualified"":false},{""term_id"":""GOBP_LYMPHOCYTE_ACTIVATION_INVOLVED_IN_IMMUNE_RESPONSE"",""NES"":1.3450132974336586,""FDR"":0.2251369711477942,""leading_edge_n"":59,""qualified"":false},{""term_id"":""GOBP_T_CELL_ACTIVATION_INVOLVED_IN_IMMUNE_RESPONSE"",""NES"":1.531823411710681,""FDR"":0.1148969693926252,""leading_edge_n"":48,""qualified"":false},{""term_id"":""GOBP_T_CELL_DIFFERENTIATION_INVOLVED_IN_IMMUNE_RESPONSE"",""NES"":1.64624272630306,""FDR"":0.0719233112030704,""leading_edge_n"":35,""qualified"":false}]"
primary_vs_sensitivity,I,I011,primary,0.5,2,GOBP_CELL_SURFACE_TOLL_LIKE_RECEPTOR_SIGNALING_PATHWAY;GOBP_INNATE_IMMUNE_RESPONSE_ACTIVATING_CELL_SURFACE_RECEPTOR_SIGNALING_PATHWAY,0,INACTIVE,"[{""term_id"":""GOBP_CELL_SURFACE_TOLL_LIKE_RECEPTOR_SIGNALING_PATHWAY"",""NES"":1.0279004802408154,""FDR"":0.5697930126912943,""leading_edge_n"":25,""qualified"":false},{""term_id"":""GOBP_INNATE_IMMUNE_RESPONSE_ACTIVATING_CELL_SURFACE_RECEPTOR_SIGNALING_PATHWAY"",""NES"":1.013127116994238,""FDR"":0.5917364479648592,""leading_edge_n"":29,""qualified"":false}]"
primary_vs_sensitivity,I,I011,sensitivity,0.5,2,GOBP_CELL_SURFACE_TOLL_LIKE_RECEPTOR_SIGNALING_PATHWAY;GOBP_INNATE_IMMUNE_RESPONSE_ACTIVATING_CELL_SURFACE_RECEPTOR_SIGNALING_PATHWAY,0,INACTIVE,"[{""term_id"":""GOBP_CELL_SURFACE_TOLL_LIKE_RECEPTOR_SIGNALING_PATHWAY"",""NES"":1.0553901333608278,""FDR"":0.5279472896621501,""leading_edge_n"":27,""qualified"":false},{""term_id"":""GOBP_INNATE_IMMUNE_RESPONSE_ACTIVATING_CELL_SURFACE_RECEPTOR_SIGNALING_PATHWAY"",""NES"":0.940935036106766,""FDR"":0.6936197097315246,""leading_edge_n"":30,""qualified"":false}]"
primary_vs_sensitivity,I,I012,primary,0.5,1,GOBP_CYTOKINE_MEDIATED_SIGNALING_PATHWAY,0,INACTIVE,"[{""term_id"":""GOBP_CYTOKINE_MEDIATED_SIGNALING_PATHWAY"",""NES"":1.5708707892726066,""FDR"":0.0933734771495118,""leading_edge_n"":101,""qualified"":false}]"
primary_vs_sensitivity,I,I012,sensitivity,0.5,1,GOBP_CYTOKINE_MEDIATED_SIGNALING_PATHWAY,0,INACTIVE,"[{""term_id"":""GOBP_CYTOKINE_MEDIATED_SIGNALING_PATHWAY"",""NES"":1.424213768634624,""FDR"":0.1691481664494894,""leading_edge_n"":106,""qualified"":false}]"
primary_vs_sensitivity,I,I013,primary,0.5,3,GOBP_CYTOKINE_PRODUCTION_INVOLVED_IN_INFLAMMATORY_RESPONSE;GOBP_NEGATIVE_REGULATION_OF_CYTOKINE_PRODUCTION_INVOLVED_IN_INFLAMMATORY_RESPONSE;GOBP_PRODUCTION_OF_MOLECULAR_MEDIATOR_INVOLVED_IN_INFLAMMATORY_RESPONSE,2,POSITIVE,"[{""term_id"":""GOBP_CYTOKINE_PRODUCTION_INVOLVED_IN_INFLAMMATORY_RESPONSE"",""NES"":1.8161868149888276,""FDR"":0.0298111021448378,""leading_edge_n"":15,""qualified"":true},{""term_id"":""GOBP_NEGATIVE_REGULATION_OF_CYTOKINE_PRODUCTION_INVOLVED_IN_INFLAMMATORY_RESPONSE"",""NES"":1.6173515478020204,""FDR"":0.0772377864289246,""leading_edge_n"":7,""qualified"":false},{""term_id"":""GOBP_PRODUCTION_OF_MOLECULAR_MEDIATOR_INVOLVED_IN_INFLAMMATORY_RESPONSE"",""NES"":1.777161566829067,""FDR"":0.0360631542278017,""leading_edge_n"":17,""qualified"":true}]"
primary_vs_sensitivity,I,I013,sensitivity,0.5,3,GOBP_CYTOKINE_PRODUCTION_INVOLVED_IN_INFLAMMATORY_RESPONSE;GOBP_NEGATIVE_REGULATION_OF_CYTOKINE_PRODUCTION_INVOLVED_IN_INFLAMMATORY_RESPONSE;GOBP_PRODUCTION_OF_MOLECULAR_MEDIATOR_INVOLVED_IN_INFLAMMATORY_RESPONSE,2,POSITIVE,"[{""term_id"":""GOBP_CYTOKINE_PRODUCTION_INVOLVED_IN_INFLAMMATORY_RESPONSE"",""NES"":1.7954743620238869,""FDR"":0.0339731585351011,""leading_edge_n"":16,""qualified"":true},{""term_id"":""GOBP_NEGATIVE_REGULATION_OF_CYTOKINE_PRODUCTION_INVOLVED_IN_INFLAMMATORY_RESPONSE"",""NES"":1.58049635746882,""FDR"":0.0956798411784867,""leading_edge_n"":7,""qualified"":false},{""term_id"":""GOBP_PRODUCTION_OF_MOLECULAR_MEDIATOR_INVOLVED_IN_INFLAMMATORY_RESPONSE"",""NES"":1.7271366096186858,""FDR"":0.0489949708390036,""leading_edge_n"":19,""qualified"":true}]"
primary_vs_sensitivity,I,I014,primary,0.5,2,GOBP_ENDOLYSOSOMAL_TOLL_LIKE_RECEPTOR_SIGNALING_PATHWAY;GOBP_TOLL_LIKE_RECEPTOR_3_SIGNALING_PATHWAY,0,INACTIVE,"[{""term_id"":""GOBP_ENDOLYSOSOMAL_TOLL_LIKE_RECEPTOR_SIGNALING_PATHWAY"",""NES"":1.2181075429437247,""FDR"":0.3263151373450129,""leading_edge_n"":20,""qualified"":false},{""term_id"":""GOBP_TOLL_LIKE_RECEPTOR_3_SIGNALING_PATHWAY"",""NES"":0.9096091163497853,""FDR"":0.7511982266246808,""leading_edge_n"":12,""qualified"":false}]"
primary_vs_sensitivity,I,I014,sensitivity,0.5,2,GOBP_ENDOLYSOSOMAL_TOLL_LIKE_RECEPTOR_SIGNALING_PATHWAY;GOBP_TOLL_LIKE_RECEPTOR_3_SIGNALING_PATHWAY,0,INACTIVE,"[{""term_id"":""GOBP_ENDOLYSOSOMAL_TOLL_LIKE_RECEPTOR_SIGNALING_PATHWAY"",""NES"":1.0543338939927158,""FDR"":0.5289245831637268,""leading_edge_n"":15,""qualified"":false},{""term_id"":""GOBP_TOLL_LIKE_RECEPTOR_3_SIGNALING_PATHWAY"",""NES"":-0.7655625629962655,""FDR"":0.954416989239141,""leading_edge_n"":3,""qualified"":false}]"
primary_vs_sensitivity,I,I015,primary,0.5,1,GOBP_HUMORAL_IMMUNE_RESPONSE,0,INACTIVE,"[{""term_id"":""GOBP_HUMORAL_IMMUNE_RESPONSE"",""NES"":1.253765966599062,""FDR"":0.2919600471340051,""leading_edge_n"":18,""qualified"":false}]"
primary_vs_sensitivity,I,I015,sensitivity,0.5,1,GOBP_HUMORAL_IMMUNE_RESPONSE,0,INACTIVE,"[{""term_id"":""GOBP_HUMORAL_IMMUNE_RESPONSE"",""NES"":1.194074548850868,""FDR"":0.3611811359411027,""leading_edge_n"":20,""qualified"":false}]"
primary_vs_sensitivity,I,I016,primary,0.5,1,GOBP_HUMORAL_IMMUNE_RESPONSE_MEDIATED_BY_CIRCULATING_IMMUNOGLOBULIN,0,INACTIVE,"[{""term_id"":""GOBP_HUMORAL_IMMUNE_RESPONSE_MEDIATED_BY_CIRCULATING_IMMUNOGLOBULIN"",""NES"":0.9551407358078912,""FDR"":0.6814508231381937,""leading_edge_n"":11,""qualified"":false}]"
primary_vs_sensitivity,I,I016,sensitivity,0.5,1,GOBP_HUMORAL_IMMUNE_RESPONSE_MEDIATED_BY_CIRCULATING_IMMUNOGLOBULIN,0,INACTIVE,"[{""term_id"":""GOBP_HUMORAL_IMMUNE_RESPONSE_MEDIATED_BY_CIRCULATING_IMMUNOGLOBULIN"",""NES"":0.8939740579705964,""FDR"":0.7693436966540359,""leading_edge_n"":8,""qualified"":false}]"
primary_vs_sensitivity,I,I017,primary,0.5,1,GOBP_IMMUNE_RESPONSE_REGULATING_CELL_SURFACE_RECEPTOR_SIGNALING_PATHWAY_INVOLVED_IN_PHAGOCYTOSIS,0,INACTIVE,"[{""term_id"":""GOBP_IMMUNE_RESPONSE_REGULATING_CELL_SURFACE_RECEPTOR_SIGNALING_PATHWAY_INVOLVED_IN_PHAGOCYTOSIS"",""NES"":-1.5293170727066028,""FDR"":0.2260132734268563,""leading_edge_n"":6,""qualified"":false}]"
primary_vs_sensitivity,I,I017,sensitivity,0.5,1,GOBP_IMMUNE_RESPONSE_REGULATING_CELL_SURFACE_RECEPTOR_SIGNALING_PATHWAY_INVOLVED_IN_PHAGOCYTOSIS,0,INACTIVE,"[{""term_id"":""GOBP_IMMUNE_RESPONSE_REGULATING_CELL_SURFACE_RECEPTOR_SIGNALING_PATHWAY_INVOLVED_IN_PHAGOCYTOSIS"",""NES"":-1.4207361057985337,""FDR"":0.3071438055694768,""leading_edge_n"":6,""qualified"":false}]"
primary_vs_sensitivity,I,I018,primary,0.5,2,GOBP_IMMUNE_RESPONSE_TO_TUMOR_CELL;GOBP_T_CELL_MEDIATED_IMMUNE_RESPONSE_TO_TUMOR_CELL,0,INACTIVE,"[{""term_id"":""GOBP_IMMUNE_RESPONSE_TO_TUMOR_CELL"",""NES"":-0.9597938390451302,""FDR"":0.7757930383628803,""leading_edge_n"":5,""qualified"":false},{""term_id"":""GOBP_T_CELL_MEDIATED_IMMUNE_RESPONSE_TO_TUMOR_CELL"",""NES"":0.8978144710576333,""FDR"":0.7674730069749033,""leading_edge_n"":3,""qualified"":false}]"
primary_vs_sensitivity,I,I018,sensitivity,0.5,2,GOBP_IMMUNE_RESPONSE_TO_TUMOR_CELL;GOBP_T_CELL_MEDIATED_IMMUNE_RESPONSE_TO_TUMOR_CELL,0,INACTIVE,"[{""term_id"":""GOBP_IMMUNE_RESPONSE_TO_TUMOR_CELL"",""NES"":-0.9401257420137508,""FDR"":0.7839510148185448,""leading_edge_n"":6,""qualified"":false},{""term_id"":""GOBP_T_CELL_MEDIATED_IMMUNE_RESPONSE_TO_TUMOR_CELL"",""NES"":0.965705552239754,""FDR"":0.6557772217716663,""leading_edge_n"":5,""qualified"":false}]"
primary_vs_sensitivity,I,I019,primary,0.5,1,GOBP_IMMUNE_SYSTEM_DEVELOPMENT,0,INACTIVE,"[{""term_id"":""GOBP_IMMUNE_SYSTEM_DEVELOPMENT"",""NES"":1.46459483734378,""FDR"":0.1432870219264708,""leading_edge_n"":60,""qualified"":false}]"
primary_vs_sensitivity,I,I019,sensitivity,0.5,1,GOBP_IMMUNE_SYSTEM_DEVELOPMENT,0,INACTIVE,"[{""term_id"":""GOBP_IMMUNE_SYSTEM_DEVELOPMENT"",""NES"":1.3852484986604796,""FDR"":0.1952385678442557,""leading_edge_n"":42,""qualified"":false}]"
primary_vs_sensitivity,I,I020,primary,0.5,3,GOBP_INFLAMMASOME_MEDIATED_SIGNALING_PATHWAY;GOBP_POSITIVE_REGULATION_OF_INFLAMMASOME_MEDIATED_SIGNALING_PATHWAY;GOBP_REGULATION_OF_INFLAMMASOME_MEDIATED_SIGNALING_PATHWAY,0,INACTIVE,"[{""term_id"":""GOBP_INFLAMMASOME_MEDIATED_SIGNALING_PATHWAY"",""NES"":1.0968141236878146,""FDR"":0.4719580545055996,""leading_edge_n"":25,""qualified"":false},{""term_id"":""GOBP_POSITIVE_REGULATION_OF_INFLAMMASOME_MEDIATED_SIGNALING_PATHWAY"",""NES"":1.2793433559176557,""FDR"":0.267573771826789,""leading_edge_n"":16,""qualified"":false},{""term_id"":""GOBP_REGULATION_OF_INFLAMMASOME_MEDIATED_SIGNALING_PATHWAY"",""NES"":1.1944079241602732,""FDR"":0.351913103132482,""leading_edge_n"":22,""qualified"":false}]"
primary_vs_sensitivity,I,I020,sensitivity,0.5,3,GOBP_INFLAMMASOME_MEDIATED_SIGNALING_PATHWAY;GOBP_POSITIVE_REGULATION_OF_INFLAMMASOME_MEDIATED_SIGNALING_PATHWAY;GOBP_REGULATION_OF_INFLAMMASOME_MEDIATED_SIGNALING_PATHWAY,0,INACTIVE,"[{""term_id"":""GOBP_INFLAMMASOME_MEDIATED_SIGNALING_PATHWAY"",""NES"":1.0484901150345447,""FDR"":0.5358423198690669,""leading_edge_n"":18,""qualified"":false},{""term_id"":""GOBP_POSITIVE_REGULATION_OF_INFLAMMASOME_MEDIATED_SIGNALING_PATHWAY"",""NES"":1.2429280526708262,""FDR"":0.3107148520127011,""leading_edge_n"":11,""qualified"":false},{""term_id"":""GOBP_REGULATION_OF_INFLAMMASOME_MEDIATED_SIGNALING_PATHWAY"",""NES"":1.174081674356534,""FDR"":0.3812579776782179,""leading_edge_n"":16,""qualified"":false}]"
primary_vs_sensitivity,I,I021,primary,0.5,1,GOBP_INFLAMMATORY_CELL_APOPTOTIC_PROCESS,0,INACTIVE,"[{""term_id"":""GOBP_INFLAMMATORY_CELL_APOPTOTIC_PROCESS"",""NES"":0.7046946542252928,""FDR"":0.9585421298725972,""leading_edge_n"":3,""qualified"":false}]"
primary_vs_sensitivity,I,I021,sensitivity,0.5,1,GOBP_INFLAMMATORY_CELL_APOPTOTIC_PROCESS,0,INACTIVE,"[{""term_id"":""GOBP_INFLAMMATORY_CELL_APOPTOTIC_PROCESS"",""NES"":0.8229010820820624,""FDR"":0.8590678767960778,""leading_edge_n"":5,""qualified"":false}]"
primary_vs_sensitivity,I,I022,primary,0.5,3,GOBP_INFLAMMATORY_RESPONSE_TO_ANTIGENIC_STIMULUS;GOBP_NEGATIVE_REGULATION_OF_INFLAMMATORY_RESPONSE_TO_ANTIGENIC_STIMULUS;GOBP_REGULATION_OF_INFLAMMATORY_RESPONSE_TO_ANTIGENIC_STIMULUS,0,INACTIVE,"[{""term_id"":""GOBP_INFLAMMATORY_RESPONSE_TO_ANTIGENIC_STIMULUS"",""NES"":-0.8900127767574071,""FDR"":0.8592522192424935,""leading_edge_n"":9,""qualified"":false},{""term_id"":""GOBP_NEGATIVE_REGULATION_OF_INFLAMMATORY_RESPONSE_TO_ANTIGENIC_STIMULUS"",""NES"":0.6365561747152596,""FDR"":0.982881904807583,""leading_edge_n"":2,""qualified"":false},{""term_id"":""GOBP_REGULATION_OF_INFLAMMATORY_RESPONSE_TO_ANTIGENIC_STIMULUS"",""NES"":-0.7987229032226902,""FDR"":0.9467854896906828,""leading_edge_n"":7,""qualified"":false}]"
primary_vs_sensitivity,I,I022,sensitivity,0.5,3,GOBP_INFLAMMATORY_RESPONSE_TO_ANTIGENIC_STIMULUS;GOBP_NEGATIVE_REGULATION_OF_INFLAMMATORY_RESPONSE_TO_ANTIGENIC_STIMULUS;GOBP_REGULATION_OF_INFLAMMATORY_RESPONSE_TO_ANTIGENIC_STIMULUS,0,INACTIVE,"[{""term_id"":""GOBP_INFLAMMATORY_RESPONSE_TO_ANTIGENIC_STIMULUS"",""NES"":-1.0717711277651492,""FDR"":0.6296549077461998,""leading_edge_n"":9,""qualified"":false},{""term_id"":""GOBP_NEGATIVE_REGULATION_OF_INFLAMMATORY_RESPONSE_TO_ANTIGENIC_STIMULUS"",""NES"":0.7941665739795745,""FDR"":0.8896746803934745,""leading_edge_n"":7,""qualified"":false},{""term_id"":""GOBP_REGULATION_OF_INFLAMMATORY_RESPONSE_TO_ANTIGENIC_STIMULUS"",""NES"":-0.9607096128025616,""FDR"":0.7649671479777528,""leading_edge_n"":7,""qualified"":false}]"
primary_vs_sensitivity,I,I023,primary,0.5,1,GOBP_INFLAMMATORY_RESPONSE_TO_WOUNDING,0,INACTIVE,"[{""term_id"":""GOBP_INFLAMMATORY_RESPONSE_TO_WOUNDING"",""NES"":1.365766291361319,""FDR"":0.2020557665422841,""leading_edge_n"":5,""qualified"":false}]"
primary_vs_sensitivity,I,I023,sensitivity,0.5,1,GOBP_INFLAMMATORY_RESPONSE_TO_WOUNDING,0,INACTIVE,"[{""term_id"":""GOBP_INFLAMMATORY_RESPONSE_TO_WOUNDING"",""NES"":1.2406255774727843,""FDR"":0.3122683993480278,""leading_edge_n"":5,""qualified"":false}]"
primary_vs_sensitivity,I,I024,primary,0.5,2,GOBP_INTERFERON_ALPHA_PRODUCTION;GOBP_POSITIVE_REGULATION_OF_INTERFERON_ALPHA_PRODUCTION,0,INACTIVE,"[{""term_id"":""GOBP_INTERFERON_ALPHA_PRODUCTION"",""NES"":1.2986584745297416,""FDR"":0.2494880092248556,""leading_edge_n"":8,""qualified"":false},{""term_id"":""GOBP_POSITIVE_REGULATION_OF_INTERFERON_ALPHA_PRODUCTION"",""NES"":1.5030913861397452,""FDR"":0.122252481167246,""leading_edge_n"":8,""qualified"":false}]"
primary_vs_sensitivity,I,I024,sensitivity,0.5,2,GOBP_INTERFERON_ALPHA_PRODUCTION;GOBP_POSITIVE_REGULATION_OF_INTERFERON_ALPHA_PRODUCTION,0,INACTIVE,"[{""term_id"":""GOBP_INTERFERON_ALPHA_PRODUCTION"",""NES"":1.05600278294377,""FDR"":0.5277272460594373,""leading_edge_n"":5,""qualified"":false},{""term_id"":""GOBP_POSITIVE_REGULATION_OF_INTERFERON_ALPHA_PRODUCTION"",""NES"":1.1982677045287955,""FDR"":0.356441634222019,""leading_edge_n"":5,""qualified"":false}]"
primary_vs_sensitivity,I,I025,primary,0.5,4,GOBP_INTERFERON_BETA_PRODUCTION;GOBP_POSITIVE_REGULATION_OF_INTERFERON_BETA_PRODUCTION;GOBP_POSITIVE_REGULATION_OF_TYPE_I_INTERFERON_PRODUCTION;GOBP_TYPE_I_INTERFERON_PRODUCTION,0,INACTIVE,"[{""term_id"":""GOBP_INTERFERON_BETA_PRODUCTION"",""NES"":0.8417316886104995,""FDR"":0.8432215926387009,""leading_edge_n"":14,""qualified"":false},{""term_id"":""GOBP_POSITIVE_REGULATION_OF_INTERFERON_BETA_PRODUCTION"",""NES"":0.9832884537020792,""FDR"":0.6361738288458436,""leading_edge_n"":21,""qualified"":false},{""term_id"":""GOBP_POSITIVE_REGULATION_OF_TYPE_I_INTERFERON_PRODUCTION"",""NES"":1.3299224568181327,""FDR"":0.2267539746356358,""leading_edge_n"":21,""qualified"":false},{""term_id"":""GOBP_TYPE_I_INTERFERON_PRODUCTION"",""NES"":1.2007117523161197,""FDR"":0.3445147388069196,""leading_edge_n"":33,""qualified"":false}]"
primary_vs_sensitivity,I,I025,sensitivity,0.5,4,GOBP_INTERFERON_BETA_PRODUCTION;GOBP_POSITIVE_REGULATION_OF_INTERFERON_BETA_PRODUCTION;GOBP_POSITIVE_REGULATION_OF_TYPE_I_INTERFERON_PRODUCTION;GOBP_TYPE_I_INTERFERON_PRODUCTION,0,INACTIVE,"[{""term_id"":""GOBP_INTERFERON_BETA_PRODUCTION"",""NES"":0.8214339985446809,""FDR"":0.8594117880262798,""leading_edge_n"":10,""qualified"":false},{""term_id"":""GOBP_POSITIVE_REGULATION_OF_INTERFERON_BETA_PRODUCTION"",""NES"":0.9547632068570374,""FDR"":0.6719134038511743,""leading_edge_n"":25,""qualified"":false},{""term_id"":""GOBP_POSITIVE_REGULATION_OF_TYPE_I_INTERFERON_PRODUCTION"",""NES"":1.1551060460160472,""FDR"":0.4032040798058892,""leading_edge_n"":23,""qualified"":false},{""term_id"":""GOBP_TYPE_I_INTERFERON_PRODUCTION"",""NES"":0.9373444100561372,""FDR"":0.6990245742992091,""leading_edge_n"":30,""qualified"":false}]"
primary_vs_sensitivity,I,I026,primary,0.5,5,GOBP_INTERFERON_MEDIATED_SIGNALING_PATHWAY;GOBP_NEGATIVE_REGULATION_OF_TYPE_I_INTERFERON_MEDIATED_SIGNALING_PATHWAY;GOBP_REGULATION_OF_TYPE_I_INTERFERON_MEDIATED_SIGNALING_PATHWAY;GOBP_RESPONSE_TO_TYPE_I_INTERFERON;GOBP_TYPE_I_INTERFERON_MEDIATED_SIGNALING_PATHWAY,1,POSITIVE,"[{""term_id"":""GOBP_INTERFERON_MEDIATED_SIGNALING_PATHWAY"",""NES"":1.5493590596067115,""FDR"":0.1016041742036181,""leading_edge_n"":31,""qualified"":false},{""term_id"":""GOBP_NEGATIVE_REGULATION_OF_TYPE_I_INTERFERON_MEDIATED_SIGNALING_PATHWAY"",""NES"":1.5451895585290008,""FDR"":0.10323179887091,""leading_edge_n"":9,""qualified"":false},{""term_id"":""GOBP_REGULATION_OF_TYPE_I_INTERFERON_MEDIATED_SIGNALING_PATHWAY"",""NES"":1.2927441375938185,""FDR"":0.2547185894973927,""leading_edge_n"":13,""qualified"":false},{""term_id"":""GOBP_RESPONSE_TO_TYPE_I_INTERFERON"",""NES"":1.991565305131804,""FDR"":0.0100447910165463,""leading_edge_n"":46,""qualified"":true},{""term_id"":""GOBP_TYPE_I_INTERFERON_MEDIATED_SIGNALING_PATHWAY"",""NES"":1.6951560193306685,""FDR"":0.0555238791725412,""leading_edge_n"":23,""qualified"":false}]"
primary_vs_sensitivity,I,I026,sensitivity,0.5,5,GOBP_INTERFERON_MEDIATED_SIGNALING_PATHWAY;GOBP_NEGATIVE_REGULATION_OF_TYPE_I_INTERFERON_MEDIATED_SIGNALING_PATHWAY;GOBP_REGULATION_OF_TYPE_I_INTERFERON_MEDIATED_SIGNALING_PATHWAY;GOBP_RESPONSE_TO_TYPE_I_INTERFERON;GOBP_TYPE_I_INTERFERON_MEDIATED_SIGNALING_PATHWAY,1,POSITIVE,"[{""term_id"":""GOBP_INTERFERON_MEDIATED_SIGNALING_PATHWAY"",""NES"":1.3867805887523563,""FDR"":0.1948513157838055,""leading_edge_n"":36,""qualified"":false},{""term_id"":""GOBP_NEGATIVE_REGULATION_OF_TYPE_I_INTERFERON_MEDIATED_SIGNALING_PATHWAY"",""NES"":1.2657193190261908,""FDR"":0.2908453013604905,""leading_edge_n"":10,""qualified"":false},{""term_id"":""GOBP_REGULATION_OF_TYPE_I_INTERFERON_MEDIATED_SIGNALING_PATHWAY"",""NES"":1.2495372873288533,""FDR"":0.3039234240651182,""leading_edge_n"":13,""qualified"":false},{""term_id"":""GOBP_RESPONSE_TO_TYPE_I_INTERFERON"",""NES"":1.893652202133324,""FDR"":0.0185818296590466,""leading_edge_n"":54,""qualified"":true},{""term_id"":""GOBP_TYPE_I_INTERFERON_MEDIATED_SIGNALING_PATHWAY"",""NES"":1.5286649468342646,""FDR"":0.115592040188618,""leading_edge_n"":21,""qualified"":false}]"
primary_vs_sensitivity,I,I027,primary,0.5,2,GOBP_INTERLEUKIN_10_PRODUCTION;GOBP_POSITIVE_REGULATION_OF_INTERLEUKIN_10_PRODUCTION,0,INACTIVE,"[{""term_id"":""GOBP_INTERLEUKIN_10_PRODUCTION"",""NES"":1.2070091290678264,""FDR"":0.3372813554341467,""leading_edge_n"":7,""qualified"":false},{""term_id"":""GOBP_POSITIVE_REGULATION_OF_INTERLEUKIN_10_PRODUCTION"",""NES"":1.1170909461301235,""FDR"":0.4430447325862336,""leading_edge_n"":9,""qualified"":false}]"
primary_vs_sensitivity,I,I027,sensitivity,0.5,2,GOBP_INTERLEUKIN_10_PRODUCTION;GOBP_POSITIVE_REGULATION_OF_INTERLEUKIN_10_PRODUCTION,0,INACTIVE,"[{""term_id"":""GOBP_INTERLEUKIN_10_PRODUCTION"",""NES"":1.1761141990433903,""FDR"":0.3790698097477009,""leading_edge_n"":8,""qualified"":false},{""term_id"":""GOBP_POSITIVE_REGULATION_OF_INTERLEUKIN_10_PRODUCTION"",""NES"":1.0600013940970676,""FDR"":0.522563779182956,""leading_edge_n"":5,""qualified"":false}]"
primary_vs_sensitivity,I,I028,primary,0.5,2,GOBP_INTERLEUKIN_12_PRODUCTION;GOBP_POSITIVE_REGULATION_OF_INTERLEUKIN_12_PRODUCTION,0,INACTIVE,"[{""term_id"":""GOBP_INTERLEUKIN_12_PRODUCTION"",""NES"":0.8564908630471136,""FDR"":0.8235921389333717,""leading_edge_n"":4,""qualified"":false},{""term_id"":""GOBP_POSITIVE_REGULATION_OF_INTERLEUKIN_12_PRODUCTION"",""NES"":-1.3006395286509804,""FDR"":0.4438561394793848,""leading_edge_n"":11,""qualified"":false}]"
primary_vs_sensitivity,I,I028,sensitivity,0.5,2,GOBP_INTERLEUKIN_12_PRODUCTION;GOBP_POSITIVE_REGULATION_OF_INTERLEUKIN_12_PRODUCTION,0,INACTIVE,"[{""term_id"":""GOBP_INTERLEUKIN_12_PRODUCTION"",""NES"":0.9257496150540764,""FDR"":0.7175131444353844,""leading_edge_n"":8,""qualified"":false},{""term_id"":""GOBP_POSITIVE_REGULATION_OF_INTERLEUKIN_12_PRODUCTION"",""NES"":-1.1525490379181702,""FDR"":0.5434358289602519,""leading_edge_n"":12,""qualified"":false}]"
primary_vs_sensitivity,I,I029,primary,0.5,1,GOBP_INTERLEUKIN_13_PRODUCTION,0,INACTIVE,"[{""term_id"":""GOBP_INTERLEUKIN_13_PRODUCTION"",""NES"":0.9177070875936684,""FDR"":0.7393525183363413,""leading_edge_n"":2,""qualified"":false}]"
primary_vs_sensitivity,I,I029,sensitivity,0.5,1,GOBP_INTERLEUKIN_13_PRODUCTION,0,INACTIVE,"[{""term_id"":""GOBP_INTERLEUKIN_13_PRODUCTION"",""NES"":0.8843398096944384,""FDR"":0.7812024048581443,""leading_edge_n"":2,""qualified"":false}]"
primary_vs_sensitivity,I,I030,primary,0.5,1,GOBP_INTERLEUKIN_17_PRODUCTION,0,INACTIVE,"[{""term_id"":""GOBP_INTERLEUKIN_17_PRODUCTION"",""NES"":1.3290129001568003,""FDR"":0.2278924942345852,""leading_edge_n"":11,""qualified"":false}]"
primary_vs_sensitivity,I,I030,sensitivity,0.5,1,GOBP_INTERLEUKIN_17_PRODUCTION,0,INACTIVE,"[{""term_id"":""GOBP_INTERLEUKIN_17_PRODUCTION"",""NES"":1.3903555379859809,""FDR"":0.191665140719856,""leading_edge_n"":5,""qualified"":false}]"
primary_vs_sensitivity,I,I031,primary,0.5,1,GOBP_INTERLEUKIN_1_MEDIATED_SIGNALING_PATHWAY,0,INACTIVE,"[{""term_id"":""GOBP_INTERLEUKIN_1_MEDIATED_SIGNALING_PATHWAY"",""NES"":0.9250888348112236,""FDR"":0.7288351148139907,""leading_edge_n"":11,""qualified"":false}]"
primary_vs_sensitivity,I,I031,sensitivity,0.5,1,GOBP_INTERLEUKIN_1_MEDIATED_SIGNALING_PATHWAY,0,INACTIVE,"[{""term_id"":""GOBP_INTERLEUKIN_1_MEDIATED_SIGNALING_PATHWAY"",""NES"":0.8394699813681701,""FDR"":0.8412002794115983,""leading_edge_n"":9,""qualified"":false}]"
primary_vs_sensitivity,I,I032,primary,0.5,2,GOBP_INTERLEUKIN_1_PRODUCTION;GOBP_POSITIVE_REGULATION_OF_INTERLEUKIN_1_PRODUCTION,0,INACTIVE,"[{""term_id"":""GOBP_INTERLEUKIN_1_PRODUCTION"",""NES"":0.984693954645976,""FDR"":0.6340287348034438,""leading_edge_n"":31,""qualified"":false},{""term_id"":""GOBP_POSITIVE_REGULATION_OF_INTERLEUKIN_1_PRODUCTION"",""NES"":0.895848358322269,""FDR"":0.7702130001398391,""leading_edge_n"":21,""qualified"":false}]"
primary_vs_sensitivity,I,I032,sensitivity,0.5,2,GOBP_INTERLEUKIN_1_PRODUCTION;GOBP_POSITIVE_REGULATION_OF_INTERLEUKIN_1_PRODUCTION,0,INACTIVE,"[{""term_id"":""GOBP_INTERLEUKIN_1_PRODUCTION"",""NES"":0.937333848051473,""FDR"":0.6987941918310301,""leading_edge_n"":19,""qualified"":false},{""term_id"":""GOBP_POSITIVE_REGULATION_OF_INTERLEUKIN_1_PRODUCTION"",""NES"":-0.8805495190766257,""FDR"":0.8592073954028057,""leading_edge_n"":8,""qualified"":false}]"
primary_vs_sensitivity,I,I033,primary,0.5,2,GOBP_INTERLEUKIN_2_PRODUCTION;GOBP_POSITIVE_REGULATION_OF_INTERLEUKIN_2_PRODUCTION,0,INACTIVE,"[{""term_id"":""GOBP_INTERLEUKIN_2_PRODUCTION"",""NES"":0.7830862838012959,""FDR"":0.909080588262414,""leading_edge_n"":17,""qualified"":false},{""term_id"":""GOBP_POSITIVE_REGULATION_OF_INTERLEUKIN_2_PRODUCTION"",""NES"":0.756396373171664,""FDR"":0.9322833943498384,""leading_edge_n"":20,""qualified"":false}]"
primary_vs_sensitivity,I,I033,sensitivity,0.5,2,GOBP_INTERLEUKIN_2_PRODUCTION;GOBP_POSITIVE_REGULATION_OF_INTERLEUKIN_2_PRODUCTION,0,INACTIVE,"[{""term_id"":""GOBP_INTERLEUKIN_2_PRODUCTION"",""NES"":0.7928923764305098,""FDR"":0.8904435784962076,""leading_edge_n"":20,""qualified"":false},{""term_id"":""GOBP_POSITIVE_REGULATION_OF_INTERLEUKIN_2_PRODUCTION"",""NES"":0.8421352005746233,""FDR"":0.8377724766064145,""leading_edge_n"":19,""qualified"":false}]"
primary_vs_sensitivity,I,I034,primary,0.5,1,GOBP_INTERLEUKIN_4_PRODUCTION,0,INACTIVE,"[{""term_id"":""GOBP_INTERLEUKIN_4_PRODUCTION"",""NES"":0.7793942455146792,""FDR"":0.9132951101474562,""leading_edge_n"":3,""qualified"":false}]"
primary_vs_sensitivity,I,I034,sensitivity,0.5,1,GOBP_INTERLEUKIN_4_PRODUCTION,0,INACTIVE,"[{""term_id"":""GOBP_INTERLEUKIN_4_PRODUCTION"",""NES"":0.8230504728949751,""FDR"":0.8590988253747095,""leading_edge_n"":3,""qualified"":false}]"
primary_vs_sensitivity,I,I035,primary,0.5,2,GOBP_INTERLEUKIN_6_MEDIATED_SIGNALING_PATHWAY;GOBP_RESPONSE_TO_INTERLEUKIN_6,1,POSITIVE,"[{""term_id"":""GOBP_INTERLEUKIN_6_MEDIATED_SIGNALING_PATHWAY"",""NES"":1.4793096742957008,""FDR"":0.1341376636650221,""leading_edge_n"":7,""qualified"":false},{""term_id"":""GOBP_RESPONSE_TO_INTERLEUKIN_6"",""NES"":1.809021076533292,""FDR"":0.0297289778965049,""leading_edge_n"":13,""qualified"":true}]"
primary_vs_sensitivity,I,I035,sensitivity,0.5,2,GOBP_INTERLEUKIN_6_MEDIATED_SIGNALING_PATHWAY;GOBP_RESPONSE_TO_INTERLEUKIN_6,1,POSITIVE,"[{""term_id"":""GOBP_INTERLEUKIN_6_MEDIATED_SIGNALING_PATHWAY"",""NES"":1.3333980695918646,""FDR"":0.2352085570687176,""leading_edge_n"":6,""qualified"":false},{""term_id"":""GOBP_RESPONSE_TO_INTERLEUKIN_6"",""NES"":1.7743537094802375,""FDR"":0.0390299161917924,""leading_edge_n"":12,""qualified"":true}]"
primary_vs_sensitivity,I,I036,primary,0.5,2,GOBP_INTERLEUKIN_6_PRODUCTION;GOBP_POSITIVE_REGULATION_OF_INTERLEUKIN_6_PRODUCTION,0,INACTIVE,"[{""term_id"":""GOBP_INTERLEUKIN_6_PRODUCTION"",""NES"":1.3279126921618132,""FDR"":0.2287864858363025,""leading_edge_n"":33,""qualified"":false},{""term_id"":""GOBP_POSITIVE_REGULATION_OF_INTERLEUKIN_6_PRODUCTION"",""NES"":1.3127609621240166,""FDR"":0.2402667680283246,""leading_edge_n"":30,""qualified"":false}]"
primary_vs_sensitivity,I,I036,sensitivity,0.5,2,GOBP_INTERLEUKIN_6_PRODUCTION;GOBP_POSITIVE_REGULATION_OF_INTERLEUKIN_6_PRODUCTION,0,INACTIVE,"[{""term_id"":""GOBP_INTERLEUKIN_6_PRODUCTION"",""NES"":1.217397542612221,""FDR"":0.3340115026746235,""leading_edge_n"":51,""qualified"":false},{""term_id"":""GOBP_POSITIVE_REGULATION_OF_INTERLEUKIN_6_PRODUCTION"",""NES"":1.222883027336141,""FDR"":0.3294574582248587,""leading_edge_n"":36,""qualified"":false}]"
primary_vs_sensitivity,I,I037,primary,0.5,2,GOBP_INTERLEUKIN_8_PRODUCTION;GOBP_POSITIVE_REGULATION_OF_INTERLEUKIN_8_PRODUCTION,0,INACTIVE,"[{""term_id"":""GOBP_INTERLEUKIN_8_PRODUCTION"",""NES"":-1.0786859167157183,""FDR"":0.6437353540828595,""leading_edge_n"":12,""qualified"":false},{""term_id"":""GOBP_POSITIVE_REGULATION_OF_INTERLEUKIN_8_PRODUCTION"",""NES"":1.0274684034989223,""FDR"":0.5699054172358872,""leading_edge_n"":10,""qualified"":false}]"
primary_vs_sensitivity,I,I037,sensitivity,0.5,2,GOBP_INTERLEUKIN_8_PRODUCTION;GOBP_POSITIVE_REGULATION_OF_INTERLEUKIN_8_PRODUCTION,0,INACTIVE,"[{""term_id"":""GOBP_INTERLEUKIN_8_PRODUCTION"",""NES"":-1.1458636326437297,""FDR"":0.5470216607879265,""leading_edge_n"":11,""qualified"":false},{""term_id"":""GOBP_POSITIVE_REGULATION_OF_INTERLEUKIN_8_PRODUCTION"",""NES"":-1.1448985812918655,""FDR"":0.5472409659057381,""leading_edge_n"":8,""qualified"":false}]"
primary_vs_sensitivity,I,I038,primary,0.5,4,GOBP_LEUKOCYTE_ADHESION_TO_VASCULAR_ENDOTHELIAL_CELL;GOBP_LEUKOCYTE_TETHERING_OR_ROLLING;GOBP_POSITIVE_REGULATION_OF_LEUKOCYTE_ADHESION_TO_VASCULAR_ENDOTHELIAL_CELL;GOBP_REGULATION_OF_LEUKOCYTE_ADHESION_TO_VASCULAR_ENDOTHELIAL_CELL,0,INACTIVE,"[{""term_id"":""GOBP_LEUKOCYTE_ADHESION_TO_VASCULAR_ENDOTHELIAL_CELL"",""NES"":1.6070818928013153,""FDR"":0.0800342622537852,""leading_edge_n"":10,""qualified"":false},{""term_id"":""GOBP_LEUKOCYTE_TETHERING_OR_ROLLING"",""NES"":1.4108796215600277,""FDR"":0.1715996862177166,""leading_edge_n"":4,""qualified"":false},{""term_id"":""GOBP_POSITIVE_REGULATION_OF_LEUKOCYTE_ADHESION_TO_VASCULAR_ENDOTHELIAL_CELL"",""NES"":1.3714487882106885,""FDR"":0.1979930225961922,""leading_edge_n"":7,""qualified"":false},{""term_id"":""GOBP_REGULATION_OF_LEUKOCYTE_ADHESION_TO_VASCULAR_ENDOTHELIAL_CELL"",""NES"":1.5304819415318598,""FDR"":0.1089487595380881,""leading_edge_n"":9,""qualified"":false}]"
primary_vs_sensitivity,I,I038,sensitivity,0.5,4,GOBP_LEUKOCYTE_ADHESION_TO_VASCULAR_ENDOTHELIAL_CELL;GOBP_LEUKOCYTE_TETHERING_OR_ROLLING;GOBP_POSITIVE_REGULATION_OF_LEUKOCYTE_ADHESION_TO_VASCULAR_ENDOTHELIAL_CELL;GOBP_REGULATION_OF_LEUKOCYTE_ADHESION_TO_VASCULAR_ENDOTHELIAL_CELL,0,INACTIVE,"[{""term_id"":""GOBP_LEUKOCYTE_ADHESION_TO_VASCULAR_ENDOTHELIAL_CELL"",""NES"":1.6002901095823392,""FDR"":0.0888735847133954,""leading_edge_n"":14,""qualified"":false},{""term_id"":""GOBP_LEUKOCYTE_TETHERING_OR_ROLLING"",""NES"":1.4662221585390482,""FDR"":0.1461972909831693,""leading_edge_n"":5,""qualified"":false},{""term_id"":""GOBP_POSITIVE_REGULATION_OF_LEUKOCYTE_ADHESION_TO_VASCULAR_ENDOTHELIAL_CELL"",""NES"":1.3858699082345618,""FDR"":0.1954425444584873,""leading_edge_n"":9,""qualified"":false},{""term_id"":""GOBP_REGULATION_OF_LEUKOCYTE_ADHESION_TO_VASCULAR_ENDOTHELIAL_CELL"",""NES"":1.5158505969150406,""FDR"":0.1223077986001533,""leading_edge_n"":10,""qualified"":false}]"
primary_vs_sensitivity,I,I039,primary,0.5,3,GOBP_LEUKOCYTE_APOPTOTIC_PROCESS;GOBP_NEGATIVE_REGULATION_OF_LEUKOCYTE_APOPTOTIC_PROCESS;GOBP_REGULATION_OF_LEUKOCYTE_APOPTOTIC_PROCESS,0,INACTIVE,"[{""term_id"":""GOBP_LEUKOCYTE_APOPTOTIC_PROCESS"",""NES"":1.1317228507590598,""FDR"":0.4236232653495397,""leading_edge_n"":16,""qualified"":false},{""term_id"":""GOBP_NEGATIVE_REGULATION_OF_LEUKOCYTE_APOPTOTIC_PROCESS"",""NES"":0.8524285867913447,""FDR"":0.8291266375164592,""leading_edge_n"":3,""qualified"":false},{""term_id"":""GOBP_REGULATION_OF_LEUKOCYTE_APOPTOTIC_PROCESS"",""NES"":0.928289396260924,""FDR"":0.7246036949515288,""leading_edge_n"":10,""qualified"":false}]"
primary_vs_sensitivity,I,I039,sensitivity,0.5,3,GOBP_LEUKOCYTE_APOPTOTIC_PROCESS;GOBP_NEGATIVE_REGULATION_OF_LEUKOCYTE_APOPTOTIC_PROCESS;GOBP_REGULATION_OF_LEUKOCYTE_APOPTOTIC_PROCESS,0,INACTIVE,"[{""term_id"":""GOBP_LEUKOCYTE_APOPTOTIC_PROCESS"",""NES"":1.0954052706844228,""FDR"":0.4749351171469964,""leading_edge_n"":18,""qualified"":false},{""term_id"":""GOBP_NEGATIVE_REGULATION_OF_LEUKOCYTE_APOPTOTIC_PROCESS"",""NES"":0.883951937309532,""FDR"":0.7812348596208979,""leading_edge_n"":12,""qualified"":false},{""term_id"":""GOBP_REGULATION_OF_LEUKOCYTE_APOPTOTIC_PROCESS"",""NES"":0.8666268654033746,""FDR"":0.8071757889931658,""leading_edge_n"":14,""qualified"":false}]"
primary_vs_sensitivity,I,I040,primary,0.5,2,GOBP_LEUKOCYTE_CELL_CELL_ADHESION;GOBP_POSITIVE_REGULATION_OF_LEUKOCYTE_CELL_CELL_ADHESION,0,INACTIVE,"[{""term_id"":""GOBP_LEUKOCYTE_CELL_CELL_ADHESION"",""NES"":1.3537224958663518,""FDR"":0.2108757132783713,""leading_edge_n"":107,""qualified"":false},{""term_id"":""GOBP_POSITIVE_REGULATION_OF_LEUKOCYTE_CELL_CELL_ADHESION"",""NES"":1.2848746640318522,""FDR"":0.2630599996340138,""leading_edge_n"":68,""qualified"":false}]"
primary_vs_sensitivity,I,I040,sensitivity,0.5,2,GOBP_LEUKOCYTE_CELL_CELL_ADHESION;GOBP_POSITIVE_REGULATION_OF_LEUKOCYTE_CELL_CELL_ADHESION,0,INACTIVE,"[{""term_id"":""GOBP_LEUKOCYTE_CELL_CELL_ADHESION"",""NES"":1.3771275626895685,""FDR"":0.1995817906421028,""leading_edge_n"":117,""qualified"":false},{""term_id"":""GOBP_POSITIVE_REGULATION_OF_LEUKOCYTE_CELL_CELL_ADHESION"",""NES"":1.3446007542727798,""FDR"":0.2255155841199894,""leading_edge_n"":48,""qualified"":false}]"
primary_vs_sensitivity,I,I041,primary,0.5,7,GOBP_LEUKOCYTE_CHEMOTAXIS;GOBP_LEUKOCYTE_MIGRATION;GOBP_MYELOID_LEUKOCYTE_MIGRATION;GOBP_POSITIVE_REGULATION_OF_LEUKOCYTE_CHEMOTAXIS;GOBP_POSITIVE_REGULATION_OF_LEUKOCYTE_MIGRATION;GOBP_REGULATION_OF_LEUKOCYTE_CHEMOTAXIS;GOBP_REGULATION_OF_LEUKOCYTE_MIGRATION,0,INACTIVE,"[{""term_id"":""GOBP_LEUKOCYTE_CHEMOTAXIS"",""NES"":1.4826144764821558,""FDR"":0.1321233706902993,""leading_edge_n"":20,""qualified"":false},{""term_id"":""GOBP_LEUKOCYTE_MIGRATION"",""NES"":1.4365406531008016,""FDR"":0.1578192664083592,""leading_edge_n"":32,""qualified"":false},{""term_id"":""GOBP_MYELOID_LEUKOCYTE_MIGRATION"",""NES"":1.3889708516727888,""FDR"":0.1875220990032453,""leading_edge_n"":19,""qualified"":false},{""term_id"":""GOBP_POSITIVE_REGULATION_OF_LEUKOCYTE_CHEMOTAXIS"",""NES"":1.4662858383692878,""FDR"":0.1420822854862499,""leading_edge_n"":20,""qualified"":false},{""term_id"":""GOBP_POSITIVE_REGULATION_OF_LEUKOCYTE_MIGRATION"",""NES"":1.42282853374119,""FDR"":0.1653313666286132,""leading_edge_n"":17,""qualified"":false},{""term_id"":""GOBP_REGULATION_OF_LEUKOCYTE_CHEMOTAXIS"",""NES"":1.6738623303900828,""FDR"":0.0611336607805449,""leading_edge_n"":26,""qualified"":false},{""term_id"":""GOBP_REGULATION_OF_LEUKOCYTE_MIGRATION"",""NES"":1.6281280105510958,""FDR"":0.0746433946275468,""leading_edge_n"":26,""qualified"":false}]"
primary_vs_sensitivity,I,I041,sensitivity,0.5,7,GOBP_LEUKOCYTE_CHEMOTAXIS;GOBP_LEUKOCYTE_MIGRATION;GOBP_MYELOID_LEUKOCYTE_MIGRATION;GOBP_POSITIVE_REGULATION_OF_LEUKOCYTE_CHEMOTAXIS;GOBP_POSITIVE_REGULATION_OF_LEUKOCYTE_MIGRATION;GOBP_REGULATION_OF_LEUKOCYTE_CHEMOTAXIS;GOBP_REGULATION_OF_LEUKOCYTE_MIGRATION,0,INACTIVE,"[{""term_id"":""GOBP_LEUKOCYTE_CHEMOTAXIS"",""NES"":1.5017558213261326,""FDR"":0.1295618327615655,""leading_edge_n"":23,""qualified"":false},{""term_id"":""GOBP_LEUKOCYTE_MIGRATION"",""NES"":1.3708079761893954,""FDR"":0.2053017141054509,""leading_edge_n"":35,""qualified"":false},{""term_id"":""GOBP_MYELOID_LEUKOCYTE_MIGRATION"",""NES"":1.3287264454037755,""FDR"":0.2372337804797373,""leading_edge_n"":21,""qualified"":false},{""term_id"":""GOBP_POSITIVE_REGULATION_OF_LEUKOCYTE_CHEMOTAXIS"",""NES"":1.4087359641557575,""FDR"":0.1810332008564681,""leading_edge_n"":14,""qualified"":false},{""term_id"":""GOBP_POSITIVE_REGULATION_OF_LEUKOCYTE_MIGRATION"",""NES"":1.357378574190339,""FDR"":0.2162786971326739,""leading_edge_n"":18,""qualified"":false},{""term_id"":""GOBP_REGULATION_OF_LEUKOCYTE_CHEMOTAXIS"",""NES"":1.6003584752515398,""FDR"":0.0890020976638042,""leading_edge_n"":18,""qualified"":false},{""term_id"":""GOBP_REGULATION_OF_LEUKOCYTE_MIGRATION"",""NES"":1.5241509134390885,""FDR"":0.1180322571319555,""leading_edge_n"":24,""qualified"":false}]"
primary_vs_sensitivity,I,I042,primary,0.5,7,GOBP_LEUKOCYTE_DEGRANULATION;GOBP_MAST_CELL_ACTIVATION_INVOLVED_IN_IMMUNE_RESPONSE;GOBP_MYELOID_CELL_ACTIVATION_INVOLVED_IN_IMMUNE_RESPONSE;GOBP_MYELOID_LEUKOCYTE_MEDIATED_IMMUNITY;GOBP_POSITIVE_REGULATION_OF_LEUKOCYTE_DEGRANULATION;GOBP_REGULATION_OF_LEUKOCYTE_DEGRANULATION;GOBP_REGULATION_OF_MYELOID_LEUKOCYTE_MEDIATED_IMMUNITY,0,INACTIVE,"[{""term_id"":""GOBP_LEUKOCYTE_DEGRANULATION"",""NES"":0.8649815933939096,""FDR"":0.8118184791728996,""leading_edge_n"":11,""qualified"":false},{""term_id"":""GOBP_MAST_CELL_ACTIVATION_INVOLVED_IN_IMMUNE_RESPONSE"",""NES"":0.928216521183924,""FDR"":0.7245195293214906,""leading_edge_n"":8,""qualified"":false},{""term_id"":""GOBP_MYELOID_CELL_ACTIVATION_INVOLVED_IN_IMMUNE_RESPONSE"",""NES"":0.7944031450405515,""FDR"":0.8979660758372122,""leading_edge_n"":16,""qualified"":false},{""term_id"":""GOBP_MYELOID_LEUKOCYTE_MEDIATED_IMMUNITY"",""NES"":1.2097210066453394,""FDR"":0.333610327330066,""leading_edge_n"":23,""qualified"":false},{""term_id"":""GOBP_POSITIVE_REGULATION_OF_LEUKOCYTE_DEGRANULATION"",""NES"":1.2435370459210835,""FDR"":0.3029160434852893,""leading_edge_n"":7,""qualified"":false},{""term_id"":""GOBP_REGULATION_OF_LEUKOCYTE_DEGRANULATION"",""NES"":1.0389952547484294,""FDR"":0.5535811669954642,""leading_edge_n"":7,""qualified"":false},{""term_id"":""GOBP_REGULATION_OF_MYELOID_LEUKOCYTE_MEDIATED_IMMUNITY"",""NES"":1.0372316724111146,""FDR"":0.555630375732629,""leading_edge_n"":10,""qualified"":false}]"
primary_vs_sensitivity,I,I042,sensitivity,0.5,7,GOBP_LEUKOCYTE_DEGRANULATION;GOBP_MAST_CELL_ACTIVATION_INVOLVED_IN_IMMUNE_RESPONSE;GOBP_MYELOID_CELL_ACTIVATION_INVOLVED_IN_IMMUNE_RESPONSE;GOBP_MYELOID_LEUKOCYTE_MEDIATED_IMMUNITY;GOBP_POSITIVE_REGULATION_OF_LEUKOCYTE_DEGRANULATION;GOBP_REGULATION_OF_LEUKOCYTE_DEGRANULATION;GOBP_REGULATION_OF_MYELOID_LEUKOCYTE_MEDIATED_IMMUNITY,0,INACTIVE,"[{""term_id"":""GOBP_LEUKOCYTE_DEGRANULATION"",""NES"":0.7973316276431167,""FDR"":0.8870541671958715,""leading_edge_n"":12,""qualified"":false},{""term_id"":""GOBP_MAST_CELL_ACTIVATION_INVOLVED_IN_IMMUNE_RESPONSE"",""NES"":0.8257735081932415,""FDR"":0.8576332242036034,""leading_edge_n"":8,""qualified"":false},{""term_id"":""GOBP_MYELOID_CELL_ACTIVATION_INVOLVED_IN_IMMUNE_RESPONSE"",""NES"":-0.8504971950255894,""FDR"":0.8918799532756012,""leading_edge_n"":7,""qualified"":false},{""term_id"":""GOBP_MYELOID_LEUKOCYTE_MEDIATED_IMMUNITY"",""NES"":1.1888406273073584,""FDR"":0.3667620466570244,""leading_edge_n"":25,""qualified"":false},{""term_id"":""GOBP_POSITIVE_REGULATION_OF_LEUKOCYTE_DEGRANULATION"",""NES"":1.1388356329008424,""FDR"":0.4220518225902799,""leading_edge_n"":6,""qualified"":false},{""term_id"":""GOBP_REGULATION_OF_LEUKOCYTE_DEGRANULATION"",""NES"":1.0198344279321054,""FDR"":0.5757718047351699,""leading_edge_n"":8,""qualified"":false},{""term_id"":""GOBP_REGULATION_OF_MYELOID_LEUKOCYTE_MEDIATED_IMMUNITY"",""NES"":1.1338311773604457,""FDR"":0.4278941606160674,""leading_edge_n"":10,""qualified"":false}]"
primary_vs_sensitivity,I,I043,primary,0.5,1,GOBP_LEUKOCYTE_HOMEOSTASIS,0,INACTIVE,"[{""term_id"":""GOBP_LEUKOCYTE_HOMEOSTASIS"",""NES"":1.3000820027998865,""FDR"":0.248515780730002,""leading_edge_n"":43,""qualified"":false}]"
primary_vs_sensitivity,I,I043,sensitivity,0.5,1,GOBP_LEUKOCYTE_HOMEOSTASIS,0,INACTIVE,"[{""term_id"":""GOBP_LEUKOCYTE_HOMEOSTASIS"",""NES"":1.2184116271585117,""FDR"":0.3330259971442251,""leading_edge_n"":40,""qualified"":false}]"
primary_vs_sensitivity,I,I044,primary,0.5,4,GOBP_LEUKOCYTE_MEDIATED_CYTOTOXICITY;GOBP_NATURAL_KILLER_CELL_MEDIATED_IMMUNITY;GOBP_POSITIVE_REGULATION_OF_NATURAL_KILLER_CELL_MEDIATED_IMMUNITY;GOBP_REGULATION_OF_NATURAL_KILLER_CELL_MEDIATED_IMMUNITY,0,INACTIVE,"[{""term_id"":""GOBP_LEUKOCYTE_MEDIATED_CYTOTOXICITY"",""NES"":0.9732240370023232,""FDR"":0.6496787263119606,""leading_edge_n"":35,""qualified"":false},{""term_id"":""GOBP_NATURAL_KILLER_CELL_MEDIATED_IMMUNITY"",""NES"":0.7484923846749233,""FDR"":0.9375359990777272,""leading_edge_n"":22,""qualified"":false},{""term_id"":""GOBP_POSITIVE_REGULATION_OF_NATURAL_KILLER_CELL_MEDIATED_IMMUNITY"",""NES"":0.540876425350054,""FDR"":0.9974638920207404,""leading_edge_n"":5,""qualified"":false},{""term_id"":""GOBP_REGULATION_OF_NATURAL_KILLER_CELL_MEDIATED_IMMUNITY"",""NES"":0.6597732160882146,""FDR"":0.9789027862823289,""leading_edge_n"":15,""qualified"":false}]"
primary_vs_sensitivity,I,I044,sensitivity,0.5,4,GOBP_LEUKOCYTE_MEDIATED_CYTOTOXICITY;GOBP_NATURAL_KILLER_CELL_MEDIATED_IMMUNITY;GOBP_POSITIVE_REGULATION_OF_NATURAL_KILLER_CELL_MEDIATED_IMMUNITY;GOBP_REGULATION_OF_NATURAL_KILLER_CELL_MEDIATED_IMMUNITY,0,INACTIVE,"[{""term_id"":""GOBP_LEUKOCYTE_MEDIATED_CYTOTOXICITY"",""NES"":1.1060117106832494,""FDR"":0.4629427700776246,""leading_edge_n"":41,""qualified"":false},{""term_id"":""GOBP_NATURAL_KILLER_CELL_MEDIATED_IMMUNITY"",""NES"":0.9872455304365904,""FDR"":0.6239902809217385,""leading_edge_n"":27,""qualified"":false},{""term_id"":""GOBP_POSITIVE_REGULATION_OF_NATURAL_KILLER_CELL_MEDIATED_IMMUNITY"",""NES"":0.5301230349609066,""FDR"":0.9970018529614952,""leading_edge_n"":7,""qualified"":false},{""term_id"":""GOBP_REGULATION_OF_NATURAL_KILLER_CELL_MEDIATED_IMMUNITY"",""NES"":0.9881160365162264,""FDR"":0.6222183879134693,""leading_edge_n"":19,""qualified"":false}]"
primary_vs_sensitivity,I,I045,primary,0.5,3,GOBP_LEUKOCYTE_PROLIFERATION;GOBP_POSITIVE_REGULATION_OF_LEUKOCYTE_PROLIFERATION;GOBP_REGULATION_OF_LEUKOCYTE_PROLIFERATION,0,INACTIVE,"[{""term_id"":""GOBP_LEUKOCYTE_PROLIFERATION"",""NES"":1.2301799107255234,""FDR"":0.3139318888009204,""leading_edge_n"":37,""qualified"":false},{""term_id"":""GOBP_POSITIVE_REGULATION_OF_LEUKOCYTE_PROLIFERATION"",""NES"":1.1332491610483957,""FDR"":0.4214022622453477,""leading_edge_n"":19,""qualified"":false},{""term_id"":""GOBP_REGULATION_OF_LEUKOCYTE_PROLIFERATION"",""NES"":1.2447270823125216,""FDR"":0.3022318151600257,""leading_edge_n"":27,""qualified"":false}]"
primary_vs_sensitivity,I,I045,sensitivity,0.5,3,GOBP_LEUKOCYTE_PROLIFERATION;GOBP_POSITIVE_REGULATION_OF_LEUKOCYTE_PROLIFERATION;GOBP_REGULATION_OF_LEUKOCYTE_PROLIFERATION,0,INACTIVE,"[{""term_id"":""GOBP_LEUKOCYTE_PROLIFERATION"",""NES"":1.1948427617624198,""FDR"":0.3599500345672066,""leading_edge_n"":66,""qualified"":false},{""term_id"":""GOBP_POSITIVE_REGULATION_OF_LEUKOCYTE_PROLIFERATION"",""NES"":1.2211262870072666,""FDR"":0.3307617376110702,""leading_edge_n"":26,""qualified"":false},{""term_id"":""GOBP_REGULATION_OF_LEUKOCYTE_PROLIFERATION"",""NES"":1.2199574907765478,""FDR"":0.3322822927038588,""leading_edge_n"":32,""qualified"":false}]"
primary_vs_sensitivity,I,I046,primary,0.5,2,GOBP_MACROPHAGE_ACTIVATION;GOBP_REGULATION_OF_MACROPHAGE_ACTIVATION,0,INACTIVE,"[{""term_id"":""GOBP_MACROPHAGE_ACTIVATION"",""NES"":1.4227544624959565,""FDR"":0.1652587167093683,""leading_edge_n"":13,""qualified"":false},{""term_id"":""GOBP_REGULATION_OF_MACROPHAGE_ACTIVATION"",""NES"":1.3416940838531908,""FDR"":0.2190943282973581,""leading_edge_n"":12,""qualified"":false}]"
primary_vs_sensitivity,I,I046,sensitivity,0.5,2,GOBP_MACROPHAGE_ACTIVATION;GOBP_REGULATION_OF_MACROPHAGE_ACTIVATION,0,INACTIVE,"[{""term_id"":""GOBP_MACROPHAGE_ACTIVATION"",""NES"":1.391443734938762,""FDR"":0.1908891267577059,""leading_edge_n"":12,""qualified"":false},{""term_id"":""GOBP_REGULATION_OF_MACROPHAGE_ACTIVATION"",""NES"":1.2457330071592123,""FDR"":0.3081802578821389,""leading_edge_n"":9,""qualified"":false}]"
primary_vs_sensitivity,I,I047,primary,0.5,6,GOBP_MACROPHAGE_CHEMOTAXIS;GOBP_MACROPHAGE_MIGRATION;GOBP_POSITIVE_REGULATION_OF_MACROPHAGE_CHEMOTAXIS;GOBP_POSITIVE_REGULATION_OF_MACROPHAGE_MIGRATION;GOBP_REGULATION_OF_MACROPHAGE_CHEMOTAXIS;GOBP_REGULATION_OF_MACROPHAGE_MIGRATION,0,INACTIVE,"[{""term_id"":""GOBP_MACROPHAGE_CHEMOTAXIS"",""NES"":1.2318493785297049,""FDR"":0.3118209088256805,""leading_edge_n"":7,""qualified"":false},{""term_id"":""GOBP_MACROPHAGE_MIGRATION"",""NES"":1.002893748636176,""FDR"":0.6073906897436301,""leading_edge_n"":5,""qualified"":false},{""term_id"":""GOBP_POSITIVE_REGULATION_OF_MACROPHAGE_CHEMOTAXIS"",""NES"":1.576562243556769,""FDR"":0.0919862006965788,""leading_edge_n"":5,""qualified"":false},{""term_id"":""GOBP_POSITIVE_REGULATION_OF_MACROPHAGE_MIGRATION"",""NES"":1.4422027908467956,""FDR"":0.1552626772859485,""leading_edge_n"":5,""qualified"":false},{""term_id"":""GOBP_REGULATION_OF_MACROPHAGE_CHEMOTAXIS"",""NES"":1.3865690298180315,""FDR"":0.1883350937712044,""leading_edge_n"":7,""qualified"":false},{""term_id"":""GOBP_REGULATION_OF_MACROPHAGE_MIGRATION"",""NES"":1.1093672579800282,""FDR"":0.4554701644090387,""leading_edge_n"":5,""qualified"":false}]"
primary_vs_sensitivity,I,I047,sensitivity,0.5,6,GOBP_MACROPHAGE_CHEMOTAXIS;GOBP_MACROPHAGE_MIGRATION;GOBP_POSITIVE_REGULATION_OF_MACROPHAGE_CHEMOTAXIS;GOBP_POSITIVE_REGULATION_OF_MACROPHAGE_MIGRATION;GOBP_REGULATION_OF_MACROPHAGE_CHEMOTAXIS;GOBP_REGULATION_OF_MACROPHAGE_MIGRATION,0,INACTIVE,"[{""term_id"":""GOBP_MACROPHAGE_CHEMOTAXIS"",""NES"":1.405762701967025,""FDR"":0.1823608094318822,""leading_edge_n"":5,""qualified"":false},{""term_id"":""GOBP_MACROPHAGE_MIGRATION"",""NES"":1.1262571586680514,""FDR"":0.4377327021650903,""leading_edge_n"":5,""qualified"":false},{""term_id"":""GOBP_POSITIVE_REGULATION_OF_MACROPHAGE_CHEMOTAXIS"",""NES"":1.720418557025093,""FDR"":0.050189938335506,""leading_edge_n"":5,""qualified"":false},{""term_id"":""GOBP_POSITIVE_REGULATION_OF_MACROPHAGE_MIGRATION"",""NES"":1.62879050056878,""FDR"":0.0782222824989036,""leading_edge_n"":5,""qualified"":false},{""term_id"":""GOBP_REGULATION_OF_MACROPHAGE_CHEMOTAXIS"",""NES"":1.5496939709663349,""FDR"":0.1075156828540108,""leading_edge_n"":5,""qualified"":false},{""term_id"":""GOBP_REGULATION_OF_MACROPHAGE_MIGRATION"",""NES"":1.2460141510410372,""FDR"":0.3079171177111657,""leading_edge_n"":5,""qualified"":false}]"
primary_vs_sensitivity,I,I048,primary,0.5,3,GOBP_MACROPHAGE_CYTOKINE_PRODUCTION;GOBP_MYELOID_LEUKOCYTE_CYTOKINE_PRODUCTION;GOBP_POSITIVE_REGULATION_OF_MYELOID_LEUKOCYTE_CYTOKINE_PRODUCTION_INVOLVED_IN_IMMUNE_RESPONSE,0,INACTIVE,"[{""term_id"":""GOBP_MACROPHAGE_CYTOKINE_PRODUCTION"",""NES"":0.7208042490049743,""FDR"":0.9521619852165424,""leading_edge_n"":1,""qualified"":false},{""term_id"":""GOBP_MYELOID_LEUKOCYTE_CYTOKINE_PRODUCTION"",""NES"":1.2771623599023796,""FDR"":0.2687761821724843,""leading_edge_n"":9,""qualified"":false},{""term_id"":""GOBP_POSITIVE_REGULATION_OF_MYELOID_LEUKOCYTE_CYTOKINE_PRODUCTION_INVOLVED_IN_IMMUNE_RESPONSE"",""NES"":1.4190408192960509,""FDR"":0.1676537256912518,""leading_edge_n"":10,""qualified"":false}]"
primary_vs_sensitivity,I,I048,sensitivity,0.5,3,GOBP_MACROPHAGE_CYTOKINE_PRODUCTION;GOBP_MYELOID_LEUKOCYTE_CYTOKINE_PRODUCTION;GOBP_POSITIVE_REGULATION_OF_MYELOID_LEUKOCYTE_CYTOKINE_PRODUCTION_INVOLVED_IN_IMMUNE_RESPONSE,0,INACTIVE,"[{""term_id"":""GOBP_MACROPHAGE_CYTOKINE_PRODUCTION"",""NES"":0.5508015319286714,""FDR"":0.995437583228144,""leading_edge_n"":6,""qualified"":false},{""term_id"":""GOBP_MYELOID_LEUKOCYTE_CYTOKINE_PRODUCTION"",""NES"":1.17659816211707,""FDR"":0.3789614080889206,""leading_edge_n"":13,""qualified"":false},{""term_id"":""GOBP_POSITIVE_REGULATION_OF_MYELOID_LEUKOCYTE_CYTOKINE_PRODUCTION_INVOLVED_IN_IMMUNE_RESPONSE"",""NES"":1.4078244546158576,""FDR"":0.1813765975282529,""leading_edge_n"":12,""qualified"":false}]"
primary_vs_sensitivity,I,I049,primary,0.5,1,GOBP_MACROPHAGE_DIFFERENTIATION,1,POSITIVE,"[{""term_id"":""GOBP_MACROPHAGE_DIFFERENTIATION"",""NES"":1.7710760270396533,""FDR"":0.0366915458101134,""leading_edge_n"":14,""qualified"":true}]"
primary_vs_sensitivity,I,I049,sensitivity,0.5,1,GOBP_MACROPHAGE_DIFFERENTIATION,1,POSITIVE,"[{""term_id"":""GOBP_MACROPHAGE_DIFFERENTIATION"",""NES"":1.7613358227622613,""FDR"":0.0416774535821715,""leading_edge_n"":18,""qualified"":true}]"
primary_vs_sensitivity,I,I050,primary,0.5,1,GOBP_MYD88_DEPENDENT_TOLL_LIKE_RECEPTOR_SIGNALING_PATHWAY,0,INACTIVE,"[{""term_id"":""GOBP_MYD88_DEPENDENT_TOLL_LIKE_RECEPTOR_SIGNALING_PATHWAY"",""NES"":1.013423911152848,""FDR"":0.5915026902628125,""leading_edge_n"":8,""qualified"":false}]"
primary_vs_sensitivity,I,I050,sensitivity,0.5,1,GOBP_MYD88_DEPENDENT_TOLL_LIKE_RECEPTOR_SIGNALING_PATHWAY,0,INACTIVE,"[{""term_id"":""GOBP_MYD88_DEPENDENT_TOLL_LIKE_RECEPTOR_SIGNALING_PATHWAY"",""NES"":0.6812162511365827,""FDR"":0.969373655981907,""leading_edge_n"":8,""qualified"":false}]"
primary_vs_sensitivity,I,I051,primary,0.5,1,GOBP_MYELOID_LEUKOCYTE_ACTIVATION,0,INACTIVE,"[{""term_id"":""GOBP_MYELOID_LEUKOCYTE_ACTIVATION"",""NES"":1.274699307298213,""FDR"":0.2709754431929816,""leading_edge_n"":45,""qualified"":false}]"
primary_vs_sensitivity,I,I051,sensitivity,0.5,1,GOBP_MYELOID_LEUKOCYTE_ACTIVATION,0,INACTIVE,"[{""term_id"":""GOBP_MYELOID_LEUKOCYTE_ACTIVATION"",""NES"":1.1561249130868898,""FDR"":0.4026592365107589,""leading_edge_n"":48,""qualified"":false}]"
primary_vs_sensitivity,I,I052,primary,0.5,1,GOBP_MYELOID_LEUKOCYTE_DIFFERENTIATION,0,INACTIVE,"[{""term_id"":""GOBP_MYELOID_LEUKOCYTE_DIFFERENTIATION"",""NES"":1.5536229055976043,""FDR"":0.1007372522599392,""leading_edge_n"":31,""qualified"":false}]"
primary_vs_sensitivity,I,I052,sensitivity,0.5,1,GOBP_MYELOID_LEUKOCYTE_DIFFERENTIATION,0,INACTIVE,"[{""term_id"":""GOBP_MYELOID_LEUKOCYTE_DIFFERENTIATION"",""NES"":1.5311502753957564,""FDR"":0.1147474812230472,""leading_edge_n"":34,""qualified"":false}]"
primary_vs_sensitivity,I,I053,primary,0.5,1,GOBP_NEGATIVE_REGULATION_OF_ADAPTIVE_IMMUNE_RESPONSE,0,INACTIVE,"[{""term_id"":""GOBP_NEGATIVE_REGULATION_OF_ADAPTIVE_IMMUNE_RESPONSE"",""NES"":0.9254703148349326,""FDR"":0.7281618347954709,""leading_edge_n"":10,""qualified"":false}]"
primary_vs_sensitivity,I,I053,sensitivity,0.5,1,GOBP_NEGATIVE_REGULATION_OF_ADAPTIVE_IMMUNE_RESPONSE,0,INACTIVE,"[{""term_id"":""GOBP_NEGATIVE_REGULATION_OF_ADAPTIVE_IMMUNE_RESPONSE"",""NES"":-1.038638280101981,""FDR"":0.6643800201127988,""leading_edge_n"":11,""qualified"":false}]"
primary_vs_sensitivity,I,I054,primary,0.5,1,GOBP_NEGATIVE_REGULATION_OF_CYTOKINE_PRODUCTION,0,INACTIVE,"[{""term_id"":""GOBP_NEGATIVE_REGULATION_OF_CYTOKINE_PRODUCTION"",""NES"":1.503611932196193,""FDR"":0.1219737220532308,""leading_edge_n"":56,""qualified"":false}]"
primary_vs_sensitivity,I,I054,sensitivity,0.5,1,GOBP_NEGATIVE_REGULATION_OF_CYTOKINE_PRODUCTION,0,INACTIVE,"[{""term_id"":""GOBP_NEGATIVE_REGULATION_OF_CYTOKINE_PRODUCTION"",""NES"":1.4763218171126538,""FDR"":0.1408136006777797,""leading_edge_n"":68,""qualified"":false}]"
primary_vs_sensitivity,I,I055,primary,0.5,2,GOBP_NEGATIVE_REGULATION_OF_IMMUNE_EFFECTOR_PROCESS;GOBP_NEGATIVE_REGULATION_OF_LEUKOCYTE_MEDIATED_IMMUNITY,0,INACTIVE,"[{""term_id"":""GOBP_NEGATIVE_REGULATION_OF_IMMUNE_EFFECTOR_PROCESS"",""NES"":0.9076178109787948,""FDR"":0.7536924393006864,""leading_edge_n"":20,""qualified"":false},{""term_id"":""GOBP_NEGATIVE_REGULATION_OF_LEUKOCYTE_MEDIATED_IMMUNITY"",""NES"":0.8182344931936084,""FDR"":0.8725773112060893,""leading_edge_n"":17,""qualified"":false}]"
primary_vs_sensitivity,I,I055,sensitivity,0.5,2,GOBP_NEGATIVE_REGULATION_OF_IMMUNE_EFFECTOR_PROCESS;GOBP_NEGATIVE_REGULATION_OF_LEUKOCYTE_MEDIATED_IMMUNITY,0,INACTIVE,"[{""term_id"":""GOBP_NEGATIVE_REGULATION_OF_IMMUNE_EFFECTOR_PROCESS"",""NES"":1.022978399057602,""FDR"":0.5697651849535198,""leading_edge_n"":17,""qualified"":false},{""term_id"":""GOBP_NEGATIVE_REGULATION_OF_LEUKOCYTE_MEDIATED_IMMUNITY"",""NES"":0.976047014439571,""FDR"":0.6406919222457049,""leading_edge_n"":22,""qualified"":false}]"
primary_vs_sensitivity,I,I056,primary,0.5,1,GOBP_NEGATIVE_REGULATION_OF_IMMUNE_RESPONSE,0,INACTIVE,"[{""term_id"":""GOBP_NEGATIVE_REGULATION_OF_IMMUNE_RESPONSE"",""NES"":1.0243989355970646,""FDR"":0.5752626314223795,""leading_edge_n"":30,""qualified"":false}]"
primary_vs_sensitivity,I,I056,sensitivity,0.5,1,GOBP_NEGATIVE_REGULATION_OF_IMMUNE_RESPONSE,0,INACTIVE,"[{""term_id"":""GOBP_NEGATIVE_REGULATION_OF_IMMUNE_RESPONSE"",""NES"":1.0922430186033794,""FDR"":0.478929022538437,""leading_edge_n"":34,""qualified"":false}]"
primary_vs_sensitivity,I,I057,primary,0.5,1,GOBP_NEGATIVE_REGULATION_OF_IMMUNE_SYSTEM_PROCESS,0,INACTIVE,"[{""term_id"":""GOBP_NEGATIVE_REGULATION_OF_IMMUNE_SYSTEM_PROCESS"",""NES"":1.6003002234183283,""FDR"":0.0820166792803392,""leading_edge_n"":89,""qualified"":false}]"
primary_vs_sensitivity,I,I057,sensitivity,0.5,1,GOBP_NEGATIVE_REGULATION_OF_IMMUNE_SYSTEM_PROCESS,0,INACTIVE,"[{""term_id"":""GOBP_NEGATIVE_REGULATION_OF_IMMUNE_SYSTEM_PROCESS"",""NES"":1.5687786050118673,""FDR"":0.1011749625656581,""leading_edge_n"":100,""qualified"":false}]"
primary_vs_sensitivity,I,I058,primary,0.5,1,GOBP_NEGATIVE_REGULATION_OF_INFLAMMASOME_MEDIATED_SIGNALING_PATHWAY,0,INACTIVE,"[{""term_id"":""GOBP_NEGATIVE_REGULATION_OF_INFLAMMASOME_MEDIATED_SIGNALING_PATHWAY"",""NES"":-0.690647596943975,""FDR"":1.0,""leading_edge_n"":4,""qualified"":false}]"
primary_vs_sensitivity,I,I058,sensitivity,0.5,1,GOBP_NEGATIVE_REGULATION_OF_INFLAMMASOME_MEDIATED_SIGNALING_PATHWAY,0,INACTIVE,"[{""term_id"":""GOBP_NEGATIVE_REGULATION_OF_INFLAMMASOME_MEDIATED_SIGNALING_PATHWAY"",""NES"":-0.6536478191658937,""FDR"":0.987407534616828,""leading_edge_n"":3,""qualified"":false}]"
primary_vs_sensitivity,I,I059,primary,0.5,1,GOBP_NEGATIVE_REGULATION_OF_INFLAMMATORY_RESPONSE,0,INACTIVE,"[{""term_id"":""GOBP_NEGATIVE_REGULATION_OF_INFLAMMATORY_RESPONSE"",""NES"":-1.219995137389987,""FDR"":0.5098701559084449,""leading_edge_n"":37,""qualified"":false}]"
primary_vs_sensitivity,I,I059,sensitivity,0.5,1,GOBP_NEGATIVE_REGULATION_OF_INFLAMMATORY_RESPONSE,0,INACTIVE,"[{""term_id"":""GOBP_NEGATIVE_REGULATION_OF_INFLAMMATORY_RESPONSE"",""NES"":-1.1657555343354762,""FDR"":0.5307993565214288,""leading_edge_n"":31,""qualified"":false}]"
primary_vs_sensitivity,I,I060,primary,0.5,1,GOBP_NEGATIVE_REGULATION_OF_INNATE_IMMUNE_RESPONSE,0,INACTIVE,"[{""term_id"":""GOBP_NEGATIVE_REGULATION_OF_INNATE_IMMUNE_RESPONSE"",""NES"":0.9114025457874771,""FDR"":0.7483257862490882,""leading_edge_n"":22,""qualified"":false}]"
primary_vs_sensitivity,I,I060,sensitivity,0.5,1,GOBP_NEGATIVE_REGULATION_OF_INNATE_IMMUNE_RESPONSE,0,INACTIVE,"[{""term_id"":""GOBP_NEGATIVE_REGULATION_OF_INNATE_IMMUNE_RESPONSE"",""NES"":1.0346386281073463,""FDR"":0.5532214750688582,""leading_edge_n"":20,""qualified"":false}]"
primary_vs_sensitivity,I,I061,primary,0.5,1,GOBP_NEGATIVE_REGULATION_OF_INTERFERON_BETA_PRODUCTION,0,INACTIVE,"[{""term_id"":""GOBP_NEGATIVE_REGULATION_OF_INTERFERON_BETA_PRODUCTION"",""NES"":-1.3265778660833458,""FDR"":0.41829142221584,""leading_edge_n"":8,""qualified"":false}]"
primary_vs_sensitivity,I,I061,sensitivity,0.5,1,GOBP_NEGATIVE_REGULATION_OF_INTERFERON_BETA_PRODUCTION,0,INACTIVE,"[{""term_id"":""GOBP_NEGATIVE_REGULATION_OF_INTERFERON_BETA_PRODUCTION"",""NES"":-1.0076268460105702,""FDR"":0.6994042445280179,""leading_edge_n"":6,""qualified"":false}]"
primary_vs_sensitivity,I,I062,primary,0.5,2,GOBP_NEGATIVE_REGULATION_OF_INTERLEUKIN_1_BETA_PRODUCTION;GOBP_NEGATIVE_REGULATION_OF_INTERLEUKIN_1_PRODUCTION,0,INACTIVE,"[{""term_id"":""GOBP_NEGATIVE_REGULATION_OF_INTERLEUKIN_1_BETA_PRODUCTION"",""NES"":0.8661477187044464,""FDR"":0.81038490372609,""leading_edge_n"":5,""qualified"":false},{""term_id"":""GOBP_NEGATIVE_REGULATION_OF_INTERLEUKIN_1_PRODUCTION"",""NES"":0.8067639969119916,""FDR"":0.8853686501611352,""leading_edge_n"":4,""qualified"":false}]"
primary_vs_sensitivity,I,I062,sensitivity,0.5,2,GOBP_NEGATIVE_REGULATION_OF_INTERLEUKIN_1_BETA_PRODUCTION;GOBP_NEGATIVE_REGULATION_OF_INTERLEUKIN_1_PRODUCTION,0,INACTIVE,"[{""term_id"":""GOBP_NEGATIVE_REGULATION_OF_INTERLEUKIN_1_BETA_PRODUCTION"",""NES"":0.8934453188196636,""FDR"":0.769724833526269,""leading_edge_n"":5,""qualified"":false},{""term_id"":""GOBP_NEGATIVE_REGULATION_OF_INTERLEUKIN_1_PRODUCTION"",""NES"":0.834522522144772,""FDR"":0.847220082919763,""leading_edge_n"":5,""qualified"":false}]"
primary_vs_sensitivity,I,I063,primary,0.5,1,GOBP_NEGATIVE_REGULATION_OF_INTERLEUKIN_6_PRODUCTION,0,INACTIVE,"[{""term_id"":""GOBP_NEGATIVE_REGULATION_OF_INTERLEUKIN_6_PRODUCTION"",""NES"":1.2884722657725618,""FDR"":0.2590138853047962,""leading_edge_n"":4,""qualified"":false}]"
primary_vs_sensitivity,I,I063,sensitivity,0.5,1,GOBP_NEGATIVE_REGULATION_OF_INTERLEUKIN_6_PRODUCTION,0,INACTIVE,"[{""term_id"":""GOBP_NEGATIVE_REGULATION_OF_INTERLEUKIN_6_PRODUCTION"",""NES"":1.0775410170002866,""FDR"":0.4970181611151758,""leading_edge_n"":4,""qualified"":false}]"
primary_vs_sensitivity,I,I064,primary,0.5,1,GOBP_NEGATIVE_REGULATION_OF_LEUKOCYTE_CELL_CELL_ADHESION,0,INACTIVE,"[{""term_id"":""GOBP_NEGATIVE_REGULATION_OF_LEUKOCYTE_CELL_CELL_ADHESION"",""NES"":1.3140092240469536,""FDR"":0.2398687493695101,""leading_edge_n"":40,""qualified"":false}]"
primary_vs_sensitivity,I,I064,sensitivity,0.5,1,GOBP_NEGATIVE_REGULATION_OF_LEUKOCYTE_CELL_CELL_ADHESION,0,INACTIVE,"[{""term_id"":""GOBP_NEGATIVE_REGULATION_OF_LEUKOCYTE_CELL_CELL_ADHESION"",""NES"":1.2498754463535926,""FDR"":0.3035597302697964,""leading_edge_n"":36,""qualified"":false}]"
primary_vs_sensitivity,I,I065,primary,0.5,1,GOBP_NEGATIVE_REGULATION_OF_LEUKOCYTE_MIGRATION,1,POSITIVE,"[{""term_id"":""GOBP_NEGATIVE_REGULATION_OF_LEUKOCYTE_MIGRATION"",""NES"":1.8560309166955464,""FDR"":0.0230826719184932,""leading_edge_n"":7,""qualified"":true}]"
primary_vs_sensitivity,I,I065,sensitivity,0.5,1,GOBP_NEGATIVE_REGULATION_OF_LEUKOCYTE_MIGRATION,1,POSITIVE,"[{""term_id"":""GOBP_NEGATIVE_REGULATION_OF_LEUKOCYTE_MIGRATION"",""NES"":1.7995133173629905,""FDR"":0.0334515878323757,""leading_edge_n"":7,""qualified"":true}]"
primary_vs_sensitivity,I,I066,primary,0.5,1,GOBP_NEGATIVE_REGULATION_OF_LEUKOCYTE_PROLIFERATION,0,INACTIVE,"[{""term_id"":""GOBP_NEGATIVE_REGULATION_OF_LEUKOCYTE_PROLIFERATION"",""NES"":1.2838633796854495,""FDR"":0.2635235324653153,""leading_edge_n"":8,""qualified"":false}]"
primary_vs_sensitivity,I,I066,sensitivity,0.5,1,GOBP_NEGATIVE_REGULATION_OF_LEUKOCYTE_PROLIFERATION,0,INACTIVE,"[{""term_id"":""GOBP_NEGATIVE_REGULATION_OF_LEUKOCYTE_PROLIFERATION"",""NES"":1.2564842617231733,""FDR"":0.2977272464819504,""leading_edge_n"":7,""qualified"":false}]"
primary_vs_sensitivity,I,I067,primary,0.5,1,GOBP_NEGATIVE_REGULATION_OF_MYELOID_LEUKOCYTE_DIFFERENTIATION,1,POSITIVE,"[{""term_id"":""GOBP_NEGATIVE_REGULATION_OF_MYELOID_LEUKOCYTE_DIFFERENTIATION"",""NES"":1.7408597991135175,""FDR"":0.0432478206629911,""leading_edge_n"":9,""qualified"":true}]"
primary_vs_sensitivity,I,I067,sensitivity,0.5,1,GOBP_NEGATIVE_REGULATION_OF_MYELOID_LEUKOCYTE_DIFFERENTIATION,0,INACTIVE,"[{""term_id"":""GOBP_NEGATIVE_REGULATION_OF_MYELOID_LEUKOCYTE_DIFFERENTIATION"",""NES"":1.6603647144054707,""FDR"":0.0676089554579936,""leading_edge_n"":9,""qualified"":false}]"
primary_vs_sensitivity,I,I068,primary,0.5,1,GOBP_NEGATIVE_REGULATION_OF_NATURAL_KILLER_CELL_MEDIATED_IMMUNITY,0,INACTIVE,"[{""term_id"":""GOBP_NEGATIVE_REGULATION_OF_NATURAL_KILLER_CELL_MEDIATED_IMMUNITY"",""NES"":-0.6344440452920609,""FDR"":1.0,""leading_edge_n"":3,""qualified"":false}]"
primary_vs_sensitivity,I,I068,sensitivity,0.5,1,GOBP_NEGATIVE_REGULATION_OF_NATURAL_KILLER_CELL_MEDIATED_IMMUNITY,0,INACTIVE,"[{""term_id"":""GOBP_NEGATIVE_REGULATION_OF_NATURAL_KILLER_CELL_MEDIATED_IMMUNITY"",""NES"":1.0756893682918591,""FDR"":0.4997939429687926,""leading_edge_n"":12,""qualified"":false}]"
primary_vs_sensitivity,I,I069,primary,0.5,1,GOBP_NEGATIVE_REGULATION_OF_PRODUCTION_OF_MOLECULAR_MEDIATOR_OF_IMMUNE_RESPONSE,0,INACTIVE,"[{""term_id"":""GOBP_NEGATIVE_REGULATION_OF_PRODUCTION_OF_MOLECULAR_MEDIATOR_OF_IMMUNE_RESPONSE"",""NES"":-0.6393535715907211,""FDR"":1.0,""leading_edge_n"":10,""qualified"":false}]"
primary_vs_sensitivity,I,I069,sensitivity,0.5,1,GOBP_NEGATIVE_REGULATION_OF_PRODUCTION_OF_MOLECULAR_MEDIATOR_OF_IMMUNE_RESPONSE,0,INACTIVE,"[{""term_id"":""GOBP_NEGATIVE_REGULATION_OF_PRODUCTION_OF_MOLECULAR_MEDIATOR_OF_IMMUNE_RESPONSE"",""NES"":-0.6750201250514557,""FDR"":0.9858985645510332,""leading_edge_n"":5,""qualified"":false}]"
primary_vs_sensitivity,I,I070,primary,0.5,2,GOBP_NEGATIVE_REGULATION_OF_RESPONSE_TO_CYTOKINE_STIMULUS;GOBP_REGULATION_OF_RESPONSE_TO_CYTOKINE_STIMULUS,0,INACTIVE,"[{""term_id"":""GOBP_NEGATIVE_REGULATION_OF_RESPONSE_TO_CYTOKINE_STIMULUS"",""NES"":1.1985631022290482,""FDR"":0.3461559471497651,""leading_edge_n"":22,""qualified"":false},{""term_id"":""GOBP_REGULATION_OF_RESPONSE_TO_CYTOKINE_STIMULUS"",""NES"":1.1126302354520932,""FDR"":0.4500894877057327,""leading_edge_n"":41,""qualified"":false}]"
primary_vs_sensitivity,I,I070,sensitivity,0.5,2,GOBP_NEGATIVE_REGULATION_OF_RESPONSE_TO_CYTOKINE_STIMULUS;GOBP_REGULATION_OF_RESPONSE_TO_CYTOKINE_STIMULUS,0,INACTIVE,"[{""term_id"":""GOBP_NEGATIVE_REGULATION_OF_RESPONSE_TO_CYTOKINE_STIMULUS"",""NES"":-0.990677097339874,""FDR"":0.7139372728946578,""leading_edge_n"":11,""qualified"":false},{""term_id"":""GOBP_REGULATION_OF_RESPONSE_TO_CYTOKINE_STIMULUS"",""NES"":-1.1118782383226895,""FDR"":0.5874620631061809,""leading_edge_n"":24,""qualified"":false}]"
primary_vs_sensitivity,I,I071,primary,0.5,1,GOBP_NEGATIVE_REGULATION_OF_TUMOR_NECROSIS_FACTOR_SUPERFAMILY_CYTOKINE_PRODUCTION,0,INACTIVE,"[{""term_id"":""GOBP_NEGATIVE_REGULATION_OF_TUMOR_NECROSIS_FACTOR_SUPERFAMILY_CYTOKINE_PRODUCTION"",""NES"":1.144372480142977,""FDR"":0.407175249449472,""leading_edge_n"":8,""qualified"":false}]"
primary_vs_sensitivity,I,I071,sensitivity,0.5,1,GOBP_NEGATIVE_REGULATION_OF_TUMOR_NECROSIS_FACTOR_SUPERFAMILY_CYTOKINE_PRODUCTION,0,INACTIVE,"[{""term_id"":""GOBP_NEGATIVE_REGULATION_OF_TUMOR_NECROSIS_FACTOR_SUPERFAMILY_CYTOKINE_PRODUCTION"",""NES"":1.103342498044734,""FDR"":0.4663354260415879,""leading_edge_n"":12,""qualified"":false}]"
primary_vs_sensitivity,I,I072,primary,0.5,1,GOBP_NEGATIVE_REGULATION_OF_TYPE_II_INTERFERON_PRODUCTION,0,INACTIVE,"[{""term_id"":""GOBP_NEGATIVE_REGULATION_OF_TYPE_II_INTERFERON_PRODUCTION"",""NES"":1.388729219081701,""FDR"":0.1874857902405701,""leading_edge_n"":6,""qualified"":false}]"
primary_vs_sensitivity,I,I072,sensitivity,0.5,1,GOBP_NEGATIVE_REGULATION_OF_TYPE_II_INTERFERON_PRODUCTION,0,INACTIVE,"[{""term_id"":""GOBP_NEGATIVE_REGULATION_OF_TYPE_II_INTERFERON_PRODUCTION"",""NES"":1.3122043451714926,""FDR"":0.2507522879229468,""leading_edge_n"":6,""qualified"":false}]"
primary_vs_sensitivity,I,I073,primary,0.5,1,GOBP_NEGATIVE_REGULATION_OF_TYPE_I_INTERFERON_PRODUCTION,0,INACTIVE,"[{""term_id"":""GOBP_NEGATIVE_REGULATION_OF_TYPE_I_INTERFERON_PRODUCTION"",""NES"":0.921201735851636,""FDR"":0.7347546124768217,""leading_edge_n"":13,""qualified"":false}]"
primary_vs_sensitivity,I,I073,sensitivity,0.5,1,GOBP_NEGATIVE_REGULATION_OF_TYPE_I_INTERFERON_PRODUCTION,0,INACTIVE,"[{""term_id"":""GOBP_NEGATIVE_REGULATION_OF_TYPE_I_INTERFERON_PRODUCTION"",""NES"":-0.8241020793732522,""FDR"":0.9095747181925044,""leading_edge_n"":13,""qualified"":false}]"
primary_vs_sensitivity,I,I074,primary,0.5,1,GOBP_NEGATIVE_REGULATION_OF_T_CELL_MEDIATED_IMMUNITY,0,INACTIVE,"[{""term_id"":""GOBP_NEGATIVE_REGULATION_OF_T_CELL_MEDIATED_IMMUNITY"",""NES"":0.7900006618063392,""FDR"":0.9024487445184888,""leading_edge_n"":4,""qualified"":false}]"
primary_vs_sensitivity,I,I074,sensitivity,0.5,1,GOBP_NEGATIVE_REGULATION_OF_T_CELL_MEDIATED_IMMUNITY,0,INACTIVE,"[{""term_id"":""GOBP_NEGATIVE_REGULATION_OF_T_CELL_MEDIATED_IMMUNITY"",""NES"":-0.8466184282819955,""FDR"":0.8944544099480742,""leading_edge_n"":5,""qualified"":false}]"
primary_vs_sensitivity,I,I075,primary,0.5,2,GOBP_NEUROINFLAMMATORY_RESPONSE;GOBP_REGULATION_OF_NEUROINFLAMMATORY_RESPONSE,0,INACTIVE,"[{""term_id"":""GOBP_NEUROINFLAMMATORY_RESPONSE"",""NES"":1.1910091957296531,""FDR"":0.3544388740369525,""leading_edge_n"":9,""qualified"":false},{""term_id"":""GOBP_REGULATION_OF_NEUROINFLAMMATORY_RESPONSE"",""NES"":1.098803692242909,""FDR"":0.4691204023871675,""leading_edge_n"":5,""qualified"":false}]"
primary_vs_sensitivity,I,I075,sensitivity,0.5,2,GOBP_NEUROINFLAMMATORY_RESPONSE;GOBP_REGULATION_OF_NEUROINFLAMMATORY_RESPONSE,0,INACTIVE,"[{""term_id"":""GOBP_NEUROINFLAMMATORY_RESPONSE"",""NES"":1.1009520307779423,""FDR"":0.4686015329566966,""leading_edge_n"":8,""qualified"":false},{""term_id"":""GOBP_REGULATION_OF_NEUROINFLAMMATORY_RESPONSE"",""NES"":-1.1066744633974637,""FDR"":0.5907521659631219,""leading_edge_n"":8,""qualified"":false}]"
primary_vs_sensitivity,I,I076,primary,0.5,2,GOBP_NEUTROPHIL_CHEMOTAXIS;GOBP_NEUTROPHIL_MIGRATION,0,INACTIVE,"[{""term_id"":""GOBP_NEUTROPHIL_CHEMOTAXIS"",""NES"":-0.9066261610923204,""FDR"":0.8486044126487551,""leading_edge_n"":13,""qualified"":false},{""term_id"":""GOBP_NEUTROPHIL_MIGRATION"",""NES"":-0.8990735070055905,""FDR"":0.8538360793919951,""leading_edge_n"":16,""qualified"":false}]"
primary_vs_sensitivity,I,I076,sensitivity,0.5,2,GOBP_NEUTROPHIL_CHEMOTAXIS;GOBP_NEUTROPHIL_MIGRATION,0,INACTIVE,"[{""term_id"":""GOBP_NEUTROPHIL_CHEMOTAXIS"",""NES"":-0.8558074325728294,""FDR"":0.8848466258293959,""leading_edge_n"":10,""qualified"":false},{""term_id"":""GOBP_NEUTROPHIL_MIGRATION"",""NES"":-0.9048477983818152,""FDR"":0.8270276210506656,""leading_edge_n"":13,""qualified"":false}]"
primary_vs_sensitivity,I,I077,primary,0.5,1,GOBP_NEUTROPHIL_MEDIATED_IMMUNITY,0,INACTIVE,"[{""term_id"":""GOBP_NEUTROPHIL_MEDIATED_IMMUNITY"",""NES"":1.0440102994231288,""FDR"":0.5460647031408986,""leading_edge_n"":13,""qualified"":false}]"
primary_vs_sensitivity,I,I077,sensitivity,0.5,1,GOBP_NEUTROPHIL_MEDIATED_IMMUNITY,0,INACTIVE,"[{""term_id"":""GOBP_NEUTROPHIL_MEDIATED_IMMUNITY"",""NES"":0.8905143749143604,""FDR"":0.7727099028394301,""leading_edge_n"":11,""qualified"":false}]"
primary_vs_sensitivity,I,I078,primary,0.5,1,GOBP_POSITIVE_REGULATION_OF_CYTOKINE_PRODUCTION,0,INACTIVE,"[{""term_id"":""GOBP_POSITIVE_REGULATION_OF_CYTOKINE_PRODUCTION"",""NES"":1.3126471116324412,""FDR"":0.2402393893989066,""leading_edge_n"":139,""qualified"":false}]"
primary_vs_sensitivity,I,I078,sensitivity,0.5,1,GOBP_POSITIVE_REGULATION_OF_CYTOKINE_PRODUCTION,0,INACTIVE,"[{""term_id"":""GOBP_POSITIVE_REGULATION_OF_CYTOKINE_PRODUCTION"",""NES"":1.3030704604098582,""FDR"":0.2581252131664981,""leading_edge_n"":94,""qualified"":false}]"
primary_vs_sensitivity,I,I079,primary,0.5,1,GOBP_POSITIVE_REGULATION_OF_CYTOKINE_PRODUCTION_INVOLVED_IN_INFLAMMATORY_RESPONSE,1,POSITIVE,"[{""term_id"":""GOBP_POSITIVE_REGULATION_OF_CYTOKINE_PRODUCTION_INVOLVED_IN_INFLAMMATORY_RESPONSE"",""NES"":1.781356305053157,""FDR"":0.0362861721802523,""leading_edge_n"":17,""qualified"":true}]"
primary_vs_sensitivity,I,I079,sensitivity,0.5,1,GOBP_POSITIVE_REGULATION_OF_CYTOKINE_PRODUCTION_INVOLVED_IN_INFLAMMATORY_RESPONSE,0,INACTIVE,"[{""term_id"":""GOBP_POSITIVE_REGULATION_OF_CYTOKINE_PRODUCTION_INVOLVED_IN_INFLAMMATORY_RESPONSE"",""NES"":1.6653559865404162,""FDR"":0.06653594562331,""leading_edge_n"":8,""qualified"":false}]"
primary_vs_sensitivity,I,I080,primary,0.5,1,GOBP_POSITIVE_REGULATION_OF_INFLAMMATORY_RESPONSE,0,INACTIVE,"[{""term_id"":""GOBP_POSITIVE_REGULATION_OF_INFLAMMATORY_RESPONSE"",""NES"":1.34857437000367,""FDR"":0.2137730676551883,""leading_edge_n"":23,""qualified"":false}]"
primary_vs_sensitivity,I,I080,sensitivity,0.5,1,GOBP_POSITIVE_REGULATION_OF_INFLAMMATORY_RESPONSE,0,INACTIVE,"[{""term_id"":""GOBP_POSITIVE_REGULATION_OF_INFLAMMATORY_RESPONSE"",""NES"":1.3968333197256873,""FDR"":0.1876751431262677,""leading_edge_n"":28,""qualified"":false}]"
primary_vs_sensitivity,I,I081,primary,0.5,1,GOBP_POSITIVE_REGULATION_OF_LEUKOCYTE_APOPTOTIC_PROCESS,0,INACTIVE,"[{""term_id"":""GOBP_POSITIVE_REGULATION_OF_LEUKOCYTE_APOPTOTIC_PROCESS"",""NES"":0.962688078509828,""FDR"":0.6689867277211453,""leading_edge_n"":4,""qualified"":false}]"
primary_vs_sensitivity,I,I081,sensitivity,0.5,1,GOBP_POSITIVE_REGULATION_OF_LEUKOCYTE_APOPTOTIC_PROCESS,0,INACTIVE,"[{""term_id"":""GOBP_POSITIVE_REGULATION_OF_LEUKOCYTE_APOPTOTIC_PROCESS"",""NES"":0.977101018660965,""FDR"":0.639159428984298,""leading_edge_n"":4,""qualified"":false}]"
primary_vs_sensitivity,I,I082,primary,0.5,1,GOBP_POSITIVE_REGULATION_OF_MACROPHAGE_ACTIVATION,0,INACTIVE,"[{""term_id"":""GOBP_POSITIVE_REGULATION_OF_MACROPHAGE_ACTIVATION"",""NES"":1.410226442114777,""FDR"":0.1719871481593764,""leading_edge_n"":4,""qualified"":false}]"
primary_vs_sensitivity,I,I082,sensitivity,0.5,1,GOBP_POSITIVE_REGULATION_OF_MACROPHAGE_ACTIVATION,0,INACTIVE,"[{""term_id"":""GOBP_POSITIVE_REGULATION_OF_MACROPHAGE_ACTIVATION"",""NES"":1.358277553604469,""FDR"":0.2163805726264989,""leading_edge_n"":4,""qualified"":false}]"
primary_vs_sensitivity,I,I083,primary,0.5,1,GOBP_POSITIVE_REGULATION_OF_MYELOID_LEUKOCYTE_DIFFERENTIATION,0,INACTIVE,"[{""term_id"":""GOBP_POSITIVE_REGULATION_OF_MYELOID_LEUKOCYTE_DIFFERENTIATION"",""NES"":1.6254831660416198,""FDR"":0.0750094589363496,""leading_edge_n"":7,""qualified"":false}]"
primary_vs_sensitivity,I,I083,sensitivity,0.5,1,GOBP_POSITIVE_REGULATION_OF_MYELOID_LEUKOCYTE_DIFFERENTIATION,0,INACTIVE,"[{""term_id"":""GOBP_POSITIVE_REGULATION_OF_MYELOID_LEUKOCYTE_DIFFERENTIATION"",""NES"":1.5728974663698665,""FDR"":0.0993649508233817,""leading_edge_n"":12,""qualified"":false}]"
primary_vs_sensitivity,I,I084,primary,0.5,3,GOBP_POSITIVE_REGULATION_OF_NEUTROPHIL_MIGRATION;GOBP_REGULATION_OF_NEUTROPHIL_CHEMOTAXIS;GOBP_REGULATION_OF_NEUTROPHIL_MIGRATION,0,INACTIVE,"[{""term_id"":""GOBP_POSITIVE_REGULATION_OF_NEUTROPHIL_MIGRATION"",""NES"":0.9376619279078658,""FDR"":0.7085476804772153,""leading_edge_n"":3,""qualified"":false},{""term_id"":""GOBP_REGULATION_OF_NEUTROPHIL_CHEMOTAXIS"",""NES"":-0.8196325212902358,""FDR"":0.9310814831290772,""leading_edge_n"":7,""qualified"":false},{""term_id"":""GOBP_REGULATION_OF_NEUTROPHIL_MIGRATION"",""NES"":-0.8120464651144281,""FDR"":0.9391036188771216,""leading_edge_n"":9,""qualified"":false}]"
primary_vs_sensitivity,I,I084,sensitivity,0.5,3,GOBP_POSITIVE_REGULATION_OF_NEUTROPHIL_MIGRATION;GOBP_REGULATION_OF_NEUTROPHIL_CHEMOTAXIS;GOBP_REGULATION_OF_NEUTROPHIL_MIGRATION,0,INACTIVE,"[{""term_id"":""GOBP_POSITIVE_REGULATION_OF_NEUTROPHIL_MIGRATION"",""NES"":-0.9557258459528332,""FDR"":0.770640078780318,""leading_edge_n"":7,""qualified"":false},{""term_id"":""GOBP_REGULATION_OF_NEUTROPHIL_CHEMOTAXIS"",""NES"":-0.9327742346745748,""FDR"":0.7940099441011047,""leading_edge_n"":6,""qualified"":false},{""term_id"":""GOBP_REGULATION_OF_NEUTROPHIL_MIGRATION"",""NES"":-0.9077468477842644,""FDR"":0.8230849626722014,""leading_edge_n"":8,""qualified"":false}]"
primary_vs_sensitivity,I,I085,primary,0.5,1,GOBP_POSITIVE_REGULATION_OF_RESPONSE_TO_CYTOKINE_STIMULUS,0,INACTIVE,"[{""term_id"":""GOBP_POSITIVE_REGULATION_OF_RESPONSE_TO_CYTOKINE_STIMULUS"",""NES"":-1.0271645874725015,""FDR"":0.6909319018180856,""leading_edge_n"":8,""qualified"":false}]"
primary_vs_sensitivity,I,I085,sensitivity,0.5,1,GOBP_POSITIVE_REGULATION_OF_RESPONSE_TO_CYTOKINE_STIMULUS,0,INACTIVE,"[{""term_id"":""GOBP_POSITIVE_REGULATION_OF_RESPONSE_TO_CYTOKINE_STIMULUS"",""NES"":-0.954148132813946,""FDR"":0.7738326733766254,""leading_edge_n"":10,""qualified"":false}]"
primary_vs_sensitivity,I,I086,primary,0.5,2,GOBP_POSITIVE_REGULATION_OF_TUMOR_NECROSIS_FACTOR_SUPERFAMILY_CYTOKINE_PRODUCTION;GOBP_TUMOR_NECROSIS_FACTOR_SUPERFAMILY_CYTOKINE_PRODUCTION,0,INACTIVE,"[{""term_id"":""GOBP_POSITIVE_REGULATION_OF_TUMOR_NECROSIS_FACTOR_SUPERFAMILY_CYTOKINE_PRODUCTION"",""NES"":1.2259866097116758,""FDR"":0.3190911727913997,""leading_edge_n"":30,""qualified"":false},{""term_id"":""GOBP_TUMOR_NECROSIS_FACTOR_SUPERFAMILY_CYTOKINE_PRODUCTION"",""NES"":1.1645701682710223,""FDR"":0.3819129882112596,""leading_edge_n"":43,""qualified"":false}]"
primary_vs_sensitivity,I,I086,sensitivity,0.5,2,GOBP_POSITIVE_REGULATION_OF_TUMOR_NECROSIS_FACTOR_SUPERFAMILY_CYTOKINE_PRODUCTION;GOBP_TUMOR_NECROSIS_FACTOR_SUPERFAMILY_CYTOKINE_PRODUCTION,0,INACTIVE,"[{""term_id"":""GOBP_POSITIVE_REGULATION_OF_TUMOR_NECROSIS_FACTOR_SUPERFAMILY_CYTOKINE_PRODUCTION"",""NES"":1.2770395014892597,""FDR"":0.2809801479697074,""leading_edge_n"":43,""qualified"":false},{""term_id"":""GOBP_TUMOR_NECROSIS_FACTOR_SUPERFAMILY_CYTOKINE_PRODUCTION"",""NES"":1.12599485731487,""FDR"":0.4376321358289401,""leading_edge_n"":60,""qualified"":false}]"
primary_vs_sensitivity,I,I087,primary,0.5,2,GOBP_POSITIVE_REGULATION_OF_TYPE_II_INTERFERON_PRODUCTION;GOBP_TYPE_II_INTERFERON_PRODUCTION,0,INACTIVE,"[{""term_id"":""GOBP_POSITIVE_REGULATION_OF_TYPE_II_INTERFERON_PRODUCTION"",""NES"":1.1203953479660351,""FDR"":0.4384144377923474,""leading_edge_n"":27,""qualified"":false},{""term_id"":""GOBP_TYPE_II_INTERFERON_PRODUCTION"",""NES"":1.0780494252376256,""FDR"":0.4958037350960055,""leading_edge_n"":34,""qualified"":false}]"
primary_vs_sensitivity,I,I087,sensitivity,0.5,2,GOBP_POSITIVE_REGULATION_OF_TYPE_II_INTERFERON_PRODUCTION;GOBP_TYPE_II_INTERFERON_PRODUCTION,0,INACTIVE,"[{""term_id"":""GOBP_POSITIVE_REGULATION_OF_TYPE_II_INTERFERON_PRODUCTION"",""NES"":1.2136995516733764,""FDR"":0.3384855715082102,""leading_edge_n"":33,""qualified"":false},{""term_id"":""GOBP_TYPE_II_INTERFERON_PRODUCTION"",""NES"":1.1795015620433775,""FDR"":0.3765031580002064,""leading_edge_n"":41,""qualified"":false}]"
primary_vs_sensitivity,I,I088,primary,0.5,1,GOBP_POSITIVE_REGULATION_OF_TYPE_I_INTERFERON_MEDIATED_SIGNALING_PATHWAY,0,INACTIVE,"[{""term_id"":""GOBP_POSITIVE_REGULATION_OF_TYPE_I_INTERFERON_MEDIATED_SIGNALING_PATHWAY"",""NES"":0.486604883604767,""FDR"":0.9980254283056228,""leading_edge_n"":4,""qualified"":false}]"
primary_vs_sensitivity,I,I088,sensitivity,0.5,1,GOBP_POSITIVE_REGULATION_OF_TYPE_I_INTERFERON_MEDIATED_SIGNALING_PATHWAY,0,INACTIVE,"[{""term_id"":""GOBP_POSITIVE_REGULATION_OF_TYPE_I_INTERFERON_MEDIATED_SIGNALING_PATHWAY"",""NES"":0.6328120316025597,""FDR"":0.9848811496862502,""leading_edge_n"":4,""qualified"":false}]"
primary_vs_sensitivity,I,I089,primary,0.5,2,GOBP_POSITIVE_REGULATION_OF_T_CELL_CYTOKINE_PRODUCTION;GOBP_T_CELL_CYTOKINE_PRODUCTION,0,INACTIVE,"[{""term_id"":""GOBP_POSITIVE_REGULATION_OF_T_CELL_CYTOKINE_PRODUCTION"",""NES"":1.1196673563891686,""FDR"":0.4391171856224892,""leading_edge_n"":7,""qualified"":false},{""term_id"":""GOBP_T_CELL_CYTOKINE_PRODUCTION"",""NES"":1.0253928433969348,""FDR"":0.5732114847877672,""leading_edge_n"":8,""qualified"":false}]"
primary_vs_sensitivity,I,I089,sensitivity,0.5,2,GOBP_POSITIVE_REGULATION_OF_T_CELL_CYTOKINE_PRODUCTION;GOBP_T_CELL_CYTOKINE_PRODUCTION,0,INACTIVE,"[{""term_id"":""GOBP_POSITIVE_REGULATION_OF_T_CELL_CYTOKINE_PRODUCTION"",""NES"":1.097159719735871,""FDR"":0.4735245599523731,""leading_edge_n"":8,""qualified"":false},{""term_id"":""GOBP_T_CELL_CYTOKINE_PRODUCTION"",""NES"":1.0404326119910925,""FDR"":0.5458112067492993,""leading_edge_n"":9,""qualified"":false}]"
primary_vs_sensitivity,I,I090,primary,0.5,1,GOBP_PYROPTOTIC_INFLAMMATORY_RESPONSE,0,INACTIVE,"[{""term_id"":""GOBP_PYROPTOTIC_INFLAMMATORY_RESPONSE"",""NES"":1.1902076114641629,""FDR"":0.3549381276016394,""leading_edge_n"":10,""qualified"":false}]"
primary_vs_sensitivity,I,I090,sensitivity,0.5,1,GOBP_PYROPTOTIC_INFLAMMATORY_RESPONSE,0,INACTIVE,"[{""term_id"":""GOBP_PYROPTOTIC_INFLAMMATORY_RESPONSE"",""NES"":1.063436805391884,""FDR"":0.5179603116607814,""leading_edge_n"":11,""qualified"":false}]"
primary_vs_sensitivity,I,I091,primary,0.5,1,GOBP_REGULATION_OF_ACUTE_INFLAMMATORY_RESPONSE,0,INACTIVE,"[{""term_id"":""GOBP_REGULATION_OF_ACUTE_INFLAMMATORY_RESPONSE"",""NES"":0.9971897947794268,""FDR"":0.6148381277614962,""leading_edge_n"":4,""qualified"":false}]"
primary_vs_sensitivity,I,I091,sensitivity,0.5,1,GOBP_REGULATION_OF_ACUTE_INFLAMMATORY_RESPONSE,0,INACTIVE,"[{""term_id"":""GOBP_REGULATION_OF_ACUTE_INFLAMMATORY_RESPONSE"",""NES"":1.0528731799977462,""FDR"":0.5304128242400848,""leading_edge_n"":4,""qualified"":false}]"
primary_vs_sensitivity,I,I092,primary,0.5,1,GOBP_REGULATION_OF_HUMORAL_IMMUNE_RESPONSE,0,INACTIVE,"[{""term_id"":""GOBP_REGULATION_OF_HUMORAL_IMMUNE_RESPONSE"",""NES"":0.8692132233624622,""FDR"":0.8066362365754819,""leading_edge_n"":3,""qualified"":false}]"
primary_vs_sensitivity,I,I092,sensitivity,0.5,1,GOBP_REGULATION_OF_HUMORAL_IMMUNE_RESPONSE,0,INACTIVE,"[{""term_id"":""GOBP_REGULATION_OF_HUMORAL_IMMUNE_RESPONSE"",""NES"":0.8223634429661862,""FDR"":0.8594682198873188,""leading_edge_n"":3,""qualified"":false}]"
primary_vs_sensitivity,I,I093,primary,0.5,1,GOBP_REGULATION_OF_INFLAMMATORY_RESPONSE,0,INACTIVE,"[{""term_id"":""GOBP_REGULATION_OF_INFLAMMATORY_RESPONSE"",""NES"":1.33457786459396,""FDR"":0.2238047569535079,""leading_edge_n"":76,""qualified"":false}]"
primary_vs_sensitivity,I,I093,sensitivity,0.5,1,GOBP_REGULATION_OF_INFLAMMATORY_RESPONSE,0,INACTIVE,"[{""term_id"":""GOBP_REGULATION_OF_INFLAMMATORY_RESPONSE"",""NES"":1.27850202934236,""FDR"":0.2796213921119824,""leading_edge_n"":68,""qualified"":false}]"
primary_vs_sensitivity,I,I094,primary,0.5,1,GOBP_REGULATION_OF_LEUKOCYTE_DIFFERENTIATION,0,INACTIVE,"[{""term_id"":""GOBP_REGULATION_OF_LEUKOCYTE_DIFFERENTIATION"",""NES"":1.5546405881804892,""FDR"":0.1002752066138763,""leading_edge_n"":81,""qualified"":false}]"
primary_vs_sensitivity,I,I094,sensitivity,0.5,1,GOBP_REGULATION_OF_LEUKOCYTE_DIFFERENTIATION,0,INACTIVE,"[{""term_id"":""GOBP_REGULATION_OF_LEUKOCYTE_DIFFERENTIATION"",""NES"":1.5958025999959218,""FDR"":0.0897260494301943,""leading_edge_n"":66,""qualified"":false}]"
primary_vs_sensitivity,I,I095,primary,0.5,1,GOBP_REGULATION_OF_MACROPHAGE_DERIVED_FOAM_CELL_DIFFERENTIATION,0,INACTIVE,"[{""term_id"":""GOBP_REGULATION_OF_MACROPHAGE_DERIVED_FOAM_CELL_DIFFERENTIATION"",""NES"":-1.6621332828952724,""FDR"":0.1286055377420669,""leading_edge_n"":4,""qualified"":false}]"
primary_vs_sensitivity,I,I095,sensitivity,0.5,1,GOBP_REGULATION_OF_MACROPHAGE_DERIVED_FOAM_CELL_DIFFERENTIATION,0,INACTIVE,"[{""term_id"":""GOBP_REGULATION_OF_MACROPHAGE_DERIVED_FOAM_CELL_DIFFERENTIATION"",""NES"":-1.675309583252259,""FDR"":0.1096139574445465,""leading_edge_n"":4,""qualified"":false}]"
primary_vs_sensitivity,I,I096,primary,0.5,1,GOBP_REGULATION_OF_MACROPHAGE_DIFFERENTIATION,1,POSITIVE,"[{""term_id"":""GOBP_REGULATION_OF_MACROPHAGE_DIFFERENTIATION"",""NES"":1.948686216740416,""FDR"":0.0143483608597714,""leading_edge_n"":7,""qualified"":true}]"
primary_vs_sensitivity,I,I096,sensitivity,0.5,1,GOBP_REGULATION_OF_MACROPHAGE_DIFFERENTIATION,1,POSITIVE,"[{""term_id"":""GOBP_REGULATION_OF_MACROPHAGE_DIFFERENTIATION"",""NES"":1.9848509510015704,""FDR"":0.0104826236200084,""leading_edge_n"":9,""qualified"":true}]"
primary_vs_sensitivity,I,I097,primary,0.5,1,GOBP_REGULATION_OF_MYELOID_LEUKOCYTE_DIFFERENTIATION,1,POSITIVE,"[{""term_id"":""GOBP_REGULATION_OF_MYELOID_LEUKOCYTE_DIFFERENTIATION"",""NES"":1.7333820570662746,""FDR"":0.0453315120277281,""leading_edge_n"":15,""qualified"":true}]"
primary_vs_sensitivity,I,I097,sensitivity,0.5,1,GOBP_REGULATION_OF_MYELOID_LEUKOCYTE_DIFFERENTIATION,1,POSITIVE,"[{""term_id"":""GOBP_REGULATION_OF_MYELOID_LEUKOCYTE_DIFFERENTIATION"",""NES"":1.7363787070528915,""FDR"":0.0468628883657588,""leading_edge_n"":14,""qualified"":true}]"
primary_vs_sensitivity,I,I098,primary,0.5,1,GOBP_REGULATION_OF_TOLL_LIKE_RECEPTOR_4_SIGNALING_PATHWAY,0,INACTIVE,"[{""term_id"":""GOBP_REGULATION_OF_TOLL_LIKE_RECEPTOR_4_SIGNALING_PATHWAY"",""NES"":-0.7859588647376288,""FDR"":0.957370171461067,""leading_edge_n"":7,""qualified"":false}]"
primary_vs_sensitivity,I,I098,sensitivity,0.5,1,GOBP_REGULATION_OF_TOLL_LIKE_RECEPTOR_4_SIGNALING_PATHWAY,0,INACTIVE,"[{""term_id"":""GOBP_REGULATION_OF_TOLL_LIKE_RECEPTOR_4_SIGNALING_PATHWAY"",""NES"":-0.7426301174408589,""FDR"":0.9640032909284348,""leading_edge_n"":2,""qualified"":false}]"
primary_vs_sensitivity,I,I099,primary,0.5,1,GOBP_REGULATION_OF_TOLL_LIKE_RECEPTOR_SIGNALING_PATHWAY,0,INACTIVE,"[{""term_id"":""GOBP_REGULATION_OF_TOLL_LIKE_RECEPTOR_SIGNALING_PATHWAY"",""NES"":1.0640898302752078,""FDR"":0.5166211611015576,""leading_edge_n"":9,""qualified"":false}]"
primary_vs_sensitivity,I,I099,sensitivity,0.5,1,GOBP_REGULATION_OF_TOLL_LIKE_RECEPTOR_SIGNALING_PATHWAY,0,INACTIVE,"[{""term_id"":""GOBP_REGULATION_OF_TOLL_LIKE_RECEPTOR_SIGNALING_PATHWAY"",""NES"":1.0432120479332958,""FDR"":0.5418993994207781,""leading_edge_n"":10,""qualified"":false}]"
primary_vs_sensitivity,I,I100,primary,0.5,2,GOBP_REGULATION_OF_TYPE_2_IMMUNE_RESPONSE;GOBP_TYPE_2_IMMUNE_RESPONSE,0,INACTIVE,"[{""term_id"":""GOBP_REGULATION_OF_TYPE_2_IMMUNE_RESPONSE"",""NES"":1.2492824880992672,""FDR"":0.2970233657899657,""leading_edge_n"":6,""qualified"":false},{""term_id"":""GOBP_TYPE_2_IMMUNE_RESPONSE"",""NES"":1.4636488493708526,""FDR"":0.1435890553781926,""leading_edge_n"":10,""qualified"":false}]"
primary_vs_sensitivity,I,I100,sensitivity,0.5,2,GOBP_REGULATION_OF_TYPE_2_IMMUNE_RESPONSE;GOBP_TYPE_2_IMMUNE_RESPONSE,0,INACTIVE,"[{""term_id"":""GOBP_REGULATION_OF_TYPE_2_IMMUNE_RESPONSE"",""NES"":0.9695385815292802,""FDR"":0.6501914965110006,""leading_edge_n"":5,""qualified"":false},{""term_id"":""GOBP_TYPE_2_IMMUNE_RESPONSE"",""NES"":1.1755167451060766,""FDR"":0.3797649103170272,""leading_edge_n"":10,""qualified"":false}]"
primary_vs_sensitivity,I,I101,primary,0.5,1,GOBP_REGULATION_OF_T_HELPER_17_TYPE_IMMUNE_RESPONSE,0,INACTIVE,"[{""term_id"":""GOBP_REGULATION_OF_T_HELPER_17_TYPE_IMMUNE_RESPONSE"",""NES"":1.6441225197684854,""FDR"":0.0687567071180246,""leading_edge_n"":16,""qualified"":false}]"
primary_vs_sensitivity,I,I101,sensitivity,0.5,1,GOBP_REGULATION_OF_T_HELPER_17_TYPE_IMMUNE_RESPONSE,0,INACTIVE,"[{""term_id"":""GOBP_REGULATION_OF_T_HELPER_17_TYPE_IMMUNE_RESPONSE"",""NES"":1.5268413033627912,""FDR"":0.1165291964045936,""leading_edge_n"":15,""qualified"":false}]"
primary_vs_sensitivity,I,I102,primary,0.5,2,GOBP_REGULATION_OF_T_HELPER_1_TYPE_IMMUNE_RESPONSE;GOBP_T_HELPER_1_TYPE_IMMUNE_RESPONSE,0,INACTIVE,"[{""term_id"":""GOBP_REGULATION_OF_T_HELPER_1_TYPE_IMMUNE_RESPONSE"",""NES"":1.3073569926859008,""FDR"":0.2435858188939436,""leading_edge_n"":5,""qualified"":false},{""term_id"":""GOBP_T_HELPER_1_TYPE_IMMUNE_RESPONSE"",""NES"":1.5019526778793624,""FDR"":0.1227649219745997,""leading_edge_n"":21,""qualified"":false}]"
primary_vs_sensitivity,I,I102,sensitivity,0.5,2,GOBP_REGULATION_OF_T_HELPER_1_TYPE_IMMUNE_RESPONSE;GOBP_T_HELPER_1_TYPE_IMMUNE_RESPONSE,0,INACTIVE,"[{""term_id"":""GOBP_REGULATION_OF_T_HELPER_1_TYPE_IMMUNE_RESPONSE"",""NES"":1.2861765234486957,""FDR"":0.2733261149858652,""leading_edge_n"":9,""qualified"":false},{""term_id"":""GOBP_T_HELPER_1_TYPE_IMMUNE_RESPONSE"",""NES"":1.5377996298966594,""FDR"":0.1114238124024809,""leading_edge_n"":26,""qualified"":false}]"
primary_vs_sensitivity,I,I103,primary,0.5,1,GOBP_RESPONSE_TO_INTERFERON_ALPHA,1,POSITIVE,"[{""term_id"":""GOBP_RESPONSE_TO_INTERFERON_ALPHA"",""NES"":2.029331643579725,""FDR"":0.0082357303632209,""leading_edge_n"":10,""qualified"":true}]"
primary_vs_sensitivity,I,I103,sensitivity,0.5,1,GOBP_RESPONSE_TO_INTERFERON_ALPHA,1,POSITIVE,"[{""term_id"":""GOBP_RESPONSE_TO_INTERFERON_ALPHA"",""NES"":1.917685896393134,""FDR"":0.0154415032639461,""leading_edge_n"":10,""qualified"":true}]"
primary_vs_sensitivity,I,I104,primary,0.5,1,GOBP_RESPONSE_TO_INTERLEUKIN_17,1,POSITIVE,"[{""term_id"":""GOBP_RESPONSE_TO_INTERLEUKIN_17"",""NES"":1.864539524285663,""FDR"":0.0224160163583831,""leading_edge_n"":6,""qualified"":true}]"
primary_vs_sensitivity,I,I104,sensitivity,0.5,1,GOBP_RESPONSE_TO_INTERLEUKIN_17,1,POSITIVE,"[{""term_id"":""GOBP_RESPONSE_TO_INTERLEUKIN_17"",""NES"":1.797262662087117,""FDR"":0.0335453346768486,""leading_edge_n"":6,""qualified"":true}]"
primary_vs_sensitivity,I,I105,primary,0.5,1,GOBP_RESPONSE_TO_INTERLEUKIN_4,0,INACTIVE,"[{""term_id"":""GOBP_RESPONSE_TO_INTERLEUKIN_4"",""NES"":-1.1960788417695916,""FDR"":0.520952454837513,""leading_edge_n"":7,""qualified"":false}]"
primary_vs_sensitivity,I,I105,sensitivity,0.5,1,GOBP_RESPONSE_TO_INTERLEUKIN_4,0,INACTIVE,"[{""term_id"":""GOBP_RESPONSE_TO_INTERLEUKIN_4"",""NES"":-1.1936492901007656,""FDR"":0.5014045764422601,""leading_edge_n"":9,""qualified"":false}]"
primary_vs_sensitivity,I,I106,primary,0.5,1,GOBP_RESPONSE_TO_INTERLEUKIN_7,0,INACTIVE,"[{""term_id"":""GOBP_RESPONSE_TO_INTERLEUKIN_7"",""NES"":1.3618781323844964,""FDR"":0.2042299761678859,""leading_edge_n"":5,""qualified"":false}]"
primary_vs_sensitivity,I,I106,sensitivity,0.5,1,GOBP_RESPONSE_TO_INTERLEUKIN_7,0,INACTIVE,"[{""term_id"":""GOBP_RESPONSE_TO_INTERLEUKIN_7"",""NES"":1.1957743823792042,""FDR"":0.3590456269167817,""leading_edge_n"":6,""qualified"":false}]"
primary_vs_sensitivity,I,I107,primary,0.5,1,GOBP_SOMATIC_DIVERSIFICATION_OF_IMMUNE_RECEPTORS_VIA_SOMATIC_MUTATION,0,INACTIVE,"[{""term_id"":""GOBP_SOMATIC_DIVERSIFICATION_OF_IMMUNE_RECEPTORS_VIA_SOMATIC_MUTATION"",""NES"":-1.1626302967808626,""FDR"":0.5579136707631746,""leading_edge_n"":6,""qualified"":false}]"
primary_vs_sensitivity,I,I107,sensitivity,0.5,1,GOBP_SOMATIC_DIVERSIFICATION_OF_IMMUNE_RECEPTORS_VIA_SOMATIC_MUTATION,0,INACTIVE,"[{""term_id"":""GOBP_SOMATIC_DIVERSIFICATION_OF_IMMUNE_RECEPTORS_VIA_SOMATIC_MUTATION"",""NES"":-1.1495051550198288,""FDR"":0.5439542097818881,""leading_edge_n"":7,""qualified"":false}]"
primary_vs_sensitivity,I,I108,primary,0.5,1,GOBP_TOLL_LIKE_RECEPTOR_SIGNALING_PATHWAY,0,INACTIVE,"[{""term_id"":""GOBP_TOLL_LIKE_RECEPTOR_SIGNALING_PATHWAY"",""NES"":1.3494774236518876,""FDR"":0.213390227034067,""leading_edge_n"":24,""qualified"":false}]"
primary_vs_sensitivity,I,I108,sensitivity,0.5,1,GOBP_TOLL_LIKE_RECEPTOR_SIGNALING_PATHWAY,0,INACTIVE,"[{""term_id"":""GOBP_TOLL_LIKE_RECEPTOR_SIGNALING_PATHWAY"",""NES"":1.2716775007319194,""FDR"":0.2858124686239931,""leading_edge_n"":32,""qualified"":false}]"
primary_vs_sensitivity,I,I109,primary,0.5,1,GOBP_TYPE_II_INTERFERON_MEDIATED_SIGNALING_PATHWAY,0,INACTIVE,"[{""term_id"":""GOBP_TYPE_II_INTERFERON_MEDIATED_SIGNALING_PATHWAY"",""NES"":1.0424844423251007,""FDR"":0.5477127641948839,""leading_edge_n"":8,""qualified"":false}]"
primary_vs_sensitivity,I,I109,sensitivity,0.5,1,GOBP_TYPE_II_INTERFERON_MEDIATED_SIGNALING_PATHWAY,0,INACTIVE,"[{""term_id"":""GOBP_TYPE_II_INTERFERON_MEDIATED_SIGNALING_PATHWAY"",""NES"":-0.9790669358313828,""FDR"":0.7336071988028064,""leading_edge_n"":2,""qualified"":false}]"
primary_vs_sensitivity,I,I110,primary,0.5,1,GOBP_T_HELPER_17_TYPE_IMMUNE_RESPONSE,1,POSITIVE,"[{""term_id"":""GOBP_T_HELPER_17_TYPE_IMMUNE_RESPONSE"",""NES"":1.9168353529146125,""FDR"":0.0176005349909253,""leading_edge_n"":34,""qualified"":true}]"
primary_vs_sensitivity,I,I110,sensitivity,0.5,1,GOBP_T_HELPER_17_TYPE_IMMUNE_RESPONSE,1,POSITIVE,"[{""term_id"":""GOBP_T_HELPER_17_TYPE_IMMUNE_RESPONSE"",""NES"":1.790386855281408,""FDR"":0.0348895665891274,""leading_edge_n"":36,""qualified"":true}]"
primary_vs_sensitivity,I,I111,primary,0.5,1,HALLMARK_ALLOGRAFT_REJECTION,1,POSITIVE,"[{""term_id"":""HALLMARK_ALLOGRAFT_REJECTION"",""NES"":1.7434754922204092,""FDR"":0.0434923935893312,""leading_edge_n"":41,""qualified"":true}]"
primary_vs_sensitivity,I,I111,sensitivity,0.5,1,HALLMARK_ALLOGRAFT_REJECTION,1,POSITIVE,"[{""term_id"":""HALLMARK_ALLOGRAFT_REJECTION"",""NES"":1.7633848544866328,""FDR"":0.0418982639408252,""leading_edge_n"":38,""qualified"":true}]"
primary_vs_sensitivity,I,I112,primary,0.5,1,HALLMARK_COMPLEMENT,0,INACTIVE,"[{""term_id"":""HALLMARK_COMPLEMENT"",""NES"":1.2235779392632808,""FDR"":0.3208679093142805,""leading_edge_n"":37,""qualified"":false}]"
primary_vs_sensitivity,I,I112,sensitivity,0.5,1,HALLMARK_COMPLEMENT,0,INACTIVE,"[{""term_id"":""HALLMARK_COMPLEMENT"",""NES"":1.0779652445578274,""FDR"":0.4962759433986556,""leading_edge_n"":37,""qualified"":false}]"
primary_vs_sensitivity,I,I113,primary,0.5,1,HALLMARK_IL2_STAT5_SIGNALING,0,INACTIVE,"[{""term_id"":""HALLMARK_IL2_STAT5_SIGNALING"",""NES"":1.6239880394737496,""FDR"":0.0751388070067848,""leading_edge_n"":34,""qualified"":false}]"
primary_vs_sensitivity,I,I113,sensitivity,0.5,1,HALLMARK_IL2_STAT5_SIGNALING,0,INACTIVE,"[{""term_id"":""HALLMARK_IL2_STAT5_SIGNALING"",""NES"":1.5216623028024292,""FDR"":0.118867074683113,""leading_edge_n"":39,""qualified"":false}]"
primary_vs_sensitivity,I,I114,primary,0.5,1,HALLMARK_IL6_JAK_STAT3_SIGNALING,1,POSITIVE,"[{""term_id"":""HALLMARK_IL6_JAK_STAT3_SIGNALING"",""NES"":1.7893621649248577,""FDR"":0.0346482465675773,""leading_edge_n"":27,""qualified"":true}]"
primary_vs_sensitivity,I,I114,sensitivity,0.5,1,HALLMARK_IL6_JAK_STAT3_SIGNALING,1,POSITIVE,"[{""term_id"":""HALLMARK_IL6_JAK_STAT3_SIGNALING"",""NES"":1.8026124360468967,""FDR"":0.032955331552263,""leading_edge_n"":26,""qualified"":true}]"
primary_vs_sensitivity,I,I115,primary,0.5,1,HALLMARK_INFLAMMATORY_RESPONSE,1,POSITIVE,"[{""term_id"":""HALLMARK_INFLAMMATORY_RESPONSE"",""NES"":2.0832142130459093,""FDR"":0.0056011117776023,""leading_edge_n"":45,""qualified"":true}]"
primary_vs_sensitivity,I,I115,sensitivity,0.5,1,HALLMARK_INFLAMMATORY_RESPONSE,1,POSITIVE,"[{""term_id"":""HALLMARK_INFLAMMATORY_RESPONSE"",""NES"":2.0412198653285336,""FDR"":0.0067646998989305,""leading_edge_n"":47,""qualified"":true}]"
primary_vs_sensitivity,I,I116,primary,0.5,1,HALLMARK_INTERFERON_ALPHA_RESPONSE,1,POSITIVE,"[{""term_id"":""HALLMARK_INTERFERON_ALPHA_RESPONSE"",""NES"":1.9155802179697283,""FDR"":0.0173818620765855,""leading_edge_n"":48,""qualified"":true}]"
primary_vs_sensitivity,I,I116,sensitivity,0.5,1,HALLMARK_INTERFERON_ALPHA_RESPONSE,1,POSITIVE,"[{""term_id"":""HALLMARK_INTERFERON_ALPHA_RESPONSE"",""NES"":1.8313342302092832,""FDR"":0.0277245283773518,""leading_edge_n"":47,""qualified"":true}]"
primary_vs_sensitivity,I,I117,primary,0.5,1,HALLMARK_INTERFERON_GAMMA_RESPONSE,1,POSITIVE,"[{""term_id"":""HALLMARK_INTERFERON_GAMMA_RESPONSE"",""NES"":2.3092242493680426,""FDR"":0.0,""leading_edge_n"":87,""qualified"":true}]"
primary_vs_sensitivity,I,I117,sensitivity,0.5,1,HALLMARK_INTERFERON_GAMMA_RESPONSE,1,POSITIVE,"[{""term_id"":""HALLMARK_INTERFERON_GAMMA_RESPONSE"",""NES"":2.2564434642460607,""FDR"":0.0007448179940532,""leading_edge_n"":66,""qualified"":true}]"
primary_vs_sensitivity,I,I118,primary,0.5,1,HALLMARK_TNFA_SIGNALING_VIA_NFKB,1,POSITIVE,"[{""term_id"":""HALLMARK_TNFA_SIGNALING_VIA_NFKB"",""NES"":2.9067877803281443,""FDR"":0.0,""leading_edge_n"":77,""qualified"":true}]"
primary_vs_sensitivity,I,I118,sensitivity,0.5,1,HALLMARK_TNFA_SIGNALING_VIA_NFKB,1,POSITIVE,"[{""term_id"":""HALLMARK_TNFA_SIGNALING_VIA_NFKB"",""NES"":2.853691154316958,""FDR"":0.0,""leading_edge_n"":89,""qualified"":true}]"
primary_vs_sensitivity,I,I119,primary,0.5,1,REACTOME_ADORA2B_MEDIATED_ANTI_INFLAMMATORY_CYTOKINES_PRODUCTION,0,INACTIVE,"[{""term_id"":""REACTOME_ADORA2B_MEDIATED_ANTI_INFLAMMATORY_CYTOKINES_PRODUCTION"",""NES"":-0.7167941545100021,""FDR"":0.9924574764045284,""leading_edge_n"":13,""qualified"":false}]"
primary_vs_sensitivity,I,I119,sensitivity,0.5,1,REACTOME_ADORA2B_MEDIATED_ANTI_INFLAMMATORY_CYTOKINES_PRODUCTION,0,INACTIVE,"[{""term_id"":""REACTOME_ADORA2B_MEDIATED_ANTI_INFLAMMATORY_CYTOKINES_PRODUCTION"",""NES"":-0.8616694039206378,""FDR"":0.8810691214844188,""leading_edge_n"":14,""qualified"":false}]"
primary_vs_sensitivity,I,I120,primary,0.5,1,REACTOME_ANTI_INFLAMMATORY_RESPONSE_FAVOURING_LEISHMANIA_PARASITE_INFECTION,0,INACTIVE,"[{""term_id"":""REACTOME_ANTI_INFLAMMATORY_RESPONSE_FAVOURING_LEISHMANIA_PARASITE_INFECTION"",""NES"":0.9014508660510416,""FDR"":0.763375215365681,""leading_edge_n"":18,""qualified"":false}]"
primary_vs_sensitivity,I,I120,sensitivity,0.5,1,REACTOME_ANTI_INFLAMMATORY_RESPONSE_FAVOURING_LEISHMANIA_PARASITE_INFECTION,0,INACTIVE,"[{""term_id"":""REACTOME_ANTI_INFLAMMATORY_RESPONSE_FAVOURING_LEISHMANIA_PARASITE_INFECTION"",""NES"":0.8046693908852248,""FDR"":0.879459772261481,""leading_edge_n"":18,""qualified"":false}]"
primary_vs_sensitivity,I,I121,primary,0.5,1,REACTOME_DDX58_IFIH1_MEDIATED_INDUCTION_OF_INTERFERON_ALPHA_BETA,0,INACTIVE,"[{""term_id"":""REACTOME_DDX58_IFIH1_MEDIATED_INDUCTION_OF_INTERFERON_ALPHA_BETA"",""NES"":0.9300418848976296,""FDR"":0.7215018450448597,""leading_edge_n"":24,""qualified"":false}]"
primary_vs_sensitivity,I,I121,sensitivity,0.5,1,REACTOME_DDX58_IFIH1_MEDIATED_INDUCTION_OF_INTERFERON_ALPHA_BETA,0,INACTIVE,"[{""term_id"":""REACTOME_DDX58_IFIH1_MEDIATED_INDUCTION_OF_INTERFERON_ALPHA_BETA"",""NES"":0.8602812576183374,""FDR"":0.8153178311725828,""leading_edge_n"":14,""qualified"":false}]"
primary_vs_sensitivity,I,I122,primary,0.5,1,REACTOME_DENGUE_VIRUS_ACTIVATES_MODULATES_INNATE_AND_ADAPTIVE_IMMUNE_RESPONSES,0,INACTIVE,"[{""term_id"":""REACTOME_DENGUE_VIRUS_ACTIVATES_MODULATES_INNATE_AND_ADAPTIVE_IMMUNE_RESPONSES"",""NES"":1.3063210200505588,""FDR"":0.2442175286793338,""leading_edge_n"":12,""qualified"":false}]"
primary_vs_sensitivity,I,I122,sensitivity,0.5,1,REACTOME_DENGUE_VIRUS_ACTIVATES_MODULATES_INNATE_AND_ADAPTIVE_IMMUNE_RESPONSES,0,INACTIVE,"[{""term_id"":""REACTOME_DENGUE_VIRUS_ACTIVATES_MODULATES_INNATE_AND_ADAPTIVE_IMMUNE_RESPONSES"",""NES"":1.2684759973958015,""FDR"":0.2882757662339126,""leading_edge_n"":12,""qualified"":false}]"
primary_vs_sensitivity,I,I123,primary,0.5,1,REACTOME_DISEASES_OF_IMMUNE_SYSTEM,0,INACTIVE,"[{""term_id"":""REACTOME_DISEASES_OF_IMMUNE_SYSTEM"",""NES"":1.2744012546755608,""FDR"":0.2712417599984181,""leading_edge_n"":14,""qualified"":false}]"
primary_vs_sensitivity,I,I123,sensitivity,0.5,1,REACTOME_DISEASES_OF_IMMUNE_SYSTEM,0,INACTIVE,"[{""term_id"":""REACTOME_DISEASES_OF_IMMUNE_SYSTEM"",""NES"":1.1976806329933165,""FDR"":0.3571209761278606,""leading_edge_n"":14,""qualified"":false}]"
primary_vs_sensitivity,I,I124,primary,0.5,1,REACTOME_EVASION_BY_RSV_OF_HOST_INTERFERON_RESPONSES,0,INACTIVE,"[{""term_id"":""REACTOME_EVASION_BY_RSV_OF_HOST_INTERFERON_RESPONSES"",""NES"":1.4440721737448732,""FDR"":0.1543113170071244,""leading_edge_n"":10,""qualified"":false}]"
primary_vs_sensitivity,I,I124,sensitivity,0.5,1,REACTOME_EVASION_BY_RSV_OF_HOST_INTERFERON_RESPONSES,0,INACTIVE,"[{""term_id"":""REACTOME_EVASION_BY_RSV_OF_HOST_INTERFERON_RESPONSES"",""NES"":1.153079169769274,""FDR"":0.4051728134539955,""leading_edge_n"":14,""qualified"":false}]"
primary_vs_sensitivity,I,I125,primary,0.5,3,REACTOME_GENE_AND_PROTEIN_EXPRESSION_BY_JAK_STAT_SIGNALING_AFTER_INTERLEUKIN_12_STIMULATION;REACTOME_INTERLEUKIN_12_FAMILY_SIGNALING;REACTOME_INTERLEUKIN_12_SIGNALING,0,INACTIVE,"[{""term_id"":""REACTOME_GENE_AND_PROTEIN_EXPRESSION_BY_JAK_STAT_SIGNALING_AFTER_INTERLEUKIN_12_STIMULATION"",""NES"":1.2656941584957495,""FDR"":0.2790227546940987,""leading_edge_n"":8,""qualified"":false},{""term_id"":""REACTOME_INTERLEUKIN_12_FAMILY_SIGNALING"",""NES"":1.4419414326597986,""FDR"":0.1552173560269787,""leading_edge_n"":14,""qualified"":false},{""term_id"":""REACTOME_INTERLEUKIN_12_SIGNALING"",""NES"":1.213140863039515,""FDR"":0.3305146952209602,""leading_edge_n"":8,""qualified"":false}]"
primary_vs_sensitivity,I,I125,sensitivity,0.5,3,REACTOME_GENE_AND_PROTEIN_EXPRESSION_BY_JAK_STAT_SIGNALING_AFTER_INTERLEUKIN_12_STIMULATION;REACTOME_INTERLEUKIN_12_FAMILY_SIGNALING;REACTOME_INTERLEUKIN_12_SIGNALING,0,INACTIVE,"[{""term_id"":""REACTOME_GENE_AND_PROTEIN_EXPRESSION_BY_JAK_STAT_SIGNALING_AFTER_INTERLEUKIN_12_STIMULATION"",""NES"":1.3117960620207887,""FDR"":0.2509662488018548,""leading_edge_n"":8,""qualified"":false},{""term_id"":""REACTOME_INTERLEUKIN_12_FAMILY_SIGNALING"",""NES"":1.5475726955967288,""FDR"":0.1084454999341508,""leading_edge_n"":11,""qualified"":false},{""term_id"":""REACTOME_INTERLEUKIN_12_SIGNALING"",""NES"":1.2329587996346318,""FDR"":0.3209663961565311,""leading_edge_n"":8,""qualified"":false}]"
primary_vs_sensitivity,I,I126,primary,0.5,1,REACTOME_IMMUNOREGULATORY_INTERACTIONS_BETWEEN_A_LYMPHOID_AND_A_NON_LYMPHOID_CELL,0,INACTIVE,"[{""term_id"":""REACTOME_IMMUNOREGULATORY_INTERACTIONS_BETWEEN_A_LYMPHOID_AND_A_NON_LYMPHOID_CELL"",""NES"":0.7869356690875576,""FDR"":0.905115867447654,""leading_edge_n"":21,""qualified"":false}]"
primary_vs_sensitivity,I,I126,sensitivity,0.5,1,REACTOME_IMMUNOREGULATORY_INTERACTIONS_BETWEEN_A_LYMPHOID_AND_A_NON_LYMPHOID_CELL,0,INACTIVE,"[{""term_id"":""REACTOME_IMMUNOREGULATORY_INTERACTIONS_BETWEEN_A_LYMPHOID_AND_A_NON_LYMPHOID_CELL"",""NES"":1.098182876031448,""FDR"":0.4714643043241262,""leading_edge_n"":14,""qualified"":false}]"
primary_vs_sensitivity,I,I127,primary,0.5,1,REACTOME_INFLAMMASOMES,1,NEGATIVE,"[{""term_id"":""REACTOME_INFLAMMASOMES"",""NES"":-1.8285691018229655,""FDR"":0.0467801469782869,""leading_edge_n"":7,""qualified"":true}]"
primary_vs_sensitivity,I,I127,sensitivity,0.5,1,REACTOME_INFLAMMASOMES,1,NEGATIVE,"[{""term_id"":""REACTOME_INFLAMMASOMES"",""NES"":-1.8856139934553515,""FDR"":0.0295771085829039,""leading_edge_n"":7,""qualified"":true}]"
primary_vs_sensitivity,I,I128,primary,0.5,1,REACTOME_INTERFERON_ALPHA_BETA_SIGNALING,1,POSITIVE,"[{""term_id"":""REACTOME_INTERFERON_ALPHA_BETA_SIGNALING"",""NES"":2.037707010281552,""FDR"":0.0076092026758911,""leading_edge_n"":33,""qualified"":true}]"
primary_vs_sensitivity,I,I128,sensitivity,0.5,1,REACTOME_INTERFERON_ALPHA_BETA_SIGNALING,1,POSITIVE,"[{""term_id"":""REACTOME_INTERFERON_ALPHA_BETA_SIGNALING"",""NES"":2.0595499604638308,""FDR"":0.0054972373238509,""leading_edge_n"":33,""qualified"":true}]"
primary_vs_sensitivity,I,I129,primary,0.5,1,REACTOME_INTERFERON_GAMMA_SIGNALING,0,INACTIVE,"[{""term_id"":""REACTOME_INTERFERON_GAMMA_SIGNALING"",""NES"":1.0852258230657614,""FDR"":0.485311188236722,""leading_edge_n"":33,""qualified"":false}]"
primary_vs_sensitivity,I,I129,sensitivity,0.5,1,REACTOME_INTERFERON_GAMMA_SIGNALING,0,INACTIVE,"[{""term_id"":""REACTOME_INTERFERON_GAMMA_SIGNALING"",""NES"":1.281908699746403,""FDR"":0.2773803457708821,""leading_edge_n"":22,""qualified"":false}]"
primary_vs_sensitivity,I,I130,primary,0.5,1,REACTOME_INTERFERON_SIGNALING,0,INACTIVE,"[{""term_id"":""REACTOME_INTERFERON_SIGNALING"",""NES"":1.6244421320036322,""FDR"":0.0751861780935094,""leading_edge_n"":88,""qualified"":false}]"
primary_vs_sensitivity,I,I130,sensitivity,0.5,1,REACTOME_INTERFERON_SIGNALING,0,INACTIVE,"[{""term_id"":""REACTOME_INTERFERON_SIGNALING"",""NES"":1.716432090004924,""FDR"":0.0501804903589314,""leading_edge_n"":78,""qualified"":false}]"
primary_vs_sensitivity,I,I131,primary,0.5,1,REACTOME_INTERLEUKIN_10_SIGNALING,1,POSITIVE,"[{""term_id"":""REACTOME_INTERLEUKIN_10_SIGNALING"",""NES"":2.096489608266962,""FDR"":0.0049548296494174,""leading_edge_n"":10,""qualified"":true}]"
primary_vs_sensitivity,I,I131,sensitivity,0.5,1,REACTOME_INTERLEUKIN_10_SIGNALING,1,POSITIVE,"[{""term_id"":""REACTOME_INTERLEUKIN_10_SIGNALING"",""NES"":1.954977816397653,""FDR"":0.0120660515036623,""leading_edge_n"":11,""qualified"":true}]"
primary_vs_sensitivity,I,I132,primary,0.5,4,REACTOME_INTERLEUKIN_17_SIGNALING;REACTOME_TOLL_LIKE_RECEPTOR_9_TLR9_CASCADE;REACTOME_TOLL_LIKE_RECEPTOR_CASCADES;REACTOME_TOLL_LIKE_RECEPTOR_TLR1_TLR2_CASCADE,0,INACTIVE,"[{""term_id"":""REACTOME_INTERLEUKIN_17_SIGNALING"",""NES"":1.7075550004437257,""FDR"":0.0525848770473445,""leading_edge_n"":24,""qualified"":false},{""term_id"":""REACTOME_TOLL_LIKE_RECEPTOR_9_TLR9_CASCADE"",""NES"":1.6122522236565753,""FDR"":0.0791791589520774,""leading_edge_n"":33,""qualified"":false},{""term_id"":""REACTOME_TOLL_LIKE_RECEPTOR_CASCADES"",""NES"":1.2701231410944251,""FDR"":0.274764737862715,""leading_edge_n"":45,""qualified"":false},{""term_id"":""REACTOME_TOLL_LIKE_RECEPTOR_TLR1_TLR2_CASCADE"",""NES"":1.5209942065265265,""FDR"":0.1135206151319367,""leading_edge_n"":32,""qualified"":false}]"
primary_vs_sensitivity,I,I132,sensitivity,0.5,4,REACTOME_INTERLEUKIN_17_SIGNALING;REACTOME_TOLL_LIKE_RECEPTOR_9_TLR9_CASCADE;REACTOME_TOLL_LIKE_RECEPTOR_CASCADES;REACTOME_TOLL_LIKE_RECEPTOR_TLR1_TLR2_CASCADE,0,INACTIVE,"[{""term_id"":""REACTOME_INTERLEUKIN_17_SIGNALING"",""NES"":1.6944967470715309,""FDR"":0.0576364190185297,""leading_edge_n"":26,""qualified"":false},{""term_id"":""REACTOME_TOLL_LIKE_RECEPTOR_9_TLR9_CASCADE"",""NES"":1.6374927726051447,""FDR"":0.0742393684503962,""leading_edge_n"":33,""qualified"":false},{""term_id"":""REACTOME_TOLL_LIKE_RECEPTOR_CASCADES"",""NES"":1.2537202588711736,""FDR"":0.3004138966307726,""leading_edge_n"":41,""qualified"":false},{""term_id"":""REACTOME_TOLL_LIKE_RECEPTOR_TLR1_TLR2_CASCADE"",""NES"":1.579035454243262,""FDR"":0.0962702468754609,""leading_edge_n"":35,""qualified"":false}]"
primary_vs_sensitivity,I,I133,primary,0.5,2,REACTOME_INTERLEUKIN_1_FAMILY_SIGNALING;REACTOME_INTERLEUKIN_1_SIGNALING,0,INACTIVE,"[{""term_id"":""REACTOME_INTERLEUKIN_1_FAMILY_SIGNALING"",""NES"":1.645410078193828,""FDR"":0.0689052404356204,""leading_edge_n"":45,""qualified"":false},{""term_id"":""REACTOME_INTERLEUKIN_1_SIGNALING"",""NES"":1.6518089226834791,""FDR"":0.0689416205914985,""leading_edge_n"":36,""qualified"":false}]"
primary_vs_sensitivity,I,I133,sensitivity,0.5,2,REACTOME_INTERLEUKIN_1_FAMILY_SIGNALING;REACTOME_INTERLEUKIN_1_SIGNALING,0,INACTIVE,"[{""term_id"":""REACTOME_INTERLEUKIN_1_FAMILY_SIGNALING"",""NES"":1.589400247245486,""FDR"":0.0923008551887092,""leading_edge_n"":57,""qualified"":false},{""term_id"":""REACTOME_INTERLEUKIN_1_SIGNALING"",""NES"":1.648950641310964,""FDR"":0.0708401230624511,""leading_edge_n"":45,""qualified"":false}]"
primary_vs_sensitivity,I,I134,primary,0.5,3,REACTOME_INTERLEUKIN_2_FAMILY_SIGNALING;REACTOME_INTERLEUKIN_3_INTERLEUKIN_5_AND_GM_CSF_SIGNALING;REACTOME_INTERLEUKIN_RECEPTOR_SHC_SIGNALING,0,INACTIVE,"[{""term_id"":""REACTOME_INTERLEUKIN_2_FAMILY_SIGNALING"",""NES"":1.2183319678760878,""FDR"":0.3262869212110089,""leading_edge_n"":3,""qualified"":false},{""term_id"":""REACTOME_INTERLEUKIN_3_INTERLEUKIN_5_AND_GM_CSF_SIGNALING"",""NES"":0.8950741788432248,""FDR"":0.7707046562745296,""leading_edge_n"":7,""qualified"":false},{""term_id"":""REACTOME_INTERLEUKIN_RECEPTOR_SHC_SIGNALING"",""NES"":-0.5972303775128612,""FDR"":1.0,""leading_edge_n"":16,""qualified"":false}]"
primary_vs_sensitivity,I,I134,sensitivity,0.5,3,REACTOME_INTERLEUKIN_2_FAMILY_SIGNALING;REACTOME_INTERLEUKIN_3_INTERLEUKIN_5_AND_GM_CSF_SIGNALING;REACTOME_INTERLEUKIN_RECEPTOR_SHC_SIGNALING,0,INACTIVE,"[{""term_id"":""REACTOME_INTERLEUKIN_2_FAMILY_SIGNALING"",""NES"":1.0494729769012234,""FDR"":0.5344736875188691,""leading_edge_n"":3,""qualified"":false},{""term_id"":""REACTOME_INTERLEUKIN_3_INTERLEUKIN_5_AND_GM_CSF_SIGNALING"",""NES"":-0.866496493781851,""FDR"":0.8766962398401665,""leading_edge_n"":10,""qualified"":false},{""term_id"":""REACTOME_INTERLEUKIN_RECEPTOR_SHC_SIGNALING"",""NES"":-0.7621585838249577,""FDR"":0.9539093553432396,""leading_edge_n"":4,""qualified"":false}]"
primary_vs_sensitivity,I,I135,primary,0.5,1,REACTOME_INTERLEUKIN_37_SIGNALING,0,INACTIVE,"[{""term_id"":""REACTOME_INTERLEUKIN_37_SIGNALING"",""NES"":1.123891059105448,""FDR"":0.4328869503707746,""leading_edge_n"":9,""qualified"":false}]"
primary_vs_sensitivity,I,I135,sensitivity,0.5,1,REACTOME_INTERLEUKIN_37_SIGNALING,0,INACTIVE,"[{""term_id"":""REACTOME_INTERLEUKIN_37_SIGNALING"",""NES"":0.8659421650740244,""FDR"":0.8077738942586219,""leading_edge_n"":3,""qualified"":false}]"
primary_vs_sensitivity,I,I136,primary,0.5,1,REACTOME_INTERLEUKIN_4_AND_INTERLEUKIN_13_SIGNALING,1,POSITIVE,"[{""term_id"":""REACTOME_INTERLEUKIN_4_AND_INTERLEUKIN_13_SIGNALING"",""NES"":1.886605509191324,""FDR"":0.0199357782689169,""leading_edge_n"":25,""qualified"":true}]"
primary_vs_sensitivity,I,I136,sensitivity,0.5,1,REACTOME_INTERLEUKIN_4_AND_INTERLEUKIN_13_SIGNALING,1,POSITIVE,"[{""term_id"":""REACTOME_INTERLEUKIN_4_AND_INTERLEUKIN_13_SIGNALING"",""NES"":1.8102810455481693,""FDR"":0.0318523783075343,""leading_edge_n"":24,""qualified"":true}]"
primary_vs_sensitivity,I,I137,primary,0.5,1,REACTOME_INTERLEUKIN_6_FAMILY_SIGNALING,1,POSITIVE,"[{""term_id"":""REACTOME_INTERLEUKIN_6_FAMILY_SIGNALING"",""NES"":2.17467855646592,""FDR"":0.0028152441189872,""leading_edge_n"":12,""qualified"":true}]"
primary_vs_sensitivity,I,I137,sensitivity,0.5,1,REACTOME_INTERLEUKIN_6_FAMILY_SIGNALING,1,POSITIVE,"[{""term_id"":""REACTOME_INTERLEUKIN_6_FAMILY_SIGNALING"",""NES"":2.0281092129719687,""FDR"":0.0074079195084213,""leading_edge_n"":12,""qualified"":true}]"
primary_vs_sensitivity,I,I138,primary,0.5,1,REACTOME_INTERLEUKIN_7_SIGNALING,0,INACTIVE,"[{""term_id"":""REACTOME_INTERLEUKIN_7_SIGNALING"",""NES"":1.4901298465309258,""FDR"":0.1281441303768358,""leading_edge_n"":12,""qualified"":false}]"
primary_vs_sensitivity,I,I138,sensitivity,0.5,1,REACTOME_INTERLEUKIN_7_SIGNALING,0,INACTIVE,"[{""term_id"":""REACTOME_INTERLEUKIN_7_SIGNALING"",""NES"":1.3853476107641862,""FDR"":0.1953048983890611,""leading_edge_n"":17,""qualified"":false}]"
primary_vs_sensitivity,I,I139,primary,0.5,1,REACTOME_NEUTROPHIL_DEGRANULATION,0,INACTIVE,"[{""term_id"":""REACTOME_NEUTROPHIL_DEGRANULATION"",""NES"":-1.4160307252991136,""FDR"":0.3234781637481386,""leading_edge_n"":124,""qualified"":false}]"
primary_vs_sensitivity,I,I139,sensitivity,0.5,1,REACTOME_NEUTROPHIL_DEGRANULATION,0,INACTIVE,"[{""term_id"":""REACTOME_NEUTROPHIL_DEGRANULATION"",""NES"":-1.4869083917656858,""FDR"":0.252297545412563,""leading_edge_n"":109,""qualified"":false}]"
primary_vs_sensitivity,I,I140,primary,0.5,1,REACTOME_OTHER_INTERLEUKIN_SIGNALING,0,INACTIVE,"[{""term_id"":""REACTOME_OTHER_INTERLEUKIN_SIGNALING"",""NES"":1.178518499994076,""FDR"":0.3670773601780345,""leading_edge_n"":4,""qualified"":false}]"
primary_vs_sensitivity,I,I140,sensitivity,0.5,1,REACTOME_OTHER_INTERLEUKIN_SIGNALING,0,INACTIVE,"[{""term_id"":""REACTOME_OTHER_INTERLEUKIN_SIGNALING"",""NES"":1.2593143949168626,""FDR"":0.2960051127314195,""leading_edge_n"":7,""qualified"":false}]"
primary_vs_sensitivity,I,I141,primary,0.5,1,REACTOME_RIP_MEDIATED_NFKB_ACTIVATION_VIA_ZBP1,0,INACTIVE,"[{""term_id"":""REACTOME_RIP_MEDIATED_NFKB_ACTIVATION_VIA_ZBP1"",""NES"":1.7084162533446463,""FDR"":0.0523879748074023,""leading_edge_n"":11,""qualified"":false}]"
primary_vs_sensitivity,I,I141,sensitivity,0.5,1,REACTOME_RIP_MEDIATED_NFKB_ACTIVATION_VIA_ZBP1,1,POSITIVE,"[{""term_id"":""REACTOME_RIP_MEDIATED_NFKB_ACTIVATION_VIA_ZBP1"",""NES"":1.824292059045096,""FDR"":0.0295228989039063,""leading_edge_n"":9,""qualified"":true}]"
primary_vs_sensitivity,I,I142,primary,0.5,1,REACTOME_SARS_COV_1_ACTIVATES_MODULATES_INNATE_IMMUNE_RESPONSES,0,INACTIVE,"[{""term_id"":""REACTOME_SARS_COV_1_ACTIVATES_MODULATES_INNATE_IMMUNE_RESPONSES"",""NES"":1.2986124534201258,""FDR"":0.2493888704473593,""leading_edge_n"":9,""qualified"":false}]"
primary_vs_sensitivity,I,I142,sensitivity,0.5,1,REACTOME_SARS_COV_1_ACTIVATES_MODULATES_INNATE_IMMUNE_RESPONSES,0,INACTIVE,"[{""term_id"":""REACTOME_SARS_COV_1_ACTIVATES_MODULATES_INNATE_IMMUNE_RESPONSES"",""NES"":1.2532518209423904,""FDR"":0.300823954474863,""leading_edge_n"":9,""qualified"":false}]"
primary_vs_sensitivity,I,I143,primary,0.5,1,REACTOME_SARS_COV_2_ACTIVATES_MODULATES_INNATE_AND_ADAPTIVE_IMMUNE_RESPONSES,0,INACTIVE,"[{""term_id"":""REACTOME_SARS_COV_2_ACTIVATES_MODULATES_INNATE_AND_ADAPTIVE_IMMUNE_RESPONSES"",""NES"":1.6992488368378524,""FDR"":0.0551355779644017,""leading_edge_n"":44,""qualified"":false}]"
primary_vs_sensitivity,I,I143,sensitivity,0.5,1,REACTOME_SARS_COV_2_ACTIVATES_MODULATES_INNATE_AND_ADAPTIVE_IMMUNE_RESPONSES,0,INACTIVE,"[{""term_id"":""REACTOME_SARS_COV_2_ACTIVATES_MODULATES_INNATE_AND_ADAPTIVE_IMMUNE_RESPONSES"",""NES"":1.662770989689942,""FDR"":0.0671963528080295,""leading_edge_n"":53,""qualified"":false}]"
primary_vs_sensitivity,I,I144,primary,0.5,1,REACTOME_SIGNALING_BY_INTERLEUKINS,1,POSITIVE,"[{""term_id"":""REACTOME_SIGNALING_BY_INTERLEUKINS"",""NES"":1.8668882243037244,""FDR"":0.0221290888101803,""leading_edge_n"":94,""qualified"":true}]"
primary_vs_sensitivity,I,I144,sensitivity,0.5,1,REACTOME_SIGNALING_BY_INTERLEUKINS,1,POSITIVE,"[{""term_id"":""REACTOME_SIGNALING_BY_INTERLEUKINS"",""NES"":1.8823314795711883,""FDR"":0.0195981017057099,""leading_edge_n"":116,""qualified"":true}]"
primary_vs_sensitivity,I,I145,primary,0.5,3,REACTOME_TNFR1_INDUCED_NF_KAPPA_B_SIGNALING_PATHWAY;REACTOME_TNFR1_INDUCED_PROAPOPTOTIC_SIGNALING;REACTOME_TNF_SIGNALING,0,INACTIVE,"[{""term_id"":""REACTOME_TNFR1_INDUCED_NF_KAPPA_B_SIGNALING_PATHWAY"",""NES"":0.9947821547867216,""FDR"":0.6174640886340812,""leading_edge_n"":11,""qualified"":false},{""term_id"":""REACTOME_TNFR1_INDUCED_PROAPOPTOTIC_SIGNALING"",""NES"":-0.8406336556238463,""FDR"":0.9102838667460684,""leading_edge_n"":8,""qualified"":false},{""term_id"":""REACTOME_TNF_SIGNALING"",""NES"":0.8092887069863114,""FDR"":0.8835960814394516,""leading_edge_n"":13,""qualified"":false}]"
primary_vs_sensitivity,I,I145,sensitivity,0.5,3,REACTOME_TNFR1_INDUCED_NF_KAPPA_B_SIGNALING_PATHWAY;REACTOME_TNFR1_INDUCED_PROAPOPTOTIC_SIGNALING;REACTOME_TNF_SIGNALING,0,INACTIVE,"[{""term_id"":""REACTOME_TNFR1_INDUCED_NF_KAPPA_B_SIGNALING_PATHWAY"",""NES"":0.8282888154110906,""FDR"":0.8559200362032557,""leading_edge_n"":11,""qualified"":false},{""term_id"":""REACTOME_TNFR1_INDUCED_PROAPOPTOTIC_SIGNALING"",""NES"":0.7834328512078937,""FDR"":0.8978839092316392,""leading_edge_n"":9,""qualified"":false},{""term_id"":""REACTOME_TNF_SIGNALING"",""NES"":-0.7579142356642292,""FDR"":0.9550391660253468,""leading_edge_n"":15,""qualified"":false}]"
primary_vs_sensitivity,I,I146,primary,0.5,1,REACTOME_TNFR2_NON_CANONICAL_NF_KB_PATHWAY,0,INACTIVE,"[{""term_id"":""REACTOME_TNFR2_NON_CANONICAL_NF_KB_PATHWAY"",""NES"":1.6812297297875678,""FDR"":0.0594750650114125,""leading_edge_n"":31,""qualified"":false}]"
primary_vs_sensitivity,I,I146,sensitivity,0.5,1,REACTOME_TNFR2_NON_CANONICAL_NF_KB_PATHWAY,1,POSITIVE,"[{""term_id"":""REACTOME_TNFR2_NON_CANONICAL_NF_KB_PATHWAY"",""NES"":1.727748470517258,""FDR"":0.0490866210164482,""leading_edge_n"":38,""qualified"":true}]"
