comparison,axis,component_id,fit,source_overlap_jaccard_threshold,term_count,term_ids,qualified_term_count,direction,term_evidence_json
EXP001_vs_primary,P,P001,EXP001,0.5,1,GOBP_ACTIVATED_T_CELL_PROLIFERATION,0,INACTIVE,"[{""term_id"":""GOBP_ACTIVATED_T_CELL_PROLIFERATION"",""NES"":-0.9176155120354988,""FDR"":0.701546739861762,""leading_edge_n"":7,""qualified"":false}]"
EXP001_vs_primary,P,P001,primary,0.5,1,GOBP_ACTIVATED_T_CELL_PROLIFERATION,0,INACTIVE,"[{""term_id"":""GOBP_ACTIVATED_T_CELL_PROLIFERATION"",""NES"":1.0657997916501338,""FDR"":0.5143326546994554,""leading_edge_n"":5,""qualified"":false}]"
EXP001_vs_primary,P,P002,EXP001,0.5,1,GOBP_ALPHA_BETA_T_CELL_PROLIFERATION,0,INACTIVE,"[{""term_id"":""GOBP_ALPHA_BETA_T_CELL_PROLIFERATION"",""NES"":-1.2673046146203784,""FDR"":0.2670121189618337,""leading_edge_n"":17,""qualified"":false}]"
EXP001_vs_primary,P,P002,primary,0.5,1,GOBP_ALPHA_BETA_T_CELL_PROLIFERATION,0,INACTIVE,"[{""term_id"":""GOBP_ALPHA_BETA_T_CELL_PROLIFERATION"",""NES"":1.1053748003533015,""FDR"":0.4609511805782517,""leading_edge_n"":5,""qualified"":false}]"
EXP001_vs_primary,P,P003,EXP001,0.5,1,GOBP_ATTACHMENT_OF_MITOTIC_SPINDLE_MICROTUBULES_TO_KINETOCHORE,1,POSITIVE,"[{""term_id"":""GOBP_ATTACHMENT_OF_MITOTIC_SPINDLE_MICROTUBULES_TO_KINETOCHORE"",""NES"":2.348046008391554,""FDR"":0.0,""leading_edge_n"":12,""qualified"":true}]"
EXP001_vs_primary,P,P003,primary,0.5,1,GOBP_ATTACHMENT_OF_MITOTIC_SPINDLE_MICROTUBULES_TO_KINETOCHORE,0,INACTIVE,"[{""term_id"":""GOBP_ATTACHMENT_OF_MITOTIC_SPINDLE_MICROTUBULES_TO_KINETOCHORE"",""NES"":-0.555303185918813,""FDR"":0.999174944487544,""leading_edge_n"":6,""qualified"":false}]"
EXP001_vs_primary,P,P004,EXP001,0.5,1,GOBP_ATTACHMENT_OF_SPINDLE_MICROTUBULES_TO_KINETOCHORE,1,POSITIVE,"[{""term_id"":""GOBP_ATTACHMENT_OF_SPINDLE_MICROTUBULES_TO_KINETOCHORE"",""NES"":2.672874192301833,""FDR"":0.0,""leading_edge_n"":27,""qualified"":true}]"
EXP001_vs_primary,P,P004,primary,0.5,1,GOBP_ATTACHMENT_OF_SPINDLE_MICROTUBULES_TO_KINETOCHORE,0,INACTIVE,"[{""term_id"":""GOBP_ATTACHMENT_OF_SPINDLE_MICROTUBULES_TO_KINETOCHORE"",""NES"":0.6756877092329168,""FDR"":0.9720444101013096,""leading_edge_n"":18,""qualified"":false}]"
EXP001_vs_primary,P,P005,EXP001,0.5,1,GOBP_BLOOD_VESSEL_ENDOTHELIAL_CELL_PROLIFERATION_INVOLVED_IN_SPROUTING_ANGIOGENESIS,0,INACTIVE,"[{""term_id"":""GOBP_BLOOD_VESSEL_ENDOTHELIAL_CELL_PROLIFERATION_INVOLVED_IN_SPROUTING_ANGIOGENESIS"",""NES"":1.0290546644460106,""FDR"":0.565693683175978,""leading_edge_n"":6,""qualified"":false}]"
EXP001_vs_primary,P,P005,primary,0.5,1,GOBP_BLOOD_VESSEL_ENDOTHELIAL_CELL_PROLIFERATION_INVOLVED_IN_SPROUTING_ANGIOGENESIS,0,INACTIVE,"[{""term_id"":""GOBP_BLOOD_VESSEL_ENDOTHELIAL_CELL_PROLIFERATION_INVOLVED_IN_SPROUTING_ANGIOGENESIS"",""NES"":1.5048150857331757,""FDR"":0.1216093800291623,""leading_edge_n"":8,""qualified"":false}]"
EXP001_vs_primary,P,P006,EXP001,0.5,3,GOBP_B_CELL_PROLIFERATION;GOBP_POSITIVE_REGULATION_OF_B_CELL_PROLIFERATION;GOBP_REGULATION_OF_B_CELL_PROLIFERATION,0,INACTIVE,"[{""term_id"":""GOBP_B_CELL_PROLIFERATION"",""NES"":-0.8148174031545418,""FDR"":0.8456854096892478,""leading_edge_n"":14,""qualified"":false},{""term_id"":""GOBP_POSITIVE_REGULATION_OF_B_CELL_PROLIFERATION"",""NES"":-0.8674496076347392,""FDR"":0.7796963535177577,""leading_edge_n"":5,""qualified"":false},{""term_id"":""GOBP_REGULATION_OF_B_CELL_PROLIFERATION"",""NES"":-0.8938958196224704,""FDR"":0.7359835659834756,""leading_edge_n"":7,""qualified"":false}]"
EXP001_vs_primary,P,P006,primary,0.5,3,GOBP_B_CELL_PROLIFERATION;GOBP_POSITIVE_REGULATION_OF_B_CELL_PROLIFERATION;GOBP_REGULATION_OF_B_CELL_PROLIFERATION,0,INACTIVE,"[{""term_id"":""GOBP_B_CELL_PROLIFERATION"",""NES"":1.3202545961991548,""FDR"":0.2345831547540911,""leading_edge_n"":29,""qualified"":false},{""term_id"":""GOBP_POSITIVE_REGULATION_OF_B_CELL_PROLIFERATION"",""NES"":1.5523792658440436,""FDR"":0.1009891691740986,""leading_edge_n"":19,""qualified"":false},{""term_id"":""GOBP_REGULATION_OF_B_CELL_PROLIFERATION"",""NES"":1.4209710236262316,""FDR"":0.1665574747647139,""leading_edge_n"":23,""qualified"":false}]"
EXP001_vs_primary,P,P007,EXP001,0.5,4,GOBP_CARDIAC_MUSCLE_CELL_PROLIFERATION;GOBP_POSITIVE_REGULATION_OF_CARDIAC_MUSCLE_CELL_PROLIFERATION;GOBP_REGULATION_OF_CARDIAC_MUSCLE_CELL_PROLIFERATION;GOBP_STRIATED_MUSCLE_CELL_PROLIFERATION,0,INACTIVE,"[{""term_id"":""GOBP_CARDIAC_MUSCLE_CELL_PROLIFERATION"",""NES"":-1.035901370804306,""FDR"":0.5140318718689723,""leading_edge_n"":16,""qualified"":false},{""term_id"":""GOBP_POSITIVE_REGULATION_OF_CARDIAC_MUSCLE_CELL_PROLIFERATION"",""NES"":-1.0071630013751065,""FDR"":0.5572134612667492,""leading_edge_n"":9,""qualified"":false},{""term_id"":""GOBP_REGULATION_OF_CARDIAC_MUSCLE_CELL_PROLIFERATION"",""NES"":-1.1811155522281989,""FDR"":0.3440246323488884,""leading_edge_n"":14,""qualified"":false},{""term_id"":""GOBP_STRIATED_MUSCLE_CELL_PROLIFERATION"",""NES"":-1.182399710802986,""FDR"":0.3420097839544401,""leading_edge_n"":21,""qualified"":false}]"
EXP001_vs_primary,P,P007,primary,0.5,4,GOBP_CARDIAC_MUSCLE_CELL_PROLIFERATION;GOBP_POSITIVE_REGULATION_OF_CARDIAC_MUSCLE_CELL_PROLIFERATION;GOBP_REGULATION_OF_CARDIAC_MUSCLE_CELL_PROLIFERATION;GOBP_STRIATED_MUSCLE_CELL_PROLIFERATION,0,INACTIVE,"[{""term_id"":""GOBP_CARDIAC_MUSCLE_CELL_PROLIFERATION"",""NES"":1.346881339364442,""FDR"":0.2150532618270599,""leading_edge_n"":16,""qualified"":false},{""term_id"":""GOBP_POSITIVE_REGULATION_OF_CARDIAC_MUSCLE_CELL_PROLIFERATION"",""NES"":1.1886894042924696,""FDR"":0.355827064982016,""leading_edge_n"":8,""qualified"":false},{""term_id"":""GOBP_REGULATION_OF_CARDIAC_MUSCLE_CELL_PROLIFERATION"",""NES"":1.4741731356088512,""FDR"":0.1370865077304161,""leading_edge_n"":11,""qualified"":false},{""term_id"":""GOBP_STRIATED_MUSCLE_CELL_PROLIFERATION"",""NES"":1.5341501414449823,""FDR"":0.1081181560245916,""leading_edge_n"":22,""qualified"":false}]"
EXP001_vs_primary,P,P008,EXP001,0.5,18,GOBP_CELL_CYCLE_CHECKPOINT_SIGNALING;GOBP_CELL_CYCLE_G1_S_PHASE_TRANSITION;GOBP_CELL_CYCLE_G2_M_PHASE_TRANSITION;GOBP_MITOTIC_CELL_CYCLE_CHECKPOINT_SIGNALING;GOBP_MITOTIC_CELL_CYCLE_PHASE_TRANSITION;GOBP_MITOTIC_DNA_INTEGRITY_CHECKPOINT_SIGNALING;GOBP_MITOTIC_G2_DNA_DAMAGE_CHECKPOINT_SIGNALING;GOBP_MITOTIC_G2_M_TRANSITION_CHECKPOINT;GOBP_NEGATIVE_REGULATION_OF_CELL_CYCLE;GOBP_NEGATIVE_REGULATION_OF_CELL_CYCLE_G2_M_PHASE_TRANSITION;GOBP_NEGATIVE_REGULATION_OF_CELL_CYCLE_PROCESS;GOBP_NEGATIVE_REGULATION_OF_MITOTIC_CELL_CYCLE;GOBP_NEGATIVE_REGULATION_OF_MITOTIC_CELL_CYCLE_PHASE_TRANSITION;GOBP_REGULATION_OF_CELL_CYCLE_G1_S_PHASE_TRANSITION;GOBP_REGULATION_OF_CELL_CYCLE_G2_M_PHASE_TRANSITION;GOBP_REGULATION_OF_CELL_CYCLE_PHASE_TRANSITION;GOBP_REGULATION_OF_MITOTIC_CELL_CYCLE;GOBP_REGULATION_OF_MITOTIC_CELL_CYCLE_PHASE_TRANSITION,17,POSITIVE,"[{""term_id"":""GOBP_CELL_CYCLE_CHECKPOINT_SIGNALING"",""NES"":2.483888533083092,""FDR"":0.0,""leading_edge_n"":78,""qualified"":true},{""term_id"":""GOBP_CELL_CYCLE_G1_S_PHASE_TRANSITION"",""NES"":1.615949456089987,""FDR"":0.036856355488726,""leading_edge_n"":69,""qualified"":true},{""term_id"":""GOBP_CELL_CYCLE_G2_M_PHASE_TRANSITION"",""NES"":2.1903014024654603,""FDR"":1.3783990934971648e-05,""leading_edge_n"":45,""qualified"":true},{""term_id"":""GOBP_MITOTIC_CELL_CYCLE_CHECKPOINT_SIGNALING"",""NES"":2.537595785651995,""FDR"":0.0,""leading_edge_n"":48,""qualified"":true},{""term_id"":""GOBP_MITOTIC_CELL_CYCLE_PHASE_TRANSITION"",""NES"":2.2191035054181567,""FDR"":7.307891745696175e-06,""leading_edge_n"":149,""qualified"":true},{""term_id"":""GOBP_MITOTIC_DNA_INTEGRITY_CHECKPOINT_SIGNALING"",""NES"":2.0111289127665275,""FDR"":0.000325494115053,""leading_edge_n"":30,""qualified"":true},{""term_id"":""GOBP_MITOTIC_G2_DNA_DAMAGE_CHECKPOINT_SIGNALING"",""NES"":1.5798390638776358,""FDR"":0.0483258353328466,""leading_edge_n"":13,""qualified"":true},{""term_id"":""GOBP_MITOTIC_G2_M_TRANSITION_CHECKPOINT"",""NES"":1.7882973925107308,""FDR"":0.0073944505049224,""leading_edge_n"":19,""qualified"":true},{""term_id"":""GOBP_NEGATIVE_REGULATION_OF_CELL_CYCLE"",""NES"":1.947273138347969,""FDR"":0.0009196065047623,""leading_edge_n"":111,""qualified"":true},{""term_id"":""GOBP_NEGATIVE_REGULATION_OF_CELL_CYCLE_G2_M_PHASE_TRANSITION"",""NES"":1.616867474331928,""FDR"":0.0366174465523476,""leading_edge_n"":24,""qualified"":true},{""term_id"":""GOBP_NEGATIVE_REGULATION_OF_CELL_CYCLE_PROCESS"",""NES"":2.173850702977397,""FDR"":1.2652469291056063e-05,""leading_edge_n"":101,""qualified"":true},{""term_id"":""GOBP_NEGATIVE_REGULATION_OF_MITOTIC_CELL_CYCLE"",""NES"":2.089654499938528,""FDR"":6.086162151287482e-05,""leading_edge_n"":57,""qualified"":true},{""term_id"":""GOBP_NEGATIVE_REGULATION_OF_MITOTIC_CELL_CYCLE_PHASE_TRANSITION"",""NES"":2.158883317931786,""FDR"":1.1378730771822233e-05,""leading_edge_n"":49,""qualified"":true},{""term_id"":""GOBP_REGULATION_OF_CELL_CYCLE_G1_S_PHASE_TRANSITION"",""NES"":1.3391282067896757,""FDR"":0.1942493976014685,""leading_edge_n"":47,""qualified"":false},{""term_id"":""GOBP_REGULATION_OF_CELL_CYCLE_G2_M_PHASE_TRANSITION"",""NES"":2.0228936350643187,""FDR"":0.0002453913123028,""leading_edge_n"":41,""qualified"":true},{""term_id"":""GOBP_REGULATION_OF_CELL_CYCLE_PHASE_TRANSITION"",""NES"":2.1922816245612458,""FDR"":1.4011825495880267e-05,""leading_edge_n"":163,""qualified"":true},{""term_id"":""GOBP_REGULATION_OF_MITOTIC_CELL_CYCLE"",""NES"":2.034052299174637,""FDR"":0.000199462457059,""leading_edge_n"":155,""qualified"":true},{""term_id"":""GOBP_REGULATION_OF_MITOTIC_CELL_CYCLE_PHASE_TRANSITION"",""NES"":2.1782383804665577,""FDR"":1.3142875077531103e-05,""leading_edge_n"":120,""qualified"":true}]"
EXP001_vs_primary,P,P008,primary,0.5,18,GOBP_CELL_CYCLE_CHECKPOINT_SIGNALING;GOBP_CELL_CYCLE_G1_S_PHASE_TRANSITION;GOBP_CELL_CYCLE_G2_M_PHASE_TRANSITION;GOBP_MITOTIC_CELL_CYCLE_CHECKPOINT_SIGNALING;GOBP_MITOTIC_CELL_CYCLE_PHASE_TRANSITION;GOBP_MITOTIC_DNA_INTEGRITY_CHECKPOINT_SIGNALING;GOBP_MITOTIC_G2_DNA_DAMAGE_CHECKPOINT_SIGNALING;GOBP_MITOTIC_G2_M_TRANSITION_CHECKPOINT;GOBP_NEGATIVE_REGULATION_OF_CELL_CYCLE;GOBP_NEGATIVE_REGULATION_OF_CELL_CYCLE_G2_M_PHASE_TRANSITION;GOBP_NEGATIVE_REGULATION_OF_CELL_CYCLE_PROCESS;GOBP_NEGATIVE_REGULATION_OF_MITOTIC_CELL_CYCLE;GOBP_NEGATIVE_REGULATION_OF_MITOTIC_CELL_CYCLE_PHASE_TRANSITION;GOBP_REGULATION_OF_CELL_CYCLE_G1_S_PHASE_TRANSITION;GOBP_REGULATION_OF_CELL_CYCLE_G2_M_PHASE_TRANSITION;GOBP_REGULATION_OF_CELL_CYCLE_PHASE_TRANSITION;GOBP_REGULATION_OF_MITOTIC_CELL_CYCLE;GOBP_REGULATION_OF_MITOTIC_CELL_CYCLE_PHASE_TRANSITION,0,INACTIVE,"[{""term_id"":""GOBP_CELL_CYCLE_CHECKPOINT_SIGNALING"",""NES"":1.013405964776871,""FDR"":0.5913209762687701,""leading_edge_n"":44,""qualified"":false},{""term_id"":""GOBP_CELL_CYCLE_G1_S_PHASE_TRANSITION"",""NES"":1.3615012876447006,""FDR"":0.2045555452309597,""leading_edge_n"":81,""qualified"":false},{""term_id"":""GOBP_CELL_CYCLE_G2_M_PHASE_TRANSITION"",""NES"":1.198398983970838,""FDR"":0.3462516018522915,""leading_edge_n"":42,""qualified"":false},{""term_id"":""GOBP_MITOTIC_CELL_CYCLE_CHECKPOINT_SIGNALING"",""NES"":0.7936405159268024,""FDR"":0.8983140830495653,""leading_edge_n"":31,""qualified"":false},{""term_id"":""GOBP_MITOTIC_CELL_CYCLE_PHASE_TRANSITION"",""NES"":1.3132376826930536,""FDR"":0.2399379801957636,""leading_edge_n"":115,""qualified"":false},{""term_id"":""GOBP_MITOTIC_DNA_INTEGRITY_CHECKPOINT_SIGNALING"",""NES"":0.8156141487683176,""FDR"":0.8754486435588998,""leading_edge_n"":27,""qualified"":false},{""term_id"":""GOBP_MITOTIC_G2_DNA_DAMAGE_CHECKPOINT_SIGNALING"",""NES"":0.771967405167708,""FDR"":0.9185626253820214,""leading_edge_n"":9,""qualified"":false},{""term_id"":""GOBP_MITOTIC_G2_M_TRANSITION_CHECKPOINT"",""NES"":0.874474400363257,""FDR"":0.7990269055376933,""leading_edge_n"":14,""qualified"":false},{""term_id"":""GOBP_NEGATIVE_REGULATION_OF_CELL_CYCLE"",""NES"":1.3048006785213684,""FDR"":0.2451830951171244,""leading_edge_n"":94,""qualified"":false},{""term_id"":""GOBP_NEGATIVE_REGULATION_OF_CELL_CYCLE_G2_M_PHASE_TRANSITION"",""NES"":0.9882709873122604,""FDR"":0.6280615855676577,""leading_edge_n"":19,""qualified"":false},{""term_id"":""GOBP_NEGATIVE_REGULATION_OF_CELL_CYCLE_PROCESS"",""NES"":1.1880094559291443,""FDR"":0.356148655566023,""leading_edge_n"":74,""qualified"":false},{""term_id"":""GOBP_NEGATIVE_REGULATION_OF_MITOTIC_CELL_CYCLE"",""NES"":0.984771669218256,""FDR"":0.6340761628845484,""leading_edge_n"":55,""qualified"":false},{""term_id"":""GOBP_NEGATIVE_REGULATION_OF_MITOTIC_CELL_CYCLE_PHASE_TRANSITION"",""NES"":1.011734170336688,""FDR"":0.5942893796977952,""leading_edge_n"":43,""qualified"":false},{""term_id"":""GOBP_REGULATION_OF_CELL_CYCLE_G1_S_PHASE_TRANSITION"",""NES"":1.2736400772940328,""FDR"":0.2715382069269916,""leading_edge_n"":61,""qualified"":false},{""term_id"":""GOBP_REGULATION_OF_CELL_CYCLE_G2_M_PHASE_TRANSITION"",""NES"":1.167302230167781,""FDR"":0.3791942915972155,""leading_edge_n"":32,""qualified"":false},{""term_id"":""GOBP_REGULATION_OF_CELL_CYCLE_PHASE_TRANSITION"",""NES"":1.2438514257067663,""FDR"":0.3025775299771093,""leading_edge_n"":110,""qualified"":false},{""term_id"":""GOBP_REGULATION_OF_MITOTIC_CELL_CYCLE"",""NES"":1.271554788041293,""FDR"":0.2733731364250428,""leading_edge_n"":131,""qualified"":false},{""term_id"":""GOBP_REGULATION_OF_MITOTIC_CELL_CYCLE_PHASE_TRANSITION"",""NES"":1.1649730199745725,""FDR"":0.3815437022096923,""leading_edge_n"":82,""qualified"":false}]"
EXP001_vs_primary,P,P009,EXP001,0.5,1,GOBP_CELL_CYCLE_DNA_REPLICATION,1,POSITIVE,"[{""term_id"":""GOBP_CELL_CYCLE_DNA_REPLICATION"",""NES"":2.4688789966290337,""FDR"":0.0,""leading_edge_n"":25,""qualified"":true}]"
EXP001_vs_primary,P,P009,primary,0.5,1,GOBP_CELL_CYCLE_DNA_REPLICATION,0,INACTIVE,"[{""term_id"":""GOBP_CELL_CYCLE_DNA_REPLICATION"",""NES"":1.0394722728943913,""FDR"":0.5529299140799829,""leading_edge_n"":14,""qualified"":false}]"
EXP001_vs_primary,P,P010,EXP001,0.5,1,GOBP_CELL_PROLIFERATION_INVOLVED_IN_HEART_MORPHOGENESIS,0,INACTIVE,"[{""term_id"":""GOBP_CELL_PROLIFERATION_INVOLVED_IN_HEART_MORPHOGENESIS"",""NES"":1.152492463030773,""FDR"":0.3932929102360106,""leading_edge_n"":8,""qualified"":false}]"
EXP001_vs_primary,P,P010,primary,0.5,1,GOBP_CELL_PROLIFERATION_INVOLVED_IN_HEART_MORPHOGENESIS,0,INACTIVE,"[{""term_id"":""GOBP_CELL_PROLIFERATION_INVOLVED_IN_HEART_MORPHOGENESIS"",""NES"":1.3645977626246528,""FDR"":0.2031346297604806,""leading_edge_n"":9,""qualified"":false}]"
EXP001_vs_primary,P,P011,EXP001,0.5,1,GOBP_CELL_PROLIFERATION_INVOLVED_IN_KIDNEY_DEVELOPMENT,0,INACTIVE,"[{""term_id"":""GOBP_CELL_PROLIFERATION_INVOLVED_IN_KIDNEY_DEVELOPMENT"",""NES"":-1.4401194637661308,""FDR"":0.1553744355650403,""leading_edge_n"":10,""qualified"":false}]"
EXP001_vs_primary,P,P011,primary,0.5,1,GOBP_CELL_PROLIFERATION_INVOLVED_IN_KIDNEY_DEVELOPMENT,0,INACTIVE,"[{""term_id"":""GOBP_CELL_PROLIFERATION_INVOLVED_IN_KIDNEY_DEVELOPMENT"",""NES"":1.4144788907681545,""FDR"":0.1696744121580365,""leading_edge_n"":5,""qualified"":false}]"
EXP001_vs_primary,P,P012,EXP001,0.5,1,GOBP_CELL_PROLIFERATION_IN_FOREBRAIN,0,INACTIVE,"[{""term_id"":""GOBP_CELL_PROLIFERATION_IN_FOREBRAIN"",""NES"":-1.1086166828650126,""FDR"":0.4181050879410766,""leading_edge_n"":6,""qualified"":false}]"
EXP001_vs_primary,P,P012,primary,0.5,1,GOBP_CELL_PROLIFERATION_IN_FOREBRAIN,0,INACTIVE,"[{""term_id"":""GOBP_CELL_PROLIFERATION_IN_FOREBRAIN"",""NES"":-1.078475917237805,""FDR"":0.6425215882327767,""leading_edge_n"":5,""qualified"":false}]"
EXP001_vs_primary,P,P013,EXP001,0.5,4,GOBP_CHROMOSOME_ORGANIZATION_INVOLVED_IN_MEIOTIC_CELL_CYCLE;GOBP_HOMOLOGOUS_CHROMOSOME_PAIRING_AT_MEIOSIS;GOBP_HOMOLOGOUS_CHROMOSOME_SEGREGATION;GOBP_MEIOTIC_CHROMOSOME_SEGREGATION,3,POSITIVE,"[{""term_id"":""GOBP_CHROMOSOME_ORGANIZATION_INVOLVED_IN_MEIOTIC_CELL_CYCLE"",""NES"":1.8528723962929852,""FDR"":0.0034883003266123,""leading_edge_n"":14,""qualified"":true},{""term_id"":""GOBP_HOMOLOGOUS_CHROMOSOME_PAIRING_AT_MEIOSIS"",""NES"":1.3798663122936228,""FDR"":0.160374635804614,""leading_edge_n"":9,""qualified"":false},{""term_id"":""GOBP_HOMOLOGOUS_CHROMOSOME_SEGREGATION"",""NES"":1.950933882494989,""FDR"":0.0008778832518424,""leading_edge_n"":16,""qualified"":true},{""term_id"":""GOBP_MEIOTIC_CHROMOSOME_SEGREGATION"",""NES"":2.398057291606849,""FDR"":0.0,""leading_edge_n"":26,""qualified"":true}]"
EXP001_vs_primary,P,P013,primary,0.5,4,GOBP_CHROMOSOME_ORGANIZATION_INVOLVED_IN_MEIOTIC_CELL_CYCLE;GOBP_HOMOLOGOUS_CHROMOSOME_PAIRING_AT_MEIOSIS;GOBP_HOMOLOGOUS_CHROMOSOME_SEGREGATION;GOBP_MEIOTIC_CHROMOSOME_SEGREGATION,0,INACTIVE,"[{""term_id"":""GOBP_CHROMOSOME_ORGANIZATION_INVOLVED_IN_MEIOTIC_CELL_CYCLE"",""NES"":-0.701900514275721,""FDR"":0.9982829402841462,""leading_edge_n"":7,""qualified"":false},{""term_id"":""GOBP_HOMOLOGOUS_CHROMOSOME_PAIRING_AT_MEIOSIS"",""NES"":-0.674054968105597,""FDR"":1.0,""leading_edge_n"":5,""qualified"":false},{""term_id"":""GOBP_HOMOLOGOUS_CHROMOSOME_SEGREGATION"",""NES"":0.6166673624663112,""FDR"":0.9889084890087542,""leading_edge_n"":15,""qualified"":false},{""term_id"":""GOBP_MEIOTIC_CHROMOSOME_SEGREGATION"",""NES"":0.7471541228886217,""FDR"":0.93764780127962,""leading_edge_n"":25,""qualified"":false}]"
EXP001_vs_primary,P,P014,EXP001,0.5,4,GOBP_CHROMOSOME_SEGREGATION;GOBP_MITOTIC_NUCLEAR_DIVISION;GOBP_MITOTIC_SISTER_CHROMATID_SEGREGATION;GOBP_NUCLEAR_CHROMOSOME_SEGREGATION,4,POSITIVE,"[{""term_id"":""GOBP_CHROMOSOME_SEGREGATION"",""NES"":2.6860353042655274,""FDR"":0.0,""leading_edge_n"":148,""qualified"":true},{""term_id"":""GOBP_MITOTIC_NUCLEAR_DIVISION"",""NES"":2.6270396397512537,""FDR"":0.0,""leading_edge_n"":102,""qualified"":true},{""term_id"":""GOBP_MITOTIC_SISTER_CHROMATID_SEGREGATION"",""NES"":2.81379508474579,""FDR"":0.0,""leading_edge_n"":70,""qualified"":true},{""term_id"":""GOBP_NUCLEAR_CHROMOSOME_SEGREGATION"",""NES"":2.769717257324896,""FDR"":0.0,""leading_edge_n"":116,""qualified"":true}]"
EXP001_vs_primary,P,P014,primary,0.5,4,GOBP_CHROMOSOME_SEGREGATION;GOBP_MITOTIC_NUCLEAR_DIVISION;GOBP_MITOTIC_SISTER_CHROMATID_SEGREGATION;GOBP_NUCLEAR_CHROMOSOME_SEGREGATION,0,INACTIVE,"[{""term_id"":""GOBP_CHROMOSOME_SEGREGATION"",""NES"":-0.8625060346450946,""FDR"":0.8892830068945365,""leading_edge_n"":61,""qualified"":false},{""term_id"":""GOBP_MITOTIC_NUCLEAR_DIVISION"",""NES"":-1.0728876281160458,""FDR"":0.6435673639706659,""leading_edge_n"":82,""qualified"":false},{""term_id"":""GOBP_MITOTIC_SISTER_CHROMATID_SEGREGATION"",""NES"":-1.1400175112983832,""FDR"":0.5760282416402939,""leading_edge_n"":57,""qualified"":false},{""term_id"":""GOBP_NUCLEAR_CHROMOSOME_SEGREGATION"",""NES"":-0.9435834681808518,""FDR"":0.7918906275678043,""leading_edge_n"":43,""qualified"":false}]"
EXP001_vs_primary,P,P015,EXP001,0.5,4,GOBP_CYTOKINESIS;GOBP_CYTOSKELETON_DEPENDENT_CYTOKINESIS;GOBP_MITOTIC_CYTOKINESIS;GOBP_REGULATION_OF_CYTOKINESIS,4,POSITIVE,"[{""term_id"":""GOBP_CYTOKINESIS"",""NES"":2.1396436597220503,""FDR"":2.665771831763385e-05,""leading_edge_n"":36,""qualified"":true},{""term_id"":""GOBP_CYTOSKELETON_DEPENDENT_CYTOKINESIS"",""NES"":2.1041516256279427,""FDR"":5.6202128784580536e-05,""leading_edge_n"":22,""qualified"":true},{""term_id"":""GOBP_MITOTIC_CYTOKINESIS"",""NES"":2.1355235870023184,""FDR"":3.139686824076875e-05,""leading_edge_n"":23,""qualified"":true},{""term_id"":""GOBP_REGULATION_OF_CYTOKINESIS"",""NES"":2.2620349319894983,""FDR"":8.23024701457045e-06,""leading_edge_n"":25,""qualified"":true}]"
EXP001_vs_primary,P,P015,primary,0.5,4,GOBP_CYTOKINESIS;GOBP_CYTOSKELETON_DEPENDENT_CYTOKINESIS;GOBP_MITOTIC_CYTOKINESIS;GOBP_REGULATION_OF_CYTOKINESIS,0,INACTIVE,"[{""term_id"":""GOBP_CYTOKINESIS"",""NES"":-1.1424712619252115,""FDR"":0.5731304546287984,""leading_edge_n"":52,""qualified"":false},{""term_id"":""GOBP_CYTOSKELETON_DEPENDENT_CYTOKINESIS"",""NES"":-1.162922443342806,""FDR"":0.5591922306858377,""leading_edge_n"":37,""qualified"":false},{""term_id"":""GOBP_MITOTIC_CYTOKINESIS"",""NES"":-0.921796674507098,""FDR"":0.8284882124543904,""leading_edge_n"":29,""qualified"":false},{""term_id"":""GOBP_REGULATION_OF_CYTOKINESIS"",""NES"":-0.8630801025287844,""FDR"":0.8895752306132974,""leading_edge_n"":20,""qualified"":false}]"
EXP001_vs_primary,P,P016,EXP001,0.5,2,GOBP_DNA_REPLICATION;GOBP_DNA_TEMPLATED_DNA_REPLICATION,2,POSITIVE,"[{""term_id"":""GOBP_DNA_REPLICATION"",""NES"":2.6523780607960425,""FDR"":0.0,""leading_edge_n"":134,""qualified"":true},{""term_id"":""GOBP_DNA_TEMPLATED_DNA_REPLICATION"",""NES"":2.75607004274238,""FDR"":0.0,""leading_edge_n"":84,""qualified"":true}]"
EXP001_vs_primary,P,P016,primary,0.5,2,GOBP_DNA_REPLICATION;GOBP_DNA_TEMPLATED_DNA_REPLICATION,0,INACTIVE,"[{""term_id"":""GOBP_DNA_REPLICATION"",""NES"":0.9745000876559516,""FDR"":0.6480221782824187,""leading_edge_n"":100,""qualified"":false},{""term_id"":""GOBP_DNA_TEMPLATED_DNA_REPLICATION"",""NES"":0.8835628419211418,""FDR"":0.787737156000808,""leading_edge_n"":49,""qualified"":false}]"
EXP001_vs_primary,P,P017,EXP001,0.5,1,GOBP_DNA_REPLICATION_CHECKPOINT_SIGNALING,1,POSITIVE,"[{""term_id"":""GOBP_DNA_REPLICATION_CHECKPOINT_SIGNALING"",""NES"":2.176260852147584,""FDR"":1.2747600639109118e-05,""leading_edge_n"":15,""qualified"":true}]"
EXP001_vs_primary,P,P017,primary,0.5,1,GOBP_DNA_REPLICATION_CHECKPOINT_SIGNALING,0,INACTIVE,"[{""term_id"":""GOBP_DNA_REPLICATION_CHECKPOINT_SIGNALING"",""NES"":0.9008382236312652,""FDR"":0.7637289814602767,""leading_edge_n"":8,""qualified"":false}]"
EXP001_vs_primary,P,P018,EXP001,0.5,1,GOBP_DNA_REPLICATION_INITIATION,1,POSITIVE,"[{""term_id"":""GOBP_DNA_REPLICATION_INITIATION"",""NES"":2.2509088533547743,""FDR"":8.151110024045734e-06,""leading_edge_n"":21,""qualified"":true}]"
EXP001_vs_primary,P,P018,primary,0.5,1,GOBP_DNA_REPLICATION_INITIATION,0,INACTIVE,"[{""term_id"":""GOBP_DNA_REPLICATION_INITIATION"",""NES"":0.8816274570051835,""FDR"":0.7888219148706577,""leading_edge_n"":16,""qualified"":false}]"
EXP001_vs_primary,P,P019,EXP001,0.5,1,GOBP_DNA_STRAND_ELONGATION_INVOLVED_IN_DNA_REPLICATION,1,POSITIVE,"[{""term_id"":""GOBP_DNA_STRAND_ELONGATION_INVOLVED_IN_DNA_REPLICATION"",""NES"":2.2672413528385373,""FDR"":8.310935710791729e-06,""leading_edge_n"":14,""qualified"":true}]"
EXP001_vs_primary,P,P019,primary,0.5,1,GOBP_DNA_STRAND_ELONGATION_INVOLVED_IN_DNA_REPLICATION,0,INACTIVE,"[{""term_id"":""GOBP_DNA_STRAND_ELONGATION_INVOLVED_IN_DNA_REPLICATION"",""NES"":1.1721840138749229,""FDR"":0.3741676124367111,""leading_edge_n"":7,""qualified"":false}]"
EXP001_vs_primary,P,P020,EXP001,0.5,1,GOBP_DNA_SYNTHESIS_INVOLVED_IN_DNA_REPLICATION,1,POSITIVE,"[{""term_id"":""GOBP_DNA_SYNTHESIS_INVOLVED_IN_DNA_REPLICATION"",""NES"":2.011881116165149,""FDR"":0.000323281312818,""leading_edge_n"":12,""qualified"":true}]"
EXP001_vs_primary,P,P020,primary,0.5,1,GOBP_DNA_SYNTHESIS_INVOLVED_IN_DNA_REPLICATION,0,INACTIVE,"[{""term_id"":""GOBP_DNA_SYNTHESIS_INVOLVED_IN_DNA_REPLICATION"",""NES"":1.0438571192524702,""FDR"":0.5459780603392193,""leading_edge_n"":12,""qualified"":false}]"
EXP001_vs_primary,P,P021,EXP001,0.5,1,GOBP_DNA_TEMPLATED_DNA_REPLICATION_MAINTENANCE_OF_FIDELITY,1,POSITIVE,"[{""term_id"":""GOBP_DNA_TEMPLATED_DNA_REPLICATION_MAINTENANCE_OF_FIDELITY"",""NES"":2.477372955062547,""FDR"":0.0,""leading_edge_n"":36,""qualified"":true}]"
EXP001_vs_primary,P,P021,primary,0.5,1,GOBP_DNA_TEMPLATED_DNA_REPLICATION_MAINTENANCE_OF_FIDELITY,0,INACTIVE,"[{""term_id"":""GOBP_DNA_TEMPLATED_DNA_REPLICATION_MAINTENANCE_OF_FIDELITY"",""NES"":0.527778708763368,""FDR"":0.9969211036892646,""leading_edge_n"":5,""qualified"":false}]"
EXP001_vs_primary,P,P022,EXP001,0.5,5,GOBP_ENDOTHELIAL_CELL_PROLIFERATION;GOBP_EPITHELIAL_CELL_PROLIFERATION;GOBP_POSITIVE_REGULATION_OF_ENDOTHELIAL_CELL_PROLIFERATION;GOBP_POSITIVE_REGULATION_OF_EPITHELIAL_CELL_PROLIFERATION;GOBP_REGULATION_OF_EPITHELIAL_CELL_PROLIFERATION,0,INACTIVE,"[{""term_id"":""GOBP_ENDOTHELIAL_CELL_PROLIFERATION"",""NES"":-1.573625394162179,""FDR"":0.1048423046430848,""leading_edge_n"":32,""qualified"":false},{""term_id"":""GOBP_EPITHELIAL_CELL_PROLIFERATION"",""NES"":-1.5841014628365628,""FDR"":0.1013100065250441,""leading_edge_n"":92,""qualified"":false},{""term_id"":""GOBP_POSITIVE_REGULATION_OF_ENDOTHELIAL_CELL_PROLIFERATION"",""NES"":-1.3826784109466674,""FDR"":0.1883079698345967,""leading_edge_n"":20,""qualified"":false},{""term_id"":""GOBP_POSITIVE_REGULATION_OF_EPITHELIAL_CELL_PROLIFERATION"",""NES"":-1.3590155017900012,""FDR"":0.2021898019103324,""leading_edge_n"":42,""qualified"":false},{""term_id"":""GOBP_REGULATION_OF_EPITHELIAL_CELL_PROLIFERATION"",""NES"":-1.5705705989278431,""FDR"":0.1052382550305251,""leading_edge_n"":75,""qualified"":false}]"
EXP001_vs_primary,P,P022,primary,0.5,5,GOBP_ENDOTHELIAL_CELL_PROLIFERATION;GOBP_EPITHELIAL_CELL_PROLIFERATION;GOBP_POSITIVE_REGULATION_OF_ENDOTHELIAL_CELL_PROLIFERATION;GOBP_POSITIVE_REGULATION_OF_EPITHELIAL_CELL_PROLIFERATION;GOBP_REGULATION_OF_EPITHELIAL_CELL_PROLIFERATION,1,POSITIVE,"[{""term_id"":""GOBP_ENDOTHELIAL_CELL_PROLIFERATION"",""NES"":1.3751958084080145,""FDR"":0.1959930461388042,""leading_edge_n"":39,""qualified"":false},{""term_id"":""GOBP_EPITHELIAL_CELL_PROLIFERATION"",""NES"":1.7369015861008976,""FDR"":0.0441834721378513,""leading_edge_n"":105,""qualified"":true},{""term_id"":""GOBP_POSITIVE_REGULATION_OF_ENDOTHELIAL_CELL_PROLIFERATION"",""NES"":1.0301959780904804,""FDR"":0.5661917668543598,""leading_edge_n"":21,""qualified"":false},{""term_id"":""GOBP_POSITIVE_REGULATION_OF_EPITHELIAL_CELL_PROLIFERATION"",""NES"":1.4072734795007436,""FDR"":0.173922879357505,""leading_edge_n"":43,""qualified"":false},{""term_id"":""GOBP_REGULATION_OF_EPITHELIAL_CELL_PROLIFERATION"",""NES"":1.6698270769447197,""FDR"":0.0623902084956924,""leading_edge_n"":87,""qualified"":false}]"
EXP001_vs_primary,P,P023,EXP001,0.5,3,GOBP_ESTABLISHMENT_OF_MITOTIC_SPINDLE_LOCALIZATION;GOBP_ESTABLISHMENT_OF_SPINDLE_ORIENTATION;GOBP_SPINDLE_LOCALIZATION,3,POSITIVE,"[{""term_id"":""GOBP_ESTABLISHMENT_OF_MITOTIC_SPINDLE_LOCALIZATION"",""NES"":1.7029304366736058,""FDR"":0.017657020335246,""leading_edge_n"":13,""qualified"":true},{""term_id"":""GOBP_ESTABLISHMENT_OF_SPINDLE_ORIENTATION"",""NES"":1.759757695365339,""FDR"":0.0100034547351062,""leading_edge_n"":13,""qualified"":true},{""term_id"":""GOBP_SPINDLE_LOCALIZATION"",""NES"":1.849989589013096,""FDR"":0.0035876094801536,""leading_edge_n"":19,""qualified"":true}]"
EXP001_vs_primary,P,P023,primary,0.5,3,GOBP_ESTABLISHMENT_OF_MITOTIC_SPINDLE_LOCALIZATION;GOBP_ESTABLISHMENT_OF_SPINDLE_ORIENTATION;GOBP_SPINDLE_LOCALIZATION,0,INACTIVE,"[{""term_id"":""GOBP_ESTABLISHMENT_OF_MITOTIC_SPINDLE_LOCALIZATION"",""NES"":1.4528175535146388,""FDR"":0.1499394067892818,""leading_edge_n"":7,""qualified"":false},{""term_id"":""GOBP_ESTABLISHMENT_OF_SPINDLE_ORIENTATION"",""NES"":1.541179464704123,""FDR"":0.1045869814307557,""leading_edge_n"":9,""qualified"":false},{""term_id"":""GOBP_SPINDLE_LOCALIZATION"",""NES"":1.2788504448158342,""FDR"":0.2681060267641065,""leading_edge_n"":11,""qualified"":false}]"
EXP001_vs_primary,P,P024,EXP001,0.5,2,GOBP_GLIAL_CELL_PROLIFERATION;GOBP_REGULATION_OF_GLIAL_CELL_PROLIFERATION,0,INACTIVE,"[{""term_id"":""GOBP_GLIAL_CELL_PROLIFERATION"",""NES"":-0.965753132642397,""FDR"":0.6202623368219166,""leading_edge_n"":9,""qualified"":false},{""term_id"":""GOBP_REGULATION_OF_GLIAL_CELL_PROLIFERATION"",""NES"":-1.066159167237004,""FDR"":0.4729705715170166,""leading_edge_n"":4,""qualified"":false}]"
EXP001_vs_primary,P,P024,primary,0.5,2,GOBP_GLIAL_CELL_PROLIFERATION;GOBP_REGULATION_OF_GLIAL_CELL_PROLIFERATION,0,INACTIVE,"[{""term_id"":""GOBP_GLIAL_CELL_PROLIFERATION"",""NES"":1.038621761372594,""FDR"":0.5542285505379103,""leading_edge_n"":20,""qualified"":false},{""term_id"":""GOBP_REGULATION_OF_GLIAL_CELL_PROLIFERATION"",""NES"":0.976199852900784,""FDR"":0.6463183526100406,""leading_edge_n"":4,""qualified"":false}]"
EXP001_vs_primary,P,P025,EXP001,0.5,1,GOBP_HEMATOPOIETIC_STEM_CELL_PROLIFERATION,0,INACTIVE,"[{""term_id"":""GOBP_HEMATOPOIETIC_STEM_CELL_PROLIFERATION"",""NES"":-1.350050740520718,""FDR"":0.2066118702704117,""leading_edge_n"":4,""qualified"":false}]"
EXP001_vs_primary,P,P025,primary,0.5,1,GOBP_HEMATOPOIETIC_STEM_CELL_PROLIFERATION,0,INACTIVE,"[{""term_id"":""GOBP_HEMATOPOIETIC_STEM_CELL_PROLIFERATION"",""NES"":1.447263558376408,""FDR"":0.1528143599652288,""leading_edge_n"":7,""qualified"":false}]"
EXP001_vs_primary,P,P026,EXP001,0.5,1,GOBP_INNER_CELL_MASS_CELL_PROLIFERATION,0,INACTIVE,"[{""term_id"":""GOBP_INNER_CELL_MASS_CELL_PROLIFERATION"",""NES"":1.504928849065189,""FDR"":0.07987882441265,""leading_edge_n"":5,""qualified"":false}]"
EXP001_vs_primary,P,P026,primary,0.5,1,GOBP_INNER_CELL_MASS_CELL_PROLIFERATION,0,INACTIVE,"[{""term_id"":""GOBP_INNER_CELL_MASS_CELL_PROLIFERATION"",""NES"":0.7572739460256731,""FDR"":0.9323486606727271,""leading_edge_n"":4,""qualified"":false}]"
EXP001_vs_primary,P,P027,EXP001,0.5,1,GOBP_MALE_MEIOSIS_I,0,INACTIVE,"[{""term_id"":""GOBP_MALE_MEIOSIS_I"",""NES"":1.3060461247802548,""FDR"":0.2243697094774904,""leading_edge_n"":7,""qualified"":false}]"
EXP001_vs_primary,P,P027,primary,0.5,1,GOBP_MALE_MEIOSIS_I,0,INACTIVE,"[{""term_id"":""GOBP_MALE_MEIOSIS_I"",""NES"":0.9675897092613022,""FDR"":0.6607438392210242,""leading_edge_n"":7,""qualified"":false}]"
EXP001_vs_primary,P,P028,EXP001,0.5,1,GOBP_MAMMARY_GLAND_EPITHELIAL_CELL_PROLIFERATION,0,INACTIVE,"[{""term_id"":""GOBP_MAMMARY_GLAND_EPITHELIAL_CELL_PROLIFERATION"",""NES"":1.3783966066296875,""FDR"":0.1615830732253951,""leading_edge_n"":8,""qualified"":false}]"
EXP001_vs_primary,P,P028,primary,0.5,1,GOBP_MAMMARY_GLAND_EPITHELIAL_CELL_PROLIFERATION,0,INACTIVE,"[{""term_id"":""GOBP_MAMMARY_GLAND_EPITHELIAL_CELL_PROLIFERATION"",""NES"":1.541237269680315,""FDR"":0.104691755924566,""leading_edge_n"":10,""qualified"":false}]"
EXP001_vs_primary,P,P029,EXP001,0.5,3,GOBP_MEIOSIS_I_CELL_CYCLE_PROCESS;GOBP_MEIOTIC_CELL_CYCLE;GOBP_MEIOTIC_CELL_CYCLE_PROCESS,3,POSITIVE,"[{""term_id"":""GOBP_MEIOSIS_I_CELL_CYCLE_PROCESS"",""NES"":2.354296981460414,""FDR"":0.0,""leading_edge_n"":30,""qualified"":true},{""term_id"":""GOBP_MEIOTIC_CELL_CYCLE"",""NES"":2.3034334253943443,""FDR"":0.0,""leading_edge_n"":81,""qualified"":true},{""term_id"":""GOBP_MEIOTIC_CELL_CYCLE_PROCESS"",""NES"":2.3578729236959024,""FDR"":0.0,""leading_edge_n"":60,""qualified"":true}]"
EXP001_vs_primary,P,P029,primary,0.5,3,GOBP_MEIOSIS_I_CELL_CYCLE_PROCESS;GOBP_MEIOTIC_CELL_CYCLE;GOBP_MEIOTIC_CELL_CYCLE_PROCESS,0,INACTIVE,"[{""term_id"":""GOBP_MEIOSIS_I_CELL_CYCLE_PROCESS"",""NES"":0.7441566968917045,""FDR"":0.939664766769479,""leading_edge_n"":34,""qualified"":false},{""term_id"":""GOBP_MEIOTIC_CELL_CYCLE"",""NES"":1.095716920289003,""FDR"":0.4737535573002742,""leading_edge_n"":86,""qualified"":false},{""term_id"":""GOBP_MEIOTIC_CELL_CYCLE_PROCESS"",""NES"":0.8858675187572824,""FDR"":0.7846723531951668,""leading_edge_n"":59,""qualified"":false}]"
EXP001_vs_primary,P,P030,EXP001,0.5,2,GOBP_MEIOTIC_SPINDLE_ASSEMBLY;GOBP_MEIOTIC_SPINDLE_ORGANIZATION,2,POSITIVE,"[{""term_id"":""GOBP_MEIOTIC_SPINDLE_ASSEMBLY"",""NES"":2.006151795435748,""FDR"":0.000350295637397,""leading_edge_n"":10,""qualified"":true},{""term_id"":""GOBP_MEIOTIC_SPINDLE_ORGANIZATION"",""NES"":2.0974847101832346,""FDR"":6.312774571814143e-05,""leading_edge_n"":13,""qualified"":true}]"
EXP001_vs_primary,P,P030,primary,0.5,2,GOBP_MEIOTIC_SPINDLE_ASSEMBLY;GOBP_MEIOTIC_SPINDLE_ORGANIZATION,0,INACTIVE,"[{""term_id"":""GOBP_MEIOTIC_SPINDLE_ASSEMBLY"",""NES"":0.83657330439546,""FDR"":0.8498985016953818,""leading_edge_n"":9,""qualified"":false},{""term_id"":""GOBP_MEIOTIC_SPINDLE_ORGANIZATION"",""NES"":0.6475163486715654,""FDR"":0.9802958508987468,""leading_edge_n"":9,""qualified"":false}]"
EXP001_vs_primary,P,P031,EXP001,0.5,3,GOBP_MESENCHYMAL_CELL_PROLIFERATION;GOBP_POSITIVE_REGULATION_OF_MESENCHYMAL_CELL_PROLIFERATION;GOBP_REGULATION_OF_MESENCHYMAL_CELL_PROLIFERATION,0,INACTIVE,"[{""term_id"":""GOBP_MESENCHYMAL_CELL_PROLIFERATION"",""NES"":-1.4999732643684425,""FDR"":0.1306681546323987,""leading_edge_n"":19,""qualified"":false},{""term_id"":""GOBP_POSITIVE_REGULATION_OF_MESENCHYMAL_CELL_PROLIFERATION"",""NES"":-1.2395766118136418,""FDR"":0.2886470739243289,""leading_edge_n"":12,""qualified"":false},{""term_id"":""GOBP_REGULATION_OF_MESENCHYMAL_CELL_PROLIFERATION"",""NES"":-1.4154503416549349,""FDR"":0.1676257855377035,""leading_edge_n"":14,""qualified"":false}]"
EXP001_vs_primary,P,P031,primary,0.5,3,GOBP_MESENCHYMAL_CELL_PROLIFERATION;GOBP_POSITIVE_REGULATION_OF_MESENCHYMAL_CELL_PROLIFERATION;GOBP_REGULATION_OF_MESENCHYMAL_CELL_PROLIFERATION,3,POSITIVE,"[{""term_id"":""GOBP_MESENCHYMAL_CELL_PROLIFERATION"",""NES"":1.9161445341684071,""FDR"":0.0174900100940035,""leading_edge_n"":11,""qualified"":true},{""term_id"":""GOBP_POSITIVE_REGULATION_OF_MESENCHYMAL_CELL_PROLIFERATION"",""NES"":1.834955200824724,""FDR"":0.0263852278263458,""leading_edge_n"":10,""qualified"":true},{""term_id"":""GOBP_REGULATION_OF_MESENCHYMAL_CELL_PROLIFERATION"",""NES"":1.7821873564071071,""FDR"":0.0360709315145957,""leading_edge_n"":11,""qualified"":true}]"
EXP001_vs_primary,P,P032,EXP001,0.5,1,GOBP_MITOCHONDRIAL_DNA_REPLICATION,1,POSITIVE,"[{""term_id"":""GOBP_MITOCHONDRIAL_DNA_REPLICATION"",""NES"":1.683152871680936,""FDR"":0.0212291132181813,""leading_edge_n"":6,""qualified"":true}]"
EXP001_vs_primary,P,P032,primary,0.5,1,GOBP_MITOCHONDRIAL_DNA_REPLICATION,0,INACTIVE,"[{""term_id"":""GOBP_MITOCHONDRIAL_DNA_REPLICATION"",""NES"":0.7082195071862275,""FDR"":0.9572861118024744,""leading_edge_n"":9,""qualified"":false}]"
EXP001_vs_primary,P,P033,EXP001,0.5,1,GOBP_MITOTIC_CHROMOSOME_CONDENSATION,1,POSITIVE,"[{""term_id"":""GOBP_MITOTIC_CHROMOSOME_CONDENSATION"",""NES"":2.100049003058009,""FDR"":5.4986947621670686e-05,""leading_edge_n"":8,""qualified"":true}]"
EXP001_vs_primary,P,P033,primary,0.5,1,GOBP_MITOTIC_CHROMOSOME_CONDENSATION,0,INACTIVE,"[{""term_id"":""GOBP_MITOTIC_CHROMOSOME_CONDENSATION"",""NES"":-0.955208605248144,""FDR"":0.7793450338500506,""leading_edge_n"":4,""qualified"":false}]"
EXP001_vs_primary,P,P034,EXP001,0.5,1,GOBP_MITOTIC_CYTOKINETIC_PROCESS,1,POSITIVE,"[{""term_id"":""GOBP_MITOTIC_CYTOKINETIC_PROCESS"",""NES"":1.9586316964450443,""FDR"":0.000788932254882,""leading_edge_n"":9,""qualified"":true}]"
EXP001_vs_primary,P,P034,primary,0.5,1,GOBP_MITOTIC_CYTOKINETIC_PROCESS,0,INACTIVE,"[{""term_id"":""GOBP_MITOTIC_CYTOKINETIC_PROCESS"",""NES"":-0.8972510138511484,""FDR"":0.8577248226267458,""leading_edge_n"":13,""qualified"":false}]"
EXP001_vs_primary,P,P035,EXP001,0.5,1,GOBP_MITOTIC_DNA_REPLICATION,1,POSITIVE,"[{""term_id"":""GOBP_MITOTIC_DNA_REPLICATION"",""NES"":2.1451343150602846,""FDR"":2.717036674681912e-05,""leading_edge_n"":12,""qualified"":true}]"
EXP001_vs_primary,P,P035,primary,0.5,1,GOBP_MITOTIC_DNA_REPLICATION,0,INACTIVE,"[{""term_id"":""GOBP_MITOTIC_DNA_REPLICATION"",""NES"":0.8550043503872704,""FDR"":0.8258374155370596,""leading_edge_n"":6,""qualified"":false}]"
EXP001_vs_primary,P,P036,EXP001,0.5,1,GOBP_MITOTIC_G1_S_TRANSITION_CHECKPOINT_SIGNALING,0,INACTIVE,"[{""term_id"":""GOBP_MITOTIC_G1_S_TRANSITION_CHECKPOINT_SIGNALING"",""NES"":1.19732557012693,""FDR"":0.3392388759750891,""leading_edge_n"":4,""qualified"":false}]"
EXP001_vs_primary,P,P036,primary,0.5,1,GOBP_MITOTIC_G1_S_TRANSITION_CHECKPOINT_SIGNALING,0,INACTIVE,"[{""term_id"":""GOBP_MITOTIC_G1_S_TRANSITION_CHECKPOINT_SIGNALING"",""NES"":0.9406933081891828,""FDR"":0.7051607382129911,""leading_edge_n"":6,""qualified"":false}]"
EXP001_vs_primary,P,P037,EXP001,0.5,1,GOBP_MITOTIC_INTRA_S_DNA_DAMAGE_CHECKPOINT_SIGNALING,1,POSITIVE,"[{""term_id"":""GOBP_MITOTIC_INTRA_S_DNA_DAMAGE_CHECKPOINT_SIGNALING"",""NES"":1.8441072116807944,""FDR"":0.0038855625664765,""leading_edge_n"":11,""qualified"":true}]"
EXP001_vs_primary,P,P037,primary,0.5,1,GOBP_MITOTIC_INTRA_S_DNA_DAMAGE_CHECKPOINT_SIGNALING,0,INACTIVE,"[{""term_id"":""GOBP_MITOTIC_INTRA_S_DNA_DAMAGE_CHECKPOINT_SIGNALING"",""NES"":0.7389665081725498,""FDR"":0.9435062213253802,""leading_edge_n"":10,""qualified"":false}]"
EXP001_vs_primary,P,P038,EXP001,0.5,1,GOBP_MITOTIC_METAPHASE_CHROMOSOME_ALIGNMENT,1,POSITIVE,"[{""term_id"":""GOBP_MITOTIC_METAPHASE_CHROMOSOME_ALIGNMENT"",""NES"":2.6052818223401184,""FDR"":0.0,""leading_edge_n"":23,""qualified"":true}]"
EXP001_vs_primary,P,P038,primary,0.5,1,GOBP_MITOTIC_METAPHASE_CHROMOSOME_ALIGNMENT,0,INACTIVE,"[{""term_id"":""GOBP_MITOTIC_METAPHASE_CHROMOSOME_ALIGNMENT"",""NES"":-0.7650265559101842,""FDR"":0.963989133026244,""leading_edge_n"":17,""qualified"":false}]"
EXP001_vs_primary,P,P039,EXP001,0.5,1,GOBP_MITOTIC_RECOMBINATION,1,POSITIVE,"[{""term_id"":""GOBP_MITOTIC_RECOMBINATION"",""NES"":1.90308357451332,""FDR"":0.0018088195747627,""leading_edge_n"":17,""qualified"":true}]"
EXP001_vs_primary,P,P039,primary,0.5,1,GOBP_MITOTIC_RECOMBINATION,0,INACTIVE,"[{""term_id"":""GOBP_MITOTIC_RECOMBINATION"",""NES"":-1.442486768954224,""FDR"":0.3053927400335368,""leading_edge_n"":12,""qualified"":false}]"
EXP001_vs_primary,P,P040,EXP001,0.5,1,GOBP_MITOTIC_SISTER_CHROMATID_COHESION,1,POSITIVE,"[{""term_id"":""GOBP_MITOTIC_SISTER_CHROMATID_COHESION"",""NES"":2.0258560752711814,""FDR"":0.0002288081504094,""leading_edge_n"":18,""qualified"":true}]"
EXP001_vs_primary,P,P040,primary,0.5,1,GOBP_MITOTIC_SISTER_CHROMATID_COHESION,0,INACTIVE,"[{""term_id"":""GOBP_MITOTIC_SISTER_CHROMATID_COHESION"",""NES"":0.8938139637605024,""FDR"":0.7724791868872478,""leading_edge_n"":10,""qualified"":false}]"
EXP001_vs_primary,P,P041,EXP001,0.5,7,GOBP_MITOTIC_SISTER_CHROMATID_SEPARATION;GOBP_POSITIVE_REGULATION_OF_CELL_CYCLE_CHECKPOINT;GOBP_POSITIVE_REGULATION_OF_SPINDLE_CHECKPOINT;GOBP_REGULATION_OF_CELL_CYCLE_CHECKPOINT;GOBP_REGULATION_OF_MITOTIC_NUCLEAR_DIVISION;GOBP_REGULATION_OF_MITOTIC_SISTER_CHROMATID_SEGREGATION;GOBP_REGULATION_OF_SPINDLE_CHECKPOINT,7,POSITIVE,"[{""term_id"":""GOBP_MITOTIC_SISTER_CHROMATID_SEPARATION"",""NES"":2.663714064556664,""FDR"":0.0,""leading_edge_n"":29,""qualified"":true},{""term_id"":""GOBP_POSITIVE_REGULATION_OF_CELL_CYCLE_CHECKPOINT"",""NES"":2.1591486029721034,""FDR"":1.1533543435384438e-05,""leading_edge_n"":14,""qualified"":true},{""term_id"":""GOBP_POSITIVE_REGULATION_OF_SPINDLE_CHECKPOINT"",""NES"":2.092250697563795,""FDR"":6.149231189124658e-05,""leading_edge_n"":10,""qualified"":true},{""term_id"":""GOBP_REGULATION_OF_CELL_CYCLE_CHECKPOINT"",""NES"":2.21943630718902,""FDR"":7.371438630441359e-06,""leading_edge_n"":26,""qualified"":true},{""term_id"":""GOBP_REGULATION_OF_MITOTIC_NUCLEAR_DIVISION"",""NES"":2.5960208460853,""FDR"":0.0,""leading_edge_n"":51,""qualified"":true},{""term_id"":""GOBP_REGULATION_OF_MITOTIC_SISTER_CHROMATID_SEGREGATION"",""NES"":2.6248652194936413,""FDR"":0.0,""leading_edge_n"":27,""qualified"":true},{""term_id"":""GOBP_REGULATION_OF_SPINDLE_CHECKPOINT"",""NES"":2.2024530559459543,""FDR"":1.4368058347470446e-05,""leading_edge_n"":11,""qualified"":true}]"
EXP001_vs_primary,P,P041,primary,0.5,7,GOBP_MITOTIC_SISTER_CHROMATID_SEPARATION;GOBP_POSITIVE_REGULATION_OF_CELL_CYCLE_CHECKPOINT;GOBP_POSITIVE_REGULATION_OF_SPINDLE_CHECKPOINT;GOBP_REGULATION_OF_CELL_CYCLE_CHECKPOINT;GOBP_REGULATION_OF_MITOTIC_NUCLEAR_DIVISION;GOBP_REGULATION_OF_MITOTIC_SISTER_CHROMATID_SEGREGATION;GOBP_REGULATION_OF_SPINDLE_CHECKPOINT,0,INACTIVE,"[{""term_id"":""GOBP_MITOTIC_SISTER_CHROMATID_SEPARATION"",""NES"":-0.770871914830583,""FDR"":0.9640003679627918,""leading_edge_n"":24,""qualified"":false},{""term_id"":""GOBP_POSITIVE_REGULATION_OF_CELL_CYCLE_CHECKPOINT"",""NES"":-0.9977390140887922,""FDR"":0.7168099312998134,""leading_edge_n"":11,""qualified"":false},{""term_id"":""GOBP_POSITIVE_REGULATION_OF_SPINDLE_CHECKPOINT"",""NES"":-0.9000862737520261,""FDR"":0.8561254027512908,""leading_edge_n"":8,""qualified"":false},{""term_id"":""GOBP_REGULATION_OF_CELL_CYCLE_CHECKPOINT"",""NES"":0.7249036858025589,""FDR"":0.951645424564838,""leading_edge_n"":10,""qualified"":false},{""term_id"":""GOBP_REGULATION_OF_MITOTIC_NUCLEAR_DIVISION"",""NES"":0.7154125206643486,""FDR"":0.9546020746277364,""leading_edge_n"":24,""qualified"":false},{""term_id"":""GOBP_REGULATION_OF_MITOTIC_SISTER_CHROMATID_SEGREGATION"",""NES"":-0.6524679045444242,""FDR"":1.0,""leading_edge_n"":21,""qualified"":false},{""term_id"":""GOBP_REGULATION_OF_SPINDLE_CHECKPOINT"",""NES"":0.7420477783087963,""FDR"":0.9412306657550928,""leading_edge_n"":4,""qualified"":false}]"
EXP001_vs_primary,P,P042,EXP001,0.5,4,GOBP_MITOTIC_SPINDLE_ASSEMBLY;GOBP_MITOTIC_SPINDLE_ORGANIZATION;GOBP_SPINDLE_ASSEMBLY;GOBP_SPINDLE_ORGANIZATION,4,POSITIVE,"[{""term_id"":""GOBP_MITOTIC_SPINDLE_ASSEMBLY"",""NES"":2.0788116985638685,""FDR"":7.706504022734149e-05,""leading_edge_n"":23,""qualified"":true},{""term_id"":""GOBP_MITOTIC_SPINDLE_ORGANIZATION"",""NES"":2.302425772039846,""FDR"":0.0,""leading_edge_n"":54,""qualified"":true},{""term_id"":""GOBP_SPINDLE_ASSEMBLY"",""NES"":2.19229792826881,""FDR"":1.412859070834594e-05,""leading_edge_n"":45,""qualified"":true},{""term_id"":""GOBP_SPINDLE_ORGANIZATION"",""NES"":2.2787071808335324,""FDR"":8.739334458770684e-06,""leading_edge_n"":77,""qualified"":true}]"
EXP001_vs_primary,P,P042,primary,0.5,4,GOBP_MITOTIC_SPINDLE_ASSEMBLY;GOBP_MITOTIC_SPINDLE_ORGANIZATION;GOBP_SPINDLE_ASSEMBLY;GOBP_SPINDLE_ORGANIZATION,0,INACTIVE,"[{""term_id"":""GOBP_MITOTIC_SPINDLE_ASSEMBLY"",""NES"":-1.3122917927500573,""FDR"":0.4316843970848203,""leading_edge_n"":26,""qualified"":false},{""term_id"":""GOBP_MITOTIC_SPINDLE_ORGANIZATION"",""NES"":-1.2583527430986117,""FDR"":0.4849834436399048,""leading_edge_n"":41,""qualified"":false},{""term_id"":""GOBP_SPINDLE_ASSEMBLY"",""NES"":-1.3251057278094625,""FDR"":0.4175158264754359,""leading_edge_n"":42,""qualified"":false},{""term_id"":""GOBP_SPINDLE_ORGANIZATION"",""NES"":-1.2485743799881257,""FDR"":0.4903730306358736,""leading_edge_n"":61,""qualified"":false}]"
EXP001_vs_primary,P,P043,EXP001,0.5,5,GOBP_MUSCLE_CELL_PROLIFERATION;GOBP_POSITIVE_REGULATION_OF_SMOOTH_MUSCLE_CELL_PROLIFERATION;GOBP_POSITIVE_REGULATION_OF_VASCULAR_ASSOCIATED_SMOOTH_MUSCLE_CELL_PROLIFERATION;GOBP_SMOOTH_MUSCLE_CELL_PROLIFERATION;GOBP_VASCULAR_ASSOCIATED_SMOOTH_MUSCLE_CELL_PROLIFERATION,2,NEGATIVE,"[{""term_id"":""GOBP_MUSCLE_CELL_PROLIFERATION"",""NES"":-1.7215352385304123,""FDR"":0.0594176668015678,""leading_edge_n"":55,""qualified"":false},{""term_id"":""GOBP_POSITIVE_REGULATION_OF_SMOOTH_MUSCLE_CELL_PROLIFERATION"",""NES"":-1.6268414322808569,""FDR"":0.091043724362353,""leading_edge_n"":22,""qualified"":false},{""term_id"":""GOBP_POSITIVE_REGULATION_OF_VASCULAR_ASSOCIATED_SMOOTH_MUSCLE_CELL_PROLIFERATION"",""NES"":-1.7270219967235596,""FDR"":0.0591998379247214,""leading_edge_n"":11,""qualified"":false},{""term_id"":""GOBP_SMOOTH_MUSCLE_CELL_PROLIFERATION"",""NES"":-1.801006535559465,""FDR"":0.0495088732259097,""leading_edge_n"":40,""qualified"":true},{""term_id"":""GOBP_VASCULAR_ASSOCIATED_SMOOTH_MUSCLE_CELL_PROLIFERATION"",""NES"":-2.064832052159359,""FDR"":0.0052387844881563,""leading_edge_n"":22,""qualified"":true}]"
EXP001_vs_primary,P,P043,primary,0.5,5,GOBP_MUSCLE_CELL_PROLIFERATION;GOBP_POSITIVE_REGULATION_OF_SMOOTH_MUSCLE_CELL_PROLIFERATION;GOBP_POSITIVE_REGULATION_OF_VASCULAR_ASSOCIATED_SMOOTH_MUSCLE_CELL_PROLIFERATION;GOBP_SMOOTH_MUSCLE_CELL_PROLIFERATION;GOBP_VASCULAR_ASSOCIATED_SMOOTH_MUSCLE_CELL_PROLIFERATION,0,INACTIVE,"[{""term_id"":""GOBP_MUSCLE_CELL_PROLIFERATION"",""NES"":1.6783135795873243,""FDR"":0.0607306936287805,""leading_edge_n"":48,""qualified"":false},{""term_id"":""GOBP_POSITIVE_REGULATION_OF_SMOOTH_MUSCLE_CELL_PROLIFERATION"",""NES"":1.7034103707249233,""FDR"":0.0540787541597302,""leading_edge_n"":16,""qualified"":false},{""term_id"":""GOBP_POSITIVE_REGULATION_OF_VASCULAR_ASSOCIATED_SMOOTH_MUSCLE_CELL_PROLIFERATION"",""NES"":1.4282794949536504,""FDR"":0.1632663963903355,""leading_edge_n"":8,""qualified"":false},{""term_id"":""GOBP_SMOOTH_MUSCLE_CELL_PROLIFERATION"",""NES"":1.6318677565883934,""FDR"":0.0733503287067842,""leading_edge_n"":23,""qualified"":false},{""term_id"":""GOBP_VASCULAR_ASSOCIATED_SMOOTH_MUSCLE_CELL_PROLIFERATION"",""NES"":1.3622741701567571,""FDR"":0.2041897950890608,""leading_edge_n"":10,""qualified"":false}]"
EXP001_vs_primary,P,P044,EXP001,0.5,1,GOBP_NEGATIVE_REGULATION_OF_CELL_CYCLE_G1_S_PHASE_TRANSITION,0,INACTIVE,"[{""term_id"":""GOBP_NEGATIVE_REGULATION_OF_CELL_CYCLE_G1_S_PHASE_TRANSITION"",""NES"":-0.98583947545401,""FDR"":0.590885936956449,""leading_edge_n"":22,""qualified"":false}]"
EXP001_vs_primary,P,P044,primary,0.5,1,GOBP_NEGATIVE_REGULATION_OF_CELL_CYCLE_G1_S_PHASE_TRANSITION,0,INACTIVE,"[{""term_id"":""GOBP_NEGATIVE_REGULATION_OF_CELL_CYCLE_G1_S_PHASE_TRANSITION"",""NES"":1.0384035110983645,""FDR"":0.5543011653814891,""leading_edge_n"":10,""qualified"":false}]"
EXP001_vs_primary,P,P045,EXP001,0.5,1,GOBP_NEGATIVE_REGULATION_OF_DNA_REPLICATION,1,POSITIVE,"[{""term_id"":""GOBP_NEGATIVE_REGULATION_OF_DNA_REPLICATION"",""NES"":1.9159980694304768,""FDR"":0.0015615810782908,""leading_edge_n"":14,""qualified"":true}]"
EXP001_vs_primary,P,P045,primary,0.5,1,GOBP_NEGATIVE_REGULATION_OF_DNA_REPLICATION,0,INACTIVE,"[{""term_id"":""GOBP_NEGATIVE_REGULATION_OF_DNA_REPLICATION"",""NES"":1.1857603490721629,""FDR"":0.3583761405632708,""leading_edge_n"":10,""qualified"":false}]"
EXP001_vs_primary,P,P046,EXP001,0.5,1,GOBP_NEGATIVE_REGULATION_OF_ENDOTHELIAL_CELL_PROLIFERATION,0,INACTIVE,"[{""term_id"":""GOBP_NEGATIVE_REGULATION_OF_ENDOTHELIAL_CELL_PROLIFERATION"",""NES"":-1.2085476960857526,""FDR"":0.3187324204401298,""leading_edge_n"":7,""qualified"":false}]"
EXP001_vs_primary,P,P046,primary,0.5,1,GOBP_NEGATIVE_REGULATION_OF_ENDOTHELIAL_CELL_PROLIFERATION,0,INACTIVE,"[{""term_id"":""GOBP_NEGATIVE_REGULATION_OF_ENDOTHELIAL_CELL_PROLIFERATION"",""NES"":1.402095207644026,""FDR"":0.176960485096546,""leading_edge_n"":12,""qualified"":false}]"
EXP001_vs_primary,P,P047,EXP001,0.5,1,GOBP_NEGATIVE_REGULATION_OF_EPITHELIAL_CELL_PROLIFERATION,0,INACTIVE,"[{""term_id"":""GOBP_NEGATIVE_REGULATION_OF_EPITHELIAL_CELL_PROLIFERATION"",""NES"":-1.625157828541218,""FDR"":0.0910445141685475,""leading_edge_n"":27,""qualified"":false}]"
EXP001_vs_primary,P,P047,primary,0.5,1,GOBP_NEGATIVE_REGULATION_OF_EPITHELIAL_CELL_PROLIFERATION,0,INACTIVE,"[{""term_id"":""GOBP_NEGATIVE_REGULATION_OF_EPITHELIAL_CELL_PROLIFERATION"",""NES"":1.5460403688974644,""FDR"":0.1034601363200875,""leading_edge_n"":32,""qualified"":false}]"
EXP001_vs_primary,P,P048,EXP001,0.5,1,GOBP_NEGATIVE_REGULATION_OF_MEIOTIC_CELL_CYCLE,0,INACTIVE,"[{""term_id"":""GOBP_NEGATIVE_REGULATION_OF_MEIOTIC_CELL_CYCLE"",""NES"":1.4679131421998444,""FDR"":0.0989067934989615,""leading_edge_n"":7,""qualified"":false}]"
EXP001_vs_primary,P,P048,primary,0.5,1,GOBP_NEGATIVE_REGULATION_OF_MEIOTIC_CELL_CYCLE,0,INACTIVE,"[{""term_id"":""GOBP_NEGATIVE_REGULATION_OF_MEIOTIC_CELL_CYCLE"",""NES"":1.4343352201450237,""FDR"":0.1595052439764382,""leading_edge_n"":6,""qualified"":false}]"
EXP001_vs_primary,P,P049,EXP001,0.5,1,GOBP_NEGATIVE_REGULATION_OF_NEURAL_PRECURSOR_CELL_PROLIFERATION,0,INACTIVE,"[{""term_id"":""GOBP_NEGATIVE_REGULATION_OF_NEURAL_PRECURSOR_CELL_PROLIFERATION"",""NES"":-1.5340890345929914,""FDR"":0.1170903514195349,""leading_edge_n"":8,""qualified"":false}]"
EXP001_vs_primary,P,P049,primary,0.5,1,GOBP_NEGATIVE_REGULATION_OF_NEURAL_PRECURSOR_CELL_PROLIFERATION,0,INACTIVE,"[{""term_id"":""GOBP_NEGATIVE_REGULATION_OF_NEURAL_PRECURSOR_CELL_PROLIFERATION"",""NES"":-0.8470423211795853,""FDR"":0.9049443389860404,""leading_edge_n"":3,""qualified"":false}]"
EXP001_vs_primary,P,P050,EXP001,0.5,2,GOBP_NEGATIVE_REGULATION_OF_SMOOTH_MUSCLE_CELL_PROLIFERATION;GOBP_NEGATIVE_REGULATION_OF_VASCULAR_ASSOCIATED_SMOOTH_MUSCLE_CELL_PROLIFERATION,2,NEGATIVE,"[{""term_id"":""GOBP_NEGATIVE_REGULATION_OF_SMOOTH_MUSCLE_CELL_PROLIFERATION"",""NES"":-1.8649381752256688,""FDR"":0.0333212563987424,""leading_edge_n"":18,""qualified"":true},{""term_id"":""GOBP_NEGATIVE_REGULATION_OF_VASCULAR_ASSOCIATED_SMOOTH_MUSCLE_CELL_PROLIFERATION"",""NES"":-1.841904064609048,""FDR"":0.0370901856939254,""leading_edge_n"":10,""qualified"":true}]"
EXP001_vs_primary,P,P050,primary,0.5,2,GOBP_NEGATIVE_REGULATION_OF_SMOOTH_MUSCLE_CELL_PROLIFERATION;GOBP_NEGATIVE_REGULATION_OF_VASCULAR_ASSOCIATED_SMOOTH_MUSCLE_CELL_PROLIFERATION,0,INACTIVE,"[{""term_id"":""GOBP_NEGATIVE_REGULATION_OF_SMOOTH_MUSCLE_CELL_PROLIFERATION"",""NES"":-1.0623586445355548,""FDR"":0.6587991719228018,""leading_edge_n"":9,""qualified"":false},{""term_id"":""GOBP_NEGATIVE_REGULATION_OF_VASCULAR_ASSOCIATED_SMOOTH_MUSCLE_CELL_PROLIFERATION"",""NES"":0.8928286808295237,""FDR"":0.7741031162981252,""leading_edge_n"":2,""qualified"":false}]"
EXP001_vs_primary,P,P051,EXP001,0.5,1,GOBP_NEGATIVE_REGULATION_OF_T_CELL_PROLIFERATION,0,INACTIVE,"[{""term_id"":""GOBP_NEGATIVE_REGULATION_OF_T_CELL_PROLIFERATION"",""NES"":-1.5302300090802907,""FDR"":0.119386077613429,""leading_edge_n"":14,""qualified"":false}]"
EXP001_vs_primary,P,P051,primary,0.5,1,GOBP_NEGATIVE_REGULATION_OF_T_CELL_PROLIFERATION,0,INACTIVE,"[{""term_id"":""GOBP_NEGATIVE_REGULATION_OF_T_CELL_PROLIFERATION"",""NES"":1.0302910712661268,""FDR"":0.5661972824272582,""leading_edge_n"":6,""qualified"":false}]"
EXP001_vs_primary,P,P052,EXP001,0.5,3,GOBP_NEURAL_PRECURSOR_CELL_PROLIFERATION;GOBP_POSITIVE_REGULATION_OF_NEURAL_PRECURSOR_CELL_PROLIFERATION;GOBP_REGULATION_OF_NEURAL_PRECURSOR_CELL_PROLIFERATION,0,INACTIVE,"[{""term_id"":""GOBP_NEURAL_PRECURSOR_CELL_PROLIFERATION"",""NES"":1.1546969161172065,""FDR"":0.3910005617601449,""leading_edge_n"":19,""qualified"":false},{""term_id"":""GOBP_POSITIVE_REGULATION_OF_NEURAL_PRECURSOR_CELL_PROLIFERATION"",""NES"":1.5019025993776485,""FDR"":0.0810919294074707,""leading_edge_n"":8,""qualified"":false},{""term_id"":""GOBP_REGULATION_OF_NEURAL_PRECURSOR_CELL_PROLIFERATION"",""NES"":1.1179908861217582,""FDR"":0.4425205133301335,""leading_edge_n"":10,""qualified"":false}]"
EXP001_vs_primary,P,P052,primary,0.5,3,GOBP_NEURAL_PRECURSOR_CELL_PROLIFERATION;GOBP_POSITIVE_REGULATION_OF_NEURAL_PRECURSOR_CELL_PROLIFERATION;GOBP_REGULATION_OF_NEURAL_PRECURSOR_CELL_PROLIFERATION,0,INACTIVE,"[{""term_id"":""GOBP_NEURAL_PRECURSOR_CELL_PROLIFERATION"",""NES"":1.137328556689412,""FDR"":0.4172976542076193,""leading_edge_n"":21,""qualified"":false},{""term_id"":""GOBP_POSITIVE_REGULATION_OF_NEURAL_PRECURSOR_CELL_PROLIFERATION"",""NES"":0.8681886001184351,""FDR"":0.8074495745845626,""leading_edge_n"":10,""qualified"":false},{""term_id"":""GOBP_REGULATION_OF_NEURAL_PRECURSOR_CELL_PROLIFERATION"",""NES"":1.098610280546478,""FDR"":0.4693267326504599,""leading_edge_n"":6,""qualified"":false}]"
EXP001_vs_primary,P,P053,EXP001,0.5,2,GOBP_POSITIVE_REGULATION_OF_CELL_CYCLE;GOBP_POSITIVE_REGULATION_OF_CELL_CYCLE_PROCESS,2,POSITIVE,"[{""term_id"":""GOBP_POSITIVE_REGULATION_OF_CELL_CYCLE"",""NES"":2.119922806239844,""FDR"":3.4500047078519155e-05,""leading_edge_n"":93,""qualified"":true},{""term_id"":""GOBP_POSITIVE_REGULATION_OF_CELL_CYCLE_PROCESS"",""NES"":2.4286126170530764,""FDR"":0.0,""leading_edge_n"":84,""qualified"":true}]"
EXP001_vs_primary,P,P053,primary,0.5,2,GOBP_POSITIVE_REGULATION_OF_CELL_CYCLE;GOBP_POSITIVE_REGULATION_OF_CELL_CYCLE_PROCESS,0,INACTIVE,"[{""term_id"":""GOBP_POSITIVE_REGULATION_OF_CELL_CYCLE"",""NES"":1.1873030338911357,""FDR"":0.3564692049712896,""leading_edge_n"":95,""qualified"":false},{""term_id"":""GOBP_POSITIVE_REGULATION_OF_CELL_CYCLE_PROCESS"",""NES"":1.1400672269880778,""FDR"":0.4137563331954594,""leading_edge_n"":77,""qualified"":false}]"
EXP001_vs_primary,P,P054,EXP001,0.5,5,GOBP_POSITIVE_REGULATION_OF_CELL_CYCLE_G1_S_PHASE_TRANSITION;GOBP_POSITIVE_REGULATION_OF_CELL_CYCLE_PHASE_TRANSITION;GOBP_POSITIVE_REGULATION_OF_G1_S_TRANSITION_OF_MITOTIC_CELL_CYCLE;GOBP_POSITIVE_REGULATION_OF_MITOTIC_CELL_CYCLE;GOBP_POSITIVE_REGULATION_OF_MITOTIC_CELL_CYCLE_PHASE_TRANSITION,3,POSITIVE,"[{""term_id"":""GOBP_POSITIVE_REGULATION_OF_CELL_CYCLE_G1_S_PHASE_TRANSITION"",""NES"":1.4925204204740212,""FDR"":0.0864367465223988,""leading_edge_n"":13,""qualified"":false},{""term_id"":""GOBP_POSITIVE_REGULATION_OF_CELL_CYCLE_PHASE_TRANSITION"",""NES"":2.2225991843816773,""FDR"":7.436100372813652e-06,""leading_edge_n"":46,""qualified"":true},{""term_id"":""GOBP_POSITIVE_REGULATION_OF_G1_S_TRANSITION_OF_MITOTIC_CELL_CYCLE"",""NES"":1.2844299045641858,""FDR"":0.246552273473556,""leading_edge_n"":13,""qualified"":false},{""term_id"":""GOBP_POSITIVE_REGULATION_OF_MITOTIC_CELL_CYCLE"",""NES"":1.9024456496370623,""FDR"":0.0018084596106682,""leading_edge_n"":39,""qualified"":true},{""term_id"":""GOBP_POSITIVE_REGULATION_OF_MITOTIC_CELL_CYCLE_PHASE_TRANSITION"",""NES"":2.1788364551249035,""FDR"":1.324555378907432e-05,""leading_edge_n"":27,""qualified"":true}]"
EXP001_vs_primary,P,P054,primary,0.5,5,GOBP_POSITIVE_REGULATION_OF_CELL_CYCLE_G1_S_PHASE_TRANSITION;GOBP_POSITIVE_REGULATION_OF_CELL_CYCLE_PHASE_TRANSITION;GOBP_POSITIVE_REGULATION_OF_G1_S_TRANSITION_OF_MITOTIC_CELL_CYCLE;GOBP_POSITIVE_REGULATION_OF_MITOTIC_CELL_CYCLE;GOBP_POSITIVE_REGULATION_OF_MITOTIC_CELL_CYCLE_PHASE_TRANSITION,0,INACTIVE,"[{""term_id"":""GOBP_POSITIVE_REGULATION_OF_CELL_CYCLE_G1_S_PHASE_TRANSITION"",""NES"":1.0955546104071672,""FDR"":0.4738988063952579,""leading_edge_n"":16,""qualified"":false},{""term_id"":""GOBP_POSITIVE_REGULATION_OF_CELL_CYCLE_PHASE_TRANSITION"",""NES"":1.3235112855458837,""FDR"":0.231523607834032,""leading_edge_n"":37,""qualified"":false},{""term_id"":""GOBP_POSITIVE_REGULATION_OF_G1_S_TRANSITION_OF_MITOTIC_CELL_CYCLE"",""NES"":1.004341772343618,""FDR"":0.6048550357303016,""leading_edge_n"":15,""qualified"":false},{""term_id"":""GOBP_POSITIVE_REGULATION_OF_MITOTIC_CELL_CYCLE"",""NES"":1.371470928919506,""FDR"":0.1981344496387725,""leading_edge_n"":42,""qualified"":false},{""term_id"":""GOBP_POSITIVE_REGULATION_OF_MITOTIC_CELL_CYCLE_PHASE_TRANSITION"",""NES"":1.1085084150802729,""FDR"":0.4570977681837959,""leading_edge_n"":28,""qualified"":false}]"
EXP001_vs_primary,P,P055,EXP001,0.5,1,GOBP_POSITIVE_REGULATION_OF_CELL_CYCLE_G2_M_PHASE_TRANSITION,1,POSITIVE,"[{""term_id"":""GOBP_POSITIVE_REGULATION_OF_CELL_CYCLE_G2_M_PHASE_TRANSITION"",""NES"":2.14558247105187,""FDR"":2.734565943550827e-05,""leading_edge_n"":14,""qualified"":true}]"
EXP001_vs_primary,P,P055,primary,0.5,1,GOBP_POSITIVE_REGULATION_OF_CELL_CYCLE_G2_M_PHASE_TRANSITION,0,INACTIVE,"[{""term_id"":""GOBP_POSITIVE_REGULATION_OF_CELL_CYCLE_G2_M_PHASE_TRANSITION"",""NES"":1.2440385946550556,""FDR"":0.3024651900676662,""leading_edge_n"":11,""qualified"":false}]"
EXP001_vs_primary,P,P056,EXP001,0.5,1,GOBP_POSITIVE_REGULATION_OF_CHROMOSOME_SEGREGATION,1,POSITIVE,"[{""term_id"":""GOBP_POSITIVE_REGULATION_OF_CHROMOSOME_SEGREGATION"",""NES"":2.421353018046161,""FDR"":0.0,""leading_edge_n"":16,""qualified"":true}]"
EXP001_vs_primary,P,P056,primary,0.5,1,GOBP_POSITIVE_REGULATION_OF_CHROMOSOME_SEGREGATION,0,INACTIVE,"[{""term_id"":""GOBP_POSITIVE_REGULATION_OF_CHROMOSOME_SEGREGATION"",""NES"":-0.8991138740024935,""FDR"":0.8545258967800218,""leading_edge_n"":6,""qualified"":false}]"
EXP001_vs_primary,P,P057,EXP001,0.5,1,GOBP_POSITIVE_REGULATION_OF_CYTOKINESIS,1,POSITIVE,"[{""term_id"":""GOBP_POSITIVE_REGULATION_OF_CYTOKINESIS"",""NES"":2.225404890334451,""FDR"":7.637076058565372e-06,""leading_edge_n"":13,""qualified"":true}]"
EXP001_vs_primary,P,P057,primary,0.5,1,GOBP_POSITIVE_REGULATION_OF_CYTOKINESIS,0,INACTIVE,"[{""term_id"":""GOBP_POSITIVE_REGULATION_OF_CYTOKINESIS"",""NES"":-1.0168507107228637,""FDR"":0.6955701077570504,""leading_edge_n"":6,""qualified"":false}]"
EXP001_vs_primary,P,P058,EXP001,0.5,1,GOBP_POSITIVE_REGULATION_OF_DNA_REPLICATION,1,POSITIVE,"[{""term_id"":""GOBP_POSITIVE_REGULATION_OF_DNA_REPLICATION"",""NES"":1.9418094869418443,""FDR"":0.0009894936349747,""leading_edge_n"":19,""qualified"":true}]"
EXP001_vs_primary,P,P058,primary,0.5,1,GOBP_POSITIVE_REGULATION_OF_DNA_REPLICATION,0,INACTIVE,"[{""term_id"":""GOBP_POSITIVE_REGULATION_OF_DNA_REPLICATION"",""NES"":0.8849769396049396,""FDR"":0.7855889044343459,""leading_edge_n"":7,""qualified"":false}]"
EXP001_vs_primary,P,P059,EXP001,0.5,1,GOBP_POSITIVE_REGULATION_OF_MEIOTIC_CELL_CYCLE,0,INACTIVE,"[{""term_id"":""GOBP_POSITIVE_REGULATION_OF_MEIOTIC_CELL_CYCLE"",""NES"":-0.8768605075877696,""FDR"":0.7641630356516066,""leading_edge_n"":6,""qualified"":false}]"
EXP001_vs_primary,P,P059,primary,0.5,1,GOBP_POSITIVE_REGULATION_OF_MEIOTIC_CELL_CYCLE,0,INACTIVE,"[{""term_id"":""GOBP_POSITIVE_REGULATION_OF_MEIOTIC_CELL_CYCLE"",""NES"":0.5854365115406178,""FDR"":0.9939290210903402,""leading_edge_n"":6,""qualified"":false}]"
EXP001_vs_primary,P,P060,EXP001,0.5,2,GOBP_POSITIVE_REGULATION_OF_METAPHASE_ANAPHASE_TRANSITION_OF_CELL_CYCLE;GOBP_POSITIVE_REGULATION_OF_MITOTIC_SISTER_CHROMATID_SEPARATION,2,POSITIVE,"[{""term_id"":""GOBP_POSITIVE_REGULATION_OF_METAPHASE_ANAPHASE_TRANSITION_OF_CELL_CYCLE"",""NES"":2.17737996043297,""FDR"":1.2942220496194754e-05,""leading_edge_n"":7,""qualified"":true},{""term_id"":""GOBP_POSITIVE_REGULATION_OF_MITOTIC_SISTER_CHROMATID_SEPARATION"",""NES"":2.3864368818249777,""FDR"":0.0,""leading_edge_n"":11,""qualified"":true}]"
EXP001_vs_primary,P,P060,primary,0.5,2,GOBP_POSITIVE_REGULATION_OF_METAPHASE_ANAPHASE_TRANSITION_OF_CELL_CYCLE;GOBP_POSITIVE_REGULATION_OF_MITOTIC_SISTER_CHROMATID_SEPARATION,0,INACTIVE,"[{""term_id"":""GOBP_POSITIVE_REGULATION_OF_METAPHASE_ANAPHASE_TRANSITION_OF_CELL_CYCLE"",""NES"":-0.4707214065448635,""FDR"":1.0,""leading_edge_n"":6,""qualified"":false},{""term_id"":""GOBP_POSITIVE_REGULATION_OF_MITOTIC_SISTER_CHROMATID_SEPARATION"",""NES"":-0.7667977972273314,""FDR"":0.9663246379058404,""leading_edge_n"":7,""qualified"":false}]"
EXP001_vs_primary,P,P061,EXP001,0.5,1,GOBP_POSITIVE_REGULATION_OF_MITOTIC_NUCLEAR_DIVISION,1,POSITIVE,"[{""term_id"":""GOBP_POSITIVE_REGULATION_OF_MITOTIC_NUCLEAR_DIVISION"",""NES"":1.83202207942474,""FDR"":0.0045425200042127,""leading_edge_n"":11,""qualified"":true}]"
EXP001_vs_primary,P,P061,primary,0.5,1,GOBP_POSITIVE_REGULATION_OF_MITOTIC_NUCLEAR_DIVISION,0,INACTIVE,"[{""term_id"":""GOBP_POSITIVE_REGULATION_OF_MITOTIC_NUCLEAR_DIVISION"",""NES"":0.9491573275475782,""FDR"":0.6905994478424062,""leading_edge_n"":12,""qualified"":false}]"
EXP001_vs_primary,P,P062,EXP001,0.5,3,GOBP_POSITIVE_REGULATION_OF_STEM_CELL_PROLIFERATION;GOBP_REGULATION_OF_STEM_CELL_PROLIFERATION;GOBP_STEM_CELL_PROLIFERATION,0,INACTIVE,"[{""term_id"":""GOBP_POSITIVE_REGULATION_OF_STEM_CELL_PROLIFERATION"",""NES"":1.2595263327383808,""FDR"":0.2728414893643768,""leading_edge_n"":8,""qualified"":false},{""term_id"":""GOBP_REGULATION_OF_STEM_CELL_PROLIFERATION"",""NES"":1.283230294303337,""FDR"":0.2467165906359608,""leading_edge_n"":13,""qualified"":false},{""term_id"":""GOBP_STEM_CELL_PROLIFERATION"",""NES"":1.0932542688480726,""FDR"":0.4769212828380265,""leading_edge_n"":18,""qualified"":false}]"
EXP001_vs_primary,P,P062,primary,0.5,3,GOBP_POSITIVE_REGULATION_OF_STEM_CELL_PROLIFERATION;GOBP_REGULATION_OF_STEM_CELL_PROLIFERATION;GOBP_STEM_CELL_PROLIFERATION,0,INACTIVE,"[{""term_id"":""GOBP_POSITIVE_REGULATION_OF_STEM_CELL_PROLIFERATION"",""NES"":1.055834824941776,""FDR"":0.5301537990124686,""leading_edge_n"":1,""qualified"":false},{""term_id"":""GOBP_REGULATION_OF_STEM_CELL_PROLIFERATION"",""NES"":1.4063423111398048,""FDR"":0.1748630365389578,""leading_edge_n"":7,""qualified"":false},{""term_id"":""GOBP_STEM_CELL_PROLIFERATION"",""NES"":1.6055966121728935,""FDR"":0.0804241384777836,""leading_edge_n"":13,""qualified"":false}]"
EXP001_vs_primary,P,P063,EXP001,0.5,1,GOBP_POSITIVE_REGULATION_OF_T_CELL_PROLIFERATION,0,INACTIVE,"[{""term_id"":""GOBP_POSITIVE_REGULATION_OF_T_CELL_PROLIFERATION"",""NES"":-0.9052040329333698,""FDR"":0.7204903670637827,""leading_edge_n"":13,""qualified"":false}]"
EXP001_vs_primary,P,P063,primary,0.5,1,GOBP_POSITIVE_REGULATION_OF_T_CELL_PROLIFERATION,0,INACTIVE,"[{""term_id"":""GOBP_POSITIVE_REGULATION_OF_T_CELL_PROLIFERATION"",""NES"":-0.8066951435525255,""FDR"":0.9429984973785686,""leading_edge_n"":19,""qualified"":false}]"
EXP001_vs_primary,P,P064,EXP001,0.5,1,GOBP_REGULATION_OF_ATTACHMENT_OF_SPINDLE_MICROTUBULES_TO_KINETOCHORE,1,POSITIVE,"[{""term_id"":""GOBP_REGULATION_OF_ATTACHMENT_OF_SPINDLE_MICROTUBULES_TO_KINETOCHORE"",""NES"":2.3209608712194005,""FDR"":0.0,""leading_edge_n"":13,""qualified"":true}]"
EXP001_vs_primary,P,P064,primary,0.5,1,GOBP_REGULATION_OF_ATTACHMENT_OF_SPINDLE_MICROTUBULES_TO_KINETOCHORE,0,INACTIVE,"[{""term_id"":""GOBP_REGULATION_OF_ATTACHMENT_OF_SPINDLE_MICROTUBULES_TO_KINETOCHORE"",""NES"":0.926944243199786,""FDR"":0.7262334744566596,""leading_edge_n"":2,""qualified"":false}]"
EXP001_vs_primary,P,P065,EXP001,0.5,1,GOBP_REGULATION_OF_CHROMOSOME_SEGREGATION,1,POSITIVE,"[{""term_id"":""GOBP_REGULATION_OF_CHROMOSOME_SEGREGATION"",""NES"":2.661477468244324,""FDR"":0.0,""leading_edge_n"":60,""qualified"":true}]"
EXP001_vs_primary,P,P065,primary,0.5,1,GOBP_REGULATION_OF_CHROMOSOME_SEGREGATION,0,INACTIVE,"[{""term_id"":""GOBP_REGULATION_OF_CHROMOSOME_SEGREGATION"",""NES"":-0.9397105873813808,""FDR"":0.7999139612817807,""leading_edge_n"":49,""qualified"":false}]"
EXP001_vs_primary,P,P066,EXP001,0.5,1,GOBP_REGULATION_OF_DNA_REPLICATION,1,POSITIVE,"[{""term_id"":""GOBP_REGULATION_OF_DNA_REPLICATION"",""NES"":2.305482849962357,""FDR"":0.0,""leading_edge_n"":51,""qualified"":true}]"
EXP001_vs_primary,P,P066,primary,0.5,1,GOBP_REGULATION_OF_DNA_REPLICATION,0,INACTIVE,"[{""term_id"":""GOBP_REGULATION_OF_DNA_REPLICATION"",""NES"":1.1464104636332042,""FDR"":0.4053022898454403,""leading_edge_n"":44,""qualified"":false}]"
EXP001_vs_primary,P,P067,EXP001,0.5,1,GOBP_REGULATION_OF_DNA_TEMPLATED_DNA_REPLICATION,1,POSITIVE,"[{""term_id"":""GOBP_REGULATION_OF_DNA_TEMPLATED_DNA_REPLICATION"",""NES"":2.243762119060357,""FDR"":7.997315495290154e-06,""leading_edge_n"":22,""qualified"":true}]"
EXP001_vs_primary,P,P067,primary,0.5,1,GOBP_REGULATION_OF_DNA_TEMPLATED_DNA_REPLICATION,0,INACTIVE,"[{""term_id"":""GOBP_REGULATION_OF_DNA_TEMPLATED_DNA_REPLICATION"",""NES"":0.9733162662696192,""FDR"":0.649927548398144,""leading_edge_n"":19,""qualified"":false}]"
EXP001_vs_primary,P,P068,EXP001,0.5,1,GOBP_REGULATION_OF_DNA_TEMPLATED_DNA_REPLICATION_INITIATION,1,POSITIVE,"[{""term_id"":""GOBP_REGULATION_OF_DNA_TEMPLATED_DNA_REPLICATION_INITIATION"",""NES"":2.176443054794052,""FDR"":1.284417337122358e-05,""leading_edge_n"":11,""qualified"":true}]"
EXP001_vs_primary,P,P068,primary,0.5,1,GOBP_REGULATION_OF_DNA_TEMPLATED_DNA_REPLICATION_INITIATION,0,INACTIVE,"[{""term_id"":""GOBP_REGULATION_OF_DNA_TEMPLATED_DNA_REPLICATION_INITIATION"",""NES"":0.5729172546027981,""FDR"":0.9957445163137838,""leading_edge_n"":9,""qualified"":false}]"
EXP001_vs_primary,P,P069,EXP001,0.5,1,GOBP_REGULATION_OF_MEIOTIC_CELL_CYCLE,0,INACTIVE,"[{""term_id"":""GOBP_REGULATION_OF_MEIOTIC_CELL_CYCLE"",""NES"":1.5412407554904564,""FDR"":0.0634473621930953,""leading_edge_n"":16,""qualified"":false}]"
EXP001_vs_primary,P,P069,primary,0.5,1,GOBP_REGULATION_OF_MEIOTIC_CELL_CYCLE,0,INACTIVE,"[{""term_id"":""GOBP_REGULATION_OF_MEIOTIC_CELL_CYCLE"",""NES"":1.1825378372843347,""FDR"":0.3627036316628346,""leading_edge_n"":20,""qualified"":false}]"
EXP001_vs_primary,P,P070,EXP001,0.5,1,GOBP_REGULATION_OF_MITOTIC_CYTOKINESIS,1,POSITIVE,"[{""term_id"":""GOBP_REGULATION_OF_MITOTIC_CYTOKINESIS"",""NES"":1.947018831588604,""FDR"":0.0009163684536891,""leading_edge_n"":6,""qualified"":true}]"
EXP001_vs_primary,P,P070,primary,0.5,1,GOBP_REGULATION_OF_MITOTIC_CYTOKINESIS,0,INACTIVE,"[{""term_id"":""GOBP_REGULATION_OF_MITOTIC_CYTOKINESIS"",""NES"":-0.7080079991101135,""FDR"":0.9963647894377308,""leading_edge_n"":3,""qualified"":false}]"
EXP001_vs_primary,P,P071,EXP001,0.5,3,GOBP_REGULATION_OF_MITOTIC_SPINDLE_ASSEMBLY;GOBP_REGULATION_OF_SPINDLE_ASSEMBLY;GOBP_REGULATION_OF_SPINDLE_ORGANIZATION,1,POSITIVE,"[{""term_id"":""GOBP_REGULATION_OF_MITOTIC_SPINDLE_ASSEMBLY"",""NES"":0.8672902301468234,""FDR"":0.802688656175044,""leading_edge_n"":4,""qualified"":false},{""term_id"":""GOBP_REGULATION_OF_SPINDLE_ASSEMBLY"",""NES"":1.2382959604156163,""FDR"":0.2963391819994623,""leading_edge_n"":9,""qualified"":false},{""term_id"":""GOBP_REGULATION_OF_SPINDLE_ORGANIZATION"",""NES"":1.5925023591047611,""FDR"":0.043973311953721,""leading_edge_n"":16,""qualified"":true}]"
EXP001_vs_primary,P,P071,primary,0.5,3,GOBP_REGULATION_OF_MITOTIC_SPINDLE_ASSEMBLY;GOBP_REGULATION_OF_SPINDLE_ASSEMBLY;GOBP_REGULATION_OF_SPINDLE_ORGANIZATION,0,INACTIVE,"[{""term_id"":""GOBP_REGULATION_OF_MITOTIC_SPINDLE_ASSEMBLY"",""NES"":-1.7426507091549526,""FDR"":0.0815886032307821,""leading_edge_n"":6,""qualified"":false},{""term_id"":""GOBP_REGULATION_OF_SPINDLE_ASSEMBLY"",""NES"":-1.5808743892182826,""FDR"":0.1871187346175175,""leading_edge_n"":6,""qualified"":false},{""term_id"":""GOBP_REGULATION_OF_SPINDLE_ORGANIZATION"",""NES"":-1.493926425024782,""FDR"":0.2673536548842988,""leading_edge_n"":17,""qualified"":false}]"
EXP001_vs_primary,P,P072,EXP001,0.5,1,GOBP_SKELETAL_MUSCLE_CELL_PROLIFERATION,0,INACTIVE,"[{""term_id"":""GOBP_SKELETAL_MUSCLE_CELL_PROLIFERATION"",""NES"":-1.2591481134390792,""FDR"":0.2731216271016456,""leading_edge_n"":5,""qualified"":false}]"
EXP001_vs_primary,P,P072,primary,0.5,1,GOBP_SKELETAL_MUSCLE_CELL_PROLIFERATION,0,INACTIVE,"[{""term_id"":""GOBP_SKELETAL_MUSCLE_CELL_PROLIFERATION"",""NES"":1.5431685475036383,""FDR"":0.1036318013397951,""leading_edge_n"":4,""qualified"":false}]"
EXP001_vs_primary,P,P073,EXP001,0.5,1,GOBP_TYPE_B_PANCREATIC_CELL_PROLIFERATION,0,INACTIVE,"[{""term_id"":""GOBP_TYPE_B_PANCREATIC_CELL_PROLIFERATION"",""NES"":-1.684600466126324,""FDR"":0.0695077080086798,""leading_edge_n"":5,""qualified"":false}]"
EXP001_vs_primary,P,P073,primary,0.5,1,GOBP_TYPE_B_PANCREATIC_CELL_PROLIFERATION,0,INACTIVE,"[{""term_id"":""GOBP_TYPE_B_PANCREATIC_CELL_PROLIFERATION"",""NES"":1.2171213082374392,""FDR"":0.3271258920984622,""leading_edge_n"":4,""qualified"":false}]"
EXP001_vs_primary,P,P074,EXP001,0.5,1,GOBP_T_CELL_PROLIFERATION,0,INACTIVE,"[{""term_id"":""GOBP_T_CELL_PROLIFERATION"",""NES"":-1.4642157609307191,""FDR"":0.1459373005039388,""leading_edge_n"":48,""qualified"":false}]"
EXP001_vs_primary,P,P074,primary,0.5,1,GOBP_T_CELL_PROLIFERATION,0,INACTIVE,"[{""term_id"":""GOBP_T_CELL_PROLIFERATION"",""NES"":0.8287279092863115,""FDR"":0.8599387824922636,""leading_edge_n"":20,""qualified"":false}]"
EXP001_vs_primary,P,P075,EXP001,0.5,1,GOBP_VASCULAR_ENDOTHELIAL_CELL_PROLIFERATION,0,INACTIVE,"[{""term_id"":""GOBP_VASCULAR_ENDOTHELIAL_CELL_PROLIFERATION"",""NES"":-1.52663477441888,""FDR"":0.1214872245102917,""leading_edge_n"":7,""qualified"":false}]"
EXP001_vs_primary,P,P075,primary,0.5,1,GOBP_VASCULAR_ENDOTHELIAL_CELL_PROLIFERATION,0,INACTIVE,"[{""term_id"":""GOBP_VASCULAR_ENDOTHELIAL_CELL_PROLIFERATION"",""NES"":1.2971447631295865,""FDR"":0.2508588820905453,""leading_edge_n"":7,""qualified"":false}]"
EXP001_vs_primary,P,P076,EXP001,0.5,1,HALLMARK_E2F_TARGETS,1,POSITIVE,"[{""term_id"":""HALLMARK_E2F_TARGETS"",""NES"":3.1773590469989497,""FDR"":0.0,""leading_edge_n"":130,""qualified"":true}]"
EXP001_vs_primary,P,P076,primary,0.5,1,HALLMARK_E2F_TARGETS,0,INACTIVE,"[{""term_id"":""HALLMARK_E2F_TARGETS"",""NES"":0.8599468691863386,""FDR"":0.8191543009892385,""leading_edge_n"":50,""qualified"":false}]"
EXP001_vs_primary,P,P077,EXP001,0.5,1,HALLMARK_G2M_CHECKPOINT,1,POSITIVE,"[{""term_id"":""HALLMARK_G2M_CHECKPOINT"",""NES"":3.013141782495752,""FDR"":0.0,""leading_edge_n"":118,""qualified"":true}]"
EXP001_vs_primary,P,P077,primary,0.5,1,HALLMARK_G2M_CHECKPOINT,0,INACTIVE,"[{""term_id"":""HALLMARK_G2M_CHECKPOINT"",""NES"":1.3583340608256615,""FDR"":0.2066637291029699,""leading_edge_n"":52,""qualified"":false}]"
EXP001_vs_primary,P,P078,EXP001,0.5,1,HALLMARK_MITOTIC_SPINDLE,1,POSITIVE,"[{""term_id"":""HALLMARK_MITOTIC_SPINDLE"",""NES"":2.04340940140483,""FDR"":0.0001695430885001,""leading_edge_n"":47,""qualified"":true}]"
EXP001_vs_primary,P,P078,primary,0.5,1,HALLMARK_MITOTIC_SPINDLE,0,INACTIVE,"[{""term_id"":""HALLMARK_MITOTIC_SPINDLE"",""NES"":-0.9782230586441684,""FDR"":0.7451244107104039,""leading_edge_n"":50,""qualified"":false}]"
EXP001_vs_primary,P,P079,EXP001,0.5,3,REACTOME_ABERRANT_REGULATION_OF_MITOTIC_EXIT_IN_CANCER_DUE_TO_RB1_DEFECTS;REACTOME_DISEASES_OF_MITOTIC_CELL_CYCLE;REACTOME_INHIBITION_OF_THE_PROTEOLYTIC_ACTIVITY_OF_APC_C_REQUIRED_FOR_THE_ONSET_OF_ANAPHASE_BY_MITOTIC_SPINDLE_CHECKPOINT_COMPONENTS,2,POSITIVE,"[{""term_id"":""REACTOME_ABERRANT_REGULATION_OF_MITOTIC_EXIT_IN_CANCER_DUE_TO_RB1_DEFECTS"",""NES"":1.528927538380687,""FDR"":0.0693422782974497,""leading_edge_n"":10,""qualified"":false},{""term_id"":""REACTOME_DISEASES_OF_MITOTIC_CELL_CYCLE"",""NES"":1.6358697938306692,""FDR"":0.0320308097875584,""leading_edge_n"":20,""qualified"":true},{""term_id"":""REACTOME_INHIBITION_OF_THE_PROTEOLYTIC_ACTIVITY_OF_APC_C_REQUIRED_FOR_THE_ONSET_OF_ANAPHASE_BY_MITOTIC_SPINDLE_CHECKPOINT_COMPONENTS"",""NES"":1.9036809303709912,""FDR"":0.0017956400587156,""leading_edge_n"":7,""qualified"":true}]"
EXP001_vs_primary,P,P079,primary,0.5,3,REACTOME_ABERRANT_REGULATION_OF_MITOTIC_EXIT_IN_CANCER_DUE_TO_RB1_DEFECTS;REACTOME_DISEASES_OF_MITOTIC_CELL_CYCLE;REACTOME_INHIBITION_OF_THE_PROTEOLYTIC_ACTIVITY_OF_APC_C_REQUIRED_FOR_THE_ONSET_OF_ANAPHASE_BY_MITOTIC_SPINDLE_CHECKPOINT_COMPONENTS,0,INACTIVE,"[{""term_id"":""REACTOME_ABERRANT_REGULATION_OF_MITOTIC_EXIT_IN_CANCER_DUE_TO_RB1_DEFECTS"",""NES"":0.7828464802619677,""FDR"":0.9091346353859598,""leading_edge_n"":7,""qualified"":false},{""term_id"":""REACTOME_DISEASES_OF_MITOTIC_CELL_CYCLE"",""NES"":0.7541787985398796,""FDR"":0.9338751809431042,""leading_edge_n"":17,""qualified"":false},{""term_id"":""REACTOME_INHIBITION_OF_THE_PROTEOLYTIC_ACTIVITY_OF_APC_C_REQUIRED_FOR_THE_ONSET_OF_ANAPHASE_BY_MITOTIC_SPINDLE_CHECKPOINT_COMPONENTS"",""NES"":0.5760632818630259,""FDR"":0.9953325165498544,""leading_edge_n"":6,""qualified"":false}]"
EXP001_vs_primary,P,P080,EXP001,0.5,1,REACTOME_ABERRANT_REGULATION_OF_MITOTIC_G1_S_TRANSITION_IN_CANCER_DUE_TO_RB1_DEFECTS,0,INACTIVE,"[{""term_id"":""REACTOME_ABERRANT_REGULATION_OF_MITOTIC_G1_S_TRANSITION_IN_CANCER_DUE_TO_RB1_DEFECTS"",""NES"":1.2136043235842835,""FDR"":0.3205021453522165,""leading_edge_n"":10,""qualified"":false}]"
EXP001_vs_primary,P,P080,primary,0.5,1,REACTOME_ABERRANT_REGULATION_OF_MITOTIC_G1_S_TRANSITION_IN_CANCER_DUE_TO_RB1_DEFECTS,0,INACTIVE,"[{""term_id"":""REACTOME_ABERRANT_REGULATION_OF_MITOTIC_G1_S_TRANSITION_IN_CANCER_DUE_TO_RB1_DEFECTS"",""NES"":0.4214297245283638,""FDR"":0.9996652031740906,""leading_edge_n"":7,""qualified"":false}]"
EXP001_vs_primary,P,P081,EXP001,0.5,3,REACTOME_ACTIVATION_OF_APC_C_AND_APC_C_CDC20_MEDIATED_DEGRADATION_OF_MITOTIC_PROTEINS;REACTOME_APC_C_MEDIATED_DEGRADATION_OF_CELL_CYCLE_PROTEINS;REACTOME_FBXL7_DOWN_REGULATES_AURKA_DURING_MITOTIC_ENTRY_AND_IN_EARLY_MITOSIS,3,POSITIVE,"[{""term_id"":""REACTOME_ACTIVATION_OF_APC_C_AND_APC_C_CDC20_MEDIATED_DEGRADATION_OF_MITOTIC_PROTEINS"",""NES"":2.284698120223465,""FDR"":9.01824938830592e-06,""leading_edge_n"":43,""qualified"":true},{""term_id"":""REACTOME_APC_C_MEDIATED_DEGRADATION_OF_CELL_CYCLE_PROTEINS"",""NES"":2.3457475820858877,""FDR"":0.0,""leading_edge_n"":43,""qualified"":true},{""term_id"":""REACTOME_FBXL7_DOWN_REGULATES_AURKA_DURING_MITOTIC_ENTRY_AND_IN_EARLY_MITOSIS"",""NES"":1.8636821960385832,""FDR"":0.003032212928945,""leading_edge_n"":28,""qualified"":true}]"
EXP001_vs_primary,P,P081,primary,0.5,3,REACTOME_ACTIVATION_OF_APC_C_AND_APC_C_CDC20_MEDIATED_DEGRADATION_OF_MITOTIC_PROTEINS;REACTOME_APC_C_MEDIATED_DEGRADATION_OF_CELL_CYCLE_PROTEINS;REACTOME_FBXL7_DOWN_REGULATES_AURKA_DURING_MITOTIC_ENTRY_AND_IN_EARLY_MITOSIS,1,POSITIVE,"[{""term_id"":""REACTOME_ACTIVATION_OF_APC_C_AND_APC_C_CDC20_MEDIATED_DEGRADATION_OF_MITOTIC_PROTEINS"",""NES"":1.543582137474739,""FDR"":0.1036158534141352,""leading_edge_n"":22,""qualified"":false},{""term_id"":""REACTOME_APC_C_MEDIATED_DEGRADATION_OF_CELL_CYCLE_PROTEINS"",""NES"":1.508467856578403,""FDR"":0.11954011662671,""leading_edge_n"":27,""qualified"":false},{""term_id"":""REACTOME_FBXL7_DOWN_REGULATES_AURKA_DURING_MITOTIC_ENTRY_AND_IN_EARLY_MITOSIS"",""NES"":1.9257618928580629,""FDR"":0.016904712921542,""leading_edge_n"":22,""qualified"":true}]"
EXP001_vs_primary,P,P082,EXP001,0.5,1,REACTOME_CELL_CYCLE_CHECKPOINTS,1,POSITIVE,"[{""term_id"":""REACTOME_CELL_CYCLE_CHECKPOINTS"",""NES"":2.7550074263591307,""FDR"":0.0,""leading_edge_n"":145,""qualified"":true}]"
EXP001_vs_primary,P,P082,primary,0.5,1,REACTOME_CELL_CYCLE_CHECKPOINTS,0,INACTIVE,"[{""term_id"":""REACTOME_CELL_CYCLE_CHECKPOINTS"",""NES"":1.145436366660765,""FDR"":0.4062785761915158,""leading_edge_n"":72,""qualified"":false}]"
EXP001_vs_primary,P,P083,EXP001,0.5,2,REACTOME_DNA_REPLICATION;REACTOME_DNA_REPLICATION_PRE_INITIATION,2,POSITIVE,"[{""term_id"":""REACTOME_DNA_REPLICATION"",""NES"":2.621480365184365,""FDR"":0.0,""leading_edge_n"":82,""qualified"":true},{""term_id"":""REACTOME_DNA_REPLICATION_PRE_INITIATION"",""NES"":2.417535507028731,""FDR"":0.0,""leading_edge_n"":56,""qualified"":true}]"
EXP001_vs_primary,P,P083,primary,0.5,2,REACTOME_DNA_REPLICATION;REACTOME_DNA_REPLICATION_PRE_INITIATION,0,INACTIVE,"[{""term_id"":""REACTOME_DNA_REPLICATION"",""NES"":1.5323735953610635,""FDR"":0.1084344058255154,""leading_edge_n"":59,""qualified"":false},{""term_id"":""REACTOME_DNA_REPLICATION_PRE_INITIATION"",""NES"":1.5723121415678465,""FDR"":0.0926433601962008,""leading_edge_n"":48,""qualified"":false}]"
EXP001_vs_primary,P,P084,EXP001,0.5,1,REACTOME_E2F_MEDIATED_REGULATION_OF_DNA_REPLICATION,1,POSITIVE,"[{""term_id"":""REACTOME_E2F_MEDIATED_REGULATION_OF_DNA_REPLICATION"",""NES"":1.835532510219687,""FDR"":0.0043385885849336,""leading_edge_n"":10,""qualified"":true}]"
EXP001_vs_primary,P,P084,primary,0.5,1,REACTOME_E2F_MEDIATED_REGULATION_OF_DNA_REPLICATION,0,INACTIVE,"[{""term_id"":""REACTOME_E2F_MEDIATED_REGULATION_OF_DNA_REPLICATION"",""NES"":-0.5051754136128108,""FDR"":0.9987775721960328,""leading_edge_n"":3,""qualified"":false}]"
EXP001_vs_primary,P,P085,EXP001,0.5,1,REACTOME_FOXO_MEDIATED_TRANSCRIPTION_OF_CELL_CYCLE_GENES,0,INACTIVE,"[{""term_id"":""REACTOME_FOXO_MEDIATED_TRANSCRIPTION_OF_CELL_CYCLE_GENES"",""NES"":-1.1247318673396711,""FDR"":0.3992005907183955,""leading_edge_n"":6,""qualified"":false}]"
EXP001_vs_primary,P,P085,primary,0.5,1,REACTOME_FOXO_MEDIATED_TRANSCRIPTION_OF_CELL_CYCLE_GENES,0,INACTIVE,"[{""term_id"":""REACTOME_FOXO_MEDIATED_TRANSCRIPTION_OF_CELL_CYCLE_GENES"",""NES"":-1.0126847634601803,""FDR"":0.6998574542632409,""leading_edge_n"":5,""qualified"":false}]"
EXP001_vs_primary,P,P086,EXP001,0.5,1,REACTOME_MEIOSIS,1,POSITIVE,"[{""term_id"":""REACTOME_MEIOSIS"",""NES"":1.8793882700922944,""FDR"":0.0024381422998813,""leading_edge_n"":25,""qualified"":true}]"
EXP001_vs_primary,P,P086,primary,0.5,1,REACTOME_MEIOSIS,0,INACTIVE,"[{""term_id"":""REACTOME_MEIOSIS"",""NES"":0.7752170740009768,""FDR"":0.9157848920081566,""leading_edge_n"":25,""qualified"":false}]"
EXP001_vs_primary,P,P087,EXP001,0.5,1,REACTOME_MITOTIC_G1_PHASE_AND_G1_S_TRANSITION,1,POSITIVE,"[{""term_id"":""REACTOME_MITOTIC_G1_PHASE_AND_G1_S_TRANSITION"",""NES"":2.390265179142937,""FDR"":0.0,""leading_edge_n"":81,""qualified"":true}]"
EXP001_vs_primary,P,P087,primary,0.5,1,REACTOME_MITOTIC_G1_PHASE_AND_G1_S_TRANSITION,0,INACTIVE,"[{""term_id"":""REACTOME_MITOTIC_G1_PHASE_AND_G1_S_TRANSITION"",""NES"":1.383656894438256,""FDR"":0.1901122499892614,""leading_edge_n"":53,""qualified"":false}]"
EXP001_vs_primary,P,P088,EXP001,0.5,1,REACTOME_MITOTIC_G2_G2_M_PHASES,1,POSITIVE,"[{""term_id"":""REACTOME_MITOTIC_G2_G2_M_PHASES"",""NES"":2.44604539335635,""FDR"":0.0,""leading_edge_n"":100,""qualified"":true}]"
EXP001_vs_primary,P,P088,primary,0.5,1,REACTOME_MITOTIC_G2_G2_M_PHASES,0,INACTIVE,"[{""term_id"":""REACTOME_MITOTIC_G2_G2_M_PHASES"",""NES"":0.980229481426227,""FDR"":0.6400715498530714,""leading_edge_n"":49,""qualified"":false}]"
EXP001_vs_primary,P,P089,EXP001,0.5,1,REACTOME_MITOTIC_METAPHASE_AND_ANAPHASE,1,POSITIVE,"[{""term_id"":""REACTOME_MITOTIC_METAPHASE_AND_ANAPHASE"",""NES"":2.6819765163692457,""FDR"":0.0,""leading_edge_n"":120,""qualified"":true}]"
EXP001_vs_primary,P,P089,primary,0.5,1,REACTOME_MITOTIC_METAPHASE_AND_ANAPHASE,0,INACTIVE,"[{""term_id"":""REACTOME_MITOTIC_METAPHASE_AND_ANAPHASE"",""NES"":1.0379149210872702,""FDR"":0.5547607999981127,""leading_edge_n"":53,""qualified"":false}]"
EXP001_vs_primary,P,P090,EXP001,0.5,1,REACTOME_MITOTIC_PROMETAPHASE,1,POSITIVE,"[{""term_id"":""REACTOME_MITOTIC_PROMETAPHASE"",""NES"":2.7791985137706443,""FDR"":0.0,""leading_edge_n"":97,""qualified"":true}]"
EXP001_vs_primary,P,P090,primary,0.5,1,REACTOME_MITOTIC_PROMETAPHASE,0,INACTIVE,"[{""term_id"":""REACTOME_MITOTIC_PROMETAPHASE"",""NES"":-0.9478589517600008,""FDR"":0.7892707776548877,""leading_edge_n"":34,""qualified"":false}]"
EXP001_vs_primary,P,P091,EXP001,0.5,1,REACTOME_MITOTIC_PROPHASE,1,POSITIVE,"[{""term_id"":""REACTOME_MITOTIC_PROPHASE"",""NES"":2.0950860682351373,""FDR"":6.27937364815375e-05,""leading_edge_n"":37,""qualified"":true}]"
EXP001_vs_primary,P,P091,primary,0.5,1,REACTOME_MITOTIC_PROPHASE,0,INACTIVE,"[{""term_id"":""REACTOME_MITOTIC_PROPHASE"",""NES"":1.061994600526698,""FDR"":0.5198078140008884,""leading_edge_n"":37,""qualified"":false}]"
EXP001_vs_primary,P,P092,EXP001,0.5,1,REACTOME_MITOTIC_SPINDLE_CHECKPOINT,1,POSITIVE,"[{""term_id"":""REACTOME_MITOTIC_SPINDLE_CHECKPOINT"",""NES"":2.703271338712986,""FDR"":0.0,""leading_edge_n"":56,""qualified"":true}]"
EXP001_vs_primary,P,P092,primary,0.5,1,REACTOME_MITOTIC_SPINDLE_CHECKPOINT,0,INACTIVE,"[{""term_id"":""REACTOME_MITOTIC_SPINDLE_CHECKPOINT"",""NES"":0.6972508987565894,""FDR"":0.9625998966220656,""leading_edge_n"":17,""qualified"":false}]"
EXP001_vs_primary,P,P093,EXP001,0.5,1,REACTOME_POSTMITOTIC_NUCLEAR_PORE_COMPLEX_NPC_REFORMATION,1,POSITIVE,"[{""term_id"":""REACTOME_POSTMITOTIC_NUCLEAR_PORE_COMPLEX_NPC_REFORMATION"",""NES"":1.855535974435421,""FDR"":0.0033810331851624,""leading_edge_n"":20,""qualified"":true}]"
EXP001_vs_primary,P,P093,primary,0.5,1,REACTOME_POSTMITOTIC_NUCLEAR_PORE_COMPLEX_NPC_REFORMATION,0,INACTIVE,"[{""term_id"":""REACTOME_POSTMITOTIC_NUCLEAR_PORE_COMPLEX_NPC_REFORMATION"",""NES"":1.4586496767707586,""FDR"":0.1459978076069032,""leading_edge_n"":8,""qualified"":false}]"
EXP001_vs_primary,P,P094,EXP001,0.5,2,REACTOME_RECRUITMENT_OF_MITOTIC_CENTROSOME_PROTEINS_AND_COMPLEXES;REACTOME_RECRUITMENT_OF_NUMA_TO_MITOTIC_CENTROSOMES,2,POSITIVE,"[{""term_id"":""REACTOME_RECRUITMENT_OF_MITOTIC_CENTROSOME_PROTEINS_AND_COMPLEXES"",""NES"":2.3722097100124606,""FDR"":0.0,""leading_edge_n"":46,""qualified"":true},{""term_id"":""REACTOME_RECRUITMENT_OF_NUMA_TO_MITOTIC_CENTROSOMES"",""NES"":2.3385247298789595,""FDR"":0.0,""leading_edge_n"":53,""qualified"":true}]"
EXP001_vs_primary,P,P094,primary,0.5,2,REACTOME_RECRUITMENT_OF_MITOTIC_CENTROSOME_PROTEINS_AND_COMPLEXES;REACTOME_RECRUITMENT_OF_NUMA_TO_MITOTIC_CENTROSOMES,0,INACTIVE,"[{""term_id"":""REACTOME_RECRUITMENT_OF_MITOTIC_CENTROSOME_PROTEINS_AND_COMPLEXES"",""NES"":-1.1481065619454385,""FDR"":0.571213773583576,""leading_edge_n"":23,""qualified"":false},{""term_id"":""REACTOME_RECRUITMENT_OF_NUMA_TO_MITOTIC_CENTROSOMES"",""NES"":-1.1731143067733312,""FDR"":0.548686808361512,""leading_edge_n"":26,""qualified"":false}]"
EXP001_vs_primary,P,P095,EXP001,0.5,1,REACTOME_REGULATION_OF_MITF_M_DEPENDENT_GENES_INVOLVED_IN_CELL_CYCLE_AND_PROLIFERATION,1,POSITIVE,"[{""term_id"":""REACTOME_REGULATION_OF_MITF_M_DEPENDENT_GENES_INVOLVED_IN_CELL_CYCLE_AND_PROLIFERATION"",""NES"":1.5854312878687369,""FDR"":0.0462880026359389,""leading_edge_n"":10,""qualified"":true}]"
EXP001_vs_primary,P,P095,primary,0.5,1,REACTOME_REGULATION_OF_MITF_M_DEPENDENT_GENES_INVOLVED_IN_CELL_CYCLE_AND_PROLIFERATION,0,INACTIVE,"[{""term_id"":""REACTOME_REGULATION_OF_MITF_M_DEPENDENT_GENES_INVOLVED_IN_CELL_CYCLE_AND_PROLIFERATION"",""NES"":0.8599314172880236,""FDR"":0.8189153304241082,""leading_edge_n"":5,""qualified"":false}]"
EXP001_vs_primary,P,P096,EXP001,0.5,1,REACTOME_SUMOYLATION_OF_DNA_REPLICATION_PROTEINS,1,POSITIVE,"[{""term_id"":""REACTOME_SUMOYLATION_OF_DNA_REPLICATION_PROTEINS"",""NES"":2.361469598192662,""FDR"":0.0,""leading_edge_n"":32,""qualified"":true}]"
EXP001_vs_primary,P,P096,primary,0.5,1,REACTOME_SUMOYLATION_OF_DNA_REPLICATION_PROTEINS,0,INACTIVE,"[{""term_id"":""REACTOME_SUMOYLATION_OF_DNA_REPLICATION_PROTEINS"",""NES"":1.6378257559635143,""FDR"":0.0707817147041786,""leading_edge_n"":15,""qualified"":false}]"
EXP001_vs_primary,P,P097,EXP001,0.5,1,REACTOME_TP53_REGULATES_TRANSCRIPTION_OF_ADDITIONAL_CELL_CYCLE_GENES_WHOSE_EXACT_ROLE_IN_THE_P53_PATHWAY_REMAIN_UNCERTAIN,0,INACTIVE,"[{""term_id"":""REACTOME_TP53_REGULATES_TRANSCRIPTION_OF_ADDITIONAL_CELL_CYCLE_GENES_WHOSE_EXACT_ROLE_IN_THE_P53_PATHWAY_REMAIN_UNCERTAIN"",""NES"":-1.382505859340073,""FDR"":0.1883055440594215,""leading_edge_n"":4,""qualified"":false}]"
EXP001_vs_primary,P,P097,primary,0.5,1,REACTOME_TP53_REGULATES_TRANSCRIPTION_OF_ADDITIONAL_CELL_CYCLE_GENES_WHOSE_EXACT_ROLE_IN_THE_P53_PATHWAY_REMAIN_UNCERTAIN,0,INACTIVE,"[{""term_id"":""REACTOME_TP53_REGULATES_TRANSCRIPTION_OF_ADDITIONAL_CELL_CYCLE_GENES_WHOSE_EXACT_ROLE_IN_THE_P53_PATHWAY_REMAIN_UNCERTAIN"",""NES"":1.7097610551498608,""FDR"":0.0517326417418281,""leading_edge_n"":9,""qualified"":false}]"
EXP001_vs_primary,P,P098,EXP001,0.5,1,REACTOME_TP53_REGULATES_TRANSCRIPTION_OF_CELL_CYCLE_GENES,1,POSITIVE,"[{""term_id"":""REACTOME_TP53_REGULATES_TRANSCRIPTION_OF_CELL_CYCLE_GENES"",""NES"":1.673983453326584,""FDR"":0.0232518806829453,""leading_edge_n"":16,""qualified"":true}]"
EXP001_vs_primary,P,P098,primary,0.5,1,REACTOME_TP53_REGULATES_TRANSCRIPTION_OF_CELL_CYCLE_GENES,0,INACTIVE,"[{""term_id"":""REACTOME_TP53_REGULATES_TRANSCRIPTION_OF_CELL_CYCLE_GENES"",""NES"":1.5053408034178173,""FDR"":0.1213019857606583,""leading_edge_n"":14,""qualified"":false}]"
EXP001_vs_primary,P,P099,EXP001,0.5,1,REACTOME_TP53_REGULATES_TRANSCRIPTION_OF_GENES_INVOLVED_IN_G2_CELL_CYCLE_ARREST,1,POSITIVE,"[{""term_id"":""REACTOME_TP53_REGULATES_TRANSCRIPTION_OF_GENES_INVOLVED_IN_G2_CELL_CYCLE_ARREST"",""NES"":1.867166387919448,""FDR"":0.0029111665046358,""leading_edge_n"":9,""qualified"":true}]"
EXP001_vs_primary,P,P099,primary,0.5,1,REACTOME_TP53_REGULATES_TRANSCRIPTION_OF_GENES_INVOLVED_IN_G2_CELL_CYCLE_ARREST,0,INACTIVE,"[{""term_id"":""REACTOME_TP53_REGULATES_TRANSCRIPTION_OF_GENES_INVOLVED_IN_G2_CELL_CYCLE_ARREST"",""NES"":1.0150968490042085,""FDR"":0.5894143817389607,""leading_edge_n"":5,""qualified"":false}]"
EXP001_vs_primary,P,P100,EXP001,0.5,1,REACTOME_VEGFR2_MEDIATED_CELL_PROLIFERATION,0,INACTIVE,"[{""term_id"":""REACTOME_VEGFR2_MEDIATED_CELL_PROLIFERATION"",""NES"":1.0455464595474575,""FDR"":0.5441392583277278,""leading_edge_n"":4,""qualified"":false}]"
EXP001_vs_primary,P,P100,primary,0.5,1,REACTOME_VEGFR2_MEDIATED_CELL_PROLIFERATION,0,INACTIVE,"[{""term_id"":""REACTOME_VEGFR2_MEDIATED_CELL_PROLIFERATION"",""NES"":-0.7743553831971012,""FDR"":0.9631216670865288,""leading_edge_n"":1,""qualified"":false}]"
EXP001_vs_primary,M,M001,EXP001,0.5,1,GOBP_AMEBOIDAL_TYPE_CELL_MIGRATION,0,INACTIVE,"[{""term_id"":""GOBP_AMEBOIDAL_TYPE_CELL_MIGRATION"",""NES"":-1.6277947264030437,""FDR"":0.0905090210640746,""leading_edge_n"":52,""qualified"":false}]"
EXP001_vs_primary,M,M001,primary,0.5,1,GOBP_AMEBOIDAL_TYPE_CELL_MIGRATION,0,INACTIVE,"[{""term_id"":""GOBP_AMEBOIDAL_TYPE_CELL_MIGRATION"",""NES"":1.3248952611502718,""FDR"":0.2309736138402238,""leading_edge_n"":49,""qualified"":false}]"
EXP001_vs_primary,M,M002,EXP001,0.5,10,GOBP_BLOOD_VESSEL_ENDOTHELIAL_CELL_MIGRATION;GOBP_CELL_MIGRATION_INVOLVED_IN_SPROUTING_ANGIOGENESIS;GOBP_ENDOTHELIAL_CELL_MIGRATION;GOBP_NEGATIVE_REGULATION_OF_BLOOD_VESSEL_ENDOTHELIAL_CELL_MIGRATION;GOBP_NEGATIVE_REGULATION_OF_CELL_MIGRATION_INVOLVED_IN_SPROUTING_ANGIOGENESIS;GOBP_NEGATIVE_REGULATION_OF_ENDOTHELIAL_CELL_MIGRATION;GOBP_POSITIVE_REGULATION_OF_BLOOD_VESSEL_ENDOTHELIAL_CELL_MIGRATION;GOBP_POSITIVE_REGULATION_OF_ENDOTHELIAL_CELL_MIGRATION;GOBP_REGULATION_OF_CELL_MIGRATION_INVOLVED_IN_SPROUTING_ANGIOGENESIS;GOBP_REGULATION_OF_ENDOTHELIAL_CELL_MIGRATION,0,INACTIVE,"[{""term_id"":""GOBP_BLOOD_VESSEL_ENDOTHELIAL_CELL_MIGRATION"",""NES"":-1.3422446706704203,""FDR"":0.2121680460760083,""leading_edge_n"":33,""qualified"":false},{""term_id"":""GOBP_CELL_MIGRATION_INVOLVED_IN_SPROUTING_ANGIOGENESIS"",""NES"":-1.1934517199995456,""FDR"":0.332162481647934,""leading_edge_n"":21,""qualified"":false},{""term_id"":""GOBP_ENDOTHELIAL_CELL_MIGRATION"",""NES"":-1.5815081803556876,""FDR"":0.1024805084615726,""leading_edge_n"":59,""qualified"":false},{""term_id"":""GOBP_NEGATIVE_REGULATION_OF_BLOOD_VESSEL_ENDOTHELIAL_CELL_MIGRATION"",""NES"":1.0822316362029636,""FDR"":0.4916865780350274,""leading_edge_n"":10,""qualified"":false},{""term_id"":""GOBP_NEGATIVE_REGULATION_OF_CELL_MIGRATION_INVOLVED_IN_SPROUTING_ANGIOGENESIS"",""NES"":1.321528225476016,""FDR"":0.2097819076455222,""leading_edge_n"":4,""qualified"":false},{""term_id"":""GOBP_NEGATIVE_REGULATION_OF_ENDOTHELIAL_CELL_MIGRATION"",""NES"":0.9832724701007578,""FDR"":0.6340604842820514,""leading_edge_n"":12,""qualified"":false},{""term_id"":""GOBP_POSITIVE_REGULATION_OF_BLOOD_VESSEL_ENDOTHELIAL_CELL_MIGRATION"",""NES"":-1.511201732030919,""FDR"":0.1273039734680169,""leading_edge_n"":21,""qualified"":false},{""term_id"":""GOBP_POSITIVE_REGULATION_OF_ENDOTHELIAL_CELL_MIGRATION"",""NES"":-1.7831212965160568,""FDR"":0.0555016605612705,""leading_edge_n"":34,""qualified"":false},{""term_id"":""GOBP_REGULATION_OF_CELL_MIGRATION_INVOLVED_IN_SPROUTING_ANGIOGENESIS"",""NES"":1.1437026884276371,""FDR"":0.4051366249966325,""leading_edge_n"":9,""qualified"":false},{""term_id"":""GOBP_REGULATION_OF_ENDOTHELIAL_CELL_MIGRATION"",""NES"":-1.5374312275863042,""FDR"":0.1165011489770673,""leading_edge_n"":43,""qualified"":false}]"
EXP001_vs_primary,M,M002,primary,0.5,10,GOBP_BLOOD_VESSEL_ENDOTHELIAL_CELL_MIGRATION;GOBP_CELL_MIGRATION_INVOLVED_IN_SPROUTING_ANGIOGENESIS;GOBP_ENDOTHELIAL_CELL_MIGRATION;GOBP_NEGATIVE_REGULATION_OF_BLOOD_VESSEL_ENDOTHELIAL_CELL_MIGRATION;GOBP_NEGATIVE_REGULATION_OF_CELL_MIGRATION_INVOLVED_IN_SPROUTING_ANGIOGENESIS;GOBP_NEGATIVE_REGULATION_OF_ENDOTHELIAL_CELL_MIGRATION;GOBP_POSITIVE_REGULATION_OF_BLOOD_VESSEL_ENDOTHELIAL_CELL_MIGRATION;GOBP_POSITIVE_REGULATION_OF_ENDOTHELIAL_CELL_MIGRATION;GOBP_REGULATION_OF_CELL_MIGRATION_INVOLVED_IN_SPROUTING_ANGIOGENESIS;GOBP_REGULATION_OF_ENDOTHELIAL_CELL_MIGRATION,5,POSITIVE,"[{""term_id"":""GOBP_BLOOD_VESSEL_ENDOTHELIAL_CELL_MIGRATION"",""NES"":1.6078329017989843,""FDR"":0.0801022822232324,""leading_edge_n"":23,""qualified"":false},{""term_id"":""GOBP_CELL_MIGRATION_INVOLVED_IN_SPROUTING_ANGIOGENESIS"",""NES"":2.002050414882587,""FDR"":0.0091416607031752,""leading_edge_n"":15,""qualified"":true},{""term_id"":""GOBP_ENDOTHELIAL_CELL_MIGRATION"",""NES"":1.7208919341046864,""FDR"":0.0476120645195238,""leading_edge_n"":42,""qualified"":true},{""term_id"":""GOBP_NEGATIVE_REGULATION_OF_BLOOD_VESSEL_ENDOTHELIAL_CELL_MIGRATION"",""NES"":-1.2632088126303538,""FDR"":0.4841201959244631,""leading_edge_n"":10,""qualified"":false},{""term_id"":""GOBP_NEGATIVE_REGULATION_OF_CELL_MIGRATION_INVOLVED_IN_SPROUTING_ANGIOGENESIS"",""NES"":0.9730053783637695,""FDR"":0.6499627100700741,""leading_edge_n"":2,""qualified"":false},{""term_id"":""GOBP_NEGATIVE_REGULATION_OF_ENDOTHELIAL_CELL_MIGRATION"",""NES"":1.146333513120573,""FDR"":0.4052683986180316,""leading_edge_n"":10,""qualified"":false},{""term_id"":""GOBP_POSITIVE_REGULATION_OF_BLOOD_VESSEL_ENDOTHELIAL_CELL_MIGRATION"",""NES"":1.810887572873042,""FDR"":0.030022355967852,""leading_edge_n"":18,""qualified"":true},{""term_id"":""GOBP_POSITIVE_REGULATION_OF_ENDOTHELIAL_CELL_MIGRATION"",""NES"":1.77240482041597,""FDR"":0.0365262547054747,""leading_edge_n"":19,""qualified"":true},{""term_id"":""GOBP_REGULATION_OF_CELL_MIGRATION_INVOLVED_IN_SPROUTING_ANGIOGENESIS"",""NES"":1.9277215964268968,""FDR"":0.0166340709659015,""leading_edge_n"":14,""qualified"":true},{""term_id"":""GOBP_REGULATION_OF_ENDOTHELIAL_CELL_MIGRATION"",""NES"":1.599973186528232,""FDR"":0.0819653381653638,""leading_edge_n"":31,""qualified"":false}]"
EXP001_vs_primary,M,M003,EXP001,0.5,17,GOBP_CELL_CHEMOTAXIS;GOBP_GRANULOCYTE_CHEMOTAXIS;GOBP_GRANULOCYTE_MIGRATION;GOBP_LEUKOCYTE_CHEMOTAXIS;GOBP_LEUKOCYTE_MIGRATION;GOBP_MONONUCLEAR_CELL_MIGRATION;GOBP_MYELOID_LEUKOCYTE_MIGRATION;GOBP_NEUTROPHIL_CHEMOTAXIS;GOBP_NEUTROPHIL_MIGRATION;GOBP_POSITIVE_REGULATION_OF_CHEMOTAXIS;GOBP_POSITIVE_REGULATION_OF_LEUKOCYTE_CHEMOTAXIS;GOBP_POSITIVE_REGULATION_OF_LEUKOCYTE_MIGRATION;GOBP_POSITIVE_REGULATION_OF_MONONUCLEAR_CELL_MIGRATION;GOBP_REGULATION_OF_CHEMOTAXIS;GOBP_REGULATION_OF_LEUKOCYTE_CHEMOTAXIS;GOBP_REGULATION_OF_LEUKOCYTE_MIGRATION;GOBP_REGULATION_OF_MONONUCLEAR_CELL_MIGRATION,2,NEGATIVE,"[{""term_id"":""GOBP_CELL_CHEMOTAXIS"",""NES"":-1.6526840357150685,""FDR"":0.0798276815528614,""leading_edge_n"":57,""qualified"":false},{""term_id"":""GOBP_GRANULOCYTE_CHEMOTAXIS"",""NES"":-1.268049454353852,""FDR"":0.266370756256187,""leading_edge_n"":15,""qualified"":false},{""term_id"":""GOBP_GRANULOCYTE_MIGRATION"",""NES"":-1.0605738023730065,""FDR"":0.4802454927707083,""leading_edge_n"":16,""qualified"":false},{""term_id"":""GOBP_LEUKOCYTE_CHEMOTAXIS"",""NES"":-1.562033284269439,""FDR"":0.106464768892809,""leading_edge_n"":41,""qualified"":false},{""term_id"":""GOBP_LEUKOCYTE_MIGRATION"",""NES"":-1.374284551584457,""FDR"":0.1918184620199827,""leading_edge_n"":66,""qualified"":false},{""term_id"":""GOBP_MONONUCLEAR_CELL_MIGRATION"",""NES"":-1.4972849006155098,""FDR"":0.1316620579024665,""leading_edge_n"":55,""qualified"":false},{""term_id"":""GOBP_MYELOID_LEUKOCYTE_MIGRATION"",""NES"":-1.235825673425411,""FDR"":0.2924803001439378,""leading_edge_n"":36,""qualified"":false},{""term_id"":""GOBP_NEUTROPHIL_CHEMOTAXIS"",""NES"":-0.958712299904562,""FDR"":0.6306623527051873,""leading_edge_n"":8,""qualified"":false},{""term_id"":""GOBP_NEUTROPHIL_MIGRATION"",""NES"":1.1583198087942532,""FDR"":0.3868229695266622,""leading_edge_n"":15,""qualified"":false},{""term_id"":""GOBP_POSITIVE_REGULATION_OF_CHEMOTAXIS"",""NES"":-1.8637263917879097,""FDR"":0.0322253362604793,""leading_edge_n"":40,""qualified"":true},{""term_id"":""GOBP_POSITIVE_REGULATION_OF_LEUKOCYTE_CHEMOTAXIS"",""NES"":-1.5664237930489455,""FDR"":0.1057377923835765,""leading_edge_n"":21,""qualified"":false},{""term_id"":""GOBP_POSITIVE_REGULATION_OF_LEUKOCYTE_MIGRATION"",""NES"":-1.3532598047934807,""FDR"":0.2047821411832935,""leading_edge_n"":28,""qualified"":false},{""term_id"":""GOBP_POSITIVE_REGULATION_OF_MONONUCLEAR_CELL_MIGRATION"",""NES"":-1.5075272286897723,""FDR"":0.1285065845513064,""leading_edge_n"":23,""qualified"":false},{""term_id"":""GOBP_REGULATION_OF_CHEMOTAXIS"",""NES"":-1.9345911669125964,""FDR"":0.0242451958437379,""leading_edge_n"":49,""qualified"":true},{""term_id"":""GOBP_REGULATION_OF_LEUKOCYTE_CHEMOTAXIS"",""NES"":-1.6201128343650817,""FDR"":0.0919488337381681,""leading_edge_n"":19,""qualified"":false},{""term_id"":""GOBP_REGULATION_OF_LEUKOCYTE_MIGRATION"",""NES"":-1.365229426490285,""FDR"":0.1978587932193537,""leading_edge_n"":42,""qualified"":false},{""term_id"":""GOBP_REGULATION_OF_MONONUCLEAR_CELL_MIGRATION"",""NES"":-1.4117478881518235,""FDR"":0.1694992468059789,""leading_edge_n"":39,""qualified"":false}]"
EXP001_vs_primary,M,M003,primary,0.5,17,GOBP_CELL_CHEMOTAXIS;GOBP_GRANULOCYTE_CHEMOTAXIS;GOBP_GRANULOCYTE_MIGRATION;GOBP_LEUKOCYTE_CHEMOTAXIS;GOBP_LEUKOCYTE_MIGRATION;GOBP_MONONUCLEAR_CELL_MIGRATION;GOBP_MYELOID_LEUKOCYTE_MIGRATION;GOBP_NEUTROPHIL_CHEMOTAXIS;GOBP_NEUTROPHIL_MIGRATION;GOBP_POSITIVE_REGULATION_OF_CHEMOTAXIS;GOBP_POSITIVE_REGULATION_OF_LEUKOCYTE_CHEMOTAXIS;GOBP_POSITIVE_REGULATION_OF_LEUKOCYTE_MIGRATION;GOBP_POSITIVE_REGULATION_OF_MONONUCLEAR_CELL_MIGRATION;GOBP_REGULATION_OF_CHEMOTAXIS;GOBP_REGULATION_OF_LEUKOCYTE_CHEMOTAXIS;GOBP_REGULATION_OF_LEUKOCYTE_MIGRATION;GOBP_REGULATION_OF_MONONUCLEAR_CELL_MIGRATION,0,INACTIVE,"[{""term_id"":""GOBP_CELL_CHEMOTAXIS"",""NES"":1.4952469219768012,""FDR"":0.1260868058071024,""leading_edge_n"":35,""qualified"":false},{""term_id"":""GOBP_GRANULOCYTE_CHEMOTAXIS"",""NES"":1.2251194982895544,""FDR"":0.320026607741904,""leading_edge_n"":8,""qualified"":false},{""term_id"":""GOBP_GRANULOCYTE_MIGRATION"",""NES"":1.1454427602977462,""FDR"":0.4064634404212348,""leading_edge_n"":9,""qualified"":false},{""term_id"":""GOBP_LEUKOCYTE_CHEMOTAXIS"",""NES"":1.4826144764821558,""FDR"":0.1321233706902993,""leading_edge_n"":20,""qualified"":false},{""term_id"":""GOBP_LEUKOCYTE_MIGRATION"",""NES"":1.4365406531008016,""FDR"":0.1578192664083592,""leading_edge_n"":32,""qualified"":false},{""term_id"":""GOBP_MONONUCLEAR_CELL_MIGRATION"",""NES"":1.5301527967927562,""FDR"":0.1088637922481762,""leading_edge_n"":21,""qualified"":false},{""term_id"":""GOBP_MYELOID_LEUKOCYTE_MIGRATION"",""NES"":1.3889708516727888,""FDR"":0.1875220990032453,""leading_edge_n"":19,""qualified"":false},{""term_id"":""GOBP_NEUTROPHIL_CHEMOTAXIS"",""NES"":-0.9066261610923204,""FDR"":0.8486044126487551,""leading_edge_n"":13,""qualified"":false},{""term_id"":""GOBP_NEUTROPHIL_MIGRATION"",""NES"":-0.8990735070055905,""FDR"":0.8538360793919951,""leading_edge_n"":16,""qualified"":false},{""term_id"":""GOBP_POSITIVE_REGULATION_OF_CHEMOTAXIS"",""NES"":1.367374135425654,""FDR"":0.2011706485172833,""leading_edge_n"":29,""qualified"":false},{""term_id"":""GOBP_POSITIVE_REGULATION_OF_LEUKOCYTE_CHEMOTAXIS"",""NES"":1.4662858383692878,""FDR"":0.1420822854862499,""leading_edge_n"":20,""qualified"":false},{""term_id"":""GOBP_POSITIVE_REGULATION_OF_LEUKOCYTE_MIGRATION"",""NES"":1.42282853374119,""FDR"":0.1653313666286132,""leading_edge_n"":17,""qualified"":false},{""term_id"":""GOBP_POSITIVE_REGULATION_OF_MONONUCLEAR_CELL_MIGRATION"",""NES"":1.264992656402902,""FDR"":0.2792517356582728,""leading_edge_n"":10,""qualified"":false},{""term_id"":""GOBP_REGULATION_OF_CHEMOTAXIS"",""NES"":1.5148905961146886,""FDR"":0.1160871722888323,""leading_edge_n"":40,""qualified"":false},{""term_id"":""GOBP_REGULATION_OF_LEUKOCYTE_CHEMOTAXIS"",""NES"":1.6738623303900828,""FDR"":0.0611336607805449,""leading_edge_n"":26,""qualified"":false},{""term_id"":""GOBP_REGULATION_OF_LEUKOCYTE_MIGRATION"",""NES"":1.6281280105510958,""FDR"":0.0746433946275468,""leading_edge_n"":26,""qualified"":false},{""term_id"":""GOBP_REGULATION_OF_MONONUCLEAR_CELL_MIGRATION"",""NES"":1.5115334527604498,""FDR"":0.1183506284414929,""leading_edge_n"":16,""qualified"":false}]"
EXP001_vs_primary,M,M004,EXP001,0.5,1,GOBP_CELL_MIGRATION_INVOLVED_IN_HEART_DEVELOPMENT,0,INACTIVE,"[{""term_id"":""GOBP_CELL_MIGRATION_INVOLVED_IN_HEART_DEVELOPMENT"",""NES"":-1.1212554400302397,""FDR"":0.4035567135835963,""leading_edge_n"":5,""qualified"":false}]"
EXP001_vs_primary,M,M004,primary,0.5,1,GOBP_CELL_MIGRATION_INVOLVED_IN_HEART_DEVELOPMENT,0,INACTIVE,"[{""term_id"":""GOBP_CELL_MIGRATION_INVOLVED_IN_HEART_DEVELOPMENT"",""NES"":1.3454548934506232,""FDR"":0.2159913534517035,""leading_edge_n"":5,""qualified"":false}]"
EXP001_vs_primary,M,M005,EXP001,0.5,4,GOBP_CEREBRAL_CORTEX_CELL_MIGRATION;GOBP_CEREBRAL_CORTEX_RADIALLY_ORIENTED_CELL_MIGRATION;GOBP_FOREBRAIN_CELL_MIGRATION;GOBP_TELENCEPHALON_GLIAL_CELL_MIGRATION,0,INACTIVE,"[{""term_id"":""GOBP_CEREBRAL_CORTEX_CELL_MIGRATION"",""NES"":-0.9431825782571968,""FDR"":0.6537989382133982,""leading_edge_n"":13,""qualified"":false},{""term_id"":""GOBP_CEREBRAL_CORTEX_RADIALLY_ORIENTED_CELL_MIGRATION"",""NES"":0.8359707879390035,""FDR"":0.8422849092643239,""leading_edge_n"":6,""qualified"":false},{""term_id"":""GOBP_FOREBRAIN_CELL_MIGRATION"",""NES"":-1.4430292143934862,""FDR"":0.1540432075334958,""leading_edge_n"":19,""qualified"":false},{""term_id"":""GOBP_TELENCEPHALON_GLIAL_CELL_MIGRATION"",""NES"":0.8794949711553913,""FDR"":0.7876719686783342,""leading_edge_n"":5,""qualified"":false}]"
EXP001_vs_primary,M,M005,primary,0.5,4,GOBP_CEREBRAL_CORTEX_CELL_MIGRATION;GOBP_CEREBRAL_CORTEX_RADIALLY_ORIENTED_CELL_MIGRATION;GOBP_FOREBRAIN_CELL_MIGRATION;GOBP_TELENCEPHALON_GLIAL_CELL_MIGRATION,0,INACTIVE,"[{""term_id"":""GOBP_CEREBRAL_CORTEX_CELL_MIGRATION"",""NES"":-0.9332750122806334,""FDR"":0.8071388670273091,""leading_edge_n"":11,""qualified"":false},{""term_id"":""GOBP_CEREBRAL_CORTEX_RADIALLY_ORIENTED_CELL_MIGRATION"",""NES"":-1.0587956228904305,""FDR"":0.6622268803219852,""leading_edge_n"":7,""qualified"":false},{""term_id"":""GOBP_FOREBRAIN_CELL_MIGRATION"",""NES"":-0.9093663448115916,""FDR"":0.8444929481140799,""leading_edge_n"":9,""qualified"":false},{""term_id"":""GOBP_TELENCEPHALON_GLIAL_CELL_MIGRATION"",""NES"":-0.8889541631228891,""FDR"":0.8595229190911099,""leading_edge_n"":3,""qualified"":false}]"
EXP001_vs_primary,M,M006,EXP001,0.5,1,GOBP_CILIUM_OR_FLAGELLUM_DEPENDENT_CELL_MOTILITY,0,INACTIVE,"[{""term_id"":""GOBP_CILIUM_OR_FLAGELLUM_DEPENDENT_CELL_MOTILITY"",""NES"":0.8473281282764581,""FDR"":0.8289062913639975,""leading_edge_n"":35,""qualified"":false}]"
EXP001_vs_primary,M,M006,primary,0.5,1,GOBP_CILIUM_OR_FLAGELLUM_DEPENDENT_CELL_MOTILITY,0,INACTIVE,"[{""term_id"":""GOBP_CILIUM_OR_FLAGELLUM_DEPENDENT_CELL_MOTILITY"",""NES"":-1.104397923452478,""FDR"":0.61447699185798,""leading_edge_n"":46,""qualified"":false}]"
EXP001_vs_primary,M,M007,EXP001,0.5,2,GOBP_ENDOTHELIAL_CELL_CHEMOTAXIS;GOBP_REGULATION_OF_ENDOTHELIAL_CELL_CHEMOTAXIS,0,INACTIVE,"[{""term_id"":""GOBP_ENDOTHELIAL_CELL_CHEMOTAXIS"",""NES"":-1.65094928840778,""FDR"":0.080979177172857,""leading_edge_n"":12,""qualified"":false},{""term_id"":""GOBP_REGULATION_OF_ENDOTHELIAL_CELL_CHEMOTAXIS"",""NES"":-1.744559181187732,""FDR"":0.0559713189932534,""leading_edge_n"":10,""qualified"":false}]"
EXP001_vs_primary,M,M007,primary,0.5,2,GOBP_ENDOTHELIAL_CELL_CHEMOTAXIS;GOBP_REGULATION_OF_ENDOTHELIAL_CELL_CHEMOTAXIS,0,INACTIVE,"[{""term_id"":""GOBP_ENDOTHELIAL_CELL_CHEMOTAXIS"",""NES"":1.4767268534864393,""FDR"":0.1353164557446741,""leading_edge_n"":6,""qualified"":false},{""term_id"":""GOBP_REGULATION_OF_ENDOTHELIAL_CELL_CHEMOTAXIS"",""NES"":-1.20223959770232,""FDR"":0.5208317751586181,""leading_edge_n"":7,""qualified"":false}]"
EXP001_vs_primary,M,M008,EXP001,0.5,2,GOBP_FIBROBLAST_MIGRATION;GOBP_REGULATION_OF_FIBROBLAST_MIGRATION,0,INACTIVE,"[{""term_id"":""GOBP_FIBROBLAST_MIGRATION"",""NES"":-1.4539328639842728,""FDR"":0.1505300728959473,""leading_edge_n"":15,""qualified"":false},{""term_id"":""GOBP_REGULATION_OF_FIBROBLAST_MIGRATION"",""NES"":-1.320154355158574,""FDR"":0.2283550776618466,""leading_edge_n"":10,""qualified"":false}]"
EXP001_vs_primary,M,M008,primary,0.5,2,GOBP_FIBROBLAST_MIGRATION;GOBP_REGULATION_OF_FIBROBLAST_MIGRATION,0,INACTIVE,"[{""term_id"":""GOBP_FIBROBLAST_MIGRATION"",""NES"":1.1787894331446456,""FDR"":0.3669826592103198,""leading_edge_n"":6,""qualified"":false},{""term_id"":""GOBP_REGULATION_OF_FIBROBLAST_MIGRATION"",""NES"":1.075068700586326,""FDR"":0.4998208342655626,""leading_edge_n"":5,""qualified"":false}]"
EXP001_vs_primary,M,M009,EXP001,0.5,1,GOBP_GLIAL_CELL_MIGRATION,0,INACTIVE,"[{""term_id"":""GOBP_GLIAL_CELL_MIGRATION"",""NES"":-0.9385717231198198,""FDR"":0.662227795603276,""leading_edge_n"":14,""qualified"":false}]"
EXP001_vs_primary,M,M009,primary,0.5,1,GOBP_GLIAL_CELL_MIGRATION,0,INACTIVE,"[{""term_id"":""GOBP_GLIAL_CELL_MIGRATION"",""NES"":-1.492276275680201,""FDR"":0.2670566087265257,""leading_edge_n"":11,""qualified"":false}]"
EXP001_vs_primary,M,M010,EXP001,0.5,1,GOBP_LYMPHOCYTE_CHEMOTAXIS,0,INACTIVE,"[{""term_id"":""GOBP_LYMPHOCYTE_CHEMOTAXIS"",""NES"":-1.5950479486204092,""FDR"":0.0973624823989336,""leading_edge_n"":11,""qualified"":false}]"
EXP001_vs_primary,M,M010,primary,0.5,1,GOBP_LYMPHOCYTE_CHEMOTAXIS,0,INACTIVE,"[{""term_id"":""GOBP_LYMPHOCYTE_CHEMOTAXIS"",""NES"":1.4401020213140072,""FDR"":0.1559681795873967,""leading_edge_n"":4,""qualified"":false}]"
EXP001_vs_primary,M,M011,EXP001,0.5,6,GOBP_LYMPHOCYTE_MIGRATION;GOBP_POSITIVE_REGULATION_OF_LYMPHOCYTE_MIGRATION;GOBP_POSITIVE_REGULATION_OF_T_CELL_MIGRATION;GOBP_REGULATION_OF_LYMPHOCYTE_MIGRATION;GOBP_REGULATION_OF_T_CELL_MIGRATION;GOBP_T_CELL_MIGRATION,0,INACTIVE,"[{""term_id"":""GOBP_LYMPHOCYTE_MIGRATION"",""NES"":-1.3139412210244954,""FDR"":0.2311097512142894,""leading_edge_n"":24,""qualified"":false},{""term_id"":""GOBP_POSITIVE_REGULATION_OF_LYMPHOCYTE_MIGRATION"",""NES"":-1.2208297429117725,""FDR"":0.3043328405485811,""leading_edge_n"":10,""qualified"":false},{""term_id"":""GOBP_POSITIVE_REGULATION_OF_T_CELL_MIGRATION"",""NES"":-1.10196133215984,""FDR"":0.4264421189634493,""leading_edge_n"":9,""qualified"":false},{""term_id"":""GOBP_REGULATION_OF_LYMPHOCYTE_MIGRATION"",""NES"":-1.196205267151264,""FDR"":0.3306081711525715,""leading_edge_n"":15,""qualified"":false},{""term_id"":""GOBP_REGULATION_OF_T_CELL_MIGRATION"",""NES"":-0.989812724075282,""FDR"":0.5859216961418404,""leading_edge_n"":10,""qualified"":false},{""term_id"":""GOBP_T_CELL_MIGRATION"",""NES"":-1.177304461601679,""FDR"":0.3478275828219362,""leading_edge_n"":15,""qualified"":false}]"
EXP001_vs_primary,M,M011,primary,0.5,6,GOBP_LYMPHOCYTE_MIGRATION;GOBP_POSITIVE_REGULATION_OF_LYMPHOCYTE_MIGRATION;GOBP_POSITIVE_REGULATION_OF_T_CELL_MIGRATION;GOBP_REGULATION_OF_LYMPHOCYTE_MIGRATION;GOBP_REGULATION_OF_T_CELL_MIGRATION;GOBP_T_CELL_MIGRATION,0,INACTIVE,"[{""term_id"":""GOBP_LYMPHOCYTE_MIGRATION"",""NES"":1.2549415670304769,""FDR"":0.2915429762338659,""leading_edge_n"":8,""qualified"":false},{""term_id"":""GOBP_POSITIVE_REGULATION_OF_LYMPHOCYTE_MIGRATION"",""NES"":-1.104980824373058,""FDR"":0.6137718818590403,""leading_edge_n"":4,""qualified"":false},{""term_id"":""GOBP_POSITIVE_REGULATION_OF_T_CELL_MIGRATION"",""NES"":-1.181182490878062,""FDR"":0.542435995978145,""leading_edge_n"":4,""qualified"":false},{""term_id"":""GOBP_REGULATION_OF_LYMPHOCYTE_MIGRATION"",""NES"":0.9582476387115122,""FDR"":0.675738766709439,""leading_edge_n"":9,""qualified"":false},{""term_id"":""GOBP_REGULATION_OF_T_CELL_MIGRATION"",""NES"":-0.906712136831184,""FDR"":0.8491940055056745,""leading_edge_n"":4,""qualified"":false},{""term_id"":""GOBP_T_CELL_MIGRATION"",""NES"":1.1040131031175575,""FDR"":0.4628344576021574,""leading_edge_n"":6,""qualified"":false}]"
EXP001_vs_primary,M,M012,EXP001,0.5,6,GOBP_MACROPHAGE_CHEMOTAXIS;GOBP_MACROPHAGE_MIGRATION;GOBP_POSITIVE_REGULATION_OF_MACROPHAGE_CHEMOTAXIS;GOBP_POSITIVE_REGULATION_OF_MACROPHAGE_MIGRATION;GOBP_REGULATION_OF_MACROPHAGE_CHEMOTAXIS;GOBP_REGULATION_OF_MACROPHAGE_MIGRATION,1,NEGATIVE,"[{""term_id"":""GOBP_MACROPHAGE_CHEMOTAXIS"",""NES"":-1.5496999475609696,""FDR"":0.1101856763587388,""leading_edge_n"":6,""qualified"":false},{""term_id"":""GOBP_MACROPHAGE_MIGRATION"",""NES"":-1.6342196766705814,""FDR"":0.0885508728063946,""leading_edge_n"":12,""qualified"":false},{""term_id"":""GOBP_POSITIVE_REGULATION_OF_MACROPHAGE_CHEMOTAXIS"",""NES"":-1.8267270561566653,""FDR"":0.0416098438199082,""leading_edge_n"":5,""qualified"":true},{""term_id"":""GOBP_POSITIVE_REGULATION_OF_MACROPHAGE_MIGRATION"",""NES"":-1.7729262115759126,""FDR"":0.0524819195749532,""leading_edge_n"":10,""qualified"":false},{""term_id"":""GOBP_REGULATION_OF_MACROPHAGE_CHEMOTAXIS"",""NES"":-1.7154759884931687,""FDR"":0.0611550836683268,""leading_edge_n"":5,""qualified"":false},{""term_id"":""GOBP_REGULATION_OF_MACROPHAGE_MIGRATION"",""NES"":-1.7779685982954,""FDR"":0.0516035590166696,""leading_edge_n"":14,""qualified"":false}]"
EXP001_vs_primary,M,M012,primary,0.5,6,GOBP_MACROPHAGE_CHEMOTAXIS;GOBP_MACROPHAGE_MIGRATION;GOBP_POSITIVE_REGULATION_OF_MACROPHAGE_CHEMOTAXIS;GOBP_POSITIVE_REGULATION_OF_MACROPHAGE_MIGRATION;GOBP_REGULATION_OF_MACROPHAGE_CHEMOTAXIS;GOBP_REGULATION_OF_MACROPHAGE_MIGRATION,0,INACTIVE,"[{""term_id"":""GOBP_MACROPHAGE_CHEMOTAXIS"",""NES"":1.2318493785297049,""FDR"":0.3118209088256805,""leading_edge_n"":7,""qualified"":false},{""term_id"":""GOBP_MACROPHAGE_MIGRATION"",""NES"":1.002893748636176,""FDR"":0.6073906897436301,""leading_edge_n"":5,""qualified"":false},{""term_id"":""GOBP_POSITIVE_REGULATION_OF_MACROPHAGE_CHEMOTAXIS"",""NES"":1.576562243556769,""FDR"":0.0919862006965788,""leading_edge_n"":5,""qualified"":false},{""term_id"":""GOBP_POSITIVE_REGULATION_OF_MACROPHAGE_MIGRATION"",""NES"":1.4422027908467956,""FDR"":0.1552626772859485,""leading_edge_n"":5,""qualified"":false},{""term_id"":""GOBP_REGULATION_OF_MACROPHAGE_CHEMOTAXIS"",""NES"":1.3865690298180315,""FDR"":0.1883350937712044,""leading_edge_n"":7,""qualified"":false},{""term_id"":""GOBP_REGULATION_OF_MACROPHAGE_MIGRATION"",""NES"":1.1093672579800282,""FDR"":0.4554701644090387,""leading_edge_n"":5,""qualified"":false}]"
EXP001_vs_primary,M,M013,EXP001,0.5,1,GOBP_MESENCHYMAL_CELL_MIGRATION,0,INACTIVE,"[{""term_id"":""GOBP_MESENCHYMAL_CELL_MIGRATION"",""NES"":-1.51698111329806,""FDR"":0.1249190006262442,""leading_edge_n"":15,""qualified"":false}]"
EXP001_vs_primary,M,M013,primary,0.5,1,GOBP_MESENCHYMAL_CELL_MIGRATION,0,INACTIVE,"[{""term_id"":""GOBP_MESENCHYMAL_CELL_MIGRATION"",""NES"":1.0424989175731292,""FDR"":0.5478957406626933,""leading_edge_n"":7,""qualified"":false}]"
EXP001_vs_primary,M,M014,EXP001,0.5,2,GOBP_MONOCYTE_CHEMOTAXIS;GOBP_REGULATION_OF_MONOCYTE_CHEMOTAXIS,0,INACTIVE,"[{""term_id"":""GOBP_MONOCYTE_CHEMOTAXIS"",""NES"":-1.170228841036007,""FDR"":0.3521550456426525,""leading_edge_n"":13,""qualified"":false},{""term_id"":""GOBP_REGULATION_OF_MONOCYTE_CHEMOTAXIS"",""NES"":-1.0465133997430969,""FDR"":0.4987208959273116,""leading_edge_n"":10,""qualified"":false}]"
EXP001_vs_primary,M,M014,primary,0.5,2,GOBP_MONOCYTE_CHEMOTAXIS;GOBP_REGULATION_OF_MONOCYTE_CHEMOTAXIS,2,POSITIVE,"[{""term_id"":""GOBP_MONOCYTE_CHEMOTAXIS"",""NES"":1.971007345599825,""FDR"":0.0121354616804092,""leading_edge_n"":8,""qualified"":true},{""term_id"":""GOBP_REGULATION_OF_MONOCYTE_CHEMOTAXIS"",""NES"":2.048607637282163,""FDR"":0.0070838580144015,""leading_edge_n"":6,""qualified"":true}]"
EXP001_vs_primary,M,M015,EXP001,0.5,3,GOBP_MUSCLE_CELL_MIGRATION;GOBP_SMOOTH_MUSCLE_CELL_MIGRATION;GOBP_VASCULAR_ASSOCIATED_SMOOTH_MUSCLE_CELL_MIGRATION,0,INACTIVE,"[{""term_id"":""GOBP_MUSCLE_CELL_MIGRATION"",""NES"":-1.5519132827368372,""FDR"":0.1100005487210112,""leading_edge_n"":26,""qualified"":false},{""term_id"":""GOBP_SMOOTH_MUSCLE_CELL_MIGRATION"",""NES"":-1.6212057757749387,""FDR"":0.0916956006344849,""leading_edge_n"":24,""qualified"":false},{""term_id"":""GOBP_VASCULAR_ASSOCIATED_SMOOTH_MUSCLE_CELL_MIGRATION"",""NES"":-1.7809012066707912,""FDR"":0.0519784648971407,""leading_edge_n"":12,""qualified"":false}]"
EXP001_vs_primary,M,M015,primary,0.5,3,GOBP_MUSCLE_CELL_MIGRATION;GOBP_SMOOTH_MUSCLE_CELL_MIGRATION;GOBP_VASCULAR_ASSOCIATED_SMOOTH_MUSCLE_CELL_MIGRATION,0,INACTIVE,"[{""term_id"":""GOBP_MUSCLE_CELL_MIGRATION"",""NES"":1.4692611290417688,""FDR"":0.1401362509811111,""leading_edge_n"":19,""qualified"":false},{""term_id"":""GOBP_SMOOTH_MUSCLE_CELL_MIGRATION"",""NES"":1.529462598973509,""FDR"":0.1089284005643412,""leading_edge_n"":14,""qualified"":false},{""term_id"":""GOBP_VASCULAR_ASSOCIATED_SMOOTH_MUSCLE_CELL_MIGRATION"",""NES"":1.5845625644105743,""FDR"":0.0885338366355494,""leading_edge_n"":7,""qualified"":false}]"
EXP001_vs_primary,M,M016,EXP001,0.5,1,GOBP_NEGATIVE_CHEMOTAXIS,1,NEGATIVE,"[{""term_id"":""GOBP_NEGATIVE_CHEMOTAXIS"",""NES"":-2.1246892928603094,""FDR"":0.0014967955680446,""leading_edge_n"":21,""qualified"":true}]"
EXP001_vs_primary,M,M016,primary,0.5,1,GOBP_NEGATIVE_CHEMOTAXIS,0,INACTIVE,"[{""term_id"":""GOBP_NEGATIVE_CHEMOTAXIS"",""NES"":-1.0620835420357408,""FDR"":0.6577734464100862,""leading_edge_n"":7,""qualified"":false}]"
EXP001_vs_primary,M,M017,EXP001,0.5,1,GOBP_NEGATIVE_REGULATION_OF_CHEMOTAXIS,0,INACTIVE,"[{""term_id"":""GOBP_NEGATIVE_REGULATION_OF_CHEMOTAXIS"",""NES"":-1.4835928208761735,""FDR"":0.1374295585774154,""leading_edge_n"":10,""qualified"":false}]"
EXP001_vs_primary,M,M017,primary,0.5,1,GOBP_NEGATIVE_REGULATION_OF_CHEMOTAXIS,1,POSITIVE,"[{""term_id"":""GOBP_NEGATIVE_REGULATION_OF_CHEMOTAXIS"",""NES"":1.9552778452649089,""FDR"":0.0132768498704461,""leading_edge_n"":8,""qualified"":true}]"
EXP001_vs_primary,M,M018,EXP001,0.5,2,GOBP_NEGATIVE_REGULATION_OF_LEUKOCYTE_MIGRATION;GOBP_NEGATIVE_REGULATION_OF_MONONUCLEAR_CELL_MIGRATION,0,INACTIVE,"[{""term_id"":""GOBP_NEGATIVE_REGULATION_OF_LEUKOCYTE_MIGRATION"",""NES"":-0.8470795544088242,""FDR"":0.8058494501732858,""leading_edge_n"":11,""qualified"":false},{""term_id"":""GOBP_NEGATIVE_REGULATION_OF_MONONUCLEAR_CELL_MIGRATION"",""NES"":0.8125035677588377,""FDR"":0.864879653261614,""leading_edge_n"":1,""qualified"":false}]"
EXP001_vs_primary,M,M018,primary,0.5,2,GOBP_NEGATIVE_REGULATION_OF_LEUKOCYTE_MIGRATION;GOBP_NEGATIVE_REGULATION_OF_MONONUCLEAR_CELL_MIGRATION,2,POSITIVE,"[{""term_id"":""GOBP_NEGATIVE_REGULATION_OF_LEUKOCYTE_MIGRATION"",""NES"":1.8560309166955464,""FDR"":0.0230826719184932,""leading_edge_n"":7,""qualified"":true},{""term_id"":""GOBP_NEGATIVE_REGULATION_OF_MONONUCLEAR_CELL_MIGRATION"",""NES"":1.957178431035276,""FDR"":0.0130241236498973,""leading_edge_n"":5,""qualified"":true}]"
EXP001_vs_primary,M,M019,EXP001,0.5,1,GOBP_NEGATIVE_REGULATION_OF_LOCOMOTION,0,INACTIVE,"[{""term_id"":""GOBP_NEGATIVE_REGULATION_OF_LOCOMOTION"",""NES"":-1.6107267032329389,""FDR"":0.095338701267338,""leading_edge_n"":66,""qualified"":false}]"
EXP001_vs_primary,M,M019,primary,0.5,1,GOBP_NEGATIVE_REGULATION_OF_LOCOMOTION,0,INACTIVE,"[{""term_id"":""GOBP_NEGATIVE_REGULATION_OF_LOCOMOTION"",""NES"":1.6969348996673914,""FDR"":0.0552897237288856,""leading_edge_n"":40,""qualified"":false}]"
EXP001_vs_primary,M,M020,EXP001,0.5,1,GOBP_NEGATIVE_REGULATION_OF_SMOOTH_MUSCLE_CELL_MIGRATION,0,INACTIVE,"[{""term_id"":""GOBP_NEGATIVE_REGULATION_OF_SMOOTH_MUSCLE_CELL_MIGRATION"",""NES"":-1.6023599239561808,""FDR"":0.0960016091045813,""leading_edge_n"":10,""qualified"":false}]"
EXP001_vs_primary,M,M020,primary,0.5,1,GOBP_NEGATIVE_REGULATION_OF_SMOOTH_MUSCLE_CELL_MIGRATION,0,INACTIVE,"[{""term_id"":""GOBP_NEGATIVE_REGULATION_OF_SMOOTH_MUSCLE_CELL_MIGRATION"",""NES"":1.5143103952916908,""FDR"":0.1164928549323318,""leading_edge_n"":6,""qualified"":false}]"
EXP001_vs_primary,M,M021,EXP001,0.5,1,GOBP_NEURON_MIGRATION,0,INACTIVE,"[{""term_id"":""GOBP_NEURON_MIGRATION"",""NES"":-1.3309691906908383,""FDR"":0.2215784231701285,""leading_edge_n"":32,""qualified"":false}]"
EXP001_vs_primary,M,M021,primary,0.5,1,GOBP_NEURON_MIGRATION,0,INACTIVE,"[{""term_id"":""GOBP_NEURON_MIGRATION"",""NES"":0.895419170266364,""FDR"":0.7704223722744123,""leading_edge_n"":27,""qualified"":false}]"
EXP001_vs_primary,M,M022,EXP001,0.5,1,GOBP_POSITIVE_CHEMOTAXIS,0,INACTIVE,"[{""term_id"":""GOBP_POSITIVE_CHEMOTAXIS"",""NES"":-1.2131591026226116,""FDR"":0.3128161196261285,""leading_edge_n"":10,""qualified"":false}]"
EXP001_vs_primary,M,M022,primary,0.5,1,GOBP_POSITIVE_CHEMOTAXIS,0,INACTIVE,"[{""term_id"":""GOBP_POSITIVE_CHEMOTAXIS"",""NES"":-1.1551003658926795,""FDR"":0.5658508594295835,""leading_edge_n"":10,""qualified"":false}]"
EXP001_vs_primary,M,M023,EXP001,0.5,1,GOBP_POSITIVE_REGULATION_OF_CELL_MIGRATION_INVOLVED_IN_SPROUTING_ANGIOGENESIS,0,INACTIVE,"[{""term_id"":""GOBP_POSITIVE_REGULATION_OF_CELL_MIGRATION_INVOLVED_IN_SPROUTING_ANGIOGENESIS"",""NES"":-1.2537255618614245,""FDR"":0.2762820027424073,""leading_edge_n"":8,""qualified"":false}]"
EXP001_vs_primary,M,M023,primary,0.5,1,GOBP_POSITIVE_REGULATION_OF_CELL_MIGRATION_INVOLVED_IN_SPROUTING_ANGIOGENESIS,1,POSITIVE,"[{""term_id"":""GOBP_POSITIVE_REGULATION_OF_CELL_MIGRATION_INVOLVED_IN_SPROUTING_ANGIOGENESIS"",""NES"":2.132786920385796,""FDR"":0.0036387030237909,""leading_edge_n"":11,""qualified"":true}]"
EXP001_vs_primary,M,M024,EXP001,0.5,3,GOBP_POSITIVE_REGULATION_OF_EPITHELIAL_CELL_MIGRATION;GOBP_REGULATION_OF_EPITHELIAL_CELL_MIGRATION;GOBP_TISSUE_MIGRATION,0,INACTIVE,"[{""term_id"":""GOBP_POSITIVE_REGULATION_OF_EPITHELIAL_CELL_MIGRATION"",""NES"":1.1765275191741775,""FDR"":0.3648128607830538,""leading_edge_n"":12,""qualified"":false},{""term_id"":""GOBP_REGULATION_OF_EPITHELIAL_CELL_MIGRATION"",""NES"":1.0944490811197856,""FDR"":0.4757705463492417,""leading_edge_n"":17,""qualified"":false},{""term_id"":""GOBP_TISSUE_MIGRATION"",""NES"":-1.1753305517429866,""FDR"":0.3482902168044196,""leading_edge_n"":20,""qualified"":false}]"
EXP001_vs_primary,M,M024,primary,0.5,3,GOBP_POSITIVE_REGULATION_OF_EPITHELIAL_CELL_MIGRATION;GOBP_REGULATION_OF_EPITHELIAL_CELL_MIGRATION;GOBP_TISSUE_MIGRATION,0,INACTIVE,"[{""term_id"":""GOBP_POSITIVE_REGULATION_OF_EPITHELIAL_CELL_MIGRATION"",""NES"":-1.0389365516166134,""FDR"":0.6874472634899141,""leading_edge_n"":5,""qualified"":false},{""term_id"":""GOBP_REGULATION_OF_EPITHELIAL_CELL_MIGRATION"",""NES"":1.0160006297683764,""FDR"":0.5884177325586786,""leading_edge_n"":8,""qualified"":false},{""term_id"":""GOBP_TISSUE_MIGRATION"",""NES"":1.190985512940789,""FDR"":0.3542907998959014,""leading_edge_n"":12,""qualified"":false}]"
EXP001_vs_primary,M,M025,EXP001,0.5,5,GOBP_POSITIVE_REGULATION_OF_GRANULOCYTE_CHEMOTAXIS;GOBP_POSITIVE_REGULATION_OF_NEUTROPHIL_MIGRATION;GOBP_REGULATION_OF_GRANULOCYTE_CHEMOTAXIS;GOBP_REGULATION_OF_NEUTROPHIL_CHEMOTAXIS;GOBP_REGULATION_OF_NEUTROPHIL_MIGRATION,1,NEGATIVE,"[{""term_id"":""GOBP_POSITIVE_REGULATION_OF_GRANULOCYTE_CHEMOTAXIS"",""NES"":-1.324026322246782,""FDR"":0.2264660796027721,""leading_edge_n"":5,""qualified"":false},{""term_id"":""GOBP_POSITIVE_REGULATION_OF_NEUTROPHIL_MIGRATION"",""NES"":-1.0006806912119195,""FDR"":0.5674960667724971,""leading_edge_n"":6,""qualified"":false},{""term_id"":""GOBP_REGULATION_OF_GRANULOCYTE_CHEMOTAXIS"",""NES"":-1.9009378367500227,""FDR"":0.0280812959769187,""leading_edge_n"":11,""qualified"":true},{""term_id"":""GOBP_REGULATION_OF_NEUTROPHIL_CHEMOTAXIS"",""NES"":-1.5414036541886582,""FDR"":0.1140229381399478,""leading_edge_n"":7,""qualified"":false},{""term_id"":""GOBP_REGULATION_OF_NEUTROPHIL_MIGRATION"",""NES"":-1.171915982642846,""FDR"":0.34987560631402,""leading_edge_n"":8,""qualified"":false}]"
EXP001_vs_primary,M,M025,primary,0.5,5,GOBP_POSITIVE_REGULATION_OF_GRANULOCYTE_CHEMOTAXIS;GOBP_POSITIVE_REGULATION_OF_NEUTROPHIL_MIGRATION;GOBP_REGULATION_OF_GRANULOCYTE_CHEMOTAXIS;GOBP_REGULATION_OF_NEUTROPHIL_CHEMOTAXIS;GOBP_REGULATION_OF_NEUTROPHIL_MIGRATION,0,INACTIVE,"[{""term_id"":""GOBP_POSITIVE_REGULATION_OF_GRANULOCYTE_CHEMOTAXIS"",""NES"":-0.8507427368813336,""FDR"":0.9034414383121974,""leading_edge_n"":6,""qualified"":false},{""term_id"":""GOBP_POSITIVE_REGULATION_OF_NEUTROPHIL_MIGRATION"",""NES"":0.9376619279078658,""FDR"":0.7085476804772153,""leading_edge_n"":3,""qualified"":false},{""term_id"":""GOBP_REGULATION_OF_GRANULOCYTE_CHEMOTAXIS"",""NES"":1.4637249388631657,""FDR"":0.1436689933805161,""leading_edge_n"":7,""qualified"":false},{""term_id"":""GOBP_REGULATION_OF_NEUTROPHIL_CHEMOTAXIS"",""NES"":-0.8196325212902358,""FDR"":0.9310814831290772,""leading_edge_n"":7,""qualified"":false},{""term_id"":""GOBP_REGULATION_OF_NEUTROPHIL_MIGRATION"",""NES"":-0.8120464651144281,""FDR"":0.9391036188771216,""leading_edge_n"":9,""qualified"":false}]"
EXP001_vs_primary,M,M026,EXP001,0.5,1,GOBP_POSITIVE_REGULATION_OF_LOCOMOTION,1,NEGATIVE,"[{""term_id"":""GOBP_POSITIVE_REGULATION_OF_LOCOMOTION"",""NES"":-1.8643252666726435,""FDR"":0.0328246544982548,""leading_edge_n"":142,""qualified"":true}]"
EXP001_vs_primary,M,M026,primary,0.5,1,GOBP_POSITIVE_REGULATION_OF_LOCOMOTION,1,POSITIVE,"[{""term_id"":""GOBP_POSITIVE_REGULATION_OF_LOCOMOTION"",""NES"":1.811062660809769,""FDR"":0.0302758540413209,""leading_edge_n"":96,""qualified"":true}]"
EXP001_vs_primary,M,M027,EXP001,0.5,1,GOBP_POSITIVE_REGULATION_OF_NEURON_MIGRATION,0,INACTIVE,"[{""term_id"":""GOBP_POSITIVE_REGULATION_OF_NEURON_MIGRATION"",""NES"":-1.379411955654965,""FDR"":0.1899409928862944,""leading_edge_n"":7,""qualified"":false}]"
EXP001_vs_primary,M,M027,primary,0.5,1,GOBP_POSITIVE_REGULATION_OF_NEURON_MIGRATION,0,INACTIVE,"[{""term_id"":""GOBP_POSITIVE_REGULATION_OF_NEURON_MIGRATION"",""NES"":0.8200239605553217,""FDR"":0.8702345022103617,""leading_edge_n"":7,""qualified"":false}]"
EXP001_vs_primary,M,M028,EXP001,0.5,1,GOBP_POSITIVE_REGULATION_OF_SMOOTH_MUSCLE_CELL_MIGRATION,0,INACTIVE,"[{""term_id"":""GOBP_POSITIVE_REGULATION_OF_SMOOTH_MUSCLE_CELL_MIGRATION"",""NES"":-1.3065958690085917,""FDR"":0.2366241608455536,""leading_edge_n"":10,""qualified"":false}]"
EXP001_vs_primary,M,M028,primary,0.5,1,GOBP_POSITIVE_REGULATION_OF_SMOOTH_MUSCLE_CELL_MIGRATION,0,INACTIVE,"[{""term_id"":""GOBP_POSITIVE_REGULATION_OF_SMOOTH_MUSCLE_CELL_MIGRATION"",""NES"":1.234938265175898,""FDR"":0.3103196338853112,""leading_edge_n"":8,""qualified"":false}]"
EXP001_vs_primary,M,M029,EXP001,0.5,1,GOBP_REGULATION_OF_NEURON_MIGRATION,0,INACTIVE,"[{""term_id"":""GOBP_REGULATION_OF_NEURON_MIGRATION"",""NES"":-1.4500608782834787,""FDR"":0.1515305463296216,""leading_edge_n"":12,""qualified"":false}]"
EXP001_vs_primary,M,M029,primary,0.5,1,GOBP_REGULATION_OF_NEURON_MIGRATION,0,INACTIVE,"[{""term_id"":""GOBP_REGULATION_OF_NEURON_MIGRATION"",""NES"":0.7250928187568243,""FDR"":0.9523007753602696,""leading_edge_n"":14,""qualified"":false}]"
EXP001_vs_primary,M,M030,EXP001,0.5,1,GOBP_REGULATION_OF_POSITIVE_CHEMOTAXIS,0,INACTIVE,"[{""term_id"":""GOBP_REGULATION_OF_POSITIVE_CHEMOTAXIS"",""NES"":0.9024023501867614,""FDR"":0.7516731472347201,""leading_edge_n"":6,""qualified"":false}]"
EXP001_vs_primary,M,M030,primary,0.5,1,GOBP_REGULATION_OF_POSITIVE_CHEMOTAXIS,0,INACTIVE,"[{""term_id"":""GOBP_REGULATION_OF_POSITIVE_CHEMOTAXIS"",""NES"":-0.9886291908131524,""FDR"":0.7368906572734738,""leading_edge_n"":4,""qualified"":false}]"
EXP001_vs_primary,M,M031,EXP001,0.5,1,GOBP_SUBSTRATE_DEPENDENT_CELL_MIGRATION,0,INACTIVE,"[{""term_id"":""GOBP_SUBSTRATE_DEPENDENT_CELL_MIGRATION"",""NES"":-1.1728577051019218,""FDR"":0.34983825663618,""leading_edge_n"":8,""qualified"":false}]"
EXP001_vs_primary,M,M031,primary,0.5,1,GOBP_SUBSTRATE_DEPENDENT_CELL_MIGRATION,0,INACTIVE,"[{""term_id"":""GOBP_SUBSTRATE_DEPENDENT_CELL_MIGRATION"",""NES"":1.3592454699320926,""FDR"":0.2059908844714226,""leading_edge_n"":5,""qualified"":false}]"
EXP001_vs_primary,M,M032,EXP001,0.5,1,GOBP_TROPHOBLAST_CELL_MIGRATION,0,INACTIVE,"[{""term_id"":""GOBP_TROPHOBLAST_CELL_MIGRATION"",""NES"":1.029458174665187,""FDR"":0.5659151534609133,""leading_edge_n"":5,""qualified"":false}]"
EXP001_vs_primary,M,M032,primary,0.5,1,GOBP_TROPHOBLAST_CELL_MIGRATION,0,INACTIVE,"[{""term_id"":""GOBP_TROPHOBLAST_CELL_MIGRATION"",""NES"":1.4250972757825489,""FDR"":0.1644183402009594,""leading_edge_n"":6,""qualified"":false}]"
EXP001_vs_primary,M,M033,EXP001,0.5,1,REACTOME_MET_PROMOTES_CELL_MOTILITY,0,INACTIVE,"[{""term_id"":""REACTOME_MET_PROMOTES_CELL_MOTILITY"",""NES"":-1.3950201862868978,""FDR"":0.1808841276059327,""leading_edge_n"":13,""qualified"":false}]"
EXP001_vs_primary,M,M033,primary,0.5,1,REACTOME_MET_PROMOTES_CELL_MOTILITY,0,INACTIVE,"[{""term_id"":""REACTOME_MET_PROMOTES_CELL_MOTILITY"",""NES"":1.0870812142241333,""FDR"":0.4837641408696068,""leading_edge_n"":12,""qualified"":false}]"
EXP001_vs_primary,M,M034,EXP001,0.5,1,REACTOME_SEMA4D_INDUCED_CELL_MIGRATION_AND_GROWTH_CONE_COLLAPSE,1,NEGATIVE,"[{""term_id"":""REACTOME_SEMA4D_INDUCED_CELL_MIGRATION_AND_GROWTH_CONE_COLLAPSE"",""NES"":-1.8458042936093977,""FDR"":0.0369517556078186,""leading_edge_n"":13,""qualified"":true}]"
EXP001_vs_primary,M,M034,primary,0.5,1,REACTOME_SEMA4D_INDUCED_CELL_MIGRATION_AND_GROWTH_CONE_COLLAPSE,0,INACTIVE,"[{""term_id"":""REACTOME_SEMA4D_INDUCED_CELL_MIGRATION_AND_GROWTH_CONE_COLLAPSE"",""NES"":0.8505361589164707,""FDR"":0.8320370001446626,""leading_edge_n"":3,""qualified"":false}]"
EXP001_vs_primary,E,E001,EXP001,0.5,1,GOBP_BASEMENT_MEMBRANE_ORGANIZATION,0,INACTIVE,"[{""term_id"":""GOBP_BASEMENT_MEMBRANE_ORGANIZATION"",""NES"":-1.4640771948080225,""FDR"":0.1458749678200232,""leading_edge_n"":10,""qualified"":false}]"
EXP001_vs_primary,E,E001,primary,0.5,1,GOBP_BASEMENT_MEMBRANE_ORGANIZATION,0,INACTIVE,"[{""term_id"":""GOBP_BASEMENT_MEMBRANE_ORGANIZATION"",""NES"":0.9332968823853132,""FDR"":0.7155541416653637,""leading_edge_n"":11,""qualified"":false}]"
EXP001_vs_primary,E,E002,EXP001,0.5,3,GOBP_COLLAGEN_BIOSYNTHETIC_PROCESS;GOBP_POSITIVE_REGULATION_OF_COLLAGEN_METABOLIC_PROCESS;GOBP_REGULATION_OF_COLLAGEN_METABOLIC_PROCESS,0,INACTIVE,"[{""term_id"":""GOBP_COLLAGEN_BIOSYNTHETIC_PROCESS"",""NES"":-1.2800409702687785,""FDR"":0.2559351218379117,""leading_edge_n"":14,""qualified"":false},{""term_id"":""GOBP_POSITIVE_REGULATION_OF_COLLAGEN_METABOLIC_PROCESS"",""NES"":-1.3546126893055574,""FDR"":0.2044076168348186,""leading_edge_n"":7,""qualified"":false},{""term_id"":""GOBP_REGULATION_OF_COLLAGEN_METABOLIC_PROCESS"",""NES"":-1.2512175375007866,""FDR"":0.2777106149600346,""leading_edge_n"":12,""qualified"":false}]"
EXP001_vs_primary,E,E002,primary,0.5,3,GOBP_COLLAGEN_BIOSYNTHETIC_PROCESS;GOBP_POSITIVE_REGULATION_OF_COLLAGEN_METABOLIC_PROCESS;GOBP_REGULATION_OF_COLLAGEN_METABOLIC_PROCESS,0,INACTIVE,"[{""term_id"":""GOBP_COLLAGEN_BIOSYNTHETIC_PROCESS"",""NES"":1.2828529224176544,""FDR"":0.2641582343003963,""leading_edge_n"":10,""qualified"":false},{""term_id"":""GOBP_POSITIVE_REGULATION_OF_COLLAGEN_METABOLIC_PROCESS"",""NES"":-1.2710189484191927,""FDR"":0.4763696532790509,""leading_edge_n"":2,""qualified"":false},{""term_id"":""GOBP_REGULATION_OF_COLLAGEN_METABOLIC_PROCESS"",""NES"":1.2471336146224816,""FDR"":0.2991946692662431,""leading_edge_n"":8,""qualified"":false}]"
EXP001_vs_primary,E,E003,EXP001,0.5,1,GOBP_COLLAGEN_CATABOLIC_PROCESS,0,INACTIVE,"[{""term_id"":""GOBP_COLLAGEN_CATABOLIC_PROCESS"",""NES"":1.0248304022153816,""FDR"":0.5723019844641943,""leading_edge_n"":7,""qualified"":false}]"
EXP001_vs_primary,E,E003,primary,0.5,1,GOBP_COLLAGEN_CATABOLIC_PROCESS,0,INACTIVE,"[{""term_id"":""GOBP_COLLAGEN_CATABOLIC_PROCESS"",""NES"":-0.9637322861927056,""FDR"":0.7706719780145027,""leading_edge_n"":4,""qualified"":false}]"
EXP001_vs_primary,E,E004,EXP001,0.5,1,GOBP_COLLAGEN_FIBRIL_ORGANIZATION,1,NEGATIVE,"[{""term_id"":""GOBP_COLLAGEN_FIBRIL_ORGANIZATION"",""NES"":-1.994897796036284,""FDR"":0.0145074031979713,""leading_edge_n"":31,""qualified"":true}]"
EXP001_vs_primary,E,E004,primary,0.5,1,GOBP_COLLAGEN_FIBRIL_ORGANIZATION,0,INACTIVE,"[{""term_id"":""GOBP_COLLAGEN_FIBRIL_ORGANIZATION"",""NES"":1.6892436294679718,""FDR"":0.0569099593493635,""leading_edge_n"":25,""qualified"":false}]"
EXP001_vs_primary,E,E005,EXP001,0.5,1,GOBP_COLLAGEN_METABOLIC_PROCESS,0,INACTIVE,"[{""term_id"":""GOBP_COLLAGEN_METABOLIC_PROCESS"",""NES"":-1.370481196389007,""FDR"":0.1950829252587343,""leading_edge_n"":32,""qualified"":false}]"
EXP001_vs_primary,E,E005,primary,0.5,1,GOBP_COLLAGEN_METABOLIC_PROCESS,0,INACTIVE,"[{""term_id"":""GOBP_COLLAGEN_METABOLIC_PROCESS"",""NES"":1.224877341750366,""FDR"":0.3195344238844891,""leading_edge_n"":20,""qualified"":false}]"
EXP001_vs_primary,E,E006,EXP001,0.5,1,GOBP_EXTRACELLULAR_MATRIX_ASSEMBLY,1,NEGATIVE,"[{""term_id"":""GOBP_EXTRACELLULAR_MATRIX_ASSEMBLY"",""NES"":-1.9429957770661817,""FDR"":0.0247969132439399,""leading_edge_n"":22,""qualified"":true}]"
EXP001_vs_primary,E,E006,primary,0.5,1,GOBP_EXTRACELLULAR_MATRIX_ASSEMBLY,0,INACTIVE,"[{""term_id"":""GOBP_EXTRACELLULAR_MATRIX_ASSEMBLY"",""NES"":-1.2036380952158212,""FDR"":0.5181258738599294,""leading_edge_n"":10,""qualified"":false}]"
EXP001_vs_primary,E,E007,EXP001,0.5,1,GOBP_EXTRACELLULAR_MATRIX_DISASSEMBLY,0,INACTIVE,"[{""term_id"":""GOBP_EXTRACELLULAR_MATRIX_DISASSEMBLY"",""NES"":-1.402501262446961,""FDR"":0.1755872189325786,""leading_edge_n"":14,""qualified"":false}]"
EXP001_vs_primary,E,E007,primary,0.5,1,GOBP_EXTRACELLULAR_MATRIX_DISASSEMBLY,0,INACTIVE,"[{""term_id"":""GOBP_EXTRACELLULAR_MATRIX_DISASSEMBLY"",""NES"":1.4013342171643,""FDR"":0.1773389546604357,""leading_edge_n"":13,""qualified"":false}]"
EXP001_vs_primary,E,E008,EXP001,0.5,1,GOBP_NEGATIVE_REGULATION_OF_EXTRACELLULAR_MATRIX_ORGANIZATION,0,INACTIVE,"[{""term_id"":""GOBP_NEGATIVE_REGULATION_OF_EXTRACELLULAR_MATRIX_ORGANIZATION"",""NES"":-1.703218090868992,""FDR"":0.0636894923166869,""leading_edge_n"":9,""qualified"":false}]"
EXP001_vs_primary,E,E008,primary,0.5,1,GOBP_NEGATIVE_REGULATION_OF_EXTRACELLULAR_MATRIX_ORGANIZATION,0,INACTIVE,"[{""term_id"":""GOBP_NEGATIVE_REGULATION_OF_EXTRACELLULAR_MATRIX_ORGANIZATION"",""NES"":1.1795205845161696,""FDR"":0.3663694573884998,""leading_edge_n"":4,""qualified"":false}]"
EXP001_vs_primary,E,E009,EXP001,0.5,1,GOBP_NEGATIVE_REGULATION_OF_TISSUE_REMODELING,0,INACTIVE,"[{""term_id"":""GOBP_NEGATIVE_REGULATION_OF_TISSUE_REMODELING"",""NES"":-0.848979461967351,""FDR"":0.8030178498885916,""leading_edge_n"":9,""qualified"":false}]"
EXP001_vs_primary,E,E009,primary,0.5,1,GOBP_NEGATIVE_REGULATION_OF_TISSUE_REMODELING,0,INACTIVE,"[{""term_id"":""GOBP_NEGATIVE_REGULATION_OF_TISSUE_REMODELING"",""NES"":-1.492604679362346,""FDR"":0.2681189810400743,""leading_edge_n"":9,""qualified"":false}]"
EXP001_vs_primary,E,E010,EXP001,0.5,1,GOBP_POSITIVE_REGULATION_OF_EXTRACELLULAR_MATRIX_ORGANIZATION,0,INACTIVE,"[{""term_id"":""GOBP_POSITIVE_REGULATION_OF_EXTRACELLULAR_MATRIX_ORGANIZATION"",""NES"":-1.445863424980492,""FDR"":0.1532174148392899,""leading_edge_n"":11,""qualified"":false}]"
EXP001_vs_primary,E,E010,primary,0.5,1,GOBP_POSITIVE_REGULATION_OF_EXTRACELLULAR_MATRIX_ORGANIZATION,0,INACTIVE,"[{""term_id"":""GOBP_POSITIVE_REGULATION_OF_EXTRACELLULAR_MATRIX_ORGANIZATION"",""NES"":1.2193051546976177,""FDR"":0.325524129818759,""leading_edge_n"":7,""qualified"":false}]"
EXP001_vs_primary,E,E011,EXP001,0.5,1,GOBP_REGULATION_OF_EXTRACELLULAR_MATRIX_DISASSEMBLY,0,INACTIVE,"[{""term_id"":""GOBP_REGULATION_OF_EXTRACELLULAR_MATRIX_DISASSEMBLY"",""NES"":-1.594313969990505,""FDR"":0.0971594649249232,""leading_edge_n"":7,""qualified"":false}]"
EXP001_vs_primary,E,E011,primary,0.5,1,GOBP_REGULATION_OF_EXTRACELLULAR_MATRIX_DISASSEMBLY,0,INACTIVE,"[{""term_id"":""GOBP_REGULATION_OF_EXTRACELLULAR_MATRIX_DISASSEMBLY"",""NES"":1.611377498373784,""FDR"":0.0795167089595372,""leading_edge_n"":7,""qualified"":false}]"
EXP001_vs_primary,E,E012,EXP001,0.5,1,GOBP_REGULATION_OF_EXTRACELLULAR_MATRIX_ORGANIZATION,1,NEGATIVE,"[{""term_id"":""GOBP_REGULATION_OF_EXTRACELLULAR_MATRIX_ORGANIZATION"",""NES"":-1.862181442561959,""FDR"":0.0322815840450743,""leading_edge_n"":27,""qualified"":true}]"
EXP001_vs_primary,E,E012,primary,0.5,1,GOBP_REGULATION_OF_EXTRACELLULAR_MATRIX_ORGANIZATION,0,INACTIVE,"[{""term_id"":""GOBP_REGULATION_OF_EXTRACELLULAR_MATRIX_ORGANIZATION"",""NES"":1.3349082595885058,""FDR"":0.2235744328337993,""leading_edge_n"":15,""qualified"":false}]"
EXP001_vs_primary,E,E013,EXP001,0.5,1,GOBP_REGULATION_OF_TISSUE_REMODELING,0,INACTIVE,"[{""term_id"":""GOBP_REGULATION_OF_TISSUE_REMODELING"",""NES"":-1.1984448176650155,""FDR"":0.328720648353843,""leading_edge_n"":18,""qualified"":false}]"
EXP001_vs_primary,E,E013,primary,0.5,1,GOBP_REGULATION_OF_TISSUE_REMODELING,0,INACTIVE,"[{""term_id"":""GOBP_REGULATION_OF_TISSUE_REMODELING"",""NES"":-1.6844643229723772,""FDR"":0.1104235395625475,""leading_edge_n"":20,""qualified"":false}]"
EXP001_vs_primary,E,E014,EXP001,0.5,1,GOBP_TISSUE_REMODELING,0,INACTIVE,"[{""term_id"":""GOBP_TISSUE_REMODELING"",""NES"":-1.3682418195439665,""FDR"":0.1962787374116763,""leading_edge_n"":39,""qualified"":false}]"
EXP001_vs_primary,E,E014,primary,0.5,1,GOBP_TISSUE_REMODELING,0,INACTIVE,"[{""term_id"":""GOBP_TISSUE_REMODELING"",""NES"":1.3115826414550216,""FDR"":0.2409444499770522,""leading_edge_n"":31,""qualified"":false}]"
EXP001_vs_primary,E,E015,EXP001,0.5,5,REACTOME_ASSEMBLY_OF_COLLAGEN_FIBRILS_AND_OTHER_MULTIMERIC_STRUCTURES;REACTOME_COLLAGEN_BIOSYNTHESIS_AND_MODIFYING_ENZYMES;REACTOME_COLLAGEN_CHAIN_TRIMERIZATION;REACTOME_COLLAGEN_DEGRADATION;REACTOME_COLLAGEN_FORMATION,0,INACTIVE,"[{""term_id"":""REACTOME_ASSEMBLY_OF_COLLAGEN_FIBRILS_AND_OTHER_MULTIMERIC_STRUCTURES"",""NES"":-1.4026827572514595,""FDR"":0.1756031718599639,""leading_edge_n"":20,""qualified"":false},{""term_id"":""REACTOME_COLLAGEN_BIOSYNTHESIS_AND_MODIFYING_ENZYMES"",""NES"":-1.4467191467578542,""FDR"":0.152974585936898,""leading_edge_n"":21,""qualified"":false},{""term_id"":""REACTOME_COLLAGEN_CHAIN_TRIMERIZATION"",""NES"":-1.3510525695217648,""FDR"":0.2062725576919722,""leading_edge_n"":14,""qualified"":false},{""term_id"":""REACTOME_COLLAGEN_DEGRADATION"",""NES"":-1.314333068822194,""FDR"":0.230996050554719,""leading_edge_n"":17,""qualified"":false},{""term_id"":""REACTOME_COLLAGEN_FORMATION"",""NES"":-1.4044840796739948,""FDR"":0.1748889797793614,""leading_edge_n"":27,""qualified"":false}]"
EXP001_vs_primary,E,E015,primary,0.5,5,REACTOME_ASSEMBLY_OF_COLLAGEN_FIBRILS_AND_OTHER_MULTIMERIC_STRUCTURES;REACTOME_COLLAGEN_BIOSYNTHESIS_AND_MODIFYING_ENZYMES;REACTOME_COLLAGEN_CHAIN_TRIMERIZATION;REACTOME_COLLAGEN_DEGRADATION;REACTOME_COLLAGEN_FORMATION,0,INACTIVE,"[{""term_id"":""REACTOME_ASSEMBLY_OF_COLLAGEN_FIBRILS_AND_OTHER_MULTIMERIC_STRUCTURES"",""NES"":1.2762945094233165,""FDR"":0.2694437326079199,""leading_edge_n"":16,""qualified"":false},{""term_id"":""REACTOME_COLLAGEN_BIOSYNTHESIS_AND_MODIFYING_ENZYMES"",""NES"":1.2188014902441882,""FDR"":0.3260117349174572,""leading_edge_n"":12,""qualified"":false},{""term_id"":""REACTOME_COLLAGEN_CHAIN_TRIMERIZATION"",""NES"":1.37907066902212,""FDR"":0.1930978622398202,""leading_edge_n"":10,""qualified"":false},{""term_id"":""REACTOME_COLLAGEN_DEGRADATION"",""NES"":1.2912369835405315,""FDR"":0.2561432585011493,""leading_edge_n"":14,""qualified"":false},{""term_id"":""REACTOME_COLLAGEN_FORMATION"",""NES"":1.157388397510534,""FDR"":0.3906929875868933,""leading_edge_n"":20,""qualified"":false}]"
EXP001_vs_primary,E,E016,EXP001,0.5,1,REACTOME_CELL_EXTRACELLULAR_MATRIX_INTERACTIONS,0,INACTIVE,"[{""term_id"":""REACTOME_CELL_EXTRACELLULAR_MATRIX_INTERACTIONS"",""NES"":-1.5627241082825147,""FDR"":0.1062103288373241,""leading_edge_n"":7,""qualified"":false}]"
EXP001_vs_primary,E,E016,primary,0.5,1,REACTOME_CELL_EXTRACELLULAR_MATRIX_INTERACTIONS,0,INACTIVE,"[{""term_id"":""REACTOME_CELL_EXTRACELLULAR_MATRIX_INTERACTIONS"",""NES"":1.305126760814482,""FDR"":0.245550189176863,""leading_edge_n"":3,""qualified"":false}]"
EXP001_vs_primary,E,E017,EXP001,0.5,1,REACTOME_CROSSLINKING_OF_COLLAGEN_FIBRILS,0,INACTIVE,"[{""term_id"":""REACTOME_CROSSLINKING_OF_COLLAGEN_FIBRILS"",""NES"":-1.6993648976604243,""FDR"":0.0645448784661008,""leading_edge_n"":7,""qualified"":false}]"
EXP001_vs_primary,E,E017,primary,0.5,1,REACTOME_CROSSLINKING_OF_COLLAGEN_FIBRILS,0,INACTIVE,"[{""term_id"":""REACTOME_CROSSLINKING_OF_COLLAGEN_FIBRILS"",""NES"":1.0951719468363037,""FDR"":0.4739096852466034,""leading_edge_n"":4,""qualified"":false}]"
EXP001_vs_primary,E,E018,EXP001,0.5,1,REACTOME_DEGRADATION_OF_THE_EXTRACELLULAR_MATRIX,0,INACTIVE,"[{""term_id"":""REACTOME_DEGRADATION_OF_THE_EXTRACELLULAR_MATRIX"",""NES"":-1.5499826468032798,""FDR"":0.1101297934066824,""leading_edge_n"":31,""qualified"":false}]"
EXP001_vs_primary,E,E018,primary,0.5,1,REACTOME_DEGRADATION_OF_THE_EXTRACELLULAR_MATRIX,0,INACTIVE,"[{""term_id"":""REACTOME_DEGRADATION_OF_THE_EXTRACELLULAR_MATRIX"",""NES"":1.200239444508062,""FDR"":0.344809320999012,""leading_edge_n"":27,""qualified"":false}]"
EXP001_vs_primary,E,E019,EXP001,0.5,1,REACTOME_ECM_PROTEOGLYCANS,0,INACTIVE,"[{""term_id"":""REACTOME_ECM_PROTEOGLYCANS"",""NES"":-1.7817366634382563,""FDR"":0.0537527389244545,""leading_edge_n"":22,""qualified"":false}]"
EXP001_vs_primary,E,E019,primary,0.5,1,REACTOME_ECM_PROTEOGLYCANS,0,INACTIVE,"[{""term_id"":""REACTOME_ECM_PROTEOGLYCANS"",""NES"":-1.0580942439171204,""FDR"":0.6634427764183839,""leading_edge_n"":21,""qualified"":false}]"
EXP001_vs_primary,E,E020,EXP001,0.5,1,REACTOME_EXTRACELLULAR_MATRIX_ORGANIZATION,1,NEGATIVE,"[{""term_id"":""REACTOME_EXTRACELLULAR_MATRIX_ORGANIZATION"",""NES"":-1.948866437079759,""FDR"":0.0231609419476384,""leading_edge_n"":90,""qualified"":true}]"
EXP001_vs_primary,E,E020,primary,0.5,1,REACTOME_EXTRACELLULAR_MATRIX_ORGANIZATION,0,INACTIVE,"[{""term_id"":""REACTOME_EXTRACELLULAR_MATRIX_ORGANIZATION"",""NES"":1.4398692713114305,""FDR"":0.1558998059362825,""leading_edge_n"":51,""qualified"":false}]"
EXP001_vs_primary,E,E021,EXP001,0.5,1,REACTOME_INTEGRIN_CELL_SURFACE_INTERACTIONS,0,INACTIVE,"[{""term_id"":""REACTOME_INTEGRIN_CELL_SURFACE_INTERACTIONS"",""NES"":-1.3410710124578116,""FDR"":0.2130958314563448,""leading_edge_n"":19,""qualified"":false}]"
EXP001_vs_primary,E,E021,primary,0.5,1,REACTOME_INTEGRIN_CELL_SURFACE_INTERACTIONS,0,INACTIVE,"[{""term_id"":""REACTOME_INTEGRIN_CELL_SURFACE_INTERACTIONS"",""NES"":1.2080328818252415,""FDR"":0.3360158286198715,""leading_edge_n"":13,""qualified"":false}]"
EXP001_vs_primary,E,E022,EXP001,0.5,1,REACTOME_NON_INTEGRIN_MEMBRANE_ECM_INTERACTIONS,1,NEGATIVE,"[{""term_id"":""REACTOME_NON_INTEGRIN_MEMBRANE_ECM_INTERACTIONS"",""NES"":-1.9332364638622683,""FDR"":0.0236715447242619,""leading_edge_n"":31,""qualified"":true}]"
EXP001_vs_primary,E,E022,primary,0.5,1,REACTOME_NON_INTEGRIN_MEMBRANE_ECM_INTERACTIONS,0,INACTIVE,"[{""term_id"":""REACTOME_NON_INTEGRIN_MEMBRANE_ECM_INTERACTIONS"",""NES"":1.0844750754306658,""FDR"":0.4859098112699532,""leading_edge_n"":24,""qualified"":false}]"
EXP001_vs_primary,A,A001,EXP001,0.5,1,GOBP_ANGIOGENESIS_INVOLVED_IN_WOUND_HEALING,0,INACTIVE,"[{""term_id"":""GOBP_ANGIOGENESIS_INVOLVED_IN_WOUND_HEALING"",""NES"":-1.4518349632340275,""FDR"":0.1513728782028191,""leading_edge_n"":9,""qualified"":false}]"
EXP001_vs_primary,A,A001,primary,0.5,1,GOBP_ANGIOGENESIS_INVOLVED_IN_WOUND_HEALING,0,INACTIVE,"[{""term_id"":""GOBP_ANGIOGENESIS_INVOLVED_IN_WOUND_HEALING"",""NES"":1.1968336079212047,""FDR"":0.3485256384509607,""leading_edge_n"":7,""qualified"":false}]"
EXP001_vs_primary,A,A002,EXP001,0.5,10,GOBP_BLOOD_VESSEL_ENDOTHELIAL_CELL_MIGRATION;GOBP_CELL_MIGRATION_INVOLVED_IN_SPROUTING_ANGIOGENESIS;GOBP_ENDOTHELIAL_CELL_MIGRATION;GOBP_NEGATIVE_REGULATION_OF_BLOOD_VESSEL_ENDOTHELIAL_CELL_MIGRATION;GOBP_NEGATIVE_REGULATION_OF_CELL_MIGRATION_INVOLVED_IN_SPROUTING_ANGIOGENESIS;GOBP_NEGATIVE_REGULATION_OF_ENDOTHELIAL_CELL_MIGRATION;GOBP_POSITIVE_REGULATION_OF_BLOOD_VESSEL_ENDOTHELIAL_CELL_MIGRATION;GOBP_POSITIVE_REGULATION_OF_ENDOTHELIAL_CELL_MIGRATION;GOBP_REGULATION_OF_CELL_MIGRATION_INVOLVED_IN_SPROUTING_ANGIOGENESIS;GOBP_REGULATION_OF_ENDOTHELIAL_CELL_MIGRATION,0,INACTIVE,"[{""term_id"":""GOBP_BLOOD_VESSEL_ENDOTHELIAL_CELL_MIGRATION"",""NES"":-1.3422446706704203,""FDR"":0.2121680460760083,""leading_edge_n"":33,""qualified"":false},{""term_id"":""GOBP_CELL_MIGRATION_INVOLVED_IN_SPROUTING_ANGIOGENESIS"",""NES"":-1.1934517199995456,""FDR"":0.332162481647934,""leading_edge_n"":21,""qualified"":false},{""term_id"":""GOBP_ENDOTHELIAL_CELL_MIGRATION"",""NES"":-1.5815081803556876,""FDR"":0.1024805084615726,""leading_edge_n"":59,""qualified"":false},{""term_id"":""GOBP_NEGATIVE_REGULATION_OF_BLOOD_VESSEL_ENDOTHELIAL_CELL_MIGRATION"",""NES"":1.0822316362029636,""FDR"":0.4916865780350274,""leading_edge_n"":10,""qualified"":false},{""term_id"":""GOBP_NEGATIVE_REGULATION_OF_CELL_MIGRATION_INVOLVED_IN_SPROUTING_ANGIOGENESIS"",""NES"":1.321528225476016,""FDR"":0.2097819076455222,""leading_edge_n"":4,""qualified"":false},{""term_id"":""GOBP_NEGATIVE_REGULATION_OF_ENDOTHELIAL_CELL_MIGRATION"",""NES"":0.9832724701007578,""FDR"":0.6340604842820514,""leading_edge_n"":12,""qualified"":false},{""term_id"":""GOBP_POSITIVE_REGULATION_OF_BLOOD_VESSEL_ENDOTHELIAL_CELL_MIGRATION"",""NES"":-1.511201732030919,""FDR"":0.1273039734680169,""leading_edge_n"":21,""qualified"":false},{""term_id"":""GOBP_POSITIVE_REGULATION_OF_ENDOTHELIAL_CELL_MIGRATION"",""NES"":-1.7831212965160568,""FDR"":0.0555016605612705,""leading_edge_n"":34,""qualified"":false},{""term_id"":""GOBP_REGULATION_OF_CELL_MIGRATION_INVOLVED_IN_SPROUTING_ANGIOGENESIS"",""NES"":1.1437026884276371,""FDR"":0.4051366249966325,""leading_edge_n"":9,""qualified"":false},{""term_id"":""GOBP_REGULATION_OF_ENDOTHELIAL_CELL_MIGRATION"",""NES"":-1.5374312275863042,""FDR"":0.1165011489770673,""leading_edge_n"":43,""qualified"":false}]"
EXP001_vs_primary,A,A002,primary,0.5,10,GOBP_BLOOD_VESSEL_ENDOTHELIAL_CELL_MIGRATION;GOBP_CELL_MIGRATION_INVOLVED_IN_SPROUTING_ANGIOGENESIS;GOBP_ENDOTHELIAL_CELL_MIGRATION;GOBP_NEGATIVE_REGULATION_OF_BLOOD_VESSEL_ENDOTHELIAL_CELL_MIGRATION;GOBP_NEGATIVE_REGULATION_OF_CELL_MIGRATION_INVOLVED_IN_SPROUTING_ANGIOGENESIS;GOBP_NEGATIVE_REGULATION_OF_ENDOTHELIAL_CELL_MIGRATION;GOBP_POSITIVE_REGULATION_OF_BLOOD_VESSEL_ENDOTHELIAL_CELL_MIGRATION;GOBP_POSITIVE_REGULATION_OF_ENDOTHELIAL_CELL_MIGRATION;GOBP_REGULATION_OF_CELL_MIGRATION_INVOLVED_IN_SPROUTING_ANGIOGENESIS;GOBP_REGULATION_OF_ENDOTHELIAL_CELL_MIGRATION,5,POSITIVE,"[{""term_id"":""GOBP_BLOOD_VESSEL_ENDOTHELIAL_CELL_MIGRATION"",""NES"":1.6078329017989843,""FDR"":0.0801022822232324,""leading_edge_n"":23,""qualified"":false},{""term_id"":""GOBP_CELL_MIGRATION_INVOLVED_IN_SPROUTING_ANGIOGENESIS"",""NES"":2.002050414882587,""FDR"":0.0091416607031752,""leading_edge_n"":15,""qualified"":true},{""term_id"":""GOBP_ENDOTHELIAL_CELL_MIGRATION"",""NES"":1.7208919341046864,""FDR"":0.0476120645195238,""leading_edge_n"":42,""qualified"":true},{""term_id"":""GOBP_NEGATIVE_REGULATION_OF_BLOOD_VESSEL_ENDOTHELIAL_CELL_MIGRATION"",""NES"":-1.2632088126303538,""FDR"":0.4841201959244631,""leading_edge_n"":10,""qualified"":false},{""term_id"":""GOBP_NEGATIVE_REGULATION_OF_CELL_MIGRATION_INVOLVED_IN_SPROUTING_ANGIOGENESIS"",""NES"":0.9730053783637695,""FDR"":0.6499627100700741,""leading_edge_n"":2,""qualified"":false},{""term_id"":""GOBP_NEGATIVE_REGULATION_OF_ENDOTHELIAL_CELL_MIGRATION"",""NES"":1.146333513120573,""FDR"":0.4052683986180316,""leading_edge_n"":10,""qualified"":false},{""term_id"":""GOBP_POSITIVE_REGULATION_OF_BLOOD_VESSEL_ENDOTHELIAL_CELL_MIGRATION"",""NES"":1.810887572873042,""FDR"":0.030022355967852,""leading_edge_n"":18,""qualified"":true},{""term_id"":""GOBP_POSITIVE_REGULATION_OF_ENDOTHELIAL_CELL_MIGRATION"",""NES"":1.77240482041597,""FDR"":0.0365262547054747,""leading_edge_n"":19,""qualified"":true},{""term_id"":""GOBP_REGULATION_OF_CELL_MIGRATION_INVOLVED_IN_SPROUTING_ANGIOGENESIS"",""NES"":1.9277215964268968,""FDR"":0.0166340709659015,""leading_edge_n"":14,""qualified"":true},{""term_id"":""GOBP_REGULATION_OF_ENDOTHELIAL_CELL_MIGRATION"",""NES"":1.599973186528232,""FDR"":0.0819653381653638,""leading_edge_n"":31,""qualified"":false}]"
EXP001_vs_primary,A,A003,EXP001,0.5,1,GOBP_BLOOD_VESSEL_ENDOTHELIAL_CELL_PROLIFERATION_INVOLVED_IN_SPROUTING_ANGIOGENESIS,0,INACTIVE,"[{""term_id"":""GOBP_BLOOD_VESSEL_ENDOTHELIAL_CELL_PROLIFERATION_INVOLVED_IN_SPROUTING_ANGIOGENESIS"",""NES"":1.0290546644460106,""FDR"":0.565693683175978,""leading_edge_n"":6,""qualified"":false}]"
EXP001_vs_primary,A,A003,primary,0.5,1,GOBP_BLOOD_VESSEL_ENDOTHELIAL_CELL_PROLIFERATION_INVOLVED_IN_SPROUTING_ANGIOGENESIS,0,INACTIVE,"[{""term_id"":""GOBP_BLOOD_VESSEL_ENDOTHELIAL_CELL_PROLIFERATION_INVOLVED_IN_SPROUTING_ANGIOGENESIS"",""NES"":1.5048150857331757,""FDR"":0.1216093800291623,""leading_edge_n"":8,""qualified"":false}]"
EXP001_vs_primary,A,A004,EXP001,0.5,1,GOBP_BLOOD_VESSEL_REMODELING,0,INACTIVE,"[{""term_id"":""GOBP_BLOOD_VESSEL_REMODELING"",""NES"":-0.95291839854868,""FDR"":0.6387112226712426,""leading_edge_n"":9,""qualified"":false}]"
EXP001_vs_primary,A,A004,primary,0.5,1,GOBP_BLOOD_VESSEL_REMODELING,0,INACTIVE,"[{""term_id"":""GOBP_BLOOD_VESSEL_REMODELING"",""NES"":1.1895242342367125,""FDR"":0.3551835707803569,""leading_edge_n"":12,""qualified"":false}]"
EXP001_vs_primary,A,A005,EXP001,0.5,1,GOBP_BRANCHING_INVOLVED_IN_BLOOD_VESSEL_MORPHOGENESIS,0,INACTIVE,"[{""term_id"":""GOBP_BRANCHING_INVOLVED_IN_BLOOD_VESSEL_MORPHOGENESIS"",""NES"":1.1340351904976034,""FDR"":0.417188792905614,""leading_edge_n"":9,""qualified"":false}]"
EXP001_vs_primary,A,A005,primary,0.5,1,GOBP_BRANCHING_INVOLVED_IN_BLOOD_VESSEL_MORPHOGENESIS,0,INACTIVE,"[{""term_id"":""GOBP_BRANCHING_INVOLVED_IN_BLOOD_VESSEL_MORPHOGENESIS"",""NES"":1.6647294391247718,""FDR"":0.0644191377881317,""leading_edge_n"":13,""qualified"":false}]"
EXP001_vs_primary,A,A006,EXP001,0.5,3,GOBP_CELLULAR_RESPONSE_TO_VASCULAR_ENDOTHELIAL_GROWTH_FACTOR_STIMULUS;GOBP_REGULATION_OF_CELLULAR_RESPONSE_TO_VASCULAR_ENDOTHELIAL_GROWTH_FACTOR_STIMULUS;GOBP_VASCULAR_ENDOTHELIAL_GROWTH_FACTOR_SIGNALING_PATHWAY,0,INACTIVE,"[{""term_id"":""GOBP_CELLULAR_RESPONSE_TO_VASCULAR_ENDOTHELIAL_GROWTH_FACTOR_STIMULUS"",""NES"":-1.408682884470071,""FDR"":0.1720300709297706,""leading_edge_n"":19,""qualified"":false},{""term_id"":""GOBP_REGULATION_OF_CELLULAR_RESPONSE_TO_VASCULAR_ENDOTHELIAL_GROWTH_FACTOR_STIMULUS"",""NES"":-1.3684856702492714,""FDR"":0.1961831736063619,""leading_edge_n"":9,""qualified"":false},{""term_id"":""GOBP_VASCULAR_ENDOTHELIAL_GROWTH_FACTOR_SIGNALING_PATHWAY"",""NES"":-1.3065773085134875,""FDR"":0.2364331240669152,""leading_edge_n"":13,""qualified"":false}]"
EXP001_vs_primary,A,A006,primary,0.5,3,GOBP_CELLULAR_RESPONSE_TO_VASCULAR_ENDOTHELIAL_GROWTH_FACTOR_STIMULUS;GOBP_REGULATION_OF_CELLULAR_RESPONSE_TO_VASCULAR_ENDOTHELIAL_GROWTH_FACTOR_STIMULUS;GOBP_VASCULAR_ENDOTHELIAL_GROWTH_FACTOR_SIGNALING_PATHWAY,0,INACTIVE,"[{""term_id"":""GOBP_CELLULAR_RESPONSE_TO_VASCULAR_ENDOTHELIAL_GROWTH_FACTOR_STIMULUS"",""NES"":1.3259086639904545,""FDR"":0.2298155249439015,""leading_edge_n"":12,""qualified"":false},{""term_id"":""GOBP_REGULATION_OF_CELLULAR_RESPONSE_TO_VASCULAR_ENDOTHELIAL_GROWTH_FACTOR_STIMULUS"",""NES"":1.1337005844257555,""FDR"":0.4218934761824514,""leading_edge_n"":10,""qualified"":false},{""term_id"":""GOBP_VASCULAR_ENDOTHELIAL_GROWTH_FACTOR_SIGNALING_PATHWAY"",""NES"":1.1606628523030051,""FDR"":0.3863247315954922,""leading_edge_n"":14,""qualified"":false}]"
EXP001_vs_primary,A,A007,EXP001,0.5,2,GOBP_COLLATERAL_SPROUTING;GOBP_REGULATION_OF_COLLATERAL_SPROUTING,0,INACTIVE,"[{""term_id"":""GOBP_COLLATERAL_SPROUTING"",""NES"":-1.6342674591729842,""FDR"":0.0888699269829481,""leading_edge_n"":15,""qualified"":false},{""term_id"":""GOBP_REGULATION_OF_COLLATERAL_SPROUTING"",""NES"":-1.6104479677525554,""FDR"":0.095259657264731,""leading_edge_n"":12,""qualified"":false}]"
EXP001_vs_primary,A,A007,primary,0.5,2,GOBP_COLLATERAL_SPROUTING;GOBP_REGULATION_OF_COLLATERAL_SPROUTING,0,INACTIVE,"[{""term_id"":""GOBP_COLLATERAL_SPROUTING"",""NES"":-0.7202483649550776,""FDR"":0.9908165268179946,""leading_edge_n"":9,""qualified"":false},{""term_id"":""GOBP_REGULATION_OF_COLLATERAL_SPROUTING"",""NES"":0.8299868792290236,""FDR"":0.8590155278556713,""leading_edge_n"":5,""qualified"":false}]"
EXP001_vs_primary,A,A008,EXP001,0.5,2,GOBP_ENDOTHELIAL_CELL_APOPTOTIC_PROCESS;GOBP_NEGATIVE_REGULATION_OF_ENDOTHELIAL_CELL_APOPTOTIC_PROCESS,1,NEGATIVE,"[{""term_id"":""GOBP_ENDOTHELIAL_CELL_APOPTOTIC_PROCESS"",""NES"":-1.8603322999608665,""FDR"":0.0320147940942886,""leading_edge_n"":20,""qualified"":true},{""term_id"":""GOBP_NEGATIVE_REGULATION_OF_ENDOTHELIAL_CELL_APOPTOTIC_PROCESS"",""NES"":-1.2732478891801249,""FDR"":0.2615147133581069,""leading_edge_n"":7,""qualified"":false}]"
EXP001_vs_primary,A,A008,primary,0.5,2,GOBP_ENDOTHELIAL_CELL_APOPTOTIC_PROCESS;GOBP_NEGATIVE_REGULATION_OF_ENDOTHELIAL_CELL_APOPTOTIC_PROCESS,0,INACTIVE,"[{""term_id"":""GOBP_ENDOTHELIAL_CELL_APOPTOTIC_PROCESS"",""NES"":1.6031172429928755,""FDR"":0.0814952618139332,""leading_edge_n"":14,""qualified"":false},{""term_id"":""GOBP_NEGATIVE_REGULATION_OF_ENDOTHELIAL_CELL_APOPTOTIC_PROCESS"",""NES"":1.2125139653234882,""FDR"":0.3307086411489688,""leading_edge_n"":6,""qualified"":false}]"
EXP001_vs_primary,A,A009,EXP001,0.5,2,GOBP_ENDOTHELIAL_CELL_CHEMOTAXIS;GOBP_REGULATION_OF_ENDOTHELIAL_CELL_CHEMOTAXIS,0,INACTIVE,"[{""term_id"":""GOBP_ENDOTHELIAL_CELL_CHEMOTAXIS"",""NES"":-1.65094928840778,""FDR"":0.080979177172857,""leading_edge_n"":12,""qualified"":false},{""term_id"":""GOBP_REGULATION_OF_ENDOTHELIAL_CELL_CHEMOTAXIS"",""NES"":-1.744559181187732,""FDR"":0.0559713189932534,""leading_edge_n"":10,""qualified"":false}]"
EXP001_vs_primary,A,A009,primary,0.5,2,GOBP_ENDOTHELIAL_CELL_CHEMOTAXIS;GOBP_REGULATION_OF_ENDOTHELIAL_CELL_CHEMOTAXIS,0,INACTIVE,"[{""term_id"":""GOBP_ENDOTHELIAL_CELL_CHEMOTAXIS"",""NES"":1.4767268534864393,""FDR"":0.1353164557446741,""leading_edge_n"":6,""qualified"":false},{""term_id"":""GOBP_REGULATION_OF_ENDOTHELIAL_CELL_CHEMOTAXIS"",""NES"":-1.20223959770232,""FDR"":0.5208317751586181,""leading_edge_n"":7,""qualified"":false}]"
EXP001_vs_primary,A,A010,EXP001,0.5,3,GOBP_ENDOTHELIAL_CELL_DEVELOPMENT;GOBP_ENDOTHELIAL_CELL_DIFFERENTIATION;GOBP_ESTABLISHMENT_OF_ENDOTHELIAL_BARRIER,0,INACTIVE,"[{""term_id"":""GOBP_ENDOTHELIAL_CELL_DEVELOPMENT"",""NES"":-1.1888497938843896,""FDR"":0.3368786966579595,""leading_edge_n"":18,""qualified"":false},{""term_id"":""GOBP_ENDOTHELIAL_CELL_DIFFERENTIATION"",""NES"":-1.0701402081763096,""FDR"":0.467802474414855,""leading_edge_n"":26,""qualified"":false},{""term_id"":""GOBP_ESTABLISHMENT_OF_ENDOTHELIAL_BARRIER"",""NES"":-1.1653158901003178,""FDR"":0.3571011610272078,""leading_edge_n"":13,""qualified"":false}]"
EXP001_vs_primary,A,A010,primary,0.5,3,GOBP_ENDOTHELIAL_CELL_DEVELOPMENT;GOBP_ENDOTHELIAL_CELL_DIFFERENTIATION;GOBP_ESTABLISHMENT_OF_ENDOTHELIAL_BARRIER,0,INACTIVE,"[{""term_id"":""GOBP_ENDOTHELIAL_CELL_DEVELOPMENT"",""NES"":1.027570344851139,""FDR"":0.5701249961953987,""leading_edge_n"":25,""qualified"":false},{""term_id"":""GOBP_ENDOTHELIAL_CELL_DIFFERENTIATION"",""NES"":1.2223216123661662,""FDR"":0.3223783956268491,""leading_edge_n"":25,""qualified"":false},{""term_id"":""GOBP_ESTABLISHMENT_OF_ENDOTHELIAL_BARRIER"",""NES"":-1.1352282923825574,""FDR"":0.5797500636299758,""leading_edge_n"":10,""qualified"":false}]"
EXP001_vs_primary,A,A011,EXP001,0.5,2,GOBP_ENDOTHELIAL_CELL_PROLIFERATION;GOBP_POSITIVE_REGULATION_OF_ENDOTHELIAL_CELL_PROLIFERATION,0,INACTIVE,"[{""term_id"":""GOBP_ENDOTHELIAL_CELL_PROLIFERATION"",""NES"":-1.573625394162179,""FDR"":0.1048423046430848,""leading_edge_n"":32,""qualified"":false},{""term_id"":""GOBP_POSITIVE_REGULATION_OF_ENDOTHELIAL_CELL_PROLIFERATION"",""NES"":-1.3826784109466674,""FDR"":0.1883079698345967,""leading_edge_n"":20,""qualified"":false}]"
EXP001_vs_primary,A,A011,primary,0.5,2,GOBP_ENDOTHELIAL_CELL_PROLIFERATION;GOBP_POSITIVE_REGULATION_OF_ENDOTHELIAL_CELL_PROLIFERATION,0,INACTIVE,"[{""term_id"":""GOBP_ENDOTHELIAL_CELL_PROLIFERATION"",""NES"":1.3751958084080145,""FDR"":0.1959930461388042,""leading_edge_n"":39,""qualified"":false},{""term_id"":""GOBP_POSITIVE_REGULATION_OF_ENDOTHELIAL_CELL_PROLIFERATION"",""NES"":1.0301959780904804,""FDR"":0.5661917668543598,""leading_edge_n"":21,""qualified"":false}]"
EXP001_vs_primary,A,A012,EXP001,0.5,3,GOBP_LEUKOCYTE_ADHESION_TO_VASCULAR_ENDOTHELIAL_CELL;GOBP_POSITIVE_REGULATION_OF_LEUKOCYTE_ADHESION_TO_VASCULAR_ENDOTHELIAL_CELL;GOBP_REGULATION_OF_LEUKOCYTE_ADHESION_TO_VASCULAR_ENDOTHELIAL_CELL,0,INACTIVE,"[{""term_id"":""GOBP_LEUKOCYTE_ADHESION_TO_VASCULAR_ENDOTHELIAL_CELL"",""NES"":-1.5375800359245542,""FDR"":0.1166586583819074,""leading_edge_n"":17,""qualified"":false},{""term_id"":""GOBP_POSITIVE_REGULATION_OF_LEUKOCYTE_ADHESION_TO_VASCULAR_ENDOTHELIAL_CELL"",""NES"":-1.5698167850993554,""FDR"":0.1054426968067113,""leading_edge_n"":5,""qualified"":false},{""term_id"":""GOBP_REGULATION_OF_LEUKOCYTE_ADHESION_TO_VASCULAR_ENDOTHELIAL_CELL"",""NES"":-1.5344494494283776,""FDR"":0.1175146416207573,""leading_edge_n"":9,""qualified"":false}]"
EXP001_vs_primary,A,A012,primary,0.5,3,GOBP_LEUKOCYTE_ADHESION_TO_VASCULAR_ENDOTHELIAL_CELL;GOBP_POSITIVE_REGULATION_OF_LEUKOCYTE_ADHESION_TO_VASCULAR_ENDOTHELIAL_CELL;GOBP_REGULATION_OF_LEUKOCYTE_ADHESION_TO_VASCULAR_ENDOTHELIAL_CELL,0,INACTIVE,"[{""term_id"":""GOBP_LEUKOCYTE_ADHESION_TO_VASCULAR_ENDOTHELIAL_CELL"",""NES"":1.6070818928013153,""FDR"":0.0800342622537852,""leading_edge_n"":10,""qualified"":false},{""term_id"":""GOBP_POSITIVE_REGULATION_OF_LEUKOCYTE_ADHESION_TO_VASCULAR_ENDOTHELIAL_CELL"",""NES"":1.3714487882106885,""FDR"":0.1979930225961922,""leading_edge_n"":7,""qualified"":false},{""term_id"":""GOBP_REGULATION_OF_LEUKOCYTE_ADHESION_TO_VASCULAR_ENDOTHELIAL_CELL"",""NES"":1.5304819415318598,""FDR"":0.1089487595380881,""leading_edge_n"":9,""qualified"":false}]"
EXP001_vs_primary,A,A013,EXP001,0.5,1,GOBP_NEGATIVE_REGULATION_OF_ENDOTHELIAL_CELL_PROLIFERATION,0,INACTIVE,"[{""term_id"":""GOBP_NEGATIVE_REGULATION_OF_ENDOTHELIAL_CELL_PROLIFERATION"",""NES"":-1.2085476960857526,""FDR"":0.3187324204401298,""leading_edge_n"":7,""qualified"":false}]"
EXP001_vs_primary,A,A013,primary,0.5,1,GOBP_NEGATIVE_REGULATION_OF_ENDOTHELIAL_CELL_PROLIFERATION,0,INACTIVE,"[{""term_id"":""GOBP_NEGATIVE_REGULATION_OF_ENDOTHELIAL_CELL_PROLIFERATION"",""NES"":1.402095207644026,""FDR"":0.176960485096546,""leading_edge_n"":12,""qualified"":false}]"
EXP001_vs_primary,A,A014,EXP001,0.5,1,GOBP_NEGATIVE_REGULATION_OF_VASCULAR_ASSOCIATED_SMOOTH_MUSCLE_CELL_PROLIFERATION,1,NEGATIVE,"[{""term_id"":""GOBP_NEGATIVE_REGULATION_OF_VASCULAR_ASSOCIATED_SMOOTH_MUSCLE_CELL_PROLIFERATION"",""NES"":-1.841904064609048,""FDR"":0.0370901856939254,""leading_edge_n"":10,""qualified"":true}]"
EXP001_vs_primary,A,A014,primary,0.5,1,GOBP_NEGATIVE_REGULATION_OF_VASCULAR_ASSOCIATED_SMOOTH_MUSCLE_CELL_PROLIFERATION,0,INACTIVE,"[{""term_id"":""GOBP_NEGATIVE_REGULATION_OF_VASCULAR_ASSOCIATED_SMOOTH_MUSCLE_CELL_PROLIFERATION"",""NES"":0.8928286808295237,""FDR"":0.7741031162981252,""leading_edge_n"":2,""qualified"":false}]"
EXP001_vs_primary,A,A015,EXP001,0.5,1,GOBP_PLACENTA_BLOOD_VESSEL_DEVELOPMENT,0,INACTIVE,"[{""term_id"":""GOBP_PLACENTA_BLOOD_VESSEL_DEVELOPMENT"",""NES"":0.7642788333750133,""FDR"":0.9084010965929604,""leading_edge_n"":8,""qualified"":false}]"
EXP001_vs_primary,A,A015,primary,0.5,1,GOBP_PLACENTA_BLOOD_VESSEL_DEVELOPMENT,1,POSITIVE,"[{""term_id"":""GOBP_PLACENTA_BLOOD_VESSEL_DEVELOPMENT"",""NES"":2.141401785811477,""FDR"":0.0035509612487492,""leading_edge_n"":11,""qualified"":true}]"
EXP001_vs_primary,A,A016,EXP001,0.5,1,GOBP_POSITIVE_REGULATION_OF_CELL_MIGRATION_INVOLVED_IN_SPROUTING_ANGIOGENESIS,0,INACTIVE,"[{""term_id"":""GOBP_POSITIVE_REGULATION_OF_CELL_MIGRATION_INVOLVED_IN_SPROUTING_ANGIOGENESIS"",""NES"":-1.2537255618614245,""FDR"":0.2762820027424073,""leading_edge_n"":8,""qualified"":false}]"
EXP001_vs_primary,A,A016,primary,0.5,1,GOBP_POSITIVE_REGULATION_OF_CELL_MIGRATION_INVOLVED_IN_SPROUTING_ANGIOGENESIS,1,POSITIVE,"[{""term_id"":""GOBP_POSITIVE_REGULATION_OF_CELL_MIGRATION_INVOLVED_IN_SPROUTING_ANGIOGENESIS"",""NES"":2.132786920385796,""FDR"":0.0036387030237909,""leading_edge_n"":11,""qualified"":true}]"
EXP001_vs_primary,A,A017,EXP001,0.5,1,GOBP_POSITIVE_REGULATION_OF_ENDOTHELIAL_CELL_APOPTOTIC_PROCESS,1,NEGATIVE,"[{""term_id"":""GOBP_POSITIVE_REGULATION_OF_ENDOTHELIAL_CELL_APOPTOTIC_PROCESS"",""NES"":-1.9042874059793184,""FDR"":0.027794662145496,""leading_edge_n"":11,""qualified"":true}]"
EXP001_vs_primary,A,A017,primary,0.5,1,GOBP_POSITIVE_REGULATION_OF_ENDOTHELIAL_CELL_APOPTOTIC_PROCESS,0,INACTIVE,"[{""term_id"":""GOBP_POSITIVE_REGULATION_OF_ENDOTHELIAL_CELL_APOPTOTIC_PROCESS"",""NES"":1.532166458495393,""FDR"":0.1083009259702351,""leading_edge_n"":7,""qualified"":false}]"
EXP001_vs_primary,A,A018,EXP001,0.5,1,GOBP_POSITIVE_REGULATION_OF_SPROUTING_ANGIOGENESIS,0,INACTIVE,"[{""term_id"":""GOBP_POSITIVE_REGULATION_OF_SPROUTING_ANGIOGENESIS"",""NES"":0.899131867836465,""FDR"":0.7565711645072578,""leading_edge_n"":6,""qualified"":false}]"
EXP001_vs_primary,A,A018,primary,0.5,1,GOBP_POSITIVE_REGULATION_OF_SPROUTING_ANGIOGENESIS,0,INACTIVE,"[{""term_id"":""GOBP_POSITIVE_REGULATION_OF_SPROUTING_ANGIOGENESIS"",""NES"":1.354654467305461,""FDR"":0.2101800315340544,""leading_edge_n"":8,""qualified"":false}]"
EXP001_vs_primary,A,A019,EXP001,0.5,2,GOBP_POSITIVE_REGULATION_OF_VASCULAR_ASSOCIATED_SMOOTH_MUSCLE_CELL_PROLIFERATION;GOBP_VASCULAR_ASSOCIATED_SMOOTH_MUSCLE_CELL_PROLIFERATION,1,NEGATIVE,"[{""term_id"":""GOBP_POSITIVE_REGULATION_OF_VASCULAR_ASSOCIATED_SMOOTH_MUSCLE_CELL_PROLIFERATION"",""NES"":-1.7270219967235596,""FDR"":0.0591998379247214,""leading_edge_n"":11,""qualified"":false},{""term_id"":""GOBP_VASCULAR_ASSOCIATED_SMOOTH_MUSCLE_CELL_PROLIFERATION"",""NES"":-2.064832052159359,""FDR"":0.0052387844881563,""leading_edge_n"":22,""qualified"":true}]"
EXP001_vs_primary,A,A019,primary,0.5,2,GOBP_POSITIVE_REGULATION_OF_VASCULAR_ASSOCIATED_SMOOTH_MUSCLE_CELL_PROLIFERATION;GOBP_VASCULAR_ASSOCIATED_SMOOTH_MUSCLE_CELL_PROLIFERATION,0,INACTIVE,"[{""term_id"":""GOBP_POSITIVE_REGULATION_OF_VASCULAR_ASSOCIATED_SMOOTH_MUSCLE_CELL_PROLIFERATION"",""NES"":1.4282794949536504,""FDR"":0.1632663963903355,""leading_edge_n"":8,""qualified"":false},{""term_id"":""GOBP_VASCULAR_ASSOCIATED_SMOOTH_MUSCLE_CELL_PROLIFERATION"",""NES"":1.3622741701567571,""FDR"":0.2041897950890608,""leading_edge_n"":10,""qualified"":false}]"
EXP001_vs_primary,A,A020,EXP001,0.5,1,GOBP_POSITIVE_REGULATION_OF_VASCULAR_ENDOTHELIAL_GROWTH_FACTOR_PRODUCTION,0,INACTIVE,"[{""term_id"":""GOBP_POSITIVE_REGULATION_OF_VASCULAR_ENDOTHELIAL_GROWTH_FACTOR_PRODUCTION"",""NES"":-1.068739499923375,""FDR"":0.4699471909956391,""leading_edge_n"":13,""qualified"":false}]"
EXP001_vs_primary,A,A020,primary,0.5,1,GOBP_POSITIVE_REGULATION_OF_VASCULAR_ENDOTHELIAL_GROWTH_FACTOR_PRODUCTION,1,POSITIVE,"[{""term_id"":""GOBP_POSITIVE_REGULATION_OF_VASCULAR_ENDOTHELIAL_GROWTH_FACTOR_PRODUCTION"",""NES"":2.019077051232892,""FDR"":0.007845146944911,""leading_edge_n"":8,""qualified"":true}]"
EXP001_vs_primary,A,A021,EXP001,0.5,1,GOBP_REGULATION_OF_ENDOTHELIAL_CELL_DIFFERENTIATION,0,INACTIVE,"[{""term_id"":""GOBP_REGULATION_OF_ENDOTHELIAL_CELL_DIFFERENTIATION"",""NES"":1.2780487349250318,""FDR"":0.2526393855662373,""leading_edge_n"":7,""qualified"":false}]"
EXP001_vs_primary,A,A021,primary,0.5,1,GOBP_REGULATION_OF_ENDOTHELIAL_CELL_DIFFERENTIATION,0,INACTIVE,"[{""term_id"":""GOBP_REGULATION_OF_ENDOTHELIAL_CELL_DIFFERENTIATION"",""NES"":0.7127742821001172,""FDR"":0.955576291439318,""leading_edge_n"":11,""qualified"":false}]"
EXP001_vs_primary,A,A022,EXP001,0.5,1,GOBP_REGULATION_OF_SPROUTING_ANGIOGENESIS,0,INACTIVE,"[{""term_id"":""GOBP_REGULATION_OF_SPROUTING_ANGIOGENESIS"",""NES"":-1.3380839632314168,""FDR"":0.2155270743639459,""leading_edge_n"":11,""qualified"":false}]"
EXP001_vs_primary,A,A022,primary,0.5,1,GOBP_REGULATION_OF_SPROUTING_ANGIOGENESIS,1,POSITIVE,"[{""term_id"":""GOBP_REGULATION_OF_SPROUTING_ANGIOGENESIS"",""NES"":1.80948716546656,""FDR"":0.0298502946018386,""leading_edge_n"":13,""qualified"":true}]"
EXP001_vs_primary,A,A023,EXP001,0.5,2,GOBP_REGULATION_OF_VASCULAR_ENDOTHELIAL_GROWTH_FACTOR_RECEPTOR_SIGNALING_PATHWAY;GOBP_VASCULAR_ENDOTHELIAL_GROWTH_FACTOR_RECEPTOR_SIGNALING_PATHWAY,0,INACTIVE,"[{""term_id"":""GOBP_REGULATION_OF_VASCULAR_ENDOTHELIAL_GROWTH_FACTOR_RECEPTOR_SIGNALING_PATHWAY"",""NES"":1.2974871251476865,""FDR"":0.2323260673493786,""leading_edge_n"":10,""qualified"":false},{""term_id"":""GOBP_VASCULAR_ENDOTHELIAL_GROWTH_FACTOR_RECEPTOR_SIGNALING_PATHWAY"",""NES"":1.0028955926052214,""FDR"":0.6009007366515431,""leading_edge_n"":12,""qualified"":false}]"
EXP001_vs_primary,A,A023,primary,0.5,2,GOBP_REGULATION_OF_VASCULAR_ENDOTHELIAL_GROWTH_FACTOR_RECEPTOR_SIGNALING_PATHWAY;GOBP_VASCULAR_ENDOTHELIAL_GROWTH_FACTOR_RECEPTOR_SIGNALING_PATHWAY,0,INACTIVE,"[{""term_id"":""GOBP_REGULATION_OF_VASCULAR_ENDOTHELIAL_GROWTH_FACTOR_RECEPTOR_SIGNALING_PATHWAY"",""NES"":-1.02742565282362,""FDR"":0.6918829927758021,""leading_edge_n"":7,""qualified"":false},{""term_id"":""GOBP_VASCULAR_ENDOTHELIAL_GROWTH_FACTOR_RECEPTOR_SIGNALING_PATHWAY"",""NES"":-1.1460234948672618,""FDR"":0.5688754331363214,""leading_edge_n"":11,""qualified"":false}]"
EXP001_vs_primary,A,A024,EXP001,0.5,1,GOBP_REGULATION_OF_VASCULAR_PERMEABILITY,0,INACTIVE,"[{""term_id"":""GOBP_REGULATION_OF_VASCULAR_PERMEABILITY"",""NES"":-1.5858256155573296,""FDR"":0.1008499856247147,""leading_edge_n"":11,""qualified"":false}]"
EXP001_vs_primary,A,A024,primary,0.5,1,GOBP_REGULATION_OF_VASCULAR_PERMEABILITY,0,INACTIVE,"[{""term_id"":""GOBP_REGULATION_OF_VASCULAR_PERMEABILITY"",""NES"":0.8691395986619287,""FDR"":0.8065220293406704,""leading_edge_n"":6,""qualified"":false}]"
EXP001_vs_primary,A,A025,EXP001,0.5,1,GOBP_SPROUTING_ANGIOGENESIS,0,INACTIVE,"[{""term_id"":""GOBP_SPROUTING_ANGIOGENESIS"",""NES"":-1.323716372722455,""FDR"":0.2262090048950091,""leading_edge_n"":33,""qualified"":false}]"
EXP001_vs_primary,A,A025,primary,0.5,1,GOBP_SPROUTING_ANGIOGENESIS,1,POSITIVE,"[{""term_id"":""GOBP_SPROUTING_ANGIOGENESIS"",""NES"":1.866365557909097,""FDR"":0.0221303398893758,""leading_edge_n"":28,""qualified"":true}]"
EXP001_vs_primary,A,A026,EXP001,0.5,1,GOBP_VASCULAR_ASSOCIATED_SMOOTH_MUSCLE_CELL_DIFFERENTIATION,0,INACTIVE,"[{""term_id"":""GOBP_VASCULAR_ASSOCIATED_SMOOTH_MUSCLE_CELL_DIFFERENTIATION"",""NES"":-1.3023852007839205,""FDR"":0.2402868789869434,""leading_edge_n"":12,""qualified"":false}]"
EXP001_vs_primary,A,A026,primary,0.5,1,GOBP_VASCULAR_ASSOCIATED_SMOOTH_MUSCLE_CELL_DIFFERENTIATION,0,INACTIVE,"[{""term_id"":""GOBP_VASCULAR_ASSOCIATED_SMOOTH_MUSCLE_CELL_DIFFERENTIATION"",""NES"":1.4950069423722838,""FDR"":0.1259918155716604,""leading_edge_n"":9,""qualified"":false}]"
EXP001_vs_primary,A,A027,EXP001,0.5,1,GOBP_VASCULAR_ASSOCIATED_SMOOTH_MUSCLE_CELL_MIGRATION,0,INACTIVE,"[{""term_id"":""GOBP_VASCULAR_ASSOCIATED_SMOOTH_MUSCLE_CELL_MIGRATION"",""NES"":-1.7809012066707912,""FDR"":0.0519784648971407,""leading_edge_n"":12,""qualified"":false}]"
EXP001_vs_primary,A,A027,primary,0.5,1,GOBP_VASCULAR_ASSOCIATED_SMOOTH_MUSCLE_CELL_MIGRATION,0,INACTIVE,"[{""term_id"":""GOBP_VASCULAR_ASSOCIATED_SMOOTH_MUSCLE_CELL_MIGRATION"",""NES"":1.5845625644105743,""FDR"":0.0885338366355494,""leading_edge_n"":7,""qualified"":false}]"
EXP001_vs_primary,A,A028,EXP001,0.5,1,GOBP_VASCULAR_ASSOCIATED_SMOOTH_MUSCLE_CONTRACTION,0,INACTIVE,"[{""term_id"":""GOBP_VASCULAR_ASSOCIATED_SMOOTH_MUSCLE_CONTRACTION"",""NES"":-1.2331929923615266,""FDR"":0.2936596244560832,""leading_edge_n"":4,""qualified"":false}]"
EXP001_vs_primary,A,A028,primary,0.5,1,GOBP_VASCULAR_ASSOCIATED_SMOOTH_MUSCLE_CONTRACTION,0,INACTIVE,"[{""term_id"":""GOBP_VASCULAR_ASSOCIATED_SMOOTH_MUSCLE_CONTRACTION"",""NES"":1.2637759020046455,""FDR"":0.2807018371786279,""leading_edge_n"":7,""qualified"":false}]"
EXP001_vs_primary,A,A029,EXP001,0.5,1,GOBP_VASCULAR_ENDOTHELIAL_CELL_PROLIFERATION,0,INACTIVE,"[{""term_id"":""GOBP_VASCULAR_ENDOTHELIAL_CELL_PROLIFERATION"",""NES"":-1.52663477441888,""FDR"":0.1214872245102917,""leading_edge_n"":7,""qualified"":false}]"
EXP001_vs_primary,A,A029,primary,0.5,1,GOBP_VASCULAR_ENDOTHELIAL_CELL_PROLIFERATION,0,INACTIVE,"[{""term_id"":""GOBP_VASCULAR_ENDOTHELIAL_CELL_PROLIFERATION"",""NES"":1.2971447631295865,""FDR"":0.2508588820905453,""leading_edge_n"":7,""qualified"":false}]"
EXP001_vs_primary,A,A030,EXP001,0.5,2,GOBP_VASCULAR_ENDOTHELIAL_CELL_RESPONSE_TO_FLUID_SHEAR_STRESS;GOBP_VASCULAR_ENDOTHELIAL_CELL_RESPONSE_TO_LAMINAR_FLUID_SHEAR_STRESS,0,INACTIVE,"[{""term_id"":""GOBP_VASCULAR_ENDOTHELIAL_CELL_RESPONSE_TO_FLUID_SHEAR_STRESS"",""NES"":-0.8884687101545745,""FDR"":0.7452981895634027,""leading_edge_n"":6,""qualified"":false},{""term_id"":""GOBP_VASCULAR_ENDOTHELIAL_CELL_RESPONSE_TO_LAMINAR_FLUID_SHEAR_STRESS"",""NES"":-0.9406891446442598,""FDR"":0.6581002535611147,""leading_edge_n"":5,""qualified"":false}]"
EXP001_vs_primary,A,A030,primary,0.5,2,GOBP_VASCULAR_ENDOTHELIAL_CELL_RESPONSE_TO_FLUID_SHEAR_STRESS;GOBP_VASCULAR_ENDOTHELIAL_CELL_RESPONSE_TO_LAMINAR_FLUID_SHEAR_STRESS,0,INACTIVE,"[{""term_id"":""GOBP_VASCULAR_ENDOTHELIAL_CELL_RESPONSE_TO_FLUID_SHEAR_STRESS"",""NES"":1.064308676077599,""FDR"":0.5163465091701467,""leading_edge_n"":7,""qualified"":false},{""term_id"":""GOBP_VASCULAR_ENDOTHELIAL_CELL_RESPONSE_TO_LAMINAR_FLUID_SHEAR_STRESS"",""NES"":-1.017492793490996,""FDR"":0.6944658340671506,""leading_edge_n"":8,""qualified"":false}]"
EXP001_vs_primary,A,A031,EXP001,0.5,1,GOBP_VASCULAR_ENDOTHELIAL_GROWTH_FACTOR_PRODUCTION,0,INACTIVE,"[{""term_id"":""GOBP_VASCULAR_ENDOTHELIAL_GROWTH_FACTOR_PRODUCTION"",""NES"":-1.1428471025895697,""FDR"":0.3807567256531984,""leading_edge_n"":14,""qualified"":false}]"
EXP001_vs_primary,A,A031,primary,0.5,1,GOBP_VASCULAR_ENDOTHELIAL_GROWTH_FACTOR_PRODUCTION,1,POSITIVE,"[{""term_id"":""GOBP_VASCULAR_ENDOTHELIAL_GROWTH_FACTOR_PRODUCTION"",""NES"":2.008995825471117,""FDR"":0.0082159165105136,""leading_edge_n"":11,""qualified"":true}]"
EXP001_vs_primary,A,A032,EXP001,0.5,1,GOBP_VASCULAR_PROCESS_IN_CIRCULATORY_SYSTEM,0,INACTIVE,"[{""term_id"":""GOBP_VASCULAR_PROCESS_IN_CIRCULATORY_SYSTEM"",""NES"":-1.7748951071681252,""FDR"":0.0519364303451687,""leading_edge_n"":53,""qualified"":false}]"
EXP001_vs_primary,A,A032,primary,0.5,1,GOBP_VASCULAR_PROCESS_IN_CIRCULATORY_SYSTEM,0,INACTIVE,"[{""term_id"":""GOBP_VASCULAR_PROCESS_IN_CIRCULATORY_SYSTEM"",""NES"":1.3521215487027394,""FDR"":0.211218922195342,""leading_edge_n"":58,""qualified"":false}]"
EXP001_vs_primary,A,A033,EXP001,0.5,1,GOBP_VASCULAR_TRANSPORT,0,INACTIVE,"[{""term_id"":""GOBP_VASCULAR_TRANSPORT"",""NES"":-1.4423829118680227,""FDR"":0.1545263234057538,""leading_edge_n"":21,""qualified"":false}]"
EXP001_vs_primary,A,A033,primary,0.5,1,GOBP_VASCULAR_TRANSPORT,0,INACTIVE,"[{""term_id"":""GOBP_VASCULAR_TRANSPORT"",""NES"":1.421266247648743,""FDR"":0.1665585981535116,""leading_edge_n"":21,""qualified"":false}]"
EXP001_vs_primary,A,A034,EXP001,0.5,1,REACTOME_CELL_SURFACE_INTERACTIONS_AT_THE_VASCULAR_WALL,0,INACTIVE,"[{""term_id"":""REACTOME_CELL_SURFACE_INTERACTIONS_AT_THE_VASCULAR_WALL"",""NES"":-1.4541346517557232,""FDR"":0.1505378017255125,""leading_edge_n"":30,""qualified"":false}]"
EXP001_vs_primary,A,A034,primary,0.5,1,REACTOME_CELL_SURFACE_INTERACTIONS_AT_THE_VASCULAR_WALL,0,INACTIVE,"[{""term_id"":""REACTOME_CELL_SURFACE_INTERACTIONS_AT_THE_VASCULAR_WALL"",""NES"":1.292893175106252,""FDR"":0.2546824147120871,""leading_edge_n"":17,""qualified"":false}]"
EXP001_vs_primary,A,A035,EXP001,0.5,1,REACTOME_HIGH_LAMINAR_FLOW_SHEAR_STRESS_ACTIVATES_SIGNALING_BY_PIEZO1_AND_PECAM1_CDH5_KDR_IN_ENDOTHELIAL_CELLS,0,INACTIVE,"[{""term_id"":""REACTOME_HIGH_LAMINAR_FLOW_SHEAR_STRESS_ACTIVATES_SIGNALING_BY_PIEZO1_AND_PECAM1_CDH5_KDR_IN_ENDOTHELIAL_CELLS"",""NES"":0.8376887654656104,""FDR"":0.8413647294252554,""leading_edge_n"":18,""qualified"":false}]"
EXP001_vs_primary,A,A035,primary,0.5,1,REACTOME_HIGH_LAMINAR_FLOW_SHEAR_STRESS_ACTIVATES_SIGNALING_BY_PIEZO1_AND_PECAM1_CDH5_KDR_IN_ENDOTHELIAL_CELLS,0,INACTIVE,"[{""term_id"":""REACTOME_HIGH_LAMINAR_FLOW_SHEAR_STRESS_ACTIVATES_SIGNALING_BY_PIEZO1_AND_PECAM1_CDH5_KDR_IN_ENDOTHELIAL_CELLS"",""NES"":0.7069814744177123,""FDR"":0.9577811458223392,""leading_edge_n"":16,""qualified"":false}]"
EXP001_vs_primary,A,A036,EXP001,0.5,1,REACTOME_TURBULENT_OSCILLATORY_DISTURBED_FLOW_SHEAR_STRESS_ACTIVATES_SIGNALING_BY_PIEZO1_AND_INTEGRINS_IN_ENDOTHELIAL_CELLS,0,INACTIVE,"[{""term_id"":""REACTOME_TURBULENT_OSCILLATORY_DISTURBED_FLOW_SHEAR_STRESS_ACTIVATES_SIGNALING_BY_PIEZO1_AND_INTEGRINS_IN_ENDOTHELIAL_CELLS"",""NES"":1.0658850113614342,""FDR"":0.5164388282694059,""leading_edge_n"":11,""qualified"":false}]"
EXP001_vs_primary,A,A036,primary,0.5,1,REACTOME_TURBULENT_OSCILLATORY_DISTURBED_FLOW_SHEAR_STRESS_ACTIVATES_SIGNALING_BY_PIEZO1_AND_INTEGRINS_IN_ENDOTHELIAL_CELLS,0,INACTIVE,"[{""term_id"":""REACTOME_TURBULENT_OSCILLATORY_DISTURBED_FLOW_SHEAR_STRESS_ACTIVATES_SIGNALING_BY_PIEZO1_AND_INTEGRINS_IN_ENDOTHELIAL_CELLS"",""NES"":-1.2047518988418269,""FDR"":0.5184649387262911,""leading_edge_n"":4,""qualified"":false}]"
EXP001_vs_primary,A,A037,EXP001,0.5,1,REACTOME_VEGFR2_MEDIATED_VASCULAR_PERMEABILITY,0,INACTIVE,"[{""term_id"":""REACTOME_VEGFR2_MEDIATED_VASCULAR_PERMEABILITY"",""NES"":-0.8294224804034966,""FDR"":0.8307695595279257,""leading_edge_n"":3,""qualified"":false}]"
EXP001_vs_primary,A,A037,primary,0.5,1,REACTOME_VEGFR2_MEDIATED_VASCULAR_PERMEABILITY,0,INACTIVE,"[{""term_id"":""REACTOME_VEGFR2_MEDIATED_VASCULAR_PERMEABILITY"",""NES"":-1.2490860540542246,""FDR"":0.4915726499650382,""leading_edge_n"":7,""qualified"":false}]"
EXP001_vs_primary,I,I001,EXP001,0.5,5,GOBP_ACTIVATION_OF_IMMUNE_RESPONSE;GOBP_ACTIVATION_OF_INNATE_IMMUNE_RESPONSE;GOBP_IMMUNE_RESPONSE_REGULATING_CELL_SURFACE_RECEPTOR_SIGNALING_PATHWAY;GOBP_IMMUNE_RESPONSE_REGULATING_SIGNALING_PATHWAY;GOBP_REGULATION_OF_INNATE_IMMUNE_RESPONSE,0,INACTIVE,"[{""term_id"":""GOBP_ACTIVATION_OF_IMMUNE_RESPONSE"",""NES"":-1.2337380776807898,""FDR"":0.2937044245443677,""leading_edge_n"":75,""qualified"":false},{""term_id"":""GOBP_ACTIVATION_OF_INNATE_IMMUNE_RESPONSE"",""NES"":-1.1308247200616754,""FDR"":0.3930191899023085,""leading_edge_n"":47,""qualified"":false},{""term_id"":""GOBP_IMMUNE_RESPONSE_REGULATING_CELL_SURFACE_RECEPTOR_SIGNALING_PATHWAY"",""NES"":-1.117651564153731,""FDR"":0.4081684491145905,""leading_edge_n"":38,""qualified"":false},{""term_id"":""GOBP_IMMUNE_RESPONSE_REGULATING_SIGNALING_PATHWAY"",""NES"":-1.2123605531414168,""FDR"":0.3139139751720337,""leading_edge_n"":71,""qualified"":false},{""term_id"":""GOBP_REGULATION_OF_INNATE_IMMUNE_RESPONSE"",""NES"":-1.2349650201912858,""FDR"":0.2931531421933971,""leading_edge_n"":68,""qualified"":false}]"
EXP001_vs_primary,I,I001,primary,0.5,5,GOBP_ACTIVATION_OF_IMMUNE_RESPONSE;GOBP_ACTIVATION_OF_INNATE_IMMUNE_RESPONSE;GOBP_IMMUNE_RESPONSE_REGULATING_CELL_SURFACE_RECEPTOR_SIGNALING_PATHWAY;GOBP_IMMUNE_RESPONSE_REGULATING_SIGNALING_PATHWAY;GOBP_REGULATION_OF_INNATE_IMMUNE_RESPONSE,0,INACTIVE,"[{""term_id"":""GOBP_ACTIVATION_OF_IMMUNE_RESPONSE"",""NES"":1.1452966642898856,""FDR"":0.4063658175853245,""leading_edge_n"":120,""qualified"":false},{""term_id"":""GOBP_ACTIVATION_OF_INNATE_IMMUNE_RESPONSE"",""NES"":1.1536912651170976,""FDR"":0.3958449339823354,""leading_edge_n"":94,""qualified"":false},{""term_id"":""GOBP_IMMUNE_RESPONSE_REGULATING_CELL_SURFACE_RECEPTOR_SIGNALING_PATHWAY"",""NES"":1.004558581870688,""FDR"":0.6045941193647827,""leading_edge_n"":62,""qualified"":false},{""term_id"":""GOBP_IMMUNE_RESPONSE_REGULATING_SIGNALING_PATHWAY"",""NES"":1.033463636233521,""FDR"":0.5624297660732587,""leading_edge_n"":109,""qualified"":false},{""term_id"":""GOBP_REGULATION_OF_INNATE_IMMUNE_RESPONSE"",""NES"":1.332361197419031,""FDR"":0.2249823356479562,""leading_edge_n"":116,""qualified"":false}]"
EXP001_vs_primary,I,I002,EXP001,0.5,1,GOBP_ACUTE_INFLAMMATORY_RESPONSE,0,INACTIVE,"[{""term_id"":""GOBP_ACUTE_INFLAMMATORY_RESPONSE"",""NES"":-1.6553070221403634,""FDR"":0.078434371859874,""leading_edge_n"":19,""qualified"":false}]"
EXP001_vs_primary,I,I002,primary,0.5,1,GOBP_ACUTE_INFLAMMATORY_RESPONSE,0,INACTIVE,"[{""term_id"":""GOBP_ACUTE_INFLAMMATORY_RESPONSE"",""NES"":1.346064588100767,""FDR"":0.215631422847715,""leading_edge_n"":15,""qualified"":false}]"
EXP001_vs_primary,I,I003,EXP001,0.5,16,GOBP_ADAPTIVE_IMMUNE_RESPONSE;GOBP_ADAPTIVE_IMMUNE_RESPONSE_BASED_ON_SOMATIC_RECOMBINATION_OF_IMMUNE_RECEPTORS_BUILT_FROM_IMMUNOGLOBULIN_SUPERFAMILY_DOMAINS;GOBP_B_CELL_MEDIATED_IMMUNITY;GOBP_IMMUNE_EFFECTOR_PROCESS;GOBP_LEUKOCYTE_MEDIATED_IMMUNITY;GOBP_LYMPHOCYTE_MEDIATED_IMMUNITY;GOBP_POSITIVE_REGULATION_OF_ADAPTIVE_IMMUNE_RESPONSE;GOBP_POSITIVE_REGULATION_OF_IMMUNE_EFFECTOR_PROCESS;GOBP_POSITIVE_REGULATION_OF_LEUKOCYTE_MEDIATED_IMMUNITY;GOBP_POSITIVE_REGULATION_OF_T_CELL_MEDIATED_IMMUNITY;GOBP_REGULATION_OF_ADAPTIVE_IMMUNE_RESPONSE;GOBP_REGULATION_OF_IMMUNE_EFFECTOR_PROCESS;GOBP_REGULATION_OF_LEUKOCYTE_MEDIATED_IMMUNITY;GOBP_REGULATION_OF_LYMPHOCYTE_MEDIATED_IMMUNITY;GOBP_REGULATION_OF_T_CELL_MEDIATED_IMMUNITY;GOBP_T_CELL_MEDIATED_IMMUNITY,0,INACTIVE,"[{""term_id"":""GOBP_ADAPTIVE_IMMUNE_RESPONSE"",""NES"":1.0958656477044049,""FDR"":0.4737265689885535,""leading_edge_n"":71,""qualified"":false},{""term_id"":""GOBP_ADAPTIVE_IMMUNE_RESPONSE_BASED_ON_SOMATIC_RECOMBINATION_OF_IMMUNE_RECEPTORS_BUILT_FROM_IMMUNOGLOBULIN_SUPERFAMILY_DOMAINS"",""NES"":-1.0424827792833973,""FDR"":0.50548449439055,""leading_edge_n"":64,""qualified"":false},{""term_id"":""GOBP_B_CELL_MEDIATED_IMMUNITY"",""NES"":0.9057094604490428,""FDR"":0.7474918885935495,""leading_edge_n"":27,""qualified"":false},{""term_id"":""GOBP_IMMUNE_EFFECTOR_PROCESS"",""NES"":-1.1337419291258737,""FDR"":0.3897579040768001,""leading_edge_n"":96,""qualified"":false},{""term_id"":""GOBP_LEUKOCYTE_MEDIATED_IMMUNITY"",""NES"":1.0789846047738765,""FDR"":0.4971825342939395,""leading_edge_n"":46,""qualified"":false},{""term_id"":""GOBP_LYMPHOCYTE_MEDIATED_IMMUNITY"",""NES"":-1.0113670596815652,""FDR"":0.5513590750795739,""leading_edge_n"":50,""qualified"":false},{""term_id"":""GOBP_POSITIVE_REGULATION_OF_ADAPTIVE_IMMUNE_RESPONSE"",""NES"":-0.8227451024075748,""FDR"":0.8370624321524702,""leading_edge_n"":28,""qualified"":false},{""term_id"":""GOBP_POSITIVE_REGULATION_OF_IMMUNE_EFFECTOR_PROCESS"",""NES"":-1.0932675364232585,""FDR"":0.4387976404515453,""leading_edge_n"":39,""qualified"":false},{""term_id"":""GOBP_POSITIVE_REGULATION_OF_LEUKOCYTE_MEDIATED_IMMUNITY"",""NES"":-1.0105684220448952,""FDR"":0.5523978411484529,""leading_edge_n"":23,""qualified"":false},{""term_id"":""GOBP_POSITIVE_REGULATION_OF_T_CELL_MEDIATED_IMMUNITY"",""NES"":-0.9994205306234812,""FDR"":0.5688625981604866,""leading_edge_n"":18,""qualified"":false},{""term_id"":""GOBP_REGULATION_OF_ADAPTIVE_IMMUNE_RESPONSE"",""NES"":-0.969513002101489,""FDR"":0.6148697264264172,""leading_edge_n"":49,""qualified"":false},{""term_id"":""GOBP_REGULATION_OF_IMMUNE_EFFECTOR_PROCESS"",""NES"":-1.054478735615689,""FDR"":0.4882035053620022,""leading_edge_n"":57,""qualified"":false},{""term_id"":""GOBP_REGULATION_OF_LEUKOCYTE_MEDIATED_IMMUNITY"",""NES"":1.0109488745424056,""FDR"":0.588572690138589,""leading_edge_n"":26,""qualified"":false},{""term_id"":""GOBP_REGULATION_OF_LYMPHOCYTE_MEDIATED_IMMUNITY"",""NES"":-1.0316794820988016,""FDR"":0.5200274904698006,""leading_edge_n"":35,""qualified"":false},{""term_id"":""GOBP_REGULATION_OF_T_CELL_MEDIATED_IMMUNITY"",""NES"":-1.0270858697791845,""FDR"":0.5268306724975322,""leading_edge_n"":25,""qualified"":false},{""term_id"":""GOBP_T_CELL_MEDIATED_IMMUNITY"",""NES"":-0.9961781196125564,""FDR"":0.573280913443538,""leading_edge_n"":32,""qualified"":false}]"
EXP001_vs_primary,I,I003,primary,0.5,16,GOBP_ADAPTIVE_IMMUNE_RESPONSE;GOBP_ADAPTIVE_IMMUNE_RESPONSE_BASED_ON_SOMATIC_RECOMBINATION_OF_IMMUNE_RECEPTORS_BUILT_FROM_IMMUNOGLOBULIN_SUPERFAMILY_DOMAINS;GOBP_B_CELL_MEDIATED_IMMUNITY;GOBP_IMMUNE_EFFECTOR_PROCESS;GOBP_LEUKOCYTE_MEDIATED_IMMUNITY;GOBP_LYMPHOCYTE_MEDIATED_IMMUNITY;GOBP_POSITIVE_REGULATION_OF_ADAPTIVE_IMMUNE_RESPONSE;GOBP_POSITIVE_REGULATION_OF_IMMUNE_EFFECTOR_PROCESS;GOBP_POSITIVE_REGULATION_OF_LEUKOCYTE_MEDIATED_IMMUNITY;GOBP_POSITIVE_REGULATION_OF_T_CELL_MEDIATED_IMMUNITY;GOBP_REGULATION_OF_ADAPTIVE_IMMUNE_RESPONSE;GOBP_REGULATION_OF_IMMUNE_EFFECTOR_PROCESS;GOBP_REGULATION_OF_LEUKOCYTE_MEDIATED_IMMUNITY;GOBP_REGULATION_OF_LYMPHOCYTE_MEDIATED_IMMUNITY;GOBP_REGULATION_OF_T_CELL_MEDIATED_IMMUNITY;GOBP_T_CELL_MEDIATED_IMMUNITY,0,INACTIVE,"[{""term_id"":""GOBP_ADAPTIVE_IMMUNE_RESPONSE"",""NES"":1.1928369419043314,""FDR"":0.3530003790186459,""leading_edge_n"":109,""qualified"":false},{""term_id"":""GOBP_ADAPTIVE_IMMUNE_RESPONSE_BASED_ON_SOMATIC_RECOMBINATION_OF_IMMUNE_RECEPTORS_BUILT_FROM_IMMUNOGLOBULIN_SUPERFAMILY_DOMAINS"",""NES"":1.3165171561310092,""FDR"":0.2378157011666726,""leading_edge_n"":92,""qualified"":false},{""term_id"":""GOBP_B_CELL_MEDIATED_IMMUNITY"",""NES"":-0.9598732174162584,""FDR"":0.7763713166231581,""leading_edge_n"":18,""qualified"":false},{""term_id"":""GOBP_IMMUNE_EFFECTOR_PROCESS"",""NES"":1.1687178064051758,""FDR"":0.3774645034748778,""leading_edge_n"":146,""qualified"":false},{""term_id"":""GOBP_LEUKOCYTE_MEDIATED_IMMUNITY"",""NES"":1.0468810872792609,""FDR"":0.5414416107666927,""leading_edge_n"":83,""qualified"":false},{""term_id"":""GOBP_LYMPHOCYTE_MEDIATED_IMMUNITY"",""NES"":0.924773270696751,""FDR"":0.7293134114883912,""leading_edge_n"":53,""qualified"":false},{""term_id"":""GOBP_POSITIVE_REGULATION_OF_ADAPTIVE_IMMUNE_RESPONSE"",""NES"":1.119819855787522,""FDR"":0.4392119803993558,""leading_edge_n"":38,""qualified"":false},{""term_id"":""GOBP_POSITIVE_REGULATION_OF_IMMUNE_EFFECTOR_PROCESS"",""NES"":1.3133149643240312,""FDR"":0.2400139698734024,""leading_edge_n"":63,""qualified"":false},{""term_id"":""GOBP_POSITIVE_REGULATION_OF_LEUKOCYTE_MEDIATED_IMMUNITY"",""NES"":1.0223953219553563,""FDR"":0.5788408321401249,""leading_edge_n"":38,""qualified"":false},{""term_id"":""GOBP_POSITIVE_REGULATION_OF_T_CELL_MEDIATED_IMMUNITY"",""NES"":0.9341439015918916,""FDR"":0.7137894817813076,""leading_edge_n"":19,""qualified"":false},{""term_id"":""GOBP_REGULATION_OF_ADAPTIVE_IMMUNE_RESPONSE"",""NES"":1.3529112576196798,""FDR"":0.2108693249414583,""leading_edge_n"":56,""qualified"":false},{""term_id"":""GOBP_REGULATION_OF_IMMUNE_EFFECTOR_PROCESS"",""NES"":1.3352304273936928,""FDR"":0.2240186741283903,""leading_edge_n"":82,""qualified"":false},{""term_id"":""GOBP_REGULATION_OF_LEUKOCYTE_MEDIATED_IMMUNITY"",""NES"":1.125726040475209,""FDR"":0.4312617321919537,""leading_edge_n"":54,""qualified"":false},{""term_id"":""GOBP_REGULATION_OF_LYMPHOCYTE_MEDIATED_IMMUNITY"",""NES"":0.7878936189139084,""FDR"":0.9042276038695672,""leading_edge_n"":40,""qualified"":false},{""term_id"":""GOBP_REGULATION_OF_T_CELL_MEDIATED_IMMUNITY"",""NES"":0.8708099928068903,""FDR"":0.8042759018972677,""leading_edge_n"":25,""qualified"":false},{""term_id"":""GOBP_T_CELL_MEDIATED_IMMUNITY"",""NES"":0.8169095373103473,""FDR"":0.8734768590427476,""leading_edge_n"":15,""qualified"":false}]"
EXP001_vs_primary,I,I004,EXP001,0.5,1,GOBP_ANTIMICROBIAL_HUMORAL_IMMUNE_RESPONSE_MEDIATED_BY_ANTIMICROBIAL_PEPTIDE,0,INACTIVE,"[{""term_id"":""GOBP_ANTIMICROBIAL_HUMORAL_IMMUNE_RESPONSE_MEDIATED_BY_ANTIMICROBIAL_PEPTIDE"",""NES"":1.1372240076160534,""FDR"":0.4134051500579458,""leading_edge_n"":10,""qualified"":false}]"
EXP001_vs_primary,I,I004,primary,0.5,1,GOBP_ANTIMICROBIAL_HUMORAL_IMMUNE_RESPONSE_MEDIATED_BY_ANTIMICROBIAL_PEPTIDE,0,INACTIVE,"[{""term_id"":""GOBP_ANTIMICROBIAL_HUMORAL_IMMUNE_RESPONSE_MEDIATED_BY_ANTIMICROBIAL_PEPTIDE"",""NES"":1.1220208264743758,""FDR"":0.4359788962622856,""leading_edge_n"":7,""qualified"":false}]"
EXP001_vs_primary,I,I005,EXP001,0.5,1,GOBP_ANTIVIRAL_INNATE_IMMUNE_RESPONSE,0,INACTIVE,"[{""term_id"":""GOBP_ANTIVIRAL_INNATE_IMMUNE_RESPONSE"",""NES"":-0.7204497212972247,""FDR"":0.9349581565060988,""leading_edge_n"":8,""qualified"":false}]"
EXP001_vs_primary,I,I005,primary,0.5,1,GOBP_ANTIVIRAL_INNATE_IMMUNE_RESPONSE,0,INACTIVE,"[{""term_id"":""GOBP_ANTIVIRAL_INNATE_IMMUNE_RESPONSE"",""NES"":1.1165785655715466,""FDR"":0.4437030515865535,""leading_edge_n"":21,""qualified"":false}]"
EXP001_vs_primary,I,I006,EXP001,0.5,14,GOBP_B_CELL_ACTIVATION_INVOLVED_IN_IMMUNE_RESPONSE;GOBP_CYTOKINE_PRODUCTION_INVOLVED_IN_IMMUNE_RESPONSE;GOBP_IMMUNOGLOBULIN_PRODUCTION;GOBP_IMMUNOGLOBULIN_PRODUCTION_INVOLVED_IN_IMMUNOGLOBULIN_MEDIATED_IMMUNE_RESPONSE;GOBP_POSITIVE_REGULATION_OF_B_CELL_MEDIATED_IMMUNITY;GOBP_POSITIVE_REGULATION_OF_CYTOKINE_PRODUCTION_INVOLVED_IN_IMMUNE_RESPONSE;GOBP_POSITIVE_REGULATION_OF_IMMUNOGLOBULIN_PRODUCTION;GOBP_POSITIVE_REGULATION_OF_PRODUCTION_OF_MOLECULAR_MEDIATOR_OF_IMMUNE_RESPONSE;GOBP_PRODUCTION_OF_MOLECULAR_MEDIATOR_OF_IMMUNE_RESPONSE;GOBP_REGULATION_OF_B_CELL_MEDIATED_IMMUNITY;GOBP_REGULATION_OF_IMMUNOGLOBULIN_PRODUCTION;GOBP_REGULATION_OF_PRODUCTION_OF_MOLECULAR_MEDIATOR_OF_IMMUNE_RESPONSE;GOBP_SOMATIC_DIVERSIFICATION_OF_IMMUNE_RECEPTORS;GOBP_SOMATIC_DIVERSIFICATION_OF_IMMUNOGLOBULINS,1,POSITIVE,"[{""term_id"":""GOBP_B_CELL_ACTIVATION_INVOLVED_IN_IMMUNE_RESPONSE"",""NES"":1.0452468640679202,""FDR"":0.5444400887392,""leading_edge_n"":16,""qualified"":false},{""term_id"":""GOBP_CYTOKINE_PRODUCTION_INVOLVED_IN_IMMUNE_RESPONSE"",""NES"":-1.0542457106433052,""FDR"":0.4884211476533048,""leading_edge_n"":17,""qualified"":false},{""term_id"":""GOBP_IMMUNOGLOBULIN_PRODUCTION"",""NES"":1.4546659194375602,""FDR"":0.1055987016502585,""leading_edge_n"":26,""qualified"":false},{""term_id"":""GOBP_IMMUNOGLOBULIN_PRODUCTION_INVOLVED_IN_IMMUNOGLOBULIN_MEDIATED_IMMUNE_RESPONSE"",""NES"":1.20483260537993,""FDR"":0.3316792733275363,""leading_edge_n"":22,""qualified"":false},{""term_id"":""GOBP_POSITIVE_REGULATION_OF_B_CELL_MEDIATED_IMMUNITY"",""NES"":0.7939690455287998,""FDR"":0.8844903367574231,""leading_edge_n"":6,""qualified"":false},{""term_id"":""GOBP_POSITIVE_REGULATION_OF_CYTOKINE_PRODUCTION_INVOLVED_IN_IMMUNE_RESPONSE"",""NES"":-0.9466135200526724,""FDR"":0.6469925157844367,""leading_edge_n"":14,""qualified"":false},{""term_id"":""GOBP_POSITIVE_REGULATION_OF_IMMUNOGLOBULIN_PRODUCTION"",""NES"":1.3685108092303062,""FDR"":0.1702206145653774,""leading_edge_n"":11,""qualified"":false},{""term_id"":""GOBP_POSITIVE_REGULATION_OF_PRODUCTION_OF_MOLECULAR_MEDIATOR_OF_IMMUNE_RESPONSE"",""NES"":1.1351108858175445,""FDR"":0.4160786854250771,""leading_edge_n"":19,""qualified"":false},{""term_id"":""GOBP_PRODUCTION_OF_MOLECULAR_MEDIATOR_OF_IMMUNE_RESPONSE"",""NES"":1.1224783487989458,""FDR"":0.4357499381309413,""leading_edge_n"":54,""qualified"":false},{""term_id"":""GOBP_REGULATION_OF_B_CELL_MEDIATED_IMMUNITY"",""NES"":0.6890268732452208,""FDR"":0.9579000493372996,""leading_edge_n"":13,""qualified"":false},{""term_id"":""GOBP_REGULATION_OF_IMMUNOGLOBULIN_PRODUCTION"",""NES"":1.2475506713286375,""FDR"":0.2852210336062006,""leading_edge_n"":14,""qualified"":false},{""term_id"":""GOBP_REGULATION_OF_PRODUCTION_OF_MOLECULAR_MEDIATOR_OF_IMMUNE_RESPONSE"",""NES"":0.9639633017132416,""FDR"":0.6610917896591537,""leading_edge_n"":37,""qualified"":false},{""term_id"":""GOBP_SOMATIC_DIVERSIFICATION_OF_IMMUNE_RECEPTORS"",""NES"":1.5956023323838122,""FDR"":0.0430176772259495,""leading_edge_n"":35,""qualified"":true},{""term_id"":""GOBP_SOMATIC_DIVERSIFICATION_OF_IMMUNOGLOBULINS"",""NES"":1.378008302935854,""FDR"":0.1617360433259637,""leading_edge_n"":29,""qualified"":false}]"
EXP001_vs_primary,I,I006,primary,0.5,14,GOBP_B_CELL_ACTIVATION_INVOLVED_IN_IMMUNE_RESPONSE;GOBP_CYTOKINE_PRODUCTION_INVOLVED_IN_IMMUNE_RESPONSE;GOBP_IMMUNOGLOBULIN_PRODUCTION;GOBP_IMMUNOGLOBULIN_PRODUCTION_INVOLVED_IN_IMMUNOGLOBULIN_MEDIATED_IMMUNE_RESPONSE;GOBP_POSITIVE_REGULATION_OF_B_CELL_MEDIATED_IMMUNITY;GOBP_POSITIVE_REGULATION_OF_CYTOKINE_PRODUCTION_INVOLVED_IN_IMMUNE_RESPONSE;GOBP_POSITIVE_REGULATION_OF_IMMUNOGLOBULIN_PRODUCTION;GOBP_POSITIVE_REGULATION_OF_PRODUCTION_OF_MOLECULAR_MEDIATOR_OF_IMMUNE_RESPONSE;GOBP_PRODUCTION_OF_MOLECULAR_MEDIATOR_OF_IMMUNE_RESPONSE;GOBP_REGULATION_OF_B_CELL_MEDIATED_IMMUNITY;GOBP_REGULATION_OF_IMMUNOGLOBULIN_PRODUCTION;GOBP_REGULATION_OF_PRODUCTION_OF_MOLECULAR_MEDIATOR_OF_IMMUNE_RESPONSE;GOBP_SOMATIC_DIVERSIFICATION_OF_IMMUNE_RECEPTORS;GOBP_SOMATIC_DIVERSIFICATION_OF_IMMUNOGLOBULINS,0,INACTIVE,"[{""term_id"":""GOBP_B_CELL_ACTIVATION_INVOLVED_IN_IMMUNE_RESPONSE"",""NES"":0.992811899807616,""FDR"":0.6206929763309077,""leading_edge_n"":22,""qualified"":false},{""term_id"":""GOBP_CYTOKINE_PRODUCTION_INVOLVED_IN_IMMUNE_RESPONSE"",""NES"":1.3884522966078452,""FDR"":0.1873299098207175,""leading_edge_n"":27,""qualified"":false},{""term_id"":""GOBP_IMMUNOGLOBULIN_PRODUCTION"",""NES"":0.9951220223833838,""FDR"":0.6169219948971706,""leading_edge_n"":26,""qualified"":false},{""term_id"":""GOBP_IMMUNOGLOBULIN_PRODUCTION_INVOLVED_IN_IMMUNOGLOBULIN_MEDIATED_IMMUNE_RESPONSE"",""NES"":1.0608386168331714,""FDR"":0.5213269059540515,""leading_edge_n"":17,""qualified"":false},{""term_id"":""GOBP_POSITIVE_REGULATION_OF_B_CELL_MEDIATED_IMMUNITY"",""NES"":-1.0890955383098146,""FDR"":0.6295730997781944,""leading_edge_n"":10,""qualified"":false},{""term_id"":""GOBP_POSITIVE_REGULATION_OF_CYTOKINE_PRODUCTION_INVOLVED_IN_IMMUNE_RESPONSE"",""NES"":1.311170388960767,""FDR"":0.2412004387131651,""leading_edge_n"":20,""qualified"":false},{""term_id"":""GOBP_POSITIVE_REGULATION_OF_IMMUNOGLOBULIN_PRODUCTION"",""NES"":-0.8713231099209776,""FDR"":0.8848350195367385,""leading_edge_n"":13,""qualified"":false},{""term_id"":""GOBP_POSITIVE_REGULATION_OF_PRODUCTION_OF_MOLECULAR_MEDIATOR_OF_IMMUNE_RESPONSE"",""NES"":1.145272905040595,""FDR"":0.4062112459390584,""leading_edge_n"":30,""qualified"":false},{""term_id"":""GOBP_PRODUCTION_OF_MOLECULAR_MEDIATOR_OF_IMMUNE_RESPONSE"",""NES"":1.3349522735503925,""FDR"":0.2236937658365157,""leading_edge_n"":52,""qualified"":false},{""term_id"":""GOBP_REGULATION_OF_B_CELL_MEDIATED_IMMUNITY"",""NES"":-0.916961319987486,""FDR"":0.8376868188276262,""leading_edge_n"":11,""qualified"":false},{""term_id"":""GOBP_REGULATION_OF_IMMUNOGLOBULIN_PRODUCTION"",""NES"":-1.0472939168269348,""FDR"":0.6780673821130173,""leading_edge_n"":18,""qualified"":false},{""term_id"":""GOBP_REGULATION_OF_PRODUCTION_OF_MOLECULAR_MEDIATOR_OF_IMMUNE_RESPONSE"",""NES"":1.163587525889008,""FDR"":0.3834642459088987,""leading_edge_n"":39,""qualified"":false},{""term_id"":""GOBP_SOMATIC_DIVERSIFICATION_OF_IMMUNE_RECEPTORS"",""NES"":0.9980620386330028,""FDR"":0.613663616215269,""leading_edge_n"":24,""qualified"":false},{""term_id"":""GOBP_SOMATIC_DIVERSIFICATION_OF_IMMUNOGLOBULINS"",""NES"":1.0325076883455842,""FDR"":0.5632815839566301,""leading_edge_n"":21,""qualified"":false}]"
EXP001_vs_primary,I,I007,EXP001,0.5,2,GOBP_CELLULAR_RESPONSE_TO_INTERFERON_BETA;GOBP_RESPONSE_TO_INTERFERON_BETA,0,INACTIVE,"[{""term_id"":""GOBP_CELLULAR_RESPONSE_TO_INTERFERON_BETA"",""NES"":0.783993964004606,""FDR"":0.8950361612253575,""leading_edge_n"":5,""qualified"":false},{""term_id"":""GOBP_RESPONSE_TO_INTERFERON_BETA"",""NES"":0.8669707036086831,""FDR"":0.8019855367954747,""leading_edge_n"":2,""qualified"":false}]"
EXP001_vs_primary,I,I007,primary,0.5,2,GOBP_CELLULAR_RESPONSE_TO_INTERFERON_BETA;GOBP_RESPONSE_TO_INTERFERON_BETA,0,INACTIVE,"[{""term_id"":""GOBP_CELLULAR_RESPONSE_TO_INTERFERON_BETA"",""NES"":-0.9660097492848464,""FDR"":0.7681446428864535,""leading_edge_n"":2,""qualified"":false},{""term_id"":""GOBP_RESPONSE_TO_INTERFERON_BETA"",""NES"":1.2369741396091627,""FDR"":0.3090368542588766,""leading_edge_n"":11,""qualified"":false}]"
EXP001_vs_primary,I,I008,EXP001,0.5,2,GOBP_CELLULAR_RESPONSE_TO_INTERLEUKIN_1;GOBP_RESPONSE_TO_INTERLEUKIN_1,0,INACTIVE,"[{""term_id"":""GOBP_CELLULAR_RESPONSE_TO_INTERLEUKIN_1"",""NES"":-1.064773048501372,""FDR"":0.4746425606297522,""leading_edge_n"":19,""qualified"":false},{""term_id"":""GOBP_RESPONSE_TO_INTERLEUKIN_1"",""NES"":-1.193832733387734,""FDR"":0.3324234214031625,""leading_edge_n"":22,""qualified"":false}]"
EXP001_vs_primary,I,I008,primary,0.5,2,GOBP_CELLULAR_RESPONSE_TO_INTERLEUKIN_1;GOBP_RESPONSE_TO_INTERLEUKIN_1,0,INACTIVE,"[{""term_id"":""GOBP_CELLULAR_RESPONSE_TO_INTERLEUKIN_1"",""NES"":1.4492170010802277,""FDR"":0.1512801525520042,""leading_edge_n"":22,""qualified"":false},{""term_id"":""GOBP_RESPONSE_TO_INTERLEUKIN_1"",""NES"":1.373718867414587,""FDR"":0.1968635836518345,""leading_edge_n"":32,""qualified"":false}]"
EXP001_vs_primary,I,I009,EXP001,0.5,2,GOBP_CELLULAR_RESPONSE_TO_TYPE_II_INTERFERON;GOBP_RESPONSE_TO_TYPE_II_INTERFERON,0,INACTIVE,"[{""term_id"":""GOBP_CELLULAR_RESPONSE_TO_TYPE_II_INTERFERON"",""NES"":-1.4151871988867648,""FDR"":0.1674852692617745,""leading_edge_n"":27,""qualified"":false},{""term_id"":""GOBP_RESPONSE_TO_TYPE_II_INTERFERON"",""NES"":-1.1130640912916718,""FDR"":0.4138186746269641,""leading_edge_n"":32,""qualified"":false}]"
EXP001_vs_primary,I,I009,primary,0.5,2,GOBP_CELLULAR_RESPONSE_TO_TYPE_II_INTERFERON;GOBP_RESPONSE_TO_TYPE_II_INTERFERON,0,INACTIVE,"[{""term_id"":""GOBP_CELLULAR_RESPONSE_TO_TYPE_II_INTERFERON"",""NES"":1.2797992658538593,""FDR"":0.2670643446596637,""leading_edge_n"":25,""qualified"":false},{""term_id"":""GOBP_RESPONSE_TO_TYPE_II_INTERFERON"",""NES"":1.485345840195191,""FDR"":0.1305576743904573,""leading_edge_n"":37,""qualified"":false}]"
EXP001_vs_primary,I,I010,EXP001,0.5,4,GOBP_CELL_ACTIVATION_INVOLVED_IN_IMMUNE_RESPONSE;GOBP_LYMPHOCYTE_ACTIVATION_INVOLVED_IN_IMMUNE_RESPONSE;GOBP_T_CELL_ACTIVATION_INVOLVED_IN_IMMUNE_RESPONSE;GOBP_T_CELL_DIFFERENTIATION_INVOLVED_IN_IMMUNE_RESPONSE,0,INACTIVE,"[{""term_id"":""GOBP_CELL_ACTIVATION_INVOLVED_IN_IMMUNE_RESPONSE"",""NES"":1.226103935472515,""FDR"":0.3074525677373175,""leading_edge_n"":59,""qualified"":false},{""term_id"":""GOBP_LYMPHOCYTE_ACTIVATION_INVOLVED_IN_IMMUNE_RESPONSE"",""NES"":1.0144549914750192,""FDR"":0.5841513431434052,""leading_edge_n"":41,""qualified"":false},{""term_id"":""GOBP_T_CELL_ACTIVATION_INVOLVED_IN_IMMUNE_RESPONSE"",""NES"":-0.9804212203886103,""FDR"":0.5982021670257083,""leading_edge_n"":22,""qualified"":false},{""term_id"":""GOBP_T_CELL_DIFFERENTIATION_INVOLVED_IN_IMMUNE_RESPONSE"",""NES"":0.9163359041332624,""FDR"":0.7303825869334886,""leading_edge_n"":20,""qualified"":false}]"
EXP001_vs_primary,I,I010,primary,0.5,4,GOBP_CELL_ACTIVATION_INVOLVED_IN_IMMUNE_RESPONSE;GOBP_LYMPHOCYTE_ACTIVATION_INVOLVED_IN_IMMUNE_RESPONSE;GOBP_T_CELL_ACTIVATION_INVOLVED_IN_IMMUNE_RESPONSE;GOBP_T_CELL_DIFFERENTIATION_INVOLVED_IN_IMMUNE_RESPONSE,1,POSITIVE,"[{""term_id"":""GOBP_CELL_ACTIVATION_INVOLVED_IN_IMMUNE_RESPONSE"",""NES"":1.3237206727392683,""FDR"":0.2317258530554708,""leading_edge_n"":81,""qualified"":false},{""term_id"":""GOBP_LYMPHOCYTE_ACTIVATION_INVOLVED_IN_IMMUNE_RESPONSE"",""NES"":1.4739918271154044,""FDR"":0.1371028474237535,""leading_edge_n"":62,""qualified"":false},{""term_id"":""GOBP_T_CELL_ACTIVATION_INVOLVED_IN_IMMUNE_RESPONSE"",""NES"":1.6462859294803445,""FDR"":0.0690017642979634,""leading_edge_n"":49,""qualified"":false},{""term_id"":""GOBP_T_CELL_DIFFERENTIATION_INVOLVED_IN_IMMUNE_RESPONSE"",""NES"":1.749656912656782,""FDR"":0.0413709648547227,""leading_edge_n"":36,""qualified"":true}]"
EXP001_vs_primary,I,I011,EXP001,0.5,2,GOBP_CELL_SURFACE_TOLL_LIKE_RECEPTOR_SIGNALING_PATHWAY;GOBP_INNATE_IMMUNE_RESPONSE_ACTIVATING_CELL_SURFACE_RECEPTOR_SIGNALING_PATHWAY,0,INACTIVE,"[{""term_id"":""GOBP_CELL_SURFACE_TOLL_LIKE_RECEPTOR_SIGNALING_PATHWAY"",""NES"":-1.1160425497320006,""FDR"":0.4098468544972996,""leading_edge_n"":12,""qualified"":false},{""term_id"":""GOBP_INNATE_IMMUNE_RESPONSE_ACTIVATING_CELL_SURFACE_RECEPTOR_SIGNALING_PATHWAY"",""NES"":-1.2652307461893326,""FDR"":0.2696464896527374,""leading_edge_n"":16,""qualified"":false}]"
EXP001_vs_primary,I,I011,primary,0.5,2,GOBP_CELL_SURFACE_TOLL_LIKE_RECEPTOR_SIGNALING_PATHWAY;GOBP_INNATE_IMMUNE_RESPONSE_ACTIVATING_CELL_SURFACE_RECEPTOR_SIGNALING_PATHWAY,0,INACTIVE,"[{""term_id"":""GOBP_CELL_SURFACE_TOLL_LIKE_RECEPTOR_SIGNALING_PATHWAY"",""NES"":1.0279004802408154,""FDR"":0.5697930126912943,""leading_edge_n"":25,""qualified"":false},{""term_id"":""GOBP_INNATE_IMMUNE_RESPONSE_ACTIVATING_CELL_SURFACE_RECEPTOR_SIGNALING_PATHWAY"",""NES"":1.013127116994238,""FDR"":0.5917364479648592,""leading_edge_n"":29,""qualified"":false}]"
EXP001_vs_primary,I,I012,EXP001,0.5,1,GOBP_CYTOKINE_MEDIATED_SIGNALING_PATHWAY,0,INACTIVE,"[{""term_id"":""GOBP_CYTOKINE_MEDIATED_SIGNALING_PATHWAY"",""NES"":-1.1120180640496806,""FDR"":0.4148443140109558,""leading_edge_n"":74,""qualified"":false}]"
EXP001_vs_primary,I,I012,primary,0.5,1,GOBP_CYTOKINE_MEDIATED_SIGNALING_PATHWAY,0,INACTIVE,"[{""term_id"":""GOBP_CYTOKINE_MEDIATED_SIGNALING_PATHWAY"",""NES"":1.5708707892726066,""FDR"":0.0933734771495118,""leading_edge_n"":101,""qualified"":false}]"
EXP001_vs_primary,I,I013,EXP001,0.5,3,GOBP_CYTOKINE_PRODUCTION_INVOLVED_IN_INFLAMMATORY_RESPONSE;GOBP_NEGATIVE_REGULATION_OF_CYTOKINE_PRODUCTION_INVOLVED_IN_INFLAMMATORY_RESPONSE;GOBP_PRODUCTION_OF_MOLECULAR_MEDIATOR_INVOLVED_IN_INFLAMMATORY_RESPONSE,0,INACTIVE,"[{""term_id"":""GOBP_CYTOKINE_PRODUCTION_INVOLVED_IN_INFLAMMATORY_RESPONSE"",""NES"":-0.8703599462473572,""FDR"":0.7753991314074908,""leading_edge_n"":17,""qualified"":false},{""term_id"":""GOBP_NEGATIVE_REGULATION_OF_CYTOKINE_PRODUCTION_INVOLVED_IN_INFLAMMATORY_RESPONSE"",""NES"":-1.009682047642201,""FDR"":0.5535628820953539,""leading_edge_n"":11,""qualified"":false},{""term_id"":""GOBP_PRODUCTION_OF_MOLECULAR_MEDIATOR_INVOLVED_IN_INFLAMMATORY_RESPONSE"",""NES"":-0.9553976718060806,""FDR"":0.6342949228529626,""leading_edge_n"":22,""qualified"":false}]"
EXP001_vs_primary,I,I013,primary,0.5,3,GOBP_CYTOKINE_PRODUCTION_INVOLVED_IN_INFLAMMATORY_RESPONSE;GOBP_NEGATIVE_REGULATION_OF_CYTOKINE_PRODUCTION_INVOLVED_IN_INFLAMMATORY_RESPONSE;GOBP_PRODUCTION_OF_MOLECULAR_MEDIATOR_INVOLVED_IN_INFLAMMATORY_RESPONSE,2,POSITIVE,"[{""term_id"":""GOBP_CYTOKINE_PRODUCTION_INVOLVED_IN_INFLAMMATORY_RESPONSE"",""NES"":1.8161868149888276,""FDR"":0.0298111021448378,""leading_edge_n"":15,""qualified"":true},{""term_id"":""GOBP_NEGATIVE_REGULATION_OF_CYTOKINE_PRODUCTION_INVOLVED_IN_INFLAMMATORY_RESPONSE"",""NES"":1.6173515478020204,""FDR"":0.0772377864289246,""leading_edge_n"":7,""qualified"":false},{""term_id"":""GOBP_PRODUCTION_OF_MOLECULAR_MEDIATOR_INVOLVED_IN_INFLAMMATORY_RESPONSE"",""NES"":1.777161566829067,""FDR"":0.0360631542278017,""leading_edge_n"":17,""qualified"":true}]"
EXP001_vs_primary,I,I014,EXP001,0.5,2,GOBP_ENDOLYSOSOMAL_TOLL_LIKE_RECEPTOR_SIGNALING_PATHWAY;GOBP_TOLL_LIKE_RECEPTOR_3_SIGNALING_PATHWAY,0,INACTIVE,"[{""term_id"":""GOBP_ENDOLYSOSOMAL_TOLL_LIKE_RECEPTOR_SIGNALING_PATHWAY"",""NES"":0.9494757361115178,""FDR"":0.6831655539781816,""leading_edge_n"":5,""qualified"":false},{""term_id"":""GOBP_TOLL_LIKE_RECEPTOR_3_SIGNALING_PATHWAY"",""NES"":1.0159039617987855,""FDR"":0.5833877809016005,""leading_edge_n"":3,""qualified"":false}]"
EXP001_vs_primary,I,I014,primary,0.5,2,GOBP_ENDOLYSOSOMAL_TOLL_LIKE_RECEPTOR_SIGNALING_PATHWAY;GOBP_TOLL_LIKE_RECEPTOR_3_SIGNALING_PATHWAY,0,INACTIVE,"[{""term_id"":""GOBP_ENDOLYSOSOMAL_TOLL_LIKE_RECEPTOR_SIGNALING_PATHWAY"",""NES"":1.2181075429437247,""FDR"":0.3263151373450129,""leading_edge_n"":20,""qualified"":false},{""term_id"":""GOBP_TOLL_LIKE_RECEPTOR_3_SIGNALING_PATHWAY"",""NES"":0.9096091163497853,""FDR"":0.7511982266246808,""leading_edge_n"":12,""qualified"":false}]"
EXP001_vs_primary,I,I015,EXP001,0.5,1,GOBP_HUMORAL_IMMUNE_RESPONSE,0,INACTIVE,"[{""term_id"":""GOBP_HUMORAL_IMMUNE_RESPONSE"",""NES"":-1.1953004201378217,""FDR"":0.3314181041910565,""leading_edge_n"":21,""qualified"":false}]"
EXP001_vs_primary,I,I015,primary,0.5,1,GOBP_HUMORAL_IMMUNE_RESPONSE,0,INACTIVE,"[{""term_id"":""GOBP_HUMORAL_IMMUNE_RESPONSE"",""NES"":1.253765966599062,""FDR"":0.2919600471340051,""leading_edge_n"":18,""qualified"":false}]"
EXP001_vs_primary,I,I016,EXP001,0.5,1,GOBP_HUMORAL_IMMUNE_RESPONSE_MEDIATED_BY_CIRCULATING_IMMUNOGLOBULIN,0,INACTIVE,"[{""term_id"":""GOBP_HUMORAL_IMMUNE_RESPONSE_MEDIATED_BY_CIRCULATING_IMMUNOGLOBULIN"",""NES"":-1.5189606720465194,""FDR"":0.1237330470741777,""leading_edge_n"":10,""qualified"":false}]"
EXP001_vs_primary,I,I016,primary,0.5,1,GOBP_HUMORAL_IMMUNE_RESPONSE_MEDIATED_BY_CIRCULATING_IMMUNOGLOBULIN,0,INACTIVE,"[{""term_id"":""GOBP_HUMORAL_IMMUNE_RESPONSE_MEDIATED_BY_CIRCULATING_IMMUNOGLOBULIN"",""NES"":0.9551407358078912,""FDR"":0.6814508231381937,""leading_edge_n"":11,""qualified"":false}]"
EXP001_vs_primary,I,I017,EXP001,0.5,1,GOBP_IMMUNE_RESPONSE_REGULATING_CELL_SURFACE_RECEPTOR_SIGNALING_PATHWAY_INVOLVED_IN_PHAGOCYTOSIS,0,INACTIVE,"[{""term_id"":""GOBP_IMMUNE_RESPONSE_REGULATING_CELL_SURFACE_RECEPTOR_SIGNALING_PATHWAY_INVOLVED_IN_PHAGOCYTOSIS"",""NES"":-0.8150715391283813,""FDR"":0.8456164582626392,""leading_edge_n"":3,""qualified"":false}]"
EXP001_vs_primary,I,I017,primary,0.5,1,GOBP_IMMUNE_RESPONSE_REGULATING_CELL_SURFACE_RECEPTOR_SIGNALING_PATHWAY_INVOLVED_IN_PHAGOCYTOSIS,0,INACTIVE,"[{""term_id"":""GOBP_IMMUNE_RESPONSE_REGULATING_CELL_SURFACE_RECEPTOR_SIGNALING_PATHWAY_INVOLVED_IN_PHAGOCYTOSIS"",""NES"":-1.5293170727066028,""FDR"":0.2260132734268563,""leading_edge_n"":6,""qualified"":false}]"
EXP001_vs_primary,I,I018,EXP001,0.5,2,GOBP_IMMUNE_RESPONSE_TO_TUMOR_CELL;GOBP_T_CELL_MEDIATED_IMMUNE_RESPONSE_TO_TUMOR_CELL,0,INACTIVE,"[{""term_id"":""GOBP_IMMUNE_RESPONSE_TO_TUMOR_CELL"",""NES"":1.1042317701267947,""FDR"":0.4618705714018186,""leading_edge_n"":8,""qualified"":false},{""term_id"":""GOBP_T_CELL_MEDIATED_IMMUNE_RESPONSE_TO_TUMOR_CELL"",""NES"":1.1123737840716883,""FDR"":0.4504943703352211,""leading_edge_n"":6,""qualified"":false}]"
EXP001_vs_primary,I,I018,primary,0.5,2,GOBP_IMMUNE_RESPONSE_TO_TUMOR_CELL;GOBP_T_CELL_MEDIATED_IMMUNE_RESPONSE_TO_TUMOR_CELL,0,INACTIVE,"[{""term_id"":""GOBP_IMMUNE_RESPONSE_TO_TUMOR_CELL"",""NES"":-0.9597938390451302,""FDR"":0.7757930383628803,""leading_edge_n"":5,""qualified"":false},{""term_id"":""GOBP_T_CELL_MEDIATED_IMMUNE_RESPONSE_TO_TUMOR_CELL"",""NES"":0.8978144710576333,""FDR"":0.7674730069749033,""leading_edge_n"":3,""qualified"":false}]"
EXP001_vs_primary,I,I019,EXP001,0.5,1,GOBP_IMMUNE_SYSTEM_DEVELOPMENT,0,INACTIVE,"[{""term_id"":""GOBP_IMMUNE_SYSTEM_DEVELOPMENT"",""NES"":-1.0172220459653798,""FDR"":0.5410714716129181,""leading_edge_n"":33,""qualified"":false}]"
EXP001_vs_primary,I,I019,primary,0.5,1,GOBP_IMMUNE_SYSTEM_DEVELOPMENT,0,INACTIVE,"[{""term_id"":""GOBP_IMMUNE_SYSTEM_DEVELOPMENT"",""NES"":1.46459483734378,""FDR"":0.1432870219264708,""leading_edge_n"":60,""qualified"":false}]"
EXP001_vs_primary,I,I020,EXP001,0.5,3,GOBP_INFLAMMASOME_MEDIATED_SIGNALING_PATHWAY;GOBP_POSITIVE_REGULATION_OF_INFLAMMASOME_MEDIATED_SIGNALING_PATHWAY;GOBP_REGULATION_OF_INFLAMMASOME_MEDIATED_SIGNALING_PATHWAY,0,INACTIVE,"[{""term_id"":""GOBP_INFLAMMASOME_MEDIATED_SIGNALING_PATHWAY"",""NES"":-1.1722817056508554,""FDR"":0.3496920469695334,""leading_edge_n"":10,""qualified"":false},{""term_id"":""GOBP_POSITIVE_REGULATION_OF_INFLAMMASOME_MEDIATED_SIGNALING_PATHWAY"",""NES"":-1.3373513584436565,""FDR"":0.2157946083624295,""leading_edge_n"":6,""qualified"":false},{""term_id"":""GOBP_REGULATION_OF_INFLAMMASOME_MEDIATED_SIGNALING_PATHWAY"",""NES"":-1.1409759847461864,""FDR"":0.3830530753889685,""leading_edge_n"":9,""qualified"":false}]"
EXP001_vs_primary,I,I020,primary,0.5,3,GOBP_INFLAMMASOME_MEDIATED_SIGNALING_PATHWAY;GOBP_POSITIVE_REGULATION_OF_INFLAMMASOME_MEDIATED_SIGNALING_PATHWAY;GOBP_REGULATION_OF_INFLAMMASOME_MEDIATED_SIGNALING_PATHWAY,0,INACTIVE,"[{""term_id"":""GOBP_INFLAMMASOME_MEDIATED_SIGNALING_PATHWAY"",""NES"":1.0968141236878146,""FDR"":0.4719580545055996,""leading_edge_n"":25,""qualified"":false},{""term_id"":""GOBP_POSITIVE_REGULATION_OF_INFLAMMASOME_MEDIATED_SIGNALING_PATHWAY"",""NES"":1.2793433559176557,""FDR"":0.267573771826789,""leading_edge_n"":16,""qualified"":false},{""term_id"":""GOBP_REGULATION_OF_INFLAMMASOME_MEDIATED_SIGNALING_PATHWAY"",""NES"":1.1944079241602732,""FDR"":0.351913103132482,""leading_edge_n"":22,""qualified"":false}]"
EXP001_vs_primary,I,I021,EXP001,0.5,1,GOBP_INFLAMMATORY_CELL_APOPTOTIC_PROCESS,0,INACTIVE,"[{""term_id"":""GOBP_INFLAMMATORY_CELL_APOPTOTIC_PROCESS"",""NES"":-1.301173309124782,""FDR"":0.2413753783830098,""leading_edge_n"":5,""qualified"":false}]"
EXP001_vs_primary,I,I021,primary,0.5,1,GOBP_INFLAMMATORY_CELL_APOPTOTIC_PROCESS,0,INACTIVE,"[{""term_id"":""GOBP_INFLAMMATORY_CELL_APOPTOTIC_PROCESS"",""NES"":0.7046946542252928,""FDR"":0.9585421298725972,""leading_edge_n"":3,""qualified"":false}]"
EXP001_vs_primary,I,I022,EXP001,0.5,3,GOBP_INFLAMMATORY_RESPONSE_TO_ANTIGENIC_STIMULUS;GOBP_NEGATIVE_REGULATION_OF_INFLAMMATORY_RESPONSE_TO_ANTIGENIC_STIMULUS;GOBP_REGULATION_OF_INFLAMMATORY_RESPONSE_TO_ANTIGENIC_STIMULUS,0,INACTIVE,"[{""term_id"":""GOBP_INFLAMMATORY_RESPONSE_TO_ANTIGENIC_STIMULUS"",""NES"":-1.3434408657897898,""FDR"":0.2110663842861229,""leading_edge_n"":15,""qualified"":false},{""term_id"":""GOBP_NEGATIVE_REGULATION_OF_INFLAMMATORY_RESPONSE_TO_ANTIGENIC_STIMULUS"",""NES"":-1.1185113214746436,""FDR"":0.4074561965732179,""leading_edge_n"":6,""qualified"":false},{""term_id"":""GOBP_REGULATION_OF_INFLAMMATORY_RESPONSE_TO_ANTIGENIC_STIMULUS"",""NES"":-1.4460614787199673,""FDR"":0.1534513234802242,""leading_edge_n"":9,""qualified"":false}]"
EXP001_vs_primary,I,I022,primary,0.5,3,GOBP_INFLAMMATORY_RESPONSE_TO_ANTIGENIC_STIMULUS;GOBP_NEGATIVE_REGULATION_OF_INFLAMMATORY_RESPONSE_TO_ANTIGENIC_STIMULUS;GOBP_REGULATION_OF_INFLAMMATORY_RESPONSE_TO_ANTIGENIC_STIMULUS,0,INACTIVE,"[{""term_id"":""GOBP_INFLAMMATORY_RESPONSE_TO_ANTIGENIC_STIMULUS"",""NES"":-0.8900127767574071,""FDR"":0.8592522192424935,""leading_edge_n"":9,""qualified"":false},{""term_id"":""GOBP_NEGATIVE_REGULATION_OF_INFLAMMATORY_RESPONSE_TO_ANTIGENIC_STIMULUS"",""NES"":0.6365561747152596,""FDR"":0.982881904807583,""leading_edge_n"":2,""qualified"":false},{""term_id"":""GOBP_REGULATION_OF_INFLAMMATORY_RESPONSE_TO_ANTIGENIC_STIMULUS"",""NES"":-0.7987229032226902,""FDR"":0.9467854896906828,""leading_edge_n"":7,""qualified"":false}]"
EXP001_vs_primary,I,I023,EXP001,0.5,1,GOBP_INFLAMMATORY_RESPONSE_TO_WOUNDING,0,INACTIVE,"[{""term_id"":""GOBP_INFLAMMATORY_RESPONSE_TO_WOUNDING"",""NES"":0.873860017058728,""FDR"":0.7959017580008493,""leading_edge_n"":5,""qualified"":false}]"
EXP001_vs_primary,I,I023,primary,0.5,1,GOBP_INFLAMMATORY_RESPONSE_TO_WOUNDING,0,INACTIVE,"[{""term_id"":""GOBP_INFLAMMATORY_RESPONSE_TO_WOUNDING"",""NES"":1.365766291361319,""FDR"":0.2020557665422841,""leading_edge_n"":5,""qualified"":false}]"
EXP001_vs_primary,I,I024,EXP001,0.5,2,GOBP_INTERFERON_ALPHA_PRODUCTION;GOBP_POSITIVE_REGULATION_OF_INTERFERON_ALPHA_PRODUCTION,0,INACTIVE,"[{""term_id"":""GOBP_INTERFERON_ALPHA_PRODUCTION"",""NES"":0.8561213196470322,""FDR"":0.8184418460510163,""leading_edge_n"":5,""qualified"":false},{""term_id"":""GOBP_POSITIVE_REGULATION_OF_INTERFERON_ALPHA_PRODUCTION"",""NES"":1.0214059501102677,""FDR"":0.576220366138151,""leading_edge_n"":5,""qualified"":false}]"
EXP001_vs_primary,I,I024,primary,0.5,2,GOBP_INTERFERON_ALPHA_PRODUCTION;GOBP_POSITIVE_REGULATION_OF_INTERFERON_ALPHA_PRODUCTION,0,INACTIVE,"[{""term_id"":""GOBP_INTERFERON_ALPHA_PRODUCTION"",""NES"":1.2986584745297416,""FDR"":0.2494880092248556,""leading_edge_n"":8,""qualified"":false},{""term_id"":""GOBP_POSITIVE_REGULATION_OF_INTERFERON_ALPHA_PRODUCTION"",""NES"":1.5030913861397452,""FDR"":0.122252481167246,""leading_edge_n"":8,""qualified"":false}]"
EXP001_vs_primary,I,I025,EXP001,0.5,4,GOBP_INTERFERON_BETA_PRODUCTION;GOBP_POSITIVE_REGULATION_OF_INTERFERON_BETA_PRODUCTION;GOBP_POSITIVE_REGULATION_OF_TYPE_I_INTERFERON_PRODUCTION;GOBP_TYPE_I_INTERFERON_PRODUCTION,0,INACTIVE,"[{""term_id"":""GOBP_INTERFERON_BETA_PRODUCTION"",""NES"":-0.9190721772792012,""FDR"":0.6991505574341909,""leading_edge_n"":13,""qualified"":false},{""term_id"":""GOBP_POSITIVE_REGULATION_OF_INTERFERON_BETA_PRODUCTION"",""NES"":0.8083896806419907,""FDR"":0.8696567093754513,""leading_edge_n"":7,""qualified"":false},{""term_id"":""GOBP_POSITIVE_REGULATION_OF_TYPE_I_INTERFERON_PRODUCTION"",""NES"":1.126571970428113,""FDR"":0.429870376182861,""leading_edge_n"":21,""qualified"":false},{""term_id"":""GOBP_TYPE_I_INTERFERON_PRODUCTION"",""NES"":0.997757699449566,""FDR"":0.6095893322639264,""leading_edge_n"":30,""qualified"":false}]"
EXP001_vs_primary,I,I025,primary,0.5,4,GOBP_INTERFERON_BETA_PRODUCTION;GOBP_POSITIVE_REGULATION_OF_INTERFERON_BETA_PRODUCTION;GOBP_POSITIVE_REGULATION_OF_TYPE_I_INTERFERON_PRODUCTION;GOBP_TYPE_I_INTERFERON_PRODUCTION,0,INACTIVE,"[{""term_id"":""GOBP_INTERFERON_BETA_PRODUCTION"",""NES"":0.8417316886104995,""FDR"":0.8432215926387009,""leading_edge_n"":14,""qualified"":false},{""term_id"":""GOBP_POSITIVE_REGULATION_OF_INTERFERON_BETA_PRODUCTION"",""NES"":0.9832884537020792,""FDR"":0.6361738288458436,""leading_edge_n"":21,""qualified"":false},{""term_id"":""GOBP_POSITIVE_REGULATION_OF_TYPE_I_INTERFERON_PRODUCTION"",""NES"":1.3299224568181327,""FDR"":0.2267539746356358,""leading_edge_n"":21,""qualified"":false},{""term_id"":""GOBP_TYPE_I_INTERFERON_PRODUCTION"",""NES"":1.2007117523161197,""FDR"":0.3445147388069196,""leading_edge_n"":33,""qualified"":false}]"
EXP001_vs_primary,I,I026,EXP001,0.5,5,GOBP_INTERFERON_MEDIATED_SIGNALING_PATHWAY;GOBP_NEGATIVE_REGULATION_OF_TYPE_I_INTERFERON_MEDIATED_SIGNALING_PATHWAY;GOBP_REGULATION_OF_TYPE_I_INTERFERON_MEDIATED_SIGNALING_PATHWAY;GOBP_RESPONSE_TO_TYPE_I_INTERFERON;GOBP_TYPE_I_INTERFERON_MEDIATED_SIGNALING_PATHWAY,0,INACTIVE,"[{""term_id"":""GOBP_INTERFERON_MEDIATED_SIGNALING_PATHWAY"",""NES"":0.7784284636572423,""FDR"":0.8978463314447256,""leading_edge_n"":21,""qualified"":false},{""term_id"":""GOBP_NEGATIVE_REGULATION_OF_TYPE_I_INTERFERON_MEDIATED_SIGNALING_PATHWAY"",""NES"":1.1802274848624914,""FDR"":0.3597403708014303,""leading_edge_n"":7,""qualified"":false},{""term_id"":""GOBP_REGULATION_OF_TYPE_I_INTERFERON_MEDIATED_SIGNALING_PATHWAY"",""NES"":-0.7898591467725817,""FDR"":0.8754789325178376,""leading_edge_n"":7,""qualified"":false},{""term_id"":""GOBP_RESPONSE_TO_TYPE_I_INTERFERON"",""NES"":1.1686034291456775,""FDR"":0.3745877215997892,""leading_edge_n"":41,""qualified"":false},{""term_id"":""GOBP_TYPE_I_INTERFERON_MEDIATED_SIGNALING_PATHWAY"",""NES"":0.8759426282977669,""FDR"":0.7940810464916035,""leading_edge_n"":16,""qualified"":false}]"
EXP001_vs_primary,I,I026,primary,0.5,5,GOBP_INTERFERON_MEDIATED_SIGNALING_PATHWAY;GOBP_NEGATIVE_REGULATION_OF_TYPE_I_INTERFERON_MEDIATED_SIGNALING_PATHWAY;GOBP_REGULATION_OF_TYPE_I_INTERFERON_MEDIATED_SIGNALING_PATHWAY;GOBP_RESPONSE_TO_TYPE_I_INTERFERON;GOBP_TYPE_I_INTERFERON_MEDIATED_SIGNALING_PATHWAY,1,POSITIVE,"[{""term_id"":""GOBP_INTERFERON_MEDIATED_SIGNALING_PATHWAY"",""NES"":1.5493590596067115,""FDR"":0.1016041742036181,""leading_edge_n"":31,""qualified"":false},{""term_id"":""GOBP_NEGATIVE_REGULATION_OF_TYPE_I_INTERFERON_MEDIATED_SIGNALING_PATHWAY"",""NES"":1.5451895585290008,""FDR"":0.10323179887091,""leading_edge_n"":9,""qualified"":false},{""term_id"":""GOBP_REGULATION_OF_TYPE_I_INTERFERON_MEDIATED_SIGNALING_PATHWAY"",""NES"":1.2927441375938185,""FDR"":0.2547185894973927,""leading_edge_n"":13,""qualified"":false},{""term_id"":""GOBP_RESPONSE_TO_TYPE_I_INTERFERON"",""NES"":1.991565305131804,""FDR"":0.0100447910165463,""leading_edge_n"":46,""qualified"":true},{""term_id"":""GOBP_TYPE_I_INTERFERON_MEDIATED_SIGNALING_PATHWAY"",""NES"":1.6951560193306685,""FDR"":0.0555238791725412,""leading_edge_n"":23,""qualified"":false}]"
EXP001_vs_primary,I,I027,EXP001,0.5,2,GOBP_INTERLEUKIN_10_PRODUCTION;GOBP_POSITIVE_REGULATION_OF_INTERLEUKIN_10_PRODUCTION,0,INACTIVE,"[{""term_id"":""GOBP_INTERLEUKIN_10_PRODUCTION"",""NES"":1.2843870844811418,""FDR"":0.246348150278533,""leading_edge_n"":6,""qualified"":false},{""term_id"":""GOBP_POSITIVE_REGULATION_OF_INTERLEUKIN_10_PRODUCTION"",""NES"":1.2252984141005143,""FDR"":0.3082093886475691,""leading_edge_n"":4,""qualified"":false}]"
EXP001_vs_primary,I,I027,primary,0.5,2,GOBP_INTERLEUKIN_10_PRODUCTION;GOBP_POSITIVE_REGULATION_OF_INTERLEUKIN_10_PRODUCTION,0,INACTIVE,"[{""term_id"":""GOBP_INTERLEUKIN_10_PRODUCTION"",""NES"":1.2070091290678264,""FDR"":0.3372813554341467,""leading_edge_n"":7,""qualified"":false},{""term_id"":""GOBP_POSITIVE_REGULATION_OF_INTERLEUKIN_10_PRODUCTION"",""NES"":1.1170909461301235,""FDR"":0.4430447325862336,""leading_edge_n"":9,""qualified"":false}]"
EXP001_vs_primary,I,I028,EXP001,0.5,2,GOBP_INTERLEUKIN_12_PRODUCTION;GOBP_POSITIVE_REGULATION_OF_INTERLEUKIN_12_PRODUCTION,0,INACTIVE,"[{""term_id"":""GOBP_INTERLEUKIN_12_PRODUCTION"",""NES"":-0.8665178242677128,""FDR"":0.7809151837840926,""leading_edge_n"":7,""qualified"":false},{""term_id"":""GOBP_POSITIVE_REGULATION_OF_INTERLEUKIN_12_PRODUCTION"",""NES"":-0.8981286336520325,""FDR"":0.7304799461216499,""leading_edge_n"":6,""qualified"":false}]"
EXP001_vs_primary,I,I028,primary,0.5,2,GOBP_INTERLEUKIN_12_PRODUCTION;GOBP_POSITIVE_REGULATION_OF_INTERLEUKIN_12_PRODUCTION,0,INACTIVE,"[{""term_id"":""GOBP_INTERLEUKIN_12_PRODUCTION"",""NES"":0.8564908630471136,""FDR"":0.8235921389333717,""leading_edge_n"":4,""qualified"":false},{""term_id"":""GOBP_POSITIVE_REGULATION_OF_INTERLEUKIN_12_PRODUCTION"",""NES"":-1.3006395286509804,""FDR"":0.4438561394793848,""leading_edge_n"":11,""qualified"":false}]"
EXP001_vs_primary,I,I029,EXP001,0.5,1,GOBP_INTERLEUKIN_13_PRODUCTION,0,INACTIVE,"[{""term_id"":""GOBP_INTERLEUKIN_13_PRODUCTION"",""NES"":-0.966438738873902,""FDR"":0.6189821197326242,""leading_edge_n"":4,""qualified"":false}]"
EXP001_vs_primary,I,I029,primary,0.5,1,GOBP_INTERLEUKIN_13_PRODUCTION,0,INACTIVE,"[{""term_id"":""GOBP_INTERLEUKIN_13_PRODUCTION"",""NES"":0.9177070875936684,""FDR"":0.7393525183363413,""leading_edge_n"":2,""qualified"":false}]"
EXP001_vs_primary,I,I030,EXP001,0.5,1,GOBP_INTERLEUKIN_17_PRODUCTION,0,INACTIVE,"[{""term_id"":""GOBP_INTERLEUKIN_17_PRODUCTION"",""NES"":-1.202566016720379,""FDR"":0.3244553859664816,""leading_edge_n"":10,""qualified"":false}]"
EXP001_vs_primary,I,I030,primary,0.5,1,GOBP_INTERLEUKIN_17_PRODUCTION,0,INACTIVE,"[{""term_id"":""GOBP_INTERLEUKIN_17_PRODUCTION"",""NES"":1.3290129001568003,""FDR"":0.2278924942345852,""leading_edge_n"":11,""qualified"":false}]"
EXP001_vs_primary,I,I031,EXP001,0.5,1,GOBP_INTERLEUKIN_1_MEDIATED_SIGNALING_PATHWAY,0,INACTIVE,"[{""term_id"":""GOBP_INTERLEUKIN_1_MEDIATED_SIGNALING_PATHWAY"",""NES"":1.1979345061764348,""FDR"":0.3396713537050139,""leading_edge_n"":12,""qualified"":false}]"
EXP001_vs_primary,I,I031,primary,0.5,1,GOBP_INTERLEUKIN_1_MEDIATED_SIGNALING_PATHWAY,0,INACTIVE,"[{""term_id"":""GOBP_INTERLEUKIN_1_MEDIATED_SIGNALING_PATHWAY"",""NES"":0.9250888348112236,""FDR"":0.7288351148139907,""leading_edge_n"":11,""qualified"":false}]"
EXP001_vs_primary,I,I032,EXP001,0.5,2,GOBP_INTERLEUKIN_1_PRODUCTION;GOBP_POSITIVE_REGULATION_OF_INTERLEUKIN_1_PRODUCTION,0,INACTIVE,"[{""term_id"":""GOBP_INTERLEUKIN_1_PRODUCTION"",""NES"":0.9705208793258104,""FDR"":0.6515362988704991,""leading_edge_n"":14,""qualified"":false},{""term_id"":""GOBP_POSITIVE_REGULATION_OF_INTERLEUKIN_1_PRODUCTION"",""NES"":-1.1070868270737708,""FDR"":0.4202097671104691,""leading_edge_n"":12,""qualified"":false}]"
EXP001_vs_primary,I,I032,primary,0.5,2,GOBP_INTERLEUKIN_1_PRODUCTION;GOBP_POSITIVE_REGULATION_OF_INTERLEUKIN_1_PRODUCTION,0,INACTIVE,"[{""term_id"":""GOBP_INTERLEUKIN_1_PRODUCTION"",""NES"":0.984693954645976,""FDR"":0.6340287348034438,""leading_edge_n"":31,""qualified"":false},{""term_id"":""GOBP_POSITIVE_REGULATION_OF_INTERLEUKIN_1_PRODUCTION"",""NES"":0.895848358322269,""FDR"":0.7702130001398391,""leading_edge_n"":21,""qualified"":false}]"
EXP001_vs_primary,I,I033,EXP001,0.5,2,GOBP_INTERLEUKIN_2_PRODUCTION;GOBP_POSITIVE_REGULATION_OF_INTERLEUKIN_2_PRODUCTION,0,INACTIVE,"[{""term_id"":""GOBP_INTERLEUKIN_2_PRODUCTION"",""NES"":-0.9874478819950204,""FDR"":0.5883359436919817,""leading_edge_n"":10,""qualified"":false},{""term_id"":""GOBP_POSITIVE_REGULATION_OF_INTERLEUKIN_2_PRODUCTION"",""NES"":1.0753315213218295,""FDR"":0.5035295170447747,""leading_edge_n"":13,""qualified"":false}]"
EXP001_vs_primary,I,I033,primary,0.5,2,GOBP_INTERLEUKIN_2_PRODUCTION;GOBP_POSITIVE_REGULATION_OF_INTERLEUKIN_2_PRODUCTION,0,INACTIVE,"[{""term_id"":""GOBP_INTERLEUKIN_2_PRODUCTION"",""NES"":0.7830862838012959,""FDR"":0.909080588262414,""leading_edge_n"":17,""qualified"":false},{""term_id"":""GOBP_POSITIVE_REGULATION_OF_INTERLEUKIN_2_PRODUCTION"",""NES"":0.756396373171664,""FDR"":0.9322833943498384,""leading_edge_n"":20,""qualified"":false}]"
EXP001_vs_primary,I,I034,EXP001,0.5,1,GOBP_INTERLEUKIN_4_PRODUCTION,0,INACTIVE,"[{""term_id"":""GOBP_INTERLEUKIN_4_PRODUCTION"",""NES"":-1.4899772189062817,""FDR"":0.1343544960972131,""leading_edge_n"":5,""qualified"":false}]"
EXP001_vs_primary,I,I034,primary,0.5,1,GOBP_INTERLEUKIN_4_PRODUCTION,0,INACTIVE,"[{""term_id"":""GOBP_INTERLEUKIN_4_PRODUCTION"",""NES"":0.7793942455146792,""FDR"":0.9132951101474562,""leading_edge_n"":3,""qualified"":false}]"
EXP001_vs_primary,I,I035,EXP001,0.5,2,GOBP_INTERLEUKIN_6_MEDIATED_SIGNALING_PATHWAY;GOBP_RESPONSE_TO_INTERLEUKIN_6,0,INACTIVE,"[{""term_id"":""GOBP_INTERLEUKIN_6_MEDIATED_SIGNALING_PATHWAY"",""NES"":-1.069190430352224,""FDR"":0.4692668859921552,""leading_edge_n"":5,""qualified"":false},{""term_id"":""GOBP_RESPONSE_TO_INTERLEUKIN_6"",""NES"":-0.8702393829433268,""FDR"":0.7753222548962391,""leading_edge_n"":6,""qualified"":false}]"
EXP001_vs_primary,I,I035,primary,0.5,2,GOBP_INTERLEUKIN_6_MEDIATED_SIGNALING_PATHWAY;GOBP_RESPONSE_TO_INTERLEUKIN_6,1,POSITIVE,"[{""term_id"":""GOBP_INTERLEUKIN_6_MEDIATED_SIGNALING_PATHWAY"",""NES"":1.4793096742957008,""FDR"":0.1341376636650221,""leading_edge_n"":7,""qualified"":false},{""term_id"":""GOBP_RESPONSE_TO_INTERLEUKIN_6"",""NES"":1.809021076533292,""FDR"":0.0297289778965049,""leading_edge_n"":13,""qualified"":true}]"
EXP001_vs_primary,I,I036,EXP001,0.5,2,GOBP_INTERLEUKIN_6_PRODUCTION;GOBP_POSITIVE_REGULATION_OF_INTERLEUKIN_6_PRODUCTION,0,INACTIVE,"[{""term_id"":""GOBP_INTERLEUKIN_6_PRODUCTION"",""NES"":-1.0175259365019438,""FDR"":0.541472933822595,""leading_edge_n"":27,""qualified"":false},{""term_id"":""GOBP_POSITIVE_REGULATION_OF_INTERLEUKIN_6_PRODUCTION"",""NES"":-1.008640420072793,""FDR"":0.5551630507261673,""leading_edge_n"":18,""qualified"":false}]"
EXP001_vs_primary,I,I036,primary,0.5,2,GOBP_INTERLEUKIN_6_PRODUCTION;GOBP_POSITIVE_REGULATION_OF_INTERLEUKIN_6_PRODUCTION,0,INACTIVE,"[{""term_id"":""GOBP_INTERLEUKIN_6_PRODUCTION"",""NES"":1.3279126921618132,""FDR"":0.2287864858363025,""leading_edge_n"":33,""qualified"":false},{""term_id"":""GOBP_POSITIVE_REGULATION_OF_INTERLEUKIN_6_PRODUCTION"",""NES"":1.3127609621240166,""FDR"":0.2402667680283246,""leading_edge_n"":30,""qualified"":false}]"
EXP001_vs_primary,I,I037,EXP001,0.5,2,GOBP_INTERLEUKIN_8_PRODUCTION;GOBP_POSITIVE_REGULATION_OF_INTERLEUKIN_8_PRODUCTION,0,INACTIVE,"[{""term_id"":""GOBP_INTERLEUKIN_8_PRODUCTION"",""NES"":-1.139338846932251,""FDR"":0.3839771561282151,""leading_edge_n"":17,""qualified"":false},{""term_id"":""GOBP_POSITIVE_REGULATION_OF_INTERLEUKIN_8_PRODUCTION"",""NES"":-0.989186008628201,""FDR"":0.586273036271106,""leading_edge_n"":11,""qualified"":false}]"
EXP001_vs_primary,I,I037,primary,0.5,2,GOBP_INTERLEUKIN_8_PRODUCTION;GOBP_POSITIVE_REGULATION_OF_INTERLEUKIN_8_PRODUCTION,0,INACTIVE,"[{""term_id"":""GOBP_INTERLEUKIN_8_PRODUCTION"",""NES"":-1.0786859167157183,""FDR"":0.6437353540828595,""leading_edge_n"":12,""qualified"":false},{""term_id"":""GOBP_POSITIVE_REGULATION_OF_INTERLEUKIN_8_PRODUCTION"",""NES"":1.0274684034989223,""FDR"":0.5699054172358872,""leading_edge_n"":10,""qualified"":false}]"
EXP001_vs_primary,I,I038,EXP001,0.5,4,GOBP_LEUKOCYTE_ADHESION_TO_VASCULAR_ENDOTHELIAL_CELL;GOBP_LEUKOCYTE_TETHERING_OR_ROLLING;GOBP_POSITIVE_REGULATION_OF_LEUKOCYTE_ADHESION_TO_VASCULAR_ENDOTHELIAL_CELL;GOBP_REGULATION_OF_LEUKOCYTE_ADHESION_TO_VASCULAR_ENDOTHELIAL_CELL,0,INACTIVE,"[{""term_id"":""GOBP_LEUKOCYTE_ADHESION_TO_VASCULAR_ENDOTHELIAL_CELL"",""NES"":-1.5375800359245542,""FDR"":0.1166586583819074,""leading_edge_n"":17,""qualified"":false},{""term_id"":""GOBP_LEUKOCYTE_TETHERING_OR_ROLLING"",""NES"":-1.3085816285443437,""FDR"":0.2349812440494272,""leading_edge_n"":5,""qualified"":false},{""term_id"":""GOBP_POSITIVE_REGULATION_OF_LEUKOCYTE_ADHESION_TO_VASCULAR_ENDOTHELIAL_CELL"",""NES"":-1.5698167850993554,""FDR"":0.1054426968067113,""leading_edge_n"":5,""qualified"":false},{""term_id"":""GOBP_REGULATION_OF_LEUKOCYTE_ADHESION_TO_VASCULAR_ENDOTHELIAL_CELL"",""NES"":-1.5344494494283776,""FDR"":0.1175146416207573,""leading_edge_n"":9,""qualified"":false}]"
EXP001_vs_primary,I,I038,primary,0.5,4,GOBP_LEUKOCYTE_ADHESION_TO_VASCULAR_ENDOTHELIAL_CELL;GOBP_LEUKOCYTE_TETHERING_OR_ROLLING;GOBP_POSITIVE_REGULATION_OF_LEUKOCYTE_ADHESION_TO_VASCULAR_ENDOTHELIAL_CELL;GOBP_REGULATION_OF_LEUKOCYTE_ADHESION_TO_VASCULAR_ENDOTHELIAL_CELL,0,INACTIVE,"[{""term_id"":""GOBP_LEUKOCYTE_ADHESION_TO_VASCULAR_ENDOTHELIAL_CELL"",""NES"":1.6070818928013153,""FDR"":0.0800342622537852,""leading_edge_n"":10,""qualified"":false},{""term_id"":""GOBP_LEUKOCYTE_TETHERING_OR_ROLLING"",""NES"":1.4108796215600277,""FDR"":0.1715996862177166,""leading_edge_n"":4,""qualified"":false},{""term_id"":""GOBP_POSITIVE_REGULATION_OF_LEUKOCYTE_ADHESION_TO_VASCULAR_ENDOTHELIAL_CELL"",""NES"":1.3714487882106885,""FDR"":0.1979930225961922,""leading_edge_n"":7,""qualified"":false},{""term_id"":""GOBP_REGULATION_OF_LEUKOCYTE_ADHESION_TO_VASCULAR_ENDOTHELIAL_CELL"",""NES"":1.5304819415318598,""FDR"":0.1089487595380881,""leading_edge_n"":9,""qualified"":false}]"
EXP001_vs_primary,I,I039,EXP001,0.5,3,GOBP_LEUKOCYTE_APOPTOTIC_PROCESS;GOBP_NEGATIVE_REGULATION_OF_LEUKOCYTE_APOPTOTIC_PROCESS;GOBP_REGULATION_OF_LEUKOCYTE_APOPTOTIC_PROCESS,0,INACTIVE,"[{""term_id"":""GOBP_LEUKOCYTE_APOPTOTIC_PROCESS"",""NES"":-1.299585055359311,""FDR"":0.2417972964656072,""leading_edge_n"":28,""qualified"":false},{""term_id"":""GOBP_NEGATIVE_REGULATION_OF_LEUKOCYTE_APOPTOTIC_PROCESS"",""NES"":-1.0601807831481584,""FDR"":0.4806099695245633,""leading_edge_n"":13,""qualified"":false},{""term_id"":""GOBP_REGULATION_OF_LEUKOCYTE_APOPTOTIC_PROCESS"",""NES"":-1.4642788670777862,""FDR"":0.1461141892257619,""leading_edge_n"":23,""qualified"":false}]"
EXP001_vs_primary,I,I039,primary,0.5,3,GOBP_LEUKOCYTE_APOPTOTIC_PROCESS;GOBP_NEGATIVE_REGULATION_OF_LEUKOCYTE_APOPTOTIC_PROCESS;GOBP_REGULATION_OF_LEUKOCYTE_APOPTOTIC_PROCESS,0,INACTIVE,"[{""term_id"":""GOBP_LEUKOCYTE_APOPTOTIC_PROCESS"",""NES"":1.1317228507590598,""FDR"":0.4236232653495397,""leading_edge_n"":16,""qualified"":false},{""term_id"":""GOBP_NEGATIVE_REGULATION_OF_LEUKOCYTE_APOPTOTIC_PROCESS"",""NES"":0.8524285867913447,""FDR"":0.8291266375164592,""leading_edge_n"":3,""qualified"":false},{""term_id"":""GOBP_REGULATION_OF_LEUKOCYTE_APOPTOTIC_PROCESS"",""NES"":0.928289396260924,""FDR"":0.7246036949515288,""leading_edge_n"":10,""qualified"":false}]"
EXP001_vs_primary,I,I040,EXP001,0.5,2,GOBP_LEUKOCYTE_CELL_CELL_ADHESION;GOBP_POSITIVE_REGULATION_OF_LEUKOCYTE_CELL_CELL_ADHESION,0,INACTIVE,"[{""term_id"":""GOBP_LEUKOCYTE_CELL_CELL_ADHESION"",""NES"":-1.2544223472393583,""FDR"":0.2765486192580803,""leading_edge_n"":76,""qualified"":false},{""term_id"":""GOBP_POSITIVE_REGULATION_OF_LEUKOCYTE_CELL_CELL_ADHESION"",""NES"":-1.2057393363095186,""FDR"":0.3216793493808068,""leading_edge_n"":48,""qualified"":false}]"
EXP001_vs_primary,I,I040,primary,0.5,2,GOBP_LEUKOCYTE_CELL_CELL_ADHESION;GOBP_POSITIVE_REGULATION_OF_LEUKOCYTE_CELL_CELL_ADHESION,0,INACTIVE,"[{""term_id"":""GOBP_LEUKOCYTE_CELL_CELL_ADHESION"",""NES"":1.3537224958663518,""FDR"":0.2108757132783713,""leading_edge_n"":107,""qualified"":false},{""term_id"":""GOBP_POSITIVE_REGULATION_OF_LEUKOCYTE_CELL_CELL_ADHESION"",""NES"":1.2848746640318522,""FDR"":0.2630599996340138,""leading_edge_n"":68,""qualified"":false}]"
EXP001_vs_primary,I,I041,EXP001,0.5,7,GOBP_LEUKOCYTE_CHEMOTAXIS;GOBP_LEUKOCYTE_MIGRATION;GOBP_MYELOID_LEUKOCYTE_MIGRATION;GOBP_POSITIVE_REGULATION_OF_LEUKOCYTE_CHEMOTAXIS;GOBP_POSITIVE_REGULATION_OF_LEUKOCYTE_MIGRATION;GOBP_REGULATION_OF_LEUKOCYTE_CHEMOTAXIS;GOBP_REGULATION_OF_LEUKOCYTE_MIGRATION,0,INACTIVE,"[{""term_id"":""GOBP_LEUKOCYTE_CHEMOTAXIS"",""NES"":-1.562033284269439,""FDR"":0.106464768892809,""leading_edge_n"":41,""qualified"":false},{""term_id"":""GOBP_LEUKOCYTE_MIGRATION"",""NES"":-1.374284551584457,""FDR"":0.1918184620199827,""leading_edge_n"":66,""qualified"":false},{""term_id"":""GOBP_MYELOID_LEUKOCYTE_MIGRATION"",""NES"":-1.235825673425411,""FDR"":0.2924803001439378,""leading_edge_n"":36,""qualified"":false},{""term_id"":""GOBP_POSITIVE_REGULATION_OF_LEUKOCYTE_CHEMOTAXIS"",""NES"":-1.5664237930489455,""FDR"":0.1057377923835765,""leading_edge_n"":21,""qualified"":false},{""term_id"":""GOBP_POSITIVE_REGULATION_OF_LEUKOCYTE_MIGRATION"",""NES"":-1.3532598047934807,""FDR"":0.2047821411832935,""leading_edge_n"":28,""qualified"":false},{""term_id"":""GOBP_REGULATION_OF_LEUKOCYTE_CHEMOTAXIS"",""NES"":-1.6201128343650817,""FDR"":0.0919488337381681,""leading_edge_n"":19,""qualified"":false},{""term_id"":""GOBP_REGULATION_OF_LEUKOCYTE_MIGRATION"",""NES"":-1.365229426490285,""FDR"":0.1978587932193537,""leading_edge_n"":42,""qualified"":false}]"
EXP001_vs_primary,I,I041,primary,0.5,7,GOBP_LEUKOCYTE_CHEMOTAXIS;GOBP_LEUKOCYTE_MIGRATION;GOBP_MYELOID_LEUKOCYTE_MIGRATION;GOBP_POSITIVE_REGULATION_OF_LEUKOCYTE_CHEMOTAXIS;GOBP_POSITIVE_REGULATION_OF_LEUKOCYTE_MIGRATION;GOBP_REGULATION_OF_LEUKOCYTE_CHEMOTAXIS;GOBP_REGULATION_OF_LEUKOCYTE_MIGRATION,0,INACTIVE,"[{""term_id"":""GOBP_LEUKOCYTE_CHEMOTAXIS"",""NES"":1.4826144764821558,""FDR"":0.1321233706902993,""leading_edge_n"":20,""qualified"":false},{""term_id"":""GOBP_LEUKOCYTE_MIGRATION"",""NES"":1.4365406531008016,""FDR"":0.1578192664083592,""leading_edge_n"":32,""qualified"":false},{""term_id"":""GOBP_MYELOID_LEUKOCYTE_MIGRATION"",""NES"":1.3889708516727888,""FDR"":0.1875220990032453,""leading_edge_n"":19,""qualified"":false},{""term_id"":""GOBP_POSITIVE_REGULATION_OF_LEUKOCYTE_CHEMOTAXIS"",""NES"":1.4662858383692878,""FDR"":0.1420822854862499,""leading_edge_n"":20,""qualified"":false},{""term_id"":""GOBP_POSITIVE_REGULATION_OF_LEUKOCYTE_MIGRATION"",""NES"":1.42282853374119,""FDR"":0.1653313666286132,""leading_edge_n"":17,""qualified"":false},{""term_id"":""GOBP_REGULATION_OF_LEUKOCYTE_CHEMOTAXIS"",""NES"":1.6738623303900828,""FDR"":0.0611336607805449,""leading_edge_n"":26,""qualified"":false},{""term_id"":""GOBP_REGULATION_OF_LEUKOCYTE_MIGRATION"",""NES"":1.6281280105510958,""FDR"":0.0746433946275468,""leading_edge_n"":26,""qualified"":false}]"
EXP001_vs_primary,I,I042,EXP001,0.5,7,GOBP_LEUKOCYTE_DEGRANULATION;GOBP_MAST_CELL_ACTIVATION_INVOLVED_IN_IMMUNE_RESPONSE;GOBP_MYELOID_CELL_ACTIVATION_INVOLVED_IN_IMMUNE_RESPONSE;GOBP_MYELOID_LEUKOCYTE_MEDIATED_IMMUNITY;GOBP_POSITIVE_REGULATION_OF_LEUKOCYTE_DEGRANULATION;GOBP_REGULATION_OF_LEUKOCYTE_DEGRANULATION;GOBP_REGULATION_OF_MYELOID_LEUKOCYTE_MEDIATED_IMMUNITY,2,POSITIVE,"[{""term_id"":""GOBP_LEUKOCYTE_DEGRANULATION"",""NES"":1.4954046646650188,""FDR"":0.0848203241433455,""leading_edge_n"":14,""qualified"":false},{""term_id"":""GOBP_MAST_CELL_ACTIVATION_INVOLVED_IN_IMMUNE_RESPONSE"",""NES"":1.3779786000115002,""FDR"":0.1615621577488027,""leading_edge_n"":10,""qualified"":false},{""term_id"":""GOBP_MYELOID_CELL_ACTIVATION_INVOLVED_IN_IMMUNE_RESPONSE"",""NES"":1.6171296387486844,""FDR"":0.0365968103960212,""leading_edge_n"":18,""qualified"":true},{""term_id"":""GOBP_MYELOID_LEUKOCYTE_MEDIATED_IMMUNITY"",""NES"":1.234727790962601,""FDR"":0.2997891190728904,""leading_edge_n"":16,""qualified"":false},{""term_id"":""GOBP_POSITIVE_REGULATION_OF_LEUKOCYTE_DEGRANULATION"",""NES"":0.9119011067775142,""FDR"":0.7381315196333162,""leading_edge_n"":2,""qualified"":false},{""term_id"":""GOBP_REGULATION_OF_LEUKOCYTE_DEGRANULATION"",""NES"":1.6075169261183355,""FDR"":0.0389573037549977,""leading_edge_n"":8,""qualified"":true},{""term_id"":""GOBP_REGULATION_OF_MYELOID_LEUKOCYTE_MEDIATED_IMMUNITY"",""NES"":1.4110414891631395,""FDR"":0.135411147914731,""leading_edge_n"":9,""qualified"":false}]"
EXP001_vs_primary,I,I042,primary,0.5,7,GOBP_LEUKOCYTE_DEGRANULATION;GOBP_MAST_CELL_ACTIVATION_INVOLVED_IN_IMMUNE_RESPONSE;GOBP_MYELOID_CELL_ACTIVATION_INVOLVED_IN_IMMUNE_RESPONSE;GOBP_MYELOID_LEUKOCYTE_MEDIATED_IMMUNITY;GOBP_POSITIVE_REGULATION_OF_LEUKOCYTE_DEGRANULATION;GOBP_REGULATION_OF_LEUKOCYTE_DEGRANULATION;GOBP_REGULATION_OF_MYELOID_LEUKOCYTE_MEDIATED_IMMUNITY,0,INACTIVE,"[{""term_id"":""GOBP_LEUKOCYTE_DEGRANULATION"",""NES"":0.8649815933939096,""FDR"":0.8118184791728996,""leading_edge_n"":11,""qualified"":false},{""term_id"":""GOBP_MAST_CELL_ACTIVATION_INVOLVED_IN_IMMUNE_RESPONSE"",""NES"":0.928216521183924,""FDR"":0.7245195293214906,""leading_edge_n"":8,""qualified"":false},{""term_id"":""GOBP_MYELOID_CELL_ACTIVATION_INVOLVED_IN_IMMUNE_RESPONSE"",""NES"":0.7944031450405515,""FDR"":0.8979660758372122,""leading_edge_n"":16,""qualified"":false},{""term_id"":""GOBP_MYELOID_LEUKOCYTE_MEDIATED_IMMUNITY"",""NES"":1.2097210066453394,""FDR"":0.333610327330066,""leading_edge_n"":23,""qualified"":false},{""term_id"":""GOBP_POSITIVE_REGULATION_OF_LEUKOCYTE_DEGRANULATION"",""NES"":1.2435370459210835,""FDR"":0.3029160434852893,""leading_edge_n"":7,""qualified"":false},{""term_id"":""GOBP_REGULATION_OF_LEUKOCYTE_DEGRANULATION"",""NES"":1.0389952547484294,""FDR"":0.5535811669954642,""leading_edge_n"":7,""qualified"":false},{""term_id"":""GOBP_REGULATION_OF_MYELOID_LEUKOCYTE_MEDIATED_IMMUNITY"",""NES"":1.0372316724111146,""FDR"":0.555630375732629,""leading_edge_n"":10,""qualified"":false}]"
EXP001_vs_primary,I,I043,EXP001,0.5,1,GOBP_LEUKOCYTE_HOMEOSTASIS,0,INACTIVE,"[{""term_id"":""GOBP_LEUKOCYTE_HOMEOSTASIS"",""NES"":-0.9699840284234652,""FDR"":0.614670414592418,""leading_edge_n"":19,""qualified"":false}]"
EXP001_vs_primary,I,I043,primary,0.5,1,GOBP_LEUKOCYTE_HOMEOSTASIS,0,INACTIVE,"[{""term_id"":""GOBP_LEUKOCYTE_HOMEOSTASIS"",""NES"":1.3000820027998865,""FDR"":0.248515780730002,""leading_edge_n"":43,""qualified"":false}]"
EXP001_vs_primary,I,I044,EXP001,0.5,4,GOBP_LEUKOCYTE_MEDIATED_CYTOTOXICITY;GOBP_NATURAL_KILLER_CELL_MEDIATED_IMMUNITY;GOBP_POSITIVE_REGULATION_OF_NATURAL_KILLER_CELL_MEDIATED_IMMUNITY;GOBP_REGULATION_OF_NATURAL_KILLER_CELL_MEDIATED_IMMUNITY,0,INACTIVE,"[{""term_id"":""GOBP_LEUKOCYTE_MEDIATED_CYTOTOXICITY"",""NES"":-1.1116398604038955,""FDR"":0.4150793997183558,""leading_edge_n"":27,""qualified"":false},{""term_id"":""GOBP_NATURAL_KILLER_CELL_MEDIATED_IMMUNITY"",""NES"":-1.2237139340395902,""FDR"":0.301719104889918,""leading_edge_n"":18,""qualified"":false},{""term_id"":""GOBP_POSITIVE_REGULATION_OF_NATURAL_KILLER_CELL_MEDIATED_IMMUNITY"",""NES"":-1.6456518596996457,""FDR"":0.0817430211959567,""leading_edge_n"":9,""qualified"":false},{""term_id"":""GOBP_REGULATION_OF_NATURAL_KILLER_CELL_MEDIATED_IMMUNITY"",""NES"":-1.416504781018944,""FDR"":0.1675362508336013,""leading_edge_n"":13,""qualified"":false}]"
EXP001_vs_primary,I,I044,primary,0.5,4,GOBP_LEUKOCYTE_MEDIATED_CYTOTOXICITY;GOBP_NATURAL_KILLER_CELL_MEDIATED_IMMUNITY;GOBP_POSITIVE_REGULATION_OF_NATURAL_KILLER_CELL_MEDIATED_IMMUNITY;GOBP_REGULATION_OF_NATURAL_KILLER_CELL_MEDIATED_IMMUNITY,0,INACTIVE,"[{""term_id"":""GOBP_LEUKOCYTE_MEDIATED_CYTOTOXICITY"",""NES"":0.9732240370023232,""FDR"":0.6496787263119606,""leading_edge_n"":35,""qualified"":false},{""term_id"":""GOBP_NATURAL_KILLER_CELL_MEDIATED_IMMUNITY"",""NES"":0.7484923846749233,""FDR"":0.9375359990777272,""leading_edge_n"":22,""qualified"":false},{""term_id"":""GOBP_POSITIVE_REGULATION_OF_NATURAL_KILLER_CELL_MEDIATED_IMMUNITY"",""NES"":0.540876425350054,""FDR"":0.9974638920207404,""leading_edge_n"":5,""qualified"":false},{""term_id"":""GOBP_REGULATION_OF_NATURAL_KILLER_CELL_MEDIATED_IMMUNITY"",""NES"":0.6597732160882146,""FDR"":0.9789027862823289,""leading_edge_n"":15,""qualified"":false}]"
EXP001_vs_primary,I,I045,EXP001,0.5,3,GOBP_LEUKOCYTE_PROLIFERATION;GOBP_POSITIVE_REGULATION_OF_LEUKOCYTE_PROLIFERATION;GOBP_REGULATION_OF_LEUKOCYTE_PROLIFERATION,0,INACTIVE,"[{""term_id"":""GOBP_LEUKOCYTE_PROLIFERATION"",""NES"":-1.271410189062109,""FDR"":0.2632559798848392,""leading_edge_n"":65,""qualified"":false},{""term_id"":""GOBP_POSITIVE_REGULATION_OF_LEUKOCYTE_PROLIFERATION"",""NES"":-0.9822016298826448,""FDR"":0.5963440024972864,""leading_edge_n"":20,""qualified"":false},{""term_id"":""GOBP_REGULATION_OF_LEUKOCYTE_PROLIFERATION"",""NES"":-1.4138551589208188,""FDR"":0.1683015633066551,""leading_edge_n"":38,""qualified"":false}]"
EXP001_vs_primary,I,I045,primary,0.5,3,GOBP_LEUKOCYTE_PROLIFERATION;GOBP_POSITIVE_REGULATION_OF_LEUKOCYTE_PROLIFERATION;GOBP_REGULATION_OF_LEUKOCYTE_PROLIFERATION,0,INACTIVE,"[{""term_id"":""GOBP_LEUKOCYTE_PROLIFERATION"",""NES"":1.2301799107255234,""FDR"":0.3139318888009204,""leading_edge_n"":37,""qualified"":false},{""term_id"":""GOBP_POSITIVE_REGULATION_OF_LEUKOCYTE_PROLIFERATION"",""NES"":1.1332491610483957,""FDR"":0.4214022622453477,""leading_edge_n"":19,""qualified"":false},{""term_id"":""GOBP_REGULATION_OF_LEUKOCYTE_PROLIFERATION"",""NES"":1.2447270823125216,""FDR"":0.3022318151600257,""leading_edge_n"":27,""qualified"":false}]"
EXP001_vs_primary,I,I046,EXP001,0.5,2,GOBP_MACROPHAGE_ACTIVATION;GOBP_REGULATION_OF_MACROPHAGE_ACTIVATION,0,INACTIVE,"[{""term_id"":""GOBP_MACROPHAGE_ACTIVATION"",""NES"":-1.0781771288114583,""FDR"":0.4588072647402146,""leading_edge_n"":14,""qualified"":false},{""term_id"":""GOBP_REGULATION_OF_MACROPHAGE_ACTIVATION"",""NES"":-1.0970920761232716,""FDR"":0.4339540985222503,""leading_edge_n"":8,""qualified"":false}]"
EXP001_vs_primary,I,I046,primary,0.5,2,GOBP_MACROPHAGE_ACTIVATION;GOBP_REGULATION_OF_MACROPHAGE_ACTIVATION,0,INACTIVE,"[{""term_id"":""GOBP_MACROPHAGE_ACTIVATION"",""NES"":1.4227544624959565,""FDR"":0.1652587167093683,""leading_edge_n"":13,""qualified"":false},{""term_id"":""GOBP_REGULATION_OF_MACROPHAGE_ACTIVATION"",""NES"":1.3416940838531908,""FDR"":0.2190943282973581,""leading_edge_n"":12,""qualified"":false}]"
EXP001_vs_primary,I,I047,EXP001,0.5,6,GOBP_MACROPHAGE_CHEMOTAXIS;GOBP_MACROPHAGE_MIGRATION;GOBP_POSITIVE_REGULATION_OF_MACROPHAGE_CHEMOTAXIS;GOBP_POSITIVE_REGULATION_OF_MACROPHAGE_MIGRATION;GOBP_REGULATION_OF_MACROPHAGE_CHEMOTAXIS;GOBP_REGULATION_OF_MACROPHAGE_MIGRATION,1,NEGATIVE,"[{""term_id"":""GOBP_MACROPHAGE_CHEMOTAXIS"",""NES"":-1.5496999475609696,""FDR"":0.1101856763587388,""leading_edge_n"":6,""qualified"":false},{""term_id"":""GOBP_MACROPHAGE_MIGRATION"",""NES"":-1.6342196766705814,""FDR"":0.0885508728063946,""leading_edge_n"":12,""qualified"":false},{""term_id"":""GOBP_POSITIVE_REGULATION_OF_MACROPHAGE_CHEMOTAXIS"",""NES"":-1.8267270561566653,""FDR"":0.0416098438199082,""leading_edge_n"":5,""qualified"":true},{""term_id"":""GOBP_POSITIVE_REGULATION_OF_MACROPHAGE_MIGRATION"",""NES"":-1.7729262115759126,""FDR"":0.0524819195749532,""leading_edge_n"":10,""qualified"":false},{""term_id"":""GOBP_REGULATION_OF_MACROPHAGE_CHEMOTAXIS"",""NES"":-1.7154759884931687,""FDR"":0.0611550836683268,""leading_edge_n"":5,""qualified"":false},{""term_id"":""GOBP_REGULATION_OF_MACROPHAGE_MIGRATION"",""NES"":-1.7779685982954,""FDR"":0.0516035590166696,""leading_edge_n"":14,""qualified"":false}]"
EXP001_vs_primary,I,I047,primary,0.5,6,GOBP_MACROPHAGE_CHEMOTAXIS;GOBP_MACROPHAGE_MIGRATION;GOBP_POSITIVE_REGULATION_OF_MACROPHAGE_CHEMOTAXIS;GOBP_POSITIVE_REGULATION_OF_MACROPHAGE_MIGRATION;GOBP_REGULATION_OF_MACROPHAGE_CHEMOTAXIS;GOBP_REGULATION_OF_MACROPHAGE_MIGRATION,0,INACTIVE,"[{""term_id"":""GOBP_MACROPHAGE_CHEMOTAXIS"",""NES"":1.2318493785297049,""FDR"":0.3118209088256805,""leading_edge_n"":7,""qualified"":false},{""term_id"":""GOBP_MACROPHAGE_MIGRATION"",""NES"":1.002893748636176,""FDR"":0.6073906897436301,""leading_edge_n"":5,""qualified"":false},{""term_id"":""GOBP_POSITIVE_REGULATION_OF_MACROPHAGE_CHEMOTAXIS"",""NES"":1.576562243556769,""FDR"":0.0919862006965788,""leading_edge_n"":5,""qualified"":false},{""term_id"":""GOBP_POSITIVE_REGULATION_OF_MACROPHAGE_MIGRATION"",""NES"":1.4422027908467956,""FDR"":0.1552626772859485,""leading_edge_n"":5,""qualified"":false},{""term_id"":""GOBP_REGULATION_OF_MACROPHAGE_CHEMOTAXIS"",""NES"":1.3865690298180315,""FDR"":0.1883350937712044,""leading_edge_n"":7,""qualified"":false},{""term_id"":""GOBP_REGULATION_OF_MACROPHAGE_MIGRATION"",""NES"":1.1093672579800282,""FDR"":0.4554701644090387,""leading_edge_n"":5,""qualified"":false}]"
EXP001_vs_primary,I,I048,EXP001,0.5,3,GOBP_MACROPHAGE_CYTOKINE_PRODUCTION;GOBP_MYELOID_LEUKOCYTE_CYTOKINE_PRODUCTION;GOBP_POSITIVE_REGULATION_OF_MYELOID_LEUKOCYTE_CYTOKINE_PRODUCTION_INVOLVED_IN_IMMUNE_RESPONSE,0,INACTIVE,"[{""term_id"":""GOBP_MACROPHAGE_CYTOKINE_PRODUCTION"",""NES"":-0.9471065633152904,""FDR"":0.6464048998555212,""leading_edge_n"":4,""qualified"":false},{""term_id"":""GOBP_MYELOID_LEUKOCYTE_CYTOKINE_PRODUCTION"",""NES"":-0.8634440842495454,""FDR"":0.7837985891473588,""leading_edge_n"":6,""qualified"":false},{""term_id"":""GOBP_POSITIVE_REGULATION_OF_MYELOID_LEUKOCYTE_CYTOKINE_PRODUCTION_INVOLVED_IN_IMMUNE_RESPONSE"",""NES"":-1.0374696391538796,""FDR"":0.5116301157007834,""leading_edge_n"":5,""qualified"":false}]"
EXP001_vs_primary,I,I048,primary,0.5,3,GOBP_MACROPHAGE_CYTOKINE_PRODUCTION;GOBP_MYELOID_LEUKOCYTE_CYTOKINE_PRODUCTION;GOBP_POSITIVE_REGULATION_OF_MYELOID_LEUKOCYTE_CYTOKINE_PRODUCTION_INVOLVED_IN_IMMUNE_RESPONSE,0,INACTIVE,"[{""term_id"":""GOBP_MACROPHAGE_CYTOKINE_PRODUCTION"",""NES"":0.7208042490049743,""FDR"":0.9521619852165424,""leading_edge_n"":1,""qualified"":false},{""term_id"":""GOBP_MYELOID_LEUKOCYTE_CYTOKINE_PRODUCTION"",""NES"":1.2771623599023796,""FDR"":0.2687761821724843,""leading_edge_n"":9,""qualified"":false},{""term_id"":""GOBP_POSITIVE_REGULATION_OF_MYELOID_LEUKOCYTE_CYTOKINE_PRODUCTION_INVOLVED_IN_IMMUNE_RESPONSE"",""NES"":1.4190408192960509,""FDR"":0.1676537256912518,""leading_edge_n"":10,""qualified"":false}]"
EXP001_vs_primary,I,I049,EXP001,0.5,1,GOBP_MACROPHAGE_DIFFERENTIATION,0,INACTIVE,"[{""term_id"":""GOBP_MACROPHAGE_DIFFERENTIATION"",""NES"":0.9401467454735026,""FDR"":0.6949531268995286,""leading_edge_n"":13,""qualified"":false}]"
EXP001_vs_primary,I,I049,primary,0.5,1,GOBP_MACROPHAGE_DIFFERENTIATION,1,POSITIVE,"[{""term_id"":""GOBP_MACROPHAGE_DIFFERENTIATION"",""NES"":1.7710760270396533,""FDR"":0.0366915458101134,""leading_edge_n"":14,""qualified"":true}]"
EXP001_vs_primary,I,I050,EXP001,0.5,1,GOBP_MYD88_DEPENDENT_TOLL_LIKE_RECEPTOR_SIGNALING_PATHWAY,0,INACTIVE,"[{""term_id"":""GOBP_MYD88_DEPENDENT_TOLL_LIKE_RECEPTOR_SIGNALING_PATHWAY"",""NES"":1.1458381247006522,""FDR"":0.4021421727951012,""leading_edge_n"":6,""qualified"":false}]"
EXP001_vs_primary,I,I050,primary,0.5,1,GOBP_MYD88_DEPENDENT_TOLL_LIKE_RECEPTOR_SIGNALING_PATHWAY,0,INACTIVE,"[{""term_id"":""GOBP_MYD88_DEPENDENT_TOLL_LIKE_RECEPTOR_SIGNALING_PATHWAY"",""NES"":1.013423911152848,""FDR"":0.5915026902628125,""leading_edge_n"":8,""qualified"":false}]"
EXP001_vs_primary,I,I051,EXP001,0.5,1,GOBP_MYELOID_LEUKOCYTE_ACTIVATION,0,INACTIVE,"[{""term_id"":""GOBP_MYELOID_LEUKOCYTE_ACTIVATION"",""NES"":1.180497814899688,""FDR"":0.3595336844395054,""leading_edge_n"":34,""qualified"":false}]"
EXP001_vs_primary,I,I051,primary,0.5,1,GOBP_MYELOID_LEUKOCYTE_ACTIVATION,0,INACTIVE,"[{""term_id"":""GOBP_MYELOID_LEUKOCYTE_ACTIVATION"",""NES"":1.274699307298213,""FDR"":0.2709754431929816,""leading_edge_n"":45,""qualified"":false}]"
EXP001_vs_primary,I,I052,EXP001,0.5,1,GOBP_MYELOID_LEUKOCYTE_DIFFERENTIATION,0,INACTIVE,"[{""term_id"":""GOBP_MYELOID_LEUKOCYTE_DIFFERENTIATION"",""NES"":-1.1974718197352925,""FDR"":0.329660198107621,""leading_edge_n"":43,""qualified"":false}]"
EXP001_vs_primary,I,I052,primary,0.5,1,GOBP_MYELOID_LEUKOCYTE_DIFFERENTIATION,0,INACTIVE,"[{""term_id"":""GOBP_MYELOID_LEUKOCYTE_DIFFERENTIATION"",""NES"":1.5536229055976043,""FDR"":0.1007372522599392,""leading_edge_n"":31,""qualified"":false}]"
EXP001_vs_primary,I,I053,EXP001,0.5,1,GOBP_NEGATIVE_REGULATION_OF_ADAPTIVE_IMMUNE_RESPONSE,0,INACTIVE,"[{""term_id"":""GOBP_NEGATIVE_REGULATION_OF_ADAPTIVE_IMMUNE_RESPONSE"",""NES"":-1.19530257795658,""FDR"":0.3316470481598073,""leading_edge_n"":17,""qualified"":false}]"
EXP001_vs_primary,I,I053,primary,0.5,1,GOBP_NEGATIVE_REGULATION_OF_ADAPTIVE_IMMUNE_RESPONSE,0,INACTIVE,"[{""term_id"":""GOBP_NEGATIVE_REGULATION_OF_ADAPTIVE_IMMUNE_RESPONSE"",""NES"":0.9254703148349326,""FDR"":0.7281618347954709,""leading_edge_n"":10,""qualified"":false}]"
EXP001_vs_primary,I,I054,EXP001,0.5,1,GOBP_NEGATIVE_REGULATION_OF_CYTOKINE_PRODUCTION,0,INACTIVE,"[{""term_id"":""GOBP_NEGATIVE_REGULATION_OF_CYTOKINE_PRODUCTION"",""NES"":-1.4688498052969807,""FDR"":0.1437030075062683,""leading_edge_n"":64,""qualified"":false}]"
EXP001_vs_primary,I,I054,primary,0.5,1,GOBP_NEGATIVE_REGULATION_OF_CYTOKINE_PRODUCTION,0,INACTIVE,"[{""term_id"":""GOBP_NEGATIVE_REGULATION_OF_CYTOKINE_PRODUCTION"",""NES"":1.503611932196193,""FDR"":0.1219737220532308,""leading_edge_n"":56,""qualified"":false}]"
EXP001_vs_primary,I,I055,EXP001,0.5,2,GOBP_NEGATIVE_REGULATION_OF_IMMUNE_EFFECTOR_PROCESS;GOBP_NEGATIVE_REGULATION_OF_LEUKOCYTE_MEDIATED_IMMUNITY,0,INACTIVE,"[{""term_id"":""GOBP_NEGATIVE_REGULATION_OF_IMMUNE_EFFECTOR_PROCESS"",""NES"":-1.297739450350807,""FDR"":0.2412788275062486,""leading_edge_n"":30,""qualified"":false},{""term_id"":""GOBP_NEGATIVE_REGULATION_OF_LEUKOCYTE_MEDIATED_IMMUNITY"",""NES"":0.8207447662494848,""FDR"":0.8576089351998779,""leading_edge_n"":8,""qualified"":false}]"
EXP001_vs_primary,I,I055,primary,0.5,2,GOBP_NEGATIVE_REGULATION_OF_IMMUNE_EFFECTOR_PROCESS;GOBP_NEGATIVE_REGULATION_OF_LEUKOCYTE_MEDIATED_IMMUNITY,0,INACTIVE,"[{""term_id"":""GOBP_NEGATIVE_REGULATION_OF_IMMUNE_EFFECTOR_PROCESS"",""NES"":0.9076178109787948,""FDR"":0.7536924393006864,""leading_edge_n"":20,""qualified"":false},{""term_id"":""GOBP_NEGATIVE_REGULATION_OF_LEUKOCYTE_MEDIATED_IMMUNITY"",""NES"":0.8182344931936084,""FDR"":0.8725773112060893,""leading_edge_n"":17,""qualified"":false}]"
EXP001_vs_primary,I,I056,EXP001,0.5,1,GOBP_NEGATIVE_REGULATION_OF_IMMUNE_RESPONSE,0,INACTIVE,"[{""term_id"":""GOBP_NEGATIVE_REGULATION_OF_IMMUNE_RESPONSE"",""NES"":-1.1484116403294296,""FDR"":0.3736334567878605,""leading_edge_n"":49,""qualified"":false}]"
EXP001_vs_primary,I,I056,primary,0.5,1,GOBP_NEGATIVE_REGULATION_OF_IMMUNE_RESPONSE,0,INACTIVE,"[{""term_id"":""GOBP_NEGATIVE_REGULATION_OF_IMMUNE_RESPONSE"",""NES"":1.0243989355970646,""FDR"":0.5752626314223795,""leading_edge_n"":30,""qualified"":false}]"
EXP001_vs_primary,I,I057,EXP001,0.5,1,GOBP_NEGATIVE_REGULATION_OF_IMMUNE_SYSTEM_PROCESS,0,INACTIVE,"[{""term_id"":""GOBP_NEGATIVE_REGULATION_OF_IMMUNE_SYSTEM_PROCESS"",""NES"":-1.3506267068124038,""FDR"":0.2061195422173448,""leading_edge_n"":103,""qualified"":false}]"
EXP001_vs_primary,I,I057,primary,0.5,1,GOBP_NEGATIVE_REGULATION_OF_IMMUNE_SYSTEM_PROCESS,0,INACTIVE,"[{""term_id"":""GOBP_NEGATIVE_REGULATION_OF_IMMUNE_SYSTEM_PROCESS"",""NES"":1.6003002234183283,""FDR"":0.0820166792803392,""leading_edge_n"":89,""qualified"":false}]"
EXP001_vs_primary,I,I058,EXP001,0.5,1,GOBP_NEGATIVE_REGULATION_OF_INFLAMMASOME_MEDIATED_SIGNALING_PATHWAY,0,INACTIVE,"[{""term_id"":""GOBP_NEGATIVE_REGULATION_OF_INFLAMMASOME_MEDIATED_SIGNALING_PATHWAY"",""NES"":0.7130065293826484,""FDR"":0.943416629643044,""leading_edge_n"":4,""qualified"":false}]"
EXP001_vs_primary,I,I058,primary,0.5,1,GOBP_NEGATIVE_REGULATION_OF_INFLAMMASOME_MEDIATED_SIGNALING_PATHWAY,0,INACTIVE,"[{""term_id"":""GOBP_NEGATIVE_REGULATION_OF_INFLAMMASOME_MEDIATED_SIGNALING_PATHWAY"",""NES"":-0.690647596943975,""FDR"":1.0,""leading_edge_n"":4,""qualified"":false}]"
EXP001_vs_primary,I,I059,EXP001,0.5,1,GOBP_NEGATIVE_REGULATION_OF_INFLAMMATORY_RESPONSE,0,INACTIVE,"[{""term_id"":""GOBP_NEGATIVE_REGULATION_OF_INFLAMMATORY_RESPONSE"",""NES"":1.083965901570732,""FDR"":0.4892457888698273,""leading_edge_n"":36,""qualified"":false}]"
EXP001_vs_primary,I,I059,primary,0.5,1,GOBP_NEGATIVE_REGULATION_OF_INFLAMMATORY_RESPONSE,0,INACTIVE,"[{""term_id"":""GOBP_NEGATIVE_REGULATION_OF_INFLAMMATORY_RESPONSE"",""NES"":-1.219995137389987,""FDR"":0.5098701559084449,""leading_edge_n"":37,""qualified"":false}]"
EXP001_vs_primary,I,I060,EXP001,0.5,1,GOBP_NEGATIVE_REGULATION_OF_INNATE_IMMUNE_RESPONSE,0,INACTIVE,"[{""term_id"":""GOBP_NEGATIVE_REGULATION_OF_INNATE_IMMUNE_RESPONSE"",""NES"":-0.8978690537223755,""FDR"":0.7307263961575207,""leading_edge_n"":16,""qualified"":false}]"
EXP001_vs_primary,I,I060,primary,0.5,1,GOBP_NEGATIVE_REGULATION_OF_INNATE_IMMUNE_RESPONSE,0,INACTIVE,"[{""term_id"":""GOBP_NEGATIVE_REGULATION_OF_INNATE_IMMUNE_RESPONSE"",""NES"":0.9114025457874771,""FDR"":0.7483257862490882,""leading_edge_n"":22,""qualified"":false}]"
EXP001_vs_primary,I,I061,EXP001,0.5,1,GOBP_NEGATIVE_REGULATION_OF_INTERFERON_BETA_PRODUCTION,0,INACTIVE,"[{""term_id"":""GOBP_NEGATIVE_REGULATION_OF_INTERFERON_BETA_PRODUCTION"",""NES"":-1.1029434226531531,""FDR"":0.425143789748495,""leading_edge_n"":9,""qualified"":false}]"
EXP001_vs_primary,I,I061,primary,0.5,1,GOBP_NEGATIVE_REGULATION_OF_INTERFERON_BETA_PRODUCTION,0,INACTIVE,"[{""term_id"":""GOBP_NEGATIVE_REGULATION_OF_INTERFERON_BETA_PRODUCTION"",""NES"":-1.3265778660833458,""FDR"":0.41829142221584,""leading_edge_n"":8,""qualified"":false}]"
EXP001_vs_primary,I,I062,EXP001,0.5,2,GOBP_NEGATIVE_REGULATION_OF_INTERLEUKIN_1_BETA_PRODUCTION;GOBP_NEGATIVE_REGULATION_OF_INTERLEUKIN_1_PRODUCTION,0,INACTIVE,"[{""term_id"":""GOBP_NEGATIVE_REGULATION_OF_INTERLEUKIN_1_BETA_PRODUCTION"",""NES"":1.1177012710841394,""FDR"":0.4427868295563242,""leading_edge_n"":7,""qualified"":false},{""term_id"":""GOBP_NEGATIVE_REGULATION_OF_INTERLEUKIN_1_PRODUCTION"",""NES"":1.200970945769694,""FDR"":0.3358438839160986,""leading_edge_n"":8,""qualified"":false}]"
EXP001_vs_primary,I,I062,primary,0.5,2,GOBP_NEGATIVE_REGULATION_OF_INTERLEUKIN_1_BETA_PRODUCTION;GOBP_NEGATIVE_REGULATION_OF_INTERLEUKIN_1_PRODUCTION,0,INACTIVE,"[{""term_id"":""GOBP_NEGATIVE_REGULATION_OF_INTERLEUKIN_1_BETA_PRODUCTION"",""NES"":0.8661477187044464,""FDR"":0.81038490372609,""leading_edge_n"":5,""qualified"":false},{""term_id"":""GOBP_NEGATIVE_REGULATION_OF_INTERLEUKIN_1_PRODUCTION"",""NES"":0.8067639969119916,""FDR"":0.8853686501611352,""leading_edge_n"":4,""qualified"":false}]"
EXP001_vs_primary,I,I063,EXP001,0.5,1,GOBP_NEGATIVE_REGULATION_OF_INTERLEUKIN_6_PRODUCTION,0,INACTIVE,"[{""term_id"":""GOBP_NEGATIVE_REGULATION_OF_INTERLEUKIN_6_PRODUCTION"",""NES"":0.892779058654559,""FDR"":0.7657097453797538,""leading_edge_n"":4,""qualified"":false}]"
EXP001_vs_primary,I,I063,primary,0.5,1,GOBP_NEGATIVE_REGULATION_OF_INTERLEUKIN_6_PRODUCTION,0,INACTIVE,"[{""term_id"":""GOBP_NEGATIVE_REGULATION_OF_INTERLEUKIN_6_PRODUCTION"",""NES"":1.2884722657725618,""FDR"":0.2590138853047962,""leading_edge_n"":4,""qualified"":false}]"
EXP001_vs_primary,I,I064,EXP001,0.5,1,GOBP_NEGATIVE_REGULATION_OF_LEUKOCYTE_CELL_CELL_ADHESION,0,INACTIVE,"[{""term_id"":""GOBP_NEGATIVE_REGULATION_OF_LEUKOCYTE_CELL_CELL_ADHESION"",""NES"":-1.298860504097831,""FDR"":0.2414586950031733,""leading_edge_n"":26,""qualified"":false}]"
EXP001_vs_primary,I,I064,primary,0.5,1,GOBP_NEGATIVE_REGULATION_OF_LEUKOCYTE_CELL_CELL_ADHESION,0,INACTIVE,"[{""term_id"":""GOBP_NEGATIVE_REGULATION_OF_LEUKOCYTE_CELL_CELL_ADHESION"",""NES"":1.3140092240469536,""FDR"":0.2398687493695101,""leading_edge_n"":40,""qualified"":false}]"
EXP001_vs_primary,I,I065,EXP001,0.5,1,GOBP_NEGATIVE_REGULATION_OF_LEUKOCYTE_MIGRATION,0,INACTIVE,"[{""term_id"":""GOBP_NEGATIVE_REGULATION_OF_LEUKOCYTE_MIGRATION"",""NES"":-0.8470795544088242,""FDR"":0.8058494501732858,""leading_edge_n"":11,""qualified"":false}]"
EXP001_vs_primary,I,I065,primary,0.5,1,GOBP_NEGATIVE_REGULATION_OF_LEUKOCYTE_MIGRATION,1,POSITIVE,"[{""term_id"":""GOBP_NEGATIVE_REGULATION_OF_LEUKOCYTE_MIGRATION"",""NES"":1.8560309166955464,""FDR"":0.0230826719184932,""leading_edge_n"":7,""qualified"":true}]"
EXP001_vs_primary,I,I066,EXP001,0.5,1,GOBP_NEGATIVE_REGULATION_OF_LEUKOCYTE_PROLIFERATION,0,INACTIVE,"[{""term_id"":""GOBP_NEGATIVE_REGULATION_OF_LEUKOCYTE_PROLIFERATION"",""NES"":-1.508773933134834,""FDR"":0.1287937149429542,""leading_edge_n"":17,""qualified"":false}]"
EXP001_vs_primary,I,I066,primary,0.5,1,GOBP_NEGATIVE_REGULATION_OF_LEUKOCYTE_PROLIFERATION,0,INACTIVE,"[{""term_id"":""GOBP_NEGATIVE_REGULATION_OF_LEUKOCYTE_PROLIFERATION"",""NES"":1.2838633796854495,""FDR"":0.2635235324653153,""leading_edge_n"":8,""qualified"":false}]"
EXP001_vs_primary,I,I067,EXP001,0.5,1,GOBP_NEGATIVE_REGULATION_OF_MYELOID_LEUKOCYTE_DIFFERENTIATION,0,INACTIVE,"[{""term_id"":""GOBP_NEGATIVE_REGULATION_OF_MYELOID_LEUKOCYTE_DIFFERENTIATION"",""NES"":0.9174442072724328,""FDR"":0.730788555548199,""leading_edge_n"":11,""qualified"":false}]"
EXP001_vs_primary,I,I067,primary,0.5,1,GOBP_NEGATIVE_REGULATION_OF_MYELOID_LEUKOCYTE_DIFFERENTIATION,1,POSITIVE,"[{""term_id"":""GOBP_NEGATIVE_REGULATION_OF_MYELOID_LEUKOCYTE_DIFFERENTIATION"",""NES"":1.7408597991135175,""FDR"":0.0432478206629911,""leading_edge_n"":9,""qualified"":true}]"
EXP001_vs_primary,I,I068,EXP001,0.5,1,GOBP_NEGATIVE_REGULATION_OF_NATURAL_KILLER_CELL_MEDIATED_IMMUNITY,0,INACTIVE,"[{""term_id"":""GOBP_NEGATIVE_REGULATION_OF_NATURAL_KILLER_CELL_MEDIATED_IMMUNITY"",""NES"":-0.818503884116907,""FDR"":0.8419825108001002,""leading_edge_n"":8,""qualified"":false}]"
EXP001_vs_primary,I,I068,primary,0.5,1,GOBP_NEGATIVE_REGULATION_OF_NATURAL_KILLER_CELL_MEDIATED_IMMUNITY,0,INACTIVE,"[{""term_id"":""GOBP_NEGATIVE_REGULATION_OF_NATURAL_KILLER_CELL_MEDIATED_IMMUNITY"",""NES"":-0.6344440452920609,""FDR"":1.0,""leading_edge_n"":3,""qualified"":false}]"
EXP001_vs_primary,I,I069,EXP001,0.5,1,GOBP_NEGATIVE_REGULATION_OF_PRODUCTION_OF_MOLECULAR_MEDIATOR_OF_IMMUNE_RESPONSE,0,INACTIVE,"[{""term_id"":""GOBP_NEGATIVE_REGULATION_OF_PRODUCTION_OF_MOLECULAR_MEDIATOR_OF_IMMUNE_RESPONSE"",""NES"":-0.7472145484783259,""FDR"":0.9146605626438437,""leading_edge_n"":1,""qualified"":false}]"
EXP001_vs_primary,I,I069,primary,0.5,1,GOBP_NEGATIVE_REGULATION_OF_PRODUCTION_OF_MOLECULAR_MEDIATOR_OF_IMMUNE_RESPONSE,0,INACTIVE,"[{""term_id"":""GOBP_NEGATIVE_REGULATION_OF_PRODUCTION_OF_MOLECULAR_MEDIATOR_OF_IMMUNE_RESPONSE"",""NES"":-0.6393535715907211,""FDR"":1.0,""leading_edge_n"":10,""qualified"":false}]"
EXP001_vs_primary,I,I070,EXP001,0.5,2,GOBP_NEGATIVE_REGULATION_OF_RESPONSE_TO_CYTOKINE_STIMULUS;GOBP_REGULATION_OF_RESPONSE_TO_CYTOKINE_STIMULUS,0,INACTIVE,"[{""term_id"":""GOBP_NEGATIVE_REGULATION_OF_RESPONSE_TO_CYTOKINE_STIMULUS"",""NES"":0.9370471942034876,""FDR"":0.6978472852965586,""leading_edge_n"":24,""qualified"":false},{""term_id"":""GOBP_REGULATION_OF_RESPONSE_TO_CYTOKINE_STIMULUS"",""NES"":-1.0580048652639176,""FDR"":0.4839880122828731,""leading_edge_n"":41,""qualified"":false}]"
EXP001_vs_primary,I,I070,primary,0.5,2,GOBP_NEGATIVE_REGULATION_OF_RESPONSE_TO_CYTOKINE_STIMULUS;GOBP_REGULATION_OF_RESPONSE_TO_CYTOKINE_STIMULUS,0,INACTIVE,"[{""term_id"":""GOBP_NEGATIVE_REGULATION_OF_RESPONSE_TO_CYTOKINE_STIMULUS"",""NES"":1.1985631022290482,""FDR"":0.3461559471497651,""leading_edge_n"":22,""qualified"":false},{""term_id"":""GOBP_REGULATION_OF_RESPONSE_TO_CYTOKINE_STIMULUS"",""NES"":1.1126302354520932,""FDR"":0.4500894877057327,""leading_edge_n"":41,""qualified"":false}]"
EXP001_vs_primary,I,I071,EXP001,0.5,1,GOBP_NEGATIVE_REGULATION_OF_TUMOR_NECROSIS_FACTOR_SUPERFAMILY_CYTOKINE_PRODUCTION,0,INACTIVE,"[{""term_id"":""GOBP_NEGATIVE_REGULATION_OF_TUMOR_NECROSIS_FACTOR_SUPERFAMILY_CYTOKINE_PRODUCTION"",""NES"":-1.170030929971584,""FDR"":0.3522614785365117,""leading_edge_n"":13,""qualified"":false}]"
EXP001_vs_primary,I,I071,primary,0.5,1,GOBP_NEGATIVE_REGULATION_OF_TUMOR_NECROSIS_FACTOR_SUPERFAMILY_CYTOKINE_PRODUCTION,0,INACTIVE,"[{""term_id"":""GOBP_NEGATIVE_REGULATION_OF_TUMOR_NECROSIS_FACTOR_SUPERFAMILY_CYTOKINE_PRODUCTION"",""NES"":1.144372480142977,""FDR"":0.407175249449472,""leading_edge_n"":8,""qualified"":false}]"
EXP001_vs_primary,I,I072,EXP001,0.5,1,GOBP_NEGATIVE_REGULATION_OF_TYPE_II_INTERFERON_PRODUCTION,0,INACTIVE,"[{""term_id"":""GOBP_NEGATIVE_REGULATION_OF_TYPE_II_INTERFERON_PRODUCTION"",""NES"":-1.137802731307442,""FDR"":0.3863961312293437,""leading_edge_n"":8,""qualified"":false}]"
EXP001_vs_primary,I,I072,primary,0.5,1,GOBP_NEGATIVE_REGULATION_OF_TYPE_II_INTERFERON_PRODUCTION,0,INACTIVE,"[{""term_id"":""GOBP_NEGATIVE_REGULATION_OF_TYPE_II_INTERFERON_PRODUCTION"",""NES"":1.388729219081701,""FDR"":0.1874857902405701,""leading_edge_n"":6,""qualified"":false}]"
EXP001_vs_primary,I,I073,EXP001,0.5,1,GOBP_NEGATIVE_REGULATION_OF_TYPE_I_INTERFERON_PRODUCTION,0,INACTIVE,"[{""term_id"":""GOBP_NEGATIVE_REGULATION_OF_TYPE_I_INTERFERON_PRODUCTION"",""NES"":-0.9324544604636404,""FDR"":0.6731969590331658,""leading_edge_n"":17,""qualified"":false}]"
EXP001_vs_primary,I,I073,primary,0.5,1,GOBP_NEGATIVE_REGULATION_OF_TYPE_I_INTERFERON_PRODUCTION,0,INACTIVE,"[{""term_id"":""GOBP_NEGATIVE_REGULATION_OF_TYPE_I_INTERFERON_PRODUCTION"",""NES"":0.921201735851636,""FDR"":0.7347546124768217,""leading_edge_n"":13,""qualified"":false}]"
EXP001_vs_primary,I,I074,EXP001,0.5,1,GOBP_NEGATIVE_REGULATION_OF_T_CELL_MEDIATED_IMMUNITY,0,INACTIVE,"[{""term_id"":""GOBP_NEGATIVE_REGULATION_OF_T_CELL_MEDIATED_IMMUNITY"",""NES"":-0.9271810671598604,""FDR"":0.6833786402347002,""leading_edge_n"":6,""qualified"":false}]"
EXP001_vs_primary,I,I074,primary,0.5,1,GOBP_NEGATIVE_REGULATION_OF_T_CELL_MEDIATED_IMMUNITY,0,INACTIVE,"[{""term_id"":""GOBP_NEGATIVE_REGULATION_OF_T_CELL_MEDIATED_IMMUNITY"",""NES"":0.7900006618063392,""FDR"":0.9024487445184888,""leading_edge_n"":4,""qualified"":false}]"
EXP001_vs_primary,I,I075,EXP001,0.5,2,GOBP_NEUROINFLAMMATORY_RESPONSE;GOBP_REGULATION_OF_NEUROINFLAMMATORY_RESPONSE,0,INACTIVE,"[{""term_id"":""GOBP_NEUROINFLAMMATORY_RESPONSE"",""NES"":-1.1578640131460456,""FDR"":0.3647643984382057,""leading_edge_n"":16,""qualified"":false},{""term_id"":""GOBP_REGULATION_OF_NEUROINFLAMMATORY_RESPONSE"",""NES"":-1.1945248175161771,""FDR"":0.3318455514725452,""leading_edge_n"":7,""qualified"":false}]"
EXP001_vs_primary,I,I075,primary,0.5,2,GOBP_NEUROINFLAMMATORY_RESPONSE;GOBP_REGULATION_OF_NEUROINFLAMMATORY_RESPONSE,0,INACTIVE,"[{""term_id"":""GOBP_NEUROINFLAMMATORY_RESPONSE"",""NES"":1.1910091957296531,""FDR"":0.3544388740369525,""leading_edge_n"":9,""qualified"":false},{""term_id"":""GOBP_REGULATION_OF_NEUROINFLAMMATORY_RESPONSE"",""NES"":1.098803692242909,""FDR"":0.4691204023871675,""leading_edge_n"":5,""qualified"":false}]"
EXP001_vs_primary,I,I076,EXP001,0.5,2,GOBP_NEUTROPHIL_CHEMOTAXIS;GOBP_NEUTROPHIL_MIGRATION,0,INACTIVE,"[{""term_id"":""GOBP_NEUTROPHIL_CHEMOTAXIS"",""NES"":-0.958712299904562,""FDR"":0.6306623527051873,""leading_edge_n"":8,""qualified"":false},{""term_id"":""GOBP_NEUTROPHIL_MIGRATION"",""NES"":1.1583198087942532,""FDR"":0.3868229695266622,""leading_edge_n"":15,""qualified"":false}]"
EXP001_vs_primary,I,I076,primary,0.5,2,GOBP_NEUTROPHIL_CHEMOTAXIS;GOBP_NEUTROPHIL_MIGRATION,0,INACTIVE,"[{""term_id"":""GOBP_NEUTROPHIL_CHEMOTAXIS"",""NES"":-0.9066261610923204,""FDR"":0.8486044126487551,""leading_edge_n"":13,""qualified"":false},{""term_id"":""GOBP_NEUTROPHIL_MIGRATION"",""NES"":-0.8990735070055905,""FDR"":0.8538360793919951,""leading_edge_n"":16,""qualified"":false}]"
EXP001_vs_primary,I,I077,EXP001,0.5,1,GOBP_NEUTROPHIL_MEDIATED_IMMUNITY,0,INACTIVE,"[{""term_id"":""GOBP_NEUTROPHIL_MEDIATED_IMMUNITY"",""NES"":0.800586842539702,""FDR"":0.8768894555021595,""leading_edge_n"":3,""qualified"":false}]"
EXP001_vs_primary,I,I077,primary,0.5,1,GOBP_NEUTROPHIL_MEDIATED_IMMUNITY,0,INACTIVE,"[{""term_id"":""GOBP_NEUTROPHIL_MEDIATED_IMMUNITY"",""NES"":1.0440102994231288,""FDR"":0.5460647031408986,""leading_edge_n"":13,""qualified"":false}]"
EXP001_vs_primary,I,I078,EXP001,0.5,1,GOBP_POSITIVE_REGULATION_OF_CYTOKINE_PRODUCTION,0,INACTIVE,"[{""term_id"":""GOBP_POSITIVE_REGULATION_OF_CYTOKINE_PRODUCTION"",""NES"":-1.3328252373326284,""FDR"":0.2198499359527326,""leading_edge_n"":90,""qualified"":false}]"
EXP001_vs_primary,I,I078,primary,0.5,1,GOBP_POSITIVE_REGULATION_OF_CYTOKINE_PRODUCTION,0,INACTIVE,"[{""term_id"":""GOBP_POSITIVE_REGULATION_OF_CYTOKINE_PRODUCTION"",""NES"":1.3126471116324412,""FDR"":0.2402393893989066,""leading_edge_n"":139,""qualified"":false}]"
EXP001_vs_primary,I,I079,EXP001,0.5,1,GOBP_POSITIVE_REGULATION_OF_CYTOKINE_PRODUCTION_INVOLVED_IN_INFLAMMATORY_RESPONSE,0,INACTIVE,"[{""term_id"":""GOBP_POSITIVE_REGULATION_OF_CYTOKINE_PRODUCTION_INVOLVED_IN_INFLAMMATORY_RESPONSE"",""NES"":0.763025618818243,""FDR"":0.9089609148419256,""leading_edge_n"":3,""qualified"":false}]"
EXP001_vs_primary,I,I079,primary,0.5,1,GOBP_POSITIVE_REGULATION_OF_CYTOKINE_PRODUCTION_INVOLVED_IN_INFLAMMATORY_RESPONSE,1,POSITIVE,"[{""term_id"":""GOBP_POSITIVE_REGULATION_OF_CYTOKINE_PRODUCTION_INVOLVED_IN_INFLAMMATORY_RESPONSE"",""NES"":1.781356305053157,""FDR"":0.0362861721802523,""leading_edge_n"":17,""qualified"":true}]"
EXP001_vs_primary,I,I080,EXP001,0.5,1,GOBP_POSITIVE_REGULATION_OF_INFLAMMATORY_RESPONSE,0,INACTIVE,"[{""term_id"":""GOBP_POSITIVE_REGULATION_OF_INFLAMMATORY_RESPONSE"",""NES"":-1.5076174745248598,""FDR"":0.1289185570346604,""leading_edge_n"":31,""qualified"":false}]"
EXP001_vs_primary,I,I080,primary,0.5,1,GOBP_POSITIVE_REGULATION_OF_INFLAMMATORY_RESPONSE,0,INACTIVE,"[{""term_id"":""GOBP_POSITIVE_REGULATION_OF_INFLAMMATORY_RESPONSE"",""NES"":1.34857437000367,""FDR"":0.2137730676551883,""leading_edge_n"":23,""qualified"":false}]"
EXP001_vs_primary,I,I081,EXP001,0.5,1,GOBP_POSITIVE_REGULATION_OF_LEUKOCYTE_APOPTOTIC_PROCESS,0,INACTIVE,"[{""term_id"":""GOBP_POSITIVE_REGULATION_OF_LEUKOCYTE_APOPTOTIC_PROCESS"",""NES"":-1.2345901369834855,""FDR"":0.2932838316576739,""leading_edge_n"":9,""qualified"":false}]"
EXP001_vs_primary,I,I081,primary,0.5,1,GOBP_POSITIVE_REGULATION_OF_LEUKOCYTE_APOPTOTIC_PROCESS,0,INACTIVE,"[{""term_id"":""GOBP_POSITIVE_REGULATION_OF_LEUKOCYTE_APOPTOTIC_PROCESS"",""NES"":0.962688078509828,""FDR"":0.6689867277211453,""leading_edge_n"":4,""qualified"":false}]"
EXP001_vs_primary,I,I082,EXP001,0.5,1,GOBP_POSITIVE_REGULATION_OF_MACROPHAGE_ACTIVATION,0,INACTIVE,"[{""term_id"":""GOBP_POSITIVE_REGULATION_OF_MACROPHAGE_ACTIVATION"",""NES"":-0.9643161645163588,""FDR"":0.622207692041283,""leading_edge_n"":5,""qualified"":false}]"
EXP001_vs_primary,I,I082,primary,0.5,1,GOBP_POSITIVE_REGULATION_OF_MACROPHAGE_ACTIVATION,0,INACTIVE,"[{""term_id"":""GOBP_POSITIVE_REGULATION_OF_MACROPHAGE_ACTIVATION"",""NES"":1.410226442114777,""FDR"":0.1719871481593764,""leading_edge_n"":4,""qualified"":false}]"
EXP001_vs_primary,I,I083,EXP001,0.5,1,GOBP_POSITIVE_REGULATION_OF_MYELOID_LEUKOCYTE_DIFFERENTIATION,0,INACTIVE,"[{""term_id"":""GOBP_POSITIVE_REGULATION_OF_MYELOID_LEUKOCYTE_DIFFERENTIATION"",""NES"":-1.4858141462817174,""FDR"":0.1365128097679368,""leading_edge_n"":11,""qualified"":false}]"
EXP001_vs_primary,I,I083,primary,0.5,1,GOBP_POSITIVE_REGULATION_OF_MYELOID_LEUKOCYTE_DIFFERENTIATION,0,INACTIVE,"[{""term_id"":""GOBP_POSITIVE_REGULATION_OF_MYELOID_LEUKOCYTE_DIFFERENTIATION"",""NES"":1.6254831660416198,""FDR"":0.0750094589363496,""leading_edge_n"":7,""qualified"":false}]"
EXP001_vs_primary,I,I084,EXP001,0.5,3,GOBP_POSITIVE_REGULATION_OF_NEUTROPHIL_MIGRATION;GOBP_REGULATION_OF_NEUTROPHIL_CHEMOTAXIS;GOBP_REGULATION_OF_NEUTROPHIL_MIGRATION,0,INACTIVE,"[{""term_id"":""GOBP_POSITIVE_REGULATION_OF_NEUTROPHIL_MIGRATION"",""NES"":-1.0006806912119195,""FDR"":0.5674960667724971,""leading_edge_n"":6,""qualified"":false},{""term_id"":""GOBP_REGULATION_OF_NEUTROPHIL_CHEMOTAXIS"",""NES"":-1.5414036541886582,""FDR"":0.1140229381399478,""leading_edge_n"":7,""qualified"":false},{""term_id"":""GOBP_REGULATION_OF_NEUTROPHIL_MIGRATION"",""NES"":-1.171915982642846,""FDR"":0.34987560631402,""leading_edge_n"":8,""qualified"":false}]"
EXP001_vs_primary,I,I084,primary,0.5,3,GOBP_POSITIVE_REGULATION_OF_NEUTROPHIL_MIGRATION;GOBP_REGULATION_OF_NEUTROPHIL_CHEMOTAXIS;GOBP_REGULATION_OF_NEUTROPHIL_MIGRATION,0,INACTIVE,"[{""term_id"":""GOBP_POSITIVE_REGULATION_OF_NEUTROPHIL_MIGRATION"",""NES"":0.9376619279078658,""FDR"":0.7085476804772153,""leading_edge_n"":3,""qualified"":false},{""term_id"":""GOBP_REGULATION_OF_NEUTROPHIL_CHEMOTAXIS"",""NES"":-0.8196325212902358,""FDR"":0.9310814831290772,""leading_edge_n"":7,""qualified"":false},{""term_id"":""GOBP_REGULATION_OF_NEUTROPHIL_MIGRATION"",""NES"":-0.8120464651144281,""FDR"":0.9391036188771216,""leading_edge_n"":9,""qualified"":false}]"
EXP001_vs_primary,I,I085,EXP001,0.5,1,GOBP_POSITIVE_REGULATION_OF_RESPONSE_TO_CYTOKINE_STIMULUS,0,INACTIVE,"[{""term_id"":""GOBP_POSITIVE_REGULATION_OF_RESPONSE_TO_CYTOKINE_STIMULUS"",""NES"":-0.8788633328614897,""FDR"":0.7608997595751748,""leading_edge_n"":17,""qualified"":false}]"
EXP001_vs_primary,I,I085,primary,0.5,1,GOBP_POSITIVE_REGULATION_OF_RESPONSE_TO_CYTOKINE_STIMULUS,0,INACTIVE,"[{""term_id"":""GOBP_POSITIVE_REGULATION_OF_RESPONSE_TO_CYTOKINE_STIMULUS"",""NES"":-1.0271645874725015,""FDR"":0.6909319018180856,""leading_edge_n"":8,""qualified"":false}]"
EXP001_vs_primary,I,I086,EXP001,0.5,2,GOBP_POSITIVE_REGULATION_OF_TUMOR_NECROSIS_FACTOR_SUPERFAMILY_CYTOKINE_PRODUCTION;GOBP_TUMOR_NECROSIS_FACTOR_SUPERFAMILY_CYTOKINE_PRODUCTION,0,INACTIVE,"[{""term_id"":""GOBP_POSITIVE_REGULATION_OF_TUMOR_NECROSIS_FACTOR_SUPERFAMILY_CYTOKINE_PRODUCTION"",""NES"":-1.0177616950020296,""FDR"":0.5412242394923436,""leading_edge_n"":15,""qualified"":false},{""term_id"":""GOBP_TUMOR_NECROSIS_FACTOR_SUPERFAMILY_CYTOKINE_PRODUCTION"",""NES"":-1.16804445912791,""FDR"":0.3544822815915409,""leading_edge_n"":28,""qualified"":false}]"
EXP001_vs_primary,I,I086,primary,0.5,2,GOBP_POSITIVE_REGULATION_OF_TUMOR_NECROSIS_FACTOR_SUPERFAMILY_CYTOKINE_PRODUCTION;GOBP_TUMOR_NECROSIS_FACTOR_SUPERFAMILY_CYTOKINE_PRODUCTION,0,INACTIVE,"[{""term_id"":""GOBP_POSITIVE_REGULATION_OF_TUMOR_NECROSIS_FACTOR_SUPERFAMILY_CYTOKINE_PRODUCTION"",""NES"":1.2259866097116758,""FDR"":0.3190911727913997,""leading_edge_n"":30,""qualified"":false},{""term_id"":""GOBP_TUMOR_NECROSIS_FACTOR_SUPERFAMILY_CYTOKINE_PRODUCTION"",""NES"":1.1645701682710223,""FDR"":0.3819129882112596,""leading_edge_n"":43,""qualified"":false}]"
EXP001_vs_primary,I,I087,EXP001,0.5,2,GOBP_POSITIVE_REGULATION_OF_TYPE_II_INTERFERON_PRODUCTION;GOBP_TYPE_II_INTERFERON_PRODUCTION,0,INACTIVE,"[{""term_id"":""GOBP_POSITIVE_REGULATION_OF_TYPE_II_INTERFERON_PRODUCTION"",""NES"":1.116363997606922,""FDR"":0.4448758559484365,""leading_edge_n"":24,""qualified"":false},{""term_id"":""GOBP_TYPE_II_INTERFERON_PRODUCTION"",""NES"":0.9825405451766924,""FDR"":0.6354582221173358,""leading_edge_n"":32,""qualified"":false}]"
EXP001_vs_primary,I,I087,primary,0.5,2,GOBP_POSITIVE_REGULATION_OF_TYPE_II_INTERFERON_PRODUCTION;GOBP_TYPE_II_INTERFERON_PRODUCTION,0,INACTIVE,"[{""term_id"":""GOBP_POSITIVE_REGULATION_OF_TYPE_II_INTERFERON_PRODUCTION"",""NES"":1.1203953479660351,""FDR"":0.4384144377923474,""leading_edge_n"":27,""qualified"":false},{""term_id"":""GOBP_TYPE_II_INTERFERON_PRODUCTION"",""NES"":1.0780494252376256,""FDR"":0.4958037350960055,""leading_edge_n"":34,""qualified"":false}]"
EXP001_vs_primary,I,I088,EXP001,0.5,1,GOBP_POSITIVE_REGULATION_OF_TYPE_I_INTERFERON_MEDIATED_SIGNALING_PATHWAY,0,INACTIVE,"[{""term_id"":""GOBP_POSITIVE_REGULATION_OF_TYPE_I_INTERFERON_MEDIATED_SIGNALING_PATHWAY"",""NES"":-1.2632091462035953,""FDR"":0.2709158261450471,""leading_edge_n"":6,""qualified"":false}]"
EXP001_vs_primary,I,I088,primary,0.5,1,GOBP_POSITIVE_REGULATION_OF_TYPE_I_INTERFERON_MEDIATED_SIGNALING_PATHWAY,0,INACTIVE,"[{""term_id"":""GOBP_POSITIVE_REGULATION_OF_TYPE_I_INTERFERON_MEDIATED_SIGNALING_PATHWAY"",""NES"":0.486604883604767,""FDR"":0.9980254283056228,""leading_edge_n"":4,""qualified"":false}]"
EXP001_vs_primary,I,I089,EXP001,0.5,2,GOBP_POSITIVE_REGULATION_OF_T_CELL_CYTOKINE_PRODUCTION;GOBP_T_CELL_CYTOKINE_PRODUCTION,0,INACTIVE,"[{""term_id"":""GOBP_POSITIVE_REGULATION_OF_T_CELL_CYTOKINE_PRODUCTION"",""NES"":0.8275939386117801,""FDR"":0.8506653279016394,""leading_edge_n"":5,""qualified"":false},{""term_id"":""GOBP_T_CELL_CYTOKINE_PRODUCTION"",""NES"":0.7583287265391856,""FDR"":0.9108471551364088,""leading_edge_n"":5,""qualified"":false}]"
EXP001_vs_primary,I,I089,primary,0.5,2,GOBP_POSITIVE_REGULATION_OF_T_CELL_CYTOKINE_PRODUCTION;GOBP_T_CELL_CYTOKINE_PRODUCTION,0,INACTIVE,"[{""term_id"":""GOBP_POSITIVE_REGULATION_OF_T_CELL_CYTOKINE_PRODUCTION"",""NES"":1.1196673563891686,""FDR"":0.4391171856224892,""leading_edge_n"":7,""qualified"":false},{""term_id"":""GOBP_T_CELL_CYTOKINE_PRODUCTION"",""NES"":1.0253928433969348,""FDR"":0.5732114847877672,""leading_edge_n"":8,""qualified"":false}]"
EXP001_vs_primary,I,I090,EXP001,0.5,1,GOBP_PYROPTOTIC_INFLAMMATORY_RESPONSE,0,INACTIVE,"[{""term_id"":""GOBP_PYROPTOTIC_INFLAMMATORY_RESPONSE"",""NES"":0.7910466327429179,""FDR"":0.8873733953803717,""leading_edge_n"":8,""qualified"":false}]"
EXP001_vs_primary,I,I090,primary,0.5,1,GOBP_PYROPTOTIC_INFLAMMATORY_RESPONSE,0,INACTIVE,"[{""term_id"":""GOBP_PYROPTOTIC_INFLAMMATORY_RESPONSE"",""NES"":1.1902076114641629,""FDR"":0.3549381276016394,""leading_edge_n"":10,""qualified"":false}]"
EXP001_vs_primary,I,I091,EXP001,0.5,1,GOBP_REGULATION_OF_ACUTE_INFLAMMATORY_RESPONSE,0,INACTIVE,"[{""term_id"":""GOBP_REGULATION_OF_ACUTE_INFLAMMATORY_RESPONSE"",""NES"":0.9710176754423012,""FDR"":0.6507140947909507,""leading_edge_n"":5,""qualified"":false}]"
EXP001_vs_primary,I,I091,primary,0.5,1,GOBP_REGULATION_OF_ACUTE_INFLAMMATORY_RESPONSE,0,INACTIVE,"[{""term_id"":""GOBP_REGULATION_OF_ACUTE_INFLAMMATORY_RESPONSE"",""NES"":0.9971897947794268,""FDR"":0.6148381277614962,""leading_edge_n"":4,""qualified"":false}]"
EXP001_vs_primary,I,I092,EXP001,0.5,1,GOBP_REGULATION_OF_HUMORAL_IMMUNE_RESPONSE,0,INACTIVE,"[{""term_id"":""GOBP_REGULATION_OF_HUMORAL_IMMUNE_RESPONSE"",""NES"":-1.3149014898040314,""FDR"":0.2311322611816301,""leading_edge_n"":5,""qualified"":false}]"
EXP001_vs_primary,I,I092,primary,0.5,1,GOBP_REGULATION_OF_HUMORAL_IMMUNE_RESPONSE,0,INACTIVE,"[{""term_id"":""GOBP_REGULATION_OF_HUMORAL_IMMUNE_RESPONSE"",""NES"":0.8692132233624622,""FDR"":0.8066362365754819,""leading_edge_n"":3,""qualified"":false}]"
EXP001_vs_primary,I,I093,EXP001,0.5,1,GOBP_REGULATION_OF_INFLAMMATORY_RESPONSE,0,INACTIVE,"[{""term_id"":""GOBP_REGULATION_OF_INFLAMMATORY_RESPONSE"",""NES"":-1.2784428006002622,""FDR"":0.2577580917942562,""leading_edge_n"":72,""qualified"":false}]"
EXP001_vs_primary,I,I093,primary,0.5,1,GOBP_REGULATION_OF_INFLAMMATORY_RESPONSE,0,INACTIVE,"[{""term_id"":""GOBP_REGULATION_OF_INFLAMMATORY_RESPONSE"",""NES"":1.33457786459396,""FDR"":0.2238047569535079,""leading_edge_n"":76,""qualified"":false}]"
EXP001_vs_primary,I,I094,EXP001,0.5,1,GOBP_REGULATION_OF_LEUKOCYTE_DIFFERENTIATION,0,INACTIVE,"[{""term_id"":""GOBP_REGULATION_OF_LEUKOCYTE_DIFFERENTIATION"",""NES"":-1.0430504296173009,""FDR"":0.5049858387120025,""leading_edge_n"":50,""qualified"":false}]"
EXP001_vs_primary,I,I094,primary,0.5,1,GOBP_REGULATION_OF_LEUKOCYTE_DIFFERENTIATION,0,INACTIVE,"[{""term_id"":""GOBP_REGULATION_OF_LEUKOCYTE_DIFFERENTIATION"",""NES"":1.5546405881804892,""FDR"":0.1002752066138763,""leading_edge_n"":81,""qualified"":false}]"
EXP001_vs_primary,I,I095,EXP001,0.5,1,GOBP_REGULATION_OF_MACROPHAGE_DERIVED_FOAM_CELL_DIFFERENTIATION,0,INACTIVE,"[{""term_id"":""GOBP_REGULATION_OF_MACROPHAGE_DERIVED_FOAM_CELL_DIFFERENTIATION"",""NES"":-1.2472545971134652,""FDR"":0.2814287417773106,""leading_edge_n"":9,""qualified"":false}]"
EXP001_vs_primary,I,I095,primary,0.5,1,GOBP_REGULATION_OF_MACROPHAGE_DERIVED_FOAM_CELL_DIFFERENTIATION,0,INACTIVE,"[{""term_id"":""GOBP_REGULATION_OF_MACROPHAGE_DERIVED_FOAM_CELL_DIFFERENTIATION"",""NES"":-1.6621332828952724,""FDR"":0.1286055377420669,""leading_edge_n"":4,""qualified"":false}]"
EXP001_vs_primary,I,I096,EXP001,0.5,1,GOBP_REGULATION_OF_MACROPHAGE_DIFFERENTIATION,0,INACTIVE,"[{""term_id"":""GOBP_REGULATION_OF_MACROPHAGE_DIFFERENTIATION"",""NES"":-0.7519661097826824,""FDR"":0.912398651492522,""leading_edge_n"":5,""qualified"":false}]"
EXP001_vs_primary,I,I096,primary,0.5,1,GOBP_REGULATION_OF_MACROPHAGE_DIFFERENTIATION,1,POSITIVE,"[{""term_id"":""GOBP_REGULATION_OF_MACROPHAGE_DIFFERENTIATION"",""NES"":1.948686216740416,""FDR"":0.0143483608597714,""leading_edge_n"":7,""qualified"":true}]"
EXP001_vs_primary,I,I097,EXP001,0.5,1,GOBP_REGULATION_OF_MYELOID_LEUKOCYTE_DIFFERENTIATION,0,INACTIVE,"[{""term_id"":""GOBP_REGULATION_OF_MYELOID_LEUKOCYTE_DIFFERENTIATION"",""NES"":-1.1954449445184474,""FDR"":0.3316518974935381,""leading_edge_n"":22,""qualified"":false}]"
EXP001_vs_primary,I,I097,primary,0.5,1,GOBP_REGULATION_OF_MYELOID_LEUKOCYTE_DIFFERENTIATION,1,POSITIVE,"[{""term_id"":""GOBP_REGULATION_OF_MYELOID_LEUKOCYTE_DIFFERENTIATION"",""NES"":1.7333820570662746,""FDR"":0.0453315120277281,""leading_edge_n"":15,""qualified"":true}]"
EXP001_vs_primary,I,I098,EXP001,0.5,1,GOBP_REGULATION_OF_TOLL_LIKE_RECEPTOR_4_SIGNALING_PATHWAY,0,INACTIVE,"[{""term_id"":""GOBP_REGULATION_OF_TOLL_LIKE_RECEPTOR_4_SIGNALING_PATHWAY"",""NES"":-0.9696540328330268,""FDR"":0.6151309674676334,""leading_edge_n"":7,""qualified"":false}]"
EXP001_vs_primary,I,I098,primary,0.5,1,GOBP_REGULATION_OF_TOLL_LIKE_RECEPTOR_4_SIGNALING_PATHWAY,0,INACTIVE,"[{""term_id"":""GOBP_REGULATION_OF_TOLL_LIKE_RECEPTOR_4_SIGNALING_PATHWAY"",""NES"":-0.7859588647376288,""FDR"":0.957370171461067,""leading_edge_n"":7,""qualified"":false}]"
EXP001_vs_primary,I,I099,EXP001,0.5,1,GOBP_REGULATION_OF_TOLL_LIKE_RECEPTOR_SIGNALING_PATHWAY,0,INACTIVE,"[{""term_id"":""GOBP_REGULATION_OF_TOLL_LIKE_RECEPTOR_SIGNALING_PATHWAY"",""NES"":0.5679447178101389,""FDR"":0.9924623273836912,""leading_edge_n"":4,""qualified"":false}]"
EXP001_vs_primary,I,I099,primary,0.5,1,GOBP_REGULATION_OF_TOLL_LIKE_RECEPTOR_SIGNALING_PATHWAY,0,INACTIVE,"[{""term_id"":""GOBP_REGULATION_OF_TOLL_LIKE_RECEPTOR_SIGNALING_PATHWAY"",""NES"":1.0640898302752078,""FDR"":0.5166211611015576,""leading_edge_n"":9,""qualified"":false}]"
EXP001_vs_primary,I,I100,EXP001,0.5,2,GOBP_REGULATION_OF_TYPE_2_IMMUNE_RESPONSE;GOBP_TYPE_2_IMMUNE_RESPONSE,0,INACTIVE,"[{""term_id"":""GOBP_REGULATION_OF_TYPE_2_IMMUNE_RESPONSE"",""NES"":-1.0425678356169965,""FDR"":0.5055552259776719,""leading_edge_n"":7,""qualified"":false},{""term_id"":""GOBP_TYPE_2_IMMUNE_RESPONSE"",""NES"":-0.8332411906415121,""FDR"":0.8257079206096736,""leading_edge_n"":4,""qualified"":false}]"
EXP001_vs_primary,I,I100,primary,0.5,2,GOBP_REGULATION_OF_TYPE_2_IMMUNE_RESPONSE;GOBP_TYPE_2_IMMUNE_RESPONSE,0,INACTIVE,"[{""term_id"":""GOBP_REGULATION_OF_TYPE_2_IMMUNE_RESPONSE"",""NES"":1.2492824880992672,""FDR"":0.2970233657899657,""leading_edge_n"":6,""qualified"":false},{""term_id"":""GOBP_TYPE_2_IMMUNE_RESPONSE"",""NES"":1.4636488493708526,""FDR"":0.1435890553781926,""leading_edge_n"":10,""qualified"":false}]"
EXP001_vs_primary,I,I101,EXP001,0.5,1,GOBP_REGULATION_OF_T_HELPER_17_TYPE_IMMUNE_RESPONSE,0,INACTIVE,"[{""term_id"":""GOBP_REGULATION_OF_T_HELPER_17_TYPE_IMMUNE_RESPONSE"",""NES"":0.6851733095493568,""FDR"":0.9590934588297242,""leading_edge_n"":2,""qualified"":false}]"
EXP001_vs_primary,I,I101,primary,0.5,1,GOBP_REGULATION_OF_T_HELPER_17_TYPE_IMMUNE_RESPONSE,0,INACTIVE,"[{""term_id"":""GOBP_REGULATION_OF_T_HELPER_17_TYPE_IMMUNE_RESPONSE"",""NES"":1.6441225197684854,""FDR"":0.0687567071180246,""leading_edge_n"":16,""qualified"":false}]"
EXP001_vs_primary,I,I102,EXP001,0.5,2,GOBP_REGULATION_OF_T_HELPER_1_TYPE_IMMUNE_RESPONSE;GOBP_T_HELPER_1_TYPE_IMMUNE_RESPONSE,0,INACTIVE,"[{""term_id"":""GOBP_REGULATION_OF_T_HELPER_1_TYPE_IMMUNE_RESPONSE"",""NES"":0.954266389540944,""FDR"":0.6740402632106816,""leading_edge_n"":5,""qualified"":false},{""term_id"":""GOBP_T_HELPER_1_TYPE_IMMUNE_RESPONSE"",""NES"":1.093581646450753,""FDR"":0.4765756021201724,""leading_edge_n"":18,""qualified"":false}]"
EXP001_vs_primary,I,I102,primary,0.5,2,GOBP_REGULATION_OF_T_HELPER_1_TYPE_IMMUNE_RESPONSE;GOBP_T_HELPER_1_TYPE_IMMUNE_RESPONSE,0,INACTIVE,"[{""term_id"":""GOBP_REGULATION_OF_T_HELPER_1_TYPE_IMMUNE_RESPONSE"",""NES"":1.3073569926859008,""FDR"":0.2435858188939436,""leading_edge_n"":5,""qualified"":false},{""term_id"":""GOBP_T_HELPER_1_TYPE_IMMUNE_RESPONSE"",""NES"":1.5019526778793624,""FDR"":0.1227649219745997,""leading_edge_n"":21,""qualified"":false}]"
EXP001_vs_primary,I,I103,EXP001,0.5,1,GOBP_RESPONSE_TO_INTERFERON_ALPHA,0,INACTIVE,"[{""term_id"":""GOBP_RESPONSE_TO_INTERFERON_ALPHA"",""NES"":1.2335063508559088,""FDR"":0.300353795903185,""leading_edge_n"":4,""qualified"":false}]"
EXP001_vs_primary,I,I103,primary,0.5,1,GOBP_RESPONSE_TO_INTERFERON_ALPHA,1,POSITIVE,"[{""term_id"":""GOBP_RESPONSE_TO_INTERFERON_ALPHA"",""NES"":2.029331643579725,""FDR"":0.0082357303632209,""leading_edge_n"":10,""qualified"":true}]"
EXP001_vs_primary,I,I104,EXP001,0.5,1,GOBP_RESPONSE_TO_INTERLEUKIN_17,0,INACTIVE,"[{""term_id"":""GOBP_RESPONSE_TO_INTERLEUKIN_17"",""NES"":-0.8857129490414913,""FDR"":0.750267043844752,""leading_edge_n"":5,""qualified"":false}]"
EXP001_vs_primary,I,I104,primary,0.5,1,GOBP_RESPONSE_TO_INTERLEUKIN_17,1,POSITIVE,"[{""term_id"":""GOBP_RESPONSE_TO_INTERLEUKIN_17"",""NES"":1.864539524285663,""FDR"":0.0224160163583831,""leading_edge_n"":6,""qualified"":true}]"
EXP001_vs_primary,I,I105,EXP001,0.5,1,GOBP_RESPONSE_TO_INTERLEUKIN_4,0,INACTIVE,"[{""term_id"":""GOBP_RESPONSE_TO_INTERLEUKIN_4"",""NES"":1.291938175305657,""FDR"":0.2391103853359522,""leading_edge_n"":6,""qualified"":false}]"
EXP001_vs_primary,I,I105,primary,0.5,1,GOBP_RESPONSE_TO_INTERLEUKIN_4,0,INACTIVE,"[{""term_id"":""GOBP_RESPONSE_TO_INTERLEUKIN_4"",""NES"":-1.1960788417695916,""FDR"":0.520952454837513,""leading_edge_n"":7,""qualified"":false}]"
EXP001_vs_primary,I,I106,EXP001,0.5,1,GOBP_RESPONSE_TO_INTERLEUKIN_7,0,INACTIVE,"[{""term_id"":""GOBP_RESPONSE_TO_INTERLEUKIN_7"",""NES"":0.8577574379222787,""FDR"":0.8169445460590904,""leading_edge_n"":6,""qualified"":false}]"
EXP001_vs_primary,I,I106,primary,0.5,1,GOBP_RESPONSE_TO_INTERLEUKIN_7,0,INACTIVE,"[{""term_id"":""GOBP_RESPONSE_TO_INTERLEUKIN_7"",""NES"":1.3618781323844964,""FDR"":0.2042299761678859,""leading_edge_n"":5,""qualified"":false}]"
EXP001_vs_primary,I,I107,EXP001,0.5,1,GOBP_SOMATIC_DIVERSIFICATION_OF_IMMUNE_RECEPTORS_VIA_SOMATIC_MUTATION,1,POSITIVE,"[{""term_id"":""GOBP_SOMATIC_DIVERSIFICATION_OF_IMMUNE_RECEPTORS_VIA_SOMATIC_MUTATION"",""NES"":1.6354371647770647,""FDR"":0.0320517172069333,""leading_edge_n"":6,""qualified"":true}]"
EXP001_vs_primary,I,I107,primary,0.5,1,GOBP_SOMATIC_DIVERSIFICATION_OF_IMMUNE_RECEPTORS_VIA_SOMATIC_MUTATION,0,INACTIVE,"[{""term_id"":""GOBP_SOMATIC_DIVERSIFICATION_OF_IMMUNE_RECEPTORS_VIA_SOMATIC_MUTATION"",""NES"":-1.1626302967808626,""FDR"":0.5579136707631746,""leading_edge_n"":6,""qualified"":false}]"
EXP001_vs_primary,I,I108,EXP001,0.5,1,GOBP_TOLL_LIKE_RECEPTOR_SIGNALING_PATHWAY,0,INACTIVE,"[{""term_id"":""GOBP_TOLL_LIKE_RECEPTOR_SIGNALING_PATHWAY"",""NES"":0.9303083430833248,""FDR"":0.7094236515411873,""leading_edge_n"":18,""qualified"":false}]"
EXP001_vs_primary,I,I108,primary,0.5,1,GOBP_TOLL_LIKE_RECEPTOR_SIGNALING_PATHWAY,0,INACTIVE,"[{""term_id"":""GOBP_TOLL_LIKE_RECEPTOR_SIGNALING_PATHWAY"",""NES"":1.3494774236518876,""FDR"":0.213390227034067,""leading_edge_n"":24,""qualified"":false}]"
EXP001_vs_primary,I,I109,EXP001,0.5,1,GOBP_TYPE_II_INTERFERON_MEDIATED_SIGNALING_PATHWAY,0,INACTIVE,"[{""term_id"":""GOBP_TYPE_II_INTERFERON_MEDIATED_SIGNALING_PATHWAY"",""NES"":-0.6508526662722829,""FDR"":0.9694219243186802,""leading_edge_n"":5,""qualified"":false}]"
EXP001_vs_primary,I,I109,primary,0.5,1,GOBP_TYPE_II_INTERFERON_MEDIATED_SIGNALING_PATHWAY,0,INACTIVE,"[{""term_id"":""GOBP_TYPE_II_INTERFERON_MEDIATED_SIGNALING_PATHWAY"",""NES"":1.0424844423251007,""FDR"":0.5477127641948839,""leading_edge_n"":8,""qualified"":false}]"
EXP001_vs_primary,I,I110,EXP001,0.5,1,GOBP_T_HELPER_17_TYPE_IMMUNE_RESPONSE,0,INACTIVE,"[{""term_id"":""GOBP_T_HELPER_17_TYPE_IMMUNE_RESPONSE"",""NES"":-0.9592233822080076,""FDR"":0.6300426673908953,""leading_edge_n"":12,""qualified"":false}]"
EXP001_vs_primary,I,I110,primary,0.5,1,GOBP_T_HELPER_17_TYPE_IMMUNE_RESPONSE,1,POSITIVE,"[{""term_id"":""GOBP_T_HELPER_17_TYPE_IMMUNE_RESPONSE"",""NES"":1.9168353529146125,""FDR"":0.0176005349909253,""leading_edge_n"":34,""qualified"":true}]"
EXP001_vs_primary,I,I111,EXP001,0.5,1,HALLMARK_ALLOGRAFT_REJECTION,0,INACTIVE,"[{""term_id"":""HALLMARK_ALLOGRAFT_REJECTION"",""NES"":1.0464891146232953,""FDR"":0.5422791963963972,""leading_edge_n"":34,""qualified"":false}]"
EXP001_vs_primary,I,I111,primary,0.5,1,HALLMARK_ALLOGRAFT_REJECTION,1,POSITIVE,"[{""term_id"":""HALLMARK_ALLOGRAFT_REJECTION"",""NES"":1.7434754922204092,""FDR"":0.0434923935893312,""leading_edge_n"":41,""qualified"":true}]"
EXP001_vs_primary,I,I112,EXP001,0.5,1,HALLMARK_COMPLEMENT,0,INACTIVE,"[{""term_id"":""HALLMARK_COMPLEMENT"",""NES"":-1.260027952883175,""FDR"":0.2731164544471165,""leading_edge_n"":44,""qualified"":false}]"
EXP001_vs_primary,I,I112,primary,0.5,1,HALLMARK_COMPLEMENT,0,INACTIVE,"[{""term_id"":""HALLMARK_COMPLEMENT"",""NES"":1.2235779392632808,""FDR"":0.3208679093142805,""leading_edge_n"":37,""qualified"":false}]"
EXP001_vs_primary,I,I113,EXP001,0.5,1,HALLMARK_IL2_STAT5_SIGNALING,0,INACTIVE,"[{""term_id"":""HALLMARK_IL2_STAT5_SIGNALING"",""NES"":1.32704023505153,""FDR"":0.2045696932719972,""leading_edge_n"":37,""qualified"":false}]"
EXP001_vs_primary,I,I113,primary,0.5,1,HALLMARK_IL2_STAT5_SIGNALING,0,INACTIVE,"[{""term_id"":""HALLMARK_IL2_STAT5_SIGNALING"",""NES"":1.6239880394737496,""FDR"":0.0751388070067848,""leading_edge_n"":34,""qualified"":false}]"
EXP001_vs_primary,I,I114,EXP001,0.5,1,HALLMARK_IL6_JAK_STAT3_SIGNALING,0,INACTIVE,"[{""term_id"":""HALLMARK_IL6_JAK_STAT3_SIGNALING"",""NES"":1.1960700897059,""FDR"":0.3408672436436289,""leading_edge_n"":18,""qualified"":false}]"
EXP001_vs_primary,I,I114,primary,0.5,1,HALLMARK_IL6_JAK_STAT3_SIGNALING,1,POSITIVE,"[{""term_id"":""HALLMARK_IL6_JAK_STAT3_SIGNALING"",""NES"":1.7893621649248577,""FDR"":0.0346482465675773,""leading_edge_n"":27,""qualified"":true}]"
EXP001_vs_primary,I,I115,EXP001,0.5,1,HALLMARK_INFLAMMATORY_RESPONSE,0,INACTIVE,"[{""term_id"":""HALLMARK_INFLAMMATORY_RESPONSE"",""NES"":1.359436488819172,""FDR"":0.1762763711577287,""leading_edge_n"":31,""qualified"":false}]"
EXP001_vs_primary,I,I115,primary,0.5,1,HALLMARK_INFLAMMATORY_RESPONSE,1,POSITIVE,"[{""term_id"":""HALLMARK_INFLAMMATORY_RESPONSE"",""NES"":2.0832142130459093,""FDR"":0.0056011117776023,""leading_edge_n"":45,""qualified"":true}]"
EXP001_vs_primary,I,I116,EXP001,0.5,1,HALLMARK_INTERFERON_ALPHA_RESPONSE,0,INACTIVE,"[{""term_id"":""HALLMARK_INTERFERON_ALPHA_RESPONSE"",""NES"":-0.8502009199061445,""FDR"":0.8017197680698256,""leading_edge_n"":33,""qualified"":false}]"
EXP001_vs_primary,I,I116,primary,0.5,1,HALLMARK_INTERFERON_ALPHA_RESPONSE,1,POSITIVE,"[{""term_id"":""HALLMARK_INTERFERON_ALPHA_RESPONSE"",""NES"":1.9155802179697283,""FDR"":0.0173818620765855,""leading_edge_n"":48,""qualified"":true}]"
EXP001_vs_primary,I,I117,EXP001,0.5,1,HALLMARK_INTERFERON_GAMMA_RESPONSE,0,INACTIVE,"[{""term_id"":""HALLMARK_INTERFERON_GAMMA_RESPONSE"",""NES"":-1.0262645071416,""FDR"":0.5279274953267541,""leading_edge_n"":34,""qualified"":false}]"
EXP001_vs_primary,I,I117,primary,0.5,1,HALLMARK_INTERFERON_GAMMA_RESPONSE,1,POSITIVE,"[{""term_id"":""HALLMARK_INTERFERON_GAMMA_RESPONSE"",""NES"":2.3092242493680426,""FDR"":0.0,""leading_edge_n"":87,""qualified"":true}]"
EXP001_vs_primary,I,I118,EXP001,0.5,1,HALLMARK_TNFA_SIGNALING_VIA_NFKB,0,INACTIVE,"[{""term_id"":""HALLMARK_TNFA_SIGNALING_VIA_NFKB"",""NES"":-1.310947273645024,""FDR"":0.2325542759187981,""leading_edge_n"":63,""qualified"":false}]"
EXP001_vs_primary,I,I118,primary,0.5,1,HALLMARK_TNFA_SIGNALING_VIA_NFKB,1,POSITIVE,"[{""term_id"":""HALLMARK_TNFA_SIGNALING_VIA_NFKB"",""NES"":2.9067877803281443,""FDR"":0.0,""leading_edge_n"":77,""qualified"":true}]"
EXP001_vs_primary,I,I119,EXP001,0.5,1,REACTOME_ADORA2B_MEDIATED_ANTI_INFLAMMATORY_CYTOKINES_PRODUCTION,0,INACTIVE,"[{""term_id"":""REACTOME_ADORA2B_MEDIATED_ANTI_INFLAMMATORY_CYTOKINES_PRODUCTION"",""NES"":0.863587418643777,""FDR"":0.808114684346159,""leading_edge_n"":8,""qualified"":false}]"
EXP001_vs_primary,I,I119,primary,0.5,1,REACTOME_ADORA2B_MEDIATED_ANTI_INFLAMMATORY_CYTOKINES_PRODUCTION,0,INACTIVE,"[{""term_id"":""REACTOME_ADORA2B_MEDIATED_ANTI_INFLAMMATORY_CYTOKINES_PRODUCTION"",""NES"":-0.7167941545100021,""FDR"":0.9924574764045284,""leading_edge_n"":13,""qualified"":false}]"
EXP001_vs_primary,I,I120,EXP001,0.5,1,REACTOME_ANTI_INFLAMMATORY_RESPONSE_FAVOURING_LEISHMANIA_PARASITE_INFECTION,0,INACTIVE,"[{""term_id"":""REACTOME_ANTI_INFLAMMATORY_RESPONSE_FAVOURING_LEISHMANIA_PARASITE_INFECTION"",""NES"":1.0349808610767284,""FDR"":0.5590334844674173,""leading_edge_n"":13,""qualified"":false}]"
EXP001_vs_primary,I,I120,primary,0.5,1,REACTOME_ANTI_INFLAMMATORY_RESPONSE_FAVOURING_LEISHMANIA_PARASITE_INFECTION,0,INACTIVE,"[{""term_id"":""REACTOME_ANTI_INFLAMMATORY_RESPONSE_FAVOURING_LEISHMANIA_PARASITE_INFECTION"",""NES"":0.9014508660510416,""FDR"":0.763375215365681,""leading_edge_n"":18,""qualified"":false}]"
EXP001_vs_primary,I,I121,EXP001,0.5,1,REACTOME_DDX58_IFIH1_MEDIATED_INDUCTION_OF_INTERFERON_ALPHA_BETA,0,INACTIVE,"[{""term_id"":""REACTOME_DDX58_IFIH1_MEDIATED_INDUCTION_OF_INTERFERON_ALPHA_BETA"",""NES"":0.8200981386104824,""FDR"":0.858229563245866,""leading_edge_n"":16,""qualified"":false}]"
EXP001_vs_primary,I,I121,primary,0.5,1,REACTOME_DDX58_IFIH1_MEDIATED_INDUCTION_OF_INTERFERON_ALPHA_BETA,0,INACTIVE,"[{""term_id"":""REACTOME_DDX58_IFIH1_MEDIATED_INDUCTION_OF_INTERFERON_ALPHA_BETA"",""NES"":0.9300418848976296,""FDR"":0.7215018450448597,""leading_edge_n"":24,""qualified"":false}]"
EXP001_vs_primary,I,I122,EXP001,0.5,1,REACTOME_DENGUE_VIRUS_ACTIVATES_MODULATES_INNATE_AND_ADAPTIVE_IMMUNE_RESPONSES,0,INACTIVE,"[{""term_id"":""REACTOME_DENGUE_VIRUS_ACTIVATES_MODULATES_INNATE_AND_ADAPTIVE_IMMUNE_RESPONSES"",""NES"":-0.7371140901684543,""FDR"":0.9232849378520606,""leading_edge_n"":3,""qualified"":false}]"
EXP001_vs_primary,I,I122,primary,0.5,1,REACTOME_DENGUE_VIRUS_ACTIVATES_MODULATES_INNATE_AND_ADAPTIVE_IMMUNE_RESPONSES,0,INACTIVE,"[{""term_id"":""REACTOME_DENGUE_VIRUS_ACTIVATES_MODULATES_INNATE_AND_ADAPTIVE_IMMUNE_RESPONSES"",""NES"":1.3063210200505588,""FDR"":0.2442175286793338,""leading_edge_n"":12,""qualified"":false}]"
EXP001_vs_primary,I,I123,EXP001,0.5,1,REACTOME_DISEASES_OF_IMMUNE_SYSTEM,0,INACTIVE,"[{""term_id"":""REACTOME_DISEASES_OF_IMMUNE_SYSTEM"",""NES"":0.9010411370261796,""FDR"":0.753055836891724,""leading_edge_n"":2,""qualified"":false}]"
EXP001_vs_primary,I,I123,primary,0.5,1,REACTOME_DISEASES_OF_IMMUNE_SYSTEM,0,INACTIVE,"[{""term_id"":""REACTOME_DISEASES_OF_IMMUNE_SYSTEM"",""NES"":1.2744012546755608,""FDR"":0.2712417599984181,""leading_edge_n"":14,""qualified"":false}]"
EXP001_vs_primary,I,I124,EXP001,0.5,1,REACTOME_EVASION_BY_RSV_OF_HOST_INTERFERON_RESPONSES,0,INACTIVE,"[{""term_id"":""REACTOME_EVASION_BY_RSV_OF_HOST_INTERFERON_RESPONSES"",""NES"":0.6523341510884245,""FDR"":0.973563967899164,""leading_edge_n"":8,""qualified"":false}]"
EXP001_vs_primary,I,I124,primary,0.5,1,REACTOME_EVASION_BY_RSV_OF_HOST_INTERFERON_RESPONSES,0,INACTIVE,"[{""term_id"":""REACTOME_EVASION_BY_RSV_OF_HOST_INTERFERON_RESPONSES"",""NES"":1.4440721737448732,""FDR"":0.1543113170071244,""leading_edge_n"":10,""qualified"":false}]"
EXP001_vs_primary,I,I125,EXP001,0.5,3,REACTOME_GENE_AND_PROTEIN_EXPRESSION_BY_JAK_STAT_SIGNALING_AFTER_INTERLEUKIN_12_STIMULATION;REACTOME_INTERLEUKIN_12_FAMILY_SIGNALING;REACTOME_INTERLEUKIN_12_SIGNALING,2,POSITIVE,"[{""term_id"":""REACTOME_GENE_AND_PROTEIN_EXPRESSION_BY_JAK_STAT_SIGNALING_AFTER_INTERLEUKIN_12_STIMULATION"",""NES"":1.8497170903601687,""FDR"":0.0035943134762032,""leading_edge_n"":15,""qualified"":true},{""term_id"":""REACTOME_INTERLEUKIN_12_FAMILY_SIGNALING"",""NES"":1.4190844614966474,""FDR"":0.1304159762840424,""leading_edge_n"":16,""qualified"":false},{""term_id"":""REACTOME_INTERLEUKIN_12_SIGNALING"",""NES"":1.6295233687677817,""FDR"":0.0333236444707022,""leading_edge_n"":15,""qualified"":true}]"
EXP001_vs_primary,I,I125,primary,0.5,3,REACTOME_GENE_AND_PROTEIN_EXPRESSION_BY_JAK_STAT_SIGNALING_AFTER_INTERLEUKIN_12_STIMULATION;REACTOME_INTERLEUKIN_12_FAMILY_SIGNALING;REACTOME_INTERLEUKIN_12_SIGNALING,0,INACTIVE,"[{""term_id"":""REACTOME_GENE_AND_PROTEIN_EXPRESSION_BY_JAK_STAT_SIGNALING_AFTER_INTERLEUKIN_12_STIMULATION"",""NES"":1.2656941584957495,""FDR"":0.2790227546940987,""leading_edge_n"":8,""qualified"":false},{""term_id"":""REACTOME_INTERLEUKIN_12_FAMILY_SIGNALING"",""NES"":1.4419414326597986,""FDR"":0.1552173560269787,""leading_edge_n"":14,""qualified"":false},{""term_id"":""REACTOME_INTERLEUKIN_12_SIGNALING"",""NES"":1.213140863039515,""FDR"":0.3305146952209602,""leading_edge_n"":8,""qualified"":false}]"
EXP001_vs_primary,I,I126,EXP001,0.5,1,REACTOME_IMMUNOREGULATORY_INTERACTIONS_BETWEEN_A_LYMPHOID_AND_A_NON_LYMPHOID_CELL,0,INACTIVE,"[{""term_id"":""REACTOME_IMMUNOREGULATORY_INTERACTIONS_BETWEEN_A_LYMPHOID_AND_A_NON_LYMPHOID_CELL"",""NES"":-1.5216069947769653,""FDR"":0.1228532026477966,""leading_edge_n"":16,""qualified"":false}]"
EXP001_vs_primary,I,I126,primary,0.5,1,REACTOME_IMMUNOREGULATORY_INTERACTIONS_BETWEEN_A_LYMPHOID_AND_A_NON_LYMPHOID_CELL,0,INACTIVE,"[{""term_id"":""REACTOME_IMMUNOREGULATORY_INTERACTIONS_BETWEEN_A_LYMPHOID_AND_A_NON_LYMPHOID_CELL"",""NES"":0.7869356690875576,""FDR"":0.905115867447654,""leading_edge_n"":21,""qualified"":false}]"
EXP001_vs_primary,I,I127,EXP001,0.5,1,REACTOME_INFLAMMASOMES,0,INACTIVE,"[{""term_id"":""REACTOME_INFLAMMASOMES"",""NES"":-1.1979286554050104,""FDR"":0.329125516070026,""leading_edge_n"":6,""qualified"":false}]"
EXP001_vs_primary,I,I127,primary,0.5,1,REACTOME_INFLAMMASOMES,1,NEGATIVE,"[{""term_id"":""REACTOME_INFLAMMASOMES"",""NES"":-1.8285691018229655,""FDR"":0.0467801469782869,""leading_edge_n"":7,""qualified"":true}]"
EXP001_vs_primary,I,I128,EXP001,0.5,1,REACTOME_INTERFERON_ALPHA_BETA_SIGNALING,0,INACTIVE,"[{""term_id"":""REACTOME_INTERFERON_ALPHA_BETA_SIGNALING"",""NES"":-1.005005247935985,""FDR"":0.5604622988596206,""leading_edge_n"":23,""qualified"":false}]"
EXP001_vs_primary,I,I128,primary,0.5,1,REACTOME_INTERFERON_ALPHA_BETA_SIGNALING,1,POSITIVE,"[{""term_id"":""REACTOME_INTERFERON_ALPHA_BETA_SIGNALING"",""NES"":2.037707010281552,""FDR"":0.0076092026758911,""leading_edge_n"":33,""qualified"":true}]"
EXP001_vs_primary,I,I129,EXP001,0.5,1,REACTOME_INTERFERON_GAMMA_SIGNALING,0,INACTIVE,"[{""term_id"":""REACTOME_INTERFERON_GAMMA_SIGNALING"",""NES"":-1.1062079658441302,""FDR"":0.420986238790995,""leading_edge_n"":17,""qualified"":false}]"
EXP001_vs_primary,I,I129,primary,0.5,1,REACTOME_INTERFERON_GAMMA_SIGNALING,0,INACTIVE,"[{""term_id"":""REACTOME_INTERFERON_GAMMA_SIGNALING"",""NES"":1.0852258230657614,""FDR"":0.485311188236722,""leading_edge_n"":33,""qualified"":false}]"
EXP001_vs_primary,I,I130,EXP001,0.5,1,REACTOME_INTERFERON_SIGNALING,0,INACTIVE,"[{""term_id"":""REACTOME_INTERFERON_SIGNALING"",""NES"":1.3552909811423657,""FDR"":0.1803682468364418,""leading_edge_n"":78,""qualified"":false}]"
EXP001_vs_primary,I,I130,primary,0.5,1,REACTOME_INTERFERON_SIGNALING,0,INACTIVE,"[{""term_id"":""REACTOME_INTERFERON_SIGNALING"",""NES"":1.6244421320036322,""FDR"":0.0751861780935094,""leading_edge_n"":88,""qualified"":false}]"
EXP001_vs_primary,I,I131,EXP001,0.5,1,REACTOME_INTERLEUKIN_10_SIGNALING,0,INACTIVE,"[{""term_id"":""REACTOME_INTERLEUKIN_10_SIGNALING"",""NES"":1.4581098740873613,""FDR"":0.1036551365209545,""leading_edge_n"":9,""qualified"":false}]"
EXP001_vs_primary,I,I131,primary,0.5,1,REACTOME_INTERLEUKIN_10_SIGNALING,1,POSITIVE,"[{""term_id"":""REACTOME_INTERLEUKIN_10_SIGNALING"",""NES"":2.096489608266962,""FDR"":0.0049548296494174,""leading_edge_n"":10,""qualified"":true}]"
EXP001_vs_primary,I,I132,EXP001,0.5,4,REACTOME_INTERLEUKIN_17_SIGNALING;REACTOME_TOLL_LIKE_RECEPTOR_9_TLR9_CASCADE;REACTOME_TOLL_LIKE_RECEPTOR_CASCADES;REACTOME_TOLL_LIKE_RECEPTOR_TLR1_TLR2_CASCADE,0,INACTIVE,"[{""term_id"":""REACTOME_INTERLEUKIN_17_SIGNALING"",""NES"":-0.8800671480259198,""FDR"":0.7593833343184858,""leading_edge_n"":6,""qualified"":false},{""term_id"":""REACTOME_TOLL_LIKE_RECEPTOR_9_TLR9_CASCADE"",""NES"":0.8125516869321168,""FDR"":0.8652659913988463,""leading_edge_n"":28,""qualified"":false},{""term_id"":""REACTOME_TOLL_LIKE_RECEPTOR_CASCADES"",""NES"":-0.8271148401355664,""FDR"":0.8337125854791189,""leading_edge_n"":20,""qualified"":false},{""term_id"":""REACTOME_TOLL_LIKE_RECEPTOR_TLR1_TLR2_CASCADE"",""NES"":0.8621458518081817,""FDR"":0.8106039777397603,""leading_edge_n"":29,""qualified"":false}]"
EXP001_vs_primary,I,I132,primary,0.5,4,REACTOME_INTERLEUKIN_17_SIGNALING;REACTOME_TOLL_LIKE_RECEPTOR_9_TLR9_CASCADE;REACTOME_TOLL_LIKE_RECEPTOR_CASCADES;REACTOME_TOLL_LIKE_RECEPTOR_TLR1_TLR2_CASCADE,0,INACTIVE,"[{""term_id"":""REACTOME_INTERLEUKIN_17_SIGNALING"",""NES"":1.7075550004437257,""FDR"":0.0525848770473445,""leading_edge_n"":24,""qualified"":false},{""term_id"":""REACTOME_TOLL_LIKE_RECEPTOR_9_TLR9_CASCADE"",""NES"":1.6122522236565753,""FDR"":0.0791791589520774,""leading_edge_n"":33,""qualified"":false},{""term_id"":""REACTOME_TOLL_LIKE_RECEPTOR_CASCADES"",""NES"":1.2701231410944251,""FDR"":0.274764737862715,""leading_edge_n"":45,""qualified"":false},{""term_id"":""REACTOME_TOLL_LIKE_RECEPTOR_TLR1_TLR2_CASCADE"",""NES"":1.5209942065265265,""FDR"":0.1135206151319367,""leading_edge_n"":32,""qualified"":false}]"
EXP001_vs_primary,I,I133,EXP001,0.5,2,REACTOME_INTERLEUKIN_1_FAMILY_SIGNALING;REACTOME_INTERLEUKIN_1_SIGNALING,0,INACTIVE,"[{""term_id"":""REACTOME_INTERLEUKIN_1_FAMILY_SIGNALING"",""NES"":1.5277254581715711,""FDR"":0.069918951132297,""leading_edge_n"":54,""qualified"":false},{""term_id"":""REACTOME_INTERLEUKIN_1_SIGNALING"",""NES"":1.5241304914580365,""FDR"":0.0714608755804303,""leading_edge_n"":48,""qualified"":false}]"
EXP001_vs_primary,I,I133,primary,0.5,2,REACTOME_INTERLEUKIN_1_FAMILY_SIGNALING;REACTOME_INTERLEUKIN_1_SIGNALING,0,INACTIVE,"[{""term_id"":""REACTOME_INTERLEUKIN_1_FAMILY_SIGNALING"",""NES"":1.645410078193828,""FDR"":0.0689052404356204,""leading_edge_n"":45,""qualified"":false},{""term_id"":""REACTOME_INTERLEUKIN_1_SIGNALING"",""NES"":1.6518089226834791,""FDR"":0.0689416205914985,""leading_edge_n"":36,""qualified"":false}]"
EXP001_vs_primary,I,I134,EXP001,0.5,3,REACTOME_INTERLEUKIN_2_FAMILY_SIGNALING;REACTOME_INTERLEUKIN_3_INTERLEUKIN_5_AND_GM_CSF_SIGNALING;REACTOME_INTERLEUKIN_RECEPTOR_SHC_SIGNALING,0,INACTIVE,"[{""term_id"":""REACTOME_INTERLEUKIN_2_FAMILY_SIGNALING"",""NES"":-1.1592881203106271,""FDR"":0.3631368783736192,""leading_edge_n"":9,""qualified"":false},{""term_id"":""REACTOME_INTERLEUKIN_3_INTERLEUKIN_5_AND_GM_CSF_SIGNALING"",""NES"":-1.022675863397137,""FDR"":0.5335955018975167,""leading_edge_n"":8,""qualified"":false},{""term_id"":""REACTOME_INTERLEUKIN_RECEPTOR_SHC_SIGNALING"",""NES"":-0.8363948125972761,""FDR"":0.821076768600926,""leading_edge_n"":5,""qualified"":false}]"
EXP001_vs_primary,I,I134,primary,0.5,3,REACTOME_INTERLEUKIN_2_FAMILY_SIGNALING;REACTOME_INTERLEUKIN_3_INTERLEUKIN_5_AND_GM_CSF_SIGNALING;REACTOME_INTERLEUKIN_RECEPTOR_SHC_SIGNALING,0,INACTIVE,"[{""term_id"":""REACTOME_INTERLEUKIN_2_FAMILY_SIGNALING"",""NES"":1.2183319678760878,""FDR"":0.3262869212110089,""leading_edge_n"":3,""qualified"":false},{""term_id"":""REACTOME_INTERLEUKIN_3_INTERLEUKIN_5_AND_GM_CSF_SIGNALING"",""NES"":0.8950741788432248,""FDR"":0.7707046562745296,""leading_edge_n"":7,""qualified"":false},{""term_id"":""REACTOME_INTERLEUKIN_RECEPTOR_SHC_SIGNALING"",""NES"":-0.5972303775128612,""FDR"":1.0,""leading_edge_n"":16,""qualified"":false}]"
EXP001_vs_primary,I,I135,EXP001,0.5,1,REACTOME_INTERLEUKIN_37_SIGNALING,0,INACTIVE,"[{""term_id"":""REACTOME_INTERLEUKIN_37_SIGNALING"",""NES"":0.9285737398589716,""FDR"":0.7118451031946362,""leading_edge_n"":3,""qualified"":false}]"
EXP001_vs_primary,I,I135,primary,0.5,1,REACTOME_INTERLEUKIN_37_SIGNALING,0,INACTIVE,"[{""term_id"":""REACTOME_INTERLEUKIN_37_SIGNALING"",""NES"":1.123891059105448,""FDR"":0.4328869503707746,""leading_edge_n"":9,""qualified"":false}]"
EXP001_vs_primary,I,I136,EXP001,0.5,1,REACTOME_INTERLEUKIN_4_AND_INTERLEUKIN_13_SIGNALING,0,INACTIVE,"[{""term_id"":""REACTOME_INTERLEUKIN_4_AND_INTERLEUKIN_13_SIGNALING"",""NES"":1.3514380466396938,""FDR"":0.1831970279034732,""leading_edge_n"":15,""qualified"":false}]"
EXP001_vs_primary,I,I136,primary,0.5,1,REACTOME_INTERLEUKIN_4_AND_INTERLEUKIN_13_SIGNALING,1,POSITIVE,"[{""term_id"":""REACTOME_INTERLEUKIN_4_AND_INTERLEUKIN_13_SIGNALING"",""NES"":1.886605509191324,""FDR"":0.0199357782689169,""leading_edge_n"":25,""qualified"":true}]"
EXP001_vs_primary,I,I137,EXP001,0.5,1,REACTOME_INTERLEUKIN_6_FAMILY_SIGNALING,0,INACTIVE,"[{""term_id"":""REACTOME_INTERLEUKIN_6_FAMILY_SIGNALING"",""NES"":-1.067874505207451,""FDR"":0.4705262177507842,""leading_edge_n"":8,""qualified"":false}]"
EXP001_vs_primary,I,I137,primary,0.5,1,REACTOME_INTERLEUKIN_6_FAMILY_SIGNALING,1,POSITIVE,"[{""term_id"":""REACTOME_INTERLEUKIN_6_FAMILY_SIGNALING"",""NES"":2.17467855646592,""FDR"":0.0028152441189872,""leading_edge_n"":12,""qualified"":true}]"
EXP001_vs_primary,I,I138,EXP001,0.5,1,REACTOME_INTERLEUKIN_7_SIGNALING,0,INACTIVE,"[{""term_id"":""REACTOME_INTERLEUKIN_7_SIGNALING"",""NES"":1.2818086202104793,""FDR"":0.2484368930335622,""leading_edge_n"":4,""qualified"":false}]"
EXP001_vs_primary,I,I138,primary,0.5,1,REACTOME_INTERLEUKIN_7_SIGNALING,0,INACTIVE,"[{""term_id"":""REACTOME_INTERLEUKIN_7_SIGNALING"",""NES"":1.4901298465309258,""FDR"":0.1281441303768358,""leading_edge_n"":12,""qualified"":false}]"
EXP001_vs_primary,I,I139,EXP001,0.5,1,REACTOME_NEUTROPHIL_DEGRANULATION,0,INACTIVE,"[{""term_id"":""REACTOME_NEUTROPHIL_DEGRANULATION"",""NES"":-1.088770031975443,""FDR"":0.4442669353644494,""leading_edge_n"":70,""qualified"":false}]"
EXP001_vs_primary,I,I139,primary,0.5,1,REACTOME_NEUTROPHIL_DEGRANULATION,0,INACTIVE,"[{""term_id"":""REACTOME_NEUTROPHIL_DEGRANULATION"",""NES"":-1.4160307252991136,""FDR"":0.3234781637481386,""leading_edge_n"":124,""qualified"":false}]"
EXP001_vs_primary,I,I140,EXP001,0.5,1,REACTOME_OTHER_INTERLEUKIN_SIGNALING,0,INACTIVE,"[{""term_id"":""REACTOME_OTHER_INTERLEUKIN_SIGNALING"",""NES"":-0.9882699096708484,""FDR"":0.5875789338761074,""leading_edge_n"":3,""qualified"":false}]"
EXP001_vs_primary,I,I140,primary,0.5,1,REACTOME_OTHER_INTERLEUKIN_SIGNALING,0,INACTIVE,"[{""term_id"":""REACTOME_OTHER_INTERLEUKIN_SIGNALING"",""NES"":1.178518499994076,""FDR"":0.3670773601780345,""leading_edge_n"":4,""qualified"":false}]"
EXP001_vs_primary,I,I141,EXP001,0.5,1,REACTOME_RIP_MEDIATED_NFKB_ACTIVATION_VIA_ZBP1,0,INACTIVE,"[{""term_id"":""REACTOME_RIP_MEDIATED_NFKB_ACTIVATION_VIA_ZBP1"",""NES"":-0.7125729589418263,""FDR"":0.9398189340126352,""leading_edge_n"":7,""qualified"":false}]"
EXP001_vs_primary,I,I141,primary,0.5,1,REACTOME_RIP_MEDIATED_NFKB_ACTIVATION_VIA_ZBP1,0,INACTIVE,"[{""term_id"":""REACTOME_RIP_MEDIATED_NFKB_ACTIVATION_VIA_ZBP1"",""NES"":1.7084162533446463,""FDR"":0.0523879748074023,""leading_edge_n"":11,""qualified"":false}]"
EXP001_vs_primary,I,I142,EXP001,0.5,1,REACTOME_SARS_COV_1_ACTIVATES_MODULATES_INNATE_IMMUNE_RESPONSES,0,INACTIVE,"[{""term_id"":""REACTOME_SARS_COV_1_ACTIVATES_MODULATES_INNATE_IMMUNE_RESPONSES"",""NES"":1.1036693713526826,""FDR"":0.4623596958061741,""leading_edge_n"":14,""qualified"":false}]"
EXP001_vs_primary,I,I142,primary,0.5,1,REACTOME_SARS_COV_1_ACTIVATES_MODULATES_INNATE_IMMUNE_RESPONSES,0,INACTIVE,"[{""term_id"":""REACTOME_SARS_COV_1_ACTIVATES_MODULATES_INNATE_IMMUNE_RESPONSES"",""NES"":1.2986124534201258,""FDR"":0.2493888704473593,""leading_edge_n"":9,""qualified"":false}]"
EXP001_vs_primary,I,I143,EXP001,0.5,1,REACTOME_SARS_COV_2_ACTIVATES_MODULATES_INNATE_AND_ADAPTIVE_IMMUNE_RESPONSES,0,INACTIVE,"[{""term_id"":""REACTOME_SARS_COV_2_ACTIVATES_MODULATES_INNATE_AND_ADAPTIVE_IMMUNE_RESPONSES"",""NES"":1.4111282881275775,""FDR"":0.1355123906489129,""leading_edge_n"":33,""qualified"":false}]"
EXP001_vs_primary,I,I143,primary,0.5,1,REACTOME_SARS_COV_2_ACTIVATES_MODULATES_INNATE_AND_ADAPTIVE_IMMUNE_RESPONSES,0,INACTIVE,"[{""term_id"":""REACTOME_SARS_COV_2_ACTIVATES_MODULATES_INNATE_AND_ADAPTIVE_IMMUNE_RESPONSES"",""NES"":1.6992488368378524,""FDR"":0.0551355779644017,""leading_edge_n"":44,""qualified"":false}]"
EXP001_vs_primary,I,I144,EXP001,0.5,1,REACTOME_SIGNALING_BY_INTERLEUKINS,0,INACTIVE,"[{""term_id"":""REACTOME_SIGNALING_BY_INTERLEUKINS"",""NES"":1.4303520748331795,""FDR"":0.1217943143917131,""leading_edge_n"":92,""qualified"":false}]"
EXP001_vs_primary,I,I144,primary,0.5,1,REACTOME_SIGNALING_BY_INTERLEUKINS,1,POSITIVE,"[{""term_id"":""REACTOME_SIGNALING_BY_INTERLEUKINS"",""NES"":1.8668882243037244,""FDR"":0.0221290888101803,""leading_edge_n"":94,""qualified"":true}]"
EXP001_vs_primary,I,I145,EXP001,0.5,3,REACTOME_TNFR1_INDUCED_NF_KAPPA_B_SIGNALING_PATHWAY;REACTOME_TNFR1_INDUCED_PROAPOPTOTIC_SIGNALING;REACTOME_TNF_SIGNALING,0,INACTIVE,"[{""term_id"":""REACTOME_TNFR1_INDUCED_NF_KAPPA_B_SIGNALING_PATHWAY"",""NES"":-1.0718391928286974,""FDR"":0.4665174997534093,""leading_edge_n"":12,""qualified"":false},{""term_id"":""REACTOME_TNFR1_INDUCED_PROAPOPTOTIC_SIGNALING"",""NES"":-1.28491045720027,""FDR"":0.25333257630279,""leading_edge_n"":7,""qualified"":false},{""term_id"":""REACTOME_TNF_SIGNALING"",""NES"":-1.2278026837117966,""FDR"":0.2983450091173354,""leading_edge_n"":13,""qualified"":false}]"
EXP001_vs_primary,I,I145,primary,0.5,3,REACTOME_TNFR1_INDUCED_NF_KAPPA_B_SIGNALING_PATHWAY;REACTOME_TNFR1_INDUCED_PROAPOPTOTIC_SIGNALING;REACTOME_TNF_SIGNALING,0,INACTIVE,"[{""term_id"":""REACTOME_TNFR1_INDUCED_NF_KAPPA_B_SIGNALING_PATHWAY"",""NES"":0.9947821547867216,""FDR"":0.6174640886340812,""leading_edge_n"":11,""qualified"":false},{""term_id"":""REACTOME_TNFR1_INDUCED_PROAPOPTOTIC_SIGNALING"",""NES"":-0.8406336556238463,""FDR"":0.9102838667460684,""leading_edge_n"":8,""qualified"":false},{""term_id"":""REACTOME_TNF_SIGNALING"",""NES"":0.8092887069863114,""FDR"":0.8835960814394516,""leading_edge_n"":13,""qualified"":false}]"
EXP001_vs_primary,I,I146,EXP001,0.5,1,REACTOME_TNFR2_NON_CANONICAL_NF_KB_PATHWAY,0,INACTIVE,"[{""term_id"":""REACTOME_TNFR2_NON_CANONICAL_NF_KB_PATHWAY"",""NES"":1.0995135668067395,""FDR"":0.469344663411525,""leading_edge_n"":31,""qualified"":false}]"
EXP001_vs_primary,I,I146,primary,0.5,1,REACTOME_TNFR2_NON_CANONICAL_NF_KB_PATHWAY,0,INACTIVE,"[{""term_id"":""REACTOME_TNFR2_NON_CANONICAL_NF_KB_PATHWAY"",""NES"":1.6812297297875678,""FDR"":0.0594750650114125,""leading_edge_n"":31,""qualified"":false}]"
