term_id,status,first_n,second_n,intersection,union,jaccard
GOBP_2_OXOGLUTARATE_METABOLIC_PROCESS,NOT_QUALIFIED_EITHER,,,,,
GOBP_3_UTR_MEDIATED_MRNA_DESTABILIZATION,NOT_QUALIFIED_EITHER,,,,,
GOBP_3_UTR_MEDIATED_MRNA_STABILIZATION,NOT_QUALIFIED_EITHER,,,,,
GOBP_ACETYL_COA_BIOSYNTHETIC_PROCESS,NOT_QUALIFIED_EITHER,,,,,
GOBP_ACETYL_COA_METABOLIC_PROCESS,QUALIFIED_BOTH,20.0,18.0,16.0,22.0,0.7272727272727273
GOBP_ACIDIC_AMINO_ACID_TRANSPORT,NOT_QUALIFIED_EITHER,,,,,
GOBP_ACID_SECRETION,NOT_QUALIFIED_EITHER,,,,,
GOBP_ACROSOME_ASSEMBLY,NOT_QUALIFIED_EITHER,,,,,
GOBP_ACROSOME_REACTION,NOT_QUALIFIED_EITHER,,,,,
GOBP_ACTIN_FILAMENT_BASED_MOVEMENT,NOT_QUALIFIED_EITHER,,,,,
GOBP_ACTIN_FILAMENT_BUNDLE_ORGANIZATION,NOT_QUALIFIED_EITHER,,,,,
GOBP_ACTIN_FILAMENT_DEPOLYMERIZATION,NOT_QUALIFIED_EITHER,,,,,
GOBP_ACTIN_FILAMENT_ORGANIZATION,NOT_QUALIFIED_EITHER,,,,,
GOBP_ACTIN_FILAMENT_POLYMERIZATION,NOT_QUALIFIED_EITHER,,,,,
GOBP_ACTIN_MEDIATED_CELL_CONTRACTION,NOT_QUALIFIED_EITHER,,,,,
GOBP_ACTIN_NUCLEATION,NOT_QUALIFIED_EITHER,,,,,
GOBP_ACTIN_POLYMERIZATION_OR_DEPOLYMERIZATION,NOT_QUALIFIED_EITHER,,,,,
GOBP_ACTION_POTENTIAL,NOT_QUALIFIED_EITHER,,,,,
GOBP_ACTIVATED_T_CELL_PROLIFERATION,NOT_QUALIFIED_EITHER,,,,,
GOBP_ACTIVATION_OF_GTPASE_ACTIVITY,NOT_QUALIFIED_EITHER,,,,,
GOBP_ACTIVATION_OF_IMMUNE_RESPONSE,NOT_QUALIFIED_EITHER,,,,,
GOBP_ACTIVATION_OF_INNATE_IMMUNE_RESPONSE,NOT_QUALIFIED_EITHER,,,,,
GOBP_ACTIVATION_OF_PROTEIN_KINASE_ACTIVITY,NOT_QUALIFIED_EITHER,,,,,
GOBP_ACTIVIN_RECEPTOR_SIGNALING_PATHWAY,NOT_QUALIFIED_EITHER,,,,,
GOBP_ACTOMYOSIN_STRUCTURE_ORGANIZATION,NOT_QUALIFIED_EITHER,,,,,
GOBP_ACUTE_INFLAMMATORY_RESPONSE,NOT_QUALIFIED_EITHER,,,,,
GOBP_ACUTE_PHASE_RESPONSE,NOT_QUALIFIED_EITHER,,,,,
GOBP_ACYLGLYCEROL_HOMEOSTASIS,NOT_QUALIFIED_EITHER,,,,,
GOBP_ACYL_COA_BIOSYNTHETIC_PROCESS,NOT_QUALIFIED_EITHER,,,,,
GOBP_ACYL_COA_METABOLIC_PROCESS,NOT_QUALIFIED_EITHER,,,,,
GOBP_ADAPTIVE_IMMUNE_RESPONSE,NOT_QUALIFIED_EITHER,,,,,
GOBP_ADAPTIVE_IMMUNE_RESPONSE_BASED_ON_SOMATIC_RECOMBINATION_OF_IMMUNE_RECEPTORS_BUILT_FROM_IMMUNOGLOBULIN_SUPERFAMILY_DOMAINS,NOT_QUALIFIED_EITHER,,,,,
GOBP_ADAPTIVE_THERMOGENESIS,NOT_QUALIFIED_EITHER,,,,,
GOBP_ADENYLATE_CYCLASE_ACTIVATING_ADRENERGIC_RECEPTOR_SIGNALING_PATHWAY,NOT_QUALIFIED_EITHER,,,,,
GOBP_ADENYLATE_CYCLASE_ACTIVATING_G_PROTEIN_COUPLED_RECEPTOR_SIGNALING_PATHWAY,NOT_QUALIFIED_EITHER,,,,,
GOBP_ADENYLATE_CYCLASE_INHIBITING_G_PROTEIN_COUPLED_RECEPTOR_SIGNALING_PATHWAY,NOT_QUALIFIED_EITHER,,,,,
GOBP_ADENYLATE_CYCLASE_MODULATING_G_PROTEIN_COUPLED_RECEPTOR_SIGNALING_PATHWAY,NOT_QUALIFIED_EITHER,,,,,
GOBP_ADHERENS_JUNCTION_ASSEMBLY,NOT_QUALIFIED_EITHER,,,,,
GOBP_ADHERENS_JUNCTION_ORGANIZATION,NOT_QUALIFIED_EITHER,,,,,
GOBP_ADIPOSE_TISSUE_DEVELOPMENT,NOT_QUALIFIED_EITHER,,,,,
GOBP_ADRENAL_GLAND_DEVELOPMENT,NOT_QUALIFIED_EITHER,,,,,
GOBP_ADRENERGIC_RECEPTOR_SIGNALING_PATHWAY,NOT_QUALIFIED_EITHER,,,,,
GOBP_ADULT_BEHAVIOR,NOT_QUALIFIED_EITHER,,,,,
GOBP_ADULT_LOCOMOTORY_BEHAVIOR,NOT_QUALIFIED_EITHER,,,,,
GOBP_AGGREPHAGY,NOT_QUALIFIED_EITHER,,,,,
GOBP_ALCOHOL_BIOSYNTHETIC_PROCESS,QUALIFIED_BOTH,33.0,37.0,33.0,37.0,0.8918918918918919
GOBP_ALCOHOL_CATABOLIC_PROCESS,NOT_QUALIFIED_EITHER,,,,,
GOBP_ALCOHOL_METABOLIC_PROCESS,NOT_QUALIFIED_EITHER,,,,,
GOBP_ALDEHYDE_METABOLIC_PROCESS,NOT_QUALIFIED_EITHER,,,,,
GOBP_ALPHA_AMINO_ACID_BIOSYNTHETIC_PROCESS,NOT_QUALIFIED_EITHER,,,,,
GOBP_ALPHA_AMINO_ACID_METABOLIC_PROCESS,NOT_QUALIFIED_EITHER,,,,,
GOBP_ALPHA_BETA_T_CELL_ACTIVATION,NOT_QUALIFIED_EITHER,,,,,
GOBP_ALPHA_BETA_T_CELL_DIFFERENTIATION,QUALIFIED_BOTH,52.0,45.0,38.0,59.0,0.6440677966101694
GOBP_ALPHA_BETA_T_CELL_PROLIFERATION,NOT_QUALIFIED_EITHER,,,,,
GOBP_ALTERNATIVE_MRNA_SPLICING_VIA_SPLICEOSOME,QUALIFIED_BOTH,39.0,41.0,32.0,48.0,0.6666666666666666
GOBP_AMEBOIDAL_TYPE_CELL_MIGRATION,NOT_QUALIFIED_EITHER,,,,,
GOBP_AMIDE_BIOSYNTHETIC_PROCESS,NOT_QUALIFIED_EITHER,,,,,
GOBP_AMIDE_METABOLIC_PROCESS,NOT_QUALIFIED_EITHER,,,,,
GOBP_AMIDE_TRANSPORT,NOT_QUALIFIED_EITHER,,,,,
GOBP_AMINE_BIOSYNTHETIC_PROCESS,NOT_QUALIFIED_EITHER,,,,,
GOBP_AMINE_CATABOLIC_PROCESS,NOT_QUALIFIED_EITHER,,,,,
GOBP_AMINE_METABOLIC_PROCESS,NOT_QUALIFIED_EITHER,,,,,
GOBP_AMINE_TRANSPORT,NOT_QUALIFIED_EITHER,,,,,
GOBP_AMINOACYL_TRNA_METABOLISM_INVOLVED_IN_TRANSLATIONAL_FIDELITY,NOT_QUALIFIED_EITHER,,,,,
GOBP_AMINOGLYCAN_BIOSYNTHETIC_PROCESS,NOT_QUALIFIED_EITHER,,,,,
GOBP_AMINOGLYCAN_CATABOLIC_PROCESS,NOT_QUALIFIED_EITHER,,,,,
GOBP_AMINOGLYCAN_METABOLIC_PROCESS,NOT_QUALIFIED_EITHER,,,,,
GOBP_AMINO_ACID_ACTIVATION,NOT_QUALIFIED_EITHER,,,,,
GOBP_AMINO_ACID_BETAINE_METABOLIC_PROCESS,NOT_QUALIFIED_EITHER,,,,,
GOBP_AMINO_ACID_BIOSYNTHETIC_PROCESS,NOT_QUALIFIED_EITHER,,,,,
GOBP_AMINO_ACID_CATABOLIC_PROCESS,NOT_QUALIFIED_EITHER,,,,,
GOBP_AMINO_ACID_IMPORT_ACROSS_PLASMA_MEMBRANE,QUALIFIED_FIRST_ONLY,,,,,
GOBP_AMINO_ACID_METABOLIC_PROCESS,NOT_QUALIFIED_EITHER,,,,,
GOBP_AMINO_ACID_TRANSMEMBRANE_TRANSPORT,NOT_QUALIFIED_EITHER,,,,,
GOBP_AMINO_ACID_TRANSPORT,NOT_QUALIFIED_EITHER,,,,,
GOBP_AMINO_SUGAR_METABOLIC_PROCESS,NOT_QUALIFIED_EITHER,,,,,
GOBP_AMP_METABOLIC_PROCESS,NOT_QUALIFIED_EITHER,,,,,
GOBP_AMYLOID_BETA_CLEARANCE,NOT_QUALIFIED_EITHER,,,,,
GOBP_AMYLOID_BETA_FORMATION,NOT_QUALIFIED_EITHER,,,,,
GOBP_AMYLOID_BETA_METABOLIC_PROCESS,NOT_QUALIFIED_EITHER,,,,,
GOBP_AMYLOID_FIBRIL_FORMATION,NOT_QUALIFIED_EITHER,,,,,
GOBP_AMYLOID_PRECURSOR_PROTEIN_CATABOLIC_PROCESS,NOT_QUALIFIED_EITHER,,,,,
GOBP_AMYLOID_PRECURSOR_PROTEIN_METABOLIC_PROCESS,NOT_QUALIFIED_EITHER,,,,,
GOBP_ANAPHASE_PROMOTING_COMPLEX_DEPENDENT_CATABOLIC_PROCESS,NOT_QUALIFIED_EITHER,,,,,
GOBP_ANATOMICAL_STRUCTURE_ARRANGEMENT,NOT_QUALIFIED_EITHER,,,,,
GOBP_ANATOMICAL_STRUCTURE_MATURATION,NOT_QUALIFIED_EITHER,,,,,
GOBP_ANDROGEN_METABOLIC_PROCESS,NOT_QUALIFIED_EITHER,,,,,
GOBP_ANDROGEN_RECEPTOR_SIGNALING_PATHWAY,NOT_QUALIFIED_EITHER,,,,,
GOBP_ANGIOGENESIS_INVOLVED_IN_WOUND_HEALING,NOT_QUALIFIED_EITHER,,,,,
GOBP_ANGIOTENSIN_ACTIVATED_SIGNALING_PATHWAY,NOT_QUALIFIED_EITHER,,,,,
GOBP_ANIMAL_ORGAN_FORMATION,NOT_QUALIFIED_EITHER,,,,,
GOBP_ANIMAL_ORGAN_MATURATION,NOT_QUALIFIED_EITHER,,,,,
GOBP_ANIMAL_ORGAN_REGENERATION,NOT_QUALIFIED_EITHER,,,,,
GOBP_ANOIKIS,NOT_QUALIFIED_EITHER,,,,,
GOBP_ANTERIOR_POSTERIOR_AXIS_SPECIFICATION,NOT_QUALIFIED_EITHER,,,,,
GOBP_ANTERIOR_POSTERIOR_PATTERN_SPECIFICATION,NOT_QUALIFIED_EITHER,,,,,
GOBP_ANTEROGRADE_AXONAL_TRANSPORT,NOT_QUALIFIED_EITHER,,,,,
GOBP_ANTIBACTERIAL_HUMORAL_RESPONSE,NOT_QUALIFIED_EITHER,,,,,
GOBP_ANTIGEN_PROCESSING_AND_PRESENTATION,NOT_QUALIFIED_EITHER,,,,,
GOBP_ANTIGEN_PROCESSING_AND_PRESENTATION_OF_ENDOGENOUS_ANTIGEN,NOT_QUALIFIED_EITHER,,,,,
GOBP_ANTIGEN_PROCESSING_AND_PRESENTATION_OF_ENDOGENOUS_PEPTIDE_ANTIGEN,NOT_QUALIFIED_EITHER,,,,,
GOBP_ANTIGEN_PROCESSING_AND_PRESENTATION_OF_EXOGENOUS_ANTIGEN,NOT_QUALIFIED_EITHER,,,,,
GOBP_ANTIGEN_PROCESSING_AND_PRESENTATION_OF_EXOGENOUS_PEPTIDE_ANTIGEN,NOT_QUALIFIED_EITHER,,,,,
GOBP_ANTIGEN_PROCESSING_AND_PRESENTATION_OF_EXOGENOUS_PEPTIDE_ANTIGEN_VIA_MHC_CLASS_IB,NOT_QUALIFIED_EITHER,,,,,
GOBP_ANTIGEN_PROCESSING_AND_PRESENTATION_OF_EXOGENOUS_PEPTIDE_ANTIGEN_VIA_MHC_CLASS_II,NOT_QUALIFIED_EITHER,,,,,
GOBP_ANTIGEN_PROCESSING_AND_PRESENTATION_OF_PEPTIDE_ANTIGEN,NOT_QUALIFIED_EITHER,,,,,
GOBP_ANTIGEN_PROCESSING_AND_PRESENTATION_OF_PEPTIDE_ANTIGEN_VIA_MHC_CLASS_I,NOT_QUALIFIED_EITHER,,,,,
GOBP_ANTIGEN_PROCESSING_AND_PRESENTATION_OF_PEPTIDE_ANTIGEN_VIA_MHC_CLASS_IB,NOT_QUALIFIED_EITHER,,,,,
GOBP_ANTIGEN_PROCESSING_AND_PRESENTATION_OF_PEPTIDE_OR_POLYSACCHARIDE_ANTIGEN_VIA_MHC_CLASS_II,NOT_QUALIFIED_EITHER,,,,,
GOBP_ANTIGEN_PROCESSING_AND_PRESENTATION_VIA_MHC_CLASS_IB,NOT_QUALIFIED_EITHER,,,,,
GOBP_ANTIGEN_RECEPTOR_MEDIATED_SIGNALING_PATHWAY,NOT_QUALIFIED_EITHER,,,,,
GOBP_ANTIMICROBIAL_HUMORAL_IMMUNE_RESPONSE_MEDIATED_BY_ANTIMICROBIAL_PEPTIDE,NOT_QUALIFIED_EITHER,,,,,
GOBP_ANTIMICROBIAL_HUMORAL_RESPONSE,NOT_QUALIFIED_EITHER,,,,,
GOBP_ANTIVIRAL_INNATE_IMMUNE_RESPONSE,NOT_QUALIFIED_EITHER,,,,,
GOBP_AORTA_DEVELOPMENT,NOT_QUALIFIED_EITHER,,,,,
GOBP_AORTA_MORPHOGENESIS,NOT_QUALIFIED_EITHER,,,,,
GOBP_AORTIC_VALVE_MORPHOGENESIS,NOT_QUALIFIED_EITHER,,,,,
GOBP_APICAL_JUNCTION_ASSEMBLY,NOT_QUALIFIED_EITHER,,,,,
GOBP_APOPTOTIC_CELL_CLEARANCE,NOT_QUALIFIED_EITHER,,,,,
GOBP_APOPTOTIC_MITOCHONDRIAL_CHANGES,NOT_QUALIFIED_EITHER,,,,,
GOBP_APOPTOTIC_PROCESS_INVOLVED_IN_DEVELOPMENT,NOT_QUALIFIED_EITHER,,,,,
GOBP_APOPTOTIC_PROCESS_INVOLVED_IN_MORPHOGENESIS,NOT_QUALIFIED_EITHER,,,,,
GOBP_APPENDAGE_DEVELOPMENT,NOT_QUALIFIED_EITHER,,,,,
GOBP_APPENDAGE_MORPHOGENESIS,NOT_QUALIFIED_EITHER,,,,,
GOBP_ARACHIDONATE_METABOLIC_PROCESS,NOT_QUALIFIED_EITHER,,,,,
GOBP_ARF_PROTEIN_SIGNAL_TRANSDUCTION,NOT_QUALIFIED_EITHER,,,,,
GOBP_ARGININE_METABOLIC_PROCESS,NOT_QUALIFIED_EITHER,,,,,
GOBP_AROMATIC_AMINO_ACID_FAMILY_CATABOLIC_PROCESS,NOT_QUALIFIED_EITHER,,,,,
GOBP_AROMATIC_AMINO_ACID_METABOLIC_PROCESS,NOT_QUALIFIED_EITHER,,,,,
GOBP_ARP2_3_COMPLEX_MEDIATED_ACTIN_NUCLEATION,NOT_QUALIFIED_EITHER,,,,,
GOBP_ARTERY_DEVELOPMENT,NOT_QUALIFIED_EITHER,,,,,
GOBP_ARTERY_MORPHOGENESIS,NOT_QUALIFIED_EITHER,,,,,
GOBP_ASPARTATE_FAMILY_AMINO_ACID_BIOSYNTHETIC_PROCESS,NOT_QUALIFIED_EITHER,,,,,
GOBP_ASPARTATE_TRANSMEMBRANE_TRANSPORT,NOT_QUALIFIED_EITHER,,,,,
GOBP_ASSOCIATIVE_LEARNING,NOT_QUALIFIED_EITHER,,,,,
GOBP_ASTROCYTE_ACTIVATION,NOT_QUALIFIED_EITHER,,,,,
GOBP_ASTROCYTE_DEVELOPMENT,NOT_QUALIFIED_EITHER,,,,,
GOBP_ASTROCYTE_DIFFERENTIATION,NOT_QUALIFIED_EITHER,,,,,
GOBP_ASYMMETRIC_CELL_DIVISION,NOT_QUALIFIED_EITHER,,,,,
GOBP_ATP_BIOSYNTHETIC_PROCESS,NOT_QUALIFIED_EITHER,,,,,
GOBP_ATP_METABOLIC_PROCESS,NOT_QUALIFIED_EITHER,,,,,
GOBP_ATP_SYNTHESIS_COUPLED_ELECTRON_TRANSPORT,NOT_QUALIFIED_EITHER,,,,,
GOBP_ATP_TRANSPORT,NOT_QUALIFIED_EITHER,,,,,
GOBP_ATRIAL_SEPTUM_DEVELOPMENT,NOT_QUALIFIED_EITHER,,,,,
GOBP_ATRIOVENTRICULAR_VALVE_DEVELOPMENT,QUALIFIED_SECOND_ONLY,,,,,
GOBP_ATTACHMENT_OF_MITOTIC_SPINDLE_MICROTUBULES_TO_KINETOCHORE,NOT_QUALIFIED_EITHER,,,,,
GOBP_ATTACHMENT_OF_SPINDLE_MICROTUBULES_TO_KINETOCHORE,NOT_QUALIFIED_EITHER,,,,,
GOBP_AUDITORY_RECEPTOR_CELL_DEVELOPMENT,NOT_QUALIFIED_EITHER,,,,,
GOBP_AUDITORY_RECEPTOR_CELL_MORPHOGENESIS,NOT_QUALIFIED_EITHER,,,,,
GOBP_AUDITORY_RECEPTOR_CELL_STEREOCILIUM_ORGANIZATION,NOT_QUALIFIED_EITHER,,,,,
GOBP_AUTONOMIC_NERVOUS_SYSTEM_DEVELOPMENT,NOT_QUALIFIED_EITHER,,,,,
GOBP_AUTOPHAGOSOME_LYSOSOME_FUSION,NOT_QUALIFIED_EITHER,,,,,
GOBP_AUTOPHAGOSOME_MATURATION,NOT_QUALIFIED_EITHER,,,,,
GOBP_AUTOPHAGOSOME_ORGANIZATION,NOT_QUALIFIED_EITHER,,,,,
GOBP_AUTOPHAGY_OF_MITOCHONDRION,NOT_QUALIFIED_EITHER,,,,,
GOBP_AUTOPHAGY_OF_PEROXISOME,NOT_QUALIFIED_EITHER,,,,,
GOBP_AXIS_ELONGATION,NOT_QUALIFIED_EITHER,,,,,
GOBP_AXIS_SPECIFICATION,NOT_QUALIFIED_EITHER,,,,,
GOBP_AXONAL_FASCICULATION,QUALIFIED_FIRST_ONLY,,,,,
GOBP_AXONAL_TRANSPORT,NOT_QUALIFIED_EITHER,,,,,
GOBP_AXONAL_TRANSPORT_OF_MITOCHONDRION,NOT_QUALIFIED_EITHER,,,,,
GOBP_AXONEMAL_DYNEIN_COMPLEX_ASSEMBLY,NOT_QUALIFIED_EITHER,,,,,
GOBP_AXONEME_ASSEMBLY,NOT_QUALIFIED_EITHER,,,,,
GOBP_AXON_DEVELOPMENT,NOT_QUALIFIED_EITHER,,,,,
GOBP_AXON_ENSHEATHMENT_IN_CENTRAL_NERVOUS_SYSTEM,NOT_QUALIFIED_EITHER,,,,,
GOBP_AXON_EXTENSION,NOT_QUALIFIED_EITHER,,,,,
GOBP_AXO_DENDRITIC_TRANSPORT,NOT_QUALIFIED_EITHER,,,,,
GOBP_BARBED_END_ACTIN_FILAMENT_CAPPING,NOT_QUALIFIED_EITHER,,,,,
GOBP_BASEMENT_MEMBRANE_ORGANIZATION,NOT_QUALIFIED_EITHER,,,,,
GOBP_BASE_EXCISION_REPAIR,NOT_QUALIFIED_EITHER,,,,,
GOBP_BASIC_AMINO_ACID_TRANSPORT,NOT_QUALIFIED_EITHER,,,,,
GOBP_BEHAVIORAL_RESPONSE_TO_COCAINE,NOT_QUALIFIED_EITHER,,,,,
GOBP_BENZENE_CONTAINING_COMPOUND_METABOLIC_PROCESS,NOT_QUALIFIED_EITHER,,,,,
GOBP_BICARBONATE_TRANSPORT,NOT_QUALIFIED_EITHER,,,,,
GOBP_BICELLULAR_TIGHT_JUNCTION_ASSEMBLY,NOT_QUALIFIED_EITHER,,,,,
GOBP_BILE_ACID_AND_BILE_SALT_TRANSPORT,NOT_QUALIFIED_EITHER,,,,,
GOBP_BILE_ACID_BIOSYNTHETIC_PROCESS,NOT_QUALIFIED_EITHER,,,,,
GOBP_BILE_ACID_METABOLIC_PROCESS,NOT_QUALIFIED_EITHER,,,,,
GOBP_BINDING_OF_SPERM_TO_ZONA_PELLUCIDA,NOT_QUALIFIED_EITHER,,,,,
GOBP_BIOLOGICAL_PROCESS_INVOLVED_IN_INTERACTION_WITH_HOST,NOT_QUALIFIED_EITHER,,,,,
GOBP_BIOLOGICAL_PROCESS_INVOLVED_IN_INTERACTION_WITH_SYMBIONT,NOT_QUALIFIED_EITHER,,,,,
GOBP_BIOLOGICAL_PROCESS_INVOLVED_IN_INTRASPECIES_INTERACTION_BETWEEN_ORGANISMS,NOT_QUALIFIED_EITHER,,,,,
GOBP_BIOLOGICAL_PROCESS_INVOLVED_IN_SYMBIOTIC_INTERACTION,NOT_QUALIFIED_EITHER,,,,,
GOBP_BIOMINERAL_TISSUE_DEVELOPMENT,QUALIFIED_BOTH,40.0,37.0,33.0,44.0,0.75
GOBP_BLASTOCYST_DEVELOPMENT,NOT_QUALIFIED_EITHER,,,,,
GOBP_BLASTOCYST_FORMATION,NOT_QUALIFIED_EITHER,,,,,
GOBP_BLASTOCYST_GROWTH,NOT_QUALIFIED_EITHER,,,,,
GOBP_BLASTODERM_SEGMENTATION,NOT_QUALIFIED_EITHER,,,,,
GOBP_BLOOD_VESSEL_ENDOTHELIAL_CELL_MIGRATION,NOT_QUALIFIED_EITHER,,,,,
GOBP_BLOOD_VESSEL_ENDOTHELIAL_CELL_PROLIFERATION_INVOLVED_IN_SPROUTING_ANGIOGENESIS,NOT_QUALIFIED_EITHER,,,,,
GOBP_BLOOD_VESSEL_REMODELING,NOT_QUALIFIED_EITHER,,,,,
GOBP_BODY_FLUID_SECRETION,NOT_QUALIFIED_EITHER,,,,,
GOBP_BODY_MORPHOGENESIS,NOT_QUALIFIED_EITHER,,,,,
GOBP_BONE_DEVELOPMENT,NOT_QUALIFIED_EITHER,,,,,
GOBP_BONE_GROWTH,QUALIFIED_BOTH,12.0,12.0,12.0,12.0,1.0
GOBP_BONE_MATURATION,NOT_QUALIFIED_EITHER,,,,,
GOBP_BONE_MINERALIZATION,QUALIFIED_BOTH,30.0,33.0,29.0,34.0,0.8529411764705882
GOBP_BONE_MORPHOGENESIS,NOT_QUALIFIED_EITHER,,,,,
GOBP_BONE_REMODELING,NOT_QUALIFIED_EITHER,,,,,
GOBP_BONE_RESORPTION,NOT_QUALIFIED_EITHER,,,,,
GOBP_BRAIN_MORPHOGENESIS,NOT_QUALIFIED_EITHER,,,,,
GOBP_BRANCHED_CHAIN_AMINO_ACID_METABOLIC_PROCESS,NOT_QUALIFIED_EITHER,,,,,
GOBP_BRANCHING_INVOLVED_IN_BLOOD_VESSEL_MORPHOGENESIS,NOT_QUALIFIED_EITHER,,,,,
GOBP_BRANCHING_INVOLVED_IN_MAMMARY_GLAND_DUCT_MORPHOGENESIS,NOT_QUALIFIED_EITHER,,,,,
GOBP_BRANCHING_INVOLVED_IN_SALIVARY_GLAND_MORPHOGENESIS,NOT_QUALIFIED_EITHER,,,,,
GOBP_BRANCHING_MORPHOGENESIS_OF_AN_EPITHELIAL_TUBE,QUALIFIED_BOTH,45.0,54.0,45.0,54.0,0.8333333333333334
GOBP_BRANCH_ELONGATION_OF_AN_EPITHELIUM,QUALIFIED_FIRST_ONLY,,,,,
GOBP_BROWN_FAT_CELL_DIFFERENTIATION,NOT_QUALIFIED_EITHER,,,,,
GOBP_B_CELL_ACTIVATION,NOT_QUALIFIED_EITHER,,,,,
GOBP_B_CELL_ACTIVATION_INVOLVED_IN_IMMUNE_RESPONSE,NOT_QUALIFIED_EITHER,,,,,
GOBP_B_CELL_APOPTOTIC_PROCESS,NOT_QUALIFIED_EITHER,,,,,
GOBP_B_CELL_DIFFERENTIATION,NOT_QUALIFIED_EITHER,,,,,
GOBP_B_CELL_HOMEOSTASIS,NOT_QUALIFIED_EITHER,,,,,
GOBP_B_CELL_MEDIATED_IMMUNITY,NOT_QUALIFIED_EITHER,,,,,
GOBP_B_CELL_PROLIFERATION,NOT_QUALIFIED_EITHER,,,,,
GOBP_B_CELL_RECEPTOR_SIGNALING_PATHWAY,NOT_QUALIFIED_EITHER,,,,,
GOBP_C21_STEROID_HORMONE_BIOSYNTHETIC_PROCESS,NOT_QUALIFIED_EITHER,,,,,
GOBP_C21_STEROID_HORMONE_METABOLIC_PROCESS,QUALIFIED_BOTH,7.0,12.0,7.0,12.0,0.5833333333333334
GOBP_C4_DICARBOXYLATE_TRANSPORT,NOT_QUALIFIED_EITHER,,,,,
GOBP_CALCINEURIN_MEDIATED_SIGNALING,NOT_QUALIFIED_EITHER,,,,,
GOBP_CALCIUM_DEPENDENT_CELL_CELL_ADHESION,NOT_QUALIFIED_EITHER,,,,,
GOBP_CALCIUM_IMPORT_INTO_THE_MITOCHONDRION,NOT_QUALIFIED_EITHER,,,,,
GOBP_CALCIUM_ION_HOMEOSTASIS,NOT_QUALIFIED_EITHER,,,,,
GOBP_CALCIUM_ION_IMPORT,NOT_QUALIFIED_EITHER,,,,,
GOBP_CALCIUM_ION_IMPORT_ACROSS_PLASMA_MEMBRANE,NOT_QUALIFIED_EITHER,,,,,
GOBP_CALCIUM_ION_REGULATED_EXOCYTOSIS,NOT_QUALIFIED_EITHER,,,,,
GOBP_CALCIUM_ION_TRANSMEMBRANE_IMPORT_INTO_CYTOSOL,NOT_QUALIFIED_EITHER,,,,,
GOBP_CALCIUM_ION_TRANSMEMBRANE_TRANSPORT,NOT_QUALIFIED_EITHER,,,,,
GOBP_CALCIUM_ION_TRANSMEMBRANE_TRANSPORT_VIA_HIGH_VOLTAGE_GATED_CALCIUM_CHANNEL,NOT_QUALIFIED_EITHER,,,,,
GOBP_CALCIUM_ION_TRANSPORT,NOT_QUALIFIED_EITHER,,,,,
GOBP_CALCIUM_ION_TRANSPORT_INTO_CYTOSOL,NOT_QUALIFIED_EITHER,,,,,
GOBP_CALCIUM_MEDIATED_SIGNALING,NOT_QUALIFIED_EITHER,,,,,
GOBP_CAMERA_TYPE_EYE_MORPHOGENESIS,NOT_QUALIFIED_EITHER,,,,,
GOBP_CAMERA_TYPE_EYE_PHOTORECEPTOR_CELL_DIFFERENTIATION,NOT_QUALIFIED_EITHER,,,,,
GOBP_CAMP_METABOLIC_PROCESS,NOT_QUALIFIED_EITHER,,,,,
GOBP_CAMP_PKA_SIGNAL_TRANSDUCTION,NOT_QUALIFIED_EITHER,,,,,
GOBP_CANONICAL_NF_KAPPAB_SIGNAL_TRANSDUCTION,NOT_QUALIFIED_EITHER,,,,,
GOBP_CANONICAL_WNT_SIGNALING_PATHWAY,NOT_QUALIFIED_EITHER,,,,,
GOBP_CARBOHYDRATE_BIOSYNTHETIC_PROCESS,NOT_QUALIFIED_EITHER,,,,,
GOBP_CARBOHYDRATE_CATABOLIC_PROCESS,NOT_QUALIFIED_EITHER,,,,,
GOBP_CARBOHYDRATE_DERIVATIVE_CATABOLIC_PROCESS,NOT_QUALIFIED_EITHER,,,,,
GOBP_CARBOHYDRATE_DERIVATIVE_TRANSPORT,NOT_QUALIFIED_EITHER,,,,,
GOBP_CARBOHYDRATE_HOMEOSTASIS,NOT_QUALIFIED_EITHER,,,,,
GOBP_CARBOHYDRATE_METABOLIC_PROCESS,NOT_QUALIFIED_EITHER,,,,,
GOBP_CARBOHYDRATE_PHOSPHORYLATION,NOT_QUALIFIED_EITHER,,,,,
GOBP_CARBOHYDRATE_TRANSPORT,NOT_QUALIFIED_EITHER,,,,,
GOBP_CARBOXYLIC_ACID_TRANSMEMBRANE_TRANSPORT,NOT_QUALIFIED_EITHER,,,,,
GOBP_CARDIAC_ATRIUM_DEVELOPMENT,NOT_QUALIFIED_EITHER,,,,,
GOBP_CARDIAC_ATRIUM_MORPHOGENESIS,NOT_QUALIFIED_EITHER,,,,,
GOBP_CARDIAC_CELL_DEVELOPMENT,NOT_QUALIFIED_EITHER,,,,,
GOBP_CARDIAC_CHAMBER_DEVELOPMENT,QUALIFIED_BOTH,34.0,35.0,33.0,36.0,0.9166666666666666
GOBP_CARDIAC_CHAMBER_MORPHOGENESIS,QUALIFIED_BOTH,30.0,30.0,29.0,31.0,0.9354838709677419
GOBP_CARDIAC_CONDUCTION,NOT_QUALIFIED_EITHER,,,,,
GOBP_CARDIAC_CONDUCTION_SYSTEM_DEVELOPMENT,NOT_QUALIFIED_EITHER,,,,,
GOBP_CARDIAC_EPITHELIAL_TO_MESENCHYMAL_TRANSITION,NOT_QUALIFIED_EITHER,,,,,
GOBP_CARDIAC_MUSCLE_CELL_ACTION_POTENTIAL,NOT_QUALIFIED_EITHER,,,,,
GOBP_CARDIAC_MUSCLE_CELL_ACTION_POTENTIAL_INVOLVED_IN_CONTRACTION,NOT_QUALIFIED_EITHER,,,,,
GOBP_CARDIAC_MUSCLE_CELL_CONTRACTION,NOT_QUALIFIED_EITHER,,,,,
GOBP_CARDIAC_MUSCLE_CELL_DIFFERENTIATION,QUALIFIED_BOTH,38.0,32.0,32.0,38.0,0.8421052631578947
GOBP_CARDIAC_MUSCLE_CELL_MEMBRANE_REPOLARIZATION,NOT_QUALIFIED_EITHER,,,,,
GOBP_CARDIAC_MUSCLE_CELL_PROLIFERATION,NOT_QUALIFIED_EITHER,,,,,
GOBP_CARDIAC_MUSCLE_CONTRACTION,NOT_QUALIFIED_EITHER,,,,,
GOBP_CARDIAC_MUSCLE_TISSUE_DEVELOPMENT,QUALIFIED_BOTH,75.0,59.0,57.0,77.0,0.7402597402597403
GOBP_CARDIAC_MUSCLE_TISSUE_MORPHOGENESIS,NOT_QUALIFIED_EITHER,,,,,
GOBP_CARDIAC_MYOFIBRIL_ASSEMBLY,NOT_QUALIFIED_EITHER,,,,,
GOBP_CARDIAC_NEURAL_CREST_CELL_DIFFERENTIATION_INVOLVED_IN_HEART_DEVELOPMENT,NOT_QUALIFIED_EITHER,,,,,
GOBP_CARDIAC_SEPTUM_DEVELOPMENT,NOT_QUALIFIED_EITHER,,,,,
GOBP_CARDIAC_SEPTUM_MORPHOGENESIS,QUALIFIED_BOTH,14.0,15.0,14.0,15.0,0.9333333333333333
GOBP_CARDIAC_VENTRICLE_DEVELOPMENT,QUALIFIED_BOTH,24.0,24.0,23.0,25.0,0.92
GOBP_CARDIAC_VENTRICLE_MORPHOGENESIS,QUALIFIED_FIRST_ONLY,,,,,
GOBP_CARDIOCYTE_DIFFERENTIATION,QUALIFIED_BOTH,47.0,39.0,39.0,47.0,0.8297872340425532
GOBP_CARTILAGE_DEVELOPMENT,QUALIFIED_BOTH,46.0,46.0,44.0,48.0,0.9166666666666666
GOBP_CARTILAGE_DEVELOPMENT_INVOLVED_IN_ENDOCHONDRAL_BONE_MORPHOGENESIS,QUALIFIED_BOTH,11.0,12.0,11.0,12.0,0.9166666666666666
GOBP_CATECHOLAMINE_SECRETION,NOT_QUALIFIED_EITHER,,,,,
GOBP_CATECHOLAMINE_TRANSPORT,NOT_QUALIFIED_EITHER,,,,,
GOBP_CATECHOL_CONTAINING_COMPOUND_METABOLIC_PROCESS,NOT_QUALIFIED_EITHER,,,,,
GOBP_CD4_POSITIVE_ALPHA_BETA_T_CELL_ACTIVATION,NOT_QUALIFIED_EITHER,,,,,
GOBP_CD4_POSITIVE_OR_CD8_POSITIVE_ALPHA_BETA_T_CELL_LINEAGE_COMMITMENT,NOT_QUALIFIED_EITHER,,,,,
GOBP_CD8_POSITIVE_ALPHA_BETA_T_CELL_ACTIVATION,NOT_QUALIFIED_EITHER,,,,,
GOBP_CD8_POSITIVE_ALPHA_BETA_T_CELL_DIFFERENTIATION,NOT_QUALIFIED_EITHER,,,,,
GOBP_CD8_POSITIVE_ALPHA_BETA_T_CELL_HOMEOSTASIS,NOT_QUALIFIED_EITHER,,,,,
GOBP_CDP_DIACYLGLYCEROL_METABOLIC_PROCESS,NOT_QUALIFIED_EITHER,,,,,
GOBP_CELLULAR_COMPONENT_ASSEMBLY_INVOLVED_IN_MORPHOGENESIS,NOT_QUALIFIED_EITHER,,,,,
GOBP_CELLULAR_COMPONENT_DISASSEMBLY,NOT_QUALIFIED_EITHER,,,,,
GOBP_CELLULAR_COMPONENT_DISASSEMBLY_INVOLVED_IN_EXECUTION_PHASE_OF_APOPTOSIS,NOT_QUALIFIED_EITHER,,,,,
GOBP_CELLULAR_COMPONENT_MAINTENANCE,NOT_QUALIFIED_EITHER,,,,,
GOBP_CELLULAR_DEFENSE_RESPONSE,NOT_QUALIFIED_EITHER,,,,,
GOBP_CELLULAR_EXTRAVASATION,QUALIFIED_BOTH,10.0,10.0,10.0,10.0,1.0
GOBP_CELLULAR_HYPEROSMOTIC_RESPONSE,NOT_QUALIFIED_EITHER,,,,,
GOBP_CELLULAR_OXIDANT_DETOXIFICATION,NOT_QUALIFIED_EITHER,,,,,
GOBP_CELLULAR_PIGMENTATION,NOT_QUALIFIED_EITHER,,,,,
GOBP_CELLULAR_PROCESS_INVOLVED_IN_REPRODUCTION_IN_MULTICELLULAR_ORGANISM,NOT_QUALIFIED_EITHER,,,,,
GOBP_CELLULAR_RESPIRATION,NOT_QUALIFIED_EITHER,,,,,
GOBP_CELLULAR_RESPONSE_TO_ABIOTIC_STIMULUS,NOT_QUALIFIED_EITHER,,,,,
GOBP_CELLULAR_RESPONSE_TO_ACIDIC_PH,NOT_QUALIFIED_EITHER,,,,,
GOBP_CELLULAR_RESPONSE_TO_ACID_CHEMICAL,NOT_QUALIFIED_EITHER,,,,,
GOBP_CELLULAR_RESPONSE_TO_ALCOHOL,NOT_QUALIFIED_EITHER,,,,,
GOBP_CELLULAR_RESPONSE_TO_ALDEHYDE,NOT_QUALIFIED_EITHER,,,,,
GOBP_CELLULAR_RESPONSE_TO_ALKALOID,NOT_QUALIFIED_EITHER,,,,,
GOBP_CELLULAR_RESPONSE_TO_AMYLOID_BETA,NOT_QUALIFIED_EITHER,,,,,
GOBP_CELLULAR_RESPONSE_TO_ANGIOTENSIN,NOT_QUALIFIED_EITHER,,,,,
GOBP_CELLULAR_RESPONSE_TO_ARSENIC_CONTAINING_SUBSTANCE,NOT_QUALIFIED_EITHER,,,,,
GOBP_CELLULAR_RESPONSE_TO_ATP,NOT_QUALIFIED_EITHER,,,,,
GOBP_CELLULAR_RESPONSE_TO_BIOTIC_STIMULUS,NOT_QUALIFIED_EITHER,,,,,
GOBP_CELLULAR_RESPONSE_TO_CADMIUM_ION,NOT_QUALIFIED_EITHER,,,,,
GOBP_CELLULAR_RESPONSE_TO_CALCIUM_ION,NOT_QUALIFIED_EITHER,,,,,
GOBP_CELLULAR_RESPONSE_TO_CAMP,NOT_QUALIFIED_EITHER,,,,,
GOBP_CELLULAR_RESPONSE_TO_CARBOHYDRATE_STIMULUS,NOT_QUALIFIED_EITHER,,,,,
GOBP_CELLULAR_RESPONSE_TO_CHEMICAL_STRESS,NOT_QUALIFIED_EITHER,,,,,
GOBP_CELLULAR_RESPONSE_TO_CHOLESTEROL,NOT_QUALIFIED_EITHER,,,,,
GOBP_CELLULAR_RESPONSE_TO_COPPER_ION,NOT_QUALIFIED_EITHER,,,,,
GOBP_CELLULAR_RESPONSE_TO_CORTICOSTEROID_STIMULUS,QUALIFIED_BOTH,15.0,16.0,15.0,16.0,0.9375
GOBP_CELLULAR_RESPONSE_TO_DEXAMETHASONE_STIMULUS,NOT_QUALIFIED_EITHER,,,,,
GOBP_CELLULAR_RESPONSE_TO_DSRNA,NOT_QUALIFIED_EITHER,,,,,
GOBP_CELLULAR_RESPONSE_TO_ESTRADIOL_STIMULUS,NOT_QUALIFIED_EITHER,,,,,
GOBP_CELLULAR_RESPONSE_TO_ESTROGEN_STIMULUS,NOT_QUALIFIED_EITHER,,,,,
GOBP_CELLULAR_RESPONSE_TO_EXTERNAL_STIMULUS,NOT_QUALIFIED_EITHER,,,,,
GOBP_CELLULAR_RESPONSE_TO_FATTY_ACID,NOT_QUALIFIED_EITHER,,,,,
GOBP_CELLULAR_RESPONSE_TO_FLUID_SHEAR_STRESS,NOT_QUALIFIED_EITHER,,,,,
GOBP_CELLULAR_RESPONSE_TO_GAMMA_RADIATION,NOT_QUALIFIED_EITHER,,,,,
GOBP_CELLULAR_RESPONSE_TO_GLUCAGON_STIMULUS,NOT_QUALIFIED_EITHER,,,,,
GOBP_CELLULAR_RESPONSE_TO_GLUCOSE_STARVATION,NOT_QUALIFIED_EITHER,,,,,
GOBP_CELLULAR_RESPONSE_TO_GROWTH_HORMONE_STIMULUS,NOT_QUALIFIED_EITHER,,,,,
GOBP_CELLULAR_RESPONSE_TO_HEAT,NOT_QUALIFIED_EITHER,,,,,
GOBP_CELLULAR_RESPONSE_TO_HYDROGEN_PEROXIDE,NOT_QUALIFIED_EITHER,,,,,
GOBP_CELLULAR_RESPONSE_TO_INSULIN_STIMULUS,NOT_QUALIFIED_EITHER,,,,,
GOBP_CELLULAR_RESPONSE_TO_INTERFERON_BETA,NOT_QUALIFIED_EITHER,,,,,
GOBP_CELLULAR_RESPONSE_TO_INTERLEUKIN_1,NOT_QUALIFIED_EITHER,,,,,
GOBP_CELLULAR_RESPONSE_TO_IONIZING_RADIATION,NOT_QUALIFIED_EITHER,,,,,
GOBP_CELLULAR_RESPONSE_TO_KETONE,NOT_QUALIFIED_EITHER,,,,,
GOBP_CELLULAR_RESPONSE_TO_LEPTIN_STIMULUS,NOT_QUALIFIED_EITHER,,,,,
GOBP_CELLULAR_RESPONSE_TO_LIGHT_STIMULUS,NOT_QUALIFIED_EITHER,,,,,
GOBP_CELLULAR_RESPONSE_TO_LIPOPROTEIN_PARTICLE_STIMULUS,NOT_QUALIFIED_EITHER,,,,,
GOBP_CELLULAR_RESPONSE_TO_METAL_ION,NOT_QUALIFIED_EITHER,,,,,
GOBP_CELLULAR_RESPONSE_TO_MOLECULE_OF_BACTERIAL_ORIGIN,NOT_QUALIFIED_EITHER,,,,,
GOBP_CELLULAR_RESPONSE_TO_NUTRIENT,QUALIFIED_BOTH,15.0,15.0,15.0,15.0,1.0
GOBP_CELLULAR_RESPONSE_TO_NUTRIENT_LEVELS,NOT_QUALIFIED_EITHER,,,,,
GOBP_CELLULAR_RESPONSE_TO_OSMOTIC_STRESS,NOT_QUALIFIED_EITHER,,,,,
GOBP_CELLULAR_RESPONSE_TO_OXIDATIVE_STRESS,NOT_QUALIFIED_EITHER,,,,,
GOBP_CELLULAR_RESPONSE_TO_OXYGEN_LEVELS,QUALIFIED_BOTH,46.0,45.0,42.0,49.0,0.8571428571428571
GOBP_CELLULAR_RESPONSE_TO_OXYGEN_RADICAL,NOT_QUALIFIED_EITHER,,,,,
GOBP_CELLULAR_RESPONSE_TO_PEPTIDE_HORMONE_STIMULUS,NOT_QUALIFIED_EITHER,,,,,
GOBP_CELLULAR_RESPONSE_TO_PH,NOT_QUALIFIED_EITHER,,,,,
GOBP_CELLULAR_RESPONSE_TO_PROSTAGLANDIN_E_STIMULUS,NOT_QUALIFIED_EITHER,,,,,
GOBP_CELLULAR_RESPONSE_TO_PROSTAGLANDIN_STIMULUS,NOT_QUALIFIED_EITHER,,,,,
GOBP_CELLULAR_RESPONSE_TO_RADIATION,NOT_QUALIFIED_EITHER,,,,,
GOBP_CELLULAR_RESPONSE_TO_REACTIVE_NITROGEN_SPECIES,NOT_QUALIFIED_EITHER,,,,,
GOBP_CELLULAR_RESPONSE_TO_REACTIVE_OXYGEN_SPECIES,NOT_QUALIFIED_EITHER,,,,,
GOBP_CELLULAR_RESPONSE_TO_RETINOIC_ACID,NOT_QUALIFIED_EITHER,,,,,
GOBP_CELLULAR_RESPONSE_TO_STARVATION,NOT_QUALIFIED_EITHER,,,,,
GOBP_CELLULAR_RESPONSE_TO_STEROID_HORMONE_STIMULUS,NOT_QUALIFIED_EITHER,,,,,
GOBP_CELLULAR_RESPONSE_TO_STEROL,NOT_QUALIFIED_EITHER,,,,,
GOBP_CELLULAR_RESPONSE_TO_TOPOLOGICALLY_INCORRECT_PROTEIN,QUALIFIED_SECOND_ONLY,,,,,
GOBP_CELLULAR_RESPONSE_TO_TOXIC_SUBSTANCE,NOT_QUALIFIED_EITHER,,,,,
GOBP_CELLULAR_RESPONSE_TO_TYPE_II_INTERFERON,NOT_QUALIFIED_EITHER,,,,,
GOBP_CELLULAR_RESPONSE_TO_UNFOLDED_PROTEIN,QUALIFIED_SECOND_ONLY,,,,,
GOBP_CELLULAR_RESPONSE_TO_UV,NOT_QUALIFIED_EITHER,,,,,
GOBP_CELLULAR_RESPONSE_TO_VASCULAR_ENDOTHELIAL_GROWTH_FACTOR_STIMULUS,NOT_QUALIFIED_EITHER,,,,,
GOBP_CELLULAR_RESPONSE_TO_VIRUS,NOT_QUALIFIED_EITHER,,,,,
GOBP_CELLULAR_RESPONSE_TO_VITAMIN,NOT_QUALIFIED_EITHER,,,,,
GOBP_CELLULAR_RESPONSE_TO_VITAMIN_D,NOT_QUALIFIED_EITHER,,,,,
GOBP_CELLULAR_RESPONSE_TO_XENOBIOTIC_STIMULUS,NOT_QUALIFIED_EITHER,,,,,
GOBP_CELLULAR_SENESCENCE,NOT_QUALIFIED_EITHER,,,,,
GOBP_CELL_ACTIVATION_INVOLVED_IN_IMMUNE_RESPONSE,NOT_QUALIFIED_EITHER,,,,,
GOBP_CELL_ADHESION_MEDIATED_BY_INTEGRIN,NOT_QUALIFIED_EITHER,,,,,
GOBP_CELL_CELL_ADHESION_MEDIATED_BY_CADHERIN,NOT_QUALIFIED_EITHER,,,,,
GOBP_CELL_CELL_ADHESION_MEDIATED_BY_INTEGRIN,NOT_QUALIFIED_EITHER,,,,,
GOBP_CELL_CELL_JUNCTION_ASSEMBLY,NOT_QUALIFIED_EITHER,,,,,
GOBP_CELL_CELL_JUNCTION_MAINTENANCE,NOT_QUALIFIED_EITHER,,,,,
GOBP_CELL_CELL_JUNCTION_ORGANIZATION,NOT_QUALIFIED_EITHER,,,,,
GOBP_CELL_CELL_RECOGNITION,NOT_QUALIFIED_EITHER,,,,,
GOBP_CELL_CELL_SIGNALING_INVOLVED_IN_CARDIAC_CONDUCTION,NOT_QUALIFIED_EITHER,,,,,
GOBP_CELL_CHEMOTAXIS,NOT_QUALIFIED_EITHER,,,,,
GOBP_CELL_COMMUNICATION_BY_ELECTRICAL_COUPLING,NOT_QUALIFIED_EITHER,,,,,
GOBP_CELL_COMMUNICATION_BY_ELECTRICAL_COUPLING_INVOLVED_IN_CARDIAC_CONDUCTION,QUALIFIED_FIRST_ONLY,,,,,
GOBP_CELL_COMMUNICATION_INVOLVED_IN_CARDIAC_CONDUCTION,NOT_QUALIFIED_EITHER,,,,,
GOBP_CELL_CYCLE_CHECKPOINT_SIGNALING,NOT_QUALIFIED_EITHER,,,,,
GOBP_CELL_CYCLE_DNA_REPLICATION,NOT_QUALIFIED_EITHER,,,,,
GOBP_CELL_CYCLE_G1_S_PHASE_TRANSITION,NOT_QUALIFIED_EITHER,,,,,
GOBP_CELL_CYCLE_G2_M_PHASE_TRANSITION,NOT_QUALIFIED_EITHER,,,,,
GOBP_CELL_DIFFERENTIATION_INVOLVED_IN_EMBRYONIC_PLACENTA_DEVELOPMENT,NOT_QUALIFIED_EITHER,,,,,
GOBP_CELL_DIFFERENTIATION_INVOLVED_IN_KIDNEY_DEVELOPMENT,NOT_QUALIFIED_EITHER,,,,,
GOBP_CELL_DIFFERENTIATION_INVOLVED_IN_METANEPHROS_DEVELOPMENT,NOT_QUALIFIED_EITHER,,,,,
GOBP_CELL_DIFFERENTIATION_IN_HINDBRAIN,NOT_QUALIFIED_EITHER,,,,,
GOBP_CELL_DIFFERENTIATION_IN_SPINAL_CORD,NOT_QUALIFIED_EITHER,,,,,
GOBP_CELL_FATE_COMMITMENT,QUALIFIED_FIRST_ONLY,,,,,
GOBP_CELL_FATE_COMMITMENT_INVOLVED_IN_FORMATION_OF_PRIMARY_GERM_LAYER,NOT_QUALIFIED_EITHER,,,,,
GOBP_CELL_FATE_DETERMINATION,NOT_QUALIFIED_EITHER,,,,,
GOBP_CELL_FATE_SPECIFICATION,NOT_QUALIFIED_EITHER,,,,,
GOBP_CELL_GROWTH,NOT_QUALIFIED_EITHER,,,,,
GOBP_CELL_JUNCTION_ASSEMBLY,NOT_QUALIFIED_EITHER,,,,,
GOBP_CELL_JUNCTION_DISASSEMBLY,NOT_QUALIFIED_EITHER,,,,,
GOBP_CELL_JUNCTION_MAINTENANCE,NOT_QUALIFIED_EITHER,,,,,
GOBP_CELL_KILLING,NOT_QUALIFIED_EITHER,,,,,
GOBP_CELL_MATRIX_ADHESION,NOT_QUALIFIED_EITHER,,,,,
GOBP_CELL_MATURATION,NOT_QUALIFIED_EITHER,,,,,
GOBP_CELL_MIGRATION_INVOLVED_IN_HEART_DEVELOPMENT,NOT_QUALIFIED_EITHER,,,,,
GOBP_CELL_MIGRATION_INVOLVED_IN_SPROUTING_ANGIOGENESIS,QUALIFIED_BOTH,15.0,14.0,14.0,15.0,0.9333333333333333
GOBP_CELL_PROLIFERATION_INVOLVED_IN_HEART_MORPHOGENESIS,NOT_QUALIFIED_EITHER,,,,,
GOBP_CELL_PROLIFERATION_INVOLVED_IN_KIDNEY_DEVELOPMENT,NOT_QUALIFIED_EITHER,,,,,
GOBP_CELL_PROLIFERATION_IN_FOREBRAIN,NOT_QUALIFIED_EITHER,,,,,
GOBP_CELL_RECOGNITION,NOT_QUALIFIED_EITHER,,,,,
GOBP_CELL_REDOX_HOMEOSTASIS,NOT_QUALIFIED_EITHER,,,,,
GOBP_CELL_SUBSTRATE_ADHESION,NOT_QUALIFIED_EITHER,,,,,
GOBP_CELL_SUBSTRATE_JUNCTION_ORGANIZATION,NOT_QUALIFIED_EITHER,,,,,
GOBP_CELL_SURFACE_PATTERN_RECOGNITION_RECEPTOR_SIGNALING_PATHWAY,NOT_QUALIFIED_EITHER,,,,,
GOBP_CELL_SURFACE_RECEPTOR_PROTEIN_SERINE_THREONINE_KINASE_SIGNALING_PATHWAY,NOT_QUALIFIED_EITHER,,,,,
GOBP_CELL_SURFACE_RECEPTOR_SIGNALING_PATHWAY_VIA_JAK_STAT,QUALIFIED_BOTH,26.0,33.0,26.0,33.0,0.7878787878787878
GOBP_CELL_SURFACE_RECEPTOR_SIGNALING_PATHWAY_VIA_STAT,QUALIFIED_BOTH,28.0,35.0,28.0,35.0,0.8
GOBP_CELL_SURFACE_TOLL_LIKE_RECEPTOR_SIGNALING_PATHWAY,NOT_QUALIFIED_EITHER,,,,,
GOBP_CELL_VOLUME_HOMEOSTASIS,NOT_QUALIFIED_EITHER,,,,,
GOBP_CENTRAL_NERVOUS_SYSTEM_NEURON_AXONOGENESIS,NOT_QUALIFIED_EITHER,,,,,
GOBP_CENTRAL_NERVOUS_SYSTEM_NEURON_DEVELOPMENT,QUALIFIED_BOTH,29.0,28.0,27.0,30.0,0.9
GOBP_CENTRAL_NERVOUS_SYSTEM_NEURON_DIFFERENTIATION,NOT_QUALIFIED_EITHER,,,,,
GOBP_CENTRAL_NERVOUS_SYSTEM_PROJECTION_NEURON_AXONOGENESIS,NOT_QUALIFIED_EITHER,,,,,
GOBP_CENTRIOLE_ASSEMBLY,NOT_QUALIFIED_EITHER,,,,,
GOBP_CENTRIOLE_CENTRIOLE_COHESION,NOT_QUALIFIED_EITHER,,,,,
GOBP_CENTROSOME_DUPLICATION,NOT_QUALIFIED_EITHER,,,,,
GOBP_CENTROSOME_SEPARATION,NOT_QUALIFIED_EITHER,,,,,
GOBP_CERAMIDE_BIOSYNTHETIC_PROCESS,NOT_QUALIFIED_EITHER,,,,,
GOBP_CERAMIDE_CATABOLIC_PROCESS,NOT_QUALIFIED_EITHER,,,,,
GOBP_CERAMIDE_METABOLIC_PROCESS,NOT_QUALIFIED_EITHER,,,,,
GOBP_CEREBELLAR_CORTEX_DEVELOPMENT,NOT_QUALIFIED_EITHER,,,,,
GOBP_CEREBELLAR_CORTEX_FORMATION,NOT_QUALIFIED_EITHER,,,,,
GOBP_CEREBELLAR_CORTEX_MORPHOGENESIS,NOT_QUALIFIED_EITHER,,,,,
GOBP_CEREBELLAR_PURKINJE_CELL_LAYER_DEVELOPMENT,NOT_QUALIFIED_EITHER,,,,,
GOBP_CEREBELLAR_PURKINJE_CELL_LAYER_MORPHOGENESIS,NOT_QUALIFIED_EITHER,,,,,
GOBP_CEREBRAL_CORTEX_CELL_MIGRATION,NOT_QUALIFIED_EITHER,,,,,
GOBP_CEREBRAL_CORTEX_DEVELOPMENT,NOT_QUALIFIED_EITHER,,,,,
GOBP_CEREBRAL_CORTEX_NEURON_DIFFERENTIATION,NOT_QUALIFIED_EITHER,,,,,
GOBP_CEREBRAL_CORTEX_RADIALLY_ORIENTED_CELL_MIGRATION,NOT_QUALIFIED_EITHER,,,,,
GOBP_CGAS_STING_SIGNALING_PATHWAY,NOT_QUALIFIED_EITHER,,,,,
GOBP_CHAPERONE_MEDIATED_AUTOPHAGY,NOT_QUALIFIED_EITHER,,,,,
GOBP_CHAPERONE_MEDIATED_PROTEIN_COMPLEX_ASSEMBLY,NOT_QUALIFIED_EITHER,,,,,
GOBP_CHEMICAL_SYNAPTIC_TRANSMISSION_POSTSYNAPTIC,NOT_QUALIFIED_EITHER,,,,,
GOBP_CHEMOKINE_C_X_C_MOTIF_LIGAND_2_PRODUCTION,NOT_QUALIFIED_EITHER,,,,,
GOBP_CHEMOKINE_PRODUCTION,QUALIFIED_FIRST_ONLY,,,,,
GOBP_CHLORIDE_TRANSPORT,NOT_QUALIFIED_EITHER,,,,,
GOBP_CHOLESTEROL_BIOSYNTHETIC_PROCESS_VIA_DESMOSTEROL,QUALIFIED_BOTH,13.0,14.0,13.0,14.0,0.9285714285714286
GOBP_CHOLESTEROL_EFFLUX,NOT_QUALIFIED_EITHER,,,,,
GOBP_CHOLESTEROL_STORAGE,QUALIFIED_SECOND_ONLY,,,,,
GOBP_CHONDROCYTE_DEVELOPMENT,QUALIFIED_BOTH,17.0,15.0,15.0,17.0,0.8823529411764706
GOBP_CHONDROCYTE_DIFFERENTIATION,QUALIFIED_BOTH,42.0,33.0,33.0,42.0,0.7857142857142857
GOBP_CHONDROCYTE_PROLIFERATION,QUALIFIED_BOTH,8.0,9.0,8.0,9.0,0.8888888888888888
GOBP_CHONDROITIN_SULFATE_PROTEOGLYCAN_BIOSYNTHETIC_PROCESS,NOT_QUALIFIED_EITHER,,,,,
GOBP_CHONDROITIN_SULFATE_PROTEOGLYCAN_METABOLIC_PROCESS,NOT_QUALIFIED_EITHER,,,,,
GOBP_CHROMATIN_LOOPING,NOT_QUALIFIED_EITHER,,,,,
GOBP_CHROMOSOME_CONDENSATION,NOT_QUALIFIED_EITHER,,,,,
GOBP_CHROMOSOME_LOCALIZATION,NOT_QUALIFIED_EITHER,,,,,
GOBP_CHROMOSOME_ORGANIZATION_INVOLVED_IN_MEIOTIC_CELL_CYCLE,NOT_QUALIFIED_EITHER,,,,,
GOBP_CHROMOSOME_SEGREGATION,NOT_QUALIFIED_EITHER,,,,,
GOBP_CHROMOSOME_SEPARATION,NOT_QUALIFIED_EITHER,,,,,
GOBP_CHRONIC_INFLAMMATORY_RESPONSE,NOT_QUALIFIED_EITHER,,,,,
GOBP_CILIUM_MOVEMENT,NOT_QUALIFIED_EITHER,,,,,
GOBP_CILIUM_ORGANIZATION,NOT_QUALIFIED_EITHER,,,,,
GOBP_CILIUM_OR_FLAGELLUM_DEPENDENT_CELL_MOTILITY,NOT_QUALIFIED_EITHER,,,,,
GOBP_CIRCADIAN_REGULATION_OF_GENE_EXPRESSION,QUALIFIED_BOTH,22.0,29.0,22.0,29.0,0.7586206896551724
GOBP_CIRCADIAN_RHYTHM,QUALIFIED_FIRST_ONLY,,,,,
GOBP_CIRCULATORY_SYSTEM_PROCESS,NOT_QUALIFIED_EITHER,,,,,
GOBP_CLATHRIN_COAT_ASSEMBLY,NOT_QUALIFIED_EITHER,,,,,
GOBP_CLATHRIN_DEPENDENT_ENDOCYTOSIS,NOT_QUALIFIED_EITHER,,,,,
GOBP_COCHLEA_DEVELOPMENT,NOT_QUALIFIED_EITHER,,,,,
GOBP_COCHLEA_MORPHOGENESIS,NOT_QUALIFIED_EITHER,,,,,
GOBP_COENZYME_A_METABOLIC_PROCESS,NOT_QUALIFIED_EITHER,,,,,
GOBP_COGNITION,NOT_QUALIFIED_EITHER,,,,,
GOBP_COLLAGEN_BIOSYNTHETIC_PROCESS,NOT_QUALIFIED_EITHER,,,,,
GOBP_COLLAGEN_CATABOLIC_PROCESS,NOT_QUALIFIED_EITHER,,,,,
GOBP_COLLAGEN_FIBRIL_ORGANIZATION,NOT_QUALIFIED_EITHER,,,,,
GOBP_COLLAGEN_METABOLIC_PROCESS,NOT_QUALIFIED_EITHER,,,,,
GOBP_COLLATERAL_SPROUTING,NOT_QUALIFIED_EITHER,,,,,
GOBP_COLUMNAR_CUBOIDAL_EPITHELIAL_CELL_DEVELOPMENT,QUALIFIED_BOTH,9.0,5.0,5.0,9.0,0.5555555555555556
GOBP_COLUMNAR_CUBOIDAL_EPITHELIAL_CELL_DIFFERENTIATION,QUALIFIED_BOTH,20.0,20.0,19.0,21.0,0.9047619047619048
GOBP_COMPLEMENT_ACTIVATION,NOT_QUALIFIED_EITHER,,,,,
GOBP_COMPLEMENT_ACTIVATION_CLASSICAL_PATHWAY,NOT_QUALIFIED_EITHER,,,,,
GOBP_CONNECTIVE_TISSUE_DEVELOPMENT,QUALIFIED_BOTH,71.0,78.0,67.0,82.0,0.8170731707317073
GOBP_CONNECTIVE_TISSUE_REPLACEMENT,NOT_QUALIFIED_EITHER,,,,,
GOBP_CONSTITUTIVE_HETEROCHROMATIN_FORMATION,NOT_QUALIFIED_EITHER,,,,,
GOBP_CONVERGENT_EXTENSION,NOT_QUALIFIED_EITHER,,,,,
GOBP_COPII_COATED_VESICLE_BUDDING,QUALIFIED_SECOND_ONLY,,,,,
GOBP_COPII_COATED_VESICLE_CARGO_LOADING,NOT_QUALIFIED_EITHER,,,,,
GOBP_COPPER_ION_HOMEOSTASIS,NOT_QUALIFIED_EITHER,,,,,
GOBP_CORONARY_VASCULATURE_DEVELOPMENT,NOT_QUALIFIED_EITHER,,,,,
GOBP_CORPUS_CALLOSUM_DEVELOPMENT,NOT_QUALIFIED_EITHER,,,,,
GOBP_CORTICAL_ACTIN_CYTOSKELETON_ORGANIZATION,NOT_QUALIFIED_EITHER,,,,,
GOBP_CORTICAL_CYTOSKELETON_ORGANIZATION,NOT_QUALIFIED_EITHER,,,,,
GOBP_COTRANSLATIONAL_PROTEIN_TARGETING_TO_MEMBRANE,QUALIFIED_BOTH,7.0,10.0,7.0,10.0,0.7
GOBP_CRANIAL_NERVE_DEVELOPMENT,NOT_QUALIFIED_EITHER,,,,,
GOBP_CRANIAL_NERVE_MORPHOGENESIS,NOT_QUALIFIED_EITHER,,,,,
GOBP_CRANIAL_SKELETAL_SYSTEM_DEVELOPMENT,NOT_QUALIFIED_EITHER,,,,,
GOBP_CRISTAE_FORMATION,NOT_QUALIFIED_EITHER,,,,,
GOBP_CYCLIC_NUCLEOTIDE_BIOSYNTHETIC_PROCESS,NOT_QUALIFIED_EITHER,,,,,
GOBP_CYCLIC_NUCLEOTIDE_METABOLIC_PROCESS,NOT_QUALIFIED_EITHER,,,,,
GOBP_CYTOCHROME_COMPLEX_ASSEMBLY,NOT_QUALIFIED_EITHER,,,,,
GOBP_CYTOKINESIS,NOT_QUALIFIED_EITHER,,,,,
GOBP_CYTOKINETIC_PROCESS,NOT_QUALIFIED_EITHER,,,,,
GOBP_CYTOKINE_MEDIATED_SIGNALING_PATHWAY,NOT_QUALIFIED_EITHER,,,,,
GOBP_CYTOKINE_PRODUCTION_INVOLVED_IN_IMMUNE_RESPONSE,NOT_QUALIFIED_EITHER,,,,,
GOBP_CYTOKINE_PRODUCTION_INVOLVED_IN_INFLAMMATORY_RESPONSE,QUALIFIED_BOTH,15.0,16.0,15.0,16.0,0.9375
GOBP_CYTOPLASMIC_MICROTUBULE_ORGANIZATION,NOT_QUALIFIED_EITHER,,,,,
GOBP_CYTOPLASMIC_PATTERN_RECOGNITION_RECEPTOR_SIGNALING_PATHWAY,NOT_QUALIFIED_EITHER,,,,,
GOBP_CYTOPLASMIC_TRANSLATION,QUALIFIED_BOTH,95.0,91.0,84.0,102.0,0.8235294117647058
GOBP_CYTOPLASMIC_TRANSLATIONAL_INITIATION,NOT_QUALIFIED_EITHER,,,,,
GOBP_CYTOSKELETON_DEPENDENT_CYTOKINESIS,NOT_QUALIFIED_EITHER,,,,,
GOBP_CYTOSKELETON_DEPENDENT_INTRACELLULAR_TRANSPORT,NOT_QUALIFIED_EITHER,,,,,
GOBP_CYTOSOLIC_TRANSPORT,NOT_QUALIFIED_EITHER,,,,,
GOBP_DECIDUALIZATION,QUALIFIED_BOTH,7.0,5.0,5.0,7.0,0.7142857142857143
GOBP_DEFENSE_RESPONSE_TO_BACTERIUM,NOT_QUALIFIED_EITHER,,,,,
GOBP_DEFENSE_RESPONSE_TO_GRAM_NEGATIVE_BACTERIUM,NOT_QUALIFIED_EITHER,,,,,
GOBP_DEFENSE_RESPONSE_TO_GRAM_POSITIVE_BACTERIUM,NOT_QUALIFIED_EITHER,,,,,
GOBP_DEFENSE_RESPONSE_TO_VIRUS,NOT_QUALIFIED_EITHER,,,,,
GOBP_DEFINITIVE_HEMOPOIESIS,NOT_QUALIFIED_EITHER,,,,,
GOBP_DENDRITE_DEVELOPMENT,NOT_QUALIFIED_EITHER,,,,,
GOBP_DENDRITE_EXTENSION,NOT_QUALIFIED_EITHER,,,,,
GOBP_DENDRITE_MORPHOGENESIS,NOT_QUALIFIED_EITHER,,,,,
GOBP_DENDRITIC_CELL_CHEMOTAXIS,NOT_QUALIFIED_EITHER,,,,,
GOBP_DENDRITIC_CELL_CYTOKINE_PRODUCTION,NOT_QUALIFIED_EITHER,,,,,
GOBP_DENDRITIC_CELL_DIFFERENTIATION,NOT_QUALIFIED_EITHER,,,,,
GOBP_DENDRITIC_CELL_MIGRATION,NOT_QUALIFIED_EITHER,,,,,
GOBP_DENDRITIC_SPINE_DEVELOPMENT,NOT_QUALIFIED_EITHER,,,,,
GOBP_DENDRITIC_SPINE_MAINTENANCE,NOT_QUALIFIED_EITHER,,,,,
GOBP_DENDRITIC_SPINE_MORPHOGENESIS,NOT_QUALIFIED_EITHER,,,,,
GOBP_DENDRITIC_TRANSPORT,NOT_QUALIFIED_EITHER,,,,,
GOBP_DENTATE_GYRUS_DEVELOPMENT,NOT_QUALIFIED_EITHER,,,,,
GOBP_DEOXYRIBONUCLEOTIDE_BIOSYNTHETIC_PROCESS,NOT_QUALIFIED_EITHER,,,,,
GOBP_DEOXYRIBONUCLEOTIDE_CATABOLIC_PROCESS,NOT_QUALIFIED_EITHER,,,,,
GOBP_DEOXYRIBONUCLEOTIDE_METABOLIC_PROCESS,NOT_QUALIFIED_EITHER,,,,,
GOBP_DEPHOSPHORYLATION,NOT_QUALIFIED_EITHER,,,,,
GOBP_DERMATAN_SULFATE_PROTEOGLYCAN_METABOLIC_PROCESS,NOT_QUALIFIED_EITHER,,,,,
GOBP_DETECTION_OF_ABIOTIC_STIMULUS,NOT_QUALIFIED_EITHER,,,,,
GOBP_DETECTION_OF_BACTERIUM,NOT_QUALIFIED_EITHER,,,,,
GOBP_DETECTION_OF_BIOTIC_STIMULUS,NOT_QUALIFIED_EITHER,,,,,
GOBP_DETECTION_OF_CHEMICAL_STIMULUS,NOT_QUALIFIED_EITHER,,,,,
GOBP_DETECTION_OF_EXTERNAL_BIOTIC_STIMULUS,NOT_QUALIFIED_EITHER,,,,,
GOBP_DETECTION_OF_LIGHT_STIMULUS,NOT_QUALIFIED_EITHER,,,,,
GOBP_DETECTION_OF_LIGHT_STIMULUS_INVOLVED_IN_SENSORY_PERCEPTION,NOT_QUALIFIED_EITHER,,,,,
GOBP_DETECTION_OF_MECHANICAL_STIMULUS,NOT_QUALIFIED_EITHER,,,,,
GOBP_DETECTION_OF_MECHANICAL_STIMULUS_INVOLVED_IN_SENSORY_PERCEPTION,NOT_QUALIFIED_EITHER,,,,,
GOBP_DETECTION_OF_MECHANICAL_STIMULUS_INVOLVED_IN_SENSORY_PERCEPTION_OF_SOUND,QUALIFIED_SECOND_ONLY,,,,,
GOBP_DETECTION_OF_OTHER_ORGANISM,NOT_QUALIFIED_EITHER,,,,,
GOBP_DETECTION_OF_STIMULUS,NOT_QUALIFIED_EITHER,,,,,
GOBP_DETECTION_OF_STIMULUS_INVOLVED_IN_SENSORY_PERCEPTION,NOT_QUALIFIED_EITHER,,,,,
GOBP_DETECTION_OF_STIMULUS_INVOLVED_IN_SENSORY_PERCEPTION_OF_PAIN,NOT_QUALIFIED_EITHER,,,,,
GOBP_DETECTION_OF_TEMPERATURE_STIMULUS,NOT_QUALIFIED_EITHER,,,,,
GOBP_DETECTION_OF_TEMPERATURE_STIMULUS_INVOLVED_IN_SENSORY_PERCEPTION_OF_PAIN,NOT_QUALIFIED_EITHER,,,,,
GOBP_DETECTION_OF_VISIBLE_LIGHT,NOT_QUALIFIED_EITHER,,,,,
GOBP_DETERMINATION_OF_ADULT_LIFESPAN,NOT_QUALIFIED_EITHER,,,,,
GOBP_DETOXIFICATION,NOT_QUALIFIED_EITHER,,,,,
GOBP_DEVELOPMENTAL_CELL_GROWTH,NOT_QUALIFIED_EITHER,,,,,
GOBP_DEVELOPMENTAL_GROWTH_INVOLVED_IN_MORPHOGENESIS,NOT_QUALIFIED_EITHER,,,,,
GOBP_DEVELOPMENTAL_INDUCTION,NOT_QUALIFIED_EITHER,,,,,
GOBP_DEVELOPMENTAL_MATURATION,NOT_QUALIFIED_EITHER,,,,,
GOBP_DEVELOPMENTAL_PIGMENTATION,NOT_QUALIFIED_EITHER,,,,,
GOBP_DEVELOPMENT_OF_PRIMARY_FEMALE_SEXUAL_CHARACTERISTICS,NOT_QUALIFIED_EITHER,,,,,
GOBP_DEVELOPMENT_OF_PRIMARY_SEXUAL_CHARACTERISTICS,NOT_QUALIFIED_EITHER,,,,,
GOBP_DIACYLGLYCEROL_METABOLIC_PROCESS,NOT_QUALIFIED_EITHER,,,,,
GOBP_DICARBOXYLIC_ACID_METABOLIC_PROCESS,NOT_QUALIFIED_EITHER,,,,,
GOBP_DICARBOXYLIC_ACID_TRANSPORT,NOT_QUALIFIED_EITHER,,,,,
GOBP_DIENCEPHALON_DEVELOPMENT,NOT_QUALIFIED_EITHER,,,,,
GOBP_DIGESTION,NOT_QUALIFIED_EITHER,,,,,
GOBP_DIGESTIVE_SYSTEM_DEVELOPMENT,NOT_QUALIFIED_EITHER,,,,,
GOBP_DIGESTIVE_SYSTEM_PROCESS,NOT_QUALIFIED_EITHER,,,,,
GOBP_DIGESTIVE_TRACT_MORPHOGENESIS,NOT_QUALIFIED_EITHER,,,,,
GOBP_DIOL_BIOSYNTHETIC_PROCESS,NOT_QUALIFIED_EITHER,,,,,
GOBP_DIOL_METABOLIC_PROCESS,NOT_QUALIFIED_EITHER,,,,,
GOBP_DISRUPTION_OF_ANATOMICAL_STRUCTURE_IN_ANOTHER_ORGANISM,NOT_QUALIFIED_EITHER,,,,,
GOBP_DITERPENOID_METABOLIC_PROCESS,NOT_QUALIFIED_EITHER,,,,,
GOBP_DNA_BIOSYNTHETIC_PROCESS,NOT_QUALIFIED_EITHER,,,,,
GOBP_DNA_CATABOLIC_PROCESS,NOT_QUALIFIED_EITHER,,,,,
GOBP_DNA_CONFORMATION_CHANGE,NOT_QUALIFIED_EITHER,,,,,
GOBP_DNA_DAMAGE_RESPONSE_SIGNAL_TRANSDUCTION_BY_P53_CLASS_MEDIATOR,NOT_QUALIFIED_EITHER,,,,,
GOBP_DNA_DAMAGE_TOLERANCE,NOT_QUALIFIED_EITHER,,,,,
GOBP_DNA_DOUBLE_STRAND_BREAK_PROCESSING,NOT_QUALIFIED_EITHER,,,,,
GOBP_DNA_INTEGRITY_CHECKPOINT_SIGNALING,NOT_QUALIFIED_EITHER,,,,,
GOBP_DNA_METHYLATION_DEPENDENT_CONSTITUTIVE_HETEROCHROMATIN_FORMATION,NOT_QUALIFIED_EITHER,,,,,
GOBP_DNA_MODIFICATION,QUALIFIED_BOTH,10.0,11.0,10.0,11.0,0.9090909090909091
GOBP_DNA_RECOMBINATION,NOT_QUALIFIED_EITHER,,,,,
GOBP_DNA_REPAIR_DEPENDENT_CHROMATIN_REMODELING,NOT_QUALIFIED_EITHER,,,,,
GOBP_DNA_REPLICATION,NOT_QUALIFIED_EITHER,,,,,
GOBP_DNA_REPLICATION_CHECKPOINT_SIGNALING,NOT_QUALIFIED_EITHER,,,,,
GOBP_DNA_REPLICATION_INITIATION,NOT_QUALIFIED_EITHER,,,,,
GOBP_DNA_STRAND_ELONGATION,NOT_QUALIFIED_EITHER,,,,,
GOBP_DNA_STRAND_ELONGATION_INVOLVED_IN_DNA_REPLICATION,NOT_QUALIFIED_EITHER,,,,,
GOBP_DNA_SYNTHESIS_INVOLVED_IN_DNA_REPAIR,NOT_QUALIFIED_EITHER,,,,,
GOBP_DNA_SYNTHESIS_INVOLVED_IN_DNA_REPLICATION,NOT_QUALIFIED_EITHER,,,,,
GOBP_DNA_TEMPLATED_DNA_REPLICATION,NOT_QUALIFIED_EITHER,,,,,
GOBP_DNA_TEMPLATED_DNA_REPLICATION_MAINTENANCE_OF_FIDELITY,NOT_QUALIFIED_EITHER,,,,,
GOBP_DNA_TEMPLATED_TRANSCRIPTION_ELONGATION,NOT_QUALIFIED_EITHER,,,,,
GOBP_DNA_TEMPLATED_TRANSCRIPTION_INITIATION,NOT_QUALIFIED_EITHER,,,,,
GOBP_DNA_TEMPLATED_TRANSCRIPTION_TERMINATION,NOT_QUALIFIED_EITHER,,,,,
GOBP_DOLICHOL_LINKED_OLIGOSACCHARIDE_BIOSYNTHETIC_PROCESS,NOT_QUALIFIED_EITHER,,,,,
GOBP_DOPAMINERGIC_NEURON_DIFFERENTIATION,NOT_QUALIFIED_EITHER,,,,,
GOBP_DOPAMINE_METABOLIC_PROCESS,NOT_QUALIFIED_EITHER,,,,,
GOBP_DOPAMINE_SECRETION,NOT_QUALIFIED_EITHER,,,,,
GOBP_DOPAMINE_TRANSPORT,NOT_QUALIFIED_EITHER,,,,,
GOBP_DORSAL_VENTRAL_PATTERN_FORMATION,NOT_QUALIFIED_EITHER,,,,,
GOBP_DOSAGE_COMPENSATION_BY_INACTIVATION_OF_X_CHROMOSOME,NOT_QUALIFIED_EITHER,,,,,
GOBP_DOUBLE_STRAND_BREAK_REPAIR,NOT_QUALIFIED_EITHER,,,,,
GOBP_DOUBLE_STRAND_BREAK_REPAIR_VIA_NONHOMOLOGOUS_END_JOINING,NOT_QUALIFIED_EITHER,,,,,
GOBP_D_GLUCOSE_IMPORT,NOT_QUALIFIED_EITHER,,,,,
GOBP_EARLY_ENDOSOME_TO_GOLGI_TRANSPORT,NOT_QUALIFIED_EITHER,,,,,
GOBP_EAR_DEVELOPMENT,NOT_QUALIFIED_EITHER,,,,,
GOBP_EAR_MORPHOGENESIS,NOT_QUALIFIED_EITHER,,,,,
GOBP_EATING_BEHAVIOR,NOT_QUALIFIED_EITHER,,,,,
GOBP_ECTODERM_DEVELOPMENT,NOT_QUALIFIED_EITHER,,,,,
GOBP_ELASTIC_FIBER_ASSEMBLY,NOT_QUALIFIED_EITHER,,,,,
GOBP_ELECTRON_TRANSPORT_CHAIN,NOT_QUALIFIED_EITHER,,,,,
GOBP_EMBRYONIC_APPENDAGE_MORPHOGENESIS,NOT_QUALIFIED_EITHER,,,,,
GOBP_EMBRYONIC_AXIS_SPECIFICATION,NOT_QUALIFIED_EITHER,,,,,
GOBP_EMBRYONIC_BRAIN_DEVELOPMENT,NOT_QUALIFIED_EITHER,,,,,
GOBP_EMBRYONIC_CAMERA_TYPE_EYE_DEVELOPMENT,NOT_QUALIFIED_EITHER,,,,,
GOBP_EMBRYONIC_CAMERA_TYPE_EYE_MORPHOGENESIS,NOT_QUALIFIED_EITHER,,,,,
GOBP_EMBRYONIC_CRANIAL_SKELETON_MORPHOGENESIS,NOT_QUALIFIED_EITHER,,,,,
GOBP_EMBRYONIC_DIGESTIVE_TRACT_DEVELOPMENT,NOT_QUALIFIED_EITHER,,,,,
GOBP_EMBRYONIC_DIGIT_MORPHOGENESIS,NOT_QUALIFIED_EITHER,,,,,
GOBP_EMBRYONIC_EPITHELIAL_TUBE_FORMATION,NOT_QUALIFIED_EITHER,,,,,
GOBP_EMBRYONIC_EYE_MORPHOGENESIS,NOT_QUALIFIED_EITHER,,,,,
GOBP_EMBRYONIC_FORELIMB_MORPHOGENESIS,NOT_QUALIFIED_EITHER,,,,,
GOBP_EMBRYONIC_HEART_TUBE_DEVELOPMENT,NOT_QUALIFIED_EITHER,,,,,
GOBP_EMBRYONIC_HEART_TUBE_MORPHOGENESIS,NOT_QUALIFIED_EITHER,,,,,
GOBP_EMBRYONIC_HEMOPOIESIS,NOT_QUALIFIED_EITHER,,,,,
GOBP_EMBRYONIC_HINDLIMB_MORPHOGENESIS,NOT_QUALIFIED_EITHER,,,,,
GOBP_EMBRYONIC_ORGAN_DEVELOPMENT,NOT_QUALIFIED_EITHER,,,,,
GOBP_EMBRYONIC_ORGAN_MORPHOGENESIS,NOT_QUALIFIED_EITHER,,,,,
GOBP_EMBRYONIC_PATTERN_SPECIFICATION,NOT_QUALIFIED_EITHER,,,,,
GOBP_EMBRYONIC_PLACENTA_DEVELOPMENT,NOT_QUALIFIED_EITHER,,,,,
GOBP_EMBRYONIC_PLACENTA_MORPHOGENESIS,NOT_QUALIFIED_EITHER,,,,,
GOBP_EMBRYONIC_SKELETAL_SYSTEM_DEVELOPMENT,NOT_QUALIFIED_EITHER,,,,,
GOBP_EMBRYONIC_SKELETAL_SYSTEM_MORPHOGENESIS,NOT_QUALIFIED_EITHER,,,,,
GOBP_EMBRYO_IMPLANTATION,QUALIFIED_BOTH,18.0,20.0,18.0,20.0,0.9
GOBP_ENDOCARDIAL_CUSHION_DEVELOPMENT,NOT_QUALIFIED_EITHER,,,,,
GOBP_ENDOCARDIAL_CUSHION_FORMATION,NOT_QUALIFIED_EITHER,,,,,
GOBP_ENDOCARDIAL_CUSHION_MORPHOGENESIS,NOT_QUALIFIED_EITHER,,,,,
GOBP_ENDOCHONDRAL_BONE_MORPHOGENESIS,NOT_QUALIFIED_EITHER,,,,,
GOBP_ENDOCRINE_HORMONE_SECRETION,NOT_QUALIFIED_EITHER,,,,,
GOBP_ENDOCRINE_PANCREAS_DEVELOPMENT,NOT_QUALIFIED_EITHER,,,,,
GOBP_ENDOCRINE_PROCESS,NOT_QUALIFIED_EITHER,,,,,
GOBP_ENDOCRINE_SYSTEM_DEVELOPMENT,NOT_QUALIFIED_EITHER,,,,,
GOBP_ENDOCYTIC_RECYCLING,NOT_QUALIFIED_EITHER,,,,,
GOBP_ENDODERMAL_CELL_DIFFERENTIATION,NOT_QUALIFIED_EITHER,,,,,
GOBP_ENDODERM_DEVELOPMENT,NOT_QUALIFIED_EITHER,,,,,
GOBP_ENDODERM_FORMATION,NOT_QUALIFIED_EITHER,,,,,
GOBP_ENDOLYSOSOMAL_TOLL_LIKE_RECEPTOR_SIGNALING_PATHWAY,NOT_QUALIFIED_EITHER,,,,,
GOBP_ENDONUCLEOLYTIC_CLEAVAGE_OF_TRICISTRONIC_RRNA_TRANSCRIPT_SSU_RRNA_5_8S_RRNA_LSU_RRNA,NOT_QUALIFIED_EITHER,,,,,
GOBP_ENDOPLASMIC_RETICULUM_CALCIUM_ION_HOMEOSTASIS,NOT_QUALIFIED_EITHER,,,,,
GOBP_ENDOPLASMIC_RETICULUM_MEMBRANE_ORGANIZATION,NOT_QUALIFIED_EITHER,,,,,
GOBP_ENDOPLASMIC_RETICULUM_ORGANIZATION,NOT_QUALIFIED_EITHER,,,,,
GOBP_ENDOPLASMIC_RETICULUM_TO_CYTOSOL_TRANSPORT,NOT_QUALIFIED_EITHER,,,,,
GOBP_ENDOPLASMIC_RETICULUM_TO_GOLGI_VESICLE_MEDIATED_TRANSPORT,QUALIFIED_BOTH,70.0,68.0,63.0,75.0,0.84
GOBP_ENDOPLASMIC_RETICULUM_TUBULAR_NETWORK_ORGANIZATION,NOT_QUALIFIED_EITHER,,,,,
GOBP_ENDOSOMAL_TRANSPORT,NOT_QUALIFIED_EITHER,,,,,
GOBP_ENDOSOMAL_VESICLE_FUSION,NOT_QUALIFIED_EITHER,,,,,
GOBP_ENDOSOME_ORGANIZATION,NOT_QUALIFIED_EITHER,,,,,
GOBP_ENDOSOME_TO_LYSOSOME_TRANSPORT,NOT_QUALIFIED_EITHER,,,,,
GOBP_ENDOSOME_TO_LYSOSOME_TRANSPORT_VIA_MULTIVESICULAR_BODY_SORTING_PATHWAY,NOT_QUALIFIED_EITHER,,,,,
GOBP_ENDOSOME_TO_PLASMA_MEMBRANE_PROTEIN_TRANSPORT,NOT_QUALIFIED_EITHER,,,,,
GOBP_ENDOTHELIAL_CELL_APOPTOTIC_PROCESS,NOT_QUALIFIED_EITHER,,,,,
GOBP_ENDOTHELIAL_CELL_CHEMOTAXIS,NOT_QUALIFIED_EITHER,,,,,
GOBP_ENDOTHELIAL_CELL_DEVELOPMENT,NOT_QUALIFIED_EITHER,,,,,
GOBP_ENDOTHELIAL_CELL_DIFFERENTIATION,NOT_QUALIFIED_EITHER,,,,,
GOBP_ENDOTHELIAL_CELL_MIGRATION,QUALIFIED_FIRST_ONLY,,,,,
GOBP_ENDOTHELIAL_CELL_PROLIFERATION,NOT_QUALIFIED_EITHER,,,,,
GOBP_ENDOTHELIUM_DEVELOPMENT,NOT_QUALIFIED_EITHER,,,,,
GOBP_ENERGY_HOMEOSTASIS,NOT_QUALIFIED_EITHER,,,,,
GOBP_ENERGY_RESERVE_METABOLIC_PROCESS,NOT_QUALIFIED_EITHER,,,,,
GOBP_ENSHEATHMENT_OF_NEURONS,NOT_QUALIFIED_EITHER,,,,,
GOBP_ENTEROENDOCRINE_CELL_DIFFERENTIATION,NOT_QUALIFIED_EITHER,,,,,
GOBP_ENTRAINMENT_OF_CIRCADIAN_CLOCK,QUALIFIED_BOTH,7.0,11.0,7.0,11.0,0.6363636363636364
GOBP_ENTRAINMENT_OF_CIRCADIAN_CLOCK_BY_PHOTOPERIOD,QUALIFIED_BOTH,7.0,14.0,7.0,14.0,0.5
GOBP_EPHRIN_RECEPTOR_SIGNALING_PATHWAY,NOT_QUALIFIED_EITHER,,,,,
GOBP_EPIBOLY,NOT_QUALIFIED_EITHER,,,,,
GOBP_EPIDERMAL_CELL_DIFFERENTIATION,NOT_QUALIFIED_EITHER,,,,,
GOBP_EPIDERMIS_DEVELOPMENT,NOT_QUALIFIED_EITHER,,,,,
GOBP_EPIDERMIS_MORPHOGENESIS,NOT_QUALIFIED_EITHER,,,,,
GOBP_EPIGENETIC_PROGRAMMING_OF_GENE_EXPRESSION,NOT_QUALIFIED_EITHER,,,,,
GOBP_EPIGENETIC_REGULATION_OF_GENE_EXPRESSION,NOT_QUALIFIED_EITHER,,,,,
GOBP_EPITHELIAL_CELL_APOPTOTIC_PROCESS,NOT_QUALIFIED_EITHER,,,,,
GOBP_EPITHELIAL_CELL_DEVELOPMENT,NOT_QUALIFIED_EITHER,,,,,
GOBP_EPITHELIAL_CELL_DIFFERENTIATION,QUALIFIED_FIRST_ONLY,,,,,
GOBP_EPITHELIAL_CELL_DIFFERENTIATION_INVOLVED_IN_KIDNEY_DEVELOPMENT,NOT_QUALIFIED_EITHER,,,,,
GOBP_EPITHELIAL_CELL_MORPHOGENESIS,NOT_QUALIFIED_EITHER,,,,,
GOBP_EPITHELIAL_CELL_PROLIFERATION,QUALIFIED_FIRST_ONLY,,,,,
GOBP_EPITHELIAL_STRUCTURE_MAINTENANCE,NOT_QUALIFIED_EITHER,,,,,
GOBP_EPITHELIAL_TO_MESENCHYMAL_TRANSITION,NOT_QUALIFIED_EITHER,,,,,
GOBP_EPITHELIAL_TO_MESENCHYMAL_TRANSITION_INVOLVED_IN_ENDOCARDIAL_CUSHION_FORMATION,NOT_QUALIFIED_EITHER,,,,,
GOBP_EPITHELIAL_TUBE_BRANCHING_INVOLVED_IN_LUNG_MORPHOGENESIS,NOT_QUALIFIED_EITHER,,,,,
GOBP_EPITHELIAL_TUBE_MORPHOGENESIS,NOT_QUALIFIED_EITHER,,,,,
GOBP_ERAD_PATHWAY,NOT_QUALIFIED_EITHER,,,,,
GOBP_ERBB2_SIGNALING_PATHWAY,NOT_QUALIFIED_EITHER,,,,,
GOBP_ERBB_SIGNALING_PATHWAY,NOT_QUALIFIED_EITHER,,,,,
GOBP_ERK1_AND_ERK2_CASCADE,NOT_QUALIFIED_EITHER,,,,,
GOBP_ERYTHROCYTE_DEVELOPMENT,NOT_QUALIFIED_EITHER,,,,,
GOBP_ERYTHROCYTE_HOMEOSTASIS,NOT_QUALIFIED_EITHER,,,,,
GOBP_ERYTHROCYTE_MATURATION,NOT_QUALIFIED_EITHER,,,,,
GOBP_ER_NUCLEUS_SIGNALING_PATHWAY,QUALIFIED_BOTH,15.0,17.0,15.0,17.0,0.8823529411764706
GOBP_ESTABLISHMENT_OF_CELL_POLARITY,NOT_QUALIFIED_EITHER,,,,,
GOBP_ESTABLISHMENT_OF_ENDOTHELIAL_BARRIER,NOT_QUALIFIED_EITHER,,,,,
GOBP_ESTABLISHMENT_OF_ENDOTHELIAL_INTESTINAL_BARRIER,NOT_QUALIFIED_EITHER,,,,,
GOBP_ESTABLISHMENT_OF_EPITHELIAL_CELL_APICAL_BASAL_POLARITY,NOT_QUALIFIED_EITHER,,,,,
GOBP_ESTABLISHMENT_OF_EPITHELIAL_CELL_POLARITY,NOT_QUALIFIED_EITHER,,,,,
GOBP_ESTABLISHMENT_OF_MITOCHONDRION_LOCALIZATION,NOT_QUALIFIED_EITHER,,,,,
GOBP_ESTABLISHMENT_OF_MITOCHONDRION_LOCALIZATION_MICROTUBULE_MEDIATED,NOT_QUALIFIED_EITHER,,,,,
GOBP_ESTABLISHMENT_OF_MITOTIC_SPINDLE_LOCALIZATION,NOT_QUALIFIED_EITHER,,,,,
GOBP_ESTABLISHMENT_OF_ORGANELLE_LOCALIZATION,NOT_QUALIFIED_EITHER,,,,,
GOBP_ESTABLISHMENT_OF_PIGMENT_GRANULE_LOCALIZATION,NOT_QUALIFIED_EITHER,,,,,
GOBP_ESTABLISHMENT_OF_PROTEIN_LOCALIZATION_TO_CHROMOSOME,NOT_QUALIFIED_EITHER,,,,,
GOBP_ESTABLISHMENT_OF_PROTEIN_LOCALIZATION_TO_ENDOPLASMIC_RETICULUM,QUALIFIED_BOTH,13.0,17.0,13.0,17.0,0.7647058823529411
GOBP_ESTABLISHMENT_OF_PROTEIN_LOCALIZATION_TO_MEMBRANE,NOT_QUALIFIED_EITHER,,,,,
GOBP_ESTABLISHMENT_OF_PROTEIN_LOCALIZATION_TO_MITOCHONDRIAL_MEMBRANE,NOT_QUALIFIED_EITHER,,,,,
GOBP_ESTABLISHMENT_OF_PROTEIN_LOCALIZATION_TO_MITOCHONDRION,NOT_QUALIFIED_EITHER,,,,,
GOBP_ESTABLISHMENT_OF_PROTEIN_LOCALIZATION_TO_ORGANELLE,NOT_QUALIFIED_EITHER,,,,,
GOBP_ESTABLISHMENT_OF_PROTEIN_LOCALIZATION_TO_PEROXISOME,NOT_QUALIFIED_EITHER,,,,,
GOBP_ESTABLISHMENT_OF_PROTEIN_LOCALIZATION_TO_PLASMA_MEMBRANE,NOT_QUALIFIED_EITHER,,,,,
GOBP_ESTABLISHMENT_OF_PROTEIN_LOCALIZATION_TO_VACUOLE,NOT_QUALIFIED_EITHER,,,,,
GOBP_ESTABLISHMENT_OF_RNA_LOCALIZATION,NOT_QUALIFIED_EITHER,,,,,
GOBP_ESTABLISHMENT_OF_SKIN_BARRIER,NOT_QUALIFIED_EITHER,,,,,
GOBP_ESTABLISHMENT_OF_SPINDLE_ORIENTATION,NOT_QUALIFIED_EITHER,,,,,
GOBP_ESTABLISHMENT_OF_TISSUE_POLARITY,NOT_QUALIFIED_EITHER,,,,,
GOBP_ESTABLISHMENT_OR_MAINTENANCE_OF_BIPOLAR_CELL_POLARITY,NOT_QUALIFIED_EITHER,,,,,
GOBP_ESTABLISHMENT_OR_MAINTENANCE_OF_CELL_POLARITY,NOT_QUALIFIED_EITHER,,,,,
GOBP_ESTABLISHMENT_OR_MAINTENANCE_OF_MONOPOLAR_CELL_POLARITY,NOT_QUALIFIED_EITHER,,,,,
GOBP_ESTROGEN_METABOLIC_PROCESS,NOT_QUALIFIED_EITHER,,,,,
GOBP_ESTROGEN_RECEPTOR_SIGNALING_PATHWAY,NOT_QUALIFIED_EITHER,,,,,
GOBP_ETHER_LIPID_METABOLIC_PROCESS,NOT_QUALIFIED_EITHER,,,,,
GOBP_EXCITATORY_SYNAPSE_ASSEMBLY,NOT_QUALIFIED_EITHER,,,,,
GOBP_EXCRETION,NOT_QUALIFIED_EITHER,,,,,
GOBP_EXECUTION_PHASE_OF_APOPTOSIS,NOT_QUALIFIED_EITHER,,,,,
GOBP_EXIT_FROM_MITOSIS,NOT_QUALIFIED_EITHER,,,,,
GOBP_EXOCRINE_SYSTEM_DEVELOPMENT,NOT_QUALIFIED_EITHER,,,,,
GOBP_EXOCYTIC_PROCESS,NOT_QUALIFIED_EITHER,,,,,
GOBP_EXOCYTOSIS,NOT_QUALIFIED_EITHER,,,,,
GOBP_EXPLORATION_BEHAVIOR,NOT_QUALIFIED_EITHER,,,,,
GOBP_EXPORT_ACROSS_PLASMA_MEMBRANE,NOT_QUALIFIED_EITHER,,,,,
GOBP_EXTERNAL_ENCAPSULATING_STRUCTURE_ORGANIZATION,NOT_QUALIFIED_EITHER,,,,,
GOBP_EXTRACELLULAR_MATRIX_ASSEMBLY,NOT_QUALIFIED_EITHER,,,,,
GOBP_EXTRACELLULAR_MATRIX_DISASSEMBLY,NOT_QUALIFIED_EITHER,,,,,
GOBP_EXTRACELLULAR_TRANSPORT,NOT_QUALIFIED_EITHER,,,,,
GOBP_EXTRACELLULAR_VESICLE_BIOGENESIS,NOT_QUALIFIED_EITHER,,,,,
GOBP_EXTRINSIC_APOPTOTIC_SIGNALING_PATHWAY,NOT_QUALIFIED_EITHER,,,,,
GOBP_EXTRINSIC_APOPTOTIC_SIGNALING_PATHWAY_VIA_DEATH_DOMAIN_RECEPTORS,NOT_QUALIFIED_EITHER,,,,,
GOBP_EYE_MORPHOGENESIS,NOT_QUALIFIED_EITHER,,,,,
GOBP_EYE_PHOTORECEPTOR_CELL_DEVELOPMENT,NOT_QUALIFIED_EITHER,,,,,
GOBP_EYE_PHOTORECEPTOR_CELL_DIFFERENTIATION,NOT_QUALIFIED_EITHER,,,,,
GOBP_FACE_DEVELOPMENT,NOT_QUALIFIED_EITHER,,,,,
GOBP_FACE_MORPHOGENESIS,NOT_QUALIFIED_EITHER,,,,,
GOBP_FACULTATIVE_HETEROCHROMATIN_FORMATION,NOT_QUALIFIED_EITHER,,,,,
GOBP_FATTY_ACID_BETA_OXIDATION,NOT_QUALIFIED_EITHER,,,,,
GOBP_FATTY_ACID_BIOSYNTHETIC_PROCESS,NOT_QUALIFIED_EITHER,,,,,
GOBP_FATTY_ACID_CATABOLIC_PROCESS,NOT_QUALIFIED_EITHER,,,,,
GOBP_FATTY_ACID_DERIVATIVE_BIOSYNTHETIC_PROCESS,NOT_QUALIFIED_EITHER,,,,,
GOBP_FATTY_ACID_DERIVATIVE_METABOLIC_PROCESS,NOT_QUALIFIED_EITHER,,,,,
GOBP_FATTY_ACID_METABOLIC_PROCESS,NOT_QUALIFIED_EITHER,,,,,
GOBP_FATTY_ACID_TRANSMEMBRANE_TRANSPORT,NOT_QUALIFIED_EITHER,,,,,
GOBP_FATTY_ACID_TRANSPORT,NOT_QUALIFIED_EITHER,,,,,
GOBP_FATTY_ACYL_COA_BIOSYNTHETIC_PROCESS,NOT_QUALIFIED_EITHER,,,,,
GOBP_FATTY_ACYL_COA_METABOLIC_PROCESS,NOT_QUALIFIED_EITHER,,,,,
GOBP_FAT_CELL_DIFFERENTIATION,QUALIFIED_BOTH,61.0,62.0,54.0,69.0,0.782608695652174
GOBP_FC_EPSILON_RECEPTOR_SIGNALING_PATHWAY,NOT_QUALIFIED_EITHER,,,,,
GOBP_FC_GAMMA_RECEPTOR_SIGNALING_PATHWAY,NOT_QUALIFIED_EITHER,,,,,
GOBP_FC_RECEPTOR_MEDIATED_STIMULATORY_SIGNALING_PATHWAY,NOT_QUALIFIED_EITHER,,,,,
GOBP_FC_RECEPTOR_SIGNALING_PATHWAY,NOT_QUALIFIED_EITHER,,,,,
GOBP_FEAR_RESPONSE,NOT_QUALIFIED_EITHER,,,,,
GOBP_FEEDING_BEHAVIOR,NOT_QUALIFIED_EITHER,,,,,
GOBP_FEMALE_GAMETE_GENERATION,NOT_QUALIFIED_EITHER,,,,,
GOBP_FEMALE_MEIOTIC_NUCLEAR_DIVISION,NOT_QUALIFIED_EITHER,,,,,
GOBP_FEMALE_SEX_DIFFERENTIATION,NOT_QUALIFIED_EITHER,,,,,
GOBP_FERROPTOSIS,NOT_QUALIFIED_EITHER,,,,,
GOBP_FERTILIZATION,NOT_QUALIFIED_EITHER,,,,,
GOBP_FIBRINOLYSIS,QUALIFIED_BOTH,9.0,9.0,9.0,9.0,1.0
GOBP_FIBROBLAST_APOPTOTIC_PROCESS,NOT_QUALIFIED_EITHER,,,,,
GOBP_FIBROBLAST_GROWTH_FACTOR_RECEPTOR_SIGNALING_PATHWAY,QUALIFIED_FIRST_ONLY,,,,,
GOBP_FIBROBLAST_MIGRATION,NOT_QUALIFIED_EITHER,,,,,
GOBP_FIBROBLAST_PROLIFERATION,NOT_QUALIFIED_EITHER,,,,,
GOBP_FILOPODIUM_ASSEMBLY,NOT_QUALIFIED_EITHER,,,,,
GOBP_FLUID_TRANSPORT,NOT_QUALIFIED_EITHER,,,,,
GOBP_FOAM_CELL_DIFFERENTIATION,NOT_QUALIFIED_EITHER,,,,,
GOBP_FOCAL_ADHESION_ASSEMBLY,NOT_QUALIFIED_EITHER,,,,,
GOBP_FOLIC_ACID_CONTAINING_COMPOUND_METABOLIC_PROCESS,NOT_QUALIFIED_EITHER,,,,,
GOBP_FOLIC_ACID_METABOLIC_PROCESS,NOT_QUALIFIED_EITHER,,,,,
GOBP_FOREBRAIN_CELL_MIGRATION,NOT_QUALIFIED_EITHER,,,,,
GOBP_FOREBRAIN_DEVELOPMENT,NOT_QUALIFIED_EITHER,,,,,
GOBP_FOREBRAIN_GENERATION_OF_NEURONS,NOT_QUALIFIED_EITHER,,,,,
GOBP_FOREBRAIN_NEURON_DEVELOPMENT,NOT_QUALIFIED_EITHER,,,,,
GOBP_FORELIMB_MORPHOGENESIS,QUALIFIED_FIRST_ONLY,,,,,
GOBP_FORMATION_OF_CYTOPLASMIC_TRANSLATION_INITIATION_COMPLEX,NOT_QUALIFIED_EITHER,,,,,
GOBP_FORMATION_OF_EXTRACHROMOSOMAL_CIRCULAR_DNA,NOT_QUALIFIED_EITHER,,,,,
GOBP_FORMATION_OF_PRIMARY_GERM_LAYER,NOT_QUALIFIED_EITHER,,,,,
GOBP_G0_TO_G1_TRANSITION,NOT_QUALIFIED_EITHER,,,,,
GOBP_G1_TO_G0_TRANSITION,NOT_QUALIFIED_EITHER,,,,,
GOBP_GAMMA_AMINOBUTYRIC_ACID_SIGNALING_PATHWAY,NOT_QUALIFIED_EITHER,,,,,
GOBP_GAMMA_AMINOBUTYRIC_ACID_TRANSPORT,NOT_QUALIFIED_EITHER,,,,,
GOBP_GAMMA_DELTA_T_CELL_ACTIVATION,NOT_QUALIFIED_EITHER,,,,,
GOBP_GANGLIOSIDE_BIOSYNTHETIC_PROCESS,NOT_QUALIFIED_EITHER,,,,,
GOBP_GANGLIOSIDE_METABOLIC_PROCESS,NOT_QUALIFIED_EITHER,,,,,
GOBP_GASTRULATION,NOT_QUALIFIED_EITHER,,,,,
GOBP_GASTRULATION_WITH_MOUTH_FORMING_SECOND,NOT_QUALIFIED_EITHER,,,,,
GOBP_GENERATION_OF_PRECURSOR_METABOLITES_AND_ENERGY,NOT_QUALIFIED_EITHER,,,,,
GOBP_GENITALIA_DEVELOPMENT,NOT_QUALIFIED_EITHER,,,,,
GOBP_GENOMIC_IMPRINTING,NOT_QUALIFIED_EITHER,,,,,
GOBP_GLAND_DEVELOPMENT,NOT_QUALIFIED_EITHER,,,,,
GOBP_GLAND_MORPHOGENESIS,NOT_QUALIFIED_EITHER,,,,,
GOBP_GLIAL_CELL_ACTIVATION,NOT_QUALIFIED_EITHER,,,,,
GOBP_GLIAL_CELL_APOPTOTIC_PROCESS,NOT_QUALIFIED_EITHER,,,,,
GOBP_GLIAL_CELL_DEVELOPMENT,NOT_QUALIFIED_EITHER,,,,,
GOBP_GLIAL_CELL_DIFFERENTIATION,NOT_QUALIFIED_EITHER,,,,,
GOBP_GLIAL_CELL_MIGRATION,NOT_QUALIFIED_EITHER,,,,,
GOBP_GLIAL_CELL_PROLIFERATION,NOT_QUALIFIED_EITHER,,,,,
GOBP_GLIOGENESIS,NOT_QUALIFIED_EITHER,,,,,
GOBP_GLOMERULAR_EPITHELIUM_DEVELOPMENT,NOT_QUALIFIED_EITHER,,,,,
GOBP_GLOMERULUS_DEVELOPMENT,NOT_QUALIFIED_EITHER,,,,,
GOBP_GLUCAN_BIOSYNTHETIC_PROCESS,NOT_QUALIFIED_EITHER,,,,,
GOBP_GLUCAN_METABOLIC_PROCESS,NOT_QUALIFIED_EITHER,,,,,
GOBP_GLUCOCORTICOID_METABOLIC_PROCESS,NOT_QUALIFIED_EITHER,,,,,
GOBP_GLUCOSE_6_PHOSPHATE_METABOLIC_PROCESS,NOT_QUALIFIED_EITHER,,,,,
GOBP_GLUCOSE_CATABOLIC_PROCESS,NOT_QUALIFIED_EITHER,,,,,
GOBP_GLUCOSE_METABOLIC_PROCESS,NOT_QUALIFIED_EITHER,,,,,
GOBP_GLUTAMATE_METABOLIC_PROCESS,NOT_QUALIFIED_EITHER,,,,,
GOBP_GLUTAMATE_RECEPTOR_SIGNALING_PATHWAY,NOT_QUALIFIED_EITHER,,,,,
GOBP_GLUTAMATE_SECRETION,NOT_QUALIFIED_EITHER,,,,,
GOBP_GLUTAMINE_FAMILY_AMINO_ACID_BIOSYNTHETIC_PROCESS,NOT_QUALIFIED_EITHER,,,,,
GOBP_GLUTAMINE_FAMILY_AMINO_ACID_METABOLIC_PROCESS,NOT_QUALIFIED_EITHER,,,,,
GOBP_GLUTAMINE_METABOLIC_PROCESS,NOT_QUALIFIED_EITHER,,,,,
GOBP_GLUTATHIONE_METABOLIC_PROCESS,NOT_QUALIFIED_EITHER,,,,,
GOBP_GLYCEROLIPID_BIOSYNTHETIC_PROCESS,NOT_QUALIFIED_EITHER,,,,,
GOBP_GLYCEROLIPID_CATABOLIC_PROCESS,NOT_QUALIFIED_EITHER,,,,,
GOBP_GLYCEROLIPID_METABOLIC_PROCESS,NOT_QUALIFIED_EITHER,,,,,
GOBP_GLYCEROPHOSPHOLIPID_BIOSYNTHETIC_PROCESS,NOT_QUALIFIED_EITHER,,,,,
GOBP_GLYCEROPHOSPHOLIPID_CATABOLIC_PROCESS,QUALIFIED_BOTH,12.0,11.0,11.0,12.0,0.9166666666666666
GOBP_GLYCEROPHOSPHOLIPID_METABOLIC_PROCESS,NOT_QUALIFIED_EITHER,,,,,
GOBP_GLYCOLIPID_BIOSYNTHETIC_PROCESS,NOT_QUALIFIED_EITHER,,,,,
GOBP_GLYCOLIPID_CATABOLIC_PROCESS,NOT_QUALIFIED_EITHER,,,,,
GOBP_GLYCOLYTIC_PROCESS_THROUGH_FRUCTOSE_6_PHOSPHATE,NOT_QUALIFIED_EITHER,,,,,
GOBP_GLYCOLYTIC_PROCESS_THROUGH_GLUCOSE_6_PHOSPHATE,NOT_QUALIFIED_EITHER,,,,,
GOBP_GLYCOPROTEIN_BIOSYNTHETIC_PROCESS,NOT_QUALIFIED_EITHER,,,,,
GOBP_GLYCOPROTEIN_CATABOLIC_PROCESS,NOT_QUALIFIED_EITHER,,,,,
GOBP_GLYCOPROTEIN_METABOLIC_PROCESS,NOT_QUALIFIED_EITHER,,,,,
GOBP_GLYCOSAMINOGLYCAN_BIOSYNTHETIC_PROCESS,NOT_QUALIFIED_EITHER,,,,,
GOBP_GLYCOSAMINOGLYCAN_CATABOLIC_PROCESS,NOT_QUALIFIED_EITHER,,,,,
GOBP_GLYCOSAMINOGLYCAN_METABOLIC_PROCESS,NOT_QUALIFIED_EITHER,,,,,
GOBP_GLYCOSIDE_METABOLIC_PROCESS,NOT_QUALIFIED_EITHER,,,,,
GOBP_GLYCOSPHINGOLIPID_BIOSYNTHETIC_PROCESS,NOT_QUALIFIED_EITHER,,,,,
GOBP_GLYCOSPHINGOLIPID_METABOLIC_PROCESS,NOT_QUALIFIED_EITHER,,,,,
GOBP_GLYCOSYLCERAMIDE_METABOLIC_PROCESS,NOT_QUALIFIED_EITHER,,,,,
GOBP_GLYCOSYL_COMPOUND_BIOSYNTHETIC_PROCESS,NOT_QUALIFIED_EITHER,,,,,
GOBP_GLYCOSYL_COMPOUND_CATABOLIC_PROCESS,NOT_QUALIFIED_EITHER,,,,,
GOBP_GMP_METABOLIC_PROCESS,NOT_QUALIFIED_EITHER,,,,,
GOBP_GOLGI_ORGANIZATION,NOT_QUALIFIED_EITHER,,,,,
GOBP_GOLGI_TO_ENDOSOME_TRANSPORT,NOT_QUALIFIED_EITHER,,,,,
GOBP_GOLGI_TO_PLASMA_MEMBRANE_PROTEIN_TRANSPORT,NOT_QUALIFIED_EITHER,,,,,
GOBP_GOLGI_TO_PLASMA_MEMBRANE_TRANSPORT,NOT_QUALIFIED_EITHER,,,,,
GOBP_GOLGI_TO_VACUOLE_TRANSPORT,NOT_QUALIFIED_EITHER,,,,,
GOBP_GOLGI_VESICLE_TRANSPORT,NOT_QUALIFIED_EITHER,,,,,
GOBP_GPI_ANCHOR_METABOLIC_PROCESS,QUALIFIED_SECOND_ONLY,,,,,
GOBP_GRANULOCYTE_ACTIVATION,NOT_QUALIFIED_EITHER,,,,,
GOBP_GRANULOCYTE_CHEMOTAXIS,NOT_QUALIFIED_EITHER,,,,,
GOBP_GRANULOCYTE_DIFFERENTIATION,NOT_QUALIFIED_EITHER,,,,,
GOBP_GRANULOCYTE_MIGRATION,NOT_QUALIFIED_EITHER,,,,,
GOBP_GROWTH_PLATE_CARTILAGE_DEVELOPMENT,QUALIFIED_FIRST_ONLY,,,,,
GOBP_GTP_METABOLIC_PROCESS,NOT_QUALIFIED_EITHER,,,,,
GOBP_G_PROTEIN_COUPLED_DOPAMINE_RECEPTOR_SIGNALING_PATHWAY,NOT_QUALIFIED_EITHER,,,,,
GOBP_G_PROTEIN_COUPLED_RECEPTOR_SIGNALING_PATHWAY_COUPLED_TO_CYCLIC_NUCLEOTIDE_SECOND_MESSENGER,NOT_QUALIFIED_EITHER,,,,,
GOBP_HAIR_CELL_DIFFERENTIATION,NOT_QUALIFIED_EITHER,,,,,
GOBP_HEAD_MORPHOGENESIS,NOT_QUALIFIED_EITHER,,,,,
GOBP_HEART_FIELD_SPECIFICATION,NOT_QUALIFIED_EITHER,,,,,
GOBP_HEART_FORMATION,NOT_QUALIFIED_EITHER,,,,,
GOBP_HEART_GROWTH,NOT_QUALIFIED_EITHER,,,,,
GOBP_HEART_MORPHOGENESIS,QUALIFIED_BOTH,60.0,52.0,50.0,62.0,0.8064516129032258
GOBP_HEART_PROCESS,NOT_QUALIFIED_EITHER,,,,,
GOBP_HEART_TRABECULA_MORPHOGENESIS,NOT_QUALIFIED_EITHER,,,,,
GOBP_HEART_VALVE_DEVELOPMENT,NOT_QUALIFIED_EITHER,,,,,
GOBP_HEART_VALVE_MORPHOGENESIS,NOT_QUALIFIED_EITHER,,,,,
GOBP_HEMATOPOIETIC_OR_LYMPHOID_ORGAN_DEVELOPMENT,QUALIFIED_FIRST_ONLY,,,,,
GOBP_HEMATOPOIETIC_PROGENITOR_CELL_DIFFERENTIATION,NOT_QUALIFIED_EITHER,,,,,
GOBP_HEMATOPOIETIC_STEM_CELL_DIFFERENTIATION,NOT_QUALIFIED_EITHER,,,,,
GOBP_HEMATOPOIETIC_STEM_CELL_HOMEOSTASIS,NOT_QUALIFIED_EITHER,,,,,
GOBP_HEMATOPOIETIC_STEM_CELL_PROLIFERATION,NOT_QUALIFIED_EITHER,,,,,
GOBP_HEMOGLOBIN_METABOLIC_PROCESS,NOT_QUALIFIED_EITHER,,,,,
GOBP_HEMOSTASIS,NOT_QUALIFIED_EITHER,,,,,
GOBP_HEPARAN_SULFATE_PROTEOGLYCAN_BIOSYNTHETIC_PROCESS,NOT_QUALIFIED_EITHER,,,,,
GOBP_HEPARAN_SULFATE_PROTEOGLYCAN_METABOLIC_PROCESS,NOT_QUALIFIED_EITHER,,,,,
GOBP_HEPARIN_PROTEOGLYCAN_METABOLIC_PROCESS,NOT_QUALIFIED_EITHER,,,,,
GOBP_HEPATICOBILIARY_SYSTEM_DEVELOPMENT,NOT_QUALIFIED_EITHER,,,,,
GOBP_HEPATOCYTE_APOPTOTIC_PROCESS,NOT_QUALIFIED_EITHER,,,,,
GOBP_HEPATOCYTE_GROWTH_FACTOR_RECEPTOR_SIGNALING_PATHWAY,NOT_QUALIFIED_EITHER,,,,,
GOBP_HETEROCHROMATIN_ORGANIZATION,NOT_QUALIFIED_EITHER,,,,,
GOBP_HETEROPHILIC_CELL_CELL_ADHESION,NOT_QUALIFIED_EITHER,,,,,
GOBP_HETEROTYPIC_CELL_CELL_ADHESION,NOT_QUALIFIED_EITHER,,,,,
GOBP_HINDBRAIN_DEVELOPMENT,NOT_QUALIFIED_EITHER,,,,,
GOBP_HINDBRAIN_MORPHOGENESIS,NOT_QUALIFIED_EITHER,,,,,
GOBP_HINDLIMB_MORPHOGENESIS,NOT_QUALIFIED_EITHER,,,,,
GOBP_HIPPOCAMPUS_DEVELOPMENT,NOT_QUALIFIED_EITHER,,,,,
GOBP_HIPPO_SIGNALING,QUALIFIED_FIRST_ONLY,,,,,
GOBP_HISTONE_MRNA_CATABOLIC_PROCESS,NOT_QUALIFIED_EITHER,,,,,
GOBP_HISTONE_MRNA_METABOLIC_PROCESS,NOT_QUALIFIED_EITHER,,,,,
GOBP_HOMEOSTASIS_OF_NUMBER_OF_CELLS,NOT_QUALIFIED_EITHER,,,,,
GOBP_HOMEOSTASIS_OF_NUMBER_OF_CELLS_WITHIN_A_TISSUE,NOT_QUALIFIED_EITHER,,,,,
GOBP_HOMOLOGOUS_CHROMOSOME_PAIRING_AT_MEIOSIS,NOT_QUALIFIED_EITHER,,,,,
GOBP_HOMOLOGOUS_CHROMOSOME_SEGREGATION,NOT_QUALIFIED_EITHER,,,,,
GOBP_HOMOLOGOUS_RECOMBINATION,NOT_QUALIFIED_EITHER,,,,,
GOBP_HOMOPHILIC_CELL_CELL_ADHESION,NOT_QUALIFIED_EITHER,,,,,
GOBP_HOMOTYPIC_CELL_CELL_ADHESION,NOT_QUALIFIED_EITHER,,,,,
GOBP_HORMONE_BIOSYNTHETIC_PROCESS,NOT_QUALIFIED_EITHER,,,,,
GOBP_HORMONE_MEDIATED_SIGNALING_PATHWAY,NOT_QUALIFIED_EITHER,,,,,
GOBP_HORMONE_METABOLIC_PROCESS,NOT_QUALIFIED_EITHER,,,,,
GOBP_HORMONE_TRANSPORT,NOT_QUALIFIED_EITHER,,,,,
GOBP_HOST_MEDIATED_ACTIVATION_OF_VIRAL_PROCESS,NOT_QUALIFIED_EITHER,,,,,
GOBP_HOST_MEDIATED_ACTIVATION_OF_VIRAL_TRANSCRIPTION,NOT_QUALIFIED_EITHER,,,,,
GOBP_HOST_MEDIATED_PERTURBATION_OF_VIRAL_PROCESS,NOT_QUALIFIED_EITHER,,,,,
GOBP_HOST_MEDIATED_PERTURBATION_OF_VIRAL_TRANSCRIPTION,NOT_QUALIFIED_EITHER,,,,,
GOBP_HOST_MEDIATED_SUPPRESSION_OF_SYMBIONT_INVASION,QUALIFIED_FIRST_ONLY,,,,,
GOBP_HUMORAL_IMMUNE_RESPONSE,NOT_QUALIFIED_EITHER,,,,,
GOBP_HUMORAL_IMMUNE_RESPONSE_MEDIATED_BY_CIRCULATING_IMMUNOGLOBULIN,NOT_QUALIFIED_EITHER,,,,,
GOBP_HYALURONAN_METABOLIC_PROCESS,NOT_QUALIFIED_EITHER,,,,,
GOBP_HYDROGEN_PEROXIDE_BIOSYNTHETIC_PROCESS,NOT_QUALIFIED_EITHER,,,,,
GOBP_HYDROGEN_PEROXIDE_CATABOLIC_PROCESS,NOT_QUALIFIED_EITHER,,,,,
GOBP_HYDROGEN_PEROXIDE_METABOLIC_PROCESS,NOT_QUALIFIED_EITHER,,,,,
GOBP_HYPEROSMOTIC_RESPONSE,NOT_QUALIFIED_EITHER,,,,,
GOBP_HYPOTHALAMUS_DEVELOPMENT,NOT_QUALIFIED_EITHER,,,,,
GOBP_ICOSANOID_BIOSYNTHETIC_PROCESS,NOT_QUALIFIED_EITHER,,,,,
GOBP_ICOSANOID_METABOLIC_PROCESS,NOT_QUALIFIED_EITHER,,,,,
GOBP_ICOSANOID_SECRETION,NOT_QUALIFIED_EITHER,,,,,
GOBP_ICOSANOID_TRANSPORT,NOT_QUALIFIED_EITHER,,,,,
GOBP_IMMUNE_EFFECTOR_PROCESS,NOT_QUALIFIED_EITHER,,,,,
GOBP_IMMUNE_RESPONSE_REGULATING_CELL_SURFACE_RECEPTOR_SIGNALING_PATHWAY,NOT_QUALIFIED_EITHER,,,,,
GOBP_IMMUNE_RESPONSE_REGULATING_CELL_SURFACE_RECEPTOR_SIGNALING_PATHWAY_INVOLVED_IN_PHAGOCYTOSIS,NOT_QUALIFIED_EITHER,,,,,
GOBP_IMMUNE_RESPONSE_REGULATING_SIGNALING_PATHWAY,NOT_QUALIFIED_EITHER,,,,,
GOBP_IMMUNE_RESPONSE_TO_TUMOR_CELL,NOT_QUALIFIED_EITHER,,,,,
GOBP_IMMUNE_SYSTEM_DEVELOPMENT,NOT_QUALIFIED_EITHER,,,,,
GOBP_IMMUNOGLOBULIN_PRODUCTION,NOT_QUALIFIED_EITHER,,,,,
GOBP_IMMUNOGLOBULIN_PRODUCTION_INVOLVED_IN_IMMUNOGLOBULIN_MEDIATED_IMMUNE_RESPONSE,NOT_QUALIFIED_EITHER,,,,,
GOBP_IMMUNOLOGICAL_MEMORY_PROCESS,NOT_QUALIFIED_EITHER,,,,,
GOBP_IMPORT_ACROSS_PLASMA_MEMBRANE,NOT_QUALIFIED_EITHER,,,,,
GOBP_IMPORT_INTO_NUCLEUS,NOT_QUALIFIED_EITHER,,,,,
GOBP_IMP_METABOLIC_PROCESS,NOT_QUALIFIED_EITHER,,,,,
GOBP_INCLUSION_BODY_ASSEMBLY,QUALIFIED_BOTH,8.0,8.0,8.0,8.0,1.0
GOBP_INDOLE_CONTAINING_COMPOUND_METABOLIC_PROCESS,NOT_QUALIFIED_EITHER,,,,,
GOBP_INFLAMMASOME_MEDIATED_SIGNALING_PATHWAY,NOT_QUALIFIED_EITHER,,,,,
GOBP_INFLAMMATORY_CELL_APOPTOTIC_PROCESS,NOT_QUALIFIED_EITHER,,,,,
GOBP_INFLAMMATORY_RESPONSE_TO_ANTIGENIC_STIMULUS,NOT_QUALIFIED_EITHER,,,,,
GOBP_INFLAMMATORY_RESPONSE_TO_WOUNDING,NOT_QUALIFIED_EITHER,,,,,
GOBP_INHIBITORY_POSTSYNAPTIC_POTENTIAL,NOT_QUALIFIED_EITHER,,,,,
GOBP_INHIBITORY_SYNAPSE_ASSEMBLY,NOT_QUALIFIED_EITHER,,,,,
GOBP_INNATE_IMMUNE_RESPONSE_ACTIVATING_CELL_SURFACE_RECEPTOR_SIGNALING_PATHWAY,NOT_QUALIFIED_EITHER,,,,,
GOBP_INNATE_IMMUNE_RESPONSE_IN_MUCOSA,NOT_QUALIFIED_EITHER,,,,,
GOBP_INNERVATION,NOT_QUALIFIED_EITHER,,,,,
GOBP_INNER_CELL_MASS_CELL_PROLIFERATION,NOT_QUALIFIED_EITHER,,,,,
GOBP_INNER_EAR_AUDITORY_RECEPTOR_CELL_DIFFERENTIATION,NOT_QUALIFIED_EITHER,,,,,
GOBP_INNER_EAR_MORPHOGENESIS,NOT_QUALIFIED_EITHER,,,,,
GOBP_INNER_EAR_RECEPTOR_CELL_DEVELOPMENT,NOT_QUALIFIED_EITHER,,,,,
GOBP_INNER_EAR_RECEPTOR_CELL_STEREOCILIUM_ORGANIZATION,NOT_QUALIFIED_EITHER,,,,,
GOBP_INNER_MITOCHONDRIAL_MEMBRANE_ORGANIZATION,NOT_QUALIFIED_EITHER,,,,,
GOBP_INORGANIC_ANION_TRANSPORT,NOT_QUALIFIED_EITHER,,,,,
GOBP_INORGANIC_ION_HOMEOSTASIS,NOT_QUALIFIED_EITHER,,,,,
GOBP_INORGANIC_ION_IMPORT_ACROSS_PLASMA_MEMBRANE,NOT_QUALIFIED_EITHER,,,,,
GOBP_INOSITOL_PHOSPHATE_BIOSYNTHETIC_PROCESS,NOT_QUALIFIED_EITHER,,,,,
GOBP_INOSITOL_PHOSPHATE_METABOLIC_PROCESS,NOT_QUALIFIED_EITHER,,,,,
GOBP_INSULIN_LIKE_GROWTH_FACTOR_RECEPTOR_SIGNALING_PATHWAY,NOT_QUALIFIED_EITHER,,,,,
GOBP_INSULIN_METABOLIC_PROCESS,NOT_QUALIFIED_EITHER,,,,,
GOBP_INSULIN_RECEPTOR_SIGNALING_PATHWAY,NOT_QUALIFIED_EITHER,,,,,
GOBP_INSULIN_SECRETION,NOT_QUALIFIED_EITHER,,,,,
GOBP_INSULIN_SECRETION_INVOLVED_IN_CELLULAR_RESPONSE_TO_GLUCOSE_STIMULUS,NOT_QUALIFIED_EITHER,,,,,
GOBP_INTEGRATED_STRESS_RESPONSE_SIGNALING,QUALIFIED_BOTH,11.0,17.0,11.0,17.0,0.6470588235294118
GOBP_INTEGRIN_ACTIVATION,NOT_QUALIFIED_EITHER,,,,,
GOBP_INTEGRIN_MEDIATED_SIGNALING_PATHWAY,NOT_QUALIFIED_EITHER,,,,,
GOBP_INTERFERON_ALPHA_PRODUCTION,NOT_QUALIFIED_EITHER,,,,,
GOBP_INTERFERON_BETA_PRODUCTION,NOT_QUALIFIED_EITHER,,,,,
GOBP_INTERFERON_MEDIATED_SIGNALING_PATHWAY,NOT_QUALIFIED_EITHER,,,,,
GOBP_INTERLEUKIN_10_PRODUCTION,NOT_QUALIFIED_EITHER,,,,,
GOBP_INTERLEUKIN_12_PRODUCTION,NOT_QUALIFIED_EITHER,,,,,
GOBP_INTERLEUKIN_13_PRODUCTION,NOT_QUALIFIED_EITHER,,,,,
GOBP_INTERLEUKIN_17_PRODUCTION,NOT_QUALIFIED_EITHER,,,,,
GOBP_INTERLEUKIN_1_MEDIATED_SIGNALING_PATHWAY,NOT_QUALIFIED_EITHER,,,,,
GOBP_INTERLEUKIN_1_PRODUCTION,NOT_QUALIFIED_EITHER,,,,,
GOBP_INTERLEUKIN_2_PRODUCTION,NOT_QUALIFIED_EITHER,,,,,
GOBP_INTERLEUKIN_4_PRODUCTION,NOT_QUALIFIED_EITHER,,,,,
GOBP_INTERLEUKIN_5_PRODUCTION,NOT_QUALIFIED_EITHER,,,,,
GOBP_INTERLEUKIN_6_MEDIATED_SIGNALING_PATHWAY,NOT_QUALIFIED_EITHER,,,,,
GOBP_INTERLEUKIN_6_PRODUCTION,NOT_QUALIFIED_EITHER,,,,,
GOBP_INTERLEUKIN_8_PRODUCTION,NOT_QUALIFIED_EITHER,,,,,
GOBP_INTERMEDIATE_FILAMENT_BASED_PROCESS,NOT_QUALIFIED_EITHER,,,,,
GOBP_INTERMEDIATE_FILAMENT_ORGANIZATION,NOT_QUALIFIED_EITHER,,,,,
GOBP_INTERMEMBRANE_LIPID_TRANSFER,NOT_QUALIFIED_EITHER,,,,,
GOBP_INTERSTRAND_CROSS_LINK_REPAIR,NOT_QUALIFIED_EITHER,,,,,
GOBP_INTESTINAL_ABSORPTION,NOT_QUALIFIED_EITHER,,,,,
GOBP_INTRACELLULAR_COPPER_ION_HOMEOSTASIS,NOT_QUALIFIED_EITHER,,,,,
GOBP_INTRACELLULAR_GLUCOSE_HOMEOSTASIS,NOT_QUALIFIED_EITHER,,,,,
GOBP_INTRACELLULAR_IRON_ION_HOMEOSTASIS,NOT_QUALIFIED_EITHER,,,,,
GOBP_INTRACELLULAR_LIPID_TRANSPORT,NOT_QUALIFIED_EITHER,,,,,
GOBP_INTRACELLULAR_MRNA_LOCALIZATION,NOT_QUALIFIED_EITHER,,,,,
GOBP_INTRACELLULAR_PH_REDUCTION,NOT_QUALIFIED_EITHER,,,,,
GOBP_INTRACELLULAR_POTASSIUM_ION_HOMEOSTASIS,NOT_QUALIFIED_EITHER,,,,,
GOBP_INTRACELLULAR_PROTEIN_TRANSMEMBRANE_TRANSPORT,NOT_QUALIFIED_EITHER,,,,,
GOBP_INTRACELLULAR_RECEPTOR_SIGNALING_PATHWAY,NOT_QUALIFIED_EITHER,,,,,
GOBP_INTRACELLULAR_SODIUM_ION_HOMEOSTASIS,NOT_QUALIFIED_EITHER,,,,,
GOBP_INTRACELLULAR_STEROL_TRANSPORT,NOT_QUALIFIED_EITHER,,,,,
GOBP_INTRACELLULAR_ZINC_ION_HOMEOSTASIS,NOT_QUALIFIED_EITHER,,,,,
GOBP_INTRACILIARY_ANTEROGRADE_TRANSPORT,NOT_QUALIFIED_EITHER,,,,,
GOBP_INTRACILIARY_RETROGRADE_TRANSPORT,NOT_QUALIFIED_EITHER,,,,,
GOBP_INTRACILIARY_TRANSPORT,NOT_QUALIFIED_EITHER,,,,,
GOBP_INTRA_GOLGI_VESICLE_MEDIATED_TRANSPORT,NOT_QUALIFIED_EITHER,,,,,
GOBP_INTRINSIC_APOPTOTIC_SIGNALING_PATHWAY,NOT_QUALIFIED_EITHER,,,,,
GOBP_INTRINSIC_APOPTOTIC_SIGNALING_PATHWAY_BY_P53_CLASS_MEDIATOR,NOT_QUALIFIED_EITHER,,,,,
GOBP_INTRINSIC_APOPTOTIC_SIGNALING_PATHWAY_IN_RESPONSE_TO_DNA_DAMAGE,NOT_QUALIFIED_EITHER,,,,,
GOBP_INTRINSIC_APOPTOTIC_SIGNALING_PATHWAY_IN_RESPONSE_TO_DNA_DAMAGE_BY_P53_CLASS_MEDIATOR,NOT_QUALIFIED_EITHER,,,,,
GOBP_INTRINSIC_APOPTOTIC_SIGNALING_PATHWAY_IN_RESPONSE_TO_ENDOPLASMIC_RETICULUM_STRESS,NOT_QUALIFIED_EITHER,,,,,
GOBP_INTRINSIC_APOPTOTIC_SIGNALING_PATHWAY_IN_RESPONSE_TO_OXIDATIVE_STRESS,NOT_QUALIFIED_EITHER,,,,,
GOBP_IN_UTERO_EMBRYONIC_DEVELOPMENT,NOT_QUALIFIED_EITHER,,,,,
GOBP_IRE1_MEDIATED_UNFOLDED_PROTEIN_RESPONSE,NOT_QUALIFIED_EITHER,,,,,
GOBP_IRON_ION_TRANSMEMBRANE_TRANSPORT,NOT_QUALIFIED_EITHER,,,,,
GOBP_IRON_ION_TRANSPORT,NOT_QUALIFIED_EITHER,,,,,
GOBP_ISOPRENOID_BIOSYNTHETIC_PROCESS,QUALIFIED_BOTH,8.0,9.0,8.0,9.0,0.8888888888888888
GOBP_ISOPRENOID_METABOLIC_PROCESS,QUALIFIED_BOTH,28.0,31.0,27.0,32.0,0.84375
GOBP_JNK_CASCADE,NOT_QUALIFIED_EITHER,,,,,
GOBP_KERATAN_SULFATE_PROTEOGLYCAN_METABOLIC_PROCESS,NOT_QUALIFIED_EITHER,,,,,
GOBP_KERATINOCYTE_DIFFERENTIATION,NOT_QUALIFIED_EITHER,,,,,
GOBP_KERATINOCYTE_MIGRATION,NOT_QUALIFIED_EITHER,,,,,
GOBP_KERATINOCYTE_PROLIFERATION,NOT_QUALIFIED_EITHER,,,,,
GOBP_KETONE_BIOSYNTHETIC_PROCESS,NOT_QUALIFIED_EITHER,,,,,
GOBP_KETONE_METABOLIC_PROCESS,NOT_QUALIFIED_EITHER,,,,,
GOBP_KIDNEY_EPITHELIUM_DEVELOPMENT,NOT_QUALIFIED_EITHER,,,,,
GOBP_KIDNEY_MORPHOGENESIS,QUALIFIED_BOTH,29.0,35.0,29.0,35.0,0.8285714285714286
GOBP_KINETOCHORE_ORGANIZATION,NOT_QUALIFIED_EITHER,,,,,
GOBP_LABYRINTHINE_LAYER_BLOOD_VESSEL_DEVELOPMENT,QUALIFIED_FIRST_ONLY,,,,,
GOBP_LABYRINTHINE_LAYER_DEVELOPMENT,NOT_QUALIFIED_EITHER,,,,,
GOBP_LACTATE_METABOLIC_PROCESS,NOT_QUALIFIED_EITHER,,,,,
GOBP_LACTATION,NOT_QUALIFIED_EITHER,,,,,
GOBP_LAMELLIPODIUM_ASSEMBLY,NOT_QUALIFIED_EITHER,,,,,
GOBP_LAMELLIPODIUM_MORPHOGENESIS,NOT_QUALIFIED_EITHER,,,,,
GOBP_LAMELLIPODIUM_ORGANIZATION,NOT_QUALIFIED_EITHER,,,,,
GOBP_LATERAL_MESODERM_DEVELOPMENT,NOT_QUALIFIED_EITHER,,,,,
GOBP_LATE_ENDOSOME_TO_LYSOSOME_TRANSPORT,NOT_QUALIFIED_EITHER,,,,,
GOBP_LATE_ENDOSOME_TO_VACUOLE_TRANSPORT,NOT_QUALIFIED_EITHER,,,,,
GOBP_LATE_ENDOSOME_TO_VACUOLE_TRANSPORT_VIA_MULTIVESICULAR_BODY_SORTING_PATHWAY,NOT_QUALIFIED_EITHER,,,,,
GOBP_LAYER_FORMATION_IN_CEREBRAL_CORTEX,NOT_QUALIFIED_EITHER,,,,,
GOBP_LEARNING,NOT_QUALIFIED_EITHER,,,,,
GOBP_LEARNING_OR_MEMORY,NOT_QUALIFIED_EITHER,,,,,
GOBP_LENS_DEVELOPMENT_IN_CAMERA_TYPE_EYE,NOT_QUALIFIED_EITHER,,,,,
GOBP_LENS_FIBER_CELL_DIFFERENTIATION,NOT_QUALIFIED_EITHER,,,,,
GOBP_LENS_MORPHOGENESIS_IN_CAMERA_TYPE_EYE,QUALIFIED_FIRST_ONLY,,,,,
GOBP_LEUKOCYTE_ADHESION_TO_VASCULAR_ENDOTHELIAL_CELL,NOT_QUALIFIED_EITHER,,,,,
GOBP_LEUKOCYTE_APOPTOTIC_PROCESS,NOT_QUALIFIED_EITHER,,,,,
GOBP_LEUKOCYTE_CELL_CELL_ADHESION,NOT_QUALIFIED_EITHER,,,,,
GOBP_LEUKOCYTE_CHEMOTAXIS,NOT_QUALIFIED_EITHER,,,,,
GOBP_LEUKOCYTE_DEGRANULATION,NOT_QUALIFIED_EITHER,,,,,
GOBP_LEUKOCYTE_HOMEOSTASIS,NOT_QUALIFIED_EITHER,,,,,
GOBP_LEUKOCYTE_MEDIATED_CYTOTOXICITY,NOT_QUALIFIED_EITHER,,,,,
GOBP_LEUKOCYTE_MEDIATED_IMMUNITY,NOT_QUALIFIED_EITHER,,,,,
GOBP_LEUKOCYTE_MIGRATION,NOT_QUALIFIED_EITHER,,,,,
GOBP_LEUKOCYTE_PROLIFERATION,NOT_QUALIFIED_EITHER,,,,,
GOBP_LEUKOCYTE_TETHERING_OR_ROLLING,NOT_QUALIFIED_EITHER,,,,,
GOBP_LEUKOTRIENE_METABOLIC_PROCESS,NOT_QUALIFIED_EITHER,,,,,
GOBP_LIGAND_GATED_ION_CHANNEL_SIGNALING_PATHWAY,NOT_QUALIFIED_EITHER,,,,,
GOBP_LIMBIC_SYSTEM_DEVELOPMENT,NOT_QUALIFIED_EITHER,,,,,
GOBP_LIPID_CATABOLIC_PROCESS,NOT_QUALIFIED_EITHER,,,,,
GOBP_LIPID_DROPLET_FORMATION,NOT_QUALIFIED_EITHER,,,,,
GOBP_LIPID_DROPLET_ORGANIZATION,NOT_QUALIFIED_EITHER,,,,,
GOBP_LIPID_EXPORT_FROM_CELL,NOT_QUALIFIED_EITHER,,,,,
GOBP_LIPID_HOMEOSTASIS,NOT_QUALIFIED_EITHER,,,,,
GOBP_LIPID_IMPORT_INTO_CELL,NOT_QUALIFIED_EITHER,,,,,
GOBP_LIPID_LOCALIZATION,NOT_QUALIFIED_EITHER,,,,,
GOBP_LIPID_MODIFICATION,NOT_QUALIFIED_EITHER,,,,,
GOBP_LIPID_OXIDATION,NOT_QUALIFIED_EITHER,,,,,
GOBP_LIPID_TRANSLOCATION,NOT_QUALIFIED_EITHER,,,,,
GOBP_LIPOPOLYSACCHARIDE_MEDIATED_SIGNALING_PATHWAY,NOT_QUALIFIED_EITHER,,,,,
GOBP_LIPOPROTEIN_BIOSYNTHETIC_PROCESS,NOT_QUALIFIED_EITHER,,,,,
GOBP_LIPOPROTEIN_LOCALIZATION,NOT_QUALIFIED_EITHER,,,,,
GOBP_LIPOPROTEIN_METABOLIC_PROCESS,NOT_QUALIFIED_EITHER,,,,,
GOBP_LIPOSACCHARIDE_METABOLIC_PROCESS,NOT_QUALIFIED_EITHER,,,,,
GOBP_LIVER_MORPHOGENESIS,NOT_QUALIFIED_EITHER,,,,,
GOBP_LIVER_REGENERATION,NOT_QUALIFIED_EITHER,,,,,
GOBP_LOCOMOTORY_BEHAVIOR,NOT_QUALIFIED_EITHER,,,,,
GOBP_LOCOMOTOR_RHYTHM,NOT_QUALIFIED_EITHER,,,,,
GOBP_LONG_CHAIN_FATTY_ACID_BIOSYNTHETIC_PROCESS,NOT_QUALIFIED_EITHER,,,,,
GOBP_LONG_CHAIN_FATTY_ACID_IMPORT_INTO_CELL,NOT_QUALIFIED_EITHER,,,,,
GOBP_LONG_CHAIN_FATTY_ACID_METABOLIC_PROCESS,NOT_QUALIFIED_EITHER,,,,,
GOBP_LONG_CHAIN_FATTY_ACID_TRANSPORT,NOT_QUALIFIED_EITHER,,,,,
GOBP_LONG_CHAIN_FATTY_ACYL_COA_BIOSYNTHETIC_PROCESS,NOT_QUALIFIED_EITHER,,,,,
GOBP_LONG_CHAIN_FATTY_ACYL_COA_METABOLIC_PROCESS,NOT_QUALIFIED_EITHER,,,,,
GOBP_LONG_TERM_MEMORY,NOT_QUALIFIED_EITHER,,,,,
GOBP_LONG_TERM_SYNAPTIC_DEPRESSION,NOT_QUALIFIED_EITHER,,,,,
GOBP_LONG_TERM_SYNAPTIC_POTENTIATION,NOT_QUALIFIED_EITHER,,,,,
GOBP_LOW_DENSITY_LIPOPROTEIN_PARTICLE_CLEARANCE,NOT_QUALIFIED_EITHER,,,,,
GOBP_LUNG_ALVEOLUS_DEVELOPMENT,NOT_QUALIFIED_EITHER,,,,,
GOBP_LUNG_CELL_DIFFERENTIATION,NOT_QUALIFIED_EITHER,,,,,
GOBP_LUNG_EPITHELIUM_DEVELOPMENT,NOT_QUALIFIED_EITHER,,,,,
GOBP_LUNG_MORPHOGENESIS,QUALIFIED_FIRST_ONLY,,,,,
GOBP_LYMPHOCYTE_ACTIVATION_INVOLVED_IN_IMMUNE_RESPONSE,NOT_QUALIFIED_EITHER,,,,,
GOBP_LYMPHOCYTE_APOPTOTIC_PROCESS,NOT_QUALIFIED_EITHER,,,,,
GOBP_LYMPHOCYTE_CHEMOTAXIS,NOT_QUALIFIED_EITHER,,,,,
GOBP_LYMPHOCYTE_COSTIMULATION,NOT_QUALIFIED_EITHER,,,,,
GOBP_LYMPHOCYTE_DIFFERENTIATION,NOT_QUALIFIED_EITHER,,,,,
GOBP_LYMPHOCYTE_HOMEOSTASIS,NOT_QUALIFIED_EITHER,,,,,
GOBP_LYMPHOCYTE_MEDIATED_IMMUNITY,NOT_QUALIFIED_EITHER,,,,,
GOBP_LYMPHOCYTE_MIGRATION,NOT_QUALIFIED_EITHER,,,,,
GOBP_LYMPHOID_PROGENITOR_CELL_DIFFERENTIATION,NOT_QUALIFIED_EITHER,,,,,
GOBP_LYMPH_NODE_DEVELOPMENT,NOT_QUALIFIED_EITHER,,,,,
GOBP_LYMPH_VESSEL_DEVELOPMENT,NOT_QUALIFIED_EITHER,,,,,
GOBP_LYMPH_VESSEL_MORPHOGENESIS,NOT_QUALIFIED_EITHER,,,,,
GOBP_LYSOSOMAL_LUMEN_ACIDIFICATION,NOT_QUALIFIED_EITHER,,,,,
GOBP_LYSOSOMAL_MEMBRANE_ORGANIZATION,NOT_QUALIFIED_EITHER,,,,,
GOBP_LYSOSOMAL_TRANSPORT,NOT_QUALIFIED_EITHER,,,,,
GOBP_LYTIC_VACUOLE_ORGANIZATION,NOT_QUALIFIED_EITHER,,,,,
GOBP_L_ALPHA_AMINO_ACID_TRANSMEMBRANE_TRANSPORT,NOT_QUALIFIED_EITHER,,,,,
GOBP_L_AMINO_ACID_CATABOLIC_PROCESS,NOT_QUALIFIED_EITHER,,,,,
GOBP_L_AMINO_ACID_METABOLIC_PROCESS,NOT_QUALIFIED_EITHER,,,,,
GOBP_L_AMINO_ACID_TRANSPORT,NOT_QUALIFIED_EITHER,,,,,
GOBP_L_GLUTAMATE_IMPORT,NOT_QUALIFIED_EITHER,,,,,
GOBP_L_GLUTAMATE_IMPORT_ACROSS_PLASMA_MEMBRANE,NOT_QUALIFIED_EITHER,,,,,
GOBP_L_GLUTAMATE_TRANSMEMBRANE_TRANSPORT,NOT_QUALIFIED_EITHER,,,,,
GOBP_MACROAUTOPHAGY,NOT_QUALIFIED_EITHER,,,,,
GOBP_MACROMOLECULE_DEACYLATION,NOT_QUALIFIED_EITHER,,,,,
GOBP_MACROMOLECULE_DEPALMITOYLATION,NOT_QUALIFIED_EITHER,,,,,
GOBP_MACROMOLECULE_METHYLATION,NOT_QUALIFIED_EITHER,,,,,
GOBP_MACROPHAGE_ACTIVATION,NOT_QUALIFIED_EITHER,,,,,
GOBP_MACROPHAGE_ACTIVATION_INVOLVED_IN_IMMUNE_RESPONSE,NOT_QUALIFIED_EITHER,,,,,
GOBP_MACROPHAGE_CHEMOTAXIS,NOT_QUALIFIED_EITHER,,,,,
GOBP_MACROPHAGE_CYTOKINE_PRODUCTION,NOT_QUALIFIED_EITHER,,,,,
GOBP_MACROPHAGE_DIFFERENTIATION,QUALIFIED_BOTH,14.0,18.0,14.0,18.0,0.7777777777777778
GOBP_MACROPHAGE_MIGRATION,NOT_QUALIFIED_EITHER,,,,,
GOBP_MAGNESIUM_ION_TRANSPORT,NOT_QUALIFIED_EITHER,,,,,
GOBP_MAINTENANCE_OF_BLOOD_BRAIN_BARRIER,NOT_QUALIFIED_EITHER,,,,,
GOBP_MAINTENANCE_OF_CELL_NUMBER,NOT_QUALIFIED_EITHER,,,,,
GOBP_MAINTENANCE_OF_LOCATION,NOT_QUALIFIED_EITHER,,,,,
GOBP_MAINTENANCE_OF_PROTEIN_LOCALIZATION_IN_ORGANELLE,NOT_QUALIFIED_EITHER,,,,,
GOBP_MAINTENANCE_OF_PROTEIN_LOCATION,NOT_QUALIFIED_EITHER,,,,,
GOBP_MAINTENANCE_OF_PROTEIN_LOCATION_IN_NUCLEUS,NOT_QUALIFIED_EITHER,,,,,
GOBP_MAINTENANCE_OF_SYNAPSE_STRUCTURE,NOT_QUALIFIED_EITHER,,,,,
GOBP_MALE_MEIOSIS_I,NOT_QUALIFIED_EITHER,,,,,
GOBP_MALE_MEIOTIC_NUCLEAR_DIVISION,NOT_QUALIFIED_EITHER,,,,,
GOBP_MALE_SEX_DIFFERENTIATION,NOT_QUALIFIED_EITHER,,,,,
GOBP_MAMMARY_GLAND_ALVEOLUS_DEVELOPMENT,NOT_QUALIFIED_EITHER,,,,,
GOBP_MAMMARY_GLAND_DEVELOPMENT,QUALIFIED_FIRST_ONLY,,,,,
GOBP_MAMMARY_GLAND_DUCT_MORPHOGENESIS,NOT_QUALIFIED_EITHER,,,,,
GOBP_MAMMARY_GLAND_EPITHELIAL_CELL_DIFFERENTIATION,QUALIFIED_BOTH,6.0,6.0,6.0,6.0,1.0
GOBP_MAMMARY_GLAND_EPITHELIAL_CELL_PROLIFERATION,NOT_QUALIFIED_EITHER,,,,,
GOBP_MAMMARY_GLAND_EPITHELIUM_DEVELOPMENT,NOT_QUALIFIED_EITHER,,,,,
GOBP_MAMMARY_GLAND_MORPHOGENESIS,NOT_QUALIFIED_EITHER,,,,,
GOBP_MAST_CELL_ACTIVATION,NOT_QUALIFIED_EITHER,,,,,
GOBP_MAST_CELL_ACTIVATION_INVOLVED_IN_IMMUNE_RESPONSE,NOT_QUALIFIED_EITHER,,,,,
GOBP_MATERNAL_PLACENTA_DEVELOPMENT,NOT_QUALIFIED_EITHER,,,,,
GOBP_MATERNAL_PROCESS_INVOLVED_IN_FEMALE_PREGNANCY,NOT_QUALIFIED_EITHER,,,,,
GOBP_MATING_BEHAVIOR,NOT_QUALIFIED_EITHER,,,,,
GOBP_MATURATION_OF_5_8S_RRNA,NOT_QUALIFIED_EITHER,,,,,
GOBP_MATURATION_OF_5_8S_RRNA_FROM_TRICISTRONIC_RRNA_TRANSCRIPT_SSU_RRNA_5_8S_RRNA_LSU_RRNA,NOT_QUALIFIED_EITHER,,,,,
GOBP_MATURATION_OF_LSU_RRNA,NOT_QUALIFIED_EITHER,,,,,
GOBP_MATURATION_OF_LSU_RRNA_FROM_TRICISTRONIC_RRNA_TRANSCRIPT_SSU_RRNA_5_8S_RRNA_LSU_RRNA,NOT_QUALIFIED_EITHER,,,,,
GOBP_MATURATION_OF_SSU_RRNA,QUALIFIED_SECOND_ONLY,,,,,
GOBP_MATURATION_OF_SSU_RRNA_FROM_TRICISTRONIC_RRNA_TRANSCRIPT_SSU_RRNA_5_8S_RRNA_LSU_RRNA,QUALIFIED_SECOND_ONLY,,,,,
GOBP_MATURE_B_CELL_DIFFERENTIATION,NOT_QUALIFIED_EITHER,,,,,
GOBP_MECHANORECEPTOR_DIFFERENTIATION,NOT_QUALIFIED_EITHER,,,,,
GOBP_MEGAKARYOCYTE_DEVELOPMENT,NOT_QUALIFIED_EITHER,,,,,
GOBP_MEGAKARYOCYTE_DIFFERENTIATION,NOT_QUALIFIED_EITHER,,,,,
GOBP_MEIOSIS_I_CELL_CYCLE_PROCESS,NOT_QUALIFIED_EITHER,,,,,
GOBP_MEIOTIC_CELL_CYCLE,NOT_QUALIFIED_EITHER,,,,,
GOBP_MEIOTIC_CELL_CYCLE_PROCESS,NOT_QUALIFIED_EITHER,,,,,
GOBP_MEIOTIC_CHROMOSOME_SEGREGATION,NOT_QUALIFIED_EITHER,,,,,
GOBP_MEIOTIC_SISTER_CHROMATID_COHESION,NOT_QUALIFIED_EITHER,,,,,
GOBP_MEIOTIC_SPINDLE_ASSEMBLY,NOT_QUALIFIED_EITHER,,,,,
GOBP_MEIOTIC_SPINDLE_ORGANIZATION,NOT_QUALIFIED_EITHER,,,,,
GOBP_MELANOCYTE_DIFFERENTIATION,NOT_QUALIFIED_EITHER,,,,,
GOBP_MELANOSOME_ASSEMBLY,NOT_QUALIFIED_EITHER,,,,,
GOBP_MEMBRANELESS_ORGANELLE_ASSEMBLY,NOT_QUALIFIED_EITHER,,,,,
GOBP_MEMBRANE_BIOGENESIS,NOT_QUALIFIED_EITHER,,,,,
GOBP_MEMBRANE_DEPOLARIZATION,NOT_QUALIFIED_EITHER,,,,,
GOBP_MEMBRANE_DEPOLARIZATION_DURING_ACTION_POTENTIAL,NOT_QUALIFIED_EITHER,,,,,
GOBP_MEMBRANE_DEPOLARIZATION_DURING_CARDIAC_MUSCLE_CELL_ACTION_POTENTIAL,NOT_QUALIFIED_EITHER,,,,,
GOBP_MEMBRANE_DOCKING,NOT_QUALIFIED_EITHER,,,,,
GOBP_MEMBRANE_FISSION,NOT_QUALIFIED_EITHER,,,,,
GOBP_MEMBRANE_FUSION,NOT_QUALIFIED_EITHER,,,,,
GOBP_MEMBRANE_INVAGINATION,NOT_QUALIFIED_EITHER,,,,,
GOBP_MEMBRANE_LIPID_BIOSYNTHETIC_PROCESS,NOT_QUALIFIED_EITHER,,,,,
GOBP_MEMBRANE_LIPID_CATABOLIC_PROCESS,NOT_QUALIFIED_EITHER,,,,,
GOBP_MEMBRANE_LIPID_METABOLIC_PROCESS,NOT_QUALIFIED_EITHER,,,,,
GOBP_MEMBRANE_PROTEIN_ECTODOMAIN_PROTEOLYSIS,NOT_QUALIFIED_EITHER,,,,,
GOBP_MEMBRANE_PROTEIN_PROTEOLYSIS,NOT_QUALIFIED_EITHER,,,,,
GOBP_MEMBRANE_RAFT_ASSEMBLY,NOT_QUALIFIED_EITHER,,,,,
GOBP_MEMBRANE_RAFT_ORGANIZATION,NOT_QUALIFIED_EITHER,,,,,
GOBP_MEMBRANE_REPOLARIZATION,NOT_QUALIFIED_EITHER,,,,,
GOBP_MEMBRANE_REPOLARIZATION_DURING_ACTION_POTENTIAL,NOT_QUALIFIED_EITHER,,,,,
GOBP_MEMORY,NOT_QUALIFIED_EITHER,,,,,
GOBP_MESENCHYMAL_CELL_DIFFERENTIATION,NOT_QUALIFIED_EITHER,,,,,
GOBP_MESENCHYMAL_CELL_MIGRATION,NOT_QUALIFIED_EITHER,,,,,
GOBP_MESENCHYMAL_CELL_PROLIFERATION,QUALIFIED_BOTH,11.0,16.0,11.0,16.0,0.6875
GOBP_MESENCHYMAL_STEM_CELL_DIFFERENTIATION,NOT_QUALIFIED_EITHER,,,,,
GOBP_MESENCHYMAL_TO_EPITHELIAL_TRANSITION,NOT_QUALIFIED_EITHER,,,,,
GOBP_MESENCHYME_DEVELOPMENT,NOT_QUALIFIED_EITHER,,,,,
GOBP_MESENCHYME_MORPHOGENESIS,NOT_QUALIFIED_EITHER,,,,,
GOBP_MESODERMAL_CELL_DIFFERENTIATION,NOT_QUALIFIED_EITHER,,,,,
GOBP_MESODERM_DEVELOPMENT,NOT_QUALIFIED_EITHER,,,,,
GOBP_MESODERM_MORPHOGENESIS,NOT_QUALIFIED_EITHER,,,,,
GOBP_MESONEPHRIC_TUBULE_MORPHOGENESIS,QUALIFIED_BOTH,21.0,25.0,21.0,25.0,0.84
GOBP_MESONEPHROS_DEVELOPMENT,QUALIFIED_BOTH,30.0,28.0,26.0,32.0,0.8125
GOBP_METABOLIC_COMPOUND_SALVAGE,NOT_QUALIFIED_EITHER,,,,,
GOBP_METALLO_SULFUR_CLUSTER_ASSEMBLY,NOT_QUALIFIED_EITHER,,,,,
GOBP_METANEPHRIC_EPITHELIUM_DEVELOPMENT,QUALIFIED_BOTH,8.0,8.0,8.0,8.0,1.0
GOBP_METANEPHRIC_NEPHRON_DEVELOPMENT,QUALIFIED_BOTH,13.0,15.0,13.0,15.0,0.8666666666666667
GOBP_METANEPHRIC_NEPHRON_EPITHELIUM_DEVELOPMENT,QUALIFIED_BOTH,8.0,8.0,8.0,8.0,1.0
GOBP_METANEPHRIC_NEPHRON_MORPHOGENESIS,QUALIFIED_BOTH,10.0,10.0,10.0,10.0,1.0
GOBP_METANEPHROS_DEVELOPMENT,QUALIFIED_BOTH,26.0,29.0,26.0,29.0,0.896551724137931
GOBP_METANEPHROS_MORPHOGENESIS,QUALIFIED_BOTH,10.0,9.0,9.0,10.0,0.9
GOBP_METAPHASE_CHROMOSOME_ALIGNMENT,NOT_QUALIFIED_EITHER,,,,,
GOBP_METENCEPHALON_DEVELOPMENT,NOT_QUALIFIED_EITHER,,,,,
GOBP_METHIONINE_METABOLIC_PROCESS,NOT_QUALIFIED_EITHER,,,,,
GOBP_METHYLATION,NOT_QUALIFIED_EITHER,,,,,
GOBP_MHC_CLASS_II_BIOSYNTHETIC_PROCESS,NOT_QUALIFIED_EITHER,,,,,
GOBP_MICROAUTOPHAGY,NOT_QUALIFIED_EITHER,,,,,
GOBP_MICROGLIA_DIFFERENTIATION,NOT_QUALIFIED_EITHER,,,,,
GOBP_MICROTUBULE_ANCHORING,NOT_QUALIFIED_EITHER,,,,,
GOBP_MICROTUBULE_BASED_MOVEMENT,NOT_QUALIFIED_EITHER,,,,,
GOBP_MICROTUBULE_BASED_TRANSPORT,NOT_QUALIFIED_EITHER,,,,,
GOBP_MICROTUBULE_BUNDLE_FORMATION,NOT_QUALIFIED_EITHER,,,,,
GOBP_MICROTUBULE_CYTOSKELETON_ORGANIZATION_INVOLVED_IN_MITOSIS,NOT_QUALIFIED_EITHER,,,,,
GOBP_MICROTUBULE_DEPOLYMERIZATION,NOT_QUALIFIED_EITHER,,,,,
GOBP_MICROTUBULE_NUCLEATION,NOT_QUALIFIED_EITHER,,,,,
GOBP_MICROTUBULE_ORGANIZING_CENTER_LOCALIZATION,NOT_QUALIFIED_EITHER,,,,,
GOBP_MICROTUBULE_ORGANIZING_CENTER_ORGANIZATION,NOT_QUALIFIED_EITHER,,,,,
GOBP_MICROTUBULE_POLYMERIZATION,NOT_QUALIFIED_EITHER,,,,,
GOBP_MICROTUBULE_POLYMERIZATION_OR_DEPOLYMERIZATION,NOT_QUALIFIED_EITHER,,,,,
GOBP_MICROVILLUS_ORGANIZATION,NOT_QUALIFIED_EITHER,,,,,
GOBP_MIDBODY_ABSCISSION,NOT_QUALIFIED_EITHER,,,,,
GOBP_MIDBRAIN_DEVELOPMENT,NOT_QUALIFIED_EITHER,,,,,
GOBP_MIDBRAIN_DOPAMINERGIC_NEURON_DIFFERENTIATION,NOT_QUALIFIED_EITHER,,,,,
GOBP_MIDDLE_EAR_MORPHOGENESIS,NOT_QUALIFIED_EITHER,,,,,
GOBP_MIRNA_MEDIATED_GENE_SILENCING_BY_INHIBITION_OF_TRANSLATION,NOT_QUALIFIED_EITHER,,,,,
GOBP_MIRNA_METABOLIC_PROCESS,QUALIFIED_BOTH,33.0,25.0,24.0,34.0,0.7058823529411765
GOBP_MIRNA_PROCESSING,QUALIFIED_SECOND_ONLY,,,,,
GOBP_MIRNA_TRANSCRIPTION,QUALIFIED_BOTH,20.0,21.0,19.0,22.0,0.8636363636363636
GOBP_MISMATCH_REPAIR,NOT_QUALIFIED_EITHER,,,,,
GOBP_MITOCHONDRIAL_CALCIUM_ION_HOMEOSTASIS,NOT_QUALIFIED_EITHER,,,,,
GOBP_MITOCHONDRIAL_CALCIUM_ION_TRANSMEMBRANE_TRANSPORT,NOT_QUALIFIED_EITHER,,,,,
GOBP_MITOCHONDRIAL_DEPOLARIZATION,NOT_QUALIFIED_EITHER,,,,,
GOBP_MITOCHONDRIAL_DNA_METABOLIC_PROCESS,NOT_QUALIFIED_EITHER,,,,,
GOBP_MITOCHONDRIAL_DNA_REPLICATION,NOT_QUALIFIED_EITHER,,,,,
GOBP_MITOCHONDRIAL_ELECTRON_TRANSPORT_CYTOCHROME_C_TO_OXYGEN,NOT_QUALIFIED_EITHER,,,,,
GOBP_MITOCHONDRIAL_ELECTRON_TRANSPORT_NADH_TO_UBIQUINONE,NOT_QUALIFIED_EITHER,,,,,
GOBP_MITOCHONDRIAL_FISSION,NOT_QUALIFIED_EITHER,,,,,
GOBP_MITOCHONDRIAL_FUSION,NOT_QUALIFIED_EITHER,,,,,
GOBP_MITOCHONDRIAL_GENE_EXPRESSION,NOT_QUALIFIED_EITHER,,,,,
GOBP_MITOCHONDRIAL_MEMBRANE_ORGANIZATION,NOT_QUALIFIED_EITHER,,,,,
GOBP_MITOCHONDRIAL_OUTER_MEMBRANE_PERMEABILIZATION,NOT_QUALIFIED_EITHER,,,,,
GOBP_MITOCHONDRIAL_RESPIRATORY_CHAIN_COMPLEX_ASSEMBLY,NOT_QUALIFIED_EITHER,,,,,
GOBP_MITOCHONDRIAL_RIBOSOME_ASSEMBLY,NOT_QUALIFIED_EITHER,,,,,
GOBP_MITOCHONDRIAL_RNA_METABOLIC_PROCESS,NOT_QUALIFIED_EITHER,,,,,
GOBP_MITOCHONDRIAL_RNA_MODIFICATION,NOT_QUALIFIED_EITHER,,,,,
GOBP_MITOCHONDRIAL_RNA_PROCESSING,NOT_QUALIFIED_EITHER,,,,,
GOBP_MITOCHONDRIAL_TRANSCRIPTION,NOT_QUALIFIED_EITHER,,,,,
GOBP_MITOCHONDRIAL_TRANSLATION,NOT_QUALIFIED_EITHER,,,,,
GOBP_MITOCHONDRIAL_TRANSMEMBRANE_TRANSPORT,NOT_QUALIFIED_EITHER,,,,,
GOBP_MITOCHONDRIAL_TRANSPORT,NOT_QUALIFIED_EITHER,,,,,
GOBP_MITOCHONDRIAL_TRNA_PROCESSING,NOT_QUALIFIED_EITHER,,,,,
GOBP_MITOCHONDRION_DISTRIBUTION,NOT_QUALIFIED_EITHER,,,,,
GOBP_MITOCHONDRION_LOCALIZATION,NOT_QUALIFIED_EITHER,,,,,
GOBP_MITOCHONDRION_ORGANIZATION,NOT_QUALIFIED_EITHER,,,,,
GOBP_MITOPHAGY,NOT_QUALIFIED_EITHER,,,,,
GOBP_MITOTIC_CELL_CYCLE_CHECKPOINT_SIGNALING,NOT_QUALIFIED_EITHER,,,,,
GOBP_MITOTIC_CELL_CYCLE_PHASE_TRANSITION,NOT_QUALIFIED_EITHER,,,,,
GOBP_MITOTIC_CHROMOSOME_CONDENSATION,NOT_QUALIFIED_EITHER,,,,,
GOBP_MITOTIC_CYTOKINESIS,NOT_QUALIFIED_EITHER,,,,,
GOBP_MITOTIC_CYTOKINETIC_PROCESS,NOT_QUALIFIED_EITHER,,,,,
GOBP_MITOTIC_DNA_INTEGRITY_CHECKPOINT_SIGNALING,NOT_QUALIFIED_EITHER,,,,,
GOBP_MITOTIC_DNA_REPLICATION,NOT_QUALIFIED_EITHER,,,,,
GOBP_MITOTIC_G1_S_TRANSITION_CHECKPOINT_SIGNALING,NOT_QUALIFIED_EITHER,,,,,
GOBP_MITOTIC_G2_DNA_DAMAGE_CHECKPOINT_SIGNALING,NOT_QUALIFIED_EITHER,,,,,
GOBP_MITOTIC_G2_M_TRANSITION_CHECKPOINT,NOT_QUALIFIED_EITHER,,,,,
GOBP_MITOTIC_INTRA_S_DNA_DAMAGE_CHECKPOINT_SIGNALING,NOT_QUALIFIED_EITHER,,,,,
GOBP_MITOTIC_METAPHASE_CHROMOSOME_ALIGNMENT,NOT_QUALIFIED_EITHER,,,,,
GOBP_MITOTIC_NUCLEAR_DIVISION,NOT_QUALIFIED_EITHER,,,,,
GOBP_MITOTIC_RECOMBINATION,NOT_QUALIFIED_EITHER,,,,,
GOBP_MITOTIC_SISTER_CHROMATID_COHESION,NOT_QUALIFIED_EITHER,,,,,
GOBP_MITOTIC_SISTER_CHROMATID_SEGREGATION,NOT_QUALIFIED_EITHER,,,,,
GOBP_MITOTIC_SISTER_CHROMATID_SEPARATION,NOT_QUALIFIED_EITHER,,,,,
GOBP_MITOTIC_SPINDLE_ASSEMBLY,NOT_QUALIFIED_EITHER,,,,,
GOBP_MITOTIC_SPINDLE_ORGANIZATION,NOT_QUALIFIED_EITHER,,,,,
GOBP_MODIFICATION_OF_POSTSYNAPTIC_ACTIN_CYTOSKELETON,NOT_QUALIFIED_EITHER,,,,,
GOBP_MODIFICATION_OF_POSTSYNAPTIC_STRUCTURE,NOT_QUALIFIED_EITHER,,,,,
GOBP_MODIFICATION_OF_SYNAPTIC_STRUCTURE,NOT_QUALIFIED_EITHER,,,,,
GOBP_MODIFIED_AMINO_ACID_BIOSYNTHETIC_PROCESS,NOT_QUALIFIED_EITHER,,,,,
GOBP_MODIFIED_AMINO_ACID_CATABOLIC_PROCESS,NOT_QUALIFIED_EITHER,,,,,
GOBP_MODIFIED_AMINO_ACID_METABOLIC_PROCESS,NOT_QUALIFIED_EITHER,,,,,
GOBP_MODIFIED_AMINO_ACID_TRANSPORT,NOT_QUALIFIED_EITHER,,,,,
GOBP_MODULATION_BY_SYMBIONT_OF_ENTRY_INTO_HOST,NOT_QUALIFIED_EITHER,,,,,
GOBP_MODULATION_OF_EXCITATORY_POSTSYNAPTIC_POTENTIAL,NOT_QUALIFIED_EITHER,,,,,
GOBP_MODULATION_OF_PROCESS_OF_ANOTHER_ORGANISM,QUALIFIED_FIRST_ONLY,,,,,
GOBP_MOLTING_CYCLE,NOT_QUALIFIED_EITHER,,,,,
GOBP_MOLTING_CYCLE_PROCESS,NOT_QUALIFIED_EITHER,,,,,
GOBP_MONOAMINE_TRANSPORT,NOT_QUALIFIED_EITHER,,,,,
GOBP_MONOATOMIC_ANION_HOMEOSTASIS,NOT_QUALIFIED_EITHER,,,,,
GOBP_MONOATOMIC_ANION_TRANSPORT,NOT_QUALIFIED_EITHER,,,,,
GOBP_MONOATOMIC_ION_HOMEOSTASIS,NOT_QUALIFIED_EITHER,,,,,
GOBP_MONOCARBOXYLIC_ACID_BIOSYNTHETIC_PROCESS,NOT_QUALIFIED_EITHER,,,,,
GOBP_MONOCARBOXYLIC_ACID_CATABOLIC_PROCESS,NOT_QUALIFIED_EITHER,,,,,
GOBP_MONOCARBOXYLIC_ACID_TRANSPORT,NOT_QUALIFIED_EITHER,,,,,
GOBP_MONOCYTE_CHEMOTACTIC_PROTEIN_1_PRODUCTION,NOT_QUALIFIED_EITHER,,,,,
GOBP_MONOCYTE_CHEMOTAXIS,QUALIFIED_BOTH,8.0,8.0,8.0,8.0,1.0
GOBP_MONOCYTE_DIFFERENTIATION,NOT_QUALIFIED_EITHER,,,,,
GOBP_MONONUCLEAR_CELL_DIFFERENTIATION,NOT_QUALIFIED_EITHER,,,,,
GOBP_MONONUCLEAR_CELL_MIGRATION,NOT_QUALIFIED_EITHER,,,,,
GOBP_MONOSACCHARIDE_BIOSYNTHETIC_PROCESS,NOT_QUALIFIED_EITHER,,,,,
GOBP_MONOSACCHARIDE_CATABOLIC_PROCESS,NOT_QUALIFIED_EITHER,,,,,
GOBP_MONOSACCHARIDE_METABOLIC_PROCESS,NOT_QUALIFIED_EITHER,,,,,
GOBP_MONOSACCHARIDE_TRANSMEMBRANE_TRANSPORT,NOT_QUALIFIED_EITHER,,,,,
GOBP_MORPHOGENESIS_OF_AN_ENDOTHELIUM,NOT_QUALIFIED_EITHER,,,,,
GOBP_MORPHOGENESIS_OF_AN_EPITHELIAL_FOLD,NOT_QUALIFIED_EITHER,,,,,
GOBP_MORPHOGENESIS_OF_AN_EPITHELIAL_SHEET,NOT_QUALIFIED_EITHER,,,,,
GOBP_MORPHOGENESIS_OF_AN_EPITHELIUM,NOT_QUALIFIED_EITHER,,,,,
GOBP_MORPHOGENESIS_OF_A_BRANCHING_STRUCTURE,QUALIFIED_BOTH,60.0,55.0,52.0,63.0,0.8253968253968254
GOBP_MORPHOGENESIS_OF_A_POLARIZED_EPITHELIUM,NOT_QUALIFIED_EITHER,,,,,
GOBP_MORPHOGENESIS_OF_EMBRYONIC_EPITHELIUM,NOT_QUALIFIED_EITHER,,,,,
GOBP_MOTILE_CILIUM_ASSEMBLY,NOT_QUALIFIED_EITHER,,,,,
GOBP_MOTOR_BEHAVIOR,NOT_QUALIFIED_EITHER,,,,,
GOBP_MOTOR_NEURON_AXON_GUIDANCE,NOT_QUALIFIED_EITHER,,,,,
GOBP_MRNA_3_END_PROCESSING,NOT_QUALIFIED_EITHER,,,,,
GOBP_MRNA_CATABOLIC_PROCESS,NOT_QUALIFIED_EITHER,,,,,
GOBP_MRNA_CIS_SPLICING_VIA_SPLICEOSOME,NOT_QUALIFIED_EITHER,,,,,
GOBP_MRNA_EXPORT_FROM_NUCLEUS,QUALIFIED_SECOND_ONLY,,,,,
GOBP_MRNA_METHYLGUANOSINE_CAP_DECAPPING,NOT_QUALIFIED_EITHER,,,,,
GOBP_MRNA_MODIFICATION,QUALIFIED_SECOND_ONLY,,,,,
GOBP_MRNA_PROCESSING,NOT_QUALIFIED_EITHER,,,,,
GOBP_MRNA_SPLICE_SITE_RECOGNITION,NOT_QUALIFIED_EITHER,,,,,
GOBP_MRNA_TRANSCRIPTION,NOT_QUALIFIED_EITHER,,,,,
GOBP_MRNA_TRANSPORT,QUALIFIED_SECOND_ONLY,,,,,
GOBP_MULTICELLULAR_ORGANISMAL_LEVEL_CHEMICAL_HOMEOSTASIS,NOT_QUALIFIED_EITHER,,,,,
GOBP_MULTICELLULAR_ORGANISMAL_LEVEL_IRON_ION_HOMEOSTASIS,NOT_QUALIFIED_EITHER,,,,,
GOBP_MULTICELLULAR_ORGANISMAL_LEVEL_WATER_HOMEOSTASIS,NOT_QUALIFIED_EITHER,,,,,
GOBP_MULTICELLULAR_ORGANISMAL_MOVEMENT,NOT_QUALIFIED_EITHER,,,,,
GOBP_MULTICELLULAR_ORGANISMAL_RESPONSE_TO_STRESS,NOT_QUALIFIED_EITHER,,,,,
GOBP_MULTICELLULAR_ORGANISM_GROWTH,NOT_QUALIFIED_EITHER,,,,,
GOBP_MULTIVESICULAR_BODY_ORGANIZATION,NOT_QUALIFIED_EITHER,,,,,
GOBP_MULTIVESICULAR_BODY_SORTING_PATHWAY,NOT_QUALIFIED_EITHER,,,,,
GOBP_MULTI_MULTICELLULAR_ORGANISM_PROCESS,QUALIFIED_BOTH,44.0,48.0,42.0,50.0,0.84
GOBP_MUSCLE_ADAPTATION,NOT_QUALIFIED_EITHER,,,,,
GOBP_MUSCLE_CELL_APOPTOTIC_PROCESS,NOT_QUALIFIED_EITHER,,,,,
GOBP_MUSCLE_CELL_CELLULAR_HOMEOSTASIS,NOT_QUALIFIED_EITHER,,,,,
GOBP_MUSCLE_CELL_DEVELOPMENT,NOT_QUALIFIED_EITHER,,,,,
GOBP_MUSCLE_CELL_DIFFERENTIATION,NOT_QUALIFIED_EITHER,,,,,
GOBP_MUSCLE_CELL_MIGRATION,NOT_QUALIFIED_EITHER,,,,,
GOBP_MUSCLE_CELL_PROLIFERATION,NOT_QUALIFIED_EITHER,,,,,
GOBP_MUSCLE_CONTRACTION,NOT_QUALIFIED_EITHER,,,,,
GOBP_MUSCLE_HYPERTROPHY,NOT_QUALIFIED_EITHER,,,,,
GOBP_MUSCLE_HYPERTROPHY_IN_RESPONSE_TO_STRESS,NOT_QUALIFIED_EITHER,,,,,
GOBP_MUSCLE_ORGAN_DEVELOPMENT,NOT_QUALIFIED_EITHER,,,,,
GOBP_MUSCLE_ORGAN_MORPHOGENESIS,NOT_QUALIFIED_EITHER,,,,,
GOBP_MUSCLE_SYSTEM_PROCESS,NOT_QUALIFIED_EITHER,,,,,
GOBP_MUSCLE_TISSUE_DEVELOPMENT,QUALIFIED_BOTH,95.0,93.0,85.0,103.0,0.8252427184466019
GOBP_MYD88_DEPENDENT_TOLL_LIKE_RECEPTOR_SIGNALING_PATHWAY,NOT_QUALIFIED_EITHER,,,,,
GOBP_MYD88_INDEPENDENT_TOLL_LIKE_RECEPTOR_SIGNALING_PATHWAY,NOT_QUALIFIED_EITHER,,,,,
GOBP_MYELIN_ASSEMBLY,NOT_QUALIFIED_EITHER,,,,,
GOBP_MYELOID_CELL_ACTIVATION_INVOLVED_IN_IMMUNE_RESPONSE,NOT_QUALIFIED_EITHER,,,,,
GOBP_MYELOID_CELL_APOPTOTIC_PROCESS,NOT_QUALIFIED_EITHER,,,,,
GOBP_MYELOID_CELL_DEVELOPMENT,NOT_QUALIFIED_EITHER,,,,,
GOBP_MYELOID_CELL_DIFFERENTIATION,NOT_QUALIFIED_EITHER,,,,,
GOBP_MYELOID_CELL_HOMEOSTASIS,NOT_QUALIFIED_EITHER,,,,,
GOBP_MYELOID_DENDRITIC_CELL_ACTIVATION,NOT_QUALIFIED_EITHER,,,,,
GOBP_MYELOID_LEUKOCYTE_ACTIVATION,NOT_QUALIFIED_EITHER,,,,,
GOBP_MYELOID_LEUKOCYTE_CYTOKINE_PRODUCTION,NOT_QUALIFIED_EITHER,,,,,
GOBP_MYELOID_LEUKOCYTE_DIFFERENTIATION,NOT_QUALIFIED_EITHER,,,,,
GOBP_MYELOID_LEUKOCYTE_MEDIATED_IMMUNITY,NOT_QUALIFIED_EITHER,,,,,
GOBP_MYELOID_LEUKOCYTE_MIGRATION,NOT_QUALIFIED_EITHER,,,,,
GOBP_MYOBLAST_DIFFERENTIATION,NOT_QUALIFIED_EITHER,,,,,
GOBP_MYOBLAST_FUSION,QUALIFIED_BOTH,51.0,48.0,47.0,52.0,0.9038461538461539
GOBP_MYOBLAST_PROLIFERATION,NOT_QUALIFIED_EITHER,,,,,
GOBP_MYOFIBRIL_ASSEMBLY,NOT_QUALIFIED_EITHER,,,,,
GOBP_MYOTUBE_CELL_DEVELOPMENT,NOT_QUALIFIED_EITHER,,,,,
GOBP_MYOTUBE_DIFFERENTIATION,QUALIFIED_SECOND_ONLY,,,,,
GOBP_NADH_DEHYDROGENASE_COMPLEX_ASSEMBLY,NOT_QUALIFIED_EITHER,,,,,
GOBP_NADPH_REGENERATION,NOT_QUALIFIED_EITHER,,,,,
GOBP_NADPLUS_METABOLIC_PROCESS,NOT_QUALIFIED_EITHER,,,,,
GOBP_NADPPLUS_METABOLIC_PROCESS,NOT_QUALIFIED_EITHER,,,,,
GOBP_NATURAL_KILLER_CELL_ACTIVATION,NOT_QUALIFIED_EITHER,,,,,
GOBP_NATURAL_KILLER_CELL_DIFFERENTIATION,NOT_QUALIFIED_EITHER,,,,,
GOBP_NATURAL_KILLER_CELL_MEDIATED_IMMUNITY,NOT_QUALIFIED_EITHER,,,,,
GOBP_NECROPTOTIC_PROCESS,NOT_QUALIFIED_EITHER,,,,,
GOBP_NEGATIVE_ADAPTATION_OF_SIGNALING_PATHWAY,NOT_QUALIFIED_EITHER,,,,,
GOBP_NEGATIVE_CHEMOTAXIS,NOT_QUALIFIED_EITHER,,,,,
GOBP_NEGATIVE_REGULATION_OF_ACTIN_FILAMENT_BUNDLE_ASSEMBLY,NOT_QUALIFIED_EITHER,,,,,
GOBP_NEGATIVE_REGULATION_OF_ACTIN_FILAMENT_DEPOLYMERIZATION,NOT_QUALIFIED_EITHER,,,,,
GOBP_NEGATIVE_REGULATION_OF_ACTIN_FILAMENT_POLYMERIZATION,NOT_QUALIFIED_EITHER,,,,,
GOBP_NEGATIVE_REGULATION_OF_ACTIVIN_RECEPTOR_SIGNALING_PATHWAY,NOT_QUALIFIED_EITHER,,,,,
GOBP_NEGATIVE_REGULATION_OF_ADAPTIVE_IMMUNE_RESPONSE,NOT_QUALIFIED_EITHER,,,,,
GOBP_NEGATIVE_REGULATION_OF_ALPHA_BETA_T_CELL_ACTIVATION,NOT_QUALIFIED_EITHER,,,,,
GOBP_NEGATIVE_REGULATION_OF_ALPHA_BETA_T_CELL_DIFFERENTIATION,NOT_QUALIFIED_EITHER,,,,,
GOBP_NEGATIVE_REGULATION_OF_AMIDE_METABOLIC_PROCESS,NOT_QUALIFIED_EITHER,,,,,
GOBP_NEGATIVE_REGULATION_OF_AMINE_TRANSPORT,NOT_QUALIFIED_EITHER,,,,,
GOBP_NEGATIVE_REGULATION_OF_AMYLOID_PRECURSOR_PROTEIN_CATABOLIC_PROCESS,NOT_QUALIFIED_EITHER,,,,,
GOBP_NEGATIVE_REGULATION_OF_ANDROGEN_RECEPTOR_SIGNALING_PATHWAY,NOT_QUALIFIED_EITHER,,,,,
GOBP_NEGATIVE_REGULATION_OF_ANOIKIS,NOT_QUALIFIED_EITHER,,,,,
GOBP_NEGATIVE_REGULATION_OF_ANTIGEN_RECEPTOR_MEDIATED_SIGNALING_PATHWAY,NOT_QUALIFIED_EITHER,,,,,
GOBP_NEGATIVE_REGULATION_OF_APOPTOTIC_SIGNALING_PATHWAY,NOT_QUALIFIED_EITHER,,,,,
GOBP_NEGATIVE_REGULATION_OF_AUTOPHAGOSOME_ASSEMBLY,NOT_QUALIFIED_EITHER,,,,,
GOBP_NEGATIVE_REGULATION_OF_AUTOPHAGY,NOT_QUALIFIED_EITHER,,,,,
GOBP_NEGATIVE_REGULATION_OF_AXONOGENESIS,NOT_QUALIFIED_EITHER,,,,,
GOBP_NEGATIVE_REGULATION_OF_AXON_EXTENSION,NOT_QUALIFIED_EITHER,,,,,
GOBP_NEGATIVE_REGULATION_OF_BINDING,NOT_QUALIFIED_EITHER,,,,,
GOBP_NEGATIVE_REGULATION_OF_BIOMINERAL_TISSUE_DEVELOPMENT,NOT_QUALIFIED_EITHER,,,,,
GOBP_NEGATIVE_REGULATION_OF_BLOOD_CIRCULATION,NOT_QUALIFIED_EITHER,,,,,
GOBP_NEGATIVE_REGULATION_OF_BLOOD_PRESSURE,NOT_QUALIFIED_EITHER,,,,,
GOBP_NEGATIVE_REGULATION_OF_BLOOD_VESSEL_ENDOTHELIAL_CELL_MIGRATION,NOT_QUALIFIED_EITHER,,,,,
GOBP_NEGATIVE_REGULATION_OF_BMP_SIGNALING_PATHWAY,NOT_QUALIFIED_EITHER,,,,,
GOBP_NEGATIVE_REGULATION_OF_BONE_REMODELING,NOT_QUALIFIED_EITHER,,,,,
GOBP_NEGATIVE_REGULATION_OF_B_CELL_ACTIVATION,NOT_QUALIFIED_EITHER,,,,,
GOBP_NEGATIVE_REGULATION_OF_CALCIUM_ION_TRANSMEMBRANE_TRANSPORT,NOT_QUALIFIED_EITHER,,,,,
GOBP_NEGATIVE_REGULATION_OF_CALCIUM_ION_TRANSPORT,NOT_QUALIFIED_EITHER,,,,,
GOBP_NEGATIVE_REGULATION_OF_CALCIUM_MEDIATED_SIGNALING,NOT_QUALIFIED_EITHER,,,,,
GOBP_NEGATIVE_REGULATION_OF_CAMP_PKA_SIGNAL_TRANSDUCTION,NOT_QUALIFIED_EITHER,,,,,
GOBP_NEGATIVE_REGULATION_OF_CANONICAL_NF_KAPPAB_SIGNAL_TRANSDUCTION,NOT_QUALIFIED_EITHER,,,,,
GOBP_NEGATIVE_REGULATION_OF_CANONICAL_WNT_SIGNALING_PATHWAY,NOT_QUALIFIED_EITHER,,,,,
GOBP_NEGATIVE_REGULATION_OF_CARBOHYDRATE_METABOLIC_PROCESS,NOT_QUALIFIED_EITHER,,,,,
GOBP_NEGATIVE_REGULATION_OF_CARDIAC_MUSCLE_TISSUE_GROWTH,QUALIFIED_BOTH,6.0,6.0,6.0,6.0,1.0
GOBP_NEGATIVE_REGULATION_OF_CARTILAGE_DEVELOPMENT,NOT_QUALIFIED_EITHER,,,,,
GOBP_NEGATIVE_REGULATION_OF_CATABOLIC_PROCESS,NOT_QUALIFIED_EITHER,,,,,
GOBP_NEGATIVE_REGULATION_OF_CATALYTIC_ACTIVITY,NOT_QUALIFIED_EITHER,,,,,
GOBP_NEGATIVE_REGULATION_OF_CD4_POSITIVE_ALPHA_BETA_T_CELL_ACTIVATION,NOT_QUALIFIED_EITHER,,,,,
GOBP_NEGATIVE_REGULATION_OF_CD4_POSITIVE_ALPHA_BETA_T_CELL_DIFFERENTIATION,NOT_QUALIFIED_EITHER,,,,,
GOBP_NEGATIVE_REGULATION_OF_CELLULAR_RESPONSE_TO_GROWTH_FACTOR_STIMULUS,NOT_QUALIFIED_EITHER,,,,,
GOBP_NEGATIVE_REGULATION_OF_CELLULAR_RESPONSE_TO_INSULIN_STIMULUS,NOT_QUALIFIED_EITHER,,,,,
GOBP_NEGATIVE_REGULATION_OF_CELLULAR_SENESCENCE,NOT_QUALIFIED_EITHER,,,,,
GOBP_NEGATIVE_REGULATION_OF_CELL_ACTIVATION,NOT_QUALIFIED_EITHER,,,,,
GOBP_NEGATIVE_REGULATION_OF_CELL_ADHESION,NOT_QUALIFIED_EITHER,,,,,
GOBP_NEGATIVE_REGULATION_OF_CELL_CELL_ADHESION,NOT_QUALIFIED_EITHER,,,,,
GOBP_NEGATIVE_REGULATION_OF_CELL_CYCLE,NOT_QUALIFIED_EITHER,,,,,
GOBP_NEGATIVE_REGULATION_OF_CELL_CYCLE_G1_S_PHASE_TRANSITION,NOT_QUALIFIED_EITHER,,,,,
GOBP_NEGATIVE_REGULATION_OF_CELL_CYCLE_G2_M_PHASE_TRANSITION,NOT_QUALIFIED_EITHER,,,,,
GOBP_NEGATIVE_REGULATION_OF_CELL_CYCLE_PROCESS,NOT_QUALIFIED_EITHER,,,,,
GOBP_NEGATIVE_REGULATION_OF_CELL_DEVELOPMENT,NOT_QUALIFIED_EITHER,,,,,
GOBP_NEGATIVE_REGULATION_OF_CELL_GROWTH,NOT_QUALIFIED_EITHER,,,,,
GOBP_NEGATIVE_REGULATION_OF_CELL_JUNCTION_ASSEMBLY,NOT_QUALIFIED_EITHER,,,,,
GOBP_NEGATIVE_REGULATION_OF_CELL_KILLING,NOT_QUALIFIED_EITHER,,,,,
GOBP_NEGATIVE_REGULATION_OF_CELL_MATRIX_ADHESION,NOT_QUALIFIED_EITHER,,,,,
GOBP_NEGATIVE_REGULATION_OF_CELL_MIGRATION_INVOLVED_IN_SPROUTING_ANGIOGENESIS,NOT_QUALIFIED_EITHER,,,,,
GOBP_NEGATIVE_REGULATION_OF_CELL_PROJECTION_ORGANIZATION,NOT_QUALIFIED_EITHER,,,,,
GOBP_NEGATIVE_REGULATION_OF_CELL_SUBSTRATE_ADHESION,NOT_QUALIFIED_EITHER,,,,,
GOBP_NEGATIVE_REGULATION_OF_CELL_SUBSTRATE_JUNCTION_ORGANIZATION,NOT_QUALIFIED_EITHER,,,,,
GOBP_NEGATIVE_REGULATION_OF_CGAS_STING_SIGNALING_PATHWAY,NOT_QUALIFIED_EITHER,,,,,
GOBP_NEGATIVE_REGULATION_OF_CHEMOKINE_PRODUCTION,NOT_QUALIFIED_EITHER,,,,,
GOBP_NEGATIVE_REGULATION_OF_CHEMOTAXIS,QUALIFIED_BOTH,8.0,8.0,8.0,8.0,1.0
GOBP_NEGATIVE_REGULATION_OF_CHONDROCYTE_DIFFERENTIATION,NOT_QUALIFIED_EITHER,,,,,
GOBP_NEGATIVE_REGULATION_OF_CHROMOSOME_ORGANIZATION,NOT_QUALIFIED_EITHER,,,,,
GOBP_NEGATIVE_REGULATION_OF_CILIUM_ASSEMBLY,NOT_QUALIFIED_EITHER,,,,,
GOBP_NEGATIVE_REGULATION_OF_COAGULATION,NOT_QUALIFIED_EITHER,,,,,
GOBP_NEGATIVE_REGULATION_OF_COLD_INDUCED_THERMOGENESIS,NOT_QUALIFIED_EITHER,,,,,
GOBP_NEGATIVE_REGULATION_OF_CYTOKINE_PRODUCTION,NOT_QUALIFIED_EITHER,,,,,
GOBP_NEGATIVE_REGULATION_OF_CYTOKINE_PRODUCTION_INVOLVED_IN_IMMUNE_RESPONSE,NOT_QUALIFIED_EITHER,,,,,
GOBP_NEGATIVE_REGULATION_OF_CYTOKINE_PRODUCTION_INVOLVED_IN_INFLAMMATORY_RESPONSE,NOT_QUALIFIED_EITHER,,,,,
GOBP_NEGATIVE_REGULATION_OF_CYTOPLASMIC_PATTERN_RECOGNITION_RECEPTOR_SIGNALING_PATHWAY,NOT_QUALIFIED_EITHER,,,,,
GOBP_NEGATIVE_REGULATION_OF_CYTOSKELETON_ORGANIZATION,NOT_QUALIFIED_EITHER,,,,,
GOBP_NEGATIVE_REGULATION_OF_DEFENSE_RESPONSE,NOT_QUALIFIED_EITHER,,,,,
GOBP_NEGATIVE_REGULATION_OF_DEFENSE_RESPONSE_TO_VIRUS,NOT_QUALIFIED_EITHER,,,,,
GOBP_NEGATIVE_REGULATION_OF_DEVELOPMENTAL_GROWTH,NOT_QUALIFIED_EITHER,,,,,
GOBP_NEGATIVE_REGULATION_OF_DNA_BINDING_TRANSCRIPTION_FACTOR_ACTIVITY,NOT_QUALIFIED_EITHER,,,,,
GOBP_NEGATIVE_REGULATION_OF_DNA_BIOSYNTHETIC_PROCESS,NOT_QUALIFIED_EITHER,,,,,
GOBP_NEGATIVE_REGULATION_OF_DNA_DAMAGE_RESPONSE_SIGNAL_TRANSDUCTION_BY_P53_CLASS_MEDIATOR,NOT_QUALIFIED_EITHER,,,,,
GOBP_NEGATIVE_REGULATION_OF_DNA_METABOLIC_PROCESS,NOT_QUALIFIED_EITHER,,,,,
GOBP_NEGATIVE_REGULATION_OF_DNA_RECOMBINATION,NOT_QUALIFIED_EITHER,,,,,
GOBP_NEGATIVE_REGULATION_OF_DNA_REPAIR,NOT_QUALIFIED_EITHER,,,,,
GOBP_NEGATIVE_REGULATION_OF_DNA_REPLICATION,NOT_QUALIFIED_EITHER,,,,,
GOBP_NEGATIVE_REGULATION_OF_DNA_TEMPLATED_TRANSCRIPTION_ELONGATION,NOT_QUALIFIED_EITHER,,,,,
GOBP_NEGATIVE_REGULATION_OF_DOUBLE_STRAND_BREAK_REPAIR_VIA_HOMOLOGOUS_RECOMBINATION,NOT_QUALIFIED_EITHER,,,,,
GOBP_NEGATIVE_REGULATION_OF_D_GLUCOSE_TRANSMEMBRANE_TRANSPORT,NOT_QUALIFIED_EITHER,,,,,
GOBP_NEGATIVE_REGULATION_OF_ENDOCYTOSIS,NOT_QUALIFIED_EITHER,,,,,
GOBP_NEGATIVE_REGULATION_OF_ENDOPLASMIC_RETICULUM_STRESS_INDUCED_INTRINSIC_APOPTOTIC_SIGNALING_PATHWAY,NOT_QUALIFIED_EITHER,,,,,
GOBP_NEGATIVE_REGULATION_OF_ENDOPLASMIC_RETICULUM_UNFOLDED_PROTEIN_RESPONSE,QUALIFIED_SECOND_ONLY,,,,,
GOBP_NEGATIVE_REGULATION_OF_ENDOTHELIAL_CELL_APOPTOTIC_PROCESS,NOT_QUALIFIED_EITHER,,,,,
GOBP_NEGATIVE_REGULATION_OF_ENDOTHELIAL_CELL_MIGRATION,NOT_QUALIFIED_EITHER,,,,,
GOBP_NEGATIVE_REGULATION_OF_ENDOTHELIAL_CELL_PROLIFERATION,NOT_QUALIFIED_EITHER,,,,,
GOBP_NEGATIVE_REGULATION_OF_EPITHELIAL_CELL_DIFFERENTIATION,NOT_QUALIFIED_EITHER,,,,,
GOBP_NEGATIVE_REGULATION_OF_EPITHELIAL_CELL_PROLIFERATION,NOT_QUALIFIED_EITHER,,,,,
GOBP_NEGATIVE_REGULATION_OF_EPITHELIAL_TO_MESENCHYMAL_TRANSITION,NOT_QUALIFIED_EITHER,,,,,
GOBP_NEGATIVE_REGULATION_OF_ERBB_SIGNALING_PATHWAY,QUALIFIED_SECOND_ONLY,,,,,
GOBP_NEGATIVE_REGULATION_OF_ERK1_AND_ERK2_CASCADE,QUALIFIED_BOTH,27.0,25.0,25.0,27.0,0.9259259259259259
GOBP_NEGATIVE_REGULATION_OF_ESTABLISHMENT_OF_PROTEIN_LOCALIZATION,NOT_QUALIFIED_EITHER,,,,,
GOBP_NEGATIVE_REGULATION_OF_EXOCYTOSIS,NOT_QUALIFIED_EITHER,,,,,
GOBP_NEGATIVE_REGULATION_OF_EXTRACELLULAR_MATRIX_ORGANIZATION,NOT_QUALIFIED_EITHER,,,,,
GOBP_NEGATIVE_REGULATION_OF_EXTRINSIC_APOPTOTIC_SIGNALING_PATHWAY,NOT_QUALIFIED_EITHER,,,,,
GOBP_NEGATIVE_REGULATION_OF_EXTRINSIC_APOPTOTIC_SIGNALING_PATHWAY_VIA_DEATH_DOMAIN_RECEPTORS,NOT_QUALIFIED_EITHER,,,,,
GOBP_NEGATIVE_REGULATION_OF_FATTY_ACID_BIOSYNTHETIC_PROCESS,NOT_QUALIFIED_EITHER,,,,,
GOBP_NEGATIVE_REGULATION_OF_FATTY_ACID_METABOLIC_PROCESS,NOT_QUALIFIED_EITHER,,,,,
GOBP_NEGATIVE_REGULATION_OF_FAT_CELL_DIFFERENTIATION,NOT_QUALIFIED_EITHER,,,,,
GOBP_NEGATIVE_REGULATION_OF_FERROPTOSIS,NOT_QUALIFIED_EITHER,,,,,
GOBP_NEGATIVE_REGULATION_OF_FIBROBLAST_GROWTH_FACTOR_RECEPTOR_SIGNALING_PATHWAY,NOT_QUALIFIED_EITHER,,,,,
GOBP_NEGATIVE_REGULATION_OF_FIBROBLAST_PROLIFERATION,NOT_QUALIFIED_EITHER,,,,,
GOBP_NEGATIVE_REGULATION_OF_GENE_EXPRESSION_EPIGENETIC,NOT_QUALIFIED_EITHER,,,,,
GOBP_NEGATIVE_REGULATION_OF_GENE_EXPRESSION_VIA_CHROMOSOMAL_CPG_ISLAND_METHYLATION,QUALIFIED_FIRST_ONLY,,,,,
GOBP_NEGATIVE_REGULATION_OF_GENE_SILENCING_BY_REGULATORY_NCRNA,NOT_QUALIFIED_EITHER,,,,,
GOBP_NEGATIVE_REGULATION_OF_GLIAL_CELL_DIFFERENTIATION,QUALIFIED_BOTH,7.0,7.0,7.0,7.0,1.0
GOBP_NEGATIVE_REGULATION_OF_GLIOGENESIS,QUALIFIED_BOTH,7.0,7.0,7.0,7.0,1.0
GOBP_NEGATIVE_REGULATION_OF_GLUCONEOGENESIS,NOT_QUALIFIED_EITHER,,,,,
GOBP_NEGATIVE_REGULATION_OF_GLYCOPROTEIN_METABOLIC_PROCESS,NOT_QUALIFIED_EITHER,,,,,
GOBP_NEGATIVE_REGULATION_OF_GROWTH,NOT_QUALIFIED_EITHER,,,,,
GOBP_NEGATIVE_REGULATION_OF_G_PROTEIN_COUPLED_RECEPTOR_SIGNALING_PATHWAY,NOT_QUALIFIED_EITHER,,,,,
GOBP_NEGATIVE_REGULATION_OF_HEMOPOIESIS,QUALIFIED_BOTH,27.0,30.0,26.0,31.0,0.8387096774193549
GOBP_NEGATIVE_REGULATION_OF_HIPPO_SIGNALING,NOT_QUALIFIED_EITHER,,,,,
GOBP_NEGATIVE_REGULATION_OF_HORMONE_SECRETION,QUALIFIED_FIRST_ONLY,,,,,
GOBP_NEGATIVE_REGULATION_OF_HYDROLASE_ACTIVITY,NOT_QUALIFIED_EITHER,,,,,
GOBP_NEGATIVE_REGULATION_OF_IMMUNE_EFFECTOR_PROCESS,NOT_QUALIFIED_EITHER,,,,,
GOBP_NEGATIVE_REGULATION_OF_IMMUNE_RESPONSE,NOT_QUALIFIED_EITHER,,,,,
GOBP_NEGATIVE_REGULATION_OF_IMMUNE_SYSTEM_PROCESS,NOT_QUALIFIED_EITHER,,,,,
GOBP_NEGATIVE_REGULATION_OF_INFLAMMASOME_MEDIATED_SIGNALING_PATHWAY,NOT_QUALIFIED_EITHER,,,,,
GOBP_NEGATIVE_REGULATION_OF_INFLAMMATORY_RESPONSE,NOT_QUALIFIED_EITHER,,,,,
GOBP_NEGATIVE_REGULATION_OF_INFLAMMATORY_RESPONSE_TO_ANTIGENIC_STIMULUS,NOT_QUALIFIED_EITHER,,,,,
GOBP_NEGATIVE_REGULATION_OF_INNATE_IMMUNE_RESPONSE,NOT_QUALIFIED_EITHER,,,,,
GOBP_NEGATIVE_REGULATION_OF_INTERFERON_BETA_PRODUCTION,NOT_QUALIFIED_EITHER,,,,,
GOBP_NEGATIVE_REGULATION_OF_INTERLEUKIN_10_PRODUCTION,NOT_QUALIFIED_EITHER,,,,,
GOBP_NEGATIVE_REGULATION_OF_INTERLEUKIN_1_BETA_PRODUCTION,NOT_QUALIFIED_EITHER,,,,,
GOBP_NEGATIVE_REGULATION_OF_INTERLEUKIN_1_PRODUCTION,NOT_QUALIFIED_EITHER,,,,,
GOBP_NEGATIVE_REGULATION_OF_INTERLEUKIN_2_PRODUCTION,NOT_QUALIFIED_EITHER,,,,,
GOBP_NEGATIVE_REGULATION_OF_INTERLEUKIN_6_PRODUCTION,NOT_QUALIFIED_EITHER,,,,,
GOBP_NEGATIVE_REGULATION_OF_INTERLEUKIN_8_PRODUCTION,NOT_QUALIFIED_EITHER,,,,,
GOBP_NEGATIVE_REGULATION_OF_INTRACELLULAR_PROTEIN_TRANSPORT,NOT_QUALIFIED_EITHER,,,,,
GOBP_NEGATIVE_REGULATION_OF_INTRACELLULAR_STEROID_HORMONE_RECEPTOR_SIGNALING_PATHWAY,NOT_QUALIFIED_EITHER,,,,,
GOBP_NEGATIVE_REGULATION_OF_INTRACELLULAR_TRANSPORT,NOT_QUALIFIED_EITHER,,,,,
GOBP_NEGATIVE_REGULATION_OF_INTRINSIC_APOPTOTIC_SIGNALING_PATHWAY,QUALIFIED_BOTH,26.0,29.0,25.0,30.0,0.8333333333333334
GOBP_NEGATIVE_REGULATION_OF_INTRINSIC_APOPTOTIC_SIGNALING_PATHWAY_BY_P53_CLASS_MEDIATOR,NOT_QUALIFIED_EITHER,,,,,
GOBP_NEGATIVE_REGULATION_OF_INTRINSIC_APOPTOTIC_SIGNALING_PATHWAY_IN_RESPONSE_TO_DNA_DAMAGE,NOT_QUALIFIED_EITHER,,,,,
GOBP_NEGATIVE_REGULATION_OF_JNK_CASCADE,NOT_QUALIFIED_EITHER,,,,,
GOBP_NEGATIVE_REGULATION_OF_KINASE_ACTIVITY,NOT_QUALIFIED_EITHER,,,,,
GOBP_NEGATIVE_REGULATION_OF_LEUKOCYTE_APOPTOTIC_PROCESS,NOT_QUALIFIED_EITHER,,,,,
GOBP_NEGATIVE_REGULATION_OF_LEUKOCYTE_CELL_CELL_ADHESION,NOT_QUALIFIED_EITHER,,,,,
GOBP_NEGATIVE_REGULATION_OF_LEUKOCYTE_CHEMOTAXIS,QUALIFIED_BOTH,5.0,5.0,5.0,5.0,1.0
GOBP_NEGATIVE_REGULATION_OF_LEUKOCYTE_MEDIATED_IMMUNITY,NOT_QUALIFIED_EITHER,,,,,
GOBP_NEGATIVE_REGULATION_OF_LEUKOCYTE_MIGRATION,QUALIFIED_BOTH,7.0,7.0,7.0,7.0,1.0
GOBP_NEGATIVE_REGULATION_OF_LEUKOCYTE_PROLIFERATION,NOT_QUALIFIED_EITHER,,,,,
GOBP_NEGATIVE_REGULATION_OF_LIPID_BIOSYNTHETIC_PROCESS,NOT_QUALIFIED_EITHER,,,,,
GOBP_NEGATIVE_REGULATION_OF_LIPID_CATABOLIC_PROCESS,NOT_QUALIFIED_EITHER,,,,,
GOBP_NEGATIVE_REGULATION_OF_LIPID_LOCALIZATION,NOT_QUALIFIED_EITHER,,,,,
GOBP_NEGATIVE_REGULATION_OF_LIPID_METABOLIC_PROCESS,NOT_QUALIFIED_EITHER,,,,,
GOBP_NEGATIVE_REGULATION_OF_LIPID_STORAGE,NOT_QUALIFIED_EITHER,,,,,
GOBP_NEGATIVE_REGULATION_OF_LIPID_TRANSPORT,NOT_QUALIFIED_EITHER,,,,,
GOBP_NEGATIVE_REGULATION_OF_LOCOMOTION,NOT_QUALIFIED_EITHER,,,,,
GOBP_NEGATIVE_REGULATION_OF_LYMPHOCYTE_ACTIVATION,NOT_QUALIFIED_EITHER,,,,,
GOBP_NEGATIVE_REGULATION_OF_LYMPHOCYTE_APOPTOTIC_PROCESS,NOT_QUALIFIED_EITHER,,,,,
GOBP_NEGATIVE_REGULATION_OF_LYMPHOCYTE_DIFFERENTIATION,NOT_QUALIFIED_EITHER,,,,,
GOBP_NEGATIVE_REGULATION_OF_MACROAUTOPHAGY,NOT_QUALIFIED_EITHER,,,,,
GOBP_NEGATIVE_REGULATION_OF_MAPK_CASCADE,QUALIFIED_FIRST_ONLY,,,,,
GOBP_NEGATIVE_REGULATION_OF_MAP_KINASE_ACTIVITY,NOT_QUALIFIED_EITHER,,,,,
GOBP_NEGATIVE_REGULATION_OF_MEIOTIC_CELL_CYCLE,NOT_QUALIFIED_EITHER,,,,,
GOBP_NEGATIVE_REGULATION_OF_MEMBRANE_PERMEABILITY,NOT_QUALIFIED_EITHER,,,,,
GOBP_NEGATIVE_REGULATION_OF_MICROTUBULE_DEPOLYMERIZATION,NOT_QUALIFIED_EITHER,,,,,
GOBP_NEGATIVE_REGULATION_OF_MICROTUBULE_POLYMERIZATION,NOT_QUALIFIED_EITHER,,,,,
GOBP_NEGATIVE_REGULATION_OF_MICROTUBULE_POLYMERIZATION_OR_DEPOLYMERIZATION,NOT_QUALIFIED_EITHER,,,,,
GOBP_NEGATIVE_REGULATION_OF_MIRNA_METABOLIC_PROCESS,NOT_QUALIFIED_EITHER,,,,,
GOBP_NEGATIVE_REGULATION_OF_MITOTIC_CELL_CYCLE,NOT_QUALIFIED_EITHER,,,,,
GOBP_NEGATIVE_REGULATION_OF_MITOTIC_CELL_CYCLE_PHASE_TRANSITION,NOT_QUALIFIED_EITHER,,,,,
GOBP_NEGATIVE_REGULATION_OF_MOLECULAR_FUNCTION,NOT_QUALIFIED_EITHER,,,,,
GOBP_NEGATIVE_REGULATION_OF_MONOATOMIC_ION_TRANSMEMBRANE_TRANSPORT,NOT_QUALIFIED_EITHER,,,,,
GOBP_NEGATIVE_REGULATION_OF_MONOATOMIC_ION_TRANSPORT,NOT_QUALIFIED_EITHER,,,,,
GOBP_NEGATIVE_REGULATION_OF_MONONUCLEAR_CELL_MIGRATION,QUALIFIED_BOTH,5.0,5.0,5.0,5.0,1.0
GOBP_NEGATIVE_REGULATION_OF_MRNA_CATABOLIC_PROCESS,NOT_QUALIFIED_EITHER,,,,,
GOBP_NEGATIVE_REGULATION_OF_MRNA_METABOLIC_PROCESS,NOT_QUALIFIED_EITHER,,,,,
GOBP_NEGATIVE_REGULATION_OF_MRNA_PROCESSING,NOT_QUALIFIED_EITHER,,,,,
GOBP_NEGATIVE_REGULATION_OF_MUSCLE_CELL_APOPTOTIC_PROCESS,NOT_QUALIFIED_EITHER,,,,,
GOBP_NEGATIVE_REGULATION_OF_MUSCLE_CELL_DIFFERENTIATION,QUALIFIED_FIRST_ONLY,,,,,
GOBP_NEGATIVE_REGULATION_OF_MUSCLE_CONTRACTION,NOT_QUALIFIED_EITHER,,,,,
GOBP_NEGATIVE_REGULATION_OF_MUSCLE_HYPERTROPHY,NOT_QUALIFIED_EITHER,,,,,
GOBP_NEGATIVE_REGULATION_OF_MYELOID_CELL_DIFFERENTIATION,NOT_QUALIFIED_EITHER,,,,,
GOBP_NEGATIVE_REGULATION_OF_MYELOID_LEUKOCYTE_DIFFERENTIATION,QUALIFIED_FIRST_ONLY,,,,,
GOBP_NEGATIVE_REGULATION_OF_MYOBLAST_DIFFERENTIATION,NOT_QUALIFIED_EITHER,,,,,
GOBP_NEGATIVE_REGULATION_OF_NATURAL_KILLER_CELL_MEDIATED_IMMUNITY,NOT_QUALIFIED_EITHER,,,,,
GOBP_NEGATIVE_REGULATION_OF_NERVOUS_SYSTEM_DEVELOPMENT,NOT_QUALIFIED_EITHER,,,,,
GOBP_NEGATIVE_REGULATION_OF_NEURAL_PRECURSOR_CELL_PROLIFERATION,NOT_QUALIFIED_EITHER,,,,,
GOBP_NEGATIVE_REGULATION_OF_NEURON_APOPTOTIC_PROCESS,NOT_QUALIFIED_EITHER,,,,,
GOBP_NEGATIVE_REGULATION_OF_NEURON_DIFFERENTIATION,QUALIFIED_BOTH,18.0,15.0,15.0,18.0,0.8333333333333334
GOBP_NEGATIVE_REGULATION_OF_NEURON_PROJECTION_DEVELOPMENT,NOT_QUALIFIED_EITHER,,,,,
GOBP_NEGATIVE_REGULATION_OF_NF_KAPPAB_TRANSCRIPTION_FACTOR_ACTIVITY,NOT_QUALIFIED_EITHER,,,,,
GOBP_NEGATIVE_REGULATION_OF_NON_CANONICAL_NF_KAPPAB_SIGNAL_TRANSDUCTION,NOT_QUALIFIED_EITHER,,,,,
GOBP_NEGATIVE_REGULATION_OF_NOTCH_SIGNALING_PATHWAY,NOT_QUALIFIED_EITHER,,,,,
GOBP_NEGATIVE_REGULATION_OF_NUCLEAR_DIVISION,NOT_QUALIFIED_EITHER,,,,,
GOBP_NEGATIVE_REGULATION_OF_NUCLEOCYTOPLASMIC_TRANSPORT,NOT_QUALIFIED_EITHER,,,,,
GOBP_NEGATIVE_REGULATION_OF_NUCLEOTIDE_CATABOLIC_PROCESS,NOT_QUALIFIED_EITHER,,,,,
GOBP_NEGATIVE_REGULATION_OF_NUCLEOTIDE_METABOLIC_PROCESS,NOT_QUALIFIED_EITHER,,,,,
GOBP_NEGATIVE_REGULATION_OF_ORGANELLE_ASSEMBLY,NOT_QUALIFIED_EITHER,,,,,
GOBP_NEGATIVE_REGULATION_OF_ORGANELLE_ORGANIZATION,NOT_QUALIFIED_EITHER,,,,,
GOBP_NEGATIVE_REGULATION_OF_ORGANIC_ACID_TRANSPORT,NOT_QUALIFIED_EITHER,,,,,
GOBP_NEGATIVE_REGULATION_OF_ORGAN_GROWTH,NOT_QUALIFIED_EITHER,,,,,
GOBP_NEGATIVE_REGULATION_OF_OSSIFICATION,NOT_QUALIFIED_EITHER,,,,,
GOBP_NEGATIVE_REGULATION_OF_OSTEOBLAST_DIFFERENTIATION,QUALIFIED_SECOND_ONLY,,,,,
GOBP_NEGATIVE_REGULATION_OF_OSTEOCLAST_DIFFERENTIATION,NOT_QUALIFIED_EITHER,,,,,
GOBP_NEGATIVE_REGULATION_OF_OXIDATIVE_STRESS_INDUCED_INTRINSIC_APOPTOTIC_SIGNALING_PATHWAY,NOT_QUALIFIED_EITHER,,,,,
GOBP_NEGATIVE_REGULATION_OF_PEPTIDE_SECRETION,NOT_QUALIFIED_EITHER,,,,,
GOBP_NEGATIVE_REGULATION_OF_PEPTIDYL_TYROSINE_PHOSPHORYLATION,NOT_QUALIFIED_EITHER,,,,,
GOBP_NEGATIVE_REGULATION_OF_PHAGOCYTOSIS,NOT_QUALIFIED_EITHER,,,,,
GOBP_NEGATIVE_REGULATION_OF_PHOSPHATIDYLINOSITOL_3_KINASE_PROTEIN_KINASE_B_SIGNAL_TRANSDUCTION,NOT_QUALIFIED_EITHER,,,,,
GOBP_NEGATIVE_REGULATION_OF_PHOSPHORUS_METABOLIC_PROCESS,NOT_QUALIFIED_EITHER,,,,,
GOBP_NEGATIVE_REGULATION_OF_PHOSPHORYLATION,NOT_QUALIFIED_EITHER,,,,,
GOBP_NEGATIVE_REGULATION_OF_PLASMA_MEMBRANE_BOUNDED_CELL_PROJECTION_ASSEMBLY,NOT_QUALIFIED_EITHER,,,,,
GOBP_NEGATIVE_REGULATION_OF_POST_TRANSLATIONAL_PROTEIN_MODIFICATION,NOT_QUALIFIED_EITHER,,,,,
GOBP_NEGATIVE_REGULATION_OF_POTASSIUM_ION_TRANSMEMBRANE_TRANSPORT,NOT_QUALIFIED_EITHER,,,,,
GOBP_NEGATIVE_REGULATION_OF_POTASSIUM_ION_TRANSPORT,NOT_QUALIFIED_EITHER,,,,,
GOBP_NEGATIVE_REGULATION_OF_PRODUCTION_OF_MOLECULAR_MEDIATOR_OF_IMMUNE_RESPONSE,NOT_QUALIFIED_EITHER,,,,,
GOBP_NEGATIVE_REGULATION_OF_PROGRAMMED_NECROTIC_CELL_DEATH,NOT_QUALIFIED_EITHER,,,,,
GOBP_NEGATIVE_REGULATION_OF_PROTEASOMAL_PROTEIN_CATABOLIC_PROCESS,NOT_QUALIFIED_EITHER,,,,,
GOBP_NEGATIVE_REGULATION_OF_PROTEASOMAL_UBIQUITIN_DEPENDENT_PROTEIN_CATABOLIC_PROCESS,NOT_QUALIFIED_EITHER,,,,,
GOBP_NEGATIVE_REGULATION_OF_PROTEIN_BINDING,NOT_QUALIFIED_EITHER,,,,,
GOBP_NEGATIVE_REGULATION_OF_PROTEIN_CATABOLIC_PROCESS,NOT_QUALIFIED_EITHER,,,,,
GOBP_NEGATIVE_REGULATION_OF_PROTEIN_CONTAINING_COMPLEX_ASSEMBLY,NOT_QUALIFIED_EITHER,,,,,
GOBP_NEGATIVE_REGULATION_OF_PROTEIN_CONTAINING_COMPLEX_DISASSEMBLY,NOT_QUALIFIED_EITHER,,,,,
GOBP_NEGATIVE_REGULATION_OF_PROTEIN_IMPORT_INTO_NUCLEUS,NOT_QUALIFIED_EITHER,,,,,
GOBP_NEGATIVE_REGULATION_OF_PROTEIN_LOCALIZATION,NOT_QUALIFIED_EITHER,,,,,
GOBP_NEGATIVE_REGULATION_OF_PROTEIN_LOCALIZATION_TO_MEMBRANE,NOT_QUALIFIED_EITHER,,,,,
GOBP_NEGATIVE_REGULATION_OF_PROTEIN_LOCALIZATION_TO_NUCLEUS,NOT_QUALIFIED_EITHER,,,,,
GOBP_NEGATIVE_REGULATION_OF_PROTEIN_MATURATION,QUALIFIED_FIRST_ONLY,,,,,
GOBP_NEGATIVE_REGULATION_OF_PROTEIN_MODIFICATION_PROCESS,NOT_QUALIFIED_EITHER,,,,,
GOBP_NEGATIVE_REGULATION_OF_PROTEIN_POLYMERIZATION,NOT_QUALIFIED_EITHER,,,,,
GOBP_NEGATIVE_REGULATION_OF_PROTEIN_SECRETION,NOT_QUALIFIED_EITHER,,,,,
GOBP_NEGATIVE_REGULATION_OF_PROTEIN_SERINE_THREONINE_KINASE_ACTIVITY,NOT_QUALIFIED_EITHER,,,,,
GOBP_NEGATIVE_REGULATION_OF_PROTEIN_UBIQUITINATION,NOT_QUALIFIED_EITHER,,,,,
GOBP_NEGATIVE_REGULATION_OF_PROTEOLYSIS,NOT_QUALIFIED_EITHER,,,,,
GOBP_NEGATIVE_REGULATION_OF_PROTEOLYSIS_INVOLVED_IN_PROTEIN_CATABOLIC_PROCESS,NOT_QUALIFIED_EITHER,,,,,
GOBP_NEGATIVE_REGULATION_OF_RAS_PROTEIN_SIGNAL_TRANSDUCTION,NOT_QUALIFIED_EITHER,,,,,
GOBP_NEGATIVE_REGULATION_OF_REACTIVE_OXYGEN_SPECIES_BIOSYNTHETIC_PROCESS,NOT_QUALIFIED_EITHER,,,,,
GOBP_NEGATIVE_REGULATION_OF_REACTIVE_OXYGEN_SPECIES_METABOLIC_PROCESS,NOT_QUALIFIED_EITHER,,,,,
GOBP_NEGATIVE_REGULATION_OF_RECEPTOR_INTERNALIZATION,NOT_QUALIFIED_EITHER,,,,,
GOBP_NEGATIVE_REGULATION_OF_RECEPTOR_MEDIATED_ENDOCYTOSIS,NOT_QUALIFIED_EITHER,,,,,
GOBP_NEGATIVE_REGULATION_OF_RECEPTOR_SIGNALING_PATHWAY_VIA_JAK_STAT,QUALIFIED_FIRST_ONLY,,,,,
GOBP_NEGATIVE_REGULATION_OF_RECEPTOR_SIGNALING_PATHWAY_VIA_STAT,NOT_QUALIFIED_EITHER,,,,,
GOBP_NEGATIVE_REGULATION_OF_REGULATED_SECRETORY_PATHWAY,NOT_QUALIFIED_EITHER,,,,,
GOBP_NEGATIVE_REGULATION_OF_REGULATORY_T_CELL_DIFFERENTIATION,NOT_QUALIFIED_EITHER,,,,,
GOBP_NEGATIVE_REGULATION_OF_RELEASE_OF_CYTOCHROME_C_FROM_MITOCHONDRIA,NOT_QUALIFIED_EITHER,,,,,
GOBP_NEGATIVE_REGULATION_OF_REPRODUCTIVE_PROCESS,NOT_QUALIFIED_EITHER,,,,,
GOBP_NEGATIVE_REGULATION_OF_RESPONSE_TO_BIOTIC_STIMULUS,NOT_QUALIFIED_EITHER,,,,,
GOBP_NEGATIVE_REGULATION_OF_RESPONSE_TO_CYTOKINE_STIMULUS,NOT_QUALIFIED_EITHER,,,,,
GOBP_NEGATIVE_REGULATION_OF_RESPONSE_TO_ENDOPLASMIC_RETICULUM_STRESS,NOT_QUALIFIED_EITHER,,,,,
GOBP_NEGATIVE_REGULATION_OF_RESPONSE_TO_EXTERNAL_STIMULUS,NOT_QUALIFIED_EITHER,,,,,
GOBP_NEGATIVE_REGULATION_OF_RESPONSE_TO_WOUNDING,NOT_QUALIFIED_EITHER,,,,,
GOBP_NEGATIVE_REGULATION_OF_RHO_PROTEIN_SIGNAL_TRANSDUCTION,NOT_QUALIFIED_EITHER,,,,,
GOBP_NEGATIVE_REGULATION_OF_RNA_CATABOLIC_PROCESS,NOT_QUALIFIED_EITHER,,,,,
GOBP_NEGATIVE_REGULATION_OF_RNA_SPLICING,NOT_QUALIFIED_EITHER,,,,,
GOBP_NEGATIVE_REGULATION_OF_SECRETION,NOT_QUALIFIED_EITHER,,,,,
GOBP_NEGATIVE_REGULATION_OF_SIGNAL_TRANSDUCTION_BY_P53_CLASS_MEDIATOR,NOT_QUALIFIED_EITHER,,,,,
GOBP_NEGATIVE_REGULATION_OF_SIGNAL_TRANSDUCTION_IN_ABSENCE_OF_LIGAND,NOT_QUALIFIED_EITHER,,,,,
GOBP_NEGATIVE_REGULATION_OF_SMAD_PROTEIN_SIGNAL_TRANSDUCTION,QUALIFIED_BOTH,9.0,9.0,9.0,9.0,1.0
GOBP_NEGATIVE_REGULATION_OF_SMALL_GTPASE_MEDIATED_SIGNAL_TRANSDUCTION,NOT_QUALIFIED_EITHER,,,,,
GOBP_NEGATIVE_REGULATION_OF_SMALL_MOLECULE_METABOLIC_PROCESS,NOT_QUALIFIED_EITHER,,,,,
GOBP_NEGATIVE_REGULATION_OF_SMOOTHENED_SIGNALING_PATHWAY,NOT_QUALIFIED_EITHER,,,,,
GOBP_NEGATIVE_REGULATION_OF_SMOOTH_MUSCLE_CELL_DIFFERENTIATION,NOT_QUALIFIED_EITHER,,,,,
GOBP_NEGATIVE_REGULATION_OF_SMOOTH_MUSCLE_CELL_MIGRATION,NOT_QUALIFIED_EITHER,,,,,
GOBP_NEGATIVE_REGULATION_OF_SMOOTH_MUSCLE_CELL_PROLIFERATION,NOT_QUALIFIED_EITHER,,,,,
GOBP_NEGATIVE_REGULATION_OF_STEM_CELL_DIFFERENTIATION,QUALIFIED_BOTH,9.0,9.0,9.0,9.0,1.0
GOBP_NEGATIVE_REGULATION_OF_STEM_CELL_POPULATION_MAINTENANCE,NOT_QUALIFIED_EITHER,,,,,
GOBP_NEGATIVE_REGULATION_OF_STEROID_BIOSYNTHETIC_PROCESS,NOT_QUALIFIED_EITHER,,,,,
GOBP_NEGATIVE_REGULATION_OF_STEROID_METABOLIC_PROCESS,NOT_QUALIFIED_EITHER,,,,,
GOBP_NEGATIVE_REGULATION_OF_STRIATED_MUSCLE_CELL_APOPTOTIC_PROCESS,NOT_QUALIFIED_EITHER,,,,,
GOBP_NEGATIVE_REGULATION_OF_STRIATED_MUSCLE_CELL_DIFFERENTIATION,NOT_QUALIFIED_EITHER,,,,,
GOBP_NEGATIVE_REGULATION_OF_SUPRAMOLECULAR_FIBER_ORGANIZATION,NOT_QUALIFIED_EITHER,,,,,
GOBP_NEGATIVE_REGULATION_OF_SYNAPTIC_TRANSMISSION,NOT_QUALIFIED_EITHER,,,,,
GOBP_NEGATIVE_REGULATION_OF_SYNCYTIUM_FORMATION_BY_PLASMA_MEMBRANE_FUSION,QUALIFIED_BOTH,37.0,39.0,36.0,40.0,0.9
GOBP_NEGATIVE_REGULATION_OF_TELOMERE_MAINTENANCE,NOT_QUALIFIED_EITHER,,,,,
GOBP_NEGATIVE_REGULATION_OF_TELOMERE_MAINTENANCE_VIA_TELOMERASE,NOT_QUALIFIED_EITHER,,,,,
GOBP_NEGATIVE_REGULATION_OF_TELOMERE_MAINTENANCE_VIA_TELOMERE_LENGTHENING,NOT_QUALIFIED_EITHER,,,,,
GOBP_NEGATIVE_REGULATION_OF_TISSUE_REMODELING,NOT_QUALIFIED_EITHER,,,,,
GOBP_NEGATIVE_REGULATION_OF_TOLL_LIKE_RECEPTOR_SIGNALING_PATHWAY,NOT_QUALIFIED_EITHER,,,,,
GOBP_NEGATIVE_REGULATION_OF_TORC1_SIGNALING,NOT_QUALIFIED_EITHER,,,,,
GOBP_NEGATIVE_REGULATION_OF_TOR_SIGNALING,NOT_QUALIFIED_EITHER,,,,,
GOBP_NEGATIVE_REGULATION_OF_TRANSCRIPTION_ELONGATION_BY_RNA_POLYMERASE_II,NOT_QUALIFIED_EITHER,,,,,
GOBP_NEGATIVE_REGULATION_OF_TRANSFORMING_GROWTH_FACTOR_BETA_RECEPTOR_SIGNALING_PATHWAY,NOT_QUALIFIED_EITHER,,,,,
GOBP_NEGATIVE_REGULATION_OF_TRANSLATION,NOT_QUALIFIED_EITHER,,,,,
GOBP_NEGATIVE_REGULATION_OF_TRANSLATIONAL_INITIATION,NOT_QUALIFIED_EITHER,,,,,
GOBP_NEGATIVE_REGULATION_OF_TRANSMEMBRANE_RECEPTOR_PROTEIN_SERINE_THREONINE_KINASE_SIGNALING_PATHWAY,QUALIFIED_FIRST_ONLY,,,,,
GOBP_NEGATIVE_REGULATION_OF_TRANSMEMBRANE_TRANSPORT,NOT_QUALIFIED_EITHER,,,,,
GOBP_NEGATIVE_REGULATION_OF_TRANSPORT,NOT_QUALIFIED_EITHER,,,,,
GOBP_NEGATIVE_REGULATION_OF_TRANSPORTER_ACTIVITY,NOT_QUALIFIED_EITHER,,,,,
GOBP_NEGATIVE_REGULATION_OF_TUMOR_NECROSIS_FACTOR_MEDIATED_SIGNALING_PATHWAY,NOT_QUALIFIED_EITHER,,,,,
GOBP_NEGATIVE_REGULATION_OF_TUMOR_NECROSIS_FACTOR_SUPERFAMILY_CYTOKINE_PRODUCTION,NOT_QUALIFIED_EITHER,,,,,
GOBP_NEGATIVE_REGULATION_OF_TYPE_II_INTERFERON_PRODUCTION,NOT_QUALIFIED_EITHER,,,,,
GOBP_NEGATIVE_REGULATION_OF_TYPE_I_INTERFERON_MEDIATED_SIGNALING_PATHWAY,NOT_QUALIFIED_EITHER,,,,,
GOBP_NEGATIVE_REGULATION_OF_TYPE_I_INTERFERON_PRODUCTION,NOT_QUALIFIED_EITHER,,,,,
GOBP_NEGATIVE_REGULATION_OF_T_CELL_MEDIATED_IMMUNITY,NOT_QUALIFIED_EITHER,,,,,
GOBP_NEGATIVE_REGULATION_OF_T_CELL_PROLIFERATION,NOT_QUALIFIED_EITHER,,,,,
GOBP_NEGATIVE_REGULATION_OF_T_CELL_RECEPTOR_SIGNALING_PATHWAY,NOT_QUALIFIED_EITHER,,,,,
GOBP_NEGATIVE_REGULATION_OF_T_HELPER_CELL_DIFFERENTIATION,NOT_QUALIFIED_EITHER,,,,,
GOBP_NEGATIVE_REGULATION_OF_UBIQUITIN_DEPENDENT_PROTEIN_CATABOLIC_PROCESS,NOT_QUALIFIED_EITHER,,,,,
GOBP_NEGATIVE_REGULATION_OF_VASCULAR_ASSOCIATED_SMOOTH_MUSCLE_CELL_PROLIFERATION,NOT_QUALIFIED_EITHER,,,,,
GOBP_NEGATIVE_REGULATION_OF_VASCULATURE_DEVELOPMENT,NOT_QUALIFIED_EITHER,,,,,
GOBP_NEGATIVE_REGULATION_OF_VIRAL_GENOME_REPLICATION,NOT_QUALIFIED_EITHER,,,,,
GOBP_NEGATIVE_REGULATION_OF_VIRAL_PROCESS,QUALIFIED_FIRST_ONLY,,,,,
GOBP_NEGATIVE_REGULATION_OF_VIRAL_TRANSCRIPTION,QUALIFIED_FIRST_ONLY,,,,,
GOBP_NEGATIVE_REGULATION_OF_WNT_SIGNALING_PATHWAY,QUALIFIED_SECOND_ONLY,,,,,
GOBP_NEGATIVE_REGULATION_OF_WOUND_HEALING,NOT_QUALIFIED_EITHER,,,,,
GOBP_NEPHRON_DEVELOPMENT,NOT_QUALIFIED_EITHER,,,,,
GOBP_NEPHRON_EPITHELIUM_DEVELOPMENT,QUALIFIED_BOTH,31.0,38.0,30.0,39.0,0.7692307692307693
GOBP_NEPHRON_MORPHOGENESIS,QUALIFIED_BOTH,25.0,31.0,25.0,31.0,0.8064516129032258
GOBP_NEPHRON_TUBULE_FORMATION,QUALIFIED_BOTH,9.0,11.0,9.0,11.0,0.8181818181818182
GOBP_NERVE_DEVELOPMENT,NOT_QUALIFIED_EITHER,,,,,
GOBP_NEURAL_CREST_CELL_DIFFERENTIATION,NOT_QUALIFIED_EITHER,,,,,
GOBP_NEURAL_NUCLEUS_DEVELOPMENT,NOT_QUALIFIED_EITHER,,,,,
GOBP_NEURAL_PRECURSOR_CELL_PROLIFERATION,NOT_QUALIFIED_EITHER,,,,,
GOBP_NEURAL_RETINA_DEVELOPMENT,NOT_QUALIFIED_EITHER,,,,,
GOBP_NEURAL_TUBE_DEVELOPMENT,NOT_QUALIFIED_EITHER,,,,,
GOBP_NEURAL_TUBE_FORMATION,NOT_QUALIFIED_EITHER,,,,,
GOBP_NEURAL_TUBE_PATTERNING,NOT_QUALIFIED_EITHER,,,,,
GOBP_NEUROBLAST_PROLIFERATION,NOT_QUALIFIED_EITHER,,,,,
GOBP_NEUROEPITHELIAL_CELL_DIFFERENTIATION,NOT_QUALIFIED_EITHER,,,,,
GOBP_NEUROINFLAMMATORY_RESPONSE,NOT_QUALIFIED_EITHER,,,,,
GOBP_NEUROMUSCULAR_JUNCTION_DEVELOPMENT,NOT_QUALIFIED_EITHER,,,,,
GOBP_NEUROMUSCULAR_PROCESS,NOT_QUALIFIED_EITHER,,,,,
GOBP_NEUROMUSCULAR_PROCESS_CONTROLLING_BALANCE,NOT_QUALIFIED_EITHER,,,,,
GOBP_NEUROMUSCULAR_PROCESS_CONTROLLING_POSTURE,NOT_QUALIFIED_EITHER,,,,,
GOBP_NEUROMUSCULAR_SYNAPTIC_TRANSMISSION,NOT_QUALIFIED_EITHER,,,,,
GOBP_NEURONAL_ACTION_POTENTIAL,NOT_QUALIFIED_EITHER,,,,,
GOBP_NEURONAL_STEM_CELL_POPULATION_MAINTENANCE,NOT_QUALIFIED_EITHER,,,,,
GOBP_NEURON_APOPTOTIC_PROCESS,NOT_QUALIFIED_EITHER,,,,,
GOBP_NEURON_CELLULAR_HOMEOSTASIS,NOT_QUALIFIED_EITHER,,,,,
GOBP_NEURON_FATE_COMMITMENT,QUALIFIED_FIRST_ONLY,,,,,
GOBP_NEURON_INTRINSIC_APOPTOTIC_SIGNALING_PATHWAY_IN_RESPONSE_TO_OXIDATIVE_STRESS,QUALIFIED_SECOND_ONLY,,,,,
GOBP_NEURON_MATURATION,NOT_QUALIFIED_EITHER,,,,,
GOBP_NEURON_MIGRATION,NOT_QUALIFIED_EITHER,,,,,
GOBP_NEURON_PROJECTION_ARBORIZATION,NOT_QUALIFIED_EITHER,,,,,
GOBP_NEURON_PROJECTION_EXTENSION,NOT_QUALIFIED_EITHER,,,,,
GOBP_NEURON_PROJECTION_EXTENSION_INVOLVED_IN_NEURON_PROJECTION_GUIDANCE,NOT_QUALIFIED_EITHER,,,,,
GOBP_NEURON_PROJECTION_GUIDANCE,NOT_QUALIFIED_EITHER,,,,,
GOBP_NEURON_PROJECTION_ORGANIZATION,NOT_QUALIFIED_EITHER,,,,,
GOBP_NEURON_PROJECTION_REGENERATION,NOT_QUALIFIED_EITHER,,,,,
GOBP_NEURON_RECOGNITION,NOT_QUALIFIED_EITHER,,,,,
GOBP_NEUROPEPTIDE_SIGNALING_PATHWAY,NOT_QUALIFIED_EITHER,,,,,
GOBP_NEUROTRANSMITTER_GATED_ION_CHANNEL_CLUSTERING,NOT_QUALIFIED_EITHER,,,,,
GOBP_NEUROTRANSMITTER_RECEPTOR_LOCALIZATION_TO_POSTSYNAPTIC_SPECIALIZATION_MEMBRANE,NOT_QUALIFIED_EITHER,,,,,
GOBP_NEUROTRANSMITTER_RECEPTOR_TRANSPORT,NOT_QUALIFIED_EITHER,,,,,
GOBP_NEUROTRANSMITTER_RECEPTOR_TRANSPORT_TO_PLASMA_MEMBRANE,NOT_QUALIFIED_EITHER,,,,,
GOBP_NEUROTRANSMITTER_REUPTAKE,NOT_QUALIFIED_EITHER,,,,,
GOBP_NEUROTRANSMITTER_SECRETION,NOT_QUALIFIED_EITHER,,,,,
GOBP_NEUROTRANSMITTER_TRANSPORT,NOT_QUALIFIED_EITHER,,,,,
GOBP_NEUROTRANSMITTER_UPTAKE,NOT_QUALIFIED_EITHER,,,,,
GOBP_NEUROTROPHIN_SIGNALING_PATHWAY,NOT_QUALIFIED_EITHER,,,,,
GOBP_NEUROTROPHIN_TRK_RECEPTOR_SIGNALING_PATHWAY,NOT_QUALIFIED_EITHER,,,,,
GOBP_NEUTRAL_AMINO_ACID_TRANSPORT,QUALIFIED_FIRST_ONLY,,,,,
GOBP_NEUTRAL_LIPID_BIOSYNTHETIC_PROCESS,NOT_QUALIFIED_EITHER,,,,,
GOBP_NEUTRAL_LIPID_CATABOLIC_PROCESS,NOT_QUALIFIED_EITHER,,,,,
GOBP_NEUTRAL_LIPID_METABOLIC_PROCESS,NOT_QUALIFIED_EITHER,,,,,
GOBP_NEUTROPHIL_CHEMOTAXIS,NOT_QUALIFIED_EITHER,,,,,
GOBP_NEUTROPHIL_HOMEOSTASIS,NOT_QUALIFIED_EITHER,,,,,
GOBP_NEUTROPHIL_MEDIATED_IMMUNITY,NOT_QUALIFIED_EITHER,,,,,
GOBP_NEUTROPHIL_MIGRATION,NOT_QUALIFIED_EITHER,,,,,
GOBP_NITRIC_OXIDE_MEDIATED_SIGNAL_TRANSDUCTION,NOT_QUALIFIED_EITHER,,,,,
GOBP_NK_T_CELL_ACTIVATION,NOT_QUALIFIED_EITHER,,,,,
GOBP_NLS_BEARING_PROTEIN_IMPORT_INTO_NUCLEUS,NOT_QUALIFIED_EITHER,,,,,
GOBP_NODAL_SIGNALING_PATHWAY,NOT_QUALIFIED_EITHER,,,,,
GOBP_NONRIBOSOMAL_PEPTIDE_BIOSYNTHETIC_PROCESS,NOT_QUALIFIED_EITHER,,,,,
GOBP_NON_CANONICAL_NF_KAPPAB_SIGNAL_TRANSDUCTION,QUALIFIED_FIRST_ONLY,,,,,
GOBP_NON_CANONICAL_WNT_SIGNALING_PATHWAY,NOT_QUALIFIED_EITHER,,,,,
GOBP_NON_MOTILE_CILIUM_ASSEMBLY,NOT_QUALIFIED_EITHER,,,,,
GOBP_NON_PROTEINOGENIC_AMINO_ACID_BIOSYNTHETIC_PROCESS,NOT_QUALIFIED_EITHER,,,,,
GOBP_NON_PROTEINOGENIC_AMINO_ACID_METABOLIC_PROCESS,NOT_QUALIFIED_EITHER,,,,,
GOBP_NOREPINEPHRINE_TRANSPORT,NOT_QUALIFIED_EITHER,,,,,
GOBP_NOTCH_SIGNALING_PATHWAY,NOT_QUALIFIED_EITHER,,,,,
GOBP_NUCLEAR_BODY_ORGANIZATION,NOT_QUALIFIED_EITHER,,,,,
GOBP_NUCLEAR_CHROMOSOME_SEGREGATION,NOT_QUALIFIED_EITHER,,,,,
GOBP_NUCLEAR_ENVELOPE_ORGANIZATION,NOT_QUALIFIED_EITHER,,,,,
GOBP_NUCLEAR_EXPORT,QUALIFIED_BOTH,69.0,81.0,62.0,88.0,0.7045454545454546
GOBP_NUCLEAR_MEMBRANE_ORGANIZATION,NOT_QUALIFIED_EITHER,,,,,
GOBP_NUCLEAR_MEMBRANE_REASSEMBLY,NOT_QUALIFIED_EITHER,,,,,
GOBP_NUCLEAR_PORE_ORGANIZATION,NOT_QUALIFIED_EITHER,,,,,
GOBP_NUCLEAR_RECEPTOR_MEDIATED_SIGNALING_PATHWAY,NOT_QUALIFIED_EITHER,,,,,
GOBP_NUCLEAR_TRANSCRIBED_MRNA_CATABOLIC_PROCESS,NOT_QUALIFIED_EITHER,,,,,
GOBP_NUCLEAR_TRANSCRIBED_MRNA_CATABOLIC_PROCESS_DEADENYLATION_DEPENDENT_DECAY,QUALIFIED_FIRST_ONLY,,,,,
GOBP_NUCLEAR_TRANSCRIBED_MRNA_CATABOLIC_PROCESS_NONSENSE_MEDIATED_DECAY,NOT_QUALIFIED_EITHER,,,,,
GOBP_NUCLEAR_TRANSCRIBED_MRNA_POLY_A_TAIL_SHORTENING,QUALIFIED_FIRST_ONLY,,,,,
GOBP_NUCLEAR_TRANSPORT,NOT_QUALIFIED_EITHER,,,,,
GOBP_NUCLEIC_ACID_CATABOLIC_PROCESS,NOT_QUALIFIED_EITHER,,,,,
GOBP_NUCLEOBASE_BIOSYNTHETIC_PROCESS,NOT_QUALIFIED_EITHER,,,,,
GOBP_NUCLEOBASE_CONTAINING_COMPOUND_TRANSPORT,NOT_QUALIFIED_EITHER,,,,,
GOBP_NUCLEOBASE_METABOLIC_PROCESS,NOT_QUALIFIED_EITHER,,,,,
GOBP_NUCLEOLAR_LARGE_RRNA_TRANSCRIPTION_BY_RNA_POLYMERASE_I,NOT_QUALIFIED_EITHER,,,,,
GOBP_NUCLEOLUS_ORGANIZATION,NOT_QUALIFIED_EITHER,,,,,
GOBP_NUCLEOPHAGY,NOT_QUALIFIED_EITHER,,,,,
GOBP_NUCLEOSIDE_BIOSYNTHETIC_PROCESS,NOT_QUALIFIED_EITHER,,,,,
GOBP_NUCLEOSIDE_DIPHOSPHATE_CATABOLIC_PROCESS,NOT_QUALIFIED_EITHER,,,,,
GOBP_NUCLEOSIDE_DIPHOSPHATE_METABOLIC_PROCESS,NOT_QUALIFIED_EITHER,,,,,
GOBP_NUCLEOSIDE_METABOLIC_PROCESS,NOT_QUALIFIED_EITHER,,,,,
GOBP_NUCLEOSIDE_MONOPHOSPHATE_BIOSYNTHETIC_PROCESS,NOT_QUALIFIED_EITHER,,,,,
GOBP_NUCLEOSIDE_MONOPHOSPHATE_CATABOLIC_PROCESS,NOT_QUALIFIED_EITHER,,,,,
GOBP_NUCLEOSIDE_MONOPHOSPHATE_METABOLIC_PROCESS,NOT_QUALIFIED_EITHER,,,,,
GOBP_NUCLEOSIDE_PHOSPHATE_BIOSYNTHETIC_PROCESS,NOT_QUALIFIED_EITHER,,,,,
GOBP_NUCLEOSIDE_PHOSPHATE_CATABOLIC_PROCESS,NOT_QUALIFIED_EITHER,,,,,
GOBP_NUCLEOSIDE_TRIPHOSPHATE_BIOSYNTHETIC_PROCESS,NOT_QUALIFIED_EITHER,,,,,
GOBP_NUCLEOSIDE_TRIPHOSPHATE_METABOLIC_PROCESS,NOT_QUALIFIED_EITHER,,,,,
GOBP_NUCLEOSOME_ORGANIZATION,NOT_QUALIFIED_EITHER,,,,,
GOBP_NUCLEOTIDE_BINDING_DOMAIN_LEUCINE_RICH_REPEAT_CONTAINING_RECEPTOR_SIGNALING_PATHWAY,NOT_QUALIFIED_EITHER,,,,,
GOBP_NUCLEOTIDE_BINDING_OLIGOMERIZATION_DOMAIN_CONTAINING_2_SIGNALING_PATHWAY,NOT_QUALIFIED_EITHER,,,,,
GOBP_NUCLEOTIDE_BIOSYNTHETIC_PROCESS,NOT_QUALIFIED_EITHER,,,,,
GOBP_NUCLEOTIDE_EXCISION_REPAIR,NOT_QUALIFIED_EITHER,,,,,
GOBP_NUCLEOTIDE_METABOLIC_PROCESS,NOT_QUALIFIED_EITHER,,,,,
GOBP_NUCLEOTIDE_SALVAGE,NOT_QUALIFIED_EITHER,,,,,
GOBP_NUCLEOTIDE_SUGAR_BIOSYNTHETIC_PROCESS,NOT_QUALIFIED_EITHER,,,,,
GOBP_NUCLEOTIDE_SUGAR_METABOLIC_PROCESS,NOT_QUALIFIED_EITHER,,,,,
GOBP_NUCLEOTIDE_TRANSMEMBRANE_TRANSPORT,NOT_QUALIFIED_EITHER,,,,,
GOBP_NUCLEOTIDE_TRANSPORT,NOT_QUALIFIED_EITHER,,,,,
GOBP_NUCLEUS_LOCALIZATION,NOT_QUALIFIED_EITHER,,,,,
GOBP_NUCLEUS_ORGANIZATION,NOT_QUALIFIED_EITHER,,,,,
GOBP_NUTRIENT_STORAGE,NOT_QUALIFIED_EITHER,,,,,
GOBP_N_ACETYLGLUCOSAMINE_METABOLIC_PROCESS,NOT_QUALIFIED_EITHER,,,,,
GOBP_N_GLYCAN_PROCESSING,NOT_QUALIFIED_EITHER,,,,,
GOBP_ODONTOBLAST_DIFFERENTIATION,NOT_QUALIFIED_EITHER,,,,,
GOBP_ODONTOGENESIS,NOT_QUALIFIED_EITHER,,,,,
GOBP_ODONTOGENESIS_OF_DENTIN_CONTAINING_TOOTH,NOT_QUALIFIED_EITHER,,,,,
GOBP_OLEFINIC_COMPOUND_BIOSYNTHETIC_PROCESS,NOT_QUALIFIED_EITHER,,,,,
GOBP_OLEFINIC_COMPOUND_METABOLIC_PROCESS,NOT_QUALIFIED_EITHER,,,,,
GOBP_OLFACTORY_LOBE_DEVELOPMENT,NOT_QUALIFIED_EITHER,,,,,
GOBP_OLIGODENDROCYTE_DEVELOPMENT,NOT_QUALIFIED_EITHER,,,,,
GOBP_OLIGODENDROCYTE_DIFFERENTIATION,NOT_QUALIFIED_EITHER,,,,,
GOBP_OLIGOPEPTIDE_TRANSMEMBRANE_TRANSPORT,NOT_QUALIFIED_EITHER,,,,,
GOBP_OLIGOPEPTIDE_TRANSPORT,NOT_QUALIFIED_EITHER,,,,,
GOBP_OLIGOSACCHARIDE_BIOSYNTHETIC_PROCESS,NOT_QUALIFIED_EITHER,,,,,
GOBP_OLIGOSACCHARIDE_METABOLIC_PROCESS,NOT_QUALIFIED_EITHER,,,,,
GOBP_ONE_CARBON_METABOLIC_PROCESS,NOT_QUALIFIED_EITHER,,,,,
GOBP_OOCYTE_DIFFERENTIATION,NOT_QUALIFIED_EITHER,,,,,
GOBP_OOCYTE_MATURATION,NOT_QUALIFIED_EITHER,,,,,
GOBP_OOGENESIS,NOT_QUALIFIED_EITHER,,,,,
GOBP_ORGANELLE_DISASSEMBLY,NOT_QUALIFIED_EITHER,,,,,
GOBP_ORGANELLE_FISSION,NOT_QUALIFIED_EITHER,,,,,
GOBP_ORGANELLE_FUSION,NOT_QUALIFIED_EITHER,,,,,
GOBP_ORGANELLE_INHERITANCE,NOT_QUALIFIED_EITHER,,,,,
GOBP_ORGANELLE_MEMBRANE_FUSION,NOT_QUALIFIED_EITHER,,,,,
GOBP_ORGANELLE_TRANSPORT_ALONG_MICROTUBULE,NOT_QUALIFIED_EITHER,,,,,
GOBP_ORGANIC_ACID_BIOSYNTHETIC_PROCESS,NOT_QUALIFIED_EITHER,,,,,
GOBP_ORGANIC_ACID_CATABOLIC_PROCESS,NOT_QUALIFIED_EITHER,,,,,
GOBP_ORGANIC_ACID_TRANSPORT,NOT_QUALIFIED_EITHER,,,,,
GOBP_ORGANIC_ANION_TRANSPORT,NOT_QUALIFIED_EITHER,,,,,
GOBP_ORGANIC_CATION_TRANSPORT,NOT_QUALIFIED_EITHER,,,,,
GOBP_ORGANIC_HYDROXY_COMPOUND_TRANSPORT,NOT_QUALIFIED_EITHER,,,,,
GOBP_ORGANISM_EMERGENCE_FROM_PROTECTIVE_STRUCTURE,NOT_QUALIFIED_EITHER,,,,,
GOBP_ORGANOPHOSPHATE_CATABOLIC_PROCESS,NOT_QUALIFIED_EITHER,,,,,
GOBP_ORGANOPHOSPHATE_ESTER_TRANSPORT,NOT_QUALIFIED_EITHER,,,,,
GOBP_ORGAN_GROWTH,QUALIFIED_BOTH,49.0,44.0,43.0,50.0,0.86
GOBP_ORGAN_INDUCTION,NOT_QUALIFIED_EITHER,,,,,
GOBP_ORGAN_OR_TISSUE_SPECIFIC_IMMUNE_RESPONSE,NOT_QUALIFIED_EITHER,,,,,
GOBP_OSSIFICATION,QUALIFIED_BOTH,108.0,86.0,84.0,110.0,0.7636363636363637
GOBP_OSTEOBLAST_DIFFERENTIATION,QUALIFIED_BOTH,72.0,64.0,60.0,76.0,0.7894736842105263
GOBP_OSTEOBLAST_PROLIFERATION,QUALIFIED_BOTH,11.0,12.0,11.0,12.0,0.9166666666666666
GOBP_OSTEOCLAST_DIFFERENTIATION,NOT_QUALIFIED_EITHER,,,,,
GOBP_OUTER_DYNEIN_ARM_ASSEMBLY,NOT_QUALIFIED_EITHER,,,,,
GOBP_OUTFLOW_TRACT_MORPHOGENESIS,QUALIFIED_BOTH,28.0,24.0,23.0,29.0,0.7931034482758621
GOBP_OUTFLOW_TRACT_SEPTUM_MORPHOGENESIS,QUALIFIED_BOTH,7.0,7.0,7.0,7.0,1.0
GOBP_OVARIAN_FOLLICLE_DEVELOPMENT,NOT_QUALIFIED_EITHER,,,,,
GOBP_OVULATION_CYCLE,NOT_QUALIFIED_EITHER,,,,,
GOBP_OVULATION_CYCLE_PROCESS,NOT_QUALIFIED_EITHER,,,,,
GOBP_OXIDATIVE_PHOSPHORYLATION,NOT_QUALIFIED_EITHER,,,,,
GOBP_P38MAPK_CASCADE,QUALIFIED_BOTH,13.0,14.0,13.0,14.0,0.9285714285714286
GOBP_PALLIUM_DEVELOPMENT,NOT_QUALIFIED_EITHER,,,,,
GOBP_PANCREAS_DEVELOPMENT,NOT_QUALIFIED_EITHER,,,,,
GOBP_PARASYMPATHETIC_NERVOUS_SYSTEM_DEVELOPMENT,NOT_QUALIFIED_EITHER,,,,,
GOBP_PARAXIAL_MESODERM_DEVELOPMENT,NOT_QUALIFIED_EITHER,,,,,
GOBP_PATTERN_SPECIFICATION_PROCESS,NOT_QUALIFIED_EITHER,,,,,
GOBP_PENTOSE_PHOSPHATE_SHUNT,NOT_QUALIFIED_EITHER,,,,,
GOBP_PEPTIDE_ANTIGEN_ASSEMBLY_WITH_MHC_CLASS_I_PROTEIN_COMPLEX,NOT_QUALIFIED_EITHER,,,,,
GOBP_PEPTIDE_ANTIGEN_ASSEMBLY_WITH_MHC_PROTEIN_COMPLEX,NOT_QUALIFIED_EITHER,,,,,
GOBP_PEPTIDE_BIOSYNTHETIC_PROCESS,NOT_QUALIFIED_EITHER,,,,,
GOBP_PEPTIDE_CATABOLIC_PROCESS,QUALIFIED_SECOND_ONLY,,,,,
GOBP_PEPTIDE_METABOLIC_PROCESS,NOT_QUALIFIED_EITHER,,,,,
GOBP_PEPTIDE_TRANSPORT,NOT_QUALIFIED_EITHER,,,,,
GOBP_PEPTIDYL_AMINO_ACID_MODIFICATION,NOT_QUALIFIED_EITHER,,,,,
GOBP_PEPTIDYL_CYSTEINE_MODIFICATION,NOT_QUALIFIED_EITHER,,,,,
GOBP_PEPTIDYL_GLUTAMIC_ACID_MODIFICATION,NOT_QUALIFIED_EITHER,,,,,
GOBP_PEPTIDYL_LYSINE_ACETYLATION,NOT_QUALIFIED_EITHER,,,,,
GOBP_PEPTIDYL_LYSINE_METHYLATION,NOT_QUALIFIED_EITHER,,,,,
GOBP_PEPTIDYL_LYSINE_MODIFICATION,NOT_QUALIFIED_EITHER,,,,,
GOBP_PEPTIDYL_SERINE_MODIFICATION,NOT_QUALIFIED_EITHER,,,,,
GOBP_PEPTIDYL_THREONINE_PHOSPHORYLATION,NOT_QUALIFIED_EITHER,,,,,
GOBP_PEPTIDYL_TYROSINE_DEPHOSPHORYLATION,NOT_QUALIFIED_EITHER,,,,,
GOBP_PEPTIDYL_TYROSINE_MODIFICATION,NOT_QUALIFIED_EITHER,,,,,
GOBP_PERIPHERAL_NERVOUS_SYSTEM_AXON_ENSHEATHMENT,NOT_QUALIFIED_EITHER,,,,,
GOBP_PERIPHERAL_NERVOUS_SYSTEM_DEVELOPMENT,NOT_QUALIFIED_EITHER,,,,,
GOBP_PERK_MEDIATED_UNFOLDED_PROTEIN_RESPONSE,QUALIFIED_BOTH,10.0,10.0,10.0,10.0,1.0
GOBP_PEROXISOMAL_TRANSPORT,NOT_QUALIFIED_EITHER,,,,,
GOBP_PEROXISOME_ORGANIZATION,NOT_QUALIFIED_EITHER,,,,,
GOBP_PEROXISOME_PROLIFERATOR_ACTIVATED_RECEPTOR_SIGNALING_PATHWAY,NOT_QUALIFIED_EITHER,,,,,
GOBP_PHAGOCYTOSIS,NOT_QUALIFIED_EITHER,,,,,
GOBP_PHAGOCYTOSIS_ENGULFMENT,NOT_QUALIFIED_EITHER,,,,,
GOBP_PHAGOCYTOSIS_RECOGNITION,NOT_QUALIFIED_EITHER,,,,,
GOBP_PHAGOLYSOSOME_ASSEMBLY,NOT_QUALIFIED_EITHER,,,,,
GOBP_PHAGOSOME_MATURATION,NOT_QUALIFIED_EITHER,,,,,
GOBP_PHARYNGEAL_SYSTEM_DEVELOPMENT,NOT_QUALIFIED_EITHER,,,,,
GOBP_PHENOL_CONTAINING_COMPOUND_BIOSYNTHETIC_PROCESS,NOT_QUALIFIED_EITHER,,,,,
GOBP_PHENOL_CONTAINING_COMPOUND_METABOLIC_PROCESS,NOT_QUALIFIED_EITHER,,,,,
GOBP_PHOSPHATE_ION_TRANSPORT,NOT_QUALIFIED_EITHER,,,,,
GOBP_PHOSPHATIDIC_ACID_METABOLIC_PROCESS,NOT_QUALIFIED_EITHER,,,,,
GOBP_PHOSPHATIDYLCHOLINE_ACYL_CHAIN_REMODELING,NOT_QUALIFIED_EITHER,,,,,
GOBP_PHOSPHATIDYLCHOLINE_BIOSYNTHETIC_PROCESS,NOT_QUALIFIED_EITHER,,,,,
GOBP_PHOSPHATIDYLCHOLINE_METABOLIC_PROCESS,QUALIFIED_BOTH,14.0,15.0,14.0,15.0,0.9333333333333333
GOBP_PHOSPHATIDYLETHANOLAMINE_METABOLIC_PROCESS,NOT_QUALIFIED_EITHER,,,,,
GOBP_PHOSPHATIDYLGLYCEROL_METABOLIC_PROCESS,NOT_QUALIFIED_EITHER,,,,,
GOBP_PHOSPHATIDYLINOSITOL_3_KINASE_PROTEIN_KINASE_B_SIGNAL_TRANSDUCTION,NOT_QUALIFIED_EITHER,,,,,
GOBP_PHOSPHATIDYLINOSITOL_3_PHOSPHATE_BIOSYNTHETIC_PROCESS,NOT_QUALIFIED_EITHER,,,,,
GOBP_PHOSPHATIDYLINOSITOL_BIOSYNTHETIC_PROCESS,NOT_QUALIFIED_EITHER,,,,,
GOBP_PHOSPHATIDYLINOSITOL_DEPHOSPHORYLATION,NOT_QUALIFIED_EITHER,,,,,
GOBP_PHOSPHATIDYLINOSITOL_MEDIATED_SIGNALING,NOT_QUALIFIED_EITHER,,,,,
GOBP_PHOSPHATIDYLINOSITOL_METABOLIC_PROCESS,NOT_QUALIFIED_EITHER,,,,,
GOBP_PHOSPHATIDYLINOSITOL_PHOSPHATE_BIOSYNTHETIC_PROCESS,NOT_QUALIFIED_EITHER,,,,,
GOBP_PHOSPHATIDYLSERINE_METABOLIC_PROCESS,NOT_QUALIFIED_EITHER,,,,,
GOBP_PHOSPHOLIPASE_C_ACTIVATING_G_PROTEIN_COUPLED_RECEPTOR_SIGNALING_PATHWAY,NOT_QUALIFIED_EITHER,,,,,
GOBP_PHOSPHOLIPID_BIOSYNTHETIC_PROCESS,NOT_QUALIFIED_EITHER,,,,,
GOBP_PHOSPHOLIPID_CATABOLIC_PROCESS,QUALIFIED_BOTH,19.0,20.0,18.0,21.0,0.8571428571428571
GOBP_PHOSPHOLIPID_DEPHOSPHORYLATION,NOT_QUALIFIED_EITHER,,,,,
GOBP_PHOSPHOLIPID_HOMEOSTASIS,NOT_QUALIFIED_EITHER,,,,,
GOBP_PHOSPHOLIPID_METABOLIC_PROCESS,QUALIFIED_SECOND_ONLY,,,,,
GOBP_PHOSPHOLIPID_TRANSPORT,NOT_QUALIFIED_EITHER,,,,,
GOBP_PHOTOPERIODISM,QUALIFIED_BOTH,8.0,11.0,8.0,11.0,0.7272727272727273
GOBP_PHOTORECEPTOR_CELL_DEVELOPMENT,NOT_QUALIFIED_EITHER,,,,,
GOBP_PHOTORECEPTOR_CELL_DIFFERENTIATION,NOT_QUALIFIED_EITHER,,,,,
GOBP_PHOTORECEPTOR_CELL_MAINTENANCE,NOT_QUALIFIED_EITHER,,,,,
GOBP_PHOTOTRANSDUCTION,NOT_QUALIFIED_EITHER,,,,,
GOBP_PHYSIOLOGICAL_CARDIAC_MUSCLE_HYPERTROPHY,QUALIFIED_BOTH,11.0,10.0,10.0,11.0,0.9090909090909091
GOBP_PIECEMEAL_MICROAUTOPHAGY_OF_THE_NUCLEUS,NOT_QUALIFIED_EITHER,,,,,
GOBP_PIGMENTATION,NOT_QUALIFIED_EITHER,,,,,
GOBP_PIGMENT_BIOSYNTHETIC_PROCESS,NOT_QUALIFIED_EITHER,,,,,
GOBP_PIGMENT_CELL_DIFFERENTIATION,NOT_QUALIFIED_EITHER,,,,,
GOBP_PIGMENT_GRANULE_LOCALIZATION,NOT_QUALIFIED_EITHER,,,,,
GOBP_PIGMENT_GRANULE_ORGANIZATION,NOT_QUALIFIED_EITHER,,,,,
GOBP_PIGMENT_METABOLIC_PROCESS,NOT_QUALIFIED_EITHER,,,,,
GOBP_PINOCYTOSIS,NOT_QUALIFIED_EITHER,,,,,
GOBP_PIRNA_PROCESSING,NOT_QUALIFIED_EITHER,,,,,
GOBP_PITUITARY_GLAND_DEVELOPMENT,NOT_QUALIFIED_EITHER,,,,,
GOBP_PLACENTA_BLOOD_VESSEL_DEVELOPMENT,QUALIFIED_BOTH,11.0,11.0,10.0,12.0,0.8333333333333334
GOBP_PLACENTA_DEVELOPMENT,NOT_QUALIFIED_EITHER,,,,,
GOBP_PLASMA_LIPOPROTEIN_PARTICLE_CLEARANCE,NOT_QUALIFIED_EITHER,,,,,
GOBP_PLASMA_MEMBRANE_FUSION,NOT_QUALIFIED_EITHER,,,,,
GOBP_PLASMA_MEMBRANE_ORGANIZATION,NOT_QUALIFIED_EITHER,,,,,
GOBP_PLASMA_MEMBRANE_PHOSPHOLIPID_SCRAMBLING,NOT_QUALIFIED_EITHER,,,,,
GOBP_PLASMA_MEMBRANE_RAFT_ORGANIZATION,NOT_QUALIFIED_EITHER,,,,,
GOBP_PLASMA_MEMBRANE_REPAIR,NOT_QUALIFIED_EITHER,,,,,
GOBP_PLASMA_MEMBRANE_TUBULATION,NOT_QUALIFIED_EITHER,,,,,
GOBP_PLASMINOGEN_ACTIVATION,NOT_QUALIFIED_EITHER,,,,,
GOBP_PLATELET_ACTIVATION,NOT_QUALIFIED_EITHER,,,,,
GOBP_PLATELET_AGGREGATION,NOT_QUALIFIED_EITHER,,,,,
GOBP_PLATELET_DENSE_GRANULE_ORGANIZATION,NOT_QUALIFIED_EITHER,,,,,
GOBP_PLATELET_DERIVED_GROWTH_FACTOR_RECEPTOR_SIGNALING_PATHWAY,NOT_QUALIFIED_EITHER,,,,,
GOBP_PLATELET_MORPHOGENESIS,NOT_QUALIFIED_EITHER,,,,,
GOBP_POLARIZED_EPITHELIAL_CELL_DIFFERENTIATION,NOT_QUALIFIED_EITHER,,,,,
GOBP_POLYAMINE_METABOLIC_PROCESS,NOT_QUALIFIED_EITHER,,,,,
GOBP_POLYOL_BIOSYNTHETIC_PROCESS,NOT_QUALIFIED_EITHER,,,,,
GOBP_POLYOL_METABOLIC_PROCESS,NOT_QUALIFIED_EITHER,,,,,
GOBP_POLYSACCHARIDE_BIOSYNTHETIC_PROCESS,NOT_QUALIFIED_EITHER,,,,,
GOBP_POLYSACCHARIDE_CATABOLIC_PROCESS,NOT_QUALIFIED_EITHER,,,,,
GOBP_POLYSACCHARIDE_METABOLIC_PROCESS,NOT_QUALIFIED_EITHER,,,,,
GOBP_POLY_A_PLUS_MRNA_EXPORT_FROM_NUCLEUS,NOT_QUALIFIED_EITHER,,,,,
GOBP_PORE_COMPLEX_ASSEMBLY,NOT_QUALIFIED_EITHER,,,,,
GOBP_PORPHYRIN_CONTAINING_COMPOUND_METABOLIC_PROCESS,NOT_QUALIFIED_EITHER,,,,,
GOBP_POSITIVE_CHEMOTAXIS,NOT_QUALIFIED_EITHER,,,,,
GOBP_POSITIVE_REGULATION_OF_ACTIN_FILAMENT_BUNDLE_ASSEMBLY,NOT_QUALIFIED_EITHER,,,,,
GOBP_POSITIVE_REGULATION_OF_ACTIN_FILAMENT_POLYMERIZATION,NOT_QUALIFIED_EITHER,,,,,
GOBP_POSITIVE_REGULATION_OF_ACTIN_NUCLEATION,NOT_QUALIFIED_EITHER,,,,,
GOBP_POSITIVE_REGULATION_OF_ACTIVATED_T_CELL_PROLIFERATION,NOT_QUALIFIED_EITHER,,,,,
GOBP_POSITIVE_REGULATION_OF_ADAPTIVE_IMMUNE_RESPONSE,NOT_QUALIFIED_EITHER,,,,,
GOBP_POSITIVE_REGULATION_OF_ALCOHOL_BIOSYNTHETIC_PROCESS,NOT_QUALIFIED_EITHER,,,,,
GOBP_POSITIVE_REGULATION_OF_ALPHA_BETA_T_CELL_ACTIVATION,NOT_QUALIFIED_EITHER,,,,,
GOBP_POSITIVE_REGULATION_OF_ALPHA_BETA_T_CELL_DIFFERENTIATION,NOT_QUALIFIED_EITHER,,,,,
GOBP_POSITIVE_REGULATION_OF_ALPHA_BETA_T_CELL_PROLIFERATION,NOT_QUALIFIED_EITHER,,,,,
GOBP_POSITIVE_REGULATION_OF_AMIDE_METABOLIC_PROCESS,NOT_QUALIFIED_EITHER,,,,,
GOBP_POSITIVE_REGULATION_OF_AMINE_TRANSPORT,NOT_QUALIFIED_EITHER,,,,,
GOBP_POSITIVE_REGULATION_OF_AMINO_ACID_TRANSPORT,NOT_QUALIFIED_EITHER,,,,,
GOBP_POSITIVE_REGULATION_OF_AMYLOID_PRECURSOR_PROTEIN_CATABOLIC_PROCESS,NOT_QUALIFIED_EITHER,,,,,
GOBP_POSITIVE_REGULATION_OF_ANIMAL_ORGAN_MORPHOGENESIS,NOT_QUALIFIED_EITHER,,,,,
GOBP_POSITIVE_REGULATION_OF_ANTIGEN_RECEPTOR_MEDIATED_SIGNALING_PATHWAY,NOT_QUALIFIED_EITHER,,,,,
GOBP_POSITIVE_REGULATION_OF_APOPTOTIC_SIGNALING_PATHWAY,NOT_QUALIFIED_EITHER,,,,,
GOBP_POSITIVE_REGULATION_OF_ATP_DEPENDENT_ACTIVITY,NOT_QUALIFIED_EITHER,,,,,
GOBP_POSITIVE_REGULATION_OF_AUTOPHAGOSOME_ASSEMBLY,NOT_QUALIFIED_EITHER,,,,,
GOBP_POSITIVE_REGULATION_OF_AUTOPHAGY,NOT_QUALIFIED_EITHER,,,,,
GOBP_POSITIVE_REGULATION_OF_AUTOPHAGY_OF_MITOCHONDRION,NOT_QUALIFIED_EITHER,,,,,
GOBP_POSITIVE_REGULATION_OF_AXONOGENESIS,NOT_QUALIFIED_EITHER,,,,,
GOBP_POSITIVE_REGULATION_OF_AXON_EXTENSION,NOT_QUALIFIED_EITHER,,,,,
GOBP_POSITIVE_REGULATION_OF_BEHAVIOR,NOT_QUALIFIED_EITHER,,,,,
GOBP_POSITIVE_REGULATION_OF_BINDING,NOT_QUALIFIED_EITHER,,,,,
GOBP_POSITIVE_REGULATION_OF_BIOMINERAL_TISSUE_DEVELOPMENT,QUALIFIED_BOTH,11.0,11.0,11.0,11.0,1.0
GOBP_POSITIVE_REGULATION_OF_BLOOD_CIRCULATION,NOT_QUALIFIED_EITHER,,,,,
GOBP_POSITIVE_REGULATION_OF_BLOOD_PRESSURE,NOT_QUALIFIED_EITHER,,,,,
GOBP_POSITIVE_REGULATION_OF_BLOOD_VESSEL_ENDOTHELIAL_CELL_MIGRATION,QUALIFIED_FIRST_ONLY,,,,,
GOBP_POSITIVE_REGULATION_OF_BMP_SIGNALING_PATHWAY,NOT_QUALIFIED_EITHER,,,,,
GOBP_POSITIVE_REGULATION_OF_BONE_MINERALIZATION,QUALIFIED_BOTH,9.0,9.0,9.0,9.0,1.0
GOBP_POSITIVE_REGULATION_OF_BROWN_FAT_CELL_DIFFERENTIATION,NOT_QUALIFIED_EITHER,,,,,
GOBP_POSITIVE_REGULATION_OF_B_CELL_ACTIVATION,NOT_QUALIFIED_EITHER,,,,,
GOBP_POSITIVE_REGULATION_OF_B_CELL_MEDIATED_IMMUNITY,NOT_QUALIFIED_EITHER,,,,,
GOBP_POSITIVE_REGULATION_OF_B_CELL_PROLIFERATION,NOT_QUALIFIED_EITHER,,,,,
GOBP_POSITIVE_REGULATION_OF_CALCINEURIN_MEDIATED_SIGNALING,NOT_QUALIFIED_EITHER,,,,,
GOBP_POSITIVE_REGULATION_OF_CALCIUM_ION_IMPORT,QUALIFIED_FIRST_ONLY,,,,,
GOBP_POSITIVE_REGULATION_OF_CALCIUM_ION_TRANSMEMBRANE_TRANSPORT,NOT_QUALIFIED_EITHER,,,,,
GOBP_POSITIVE_REGULATION_OF_CALCIUM_ION_TRANSPORT,NOT_QUALIFIED_EITHER,,,,,
GOBP_POSITIVE_REGULATION_OF_CALCIUM_MEDIATED_SIGNALING,NOT_QUALIFIED_EITHER,,,,,
GOBP_POSITIVE_REGULATION_OF_CANONICAL_NF_KAPPAB_SIGNAL_TRANSDUCTION,NOT_QUALIFIED_EITHER,,,,,
GOBP_POSITIVE_REGULATION_OF_CANONICAL_WNT_SIGNALING_PATHWAY,NOT_QUALIFIED_EITHER,,,,,
GOBP_POSITIVE_REGULATION_OF_CARBOHYDRATE_METABOLIC_PROCESS,NOT_QUALIFIED_EITHER,,,,,
GOBP_POSITIVE_REGULATION_OF_CARDIAC_MUSCLE_CELL_PROLIFERATION,NOT_QUALIFIED_EITHER,,,,,
GOBP_POSITIVE_REGULATION_OF_CARTILAGE_DEVELOPMENT,NOT_QUALIFIED_EITHER,,,,,
GOBP_POSITIVE_REGULATION_OF_CATALYTIC_ACTIVITY,NOT_QUALIFIED_EITHER,,,,,
GOBP_POSITIVE_REGULATION_OF_CATION_CHANNEL_ACTIVITY,NOT_QUALIFIED_EITHER,,,,,
GOBP_POSITIVE_REGULATION_OF_CD4_POSITIVE_ALPHA_BETA_T_CELL_ACTIVATION,NOT_QUALIFIED_EITHER,,,,,
GOBP_POSITIVE_REGULATION_OF_CD4_POSITIVE_ALPHA_BETA_T_CELL_DIFFERENTIATION,NOT_QUALIFIED_EITHER,,,,,
GOBP_POSITIVE_REGULATION_OF_CELLULAR_COMPONENT_BIOGENESIS,NOT_QUALIFIED_EITHER,,,,,
GOBP_POSITIVE_REGULATION_OF_CELLULAR_EXTRAVASATION,NOT_QUALIFIED_EITHER,,,,,
GOBP_POSITIVE_REGULATION_OF_CELLULAR_RESPONSE_TO_INSULIN_STIMULUS,NOT_QUALIFIED_EITHER,,,,,
GOBP_POSITIVE_REGULATION_OF_CELLULAR_RESPONSE_TO_TRANSFORMING_GROWTH_FACTOR_BETA_STIMULUS,NOT_QUALIFIED_EITHER,,,,,
GOBP_POSITIVE_REGULATION_OF_CELL_ACTIVATION,NOT_QUALIFIED_EITHER,,,,,
GOBP_POSITIVE_REGULATION_OF_CELL_ADHESION,NOT_QUALIFIED_EITHER,,,,,
GOBP_POSITIVE_REGULATION_OF_CELL_ADHESION_MEDIATED_BY_INTEGRIN,NOT_QUALIFIED_EITHER,,,,,
GOBP_POSITIVE_REGULATION_OF_CELL_CELL_ADHESION,NOT_QUALIFIED_EITHER,,,,,
GOBP_POSITIVE_REGULATION_OF_CELL_CYCLE,NOT_QUALIFIED_EITHER,,,,,
GOBP_POSITIVE_REGULATION_OF_CELL_CYCLE_CHECKPOINT,NOT_QUALIFIED_EITHER,,,,,
GOBP_POSITIVE_REGULATION_OF_CELL_CYCLE_G1_S_PHASE_TRANSITION,NOT_QUALIFIED_EITHER,,,,,
GOBP_POSITIVE_REGULATION_OF_CELL_CYCLE_G2_M_PHASE_TRANSITION,NOT_QUALIFIED_EITHER,,,,,
GOBP_POSITIVE_REGULATION_OF_CELL_CYCLE_PHASE_TRANSITION,NOT_QUALIFIED_EITHER,,,,,
GOBP_POSITIVE_REGULATION_OF_CELL_CYCLE_PROCESS,NOT_QUALIFIED_EITHER,,,,,
GOBP_POSITIVE_REGULATION_OF_CELL_DEVELOPMENT,NOT_QUALIFIED_EITHER,,,,,
GOBP_POSITIVE_REGULATION_OF_CELL_DIVISION,NOT_QUALIFIED_EITHER,,,,,
GOBP_POSITIVE_REGULATION_OF_CELL_GROWTH,NOT_QUALIFIED_EITHER,,,,,
GOBP_POSITIVE_REGULATION_OF_CELL_JUNCTION_ASSEMBLY,NOT_QUALIFIED_EITHER,,,,,
GOBP_POSITIVE_REGULATION_OF_CELL_KILLING,NOT_QUALIFIED_EITHER,,,,,
GOBP_POSITIVE_REGULATION_OF_CELL_MATRIX_ADHESION,NOT_QUALIFIED_EITHER,,,,,
GOBP_POSITIVE_REGULATION_OF_CELL_MIGRATION_INVOLVED_IN_SPROUTING_ANGIOGENESIS,QUALIFIED_BOTH,11.0,8.0,8.0,11.0,0.7272727272727273
GOBP_POSITIVE_REGULATION_OF_CELL_MORPHOGENESIS,NOT_QUALIFIED_EITHER,,,,,
GOBP_POSITIVE_REGULATION_OF_CELL_PROJECTION_ORGANIZATION,NOT_QUALIFIED_EITHER,,,,,
GOBP_POSITIVE_REGULATION_OF_CELL_SUBSTRATE_ADHESION,NOT_QUALIFIED_EITHER,,,,,
GOBP_POSITIVE_REGULATION_OF_CELL_SUBSTRATE_JUNCTION_ORGANIZATION,NOT_QUALIFIED_EITHER,,,,,
GOBP_POSITIVE_REGULATION_OF_CHEMOKINE_PRODUCTION,NOT_QUALIFIED_EITHER,,,,,
GOBP_POSITIVE_REGULATION_OF_CHEMOTAXIS,NOT_QUALIFIED_EITHER,,,,,
GOBP_POSITIVE_REGULATION_OF_CHOLESTEROL_BIOSYNTHETIC_PROCESS,NOT_QUALIFIED_EITHER,,,,,
GOBP_POSITIVE_REGULATION_OF_CHOLESTEROL_EFFLUX,NOT_QUALIFIED_EITHER,,,,,
GOBP_POSITIVE_REGULATION_OF_CHOLESTEROL_METABOLIC_PROCESS,NOT_QUALIFIED_EITHER,,,,,
GOBP_POSITIVE_REGULATION_OF_CHONDROCYTE_DIFFERENTIATION,NOT_QUALIFIED_EITHER,,,,,
GOBP_POSITIVE_REGULATION_OF_CHROMOSOME_ORGANIZATION,NOT_QUALIFIED_EITHER,,,,,
GOBP_POSITIVE_REGULATION_OF_CHROMOSOME_SEGREGATION,NOT_QUALIFIED_EITHER,,,,,
GOBP_POSITIVE_REGULATION_OF_CHROMOSOME_SEPARATION,NOT_QUALIFIED_EITHER,,,,,
GOBP_POSITIVE_REGULATION_OF_CILIUM_ASSEMBLY,NOT_QUALIFIED_EITHER,,,,,
GOBP_POSITIVE_REGULATION_OF_COAGULATION,NOT_QUALIFIED_EITHER,,,,,
GOBP_POSITIVE_REGULATION_OF_COLD_INDUCED_THERMOGENESIS,NOT_QUALIFIED_EITHER,,,,,
GOBP_POSITIVE_REGULATION_OF_COLLAGEN_METABOLIC_PROCESS,NOT_QUALIFIED_EITHER,,,,,
GOBP_POSITIVE_REGULATION_OF_CYCLASE_ACTIVITY,NOT_QUALIFIED_EITHER,,,,,
GOBP_POSITIVE_REGULATION_OF_CYTOKINESIS,NOT_QUALIFIED_EITHER,,,,,
GOBP_POSITIVE_REGULATION_OF_CYTOKINE_PRODUCTION,NOT_QUALIFIED_EITHER,,,,,
GOBP_POSITIVE_REGULATION_OF_CYTOKINE_PRODUCTION_INVOLVED_IN_IMMUNE_RESPONSE,NOT_QUALIFIED_EITHER,,,,,
GOBP_POSITIVE_REGULATION_OF_CYTOKINE_PRODUCTION_INVOLVED_IN_INFLAMMATORY_RESPONSE,QUALIFIED_FIRST_ONLY,,,,,
GOBP_POSITIVE_REGULATION_OF_CYTOPLASMIC_TRANSLATION,NOT_QUALIFIED_EITHER,,,,,
GOBP_POSITIVE_REGULATION_OF_CYTOSKELETON_ORGANIZATION,NOT_QUALIFIED_EITHER,,,,,
GOBP_POSITIVE_REGULATION_OF_CYTOSOLIC_CALCIUM_ION_CONCENTRATION,NOT_QUALIFIED_EITHER,,,,,
GOBP_POSITIVE_REGULATION_OF_DEFENSE_RESPONSE,NOT_QUALIFIED_EITHER,,,,,
GOBP_POSITIVE_REGULATION_OF_DEFENSE_RESPONSE_TO_VIRUS_BY_HOST,NOT_QUALIFIED_EITHER,,,,,
GOBP_POSITIVE_REGULATION_OF_DENDRITIC_SPINE_DEVELOPMENT,NOT_QUALIFIED_EITHER,,,,,
GOBP_POSITIVE_REGULATION_OF_DENDRITIC_SPINE_MORPHOGENESIS,NOT_QUALIFIED_EITHER,,,,,
GOBP_POSITIVE_REGULATION_OF_DEVELOPMENTAL_GROWTH,NOT_QUALIFIED_EITHER,,,,,
GOBP_POSITIVE_REGULATION_OF_DNA_BINDING,NOT_QUALIFIED_EITHER,,,,,
GOBP_POSITIVE_REGULATION_OF_DNA_BINDING_TRANSCRIPTION_FACTOR_ACTIVITY,NOT_QUALIFIED_EITHER,,,,,
GOBP_POSITIVE_REGULATION_OF_DNA_BIOSYNTHETIC_PROCESS,NOT_QUALIFIED_EITHER,,,,,
GOBP_POSITIVE_REGULATION_OF_DNA_DAMAGE_RESPONSE_SIGNAL_TRANSDUCTION_BY_P53_CLASS_MEDIATOR,NOT_QUALIFIED_EITHER,,,,,
GOBP_POSITIVE_REGULATION_OF_DNA_METABOLIC_PROCESS,NOT_QUALIFIED_EITHER,,,,,
GOBP_POSITIVE_REGULATION_OF_DNA_RECOMBINATION,NOT_QUALIFIED_EITHER,,,,,
GOBP_POSITIVE_REGULATION_OF_DNA_REPAIR,NOT_QUALIFIED_EITHER,,,,,
GOBP_POSITIVE_REGULATION_OF_DNA_REPLICATION,NOT_QUALIFIED_EITHER,,,,,
GOBP_POSITIVE_REGULATION_OF_DNA_TEMPLATED_DNA_REPLICATION,NOT_QUALIFIED_EITHER,,,,,
GOBP_POSITIVE_REGULATION_OF_DNA_TEMPLATED_TRANSCRIPTION_ELONGATION,NOT_QUALIFIED_EITHER,,,,,
GOBP_POSITIVE_REGULATION_OF_DNA_TEMPLATED_TRANSCRIPTION_INITIATION,QUALIFIED_BOTH,26.0,22.0,22.0,26.0,0.8461538461538461
GOBP_POSITIVE_REGULATION_OF_DOUBLE_STRAND_BREAK_REPAIR,NOT_QUALIFIED_EITHER,,,,,
GOBP_POSITIVE_REGULATION_OF_DOUBLE_STRAND_BREAK_REPAIR_VIA_HOMOLOGOUS_RECOMBINATION,NOT_QUALIFIED_EITHER,,,,,
GOBP_POSITIVE_REGULATION_OF_DOUBLE_STRAND_BREAK_REPAIR_VIA_NONHOMOLOGOUS_END_JOINING,NOT_QUALIFIED_EITHER,,,,,
GOBP_POSITIVE_REGULATION_OF_D_GLUCOSE_IMPORT,NOT_QUALIFIED_EITHER,,,,,
GOBP_POSITIVE_REGULATION_OF_D_GLUCOSE_TRANSMEMBRANE_TRANSPORT,NOT_QUALIFIED_EITHER,,,,,
GOBP_POSITIVE_REGULATION_OF_EMBRYONIC_DEVELOPMENT,NOT_QUALIFIED_EITHER,,,,,
GOBP_POSITIVE_REGULATION_OF_ENDOCYTOSIS,NOT_QUALIFIED_EITHER,,,,,
GOBP_POSITIVE_REGULATION_OF_ENDOTHELIAL_CELL_APOPTOTIC_PROCESS,NOT_QUALIFIED_EITHER,,,,,
GOBP_POSITIVE_REGULATION_OF_ENDOTHELIAL_CELL_MIGRATION,QUALIFIED_BOTH,19.0,21.0,19.0,21.0,0.9047619047619048
GOBP_POSITIVE_REGULATION_OF_ENDOTHELIAL_CELL_PROLIFERATION,NOT_QUALIFIED_EITHER,,,,,
GOBP_POSITIVE_REGULATION_OF_EPIDERMIS_DEVELOPMENT,NOT_QUALIFIED_EITHER,,,,,
GOBP_POSITIVE_REGULATION_OF_EPITHELIAL_CELL_DIFFERENTIATION,NOT_QUALIFIED_EITHER,,,,,
GOBP_POSITIVE_REGULATION_OF_EPITHELIAL_CELL_MIGRATION,NOT_QUALIFIED_EITHER,,,,,
GOBP_POSITIVE_REGULATION_OF_EPITHELIAL_CELL_PROLIFERATION,NOT_QUALIFIED_EITHER,,,,,
GOBP_POSITIVE_REGULATION_OF_EPITHELIAL_TO_MESENCHYMAL_TRANSITION,NOT_QUALIFIED_EITHER,,,,,
GOBP_POSITIVE_REGULATION_OF_ERAD_PATHWAY,NOT_QUALIFIED_EITHER,,,,,
GOBP_POSITIVE_REGULATION_OF_ERBB_SIGNALING_PATHWAY,QUALIFIED_FIRST_ONLY,,,,,
GOBP_POSITIVE_REGULATION_OF_ERK1_AND_ERK2_CASCADE,NOT_QUALIFIED_EITHER,,,,,
GOBP_POSITIVE_REGULATION_OF_ERYTHROCYTE_DIFFERENTIATION,NOT_QUALIFIED_EITHER,,,,,
GOBP_POSITIVE_REGULATION_OF_ESTABLISHMENT_OF_PROTEIN_LOCALIZATION,NOT_QUALIFIED_EITHER,,,,,
GOBP_POSITIVE_REGULATION_OF_ESTABLISHMENT_OF_PROTEIN_LOCALIZATION_TO_MITOCHONDRION,NOT_QUALIFIED_EITHER,,,,,
GOBP_POSITIVE_REGULATION_OF_EXCITATORY_POSTSYNAPTIC_POTENTIAL,NOT_QUALIFIED_EITHER,,,,,
GOBP_POSITIVE_REGULATION_OF_EXECUTION_PHASE_OF_APOPTOSIS,NOT_QUALIFIED_EITHER,,,,,
GOBP_POSITIVE_REGULATION_OF_EXOCYTOSIS,NOT_QUALIFIED_EITHER,,,,,
GOBP_POSITIVE_REGULATION_OF_EXTRACELLULAR_MATRIX_ORGANIZATION,NOT_QUALIFIED_EITHER,,,,,
GOBP_POSITIVE_REGULATION_OF_EXTRINSIC_APOPTOTIC_SIGNALING_PATHWAY,NOT_QUALIFIED_EITHER,,,,,
GOBP_POSITIVE_REGULATION_OF_FATTY_ACID_BIOSYNTHETIC_PROCESS,NOT_QUALIFIED_EITHER,,,,,
GOBP_POSITIVE_REGULATION_OF_FATTY_ACID_METABOLIC_PROCESS,NOT_QUALIFIED_EITHER,,,,,
GOBP_POSITIVE_REGULATION_OF_FATTY_ACID_TRANSPORT,NOT_QUALIFIED_EITHER,,,,,
GOBP_POSITIVE_REGULATION_OF_FAT_CELL_DIFFERENTIATION,QUALIFIED_SECOND_ONLY,,,,,
GOBP_POSITIVE_REGULATION_OF_FIBROBLAST_PROLIFERATION,NOT_QUALIFIED_EITHER,,,,,
GOBP_POSITIVE_REGULATION_OF_FILOPODIUM_ASSEMBLY,NOT_QUALIFIED_EITHER,,,,,
GOBP_POSITIVE_REGULATION_OF_FOCAL_ADHESION_ASSEMBLY,NOT_QUALIFIED_EITHER,,,,,
GOBP_POSITIVE_REGULATION_OF_G1_S_TRANSITION_OF_MITOTIC_CELL_CYCLE,NOT_QUALIFIED_EITHER,,,,,
GOBP_POSITIVE_REGULATION_OF_GENE_EXPRESSION_EPIGENETIC,NOT_QUALIFIED_EITHER,,,,,
GOBP_POSITIVE_REGULATION_OF_GLIAL_CELL_DIFFERENTIATION,QUALIFIED_BOTH,11.0,10.0,10.0,11.0,0.9090909090909091
GOBP_POSITIVE_REGULATION_OF_GLIOGENESIS,QUALIFIED_BOTH,14.0,14.0,13.0,15.0,0.8666666666666667
GOBP_POSITIVE_REGULATION_OF_GLUCONEOGENESIS,QUALIFIED_BOTH,5.0,6.0,5.0,6.0,0.8333333333333334
GOBP_POSITIVE_REGULATION_OF_GLUCOSE_METABOLIC_PROCESS,QUALIFIED_BOTH,11.0,18.0,11.0,18.0,0.6111111111111112
GOBP_POSITIVE_REGULATION_OF_GLYCOGEN_BIOSYNTHETIC_PROCESS,NOT_QUALIFIED_EITHER,,,,,
GOBP_POSITIVE_REGULATION_OF_GLYCOGEN_METABOLIC_PROCESS,NOT_QUALIFIED_EITHER,,,,,
GOBP_POSITIVE_REGULATION_OF_GLYCOPROTEIN_BIOSYNTHETIC_PROCESS,NOT_QUALIFIED_EITHER,,,,,
GOBP_POSITIVE_REGULATION_OF_GLYCOPROTEIN_METABOLIC_PROCESS,NOT_QUALIFIED_EITHER,,,,,
GOBP_POSITIVE_REGULATION_OF_GRANULOCYTE_CHEMOTAXIS,NOT_QUALIFIED_EITHER,,,,,
GOBP_POSITIVE_REGULATION_OF_GROWTH,NOT_QUALIFIED_EITHER,,,,,
GOBP_POSITIVE_REGULATION_OF_GTPASE_ACTIVITY,NOT_QUALIFIED_EITHER,,,,,
GOBP_POSITIVE_REGULATION_OF_G_PROTEIN_COUPLED_RECEPTOR_SIGNALING_PATHWAY,NOT_QUALIFIED_EITHER,,,,,
GOBP_POSITIVE_REGULATION_OF_HEART_GROWTH,NOT_QUALIFIED_EITHER,,,,,
GOBP_POSITIVE_REGULATION_OF_HEART_RATE,QUALIFIED_BOTH,5.0,11.0,5.0,11.0,0.45454545454545453
GOBP_POSITIVE_REGULATION_OF_HEMOPOIESIS,NOT_QUALIFIED_EITHER,,,,,
GOBP_POSITIVE_REGULATION_OF_HIPPO_SIGNALING,NOT_QUALIFIED_EITHER,,,,,
GOBP_POSITIVE_REGULATION_OF_HOMOTYPIC_CELL_CELL_ADHESION,NOT_QUALIFIED_EITHER,,,,,
GOBP_POSITIVE_REGULATION_OF_HORMONE_SECRETION,NOT_QUALIFIED_EITHER,,,,,
GOBP_POSITIVE_REGULATION_OF_HYDROLASE_ACTIVITY,NOT_QUALIFIED_EITHER,,,,,
GOBP_POSITIVE_REGULATION_OF_IMMUNE_EFFECTOR_PROCESS,NOT_QUALIFIED_EITHER,,,,,
GOBP_POSITIVE_REGULATION_OF_IMMUNOGLOBULIN_PRODUCTION,NOT_QUALIFIED_EITHER,,,,,
GOBP_POSITIVE_REGULATION_OF_INFLAMMASOME_MEDIATED_SIGNALING_PATHWAY,NOT_QUALIFIED_EITHER,,,,,
GOBP_POSITIVE_REGULATION_OF_INFLAMMATORY_RESPONSE,NOT_QUALIFIED_EITHER,,,,,
GOBP_POSITIVE_REGULATION_OF_INSULIN_SECRETION,NOT_QUALIFIED_EITHER,,,,,
GOBP_POSITIVE_REGULATION_OF_INSULIN_SECRETION_INVOLVED_IN_CELLULAR_RESPONSE_TO_GLUCOSE_STIMULUS,NOT_QUALIFIED_EITHER,,,,,
GOBP_POSITIVE_REGULATION_OF_INTERFERON_ALPHA_PRODUCTION,NOT_QUALIFIED_EITHER,,,,,
GOBP_POSITIVE_REGULATION_OF_INTERFERON_BETA_PRODUCTION,NOT_QUALIFIED_EITHER,,,,,
GOBP_POSITIVE_REGULATION_OF_INTERLEUKIN_10_PRODUCTION,NOT_QUALIFIED_EITHER,,,,,
GOBP_POSITIVE_REGULATION_OF_INTERLEUKIN_12_PRODUCTION,NOT_QUALIFIED_EITHER,,,,,
GOBP_POSITIVE_REGULATION_OF_INTERLEUKIN_13_PRODUCTION,NOT_QUALIFIED_EITHER,,,,,
GOBP_POSITIVE_REGULATION_OF_INTERLEUKIN_17_PRODUCTION,NOT_QUALIFIED_EITHER,,,,,
GOBP_POSITIVE_REGULATION_OF_INTERLEUKIN_1_PRODUCTION,NOT_QUALIFIED_EITHER,,,,,
GOBP_POSITIVE_REGULATION_OF_INTERLEUKIN_2_PRODUCTION,NOT_QUALIFIED_EITHER,,,,,
GOBP_POSITIVE_REGULATION_OF_INTERLEUKIN_4_PRODUCTION,NOT_QUALIFIED_EITHER,,,,,
GOBP_POSITIVE_REGULATION_OF_INTERLEUKIN_6_PRODUCTION,NOT_QUALIFIED_EITHER,,,,,
GOBP_POSITIVE_REGULATION_OF_INTERLEUKIN_8_PRODUCTION,NOT_QUALIFIED_EITHER,,,,,
GOBP_POSITIVE_REGULATION_OF_INTRACELLULAR_PROTEIN_TRANSPORT,NOT_QUALIFIED_EITHER,,,,,
GOBP_POSITIVE_REGULATION_OF_INTRACELLULAR_TRANSPORT,NOT_QUALIFIED_EITHER,,,,,
GOBP_POSITIVE_REGULATION_OF_INTRINSIC_APOPTOTIC_SIGNALING_PATHWAY,NOT_QUALIFIED_EITHER,,,,,
GOBP_POSITIVE_REGULATION_OF_ISOTYPE_SWITCHING,NOT_QUALIFIED_EITHER,,,,,
GOBP_POSITIVE_REGULATION_OF_JNK_CASCADE,NOT_QUALIFIED_EITHER,,,,,
GOBP_POSITIVE_REGULATION_OF_KINASE_ACTIVITY,QUALIFIED_SECOND_ONLY,,,,,
GOBP_POSITIVE_REGULATION_OF_LAMELLIPODIUM_ASSEMBLY,NOT_QUALIFIED_EITHER,,,,,
GOBP_POSITIVE_REGULATION_OF_LAMELLIPODIUM_ORGANIZATION,NOT_QUALIFIED_EITHER,,,,,
GOBP_POSITIVE_REGULATION_OF_LEUKOCYTE_ADHESION_TO_VASCULAR_ENDOTHELIAL_CELL,NOT_QUALIFIED_EITHER,,,,,
GOBP_POSITIVE_REGULATION_OF_LEUKOCYTE_APOPTOTIC_PROCESS,NOT_QUALIFIED_EITHER,,,,,
GOBP_POSITIVE_REGULATION_OF_LEUKOCYTE_CELL_CELL_ADHESION,NOT_QUALIFIED_EITHER,,,,,
GOBP_POSITIVE_REGULATION_OF_LEUKOCYTE_CHEMOTAXIS,NOT_QUALIFIED_EITHER,,,,,
GOBP_POSITIVE_REGULATION_OF_LEUKOCYTE_DEGRANULATION,NOT_QUALIFIED_EITHER,,,,,
GOBP_POSITIVE_REGULATION_OF_LEUKOCYTE_MEDIATED_IMMUNITY,NOT_QUALIFIED_EITHER,,,,,
GOBP_POSITIVE_REGULATION_OF_LEUKOCYTE_MIGRATION,NOT_QUALIFIED_EITHER,,,,,
GOBP_POSITIVE_REGULATION_OF_LEUKOCYTE_PROLIFERATION,NOT_QUALIFIED_EITHER,,,,,
GOBP_POSITIVE_REGULATION_OF_LIPID_BIOSYNTHETIC_PROCESS,NOT_QUALIFIED_EITHER,,,,,
GOBP_POSITIVE_REGULATION_OF_LIPID_CATABOLIC_PROCESS,NOT_QUALIFIED_EITHER,,,,,
GOBP_POSITIVE_REGULATION_OF_LIPID_LOCALIZATION,NOT_QUALIFIED_EITHER,,,,,
GOBP_POSITIVE_REGULATION_OF_LIPID_METABOLIC_PROCESS,NOT_QUALIFIED_EITHER,,,,,
GOBP_POSITIVE_REGULATION_OF_LIPID_TRANSPORT,NOT_QUALIFIED_EITHER,,,,,
GOBP_POSITIVE_REGULATION_OF_LOCOMOTION,QUALIFIED_BOTH,96.0,93.0,88.0,101.0,0.8712871287128713
GOBP_POSITIVE_REGULATION_OF_LONG_TERM_SYNAPTIC_POTENTIATION,NOT_QUALIFIED_EITHER,,,,,
GOBP_POSITIVE_REGULATION_OF_LYMPHOCYTE_APOPTOTIC_PROCESS,NOT_QUALIFIED_EITHER,,,,,
GOBP_POSITIVE_REGULATION_OF_LYMPHOCYTE_DIFFERENTIATION,NOT_QUALIFIED_EITHER,,,,,
GOBP_POSITIVE_REGULATION_OF_LYMPHOCYTE_MIGRATION,NOT_QUALIFIED_EITHER,,,,,
GOBP_POSITIVE_REGULATION_OF_MACROAUTOPHAGY,NOT_QUALIFIED_EITHER,,,,,
GOBP_POSITIVE_REGULATION_OF_MACROPHAGE_ACTIVATION,NOT_QUALIFIED_EITHER,,,,,
GOBP_POSITIVE_REGULATION_OF_MACROPHAGE_CHEMOTAXIS,NOT_QUALIFIED_EITHER,,,,,
GOBP_POSITIVE_REGULATION_OF_MACROPHAGE_MIGRATION,NOT_QUALIFIED_EITHER,,,,,
GOBP_POSITIVE_REGULATION_OF_MAPK_CASCADE,NOT_QUALIFIED_EITHER,,,,,
GOBP_POSITIVE_REGULATION_OF_MAP_KINASE_ACTIVITY,NOT_QUALIFIED_EITHER,,,,,
GOBP_POSITIVE_REGULATION_OF_MEIOTIC_CELL_CYCLE,NOT_QUALIFIED_EITHER,,,,,
GOBP_POSITIVE_REGULATION_OF_MEMBRANE_PERMEABILITY,NOT_QUALIFIED_EITHER,,,,,
GOBP_POSITIVE_REGULATION_OF_MESENCHYMAL_CELL_PROLIFERATION,QUALIFIED_BOTH,10.0,11.0,10.0,11.0,0.9090909090909091
GOBP_POSITIVE_REGULATION_OF_METAPHASE_ANAPHASE_TRANSITION_OF_CELL_CYCLE,NOT_QUALIFIED_EITHER,,,,,
GOBP_POSITIVE_REGULATION_OF_MICROTUBULE_POLYMERIZATION_OR_DEPOLYMERIZATION,QUALIFIED_BOTH,18.0,17.0,16.0,19.0,0.8421052631578947
GOBP_POSITIVE_REGULATION_OF_MIRNA_METABOLIC_PROCESS,QUALIFIED_BOTH,17.0,16.0,16.0,17.0,0.9411764705882353
GOBP_POSITIVE_REGULATION_OF_MITOCHONDRIAL_FISSION,NOT_QUALIFIED_EITHER,,,,,
GOBP_POSITIVE_REGULATION_OF_MITOCHONDRIAL_MEMBRANE_PERMEABILITY,NOT_QUALIFIED_EITHER,,,,,
GOBP_POSITIVE_REGULATION_OF_MITOCHONDRIAL_TRANSLATION,NOT_QUALIFIED_EITHER,,,,,
GOBP_POSITIVE_REGULATION_OF_MITOTIC_CELL_CYCLE,NOT_QUALIFIED_EITHER,,,,,
GOBP_POSITIVE_REGULATION_OF_MITOTIC_CELL_CYCLE_PHASE_TRANSITION,NOT_QUALIFIED_EITHER,,,,,
GOBP_POSITIVE_REGULATION_OF_MITOTIC_NUCLEAR_DIVISION,NOT_QUALIFIED_EITHER,,,,,
GOBP_POSITIVE_REGULATION_OF_MITOTIC_SISTER_CHROMATID_SEPARATION,NOT_QUALIFIED_EITHER,,,,,
GOBP_POSITIVE_REGULATION_OF_MOLECULAR_FUNCTION,NOT_QUALIFIED_EITHER,,,,,
GOBP_POSITIVE_REGULATION_OF_MONOATOMIC_ION_TRANSMEMBRANE_TRANSPORT,NOT_QUALIFIED_EITHER,,,,,
GOBP_POSITIVE_REGULATION_OF_MONOATOMIC_ION_TRANSPORT,NOT_QUALIFIED_EITHER,,,,,
GOBP_POSITIVE_REGULATION_OF_MONONUCLEAR_CELL_MIGRATION,NOT_QUALIFIED_EITHER,,,,,
GOBP_POSITIVE_REGULATION_OF_MORPHOGENESIS_OF_AN_EPITHELIUM,QUALIFIED_BOTH,15.0,13.0,13.0,15.0,0.8666666666666667
GOBP_POSITIVE_REGULATION_OF_MRNA_METABOLIC_PROCESS,QUALIFIED_FIRST_ONLY,,,,,
GOBP_POSITIVE_REGULATION_OF_MRNA_PROCESSING,NOT_QUALIFIED_EITHER,,,,,
GOBP_POSITIVE_REGULATION_OF_MRNA_SPLICING_VIA_SPLICEOSOME,NOT_QUALIFIED_EITHER,,,,,
GOBP_POSITIVE_REGULATION_OF_MULTICELLULAR_ORGANISM_GROWTH,NOT_QUALIFIED_EITHER,,,,,
GOBP_POSITIVE_REGULATION_OF_MUSCLE_CELL_APOPTOTIC_PROCESS,NOT_QUALIFIED_EITHER,,,,,
GOBP_POSITIVE_REGULATION_OF_MUSCLE_CELL_DIFFERENTIATION,NOT_QUALIFIED_EITHER,,,,,
GOBP_POSITIVE_REGULATION_OF_MUSCLE_CONTRACTION,NOT_QUALIFIED_EITHER,,,,,
GOBP_POSITIVE_REGULATION_OF_MUSCLE_HYPERTROPHY,NOT_QUALIFIED_EITHER,,,,,
GOBP_POSITIVE_REGULATION_OF_MUSCLE_ORGAN_DEVELOPMENT,NOT_QUALIFIED_EITHER,,,,,
GOBP_POSITIVE_REGULATION_OF_MYELINATION,NOT_QUALIFIED_EITHER,,,,,
GOBP_POSITIVE_REGULATION_OF_MYELOID_CELL_DIFFERENTIATION,NOT_QUALIFIED_EITHER,,,,,
GOBP_POSITIVE_REGULATION_OF_MYELOID_LEUKOCYTE_CYTOKINE_PRODUCTION_INVOLVED_IN_IMMUNE_RESPONSE,NOT_QUALIFIED_EITHER,,,,,
GOBP_POSITIVE_REGULATION_OF_MYELOID_LEUKOCYTE_DIFFERENTIATION,NOT_QUALIFIED_EITHER,,,,,
GOBP_POSITIVE_REGULATION_OF_MYELOID_LEUKOCYTE_MEDIATED_IMMUNITY,NOT_QUALIFIED_EITHER,,,,,
GOBP_POSITIVE_REGULATION_OF_MYOBLAST_DIFFERENTIATION,NOT_QUALIFIED_EITHER,,,,,
GOBP_POSITIVE_REGULATION_OF_NATURAL_KILLER_CELL_ACTIVATION,NOT_QUALIFIED_EITHER,,,,,
GOBP_POSITIVE_REGULATION_OF_NATURAL_KILLER_CELL_MEDIATED_CYTOTOXICITY,NOT_QUALIFIED_EITHER,,,,,
GOBP_POSITIVE_REGULATION_OF_NATURAL_KILLER_CELL_MEDIATED_IMMUNITY,NOT_QUALIFIED_EITHER,,,,,
GOBP_POSITIVE_REGULATION_OF_NERVOUS_SYSTEM_DEVELOPMENT,NOT_QUALIFIED_EITHER,,,,,
GOBP_POSITIVE_REGULATION_OF_NERVOUS_SYSTEM_PROCESS,NOT_QUALIFIED_EITHER,,,,,
GOBP_POSITIVE_REGULATION_OF_NEURAL_PRECURSOR_CELL_PROLIFERATION,NOT_QUALIFIED_EITHER,,,,,
GOBP_POSITIVE_REGULATION_OF_NEUROBLAST_PROLIFERATION,NOT_QUALIFIED_EITHER,,,,,
GOBP_POSITIVE_REGULATION_OF_NEUROGENESIS,NOT_QUALIFIED_EITHER,,,,,
GOBP_POSITIVE_REGULATION_OF_NEURON_APOPTOTIC_PROCESS,NOT_QUALIFIED_EITHER,,,,,
GOBP_POSITIVE_REGULATION_OF_NEURON_DIFFERENTIATION,NOT_QUALIFIED_EITHER,,,,,
GOBP_POSITIVE_REGULATION_OF_NEURON_MIGRATION,NOT_QUALIFIED_EITHER,,,,,
GOBP_POSITIVE_REGULATION_OF_NEURON_PROJECTION_DEVELOPMENT,NOT_QUALIFIED_EITHER,,,,,
GOBP_POSITIVE_REGULATION_OF_NEUROTRANSMITTER_SECRETION,NOT_QUALIFIED_EITHER,,,,,
GOBP_POSITIVE_REGULATION_OF_NEUROTRANSMITTER_TRANSPORT,NOT_QUALIFIED_EITHER,,,,,
GOBP_POSITIVE_REGULATION_OF_NEUTROPHIL_MIGRATION,NOT_QUALIFIED_EITHER,,,,,
GOBP_POSITIVE_REGULATION_OF_NF_KAPPAB_TRANSCRIPTION_FACTOR_ACTIVITY,NOT_QUALIFIED_EITHER,,,,,
GOBP_POSITIVE_REGULATION_OF_NITRIC_OXIDE_BIOSYNTHETIC_PROCESS,NOT_QUALIFIED_EITHER,,,,,
GOBP_POSITIVE_REGULATION_OF_NON_CANONICAL_NF_KAPPAB_SIGNAL_TRANSDUCTION,NOT_QUALIFIED_EITHER,,,,,
GOBP_POSITIVE_REGULATION_OF_NON_CANONICAL_WNT_SIGNALING_PATHWAY,NOT_QUALIFIED_EITHER,,,,,
GOBP_POSITIVE_REGULATION_OF_NOTCH_SIGNALING_PATHWAY,NOT_QUALIFIED_EITHER,,,,,
GOBP_POSITIVE_REGULATION_OF_NUCLEAR_DIVISION,NOT_QUALIFIED_EITHER,,,,,
GOBP_POSITIVE_REGULATION_OF_NUCLEOCYTOPLASMIC_TRANSPORT,NOT_QUALIFIED_EITHER,,,,,
GOBP_POSITIVE_REGULATION_OF_NUCLEOTIDE_CATABOLIC_PROCESS,NOT_QUALIFIED_EITHER,,,,,
GOBP_POSITIVE_REGULATION_OF_NUCLEOTIDE_METABOLIC_PROCESS,NOT_QUALIFIED_EITHER,,,,,
GOBP_POSITIVE_REGULATION_OF_OLIGODENDROCYTE_DIFFERENTIATION,NOT_QUALIFIED_EITHER,,,,,
GOBP_POSITIVE_REGULATION_OF_ORGANELLE_ASSEMBLY,NOT_QUALIFIED_EITHER,,,,,
GOBP_POSITIVE_REGULATION_OF_ORGANELLE_ORGANIZATION,NOT_QUALIFIED_EITHER,,,,,
GOBP_POSITIVE_REGULATION_OF_ORGANIC_ACID_TRANSPORT,NOT_QUALIFIED_EITHER,,,,,
GOBP_POSITIVE_REGULATION_OF_ORGAN_GROWTH,NOT_QUALIFIED_EITHER,,,,,
GOBP_POSITIVE_REGULATION_OF_OSSIFICATION,QUALIFIED_BOTH,10.0,10.0,10.0,10.0,1.0
GOBP_POSITIVE_REGULATION_OF_OSTEOBLAST_DIFFERENTIATION,QUALIFIED_BOTH,24.0,25.0,23.0,26.0,0.8846153846153846
GOBP_POSITIVE_REGULATION_OF_OSTEOCLAST_DIFFERENTIATION,NOT_QUALIFIED_EITHER,,,,,
GOBP_POSITIVE_REGULATION_OF_P38MAPK_CASCADE,QUALIFIED_SECOND_ONLY,,,,,
GOBP_POSITIVE_REGULATION_OF_PATTERN_RECOGNITION_RECEPTOR_SIGNALING_PATHWAY,NOT_QUALIFIED_EITHER,,,,,
GOBP_POSITIVE_REGULATION_OF_PEPTIDE_SECRETION,NOT_QUALIFIED_EITHER,,,,,
GOBP_POSITIVE_REGULATION_OF_PEPTIDYL_SERINE_PHOSPHORYLATION,NOT_QUALIFIED_EITHER,,,,,
GOBP_POSITIVE_REGULATION_OF_PEPTIDYL_TYROSINE_PHOSPHORYLATION,NOT_QUALIFIED_EITHER,,,,,
GOBP_POSITIVE_REGULATION_OF_PHAGOCYTOSIS,NOT_QUALIFIED_EITHER,,,,,
GOBP_POSITIVE_REGULATION_OF_PHOSPHATIDYLINOSITOL_3_KINASE_PROTEIN_KINASE_B_SIGNAL_TRANSDUCTION,NOT_QUALIFIED_EITHER,,,,,
GOBP_POSITIVE_REGULATION_OF_PHOSPHORUS_METABOLIC_PROCESS,NOT_QUALIFIED_EITHER,,,,,
GOBP_POSITIVE_REGULATION_OF_PHOSPHORYLATION,QUALIFIED_BOTH,44.0,59.0,44.0,59.0,0.7457627118644068
GOBP_POSITIVE_REGULATION_OF_PLASMA_MEMBRANE_BOUNDED_CELL_PROJECTION_ASSEMBLY,NOT_QUALIFIED_EITHER,,,,,
GOBP_POSITIVE_REGULATION_OF_POST_TRANSLATIONAL_PROTEIN_MODIFICATION,NOT_QUALIFIED_EITHER,,,,,
GOBP_POSITIVE_REGULATION_OF_POTASSIUM_ION_TRANSMEMBRANE_TRANSPORT,NOT_QUALIFIED_EITHER,,,,,
GOBP_POSITIVE_REGULATION_OF_POTASSIUM_ION_TRANSPORT,NOT_QUALIFIED_EITHER,,,,,
GOBP_POSITIVE_REGULATION_OF_PRODUCTION_OF_MOLECULAR_MEDIATOR_OF_IMMUNE_RESPONSE,NOT_QUALIFIED_EITHER,,,,,
GOBP_POSITIVE_REGULATION_OF_PROGRAMMED_CELL_DEATH,NOT_QUALIFIED_EITHER,,,,,
GOBP_POSITIVE_REGULATION_OF_PROTEASOMAL_PROTEIN_CATABOLIC_PROCESS,NOT_QUALIFIED_EITHER,,,,,
GOBP_POSITIVE_REGULATION_OF_PROTEASOMAL_UBIQUITIN_DEPENDENT_PROTEIN_CATABOLIC_PROCESS,NOT_QUALIFIED_EITHER,,,,,
GOBP_POSITIVE_REGULATION_OF_PROTEIN_CATABOLIC_PROCESS,NOT_QUALIFIED_EITHER,,,,,
GOBP_POSITIVE_REGULATION_OF_PROTEIN_CONTAINING_COMPLEX_ASSEMBLY,NOT_QUALIFIED_EITHER,,,,,
GOBP_POSITIVE_REGULATION_OF_PROTEIN_CONTAINING_COMPLEX_DISASSEMBLY,NOT_QUALIFIED_EITHER,,,,,
GOBP_POSITIVE_REGULATION_OF_PROTEIN_DEPOLYMERIZATION,NOT_QUALIFIED_EITHER,,,,,
GOBP_POSITIVE_REGULATION_OF_PROTEIN_EXIT_FROM_ENDOPLASMIC_RETICULUM,NOT_QUALIFIED_EITHER,,,,,
GOBP_POSITIVE_REGULATION_OF_PROTEIN_EXPORT_FROM_NUCLEUS,NOT_QUALIFIED_EITHER,,,,,
GOBP_POSITIVE_REGULATION_OF_PROTEIN_IMPORT_INTO_NUCLEUS,NOT_QUALIFIED_EITHER,,,,,
GOBP_POSITIVE_REGULATION_OF_PROTEIN_LOCALIZATION,NOT_QUALIFIED_EITHER,,,,,
GOBP_POSITIVE_REGULATION_OF_PROTEIN_LOCALIZATION_TO_CELL_PERIPHERY,NOT_QUALIFIED_EITHER,,,,,
GOBP_POSITIVE_REGULATION_OF_PROTEIN_LOCALIZATION_TO_CELL_SURFACE,NOT_QUALIFIED_EITHER,,,,,
GOBP_POSITIVE_REGULATION_OF_PROTEIN_LOCALIZATION_TO_MEMBRANE,NOT_QUALIFIED_EITHER,,,,,
GOBP_POSITIVE_REGULATION_OF_PROTEIN_LOCALIZATION_TO_NUCLEUS,NOT_QUALIFIED_EITHER,,,,,
GOBP_POSITIVE_REGULATION_OF_PROTEIN_LOCALIZATION_TO_PLASMA_MEMBRANE,NOT_QUALIFIED_EITHER,,,,,
GOBP_POSITIVE_REGULATION_OF_PROTEIN_MATURATION,NOT_QUALIFIED_EITHER,,,,,
GOBP_POSITIVE_REGULATION_OF_PROTEIN_MODIFICATION_PROCESS,QUALIFIED_BOTH,100.0,86.0,80.0,106.0,0.7547169811320755
GOBP_POSITIVE_REGULATION_OF_PROTEIN_POLYMERIZATION,NOT_QUALIFIED_EITHER,,,,,
GOBP_POSITIVE_REGULATION_OF_PROTEIN_POLYUBIQUITINATION,NOT_QUALIFIED_EITHER,,,,,
GOBP_POSITIVE_REGULATION_OF_PROTEIN_SECRETION,NOT_QUALIFIED_EITHER,,,,,
GOBP_POSITIVE_REGULATION_OF_PROTEIN_SERINE_THREONINE_KINASE_ACTIVITY,NOT_QUALIFIED_EITHER,,,,,
GOBP_POSITIVE_REGULATION_OF_PROTEIN_TARGETING_TO_MEMBRANE,NOT_QUALIFIED_EITHER,,,,,
GOBP_POSITIVE_REGULATION_OF_PROTEIN_TRANSPORT,NOT_QUALIFIED_EITHER,,,,,
GOBP_POSITIVE_REGULATION_OF_PROTEIN_UBIQUITINATION,NOT_QUALIFIED_EITHER,,,,,
GOBP_POSITIVE_REGULATION_OF_PROTEOLYSIS,NOT_QUALIFIED_EITHER,,,,,
GOBP_POSITIVE_REGULATION_OF_PROTEOLYSIS_INVOLVED_IN_PROTEIN_CATABOLIC_PROCESS,NOT_QUALIFIED_EITHER,,,,,
GOBP_POSITIVE_REGULATION_OF_RAC_PROTEIN_SIGNAL_TRANSDUCTION,NOT_QUALIFIED_EITHER,,,,,
GOBP_POSITIVE_REGULATION_OF_RAS_PROTEIN_SIGNAL_TRANSDUCTION,NOT_QUALIFIED_EITHER,,,,,
GOBP_POSITIVE_REGULATION_OF_REACTIVE_OXYGEN_SPECIES_BIOSYNTHETIC_PROCESS,NOT_QUALIFIED_EITHER,,,,,
GOBP_POSITIVE_REGULATION_OF_REACTIVE_OXYGEN_SPECIES_METABOLIC_PROCESS,NOT_QUALIFIED_EITHER,,,,,
GOBP_POSITIVE_REGULATION_OF_RECEPTOR_INTERNALIZATION,NOT_QUALIFIED_EITHER,,,,,
GOBP_POSITIVE_REGULATION_OF_RECEPTOR_MEDIATED_ENDOCYTOSIS,NOT_QUALIFIED_EITHER,,,,,
GOBP_POSITIVE_REGULATION_OF_RECEPTOR_SIGNALING_PATHWAY_VIA_STAT,NOT_QUALIFIED_EITHER,,,,,
GOBP_POSITIVE_REGULATION_OF_REGULATED_SECRETORY_PATHWAY,NOT_QUALIFIED_EITHER,,,,,
GOBP_POSITIVE_REGULATION_OF_REGULATORY_T_CELL_DIFFERENTIATION,NOT_QUALIFIED_EITHER,,,,,
GOBP_POSITIVE_REGULATION_OF_RELEASE_OF_CYTOCHROME_C_FROM_MITOCHONDRIA,NOT_QUALIFIED_EITHER,,,,,
GOBP_POSITIVE_REGULATION_OF_RELEASE_OF_SEQUESTERED_CALCIUM_ION_INTO_CYTOSOL,NOT_QUALIFIED_EITHER,,,,,
GOBP_POSITIVE_REGULATION_OF_REPRODUCTIVE_PROCESS,NOT_QUALIFIED_EITHER,,,,,
GOBP_POSITIVE_REGULATION_OF_RESPONSE_TO_BIOTIC_STIMULUS,NOT_QUALIFIED_EITHER,,,,,
GOBP_POSITIVE_REGULATION_OF_RESPONSE_TO_CYTOKINE_STIMULUS,NOT_QUALIFIED_EITHER,,,,,
GOBP_POSITIVE_REGULATION_OF_RESPONSE_TO_ENDOPLASMIC_RETICULUM_STRESS,NOT_QUALIFIED_EITHER,,,,,
GOBP_POSITIVE_REGULATION_OF_RESPONSE_TO_TUMOR_CELL,NOT_QUALIFIED_EITHER,,,,,
GOBP_POSITIVE_REGULATION_OF_RESPONSE_TO_WOUNDING,NOT_QUALIFIED_EITHER,,,,,
GOBP_POSITIVE_REGULATION_OF_RHO_PROTEIN_SIGNAL_TRANSDUCTION,NOT_QUALIFIED_EITHER,,,,,
GOBP_POSITIVE_REGULATION_OF_RNA_SPLICING,NOT_QUALIFIED_EITHER,,,,,
GOBP_POSITIVE_REGULATION_OF_RUFFLE_ASSEMBLY,NOT_QUALIFIED_EITHER,,,,,
GOBP_POSITIVE_REGULATION_OF_SECRETION,NOT_QUALIFIED_EITHER,,,,,
GOBP_POSITIVE_REGULATION_OF_SIGNAL_TRANSDUCTION_BY_P53_CLASS_MEDIATOR,NOT_QUALIFIED_EITHER,,,,,
GOBP_POSITIVE_REGULATION_OF_SMAD_PROTEIN_SIGNAL_TRANSDUCTION,NOT_QUALIFIED_EITHER,,,,,
GOBP_POSITIVE_REGULATION_OF_SMALL_GTPASE_MEDIATED_SIGNAL_TRANSDUCTION,NOT_QUALIFIED_EITHER,,,,,
GOBP_POSITIVE_REGULATION_OF_SMALL_MOLECULE_METABOLIC_PROCESS,NOT_QUALIFIED_EITHER,,,,,
GOBP_POSITIVE_REGULATION_OF_SMOOTHENED_SIGNALING_PATHWAY,NOT_QUALIFIED_EITHER,,,,,
GOBP_POSITIVE_REGULATION_OF_SMOOTH_MUSCLE_CELL_MIGRATION,NOT_QUALIFIED_EITHER,,,,,
GOBP_POSITIVE_REGULATION_OF_SMOOTH_MUSCLE_CELL_PROLIFERATION,NOT_QUALIFIED_EITHER,,,,,
GOBP_POSITIVE_REGULATION_OF_SMOOTH_MUSCLE_CONTRACTION,NOT_QUALIFIED_EITHER,,,,,
GOBP_POSITIVE_REGULATION_OF_SODIUM_ION_TRANSPORT,NOT_QUALIFIED_EITHER,,,,,
GOBP_POSITIVE_REGULATION_OF_SPINDLE_CHECKPOINT,NOT_QUALIFIED_EITHER,,,,,
GOBP_POSITIVE_REGULATION_OF_SPROUTING_ANGIOGENESIS,NOT_QUALIFIED_EITHER,,,,,
GOBP_POSITIVE_REGULATION_OF_STEM_CELL_DIFFERENTIATION,NOT_QUALIFIED_EITHER,,,,,
GOBP_POSITIVE_REGULATION_OF_STEM_CELL_POPULATION_MAINTENANCE,NOT_QUALIFIED_EITHER,,,,,
GOBP_POSITIVE_REGULATION_OF_STEM_CELL_PROLIFERATION,NOT_QUALIFIED_EITHER,,,,,
GOBP_POSITIVE_REGULATION_OF_STEROID_BIOSYNTHETIC_PROCESS,NOT_QUALIFIED_EITHER,,,,,
GOBP_POSITIVE_REGULATION_OF_STEROID_METABOLIC_PROCESS,NOT_QUALIFIED_EITHER,,,,,
GOBP_POSITIVE_REGULATION_OF_STEROL_TRANSPORT,NOT_QUALIFIED_EITHER,,,,,
GOBP_POSITIVE_REGULATION_OF_STRESS_ACTIVATED_PROTEIN_KINASE_SIGNALING_CASCADE,NOT_QUALIFIED_EITHER,,,,,
GOBP_POSITIVE_REGULATION_OF_STRESS_FIBER_ASSEMBLY,NOT_QUALIFIED_EITHER,,,,,
GOBP_POSITIVE_REGULATION_OF_STRIATED_MUSCLE_CELL_DIFFERENTIATION,NOT_QUALIFIED_EITHER,,,,,
GOBP_POSITIVE_REGULATION_OF_SUBSTRATE_ADHESION_DEPENDENT_CELL_SPREADING,NOT_QUALIFIED_EITHER,,,,,
GOBP_POSITIVE_REGULATION_OF_SYNAPSE_ASSEMBLY,NOT_QUALIFIED_EITHER,,,,,
GOBP_POSITIVE_REGULATION_OF_SYNAPTIC_TRANSMISSION,NOT_QUALIFIED_EITHER,,,,,
GOBP_POSITIVE_REGULATION_OF_SYNAPTIC_TRANSMISSION_GLUTAMATERGIC,NOT_QUALIFIED_EITHER,,,,,
GOBP_POSITIVE_REGULATION_OF_TELOMERE_MAINTENANCE,NOT_QUALIFIED_EITHER,,,,,
GOBP_POSITIVE_REGULATION_OF_TELOMERE_MAINTENANCE_VIA_TELOMERE_LENGTHENING,NOT_QUALIFIED_EITHER,,,,,
GOBP_POSITIVE_REGULATION_OF_TORC1_SIGNALING,NOT_QUALIFIED_EITHER,,,,,
GOBP_POSITIVE_REGULATION_OF_TOR_SIGNALING,NOT_QUALIFIED_EITHER,,,,,
GOBP_POSITIVE_REGULATION_OF_TRANSCRIPTION_BY_RNA_POLYMERASE_I,NOT_QUALIFIED_EITHER,,,,,
GOBP_POSITIVE_REGULATION_OF_TRANSCRIPTION_BY_RNA_POLYMERASE_III,NOT_QUALIFIED_EITHER,,,,,
GOBP_POSITIVE_REGULATION_OF_TRANSFORMING_GROWTH_FACTOR_BETA_PRODUCTION,NOT_QUALIFIED_EITHER,,,,,
GOBP_POSITIVE_REGULATION_OF_TRANSLATION,NOT_QUALIFIED_EITHER,,,,,
GOBP_POSITIVE_REGULATION_OF_TRANSLATIONAL_INITIATION,QUALIFIED_BOTH,9.0,9.0,9.0,9.0,1.0
GOBP_POSITIVE_REGULATION_OF_TRANSMEMBRANE_RECEPTOR_PROTEIN_SERINE_THREONINE_KINASE_SIGNALING_PATHWAY,NOT_QUALIFIED_EITHER,,,,,
GOBP_POSITIVE_REGULATION_OF_TRANSMEMBRANE_TRANSPORT,NOT_QUALIFIED_EITHER,,,,,
GOBP_POSITIVE_REGULATION_OF_TRANSPORTER_ACTIVITY,NOT_QUALIFIED_EITHER,,,,,
GOBP_POSITIVE_REGULATION_OF_TRIGLYCERIDE_METABOLIC_PROCESS,NOT_QUALIFIED_EITHER,,,,,
GOBP_POSITIVE_REGULATION_OF_TUMOR_NECROSIS_FACTOR_MEDIATED_SIGNALING_PATHWAY,QUALIFIED_BOTH,7.0,7.0,7.0,7.0,1.0
GOBP_POSITIVE_REGULATION_OF_TUMOR_NECROSIS_FACTOR_SUPERFAMILY_CYTOKINE_PRODUCTION,NOT_QUALIFIED_EITHER,,,,,
GOBP_POSITIVE_REGULATION_OF_TYPE_II_INTERFERON_PRODUCTION,NOT_QUALIFIED_EITHER,,,,,
GOBP_POSITIVE_REGULATION_OF_TYPE_I_INTERFERON_MEDIATED_SIGNALING_PATHWAY,NOT_QUALIFIED_EITHER,,,,,
GOBP_POSITIVE_REGULATION_OF_TYPE_I_INTERFERON_PRODUCTION,NOT_QUALIFIED_EITHER,,,,,
GOBP_POSITIVE_REGULATION_OF_T_CELL_CYTOKINE_PRODUCTION,NOT_QUALIFIED_EITHER,,,,,
GOBP_POSITIVE_REGULATION_OF_T_CELL_MEDIATED_CYTOTOXICITY,NOT_QUALIFIED_EITHER,,,,,
GOBP_POSITIVE_REGULATION_OF_T_CELL_MEDIATED_IMMUNITY,NOT_QUALIFIED_EITHER,,,,,
GOBP_POSITIVE_REGULATION_OF_T_CELL_MIGRATION,NOT_QUALIFIED_EITHER,,,,,
GOBP_POSITIVE_REGULATION_OF_T_CELL_PROLIFERATION,NOT_QUALIFIED_EITHER,,,,,
GOBP_POSITIVE_REGULATION_OF_T_HELPER_17_TYPE_IMMUNE_RESPONSE,QUALIFIED_FIRST_ONLY,,,,,
GOBP_POSITIVE_REGULATION_OF_T_HELPER_CELL_DIFFERENTIATION,NOT_QUALIFIED_EITHER,,,,,
GOBP_POSITIVE_REGULATION_OF_UBIQUITIN_DEPENDENT_PROTEIN_CATABOLIC_PROCESS,NOT_QUALIFIED_EITHER,,,,,
GOBP_POSITIVE_REGULATION_OF_VACUOLE_ORGANIZATION,NOT_QUALIFIED_EITHER,,,,,
GOBP_POSITIVE_REGULATION_OF_VASCULAR_ASSOCIATED_SMOOTH_MUSCLE_CELL_PROLIFERATION,NOT_QUALIFIED_EITHER,,,,,
GOBP_POSITIVE_REGULATION_OF_VASCULAR_ENDOTHELIAL_CELL_PROLIFERATION,NOT_QUALIFIED_EITHER,,,,,
GOBP_POSITIVE_REGULATION_OF_VASCULAR_ENDOTHELIAL_GROWTH_FACTOR_PRODUCTION,QUALIFIED_BOTH,8.0,8.0,8.0,8.0,1.0
GOBP_POSITIVE_REGULATION_OF_VASCULAR_ENDOTHELIAL_GROWTH_FACTOR_SIGNALING_PATHWAY,NOT_QUALIFIED_EITHER,,,,,
GOBP_POSITIVE_REGULATION_OF_VASCULAR_PERMEABILITY,NOT_QUALIFIED_EITHER,,,,,
GOBP_POSITIVE_REGULATION_OF_VASCULATURE_DEVELOPMENT,QUALIFIED_BOTH,35.0,36.0,34.0,37.0,0.918918918918919
GOBP_POSITIVE_REGULATION_OF_VASOCONSTRICTION,NOT_QUALIFIED_EITHER,,,,,
GOBP_POSITIVE_REGULATION_OF_VESICLE_FUSION,QUALIFIED_SECOND_ONLY,,,,,
GOBP_POSITIVE_REGULATION_OF_VIRAL_GENOME_REPLICATION,NOT_QUALIFIED_EITHER,,,,,
GOBP_POSITIVE_REGULATION_OF_VIRAL_LIFE_CYCLE,NOT_QUALIFIED_EITHER,,,,,
GOBP_POSITIVE_REGULATION_OF_VIRAL_PROCESS,NOT_QUALIFIED_EITHER,,,,,
GOBP_POSITIVE_REGULATION_OF_WNT_SIGNALING_PATHWAY,NOT_QUALIFIED_EITHER,,,,,
GOBP_POSITIVE_T_CELL_SELECTION,NOT_QUALIFIED_EITHER,,,,,
GOBP_POSTSYNAPSE_ASSEMBLY,NOT_QUALIFIED_EITHER,,,,,
GOBP_POSTSYNAPSE_ORGANIZATION,NOT_QUALIFIED_EITHER,,,,,
GOBP_POSTSYNAPTIC_DENSITY_ASSEMBLY,NOT_QUALIFIED_EITHER,,,,,
GOBP_POSTSYNAPTIC_DENSITY_ORGANIZATION,NOT_QUALIFIED_EITHER,,,,,
GOBP_POSTSYNAPTIC_MEMBRANE_ORGANIZATION,NOT_QUALIFIED_EITHER,,,,,
GOBP_POSTSYNAPTIC_MODULATION_OF_CHEMICAL_SYNAPTIC_TRANSMISSION,NOT_QUALIFIED_EITHER,,,,,
GOBP_POSTSYNAPTIC_NEUROTRANSMITTER_RECEPTOR_INTERNALIZATION,NOT_QUALIFIED_EITHER,,,,,
GOBP_POSTSYNAPTIC_SIGNAL_TRANSDUCTION,NOT_QUALIFIED_EITHER,,,,,
GOBP_POSTSYNAPTIC_SPECIALIZATION_ASSEMBLY,NOT_QUALIFIED_EITHER,,,,,
GOBP_POSTSYNAPTIC_SPECIALIZATION_ORGANIZATION,NOT_QUALIFIED_EITHER,,,,,
GOBP_POST_ANAL_TAIL_MORPHOGENESIS,NOT_QUALIFIED_EITHER,,,,,
GOBP_POST_EMBRYONIC_DEVELOPMENT,NOT_QUALIFIED_EITHER,,,,,
GOBP_POST_GOLGI_VESICLE_MEDIATED_TRANSPORT,NOT_QUALIFIED_EITHER,,,,,
GOBP_POST_TRANSLATIONAL_PROTEIN_TARGETING_TO_ENDOPLASMIC_RETICULUM_MEMBRANE,NOT_QUALIFIED_EITHER,,,,,
GOBP_POTASSIUM_ION_EXPORT_ACROSS_PLASMA_MEMBRANE,NOT_QUALIFIED_EITHER,,,,,
GOBP_POTASSIUM_ION_HOMEOSTASIS,NOT_QUALIFIED_EITHER,,,,,
GOBP_POTASSIUM_ION_IMPORT_ACROSS_PLASMA_MEMBRANE,NOT_QUALIFIED_EITHER,,,,,
GOBP_POTASSIUM_ION_TRANSPORT,NOT_QUALIFIED_EITHER,,,,,
GOBP_PRESYNAPSE_ASSEMBLY,NOT_QUALIFIED_EITHER,,,,,
GOBP_PRESYNAPSE_ORGANIZATION,NOT_QUALIFIED_EITHER,,,,,
GOBP_PRESYNAPTIC_ENDOCYTOSIS,NOT_QUALIFIED_EITHER,,,,,
GOBP_PRESYNAPTIC_MODULATION_OF_CHEMICAL_SYNAPTIC_TRANSMISSION,NOT_QUALIFIED_EITHER,,,,,
GOBP_PRIMARY_ALCOHOL_METABOLIC_PROCESS,NOT_QUALIFIED_EITHER,,,,,
GOBP_PRIMARY_MIRNA_PROCESSING,NOT_QUALIFIED_EITHER,,,,,
GOBP_PRODUCTION_OF_MOLECULAR_MEDIATOR_INVOLVED_IN_INFLAMMATORY_RESPONSE,QUALIFIED_BOTH,17.0,19.0,17.0,19.0,0.8947368421052632
GOBP_PRODUCTION_OF_MOLECULAR_MEDIATOR_OF_IMMUNE_RESPONSE,NOT_QUALIFIED_EITHER,,,,,
GOBP_PROGRAMMED_CELL_DEATH_IN_RESPONSE_TO_REACTIVE_OXYGEN_SPECIES,NOT_QUALIFIED_EITHER,,,,,
GOBP_PROGRAMMED_NECROTIC_CELL_DEATH,NOT_QUALIFIED_EITHER,,,,,
GOBP_PROSTAGLANDIN_TRANSPORT,NOT_QUALIFIED_EITHER,,,,,
GOBP_PROSTANOID_BIOSYNTHETIC_PROCESS,NOT_QUALIFIED_EITHER,,,,,
GOBP_PROSTANOID_METABOLIC_PROCESS,NOT_QUALIFIED_EITHER,,,,,
GOBP_PROSTATE_GLAND_DEVELOPMENT,NOT_QUALIFIED_EITHER,,,,,
GOBP_PROSTATE_GLAND_MORPHOGENESIS,NOT_QUALIFIED_EITHER,,,,,
GOBP_PROTEASOMAL_UBIQUITIN_INDEPENDENT_PROTEIN_CATABOLIC_PROCESS,QUALIFIED_SECOND_ONLY,,,,,
GOBP_PROTEASOME_ASSEMBLY,NOT_QUALIFIED_EITHER,,,,,
GOBP_PROTEINOGENIC_AMINO_ACID_BIOSYNTHETIC_PROCESS,NOT_QUALIFIED_EITHER,,,,,
GOBP_PROTEIN_ACETYLATION,NOT_QUALIFIED_EITHER,,,,,
GOBP_PROTEIN_ACTIVATION_CASCADE,NOT_QUALIFIED_EITHER,,,,,
GOBP_PROTEIN_ACYLATION,NOT_QUALIFIED_EITHER,,,,,
GOBP_PROTEIN_AUTOPHOSPHORYLATION,NOT_QUALIFIED_EITHER,,,,,
GOBP_PROTEIN_AUTOPROCESSING,NOT_QUALIFIED_EITHER,,,,,
GOBP_PROTEIN_AUTOUBIQUITINATION,NOT_QUALIFIED_EITHER,,,,,
GOBP_PROTEIN_BRANCHED_POLYUBIQUITINATION,NOT_QUALIFIED_EITHER,,,,,
GOBP_PROTEIN_CATABOLIC_PROCESS_IN_THE_VACUOLE,NOT_QUALIFIED_EITHER,,,,,
GOBP_PROTEIN_COMPLEX_OLIGOMERIZATION,NOT_QUALIFIED_EITHER,,,,,
GOBP_PROTEIN_CONTAINING_COMPLEX_DISASSEMBLY,NOT_QUALIFIED_EITHER,,,,,
GOBP_PROTEIN_CONTAINING_COMPLEX_LOCALIZATION,NOT_QUALIFIED_EITHER,,,,,
GOBP_PROTEIN_CONTAINING_COMPLEX_REMODELING,NOT_QUALIFIED_EITHER,,,,,
GOBP_PROTEIN_DEACETYLATION,NOT_QUALIFIED_EITHER,,,,,
GOBP_PROTEIN_DEACYLATION,NOT_QUALIFIED_EITHER,,,,,
GOBP_PROTEIN_DEGLYCOSYLATION,NOT_QUALIFIED_EITHER,,,,,
GOBP_PROTEIN_DEMANNOSYLATION,NOT_QUALIFIED_EITHER,,,,,
GOBP_PROTEIN_DEPHOSPHORYLATION,NOT_QUALIFIED_EITHER,,,,,
GOBP_PROTEIN_DEPOLYMERIZATION,NOT_QUALIFIED_EITHER,,,,,
GOBP_PROTEIN_DESTABILIZATION,NOT_QUALIFIED_EITHER,,,,,
GOBP_PROTEIN_DNA_COMPLEX_DISASSEMBLY,NOT_QUALIFIED_EITHER,,,,,
GOBP_PROTEIN_DNA_COMPLEX_ORGANIZATION,NOT_QUALIFIED_EITHER,,,,,
GOBP_PROTEIN_EXIT_FROM_ENDOPLASMIC_RETICULUM,NOT_QUALIFIED_EITHER,,,,,
GOBP_PROTEIN_EXPORT_FROM_NUCLEUS,NOT_QUALIFIED_EITHER,,,,,
GOBP_PROTEIN_FOLDING,NOT_QUALIFIED_EITHER,,,,,
GOBP_PROTEIN_HETEROOLIGOMERIZATION,NOT_QUALIFIED_EITHER,,,,,
GOBP_PROTEIN_HETEROTETRAMERIZATION,NOT_QUALIFIED_EITHER,,,,,
GOBP_PROTEIN_HOMOOLIGOMERIZATION,NOT_QUALIFIED_EITHER,,,,,
GOBP_PROTEIN_HOMOTETRAMERIZATION,NOT_QUALIFIED_EITHER,,,,,
GOBP_PROTEIN_HYDROXYLATION,NOT_QUALIFIED_EITHER,,,,,
GOBP_PROTEIN_IMPORT_INTO_MITOCHONDRIAL_MATRIX,NOT_QUALIFIED_EITHER,,,,,
GOBP_PROTEIN_INSERTION_INTO_ER_MEMBRANE,NOT_QUALIFIED_EITHER,,,,,
GOBP_PROTEIN_INSERTION_INTO_MEMBRANE,NOT_QUALIFIED_EITHER,,,,,
GOBP_PROTEIN_INSERTION_INTO_MITOCHONDRIAL_INNER_MEMBRANE,NOT_QUALIFIED_EITHER,,,,,
GOBP_PROTEIN_K11_LINKED_UBIQUITINATION,NOT_QUALIFIED_EITHER,,,,,
GOBP_PROTEIN_K48_LINKED_DEUBIQUITINATION,NOT_QUALIFIED_EITHER,,,,,
GOBP_PROTEIN_K48_LINKED_UBIQUITINATION,NOT_QUALIFIED_EITHER,,,,,
GOBP_PROTEIN_K63_LINKED_DEUBIQUITINATION,NOT_QUALIFIED_EITHER,,,,,
GOBP_PROTEIN_K63_LINKED_UBIQUITINATION,NOT_QUALIFIED_EITHER,,,,,
GOBP_PROTEIN_K6_LINKED_UBIQUITINATION,NOT_QUALIFIED_EITHER,,,,,
GOBP_PROTEIN_LIPID_COMPLEX_ASSEMBLY,NOT_QUALIFIED_EITHER,,,,,
GOBP_PROTEIN_LIPID_COMPLEX_ORGANIZATION,NOT_QUALIFIED_EITHER,,,,,
GOBP_PROTEIN_LOCALIZATION_TO_CELL_CELL_JUNCTION,NOT_QUALIFIED_EITHER,,,,,
GOBP_PROTEIN_LOCALIZATION_TO_CELL_JUNCTION,NOT_QUALIFIED_EITHER,,,,,
GOBP_PROTEIN_LOCALIZATION_TO_CELL_PERIPHERY,NOT_QUALIFIED_EITHER,,,,,
GOBP_PROTEIN_LOCALIZATION_TO_CELL_SURFACE,NOT_QUALIFIED_EITHER,,,,,
GOBP_PROTEIN_LOCALIZATION_TO_CHROMATIN,NOT_QUALIFIED_EITHER,,,,,
GOBP_PROTEIN_LOCALIZATION_TO_CHROMOSOME,NOT_QUALIFIED_EITHER,,,,,
GOBP_PROTEIN_LOCALIZATION_TO_CHROMOSOME_CENTROMERIC_REGION,NOT_QUALIFIED_EITHER,,,,,
GOBP_PROTEIN_LOCALIZATION_TO_CHROMOSOME_TELOMERIC_REGION,NOT_QUALIFIED_EITHER,,,,,
GOBP_PROTEIN_LOCALIZATION_TO_CILIARY_TRANSITION_ZONE,NOT_QUALIFIED_EITHER,,,,,
GOBP_PROTEIN_LOCALIZATION_TO_CILIUM,NOT_QUALIFIED_EITHER,,,,,
GOBP_PROTEIN_LOCALIZATION_TO_CONDENSED_CHROMOSOME,NOT_QUALIFIED_EITHER,,,,,
GOBP_PROTEIN_LOCALIZATION_TO_CYTOSKELETON,NOT_QUALIFIED_EITHER,,,,,
GOBP_PROTEIN_LOCALIZATION_TO_ENDOPLASMIC_RETICULUM,NOT_QUALIFIED_EITHER,,,,,
GOBP_PROTEIN_LOCALIZATION_TO_ENDOSOME,QUALIFIED_BOTH,12.0,14.0,12.0,14.0,0.8571428571428571
GOBP_PROTEIN_LOCALIZATION_TO_EXTRACELLULAR_REGION,NOT_QUALIFIED_EITHER,,,,,
GOBP_PROTEIN_LOCALIZATION_TO_GOLGI_APPARATUS,NOT_QUALIFIED_EITHER,,,,,
GOBP_PROTEIN_LOCALIZATION_TO_LYSOSOME,NOT_QUALIFIED_EITHER,,,,,
GOBP_PROTEIN_LOCALIZATION_TO_MEMBRANE,NOT_QUALIFIED_EITHER,,,,,
GOBP_PROTEIN_LOCALIZATION_TO_MICROTUBULE,NOT_QUALIFIED_EITHER,,,,,
GOBP_PROTEIN_LOCALIZATION_TO_MICROTUBULE_ORGANIZING_CENTER,NOT_QUALIFIED_EITHER,,,,,
GOBP_PROTEIN_LOCALIZATION_TO_MITOCHONDRION,NOT_QUALIFIED_EITHER,,,,,
GOBP_PROTEIN_LOCALIZATION_TO_NUCLEOLUS,NOT_QUALIFIED_EITHER,,,,,
GOBP_PROTEIN_LOCALIZATION_TO_NUCLEUS,NOT_QUALIFIED_EITHER,,,,,
GOBP_PROTEIN_LOCALIZATION_TO_PHAGOPHORE_ASSEMBLY_SITE,NOT_QUALIFIED_EITHER,,,,,
GOBP_PROTEIN_LOCALIZATION_TO_PLASMA_MEMBRANE,NOT_QUALIFIED_EITHER,,,,,
GOBP_PROTEIN_LOCALIZATION_TO_POSTSYNAPSE,NOT_QUALIFIED_EITHER,,,,,
GOBP_PROTEIN_LOCALIZATION_TO_SITE_OF_DOUBLE_STRAND_BREAK,NOT_QUALIFIED_EITHER,,,,,
GOBP_PROTEIN_LOCALIZATION_TO_SYNAPSE,NOT_QUALIFIED_EITHER,,,,,
GOBP_PROTEIN_LOCALIZATION_TO_VACUOLE,NOT_QUALIFIED_EITHER,,,,,
GOBP_PROTEIN_METHYLATION,NOT_QUALIFIED_EITHER,,,,,
GOBP_PROTEIN_MODIFICATION_BY_SMALL_PROTEIN_REMOVAL,NOT_QUALIFIED_EITHER,,,,,
GOBP_PROTEIN_MONOUBIQUITINATION,NOT_QUALIFIED_EITHER,,,,,
GOBP_PROTEIN_NEDDYLATION,NOT_QUALIFIED_EITHER,,,,,
GOBP_PROTEIN_N_LINKED_GLYCOSYLATION,NOT_QUALIFIED_EITHER,,,,,
GOBP_PROTEIN_N_LINKED_GLYCOSYLATION_VIA_ASPARAGINE,NOT_QUALIFIED_EITHER,,,,,
GOBP_PROTEIN_O_LINKED_GLYCOSYLATION,NOT_QUALIFIED_EITHER,,,,,
GOBP_PROTEIN_O_LINKED_GLYCOSYLATION_VIA_MANNOSE,NOT_QUALIFIED_EITHER,,,,,
GOBP_PROTEIN_O_LINKED_GLYCOSYLATION_VIA_N_ACETYL_GALACTOSAMINE,NOT_QUALIFIED_EITHER,,,,,
GOBP_PROTEIN_O_LINKED_GLYCOSYLATION_VIA_XYLOSE,NOT_QUALIFIED_EITHER,,,,,
GOBP_PROTEIN_PALMITOYLATION,NOT_QUALIFIED_EITHER,,,,,
GOBP_PROTEIN_POLYMERIZATION,NOT_QUALIFIED_EITHER,,,,,
GOBP_PROTEIN_POLYUBIQUITINATION,NOT_QUALIFIED_EITHER,,,,,
GOBP_PROTEIN_PROCESSING,NOT_QUALIFIED_EITHER,,,,,
GOBP_PROTEIN_QUALITY_CONTROL_FOR_MISFOLDED_OR_INCOMPLETELY_SYNTHESIZED_PROTEINS,NOT_QUALIFIED_EITHER,,,,,
GOBP_PROTEIN_REFOLDING,QUALIFIED_BOTH,10.0,11.0,10.0,11.0,0.9090909090909091
GOBP_PROTEIN_RNA_COMPLEX_ORGANIZATION,NOT_QUALIFIED_EITHER,,,,,
GOBP_PROTEIN_STABILIZATION,NOT_QUALIFIED_EITHER,,,,,
GOBP_PROTEIN_SUMOYLATION,NOT_QUALIFIED_EITHER,,,,,
GOBP_PROTEIN_TARGETING,NOT_QUALIFIED_EITHER,,,,,
GOBP_PROTEIN_TARGETING_TO_LYSOSOME,NOT_QUALIFIED_EITHER,,,,,
GOBP_PROTEIN_TARGETING_TO_MEMBRANE,NOT_QUALIFIED_EITHER,,,,,
GOBP_PROTEIN_TARGETING_TO_MITOCHONDRION,NOT_QUALIFIED_EITHER,,,,,
GOBP_PROTEIN_TARGETING_TO_VACUOLE,NOT_QUALIFIED_EITHER,,,,,
GOBP_PROTEIN_TETRAMERIZATION,NOT_QUALIFIED_EITHER,,,,,
GOBP_PROTEIN_TRANSMEMBRANE_IMPORT_INTO_INTRACELLULAR_ORGANELLE,NOT_QUALIFIED_EITHER,,,,,
GOBP_PROTEIN_TRANSMEMBRANE_TRANSPORT,NOT_QUALIFIED_EITHER,,,,,
GOBP_PROTEIN_TRANSPORT_ALONG_MICROTUBULE,NOT_QUALIFIED_EITHER,,,,,
GOBP_PROTEIN_TRANSPORT_TO_VACUOLE_INVOLVED_IN_UBIQUITIN_DEPENDENT_PROTEIN_CATABOLIC_PROCESS_VIA_THE_MULTIVESICULAR_BODY_SORTING_PATHWAY,NOT_QUALIFIED_EITHER,,,,,
GOBP_PROTEIN_TRIMERIZATION,NOT_QUALIFIED_EITHER,,,,,
GOBP_PROTEOGLYCAN_BIOSYNTHETIC_PROCESS,NOT_QUALIFIED_EITHER,,,,,
GOBP_PROTEOGLYCAN_CATABOLIC_PROCESS,NOT_QUALIFIED_EITHER,,,,,
GOBP_PROTEOGLYCAN_METABOLIC_PROCESS,NOT_QUALIFIED_EITHER,,,,,
GOBP_PROTON_MOTIVE_FORCE_DRIVEN_ATP_SYNTHESIS,NOT_QUALIFIED_EITHER,,,,,
GOBP_PROTON_TRANSMEMBRANE_TRANSPORT,NOT_QUALIFIED_EITHER,,,,,
GOBP_PROXIMAL_DISTAL_PATTERN_FORMATION,NOT_QUALIFIED_EITHER,,,,,
GOBP_PSEUDOPODIUM_ORGANIZATION,NOT_QUALIFIED_EITHER,,,,,
GOBP_PSEUDOURIDINE_SYNTHESIS,NOT_QUALIFIED_EITHER,,,,,
GOBP_PTERIDINE_CONTAINING_COMPOUND_BIOSYNTHETIC_PROCESS,NOT_QUALIFIED_EITHER,,,,,
GOBP_PTERIDINE_CONTAINING_COMPOUND_METABOLIC_PROCESS,NOT_QUALIFIED_EITHER,,,,,
GOBP_PULMONARY_VALVE_DEVELOPMENT,NOT_QUALIFIED_EITHER,,,,,
GOBP_PULMONARY_VALVE_MORPHOGENESIS,QUALIFIED_FIRST_ONLY,,,,,
GOBP_PURINERGIC_NUCLEOTIDE_RECEPTOR_SIGNALING_PATHWAY,NOT_QUALIFIED_EITHER,,,,,
GOBP_PURINE_CONTAINING_COMPOUND_BIOSYNTHETIC_PROCESS,NOT_QUALIFIED_EITHER,,,,,
GOBP_PURINE_CONTAINING_COMPOUND_CATABOLIC_PROCESS,NOT_QUALIFIED_EITHER,,,,,
GOBP_PURINE_CONTAINING_COMPOUND_SALVAGE,NOT_QUALIFIED_EITHER,,,,,
GOBP_PURINE_CONTAINING_COMPOUND_TRANSMEMBRANE_TRANSPORT,NOT_QUALIFIED_EITHER,,,,,
GOBP_PURINE_DEOXYRIBONUCLEOTIDE_METABOLIC_PROCESS,NOT_QUALIFIED_EITHER,,,,,
GOBP_PURINE_NUCLEOBASE_METABOLIC_PROCESS,NOT_QUALIFIED_EITHER,,,,,
GOBP_PURINE_NUCLEOSIDE_METABOLIC_PROCESS,NOT_QUALIFIED_EITHER,,,,,
GOBP_PURINE_NUCLEOSIDE_MONOPHOSPHATE_BIOSYNTHETIC_PROCESS,NOT_QUALIFIED_EITHER,,,,,
GOBP_PURINE_NUCLEOSIDE_MONOPHOSPHATE_METABOLIC_PROCESS,NOT_QUALIFIED_EITHER,,,,,
GOBP_PURINE_NUCLEOTIDE_SALVAGE,NOT_QUALIFIED_EITHER,,,,,
GOBP_PURINE_NUCLEOTIDE_TRANSPORT,NOT_QUALIFIED_EITHER,,,,,
GOBP_PYRIDINE_CONTAINING_COMPOUND_BIOSYNTHETIC_PROCESS,NOT_QUALIFIED_EITHER,,,,,
GOBP_PYRIDINE_CONTAINING_COMPOUND_CATABOLIC_PROCESS,NOT_QUALIFIED_EITHER,,,,,
GOBP_PYRIDINE_CONTAINING_COMPOUND_METABOLIC_PROCESS,NOT_QUALIFIED_EITHER,,,,,
GOBP_PYRIMIDINE_CONTAINING_COMPOUND_BIOSYNTHETIC_PROCESS,NOT_QUALIFIED_EITHER,,,,,
GOBP_PYRIMIDINE_CONTAINING_COMPOUND_CATABOLIC_PROCESS,NOT_QUALIFIED_EITHER,,,,,
GOBP_PYRIMIDINE_CONTAINING_COMPOUND_METABOLIC_PROCESS,NOT_QUALIFIED_EITHER,,,,,
GOBP_PYRIMIDINE_DEOXYRIBONUCLEOTIDE_METABOLIC_PROCESS,NOT_QUALIFIED_EITHER,,,,,
GOBP_PYRIMIDINE_NUCLEOBASE_METABOLIC_PROCESS,NOT_QUALIFIED_EITHER,,,,,
GOBP_PYRIMIDINE_NUCLEOSIDE_MONOPHOSPHATE_BIOSYNTHETIC_PROCESS,NOT_QUALIFIED_EITHER,,,,,
GOBP_PYRIMIDINE_NUCLEOSIDE_MONOPHOSPHATE_METABOLIC_PROCESS,NOT_QUALIFIED_EITHER,,,,,
GOBP_PYRIMIDINE_NUCLEOSIDE_TRIPHOSPHATE_BIOSYNTHETIC_PROCESS,NOT_QUALIFIED_EITHER,,,,,
GOBP_PYRIMIDINE_NUCLEOSIDE_TRIPHOSPHATE_METABOLIC_PROCESS,NOT_QUALIFIED_EITHER,,,,,
GOBP_PYRIMIDINE_NUCLEOTIDE_BIOSYNTHETIC_PROCESS,NOT_QUALIFIED_EITHER,,,,,
GOBP_PYRIMIDINE_NUCLEOTIDE_CATABOLIC_PROCESS,NOT_QUALIFIED_EITHER,,,,,
GOBP_PYRIMIDINE_NUCLEOTIDE_METABOLIC_PROCESS,NOT_QUALIFIED_EITHER,,,,,
GOBP_PYRIMIDINE_RIBONUCLEOSIDE_TRIPHOSPHATE_METABOLIC_PROCESS,NOT_QUALIFIED_EITHER,,,,,
GOBP_PYRIMIDINE_RIBONUCLEOTIDE_BIOSYNTHETIC_PROCESS,NOT_QUALIFIED_EITHER,,,,,
GOBP_PYRIMIDINE_RIBONUCLEOTIDE_METABOLIC_PROCESS,NOT_QUALIFIED_EITHER,,,,,
GOBP_PYROPTOTIC_INFLAMMATORY_RESPONSE,NOT_QUALIFIED_EITHER,,,,,
GOBP_PYRUVATE_DECARBOXYLATION_TO_ACETYL_COA,NOT_QUALIFIED_EITHER,,,,,
GOBP_PYRUVATE_METABOLIC_PROCESS,NOT_QUALIFIED_EITHER,,,,,
GOBP_P_BODY_ASSEMBLY,QUALIFIED_FIRST_ONLY,,,,,
GOBP_QUINONE_BIOSYNTHETIC_PROCESS,NOT_QUALIFIED_EITHER,,,,,
GOBP_QUINONE_METABOLIC_PROCESS,NOT_QUALIFIED_EITHER,,,,,
GOBP_RAB_PROTEIN_SIGNAL_TRANSDUCTION,NOT_QUALIFIED_EITHER,,,,,
GOBP_RAC_PROTEIN_SIGNAL_TRANSDUCTION,NOT_QUALIFIED_EITHER,,,,,
GOBP_RAP_PROTEIN_SIGNAL_TRANSDUCTION,NOT_QUALIFIED_EITHER,,,,,
GOBP_RAS_PROTEIN_SIGNAL_TRANSDUCTION,NOT_QUALIFIED_EITHER,,,,,
GOBP_REACTIVE_NITROGEN_SPECIES_METABOLIC_PROCESS,NOT_QUALIFIED_EITHER,,,,,
GOBP_REACTIVE_OXYGEN_SPECIES_BIOSYNTHETIC_PROCESS,NOT_QUALIFIED_EITHER,,,,,
GOBP_REACTIVE_OXYGEN_SPECIES_METABOLIC_PROCESS,NOT_QUALIFIED_EITHER,,,,,
GOBP_RECEPTOR_CATABOLIC_PROCESS,NOT_QUALIFIED_EITHER,,,,,
GOBP_RECEPTOR_CLUSTERING,NOT_QUALIFIED_EITHER,,,,,
GOBP_RECEPTOR_INTERNALIZATION,NOT_QUALIFIED_EITHER,,,,,
GOBP_RECEPTOR_LOCALIZATION_TO_SYNAPSE,NOT_QUALIFIED_EITHER,,,,,
GOBP_RECEPTOR_MEDIATED_ENDOCYTOSIS,NOT_QUALIFIED_EITHER,,,,,
GOBP_RECEPTOR_METABOLIC_PROCESS,NOT_QUALIFIED_EITHER,,,,,
GOBP_RECEPTOR_RECYCLING,NOT_QUALIFIED_EITHER,,,,,
GOBP_RECOMBINATIONAL_REPAIR,NOT_QUALIFIED_EITHER,,,,,
GOBP_REGENERATION,NOT_QUALIFIED_EITHER,,,,,
GOBP_REGULATED_EXOCYTOSIS,NOT_QUALIFIED_EITHER,,,,,
GOBP_REGULATION_OF_ACTIN_FILAMENT_BASED_MOVEMENT,NOT_QUALIFIED_EITHER,,,,,
GOBP_REGULATION_OF_ACTIN_FILAMENT_BASED_PROCESS,NOT_QUALIFIED_EITHER,,,,,
GOBP_REGULATION_OF_ACTIN_FILAMENT_BUNDLE_ASSEMBLY,NOT_QUALIFIED_EITHER,,,,,
GOBP_REGULATION_OF_ACTIN_FILAMENT_LENGTH,NOT_QUALIFIED_EITHER,,,,,
GOBP_REGULATION_OF_ACTIN_FILAMENT_ORGANIZATION,NOT_QUALIFIED_EITHER,,,,,
GOBP_REGULATION_OF_ACTIN_FILAMENT_POLYMERIZATION,NOT_QUALIFIED_EITHER,,,,,
GOBP_REGULATION_OF_ACTIN_NUCLEATION,NOT_QUALIFIED_EITHER,,,,,
GOBP_REGULATION_OF_ACTION_POTENTIAL,NOT_QUALIFIED_EITHER,,,,,
GOBP_REGULATION_OF_ACTIVIN_RECEPTOR_SIGNALING_PATHWAY,NOT_QUALIFIED_EITHER,,,,,
GOBP_REGULATION_OF_ACTOMYOSIN_STRUCTURE_ORGANIZATION,NOT_QUALIFIED_EITHER,,,,,
GOBP_REGULATION_OF_ACUTE_INFLAMMATORY_RESPONSE,NOT_QUALIFIED_EITHER,,,,,
GOBP_REGULATION_OF_ADAPTIVE_IMMUNE_RESPONSE,NOT_QUALIFIED_EITHER,,,,,
GOBP_REGULATION_OF_ADENYLATE_CYCLASE_ACTIVATING_G_PROTEIN_COUPLED_RECEPTOR_SIGNALING_PATHWAY,NOT_QUALIFIED_EITHER,,,,,
GOBP_REGULATION_OF_ADENYLATE_CYCLASE_ACTIVITY,NOT_QUALIFIED_EITHER,,,,,
GOBP_REGULATION_OF_ADIPOSE_TISSUE_DEVELOPMENT,NOT_QUALIFIED_EITHER,,,,,
GOBP_REGULATION_OF_AEROBIC_RESPIRATION,NOT_QUALIFIED_EITHER,,,,,
GOBP_REGULATION_OF_ALCOHOL_BIOSYNTHETIC_PROCESS,NOT_QUALIFIED_EITHER,,,,,
GOBP_REGULATION_OF_ALPHA_BETA_T_CELL_ACTIVATION,NOT_QUALIFIED_EITHER,,,,,
GOBP_REGULATION_OF_ALPHA_BETA_T_CELL_DIFFERENTIATION,NOT_QUALIFIED_EITHER,,,,,
GOBP_REGULATION_OF_ALTERNATIVE_MRNA_SPLICING_VIA_SPLICEOSOME,QUALIFIED_BOTH,33.0,34.0,27.0,40.0,0.675
GOBP_REGULATION_OF_AMIDE_METABOLIC_PROCESS,NOT_QUALIFIED_EITHER,,,,,
GOBP_REGULATION_OF_AMINE_METABOLIC_PROCESS,NOT_QUALIFIED_EITHER,,,,,
GOBP_REGULATION_OF_AMINO_ACID_TRANSPORT,NOT_QUALIFIED_EITHER,,,,,
GOBP_REGULATION_OF_AMPA_RECEPTOR_ACTIVITY,NOT_QUALIFIED_EITHER,,,,,
GOBP_REGULATION_OF_AMYLOID_FIBRIL_FORMATION,NOT_QUALIFIED_EITHER,,,,,
GOBP_REGULATION_OF_AMYLOID_PRECURSOR_PROTEIN_CATABOLIC_PROCESS,NOT_QUALIFIED_EITHER,,,,,
GOBP_REGULATION_OF_ANATOMICAL_STRUCTURE_SIZE,NOT_QUALIFIED_EITHER,,,,,
GOBP_REGULATION_OF_ANDROGEN_RECEPTOR_SIGNALING_PATHWAY,NOT_QUALIFIED_EITHER,,,,,
GOBP_REGULATION_OF_ANIMAL_ORGAN_FORMATION,NOT_QUALIFIED_EITHER,,,,,
GOBP_REGULATION_OF_ANIMAL_ORGAN_MORPHOGENESIS,QUALIFIED_BOTH,23.0,25.0,23.0,25.0,0.92
GOBP_REGULATION_OF_ANOIKIS,NOT_QUALIFIED_EITHER,,,,,
GOBP_REGULATION_OF_ANTIGEN_RECEPTOR_MEDIATED_SIGNALING_PATHWAY,NOT_QUALIFIED_EITHER,,,,,
GOBP_REGULATION_OF_APOPTOTIC_SIGNALING_PATHWAY,NOT_QUALIFIED_EITHER,,,,,
GOBP_REGULATION_OF_APPETITE,NOT_QUALIFIED_EITHER,,,,,
GOBP_REGULATION_OF_ARP2_3_COMPLEX_MEDIATED_ACTIN_NUCLEATION,NOT_QUALIFIED_EITHER,,,,,
GOBP_REGULATION_OF_ASTROCYTE_DIFFERENTIATION,QUALIFIED_BOTH,10.0,11.0,10.0,11.0,0.9090909090909091
GOBP_REGULATION_OF_ATP_BIOSYNTHETIC_PROCESS,NOT_QUALIFIED_EITHER,,,,,
GOBP_REGULATION_OF_ATP_DEPENDENT_ACTIVITY,NOT_QUALIFIED_EITHER,,,,,
GOBP_REGULATION_OF_ATTACHMENT_OF_SPINDLE_MICROTUBULES_TO_KINETOCHORE,NOT_QUALIFIED_EITHER,,,,,
GOBP_REGULATION_OF_AUTOPHAGOSOME_ASSEMBLY,NOT_QUALIFIED_EITHER,,,,,
GOBP_REGULATION_OF_AUTOPHAGOSOME_MATURATION,QUALIFIED_BOTH,8.0,10.0,8.0,10.0,0.8
GOBP_REGULATION_OF_AUTOPHAGY,NOT_QUALIFIED_EITHER,,,,,
GOBP_REGULATION_OF_AUTOPHAGY_OF_MITOCHONDRION,NOT_QUALIFIED_EITHER,,,,,
GOBP_REGULATION_OF_AXONOGENESIS,NOT_QUALIFIED_EITHER,,,,,
GOBP_REGULATION_OF_AXON_EXTENSION,NOT_QUALIFIED_EITHER,,,,,
GOBP_REGULATION_OF_AXON_EXTENSION_INVOLVED_IN_AXON_GUIDANCE,NOT_QUALIFIED_EITHER,,,,,
GOBP_REGULATION_OF_BEHAVIOR,NOT_QUALIFIED_EITHER,,,,,
GOBP_REGULATION_OF_BICELLULAR_TIGHT_JUNCTION_ASSEMBLY,NOT_QUALIFIED_EITHER,,,,,
GOBP_REGULATION_OF_BINDING,NOT_QUALIFIED_EITHER,,,,,
GOBP_REGULATION_OF_BIOLOGICAL_PROCESS_INVOLVED_IN_SYMBIOTIC_INTERACTION,NOT_QUALIFIED_EITHER,,,,,
GOBP_REGULATION_OF_BIOMINERAL_TISSUE_DEVELOPMENT,QUALIFIED_BOTH,25.0,21.0,21.0,25.0,0.84
GOBP_REGULATION_OF_BLOOD_CIRCULATION,NOT_QUALIFIED_EITHER,,,,,
GOBP_REGULATION_OF_BLOOD_PRESSURE,NOT_QUALIFIED_EITHER,,,,,
GOBP_REGULATION_OF_BMP_SIGNALING_PATHWAY,NOT_QUALIFIED_EITHER,,,,,
GOBP_REGULATION_OF_BODY_FLUID_LEVELS,NOT_QUALIFIED_EITHER,,,,,
GOBP_REGULATION_OF_BONE_MINERALIZATION,QUALIFIED_BOTH,17.0,18.0,17.0,18.0,0.9444444444444444
GOBP_REGULATION_OF_BONE_REMODELING,NOT_QUALIFIED_EITHER,,,,,
GOBP_REGULATION_OF_BRANCHING_INVOLVED_IN_URETERIC_BUD_MORPHOGENESIS,QUALIFIED_BOTH,10.0,10.0,10.0,10.0,1.0
GOBP_REGULATION_OF_BROWN_FAT_CELL_DIFFERENTIATION,NOT_QUALIFIED_EITHER,,,,,
GOBP_REGULATION_OF_B_CELL_ACTIVATION,NOT_QUALIFIED_EITHER,,,,,
GOBP_REGULATION_OF_B_CELL_APOPTOTIC_PROCESS,NOT_QUALIFIED_EITHER,,,,,
GOBP_REGULATION_OF_B_CELL_DIFFERENTIATION,NOT_QUALIFIED_EITHER,,,,,
GOBP_REGULATION_OF_B_CELL_MEDIATED_IMMUNITY,NOT_QUALIFIED_EITHER,,,,,
GOBP_REGULATION_OF_B_CELL_PROLIFERATION,NOT_QUALIFIED_EITHER,,,,,
GOBP_REGULATION_OF_CALCINEURIN_MEDIATED_SIGNALING,NOT_QUALIFIED_EITHER,,,,,
GOBP_REGULATION_OF_CALCIUM_ION_DEPENDENT_EXOCYTOSIS,NOT_QUALIFIED_EITHER,,,,,
GOBP_REGULATION_OF_CALCIUM_ION_IMPORT,QUALIFIED_FIRST_ONLY,,,,,
GOBP_REGULATION_OF_CALCIUM_ION_TRANSMEMBRANE_TRANSPORT,NOT_QUALIFIED_EITHER,,,,,
GOBP_REGULATION_OF_CALCIUM_ION_TRANSPORT,NOT_QUALIFIED_EITHER,,,,,
GOBP_REGULATION_OF_CALCIUM_MEDIATED_SIGNALING,NOT_QUALIFIED_EITHER,,,,,
GOBP_REGULATION_OF_CAMP_PKA_SIGNAL_TRANSDUCTION,NOT_QUALIFIED_EITHER,,,,,
GOBP_REGULATION_OF_CANONICAL_WNT_SIGNALING_PATHWAY,NOT_QUALIFIED_EITHER,,,,,
GOBP_REGULATION_OF_CARBOHYDRATE_BIOSYNTHETIC_PROCESS,NOT_QUALIFIED_EITHER,,,,,
GOBP_REGULATION_OF_CARBOHYDRATE_CATABOLIC_PROCESS,NOT_QUALIFIED_EITHER,,,,,
GOBP_REGULATION_OF_CARBOHYDRATE_METABOLIC_PROCESS,NOT_QUALIFIED_EITHER,,,,,
GOBP_REGULATION_OF_CARDIAC_CONDUCTION,NOT_QUALIFIED_EITHER,,,,,
GOBP_REGULATION_OF_CARDIAC_MUSCLE_CELL_ACTION_POTENTIAL,NOT_QUALIFIED_EITHER,,,,,
GOBP_REGULATION_OF_CARDIAC_MUSCLE_CELL_DIFFERENTIATION,NOT_QUALIFIED_EITHER,,,,,
GOBP_REGULATION_OF_CARDIAC_MUSCLE_CELL_MEMBRANE_REPOLARIZATION,NOT_QUALIFIED_EITHER,,,,,
GOBP_REGULATION_OF_CARDIAC_MUSCLE_CELL_PROLIFERATION,NOT_QUALIFIED_EITHER,,,,,
GOBP_REGULATION_OF_CARDIAC_MUSCLE_CONTRACTION,NOT_QUALIFIED_EITHER,,,,,
GOBP_REGULATION_OF_CARDIAC_MUSCLE_CONTRACTION_BY_CALCIUM_ION_SIGNALING,NOT_QUALIFIED_EITHER,,,,,
GOBP_REGULATION_OF_CARDIAC_MUSCLE_CONTRACTION_BY_REGULATION_OF_THE_RELEASE_OF_SEQUESTERED_CALCIUM_ION,NOT_QUALIFIED_EITHER,,,,,
GOBP_REGULATION_OF_CARDIOCYTE_DIFFERENTIATION,NOT_QUALIFIED_EITHER,,,,,
GOBP_REGULATION_OF_CARTILAGE_DEVELOPMENT,NOT_QUALIFIED_EITHER,,,,,
GOBP_REGULATION_OF_CATALYTIC_ACTIVITY,NOT_QUALIFIED_EITHER,,,,,
GOBP_REGULATION_OF_CATECHOLAMINE_METABOLIC_PROCESS,NOT_QUALIFIED_EITHER,,,,,
GOBP_REGULATION_OF_CD4_POSITIVE_ALPHA_BETA_T_CELL_ACTIVATION,NOT_QUALIFIED_EITHER,,,,,
GOBP_REGULATION_OF_CD4_POSITIVE_ALPHA_BETA_T_CELL_DIFFERENTIATION,NOT_QUALIFIED_EITHER,,,,,
GOBP_REGULATION_OF_CD8_POSITIVE_ALPHA_BETA_T_CELL_ACTIVATION,NOT_QUALIFIED_EITHER,,,,,
GOBP_REGULATION_OF_CELLULAR_COMPONENT_SIZE,NOT_QUALIFIED_EITHER,,,,,
GOBP_REGULATION_OF_CELLULAR_EXTRAVASATION,QUALIFIED_BOTH,7.0,7.0,7.0,7.0,1.0
GOBP_REGULATION_OF_CELLULAR_LOCALIZATION,NOT_QUALIFIED_EITHER,,,,,
GOBP_REGULATION_OF_CELLULAR_RESPIRATION,NOT_QUALIFIED_EITHER,,,,,
GOBP_REGULATION_OF_CELLULAR_RESPONSE_TO_GROWTH_FACTOR_STIMULUS,NOT_QUALIFIED_EITHER,,,,,
GOBP_REGULATION_OF_CELLULAR_RESPONSE_TO_HEAT,NOT_QUALIFIED_EITHER,,,,,
GOBP_REGULATION_OF_CELLULAR_RESPONSE_TO_HYPOXIA,QUALIFIED_BOTH,7.0,9.0,7.0,9.0,0.7777777777777778
GOBP_REGULATION_OF_CELLULAR_RESPONSE_TO_INSULIN_STIMULUS,NOT_QUALIFIED_EITHER,,,,,
GOBP_REGULATION_OF_CELLULAR_RESPONSE_TO_OXIDATIVE_STRESS,NOT_QUALIFIED_EITHER,,,,,
GOBP_REGULATION_OF_CELLULAR_RESPONSE_TO_TRANSFORMING_GROWTH_FACTOR_BETA_STIMULUS,NOT_QUALIFIED_EITHER,,,,,
GOBP_REGULATION_OF_CELLULAR_RESPONSE_TO_VASCULAR_ENDOTHELIAL_GROWTH_FACTOR_STIMULUS,NOT_QUALIFIED_EITHER,,,,,
GOBP_REGULATION_OF_CELLULAR_SENESCENCE,NOT_QUALIFIED_EITHER,,,,,
GOBP_REGULATION_OF_CELL_ADHESION_MEDIATED_BY_INTEGRIN,NOT_QUALIFIED_EITHER,,,,,
GOBP_REGULATION_OF_CELL_CELL_ADHESION,NOT_QUALIFIED_EITHER,,,,,
GOBP_REGULATION_OF_CELL_CELL_ADHESION_MEDIATED_BY_CADHERIN,NOT_QUALIFIED_EITHER,,,,,
GOBP_REGULATION_OF_CELL_CYCLE_CHECKPOINT,NOT_QUALIFIED_EITHER,,,,,
GOBP_REGULATION_OF_CELL_CYCLE_G1_S_PHASE_TRANSITION,NOT_QUALIFIED_EITHER,,,,,
GOBP_REGULATION_OF_CELL_CYCLE_G2_M_PHASE_TRANSITION,NOT_QUALIFIED_EITHER,,,,,
GOBP_REGULATION_OF_CELL_CYCLE_PHASE_TRANSITION,NOT_QUALIFIED_EITHER,,,,,
GOBP_REGULATION_OF_CELL_DIVISION,NOT_QUALIFIED_EITHER,,,,,
GOBP_REGULATION_OF_CELL_FATE_COMMITMENT,NOT_QUALIFIED_EITHER,,,,,
GOBP_REGULATION_OF_CELL_FATE_SPECIFICATION,NOT_QUALIFIED_EITHER,,,,,
GOBP_REGULATION_OF_CELL_GROWTH,NOT_QUALIFIED_EITHER,,,,,
GOBP_REGULATION_OF_CELL_GROWTH_INVOLVED_IN_CARDIAC_MUSCLE_CELL_DEVELOPMENT,QUALIFIED_BOTH,7.0,7.0,7.0,7.0,1.0
GOBP_REGULATION_OF_CELL_JUNCTION_ASSEMBLY,NOT_QUALIFIED_EITHER,,,,,
GOBP_REGULATION_OF_CELL_KILLING,NOT_QUALIFIED_EITHER,,,,,
GOBP_REGULATION_OF_CELL_MATRIX_ADHESION,NOT_QUALIFIED_EITHER,,,,,
GOBP_REGULATION_OF_CELL_MATURATION,NOT_QUALIFIED_EITHER,,,,,
GOBP_REGULATION_OF_CELL_MIGRATION_INVOLVED_IN_SPROUTING_ANGIOGENESIS,QUALIFIED_BOTH,14.0,13.0,12.0,15.0,0.8
GOBP_REGULATION_OF_CELL_MORPHOGENESIS,NOT_QUALIFIED_EITHER,,,,,
GOBP_REGULATION_OF_CELL_PROJECTION_ASSEMBLY,NOT_QUALIFIED_EITHER,,,,,
GOBP_REGULATION_OF_CELL_SHAPE,NOT_QUALIFIED_EITHER,,,,,
GOBP_REGULATION_OF_CELL_SIZE,NOT_QUALIFIED_EITHER,,,,,
GOBP_REGULATION_OF_CELL_SUBSTRATE_ADHESION,NOT_QUALIFIED_EITHER,,,,,
GOBP_REGULATION_OF_CELL_SUBSTRATE_JUNCTION_ORGANIZATION,NOT_QUALIFIED_EITHER,,,,,
GOBP_REGULATION_OF_CENTRIOLE_REPLICATION,NOT_QUALIFIED_EITHER,,,,,
GOBP_REGULATION_OF_CENTROSOME_CYCLE,NOT_QUALIFIED_EITHER,,,,,
GOBP_REGULATION_OF_CHEMOTAXIS,NOT_QUALIFIED_EITHER,,,,,
GOBP_REGULATION_OF_CHOLESTEROL_BIOSYNTHETIC_PROCESS,NOT_QUALIFIED_EITHER,,,,,
GOBP_REGULATION_OF_CHOLESTEROL_EFFLUX,QUALIFIED_BOTH,9.0,7.0,7.0,9.0,0.7777777777777778
GOBP_REGULATION_OF_CHOLESTEROL_METABOLIC_PROCESS,NOT_QUALIFIED_EITHER,,,,,
GOBP_REGULATION_OF_CHONDROCYTE_DIFFERENTIATION,NOT_QUALIFIED_EITHER,,,,,
GOBP_REGULATION_OF_CHROMATIN_ORGANIZATION,NOT_QUALIFIED_EITHER,,,,,
GOBP_REGULATION_OF_CHROMOSOME_CONDENSATION,NOT_QUALIFIED_EITHER,,,,,
GOBP_REGULATION_OF_CHROMOSOME_ORGANIZATION,NOT_QUALIFIED_EITHER,,,,,
GOBP_REGULATION_OF_CHROMOSOME_SEGREGATION,NOT_QUALIFIED_EITHER,,,,,
GOBP_REGULATION_OF_CILIUM_ASSEMBLY,NOT_QUALIFIED_EITHER,,,,,
GOBP_REGULATION_OF_CILIUM_BEAT_FREQUENCY,NOT_QUALIFIED_EITHER,,,,,
GOBP_REGULATION_OF_CILIUM_DEPENDENT_CELL_MOTILITY,NOT_QUALIFIED_EITHER,,,,,
GOBP_REGULATION_OF_CILIUM_MOVEMENT,NOT_QUALIFIED_EITHER,,,,,
GOBP_REGULATION_OF_CIRCADIAN_RHYTHM,NOT_QUALIFIED_EITHER,,,,,
GOBP_REGULATION_OF_CLATHRIN_DEPENDENT_ENDOCYTOSIS,NOT_QUALIFIED_EITHER,,,,,
GOBP_REGULATION_OF_COAGULATION,NOT_QUALIFIED_EITHER,,,,,
GOBP_REGULATION_OF_COLLAGEN_METABOLIC_PROCESS,NOT_QUALIFIED_EITHER,,,,,
GOBP_REGULATION_OF_COLLATERAL_SPROUTING,NOT_QUALIFIED_EITHER,,,,,
GOBP_REGULATION_OF_CYCLIN_DEPENDENT_PROTEIN_SERINE_THREONINE_KINASE_ACTIVITY,NOT_QUALIFIED_EITHER,,,,,
GOBP_REGULATION_OF_CYTOKINESIS,NOT_QUALIFIED_EITHER,,,,,
GOBP_REGULATION_OF_CYTOPLASMIC_PATTERN_RECOGNITION_RECEPTOR_SIGNALING_PATHWAY,NOT_QUALIFIED_EITHER,,,,,
GOBP_REGULATION_OF_CYTOPLASMIC_TRANSLATION,NOT_QUALIFIED_EITHER,,,,,
GOBP_REGULATION_OF_CYTOSOLIC_CALCIUM_ION_CONCENTRATION,NOT_QUALIFIED_EITHER,,,,,
GOBP_REGULATION_OF_DEFENSE_RESPONSE_TO_VIRUS,NOT_QUALIFIED_EITHER,,,,,
GOBP_REGULATION_OF_DEFENSE_RESPONSE_TO_VIRUS_BY_HOST,NOT_QUALIFIED_EITHER,,,,,
GOBP_REGULATION_OF_DENDRITE_DEVELOPMENT,NOT_QUALIFIED_EITHER,,,,,
GOBP_REGULATION_OF_DENDRITE_EXTENSION,NOT_QUALIFIED_EITHER,,,,,
GOBP_REGULATION_OF_DENDRITE_MORPHOGENESIS,NOT_QUALIFIED_EITHER,,,,,
GOBP_REGULATION_OF_DENDRITIC_CELL_DIFFERENTIATION,NOT_QUALIFIED_EITHER,,,,,
GOBP_REGULATION_OF_DENDRITIC_SPINE_DEVELOPMENT,NOT_QUALIFIED_EITHER,,,,,
GOBP_REGULATION_OF_DENDRITIC_SPINE_MORPHOGENESIS,NOT_QUALIFIED_EITHER,,,,,
GOBP_REGULATION_OF_DEPHOSPHORYLATION,NOT_QUALIFIED_EITHER,,,,,
GOBP_REGULATION_OF_DEVELOPMENTAL_GROWTH,NOT_QUALIFIED_EITHER,,,,,
GOBP_REGULATION_OF_DIGESTIVE_SYSTEM_PROCESS,NOT_QUALIFIED_EITHER,,,,,
GOBP_REGULATION_OF_DNA_BINDING,NOT_QUALIFIED_EITHER,,,,,
GOBP_REGULATION_OF_DNA_BINDING_TRANSCRIPTION_FACTOR_ACTIVITY,NOT_QUALIFIED_EITHER,,,,,
GOBP_REGULATION_OF_DNA_BIOSYNTHETIC_PROCESS,NOT_QUALIFIED_EITHER,,,,,
GOBP_REGULATION_OF_DNA_DAMAGE_CHECKPOINT,NOT_QUALIFIED_EITHER,,,,,
GOBP_REGULATION_OF_DNA_DAMAGE_RESPONSE_SIGNAL_TRANSDUCTION_BY_P53_CLASS_MEDIATOR,NOT_QUALIFIED_EITHER,,,,,
GOBP_REGULATION_OF_DNA_METABOLIC_PROCESS,NOT_QUALIFIED_EITHER,,,,,
GOBP_REGULATION_OF_DNA_RECOMBINATION,NOT_QUALIFIED_EITHER,,,,,
GOBP_REGULATION_OF_DNA_REPAIR,NOT_QUALIFIED_EITHER,,,,,
GOBP_REGULATION_OF_DNA_REPLICATION,NOT_QUALIFIED_EITHER,,,,,
GOBP_REGULATION_OF_DNA_STRAND_ELONGATION,NOT_QUALIFIED_EITHER,,,,,
GOBP_REGULATION_OF_DNA_TEMPLATED_DNA_REPLICATION,NOT_QUALIFIED_EITHER,,,,,
GOBP_REGULATION_OF_DNA_TEMPLATED_DNA_REPLICATION_INITIATION,NOT_QUALIFIED_EITHER,,,,,
GOBP_REGULATION_OF_DNA_TEMPLATED_TRANSCRIPTION_ELONGATION,NOT_QUALIFIED_EITHER,,,,,
GOBP_REGULATION_OF_DNA_TEMPLATED_TRANSCRIPTION_INITIATION,QUALIFIED_SECOND_ONLY,,,,,
GOBP_REGULATION_OF_DOUBLE_STRAND_BREAK_REPAIR,NOT_QUALIFIED_EITHER,,,,,
GOBP_REGULATION_OF_DOUBLE_STRAND_BREAK_REPAIR_VIA_HOMOLOGOUS_RECOMBINATION,NOT_QUALIFIED_EITHER,,,,,
GOBP_REGULATION_OF_DOUBLE_STRAND_BREAK_REPAIR_VIA_NONHOMOLOGOUS_END_JOINING,NOT_QUALIFIED_EITHER,,,,,
GOBP_REGULATION_OF_D_GLUCOSE_IMPORT,NOT_QUALIFIED_EITHER,,,,,
GOBP_REGULATION_OF_D_GLUCOSE_TRANSMEMBRANE_TRANSPORT,NOT_QUALIFIED_EITHER,,,,,
GOBP_REGULATION_OF_EARLY_ENDOSOME_TO_LATE_ENDOSOME_TRANSPORT,NOT_QUALIFIED_EITHER,,,,,
GOBP_REGULATION_OF_EMBRYONIC_DEVELOPMENT,NOT_QUALIFIED_EITHER,,,,,
GOBP_REGULATION_OF_ENDOCRINE_PROCESS,NOT_QUALIFIED_EITHER,,,,,
GOBP_REGULATION_OF_ENDOCYTIC_RECYCLING,NOT_QUALIFIED_EITHER,,,,,
GOBP_REGULATION_OF_ENDOCYTOSIS,NOT_QUALIFIED_EITHER,,,,,
GOBP_REGULATION_OF_ENDOPLASMIC_RETICULUM_STRESS_INDUCED_INTRINSIC_APOPTOTIC_SIGNALING_PATHWAY,NOT_QUALIFIED_EITHER,,,,,
GOBP_REGULATION_OF_ENDOPLASMIC_RETICULUM_UNFOLDED_PROTEIN_RESPONSE,NOT_QUALIFIED_EITHER,,,,,
GOBP_REGULATION_OF_ENDOTHELIAL_CELL_CHEMOTAXIS,NOT_QUALIFIED_EITHER,,,,,
GOBP_REGULATION_OF_ENDOTHELIAL_CELL_DIFFERENTIATION,NOT_QUALIFIED_EITHER,,,,,
GOBP_REGULATION_OF_ENDOTHELIAL_CELL_MIGRATION,NOT_QUALIFIED_EITHER,,,,,
GOBP_REGULATION_OF_EPIDERMIS_DEVELOPMENT,QUALIFIED_SECOND_ONLY,,,,,
GOBP_REGULATION_OF_EPITHELIAL_CELL_APOPTOTIC_PROCESS,NOT_QUALIFIED_EITHER,,,,,
GOBP_REGULATION_OF_EPITHELIAL_CELL_DIFFERENTIATION,NOT_QUALIFIED_EITHER,,,,,
GOBP_REGULATION_OF_EPITHELIAL_CELL_MIGRATION,NOT_QUALIFIED_EITHER,,,,,
GOBP_REGULATION_OF_EPITHELIAL_CELL_PROLIFERATION,NOT_QUALIFIED_EITHER,,,,,
GOBP_REGULATION_OF_EPITHELIAL_TO_MESENCHYMAL_TRANSITION,NOT_QUALIFIED_EITHER,,,,,
GOBP_REGULATION_OF_ERAD_PATHWAY,NOT_QUALIFIED_EITHER,,,,,
GOBP_REGULATION_OF_ERBB_SIGNALING_PATHWAY,NOT_QUALIFIED_EITHER,,,,,
GOBP_REGULATION_OF_ERYTHROCYTE_DIFFERENTIATION,NOT_QUALIFIED_EITHER,,,,,
GOBP_REGULATION_OF_ER_TO_GOLGI_VESICLE_MEDIATED_TRANSPORT,NOT_QUALIFIED_EITHER,,,,,
GOBP_REGULATION_OF_ESTABLISHMENT_OF_PROTEIN_LOCALIZATION,NOT_QUALIFIED_EITHER,,,,,
GOBP_REGULATION_OF_ESTABLISHMENT_OF_PROTEIN_LOCALIZATION_TO_MITOCHONDRION,NOT_QUALIFIED_EITHER,,,,,
GOBP_REGULATION_OF_ESTABLISHMENT_OR_MAINTENANCE_OF_CELL_POLARITY,NOT_QUALIFIED_EITHER,,,,,
GOBP_REGULATION_OF_EXECUTION_PHASE_OF_APOPTOSIS,NOT_QUALIFIED_EITHER,,,,,
GOBP_REGULATION_OF_EXIT_FROM_MITOSIS,NOT_QUALIFIED_EITHER,,,,,
GOBP_REGULATION_OF_EXOCYTOSIS,NOT_QUALIFIED_EITHER,,,,,
GOBP_REGULATION_OF_EXOSOMAL_SECRETION,NOT_QUALIFIED_EITHER,,,,,
GOBP_REGULATION_OF_EXTENT_OF_CELL_GROWTH,NOT_QUALIFIED_EITHER,,,,,
GOBP_REGULATION_OF_EXTRACELLULAR_MATRIX_DISASSEMBLY,NOT_QUALIFIED_EITHER,,,,,
GOBP_REGULATION_OF_EXTRACELLULAR_MATRIX_ORGANIZATION,NOT_QUALIFIED_EITHER,,,,,
GOBP_REGULATION_OF_EXTRINSIC_APOPTOTIC_SIGNALING_PATHWAY,NOT_QUALIFIED_EITHER,,,,,
GOBP_REGULATION_OF_EXTRINSIC_APOPTOTIC_SIGNALING_PATHWAY_IN_ABSENCE_OF_LIGAND,NOT_QUALIFIED_EITHER,,,,,
GOBP_REGULATION_OF_EXTRINSIC_APOPTOTIC_SIGNALING_PATHWAY_VIA_DEATH_DOMAIN_RECEPTORS,NOT_QUALIFIED_EITHER,,,,,
GOBP_REGULATION_OF_FATTY_ACID_BETA_OXIDATION,NOT_QUALIFIED_EITHER,,,,,
GOBP_REGULATION_OF_FATTY_ACID_BIOSYNTHETIC_PROCESS,NOT_QUALIFIED_EITHER,,,,,
GOBP_REGULATION_OF_FATTY_ACID_METABOLIC_PROCESS,NOT_QUALIFIED_EITHER,,,,,
GOBP_REGULATION_OF_FATTY_ACID_OXIDATION,NOT_QUALIFIED_EITHER,,,,,
GOBP_REGULATION_OF_FATTY_ACID_TRANSPORT,NOT_QUALIFIED_EITHER,,,,,
GOBP_REGULATION_OF_FAT_CELL_DIFFERENTIATION,QUALIFIED_BOTH,40.0,32.0,31.0,41.0,0.7560975609756098
GOBP_REGULATION_OF_FEEDING_BEHAVIOR,NOT_QUALIFIED_EITHER,,,,,
GOBP_REGULATION_OF_FIBROBLAST_GROWTH_FACTOR_RECEPTOR_SIGNALING_PATHWAY,NOT_QUALIFIED_EITHER,,,,,
GOBP_REGULATION_OF_FIBROBLAST_MIGRATION,NOT_QUALIFIED_EITHER,,,,,
GOBP_REGULATION_OF_FILOPODIUM_ASSEMBLY,NOT_QUALIFIED_EITHER,,,,,
GOBP_REGULATION_OF_GENERATION_OF_PRECURSOR_METABOLITES_AND_ENERGY,NOT_QUALIFIED_EITHER,,,,,
GOBP_REGULATION_OF_GENE_SILENCING_BY_REGULATORY_NCRNA,NOT_QUALIFIED_EITHER,,,,,
GOBP_REGULATION_OF_GLIAL_CELL_DIFFERENTIATION,QUALIFIED_BOTH,20.0,19.0,19.0,20.0,0.95
GOBP_REGULATION_OF_GLIAL_CELL_PROLIFERATION,NOT_QUALIFIED_EITHER,,,,,
GOBP_REGULATION_OF_GLIOGENESIS,QUALIFIED_BOTH,21.0,17.0,16.0,22.0,0.7272727272727273
GOBP_REGULATION_OF_GLUCONEOGENESIS,NOT_QUALIFIED_EITHER,,,,,
GOBP_REGULATION_OF_GLUCOSE_METABOLIC_PROCESS,NOT_QUALIFIED_EITHER,,,,,
GOBP_REGULATION_OF_GLYCOGEN_BIOSYNTHETIC_PROCESS,NOT_QUALIFIED_EITHER,,,,,
GOBP_REGULATION_OF_GLYCOGEN_METABOLIC_PROCESS,QUALIFIED_FIRST_ONLY,,,,,
GOBP_REGULATION_OF_GLYCOLYTIC_PROCESS,NOT_QUALIFIED_EITHER,,,,,
GOBP_REGULATION_OF_GLYCOPROTEIN_METABOLIC_PROCESS,NOT_QUALIFIED_EITHER,,,,,
GOBP_REGULATION_OF_GOLGI_ORGANIZATION,NOT_QUALIFIED_EITHER,,,,,
GOBP_REGULATION_OF_GRANULOCYTE_CHEMOTAXIS,NOT_QUALIFIED_EITHER,,,,,
GOBP_REGULATION_OF_GTPASE_ACTIVITY,NOT_QUALIFIED_EITHER,,,,,
GOBP_REGULATION_OF_G_PROTEIN_COUPLED_RECEPTOR_SIGNALING_PATHWAY,NOT_QUALIFIED_EITHER,,,,,
GOBP_REGULATION_OF_HAIR_CYCLE,NOT_QUALIFIED_EITHER,,,,,
GOBP_REGULATION_OF_HEART_CONTRACTION,NOT_QUALIFIED_EITHER,,,,,
GOBP_REGULATION_OF_HEART_GROWTH,QUALIFIED_BOTH,16.0,15.0,15.0,16.0,0.9375
GOBP_REGULATION_OF_HEART_RATE,NOT_QUALIFIED_EITHER,,,,,
GOBP_REGULATION_OF_HEART_RATE_BY_CARDIAC_CONDUCTION,NOT_QUALIFIED_EITHER,,,,,
GOBP_REGULATION_OF_HEMATOPOIETIC_PROGENITOR_CELL_DIFFERENTIATION,NOT_QUALIFIED_EITHER,,,,,
GOBP_REGULATION_OF_HEMATOPOIETIC_STEM_CELL_DIFFERENTIATION,NOT_QUALIFIED_EITHER,,,,,
GOBP_REGULATION_OF_HEMOPOIESIS,NOT_QUALIFIED_EITHER,,,,,
GOBP_REGULATION_OF_HIPPO_SIGNALING,NOT_QUALIFIED_EITHER,,,,,
GOBP_REGULATION_OF_HOMOTYPIC_CELL_CELL_ADHESION,NOT_QUALIFIED_EITHER,,,,,
GOBP_REGULATION_OF_HORMONE_BIOSYNTHETIC_PROCESS,QUALIFIED_BOTH,7.0,7.0,7.0,7.0,1.0
GOBP_REGULATION_OF_HORMONE_LEVELS,NOT_QUALIFIED_EITHER,,,,,
GOBP_REGULATION_OF_HORMONE_METABOLIC_PROCESS,QUALIFIED_BOTH,11.0,9.0,9.0,11.0,0.8181818181818182
GOBP_REGULATION_OF_HORMONE_SECRETION,NOT_QUALIFIED_EITHER,,,,,
GOBP_REGULATION_OF_HUMORAL_IMMUNE_RESPONSE,NOT_QUALIFIED_EITHER,,,,,
GOBP_REGULATION_OF_HYDROLASE_ACTIVITY,NOT_QUALIFIED_EITHER,,,,,
GOBP_REGULATION_OF_IMMUNE_EFFECTOR_PROCESS,NOT_QUALIFIED_EITHER,,,,,
GOBP_REGULATION_OF_IMMUNOGLOBULIN_PRODUCTION,NOT_QUALIFIED_EITHER,,,,,
GOBP_REGULATION_OF_INCLUSION_BODY_ASSEMBLY,QUALIFIED_FIRST_ONLY,,,,,
GOBP_REGULATION_OF_INFLAMMASOME_MEDIATED_SIGNALING_PATHWAY,NOT_QUALIFIED_EITHER,,,,,
GOBP_REGULATION_OF_INFLAMMATORY_RESPONSE,NOT_QUALIFIED_EITHER,,,,,
GOBP_REGULATION_OF_INFLAMMATORY_RESPONSE_TO_ANTIGENIC_STIMULUS,NOT_QUALIFIED_EITHER,,,,,
GOBP_REGULATION_OF_INNATE_IMMUNE_RESPONSE,NOT_QUALIFIED_EITHER,,,,,
GOBP_REGULATION_OF_INSULIN_LIKE_GROWTH_FACTOR_RECEPTOR_SIGNALING_PATHWAY,NOT_QUALIFIED_EITHER,,,,,
GOBP_REGULATION_OF_INSULIN_RECEPTOR_SIGNALING_PATHWAY,NOT_QUALIFIED_EITHER,,,,,
GOBP_REGULATION_OF_INSULIN_SECRETION,NOT_QUALIFIED_EITHER,,,,,
GOBP_REGULATION_OF_INTEGRIN_MEDIATED_SIGNALING_PATHWAY,NOT_QUALIFIED_EITHER,,,,,
GOBP_REGULATION_OF_INTRACELLULAR_ESTROGEN_RECEPTOR_SIGNALING_PATHWAY,NOT_QUALIFIED_EITHER,,,,,
GOBP_REGULATION_OF_INTRACELLULAR_PROTEIN_TRANSPORT,NOT_QUALIFIED_EITHER,,,,,
GOBP_REGULATION_OF_INTRACELLULAR_STEROID_HORMONE_RECEPTOR_SIGNALING_PATHWAY,NOT_QUALIFIED_EITHER,,,,,
GOBP_REGULATION_OF_INTRACELLULAR_TRANSPORT,NOT_QUALIFIED_EITHER,,,,,
GOBP_REGULATION_OF_INTRINSIC_APOPTOTIC_SIGNALING_PATHWAY,NOT_QUALIFIED_EITHER,,,,,
GOBP_REGULATION_OF_INTRINSIC_APOPTOTIC_SIGNALING_PATHWAY_BY_P53_CLASS_MEDIATOR,NOT_QUALIFIED_EITHER,,,,,
GOBP_REGULATION_OF_INTRINSIC_APOPTOTIC_SIGNALING_PATHWAY_IN_RESPONSE_TO_DNA_DAMAGE,NOT_QUALIFIED_EITHER,,,,,
GOBP_REGULATION_OF_INTRINSIC_APOPTOTIC_SIGNALING_PATHWAY_IN_RESPONSE_TO_DNA_DAMAGE_BY_P53_CLASS_MEDIATOR,NOT_QUALIFIED_EITHER,,,,,
GOBP_REGULATION_OF_IRE1_MEDIATED_UNFOLDED_PROTEIN_RESPONSE,NOT_QUALIFIED_EITHER,,,,,
GOBP_REGULATION_OF_ISOTYPE_SWITCHING,NOT_QUALIFIED_EITHER,,,,,
GOBP_REGULATION_OF_JNK_CASCADE,NOT_QUALIFIED_EITHER,,,,,
GOBP_REGULATION_OF_JUN_KINASE_ACTIVITY,NOT_QUALIFIED_EITHER,,,,,
GOBP_REGULATION_OF_KERATINOCYTE_DIFFERENTIATION,NOT_QUALIFIED_EITHER,,,,,
GOBP_REGULATION_OF_KERATINOCYTE_PROLIFERATION,NOT_QUALIFIED_EITHER,,,,,
GOBP_REGULATION_OF_KETONE_BIOSYNTHETIC_PROCESS,NOT_QUALIFIED_EITHER,,,,,
GOBP_REGULATION_OF_KETONE_METABOLIC_PROCESS,NOT_QUALIFIED_EITHER,,,,,
GOBP_REGULATION_OF_KIDNEY_DEVELOPMENT,QUALIFIED_BOTH,14.0,14.0,14.0,14.0,1.0
GOBP_REGULATION_OF_KINASE_ACTIVITY,QUALIFIED_SECOND_ONLY,,,,,
GOBP_REGULATION_OF_LAMELLIPODIUM_ASSEMBLY,NOT_QUALIFIED_EITHER,,,,,
GOBP_REGULATION_OF_LAMELLIPODIUM_ORGANIZATION,NOT_QUALIFIED_EITHER,,,,,
GOBP_REGULATION_OF_LEUKOCYTE_ADHESION_TO_VASCULAR_ENDOTHELIAL_CELL,NOT_QUALIFIED_EITHER,,,,,
GOBP_REGULATION_OF_LEUKOCYTE_APOPTOTIC_PROCESS,NOT_QUALIFIED_EITHER,,,,,
GOBP_REGULATION_OF_LEUKOCYTE_CHEMOTAXIS,NOT_QUALIFIED_EITHER,,,,,
GOBP_REGULATION_OF_LEUKOCYTE_DEGRANULATION,NOT_QUALIFIED_EITHER,,,,,
GOBP_REGULATION_OF_LEUKOCYTE_DIFFERENTIATION,NOT_QUALIFIED_EITHER,,,,,
GOBP_REGULATION_OF_LEUKOCYTE_MEDIATED_IMMUNITY,NOT_QUALIFIED_EITHER,,,,,
GOBP_REGULATION_OF_LEUKOCYTE_MIGRATION,NOT_QUALIFIED_EITHER,,,,,
GOBP_REGULATION_OF_LEUKOCYTE_PROLIFERATION,NOT_QUALIFIED_EITHER,,,,,
GOBP_REGULATION_OF_LIPID_BIOSYNTHETIC_PROCESS,NOT_QUALIFIED_EITHER,,,,,
GOBP_REGULATION_OF_LIPID_CATABOLIC_PROCESS,NOT_QUALIFIED_EITHER,,,,,
GOBP_REGULATION_OF_LIPID_LOCALIZATION,NOT_QUALIFIED_EITHER,,,,,
GOBP_REGULATION_OF_LIPID_METABOLIC_PROCESS,NOT_QUALIFIED_EITHER,,,,,
GOBP_REGULATION_OF_LIPID_STORAGE,NOT_QUALIFIED_EITHER,,,,,
GOBP_REGULATION_OF_LIPOPOLYSACCHARIDE_MEDIATED_SIGNALING_PATHWAY,NOT_QUALIFIED_EITHER,,,,,
GOBP_REGULATION_OF_LIPOPROTEIN_METABOLIC_PROCESS,NOT_QUALIFIED_EITHER,,,,,
GOBP_REGULATION_OF_LIPOPROTEIN_PARTICLE_CLEARANCE,NOT_QUALIFIED_EITHER,,,,,
GOBP_REGULATION_OF_LONG_TERM_NEURONAL_SYNAPTIC_PLASTICITY,NOT_QUALIFIED_EITHER,,,,,
GOBP_REGULATION_OF_LONG_TERM_SYNAPTIC_DEPRESSION,NOT_QUALIFIED_EITHER,,,,,
GOBP_REGULATION_OF_LONG_TERM_SYNAPTIC_POTENTIATION,NOT_QUALIFIED_EITHER,,,,,
GOBP_REGULATION_OF_LYMPHOCYTE_ACTIVATION,NOT_QUALIFIED_EITHER,,,,,
GOBP_REGULATION_OF_LYMPHOCYTE_APOPTOTIC_PROCESS,NOT_QUALIFIED_EITHER,,,,,
GOBP_REGULATION_OF_LYMPHOCYTE_DIFFERENTIATION,NOT_QUALIFIED_EITHER,,,,,
GOBP_REGULATION_OF_LYMPHOCYTE_MEDIATED_IMMUNITY,NOT_QUALIFIED_EITHER,,,,,
GOBP_REGULATION_OF_LYMPHOCYTE_MIGRATION,NOT_QUALIFIED_EITHER,,,,,
GOBP_REGULATION_OF_LYSOSOMAL_LUMEN_PH,NOT_QUALIFIED_EITHER,,,,,
GOBP_REGULATION_OF_MACROAUTOPHAGY,NOT_QUALIFIED_EITHER,,,,,
GOBP_REGULATION_OF_MACROPHAGE_ACTIVATION,NOT_QUALIFIED_EITHER,,,,,
GOBP_REGULATION_OF_MACROPHAGE_CHEMOTAXIS,NOT_QUALIFIED_EITHER,,,,,
GOBP_REGULATION_OF_MACROPHAGE_DERIVED_FOAM_CELL_DIFFERENTIATION,NOT_QUALIFIED_EITHER,,,,,
GOBP_REGULATION_OF_MACROPHAGE_DIFFERENTIATION,QUALIFIED_BOTH,7.0,9.0,7.0,9.0,0.7777777777777778
GOBP_REGULATION_OF_MACROPHAGE_MIGRATION,NOT_QUALIFIED_EITHER,,,,,
GOBP_REGULATION_OF_MAP_KINASE_ACTIVITY,NOT_QUALIFIED_EITHER,,,,,
GOBP_REGULATION_OF_MAST_CELL_DEGRANULATION,NOT_QUALIFIED_EITHER,,,,,
GOBP_REGULATION_OF_MEGAKARYOCYTE_DIFFERENTIATION,NOT_QUALIFIED_EITHER,,,,,
GOBP_REGULATION_OF_MEIOTIC_CELL_CYCLE,NOT_QUALIFIED_EITHER,,,,,
GOBP_REGULATION_OF_MEIOTIC_NUCLEAR_DIVISION,NOT_QUALIFIED_EITHER,,,,,
GOBP_REGULATION_OF_MEMBRANE_DEPOLARIZATION,NOT_QUALIFIED_EITHER,,,,,
GOBP_REGULATION_OF_MEMBRANE_LIPID_DISTRIBUTION,NOT_QUALIFIED_EITHER,,,,,
GOBP_REGULATION_OF_MEMBRANE_PERMEABILITY,NOT_QUALIFIED_EITHER,,,,,
GOBP_REGULATION_OF_MEMBRANE_POTENTIAL,NOT_QUALIFIED_EITHER,,,,,
GOBP_REGULATION_OF_MEMBRANE_PROTEIN_ECTODOMAIN_PROTEOLYSIS,NOT_QUALIFIED_EITHER,,,,,
GOBP_REGULATION_OF_MEMBRANE_REPOLARIZATION,NOT_QUALIFIED_EITHER,,,,,
GOBP_REGULATION_OF_MESENCHYMAL_CELL_PROLIFERATION,QUALIFIED_BOTH,11.0,13.0,11.0,13.0,0.8461538461538461
GOBP_REGULATION_OF_METAPHASE_PLATE_CONGRESSION,NOT_QUALIFIED_EITHER,,,,,
GOBP_REGULATION_OF_MICROTUBULE_BASED_MOVEMENT,NOT_QUALIFIED_EITHER,,,,,
GOBP_REGULATION_OF_MICROTUBULE_BASED_PROCESS,NOT_QUALIFIED_EITHER,,,,,
GOBP_REGULATION_OF_MICROTUBULE_CYTOSKELETON_ORGANIZATION,NOT_QUALIFIED_EITHER,,,,,
GOBP_REGULATION_OF_MICROTUBULE_DEPOLYMERIZATION,NOT_QUALIFIED_EITHER,,,,,
GOBP_REGULATION_OF_MICROTUBULE_NUCLEATION,QUALIFIED_BOTH,10.0,11.0,10.0,11.0,0.9090909090909091
GOBP_REGULATION_OF_MICROTUBULE_POLYMERIZATION,NOT_QUALIFIED_EITHER,,,,,
GOBP_REGULATION_OF_MICROTUBULE_POLYMERIZATION_OR_DEPOLYMERIZATION,NOT_QUALIFIED_EITHER,,,,,
GOBP_REGULATION_OF_MIRNA_METABOLIC_PROCESS,QUALIFIED_BOTH,31.0,24.0,23.0,32.0,0.71875
GOBP_REGULATION_OF_MITOCHONDRIAL_DEPOLARIZATION,NOT_QUALIFIED_EITHER,,,,,
GOBP_REGULATION_OF_MITOCHONDRIAL_FISSION,NOT_QUALIFIED_EITHER,,,,,
GOBP_REGULATION_OF_MITOCHONDRIAL_GENE_EXPRESSION,NOT_QUALIFIED_EITHER,,,,,
GOBP_REGULATION_OF_MITOCHONDRIAL_MEMBRANE_PERMEABILITY,NOT_QUALIFIED_EITHER,,,,,
GOBP_REGULATION_OF_MITOCHONDRIAL_MEMBRANE_PERMEABILITY_INVOLVED_IN_APOPTOTIC_PROCESS,NOT_QUALIFIED_EITHER,,,,,
GOBP_REGULATION_OF_MITOCHONDRIAL_MEMBRANE_POTENTIAL,NOT_QUALIFIED_EITHER,,,,,
GOBP_REGULATION_OF_MITOCHONDRIAL_OUTER_MEMBRANE_PERMEABILIZATION_INVOLVED_IN_APOPTOTIC_SIGNALING_PATHWAY,NOT_QUALIFIED_EITHER,,,,,
GOBP_REGULATION_OF_MITOCHONDRIAL_TRANSLATION,NOT_QUALIFIED_EITHER,,,,,
GOBP_REGULATION_OF_MITOCHONDRION_ORGANIZATION,NOT_QUALIFIED_EITHER,,,,,
GOBP_REGULATION_OF_MITOTIC_CELL_CYCLE,NOT_QUALIFIED_EITHER,,,,,
GOBP_REGULATION_OF_MITOTIC_CELL_CYCLE_PHASE_TRANSITION,NOT_QUALIFIED_EITHER,,,,,
GOBP_REGULATION_OF_MITOTIC_CYTOKINESIS,NOT_QUALIFIED_EITHER,,,,,
GOBP_REGULATION_OF_MITOTIC_NUCLEAR_DIVISION,NOT_QUALIFIED_EITHER,,,,,
GOBP_REGULATION_OF_MITOTIC_SISTER_CHROMATID_SEGREGATION,NOT_QUALIFIED_EITHER,,,,,
GOBP_REGULATION_OF_MITOTIC_SPINDLE_ASSEMBLY,NOT_QUALIFIED_EITHER,,,,,
GOBP_REGULATION_OF_MODIFICATION_OF_SYNAPTIC_STRUCTURE,NOT_QUALIFIED_EITHER,,,,,
GOBP_REGULATION_OF_MONOATOMIC_ION_TRANSMEMBRANE_TRANSPORT,NOT_QUALIFIED_EITHER,,,,,
GOBP_REGULATION_OF_MONOATOMIC_ION_TRANSPORT,NOT_QUALIFIED_EITHER,,,,,
GOBP_REGULATION_OF_MONOCYTE_CHEMOTAXIS,QUALIFIED_BOTH,6.0,6.0,6.0,6.0,1.0
GOBP_REGULATION_OF_MONOCYTE_DIFFERENTIATION,NOT_QUALIFIED_EITHER,,,,,
GOBP_REGULATION_OF_MONONUCLEAR_CELL_MIGRATION,NOT_QUALIFIED_EITHER,,,,,
GOBP_REGULATION_OF_MORPHOGENESIS_OF_AN_EPITHELIUM,NOT_QUALIFIED_EITHER,,,,,
GOBP_REGULATION_OF_MORPHOGENESIS_OF_A_BRANCHING_STRUCTURE,NOT_QUALIFIED_EITHER,,,,,
GOBP_REGULATION_OF_MRNA_3_END_PROCESSING,NOT_QUALIFIED_EITHER,,,,,
GOBP_REGULATION_OF_MRNA_CATABOLIC_PROCESS,NOT_QUALIFIED_EITHER,,,,,
GOBP_REGULATION_OF_MRNA_METABOLIC_PROCESS,QUALIFIED_BOTH,103.0,137.0,98.0,142.0,0.6901408450704225
GOBP_REGULATION_OF_MRNA_PROCESSING,QUALIFIED_BOTH,32.0,65.0,32.0,65.0,0.49230769230769234
GOBP_REGULATION_OF_MRNA_SPLICING_VIA_SPLICEOSOME,QUALIFIED_BOTH,37.0,55.0,34.0,58.0,0.5862068965517241
GOBP_REGULATION_OF_MULTICELLULAR_ORGANISM_GROWTH,NOT_QUALIFIED_EITHER,,,,,
GOBP_REGULATION_OF_MUSCLE_ADAPTATION,NOT_QUALIFIED_EITHER,,,,,
GOBP_REGULATION_OF_MUSCLE_CELL_DIFFERENTIATION,QUALIFIED_BOTH,28.0,35.0,28.0,35.0,0.8
GOBP_REGULATION_OF_MUSCLE_CONTRACTION,NOT_QUALIFIED_EITHER,,,,,
GOBP_REGULATION_OF_MUSCLE_HYPERTROPHY,NOT_QUALIFIED_EITHER,,,,,
GOBP_REGULATION_OF_MUSCLE_ORGAN_DEVELOPMENT,NOT_QUALIFIED_EITHER,,,,,
GOBP_REGULATION_OF_MUSCLE_SYSTEM_PROCESS,NOT_QUALIFIED_EITHER,,,,,
GOBP_REGULATION_OF_MYELINATION,NOT_QUALIFIED_EITHER,,,,,
GOBP_REGULATION_OF_MYELOID_CELL_APOPTOTIC_PROCESS,NOT_QUALIFIED_EITHER,,,,,
GOBP_REGULATION_OF_MYELOID_CELL_DIFFERENTIATION,NOT_QUALIFIED_EITHER,,,,,
GOBP_REGULATION_OF_MYELOID_LEUKOCYTE_DIFFERENTIATION,QUALIFIED_BOTH,15.0,14.0,14.0,15.0,0.9333333333333333
GOBP_REGULATION_OF_MYELOID_LEUKOCYTE_MEDIATED_IMMUNITY,NOT_QUALIFIED_EITHER,,,,,
GOBP_REGULATION_OF_MYOBLAST_DIFFERENTIATION,NOT_QUALIFIED_EITHER,,,,,
GOBP_REGULATION_OF_MYOTUBE_DIFFERENTIATION,NOT_QUALIFIED_EITHER,,,,,
GOBP_REGULATION_OF_NATURAL_KILLER_CELL_ACTIVATION,NOT_QUALIFIED_EITHER,,,,,
GOBP_REGULATION_OF_NATURAL_KILLER_CELL_MEDIATED_IMMUNITY,NOT_QUALIFIED_EITHER,,,,,
GOBP_REGULATION_OF_NECROPTOTIC_PROCESS,NOT_QUALIFIED_EITHER,,,,,
GOBP_REGULATION_OF_NERVOUS_SYSTEM_DEVELOPMENT,NOT_QUALIFIED_EITHER,,,,,
GOBP_REGULATION_OF_NERVOUS_SYSTEM_PROCESS,NOT_QUALIFIED_EITHER,,,,,
GOBP_REGULATION_OF_NEURAL_PRECURSOR_CELL_PROLIFERATION,NOT_QUALIFIED_EITHER,,,,,
GOBP_REGULATION_OF_NEUROBLAST_PROLIFERATION,NOT_QUALIFIED_EITHER,,,,,
GOBP_REGULATION_OF_NEUROGENESIS,NOT_QUALIFIED_EITHER,,,,,
GOBP_REGULATION_OF_NEUROINFLAMMATORY_RESPONSE,NOT_QUALIFIED_EITHER,,,,,
GOBP_REGULATION_OF_NEURONAL_SYNAPTIC_PLASTICITY,NOT_QUALIFIED_EITHER,,,,,
GOBP_REGULATION_OF_NEURON_APOPTOTIC_PROCESS,NOT_QUALIFIED_EITHER,,,,,
GOBP_REGULATION_OF_NEURON_DIFFERENTIATION,NOT_QUALIFIED_EITHER,,,,,
GOBP_REGULATION_OF_NEURON_MIGRATION,NOT_QUALIFIED_EITHER,,,,,
GOBP_REGULATION_OF_NEURON_PROJECTION_ARBORIZATION,NOT_QUALIFIED_EITHER,,,,,
GOBP_REGULATION_OF_NEURON_PROJECTION_DEVELOPMENT,NOT_QUALIFIED_EITHER,,,,,
GOBP_REGULATION_OF_NEURON_PROJECTION_REGENERATION,NOT_QUALIFIED_EITHER,,,,,
GOBP_REGULATION_OF_NEUROTRANSMITTER_RECEPTOR_ACTIVITY,NOT_QUALIFIED_EITHER,,,,,
GOBP_REGULATION_OF_NEUROTRANSMITTER_RECEPTOR_LOCALIZATION_TO_POSTSYNAPTIC_SPECIALIZATION_MEMBRANE,NOT_QUALIFIED_EITHER,,,,,
GOBP_REGULATION_OF_NEUROTRANSMITTER_SECRETION,NOT_QUALIFIED_EITHER,,,,,
GOBP_REGULATION_OF_NEUROTRANSMITTER_TRANSPORT,NOT_QUALIFIED_EITHER,,,,,
GOBP_REGULATION_OF_NEUROTRANSMITTER_UPTAKE,NOT_QUALIFIED_EITHER,,,,,
GOBP_REGULATION_OF_NEUTROPHIL_CHEMOTAXIS,NOT_QUALIFIED_EITHER,,,,,
GOBP_REGULATION_OF_NEUTROPHIL_MIGRATION,NOT_QUALIFIED_EITHER,,,,,
GOBP_REGULATION_OF_NITRIC_OXIDE_METABOLIC_PROCESS,NOT_QUALIFIED_EITHER,,,,,
GOBP_REGULATION_OF_NON_CANONICAL_NF_KAPPAB_SIGNAL_TRANSDUCTION,NOT_QUALIFIED_EITHER,,,,,
GOBP_REGULATION_OF_NON_CANONICAL_WNT_SIGNALING_PATHWAY,NOT_QUALIFIED_EITHER,,,,,
GOBP_REGULATION_OF_NOTCH_SIGNALING_PATHWAY,NOT_QUALIFIED_EITHER,,,,,
GOBP_REGULATION_OF_NUCLEAR_DIVISION,NOT_QUALIFIED_EITHER,,,,,
GOBP_REGULATION_OF_NUCLEAR_TRANSCRIBED_MRNA_CATABOLIC_PROCESS_DEADENYLATION_DEPENDENT_DECAY,QUALIFIED_FIRST_ONLY,,,,,
GOBP_REGULATION_OF_NUCLEAR_TRANSCRIBED_MRNA_CATABOLIC_PROCESS_NONSENSE_MEDIATED_DECAY,NOT_QUALIFIED_EITHER,,,,,
GOBP_REGULATION_OF_NUCLEOBASE_CONTAINING_COMPOUND_TRANSPORT,NOT_QUALIFIED_EITHER,,,,,
GOBP_REGULATION_OF_NUCLEOCYTOPLASMIC_TRANSPORT,NOT_QUALIFIED_EITHER,,,,,
GOBP_REGULATION_OF_NUCLEOTIDE_BINDING_DOMAIN_LEUCINE_RICH_REPEAT_CONTAINING_RECEPTOR_SIGNALING_PATHWAY,NOT_QUALIFIED_EITHER,,,,,
GOBP_REGULATION_OF_NUCLEOTIDE_BIOSYNTHETIC_PROCESS,NOT_QUALIFIED_EITHER,,,,,
GOBP_REGULATION_OF_NUCLEOTIDE_EXCISION_REPAIR,NOT_QUALIFIED_EITHER,,,,,
GOBP_REGULATION_OF_NUCLEOTIDE_METABOLIC_PROCESS,NOT_QUALIFIED_EITHER,,,,,
GOBP_REGULATION_OF_OLIGODENDROCYTE_DIFFERENTIATION,QUALIFIED_FIRST_ONLY,,,,,
GOBP_REGULATION_OF_ORGANELLE_ASSEMBLY,NOT_QUALIFIED_EITHER,,,,,
GOBP_REGULATION_OF_ORGANIC_ACID_TRANSPORT,NOT_QUALIFIED_EITHER,,,,,
GOBP_REGULATION_OF_ORGAN_GROWTH,NOT_QUALIFIED_EITHER,,,,,
GOBP_REGULATION_OF_OSSIFICATION,QUALIFIED_BOTH,23.0,25.0,23.0,25.0,0.92
GOBP_REGULATION_OF_OSTEOBLAST_DIFFERENTIATION,QUALIFIED_BOTH,46.0,39.0,37.0,48.0,0.7708333333333334
GOBP_REGULATION_OF_OSTEOBLAST_PROLIFERATION,NOT_QUALIFIED_EITHER,,,,,
GOBP_REGULATION_OF_OSTEOCLAST_DIFFERENTIATION,NOT_QUALIFIED_EITHER,,,,,
GOBP_REGULATION_OF_OXIDATIVE_PHOSPHORYLATION,NOT_QUALIFIED_EITHER,,,,,
GOBP_REGULATION_OF_OXIDATIVE_STRESS_INDUCED_INTRINSIC_APOPTOTIC_SIGNALING_PATHWAY,QUALIFIED_SECOND_ONLY,,,,,
GOBP_REGULATION_OF_P38MAPK_CASCADE,QUALIFIED_BOTH,11.0,12.0,11.0,12.0,0.9166666666666666
GOBP_REGULATION_OF_PATTERN_RECOGNITION_RECEPTOR_SIGNALING_PATHWAY,NOT_QUALIFIED_EITHER,,,,,
GOBP_REGULATION_OF_PEPTIDE_TRANSPORT,NOT_QUALIFIED_EITHER,,,,,
GOBP_REGULATION_OF_PEPTIDYL_SERINE_PHOSPHORYLATION,QUALIFIED_BOTH,11.0,11.0,11.0,11.0,1.0
GOBP_REGULATION_OF_PEPTIDYL_TYROSINE_PHOSPHORYLATION,NOT_QUALIFIED_EITHER,,,,,
GOBP_REGULATION_OF_PERK_MEDIATED_UNFOLDED_PROTEIN_RESPONSE,NOT_QUALIFIED_EITHER,,,,,
GOBP_REGULATION_OF_PEROXISOME_PROLIFERATOR_ACTIVATED_RECEPTOR_SIGNALING_PATHWAY,NOT_QUALIFIED_EITHER,,,,,
GOBP_REGULATION_OF_PH,NOT_QUALIFIED_EITHER,,,,,
GOBP_REGULATION_OF_PHAGOCYTOSIS,NOT_QUALIFIED_EITHER,,,,,
GOBP_REGULATION_OF_PHOSPHOLIPID_BIOSYNTHETIC_PROCESS,NOT_QUALIFIED_EITHER,,,,,
GOBP_REGULATION_OF_PHOSPHOLIPID_METABOLIC_PROCESS,QUALIFIED_BOTH,9.0,9.0,9.0,9.0,1.0
GOBP_REGULATION_OF_PHOSPHORYLATION,QUALIFIED_BOTH,78.0,106.0,77.0,107.0,0.719626168224299
GOBP_REGULATION_OF_PLASMA_LIPOPROTEIN_PARTICLE_LEVELS,NOT_QUALIFIED_EITHER,,,,,
GOBP_REGULATION_OF_PLASMA_MEMBRANE_ORGANIZATION,NOT_QUALIFIED_EITHER,,,,,
GOBP_REGULATION_OF_PLASMINOGEN_ACTIVATION,NOT_QUALIFIED_EITHER,,,,,
GOBP_REGULATION_OF_PLATELET_ACTIVATION,NOT_QUALIFIED_EITHER,,,,,
GOBP_REGULATION_OF_PLATELET_AGGREGATION,NOT_QUALIFIED_EITHER,,,,,
GOBP_REGULATION_OF_PLATELET_DERIVED_GROWTH_FACTOR_RECEPTOR_SIGNALING_PATHWAY,NOT_QUALIFIED_EITHER,,,,,
GOBP_REGULATION_OF_POLYSACCHARIDE_BIOSYNTHETIC_PROCESS,NOT_QUALIFIED_EITHER,,,,,
GOBP_REGULATION_OF_POLYSACCHARIDE_METABOLIC_PROCESS,NOT_QUALIFIED_EITHER,,,,,
GOBP_REGULATION_OF_POSITIVE_CHEMOTAXIS,NOT_QUALIFIED_EITHER,,,,,
GOBP_REGULATION_OF_POSTSYNAPSE_ASSEMBLY,NOT_QUALIFIED_EITHER,,,,,
GOBP_REGULATION_OF_POSTSYNAPSE_ORGANIZATION,NOT_QUALIFIED_EITHER,,,,,
GOBP_REGULATION_OF_POSTSYNAPTIC_DENSITY_ORGANIZATION,NOT_QUALIFIED_EITHER,,,,,
GOBP_REGULATION_OF_POSTSYNAPTIC_MEMBRANE_NEUROTRANSMITTER_RECEPTOR_LEVELS,NOT_QUALIFIED_EITHER,,,,,
GOBP_REGULATION_OF_POSTSYNAPTIC_MEMBRANE_POTENTIAL,NOT_QUALIFIED_EITHER,,,,,
GOBP_REGULATION_OF_POSTSYNAPTIC_NEUROTRANSMITTER_RECEPTOR_INTERNALIZATION,NOT_QUALIFIED_EITHER,,,,,
GOBP_REGULATION_OF_POSTSYNAPTIC_SPECIALIZATION_ASSEMBLY,NOT_QUALIFIED_EITHER,,,,,
GOBP_REGULATION_OF_POST_TRANSLATIONAL_PROTEIN_MODIFICATION,NOT_QUALIFIED_EITHER,,,,,
GOBP_REGULATION_OF_POTASSIUM_ION_TRANSMEMBRANE_TRANSPORT,NOT_QUALIFIED_EITHER,,,,,
GOBP_REGULATION_OF_POTASSIUM_ION_TRANSPORT,NOT_QUALIFIED_EITHER,,,,,
GOBP_REGULATION_OF_PRESYNAPSE_ORGANIZATION,NOT_QUALIFIED_EITHER,,,,,
GOBP_REGULATION_OF_PRESYNAPTIC_MEMBRANE_POTENTIAL,NOT_QUALIFIED_EITHER,,,,,
GOBP_REGULATION_OF_PRODUCTION_OF_MOLECULAR_MEDIATOR_OF_IMMUNE_RESPONSE,NOT_QUALIFIED_EITHER,,,,,
GOBP_REGULATION_OF_PROGRAMMED_NECROTIC_CELL_DEATH,NOT_QUALIFIED_EITHER,,,,,
GOBP_REGULATION_OF_PROTEASOMAL_UBIQUITIN_DEPENDENT_PROTEIN_CATABOLIC_PROCESS,NOT_QUALIFIED_EITHER,,,,,
GOBP_REGULATION_OF_PROTEIN_BINDING,NOT_QUALIFIED_EITHER,,,,,
GOBP_REGULATION_OF_PROTEIN_CATABOLIC_PROCESS,NOT_QUALIFIED_EITHER,,,,,
GOBP_REGULATION_OF_PROTEIN_COMPLEX_STABILITY,NOT_QUALIFIED_EITHER,,,,,
GOBP_REGULATION_OF_PROTEIN_CONTAINING_COMPLEX_ASSEMBLY,NOT_QUALIFIED_EITHER,,,,,
GOBP_REGULATION_OF_PROTEIN_CONTAINING_COMPLEX_DISASSEMBLY,NOT_QUALIFIED_EITHER,,,,,
GOBP_REGULATION_OF_PROTEIN_DEACETYLATION,NOT_QUALIFIED_EITHER,,,,,
GOBP_REGULATION_OF_PROTEIN_DEPOLYMERIZATION,NOT_QUALIFIED_EITHER,,,,,
GOBP_REGULATION_OF_PROTEIN_EXIT_FROM_ENDOPLASMIC_RETICULUM,NOT_QUALIFIED_EITHER,,,,,
GOBP_REGULATION_OF_PROTEIN_EXPORT_FROM_NUCLEUS,NOT_QUALIFIED_EITHER,,,,,
GOBP_REGULATION_OF_PROTEIN_IMPORT_INTO_NUCLEUS,NOT_QUALIFIED_EITHER,,,,,
GOBP_REGULATION_OF_PROTEIN_LOCALIZATION_TO_CELL_PERIPHERY,NOT_QUALIFIED_EITHER,,,,,
GOBP_REGULATION_OF_PROTEIN_LOCALIZATION_TO_CELL_SURFACE,NOT_QUALIFIED_EITHER,,,,,
GOBP_REGULATION_OF_PROTEIN_LOCALIZATION_TO_MEMBRANE,NOT_QUALIFIED_EITHER,,,,,
GOBP_REGULATION_OF_PROTEIN_LOCALIZATION_TO_NUCLEUS,NOT_QUALIFIED_EITHER,,,,,
GOBP_REGULATION_OF_PROTEIN_LOCALIZATION_TO_PLASMA_MEMBRANE,NOT_QUALIFIED_EITHER,,,,,
GOBP_REGULATION_OF_PROTEIN_LOCALIZATION_TO_SYNAPSE,NOT_QUALIFIED_EITHER,,,,,
GOBP_REGULATION_OF_PROTEIN_MATURATION,NOT_QUALIFIED_EITHER,,,,,
GOBP_REGULATION_OF_PROTEIN_NEDDYLATION,NOT_QUALIFIED_EITHER,,,,,
GOBP_REGULATION_OF_PROTEIN_POLYMERIZATION,NOT_QUALIFIED_EITHER,,,,,
GOBP_REGULATION_OF_PROTEIN_POLYUBIQUITINATION,NOT_QUALIFIED_EITHER,,,,,
GOBP_REGULATION_OF_PROTEIN_SECRETION,NOT_QUALIFIED_EITHER,,,,,
GOBP_REGULATION_OF_PROTEIN_SERINE_THREONINE_KINASE_ACTIVITY,NOT_QUALIFIED_EITHER,,,,,
GOBP_REGULATION_OF_PROTEIN_STABILITY,NOT_QUALIFIED_EITHER,,,,,
GOBP_REGULATION_OF_PROTEIN_SUMOYLATION,NOT_QUALIFIED_EITHER,,,,,
GOBP_REGULATION_OF_PROTEIN_TARGETING,NOT_QUALIFIED_EITHER,,,,,
GOBP_REGULATION_OF_PROTEIN_TARGETING_TO_MEMBRANE,NOT_QUALIFIED_EITHER,,,,,
GOBP_REGULATION_OF_PROTEIN_TRANSPORT,NOT_QUALIFIED_EITHER,,,,,
GOBP_REGULATION_OF_PROTEIN_TYROSINE_KINASE_ACTIVITY,NOT_QUALIFIED_EITHER,,,,,
GOBP_REGULATION_OF_PROTEIN_UBIQUITINATION,NOT_QUALIFIED_EITHER,,,,,
GOBP_REGULATION_OF_PROTEOLYSIS,NOT_QUALIFIED_EITHER,,,,,
GOBP_REGULATION_OF_PROTEOLYSIS_INVOLVED_IN_PROTEIN_CATABOLIC_PROCESS,NOT_QUALIFIED_EITHER,,,,,
GOBP_REGULATION_OF_RAC_PROTEIN_SIGNAL_TRANSDUCTION,NOT_QUALIFIED_EITHER,,,,,
GOBP_REGULATION_OF_RAS_PROTEIN_SIGNAL_TRANSDUCTION,NOT_QUALIFIED_EITHER,,,,,
GOBP_REGULATION_OF_REACTIVE_OXYGEN_SPECIES_BIOSYNTHETIC_PROCESS,NOT_QUALIFIED_EITHER,,,,,
GOBP_REGULATION_OF_REACTIVE_OXYGEN_SPECIES_METABOLIC_PROCESS,NOT_QUALIFIED_EITHER,,,,,
GOBP_REGULATION_OF_RECEPTOR_CLUSTERING,NOT_QUALIFIED_EITHER,,,,,
GOBP_REGULATION_OF_RECEPTOR_INTERNALIZATION,NOT_QUALIFIED_EITHER,,,,,
GOBP_REGULATION_OF_RECEPTOR_LOCALIZATION_TO_SYNAPSE,NOT_QUALIFIED_EITHER,,,,,
GOBP_REGULATION_OF_RECEPTOR_MEDIATED_ENDOCYTOSIS,NOT_QUALIFIED_EITHER,,,,,
GOBP_REGULATION_OF_RECEPTOR_RECYCLING,NOT_QUALIFIED_EITHER,,,,,
GOBP_REGULATION_OF_RECEPTOR_SIGNALING_PATHWAY_VIA_JAK_STAT,NOT_QUALIFIED_EITHER,,,,,
GOBP_REGULATION_OF_RECEPTOR_SIGNALING_PATHWAY_VIA_STAT,NOT_QUALIFIED_EITHER,,,,,
GOBP_REGULATION_OF_REGULATED_SECRETORY_PATHWAY,NOT_QUALIFIED_EITHER,,,,,
GOBP_REGULATION_OF_RELEASE_OF_CYTOCHROME_C_FROM_MITOCHONDRIA,NOT_QUALIFIED_EITHER,,,,,
GOBP_REGULATION_OF_RELEASE_OF_SEQUESTERED_CALCIUM_ION_INTO_CYTOSOL,NOT_QUALIFIED_EITHER,,,,,
GOBP_REGULATION_OF_RELEASE_OF_SEQUESTERED_CALCIUM_ION_INTO_CYTOSOL_BY_SARCOPLASMIC_RETICULUM,NOT_QUALIFIED_EITHER,,,,,
GOBP_REGULATION_OF_RENAL_SYSTEM_PROCESS,NOT_QUALIFIED_EITHER,,,,,
GOBP_REGULATION_OF_REPRODUCTIVE_PROCESS,NOT_QUALIFIED_EITHER,,,,,
GOBP_REGULATION_OF_RESPIRATORY_GASEOUS_EXCHANGE,NOT_QUALIFIED_EITHER,,,,,
GOBP_REGULATION_OF_RESPONSE_TO_CYTOKINE_STIMULUS,NOT_QUALIFIED_EITHER,,,,,
GOBP_REGULATION_OF_RESPONSE_TO_ENDOPLASMIC_RETICULUM_STRESS,NOT_QUALIFIED_EITHER,,,,,
GOBP_REGULATION_OF_RESPONSE_TO_NUTRIENT_LEVELS,NOT_QUALIFIED_EITHER,,,,,
GOBP_REGULATION_OF_RESPONSE_TO_OXIDATIVE_STRESS,NOT_QUALIFIED_EITHER,,,,,
GOBP_REGULATION_OF_RESPONSE_TO_TUMOR_CELL,NOT_QUALIFIED_EITHER,,,,,
GOBP_REGULATION_OF_RESPONSE_TO_WOUNDING,NOT_QUALIFIED_EITHER,,,,,
GOBP_REGULATION_OF_RETINOIC_ACID_RECEPTOR_SIGNALING_PATHWAY,QUALIFIED_FIRST_ONLY,,,,,
GOBP_REGULATION_OF_RHO_PROTEIN_SIGNAL_TRANSDUCTION,NOT_QUALIFIED_EITHER,,,,,
GOBP_REGULATION_OF_RIG_I_SIGNALING_PATHWAY,NOT_QUALIFIED_EITHER,,,,,
GOBP_REGULATION_OF_RNA_SPLICING,NOT_QUALIFIED_EITHER,,,,,
GOBP_REGULATION_OF_RRNA_PROCESSING,NOT_QUALIFIED_EITHER,,,,,
GOBP_REGULATION_OF_RUFFLE_ASSEMBLY,NOT_QUALIFIED_EITHER,,,,,
GOBP_REGULATION_OF_SECONDARY_METABOLIC_PROCESS,NOT_QUALIFIED_EITHER,,,,,
GOBP_REGULATION_OF_SECRETION,NOT_QUALIFIED_EITHER,,,,,
GOBP_REGULATION_OF_SIGNALING_RECEPTOR_ACTIVITY,NOT_QUALIFIED_EITHER,,,,,
GOBP_REGULATION_OF_SIGNAL_TRANSDUCTION_BY_P53_CLASS_MEDIATOR,NOT_QUALIFIED_EITHER,,,,,
GOBP_REGULATION_OF_SISTER_CHROMATID_COHESION,NOT_QUALIFIED_EITHER,,,,,
GOBP_REGULATION_OF_SISTER_CHROMATID_SEGREGATION,NOT_QUALIFIED_EITHER,,,,,
GOBP_REGULATION_OF_SKELETAL_MUSCLE_CELL_DIFFERENTIATION,NOT_QUALIFIED_EITHER,,,,,
GOBP_REGULATION_OF_SKELETAL_MUSCLE_TISSUE_DEVELOPMENT,NOT_QUALIFIED_EITHER,,,,,
GOBP_REGULATION_OF_SMAD_PROTEIN_SIGNAL_TRANSDUCTION,QUALIFIED_BOTH,17.0,17.0,17.0,17.0,1.0
GOBP_REGULATION_OF_SMALL_GTPASE_MEDIATED_SIGNAL_TRANSDUCTION,NOT_QUALIFIED_EITHER,,,,,
GOBP_REGULATION_OF_SMALL_MOLECULE_METABOLIC_PROCESS,NOT_QUALIFIED_EITHER,,,,,
GOBP_REGULATION_OF_SMOOTHENED_SIGNALING_PATHWAY,NOT_QUALIFIED_EITHER,,,,,
GOBP_REGULATION_OF_SMOOTH_MUSCLE_CELL_DIFFERENTIATION,NOT_QUALIFIED_EITHER,,,,,
GOBP_REGULATION_OF_SMOOTH_MUSCLE_CONTRACTION,NOT_QUALIFIED_EITHER,,,,,
GOBP_REGULATION_OF_SNARE_COMPLEX_ASSEMBLY,NOT_QUALIFIED_EITHER,,,,,
GOBP_REGULATION_OF_SODIUM_ION_TRANSMEMBRANE_TRANSPORT,NOT_QUALIFIED_EITHER,,,,,
GOBP_REGULATION_OF_SODIUM_ION_TRANSPORT,NOT_QUALIFIED_EITHER,,,,,
GOBP_REGULATION_OF_SPINDLE_ASSEMBLY,NOT_QUALIFIED_EITHER,,,,,
GOBP_REGULATION_OF_SPINDLE_CHECKPOINT,NOT_QUALIFIED_EITHER,,,,,
GOBP_REGULATION_OF_SPINDLE_ORGANIZATION,NOT_QUALIFIED_EITHER,,,,,
GOBP_REGULATION_OF_SPROUTING_ANGIOGENESIS,QUALIFIED_FIRST_ONLY,,,,,
GOBP_REGULATION_OF_STEM_CELL_DIFFERENTIATION,NOT_QUALIFIED_EITHER,,,,,
GOBP_REGULATION_OF_STEM_CELL_POPULATION_MAINTENANCE,NOT_QUALIFIED_EITHER,,,,,
GOBP_REGULATION_OF_STEM_CELL_PROLIFERATION,NOT_QUALIFIED_EITHER,,,,,
GOBP_REGULATION_OF_STEROID_BIOSYNTHETIC_PROCESS,NOT_QUALIFIED_EITHER,,,,,
GOBP_REGULATION_OF_STEROID_HORMONE_SECRETION,NOT_QUALIFIED_EITHER,,,,,
GOBP_REGULATION_OF_STEROID_METABOLIC_PROCESS,NOT_QUALIFIED_EITHER,,,,,
GOBP_REGULATION_OF_STEROL_TRANSPORT,NOT_QUALIFIED_EITHER,,,,,
GOBP_REGULATION_OF_STRESS_ACTIVATED_PROTEIN_KINASE_SIGNALING_CASCADE,NOT_QUALIFIED_EITHER,,,,,
GOBP_REGULATION_OF_STRIATED_MUSCLE_CELL_DIFFERENTIATION,NOT_QUALIFIED_EITHER,,,,,
GOBP_REGULATION_OF_STRIATED_MUSCLE_CONTRACTION,NOT_QUALIFIED_EITHER,,,,,
GOBP_REGULATION_OF_SUBSTRATE_ADHESION_DEPENDENT_CELL_SPREADING,NOT_QUALIFIED_EITHER,,,,,
GOBP_REGULATION_OF_SUPEROXIDE_ANION_GENERATION,NOT_QUALIFIED_EITHER,,,,,
GOBP_REGULATION_OF_SUPEROXIDE_METABOLIC_PROCESS,NOT_QUALIFIED_EITHER,,,,,
GOBP_REGULATION_OF_SUPRAMOLECULAR_FIBER_ORGANIZATION,NOT_QUALIFIED_EITHER,,,,,
GOBP_REGULATION_OF_SYNAPSE_ASSEMBLY,NOT_QUALIFIED_EITHER,,,,,
GOBP_REGULATION_OF_SYNAPSE_MATURATION,NOT_QUALIFIED_EITHER,,,,,
GOBP_REGULATION_OF_SYNAPSE_STRUCTURE_OR_ACTIVITY,NOT_QUALIFIED_EITHER,,,,,
GOBP_REGULATION_OF_SYNAPTIC_PLASTICITY,NOT_QUALIFIED_EITHER,,,,,
GOBP_REGULATION_OF_SYNAPTIC_TRANSMISSION_GABAERGIC,NOT_QUALIFIED_EITHER,,,,,
GOBP_REGULATION_OF_SYNAPTIC_TRANSMISSION_GLUTAMATERGIC,NOT_QUALIFIED_EITHER,,,,,
GOBP_REGULATION_OF_SYNAPTIC_VESICLE_CYCLE,NOT_QUALIFIED_EITHER,,,,,
GOBP_REGULATION_OF_SYNAPTIC_VESICLE_ENDOCYTOSIS,NOT_QUALIFIED_EITHER,,,,,
GOBP_REGULATION_OF_SYNAPTIC_VESICLE_EXOCYTOSIS,NOT_QUALIFIED_EITHER,,,,,
GOBP_REGULATION_OF_SYNAPTIC_VESICLE_RECYCLING,NOT_QUALIFIED_EITHER,,,,,
GOBP_REGULATION_OF_SYNCYTIUM_FORMATION_BY_PLASMA_MEMBRANE_FUSION,QUALIFIED_BOTH,40.0,41.0,38.0,43.0,0.8837209302325582
GOBP_REGULATION_OF_SYSTEMIC_ARTERIAL_BLOOD_PRESSURE,NOT_QUALIFIED_EITHER,,,,,
GOBP_REGULATION_OF_SYSTEMIC_ARTERIAL_BLOOD_PRESSURE_BY_RENIN_ANGIOTENSIN,NOT_QUALIFIED_EITHER,,,,,
GOBP_REGULATION_OF_SYSTEMIC_ARTERIAL_BLOOD_PRESSURE_MEDIATED_BY_A_CHEMICAL_SIGNAL,NOT_QUALIFIED_EITHER,,,,,
GOBP_REGULATION_OF_SYSTEM_PROCESS,NOT_QUALIFIED_EITHER,,,,,
GOBP_REGULATION_OF_TELOMERE_MAINTENANCE,NOT_QUALIFIED_EITHER,,,,,
GOBP_REGULATION_OF_TELOMERE_MAINTENANCE_IN_RESPONSE_TO_DNA_DAMAGE,NOT_QUALIFIED_EITHER,,,,,
GOBP_REGULATION_OF_TELOMERE_MAINTENANCE_VIA_TELOMERASE,NOT_QUALIFIED_EITHER,,,,,
GOBP_REGULATION_OF_TELOMERE_MAINTENANCE_VIA_TELOMERE_LENGTHENING,NOT_QUALIFIED_EITHER,,,,,
GOBP_REGULATION_OF_TISSUE_REMODELING,NOT_QUALIFIED_EITHER,,,,,
GOBP_REGULATION_OF_TOLERANCE_INDUCTION,NOT_QUALIFIED_EITHER,,,,,
GOBP_REGULATION_OF_TOLL_LIKE_RECEPTOR_4_SIGNALING_PATHWAY,NOT_QUALIFIED_EITHER,,,,,
GOBP_REGULATION_OF_TOLL_LIKE_RECEPTOR_SIGNALING_PATHWAY,NOT_QUALIFIED_EITHER,,,,,
GOBP_REGULATION_OF_TRANSCRIPTION_BY_RNA_POLYMERASE_I,NOT_QUALIFIED_EITHER,,,,,
GOBP_REGULATION_OF_TRANSCRIPTION_BY_RNA_POLYMERASE_III,NOT_QUALIFIED_EITHER,,,,,
GOBP_REGULATION_OF_TRANSCRIPTION_OF_NUCLEOLAR_LARGE_RRNA_BY_RNA_POLYMERASE_I,NOT_QUALIFIED_EITHER,,,,,
GOBP_REGULATION_OF_TRANSFERASE_ACTIVITY,NOT_QUALIFIED_EITHER,,,,,
GOBP_REGULATION_OF_TRANSLATION,NOT_QUALIFIED_EITHER,,,,,
GOBP_REGULATION_OF_TRANSLATIONAL_FIDELITY,NOT_QUALIFIED_EITHER,,,,,
GOBP_REGULATION_OF_TRANSLATIONAL_INITIATION,NOT_QUALIFIED_EITHER,,,,,
GOBP_REGULATION_OF_TRANSLATION_IN_RESPONSE_TO_STRESS,QUALIFIED_BOTH,12.0,14.0,12.0,14.0,0.8571428571428571
GOBP_REGULATION_OF_TRANSMEMBRANE_RECEPTOR_PROTEIN_SERINE_THREONINE_KINASE_SIGNALING_PATHWAY,NOT_QUALIFIED_EITHER,,,,,
GOBP_REGULATION_OF_TRANSMEMBRANE_TRANSPORT,NOT_QUALIFIED_EITHER,,,,,
GOBP_REGULATION_OF_TRANSMEMBRANE_TRANSPORTER_ACTIVITY,NOT_QUALIFIED_EITHER,,,,,
GOBP_REGULATION_OF_TRANS_SYNAPTIC_SIGNALING,NOT_QUALIFIED_EITHER,,,,,
GOBP_REGULATION_OF_TRIGLYCERIDE_BIOSYNTHETIC_PROCESS,NOT_QUALIFIED_EITHER,,,,,
GOBP_REGULATION_OF_TRIGLYCERIDE_METABOLIC_PROCESS,NOT_QUALIFIED_EITHER,,,,,
GOBP_REGULATION_OF_TUBE_SIZE,NOT_QUALIFIED_EITHER,,,,,
GOBP_REGULATION_OF_TUBULIN_DEACETYLATION,NOT_QUALIFIED_EITHER,,,,,
GOBP_REGULATION_OF_TUMOR_NECROSIS_FACTOR_MEDIATED_SIGNALING_PATHWAY,NOT_QUALIFIED_EITHER,,,,,
GOBP_REGULATION_OF_TYPE_2_IMMUNE_RESPONSE,NOT_QUALIFIED_EITHER,,,,,
GOBP_REGULATION_OF_TYPE_I_INTERFERON_MEDIATED_SIGNALING_PATHWAY,NOT_QUALIFIED_EITHER,,,,,
GOBP_REGULATION_OF_TYROSINE_PHOSPHORYLATION_OF_STAT_PROTEIN,QUALIFIED_BOTH,7.0,7.0,7.0,7.0,1.0
GOBP_REGULATION_OF_T_CELL_ACTIVATION,NOT_QUALIFIED_EITHER,,,,,
GOBP_REGULATION_OF_T_CELL_APOPTOTIC_PROCESS,NOT_QUALIFIED_EITHER,,,,,
GOBP_REGULATION_OF_T_CELL_DIFFERENTIATION_IN_THYMUS,NOT_QUALIFIED_EITHER,,,,,
GOBP_REGULATION_OF_T_CELL_MEDIATED_CYTOTOXICITY,NOT_QUALIFIED_EITHER,,,,,
GOBP_REGULATION_OF_T_CELL_MEDIATED_IMMUNITY,NOT_QUALIFIED_EITHER,,,,,
GOBP_REGULATION_OF_T_CELL_MIGRATION,NOT_QUALIFIED_EITHER,,,,,
GOBP_REGULATION_OF_T_CELL_RECEPTOR_SIGNALING_PATHWAY,NOT_QUALIFIED_EITHER,,,,,
GOBP_REGULATION_OF_T_HELPER_17_CELL_DIFFERENTIATION,NOT_QUALIFIED_EITHER,,,,,
GOBP_REGULATION_OF_T_HELPER_17_TYPE_IMMUNE_RESPONSE,NOT_QUALIFIED_EITHER,,,,,
GOBP_REGULATION_OF_T_HELPER_1_TYPE_IMMUNE_RESPONSE,NOT_QUALIFIED_EITHER,,,,,
GOBP_REGULATION_OF_T_HELPER_CELL_DIFFERENTIATION,NOT_QUALIFIED_EITHER,,,,,
GOBP_REGULATION_OF_UBIQUITIN_DEPENDENT_PROTEIN_CATABOLIC_PROCESS,NOT_QUALIFIED_EITHER,,,,,
GOBP_REGULATION_OF_UBIQUITIN_PROTEIN_TRANSFERASE_ACTIVITY,NOT_QUALIFIED_EITHER,,,,,
GOBP_REGULATION_OF_URINE_VOLUME,NOT_QUALIFIED_EITHER,,,,,
GOBP_REGULATION_OF_VACUOLE_ORGANIZATION,NOT_QUALIFIED_EITHER,,,,,
GOBP_REGULATION_OF_VASCULAR_ENDOTHELIAL_GROWTH_FACTOR_RECEPTOR_SIGNALING_PATHWAY,NOT_QUALIFIED_EITHER,,,,,
GOBP_REGULATION_OF_VASCULAR_PERMEABILITY,NOT_QUALIFIED_EITHER,,,,,
GOBP_REGULATION_OF_VASCULATURE_DEVELOPMENT,QUALIFIED_BOTH,59.0,54.0,52.0,61.0,0.8524590163934426
GOBP_REGULATION_OF_VASCULOGENESIS,NOT_QUALIFIED_EITHER,,,,,
GOBP_REGULATION_OF_VASOCONSTRICTION,NOT_QUALIFIED_EITHER,,,,,
GOBP_REGULATION_OF_VENTRICULAR_CARDIAC_MUSCLE_CELL_MEMBRANE_REPOLARIZATION,NOT_QUALIFIED_EITHER,,,,,
GOBP_REGULATION_OF_VESICLE_FUSION,NOT_QUALIFIED_EITHER,,,,,
GOBP_REGULATION_OF_VESICLE_MEDIATED_TRANSPORT,NOT_QUALIFIED_EITHER,,,,,
GOBP_REGULATION_OF_VESICLE_SIZE,NOT_QUALIFIED_EITHER,,,,,
GOBP_REGULATION_OF_VIRAL_ENTRY_INTO_HOST_CELL,NOT_QUALIFIED_EITHER,,,,,
GOBP_REGULATION_OF_VIRAL_GENOME_REPLICATION,NOT_QUALIFIED_EITHER,,,,,
GOBP_REGULATION_OF_VIRAL_LIFE_CYCLE,NOT_QUALIFIED_EITHER,,,,,
GOBP_REGULATION_OF_VIRAL_PROCESS,QUALIFIED_FIRST_ONLY,,,,,
GOBP_REGULATION_OF_VIRAL_TRANSCRIPTION,QUALIFIED_FIRST_ONLY,,,,,
GOBP_REGULATION_OF_VITAMIN_D_RECEPTOR_SIGNALING_PATHWAY,NOT_QUALIFIED_EITHER,,,,,
GOBP_REGULATION_OF_WNT_SIGNALING_PATHWAY,NOT_QUALIFIED_EITHER,,,,,
GOBP_REGULATION_OF_WOUND_HEALING,NOT_QUALIFIED_EITHER,,,,,
GOBP_REGULATORY_NCRNA_MEDIATED_GENE_SILENCING,NOT_QUALIFIED_EITHER,,,,,
GOBP_REGULATORY_NCRNA_MEDIATED_HETEROCHROMATIN_FORMATION,NOT_QUALIFIED_EITHER,,,,,
GOBP_REGULATORY_NCRNA_PROCESSING,NOT_QUALIFIED_EITHER,,,,,
GOBP_REGULATORY_T_CELL_DIFFERENTIATION,NOT_QUALIFIED_EITHER,,,,,
GOBP_RELAXATION_OF_CARDIAC_MUSCLE,NOT_QUALIFIED_EITHER,,,,,
GOBP_RELAXATION_OF_MUSCLE,NOT_QUALIFIED_EITHER,,,,,
GOBP_RELEASE_OF_CYTOCHROME_C_FROM_MITOCHONDRIA,NOT_QUALIFIED_EITHER,,,,,
GOBP_RELEASE_OF_SEQUESTERED_CALCIUM_ION_INTO_CYTOSOL_BY_ENDOPLASMIC_RETICULUM,NOT_QUALIFIED_EITHER,,,,,
GOBP_RENAL_ABSORPTION,NOT_QUALIFIED_EITHER,,,,,
GOBP_RENAL_FILTRATION,NOT_QUALIFIED_EITHER,,,,,
GOBP_RENAL_SYSTEM_DEVELOPMENT,NOT_QUALIFIED_EITHER,,,,,
GOBP_RENAL_SYSTEM_PROCESS,NOT_QUALIFIED_EITHER,,,,,
GOBP_RENAL_SYSTEM_PROCESS_INVOLVED_IN_REGULATION_OF_SYSTEMIC_ARTERIAL_BLOOD_PRESSURE,NOT_QUALIFIED_EITHER,,,,,
GOBP_RENAL_SYSTEM_VASCULATURE_DEVELOPMENT,NOT_QUALIFIED_EITHER,,,,,
GOBP_RENAL_TUBULE_DEVELOPMENT,QUALIFIED_BOTH,31.0,37.0,30.0,38.0,0.7894736842105263
GOBP_RENAL_VESICLE_DEVELOPMENT,QUALIFIED_BOTH,8.0,8.0,8.0,8.0,1.0
GOBP_RENAL_WATER_HOMEOSTASIS,NOT_QUALIFIED_EITHER,,,,,
GOBP_REPLACEMENT_OSSIFICATION,NOT_QUALIFIED_EITHER,,,,,
GOBP_REPLICATIVE_SENESCENCE,NOT_QUALIFIED_EITHER,,,,,
GOBP_REPRODUCTIVE_BEHAVIOR,NOT_QUALIFIED_EITHER,,,,,
GOBP_REPRODUCTIVE_SYSTEM_DEVELOPMENT,NOT_QUALIFIED_EITHER,,,,,
GOBP_RESCUE_OF_STALLED_RIBOSOME,NOT_QUALIFIED_EITHER,,,,,
GOBP_RESPIRATORY_BURST,NOT_QUALIFIED_EITHER,,,,,
GOBP_RESPIRATORY_CHAIN_COMPLEX_IV_ASSEMBLY,NOT_QUALIFIED_EITHER,,,,,
GOBP_RESPIRATORY_GASEOUS_EXCHANGE_BY_RESPIRATORY_SYSTEM,NOT_QUALIFIED_EITHER,,,,,
GOBP_RESPIRATORY_SYSTEM_DEVELOPMENT,NOT_QUALIFIED_EITHER,,,,,
GOBP_RESPIRATORY_SYSTEM_PROCESS,NOT_QUALIFIED_EITHER,,,,,
GOBP_RESPONSE_TO_ACETYLCHOLINE,NOT_QUALIFIED_EITHER,,,,,
GOBP_RESPONSE_TO_ACIDIC_PH,NOT_QUALIFIED_EITHER,,,,,
GOBP_RESPONSE_TO_ACID_CHEMICAL,NOT_QUALIFIED_EITHER,,,,,
GOBP_RESPONSE_TO_ACTIVITY,NOT_QUALIFIED_EITHER,,,,,
GOBP_RESPONSE_TO_ALCOHOL,NOT_QUALIFIED_EITHER,,,,,
GOBP_RESPONSE_TO_ALKALOID,QUALIFIED_FIRST_ONLY,,,,,
GOBP_RESPONSE_TO_AMINE,NOT_QUALIFIED_EITHER,,,,,
GOBP_RESPONSE_TO_AMINO_ACID_STARVATION,NOT_QUALIFIED_EITHER,,,,,
GOBP_RESPONSE_TO_AMPHETAMINE,NOT_QUALIFIED_EITHER,,,,,
GOBP_RESPONSE_TO_AMYLOID_BETA,NOT_QUALIFIED_EITHER,,,,,
GOBP_RESPONSE_TO_ANGIOTENSIN,NOT_QUALIFIED_EITHER,,,,,
GOBP_RESPONSE_TO_ANTIBIOTIC,NOT_QUALIFIED_EITHER,,,,,
GOBP_RESPONSE_TO_ARSENIC_CONTAINING_SUBSTANCE,NOT_QUALIFIED_EITHER,,,,,
GOBP_RESPONSE_TO_ATP,NOT_QUALIFIED_EITHER,,,,,
GOBP_RESPONSE_TO_AUDITORY_STIMULUS,NOT_QUALIFIED_EITHER,,,,,
GOBP_RESPONSE_TO_AXON_INJURY,NOT_QUALIFIED_EITHER,,,,,
GOBP_RESPONSE_TO_BACTERIUM,NOT_QUALIFIED_EITHER,,,,,
GOBP_RESPONSE_TO_BMP,NOT_QUALIFIED_EITHER,,,,,
GOBP_RESPONSE_TO_CADMIUM_ION,NOT_QUALIFIED_EITHER,,,,,
GOBP_RESPONSE_TO_CALCIUM_ION,NOT_QUALIFIED_EITHER,,,,,
GOBP_RESPONSE_TO_CAMP,NOT_QUALIFIED_EITHER,,,,,
GOBP_RESPONSE_TO_CARBOHYDRATE,NOT_QUALIFIED_EITHER,,,,,
GOBP_RESPONSE_TO_CHEMOKINE,NOT_QUALIFIED_EITHER,,,,,
GOBP_RESPONSE_TO_COCAINE,NOT_QUALIFIED_EITHER,,,,,
GOBP_RESPONSE_TO_COLD,NOT_QUALIFIED_EITHER,,,,,
GOBP_RESPONSE_TO_COPPER_ION,NOT_QUALIFIED_EITHER,,,,,
GOBP_RESPONSE_TO_CORTICOSTEROID,QUALIFIED_FIRST_ONLY,,,,,
GOBP_RESPONSE_TO_DEXAMETHASONE,NOT_QUALIFIED_EITHER,,,,,
GOBP_RESPONSE_TO_DIETARY_EXCESS,NOT_QUALIFIED_EITHER,,,,,
GOBP_RESPONSE_TO_DSRNA,NOT_QUALIFIED_EITHER,,,,,
GOBP_RESPONSE_TO_ELECTRICAL_STIMULUS,NOT_QUALIFIED_EITHER,,,,,
GOBP_RESPONSE_TO_ENDOPLASMIC_RETICULUM_STRESS,QUALIFIED_SECOND_ONLY,,,,,
GOBP_RESPONSE_TO_EPIDERMAL_GROWTH_FACTOR,NOT_QUALIFIED_EITHER,,,,,
GOBP_RESPONSE_TO_ESTRADIOL,NOT_QUALIFIED_EITHER,,,,,
GOBP_RESPONSE_TO_ESTROGEN,NOT_QUALIFIED_EITHER,,,,,
GOBP_RESPONSE_TO_ETHANOL,NOT_QUALIFIED_EITHER,,,,,
GOBP_RESPONSE_TO_ETHER,NOT_QUALIFIED_EITHER,,,,,
GOBP_RESPONSE_TO_FATTY_ACID,NOT_QUALIFIED_EITHER,,,,,
GOBP_RESPONSE_TO_FIBROBLAST_GROWTH_FACTOR,QUALIFIED_BOTH,26.0,21.0,21.0,26.0,0.8076923076923077
GOBP_RESPONSE_TO_FLUID_SHEAR_STRESS,NOT_QUALIFIED_EITHER,,,,,
GOBP_RESPONSE_TO_FOOD,NOT_QUALIFIED_EITHER,,,,,
GOBP_RESPONSE_TO_FORSKOLIN,NOT_QUALIFIED_EITHER,,,,,
GOBP_RESPONSE_TO_FUNGUS,NOT_QUALIFIED_EITHER,,,,,
GOBP_RESPONSE_TO_GAMMA_RADIATION,NOT_QUALIFIED_EITHER,,,,,
GOBP_RESPONSE_TO_GLUCAGON,NOT_QUALIFIED_EITHER,,,,,
GOBP_RESPONSE_TO_GONADOTROPIN,NOT_QUALIFIED_EITHER,,,,,
GOBP_RESPONSE_TO_GROWTH_HORMONE,NOT_QUALIFIED_EITHER,,,,,
GOBP_RESPONSE_TO_HEAT,NOT_QUALIFIED_EITHER,,,,,
GOBP_RESPONSE_TO_HEPATOCYTE_GROWTH_FACTOR,NOT_QUALIFIED_EITHER,,,,,
GOBP_RESPONSE_TO_HYDROGEN_PEROXIDE,NOT_QUALIFIED_EITHER,,,,,
GOBP_RESPONSE_TO_HYDROPEROXIDE,NOT_QUALIFIED_EITHER,,,,,
GOBP_RESPONSE_TO_HYPEROXIA,NOT_QUALIFIED_EITHER,,,,,
GOBP_RESPONSE_TO_IMMOBILIZATION_STRESS,NOT_QUALIFIED_EITHER,,,,,
GOBP_RESPONSE_TO_INCREASED_OXYGEN_LEVELS,NOT_QUALIFIED_EITHER,,,,,
GOBP_RESPONSE_TO_INSULIN,NOT_QUALIFIED_EITHER,,,,,
GOBP_RESPONSE_TO_INTERFERON_ALPHA,QUALIFIED_BOTH,10.0,10.0,10.0,10.0,1.0
GOBP_RESPONSE_TO_INTERFERON_BETA,NOT_QUALIFIED_EITHER,,,,,
GOBP_RESPONSE_TO_INTERLEUKIN_1,NOT_QUALIFIED_EITHER,,,,,
GOBP_RESPONSE_TO_INTERLEUKIN_17,QUALIFIED_BOTH,6.0,6.0,6.0,6.0,1.0
GOBP_RESPONSE_TO_INTERLEUKIN_4,NOT_QUALIFIED_EITHER,,,,,
GOBP_RESPONSE_TO_INTERLEUKIN_6,QUALIFIED_BOTH,13.0,12.0,11.0,14.0,0.7857142857142857
GOBP_RESPONSE_TO_INTERLEUKIN_7,NOT_QUALIFIED_EITHER,,,,,
GOBP_RESPONSE_TO_IONIZING_RADIATION,NOT_QUALIFIED_EITHER,,,,,
GOBP_RESPONSE_TO_IRON_ION,NOT_QUALIFIED_EITHER,,,,,
GOBP_RESPONSE_TO_ISCHEMIA,NOT_QUALIFIED_EITHER,,,,,
GOBP_RESPONSE_TO_KETONE,NOT_QUALIFIED_EITHER,,,,,
GOBP_RESPONSE_TO_LAMINAR_FLUID_SHEAR_STRESS,NOT_QUALIFIED_EITHER,,,,,
GOBP_RESPONSE_TO_LEAD_ION,NOT_QUALIFIED_EITHER,,,,,
GOBP_RESPONSE_TO_LEPTIN,NOT_QUALIFIED_EITHER,,,,,
GOBP_RESPONSE_TO_LEUKEMIA_INHIBITORY_FACTOR,QUALIFIED_SECOND_ONLY,,,,,
GOBP_RESPONSE_TO_LIGHT_INTENSITY,NOT_QUALIFIED_EITHER,,,,,
GOBP_RESPONSE_TO_LIGHT_STIMULUS,NOT_QUALIFIED_EITHER,,,,,
GOBP_RESPONSE_TO_LIPOPROTEIN_PARTICLE,NOT_QUALIFIED_EITHER,,,,,
GOBP_RESPONSE_TO_L_GLUTAMATE,NOT_QUALIFIED_EITHER,,,,,
GOBP_RESPONSE_TO_MANGANESE_ION,NOT_QUALIFIED_EITHER,,,,,
GOBP_RESPONSE_TO_MECHANICAL_STIMULUS,NOT_QUALIFIED_EITHER,,,,,
GOBP_RESPONSE_TO_METAL_ION,NOT_QUALIFIED_EITHER,,,,,
GOBP_RESPONSE_TO_MINERALOCORTICOID,NOT_QUALIFIED_EITHER,,,,,
GOBP_RESPONSE_TO_MISFOLDED_PROTEIN,NOT_QUALIFIED_EITHER,,,,,
GOBP_RESPONSE_TO_MOLECULE_OF_BACTERIAL_ORIGIN,NOT_QUALIFIED_EITHER,,,,,
GOBP_RESPONSE_TO_MONOAMINE,NOT_QUALIFIED_EITHER,,,,,
GOBP_RESPONSE_TO_MONOSACCHARIDE,NOT_QUALIFIED_EITHER,,,,,
GOBP_RESPONSE_TO_MURAMYL_DIPEPTIDE,NOT_QUALIFIED_EITHER,,,,,
GOBP_RESPONSE_TO_MUSCLE_ACTIVITY,NOT_QUALIFIED_EITHER,,,,,
GOBP_RESPONSE_TO_MUSCLE_STRETCH,QUALIFIED_BOTH,10.0,10.0,9.0,11.0,0.8181818181818182
GOBP_RESPONSE_TO_NERVE_GROWTH_FACTOR,NOT_QUALIFIED_EITHER,,,,,
GOBP_RESPONSE_TO_NICOTINE,NOT_QUALIFIED_EITHER,,,,,
GOBP_RESPONSE_TO_NITRIC_OXIDE,NOT_QUALIFIED_EITHER,,,,,
GOBP_RESPONSE_TO_NUTRIENT,NOT_QUALIFIED_EITHER,,,,,
GOBP_RESPONSE_TO_NUTRIENT_LEVELS,NOT_QUALIFIED_EITHER,,,,,
GOBP_RESPONSE_TO_ORGANOPHOSPHORUS,NOT_QUALIFIED_EITHER,,,,,
GOBP_RESPONSE_TO_OSMOTIC_STRESS,NOT_QUALIFIED_EITHER,,,,,
GOBP_RESPONSE_TO_OXIDATIVE_STRESS,NOT_QUALIFIED_EITHER,,,,,
GOBP_RESPONSE_TO_OXYGEN_LEVELS,QUALIFIED_FIRST_ONLY,,,,,
GOBP_RESPONSE_TO_OXYGEN_RADICAL,NOT_QUALIFIED_EITHER,,,,,
GOBP_RESPONSE_TO_PAIN,NOT_QUALIFIED_EITHER,,,,,
GOBP_RESPONSE_TO_PEPTIDE_HORMONE,NOT_QUALIFIED_EITHER,,,,,
GOBP_RESPONSE_TO_PH,NOT_QUALIFIED_EITHER,,,,,
GOBP_RESPONSE_TO_PLATELET_DERIVED_GROWTH_FACTOR,NOT_QUALIFIED_EITHER,,,,,
GOBP_RESPONSE_TO_POTASSIUM_ION,NOT_QUALIFIED_EITHER,,,,,
GOBP_RESPONSE_TO_PROGESTERONE,NOT_QUALIFIED_EITHER,,,,,
GOBP_RESPONSE_TO_PROSTAGLANDIN,NOT_QUALIFIED_EITHER,,,,,
GOBP_RESPONSE_TO_PROSTAGLANDIN_E,NOT_QUALIFIED_EITHER,,,,,
GOBP_RESPONSE_TO_PROTOZOAN,NOT_QUALIFIED_EITHER,,,,,
GOBP_RESPONSE_TO_PURINE_CONTAINING_COMPOUND,NOT_QUALIFIED_EITHER,,,,,
GOBP_RESPONSE_TO_RADIATION,NOT_QUALIFIED_EITHER,,,,,
GOBP_RESPONSE_TO_REACTIVE_OXYGEN_SPECIES,NOT_QUALIFIED_EITHER,,,,,
GOBP_RESPONSE_TO_RETINOIC_ACID,NOT_QUALIFIED_EITHER,,,,,
GOBP_RESPONSE_TO_SALT,NOT_QUALIFIED_EITHER,,,,,
GOBP_RESPONSE_TO_SALT_STRESS,NOT_QUALIFIED_EITHER,,,,,
GOBP_RESPONSE_TO_STARVATION,NOT_QUALIFIED_EITHER,,,,,
GOBP_RESPONSE_TO_STEROID_HORMONE,NOT_QUALIFIED_EITHER,,,,,
GOBP_RESPONSE_TO_STEROL,NOT_QUALIFIED_EITHER,,,,,
GOBP_RESPONSE_TO_STEROL_DEPLETION,NOT_QUALIFIED_EITHER,,,,,
GOBP_RESPONSE_TO_TEMPERATURE_STIMULUS,NOT_QUALIFIED_EITHER,,,,,
GOBP_RESPONSE_TO_TESTOSTERONE,NOT_QUALIFIED_EITHER,,,,,
GOBP_RESPONSE_TO_THYROID_HORMONE,NOT_QUALIFIED_EITHER,,,,,
GOBP_RESPONSE_TO_TOPOLOGICALLY_INCORRECT_PROTEIN,QUALIFIED_SECOND_ONLY,,,,,
GOBP_RESPONSE_TO_TOXIC_SUBSTANCE,NOT_QUALIFIED_EITHER,,,,,
GOBP_RESPONSE_TO_TRANSFORMING_GROWTH_FACTOR_BETA,NOT_QUALIFIED_EITHER,,,,,
GOBP_RESPONSE_TO_TUMOR_CELL,NOT_QUALIFIED_EITHER,,,,,
GOBP_RESPONSE_TO_TUMOR_NECROSIS_FACTOR,NOT_QUALIFIED_EITHER,,,,,
GOBP_RESPONSE_TO_TYPE_II_INTERFERON,NOT_QUALIFIED_EITHER,,,,,
GOBP_RESPONSE_TO_TYPE_I_INTERFERON,QUALIFIED_BOTH,46.0,54.0,45.0,55.0,0.8181818181818182
GOBP_RESPONSE_TO_UV,NOT_QUALIFIED_EITHER,,,,,
GOBP_RESPONSE_TO_UV_B,NOT_QUALIFIED_EITHER,,,,,
GOBP_RESPONSE_TO_VIRUS,NOT_QUALIFIED_EITHER,,,,,
GOBP_RESPONSE_TO_VITAMIN,NOT_QUALIFIED_EITHER,,,,,
GOBP_RESPONSE_TO_VITAMIN_D,NOT_QUALIFIED_EITHER,,,,,
GOBP_RESPONSE_TO_WOUNDING,NOT_QUALIFIED_EITHER,,,,,
GOBP_RESPONSE_TO_XENOBIOTIC_STIMULUS,NOT_QUALIFIED_EITHER,,,,,
GOBP_RESPONSE_TO_X_RAY,NOT_QUALIFIED_EITHER,,,,,
GOBP_RESPONSE_TO_ZINC_ION,NOT_QUALIFIED_EITHER,,,,,
GOBP_RETICULOPHAGY,NOT_QUALIFIED_EITHER,,,,,
GOBP_RETINAL_GANGLION_CELL_AXON_GUIDANCE,NOT_QUALIFIED_EITHER,,,,,
GOBP_RETINAL_METABOLIC_PROCESS,NOT_QUALIFIED_EITHER,,,,,
GOBP_RETINA_DEVELOPMENT_IN_CAMERA_TYPE_EYE,NOT_QUALIFIED_EITHER,,,,,
GOBP_RETINA_HOMEOSTASIS,NOT_QUALIFIED_EITHER,,,,,
GOBP_RETINA_LAYER_FORMATION,NOT_QUALIFIED_EITHER,,,,,
GOBP_RETINA_MORPHOGENESIS_IN_CAMERA_TYPE_EYE,NOT_QUALIFIED_EITHER,,,,,
GOBP_RETINA_VASCULATURE_DEVELOPMENT_IN_CAMERA_TYPE_EYE,NOT_QUALIFIED_EITHER,,,,,
GOBP_RETINOIC_ACID_METABOLIC_PROCESS,NOT_QUALIFIED_EITHER,,,,,
GOBP_RETINOIC_ACID_RECEPTOR_SIGNALING_PATHWAY,QUALIFIED_BOTH,13.0,15.0,13.0,15.0,0.8666666666666667
GOBP_RETINOL_METABOLIC_PROCESS,NOT_QUALIFIED_EITHER,,,,,
GOBP_RETROGRADE_AXONAL_TRANSPORT,NOT_QUALIFIED_EITHER,,,,,
GOBP_RETROGRADE_TRANSPORT_ENDOSOME_TO_GOLGI,NOT_QUALIFIED_EITHER,,,,,
GOBP_RETROGRADE_VESICLE_MEDIATED_TRANSPORT_GOLGI_TO_ENDOPLASMIC_RETICULUM,NOT_QUALIFIED_EITHER,,,,,
GOBP_RHO_PROTEIN_SIGNAL_TRANSDUCTION,NOT_QUALIFIED_EITHER,,,,,
GOBP_RHYTHMIC_BEHAVIOR,QUALIFIED_BOTH,8.0,8.0,8.0,8.0,1.0
GOBP_RHYTHMIC_PROCESS,NOT_QUALIFIED_EITHER,,,,,
GOBP_RIBONUCLEOSIDE_METABOLIC_PROCESS,NOT_QUALIFIED_EITHER,,,,,
GOBP_RIBONUCLEOSIDE_MONOPHOSPHATE_BIOSYNTHETIC_PROCESS,NOT_QUALIFIED_EITHER,,,,,
GOBP_RIBONUCLEOTIDE_CATABOLIC_PROCESS,NOT_QUALIFIED_EITHER,,,,,
GOBP_RIBOSE_PHOSPHATE_BIOSYNTHETIC_PROCESS,NOT_QUALIFIED_EITHER,,,,,
GOBP_RIBOSE_PHOSPHATE_METABOLIC_PROCESS,NOT_QUALIFIED_EITHER,,,,,
GOBP_RIBOSOMAL_LARGE_SUBUNIT_ASSEMBLY,NOT_QUALIFIED_EITHER,,,,,
GOBP_RIBOSOMAL_LARGE_SUBUNIT_BIOGENESIS,NOT_QUALIFIED_EITHER,,,,,
GOBP_RIBOSOMAL_SMALL_SUBUNIT_ASSEMBLY,NOT_QUALIFIED_EITHER,,,,,
GOBP_RIBOSOMAL_SMALL_SUBUNIT_BIOGENESIS,NOT_QUALIFIED_EITHER,,,,,
GOBP_RIBOSOME_ASSEMBLY,NOT_QUALIFIED_EITHER,,,,,
GOBP_RIBOSOME_ASSOCIATED_UBIQUITIN_DEPENDENT_PROTEIN_CATABOLIC_PROCESS,NOT_QUALIFIED_EITHER,,,,,
GOBP_RIBOSOME_BIOGENESIS,NOT_QUALIFIED_EITHER,,,,,
GOBP_RIBOSOME_DISASSEMBLY,NOT_QUALIFIED_EITHER,,,,,
GOBP_RIG_I_SIGNALING_PATHWAY,NOT_QUALIFIED_EITHER,,,,,
GOBP_RNA_3_END_PROCESSING,NOT_QUALIFIED_EITHER,,,,,
GOBP_RNA_5_END_PROCESSING,NOT_QUALIFIED_EITHER,,,,,
GOBP_RNA_CAPPING,NOT_QUALIFIED_EITHER,,,,,
GOBP_RNA_DECAPPING,NOT_QUALIFIED_EITHER,,,,,
GOBP_RNA_EXPORT_FROM_NUCLEUS,QUALIFIED_BOTH,39.0,48.0,35.0,52.0,0.6730769230769231
GOBP_RNA_LOCALIZATION,NOT_QUALIFIED_EITHER,,,,,
GOBP_RNA_METHYLATION,NOT_QUALIFIED_EITHER,,,,,
GOBP_RNA_MODIFICATION,NOT_QUALIFIED_EITHER,,,,,
GOBP_RNA_POLYMERASE_II_PREINITIATION_COMPLEX_ASSEMBLY,NOT_QUALIFIED_EITHER,,,,,
GOBP_RNA_POLYMERASE_II_TRANSCRIPTION_INITIATION_SURVEILLANCE,NOT_QUALIFIED_EITHER,,,,,
GOBP_RNA_SPLICING,NOT_QUALIFIED_EITHER,,,,,
GOBP_RNA_SPLICING_VIA_ENDONUCLEOLYTIC_CLEAVAGE_AND_LIGATION,NOT_QUALIFIED_EITHER,,,,,
GOBP_RNA_SPLICING_VIA_TRANSESTERIFICATION_REACTIONS,NOT_QUALIFIED_EITHER,,,,,
GOBP_RNA_SURVEILLANCE,NOT_QUALIFIED_EITHER,,,,,
GOBP_RNA_TEMPLATED_DNA_BIOSYNTHETIC_PROCESS,NOT_QUALIFIED_EITHER,,,,,
GOBP_ROOF_OF_MOUTH_DEVELOPMENT,NOT_QUALIFIED_EITHER,,,,,
GOBP_RRNA_CATABOLIC_PROCESS,NOT_QUALIFIED_EITHER,,,,,
GOBP_RRNA_METABOLIC_PROCESS,NOT_QUALIFIED_EITHER,,,,,
GOBP_RRNA_METHYLATION,NOT_QUALIFIED_EITHER,,,,,
GOBP_RRNA_MODIFICATION,NOT_QUALIFIED_EITHER,,,,,
GOBP_RRNA_PROCESSING,NOT_QUALIFIED_EITHER,,,,,
GOBP_RRNA_TRANSCRIPTION,NOT_QUALIFIED_EITHER,,,,,
GOBP_RUFFLE_ASSEMBLY,NOT_QUALIFIED_EITHER,,,,,
GOBP_RUFFLE_ORGANIZATION,NOT_QUALIFIED_EITHER,,,,,
GOBP_SALIVARY_GLAND_DEVELOPMENT,NOT_QUALIFIED_EITHER,,,,,
GOBP_SARCOMERE_ORGANIZATION,NOT_QUALIFIED_EITHER,,,,,
GOBP_SARCOPLASMIC_RETICULUM_CALCIUM_ION_TRANSPORT,NOT_QUALIFIED_EITHER,,,,,
GOBP_SCF_DEPENDENT_PROTEASOMAL_UBIQUITIN_DEPENDENT_PROTEIN_CATABOLIC_PROCESS,NOT_QUALIFIED_EITHER,,,,,
GOBP_SCHWANN_CELL_DIFFERENTIATION,NOT_QUALIFIED_EITHER,,,,,
GOBP_SECONDARY_METABOLIC_PROCESS,NOT_QUALIFIED_EITHER,,,,,
GOBP_SECONDARY_METABOLITE_BIOSYNTHETIC_PROCESS,NOT_QUALIFIED_EITHER,,,,,
GOBP_SECONDARY_PALATE_DEVELOPMENT,NOT_QUALIFIED_EITHER,,,,,
GOBP_SECRETION_BY_TISSUE,NOT_QUALIFIED_EITHER,,,,,
GOBP_SECRETORY_GRANULE_LOCALIZATION,NOT_QUALIFIED_EITHER,,,,,
GOBP_SECRETORY_GRANULE_ORGANIZATION,NOT_QUALIFIED_EITHER,,,,,
GOBP_SEGMENTATION,NOT_QUALIFIED_EITHER,,,,,
GOBP_SEMAPHORIN_PLEXIN_SIGNALING_PATHWAY,NOT_QUALIFIED_EITHER,,,,,
GOBP_SEMINIFEROUS_TUBULE_DEVELOPMENT,NOT_QUALIFIED_EITHER,,,,,
GOBP_SEMI_LUNAR_VALVE_DEVELOPMENT,NOT_QUALIFIED_EITHER,,,,,
GOBP_SENSORY_ORGAN_DEVELOPMENT,NOT_QUALIFIED_EITHER,,,,,
GOBP_SENSORY_ORGAN_MORPHOGENESIS,NOT_QUALIFIED_EITHER,,,,,
GOBP_SENSORY_PERCEPTION,NOT_QUALIFIED_EITHER,,,,,
GOBP_SENSORY_PERCEPTION_OF_CHEMICAL_STIMULUS,NOT_QUALIFIED_EITHER,,,,,
GOBP_SENSORY_PERCEPTION_OF_LIGHT_STIMULUS,NOT_QUALIFIED_EITHER,,,,,
GOBP_SENSORY_PERCEPTION_OF_MECHANICAL_STIMULUS,NOT_QUALIFIED_EITHER,,,,,
GOBP_SENSORY_PERCEPTION_OF_PAIN,NOT_QUALIFIED_EITHER,,,,,
GOBP_SENSORY_PERCEPTION_OF_SMELL,NOT_QUALIFIED_EITHER,,,,,
GOBP_SENSORY_PERCEPTION_OF_TASTE,NOT_QUALIFIED_EITHER,,,,,
GOBP_SENSORY_PERCEPTION_OF_TEMPERATURE_STIMULUS,NOT_QUALIFIED_EITHER,,,,,
GOBP_SENSORY_SYSTEM_DEVELOPMENT,NOT_QUALIFIED_EITHER,,,,,
GOBP_SEQUESTERING_OF_CALCIUM_ION,NOT_QUALIFIED_EITHER,,,,,
GOBP_SERTOLI_CELL_DIFFERENTIATION,NOT_QUALIFIED_EITHER,,,,,
GOBP_SEX_DIFFERENTIATION,NOT_QUALIFIED_EITHER,,,,,
GOBP_SIGNALING_RECEPTOR_LIGAND_PRECURSOR_PROCESSING,NOT_QUALIFIED_EITHER,,,,,
GOBP_SIGNAL_RELEASE,NOT_QUALIFIED_EITHER,,,,,
GOBP_SIGNAL_TRANSDUCTION_BY_P53_CLASS_MEDIATOR,NOT_QUALIFIED_EITHER,,,,,
GOBP_SIGNAL_TRANSDUCTION_IN_ABSENCE_OF_LIGAND,NOT_QUALIFIED_EITHER,,,,,
GOBP_SIGNAL_TRANSDUCTION_IN_RESPONSE_TO_DNA_DAMAGE,NOT_QUALIFIED_EITHER,,,,,
GOBP_SINGLE_FERTILIZATION,NOT_QUALIFIED_EITHER,,,,,
GOBP_SISTER_CHROMATID_COHESION,NOT_QUALIFIED_EITHER,,,,,
GOBP_SISTER_CHROMATID_SEGREGATION,NOT_QUALIFIED_EITHER,,,,,
GOBP_SKELETAL_MUSCLE_ACETYLCHOLINE_GATED_CHANNEL_CLUSTERING,NOT_QUALIFIED_EITHER,,,,,
GOBP_SKELETAL_MUSCLE_ADAPTATION,NOT_QUALIFIED_EITHER,,,,,
GOBP_SKELETAL_MUSCLE_CELL_DIFFERENTIATION,NOT_QUALIFIED_EITHER,,,,,
GOBP_SKELETAL_MUSCLE_CELL_PROLIFERATION,NOT_QUALIFIED_EITHER,,,,,
GOBP_SKELETAL_MUSCLE_CONTRACTION,NOT_QUALIFIED_EITHER,,,,,
GOBP_SKELETAL_MUSCLE_ORGAN_DEVELOPMENT,NOT_QUALIFIED_EITHER,,,,,
GOBP_SKELETAL_MUSCLE_TISSUE_REGENERATION,NOT_QUALIFIED_EITHER,,,,,
GOBP_SKELETAL_SYSTEM_DEVELOPMENT,QUALIFIED_FIRST_ONLY,,,,,
GOBP_SKELETAL_SYSTEM_MORPHOGENESIS,NOT_QUALIFIED_EITHER,,,,,
GOBP_SKIN_DEVELOPMENT,NOT_QUALIFIED_EITHER,,,,,
GOBP_SKIN_EPIDERMIS_DEVELOPMENT,NOT_QUALIFIED_EITHER,,,,,
GOBP_SMAD_PROTEIN_SIGNAL_TRANSDUCTION,QUALIFIED_BOTH,22.0,20.0,20.0,22.0,0.9090909090909091
GOBP_SMALL_GTPASE_MEDIATED_SIGNAL_TRANSDUCTION,NOT_QUALIFIED_EITHER,,,,,
GOBP_SMALL_MOLECULE_CATABOLIC_PROCESS,NOT_QUALIFIED_EITHER,,,,,
GOBP_SMOOTHENED_SIGNALING_PATHWAY,NOT_QUALIFIED_EITHER,,,,,
GOBP_SMOOTH_MUSCLE_CELL_APOPTOTIC_PROCESS,NOT_QUALIFIED_EITHER,,,,,
GOBP_SMOOTH_MUSCLE_CELL_DIFFERENTIATION,NOT_QUALIFIED_EITHER,,,,,
GOBP_SMOOTH_MUSCLE_CELL_MIGRATION,NOT_QUALIFIED_EITHER,,,,,
GOBP_SMOOTH_MUSCLE_CELL_PROLIFERATION,NOT_QUALIFIED_EITHER,,,,,
GOBP_SMOOTH_MUSCLE_CONTRACTION,NOT_QUALIFIED_EITHER,,,,,
GOBP_SMOOTH_MUSCLE_TISSUE_DEVELOPMENT,NOT_QUALIFIED_EITHER,,,,,
GOBP_SNARE_COMPLEX_ASSEMBLY,NOT_QUALIFIED_EITHER,,,,,
GOBP_SNO_S_RNA_METABOLIC_PROCESS,NOT_QUALIFIED_EITHER,,,,,
GOBP_SNRNA_3_END_PROCESSING,NOT_QUALIFIED_EITHER,,,,,
GOBP_SNRNA_METABOLIC_PROCESS,NOT_QUALIFIED_EITHER,,,,,
GOBP_SNRNA_PROCESSING,NOT_QUALIFIED_EITHER,,,,,
GOBP_SNRNA_TRANSCRIPTION,NOT_QUALIFIED_EITHER,,,,,
GOBP_SNRNA_TRANSCRIPTION_BY_RNA_POLYMERASE_II,NOT_QUALIFIED_EITHER,,,,,
GOBP_SODIUM_ION_HOMEOSTASIS,NOT_QUALIFIED_EITHER,,,,,
GOBP_SODIUM_ION_IMPORT_ACROSS_PLASMA_MEMBRANE,NOT_QUALIFIED_EITHER,,,,,
GOBP_SODIUM_ION_TRANSMEMBRANE_TRANSPORT,NOT_QUALIFIED_EITHER,,,,,
GOBP_SODIUM_ION_TRANSPORT,NOT_QUALIFIED_EITHER,,,,,
GOBP_SOMATIC_DIVERSIFICATION_OF_IMMUNE_RECEPTORS,NOT_QUALIFIED_EITHER,,,,,
GOBP_SOMATIC_DIVERSIFICATION_OF_IMMUNE_RECEPTORS_VIA_SOMATIC_MUTATION,NOT_QUALIFIED_EITHER,,,,,
GOBP_SOMATIC_DIVERSIFICATION_OF_IMMUNOGLOBULINS,NOT_QUALIFIED_EITHER,,,,,
GOBP_SOMATIC_STEM_CELL_POPULATION_MAINTENANCE,NOT_QUALIFIED_EITHER,,,,,
GOBP_SOMITE_DEVELOPMENT,NOT_QUALIFIED_EITHER,,,,,
GOBP_SOMITOGENESIS,NOT_QUALIFIED_EITHER,,,,,
GOBP_SPECIFICATION_OF_ANIMAL_ORGAN_IDENTITY,NOT_QUALIFIED_EITHER,,,,,
GOBP_SPECIFICATION_OF_SYMMETRY,NOT_QUALIFIED_EITHER,,,,,
GOBP_SPERMATID_DIFFERENTIATION,NOT_QUALIFIED_EITHER,,,,,
GOBP_SPERMATID_NUCLEUS_DIFFERENTIATION,NOT_QUALIFIED_EITHER,,,,,
GOBP_SPERM_AXONEME_ASSEMBLY,NOT_QUALIFIED_EITHER,,,,,
GOBP_SPERM_CAPACITATION,NOT_QUALIFIED_EITHER,,,,,
GOBP_SPERM_EGG_RECOGNITION,NOT_QUALIFIED_EITHER,,,,,
GOBP_SPERM_FLAGELLUM_ASSEMBLY,QUALIFIED_SECOND_ONLY,,,,,
GOBP_SPHINGOID_BIOSYNTHETIC_PROCESS,NOT_QUALIFIED_EITHER,,,,,
GOBP_SPHINGOID_METABOLIC_PROCESS,NOT_QUALIFIED_EITHER,,,,,
GOBP_SPHINGOLIPID_BIOSYNTHETIC_PROCESS,NOT_QUALIFIED_EITHER,,,,,
GOBP_SPHINGOLIPID_MEDIATED_SIGNALING_PATHWAY,NOT_QUALIFIED_EITHER,,,,,
GOBP_SPHINGOLIPID_METABOLIC_PROCESS,NOT_QUALIFIED_EITHER,,,,,
GOBP_SPHINGOMYELIN_METABOLIC_PROCESS,NOT_QUALIFIED_EITHER,,,,,
GOBP_SPINAL_CORD_DEVELOPMENT,NOT_QUALIFIED_EITHER,,,,,
GOBP_SPINAL_CORD_MOTOR_NEURON_DIFFERENTIATION,NOT_QUALIFIED_EITHER,,,,,
GOBP_SPINDLE_ASSEMBLY,NOT_QUALIFIED_EITHER,,,,,
GOBP_SPINDLE_LOCALIZATION,NOT_QUALIFIED_EITHER,,,,,
GOBP_SPINDLE_ORGANIZATION,NOT_QUALIFIED_EITHER,,,,,
GOBP_SPLEEN_DEVELOPMENT,NOT_QUALIFIED_EITHER,,,,,
GOBP_SPLICEOSOMAL_COMPLEX_ASSEMBLY,NOT_QUALIFIED_EITHER,,,,,
GOBP_SPLICEOSOMAL_CONFORMATIONAL_CHANGES_TO_GENERATE_CATALYTIC_CONFORMATION,NOT_QUALIFIED_EITHER,,,,,
GOBP_SPLICEOSOMAL_SNRNP_ASSEMBLY,NOT_QUALIFIED_EITHER,,,,,
GOBP_SPLICEOSOMAL_TRI_SNRNP_COMPLEX_ASSEMBLY,NOT_QUALIFIED_EITHER,,,,,
GOBP_SPROUTING_ANGIOGENESIS,QUALIFIED_BOTH,28.0,26.0,25.0,29.0,0.8620689655172413
GOBP_SRP_DEPENDENT_COTRANSLATIONAL_PROTEIN_TARGETING_TO_MEMBRANE,QUALIFIED_BOTH,9.0,9.0,8.0,10.0,0.8
GOBP_STARTLE_RESPONSE,NOT_QUALIFIED_EITHER,,,,,
GOBP_STEM_CELL_DEVELOPMENT,NOT_QUALIFIED_EITHER,,,,,
GOBP_STEM_CELL_DIFFERENTIATION,NOT_QUALIFIED_EITHER,,,,,
GOBP_STEM_CELL_DIVISION,NOT_QUALIFIED_EITHER,,,,,
GOBP_STEM_CELL_PROLIFERATION,NOT_QUALIFIED_EITHER,,,,,
GOBP_STEROID_BIOSYNTHETIC_PROCESS,NOT_QUALIFIED_EITHER,,,,,
GOBP_STEROID_CATABOLIC_PROCESS,NOT_QUALIFIED_EITHER,,,,,
GOBP_STEROID_HORMONE_BIOSYNTHETIC_PROCESS,NOT_QUALIFIED_EITHER,,,,,
GOBP_STEROID_HORMONE_RECEPTOR_SIGNALING_PATHWAY,NOT_QUALIFIED_EITHER,,,,,
GOBP_STEROID_HORMONE_SECRETION,NOT_QUALIFIED_EITHER,,,,,
GOBP_STEROID_METABOLIC_PROCESS,NOT_QUALIFIED_EITHER,,,,,
GOBP_STEROL_BIOSYNTHETIC_PROCESS,QUALIFIED_BOTH,26.0,31.0,26.0,31.0,0.8387096774193549
GOBP_STEROL_HOMEOSTASIS,NOT_QUALIFIED_EITHER,,,,,
GOBP_STEROL_METABOLIC_PROCESS,QUALIFIED_SECOND_ONLY,,,,,
GOBP_STEROL_TRANSPORT,NOT_QUALIFIED_EITHER,,,,,
GOBP_STORE_OPERATED_CALCIUM_ENTRY,NOT_QUALIFIED_EITHER,,,,,
GOBP_STRESS_ACTIVATED_PROTEIN_KINASE_SIGNALING_CASCADE,NOT_QUALIFIED_EITHER,,,,,
GOBP_STRESS_FIBER_ASSEMBLY,NOT_QUALIFIED_EITHER,,,,,
GOBP_STRESS_GRANULE_ASSEMBLY,NOT_QUALIFIED_EITHER,,,,,
GOBP_STRIATED_MUSCLE_ADAPTATION,NOT_QUALIFIED_EITHER,,,,,
GOBP_STRIATED_MUSCLE_CELL_APOPTOTIC_PROCESS,NOT_QUALIFIED_EITHER,,,,,
GOBP_STRIATED_MUSCLE_CELL_DIFFERENTIATION,NOT_QUALIFIED_EITHER,,,,,
GOBP_STRIATED_MUSCLE_CELL_PROLIFERATION,NOT_QUALIFIED_EITHER,,,,,
GOBP_STRIATED_MUSCLE_CONTRACTION,NOT_QUALIFIED_EITHER,,,,,
GOBP_STRIATUM_DEVELOPMENT,QUALIFIED_BOTH,10.0,9.0,9.0,10.0,0.9
GOBP_SUBPALLIUM_DEVELOPMENT,QUALIFIED_SECOND_ONLY,,,,,
GOBP_SUBSTANTIA_NIGRA_DEVELOPMENT,NOT_QUALIFIED_EITHER,,,,,
GOBP_SUBSTRATE_ADHESION_DEPENDENT_CELL_SPREADING,NOT_QUALIFIED_EITHER,,,,,
GOBP_SUBSTRATE_DEPENDENT_CELL_MIGRATION,NOT_QUALIFIED_EITHER,,,,,
GOBP_SULFUR_AMINO_ACID_BIOSYNTHETIC_PROCESS,NOT_QUALIFIED_EITHER,,,,,
GOBP_SULFUR_AMINO_ACID_METABOLIC_PROCESS,NOT_QUALIFIED_EITHER,,,,,
GOBP_SULFUR_COMPOUND_BIOSYNTHETIC_PROCESS,NOT_QUALIFIED_EITHER,,,,,
GOBP_SULFUR_COMPOUND_CATABOLIC_PROCESS,NOT_QUALIFIED_EITHER,,,,,
GOBP_SULFUR_COMPOUND_METABOLIC_PROCESS,NOT_QUALIFIED_EITHER,,,,,
GOBP_SULFUR_COMPOUND_TRANSPORT,NOT_QUALIFIED_EITHER,,,,,
GOBP_SUPEROXIDE_ANION_GENERATION,NOT_QUALIFIED_EITHER,,,,,
GOBP_SUPEROXIDE_METABOLIC_PROCESS,NOT_QUALIFIED_EITHER,,,,,
GOBP_SUPPRESSION_OF_VIRAL_RELEASE_BY_HOST,NOT_QUALIFIED_EITHER,,,,,
GOBP_SURFACTANT_HOMEOSTASIS,NOT_QUALIFIED_EITHER,,,,,
GOBP_SYMBIONT_ENTRY_INTO_HOST,NOT_QUALIFIED_EITHER,,,,,
GOBP_SYNAPSE_ASSEMBLY,NOT_QUALIFIED_EITHER,,,,,
GOBP_SYNAPSE_MATURATION,NOT_QUALIFIED_EITHER,,,,,
GOBP_SYNAPSE_ORGANIZATION,NOT_QUALIFIED_EITHER,,,,,
GOBP_SYNAPTIC_ASSEMBLY_AT_NEUROMUSCULAR_JUNCTION,NOT_QUALIFIED_EITHER,,,,,
GOBP_SYNAPTIC_MEMBRANE_ADHESION,NOT_QUALIFIED_EITHER,,,,,
GOBP_SYNAPTIC_TRANSMISSION_CHOLINERGIC,NOT_QUALIFIED_EITHER,,,,,
GOBP_SYNAPTIC_TRANSMISSION_DOPAMINERGIC,NOT_QUALIFIED_EITHER,,,,,
GOBP_SYNAPTIC_TRANSMISSION_GABAERGIC,NOT_QUALIFIED_EITHER,,,,,
GOBP_SYNAPTIC_TRANSMISSION_GLUTAMATERGIC,NOT_QUALIFIED_EITHER,,,,,
GOBP_SYNAPTIC_VESICLE_CYTOSKELETAL_TRANSPORT,NOT_QUALIFIED_EITHER,,,,,
GOBP_SYNAPTIC_VESICLE_EXOCYTOSIS,NOT_QUALIFIED_EITHER,,,,,
GOBP_SYNAPTIC_VESICLE_LOCALIZATION,NOT_QUALIFIED_EITHER,,,,,
GOBP_SYNAPTIC_VESICLE_LUMEN_ACIDIFICATION,NOT_QUALIFIED_EITHER,,,,,
GOBP_SYNAPTIC_VESICLE_MATURATION,NOT_QUALIFIED_EITHER,,,,,
GOBP_SYNAPTIC_VESICLE_MEMBRANE_ORGANIZATION,NOT_QUALIFIED_EITHER,,,,,
GOBP_SYNAPTIC_VESICLE_PRIMING,NOT_QUALIFIED_EITHER,,,,,
GOBP_SYNAPTIC_VESICLE_RECYCLING,NOT_QUALIFIED_EITHER,,,,,
GOBP_SYNAPTIC_VESICLE_TRANSPORT,NOT_QUALIFIED_EITHER,,,,,
GOBP_SYNAPTONEMAL_COMPLEX_ORGANIZATION,NOT_QUALIFIED_EITHER,,,,,
GOBP_SYNCYTIUM_FORMATION,QUALIFIED_BOTH,56.0,49.0,48.0,57.0,0.8421052631578947
GOBP_TAIL_ANCHORED_MEMBRANE_PROTEIN_INSERTION_INTO_ER_MEMBRANE,NOT_QUALIFIED_EITHER,,,,,
GOBP_TAXIS,NOT_QUALIFIED_EITHER,,,,,
GOBP_TELENCEPHALON_DEVELOPMENT,NOT_QUALIFIED_EITHER,,,,,
GOBP_TELENCEPHALON_GLIAL_CELL_MIGRATION,NOT_QUALIFIED_EITHER,,,,,
GOBP_TELOMERASE_RNA_LOCALIZATION,NOT_QUALIFIED_EITHER,,,,,
GOBP_TELOMERE_CAPPING,NOT_QUALIFIED_EITHER,,,,,
GOBP_TELOMERE_MAINTENANCE_IN_RESPONSE_TO_DNA_DAMAGE,NOT_QUALIFIED_EITHER,,,,,
GOBP_TELOMERE_MAINTENANCE_VIA_TELOMERE_LENGTHENING,NOT_QUALIFIED_EITHER,,,,,
GOBP_TELOMERE_ORGANIZATION,NOT_QUALIFIED_EITHER,,,,,
GOBP_TEMPERATURE_HOMEOSTASIS,NOT_QUALIFIED_EITHER,,,,,
GOBP_TERMINATION_OF_RNA_POLYMERASE_III_TRANSCRIPTION,NOT_QUALIFIED_EITHER,,,,,
GOBP_TERMINATION_OF_RNA_POLYMERASE_II_TRANSCRIPTION,NOT_QUALIFIED_EITHER,,,,,
GOBP_TERMINATION_OF_RNA_POLYMERASE_I_TRANSCRIPTION,NOT_QUALIFIED_EITHER,,,,,
GOBP_TERPENOID_BIOSYNTHETIC_PROCESS,QUALIFIED_BOTH,9.0,9.0,9.0,9.0,1.0
GOBP_TERTIARY_ALCOHOL_METABOLIC_PROCESS,NOT_QUALIFIED_EITHER,,,,,
GOBP_TETRAHYDROFOLATE_METABOLIC_PROCESS,NOT_QUALIFIED_EITHER,,,,,
GOBP_TETRAPYRROLE_BIOSYNTHETIC_PROCESS,NOT_QUALIFIED_EITHER,,,,,
GOBP_TETRAPYRROLE_METABOLIC_PROCESS,NOT_QUALIFIED_EITHER,,,,,
GOBP_THYMIC_T_CELL_SELECTION,NOT_QUALIFIED_EITHER,,,,,
GOBP_THYMOCYTE_APOPTOTIC_PROCESS,NOT_QUALIFIED_EITHER,,,,,
GOBP_THYMUS_DEVELOPMENT,NOT_QUALIFIED_EITHER,,,,,
GOBP_THYROID_GLAND_DEVELOPMENT,NOT_QUALIFIED_EITHER,,,,,
GOBP_THYROID_HORMONE_METABOLIC_PROCESS,NOT_QUALIFIED_EITHER,,,,,
GOBP_TIGHT_JUNCTION_ORGANIZATION,NOT_QUALIFIED_EITHER,,,,,
GOBP_TISSUE_HOMEOSTASIS,NOT_QUALIFIED_EITHER,,,,,
GOBP_TISSUE_MIGRATION,NOT_QUALIFIED_EITHER,,,,,
GOBP_TISSUE_REGENERATION,NOT_QUALIFIED_EITHER,,,,,
GOBP_TISSUE_REMODELING,NOT_QUALIFIED_EITHER,,,,,
GOBP_TOLERANCE_INDUCTION,NOT_QUALIFIED_EITHER,,,,,
GOBP_TOLL_LIKE_RECEPTOR_2_SIGNALING_PATHWAY,NOT_QUALIFIED_EITHER,,,,,
GOBP_TOLL_LIKE_RECEPTOR_3_SIGNALING_PATHWAY,NOT_QUALIFIED_EITHER,,,,,
GOBP_TOLL_LIKE_RECEPTOR_9_SIGNALING_PATHWAY,NOT_QUALIFIED_EITHER,,,,,
GOBP_TOLL_LIKE_RECEPTOR_SIGNALING_PATHWAY,NOT_QUALIFIED_EITHER,,,,,
GOBP_TOOTH_MINERALIZATION,NOT_QUALIFIED_EITHER,,,,,
GOBP_TORC1_SIGNALING,NOT_QUALIFIED_EITHER,,,,,
GOBP_TORC2_SIGNALING,NOT_QUALIFIED_EITHER,,,,,
GOBP_TOR_SIGNALING,NOT_QUALIFIED_EITHER,,,,,
GOBP_TRABECULA_FORMATION,NOT_QUALIFIED_EITHER,,,,,
GOBP_TRABECULA_MORPHOGENESIS,NOT_QUALIFIED_EITHER,,,,,
GOBP_TRACHEA_DEVELOPMENT,NOT_QUALIFIED_EITHER,,,,,
GOBP_TRANSCRIPTION_BY_RNA_POLYMERASE_I,NOT_QUALIFIED_EITHER,,,,,
GOBP_TRANSCRIPTION_BY_RNA_POLYMERASE_III,NOT_QUALIFIED_EITHER,,,,,
GOBP_TRANSCRIPTION_ELONGATION_BY_RNA_POLYMERASE_I,NOT_QUALIFIED_EITHER,,,,,
GOBP_TRANSCRIPTION_ELONGATION_BY_RNA_POLYMERASE_II,NOT_QUALIFIED_EITHER,,,,,
GOBP_TRANSCRIPTION_INITIATION_AT_RNA_POLYMERASE_III_PROMOTER,NOT_QUALIFIED_EITHER,,,,,
GOBP_TRANSCRIPTION_INITIATION_AT_RNA_POLYMERASE_II_PROMOTER,NOT_QUALIFIED_EITHER,,,,,
GOBP_TRANSCRIPTION_INITIATION_AT_RNA_POLYMERASE_I_PROMOTER,NOT_QUALIFIED_EITHER,,,,,
GOBP_TRANSCRIPTION_PREINITIATION_COMPLEX_ASSEMBLY,NOT_QUALIFIED_EITHER,,,,,
GOBP_TRANSCYTOSIS,NOT_QUALIFIED_EITHER,,,,,
GOBP_TRANSEPITHELIAL_TRANSPORT,NOT_QUALIFIED_EITHER,,,,,
GOBP_TRANSFORMING_GROWTH_FACTOR_BETA1_PRODUCTION,NOT_QUALIFIED_EITHER,,,,,
GOBP_TRANSFORMING_GROWTH_FACTOR_BETA_PRODUCTION,NOT_QUALIFIED_EITHER,,,,,
GOBP_TRANSFORMING_GROWTH_FACTOR_BETA_RECEPTOR_SIGNALING_PATHWAY,NOT_QUALIFIED_EITHER,,,,,
GOBP_TRANSITION_METAL_ION_TRANSPORT,NOT_QUALIFIED_EITHER,,,,,
GOBP_TRANSLATIONAL_ELONGATION,NOT_QUALIFIED_EITHER,,,,,
GOBP_TRANSLATIONAL_INITIATION,NOT_QUALIFIED_EITHER,,,,,
GOBP_TRANSLATIONAL_TERMINATION,NOT_QUALIFIED_EITHER,,,,,
GOBP_TRANSMISSION_OF_NERVE_IMPULSE,NOT_QUALIFIED_EITHER,,,,,
GOBP_TRANSPOSABLE_ELEMENT_SILENCING_BY_HETEROCHROMATIN_FORMATION,NOT_QUALIFIED_EITHER,,,,,
GOBP_TRANSPOSITION,NOT_QUALIFIED_EITHER,,,,,
GOBP_TRANS_SYNAPTIC_SIGNALING_MODULATING_SYNAPTIC_TRANSMISSION,NOT_QUALIFIED_EITHER,,,,,
GOBP_TRICARBOXYLIC_ACID_CYCLE,NOT_QUALIFIED_EITHER,,,,,
GOBP_TRIGLYCERIDE_CATABOLIC_PROCESS,NOT_QUALIFIED_EITHER,,,,,
GOBP_TRIGLYCERIDE_METABOLIC_PROCESS,NOT_QUALIFIED_EITHER,,,,,
GOBP_TRNA_5_END_PROCESSING,NOT_QUALIFIED_EITHER,,,,,
GOBP_TRNA_5_LEADER_REMOVAL,NOT_QUALIFIED_EITHER,,,,,
GOBP_TRNA_DECAY,NOT_QUALIFIED_EITHER,,,,,
GOBP_TRNA_METABOLIC_PROCESS,NOT_QUALIFIED_EITHER,,,,,
GOBP_TRNA_METHYLATION,NOT_QUALIFIED_EITHER,,,,,
GOBP_TRNA_MODIFICATION,NOT_QUALIFIED_EITHER,,,,,
GOBP_TRNA_PROCESSING,NOT_QUALIFIED_EITHER,,,,,
GOBP_TRNA_THREONYLCARBAMOYLADENOSINE_METABOLIC_PROCESS,NOT_QUALIFIED_EITHER,,,,,
GOBP_TRNA_WOBBLE_BASE_MODIFICATION,NOT_QUALIFIED_EITHER,,,,,
GOBP_TRNA_WOBBLE_URIDINE_MODIFICATION,NOT_QUALIFIED_EITHER,,,,,
GOBP_TROPHECTODERMAL_CELL_DIFFERENTIATION,NOT_QUALIFIED_EITHER,,,,,
GOBP_TROPHOBLAST_CELL_MIGRATION,NOT_QUALIFIED_EITHER,,,,,
GOBP_TUBE_CLOSURE,NOT_QUALIFIED_EITHER,,,,,
GOBP_TUBE_FORMATION,NOT_QUALIFIED_EITHER,,,,,
GOBP_TUBULIN_DEACETYLATION,NOT_QUALIFIED_EITHER,,,,,
GOBP_TUMOR_NECROSIS_FACTOR_MEDIATED_SIGNALING_PATHWAY,NOT_QUALIFIED_EITHER,,,,,
GOBP_TUMOR_NECROSIS_FACTOR_SUPERFAMILY_CYTOKINE_PRODUCTION,NOT_QUALIFIED_EITHER,,,,,
GOBP_TYPE_2_IMMUNE_RESPONSE,NOT_QUALIFIED_EITHER,,,,,
GOBP_TYPE_2_MITOPHAGY,NOT_QUALIFIED_EITHER,,,,,
GOBP_TYPE_B_PANCREATIC_CELL_DEVELOPMENT,NOT_QUALIFIED_EITHER,,,,,
GOBP_TYPE_B_PANCREATIC_CELL_DIFFERENTIATION,NOT_QUALIFIED_EITHER,,,,,
GOBP_TYPE_B_PANCREATIC_CELL_PROLIFERATION,NOT_QUALIFIED_EITHER,,,,,
GOBP_TYPE_II_INTERFERON_MEDIATED_SIGNALING_PATHWAY,NOT_QUALIFIED_EITHER,,,,,
GOBP_TYPE_II_INTERFERON_PRODUCTION,NOT_QUALIFIED_EITHER,,,,,
GOBP_TYPE_I_INTERFERON_MEDIATED_SIGNALING_PATHWAY,NOT_QUALIFIED_EITHER,,,,,
GOBP_TYPE_I_INTERFERON_PRODUCTION,NOT_QUALIFIED_EITHER,,,,,
GOBP_TYROSINE_PHOSPHORYLATION_OF_STAT_PROTEIN,QUALIFIED_BOTH,7.0,7.0,7.0,7.0,1.0
GOBP_T_CELL_ACTIVATION,NOT_QUALIFIED_EITHER,,,,,
GOBP_T_CELL_ACTIVATION_INVOLVED_IN_IMMUNE_RESPONSE,NOT_QUALIFIED_EITHER,,,,,
GOBP_T_CELL_APOPTOTIC_PROCESS,NOT_QUALIFIED_EITHER,,,,,
GOBP_T_CELL_CYTOKINE_PRODUCTION,NOT_QUALIFIED_EITHER,,,,,
GOBP_T_CELL_DIFFERENTIATION,NOT_QUALIFIED_EITHER,,,,,
GOBP_T_CELL_DIFFERENTIATION_INVOLVED_IN_IMMUNE_RESPONSE,QUALIFIED_FIRST_ONLY,,,,,
GOBP_T_CELL_DIFFERENTIATION_IN_THYMUS,NOT_QUALIFIED_EITHER,,,,,
GOBP_T_CELL_HOMEOSTASIS,NOT_QUALIFIED_EITHER,,,,,
GOBP_T_CELL_LINEAGE_COMMITMENT,NOT_QUALIFIED_EITHER,,,,,
GOBP_T_CELL_MEDIATED_CYTOTOXICITY,NOT_QUALIFIED_EITHER,,,,,
GOBP_T_CELL_MEDIATED_IMMUNE_RESPONSE_TO_TUMOR_CELL,NOT_QUALIFIED_EITHER,,,,,
GOBP_T_CELL_MEDIATED_IMMUNITY,NOT_QUALIFIED_EITHER,,,,,
GOBP_T_CELL_MIGRATION,NOT_QUALIFIED_EITHER,,,,,
GOBP_T_CELL_PROLIFERATION,NOT_QUALIFIED_EITHER,,,,,
GOBP_T_CELL_RECEPTOR_SIGNALING_PATHWAY,NOT_QUALIFIED_EITHER,,,,,
GOBP_T_CELL_SELECTION,NOT_QUALIFIED_EITHER,,,,,
GOBP_T_HELPER_17_CELL_DIFFERENTIATION,QUALIFIED_BOTH,28.0,28.0,26.0,30.0,0.8666666666666667
GOBP_T_HELPER_17_TYPE_IMMUNE_RESPONSE,QUALIFIED_BOTH,34.0,36.0,32.0,38.0,0.8421052631578947
GOBP_T_HELPER_1_CELL_DIFFERENTIATION,NOT_QUALIFIED_EITHER,,,,,
GOBP_T_HELPER_1_TYPE_IMMUNE_RESPONSE,NOT_QUALIFIED_EITHER,,,,,
GOBP_T_HELPER_CELL_LINEAGE_COMMITMENT,NOT_QUALIFIED_EITHER,,,,,
GOBP_U2_TYPE_PRESPLICEOSOME_ASSEMBLY,NOT_QUALIFIED_EITHER,,,,,
GOBP_UBIQUITIN_DEPENDENT_PROTEIN_CATABOLIC_PROCESS_VIA_THE_C_END_DEGRON_RULE_PATHWAY,NOT_QUALIFIED_EITHER,,,,,
GOBP_UBIQUITIN_DEPENDENT_PROTEIN_CATABOLIC_PROCESS_VIA_THE_MULTIVESICULAR_BODY_SORTING_PATHWAY,NOT_QUALIFIED_EITHER,,,,,
GOBP_UNSATURATED_FATTY_ACID_BIOSYNTHETIC_PROCESS,NOT_QUALIFIED_EITHER,,,,,
GOBP_UNSATURATED_FATTY_ACID_METABOLIC_PROCESS,NOT_QUALIFIED_EITHER,,,,,
GOBP_UROGENITAL_SYSTEM_DEVELOPMENT,NOT_QUALIFIED_EITHER,,,,,
GOBP_UTERUS_DEVELOPMENT,NOT_QUALIFIED_EITHER,,,,,
GOBP_UV_DAMAGE_EXCISION_REPAIR,NOT_QUALIFIED_EITHER,,,,,
GOBP_VACUOLAR_ACIDIFICATION,NOT_QUALIFIED_EITHER,,,,,
GOBP_VACUOLAR_LOCALIZATION,NOT_QUALIFIED_EITHER,,,,,
GOBP_VACUOLAR_TRANSPORT,NOT_QUALIFIED_EITHER,,,,,
GOBP_VACUOLE_ORGANIZATION,NOT_QUALIFIED_EITHER,,,,,
GOBP_VASCULAR_ASSOCIATED_SMOOTH_MUSCLE_CELL_DIFFERENTIATION,NOT_QUALIFIED_EITHER,,,,,
GOBP_VASCULAR_ASSOCIATED_SMOOTH_MUSCLE_CELL_MIGRATION,NOT_QUALIFIED_EITHER,,,,,
GOBP_VASCULAR_ASSOCIATED_SMOOTH_MUSCLE_CELL_PROLIFERATION,NOT_QUALIFIED_EITHER,,,,,
GOBP_VASCULAR_ASSOCIATED_SMOOTH_MUSCLE_CONTRACTION,NOT_QUALIFIED_EITHER,,,,,
GOBP_VASCULAR_ENDOTHELIAL_CELL_PROLIFERATION,NOT_QUALIFIED_EITHER,,,,,
GOBP_VASCULAR_ENDOTHELIAL_CELL_RESPONSE_TO_FLUID_SHEAR_STRESS,NOT_QUALIFIED_EITHER,,,,,
GOBP_VASCULAR_ENDOTHELIAL_CELL_RESPONSE_TO_LAMINAR_FLUID_SHEAR_STRESS,NOT_QUALIFIED_EITHER,,,,,
GOBP_VASCULAR_ENDOTHELIAL_GROWTH_FACTOR_PRODUCTION,QUALIFIED_BOTH,11.0,8.0,8.0,11.0,0.7272727272727273
GOBP_VASCULAR_ENDOTHELIAL_GROWTH_FACTOR_RECEPTOR_SIGNALING_PATHWAY,NOT_QUALIFIED_EITHER,,,,,
GOBP_VASCULAR_ENDOTHELIAL_GROWTH_FACTOR_SIGNALING_PATHWAY,NOT_QUALIFIED_EITHER,,,,,
GOBP_VASCULAR_PROCESS_IN_CIRCULATORY_SYSTEM,NOT_QUALIFIED_EITHER,,,,,
GOBP_VASCULAR_TRANSPORT,NOT_QUALIFIED_EITHER,,,,,
GOBP_VASCULAR_WOUND_HEALING,NOT_QUALIFIED_EITHER,,,,,
GOBP_VASCULOGENESIS,NOT_QUALIFIED_EITHER,,,,,
GOBP_VASOCONSTRICTION,NOT_QUALIFIED_EITHER,,,,,
GOBP_VASODILATION,NOT_QUALIFIED_EITHER,,,,,
GOBP_VENOUS_BLOOD_VESSEL_DEVELOPMENT,NOT_QUALIFIED_EITHER,,,,,
GOBP_VENTRAL_SPINAL_CORD_DEVELOPMENT,NOT_QUALIFIED_EITHER,,,,,
GOBP_VENTRICULAR_CARDIAC_MUSCLE_CELL_ACTION_POTENTIAL,NOT_QUALIFIED_EITHER,,,,,
GOBP_VENTRICULAR_CARDIAC_MUSCLE_CELL_DIFFERENTIATION,NOT_QUALIFIED_EITHER,,,,,
GOBP_VENTRICULAR_CARDIAC_MUSCLE_CELL_MEMBRANE_REPOLARIZATION,NOT_QUALIFIED_EITHER,,,,,
GOBP_VENTRICULAR_CARDIAC_MUSCLE_TISSUE_DEVELOPMENT,NOT_QUALIFIED_EITHER,,,,,
GOBP_VENTRICULAR_CARDIAC_MUSCLE_TISSUE_MORPHOGENESIS,NOT_QUALIFIED_EITHER,,,,,
GOBP_VENTRICULAR_SEPTUM_DEVELOPMENT,NOT_QUALIFIED_EITHER,,,,,
GOBP_VENTRICULAR_SEPTUM_MORPHOGENESIS,QUALIFIED_SECOND_ONLY,,,,,
GOBP_VENTRICULAR_SYSTEM_DEVELOPMENT,NOT_QUALIFIED_EITHER,,,,,
GOBP_VERY_LONG_CHAIN_FATTY_ACID_METABOLIC_PROCESS,NOT_QUALIFIED_EITHER,,,,,
GOBP_VESICLE_BUDDING_FROM_MEMBRANE,NOT_QUALIFIED_EITHER,,,,,
GOBP_VESICLE_CARGO_LOADING,QUALIFIED_SECOND_ONLY,,,,,
GOBP_VESICLE_COATING,NOT_QUALIFIED_EITHER,,,,,
GOBP_VESICLE_CYTOSKELETAL_TRAFFICKING,NOT_QUALIFIED_EITHER,,,,,
GOBP_VESICLE_DOCKING,NOT_QUALIFIED_EITHER,,,,,
GOBP_VESICLE_DOCKING_INVOLVED_IN_EXOCYTOSIS,NOT_QUALIFIED_EITHER,,,,,
GOBP_VESICLE_FUSION_TO_PLASMA_MEMBRANE,NOT_QUALIFIED_EITHER,,,,,
GOBP_VESICLE_LOCALIZATION,NOT_QUALIFIED_EITHER,,,,,
GOBP_VESICLE_MEDIATED_TRANSPORT_BETWEEN_ENDOSOMAL_COMPARTMENTS,NOT_QUALIFIED_EITHER,,,,,
GOBP_VESICLE_MEDIATED_TRANSPORT_IN_SYNAPSE,NOT_QUALIFIED_EITHER,,,,,
GOBP_VESICLE_MEDIATED_TRANSPORT_TO_THE_PLASMA_MEMBRANE,NOT_QUALIFIED_EITHER,,,,,
GOBP_VESICLE_ORGANIZATION,NOT_QUALIFIED_EITHER,,,,,
GOBP_VESICLE_TARGETING,NOT_QUALIFIED_EITHER,,,,,
GOBP_VESICLE_TARGETING_ROUGH_ER_TO_CIS_GOLGI,NOT_QUALIFIED_EITHER,,,,,
GOBP_VESICLE_TARGETING_TO_FROM_OR_WITHIN_GOLGI,NOT_QUALIFIED_EITHER,,,,,
GOBP_VESICLE_TETHERING,NOT_QUALIFIED_EITHER,,,,,
GOBP_VESICLE_TRANSPORT_ALONG_MICROTUBULE,NOT_QUALIFIED_EITHER,,,,,
GOBP_VIRAL_BUDDING,NOT_QUALIFIED_EITHER,,,,,
GOBP_VIRAL_GENE_EXPRESSION,NOT_QUALIFIED_EITHER,,,,,
GOBP_VIRAL_GENOME_REPLICATION,NOT_QUALIFIED_EITHER,,,,,
GOBP_VIRAL_LIFE_CYCLE,NOT_QUALIFIED_EITHER,,,,,
GOBP_VIRAL_PROCESS,NOT_QUALIFIED_EITHER,,,,,
GOBP_VIRAL_PROTEIN_PROCESSING,NOT_QUALIFIED_EITHER,,,,,
GOBP_VIRAL_RELEASE_FROM_HOST_CELL,NOT_QUALIFIED_EITHER,,,,,
GOBP_VIRAL_RNA_GENOME_REPLICATION,NOT_QUALIFIED_EITHER,,,,,
GOBP_VIRAL_TRANSCRIPTION,NOT_QUALIFIED_EITHER,,,,,
GOBP_VIRAL_TRANSLATION,NOT_QUALIFIED_EITHER,,,,,
GOBP_VIRION_ASSEMBLY,NOT_QUALIFIED_EITHER,,,,,
GOBP_VISUAL_BEHAVIOR,NOT_QUALIFIED_EITHER,,,,,
GOBP_VITAMIN_BIOSYNTHETIC_PROCESS,NOT_QUALIFIED_EITHER,,,,,
GOBP_VITAMIN_D_RECEPTOR_SIGNALING_PATHWAY,QUALIFIED_SECOND_ONLY,,,,,
GOBP_VITAMIN_METABOLIC_PROCESS,NOT_QUALIFIED_EITHER,,,,,
GOBP_VITAMIN_TRANSPORT,NOT_QUALIFIED_EITHER,,,,,
GOBP_V_D_J_RECOMBINATION,NOT_QUALIFIED_EITHER,,,,,
GOBP_WALKING_BEHAVIOR,NOT_QUALIFIED_EITHER,,,,,
GOBP_WHITE_FAT_CELL_DIFFERENTIATION,NOT_QUALIFIED_EITHER,,,,,
GOBP_WNT_SIGNALING_PATHWAY,NOT_QUALIFIED_EITHER,,,,,
GOBP_WNT_SIGNALING_PATHWAY_PLANAR_CELL_POLARITY_PATHWAY,NOT_QUALIFIED_EITHER,,,,,
GOBP_WOUND_HEALING,NOT_QUALIFIED_EITHER,,,,,
GOBP_WOUND_HEALING_SPREADING_OF_EPIDERMAL_CELLS,NOT_QUALIFIED_EITHER,,,,,
GOBP_XENOBIOTIC_CATABOLIC_PROCESS,NOT_QUALIFIED_EITHER,,,,,
GOBP_XENOBIOTIC_METABOLIC_PROCESS,NOT_QUALIFIED_EITHER,,,,,
GOBP_XENOBIOTIC_TRANSMEMBRANE_TRANSPORT,NOT_QUALIFIED_EITHER,,,,,
GOBP_XENOBIOTIC_TRANSPORT,NOT_QUALIFIED_EITHER,,,,,
GOBP_XENOPHAGY,NOT_QUALIFIED_EITHER,,,,,
GOBP_ZINC_ION_TRANSPORT,NOT_QUALIFIED_EITHER,,,,,
GOBP_ZYMOGEN_ACTIVATION,NOT_QUALIFIED_EITHER,,,,,
GOBP_ZYMOSTEROL_METABOLIC_PROCESS,QUALIFIED_BOTH,10.0,11.0,10.0,11.0,0.9090909090909091
HALLMARK_ADIPOGENESIS,NOT_QUALIFIED_EITHER,,,,,
HALLMARK_ALLOGRAFT_REJECTION,QUALIFIED_BOTH,41.0,38.0,35.0,44.0,0.7954545454545454
HALLMARK_ANDROGEN_RESPONSE,NOT_QUALIFIED_EITHER,,,,,
HALLMARK_ANGIOGENESIS,NOT_QUALIFIED_EITHER,,,,,
HALLMARK_APICAL_JUNCTION,NOT_QUALIFIED_EITHER,,,,,
HALLMARK_APICAL_SURFACE,NOT_QUALIFIED_EITHER,,,,,
HALLMARK_APOPTOSIS,NOT_QUALIFIED_EITHER,,,,,
HALLMARK_BILE_ACID_METABOLISM,NOT_QUALIFIED_EITHER,,,,,
HALLMARK_CHOLESTEROL_HOMEOSTASIS,QUALIFIED_BOTH,35.0,38.0,35.0,38.0,0.9210526315789473
HALLMARK_COAGULATION,NOT_QUALIFIED_EITHER,,,,,
HALLMARK_COMPLEMENT,NOT_QUALIFIED_EITHER,,,,,
HALLMARK_DNA_REPAIR,NOT_QUALIFIED_EITHER,,,,,
HALLMARK_E2F_TARGETS,NOT_QUALIFIED_EITHER,,,,,
HALLMARK_EPITHELIAL_MESENCHYMAL_TRANSITION,QUALIFIED_BOTH,68.0,72.0,66.0,74.0,0.8918918918918919
HALLMARK_ESTROGEN_RESPONSE_EARLY,QUALIFIED_BOTH,46.0,47.0,43.0,50.0,0.86
HALLMARK_ESTROGEN_RESPONSE_LATE,NOT_QUALIFIED_EITHER,,,,,
HALLMARK_FATTY_ACID_METABOLISM,QUALIFIED_FIRST_ONLY,,,,,
HALLMARK_G2M_CHECKPOINT,NOT_QUALIFIED_EITHER,,,,,
HALLMARK_GLYCOLYSIS,NOT_QUALIFIED_EITHER,,,,,
HALLMARK_HEDGEHOG_SIGNALING,NOT_QUALIFIED_EITHER,,,,,
HALLMARK_HEME_METABOLISM,NOT_QUALIFIED_EITHER,,,,,
HALLMARK_HYPOXIA,QUALIFIED_BOTH,58.0,54.0,51.0,61.0,0.8360655737704918
HALLMARK_IL2_STAT5_SIGNALING,NOT_QUALIFIED_EITHER,,,,,
HALLMARK_IL6_JAK_STAT3_SIGNALING,QUALIFIED_BOTH,27.0,26.0,24.0,29.0,0.8275862068965517
HALLMARK_INFLAMMATORY_RESPONSE,QUALIFIED_BOTH,45.0,47.0,44.0,48.0,0.9166666666666666
HALLMARK_INTERFERON_ALPHA_RESPONSE,QUALIFIED_BOTH,48.0,47.0,43.0,52.0,0.8269230769230769
HALLMARK_INTERFERON_GAMMA_RESPONSE,QUALIFIED_BOTH,87.0,66.0,62.0,91.0,0.6813186813186813
HALLMARK_KRAS_SIGNALING_DN,NOT_QUALIFIED_EITHER,,,,,
HALLMARK_KRAS_SIGNALING_UP,NOT_QUALIFIED_EITHER,,,,,
HALLMARK_MITOTIC_SPINDLE,NOT_QUALIFIED_EITHER,,,,,
HALLMARK_MTORC1_SIGNALING,QUALIFIED_SECOND_ONLY,,,,,
HALLMARK_MYC_TARGETS_V1,NOT_QUALIFIED_EITHER,,,,,
HALLMARK_MYC_TARGETS_V2,QUALIFIED_BOTH,36.0,30.0,29.0,37.0,0.7837837837837838
HALLMARK_MYOGENESIS,NOT_QUALIFIED_EITHER,,,,,
HALLMARK_NOTCH_SIGNALING,NOT_QUALIFIED_EITHER,,,,,
HALLMARK_OXIDATIVE_PHOSPHORYLATION,NOT_QUALIFIED_EITHER,,,,,
HALLMARK_P53_PATHWAY,NOT_QUALIFIED_EITHER,,,,,
HALLMARK_PANCREAS_BETA_CELLS,NOT_QUALIFIED_EITHER,,,,,
HALLMARK_PEROXISOME,NOT_QUALIFIED_EITHER,,,,,
HALLMARK_PI3K_AKT_MTOR_SIGNALING,NOT_QUALIFIED_EITHER,,,,,
HALLMARK_PROTEIN_SECRETION,NOT_QUALIFIED_EITHER,,,,,
HALLMARK_REACTIVE_OXYGEN_SPECIES_PATHWAY,NOT_QUALIFIED_EITHER,,,,,
HALLMARK_SPERMATOGENESIS,NOT_QUALIFIED_EITHER,,,,,
HALLMARK_TGF_BETA_SIGNALING,QUALIFIED_BOTH,23.0,17.0,17.0,23.0,0.7391304347826086
HALLMARK_TNFA_SIGNALING_VIA_NFKB,QUALIFIED_BOTH,77.0,89.0,77.0,89.0,0.8651685393258427
HALLMARK_UNFOLDED_PROTEIN_RESPONSE,QUALIFIED_BOTH,55.0,51.0,49.0,57.0,0.8596491228070176
HALLMARK_UV_RESPONSE_DN,QUALIFIED_BOTH,49.0,46.0,45.0,50.0,0.9
HALLMARK_UV_RESPONSE_UP,QUALIFIED_SECOND_ONLY,,,,,
HALLMARK_WNT_BETA_CATENIN_SIGNALING,NOT_QUALIFIED_EITHER,,,,,
HALLMARK_XENOBIOTIC_METABOLISM,NOT_QUALIFIED_EITHER,,,,,
REACTOME_ABC_FAMILY_PROTEINS_MEDIATED_TRANSPORT,NOT_QUALIFIED_EITHER,,,,,
REACTOME_ABC_TRANSPORTER_DISORDERS,NOT_QUALIFIED_EITHER,,,,,
REACTOME_ABERRANT_REGULATION_OF_MITOTIC_EXIT_IN_CANCER_DUE_TO_RB1_DEFECTS,NOT_QUALIFIED_EITHER,,,,,
REACTOME_ABERRANT_REGULATION_OF_MITOTIC_G1_S_TRANSITION_IN_CANCER_DUE_TO_RB1_DEFECTS,NOT_QUALIFIED_EITHER,,,,,
REACTOME_ABORTIVE_ELONGATION_OF_HIV_1_TRANSCRIPT_IN_THE_ABSENCE_OF_TAT,NOT_QUALIFIED_EITHER,,,,,
REACTOME_ACTIVATED_NOTCH1_TRANSMITS_SIGNAL_TO_THE_NUCLEUS,NOT_QUALIFIED_EITHER,,,,,
REACTOME_ACTIVATED_PKN1_STIMULATES_TRANSCRIPTION_OF_AR_ANDROGEN_RECEPTOR_REGULATED_GENES_KLK2_AND_KLK3,NOT_QUALIFIED_EITHER,,,,,
REACTOME_ACTIVATED_TAK1_MEDIATES_P38_MAPK_ACTIVATION,NOT_QUALIFIED_EITHER,,,,,
REACTOME_ACTIVATION_OF_AMPK_DOWNSTREAM_OF_NMDARS,NOT_QUALIFIED_EITHER,,,,,
REACTOME_ACTIVATION_OF_ANTERIOR_HOX_GENES_IN_HINDBRAIN_DEVELOPMENT_DURING_EARLY_EMBRYOGENESIS,NOT_QUALIFIED_EITHER,,,,,
REACTOME_ACTIVATION_OF_APC_C_AND_APC_C_CDC20_MEDIATED_DEGRADATION_OF_MITOTIC_PROTEINS,NOT_QUALIFIED_EITHER,,,,,
REACTOME_ACTIVATION_OF_ATR_IN_RESPONSE_TO_REPLICATION_STRESS,NOT_QUALIFIED_EITHER,,,,,
REACTOME_ACTIVATION_OF_BAD_AND_TRANSLOCATION_TO_MITOCHONDRIA,NOT_QUALIFIED_EITHER,,,,,
REACTOME_ACTIVATION_OF_BH3_ONLY_PROTEINS,NOT_QUALIFIED_EITHER,,,,,
REACTOME_ACTIVATION_OF_GENE_EXPRESSION_BY_SREBF_SREBP,QUALIFIED_BOTH,23.0,27.0,23.0,27.0,0.8518518518518519
REACTOME_ACTIVATION_OF_IRF3_IRF7_MEDIATED_BY_TBK1_IKK_IKBKE,NOT_QUALIFIED_EITHER,,,,,
REACTOME_ACTIVATION_OF_KAINATE_RECEPTORS_UPON_GLUTAMATE_BINDING,NOT_QUALIFIED_EITHER,,,,,
REACTOME_ACTIVATION_OF_MATRIX_METALLOPROTEINASES,NOT_QUALIFIED_EITHER,,,,,
REACTOME_ACTIVATION_OF_NF_KAPPAB_IN_B_CELLS,QUALIFIED_BOTH,26.0,32.0,25.0,33.0,0.7575757575757576
REACTOME_ACTIVATION_OF_NMDA_RECEPTORS_AND_POSTSYNAPTIC_EVENTS,NOT_QUALIFIED_EITHER,,,,,
REACTOME_ACTIVATION_OF_SMO,NOT_QUALIFIED_EITHER,,,,,
REACTOME_ACTIVATION_OF_THE_MRNA_UPON_BINDING_OF_THE_CAP_BINDING_COMPLEX_AND_EIFS_AND_SUBSEQUENT_BINDING_TO_43S,QUALIFIED_BOTH,26.0,36.0,26.0,36.0,0.7222222222222222
REACTOME_ACTIVATION_OF_THE_PRE_REPLICATIVE_COMPLEX,NOT_QUALIFIED_EITHER,,,,,
REACTOME_ACYL_CHAIN_REMODELLING_OF_PC,NOT_QUALIFIED_EITHER,,,,,
REACTOME_ACYL_CHAIN_REMODELLING_OF_PE,NOT_QUALIFIED_EITHER,,,,,
REACTOME_ADHERENS_JUNCTIONS_INTERACTIONS,NOT_QUALIFIED_EITHER,,,,,
REACTOME_ADIPOGENESIS,NOT_QUALIFIED_EITHER,,,,,
REACTOME_ADORA2B_MEDIATED_ANTI_INFLAMMATORY_CYTOKINES_PRODUCTION,NOT_QUALIFIED_EITHER,,,,,
REACTOME_ADP_SIGNALLING_THROUGH_P2Y_PURINOCEPTOR_1,NOT_QUALIFIED_EITHER,,,,,
REACTOME_ADP_SIGNALLING_THROUGH_P2Y_PURINOCEPTOR_12,NOT_QUALIFIED_EITHER,,,,,
REACTOME_ADRENALINE_NORADRENALINE_INHIBITS_INSULIN_SECRETION,NOT_QUALIFIED_EITHER,,,,,
REACTOME_AEROBIC_RESPIRATION_AND_RESPIRATORY_ELECTRON_TRANSPORT,NOT_QUALIFIED_EITHER,,,,,
REACTOME_AGGREPHAGY,NOT_QUALIFIED_EITHER,,,,,
REACTOME_AKT_PHOSPHORYLATES_TARGETS_IN_THE_CYTOSOL,NOT_QUALIFIED_EITHER,,,,,
REACTOME_AMINO_ACIDS_REGULATE_MTORC1,NOT_QUALIFIED_EITHER,,,,,
REACTOME_AMPK_INDUCED_ERAD_AND_LYSOSOME_MEDIATED_DEGRADATION_OF_PD_L1_CD274,NOT_QUALIFIED_EITHER,,,,,
REACTOME_AMYLOID_FIBER_FORMATION,NOT_QUALIFIED_EITHER,,,,,
REACTOME_ANCHORING_OF_THE_BASAL_BODY_TO_THE_PLASMA_MEMBRANE,NOT_QUALIFIED_EITHER,,,,,
REACTOME_ANTIGEN_ACTIVATES_B_CELL_RECEPTOR_BCR_LEADING_TO_GENERATION_OF_SECOND_MESSENGERS,NOT_QUALIFIED_EITHER,,,,,
REACTOME_ANTIGEN_PRESENTATION_FOLDING_ASSEMBLY_AND_PEPTIDE_LOADING_OF_CLASS_I_MHC,QUALIFIED_BOTH,19.0,17.0,15.0,21.0,0.7142857142857143
REACTOME_ANTIGEN_PROCESSING_CROSS_PRESENTATION,QUALIFIED_BOTH,43.0,55.0,41.0,57.0,0.7192982456140351
REACTOME_ANTIGEN_PROCESSING_UBIQUITINATION_PROTEASOME_DEGRADATION,NOT_QUALIFIED_EITHER,,,,,
REACTOME_ANTIGEN_PROCESSING_UB_ATP_INDEPENDENT_PROTEASOMAL_DEGRADATION,NOT_QUALIFIED_EITHER,,,,,
REACTOME_ANTIMICROBIAL_MECHANISM_OF_IFN_STIMULATED_GENES,NOT_QUALIFIED_EITHER,,,,,
REACTOME_ANTI_INFLAMMATORY_RESPONSE_FAVOURING_LEISHMANIA_PARASITE_INFECTION,NOT_QUALIFIED_EITHER,,,,,
REACTOME_APC_CDC20_MEDIATED_DEGRADATION_OF_NEK2A,NOT_QUALIFIED_EITHER,,,,,
REACTOME_APC_C_CDC20_MEDIATED_DEGRADATION_OF_CYCLIN_B,NOT_QUALIFIED_EITHER,,,,,
REACTOME_APC_C_CDH1_MEDIATED_DEGRADATION_OF_CDC20_AND_OTHER_APC_C_CDH1_TARGETED_PROTEINS_IN_LATE_MITOSIS_EARLY_G1,NOT_QUALIFIED_EITHER,,,,,
REACTOME_APC_C_MEDIATED_DEGRADATION_OF_CELL_CYCLE_PROTEINS,NOT_QUALIFIED_EITHER,,,,,
REACTOME_APOPTOSIS,NOT_QUALIFIED_EITHER,,,,,
REACTOME_APOPTOTIC_CLEAVAGE_OF_CELLULAR_PROTEINS,NOT_QUALIFIED_EITHER,,,,,
REACTOME_APOPTOTIC_EXECUTION_PHASE,NOT_QUALIFIED_EITHER,,,,,
REACTOME_APOPTOTIC_FACTOR_MEDIATED_RESPONSE,NOT_QUALIFIED_EITHER,,,,,
REACTOME_AQUAPORIN_MEDIATED_TRANSPORT,NOT_QUALIFIED_EITHER,,,,,
REACTOME_ARACHIDONATE_METABOLISM,NOT_QUALIFIED_EITHER,,,,,
REACTOME_ASPARAGINE_N_LINKED_GLYCOSYLATION,NOT_QUALIFIED_EITHER,,,,,
REACTOME_ASPIRIN_ADME,NOT_QUALIFIED_EITHER,,,,,
REACTOME_ASSEMBLY_AND_CELL_SURFACE_PRESENTATION_OF_NMDA_RECEPTORS,NOT_QUALIFIED_EITHER,,,,,
REACTOME_ASSEMBLY_OF_COLLAGEN_FIBRILS_AND_OTHER_MULTIMERIC_STRUCTURES,NOT_QUALIFIED_EITHER,,,,,
REACTOME_ASSEMBLY_OF_THE_HIV_VIRION,NOT_QUALIFIED_EITHER,,,,,
REACTOME_ASSEMBLY_OF_THE_ORC_COMPLEX_AT_THE_ORIGIN_OF_REPLICATION,NOT_QUALIFIED_EITHER,,,,,
REACTOME_ASSOCIATION_OF_TRIC_CCT_WITH_TARGET_PROTEINS_DURING_BIOSYNTHESIS,QUALIFIED_BOTH,18.0,17.0,16.0,19.0,0.8421052631578947
REACTOME_ASYMMETRIC_LOCALIZATION_OF_PCP_PROTEINS,QUALIFIED_BOTH,23.0,33.0,23.0,33.0,0.696969696969697
REACTOME_ATF4_ACTIVATES_GENES_IN_RESPONSE_TO_ENDOPLASMIC_RETICULUM_STRESS,QUALIFIED_BOTH,12.0,10.0,9.0,13.0,0.6923076923076923
REACTOME_ATP_DEPENDENT_CHROMATIN_REMODELERS,NOT_QUALIFIED_EITHER,,,,,
REACTOME_ATTACHMENT_AND_ENTRY,NOT_QUALIFIED_EITHER,,,,,
REACTOME_ATTACHMENT_OF_BACTERIA_TO_EPITHELIAL_CELLS,NOT_QUALIFIED_EITHER,,,,,
REACTOME_ATTENUATION_PHASE,QUALIFIED_BOTH,11.0,11.0,11.0,11.0,1.0
REACTOME_AUF1_HNRNP_D0_BINDS_AND_DESTABILIZES_MRNA,NOT_QUALIFIED_EITHER,,,,,
REACTOME_AURKA_ACTIVATION_BY_TPX2,NOT_QUALIFIED_EITHER,,,,,
REACTOME_AUTOPHAGY,NOT_QUALIFIED_EITHER,,,,,
REACTOME_AZATHIOPRINE_ADME,NOT_QUALIFIED_EITHER,,,,,
REACTOME_BACTERIAL_INFECTION_PATHWAYS,NOT_QUALIFIED_EITHER,,,,,
REACTOME_BASE_EXCISION_REPAIR,NOT_QUALIFIED_EITHER,,,,,
REACTOME_BASE_EXCISION_REPAIR_AP_SITE_FORMATION,NOT_QUALIFIED_EITHER,,,,,
REACTOME_BASIGIN_INTERACTIONS,NOT_QUALIFIED_EITHER,,,,,
REACTOME_BBSOME_MEDIATED_CARGO_TARGETING_TO_CILIUM,NOT_QUALIFIED_EITHER,,,,,
REACTOME_BETA_CATENIN_INDEPENDENT_WNT_SIGNALING,NOT_QUALIFIED_EITHER,,,,,
REACTOME_BETA_CATENIN_PHOSPHORYLATION_CASCADE,NOT_QUALIFIED_EITHER,,,,,
REACTOME_BILE_ACID_AND_BILE_SALT_METABOLISM,NOT_QUALIFIED_EITHER,,,,,
REACTOME_BINDING_AND_UPTAKE_OF_LIGANDS_BY_SCAVENGER_RECEPTORS,NOT_QUALIFIED_EITHER,,,,,
REACTOME_BIOLOGICAL_OXIDATIONS,NOT_QUALIFIED_EITHER,,,,,
REACTOME_BIOSYNTHESIS_OF_THE_N_GLYCAN_PRECURSOR_DOLICHOL_LIPID_LINKED_OLIGOSACCHARIDE_LLO_AND_TRANSFER_TO_A_NASCENT_PROTEIN,NOT_QUALIFIED_EITHER,,,,,
REACTOME_BMAL1_CLOCK_NPAS2_ACTIVATES_CIRCADIAN_EXPRESSION,NOT_QUALIFIED_EITHER,,,,,
REACTOME_BRANCHED_CHAIN_AMINO_ACID_CATABOLISM,NOT_QUALIFIED_EITHER,,,,,
REACTOME_BUDDING_AND_MATURATION_OF_HIV_VIRION,NOT_QUALIFIED_EITHER,,,,,
REACTOME_BUTYRATE_RESPONSE_FACTOR_1_BRF1_BINDS_AND_DESTABILIZES_MRNA,NOT_QUALIFIED_EITHER,,,,,
REACTOME_B_WICH_COMPLEX_POSITIVELY_REGULATES_RRNA_EXPRESSION,NOT_QUALIFIED_EITHER,,,,,
REACTOME_CA2_PATHWAY,NOT_QUALIFIED_EITHER,,,,,
REACTOME_CALNEXIN_CALRETICULIN_CYCLE,NOT_QUALIFIED_EITHER,,,,,
REACTOME_CARBOXYTERMINAL_POST_TRANSLATIONAL_MODIFICATIONS_OF_TUBULIN,NOT_QUALIFIED_EITHER,,,,,
REACTOME_CARDIAC_CONDUCTION,NOT_QUALIFIED_EITHER,,,,,
REACTOME_CARDIOGENESIS,NOT_QUALIFIED_EITHER,,,,,
REACTOME_CARGO_CONCENTRATION_IN_THE_ER,QUALIFIED_BOTH,19.0,13.0,13.0,19.0,0.6842105263157895
REACTOME_CARGO_RECOGNITION_FOR_CLATHRIN_MEDIATED_ENDOCYTOSIS,NOT_QUALIFIED_EITHER,,,,,
REACTOME_CARGO_TRAFFICKING_TO_THE_PERICILIARY_MEMBRANE,NOT_QUALIFIED_EITHER,,,,,
REACTOME_CASPASE_ACTIVATION_VIA_DEATH_RECEPTORS_IN_THE_PRESENCE_OF_LIGAND,NOT_QUALIFIED_EITHER,,,,,
REACTOME_CASPASE_ACTIVATION_VIA_EXTRINSIC_APOPTOTIC_SIGNALLING_PATHWAY,NOT_QUALIFIED_EITHER,,,,,
REACTOME_CA_DEPENDENT_EVENTS,NOT_QUALIFIED_EITHER,,,,,
REACTOME_CD209_DC_SIGN_SIGNALING,NOT_QUALIFIED_EITHER,,,,,
REACTOME_CD28_DEPENDENT_PI3K_AKT_SIGNALING,NOT_QUALIFIED_EITHER,,,,,
REACTOME_CDC42_GTPASE_CYCLE,NOT_QUALIFIED_EITHER,,,,,
REACTOME_CDK_MEDIATED_PHOSPHORYLATION_AND_REMOVAL_OF_CDC6,NOT_QUALIFIED_EITHER,,,,,
REACTOME_CELLULAR_RESPONSES_TO_MECHANICAL_STIMULI,NOT_QUALIFIED_EITHER,,,,,
REACTOME_CELLULAR_RESPONSE_TO_CHEMICAL_STRESS,NOT_QUALIFIED_EITHER,,,,,
REACTOME_CELLULAR_RESPONSE_TO_HEAT_STRESS,NOT_QUALIFIED_EITHER,,,,,
REACTOME_CELLULAR_RESPONSE_TO_HYPOXIA,QUALIFIED_BOTH,28.0,35.0,28.0,35.0,0.8
REACTOME_CELLULAR_RESPONSE_TO_STARVATION,QUALIFIED_SECOND_ONLY,,,,,
REACTOME_CELLULAR_SENESCENCE,NOT_QUALIFIED_EITHER,,,,,
REACTOME_CELL_CELL_COMMUNICATION,NOT_QUALIFIED_EITHER,,,,,
REACTOME_CELL_CYCLE_CHECKPOINTS,NOT_QUALIFIED_EITHER,,,,,
REACTOME_CELL_DEATH_SIGNALLING_VIA_NRAGE_NRIF_AND_NADE,NOT_QUALIFIED_EITHER,,,,,
REACTOME_CELL_EXTRACELLULAR_MATRIX_INTERACTIONS,NOT_QUALIFIED_EITHER,,,,,
REACTOME_CELL_JUNCTION_ORGANIZATION,NOT_QUALIFIED_EITHER,,,,,
REACTOME_CELL_SURFACE_INTERACTIONS_AT_THE_VASCULAR_WALL,NOT_QUALIFIED_EITHER,,,,,
REACTOME_CHAPERONE_MEDIATED_AUTOPHAGY,NOT_QUALIFIED_EITHER,,,,,
REACTOME_CHEMOKINE_RECEPTORS_BIND_CHEMOKINES,NOT_QUALIFIED_EITHER,,,,,
REACTOME_CHOLESTEROL_BIOSYNTHESIS,QUALIFIED_BOTH,19.0,22.0,19.0,22.0,0.8636363636363636
REACTOME_CHONDROITIN_SULFATE_DERMATAN_SULFATE_METABOLISM,NOT_QUALIFIED_EITHER,,,,,
REACTOME_CHROMATIN_MODIFICATIONS_DURING_THE_MATERNAL_TO_ZYGOTIC_TRANSITION_MZT,NOT_QUALIFIED_EITHER,,,,,
REACTOME_CHROMATIN_ORGANIZATION,NOT_QUALIFIED_EITHER,,,,,
REACTOME_CHROMOSOME_MAINTENANCE,NOT_QUALIFIED_EITHER,,,,,
REACTOME_CILIUM_ASSEMBLY,NOT_QUALIFIED_EITHER,,,,,
REACTOME_CIRCADIAN_CLOCK,QUALIFIED_FIRST_ONLY,,,,,
REACTOME_CITRIC_ACID_CYCLE_TCA_CYCLE,NOT_QUALIFIED_EITHER,,,,,
REACTOME_CLASS_A_1_RHODOPSIN_LIKE_RECEPTORS,NOT_QUALIFIED_EITHER,,,,,
REACTOME_CLASS_B_2_SECRETIN_FAMILY_RECEPTORS,NOT_QUALIFIED_EITHER,,,,,
REACTOME_CLASS_C_3_METABOTROPIC_GLUTAMATE_PHEROMONE_RECEPTORS,NOT_QUALIFIED_EITHER,,,,,
REACTOME_CLASS_I_MHC_MEDIATED_ANTIGEN_PROCESSING_PRESENTATION,NOT_QUALIFIED_EITHER,,,,,
REACTOME_CLASS_I_PEROXISOMAL_MEMBRANE_PROTEIN_IMPORT,NOT_QUALIFIED_EITHER,,,,,
REACTOME_CLATHRIN_MEDIATED_ENDOCYTOSIS,NOT_QUALIFIED_EITHER,,,,,
REACTOME_CLEC7A_DECTIN_1_SIGNALING,NOT_QUALIFIED_EITHER,,,,,
REACTOME_COBALAMIN_CBL_VITAMIN_B12_TRANSPORT_AND_METABOLISM,NOT_QUALIFIED_EITHER,,,,,
REACTOME_COLLAGEN_BIOSYNTHESIS_AND_MODIFYING_ENZYMES,NOT_QUALIFIED_EITHER,,,,,
REACTOME_COLLAGEN_CHAIN_TRIMERIZATION,NOT_QUALIFIED_EITHER,,,,,
REACTOME_COLLAGEN_DEGRADATION,NOT_QUALIFIED_EITHER,,,,,
REACTOME_COLLAGEN_FORMATION,NOT_QUALIFIED_EITHER,,,,,
REACTOME_COMPLEMENT_CASCADE,NOT_QUALIFIED_EITHER,,,,,
REACTOME_COMPLEX_III_ASSEMBLY,NOT_QUALIFIED_EITHER,,,,,
REACTOME_COMPLEX_IV_ASSEMBLY,NOT_QUALIFIED_EITHER,,,,,
REACTOME_COMPLEX_I_BIOGENESIS,NOT_QUALIFIED_EITHER,,,,,
REACTOME_CONDENSATION_OF_PROPHASE_CHROMOSOMES,NOT_QUALIFIED_EITHER,,,,,
REACTOME_CONSTITUTIVE_SIGNALING_BY_ABERRANT_PI3K_IN_CANCER,NOT_QUALIFIED_EITHER,,,,,
REACTOME_CONSTITUTIVE_SIGNALING_BY_AKT1_E17K_IN_CANCER,NOT_QUALIFIED_EITHER,,,,,
REACTOME_CONSTITUTIVE_SIGNALING_BY_EGFRVIII,NOT_QUALIFIED_EITHER,,,,,
REACTOME_CONSTITUTIVE_SIGNALING_BY_LIGAND_RESPONSIVE_EGFR_CANCER_VARIANTS,NOT_QUALIFIED_EITHER,,,,,
REACTOME_CONVERSION_FROM_APC_C_CDC20_TO_APC_C_CDH1_IN_LATE_ANAPHASE,NOT_QUALIFIED_EITHER,,,,,
REACTOME_COOPERATION_OF_PDCL_PHLP1_AND_TRIC_CCT_IN_G_PROTEIN_BETA_FOLDING,NOT_QUALIFIED_EITHER,,,,,
REACTOME_COOPERATION_OF_PREFOLDIN_AND_TRIC_CCT_IN_ACTIN_AND_TUBULIN_FOLDING,NOT_QUALIFIED_EITHER,,,,,
REACTOME_COPII_MEDIATED_VESICLE_TRANSPORT,QUALIFIED_BOTH,34.0,36.0,33.0,37.0,0.8918918918918919
REACTOME_COPI_DEPENDENT_GOLGI_TO_ER_RETROGRADE_TRAFFIC,NOT_QUALIFIED_EITHER,,,,,
REACTOME_COPI_INDEPENDENT_GOLGI_TO_ER_RETROGRADE_TRAFFIC,NOT_QUALIFIED_EITHER,,,,,
REACTOME_COPI_MEDIATED_ANTEROGRADE_TRANSPORT,NOT_QUALIFIED_EITHER,,,,,
REACTOME_CO_INHIBITION_BY_CTLA4,NOT_QUALIFIED_EITHER,,,,,
REACTOME_CO_INHIBITION_BY_PD_1,QUALIFIED_FIRST_ONLY,,,,,
REACTOME_CO_STIMULATION_BY_CD28,NOT_QUALIFIED_EITHER,,,,,
REACTOME_CREB1_PHOSPHORYLATION_THROUGH_NMDA_RECEPTOR_MEDIATED_ACTIVATION_OF_RAS_SIGNALING,NOT_QUALIFIED_EITHER,,,,,
REACTOME_CRISTAE_FORMATION,NOT_QUALIFIED_EITHER,,,,,
REACTOME_CRMPS_IN_SEMA3A_SIGNALING,NOT_QUALIFIED_EITHER,,,,,
REACTOME_CROSSLINKING_OF_COLLAGEN_FIBRILS,NOT_QUALIFIED_EITHER,,,,,
REACTOME_CROSS_PRESENTATION_OF_SOLUBLE_EXOGENOUS_ANTIGENS_ENDOSOMES,QUALIFIED_BOTH,20.0,25.0,19.0,26.0,0.7307692307692307
REACTOME_CS_DS_DEGRADATION,NOT_QUALIFIED_EITHER,,,,,
REACTOME_CS_GAG_BIOSYNTHESIS,NOT_QUALIFIED_EITHER,,,,,
REACTOME_CYCLIN_A_B1_B2_ASSOCIATED_EVENTS_DURING_G2_M_TRANSITION,NOT_QUALIFIED_EITHER,,,,,
REACTOME_CYCLIN_A_CDK2_ASSOCIATED_EVENTS_AT_S_PHASE_ENTRY,NOT_QUALIFIED_EITHER,,,,,
REACTOME_CYCLIN_D_ASSOCIATED_EVENTS_IN_G1,NOT_QUALIFIED_EITHER,,,,,
REACTOME_CYTOCHROME_P450_ARRANGED_BY_SUBSTRATE_TYPE,NOT_QUALIFIED_EITHER,,,,,
REACTOME_CYTOPROTECTION_BY_HMOX1,NOT_QUALIFIED_EITHER,,,,,
REACTOME_CYTOSOLIC_SENSORS_OF_PATHOGEN_ASSOCIATED_DNA,NOT_QUALIFIED_EITHER,,,,,
REACTOME_CYTOSOLIC_TRNA_AMINOACYLATION,QUALIFIED_BOTH,12.0,14.0,11.0,15.0,0.7333333333333333
REACTOME_C_TYPE_LECTIN_RECEPTORS_CLRS,NOT_QUALIFIED_EITHER,,,,,
REACTOME_DAG1_GLYCOSYLATIONS,NOT_QUALIFIED_EITHER,,,,,
REACTOME_DAG_AND_IP3_SIGNALING,NOT_QUALIFIED_EITHER,,,,,
REACTOME_DAP12_INTERACTIONS,NOT_QUALIFIED_EITHER,,,,,
REACTOME_DAP12_SIGNALING,NOT_QUALIFIED_EITHER,,,,,
REACTOME_DARPP_32_EVENTS,NOT_QUALIFIED_EITHER,,,,,
REACTOME_DDX58_IFIH1_MEDIATED_INDUCTION_OF_INTERFERON_ALPHA_BETA,NOT_QUALIFIED_EITHER,,,,,
REACTOME_DEACTIVATION_OF_THE_BETA_CATENIN_TRANSACTIVATING_COMPLEX,NOT_QUALIFIED_EITHER,,,,,
REACTOME_DEADENYLATION_DEPENDENT_MRNA_DECAY,NOT_QUALIFIED_EITHER,,,,,
REACTOME_DEADENYLATION_OF_MRNA,NOT_QUALIFIED_EITHER,,,,,
REACTOME_DEATH_RECEPTOR_SIGNALING,NOT_QUALIFIED_EITHER,,,,,
REACTOME_DECTIN_1_MEDIATED_NONCANONICAL_NF_KB_SIGNALING,QUALIFIED_BOTH,23.0,31.0,23.0,31.0,0.7419354838709677
REACTOME_DEFECTIVE_B4GALT7_CAUSES_EDS_PROGEROID_TYPE,NOT_QUALIFIED_EITHER,,,,,
REACTOME_DEFECTIVE_INTRINSIC_PATHWAY_FOR_APOPTOSIS,NOT_QUALIFIED_EITHER,,,,,
REACTOME_DEFECTIVE_PYROPTOSIS,NOT_QUALIFIED_EITHER,,,,,
REACTOME_DEFECTS_IN_VITAMIN_AND_COFACTOR_METABOLISM,NOT_QUALIFIED_EITHER,,,,,
REACTOME_DEGRADATION_OF_AXIN,QUALIFIED_BOTH,21.0,26.0,21.0,26.0,0.8076923076923077
REACTOME_DEGRADATION_OF_BETA_CATENIN_BY_THE_DESTRUCTION_COMPLEX,NOT_QUALIFIED_EITHER,,,,,
REACTOME_DEGRADATION_OF_CRY_AND_PER_PROTEINS,QUALIFIED_BOTH,24.0,30.0,24.0,30.0,0.8
REACTOME_DEGRADATION_OF_DVL,QUALIFIED_BOTH,20.0,26.0,20.0,26.0,0.7692307692307693
REACTOME_DEGRADATION_OF_GLI1_BY_THE_PROTEASOME,NOT_QUALIFIED_EITHER,,,,,
REACTOME_DEGRADATION_OF_THE_EXTRACELLULAR_MATRIX,NOT_QUALIFIED_EITHER,,,,,
REACTOME_DENGUE_VIRUS_ACTIVATES_MODULATES_INNATE_AND_ADAPTIVE_IMMUNE_RESPONSES,NOT_QUALIFIED_EITHER,,,,,
REACTOME_DENGUE_VIRUS_ATTACHMENT_AND_ENTRY,NOT_QUALIFIED_EITHER,,,,,
REACTOME_DENGUE_VIRUS_GENOME_TRANSLATION_AND_REPLICATION,NOT_QUALIFIED_EITHER,,,,,
REACTOME_DENGUE_VIRUS_HOST_INTERACTIONS,NOT_QUALIFIED_EITHER,,,,,
REACTOME_DENGUE_VIRUS_INFECTION,NOT_QUALIFIED_EITHER,,,,,
REACTOME_DENGUE_VIRUS_MODULATES_APOPTOSIS,NOT_QUALIFIED_EITHER,,,,,
REACTOME_DEPOSITION_OF_NEW_CENPA_CONTAINING_NUCLEOSOMES_AT_THE_CENTROMERE,NOT_QUALIFIED_EITHER,,,,,
REACTOME_DETOXIFICATION_OF_REACTIVE_OXYGEN_SPECIES,NOT_QUALIFIED_EITHER,,,,,
REACTOME_DEUBIQUITINATION,NOT_QUALIFIED_EITHER,,,,,
REACTOME_DEVELOPMENTAL_CELL_LINEAGES,NOT_QUALIFIED_EITHER,,,,,
REACTOME_DEVELOPMENTAL_CELL_LINEAGES_OF_THE_EXOCRINE_PANCREAS,NOT_QUALIFIED_EITHER,,,,,
REACTOME_DEVELOPMENTAL_CELL_LINEAGES_OF_THE_INTEGUMENTARY_SYSTEM,NOT_QUALIFIED_EITHER,,,,,
REACTOME_DEVELOPMENTAL_LINEAGES_OF_THE_MAMMARY_GLAND,NOT_QUALIFIED_EITHER,,,,,
REACTOME_DEVELOPMENTAL_LINEAGE_OF_MAMMARY_GLAND_LUMINAL_EPITHELIAL_CELLS,NOT_QUALIFIED_EITHER,,,,,
REACTOME_DEVELOPMENTAL_LINEAGE_OF_MAMMARY_GLAND_MYOEPITHELIAL_CELLS,NOT_QUALIFIED_EITHER,,,,,
REACTOME_DEVELOPMENTAL_LINEAGE_OF_PANCREATIC_DUCTAL_CELLS,NOT_QUALIFIED_EITHER,,,,,
REACTOME_DIFFERENTIATION_OF_KERATINOCYTES_IN_INTERFOLLICULAR_EPIDERMIS_IN_MAMMALIAN_SKIN,NOT_QUALIFIED_EITHER,,,,,
REACTOME_DISASSEMBLY_OF_THE_DESTRUCTION_COMPLEX_AND_RECRUITMENT_OF_AXIN_TO_THE_MEMBRANE,NOT_QUALIFIED_EITHER,,,,,
REACTOME_DISEASES_ASSOCIATED_WITH_GLYCOSAMINOGLYCAN_METABOLISM,NOT_QUALIFIED_EITHER,,,,,
REACTOME_DISEASES_ASSOCIATED_WITH_GLYCOSYLATION_PRECURSOR_BIOSYNTHESIS,NOT_QUALIFIED_EITHER,,,,,
REACTOME_DISEASES_ASSOCIATED_WITH_N_GLYCOSYLATION_OF_PROTEINS,NOT_QUALIFIED_EITHER,,,,,
REACTOME_DISEASES_ASSOCIATED_WITH_O_GLYCOSYLATION_OF_PROTEINS,NOT_QUALIFIED_EITHER,,,,,
REACTOME_DISEASES_OF_BRANCHED_CHAIN_AMINO_ACID_CATABOLISM,NOT_QUALIFIED_EITHER,,,,,
REACTOME_DISEASES_OF_CARBOHYDRATE_METABOLISM,NOT_QUALIFIED_EITHER,,,,,
REACTOME_DISEASES_OF_DNA_REPAIR,NOT_QUALIFIED_EITHER,,,,,
REACTOME_DISEASES_OF_GLYCOSYLATION,NOT_QUALIFIED_EITHER,,,,,
REACTOME_DISEASES_OF_IMMUNE_SYSTEM,NOT_QUALIFIED_EITHER,,,,,
REACTOME_DISEASES_OF_METABOLISM,NOT_QUALIFIED_EITHER,,,,,
REACTOME_DISEASES_OF_MITOTIC_CELL_CYCLE,NOT_QUALIFIED_EITHER,,,,,
REACTOME_DISEASES_OF_PROGRAMMED_CELL_DEATH,NOT_QUALIFIED_EITHER,,,,,
REACTOME_DISEASES_OF_SIGNAL_TRANSDUCTION_BY_GROWTH_FACTOR_RECEPTORS_AND_SECOND_MESSENGERS,NOT_QUALIFIED_EITHER,,,,,
REACTOME_DISORDERS_OF_DEVELOPMENTAL_BIOLOGY,NOT_QUALIFIED_EITHER,,,,,
REACTOME_DISORDERS_OF_TRANSMEMBRANE_TRANSPORTERS,NOT_QUALIFIED_EITHER,,,,,
REACTOME_DNA_DAMAGE_BYPASS,NOT_QUALIFIED_EITHER,,,,,
REACTOME_DNA_DAMAGE_RECOGNITION_IN_GG_NER,NOT_QUALIFIED_EITHER,,,,,
REACTOME_DNA_DAMAGE_TELOMERE_STRESS_INDUCED_SENESCENCE,NOT_QUALIFIED_EITHER,,,,,
REACTOME_DNA_DOUBLE_STRAND_BREAK_REPAIR,NOT_QUALIFIED_EITHER,,,,,
REACTOME_DNA_DOUBLE_STRAND_BREAK_RESPONSE,NOT_QUALIFIED_EITHER,,,,,
REACTOME_DNA_METHYLATION,NOT_QUALIFIED_EITHER,,,,,
REACTOME_DNA_REPAIR,NOT_QUALIFIED_EITHER,,,,,
REACTOME_DNA_REPLICATION,NOT_QUALIFIED_EITHER,,,,,
REACTOME_DNA_REPLICATION_PRE_INITIATION,NOT_QUALIFIED_EITHER,,,,,
REACTOME_DNA_STRAND_ELONGATION,NOT_QUALIFIED_EITHER,,,,,
REACTOME_DOPAMINE_NEUROTRANSMITTER_RELEASE_CYCLE,NOT_QUALIFIED_EITHER,,,,,
REACTOME_DOWNREGULATION_OF_ERBB2_SIGNALING,NOT_QUALIFIED_EITHER,,,,,
REACTOME_DOWNREGULATION_OF_SMAD2_3_SMAD4_TRANSCRIPTIONAL_ACTIVITY,NOT_QUALIFIED_EITHER,,,,,
REACTOME_DOWNREGULATION_OF_TGF_BETA_RECEPTOR_SIGNALING,NOT_QUALIFIED_EITHER,,,,,
REACTOME_DOWNSTREAM_SIGNALING_EVENTS_OF_B_CELL_RECEPTOR_BCR,QUALIFIED_BOTH,29.0,36.0,29.0,36.0,0.8055555555555556
REACTOME_DOWNSTREAM_SIGNALING_OF_ACTIVATED_FGFR1,NOT_QUALIFIED_EITHER,,,,,
REACTOME_DOWNSTREAM_SIGNALING_OF_ACTIVATED_FGFR2,NOT_QUALIFIED_EITHER,,,,,
REACTOME_DOWNSTREAM_SIGNALING_OF_ACTIVATED_FGFR3,NOT_QUALIFIED_EITHER,,,,,
REACTOME_DOWNSTREAM_SIGNALING_OF_ACTIVATED_FGFR4,NOT_QUALIFIED_EITHER,,,,,
REACTOME_DOWNSTREAM_SIGNAL_TRANSDUCTION,NOT_QUALIFIED_EITHER,,,,,
REACTOME_DOWNSTREAM_TCR_SIGNALING,NOT_QUALIFIED_EITHER,,,,,
REACTOME_DRUG_ADME,NOT_QUALIFIED_EITHER,,,,,
REACTOME_DUAL_INCISION_IN_GG_NER,NOT_QUALIFIED_EITHER,,,,,
REACTOME_DUAL_INCISION_IN_TC_NER,NOT_QUALIFIED_EITHER,,,,,
REACTOME_E2F_MEDIATED_REGULATION_OF_DNA_REPLICATION,NOT_QUALIFIED_EITHER,,,,,
REACTOME_E3_UBIQUITIN_LIGASES_UBIQUITINATE_TARGET_PROTEINS,NOT_QUALIFIED_EITHER,,,,,
REACTOME_EARLY_SARS_COV_2_INFECTION_EVENTS,NOT_QUALIFIED_EITHER,,,,,
REACTOME_ECM_PROTEOGLYCANS,NOT_QUALIFIED_EITHER,,,,,
REACTOME_EFFECTS_OF_PIP2_HYDROLYSIS,NOT_QUALIFIED_EITHER,,,,,
REACTOME_EGFR_DOWNREGULATION,NOT_QUALIFIED_EITHER,,,,,
REACTOME_EGR2_AND_SOX10_MEDIATED_INITIATION_OF_SCHWANN_CELL_MYELINATION,NOT_QUALIFIED_EITHER,,,,,
REACTOME_ELASTIC_FIBRE_FORMATION,NOT_QUALIFIED_EITHER,,,,,
REACTOME_ENDOGENOUS_STEROLS,NOT_QUALIFIED_EITHER,,,,,
REACTOME_ENDOSOMAL_SORTING_COMPLEX_REQUIRED_FOR_TRANSPORT_ESCRT,NOT_QUALIFIED_EITHER,,,,,
REACTOME_ENDOSOMAL_VACUOLAR_PATHWAY,NOT_QUALIFIED_EITHER,,,,,
REACTOME_ENERGY_DEPENDENT_REGULATION_OF_MTOR_BY_LKB1_AMPK,NOT_QUALIFIED_EITHER,,,,,
REACTOME_EPHA_MEDIATED_GROWTH_CONE_COLLAPSE,NOT_QUALIFIED_EITHER,,,,,
REACTOME_EPHB_MEDIATED_FORWARD_SIGNALING,NOT_QUALIFIED_EITHER,,,,,
REACTOME_EPHRIN_SIGNALING,NOT_QUALIFIED_EITHER,,,,,
REACTOME_EPH_EPHRIN_MEDIATED_REPULSION_OF_CELLS,NOT_QUALIFIED_EITHER,,,,,
REACTOME_EPH_EPHRIN_SIGNALING,NOT_QUALIFIED_EITHER,,,,,
REACTOME_EPIGENETIC_REGULATION_BY_WDR5_CONTAINING_HISTONE_MODIFYING_COMPLEXES,NOT_QUALIFIED_EITHER,,,,,
REACTOME_EPIGENETIC_REGULATION_OF_GENE_EXPRESSION,NOT_QUALIFIED_EITHER,,,,,
REACTOME_EPIGENETIC_REGULATION_OF_GENE_EXPRESSION_BY_MLL3_AND_MLL4_COMPLEXES,NOT_QUALIFIED_EITHER,,,,,
REACTOME_ERCC6_CSB_AND_EHMT2_G9A_POSITIVELY_REGULATE_RRNA_EXPRESSION,NOT_QUALIFIED_EITHER,,,,,
REACTOME_ERK_MAPK_TARGETS,NOT_QUALIFIED_EITHER,,,,,
REACTOME_ERYTHROPOIETIN_ACTIVATES_RAS,NOT_QUALIFIED_EITHER,,,,,
REACTOME_ER_QUALITY_CONTROL_COMPARTMENT_ERQC,NOT_QUALIFIED_EITHER,,,,,
REACTOME_ER_TO_GOLGI_ANTEROGRADE_TRANSPORT,NOT_QUALIFIED_EITHER,,,,,
REACTOME_ESR_MEDIATED_SIGNALING,NOT_QUALIFIED_EITHER,,,,,
REACTOME_ESTROGEN_DEPENDENT_GENE_EXPRESSION,NOT_QUALIFIED_EITHER,,,,,
REACTOME_ESTROGEN_DEPENDENT_NUCLEAR_EVENTS_DOWNSTREAM_OF_ESR_MEMBRANE_SIGNALING,NOT_QUALIFIED_EITHER,,,,,
REACTOME_EUKARYOTIC_TRANSLATION_ELONGATION,QUALIFIED_BOTH,70.0,71.0,65.0,76.0,0.8552631578947368
REACTOME_EUKARYOTIC_TRANSLATION_INITIATION,QUALIFIED_BOTH,77.0,71.0,66.0,82.0,0.8048780487804879
REACTOME_EVASION_BY_RSV_OF_HOST_INTERFERON_RESPONSES,NOT_QUALIFIED_EITHER,,,,,
REACTOME_EXPORT_OF_VIRAL_RIBONUCLEOPROTEINS_FROM_NUCLEUS,NOT_QUALIFIED_EITHER,,,,,
REACTOME_EXPRESSION_OF_BMAL_ARNTL_CLOCK_AND_NPAS2,NOT_QUALIFIED_EITHER,,,,,
REACTOME_EXTENSION_OF_TELOMERES,NOT_QUALIFIED_EITHER,,,,,
REACTOME_EXTRACELLULAR_MATRIX_ORGANIZATION,NOT_QUALIFIED_EITHER,,,,,
REACTOME_EXTRA_NUCLEAR_ESTROGEN_SIGNALING,NOT_QUALIFIED_EITHER,,,,,
REACTOME_FACTORS_INVOLVED_IN_MEGAKARYOCYTE_DEVELOPMENT_AND_PLATELET_PRODUCTION,NOT_QUALIFIED_EITHER,,,,,
REACTOME_FANCONI_ANEMIA_PATHWAY,NOT_QUALIFIED_EITHER,,,,,
REACTOME_FATTY_ACID_METABOLISM,QUALIFIED_SECOND_ONLY,,,,,
REACTOME_FATTY_ACYL_COA_BIOSYNTHESIS,QUALIFIED_SECOND_ONLY,,,,,
REACTOME_FBXL7_DOWN_REGULATES_AURKA_DURING_MITOTIC_ENTRY_AND_IN_EARLY_MITOSIS,QUALIFIED_BOTH,22.0,27.0,22.0,27.0,0.8148148148148148
REACTOME_FCERI_MEDIATED_CA_2_MOBILIZATION,NOT_QUALIFIED_EITHER,,,,,
REACTOME_FCERI_MEDIATED_MAPK_ACTIVATION,NOT_QUALIFIED_EITHER,,,,,
REACTOME_FCERI_MEDIATED_NF_KB_ACTIVATION,QUALIFIED_BOTH,29.0,34.0,28.0,35.0,0.8
REACTOME_FCGAMMA_RECEPTOR_FCGR_DEPENDENT_PHAGOCYTOSIS,NOT_QUALIFIED_EITHER,,,,,
REACTOME_FCGR3A_MEDIATED_IL10_SYNTHESIS,NOT_QUALIFIED_EITHER,,,,,
REACTOME_FC_EPSILON_RECEPTOR_FCERI_SIGNALING,NOT_QUALIFIED_EITHER,,,,,
REACTOME_FGFR1_MUTANT_RECEPTOR_ACTIVATION,NOT_QUALIFIED_EITHER,,,,,
REACTOME_FGFR2_ALTERNATIVE_SPLICING,NOT_QUALIFIED_EITHER,,,,,
REACTOME_FGFR2_MUTANT_RECEPTOR_ACTIVATION,NOT_QUALIFIED_EITHER,,,,,
REACTOME_FIBRONECTIN_MATRIX_FORMATION,NOT_QUALIFIED_EITHER,,,,,
REACTOME_FLT3_SIGNALING,NOT_QUALIFIED_EITHER,,,,,
REACTOME_FLT3_SIGNALING_IN_DISEASE,NOT_QUALIFIED_EITHER,,,,,
REACTOME_FORMATION_OF_ATP_BY_CHEMIOSMOTIC_COUPLING,NOT_QUALIFIED_EITHER,,,,,
REACTOME_FORMATION_OF_FIBRIN_CLOT_CLOTTING_CASCADE,NOT_QUALIFIED_EITHER,,,,,
REACTOME_FORMATION_OF_INCISION_COMPLEX_IN_GG_NER,NOT_QUALIFIED_EITHER,,,,,
REACTOME_FORMATION_OF_NEURONAL_PROGENITOR_AND_NEURONAL_BAF_NPBAF_AND_NBAF,NOT_QUALIFIED_EITHER,,,,,
REACTOME_FORMATION_OF_PARAXIAL_MESODERM,NOT_QUALIFIED_EITHER,,,,,
REACTOME_FORMATION_OF_RNA_POL_II_ELONGATION_COMPLEX,NOT_QUALIFIED_EITHER,,,,,
REACTOME_FORMATION_OF_TC_NER_PRE_INCISION_COMPLEX,NOT_QUALIFIED_EITHER,,,,,
REACTOME_FORMATION_OF_THE_BETA_CATENIN_TCF_TRANSACTIVATING_COMPLEX,NOT_QUALIFIED_EITHER,,,,,
REACTOME_FORMATION_OF_THE_CANONICAL_BAF_CBAF_COMPLEX,NOT_QUALIFIED_EITHER,,,,,
REACTOME_FORMATION_OF_THE_CORNIFIED_ENVELOPE,NOT_QUALIFIED_EITHER,,,,,
REACTOME_FORMATION_OF_THE_DYSTROPHIN_GLYCOPROTEIN_COMPLEX_DGC,NOT_QUALIFIED_EITHER,,,,,
REACTOME_FORMATION_OF_THE_EARLY_ELONGATION_COMPLEX,NOT_QUALIFIED_EITHER,,,,,
REACTOME_FORMATION_OF_THE_EMBRYONIC_STEM_CELL_BAF_ESBAF_COMPLEX,NOT_QUALIFIED_EITHER,,,,,
REACTOME_FORMATION_OF_THE_NON_CANONICAL_BAF_NCBAF_COMPLEX,NOT_QUALIFIED_EITHER,,,,,
REACTOME_FORMATION_OF_THE_POLYBROMO_BAF_PBAF_COMPLEX,NOT_QUALIFIED_EITHER,,,,,
REACTOME_FORMATION_OF_THE_URETERIC_BUD,NOT_QUALIFIED_EITHER,,,,,
REACTOME_FORMATION_OF_TUBULIN_FOLDING_INTERMEDIATES_BY_CCT_TRIC,NOT_QUALIFIED_EITHER,,,,,
REACTOME_FORMATION_OF_WDR5_CONTAINING_HISTONE_MODIFYING_COMPLEXES,NOT_QUALIFIED_EITHER,,,,,
REACTOME_FOXO_MEDIATED_TRANSCRIPTION,NOT_QUALIFIED_EITHER,,,,,
REACTOME_FOXO_MEDIATED_TRANSCRIPTION_OF_CELL_CYCLE_GENES,NOT_QUALIFIED_EITHER,,,,,
REACTOME_FOXO_MEDIATED_TRANSCRIPTION_OF_CELL_DEATH_GENES,NOT_QUALIFIED_EITHER,,,,,
REACTOME_FOXO_MEDIATED_TRANSCRIPTION_OF_OXIDATIVE_STRESS_METABOLIC_AND_NEURONAL_GENES,NOT_QUALIFIED_EITHER,,,,,
REACTOME_FRS_MEDIATED_FGFR1_SIGNALING,NOT_QUALIFIED_EITHER,,,,,
REACTOME_FRS_MEDIATED_FGFR2_SIGNALING,NOT_QUALIFIED_EITHER,,,,,
REACTOME_FRS_MEDIATED_FGFR3_SIGNALING,NOT_QUALIFIED_EITHER,,,,,
REACTOME_FRS_MEDIATED_FGFR4_SIGNALING,NOT_QUALIFIED_EITHER,,,,,
REACTOME_G0_AND_EARLY_G1,NOT_QUALIFIED_EITHER,,,,,
REACTOME_G1_S_DNA_DAMAGE_CHECKPOINTS,NOT_QUALIFIED_EITHER,,,,,
REACTOME_G1_S_SPECIFIC_TRANSCRIPTION,NOT_QUALIFIED_EITHER,,,,,
REACTOME_G2_M_CHECKPOINTS,NOT_QUALIFIED_EITHER,,,,,
REACTOME_G2_M_DNA_DAMAGE_CHECKPOINT,NOT_QUALIFIED_EITHER,,,,,
REACTOME_GAB1_SIGNALOSOME,NOT_QUALIFIED_EITHER,,,,,
REACTOME_GABA_B_RECEPTOR_ACTIVATION,NOT_QUALIFIED_EITHER,,,,,
REACTOME_GABA_RECEPTOR_ACTIVATION,NOT_QUALIFIED_EITHER,,,,,
REACTOME_GABA_SYNTHESIS_RELEASE_REUPTAKE_AND_DEGRADATION,NOT_QUALIFIED_EITHER,,,,,
REACTOME_GAMMA_CARBOXYLATION_HYPUSINYLATION_HYDROXYLATION_AND_ARYLSULFATASE_ACTIVATION,NOT_QUALIFIED_EITHER,,,,,
REACTOME_GAP_FILLING_DNA_REPAIR_SYNTHESIS_AND_LIGATION_IN_GG_NER,NOT_QUALIFIED_EITHER,,,,,
REACTOME_GAP_JUNCTION_ASSEMBLY,NOT_QUALIFIED_EITHER,,,,,
REACTOME_GAP_JUNCTION_TRAFFICKING_AND_REGULATION,NOT_QUALIFIED_EITHER,,,,,
REACTOME_GASTRIN_CREB_SIGNALLING_PATHWAY_VIA_PKC_AND_MAPK,NOT_QUALIFIED_EITHER,,,,,
REACTOME_GASTRULATION,NOT_QUALIFIED_EITHER,,,,,
REACTOME_GENERATION_OF_SECOND_MESSENGER_MOLECULES,NOT_QUALIFIED_EITHER,,,,,
REACTOME_GENE_AND_PROTEIN_EXPRESSION_BY_JAK_STAT_SIGNALING_AFTER_INTERLEUKIN_12_STIMULATION,NOT_QUALIFIED_EITHER,,,,,
REACTOME_GENE_SILENCING_BY_RNA,NOT_QUALIFIED_EITHER,,,,,
REACTOME_GLOBAL_GENOME_NUCLEOTIDE_EXCISION_REPAIR_GG_NER,NOT_QUALIFIED_EITHER,,,,,
REACTOME_GLUCAGON_LIKE_PEPTIDE_1_GLP1_REGULATES_INSULIN_SECRETION,NOT_QUALIFIED_EITHER,,,,,
REACTOME_GLUCAGON_SIGNALING_IN_METABOLIC_REGULATION,NOT_QUALIFIED_EITHER,,,,,
REACTOME_GLUCAGON_TYPE_LIGAND_RECEPTORS,NOT_QUALIFIED_EITHER,,,,,
REACTOME_GLUCONEOGENESIS,NOT_QUALIFIED_EITHER,,,,,
REACTOME_GLUCOSE_METABOLISM,NOT_QUALIFIED_EITHER,,,,,
REACTOME_GLUTAMATE_AND_GLUTAMINE_METABOLISM,NOT_QUALIFIED_EITHER,,,,,
REACTOME_GLUTAMATE_NEUROTRANSMITTER_RELEASE_CYCLE,NOT_QUALIFIED_EITHER,,,,,
REACTOME_GLUTATHIONE_CONJUGATION,NOT_QUALIFIED_EITHER,,,,,
REACTOME_GLYCEROPHOSPHOLIPID_BIOSYNTHESIS,NOT_QUALIFIED_EITHER,,,,,
REACTOME_GLYCOGEN_METABOLISM,NOT_QUALIFIED_EITHER,,,,,
REACTOME_GLYCOSAMINOGLYCAN_METABOLISM,NOT_QUALIFIED_EITHER,,,,,
REACTOME_GLYCOSAMINOGLYCAN_PROTEIN_LINKAGE_REGION_BIOSYNTHESIS,NOT_QUALIFIED_EITHER,,,,,
REACTOME_GLYCOSPHINGOLIPID_BIOSYNTHESIS,NOT_QUALIFIED_EITHER,,,,,
REACTOME_GLYCOSPHINGOLIPID_CATABOLISM,NOT_QUALIFIED_EITHER,,,,,
REACTOME_GLYCOSPHINGOLIPID_METABOLISM,NOT_QUALIFIED_EITHER,,,,,
REACTOME_GOLGI_ASSOCIATED_VESICLE_BIOGENESIS,NOT_QUALIFIED_EITHER,,,,,
REACTOME_GOLGI_TO_ER_RETROGRADE_TRANSPORT,NOT_QUALIFIED_EITHER,,,,,
REACTOME_GPCR_LIGAND_BINDING,NOT_QUALIFIED_EITHER,,,,,
REACTOME_GPER1_SIGNALING,NOT_QUALIFIED_EITHER,,,,,
REACTOME_GPVI_MEDIATED_ACTIVATION_CASCADE,NOT_QUALIFIED_EITHER,,,,,
REACTOME_GRB2_EVENTS_IN_ERBB2_SIGNALING,NOT_QUALIFIED_EITHER,,,,,
REACTOME_GROWTH_HORMONE_RECEPTOR_SIGNALING,NOT_QUALIFIED_EITHER,,,,,
REACTOME_GSK3B_MEDIATED_PROTEASOMAL_DEGRADATION_OF_PD_L1_CD274,QUALIFIED_BOTH,22.0,27.0,22.0,27.0,0.8148148148148148
REACTOME_G_ALPHA_12_13_SIGNALLING_EVENTS,NOT_QUALIFIED_EITHER,,,,,
REACTOME_G_ALPHA_I_SIGNALLING_EVENTS,NOT_QUALIFIED_EITHER,,,,,
REACTOME_G_ALPHA_Q_SIGNALLING_EVENTS,NOT_QUALIFIED_EITHER,,,,,
REACTOME_G_ALPHA_S_SIGNALLING_EVENTS,NOT_QUALIFIED_EITHER,,,,,
REACTOME_G_ALPHA_Z_SIGNALLING_EVENTS,NOT_QUALIFIED_EITHER,,,,,
REACTOME_G_BETA_GAMMA_SIGNALLING_THROUGH_CDC42,NOT_QUALIFIED_EITHER,,,,,
REACTOME_G_BETA_GAMMA_SIGNALLING_THROUGH_PI3KGAMMA,NOT_QUALIFIED_EITHER,,,,,
REACTOME_G_PROTEIN_ACTIVATION,NOT_QUALIFIED_EITHER,,,,,
REACTOME_G_PROTEIN_BETA_GAMMA_SIGNALLING,NOT_QUALIFIED_EITHER,,,,,
REACTOME_G_PROTEIN_MEDIATED_EVENTS,NOT_QUALIFIED_EITHER,,,,,
REACTOME_HATS_ACETYLATE_HISTONES,NOT_QUALIFIED_EITHER,,,,,
REACTOME_HCMV_EARLY_EVENTS,NOT_QUALIFIED_EITHER,,,,,
REACTOME_HCMV_INFECTION,NOT_QUALIFIED_EITHER,,,,,
REACTOME_HCMV_LATE_EVENTS,NOT_QUALIFIED_EITHER,,,,,
REACTOME_HDACS_DEACETYLATE_HISTONES,NOT_QUALIFIED_EITHER,,,,,
REACTOME_HDMS_DEMETHYLATE_HISTONES,NOT_QUALIFIED_EITHER,,,,,
REACTOME_HDR_THROUGH_HOMOLOGOUS_RECOMBINATION_HRR,NOT_QUALIFIED_EITHER,,,,,
REACTOME_HDR_THROUGH_SINGLE_STRAND_ANNEALING_SSA,NOT_QUALIFIED_EITHER,,,,,
REACTOME_HEDGEHOG_LIGAND_BIOGENESIS,QUALIFIED_BOTH,21.0,27.0,21.0,27.0,0.7777777777777778
REACTOME_HEDGEHOG_OFF_STATE,NOT_QUALIFIED_EITHER,,,,,
REACTOME_HEDGEHOG_ON_STATE,NOT_QUALIFIED_EITHER,,,,,
REACTOME_HEME_SIGNALING,NOT_QUALIFIED_EITHER,,,,,
REACTOME_HEMOSTASIS,NOT_QUALIFIED_EITHER,,,,,
REACTOME_HEPARAN_SULFATE_HEPARIN_HS_GAG_METABOLISM,NOT_QUALIFIED_EITHER,,,,,
REACTOME_HH_MUTANTS_ABROGATE_LIGAND_SECRETION,QUALIFIED_BOTH,20.0,26.0,20.0,26.0,0.7692307692307693
REACTOME_HIGH_LAMINAR_FLOW_SHEAR_STRESS_ACTIVATES_SIGNALING_BY_PIEZO1_AND_PECAM1_CDH5_KDR_IN_ENDOTHELIAL_CELLS,NOT_QUALIFIED_EITHER,,,,,
REACTOME_HIV_ELONGATION_ARREST_AND_RECOVERY,NOT_QUALIFIED_EITHER,,,,,
REACTOME_HIV_INFECTION,NOT_QUALIFIED_EITHER,,,,,
REACTOME_HIV_LIFE_CYCLE,NOT_QUALIFIED_EITHER,,,,,
REACTOME_HIV_TRANSCRIPTION_ELONGATION,NOT_QUALIFIED_EITHER,,,,,
REACTOME_HIV_TRANSCRIPTION_INITIATION,NOT_QUALIFIED_EITHER,,,,,
REACTOME_HOMOLOGOUS_DNA_PAIRING_AND_STRAND_EXCHANGE,NOT_QUALIFIED_EITHER,,,,,
REACTOME_HOMOLOGY_DIRECTED_REPAIR,NOT_QUALIFIED_EITHER,,,,,
REACTOME_HOST_INTERACTIONS_OF_HIV_FACTORS,NOT_QUALIFIED_EITHER,,,,,
REACTOME_HSF1_ACTIVATION,QUALIFIED_BOTH,12.0,12.0,12.0,12.0,1.0
REACTOME_HSF1_DEPENDENT_TRANSACTIVATION,QUALIFIED_BOTH,12.0,13.0,12.0,13.0,0.9230769230769231
REACTOME_HSP90_CHAPERONE_CYCLE_FOR_STEROID_HORMONE_RECEPTORS_SHR_IN_THE_PRESENCE_OF_LIGAND,NOT_QUALIFIED_EITHER,,,,,
REACTOME_HS_GAG_BIOSYNTHESIS,NOT_QUALIFIED_EITHER,,,,,
REACTOME_HS_GAG_DEGRADATION,NOT_QUALIFIED_EITHER,,,,,
REACTOME_HYALURONAN_METABOLISM,NOT_QUALIFIED_EITHER,,,,,
REACTOME_IKK_COMPLEX_RECRUITMENT_MEDIATED_BY_RIP1,NOT_QUALIFIED_EITHER,,,,,
REACTOME_IMMUNOREGULATORY_INTERACTIONS_BETWEEN_A_LYMPHOID_AND_A_NON_LYMPHOID_CELL,NOT_QUALIFIED_EITHER,,,,,
REACTOME_INACTIVATION_OF_CSF3_G_CSF_SIGNALING,NOT_QUALIFIED_EITHER,,,,,
REACTOME_INFECTION_WITH_ENTEROBACTERIA,NOT_QUALIFIED_EITHER,,,,,
REACTOME_INFECTION_WITH_MYCOBACTERIUM_TUBERCULOSIS,NOT_QUALIFIED_EITHER,,,,,
REACTOME_INFLAMMASOMES,QUALIFIED_BOTH,7.0,7.0,7.0,7.0,1.0
REACTOME_INFLUENZA_INFECTION,QUALIFIED_BOTH,61.0,77.0,61.0,77.0,0.7922077922077922
REACTOME_INFLUENZA_VIRAL_RNA_TRANSCRIPTION_AND_REPLICATION,QUALIFIED_BOTH,57.0,72.0,57.0,72.0,0.7916666666666666
REACTOME_INHIBITION_OF_DNA_RECOMBINATION_AT_TELOMERE,NOT_QUALIFIED_EITHER,,,,,
REACTOME_INHIBITION_OF_THE_PROTEOLYTIC_ACTIVITY_OF_APC_C_REQUIRED_FOR_THE_ONSET_OF_ANAPHASE_BY_MITOTIC_SPINDLE_CHECKPOINT_COMPONENTS,NOT_QUALIFIED_EITHER,,,,,
REACTOME_INITIAL_TRIGGERING_OF_COMPLEMENT,NOT_QUALIFIED_EITHER,,,,,
REACTOME_INITIATION_OF_NUCLEAR_ENVELOPE_NE_REFORMATION,NOT_QUALIFIED_EITHER,,,,,
REACTOME_INOSITOL_PHOSPHATE_METABOLISM,NOT_QUALIFIED_EITHER,,,,,
REACTOME_INSERTION_OF_TAIL_ANCHORED_PROTEINS_INTO_THE_ENDOPLASMIC_RETICULUM_MEMBRANE,NOT_QUALIFIED_EITHER,,,,,
REACTOME_INSULIN_PROCESSING,NOT_QUALIFIED_EITHER,,,,,
REACTOME_INSULIN_RECEPTOR_RECYCLING,NOT_QUALIFIED_EITHER,,,,,
REACTOME_INSULIN_RECEPTOR_SIGNALLING_CASCADE,NOT_QUALIFIED_EITHER,,,,,
REACTOME_INTEGRATION_OF_ENERGY_METABOLISM,NOT_QUALIFIED_EITHER,,,,,
REACTOME_INTEGRIN_CELL_SURFACE_INTERACTIONS,NOT_QUALIFIED_EITHER,,,,,
REACTOME_INTEGRIN_SIGNALING,NOT_QUALIFIED_EITHER,,,,,
REACTOME_INTERACTIONS_OF_REV_WITH_HOST_CELLULAR_PROTEINS,NOT_QUALIFIED_EITHER,,,,,
REACTOME_INTERACTIONS_OF_VPR_WITH_HOST_CELLULAR_PROTEINS,QUALIFIED_FIRST_ONLY,,,,,
REACTOME_INTERACTION_BETWEEN_L1_AND_ANKYRINS,NOT_QUALIFIED_EITHER,,,,,
REACTOME_INTERCONVERSION_OF_NUCLEOTIDE_DI_AND_TRIPHOSPHATES,NOT_QUALIFIED_EITHER,,,,,
REACTOME_INTERFERON_ALPHA_BETA_SIGNALING,QUALIFIED_BOTH,33.0,33.0,30.0,36.0,0.8333333333333334
REACTOME_INTERFERON_GAMMA_SIGNALING,NOT_QUALIFIED_EITHER,,,,,
REACTOME_INTERFERON_SIGNALING,NOT_QUALIFIED_EITHER,,,,,
REACTOME_INTERLEUKIN_10_SIGNALING,QUALIFIED_BOTH,10.0,11.0,10.0,11.0,0.9090909090909091
REACTOME_INTERLEUKIN_12_FAMILY_SIGNALING,NOT_QUALIFIED_EITHER,,,,,
REACTOME_INTERLEUKIN_12_SIGNALING,NOT_QUALIFIED_EITHER,,,,,
REACTOME_INTERLEUKIN_17_SIGNALING,NOT_QUALIFIED_EITHER,,,,,
REACTOME_INTERLEUKIN_1_FAMILY_SIGNALING,NOT_QUALIFIED_EITHER,,,,,
REACTOME_INTERLEUKIN_1_SIGNALING,NOT_QUALIFIED_EITHER,,,,,
REACTOME_INTERLEUKIN_20_FAMILY_SIGNALING,NOT_QUALIFIED_EITHER,,,,,
REACTOME_INTERLEUKIN_2_FAMILY_SIGNALING,NOT_QUALIFIED_EITHER,,,,,
REACTOME_INTERLEUKIN_37_SIGNALING,NOT_QUALIFIED_EITHER,,,,,
REACTOME_INTERLEUKIN_3_INTERLEUKIN_5_AND_GM_CSF_SIGNALING,NOT_QUALIFIED_EITHER,,,,,
REACTOME_INTERLEUKIN_4_AND_INTERLEUKIN_13_SIGNALING,QUALIFIED_BOTH,25.0,24.0,21.0,28.0,0.75
REACTOME_INTERLEUKIN_6_FAMILY_SIGNALING,QUALIFIED_BOTH,12.0,12.0,12.0,12.0,1.0
REACTOME_INTERLEUKIN_7_SIGNALING,NOT_QUALIFIED_EITHER,,,,,
REACTOME_INTERLEUKIN_RECEPTOR_SHC_SIGNALING,NOT_QUALIFIED_EITHER,,,,,
REACTOME_INTRACELLULAR_SIGNALING_BY_SECOND_MESSENGERS,NOT_QUALIFIED_EITHER,,,,,
REACTOME_INTRAFLAGELLAR_TRANSPORT,NOT_QUALIFIED_EITHER,,,,,
REACTOME_INTRA_GOLGI_AND_RETROGRADE_GOLGI_TO_ER_TRAFFIC,NOT_QUALIFIED_EITHER,,,,,
REACTOME_INTRA_GOLGI_TRAFFIC,QUALIFIED_FIRST_ONLY,,,,,
REACTOME_INTRINSIC_PATHWAY_FOR_APOPTOSIS,NOT_QUALIFIED_EITHER,,,,,
REACTOME_INWARDLY_RECTIFYING_K_CHANNELS,NOT_QUALIFIED_EITHER,,,,,
REACTOME_ION_CHANNEL_TRANSPORT,NOT_QUALIFIED_EITHER,,,,,
REACTOME_ION_HOMEOSTASIS,NOT_QUALIFIED_EITHER,,,,,
REACTOME_ION_TRANSPORT_BY_P_TYPE_ATPASES,NOT_QUALIFIED_EITHER,,,,,
REACTOME_IRE1ALPHA_ACTIVATES_CHAPERONES,QUALIFIED_BOTH,23.0,20.0,19.0,24.0,0.7916666666666666
REACTOME_IRON_UPTAKE_AND_TRANSPORT,NOT_QUALIFIED_EITHER,,,,,
REACTOME_IRS_MEDIATED_SIGNALLING,NOT_QUALIFIED_EITHER,,,,,
REACTOME_ISG15_ANTIVIRAL_MECHANISM,QUALIFIED_BOTH,33.0,35.0,31.0,37.0,0.8378378378378378
REACTOME_JNK_C_JUN_KINASES_PHOSPHORYLATION_AND_ACTIVATION_MEDIATED_BY_ACTIVATED_HUMAN_TAK1,NOT_QUALIFIED_EITHER,,,,,
REACTOME_KEAP1_NFE2L2_PATHWAY,NOT_QUALIFIED_EITHER,,,,,
REACTOME_KERATAN_SULFATE_BIOSYNTHESIS,NOT_QUALIFIED_EITHER,,,,,
REACTOME_KERATAN_SULFATE_KERATIN_METABOLISM,NOT_QUALIFIED_EITHER,,,,,
REACTOME_KERATINIZATION,NOT_QUALIFIED_EITHER,,,,,
REACTOME_KIDNEY_DEVELOPMENT,NOT_QUALIFIED_EITHER,,,,,
REACTOME_KINESINS,NOT_QUALIFIED_EITHER,,,,,
REACTOME_KSRP_KHSRP_BINDS_AND_DESTABILIZES_MRNA,NOT_QUALIFIED_EITHER,,,,,
REACTOME_L1CAM_INTERACTIONS,NOT_QUALIFIED_EITHER,,,,,
REACTOME_LAGGING_STRAND_SYNTHESIS,NOT_QUALIFIED_EITHER,,,,,
REACTOME_LAMININ_INTERACTIONS,NOT_QUALIFIED_EITHER,,,,,
REACTOME_LANOSTEROL_BIOSYNTHESIS,QUALIFIED_BOTH,10.0,11.0,10.0,11.0,0.9090909090909091
REACTOME_LATE_ENDOSOMAL_MICROAUTOPHAGY,NOT_QUALIFIED_EITHER,,,,,
REACTOME_LATE_SARS_COV_2_INFECTION_EVENTS,NOT_QUALIFIED_EITHER,,,,,
REACTOME_LDL_CLEARANCE,NOT_QUALIFIED_EITHER,,,,,
REACTOME_LEISHMANIA_INFECTION,NOT_QUALIFIED_EITHER,,,,,
REACTOME_LISTERIA_MONOCYTOGENES_ENTRY_INTO_HOST_CELLS,NOT_QUALIFIED_EITHER,,,,,
REACTOME_LONG_TERM_POTENTIATION,NOT_QUALIFIED_EITHER,,,,,
REACTOME_LYSOSOME_VESICLE_BIOGENESIS,NOT_QUALIFIED_EITHER,,,,,
REACTOME_MAP2K_AND_MAPK_ACTIVATION,NOT_QUALIFIED_EITHER,,,,,
REACTOME_MAP3K8_TPL2_DEPENDENT_MAPK1_3_ACTIVATION,NOT_QUALIFIED_EITHER,,,,,
REACTOME_MAPK1_MAPK3_SIGNALING,NOT_QUALIFIED_EITHER,,,,,
REACTOME_MAPK6_MAPK4_SIGNALING,QUALIFIED_FIRST_ONLY,,,,,
REACTOME_MAPK_FAMILY_SIGNALING_CASCADES,NOT_QUALIFIED_EITHER,,,,,
REACTOME_MAPK_TARGETS_NUCLEAR_EVENTS_MEDIATED_BY_MAP_KINASES,NOT_QUALIFIED_EITHER,,,,,
REACTOME_MATERNAL_TO_ZYGOTIC_TRANSITION_MZT,QUALIFIED_FIRST_ONLY,,,,,
REACTOME_MATURATION_OF_DENV_PROTEINS,QUALIFIED_BOTH,19.0,19.0,18.0,20.0,0.9
REACTOME_MATURATION_OF_SARS_COV_2_NUCLEOPROTEIN,NOT_QUALIFIED_EITHER,,,,,
REACTOME_MATURATION_OF_SARS_COV_2_SPIKE_PROTEIN,NOT_QUALIFIED_EITHER,,,,,
REACTOME_MATURATION_OF_TCA_ENZYMES_AND_REGULATION_OF_TCA_CYCLE,NOT_QUALIFIED_EITHER,,,,,
REACTOME_MECHANICAL_LOAD_ACTIVATES_SIGNALING_BY_PIEZO1_AND_INTEGRINS_IN_OSTEOCYTES,NOT_QUALIFIED_EITHER,,,,,
REACTOME_MEIOSIS,NOT_QUALIFIED_EITHER,,,,,
REACTOME_MEIOTIC_RECOMBINATION,NOT_QUALIFIED_EITHER,,,,,
REACTOME_MEIOTIC_SYNAPSIS,NOT_QUALIFIED_EITHER,,,,,
REACTOME_METABOLIC_DISORDERS_OF_BIOLOGICAL_OXIDATION_ENZYMES,NOT_QUALIFIED_EITHER,,,,,
REACTOME_METABOLISM_OF_AMINO_ACIDS_AND_DERIVATIVES,NOT_QUALIFIED_EITHER,,,,,
REACTOME_METABOLISM_OF_CARBOHYDRATES_AND_CARBOHYDRATE_DERIVATIVES,NOT_QUALIFIED_EITHER,,,,,
REACTOME_METABOLISM_OF_COFACTORS,NOT_QUALIFIED_EITHER,,,,,
REACTOME_METABOLISM_OF_FAT_SOLUBLE_VITAMINS,NOT_QUALIFIED_EITHER,,,,,
REACTOME_METABOLISM_OF_FOLATE_AND_PTERINES,NOT_QUALIFIED_EITHER,,,,,
REACTOME_METABOLISM_OF_NITRIC_OXIDE_NOS3_ACTIVATION_AND_REGULATION,NOT_QUALIFIED_EITHER,,,,,
REACTOME_METABOLISM_OF_NUCLEOTIDES,NOT_QUALIFIED_EITHER,,,,,
REACTOME_METABOLISM_OF_POLYAMINES,NOT_QUALIFIED_EITHER,,,,,
REACTOME_METABOLISM_OF_PORPHYRINS,NOT_QUALIFIED_EITHER,,,,,
REACTOME_METABOLISM_OF_STEROIDS,NOT_QUALIFIED_EITHER,,,,,
REACTOME_METABOLISM_OF_STEROID_HORMONES,NOT_QUALIFIED_EITHER,,,,,
REACTOME_METABOLISM_OF_VITAMINS_AND_COFACTORS,NOT_QUALIFIED_EITHER,,,,,
REACTOME_METABOLISM_OF_WATER_SOLUBLE_VITAMINS_AND_COFACTORS,NOT_QUALIFIED_EITHER,,,,,
REACTOME_METALLOPROTEASE_DUBS,NOT_QUALIFIED_EITHER,,,,,
REACTOME_METAL_ION_SLC_TRANSPORTERS,NOT_QUALIFIED_EITHER,,,,,
REACTOME_MET_ACTIVATES_PTK2_SIGNALING,NOT_QUALIFIED_EITHER,,,,,
REACTOME_MET_ACTIVATES_RAS_SIGNALING,NOT_QUALIFIED_EITHER,,,,,
REACTOME_MET_PROMOTES_CELL_MOTILITY,NOT_QUALIFIED_EITHER,,,,,
REACTOME_MHC_CLASS_II_ANTIGEN_PRESENTATION,NOT_QUALIFIED_EITHER,,,,,
REACTOME_MICRORNA_MIRNA_BIOGENESIS,NOT_QUALIFIED_EITHER,,,,,
REACTOME_MISCELLANEOUS_TRANSPORT_AND_BINDING_EVENTS,NOT_QUALIFIED_EITHER,,,,,
REACTOME_MISMATCH_REPAIR,NOT_QUALIFIED_EITHER,,,,,
REACTOME_MITF_M_DEPENDENT_GENE_EXPRESSION,NOT_QUALIFIED_EITHER,,,,,
REACTOME_MITF_M_REGULATED_MELANOCYTE_DEVELOPMENT,NOT_QUALIFIED_EITHER,,,,,
REACTOME_MITOCHONDRIAL_BIOGENESIS,NOT_QUALIFIED_EITHER,,,,,
REACTOME_MITOCHONDRIAL_CALCIUM_ION_TRANSPORT,NOT_QUALIFIED_EITHER,,,,,
REACTOME_MITOCHONDRIAL_FATTY_ACID_BETA_OXIDATION,NOT_QUALIFIED_EITHER,,,,,
REACTOME_MITOCHONDRIAL_PROTEIN_DEGRADATION,NOT_QUALIFIED_EITHER,,,,,
REACTOME_MITOCHONDRIAL_PROTEIN_IMPORT,NOT_QUALIFIED_EITHER,,,,,
REACTOME_MITOCHONDRIAL_TRANSLATION,NOT_QUALIFIED_EITHER,,,,,
REACTOME_MITOCHONDRIAL_TRANSLATION_ELONGATION,NOT_QUALIFIED_EITHER,,,,,
REACTOME_MITOCHONDRIAL_TRNA_AMINOACYLATION,NOT_QUALIFIED_EITHER,,,,,
REACTOME_MITOCHONDRIAL_UNFOLDED_PROTEIN_RESPONSE_UPRMT,NOT_QUALIFIED_EITHER,,,,,
REACTOME_MITOPHAGY,NOT_QUALIFIED_EITHER,,,,,
REACTOME_MITOTIC_G1_PHASE_AND_G1_S_TRANSITION,NOT_QUALIFIED_EITHER,,,,,
REACTOME_MITOTIC_G2_G2_M_PHASES,NOT_QUALIFIED_EITHER,,,,,
REACTOME_MITOTIC_METAPHASE_AND_ANAPHASE,NOT_QUALIFIED_EITHER,,,,,
REACTOME_MITOTIC_PROMETAPHASE,NOT_QUALIFIED_EITHER,,,,,
REACTOME_MITOTIC_PROPHASE,NOT_QUALIFIED_EITHER,,,,,
REACTOME_MITOTIC_SPINDLE_CHECKPOINT,NOT_QUALIFIED_EITHER,,,,,
REACTOME_MODULATION_OF_HOST_RESPONSES_BY_IFN_STIMULATED_GENES,QUALIFIED_BOTH,12.0,10.0,10.0,12.0,0.8333333333333334
REACTOME_MOLECULES_ASSOCIATED_WITH_ELASTIC_FIBRES,NOT_QUALIFIED_EITHER,,,,,
REACTOME_MRNA_3_END_PROCESSING,QUALIFIED_BOTH,64.0,74.0,58.0,80.0,0.725
REACTOME_MRNA_CAPPING,NOT_QUALIFIED_EITHER,,,,,
REACTOME_MRNA_DECAY_BY_3_TO_5_EXORIBONUCLEASE,NOT_QUALIFIED_EITHER,,,,,
REACTOME_MRNA_DECAY_BY_5_TO_3_EXORIBONUCLEASE,NOT_QUALIFIED_EITHER,,,,,
REACTOME_MRNA_POLYADENYLATION,QUALIFIED_BOTH,54.0,53.0,46.0,61.0,0.7540983606557377
REACTOME_MRNA_SPLICING,NOT_QUALIFIED_EITHER,,,,,
REACTOME_MRNA_SPLICING_MINOR_PATHWAY,NOT_QUALIFIED_EITHER,,,,,
REACTOME_MTORC1_MEDIATED_SIGNALLING,NOT_QUALIFIED_EITHER,,,,,
REACTOME_MTOR_SIGNALLING,NOT_QUALIFIED_EITHER,,,,,
REACTOME_MUSCLE_CONTRACTION,NOT_QUALIFIED_EITHER,,,,,
REACTOME_MYD88_INDEPENDENT_TLR4_CASCADE,NOT_QUALIFIED_EITHER,,,,,
REACTOME_MYOGENESIS,NOT_QUALIFIED_EITHER,,,,,
REACTOME_M_DECAY_DEGRADATION_OF_MATERNAL_MRNAS_BY_MATERNALLY_STORED_FACTORS,NOT_QUALIFIED_EITHER,,,,,
REACTOME_M_PHASE,NOT_QUALIFIED_EITHER,,,,,
REACTOME_NCAM1_INTERACTIONS,NOT_QUALIFIED_EITHER,,,,,
REACTOME_NCAM_SIGNALING_FOR_NEURITE_OUT_GROWTH,NOT_QUALIFIED_EITHER,,,,,
REACTOME_NEDDYLATION,NOT_QUALIFIED_EITHER,,,,,
REACTOME_NEF_MEDIATED_DOWNREGULATION_OF_MHC_CLASS_I_COMPLEX_CELL_SURFACE_EXPRESSION,NOT_QUALIFIED_EITHER,,,,,
REACTOME_NEF_MEDIATES_DOWN_MODULATION_OF_CELL_SURFACE_RECEPTORS_BY_RECRUITING_THEM_TO_CLATHRIN_ADAPTERS,NOT_QUALIFIED_EITHER,,,,,
REACTOME_NEGATIVE_EPIGENETIC_REGULATION_OF_RRNA_EXPRESSION,NOT_QUALIFIED_EITHER,,,,,
REACTOME_NEGATIVE_REGULATION_OF_FGFR1_SIGNALING,NOT_QUALIFIED_EITHER,,,,,
REACTOME_NEGATIVE_REGULATION_OF_FGFR2_SIGNALING,QUALIFIED_FIRST_ONLY,,,,,
REACTOME_NEGATIVE_REGULATION_OF_FGFR3_SIGNALING,QUALIFIED_FIRST_ONLY,,,,,
REACTOME_NEGATIVE_REGULATION_OF_FGFR4_SIGNALING,NOT_QUALIFIED_EITHER,,,,,
REACTOME_NEGATIVE_REGULATION_OF_MAPK_PATHWAY,NOT_QUALIFIED_EITHER,,,,,
REACTOME_NEGATIVE_REGULATION_OF_MET_ACTIVITY,NOT_QUALIFIED_EITHER,,,,,
REACTOME_NEGATIVE_REGULATION_OF_NMDA_RECEPTOR_MEDIATED_NEURONAL_TRANSMISSION,NOT_QUALIFIED_EITHER,,,,,
REACTOME_NEGATIVE_REGULATION_OF_NOTCH4_SIGNALING,QUALIFIED_FIRST_ONLY,,,,,
REACTOME_NEGATIVE_REGULATION_OF_THE_PI3K_AKT_NETWORK,NOT_QUALIFIED_EITHER,,,,,
REACTOME_NEGATIVE_REGULATORS_OF_DDX58_IFIH1_SIGNALING,NOT_QUALIFIED_EITHER,,,,,
REACTOME_NEPHRIN_FAMILY_INTERACTIONS,NOT_QUALIFIED_EITHER,,,,,
REACTOME_NETRIN_1_SIGNALING,NOT_QUALIFIED_EITHER,,,,,
REACTOME_NEUREXINS_AND_NEUROLIGINS,NOT_QUALIFIED_EITHER,,,,,
REACTOME_NEURONAL_SYSTEM,NOT_QUALIFIED_EITHER,,,,,
REACTOME_NEUROTRANSMITTER_RECEPTORS_AND_POSTSYNAPTIC_SIGNAL_TRANSMISSION,NOT_QUALIFIED_EITHER,,,,,
REACTOME_NEUROTRANSMITTER_RELEASE_CYCLE,NOT_QUALIFIED_EITHER,,,,,
REACTOME_NEUTROPHIL_DEGRANULATION,NOT_QUALIFIED_EITHER,,,,,
REACTOME_NFE2L2_REGULATING_ANTI_OXIDANT_DETOXIFICATION_ENZYMES,NOT_QUALIFIED_EITHER,,,,,
REACTOME_NGF_STIMULATED_TRANSCRIPTION,QUALIFIED_BOTH,14.0,12.0,12.0,14.0,0.8571428571428571
REACTOME_NICOTINATE_METABOLISM,NOT_QUALIFIED_EITHER,,,,,
REACTOME_NITRIC_OXIDE_STIMULATES_GUANYLATE_CYCLASE,NOT_QUALIFIED_EITHER,,,,,
REACTOME_NOD1_2_SIGNALING_PATHWAY,NOT_QUALIFIED_EITHER,,,,,
REACTOME_NONHOMOLOGOUS_END_JOINING_NHEJ,NOT_QUALIFIED_EITHER,,,,,
REACTOME_NONSENSE_MEDIATED_DECAY_NMD,QUALIFIED_BOTH,69.0,70.0,64.0,75.0,0.8533333333333334
REACTOME_NON_INTEGRIN_MEMBRANE_ECM_INTERACTIONS,NOT_QUALIFIED_EITHER,,,,,
REACTOME_NOREPINEPHRINE_NEUROTRANSMITTER_RELEASE_CYCLE,NOT_QUALIFIED_EITHER,,,,,
REACTOME_NOTCH1_INTRACELLULAR_DOMAIN_REGULATES_TRANSCRIPTION,QUALIFIED_FIRST_ONLY,,,,,
REACTOME_NOTCH2_ACTIVATION_AND_TRANSMISSION_OF_SIGNAL_TO_THE_NUCLEUS,NOT_QUALIFIED_EITHER,,,,,
REACTOME_NOTCH3_ACTIVATION_AND_TRANSMISSION_OF_SIGNAL_TO_THE_NUCLEUS,NOT_QUALIFIED_EITHER,,,,,
REACTOME_NOTCH3_INTRACELLULAR_DOMAIN_REGULATES_TRANSCRIPTION,NOT_QUALIFIED_EITHER,,,,,
REACTOME_NOTCH4_INTRACELLULAR_DOMAIN_REGULATES_TRANSCRIPTION,NOT_QUALIFIED_EITHER,,,,,
REACTOME_NOTCH_HLH_TRANSCRIPTION_PATHWAY,NOT_QUALIFIED_EITHER,,,,,
REACTOME_NPAS4_REGULATES_EXPRESSION_OF_TARGET_GENES,NOT_QUALIFIED_EITHER,,,,,
REACTOME_NR1H2_AND_NR1H3_MEDIATED_SIGNALING,NOT_QUALIFIED_EITHER,,,,,
REACTOME_NR1H3_NR1H2_REGULATE_GENE_EXPRESSION_LINKED_TO_CHOLESTEROL_TRANSPORT_AND_EFFLUX,NOT_QUALIFIED_EITHER,,,,,
REACTOME_NRAGE_SIGNALS_DEATH_THROUGH_JNK,NOT_QUALIFIED_EITHER,,,,,
REACTOME_NRIF_SIGNALS_CELL_DEATH_FROM_THE_NUCLEUS,NOT_QUALIFIED_EITHER,,,,,
REACTOME_NS1_MEDIATED_EFFECTS_ON_HOST_PATHWAYS,QUALIFIED_FIRST_ONLY,,,,,
REACTOME_NUCLEAR_ENVELOPE_BREAKDOWN,NOT_QUALIFIED_EITHER,,,,,
REACTOME_NUCLEAR_ENVELOPE_NE_REASSEMBLY,NOT_QUALIFIED_EITHER,,,,,
REACTOME_NUCLEAR_EVENTS_KINASE_AND_TRANSCRIPTION_FACTOR_ACTIVATION,QUALIFIED_BOTH,23.0,27.0,23.0,27.0,0.8518518518518519
REACTOME_NUCLEAR_EVENTS_MEDIATED_BY_NFE2L2,NOT_QUALIFIED_EITHER,,,,,
REACTOME_NUCLEAR_EVENTS_STIMULATED_BY_ALK_SIGNALING_IN_CANCER,NOT_QUALIFIED_EITHER,,,,,
REACTOME_NUCLEAR_IMPORT_OF_REV_PROTEIN,NOT_QUALIFIED_EITHER,,,,,
REACTOME_NUCLEAR_PORE_COMPLEX_NPC_DISASSEMBLY,NOT_QUALIFIED_EITHER,,,,,
REACTOME_NUCLEAR_RECEPTOR_TRANSCRIPTION_PATHWAY,NOT_QUALIFIED_EITHER,,,,,
REACTOME_NUCLEAR_RNA_DECAY,QUALIFIED_SECOND_ONLY,,,,,
REACTOME_NUCLEAR_SIGNALING_BY_ERBB4,NOT_QUALIFIED_EITHER,,,,,
REACTOME_NUCLEOTIDE_BINDING_DOMAIN_LEUCINE_RICH_REPEAT_CONTAINING_RECEPTOR_NLR_SIGNALING_PATHWAYS,NOT_QUALIFIED_EITHER,,,,,
REACTOME_NUCLEOTIDE_BIOSYNTHESIS,NOT_QUALIFIED_EITHER,,,,,
REACTOME_NUCLEOTIDE_CATABOLISM,NOT_QUALIFIED_EITHER,,,,,
REACTOME_NUCLEOTIDE_EXCISION_REPAIR,NOT_QUALIFIED_EITHER,,,,,
REACTOME_NUCLEOTIDE_SALVAGE,NOT_QUALIFIED_EITHER,,,,,
REACTOME_N_GLYCAN_ANTENNAE_ELONGATION_IN_THE_MEDIAL_TRANS_GOLGI,NOT_QUALIFIED_EITHER,,,,,
REACTOME_N_GLYCAN_TRIMMING_IN_THE_ER_AND_CALNEXIN_CALRETICULIN_CYCLE,NOT_QUALIFIED_EITHER,,,,,
REACTOME_OLFACTORY_SIGNALING_PATHWAY,NOT_QUALIFIED_EITHER,,,,,
REACTOME_ONCOGENE_INDUCED_SENESCENCE,NOT_QUALIFIED_EITHER,,,,,
REACTOME_ONCOGENIC_MAPK_SIGNALING,NOT_QUALIFIED_EITHER,,,,,
REACTOME_OPIOID_SIGNALLING,NOT_QUALIFIED_EITHER,,,,,
REACTOME_ORC1_REMOVAL_FROM_CHROMATIN,NOT_QUALIFIED_EITHER,,,,,
REACTOME_ORGANELLE_BIOGENESIS_AND_MAINTENANCE,NOT_QUALIFIED_EITHER,,,,,
REACTOME_OTHER_INTERLEUKIN_SIGNALING,NOT_QUALIFIED_EITHER,,,,,
REACTOME_OTHER_SEMAPHORIN_INTERACTIONS,NOT_QUALIFIED_EITHER,,,,,
REACTOME_OVARIAN_TUMOR_DOMAIN_PROTEASES,NOT_QUALIFIED_EITHER,,,,,
REACTOME_OXIDATIVE_STRESS_INDUCED_SENESCENCE,NOT_QUALIFIED_EITHER,,,,,
REACTOME_O_GLYCOSYLATION_OF_TSR_DOMAIN_CONTAINING_PROTEINS,NOT_QUALIFIED_EITHER,,,,,
REACTOME_O_LINKED_GLYCOSYLATION,NOT_QUALIFIED_EITHER,,,,,
REACTOME_O_LINKED_GLYCOSYLATION_OF_MUCINS,NOT_QUALIFIED_EITHER,,,,,
REACTOME_P53_DEPENDENT_G1_DNA_DAMAGE_RESPONSE,NOT_QUALIFIED_EITHER,,,,,
REACTOME_P75NTR_SIGNALS_VIA_NF_KB,NOT_QUALIFIED_EITHER,,,,,
REACTOME_P75_NTR_RECEPTOR_MEDIATED_SIGNALLING,NOT_QUALIFIED_EITHER,,,,,
REACTOME_PARACETAMOL_ADME,NOT_QUALIFIED_EITHER,,,,,
REACTOME_PARASITE_INFECTION,NOT_QUALIFIED_EITHER,,,,,
REACTOME_PCNA_DEPENDENT_LONG_PATCH_BASE_EXCISION_REPAIR,NOT_QUALIFIED_EITHER,,,,,
REACTOME_PCP_CE_PATHWAY,NOT_QUALIFIED_EITHER,,,,,
REACTOME_PD_L1_CD274_GLYCOSYLATION_AND_TRANSLOCATION_TO_PLASMA_MEMBRANE,NOT_QUALIFIED_EITHER,,,,,
REACTOME_PEPTIDE_HORMONE_METABOLISM,NOT_QUALIFIED_EITHER,,,,,
REACTOME_PEPTIDE_LIGAND_BINDING_RECEPTORS,NOT_QUALIFIED_EITHER,,,,,
REACTOME_PERK_REGULATES_GENE_EXPRESSION,QUALIFIED_BOTH,16.0,14.0,13.0,17.0,0.7647058823529411
REACTOME_PEROXISOMAL_LIPID_METABOLISM,NOT_QUALIFIED_EITHER,,,,,
REACTOME_PEROXISOMAL_PROTEIN_IMPORT,NOT_QUALIFIED_EITHER,,,,,
REACTOME_PHASE_0_RAPID_DEPOLARISATION,NOT_QUALIFIED_EITHER,,,,,
REACTOME_PHASE_II_CONJUGATION_OF_COMPOUNDS,NOT_QUALIFIED_EITHER,,,,,
REACTOME_PHASE_I_FUNCTIONALIZATION_OF_COMPOUNDS,NOT_QUALIFIED_EITHER,,,,,
REACTOME_PHOSPHOLIPID_METABOLISM,NOT_QUALIFIED_EITHER,,,,,
REACTOME_PHOSPHORYLATED_BMAL1_CLOCK_ARNTL_CLOCK_ACTIVATES_EXPRESSION_OF_CORE_CLOCK_GENES,QUALIFIED_FIRST_ONLY,,,,,
REACTOME_PHOSPHORYLATION_AND_NUCLEAR_TRANSLOCATION_OF_THE_CRY_PER_KINASE_COMPLEX,NOT_QUALIFIED_EITHER,,,,,
REACTOME_PHOSPHORYLATION_OF_THE_APC_C,NOT_QUALIFIED_EITHER,,,,,
REACTOME_PI3K_AKT_SIGNALING_IN_CANCER,NOT_QUALIFIED_EITHER,,,,,
REACTOME_PINK1_PRKN_MEDIATED_MITOPHAGY,NOT_QUALIFIED_EITHER,,,,,
REACTOME_PIWI_INTERACTING_RNA_PIRNA_BIOGENESIS,NOT_QUALIFIED_EITHER,,,,,
REACTOME_PI_3K_CASCADE_FGFR2,NOT_QUALIFIED_EITHER,,,,,
REACTOME_PI_METABOLISM,NOT_QUALIFIED_EITHER,,,,,
REACTOME_PKA_ACTIVATION_IN_GLUCAGON_SIGNALLING,NOT_QUALIFIED_EITHER,,,,,
REACTOME_PKA_MEDIATED_PHOSPHORYLATION_OF_CREB,NOT_QUALIFIED_EITHER,,,,,
REACTOME_PKMTS_METHYLATE_HISTONE_LYSINES,NOT_QUALIFIED_EITHER,,,,,
REACTOME_PKR_MEDIATED_SIGNALING,NOT_QUALIFIED_EITHER,,,,,
REACTOME_PLASMA_LIPOPROTEIN_ASSEMBLY_REMODELING_AND_CLEARANCE,NOT_QUALIFIED_EITHER,,,,,
REACTOME_PLASMA_LIPOPROTEIN_CLEARANCE,NOT_QUALIFIED_EITHER,,,,,
REACTOME_PLASMA_LIPOPROTEIN_REMODELING,NOT_QUALIFIED_EITHER,,,,,
REACTOME_PLATELET_ACTIVATION_SIGNALING_AND_AGGREGATION,NOT_QUALIFIED_EITHER,,,,,
REACTOME_PLATELET_AGGREGATION_PLUG_FORMATION,NOT_QUALIFIED_EITHER,,,,,
REACTOME_PLATELET_CALCIUM_HOMEOSTASIS,NOT_QUALIFIED_EITHER,,,,,
REACTOME_PLATELET_HOMEOSTASIS,NOT_QUALIFIED_EITHER,,,,,
REACTOME_POLO_LIKE_KINASE_MEDIATED_EVENTS,NOT_QUALIFIED_EITHER,,,,,
REACTOME_POLYMERASE_SWITCHING_ON_THE_C_STRAND_OF_THE_TELOMERE,NOT_QUALIFIED_EITHER,,,,,
REACTOME_POSITIVE_EPIGENETIC_REGULATION_OF_RRNA_EXPRESSION,NOT_QUALIFIED_EITHER,,,,,
REACTOME_POSTMITOTIC_NUCLEAR_PORE_COMPLEX_NPC_REFORMATION,NOT_QUALIFIED_EITHER,,,,,
REACTOME_POST_CHAPERONIN_TUBULIN_FOLDING_PATHWAY,NOT_QUALIFIED_EITHER,,,,,
REACTOME_POST_TRANSLATIONAL_MODIFICATION_SYNTHESIS_OF_GPI_ANCHORED_PROTEINS,NOT_QUALIFIED_EITHER,,,,,
REACTOME_POTASSIUM_CHANNELS,NOT_QUALIFIED_EITHER,,,,,
REACTOME_POTENTIAL_THERAPEUTICS_FOR_SARS,NOT_QUALIFIED_EITHER,,,,,
REACTOME_PRC2_METHYLATES_HISTONES_AND_DNA,NOT_QUALIFIED_EITHER,,,,,
REACTOME_PRESYNAPTIC_FUNCTION_OF_KAINATE_RECEPTORS,NOT_QUALIFIED_EITHER,,,,,
REACTOME_PRE_NOTCH_EXPRESSION_AND_PROCESSING,NOT_QUALIFIED_EITHER,,,,,
REACTOME_PRE_NOTCH_PROCESSING_IN_GOLGI,NOT_QUALIFIED_EITHER,,,,,
REACTOME_PROCESSING_OF_CAPPED_INTRONLESS_PRE_MRNA,NOT_QUALIFIED_EITHER,,,,,
REACTOME_PROCESSING_OF_CAPPED_INTRON_CONTAINING_PRE_MRNA,NOT_QUALIFIED_EITHER,,,,,
REACTOME_PROCESSING_OF_DNA_DOUBLE_STRAND_BREAK_ENDS,NOT_QUALIFIED_EITHER,,,,,
REACTOME_PROCESSING_OF_INTRONLESS_PRE_MRNAS,NOT_QUALIFIED_EITHER,,,,,
REACTOME_PROCESSING_OF_SMDT1,NOT_QUALIFIED_EITHER,,,,,
REACTOME_PROCESSIVE_SYNTHESIS_ON_THE_C_STRAND_OF_THE_TELOMERE,NOT_QUALIFIED_EITHER,,,,,
REACTOME_PROCESSIVE_SYNTHESIS_ON_THE_LAGGING_STRAND,NOT_QUALIFIED_EITHER,,,,,
REACTOME_PROGRAMMED_CELL_DEATH,NOT_QUALIFIED_EITHER,,,,,
REACTOME_PROSTACYCLIN_SIGNALLING_THROUGH_PROSTACYCLIN_RECEPTOR,NOT_QUALIFIED_EITHER,,,,,
REACTOME_PROTEASOME_ASSEMBLY,QUALIFIED_SECOND_ONLY,,,,,
REACTOME_PROTEIN_FOLDING,NOT_QUALIFIED_EITHER,,,,,
REACTOME_PROTEIN_HYDROXYLATION,NOT_QUALIFIED_EITHER,,,,,
REACTOME_PROTEIN_LOCALIZATION,NOT_QUALIFIED_EITHER,,,,,
REACTOME_PROTEIN_METHYLATION,NOT_QUALIFIED_EITHER,,,,,
REACTOME_PROTEIN_PROTEIN_INTERACTIONS_AT_SYNAPSES,NOT_QUALIFIED_EITHER,,,,,
REACTOME_PROTEIN_UBIQUITINATION,NOT_QUALIFIED_EITHER,,,,,
REACTOME_PTEN_REGULATION,NOT_QUALIFIED_EITHER,,,,,
REACTOME_PTK6_REGULATES_RHO_GTPASES_RAS_GTPASE_AND_MAP_KINASES,NOT_QUALIFIED_EITHER,,,,,
REACTOME_PURINERGIC_SIGNALING_IN_LEISHMANIASIS_INFECTION,NOT_QUALIFIED_EITHER,,,,,
REACTOME_PURINE_CATABOLISM,NOT_QUALIFIED_EITHER,,,,,
REACTOME_PYROPTOSIS,NOT_QUALIFIED_EITHER,,,,,
REACTOME_PYRUVATE_METABOLISM,NOT_QUALIFIED_EITHER,,,,,
REACTOME_RAB_GEFS_EXCHANGE_GTP_FOR_GDP_ON_RABS,NOT_QUALIFIED_EITHER,,,,,
REACTOME_RAB_GERANYLGERANYLATION,NOT_QUALIFIED_EITHER,,,,,
REACTOME_RAB_REGULATION_OF_TRAFFICKING,NOT_QUALIFIED_EITHER,,,,,
REACTOME_RAC1_GTPASE_CYCLE,NOT_QUALIFIED_EITHER,,,,,
REACTOME_RAC2_GTPASE_CYCLE,NOT_QUALIFIED_EITHER,,,,,
REACTOME_RAC3_GTPASE_CYCLE,NOT_QUALIFIED_EITHER,,,,,
REACTOME_RAF_ACTIVATION,NOT_QUALIFIED_EITHER,,,,,
REACTOME_RAF_INDEPENDENT_MAPK1_3_ACTIVATION,NOT_QUALIFIED_EITHER,,,,,
REACTOME_RAP1_SIGNALLING,NOT_QUALIFIED_EITHER,,,,,
REACTOME_RAS_ACTIVATION_UPON_CA2_INFLUX_THROUGH_NMDA_RECEPTOR,NOT_QUALIFIED_EITHER,,,,,
REACTOME_RAS_PROCESSING,NOT_QUALIFIED_EITHER,,,,,
REACTOME_RA_BIOSYNTHESIS_PATHWAY,NOT_QUALIFIED_EITHER,,,,,
REACTOME_RECOGNITION_AND_ASSOCIATION_OF_DNA_GLYCOSYLASE_WITH_SITE_CONTAINING_AN_AFFECTED_PURINE,NOT_QUALIFIED_EITHER,,,,,
REACTOME_RECOGNITION_OF_DNA_DAMAGE_BY_PCNA_CONTAINING_REPLICATION_COMPLEX,NOT_QUALIFIED_EITHER,,,,,
REACTOME_RECRUITMENT_OF_MITOTIC_CENTROSOME_PROTEINS_AND_COMPLEXES,NOT_QUALIFIED_EITHER,,,,,
REACTOME_RECRUITMENT_OF_NUMA_TO_MITOTIC_CENTROSOMES,NOT_QUALIFIED_EITHER,,,,,
REACTOME_RECYCLING_PATHWAY_OF_L1,NOT_QUALIFIED_EITHER,,,,,
REACTOME_REGULATED_NECROSIS,NOT_QUALIFIED_EITHER,,,,,
REACTOME_REGULATION_OF_APOPTOSIS,NOT_QUALIFIED_EITHER,,,,,
REACTOME_REGULATION_OF_BETA_CELL_DEVELOPMENT,NOT_QUALIFIED_EITHER,,,,,
REACTOME_REGULATION_OF_CDH1_FUNCTION,NOT_QUALIFIED_EITHER,,,,,
REACTOME_REGULATION_OF_CDH1_GENE_TRANSCRIPTION,NOT_QUALIFIED_EITHER,,,,,
REACTOME_REGULATION_OF_CDH1_POSTTRANSLATIONAL_PROCESSING_AND_TRAFFICKING_TO_PLASMA_MEMBRANE,NOT_QUALIFIED_EITHER,,,,,
REACTOME_REGULATION_OF_CHOLESTEROL_BIOSYNTHESIS_BY_SREBP_SREBF,QUALIFIED_BOTH,25.0,24.0,23.0,26.0,0.8846153846153846
REACTOME_REGULATION_OF_ENDOGENOUS_RETROELEMENTS,NOT_QUALIFIED_EITHER,,,,,
REACTOME_REGULATION_OF_ENDOGENOUS_RETROELEMENTS_BY_KRAB_ZFP_PROTEINS,NOT_QUALIFIED_EITHER,,,,,
REACTOME_REGULATION_OF_ENDOGENOUS_RETROELEMENTS_BY_PIWI_INTERACTING_RNAS_PIRNAS,NOT_QUALIFIED_EITHER,,,,,
REACTOME_REGULATION_OF_ENDOGENOUS_RETROELEMENTS_BY_THE_HUMAN_SILENCING_HUB_HUSH_COMPLEX,NOT_QUALIFIED_EITHER,,,,,
REACTOME_REGULATION_OF_EXPRESSION_AND_FUNCTION_OF_TYPE_II_CLASSICAL_CADHERINS,NOT_QUALIFIED_EITHER,,,,,
REACTOME_REGULATION_OF_EXPRESSION_OF_SLITS_AND_ROBOS,QUALIFIED_SECOND_ONLY,,,,,
REACTOME_REGULATION_OF_FZD_BY_UBIQUITINATION,NOT_QUALIFIED_EITHER,,,,,
REACTOME_REGULATION_OF_GLUCOKINASE_BY_GLUCOKINASE_REGULATORY_PROTEIN,NOT_QUALIFIED_EITHER,,,,,
REACTOME_REGULATION_OF_HOMOTYPIC_CELL_CELL_ADHESION,NOT_QUALIFIED_EITHER,,,,,
REACTOME_REGULATION_OF_HSF1_MEDIATED_HEAT_SHOCK_RESPONSE,NOT_QUALIFIED_EITHER,,,,,
REACTOME_REGULATION_OF_INSULIN_LIKE_GROWTH_FACTOR_IGF_TRANSPORT_AND_UPTAKE_BY_INSULIN_LIKE_GROWTH_FACTOR_BINDING_PROTEINS_IGFBPS,NOT_QUALIFIED_EITHER,,,,,
REACTOME_REGULATION_OF_INSULIN_SECRETION,NOT_QUALIFIED_EITHER,,,,,
REACTOME_REGULATION_OF_LIPID_METABOLISM_BY_PPARALPHA,NOT_QUALIFIED_EITHER,,,,,
REACTOME_REGULATION_OF_MECP2_EXPRESSION_AND_ACTIVITY,NOT_QUALIFIED_EITHER,,,,,
REACTOME_REGULATION_OF_MITF_M_DEPENDENT_GENES_INVOLVED_IN_CELL_CYCLE_AND_PROLIFERATION,NOT_QUALIFIED_EITHER,,,,,
REACTOME_REGULATION_OF_MITF_M_DEPENDENT_GENES_INVOLVED_IN_LYSOSOME_BIOGENESIS_AND_AUTOPHAGY,QUALIFIED_BOTH,9.0,12.0,9.0,12.0,0.75
REACTOME_REGULATION_OF_MITF_M_DEPENDENT_GENES_INVOLVED_IN_PIGMENTATION,NOT_QUALIFIED_EITHER,,,,,
REACTOME_REGULATION_OF_MRNA_STABILITY_BY_PROTEINS_THAT_BIND_AU_RICH_ELEMENTS,NOT_QUALIFIED_EITHER,,,,,
REACTOME_REGULATION_OF_NF_KAPPA_B_SIGNALING,NOT_QUALIFIED_EITHER,,,,,
REACTOME_REGULATION_OF_ORNITHINE_DECARBOXYLASE_ODC,NOT_QUALIFIED_EITHER,,,,,
REACTOME_REGULATION_OF_PD_L1_CD274_EXPRESSION,QUALIFIED_BOTH,62.0,74.0,61.0,75.0,0.8133333333333334
REACTOME_REGULATION_OF_PD_L1_CD274_POST_TRANSLATIONAL_MODIFICATION,NOT_QUALIFIED_EITHER,,,,,
REACTOME_REGULATION_OF_PD_L1_CD274_TRANSCRIPTION,QUALIFIED_BOTH,33.0,36.0,32.0,37.0,0.8648648648648649
REACTOME_REGULATION_OF_PLK1_ACTIVITY_AT_G2_M_TRANSITION,NOT_QUALIFIED_EITHER,,,,,
REACTOME_REGULATION_OF_PTEN_GENE_TRANSCRIPTION,NOT_QUALIFIED_EITHER,,,,,
REACTOME_REGULATION_OF_PTEN_STABILITY_AND_ACTIVITY,NOT_QUALIFIED_EITHER,,,,,
REACTOME_REGULATION_OF_PYRUVATE_METABOLISM,NOT_QUALIFIED_EITHER,,,,,
REACTOME_REGULATION_OF_RAS_BY_GAPS,NOT_QUALIFIED_EITHER,,,,,
REACTOME_REGULATION_OF_RUNX1_EXPRESSION_AND_ACTIVITY,NOT_QUALIFIED_EITHER,,,,,
REACTOME_REGULATION_OF_RUNX2_EXPRESSION_AND_ACTIVITY,QUALIFIED_BOTH,31.0,29.0,27.0,33.0,0.8181818181818182
REACTOME_REGULATION_OF_RUNX3_EXPRESSION_AND_ACTIVITY,QUALIFIED_FIRST_ONLY,,,,,
REACTOME_REGULATION_OF_SIGNALING_BY_CBL,NOT_QUALIFIED_EITHER,,,,,
REACTOME_REGULATION_OF_TP53_ACTIVITY,NOT_QUALIFIED_EITHER,,,,,
REACTOME_REGULATION_OF_TP53_ACTIVITY_THROUGH_ACETYLATION,NOT_QUALIFIED_EITHER,,,,,
REACTOME_REGULATION_OF_TP53_ACTIVITY_THROUGH_METHYLATION,NOT_QUALIFIED_EITHER,,,,,
REACTOME_REGULATION_OF_TP53_ACTIVITY_THROUGH_PHOSPHORYLATION,NOT_QUALIFIED_EITHER,,,,,
REACTOME_REGULATION_OF_TP53_EXPRESSION_AND_DEGRADATION,NOT_QUALIFIED_EITHER,,,,,
REACTOME_REGULATION_OF_T_CELL_ACTIVATION_BY_CD28_FAMILY,NOT_QUALIFIED_EITHER,,,,,
REACTOME_REPLACEMENT_OF_PROTAMINES_BY_NUCLEOSOMES_IN_THE_MALE_PRONUCLEUS,NOT_QUALIFIED_EITHER,,,,,
REACTOME_REPRODUCTION,NOT_QUALIFIED_EITHER,,,,,
REACTOME_RESOLUTION_OF_ABASIC_SITES_AP_SITES,NOT_QUALIFIED_EITHER,,,,,
REACTOME_RESOLUTION_OF_AP_SITES_VIA_THE_MULTIPLE_NUCLEOTIDE_PATCH_REPLACEMENT_PATHWAY,NOT_QUALIFIED_EITHER,,,,,
REACTOME_RESOLUTION_OF_D_LOOP_STRUCTURES,NOT_QUALIFIED_EITHER,,,,,
REACTOME_RESOLUTION_OF_D_LOOP_STRUCTURES_THROUGH_SYNTHESIS_DEPENDENT_STRAND_ANNEALING_SDSA,NOT_QUALIFIED_EITHER,,,,,
REACTOME_RESOLUTION_OF_SISTER_CHROMATID_COHESION,NOT_QUALIFIED_EITHER,,,,,
REACTOME_RESPIRATORY_ELECTRON_TRANSPORT,NOT_QUALIFIED_EITHER,,,,,
REACTOME_RESPIRATORY_SYNCYTIAL_VIRUS_INFECTION_PATHWAY,NOT_QUALIFIED_EITHER,,,,,
REACTOME_RESPIRATORY_SYNCYTIAL_VIRUS_RSV_ATTACHMENT_AND_ENTRY,NOT_QUALIFIED_EITHER,,,,,
REACTOME_RESPIRATORY_SYNCYTIAL_VIRUS_RSV_GENOME_REPLICATION_TRANSCRIPTION_AND_TRANSLATION,NOT_QUALIFIED_EITHER,,,,,
REACTOME_RESPONSE_OF_EIF2AK1_HRI_TO_HEME_DEFICIENCY,QUALIFIED_SECOND_ONLY,,,,,
REACTOME_RESPONSE_OF_EIF2AK4_GCN2_TO_AMINO_ACID_DEFICIENCY,QUALIFIED_BOTH,67.0,70.0,63.0,74.0,0.8513513513513513
REACTOME_RESPONSE_OF_MTB_TO_PHAGOCYTOSIS,NOT_QUALIFIED_EITHER,,,,,
REACTOME_RESPONSE_TO_ELEVATED_PLATELET_CYTOSOLIC_CA2,NOT_QUALIFIED_EITHER,,,,,
REACTOME_RETROGRADE_TRANSPORT_AT_THE_TRANS_GOLGI_NETWORK,NOT_QUALIFIED_EITHER,,,,,
REACTOME_RET_SIGNALING,NOT_QUALIFIED_EITHER,,,,,
REACTOME_RHOA_GTPASE_CYCLE,NOT_QUALIFIED_EITHER,,,,,
REACTOME_RHOBTB1_GTPASE_CYCLE,NOT_QUALIFIED_EITHER,,,,,
REACTOME_RHOBTB2_GTPASE_CYCLE,NOT_QUALIFIED_EITHER,,,,,
REACTOME_RHOBTB_GTPASE_CYCLE,NOT_QUALIFIED_EITHER,,,,,
REACTOME_RHOB_GTPASE_CYCLE,NOT_QUALIFIED_EITHER,,,,,
REACTOME_RHOC_GTPASE_CYCLE,NOT_QUALIFIED_EITHER,,,,,
REACTOME_RHOD_GTPASE_CYCLE,NOT_QUALIFIED_EITHER,,,,,
REACTOME_RHOF_GTPASE_CYCLE,NOT_QUALIFIED_EITHER,,,,,
REACTOME_RHOG_GTPASE_CYCLE,NOT_QUALIFIED_EITHER,,,,,
REACTOME_RHOH_GTPASE_CYCLE,NOT_QUALIFIED_EITHER,,,,,
REACTOME_RHOJ_GTPASE_CYCLE,NOT_QUALIFIED_EITHER,,,,,
REACTOME_RHOQ_GTPASE_CYCLE,NOT_QUALIFIED_EITHER,,,,,
REACTOME_RHOU_GTPASE_CYCLE,NOT_QUALIFIED_EITHER,,,,,
REACTOME_RHOV_GTPASE_CYCLE,NOT_QUALIFIED_EITHER,,,,,
REACTOME_RHO_GTPASES_ACTIVATE_CIT,NOT_QUALIFIED_EITHER,,,,,
REACTOME_RHO_GTPASES_ACTIVATE_FORMINS,NOT_QUALIFIED_EITHER,,,,,
REACTOME_RHO_GTPASES_ACTIVATE_IQGAPS,NOT_QUALIFIED_EITHER,,,,,
REACTOME_RHO_GTPASES_ACTIVATE_NADPH_OXIDASES,NOT_QUALIFIED_EITHER,,,,,
REACTOME_RHO_GTPASES_ACTIVATE_PAKS,NOT_QUALIFIED_EITHER,,,,,
REACTOME_RHO_GTPASES_ACTIVATE_PKNS,NOT_QUALIFIED_EITHER,,,,,
REACTOME_RHO_GTPASES_ACTIVATE_ROCKS,NOT_QUALIFIED_EITHER,,,,,
REACTOME_RHO_GTPASES_ACTIVATE_WASPS_AND_WAVES,NOT_QUALIFIED_EITHER,,,,,
REACTOME_RHO_GTPASE_CYCLE,NOT_QUALIFIED_EITHER,,,,,
REACTOME_RHO_GTPASE_EFFECTORS,NOT_QUALIFIED_EITHER,,,,,
REACTOME_RIBOSOME_ASSOCIATED_QUALITY_CONTROL,QUALIFIED_SECOND_ONLY,,,,,
REACTOME_RIBOSOME_QUALITY_CONTROL_RQC_COMPLEX_EXTRACTS_AND_DEGRADES_NASCENT_PEPTIDE,NOT_QUALIFIED_EITHER,,,,,
REACTOME_RIPK1_MEDIATED_REGULATED_NECROSIS,NOT_QUALIFIED_EITHER,,,,,
REACTOME_RIP_MEDIATED_NFKB_ACTIVATION_VIA_ZBP1,QUALIFIED_SECOND_ONLY,,,,,
REACTOME_RMTS_METHYLATE_HISTONE_ARGININES,NOT_QUALIFIED_EITHER,,,,,
REACTOME_RNA_POLYMERASE_III_CHAIN_ELONGATION,NOT_QUALIFIED_EITHER,,,,,
REACTOME_RNA_POLYMERASE_III_TRANSCRIPTION,NOT_QUALIFIED_EITHER,,,,,
REACTOME_RNA_POLYMERASE_III_TRANSCRIPTION_INITIATION_FROM_TYPE_1_PROMOTER,NOT_QUALIFIED_EITHER,,,,,
REACTOME_RNA_POLYMERASE_III_TRANSCRIPTION_INITIATION_FROM_TYPE_3_PROMOTER,NOT_QUALIFIED_EITHER,,,,,
REACTOME_RNA_POLYMERASE_III_TRANSCRIPTION_TERMINATION,NOT_QUALIFIED_EITHER,,,,,
REACTOME_RNA_POLYMERASE_II_TRANSCRIBES_SNRNA_GENES,NOT_QUALIFIED_EITHER,,,,,
REACTOME_RNA_POLYMERASE_II_TRANSCRIPTION_TERMINATION,QUALIFIED_BOTH,28.0,35.0,26.0,37.0,0.7027027027027027
REACTOME_RNA_POLYMERASE_I_PROMOTER_ESCAPE,NOT_QUALIFIED_EITHER,,,,,
REACTOME_RNA_POLYMERASE_I_TRANSCRIPTION,NOT_QUALIFIED_EITHER,,,,,
REACTOME_RNA_POLYMERASE_I_TRANSCRIPTION_INITIATION,NOT_QUALIFIED_EITHER,,,,,
REACTOME_RNA_POLYMERASE_I_TRANSCRIPTION_TERMINATION,NOT_QUALIFIED_EITHER,,,,,
REACTOME_RND1_GTPASE_CYCLE,NOT_QUALIFIED_EITHER,,,,,
REACTOME_RND2_GTPASE_CYCLE,NOT_QUALIFIED_EITHER,,,,,
REACTOME_RND3_GTPASE_CYCLE,NOT_QUALIFIED_EITHER,,,,,
REACTOME_ROLE_OF_PHOSPHOLIPIDS_IN_PHAGOCYTOSIS,NOT_QUALIFIED_EITHER,,,,,
REACTOME_RORA_B_C_AND_NR1D1_REV_ERBA_REGULATE_GENE_EXPRESSION,NOT_QUALIFIED_EITHER,,,,,
REACTOME_ROS_AND_RNS_PRODUCTION_IN_PHAGOCYTES,NOT_QUALIFIED_EITHER,,,,,
REACTOME_RRNA_MODIFICATION_IN_THE_NUCLEUS_AND_CYTOSOL,QUALIFIED_SECOND_ONLY,,,,,
REACTOME_RRNA_PROCESSING,NOT_QUALIFIED_EITHER,,,,,
REACTOME_RRNA_PROCESSING_IN_THE_MITOCHONDRION,NOT_QUALIFIED_EITHER,,,,,
REACTOME_RSV_HOST_INTERACTIONS,NOT_QUALIFIED_EITHER,,,,,
REACTOME_RUNX1_INTERACTS_WITH_CO_FACTORS_WHOSE_PRECISE_EFFECT_ON_RUNX1_TARGETS_IS_NOT_KNOWN,NOT_QUALIFIED_EITHER,,,,,
REACTOME_RUNX1_REGULATES_GENES_INVOLVED_IN_MEGAKARYOCYTE_DIFFERENTIATION_AND_PLATELET_FUNCTION,NOT_QUALIFIED_EITHER,,,,,
REACTOME_RUNX1_REGULATES_TRANSCRIPTION_OF_GENES_INVOLVED_IN_DIFFERENTIATION_OF_HSCS,NOT_QUALIFIED_EITHER,,,,,
REACTOME_RUNX2_REGULATES_BONE_DEVELOPMENT,NOT_QUALIFIED_EITHER,,,,,
REACTOME_RUNX2_REGULATES_OSTEOBLAST_DIFFERENTIATION,NOT_QUALIFIED_EITHER,,,,,
REACTOME_SARS_COV_1_ACTIVATES_MODULATES_INNATE_IMMUNE_RESPONSES,NOT_QUALIFIED_EITHER,,,,,
REACTOME_SARS_COV_1_HOST_INTERACTIONS,NOT_QUALIFIED_EITHER,,,,,
REACTOME_SARS_COV_1_INFECTION,NOT_QUALIFIED_EITHER,,,,,
REACTOME_SARS_COV_1_MODULATES_HOST_TRANSLATION_MACHINERY,QUALIFIED_BOTH,19.0,27.0,19.0,27.0,0.7037037037037037
REACTOME_SARS_COV_1_TARGETS_HOST_INTRACELLULAR_SIGNALLING_AND_REGULATORY_PATHWAYS,NOT_QUALIFIED_EITHER,,,,,
REACTOME_SARS_COV_2_ACTIVATES_MODULATES_INNATE_AND_ADAPTIVE_IMMUNE_RESPONSES,NOT_QUALIFIED_EITHER,,,,,
REACTOME_SARS_COV_2_HOST_INTERACTIONS,NOT_QUALIFIED_EITHER,,,,,
REACTOME_SARS_COV_2_INFECTION,NOT_QUALIFIED_EITHER,,,,,
REACTOME_SARS_COV_2_MODULATES_HOST_TRANSLATION_MACHINERY,QUALIFIED_SECOND_ONLY,,,,,
REACTOME_SARS_COV_INFECTIONS,NOT_QUALIFIED_EITHER,,,,,
REACTOME_SCF_BETA_TRCP_MEDIATED_DEGRADATION_OF_EMI1,QUALIFIED_BOTH,21.0,26.0,21.0,26.0,0.8076923076923077
REACTOME_SCF_SKP2_MEDIATED_DEGRADATION_OF_P27_P21,NOT_QUALIFIED_EITHER,,,,,
REACTOME_SEALING_OF_THE_NUCLEAR_ENVELOPE_NE_BY_ESCRT_III,NOT_QUALIFIED_EITHER,,,,,
REACTOME_SELECTIVE_AUTOPHAGY,NOT_QUALIFIED_EITHER,,,,,
REACTOME_SELENOAMINO_ACID_METABOLISM,QUALIFIED_BOTH,73.0,68.0,63.0,78.0,0.8076923076923077
REACTOME_SEMA3A_PAK_DEPENDENT_AXON_REPULSION,NOT_QUALIFIED_EITHER,,,,,
REACTOME_SEMA4D_INDUCED_CELL_MIGRATION_AND_GROWTH_CONE_COLLAPSE,NOT_QUALIFIED_EITHER,,,,,
REACTOME_SEMA4D_IN_SEMAPHORIN_SIGNALING,NOT_QUALIFIED_EITHER,,,,,
REACTOME_SEMAPHORIN_INTERACTIONS,NOT_QUALIFIED_EITHER,,,,,
REACTOME_SENESCENCE_ASSOCIATED_SECRETORY_PHENOTYPE_SASP,NOT_QUALIFIED_EITHER,,,,,
REACTOME_SENSORY_PERCEPTION,NOT_QUALIFIED_EITHER,,,,,
REACTOME_SENSORY_PERCEPTION_OF_TASTE,NOT_QUALIFIED_EITHER,,,,,
REACTOME_SENSORY_PROCESSING_OF_SOUND,NOT_QUALIFIED_EITHER,,,,,
REACTOME_SENSORY_PROCESSING_OF_SOUND_BY_OUTER_HAIR_CELLS_OF_THE_COCHLEA,NOT_QUALIFIED_EITHER,,,,,
REACTOME_SEPARATION_OF_SISTER_CHROMATIDS,NOT_QUALIFIED_EITHER,,,,,
REACTOME_SEROTONIN_NEUROTRANSMITTER_RELEASE_CYCLE,NOT_QUALIFIED_EITHER,,,,,
REACTOME_SHC1_EVENTS_IN_ERBB2_SIGNALING,NOT_QUALIFIED_EITHER,,,,,
REACTOME_SHC_MEDIATED_CASCADE_FGFR1,NOT_QUALIFIED_EITHER,,,,,
REACTOME_SIALIC_ACID_METABOLISM,NOT_QUALIFIED_EITHER,,,,,
REACTOME_SIGNALING_BY_ACTIVIN,NOT_QUALIFIED_EITHER,,,,,
REACTOME_SIGNALING_BY_ALK,NOT_QUALIFIED_EITHER,,,,,
REACTOME_SIGNALING_BY_ALK_IN_CANCER,QUALIFIED_BOTH,19.0,20.0,19.0,20.0,0.95
REACTOME_SIGNALING_BY_BMP,NOT_QUALIFIED_EITHER,,,,,
REACTOME_SIGNALING_BY_BRAF_AND_RAF1_FUSIONS,NOT_QUALIFIED_EITHER,,,,,
REACTOME_SIGNALING_BY_CSF1_M_CSF_IN_MYELOID_CELLS,NOT_QUALIFIED_EITHER,,,,,
REACTOME_SIGNALING_BY_CSF3_G_CSF,NOT_QUALIFIED_EITHER,,,,,
REACTOME_SIGNALING_BY_CTNNB1_PHOSPHO_SITE_MUTANTS,NOT_QUALIFIED_EITHER,,,,,
REACTOME_SIGNALING_BY_CYTOSOLIC_FGFR1_FUSION_MUTANTS,NOT_QUALIFIED_EITHER,,,,,
REACTOME_SIGNALING_BY_EGFR,NOT_QUALIFIED_EITHER,,,,,
REACTOME_SIGNALING_BY_EGFR_IN_CANCER,NOT_QUALIFIED_EITHER,,,,,
REACTOME_SIGNALING_BY_ERBB2,NOT_QUALIFIED_EITHER,,,,,
REACTOME_SIGNALING_BY_ERBB2_ECD_MUTANTS,NOT_QUALIFIED_EITHER,,,,,
REACTOME_SIGNALING_BY_ERBB2_IN_CANCER,NOT_QUALIFIED_EITHER,,,,,
REACTOME_SIGNALING_BY_ERBB4,NOT_QUALIFIED_EITHER,,,,,
REACTOME_SIGNALING_BY_ERYTHROPOIETIN,NOT_QUALIFIED_EITHER,,,,,
REACTOME_SIGNALING_BY_FGFR,NOT_QUALIFIED_EITHER,,,,,
REACTOME_SIGNALING_BY_FGFR1,NOT_QUALIFIED_EITHER,,,,,
REACTOME_SIGNALING_BY_FGFR1_IN_DISEASE,NOT_QUALIFIED_EITHER,,,,,
REACTOME_SIGNALING_BY_FGFR2,NOT_QUALIFIED_EITHER,,,,,
REACTOME_SIGNALING_BY_FGFR2_IIIA_TM,NOT_QUALIFIED_EITHER,,,,,
REACTOME_SIGNALING_BY_FGFR2_IN_DISEASE,NOT_QUALIFIED_EITHER,,,,,
REACTOME_SIGNALING_BY_FGFR3,NOT_QUALIFIED_EITHER,,,,,
REACTOME_SIGNALING_BY_FGFR4,NOT_QUALIFIED_EITHER,,,,,
REACTOME_SIGNALING_BY_FGFR_IN_DISEASE,NOT_QUALIFIED_EITHER,,,,,
REACTOME_SIGNALING_BY_FLT3_FUSION_PROTEINS,NOT_QUALIFIED_EITHER,,,,,
REACTOME_SIGNALING_BY_FLT3_ITD_AND_TKD_MUTANTS,NOT_QUALIFIED_EITHER,,,,,
REACTOME_SIGNALING_BY_GPCR,NOT_QUALIFIED_EITHER,,,,,
REACTOME_SIGNALING_BY_HEDGEHOG,NOT_QUALIFIED_EITHER,,,,,
REACTOME_SIGNALING_BY_HIPPO,NOT_QUALIFIED_EITHER,,,,,
REACTOME_SIGNALING_BY_INSULIN_RECEPTOR,NOT_QUALIFIED_EITHER,,,,,
REACTOME_SIGNALING_BY_INTERLEUKINS,QUALIFIED_BOTH,94.0,116.0,92.0,118.0,0.7796610169491526
REACTOME_SIGNALING_BY_KIT_IN_DISEASE,NOT_QUALIFIED_EITHER,,,,,
REACTOME_SIGNALING_BY_MET,NOT_QUALIFIED_EITHER,,,,,
REACTOME_SIGNALING_BY_MODERATE_KINASE_ACTIVITY_BRAF_MUTANTS,NOT_QUALIFIED_EITHER,,,,,
REACTOME_SIGNALING_BY_NODAL,NOT_QUALIFIED_EITHER,,,,,
REACTOME_SIGNALING_BY_NOTCH,NOT_QUALIFIED_EITHER,,,,,
REACTOME_SIGNALING_BY_NOTCH1,NOT_QUALIFIED_EITHER,,,,,
REACTOME_SIGNALING_BY_NOTCH1_HD_DOMAIN_MUTANTS_IN_CANCER,NOT_QUALIFIED_EITHER,,,,,
REACTOME_SIGNALING_BY_NOTCH1_PEST_DOMAIN_MUTANTS_IN_CANCER,NOT_QUALIFIED_EITHER,,,,,
REACTOME_SIGNALING_BY_NOTCH2,NOT_QUALIFIED_EITHER,,,,,
REACTOME_SIGNALING_BY_NOTCH3,NOT_QUALIFIED_EITHER,,,,,
REACTOME_SIGNALING_BY_NOTCH4,NOT_QUALIFIED_EITHER,,,,,
REACTOME_SIGNALING_BY_NTRK2_TRKB,NOT_QUALIFIED_EITHER,,,,,
REACTOME_SIGNALING_BY_NTRK3_TRKC,NOT_QUALIFIED_EITHER,,,,,
REACTOME_SIGNALING_BY_NTRKS,QUALIFIED_BOTH,32.0,34.0,30.0,36.0,0.8333333333333334
REACTOME_SIGNALING_BY_NUCLEAR_RECEPTORS,NOT_QUALIFIED_EITHER,,,,,
REACTOME_SIGNALING_BY_PDGF,NOT_QUALIFIED_EITHER,,,,,
REACTOME_SIGNALING_BY_PDGFR_IN_DISEASE,NOT_QUALIFIED_EITHER,,,,,
REACTOME_SIGNALING_BY_PTK6,NOT_QUALIFIED_EITHER,,,,,
REACTOME_SIGNALING_BY_RECEPTOR_TYROSINE_KINASES,NOT_QUALIFIED_EITHER,,,,,
REACTOME_SIGNALING_BY_RETINOIC_ACID,NOT_QUALIFIED_EITHER,,,,,
REACTOME_SIGNALING_BY_ROBO_RECEPTORS,NOT_QUALIFIED_EITHER,,,,,
REACTOME_SIGNALING_BY_SCF_KIT,NOT_QUALIFIED_EITHER,,,,,
REACTOME_SIGNALING_BY_TGFBR3,NOT_QUALIFIED_EITHER,,,,,
REACTOME_SIGNALING_BY_TGFB_FAMILY_MEMBERS,NOT_QUALIFIED_EITHER,,,,,
REACTOME_SIGNALING_BY_TGF_BETA_RECEPTOR_COMPLEX,NOT_QUALIFIED_EITHER,,,,,
REACTOME_SIGNALING_BY_THE_B_CELL_RECEPTOR_BCR,NOT_QUALIFIED_EITHER,,,,,
REACTOME_SIGNALING_BY_TYPE_1_INSULIN_LIKE_GROWTH_FACTOR_1_RECEPTOR_IGF1R,QUALIFIED_FIRST_ONLY,,,,,
REACTOME_SIGNALING_BY_VEGF,NOT_QUALIFIED_EITHER,,,,,
REACTOME_SIGNALING_BY_WNT,NOT_QUALIFIED_EITHER,,,,,
REACTOME_SIGNALING_BY_WNT_IN_CANCER,NOT_QUALIFIED_EITHER,,,,,
REACTOME_SIGNALLING_TO_ERKS,NOT_QUALIFIED_EITHER,,,,,
REACTOME_SIGNALLING_TO_RAS,NOT_QUALIFIED_EITHER,,,,,
REACTOME_SIGNAL_AMPLIFICATION,NOT_QUALIFIED_EITHER,,,,,
REACTOME_SIGNAL_TRANSDUCTION_BY_L1,QUALIFIED_BOTH,12.0,10.0,10.0,12.0,0.8333333333333334
REACTOME_SIRT1_NEGATIVELY_REGULATES_RRNA_EXPRESSION,NOT_QUALIFIED_EITHER,,,,,
REACTOME_SLC_MEDIATED_TRANSMEMBRANE_TRANSPORT,NOT_QUALIFIED_EITHER,,,,,
REACTOME_SLC_MEDIATED_TRANSPORT_OF_AMINO_ACIDS,NOT_QUALIFIED_EITHER,,,,,
REACTOME_SLC_MEDIATED_TRANSPORT_OF_INORGANIC_ANIONS,NOT_QUALIFIED_EITHER,,,,,
REACTOME_SLC_MEDIATED_TRANSPORT_OF_ORGANIC_ANIONS,NOT_QUALIFIED_EITHER,,,,,
REACTOME_SLC_TRANSPORTER_DISORDERS,NOT_QUALIFIED_EITHER,,,,,
REACTOME_SMAD2_SMAD3_SMAD4_HETEROTRIMER_REGULATES_TRANSCRIPTION,NOT_QUALIFIED_EITHER,,,,,
REACTOME_SMOOTH_MUSCLE_CONTRACTION,NOT_QUALIFIED_EITHER,,,,,
REACTOME_SNRNP_ASSEMBLY,NOT_QUALIFIED_EITHER,,,,,
REACTOME_SOMITOGENESIS,NOT_QUALIFIED_EITHER,,,,,
REACTOME_SPHINGOLIPID_DE_NOVO_BIOSYNTHESIS,NOT_QUALIFIED_EITHER,,,,,
REACTOME_SPHINGOLIPID_METABOLISM,NOT_QUALIFIED_EITHER,,,,,
REACTOME_SPOP_MEDIATED_PROTEASOMAL_DEGRADATION_OF_PD_L1_CD274,QUALIFIED_BOTH,22.0,29.0,22.0,29.0,0.7586206896551724
REACTOME_SPRY_REGULATION_OF_FGF_SIGNALING,NOT_QUALIFIED_EITHER,,,,,
REACTOME_SRP_DEPENDENT_COTRANSLATIONAL_PROTEIN_TARGETING_TO_MEMBRANE,QUALIFIED_BOTH,55.0,69.0,55.0,69.0,0.7971014492753623
REACTOME_STABILIZATION_OF_P53,QUALIFIED_FIRST_ONLY,,,,,
REACTOME_STIMULI_SENSING_CHANNELS,NOT_QUALIFIED_EITHER,,,,,
REACTOME_STING_MEDIATED_INDUCTION_OF_HOST_IMMUNE_RESPONSES,NOT_QUALIFIED_EITHER,,,,,
REACTOME_STRIATED_MUSCLE_CONTRACTION,NOT_QUALIFIED_EITHER,,,,,
REACTOME_SULFUR_AMINO_ACID_METABOLISM,NOT_QUALIFIED_EITHER,,,,,
REACTOME_SUMOYLATION,NOT_QUALIFIED_EITHER,,,,,
REACTOME_SUMOYLATION_OF_CHROMATIN_ORGANIZATION_PROTEINS,NOT_QUALIFIED_EITHER,,,,,
REACTOME_SUMOYLATION_OF_DNA_DAMAGE_RESPONSE_AND_REPAIR_PROTEINS,NOT_QUALIFIED_EITHER,,,,,
REACTOME_SUMOYLATION_OF_DNA_METHYLATION_PROTEINS,NOT_QUALIFIED_EITHER,,,,,
REACTOME_SUMOYLATION_OF_DNA_REPLICATION_PROTEINS,NOT_QUALIFIED_EITHER,,,,,
REACTOME_SUMOYLATION_OF_INTRACELLULAR_RECEPTORS,NOT_QUALIFIED_EITHER,,,,,
REACTOME_SUMOYLATION_OF_RNA_BINDING_PROTEINS,QUALIFIED_BOTH,22.0,23.0,21.0,24.0,0.875
REACTOME_SUMOYLATION_OF_SUMOYLATION_PROTEINS,QUALIFIED_BOTH,13.0,16.0,13.0,16.0,0.8125
REACTOME_SUMOYLATION_OF_TRANSCRIPTION_COFACTORS,NOT_QUALIFIED_EITHER,,,,,
REACTOME_SUMOYLATION_OF_TRANSCRIPTION_FACTORS,NOT_QUALIFIED_EITHER,,,,,
REACTOME_SUMOYLATION_OF_UBIQUITINYLATION_PROTEINS,QUALIFIED_FIRST_ONLY,,,,,
REACTOME_SURFACTANT_METABOLISM,NOT_QUALIFIED_EITHER,,,,,
REACTOME_SWITCHING_OF_ORIGINS_TO_A_POST_REPLICATIVE_STATE,NOT_QUALIFIED_EITHER,,,,,
REACTOME_SYNAPTIC_ADHESION_LIKE_MOLECULES,NOT_QUALIFIED_EITHER,,,,,
REACTOME_SYNDECAN_INTERACTIONS,NOT_QUALIFIED_EITHER,,,,,
REACTOME_SYNTHESIS_OF_ACTIVE_UBIQUITIN_ROLES_OF_E1_AND_E2_ENZYMES,NOT_QUALIFIED_EITHER,,,,,
REACTOME_SYNTHESIS_OF_BILE_ACIDS_AND_BILE_SALTS,NOT_QUALIFIED_EITHER,,,,,
REACTOME_SYNTHESIS_OF_BILE_ACIDS_AND_BILE_SALTS_VIA_7ALPHA_HYDROXYCHOLESTEROL,QUALIFIED_FIRST_ONLY,,,,,
REACTOME_SYNTHESIS_OF_DNA,NOT_QUALIFIED_EITHER,,,,,
REACTOME_SYNTHESIS_OF_GLYCOSYLPHOSPHATIDYLINOSITOL_GPI,NOT_QUALIFIED_EITHER,,,,,
REACTOME_SYNTHESIS_OF_IP3_AND_IP4_IN_THE_CYTOSOL,NOT_QUALIFIED_EITHER,,,,,
REACTOME_SYNTHESIS_OF_PA,NOT_QUALIFIED_EITHER,,,,,
REACTOME_SYNTHESIS_OF_PC,NOT_QUALIFIED_EITHER,,,,,
REACTOME_SYNTHESIS_OF_PIPS_AT_THE_EARLY_ENDOSOME_MEMBRANE,NOT_QUALIFIED_EITHER,,,,,
REACTOME_SYNTHESIS_OF_PIPS_AT_THE_GOLGI_MEMBRANE,NOT_QUALIFIED_EITHER,,,,,
REACTOME_SYNTHESIS_OF_PIPS_AT_THE_PLASMA_MEMBRANE,NOT_QUALIFIED_EITHER,,,,,
REACTOME_SYNTHESIS_OF_SUBSTRATES_IN_N_GLYCAN_BIOSYTHESIS,NOT_QUALIFIED_EITHER,,,,,
REACTOME_SYNTHESIS_OF_VERY_LONG_CHAIN_FATTY_ACYL_COAS,NOT_QUALIFIED_EITHER,,,,,
REACTOME_S_PHASE,NOT_QUALIFIED_EITHER,,,,,
REACTOME_TAK1_DEPENDENT_IKK_AND_NF_KAPPA_B_ACTIVATION,NOT_QUALIFIED_EITHER,,,,,
REACTOME_TBC_RABGAPS,NOT_QUALIFIED_EITHER,,,,,
REACTOME_TCF_DEPENDENT_SIGNALING_IN_RESPONSE_TO_WNT,NOT_QUALIFIED_EITHER,,,,,
REACTOME_TCR_SIGNALING,NOT_QUALIFIED_EITHER,,,,,
REACTOME_TELOMERE_C_STRAND_LAGGING_STRAND_SYNTHESIS,NOT_QUALIFIED_EITHER,,,,,
REACTOME_TELOMERE_EXTENSION_BY_TELOMERASE,NOT_QUALIFIED_EITHER,,,,,
REACTOME_TELOMERE_MAINTENANCE,NOT_QUALIFIED_EITHER,,,,,
REACTOME_TERMINATION_OF_O_GLYCAN_BIOSYNTHESIS,NOT_QUALIFIED_EITHER,,,,,
REACTOME_TERMINATION_OF_TRANSLESION_DNA_SYNTHESIS,NOT_QUALIFIED_EITHER,,,,,
REACTOME_TGFBR3_EXPRESSION,NOT_QUALIFIED_EITHER,,,,,
REACTOME_TGF_BETA_RECEPTOR_SIGNALING_ACTIVATES_SMADS,NOT_QUALIFIED_EITHER,,,,,
REACTOME_TGF_BETA_RECEPTOR_SIGNALING_IN_EMT_EPITHELIAL_TO_MESENCHYMAL_TRANSITION,NOT_QUALIFIED_EITHER,,,,,
REACTOME_THE_PHOTOTRANSDUCTION_CASCADE,NOT_QUALIFIED_EITHER,,,,,
REACTOME_THE_ROLE_OF_GTSE1_IN_G2_M_PROGRESSION_AFTER_G2_CHECKPOINT,NOT_QUALIFIED_EITHER,,,,,
REACTOME_THE_ROLE_OF_NEF_IN_HIV_1_REPLICATION_AND_DISEASE_PATHOGENESIS,NOT_QUALIFIED_EITHER,,,,,
REACTOME_THROMBIN_SIGNALLING_THROUGH_PROTEINASE_ACTIVATED_RECEPTORS_PARS,NOT_QUALIFIED_EITHER,,,,,
REACTOME_THROMBOXANE_SIGNALLING_THROUGH_TP_RECEPTOR,NOT_QUALIFIED_EITHER,,,,,
REACTOME_TICAM1_RIP1_MEDIATED_IKK_COMPLEX_RECRUITMENT,NOT_QUALIFIED_EITHER,,,,,
REACTOME_TIE2_SIGNALING,NOT_QUALIFIED_EITHER,,,,,
REACTOME_TIGHT_JUNCTION_INTERACTIONS,NOT_QUALIFIED_EITHER,,,,,
REACTOME_TNFR1_INDUCED_NF_KAPPA_B_SIGNALING_PATHWAY,NOT_QUALIFIED_EITHER,,,,,
REACTOME_TNFR1_INDUCED_PROAPOPTOTIC_SIGNALING,NOT_QUALIFIED_EITHER,,,,,
REACTOME_TNFR2_NON_CANONICAL_NF_KB_PATHWAY,QUALIFIED_SECOND_ONLY,,,,,
REACTOME_TNFS_BIND_THEIR_PHYSIOLOGICAL_RECEPTORS,NOT_QUALIFIED_EITHER,,,,,
REACTOME_TNF_SIGNALING,NOT_QUALIFIED_EITHER,,,,,
REACTOME_TOLL_LIKE_RECEPTOR_9_TLR9_CASCADE,NOT_QUALIFIED_EITHER,,,,,
REACTOME_TOLL_LIKE_RECEPTOR_CASCADES,NOT_QUALIFIED_EITHER,,,,,
REACTOME_TOLL_LIKE_RECEPTOR_TLR1_TLR2_CASCADE,NOT_QUALIFIED_EITHER,,,,,
REACTOME_TP53_REGULATES_METABOLIC_GENES,NOT_QUALIFIED_EITHER,,,,,
REACTOME_TP53_REGULATES_TRANSCRIPTION_OF_ADDITIONAL_CELL_CYCLE_GENES_WHOSE_EXACT_ROLE_IN_THE_P53_PATHWAY_REMAIN_UNCERTAIN,NOT_QUALIFIED_EITHER,,,,,
REACTOME_TP53_REGULATES_TRANSCRIPTION_OF_CELL_CYCLE_GENES,NOT_QUALIFIED_EITHER,,,,,
REACTOME_TP53_REGULATES_TRANSCRIPTION_OF_CELL_DEATH_GENES,NOT_QUALIFIED_EITHER,,,,,
REACTOME_TP53_REGULATES_TRANSCRIPTION_OF_DNA_REPAIR_GENES,NOT_QUALIFIED_EITHER,,,,,
REACTOME_TP53_REGULATES_TRANSCRIPTION_OF_GENES_INVOLVED_IN_CYTOCHROME_C_RELEASE,NOT_QUALIFIED_EITHER,,,,,
REACTOME_TP53_REGULATES_TRANSCRIPTION_OF_GENES_INVOLVED_IN_G2_CELL_CYCLE_ARREST,NOT_QUALIFIED_EITHER,,,,,
REACTOME_TP53_REGULATES_TRANSCRIPTION_OF_SEVERAL_ADDITIONAL_CELL_DEATH_GENES_WHOSE_SPECIFIC_ROLES_IN_P53_DEPENDENT_APOPTOSIS_REMAIN_UNCERTAIN,NOT_QUALIFIED_EITHER,,,,,
REACTOME_TRAF6_MEDIATED_INDUCTION_OF_TAK1_COMPLEX_WITHIN_TLR4_COMPLEX,NOT_QUALIFIED_EITHER,,,,,
REACTOME_TRAF6_MEDIATED_IRF7_ACTIVATION,NOT_QUALIFIED_EITHER,,,,,
REACTOME_TRAF6_MEDIATED_NF_KB_ACTIVATION,NOT_QUALIFIED_EITHER,,,,,
REACTOME_TRAFFICKING_OF_AMPA_RECEPTORS,NOT_QUALIFIED_EITHER,,,,,
REACTOME_TRAFFICKING_OF_GLUR2_CONTAINING_AMPA_RECEPTORS,NOT_QUALIFIED_EITHER,,,,,
REACTOME_TRANSCRIPTIONAL_ACTIVATION_OF_MITOCHONDRIAL_BIOGENESIS,NOT_QUALIFIED_EITHER,,,,,
REACTOME_TRANSCRIPTIONAL_ACTIVITY_OF_SMAD2_SMAD3_SMAD4_HETEROTRIMER,NOT_QUALIFIED_EITHER,,,,,
REACTOME_TRANSCRIPTIONAL_AND_POST_TRANSLATIONAL_REGULATION_OF_MITF_M_EXPRESSION_AND_ACTIVITY,NOT_QUALIFIED_EITHER,,,,,
REACTOME_TRANSCRIPTIONAL_REGULATION_BY_E2F6,NOT_QUALIFIED_EITHER,,,,,
REACTOME_TRANSCRIPTIONAL_REGULATION_BY_MECP2,NOT_QUALIFIED_EITHER,,,,,
REACTOME_TRANSCRIPTIONAL_REGULATION_BY_NPAS4,NOT_QUALIFIED_EITHER,,,,,
REACTOME_TRANSCRIPTIONAL_REGULATION_BY_RUNX1,NOT_QUALIFIED_EITHER,,,,,
REACTOME_TRANSCRIPTIONAL_REGULATION_BY_RUNX2,QUALIFIED_BOTH,45.0,52.0,43.0,54.0,0.7962962962962963
REACTOME_TRANSCRIPTIONAL_REGULATION_BY_RUNX3,QUALIFIED_BOTH,42.0,44.0,40.0,46.0,0.8695652173913043
REACTOME_TRANSCRIPTIONAL_REGULATION_BY_SMALL_RNAS,NOT_QUALIFIED_EITHER,,,,,
REACTOME_TRANSCRIPTIONAL_REGULATION_BY_THE_AP_2_TFAP2_FAMILY_OF_TRANSCRIPTION_FACTORS,NOT_QUALIFIED_EITHER,,,,,
REACTOME_TRANSCRIPTIONAL_REGULATION_BY_TP53,NOT_QUALIFIED_EITHER,,,,,
REACTOME_TRANSCRIPTIONAL_REGULATION_BY_VENTX,NOT_QUALIFIED_EITHER,,,,,
REACTOME_TRANSCRIPTIONAL_REGULATION_OF_BROWN_AND_BEIGE_ADIPOCYTE_DIFFERENTIATION,NOT_QUALIFIED_EITHER,,,,,
REACTOME_TRANSCRIPTIONAL_REGULATION_OF_GRANULOPOIESIS,NOT_QUALIFIED_EITHER,,,,,
REACTOME_TRANSCRIPTIONAL_REGULATION_OF_PLURIPOTENT_STEM_CELLS,NOT_QUALIFIED_EITHER,,,,,
REACTOME_TRANSCRIPTIONAL_REGULATION_OF_WHITE_ADIPOCYTE_DIFFERENTIATION,NOT_QUALIFIED_EITHER,,,,,
REACTOME_TRANSCRIPTION_COUPLED_NUCLEOTIDE_EXCISION_REPAIR_TC_NER,NOT_QUALIFIED_EITHER,,,,,
REACTOME_TRANSCRIPTION_OF_E2F_TARGETS_UNDER_NEGATIVE_CONTROL_BY_DREAM_COMPLEX,NOT_QUALIFIED_EITHER,,,,,
REACTOME_TRANSCRIPTION_OF_E2F_TARGETS_UNDER_NEGATIVE_CONTROL_BY_P107_RBL1_AND_P130_RBL2_IN_COMPLEX_WITH_HDAC1,NOT_QUALIFIED_EITHER,,,,,
REACTOME_TRANSCRIPTION_OF_THE_HIV_GENOME,NOT_QUALIFIED_EITHER,,,,,
REACTOME_TRANSFERRIN_ENDOCYTOSIS_AND_RECYCLING,NOT_QUALIFIED_EITHER,,,,,
REACTOME_TRANSLATION,NOT_QUALIFIED_EITHER,,,,,
REACTOME_TRANSLATION_OF_SARS_COV_1_STRUCTURAL_PROTEINS,NOT_QUALIFIED_EITHER,,,,,
REACTOME_TRANSLATION_OF_SARS_COV_2_STRUCTURAL_PROTEINS,NOT_QUALIFIED_EITHER,,,,,
REACTOME_TRANSLESION_SYNTHESIS_BY_POLH,NOT_QUALIFIED_EITHER,,,,,
REACTOME_TRANSLESION_SYNTHESIS_BY_POLK,NOT_QUALIFIED_EITHER,,,,,
REACTOME_TRANSLESION_SYNTHESIS_BY_Y_FAMILY_DNA_POLYMERASES_BYPASSES_LESIONS_ON_DNA_TEMPLATE,NOT_QUALIFIED_EITHER,,,,,
REACTOME_TRANSLOCATION_OF_SLC2A4_GLUT4_TO_THE_PLASMA_MEMBRANE,NOT_QUALIFIED_EITHER,,,,,
REACTOME_TRANSMISSION_ACROSS_CHEMICAL_SYNAPSES,NOT_QUALIFIED_EITHER,,,,,
REACTOME_TRANSPORT_OF_MATURE_MRNAS_DERIVED_FROM_INTRONLESS_TRANSCRIPTS,QUALIFIED_FIRST_ONLY,,,,,
REACTOME_TRANSPORT_OF_MATURE_TRANSCRIPT_TO_CYTOPLASM,QUALIFIED_BOTH,34.0,40.0,31.0,43.0,0.7209302325581395
REACTOME_TRANSPORT_OF_THE_SLBP_DEPENDANT_MATURE_MRNA,QUALIFIED_BOTH,14.0,16.0,14.0,16.0,0.875
REACTOME_TRANSPORT_OF_VITAMINS_NUCLEOSIDES_AND_RELATED_MOLECULES,NOT_QUALIFIED_EITHER,,,,,
REACTOME_TRANSPORT_TO_THE_GOLGI_AND_SUBSEQUENT_MODIFICATION,NOT_QUALIFIED_EITHER,,,,,
REACTOME_TRANS_GOLGI_NETWORK_VESICLE_BUDDING,NOT_QUALIFIED_EITHER,,,,,
REACTOME_TRIGLYCERIDE_CATABOLISM,NOT_QUALIFIED_EITHER,,,,,
REACTOME_TRIGLYCERIDE_METABOLISM,NOT_QUALIFIED_EITHER,,,,,
REACTOME_TRISTETRAPROLIN_TTP_ZFP36_BINDS_AND_DESTABILIZES_MRNA,NOT_QUALIFIED_EITHER,,,,,
REACTOME_TRNA_AMINOACYLATION,NOT_QUALIFIED_EITHER,,,,,
REACTOME_TRNA_MODIFICATION_IN_THE_NUCLEUS_AND_CYTOSOL,NOT_QUALIFIED_EITHER,,,,,
REACTOME_TRNA_PROCESSING,NOT_QUALIFIED_EITHER,,,,,
REACTOME_TRNA_PROCESSING_IN_THE_NUCLEUS,NOT_QUALIFIED_EITHER,,,,,
REACTOME_TRP_CHANNELS,NOT_QUALIFIED_EITHER,,,,,
REACTOME_TURBULENT_OSCILLATORY_DISTURBED_FLOW_SHEAR_STRESS_ACTIVATES_SIGNALING_BY_PIEZO1_AND_INTEGRINS_IN_ENDOTHELIAL_CELLS,NOT_QUALIFIED_EITHER,,,,,
REACTOME_UBIQUITIN_DEPENDENT_DEGRADATION_OF_CYCLIN_D,QUALIFIED_BOTH,20.0,26.0,20.0,26.0,0.7692307692307693
REACTOME_UBIQUITIN_MEDIATED_DEGRADATION_OF_PHOSPHORYLATED_CDC25A,NOT_QUALIFIED_EITHER,,,,,
REACTOME_UB_SPECIFIC_PROCESSING_PROTEASES,NOT_QUALIFIED_EITHER,,,,,
REACTOME_UCH_PROTEINASES,NOT_QUALIFIED_EITHER,,,,,
REACTOME_UNBLOCKING_OF_NMDA_RECEPTORS_GLUTAMATE_BINDING_AND_ACTIVATION,NOT_QUALIFIED_EITHER,,,,,
REACTOME_UNFOLDED_PROTEIN_RESPONSE_UPR,QUALIFIED_BOTH,41.0,36.0,34.0,43.0,0.7906976744186046
REACTOME_UPTAKE_AND_ACTIONS_OF_BACTERIAL_TOXINS,NOT_QUALIFIED_EITHER,,,,,
REACTOME_VASOPRESSIN_REGULATES_RENAL_WATER_HOMEOSTASIS_VIA_AQUAPORINS,NOT_QUALIFIED_EITHER,,,,,
REACTOME_VEGFR2_MEDIATED_CELL_PROLIFERATION,NOT_QUALIFIED_EITHER,,,,,
REACTOME_VEGFR2_MEDIATED_VASCULAR_PERMEABILITY,NOT_QUALIFIED_EITHER,,,,,
REACTOME_VIF_MEDIATED_DEGRADATION_OF_APOBEC3G,NOT_QUALIFIED_EITHER,,,,,
REACTOME_VIRAL_MESSENGER_RNA_SYNTHESIS,NOT_QUALIFIED_EITHER,,,,,
REACTOME_VISUAL_PHOTOTRANSDUCTION,NOT_QUALIFIED_EITHER,,,,,
REACTOME_VITAMIN_B5_PANTOTHENATE_METABOLISM,NOT_QUALIFIED_EITHER,,,,,
REACTOME_VLDLR_INTERNALISATION_AND_DEGRADATION,NOT_QUALIFIED_EITHER,,,,,
REACTOME_VOLTAGE_GATED_POTASSIUM_CHANNELS,NOT_QUALIFIED_EITHER,,,,,
REACTOME_VXPX_CARGO_TARGETING_TO_CILIUM,NOT_QUALIFIED_EITHER,,,,,
REACTOME_WNT5A_DEPENDENT_INTERNALIZATION_OF_FZD2_FZD5_AND_ROR2,NOT_QUALIFIED_EITHER,,,,,
REACTOME_WNT5A_DEPENDENT_INTERNALIZATION_OF_FZD4,NOT_QUALIFIED_EITHER,,,,,
REACTOME_WNT_LIGAND_BIOGENESIS_AND_TRAFFICKING,NOT_QUALIFIED_EITHER,,,,,
REACTOME_ZBP1_DAI_MEDIATED_INDUCTION_OF_TYPE_I_IFNS,QUALIFIED_SECOND_ONLY,,,,,
