database,term_id,effective_gene_set_size,eligible_for_testing
GO_BP,GOBP_10_FORMYLTETRAHYDROFOLATE_METABOLIC_PROCESS,5,False
GO_BP,GOBP_2FE_2S_CLUSTER_ASSEMBLY,11,False
GO_BP,GOBP_2_OXOGLUTARATE_METABOLIC_PROCESS,15,True
GO_BP,GOBP_3_UTR_MEDIATED_MRNA_DESTABILIZATION,23,True
GO_BP,GOBP_3_UTR_MEDIATED_MRNA_STABILIZATION,21,True
GO_BP,GOBP_4FE_4S_CLUSTER_ASSEMBLY,5,False
GO_BP,GOBP_5S_CLASS_RRNA_TRANSCRIPTION_BY_RNA_POLYMERASE_III,6,False
GO_BP,GOBP_5_PHOSPHORIBOSE_1_DIPHOSPHATE_METABOLIC_PROCESS,4,False
GO_BP,GOBP_7_METHYLGUANOSINE_CAP_HYPERMETHYLATION,10,False
GO_BP,GOBP_7_METHYLGUANOSINE_MRNA_CAPPING,7,False
GO_BP,GOBP_ACETATE_ESTER_TRANSPORT,4,False
GO_BP,GOBP_ACETYLCHOLINE_METABOLIC_PROCESS,3,False
GO_BP,GOBP_ACETYLCHOLINE_SECRETION,2,False
GO_BP,GOBP_ACETYL_COA_BIOSYNTHETIC_PROCESS,23,True
GO_BP,GOBP_ACETYL_COA_METABOLIC_PROCESS,41,True
GO_BP,GOBP_ACIDIC_AMINO_ACID_TRANSPORT,68,True
GO_BP,GOBP_ACID_SECRETION,30,True
GO_BP,GOBP_ACROSOMAL_VESICLE_EXOCYTOSIS,6,False
GO_BP,GOBP_ACROSOME_ASSEMBLY,24,True
GO_BP,GOBP_ACROSOME_REACTION,24,True
GO_BP,GOBP_ACTIN_CROSSLINK_FORMATION,12,False
GO_BP,GOBP_ACTIN_FILAMENT_BASED_MOVEMENT,112,True
GO_BP,GOBP_ACTIN_FILAMENT_BASED_PROCESS,719,False
GO_BP,GOBP_ACTIN_FILAMENT_BASED_TRANSPORT,11,False
GO_BP,GOBP_ACTIN_FILAMENT_BUNDLE_ORGANIZATION,162,True
GO_BP,GOBP_ACTIN_FILAMENT_DEPOLYMERIZATION,56,True
GO_BP,GOBP_ACTIN_FILAMENT_NETWORK_FORMATION,12,False
GO_BP,GOBP_ACTIN_FILAMENT_ORGANIZATION,421,True
GO_BP,GOBP_ACTIN_FILAMENT_POLYMERIZATION,142,True
GO_BP,GOBP_ACTIN_FILAMENT_SEVERING,14,False
GO_BP,GOBP_ACTIN_MEDIATED_CELL_CONTRACTION,92,True
GO_BP,GOBP_ACTIN_MYOSIN_FILAMENT_SLIDING,8,False
GO_BP,GOBP_ACTIN_NUCLEATION,61,True
GO_BP,GOBP_ACTIN_POLYMERIZATION_DEPENDENT_CELL_MOTILITY,6,False
GO_BP,GOBP_ACTIN_POLYMERIZATION_OR_DEPOLYMERIZATION,169,True
GO_BP,GOBP_ACTION_POTENTIAL,131,True
GO_BP,GOBP_ACTION_POTENTIAL_PROPAGATION,9,False
GO_BP,GOBP_ACTIVATED_T_CELL_PROLIFERATION,38,True
GO_BP,GOBP_ACTIVATION_INDUCED_CELL_DEATH_OF_T_CELLS,10,False
GO_BP,GOBP_ACTIVATION_OF_ADENYLATE_CYCLASE_ACTIVITY,7,False
GO_BP,GOBP_ACTIVATION_OF_GTPASE_ACTIVITY,25,True
GO_BP,GOBP_ACTIVATION_OF_IMMUNE_RESPONSE,472,True
GO_BP,GOBP_ACTIVATION_OF_INNATE_IMMUNE_RESPONSE,280,True
GO_BP,GOBP_ACTIVATION_OF_MEIOSIS,4,False
GO_BP,GOBP_ACTIVATION_OF_MEMBRANE_ATTACK_COMPLEX,8,False
GO_BP,GOBP_ACTIVATION_OF_NF_KAPPAB_INDUCING_KINASE_ACTIVITY,13,False
GO_BP,GOBP_ACTIVATION_OF_PROTEIN_KINASE_ACTIVITY,44,True
GO_BP,GOBP_ACTIVATION_OF_PROTEIN_KINASE_A_ACTIVITY,5,False
GO_BP,GOBP_ACTIVATION_OF_PROTEIN_KINASE_B_ACTIVITY,7,False
GO_BP,GOBP_ACTIVATION_OF_STORE_OPERATED_CALCIUM_CHANNEL_ACTIVITY,5,False
GO_BP,GOBP_ACTIVIN_RECEPTOR_SIGNALING_PATHWAY,45,True
GO_BP,GOBP_ACTOMYOSIN_CONTRACTILE_RING_ORGANIZATION,9,False
GO_BP,GOBP_ACTOMYOSIN_STRUCTURE_ORGANIZATION,188,True
GO_BP,GOBP_ACUTE_INFLAMMATORY_RESPONSE,59,True
GO_BP,GOBP_ACUTE_INFLAMMATORY_RESPONSE_TO_ANTIGENIC_STIMULUS,13,False
GO_BP,GOBP_ACUTE_PHASE_RESPONSE,24,True
GO_BP,GOBP_ACYLGLYCEROL_HOMEOSTASIS,30,True
GO_BP,GOBP_ACYLGLYCEROL_TRANSPORT,4,False
GO_BP,GOBP_ACYL_COA_BIOSYNTHETIC_PROCESS,59,True
GO_BP,GOBP_ACYL_COA_METABOLIC_PROCESS,101,True
GO_BP,GOBP_ADAPTIVE_IMMUNE_MEMORY_RESPONSE,6,False
GO_BP,GOBP_ADAPTIVE_IMMUNE_RESPONSE,374,True
GO_BP,GOBP_ADAPTIVE_IMMUNE_RESPONSE_BASED_ON_SOMATIC_RECOMBINATION_OF_IMMUNE_RECEPTORS_BUILT_FROM_IMMUNOGLOBULIN_SUPERFAMILY_DOMAINS,287,True
GO_BP,GOBP_ADAPTIVE_THERMOGENESIS,138,True
GO_BP,GOBP_ADENINE_TRANSPORT,6,False
GO_BP,GOBP_ADENOHYPOPHYSIS_DEVELOPMENT,5,False
GO_BP,GOBP_ADENOSINE_METABOLIC_PROCESS,10,False
GO_BP,GOBP_ADENOSINE_TO_INOSINE_EDITING,3,False
GO_BP,GOBP_ADENOSINE_TRANSPORT,5,False
GO_BP,GOBP_ADENYLATE_CYCLASE_ACTIVATING_ADRENERGIC_RECEPTOR_SIGNALING_PATHWAY,15,True
GO_BP,GOBP_ADENYLATE_CYCLASE_ACTIVATING_DOPAMINE_RECEPTOR_SIGNALING_PATHWAY,9,False
GO_BP,GOBP_ADENYLATE_CYCLASE_ACTIVATING_G_PROTEIN_COUPLED_RECEPTOR_SIGNALING_PATHWAY,114,True
GO_BP,GOBP_ADENYLATE_CYCLASE_ACTIVATING_SEROTONIN_RECEPTOR_SIGNALING_PATHWAY,3,False
GO_BP,GOBP_ADENYLATE_CYCLASE_INHIBITING_ADRENERGIC_RECEPTOR_SIGNALING_PATHWAY,4,False
GO_BP,GOBP_ADENYLATE_CYCLASE_INHIBITING_DOPAMINE_RECEPTOR_SIGNALING_PATHWAY,5,False
GO_BP,GOBP_ADENYLATE_CYCLASE_INHIBITING_G_PROTEIN_COUPLED_ACETYLCHOLINE_RECEPTOR_SIGNALING_PATHWAY,2,False
GO_BP,GOBP_ADENYLATE_CYCLASE_INHIBITING_G_PROTEIN_COUPLED_GLUTAMATE_RECEPTOR_SIGNALING_PATHWAY,2,False
GO_BP,GOBP_ADENYLATE_CYCLASE_INHIBITING_G_PROTEIN_COUPLED_RECEPTOR_SIGNALING_PATHWAY,56,True
GO_BP,GOBP_ADENYLATE_CYCLASE_INHIBITING_SEROTONIN_RECEPTOR_SIGNALING_PATHWAY,3,False
GO_BP,GOBP_ADENYLATE_CYCLASE_MODULATING_G_PROTEIN_COUPLED_RECEPTOR_SIGNALING_PATHWAY,165,True
GO_BP,GOBP_ADHERENS_JUNCTION_ASSEMBLY,17,True
GO_BP,GOBP_ADHERENS_JUNCTION_MAINTENANCE,7,False
GO_BP,GOBP_ADHERENS_JUNCTION_ORGANIZATION,61,True
GO_BP,GOBP_ADHESION_OF_SYMBIONT_TO_HOST,9,False
GO_BP,GOBP_ADHESION_OF_SYMBIONT_TO_HOST_CELL,7,False
GO_BP,GOBP_ADIPONECTIN_ACTIVATED_SIGNALING_PATHWAY,9,False
GO_BP,GOBP_ADIPOSE_TISSUE_DEVELOPMENT,74,True
GO_BP,GOBP_ADP_BIOSYNTHETIC_PROCESS,5,False
GO_BP,GOBP_ADP_TRANSPORT,10,False
GO_BP,GOBP_ADRENAL_GLAND_DEVELOPMENT,20,True
GO_BP,GOBP_ADRENERGIC_RECEPTOR_SIGNALING_PATHWAY,22,True
GO_BP,GOBP_ADRENOMEDULLIN_RECEPTOR_SIGNALING_PATHWAY,5,False
GO_BP,GOBP_ADULT_BEHAVIOR,127,True
GO_BP,GOBP_ADULT_FEEDING_BEHAVIOR,3,False
GO_BP,GOBP_ADULT_HEART_DEVELOPMENT,6,False
GO_BP,GOBP_ADULT_LOCOMOTORY_BEHAVIOR,74,True
GO_BP,GOBP_AGGREPHAGY,19,True
GO_BP,GOBP_AGGRESOME_ASSEMBLY,5,False
GO_BP,GOBP_AGGRESSIVE_BEHAVIOR,4,False
GO_BP,GOBP_AIM2_INFLAMMASOME_COMPLEX_ASSEMBLY,5,False
GO_BP,GOBP_ALANINE_METABOLIC_PROCESS,3,False
GO_BP,GOBP_ALANINE_TRANSPORT,14,False
GO_BP,GOBP_ALCOHOL_BIOSYNTHETIC_PROCESS,124,True
GO_BP,GOBP_ALCOHOL_CATABOLIC_PROCESS,31,True
GO_BP,GOBP_ALCOHOL_METABOLIC_PROCESS,293,True
GO_BP,GOBP_ALDEHYDE_BIOSYNTHETIC_PROCESS,14,False
GO_BP,GOBP_ALDEHYDE_CATABOLIC_PROCESS,12,False
GO_BP,GOBP_ALDEHYDE_METABOLIC_PROCESS,63,True
GO_BP,GOBP_ALDITOL_BIOSYNTHETIC_PROCESS,4,False
GO_BP,GOBP_ALDITOL_CATABOLIC_PROCESS,6,False
GO_BP,GOBP_ALDITOL_PHOSPHATE_METABOLIC_PROCESS,9,False
GO_BP,GOBP_ALDOSTERONE_SECRETION,7,False
GO_BP,GOBP_ALKALOID_CATABOLIC_PROCESS,4,False
GO_BP,GOBP_ALKALOID_METABOLIC_PROCESS,13,False
GO_BP,GOBP_ALKANESULFONATE_METABOLIC_PROCESS,8,False
GO_BP,GOBP_ALKANESULFONATE_TRANSMEMBRANE_TRANSPORT,6,False
GO_BP,GOBP_ALLANTOIN_METABOLIC_PROCESS,4,False
GO_BP,GOBP_ALPHA_AMINO_ACID_BIOSYNTHETIC_PROCESS,53,True
GO_BP,GOBP_ALPHA_AMINO_ACID_METABOLIC_PROCESS,173,True
GO_BP,GOBP_ALPHA_BETA_T_CELL_ACTIVATION,171,True
GO_BP,GOBP_ALPHA_BETA_T_CELL_DIFFERENTIATION,119,True
GO_BP,GOBP_ALPHA_BETA_T_CELL_PROLIFERATION,32,True
GO_BP,GOBP_ALPHA_KETOGLUTARATE_TRANSPORT,4,False
GO_BP,GOBP_ALPHA_LINOLENIC_ACID_METABOLIC_PROCESS,9,False
GO_BP,GOBP_ALTERNATIVE_MRNA_SPLICING_VIA_SPLICEOSOME,80,True
GO_BP,GOBP_AMACRINE_CELL_DIFFERENTIATION,2,False
GO_BP,GOBP_AMEBOIDAL_TYPE_CELL_MIGRATION,207,True
GO_BP,GOBP_AMELOGENESIS,13,False
GO_BP,GOBP_AMIDE_BIOSYNTHETIC_PROCESS,161,True
GO_BP,GOBP_AMIDE_CATABOLIC_PROCESS,11,False
GO_BP,GOBP_AMIDE_METABOLIC_PROCESS,406,True
GO_BP,GOBP_AMIDE_TRANSPORT,247,True
GO_BP,GOBP_AMINE_BIOSYNTHETIC_PROCESS,27,True
GO_BP,GOBP_AMINE_CATABOLIC_PROCESS,17,True
GO_BP,GOBP_AMINE_METABOLIC_PROCESS,73,True
GO_BP,GOBP_AMINE_TRANSPORT,57,True
GO_BP,GOBP_AMINOACYL_TRNA_METABOLISM_INVOLVED_IN_TRANSLATIONAL_FIDELITY,15,True
GO_BP,GOBP_AMINOGLYCAN_BIOSYNTHETIC_PROCESS,32,True
GO_BP,GOBP_AMINOGLYCAN_CATABOLIC_PROCESS,22,True
GO_BP,GOBP_AMINOGLYCAN_METABOLIC_PROCESS,61,True
GO_BP,GOBP_AMINOPHOSPHOLIPID_TRANSLOCATION,7,False
GO_BP,GOBP_AMINOPHOSPHOLIPID_TRANSPORT,9,False
GO_BP,GOBP_AMINO_ACID_ACTIVATION,52,True
GO_BP,GOBP_AMINO_ACID_BETAINE_BIOSYNTHETIC_PROCESS,7,False
GO_BP,GOBP_AMINO_ACID_BETAINE_METABOLIC_PROCESS,18,True
GO_BP,GOBP_AMINO_ACID_BETAINE_TRANSPORT,12,False
GO_BP,GOBP_AMINO_ACID_BIOSYNTHETIC_PROCESS,64,True
GO_BP,GOBP_AMINO_ACID_CATABOLIC_PROCESS,94,True
GO_BP,GOBP_AMINO_ACID_IMPORT_ACROSS_PLASMA_MEMBRANE,43,True
GO_BP,GOBP_AMINO_ACID_METABOLIC_PROCESS,254,True
GO_BP,GOBP_AMINO_ACID_NEUROTRANSMITTER_REUPTAKE,7,False
GO_BP,GOBP_AMINO_ACID_SALVAGE,7,False
GO_BP,GOBP_AMINO_ACID_TRANSMEMBRANE_TRANSPORT,90,True
GO_BP,GOBP_AMINO_ACID_TRANSPORT,137,True
GO_BP,GOBP_AMINO_SUGAR_BIOSYNTHETIC_PROCESS,13,False
GO_BP,GOBP_AMINO_SUGAR_CATABOLIC_PROCESS,11,False
GO_BP,GOBP_AMINO_SUGAR_METABOLIC_PROCESS,38,True
GO_BP,GOBP_AMMONIUM_HOMEOSTASIS,4,False
GO_BP,GOBP_AMMONIUM_TRANSMEMBRANE_TRANSPORT,7,False
GO_BP,GOBP_AMPA_GLUTAMATE_RECEPTOR_CLUSTERING,10,False
GO_BP,GOBP_AMPA_SELECTIVE_GLUTAMATE_RECEPTOR_SIGNALING_PATHWAY,4,False
GO_BP,GOBP_AMP_BIOSYNTHETIC_PROCESS,13,False
GO_BP,GOBP_AMP_CATABOLIC_PROCESS,5,False
GO_BP,GOBP_AMP_METABOLIC_PROCESS,23,True
GO_BP,GOBP_AMYGDALA_DEVELOPMENT,5,False
GO_BP,GOBP_AMYLIN_RECEPTOR_SIGNALING_PATHWAY,3,False
GO_BP,GOBP_AMYLOID_BETA_CLEARANCE,32,True
GO_BP,GOBP_AMYLOID_BETA_CLEARANCE_BY_CELLULAR_CATABOLIC_PROCESS,7,False
GO_BP,GOBP_AMYLOID_BETA_CLEARANCE_BY_TRANSCYTOSIS,7,False
GO_BP,GOBP_AMYLOID_BETA_FORMATION,37,True
GO_BP,GOBP_AMYLOID_BETA_METABOLIC_PROCESS,49,True
GO_BP,GOBP_AMYLOID_FIBRIL_FORMATION,42,True
GO_BP,GOBP_AMYLOID_PRECURSOR_PROTEIN_BIOSYNTHETIC_PROCESS,14,False
GO_BP,GOBP_AMYLOID_PRECURSOR_PROTEIN_CATABOLIC_PROCESS,51,True
GO_BP,GOBP_AMYLOID_PRECURSOR_PROTEIN_METABOLIC_PROCESS,68,True
GO_BP,GOBP_ANAGEN,3,False
GO_BP,GOBP_ANAPHASE_PROMOTING_COMPLEX_DEPENDENT_CATABOLIC_PROCESS,23,True
GO_BP,GOBP_ANATOMICAL_STRUCTURE_ARRANGEMENT,16,True
GO_BP,GOBP_ANATOMICAL_STRUCTURE_FORMATION_INVOLVED_IN_MORPHOGENESIS,1010,False
GO_BP,GOBP_ANATOMICAL_STRUCTURE_MATURATION,211,True
GO_BP,GOBP_ANATOMICAL_STRUCTURE_REGRESSION,9,False
GO_BP,GOBP_ANDROGEN_BIOSYNTHETIC_PROCESS,6,False
GO_BP,GOBP_ANDROGEN_CATABOLIC_PROCESS,5,False
GO_BP,GOBP_ANDROGEN_METABOLIC_PROCESS,22,True
GO_BP,GOBP_ANDROGEN_RECEPTOR_SIGNALING_PATHWAY,46,True
GO_BP,GOBP_ANGIOGENESIS_INVOLVED_IN_WOUND_HEALING,27,True
GO_BP,GOBP_ANGIOTENSIN_ACTIVATED_SIGNALING_PATHWAY,17,True
GO_BP,GOBP_ANIMAL_ORGAN_FORMATION,51,True
GO_BP,GOBP_ANIMAL_ORGAN_MATURATION,26,True
GO_BP,GOBP_ANIMAL_ORGAN_MORPHOGENESIS,802,False
GO_BP,GOBP_ANIMAL_ORGAN_REGENERATION,39,True
GO_BP,GOBP_ANOIKIS,30,True
GO_BP,GOBP_ANTERIOR_COMMISSURE_MORPHOGENESIS,6,False
GO_BP,GOBP_ANTERIOR_HEAD_DEVELOPMENT,4,False
GO_BP,GOBP_ANTERIOR_POSTERIOR_AXIS_SPECIFICATION,42,True
GO_BP,GOBP_ANTERIOR_POSTERIOR_AXON_GUIDANCE,3,False
GO_BP,GOBP_ANTERIOR_POSTERIOR_PATTERN_SPECIFICATION,154,True
GO_BP,GOBP_ANTEROGRADE_AXONAL_TRANSPORT,42,True
GO_BP,GOBP_ANTEROGRADE_DENDRITIC_TRANSPORT,11,False
GO_BP,GOBP_ANTEROGRADE_DENDRITIC_TRANSPORT_OF_NEUROTRANSMITTER_RECEPTOR_COMPLEX,7,False
GO_BP,GOBP_ANTEROGRADE_NEURONAL_DENSE_CORE_VESICLE_TRANSPORT,4,False
GO_BP,GOBP_ANTIBACTERIAL_HUMORAL_RESPONSE,31,True
GO_BP,GOBP_ANTIBACTERIAL_INNATE_IMMUNE_RESPONSE,10,False
GO_BP,GOBP_ANTIBACTERIAL_PEPTIDE_PRODUCTION,1,False
GO_BP,GOBP_ANTIBODY_DEPENDENT_CELLULAR_CYTOTOXICITY,1,False
GO_BP,GOBP_ANTIFUNGAL_HUMORAL_RESPONSE,4,False
GO_BP,GOBP_ANTIFUNGAL_INNATE_IMMUNE_RESPONSE,9,False
GO_BP,GOBP_ANTIGEN_PROCESSING_AND_PRESENTATION,118,True
GO_BP,GOBP_ANTIGEN_PROCESSING_AND_PRESENTATION_ENDOGENOUS_LIPID_ANTIGEN_VIA_MHC_CLASS_IB,0,False
GO_BP,GOBP_ANTIGEN_PROCESSING_AND_PRESENTATION_OF_ENDOGENOUS_ANTIGEN,46,True
GO_BP,GOBP_ANTIGEN_PROCESSING_AND_PRESENTATION_OF_ENDOGENOUS_PEPTIDE_ANTIGEN,44,True
GO_BP,GOBP_ANTIGEN_PROCESSING_AND_PRESENTATION_OF_EXOGENOUS_ANTIGEN,56,True
GO_BP,GOBP_ANTIGEN_PROCESSING_AND_PRESENTATION_OF_EXOGENOUS_PEPTIDE_ANTIGEN,52,True
GO_BP,GOBP_ANTIGEN_PROCESSING_AND_PRESENTATION_OF_EXOGENOUS_PEPTIDE_ANTIGEN_VIA_MHC_CLASS_I,12,False
GO_BP,GOBP_ANTIGEN_PROCESSING_AND_PRESENTATION_OF_EXOGENOUS_PEPTIDE_ANTIGEN_VIA_MHC_CLASS_IB,25,True
GO_BP,GOBP_ANTIGEN_PROCESSING_AND_PRESENTATION_OF_EXOGENOUS_PEPTIDE_ANTIGEN_VIA_MHC_CLASS_II,24,True
GO_BP,GOBP_ANTIGEN_PROCESSING_AND_PRESENTATION_OF_LIPID_ANTIGEN_VIA_MHC_CLASS_IB,4,False
GO_BP,GOBP_ANTIGEN_PROCESSING_AND_PRESENTATION_OF_PEPTIDE_ANTIGEN,80,True
GO_BP,GOBP_ANTIGEN_PROCESSING_AND_PRESENTATION_OF_PEPTIDE_ANTIGEN_VIA_MHC_CLASS_I,54,True
GO_BP,GOBP_ANTIGEN_PROCESSING_AND_PRESENTATION_OF_PEPTIDE_ANTIGEN_VIA_MHC_CLASS_IB,30,True
GO_BP,GOBP_ANTIGEN_PROCESSING_AND_PRESENTATION_OF_PEPTIDE_OR_POLYSACCHARIDE_ANTIGEN_VIA_MHC_CLASS_II,30,True
GO_BP,GOBP_ANTIGEN_PROCESSING_AND_PRESENTATION_VIA_MHC_CLASS_IB,34,True
GO_BP,GOBP_ANTIGEN_RECEPTOR_MEDIATED_SIGNALING_PATHWAY,152,True
GO_BP,GOBP_ANTIMICROBIAL_HUMORAL_IMMUNE_RESPONSE_MEDIATED_BY_ANTIMICROBIAL_PEPTIDE,43,True
GO_BP,GOBP_ANTIMICROBIAL_HUMORAL_RESPONSE,60,True
GO_BP,GOBP_ANTIMICROBIAL_PEPTIDE_BIOSYNTHETIC_PROCESS,1,False
GO_BP,GOBP_ANTIMICROBIAL_PEPTIDE_PRODUCTION,1,False
GO_BP,GOBP_ANTIVIRAL_INNATE_IMMUNE_RESPONSE,68,True
GO_BP,GOBP_ANTI_MULLERIAN_HORMONE_RECEPTOR_SIGNALING_PATHWAY,5,False
GO_BP,GOBP_ANTRAL_OVARIAN_FOLLICLE_GROWTH,9,False
GO_BP,GOBP_AORTA_DEVELOPMENT,58,True
GO_BP,GOBP_AORTA_MORPHOGENESIS,31,True
GO_BP,GOBP_AORTA_SMOOTH_MUSCLE_TISSUE_MORPHOGENESIS,4,False
GO_BP,GOBP_AORTIC_VALVE_MORPHOGENESIS,32,True
GO_BP,GOBP_APICAL_CONSTRICTION,5,False
GO_BP,GOBP_APICAL_JUNCTION_ASSEMBLY,59,True
GO_BP,GOBP_APICAL_PROTEIN_LOCALIZATION,13,False
GO_BP,GOBP_APOLIPOPROTEIN_A_I_MEDIATED_SIGNALING_PATHWAY,5,False
GO_BP,GOBP_APOPTOTIC_CELL_CLEARANCE,37,True
GO_BP,GOBP_APOPTOTIC_CHROMOSOME_CONDENSATION,4,False
GO_BP,GOBP_APOPTOTIC_DNA_FRAGMENTATION,14,False
GO_BP,GOBP_APOPTOTIC_MITOCHONDRIAL_CHANGES,105,True
GO_BP,GOBP_APOPTOTIC_PROCESS_INVOLVED_IN_BLOOD_VESSEL_MORPHOGENESIS,5,False
GO_BP,GOBP_APOPTOTIC_PROCESS_INVOLVED_IN_DEVELOPMENT,35,True
GO_BP,GOBP_APOPTOTIC_PROCESS_INVOLVED_IN_HEART_MORPHOGENESIS,6,False
GO_BP,GOBP_APOPTOTIC_PROCESS_INVOLVED_IN_MORPHOGENESIS,25,True
GO_BP,GOBP_APOPTOTIC_PROCESS_IN_BONE_MARROW_CELL,4,False
GO_BP,GOBP_APOPTOTIC_SIGNALING_PATHWAY,572,False
GO_BP,GOBP_APPENDAGE_DEVELOPMENT,172,True
GO_BP,GOBP_APPENDAGE_MORPHOGENESIS,137,True
GO_BP,GOBP_ARACHIDONATE_METABOLIC_PROCESS,36,True
GO_BP,GOBP_ARACHIDONATE_METABOLITE_PRODUCTION_INVOLVED_IN_INFLAMMATORY_RESPONSE,2,False
GO_BP,GOBP_ARACHIDONATE_SECRETION,13,False
GO_BP,GOBP_ARF_PROTEIN_SIGNAL_TRANSDUCTION,20,True
GO_BP,GOBP_ARGININE_METABOLIC_PROCESS,17,True
GO_BP,GOBP_AROMATIC_AMINO_ACID_FAMILY_CATABOLIC_PROCESS,16,True
GO_BP,GOBP_AROMATIC_AMINO_ACID_METABOLIC_PROCESS,30,True
GO_BP,GOBP_AROMATIC_AMINO_ACID_TRANSPORT,11,False
GO_BP,GOBP_ARP2_3_COMPLEX_MEDIATED_ACTIN_NUCLEATION,51,True
GO_BP,GOBP_ARTERIAL_ENDOTHELIAL_CELL_DIFFERENTIATION,7,False
GO_BP,GOBP_ARTERY_DEVELOPMENT,97,True
GO_BP,GOBP_ARTERY_MORPHOGENESIS,66,True
GO_BP,GOBP_ARTERY_SMOOTH_MUSCLE_CONTRACTION,8,False
GO_BP,GOBP_ARTICULAR_CARTILAGE_DEVELOPMENT,5,False
GO_BP,GOBP_ASCENDING_AORTA_DEVELOPMENT,5,False
GO_BP,GOBP_ASPARTATE_FAMILY_AMINO_ACID_BIOSYNTHETIC_PROCESS,17,True
GO_BP,GOBP_ASPARTATE_METABOLIC_PROCESS,5,False
GO_BP,GOBP_ASPARTATE_TRANSMEMBRANE_TRANSPORT,18,True
GO_BP,GOBP_ASSOCIATIVE_LEARNING,79,True
GO_BP,GOBP_ASTRAL_MICROTUBULE_ORGANIZATION,14,False
GO_BP,GOBP_ASTROCYTE_ACTIVATION,19,True
GO_BP,GOBP_ASTROCYTE_CELL_MIGRATION,4,False
GO_BP,GOBP_ASTROCYTE_DEVELOPMENT,33,True
GO_BP,GOBP_ASTROCYTE_DIFFERENTIATION,64,True
GO_BP,GOBP_ASYMMETRIC_CELL_DIVISION,15,True
GO_BP,GOBP_ASYMMETRIC_NEUROBLAST_DIVISION,6,False
GO_BP,GOBP_ATF6_MEDIATED_UNFOLDED_PROTEIN_RESPONSE,12,False
GO_BP,GOBP_ATP_BIOSYNTHETIC_PROCESS,100,True
GO_BP,GOBP_ATP_EXPORT,6,False
GO_BP,GOBP_ATP_METABOLIC_PROCESS,217,True
GO_BP,GOBP_ATP_SYNTHESIS_COUPLED_ELECTRON_TRANSPORT,92,True
GO_BP,GOBP_ATP_TRANSPORT,18,True
GO_BP,GOBP_ATRIAL_CARDIAC_MUSCLE_CELL_MEMBRANE_REPOLARIZATION,7,False
GO_BP,GOBP_ATRIAL_CARDIAC_MUSCLE_CELL_TO_AV_NODE_CELL_COMMUNICATION,14,False
GO_BP,GOBP_ATRIAL_CARDIAC_MUSCLE_TISSUE_DEVELOPMENT,14,False
GO_BP,GOBP_ATRIAL_CARDIAC_MUSCLE_TISSUE_MORPHOGENESIS,5,False
GO_BP,GOBP_ATRIAL_SEPTUM_DEVELOPMENT,18,True
GO_BP,GOBP_ATRIAL_SEPTUM_MORPHOGENESIS,11,False
GO_BP,GOBP_ATRIAL_SEPTUM_PRIMUM_MORPHOGENESIS,4,False
GO_BP,GOBP_ATRIOVENTRICULAR_CANAL_DEVELOPMENT,10,False
GO_BP,GOBP_ATRIOVENTRICULAR_NODE_DEVELOPMENT,6,False
GO_BP,GOBP_ATRIOVENTRICULAR_VALVE_DEVELOPMENT,25,True
GO_BP,GOBP_ATRIOVENTRICULAR_VALVE_FORMATION,7,False
GO_BP,GOBP_ATTACHMENT_OF_GPI_ANCHOR_TO_PROTEIN,6,False
GO_BP,GOBP_ATTACHMENT_OF_MITOTIC_SPINDLE_MICROTUBULES_TO_KINETOCHORE,26,True
GO_BP,GOBP_ATTACHMENT_OF_SPINDLE_MICROTUBULES_TO_KINETOCHORE,57,True
GO_BP,GOBP_AUDITORY_RECEPTOR_CELL_DEVELOPMENT,22,True
GO_BP,GOBP_AUDITORY_RECEPTOR_CELL_MORPHOGENESIS,18,True
GO_BP,GOBP_AUDITORY_RECEPTOR_CELL_STEREOCILIUM_ORGANIZATION,16,True
GO_BP,GOBP_AUTOCRINE_SIGNALING,7,False
GO_BP,GOBP_AUTONOMIC_NERVOUS_SYSTEM_DEVELOPMENT,32,True
GO_BP,GOBP_AUTOPHAGIC_CELL_DEATH,8,False
GO_BP,GOBP_AUTOPHAGOSOME_LYSOSOME_FUSION,24,True
GO_BP,GOBP_AUTOPHAGOSOME_MATURATION,64,True
GO_BP,GOBP_AUTOPHAGOSOME_MEMBRANE_DOCKING,7,False
GO_BP,GOBP_AUTOPHAGOSOME_ORGANIZATION,131,True
GO_BP,GOBP_AUTOPHAGY_OF_MITOCHONDRION,116,True
GO_BP,GOBP_AUTOPHAGY_OF_PEROXISOME,17,True
GO_BP,GOBP_AUTOSOME_GENOMIC_IMPRINTING,3,False
GO_BP,GOBP_AV_NODE_CELL_TO_BUNDLE_OF_HIS_CELL_COMMUNICATION,10,False
GO_BP,GOBP_AV_NODE_CELL_TO_BUNDLE_OF_HIS_CELL_SIGNALING,8,False
GO_BP,GOBP_AXIAL_MESODERM_DEVELOPMENT,8,False
GO_BP,GOBP_AXIS_ELONGATION,24,True
GO_BP,GOBP_AXIS_ELONGATION_INVOLVED_IN_SOMITOGENESIS,4,False
GO_BP,GOBP_AXIS_SPECIFICATION,71,True
GO_BP,GOBP_AXONAL_FASCICULATION,21,True
GO_BP,GOBP_AXONAL_TRANSPORT,69,True
GO_BP,GOBP_AXONAL_TRANSPORT_OF_MITOCHONDRION,20,True
GO_BP,GOBP_AXONEMAL_CENTRAL_APPARATUS_ASSEMBLY,3,False
GO_BP,GOBP_AXONEMAL_DYNEIN_COMPLEX_ASSEMBLY,30,True
GO_BP,GOBP_AXONEME_ASSEMBLY,76,True
GO_BP,GOBP_AXONOGENESIS_INVOLVED_IN_INNERVATION,9,False
GO_BP,GOBP_AXON_CHOICE_POINT_RECOGNITION,6,False
GO_BP,GOBP_AXON_DEVELOPMENT,436,True
GO_BP,GOBP_AXON_ENSHEATHMENT_IN_CENTRAL_NERVOUS_SYSTEM,18,True
GO_BP,GOBP_AXON_EXTENSION,104,True
GO_BP,GOBP_AXON_MIDLINE_CHOICE_POINT_RECOGNITION,4,False
GO_BP,GOBP_AXO_DENDRITIC_PROTEIN_TRANSPORT,8,False
GO_BP,GOBP_AXO_DENDRITIC_TRANSPORT,86,True
GO_BP,GOBP_AZOLE_TRANSMEMBRANE_TRANSPORT,11,False
GO_BP,GOBP_BARBED_END_ACTIN_FILAMENT_CAPPING,25,True
GO_BP,GOBP_BASEMENT_MEMBRANE_ASSEMBLY,7,False
GO_BP,GOBP_BASEMENT_MEMBRANE_ORGANIZATION,40,True
GO_BP,GOBP_BASE_CONVERSION_OR_SUBSTITUTION_EDITING,10,False
GO_BP,GOBP_BASE_EXCISION_REPAIR,46,True
GO_BP,GOBP_BASE_EXCISION_REPAIR_AP_SITE_FORMATION,12,False
GO_BP,GOBP_BASE_EXCISION_REPAIR_GAP_FILLING,13,False
GO_BP,GOBP_BASIC_AMINO_ACID_TRANSPORT,19,True
GO_BP,GOBP_BASOLATERAL_PROTEIN_SECRETION,4,False
GO_BP,GOBP_BEHAVIOR,527,False
GO_BP,GOBP_BEHAVIORAL_RESPONSE_TO_COCAINE,19,True
GO_BP,GOBP_BEHAVIORAL_RESPONSE_TO_ETHANOL,8,False
GO_BP,GOBP_BEHAVIORAL_RESPONSE_TO_NICOTINE,3,False
GO_BP,GOBP_BEHAVIORAL_RESPONSE_TO_PAIN,13,False
GO_BP,GOBP_BEIGE_FAT_CELL_DIFFERENTIATION,6,False
GO_BP,GOBP_BENZENE_CONTAINING_COMPOUND_METABOLIC_PROCESS,18,True
GO_BP,GOBP_BERGMANN_GLIAL_CELL_DIFFERENTIATION,9,False
GO_BP,GOBP_BETA_ARRESTIN_DEPENDENT_DOPAMINE_RECEPTOR_SIGNALING_PATHWAY,4,False
GO_BP,GOBP_BICARBONATE_TRANSPORT,22,True
GO_BP,GOBP_BICELLULAR_TIGHT_JUNCTION_ASSEMBLY,49,True
GO_BP,GOBP_BILE_ACID_AND_BILE_SALT_TRANSPORT,17,True
GO_BP,GOBP_BILE_ACID_BIOSYNTHETIC_PROCESS,32,True
GO_BP,GOBP_BILE_ACID_METABOLIC_PROCESS,41,True
GO_BP,GOBP_BILE_ACID_SECRETION,8,False
GO_BP,GOBP_BILE_ACID_SIGNALING_PATHWAY,4,False
GO_BP,GOBP_BINDING_OF_SPERM_TO_ZONA_PELLUCIDA,22,True
GO_BP,GOBP_BIOLOGICAL_PHASE,6,False
GO_BP,GOBP_BIOLOGICAL_PROCESS_INVOLVED_IN_INTERACTION_WITH_HOST,138,True
GO_BP,GOBP_BIOLOGICAL_PROCESS_INVOLVED_IN_INTERACTION_WITH_SYMBIONT,18,True
GO_BP,GOBP_BIOLOGICAL_PROCESS_INVOLVED_IN_INTERSPECIES_INTERACTION_BETWEEN_ORGANISMS,1352,False
GO_BP,GOBP_BIOLOGICAL_PROCESS_INVOLVED_IN_INTRASPECIES_INTERACTION_BETWEEN_ORGANISMS,50,True
GO_BP,GOBP_BIOLOGICAL_PROCESS_INVOLVED_IN_SYMBIOTIC_INTERACTION,159,True
GO_BP,GOBP_BIOMINERAL_TISSUE_DEVELOPMENT,146,True
GO_BP,GOBP_BLASTOCYST_DEVELOPMENT,111,True
GO_BP,GOBP_BLASTOCYST_FORMATION,41,True
GO_BP,GOBP_BLASTOCYST_GROWTH,21,True
GO_BP,GOBP_BLASTODERM_SEGMENTATION,17,True
GO_BP,GOBP_BLEB_ASSEMBLY,11,False
GO_BP,GOBP_BLOOD_COAGULATION_COMMON_PATHWAY,2,False
GO_BP,GOBP_BLOOD_COAGULATION_FIBRIN_CLOT_FORMATION,13,False
GO_BP,GOBP_BLOOD_COAGULATION_INTRINSIC_PATHWAY,6,False
GO_BP,GOBP_BLOOD_VESSEL_ENDOTHELIAL_CELL_DIFFERENTIATION,11,False
GO_BP,GOBP_BLOOD_VESSEL_ENDOTHELIAL_CELL_MIGRATION,111,True
GO_BP,GOBP_BLOOD_VESSEL_ENDOTHELIAL_CELL_PROLIFERATION_INVOLVED_IN_SPROUTING_ANGIOGENESIS,19,True
GO_BP,GOBP_BLOOD_VESSEL_MATURATION,7,False
GO_BP,GOBP_BLOOD_VESSEL_MORPHOGENESIS,527,False
GO_BP,GOBP_BLOOD_VESSEL_REMODELING,37,True
GO_BP,GOBP_BODY_FLUID_SECRETION,65,True
GO_BP,GOBP_BODY_MORPHOGENESIS,47,True
GO_BP,GOBP_BONE_CELL_DEVELOPMENT,12,False
GO_BP,GOBP_BONE_DEVELOPMENT,194,True
GO_BP,GOBP_BONE_GROWTH,34,True
GO_BP,GOBP_BONE_MARROW_DEVELOPMENT,9,False
GO_BP,GOBP_BONE_MATURATION,24,True
GO_BP,GOBP_BONE_MINERALIZATION,111,True
GO_BP,GOBP_BONE_MINERALIZATION_INVOLVED_IN_BONE_MATURATION,9,False
GO_BP,GOBP_BONE_MORPHOGENESIS,87,True
GO_BP,GOBP_BONE_REMODELING,76,True
GO_BP,GOBP_BONE_RESORPTION,54,True
GO_BP,GOBP_BONE_TRABECULA_FORMATION,10,False
GO_BP,GOBP_BONE_TRABECULA_MORPHOGENESIS,14,False
GO_BP,GOBP_BOX_C_D_SNORNP_ASSEMBLY,12,False
GO_BP,GOBP_BRADYKININ_CATABOLIC_PROCESS,6,False
GO_BP,GOBP_BRAINSTEM_DEVELOPMENT,8,False
GO_BP,GOBP_BRAIN_DERIVED_NEUROTROPHIC_FACTOR_RECEPTOR_SIGNALING_PATHWAY,6,False
GO_BP,GOBP_BRAIN_MORPHOGENESIS,32,True
GO_BP,GOBP_BRANCHED_CHAIN_AMINO_ACID_METABOLIC_PROCESS,27,True
GO_BP,GOBP_BRANCHED_CHAIN_AMINO_ACID_TRANSPORT,14,False
GO_BP,GOBP_BRANCHING_INVOLVED_IN_BLOOD_VESSEL_MORPHOGENESIS,31,True
GO_BP,GOBP_BRANCHING_INVOLVED_IN_LABYRINTHINE_LAYER_MORPHOGENESIS,11,False
GO_BP,GOBP_BRANCHING_INVOLVED_IN_MAMMARY_GLAND_DUCT_MORPHOGENESIS,22,True
GO_BP,GOBP_BRANCHING_INVOLVED_IN_PROSTATE_GLAND_MORPHOGENESIS,10,False
GO_BP,GOBP_BRANCHING_INVOLVED_IN_SALIVARY_GLAND_MORPHOGENESIS,18,True
GO_BP,GOBP_BRANCHING_MORPHOGENESIS_OF_AN_EPITHELIAL_TUBE,132,True
GO_BP,GOBP_BRANCHING_MORPHOGENESIS_OF_A_NERVE,9,False
GO_BP,GOBP_BRANCHIOMOTOR_NEURON_AXON_GUIDANCE,7,False
GO_BP,GOBP_BRANCH_ELONGATION_INVOLVED_IN_MAMMARY_GLAND_DUCT_BRANCHING,6,False
GO_BP,GOBP_BRANCH_ELONGATION_OF_AN_EPITHELIUM,16,True
GO_BP,GOBP_BRONCHUS_DEVELOPMENT,7,False
GO_BP,GOBP_BROWN_FAT_CELL_DIFFERENTIATION,47,True
GO_BP,GOBP_BRUSH_BORDER_ASSEMBLY,3,False
GO_BP,GOBP_BUD_ELONGATION_INVOLVED_IN_LUNG_BRANCHING,6,False
GO_BP,GOBP_BUNDLE_OF_HIS_CELL_TO_PURKINJE_MYOCYTE_COMMUNICATION,8,False
GO_BP,GOBP_BUNDLE_OF_HIS_CELL_TO_PURKINJE_MYOCYTE_SIGNALING,4,False
GO_BP,GOBP_B_1_B_CELL_DIFFERENTIATION,3,False
GO_BP,GOBP_B_CELL_ACTIVATION,217,True
GO_BP,GOBP_B_CELL_ACTIVATION_INVOLVED_IN_IMMUNE_RESPONSE,73,True
GO_BP,GOBP_B_CELL_APOPTOTIC_PROCESS,24,True
GO_BP,GOBP_B_CELL_CHEMOTAXIS,6,False
GO_BP,GOBP_B_CELL_DIFFERENTIATION,115,True
GO_BP,GOBP_B_CELL_HOMEOSTASIS,32,True
GO_BP,GOBP_B_CELL_LINEAGE_COMMITMENT,3,False
GO_BP,GOBP_B_CELL_MEDIATED_IMMUNITY,92,True
GO_BP,GOBP_B_CELL_PROLIFERATION,66,True
GO_BP,GOBP_B_CELL_PROLIFERATION_INVOLVED_IN_IMMUNE_RESPONSE,4,False
GO_BP,GOBP_B_CELL_RECEPTOR_SIGNALING_PATHWAY,40,True
GO_BP,GOBP_C21_STEROID_HORMONE_BIOSYNTHETIC_PROCESS,17,True
GO_BP,GOBP_C21_STEROID_HORMONE_METABOLIC_PROCESS,26,True
GO_BP,GOBP_C4_DICARBOXYLATE_TRANSPORT,26,True
GO_BP,GOBP_CADMIUM_ION_TRANSMEMBRANE_TRANSPORT,5,False
GO_BP,GOBP_CALCINEURIN_MEDIATED_SIGNALING,44,True
GO_BP,GOBP_CALCITONIN_FAMILY_RECEPTOR_SIGNALING_PATHWAY,8,False
GO_BP,GOBP_CALCITONIN_GENE_RELATED_PEPTIDE_RECEPTOR_SIGNALING_PATHWAY,3,False
GO_BP,GOBP_CALCITRIOL_BIOSYNTHETIC_PROCESS_FROM_CALCIOL,4,False
GO_BP,GOBP_CALCIUM_ACTIVATED_PHOSPHATIDYLCHOLINE_SCRAMBLING,5,False
GO_BP,GOBP_CALCIUM_ACTIVATED_PHOSPHOLIPID_SCRAMBLING,7,False
GO_BP,GOBP_CALCIUM_DEPENDENT_CELL_CELL_ADHESION,28,True
GO_BP,GOBP_CALCIUM_IMPORT_INTO_THE_MITOCHONDRION,16,True
GO_BP,GOBP_CALCIUM_INDEPENDENT_CELL_CELL_ADHESION,12,False
GO_BP,GOBP_CALCIUM_ION_EXPORT_ACROSS_PLASMA_MEMBRANE,11,False
GO_BP,GOBP_CALCIUM_ION_HOMEOSTASIS,239,True
GO_BP,GOBP_CALCIUM_ION_IMPORT,56,True
GO_BP,GOBP_CALCIUM_ION_IMPORT_ACROSS_PLASMA_MEMBRANE,25,True
GO_BP,GOBP_CALCIUM_ION_IMPORT_INTO_SARCOPLASMIC_RETICULUM,4,False
GO_BP,GOBP_CALCIUM_ION_REGULATED_EXOCYTOSIS,53,True
GO_BP,GOBP_CALCIUM_ION_REGULATED_EXOCYTOSIS_OF_NEUROTRANSMITTER,13,False
GO_BP,GOBP_CALCIUM_ION_TRANSMEMBRANE_IMPORT_INTO_CYTOSOL,130,True
GO_BP,GOBP_CALCIUM_ION_TRANSMEMBRANE_TRANSPORT,243,True
GO_BP,GOBP_CALCIUM_ION_TRANSMEMBRANE_TRANSPORT_VIA_HIGH_VOLTAGE_GATED_CALCIUM_CHANNEL,18,True
GO_BP,GOBP_CALCIUM_ION_TRANSPORT,311,True
GO_BP,GOBP_CALCIUM_ION_TRANSPORT_INTO_CYTOSOL,22,True
GO_BP,GOBP_CALCIUM_MEDIATED_SIGNALING,166,True
GO_BP,GOBP_CAMERA_TYPE_EYE_MORPHOGENESIS,109,True
GO_BP,GOBP_CAMERA_TYPE_EYE_PHOTORECEPTOR_CELL_DIFFERENTIATION,18,True
GO_BP,GOBP_CAMKK_AMPK_SIGNALING_CASCADE,8,False
GO_BP,GOBP_CAMP_BIOSYNTHETIC_PROCESS,13,False
GO_BP,GOBP_CAMP_CATABOLIC_PROCESS,9,False
GO_BP,GOBP_CAMP_METABOLIC_PROCESS,25,True
GO_BP,GOBP_CAMP_PKA_SIGNAL_TRANSDUCTION,49,True
GO_BP,GOBP_CANNABINOID_SIGNALING_PATHWAY,5,False
GO_BP,GOBP_CANONICAL_NF_KAPPAB_SIGNAL_TRANSDUCTION,299,True
GO_BP,GOBP_CANONICAL_WNT_SIGNALING_PATHWAY,277,True
GO_BP,GOBP_CAP_DEPENDENT_TRANSLATIONAL_INITIATION,8,False
GO_BP,GOBP_CARBOHYDRATE_BIOSYNTHETIC_PROCESS,165,True
GO_BP,GOBP_CARBOHYDRATE_CATABOLIC_PROCESS,149,True
GO_BP,GOBP_CARBOHYDRATE_DERIVATIVE_BIOSYNTHETIC_PROCESS,570,False
GO_BP,GOBP_CARBOHYDRATE_DERIVATIVE_CATABOLIC_PROCESS,225,True
GO_BP,GOBP_CARBOHYDRATE_DERIVATIVE_METABOLIC_PROCESS,904,False
GO_BP,GOBP_CARBOHYDRATE_DERIVATIVE_TRANSPORT,79,True
GO_BP,GOBP_CARBOHYDRATE_HOMEOSTASIS,212,True
GO_BP,GOBP_CARBOHYDRATE_IMPORT_ACROSS_PLASMA_MEMBRANE,6,False
GO_BP,GOBP_CARBOHYDRATE_MEDIATED_SIGNALING,13,False
GO_BP,GOBP_CARBOHYDRATE_METABOLIC_PROCESS,471,True
GO_BP,GOBP_CARBOHYDRATE_PHOSPHORYLATION,21,True
GO_BP,GOBP_CARBOHYDRATE_TRANSPORT,107,True
GO_BP,GOBP_CARBON_CATABOLITE_ACTIVATION_OF_TRANSCRIPTION,5,False
GO_BP,GOBP_CARBON_CATABOLITE_REGULATION_OF_TRANSCRIPTION,6,False
GO_BP,GOBP_CARBON_CATABOLITE_REGULATION_OF_TRANSCRIPTION_FROM_RNA_POLYMERASE_II_PROMOTER,5,False
GO_BP,GOBP_CARBON_DIOXIDE_TRANSMEMBRANE_TRANSPORT,2,False
GO_BP,GOBP_CARBON_DIOXIDE_TRANSPORT,3,False
GO_BP,GOBP_CARBOXYLIC_ACID_TRANSMEMBRANE_TRANSPORT,131,True
GO_BP,GOBP_CARDIAC_ATRIUM_DEVELOPMENT,30,True
GO_BP,GOBP_CARDIAC_ATRIUM_MORPHOGENESIS,23,True
GO_BP,GOBP_CARDIAC_CELL_DEVELOPMENT,74,True
GO_BP,GOBP_CARDIAC_CELL_FATE_COMMITMENT,6,False
GO_BP,GOBP_CARDIAC_CHAMBER_DEVELOPMENT,137,True
GO_BP,GOBP_CARDIAC_CHAMBER_FORMATION,9,False
GO_BP,GOBP_CARDIAC_CHAMBER_MORPHOGENESIS,97,True
GO_BP,GOBP_CARDIAC_CONDUCTION,72,True
GO_BP,GOBP_CARDIAC_CONDUCTION_SYSTEM_DEVELOPMENT,28,True
GO_BP,GOBP_CARDIAC_EPITHELIAL_TO_MESENCHYMAL_TRANSITION,34,True
GO_BP,GOBP_CARDIAC_FIBROBLAST_CELL_DIFFERENTIATION,4,False
GO_BP,GOBP_CARDIAC_LEFT_VENTRICLE_MORPHOGENESIS,13,False
GO_BP,GOBP_CARDIAC_MUSCLE_CELL_ACTION_POTENTIAL,70,True
GO_BP,GOBP_CARDIAC_MUSCLE_CELL_ACTION_POTENTIAL_INVOLVED_IN_CONTRACTION,47,True
GO_BP,GOBP_CARDIAC_MUSCLE_CELL_CARDIAC_MUSCLE_CELL_ADHESION,4,False
GO_BP,GOBP_CARDIAC_MUSCLE_CELL_CONTRACTION,70,True
GO_BP,GOBP_CARDIAC_MUSCLE_CELL_DIFFERENTIATION,113,True
GO_BP,GOBP_CARDIAC_MUSCLE_CELL_FATE_COMMITMENT,3,False
GO_BP,GOBP_CARDIAC_MUSCLE_CELL_MEMBRANE_REPOLARIZATION,31,True
GO_BP,GOBP_CARDIAC_MUSCLE_CELL_MYOBLAST_DIFFERENTIATION,10,False
GO_BP,GOBP_CARDIAC_MUSCLE_CELL_PROLIFERATION,50,True
GO_BP,GOBP_CARDIAC_MUSCLE_CONTRACTION,114,True
GO_BP,GOBP_CARDIAC_MUSCLE_MYOBLAST_PROLIFERATION,3,False
GO_BP,GOBP_CARDIAC_MUSCLE_TISSUE_DEVELOPMENT,203,True
GO_BP,GOBP_CARDIAC_MUSCLE_TISSUE_MORPHOGENESIS,44,True
GO_BP,GOBP_CARDIAC_MUSCLE_TISSUE_REGENERATION,5,False
GO_BP,GOBP_CARDIAC_MYOFIBRIL_ASSEMBLY,15,True
GO_BP,GOBP_CARDIAC_NEURAL_CREST_CELL_DEVELOPMENT_INVOLVED_IN_OUTFLOW_TRACT_MORPHOGENESIS,13,False
GO_BP,GOBP_CARDIAC_NEURAL_CREST_CELL_DIFFERENTIATION_INVOLVED_IN_HEART_DEVELOPMENT,16,True
GO_BP,GOBP_CARDIAC_NEURAL_CREST_CELL_MIGRATION_INVOLVED_IN_OUTFLOW_TRACT_MORPHOGENESIS,11,False
GO_BP,GOBP_CARDIAC_PACEMAKER_CELL_DEVELOPMENT,5,False
GO_BP,GOBP_CARDIAC_PACEMAKER_CELL_DIFFERENTIATION,7,False
GO_BP,GOBP_CARDIAC_RIGHT_VENTRICLE_MORPHOGENESIS,14,False
GO_BP,GOBP_CARDIAC_SEPTUM_CELL_DIFFERENTIATION,3,False
GO_BP,GOBP_CARDIAC_SEPTUM_DEVELOPMENT,92,True
GO_BP,GOBP_CARDIAC_SEPTUM_MORPHOGENESIS,58,True
GO_BP,GOBP_CARDIAC_VASCULAR_SMOOTH_MUSCLE_CELL_DIFFERENTIATION,8,False
GO_BP,GOBP_CARDIAC_VENTRICLE_DEVELOPMENT,104,True
GO_BP,GOBP_CARDIAC_VENTRICLE_FORMATION,5,False
GO_BP,GOBP_CARDIAC_VENTRICLE_MORPHOGENESIS,52,True
GO_BP,GOBP_CARDIOBLAST_DIFFERENTIATION,13,False
GO_BP,GOBP_CARDIOBLAST_PROLIFERATION,7,False
GO_BP,GOBP_CARDIOCYTE_DIFFERENTIATION,142,True
GO_BP,GOBP_CARDIOLIPIN_METABOLIC_PROCESS,13,False
GO_BP,GOBP_CARNITINE_BIOSYNTHETIC_PROCESS,5,False
GO_BP,GOBP_CARNITINE_METABOLIC_PROCESS,14,False
GO_BP,GOBP_CARNITINE_TRANSPORT,7,False
GO_BP,GOBP_CARTILAGE_CONDENSATION,12,False
GO_BP,GOBP_CARTILAGE_DEVELOPMENT,186,True
GO_BP,GOBP_CARTILAGE_DEVELOPMENT_INVOLVED_IN_ENDOCHONDRAL_BONE_MORPHOGENESIS,32,True
GO_BP,GOBP_CARTILAGE_HOMEOSTASIS,4,False
GO_BP,GOBP_CARTILAGE_MORPHOGENESIS,9,False
GO_BP,GOBP_CATECHOLAMINE_SECRETION,26,True
GO_BP,GOBP_CATECHOLAMINE_TRANSPORT,38,True
GO_BP,GOBP_CATECHOLAMINE_UPTAKE,14,False
GO_BP,GOBP_CATECHOLAMINE_UPTAKE_INVOLVED_IN_SYNAPTIC_TRANSMISSION,10,False
GO_BP,GOBP_CATECHOL_CONTAINING_COMPOUND_BIOSYNTHETIC_PROCESS,12,False
GO_BP,GOBP_CATECHOL_CONTAINING_COMPOUND_CATABOLIC_PROCESS,7,False
GO_BP,GOBP_CATECHOL_CONTAINING_COMPOUND_METABOLIC_PROCESS,40,True
GO_BP,GOBP_CAVEOLIN_MEDIATED_ENDOCYTOSIS,8,False
GO_BP,GOBP_CD27_SIGNALING_PATHWAY,3,False
GO_BP,GOBP_CD40_SIGNALING_PATHWAY,14,False
GO_BP,GOBP_CD4_POSITIVE_ALPHA_BETA_T_CELL_ACTIVATION,115,True
GO_BP,GOBP_CD4_POSITIVE_ALPHA_BETA_T_CELL_CYTOKINE_PRODUCTION,8,False
GO_BP,GOBP_CD4_POSITIVE_ALPHA_BETA_T_CELL_PROLIFERATION,8,False
GO_BP,GOBP_CD4_POSITIVE_CD25_POSITIVE_ALPHA_BETA_REGULATORY_T_CELL_DIFFERENTIATION,7,False
GO_BP,GOBP_CD4_POSITIVE_OR_CD8_POSITIVE_ALPHA_BETA_T_CELL_LINEAGE_COMMITMENT,31,True
GO_BP,GOBP_CD8_POSITIVE_ALPHA_BETA_T_CELL_ACTIVATION,39,True
GO_BP,GOBP_CD8_POSITIVE_ALPHA_BETA_T_CELL_DIFFERENTIATION,24,True
GO_BP,GOBP_CD8_POSITIVE_ALPHA_BETA_T_CELL_HOMEOSTASIS,18,True
GO_BP,GOBP_CD8_POSITIVE_ALPHA_BETA_T_CELL_PROLIFERATION,12,False
GO_BP,GOBP_CDC42_PROTEIN_SIGNAL_TRANSDUCTION,10,False
GO_BP,GOBP_CDP_CHOLINE_PATHWAY,7,False
GO_BP,GOBP_CDP_DIACYLGLYCEROL_METABOLIC_PROCESS,16,True
GO_BP,GOBP_CELLULAR_COMPONENT_ASSEMBLY_INVOLVED_IN_MORPHOGENESIS,103,True
GO_BP,GOBP_CELLULAR_COMPONENT_DISASSEMBLY,431,True
GO_BP,GOBP_CELLULAR_COMPONENT_DISASSEMBLY_INVOLVED_IN_EXECUTION_PHASE_OF_APOPTOSIS,25,True
GO_BP,GOBP_CELLULAR_COMPONENT_MAINTENANCE,72,True
GO_BP,GOBP_CELLULAR_DEFENSE_RESPONSE,23,True
GO_BP,GOBP_CELLULAR_DETOXIFICATION_OF_ALDEHYDE,11,False
GO_BP,GOBP_CELLULAR_EXTRAVASATION,55,True
GO_BP,GOBP_CELLULAR_HOMEOSTASIS,650,False
GO_BP,GOBP_CELLULAR_HYPEROSMOTIC_RESPONSE,19,True
GO_BP,GOBP_CELLULAR_HYPOTONIC_RESPONSE,9,False
GO_BP,GOBP_CELLULAR_OXIDANT_DETOXIFICATION,71,True
GO_BP,GOBP_CELLULAR_PIGMENTATION,62,True
GO_BP,GOBP_CELLULAR_PROCESS_INVOLVED_IN_REPRODUCTION_IN_MULTICELLULAR_ORGANISM,309,True
GO_BP,GOBP_CELLULAR_RESPIRATION,305,True
GO_BP,GOBP_CELLULAR_RESPONSE_TO_ABIOTIC_STIMULUS,302,True
GO_BP,GOBP_CELLULAR_RESPONSE_TO_ACIDIC_PH,18,True
GO_BP,GOBP_CELLULAR_RESPONSE_TO_ACID_CHEMICAL,82,True
GO_BP,GOBP_CELLULAR_RESPONSE_TO_ALCOHOL,88,True
GO_BP,GOBP_CELLULAR_RESPONSE_TO_ALDEHYDE,20,True
GO_BP,GOBP_CELLULAR_RESPONSE_TO_ALDOSTERONE,5,False
GO_BP,GOBP_CELLULAR_RESPONSE_TO_ALKALOID,33,True
GO_BP,GOBP_CELLULAR_RESPONSE_TO_AMMONIUM_ION,4,False
GO_BP,GOBP_CELLULAR_RESPONSE_TO_AMYLOID_BETA,36,True
GO_BP,GOBP_CELLULAR_RESPONSE_TO_ANGIOTENSIN,31,True
GO_BP,GOBP_CELLULAR_RESPONSE_TO_ANTIBIOTIC,7,False
GO_BP,GOBP_CELLULAR_RESPONSE_TO_ARSENIC_CONTAINING_SUBSTANCE,20,True
GO_BP,GOBP_CELLULAR_RESPONSE_TO_ATP,16,True
GO_BP,GOBP_CELLULAR_RESPONSE_TO_BIOTIC_STIMULUS,186,True
GO_BP,GOBP_CELLULAR_RESPONSE_TO_BRAIN_DERIVED_NEUROTROPHIC_FACTOR_STIMULUS,9,False
GO_BP,GOBP_CELLULAR_RESPONSE_TO_CADMIUM_ION,16,True
GO_BP,GOBP_CELLULAR_RESPONSE_TO_CAFFEINE,8,False
GO_BP,GOBP_CELLULAR_RESPONSE_TO_CALCIUM_ION,65,True
GO_BP,GOBP_CELLULAR_RESPONSE_TO_CAMP,39,True
GO_BP,GOBP_CELLULAR_RESPONSE_TO_CARBOHYDRATE_STIMULUS,128,True
GO_BP,GOBP_CELLULAR_RESPONSE_TO_CGMP,5,False
GO_BP,GOBP_CELLULAR_RESPONSE_TO_CHEMICAL_STRESS,294,True
GO_BP,GOBP_CELLULAR_RESPONSE_TO_CHOLESTEROL,17,True
GO_BP,GOBP_CELLULAR_RESPONSE_TO_COCAINE,12,False
GO_BP,GOBP_CELLULAR_RESPONSE_TO_COLD,14,False
GO_BP,GOBP_CELLULAR_RESPONSE_TO_COPPER_ION,17,True
GO_BP,GOBP_CELLULAR_RESPONSE_TO_CORTICOSTEROID_STIMULUS,49,True
GO_BP,GOBP_CELLULAR_RESPONSE_TO_CORTICOTROPIN_RELEASING_HORMONE_STIMULUS,3,False
GO_BP,GOBP_CELLULAR_RESPONSE_TO_DEXAMETHASONE_STIMULUS,22,True
GO_BP,GOBP_CELLULAR_RESPONSE_TO_DSRNA,19,True
GO_BP,GOBP_CELLULAR_RESPONSE_TO_ELECTRICAL_STIMULUS,9,False
GO_BP,GOBP_CELLULAR_RESPONSE_TO_ENDOGENOUS_STIMULUS,1082,False
GO_BP,GOBP_CELLULAR_RESPONSE_TO_EPINEPHRINE_STIMULUS,9,False
GO_BP,GOBP_CELLULAR_RESPONSE_TO_ESTRADIOL_STIMULUS,28,True
GO_BP,GOBP_CELLULAR_RESPONSE_TO_ESTROGEN_STIMULUS,15,True
GO_BP,GOBP_CELLULAR_RESPONSE_TO_ETHANOL,10,False
GO_BP,GOBP_CELLULAR_RESPONSE_TO_ETHER,9,False
GO_BP,GOBP_CELLULAR_RESPONSE_TO_EXOGENOUS_DSRNA,13,False
GO_BP,GOBP_CELLULAR_RESPONSE_TO_EXTERNAL_STIMULUS,66,True
GO_BP,GOBP_CELLULAR_RESPONSE_TO_FATTY_ACID,30,True
GO_BP,GOBP_CELLULAR_RESPONSE_TO_FLUID_SHEAR_STRESS,45,True
GO_BP,GOBP_CELLULAR_RESPONSE_TO_FOLLICLE_STIMULATING_HORMONE_STIMULUS,9,False
GO_BP,GOBP_CELLULAR_RESPONSE_TO_GAMMA_RADIATION,28,True
GO_BP,GOBP_CELLULAR_RESPONSE_TO_GLUCAGON_STIMULUS,19,True
GO_BP,GOBP_CELLULAR_RESPONSE_TO_GLUCOSE_STARVATION,49,True
GO_BP,GOBP_CELLULAR_RESPONSE_TO_GONADOTROPIN_RELEASING_HORMONE,4,False
GO_BP,GOBP_CELLULAR_RESPONSE_TO_GONADOTROPIN_STIMULUS,14,False
GO_BP,GOBP_CELLULAR_RESPONSE_TO_GROWTH_HORMONE_STIMULUS,24,True
GO_BP,GOBP_CELLULAR_RESPONSE_TO_HEAT,70,True
GO_BP,GOBP_CELLULAR_RESPONSE_TO_HISTAMINE,4,False
GO_BP,GOBP_CELLULAR_RESPONSE_TO_HORMONE_STIMULUS,571,False
GO_BP,GOBP_CELLULAR_RESPONSE_TO_HYDROGEN_PEROXIDE,55,True
GO_BP,GOBP_CELLULAR_RESPONSE_TO_HYDROPEROXIDE,8,False
GO_BP,GOBP_CELLULAR_RESPONSE_TO_HYPEROXIA,4,False
GO_BP,GOBP_CELLULAR_RESPONSE_TO_INCREASED_OXYGEN_LEVELS,9,False
GO_BP,GOBP_CELLULAR_RESPONSE_TO_INDOLE_3_METHANOL,4,False
GO_BP,GOBP_CELLULAR_RESPONSE_TO_INSULIN_LIKE_GROWTH_FACTOR_STIMULUS,11,False
GO_BP,GOBP_CELLULAR_RESPONSE_TO_INSULIN_STIMULUS,188,True
GO_BP,GOBP_CELLULAR_RESPONSE_TO_INTERFERON_ALPHA,10,False
GO_BP,GOBP_CELLULAR_RESPONSE_TO_INTERFERON_BETA,22,True
GO_BP,GOBP_CELLULAR_RESPONSE_TO_INTERLEUKIN_1,71,True
GO_BP,GOBP_CELLULAR_RESPONSE_TO_INTERLEUKIN_12,9,False
GO_BP,GOBP_CELLULAR_RESPONSE_TO_INTERLEUKIN_13,4,False
GO_BP,GOBP_CELLULAR_RESPONSE_TO_IONIZING_RADIATION,69,True
GO_BP,GOBP_CELLULAR_RESPONSE_TO_IRON_ION,9,False
GO_BP,GOBP_CELLULAR_RESPONSE_TO_KETONE,93,True
GO_BP,GOBP_CELLULAR_RESPONSE_TO_LEPTIN_STIMULUS,16,True
GO_BP,GOBP_CELLULAR_RESPONSE_TO_LEUCINE_STARVATION,12,False
GO_BP,GOBP_CELLULAR_RESPONSE_TO_LIGHT_INTENSITY,4,False
GO_BP,GOBP_CELLULAR_RESPONSE_TO_LIGHT_STIMULUS,103,True
GO_BP,GOBP_CELLULAR_RESPONSE_TO_LIPID,503,False
GO_BP,GOBP_CELLULAR_RESPONSE_TO_LIPOPROTEIN_PARTICLE_STIMULUS,32,True
GO_BP,GOBP_CELLULAR_RESPONSE_TO_LITHIUM_ION,8,False
GO_BP,GOBP_CELLULAR_RESPONSE_TO_LUTEINIZING_HORMONE_STIMULUS,4,False
GO_BP,GOBP_CELLULAR_RESPONSE_TO_L_GLUTAMATE,7,False
GO_BP,GOBP_CELLULAR_RESPONSE_TO_L_LEUCINE,12,False
GO_BP,GOBP_CELLULAR_RESPONSE_TO_MACROPHAGE_COLONY_STIMULATING_FACTOR_STIMULUS,10,False
GO_BP,GOBP_CELLULAR_RESPONSE_TO_MAGNESIUM_ION,6,False
GO_BP,GOBP_CELLULAR_RESPONSE_TO_MANGANESE_ION,10,False
GO_BP,GOBP_CELLULAR_RESPONSE_TO_METAL_ION,143,True
GO_BP,GOBP_CELLULAR_RESPONSE_TO_METHIONINE,4,False
GO_BP,GOBP_CELLULAR_RESPONSE_TO_MINERALOCORTICOID_STIMULUS,9,False
GO_BP,GOBP_CELLULAR_RESPONSE_TO_MOLECULE_OF_BACTERIAL_ORIGIN,162,True
GO_BP,GOBP_CELLULAR_RESPONSE_TO_MURAMYL_DIPEPTIDE,10,False
GO_BP,GOBP_CELLULAR_RESPONSE_TO_NICOTINE,6,False
GO_BP,GOBP_CELLULAR_RESPONSE_TO_NITROGEN_COMPOUND,552,False
GO_BP,GOBP_CELLULAR_RESPONSE_TO_NITROGEN_LEVELS,9,False
GO_BP,GOBP_CELLULAR_RESPONSE_TO_NITROSATIVE_STRESS,5,False
GO_BP,GOBP_CELLULAR_RESPONSE_TO_NUTRIENT,48,True
GO_BP,GOBP_CELLULAR_RESPONSE_TO_NUTRIENT_LEVELS,238,True
GO_BP,GOBP_CELLULAR_RESPONSE_TO_OSMOTIC_STRESS,53,True
GO_BP,GOBP_CELLULAR_RESPONSE_TO_OXIDATIVE_STRESS,232,True
GO_BP,GOBP_CELLULAR_RESPONSE_TO_OXIDISED_LOW_DENSITY_LIPOPROTEIN_PARTICLE_STIMULUS,11,False
GO_BP,GOBP_CELLULAR_RESPONSE_TO_OXYGEN_CONTAINING_COMPOUND,976,False
GO_BP,GOBP_CELLULAR_RESPONSE_TO_OXYGEN_LEVELS,154,True
GO_BP,GOBP_CELLULAR_RESPONSE_TO_OXYGEN_RADICAL,18,True
GO_BP,GOBP_CELLULAR_RESPONSE_TO_PARATHYROID_HORMONE_STIMULUS,7,False
GO_BP,GOBP_CELLULAR_RESPONSE_TO_PEPTIDE,7,False
GO_BP,GOBP_CELLULAR_RESPONSE_TO_PEPTIDE_HORMONE_STIMULUS,292,True
GO_BP,GOBP_CELLULAR_RESPONSE_TO_PEPTIDOGLYCAN,3,False
GO_BP,GOBP_CELLULAR_RESPONSE_TO_PH,24,True
GO_BP,GOBP_CELLULAR_RESPONSE_TO_POTASSIUM_ION,9,False
GO_BP,GOBP_CELLULAR_RESPONSE_TO_PROGESTERONE_STIMULUS,2,False
GO_BP,GOBP_CELLULAR_RESPONSE_TO_PROSTAGLANDIN_E_STIMULUS,18,True
GO_BP,GOBP_CELLULAR_RESPONSE_TO_PROSTAGLANDIN_STIMULUS,23,True
GO_BP,GOBP_CELLULAR_RESPONSE_TO_PURINE_CONTAINING_COMPOUND,10,False
GO_BP,GOBP_CELLULAR_RESPONSE_TO_RADIATION,162,True
GO_BP,GOBP_CELLULAR_RESPONSE_TO_REACTIVE_NITROGEN_SPECIES,15,True
GO_BP,GOBP_CELLULAR_RESPONSE_TO_REACTIVE_OXYGEN_SPECIES,123,True
GO_BP,GOBP_CELLULAR_RESPONSE_TO_RETINOIC_ACID,56,True
GO_BP,GOBP_CELLULAR_RESPONSE_TO_SALT,8,False
GO_BP,GOBP_CELLULAR_RESPONSE_TO_SALT_STRESS,11,False
GO_BP,GOBP_CELLULAR_RESPONSE_TO_SODIUM_ARSENITE,7,False
GO_BP,GOBP_CELLULAR_RESPONSE_TO_STARVATION,174,True
GO_BP,GOBP_CELLULAR_RESPONSE_TO_STEROID_HORMONE_STIMULUS,191,True
GO_BP,GOBP_CELLULAR_RESPONSE_TO_STEROL,21,True
GO_BP,GOBP_CELLULAR_RESPONSE_TO_STRESS,1841,False
GO_BP,GOBP_CELLULAR_RESPONSE_TO_TESTOSTERONE_STIMULUS,7,False
GO_BP,GOBP_CELLULAR_RESPONSE_TO_THYROID_HORMONE_STIMULUS,11,False
GO_BP,GOBP_CELLULAR_RESPONSE_TO_TOPOLOGICALLY_INCORRECT_PROTEIN,124,True
GO_BP,GOBP_CELLULAR_RESPONSE_TO_TOXIC_SUBSTANCE,111,True
GO_BP,GOBP_CELLULAR_RESPONSE_TO_TYPE_III_INTERFERON,5,False
GO_BP,GOBP_CELLULAR_RESPONSE_TO_TYPE_II_INTERFERON,88,True
GO_BP,GOBP_CELLULAR_RESPONSE_TO_UNFOLDED_PROTEIN,110,True
GO_BP,GOBP_CELLULAR_RESPONSE_TO_UV,89,True
GO_BP,GOBP_CELLULAR_RESPONSE_TO_UV_A,8,False
GO_BP,GOBP_CELLULAR_RESPONSE_TO_UV_B,12,False
GO_BP,GOBP_CELLULAR_RESPONSE_TO_VASCULAR_ENDOTHELIAL_GROWTH_FACTOR_STIMULUS,75,True
GO_BP,GOBP_CELLULAR_RESPONSE_TO_VIRUS,53,True
GO_BP,GOBP_CELLULAR_RESPONSE_TO_VITAMIN,32,True
GO_BP,GOBP_CELLULAR_RESPONSE_TO_VITAMIN_D,27,True
GO_BP,GOBP_CELLULAR_RESPONSE_TO_WATER_STIMULUS,4,False
GO_BP,GOBP_CELLULAR_RESPONSE_TO_XENOBIOTIC_STIMULUS,124,True
GO_BP,GOBP_CELLULAR_RESPONSE_TO_X_RAY,7,False
GO_BP,GOBP_CELLULAR_RESPONSE_TO_ZINC_ION,14,False
GO_BP,GOBP_CELLULAR_RESPONSE_TO_ZINC_ION_STARVATION,6,False
GO_BP,GOBP_CELLULAR_SENESCENCE,96,True
GO_BP,GOBP_CELL_ACTIVATION,889,False
GO_BP,GOBP_CELL_ACTIVATION_INVOLVED_IN_IMMUNE_RESPONSE,248,True
GO_BP,GOBP_CELL_ADHESION,1192,False
GO_BP,GOBP_CELL_ADHESION_INVOLVED_IN_HEART_MORPHOGENESIS,7,False
GO_BP,GOBP_CELL_ADHESION_MEDIATED_BY_INTEGRIN,65,True
GO_BP,GOBP_CELL_ADHESION_MOLECULE_PRODUCTION,5,False
GO_BP,GOBP_CELL_AGGREGATION,13,False
GO_BP,GOBP_CELL_CELL_ADHESION,750,False
GO_BP,GOBP_CELL_CELL_ADHESION_INVOLVED_IN_GASTRULATION,8,False
GO_BP,GOBP_CELL_CELL_ADHESION_MEDIATED_BY_CADHERIN,53,True
GO_BP,GOBP_CELL_CELL_ADHESION_MEDIATED_BY_INTEGRIN,24,True
GO_BP,GOBP_CELL_CELL_JUNCTION_ASSEMBLY,124,True
GO_BP,GOBP_CELL_CELL_JUNCTION_DISASSEMBLY,5,False
GO_BP,GOBP_CELL_CELL_JUNCTION_MAINTENANCE,17,True
GO_BP,GOBP_CELL_CELL_JUNCTION_ORGANIZATION,178,True
GO_BP,GOBP_CELL_CELL_RECOGNITION,45,True
GO_BP,GOBP_CELL_CELL_SIGNALING,972,False
GO_BP,GOBP_CELL_CELL_SIGNALING_INVOLVED_IN_CARDIAC_CONDUCTION,24,True
GO_BP,GOBP_CELL_CHEMOTAXIS,216,True
GO_BP,GOBP_CELL_COMMUNICATION_BY_ELECTRICAL_COUPLING,26,True
GO_BP,GOBP_CELL_COMMUNICATION_BY_ELECTRICAL_COUPLING_INVOLVED_IN_CARDIAC_CONDUCTION,20,True
GO_BP,GOBP_CELL_COMMUNICATION_INVOLVED_IN_CARDIAC_CONDUCTION,44,True
GO_BP,GOBP_CELL_CYCLE,1539,False
GO_BP,GOBP_CELL_CYCLE_CHECKPOINT_SIGNALING,200,True
GO_BP,GOBP_CELL_CYCLE_DNA_REPLICATION,41,True
GO_BP,GOBP_CELL_CYCLE_DNA_REPLICATION_INITIATION,6,False
GO_BP,GOBP_CELL_CYCLE_G1_S_PHASE_TRANSITION,238,True
GO_BP,GOBP_CELL_CYCLE_G2_M_PHASE_TRANSITION,152,True
GO_BP,GOBP_CELL_CYCLE_PHASE_TRANSITION,527,False
GO_BP,GOBP_CELL_CYCLE_PROCESS,1223,False
GO_BP,GOBP_CELL_DIFFERENTIATION_INVOLVED_IN_EMBRYONIC_PLACENTA_DEVELOPMENT,18,True
GO_BP,GOBP_CELL_DIFFERENTIATION_INVOLVED_IN_KIDNEY_DEVELOPMENT,47,True
GO_BP,GOBP_CELL_DIFFERENTIATION_INVOLVED_IN_METANEPHROS_DEVELOPMENT,17,True
GO_BP,GOBP_CELL_DIFFERENTIATION_INVOLVED_IN_PHENOTYPIC_SWITCHING,3,False
GO_BP,GOBP_CELL_DIFFERENTIATION_IN_HINDBRAIN,17,True
GO_BP,GOBP_CELL_DIFFERENTIATION_IN_SPINAL_CORD,26,True
GO_BP,GOBP_CELL_DIVISION,591,False
GO_BP,GOBP_CELL_FATE_COMMITMENT,203,True
GO_BP,GOBP_CELL_FATE_COMMITMENT_INVOLVED_IN_FORMATION_OF_PRIMARY_GERM_LAYER,26,True
GO_BP,GOBP_CELL_FATE_COMMITMENT_INVOLVED_IN_PATTERN_SPECIFICATION,1,False
GO_BP,GOBP_CELL_FATE_DETERMINATION,28,True
GO_BP,GOBP_CELL_FATE_SPECIFICATION,71,True
GO_BP,GOBP_CELL_GROWTH,429,True
GO_BP,GOBP_CELL_JUNCTION_ASSEMBLY,439,True
GO_BP,GOBP_CELL_JUNCTION_DISASSEMBLY,29,True
GO_BP,GOBP_CELL_JUNCTION_MAINTENANCE,49,True
GO_BP,GOBP_CELL_JUNCTION_ORGANIZATION,728,False
GO_BP,GOBP_CELL_KILLING,153,True
GO_BP,GOBP_CELL_MATRIX_ADHESION,215,True
GO_BP,GOBP_CELL_MATURATION,158,True
GO_BP,GOBP_CELL_MIGRATION,1264,False
GO_BP,GOBP_CELL_MIGRATION_INVOLVED_IN_GASTRULATION,8,False
GO_BP,GOBP_CELL_MIGRATION_INVOLVED_IN_HEART_DEVELOPMENT,18,True
GO_BP,GOBP_CELL_MIGRATION_INVOLVED_IN_KIDNEY_DEVELOPMENT,2,False
GO_BP,GOBP_CELL_MIGRATION_INVOLVED_IN_SPROUTING_ANGIOGENESIS,58,True
GO_BP,GOBP_CELL_MIGRATION_IN_HINDBRAIN,12,False
GO_BP,GOBP_CELL_MORPHOGENESIS,852,False
GO_BP,GOBP_CELL_MORPHOGENESIS_INVOLVED_IN_NEURON_DIFFERENTIATION,511,False
GO_BP,GOBP_CELL_MOTILITY,1471,False
GO_BP,GOBP_CELL_MOTILITY_INVOLVED_IN_CEREBRAL_CORTEX_RADIAL_GLIA_GUIDED_MIGRATION,8,False
GO_BP,GOBP_CELL_PROJECTION_ASSEMBLY,576,False
GO_BP,GOBP_CELL_PROJECTION_MORPHOGENESIS,572,False
GO_BP,GOBP_CELL_PROJECTION_ORGANIZATION,1427,False
GO_BP,GOBP_CELL_PROLIFERATION_INVOLVED_IN_HEART_MORPHOGENESIS,16,True
GO_BP,GOBP_CELL_PROLIFERATION_INVOLVED_IN_KIDNEY_DEVELOPMENT,16,True
GO_BP,GOBP_CELL_PROLIFERATION_INVOLVED_IN_METANEPHROS_DEVELOPMENT,8,False
GO_BP,GOBP_CELL_PROLIFERATION_IN_BONE_MARROW,7,False
GO_BP,GOBP_CELL_PROLIFERATION_IN_FOREBRAIN,20,True
GO_BP,GOBP_CELL_PROLIFERATION_IN_HINDBRAIN,8,False
GO_BP,GOBP_CELL_PROLIFERATION_IN_MIDBRAIN,6,False
GO_BP,GOBP_CELL_RECOGNITION,113,True
GO_BP,GOBP_CELL_REDOX_HOMEOSTASIS,43,True
GO_BP,GOBP_CELL_SUBSTRATE_ADHESION,327,True
GO_BP,GOBP_CELL_SUBSTRATE_JUNCTION_DISASSEMBLY,13,False
GO_BP,GOBP_CELL_SUBSTRATE_JUNCTION_ORGANIZATION,103,True
GO_BP,GOBP_CELL_SURFACE_PATTERN_RECOGNITION_RECEPTOR_SIGNALING_PATHWAY,64,True
GO_BP,GOBP_CELL_SURFACE_RECEPTOR_PROTEIN_SERINE_THREONINE_KINASE_SIGNALING_PATHWAY,344,True
GO_BP,GOBP_CELL_SURFACE_RECEPTOR_PROTEIN_TYROSINE_KINASE_SIGNALING_PATHWAY,570,False
GO_BP,GOBP_CELL_SURFACE_RECEPTOR_PROTEIN_TYROSINE_PHOSPHATASE_SIGNALING_PATHWAY,6,False
GO_BP,GOBP_CELL_SURFACE_RECEPTOR_SIGNALING_PATHWAY_VIA_JAK_STAT,100,True
GO_BP,GOBP_CELL_SURFACE_RECEPTOR_SIGNALING_PATHWAY_VIA_STAT,115,True
GO_BP,GOBP_CELL_SURFACE_TOLL_LIKE_RECEPTOR_SIGNALING_PATHWAY,62,True
GO_BP,GOBP_CELL_VOLUME_HOMEOSTASIS,33,True
GO_BP,GOBP_CEMENTUM_MINERALIZATION,4,False
GO_BP,GOBP_CENP_A_CONTAINING_CHROMATIN_ASSEMBLY,9,False
GO_BP,GOBP_CENTRAL_NERVOUS_SYSTEM_DEVELOPMENT,859,False
GO_BP,GOBP_CENTRAL_NERVOUS_SYSTEM_MATURATION,5,False
GO_BP,GOBP_CENTRAL_NERVOUS_SYSTEM_MYELIN_FORMATION,5,False
GO_BP,GOBP_CENTRAL_NERVOUS_SYSTEM_MYELIN_MAINTENANCE,3,False
GO_BP,GOBP_CENTRAL_NERVOUS_SYSTEM_NEURON_AXONOGENESIS,36,True
GO_BP,GOBP_CENTRAL_NERVOUS_SYSTEM_NEURON_DEVELOPMENT,83,True
GO_BP,GOBP_CENTRAL_NERVOUS_SYSTEM_NEURON_DIFFERENTIATION,161,True
GO_BP,GOBP_CENTRAL_NERVOUS_SYSTEM_PROJECTION_NEURON_AXONOGENESIS,27,True
GO_BP,GOBP_CENTRAL_NERVOUS_SYSTEM_VASCULOGENESIS,4,False
GO_BP,GOBP_CENTRIOLE_ASSEMBLY,45,True
GO_BP,GOBP_CENTRIOLE_CENTRIOLE_COHESION,15,True
GO_BP,GOBP_CENTRIOLE_ELONGATION,10,False
GO_BP,GOBP_CENTROMERIC_SISTER_CHROMATID_COHESION,13,False
GO_BP,GOBP_CENTROSOME_DUPLICATION,78,True
GO_BP,GOBP_CENTROSOME_SEPARATION,15,True
GO_BP,GOBP_CERAMIDE_1_PHOSPHATE_TRANSPORT,6,False
GO_BP,GOBP_CERAMIDE_BIOSYNTHETIC_PROCESS,60,True
GO_BP,GOBP_CERAMIDE_CATABOLIC_PROCESS,21,True
GO_BP,GOBP_CERAMIDE_METABOLIC_PROCESS,91,True
GO_BP,GOBP_CERAMIDE_TRANSPORT,14,False
GO_BP,GOBP_CEREBELLAR_CORTEX_DEVELOPMENT,50,True
GO_BP,GOBP_CEREBELLAR_CORTEX_FORMATION,23,True
GO_BP,GOBP_CEREBELLAR_CORTEX_MORPHOGENESIS,34,True
GO_BP,GOBP_CEREBELLAR_GRANULAR_LAYER_DEVELOPMENT,10,False
GO_BP,GOBP_CEREBELLAR_GRANULAR_LAYER_FORMATION,4,False
GO_BP,GOBP_CEREBELLAR_GRANULAR_LAYER_MORPHOGENESIS,6,False
GO_BP,GOBP_CEREBELLAR_PURKINJE_CELL_LAYER_DEVELOPMENT,28,True
GO_BP,GOBP_CEREBELLAR_PURKINJE_CELL_LAYER_FORMATION,14,False
GO_BP,GOBP_CEREBELLAR_PURKINJE_CELL_LAYER_MORPHOGENESIS,19,True
GO_BP,GOBP_CEREBRAL_CORTEX_CELL_MIGRATION,47,True
GO_BP,GOBP_CEREBRAL_CORTEX_DEVELOPMENT,123,True
GO_BP,GOBP_CEREBRAL_CORTEX_GABAERGIC_INTERNEURON_DEVELOPMENT,5,False
GO_BP,GOBP_CEREBRAL_CORTEX_GABAERGIC_INTERNEURON_DIFFERENTIATION,6,False
GO_BP,GOBP_CEREBRAL_CORTEX_GABAERGIC_INTERNEURON_MIGRATION,3,False
GO_BP,GOBP_CEREBRAL_CORTEX_NEURON_DIFFERENTIATION,19,True
GO_BP,GOBP_CEREBRAL_CORTEX_RADIALLY_ORIENTED_CELL_MIGRATION,36,True
GO_BP,GOBP_CEREBRAL_CORTEX_REGIONALIZATION,3,False
GO_BP,GOBP_CEREBRAL_CORTEX_TANGENTIAL_MIGRATION,5,False
GO_BP,GOBP_CEREBROSPINAL_FLUID_CIRCULATION,12,False
GO_BP,GOBP_CGAS_STING_SIGNALING_PATHWAY,27,True
GO_BP,GOBP_CGMP_BIOSYNTHETIC_PROCESS,6,False
GO_BP,GOBP_CGMP_METABOLIC_PROCESS,10,False
GO_BP,GOBP_CHAPERONE_MEDIATED_AUTOPHAGY,15,True
GO_BP,GOBP_CHAPERONE_MEDIATED_PROTEIN_COMPLEX_ASSEMBLY,27,True
GO_BP,GOBP_CHEMICAL_HOMEOSTASIS,833,False
GO_BP,GOBP_CHEMICAL_SYNAPTIC_TRANSMISSION_POSTSYNAPTIC,83,True
GO_BP,GOBP_CHEMOKINE_C_C_MOTIF_LIGAND_5_PRODUCTION,10,False
GO_BP,GOBP_CHEMOKINE_C_X_C_MOTIF_LIGAND_12_SIGNALING_PATHWAY,4,False
GO_BP,GOBP_CHEMOKINE_C_X_C_MOTIF_LIGAND_1_PRODUCTION,4,False
GO_BP,GOBP_CHEMOKINE_C_X_C_MOTIF_LIGAND_2_PRODUCTION,15,True
GO_BP,GOBP_CHEMOKINE_PRODUCTION,71,True
GO_BP,GOBP_CHEMOREPULSION_OF_AXON,5,False
GO_BP,GOBP_CHEMOSENSORY_BEHAVIOR,14,False
GO_BP,GOBP_CHIASMA_ASSEMBLY,6,False
GO_BP,GOBP_CHITIN_METABOLIC_PROCESS,4,False
GO_BP,GOBP_CHLORIDE_TRANSPORT,85,True
GO_BP,GOBP_CHOLESTEROL_BIOSYNTHETIC_PROCESS_VIA_DESMOSTEROL,20,True
GO_BP,GOBP_CHOLESTEROL_CATABOLIC_PROCESS,9,False
GO_BP,GOBP_CHOLESTEROL_EFFLUX,45,True
GO_BP,GOBP_CHOLESTEROL_IMPORT,8,False
GO_BP,GOBP_CHOLESTEROL_STORAGE,19,True
GO_BP,GOBP_CHOLINE_METABOLIC_PROCESS,5,False
GO_BP,GOBP_CHOLINE_TRANSPORT,8,False
GO_BP,GOBP_CHONDROBLAST_DIFFERENTIATION,4,False
GO_BP,GOBP_CHONDROCYTE_DEVELOPMENT,34,True
GO_BP,GOBP_CHONDROCYTE_DEVELOPMENT_INVOLVED_IN_ENDOCHONDRAL_BONE_MORPHOGENESIS,10,False
GO_BP,GOBP_CHONDROCYTE_DIFFERENTIATION,110,True
GO_BP,GOBP_CHONDROCYTE_DIFFERENTIATION_INVOLVED_IN_ENDOCHONDRAL_BONE_MORPHOGENESIS,13,False
GO_BP,GOBP_CHONDROCYTE_HYPERTROPHY,8,False
GO_BP,GOBP_CHONDROCYTE_PROLIFERATION,24,True
GO_BP,GOBP_CHONDROITIN_SULFATE_PROTEOGLYCAN_BIOSYNTHETIC_PROCESS,24,True
GO_BP,GOBP_CHONDROITIN_SULFATE_PROTEOGLYCAN_CATABOLIC_PROCESS,5,False
GO_BP,GOBP_CHONDROITIN_SULFATE_PROTEOGLYCAN_METABOLIC_PROCESS,34,True
GO_BP,GOBP_CHORIONIC_TROPHOBLAST_CELL_DIFFERENTIATION,4,False
GO_BP,GOBP_CHORIONIC_TROPHOBLAST_CELL_PROLIFERATION,4,False
GO_BP,GOBP_CHORION_DEVELOPMENT,7,False
GO_BP,GOBP_CHORIO_ALLANTOIC_FUSION,6,False
GO_BP,GOBP_CHROMATIN_LOOPING,21,True
GO_BP,GOBP_CHROMATIN_ORGANIZATION,794,False
GO_BP,GOBP_CHROMATIN_REMODELING,623,False
GO_BP,GOBP_CHROMOSOMAL_5_METHYLCYTOSINE_DNA_DEMETHYLATION_PATHWAY,3,False
GO_BP,GOBP_CHROMOSOME_ATTACHMENT_TO_THE_NUCLEAR_ENVELOPE,6,False
GO_BP,GOBP_CHROMOSOME_CONDENSATION,43,True
GO_BP,GOBP_CHROMOSOME_LOCALIZATION,131,True
GO_BP,GOBP_CHROMOSOME_MOVEMENT_TOWARDS_SPINDLE_POLE,7,False
GO_BP,GOBP_CHROMOSOME_ORGANIZATION,549,False
GO_BP,GOBP_CHROMOSOME_ORGANIZATION_INVOLVED_IN_MEIOTIC_CELL_CYCLE,58,True
GO_BP,GOBP_CHROMOSOME_SEGREGATION,428,True
GO_BP,GOBP_CHROMOSOME_SEPARATION,85,True
GO_BP,GOBP_CHRONIC_INFLAMMATORY_RESPONSE,16,True
GO_BP,GOBP_CHYLOMICRON_ASSEMBLY,3,False
GO_BP,GOBP_CHYLOMICRON_REMODELING,2,False
GO_BP,GOBP_CILIARY_BASAL_BODY_ORGANIZATION,4,False
GO_BP,GOBP_CILIARY_NEUROTROPHIC_FACTOR_MEDIATED_SIGNALING_PATHWAY,4,False
GO_BP,GOBP_CILIUM_DISASSEMBLY,5,False
GO_BP,GOBP_CILIUM_MOVEMENT,200,True
GO_BP,GOBP_CILIUM_ORGANIZATION,407,True
GO_BP,GOBP_CILIUM_OR_FLAGELLUM_DEPENDENT_CELL_MOTILITY,174,True
GO_BP,GOBP_CIRCADIAN_REGULATION_OF_GENE_EXPRESSION,59,True
GO_BP,GOBP_CIRCADIAN_RHYTHM,172,True
GO_BP,GOBP_CIRCADIAN_SLEEP_WAKE_CYCLE,14,False
GO_BP,GOBP_CIRCADIAN_SLEEP_WAKE_CYCLE_NON_REM_SLEEP,4,False
GO_BP,GOBP_CIRCADIAN_SLEEP_WAKE_CYCLE_REM_SLEEP,2,False
GO_BP,GOBP_CIRCADIAN_SLEEP_WAKE_CYCLE_SLEEP,11,False
GO_BP,GOBP_CIRCULATORY_SYSTEM_DEVELOPMENT,978,False
GO_BP,GOBP_CIRCULATORY_SYSTEM_PROCESS,465,True
GO_BP,GOBP_CITRULLINE_BIOSYNTHETIC_PROCESS,4,False
GO_BP,GOBP_CITRULLINE_METABOLIC_PROCESS,6,False
GO_BP,GOBP_CLATHRIN_COATED_VESICLE_CARGO_LOADING,7,False
GO_BP,GOBP_CLATHRIN_COAT_ASSEMBLY,19,True
GO_BP,GOBP_CLATHRIN_COAT_DISASSEMBLY,5,False
GO_BP,GOBP_CLATHRIN_DEPENDENT_ENDOCYTOSIS,51,True
GO_BP,GOBP_CLEARANCE_OF_FOREIGN_INTRACELLULAR_NUCLEIC_ACIDS,5,False
GO_BP,GOBP_CLEAVAGE_FURROW_FORMATION,8,False
GO_BP,GOBP_CLEAVAGE_IN_ITS2_BETWEEN_5_8S_RRNA_AND_LSU_RRNA_OF_TRICISTRONIC_RRNA_TRANSCRIPT_SSU_RRNA_5_8S_RRNA_LSU_RRNA,7,False
GO_BP,GOBP_CLUSTERING_OF_VOLTAGE_GATED_SODIUM_CHANNELS,7,False
GO_BP,GOBP_CMP_METABOLIC_PROCESS,7,False
GO_BP,GOBP_CMP_N_ACETYLNEURAMINATE_METABOLIC_PROCESS,5,False
GO_BP,GOBP_COBALAMIN_METABOLIC_PROCESS,9,False
GO_BP,GOBP_COBALAMIN_TRANSPORT,6,False
GO_BP,GOBP_COBALT_ION_TRANSPORT,6,False
GO_BP,GOBP_COCHLEA_DEVELOPMENT,37,True
GO_BP,GOBP_COCHLEA_MORPHOGENESIS,18,True
GO_BP,GOBP_COENZYME_A_BIOSYNTHETIC_PROCESS,10,False
GO_BP,GOBP_COENZYME_A_METABOLIC_PROCESS,20,True
GO_BP,GOBP_COGNITION,262,True
GO_BP,GOBP_COLLAGEN_ACTIVATED_SIGNALING_PATHWAY,14,False
GO_BP,GOBP_COLLAGEN_ACTIVATED_TYROSINE_KINASE_RECEPTOR_SIGNALING_PATHWAY,10,False
GO_BP,GOBP_COLLAGEN_BIOSYNTHETIC_PROCESS,44,True
GO_BP,GOBP_COLLAGEN_CATABOLIC_PROCESS,35,True
GO_BP,GOBP_COLLAGEN_FIBRIL_ORGANIZATION,84,True
GO_BP,GOBP_COLLAGEN_METABOLIC_PROCESS,96,True
GO_BP,GOBP_COLLATERAL_SPROUTING,30,True
GO_BP,GOBP_COLLATERAL_SPROUTING_IN_ABSENCE_OF_INJURY,5,False
GO_BP,GOBP_COLLECTING_DUCT_DEVELOPMENT,9,False
GO_BP,GOBP_COLUMNAR_CUBOIDAL_EPITHELIAL_CELL_DEVELOPMENT,16,True
GO_BP,GOBP_COLUMNAR_CUBOIDAL_EPITHELIAL_CELL_DIFFERENTIATION,65,True
GO_BP,GOBP_COLUMNAR_CUBOIDAL_EPITHELIAL_CELL_MATURATION,3,False
GO_BP,GOBP_COMMA_SHAPED_BODY_MORPHOGENESIS,3,False
GO_BP,GOBP_COMMISSURAL_NEURON_AXON_GUIDANCE,14,False
GO_BP,GOBP_COMMITMENT_OF_NEURONAL_CELL_TO_SPECIFIC_NEURON_TYPE_IN_FOREBRAIN,2,False
GO_BP,GOBP_COMMON_BILE_DUCT_DEVELOPMENT,4,False
GO_BP,GOBP_COMMON_MYELOID_PROGENITOR_CELL_PROLIFERATION,6,False
GO_BP,GOBP_COMPARTMENT_PATTERN_SPECIFICATION,5,False
GO_BP,GOBP_COMPLEMENT_ACTIVATION,29,True
GO_BP,GOBP_COMPLEMENT_ACTIVATION_ALTERNATIVE_PATHWAY,8,False
GO_BP,GOBP_COMPLEMENT_ACTIVATION_CLASSICAL_PATHWAY,18,True
GO_BP,GOBP_COMPLEMENT_ACTIVATION_GZMK_PATHWAY,10,False
GO_BP,GOBP_COMPLEMENT_ACTIVATION_LECTIN_PATHWAY,11,False
GO_BP,GOBP_COMPLEMENT_DEPENDENT_CYTOTOXICITY,9,False
GO_BP,GOBP_COMPLEMENT_RECEPTOR_MEDIATED_SIGNALING_PATHWAY,9,False
GO_BP,GOBP_CONDITIONED_PLACE_PREFERENCE,6,False
GO_BP,GOBP_CONNECTIVE_TISSUE_DEVELOPMENT,276,True
GO_BP,GOBP_CONNECTIVE_TISSUE_REPLACEMENT,16,True
GO_BP,GOBP_CONNECTIVE_TISSUE_REPLACEMENT_INVOLVED_IN_INFLAMMATORY_RESPONSE_WOUND_HEALING,9,False
GO_BP,GOBP_CONSTITUTIVE_HETEROCHROMATIN_FORMATION,53,True
GO_BP,GOBP_CONSTITUTIVE_SECRETORY_PATHWAY,8,False
GO_BP,GOBP_CONVERGENT_EXTENSION,17,True
GO_BP,GOBP_CONVERGENT_EXTENSION_INVOLVED_IN_AXIS_ELONGATION,5,False
GO_BP,GOBP_CONVERGENT_EXTENSION_INVOLVED_IN_GASTRULATION,9,False
GO_BP,GOBP_CONVERGENT_EXTENSION_INVOLVED_IN_ORGANOGENESIS,5,False
GO_BP,GOBP_COP9_SIGNALOSOME_ASSEMBLY,3,False
GO_BP,GOBP_COPII_COATED_VESICLE_BUDDING,44,True
GO_BP,GOBP_COPII_COATED_VESICLE_CARGO_LOADING,19,True
GO_BP,GOBP_COPI_COATED_VESICLE_BUDDING,6,False
GO_BP,GOBP_COPPER_ION_HOMEOSTASIS,21,True
GO_BP,GOBP_COPPER_ION_IMPORT,7,False
GO_BP,GOBP_COPPER_ION_TRANSMEMBRANE_TRANSPORT,9,False
GO_BP,GOBP_COPPER_ION_TRANSPORT,14,False
GO_BP,GOBP_COPULATION,8,False
GO_BP,GOBP_CORNEA_DEVELOPMENT_IN_CAMERA_TYPE_EYE,5,False
GO_BP,GOBP_CORNIFICATION,5,False
GO_BP,GOBP_CORNIFIED_ENVELOPE_ASSEMBLY,6,False
GO_BP,GOBP_CORONARY_ARTERY_MORPHOGENESIS,8,False
GO_BP,GOBP_CORONARY_VASCULATURE_DEVELOPMENT,43,True
GO_BP,GOBP_CORONARY_VASCULATURE_MORPHOGENESIS,14,False
GO_BP,GOBP_CORPUS_CALLOSUM_DEVELOPMENT,26,True
GO_BP,GOBP_CORPUS_CALLOSUM_MORPHOGENESIS,7,False
GO_BP,GOBP_CORTICAL_ACTIN_CYTOSKELETON_ORGANIZATION,33,True
GO_BP,GOBP_CORTICAL_CYTOSKELETON_ORGANIZATION,49,True
GO_BP,GOBP_CORTICAL_MICROTUBULE_ORGANIZATION,9,False
GO_BP,GOBP_CORTICOSPINAL_TRACT_MORPHOGENESIS,9,False
GO_BP,GOBP_CORTICOSTEROID_HORMONE_SECRETION,13,False
GO_BP,GOBP_CORTICOSTERONE_SECRETION,2,False
GO_BP,GOBP_CORTICOTROPIN_SECRETION,4,False
GO_BP,GOBP_CORTISOL_METABOLIC_PROCESS,9,False
GO_BP,GOBP_CORTISOL_SECRETION,2,False
GO_BP,GOBP_COTRANSLATIONAL_PROTEIN_TARGETING_TO_MEMBRANE,23,True
GO_BP,GOBP_CO_TRANSCRIPTIONAL_MRNA_3_END_PROCESSING_CLEAVAGE_AND_POLYADENYLATION_PATHWAY,9,False
GO_BP,GOBP_CO_TRANSCRIPTIONAL_RNA_3_END_PROCESSING_CLEAVAGE_AND_POLYADENYLATION_PATHWAY,11,False
GO_BP,GOBP_CRANIAL_GANGLION_DEVELOPMENT,5,False
GO_BP,GOBP_CRANIAL_NERVE_DEVELOPMENT,38,True
GO_BP,GOBP_CRANIAL_NERVE_FORMATION,5,False
GO_BP,GOBP_CRANIAL_NERVE_MORPHOGENESIS,21,True
GO_BP,GOBP_CRANIAL_NERVE_STRUCTURAL_ORGANIZATION,8,False
GO_BP,GOBP_CRANIAL_SKELETAL_SYSTEM_DEVELOPMENT,57,True
GO_BP,GOBP_CRANIAL_SUTURE_MORPHOGENESIS,7,False
GO_BP,GOBP_CRANIOFACIAL_SUTURE_MORPHOGENESIS,14,False
GO_BP,GOBP_CRD_MEDIATED_MRNA_STABILIZATION,11,False
GO_BP,GOBP_CRISTAE_FORMATION,19,True
GO_BP,GOBP_CUT_CATABOLIC_PROCESS,5,False
GO_BP,GOBP_CXCL12_ACTIVATED_CXCR4_SIGNALING_PATHWAY,2,False
GO_BP,GOBP_CYCLIC_GMP_AMP_TRANSMEMBRANE_IMPORT_ACROSS_PLASMA_MEMBRANE,7,False
GO_BP,GOBP_CYCLIC_NUCLEOTIDE_BIOSYNTHETIC_PROCESS,19,True
GO_BP,GOBP_CYCLIC_NUCLEOTIDE_CATABOLIC_PROCESS,12,False
GO_BP,GOBP_CYCLIC_NUCLEOTIDE_METABOLIC_PROCESS,36,True
GO_BP,GOBP_CYCLIC_NUCLEOTIDE_TRANSPORT,11,False
GO_BP,GOBP_CYCLOOXYGENASE_PATHWAY,10,False
GO_BP,GOBP_CYSTEINE_CATABOLIC_PROCESS,4,False
GO_BP,GOBP_CYSTEINE_METABOLIC_PROCESS,11,False
GO_BP,GOBP_CYTIDINE_TO_URIDINE_EDITING,7,False
GO_BP,GOBP_CYTOCHROME_COMPLEX_ASSEMBLY,46,True
GO_BP,GOBP_CYTOCHROME_METABOLIC_PROCESS,3,False
GO_BP,GOBP_CYTOKINESIS,175,True
GO_BP,GOBP_CYTOKINETIC_PROCESS,52,True
GO_BP,GOBP_CYTOKINE_MEDIATED_SIGNALING_PATHWAY,399,True
GO_BP,GOBP_CYTOKINE_PRECURSOR_PROCESSING,4,False
GO_BP,GOBP_CYTOKINE_PRODUCTION,659,False
GO_BP,GOBP_CYTOKINE_PRODUCTION_INVOLVED_IN_IMMUNE_RESPONSE,89,True
GO_BP,GOBP_CYTOKINE_PRODUCTION_INVOLVED_IN_INFLAMMATORY_RESPONSE,54,True
GO_BP,GOBP_CYTOLYSIS,7,False
GO_BP,GOBP_CYTOLYSIS_BY_HOST_OF_SYMBIONT_CELLS,3,False
GO_BP,GOBP_CYTOLYSIS_IN_ANOTHER_ORGANISM,5,False
GO_BP,GOBP_CYTOPLASMIC_ACTIN_BASED_CONTRACTION_INVOLVED_IN_CELL_MOTILITY,4,False
GO_BP,GOBP_CYTOPLASMIC_MICROTUBULE_ORGANIZATION,67,True
GO_BP,GOBP_CYTOPLASMIC_PATTERN_RECOGNITION_RECEPTOR_SIGNALING_PATHWAY,179,True
GO_BP,GOBP_CYTOPLASMIC_TRANSLATION,177,True
GO_BP,GOBP_CYTOPLASMIC_TRANSLATIONAL_ELONGATION,8,False
GO_BP,GOBP_CYTOPLASMIC_TRANSLATIONAL_INITIATION,49,True
GO_BP,GOBP_CYTOPLASM_ORGANIZATION,13,False
GO_BP,GOBP_CYTOSKELETON_DEPENDENT_CYTOKINESIS,124,True
GO_BP,GOBP_CYTOSKELETON_DEPENDENT_INTRACELLULAR_TRANSPORT,212,True
GO_BP,GOBP_CYTOSKELETON_ORGANIZATION,1345,False
GO_BP,GOBP_CYTOSOLIC_CILIOGENESIS,5,False
GO_BP,GOBP_CYTOSOLIC_RIBOSOME_ASSEMBLY,10,False
GO_BP,GOBP_CYTOSOLIC_TRANSPORT,151,True
GO_BP,GOBP_CYTOSOL_TO_ENDOPLASMIC_RETICULUM_TRANSPORT,9,False
GO_BP,GOBP_C_TERMINAL_PROTEIN_AMINO_ACID_MODIFICATION,7,False
GO_BP,GOBP_C_X_C_CHEMOKINE_RECEPTOR_CXCR4_SIGNALING_PATHWAY,3,False
GO_BP,GOBP_DAMP_METABOLIC_PROCESS,6,False
GO_BP,GOBP_DCMP_METABOLIC_PROCESS,4,False
GO_BP,GOBP_DECIDUALIZATION,23,True
GO_BP,GOBP_DEDIFFERENTIATION,4,False
GO_BP,GOBP_DEFENSE_RESPONSE_TO_BACTERIUM,176,True
GO_BP,GOBP_DEFENSE_RESPONSE_TO_GRAM_NEGATIVE_BACTERIUM,43,True
GO_BP,GOBP_DEFENSE_RESPONSE_TO_GRAM_POSITIVE_BACTERIUM,61,True
GO_BP,GOBP_DEFENSE_RESPONSE_TO_OTHER_ORGANISM,857,False
GO_BP,GOBP_DEFENSE_RESPONSE_TO_TUMOR_CELL,10,False
GO_BP,GOBP_DEFENSE_RESPONSE_TO_VIRUS,280,True
GO_BP,GOBP_DEFINITIVE_ERYTHROCYTE_DIFFERENTIATION,4,False
GO_BP,GOBP_DEFINITIVE_HEMOPOIESIS,17,True
GO_BP,GOBP_DEHYDROASCORBIC_ACID_TRANSPORT,10,False
GO_BP,GOBP_DELAMINATION,6,False
GO_BP,GOBP_DEMETHYLATION,9,False
GO_BP,GOBP_DENDRITE_ARBORIZATION,12,False
GO_BP,GOBP_DENDRITE_DEVELOPMENT,212,True
GO_BP,GOBP_DENDRITE_EXTENSION,26,True
GO_BP,GOBP_DENDRITE_MORPHOGENESIS,129,True
GO_BP,GOBP_DENDRITE_SELF_AVOIDANCE,11,False
GO_BP,GOBP_DENDRITIC_CELL_ANTIGEN_PROCESSING_AND_PRESENTATION,12,False
GO_BP,GOBP_DENDRITIC_CELL_APOPTOTIC_PROCESS,7,False
GO_BP,GOBP_DENDRITIC_CELL_CHEMOTAXIS,15,True
GO_BP,GOBP_DENDRITIC_CELL_CYTOKINE_PRODUCTION,17,True
GO_BP,GOBP_DENDRITIC_CELL_DIFFERENTIATION,38,True
GO_BP,GOBP_DENDRITIC_CELL_MIGRATION,22,True
GO_BP,GOBP_DENDRITIC_SPINE_DEVELOPMENT,89,True
GO_BP,GOBP_DENDRITIC_SPINE_MAINTENANCE,19,True
GO_BP,GOBP_DENDRITIC_SPINE_MORPHOGENESIS,54,True
GO_BP,GOBP_DENDRITIC_TRANSPORT,17,True
GO_BP,GOBP_DENSE_CORE_GRANULE_EXOCYTOSIS,9,False
GO_BP,GOBP_DENSE_CORE_GRANULE_TRANSPORT,8,False
GO_BP,GOBP_DENTATE_GYRUS_DEVELOPMENT,21,True
GO_BP,GOBP_DENTINOGENESIS,3,False
GO_BP,GOBP_DEOXYRIBONUCLEOSIDE_CATABOLIC_PROCESS,4,False
GO_BP,GOBP_DEOXYRIBONUCLEOSIDE_METABOLIC_PROCESS,9,False
GO_BP,GOBP_DEOXYRIBONUCLEOSIDE_MONOPHOSPHATE_BIOSYNTHETIC_PROCESS,10,False
GO_BP,GOBP_DEOXYRIBONUCLEOSIDE_MONOPHOSPHATE_CATABOLIC_PROCESS,12,False
GO_BP,GOBP_DEOXYRIBONUCLEOSIDE_TRIPHOSPHATE_METABOLIC_PROCESS,9,False
GO_BP,GOBP_DEOXYRIBONUCLEOTIDE_BIOSYNTHETIC_PROCESS,17,True
GO_BP,GOBP_DEOXYRIBONUCLEOTIDE_CATABOLIC_PROCESS,26,True
GO_BP,GOBP_DEOXYRIBONUCLEOTIDE_METABOLIC_PROCESS,42,True
GO_BP,GOBP_DEPHOSPHORYLATION,126,True
GO_BP,GOBP_DEPYRIMIDINATION,8,False
GO_BP,GOBP_DERMATAN_SULFATE_PROTEOGLYCAN_BIOSYNTHETIC_PROCESS,14,False
GO_BP,GOBP_DERMATAN_SULFATE_PROTEOGLYCAN_METABOLIC_PROCESS,18,True
GO_BP,GOBP_DESMOSOME_ASSEMBLY,4,False
GO_BP,GOBP_DESMOSOME_ORGANIZATION,10,False
GO_BP,GOBP_DETECTION_OF_ABIOTIC_STIMULUS,102,True
GO_BP,GOBP_DETECTION_OF_BACTERIUM,24,True
GO_BP,GOBP_DETECTION_OF_BIOTIC_STIMULUS,42,True
GO_BP,GOBP_DETECTION_OF_CALCIUM_ION,12,False
GO_BP,GOBP_DETECTION_OF_CELL_DENSITY,11,False
GO_BP,GOBP_DETECTION_OF_CHEMICAL_STIMULUS,83,True
GO_BP,GOBP_DETECTION_OF_CHEMICAL_STIMULUS_INVOLVED_IN_SENSORY_PERCEPTION_OF_TASTE,12,False
GO_BP,GOBP_DETECTION_OF_EXTERNAL_BIOTIC_STIMULUS,31,True
GO_BP,GOBP_DETECTION_OF_LIGHT_STIMULUS,40,True
GO_BP,GOBP_DETECTION_OF_LIGHT_STIMULUS_INVOLVED_IN_SENSORY_PERCEPTION,16,True
GO_BP,GOBP_DETECTION_OF_LIPOPOLYSACCHARIDE,4,False
GO_BP,GOBP_DETECTION_OF_MECHANICAL_STIMULUS,48,True
GO_BP,GOBP_DETECTION_OF_MECHANICAL_STIMULUS_INVOLVED_IN_SENSORY_PERCEPTION,33,True
GO_BP,GOBP_DETECTION_OF_MECHANICAL_STIMULUS_INVOLVED_IN_SENSORY_PERCEPTION_OF_PAIN,12,False
GO_BP,GOBP_DETECTION_OF_MECHANICAL_STIMULUS_INVOLVED_IN_SENSORY_PERCEPTION_OF_SOUND,15,True
GO_BP,GOBP_DETECTION_OF_MOLECULE_OF_BACTERIAL_ORIGIN,11,False
GO_BP,GOBP_DETECTION_OF_MUSCLE_STRETCH,5,False
GO_BP,GOBP_DETECTION_OF_OTHER_ORGANISM,26,True
GO_BP,GOBP_DETECTION_OF_OXYGEN,5,False
GO_BP,GOBP_DETECTION_OF_STIMULUS,211,True
GO_BP,GOBP_DETECTION_OF_STIMULUS_INVOLVED_IN_SENSORY_PERCEPTION,110,True
GO_BP,GOBP_DETECTION_OF_STIMULUS_INVOLVED_IN_SENSORY_PERCEPTION_OF_PAIN,23,True
GO_BP,GOBP_DETECTION_OF_TEMPERATURE_STIMULUS,19,True
GO_BP,GOBP_DETECTION_OF_TEMPERATURE_STIMULUS_INVOLVED_IN_SENSORY_PERCEPTION_OF_PAIN,15,True
GO_BP,GOBP_DETECTION_OF_TEMPERATURE_STIMULUS_INVOLVED_IN_THERMOCEPTION,3,False
GO_BP,GOBP_DETECTION_OF_VISIBLE_LIGHT,15,True
GO_BP,GOBP_DETERMINATION_OF_ADULT_LIFESPAN,36,True
GO_BP,GOBP_DETERMINATION_OF_DIGESTIVE_TRACT_LEFT_RIGHT_ASYMMETRY,4,False
GO_BP,GOBP_DETERMINATION_OF_DORSAL_VENTRAL_ASYMMETRY,8,False
GO_BP,GOBP_DETERMINATION_OF_LEFT_RIGHT_ASYMMETRY_IN_LATERAL_MESODERM,11,False
GO_BP,GOBP_DETERMINATION_OF_LIVER_LEFT_RIGHT_ASYMMETRY,4,False
GO_BP,GOBP_DETERMINATION_OF_PANCREATIC_LEFT_RIGHT_ASYMMETRY,3,False
GO_BP,GOBP_DETOXIFICATION,121,True
GO_BP,GOBP_DETOXIFICATION_OF_CADMIUM_ION,4,False
GO_BP,GOBP_DETOXIFICATION_OF_COPPER_ION,6,False
GO_BP,GOBP_DETOXIFICATION_OF_INORGANIC_COMPOUND,14,False
GO_BP,GOBP_DETOXIFICATION_OF_NITROGEN_COMPOUND,4,False
GO_BP,GOBP_DEVELOPMENTAL_CELL_GROWTH,198,True
GO_BP,GOBP_DEVELOPMENTAL_GROWTH,580,False
GO_BP,GOBP_DEVELOPMENTAL_GROWTH_INVOLVED_IN_MORPHOGENESIS,207,True
GO_BP,GOBP_DEVELOPMENTAL_INDUCTION,30,True
GO_BP,GOBP_DEVELOPMENTAL_MATURATION,276,True
GO_BP,GOBP_DEVELOPMENTAL_PIGMENTATION,37,True
GO_BP,GOBP_DEVELOPMENTAL_PROCESS_INVOLVED_IN_REPRODUCTION,816,False
GO_BP,GOBP_DEVELOPMENT_OF_PRIMARY_FEMALE_SEXUAL_CHARACTERISTICS,89,True
GO_BP,GOBP_DEVELOPMENT_OF_PRIMARY_SEXUAL_CHARACTERISTICS,179,True
GO_BP,GOBP_DEVELOPMENT_OF_SECONDARY_FEMALE_SEXUAL_CHARACTERISTICS,8,False
GO_BP,GOBP_DEVELOPMENT_OF_SECONDARY_SEXUAL_CHARACTERISTICS,10,False
GO_BP,GOBP_DE_NOVO_AMP_BIOSYNTHETIC_PROCESS,9,False
GO_BP,GOBP_DE_NOVO_CENTRIOLE_ASSEMBLY,4,False
GO_BP,GOBP_DE_NOVO_CENTRIOLE_ASSEMBLY_INVOLVED_IN_MULTI_CILIATED_EPITHELIAL_CELL_DIFFERENTIATION,4,False
GO_BP,GOBP_DE_NOVO_IMP_BIOSYNTHETIC_PROCESS,7,False
GO_BP,GOBP_DE_NOVO_NADPLUS_BIOSYNTHETIC_PROCESS_FROM_L_TRYPTOPHAN,7,False
GO_BP,GOBP_DE_NOVO_PROTEIN_FOLDING,12,False
GO_BP,GOBP_DE_NOVO_PYRIMIDINE_NUCLEOBASE_BIOSYNTHETIC_PROCESS,11,False
GO_BP,GOBP_DGMP_CATABOLIC_PROCESS,5,False
GO_BP,GOBP_DGMP_METABOLIC_PROCESS,6,False
GO_BP,GOBP_DIACYLGLYCEROL_BIOSYNTHETIC_PROCESS,6,False
GO_BP,GOBP_DIACYLGLYCEROL_CATABOLIC_PROCESS,5,False
GO_BP,GOBP_DIACYLGLYCEROL_METABOLIC_PROCESS,21,True
GO_BP,GOBP_DIADENOSINE_POLYPHOSPHATE_CATABOLIC_PROCESS,6,False
GO_BP,GOBP_DIADENOSINE_POLYPHOSPHATE_METABOLIC_PROCESS,8,False
GO_BP,GOBP_DIAPEDESIS,6,False
GO_BP,GOBP_DIAPHRAGM_DEVELOPMENT,6,False
GO_BP,GOBP_DICARBOXYLIC_ACID_BIOSYNTHETIC_PROCESS,10,False
GO_BP,GOBP_DICARBOXYLIC_ACID_CATABOLIC_PROCESS,14,False
GO_BP,GOBP_DICARBOXYLIC_ACID_METABOLIC_PROCESS,85,True
GO_BP,GOBP_DICARBOXYLIC_ACID_TRANSPORT,91,True
GO_BP,GOBP_DICHOTOMOUS_SUBDIVISION_OF_AN_EPITHELIAL_TERMINAL_UNIT,9,False
GO_BP,GOBP_DIENCEPHALON_DEVELOPMENT,47,True
GO_BP,GOBP_DIET_INDUCED_THERMOGENESIS,7,False
GO_BP,GOBP_DIGESTION,70,True
GO_BP,GOBP_DIGESTIVE_SYSTEM_DEVELOPMENT,106,True
GO_BP,GOBP_DIGESTIVE_SYSTEM_PROCESS,61,True
GO_BP,GOBP_DIGESTIVE_TRACT_MORPHOGENESIS,34,True
GO_BP,GOBP_DIOL_BIOSYNTHETIC_PROCESS,24,True
GO_BP,GOBP_DIOL_METABOLIC_PROCESS,32,True
GO_BP,GOBP_DIPEPTIDE_TRANSMEMBRANE_TRANSPORT,6,False
GO_BP,GOBP_DIPHOSPHOINOSITOL_POLYPHOSPHATE_METABOLIC_PROCESS,5,False
GO_BP,GOBP_DIRECT_OSSIFICATION,6,False
GO_BP,GOBP_DISACCHARIDE_CATABOLIC_PROCESS,1,False
GO_BP,GOBP_DISACCHARIDE_METABOLIC_PROCESS,3,False
GO_BP,GOBP_DISRUPTION_OF_ANATOMICAL_STRUCTURE_IN_ANOTHER_ORGANISM,46,True
GO_BP,GOBP_DISRUPTION_OF_CELLULAR_ANATOMICAL_STRUCTURE_IN_ANOTHER_ORGANISM,0,False
GO_BP,GOBP_DISTAL_CONVOLUTED_TUBULE_DEVELOPMENT,3,False
GO_BP,GOBP_DISTAL_TUBULE_DEVELOPMENT,9,False
GO_BP,GOBP_DITERPENOID_BIOSYNTHETIC_PROCESS,7,False
GO_BP,GOBP_DITERPENOID_METABOLIC_PROCESS,62,True
GO_BP,GOBP_DNA_ALKYLATION_REPAIR,11,False
GO_BP,GOBP_DNA_BIOSYNTHETIC_PROCESS,148,True
GO_BP,GOBP_DNA_CATABOLIC_PROCESS,26,True
GO_BP,GOBP_DNA_CONFORMATION_CHANGE,18,True
GO_BP,GOBP_DNA_CYTOSINE_DEAMINATION,7,False
GO_BP,GOBP_DNA_DAMAGE_RESPONSE,956,False
GO_BP,GOBP_DNA_DAMAGE_RESPONSE_SIGNAL_TRANSDUCTION_BY_P53_CLASS_MEDIATOR,76,True
GO_BP,GOBP_DNA_DAMAGE_TOLERANCE,36,True
GO_BP,GOBP_DNA_DEAMINATION,11,False
GO_BP,GOBP_DNA_DOUBLE_STRAND_BREAK_PROCESSING,20,True
GO_BP,GOBP_DNA_ENDOREDUPLICATION,4,False
GO_BP,GOBP_DNA_GEOMETRIC_CHANGE,8,False
GO_BP,GOBP_DNA_INTEGRATION,8,False
GO_BP,GOBP_DNA_INTEGRITY_CHECKPOINT_SIGNALING,135,True
GO_BP,GOBP_DNA_METABOLIC_PROCESS,968,False
GO_BP,GOBP_DNA_METHYLATION_DEPENDENT_CONSTITUTIVE_HETEROCHROMATIN_FORMATION,35,True
GO_BP,GOBP_DNA_MODIFICATION,25,True
GO_BP,GOBP_DNA_PROTECTION,6,False
GO_BP,GOBP_DNA_RECOMBINATION,315,True
GO_BP,GOBP_DNA_REPAIR,632,False
GO_BP,GOBP_DNA_REPAIR_COMPLEX_ASSEMBLY,7,False
GO_BP,GOBP_DNA_REPAIR_DEPENDENT_CHROMATIN_REMODELING,24,True
GO_BP,GOBP_DNA_REPLICATION,312,True
GO_BP,GOBP_DNA_REPLICATION_CHECKPOINT_SIGNALING,27,True
GO_BP,GOBP_DNA_REPLICATION_DEPENDENT_CHROMATIN_ASSEMBLY,6,False
GO_BP,GOBP_DNA_REPLICATION_INITIATION,40,True
GO_BP,GOBP_DNA_REPLICATION_SYNTHESIS_OF_PRIMER,6,False
GO_BP,GOBP_DNA_STRAND_ELONGATION,37,True
GO_BP,GOBP_DNA_STRAND_ELONGATION_INVOLVED_IN_DNA_REPLICATION,15,True
GO_BP,GOBP_DNA_STRAND_INVASION,6,False
GO_BP,GOBP_DNA_STRAND_RESECTION_INVOLVED_IN_REPLICATION_FORK_PROCESSING,10,False
GO_BP,GOBP_DNA_SYNTHESIS_INVOLVED_IN_DNA_REPAIR,15,True
GO_BP,GOBP_DNA_SYNTHESIS_INVOLVED_IN_DNA_REPLICATION,27,True
GO_BP,GOBP_DNA_TEMPLATED_DNA_REPLICATION,168,True
GO_BP,GOBP_DNA_TEMPLATED_DNA_REPLICATION_MAINTENANCE_OF_FIDELITY,65,True
GO_BP,GOBP_DNA_TEMPLATED_TRANSCRIPTION_ELONGATION,165,True
GO_BP,GOBP_DNA_TEMPLATED_TRANSCRIPTION_INITIATION,255,True
GO_BP,GOBP_DNA_TEMPLATED_TRANSCRIPTION_TERMINATION,56,True
GO_BP,GOBP_DNA_TOPOLOGICAL_CHANGE,10,False
GO_BP,GOBP_DOLICHOL_LINKED_OLIGOSACCHARIDE_BIOSYNTHETIC_PROCESS,20,True
GO_BP,GOBP_DOLICHYL_MONOPHOSPHATE_BIOSYNTHETIC_PROCESS,8,False
GO_BP,GOBP_DOPAMINERGIC_NEURON_AXON_GUIDANCE,5,False
GO_BP,GOBP_DOPAMINERGIC_NEURON_DIFFERENTIATION,25,True
GO_BP,GOBP_DOPAMINE_BIOSYNTHETIC_PROCESS,8,False
GO_BP,GOBP_DOPAMINE_METABOLIC_PROCESS,33,True
GO_BP,GOBP_DOPAMINE_SECRETION,17,True
GO_BP,GOBP_DOPAMINE_TRANSPORT,28,True
GO_BP,GOBP_DORSAL_AORTA_DEVELOPMENT,10,False
GO_BP,GOBP_DORSAL_AORTA_MORPHOGENESIS,8,False
GO_BP,GOBP_DORSAL_ROOT_GANGLION_DEVELOPMENT,5,False
GO_BP,GOBP_DORSAL_SPINAL_CORD_DEVELOPMENT,8,False
GO_BP,GOBP_DORSAL_VENTRAL_AXIS_SPECIFICATION,13,False
GO_BP,GOBP_DORSAL_VENTRAL_NEURAL_TUBE_PATTERNING,10,False
GO_BP,GOBP_DORSAL_VENTRAL_PATTERN_FORMATION,60,True
GO_BP,GOBP_DOSAGE_COMPENSATION_BY_INACTIVATION_OF_X_CHROMOSOME,23,True
GO_BP,GOBP_DOUBLE_STRAND_BREAK_REPAIR,318,True
GO_BP,GOBP_DOUBLE_STRAND_BREAK_REPAIR_INVOLVED_IN_MEIOTIC_RECOMBINATION,9,False
GO_BP,GOBP_DOUBLE_STRAND_BREAK_REPAIR_VIA_ALTERNATIVE_NONHOMOLOGOUS_END_JOINING,9,False
GO_BP,GOBP_DOUBLE_STRAND_BREAK_REPAIR_VIA_BREAK_INDUCED_REPLICATION,12,False
GO_BP,GOBP_DOUBLE_STRAND_BREAK_REPAIR_VIA_CLASSICAL_NONHOMOLOGOUS_END_JOINING,10,False
GO_BP,GOBP_DOUBLE_STRAND_BREAK_REPAIR_VIA_NONHOMOLOGOUS_END_JOINING,78,True
GO_BP,GOBP_DOUBLE_STRAND_BREAK_REPAIR_VIA_SINGLE_STRAND_ANNEALING,8,False
GO_BP,GOBP_DOUBLE_STRAND_BREAK_REPAIR_VIA_SYNTHESIS_DEPENDENT_STRAND_ANNEALING,11,False
GO_BP,GOBP_DRINKING_BEHAVIOR,9,False
GO_BP,GOBP_DTMP_CATABOLIC_PROCESS,4,False
GO_BP,GOBP_DTMP_METABOLIC_PROCESS,9,False
GO_BP,GOBP_DTTP_BIOSYNTHETIC_PROCESS,5,False
GO_BP,GOBP_DUCTUS_ARTERIOSUS_CLOSURE,3,False
GO_BP,GOBP_DUMP_CATABOLIC_PROCESS,5,False
GO_BP,GOBP_DUMP_METABOLIC_PROCESS,7,False
GO_BP,GOBP_D_AMINO_ACID_TRANSPORT,5,False
GO_BP,GOBP_D_ASPARTATE_TRANSMEMBRANE_TRANSPORT,5,False
GO_BP,GOBP_D_GLUCOSE_IMPORT,63,True
GO_BP,GOBP_D_GLUCURONATE_CATABOLIC_PROCESS_TO_D_XYLULOSE_5_PHOSPHATE,5,False
GO_BP,GOBP_D_XYLULOSE_5_PHOSPHATE_METABOLIC_PROCESS,6,False
GO_BP,GOBP_EARLY_ENDOSOME_TO_GOLGI_TRANSPORT,18,True
GO_BP,GOBP_EARLY_ENDOSOME_TO_RECYCLING_ENDOSOME_TRANSPORT,8,False
GO_BP,GOBP_EAR_DEVELOPMENT,169,True
GO_BP,GOBP_EAR_MORPHOGENESIS,93,True
GO_BP,GOBP_EATING_BEHAVIOR,25,True
GO_BP,GOBP_ECTODERMAL_CELL_DIFFERENTIATION,9,False
GO_BP,GOBP_ECTODERMAL_PLACODE_DEVELOPMENT,12,False
GO_BP,GOBP_ECTODERM_DEVELOPMENT,20,True
GO_BP,GOBP_ECTOPIC_GERM_CELL_PROGRAMMED_CELL_DEATH,4,False
GO_BP,GOBP_EGG_ACTIVATION,6,False
GO_BP,GOBP_ELASTIC_FIBER_ASSEMBLY,16,True
GO_BP,GOBP_ELASTIN_CATABOLIC_PROCESS,3,False
GO_BP,GOBP_ELASTIN_METABOLIC_PROCESS,5,False
GO_BP,GOBP_ELECTRON_TRANSPORT_CHAIN,116,True
GO_BP,GOBP_EMBRYONIC_APPENDAGE_MORPHOGENESIS,116,True
GO_BP,GOBP_EMBRYONIC_AXIS_SPECIFICATION,28,True
GO_BP,GOBP_EMBRYONIC_BODY_MORPHOGENESIS,8,False
GO_BP,GOBP_EMBRYONIC_BRAIN_DEVELOPMENT,18,True
GO_BP,GOBP_EMBRYONIC_CAMERA_TYPE_EYE_DEVELOPMENT,30,True
GO_BP,GOBP_EMBRYONIC_CAMERA_TYPE_EYE_FORMATION,8,False
GO_BP,GOBP_EMBRYONIC_CAMERA_TYPE_EYE_MORPHOGENESIS,18,True
GO_BP,GOBP_EMBRYONIC_CLEAVAGE,6,False
GO_BP,GOBP_EMBRYONIC_CRANIAL_SKELETON_MORPHOGENESIS,35,True
GO_BP,GOBP_EMBRYONIC_DIGESTIVE_TRACT_DEVELOPMENT,26,True
GO_BP,GOBP_EMBRYONIC_DIGESTIVE_TRACT_MORPHOGENESIS,11,False
GO_BP,GOBP_EMBRYONIC_DIGIT_MORPHOGENESIS,52,True
GO_BP,GOBP_EMBRYONIC_EPITHELIAL_TUBE_FORMATION,115,True
GO_BP,GOBP_EMBRYONIC_EYE_MORPHOGENESIS,27,True
GO_BP,GOBP_EMBRYONIC_FORELIMB_MORPHOGENESIS,30,True
GO_BP,GOBP_EMBRYONIC_HEART_TUBE_DEVELOPMENT,69,True
GO_BP,GOBP_EMBRYONIC_HEART_TUBE_LEFT_RIGHT_PATTERN_FORMATION,4,False
GO_BP,GOBP_EMBRYONIC_HEART_TUBE_MORPHOGENESIS,55,True
GO_BP,GOBP_EMBRYONIC_HEMOPOIESIS,20,True
GO_BP,GOBP_EMBRYONIC_HINDLIMB_MORPHOGENESIS,24,True
GO_BP,GOBP_EMBRYONIC_MORPHOGENESIS,507,False
GO_BP,GOBP_EMBRYONIC_NEUROCRANIUM_MORPHOGENESIS,6,False
GO_BP,GOBP_EMBRYONIC_OLFACTORY_BULB_INTERNEURON_PRECURSOR_MIGRATION,4,False
GO_BP,GOBP_EMBRYONIC_ORGAN_DEVELOPMENT,359,True
GO_BP,GOBP_EMBRYONIC_ORGAN_MORPHOGENESIS,217,True
GO_BP,GOBP_EMBRYONIC_PATTERN_SPECIFICATION,53,True
GO_BP,GOBP_EMBRYONIC_PLACENTA_DEVELOPMENT,73,True
GO_BP,GOBP_EMBRYONIC_PLACENTA_MORPHOGENESIS,23,True
GO_BP,GOBP_EMBRYONIC_PROCESS_INVOLVED_IN_FEMALE_PREGNANCY,8,False
GO_BP,GOBP_EMBRYONIC_RETINA_MORPHOGENESIS_IN_CAMERA_TYPE_EYE,5,False
GO_BP,GOBP_EMBRYONIC_SKELETAL_JOINT_DEVELOPMENT,12,False
GO_BP,GOBP_EMBRYONIC_SKELETAL_JOINT_MORPHOGENESIS,9,False
GO_BP,GOBP_EMBRYONIC_SKELETAL_SYSTEM_DEVELOPMENT,100,True
GO_BP,GOBP_EMBRYONIC_SKELETAL_SYSTEM_MORPHOGENESIS,67,True
GO_BP,GOBP_EMBRYONIC_VISCEROCRANIUM_MORPHOGENESIS,8,False
GO_BP,GOBP_EMBRYO_DEVELOPMENT,988,False
GO_BP,GOBP_EMBRYO_DEVELOPMENT_ENDING_IN_BIRTH_OR_EGG_HATCHING,610,False
GO_BP,GOBP_EMBRYO_IMPLANTATION,53,True
GO_BP,GOBP_ENAMEL_MINERALIZATION,11,False
GO_BP,GOBP_ENDOCANNABINOID_SIGNALING_PATHWAY,4,False
GO_BP,GOBP_ENDOCARDIAL_CELL_DIFFERENTIATION,4,False
GO_BP,GOBP_ENDOCARDIAL_CUSHION_DEVELOPMENT,45,True
GO_BP,GOBP_ENDOCARDIAL_CUSHION_FORMATION,27,True
GO_BP,GOBP_ENDOCARDIAL_CUSHION_FUSION,3,False
GO_BP,GOBP_ENDOCARDIAL_CUSHION_MORPHOGENESIS,36,True
GO_BP,GOBP_ENDOCARDIAL_CUSHION_TO_MESENCHYMAL_TRANSITION,5,False
GO_BP,GOBP_ENDOCARDIUM_DEVELOPMENT,9,False
GO_BP,GOBP_ENDOCARDIUM_MORPHOGENESIS,3,False
GO_BP,GOBP_ENDOCHONDRAL_BONE_MORPHOGENESIS,56,True
GO_BP,GOBP_ENDOCRINE_HORMONE_SECRETION,44,True
GO_BP,GOBP_ENDOCRINE_PANCREAS_DEVELOPMENT,27,True
GO_BP,GOBP_ENDOCRINE_PROCESS,69,True
GO_BP,GOBP_ENDOCRINE_SYSTEM_DEVELOPMENT,85,True
GO_BP,GOBP_ENDOCYTIC_RECYCLING,105,True
GO_BP,GOBP_ENDOCYTOSIS,609,False
GO_BP,GOBP_ENDOCYTOSIS_INVOLVED_IN_VIRAL_ENTRY_INTO_HOST_CELL,11,False
GO_BP,GOBP_ENDODERMAL_CELL_DIFFERENTIATION,41,True
GO_BP,GOBP_ENDODERMAL_CELL_FATE_COMMITMENT,12,False
GO_BP,GOBP_ENDODERMAL_CELL_FATE_SPECIFICATION,5,False
GO_BP,GOBP_ENDODERM_DEVELOPMENT,68,True
GO_BP,GOBP_ENDODERM_FORMATION,49,True
GO_BP,GOBP_ENDOLYSOSOMAL_TOLL_LIKE_RECEPTOR_SIGNALING_PATHWAY,41,True
GO_BP,GOBP_ENDOMEMBRANE_SYSTEM_ORGANIZATION,586,False
GO_BP,GOBP_ENDONUCLEOLYTIC_CLEAVAGE_IN_5_ETS_OF_TRICISTRONIC_RRNA_TRANSCRIPT_SSU_RRNA_5_8S_RRNA_LSU_RRNA,7,False
GO_BP,GOBP_ENDONUCLEOLYTIC_CLEAVAGE_IN_ITS1_TO_SEPARATE_SSU_RRNA_FROM_5_8S_RRNA_AND_LSU_RRNA_FROM_TRICISTRONIC_RRNA_TRANSCRIPT_SSU_RRNA_5_8S_RRNA_LSU_RRNA,10,False
GO_BP,GOBP_ENDONUCLEOLYTIC_CLEAVAGE_OF_TRICISTRONIC_RRNA_TRANSCRIPT_SSU_RRNA_5_8S_RRNA_LSU_RRNA,21,True
GO_BP,GOBP_ENDOPLASMIC_RETICULUM_CALCIUM_ION_HOMEOSTASIS,25,True
GO_BP,GOBP_ENDOPLASMIC_RETICULUM_LOCALIZATION,9,False
GO_BP,GOBP_ENDOPLASMIC_RETICULUM_MEMBRANE_FUSION,5,False
GO_BP,GOBP_ENDOPLASMIC_RETICULUM_MEMBRANE_ORGANIZATION,16,True
GO_BP,GOBP_ENDOPLASMIC_RETICULUM_ORGANIZATION,105,True
GO_BP,GOBP_ENDOPLASMIC_RETICULUM_PLASMA_MEMBRANE_TETHERING,6,False
GO_BP,GOBP_ENDOPLASMIC_RETICULUM_TO_CYTOSOL_TRANSPORT,27,True
GO_BP,GOBP_ENDOPLASMIC_RETICULUM_TO_GOLGI_VESICLE_MEDIATED_TRANSPORT,133,True
GO_BP,GOBP_ENDOPLASMIC_RETICULUM_TUBULAR_NETWORK_FORMATION,6,False
GO_BP,GOBP_ENDOPLASMIC_RETICULUM_TUBULAR_NETWORK_MEMBRANE_ORGANIZATION,8,False
GO_BP,GOBP_ENDOPLASMIC_RETICULUM_TUBULAR_NETWORK_ORGANIZATION,23,True
GO_BP,GOBP_ENDOSOMAL_LUMEN_ACIDIFICATION,13,False
GO_BP,GOBP_ENDOSOMAL_TRANSPORT,313,True
GO_BP,GOBP_ENDOSOMAL_VESICLE_FUSION,17,True
GO_BP,GOBP_ENDOSOME_MEMBRANE_TUBULATION,8,False
GO_BP,GOBP_ENDOSOME_ORGANIZATION,106,True
GO_BP,GOBP_ENDOSOME_TO_LYSOSOME_TRANSPORT,67,True
GO_BP,GOBP_ENDOSOME_TO_LYSOSOME_TRANSPORT_VIA_MULTIVESICULAR_BODY_SORTING_PATHWAY,18,True
GO_BP,GOBP_ENDOSOME_TO_PLASMA_MEMBRANE_PROTEIN_TRANSPORT,18,True
GO_BP,GOBP_ENDOTHELIAL_CELL_ACTIVATION,8,False
GO_BP,GOBP_ENDOTHELIAL_CELL_APOPTOTIC_PROCESS,47,True
GO_BP,GOBP_ENDOTHELIAL_CELL_CHEMOTAXIS,26,True
GO_BP,GOBP_ENDOTHELIAL_CELL_DEVELOPMENT,63,True
GO_BP,GOBP_ENDOTHELIAL_CELL_DIFFERENTIATION,104,True
GO_BP,GOBP_ENDOTHELIAL_CELL_FATE_COMMITMENT,9,False
GO_BP,GOBP_ENDOTHELIAL_CELL_MATRIX_ADHESION,8,False
GO_BP,GOBP_ENDOTHELIAL_CELL_MIGRATION,201,True
GO_BP,GOBP_ENDOTHELIAL_CELL_MORPHOGENESIS,13,False
GO_BP,GOBP_ENDOTHELIAL_CELL_PROLIFERATION,125,True
GO_BP,GOBP_ENDOTHELIN_RECEPTOR_SIGNALING_PATHWAY,11,False
GO_BP,GOBP_ENDOTHELIUM_DEVELOPMENT,130,True
GO_BP,GOBP_ENERGY_HOMEOSTASIS,78,True
GO_BP,GOBP_ENERGY_RESERVE_METABOLIC_PROCESS,86,True
GO_BP,GOBP_ENGULFMENT_OF_APOPTOTIC_CELL,9,False
GO_BP,GOBP_ENSHEATHMENT_OF_NEURONS,125,True
GO_BP,GOBP_ENTERIC_NERVOUS_SYSTEM_DEVELOPMENT,12,False
GO_BP,GOBP_ENTEROENDOCRINE_CELL_DIFFERENTIATION,23,True
GO_BP,GOBP_ENTRAINMENT_OF_CIRCADIAN_CLOCK,25,True
GO_BP,GOBP_ENTRAINMENT_OF_CIRCADIAN_CLOCK_BY_PHOTOPERIOD,21,True
GO_BP,GOBP_ENUCLEATE_ERYTHROCYTE_DEVELOPMENT,8,False
GO_BP,GOBP_ENUCLEATE_ERYTHROCYTE_DIFFERENTIATION,12,False
GO_BP,GOBP_ENUCLEATE_ERYTHROCYTE_MATURATION,6,False
GO_BP,GOBP_ENZYME_DIRECTED_RRNA_PSEUDOURIDINE_SYNTHESIS,6,False
GO_BP,GOBP_ENZYME_LINKED_RECEPTOR_PROTEIN_SIGNALING_PATHWAY,887,False
GO_BP,GOBP_EOSINOPHIL_ACTIVATION,4,False
GO_BP,GOBP_EOSINOPHIL_CHEMOTAXIS,6,False
GO_BP,GOBP_EOSINOPHIL_DIFFERENTIATION,4,False
GO_BP,GOBP_EOSINOPHIL_MEDIATED_IMMUNITY,5,False
GO_BP,GOBP_EOSINOPHIL_MIGRATION,9,False
GO_BP,GOBP_EPHRIN_RECEPTOR_SIGNALING_PATHWAY,46,True
GO_BP,GOBP_EPIBOLY,39,True
GO_BP,GOBP_EPIDERMAL_CELL_DIFFERENTIATION,135,True
GO_BP,GOBP_EPIDERMIS_DEVELOPMENT,240,True
GO_BP,GOBP_EPIDERMIS_MORPHOGENESIS,23,True
GO_BP,GOBP_EPIGENETIC_PROGRAMMING_IN_THE_ZYGOTIC_PRONUCLEI,9,False
GO_BP,GOBP_EPIGENETIC_PROGRAMMING_OF_GENE_EXPRESSION,27,True
GO_BP,GOBP_EPIGENETIC_REGULATION_OF_GENE_EXPRESSION,304,True
GO_BP,GOBP_EPINEPHRINE_METABOLIC_PROCESS,3,False
GO_BP,GOBP_EPINEPHRINE_SECRETION,6,False
GO_BP,GOBP_EPINEPHRINE_TRANSPORT,9,False
GO_BP,GOBP_EPITHELIAL_CELL_APOPTOTIC_PROCESS,45,True
GO_BP,GOBP_EPITHELIAL_CELL_CELL_ADHESION,14,False
GO_BP,GOBP_EPITHELIAL_CELL_DEVELOPMENT,166,True
GO_BP,GOBP_EPITHELIAL_CELL_DIFFERENTIATION,490,True
GO_BP,GOBP_EPITHELIAL_CELL_DIFFERENTIATION_INVOLVED_IN_KIDNEY_DEVELOPMENT,39,True
GO_BP,GOBP_EPITHELIAL_CELL_DIFFERENTIATION_INVOLVED_IN_PROSTATE_GLAND_DEVELOPMENT,8,False
GO_BP,GOBP_EPITHELIAL_CELL_FATE_COMMITMENT,10,False
GO_BP,GOBP_EPITHELIAL_CELL_MATURATION,9,False
GO_BP,GOBP_EPITHELIAL_CELL_MORPHOGENESIS,29,True
GO_BP,GOBP_EPITHELIAL_CELL_PROLIFERATION,334,True
GO_BP,GOBP_EPITHELIAL_CELL_PROLIFERATION_INVOLVED_IN_LUNG_MORPHOGENESIS,12,False
GO_BP,GOBP_EPITHELIAL_CELL_PROLIFERATION_INVOLVED_IN_MAMMARY_GLAND_DUCT_ELONGATION,5,False
GO_BP,GOBP_EPITHELIAL_CELL_PROLIFERATION_INVOLVED_IN_PROSTATE_GLAND_DEVELOPMENT,11,False
GO_BP,GOBP_EPITHELIAL_CELL_PROLIFERATION_INVOLVED_IN_SALIVARY_GLAND_MORPHOGENESIS,2,False
GO_BP,GOBP_EPITHELIAL_CILIUM_MOVEMENT_INVOLVED_IN_DETERMINATION_OF_LEFT_RIGHT_ASYMMETRY,10,False
GO_BP,GOBP_EPITHELIAL_FLUID_TRANSPORT,7,False
GO_BP,GOBP_EPITHELIAL_MESENCHYMAL_CELL_SIGNALING,3,False
GO_BP,GOBP_EPITHELIAL_STRUCTURE_MAINTENANCE,27,True
GO_BP,GOBP_EPITHELIAL_TO_MESENCHYMAL_TRANSITION,152,True
GO_BP,GOBP_EPITHELIAL_TO_MESENCHYMAL_TRANSITION_INVOLVED_IN_ENDOCARDIAL_CUSHION_FORMATION,16,True
GO_BP,GOBP_EPITHELIAL_TUBE_BRANCHING_INVOLVED_IN_LUNG_MORPHOGENESIS,23,True
GO_BP,GOBP_EPITHELIAL_TUBE_MORPHOGENESIS,291,True
GO_BP,GOBP_EPITHELIUM_DEVELOPMENT,918,False
GO_BP,GOBP_EPOXIDE_METABOLIC_PROCESS,3,False
GO_BP,GOBP_EPOXYGENASE_P450_PATHWAY,6,False
GO_BP,GOBP_EQUILIBRIOCEPTION,4,False
GO_BP,GOBP_ERAD_PATHWAY,111,True
GO_BP,GOBP_ERBB2_EGFR_SIGNALING_PATHWAY,7,False
GO_BP,GOBP_ERBB2_ERBB4_SIGNALING_PATHWAY,5,False
GO_BP,GOBP_ERBB2_SIGNALING_PATHWAY,20,True
GO_BP,GOBP_ERBB3_SIGNALING_PATHWAY,10,False
GO_BP,GOBP_ERBB4_ERBB4_SIGNALING_PATHWAY,5,False
GO_BP,GOBP_ERBB4_SIGNALING_PATHWAY,8,False
GO_BP,GOBP_ERBB_SIGNALING_PATHWAY,126,True
GO_BP,GOBP_ERK1_AND_ERK2_CASCADE,244,True
GO_BP,GOBP_ERK5_CASCADE,3,False
GO_BP,GOBP_ERROR_FREE_TRANSLESION_SYNTHESIS,5,False
GO_BP,GOBP_ERROR_PRONE_TRANSLESION_SYNTHESIS,12,False
GO_BP,GOBP_ERYTHROCYTE_DEVELOPMENT,35,True
GO_BP,GOBP_ERYTHROCYTE_HOMEOSTASIS,139,True
GO_BP,GOBP_ERYTHROCYTE_MATURATION,19,True
GO_BP,GOBP_ERYTHROPOIETIN_MEDIATED_SIGNALING_PATHWAY,5,False
GO_BP,GOBP_ER_NUCLEUS_SIGNALING_PATHWAY,56,True
GO_BP,GOBP_ER_OVERLOAD_RESPONSE,11,False
GO_BP,GOBP_ESCRT_COMPLEX_DISASSEMBLY,10,False
GO_BP,GOBP_ESTABLISHMENT_OF_BLOOD_BRAIN_BARRIER,12,False
GO_BP,GOBP_ESTABLISHMENT_OF_BLOOD_RETINAL_BARRIER,4,False
GO_BP,GOBP_ESTABLISHMENT_OF_CELL_POLARITY,146,True
GO_BP,GOBP_ESTABLISHMENT_OF_CENTROSOME_LOCALIZATION,5,False
GO_BP,GOBP_ESTABLISHMENT_OF_ENDOTHELIAL_BARRIER,47,True
GO_BP,GOBP_ESTABLISHMENT_OF_ENDOTHELIAL_INTESTINAL_BARRIER,16,True
GO_BP,GOBP_ESTABLISHMENT_OF_EPITHELIAL_CELL_APICAL_BASAL_POLARITY,15,True
GO_BP,GOBP_ESTABLISHMENT_OF_EPITHELIAL_CELL_POLARITY,27,True
GO_BP,GOBP_ESTABLISHMENT_OF_GOLGI_LOCALIZATION,8,False
GO_BP,GOBP_ESTABLISHMENT_OF_LEFT_RIGHT_ASYMMETRY,6,False
GO_BP,GOBP_ESTABLISHMENT_OF_LOCALIZATION_IN_CELL,1792,False
GO_BP,GOBP_ESTABLISHMENT_OF_LYMPHOCYTE_POLARITY,13,False
GO_BP,GOBP_ESTABLISHMENT_OF_MEIOTIC_SISTER_CHROMATID_COHESION,4,False
GO_BP,GOBP_ESTABLISHMENT_OF_MEIOTIC_SPINDLE_LOCALIZATION,7,False
GO_BP,GOBP_ESTABLISHMENT_OF_MITOCHONDRION_LOCALIZATION,39,True
GO_BP,GOBP_ESTABLISHMENT_OF_MITOCHONDRION_LOCALIZATION_MICROTUBULE_MEDIATED,32,True
GO_BP,GOBP_ESTABLISHMENT_OF_MITOTIC_SISTER_CHROMATID_COHESION,7,False
GO_BP,GOBP_ESTABLISHMENT_OF_MITOTIC_SPINDLE_LOCALIZATION,37,True
GO_BP,GOBP_ESTABLISHMENT_OF_ORGANELLE_LOCALIZATION,371,True
GO_BP,GOBP_ESTABLISHMENT_OF_PIGMENT_GRANULE_LOCALIZATION,24,True
GO_BP,GOBP_ESTABLISHMENT_OF_PLANAR_POLARITY_OF_EMBRYONIC_EPITHELIUM,5,False
GO_BP,GOBP_ESTABLISHMENT_OF_PROTEIN_LOCALIZATION,1603,False
GO_BP,GOBP_ESTABLISHMENT_OF_PROTEIN_LOCALIZATION_TO_CHROMATIN,7,False
GO_BP,GOBP_ESTABLISHMENT_OF_PROTEIN_LOCALIZATION_TO_CHROMOSOME,19,True
GO_BP,GOBP_ESTABLISHMENT_OF_PROTEIN_LOCALIZATION_TO_ENDOPLASMIC_RETICULUM,48,True
GO_BP,GOBP_ESTABLISHMENT_OF_PROTEIN_LOCALIZATION_TO_MEMBRANE,266,True
GO_BP,GOBP_ESTABLISHMENT_OF_PROTEIN_LOCALIZATION_TO_MITOCHONDRIAL_MEMBRANE,34,True
GO_BP,GOBP_ESTABLISHMENT_OF_PROTEIN_LOCALIZATION_TO_MITOCHONDRION,131,True
GO_BP,GOBP_ESTABLISHMENT_OF_PROTEIN_LOCALIZATION_TO_ORGANELLE,454,True
GO_BP,GOBP_ESTABLISHMENT_OF_PROTEIN_LOCALIZATION_TO_PEROXISOME,21,True
GO_BP,GOBP_ESTABLISHMENT_OF_PROTEIN_LOCALIZATION_TO_PLASMA_MEMBRANE,68,True
GO_BP,GOBP_ESTABLISHMENT_OF_PROTEIN_LOCALIZATION_TO_TELOMERE,11,False
GO_BP,GOBP_ESTABLISHMENT_OF_PROTEIN_LOCALIZATION_TO_VACUOLE,64,True
GO_BP,GOBP_ESTABLISHMENT_OF_RNA_LOCALIZATION,162,True
GO_BP,GOBP_ESTABLISHMENT_OF_SERTOLI_CELL_BARRIER,4,False
GO_BP,GOBP_ESTABLISHMENT_OF_SISTER_CHROMATID_COHESION,11,False
GO_BP,GOBP_ESTABLISHMENT_OF_SKIN_BARRIER,21,True
GO_BP,GOBP_ESTABLISHMENT_OF_SPINDLE_ORIENTATION,39,True
GO_BP,GOBP_ESTABLISHMENT_OF_TISSUE_POLARITY,26,True
GO_BP,GOBP_ESTABLISHMENT_OR_MAINTENANCE_OF_BIPOLAR_CELL_POLARITY,47,True
GO_BP,GOBP_ESTABLISHMENT_OR_MAINTENANCE_OF_CELL_POLARITY,209,True
GO_BP,GOBP_ESTABLISHMENT_OR_MAINTENANCE_OF_CELL_POLARITY_REGULATING_CELL_SHAPE,4,False
GO_BP,GOBP_ESTABLISHMENT_OR_MAINTENANCE_OF_CYTOSKELETON_POLARITY,7,False
GO_BP,GOBP_ESTABLISHMENT_OR_MAINTENANCE_OF_MONOPOLAR_CELL_POLARITY,23,True
GO_BP,GOBP_ESTABLISHMENT_OR_MAINTENANCE_OF_TRANSMEMBRANE_ELECTROCHEMICAL_GRADIENT,11,False
GO_BP,GOBP_ESTROGEN_BIOSYNTHETIC_PROCESS,11,False
GO_BP,GOBP_ESTROGEN_METABOLIC_PROCESS,22,True
GO_BP,GOBP_ESTROGEN_RECEPTOR_SIGNALING_PATHWAY,49,True
GO_BP,GOBP_ESTROUS_CYCLE,11,False
GO_BP,GOBP_ETHANOL_METABOLIC_PROCESS,10,False
GO_BP,GOBP_ETHER_BIOSYNTHETIC_PROCESS,12,False
GO_BP,GOBP_ETHER_CATABOLIC_PROCESS,3,False
GO_BP,GOBP_ETHER_LIPID_METABOLIC_PROCESS,21,True
GO_BP,GOBP_EXCITATORY_CHEMICAL_SYNAPTIC_TRANSMISSION,9,False
GO_BP,GOBP_EXCITATORY_SYNAPSE_ASSEMBLY,33,True
GO_BP,GOBP_EXCRETION,19,True
GO_BP,GOBP_EXECUTION_PHASE_OF_APOPTOSIS,65,True
GO_BP,GOBP_EXIT_FROM_MITOSIS,31,True
GO_BP,GOBP_EXOCRINE_PANCREAS_DEVELOPMENT,6,False
GO_BP,GOBP_EXOCRINE_SYSTEM_DEVELOPMENT,38,True
GO_BP,GOBP_EXOCYST_LOCALIZATION,5,False
GO_BP,GOBP_EXOCYTIC_PROCESS,77,True
GO_BP,GOBP_EXOCYTOSIS,296,True
GO_BP,GOBP_EXONUCLEOLYTIC_TRIMMING_TO_GENERATE_MATURE_3_END_OF_5_8S_RRNA_FROM_TRICISTRONIC_RRNA_TRANSCRIPT_SSU_RRNA_5_8S_RRNA_LSU_RRNA,9,False
GO_BP,GOBP_EXPLORATION_BEHAVIOR,32,True
GO_BP,GOBP_EXPORT_ACROSS_PLASMA_MEMBRANE,61,True
GO_BP,GOBP_EXPORT_FROM_CELL,735,False
GO_BP,GOBP_EXTERNAL_ENCAPSULATING_STRUCTURE_ORGANIZATION,299,True
GO_BP,GOBP_EXTRACELLULAR_EXOSOME_ASSEMBLY,7,False
GO_BP,GOBP_EXTRACELLULAR_MATRIX_ASSEMBLY,48,True
GO_BP,GOBP_EXTRACELLULAR_MATRIX_CELL_SIGNALING,5,False
GO_BP,GOBP_EXTRACELLULAR_MATRIX_CONSTITUENT_SECRETION,11,False
GO_BP,GOBP_EXTRACELLULAR_MATRIX_DISASSEMBLY,55,True
GO_BP,GOBP_EXTRACELLULAR_REGULATION_OF_SIGNAL_TRANSDUCTION,12,False
GO_BP,GOBP_EXTRACELLULAR_TRANSPORT,43,True
GO_BP,GOBP_EXTRACELLULAR_VESICLE_BIOGENESIS,24,True
GO_BP,GOBP_EXTRAEMBRYONIC_MEMBRANE_DEVELOPMENT,9,False
GO_BP,GOBP_EXTRAOCULAR_SKELETAL_MUSCLE_DEVELOPMENT,4,False
GO_BP,GOBP_EXTRASYNAPTIC_SIGNALING_VIA_GABA,2,False
GO_BP,GOBP_EXTRATHYMIC_T_CELL_DIFFERENTIATION,2,False
GO_BP,GOBP_EXTRINSIC_APOPTOTIC_SIGNALING_PATHWAY,212,True
GO_BP,GOBP_EXTRINSIC_APOPTOTIC_SIGNALING_PATHWAY_VIA_DEATH_DOMAIN_RECEPTORS,82,True
GO_BP,GOBP_EYELID_DEVELOPMENT_IN_CAMERA_TYPE_EYE,11,False
GO_BP,GOBP_EYE_MORPHOGENESIS,138,True
GO_BP,GOBP_EYE_PHOTORECEPTOR_CELL_DEVELOPMENT,25,True
GO_BP,GOBP_EYE_PHOTORECEPTOR_CELL_DIFFERENTIATION,36,True
GO_BP,GOBP_EYE_PIGMENTATION,4,False
GO_BP,GOBP_FACE_DEVELOPMENT,49,True
GO_BP,GOBP_FACE_MORPHOGENESIS,30,True
GO_BP,GOBP_FACIAL_NERVE_MORPHOGENESIS,10,False
GO_BP,GOBP_FACIAL_NERVE_STRUCTURAL_ORGANIZATION,8,False
GO_BP,GOBP_FACULTATIVE_HETEROCHROMATIN_FORMATION,17,True
GO_BP,GOBP_FARNESYL_DIPHOSPHATE_BIOSYNTHETIC_PROCESS,9,False
GO_BP,GOBP_FARNESYL_DIPHOSPHATE_METABOLIC_PROCESS,12,False
GO_BP,GOBP_FAS_SIGNALING_PATHWAY,10,False
GO_BP,GOBP_FATTY_ACID_ALPHA_OXIDATION,5,False
GO_BP,GOBP_FATTY_ACID_BETA_OXIDATION,70,True
GO_BP,GOBP_FATTY_ACID_BETA_OXIDATION_USING_ACYL_COA_DEHYDROGENASE,12,False
GO_BP,GOBP_FATTY_ACID_BETA_OXIDATION_USING_ACYL_COA_OXIDASE,14,False
GO_BP,GOBP_FATTY_ACID_BIOSYNTHETIC_PROCESS,138,True
GO_BP,GOBP_FATTY_ACID_CATABOLIC_PROCESS,96,True
GO_BP,GOBP_FATTY_ACID_DERIVATIVE_BIOSYNTHETIC_PROCESS,43,True
GO_BP,GOBP_FATTY_ACID_DERIVATIVE_CATABOLIC_PROCESS,14,False
GO_BP,GOBP_FATTY_ACID_DERIVATIVE_METABOLIC_PROCESS,68,True
GO_BP,GOBP_FATTY_ACID_ELONGATION,13,False
GO_BP,GOBP_FATTY_ACID_ELONGATION_SATURATED_FATTY_ACID,7,False
GO_BP,GOBP_FATTY_ACID_HOMEOSTASIS,14,False
GO_BP,GOBP_FATTY_ACID_METABOLIC_PROCESS,344,True
GO_BP,GOBP_FATTY_ACID_OMEGA_OXIDATION,3,False
GO_BP,GOBP_FATTY_ACID_TRANSMEMBRANE_TRANSPORT,17,True
GO_BP,GOBP_FATTY_ACID_TRANSPORT,74,True
GO_BP,GOBP_FATTY_ACYL_COA_BIOSYNTHETIC_PROCESS,30,True
GO_BP,GOBP_FATTY_ACYL_COA_CATABOLIC_PROCESS,6,False
GO_BP,GOBP_FATTY_ACYL_COA_METABOLIC_PROCESS,47,True
GO_BP,GOBP_FAT_CELL_DIFFERENTIATION,222,True
GO_BP,GOBP_FAT_CELL_PROLIFERATION,14,False
GO_BP,GOBP_FAT_PAD_DEVELOPMENT,10,False
GO_BP,GOBP_FAT_SOLUBLE_VITAMIN_BIOSYNTHETIC_PROCESS,9,False
GO_BP,GOBP_FAT_SOLUBLE_VITAMIN_CATABOLIC_PROCESS,6,False
GO_BP,GOBP_FC_EPSILON_RECEPTOR_SIGNALING_PATHWAY,19,True
GO_BP,GOBP_FC_GAMMA_RECEPTOR_SIGNALING_PATHWAY,19,True
GO_BP,GOBP_FC_RECEPTOR_MEDIATED_INHIBITORY_SIGNALING_PATHWAY,2,False
GO_BP,GOBP_FC_RECEPTOR_MEDIATED_STIMULATORY_SIGNALING_PATHWAY,27,True
GO_BP,GOBP_FC_RECEPTOR_SIGNALING_PATHWAY,37,True
GO_BP,GOBP_FEAR_RESPONSE,42,True
GO_BP,GOBP_FEEDING_BEHAVIOR,58,True
GO_BP,GOBP_FEMALE_GAMETE_GENERATION,133,True
GO_BP,GOBP_FEMALE_GENITALIA_DEVELOPMENT,13,False
GO_BP,GOBP_FEMALE_MATING_BEHAVIOR,6,False
GO_BP,GOBP_FEMALE_MEIOSIS_CHROMOSOME_SEGREGATION,5,False
GO_BP,GOBP_FEMALE_MEIOSIS_I,12,False
GO_BP,GOBP_FEMALE_MEIOTIC_NUCLEAR_DIVISION,40,True
GO_BP,GOBP_FEMALE_SEX_DIFFERENTIATION,98,True
GO_BP,GOBP_FERMENTATION,3,False
GO_BP,GOBP_FERROPTOSIS,31,True
GO_BP,GOBP_FERTILIZATION,147,True
GO_BP,GOBP_FEVER_GENERATION,6,False
GO_BP,GOBP_FIBRINOLYSIS,18,True
GO_BP,GOBP_FIBROBLAST_ACTIVATION,14,False
GO_BP,GOBP_FIBROBLAST_APOPTOTIC_PROCESS,18,True
GO_BP,GOBP_FIBROBLAST_GROWTH_FACTOR_PRODUCTION,6,False
GO_BP,GOBP_FIBROBLAST_GROWTH_FACTOR_RECEPTOR_SIGNALING_PATHWAY,67,True
GO_BP,GOBP_FIBROBLAST_MIGRATION,50,True
GO_BP,GOBP_FIBROBLAST_PROLIFERATION,79,True
GO_BP,GOBP_FILOPODIUM_ASSEMBLY,60,True
GO_BP,GOBP_FLAVIN_CONTAINING_COMPOUND_METABOLIC_PROCESS,4,False
GO_BP,GOBP_FLAVONE_METABOLIC_PROCESS,0,False
GO_BP,GOBP_FLAVONOID_METABOLIC_PROCESS,4,False
GO_BP,GOBP_FLOOR_PLATE_DEVELOPMENT,8,False
GO_BP,GOBP_FLUID_TRANSPORT,21,True
GO_BP,GOBP_FOAM_CELL_DIFFERENTIATION,25,True
GO_BP,GOBP_FOCAL_ADHESION_ASSEMBLY,83,True
GO_BP,GOBP_FOLIC_ACID_CONTAINING_COMPOUND_BIOSYNTHETIC_PROCESS,11,False
GO_BP,GOBP_FOLIC_ACID_CONTAINING_COMPOUND_METABOLIC_PROCESS,28,True
GO_BP,GOBP_FOLIC_ACID_METABOLIC_PROCESS,17,True
GO_BP,GOBP_FOLIC_ACID_TRANSPORT,8,False
GO_BP,GOBP_FOLLICLE_STIMULATING_HORMONE_SECRETION,7,False
GO_BP,GOBP_FOREBRAIN_CELL_MIGRATION,59,True
GO_BP,GOBP_FOREBRAIN_DEVELOPMENT,336,True
GO_BP,GOBP_FOREBRAIN_DORSAL_VENTRAL_PATTERN_FORMATION,2,False
GO_BP,GOBP_FOREBRAIN_GENERATION_OF_NEURONS,67,True
GO_BP,GOBP_FOREBRAIN_MORPHOGENESIS,9,False
GO_BP,GOBP_FOREBRAIN_NEUROBLAST_DIVISION,5,False
GO_BP,GOBP_FOREBRAIN_NEURON_DEVELOPMENT,29,True
GO_BP,GOBP_FOREBRAIN_NEURON_FATE_COMMITMENT,3,False
GO_BP,GOBP_FOREBRAIN_RADIAL_GLIAL_CELL_DIFFERENTIATION,6,False
GO_BP,GOBP_FOREBRAIN_REGIONALIZATION,11,False
GO_BP,GOBP_FOREBRAIN_VENTRICULAR_ZONE_PROGENITOR_CELL_DIVISION,5,False
GO_BP,GOBP_FOREGUT_MORPHOGENESIS,8,False
GO_BP,GOBP_FORELIMB_MORPHOGENESIS,34,True
GO_BP,GOBP_FORMATE_METABOLIC_PROCESS,7,False
GO_BP,GOBP_FORMATION_OF_ANATOMICAL_BOUNDARY,3,False
GO_BP,GOBP_FORMATION_OF_CYTOPLASMIC_TRANSLATION_INITIATION_COMPLEX,15,True
GO_BP,GOBP_FORMATION_OF_EXTRACHROMOSOMAL_CIRCULAR_DNA,15,True
GO_BP,GOBP_FORMATION_OF_PRIMARY_GERM_LAYER,110,True
GO_BP,GOBP_FORMATION_OF_QUADRUPLE_SL_U4_U5_U6_SNRNP,0,False
GO_BP,GOBP_FORMATION_OF_TRANSLATION_PREINITIATION_COMPLEX,12,False
GO_BP,GOBP_FREE_UBIQUITIN_CHAIN_POLYMERIZATION,8,False
GO_BP,GOBP_FRUCTOSE_1_6_BISPHOSPHATE_METABOLIC_PROCESS,5,False
GO_BP,GOBP_FRUCTOSE_2_6_BISPHOSPHATE_METABOLIC_PROCESS,4,False
GO_BP,GOBP_FRUCTOSE_6_PHOSPHATE_METABOLIC_PROCESS,12,False
GO_BP,GOBP_FRUCTOSE_METABOLIC_PROCESS,10,False
GO_BP,GOBP_FRUCTOSE_TRANSMEMBRANE_TRANSPORT,7,False
GO_BP,GOBP_FUCOSE_CATABOLIC_PROCESS,6,False
GO_BP,GOBP_FUCOSE_METABOLIC_PROCESS,13,False
GO_BP,GOBP_FUNGIFORM_PAPILLA_DEVELOPMENT,5,False
GO_BP,GOBP_FUNGIFORM_PAPILLA_MORPHOGENESIS,5,False
GO_BP,GOBP_FUSED_ANTRUM_STAGE,5,False
GO_BP,GOBP_G0_TO_G1_TRANSITION,38,True
GO_BP,GOBP_G1_TO_G0_TRANSITION,18,True
GO_BP,GOBP_G1_TO_G0_TRANSITION_INVOLVED_IN_CELL_DIFFERENTIATION,5,False
GO_BP,GOBP_G2_MI_TRANSITION_OF_MEIOTIC_CELL_CYCLE,8,False
GO_BP,GOBP_GABAERGIC_NEURON_DIFFERENTIATION,11,False
GO_BP,GOBP_GALACTOLIPID_METABOLIC_PROCESS,4,False
GO_BP,GOBP_GALACTOSE_CATABOLIC_PROCESS,8,False
GO_BP,GOBP_GALACTOSE_CATABOLIC_PROCESS_VIA_UDP_GALACTOSE_LELOIR_PATHWAY,6,False
GO_BP,GOBP_GALACTOSE_METABOLIC_PROCESS,11,False
GO_BP,GOBP_GALACTOSE_TRANSMEMBRANE_TRANSPORT,3,False
GO_BP,GOBP_GALACTOSYLCERAMIDE_BIOSYNTHETIC_PROCESS,3,False
GO_BP,GOBP_GAMMA_AMINOBUTYRIC_ACID_BIOSYNTHETIC_PROCESS,5,False
GO_BP,GOBP_GAMMA_AMINOBUTYRIC_ACID_IMPORT,4,False
GO_BP,GOBP_GAMMA_AMINOBUTYRIC_ACID_METABOLIC_PROCESS,7,False
GO_BP,GOBP_GAMMA_AMINOBUTYRIC_ACID_RECEPTOR_CLUSTERING,3,False
GO_BP,GOBP_GAMMA_AMINOBUTYRIC_ACID_SECRETION,13,False
GO_BP,GOBP_GAMMA_AMINOBUTYRIC_ACID_SIGNALING_PATHWAY,19,True
GO_BP,GOBP_GAMMA_AMINOBUTYRIC_ACID_TRANSPORT,19,True
GO_BP,GOBP_GAMMA_DELTA_T_CELL_ACTIVATION,17,True
GO_BP,GOBP_GAMMA_DELTA_T_CELL_DIFFERENTIATION,9,False
GO_BP,GOBP_GANGLION_DEVELOPMENT,11,False
GO_BP,GOBP_GANGLIOSIDE_BIOSYNTHETIC_PROCESS,15,True
GO_BP,GOBP_GANGLIOSIDE_CATABOLIC_PROCESS,8,False
GO_BP,GOBP_GANGLIOSIDE_METABOLIC_PROCESS,27,True
GO_BP,GOBP_GAP_JUNCTION_ASSEMBLY,11,False
GO_BP,GOBP_GAP_JUNCTION_MEDIATED_INTERCELLULAR_TRANSPORT,1,False
GO_BP,GOBP_GASTRIC_ACID_SECRETION,7,False
GO_BP,GOBP_GASTRIC_MOTILITY,2,False
GO_BP,GOBP_GASTRO_INTESTINAL_SYSTEM_SMOOTH_MUSCLE_CONTRACTION,8,False
GO_BP,GOBP_GASTRULATION,162,True
GO_BP,GOBP_GASTRULATION_WITH_MOUTH_FORMING_SECOND,20,True
GO_BP,GOBP_GAS_TRANSPORT,6,False
GO_BP,GOBP_GDP_L_FUCOSE_METABOLIC_PROCESS,8,False
GO_BP,GOBP_GDP_MANNOSE_BIOSYNTHETIC_PROCESS,6,False
GO_BP,GOBP_GDP_MANNOSE_METABOLIC_PROCESS,11,False
GO_BP,GOBP_GDP_METABOLIC_PROCESS,10,False
GO_BP,GOBP_GENERAL_ADAPTATION_SYNDROME,4,False
GO_BP,GOBP_GENERAL_ADAPTATION_SYNDROME_BEHAVIORAL_PROCESS,3,False
GO_BP,GOBP_GENERATION_OF_NEURONS,1281,False
GO_BP,GOBP_GENERATION_OF_PRECURSOR_METABOLITES_AND_ENERGY,430,True
GO_BP,GOBP_GENITALIA_DEVELOPMENT,29,True
GO_BP,GOBP_GENITALIA_MORPHOGENESIS,6,False
GO_BP,GOBP_GENOMIC_IMPRINTING,18,True
GO_BP,GOBP_GEPHYRIN_CLUSTERING_INVOLVED_IN_POSTSYNAPTIC_DENSITY_ASSEMBLY,4,False
GO_BP,GOBP_GERANYLGERANYL_DIPHOSPHATE_METABOLIC_PROCESS,9,False
GO_BP,GOBP_GERMINAL_CENTER_B_CELL_DIFFERENTIATION,6,False
GO_BP,GOBP_GERMINAL_CENTER_FORMATION,12,False
GO_BP,GOBP_GERM_CELL_MIGRATION,6,False
GO_BP,GOBP_GERM_CELL_PROLIFERATION,5,False
GO_BP,GOBP_GERM_LINE_STEM_CELL_POPULATION_MAINTENANCE,2,False
GO_BP,GOBP_GLANDULAR_EPITHELIAL_CELL_DIFFERENTIATION,13,False
GO_BP,GOBP_GLAND_DEVELOPMENT,350,True
GO_BP,GOBP_GLAND_MORPHOGENESIS,106,True
GO_BP,GOBP_GLIAL_CELL_ACTIVATION,41,True
GO_BP,GOBP_GLIAL_CELL_APOPTOTIC_PROCESS,15,True
GO_BP,GOBP_GLIAL_CELL_DERIVED_NEUROTROPHIC_FACTOR_RECEPTOR_SIGNALING_PATHWAY,10,False
GO_BP,GOBP_GLIAL_CELL_DEVELOPMENT,107,True
GO_BP,GOBP_GLIAL_CELL_DIFFERENTIATION,201,True
GO_BP,GOBP_GLIAL_CELL_FATE_COMMITMENT,7,False
GO_BP,GOBP_GLIAL_CELL_FATE_SPECIFICATION,2,False
GO_BP,GOBP_GLIAL_CELL_MIGRATION,49,True
GO_BP,GOBP_GLIAL_CELL_PROLIFERATION,40,True
GO_BP,GOBP_GLIOGENESIS,265,True
GO_BP,GOBP_GLOMERULAR_BASEMENT_MEMBRANE_DEVELOPMENT,8,False
GO_BP,GOBP_GLOMERULAR_ENDOTHELIUM_DEVELOPMENT,4,False
GO_BP,GOBP_GLOMERULAR_EPITHELIAL_CELL_DEVELOPMENT,9,False
GO_BP,GOBP_GLOMERULAR_EPITHELIUM_DEVELOPMENT,21,True
GO_BP,GOBP_GLOMERULAR_MESANGIAL_CELL_DEVELOPMENT,4,False
GO_BP,GOBP_GLOMERULAR_MESANGIAL_CELL_PROLIFERATION,9,False
GO_BP,GOBP_GLOMERULAR_MESANGIUM_DEVELOPMENT,14,False
GO_BP,GOBP_GLOMERULUS_DEVELOPMENT,57,True
GO_BP,GOBP_GLOMERULUS_MORPHOGENESIS,8,False
GO_BP,GOBP_GLOMERULUS_VASCULATURE_MORPHOGENESIS,5,False
GO_BP,GOBP_GLUCAN_BIOSYNTHETIC_PROCESS,38,True
GO_BP,GOBP_GLUCAN_METABOLIC_PROCESS,76,True
GO_BP,GOBP_GLUCOCORTICOID_BIOSYNTHETIC_PROCESS,11,False
GO_BP,GOBP_GLUCOCORTICOID_METABOLIC_PROCESS,18,True
GO_BP,GOBP_GLUCOCORTICOID_SECRETION,6,False
GO_BP,GOBP_GLUCOSAMINE_CONTAINING_COMPOUND_CATABOLIC_PROCESS,8,False
GO_BP,GOBP_GLUCOSE_6_PHOSPHATE_METABOLIC_PROCESS,24,True
GO_BP,GOBP_GLUCOSE_CATABOLIC_PROCESS,24,True
GO_BP,GOBP_GLUCOSE_IMPORT_IN_RESPONSE_TO_INSULIN_STIMULUS,4,False
GO_BP,GOBP_GLUCOSE_METABOLIC_PROCESS,172,True
GO_BP,GOBP_GLUCOSYLCERAMIDE_CATABOLIC_PROCESS,5,False
GO_BP,GOBP_GLUCOSYLCERAMIDE_METABOLIC_PROCESS,10,False
GO_BP,GOBP_GLUCURONATE_METABOLIC_PROCESS,6,False
GO_BP,GOBP_GLUTAMATERGIC_NEURON_DIFFERENTIATION,12,False
GO_BP,GOBP_GLUTAMATE_BIOSYNTHETIC_PROCESS,5,False
GO_BP,GOBP_GLUTAMATE_METABOLIC_PROCESS,28,True
GO_BP,GOBP_GLUTAMATE_RECEPTOR_SIGNALING_PATHWAY,47,True
GO_BP,GOBP_GLUTAMATE_REUPTAKE,5,False
GO_BP,GOBP_GLUTAMATE_SECRETION,24,True
GO_BP,GOBP_GLUTAMATE_SECRETION_NEUROTRANSMISSION,6,False
GO_BP,GOBP_GLUTAMINE_FAMILY_AMINO_ACID_BIOSYNTHETIC_PROCESS,17,True
GO_BP,GOBP_GLUTAMINE_FAMILY_AMINO_ACID_METABOLIC_PROCESS,56,True
GO_BP,GOBP_GLUTAMINE_METABOLIC_PROCESS,16,True
GO_BP,GOBP_GLUTAMINE_TRANSPORT,9,False
GO_BP,GOBP_GLUTATHIONE_CATABOLIC_PROCESS,5,False
GO_BP,GOBP_GLUTATHIONE_METABOLIC_PROCESS,49,True
GO_BP,GOBP_GLUTATHIONE_TRANSMEMBRANE_TRANSPORT,9,False
GO_BP,GOBP_GLUTATHIONE_TRANSPORT,12,False
GO_BP,GOBP_GLYCERALDEHYDE_3_PHOSPHATE_METABOLIC_PROCESS,9,False
GO_BP,GOBP_GLYCEROLIPID_BIOSYNTHETIC_PROCESS,218,True
GO_BP,GOBP_GLYCEROLIPID_CATABOLIC_PROCESS,53,True
GO_BP,GOBP_GLYCEROLIPID_METABOLIC_PROCESS,332,True
GO_BP,GOBP_GLYCEROL_3_PHOSPHATE_METABOLIC_PROCESS,7,False
GO_BP,GOBP_GLYCEROL_METABOLIC_PROCESS,14,False
GO_BP,GOBP_GLYCEROL_TRANSMEMBRANE_TRANSPORT,5,False
GO_BP,GOBP_GLYCEROPHOSPHOLIPID_BIOSYNTHETIC_PROCESS,190,True
GO_BP,GOBP_GLYCEROPHOSPHOLIPID_CATABOLIC_PROCESS,29,True
GO_BP,GOBP_GLYCEROPHOSPHOLIPID_METABOLIC_PROCESS,262,True
GO_BP,GOBP_GLYCINE_BIOSYNTHETIC_PROCESS,5,False
GO_BP,GOBP_GLYCINE_IMPORT_ACROSS_PLASMA_MEMBRANE,5,False
GO_BP,GOBP_GLYCINE_METABOLIC_PROCESS,10,False
GO_BP,GOBP_GLYCINE_TRANSPORT,12,False
GO_BP,GOBP_GLYCOLIPID_BIOSYNTHETIC_PROCESS,81,True
GO_BP,GOBP_GLYCOLIPID_CATABOLIC_PROCESS,20,True
GO_BP,GOBP_GLYCOLIPID_TRANSPORT,8,False
GO_BP,GOBP_GLYCOLYTIC_PROCESS_THROUGH_FRUCTOSE_6_PHOSPHATE,23,True
GO_BP,GOBP_GLYCOLYTIC_PROCESS_THROUGH_GLUCOSE_6_PHOSPHATE,20,True
GO_BP,GOBP_GLYCOPHAGY,10,False
GO_BP,GOBP_GLYCOPROTEIN_BIOSYNTHETIC_PROCESS,280,True
GO_BP,GOBP_GLYCOPROTEIN_CATABOLIC_PROCESS,39,True
GO_BP,GOBP_GLYCOPROTEIN_METABOLIC_PROCESS,343,True
GO_BP,GOBP_GLYCOSAMINOGLYCAN_BIOSYNTHETIC_PROCESS,26,True
GO_BP,GOBP_GLYCOSAMINOGLYCAN_CATABOLIC_PROCESS,18,True
GO_BP,GOBP_GLYCOSAMINOGLYCAN_METABOLIC_PROCESS,51,True
GO_BP,GOBP_GLYCOSIDE_CATABOLIC_PROCESS,7,False
GO_BP,GOBP_GLYCOSIDE_METABOLIC_PROCESS,16,True
GO_BP,GOBP_GLYCOSIDE_TRANSPORT,5,False
GO_BP,GOBP_GLYCOSPHINGOLIPID_BIOSYNTHETIC_PROCESS,39,True
GO_BP,GOBP_GLYCOSPHINGOLIPID_METABOLIC_PROCESS,65,True
GO_BP,GOBP_GLYCOSYLCERAMIDE_CATABOLIC_PROCESS,7,False
GO_BP,GOBP_GLYCOSYLCERAMIDE_METABOLIC_PROCESS,15,True
GO_BP,GOBP_GLYCOSYL_COMPOUND_BIOSYNTHETIC_PROCESS,22,True
GO_BP,GOBP_GLYCOSYL_COMPOUND_CATABOLIC_PROCESS,17,True
GO_BP,GOBP_GLYOXYLATE_METABOLIC_PROCESS,7,False
GO_BP,GOBP_GMP_BIOSYNTHETIC_PROCESS,12,False
GO_BP,GOBP_GMP_METABOLIC_PROCESS,25,True
GO_BP,GOBP_GOLGI_DISASSEMBLY,6,False
GO_BP,GOBP_GOLGI_LOCALIZATION,14,False
GO_BP,GOBP_GOLGI_LUMEN_ACIDIFICATION,13,False
GO_BP,GOBP_GOLGI_ORGANIZATION,147,True
GO_BP,GOBP_GOLGI_REASSEMBLY,5,False
GO_BP,GOBP_GOLGI_RIBBON_FORMATION,11,False
GO_BP,GOBP_GOLGI_TO_ENDOSOME_TRANSPORT,21,True
GO_BP,GOBP_GOLGI_TO_LYSOSOME_TRANSPORT,11,False
GO_BP,GOBP_GOLGI_TO_PLASMA_MEMBRANE_PROTEIN_TRANSPORT,44,True
GO_BP,GOBP_GOLGI_TO_PLASMA_MEMBRANE_TRANSPORT,66,True
GO_BP,GOBP_GOLGI_TO_VACUOLE_TRANSPORT,26,True
GO_BP,GOBP_GOLGI_VESICLE_BUDDING,10,False
GO_BP,GOBP_GOLGI_VESICLE_TRANSPORT,316,True
GO_BP,GOBP_GONADAL_MESODERM_DEVELOPMENT,2,False
GO_BP,GOBP_GONADOTROPHIN_RELEASING_HORMONE_NEURONAL_MIGRATION_TO_THE_HYPOTHALAMUS,6,False
GO_BP,GOBP_GONADOTROPIN_SECRETION,14,False
GO_BP,GOBP_GPI_ANCHOR_METABOLIC_PROCESS,30,True
GO_BP,GOBP_GRANULOCYTE_ACTIVATION,30,True
GO_BP,GOBP_GRANULOCYTE_CHEMOTAXIS,71,True
GO_BP,GOBP_GRANULOCYTE_COLONY_STIMULATING_FACTOR_PRODUCTION,3,False
GO_BP,GOBP_GRANULOCYTE_COLONY_STIMULATING_FACTOR_SIGNALING_PATHWAY,3,False
GO_BP,GOBP_GRANULOCYTE_DIFFERENTIATION,30,True
GO_BP,GOBP_GRANULOCYTE_MACROPHAGE_COLONY_STIMULATING_FACTOR_PRODUCTION,5,False
GO_BP,GOBP_GRANULOCYTE_MIGRATION,87,True
GO_BP,GOBP_GRANZYME_MEDIATED_PROGRAMMED_CELL_DEATH_SIGNALING_PATHWAY,6,False
GO_BP,GOBP_GROOMING_BEHAVIOR,10,False
GO_BP,GOBP_GROWTH,810,False
GO_BP,GOBP_GROWTH_HORMONE_RECEPTOR_SIGNALING_PATHWAY_VIA_JAK_STAT,10,False
GO_BP,GOBP_GROWTH_HORMONE_SECRETION,12,False
GO_BP,GOBP_GROWTH_INVOLVED_IN_HEART_MORPHOGENESIS,4,False
GO_BP,GOBP_GROWTH_PLATE_CARTILAGE_CHONDROCYTE_DEVELOPMENT,7,False
GO_BP,GOBP_GROWTH_PLATE_CARTILAGE_CHONDROCYTE_DIFFERENTIATION,9,False
GO_BP,GOBP_GROWTH_PLATE_CARTILAGE_DEVELOPMENT,21,True
GO_BP,GOBP_GTP_BIOSYNTHETIC_PROCESS,10,False
GO_BP,GOBP_GTP_METABOLIC_PROCESS,23,True
GO_BP,GOBP_GUANINE_METABOLIC_PROCESS,4,False
GO_BP,GOBP_GUANINE_NUCLEOTIDE_TRANSPORT,10,False
GO_BP,GOBP_G_PROTEIN_COUPLED_ACETYLCHOLINE_RECEPTOR_SIGNALING_PATHWAY,13,False
GO_BP,GOBP_G_PROTEIN_COUPLED_DOPAMINE_RECEPTOR_SIGNALING_PATHWAY,29,True
GO_BP,GOBP_G_PROTEIN_COUPLED_GLUTAMATE_RECEPTOR_SIGNALING_PATHWAY,7,False
GO_BP,GOBP_G_PROTEIN_COUPLED_OPIOID_RECEPTOR_SIGNALING_PATHWAY,10,False
GO_BP,GOBP_G_PROTEIN_COUPLED_OPSIN_SIGNALING_PATHWAY,6,False
GO_BP,GOBP_G_PROTEIN_COUPLED_PURINERGIC_NUCLEOTIDE_RECEPTOR_SIGNALING_PATHWAY,6,False
GO_BP,GOBP_G_PROTEIN_COUPLED_PURINERGIC_RECEPTOR_SIGNALING_PATHWAY,10,False
GO_BP,GOBP_G_PROTEIN_COUPLED_RECEPTOR_INTERNALIZATION,12,False
GO_BP,GOBP_G_PROTEIN_COUPLED_RECEPTOR_SIGNALING_PATHWAY,574,False
GO_BP,GOBP_G_PROTEIN_COUPLED_RECEPTOR_SIGNALING_PATHWAY_COUPLED_TO_CYCLIC_NUCLEOTIDE_SECOND_MESSENGER,26,True
GO_BP,GOBP_G_PROTEIN_COUPLED_SEROTONIN_RECEPTOR_SIGNALING_PATHWAY,11,False
GO_BP,GOBP_HAIR_CELL_DIFFERENTIATION,39,True
GO_BP,GOBP_HAIR_FOLLICLE_MATURATION,12,False
GO_BP,GOBP_HAIR_FOLLICLE_PLACODE_FORMATION,5,False
GO_BP,GOBP_HARD_PALATE_DEVELOPMENT,7,False
GO_BP,GOBP_HEAD_DEVELOPMENT,673,False
GO_BP,GOBP_HEAD_MORPHOGENESIS,38,True
GO_BP,GOBP_HEART_DEVELOPMENT,521,False
GO_BP,GOBP_HEART_FIELD_SPECIFICATION,15,True
GO_BP,GOBP_HEART_FORMATION,27,True
GO_BP,GOBP_HEART_GROWTH,78,True
GO_BP,GOBP_HEART_MORPHOGENESIS,213,True
GO_BP,GOBP_HEART_PROCESS,198,True
GO_BP,GOBP_HEART_TRABECULA_FORMATION,8,False
GO_BP,GOBP_HEART_TRABECULA_MORPHOGENESIS,25,True
GO_BP,GOBP_HEART_VALVE_DEVELOPMENT,66,True
GO_BP,GOBP_HEART_VALVE_FORMATION,13,False
GO_BP,GOBP_HEART_VALVE_MORPHOGENESIS,53,True
GO_BP,GOBP_HEAT_ACCLIMATION,9,False
GO_BP,GOBP_HEAT_GENERATION,11,False
GO_BP,GOBP_HEMATOPOIETIC_OR_LYMPHOID_ORGAN_DEVELOPMENT,86,True
GO_BP,GOBP_HEMATOPOIETIC_PROGENITOR_CELL_DIFFERENTIATION,103,True
GO_BP,GOBP_HEMATOPOIETIC_STEM_CELL_DIFFERENTIATION,28,True
GO_BP,GOBP_HEMATOPOIETIC_STEM_CELL_HOMEOSTASIS,29,True
GO_BP,GOBP_HEMATOPOIETIC_STEM_CELL_MIGRATION,8,False
GO_BP,GOBP_HEMATOPOIETIC_STEM_CELL_MIGRATION_TO_BONE_MARROW,5,False
GO_BP,GOBP_HEMATOPOIETIC_STEM_CELL_PROLIFERATION,26,True
GO_BP,GOBP_HEME_A_BIOSYNTHETIC_PROCESS,10,False
GO_BP,GOBP_HEME_B_BIOSYNTHETIC_PROCESS,9,False
GO_BP,GOBP_HEME_TRANSPORT,9,False
GO_BP,GOBP_HEMIDESMOSOME_ASSEMBLY,5,False
GO_BP,GOBP_HEMOGLOBIN_BIOSYNTHETIC_PROCESS,13,False
GO_BP,GOBP_HEMOGLOBIN_METABOLIC_PROCESS,17,True
GO_BP,GOBP_HEMOPOIESIS,805,False
GO_BP,GOBP_HEMOSTASIS,188,True
GO_BP,GOBP_HEPARAN_SULFATE_PROTEOGLYCAN_BIOSYNTHETIC_PROCESS,30,True
GO_BP,GOBP_HEPARAN_SULFATE_PROTEOGLYCAN_CATABOLIC_PROCESS,11,False
GO_BP,GOBP_HEPARAN_SULFATE_PROTEOGLYCAN_METABOLIC_PROCESS,41,True
GO_BP,GOBP_HEPARIN_PROTEOGLYCAN_BIOSYNTHETIC_PROCESS,13,False
GO_BP,GOBP_HEPARIN_PROTEOGLYCAN_METABOLIC_PROCESS,19,True
GO_BP,GOBP_HEPATICOBILIARY_SYSTEM_DEVELOPMENT,121,True
GO_BP,GOBP_HEPATIC_STELLATE_CELL_ACTIVATION,8,False
GO_BP,GOBP_HEPATOCYTE_APOPTOTIC_PROCESS,16,True
GO_BP,GOBP_HEPATOCYTE_DIFFERENTIATION,10,False
GO_BP,GOBP_HEPATOCYTE_GROWTH_FACTOR_RECEPTOR_SIGNALING_PATHWAY,16,True
GO_BP,GOBP_HEPOXILIN_BIOSYNTHETIC_PROCESS,3,False
GO_BP,GOBP_HETEROCHROMATIN_ORGANIZATION,197,True
GO_BP,GOBP_HETEROPHILIC_CELL_CELL_ADHESION,33,True
GO_BP,GOBP_HETEROTYPIC_CELL_CELL_ADHESION,39,True
GO_BP,GOBP_HEXOSE_PHOSPHATE_TRANSPORT,6,False
GO_BP,GOBP_HIGH_DENSITY_LIPOPROTEIN_PARTICLE_ASSEMBLY,10,False
GO_BP,GOBP_HIGH_DENSITY_LIPOPROTEIN_PARTICLE_CLEARANCE,7,False
GO_BP,GOBP_HIGH_DENSITY_LIPOPROTEIN_PARTICLE_REMODELING,11,False
GO_BP,GOBP_HINDBRAIN_DEVELOPMENT,127,True
GO_BP,GOBP_HINDBRAIN_MATURATION,4,False
GO_BP,GOBP_HINDBRAIN_MORPHOGENESIS,41,True
GO_BP,GOBP_HINDBRAIN_RADIAL_GLIA_GUIDED_CELL_MIGRATION,7,False
GO_BP,GOBP_HINDBRAIN_TANGENTIAL_CELL_MIGRATION,4,False
GO_BP,GOBP_HINDGUT_DEVELOPMENT,6,False
GO_BP,GOBP_HINDLIMB_MORPHOGENESIS,29,True
GO_BP,GOBP_HIPPOCAMPAL_NEURON_APOPTOTIC_PROCESS,3,False
GO_BP,GOBP_HIPPOCAMPUS_DEVELOPMENT,84,True
GO_BP,GOBP_HIPPO_SIGNALING,61,True
GO_BP,GOBP_HISTAMINE_METABOLIC_PROCESS,3,False
GO_BP,GOBP_HISTAMINE_SECRETION,11,False
GO_BP,GOBP_HISTAMINE_TRANSPORT,13,False
GO_BP,GOBP_HISTONE_MRNA_CATABOLIC_PROCESS,26,True
GO_BP,GOBP_HISTONE_MRNA_METABOLIC_PROCESS,32,True
GO_BP,GOBP_HIS_PURKINJE_SYSTEM_DEVELOPMENT,5,False
GO_BP,GOBP_HOMEOSTASIS_OF_NUMBER_OF_CELLS,328,True
GO_BP,GOBP_HOMEOSTASIS_OF_NUMBER_OF_CELLS_WITHIN_A_TISSUE,35,True
GO_BP,GOBP_HOMEOSTATIC_PROCESS,1465,False
GO_BP,GOBP_HOMOCYSTEINE_METABOLIC_PROCESS,12,False
GO_BP,GOBP_HOMOLOGOUS_CHROMOSOME_PAIRING_AT_MEIOSIS,46,True
GO_BP,GOBP_HOMOLOGOUS_CHROMOSOME_SEGREGATION,59,True
GO_BP,GOBP_HOMOLOGOUS_RECOMBINATION,62,True
GO_BP,GOBP_HOMOPHILIC_CELL_CELL_ADHESION,116,True
GO_BP,GOBP_HOMOTYPIC_CELL_CELL_ADHESION,78,True
GO_BP,GOBP_HORMONE_BIOSYNTHETIC_PROCESS,47,True
GO_BP,GOBP_HORMONE_CATABOLIC_PROCESS,11,False
GO_BP,GOBP_HORMONE_MEDIATED_APOPTOTIC_SIGNALING_PATHWAY,0,False
GO_BP,GOBP_HORMONE_MEDIATED_SIGNALING_PATHWAY,192,True
GO_BP,GOBP_HORMONE_METABOLIC_PROCESS,168,True
GO_BP,GOBP_HORMONE_TRANSPORT,245,True
GO_BP,GOBP_HOST_MEDIATED_ACTIVATION_OF_VIRAL_PROCESS,39,True
GO_BP,GOBP_HOST_MEDIATED_ACTIVATION_OF_VIRAL_TRANSCRIPTION,19,True
GO_BP,GOBP_HOST_MEDIATED_MODULATION_OF_INTESTINAL_MICROBIOTA_COMPOSITION,7,False
GO_BP,GOBP_HOST_MEDIATED_PERTURBATION_OF_VIRAL_GENOME_REPLICATION,11,False
GO_BP,GOBP_HOST_MEDIATED_PERTURBATION_OF_VIRAL_PROCESS,68,True
GO_BP,GOBP_HOST_MEDIATED_PERTURBATION_OF_VIRAL_RNA_GENOME_REPLICATION,6,False
GO_BP,GOBP_HOST_MEDIATED_PERTURBATION_OF_VIRAL_TRANSCRIPTION,28,True
GO_BP,GOBP_HOST_MEDIATED_SUPPRESSION_OF_SYMBIONT_INVASION,21,True
GO_BP,GOBP_HOST_MEDIATED_SUPPRESSION_OF_VIRAL_GENOME_REPLICATION,8,False
GO_BP,GOBP_HOST_MEDIATED_SUPPRESSION_OF_VIRAL_PROCES,12,False
GO_BP,GOBP_HOST_MEDIATED_SUPPRESSION_OF_VIRAL_TRANSCRIPTION,11,False
GO_BP,GOBP_HRI_MEDIATED_SIGNALING,9,False
GO_BP,GOBP_HUMORAL_IMMUNE_RESPONSE,121,True
GO_BP,GOBP_HUMORAL_IMMUNE_RESPONSE_MEDIATED_BY_CIRCULATING_IMMUNOGLOBULIN,23,True
GO_BP,GOBP_HYALOID_VASCULAR_PLEXUS_REGRESSION,1,False
GO_BP,GOBP_HYALURONAN_BIOSYNTHETIC_PROCESS,9,False
GO_BP,GOBP_HYALURONAN_CATABOLIC_PROCESS,13,False
GO_BP,GOBP_HYALURONAN_METABOLIC_PROCESS,26,True
GO_BP,GOBP_HYDROCARBON_METABOLIC_PROCESS,4,False
GO_BP,GOBP_HYDROGEN_PEROXIDE_BIOSYNTHETIC_PROCESS,15,True
GO_BP,GOBP_HYDROGEN_PEROXIDE_CATABOLIC_PROCESS,16,True
GO_BP,GOBP_HYDROGEN_PEROXIDE_METABOLIC_PROCESS,36,True
GO_BP,GOBP_HYDROGEN_SULFIDE_METABOLIC_PROCESS,5,False
GO_BP,GOBP_HYPEROSMOTIC_RESPONSE,26,True
GO_BP,GOBP_HYPEROSMOTIC_SALINITY_RESPONSE,7,False
GO_BP,GOBP_HYPERSENSITIVITY,8,False
GO_BP,GOBP_HYPOTHALAMUS_CELL_DIFFERENTIATION,8,False
GO_BP,GOBP_HYPOTHALAMUS_CELL_MIGRATION,7,False
GO_BP,GOBP_HYPOTHALAMUS_DEVELOPMENT,18,True
GO_BP,GOBP_HYPOTHALAMUS_GONADOTROPHIN_RELEASING_HORMONE_NEURON_DIFFERENTIATION,7,False
GO_BP,GOBP_HYPOTONIC_RESPONSE,11,False
GO_BP,GOBP_HYPOXIA_INDUCIBLE_FACTOR_1ALPHA_SIGNALING_PATHWAY,6,False
GO_BP,GOBP_ICOSANOID_BIOSYNTHETIC_PROCESS,43,True
GO_BP,GOBP_ICOSANOID_CATABOLIC_PROCESS,4,False
GO_BP,GOBP_ICOSANOID_METABOLIC_PROCESS,81,True
GO_BP,GOBP_ICOSANOID_SECRETION,24,True
GO_BP,GOBP_ICOSANOID_TRANSPORT,34,True
GO_BP,GOBP_IMIDAZOLE_CONTAINING_COMPOUND_METABOLIC_PROCESS,8,False
GO_BP,GOBP_IMMATURE_B_CELL_DIFFERENTIATION,14,False
GO_BP,GOBP_IMMATURE_T_CELL_PROLIFERATION,10,False
GO_BP,GOBP_IMMATURE_T_CELL_PROLIFERATION_IN_THYMUS,7,False
GO_BP,GOBP_IMMUNE_COMPLEX_CLEARANCE,1,False
GO_BP,GOBP_IMMUNE_EFFECTOR_PROCESS,497,True
GO_BP,GOBP_IMMUNE_RESPONSE_INHIBITING_SIGNAL_TRANSDUCTION,10,False
GO_BP,GOBP_IMMUNE_RESPONSE_IN_GUT_ASSOCIATED_LYMPHOID_TISSUE,6,False
GO_BP,GOBP_IMMUNE_RESPONSE_REGULATING_CELL_SURFACE_RECEPTOR_SIGNALING_PATHWAY,269,True
GO_BP,GOBP_IMMUNE_RESPONSE_REGULATING_CELL_SURFACE_RECEPTOR_SIGNALING_PATHWAY_INVOLVED_IN_PHAGOCYTOSIS,19,True
GO_BP,GOBP_IMMUNE_RESPONSE_REGULATING_SIGNALING_PATHWAY,451,True
GO_BP,GOBP_IMMUNE_RESPONSE_TO_TUMOR_CELL,36,True
GO_BP,GOBP_IMMUNE_SYSTEM_DEVELOPMENT,181,True
GO_BP,GOBP_IMMUNOGLOBULIN_PRODUCTION,90,True
GO_BP,GOBP_IMMUNOGLOBULIN_PRODUCTION_INVOLVED_IN_IMMUNOGLOBULIN_MEDIATED_IMMUNE_RESPONSE,50,True
GO_BP,GOBP_IMMUNOGLOBULIN_V_D_J_RECOMBINATION,8,False
GO_BP,GOBP_IMMUNOLOGICAL_MEMORY_FORMATION_PROCESS,11,False
GO_BP,GOBP_IMMUNOLOGICAL_MEMORY_PROCESS,17,True
GO_BP,GOBP_IMMUNOLOGICAL_SYNAPSE_FORMATION,13,False
GO_BP,GOBP_IMPORT_ACROSS_PLASMA_MEMBRANE,158,True
GO_BP,GOBP_IMPORT_INTO_CELL,776,False
GO_BP,GOBP_IMPORT_INTO_NUCLEUS,172,True
GO_BP,GOBP_IMPORT_INTO_THE_MITOCHONDRION,6,False
GO_BP,GOBP_IMP_BIOSYNTHETIC_PROCESS,11,False
GO_BP,GOBP_IMP_CATABOLIC_PROCESS,4,False
GO_BP,GOBP_IMP_METABOLIC_PROCESS,17,True
GO_BP,GOBP_IMP_SALVAGE,4,False
GO_BP,GOBP_INCLUSION_BODY_ASSEMBLY,33,True
GO_BP,GOBP_INDOLE_CONTAINING_COMPOUND_BIOSYNTHETIC_PROCESS,2,False
GO_BP,GOBP_INDOLE_CONTAINING_COMPOUND_CATABOLIC_PROCESS,8,False
GO_BP,GOBP_INDOLE_CONTAINING_COMPOUND_METABOLIC_PROCESS,24,True
GO_BP,GOBP_INDUCTION_OF_BACTERIAL_AGGLUTINATION,1,False
GO_BP,GOBP_INDUCTION_OF_POSITIVE_CHEMOTAXIS,14,False
GO_BP,GOBP_INFLAMMASOME_MEDIATED_SIGNALING_PATHWAY,57,True
GO_BP,GOBP_INFLAMMATORY_CELL_APOPTOTIC_PROCESS,19,True
GO_BP,GOBP_INFLAMMATORY_RESPONSE,676,False
GO_BP,GOBP_INFLAMMATORY_RESPONSE_TO_ANTIGENIC_STIMULUS,53,True
GO_BP,GOBP_INFLAMMATORY_RESPONSE_TO_WOUNDING,24,True
GO_BP,GOBP_INHIBITORY_POSTSYNAPTIC_POTENTIAL,16,True
GO_BP,GOBP_INHIBITORY_SYNAPSE_ASSEMBLY,19,True
GO_BP,GOBP_INNATE_IMMUNE_RESPONSE_ACTIVATING_CELL_SURFACE_RECEPTOR_SIGNALING_PATHWAY,73,True
GO_BP,GOBP_INNATE_IMMUNE_RESPONSE_IN_MUCOSA,15,True
GO_BP,GOBP_INNERVATION,20,True
GO_BP,GOBP_INNER_CELL_MASS_CELL_DIFFERENTIATION,6,False
GO_BP,GOBP_INNER_CELL_MASS_CELL_PROLIFERATION,15,True
GO_BP,GOBP_INNER_DYNEIN_ARM_ASSEMBLY,11,False
GO_BP,GOBP_INNER_EAR_AUDITORY_RECEPTOR_CELL_DIFFERENTIATION,33,True
GO_BP,GOBP_INNER_EAR_MORPHOGENESIS,74,True
GO_BP,GOBP_INNER_EAR_RECEPTOR_CELL_DEVELOPMENT,39,True
GO_BP,GOBP_INNER_EAR_RECEPTOR_CELL_FATE_COMMITMENT,3,False
GO_BP,GOBP_INNER_EAR_RECEPTOR_CELL_STEREOCILIUM_ORGANIZATION,30,True
GO_BP,GOBP_INNER_MITOCHONDRIAL_MEMBRANE_ORGANIZATION,45,True
GO_BP,GOBP_INORGANIC_ANION_TRANSPORT,113,True
GO_BP,GOBP_INORGANIC_ION_HOMEOSTASIS,414,True
GO_BP,GOBP_INORGANIC_ION_IMPORT_ACROSS_PLASMA_MEMBRANE,89,True
GO_BP,GOBP_INOSINE_METABOLIC_PROCESS,3,False
GO_BP,GOBP_INOSITOL_METABOLIC_PROCESS,8,False
GO_BP,GOBP_INOSITOL_PHOSPHATE_BIOSYNTHETIC_PROCESS,19,True
GO_BP,GOBP_INOSITOL_PHOSPHATE_METABOLIC_PROCESS,35,True
GO_BP,GOBP_INOSITOL_TRISPHOSPHATE_BIOSYNTHETIC_PROCESS,7,False
GO_BP,GOBP_INOSITOL_TRISPHOSPHATE_METABOLIC_PROCESS,12,False
GO_BP,GOBP_INSEMINATION,4,False
GO_BP,GOBP_INSULIN_CATABOLIC_PROCESS,2,False
GO_BP,GOBP_INSULIN_LIKE_GROWTH_FACTOR_RECEPTOR_SIGNALING_PATHWAY,46,True
GO_BP,GOBP_INSULIN_METABOLIC_PROCESS,15,True
GO_BP,GOBP_INSULIN_PROCESSING,7,False
GO_BP,GOBP_INSULIN_RECEPTOR_SIGNALING_PATHWAY,121,True
GO_BP,GOBP_INSULIN_SECRETION,156,True
GO_BP,GOBP_INSULIN_SECRETION_INVOLVED_IN_CELLULAR_RESPONSE_TO_GLUCOSE_STIMULUS,60,True
GO_BP,GOBP_INTEGRATED_STRESS_RESPONSE_SIGNALING,51,True
GO_BP,GOBP_INTEGRIN_ACTIVATION,19,True
GO_BP,GOBP_INTEGRIN_BIOSYNTHETIC_PROCESS,4,False
GO_BP,GOBP_INTEGRIN_MEDIATED_SIGNALING_PATHWAY,103,True
GO_BP,GOBP_INTERCELLULAR_TRANSPORT,5,False
GO_BP,GOBP_INTERFERON_ALPHA_PRODUCTION,30,True
GO_BP,GOBP_INTERFERON_BETA_PRODUCTION,60,True
GO_BP,GOBP_INTERFERON_MEDIATED_SIGNALING_PATHWAY,88,True
GO_BP,GOBP_INTERLEUKIN_10_MEDIATED_SIGNALING_PATHWAY,5,False
GO_BP,GOBP_INTERLEUKIN_10_PRODUCTION,49,True
GO_BP,GOBP_INTERLEUKIN_11_MEDIATED_SIGNALING_PATHWAY,6,False
GO_BP,GOBP_INTERLEUKIN_12_MEDIATED_SIGNALING_PATHWAY,7,False
GO_BP,GOBP_INTERLEUKIN_12_PRODUCTION,52,True
GO_BP,GOBP_INTERLEUKIN_13_MEDIATED_SIGNALING_PATHWAY,3,False
GO_BP,GOBP_INTERLEUKIN_13_PRODUCTION,21,True
GO_BP,GOBP_INTERLEUKIN_17A_MEDIATED_SIGNALING_PATHWAY,5,False
GO_BP,GOBP_INTERLEUKIN_17_MEDIATED_SIGNALING_PATHWAY,13,False
GO_BP,GOBP_INTERLEUKIN_17_PRODUCTION,26,True
GO_BP,GOBP_INTERLEUKIN_18_MEDIATED_SIGNALING_PATHWAY,6,False
GO_BP,GOBP_INTERLEUKIN_18_PRODUCTION,10,False
GO_BP,GOBP_INTERLEUKIN_1_ALPHA_PRODUCTION,7,False
GO_BP,GOBP_INTERLEUKIN_1_MEDIATED_SIGNALING_PATHWAY,26,True
GO_BP,GOBP_INTERLEUKIN_1_PRODUCTION,84,True
GO_BP,GOBP_INTERLEUKIN_21_PRODUCTION,2,False
GO_BP,GOBP_INTERLEUKIN_23_MEDIATED_SIGNALING_PATHWAY,6,False
GO_BP,GOBP_INTERLEUKIN_23_PRODUCTION,7,False
GO_BP,GOBP_INTERLEUKIN_27_MEDIATED_SIGNALING_PATHWAY,8,False
GO_BP,GOBP_INTERLEUKIN_2_MEDIATED_SIGNALING_PATHWAY,7,False
GO_BP,GOBP_INTERLEUKIN_2_PRODUCTION,57,True
GO_BP,GOBP_INTERLEUKIN_33_MEDIATED_SIGNALING_PATHWAY,8,False
GO_BP,GOBP_INTERLEUKIN_3_MEDIATED_SIGNALING_PATHWAY,2,False
GO_BP,GOBP_INTERLEUKIN_4_MEDIATED_SIGNALING_PATHWAY,9,False
GO_BP,GOBP_INTERLEUKIN_4_PRODUCTION,25,True
GO_BP,GOBP_INTERLEUKIN_5_MEDIATED_SIGNALING_PATHWAY,5,False
GO_BP,GOBP_INTERLEUKIN_5_PRODUCTION,16,True
GO_BP,GOBP_INTERLEUKIN_6_MEDIATED_SIGNALING_PATHWAY,16,True
GO_BP,GOBP_INTERLEUKIN_6_PRODUCTION,125,True
GO_BP,GOBP_INTERLEUKIN_7_MEDIATED_SIGNALING_PATHWAY,7,False
GO_BP,GOBP_INTERLEUKIN_8_PRODUCTION,67,True
GO_BP,GOBP_INTERMEDIATE_FILAMENT_BASED_PROCESS,41,True
GO_BP,GOBP_INTERMEDIATE_FILAMENT_BUNDLE_ASSEMBLY,4,False
GO_BP,GOBP_INTERMEDIATE_FILAMENT_ORGANIZATION,20,True
GO_BP,GOBP_INTERMEMBRANE_LIPID_TRANSFER,40,True
GO_BP,GOBP_INTERNAL_PROTEIN_AMINO_ACID_ACETYLATION,12,False
GO_BP,GOBP_INTERNEURON_MIGRATION,3,False
GO_BP,GOBP_INTERNEURON_MIGRATION_FROM_THE_SUBPALLIUM_TO_THE_CORTEX,4,False
GO_BP,GOBP_INTERSTRAND_CROSS_LINK_REPAIR,43,True
GO_BP,GOBP_INTESTINAL_ABSORPTION,25,True
GO_BP,GOBP_INTESTINAL_CHOLESTEROL_ABSORPTION,9,False
GO_BP,GOBP_INTESTINAL_EPITHELIAL_CELL_DEVELOPMENT,10,False
GO_BP,GOBP_INTESTINAL_EPITHELIAL_CELL_DIFFERENTIATION,14,False
GO_BP,GOBP_INTESTINAL_EPITHELIAL_STRUCTURE_MAINTENANCE,5,False
GO_BP,GOBP_INTESTINAL_HEXOSE_ABSORPTION,3,False
GO_BP,GOBP_INTESTINAL_LIPID_ABSORPTION,11,False
GO_BP,GOBP_INTESTINAL_STEM_CELL_HOMEOSTASIS,5,False
GO_BP,GOBP_INTESTINE_SMOOTH_MUSCLE_CONTRACTION,6,False
GO_BP,GOBP_INTRACELLULAR_AMINO_ACID_HOMEOSTASIS,6,False
GO_BP,GOBP_INTRACELLULAR_COPPER_ION_HOMEOSTASIS,17,True
GO_BP,GOBP_INTRACELLULAR_DISTRIBUTION_OF_MITOCHONDRIA,8,False
GO_BP,GOBP_INTRACELLULAR_GLUCOSE_HOMEOSTASIS,133,True
GO_BP,GOBP_INTRACELLULAR_GLUTAMATE_HOMEOSTASIS,4,False
GO_BP,GOBP_INTRACELLULAR_IRON_ION_HOMEOSTASIS,68,True
GO_BP,GOBP_INTRACELLULAR_LIPID_TRANSPORT,49,True
GO_BP,GOBP_INTRACELLULAR_MAGNESIUM_ION_HOMEOSTASIS,3,False
GO_BP,GOBP_INTRACELLULAR_MANGANESE_ION_HOMEOSTASIS,5,False
GO_BP,GOBP_INTRACELLULAR_MONOATOMIC_ANION_HOMEOSTASIS,7,False
GO_BP,GOBP_INTRACELLULAR_MRNA_LOCALIZATION,20,True
GO_BP,GOBP_INTRACELLULAR_NITROGEN_HOMEOSTASIS,5,False
GO_BP,GOBP_INTRACELLULAR_OXYGEN_HOMEOSTASIS,8,False
GO_BP,GOBP_INTRACELLULAR_PHOSPHATE_ION_HOMEOSTASIS,5,False
GO_BP,GOBP_INTRACELLULAR_PH_ELEVATION,4,False
GO_BP,GOBP_INTRACELLULAR_PH_REDUCTION,49,True
GO_BP,GOBP_INTRACELLULAR_POTASSIUM_ION_HOMEOSTASIS,17,True
GO_BP,GOBP_INTRACELLULAR_PROTEIN_TRANSMEMBRANE_TRANSPORT,35,True
GO_BP,GOBP_INTRACELLULAR_PROTEIN_TRANSPORT,655,False
GO_BP,GOBP_INTRACELLULAR_RECEPTOR_SIGNALING_PATHWAY,378,True
GO_BP,GOBP_INTRACELLULAR_SODIUM_ION_HOMEOSTASIS,17,True
GO_BP,GOBP_INTRACELLULAR_SPHINGOLIPID_HOMEOSTASIS,5,False
GO_BP,GOBP_INTRACELLULAR_STEROL_TRANSPORT,36,True
GO_BP,GOBP_INTRACELLULAR_TRANSPORT,1405,False
GO_BP,GOBP_INTRACELLULAR_TRIGLYCERIDE_HOMEOSTASIS,9,False
GO_BP,GOBP_INTRACELLULAR_WATER_HOMEOSTASIS,3,False
GO_BP,GOBP_INTRACELLULAR_ZINC_ION_HOMEOSTASIS,26,True
GO_BP,GOBP_INTRACILIARY_ANTEROGRADE_TRANSPORT,16,True
GO_BP,GOBP_INTRACILIARY_RETROGRADE_TRANSPORT,18,True
GO_BP,GOBP_INTRACILIARY_TRANSPORT,49,True
GO_BP,GOBP_INTRACILIARY_TRANSPORT_INVOLVED_IN_CILIUM_ASSEMBLY,6,False
GO_BP,GOBP_INTRA_GOLGI_VESICLE_MEDIATED_TRANSPORT,33,True
GO_BP,GOBP_INTRINSIC_APOPTOTIC_SIGNALING_PATHWAY,322,True
GO_BP,GOBP_INTRINSIC_APOPTOTIC_SIGNALING_PATHWAY_BY_P53_CLASS_MEDIATOR,93,True
GO_BP,GOBP_INTRINSIC_APOPTOTIC_SIGNALING_PATHWAY_IN_RESPONSE_TO_DNA_DAMAGE,123,True
GO_BP,GOBP_INTRINSIC_APOPTOTIC_SIGNALING_PATHWAY_IN_RESPONSE_TO_DNA_DAMAGE_BY_P53_CLASS_MEDIATOR,56,True
GO_BP,GOBP_INTRINSIC_APOPTOTIC_SIGNALING_PATHWAY_IN_RESPONSE_TO_ENDOPLASMIC_RETICULUM_STRESS,67,True
GO_BP,GOBP_INTRINSIC_APOPTOTIC_SIGNALING_PATHWAY_IN_RESPONSE_TO_HYDROGEN_PEROXIDE,8,False
GO_BP,GOBP_INTRINSIC_APOPTOTIC_SIGNALING_PATHWAY_IN_RESPONSE_TO_HYPOXIA,10,False
GO_BP,GOBP_INTRINSIC_APOPTOTIC_SIGNALING_PATHWAY_IN_RESPONSE_TO_OSMOTIC_STRESS,9,False
GO_BP,GOBP_INTRINSIC_APOPTOTIC_SIGNALING_PATHWAY_IN_RESPONSE_TO_OXIDATIVE_STRESS,58,True
GO_BP,GOBP_IN_UTERO_EMBRYONIC_DEVELOPMENT,383,True
GO_BP,GOBP_IODIDE_TRANSPORT,5,False
GO_BP,GOBP_IP_10_PRODUCTION,3,False
GO_BP,GOBP_IRE1_MEDIATED_UNFOLDED_PROTEIN_RESPONSE,23,True
GO_BP,GOBP_IRES_DEPENDENT_VIRAL_TRANSLATIONAL_INITIATION,10,False
GO_BP,GOBP_IRIS_MORPHOGENESIS,7,False
GO_BP,GOBP_IRON_COORDINATION_ENTITY_TRANSPORT,10,False
GO_BP,GOBP_IRON_IMPORT_INTO_CELL,8,False
GO_BP,GOBP_IRON_ION_IMPORT_ACROSS_PLASMA_MEMBRANE,3,False
GO_BP,GOBP_IRON_ION_TRANSMEMBRANE_TRANSPORT,20,True
GO_BP,GOBP_IRON_ION_TRANSPORT,48,True
GO_BP,GOBP_ISG15_PROTEIN_CONJUGATION,6,False
GO_BP,GOBP_ISOCITRATE_METABOLIC_PROCESS,5,False
GO_BP,GOBP_ISOLEUCINE_METABOLIC_PROCESS,5,False
GO_BP,GOBP_ISOLEUCINE_TRANSPORT,6,False
GO_BP,GOBP_ISOPENTENYL_DIPHOSPHATE_BIOSYNTHETIC_PROCESS,6,False
GO_BP,GOBP_ISOPENTENYL_DIPHOSPHATE_BIOSYNTHETIC_PROCESS_MEVALONATE_PATHWAY,5,False
GO_BP,GOBP_ISOPRENOID_BIOSYNTHETIC_PROCESS,26,True
GO_BP,GOBP_ISOPRENOID_CATABOLIC_PROCESS,7,False
GO_BP,GOBP_ISOPRENOID_METABOLIC_PROCESS,89,True
GO_BP,GOBP_ISOTYPE_SWITCHING_TO_IGA_ISOTYPES,7,False
GO_BP,GOBP_ISOTYPE_SWITCHING_TO_IGG_ISOTYPES,11,False
GO_BP,GOBP_JNK_CASCADE,178,True
GO_BP,GOBP_KERATAN_SULFATE_PROTEOGLYCAN_METABOLIC_PROCESS,17,True
GO_BP,GOBP_KERATINIZATION,14,False
GO_BP,GOBP_KERATINOCYTE_APOPTOTIC_PROCESS,4,False
GO_BP,GOBP_KERATINOCYTE_DEVELOPMENT,9,False
GO_BP,GOBP_KERATINOCYTE_DIFFERENTIATION,83,True
GO_BP,GOBP_KERATINOCYTE_MIGRATION,15,True
GO_BP,GOBP_KERATINOCYTE_PROLIFERATION,42,True
GO_BP,GOBP_KETONE_BIOSYNTHETIC_PROCESS,45,True
GO_BP,GOBP_KETONE_BODY_BIOSYNTHETIC_PROCESS,4,False
GO_BP,GOBP_KETONE_BODY_METABOLIC_PROCESS,8,False
GO_BP,GOBP_KETONE_CATABOLIC_PROCESS,13,False
GO_BP,GOBP_KETONE_METABOLIC_PROCESS,178,True
GO_BP,GOBP_KIDNEY_EPITHELIUM_DEVELOPMENT,125,True
GO_BP,GOBP_KIDNEY_MESENCHYME_DEVELOPMENT,13,False
GO_BP,GOBP_KIDNEY_MORPHOGENESIS,80,True
GO_BP,GOBP_KINETOCHORE_ORGANIZATION,33,True
GO_BP,GOBP_KYNURENINE_METABOLIC_PROCESS,8,False
GO_BP,GOBP_LABYRINTHINE_LAYER_BLOOD_VESSEL_DEVELOPMENT,20,True
GO_BP,GOBP_LABYRINTHINE_LAYER_DEVELOPMENT,40,True
GO_BP,GOBP_LACRIMAL_GLAND_DEVELOPMENT,4,False
GO_BP,GOBP_LACTATE_BIOSYNTHETIC_PROCESS,6,False
GO_BP,GOBP_LACTATE_METABOLIC_PROCESS,17,True
GO_BP,GOBP_LACTATE_TRANSMEMBRANE_TRANSPORT,6,False
GO_BP,GOBP_LACTATION,36,True
GO_BP,GOBP_LACTONE_METABOLIC_PROCESS,13,False
GO_BP,GOBP_LAMELLIPODIUM_ASSEMBLY,67,True
GO_BP,GOBP_LAMELLIPODIUM_MORPHOGENESIS,16,True
GO_BP,GOBP_LAMELLIPODIUM_ORGANIZATION,86,True
GO_BP,GOBP_LATERAL_MESODERM_DEVELOPMENT,19,True
GO_BP,GOBP_LATERAL_MESODERM_MORPHOGENESIS,5,False
GO_BP,GOBP_LATERAL_SPROUTING_FROM_AN_EPITHELIUM,8,False
GO_BP,GOBP_LATERAL_VENTRICLE_DEVELOPMENT,11,False
GO_BP,GOBP_LATE_ENDOSOME_TO_GOLGI_TRANSPORT,6,False
GO_BP,GOBP_LATE_ENDOSOME_TO_LYSOSOME_TRANSPORT,23,True
GO_BP,GOBP_LATE_ENDOSOME_TO_VACUOLE_TRANSPORT,38,True
GO_BP,GOBP_LATE_ENDOSOME_TO_VACUOLE_TRANSPORT_VIA_MULTIVESICULAR_BODY_SORTING_PATHWAY,29,True
GO_BP,GOBP_LAYER_FORMATION_IN_CEREBRAL_CORTEX,19,True
GO_BP,GOBP_LEARNED_VOCALIZATION_BEHAVIOR_OR_VOCAL_LEARNING,5,False
GO_BP,GOBP_LEARNING,127,True
GO_BP,GOBP_LEARNING_OR_MEMORY,226,True
GO_BP,GOBP_LEFT_RIGHT_AXIS_SPECIFICATION,14,False
GO_BP,GOBP_LEFT_VENTRICULAR_CARDIAC_MUSCLE_TISSUE_MORPHOGENESIS,4,False
GO_BP,GOBP_LENS_DEVELOPMENT_IN_CAMERA_TYPE_EYE,63,True
GO_BP,GOBP_LENS_FIBER_CELL_DEVELOPMENT,13,False
GO_BP,GOBP_LENS_FIBER_CELL_DIFFERENTIATION,34,True
GO_BP,GOBP_LENS_FIBER_CELL_MORPHOGENESIS,7,False
GO_BP,GOBP_LENS_MORPHOGENESIS_IN_CAMERA_TYPE_EYE,21,True
GO_BP,GOBP_LEPTIN_MEDIATED_SIGNALING_PATHWAY,11,False
GO_BP,GOBP_LEUKOCYTE_ADHESION_TO_ARTERIAL_ENDOTHELIAL_CELL,5,False
GO_BP,GOBP_LEUKOCYTE_ADHESION_TO_VASCULAR_ENDOTHELIAL_CELL,38,True
GO_BP,GOBP_LEUKOCYTE_AGGREGATION,9,False
GO_BP,GOBP_LEUKOCYTE_APOPTOTIC_PROCESS,94,True
GO_BP,GOBP_LEUKOCYTE_CELL_CELL_ADHESION,331,True
GO_BP,GOBP_LEUKOCYTE_CHEMOTAXIS,152,True
GO_BP,GOBP_LEUKOCYTE_CHEMOTAXIS_INVOLVED_IN_INFLAMMATORY_RESPONSE,3,False
GO_BP,GOBP_LEUKOCYTE_DEGRANULATION,57,True
GO_BP,GOBP_LEUKOCYTE_DIFFERENTIATION,516,False
GO_BP,GOBP_LEUKOCYTE_HOMEOSTASIS,108,True
GO_BP,GOBP_LEUKOCYTE_MEDIATED_CYTOTOXICITY,113,True
GO_BP,GOBP_LEUKOCYTE_MEDIATED_IMMUNITY,310,True
GO_BP,GOBP_LEUKOCYTE_MIGRATION,269,True
GO_BP,GOBP_LEUKOCYTE_MIGRATION_INVOLVED_IN_INFLAMMATORY_RESPONSE,10,False
GO_BP,GOBP_LEUKOCYTE_PROLIFERATION,241,True
GO_BP,GOBP_LEUKOCYTE_TETHERING_OR_ROLLING,21,True
GO_BP,GOBP_LEUKOTRIENE_B4_METABOLIC_PROCESS,1,False
GO_BP,GOBP_LEUKOTRIENE_BIOSYNTHETIC_PROCESS,12,False
GO_BP,GOBP_LEUKOTRIENE_CATABOLIC_PROCESS,0,False
GO_BP,GOBP_LEUKOTRIENE_D4_BIOSYNTHETIC_PROCESS,5,False
GO_BP,GOBP_LEUKOTRIENE_METABOLIC_PROCESS,16,True
GO_BP,GOBP_LEUKOTRIENE_SIGNALING_PATHWAY,3,False
GO_BP,GOBP_LEUKOTRIENE_TRANSPORT,8,False
GO_BP,GOBP_LEYDIG_CELL_DIFFERENTIATION,8,False
GO_BP,GOBP_LIGAND_GATED_ION_CHANNEL_SIGNALING_PATHWAY,25,True
GO_BP,GOBP_LIGHT_ABSORPTION,0,False
GO_BP,GOBP_LIMBIC_SYSTEM_DEVELOPMENT,103,True
GO_BP,GOBP_LIMB_BUD_FORMATION,8,False
GO_BP,GOBP_LIMB_JOINT_MORPHOGENESIS,7,False
GO_BP,GOBP_LINOLEIC_ACID_METABOLIC_PROCESS,11,False
GO_BP,GOBP_LIPID_BIOSYNTHETIC_PROCESS,628,False
GO_BP,GOBP_LIPID_CATABOLIC_PROCESS,273,True
GO_BP,GOBP_LIPID_DIGESTION,11,False
GO_BP,GOBP_LIPID_DROPLET_DISASSEMBLY,7,False
GO_BP,GOBP_LIPID_DROPLET_FORMATION,16,True
GO_BP,GOBP_LIPID_DROPLET_FUSION,5,False
GO_BP,GOBP_LIPID_DROPLET_ORGANIZATION,38,True
GO_BP,GOBP_LIPID_EXPORT_FROM_CELL,37,True
GO_BP,GOBP_LIPID_HOMEOSTASIS,147,True
GO_BP,GOBP_LIPID_HYDROXYLATION,2,False
GO_BP,GOBP_LIPID_IMPORT_INTO_CELL,17,True
GO_BP,GOBP_LIPID_LOCALIZATION,351,True
GO_BP,GOBP_LIPID_METABOLIC_PROCESS,1124,False
GO_BP,GOBP_LIPID_MODIFICATION,155,True
GO_BP,GOBP_LIPID_OXIDATION,100,True
GO_BP,GOBP_LIPID_PHOSPHORYLATION,9,False
GO_BP,GOBP_LIPID_TRANSLOCATION,54,True
GO_BP,GOBP_LIPID_TRANSPORT_ACROSS_BLOOD_BRAIN_BARRIER,6,False
GO_BP,GOBP_LIPOPHAGY,8,False
GO_BP,GOBP_LIPOPOLYSACCHARIDE_MEDIATED_SIGNALING_PATHWAY,52,True
GO_BP,GOBP_LIPOPROTEIN_BIOSYNTHETIC_PROCESS,42,True
GO_BP,GOBP_LIPOPROTEIN_CATABOLIC_PROCESS,12,False
GO_BP,GOBP_LIPOPROTEIN_LOCALIZATION,21,True
GO_BP,GOBP_LIPOPROTEIN_METABOLIC_PROCESS,73,True
GO_BP,GOBP_LIPOPROTEIN_PARTICLE_MEDIATED_SIGNALING,4,False
GO_BP,GOBP_LIPOSACCHARIDE_METABOLIC_PROCESS,108,True
GO_BP,GOBP_LIPOXIN_A4_METABOLIC_PROCESS,2,False
GO_BP,GOBP_LIPOXYGENASE_PATHWAY,5,False
GO_BP,GOBP_LIVER_MORPHOGENESIS,19,True
GO_BP,GOBP_LIVER_REGENERATION,23,True
GO_BP,GOBP_LNCRNA_MEDIATED_POST_TRANSCRIPTIONAL_GENE_SILENCING,2,False
GO_BP,GOBP_LNCRNA_TRANSCRIPTION,4,False
GO_BP,GOBP_LOBAR_BRONCHUS_DEVELOPMENT,2,False
GO_BP,GOBP_LOBAR_BRONCHUS_EPITHELIUM_DEVELOPMENT,1,False
GO_BP,GOBP_LOCALIZATION_OF_CELL,4,False
GO_BP,GOBP_LOCALIZATION_WITHIN_MEMBRANE,680,False
GO_BP,GOBP_LOCOMOTION,986,False
GO_BP,GOBP_LOCOMOTION_INVOLVED_IN_LOCOMOTORY_BEHAVIOR,10,False
GO_BP,GOBP_LOCOMOTORY_BEHAVIOR,170,True
GO_BP,GOBP_LOCOMOTORY_EXPLORATION_BEHAVIOR,13,False
GO_BP,GOBP_LOCOMOTOR_RHYTHM,15,True
GO_BP,GOBP_LONG_CHAIN_FATTY_ACID_BIOSYNTHETIC_PROCESS,17,True
GO_BP,GOBP_LONG_CHAIN_FATTY_ACID_CATABOLIC_PROCESS,5,False
GO_BP,GOBP_LONG_CHAIN_FATTY_ACID_IMPORT_ACROSS_PLASMA_MEMBRANE,10,False
GO_BP,GOBP_LONG_CHAIN_FATTY_ACID_IMPORT_INTO_CELL,15,True
GO_BP,GOBP_LONG_CHAIN_FATTY_ACID_METABOLIC_PROCESS,81,True
GO_BP,GOBP_LONG_CHAIN_FATTY_ACID_TRANSPORT,41,True
GO_BP,GOBP_LONG_CHAIN_FATTY_ACYL_COA_BIOSYNTHETIC_PROCESS,18,True
GO_BP,GOBP_LONG_CHAIN_FATTY_ACYL_COA_METABOLIC_PROCESS,24,True
GO_BP,GOBP_LONG_TERM_MEMORY,28,True
GO_BP,GOBP_LONG_TERM_SYNAPTIC_DEPRESSION,29,True
GO_BP,GOBP_LONG_TERM_SYNAPTIC_POTENTIATION,81,True
GO_BP,GOBP_LOOP_OF_HENLE_DEVELOPMENT,11,False
GO_BP,GOBP_LOW_DENSITY_LIPOPROTEIN_PARTICLE_CLEARANCE,22,True
GO_BP,GOBP_LOW_DENSITY_LIPOPROTEIN_PARTICLE_REMODELING,5,False
GO_BP,GOBP_LOW_DENSITY_LIPOPROTEIN_RECEPTOR_PARTICLE_METABOLIC_PROCESS,7,False
GO_BP,GOBP_LUNG_ALVEOLUS_DEVELOPMENT,45,True
GO_BP,GOBP_LUNG_ASSOCIATED_MESENCHYME_DEVELOPMENT,7,False
GO_BP,GOBP_LUNG_CELL_DIFFERENTIATION,19,True
GO_BP,GOBP_LUNG_EPITHELIUM_DEVELOPMENT,34,True
GO_BP,GOBP_LUNG_GROWTH,3,False
GO_BP,GOBP_LUNG_LOBE_DEVELOPMENT,6,False
GO_BP,GOBP_LUNG_MORPHOGENESIS,48,True
GO_BP,GOBP_LUNG_SACCULE_DEVELOPMENT,5,False
GO_BP,GOBP_LUNG_SECRETORY_CELL_DIFFERENTIATION,5,False
GO_BP,GOBP_LUNG_VASCULATURE_DEVELOPMENT,9,False
GO_BP,GOBP_LUTEINIZATION,10,False
GO_BP,GOBP_LUTEINIZING_HORMONE_SECRETION,8,False
GO_BP,GOBP_LUTEOLYSIS,7,False
GO_BP,GOBP_LYMPHATIC_ENDOTHELIAL_CELL_DIFFERENTIATION,8,False
GO_BP,GOBP_LYMPHOCYTE_ACTIVATION,645,False
GO_BP,GOBP_LYMPHOCYTE_ACTIVATION_INVOLVED_IN_IMMUNE_RESPONSE,180,True
GO_BP,GOBP_LYMPHOCYTE_AGGREGATION,4,False
GO_BP,GOBP_LYMPHOCYTE_ANERGY,10,False
GO_BP,GOBP_LYMPHOCYTE_APOPTOTIC_PROCESS,65,True
GO_BP,GOBP_LYMPHOCYTE_CHEMOTAXIS,24,True
GO_BP,GOBP_LYMPHOCYTE_COSTIMULATION,31,True
GO_BP,GOBP_LYMPHOCYTE_DIFFERENTIATION,350,True
GO_BP,GOBP_LYMPHOCYTE_HOMEOSTASIS,84,True
GO_BP,GOBP_LYMPHOCYTE_MEDIATED_IMMUNITY,233,True
GO_BP,GOBP_LYMPHOCYTE_MIGRATION,75,True
GO_BP,GOBP_LYMPHOCYTE_MIGRATION_INTO_LYMPHOID_ORGANS,8,False
GO_BP,GOBP_LYMPHOID_PROGENITOR_CELL_DIFFERENTIATION,19,True
GO_BP,GOBP_LYMPH_NODE_DEVELOPMENT,16,True
GO_BP,GOBP_LYMPH_VESSEL_DEVELOPMENT,28,True
GO_BP,GOBP_LYMPH_VESSEL_MORPHOGENESIS,20,True
GO_BP,GOBP_LYSINE_METABOLIC_PROCESS,10,False
GO_BP,GOBP_LYSOSOMAL_LUMEN_ACIDIFICATION,23,True
GO_BP,GOBP_LYSOSOMAL_LUMEN_PH_ELEVATION,3,False
GO_BP,GOBP_LYSOSOMAL_MEMBRANE_ORGANIZATION,20,True
GO_BP,GOBP_LYSOSOMAL_TRANSPORT,136,True
GO_BP,GOBP_LYTIC_VACUOLE_ORGANIZATION,114,True
GO_BP,GOBP_L_ALANINE_TRANSMEMBRANE_TRANSPORT,5,False
GO_BP,GOBP_L_ALANINE_TRANSPORT,9,False
GO_BP,GOBP_L_ALPHA_AMINO_ACID_TRANSMEMBRANE_TRANSPORT,62,True
GO_BP,GOBP_L_AMINO_ACID_CATABOLIC_PROCESS,74,True
GO_BP,GOBP_L_AMINO_ACID_METABOLIC_PROCESS,147,True
GO_BP,GOBP_L_AMINO_ACID_TRANSPORT,80,True
GO_BP,GOBP_L_ARGININE_BIOSYNTHETIC_PROCESS,4,False
GO_BP,GOBP_L_ARGININE_CATABOLIC_PROCESS,6,False
GO_BP,GOBP_L_ARGININE_IMPORT_ACROSS_PLASMA_MEMBRANE,3,False
GO_BP,GOBP_L_ARGININE_TRANSMEMBRANE_TRANSPORT,12,False
GO_BP,GOBP_L_ASCORBIC_ACID_METABOLIC_PROCESS,11,False
GO_BP,GOBP_L_ASPARTATE_IMPORT_ACROSS_PLASMA_MEMBRANE,5,False
GO_BP,GOBP_L_ASPARTATE_TRANSMEMBRANE_TRANSPORT,10,False
GO_BP,GOBP_L_CYSTINE_TRANSPORT,5,False
GO_BP,GOBP_L_GLUTAMATE_CATABOLIC_PROCESS,6,False
GO_BP,GOBP_L_GLUTAMATE_IMPORT,37,True
GO_BP,GOBP_L_GLUTAMATE_IMPORT_ACROSS_PLASMA_MEMBRANE,16,True
GO_BP,GOBP_L_GLUTAMATE_TRANSMEMBRANE_TRANSPORT,29,True
GO_BP,GOBP_L_GLUTAMINE_IMPORT_ACROSS_PLASMA_MEMBRANE,4,False
GO_BP,GOBP_L_HISTIDINE_METABOLIC_PROCESS,6,False
GO_BP,GOBP_L_HISTIDINE_TRANSMEMBRANE_TRANSPORT,5,False
GO_BP,GOBP_L_KYNURENINE_METABOLIC_PROCESS,4,False
GO_BP,GOBP_L_LEUCINE_CATABOLIC_PROCESS,8,False
GO_BP,GOBP_L_LEUCINE_IMPORT_ACROSS_PLASMA_MEMBRANE,6,False
GO_BP,GOBP_L_LEUCINE_METABOLIC_PROCESS,9,False
GO_BP,GOBP_L_LEUCINE_TRANSPORT,11,False
GO_BP,GOBP_L_LYSINE_CATABOLIC_PROCESS,7,False
GO_BP,GOBP_L_LYSINE_TRANSPORT,6,False
GO_BP,GOBP_L_METHIONINE_SALVAGE_FROM_METHYLTHIOADENOSINE,5,False
GO_BP,GOBP_L_PHENYLALANINE_METABOLIC_PROCESS,5,False
GO_BP,GOBP_L_PROLINE_BIOSYNTHETIC_PROCESS,7,False
GO_BP,GOBP_L_PROLINE_TRANSMEMBRANE_TRANSPORT,3,False
GO_BP,GOBP_L_SERINE_CATABOLIC_PROCESS,5,False
GO_BP,GOBP_L_SERINE_METABOLIC_PROCESS,14,False
GO_BP,GOBP_L_TRYPTOPHAN_CATABOLIC_PROCESS,6,False
GO_BP,GOBP_L_TRYPTOPHAN_CATABOLIC_PROCESS_TO_KYNURENINE,4,False
GO_BP,GOBP_L_TRYPTOPHAN_METABOLIC_PROCESS,12,False
GO_BP,GOBP_L_TYROSINE_CATABOLIC_PROCESS,4,False
GO_BP,GOBP_MACROAUTOPHAGY,386,True
GO_BP,GOBP_MACROMOLECULE_CATABOLIC_PROCESS,1471,False
GO_BP,GOBP_MACROMOLECULE_DEACYLATION,49,True
GO_BP,GOBP_MACROMOLECULE_DEPALMITOYLATION,18,True
GO_BP,GOBP_MACROMOLECULE_METHYLATION,133,True
GO_BP,GOBP_MACROPHAGE_ACTIVATION,87,True
GO_BP,GOBP_MACROPHAGE_ACTIVATION_INVOLVED_IN_IMMUNE_RESPONSE,15,True
GO_BP,GOBP_MACROPHAGE_APOPTOTIC_PROCESS,11,False
GO_BP,GOBP_MACROPHAGE_CHEMOTAXIS,34,True
GO_BP,GOBP_MACROPHAGE_COLONY_STIMULATING_FACTOR_PRODUCTION,4,False
GO_BP,GOBP_MACROPHAGE_COLONY_STIMULATING_FACTOR_SIGNALING_PATHWAY,6,False
GO_BP,GOBP_MACROPHAGE_CYTOKINE_PRODUCTION,15,True
GO_BP,GOBP_MACROPHAGE_DIFFERENTIATION,62,True
GO_BP,GOBP_MACROPHAGE_FUSION,2,False
GO_BP,GOBP_MACROPHAGE_INFLAMMATORY_PROTEIN_1_ALPHA_PRODUCTION,5,False
GO_BP,GOBP_MACROPHAGE_MIGRATION,45,True
GO_BP,GOBP_MACROPHAGE_PROLIFERATION,12,False
GO_BP,GOBP_MACROPINOCYTOSIS,11,False
GO_BP,GOBP_MAGNESIUM_ION_HOMEOSTASIS,9,False
GO_BP,GOBP_MAGNESIUM_ION_TRANSPORT,22,True
GO_BP,GOBP_MAINTENANCE_OF_ANIMAL_ORGAN_IDENTITY,4,False
GO_BP,GOBP_MAINTENANCE_OF_APICAL_BASAL_CELL_POLARITY,6,False
GO_BP,GOBP_MAINTENANCE_OF_BLOOD_BRAIN_BARRIER,32,True
GO_BP,GOBP_MAINTENANCE_OF_CELL_NUMBER,179,True
GO_BP,GOBP_MAINTENANCE_OF_CELL_POLARITY,13,False
GO_BP,GOBP_MAINTENANCE_OF_CENTROSOME_LOCATION,6,False
GO_BP,GOBP_MAINTENANCE_OF_DNA_REPEAT_ELEMENTS,7,False
GO_BP,GOBP_MAINTENANCE_OF_GASTROINTESTINAL_EPITHELIUM,13,False
GO_BP,GOBP_MAINTENANCE_OF_LENS_TRANSPARENCY,6,False
GO_BP,GOBP_MAINTENANCE_OF_LOCATION,173,True
GO_BP,GOBP_MAINTENANCE_OF_ORGANELLE_LOCATION,11,False
GO_BP,GOBP_MAINTENANCE_OF_POSTSYNAPTIC_DENSITY_STRUCTURE,7,False
GO_BP,GOBP_MAINTENANCE_OF_POSTSYNAPTIC_SPECIALIZATION_STRUCTURE,12,False
GO_BP,GOBP_MAINTENANCE_OF_PRESYNAPTIC_ACTIVE_ZONE_STRUCTURE,8,False
GO_BP,GOBP_MAINTENANCE_OF_PROTEIN_LOCALIZATION_IN_ENDOPLASMIC_RETICULUM,12,False
GO_BP,GOBP_MAINTENANCE_OF_PROTEIN_LOCALIZATION_IN_ORGANELLE,42,True
GO_BP,GOBP_MAINTENANCE_OF_PROTEIN_LOCATION,60,True
GO_BP,GOBP_MAINTENANCE_OF_PROTEIN_LOCATION_IN_EXTRACELLULAR_REGION,6,False
GO_BP,GOBP_MAINTENANCE_OF_PROTEIN_LOCATION_IN_MITOCHONDRION,5,False
GO_BP,GOBP_MAINTENANCE_OF_PROTEIN_LOCATION_IN_NUCLEUS,23,True
GO_BP,GOBP_MAINTENANCE_OF_SISTER_CHROMATID_COHESION,13,False
GO_BP,GOBP_MAINTENANCE_OF_SYNAPSE_STRUCTURE,31,True
GO_BP,GOBP_MAINTENANCE_OF_TRANSLATIONAL_FIDELITY,6,False
GO_BP,GOBP_MALATE_ASPARTATE_SHUTTLE,9,False
GO_BP,GOBP_MALATE_METABOLIC_PROCESS,10,False
GO_BP,GOBP_MALE_GAMETE_GENERATION,530,False
GO_BP,GOBP_MALE_GENITALIA_DEVELOPMENT,14,False
GO_BP,GOBP_MALE_MATING_BEHAVIOR,7,False
GO_BP,GOBP_MALE_MEIOSIS_I,19,True
GO_BP,GOBP_MALE_MEIOTIC_NUCLEAR_DIVISION,34,True
GO_BP,GOBP_MALE_SEX_DETERMINATION,9,False
GO_BP,GOBP_MALE_SEX_DIFFERENTIATION,119,True
GO_BP,GOBP_MALONYL_COA_METABOLIC_PROCESS,7,False
GO_BP,GOBP_MAMMALIAN_OOGENESIS_STAGE,10,False
GO_BP,GOBP_MAMMARY_GLAND_ALVEOLUS_DEVELOPMENT,16,True
GO_BP,GOBP_MAMMARY_GLAND_BRANCHING_INVOLVED_IN_PREGNANCY,6,False
GO_BP,GOBP_MAMMARY_GLAND_DEVELOPMENT,116,True
GO_BP,GOBP_MAMMARY_GLAND_DUCT_MORPHOGENESIS,30,True
GO_BP,GOBP_MAMMARY_GLAND_EPITHELIAL_CELL_DIFFERENTIATION,15,True
GO_BP,GOBP_MAMMARY_GLAND_EPITHELIAL_CELL_PROLIFERATION,23,True
GO_BP,GOBP_MAMMARY_GLAND_EPITHELIUM_DEVELOPMENT,65,True
GO_BP,GOBP_MAMMARY_GLAND_FORMATION,4,False
GO_BP,GOBP_MAMMARY_GLAND_INVOLUTION,7,False
GO_BP,GOBP_MAMMARY_GLAND_MORPHOGENESIS,41,True
GO_BP,GOBP_MANCHETTE_ASSEMBLY,6,False
GO_BP,GOBP_MANGANESE_ION_HOMEOSTASIS,6,False
GO_BP,GOBP_MANGANESE_ION_TRANSMEMBRANE_TRANSPORT,9,False
GO_BP,GOBP_MANGANESE_ION_TRANSPORT,10,False
GO_BP,GOBP_MANNOSE_METABOLIC_PROCESS,9,False
GO_BP,GOBP_MAPK_CASCADE,641,False
GO_BP,GOBP_MARGINAL_ZONE_B_CELL_DIFFERENTIATION,8,False
GO_BP,GOBP_MAST_CELL_ACTIVATION,50,True
GO_BP,GOBP_MAST_CELL_ACTIVATION_INVOLVED_IN_IMMUNE_RESPONSE,42,True
GO_BP,GOBP_MAST_CELL_CYTOKINE_PRODUCTION,4,False
GO_BP,GOBP_MAST_CELL_DIFFERENTIATION,4,False
GO_BP,GOBP_MAST_CELL_MIGRATION,11,False
GO_BP,GOBP_MATERNAL_PLACENTA_DEVELOPMENT,39,True
GO_BP,GOBP_MATERNAL_PROCESS_INVOLVED_IN_FEMALE_PREGNANCY,53,True
GO_BP,GOBP_MATERNAL_PROCESS_INVOLVED_IN_PARTURITION,4,False
GO_BP,GOBP_MATERNAL_TO_ZYGOTIC_TRANSITION_OF_GENE_EXPRESSION,1,False
GO_BP,GOBP_MATING_BEHAVIOR,23,True
GO_BP,GOBP_MATURATION_OF_5_8S_RRNA,40,True
GO_BP,GOBP_MATURATION_OF_5_8S_RRNA_FROM_TRICISTRONIC_RRNA_TRANSCRIPT_SSU_RRNA_5_8S_RRNA_LSU_RRNA,30,True
GO_BP,GOBP_MATURATION_OF_LSU_RRNA,32,True
GO_BP,GOBP_MATURATION_OF_LSU_RRNA_FROM_TRICISTRONIC_RRNA_TRANSCRIPT_SSU_RRNA_5_8S_RRNA_LSU_RRNA,23,True
GO_BP,GOBP_MATURATION_OF_SSU_RRNA,74,True
GO_BP,GOBP_MATURATION_OF_SSU_RRNA_FROM_TRICISTRONIC_RRNA_TRANSCRIPT_SSU_RRNA_5_8S_RRNA_LSU_RRNA,35,True
GO_BP,GOBP_MATURE_B_CELL_DIFFERENTIATION,26,True
GO_BP,GOBP_MATURE_CONVENTIONAL_DENDRITIC_CELL_DIFFERENTIATION,3,False
GO_BP,GOBP_MDA_5_SIGNALING_PATHWAY,11,False
GO_BP,GOBP_MECHANORECEPTOR_DIFFERENTIATION,53,True
GO_BP,GOBP_MECHANOSENSORY_BEHAVIOR,8,False
GO_BP,GOBP_MEDIUM_CHAIN_FATTY_ACID_BIOSYNTHETIC_PROCESS,5,False
GO_BP,GOBP_MEDIUM_CHAIN_FATTY_ACID_CATABOLIC_PROCESS,5,False
GO_BP,GOBP_MEDIUM_CHAIN_FATTY_ACID_METABOLIC_PROCESS,12,False
GO_BP,GOBP_MEDIUM_CHAIN_FATTY_ACYL_COA_METABOLIC_PROCESS,6,False
GO_BP,GOBP_MEGAKARYOCYTE_DEVELOPMENT,18,True
GO_BP,GOBP_MEGAKARYOCYTE_DIFFERENTIATION,54,True
GO_BP,GOBP_MEIOSIS_I_CELL_CYCLE_PROCESS,120,True
GO_BP,GOBP_MEIOTIC_ATTACHMENT_OF_TELOMERE_TO_NUCLEAR_ENVELOPE,3,False
GO_BP,GOBP_MEIOTIC_CELL_CYCLE,264,True
GO_BP,GOBP_MEIOTIC_CELL_CYCLE_CHECKPOINT_SIGNALING,9,False
GO_BP,GOBP_MEIOTIC_CELL_CYCLE_PHASE_TRANSITION,13,False
GO_BP,GOBP_MEIOTIC_CELL_CYCLE_PROCESS,189,True
GO_BP,GOBP_MEIOTIC_CELL_CYCLE_PROCESS_INVOLVED_IN_OOCYTE_MATURATION,6,False
GO_BP,GOBP_MEIOTIC_CHROMOSOME_CONDENSATION,6,False
GO_BP,GOBP_MEIOTIC_CHROMOSOME_SEGREGATION,85,True
GO_BP,GOBP_MEIOTIC_CHROMOSOME_SEPARATION,8,False
GO_BP,GOBP_MEIOTIC_CYTOKINESIS,8,False
GO_BP,GOBP_MEIOTIC_DNA_DOUBLE_STRAND_BREAK_FORMATION,4,False
GO_BP,GOBP_MEIOTIC_METAPHASE_CHROMOSOME_ALIGNMENT,6,False
GO_BP,GOBP_MEIOTIC_MISMATCH_REPAIR,5,False
GO_BP,GOBP_MEIOTIC_SISTER_CHROMATID_COHESION,15,True
GO_BP,GOBP_MEIOTIC_SISTER_CHROMATID_COHESION_CENTROMERIC,4,False
GO_BP,GOBP_MEIOTIC_SPINDLE_ASSEMBLY,16,True
GO_BP,GOBP_MEIOTIC_SPINDLE_ORGANIZATION,23,True
GO_BP,GOBP_MELANOCYTE_DIFFERENTIATION,17,True
GO_BP,GOBP_MELANOCYTE_PROLIFERATION,3,False
GO_BP,GOBP_MELANOSOME_ASSEMBLY,19,True
GO_BP,GOBP_MEMBRANELESS_ORGANELLE_ASSEMBLY,424,True
GO_BP,GOBP_MEMBRANE_BENDING,4,False
GO_BP,GOBP_MEMBRANE_BIOGENESIS,68,True
GO_BP,GOBP_MEMBRANE_DEPOLARIZATION,78,True
GO_BP,GOBP_MEMBRANE_DEPOLARIZATION_DURING_ACTION_POTENTIAL,29,True
GO_BP,GOBP_MEMBRANE_DEPOLARIZATION_DURING_AV_NODE_CELL_ACTION_POTENTIAL,6,False
GO_BP,GOBP_MEMBRANE_DEPOLARIZATION_DURING_CARDIAC_MUSCLE_CELL_ACTION_POTENTIAL,19,True
GO_BP,GOBP_MEMBRANE_DEPOLARIZATION_DURING_SA_NODE_CELL_ACTION_POTENTIAL,4,False
GO_BP,GOBP_MEMBRANE_DISASSEMBLY,12,False
GO_BP,GOBP_MEMBRANE_DOCKING,82,True
GO_BP,GOBP_MEMBRANE_FISSION,46,True
GO_BP,GOBP_MEMBRANE_FUSION,161,True
GO_BP,GOBP_MEMBRANE_HYPERPOLARIZATION,6,False
GO_BP,GOBP_MEMBRANE_INVAGINATION,52,True
GO_BP,GOBP_MEMBRANE_LIPID_BIOSYNTHETIC_PROCESS,139,True
GO_BP,GOBP_MEMBRANE_LIPID_CATABOLIC_PROCESS,44,True
GO_BP,GOBP_MEMBRANE_LIPID_METABOLIC_PROCESS,190,True
GO_BP,GOBP_MEMBRANE_ORGANIZATION,789,False
GO_BP,GOBP_MEMBRANE_PROTEIN_ECTODOMAIN_PROTEOLYSIS,42,True
GO_BP,GOBP_MEMBRANE_PROTEIN_INTRACELLULAR_DOMAIN_PROTEOLYSIS,14,False
GO_BP,GOBP_MEMBRANE_PROTEIN_PROTEOLYSIS,54,True
GO_BP,GOBP_MEMBRANE_RAFT_ASSEMBLY,16,True
GO_BP,GOBP_MEMBRANE_RAFT_LOCALIZATION,6,False
GO_BP,GOBP_MEMBRANE_RAFT_ORGANIZATION,28,True
GO_BP,GOBP_MEMBRANE_REPOLARIZATION,43,True
GO_BP,GOBP_MEMBRANE_REPOLARIZATION_DURING_ACTION_POTENTIAL,24,True
GO_BP,GOBP_MEMBRANE_REPOLARIZATION_DURING_ATRIAL_CARDIAC_MUSCLE_CELL_ACTION_POTENTIAL,3,False
GO_BP,GOBP_MEMBRANE_REPOLARIZATION_DURING_VENTRICULAR_CARDIAC_MUSCLE_CELL_ACTION_POTENTIAL,12,False
GO_BP,GOBP_MEMBRANE_TO_MEMBRANE_DOCKING,6,False
GO_BP,GOBP_MEMBRANE_TUBULATION,11,False
GO_BP,GOBP_MEMBRANOUS_SEPTUM_MORPHOGENESIS,9,False
GO_BP,GOBP_MEMORY,102,True
GO_BP,GOBP_MENAQUINONE_CATABOLIC_PROCESS,1,False
GO_BP,GOBP_MENAQUINONE_METABOLIC_PROCESS,2,False
GO_BP,GOBP_MESANGIAL_CELL_DEVELOPMENT,5,False
GO_BP,GOBP_MESANGIAL_CELL_DIFFERENTIATION,6,False
GO_BP,GOBP_MESENCHYMAL_CELL_APOPTOTIC_PROCESS,11,False
GO_BP,GOBP_MESENCHYMAL_CELL_DEVELOPMENT,6,False
GO_BP,GOBP_MESENCHYMAL_CELL_DIFFERENTIATION,222,True
GO_BP,GOBP_MESENCHYMAL_CELL_DIFFERENTIATION_INVOLVED_IN_KIDNEY_DEVELOPMENT,5,False
GO_BP,GOBP_MESENCHYMAL_CELL_MIGRATION,54,True
GO_BP,GOBP_MESENCHYMAL_CELL_PROLIFERATION,41,True
GO_BP,GOBP_MESENCHYMAL_CELL_PROLIFERATION_INVOLVED_IN_LUNG_DEVELOPMENT,5,False
GO_BP,GOBP_MESENCHYMAL_EPITHELIAL_CELL_SIGNALING,6,False
GO_BP,GOBP_MESENCHYMAL_STEM_CELL_DIFFERENTIATION,15,True
GO_BP,GOBP_MESENCHYMAL_STEM_CELL_MAINTENANCE_INVOLVED_IN_NEPHRON_MORPHOGENESIS,3,False
GO_BP,GOBP_MESENCHYMAL_STEM_CELL_PROLIFERATION,8,False
GO_BP,GOBP_MESENCHYMAL_TO_EPITHELIAL_TRANSITION,15,True
GO_BP,GOBP_MESENCHYMAL_TO_EPITHELIAL_TRANSITION_INVOLVED_IN_METANEPHROS_MORPHOGENESIS,10,False
GO_BP,GOBP_MESENCHYME_DEVELOPMENT,272,True
GO_BP,GOBP_MESENCHYME_MIGRATION,5,False
GO_BP,GOBP_MESENCHYME_MORPHOGENESIS,53,True
GO_BP,GOBP_MESENDODERM_DEVELOPMENT,3,False
GO_BP,GOBP_MESODERMAL_CELL_DIFFERENTIATION,27,True
GO_BP,GOBP_MESODERMAL_CELL_FATE_COMMITMENT,14,False
GO_BP,GOBP_MESODERMAL_CELL_FATE_SPECIFICATION,10,False
GO_BP,GOBP_MESODERMAL_CELL_MIGRATION,3,False
GO_BP,GOBP_MESODERM_DEVELOPMENT,108,True
GO_BP,GOBP_MESODERM_MORPHOGENESIS,67,True
GO_BP,GOBP_MESONEPHRIC_DUCT_DEVELOPMENT,6,False
GO_BP,GOBP_MESONEPHRIC_TUBULE_FORMATION,8,False
GO_BP,GOBP_MESONEPHRIC_TUBULE_MORPHOGENESIS,54,True
GO_BP,GOBP_MESONEPHROS_DEVELOPMENT,84,True
GO_BP,GOBP_METABOLIC_COMPOUND_SALVAGE,38,True
GO_BP,GOBP_METABOLITE_REPAIR,7,False
GO_BP,GOBP_METALLO_SULFUR_CLUSTER_ASSEMBLY,29,True
GO_BP,GOBP_METAL_ION_TRANSPORT,627,False
GO_BP,GOBP_METANEPHRIC_COLLECTING_DUCT_DEVELOPMENT,8,False
GO_BP,GOBP_METANEPHRIC_DISTAL_TUBULE_DEVELOPMENT,5,False
GO_BP,GOBP_METANEPHRIC_EPITHELIUM_DEVELOPMENT,20,True
GO_BP,GOBP_METANEPHRIC_GLOMERULAR_MESANGIUM_DEVELOPMENT,3,False
GO_BP,GOBP_METANEPHRIC_GLOMERULUS_DEVELOPMENT,9,False
GO_BP,GOBP_METANEPHRIC_GLOMERULUS_VASCULATURE_DEVELOPMENT,6,False
GO_BP,GOBP_METANEPHRIC_LOOP_OF_HENLE_DEVELOPMENT,5,False
GO_BP,GOBP_METANEPHRIC_MESENCHYMAL_CELL_DIFFERENTIATION,3,False
GO_BP,GOBP_METANEPHRIC_MESENCHYME_DEVELOPMENT,10,False
GO_BP,GOBP_METANEPHRIC_NEPHRON_DEVELOPMENT,31,True
GO_BP,GOBP_METANEPHRIC_NEPHRON_EPITHELIUM_DEVELOPMENT,19,True
GO_BP,GOBP_METANEPHRIC_NEPHRON_MORPHOGENESIS,20,True
GO_BP,GOBP_METANEPHRIC_NEPHRON_TUBULE_EPITHELIAL_CELL_DIFFERENTIATION,5,False
GO_BP,GOBP_METANEPHRIC_NEPHRON_TUBULE_MORPHOGENESIS,6,False
GO_BP,GOBP_METANEPHRIC_PART_OF_URETERIC_BUD_DEVELOPMENT,3,False
GO_BP,GOBP_METANEPHRIC_PROXIMAL_TUBULE_DEVELOPMENT,4,False
GO_BP,GOBP_METANEPHRIC_RENAL_VESICLE_MORPHOGENESIS,12,False
GO_BP,GOBP_METANEPHRIC_S_SHAPED_BODY_MORPHOGENESIS,3,False
GO_BP,GOBP_METANEPHRIC_TUBULE_FORMATION,4,False
GO_BP,GOBP_METANEPHRIC_TUBULE_MORPHOGENESIS,7,False
GO_BP,GOBP_METANEPHROS_DEVELOPMENT,72,True
GO_BP,GOBP_METANEPHROS_MORPHOGENESIS,24,True
GO_BP,GOBP_METAPHASE_ANAPHASE_TRANSITION_OF_MEIOTIC_CELL_CYCLE,5,False
GO_BP,GOBP_METAPHASE_CHROMOSOME_ALIGNMENT,113,True
GO_BP,GOBP_METENCEPHALON_DEVELOPMENT,99,True
GO_BP,GOBP_METHIONINE_BIOSYNTHETIC_PROCESS,11,False
GO_BP,GOBP_METHIONINE_METABOLIC_PROCESS,15,True
GO_BP,GOBP_METHYLATION,213,True
GO_BP,GOBP_METHYLGLYOXAL_METABOLIC_PROCESS,6,False
GO_BP,GOBP_MHC_CLASS_II_BIOSYNTHETIC_PROCESS,17,True
GO_BP,GOBP_MHC_CLASS_I_BIOSYNTHETIC_PROCESS,6,False
GO_BP,GOBP_MICROAUTOPHAGY,22,True
GO_BP,GOBP_MICROGLIAL_CELL_ACTIVATION_INVOLVED_IN_IMMUNE_RESPONSE,4,False
GO_BP,GOBP_MICROGLIAL_CELL_MEDIATED_CYTOTOXICITY,2,False
GO_BP,GOBP_MICROGLIAL_CELL_MIGRATION,3,False
GO_BP,GOBP_MICROGLIAL_CELL_PROLIFERATION,9,False
GO_BP,GOBP_MICROGLIA_DIFFERENTIATION,17,True
GO_BP,GOBP_MICROTUBULE_ANCHORING,23,True
GO_BP,GOBP_MICROTUBULE_ANCHORING_AT_MICROTUBULE_ORGANIZING_CENTER,13,False
GO_BP,GOBP_MICROTUBULE_BASED_MOVEMENT,423,True
GO_BP,GOBP_MICROTUBULE_BASED_PROCESS,922,False
GO_BP,GOBP_MICROTUBULE_BASED_TRANSPORT,225,True
GO_BP,GOBP_MICROTUBULE_BUNDLE_FORMATION,103,True
GO_BP,GOBP_MICROTUBULE_CYTOSKELETON_ORGANIZATION,626,False
GO_BP,GOBP_MICROTUBULE_CYTOSKELETON_ORGANIZATION_INVOLVED_IN_MITOSIS,170,True
GO_BP,GOBP_MICROTUBULE_DEPOLYMERIZATION,49,True
GO_BP,GOBP_MICROTUBULE_NUCLEATION,56,True
GO_BP,GOBP_MICROTUBULE_NUCLEATION_BY_MICROTUBULE_ORGANIZING_CENTER,4,False
GO_BP,GOBP_MICROTUBULE_ORGANIZING_CENTER_LOCALIZATION,29,True
GO_BP,GOBP_MICROTUBULE_ORGANIZING_CENTER_ORGANIZATION,152,True
GO_BP,GOBP_MICROTUBULE_POLYMERIZATION,110,True
GO_BP,GOBP_MICROTUBULE_POLYMERIZATION_OR_DEPOLYMERIZATION,149,True
GO_BP,GOBP_MICROTUBULE_SEVERING,10,False
GO_BP,GOBP_MICROVILLUS_ASSEMBLY,13,False
GO_BP,GOBP_MICROVILLUS_ORGANIZATION,17,True
GO_BP,GOBP_MICTURITION,3,False
GO_BP,GOBP_MIDBODY_ABSCISSION,23,True
GO_BP,GOBP_MIDBRAIN_DEVELOPMENT,76,True
GO_BP,GOBP_MIDBRAIN_DOPAMINERGIC_NEURON_DIFFERENTIATION,15,True
GO_BP,GOBP_MIDBRAIN_HINDBRAIN_BOUNDARY_DEVELOPMENT,4,False
GO_BP,GOBP_MIDDLE_EAR_MORPHOGENESIS,21,True
GO_BP,GOBP_MIDGUT_DEVELOPMENT,9,False
GO_BP,GOBP_MIGRACYTOSIS,6,False
GO_BP,GOBP_MINERALOCORTICOID_BIOSYNTHETIC_PROCESS,8,False
GO_BP,GOBP_MINERALOCORTICOID_METABOLIC_PROCESS,9,False
GO_BP,GOBP_MIRNA_CATABOLIC_PROCESS,13,False
GO_BP,GOBP_MIRNA_MEDIATED_GENE_SILENCING_BY_INHIBITION_OF_TRANSLATION,16,True
GO_BP,GOBP_MIRNA_MEDIATED_GENE_SILENCING_BY_MRNA_DESTABILIZATION,8,False
GO_BP,GOBP_MIRNA_METABOLIC_PROCESS,94,True
GO_BP,GOBP_MIRNA_PROCESSING,42,True
GO_BP,GOBP_MIRNA_TRANSCRIPTION,66,True
GO_BP,GOBP_MISMATCH_REPAIR,37,True
GO_BP,GOBP_MITOCHONDRIAL_ADP_TRANSMEMBRANE_TRANSPORT,3,False
GO_BP,GOBP_MITOCHONDRIAL_ATP_TRANSMEMBRANE_TRANSPORT,6,False
GO_BP,GOBP_MITOCHONDRIAL_CALCIUM_ION_HOMEOSTASIS,22,True
GO_BP,GOBP_MITOCHONDRIAL_CALCIUM_ION_TRANSMEMBRANE_TRANSPORT,22,True
GO_BP,GOBP_MITOCHONDRIAL_DEPOLARIZATION,25,True
GO_BP,GOBP_MITOCHONDRIAL_DNA_METABOLIC_PROCESS,21,True
GO_BP,GOBP_MITOCHONDRIAL_DNA_REPAIR,6,False
GO_BP,GOBP_MITOCHONDRIAL_DNA_REPLICATION,17,True
GO_BP,GOBP_MITOCHONDRIAL_ELECTRON_TRANSPORT_CYTOCHROME_C_TO_OXYGEN,16,True
GO_BP,GOBP_MITOCHONDRIAL_ELECTRON_TRANSPORT_NADH_TO_UBIQUINONE,52,True
GO_BP,GOBP_MITOCHONDRIAL_ELECTRON_TRANSPORT_SUCCINATE_TO_UBIQUINONE,5,False
GO_BP,GOBP_MITOCHONDRIAL_ELECTRON_TRANSPORT_UBIQUINOL_TO_CYTOCHROME_C,13,False
GO_BP,GOBP_MITOCHONDRIAL_FISSION,45,True
GO_BP,GOBP_MITOCHONDRIAL_FRAGMENTATION_INVOLVED_IN_APOPTOTIC_PROCESS,10,False
GO_BP,GOBP_MITOCHONDRIAL_FUSION,35,True
GO_BP,GOBP_MITOCHONDRIAL_GENE_EXPRESSION,173,True
GO_BP,GOBP_MITOCHONDRIAL_LARGE_RIBOSOMAL_SUBUNIT_ASSEMBLY,14,False
GO_BP,GOBP_MITOCHONDRIAL_MEMBRANE_ORGANIZATION,120,True
GO_BP,GOBP_MITOCHONDRIAL_MRNA_CATABOLIC_PROCESS,5,False
GO_BP,GOBP_MITOCHONDRIAL_OUTER_MEMBRANE_PERMEABILIZATION,33,True
GO_BP,GOBP_MITOCHONDRIAL_PROTEIN_CATABOLIC_PROCESS,11,False
GO_BP,GOBP_MITOCHONDRIAL_PROTEIN_PROCESSING,14,False
GO_BP,GOBP_MITOCHONDRIAL_PROTON_TRANSPORTING_ATP_SYNTHASE_COMPLEX_ASSEMBLY,9,False
GO_BP,GOBP_MITOCHONDRIAL_RESPIRASOME_ASSEMBLY,6,False
GO_BP,GOBP_MITOCHONDRIAL_RESPIRATORY_CHAIN_COMPLEX_ASSEMBLY,99,True
GO_BP,GOBP_MITOCHONDRIAL_RIBOSOME_ASSEMBLY,25,True
GO_BP,GOBP_MITOCHONDRIAL_RNA_3_END_PROCESSING,8,False
GO_BP,GOBP_MITOCHONDRIAL_RNA_CATABOLIC_PROCESS,9,False
GO_BP,GOBP_MITOCHONDRIAL_RNA_METABOLIC_PROCESS,65,True
GO_BP,GOBP_MITOCHONDRIAL_RNA_MODIFICATION,16,True
GO_BP,GOBP_MITOCHONDRIAL_RNA_PROCESSING,29,True
GO_BP,GOBP_MITOCHONDRIAL_SMALL_RIBOSOMAL_SUBUNIT_ASSEMBLY,8,False
GO_BP,GOBP_MITOCHONDRIAL_TRANSCRIPTION,20,True
GO_BP,GOBP_MITOCHONDRIAL_TRANSLATION,133,True
GO_BP,GOBP_MITOCHONDRIAL_TRANSLATIONAL_ELONGATION,5,False
GO_BP,GOBP_MITOCHONDRIAL_TRANSLATIONAL_TERMINATION,5,False
GO_BP,GOBP_MITOCHONDRIAL_TRANSMEMBRANE_TRANSPORT,22,True
GO_BP,GOBP_MITOCHONDRIAL_TRANSPORT,89,True
GO_BP,GOBP_MITOCHONDRIAL_TRNA_MODIFICATION,13,False
GO_BP,GOBP_MITOCHONDRIAL_TRNA_PROCESSING,17,True
GO_BP,GOBP_MITOCHONDRION_DISTRIBUTION,20,True
GO_BP,GOBP_MITOCHONDRION_ENDOPLASMIC_RETICULUM_MEMBRANE_TETHERING,8,False
GO_BP,GOBP_MITOCHONDRION_LOCALIZATION,58,True
GO_BP,GOBP_MITOCHONDRION_ORGANIZATION,413,True
GO_BP,GOBP_MITOPHAGY,98,True
GO_BP,GOBP_MITOTIC_CELL_CYCLE,873,False
GO_BP,GOBP_MITOTIC_CELL_CYCLE_CHECKPOINT_SIGNALING,147,True
GO_BP,GOBP_MITOTIC_CELL_CYCLE_PHASE_TRANSITION,423,True
GO_BP,GOBP_MITOTIC_CELL_CYCLE_PROCESS,736,False
GO_BP,GOBP_MITOTIC_CHROMOSOME_CONDENSATION,18,True
GO_BP,GOBP_MITOTIC_CYTOKINESIS,98,True
GO_BP,GOBP_MITOTIC_CYTOKINETIC_PROCESS,38,True
GO_BP,GOBP_MITOTIC_DNA_INTEGRITY_CHECKPOINT_SIGNALING,82,True
GO_BP,GOBP_MITOTIC_DNA_REPLICATION,17,True
GO_BP,GOBP_MITOTIC_DNA_REPLICATION_CHECKPOINT_SIGNALING,13,False
GO_BP,GOBP_MITOTIC_G1_S_TRANSITION_CHECKPOINT_SIGNALING,17,True
GO_BP,GOBP_MITOTIC_G2_DNA_DAMAGE_CHECKPOINT_SIGNALING,37,True
GO_BP,GOBP_MITOTIC_G2_M_TRANSITION_CHECKPOINT,58,True
GO_BP,GOBP_MITOTIC_INTRA_S_DNA_DAMAGE_CHECKPOINT_SIGNALING,22,True
GO_BP,GOBP_MITOTIC_METAPHASE_CHROMOSOME_ALIGNMENT,69,True
GO_BP,GOBP_MITOTIC_NUCLEAR_DIVISION,281,True
GO_BP,GOBP_MITOTIC_NUCLEAR_MEMBRANE_DISASSEMBLY,8,False
GO_BP,GOBP_MITOTIC_NUCLEAR_MEMBRANE_ORGANIZATION,10,False
GO_BP,GOBP_MITOTIC_RECOMBINATION,25,True
GO_BP,GOBP_MITOTIC_SISTER_CHROMATID_COHESION,33,True
GO_BP,GOBP_MITOTIC_SISTER_CHROMATID_COHESION_CENTROMERIC,7,False
GO_BP,GOBP_MITOTIC_SISTER_CHROMATID_SEGREGATION,204,True
GO_BP,GOBP_MITOTIC_SISTER_CHROMATID_SEPARATION,68,True
GO_BP,GOBP_MITOTIC_SPINDLE_ASSEMBLY,80,True
GO_BP,GOBP_MITOTIC_SPINDLE_ELONGATION,11,False
GO_BP,GOBP_MITOTIC_SPINDLE_ORGANIZATION,140,True
GO_BP,GOBP_MITRAL_VALVE_DEVELOPMENT,12,False
GO_BP,GOBP_MODIFICATION_DEPENDENT_MACROMOLECULE_CATABOLIC_PROCESS,710,False
GO_BP,GOBP_MODIFICATION_OF_POSTSYNAPTIC_ACTIN_CYTOSKELETON,19,True
GO_BP,GOBP_MODIFICATION_OF_POSTSYNAPTIC_STRUCTURE,31,True
GO_BP,GOBP_MODIFICATION_OF_SYNAPTIC_STRUCTURE,38,True
GO_BP,GOBP_MODIFIED_AMINO_ACID_BIOSYNTHETIC_PROCESS,42,True
GO_BP,GOBP_MODIFIED_AMINO_ACID_CATABOLIC_PROCESS,25,True
GO_BP,GOBP_MODIFIED_AMINO_ACID_METABOLIC_PROCESS,160,True
GO_BP,GOBP_MODIFIED_AMINO_ACID_TRANSPORT,37,True
GO_BP,GOBP_MODULATION_BY_SYMBIONT_OF_ENTRY_INTO_HOST,20,True
GO_BP,GOBP_MODULATION_OF_EXCITATORY_POSTSYNAPTIC_POTENTIAL,39,True
GO_BP,GOBP_MODULATION_OF_INHIBITORY_POSTSYNAPTIC_POTENTIAL,7,False
GO_BP,GOBP_MODULATION_OF_MICROTUBULE_CYTOSKELETON_INVOLVED_IN_CEREBRAL_CORTEX_RADIAL_GLIA_GUIDED_MIGRATION,5,False
GO_BP,GOBP_MODULATION_OF_PROCESS_OF_ANOTHER_ORGANISM,98,True
GO_BP,GOBP_MOLTING_CYCLE,82,True
GO_BP,GOBP_MOLTING_CYCLE_PROCESS,73,True
GO_BP,GOBP_MONOACYLGLYCEROL_BIOSYNTHETIC_PROCESS,3,False
GO_BP,GOBP_MONOACYLGLYCEROL_CATABOLIC_PROCESS,8,False
GO_BP,GOBP_MONOACYLGLYCEROL_METABOLIC_PROCESS,11,False
GO_BP,GOBP_MONOAMINE_TRANSPORT,44,True
GO_BP,GOBP_MONOATOMIC_ANION_HOMEOSTASIS,17,True
GO_BP,GOBP_MONOATOMIC_ANION_TRANSPORT,114,True
GO_BP,GOBP_MONOATOMIC_CATION_TRANSPORT,789,False
GO_BP,GOBP_MONOATOMIC_ION_HOMEOSTASIS,476,True
GO_BP,GOBP_MONOATOMIC_ION_TRANSMEMBRANE_TRANSPORT,757,False
GO_BP,GOBP_MONOATOMIC_ION_TRANSPORT,915,False
GO_BP,GOBP_MONOCARBOXYLIC_ACID_BIOSYNTHETIC_PROCESS,187,True
GO_BP,GOBP_MONOCARBOXYLIC_ACID_CATABOLIC_PROCESS,116,True
GO_BP,GOBP_MONOCARBOXYLIC_ACID_METABOLIC_PROCESS,536,False
GO_BP,GOBP_MONOCARBOXYLIC_ACID_TRANSPORT,116,True
GO_BP,GOBP_MONOCYTE_ACTIVATION,9,False
GO_BP,GOBP_MONOCYTE_AGGREGATION,4,False
GO_BP,GOBP_MONOCYTE_CHEMOTACTIC_PROTEIN_1_PRODUCTION,16,True
GO_BP,GOBP_MONOCYTE_CHEMOTAXIS,29,True
GO_BP,GOBP_MONOCYTE_DIFFERENTIATION,35,True
GO_BP,GOBP_MONOCYTE_EXTRAVASATION,8,False
GO_BP,GOBP_MONONUCLEAR_CELL_DIFFERENTIATION,434,True
GO_BP,GOBP_MONONUCLEAR_CELL_MIGRATION,159,True
GO_BP,GOBP_MONOSACCHARIDE_BIOSYNTHETIC_PROCESS,87,True
GO_BP,GOBP_MONOSACCHARIDE_CATABOLIC_PROCESS,44,True
GO_BP,GOBP_MONOSACCHARIDE_METABOLIC_PROCESS,227,True
GO_BP,GOBP_MONOSACCHARIDE_TRANSMEMBRANE_TRANSPORT,94,True
GO_BP,GOBP_MONOTERPENOID_METABOLIC_PROCESS,2,False
GO_BP,GOBP_MONOUBIQUITINATED_PROTEIN_DEUBIQUITINATION,8,False
GO_BP,GOBP_MORPHOGENESIS_OF_AN_ENDOTHELIUM,18,True
GO_BP,GOBP_MORPHOGENESIS_OF_AN_EPITHELIAL_BUD,11,False
GO_BP,GOBP_MORPHOGENESIS_OF_AN_EPITHELIAL_FOLD,17,True
GO_BP,GOBP_MORPHOGENESIS_OF_AN_EPITHELIAL_SHEET,59,True
GO_BP,GOBP_MORPHOGENESIS_OF_AN_EPITHELIUM,426,True
GO_BP,GOBP_MORPHOGENESIS_OF_A_BRANCHING_STRUCTURE,170,True
GO_BP,GOBP_MORPHOGENESIS_OF_A_POLARIZED_EPITHELIUM,48,True
GO_BP,GOBP_MORPHOGENESIS_OF_EMBRYONIC_EPITHELIUM,136,True
GO_BP,GOBP_MOTILE_CILIUM_ASSEMBLY,68,True
GO_BP,GOBP_MOTOR_BEHAVIOR,29,True
GO_BP,GOBP_MOTOR_LEARNING,7,False
GO_BP,GOBP_MOTOR_NEURON_APOPTOTIC_PROCESS,13,False
GO_BP,GOBP_MOTOR_NEURON_AXON_GUIDANCE,21,True
GO_BP,GOBP_MOTOR_NEURON_MIGRATION,4,False
GO_BP,GOBP_MRNA_3_END_PROCESSING,49,True
GO_BP,GOBP_MRNA_3_END_PROCESSING_BY_STEM_LOOP_BINDING_AND_CLEAVAGE,7,False
GO_BP,GOBP_MRNA_3_SPLICE_SITE_RECOGNITION,6,False
GO_BP,GOBP_MRNA_5_SPLICE_SITE_RECOGNITION,6,False
GO_BP,GOBP_MRNA_CATABOLIC_PROCESS,275,True
GO_BP,GOBP_MRNA_CIS_SPLICING_VIA_SPLICEOSOME,30,True
GO_BP,GOBP_MRNA_EXPORT_FROM_NUCLEUS,75,True
GO_BP,GOBP_MRNA_METABOLIC_PROCESS,753,False
GO_BP,GOBP_MRNA_METHYLGUANOSINE_CAP_DECAPPING,26,True
GO_BP,GOBP_MRNA_MODIFICATION,24,True
GO_BP,GOBP_MRNA_PROCESSING,492,True
GO_BP,GOBP_MRNA_PSEUDOURIDINE_SYNTHESIS,10,False
GO_BP,GOBP_MRNA_SPLICE_SITE_RECOGNITION,30,True
GO_BP,GOBP_MRNA_TRANSCRIPTION,59,True
GO_BP,GOBP_MRNA_TRANSPORT,134,True
GO_BP,GOBP_MUCOCILIARY_CLEARANCE,9,False
GO_BP,GOBP_MUCOSA_ASSOCIATED_LYMPHOID_TISSUE_DEVELOPMENT,9,False
GO_BP,GOBP_MUCUS_SECRETION,11,False
GO_BP,GOBP_MULTICELLULAR_ORGANISMAL_LEVEL_CHEMICAL_HOMEOSTASIS,74,True
GO_BP,GOBP_MULTICELLULAR_ORGANISMAL_LEVEL_HOMEOSTASIS,747,False
GO_BP,GOBP_MULTICELLULAR_ORGANISMAL_LEVEL_IRON_ION_HOMEOSTASIS,25,True
GO_BP,GOBP_MULTICELLULAR_ORGANISMAL_LEVEL_WATER_HOMEOSTASIS,35,True
GO_BP,GOBP_MULTICELLULAR_ORGANISMAL_MOVEMENT,47,True
GO_BP,GOBP_MULTICELLULAR_ORGANISMAL_REPRODUCTIVE_PROCESS,780,False
GO_BP,GOBP_MULTICELLULAR_ORGANISMAL_RESPONSE_TO_STRESS,73,True
GO_BP,GOBP_MULTICELLULAR_ORGANISM_GROWTH,150,True
GO_BP,GOBP_MULTINUCLEAR_OSTEOCLAST_DIFFERENTIATION,8,False
GO_BP,GOBP_MULTIVESICULAR_BODY_LYSOSOME_FUSION,11,False
GO_BP,GOBP_MULTIVESICULAR_BODY_ORGANIZATION,34,True
GO_BP,GOBP_MULTIVESICULAR_BODY_SORTING_PATHWAY,52,True
GO_BP,GOBP_MULTI_CILIATED_EPITHELIAL_CELL_DIFFERENTIATION,9,False
GO_BP,GOBP_MULTI_MULTICELLULAR_ORGANISM_PROCESS,165,True
GO_BP,GOBP_MULTI_PASS_TRANSMEMBRANE_PROTEIN_INSERTION_INTO_ER_MEMBRANE,11,False
GO_BP,GOBP_MUSCLE_ADAPTATION,91,True
GO_BP,GOBP_MUSCLE_ATROPHY,9,False
GO_BP,GOBP_MUSCLE_CELL_APOPTOTIC_PROCESS,75,True
GO_BP,GOBP_MUSCLE_CELL_CELLULAR_HOMEOSTASIS,18,True
GO_BP,GOBP_MUSCLE_CELL_DEVELOPMENT,162,True
GO_BP,GOBP_MUSCLE_CELL_DIFFERENTIATION,401,True
GO_BP,GOBP_MUSCLE_CELL_FATE_COMMITMENT,6,False
GO_BP,GOBP_MUSCLE_CELL_MIGRATION,75,True
GO_BP,GOBP_MUSCLE_CELL_PROLIFERATION,171,True
GO_BP,GOBP_MUSCLE_CONTRACTION,319,True
GO_BP,GOBP_MUSCLE_HYPERTROPHY,77,True
GO_BP,GOBP_MUSCLE_HYPERTROPHY_IN_RESPONSE_TO_STRESS,19,True
GO_BP,GOBP_MUSCLE_ORGAN_DEVELOPMENT,293,True
GO_BP,GOBP_MUSCLE_ORGAN_MORPHOGENESIS,59,True
GO_BP,GOBP_MUSCLE_STRUCTURE_DEVELOPMENT,640,False
GO_BP,GOBP_MUSCLE_SYSTEM_PROCESS,401,True
GO_BP,GOBP_MUSCLE_TISSUE_DEVELOPMENT,358,True
GO_BP,GOBP_MUSCULAR_SEPTUM_MORPHOGENESIS,5,False
GO_BP,GOBP_MYCOTOXIN_METABOLIC_PROCESS,4,False
GO_BP,GOBP_MYD88_DEPENDENT_TOLL_LIKE_RECEPTOR_SIGNALING_PATHWAY,19,True
GO_BP,GOBP_MYD88_INDEPENDENT_TOLL_LIKE_RECEPTOR_SIGNALING_PATHWAY,16,True
GO_BP,GOBP_MYELIN_ASSEMBLY,20,True
GO_BP,GOBP_MYELIN_MAINTENANCE,14,False
GO_BP,GOBP_MYELOID_CELL_ACTIVATION_INVOLVED_IN_IMMUNE_RESPONSE,72,True
GO_BP,GOBP_MYELOID_CELL_APOPTOTIC_PROCESS,29,True
GO_BP,GOBP_MYELOID_CELL_DEVELOPMENT,68,True
GO_BP,GOBP_MYELOID_CELL_DIFFERENTIATION,384,True
GO_BP,GOBP_MYELOID_CELL_HOMEOSTASIS,163,True
GO_BP,GOBP_MYELOID_DENDRITIC_CELL_ACTIVATION,22,True
GO_BP,GOBP_MYELOID_DENDRITIC_CELL_CHEMOTAXIS,4,False
GO_BP,GOBP_MYELOID_DENDRITIC_CELL_CYTOKINE_PRODUCTION,8,False
GO_BP,GOBP_MYELOID_DENDRITIC_CELL_DIFFERENTIATION,14,False
GO_BP,GOBP_MYELOID_LEUKOCYTE_ACTIVATION,183,True
GO_BP,GOBP_MYELOID_LEUKOCYTE_CYTOKINE_PRODUCTION,29,True
GO_BP,GOBP_MYELOID_LEUKOCYTE_DIFFERENTIATION,201,True
GO_BP,GOBP_MYELOID_LEUKOCYTE_MEDIATED_IMMUNITY,81,True
GO_BP,GOBP_MYELOID_LEUKOCYTE_MIGRATION,148,True
GO_BP,GOBP_MYELOID_PROGENITOR_CELL_DIFFERENTIATION,7,False
GO_BP,GOBP_MYOBLAST_DIFFERENTIATION,88,True
GO_BP,GOBP_MYOBLAST_FATE_COMMITMENT,4,False
GO_BP,GOBP_MYOBLAST_FUSION,75,True
GO_BP,GOBP_MYOBLAST_FUSION_INVOLVED_IN_SKELETAL_MUSCLE_REGENERATION,3,False
GO_BP,GOBP_MYOBLAST_MIGRATION,13,False
GO_BP,GOBP_MYOBLAST_PROLIFERATION,19,True
GO_BP,GOBP_MYOFIBRIL_ASSEMBLY,59,True
GO_BP,GOBP_MYOFIBROBLAST_DIFFERENTIATION,9,False
GO_BP,GOBP_MYOSIN_FILAMENT_ORGANIZATION,6,False
GO_BP,GOBP_MYOTUBE_CELL_DEVELOPMENT,31,True
GO_BP,GOBP_MYOTUBE_DIFFERENTIATION,142,True
GO_BP,GOBP_MYOTUBE_DIFFERENTIATION_INVOLVED_IN_SKELETAL_MUSCLE_REGENERATION,6,False
GO_BP,GOBP_NADH_DEHYDROGENASE_COMPLEX_ASSEMBLY,40,True
GO_BP,GOBP_NADPH_REGENERATION,21,True
GO_BP,GOBP_NADPLUS_BIOSYNTHETIC_PROCESS,14,False
GO_BP,GOBP_NADPLUS_CATABOLIC_PROCESS,5,False
GO_BP,GOBP_NADPLUS_METABOLIC_PROCESS,39,True
GO_BP,GOBP_NADPPLUS_BIOSYNTHETIC_PROCESS,5,False
GO_BP,GOBP_NADPPLUS_METABOLIC_PROCESS,35,True
GO_BP,GOBP_NAD_TRANSMEMBRANE_TRANSPORT,4,False
GO_BP,GOBP_NAD_TRANSPORT,5,False
GO_BP,GOBP_NAIL_DEVELOPMENT,8,False
GO_BP,GOBP_NATURAL_KILLER_CELL_ACTIVATION,73,True
GO_BP,GOBP_NATURAL_KILLER_CELL_ACTIVATION_INVOLVED_IN_IMMUNE_RESPONSE,10,False
GO_BP,GOBP_NATURAL_KILLER_CELL_CHEMOTAXIS,3,False
GO_BP,GOBP_NATURAL_KILLER_CELL_CYTOKINE_PRODUCTION,7,False
GO_BP,GOBP_NATURAL_KILLER_CELL_DEGRANULATION,9,False
GO_BP,GOBP_NATURAL_KILLER_CELL_DIFFERENTIATION,20,True
GO_BP,GOBP_NATURAL_KILLER_CELL_MEDIATED_IMMUNE_RESPONSE_TO_TUMOR_CELL,7,False
GO_BP,GOBP_NATURAL_KILLER_CELL_MEDIATED_IMMUNITY,77,True
GO_BP,GOBP_NATURAL_KILLER_CELL_PROLIFERATION,11,False
GO_BP,GOBP_NECROPTOTIC_PROCESS,39,True
GO_BP,GOBP_NECROPTOTIC_SIGNALING_PATHWAY,6,False
GO_BP,GOBP_NEGATIVE_ADAPTATION_OF_SIGNALING_PATHWAY,15,True
GO_BP,GOBP_NEGATIVE_CHEMOTAXIS,42,True
GO_BP,GOBP_NEGATIVE_REGULATION_OF_ACTIN_FILAMENT_BUNDLE_ASSEMBLY,32,True
GO_BP,GOBP_NEGATIVE_REGULATION_OF_ACTIN_FILAMENT_DEPOLYMERIZATION,44,True
GO_BP,GOBP_NEGATIVE_REGULATION_OF_ACTIN_FILAMENT_POLYMERIZATION,56,True
GO_BP,GOBP_NEGATIVE_REGULATION_OF_ACTIN_NUCLEATION,7,False
GO_BP,GOBP_NEGATIVE_REGULATION_OF_ACTION_POTENTIAL,3,False
GO_BP,GOBP_NEGATIVE_REGULATION_OF_ACTIVATED_T_CELL_PROLIFERATION,13,False
GO_BP,GOBP_NEGATIVE_REGULATION_OF_ACTIVIN_RECEPTOR_SIGNALING_PATHWAY,18,True
GO_BP,GOBP_NEGATIVE_REGULATION_OF_ACUTE_INFLAMMATORY_RESPONSE,6,False
GO_BP,GOBP_NEGATIVE_REGULATION_OF_ACUTE_INFLAMMATORY_RESPONSE_TO_ANTIGENIC_STIMULUS,3,False
GO_BP,GOBP_NEGATIVE_REGULATION_OF_ADAPTIVE_IMMUNE_RESPONSE,42,True
GO_BP,GOBP_NEGATIVE_REGULATION_OF_ADENYLATE_CYCLASE_ACTIVATING_ADRENERGIC_RECEPTOR_SIGNALING_PATHWAY,5,False
GO_BP,GOBP_NEGATIVE_REGULATION_OF_ADENYLATE_CYCLASE_ACTIVATING_G_PROTEIN_COUPLED_RECEPTOR_SIGNALING_PATHWAY,11,False
GO_BP,GOBP_NEGATIVE_REGULATION_OF_ADENYLATE_CYCLASE_ACTIVITY,6,False
GO_BP,GOBP_NEGATIVE_REGULATION_OF_ADIPOSE_TISSUE_DEVELOPMENT,10,False
GO_BP,GOBP_NEGATIVE_REGULATION_OF_ALCOHOL_BIOSYNTHETIC_PROCESS,9,False
GO_BP,GOBP_NEGATIVE_REGULATION_OF_ALPHA_BETA_T_CELL_ACTIVATION,35,True
GO_BP,GOBP_NEGATIVE_REGULATION_OF_ALPHA_BETA_T_CELL_DIFFERENTIATION,23,True
GO_BP,GOBP_NEGATIVE_REGULATION_OF_ALPHA_BETA_T_CELL_PROLIFERATION,10,False
GO_BP,GOBP_NEGATIVE_REGULATION_OF_AMIDE_METABOLIC_PROCESS,24,True
GO_BP,GOBP_NEGATIVE_REGULATION_OF_AMINE_METABOLIC_PROCESS,5,False
GO_BP,GOBP_NEGATIVE_REGULATION_OF_AMINE_TRANSPORT,18,True
GO_BP,GOBP_NEGATIVE_REGULATION_OF_AMINO_ACID_TRANSPORT,13,False
GO_BP,GOBP_NEGATIVE_REGULATION_OF_AMYLOID_BETA_CLEARANCE,7,False
GO_BP,GOBP_NEGATIVE_REGULATION_OF_AMYLOID_FIBRIL_FORMATION,13,False
GO_BP,GOBP_NEGATIVE_REGULATION_OF_AMYLOID_PRECURSOR_PROTEIN_BIOSYNTHETIC_PROCESS,7,False
GO_BP,GOBP_NEGATIVE_REGULATION_OF_AMYLOID_PRECURSOR_PROTEIN_CATABOLIC_PROCESS,18,True
GO_BP,GOBP_NEGATIVE_REGULATION_OF_ANDROGEN_RECEPTOR_SIGNALING_PATHWAY,15,True
GO_BP,GOBP_NEGATIVE_REGULATION_OF_ANOIKIS,15,True
GO_BP,GOBP_NEGATIVE_REGULATION_OF_ANTIGEN_PROCESSING_AND_PRESENTATION,5,False
GO_BP,GOBP_NEGATIVE_REGULATION_OF_ANTIGEN_RECEPTOR_MEDIATED_SIGNALING_PATHWAY,35,True
GO_BP,GOBP_NEGATIVE_REGULATION_OF_APOPTOTIC_PROCESS_INVOLVED_IN_DEVELOPMENT,4,False
GO_BP,GOBP_NEGATIVE_REGULATION_OF_APOPTOTIC_SIGNALING_PATHWAY,213,True
GO_BP,GOBP_NEGATIVE_REGULATION_OF_ARP2_3_COMPLEX_MEDIATED_ACTIN_NUCLEATION,5,False
GO_BP,GOBP_NEGATIVE_REGULATION_OF_ASTROCYTE_ACTIVATION,2,False
GO_BP,GOBP_NEGATIVE_REGULATION_OF_ASTROCYTE_DIFFERENTIATION,7,False
GO_BP,GOBP_NEGATIVE_REGULATION_OF_ATP_DEPENDENT_ACTIVITY,11,False
GO_BP,GOBP_NEGATIVE_REGULATION_OF_AUTOPHAGOSOME_ASSEMBLY,17,True
GO_BP,GOBP_NEGATIVE_REGULATION_OF_AUTOPHAGOSOME_MATURATION,5,False
GO_BP,GOBP_NEGATIVE_REGULATION_OF_AUTOPHAGY,100,True
GO_BP,GOBP_NEGATIVE_REGULATION_OF_AUTOPHAGY_OF_MITOCHONDRION,11,False
GO_BP,GOBP_NEGATIVE_REGULATION_OF_AXONOGENESIS,48,True
GO_BP,GOBP_NEGATIVE_REGULATION_OF_AXON_EXTENSION,29,True
GO_BP,GOBP_NEGATIVE_REGULATION_OF_AXON_EXTENSION_INVOLVED_IN_AXON_GUIDANCE,10,False
GO_BP,GOBP_NEGATIVE_REGULATION_OF_BEHAVIOR,7,False
GO_BP,GOBP_NEGATIVE_REGULATION_OF_BICELLULAR_TIGHT_JUNCTION_ASSEMBLY,4,False
GO_BP,GOBP_NEGATIVE_REGULATION_OF_BINDING,39,True
GO_BP,GOBP_NEGATIVE_REGULATION_OF_BIOMINERAL_TISSUE_DEVELOPMENT,22,True
GO_BP,GOBP_NEGATIVE_REGULATION_OF_BLOOD_CIRCULATION,19,True
GO_BP,GOBP_NEGATIVE_REGULATION_OF_BLOOD_PRESSURE,31,True
GO_BP,GOBP_NEGATIVE_REGULATION_OF_BLOOD_VESSEL_ENDOTHELIAL_CELL_MIGRATION,32,True
GO_BP,GOBP_NEGATIVE_REGULATION_OF_BLOOD_VESSEL_ENDOTHELIAL_CELL_PROLIFERATION_INVOLVED_IN_SPROUTING_ANGIOGENESIS,6,False
GO_BP,GOBP_NEGATIVE_REGULATION_OF_BMP_SIGNALING_PATHWAY,50,True
GO_BP,GOBP_NEGATIVE_REGULATION_OF_BONE_MINERALIZATION,13,False
GO_BP,GOBP_NEGATIVE_REGULATION_OF_BONE_REMODELING,15,True
GO_BP,GOBP_NEGATIVE_REGULATION_OF_BROWN_FAT_CELL_DIFFERENTIATION,4,False
GO_BP,GOBP_NEGATIVE_REGULATION_OF_B_CELL_ACTIVATION,24,True
GO_BP,GOBP_NEGATIVE_REGULATION_OF_B_CELL_APOPTOTIC_PROCESS,12,False
GO_BP,GOBP_NEGATIVE_REGULATION_OF_B_CELL_DIFFERENTIATION,5,False
GO_BP,GOBP_NEGATIVE_REGULATION_OF_B_CELL_MEDIATED_IMMUNITY,5,False
GO_BP,GOBP_NEGATIVE_REGULATION_OF_B_CELL_PROLIFERATION,11,False
GO_BP,GOBP_NEGATIVE_REGULATION_OF_B_CELL_RECEPTOR_SIGNALING_PATHWAY,6,False
GO_BP,GOBP_NEGATIVE_REGULATION_OF_CALCINEURIN_MEDIATED_SIGNALING,13,False
GO_BP,GOBP_NEGATIVE_REGULATION_OF_CALCIUM_ION_DEPENDENT_EXOCYTOSIS,8,False
GO_BP,GOBP_NEGATIVE_REGULATION_OF_CALCIUM_ION_EXPORT_ACROSS_PLASMA_MEMBRANE,5,False
GO_BP,GOBP_NEGATIVE_REGULATION_OF_CALCIUM_ION_IMPORT,8,False
GO_BP,GOBP_NEGATIVE_REGULATION_OF_CALCIUM_ION_IMPORT_ACROSS_PLASMA_MEMBRANE,4,False
GO_BP,GOBP_NEGATIVE_REGULATION_OF_CALCIUM_ION_TRANSMEMBRANE_TRANSPORT,31,True
GO_BP,GOBP_NEGATIVE_REGULATION_OF_CALCIUM_ION_TRANSMEMBRANE_TRANSPORTER_ACTIVITY,9,False
GO_BP,GOBP_NEGATIVE_REGULATION_OF_CALCIUM_ION_TRANSMEMBRANE_TRANSPORT_VIA_HIGH_VOLTAGE_GATED_CALCIUM_CHANNEL,4,False
GO_BP,GOBP_NEGATIVE_REGULATION_OF_CALCIUM_ION_TRANSPORT,38,True
GO_BP,GOBP_NEGATIVE_REGULATION_OF_CALCIUM_ION_TRANSPORT_INTO_CYTOSOL,4,False
GO_BP,GOBP_NEGATIVE_REGULATION_OF_CALCIUM_MEDIATED_SIGNALING,18,True
GO_BP,GOBP_NEGATIVE_REGULATION_OF_CAMP_PKA_SIGNAL_TRANSDUCTION,25,True
GO_BP,GOBP_NEGATIVE_REGULATION_OF_CANONICAL_NF_KAPPAB_SIGNAL_TRANSDUCTION,73,True
GO_BP,GOBP_NEGATIVE_REGULATION_OF_CANONICAL_WNT_SIGNALING_PATHWAY,122,True
GO_BP,GOBP_NEGATIVE_REGULATION_OF_CARBOHYDRATE_METABOLIC_PROCESS,45,True
GO_BP,GOBP_NEGATIVE_REGULATION_OF_CARDIAC_MUSCLE_ADAPTATION,6,False
GO_BP,GOBP_NEGATIVE_REGULATION_OF_CARDIAC_MUSCLE_CELL_DIFFERENTIATION,9,False
GO_BP,GOBP_NEGATIVE_REGULATION_OF_CARDIAC_MUSCLE_CELL_PROLIFERATION,6,False
GO_BP,GOBP_NEGATIVE_REGULATION_OF_CARDIAC_MUSCLE_CONTRACTION,4,False
GO_BP,GOBP_NEGATIVE_REGULATION_OF_CARDIAC_MUSCLE_TISSUE_GROWTH,18,True
GO_BP,GOBP_NEGATIVE_REGULATION_OF_CARDIOCYTE_DIFFERENTIATION,12,False
GO_BP,GOBP_NEGATIVE_REGULATION_OF_CARTILAGE_DEVELOPMENT,29,True
GO_BP,GOBP_NEGATIVE_REGULATION_OF_CATABOLIC_PROCESS,362,True
GO_BP,GOBP_NEGATIVE_REGULATION_OF_CATALYTIC_ACTIVITY,127,True
GO_BP,GOBP_NEGATIVE_REGULATION_OF_CATECHOLAMINE_SECRETION,9,False
GO_BP,GOBP_NEGATIVE_REGULATION_OF_CD4_POSITIVE_ALPHA_BETA_T_CELL_ACTIVATION,25,True
GO_BP,GOBP_NEGATIVE_REGULATION_OF_CD4_POSITIVE_ALPHA_BETA_T_CELL_DIFFERENTIATION,20,True
GO_BP,GOBP_NEGATIVE_REGULATION_OF_CD4_POSITIVE_ALPHA_BETA_T_CELL_PROLIFERATION,5,False
GO_BP,GOBP_NEGATIVE_REGULATION_OF_CD8_POSITIVE_ALPHA_BETA_T_CELL_ACTIVATION,7,False
GO_BP,GOBP_NEGATIVE_REGULATION_OF_CELLULAR_COMPONENT_ORGANIZATION,723,False
GO_BP,GOBP_NEGATIVE_REGULATION_OF_CELLULAR_EXTRAVASATION,6,False
GO_BP,GOBP_NEGATIVE_REGULATION_OF_CELLULAR_RESPIRATION,8,False
GO_BP,GOBP_NEGATIVE_REGULATION_OF_CELLULAR_RESPONSE_TO_GROWTH_FACTOR_STIMULUS,89,True
GO_BP,GOBP_NEGATIVE_REGULATION_OF_CELLULAR_RESPONSE_TO_HYPOXIA,13,False
GO_BP,GOBP_NEGATIVE_REGULATION_OF_CELLULAR_RESPONSE_TO_INSULIN_STIMULUS,41,True
GO_BP,GOBP_NEGATIVE_REGULATION_OF_CELLULAR_RESPONSE_TO_OXIDATIVE_STRESS,4,False
GO_BP,GOBP_NEGATIVE_REGULATION_OF_CELLULAR_RESPONSE_TO_TRANSFORMING_GROWTH_FACTOR_BETA_STIMULUS,2,False
GO_BP,GOBP_NEGATIVE_REGULATION_OF_CELLULAR_RESPONSE_TO_VASCULAR_ENDOTHELIAL_GROWTH_FACTOR_STIMULUS,14,False
GO_BP,GOBP_NEGATIVE_REGULATION_OF_CELLULAR_SENESCENCE,22,True
GO_BP,GOBP_NEGATIVE_REGULATION_OF_CELL_ACTIVATION,169,True
GO_BP,GOBP_NEGATIVE_REGULATION_OF_CELL_ADHESION,245,True
GO_BP,GOBP_NEGATIVE_REGULATION_OF_CELL_ADHESION_MEDIATED_BY_INTEGRIN,12,False
GO_BP,GOBP_NEGATIVE_REGULATION_OF_CELL_ADHESION_MOLECULE_PRODUCTION,2,False
GO_BP,GOBP_NEGATIVE_REGULATION_OF_CELL_CELL_ADHESION,160,True
GO_BP,GOBP_NEGATIVE_REGULATION_OF_CELL_CELL_ADHESION_MEDIATED_BY_CADHERIN,8,False
GO_BP,GOBP_NEGATIVE_REGULATION_OF_CELL_CHEMOTAXIS_TO_FIBROBLAST_GROWTH_FACTOR,0,False
GO_BP,GOBP_NEGATIVE_REGULATION_OF_CELL_COMMUNICATION,1324,False
GO_BP,GOBP_NEGATIVE_REGULATION_OF_CELL_CYCLE,365,True
GO_BP,GOBP_NEGATIVE_REGULATION_OF_CELL_CYCLE_CHECKPOINT,7,False
GO_BP,GOBP_NEGATIVE_REGULATION_OF_CELL_CYCLE_G1_S_PHASE_TRANSITION,59,True
GO_BP,GOBP_NEGATIVE_REGULATION_OF_CELL_CYCLE_G2_M_PHASE_TRANSITION,75,True
GO_BP,GOBP_NEGATIVE_REGULATION_OF_CELL_CYCLE_PROCESS,297,True
GO_BP,GOBP_NEGATIVE_REGULATION_OF_CELL_DEVELOPMENT,211,True
GO_BP,GOBP_NEGATIVE_REGULATION_OF_CELL_DIFFERENTIATION,535,False
GO_BP,GOBP_NEGATIVE_REGULATION_OF_CELL_DIVISION,11,False
GO_BP,GOBP_NEGATIVE_REGULATION_OF_CELL_FATE_COMMITMENT,10,False
GO_BP,GOBP_NEGATIVE_REGULATION_OF_CELL_GROWTH,154,True
GO_BP,GOBP_NEGATIVE_REGULATION_OF_CELL_GROWTH_INVOLVED_IN_CARDIAC_MUSCLE_CELL_DEVELOPMENT,12,False
GO_BP,GOBP_NEGATIVE_REGULATION_OF_CELL_JUNCTION_ASSEMBLY,32,True
GO_BP,GOBP_NEGATIVE_REGULATION_OF_CELL_KILLING,32,True
GO_BP,GOBP_NEGATIVE_REGULATION_OF_CELL_MATRIX_ADHESION,34,True
GO_BP,GOBP_NEGATIVE_REGULATION_OF_CELL_MATURATION,4,False
GO_BP,GOBP_NEGATIVE_REGULATION_OF_CELL_MIGRATION_INVOLVED_IN_SPROUTING_ANGIOGENESIS,15,True
GO_BP,GOBP_NEGATIVE_REGULATION_OF_CELL_POPULATION_PROLIFERATION,572,False
GO_BP,GOBP_NEGATIVE_REGULATION_OF_CELL_PROJECTION_ORGANIZATION,166,True
GO_BP,GOBP_NEGATIVE_REGULATION_OF_CELL_PROLIFERATION_INVOLVED_IN_KIDNEY_DEVELOPMENT,3,False
GO_BP,GOBP_NEGATIVE_REGULATION_OF_CELL_SIZE,8,False
GO_BP,GOBP_NEGATIVE_REGULATION_OF_CELL_SUBSTRATE_ADHESION,58,True
GO_BP,GOBP_NEGATIVE_REGULATION_OF_CELL_SUBSTRATE_JUNCTION_ORGANIZATION,19,True
GO_BP,GOBP_NEGATIVE_REGULATION_OF_CELL_VOLUME,5,False
GO_BP,GOBP_NEGATIVE_REGULATION_OF_CENTRIOLE_REPLICATION,7,False
GO_BP,GOBP_NEGATIVE_REGULATION_OF_CENTROSOME_DUPLICATION,12,False
GO_BP,GOBP_NEGATIVE_REGULATION_OF_CERAMIDE_BIOSYNTHETIC_PROCESS,5,False
GO_BP,GOBP_NEGATIVE_REGULATION_OF_CGAS_STING_SIGNALING_PATHWAY,15,True
GO_BP,GOBP_NEGATIVE_REGULATION_OF_CHEMOKINE_C_C_MOTIF_LIGAND_5_PRODUCTION,6,False
GO_BP,GOBP_NEGATIVE_REGULATION_OF_CHEMOKINE_C_X_C_MOTIF_LIGAND_2_PRODUCTION,4,False
GO_BP,GOBP_NEGATIVE_REGULATION_OF_CHEMOKINE_MEDIATED_SIGNALING_PATHWAY,6,False
GO_BP,GOBP_NEGATIVE_REGULATION_OF_CHEMOKINE_PRODUCTION,21,True
GO_BP,GOBP_NEGATIVE_REGULATION_OF_CHEMOTAXIS,39,True
GO_BP,GOBP_NEGATIVE_REGULATION_OF_CHOLESTEROL_BIOSYNTHETIC_PROCESS,6,False
GO_BP,GOBP_NEGATIVE_REGULATION_OF_CHOLESTEROL_EFFLUX,4,False
GO_BP,GOBP_NEGATIVE_REGULATION_OF_CHOLESTEROL_METABOLIC_PROCESS,7,False
GO_BP,GOBP_NEGATIVE_REGULATION_OF_CHOLESTEROL_STORAGE,9,False
GO_BP,GOBP_NEGATIVE_REGULATION_OF_CHONDROCYTE_DIFFERENTIATION,22,True
GO_BP,GOBP_NEGATIVE_REGULATION_OF_CHONDROCYTE_PROLIFERATION,4,False
GO_BP,GOBP_NEGATIVE_REGULATION_OF_CHROMATIN_ORGANIZATION,10,False
GO_BP,GOBP_NEGATIVE_REGULATION_OF_CHROMOSOME_ORGANIZATION,101,True
GO_BP,GOBP_NEGATIVE_REGULATION_OF_CILIUM_ASSEMBLY,25,True
GO_BP,GOBP_NEGATIVE_REGULATION_OF_CIRCADIAN_RHYTHM,9,False
GO_BP,GOBP_NEGATIVE_REGULATION_OF_COAGULATION,35,True
GO_BP,GOBP_NEGATIVE_REGULATION_OF_COLD_INDUCED_THERMOGENESIS,41,True
GO_BP,GOBP_NEGATIVE_REGULATION_OF_COLLAGEN_METABOLIC_PROCESS,13,False
GO_BP,GOBP_NEGATIVE_REGULATION_OF_COLLATERAL_SPROUTING,10,False
GO_BP,GOBP_NEGATIVE_REGULATION_OF_COMPLEMENT_ACTIVATION,6,False
GO_BP,GOBP_NEGATIVE_REGULATION_OF_COMPLEMENT_DEPENDENT_CYTOTOXICITY,2,False
GO_BP,GOBP_NEGATIVE_REGULATION_OF_CYCLIN_DEPENDENT_PROTEIN_SERINE_THREONINE_KINASE_ACTIVITY,8,False
GO_BP,GOBP_NEGATIVE_REGULATION_OF_CYTOKINESIS,4,False
GO_BP,GOBP_NEGATIVE_REGULATION_OF_CYTOKINE_PRODUCTION,243,True
GO_BP,GOBP_NEGATIVE_REGULATION_OF_CYTOKINE_PRODUCTION_INVOLVED_IN_IMMUNE_RESPONSE,17,True
GO_BP,GOBP_NEGATIVE_REGULATION_OF_CYTOKINE_PRODUCTION_INVOLVED_IN_INFLAMMATORY_RESPONSE,24,True
GO_BP,GOBP_NEGATIVE_REGULATION_OF_CYTOPLASMIC_PATTERN_RECOGNITION_RECEPTOR_SIGNALING_PATHWAY,57,True
GO_BP,GOBP_NEGATIVE_REGULATION_OF_CYTOPLASMIC_TRANSLATION,11,False
GO_BP,GOBP_NEGATIVE_REGULATION_OF_CYTOPLASMIC_TRANSLATIONAL_INITIATION,5,False
GO_BP,GOBP_NEGATIVE_REGULATION_OF_CYTOSKELETON_ORGANIZATION,154,True
GO_BP,GOBP_NEGATIVE_REGULATION_OF_CYTOSOLIC_CALCIUM_ION_CONCENTRATION,11,False
GO_BP,GOBP_NEGATIVE_REGULATION_OF_DEFENSE_RESPONSE,231,True
GO_BP,GOBP_NEGATIVE_REGULATION_OF_DEFENSE_RESPONSE_TO_BACTERIUM,3,False
GO_BP,GOBP_NEGATIVE_REGULATION_OF_DEFENSE_RESPONSE_TO_VIRUS,17,True
GO_BP,GOBP_NEGATIVE_REGULATION_OF_DENDRITE_DEVELOPMENT,8,False
GO_BP,GOBP_NEGATIVE_REGULATION_OF_DENDRITE_MORPHOGENESIS,6,False
GO_BP,GOBP_NEGATIVE_REGULATION_OF_DENDRITIC_CELL_APOPTOTIC_PROCESS,4,False
GO_BP,GOBP_NEGATIVE_REGULATION_OF_DENDRITIC_CELL_DIFFERENTIATION,3,False
GO_BP,GOBP_NEGATIVE_REGULATION_OF_DENDRITIC_SPINE_DEVELOPMENT,8,False
GO_BP,GOBP_NEGATIVE_REGULATION_OF_DENDRITIC_SPINE_MAINTENANCE,5,False
GO_BP,GOBP_NEGATIVE_REGULATION_OF_DENDRITIC_SPINE_MORPHOGENESIS,3,False
GO_BP,GOBP_NEGATIVE_REGULATION_OF_DEPHOSPHORYLATION,5,False
GO_BP,GOBP_NEGATIVE_REGULATION_OF_DEVELOPMENTAL_GROWTH,80,True
GO_BP,GOBP_NEGATIVE_REGULATION_OF_DEVELOPMENTAL_PROCESS,786,False
GO_BP,GOBP_NEGATIVE_REGULATION_OF_DIGESTIVE_SYSTEM_PROCESS,6,False
GO_BP,GOBP_NEGATIVE_REGULATION_OF_DNA_BINDING,12,False
GO_BP,GOBP_NEGATIVE_REGULATION_OF_DNA_BINDING_TRANSCRIPTION_FACTOR_ACTIVITY,50,True
GO_BP,GOBP_NEGATIVE_REGULATION_OF_DNA_BIOSYNTHETIC_PROCESS,28,True
GO_BP,GOBP_NEGATIVE_REGULATION_OF_DNA_DAMAGE_RESPONSE_SIGNAL_TRANSDUCTION_BY_P53_CLASS_MEDIATOR,16,True
GO_BP,GOBP_NEGATIVE_REGULATION_OF_DNA_METABOLIC_PROCESS,124,True
GO_BP,GOBP_NEGATIVE_REGULATION_OF_DNA_RECOMBINATION,44,True
GO_BP,GOBP_NEGATIVE_REGULATION_OF_DNA_REPAIR,40,True
GO_BP,GOBP_NEGATIVE_REGULATION_OF_DNA_REPLICATION,25,True
GO_BP,GOBP_NEGATIVE_REGULATION_OF_DNA_TEMPLATED_DNA_REPLICATION,14,False
GO_BP,GOBP_NEGATIVE_REGULATION_OF_DNA_TEMPLATED_TRANSCRIPTION_ELONGATION,26,True
GO_BP,GOBP_NEGATIVE_REGULATION_OF_DNA_TEMPLATED_TRANSCRIPTION_INITIATION,9,False
GO_BP,GOBP_NEGATIVE_REGULATION_OF_DOUBLE_STRAND_BREAK_REPAIR_VIA_HOMOLOGOUS_RECOMBINATION,26,True
GO_BP,GOBP_NEGATIVE_REGULATION_OF_DOUBLE_STRAND_BREAK_REPAIR_VIA_NONHOMOLOGOUS_END_JOINING,8,False
GO_BP,GOBP_NEGATIVE_REGULATION_OF_D_GLUCOSE_IMPORT,11,False
GO_BP,GOBP_NEGATIVE_REGULATION_OF_D_GLUCOSE_TRANSMEMBRANE_TRANSPORT,16,True
GO_BP,GOBP_NEGATIVE_REGULATION_OF_EATING_BEHAVIOR,3,False
GO_BP,GOBP_NEGATIVE_REGULATION_OF_ENDOCYTOSIS,58,True
GO_BP,GOBP_NEGATIVE_REGULATION_OF_ENDOPEPTIDASE_ACTIVITY,4,False
GO_BP,GOBP_NEGATIVE_REGULATION_OF_ENDOPLASMIC_RETICULUM_CALCIUM_ION_CONCENTRATION,6,False
GO_BP,GOBP_NEGATIVE_REGULATION_OF_ENDOPLASMIC_RETICULUM_STRESS_INDUCED_INTRINSIC_APOPTOTIC_SIGNALING_PATHWAY,21,True
GO_BP,GOBP_NEGATIVE_REGULATION_OF_ENDOPLASMIC_RETICULUM_UNFOLDED_PROTEIN_RESPONSE,25,True
GO_BP,GOBP_NEGATIVE_REGULATION_OF_ENDOTHELIAL_CELL_APOPTOTIC_PROCESS,24,True
GO_BP,GOBP_NEGATIVE_REGULATION_OF_ENDOTHELIAL_CELL_CHEMOTAXIS,2,False
GO_BP,GOBP_NEGATIVE_REGULATION_OF_ENDOTHELIAL_CELL_DIFFERENTIATION,7,False
GO_BP,GOBP_NEGATIVE_REGULATION_OF_ENDOTHELIAL_CELL_MIGRATION,46,True
GO_BP,GOBP_NEGATIVE_REGULATION_OF_ENDOTHELIAL_CELL_PROLIFERATION,32,True
GO_BP,GOBP_NEGATIVE_REGULATION_OF_EPIDERMAL_GROWTH_FACTOR_ACTIVATED_RECEPTOR_ACTIVITY,10,False
GO_BP,GOBP_NEGATIVE_REGULATION_OF_EPIDERMIS_DEVELOPMENT,8,False
GO_BP,GOBP_NEGATIVE_REGULATION_OF_EPINEPHRINE_SECRETION,6,False
GO_BP,GOBP_NEGATIVE_REGULATION_OF_EPITHELIAL_CELL_APOPTOTIC_PROCESS,14,False
GO_BP,GOBP_NEGATIVE_REGULATION_OF_EPITHELIAL_CELL_DIFFERENTIATION,31,True
GO_BP,GOBP_NEGATIVE_REGULATION_OF_EPITHELIAL_CELL_MIGRATION,14,False
GO_BP,GOBP_NEGATIVE_REGULATION_OF_EPITHELIAL_CELL_PROLIFERATION,104,True
GO_BP,GOBP_NEGATIVE_REGULATION_OF_EPITHELIAL_CELL_PROLIFERATION_INVOLVED_IN_PROSTATE_GLAND_DEVELOPMENT,7,False
GO_BP,GOBP_NEGATIVE_REGULATION_OF_EPITHELIAL_TO_MESENCHYMAL_TRANSITION,33,True
GO_BP,GOBP_NEGATIVE_REGULATION_OF_ERAD_PATHWAY,7,False
GO_BP,GOBP_NEGATIVE_REGULATION_OF_ERBB_SIGNALING_PATHWAY,34,True
GO_BP,GOBP_NEGATIVE_REGULATION_OF_ERK1_AND_ERK2_CASCADE,62,True
GO_BP,GOBP_NEGATIVE_REGULATION_OF_ERYTHROCYTE_DIFFERENTIATION,10,False
GO_BP,GOBP_NEGATIVE_REGULATION_OF_ESTABLISHMENT_OF_PROTEIN_LOCALIZATION,117,True
GO_BP,GOBP_NEGATIVE_REGULATION_OF_ESTABLISHMENT_OF_PROTEIN_LOCALIZATION_TO_MITOCHONDRION,9,False
GO_BP,GOBP_NEGATIVE_REGULATION_OF_EXCITATORY_POSTSYNAPTIC_POTENTIAL,9,False
GO_BP,GOBP_NEGATIVE_REGULATION_OF_EXECUTION_PHASE_OF_APOPTOSIS,4,False
GO_BP,GOBP_NEGATIVE_REGULATION_OF_EXOCYTOSIS,30,True
GO_BP,GOBP_NEGATIVE_REGULATION_OF_EXTRACELLULAR_MATRIX_ASSEMBLY,3,False
GO_BP,GOBP_NEGATIVE_REGULATION_OF_EXTRACELLULAR_MATRIX_DISASSEMBLY,6,False
GO_BP,GOBP_NEGATIVE_REGULATION_OF_EXTRACELLULAR_MATRIX_ORGANIZATION,15,True
GO_BP,GOBP_NEGATIVE_REGULATION_OF_EXTRINSIC_APOPTOTIC_SIGNALING_PATHWAY,85,True
GO_BP,GOBP_NEGATIVE_REGULATION_OF_EXTRINSIC_APOPTOTIC_SIGNALING_PATHWAY_VIA_DEATH_DOMAIN_RECEPTORS,24,True
GO_BP,GOBP_NEGATIVE_REGULATION_OF_FAS_SIGNALING_PATHWAY,4,False
GO_BP,GOBP_NEGATIVE_REGULATION_OF_FATTY_ACID_BETA_OXIDATION,4,False
GO_BP,GOBP_NEGATIVE_REGULATION_OF_FATTY_ACID_BIOSYNTHETIC_PROCESS,18,True
GO_BP,GOBP_NEGATIVE_REGULATION_OF_FATTY_ACID_METABOLIC_PROCESS,28,True
GO_BP,GOBP_NEGATIVE_REGULATION_OF_FATTY_ACID_OXIDATION,11,False
GO_BP,GOBP_NEGATIVE_REGULATION_OF_FATTY_ACID_TRANSPORT,7,False
GO_BP,GOBP_NEGATIVE_REGULATION_OF_FAT_CELL_DIFFERENTIATION,52,True
GO_BP,GOBP_NEGATIVE_REGULATION_OF_FAT_CELL_PROLIFERATION,7,False
GO_BP,GOBP_NEGATIVE_REGULATION_OF_FEEDING_BEHAVIOR,4,False
GO_BP,GOBP_NEGATIVE_REGULATION_OF_FERROPTOSIS,20,True
GO_BP,GOBP_NEGATIVE_REGULATION_OF_FERTILIZATION,3,False
GO_BP,GOBP_NEGATIVE_REGULATION_OF_FIBRINOLYSIS,9,False
GO_BP,GOBP_NEGATIVE_REGULATION_OF_FIBROBLAST_APOPTOTIC_PROCESS,6,False
GO_BP,GOBP_NEGATIVE_REGULATION_OF_FIBROBLAST_GROWTH_FACTOR_PRODUCTION,3,False
GO_BP,GOBP_NEGATIVE_REGULATION_OF_FIBROBLAST_GROWTH_FACTOR_RECEPTOR_SIGNALING_PATHWAY,16,True
GO_BP,GOBP_NEGATIVE_REGULATION_OF_FIBROBLAST_MIGRATION,10,False
GO_BP,GOBP_NEGATIVE_REGULATION_OF_FIBROBLAST_PROLIFERATION,25,True
GO_BP,GOBP_NEGATIVE_REGULATION_OF_FILOPODIUM_ASSEMBLY,4,False
GO_BP,GOBP_NEGATIVE_REGULATION_OF_G0_TO_G1_TRANSITION,5,False
GO_BP,GOBP_NEGATIVE_REGULATION_OF_GENE_EXPRESSION,1066,False
GO_BP,GOBP_NEGATIVE_REGULATION_OF_GENE_EXPRESSION_EPIGENETIC,216,True
GO_BP,GOBP_NEGATIVE_REGULATION_OF_GENE_EXPRESSION_VIA_CHROMOSOMAL_CPG_ISLAND_METHYLATION,17,True
GO_BP,GOBP_NEGATIVE_REGULATION_OF_GENE_SILENCING_BY_REGULATORY_NCRNA,16,True
GO_BP,GOBP_NEGATIVE_REGULATION_OF_GLIAL_CELL_DIFFERENTIATION,15,True
GO_BP,GOBP_NEGATIVE_REGULATION_OF_GLIAL_CELL_MIGRATION,4,False
GO_BP,GOBP_NEGATIVE_REGULATION_OF_GLIAL_CELL_PROLIFERATION,9,False
GO_BP,GOBP_NEGATIVE_REGULATION_OF_GLIOGENESIS,24,True
GO_BP,GOBP_NEGATIVE_REGULATION_OF_GLUCOCORTICOID_BIOSYNTHETIC_PROCESS,4,False
GO_BP,GOBP_NEGATIVE_REGULATION_OF_GLUCONEOGENESIS,16,True
GO_BP,GOBP_NEGATIVE_REGULATION_OF_GLYCOGEN_BIOSYNTHETIC_PROCESS,8,False
GO_BP,GOBP_NEGATIVE_REGULATION_OF_GLYCOGEN_METABOLIC_PROCESS,9,False
GO_BP,GOBP_NEGATIVE_REGULATION_OF_GLYCOPROTEIN_METABOLIC_PROCESS,16,True
GO_BP,GOBP_NEGATIVE_REGULATION_OF_GOLGI_TO_PLASMA_MEMBRANE_PROTEIN_TRANSPORT,6,False
GO_BP,GOBP_NEGATIVE_REGULATION_OF_GONADOTROPIN_SECRETION,5,False
GO_BP,GOBP_NEGATIVE_REGULATION_OF_GRANULOCYTE_CHEMOTAXIS,4,False
GO_BP,GOBP_NEGATIVE_REGULATION_OF_GRANULOCYTE_DIFFERENTIATION,7,False
GO_BP,GOBP_NEGATIVE_REGULATION_OF_GROWTH,191,True
GO_BP,GOBP_NEGATIVE_REGULATION_OF_GTPASE_ACTIVITY,13,False
GO_BP,GOBP_NEGATIVE_REGULATION_OF_G_PROTEIN_COUPLED_RECEPTOR_SIGNALING_PATHWAY,56,True
GO_BP,GOBP_NEGATIVE_REGULATION_OF_HAIR_FOLLICLE_DEVELOPMENT,4,False
GO_BP,GOBP_NEGATIVE_REGULATION_OF_HEART_RATE,8,False
GO_BP,GOBP_NEGATIVE_REGULATION_OF_HEMATOPOIETIC_PROGENITOR_CELL_DIFFERENTIATION,10,False
GO_BP,GOBP_NEGATIVE_REGULATION_OF_HEMATOPOIETIC_STEM_CELL_DIFFERENTIATION,4,False
GO_BP,GOBP_NEGATIVE_REGULATION_OF_HEMOPOIESIS,100,True
GO_BP,GOBP_NEGATIVE_REGULATION_OF_HEPATOCYTE_APOPTOTIC_PROCESS,5,False
GO_BP,GOBP_NEGATIVE_REGULATION_OF_HETEROCHROMATIN_ORGANIZATION,7,False
GO_BP,GOBP_NEGATIVE_REGULATION_OF_HIPPO_SIGNALING,25,True
GO_BP,GOBP_NEGATIVE_REGULATION_OF_HOMOTYPIC_CELL_CELL_ADHESION,11,False
GO_BP,GOBP_NEGATIVE_REGULATION_OF_HORMONE_BIOSYNTHETIC_PROCESS,6,False
GO_BP,GOBP_NEGATIVE_REGULATION_OF_HORMONE_METABOLIC_PROCESS,8,False
GO_BP,GOBP_NEGATIVE_REGULATION_OF_HORMONE_SECRETION,50,True
GO_BP,GOBP_NEGATIVE_REGULATION_OF_HUMORAL_IMMUNE_RESPONSE,6,False
GO_BP,GOBP_NEGATIVE_REGULATION_OF_HUMORAL_IMMUNE_RESPONSE_MEDIATED_BY_CIRCULATING_IMMUNOGLOBULIN,1,False
GO_BP,GOBP_NEGATIVE_REGULATION_OF_HYDROGEN_PEROXIDE_MEDIATED_PROGRAMMED_CELL_DEATH,8,False
GO_BP,GOBP_NEGATIVE_REGULATION_OF_HYDROGEN_PEROXIDE_METABOLIC_PROCESS,5,False
GO_BP,GOBP_NEGATIVE_REGULATION_OF_HYDROLASE_ACTIVITY,25,True
GO_BP,GOBP_NEGATIVE_REGULATION_OF_HYPOXIA_INDUCED_INTRINSIC_APOPTOTIC_SIGNALING_PATHWAY,8,False
GO_BP,GOBP_NEGATIVE_REGULATION_OF_IMMATURE_T_CELL_PROLIFERATION,5,False
GO_BP,GOBP_NEGATIVE_REGULATION_OF_IMMATURE_T_CELL_PROLIFERATION_IN_THYMUS,4,False
GO_BP,GOBP_NEGATIVE_REGULATION_OF_IMMUNE_EFFECTOR_PROCESS,90,True
GO_BP,GOBP_NEGATIVE_REGULATION_OF_IMMUNE_RESPONSE,169,True
GO_BP,GOBP_NEGATIVE_REGULATION_OF_IMMUNE_SYSTEM_PROCESS,430,True
GO_BP,GOBP_NEGATIVE_REGULATION_OF_IMMUNOGLOBULIN_PRODUCTION,8,False
GO_BP,GOBP_NEGATIVE_REGULATION_OF_INCLUSION_BODY_ASSEMBLY,13,False
GO_BP,GOBP_NEGATIVE_REGULATION_OF_INFLAMMASOME_MEDIATED_SIGNALING_PATHWAY,16,True
GO_BP,GOBP_NEGATIVE_REGULATION_OF_INFLAMMATORY_RESPONSE,140,True
GO_BP,GOBP_NEGATIVE_REGULATION_OF_INFLAMMATORY_RESPONSE_TO_ANTIGENIC_STIMULUS,26,True
GO_BP,GOBP_NEGATIVE_REGULATION_OF_INFLAMMATORY_RESPONSE_TO_WOUNDING,7,False
GO_BP,GOBP_NEGATIVE_REGULATION_OF_INNATE_IMMUNE_RESPONSE,87,True
GO_BP,GOBP_NEGATIVE_REGULATION_OF_INSULIN_LIKE_GROWTH_FACTOR_RECEPTOR_SIGNALING_PATHWAY,7,False
GO_BP,GOBP_NEGATIVE_REGULATION_OF_INSULIN_SECRETION_INVOLVED_IN_CELLULAR_RESPONSE_TO_GLUCOSE_STIMULUS,9,False
GO_BP,GOBP_NEGATIVE_REGULATION_OF_INTEGRIN_MEDIATED_SIGNALING_PATHWAY,4,False
GO_BP,GOBP_NEGATIVE_REGULATION_OF_INTERFERON_ALPHA_PRODUCTION,5,False
GO_BP,GOBP_NEGATIVE_REGULATION_OF_INTERFERON_BETA_PRODUCTION,15,True
GO_BP,GOBP_NEGATIVE_REGULATION_OF_INTERLEUKIN_10_PRODUCTION,16,True
GO_BP,GOBP_NEGATIVE_REGULATION_OF_INTERLEUKIN_12_PRODUCTION,13,False
GO_BP,GOBP_NEGATIVE_REGULATION_OF_INTERLEUKIN_13_PRODUCTION,4,False
GO_BP,GOBP_NEGATIVE_REGULATION_OF_INTERLEUKIN_17_PRODUCTION,11,False
GO_BP,GOBP_NEGATIVE_REGULATION_OF_INTERLEUKIN_1_ALPHA_PRODUCTION,2,False
GO_BP,GOBP_NEGATIVE_REGULATION_OF_INTERLEUKIN_1_BETA_PRODUCTION,19,True
GO_BP,GOBP_NEGATIVE_REGULATION_OF_INTERLEUKIN_1_PRODUCTION,23,True
GO_BP,GOBP_NEGATIVE_REGULATION_OF_INTERLEUKIN_21_PRODUCTION,0,False
GO_BP,GOBP_NEGATIVE_REGULATION_OF_INTERLEUKIN_2_PRODUCTION,17,True
GO_BP,GOBP_NEGATIVE_REGULATION_OF_INTERLEUKIN_4_PRODUCTION,6,False
GO_BP,GOBP_NEGATIVE_REGULATION_OF_INTERLEUKIN_5_PRODUCTION,4,False
GO_BP,GOBP_NEGATIVE_REGULATION_OF_INTERLEUKIN_6_MEDIATED_SIGNALING_PATHWAY,2,False
GO_BP,GOBP_NEGATIVE_REGULATION_OF_INTERLEUKIN_6_PRODUCTION,33,True
GO_BP,GOBP_NEGATIVE_REGULATION_OF_INTERLEUKIN_8_PRODUCTION,15,True
GO_BP,GOBP_NEGATIVE_REGULATION_OF_INTRACELLULAR_ESTROGEN_RECEPTOR_SIGNALING_PATHWAY,14,False
GO_BP,GOBP_NEGATIVE_REGULATION_OF_INTRACELLULAR_LIPID_TRANSPORT,2,False
GO_BP,GOBP_NEGATIVE_REGULATION_OF_INTRACELLULAR_PROTEIN_TRANSPORT,38,True
GO_BP,GOBP_NEGATIVE_REGULATION_OF_INTRACELLULAR_SIGNAL_TRANSDUCTION,678,False
GO_BP,GOBP_NEGATIVE_REGULATION_OF_INTRACELLULAR_STEROID_HORMONE_RECEPTOR_SIGNALING_PATHWAY,39,True
GO_BP,GOBP_NEGATIVE_REGULATION_OF_INTRACELLULAR_TRANSPORT,55,True
GO_BP,GOBP_NEGATIVE_REGULATION_OF_INTRINSIC_APOPTOTIC_SIGNALING_PATHWAY,106,True
GO_BP,GOBP_NEGATIVE_REGULATION_OF_INTRINSIC_APOPTOTIC_SIGNALING_PATHWAY_BY_P53_CLASS_MEDIATOR,27,True
GO_BP,GOBP_NEGATIVE_REGULATION_OF_INTRINSIC_APOPTOTIC_SIGNALING_PATHWAY_IN_RESPONSE_TO_DNA_DAMAGE,33,True
GO_BP,GOBP_NEGATIVE_REGULATION_OF_INTRINSIC_APOPTOTIC_SIGNALING_PATHWAY_IN_RESPONSE_TO_OSMOTIC_STRESS,5,False
GO_BP,GOBP_NEGATIVE_REGULATION_OF_IRE1_MEDIATED_UNFOLDED_PROTEIN_RESPONSE,7,False
GO_BP,GOBP_NEGATIVE_REGULATION_OF_JNK_CASCADE,35,True
GO_BP,GOBP_NEGATIVE_REGULATION_OF_JUN_KINASE_ACTIVITY,7,False
GO_BP,GOBP_NEGATIVE_REGULATION_OF_KERATINOCYTE_DIFFERENTIATION,3,False
GO_BP,GOBP_NEGATIVE_REGULATION_OF_KERATINOCYTE_PROLIFERATION,12,False
GO_BP,GOBP_NEGATIVE_REGULATION_OF_KIDNEY_DEVELOPMENT,3,False
GO_BP,GOBP_NEGATIVE_REGULATION_OF_KINASE_ACTIVITY,70,True
GO_BP,GOBP_NEGATIVE_REGULATION_OF_LAMELLIPODIUM_ASSEMBLY,3,False
GO_BP,GOBP_NEGATIVE_REGULATION_OF_LAMELLIPODIUM_ORGANIZATION,5,False
GO_BP,GOBP_NEGATIVE_REGULATION_OF_LENS_FIBER_CELL_DIFFERENTIATION,5,False
GO_BP,GOBP_NEGATIVE_REGULATION_OF_LEUKOCYTE_ADHESION_TO_VASCULAR_ENDOTHELIAL_CELL,3,False
GO_BP,GOBP_NEGATIVE_REGULATION_OF_LEUKOCYTE_APOPTOTIC_PROCESS,37,True
GO_BP,GOBP_NEGATIVE_REGULATION_OF_LEUKOCYTE_CELL_CELL_ADHESION,119,True
GO_BP,GOBP_NEGATIVE_REGULATION_OF_LEUKOCYTE_CHEMOTAXIS,17,True
GO_BP,GOBP_NEGATIVE_REGULATION_OF_LEUKOCYTE_DEGRANULATION,8,False
GO_BP,GOBP_NEGATIVE_REGULATION_OF_LEUKOCYTE_MEDIATED_IMMUNITY,56,True
GO_BP,GOBP_NEGATIVE_REGULATION_OF_LEUKOCYTE_MIGRATION,38,True
GO_BP,GOBP_NEGATIVE_REGULATION_OF_LEUKOCYTE_PROLIFERATION,64,True
GO_BP,GOBP_NEGATIVE_REGULATION_OF_LIPID_BIOSYNTHETIC_PROCESS,52,True
GO_BP,GOBP_NEGATIVE_REGULATION_OF_LIPID_CATABOLIC_PROCESS,19,True
GO_BP,GOBP_NEGATIVE_REGULATION_OF_LIPID_LOCALIZATION,36,True
GO_BP,GOBP_NEGATIVE_REGULATION_OF_LIPID_METABOLIC_PROCESS,79,True
GO_BP,GOBP_NEGATIVE_REGULATION_OF_LIPID_STORAGE,17,True
GO_BP,GOBP_NEGATIVE_REGULATION_OF_LIPID_TRANSPORT,24,True
GO_BP,GOBP_NEGATIVE_REGULATION_OF_LIPOPOLYSACCHARIDE_MEDIATED_SIGNALING_PATHWAY,9,False
GO_BP,GOBP_NEGATIVE_REGULATION_OF_LIPOPROTEIN_PARTICLE_CLEARANCE,11,False
GO_BP,GOBP_NEGATIVE_REGULATION_OF_LOCOMOTION,284,True
GO_BP,GOBP_NEGATIVE_REGULATION_OF_LONG_TERM_SYNAPTIC_POTENTIATION,12,False
GO_BP,GOBP_NEGATIVE_REGULATION_OF_LOW_DENSITY_LIPOPROTEIN_PARTICLE_CLEARANCE,8,False
GO_BP,GOBP_NEGATIVE_REGULATION_OF_LYMPHOCYTE_ACTIVATION,134,True
GO_BP,GOBP_NEGATIVE_REGULATION_OF_LYMPHOCYTE_APOPTOTIC_PROCESS,25,True
GO_BP,GOBP_NEGATIVE_REGULATION_OF_LYMPHOCYTE_DIFFERENTIATION,59,True
GO_BP,GOBP_NEGATIVE_REGULATION_OF_LYMPHOCYTE_MIGRATION,10,False
GO_BP,GOBP_NEGATIVE_REGULATION_OF_MACROAUTOPHAGY,43,True
GO_BP,GOBP_NEGATIVE_REGULATION_OF_MACROPHAGE_ACTIVATION,11,False
GO_BP,GOBP_NEGATIVE_REGULATION_OF_MACROPHAGE_APOPTOTIC_PROCESS,5,False
GO_BP,GOBP_NEGATIVE_REGULATION_OF_MACROPHAGE_CHEMOTAXIS,6,False
GO_BP,GOBP_NEGATIVE_REGULATION_OF_MACROPHAGE_CYTOKINE_PRODUCTION,5,False
GO_BP,GOBP_NEGATIVE_REGULATION_OF_MACROPHAGE_DERIVED_FOAM_CELL_DIFFERENTIATION,10,False
GO_BP,GOBP_NEGATIVE_REGULATION_OF_MACROPHAGE_DIFFERENTIATION,6,False
GO_BP,GOBP_NEGATIVE_REGULATION_OF_MACROPHAGE_MIGRATION,8,False
GO_BP,GOBP_NEGATIVE_REGULATION_OF_MAPK_CASCADE,139,True
GO_BP,GOBP_NEGATIVE_REGULATION_OF_MAP_KINASE_ACTIVITY,16,True
GO_BP,GOBP_NEGATIVE_REGULATION_OF_MAST_CELL_ACTIVATION,5,False
GO_BP,GOBP_NEGATIVE_REGULATION_OF_MAST_CELL_DEGRANULATION,4,False
GO_BP,GOBP_NEGATIVE_REGULATION_OF_MATRIX_METALLOPEPTIDASE_SECRETION,2,False
GO_BP,GOBP_NEGATIVE_REGULATION_OF_MEGAKARYOCYTE_DIFFERENTIATION,11,False
GO_BP,GOBP_NEGATIVE_REGULATION_OF_MEIOTIC_CELL_CYCLE,16,True
GO_BP,GOBP_NEGATIVE_REGULATION_OF_MEIOTIC_CELL_CYCLE_PHASE_TRANSITION,7,False
GO_BP,GOBP_NEGATIVE_REGULATION_OF_MEIOTIC_CHROMOSOME_SEPARATION,4,False
GO_BP,GOBP_NEGATIVE_REGULATION_OF_MEIOTIC_NUCLEAR_DIVISION,9,False
GO_BP,GOBP_NEGATIVE_REGULATION_OF_MEMBRANE_DEPOLARIZATION,5,False
GO_BP,GOBP_NEGATIVE_REGULATION_OF_MEMBRANE_PERMEABILITY,21,True
GO_BP,GOBP_NEGATIVE_REGULATION_OF_MEMBRANE_POTENTIAL,13,False
GO_BP,GOBP_NEGATIVE_REGULATION_OF_MEMBRANE_PROTEIN_ECTODOMAIN_PROTEOLYSIS,8,False
GO_BP,GOBP_NEGATIVE_REGULATION_OF_MESENCHYMAL_CELL_APOPTOTIC_PROCESS,6,False
GO_BP,GOBP_NEGATIVE_REGULATION_OF_MESENCHYMAL_CELL_PROLIFERATION,7,False
GO_BP,GOBP_NEGATIVE_REGULATION_OF_MHC_CLASS_II_BIOSYNTHETIC_PROCESS,4,False
GO_BP,GOBP_NEGATIVE_REGULATION_OF_MICROGLIAL_CELL_ACTIVATION,5,False
GO_BP,GOBP_NEGATIVE_REGULATION_OF_MICROTUBULE_DEPOLYMERIZATION,31,True
GO_BP,GOBP_NEGATIVE_REGULATION_OF_MICROTUBULE_POLYMERIZATION,15,True
GO_BP,GOBP_NEGATIVE_REGULATION_OF_MICROTUBULE_POLYMERIZATION_OR_DEPOLYMERIZATION,45,True
GO_BP,GOBP_NEGATIVE_REGULATION_OF_MIRNA_METABOLIC_PROCESS,26,True
GO_BP,GOBP_NEGATIVE_REGULATION_OF_MIRNA_PROCESSING,5,False
GO_BP,GOBP_NEGATIVE_REGULATION_OF_MITOCHONDRIAL_FISSION,7,False
GO_BP,GOBP_NEGATIVE_REGULATION_OF_MITOCHONDRIAL_FUSION,8,False
GO_BP,GOBP_NEGATIVE_REGULATION_OF_MITOCHONDRIAL_OUTER_MEMBRANE_PERMEABILIZATION_INVOLVED_IN_APOPTOTIC_SIGNALING_PATHWAY,14,False
GO_BP,GOBP_NEGATIVE_REGULATION_OF_MITOTIC_CELL_CYCLE,231,True
GO_BP,GOBP_NEGATIVE_REGULATION_OF_MITOTIC_CELL_CYCLE_PHASE_TRANSITION,178,True
GO_BP,GOBP_NEGATIVE_REGULATION_OF_MITOTIC_SPINDLE_ASSEMBLY_CHECKPOINT_SIGNALING,4,False
GO_BP,GOBP_NEGATIVE_REGULATION_OF_MOLECULAR_FUNCTION,234,True
GO_BP,GOBP_NEGATIVE_REGULATION_OF_MONOATOMIC_ION_TRANSMEMBRANE_TRANSPORT,57,True
GO_BP,GOBP_NEGATIVE_REGULATION_OF_MONOATOMIC_ION_TRANSPORT,75,True
GO_BP,GOBP_NEGATIVE_REGULATION_OF_MONOCYTE_CHEMOTACTIC_PROTEIN_1_PRODUCTION,5,False
GO_BP,GOBP_NEGATIVE_REGULATION_OF_MONOCYTE_CHEMOTAXIS,6,False
GO_BP,GOBP_NEGATIVE_REGULATION_OF_MONOCYTE_DIFFERENTIATION,5,False
GO_BP,GOBP_NEGATIVE_REGULATION_OF_MONONUCLEAR_CELL_MIGRATION,24,True
GO_BP,GOBP_NEGATIVE_REGULATION_OF_MORPHOGENESIS_OF_AN_EPITHELIUM,7,False
GO_BP,GOBP_NEGATIVE_REGULATION_OF_MOTOR_NEURON_APOPTOTIC_PROCESS,5,False
GO_BP,GOBP_NEGATIVE_REGULATION_OF_MRNA_CATABOLIC_PROCESS,76,True
GO_BP,GOBP_NEGATIVE_REGULATION_OF_MRNA_METABOLIC_PROCESS,111,True
GO_BP,GOBP_NEGATIVE_REGULATION_OF_MRNA_PROCESSING,35,True
GO_BP,GOBP_NEGATIVE_REGULATION_OF_MULTICELLULAR_ORGANISMAL_PROCESS,891,False
GO_BP,GOBP_NEGATIVE_REGULATION_OF_MULTICELLULAR_ORGANISM_GROWTH,11,False
GO_BP,GOBP_NEGATIVE_REGULATION_OF_MUSCLE_ADAPTATION,9,False
GO_BP,GOBP_NEGATIVE_REGULATION_OF_MUSCLE_CELL_APOPTOTIC_PROCESS,44,True
GO_BP,GOBP_NEGATIVE_REGULATION_OF_MUSCLE_CELL_DIFFERENTIATION,59,True
GO_BP,GOBP_NEGATIVE_REGULATION_OF_MUSCLE_CONTRACTION,20,True
GO_BP,GOBP_NEGATIVE_REGULATION_OF_MUSCLE_HYPERTROPHY,30,True
GO_BP,GOBP_NEGATIVE_REGULATION_OF_MUSCLE_ORGAN_DEVELOPMENT,10,False
GO_BP,GOBP_NEGATIVE_REGULATION_OF_MUSCLE_TISSUE_DEVELOPMENT,10,False
GO_BP,GOBP_NEGATIVE_REGULATION_OF_MYELINATION,8,False
GO_BP,GOBP_NEGATIVE_REGULATION_OF_MYELOID_CELL_APOPTOTIC_PROCESS,12,False
GO_BP,GOBP_NEGATIVE_REGULATION_OF_MYELOID_CELL_DIFFERENTIATION,76,True
GO_BP,GOBP_NEGATIVE_REGULATION_OF_MYELOID_LEUKOCYTE_DIFFERENTIATION,41,True
GO_BP,GOBP_NEGATIVE_REGULATION_OF_MYELOID_LEUKOCYTE_MEDIATED_IMMUNITY,6,False
GO_BP,GOBP_NEGATIVE_REGULATION_OF_MYOBLAST_DIFFERENTIATION,20,True
GO_BP,GOBP_NEGATIVE_REGULATION_OF_MYOBLAST_PROLIFERATION,1,False
GO_BP,GOBP_NEGATIVE_REGULATION_OF_MYOFIBROBLAST_DIFFERENTIATION,4,False
GO_BP,GOBP_NEGATIVE_REGULATION_OF_MYOTUBE_DIFFERENTIATION,13,False
GO_BP,GOBP_NEGATIVE_REGULATION_OF_NATURAL_KILLER_CELL_ACTIVATION,8,False
GO_BP,GOBP_NEGATIVE_REGULATION_OF_NATURAL_KILLER_CELL_MEDIATED_IMMUNITY,29,True
GO_BP,GOBP_NEGATIVE_REGULATION_OF_NERVOUS_SYSTEM_DEVELOPMENT,106,True
GO_BP,GOBP_NEGATIVE_REGULATION_OF_NERVOUS_SYSTEM_PROCESS,9,False
GO_BP,GOBP_NEGATIVE_REGULATION_OF_NEURAL_PRECURSOR_CELL_PROLIFERATION,19,True
GO_BP,GOBP_NEGATIVE_REGULATION_OF_NEUROBLAST_PROLIFERATION,6,False
GO_BP,GOBP_NEGATIVE_REGULATION_OF_NEUROINFLAMMATORY_RESPONSE,9,False
GO_BP,GOBP_NEGATIVE_REGULATION_OF_NEURON_APOPTOTIC_PROCESS,151,True
GO_BP,GOBP_NEGATIVE_REGULATION_OF_NEURON_DIFFERENTIATION,47,True
GO_BP,GOBP_NEGATIVE_REGULATION_OF_NEURON_MIGRATION,8,False
GO_BP,GOBP_NEGATIVE_REGULATION_OF_NEURON_PROJECTION_DEVELOPMENT,119,True
GO_BP,GOBP_NEGATIVE_REGULATION_OF_NEURON_PROJECTION_REGENERATION,14,False
GO_BP,GOBP_NEGATIVE_REGULATION_OF_NEUROTRANSMITTER_SECRETION,8,False
GO_BP,GOBP_NEGATIVE_REGULATION_OF_NEUROTRANSMITTER_TRANSPORT,11,False
GO_BP,GOBP_NEGATIVE_REGULATION_OF_NEUTROPHIL_ACTIVATION,2,False
GO_BP,GOBP_NEGATIVE_REGULATION_OF_NEUTROPHIL_MIGRATION,4,False
GO_BP,GOBP_NEGATIVE_REGULATION_OF_NF_KAPPAB_TRANSCRIPTION_FACTOR_ACTIVITY,32,True
GO_BP,GOBP_NEGATIVE_REGULATION_OF_NITRIC_OXIDE_BIOSYNTHETIC_PROCESS,14,False
GO_BP,GOBP_NEGATIVE_REGULATION_OF_NLRP3_INFLAMMASOME_COMPLEX_ASSEMBLY,13,False
GO_BP,GOBP_NEGATIVE_REGULATION_OF_NODAL_SIGNALING_PATHWAY,6,False
GO_BP,GOBP_NEGATIVE_REGULATION_OF_NON_CANONICAL_NF_KAPPAB_SIGNAL_TRANSDUCTION,23,True
GO_BP,GOBP_NEGATIVE_REGULATION_OF_NON_CANONICAL_WNT_SIGNALING_PATHWAY,3,False
GO_BP,GOBP_NEGATIVE_REGULATION_OF_NOREPINEPHRINE_SECRETION,3,False
GO_BP,GOBP_NEGATIVE_REGULATION_OF_NOTCH_SIGNALING_PATHWAY,38,True
GO_BP,GOBP_NEGATIVE_REGULATION_OF_NUCLEAR_DIVISION,66,True
GO_BP,GOBP_NEGATIVE_REGULATION_OF_NUCLEAR_RECEPTOR_MEDIATED_GLUCOCORTICOID_SIGNALING_PATHWAY,7,False
GO_BP,GOBP_NEGATIVE_REGULATION_OF_NUCLEAR_TRANSCRIBED_MRNA_CATABOLIC_PROCESS_DEADENYLATION_DEPENDENT_DECAY,12,False
GO_BP,GOBP_NEGATIVE_REGULATION_OF_NUCLEAR_TRANSCRIBED_MRNA_CATABOLIC_PROCESS_NONSENSE_MEDIATED_DECAY,7,False
GO_BP,GOBP_NEGATIVE_REGULATION_OF_NUCLEOBASE_CONTAINING_COMPOUND_METABOLIC_PROCESS,1418,False
GO_BP,GOBP_NEGATIVE_REGULATION_OF_NUCLEOCYTOPLASMIC_TRANSPORT,31,True
GO_BP,GOBP_NEGATIVE_REGULATION_OF_NUCLEOTIDE_BIOSYNTHETIC_PROCESS,3,False
GO_BP,GOBP_NEGATIVE_REGULATION_OF_NUCLEOTIDE_CATABOLIC_PROCESS,17,True
GO_BP,GOBP_NEGATIVE_REGULATION_OF_NUCLEOTIDE_METABOLIC_PROCESS,23,True
GO_BP,GOBP_NEGATIVE_REGULATION_OF_OLIGODENDROCYTE_DIFFERENTIATION,10,False
GO_BP,GOBP_NEGATIVE_REGULATION_OF_ORGANELLE_ASSEMBLY,53,True
GO_BP,GOBP_NEGATIVE_REGULATION_OF_ORGANELLE_ORGANIZATION,358,True
GO_BP,GOBP_NEGATIVE_REGULATION_OF_ORGANIC_ACID_TRANSPORT,20,True
GO_BP,GOBP_NEGATIVE_REGULATION_OF_ORGAN_GROWTH,26,True
GO_BP,GOBP_NEGATIVE_REGULATION_OF_OSSIFICATION,34,True
GO_BP,GOBP_NEGATIVE_REGULATION_OF_OSTEOBLAST_DIFFERENTIATION,48,True
GO_BP,GOBP_NEGATIVE_REGULATION_OF_OSTEOBLAST_PROLIFERATION,9,False
GO_BP,GOBP_NEGATIVE_REGULATION_OF_OSTEOCLAST_DEVELOPMENT,3,False
GO_BP,GOBP_NEGATIVE_REGULATION_OF_OSTEOCLAST_DIFFERENTIATION,25,True
GO_BP,GOBP_NEGATIVE_REGULATION_OF_OXIDATIVE_STRESS_INDUCED_INTRINSIC_APOPTOTIC_SIGNALING_PATHWAY,27,True
GO_BP,GOBP_NEGATIVE_REGULATION_OF_OXIDATIVE_STRESS_INDUCED_NEURON_INTRINSIC_APOPTOTIC_SIGNALING_PATHWAY,13,False
GO_BP,GOBP_NEGATIVE_REGULATION_OF_OXIDOREDUCTASE_ACTIVITY,5,False
GO_BP,GOBP_NEGATIVE_REGULATION_OF_P38MAPK_CASCADE,7,False
GO_BP,GOBP_NEGATIVE_REGULATION_OF_PANCREATIC_JUICE_SECRETION,5,False
GO_BP,GOBP_NEGATIVE_REGULATION_OF_PEPTIDASE_ACTIVITY,7,False
GO_BP,GOBP_NEGATIVE_REGULATION_OF_PEPTIDE_SECRETION,34,True
GO_BP,GOBP_NEGATIVE_REGULATION_OF_PEPTIDYL_SERINE_PHOSPHORYLATION,7,False
GO_BP,GOBP_NEGATIVE_REGULATION_OF_PEPTIDYL_THREONINE_PHOSPHORYLATION,5,False
GO_BP,GOBP_NEGATIVE_REGULATION_OF_PEPTIDYL_TYROSINE_PHOSPHORYLATION,21,True
GO_BP,GOBP_NEGATIVE_REGULATION_OF_PERK_MEDIATED_UNFOLDED_PROTEIN_RESPONSE,13,False
GO_BP,GOBP_NEGATIVE_REGULATION_OF_PEROXISOME_PROLIFERATOR_ACTIVATED_RECEPTOR_SIGNALING_PATHWAY,5,False
GO_BP,GOBP_NEGATIVE_REGULATION_OF_PHAGOCYTOSIS,16,True
GO_BP,GOBP_NEGATIVE_REGULATION_OF_PHOSPHATIDYLINOSITOL_3_KINASE_PROTEIN_KINASE_B_SIGNAL_TRANSDUCTION,55,True
GO_BP,GOBP_NEGATIVE_REGULATION_OF_PHOSPHOLIPID_METABOLIC_PROCESS,6,False
GO_BP,GOBP_NEGATIVE_REGULATION_OF_PHOSPHORUS_METABOLIC_PROCESS,149,True
GO_BP,GOBP_NEGATIVE_REGULATION_OF_PHOSPHORYLATION,113,True
GO_BP,GOBP_NEGATIVE_REGULATION_OF_PINOCYTOSIS,4,False
GO_BP,GOBP_NEGATIVE_REGULATION_OF_PLASMA_MEMBRANE_BOUNDED_CELL_PROJECTION_ASSEMBLY,38,True
GO_BP,GOBP_NEGATIVE_REGULATION_OF_PLASMINOGEN_ACTIVATION,7,False
GO_BP,GOBP_NEGATIVE_REGULATION_OF_PLATELET_ACTIVATION,13,False
GO_BP,GOBP_NEGATIVE_REGULATION_OF_PLATELET_AGGREGATION,9,False
GO_BP,GOBP_NEGATIVE_REGULATION_OF_PLATELET_DERIVED_GROWTH_FACTOR_RECEPTOR_SIGNALING_PATHWAY,13,False
GO_BP,GOBP_NEGATIVE_REGULATION_OF_POST_TRANSCRIPTIONAL_GENE_SILENCING,13,False
GO_BP,GOBP_NEGATIVE_REGULATION_OF_POST_TRANSLATIONAL_PROTEIN_MODIFICATION,88,True
GO_BP,GOBP_NEGATIVE_REGULATION_OF_POTASSIUM_ION_EXPORT_ACROSS_PLASMA_MEMBRANE,6,False
GO_BP,GOBP_NEGATIVE_REGULATION_OF_POTASSIUM_ION_TRANSMEMBRANE_TRANSPORT,15,True
GO_BP,GOBP_NEGATIVE_REGULATION_OF_POTASSIUM_ION_TRANSPORT,20,True
GO_BP,GOBP_NEGATIVE_REGULATION_OF_PRODUCTION_OF_MOLECULAR_MEDIATOR_OF_IMMUNE_RESPONSE,23,True
GO_BP,GOBP_NEGATIVE_REGULATION_OF_PROGRAMMED_CELL_DEATH,783,False
GO_BP,GOBP_NEGATIVE_REGULATION_OF_PROGRAMMED_NECROTIC_CELL_DEATH,20,True
GO_BP,GOBP_NEGATIVE_REGULATION_OF_PROSTAGLANDIN_BIOSYNTHETIC_PROCESS,2,False
GO_BP,GOBP_NEGATIVE_REGULATION_OF_PROTEASOMAL_PROTEIN_CATABOLIC_PROCESS,67,True
GO_BP,GOBP_NEGATIVE_REGULATION_OF_PROTEASOMAL_UBIQUITIN_DEPENDENT_PROTEIN_CATABOLIC_PROCESS,52,True
GO_BP,GOBP_NEGATIVE_REGULATION_OF_PROTEIN_BINDING,24,True
GO_BP,GOBP_NEGATIVE_REGULATION_OF_PROTEIN_CATABOLIC_PROCESS,124,True
GO_BP,GOBP_NEGATIVE_REGULATION_OF_PROTEIN_CATABOLIC_PROCESS_IN_THE_VACUOLE,4,False
GO_BP,GOBP_NEGATIVE_REGULATION_OF_PROTEIN_CONTAINING_COMPLEX_ASSEMBLY,140,True
GO_BP,GOBP_NEGATIVE_REGULATION_OF_PROTEIN_CONTAINING_COMPLEX_DISASSEMBLY,82,True
GO_BP,GOBP_NEGATIVE_REGULATION_OF_PROTEIN_EXIT_FROM_ENDOPLASMIC_RETICULUM,10,False
GO_BP,GOBP_NEGATIVE_REGULATION_OF_PROTEIN_EXPORT_FROM_NUCLEUS,7,False
GO_BP,GOBP_NEGATIVE_REGULATION_OF_PROTEIN_FOLDING,6,False
GO_BP,GOBP_NEGATIVE_REGULATION_OF_PROTEIN_IMPORT_INTO_NUCLEUS,20,True
GO_BP,GOBP_NEGATIVE_REGULATION_OF_PROTEIN_K63_LINKED_UBIQUITINATION,4,False
GO_BP,GOBP_NEGATIVE_REGULATION_OF_PROTEIN_KINASE_ACTIVITY_BY_REGULATION_OF_PROTEIN_PHOSPHORYLATION,5,False
GO_BP,GOBP_NEGATIVE_REGULATION_OF_PROTEIN_LOCALIZATION,183,True
GO_BP,GOBP_NEGATIVE_REGULATION_OF_PROTEIN_LOCALIZATION_TO_CELL_SURFACE,11,False
GO_BP,GOBP_NEGATIVE_REGULATION_OF_PROTEIN_LOCALIZATION_TO_CHROMATIN,11,False
GO_BP,GOBP_NEGATIVE_REGULATION_OF_PROTEIN_LOCALIZATION_TO_MEMBRANE,29,True
GO_BP,GOBP_NEGATIVE_REGULATION_OF_PROTEIN_LOCALIZATION_TO_MICROTUBULE,5,False
GO_BP,GOBP_NEGATIVE_REGULATION_OF_PROTEIN_LOCALIZATION_TO_NUCLEUS,40,True
GO_BP,GOBP_NEGATIVE_REGULATION_OF_PROTEIN_MATURATION,16,True
GO_BP,GOBP_NEGATIVE_REGULATION_OF_PROTEIN_METABOLIC_PROCESS,516,False
GO_BP,GOBP_NEGATIVE_REGULATION_OF_PROTEIN_MODIFICATION_PROCESS,191,True
GO_BP,GOBP_NEGATIVE_REGULATION_OF_PROTEIN_POLYMERIZATION,71,True
GO_BP,GOBP_NEGATIVE_REGULATION_OF_PROTEIN_POLYUBIQUITINATION,8,False
GO_BP,GOBP_NEGATIVE_REGULATION_OF_PROTEIN_SECRETION,56,True
GO_BP,GOBP_NEGATIVE_REGULATION_OF_PROTEIN_SERINE_THREONINE_KINASE_ACTIVITY,30,True
GO_BP,GOBP_NEGATIVE_REGULATION_OF_PROTEIN_SUMOYLATION,8,False
GO_BP,GOBP_NEGATIVE_REGULATION_OF_PROTEIN_TARGETING_TO_MEMBRANE,4,False
GO_BP,GOBP_NEGATIVE_REGULATION_OF_PROTEIN_TARGETING_TO_MITOCHONDRION,5,False
GO_BP,GOBP_NEGATIVE_REGULATION_OF_PROTEIN_TYROSINE_KINASE_ACTIVITY,12,False
GO_BP,GOBP_NEGATIVE_REGULATION_OF_PROTEIN_UBIQUITINATION,74,True
GO_BP,GOBP_NEGATIVE_REGULATION_OF_PROTEOLYSIS,125,True
GO_BP,GOBP_NEGATIVE_REGULATION_OF_PROTEOLYSIS_INVOLVED_IN_PROTEIN_CATABOLIC_PROCESS,83,True
GO_BP,GOBP_NEGATIVE_REGULATION_OF_RAC_PROTEIN_SIGNAL_TRANSDUCTION,4,False
GO_BP,GOBP_NEGATIVE_REGULATION_OF_RAS_PROTEIN_SIGNAL_TRANSDUCTION,23,True
GO_BP,GOBP_NEGATIVE_REGULATION_OF_REACTIVE_OXYGEN_SPECIES_BIOSYNTHETIC_PROCESS,17,True
GO_BP,GOBP_NEGATIVE_REGULATION_OF_REACTIVE_OXYGEN_SPECIES_METABOLIC_PROCESS,33,True
GO_BP,GOBP_NEGATIVE_REGULATION_OF_RECEPTOR_BINDING,5,False
GO_BP,GOBP_NEGATIVE_REGULATION_OF_RECEPTOR_GUANYLYL_CYCLASE_SIGNALING_PATHWAY,2,False
GO_BP,GOBP_NEGATIVE_REGULATION_OF_RECEPTOR_INTERNALIZATION,15,True
GO_BP,GOBP_NEGATIVE_REGULATION_OF_RECEPTOR_MEDIATED_ENDOCYTOSIS,26,True
GO_BP,GOBP_NEGATIVE_REGULATION_OF_RECEPTOR_RECYCLING,4,False
GO_BP,GOBP_NEGATIVE_REGULATION_OF_RECEPTOR_SIGNALING_PATHWAY_VIA_JAK_STAT,19,True
GO_BP,GOBP_NEGATIVE_REGULATION_OF_RECEPTOR_SIGNALING_PATHWAY_VIA_STAT,22,True
GO_BP,GOBP_NEGATIVE_REGULATION_OF_REGULATED_SECRETORY_PATHWAY,19,True
GO_BP,GOBP_NEGATIVE_REGULATION_OF_REGULATORY_T_CELL_DIFFERENTIATION,22,True
GO_BP,GOBP_NEGATIVE_REGULATION_OF_RELAXATION_OF_MUSCLE,3,False
GO_BP,GOBP_NEGATIVE_REGULATION_OF_RELEASE_OF_CYTOCHROME_C_FROM_MITOCHONDRIA,20,True
GO_BP,GOBP_NEGATIVE_REGULATION_OF_RELEASE_OF_SEQUESTERED_CALCIUM_ION_INTO_CYTOSOL,6,False
GO_BP,GOBP_NEGATIVE_REGULATION_OF_REPRODUCTIVE_PROCESS,46,True
GO_BP,GOBP_NEGATIVE_REGULATION_OF_RESPIRATORY_BURST,4,False
GO_BP,GOBP_NEGATIVE_REGULATION_OF_RESPIRATORY_BURST_INVOLVED_IN_INFLAMMATORY_RESPONSE,3,False
GO_BP,GOBP_NEGATIVE_REGULATION_OF_RESPONSE_TO_BIOTIC_STIMULUS,117,True
GO_BP,GOBP_NEGATIVE_REGULATION_OF_RESPONSE_TO_CYTOKINE_STIMULUS,81,True
GO_BP,GOBP_NEGATIVE_REGULATION_OF_RESPONSE_TO_DRUG,0,False
GO_BP,GOBP_NEGATIVE_REGULATION_OF_RESPONSE_TO_ENDOPLASMIC_RETICULUM_STRESS,54,True
GO_BP,GOBP_NEGATIVE_REGULATION_OF_RESPONSE_TO_EXTERNAL_STIMULUS,329,True
GO_BP,GOBP_NEGATIVE_REGULATION_OF_RESPONSE_TO_NUTRIENT_LEVELS,11,False
GO_BP,GOBP_NEGATIVE_REGULATION_OF_RESPONSE_TO_OXIDATIVE_STRESS,10,False
GO_BP,GOBP_NEGATIVE_REGULATION_OF_RESPONSE_TO_STIMULUS,1527,False
GO_BP,GOBP_NEGATIVE_REGULATION_OF_RESPONSE_TO_TUMOR_CELL,9,False
GO_BP,GOBP_NEGATIVE_REGULATION_OF_RESPONSE_TO_TYPE_II_INTERFERON,7,False
GO_BP,GOBP_NEGATIVE_REGULATION_OF_RESPONSE_TO_WOUNDING,69,True
GO_BP,GOBP_NEGATIVE_REGULATION_OF_RETINOIC_ACID_RECEPTOR_SIGNALING_PATHWAY,8,False
GO_BP,GOBP_NEGATIVE_REGULATION_OF_RHO_PROTEIN_SIGNAL_TRANSDUCTION,22,True
GO_BP,GOBP_NEGATIVE_REGULATION_OF_RIG_I_SIGNALING_PATHWAY,8,False
GO_BP,GOBP_NEGATIVE_REGULATION_OF_RNA_BIOSYNTHETIC_PROCESS,1188,False
GO_BP,GOBP_NEGATIVE_REGULATION_OF_RNA_CATABOLIC_PROCESS,93,True
GO_BP,GOBP_NEGATIVE_REGULATION_OF_RNA_SPLICING,40,True
GO_BP,GOBP_NEGATIVE_REGULATION_OF_RUFFLE_ASSEMBLY,5,False
GO_BP,GOBP_NEGATIVE_REGULATION_OF_SATELLITE_CELL_DIFFERENTIATION,5,False
GO_BP,GOBP_NEGATIVE_REGULATION_OF_SCHWANN_CELL_PROLIFERATION,4,False
GO_BP,GOBP_NEGATIVE_REGULATION_OF_SECONDARY_METABOLITE_BIOSYNTHETIC_PROCESS,5,False
GO_BP,GOBP_NEGATIVE_REGULATION_OF_SECRETION,125,True
GO_BP,GOBP_NEGATIVE_REGULATION_OF_SIGNALING_RECEPTOR_ACTIVITY,11,False
GO_BP,GOBP_NEGATIVE_REGULATION_OF_SIGNAL_TRANSDUCTION_BY_P53_CLASS_MEDIATOR,46,True
GO_BP,GOBP_NEGATIVE_REGULATION_OF_SIGNAL_TRANSDUCTION_IN_ABSENCE_OF_LIGAND,31,True
GO_BP,GOBP_NEGATIVE_REGULATION_OF_SINGLE_STRANDED_VIRAL_RNA_REPLICATION_VIA_DOUBLE_STRANDED_DNA_INTERMEDIATE,9,False
GO_BP,GOBP_NEGATIVE_REGULATION_OF_SISTER_CHROMATID_COHESION,5,False
GO_BP,GOBP_NEGATIVE_REGULATION_OF_SKELETAL_MUSCLE_CELL_DIFFERENTIATION,6,False
GO_BP,GOBP_NEGATIVE_REGULATION_OF_SMAD_PROTEIN_SIGNAL_TRANSDUCTION,24,True
GO_BP,GOBP_NEGATIVE_REGULATION_OF_SMALL_GTPASE_MEDIATED_SIGNAL_TRANSDUCTION,63,True
GO_BP,GOBP_NEGATIVE_REGULATION_OF_SMALL_MOLECULE_METABOLIC_PROCESS,85,True
GO_BP,GOBP_NEGATIVE_REGULATION_OF_SMOOTHENED_SIGNALING_PATHWAY,36,True
GO_BP,GOBP_NEGATIVE_REGULATION_OF_SMOOTH_MUSCLE_CELL_APOPTOTIC_PROCESS,12,False
GO_BP,GOBP_NEGATIVE_REGULATION_OF_SMOOTH_MUSCLE_CELL_CHEMOTAXIS,3,False
GO_BP,GOBP_NEGATIVE_REGULATION_OF_SMOOTH_MUSCLE_CELL_DIFFERENTIATION,15,True
GO_BP,GOBP_NEGATIVE_REGULATION_OF_SMOOTH_MUSCLE_CELL_MIGRATION,20,True
GO_BP,GOBP_NEGATIVE_REGULATION_OF_SMOOTH_MUSCLE_CELL_PROLIFERATION,42,True
GO_BP,GOBP_NEGATIVE_REGULATION_OF_SMOOTH_MUSCLE_CONTRACTION,12,False
GO_BP,GOBP_NEGATIVE_REGULATION_OF_SODIUM_ION_TRANSMEMBRANE_TRANSPORT,8,False
GO_BP,GOBP_NEGATIVE_REGULATION_OF_SODIUM_ION_TRANSPORT,13,False
GO_BP,GOBP_NEGATIVE_REGULATION_OF_SOMATIC_STEM_CELL_POPULATION_MAINTENANCE,2,False
GO_BP,GOBP_NEGATIVE_REGULATION_OF_SPHINGOLIPID_BIOSYNTHETIC_PROCESS,6,False
GO_BP,GOBP_NEGATIVE_REGULATION_OF_SPROUTING_ANGIOGENESIS,12,False
GO_BP,GOBP_NEGATIVE_REGULATION_OF_STEM_CELL_DIFFERENTIATION,20,True
GO_BP,GOBP_NEGATIVE_REGULATION_OF_STEM_CELL_POPULATION_MAINTENANCE,23,True
GO_BP,GOBP_NEGATIVE_REGULATION_OF_STEM_CELL_PROLIFERATION,4,False
GO_BP,GOBP_NEGATIVE_REGULATION_OF_STEROID_BIOSYNTHETIC_PROCESS,20,True
GO_BP,GOBP_NEGATIVE_REGULATION_OF_STEROID_HORMONE_SECRETION,5,False
GO_BP,GOBP_NEGATIVE_REGULATION_OF_STEROID_METABOLIC_PROCESS,22,True
GO_BP,GOBP_NEGATIVE_REGULATION_OF_STEROL_TRANSPORT,8,False
GO_BP,GOBP_NEGATIVE_REGULATION_OF_STRESS_ACTIVATED_PROTEIN_KINASE_SIGNALING_CASCADE,10,False
GO_BP,GOBP_NEGATIVE_REGULATION_OF_STRIATED_MUSCLE_CELL_APOPTOTIC_PROCESS,27,True
GO_BP,GOBP_NEGATIVE_REGULATION_OF_STRIATED_MUSCLE_CELL_DIFFERENTIATION,36,True
GO_BP,GOBP_NEGATIVE_REGULATION_OF_STRIATED_MUSCLE_CONTRACTION,7,False
GO_BP,GOBP_NEGATIVE_REGULATION_OF_SUBSTRATE_ADHESION_DEPENDENT_CELL_SPREADING,14,False
GO_BP,GOBP_NEGATIVE_REGULATION_OF_SUPRAMOLECULAR_FIBER_ORGANIZATION,155,True
GO_BP,GOBP_NEGATIVE_REGULATION_OF_SYNAPSE_ASSEMBLY,9,False
GO_BP,GOBP_NEGATIVE_REGULATION_OF_SYNAPSE_ORGANIZATION,12,False
GO_BP,GOBP_NEGATIVE_REGULATION_OF_SYNAPTIC_TRANSMISSION,49,True
GO_BP,GOBP_NEGATIVE_REGULATION_OF_SYNAPTIC_TRANSMISSION_GABAERGIC,5,False
GO_BP,GOBP_NEGATIVE_REGULATION_OF_SYNAPTIC_TRANSMISSION_GLUTAMATERGIC,5,False
GO_BP,GOBP_NEGATIVE_REGULATION_OF_SYNAPTIC_VESICLE_EXOCYTOSIS,5,False
GO_BP,GOBP_NEGATIVE_REGULATION_OF_SYNCYTIUM_FORMATION_BY_PLASMA_MEMBRANE_FUSION,47,True
GO_BP,GOBP_NEGATIVE_REGULATION_OF_SYSTEMIC_ARTERIAL_BLOOD_PRESSURE,14,False
GO_BP,GOBP_NEGATIVE_REGULATION_OF_TELOMERE_CAPPING,8,False
GO_BP,GOBP_NEGATIVE_REGULATION_OF_TELOMERE_MAINTENANCE,39,True
GO_BP,GOBP_NEGATIVE_REGULATION_OF_TELOMERE_MAINTENANCE_VIA_TELOMERASE,23,True
GO_BP,GOBP_NEGATIVE_REGULATION_OF_TELOMERE_MAINTENANCE_VIA_TELOMERE_LENGTHENING,31,True
GO_BP,GOBP_NEGATIVE_REGULATION_OF_THYMOCYTE_APOPTOTIC_PROCESS,5,False
GO_BP,GOBP_NEGATIVE_REGULATION_OF_TISSUE_REMODELING,21,True
GO_BP,GOBP_NEGATIVE_REGULATION_OF_TOLL_LIKE_RECEPTOR_2_SIGNALING_PATHWAY,4,False
GO_BP,GOBP_NEGATIVE_REGULATION_OF_TOLL_LIKE_RECEPTOR_4_SIGNALING_PATHWAY,11,False
GO_BP,GOBP_NEGATIVE_REGULATION_OF_TOLL_LIKE_RECEPTOR_9_SIGNALING_PATHWAY,4,False
GO_BP,GOBP_NEGATIVE_REGULATION_OF_TOLL_LIKE_RECEPTOR_SIGNALING_PATHWAY,15,True
GO_BP,GOBP_NEGATIVE_REGULATION_OF_TORC1_SIGNALING,49,True
GO_BP,GOBP_NEGATIVE_REGULATION_OF_TOR_SIGNALING,73,True
GO_BP,GOBP_NEGATIVE_REGULATION_OF_TRANSCRIPTION_BY_COMPETITIVE_PROMOTER_BINDING,11,False
GO_BP,GOBP_NEGATIVE_REGULATION_OF_TRANSCRIPTION_BY_RNA_POLYMERASE_I,11,False
GO_BP,GOBP_NEGATIVE_REGULATION_OF_TRANSCRIPTION_BY_RNA_POLYMERASE_II,876,False
GO_BP,GOBP_NEGATIVE_REGULATION_OF_TRANSCRIPTION_ELONGATION_BY_RNA_POLYMERASE_II,20,True
GO_BP,GOBP_NEGATIVE_REGULATION_OF_TRANSFORMING_GROWTH_FACTOR_BETA1_PRODUCTION,5,False
GO_BP,GOBP_NEGATIVE_REGULATION_OF_TRANSFORMING_GROWTH_FACTOR_BETA_PRODUCTION,10,False
GO_BP,GOBP_NEGATIVE_REGULATION_OF_TRANSFORMING_GROWTH_FACTOR_BETA_RECEPTOR_SIGNALING_PATHWAY,90,True
GO_BP,GOBP_NEGATIVE_REGULATION_OF_TRANSLATION,131,True
GO_BP,GOBP_NEGATIVE_REGULATION_OF_TRANSLATIONAL_ELONGATION,5,False
GO_BP,GOBP_NEGATIVE_REGULATION_OF_TRANSLATIONAL_INITIATION,30,True
GO_BP,GOBP_NEGATIVE_REGULATION_OF_TRANSLATIONAL_INITIATION_IN_RESPONSE_TO_STRESS,5,False
GO_BP,GOBP_NEGATIVE_REGULATION_OF_TRANSLATION_IN_RESPONSE_TO_STRESS,7,False
GO_BP,GOBP_NEGATIVE_REGULATION_OF_TRANSMEMBRANE_RECEPTOR_PROTEIN_SERINE_THREONINE_KINASE_SIGNALING_PATHWAY,140,True
GO_BP,GOBP_NEGATIVE_REGULATION_OF_TRANSMEMBRANE_TRANSPORT,86,True
GO_BP,GOBP_NEGATIVE_REGULATION_OF_TRANSMISSION_OF_NERVE_IMPULSE,0,False
GO_BP,GOBP_NEGATIVE_REGULATION_OF_TRANSPORT,327,True
GO_BP,GOBP_NEGATIVE_REGULATION_OF_TRANSPORTER_ACTIVITY,16,True
GO_BP,GOBP_NEGATIVE_REGULATION_OF_TRIGLYCERIDE_BIOSYNTHETIC_PROCESS,4,False
GO_BP,GOBP_NEGATIVE_REGULATION_OF_TRIGLYCERIDE_CATABOLIC_PROCESS,5,False
GO_BP,GOBP_NEGATIVE_REGULATION_OF_TRIGLYCERIDE_METABOLIC_PROCESS,11,False
GO_BP,GOBP_NEGATIVE_REGULATION_OF_TRNA_METABOLIC_PROCESS,6,False
GO_BP,GOBP_NEGATIVE_REGULATION_OF_TROPHOBLAST_CELL_MIGRATION,5,False
GO_BP,GOBP_NEGATIVE_REGULATION_OF_TUMOR_NECROSIS_FACTOR_MEDIATED_SIGNALING_PATHWAY,26,True
GO_BP,GOBP_NEGATIVE_REGULATION_OF_TUMOR_NECROSIS_FACTOR_SUPERFAMILY_CYTOKINE_PRODUCTION,44,True
GO_BP,GOBP_NEGATIVE_REGULATION_OF_TYPE_2_IMMUNE_RESPONSE,8,False
GO_BP,GOBP_NEGATIVE_REGULATION_OF_TYPE_B_PANCREATIC_CELL_APOPTOTIC_PROCESS,4,False
GO_BP,GOBP_NEGATIVE_REGULATION_OF_TYPE_II_INTERFERON_PRODUCTION,29,True
GO_BP,GOBP_NEGATIVE_REGULATION_OF_TYPE_I_INTERFERON_MEDIATED_SIGNALING_PATHWAY,22,True
GO_BP,GOBP_NEGATIVE_REGULATION_OF_TYPE_I_INTERFERON_PRODUCTION,48,True
GO_BP,GOBP_NEGATIVE_REGULATION_OF_TYROSINE_PHOSPHORYLATION_OF_STAT_PROTEIN,5,False
GO_BP,GOBP_NEGATIVE_REGULATION_OF_T_CELL_APOPTOTIC_PROCESS,14,False
GO_BP,GOBP_NEGATIVE_REGULATION_OF_T_CELL_CYTOKINE_PRODUCTION,6,False
GO_BP,GOBP_NEGATIVE_REGULATION_OF_T_CELL_DIFFERENTIATION_IN_THYMUS,6,False
GO_BP,GOBP_NEGATIVE_REGULATION_OF_T_CELL_MEDIATED_CYTOTOXICITY,3,False
GO_BP,GOBP_NEGATIVE_REGULATION_OF_T_CELL_MEDIATED_IMMUNE_RESPONSE_TO_TUMOR_CELL,7,False
GO_BP,GOBP_NEGATIVE_REGULATION_OF_T_CELL_MEDIATED_IMMUNITY,19,True
GO_BP,GOBP_NEGATIVE_REGULATION_OF_T_CELL_MIGRATION,5,False
GO_BP,GOBP_NEGATIVE_REGULATION_OF_T_CELL_PROLIFERATION,52,True
GO_BP,GOBP_NEGATIVE_REGULATION_OF_T_CELL_RECEPTOR_SIGNALING_PATHWAY,29,True
GO_BP,GOBP_NEGATIVE_REGULATION_OF_T_HELPER_17_CELL_LINEAGE_COMMITMENT,5,False
GO_BP,GOBP_NEGATIVE_REGULATION_OF_T_HELPER_17_TYPE_IMMUNE_RESPONSE,12,False
GO_BP,GOBP_NEGATIVE_REGULATION_OF_T_HELPER_1_TYPE_IMMUNE_RESPONSE,10,False
GO_BP,GOBP_NEGATIVE_REGULATION_OF_T_HELPER_2_CELL_DIFFERENTIATION,4,False
GO_BP,GOBP_NEGATIVE_REGULATION_OF_T_HELPER_CELL_DIFFERENTIATION,16,True
GO_BP,GOBP_NEGATIVE_REGULATION_OF_UBIQUITIN_DEPENDENT_PROTEIN_CATABOLIC_PROCESS,68,True
GO_BP,GOBP_NEGATIVE_REGULATION_OF_UBIQUITIN_PROTEIN_TRANSFERASE_ACTIVITY,6,False
GO_BP,GOBP_NEGATIVE_REGULATION_OF_URINE_VOLUME,4,False
GO_BP,GOBP_NEGATIVE_REGULATION_OF_VASCULAR_ASSOCIATED_SMOOTH_MUSCLE_CELL_APOPTOTIC_PROCESS,3,False
GO_BP,GOBP_NEGATIVE_REGULATION_OF_VASCULAR_ASSOCIATED_SMOOTH_MUSCLE_CELL_DIFFERENTIATION,7,False
GO_BP,GOBP_NEGATIVE_REGULATION_OF_VASCULAR_ASSOCIATED_SMOOTH_MUSCLE_CELL_MIGRATION,8,False
GO_BP,GOBP_NEGATIVE_REGULATION_OF_VASCULAR_ASSOCIATED_SMOOTH_MUSCLE_CELL_PROLIFERATION,21,True
GO_BP,GOBP_NEGATIVE_REGULATION_OF_VASCULAR_ENDOTHELIAL_CELL_PROLIFERATION,4,False
GO_BP,GOBP_NEGATIVE_REGULATION_OF_VASCULAR_ENDOTHELIAL_GROWTH_FACTOR_PRODUCTION,1,False
GO_BP,GOBP_NEGATIVE_REGULATION_OF_VASCULAR_ENDOTHELIAL_GROWTH_FACTOR_RECEPTOR_SIGNALING_PATHWAY,10,False
GO_BP,GOBP_NEGATIVE_REGULATION_OF_VASCULAR_PERMEABILITY,14,False
GO_BP,GOBP_NEGATIVE_REGULATION_OF_VASCULAR_WOUND_HEALING,3,False
GO_BP,GOBP_NEGATIVE_REGULATION_OF_VASCULATURE_DEVELOPMENT,83,True
GO_BP,GOBP_NEGATIVE_REGULATION_OF_VASOCONSTRICTION,11,False
GO_BP,GOBP_NEGATIVE_REGULATION_OF_VERY_LOW_DENSITY_LIPOPROTEIN_PARTICLE_REMODELING,1,False
GO_BP,GOBP_NEGATIVE_REGULATION_OF_VIRAL_GENOME_REPLICATION,42,True
GO_BP,GOBP_NEGATIVE_REGULATION_OF_VIRAL_LIFE_CYCLE,6,False
GO_BP,GOBP_NEGATIVE_REGULATION_OF_VIRAL_PROCESS,69,True
GO_BP,GOBP_NEGATIVE_REGULATION_OF_VIRAL_TRANSCRIPTION,19,True
GO_BP,GOBP_NEGATIVE_REGULATION_OF_VITAMIN_METABOLIC_PROCESS,5,False
GO_BP,GOBP_NEGATIVE_REGULATION_OF_VOLTAGE_GATED_CALCIUM_CHANNEL_ACTIVITY,5,False
GO_BP,GOBP_NEGATIVE_REGULATION_OF_WNT_SIGNALING_PATHWAY,150,True
GO_BP,GOBP_NEGATIVE_REGULATION_OF_WOUND_HEALING,50,True
GO_BP,GOBP_NEGATIVE_REGULATION_OF_WOUND_HEALING_SPREADING_OF_EPIDERMAL_CELLS,5,False
GO_BP,GOBP_NEGATIVE_T_CELL_SELECTION,6,False
GO_BP,GOBP_NEPHRIC_DUCT_DEVELOPMENT,10,False
GO_BP,GOBP_NEPHRIC_DUCT_FORMATION,1,False
GO_BP,GOBP_NEPHRIC_DUCT_MORPHOGENESIS,6,False
GO_BP,GOBP_NEPHRON_DEVELOPMENT,130,True
GO_BP,GOBP_NEPHRON_EPITHELIUM_DEVELOPMENT,98,True
GO_BP,GOBP_NEPHRON_MORPHOGENESIS,64,True
GO_BP,GOBP_NEPHRON_TUBULE_EPITHELIAL_CELL_DIFFERENTIATION,10,False
GO_BP,GOBP_NEPHRON_TUBULE_FORMATION,15,True
GO_BP,GOBP_NERVE_DEVELOPMENT,67,True
GO_BP,GOBP_NERVE_GROWTH_FACTOR_SIGNALING_PATHWAY,12,False
GO_BP,GOBP_NERVOUS_SYSTEM_PROCESS,823,False
GO_BP,GOBP_NERVOUS_SYSTEM_PROCESS_INVOLVED_IN_REGULATION_OF_SYSTEMIC_ARTERIAL_BLOOD_PRESSURE,6,False
GO_BP,GOBP_NETRIN_ACTIVATED_SIGNALING_PATHWAY,5,False
GO_BP,GOBP_NEURAL_CREST_CELL_DIFFERENTIATION,85,True
GO_BP,GOBP_NEURAL_CREST_CELL_FATE_COMMITMENT,5,False
GO_BP,GOBP_NEURAL_CREST_CELL_MIGRATION_INVOLVED_IN_AUTONOMIC_NERVOUS_SYSTEM_DEVELOPMENT,6,False
GO_BP,GOBP_NEURAL_CREST_FORMATION,14,False
GO_BP,GOBP_NEURAL_FOLD_FORMATION,5,False
GO_BP,GOBP_NEURAL_NUCLEUS_DEVELOPMENT,54,True
GO_BP,GOBP_NEURAL_PLATE_DEVELOPMENT,7,False
GO_BP,GOBP_NEURAL_PLATE_MORPHOGENESIS,4,False
GO_BP,GOBP_NEURAL_PLATE_PATTERN_SPECIFICATION,9,False
GO_BP,GOBP_NEURAL_PLATE_REGIONALIZATION,7,False
GO_BP,GOBP_NEURAL_PRECURSOR_CELL_PROLIFERATION,126,True
GO_BP,GOBP_NEURAL_RETINA_DEVELOPMENT,54,True
GO_BP,GOBP_NEURAL_TUBE_DEVELOPMENT,147,True
GO_BP,GOBP_NEURAL_TUBE_FORMATION,99,True
GO_BP,GOBP_NEURAL_TUBE_PATTERNING,23,True
GO_BP,GOBP_NEUROBLAST_DIVISION,14,False
GO_BP,GOBP_NEUROBLAST_PROLIFERATION,50,True
GO_BP,GOBP_NEUROENDOCRINE_CELL_DIFFERENTIATION,6,False
GO_BP,GOBP_NEUROEPITHELIAL_CELL_DIFFERENTIATION,29,True
GO_BP,GOBP_NEUROFIBRILLARY_TANGLE_ASSEMBLY,10,False
GO_BP,GOBP_NEUROFILAMENT_CYTOSKELETON_ORGANIZATION,10,False
GO_BP,GOBP_NEUROGENESIS,1493,False
GO_BP,GOBP_NEUROINFLAMMATORY_RESPONSE,68,True
GO_BP,GOBP_NEUROMUSCULAR_JUNCTION_DEVELOPMENT,61,True
GO_BP,GOBP_NEUROMUSCULAR_PROCESS,136,True
GO_BP,GOBP_NEUROMUSCULAR_PROCESS_CONTROLLING_BALANCE,39,True
GO_BP,GOBP_NEUROMUSCULAR_PROCESS_CONTROLLING_POSTURE,15,True
GO_BP,GOBP_NEUROMUSCULAR_SYNAPTIC_TRANSMISSION,20,True
GO_BP,GOBP_NEURONAL_ACTION_POTENTIAL,32,True
GO_BP,GOBP_NEURONAL_DENSE_CORE_VESICLE_EXOCYTOSIS,6,False
GO_BP,GOBP_NEURONAL_ION_CHANNEL_CLUSTERING,13,False
GO_BP,GOBP_NEURONAL_SIGNAL_TRANSDUCTION,7,False
GO_BP,GOBP_NEURONAL_STEM_CELL_POPULATION_MAINTENANCE,23,True
GO_BP,GOBP_NEURON_APOPTOTIC_PROCESS,262,True
GO_BP,GOBP_NEURON_CELLULAR_HOMEOSTASIS,43,True
GO_BP,GOBP_NEURON_CELL_CELL_ADHESION,13,False
GO_BP,GOBP_NEURON_DEVELOPMENT,996,False
GO_BP,GOBP_NEURON_FATE_COMMITMENT,31,True
GO_BP,GOBP_NEURON_FATE_DETERMINATION,2,False
GO_BP,GOBP_NEURON_FATE_SPECIFICATION,14,False
GO_BP,GOBP_NEURON_GLIAL_CELL_SIGNALING,8,False
GO_BP,GOBP_NEURON_INTRINSIC_APOPTOTIC_SIGNALING_PATHWAY_IN_RESPONSE_TO_OXIDATIVE_STRESS,23,True
GO_BP,GOBP_NEURON_MATURATION,49,True
GO_BP,GOBP_NEURON_MIGRATION,159,True
GO_BP,GOBP_NEURON_NEURON_SYNAPTIC_TRANSMISSION,7,False
GO_BP,GOBP_NEURON_PROJECTION_ARBORIZATION,34,True
GO_BP,GOBP_NEURON_PROJECTION_EXTENSION,145,True
GO_BP,GOBP_NEURON_PROJECTION_EXTENSION_INVOLVED_IN_NEURON_PROJECTION_GUIDANCE,20,True
GO_BP,GOBP_NEURON_PROJECTION_GUIDANCE,188,True
GO_BP,GOBP_NEURON_PROJECTION_MAINTENANCE,11,False
GO_BP,GOBP_NEURON_PROJECTION_ORGANIZATION,83,True
GO_BP,GOBP_NEURON_PROJECTION_REGENERATION,50,True
GO_BP,GOBP_NEURON_RECOGNITION,41,True
GO_BP,GOBP_NEURON_REMODELING,13,False
GO_BP,GOBP_NEUROPEPTIDE_CATABOLIC_PROCESS,5,False
GO_BP,GOBP_NEUROPEPTIDE_SIGNALING_PATHWAY,41,True
GO_BP,GOBP_NEUROTRANSMITTER_GATED_ION_CHANNEL_CLUSTERING,16,True
GO_BP,GOBP_NEUROTRANSMITTER_LOADING_INTO_SYNAPTIC_VESICLE,3,False
GO_BP,GOBP_NEUROTRANSMITTER_RECEPTOR_LOCALIZATION_TO_POSTSYNAPTIC_SPECIALIZATION_MEMBRANE,29,True
GO_BP,GOBP_NEUROTRANSMITTER_RECEPTOR_TRANSPORT,18,True
GO_BP,GOBP_NEUROTRANSMITTER_RECEPTOR_TRANSPORT_ENDOSOME_TO_POSTSYNAPTIC_MEMBRANE,10,False
GO_BP,GOBP_NEUROTRANSMITTER_RECEPTOR_TRANSPORT_TO_PLASMA_MEMBRANE,15,True
GO_BP,GOBP_NEUROTRANSMITTER_REUPTAKE,27,True
GO_BP,GOBP_NEUROTRANSMITTER_SECRETION,124,True
GO_BP,GOBP_NEUROTRANSMITTER_TRANSPORT,175,True
GO_BP,GOBP_NEUROTRANSMITTER_UPTAKE,42,True
GO_BP,GOBP_NEUROTROPHIN_PRODUCTION,4,False
GO_BP,GOBP_NEUROTROPHIN_SIGNALING_PATHWAY,36,True
GO_BP,GOBP_NEUROTROPHIN_TRK_RECEPTOR_SIGNALING_PATHWAY,25,True
GO_BP,GOBP_NEUTRAL_AMINO_ACID_TRANSPORT,46,True
GO_BP,GOBP_NEUTRAL_LIPID_BIOSYNTHETIC_PROCESS,37,True
GO_BP,GOBP_NEUTRAL_LIPID_CATABOLIC_PROCESS,32,True
GO_BP,GOBP_NEUTRAL_LIPID_METABOLIC_PROCESS,113,True
GO_BP,GOBP_NEUTROPHIL_ACTIVATION_INVOLVED_IN_IMMUNE_RESPONSE,13,False
GO_BP,GOBP_NEUTROPHIL_APOPTOTIC_PROCESS,7,False
GO_BP,GOBP_NEUTROPHIL_CHEMOTAXIS,50,True
GO_BP,GOBP_NEUTROPHIL_CLEARANCE,5,False
GO_BP,GOBP_NEUTROPHIL_DEGRANULATION,11,False
GO_BP,GOBP_NEUTROPHIL_DIFFERENTIATION,9,False
GO_BP,GOBP_NEUTROPHIL_EXTRAVASATION,8,False
GO_BP,GOBP_NEUTROPHIL_HOMEOSTASIS,17,True
GO_BP,GOBP_NEUTROPHIL_MEDIATED_CYTOTOXICITY,8,False
GO_BP,GOBP_NEUTROPHIL_MEDIATED_IMMUNITY,29,True
GO_BP,GOBP_NEUTROPHIL_MEDIATED_KILLING_OF_BACTERIUM,7,False
GO_BP,GOBP_NEUTROPHIL_MEDIATED_KILLING_OF_GRAM_NEGATIVE_BACTERIUM,4,False
GO_BP,GOBP_NEUTROPHIL_MIGRATION,64,True
GO_BP,GOBP_NICOTINATE_METABOLIC_PROCESS,9,False
GO_BP,GOBP_NITRIC_OXIDE_CGMP_MEDIATED_SIGNALING,10,False
GO_BP,GOBP_NITRIC_OXIDE_MEDIATED_SIGNAL_TRANSDUCTION,19,True
GO_BP,GOBP_NITRIC_OXIDE_TRANSPORT,3,False
GO_BP,GOBP_NITROGEN_COMPOUND_TRANSPORT,1698,False
GO_BP,GOBP_NITROGEN_CYCLE_METABOLIC_PROCESS,11,False
GO_BP,GOBP_NITROGEN_UTILIZATION,3,False
GO_BP,GOBP_NK_T_CELL_ACTIVATION,23,True
GO_BP,GOBP_NK_T_CELL_DIFFERENTIATION,9,False
GO_BP,GOBP_NK_T_CELL_PROLIFERATION,7,False
GO_BP,GOBP_NLS_BEARING_PROTEIN_IMPORT_INTO_NUCLEUS,19,True
GO_BP,GOBP_NMDA_GLUTAMATE_RECEPTOR_CLUSTERING,4,False
GO_BP,GOBP_NMDA_SELECTIVE_GLUTAMATE_RECEPTOR_SIGNALING_PATHWAY,5,False
GO_BP,GOBP_NODAL_SIGNALING_PATHWAY,17,True
GO_BP,GOBP_NONASSOCIATIVE_LEARNING,6,False
GO_BP,GOBP_NONRIBOSOMAL_PEPTIDE_BIOSYNTHETIC_PROCESS,15,True
GO_BP,GOBP_NON_CANONICAL_NF_KAPPAB_SIGNAL_TRANSDUCTION,116,True
GO_BP,GOBP_NON_CANONICAL_WNT_SIGNALING_PATHWAY,61,True
GO_BP,GOBP_NON_LYTIC_VIRAL_RELEASE,14,False
GO_BP,GOBP_NON_MOTILE_CILIUM_ASSEMBLY,57,True
GO_BP,GOBP_NON_PROTEINOGENIC_AMINO_ACID_BIOSYNTHETIC_PROCESS,16,True
GO_BP,GOBP_NON_PROTEINOGENIC_AMINO_ACID_CATABOLIC_PROCESS,14,False
GO_BP,GOBP_NON_PROTEINOGENIC_AMINO_ACID_METABOLIC_PROCESS,51,True
GO_BP,GOBP_NORADRENERGIC_NEURON_DEVELOPMENT,2,False
GO_BP,GOBP_NORADRENERGIC_NEURON_DIFFERENTIATION,7,False
GO_BP,GOBP_NOREPINEPHRINE_BIOSYNTHETIC_PROCESS,4,False
GO_BP,GOBP_NOREPINEPHRINE_METABOLIC_PROCESS,11,False
GO_BP,GOBP_NOREPINEPHRINE_SECRETION,8,False
GO_BP,GOBP_NOREPINEPHRINE_TRANSPORT,15,True
GO_BP,GOBP_NOREPINEPHRINE_UPTAKE,6,False
GO_BP,GOBP_NOSE_DEVELOPMENT,12,False
GO_BP,GOBP_NOTCH_RECEPTOR_PROCESSING,9,False
GO_BP,GOBP_NOTCH_SIGNALING_PATHWAY,159,True
GO_BP,GOBP_NOTOCHORD_DEVELOPMENT,12,False
GO_BP,GOBP_NOTOCHORD_MORPHOGENESIS,7,False
GO_BP,GOBP_NUCLEAR_BODY_ORGANIZATION,15,True
GO_BP,GOBP_NUCLEAR_CHROMOSOME_SEGREGATION,321,True
GO_BP,GOBP_NUCLEAR_ENVELOPE_ORGANIZATION,56,True
GO_BP,GOBP_NUCLEAR_EXPORT,180,True
GO_BP,GOBP_NUCLEAR_HISTONE_MRNA_CATABOLIC_PROCESS,12,False
GO_BP,GOBP_NUCLEAR_MEMBRANE_ORGANIZATION,45,True
GO_BP,GOBP_NUCLEAR_MEMBRANE_REASSEMBLY,25,True
GO_BP,GOBP_NUCLEAR_MIGRATION_ALONG_MICROTUBULE,5,False
GO_BP,GOBP_NUCLEAR_MRNA_SURVEILLANCE,12,False
GO_BP,GOBP_NUCLEAR_PORE_COMPLEX_ASSEMBLY,11,False
GO_BP,GOBP_NUCLEAR_PORE_LOCALIZATION,5,False
GO_BP,GOBP_NUCLEAR_PORE_ORGANIZATION,15,True
GO_BP,GOBP_NUCLEAR_RECEPTOR_MEDIATED_CORTICOSTEROID_SIGNALING_PATHWAY,14,False
GO_BP,GOBP_NUCLEAR_RECEPTOR_MEDIATED_SIGNALING_PATHWAY,184,True
GO_BP,GOBP_NUCLEAR_TRANSCRIBED_MRNA_CATABOLIC_PROCESS,149,True
GO_BP,GOBP_NUCLEAR_TRANSCRIBED_MRNA_CATABOLIC_PROCESS_DEADENYLATION_DEPENDENT_DECAY,72,True
GO_BP,GOBP_NUCLEAR_TRANSCRIBED_MRNA_CATABOLIC_PROCESS_DEADENYLATION_INDEPENDENT_DECAY,7,False
GO_BP,GOBP_NUCLEAR_TRANSCRIBED_MRNA_CATABOLIC_PROCESS_NONSENSE_MEDIATED_DECAY,43,True
GO_BP,GOBP_NUCLEAR_TRANSCRIBED_MRNA_CATABOLIC_PROCESS_NO_GO_DECAY,6,False
GO_BP,GOBP_NUCLEAR_TRANSCRIBED_MRNA_POLY_A_TAIL_SHORTENING,36,True
GO_BP,GOBP_NUCLEAR_TRANSPORT,331,True
GO_BP,GOBP_NUCLEIC_ACID_CATABOLIC_PROCESS,379,True
GO_BP,GOBP_NUCLEOBASE_BIOSYNTHETIC_PROCESS,23,True
GO_BP,GOBP_NUCLEOBASE_CATABOLIC_PROCESS,7,False
GO_BP,GOBP_NUCLEOBASE_CONTAINING_COMPOUND_CATABOLIC_PROCESS,546,False
GO_BP,GOBP_NUCLEOBASE_CONTAINING_COMPOUND_TRANSPORT,224,True
GO_BP,GOBP_NUCLEOBASE_CONTAINING_SMALL_MOLECULE_CATABOLIC_PROCESS,12,False
GO_BP,GOBP_NUCLEOBASE_CONTAINING_SMALL_MOLECULE_INTERCONVERSION,8,False
GO_BP,GOBP_NUCLEOBASE_CONTAINING_SMALL_MOLECULE_METABOLIC_PROCESS,633,False
GO_BP,GOBP_NUCLEOBASE_METABOLIC_PROCESS,39,True
GO_BP,GOBP_NUCLEOBASE_TRANSPORT,12,False
GO_BP,GOBP_NUCLEOLAR_CHROMATIN_ORGANIZATION,11,False
GO_BP,GOBP_NUCLEOLAR_LARGE_RRNA_TRANSCRIPTION_BY_RNA_POLYMERASE_I,36,True
GO_BP,GOBP_NUCLEOLUS_ORGANIZATION,19,True
GO_BP,GOBP_NUCLEOPHAGY,22,True
GO_BP,GOBP_NUCLEOSIDE_BIOSYNTHETIC_PROCESS,16,True
GO_BP,GOBP_NUCLEOSIDE_DIPHOSPHATE_BIOSYNTHETIC_PROCESS,14,False
GO_BP,GOBP_NUCLEOSIDE_DIPHOSPHATE_CATABOLIC_PROCESS,95,True
GO_BP,GOBP_NUCLEOSIDE_DIPHOSPHATE_METABOLIC_PROCESS,121,True
GO_BP,GOBP_NUCLEOSIDE_METABOLIC_PROCESS,40,True
GO_BP,GOBP_NUCLEOSIDE_MONOPHOSPHATE_BIOSYNTHETIC_PROCESS,41,True
GO_BP,GOBP_NUCLEOSIDE_MONOPHOSPHATE_CATABOLIC_PROCESS,16,True
GO_BP,GOBP_NUCLEOSIDE_MONOPHOSPHATE_METABOLIC_PROCESS,73,True
GO_BP,GOBP_NUCLEOSIDE_MONOPHOSPHATE_PHOSPHORYLATION,10,False
GO_BP,GOBP_NUCLEOSIDE_PHOSPHATE_BIOSYNTHETIC_PROCESS,309,True
GO_BP,GOBP_NUCLEOSIDE_PHOSPHATE_CATABOLIC_PROCESS,167,True
GO_BP,GOBP_NUCLEOSIDE_SALVAGE,10,False
GO_BP,GOBP_NUCLEOSIDE_TRANSMEMBRANE_TRANSPORT,8,False
GO_BP,GOBP_NUCLEOSIDE_TRANSPORT,10,False
GO_BP,GOBP_NUCLEOSIDE_TRIPHOSPHATE_BIOSYNTHETIC_PROCESS,124,True
GO_BP,GOBP_NUCLEOSIDE_TRIPHOSPHATE_CATABOLIC_PROCESS,14,False
GO_BP,GOBP_NUCLEOSIDE_TRIPHOSPHATE_METABOLIC_PROCESS,264,True
GO_BP,GOBP_NUCLEOSOME_ORGANIZATION,100,True
GO_BP,GOBP_NUCLEOTIDE_BINDING_DOMAIN_LEUCINE_RICH_REPEAT_CONTAINING_RECEPTOR_SIGNALING_PATHWAY,31,True
GO_BP,GOBP_NUCLEOTIDE_BINDING_OLIGOMERIZATION_DOMAIN_CONTAINING_1_SIGNALING_PATHWAY,7,False
GO_BP,GOBP_NUCLEOTIDE_BINDING_OLIGOMERIZATION_DOMAIN_CONTAINING_2_SIGNALING_PATHWAY,22,True
GO_BP,GOBP_NUCLEOTIDE_BIOSYNTHETIC_PROCESS,211,True
GO_BP,GOBP_NUCLEOTIDE_EXCISION_REPAIR,92,True
GO_BP,GOBP_NUCLEOTIDE_EXCISION_REPAIR_DNA_GAP_FILLING,6,False
GO_BP,GOBP_NUCLEOTIDE_METABOLIC_PROCESS,450,True
GO_BP,GOBP_NUCLEOTIDE_SALVAGE,22,True
GO_BP,GOBP_NUCLEOTIDE_SUGAR_BIOSYNTHETIC_PROCESS,29,True
GO_BP,GOBP_NUCLEOTIDE_SUGAR_METABOLIC_PROCESS,43,True
GO_BP,GOBP_NUCLEOTIDE_SUGAR_TRANSMEMBRANE_TRANSPORT,11,False
GO_BP,GOBP_NUCLEOTIDE_TRANSMEMBRANE_TRANSPORT,24,True
GO_BP,GOBP_NUCLEOTIDE_TRANSPORT,43,True
GO_BP,GOBP_NUCLEUS_LOCALIZATION,32,True
GO_BP,GOBP_NUCLEUS_ORGANIZATION,138,True
GO_BP,GOBP_NUTRIENT_STORAGE,76,True
GO_BP,GOBP_N_ACETYLGLUCOSAMINE_METABOLIC_PROCESS,16,True
GO_BP,GOBP_N_ACETYLNEURAMINATE_CATABOLIC_PROCESS,6,False
GO_BP,GOBP_N_ACETYLNEURAMINATE_METABOLIC_PROCESS,13,False
GO_BP,GOBP_N_ACYLETHANOLAMINE_METABOLIC_PROCESS,6,False
GO_BP,GOBP_N_ACYLPHOSPHATIDYLETHANOLAMINE_METABOLIC_PROCESS,6,False
GO_BP,GOBP_N_GLYCAN_PROCESSING,24,True
GO_BP,GOBP_N_TERMINAL_PROTEIN_AMINO_ACID_ACETYLATION,7,False
GO_BP,GOBP_N_TERMINAL_PROTEIN_AMINO_ACID_MODIFICATION,14,False
GO_BP,GOBP_N_TERMINAL_PROTEIN_LIPIDATION,6,False
GO_BP,GOBP_OBSERVATIONAL_LEARNING,6,False
GO_BP,GOBP_ODONTOBLAST_DIFFERENTIATION,18,True
GO_BP,GOBP_ODONTOGENESIS,90,True
GO_BP,GOBP_ODONTOGENESIS_OF_DENTIN_CONTAINING_TOOTH,55,True
GO_BP,GOBP_OLEFINIC_COMPOUND_BIOSYNTHETIC_PROCESS,23,True
GO_BP,GOBP_OLEFINIC_COMPOUND_METABOLIC_PROCESS,118,True
GO_BP,GOBP_OLFACTORY_BEHAVIOR,9,False
GO_BP,GOBP_OLFACTORY_BULB_INTERNEURON_DEVELOPMENT,8,False
GO_BP,GOBP_OLFACTORY_BULB_INTERNEURON_DIFFERENTIATION,10,False
GO_BP,GOBP_OLFACTORY_LOBE_DEVELOPMENT,28,True
GO_BP,GOBP_OLFACTORY_NERVE_DEVELOPMENT,4,False
GO_BP,GOBP_OLIGODENDROCYTE_DEVELOPMENT,34,True
GO_BP,GOBP_OLIGODENDROCYTE_DIFFERENTIATION,80,True
GO_BP,GOBP_OLIGODENDROCYTE_PROGENITOR_PROLIFERATION,5,False
GO_BP,GOBP_OLIGOPEPTIDE_IMPORT_ACROSS_PLASMA_MEMBRANE,4,False
GO_BP,GOBP_OLIGOPEPTIDE_TRANSMEMBRANE_TRANSPORT,15,True
GO_BP,GOBP_OLIGOPEPTIDE_TRANSPORT,18,True
GO_BP,GOBP_OLIGOSACCHARIDE_BIOSYNTHETIC_PROCESS,19,True
GO_BP,GOBP_OLIGOSACCHARIDE_CATABOLIC_PROCESS,11,False
GO_BP,GOBP_OLIGOSACCHARIDE_METABOLIC_PROCESS,44,True
GO_BP,GOBP_OMEGA_HYDROXYLASE_P450_PATHWAY,2,False
GO_BP,GOBP_ONCOGENE_INDUCED_CELL_SENESCENCE,7,False
GO_BP,GOBP_ONE_CARBON_COMPOUND_TRANSPORT,9,False
GO_BP,GOBP_ONE_CARBON_METABOLIC_PROCESS,23,True
GO_BP,GOBP_OOCYTE_CONSTRUCTION,5,False
GO_BP,GOBP_OOCYTE_DIFFERENTIATION,50,True
GO_BP,GOBP_OOCYTE_MATURATION,28,True
GO_BP,GOBP_OOGENESIS,83,True
GO_BP,GOBP_OPERANT_CONDITIONING,3,False
GO_BP,GOBP_OPSONIZATION,14,False
GO_BP,GOBP_OPTIC_CUP_MORPHOGENESIS_INVOLVED_IN_CAMERA_TYPE_EYE_DEVELOPMENT,5,False
GO_BP,GOBP_OPTIC_NERVE_DEVELOPMENT,11,False
GO_BP,GOBP_OPTIC_NERVE_MORPHOGENESIS,3,False
GO_BP,GOBP_ORGANELLE_ASSEMBLY,1001,False
GO_BP,GOBP_ORGANELLE_DISASSEMBLY,72,True
GO_BP,GOBP_ORGANELLE_FISSION,473,True
GO_BP,GOBP_ORGANELLE_FUSION,165,True
GO_BP,GOBP_ORGANELLE_INHERITANCE,16,True
GO_BP,GOBP_ORGANELLE_LOCALIZATION,575,False
GO_BP,GOBP_ORGANELLE_MEMBRANE_FUSION,122,True
GO_BP,GOBP_ORGANELLE_TRANSPORT_ALONG_MICROTUBULE,96,True
GO_BP,GOBP_ORGANIC_ACID_BIOSYNTHETIC_PROCESS,272,True
GO_BP,GOBP_ORGANIC_ACID_CATABOLIC_PROCESS,214,True
GO_BP,GOBP_ORGANIC_ACID_METABOLIC_PROCESS,782,False
GO_BP,GOBP_ORGANIC_ACID_TRANSPORT,263,True
GO_BP,GOBP_ORGANIC_ANION_TRANSPORT,336,True
GO_BP,GOBP_ORGANIC_CATION_TRANSPORT,92,True
GO_BP,GOBP_ORGANIC_HYDROXY_COMPOUND_TRANSPORT,194,True
GO_BP,GOBP_ORGANISM_EMERGENCE_FROM_PROTECTIVE_STRUCTURE,30,True
GO_BP,GOBP_ORGANOPHOSPHATE_BIOSYNTHETIC_PROCESS,573,False
GO_BP,GOBP_ORGANOPHOSPHATE_CATABOLIC_PROCESS,219,True
GO_BP,GOBP_ORGANOPHOSPHATE_ESTER_TRANSPORT,155,True
GO_BP,GOBP_ORGANOPHOSPHATE_METABOLIC_PROCESS,964,False
GO_BP,GOBP_ORGAN_GROWTH,156,True
GO_BP,GOBP_ORGAN_INDUCTION,19,True
GO_BP,GOBP_ORGAN_OR_TISSUE_SPECIFIC_IMMUNE_RESPONSE,28,True
GO_BP,GOBP_ORNITHINE_METABOLIC_PROCESS,3,False
GO_BP,GOBP_ORNITHINE_TRANSPORT,5,False
GO_BP,GOBP_OSMOSENSORY_SIGNALING_PATHWAY,8,False
GO_BP,GOBP_OSSIFICATION,383,True
GO_BP,GOBP_OSTEOBLAST_DEVELOPMENT,12,False
GO_BP,GOBP_OSTEOBLAST_DIFFERENTIATION,217,True
GO_BP,GOBP_OSTEOBLAST_PROLIFERATION,29,True
GO_BP,GOBP_OSTEOCLAST_DIFFERENTIATION,89,True
GO_BP,GOBP_OSTEOCLAST_FUSION,6,False
GO_BP,GOBP_OSTEOCLAST_PROLIFERATION,7,False
GO_BP,GOBP_OTIC_VESICLE_DEVELOPMENT,10,False
GO_BP,GOBP_OTIC_VESICLE_FORMATION,6,False
GO_BP,GOBP_OTIC_VESICLE_MORPHOGENESIS,7,False
GO_BP,GOBP_OTOLITH_DEVELOPMENT,6,False
GO_BP,GOBP_OTOLITH_MORPHOGENESIS,4,False
GO_BP,GOBP_OUTER_DYNEIN_ARM_ASSEMBLY,17,True
GO_BP,GOBP_OUTER_EAR_MORPHOGENESIS,7,False
GO_BP,GOBP_OUTER_MITOCHONDRIAL_MEMBRANE_ORGANIZATION,14,False
GO_BP,GOBP_OUTFLOW_TRACT_MORPHOGENESIS,70,True
GO_BP,GOBP_OUTFLOW_TRACT_SEPTUM_MORPHOGENESIS,24,True
GO_BP,GOBP_OVARIAN_FOLLICLE_DEVELOPMENT,52,True
GO_BP,GOBP_OVIDUCT_DEVELOPMENT,3,False
GO_BP,GOBP_OVULATION,14,False
GO_BP,GOBP_OVULATION_CYCLE,50,True
GO_BP,GOBP_OVULATION_CYCLE_PROCESS,36,True
GO_BP,GOBP_OVULATION_FROM_OVARIAN_FOLLICLE,8,False
GO_BP,GOBP_OXALATE_TRANSPORT,9,False
GO_BP,GOBP_OXALOACETATE_METABOLIC_PROCESS,9,False
GO_BP,GOBP_OXIDATIVE_DEMETHYLATION,5,False
GO_BP,GOBP_OXIDATIVE_PHOSPHORYLATION,136,True
GO_BP,GOBP_OXYGEN_METABOLIC_PROCESS,3,False
GO_BP,GOBP_OXYGEN_TRANSPORT,4,False
GO_BP,GOBP_P38MAPK_CASCADE,51,True
GO_BP,GOBP_PALLIUM_DEVELOPMENT,179,True
GO_BP,GOBP_PANCREAS_DEVELOPMENT,53,True
GO_BP,GOBP_PANCREATIC_A_CELL_DIFFERENTIATION,2,False
GO_BP,GOBP_PANCREATIC_JUICE_SECRETION,9,False
GO_BP,GOBP_PANTOTHENATE_METABOLIC_PROCESS,6,False
GO_BP,GOBP_PARACELLULAR_TRANSPORT,3,False
GO_BP,GOBP_PARACRINE_SIGNALING,7,False
GO_BP,GOBP_PARALLEL_ACTIN_FILAMENT_BUNDLE_ASSEMBLY,4,False
GO_BP,GOBP_PARANODAL_JUNCTION_ASSEMBLY,5,False
GO_BP,GOBP_PARASYMPATHETIC_NERVOUS_SYSTEM_DEVELOPMENT,15,True
GO_BP,GOBP_PARATHYROID_GLAND_DEVELOPMENT,3,False
GO_BP,GOBP_PARAXIAL_MESODERM_DEVELOPMENT,16,True
GO_BP,GOBP_PARAXIAL_MESODERM_FORMATION,6,False
GO_BP,GOBP_PARAXIAL_MESODERM_MORPHOGENESIS,10,False
GO_BP,GOBP_PARENTAL_BEHAVIOR,8,False
GO_BP,GOBP_PARTURITION,11,False
GO_BP,GOBP_PATTERN_SPECIFICATION_INVOLVED_IN_KIDNEY_DEVELOPMENT,6,False
GO_BP,GOBP_PATTERN_SPECIFICATION_PROCESS,365,True
GO_BP,GOBP_PENETRATION_OF_ZONA_PELLUCIDA,5,False
GO_BP,GOBP_PENILE_ERECTION,5,False
GO_BP,GOBP_PENTOSE_METABOLIC_PROCESS,11,False
GO_BP,GOBP_PENTOSE_PHOSPHATE_SHUNT,17,True
GO_BP,GOBP_PENTOSE_PHOSPHATE_SHUNT_NON_OXIDATIVE_BRANCH,5,False
GO_BP,GOBP_PEPTIDE_ANTIGEN_ASSEMBLY_WITH_MHC_CLASS_II_PROTEIN_COMPLEX,12,False
GO_BP,GOBP_PEPTIDE_ANTIGEN_ASSEMBLY_WITH_MHC_CLASS_I_PROTEIN_COMPLEX,15,True
GO_BP,GOBP_PEPTIDE_ANTIGEN_ASSEMBLY_WITH_MHC_PROTEIN_COMPLEX,25,True
GO_BP,GOBP_PEPTIDE_BIOSYNTHETIC_PROCESS,20,True
GO_BP,GOBP_PEPTIDE_CATABOLIC_PROCESS,22,True
GO_BP,GOBP_PEPTIDE_CROSS_LINKING,8,False
GO_BP,GOBP_PEPTIDE_METABOLIC_PROCESS,56,True
GO_BP,GOBP_PEPTIDE_MODIFICATION,4,False
GO_BP,GOBP_PEPTIDE_TRANSPORT,212,True
GO_BP,GOBP_PEPTIDOGLYCAN_METABOLIC_PROCESS,1,False
GO_BP,GOBP_PEPTIDYL_AMINO_ACID_MODIFICATION,369,True
GO_BP,GOBP_PEPTIDYL_ARGININE_METHYLATION,5,False
GO_BP,GOBP_PEPTIDYL_ARGININE_MODIFICATION,6,False
GO_BP,GOBP_PEPTIDYL_CYSTEINE_MODIFICATION,18,True
GO_BP,GOBP_PEPTIDYL_GLUTAMIC_ACID_MODIFICATION,17,True
GO_BP,GOBP_PEPTIDYL_HISTIDINE_MODIFICATION,8,False
GO_BP,GOBP_PEPTIDYL_LYSINE_ACETYLATION,19,True
GO_BP,GOBP_PEPTIDYL_LYSINE_CROTONYLATION,2,False
GO_BP,GOBP_PEPTIDYL_LYSINE_DIMETHYLATION,9,False
GO_BP,GOBP_PEPTIDYL_LYSINE_HYDROXYLATION,7,False
GO_BP,GOBP_PEPTIDYL_LYSINE_METHYLATION,21,True
GO_BP,GOBP_PEPTIDYL_LYSINE_MODIFICATION,133,True
GO_BP,GOBP_PEPTIDYL_LYSINE_MONOMETHYLATION,7,False
GO_BP,GOBP_PEPTIDYL_LYSINE_TRIMETHYLATION,7,False
GO_BP,GOBP_PEPTIDYL_L_CYSTEINE_S_PALMITOYLATION,14,False
GO_BP,GOBP_PEPTIDYL_PROLINE_MODIFICATION,8,False
GO_BP,GOBP_PEPTIDYL_SERINE_AUTOPHOSPHORYLATION,5,False
GO_BP,GOBP_PEPTIDYL_SERINE_MODIFICATION,61,True
GO_BP,GOBP_PEPTIDYL_THREONINE_DEPHOSPHORYLATION,9,False
GO_BP,GOBP_PEPTIDYL_THREONINE_PHOSPHORYLATION,31,True
GO_BP,GOBP_PEPTIDYL_TYROSINE_AUTOPHOSPHORYLATION,11,False
GO_BP,GOBP_PEPTIDYL_TYROSINE_DEPHOSPHORYLATION,17,True
GO_BP,GOBP_PEPTIDYL_TYROSINE_MODIFICATION,103,True
GO_BP,GOBP_PERICARDIUM_DEVELOPMENT,14,False
GO_BP,GOBP_PERICARDIUM_MORPHOGENESIS,7,False
GO_BP,GOBP_PERICYTE_CELL_DIFFERENTIATION,9,False
GO_BP,GOBP_PERIPHERAL_NERVOUS_SYSTEM_AXON_ENSHEATHMENT,24,True
GO_BP,GOBP_PERIPHERAL_NERVOUS_SYSTEM_AXON_REGENERATION,6,False
GO_BP,GOBP_PERIPHERAL_NERVOUS_SYSTEM_DEVELOPMENT,70,True
GO_BP,GOBP_PERIPHERAL_NERVOUS_SYSTEM_MYELIN_MAINTENANCE,8,False
GO_BP,GOBP_PERIPHERAL_NERVOUS_SYSTEM_NEURON_DIFFERENTIATION,10,False
GO_BP,GOBP_PERIPHERAL_TOLERANCE_INDUCTION,2,False
GO_BP,GOBP_PERISTALSIS,3,False
GO_BP,GOBP_PERK_MEDIATED_UNFOLDED_PROTEIN_RESPONSE,24,True
GO_BP,GOBP_PEROXISOMAL_TRANSPORT,22,True
GO_BP,GOBP_PEROXISOME_FISSION,11,False
GO_BP,GOBP_PEROXISOME_ORGANIZATION,36,True
GO_BP,GOBP_PEROXISOME_PROLIFERATOR_ACTIVATED_RECEPTOR_SIGNALING_PATHWAY,26,True
GO_BP,GOBP_PHAGOCYTOSIS,185,True
GO_BP,GOBP_PHAGOCYTOSIS_ENGULFMENT,34,True
GO_BP,GOBP_PHAGOCYTOSIS_RECOGNITION,23,True
GO_BP,GOBP_PHAGOLYSOSOME_ASSEMBLY,17,True
GO_BP,GOBP_PHAGOSOME_ACIDIFICATION,5,False
GO_BP,GOBP_PHAGOSOME_LYSOSOME_FUSION,12,False
GO_BP,GOBP_PHAGOSOME_MATURATION,28,True
GO_BP,GOBP_PHARYNGEAL_ARCH_ARTERY_MORPHOGENESIS,10,False
GO_BP,GOBP_PHARYNGEAL_SYSTEM_DEVELOPMENT,23,True
GO_BP,GOBP_PHASIC_SMOOTH_MUSCLE_CONTRACTION,11,False
GO_BP,GOBP_PHENOL_CONTAINING_COMPOUND_BIOSYNTHETIC_PROCESS,31,True
GO_BP,GOBP_PHENOL_CONTAINING_COMPOUND_CATABOLIC_PROCESS,10,False
GO_BP,GOBP_PHENOL_CONTAINING_COMPOUND_METABOLIC_PROCESS,82,True
GO_BP,GOBP_PHENOTYPIC_SWITCHING,10,False
GO_BP,GOBP_PHENYLALANINE_TRANSPORT,6,False
GO_BP,GOBP_PHENYLPROPANOID_METABOLIC_PROCESS,3,False
GO_BP,GOBP_PHOSPHATE_ION_HOMEOSTASIS,9,False
GO_BP,GOBP_PHOSPHATE_ION_TRANSMEMBRANE_TRANSPORT,13,False
GO_BP,GOBP_PHOSPHATE_ION_TRANSPORT,18,True
GO_BP,GOBP_PHOSPHATIDIC_ACID_METABOLIC_PROCESS,34,True
GO_BP,GOBP_PHOSPHATIDYLCHOLINE_ACYL_CHAIN_REMODELING,18,True
GO_BP,GOBP_PHOSPHATIDYLCHOLINE_BIOSYNTHETIC_PROCESS,24,True
GO_BP,GOBP_PHOSPHATIDYLCHOLINE_CATABOLIC_PROCESS,12,False
GO_BP,GOBP_PHOSPHATIDYLCHOLINE_METABOLIC_PROCESS,58,True
GO_BP,GOBP_PHOSPHATIDYLETHANOLAMINE_ACYL_CHAIN_REMODELING,10,False
GO_BP,GOBP_PHOSPHATIDYLETHANOLAMINE_BIOSYNTHETIC_PROCESS,8,False
GO_BP,GOBP_PHOSPHATIDYLETHANOLAMINE_METABOLIC_PROCESS,20,True
GO_BP,GOBP_PHOSPHATIDYLGLYCEROL_ACYL_CHAIN_REMODELING,7,False
GO_BP,GOBP_PHOSPHATIDYLGLYCEROL_BIOSYNTHETIC_PROCESS,6,False
GO_BP,GOBP_PHOSPHATIDYLGLYCEROL_METABOLIC_PROCESS,25,True
GO_BP,GOBP_PHOSPHATIDYLINOSITOL_3_KINASE_PROTEIN_KINASE_B_SIGNAL_TRANSDUCTION,266,True
GO_BP,GOBP_PHOSPHATIDYLINOSITOL_3_PHOSPHATE_BIOSYNTHETIC_PROCESS,21,True
GO_BP,GOBP_PHOSPHATIDYLINOSITOL_ACYL_CHAIN_REMODELING,7,False
GO_BP,GOBP_PHOSPHATIDYLINOSITOL_BIOSYNTHETIC_PROCESS,114,True
GO_BP,GOBP_PHOSPHATIDYLINOSITOL_DEPHOSPHORYLATION,23,True
GO_BP,GOBP_PHOSPHATIDYLINOSITOL_MEDIATED_SIGNALING,23,True
GO_BP,GOBP_PHOSPHATIDYLINOSITOL_METABOLIC_PROCESS,135,True
GO_BP,GOBP_PHOSPHATIDYLINOSITOL_PHOSPHATE_BIOSYNTHETIC_PROCESS,52,True
GO_BP,GOBP_PHOSPHATIDYLSERINE_ACYL_CHAIN_REMODELING,7,False
GO_BP,GOBP_PHOSPHATIDYLSERINE_EXPOSURE_ON_APOPTOTIC_CELL_SURFACE,6,False
GO_BP,GOBP_PHOSPHATIDYLSERINE_METABOLIC_PROCESS,20,True
GO_BP,GOBP_PHOSPHOCREATINE_METABOLIC_PROCESS,2,False
GO_BP,GOBP_PHOSPHOLIPASE_C_ACTIVATING_DOPAMINE_RECEPTOR_SIGNALING_PATHWAY,6,False
GO_BP,GOBP_PHOSPHOLIPASE_C_ACTIVATING_G_PROTEIN_COUPLED_ACETYLCHOLINE_RECEPTOR_SIGNALING_PATHWAY,4,False
GO_BP,GOBP_PHOSPHOLIPASE_C_ACTIVATING_G_PROTEIN_COUPLED_RECEPTOR_SIGNALING_PATHWAY,94,True
GO_BP,GOBP_PHOSPHOLIPASE_C_ACTIVATING_SEROTONIN_RECEPTOR_SIGNALING_PATHWAY,4,False
GO_BP,GOBP_PHOSPHOLIPASE_C_ACTIVATING_TACHYKININ_RECEPTOR_SIGNALING_PATHWAY,3,False
GO_BP,GOBP_PHOSPHOLIPASE_C_PROTEIN_KINASE_C_SIGNAL_TRANSDUCTION,9,False
GO_BP,GOBP_PHOSPHOLIPID_BIOSYNTHETIC_PROCESS,236,True
GO_BP,GOBP_PHOSPHOLIPID_CATABOLIC_PROCESS,46,True
GO_BP,GOBP_PHOSPHOLIPID_DEPHOSPHORYLATION,35,True
GO_BP,GOBP_PHOSPHOLIPID_EFFLUX,7,False
GO_BP,GOBP_PHOSPHOLIPID_HOMEOSTASIS,17,True
GO_BP,GOBP_PHOSPHOLIPID_METABOLIC_PROCESS,333,True
GO_BP,GOBP_PHOSPHOLIPID_TRANSFER_TO_MEMBRANE,6,False
GO_BP,GOBP_PHOSPHOLIPID_TRANSPORT,97,True
GO_BP,GOBP_PHOSPHORUS_METABOLIC_PROCESS,1652,False
GO_BP,GOBP_PHOSPHORYLATION,663,False
GO_BP,GOBP_PHOTOPERIODISM,22,True
GO_BP,GOBP_PHOTORECEPTOR_CELL_DEVELOPMENT,40,True
GO_BP,GOBP_PHOTORECEPTOR_CELL_DIFFERENTIATION,55,True
GO_BP,GOBP_PHOTORECEPTOR_CELL_MAINTENANCE,34,True
GO_BP,GOBP_PHOTORECEPTOR_CELL_MORPHOGENESIS,6,False
GO_BP,GOBP_PHOTORECEPTOR_CELL_OUTER_SEGMENT_ORGANIZATION,12,False
GO_BP,GOBP_PHOTOTRANSDUCTION,23,True
GO_BP,GOBP_PHOTOTRANSDUCTION_VISIBLE_LIGHT,10,False
GO_BP,GOBP_PHYSIOLOGICAL_CARDIAC_MUSCLE_HYPERTROPHY,20,True
GO_BP,GOBP_PH_REDUCTION,4,False
GO_BP,GOBP_PIECEMEAL_MICROAUTOPHAGY_OF_THE_NUCLEUS,18,True
GO_BP,GOBP_PIGMENTATION,101,True
GO_BP,GOBP_PIGMENT_ACCUMULATION,14,False
GO_BP,GOBP_PIGMENT_BIOSYNTHETIC_PROCESS,47,True
GO_BP,GOBP_PIGMENT_CELL_DIFFERENTIATION,27,True
GO_BP,GOBP_PIGMENT_GRANULE_LOCALIZATION,26,True
GO_BP,GOBP_PIGMENT_GRANULE_MATURATION,10,False
GO_BP,GOBP_PIGMENT_GRANULE_ORGANIZATION,37,True
GO_BP,GOBP_PIGMENT_METABOLIC_PROCESS,62,True
GO_BP,GOBP_PINOCYTOSIS,21,True
GO_BP,GOBP_PIRNA_MEDIATED_HETEROCHROMATIN_FORMATION,10,False
GO_BP,GOBP_PIRNA_PROCESSING,16,True
GO_BP,GOBP_PITUITARY_GLAND_DEVELOPMENT,25,True
GO_BP,GOBP_PLACENTA_BLOOD_VESSEL_DEVELOPMENT,30,True
GO_BP,GOBP_PLACENTA_DEVELOPMENT,139,True
GO_BP,GOBP_PLASMA_CELL_DIFFERENTIATION,6,False
GO_BP,GOBP_PLASMA_LIPOPROTEIN_PARTICLE_CLEARANCE,33,True
GO_BP,GOBP_PLASMA_MEMBRANE_FUSION,15,True
GO_BP,GOBP_PLASMA_MEMBRANE_ORGANIZATION,146,True
GO_BP,GOBP_PLASMA_MEMBRANE_PHOSPHOLIPID_SCRAMBLING,26,True
GO_BP,GOBP_PLASMA_MEMBRANE_RAFT_ASSEMBLY,12,False
GO_BP,GOBP_PLASMA_MEMBRANE_RAFT_ORGANIZATION,15,True
GO_BP,GOBP_PLASMA_MEMBRANE_REPAIR,27,True
GO_BP,GOBP_PLASMA_MEMBRANE_TO_ENDOSOME_TRANSPORT,10,False
GO_BP,GOBP_PLASMA_MEMBRANE_TUBULATION,19,True
GO_BP,GOBP_PLASMINOGEN_ACTIVATION,19,True
GO_BP,GOBP_PLATELET_ACTIVATING_FACTOR_METABOLIC_PROCESS,8,False
GO_BP,GOBP_PLATELET_ACTIVATION,107,True
GO_BP,GOBP_PLATELET_AGGREGATION,60,True
GO_BP,GOBP_PLATELET_DEGRANULATION,3,False
GO_BP,GOBP_PLATELET_DENSE_GRANULE_ORGANIZATION,23,True
GO_BP,GOBP_PLATELET_DERIVED_GROWTH_FACTOR_RECEPTOR_ALPHA_SIGNALING_PATHWAY,6,False
GO_BP,GOBP_PLATELET_DERIVED_GROWTH_FACTOR_RECEPTOR_BETA_SIGNALING_PATHWAY,13,False
GO_BP,GOBP_PLATELET_DERIVED_GROWTH_FACTOR_RECEPTOR_SIGNALING_PATHWAY,54,True
GO_BP,GOBP_PLATELET_MORPHOGENESIS,20,True
GO_BP,GOBP_PLUS_END_DIRECTED_ORGANELLE_TRANSPORT_ALONG_MICROTUBULE,9,False
GO_BP,GOBP_PML_BODY_ORGANIZATION,6,False
GO_BP,GOBP_PODOCYTE_CELL_MIGRATION,7,False
GO_BP,GOBP_PODOSOME_ASSEMBLY,14,False
GO_BP,GOBP_POINTED_END_ACTIN_FILAMENT_CAPPING,6,False
GO_BP,GOBP_POLARIZED_EPITHELIAL_CELL_DIFFERENTIATION,23,True
GO_BP,GOBP_POLAR_BODY_EXTRUSION_AFTER_MEIOTIC_DIVISIONS,6,False
GO_BP,GOBP_POLYAMINE_BIOSYNTHETIC_PROCESS,14,False
GO_BP,GOBP_POLYAMINE_METABOLIC_PROCESS,18,True
GO_BP,GOBP_POLYAMINE_TRANSPORT,14,False
GO_BP,GOBP_POLYKETIDE_METABOLIC_PROCESS,9,False
GO_BP,GOBP_POLYOL_BIOSYNTHETIC_PROCESS,54,True
GO_BP,GOBP_POLYOL_CATABOLIC_PROCESS,9,False
GO_BP,GOBP_POLYOL_METABOLIC_PROCESS,92,True
GO_BP,GOBP_POLYOL_TRANSMEMBRANE_TRANSPORT,7,False
GO_BP,GOBP_POLYSACCHARIDE_BIOSYNTHETIC_PROCESS,49,True
GO_BP,GOBP_POLYSACCHARIDE_CATABOLIC_PROCESS,27,True
GO_BP,GOBP_POLYSACCHARIDE_METABOLIC_PROCESS,90,True
GO_BP,GOBP_POLY_A_DEPENDENT_SNORNA_3_END_PROCESSING,9,False
GO_BP,GOBP_POLY_A_PLUS_MRNA_EXPORT_FROM_NUCLEUS,20,True
GO_BP,GOBP_POLY_N_ACETYLLACTOSAMINE_METABOLIC_PROCESS,6,False
GO_BP,GOBP_PONS_DEVELOPMENT,7,False
GO_BP,GOBP_PORE_COMPLEX_ASSEMBLY,21,True
GO_BP,GOBP_PORPHYRIN_CONTAINING_COMPOUND_METABOLIC_PROCESS,44,True
GO_BP,GOBP_POSITIVE_CHEMOTAXIS,52,True
GO_BP,GOBP_POSITIVE_REGULATION_BY_SYMBIONT_OF_ENTRY_INTO_HOST,10,False
GO_BP,GOBP_POSITIVE_REGULATION_OF_3_UTR_MEDIATED_MRNA_STABILIZATION,5,False
GO_BP,GOBP_POSITIVE_REGULATION_OF_ACROSOME_REACTION,5,False
GO_BP,GOBP_POSITIVE_REGULATION_OF_ACTIN_FILAMENT_BASED_MOVEMENT,4,False
GO_BP,GOBP_POSITIVE_REGULATION_OF_ACTIN_FILAMENT_BUNDLE_ASSEMBLY,58,True
GO_BP,GOBP_POSITIVE_REGULATION_OF_ACTIN_FILAMENT_DEPOLYMERIZATION,12,False
GO_BP,GOBP_POSITIVE_REGULATION_OF_ACTIN_FILAMENT_POLYMERIZATION,42,True
GO_BP,GOBP_POSITIVE_REGULATION_OF_ACTIN_NUCLEATION,19,True
GO_BP,GOBP_POSITIVE_REGULATION_OF_ACTION_POTENTIAL,6,False
GO_BP,GOBP_POSITIVE_REGULATION_OF_ACTIVATED_T_CELL_PROLIFERATION,19,True
GO_BP,GOBP_POSITIVE_REGULATION_OF_ACTIVIN_RECEPTOR_SIGNALING_PATHWAY,9,False
GO_BP,GOBP_POSITIVE_REGULATION_OF_ACUTE_INFLAMMATORY_RESPONSE,13,False
GO_BP,GOBP_POSITIVE_REGULATION_OF_ACUTE_INFLAMMATORY_RESPONSE_TO_ANTIGENIC_STIMULUS,6,False
GO_BP,GOBP_POSITIVE_REGULATION_OF_ADAPTIVE_IMMUNE_RESPONSE,120,True
GO_BP,GOBP_POSITIVE_REGULATION_OF_ADENYLATE_CYCLASE_ACTIVATING_G_PROTEIN_COUPLED_RECEPTOR_SIGNALING_PATHWAY,4,False
GO_BP,GOBP_POSITIVE_REGULATION_OF_ADIPOSE_TISSUE_DEVELOPMENT,10,False
GO_BP,GOBP_POSITIVE_REGULATION_OF_AGGREPHAGY,5,False
GO_BP,GOBP_POSITIVE_REGULATION_OF_ALCOHOL_BIOSYNTHETIC_PROCESS,25,True
GO_BP,GOBP_POSITIVE_REGULATION_OF_ALPHA_BETA_T_CELL_ACTIVATION,54,True
GO_BP,GOBP_POSITIVE_REGULATION_OF_ALPHA_BETA_T_CELL_DIFFERENTIATION,42,True
GO_BP,GOBP_POSITIVE_REGULATION_OF_ALPHA_BETA_T_CELL_PROLIFERATION,16,True
GO_BP,GOBP_POSITIVE_REGULATION_OF_AMIDE_METABOLIC_PROCESS,21,True
GO_BP,GOBP_POSITIVE_REGULATION_OF_AMINE_METABOLIC_PROCESS,5,False
GO_BP,GOBP_POSITIVE_REGULATION_OF_AMINE_TRANSPORT,28,True
GO_BP,GOBP_POSITIVE_REGULATION_OF_AMINO_ACID_TRANSPORT,16,True
GO_BP,GOBP_POSITIVE_REGULATION_OF_AMYLOID_BETA_CLEARANCE,5,False
GO_BP,GOBP_POSITIVE_REGULATION_OF_AMYLOID_BETA_FORMATION,13,False
GO_BP,GOBP_POSITIVE_REGULATION_OF_AMYLOID_FIBRIL_FORMATION,5,False
GO_BP,GOBP_POSITIVE_REGULATION_OF_AMYLOID_PRECURSOR_PROTEIN_CATABOLIC_PROCESS,20,True
GO_BP,GOBP_POSITIVE_REGULATION_OF_ANIMAL_ORGAN_MORPHOGENESIS,29,True
GO_BP,GOBP_POSITIVE_REGULATION_OF_ANOIKIS,5,False
GO_BP,GOBP_POSITIVE_REGULATION_OF_ANTIGEN_PROCESSING_AND_PRESENTATION,6,False
GO_BP,GOBP_POSITIVE_REGULATION_OF_ANTIGEN_RECEPTOR_MEDIATED_SIGNALING_PATHWAY,18,True
GO_BP,GOBP_POSITIVE_REGULATION_OF_ANTIMICROBIAL_HUMORAL_RESPONSE,0,False
GO_BP,GOBP_POSITIVE_REGULATION_OF_APOPTOTIC_CELL_CLEARANCE,10,False
GO_BP,GOBP_POSITIVE_REGULATION_OF_APOPTOTIC_PROCESS_INVOLVED_IN_DEVELOPMENT,6,False
GO_BP,GOBP_POSITIVE_REGULATION_OF_APOPTOTIC_SIGNALING_PATHWAY,128,True
GO_BP,GOBP_POSITIVE_REGULATION_OF_ARACHIDONATE_SECRETION,4,False
GO_BP,GOBP_POSITIVE_REGULATION_OF_ARP2_3_COMPLEX_MEDIATED_ACTIN_NUCLEATION,10,False
GO_BP,GOBP_POSITIVE_REGULATION_OF_ARTERY_MORPHOGENESIS,8,False
GO_BP,GOBP_POSITIVE_REGULATION_OF_ASTROCYTE_DIFFERENTIATION,9,False
GO_BP,GOBP_POSITIVE_REGULATION_OF_ATP_DEPENDENT_ACTIVITY,18,True
GO_BP,GOBP_POSITIVE_REGULATION_OF_ATTACHMENT_OF_MITOTIC_SPINDLE_MICROTUBULES_TO_KINETOCHORE,8,False
GO_BP,GOBP_POSITIVE_REGULATION_OF_ATTACHMENT_OF_SPINDLE_MICROTUBULES_TO_KINETOCHORE,11,False
GO_BP,GOBP_POSITIVE_REGULATION_OF_AUTOPHAGOSOME_ASSEMBLY,22,True
GO_BP,GOBP_POSITIVE_REGULATION_OF_AUTOPHAGOSOME_MATURATION,6,False
GO_BP,GOBP_POSITIVE_REGULATION_OF_AUTOPHAGY,157,True
GO_BP,GOBP_POSITIVE_REGULATION_OF_AUTOPHAGY_OF_MITOCHONDRION,27,True
GO_BP,GOBP_POSITIVE_REGULATION_OF_AXONOGENESIS,74,True
GO_BP,GOBP_POSITIVE_REGULATION_OF_AXON_EXTENSION,37,True
GO_BP,GOBP_POSITIVE_REGULATION_OF_AXON_EXTENSION_INVOLVED_IN_AXON_GUIDANCE,6,False
GO_BP,GOBP_POSITIVE_REGULATION_OF_BEHAVIOR,17,True
GO_BP,GOBP_POSITIVE_REGULATION_OF_BICELLULAR_TIGHT_JUNCTION_ASSEMBLY,7,False
GO_BP,GOBP_POSITIVE_REGULATION_OF_BINDING,35,True
GO_BP,GOBP_POSITIVE_REGULATION_OF_BIOMINERAL_TISSUE_DEVELOPMENT,46,True
GO_BP,GOBP_POSITIVE_REGULATION_OF_BLOOD_BRAIN_BARRIER_PERMEABILITY,7,False
GO_BP,GOBP_POSITIVE_REGULATION_OF_BLOOD_CIRCULATION,27,True
GO_BP,GOBP_POSITIVE_REGULATION_OF_BLOOD_PRESSURE,21,True
GO_BP,GOBP_POSITIVE_REGULATION_OF_BLOOD_VESSEL_BRANCHING,6,False
GO_BP,GOBP_POSITIVE_REGULATION_OF_BLOOD_VESSEL_ENDOTHELIAL_CELL_MIGRATION,56,True
GO_BP,GOBP_POSITIVE_REGULATION_OF_BLOOD_VESSEL_ENDOTHELIAL_CELL_PROLIFERATION_INVOLVED_IN_SPROUTING_ANGIOGENESIS,6,False
GO_BP,GOBP_POSITIVE_REGULATION_OF_BLOOD_VESSEL_REMODELING,1,False
GO_BP,GOBP_POSITIVE_REGULATION_OF_BMP_SIGNALING_PATHWAY,31,True
GO_BP,GOBP_POSITIVE_REGULATION_OF_BONE_MINERALIZATION,42,True
GO_BP,GOBP_POSITIVE_REGULATION_OF_BONE_RESORPTION,12,False
GO_BP,GOBP_POSITIVE_REGULATION_OF_BROWN_FAT_CELL_DIFFERENTIATION,15,True
GO_BP,GOBP_POSITIVE_REGULATION_OF_B_CELL_ACTIVATION,69,True
GO_BP,GOBP_POSITIVE_REGULATION_OF_B_CELL_DIFFERENTIATION,14,False
GO_BP,GOBP_POSITIVE_REGULATION_OF_B_CELL_MEDIATED_IMMUNITY,31,True
GO_BP,GOBP_POSITIVE_REGULATION_OF_B_CELL_PROLIFERATION,33,True
GO_BP,GOBP_POSITIVE_REGULATION_OF_B_CELL_RECEPTOR_SIGNALING_PATHWAY,6,False
GO_BP,GOBP_POSITIVE_REGULATION_OF_CALCINEURIN_MEDIATED_SIGNALING,16,True
GO_BP,GOBP_POSITIVE_REGULATION_OF_CALCIUM_ION_DEPENDENT_EXOCYTOSIS,13,False
GO_BP,GOBP_POSITIVE_REGULATION_OF_CALCIUM_ION_IMPORT,17,True
GO_BP,GOBP_POSITIVE_REGULATION_OF_CALCIUM_ION_IMPORT_ACROSS_PLASMA_MEMBRANE,6,False
GO_BP,GOBP_POSITIVE_REGULATION_OF_CALCIUM_ION_TRANSMEMBRANE_TRANSPORT,36,True
GO_BP,GOBP_POSITIVE_REGULATION_OF_CALCIUM_ION_TRANSPORT,66,True
GO_BP,GOBP_POSITIVE_REGULATION_OF_CALCIUM_ION_TRANSPORT_INTO_CYTOSOL,9,False
GO_BP,GOBP_POSITIVE_REGULATION_OF_CALCIUM_MEDIATED_SIGNALING,35,True
GO_BP,GOBP_POSITIVE_REGULATION_OF_CAMP_PKA_SIGNAL_TRANSDUCTION,10,False
GO_BP,GOBP_POSITIVE_REGULATION_OF_CANONICAL_NF_KAPPAB_SIGNAL_TRANSDUCTION,204,True
GO_BP,GOBP_POSITIVE_REGULATION_OF_CANONICAL_WNT_SIGNALING_PATHWAY,101,True
GO_BP,GOBP_POSITIVE_REGULATION_OF_CARBOHYDRATE_METABOLIC_PROCESS,70,True
GO_BP,GOBP_POSITIVE_REGULATION_OF_CARDIAC_EPITHELIAL_TO_MESENCHYMAL_TRANSITION,9,False
GO_BP,GOBP_POSITIVE_REGULATION_OF_CARDIAC_MUSCLE_ADAPTATION,1,False
GO_BP,GOBP_POSITIVE_REGULATION_OF_CARDIAC_MUSCLE_CELL_DIFFERENTIATION,7,False
GO_BP,GOBP_POSITIVE_REGULATION_OF_CARDIAC_MUSCLE_CELL_PROLIFERATION,23,True
GO_BP,GOBP_POSITIVE_REGULATION_OF_CARDIAC_MUSCLE_CONTRACTION,5,False
GO_BP,GOBP_POSITIVE_REGULATION_OF_CARDIOCYTE_DIFFERENTIATION,11,False
GO_BP,GOBP_POSITIVE_REGULATION_OF_CARTILAGE_DEVELOPMENT,30,True
GO_BP,GOBP_POSITIVE_REGULATION_OF_CATABOLIC_PROCESS,523,False
GO_BP,GOBP_POSITIVE_REGULATION_OF_CATALYTIC_ACTIVITY,258,True
GO_BP,GOBP_POSITIVE_REGULATION_OF_CATECHOLAMINE_SECRETION,8,False
GO_BP,GOBP_POSITIVE_REGULATION_OF_CATION_CHANNEL_ACTIVITY,15,True
GO_BP,GOBP_POSITIVE_REGULATION_OF_CD4_POSITIVE_ALPHA_BETA_T_CELL_ACTIVATION,34,True
GO_BP,GOBP_POSITIVE_REGULATION_OF_CD4_POSITIVE_ALPHA_BETA_T_CELL_DIFFERENTIATION,30,True
GO_BP,GOBP_POSITIVE_REGULATION_OF_CD4_POSITIVE_ALPHA_BETA_T_CELL_PROLIFERATION,4,False
GO_BP,GOBP_POSITIVE_REGULATION_OF_CD8_POSITIVE_ALPHA_BETA_T_CELL_ACTIVATION,10,False
GO_BP,GOBP_POSITIVE_REGULATION_OF_CD8_POSITIVE_ALPHA_BETA_T_CELL_DIFFERENTIATION,3,False
GO_BP,GOBP_POSITIVE_REGULATION_OF_CELLULAR_COMPONENT_BIOGENESIS,456,True
GO_BP,GOBP_POSITIVE_REGULATION_OF_CELLULAR_COMPONENT_ORGANIZATION,998,False
GO_BP,GOBP_POSITIVE_REGULATION_OF_CELLULAR_EXTRAVASATION,15,True
GO_BP,GOBP_POSITIVE_REGULATION_OF_CELLULAR_RESPIRATION,12,False
GO_BP,GOBP_POSITIVE_REGULATION_OF_CELLULAR_RESPONSE_TO_HYPOXIA,2,False
GO_BP,GOBP_POSITIVE_REGULATION_OF_CELLULAR_RESPONSE_TO_INSULIN_STIMULUS,22,True
GO_BP,GOBP_POSITIVE_REGULATION_OF_CELLULAR_RESPONSE_TO_TRANSFORMING_GROWTH_FACTOR_BETA_STIMULUS,31,True
GO_BP,GOBP_POSITIVE_REGULATION_OF_CELLULAR_SENESCENCE,11,False
GO_BP,GOBP_POSITIVE_REGULATION_OF_CELL_ACTIVATION,296,True
GO_BP,GOBP_POSITIVE_REGULATION_OF_CELL_ADHESION,396,True
GO_BP,GOBP_POSITIVE_REGULATION_OF_CELL_ADHESION_MEDIATED_BY_INTEGRIN,15,True
GO_BP,GOBP_POSITIVE_REGULATION_OF_CELL_CELL_ADHESION,259,True
GO_BP,GOBP_POSITIVE_REGULATION_OF_CELL_CELL_ADHESION_MEDIATED_BY_CADHERIN,9,False
GO_BP,GOBP_POSITIVE_REGULATION_OF_CELL_CELL_ADHESION_MEDIATED_BY_INTEGRIN,4,False
GO_BP,GOBP_POSITIVE_REGULATION_OF_CELL_CYCLE,283,True
GO_BP,GOBP_POSITIVE_REGULATION_OF_CELL_CYCLE_CHECKPOINT,24,True
GO_BP,GOBP_POSITIVE_REGULATION_OF_CELL_CYCLE_G1_S_PHASE_TRANSITION,49,True
GO_BP,GOBP_POSITIVE_REGULATION_OF_CELL_CYCLE_G2_M_PHASE_TRANSITION,27,True
GO_BP,GOBP_POSITIVE_REGULATION_OF_CELL_CYCLE_PHASE_TRANSITION,98,True
GO_BP,GOBP_POSITIVE_REGULATION_OF_CELL_CYCLE_PROCESS,223,True
GO_BP,GOBP_POSITIVE_REGULATION_OF_CELL_DEVELOPMENT,353,True
GO_BP,GOBP_POSITIVE_REGULATION_OF_CELL_DIFFERENTIATION,697,False
GO_BP,GOBP_POSITIVE_REGULATION_OF_CELL_DIVISION,71,True
GO_BP,GOBP_POSITIVE_REGULATION_OF_CELL_FATE_COMMITMENT,10,False
GO_BP,GOBP_POSITIVE_REGULATION_OF_CELL_GROWTH,133,True
GO_BP,GOBP_POSITIVE_REGULATION_OF_CELL_GROWTH_INVOLVED_IN_CARDIAC_MUSCLE_CELL_DEVELOPMENT,3,False
GO_BP,GOBP_POSITIVE_REGULATION_OF_CELL_JUNCTION_ASSEMBLY,88,True
GO_BP,GOBP_POSITIVE_REGULATION_OF_CELL_KILLING,60,True
GO_BP,GOBP_POSITIVE_REGULATION_OF_CELL_MATRIX_ADHESION,50,True
GO_BP,GOBP_POSITIVE_REGULATION_OF_CELL_MATURATION,7,False
GO_BP,GOBP_POSITIVE_REGULATION_OF_CELL_MIGRATION_INVOLVED_IN_SPROUTING_ANGIOGENESIS,24,True
GO_BP,GOBP_POSITIVE_REGULATION_OF_CELL_MORPHOGENESIS,35,True
GO_BP,GOBP_POSITIVE_REGULATION_OF_CELL_POPULATION_PROLIFERATION,693,False
GO_BP,GOBP_POSITIVE_REGULATION_OF_CELL_PROJECTION_ORGANIZATION,323,True
GO_BP,GOBP_POSITIVE_REGULATION_OF_CELL_PROLIFERATION_INVOLVED_IN_HEART_MORPHOGENESIS,5,False
GO_BP,GOBP_POSITIVE_REGULATION_OF_CELL_PROLIFERATION_INVOLVED_IN_KIDNEY_DEVELOPMENT,6,False
GO_BP,GOBP_POSITIVE_REGULATION_OF_CELL_PROLIFERATION_IN_BONE_MARROW,4,False
GO_BP,GOBP_POSITIVE_REGULATION_OF_CELL_SIZE,10,False
GO_BP,GOBP_POSITIVE_REGULATION_OF_CELL_SUBSTRATE_ADHESION,104,True
GO_BP,GOBP_POSITIVE_REGULATION_OF_CELL_SUBSTRATE_JUNCTION_ORGANIZATION,30,True
GO_BP,GOBP_POSITIVE_REGULATION_OF_CENTRIOLE_ELONGATION,6,False
GO_BP,GOBP_POSITIVE_REGULATION_OF_CENTRIOLE_REPLICATION,10,False
GO_BP,GOBP_POSITIVE_REGULATION_OF_CENTROSOME_DUPLICATION,5,False
GO_BP,GOBP_POSITIVE_REGULATION_OF_CEREBELLAR_GRANULE_CELL_PRECURSOR_PROLIFERATION,2,False
GO_BP,GOBP_POSITIVE_REGULATION_OF_CGAS_STING_SIGNALING_PATHWAY,7,False
GO_BP,GOBP_POSITIVE_REGULATION_OF_CHEMOKINE_C_C_MOTIF_LIGAND_5_PRODUCTION,5,False
GO_BP,GOBP_POSITIVE_REGULATION_OF_CHEMOKINE_C_X_C_MOTIF_LIGAND_1_PRODUCTION,3,False
GO_BP,GOBP_POSITIVE_REGULATION_OF_CHEMOKINE_C_X_C_MOTIF_LIGAND_2_PRODUCTION,8,False
GO_BP,GOBP_POSITIVE_REGULATION_OF_CHEMOKINE_PRODUCTION,52,True
GO_BP,GOBP_POSITIVE_REGULATION_OF_CHEMOTAXIS,109,True
GO_BP,GOBP_POSITIVE_REGULATION_OF_CHOLESTEROL_BIOSYNTHETIC_PROCESS,15,True
GO_BP,GOBP_POSITIVE_REGULATION_OF_CHOLESTEROL_EFFLUX,21,True
GO_BP,GOBP_POSITIVE_REGULATION_OF_CHOLESTEROL_METABOLIC_PROCESS,22,True
GO_BP,GOBP_POSITIVE_REGULATION_OF_CHOLESTEROL_STORAGE,5,False
GO_BP,GOBP_POSITIVE_REGULATION_OF_CHONDROCYTE_DIFFERENTIATION,20,True
GO_BP,GOBP_POSITIVE_REGULATION_OF_CHONDROCYTE_PROLIFERATION,7,False
GO_BP,GOBP_POSITIVE_REGULATION_OF_CHROMATIN_BINDING,5,False
GO_BP,GOBP_POSITIVE_REGULATION_OF_CHROMOSOME_CONDENSATION,8,False
GO_BP,GOBP_POSITIVE_REGULATION_OF_CHROMOSOME_ORGANIZATION,104,True
GO_BP,GOBP_POSITIVE_REGULATION_OF_CHROMOSOME_SEGREGATION,29,True
GO_BP,GOBP_POSITIVE_REGULATION_OF_CHROMOSOME_SEPARATION,31,True
GO_BP,GOBP_POSITIVE_REGULATION_OF_CILIUM_ASSEMBLY,30,True
GO_BP,GOBP_POSITIVE_REGULATION_OF_CILIUM_MOVEMENT,4,False
GO_BP,GOBP_POSITIVE_REGULATION_OF_CIRCADIAN_RHYTHM,11,False
GO_BP,GOBP_POSITIVE_REGULATION_OF_CIRCADIAN_SLEEP_WAKE_CYCLE_SLEEP,2,False
GO_BP,GOBP_POSITIVE_REGULATION_OF_COAGULATION,26,True
GO_BP,GOBP_POSITIVE_REGULATION_OF_COLD_INDUCED_THERMOGENESIS,80,True
GO_BP,GOBP_POSITIVE_REGULATION_OF_COLLAGEN_METABOLIC_PROCESS,19,True
GO_BP,GOBP_POSITIVE_REGULATION_OF_COLLATERAL_SPROUTING,12,False
GO_BP,GOBP_POSITIVE_REGULATION_OF_COMPLEMENT_ACTIVATION,3,False
GO_BP,GOBP_POSITIVE_REGULATION_OF_CONNECTIVE_TISSUE_REPLACEMENT,3,False
GO_BP,GOBP_POSITIVE_REGULATION_OF_CORTICOSTEROID_HORMONE_SECRETION,4,False
GO_BP,GOBP_POSITIVE_REGULATION_OF_CORTICOTROPIN_SECRETION,3,False
GO_BP,GOBP_POSITIVE_REGULATION_OF_CREB_TRANSCRIPTION_FACTOR_ACTIVITY,8,False
GO_BP,GOBP_POSITIVE_REGULATION_OF_CYCLASE_ACTIVITY,16,True
GO_BP,GOBP_POSITIVE_REGULATION_OF_CYTOKINESIS,36,True
GO_BP,GOBP_POSITIVE_REGULATION_OF_CYTOKINE_PRODUCTION,406,True
GO_BP,GOBP_POSITIVE_REGULATION_OF_CYTOKINE_PRODUCTION_INVOLVED_IN_IMMUNE_RESPONSE,67,True
GO_BP,GOBP_POSITIVE_REGULATION_OF_CYTOKINE_PRODUCTION_INVOLVED_IN_INFLAMMATORY_RESPONSE,26,True
GO_BP,GOBP_POSITIVE_REGULATION_OF_CYTOPLASMIC_MRNA_PROCESSING_BODY_ASSEMBLY,6,False
GO_BP,GOBP_POSITIVE_REGULATION_OF_CYTOPLASMIC_TRANSLATION,16,True
GO_BP,GOBP_POSITIVE_REGULATION_OF_CYTOPLASMIC_TRANSLATIONAL_INITIATION,6,False
GO_BP,GOBP_POSITIVE_REGULATION_OF_CYTOSKELETON_ORGANIZATION,182,True
GO_BP,GOBP_POSITIVE_REGULATION_OF_CYTOSOLIC_CALCIUM_ION_CONCENTRATION,101,True
GO_BP,GOBP_POSITIVE_REGULATION_OF_DEFENSE_RESPONSE,442,True
GO_BP,GOBP_POSITIVE_REGULATION_OF_DEFENSE_RESPONSE_TO_BACTERIUM,10,False
GO_BP,GOBP_POSITIVE_REGULATION_OF_DEFENSE_RESPONSE_TO_VIRUS_BY_HOST,26,True
GO_BP,GOBP_POSITIVE_REGULATION_OF_DENDRITE_DEVELOPMENT,12,False
GO_BP,GOBP_POSITIVE_REGULATION_OF_DENDRITIC_CELL_ANTIGEN_PROCESSING_AND_PRESENTATION,5,False
GO_BP,GOBP_POSITIVE_REGULATION_OF_DENDRITIC_CELL_CHEMOTAXIS,8,False
GO_BP,GOBP_POSITIVE_REGULATION_OF_DENDRITIC_CELL_CYTOKINE_PRODUCTION,12,False
GO_BP,GOBP_POSITIVE_REGULATION_OF_DENDRITIC_CELL_DIFFERENTIATION,7,False
GO_BP,GOBP_POSITIVE_REGULATION_OF_DENDRITIC_SPINE_DEVELOPMENT,40,True
GO_BP,GOBP_POSITIVE_REGULATION_OF_DENDRITIC_SPINE_MAINTENANCE,4,False
GO_BP,GOBP_POSITIVE_REGULATION_OF_DENDRITIC_SPINE_MORPHOGENESIS,19,True
GO_BP,GOBP_POSITIVE_REGULATION_OF_DEPHOSPHORYLATION,3,False
GO_BP,GOBP_POSITIVE_REGULATION_OF_DEVELOPMENTAL_GROWTH,136,True
GO_BP,GOBP_POSITIVE_REGULATION_OF_DEVELOPMENTAL_PIGMENTATION,8,False
GO_BP,GOBP_POSITIVE_REGULATION_OF_DEVELOPMENTAL_PROCESS,1069,False
GO_BP,GOBP_POSITIVE_REGULATION_OF_DIGESTIVE_SYSTEM_PROCESS,8,False
GO_BP,GOBP_POSITIVE_REGULATION_OF_DNA_BINDING,16,True
GO_BP,GOBP_POSITIVE_REGULATION_OF_DNA_BINDING_TRANSCRIPTION_FACTOR_ACTIVITY,93,True
GO_BP,GOBP_POSITIVE_REGULATION_OF_DNA_BIOSYNTHETIC_PROCESS,42,True
GO_BP,GOBP_POSITIVE_REGULATION_OF_DNA_CATABOLIC_PROCESS,4,False
GO_BP,GOBP_POSITIVE_REGULATION_OF_DNA_DAMAGE_CHECKPOINT,5,False
GO_BP,GOBP_POSITIVE_REGULATION_OF_DNA_DAMAGE_RESPONSE_SIGNAL_TRANSDUCTION_BY_P53_CLASS_MEDIATOR,16,True
GO_BP,GOBP_POSITIVE_REGULATION_OF_DNA_DIRECTED_DNA_POLYMERASE_ACTIVITY,8,False
GO_BP,GOBP_POSITIVE_REGULATION_OF_DNA_METABOLIC_PROCESS,269,True
GO_BP,GOBP_POSITIVE_REGULATION_OF_DNA_RECOMBINATION,68,True
GO_BP,GOBP_POSITIVE_REGULATION_OF_DNA_REPAIR,138,True
GO_BP,GOBP_POSITIVE_REGULATION_OF_DNA_REPLICATION,42,True
GO_BP,GOBP_POSITIVE_REGULATION_OF_DNA_TEMPLATED_DNA_REPLICATION,15,True
GO_BP,GOBP_POSITIVE_REGULATION_OF_DNA_TEMPLATED_TRANSCRIPTION_ELONGATION,62,True
GO_BP,GOBP_POSITIVE_REGULATION_OF_DNA_TEMPLATED_TRANSCRIPTION_INITIATION,75,True
GO_BP,GOBP_POSITIVE_REGULATION_OF_DOPAMINE_RECEPTOR_SIGNALING_PATHWAY,4,False
GO_BP,GOBP_POSITIVE_REGULATION_OF_DOPAMINE_SECRETION,4,False
GO_BP,GOBP_POSITIVE_REGULATION_OF_DOUBLE_STRAND_BREAK_REPAIR,98,True
GO_BP,GOBP_POSITIVE_REGULATION_OF_DOUBLE_STRAND_BREAK_REPAIR_VIA_HOMOLOGOUS_RECOMBINATION,41,True
GO_BP,GOBP_POSITIVE_REGULATION_OF_DOUBLE_STRAND_BREAK_REPAIR_VIA_NONHOMOLOGOUS_END_JOINING,17,True
GO_BP,GOBP_POSITIVE_REGULATION_OF_D_GLUCOSE_IMPORT,30,True
GO_BP,GOBP_POSITIVE_REGULATION_OF_D_GLUCOSE_TRANSMEMBRANE_TRANSPORT,37,True
GO_BP,GOBP_POSITIVE_REGULATION_OF_EARLY_ENDOSOME_TO_LATE_ENDOSOME_TRANSPORT,10,False
GO_BP,GOBP_POSITIVE_REGULATION_OF_EATING_BEHAVIOR,3,False
GO_BP,GOBP_POSITIVE_REGULATION_OF_EMBRYONIC_DEVELOPMENT,15,True
GO_BP,GOBP_POSITIVE_REGULATION_OF_ENAMEL_MINERALIZATION,1,False
GO_BP,GOBP_POSITIVE_REGULATION_OF_ENDOCYTIC_RECYCLING,8,False
GO_BP,GOBP_POSITIVE_REGULATION_OF_ENDOCYTOSIS,131,True
GO_BP,GOBP_POSITIVE_REGULATION_OF_ENDOPEPTIDASE_ACTIVITY,3,False
GO_BP,GOBP_POSITIVE_REGULATION_OF_ENDOPLASMIC_RETICULUM_STRESS_INDUCED_INTRINSIC_APOPTOTIC_SIGNALING_PATHWAY,11,False
GO_BP,GOBP_POSITIVE_REGULATION_OF_ENDOPLASMIC_RETICULUM_UNFOLDED_PROTEIN_RESPONSE,13,False
GO_BP,GOBP_POSITIVE_REGULATION_OF_ENDOTHELIAL_CELL_APOPTOTIC_PROCESS,18,True
GO_BP,GOBP_POSITIVE_REGULATION_OF_ENDOTHELIAL_CELL_CHEMOTAXIS,14,False
GO_BP,GOBP_POSITIVE_REGULATION_OF_ENDOTHELIAL_CELL_DEVELOPMENT,4,False
GO_BP,GOBP_POSITIVE_REGULATION_OF_ENDOTHELIAL_CELL_DIFFERENTIATION,10,False
GO_BP,GOBP_POSITIVE_REGULATION_OF_ENDOTHELIAL_CELL_MATRIX_ADHESION,6,False
GO_BP,GOBP_POSITIVE_REGULATION_OF_ENDOTHELIAL_CELL_MIGRATION,101,True
GO_BP,GOBP_POSITIVE_REGULATION_OF_ENDOTHELIAL_CELL_PROLIFERATION,74,True
GO_BP,GOBP_POSITIVE_REGULATION_OF_EPIDERMIS_DEVELOPMENT,22,True
GO_BP,GOBP_POSITIVE_REGULATION_OF_EPITHELIAL_CELL_APOPTOTIC_PROCESS,9,False
GO_BP,GOBP_POSITIVE_REGULATION_OF_EPITHELIAL_CELL_DIFFERENTIATION,42,True
GO_BP,GOBP_POSITIVE_REGULATION_OF_EPITHELIAL_CELL_DIFFERENTIATION_INVOLVED_IN_KIDNEY_DEVELOPMENT,4,False
GO_BP,GOBP_POSITIVE_REGULATION_OF_EPITHELIAL_CELL_MIGRATION,36,True
GO_BP,GOBP_POSITIVE_REGULATION_OF_EPITHELIAL_CELL_PROLIFERATION,149,True
GO_BP,GOBP_POSITIVE_REGULATION_OF_EPITHELIAL_CELL_PROLIFERATION_INVOLVED_IN_LUNG_MORPHOGENESIS,7,False
GO_BP,GOBP_POSITIVE_REGULATION_OF_EPITHELIAL_CELL_PROLIFERATION_INVOLVED_IN_WOUND_HEALING,4,False
GO_BP,GOBP_POSITIVE_REGULATION_OF_EPITHELIAL_TO_MESENCHYMAL_TRANSITION,54,True
GO_BP,GOBP_POSITIVE_REGULATION_OF_EPITHELIAL_TUBE_FORMATION,7,False
GO_BP,GOBP_POSITIVE_REGULATION_OF_ERAD_PATHWAY,23,True
GO_BP,GOBP_POSITIVE_REGULATION_OF_ERBB_SIGNALING_PATHWAY,27,True
GO_BP,GOBP_POSITIVE_REGULATION_OF_ERK1_AND_ERK2_CASCADE,143,True
GO_BP,GOBP_POSITIVE_REGULATION_OF_ERYTHROCYTE_DIFFERENTIATION,34,True
GO_BP,GOBP_POSITIVE_REGULATION_OF_ER_TO_GOLGI_VESICLE_MEDIATED_TRANSPORT,13,False
GO_BP,GOBP_POSITIVE_REGULATION_OF_ESTABLISHMENT_OF_PROTEIN_LOCALIZATION,285,True
GO_BP,GOBP_POSITIVE_REGULATION_OF_ESTABLISHMENT_OF_PROTEIN_LOCALIZATION_TO_MITOCHONDRION,40,True
GO_BP,GOBP_POSITIVE_REGULATION_OF_EXCITATORY_POSTSYNAPTIC_POTENTIAL,27,True
GO_BP,GOBP_POSITIVE_REGULATION_OF_EXECUTION_PHASE_OF_APOPTOSIS,18,True
GO_BP,GOBP_POSITIVE_REGULATION_OF_EXOCYTOSIS,67,True
GO_BP,GOBP_POSITIVE_REGULATION_OF_EXOSOMAL_SECRETION,14,False
GO_BP,GOBP_POSITIVE_REGULATION_OF_EXTRACELLULAR_MATRIX_ASSEMBLY,8,False
GO_BP,GOBP_POSITIVE_REGULATION_OF_EXTRACELLULAR_MATRIX_DISASSEMBLY,11,False
GO_BP,GOBP_POSITIVE_REGULATION_OF_EXTRACELLULAR_MATRIX_ORGANIZATION,32,True
GO_BP,GOBP_POSITIVE_REGULATION_OF_EXTRINSIC_APOPTOTIC_SIGNALING_PATHWAY,47,True
GO_BP,GOBP_POSITIVE_REGULATION_OF_EXTRINSIC_APOPTOTIC_SIGNALING_PATHWAY_IN_ABSENCE_OF_LIGAND,11,False
GO_BP,GOBP_POSITIVE_REGULATION_OF_EXTRINSIC_APOPTOTIC_SIGNALING_PATHWAY_VIA_DEATH_DOMAIN_RECEPTORS,9,False
GO_BP,GOBP_POSITIVE_REGULATION_OF_FATTY_ACID_BETA_OXIDATION,8,False
GO_BP,GOBP_POSITIVE_REGULATION_OF_FATTY_ACID_BIOSYNTHETIC_PROCESS,15,True
GO_BP,GOBP_POSITIVE_REGULATION_OF_FATTY_ACID_METABOLIC_PROCESS,28,True
GO_BP,GOBP_POSITIVE_REGULATION_OF_FATTY_ACID_OXIDATION,13,False
GO_BP,GOBP_POSITIVE_REGULATION_OF_FATTY_ACID_TRANSPORT,15,True
GO_BP,GOBP_POSITIVE_REGULATION_OF_FAT_CELL_DIFFERENTIATION,59,True
GO_BP,GOBP_POSITIVE_REGULATION_OF_FC_RECEPTOR_MEDIATED_STIMULATORY_SIGNALING_PATHWAY,5,False
GO_BP,GOBP_POSITIVE_REGULATION_OF_FEAR_RESPONSE,6,False
GO_BP,GOBP_POSITIVE_REGULATION_OF_FEEDING_BEHAVIOR,7,False
GO_BP,GOBP_POSITIVE_REGULATION_OF_FERROPTOSIS,9,False
GO_BP,GOBP_POSITIVE_REGULATION_OF_FERTILIZATION,3,False
GO_BP,GOBP_POSITIVE_REGULATION_OF_FEVER_GENERATION,3,False
GO_BP,GOBP_POSITIVE_REGULATION_OF_FIBROBLAST_APOPTOTIC_PROCESS,8,False
GO_BP,GOBP_POSITIVE_REGULATION_OF_FIBROBLAST_GROWTH_FACTOR_RECEPTOR_SIGNALING_PATHWAY,7,False
GO_BP,GOBP_POSITIVE_REGULATION_OF_FIBROBLAST_MIGRATION,14,False
GO_BP,GOBP_POSITIVE_REGULATION_OF_FIBROBLAST_PROLIFERATION,45,True
GO_BP,GOBP_POSITIVE_REGULATION_OF_FILOPODIUM_ASSEMBLY,24,True
GO_BP,GOBP_POSITIVE_REGULATION_OF_FOCAL_ADHESION_ASSEMBLY,23,True
GO_BP,GOBP_POSITIVE_REGULATION_OF_FOCAL_ADHESION_DISASSEMBLY,8,False
GO_BP,GOBP_POSITIVE_REGULATION_OF_FOLLICLE_STIMULATING_HORMONE_SECRETION,6,False
GO_BP,GOBP_POSITIVE_REGULATION_OF_G0_TO_G1_TRANSITION,5,False
GO_BP,GOBP_POSITIVE_REGULATION_OF_G1_S_TRANSITION_OF_MITOTIC_CELL_CYCLE,37,True
GO_BP,GOBP_POSITIVE_REGULATION_OF_GAMMA_DELTA_T_CELL_ACTIVATION,6,False
GO_BP,GOBP_POSITIVE_REGULATION_OF_GAMMA_DELTA_T_CELL_DIFFERENTIATION,5,False
GO_BP,GOBP_POSITIVE_REGULATION_OF_GAP_JUNCTION_ASSEMBLY,5,False
GO_BP,GOBP_POSITIVE_REGULATION_OF_GASTRO_INTESTINAL_SYSTEM_SMOOTH_MUSCLE_CONTRACTION,2,False
GO_BP,GOBP_POSITIVE_REGULATION_OF_GASTRULATION,4,False
GO_BP,GOBP_POSITIVE_REGULATION_OF_GENE_EXPRESSION,962,False
GO_BP,GOBP_POSITIVE_REGULATION_OF_GENE_EXPRESSION_EPIGENETIC,58,True
GO_BP,GOBP_POSITIVE_REGULATION_OF_GENE_EXPRESSION_VIA_CHROMOSOMAL_CPG_ISLAND_DEMETHYLATION,9,False
GO_BP,GOBP_POSITIVE_REGULATION_OF_GLIAL_CELL_DIFFERENTIATION,29,True
GO_BP,GOBP_POSITIVE_REGULATION_OF_GLIAL_CELL_MIGRATION,4,False
GO_BP,GOBP_POSITIVE_REGULATION_OF_GLIAL_CELL_PROLIFERATION,12,False
GO_BP,GOBP_POSITIVE_REGULATION_OF_GLIOGENESIS,42,True
GO_BP,GOBP_POSITIVE_REGULATION_OF_GLOMERULAR_MESANGIAL_CELL_PROLIFERATION,5,False
GO_BP,GOBP_POSITIVE_REGULATION_OF_GLOMERULUS_DEVELOPMENT,3,False
GO_BP,GOBP_POSITIVE_REGULATION_OF_GLUCOCORTICOID_SECRETION,1,False
GO_BP,GOBP_POSITIVE_REGULATION_OF_GLUCONEOGENESIS,22,True
GO_BP,GOBP_POSITIVE_REGULATION_OF_GLUCOSE_METABOLIC_PROCESS,44,True
GO_BP,GOBP_POSITIVE_REGULATION_OF_GLUTAMATE_RECEPTOR_SIGNALING_PATHWAY,9,False
GO_BP,GOBP_POSITIVE_REGULATION_OF_GLUTAMATE_SECRETION,10,False
GO_BP,GOBP_POSITIVE_REGULATION_OF_GLYCOGEN_BIOSYNTHETIC_PROCESS,15,True
GO_BP,GOBP_POSITIVE_REGULATION_OF_GLYCOGEN_METABOLIC_PROCESS,19,True
GO_BP,GOBP_POSITIVE_REGULATION_OF_GLYCOPROTEIN_BIOSYNTHETIC_PROCESS,16,True
GO_BP,GOBP_POSITIVE_REGULATION_OF_GLYCOPROTEIN_METABOLIC_PROCESS,18,True
GO_BP,GOBP_POSITIVE_REGULATION_OF_GOLGI_TO_PLASMA_MEMBRANE_PROTEIN_TRANSPORT,5,False
GO_BP,GOBP_POSITIVE_REGULATION_OF_GONADOTROPIN_SECRETION,7,False
GO_BP,GOBP_POSITIVE_REGULATION_OF_GONAD_DEVELOPMENT,4,False
GO_BP,GOBP_POSITIVE_REGULATION_OF_GRANULOCYTE_CHEMOTAXIS,18,True
GO_BP,GOBP_POSITIVE_REGULATION_OF_GRANULOCYTE_DIFFERENTIATION,5,False
GO_BP,GOBP_POSITIVE_REGULATION_OF_GROWTH,204,True
GO_BP,GOBP_POSITIVE_REGULATION_OF_GROWTH_HORMONE_SECRETION,8,False
GO_BP,GOBP_POSITIVE_REGULATION_OF_GTPASE_ACTIVITY,78,True
GO_BP,GOBP_POSITIVE_REGULATION_OF_G_PROTEIN_COUPLED_RECEPTOR_SIGNALING_PATHWAY,25,True
GO_BP,GOBP_POSITIVE_REGULATION_OF_HAIR_FOLLICLE_DEVELOPMENT,7,False
GO_BP,GOBP_POSITIVE_REGULATION_OF_HAIR_FOLLICLE_MATURATION,3,False
GO_BP,GOBP_POSITIVE_REGULATION_OF_HEART_GROWTH,29,True
GO_BP,GOBP_POSITIVE_REGULATION_OF_HEART_RATE,18,True
GO_BP,GOBP_POSITIVE_REGULATION_OF_HEAT_GENERATION,6,False
GO_BP,GOBP_POSITIVE_REGULATION_OF_HEMATOPOIETIC_PROGENITOR_CELL_DIFFERENTIATION,7,False
GO_BP,GOBP_POSITIVE_REGULATION_OF_HEMOGLOBIN_BIOSYNTHETIC_PROCESS,6,False
GO_BP,GOBP_POSITIVE_REGULATION_OF_HEMOPOIESIS,157,True
GO_BP,GOBP_POSITIVE_REGULATION_OF_HEPATOCYTE_PROLIFERATION,7,False
GO_BP,GOBP_POSITIVE_REGULATION_OF_HETEROTYPIC_CELL_CELL_ADHESION,5,False
GO_BP,GOBP_POSITIVE_REGULATION_OF_HIGH_DENSITY_LIPOPROTEIN_PARTICLE_CLEARANCE,2,False
GO_BP,GOBP_POSITIVE_REGULATION_OF_HIPPO_SIGNALING,17,True
GO_BP,GOBP_POSITIVE_REGULATION_OF_HOMOTYPIC_CELL_CELL_ADHESION,16,True
GO_BP,GOBP_POSITIVE_REGULATION_OF_HORMONE_BIOSYNTHETIC_PROCESS,8,False
GO_BP,GOBP_POSITIVE_REGULATION_OF_HORMONE_METABOLIC_PROCESS,10,False
GO_BP,GOBP_POSITIVE_REGULATION_OF_HORMONE_SECRETION,103,True
GO_BP,GOBP_POSITIVE_REGULATION_OF_HUMORAL_IMMUNE_RESPONSE,6,False
GO_BP,GOBP_POSITIVE_REGULATION_OF_HUMORAL_IMMUNE_RESPONSE_MEDIATED_BY_CIRCULATING_IMMUNOGLOBULIN,1,False
GO_BP,GOBP_POSITIVE_REGULATION_OF_HYDROGEN_PEROXIDE_MEDIATED_PROGRAMMED_CELL_DEATH,4,False
GO_BP,GOBP_POSITIVE_REGULATION_OF_HYDROLASE_ACTIVITY,91,True
GO_BP,GOBP_POSITIVE_REGULATION_OF_IMMATURE_T_CELL_PROLIFERATION,3,False
GO_BP,GOBP_POSITIVE_REGULATION_OF_IMMATURE_T_CELL_PROLIFERATION_IN_THYMUS,2,False
GO_BP,GOBP_POSITIVE_REGULATION_OF_IMMUNE_EFFECTOR_PROCESS,208,True
GO_BP,GOBP_POSITIVE_REGULATION_OF_IMMUNE_RESPONSE,623,False
GO_BP,GOBP_POSITIVE_REGULATION_OF_IMMUNE_SYSTEM_PROCESS,878,False
GO_BP,GOBP_POSITIVE_REGULATION_OF_IMMUNOGLOBULIN_PRODUCTION,44,True
GO_BP,GOBP_POSITIVE_REGULATION_OF_INFLAMMASOME_MEDIATED_SIGNALING_PATHWAY,31,True
GO_BP,GOBP_POSITIVE_REGULATION_OF_INFLAMMATORY_RESPONSE,123,True
GO_BP,GOBP_POSITIVE_REGULATION_OF_INFLAMMATORY_RESPONSE_TO_ANTIGENIC_STIMULUS,8,False
GO_BP,GOBP_POSITIVE_REGULATION_OF_INHIBITORY_POSTSYNAPTIC_POTENTIAL,7,False
GO_BP,GOBP_POSITIVE_REGULATION_OF_INSULIN_LIKE_GROWTH_FACTOR_RECEPTOR_SIGNALING_PATHWAY,8,False
GO_BP,GOBP_POSITIVE_REGULATION_OF_INSULIN_SECRETION,67,True
GO_BP,GOBP_POSITIVE_REGULATION_OF_INSULIN_SECRETION_INVOLVED_IN_CELLULAR_RESPONSE_TO_GLUCOSE_STIMULUS,32,True
GO_BP,GOBP_POSITIVE_REGULATION_OF_INTEGRIN_ACTIVATION,5,False
GO_BP,GOBP_POSITIVE_REGULATION_OF_INTEGRIN_MEDIATED_SIGNALING_PATHWAY,13,False
GO_BP,GOBP_POSITIVE_REGULATION_OF_INTERFERON_ALPHA_PRODUCTION,25,True
GO_BP,GOBP_POSITIVE_REGULATION_OF_INTERFERON_BETA_PRODUCTION,41,True
GO_BP,GOBP_POSITIVE_REGULATION_OF_INTERLEUKIN_10_PRODUCTION,31,True
GO_BP,GOBP_POSITIVE_REGULATION_OF_INTERLEUKIN_12_PRODUCTION,32,True
GO_BP,GOBP_POSITIVE_REGULATION_OF_INTERLEUKIN_13_PRODUCTION,17,True
GO_BP,GOBP_POSITIVE_REGULATION_OF_INTERLEUKIN_17_PRODUCTION,16,True
GO_BP,GOBP_POSITIVE_REGULATION_OF_INTERLEUKIN_18_PRODUCTION,8,False
GO_BP,GOBP_POSITIVE_REGULATION_OF_INTERLEUKIN_1_ALPHA_PRODUCTION,5,False
GO_BP,GOBP_POSITIVE_REGULATION_OF_INTERLEUKIN_1_PRODUCTION,56,True
GO_BP,GOBP_POSITIVE_REGULATION_OF_INTERLEUKIN_23_PRODUCTION,4,False
GO_BP,GOBP_POSITIVE_REGULATION_OF_INTERLEUKIN_2_PRODUCTION,39,True
GO_BP,GOBP_POSITIVE_REGULATION_OF_INTERLEUKIN_4_PRODUCTION,17,True
GO_BP,GOBP_POSITIVE_REGULATION_OF_INTERLEUKIN_5_PRODUCTION,11,False
GO_BP,GOBP_POSITIVE_REGULATION_OF_INTERLEUKIN_6_PRODUCTION,82,True
GO_BP,GOBP_POSITIVE_REGULATION_OF_INTERLEUKIN_8_PRODUCTION,52,True
GO_BP,GOBP_POSITIVE_REGULATION_OF_INTESTINAL_ABSORPTION,1,False
GO_BP,GOBP_POSITIVE_REGULATION_OF_INTRACELLULAR_ESTROGEN_RECEPTOR_SIGNALING_PATHWAY,11,False
GO_BP,GOBP_POSITIVE_REGULATION_OF_INTRACELLULAR_PROTEIN_TRANSPORT,91,True
GO_BP,GOBP_POSITIVE_REGULATION_OF_INTRACELLULAR_SIGNAL_TRANSDUCTION,1000,False
GO_BP,GOBP_POSITIVE_REGULATION_OF_INTRACELLULAR_STEROID_HORMONE_RECEPTOR_SIGNALING_PATHWAY,14,False
GO_BP,GOBP_POSITIVE_REGULATION_OF_INTRACELLULAR_TRANSPORT,136,True
GO_BP,GOBP_POSITIVE_REGULATION_OF_INTRINSIC_APOPTOTIC_SIGNALING_PATHWAY,59,True
GO_BP,GOBP_POSITIVE_REGULATION_OF_INTRINSIC_APOPTOTIC_SIGNALING_PATHWAY_BY_P53_CLASS_MEDIATOR,7,False
GO_BP,GOBP_POSITIVE_REGULATION_OF_INTRINSIC_APOPTOTIC_SIGNALING_PATHWAY_IN_RESPONSE_TO_DNA_DAMAGE,8,False
GO_BP,GOBP_POSITIVE_REGULATION_OF_IRE1_MEDIATED_UNFOLDED_PROTEIN_RESPONSE,7,False
GO_BP,GOBP_POSITIVE_REGULATION_OF_ISOTYPE_SWITCHING,24,True
GO_BP,GOBP_POSITIVE_REGULATION_OF_ISOTYPE_SWITCHING_TO_IGG_ISOTYPES,6,False
GO_BP,GOBP_POSITIVE_REGULATION_OF_JNK_CASCADE,91,True
GO_BP,GOBP_POSITIVE_REGULATION_OF_JUN_KINASE_ACTIVITY,12,False
GO_BP,GOBP_POSITIVE_REGULATION_OF_KERATINOCYTE_DIFFERENTIATION,14,False
GO_BP,GOBP_POSITIVE_REGULATION_OF_KERATINOCYTE_PROLIFERATION,9,False
GO_BP,GOBP_POSITIVE_REGULATION_OF_KIDNEY_DEVELOPMENT,8,False
GO_BP,GOBP_POSITIVE_REGULATION_OF_KINASE_ACTIVITY,119,True
GO_BP,GOBP_POSITIVE_REGULATION_OF_LAMELLIPODIUM_ASSEMBLY,28,True
GO_BP,GOBP_POSITIVE_REGULATION_OF_LAMELLIPODIUM_MORPHOGENESIS,5,False
GO_BP,GOBP_POSITIVE_REGULATION_OF_LAMELLIPODIUM_ORGANIZATION,34,True
GO_BP,GOBP_POSITIVE_REGULATION_OF_LEUKOCYTE_ADHESION_TO_ARTERIAL_ENDOTHELIAL_CELL,2,False
GO_BP,GOBP_POSITIVE_REGULATION_OF_LEUKOCYTE_ADHESION_TO_VASCULAR_ENDOTHELIAL_CELL,17,True
GO_BP,GOBP_POSITIVE_REGULATION_OF_LEUKOCYTE_APOPTOTIC_PROCESS,27,True
GO_BP,GOBP_POSITIVE_REGULATION_OF_LEUKOCYTE_CELL_CELL_ADHESION,214,True
GO_BP,GOBP_POSITIVE_REGULATION_OF_LEUKOCYTE_CHEMOTAXIS,69,True
GO_BP,GOBP_POSITIVE_REGULATION_OF_LEUKOCYTE_DEGRANULATION,18,True
GO_BP,GOBP_POSITIVE_REGULATION_OF_LEUKOCYTE_MEDIATED_IMMUNITY,127,True
GO_BP,GOBP_POSITIVE_REGULATION_OF_LEUKOCYTE_MIGRATION,107,True
GO_BP,GOBP_POSITIVE_REGULATION_OF_LEUKOCYTE_PROLIFERATION,110,True
GO_BP,GOBP_POSITIVE_REGULATION_OF_LEUKOCYTE_TETHERING_OR_ROLLING,6,False
GO_BP,GOBP_POSITIVE_REGULATION_OF_LIPASE_ACTIVITY,5,False
GO_BP,GOBP_POSITIVE_REGULATION_OF_LIPID_BIOSYNTHETIC_PROCESS,74,True
GO_BP,GOBP_POSITIVE_REGULATION_OF_LIPID_CATABOLIC_PROCESS,18,True
GO_BP,GOBP_POSITIVE_REGULATION_OF_LIPID_LOCALIZATION,73,True
GO_BP,GOBP_POSITIVE_REGULATION_OF_LIPID_METABOLIC_PROCESS,102,True
GO_BP,GOBP_POSITIVE_REGULATION_OF_LIPID_STORAGE,14,False
GO_BP,GOBP_POSITIVE_REGULATION_OF_LIPID_TRANSPORT,61,True
GO_BP,GOBP_POSITIVE_REGULATION_OF_LIPOPOLYSACCHARIDE_MEDIATED_SIGNALING_PATHWAY,11,False
GO_BP,GOBP_POSITIVE_REGULATION_OF_LIPOPROTEIN_PARTICLE_CLEARANCE,5,False
GO_BP,GOBP_POSITIVE_REGULATION_OF_LIPOPROTEIN_TRANSPORT,5,False
GO_BP,GOBP_POSITIVE_REGULATION_OF_LOCOMOTION,486,True
GO_BP,GOBP_POSITIVE_REGULATION_OF_LONG_TERM_NEURONAL_SYNAPTIC_PLASTICITY,8,False
GO_BP,GOBP_POSITIVE_REGULATION_OF_LONG_TERM_SYNAPTIC_DEPRESSION,5,False
GO_BP,GOBP_POSITIVE_REGULATION_OF_LONG_TERM_SYNAPTIC_POTENTIATION,18,True
GO_BP,GOBP_POSITIVE_REGULATION_OF_LUTEINIZING_HORMONE_SECRETION,4,False
GO_BP,GOBP_POSITIVE_REGULATION_OF_LYASE_ACTIVITY,14,False
GO_BP,GOBP_POSITIVE_REGULATION_OF_LYMPHOCYTE_ANERGY,3,False
GO_BP,GOBP_POSITIVE_REGULATION_OF_LYMPHOCYTE_APOPTOTIC_PROCESS,17,True
GO_BP,GOBP_POSITIVE_REGULATION_OF_LYMPHOCYTE_CHEMOTAXIS,10,False
GO_BP,GOBP_POSITIVE_REGULATION_OF_LYMPHOCYTE_DIFFERENTIATION,111,True
GO_BP,GOBP_POSITIVE_REGULATION_OF_LYMPHOCYTE_MIGRATION,29,True
GO_BP,GOBP_POSITIVE_REGULATION_OF_LYSOSOMAL_PROTEIN_CATABOLIC_PROCESS,4,False
GO_BP,GOBP_POSITIVE_REGULATION_OF_MACROAUTOPHAGY,94,True
GO_BP,GOBP_POSITIVE_REGULATION_OF_MACROPHAGE_ACTIVATION,18,True
GO_BP,GOBP_POSITIVE_REGULATION_OF_MACROPHAGE_CHEMOTAXIS,17,True
GO_BP,GOBP_POSITIVE_REGULATION_OF_MACROPHAGE_CYTOKINE_PRODUCTION,10,False
GO_BP,GOBP_POSITIVE_REGULATION_OF_MACROPHAGE_DERIVED_FOAM_CELL_DIFFERENTIATION,8,False
GO_BP,GOBP_POSITIVE_REGULATION_OF_MACROPHAGE_DIFFERENTIATION,13,False
GO_BP,GOBP_POSITIVE_REGULATION_OF_MACROPHAGE_MIGRATION,21,True
GO_BP,GOBP_POSITIVE_REGULATION_OF_MAINTENANCE_OF_SISTER_CHROMATID_COHESION,6,False
GO_BP,GOBP_POSITIVE_REGULATION_OF_MAMMARY_GLAND_EPITHELIAL_CELL_PROLIFERATION,5,False
GO_BP,GOBP_POSITIVE_REGULATION_OF_MAPKKK_CASCADE_BY_FIBROBLAST_GROWTH_FACTOR_RECEPTOR_SIGNALING_PATHWAY,3,False
GO_BP,GOBP_POSITIVE_REGULATION_OF_MAPK_CASCADE,367,True
GO_BP,GOBP_POSITIVE_REGULATION_OF_MAP_KINASE_ACTIVITY,29,True
GO_BP,GOBP_POSITIVE_REGULATION_OF_MAST_CELL_ACTIVATION,6,False
GO_BP,GOBP_POSITIVE_REGULATION_OF_MAST_CELL_CHEMOTAXIS,6,False
GO_BP,GOBP_POSITIVE_REGULATION_OF_MAST_CELL_DEGRANULATION,8,False
GO_BP,GOBP_POSITIVE_REGULATION_OF_MEGAKARYOCYTE_DIFFERENTIATION,10,False
GO_BP,GOBP_POSITIVE_REGULATION_OF_MEIOTIC_CELL_CYCLE,17,True
GO_BP,GOBP_POSITIVE_REGULATION_OF_MEIOTIC_NUCLEAR_DIVISION,10,False
GO_BP,GOBP_POSITIVE_REGULATION_OF_MELANOCYTE_DIFFERENTIATION,4,False
GO_BP,GOBP_POSITIVE_REGULATION_OF_MEMBRANE_DEPOLARIZATION,13,False
GO_BP,GOBP_POSITIVE_REGULATION_OF_MEMBRANE_PERMEABILITY,43,True
GO_BP,GOBP_POSITIVE_REGULATION_OF_MEMBRANE_POTENTIAL,10,False
GO_BP,GOBP_POSITIVE_REGULATION_OF_MEMBRANE_PROTEIN_ECTODOMAIN_PROTEOLYSIS,12,False
GO_BP,GOBP_POSITIVE_REGULATION_OF_MEMORY_T_CELL_DIFFERENTIATION,7,False
GO_BP,GOBP_POSITIVE_REGULATION_OF_MESENCHYMAL_CELL_PROLIFERATION,24,True
GO_BP,GOBP_POSITIVE_REGULATION_OF_MESENCHYMAL_STEM_CELL_DIFFERENTIATION,5,False
GO_BP,GOBP_POSITIVE_REGULATION_OF_MESENCHYMAL_STEM_CELL_PROLIFERATION,6,False
GO_BP,GOBP_POSITIVE_REGULATION_OF_METAPHASE_ANAPHASE_TRANSITION_OF_CELL_CYCLE,17,True
GO_BP,GOBP_POSITIVE_REGULATION_OF_MHC_CLASS_II_BIOSYNTHETIC_PROCESS,13,False
GO_BP,GOBP_POSITIVE_REGULATION_OF_MHC_CLASS_I_BIOSYNTHETIC_PROCESS,5,False
GO_BP,GOBP_POSITIVE_REGULATION_OF_MICROGLIAL_CELL_ACTIVATION,2,False
GO_BP,GOBP_POSITIVE_REGULATION_OF_MICROGLIAL_CELL_MIGRATION,3,False
GO_BP,GOBP_POSITIVE_REGULATION_OF_MICROTUBULE_DEPOLYMERIZATION,5,False
GO_BP,GOBP_POSITIVE_REGULATION_OF_MICROTUBULE_NUCLEATION,12,False
GO_BP,GOBP_POSITIVE_REGULATION_OF_MICROTUBULE_POLYMERIZATION_OR_DEPOLYMERIZATION,42,True
GO_BP,GOBP_POSITIVE_REGULATION_OF_MICROVILLUS_ASSEMBLY,5,False
GO_BP,GOBP_POSITIVE_REGULATION_OF_MIRNA_CATABOLIC_PROCESS,3,False
GO_BP,GOBP_POSITIVE_REGULATION_OF_MIRNA_METABOLIC_PROCESS,53,True
GO_BP,GOBP_POSITIVE_REGULATION_OF_MIRNA_PROCESSING,5,False
GO_BP,GOBP_POSITIVE_REGULATION_OF_MITOCHONDRIAL_CALCIUM_ION_CONCENTRATION,9,False
GO_BP,GOBP_POSITIVE_REGULATION_OF_MITOCHONDRIAL_DEPOLARIZATION,9,False
GO_BP,GOBP_POSITIVE_REGULATION_OF_MITOCHONDRIAL_FISSION,21,True
GO_BP,GOBP_POSITIVE_REGULATION_OF_MITOCHONDRIAL_FUSION,5,False
GO_BP,GOBP_POSITIVE_REGULATION_OF_MITOCHONDRIAL_MEMBRANE_PERMEABILITY,40,True
GO_BP,GOBP_POSITIVE_REGULATION_OF_MITOCHONDRIAL_MEMBRANE_POTENTIAL,7,False
GO_BP,GOBP_POSITIVE_REGULATION_OF_MITOCHONDRIAL_OUTER_MEMBRANE_PERMEABILIZATION_INVOLVED_IN_APOPTOTIC_SIGNALING_PATHWAY,9,False
GO_BP,GOBP_POSITIVE_REGULATION_OF_MITOCHONDRIAL_TRANSLATION,15,True
GO_BP,GOBP_POSITIVE_REGULATION_OF_MITOTIC_CELL_CYCLE,112,True
GO_BP,GOBP_POSITIVE_REGULATION_OF_MITOTIC_CELL_CYCLE_PHASE_TRANSITION,80,True
GO_BP,GOBP_POSITIVE_REGULATION_OF_MITOTIC_CYTOKINESIS,13,False
GO_BP,GOBP_POSITIVE_REGULATION_OF_MITOTIC_NUCLEAR_DIVISION,35,True
GO_BP,GOBP_POSITIVE_REGULATION_OF_MITOTIC_SISTER_CHROMATID_SEGREGATION,8,False
GO_BP,GOBP_POSITIVE_REGULATION_OF_MITOTIC_SISTER_CHROMATID_SEPARATION,21,True
GO_BP,GOBP_POSITIVE_REGULATION_OF_MOLECULAR_FUNCTION,404,True
GO_BP,GOBP_POSITIVE_REGULATION_OF_MONOATOMIC_ION_TRANSMEMBRANE_TRANSPORT,81,True
GO_BP,GOBP_POSITIVE_REGULATION_OF_MONOATOMIC_ION_TRANSPORT,127,True
GO_BP,GOBP_POSITIVE_REGULATION_OF_MONOCYTE_CHEMOTACTIC_PROTEIN_1_PRODUCTION,11,False
GO_BP,GOBP_POSITIVE_REGULATION_OF_MONOCYTE_CHEMOTAXIS,11,False
GO_BP,GOBP_POSITIVE_REGULATION_OF_MONOCYTE_DIFFERENTIATION,11,False
GO_BP,GOBP_POSITIVE_REGULATION_OF_MONOCYTE_EXTRAVASATION,5,False
GO_BP,GOBP_POSITIVE_REGULATION_OF_MONONUCLEAR_CELL_MIGRATION,70,True
GO_BP,GOBP_POSITIVE_REGULATION_OF_MORPHOGENESIS_OF_AN_EPITHELIUM,31,True
GO_BP,GOBP_POSITIVE_REGULATION_OF_MRNA_3_END_PROCESSING,6,False
GO_BP,GOBP_POSITIVE_REGULATION_OF_MRNA_METABOLIC_PROCESS,138,True
GO_BP,GOBP_POSITIVE_REGULATION_OF_MRNA_PROCESSING,23,True
GO_BP,GOBP_POSITIVE_REGULATION_OF_MRNA_SPLICING_VIA_SPLICEOSOME,18,True
GO_BP,GOBP_POSITIVE_REGULATION_OF_MUCUS_SECRETION,4,False
GO_BP,GOBP_POSITIVE_REGULATION_OF_MULTICELLULAR_ORGANISMAL_PROCESS,1345,False
GO_BP,GOBP_POSITIVE_REGULATION_OF_MULTICELLULAR_ORGANISM_GROWTH,24,True
GO_BP,GOBP_POSITIVE_REGULATION_OF_MUSCLE_ADAPTATION,2,False
GO_BP,GOBP_POSITIVE_REGULATION_OF_MUSCLE_CELL_APOPTOTIC_PROCESS,23,True
GO_BP,GOBP_POSITIVE_REGULATION_OF_MUSCLE_CELL_DIFFERENTIATION,55,True
GO_BP,GOBP_POSITIVE_REGULATION_OF_MUSCLE_CONTRACTION,39,True
GO_BP,GOBP_POSITIVE_REGULATION_OF_MUSCLE_HYPERTROPHY,24,True
GO_BP,GOBP_POSITIVE_REGULATION_OF_MUSCLE_ORGAN_DEVELOPMENT,15,True
GO_BP,GOBP_POSITIVE_REGULATION_OF_MYELINATION,15,True
GO_BP,GOBP_POSITIVE_REGULATION_OF_MYELOID_CELL_APOPTOTIC_PROCESS,7,False
GO_BP,GOBP_POSITIVE_REGULATION_OF_MYELOID_CELL_DIFFERENTIATION,88,True
GO_BP,GOBP_POSITIVE_REGULATION_OF_MYELOID_LEUKOCYTE_CYTOKINE_PRODUCTION_INVOLVED_IN_IMMUNE_RESPONSE,23,True
GO_BP,GOBP_POSITIVE_REGULATION_OF_MYELOID_LEUKOCYTE_DIFFERENTIATION,46,True
GO_BP,GOBP_POSITIVE_REGULATION_OF_MYELOID_LEUKOCYTE_MEDIATED_IMMUNITY,17,True
GO_BP,GOBP_POSITIVE_REGULATION_OF_MYOBLAST_DIFFERENTIATION,37,True
GO_BP,GOBP_POSITIVE_REGULATION_OF_MYOBLAST_FUSION,8,False
GO_BP,GOBP_POSITIVE_REGULATION_OF_MYOBLAST_PROLIFERATION,9,False
GO_BP,GOBP_POSITIVE_REGULATION_OF_MYOTUBE_DIFFERENTIATION,10,False
GO_BP,GOBP_POSITIVE_REGULATION_OF_NATURAL_KILLER_CELL_ACTIVATION,17,True
GO_BP,GOBP_POSITIVE_REGULATION_OF_NATURAL_KILLER_CELL_CHEMOTAXIS,1,False
GO_BP,GOBP_POSITIVE_REGULATION_OF_NATURAL_KILLER_CELL_CYTOKINE_PRODUCTION,6,False
GO_BP,GOBP_POSITIVE_REGULATION_OF_NATURAL_KILLER_CELL_DIFFERENTIATION,9,False
GO_BP,GOBP_POSITIVE_REGULATION_OF_NATURAL_KILLER_CELL_MEDIATED_CYTOTOXICITY,25,True
GO_BP,GOBP_POSITIVE_REGULATION_OF_NATURAL_KILLER_CELL_MEDIATED_IMMUNE_RESPONSE_TO_TUMOR_CELL,5,False
GO_BP,GOBP_POSITIVE_REGULATION_OF_NATURAL_KILLER_CELL_MEDIATED_IMMUNITY,27,True
GO_BP,GOBP_POSITIVE_REGULATION_OF_NECROPTOTIC_PROCESS,5,False
GO_BP,GOBP_POSITIVE_REGULATION_OF_NERVOUS_SYSTEM_DEVELOPMENT,229,True
GO_BP,GOBP_POSITIVE_REGULATION_OF_NERVOUS_SYSTEM_PROCESS,26,True
GO_BP,GOBP_POSITIVE_REGULATION_OF_NEURAL_PRECURSOR_CELL_PROLIFERATION,35,True
GO_BP,GOBP_POSITIVE_REGULATION_OF_NEUROBLAST_PROLIFERATION,16,True
GO_BP,GOBP_POSITIVE_REGULATION_OF_NEUROEPITHELIAL_CELL_DIFFERENTIATION,7,False
GO_BP,GOBP_POSITIVE_REGULATION_OF_NEUROGENESIS,187,True
GO_BP,GOBP_POSITIVE_REGULATION_OF_NEUROINFLAMMATORY_RESPONSE,11,False
GO_BP,GOBP_POSITIVE_REGULATION_OF_NEURON_APOPTOTIC_PROCESS,55,True
GO_BP,GOBP_POSITIVE_REGULATION_OF_NEURON_DIFFERENTIATION,60,True
GO_BP,GOBP_POSITIVE_REGULATION_OF_NEURON_MIGRATION,16,True
GO_BP,GOBP_POSITIVE_REGULATION_OF_NEURON_PROJECTION_ARBORIZATION,8,False
GO_BP,GOBP_POSITIVE_REGULATION_OF_NEURON_PROJECTION_DEVELOPMENT,133,True
GO_BP,GOBP_POSITIVE_REGULATION_OF_NEURON_PROJECTION_REGENERATION,7,False
GO_BP,GOBP_POSITIVE_REGULATION_OF_NEUROTRANSMITTER_SECRETION,17,True
GO_BP,GOBP_POSITIVE_REGULATION_OF_NEUROTRANSMITTER_TRANSPORT,22,True
GO_BP,GOBP_POSITIVE_REGULATION_OF_NEUROTRANSMITTER_UPTAKE,5,False
GO_BP,GOBP_POSITIVE_REGULATION_OF_NEUROTROPHIN_TRK_RECEPTOR_SIGNALING_PATHWAY,6,False
GO_BP,GOBP_POSITIVE_REGULATION_OF_NEUTROPHIL_APOPTOTIC_PROCESS,4,False
GO_BP,GOBP_POSITIVE_REGULATION_OF_NEUTROPHIL_MIGRATION,24,True
GO_BP,GOBP_POSITIVE_REGULATION_OF_NF_KAPPAB_TRANSCRIPTION_FACTOR_ACTIVITY,70,True
GO_BP,GOBP_POSITIVE_REGULATION_OF_NITRIC_OXIDE_BIOSYNTHETIC_PROCESS,32,True
GO_BP,GOBP_POSITIVE_REGULATION_OF_NITRIC_OXIDE_MEDIATED_SIGNAL_TRANSDUCTION,4,False
GO_BP,GOBP_POSITIVE_REGULATION_OF_NK_T_CELL_ACTIVATION,4,False
GO_BP,GOBP_POSITIVE_REGULATION_OF_NON_CANONICAL_NF_KAPPAB_SIGNAL_TRANSDUCTION,57,True
GO_BP,GOBP_POSITIVE_REGULATION_OF_NON_CANONICAL_WNT_SIGNALING_PATHWAY,15,True
GO_BP,GOBP_POSITIVE_REGULATION_OF_NON_MOTILE_CILIUM_ASSEMBLY,6,False
GO_BP,GOBP_POSITIVE_REGULATION_OF_NOTCH_SIGNALING_PATHWAY,38,True
GO_BP,GOBP_POSITIVE_REGULATION_OF_NUCLEAR_CELL_CYCLE_DNA_REPLICATION,7,False
GO_BP,GOBP_POSITIVE_REGULATION_OF_NUCLEAR_DIVISION,45,True
GO_BP,GOBP_POSITIVE_REGULATION_OF_NUCLEAR_TRANSCRIBED_MRNA_CATABOLIC_PROCESS_DEADENYLATION_DEPENDENT_DECAY,14,False
GO_BP,GOBP_POSITIVE_REGULATION_OF_NUCLEOBASE_CONTAINING_COMPOUND_TRANSPORT,6,False
GO_BP,GOBP_POSITIVE_REGULATION_OF_NUCLEOCYTOPLASMIC_TRANSPORT,56,True
GO_BP,GOBP_POSITIVE_REGULATION_OF_NUCLEOTIDE_BINDING_DOMAIN_LEUCINE_RICH_REPEAT_CONTAINING_RECEPTOR_SIGNALING_PATHWAY,10,False
GO_BP,GOBP_POSITIVE_REGULATION_OF_NUCLEOTIDE_BIOSYNTHETIC_PROCESS,13,False
GO_BP,GOBP_POSITIVE_REGULATION_OF_NUCLEOTIDE_CATABOLIC_PROCESS,19,True
GO_BP,GOBP_POSITIVE_REGULATION_OF_NUCLEOTIDE_METABOLIC_PROCESS,34,True
GO_BP,GOBP_POSITIVE_REGULATION_OF_ODONTOGENESIS,7,False
GO_BP,GOBP_POSITIVE_REGULATION_OF_OLIGODENDROCYTE_DIFFERENTIATION,16,True
GO_BP,GOBP_POSITIVE_REGULATION_OF_ORGANELLE_ASSEMBLY,84,True
GO_BP,GOBP_POSITIVE_REGULATION_OF_ORGANELLE_ORGANIZATION,469,True
GO_BP,GOBP_POSITIVE_REGULATION_OF_ORGANIC_ACID_TRANSPORT,30,True
GO_BP,GOBP_POSITIVE_REGULATION_OF_ORGAN_GROWTH,37,True
GO_BP,GOBP_POSITIVE_REGULATION_OF_OSSIFICATION,50,True
GO_BP,GOBP_POSITIVE_REGULATION_OF_OSTEOBLAST_DIFFERENTIATION,66,True
GO_BP,GOBP_POSITIVE_REGULATION_OF_OSTEOBLAST_PROLIFERATION,11,False
GO_BP,GOBP_POSITIVE_REGULATION_OF_OSTEOCLAST_DIFFERENTIATION,20,True
GO_BP,GOBP_POSITIVE_REGULATION_OF_OXIDATIVE_STRESS_INDUCED_INTRINSIC_APOPTOTIC_SIGNALING_PATHWAY,8,False
GO_BP,GOBP_POSITIVE_REGULATION_OF_OXIDOREDUCTASE_ACTIVITY,4,False
GO_BP,GOBP_POSITIVE_REGULATION_OF_P38MAPK_CASCADE,22,True
GO_BP,GOBP_POSITIVE_REGULATION_OF_PATTERN_RECOGNITION_RECEPTOR_SIGNALING_PATHWAY,78,True
GO_BP,GOBP_POSITIVE_REGULATION_OF_PEPTIDASE_ACTIVITY,6,False
GO_BP,GOBP_POSITIVE_REGULATION_OF_PEPTIDE_SECRETION,81,True
GO_BP,GOBP_POSITIVE_REGULATION_OF_PEPTIDYL_SERINE_PHOSPHORYLATION,17,True
GO_BP,GOBP_POSITIVE_REGULATION_OF_PEPTIDYL_THREONINE_PHOSPHORYLATION,6,False
GO_BP,GOBP_POSITIVE_REGULATION_OF_PEPTIDYL_TYROSINE_PHOSPHORYLATION,42,True
GO_BP,GOBP_POSITIVE_REGULATION_OF_PEROXISOME_PROLIFERATOR_ACTIVATED_RECEPTOR_SIGNALING_PATHWAY,9,False
GO_BP,GOBP_POSITIVE_REGULATION_OF_PHAGOCYTOSIS,53,True
GO_BP,GOBP_POSITIVE_REGULATION_OF_PHOSPHATIDYLINOSITOL_3_KINASE_PROTEIN_KINASE_B_SIGNAL_TRANSDUCTION,160,True
GO_BP,GOBP_POSITIVE_REGULATION_OF_PHOSPHOLIPASE_C_ACTIVATING_G_PROTEIN_COUPLED_RECEPTOR_SIGNALING_PATHWAY,3,False
GO_BP,GOBP_POSITIVE_REGULATION_OF_PHOSPHOLIPASE_C_PROTEIN_KINASE_C_SIGNAL_TRANSDUCTION,3,False
GO_BP,GOBP_POSITIVE_REGULATION_OF_PHOSPHOLIPID_BIOSYNTHETIC_PROCESS,8,False
GO_BP,GOBP_POSITIVE_REGULATION_OF_PHOSPHOLIPID_METABOLIC_PROCESS,12,False
GO_BP,GOBP_POSITIVE_REGULATION_OF_PHOSPHOLIPID_TRANSPORT,12,False
GO_BP,GOBP_POSITIVE_REGULATION_OF_PHOSPHORUS_METABOLIC_PROCESS,265,True
GO_BP,GOBP_POSITIVE_REGULATION_OF_PHOSPHORYLATION,216,True
GO_BP,GOBP_POSITIVE_REGULATION_OF_PINOCYTOSIS,7,False
GO_BP,GOBP_POSITIVE_REGULATION_OF_PLASMA_MEMBRANE_BOUNDED_CELL_PROJECTION_ASSEMBLY,109,True
GO_BP,GOBP_POSITIVE_REGULATION_OF_PLASMINOGEN_ACTIVATION,7,False
GO_BP,GOBP_POSITIVE_REGULATION_OF_PLATELET_ACTIVATION,9,False
GO_BP,GOBP_POSITIVE_REGULATION_OF_PLATELET_AGGREGATION,10,False
GO_BP,GOBP_POSITIVE_REGULATION_OF_PLATELET_DERIVED_GROWTH_FACTOR_RECEPTOR_SIGNALING_PATHWAY,4,False
GO_BP,GOBP_POSITIVE_REGULATION_OF_PODOSOME_ASSEMBLY,6,False
GO_BP,GOBP_POSITIVE_REGULATION_OF_POST_TRANSCRIPTIONAL_GENE_SILENCING,11,False
GO_BP,GOBP_POSITIVE_REGULATION_OF_POST_TRANSLATIONAL_PROTEIN_MODIFICATION,124,True
GO_BP,GOBP_POSITIVE_REGULATION_OF_POTASSIUM_ION_IMPORT_ACROSS_PLASMA_MEMBRANE,4,False
GO_BP,GOBP_POSITIVE_REGULATION_OF_POTASSIUM_ION_TRANSMEMBRANE_TRANSPORT,17,True
GO_BP,GOBP_POSITIVE_REGULATION_OF_POTASSIUM_ION_TRANSPORT,23,True
GO_BP,GOBP_POSITIVE_REGULATION_OF_PRODUCTION_OF_MOLECULAR_MEDIATOR_OF_IMMUNE_RESPONSE,108,True
GO_BP,GOBP_POSITIVE_REGULATION_OF_PROGRAMMED_CELL_DEATH,471,True
GO_BP,GOBP_POSITIVE_REGULATION_OF_PROGRAMMED_NECROTIC_CELL_DEATH,7,False
GO_BP,GOBP_POSITIVE_REGULATION_OF_PROSTAGLANDIN_BIOSYNTHETIC_PROCESS,4,False
GO_BP,GOBP_POSITIVE_REGULATION_OF_PROTEASOMAL_PROTEIN_CATABOLIC_PROCESS,116,True
GO_BP,GOBP_POSITIVE_REGULATION_OF_PROTEASOMAL_UBIQUITIN_DEPENDENT_PROTEIN_CATABOLIC_PROCESS,83,True
GO_BP,GOBP_POSITIVE_REGULATION_OF_PROTEIN_ACETYLATION,6,False
GO_BP,GOBP_POSITIVE_REGULATION_OF_PROTEIN_AUTOPHOSPHORYLATION,5,False
GO_BP,GOBP_POSITIVE_REGULATION_OF_PROTEIN_BINDING,9,False
GO_BP,GOBP_POSITIVE_REGULATION_OF_PROTEIN_CATABOLIC_PROCESS,204,True
GO_BP,GOBP_POSITIVE_REGULATION_OF_PROTEIN_CATABOLIC_PROCESS_IN_THE_VACUOLE,6,False
GO_BP,GOBP_POSITIVE_REGULATION_OF_PROTEIN_CONTAINING_COMPLEX_ASSEMBLY,187,True
GO_BP,GOBP_POSITIVE_REGULATION_OF_PROTEIN_CONTAINING_COMPLEX_DISASSEMBLY,37,True
GO_BP,GOBP_POSITIVE_REGULATION_OF_PROTEIN_DEPOLYMERIZATION,18,True
GO_BP,GOBP_POSITIVE_REGULATION_OF_PROTEIN_DEUBIQUITINATION,5,False
GO_BP,GOBP_POSITIVE_REGULATION_OF_PROTEIN_EXIT_FROM_ENDOPLASMIC_RETICULUM,19,True
GO_BP,GOBP_POSITIVE_REGULATION_OF_PROTEIN_EXPORT_FROM_NUCLEUS,18,True
GO_BP,GOBP_POSITIVE_REGULATION_OF_PROTEIN_IMPORT_INTO_NUCLEUS,35,True
GO_BP,GOBP_POSITIVE_REGULATION_OF_PROTEIN_K63_LINKED_UBIQUITINATION,8,False
GO_BP,GOBP_POSITIVE_REGULATION_OF_PROTEIN_LOCALIZATION,376,True
GO_BP,GOBP_POSITIVE_REGULATION_OF_PROTEIN_LOCALIZATION_TO_CAJAL_BODY,9,False
GO_BP,GOBP_POSITIVE_REGULATION_OF_PROTEIN_LOCALIZATION_TO_CELL_CORTEX,6,False
GO_BP,GOBP_POSITIVE_REGULATION_OF_PROTEIN_LOCALIZATION_TO_CELL_PERIPHERY,61,True
GO_BP,GOBP_POSITIVE_REGULATION_OF_PROTEIN_LOCALIZATION_TO_CELL_SURFACE,15,True
GO_BP,GOBP_POSITIVE_REGULATION_OF_PROTEIN_LOCALIZATION_TO_CENTROSOME,7,False
GO_BP,GOBP_POSITIVE_REGULATION_OF_PROTEIN_LOCALIZATION_TO_CILIUM,7,False
GO_BP,GOBP_POSITIVE_REGULATION_OF_PROTEIN_LOCALIZATION_TO_EARLY_ENDOSOME,8,False
GO_BP,GOBP_POSITIVE_REGULATION_OF_PROTEIN_LOCALIZATION_TO_MEMBRANE,71,True
GO_BP,GOBP_POSITIVE_REGULATION_OF_PROTEIN_LOCALIZATION_TO_NUCLEOLUS,6,False
GO_BP,GOBP_POSITIVE_REGULATION_OF_PROTEIN_LOCALIZATION_TO_NUCLEUS,87,True
GO_BP,GOBP_POSITIVE_REGULATION_OF_PROTEIN_LOCALIZATION_TO_PLASMA_MEMBRANE,50,True
GO_BP,GOBP_POSITIVE_REGULATION_OF_PROTEIN_LOCALIZATION_TO_SYNAPSE,7,False
GO_BP,GOBP_POSITIVE_REGULATION_OF_PROTEIN_MATURATION,19,True
GO_BP,GOBP_POSITIVE_REGULATION_OF_PROTEIN_METABOLIC_PROCESS,713,False
GO_BP,GOBP_POSITIVE_REGULATION_OF_PROTEIN_MODIFICATION_PROCESS,327,True
GO_BP,GOBP_POSITIVE_REGULATION_OF_PROTEIN_MONOUBIQUITINATION,5,False
GO_BP,GOBP_POSITIVE_REGULATION_OF_PROTEIN_NEDDYLATION,5,False
GO_BP,GOBP_POSITIVE_REGULATION_OF_PROTEIN_POLYMERIZATION,84,True
GO_BP,GOBP_POSITIVE_REGULATION_OF_PROTEIN_POLYUBIQUITINATION,17,True
GO_BP,GOBP_POSITIVE_REGULATION_OF_PROTEIN_SECRETION,113,True
GO_BP,GOBP_POSITIVE_REGULATION_OF_PROTEIN_SERINE_THREONINE_KINASE_ACTIVITY,45,True
GO_BP,GOBP_POSITIVE_REGULATION_OF_PROTEIN_SUMOYLATION,12,False
GO_BP,GOBP_POSITIVE_REGULATION_OF_PROTEIN_TARGETING_TO_MEMBRANE,28,True
GO_BP,GOBP_POSITIVE_REGULATION_OF_PROTEIN_TRANSPORT,212,True
GO_BP,GOBP_POSITIVE_REGULATION_OF_PROTEIN_TYROSINE_KINASE_ACTIVITY,8,False
GO_BP,GOBP_POSITIVE_REGULATION_OF_PROTEIN_UBIQUITINATION,101,True
GO_BP,GOBP_POSITIVE_REGULATION_OF_PROTEOGLYCAN_BIOSYNTHETIC_PROCESS,5,False
GO_BP,GOBP_POSITIVE_REGULATION_OF_PROTEOLYSIS,188,True
GO_BP,GOBP_POSITIVE_REGULATION_OF_PROTEOLYSIS_INVOLVED_IN_PROTEIN_CATABOLIC_PROCESS,135,True
GO_BP,GOBP_POSITIVE_REGULATION_OF_PSEUDOPODIUM_ASSEMBLY,13,False
GO_BP,GOBP_POSITIVE_REGULATION_OF_PYROPTOTIC_INFLAMMATORY_RESPONSE,7,False
GO_BP,GOBP_POSITIVE_REGULATION_OF_RAC_PROTEIN_SIGNAL_TRANSDUCTION,20,True
GO_BP,GOBP_POSITIVE_REGULATION_OF_RAS_PROTEIN_SIGNAL_TRANSDUCTION,20,True
GO_BP,GOBP_POSITIVE_REGULATION_OF_REACTIVE_OXYGEN_SPECIES_BIOSYNTHETIC_PROCESS,17,True
GO_BP,GOBP_POSITIVE_REGULATION_OF_REACTIVE_OXYGEN_SPECIES_METABOLIC_PROCESS,61,True
GO_BP,GOBP_POSITIVE_REGULATION_OF_RECEPTOR_CATABOLIC_PROCESS,8,False
GO_BP,GOBP_POSITIVE_REGULATION_OF_RECEPTOR_CLUSTERING,12,False
GO_BP,GOBP_POSITIVE_REGULATION_OF_RECEPTOR_INTERNALIZATION,21,True
GO_BP,GOBP_POSITIVE_REGULATION_OF_RECEPTOR_MEDIATED_ENDOCYTOSIS,42,True
GO_BP,GOBP_POSITIVE_REGULATION_OF_RECEPTOR_RECYCLING,14,False
GO_BP,GOBP_POSITIVE_REGULATION_OF_RECEPTOR_SIGNALING_PATHWAY_VIA_STAT,35,True
GO_BP,GOBP_POSITIVE_REGULATION_OF_REGULATED_SECRETORY_PATHWAY,37,True
GO_BP,GOBP_POSITIVE_REGULATION_OF_REGULATORY_T_CELL_DIFFERENTIATION,18,True
GO_BP,GOBP_POSITIVE_REGULATION_OF_RELAXATION_OF_MUSCLE,2,False
GO_BP,GOBP_POSITIVE_REGULATION_OF_RELEASE_OF_CYTOCHROME_C_FROM_MITOCHONDRIA,21,True
GO_BP,GOBP_POSITIVE_REGULATION_OF_RELEASE_OF_SEQUESTERED_CALCIUM_ION_INTO_CYTOSOL,19,True
GO_BP,GOBP_POSITIVE_REGULATION_OF_REPRODUCTIVE_PROCESS,51,True
GO_BP,GOBP_POSITIVE_REGULATION_OF_RESPIRATORY_BURST,4,False
GO_BP,GOBP_POSITIVE_REGULATION_OF_RESPONSE_TO_BIOTIC_STIMULUS,364,True
GO_BP,GOBP_POSITIVE_REGULATION_OF_RESPONSE_TO_CYTOKINE_STIMULUS,71,True
GO_BP,GOBP_POSITIVE_REGULATION_OF_RESPONSE_TO_ENDOPLASMIC_RETICULUM_STRESS,44,True
GO_BP,GOBP_POSITIVE_REGULATION_OF_RESPONSE_TO_EXTERNAL_STIMULUS,538,False
GO_BP,GOBP_POSITIVE_REGULATION_OF_RESPONSE_TO_NUTRIENT_LEVELS,2,False
GO_BP,GOBP_POSITIVE_REGULATION_OF_RESPONSE_TO_TUMOR_CELL,15,True
GO_BP,GOBP_POSITIVE_REGULATION_OF_RESPONSE_TO_TYPE_II_INTERFERON,5,False
GO_BP,GOBP_POSITIVE_REGULATION_OF_RESPONSE_TO_WOUNDING,62,True
GO_BP,GOBP_POSITIVE_REGULATION_OF_RETINOIC_ACID_RECEPTOR_SIGNALING_PATHWAY,5,False
GO_BP,GOBP_POSITIVE_REGULATION_OF_RHO_PROTEIN_SIGNAL_TRANSDUCTION,25,True
GO_BP,GOBP_POSITIVE_REGULATION_OF_RIG_I_SIGNALING_PATHWAY,9,False
GO_BP,GOBP_POSITIVE_REGULATION_OF_RNA_EXPORT_FROM_NUCLEUS,5,False
GO_BP,GOBP_POSITIVE_REGULATION_OF_RNA_METABOLIC_PROCESS,1566,False
GO_BP,GOBP_POSITIVE_REGULATION_OF_RNA_POLYMERASE_II_TRANSCRIPTION_PREINITIATION_COMPLEX_ASSEMBLY,4,False
GO_BP,GOBP_POSITIVE_REGULATION_OF_RNA_SPLICING,34,True
GO_BP,GOBP_POSITIVE_REGULATION_OF_RRNA_PROCESSING,13,False
GO_BP,GOBP_POSITIVE_REGULATION_OF_RUFFLE_ASSEMBLY,16,True
GO_BP,GOBP_POSITIVE_REGULATION_OF_SARCOMERE_ORGANIZATION,4,False
GO_BP,GOBP_POSITIVE_REGULATION_OF_SECONDARY_METABOLITE_BIOSYNTHETIC_PROCESS,9,False
GO_BP,GOBP_POSITIVE_REGULATION_OF_SECRETION,239,True
GO_BP,GOBP_POSITIVE_REGULATION_OF_SENSORY_PERCEPTION_OF_PAIN,1,False
GO_BP,GOBP_POSITIVE_REGULATION_OF_SEQUESTERING_OF_CALCIUM_ION,7,False
GO_BP,GOBP_POSITIVE_REGULATION_OF_SIGNALING,1555,False
GO_BP,GOBP_POSITIVE_REGULATION_OF_SIGNAL_TRANSDUCTION_BY_P53_CLASS_MEDIATOR,34,True
GO_BP,GOBP_POSITIVE_REGULATION_OF_SISTER_CHROMATID_COHESION,10,False
GO_BP,GOBP_POSITIVE_REGULATION_OF_SKELETAL_MUSCLE_ACETYLCHOLINE_GATED_CHANNEL_CLUSTERING,7,False
GO_BP,GOBP_POSITIVE_REGULATION_OF_SKELETAL_MUSCLE_CELL_DIFFERENTIATION,8,False
GO_BP,GOBP_POSITIVE_REGULATION_OF_SKELETAL_MUSCLE_FIBER_DEVELOPMENT,3,False
GO_BP,GOBP_POSITIVE_REGULATION_OF_SKELETAL_MUSCLE_TISSUE_GROWTH,5,False
GO_BP,GOBP_POSITIVE_REGULATION_OF_SKELETAL_MUSCLE_TISSUE_REGENERATION,4,False
GO_BP,GOBP_POSITIVE_REGULATION_OF_SMAD_PROTEIN_SIGNAL_TRANSDUCTION,40,True
GO_BP,GOBP_POSITIVE_REGULATION_OF_SMALL_GTPASE_MEDIATED_SIGNAL_TRANSDUCTION,72,True
GO_BP,GOBP_POSITIVE_REGULATION_OF_SMALL_MOLECULE_METABOLIC_PROCESS,131,True
GO_BP,GOBP_POSITIVE_REGULATION_OF_SMOOTHENED_SIGNALING_PATHWAY,35,True
GO_BP,GOBP_POSITIVE_REGULATION_OF_SMOOTH_MUSCLE_CELL_APOPTOTIC_PROCESS,13,False
GO_BP,GOBP_POSITIVE_REGULATION_OF_SMOOTH_MUSCLE_CELL_DIFFERENTIATION,14,False
GO_BP,GOBP_POSITIVE_REGULATION_OF_SMOOTH_MUSCLE_CELL_MIGRATION,30,True
GO_BP,GOBP_POSITIVE_REGULATION_OF_SMOOTH_MUSCLE_CELL_PROLIFERATION,64,True
GO_BP,GOBP_POSITIVE_REGULATION_OF_SMOOTH_MUSCLE_CONTRACTION,19,True
GO_BP,GOBP_POSITIVE_REGULATION_OF_SODIUM_ION_TRANSMEMBRANE_TRANSPORT,14,False
GO_BP,GOBP_POSITIVE_REGULATION_OF_SODIUM_ION_TRANSPORT,26,True
GO_BP,GOBP_POSITIVE_REGULATION_OF_SPHINGOLIPID_BIOSYNTHETIC_PROCESS,5,False
GO_BP,GOBP_POSITIVE_REGULATION_OF_SPINDLE_ASSEMBLY,6,False
GO_BP,GOBP_POSITIVE_REGULATION_OF_SPINDLE_CHECKPOINT,18,True
GO_BP,GOBP_POSITIVE_REGULATION_OF_SPROUTING_ANGIOGENESIS,23,True
GO_BP,GOBP_POSITIVE_REGULATION_OF_STEM_CELL_DIFFERENTIATION,17,True
GO_BP,GOBP_POSITIVE_REGULATION_OF_STEM_CELL_POPULATION_MAINTENANCE,49,True
GO_BP,GOBP_POSITIVE_REGULATION_OF_STEM_CELL_PROLIFERATION,17,True
GO_BP,GOBP_POSITIVE_REGULATION_OF_STEROID_BIOSYNTHETIC_PROCESS,23,True
GO_BP,GOBP_POSITIVE_REGULATION_OF_STEROID_HORMONE_BIOSYNTHETIC_PROCESS,4,False
GO_BP,GOBP_POSITIVE_REGULATION_OF_STEROID_HORMONE_SECRETION,7,False
GO_BP,GOBP_POSITIVE_REGULATION_OF_STEROID_METABOLIC_PROCESS,30,True
GO_BP,GOBP_POSITIVE_REGULATION_OF_STEROL_TRANSPORT,29,True
GO_BP,GOBP_POSITIVE_REGULATION_OF_STRESS_ACTIVATED_PROTEIN_KINASE_SIGNALING_CASCADE,20,True
GO_BP,GOBP_POSITIVE_REGULATION_OF_STRESS_FIBER_ASSEMBLY,50,True
GO_BP,GOBP_POSITIVE_REGULATION_OF_STRIATED_MUSCLE_CELL_APOPTOTIC_PROCESS,11,False
GO_BP,GOBP_POSITIVE_REGULATION_OF_STRIATED_MUSCLE_CELL_DIFFERENTIATION,30,True
GO_BP,GOBP_POSITIVE_REGULATION_OF_STRIATED_MUSCLE_CONTRACTION,9,False
GO_BP,GOBP_POSITIVE_REGULATION_OF_SUBSTRATE_ADHESION_DEPENDENT_CELL_SPREADING,38,True
GO_BP,GOBP_POSITIVE_REGULATION_OF_SYNAPSE_ASSEMBLY,54,True
GO_BP,GOBP_POSITIVE_REGULATION_OF_SYNAPSE_MATURATION,6,False
GO_BP,GOBP_POSITIVE_REGULATION_OF_SYNAPTIC_PLASTICITY,8,False
GO_BP,GOBP_POSITIVE_REGULATION_OF_SYNAPTIC_TRANSMISSION,128,True
GO_BP,GOBP_POSITIVE_REGULATION_OF_SYNAPTIC_TRANSMISSION_CHOLINERGIC,5,False
GO_BP,GOBP_POSITIVE_REGULATION_OF_SYNAPTIC_TRANSMISSION_GABAERGIC,10,False
GO_BP,GOBP_POSITIVE_REGULATION_OF_SYNAPTIC_TRANSMISSION_GLUTAMATERGIC,20,True
GO_BP,GOBP_POSITIVE_REGULATION_OF_SYNAPTIC_VESICLE_EXOCYTOSIS,4,False
GO_BP,GOBP_POSITIVE_REGULATION_OF_SYNAPTIC_VESICLE_FUSION_TO_PRESYNAPTIC_ACTIVE_ZONE_MEMBRANE,10,False
GO_BP,GOBP_POSITIVE_REGULATION_OF_SYNAPTIC_VESICLE_RECYCLING,6,False
GO_BP,GOBP_POSITIVE_REGULATION_OF_SYNCYTIUM_FORMATION_BY_PLASMA_MEMBRANE_FUSION,11,False
GO_BP,GOBP_POSITIVE_REGULATION_OF_SYSTEMIC_ARTERIAL_BLOOD_PRESSURE,10,False
GO_BP,GOBP_POSITIVE_REGULATION_OF_TELOMERASE_RNA_LOCALIZATION_TO_CAJAL_BODY,8,False
GO_BP,GOBP_POSITIVE_REGULATION_OF_TELOMERE_CAPPING,5,False
GO_BP,GOBP_POSITIVE_REGULATION_OF_TELOMERE_MAINTENANCE,76,True
GO_BP,GOBP_POSITIVE_REGULATION_OF_TELOMERE_MAINTENANCE_VIA_TELOMERE_LENGTHENING,27,True
GO_BP,GOBP_POSITIVE_REGULATION_OF_TERMINATION_OF_DNA_TEMPLATED_TRANSCRIPTION,7,False
GO_BP,GOBP_POSITIVE_REGULATION_OF_THE_FORCE_OF_HEART_CONTRACTION,3,False
GO_BP,GOBP_POSITIVE_REGULATION_OF_THYMOCYTE_APOPTOTIC_PROCESS,5,False
GO_BP,GOBP_POSITIVE_REGULATION_OF_TISSUE_REMODELING,6,False
GO_BP,GOBP_POSITIVE_REGULATION_OF_TOLERANCE_INDUCTION,6,False
GO_BP,GOBP_POSITIVE_REGULATION_OF_TOLL_LIKE_RECEPTOR_2_SIGNALING_PATHWAY,7,False
GO_BP,GOBP_POSITIVE_REGULATION_OF_TOLL_LIKE_RECEPTOR_3_SIGNALING_PATHWAY,6,False
GO_BP,GOBP_POSITIVE_REGULATION_OF_TOLL_LIKE_RECEPTOR_4_SIGNALING_PATHWAY,14,False
GO_BP,GOBP_POSITIVE_REGULATION_OF_TOLL_LIKE_RECEPTOR_7_SIGNALING_PATHWAY,3,False
GO_BP,GOBP_POSITIVE_REGULATION_OF_TOLL_LIKE_RECEPTOR_9_SIGNALING_PATHWAY,7,False
GO_BP,GOBP_POSITIVE_REGULATION_OF_TOOTH_MINERALIZATION,2,False
GO_BP,GOBP_POSITIVE_REGULATION_OF_TORC1_SIGNALING,51,True
GO_BP,GOBP_POSITIVE_REGULATION_OF_TORC2_SIGNALING,6,False
GO_BP,GOBP_POSITIVE_REGULATION_OF_TOR_SIGNALING,70,True
GO_BP,GOBP_POSITIVE_REGULATION_OF_TRANSCRIPTION_BY_RNA_POLYMERASE_I,35,True
GO_BP,GOBP_POSITIVE_REGULATION_OF_TRANSCRIPTION_BY_RNA_POLYMERASE_II,1030,False
GO_BP,GOBP_POSITIVE_REGULATION_OF_TRANSCRIPTION_BY_RNA_POLYMERASE_III,21,True
GO_BP,GOBP_POSITIVE_REGULATION_OF_TRANSCRIPTION_OF_NOTCH_RECEPTOR_TARGET,6,False
GO_BP,GOBP_POSITIVE_REGULATION_OF_TRANSCRIPTION_OF_NUCLEOLAR_LARGE_RRNA_BY_RNA_POLYMERASE_I,11,False
GO_BP,GOBP_POSITIVE_REGULATION_OF_TRANSCRIPTION_REGULATORY_REGION_DNA_BINDING,7,False
GO_BP,GOBP_POSITIVE_REGULATION_OF_TRANSFORMING_GROWTH_FACTOR_BETA1_PRODUCTION,5,False
GO_BP,GOBP_POSITIVE_REGULATION_OF_TRANSFORMING_GROWTH_FACTOR_BETA_PRODUCTION,16,True
GO_BP,GOBP_POSITIVE_REGULATION_OF_TRANSLATION,126,True
GO_BP,GOBP_POSITIVE_REGULATION_OF_TRANSLATIONAL_ELONGATION,3,False
GO_BP,GOBP_POSITIVE_REGULATION_OF_TRANSLATIONAL_INITIATION,28,True
GO_BP,GOBP_POSITIVE_REGULATION_OF_TRANSLATION_IN_RESPONSE_TO_ENDOPLASMIC_RETICULUM_STRESS,5,False
GO_BP,GOBP_POSITIVE_REGULATION_OF_TRANSLATION_IN_RESPONSE_TO_STRESS,7,False
GO_BP,GOBP_POSITIVE_REGULATION_OF_TRANSMEMBRANE_RECEPTOR_PROTEIN_SERINE_THREONINE_KINASE_SIGNALING_PATHWAY,99,True
GO_BP,GOBP_POSITIVE_REGULATION_OF_TRANSMEMBRANE_TRANSPORT,127,True
GO_BP,GOBP_POSITIVE_REGULATION_OF_TRANSMISSION_OF_NERVE_IMPULSE,3,False
GO_BP,GOBP_POSITIVE_REGULATION_OF_TRANSPORT,664,False
GO_BP,GOBP_POSITIVE_REGULATION_OF_TRANSPORTER_ACTIVITY,26,True
GO_BP,GOBP_POSITIVE_REGULATION_OF_TRIGLYCERIDE_BIOSYNTHETIC_PROCESS,11,False
GO_BP,GOBP_POSITIVE_REGULATION_OF_TRIGLYCERIDE_CATABOLIC_PROCESS,6,False
GO_BP,GOBP_POSITIVE_REGULATION_OF_TRIGLYCERIDE_METABOLIC_PROCESS,17,True
GO_BP,GOBP_POSITIVE_REGULATION_OF_TROPHOBLAST_CELL_MIGRATION,6,False
GO_BP,GOBP_POSITIVE_REGULATION_OF_TUMOR_NECROSIS_FACTOR_MEDIATED_SIGNALING_PATHWAY,19,True
GO_BP,GOBP_POSITIVE_REGULATION_OF_TUMOR_NECROSIS_FACTOR_SUPERFAMILY_CYTOKINE_PRODUCTION,101,True
GO_BP,GOBP_POSITIVE_REGULATION_OF_TYPE_2_IMMUNE_RESPONSE,11,False
GO_BP,GOBP_POSITIVE_REGULATION_OF_TYPE_2_MITOPHAGY,12,False
GO_BP,GOBP_POSITIVE_REGULATION_OF_TYPE_B_PANCREATIC_CELL_APOPTOTIC_PROCESS,4,False
GO_BP,GOBP_POSITIVE_REGULATION_OF_TYPE_II_INTERFERON_PRODUCTION,72,True
GO_BP,GOBP_POSITIVE_REGULATION_OF_TYPE_I_INTERFERON_MEDIATED_SIGNALING_PATHWAY,20,True
GO_BP,GOBP_POSITIVE_REGULATION_OF_TYPE_I_INTERFERON_PRODUCTION,72,True
GO_BP,GOBP_POSITIVE_REGULATION_OF_T_CELL_APOPTOTIC_PROCESS,12,False
GO_BP,GOBP_POSITIVE_REGULATION_OF_T_CELL_CYTOKINE_PRODUCTION,25,True
GO_BP,GOBP_POSITIVE_REGULATION_OF_T_CELL_DIFFERENTIATION_IN_THYMUS,7,False
GO_BP,GOBP_POSITIVE_REGULATION_OF_T_CELL_MEDIATED_CYTOTOXICITY,43,True
GO_BP,GOBP_POSITIVE_REGULATION_OF_T_CELL_MEDIATED_IMMUNE_RESPONSE_TO_TUMOR_CELL,9,False
GO_BP,GOBP_POSITIVE_REGULATION_OF_T_CELL_MEDIATED_IMMUNITY,68,True
GO_BP,GOBP_POSITIVE_REGULATION_OF_T_CELL_MIGRATION,25,True
GO_BP,GOBP_POSITIVE_REGULATION_OF_T_CELL_PROLIFERATION,70,True
GO_BP,GOBP_POSITIVE_REGULATION_OF_T_CELL_RECEPTOR_SIGNALING_PATHWAY,13,False
GO_BP,GOBP_POSITIVE_REGULATION_OF_T_CELL_TOLERANCE_INDUCTION,5,False
GO_BP,GOBP_POSITIVE_REGULATION_OF_T_HELPER_17_CELL_DIFFERENTIATION,12,False
GO_BP,GOBP_POSITIVE_REGULATION_OF_T_HELPER_17_CELL_LINEAGE_COMMITMENT,9,False
GO_BP,GOBP_POSITIVE_REGULATION_OF_T_HELPER_17_TYPE_IMMUNE_RESPONSE,16,True
GO_BP,GOBP_POSITIVE_REGULATION_OF_T_HELPER_1_CELL_DIFFERENTIATION,4,False
GO_BP,GOBP_POSITIVE_REGULATION_OF_T_HELPER_1_TYPE_IMMUNE_RESPONSE,10,False
GO_BP,GOBP_POSITIVE_REGULATION_OF_T_HELPER_2_CELL_CYTOKINE_PRODUCTION,5,False
GO_BP,GOBP_POSITIVE_REGULATION_OF_T_HELPER_2_CELL_DIFFERENTIATION,3,False
GO_BP,GOBP_POSITIVE_REGULATION_OF_T_HELPER_CELL_DIFFERENTIATION,21,True
GO_BP,GOBP_POSITIVE_REGULATION_OF_UBIQUITIN_DEPENDENT_PROTEIN_CATABOLIC_PROCESS,105,True
GO_BP,GOBP_POSITIVE_REGULATION_OF_UBIQUITIN_PROTEIN_LIGASE_ACTIVITY,5,False
GO_BP,GOBP_POSITIVE_REGULATION_OF_UBIQUITIN_PROTEIN_TRANSFERASE_ACTIVITY,8,False
GO_BP,GOBP_POSITIVE_REGULATION_OF_UNSATURATED_FATTY_ACID_BIOSYNTHETIC_PROCESS,5,False
GO_BP,GOBP_POSITIVE_REGULATION_OF_URINE_VOLUME,9,False
GO_BP,GOBP_POSITIVE_REGULATION_OF_UTERINE_SMOOTH_MUSCLE_CONTRACTION,5,False
GO_BP,GOBP_POSITIVE_REGULATION_OF_VACUOLE_ORGANIZATION,26,True
GO_BP,GOBP_POSITIVE_REGULATION_OF_VASCULAR_ASSOCIATED_SMOOTH_MUSCLE_CELL_APOPTOTIC_PROCESS,7,False
GO_BP,GOBP_POSITIVE_REGULATION_OF_VASCULAR_ASSOCIATED_SMOOTH_MUSCLE_CELL_DIFFERENTIATION,6,False
GO_BP,GOBP_POSITIVE_REGULATION_OF_VASCULAR_ASSOCIATED_SMOOTH_MUSCLE_CELL_MIGRATION,12,False
GO_BP,GOBP_POSITIVE_REGULATION_OF_VASCULAR_ASSOCIATED_SMOOTH_MUSCLE_CELL_PROLIFERATION,27,True
GO_BP,GOBP_POSITIVE_REGULATION_OF_VASCULAR_ENDOTHELIAL_CELL_PROLIFERATION,15,True
GO_BP,GOBP_POSITIVE_REGULATION_OF_VASCULAR_ENDOTHELIAL_GROWTH_FACTOR_PRODUCTION,24,True
GO_BP,GOBP_POSITIVE_REGULATION_OF_VASCULAR_ENDOTHELIAL_GROWTH_FACTOR_RECEPTOR_SIGNALING_PATHWAY,12,False
GO_BP,GOBP_POSITIVE_REGULATION_OF_VASCULAR_ENDOTHELIAL_GROWTH_FACTOR_SIGNALING_PATHWAY,19,True
GO_BP,GOBP_POSITIVE_REGULATION_OF_VASCULAR_PERMEABILITY,18,True
GO_BP,GOBP_POSITIVE_REGULATION_OF_VASCULAR_WOUND_HEALING,5,False
GO_BP,GOBP_POSITIVE_REGULATION_OF_VASCULATURE_DEVELOPMENT,142,True
GO_BP,GOBP_POSITIVE_REGULATION_OF_VASCULOGENESIS,10,False
GO_BP,GOBP_POSITIVE_REGULATION_OF_VASOCONSTRICTION,15,True
GO_BP,GOBP_POSITIVE_REGULATION_OF_VESICLE_FUSION,18,True
GO_BP,GOBP_POSITIVE_REGULATION_OF_VIRAL_GENOME_REPLICATION,28,True
GO_BP,GOBP_POSITIVE_REGULATION_OF_VIRAL_LIFE_CYCLE,18,True
GO_BP,GOBP_POSITIVE_REGULATION_OF_VIRAL_PROCESS,54,True
GO_BP,GOBP_POSITIVE_REGULATION_OF_VITAMIN_D_RECEPTOR_SIGNALING_PATHWAY,11,False
GO_BP,GOBP_POSITIVE_REGULATION_OF_VOLTAGE_GATED_CALCIUM_CHANNEL_ACTIVITY,4,False
GO_BP,GOBP_POSITIVE_REGULATION_OF_WNT_SIGNALING_PATHWAY,138,True
GO_BP,GOBP_POSITIVE_REGULATION_OF_WNT_SIGNALING_PATHWAY_PLANAR_CELL_POLARITY_PATHWAY,9,False
GO_BP,GOBP_POSITIVE_REGULATION_OF_WOUND_HEALING_SPREADING_OF_EPIDERMAL_CELLS,5,False
GO_BP,GOBP_POSITIVE_REGULATION_OF_XENOPHAGY,8,False
GO_BP,GOBP_POSITIVE_THYMIC_T_CELL_SELECTION,8,False
GO_BP,GOBP_POSITIVE_T_CELL_SELECTION,39,True
GO_BP,GOBP_POSTSYNAPSE_ASSEMBLY,72,True
GO_BP,GOBP_POSTSYNAPSE_ORGANIZATION,211,True
GO_BP,GOBP_POSTSYNAPSE_TO_NUCLEUS_SIGNALING_PATHWAY,6,False
GO_BP,GOBP_POSTSYNAPTIC_ACTIN_CYTOSKELETON_ORGANIZATION,11,False
GO_BP,GOBP_POSTSYNAPTIC_CYTOSKELETON_ORGANIZATION,14,False
GO_BP,GOBP_POSTSYNAPTIC_DENSITY_ASSEMBLY,21,True
GO_BP,GOBP_POSTSYNAPTIC_DENSITY_ORGANIZATION,38,True
GO_BP,GOBP_POSTSYNAPTIC_DENSITY_PROTEIN_95_CLUSTERING,9,False
GO_BP,GOBP_POSTSYNAPTIC_MEMBRANE_ASSEMBLY,7,False
GO_BP,GOBP_POSTSYNAPTIC_MEMBRANE_ORGANIZATION,42,True
GO_BP,GOBP_POSTSYNAPTIC_MODULATION_OF_CHEMICAL_SYNAPTIC_TRANSMISSION,25,True
GO_BP,GOBP_POSTSYNAPTIC_NEUROTRANSMITTER_RECEPTOR_INTERNALIZATION,34,True
GO_BP,GOBP_POSTSYNAPTIC_SIGNAL_TRANSDUCTION,33,True
GO_BP,GOBP_POSTSYNAPTIC_SPECIALIZATION_ASSEMBLY,28,True
GO_BP,GOBP_POSTSYNAPTIC_SPECIALIZATION_ORGANIZATION,47,True
GO_BP,GOBP_POST_ANAL_TAIL_MORPHOGENESIS,18,True
GO_BP,GOBP_POST_CHAPERONIN_TUBULIN_FOLDING_PATHWAY,8,False
GO_BP,GOBP_POST_EMBRYONIC_ANIMAL_MORPHOGENESIS,4,False
GO_BP,GOBP_POST_EMBRYONIC_CAMERA_TYPE_EYE_DEVELOPMENT,8,False
GO_BP,GOBP_POST_EMBRYONIC_DEVELOPMENT,81,True
GO_BP,GOBP_POST_EMBRYONIC_EYE_MORPHOGENESIS,7,False
GO_BP,GOBP_POST_EMBRYONIC_HEMOPOIESIS,5,False
GO_BP,GOBP_POST_GOLGI_VESICLE_MEDIATED_TRANSPORT,120,True
GO_BP,GOBP_POST_TRANSCRIPTIONAL_REGULATION_OF_GENE_EXPRESSION,515,False
GO_BP,GOBP_POST_TRANSLATIONAL_PROTEIN_MODIFICATION,920,False
GO_BP,GOBP_POST_TRANSLATIONAL_PROTEIN_TARGETING_TO_ENDOPLASMIC_RETICULUM_MEMBRANE,25,True
GO_BP,GOBP_POST_TRANSLATIONAL_PROTEIN_TARGETING_TO_MEMBRANE_TRANSLOCATION,11,False
GO_BP,GOBP_POTASSIUM_ION_EXPORT_ACROSS_PLASMA_MEMBRANE,15,True
GO_BP,GOBP_POTASSIUM_ION_HOMEOSTASIS,29,True
GO_BP,GOBP_POTASSIUM_ION_IMPORT_ACROSS_PLASMA_MEMBRANE,36,True
GO_BP,GOBP_POTASSIUM_ION_TRANSPORT,156,True
GO_BP,GOBP_PRENYLATION,12,False
GO_BP,GOBP_PREPULSE_INHIBITION,8,False
GO_BP,GOBP_PRESYNAPSE_ASSEMBLY,31,True
GO_BP,GOBP_PRESYNAPSE_ORGANIZATION,42,True
GO_BP,GOBP_PRESYNAPTIC_ACTIVE_ZONE_ORGANIZATION,10,False
GO_BP,GOBP_PRESYNAPTIC_CYTOSKELETON_ORGANIZATION,7,False
GO_BP,GOBP_PRESYNAPTIC_DENSE_CORE_VESICLE_EXOCYTOSIS,5,False
GO_BP,GOBP_PRESYNAPTIC_ENDOCYTOSIS,77,True
GO_BP,GOBP_PRESYNAPTIC_MEMBRANE_ASSEMBLY,6,False
GO_BP,GOBP_PRESYNAPTIC_MEMBRANE_ORGANIZATION,8,False
GO_BP,GOBP_PRESYNAPTIC_MODULATION_OF_CHEMICAL_SYNAPTIC_TRANSMISSION,28,True
GO_BP,GOBP_PRE_B_CELL_DIFFERENTIATION,5,False
GO_BP,GOBP_PRE_MIRNA_PROCESSING,14,False
GO_BP,GOBP_PRE_MRNA_CATABOLIC_PROCESS,6,False
GO_BP,GOBP_PRIMARY_ALCOHOL_BIOSYNTHETIC_PROCESS,11,False
GO_BP,GOBP_PRIMARY_ALCOHOL_CATABOLIC_PROCESS,12,False
GO_BP,GOBP_PRIMARY_ALCOHOL_METABOLIC_PROCESS,80,True
GO_BP,GOBP_PRIMARY_AMINO_COMPOUND_BIOSYNTHETIC_PROCESS,4,False
GO_BP,GOBP_PRIMARY_MIRNA_PROCESSING,18,True
GO_BP,GOBP_PRIMITIVE_ERYTHROCYTE_DIFFERENTIATION,4,False
GO_BP,GOBP_PRIMITIVE_HEMOPOIESIS,7,False
GO_BP,GOBP_PRIMITIVE_STREAK_FORMATION,5,False
GO_BP,GOBP_PROCESS_UTILIZING_AUTOPHAGIC_MECHANISM,593,False
GO_BP,GOBP_PRODUCTION_OF_MOLECULAR_MEDIATOR_INVOLVED_IN_INFLAMMATORY_RESPONSE,75,True
GO_BP,GOBP_PRODUCTION_OF_MOLECULAR_MEDIATOR_OF_IMMUNE_RESPONSE,169,True
GO_BP,GOBP_PROGESTERONE_BIOSYNTHETIC_PROCESS,5,False
GO_BP,GOBP_PROGESTERONE_METABOLIC_PROCESS,12,False
GO_BP,GOBP_PROGESTERONE_RECEPTOR_SIGNALING_PATHWAY,11,False
GO_BP,GOBP_PROGRAMMED_CELL_DEATH_INVOLVED_IN_CELL_DEVELOPMENT,7,False
GO_BP,GOBP_PROGRAMMED_CELL_DEATH_IN_RESPONSE_TO_REACTIVE_OXYGEN_SPECIES,16,True
GO_BP,GOBP_PROGRAMMED_NECROTIC_CELL_DEATH,52,True
GO_BP,GOBP_PROLACTIN_SECRETION,3,False
GO_BP,GOBP_PROLACTIN_SIGNALING_PATHWAY,3,False
GO_BP,GOBP_PROLINE_METABOLIC_PROCESS,9,False
GO_BP,GOBP_PROLINE_TRANSMEMBRANE_TRANSPORT,8,False
GO_BP,GOBP_PROLINE_TRANSPORT,10,False
GO_BP,GOBP_PROMOTER_CLEARANCE_DURING_DNA_TEMPLATED_TRANSCRIPTION,10,False
GO_BP,GOBP_PRONEPHROS_DEVELOPMENT,6,False
GO_BP,GOBP_PROPRIOCEPTION,3,False
GO_BP,GOBP_PROSTAGLANDIN_SECRETION,14,False
GO_BP,GOBP_PROSTAGLANDIN_TRANSPORT,17,True
GO_BP,GOBP_PROSTANOID_BIOSYNTHETIC_PROCESS,25,True
GO_BP,GOBP_PROSTANOID_METABOLIC_PROCESS,41,True
GO_BP,GOBP_PROSTATE_GLANDULAR_ACINUS_DEVELOPMENT,7,False
GO_BP,GOBP_PROSTATE_GLANDULAR_ACINUS_MORPHOGENESIS,5,False
GO_BP,GOBP_PROSTATE_GLAND_DEVELOPMENT,42,True
GO_BP,GOBP_PROSTATE_GLAND_GROWTH,10,False
GO_BP,GOBP_PROSTATE_GLAND_MORPHOGENESIS,23,True
GO_BP,GOBP_PROSTATIC_BUD_FORMATION,6,False
GO_BP,GOBP_PROSTHETIC_GROUP_METABOLIC_PROCESS,6,False
GO_BP,GOBP_PROTEASOMAL_PROTEIN_CATABOLIC_PROCESS,629,False
GO_BP,GOBP_PROTEASOMAL_UBIQUITIN_INDEPENDENT_PROTEIN_CATABOLIC_PROCESS,20,True
GO_BP,GOBP_PROTEASOME_ASSEMBLY,15,True
GO_BP,GOBP_PROTEASOME_MEDIATED_UBIQUITIN_DEPENDENT_PROTEIN_CATABOLIC_PROCESS,507,False
GO_BP,GOBP_PROTECTION_FROM_NATURAL_KILLER_CELL_MEDIATED_CYTOTOXICITY,13,False
GO_BP,GOBP_PROTECTION_FROM_NON_HOMOLOGOUS_END_JOINING_AT_TELOMERE,9,False
GO_BP,GOBP_PROTEINOGENIC_AMINO_ACID_BIOSYNTHETIC_PROCESS,42,True
GO_BP,GOBP_PROTEIN_ACETYLATION,37,True
GO_BP,GOBP_PROTEIN_ACTIVATION_CASCADE,18,True
GO_BP,GOBP_PROTEIN_ACYLATION,64,True
GO_BP,GOBP_PROTEIN_AUTOPHOSPHORYLATION,113,True
GO_BP,GOBP_PROTEIN_AUTOPROCESSING,18,True
GO_BP,GOBP_PROTEIN_AUTOUBIQUITINATION,71,True
GO_BP,GOBP_PROTEIN_AUTO_ADP_RIBOSYLATION,11,False
GO_BP,GOBP_PROTEIN_BRANCHED_POLYUBIQUITINATION,19,True
GO_BP,GOBP_PROTEIN_CATABOLIC_PROCESS,1066,False
GO_BP,GOBP_PROTEIN_CATABOLIC_PROCESS_IN_THE_VACUOLE,25,True
GO_BP,GOBP_PROTEIN_COMPLEX_OLIGOMERIZATION,249,True
GO_BP,GOBP_PROTEIN_CONTAINING_COMPLEX_DISASSEMBLY,255,True
GO_BP,GOBP_PROTEIN_CONTAINING_COMPLEX_LOCALIZATION,81,True
GO_BP,GOBP_PROTEIN_CONTAINING_COMPLEX_ORGANIZATION,1718,False
GO_BP,GOBP_PROTEIN_CONTAINING_COMPLEX_REMODELING,20,True
GO_BP,GOBP_PROTEIN_DEACETYLATION,30,True
GO_BP,GOBP_PROTEIN_DEACYLATION,36,True
GO_BP,GOBP_PROTEIN_DEGLUTAMYLATION,4,False
GO_BP,GOBP_PROTEIN_DEGLYCOSYLATION,17,True
GO_BP,GOBP_PROTEIN_DELIPIDATION,5,False
GO_BP,GOBP_PROTEIN_DEMANNOSYLATION,15,True
GO_BP,GOBP_PROTEIN_DENEDDYLATION,11,False
GO_BP,GOBP_PROTEIN_DEPALMITOYLATION,6,False
GO_BP,GOBP_PROTEIN_DEPHOSPHORYLATION,74,True
GO_BP,GOBP_PROTEIN_DEPOLYMERIZATION,114,True
GO_BP,GOBP_PROTEIN_DESTABILIZATION,54,True
GO_BP,GOBP_PROTEIN_DESUMOYLATION,9,False
GO_BP,GOBP_PROTEIN_DEUBIQUITINATION_INVOLVED_IN_UBIQUITIN_DEPENDENT_PROTEIN_CATABOLIC_PROCESS,6,False
GO_BP,GOBP_PROTEIN_DE_ADP_RIBOSYLATION,6,False
GO_BP,GOBP_PROTEIN_DNA_COMPLEX_DISASSEMBLY,22,True
GO_BP,GOBP_PROTEIN_DNA_COMPLEX_ORGANIZATION,188,True
GO_BP,GOBP_PROTEIN_DNA_COVALENT_CROSS_LINKING_REPAIR,10,False
GO_BP,GOBP_PROTEIN_EXIT_FROM_ENDOPLASMIC_RETICULUM,54,True
GO_BP,GOBP_PROTEIN_EXPORT_FROM_NUCLEUS,63,True
GO_BP,GOBP_PROTEIN_FOLDING,215,True
GO_BP,GOBP_PROTEIN_FOLDING_IN_ENDOPLASMIC_RETICULUM,13,False
GO_BP,GOBP_PROTEIN_GERANYLGERANYLATION,8,False
GO_BP,GOBP_PROTEIN_HETEROOLIGOMERIZATION,28,True
GO_BP,GOBP_PROTEIN_HETEROTETRAMERIZATION,15,True
GO_BP,GOBP_PROTEIN_HEXAMERIZATION,12,False
GO_BP,GOBP_PROTEIN_HOMOOLIGOMERIZATION,179,True
GO_BP,GOBP_PROTEIN_HOMOTETRAMERIZATION,59,True
GO_BP,GOBP_PROTEIN_HOMOTRIMERIZATION,12,False
GO_BP,GOBP_PROTEIN_HYDROXYLATION,15,True
GO_BP,GOBP_PROTEIN_IMPORT,11,False
GO_BP,GOBP_PROTEIN_IMPORT_INTO_MITOCHONDRIAL_MATRIX,23,True
GO_BP,GOBP_PROTEIN_IMPORT_INTO_PEROXISOME_MATRIX_RECEPTOR_RECYCLING,9,False
GO_BP,GOBP_PROTEIN_IMPORT_INTO_PEROXISOME_MATRIX_SUBSTRATE_RELEASE,6,False
GO_BP,GOBP_PROTEIN_IMPORT_INTO_PEROXISOME_MEMBRANE,7,False
GO_BP,GOBP_PROTEIN_INSERTION_INTO_ER_MEMBRANE,38,True
GO_BP,GOBP_PROTEIN_INSERTION_INTO_ER_MEMBRANE_BY_STOP_TRANSFER_MEMBRANE_ANCHOR_SEQUENCE,11,False
GO_BP,GOBP_PROTEIN_INSERTION_INTO_MEMBRANE,74,True
GO_BP,GOBP_PROTEIN_INSERTION_INTO_MITOCHONDRIAL_INNER_MEMBRANE,17,True
GO_BP,GOBP_PROTEIN_INSERTION_INTO_MITOCHONDRIAL_INNER_MEMBRANE_FROM_MATRIX,5,False
GO_BP,GOBP_PROTEIN_K11_LINKED_DEUBIQUITINATION,11,False
GO_BP,GOBP_PROTEIN_K11_LINKED_UBIQUITINATION,39,True
GO_BP,GOBP_PROTEIN_K27_LINKED_UBIQUITINATION,14,False
GO_BP,GOBP_PROTEIN_K29_LINKED_UBIQUITINATION,10,False
GO_BP,GOBP_PROTEIN_K48_LINKED_DEUBIQUITINATION,23,True
GO_BP,GOBP_PROTEIN_K48_LINKED_UBIQUITINATION,106,True
GO_BP,GOBP_PROTEIN_K63_LINKED_DEUBIQUITINATION,26,True
GO_BP,GOBP_PROTEIN_K63_LINKED_UBIQUITINATION,79,True
GO_BP,GOBP_PROTEIN_K6_LINKED_UBIQUITINATION,16,True
GO_BP,GOBP_PROTEIN_KINASE_C_SIGNALING,9,False
GO_BP,GOBP_PROTEIN_LINEAR_POLYUBIQUITINATION,6,False
GO_BP,GOBP_PROTEIN_LIPID_COMPLEX_ASSEMBLY,24,True
GO_BP,GOBP_PROTEIN_LIPID_COMPLEX_ORGANIZATION,38,True
GO_BP,GOBP_PROTEIN_LIPOYLATION,6,False
GO_BP,GOBP_PROTEIN_LOCALIZATION_TO_ACTIN_CYTOSKELETON,5,False
GO_BP,GOBP_PROTEIN_LOCALIZATION_TO_ADHERENS_JUNCTION,10,False
GO_BP,GOBP_PROTEIN_LOCALIZATION_TO_AXON,10,False
GO_BP,GOBP_PROTEIN_LOCALIZATION_TO_BICELLULAR_TIGHT_JUNCTION,5,False
GO_BP,GOBP_PROTEIN_LOCALIZATION_TO_CELL_CELL_JUNCTION,25,True
GO_BP,GOBP_PROTEIN_LOCALIZATION_TO_CELL_CORTEX,11,False
GO_BP,GOBP_PROTEIN_LOCALIZATION_TO_CELL_JUNCTION,111,True
GO_BP,GOBP_PROTEIN_LOCALIZATION_TO_CELL_LEADING_EDGE,8,False
GO_BP,GOBP_PROTEIN_LOCALIZATION_TO_CELL_PERIPHERY,327,True
GO_BP,GOBP_PROTEIN_LOCALIZATION_TO_CELL_SURFACE,59,True
GO_BP,GOBP_PROTEIN_LOCALIZATION_TO_CENP_A_CONTAINING_CHROMATIN,10,False
GO_BP,GOBP_PROTEIN_LOCALIZATION_TO_CHROMATIN,59,True
GO_BP,GOBP_PROTEIN_LOCALIZATION_TO_CHROMOSOME,116,True
GO_BP,GOBP_PROTEIN_LOCALIZATION_TO_CHROMOSOME_CENTROMERIC_REGION,34,True
GO_BP,GOBP_PROTEIN_LOCALIZATION_TO_CHROMOSOME_TELOMERIC_REGION,16,True
GO_BP,GOBP_PROTEIN_LOCALIZATION_TO_CILIARY_MEMBRANE,11,False
GO_BP,GOBP_PROTEIN_LOCALIZATION_TO_CILIARY_TRANSITION_ZONE,20,True
GO_BP,GOBP_PROTEIN_LOCALIZATION_TO_CILIUM,81,True
GO_BP,GOBP_PROTEIN_LOCALIZATION_TO_CONDENSED_CHROMOSOME,16,True
GO_BP,GOBP_PROTEIN_LOCALIZATION_TO_CYTOPLASMIC_STRESS_GRANULE,8,False
GO_BP,GOBP_PROTEIN_LOCALIZATION_TO_CYTOSKELETON,68,True
GO_BP,GOBP_PROTEIN_LOCALIZATION_TO_EARLY_ENDOSOME,11,False
GO_BP,GOBP_PROTEIN_LOCALIZATION_TO_ENDOPLASMIC_RETICULUM,34,True
GO_BP,GOBP_PROTEIN_LOCALIZATION_TO_ENDOPLASMIC_RETICULUM_EXIT_SITE,9,False
GO_BP,GOBP_PROTEIN_LOCALIZATION_TO_ENDOSOME,25,True
GO_BP,GOBP_PROTEIN_LOCALIZATION_TO_EXTRACELLULAR_REGION,299,True
GO_BP,GOBP_PROTEIN_LOCALIZATION_TO_GOLGI_APPARATUS,28,True
GO_BP,GOBP_PROTEIN_LOCALIZATION_TO_GOLGI_MEMBRANE,4,False
GO_BP,GOBP_PROTEIN_LOCALIZATION_TO_LYSOSOME,56,True
GO_BP,GOBP_PROTEIN_LOCALIZATION_TO_MEMBRANE,416,True
GO_BP,GOBP_PROTEIN_LOCALIZATION_TO_MEMBRANE_RAFT,10,False
GO_BP,GOBP_PROTEIN_LOCALIZATION_TO_MICROTUBULE,18,True
GO_BP,GOBP_PROTEIN_LOCALIZATION_TO_MICROTUBULE_ORGANIZING_CENTER,40,True
GO_BP,GOBP_PROTEIN_LOCALIZATION_TO_MITOCHONDRION,67,True
GO_BP,GOBP_PROTEIN_LOCALIZATION_TO_MOTILE_CILIUM,5,False
GO_BP,GOBP_PROTEIN_LOCALIZATION_TO_NON_MOTILE_CILIUM,11,False
GO_BP,GOBP_PROTEIN_LOCALIZATION_TO_NUCLEAR_ENVELOPE,13,False
GO_BP,GOBP_PROTEIN_LOCALIZATION_TO_NUCLEOLUS,21,True
GO_BP,GOBP_PROTEIN_LOCALIZATION_TO_NUCLEOPLASM,13,False
GO_BP,GOBP_PROTEIN_LOCALIZATION_TO_NUCLEUS,311,True
GO_BP,GOBP_PROTEIN_LOCALIZATION_TO_ORGANELLE,869,False
GO_BP,GOBP_PROTEIN_LOCALIZATION_TO_PERINUCLEAR_REGION_OF_CYTOPLASM,9,False
GO_BP,GOBP_PROTEIN_LOCALIZATION_TO_PHAGOPHORE_ASSEMBLY_SITE,16,True
GO_BP,GOBP_PROTEIN_LOCALIZATION_TO_PHOTORECEPTOR_OUTER_SEGMENT,5,False
GO_BP,GOBP_PROTEIN_LOCALIZATION_TO_PLASMA_MEMBRANE,267,True
GO_BP,GOBP_PROTEIN_LOCALIZATION_TO_PLASMA_MEMBRANE_RAFT,5,False
GO_BP,GOBP_PROTEIN_LOCALIZATION_TO_POSTSYNAPSE,47,True
GO_BP,GOBP_PROTEIN_LOCALIZATION_TO_PRESYNAPSE,9,False
GO_BP,GOBP_PROTEIN_LOCALIZATION_TO_SITE_OF_DOUBLE_STRAND_BREAK,19,True
GO_BP,GOBP_PROTEIN_LOCALIZATION_TO_SYNAPSE,79,True
GO_BP,GOBP_PROTEIN_LOCALIZATION_TO_VACUOLE,85,True
GO_BP,GOBP_PROTEIN_MATURATION,521,False
GO_BP,GOBP_PROTEIN_METHYLATION,44,True
GO_BP,GOBP_PROTEIN_MODIFICATION_BY_SMALL_PROTEIN_CONJUGATION,786,False
GO_BP,GOBP_PROTEIN_MODIFICATION_BY_SMALL_PROTEIN_REMOVAL,111,True
GO_BP,GOBP_PROTEIN_MODIFICATION_PROCESS,1765,False
GO_BP,GOBP_PROTEIN_MONOUBIQUITINATION,53,True
GO_BP,GOBP_PROTEIN_NEDDYLATION,24,True
GO_BP,GOBP_PROTEIN_N_LINKED_GLYCOSYLATION,86,True
GO_BP,GOBP_PROTEIN_N_LINKED_GLYCOSYLATION_VIA_ASPARAGINE,23,True
GO_BP,GOBP_PROTEIN_OXIDATION,4,False
GO_BP,GOBP_PROTEIN_O_LINKED_GLYCOSYLATION,138,True
GO_BP,GOBP_PROTEIN_O_LINKED_GLYCOSYLATION_VIA_FUCOSE,8,False
GO_BP,GOBP_PROTEIN_O_LINKED_GLYCOSYLATION_VIA_GLUCOSE,6,False
GO_BP,GOBP_PROTEIN_O_LINKED_GLYCOSYLATION_VIA_MANNOSE,18,True
GO_BP,GOBP_PROTEIN_O_LINKED_GLYCOSYLATION_VIA_N_ACETYL_GALACTOSAMINE,33,True
GO_BP,GOBP_PROTEIN_O_LINKED_GLYCOSYLATION_VIA_XYLOSE,52,True
GO_BP,GOBP_PROTEIN_PALMITOYLATION,21,True
GO_BP,GOBP_PROTEIN_POLYGLUTAMYLATION,7,False
GO_BP,GOBP_PROTEIN_POLYMERIZATION,269,True
GO_BP,GOBP_PROTEIN_POLYUBIQUITINATION,273,True
GO_BP,GOBP_PROTEIN_POLYUFMYLATION,5,False
GO_BP,GOBP_PROTEIN_POLY_ADP_RIBOSYLATION,9,False
GO_BP,GOBP_PROTEIN_PROCESSING,191,True
GO_BP,GOBP_PROTEIN_PROCESSING_INVOLVED_IN_PROTEIN_TARGETING_TO_MITOCHONDRION,7,False
GO_BP,GOBP_PROTEIN_QUALITY_CONTROL_FOR_MISFOLDED_OR_INCOMPLETELY_SYNTHESIZED_PROTEINS,30,True
GO_BP,GOBP_PROTEIN_REFOLDING,34,True
GO_BP,GOBP_PROTEIN_REPAIR,7,False
GO_BP,GOBP_PROTEIN_RETENTION_IN_ER_LUMEN,7,False
GO_BP,GOBP_PROTEIN_RETENTION_IN_GOLGI_APPARATUS,5,False
GO_BP,GOBP_PROTEIN_RNA_COMPLEX_DISASSEMBLY,9,False
GO_BP,GOBP_PROTEIN_RNA_COMPLEX_ORGANIZATION,248,True
GO_BP,GOBP_PROTEIN_STABILIZATION,236,True
GO_BP,GOBP_PROTEIN_STORAGE,1,False
GO_BP,GOBP_PROTEIN_SULFATION,3,False
GO_BP,GOBP_PROTEIN_SUMOYLATION,66,True
GO_BP,GOBP_PROTEIN_TARGETING,302,True
GO_BP,GOBP_PROTEIN_TARGETING_TO_LYSOSOME,35,True
GO_BP,GOBP_PROTEIN_TARGETING_TO_MEMBRANE,114,True
GO_BP,GOBP_PROTEIN_TARGETING_TO_MITOCHONDRION,80,True
GO_BP,GOBP_PROTEIN_TARGETING_TO_PEROXISOME,11,False
GO_BP,GOBP_PROTEIN_TARGETING_TO_VACUOLE,51,True
GO_BP,GOBP_PROTEIN_TARGETING_TO_VACUOLE_INVOLVED_IN_AUTOPHAGY,6,False
GO_BP,GOBP_PROTEIN_TETRAMERIZATION,93,True
GO_BP,GOBP_PROTEIN_TO_MEMBRANE_DOCKING,5,False
GO_BP,GOBP_PROTEIN_TRANSMEMBRANE_IMPORT_INTO_INTRACELLULAR_ORGANELLE,16,True
GO_BP,GOBP_PROTEIN_TRANSMEMBRANE_TRANSPORT,76,True
GO_BP,GOBP_PROTEIN_TRANSPORT,1323,False
GO_BP,GOBP_PROTEIN_TRANSPORT_ALONG_MICROTUBULE,17,True
GO_BP,GOBP_PROTEIN_TRANSPORT_INTO_MEMBRANE_RAFT,4,False
GO_BP,GOBP_PROTEIN_TRANSPORT_TO_VACUOLE_INVOLVED_IN_UBIQUITIN_DEPENDENT_PROTEIN_CATABOLIC_PROCESS_VIA_THE_MULTIVESICULAR_BODY_SORTING_PATHWAY,17,True
GO_BP,GOBP_PROTEIN_TRANSPORT_WITHIN_LIPID_BILAYER,7,False
GO_BP,GOBP_PROTEIN_TRIMERIZATION,15,True
GO_BP,GOBP_PROTEIN_UFMYLATION,7,False
GO_BP,GOBP_PROTEIN_UNFOLDING,12,False
GO_BP,GOBP_PROTEOGLYCAN_BIOSYNTHETIC_PROCESS,72,True
GO_BP,GOBP_PROTEOGLYCAN_CATABOLIC_PROCESS,21,True
GO_BP,GOBP_PROTEOGLYCAN_METABOLIC_PROCESS,102,True
GO_BP,GOBP_PROTEOLYSIS,1319,False
GO_BP,GOBP_PROTEOLYSIS_INVOLVED_IN_PROTEIN_CATABOLIC_PROCESS,844,False
GO_BP,GOBP_PROTON_MOTIVE_FORCE_DRIVEN_ATP_SYNTHESIS,74,True
GO_BP,GOBP_PROTON_TRANSMEMBRANE_TRANSPORT,163,True
GO_BP,GOBP_PROTON_TRANSPORTING_TWO_SECTOR_ATPASE_COMPLEX_ASSEMBLY,13,False
GO_BP,GOBP_PROTON_TRANSPORTING_V_TYPE_ATPASE_COMPLEX_ASSEMBLY,4,False
GO_BP,GOBP_PROTOPORPHYRINOGEN_IX_BIOSYNTHETIC_PROCESS,8,False
GO_BP,GOBP_PROTOPORPHYRINOGEN_IX_METABOLIC_PROCESS,10,False
GO_BP,GOBP_PROXIMAL_DISTAL_PATTERN_FORMATION,29,True
GO_BP,GOBP_PROXIMAL_DISTAL_PATTERN_FORMATION_INVOLVED_IN_NEPHRON_DEVELOPMENT,4,False
GO_BP,GOBP_PROXIMAL_TUBULE_DEVELOPMENT,9,False
GO_BP,GOBP_PRO_B_CELL_DIFFERENTIATION,10,False
GO_BP,GOBP_PSEUDOPODIUM_ORGANIZATION,15,True
GO_BP,GOBP_PSEUDOURIDINE_SYNTHESIS,17,True
GO_BP,GOBP_PSYCHOMOTOR_BEHAVIOR,5,False
GO_BP,GOBP_PTERIDINE_CONTAINING_COMPOUND_BIOSYNTHETIC_PROCESS,16,True
GO_BP,GOBP_PTERIDINE_CONTAINING_COMPOUND_CATABOLIC_PROCESS,4,False
GO_BP,GOBP_PTERIDINE_CONTAINING_COMPOUND_METABOLIC_PROCESS,34,True
GO_BP,GOBP_PULMONARY_ARTERY_MORPHOGENESIS,4,False
GO_BP,GOBP_PULMONARY_VALVE_DEVELOPMENT,20,True
GO_BP,GOBP_PULMONARY_VALVE_MORPHOGENESIS,16,True
GO_BP,GOBP_PURINERGIC_NUCLEOTIDE_RECEPTOR_SIGNALING_PATHWAY,18,True
GO_BP,GOBP_PURINE_CONTAINING_COMPOUND_BIOSYNTHETIC_PROCESS,253,True
GO_BP,GOBP_PURINE_CONTAINING_COMPOUND_CATABOLIC_PROCESS,142,True
GO_BP,GOBP_PURINE_CONTAINING_COMPOUND_METABOLIC_PROCESS,529,False
GO_BP,GOBP_PURINE_CONTAINING_COMPOUND_SALVAGE,20,True
GO_BP,GOBP_PURINE_CONTAINING_COMPOUND_TRANSMEMBRANE_TRANSPORT,35,True
GO_BP,GOBP_PURINE_DEOXYRIBONUCLEOSIDE_METABOLIC_PROCESS,3,False
GO_BP,GOBP_PURINE_DEOXYRIBONUCLEOSIDE_MONOPHOSPHATE_CATABOLIC_PROCESS,6,False
GO_BP,GOBP_PURINE_DEOXYRIBONUCLEOSIDE_MONOPHOSPHATE_METABOLIC_PROCESS,10,False
GO_BP,GOBP_PURINE_DEOXYRIBONUCLEOSIDE_TRIPHOSPHATE_METABOLIC_PROCESS,7,False
GO_BP,GOBP_PURINE_DEOXYRIBONUCLEOTIDE_BIOSYNTHETIC_PROCESS,5,False
GO_BP,GOBP_PURINE_DEOXYRIBONUCLEOTIDE_CATABOLIC_PROCESS,10,False
GO_BP,GOBP_PURINE_DEOXYRIBONUCLEOTIDE_METABOLIC_PROCESS,15,True
GO_BP,GOBP_PURINE_NUCLEOBASE_BIOSYNTHETIC_PROCESS,12,False
GO_BP,GOBP_PURINE_NUCLEOBASE_METABOLIC_PROCESS,21,True
GO_BP,GOBP_PURINE_NUCLEOBASE_SALVAGE,4,False
GO_BP,GOBP_PURINE_NUCLEOBASE_TRANSMEMBRANE_TRANSPORT,7,False
GO_BP,GOBP_PURINE_NUCLEOSIDE_BIOSYNTHETIC_PROCESS,9,False
GO_BP,GOBP_PURINE_NUCLEOSIDE_BISPHOSPHATE_METABOLIC_PROCESS,13,False
GO_BP,GOBP_PURINE_NUCLEOSIDE_CATABOLIC_PROCESS,5,False
GO_BP,GOBP_PURINE_NUCLEOSIDE_DIPHOSPHATE_BIOSYNTHETIC_PROCESS,6,False
GO_BP,GOBP_PURINE_NUCLEOSIDE_METABOLIC_PROCESS,24,True
GO_BP,GOBP_PURINE_NUCLEOSIDE_MONOPHOSPHATE_BIOSYNTHETIC_PROCESS,21,True
GO_BP,GOBP_PURINE_NUCLEOSIDE_MONOPHOSPHATE_CATABOLIC_PROCESS,10,False
GO_BP,GOBP_PURINE_NUCLEOSIDE_MONOPHOSPHATE_METABOLIC_PROCESS,42,True
GO_BP,GOBP_PURINE_NUCLEOSIDE_TRANSMEMBRANE_TRANSPORT,6,False
GO_BP,GOBP_PURINE_NUCLEOSIDE_TRIPHOSPHATE_CATABOLIC_PROCESS,5,False
GO_BP,GOBP_PURINE_NUCLEOTIDE_SALVAGE,17,True
GO_BP,GOBP_PURINE_NUCLEOTIDE_TRANSPORT,34,True
GO_BP,GOBP_PURINE_RIBONUCLEOSIDE_CATABOLIC_PROCESS,4,False
GO_BP,GOBP_PURINE_RIBONUCLEOSIDE_SALVAGE,6,False
GO_BP,GOBP_PURINE_RIBONUCLEOTIDE_SALVAGE,6,False
GO_BP,GOBP_PURKINJE_MYOCYTE_TO_VENTRICULAR_CARDIAC_MUSCLE_CELL_COMMUNICATION,3,False
GO_BP,GOBP_PUTRESCINE_BIOSYNTHETIC_PROCESS,5,False
GO_BP,GOBP_PUTRESCINE_METABOLIC_PROCESS,7,False
GO_BP,GOBP_PUTRESCINE_TRANSPORT,4,False
GO_BP,GOBP_PYRAMIDAL_NEURON_DEVELOPMENT,9,False
GO_BP,GOBP_PYRAMIDAL_NEURON_DIFFERENTIATION,13,False
GO_BP,GOBP_PYRIDINE_CONTAINING_COMPOUND_BIOSYNTHETIC_PROCESS,20,True
GO_BP,GOBP_PYRIDINE_CONTAINING_COMPOUND_CATABOLIC_PROCESS,92,True
GO_BP,GOBP_PYRIDINE_CONTAINING_COMPOUND_METABOLIC_PROCESS,156,True
GO_BP,GOBP_PYRIDINE_NUCLEOTIDE_SALVAGE,8,False
GO_BP,GOBP_PYRIMIDINE_CONTAINING_COMPOUND_BIOSYNTHETIC_PROCESS,44,True
GO_BP,GOBP_PYRIMIDINE_CONTAINING_COMPOUND_CATABOLIC_PROCESS,25,True
GO_BP,GOBP_PYRIMIDINE_CONTAINING_COMPOUND_METABOLIC_PROCESS,72,True
GO_BP,GOBP_PYRIMIDINE_CONTAINING_COMPOUND_SALVAGE,6,False
GO_BP,GOBP_PYRIMIDINE_CONTAINING_COMPOUND_TRANSMEMBRANE_TRANSPORT,13,False
GO_BP,GOBP_PYRIMIDINE_DEOXYRIBONUCLEOSIDE_METABOLIC_PROCESS,5,False
GO_BP,GOBP_PYRIMIDINE_DEOXYRIBONUCLEOSIDE_MONOPHOSPHATE_METABOLIC_PROCESS,11,False
GO_BP,GOBP_PYRIMIDINE_DEOXYRIBONUCLEOSIDE_TRIPHOSPHATE_METABOLIC_PROCESS,7,False
GO_BP,GOBP_PYRIMIDINE_DEOXYRIBONUCLEOTIDE_BIOSYNTHETIC_PROCESS,9,False
GO_BP,GOBP_PYRIMIDINE_DEOXYRIBONUCLEOTIDE_METABOLIC_PROCESS,24,True
GO_BP,GOBP_PYRIMIDINE_DIMER_REPAIR,9,False
GO_BP,GOBP_PYRIMIDINE_NUCLEOBASE_BIOSYNTHETIC_PROCESS,13,False
GO_BP,GOBP_PYRIMIDINE_NUCLEOBASE_CATABOLIC_PROCESS,6,False
GO_BP,GOBP_PYRIMIDINE_NUCLEOBASE_METABOLIC_PROCESS,21,True
GO_BP,GOBP_PYRIMIDINE_NUCLEOSIDE_BIOSYNTHETIC_PROCESS,5,False
GO_BP,GOBP_PYRIMIDINE_NUCLEOSIDE_DIPHOSPHATE_BIOSYNTHETIC_PROCESS,7,False
GO_BP,GOBP_PYRIMIDINE_NUCLEOSIDE_DIPHOSPHATE_METABOLIC_PROCESS,10,False
GO_BP,GOBP_PYRIMIDINE_NUCLEOSIDE_METABOLIC_PROCESS,11,False
GO_BP,GOBP_PYRIMIDINE_NUCLEOSIDE_MONOPHOSPHATE_BIOSYNTHETIC_PROCESS,15,True
GO_BP,GOBP_PYRIMIDINE_NUCLEOSIDE_MONOPHOSPHATE_CATABOLIC_PROCESS,6,False
GO_BP,GOBP_PYRIMIDINE_NUCLEOSIDE_MONOPHOSPHATE_METABOLIC_PROCESS,20,True
GO_BP,GOBP_PYRIMIDINE_NUCLEOSIDE_TRIPHOSPHATE_BIOSYNTHETIC_PROCESS,18,True
GO_BP,GOBP_PYRIMIDINE_NUCLEOSIDE_TRIPHOSPHATE_METABOLIC_PROCESS,23,True
GO_BP,GOBP_PYRIMIDINE_NUCLEOTIDE_BIOSYNTHETIC_PROCESS,32,True
GO_BP,GOBP_PYRIMIDINE_NUCLEOTIDE_CATABOLIC_PROCESS,19,True
GO_BP,GOBP_PYRIMIDINE_NUCLEOTIDE_METABOLIC_PROCESS,51,True
GO_BP,GOBP_PYRIMIDINE_RIBONUCLEOSIDE_MONOPHOSPHATE_BIOSYNTHETIC_PROCESS,10,False
GO_BP,GOBP_PYRIMIDINE_RIBONUCLEOSIDE_MONOPHOSPHATE_METABOLIC_PROCESS,12,False
GO_BP,GOBP_PYRIMIDINE_RIBONUCLEOSIDE_TRIPHOSPHATE_BIOSYNTHETIC_PROCESS,14,False
GO_BP,GOBP_PYRIMIDINE_RIBONUCLEOSIDE_TRIPHOSPHATE_METABOLIC_PROCESS,17,True
GO_BP,GOBP_PYRIMIDINE_RIBONUCLEOTIDE_BIOSYNTHETIC_PROCESS,22,True
GO_BP,GOBP_PYRIMIDINE_RIBONUCLEOTIDE_CATABOLIC_PROCESS,6,False
GO_BP,GOBP_PYRIMIDINE_RIBONUCLEOTIDE_METABOLIC_PROCESS,28,True
GO_BP,GOBP_PYROPTOTIC_CELL_DEATH,5,False
GO_BP,GOBP_PYROPTOTIC_INFLAMMATORY_RESPONSE,33,True
GO_BP,GOBP_PYRUVATE_BIOSYNTHETIC_PROCESS,6,False
GO_BP,GOBP_PYRUVATE_CATABOLIC_PROCESS,9,False
GO_BP,GOBP_PYRUVATE_DECARBOXYLATION_TO_ACETYL_COA,16,True
GO_BP,GOBP_PYRUVATE_METABOLIC_PROCESS,114,True
GO_BP,GOBP_PYRUVATE_TRANSPORT,7,False
GO_BP,GOBP_P_BODY_ASSEMBLY,23,True
GO_BP,GOBP_QUATERNARY_AMMONIUM_GROUP_TRANSPORT,14,False
GO_BP,GOBP_QUINOLINATE_METABOLIC_PROCESS,3,False
GO_BP,GOBP_QUINONE_BIOSYNTHETIC_PROCESS,19,True
GO_BP,GOBP_QUINONE_METABOLIC_PROCESS,22,True
GO_BP,GOBP_RAB_PROTEIN_SIGNAL_TRANSDUCTION,23,True
GO_BP,GOBP_RAC_PROTEIN_SIGNAL_TRANSDUCTION,59,True
GO_BP,GOBP_RADIAL_GLIAL_CELL_DIFFERENTIATION,10,False
GO_BP,GOBP_RAL_PROTEIN_SIGNAL_TRANSDUCTION,8,False
GO_BP,GOBP_RANDOM_INACTIVATION_OF_X_CHROMOSOME,13,False
GO_BP,GOBP_RAP_PROTEIN_SIGNAL_TRANSDUCTION,17,True
GO_BP,GOBP_RAS_PROTEIN_SIGNAL_TRANSDUCTION,102,True
GO_BP,GOBP_REACTIVE_GLIOSIS,6,False
GO_BP,GOBP_REACTIVE_NITROGEN_SPECIES_METABOLIC_PROCESS,74,True
GO_BP,GOBP_REACTIVE_OXYGEN_SPECIES_BIOSYNTHETIC_PROCESS,55,True
GO_BP,GOBP_REACTIVE_OXYGEN_SPECIES_METABOLIC_PROCESS,195,True
GO_BP,GOBP_RECEPTOR_CATABOLIC_PROCESS,29,True
GO_BP,GOBP_RECEPTOR_CLUSTERING,64,True
GO_BP,GOBP_RECEPTOR_DIFFUSION_TRAPPING,7,False
GO_BP,GOBP_RECEPTOR_GUANYLYL_CYCLASE_SIGNALING_PATHWAY,9,False
GO_BP,GOBP_RECEPTOR_INTERNALIZATION,119,True
GO_BP,GOBP_RECEPTOR_LOCALIZATION_TO_NON_MOTILE_CILIUM,4,False
GO_BP,GOBP_RECEPTOR_LOCALIZATION_TO_SYNAPSE,68,True
GO_BP,GOBP_RECEPTOR_MEDIATED_ENDOCYTOSIS,233,True
GO_BP,GOBP_RECEPTOR_MEDIATED_ENDOCYTOSIS_INVOLVED_IN_CHOLESTEROL_TRANSPORT,5,False
GO_BP,GOBP_RECEPTOR_MEDIATED_ENDOCYTOSIS_OF_VIRUS_BY_HOST_CELL,9,False
GO_BP,GOBP_RECEPTOR_MEDIATED_VIRION_ATTACHMENT_TO_HOST_CELL,4,False
GO_BP,GOBP_RECEPTOR_METABOLIC_PROCESS,74,True
GO_BP,GOBP_RECEPTOR_RECYCLING,48,True
GO_BP,GOBP_RECOGNITION_OF_APOPTOTIC_CELL,4,False
GO_BP,GOBP_RECOMBINATIONAL_REPAIR,190,True
GO_BP,GOBP_REDUCTION_OF_FOOD_INTAKE_IN_RESPONSE_TO_DIETARY_EXCESS,5,False
GO_BP,GOBP_REELIN_MEDIATED_SIGNALING_PATHWAY,12,False
GO_BP,GOBP_REFLEX,13,False
GO_BP,GOBP_REGENERATION,144,True
GO_BP,GOBP_REGULATED_EXOCYTOSIS,177,True
GO_BP,GOBP_REGULATION_BY_VIRUS_OF_VIRAL_PROTEIN_LEVELS_IN_HOST_CELL,8,False
GO_BP,GOBP_REGULATION_OF_3_UTR_MEDIATED_MRNA_STABILIZATION,8,False
GO_BP,GOBP_REGULATION_OF_ACROSOME_REACTION,9,False
GO_BP,GOBP_REGULATION_OF_ACTIN_FILAMENT_BASED_MOVEMENT,33,True
GO_BP,GOBP_REGULATION_OF_ACTIN_FILAMENT_BASED_PROCESS,356,True
GO_BP,GOBP_REGULATION_OF_ACTIN_FILAMENT_BUNDLE_ASSEMBLY,100,True
GO_BP,GOBP_REGULATION_OF_ACTIN_FILAMENT_LENGTH,138,True
GO_BP,GOBP_REGULATION_OF_ACTIN_FILAMENT_ORGANIZATION,250,True
GO_BP,GOBP_REGULATION_OF_ACTIN_FILAMENT_POLYMERIZATION,118,True
GO_BP,GOBP_REGULATION_OF_ACTIN_NUCLEATION,42,True
GO_BP,GOBP_REGULATION_OF_ACTION_POTENTIAL,50,True
GO_BP,GOBP_REGULATION_OF_ACTIVATION_INDUCED_CELL_DEATH_OF_T_CELLS,5,False
GO_BP,GOBP_REGULATION_OF_ACTIVATION_OF_MEMBRANE_ATTACK_COMPLEX,3,False
GO_BP,GOBP_REGULATION_OF_ACTIVIN_RECEPTOR_SIGNALING_PATHWAY,28,True
GO_BP,GOBP_REGULATION_OF_ACTOMYOSIN_STRUCTURE_ORGANIZATION,97,True
GO_BP,GOBP_REGULATION_OF_ACUTE_INFLAMMATORY_RESPONSE,25,True
GO_BP,GOBP_REGULATION_OF_ACUTE_INFLAMMATORY_RESPONSE_TO_ANTIGENIC_STIMULUS,9,False
GO_BP,GOBP_REGULATION_OF_ACYL_COA_BIOSYNTHETIC_PROCESS,11,False
GO_BP,GOBP_REGULATION_OF_ADAPTIVE_IMMUNE_RESPONSE,179,True
GO_BP,GOBP_REGULATION_OF_ADENYLATE_CYCLASE_ACTIVATING_G_PROTEIN_COUPLED_RECEPTOR_SIGNALING_PATHWAY,17,True
GO_BP,GOBP_REGULATION_OF_ADENYLATE_CYCLASE_ACTIVITY,18,True
GO_BP,GOBP_REGULATION_OF_ADHERENS_JUNCTION_ORGANIZATION,5,False
GO_BP,GOBP_REGULATION_OF_ADIPONECTIN_SECRETION,6,False
GO_BP,GOBP_REGULATION_OF_ADIPOSE_TISSUE_DEVELOPMENT,21,True
GO_BP,GOBP_REGULATION_OF_AEROBIC_RESPIRATION,28,True
GO_BP,GOBP_REGULATION_OF_AGGREPHAGY,7,False
GO_BP,GOBP_REGULATION_OF_AIM2_INFLAMMASOME_COMPLEX_ASSEMBLY,4,False
GO_BP,GOBP_REGULATION_OF_ALCOHOL_BIOSYNTHETIC_PROCESS,41,True
GO_BP,GOBP_REGULATION_OF_ALDOSTERONE_METABOLIC_PROCESS,7,False
GO_BP,GOBP_REGULATION_OF_ALPHA_BETA_T_CELL_ACTIVATION,87,True
GO_BP,GOBP_REGULATION_OF_ALPHA_BETA_T_CELL_DIFFERENTIATION,58,True
GO_BP,GOBP_REGULATION_OF_ALTERNATIVE_MRNA_SPLICING_VIA_SPLICEOSOME,64,True
GO_BP,GOBP_REGULATION_OF_AMIDE_METABOLIC_PROCESS,61,True
GO_BP,GOBP_REGULATION_OF_AMINE_METABOLIC_PROCESS,18,True
GO_BP,GOBP_REGULATION_OF_AMINO_ACID_METABOLIC_PROCESS,6,False
GO_BP,GOBP_REGULATION_OF_AMINO_ACID_TRANSMEMBRANE_TRANSPORT,13,False
GO_BP,GOBP_REGULATION_OF_AMINO_ACID_TRANSPORT,29,True
GO_BP,GOBP_REGULATION_OF_AMPA_RECEPTOR_ACTIVITY,26,True
GO_BP,GOBP_REGULATION_OF_AMYLOID_BETA_CLEARANCE,13,False
GO_BP,GOBP_REGULATION_OF_AMYLOID_FIBRIL_FORMATION,16,True
GO_BP,GOBP_REGULATION_OF_AMYLOID_PRECURSOR_PROTEIN_CATABOLIC_PROCESS,38,True
GO_BP,GOBP_REGULATION_OF_ANAPHASE_PROMOTING_COMPLEX_DEPENDENT_CATABOLIC_PROCESS,5,False
GO_BP,GOBP_REGULATION_OF_ANATOMICAL_STRUCTURE_MORPHOGENESIS,704,False
GO_BP,GOBP_REGULATION_OF_ANATOMICAL_STRUCTURE_SIZE,424,True
GO_BP,GOBP_REGULATION_OF_ANDROGEN_RECEPTOR_SIGNALING_PATHWAY,29,True
GO_BP,GOBP_REGULATION_OF_ANGIOTENSIN_LEVELS_IN_BLOOD,9,False
GO_BP,GOBP_REGULATION_OF_ANIMAL_ORGAN_FORMATION,23,True
GO_BP,GOBP_REGULATION_OF_ANIMAL_ORGAN_MORPHOGENESIS,66,True
GO_BP,GOBP_REGULATION_OF_ANOIKIS,20,True
GO_BP,GOBP_REGULATION_OF_ANTIFUNGAL_INNATE_IMMUNE_RESPONSE,4,False
GO_BP,GOBP_REGULATION_OF_ANTIGEN_PROCESSING_AND_PRESENTATION,14,False
GO_BP,GOBP_REGULATION_OF_ANTIGEN_PROCESSING_AND_PRESENTATION_OF_PEPTIDE_ANTIGEN,3,False
GO_BP,GOBP_REGULATION_OF_ANTIGEN_PROCESSING_AND_PRESENTATION_OF_PEPTIDE_OR_POLYSACCHARIDE_ANTIGEN_VIA_MHC_CLASS_II,2,False
GO_BP,GOBP_REGULATION_OF_ANTIGEN_RECEPTOR_MEDIATED_SIGNALING_PATHWAY,55,True
GO_BP,GOBP_REGULATION_OF_ANTIMICROBIAL_HUMORAL_RESPONSE,2,False
GO_BP,GOBP_REGULATION_OF_ANTIMICROBIAL_PEPTIDE_PRODUCTION,0,False
GO_BP,GOBP_REGULATION_OF_APOPTOTIC_CELL_CLEARANCE,12,False
GO_BP,GOBP_REGULATION_OF_APOPTOTIC_PROCESS_INVOLVED_IN_DEVELOPMENT,11,False
GO_BP,GOBP_REGULATION_OF_APOPTOTIC_PROCESS_IN_BONE_MARROW_CELL,3,False
GO_BP,GOBP_REGULATION_OF_APOPTOTIC_SIGNALING_PATHWAY,346,True
GO_BP,GOBP_REGULATION_OF_APPETITE,16,True
GO_BP,GOBP_REGULATION_OF_ARACHIDONATE_SECRETION,4,False
GO_BP,GOBP_REGULATION_OF_ARP2_3_COMPLEX_MEDIATED_ACTIN_NUCLEATION,31,True
GO_BP,GOBP_REGULATION_OF_ARTERY_MORPHOGENESIS,8,False
GO_BP,GOBP_REGULATION_OF_ASTROCYTE_ACTIVATION,3,False
GO_BP,GOBP_REGULATION_OF_ASTROCYTE_DIFFERENTIATION,20,True
GO_BP,GOBP_REGULATION_OF_ASYMMETRIC_CELL_DIVISION,2,False
GO_BP,GOBP_REGULATION_OF_ATPASE_COUPLED_CALCIUM_TRANSMEMBRANE_TRANSPORTER_ACTIVITY,4,False
GO_BP,GOBP_REGULATION_OF_ATP_BIOSYNTHETIC_PROCESS,18,True
GO_BP,GOBP_REGULATION_OF_ATP_DEPENDENT_ACTIVITY,30,True
GO_BP,GOBP_REGULATION_OF_ATRIAL_CARDIAC_MUSCLE_CELL_MEMBRANE_DEPOLARIZATION,5,False
GO_BP,GOBP_REGULATION_OF_ATRIAL_CARDIAC_MUSCLE_CELL_MEMBRANE_REPOLARIZATION,5,False
GO_BP,GOBP_REGULATION_OF_ATTACHMENT_OF_MITOTIC_SPINDLE_MICROTUBULES_TO_KINETOCHORE,10,False
GO_BP,GOBP_REGULATION_OF_ATTACHMENT_OF_SPINDLE_MICROTUBULES_TO_KINETOCHORE,23,True
GO_BP,GOBP_REGULATION_OF_AUTOPHAGOSOME_ASSEMBLY,53,True
GO_BP,GOBP_REGULATION_OF_AUTOPHAGOSOME_MATURATION,16,True
GO_BP,GOBP_REGULATION_OF_AUTOPHAGY,368,True
GO_BP,GOBP_REGULATION_OF_AUTOPHAGY_OF_MITOCHONDRION,54,True
GO_BP,GOBP_REGULATION_OF_AXONOGENESIS,127,True
GO_BP,GOBP_REGULATION_OF_AXON_DIAMETER,1,False
GO_BP,GOBP_REGULATION_OF_AXON_EXTENSION,76,True
GO_BP,GOBP_REGULATION_OF_AXON_EXTENSION_INVOLVED_IN_AXON_GUIDANCE,16,True
GO_BP,GOBP_REGULATION_OF_AXON_GUIDANCE,7,False
GO_BP,GOBP_REGULATION_OF_BARBED_END_ACTIN_FILAMENT_CAPPING,8,False
GO_BP,GOBP_REGULATION_OF_BASEMENT_MEMBRANE_ORGANIZATION,6,False
GO_BP,GOBP_REGULATION_OF_BEHAVIOR,49,True
GO_BP,GOBP_REGULATION_OF_BICELLULAR_TIGHT_JUNCTION_ASSEMBLY,21,True
GO_BP,GOBP_REGULATION_OF_BILE_ACID_BIOSYNTHETIC_PROCESS,9,False
GO_BP,GOBP_REGULATION_OF_BILE_ACID_SECRETION,3,False
GO_BP,GOBP_REGULATION_OF_BINDING,83,True
GO_BP,GOBP_REGULATION_OF_BINDING_OF_SPERM_TO_ZONA_PELLUCIDA,2,False
GO_BP,GOBP_REGULATION_OF_BIOLOGICAL_PROCESS_INVOLVED_IN_SYMBIOTIC_INTERACTION,25,True
GO_BP,GOBP_REGULATION_OF_BIOMINERAL_TISSUE_DEVELOPMENT,83,True
GO_BP,GOBP_REGULATION_OF_BLOOD_BRAIN_BARRIER_PERMEABILITY,9,False
GO_BP,GOBP_REGULATION_OF_BLOOD_CIRCULATION,193,True
GO_BP,GOBP_REGULATION_OF_BLOOD_PRESSURE,130,True
GO_BP,GOBP_REGULATION_OF_BLOOD_VESSEL_BRANCHING,9,False
GO_BP,GOBP_REGULATION_OF_BLOOD_VESSEL_REMODELING,5,False
GO_BP,GOBP_REGULATION_OF_BLOOD_VOLUME_BY_RENIN_ANGIOTENSIN,5,False
GO_BP,GOBP_REGULATION_OF_BMP_SIGNALING_PATHWAY,91,True
GO_BP,GOBP_REGULATION_OF_BODY_FLUID_LEVELS,297,True
GO_BP,GOBP_REGULATION_OF_BONE_DEVELOPMENT,9,False
GO_BP,GOBP_REGULATION_OF_BONE_MINERALIZATION,70,True
GO_BP,GOBP_REGULATION_OF_BONE_MINERALIZATION_INVOLVED_IN_BONE_MATURATION,4,False
GO_BP,GOBP_REGULATION_OF_BONE_REMODELING,41,True
GO_BP,GOBP_REGULATION_OF_BRANCHING_INVOLVED_IN_LUNG_MORPHOGENESIS,5,False
GO_BP,GOBP_REGULATION_OF_BRANCHING_INVOLVED_IN_MAMMARY_GLAND_DUCT_MORPHOGENESIS,4,False
GO_BP,GOBP_REGULATION_OF_BRANCHING_INVOLVED_IN_PROSTATE_GLAND_MORPHOGENESIS,4,False
GO_BP,GOBP_REGULATION_OF_BRANCHING_INVOLVED_IN_SALIVARY_GLAND_MORPHOGENESIS,8,False
GO_BP,GOBP_REGULATION_OF_BRANCHING_INVOLVED_IN_URETERIC_BUD_MORPHOGENESIS,19,True
GO_BP,GOBP_REGULATION_OF_BROWN_FAT_CELL_DIFFERENTIATION,23,True
GO_BP,GOBP_REGULATION_OF_B_CELL_ACTIVATION,104,True
GO_BP,GOBP_REGULATION_OF_B_CELL_APOPTOTIC_PROCESS,18,True
GO_BP,GOBP_REGULATION_OF_B_CELL_DIFFERENTIATION,26,True
GO_BP,GOBP_REGULATION_OF_B_CELL_MEDIATED_IMMUNITY,41,True
GO_BP,GOBP_REGULATION_OF_B_CELL_PROLIFERATION,49,True
GO_BP,GOBP_REGULATION_OF_B_CELL_RECEPTOR_SIGNALING_PATHWAY,13,False
GO_BP,GOBP_REGULATION_OF_CALCINEURIN_MEDIATED_SIGNALING,32,True
GO_BP,GOBP_REGULATION_OF_CALCIUM_IMPORT_INTO_THE_MITOCHONDRION,6,False
GO_BP,GOBP_REGULATION_OF_CALCIUM_ION_DEPENDENT_EXOCYTOSIS,32,True
GO_BP,GOBP_REGULATION_OF_CALCIUM_ION_DEPENDENT_EXOCYTOSIS_OF_NEUROTRANSMITTER,6,False
GO_BP,GOBP_REGULATION_OF_CALCIUM_ION_EXPORT_ACROSS_PLASMA_MEMBRANE,6,False
GO_BP,GOBP_REGULATION_OF_CALCIUM_ION_IMPORT,29,True
GO_BP,GOBP_REGULATION_OF_CALCIUM_ION_IMPORT_ACROSS_PLASMA_MEMBRANE,9,False
GO_BP,GOBP_REGULATION_OF_CALCIUM_ION_IMPORT_INTO_SARCOPLASMIC_RETICULUM,2,False
GO_BP,GOBP_REGULATION_OF_CALCIUM_ION_TRANSMEMBRANE_TRANSPORT,109,True
GO_BP,GOBP_REGULATION_OF_CALCIUM_ION_TRANSPORT,167,True
GO_BP,GOBP_REGULATION_OF_CALCIUM_ION_TRANSPORT_INTO_CYTOSOL,14,False
GO_BP,GOBP_REGULATION_OF_CALCIUM_MEDIATED_SIGNALING,71,True
GO_BP,GOBP_REGULATION_OF_CAMKK_AMPK_SIGNALING_CASCADE,3,False
GO_BP,GOBP_REGULATION_OF_CAMP_PKA_SIGNAL_TRANSDUCTION,38,True
GO_BP,GOBP_REGULATION_OF_CANONICAL_WNT_SIGNALING_PATHWAY,231,True
GO_BP,GOBP_REGULATION_OF_CARBOHYDRATE_BIOSYNTHETIC_PROCESS,87,True
GO_BP,GOBP_REGULATION_OF_CARBOHYDRATE_CATABOLIC_PROCESS,56,True
GO_BP,GOBP_REGULATION_OF_CARBOHYDRATE_METABOLIC_PROCESS,153,True
GO_BP,GOBP_REGULATION_OF_CARDIAC_CONDUCTION,18,True
GO_BP,GOBP_REGULATION_OF_CARDIAC_EPITHELIAL_TO_MESENCHYMAL_TRANSITION,12,False
GO_BP,GOBP_REGULATION_OF_CARDIAC_MUSCLE_ADAPTATION,7,False
GO_BP,GOBP_REGULATION_OF_CARDIAC_MUSCLE_CELL_ACTION_POTENTIAL,24,True
GO_BP,GOBP_REGULATION_OF_CARDIAC_MUSCLE_CELL_ACTION_POTENTIAL_INVOLVED_IN_REGULATION_OF_CONTRACTION,6,False
GO_BP,GOBP_REGULATION_OF_CARDIAC_MUSCLE_CELL_DIFFERENTIATION,16,True
GO_BP,GOBP_REGULATION_OF_CARDIAC_MUSCLE_CELL_MEMBRANE_POTENTIAL,6,False
GO_BP,GOBP_REGULATION_OF_CARDIAC_MUSCLE_CELL_MEMBRANE_REPOLARIZATION,20,True
GO_BP,GOBP_REGULATION_OF_CARDIAC_MUSCLE_CELL_PROLIFERATION,31,True
GO_BP,GOBP_REGULATION_OF_CARDIAC_MUSCLE_CONTRACTION,62,True
GO_BP,GOBP_REGULATION_OF_CARDIAC_MUSCLE_CONTRACTION_BY_CALCIUM_ION_SIGNALING,28,True
GO_BP,GOBP_REGULATION_OF_CARDIAC_MUSCLE_CONTRACTION_BY_REGULATION_OF_THE_RELEASE_OF_SEQUESTERED_CALCIUM_ION,21,True
GO_BP,GOBP_REGULATION_OF_CARDIAC_MUSCLE_TISSUE_DEVELOPMENT,3,False
GO_BP,GOBP_REGULATION_OF_CARDIOBLAST_DIFFERENTIATION,4,False
GO_BP,GOBP_REGULATION_OF_CARDIOCYTE_DIFFERENTIATION,23,True
GO_BP,GOBP_REGULATION_OF_CARTILAGE_DEVELOPMENT,69,True
GO_BP,GOBP_REGULATION_OF_CATABOLIC_PROCESS,1021,False
GO_BP,GOBP_REGULATION_OF_CATALYTIC_ACTIVITY,462,True
GO_BP,GOBP_REGULATION_OF_CATECHOLAMINE_METABOLIC_PROCESS,16,True
GO_BP,GOBP_REGULATION_OF_CATECHOLAMINE_UPTAKE_INVOLVED_IN_SYNAPTIC_TRANSMISSION,7,False
GO_BP,GOBP_REGULATION_OF_CAVEOLIN_MEDIATED_ENDOCYTOSIS,4,False
GO_BP,GOBP_REGULATION_OF_CD40_SIGNALING_PATHWAY,4,False
GO_BP,GOBP_REGULATION_OF_CD4_POSITIVE_ALPHA_BETA_T_CELL_ACTIVATION,57,True
GO_BP,GOBP_REGULATION_OF_CD4_POSITIVE_ALPHA_BETA_T_CELL_DIFFERENTIATION,47,True
GO_BP,GOBP_REGULATION_OF_CD4_POSITIVE_CD25_POSITIVE_ALPHA_BETA_REGULATORY_T_CELL_DIFFERENTIATION,6,False
GO_BP,GOBP_REGULATION_OF_CD8_POSITIVE_ALPHA_BETA_T_CELL_ACTIVATION,20,True
GO_BP,GOBP_REGULATION_OF_CD8_POSITIVE_ALPHA_BETA_T_CELL_DIFFERENTIATION,6,False
GO_BP,GOBP_REGULATION_OF_CDC42_PROTEIN_SIGNAL_TRANSDUCTION,7,False
GO_BP,GOBP_REGULATION_OF_CELLULAR_COMPONENT_BIOGENESIS,987,False
GO_BP,GOBP_REGULATION_OF_CELLULAR_COMPONENT_SIZE,321,True
GO_BP,GOBP_REGULATION_OF_CELLULAR_EXTRAVASATION,29,True
GO_BP,GOBP_REGULATION_OF_CELLULAR_LOCALIZATION,474,True
GO_BP,GOBP_REGULATION_OF_CELLULAR_PH_REDUCTION,4,False
GO_BP,GOBP_REGULATION_OF_CELLULAR_RESPIRATION,41,True
GO_BP,GOBP_REGULATION_OF_CELLULAR_RESPONSE_TO_GROWTH_FACTOR_STIMULUS,290,True
GO_BP,GOBP_REGULATION_OF_CELLULAR_RESPONSE_TO_HEAT,18,True
GO_BP,GOBP_REGULATION_OF_CELLULAR_RESPONSE_TO_HYPOXIA,21,True
GO_BP,GOBP_REGULATION_OF_CELLULAR_RESPONSE_TO_INSULIN_STIMULUS,68,True
GO_BP,GOBP_REGULATION_OF_CELLULAR_RESPONSE_TO_OXIDATIVE_STRESS,22,True
GO_BP,GOBP_REGULATION_OF_CELLULAR_RESPONSE_TO_STRESS,550,False
GO_BP,GOBP_REGULATION_OF_CELLULAR_RESPONSE_TO_TRANSFORMING_GROWTH_FACTOR_BETA_STIMULUS,135,True
GO_BP,GOBP_REGULATION_OF_CELLULAR_RESPONSE_TO_VASCULAR_ENDOTHELIAL_GROWTH_FACTOR_STIMULUS,38,True
GO_BP,GOBP_REGULATION_OF_CELLULAR_SENESCENCE,43,True
GO_BP,GOBP_REGULATION_OF_CELL_ACTIVATION,499,True
GO_BP,GOBP_REGULATION_OF_CELL_ADHESION,649,False
GO_BP,GOBP_REGULATION_OF_CELL_ADHESION_MEDIATED_BY_INTEGRIN,35,True
GO_BP,GOBP_REGULATION_OF_CELL_CELL_ADHESION,396,True
GO_BP,GOBP_REGULATION_OF_CELL_CELL_ADHESION_MEDIATED_BY_CADHERIN,17,True
GO_BP,GOBP_REGULATION_OF_CELL_CELL_ADHESION_MEDIATED_BY_INTEGRIN,9,False
GO_BP,GOBP_REGULATION_OF_CELL_CHEMOTAXIS_TO_FIBROBLAST_GROWTH_FACTOR,3,False
GO_BP,GOBP_REGULATION_OF_CELL_COMMUNICATION_BY_ELECTRICAL_COUPLING,13,False
GO_BP,GOBP_REGULATION_OF_CELL_COMMUNICATION_BY_ELECTRICAL_COUPLING_INVOLVED_IN_CARDIAC_CONDUCTION,9,False
GO_BP,GOBP_REGULATION_OF_CELL_CYCLE,1005,False
GO_BP,GOBP_REGULATION_OF_CELL_CYCLE_CHECKPOINT,55,True
GO_BP,GOBP_REGULATION_OF_CELL_CYCLE_G1_S_PHASE_TRANSITION,178,True
GO_BP,GOBP_REGULATION_OF_CELL_CYCLE_G2_M_PHASE_TRANSITION,113,True
GO_BP,GOBP_REGULATION_OF_CELL_CYCLE_PHASE_TRANSITION,434,True
GO_BP,GOBP_REGULATION_OF_CELL_CYCLE_PROCESS,700,False
GO_BP,GOBP_REGULATION_OF_CELL_DEVELOPMENT,680,False
GO_BP,GOBP_REGULATION_OF_CELL_DIFFERENTIATION,1283,False
GO_BP,GOBP_REGULATION_OF_CELL_DIVISION,154,True
GO_BP,GOBP_REGULATION_OF_CELL_FATE_COMMITMENT,37,True
GO_BP,GOBP_REGULATION_OF_CELL_FATE_SPECIFICATION,21,True
GO_BP,GOBP_REGULATION_OF_CELL_GROWTH,358,True
GO_BP,GOBP_REGULATION_OF_CELL_GROWTH_INVOLVED_IN_CARDIAC_MUSCLE_CELL_DEVELOPMENT,16,True
GO_BP,GOBP_REGULATION_OF_CELL_JUNCTION_ASSEMBLY,241,True
GO_BP,GOBP_REGULATION_OF_CELL_KILLING,88,True
GO_BP,GOBP_REGULATION_OF_CELL_MATRIX_ADHESION,110,True
GO_BP,GOBP_REGULATION_OF_CELL_MATURATION,16,True
GO_BP,GOBP_REGULATION_OF_CELL_MIGRATION_INVOLVED_IN_SPROUTING_ANGIOGENESIS,39,True
GO_BP,GOBP_REGULATION_OF_CELL_MORPHOGENESIS,214,True
GO_BP,GOBP_REGULATION_OF_CELL_POPULATION_PROLIFERATION,1297,False
GO_BP,GOBP_REGULATION_OF_CELL_PROJECTION_ASSEMBLY,218,True
GO_BP,GOBP_REGULATION_OF_CELL_PROJECTION_ORGANIZATION,598,False
GO_BP,GOBP_REGULATION_OF_CELL_PROJECTION_SIZE,5,False
GO_BP,GOBP_REGULATION_OF_CELL_PROLIFERATION_INVOLVED_IN_KIDNEY_DEVELOPMENT,10,False
GO_BP,GOBP_REGULATION_OF_CELL_PROLIFERATION_IN_BONE_MARROW,5,False
GO_BP,GOBP_REGULATION_OF_CELL_SHAPE,124,True
GO_BP,GOBP_REGULATION_OF_CELL_SIZE,161,True
GO_BP,GOBP_REGULATION_OF_CELL_SUBSTRATE_ADHESION,188,True
GO_BP,GOBP_REGULATION_OF_CELL_SUBSTRATE_JUNCTION_ORGANIZATION,70,True
GO_BP,GOBP_REGULATION_OF_CENTRIOLE_ELONGATION,8,False
GO_BP,GOBP_REGULATION_OF_CENTRIOLE_REPLICATION,23,True
GO_BP,GOBP_REGULATION_OF_CENTROMERIC_SISTER_CHROMATID_COHESION,5,False
GO_BP,GOBP_REGULATION_OF_CENTROSOME_CYCLE,58,True
GO_BP,GOBP_REGULATION_OF_CEREBELLAR_GRANULE_CELL_PRECURSOR_PROLIFERATION,4,False
GO_BP,GOBP_REGULATION_OF_CHAPERONE_MEDIATED_AUTOPHAGY,8,False
GO_BP,GOBP_REGULATION_OF_CHEMOKINE_MEDIATED_SIGNALING_PATHWAY,8,False
GO_BP,GOBP_REGULATION_OF_CHEMOTAXIS,159,True
GO_BP,GOBP_REGULATION_OF_CHOLESTEROL_BIOSYNTHETIC_PROCESS,25,True
GO_BP,GOBP_REGULATION_OF_CHOLESTEROL_EFFLUX,30,True
GO_BP,GOBP_REGULATION_OF_CHOLESTEROL_IMPORT,2,False
GO_BP,GOBP_REGULATION_OF_CHOLESTEROL_METABOLIC_PROCESS,43,True
GO_BP,GOBP_REGULATION_OF_CHOLESTEROL_STORAGE,14,False
GO_BP,GOBP_REGULATION_OF_CHONDROCYTE_DEVELOPMENT,4,False
GO_BP,GOBP_REGULATION_OF_CHONDROCYTE_DIFFERENTIATION,51,True
GO_BP,GOBP_REGULATION_OF_CHROMATIN_ORGANIZATION,29,True
GO_BP,GOBP_REGULATION_OF_CHROMOSOME_CONDENSATION,15,True
GO_BP,GOBP_REGULATION_OF_CHROMOSOME_ORGANIZATION,249,True
GO_BP,GOBP_REGULATION_OF_CHROMOSOME_SEGREGATION,134,True
GO_BP,GOBP_REGULATION_OF_CHRONIC_INFLAMMATORY_RESPONSE,7,False
GO_BP,GOBP_REGULATION_OF_CILIUM_ASSEMBLY,101,True
GO_BP,GOBP_REGULATION_OF_CILIUM_BEAT_FREQUENCY,15,True
GO_BP,GOBP_REGULATION_OF_CILIUM_BEAT_FREQUENCY_INVOLVED_IN_CILIARY_MOTILITY,9,False
GO_BP,GOBP_REGULATION_OF_CILIUM_DEPENDENT_CELL_MOTILITY,16,True
GO_BP,GOBP_REGULATION_OF_CILIUM_MOVEMENT,25,True
GO_BP,GOBP_REGULATION_OF_CIRCADIAN_RHYTHM,96,True
GO_BP,GOBP_REGULATION_OF_CIRCADIAN_SLEEP_WAKE_CYCLE_REM_SLEEP,1,False
GO_BP,GOBP_REGULATION_OF_CIRCADIAN_SLEEP_WAKE_CYCLE_WAKEFULNESS,1,False
GO_BP,GOBP_REGULATION_OF_CIRCULATING_FIBRINOGEN_LEVELS,1,False
GO_BP,GOBP_REGULATION_OF_CLATHRIN_DEPENDENT_ENDOCYTOSIS,15,True
GO_BP,GOBP_REGULATION_OF_COAGULATION,54,True
GO_BP,GOBP_REGULATION_OF_COLLAGEN_FIBRIL_ORGANIZATION,12,False
GO_BP,GOBP_REGULATION_OF_COLLAGEN_METABOLIC_PROCESS,35,True
GO_BP,GOBP_REGULATION_OF_COLLATERAL_SPROUTING,21,True
GO_BP,GOBP_REGULATION_OF_COMPLEMENT_ACTIVATION,12,False
GO_BP,GOBP_REGULATION_OF_COMPLEMENT_ACTIVATION_ALTERNATIVE_PATHWAY,3,False
GO_BP,GOBP_REGULATION_OF_COMPLEMENT_ACTIVATION_CLASSICAL_PATHWAY,1,False
GO_BP,GOBP_REGULATION_OF_COMPLEMENT_DEPENDENT_CYTOTOXICITY,7,False
GO_BP,GOBP_REGULATION_OF_CONNECTIVE_TISSUE_REPLACEMENT,7,False
GO_BP,GOBP_REGULATION_OF_COPII_VESICLE_COATING,4,False
GO_BP,GOBP_REGULATION_OF_CORTICOSTERONE_SECRETION,1,False
GO_BP,GOBP_REGULATION_OF_CORTICOTROPIN_SECRETION,3,False
GO_BP,GOBP_REGULATION_OF_CORTISOL_BIOSYNTHETIC_PROCESS,6,False
GO_BP,GOBP_REGULATION_OF_CYCLIN_DEPENDENT_PROTEIN_SERINE_THREONINE_KINASE_ACTIVITY,32,True
GO_BP,GOBP_REGULATION_OF_CYTOKINESIS,83,True
GO_BP,GOBP_REGULATION_OF_CYTOKINETIC_PROCESS,8,False
GO_BP,GOBP_REGULATION_OF_CYTOPLASMIC_MRNA_PROCESSING_BODY_ASSEMBLY,8,False
GO_BP,GOBP_REGULATION_OF_CYTOPLASMIC_PATTERN_RECOGNITION_RECEPTOR_SIGNALING_PATHWAY,122,True
GO_BP,GOBP_REGULATION_OF_CYTOPLASMIC_TRANSLATION,39,True
GO_BP,GOBP_REGULATION_OF_CYTOPLASMIC_TRANSLATIONAL_INITIATION,12,False
GO_BP,GOBP_REGULATION_OF_CYTOSKELETON_ORGANIZATION,510,False
GO_BP,GOBP_REGULATION_OF_CYTOSOLIC_CALCIUM_ION_CONCENTRATION,39,True
GO_BP,GOBP_REGULATION_OF_DEFENSE_RESPONSE,714,False
GO_BP,GOBP_REGULATION_OF_DEFENSE_RESPONSE_TO_BACTERIUM,14,False
GO_BP,GOBP_REGULATION_OF_DEFENSE_RESPONSE_TO_FUNGUS,4,False
GO_BP,GOBP_REGULATION_OF_DEFENSE_RESPONSE_TO_VIRUS,58,True
GO_BP,GOBP_REGULATION_OF_DEFENSE_RESPONSE_TO_VIRUS_BY_HOST,37,True
GO_BP,GOBP_REGULATION_OF_DELAYED_RECTIFIER_POTASSIUM_CHANNEL_ACTIVITY,5,False
GO_BP,GOBP_REGULATION_OF_DENDRITE_DEVELOPMENT,85,True
GO_BP,GOBP_REGULATION_OF_DENDRITE_EXTENSION,15,True
GO_BP,GOBP_REGULATION_OF_DENDRITE_MORPHOGENESIS,56,True
GO_BP,GOBP_REGULATION_OF_DENDRITIC_CELL_ANTIGEN_PROCESSING_AND_PRESENTATION,8,False
GO_BP,GOBP_REGULATION_OF_DENDRITIC_CELL_CHEMOTAXIS,9,False
GO_BP,GOBP_REGULATION_OF_DENDRITIC_CELL_DIFFERENTIATION,15,True
GO_BP,GOBP_REGULATION_OF_DENDRITIC_SPINE_DEVELOPMENT,52,True
GO_BP,GOBP_REGULATION_OF_DENDRITIC_SPINE_MAINTENANCE,11,False
GO_BP,GOBP_REGULATION_OF_DENDRITIC_SPINE_MORPHOGENESIS,41,True
GO_BP,GOBP_REGULATION_OF_DEPHOSPHORYLATION,17,True
GO_BP,GOBP_REGULATION_OF_DEVELOPMENTAL_GROWTH,259,True
GO_BP,GOBP_REGULATION_OF_DEVELOPMENT_HETEROCHRONIC,7,False
GO_BP,GOBP_REGULATION_OF_DIGESTIVE_SYSTEM_PROCESS,19,True
GO_BP,GOBP_REGULATION_OF_DNA_BINDING,35,True
GO_BP,GOBP_REGULATION_OF_DNA_BINDING_TRANSCRIPTION_FACTOR_ACTIVITY,143,True
GO_BP,GOBP_REGULATION_OF_DNA_BIOSYNTHETIC_PROCESS,81,True
GO_BP,GOBP_REGULATION_OF_DNA_CATABOLIC_PROCESS,7,False
GO_BP,GOBP_REGULATION_OF_DNA_DAMAGE_CHECKPOINT,26,True
GO_BP,GOBP_REGULATION_OF_DNA_DAMAGE_RESPONSE_SIGNAL_TRANSDUCTION_BY_P53_CLASS_MEDIATOR,38,True
GO_BP,GOBP_REGULATION_OF_DNA_METABOLIC_PROCESS,477,True
GO_BP,GOBP_REGULATION_OF_DNA_RECOMBINATION,125,True
GO_BP,GOBP_REGULATION_OF_DNA_REPAIR,235,True
GO_BP,GOBP_REGULATION_OF_DNA_REPLICATION,125,True
GO_BP,GOBP_REGULATION_OF_DNA_STABILITY,4,False
GO_BP,GOBP_REGULATION_OF_DNA_STRAND_ELONGATION,18,True
GO_BP,GOBP_REGULATION_OF_DNA_TEMPLATED_DNA_REPLICATION,47,True
GO_BP,GOBP_REGULATION_OF_DNA_TEMPLATED_DNA_REPLICATION_INITIATION,19,True
GO_BP,GOBP_REGULATION_OF_DNA_TEMPLATED_TRANSCRIPTION_ELONGATION,105,True
GO_BP,GOBP_REGULATION_OF_DNA_TEMPLATED_TRANSCRIPTION_INITIATION,89,True
GO_BP,GOBP_REGULATION_OF_DOPAMINERGIC_NEURON_DIFFERENTIATION,5,False
GO_BP,GOBP_REGULATION_OF_DOPAMINE_RECEPTOR_SIGNALING_PATHWAY,9,False
GO_BP,GOBP_REGULATION_OF_DOUBLE_STRAND_BREAK_REPAIR,145,True
GO_BP,GOBP_REGULATION_OF_DOUBLE_STRAND_BREAK_REPAIR_VIA_HOMOLOGOUS_RECOMBINATION,79,True
GO_BP,GOBP_REGULATION_OF_DOUBLE_STRAND_BREAK_REPAIR_VIA_NONHOMOLOGOUS_END_JOINING,31,True
GO_BP,GOBP_REGULATION_OF_D_GLUCOSE_IMPORT,46,True
GO_BP,GOBP_REGULATION_OF_D_GLUCOSE_TRANSMEMBRANE_TRANSPORT,63,True
GO_BP,GOBP_REGULATION_OF_EARLY_ENDOSOME_TO_LATE_ENDOSOME_TRANSPORT,19,True
GO_BP,GOBP_REGULATION_OF_EATING_BEHAVIOR,7,False
GO_BP,GOBP_REGULATION_OF_EMBRYONIC_DEVELOPMENT,95,True
GO_BP,GOBP_REGULATION_OF_ENAMEL_MINERALIZATION,1,False
GO_BP,GOBP_REGULATION_OF_ENDOCRINE_PROCESS,30,True
GO_BP,GOBP_REGULATION_OF_ENDOCYTIC_RECYCLING,21,True
GO_BP,GOBP_REGULATION_OF_ENDOCYTOSIS,261,True
GO_BP,GOBP_REGULATION_OF_ENDODERMAL_CELL_DIFFERENTIATION,5,False
GO_BP,GOBP_REGULATION_OF_ENDOPEPTIDASE_ACTIVITY,7,False
GO_BP,GOBP_REGULATION_OF_ENDOPLASMIC_RETICULUM_STRESS_INDUCED_INTRINSIC_APOPTOTIC_SIGNALING_PATHWAY,35,True
GO_BP,GOBP_REGULATION_OF_ENDOPLASMIC_RETICULUM_TUBULAR_NETWORK_ORGANIZATION,5,False
GO_BP,GOBP_REGULATION_OF_ENDOPLASMIC_RETICULUM_UNFOLDED_PROTEIN_RESPONSE,40,True
GO_BP,GOBP_REGULATION_OF_ENDOSOME_ORGANIZATION,5,False
GO_BP,GOBP_REGULATION_OF_ENDOSOME_SIZE,11,False
GO_BP,GOBP_REGULATION_OF_ENDOSOME_TO_PLASMA_MEMBRANE_PROTEIN_TRANSPORT,5,False
GO_BP,GOBP_REGULATION_OF_ENDOTHELIAL_CELL_CHEMOTAXIS,17,True
GO_BP,GOBP_REGULATION_OF_ENDOTHELIAL_CELL_DEVELOPMENT,14,False
GO_BP,GOBP_REGULATION_OF_ENDOTHELIAL_CELL_DIFFERENTIATION,29,True
GO_BP,GOBP_REGULATION_OF_ENDOTHELIAL_CELL_MATRIX_ADHESION,7,False
GO_BP,GOBP_REGULATION_OF_ENDOTHELIAL_CELL_MIGRATION,152,True
GO_BP,GOBP_REGULATION_OF_ENDOTHELIAL_TUBE_MORPHOGENESIS,5,False
GO_BP,GOBP_REGULATION_OF_ENTRY_OF_BACTERIUM_INTO_HOST_CELL,5,False
GO_BP,GOBP_REGULATION_OF_EOSINOPHIL_MIGRATION,3,False
GO_BP,GOBP_REGULATION_OF_EPIDERMIS_DEVELOPMENT,46,True
GO_BP,GOBP_REGULATION_OF_EPITHELIAL_CELL_APOPTOTIC_PROCESS,26,True
GO_BP,GOBP_REGULATION_OF_EPITHELIAL_CELL_DIFFERENTIATION,108,True
GO_BP,GOBP_REGULATION_OF_EPITHELIAL_CELL_DIFFERENTIATION_INVOLVED_IN_KIDNEY_DEVELOPMENT,10,False
GO_BP,GOBP_REGULATION_OF_EPITHELIAL_CELL_MIGRATION,53,True
GO_BP,GOBP_REGULATION_OF_EPITHELIAL_CELL_PROLIFERATION,275,True
GO_BP,GOBP_REGULATION_OF_EPITHELIAL_CELL_PROLIFERATION_INVOLVED_IN_LUNG_MORPHOGENESIS,9,False
GO_BP,GOBP_REGULATION_OF_EPITHELIAL_TO_MESENCHYMAL_TRANSITION,93,True
GO_BP,GOBP_REGULATION_OF_EPITHELIAL_TO_MESENCHYMAL_TRANSITION_INVOLVED_IN_ENDOCARDIAL_CUSHION_FORMATION,6,False
GO_BP,GOBP_REGULATION_OF_ERAD_PATHWAY,30,True
GO_BP,GOBP_REGULATION_OF_ERBB_SIGNALING_PATHWAY,67,True
GO_BP,GOBP_REGULATION_OF_ERYTHROCYTE_DIFFERENTIATION,51,True
GO_BP,GOBP_REGULATION_OF_ER_TO_GOLGI_VESICLE_MEDIATED_TRANSPORT,20,True
GO_BP,GOBP_REGULATION_OF_ESTABLISHMENT_OF_PLANAR_POLARITY,5,False
GO_BP,GOBP_REGULATION_OF_ESTABLISHMENT_OF_PROTEIN_LOCALIZATION,465,True
GO_BP,GOBP_REGULATION_OF_ESTABLISHMENT_OF_PROTEIN_LOCALIZATION_TO_CHROMOSOME,7,False
GO_BP,GOBP_REGULATION_OF_ESTABLISHMENT_OF_PROTEIN_LOCALIZATION_TO_MITOCHONDRION,56,True
GO_BP,GOBP_REGULATION_OF_ESTABLISHMENT_OF_T_CELL_POLARITY,5,False
GO_BP,GOBP_REGULATION_OF_ESTABLISHMENT_OR_MAINTENANCE_OF_CELL_POLARITY,24,True
GO_BP,GOBP_REGULATION_OF_EXCITATORY_SYNAPSE_ASSEMBLY,14,False
GO_BP,GOBP_REGULATION_OF_EXCRETION,7,False
GO_BP,GOBP_REGULATION_OF_EXECUTION_PHASE_OF_APOPTOSIS,21,True
GO_BP,GOBP_REGULATION_OF_EXIT_FROM_MITOSIS,17,True
GO_BP,GOBP_REGULATION_OF_EXOCYTOSIS,151,True
GO_BP,GOBP_REGULATION_OF_EXOSOMAL_SECRETION,18,True
GO_BP,GOBP_REGULATION_OF_EXTENT_OF_CELL_GROWTH,91,True
GO_BP,GOBP_REGULATION_OF_EXTRACELLULAR_MATRIX_ASSEMBLY,14,False
GO_BP,GOBP_REGULATION_OF_EXTRACELLULAR_MATRIX_CONSTITUENT_SECRETION,8,False
GO_BP,GOBP_REGULATION_OF_EXTRACELLULAR_MATRIX_DISASSEMBLY,21,True
GO_BP,GOBP_REGULATION_OF_EXTRACELLULAR_MATRIX_ORGANIZATION,65,True
GO_BP,GOBP_REGULATION_OF_EXTRINSIC_APOPTOTIC_SIGNALING_PATHWAY,137,True
GO_BP,GOBP_REGULATION_OF_EXTRINSIC_APOPTOTIC_SIGNALING_PATHWAY_IN_ABSENCE_OF_LIGAND,42,True
GO_BP,GOBP_REGULATION_OF_EXTRINSIC_APOPTOTIC_SIGNALING_PATHWAY_VIA_DEATH_DOMAIN_RECEPTORS,38,True
GO_BP,GOBP_REGULATION_OF_FAS_SIGNALING_PATHWAY,6,False
GO_BP,GOBP_REGULATION_OF_FATTY_ACID_BETA_OXIDATION,16,True
GO_BP,GOBP_REGULATION_OF_FATTY_ACID_BIOSYNTHETIC_PROCESS,39,True
GO_BP,GOBP_REGULATION_OF_FATTY_ACID_METABOLIC_PROCESS,81,True
GO_BP,GOBP_REGULATION_OF_FATTY_ACID_OXIDATION,30,True
GO_BP,GOBP_REGULATION_OF_FATTY_ACID_TRANSPORT,24,True
GO_BP,GOBP_REGULATION_OF_FAT_CELL_DIFFERENTIATION,121,True
GO_BP,GOBP_REGULATION_OF_FAT_CELL_PROLIFERATION,9,False
GO_BP,GOBP_REGULATION_OF_FC_RECEPTOR_MEDIATED_STIMULATORY_SIGNALING_PATHWAY,10,False
GO_BP,GOBP_REGULATION_OF_FEAR_RESPONSE,10,False
GO_BP,GOBP_REGULATION_OF_FEEDING_BEHAVIOR,19,True
GO_BP,GOBP_REGULATION_OF_FEMALE_GONAD_DEVELOPMENT,4,False
GO_BP,GOBP_REGULATION_OF_FERTILIZATION,8,False
GO_BP,GOBP_REGULATION_OF_FEVER_GENERATION,5,False
GO_BP,GOBP_REGULATION_OF_FIBRINOLYSIS,12,False
GO_BP,GOBP_REGULATION_OF_FIBROBLAST_GROWTH_FACTOR_RECEPTOR_SIGNALING_PATHWAY,27,True
GO_BP,GOBP_REGULATION_OF_FIBROBLAST_MIGRATION,36,True
GO_BP,GOBP_REGULATION_OF_FILOPODIUM_ASSEMBLY,39,True
GO_BP,GOBP_REGULATION_OF_FLAGELLATED_SPERM_MOTILITY,7,False
GO_BP,GOBP_REGULATION_OF_FOCAL_ADHESION_DISASSEMBLY,11,False
GO_BP,GOBP_REGULATION_OF_G1_TO_G0_TRANSITION,5,False
GO_BP,GOBP_REGULATION_OF_G2_MI_TRANSITION_OF_MEIOTIC_CELL_CYCLE,6,False
GO_BP,GOBP_REGULATION_OF_GAMMA_DELTA_T_CELL_ACTIVATION,8,False
GO_BP,GOBP_REGULATION_OF_GAMMA_DELTA_T_CELL_DIFFERENTIATION,7,False
GO_BP,GOBP_REGULATION_OF_GAP_JUNCTION_ASSEMBLY,6,False
GO_BP,GOBP_REGULATION_OF_GASTRIC_ACID_SECRETION,3,False
GO_BP,GOBP_REGULATION_OF_GASTRULATION,9,False
GO_BP,GOBP_REGULATION_OF_GENERATION_OF_PRECURSOR_METABOLITES_AND_ENERGY,120,True
GO_BP,GOBP_REGULATION_OF_GENE_SILENCING_BY_REGULATORY_NCRNA,33,True
GO_BP,GOBP_REGULATION_OF_GERMINAL_CENTER_FORMATION,7,False
GO_BP,GOBP_REGULATION_OF_GERM_CELL_PROLIFERATION,4,False
GO_BP,GOBP_REGULATION_OF_GLIAL_CELL_APOPTOTIC_PROCESS,10,False
GO_BP,GOBP_REGULATION_OF_GLIAL_CELL_DIFFERENTIATION,49,True
GO_BP,GOBP_REGULATION_OF_GLIAL_CELL_MIGRATION,8,False
GO_BP,GOBP_REGULATION_OF_GLIAL_CELL_PROLIFERATION,21,True
GO_BP,GOBP_REGULATION_OF_GLIOGENESIS,63,True
GO_BP,GOBP_REGULATION_OF_GLOMERULAR_FILTRATION,8,False
GO_BP,GOBP_REGULATION_OF_GLOMERULUS_DEVELOPMENT,4,False
GO_BP,GOBP_REGULATION_OF_GLUCAGON_SECRETION,5,False
GO_BP,GOBP_REGULATION_OF_GLUCOCORTICOID_METABOLIC_PROCESS,9,False
GO_BP,GOBP_REGULATION_OF_GLUCONEOGENESIS,51,True
GO_BP,GOBP_REGULATION_OF_GLUCOSE_METABOLIC_PROCESS,92,True
GO_BP,GOBP_REGULATION_OF_GLUCOSYLCERAMIDE_CATABOLIC_PROCESS,2,False
GO_BP,GOBP_REGULATION_OF_GLUTAMATE_RECEPTOR_CLUSTERING,5,False
GO_BP,GOBP_REGULATION_OF_GLUTAMATE_RECEPTOR_SIGNALING_PATHWAY,12,False
GO_BP,GOBP_REGULATION_OF_GLUTAMATE_SECRETION,13,False
GO_BP,GOBP_REGULATION_OF_GLUTAMATE_SECRETION_NEUROTRANSMISSION,4,False
GO_BP,GOBP_REGULATION_OF_GLYCOGEN_BIOSYNTHETIC_PROCESS,26,True
GO_BP,GOBP_REGULATION_OF_GLYCOGEN_CATABOLIC_PROCESS,6,False
GO_BP,GOBP_REGULATION_OF_GLYCOGEN_METABOLIC_PROCESS,32,True
GO_BP,GOBP_REGULATION_OF_GLYCOLYTIC_PROCESS,48,True
GO_BP,GOBP_REGULATION_OF_GLYCOPROTEIN_METABOLIC_PROCESS,40,True
GO_BP,GOBP_REGULATION_OF_GOLGI_ORGANIZATION,16,True
GO_BP,GOBP_REGULATION_OF_GOLGI_TO_PLASMA_MEMBRANE_PROTEIN_TRANSPORT,12,False
GO_BP,GOBP_REGULATION_OF_GONADOTROPIN_SECRETION,9,False
GO_BP,GOBP_REGULATION_OF_GONAD_DEVELOPMENT,8,False
GO_BP,GOBP_REGULATION_OF_GRANULOCYTE_CHEMOTAXIS,40,True
GO_BP,GOBP_REGULATION_OF_GRANULOCYTE_DIFFERENTIATION,10,False
GO_BP,GOBP_REGULATION_OF_GROWTH,510,False
GO_BP,GOBP_REGULATION_OF_GROWTH_HORMONE_RECEPTOR_SIGNALING_PATHWAY,8,False
GO_BP,GOBP_REGULATION_OF_GROWTH_RATE,6,False
GO_BP,GOBP_REGULATION_OF_GTPASE_ACTIVITY,114,True
GO_BP,GOBP_REGULATION_OF_G_PROTEIN_COUPLED_RECEPTOR_INTERNALIZATION,4,False
GO_BP,GOBP_REGULATION_OF_G_PROTEIN_COUPLED_RECEPTOR_SIGNALING_PATHWAY,123,True
GO_BP,GOBP_REGULATION_OF_HAIR_CYCLE,20,True
GO_BP,GOBP_REGULATION_OF_HAIR_FOLLICLE_DEVELOPMENT,14,False
GO_BP,GOBP_REGULATION_OF_HEART_CONTRACTION,156,True
GO_BP,GOBP_REGULATION_OF_HEART_GROWTH,51,True
GO_BP,GOBP_REGULATION_OF_HEART_MORPHOGENESIS,8,False
GO_BP,GOBP_REGULATION_OF_HEART_RATE,78,True
GO_BP,GOBP_REGULATION_OF_HEART_RATE_BY_CARDIAC_CONDUCTION,32,True
GO_BP,GOBP_REGULATION_OF_HEART_RATE_BY_CHEMICAL_SIGNAL,6,False
GO_BP,GOBP_REGULATION_OF_HEAT_GENERATION,9,False
GO_BP,GOBP_REGULATION_OF_HEMATOPOIETIC_PROGENITOR_CELL_DIFFERENTIATION,36,True
GO_BP,GOBP_REGULATION_OF_HEMATOPOIETIC_STEM_CELL_DIFFERENTIATION,15,True
GO_BP,GOBP_REGULATION_OF_HEMATOPOIETIC_STEM_CELL_PROLIFERATION,8,False
GO_BP,GOBP_REGULATION_OF_HEMOGLOBIN_BIOSYNTHETIC_PROCESS,8,False
GO_BP,GOBP_REGULATION_OF_HEMOPOIESIS,360,True
GO_BP,GOBP_REGULATION_OF_HEPATIC_STELLATE_CELL_ACTIVATION,6,False
GO_BP,GOBP_REGULATION_OF_HEPATOCYTE_APOPTOTIC_PROCESS,5,False
GO_BP,GOBP_REGULATION_OF_HEPATOCYTE_PROLIFERATION,11,False
GO_BP,GOBP_REGULATION_OF_HETEROCHROMATIN_ORGANIZATION,13,False
GO_BP,GOBP_REGULATION_OF_HETEROTYPIC_CELL_CELL_ADHESION,11,False
GO_BP,GOBP_REGULATION_OF_HIGH_DENSITY_LIPOPROTEIN_PARTICLE_CLEARANCE,2,False
GO_BP,GOBP_REGULATION_OF_HIPPO_SIGNALING,45,True
GO_BP,GOBP_REGULATION_OF_HISTAMINE_SECRETION_BY_MAST_CELL,5,False
GO_BP,GOBP_REGULATION_OF_HOMOPHILIC_CELL_ADHESION,3,False
GO_BP,GOBP_REGULATION_OF_HOMOTYPIC_CELL_CELL_ADHESION,31,True
GO_BP,GOBP_REGULATION_OF_HORMONE_BIOSYNTHETIC_PROCESS,18,True
GO_BP,GOBP_REGULATION_OF_HORMONE_LEVELS,396,True
GO_BP,GOBP_REGULATION_OF_HORMONE_METABOLIC_PROCESS,29,True
GO_BP,GOBP_REGULATION_OF_HORMONE_SECRETION,190,True
GO_BP,GOBP_REGULATION_OF_HUMORAL_IMMUNE_RESPONSE,19,True
GO_BP,GOBP_REGULATION_OF_HUMORAL_IMMUNE_RESPONSE_MEDIATED_BY_CIRCULATING_IMMUNOGLOBULIN,2,False
GO_BP,GOBP_REGULATION_OF_HYALURONAN_BIOSYNTHETIC_PROCESS,6,False
GO_BP,GOBP_REGULATION_OF_HYDROGEN_PEROXIDE_BIOSYNTHETIC_PROCESS,7,False
GO_BP,GOBP_REGULATION_OF_HYDROGEN_PEROXIDE_MEDIATED_PROGRAMMED_CELL_DEATH,12,False
GO_BP,GOBP_REGULATION_OF_HYDROGEN_PEROXIDE_METABOLIC_PROCESS,14,False
GO_BP,GOBP_REGULATION_OF_HYDROLASE_ACTIVITY,141,True
GO_BP,GOBP_REGULATION_OF_HYPERSENSITIVITY,7,False
GO_BP,GOBP_REGULATION_OF_ICOSANOID_SECRETION,12,False
GO_BP,GOBP_REGULATION_OF_IMMATURE_T_CELL_PROLIFERATION,8,False
GO_BP,GOBP_REGULATION_OF_IMMUNE_EFFECTOR_PROCESS,298,True
GO_BP,GOBP_REGULATION_OF_IMMUNE_RESPONSE,766,False
GO_BP,GOBP_REGULATION_OF_IMMUNE_SYSTEM_PROCESS,1265,False
GO_BP,GOBP_REGULATION_OF_IMMUNOGLOBULIN_PRODUCTION,60,True
GO_BP,GOBP_REGULATION_OF_INCLUSION_BODY_ASSEMBLY,22,True
GO_BP,GOBP_REGULATION_OF_INFLAMMASOME_MEDIATED_SIGNALING_PATHWAY,48,True
GO_BP,GOBP_REGULATION_OF_INFLAMMATORY_RESPONSE,323,True
GO_BP,GOBP_REGULATION_OF_INFLAMMATORY_RESPONSE_TO_ANTIGENIC_STIMULUS,34,True
GO_BP,GOBP_REGULATION_OF_INFLAMMATORY_RESPONSE_TO_WOUNDING,8,False
GO_BP,GOBP_REGULATION_OF_INHIBITORY_SYNAPSE_ASSEMBLY,4,False
GO_BP,GOBP_REGULATION_OF_INNATE_IMMUNE_RESPONSE,415,True
GO_BP,GOBP_REGULATION_OF_INNER_EAR_AUDITORY_RECEPTOR_CELL_DIFFERENTIATION,5,False
GO_BP,GOBP_REGULATION_OF_INOSITOL_PHOSPHATE_BIOSYNTHETIC_PROCESS,7,False
GO_BP,GOBP_REGULATION_OF_INOSITOL_TRISPHOSPHATE_BIOSYNTHETIC_PROCESS,4,False
GO_BP,GOBP_REGULATION_OF_INSULIN_LIKE_GROWTH_FACTOR_RECEPTOR_SIGNALING_PATHWAY,17,True
GO_BP,GOBP_REGULATION_OF_INSULIN_RECEPTOR_SIGNALING_PATHWAY,61,True
GO_BP,GOBP_REGULATION_OF_INSULIN_SECRETION,129,True
GO_BP,GOBP_REGULATION_OF_INTEGRIN_ACTIVATION,10,False
GO_BP,GOBP_REGULATION_OF_INTEGRIN_MEDIATED_SIGNALING_PATHWAY,23,True
GO_BP,GOBP_REGULATION_OF_INTERLEUKIN_1_MEDIATED_SIGNALING_PATHWAY,9,False
GO_BP,GOBP_REGULATION_OF_INTERLEUKIN_4_MEDIATED_SIGNALING_PATHWAY,3,False
GO_BP,GOBP_REGULATION_OF_INTERLEUKIN_6_MEDIATED_SIGNALING_PATHWAY,4,False
GO_BP,GOBP_REGULATION_OF_INTESTINAL_ABSORPTION,4,False
GO_BP,GOBP_REGULATION_OF_INTESTINAL_CHOLESTEROL_ABSORPTION,2,False
GO_BP,GOBP_REGULATION_OF_INTRACELLULAR_ESTROGEN_RECEPTOR_SIGNALING_PATHWAY,33,True
GO_BP,GOBP_REGULATION_OF_INTRACELLULAR_LIPID_TRANSPORT,8,False
GO_BP,GOBP_REGULATION_OF_INTRACELLULAR_MRNA_LOCALIZATION,10,False
GO_BP,GOBP_REGULATION_OF_INTRACELLULAR_PROTEIN_TRANSPORT,145,True
GO_BP,GOBP_REGULATION_OF_INTRACELLULAR_STEROID_HORMONE_RECEPTOR_SIGNALING_PATHWAY,72,True
GO_BP,GOBP_REGULATION_OF_INTRACELLULAR_TRANSPORT,254,True
GO_BP,GOBP_REGULATION_OF_INTRINSIC_APOPTOTIC_SIGNALING_PATHWAY,173,True
GO_BP,GOBP_REGULATION_OF_INTRINSIC_APOPTOTIC_SIGNALING_PATHWAY_BY_P53_CLASS_MEDIATOR,36,True
GO_BP,GOBP_REGULATION_OF_INTRINSIC_APOPTOTIC_SIGNALING_PATHWAY_IN_RESPONSE_TO_DNA_DAMAGE,42,True
GO_BP,GOBP_REGULATION_OF_INTRINSIC_APOPTOTIC_SIGNALING_PATHWAY_IN_RESPONSE_TO_DNA_DAMAGE_BY_P53_CLASS_MEDIATOR,20,True
GO_BP,GOBP_REGULATION_OF_INTRINSIC_APOPTOTIC_SIGNALING_PATHWAY_IN_RESPONSE_TO_HYDROGEN_PEROXIDE,5,False
GO_BP,GOBP_REGULATION_OF_INTRINSIC_APOPTOTIC_SIGNALING_PATHWAY_IN_RESPONSE_TO_OSMOTIC_STRESS,7,False
GO_BP,GOBP_REGULATION_OF_IRE1_MEDIATED_UNFOLDED_PROTEIN_RESPONSE,16,True
GO_BP,GOBP_REGULATION_OF_IRON_ION_TRANSMEMBRANE_TRANSPORT,2,False
GO_BP,GOBP_REGULATION_OF_IRON_ION_TRANSPORT,5,False
GO_BP,GOBP_REGULATION_OF_ISOTYPE_SWITCHING,33,True
GO_BP,GOBP_REGULATION_OF_ISOTYPE_SWITCHING_TO_IGE_ISOTYPES,6,False
GO_BP,GOBP_REGULATION_OF_JNK_CASCADE,140,True
GO_BP,GOBP_REGULATION_OF_JUN_KINASE_ACTIVITY,19,True
GO_BP,GOBP_REGULATION_OF_KERATINOCYTE_DIFFERENTIATION,26,True
GO_BP,GOBP_REGULATION_OF_KERATINOCYTE_MIGRATION,12,False
GO_BP,GOBP_REGULATION_OF_KERATINOCYTE_PROLIFERATION,31,True
GO_BP,GOBP_REGULATION_OF_KETONE_BIOSYNTHETIC_PROCESS,19,True
GO_BP,GOBP_REGULATION_OF_KETONE_METABOLIC_PROCESS,110,True
GO_BP,GOBP_REGULATION_OF_KIDNEY_DEVELOPMENT,28,True
GO_BP,GOBP_REGULATION_OF_KIDNEY_SIZE,3,False
GO_BP,GOBP_REGULATION_OF_KILLING_OF_CELLS_OF_ANOTHER_ORGANISM,2,False
GO_BP,GOBP_REGULATION_OF_KINASE_ACTIVITY,234,True
GO_BP,GOBP_REGULATION_OF_LAMELLIPODIUM_ASSEMBLY,36,True
GO_BP,GOBP_REGULATION_OF_LAMELLIPODIUM_MORPHOGENESIS,9,False
GO_BP,GOBP_REGULATION_OF_LAMELLIPODIUM_ORGANIZATION,48,True
GO_BP,GOBP_REGULATION_OF_LENS_FIBER_CELL_DIFFERENTIATION,10,False
GO_BP,GOBP_REGULATION_OF_LEUKOCYTE_ADHESION_TO_VASCULAR_ENDOTHELIAL_CELL,21,True
GO_BP,GOBP_REGULATION_OF_LEUKOCYTE_APOPTOTIC_PROCESS,68,True
GO_BP,GOBP_REGULATION_OF_LEUKOCYTE_CHEMOTAXIS,92,True
GO_BP,GOBP_REGULATION_OF_LEUKOCYTE_DEGRANULATION,32,True
GO_BP,GOBP_REGULATION_OF_LEUKOCYTE_DIFFERENTIATION,273,True
GO_BP,GOBP_REGULATION_OF_LEUKOCYTE_MEDIATED_IMMUNITY,198,True
GO_BP,GOBP_REGULATION_OF_LEUKOCYTE_MIGRATION,164,True
GO_BP,GOBP_REGULATION_OF_LEUKOCYTE_PROLIFERATION,182,True
GO_BP,GOBP_REGULATION_OF_LEUKOCYTE_TETHERING_OR_ROLLING,8,False
GO_BP,GOBP_REGULATION_OF_LIPID_BIOSYNTHETIC_PROCESS,152,True
GO_BP,GOBP_REGULATION_OF_LIPID_CATABOLIC_PROCESS,47,True
GO_BP,GOBP_REGULATION_OF_LIPID_LOCALIZATION,118,True
GO_BP,GOBP_REGULATION_OF_LIPID_METABOLIC_PROCESS,267,True
GO_BP,GOBP_REGULATION_OF_LIPID_STORAGE,35,True
GO_BP,GOBP_REGULATION_OF_LIPOPHAGY,5,False
GO_BP,GOBP_REGULATION_OF_LIPOPOLYSACCHARIDE_MEDIATED_SIGNALING_PATHWAY,24,True
GO_BP,GOBP_REGULATION_OF_LIPOPROTEIN_METABOLIC_PROCESS,16,True
GO_BP,GOBP_REGULATION_OF_LIPOPROTEIN_PARTICLE_CLEARANCE,17,True
GO_BP,GOBP_REGULATION_OF_LIPOPROTEIN_TRANSPORT,5,False
GO_BP,GOBP_REGULATION_OF_LOCOMOTION,867,False
GO_BP,GOBP_REGULATION_OF_LOCOMOTION_INVOLVED_IN_LOCOMOTORY_BEHAVIOR,4,False
GO_BP,GOBP_REGULATION_OF_LONG_CHAIN_FATTY_ACID_IMPORT_ACROSS_PLASMA_MEMBRANE,6,False
GO_BP,GOBP_REGULATION_OF_LONG_CHAIN_FATTY_ACID_IMPORT_INTO_CELL,8,False
GO_BP,GOBP_REGULATION_OF_LONG_TERM_NEURONAL_SYNAPTIC_PLASTICITY,24,True
GO_BP,GOBP_REGULATION_OF_LONG_TERM_SYNAPTIC_DEPRESSION,15,True
GO_BP,GOBP_REGULATION_OF_LONG_TERM_SYNAPTIC_POTENTIATION,37,True
GO_BP,GOBP_REGULATION_OF_LOW_DENSITY_LIPOPROTEIN_PARTICLE_CLEARANCE,12,False
GO_BP,GOBP_REGULATION_OF_LUNG_BLOOD_PRESSURE,3,False
GO_BP,GOBP_REGULATION_OF_LUTEINIZING_HORMONE_SECRETION,5,False
GO_BP,GOBP_REGULATION_OF_LYMPHANGIOGENESIS,6,False
GO_BP,GOBP_REGULATION_OF_LYMPHOCYTE_ACTIVATION,406,True
GO_BP,GOBP_REGULATION_OF_LYMPHOCYTE_APOPTOTIC_PROCESS,45,True
GO_BP,GOBP_REGULATION_OF_LYMPHOCYTE_CHEMOTAXIS,12,False
GO_BP,GOBP_REGULATION_OF_LYMPHOCYTE_DIFFERENTIATION,184,True
GO_BP,GOBP_REGULATION_OF_LYMPHOCYTE_MEDIATED_IMMUNITY,151,True
GO_BP,GOBP_REGULATION_OF_LYMPHOCYTE_MIGRATION,48,True
GO_BP,GOBP_REGULATION_OF_LYMPHOID_PROGENITOR_CELL_DIFFERENTIATION,11,False
GO_BP,GOBP_REGULATION_OF_LYSOSOMAL_LUMEN_PH,29,True
GO_BP,GOBP_REGULATION_OF_LYSOSOME_ORGANIZATION,12,False
GO_BP,GOBP_REGULATION_OF_LYSOSOME_SIZE,9,False
GO_BP,GOBP_REGULATION_OF_L_GLUTAMATE_IMPORT_ACROSS_PLASMA_MEMBRANE,7,False
GO_BP,GOBP_REGULATION_OF_MACROAUTOPHAGY,198,True
GO_BP,GOBP_REGULATION_OF_MACROPHAGE_ACTIVATION,42,True
GO_BP,GOBP_REGULATION_OF_MACROPHAGE_APOPTOTIC_PROCESS,8,False
GO_BP,GOBP_REGULATION_OF_MACROPHAGE_CHEMOTAXIS,25,True
GO_BP,GOBP_REGULATION_OF_MACROPHAGE_DERIVED_FOAM_CELL_DIFFERENTIATION,18,True
GO_BP,GOBP_REGULATION_OF_MACROPHAGE_DIFFERENTIATION,19,True
GO_BP,GOBP_REGULATION_OF_MACROPHAGE_FUSION,1,False
GO_BP,GOBP_REGULATION_OF_MACROPHAGE_MIGRATION,33,True
GO_BP,GOBP_REGULATION_OF_MACROPHAGE_PROLIFERATION,6,False
GO_BP,GOBP_REGULATION_OF_MAINTENANCE_OF_SISTER_CHROMATID_COHESION,9,False
GO_BP,GOBP_REGULATION_OF_MALE_GONAD_DEVELOPMENT,5,False
GO_BP,GOBP_REGULATION_OF_MAMMARY_GLAND_EPITHELIAL_CELL_PROLIFERATION,12,False
GO_BP,GOBP_REGULATION_OF_MAP_KINASE_ACTIVITY,57,True
GO_BP,GOBP_REGULATION_OF_MAST_CELL_ACTIVATION,14,False
GO_BP,GOBP_REGULATION_OF_MAST_CELL_ACTIVATION_INVOLVED_IN_IMMUNE_RESPONSE,3,False
GO_BP,GOBP_REGULATION_OF_MAST_CELL_CHEMOTAXIS,8,False
GO_BP,GOBP_REGULATION_OF_MAST_CELL_DEGRANULATION,19,True
GO_BP,GOBP_REGULATION_OF_MATRIX_METALLOPEPTIDASE_SECRETION,7,False
GO_BP,GOBP_REGULATION_OF_MDA_5_SIGNALING_PATHWAY,6,False
GO_BP,GOBP_REGULATION_OF_MEGAKARYOCYTE_DIFFERENTIATION,28,True
GO_BP,GOBP_REGULATION_OF_MEIOSIS_I,3,False
GO_BP,GOBP_REGULATION_OF_MEIOTIC_CELL_CYCLE,55,True
GO_BP,GOBP_REGULATION_OF_MEIOTIC_CELL_CYCLE_PHASE_TRANSITION,10,False
GO_BP,GOBP_REGULATION_OF_MEIOTIC_NUCLEAR_DIVISION,24,True
GO_BP,GOBP_REGULATION_OF_MELANOCYTE_DIFFERENTIATION,5,False
GO_BP,GOBP_REGULATION_OF_MEMBRANE_DEPOLARIZATION,42,True
GO_BP,GOBP_REGULATION_OF_MEMBRANE_DEPOLARIZATION_DURING_ACTION_POTENTIAL,5,False
GO_BP,GOBP_REGULATION_OF_MEMBRANE_DEPOLARIZATION_DURING_CARDIAC_MUSCLE_CELL_ACTION_POTENTIAL,3,False
GO_BP,GOBP_REGULATION_OF_MEMBRANE_HYPERPOLARIZATION,3,False
GO_BP,GOBP_REGULATION_OF_MEMBRANE_INVAGINATION,10,False
GO_BP,GOBP_REGULATION_OF_MEMBRANE_LIPID_DISTRIBUTION,61,True
GO_BP,GOBP_REGULATION_OF_MEMBRANE_LIPID_METABOLIC_PROCESS,14,False
GO_BP,GOBP_REGULATION_OF_MEMBRANE_PERMEABILITY,67,True
GO_BP,GOBP_REGULATION_OF_MEMBRANE_POTENTIAL,341,True
GO_BP,GOBP_REGULATION_OF_MEMBRANE_PROTEIN_ECTODOMAIN_PROTEOLYSIS,23,True
GO_BP,GOBP_REGULATION_OF_MEMBRANE_REPOLARIZATION,30,True
GO_BP,GOBP_REGULATION_OF_MEMBRANE_REPOLARIZATION_DURING_ACTION_POTENTIAL,8,False
GO_BP,GOBP_REGULATION_OF_MEMBRANE_REPOLARIZATION_DURING_CARDIAC_MUSCLE_CELL_ACTION_POTENTIAL,5,False
GO_BP,GOBP_REGULATION_OF_MEMBRANE_REPOLARIZATION_DURING_VENTRICULAR_CARDIAC_MUSCLE_CELL_ACTION_POTENTIAL,4,False
GO_BP,GOBP_REGULATION_OF_MEMBRANE_TUBULATION,5,False
GO_BP,GOBP_REGULATION_OF_MESENCHYMAL_CELL_PROLIFERATION,31,True
GO_BP,GOBP_REGULATION_OF_MESENCHYMAL_STEM_CELL_DIFFERENTIATION,13,False
GO_BP,GOBP_REGULATION_OF_MESENCHYMAL_STEM_CELL_PROLIFERATION,6,False
GO_BP,GOBP_REGULATION_OF_MESENCHYMAL_TO_EPITHELIAL_TRANSITION_INVOLVED_IN_METANEPHROS_MORPHOGENESIS,5,False
GO_BP,GOBP_REGULATION_OF_MESODERMAL_CELL_DIFFERENTIATION,6,False
GO_BP,GOBP_REGULATION_OF_MESODERMAL_CELL_FATE_SPECIFICATION,5,False
GO_BP,GOBP_REGULATION_OF_MESODERM_DEVELOPMENT,3,False
GO_BP,GOBP_REGULATION_OF_MESONEPHROS_DEVELOPMENT,3,False
GO_BP,GOBP_REGULATION_OF_METANEPHROS_DEVELOPMENT,2,False
GO_BP,GOBP_REGULATION_OF_METAPHASE_PLATE_CONGRESSION,15,True
GO_BP,GOBP_REGULATION_OF_MICROGLIAL_CELL_ACTIVATION,10,False
GO_BP,GOBP_REGULATION_OF_MICROTUBULE_BASED_MOVEMENT,45,True
GO_BP,GOBP_REGULATION_OF_MICROTUBULE_BASED_PROCESS,257,True
GO_BP,GOBP_REGULATION_OF_MICROTUBULE_CYTOSKELETON_ORGANIZATION,167,True
GO_BP,GOBP_REGULATION_OF_MICROTUBULE_DEPOLYMERIZATION,37,True
GO_BP,GOBP_REGULATION_OF_MICROTUBULE_NUCLEATION,23,True
GO_BP,GOBP_REGULATION_OF_MICROTUBULE_POLYMERIZATION,70,True
GO_BP,GOBP_REGULATION_OF_MICROTUBULE_POLYMERIZATION_OR_DEPOLYMERIZATION,104,True
GO_BP,GOBP_REGULATION_OF_MICROVILLUS_ASSEMBLY,9,False
GO_BP,GOBP_REGULATION_OF_MICROVILLUS_LENGTH,3,False
GO_BP,GOBP_REGULATION_OF_MICROVILLUS_ORGANIZATION,12,False
GO_BP,GOBP_REGULATION_OF_MIRNA_CATABOLIC_PROCESS,5,False
GO_BP,GOBP_REGULATION_OF_MIRNA_METABOLIC_PROCESS,77,True
GO_BP,GOBP_REGULATION_OF_MITOCHONDRIAL_ATP_SYNTHESIS_COUPLED_ELECTRON_TRANSPORT,7,False
GO_BP,GOBP_REGULATION_OF_MITOCHONDRIAL_DEPOLARIZATION,19,True
GO_BP,GOBP_REGULATION_OF_MITOCHONDRIAL_DNA_METABOLIC_PROCESS,5,False
GO_BP,GOBP_REGULATION_OF_MITOCHONDRIAL_ELECTRON_TRANSPORT_NADH_TO_UBIQUINONE,6,False
GO_BP,GOBP_REGULATION_OF_MITOCHONDRIAL_FISSION,33,True
GO_BP,GOBP_REGULATION_OF_MITOCHONDRIAL_FUSION,14,False
GO_BP,GOBP_REGULATION_OF_MITOCHONDRIAL_GENE_EXPRESSION,32,True
GO_BP,GOBP_REGULATION_OF_MITOCHONDRIAL_MEMBRANE_PERMEABILITY,55,True
GO_BP,GOBP_REGULATION_OF_MITOCHONDRIAL_MEMBRANE_PERMEABILITY_INVOLVED_IN_APOPTOTIC_PROCESS,43,True
GO_BP,GOBP_REGULATION_OF_MITOCHONDRIAL_MEMBRANE_POTENTIAL,72,True
GO_BP,GOBP_REGULATION_OF_MITOCHONDRIAL_MRNA_STABILITY,7,False
GO_BP,GOBP_REGULATION_OF_MITOCHONDRIAL_OUTER_MEMBRANE_PERMEABILIZATION_INVOLVED_IN_APOPTOTIC_SIGNALING_PATHWAY,24,True
GO_BP,GOBP_REGULATION_OF_MITOCHONDRIAL_RNA_CATABOLIC_PROCESS,5,False
GO_BP,GOBP_REGULATION_OF_MITOCHONDRIAL_TRANSCRIPTION,10,False
GO_BP,GOBP_REGULATION_OF_MITOCHONDRIAL_TRANSLATION,22,True
GO_BP,GOBP_REGULATION_OF_MITOCHONDRION_ORGANIZATION,119,True
GO_BP,GOBP_REGULATION_OF_MITOTIC_CELL_CYCLE,487,True
GO_BP,GOBP_REGULATION_OF_MITOTIC_CELL_CYCLE_PHASE_TRANSITION,330,True
GO_BP,GOBP_REGULATION_OF_MITOTIC_CENTROSOME_SEPARATION,7,False
GO_BP,GOBP_REGULATION_OF_MITOTIC_CYTOKINESIS,21,True
GO_BP,GOBP_REGULATION_OF_MITOTIC_NUCLEAR_DIVISION,112,True
GO_BP,GOBP_REGULATION_OF_MITOTIC_RECOMBINATION,6,False
GO_BP,GOBP_REGULATION_OF_MITOTIC_SISTER_CHROMATID_SEGREGATION,61,True
GO_BP,GOBP_REGULATION_OF_MITOTIC_SPINDLE_ASSEMBLY,29,True
GO_BP,GOBP_REGULATION_OF_MODIFICATION_OF_POSTSYNAPTIC_ACTIN_CYTOSKELETON,9,False
GO_BP,GOBP_REGULATION_OF_MODIFICATION_OF_POSTSYNAPTIC_STRUCTURE,13,False
GO_BP,GOBP_REGULATION_OF_MODIFICATION_OF_SYNAPTIC_STRUCTURE,18,True
GO_BP,GOBP_REGULATION_OF_MOLECULAR_FUNCTION,731,False
GO_BP,GOBP_REGULATION_OF_MONOATOMIC_ANION_TRANSPORT,10,False
GO_BP,GOBP_REGULATION_OF_MONOATOMIC_ION_TRANSMEMBRANE_TRANSPORT,208,True
GO_BP,GOBP_REGULATION_OF_MONOATOMIC_ION_TRANSPORT,298,True
GO_BP,GOBP_REGULATION_OF_MONOCYTE_CHEMOTAXIS,19,True
GO_BP,GOBP_REGULATION_OF_MONOCYTE_DIFFERENTIATION,19,True
GO_BP,GOBP_REGULATION_OF_MONOCYTE_EXTRAVASATION,6,False
GO_BP,GOBP_REGULATION_OF_MONONUCLEAR_CELL_MIGRATION,106,True
GO_BP,GOBP_REGULATION_OF_MORPHOGENESIS_OF_AN_EPITHELIUM,58,True
GO_BP,GOBP_REGULATION_OF_MORPHOGENESIS_OF_A_BRANCHING_STRUCTURE,49,True
GO_BP,GOBP_REGULATION_OF_MOTILE_CILIUM_ASSEMBLY,5,False
GO_BP,GOBP_REGULATION_OF_MOTOR_NEURON_APOPTOTIC_PROCESS,7,False
GO_BP,GOBP_REGULATION_OF_MRNA_3_END_PROCESSING,18,True
GO_BP,GOBP_REGULATION_OF_MRNA_CATABOLIC_PROCESS,199,True
GO_BP,GOBP_REGULATION_OF_MRNA_EXPORT_FROM_NUCLEUS,9,False
GO_BP,GOBP_REGULATION_OF_MRNA_METABOLIC_PROCESS,318,True
GO_BP,GOBP_REGULATION_OF_MRNA_PROCESSING,142,True
GO_BP,GOBP_REGULATION_OF_MRNA_SPLICING_VIA_SPLICEOSOME,116,True
GO_BP,GOBP_REGULATION_OF_MUCUS_SECRETION,6,False
GO_BP,GOBP_REGULATION_OF_MULTICELLULAR_ORGANISMAL_DEVELOPMENT,1171,False
GO_BP,GOBP_REGULATION_OF_MULTICELLULAR_ORGANISM_GROWTH,53,True
GO_BP,GOBP_REGULATION_OF_MUSCLE_ADAPTATION,70,True
GO_BP,GOBP_REGULATION_OF_MUSCLE_CELL_DIFFERENTIATION,127,True
GO_BP,GOBP_REGULATION_OF_MUSCLE_CONTRACTION,129,True
GO_BP,GOBP_REGULATION_OF_MUSCLE_HYPERTROPHY,55,True
GO_BP,GOBP_REGULATION_OF_MUSCLE_ORGAN_DEVELOPMENT,31,True
GO_BP,GOBP_REGULATION_OF_MUSCLE_SYSTEM_PROCESS,188,True
GO_BP,GOBP_REGULATION_OF_MYD88_DEPENDENT_TOLL_LIKE_RECEPTOR_SIGNALING_PATHWAY,4,False
GO_BP,GOBP_REGULATION_OF_MYELINATION,36,True
GO_BP,GOBP_REGULATION_OF_MYELOID_CELL_APOPTOTIC_PROCESS,22,True
GO_BP,GOBP_REGULATION_OF_MYELOID_CELL_DIFFERENTIATION,179,True
GO_BP,GOBP_REGULATION_OF_MYELOID_DENDRITIC_CELL_ACTIVATION,4,False
GO_BP,GOBP_REGULATION_OF_MYELOID_LEUKOCYTE_DIFFERENTIATION,95,True
GO_BP,GOBP_REGULATION_OF_MYELOID_LEUKOCYTE_MEDIATED_IMMUNITY,40,True
GO_BP,GOBP_REGULATION_OF_MYOBLAST_DIFFERENTIATION,61,True
GO_BP,GOBP_REGULATION_OF_MYOBLAST_PROLIFERATION,12,False
GO_BP,GOBP_REGULATION_OF_MYOFIBROBLAST_DIFFERENTIATION,6,False
GO_BP,GOBP_REGULATION_OF_MYOTUBE_DIFFERENTIATION,33,True
GO_BP,GOBP_REGULATION_OF_NADP_METABOLIC_PROCESS,7,False
GO_BP,GOBP_REGULATION_OF_NATURAL_KILLER_CELL_ACTIVATION,34,True
GO_BP,GOBP_REGULATION_OF_NATURAL_KILLER_CELL_CHEMOTAXIS,2,False
GO_BP,GOBP_REGULATION_OF_NATURAL_KILLER_CELL_DEGRANULATION,5,False
GO_BP,GOBP_REGULATION_OF_NATURAL_KILLER_CELL_DIFFERENTIATION,10,False
GO_BP,GOBP_REGULATION_OF_NATURAL_KILLER_CELL_MEDIATED_IMMUNE_RESPONSE_TO_TUMOR_CELL,7,False
GO_BP,GOBP_REGULATION_OF_NATURAL_KILLER_CELL_MEDIATED_IMMUNITY,54,True
GO_BP,GOBP_REGULATION_OF_NATURAL_KILLER_CELL_PROLIFERATION,9,False
GO_BP,GOBP_REGULATION_OF_NECROPTOTIC_PROCESS,29,True
GO_BP,GOBP_REGULATION_OF_NEGATIVE_CHEMOTAXIS,5,False
GO_BP,GOBP_REGULATION_OF_NERVOUS_SYSTEM_DEVELOPMENT,361,True
GO_BP,GOBP_REGULATION_OF_NERVOUS_SYSTEM_PROCESS,85,True
GO_BP,GOBP_REGULATION_OF_NEURAL_PRECURSOR_CELL_PROLIFERATION,64,True
GO_BP,GOBP_REGULATION_OF_NEUROBLAST_PROLIFERATION,23,True
GO_BP,GOBP_REGULATION_OF_NEUROFIBRILLARY_TANGLE_ASSEMBLY,6,False
GO_BP,GOBP_REGULATION_OF_NEUROGENESIS,294,True
GO_BP,GOBP_REGULATION_OF_NEUROINFLAMMATORY_RESPONSE,25,True
GO_BP,GOBP_REGULATION_OF_NEUROMUSCULAR_JUNCTION_DEVELOPMENT,11,False
GO_BP,GOBP_REGULATION_OF_NEURONAL_ACTION_POTENTIAL,9,False
GO_BP,GOBP_REGULATION_OF_NEURONAL_SYNAPTIC_PLASTICITY,49,True
GO_BP,GOBP_REGULATION_OF_NEURON_APOPTOTIC_PROCESS,217,True
GO_BP,GOBP_REGULATION_OF_NEURON_DIFFERENTIATION,135,True
GO_BP,GOBP_REGULATION_OF_NEURON_MATURATION,8,False
GO_BP,GOBP_REGULATION_OF_NEURON_MIGRATION,42,True
GO_BP,GOBP_REGULATION_OF_NEURON_PROJECTION_ARBORIZATION,15,True
GO_BP,GOBP_REGULATION_OF_NEURON_PROJECTION_DEVELOPMENT,381,True
GO_BP,GOBP_REGULATION_OF_NEURON_PROJECTION_REGENERATION,28,True
GO_BP,GOBP_REGULATION_OF_NEUROTRANSMITTER_RECEPTOR_ACTIVITY,30,True
GO_BP,GOBP_REGULATION_OF_NEUROTRANSMITTER_RECEPTOR_LOCALIZATION_TO_POSTSYNAPTIC_SPECIALIZATION_MEMBRANE,18,True
GO_BP,GOBP_REGULATION_OF_NEUROTRANSMITTER_SECRETION,70,True
GO_BP,GOBP_REGULATION_OF_NEUROTRANSMITTER_TRANSPORT,89,True
GO_BP,GOBP_REGULATION_OF_NEUROTRANSMITTER_UPTAKE,21,True
GO_BP,GOBP_REGULATION_OF_NEUROTROPHIN_TRK_RECEPTOR_SIGNALING_PATHWAY,11,False
GO_BP,GOBP_REGULATION_OF_NEUTROPHIL_ACTIVATION,4,False
GO_BP,GOBP_REGULATION_OF_NEUTROPHIL_CHEMOTAXIS,25,True
GO_BP,GOBP_REGULATION_OF_NEUTROPHIL_DEGRANULATION,6,False
GO_BP,GOBP_REGULATION_OF_NEUTROPHIL_EXTRAVASATION,6,False
GO_BP,GOBP_REGULATION_OF_NEUTROPHIL_MEDIATED_CYTOTOXICITY,3,False
GO_BP,GOBP_REGULATION_OF_NEUTROPHIL_MIGRATION,33,True
GO_BP,GOBP_REGULATION_OF_NITRIC_OXIDE_MEDIATED_SIGNAL_TRANSDUCTION,7,False
GO_BP,GOBP_REGULATION_OF_NITRIC_OXIDE_METABOLIC_PROCESS,54,True
GO_BP,GOBP_REGULATION_OF_NITRIC_OXIDE_SYNTHASE_ACTIVITY,5,False
GO_BP,GOBP_REGULATION_OF_NK_T_CELL_ACTIVATION,6,False
GO_BP,GOBP_REGULATION_OF_NK_T_CELL_DIFFERENTIATION,5,False
GO_BP,GOBP_REGULATION_OF_NK_T_CELL_PROLIFERATION,4,False
GO_BP,GOBP_REGULATION_OF_NODAL_SIGNALING_PATHWAY,7,False
GO_BP,GOBP_REGULATION_OF_NON_CANONICAL_NF_KAPPAB_SIGNAL_TRANSDUCTION,85,True
GO_BP,GOBP_REGULATION_OF_NON_CANONICAL_WNT_SIGNALING_PATHWAY,23,True
GO_BP,GOBP_REGULATION_OF_NON_MOTILE_CILIUM_ASSEMBLY,8,False
GO_BP,GOBP_REGULATION_OF_NOTCH_SIGNALING_PATHWAY,86,True
GO_BP,GOBP_REGULATION_OF_NUCLEAR_CELL_CYCLE_DNA_REPLICATION,13,False
GO_BP,GOBP_REGULATION_OF_NUCLEAR_DIVISION,130,True
GO_BP,GOBP_REGULATION_OF_NUCLEAR_RECEPTOR_MEDIATED_GLUCOCORTICOID_SIGNALING_PATHWAY,9,False
GO_BP,GOBP_REGULATION_OF_NUCLEAR_TRANSCRIBED_MRNA_CATABOLIC_PROCESS_DEADENYLATION_DEPENDENT_DECAY,25,True
GO_BP,GOBP_REGULATION_OF_NUCLEAR_TRANSCRIBED_MRNA_CATABOLIC_PROCESS_NONSENSE_MEDIATED_DECAY,15,True
GO_BP,GOBP_REGULATION_OF_NUCLEAR_TRANSCRIBED_MRNA_POLY_A_TAIL_SHORTENING,14,False
GO_BP,GOBP_REGULATION_OF_NUCLEOBASE_CONTAINING_COMPOUND_TRANSPORT,18,True
GO_BP,GOBP_REGULATION_OF_NUCLEOCYTOPLASMIC_TRANSPORT,109,True
GO_BP,GOBP_REGULATION_OF_NUCLEOTIDE_BINDING_DOMAIN_LEUCINE_RICH_REPEAT_CONTAINING_RECEPTOR_SIGNALING_PATHWAY,17,True
GO_BP,GOBP_REGULATION_OF_NUCLEOTIDE_BINDING_OLIGOMERIZATION_DOMAIN_CONTAINING_2_SIGNALING_PATHWAY,13,False
GO_BP,GOBP_REGULATION_OF_NUCLEOTIDE_BIOSYNTHETIC_PROCESS,19,True
GO_BP,GOBP_REGULATION_OF_NUCLEOTIDE_EXCISION_REPAIR,29,True
GO_BP,GOBP_REGULATION_OF_NUCLEOTIDE_METABOLIC_PROCESS,74,True
GO_BP,GOBP_REGULATION_OF_ODONTOBLAST_DIFFERENTIATION,10,False
GO_BP,GOBP_REGULATION_OF_ODONTOGENESIS,13,False
GO_BP,GOBP_REGULATION_OF_ODONTOGENESIS_OF_DENTIN_CONTAINING_TOOTH,7,False
GO_BP,GOBP_REGULATION_OF_OLIGODENDROCYTE_DIFFERENTIATION,30,True
GO_BP,GOBP_REGULATION_OF_OOCYTE_MATURATION,5,False
GO_BP,GOBP_REGULATION_OF_OPSIN_MEDIATED_SIGNALING_PATHWAY,5,False
GO_BP,GOBP_REGULATION_OF_OPSONIZATION,12,False
GO_BP,GOBP_REGULATION_OF_ORGANELLE_ASSEMBLY,254,True
GO_BP,GOBP_REGULATION_OF_ORGANELLE_ORGANIZATION,1132,False
GO_BP,GOBP_REGULATION_OF_ORGANELLE_TRANSPORT_ALONG_MICROTUBULE,9,False
GO_BP,GOBP_REGULATION_OF_ORGANIC_ACID_TRANSPORT,54,True
GO_BP,GOBP_REGULATION_OF_ORGAN_GROWTH,74,True
GO_BP,GOBP_REGULATION_OF_OSSIFICATION,108,True
GO_BP,GOBP_REGULATION_OF_OSTEOBLAST_DIFFERENTIATION,125,True
GO_BP,GOBP_REGULATION_OF_OSTEOBLAST_PROLIFERATION,23,True
GO_BP,GOBP_REGULATION_OF_OSTEOCLAST_DEVELOPMENT,7,False
GO_BP,GOBP_REGULATION_OF_OSTEOCLAST_DIFFERENTIATION,52,True
GO_BP,GOBP_REGULATION_OF_OSTEOCLAST_PROLIFERATION,4,False
GO_BP,GOBP_REGULATION_OF_OVARIAN_FOLLICLE_DEVELOPMENT,5,False
GO_BP,GOBP_REGULATION_OF_OXIDATIVE_PHOSPHORYLATION,21,True
GO_BP,GOBP_REGULATION_OF_OXIDATIVE_STRESS_INDUCED_INTRINSIC_APOPTOTIC_SIGNALING_PATHWAY,38,True
GO_BP,GOBP_REGULATION_OF_OXIDOREDUCTASE_ACTIVITY,12,False
GO_BP,GOBP_REGULATION_OF_P38MAPK_CASCADE,35,True
GO_BP,GOBP_REGULATION_OF_PANCREATIC_JUICE_SECRETION,6,False
GO_BP,GOBP_REGULATION_OF_PATTERN_RECOGNITION_RECEPTOR_SIGNALING_PATHWAY,166,True
GO_BP,GOBP_REGULATION_OF_PENTOSE_PHOSPHATE_SHUNT,5,False
GO_BP,GOBP_REGULATION_OF_PEPTIDASE_ACTIVITY,14,False
GO_BP,GOBP_REGULATION_OF_PEPTIDE_TRANSPORT,148,True
GO_BP,GOBP_REGULATION_OF_PEPTIDYL_LYSINE_CROTONYLATION,1,False
GO_BP,GOBP_REGULATION_OF_PEPTIDYL_SERINE_PHOSPHORYLATION,25,True
GO_BP,GOBP_REGULATION_OF_PEPTIDYL_THREONINE_PHOSPHORYLATION,11,False
GO_BP,GOBP_REGULATION_OF_PEPTIDYL_TYROSINE_PHOSPHORYLATION,67,True
GO_BP,GOBP_REGULATION_OF_PERK_MEDIATED_UNFOLDED_PROTEIN_RESPONSE,16,True
GO_BP,GOBP_REGULATION_OF_PEROXISOME_PROLIFERATOR_ACTIVATED_RECEPTOR_SIGNALING_PATHWAY,15,True
GO_BP,GOBP_REGULATION_OF_PH,79,True
GO_BP,GOBP_REGULATION_OF_PHAGOCYTOSIS,74,True
GO_BP,GOBP_REGULATION_OF_PHENOTYPIC_SWITCHING,3,False
GO_BP,GOBP_REGULATION_OF_PHOSPHATASE_ACTIVITY,6,False
GO_BP,GOBP_REGULATION_OF_PHOSPHATE_TRANSPORT,4,False
GO_BP,GOBP_REGULATION_OF_PHOSPHATIDYLCHOLINE_BIOSYNTHETIC_PROCESS,6,False
GO_BP,GOBP_REGULATION_OF_PHOSPHATIDYLCHOLINE_METABOLIC_PROCESS,11,False
GO_BP,GOBP_REGULATION_OF_PHOSPHATIDYLINOSITOL_BIOSYNTHETIC_PROCESS,3,False
GO_BP,GOBP_REGULATION_OF_PHOSPHATIDYLINOSITOL_DEPHOSPHORYLATION,4,False
GO_BP,GOBP_REGULATION_OF_PHOSPHOLIPASE_C_ACTIVATING_G_PROTEIN_COUPLED_RECEPTOR_SIGNALING_PATHWAY,5,False
GO_BP,GOBP_REGULATION_OF_PHOSPHOLIPID_BIOSYNTHETIC_PROCESS,15,True
GO_BP,GOBP_REGULATION_OF_PHOSPHOLIPID_CATABOLIC_PROCESS,6,False
GO_BP,GOBP_REGULATION_OF_PHOSPHOLIPID_METABOLIC_PROCESS,31,True
GO_BP,GOBP_REGULATION_OF_PHOSPHOLIPID_TRANSLOCATION,5,False
GO_BP,GOBP_REGULATION_OF_PHOSPHORUS_METABOLIC_PROCESS,508,False
GO_BP,GOBP_REGULATION_OF_PHOSPHORYLATION,385,True
GO_BP,GOBP_REGULATION_OF_PHOTORECEPTOR_CELL_DIFFERENTIATION,6,False
GO_BP,GOBP_REGULATION_OF_PIGMENTATION,13,False
GO_BP,GOBP_REGULATION_OF_PIGMENT_CELL_DIFFERENTIATION,7,False
GO_BP,GOBP_REGULATION_OF_PINOCYTOSIS,11,False
GO_BP,GOBP_REGULATION_OF_PLASMA_CELL_DIFFERENTIATION,3,False
GO_BP,GOBP_REGULATION_OF_PLASMA_LIPOPROTEIN_PARTICLE_LEVELS,59,True
GO_BP,GOBP_REGULATION_OF_PLASMA_MEMBRANE_ORGANIZATION,17,True
GO_BP,GOBP_REGULATION_OF_PLASMA_MEMBRANE_REPAIR,7,False
GO_BP,GOBP_REGULATION_OF_PLASMINOGEN_ACTIVATION,16,True
GO_BP,GOBP_REGULATION_OF_PLATELET_ACTIVATION,38,True
GO_BP,GOBP_REGULATION_OF_PLATELET_AGGREGATION,23,True
GO_BP,GOBP_REGULATION_OF_PLATELET_DERIVED_GROWTH_FACTOR_RECEPTOR_ALPHA_SIGNALING_PATHWAY,4,False
GO_BP,GOBP_REGULATION_OF_PLATELET_DERIVED_GROWTH_FACTOR_RECEPTOR_BETA_SIGNALING_PATHWAY,7,False
GO_BP,GOBP_REGULATION_OF_PLATELET_DERIVED_GROWTH_FACTOR_RECEPTOR_SIGNALING_PATHWAY,22,True
GO_BP,GOBP_REGULATION_OF_PODOSOME_ASSEMBLY,7,False
GO_BP,GOBP_REGULATION_OF_POLYAMINE_TRANSMEMBRANE_TRANSPORT,5,False
GO_BP,GOBP_REGULATION_OF_POLYSACCHARIDE_BIOSYNTHETIC_PROCESS,32,True
GO_BP,GOBP_REGULATION_OF_POLYSACCHARIDE_METABOLIC_PROCESS,38,True
GO_BP,GOBP_REGULATION_OF_POSITIVE_CHEMOTAXIS,23,True
GO_BP,GOBP_REGULATION_OF_POSTSYNAPSE_ASSEMBLY,40,True
GO_BP,GOBP_REGULATION_OF_POSTSYNAPSE_ORGANIZATION,125,True
GO_BP,GOBP_REGULATION_OF_POSTSYNAPTIC_CYTOSOLIC_CALCIUM_ION_CONCENTRATION,4,False
GO_BP,GOBP_REGULATION_OF_POSTSYNAPTIC_DENSITY_ASSEMBLY,11,False
GO_BP,GOBP_REGULATION_OF_POSTSYNAPTIC_DENSITY_ORGANIZATION,15,True
GO_BP,GOBP_REGULATION_OF_POSTSYNAPTIC_MEMBRANE_NEUROTRANSMITTER_RECEPTOR_LEVELS,102,True
GO_BP,GOBP_REGULATION_OF_POSTSYNAPTIC_MEMBRANE_ORGANIZATION,4,False
GO_BP,GOBP_REGULATION_OF_POSTSYNAPTIC_MEMBRANE_POTENTIAL,98,True
GO_BP,GOBP_REGULATION_OF_POSTSYNAPTIC_NEUROTRANSMITTER_RECEPTOR_INTERNALIZATION,25,True
GO_BP,GOBP_REGULATION_OF_POSTSYNAPTIC_SPECIALIZATION_ASSEMBLY,15,True
GO_BP,GOBP_REGULATION_OF_POST_TRANSLATIONAL_PROTEIN_MODIFICATION,238,True
GO_BP,GOBP_REGULATION_OF_POTASSIUM_ION_EXPORT_ACROSS_PLASMA_MEMBRANE,10,False
GO_BP,GOBP_REGULATION_OF_POTASSIUM_ION_IMPORT,5,False
GO_BP,GOBP_REGULATION_OF_POTASSIUM_ION_TRANSMEMBRANE_TRANSPORT,49,True
GO_BP,GOBP_REGULATION_OF_POTASSIUM_ION_TRANSPORT,60,True
GO_BP,GOBP_REGULATION_OF_PRESYNAPSE_ORGANIZATION,21,True
GO_BP,GOBP_REGULATION_OF_PRESYNAPTIC_CYTOSOLIC_CALCIUM_ION_CONCENTRATION,11,False
GO_BP,GOBP_REGULATION_OF_PRESYNAPTIC_MEMBRANE_POTENTIAL,18,True
GO_BP,GOBP_REGULATION_OF_PRE_MIRNA_PROCESSING,3,False
GO_BP,GOBP_REGULATION_OF_PRIMARY_MIRNA_PROCESSING,4,False
GO_BP,GOBP_REGULATION_OF_PRODUCTION_OF_MOLECULAR_MEDIATOR_OF_IMMUNE_RESPONSE,138,True
GO_BP,GOBP_REGULATION_OF_PROGRAMMED_CELL_DEATH,1288,False
GO_BP,GOBP_REGULATION_OF_PROGRAMMED_NECROTIC_CELL_DEATH,34,True
GO_BP,GOBP_REGULATION_OF_PROSTAGLANDIN_SECRETION,10,False
GO_BP,GOBP_REGULATION_OF_PROSTATIC_BUD_FORMATION,5,False
GO_BP,GOBP_REGULATION_OF_PROTEASOMAL_UBIQUITIN_DEPENDENT_PROTEIN_CATABOLIC_PROCESS,145,True
GO_BP,GOBP_REGULATION_OF_PROTEIN_ACETYLATION,8,False
GO_BP,GOBP_REGULATION_OF_PROTEIN_ADP_RIBOSYLATION,5,False
GO_BP,GOBP_REGULATION_OF_PROTEIN_AUTOPHOSPHORYLATION,9,False
GO_BP,GOBP_REGULATION_OF_PROTEIN_AUTOUBIQUITINATION,6,False
GO_BP,GOBP_REGULATION_OF_PROTEIN_BINDING,36,True
GO_BP,GOBP_REGULATION_OF_PROTEIN_CATABOLIC_PROCESS,389,True
GO_BP,GOBP_REGULATION_OF_PROTEIN_CATABOLIC_PROCESS_IN_THE_VACUOLE,13,False
GO_BP,GOBP_REGULATION_OF_PROTEIN_COMPLEX_STABILITY,19,True
GO_BP,GOBP_REGULATION_OF_PROTEIN_CONTAINING_COMPLEX_ASSEMBLY,402,True
GO_BP,GOBP_REGULATION_OF_PROTEIN_CONTAINING_COMPLEX_DISASSEMBLY,129,True
GO_BP,GOBP_REGULATION_OF_PROTEIN_DEACETYLATION,19,True
GO_BP,GOBP_REGULATION_OF_PROTEIN_DEPOLYMERIZATION,91,True
GO_BP,GOBP_REGULATION_OF_PROTEIN_DEUBIQUITINATION,11,False
GO_BP,GOBP_REGULATION_OF_PROTEIN_EXIT_FROM_ENDOPLASMIC_RETICULUM,30,True
GO_BP,GOBP_REGULATION_OF_PROTEIN_EXPORT_FROM_NUCLEUS,34,True
GO_BP,GOBP_REGULATION_OF_PROTEIN_FOLDING,12,False
GO_BP,GOBP_REGULATION_OF_PROTEIN_IMPORT_INTO_NUCLEUS,58,True
GO_BP,GOBP_REGULATION_OF_PROTEIN_K48_LINKED_UBIQUITINATION,7,False
GO_BP,GOBP_REGULATION_OF_PROTEIN_K63_LINKED_UBIQUITINATION,13,False
GO_BP,GOBP_REGULATION_OF_PROTEIN_KINASE_C_SIGNALING,5,False
GO_BP,GOBP_REGULATION_OF_PROTEIN_LIPIDATION,10,False
GO_BP,GOBP_REGULATION_OF_PROTEIN_LOCALIZATION,795,False
GO_BP,GOBP_REGULATION_OF_PROTEIN_LOCALIZATION_TO_CELL_CELL_JUNCTION,5,False
GO_BP,GOBP_REGULATION_OF_PROTEIN_LOCALIZATION_TO_CELL_CORTEX,8,False
GO_BP,GOBP_REGULATION_OF_PROTEIN_LOCALIZATION_TO_CELL_PERIPHERY,132,True
GO_BP,GOBP_REGULATION_OF_PROTEIN_LOCALIZATION_TO_CELL_SURFACE,33,True
GO_BP,GOBP_REGULATION_OF_PROTEIN_LOCALIZATION_TO_CENTROSOME,13,False
GO_BP,GOBP_REGULATION_OF_PROTEIN_LOCALIZATION_TO_CHROMATIN,14,False
GO_BP,GOBP_REGULATION_OF_PROTEIN_LOCALIZATION_TO_CILIUM,11,False
GO_BP,GOBP_REGULATION_OF_PROTEIN_LOCALIZATION_TO_ENDOPLASMIC_RETICULUM,5,False
GO_BP,GOBP_REGULATION_OF_PROTEIN_LOCALIZATION_TO_ENDOSOME,12,False
GO_BP,GOBP_REGULATION_OF_PROTEIN_LOCALIZATION_TO_LYSOSOME,5,False
GO_BP,GOBP_REGULATION_OF_PROTEIN_LOCALIZATION_TO_MEMBRANE,150,True
GO_BP,GOBP_REGULATION_OF_PROTEIN_LOCALIZATION_TO_NUCLEOLUS,11,False
GO_BP,GOBP_REGULATION_OF_PROTEIN_LOCALIZATION_TO_NUCLEUS,138,True
GO_BP,GOBP_REGULATION_OF_PROTEIN_LOCALIZATION_TO_PLASMA_MEMBRANE,98,True
GO_BP,GOBP_REGULATION_OF_PROTEIN_LOCALIZATION_TO_SYNAPSE,28,True
GO_BP,GOBP_REGULATION_OF_PROTEIN_MATURATION,47,True
GO_BP,GOBP_REGULATION_OF_PROTEIN_METABOLIC_PROCESS,1398,False
GO_BP,GOBP_REGULATION_OF_PROTEIN_MODIFICATION_PROCESS,594,False
GO_BP,GOBP_REGULATION_OF_PROTEIN_MONOUBIQUITINATION,6,False
GO_BP,GOBP_REGULATION_OF_PROTEIN_NEDDYLATION,17,True
GO_BP,GOBP_REGULATION_OF_PROTEIN_OLIGOMERIZATION,8,False
GO_BP,GOBP_REGULATION_OF_PROTEIN_POLYMERIZATION,192,True
GO_BP,GOBP_REGULATION_OF_PROTEIN_POLYUBIQUITINATION,28,True
GO_BP,GOBP_REGULATION_OF_PROTEIN_SECRETION,204,True
GO_BP,GOBP_REGULATION_OF_PROTEIN_SERINE_THREONINE_KINASE_ACTIVITY,109,True
GO_BP,GOBP_REGULATION_OF_PROTEIN_STABILITY,366,True
GO_BP,GOBP_REGULATION_OF_PROTEIN_SUMOYLATION,20,True
GO_BP,GOBP_REGULATION_OF_PROTEIN_TARGETING,81,True
GO_BP,GOBP_REGULATION_OF_PROTEIN_TARGETING_TO_MEMBRANE,32,True
GO_BP,GOBP_REGULATION_OF_PROTEIN_TRANSPORT,370,True
GO_BP,GOBP_REGULATION_OF_PROTEIN_TYROSINE_KINASE_ACTIVITY,21,True
GO_BP,GOBP_REGULATION_OF_PROTEIN_UBIQUITINATION,190,True
GO_BP,GOBP_REGULATION_OF_PROTEOLYSIS,379,True
GO_BP,GOBP_REGULATION_OF_PROTEOLYSIS_INVOLVED_IN_PROTEIN_CATABOLIC_PROCESS,270,True
GO_BP,GOBP_REGULATION_OF_PROTON_TRANSPORT,3,False
GO_BP,GOBP_REGULATION_OF_PRO_B_CELL_DIFFERENTIATION,7,False
GO_BP,GOBP_REGULATION_OF_RAB_PROTEIN_SIGNAL_TRANSDUCTION,7,False
GO_BP,GOBP_REGULATION_OF_RAC_PROTEIN_SIGNAL_TRANSDUCTION,33,True
GO_BP,GOBP_REGULATION_OF_RAS_PROTEIN_SIGNAL_TRANSDUCTION,50,True
GO_BP,GOBP_REGULATION_OF_REACTIVE_OXYGEN_SPECIES_BIOSYNTHETIC_PROCESS,38,True
GO_BP,GOBP_REGULATION_OF_REACTIVE_OXYGEN_SPECIES_METABOLIC_PROCESS,124,True
GO_BP,GOBP_REGULATION_OF_RECEPTOR_BINDING,6,False
GO_BP,GOBP_REGULATION_OF_RECEPTOR_CATABOLIC_PROCESS,13,False
GO_BP,GOBP_REGULATION_OF_RECEPTOR_CLUSTERING,17,True
GO_BP,GOBP_REGULATION_OF_RECEPTOR_INTERNALIZATION,69,True
GO_BP,GOBP_REGULATION_OF_RECEPTOR_LOCALIZATION_TO_SYNAPSE,27,True
GO_BP,GOBP_REGULATION_OF_RECEPTOR_MEDIATED_ENDOCYTOSIS,106,True
GO_BP,GOBP_REGULATION_OF_RECEPTOR_RECYCLING,24,True
GO_BP,GOBP_REGULATION_OF_RECEPTOR_SIGNALING_PATHWAY_VIA_JAK_STAT,58,True
GO_BP,GOBP_REGULATION_OF_RECEPTOR_SIGNALING_PATHWAY_VIA_STAT,67,True
GO_BP,GOBP_REGULATION_OF_REGULATED_SECRETORY_PATHWAY,98,True
GO_BP,GOBP_REGULATION_OF_REGULATORY_NCRNA_PROCESSING,12,False
GO_BP,GOBP_REGULATION_OF_RELAXATION_OF_CARDIAC_MUSCLE,5,False
GO_BP,GOBP_REGULATION_OF_RELAXATION_OF_MUSCLE,9,False
GO_BP,GOBP_REGULATION_OF_RELAXATION_OF_SMOOTH_MUSCLE,3,False
GO_BP,GOBP_REGULATION_OF_RELEASE_OF_CYTOCHROME_C_FROM_MITOCHONDRIA,41,True
GO_BP,GOBP_REGULATION_OF_RELEASE_OF_SEQUESTERED_CALCIUM_ION_INTO_CYTOSOL,57,True
GO_BP,GOBP_REGULATION_OF_RELEASE_OF_SEQUESTERED_CALCIUM_ION_INTO_CYTOSOL_BY_SARCOPLASMIC_RETICULUM,27,True
GO_BP,GOBP_REGULATION_OF_REMOVAL_OF_SUPEROXIDE_RADICALS,7,False
GO_BP,GOBP_REGULATION_OF_RENAL_SODIUM_EXCRETION,5,False
GO_BP,GOBP_REGULATION_OF_RENAL_SYSTEM_PROCESS,16,True
GO_BP,GOBP_REGULATION_OF_REPRODUCTIVE_PROCESS,131,True
GO_BP,GOBP_REGULATION_OF_RESPIRATORY_BURST,10,False
GO_BP,GOBP_REGULATION_OF_RESPIRATORY_BURST_INVOLVED_IN_INFLAMMATORY_RESPONSE,3,False
GO_BP,GOBP_REGULATION_OF_RESPIRATORY_GASEOUS_EXCHANGE,17,True
GO_BP,GOBP_REGULATION_OF_RESPIRATORY_GASEOUS_EXCHANGE_BY_NERVOUS_SYSTEM_PROCESS,10,False
GO_BP,GOBP_REGULATION_OF_RESPIRATORY_SYSTEM_PROCESS,13,False
GO_BP,GOBP_REGULATION_OF_RESPONSE_TO_BIOTIC_STIMULUS,500,True
GO_BP,GOBP_REGULATION_OF_RESPONSE_TO_CYTOKINE_STIMULUS,180,True
GO_BP,GOBP_REGULATION_OF_RESPONSE_TO_DRUG,3,False
GO_BP,GOBP_REGULATION_OF_RESPONSE_TO_ENDOPLASMIC_RETICULUM_STRESS,102,True
GO_BP,GOBP_REGULATION_OF_RESPONSE_TO_EXTERNAL_STIMULUS,908,False
GO_BP,GOBP_REGULATION_OF_RESPONSE_TO_FOOD,13,False
GO_BP,GOBP_REGULATION_OF_RESPONSE_TO_MACROPHAGE_COLONY_STIMULATING_FACTOR,4,False
GO_BP,GOBP_REGULATION_OF_RESPONSE_TO_NUTRIENT_LEVELS,31,True
GO_BP,GOBP_REGULATION_OF_RESPONSE_TO_OSMOTIC_STRESS,13,False
GO_BP,GOBP_REGULATION_OF_RESPONSE_TO_OXIDATIVE_STRESS,32,True
GO_BP,GOBP_REGULATION_OF_RESPONSE_TO_REACTIVE_OXYGEN_SPECIES,10,False
GO_BP,GOBP_REGULATION_OF_RESPONSE_TO_STRESS,1283,False
GO_BP,GOBP_REGULATION_OF_RESPONSE_TO_TUMOR_CELL,27,True
GO_BP,GOBP_REGULATION_OF_RESPONSE_TO_TYPE_II_INTERFERON,13,False
GO_BP,GOBP_REGULATION_OF_RESPONSE_TO_WOUNDING,134,True
GO_BP,GOBP_REGULATION_OF_RESTING_MEMBRANE_POTENTIAL,9,False
GO_BP,GOBP_REGULATION_OF_RETINOIC_ACID_RECEPTOR_SIGNALING_PATHWAY,15,True
GO_BP,GOBP_REGULATION_OF_RETROGRADE_PROTEIN_TRANSPORT_ER_TO_CYTOSOL,12,False
GO_BP,GOBP_REGULATION_OF_RETROGRADE_TRANSPORT_ENDOSOME_TO_GOLGI,9,False
GO_BP,GOBP_REGULATION_OF_REVERSE_CHOLESTEROL_TRANSPORT,2,False
GO_BP,GOBP_REGULATION_OF_RHO_PROTEIN_SIGNAL_TRANSDUCTION,83,True
GO_BP,GOBP_REGULATION_OF_RIBOSOME_BIOGENESIS,7,False
GO_BP,GOBP_REGULATION_OF_RIG_I_SIGNALING_PATHWAY,19,True
GO_BP,GOBP_REGULATION_OF_RNA_POLYMERASE_II_TRANSCRIPTION_PREINITIATION_COMPLEX_ASSEMBLY,8,False
GO_BP,GOBP_REGULATION_OF_RNA_SPLICING,185,True
GO_BP,GOBP_REGULATION_OF_RRNA_PROCESSING,18,True
GO_BP,GOBP_REGULATION_OF_RUFFLE_ASSEMBLY,29,True
GO_BP,GOBP_REGULATION_OF_RYANODINE_SENSITIVE_CALCIUM_RELEASE_CHANNEL_ACTIVITY,5,False
GO_BP,GOBP_REGULATION_OF_SALIVA_SECRETION,3,False
GO_BP,GOBP_REGULATION_OF_SARCOMERE_ORGANIZATION,6,False
GO_BP,GOBP_REGULATION_OF_SA_NODE_CELL_ACTION_POTENTIAL,4,False
GO_BP,GOBP_REGULATION_OF_SCF_DEPENDENT_PROTEASOMAL_UBIQUITIN_DEPENDENT_PROTEIN_CATABOLIC_PROCESS,4,False
GO_BP,GOBP_REGULATION_OF_SECONDARY_HEART_FIELD_CARDIOBLAST_PROLIFERATION,5,False
GO_BP,GOBP_REGULATION_OF_SECONDARY_METABOLIC_PROCESS,15,True
GO_BP,GOBP_REGULATION_OF_SECRETION,463,True
GO_BP,GOBP_REGULATION_OF_SENSORY_PERCEPTION,10,False
GO_BP,GOBP_REGULATION_OF_SEROTONIN_SECRETION,1,False
GO_BP,GOBP_REGULATION_OF_SHORT_TERM_NEURONAL_SYNAPTIC_PLASTICITY,10,False
GO_BP,GOBP_REGULATION_OF_SIGNALING_RECEPTOR_ACTIVITY,46,True
GO_BP,GOBP_REGULATION_OF_SIGNAL_TRANSDUCTION_BY_P53_CLASS_MEDIATOR,119,True
GO_BP,GOBP_REGULATION_OF_SISTER_CHROMATID_COHESION,18,True
GO_BP,GOBP_REGULATION_OF_SISTER_CHROMATID_SEGREGATION,109,True
GO_BP,GOBP_REGULATION_OF_SKELETAL_MUSCLE_ACETYLCHOLINE_GATED_CHANNEL_CLUSTERING,9,False
GO_BP,GOBP_REGULATION_OF_SKELETAL_MUSCLE_ADAPTATION,9,False
GO_BP,GOBP_REGULATION_OF_SKELETAL_MUSCLE_CELL_DIFFERENTIATION,21,True
GO_BP,GOBP_REGULATION_OF_SKELETAL_MUSCLE_CELL_PROLIFERATION,14,False
GO_BP,GOBP_REGULATION_OF_SKELETAL_MUSCLE_CONTRACTION,13,False
GO_BP,GOBP_REGULATION_OF_SKELETAL_MUSCLE_CONTRACTION_BY_CALCIUM_ION_SIGNALING,7,False
GO_BP,GOBP_REGULATION_OF_SKELETAL_MUSCLE_CONTRACTION_BY_REGULATION_OF_RELEASE_OF_SEQUESTERED_CALCIUM_ION,4,False
GO_BP,GOBP_REGULATION_OF_SKELETAL_MUSCLE_FIBER_DEVELOPMENT,6,False
GO_BP,GOBP_REGULATION_OF_SKELETAL_MUSCLE_TISSUE_DEVELOPMENT,17,True
GO_BP,GOBP_REGULATION_OF_SKELETAL_MUSCLE_TISSUE_GROWTH,7,False
GO_BP,GOBP_REGULATION_OF_SKELETAL_MUSCLE_TISSUE_REGENERATION,5,False
GO_BP,GOBP_REGULATION_OF_SMAD_PROTEIN_SIGNAL_TRANSDUCTION,64,True
GO_BP,GOBP_REGULATION_OF_SMALL_GTPASE_MEDIATED_SIGNAL_TRANSDUCTION,304,True
GO_BP,GOBP_REGULATION_OF_SMALL_MOLECULE_METABOLIC_PROCESS,278,True
GO_BP,GOBP_REGULATION_OF_SMOOTHENED_SIGNALING_PATHWAY,86,True
GO_BP,GOBP_REGULATION_OF_SMOOTH_MUSCLE_CELL_CHEMOTAXIS,6,False
GO_BP,GOBP_REGULATION_OF_SMOOTH_MUSCLE_CELL_DIFFERENTIATION,33,True
GO_BP,GOBP_REGULATION_OF_SMOOTH_MUSCLE_CONTRACTION,40,True
GO_BP,GOBP_REGULATION_OF_SNARE_COMPLEX_ASSEMBLY,16,True
GO_BP,GOBP_REGULATION_OF_SNRNA_TRANSCRIPTION_BY_RNA_POLYMERASE_II,10,False
GO_BP,GOBP_REGULATION_OF_SODIUM_DEPENDENT_PHOSPHATE_TRANSPORT,3,False
GO_BP,GOBP_REGULATION_OF_SODIUM_ION_EXPORT_ACROSS_PLASMA_MEMBRANE,6,False
GO_BP,GOBP_REGULATION_OF_SODIUM_ION_IMPORT_ACROSS_PLASMA_MEMBRANE,3,False
GO_BP,GOBP_REGULATION_OF_SODIUM_ION_TRANSMEMBRANE_TRANSPORT,32,True
GO_BP,GOBP_REGULATION_OF_SODIUM_ION_TRANSMEMBRANE_TRANSPORTER_ACTIVITY,7,False
GO_BP,GOBP_REGULATION_OF_SODIUM_ION_TRANSPORT,58,True
GO_BP,GOBP_REGULATION_OF_SOMATIC_STEM_CELL_POPULATION_MAINTENANCE,7,False
GO_BP,GOBP_REGULATION_OF_SOMITOGENESIS,6,False
GO_BP,GOBP_REGULATION_OF_SPERM_CAPACITATION,0,False
GO_BP,GOBP_REGULATION_OF_SPHINGOLIPID_BIOSYNTHETIC_PROCESS,13,False
GO_BP,GOBP_REGULATION_OF_SPINDLE_ASSEMBLY,37,True
GO_BP,GOBP_REGULATION_OF_SPINDLE_CHECKPOINT,28,True
GO_BP,GOBP_REGULATION_OF_SPINDLE_ORGANIZATION,51,True
GO_BP,GOBP_REGULATION_OF_SPONTANEOUS_SYNAPTIC_TRANSMISSION,7,False
GO_BP,GOBP_REGULATION_OF_SPROUTING_ANGIOGENESIS,40,True
GO_BP,GOBP_REGULATION_OF_SREBP_SIGNALING_PATHWAY,8,False
GO_BP,GOBP_REGULATION_OF_STEM_CELL_DIFFERENTIATION,74,True
GO_BP,GOBP_REGULATION_OF_STEM_CELL_DIVISION,9,False
GO_BP,GOBP_REGULATION_OF_STEM_CELL_POPULATION_MAINTENANCE,77,True
GO_BP,GOBP_REGULATION_OF_STEM_CELL_PROLIFERATION,30,True
GO_BP,GOBP_REGULATION_OF_STEROID_BIOSYNTHETIC_PROCESS,64,True
GO_BP,GOBP_REGULATION_OF_STEROID_HORMONE_BIOSYNTHETIC_PROCESS,13,False
GO_BP,GOBP_REGULATION_OF_STEROID_HORMONE_SECRETION,16,True
GO_BP,GOBP_REGULATION_OF_STEROID_METABOLIC_PROCESS,83,True
GO_BP,GOBP_REGULATION_OF_STEROL_TRANSPORT,47,True
GO_BP,GOBP_REGULATION_OF_STORE_OPERATED_CALCIUM_CHANNEL_ACTIVITY,6,False
GO_BP,GOBP_REGULATION_OF_STORE_OPERATED_CALCIUM_ENTRY,12,False
GO_BP,GOBP_REGULATION_OF_STRESS_ACTIVATED_PROTEIN_KINASE_SIGNALING_CASCADE,40,True
GO_BP,GOBP_REGULATION_OF_STRESS_GRANULE_ASSEMBLY,9,False
GO_BP,GOBP_REGULATION_OF_STRIATED_MUSCLE_CELL_DIFFERENTIATION,72,True
GO_BP,GOBP_REGULATION_OF_STRIATED_MUSCLE_CONTRACTION,76,True
GO_BP,GOBP_REGULATION_OF_SUBSTRATE_ADHESION_DEPENDENT_CELL_SPREADING,55,True
GO_BP,GOBP_REGULATION_OF_SULFUR_METABOLIC_PROCESS,14,False
GO_BP,GOBP_REGULATION_OF_SUPEROXIDE_ANION_GENERATION,20,True
GO_BP,GOBP_REGULATION_OF_SUPEROXIDE_METABOLIC_PROCESS,29,True
GO_BP,GOBP_REGULATION_OF_SUPRAMOLECULAR_FIBER_ORGANIZATION,371,True
GO_BP,GOBP_REGULATION_OF_SYNAPSE_ASSEMBLY,154,True
GO_BP,GOBP_REGULATION_OF_SYNAPSE_MATURATION,22,True
GO_BP,GOBP_REGULATION_OF_SYNAPSE_PRUNING,7,False
GO_BP,GOBP_REGULATION_OF_SYNAPSE_STRUCTURAL_PLASTICITY,4,False
GO_BP,GOBP_REGULATION_OF_SYNAPSE_STRUCTURE_OR_ACTIVITY,279,True
GO_BP,GOBP_REGULATION_OF_SYNAPTIC_ASSEMBLY_AT_NEUROMUSCULAR_JUNCTION,10,False
GO_BP,GOBP_REGULATION_OF_SYNAPTIC_PLASTICITY,174,True
GO_BP,GOBP_REGULATION_OF_SYNAPTIC_TRANSMISSION_CHOLINERGIC,8,False
GO_BP,GOBP_REGULATION_OF_SYNAPTIC_TRANSMISSION_DOPAMINERGIC,9,False
GO_BP,GOBP_REGULATION_OF_SYNAPTIC_TRANSMISSION_GABAERGIC,26,True
GO_BP,GOBP_REGULATION_OF_SYNAPTIC_TRANSMISSION_GLUTAMATERGIC,49,True
GO_BP,GOBP_REGULATION_OF_SYNAPTIC_VESICLE_CLUSTERING,5,False
GO_BP,GOBP_REGULATION_OF_SYNAPTIC_VESICLE_CYCLE,15,True
GO_BP,GOBP_REGULATION_OF_SYNAPTIC_VESICLE_ENDOCYTOSIS,20,True
GO_BP,GOBP_REGULATION_OF_SYNAPTIC_VESICLE_EXOCYTOSIS,40,True
GO_BP,GOBP_REGULATION_OF_SYNAPTIC_VESICLE_MEMBRANE_ORGANIZATION,14,False
GO_BP,GOBP_REGULATION_OF_SYNAPTIC_VESICLE_PRIMING,10,False
GO_BP,GOBP_REGULATION_OF_SYNAPTIC_VESICLE_RECYCLING,24,True
GO_BP,GOBP_REGULATION_OF_SYNAPTIC_VESICLE_TRANSPORT,5,False
GO_BP,GOBP_REGULATION_OF_SYNCYTIUM_FORMATION_BY_PLASMA_MEMBRANE_FUSION,58,True
GO_BP,GOBP_REGULATION_OF_SYSTEMIC_ARTERIAL_BLOOD_PRESSURE,61,True
GO_BP,GOBP_REGULATION_OF_SYSTEMIC_ARTERIAL_BLOOD_PRESSURE_BY_CIRCULATORY_RENIN_ANGIOTENSIN,14,False
GO_BP,GOBP_REGULATION_OF_SYSTEMIC_ARTERIAL_BLOOD_PRESSURE_BY_ENDOTHELIN,3,False
GO_BP,GOBP_REGULATION_OF_SYSTEMIC_ARTERIAL_BLOOD_PRESSURE_BY_NOREPINEPHRINE_EPINEPHRINE,3,False
GO_BP,GOBP_REGULATION_OF_SYSTEMIC_ARTERIAL_BLOOD_PRESSURE_BY_RENIN_ANGIOTENSIN,21,True
GO_BP,GOBP_REGULATION_OF_SYSTEMIC_ARTERIAL_BLOOD_PRESSURE_BY_VASOPRESSIN,1,False
GO_BP,GOBP_REGULATION_OF_SYSTEMIC_ARTERIAL_BLOOD_PRESSURE_MEDIATED_BY_A_CHEMICAL_SIGNAL,32,True
GO_BP,GOBP_REGULATION_OF_SYSTEM_PROCESS,415,True
GO_BP,GOBP_REGULATION_OF_TELOMERASE_RNA_LOCALIZATION_TO_CAJAL_BODY,12,False
GO_BP,GOBP_REGULATION_OF_TELOMERE_CAPPING,14,False
GO_BP,GOBP_REGULATION_OF_TELOMERE_MAINTENANCE,113,True
GO_BP,GOBP_REGULATION_OF_TELOMERE_MAINTENANCE_IN_RESPONSE_TO_DNA_DAMAGE,20,True
GO_BP,GOBP_REGULATION_OF_TELOMERE_MAINTENANCE_VIA_TELOMERASE,46,True
GO_BP,GOBP_REGULATION_OF_TELOMERE_MAINTENANCE_VIA_TELOMERE_LENGTHENING,56,True
GO_BP,GOBP_REGULATION_OF_TERMINATION_OF_DNA_TEMPLATED_TRANSCRIPTION,10,False
GO_BP,GOBP_REGULATION_OF_TERMINATION_OF_RNA_POLYMERASE_II_TRANSCRIPTION_POLY_A_COUPLED,8,False
GO_BP,GOBP_REGULATION_OF_TESTOSTERONE_BIOSYNTHETIC_PROCESS,6,False
GO_BP,GOBP_REGULATION_OF_TETRAPYRROLE_METABOLIC_PROCESS,5,False
GO_BP,GOBP_REGULATION_OF_THE_FORCE_OF_HEART_CONTRACTION,14,False
GO_BP,GOBP_REGULATION_OF_THE_FORCE_OF_HEART_CONTRACTION_BY_CHEMICAL_SIGNAL,3,False
GO_BP,GOBP_REGULATION_OF_THYMOCYTE_APOPTOTIC_PROCESS,10,False
GO_BP,GOBP_REGULATION_OF_THYROID_HORMONE_GENERATION,4,False
GO_BP,GOBP_REGULATION_OF_TIGHT_JUNCTION_DISASSEMBLY,3,False
GO_BP,GOBP_REGULATION_OF_TISSUE_REMODELING,60,True
GO_BP,GOBP_REGULATION_OF_TOLERANCE_INDUCTION,16,True
GO_BP,GOBP_REGULATION_OF_TOLL_LIKE_RECEPTOR_2_SIGNALING_PATHWAY,10,False
GO_BP,GOBP_REGULATION_OF_TOLL_LIKE_RECEPTOR_3_SIGNALING_PATHWAY,10,False
GO_BP,GOBP_REGULATION_OF_TOLL_LIKE_RECEPTOR_4_SIGNALING_PATHWAY,26,True
GO_BP,GOBP_REGULATION_OF_TOLL_LIKE_RECEPTOR_7_SIGNALING_PATHWAY,3,False
GO_BP,GOBP_REGULATION_OF_TOLL_LIKE_RECEPTOR_9_SIGNALING_PATHWAY,11,False
GO_BP,GOBP_REGULATION_OF_TOLL_LIKE_RECEPTOR_SIGNALING_PATHWAY,29,True
GO_BP,GOBP_REGULATION_OF_TOLL_SIGNALING_PATHWAY,6,False
GO_BP,GOBP_REGULATION_OF_TOOTH_MINERALIZATION,4,False
GO_BP,GOBP_REGULATION_OF_TORC2_SIGNALING,11,False
GO_BP,GOBP_REGULATION_OF_TRANSCRIPTION_BY_GLUCOSE,8,False
GO_BP,GOBP_REGULATION_OF_TRANSCRIPTION_BY_RNA_POLYMERASE_I,47,True
GO_BP,GOBP_REGULATION_OF_TRANSCRIPTION_BY_RNA_POLYMERASE_III,33,True
GO_BP,GOBP_REGULATION_OF_TRANSCRIPTION_OF_NUCLEOLAR_LARGE_RRNA_BY_RNA_POLYMERASE_I,16,True
GO_BP,GOBP_REGULATION_OF_TRANSCRIPTION_REGULATORY_REGION_DNA_BINDING,13,False
GO_BP,GOBP_REGULATION_OF_TRANSFERASE_ACTIVITY,271,True
GO_BP,GOBP_REGULATION_OF_TRANSFORMING_GROWTH_FACTOR_BETA1_PRODUCTION,12,False
GO_BP,GOBP_REGULATION_OF_TRANSLATION,350,True
GO_BP,GOBP_REGULATION_OF_TRANSLATIONAL_ELONGATION,11,False
GO_BP,GOBP_REGULATION_OF_TRANSLATIONAL_FIDELITY,20,True
GO_BP,GOBP_REGULATION_OF_TRANSLATIONAL_INITIATION,88,True
GO_BP,GOBP_REGULATION_OF_TRANSLATIONAL_INITIATION_IN_RESPONSE_TO_STRESS,11,False
GO_BP,GOBP_REGULATION_OF_TRANSLATIONAL_TERMINATION,8,False
GO_BP,GOBP_REGULATION_OF_TRANSLATION_AT_SYNAPSE,9,False
GO_BP,GOBP_REGULATION_OF_TRANSLATION_IN_RESPONSE_TO_ENDOPLASMIC_RETICULUM_STRESS,10,False
GO_BP,GOBP_REGULATION_OF_TRANSLATION_IN_RESPONSE_TO_STRESS,20,True
GO_BP,GOBP_REGULATION_OF_TRANSMEMBRANE_RECEPTOR_PROTEIN_SERINE_THREONINE_KINASE_SIGNALING_PATHWAY,251,True
GO_BP,GOBP_REGULATION_OF_TRANSMEMBRANE_TRANSPORT,321,True
GO_BP,GOBP_REGULATION_OF_TRANSMEMBRANE_TRANSPORTER_ACTIVITY,75,True
GO_BP,GOBP_REGULATION_OF_TRANSMISSION_OF_NERVE_IMPULSE,11,False
GO_BP,GOBP_REGULATION_OF_TRANSPORT,1279,False
GO_BP,GOBP_REGULATION_OF_TRANS_SYNAPTIC_SIGNALING,406,True
GO_BP,GOBP_REGULATION_OF_TRIGLYCERIDE_BIOSYNTHETIC_PROCESS,16,True
GO_BP,GOBP_REGULATION_OF_TRIGLYCERIDE_CATABOLIC_PROCESS,11,False
GO_BP,GOBP_REGULATION_OF_TRIGLYCERIDE_METABOLIC_PROCESS,38,True
GO_BP,GOBP_REGULATION_OF_TRIGLYCERIDE_STORAGE,3,False
GO_BP,GOBP_REGULATION_OF_TRNA_METABOLIC_PROCESS,7,False
GO_BP,GOBP_REGULATION_OF_TROPHOBLAST_CELL_MIGRATION,13,False
GO_BP,GOBP_REGULATION_OF_TUBE_SIZE,113,True
GO_BP,GOBP_REGULATION_OF_TUBULIN_DEACETYLATION,16,True
GO_BP,GOBP_REGULATION_OF_TUMOR_NECROSIS_FACTOR_MEDIATED_SIGNALING_PATHWAY,71,True
GO_BP,GOBP_REGULATION_OF_TYPE_2_IMMUNE_RESPONSE,20,True
GO_BP,GOBP_REGULATION_OF_TYPE_2_MITOPHAGY,14,False
GO_BP,GOBP_REGULATION_OF_TYPE_B_PANCREATIC_CELL_DEVELOPMENT,8,False
GO_BP,GOBP_REGULATION_OF_TYPE_B_PANCREATIC_CELL_PROLIFERATION,9,False
GO_BP,GOBP_REGULATION_OF_TYPE_II_HYPERSENSITIVITY,2,False
GO_BP,GOBP_REGULATION_OF_TYPE_I_INTERFERON_MEDIATED_SIGNALING_PATHWAY,43,True
GO_BP,GOBP_REGULATION_OF_TYROSINE_PHOSPHORYLATION_OF_STAT_PROTEIN,24,True
GO_BP,GOBP_REGULATION_OF_T_CELL_ACTIVATION,306,True
GO_BP,GOBP_REGULATION_OF_T_CELL_ACTIVATION_VIA_T_CELL_RECEPTOR_CONTACT_WITH_ANTIGEN_BOUND_TO_MHC_MOLECULE_ON_ANTIGEN_PRESENTING_CELL,4,False
GO_BP,GOBP_REGULATION_OF_T_CELL_APOPTOTIC_PROCESS,27,True
GO_BP,GOBP_REGULATION_OF_T_CELL_CHEMOTAXIS,8,False
GO_BP,GOBP_REGULATION_OF_T_CELL_COSTIMULATION,3,False
GO_BP,GOBP_REGULATION_OF_T_CELL_DIFFERENTIATION_IN_THYMUS,20,True
GO_BP,GOBP_REGULATION_OF_T_CELL_EXTRAVASATION,5,False
GO_BP,GOBP_REGULATION_OF_T_CELL_MEDIATED_CYTOTOXICITY,49,True
GO_BP,GOBP_REGULATION_OF_T_CELL_MEDIATED_IMMUNITY,91,True
GO_BP,GOBP_REGULATION_OF_T_CELL_MIGRATION,36,True
GO_BP,GOBP_REGULATION_OF_T_CELL_RECEPTOR_SIGNALING_PATHWAY,44,True
GO_BP,GOBP_REGULATION_OF_T_CELL_TOLERANCE_INDUCTION,12,False
GO_BP,GOBP_REGULATION_OF_T_CIRCLE_FORMATION,7,False
GO_BP,GOBP_REGULATION_OF_T_HELPER_17_CELL_DIFFERENTIATION,24,True
GO_BP,GOBP_REGULATION_OF_T_HELPER_17_CELL_LINEAGE_COMMITMENT,14,False
GO_BP,GOBP_REGULATION_OF_T_HELPER_17_TYPE_IMMUNE_RESPONSE,30,True
GO_BP,GOBP_REGULATION_OF_T_HELPER_1_CELL_DIFFERENTIATION,6,False
GO_BP,GOBP_REGULATION_OF_T_HELPER_1_TYPE_IMMUNE_RESPONSE,22,True
GO_BP,GOBP_REGULATION_OF_T_HELPER_2_CELL_DIFFERENTIATION,7,False
GO_BP,GOBP_REGULATION_OF_T_HELPER_CELL_DIFFERENTIATION,38,True
GO_BP,GOBP_REGULATION_OF_UBIQUITIN_DEPENDENT_PROTEIN_CATABOLIC_PROCESS,183,True
GO_BP,GOBP_REGULATION_OF_UBIQUITIN_PROTEIN_LIGASE_ACTIVITY,10,False
GO_BP,GOBP_REGULATION_OF_UBIQUITIN_PROTEIN_TRANSFERASE_ACTIVITY,17,True
GO_BP,GOBP_REGULATION_OF_UNSATURATED_FATTY_ACID_BIOSYNTHETIC_PROCESS,8,False
GO_BP,GOBP_REGULATION_OF_URINE_VOLUME,17,True
GO_BP,GOBP_REGULATION_OF_VACUOLE_ORGANIZATION,64,True
GO_BP,GOBP_REGULATION_OF_VASCULAR_ASSOCIATED_SMOOTH_MUSCLE_CELL_DEDIFFERENTIATION,1,False
GO_BP,GOBP_REGULATION_OF_VASCULAR_ASSOCIATED_SMOOTH_MUSCLE_CELL_DIFFERENTIATION,13,False
GO_BP,GOBP_REGULATION_OF_VASCULAR_ASSOCIATED_SMOOTH_MUSCLE_CONTRACTION,8,False
GO_BP,GOBP_REGULATION_OF_VASCULAR_ENDOTHELIAL_GROWTH_FACTOR_RECEPTOR_SIGNALING_PATHWAY,29,True
GO_BP,GOBP_REGULATION_OF_VASCULAR_PERMEABILITY,41,True
GO_BP,GOBP_REGULATION_OF_VASCULAR_WOUND_HEALING,9,False
GO_BP,GOBP_REGULATION_OF_VASCULATURE_DEVELOPMENT,244,True
GO_BP,GOBP_REGULATION_OF_VASCULOGENESIS,17,True
GO_BP,GOBP_REGULATION_OF_VASOCONSTRICTION,42,True
GO_BP,GOBP_REGULATION_OF_VENTRICULAR_CARDIAC_MUSCLE_CELL_ACTION_POTENTIAL,9,False
GO_BP,GOBP_REGULATION_OF_VENTRICULAR_CARDIAC_MUSCLE_CELL_MEMBRANE_DEPOLARIZATION,4,False
GO_BP,GOBP_REGULATION_OF_VENTRICULAR_CARDIAC_MUSCLE_CELL_MEMBRANE_REPOLARIZATION,17,True
GO_BP,GOBP_REGULATION_OF_VERY_LOW_DENSITY_LIPOPROTEIN_PARTICLE_CLEARANCE,3,False
GO_BP,GOBP_REGULATION_OF_VERY_LOW_DENSITY_LIPOPROTEIN_PARTICLE_REMODELING,2,False
GO_BP,GOBP_REGULATION_OF_VESICLE_FUSION,24,True
GO_BP,GOBP_REGULATION_OF_VESICLE_MEDIATED_TRANSPORT,476,True
GO_BP,GOBP_REGULATION_OF_VESICLE_SIZE,18,True
GO_BP,GOBP_REGULATION_OF_VIRAL_ENTRY_INTO_HOST_CELL,15,True
GO_BP,GOBP_REGULATION_OF_VIRAL_GENOME_REPLICATION,67,True
GO_BP,GOBP_REGULATION_OF_VIRAL_LIFE_CYCLE,94,True
GO_BP,GOBP_REGULATION_OF_VIRAL_PROCESS,121,True
GO_BP,GOBP_REGULATION_OF_VIRAL_TRANSCRIPTION,23,True
GO_BP,GOBP_REGULATION_OF_VITAMIN_D_BIOSYNTHETIC_PROCESS,3,False
GO_BP,GOBP_REGULATION_OF_VITAMIN_D_RECEPTOR_SIGNALING_PATHWAY,15,True
GO_BP,GOBP_REGULATION_OF_VITAMIN_METABOLIC_PROCESS,7,False
GO_BP,GOBP_REGULATION_OF_VOLTAGE_GATED_CALCIUM_CHANNEL_ACTIVITY,10,False
GO_BP,GOBP_REGULATION_OF_WNT_PROTEIN_SECRETION,5,False
GO_BP,GOBP_REGULATION_OF_WNT_SIGNALING_PATHWAY,297,True
GO_BP,GOBP_REGULATION_OF_WNT_SIGNALING_PATHWAY_PLANAR_CELL_POLARITY_PATHWAY,14,False
GO_BP,GOBP_REGULATION_OF_WOUND_HEALING,101,True
GO_BP,GOBP_REGULATION_OF_WOUND_HEALING_SPREADING_OF_EPIDERMAL_CELLS,10,False
GO_BP,GOBP_REGULATION_OF_XENOPHAGY,12,False
GO_BP,GOBP_REGULATION_PROTEIN_CATABOLIC_PROCESS_AT_SYNAPSE,6,False
GO_BP,GOBP_REGULATORY_NCRNA_MEDIATED_GENE_SILENCING,124,True
GO_BP,GOBP_REGULATORY_NCRNA_MEDIATED_HETEROCHROMATIN_FORMATION,20,True
GO_BP,GOBP_REGULATORY_NCRNA_PROCESSING,62,True
GO_BP,GOBP_REGULATORY_T_CELL_DIFFERENTIATION,51,True
GO_BP,GOBP_RELAXATION_OF_CARDIAC_MUSCLE,16,True
GO_BP,GOBP_RELAXATION_OF_MUSCLE,27,True
GO_BP,GOBP_RELAXATION_OF_SMOOTH_MUSCLE,10,False
GO_BP,GOBP_RELAXATION_OF_VASCULAR_ASSOCIATED_SMOOTH_MUSCLE,6,False
GO_BP,GOBP_RELEASE_OF_CYTOCHROME_C_FROM_MITOCHONDRIA,53,True
GO_BP,GOBP_RELEASE_OF_SEQUESTERED_CALCIUM_ION_INTO_CYTOSOL_BY_ENDOPLASMIC_RETICULUM,31,True
GO_BP,GOBP_RENAL_ABSORPTION,29,True
GO_BP,GOBP_RENAL_ALBUMIN_ABSORPTION,5,False
GO_BP,GOBP_RENAL_CONTROL_OF_PERIPHERAL_VASCULAR_RESISTANCE_INVOLVED_IN_REGULATION_OF_SYSTEMIC_ARTERIAL_BLOOD_PRESSURE,5,False
GO_BP,GOBP_RENAL_FILTRATION,23,True
GO_BP,GOBP_RENAL_PROTEIN_ABSORPTION,7,False
GO_BP,GOBP_RENAL_RESPONSE_TO_BLOOD_FLOW_INVOLVED_IN_CIRCULATORY_RENIN_ANGIOTENSIN_REGULATION_OF_SYSTEMIC_ARTERIAL_BLOOD_PRESSURE,5,False
GO_BP,GOBP_RENAL_SODIUM_EXCRETION,10,False
GO_BP,GOBP_RENAL_SODIUM_ION_TRANSPORT,13,False
GO_BP,GOBP_RENAL_SYSTEM_DEVELOPMENT,281,True
GO_BP,GOBP_RENAL_SYSTEM_PROCESS,103,True
GO_BP,GOBP_RENAL_SYSTEM_PROCESS_INVOLVED_IN_REGULATION_OF_BLOOD_VOLUME,9,False
GO_BP,GOBP_RENAL_SYSTEM_PROCESS_INVOLVED_IN_REGULATION_OF_SYSTEMIC_ARTERIAL_BLOOD_PRESSURE,17,True
GO_BP,GOBP_RENAL_SYSTEM_VASCULATURE_DEVELOPMENT,26,True
GO_BP,GOBP_RENAL_SYSTEM_VASCULATURE_MORPHOGENESIS,7,False
GO_BP,GOBP_RENAL_TUBULAR_SECRETION,14,False
GO_BP,GOBP_RENAL_TUBULE_DEVELOPMENT,84,True
GO_BP,GOBP_RENAL_VESICLE_DEVELOPMENT,16,True
GO_BP,GOBP_RENAL_VESICLE_FORMATION,8,False
GO_BP,GOBP_RENAL_WATER_ABSORPTION,6,False
GO_BP,GOBP_RENAL_WATER_HOMEOSTASIS,31,True
GO_BP,GOBP_RENAL_WATER_TRANSPORT,8,False
GO_BP,GOBP_REPLACEMENT_OSSIFICATION,27,True
GO_BP,GOBP_REPLICATION_BORN_DOUBLE_STRAND_BREAK_REPAIR_VIA_SISTER_CHROMATID_EXCHANGE,5,False
GO_BP,GOBP_REPLICATION_FORK_REVERSAL,5,False
GO_BP,GOBP_REPLICATIVE_SENESCENCE,15,True
GO_BP,GOBP_REPRODUCTIVE_BEHAVIOR,30,True
GO_BP,GOBP_REPRODUCTIVE_PROCESS,1237,False
GO_BP,GOBP_REPRODUCTIVE_SYSTEM_DEVELOPMENT,237,True
GO_BP,GOBP_RESCUE_OF_STALLED_RIBOSOME,38,True
GO_BP,GOBP_RESOLUTION_OF_DNA_RECOMBINATION_INTERMEDIATES,9,False
GO_BP,GOBP_RESOLUTION_OF_MEIOTIC_RECOMBINATION_INTERMEDIATES,14,False
GO_BP,GOBP_RESOLUTION_OF_MITOTIC_RECOMBINATION_INTERMEDIATES,5,False
GO_BP,GOBP_RESPIRATORY_BURST,20,True
GO_BP,GOBP_RESPIRATORY_BURST_INVOLVED_IN_DEFENSE_RESPONSE,8,False
GO_BP,GOBP_RESPIRATORY_BURST_INVOLVED_IN_INFLAMMATORY_RESPONSE,5,False
GO_BP,GOBP_RESPIRATORY_CHAIN_COMPLEX_III_ASSEMBLY,14,False
GO_BP,GOBP_RESPIRATORY_CHAIN_COMPLEX_IV_ASSEMBLY,33,True
GO_BP,GOBP_RESPIRATORY_GASEOUS_EXCHANGE_BY_RESPIRATORY_SYSTEM,59,True
GO_BP,GOBP_RESPIRATORY_SYSTEM_DEVELOPMENT,196,True
GO_BP,GOBP_RESPIRATORY_SYSTEM_PROCESS,40,True
GO_BP,GOBP_RESPONSE_TO_2_3_7_8_TETRACHLORODIBENZODIOXINE,4,False
GO_BP,GOBP_RESPONSE_TO_ABIOTIC_STIMULUS,986,False
GO_BP,GOBP_RESPONSE_TO_ACETYLCHOLINE,31,True
GO_BP,GOBP_RESPONSE_TO_ACIDIC_PH,22,True
GO_BP,GOBP_RESPONSE_TO_ACID_CHEMICAL,112,True
GO_BP,GOBP_RESPONSE_TO_ACTIVITY,69,True
GO_BP,GOBP_RESPONSE_TO_ALCOHOL,209,True
GO_BP,GOBP_RESPONSE_TO_ALDOSTERONE,11,False
GO_BP,GOBP_RESPONSE_TO_ALKALOID,83,True
GO_BP,GOBP_RESPONSE_TO_AMINE,45,True
GO_BP,GOBP_RESPONSE_TO_AMINO_ACID_STARVATION,54,True
GO_BP,GOBP_RESPONSE_TO_AMMONIUM_ION,5,False
GO_BP,GOBP_RESPONSE_TO_AMPHETAMINE,29,True
GO_BP,GOBP_RESPONSE_TO_AMYLOID_BETA,40,True
GO_BP,GOBP_RESPONSE_TO_ANESTHETIC,5,False
GO_BP,GOBP_RESPONSE_TO_ANGIOTENSIN,35,True
GO_BP,GOBP_RESPONSE_TO_ANTIBIOTIC,34,True
GO_BP,GOBP_RESPONSE_TO_ARSENIC_CONTAINING_SUBSTANCE,30,True
GO_BP,GOBP_RESPONSE_TO_ATP,23,True
GO_BP,GOBP_RESPONSE_TO_AUDITORY_STIMULUS,21,True
GO_BP,GOBP_RESPONSE_TO_AXON_INJURY,67,True
GO_BP,GOBP_RESPONSE_TO_BACTERIAL_LIPOPROTEIN,8,False
GO_BP,GOBP_RESPONSE_TO_BACTERIUM,463,True
GO_BP,GOBP_RESPONSE_TO_BILE_ACID,5,False
GO_BP,GOBP_RESPONSE_TO_BISPHENOL_A,5,False
GO_BP,GOBP_RESPONSE_TO_BLEOMYCIN,5,False
GO_BP,GOBP_RESPONSE_TO_BLUE_LIGHT,5,False
GO_BP,GOBP_RESPONSE_TO_BMP,140,True
GO_BP,GOBP_RESPONSE_TO_CADMIUM_ION,34,True
GO_BP,GOBP_RESPONSE_TO_CAFFEINE,13,False
GO_BP,GOBP_RESPONSE_TO_CALCIUM_ION,109,True
GO_BP,GOBP_RESPONSE_TO_CALORIC_RESTRICTION,9,False
GO_BP,GOBP_RESPONSE_TO_CAMP,61,True
GO_BP,GOBP_RESPONSE_TO_CAMPTOTHECIN,5,False
GO_BP,GOBP_RESPONSE_TO_CARBOHYDRATE,183,True
GO_BP,GOBP_RESPONSE_TO_CELL_CYCLE_CHECKPOINT_SIGNALING,9,False
GO_BP,GOBP_RESPONSE_TO_CGMP,6,False
GO_BP,GOBP_RESPONSE_TO_CHEMOKINE,49,True
GO_BP,GOBP_RESPONSE_TO_CISPLATIN,7,False
GO_BP,GOBP_RESPONSE_TO_COBALT_ION,9,False
GO_BP,GOBP_RESPONSE_TO_COCAINE,46,True
GO_BP,GOBP_RESPONSE_TO_COLD,42,True
GO_BP,GOBP_RESPONSE_TO_COPPER_ION,28,True
GO_BP,GOBP_RESPONSE_TO_CORTICOSTEROID,115,True
GO_BP,GOBP_RESPONSE_TO_CORTICOSTERONE,8,False
GO_BP,GOBP_RESPONSE_TO_CORTICOTROPIN_RELEASING_HORMONE,3,False
GO_BP,GOBP_RESPONSE_TO_CORTISOL,7,False
GO_BP,GOBP_RESPONSE_TO_DEXAMETHASONE,34,True
GO_BP,GOBP_RESPONSE_TO_DIACYL_BACTERIAL_LIPOPEPTIDE,4,False
GO_BP,GOBP_RESPONSE_TO_DIETARY_EXCESS,26,True
GO_BP,GOBP_RESPONSE_TO_DISACCHARIDE,5,False
GO_BP,GOBP_RESPONSE_TO_DSRNA,39,True
GO_BP,GOBP_RESPONSE_TO_ELECTRICAL_STIMULUS,29,True
GO_BP,GOBP_RESPONSE_TO_ENDOGENOUS_STIMULUS,1273,False
GO_BP,GOBP_RESPONSE_TO_ENDOPLASMIC_RETICULUM_STRESS,275,True
GO_BP,GOBP_RESPONSE_TO_ENDOTHELIN,10,False
GO_BP,GOBP_RESPONSE_TO_EPIDERMAL_GROWTH_FACTOR,48,True
GO_BP,GOBP_RESPONSE_TO_EPINEPHRINE,12,False
GO_BP,GOBP_RESPONSE_TO_ERYTHROPOIETIN,9,False
GO_BP,GOBP_RESPONSE_TO_ESTRADIOL,89,True
GO_BP,GOBP_RESPONSE_TO_ESTROGEN,49,True
GO_BP,GOBP_RESPONSE_TO_ETHANOL,97,True
GO_BP,GOBP_RESPONSE_TO_ETHER,17,True
GO_BP,GOBP_RESPONSE_TO_FATTY_ACID,47,True
GO_BP,GOBP_RESPONSE_TO_FIBROBLAST_GROWTH_FACTOR,94,True
GO_BP,GOBP_RESPONSE_TO_FLUID_SHEAR_STRESS,59,True
GO_BP,GOBP_RESPONSE_TO_FOLIC_ACID,7,False
GO_BP,GOBP_RESPONSE_TO_FOLLICLE_STIMULATING_HORMONE,12,False
GO_BP,GOBP_RESPONSE_TO_FOOD,37,True
GO_BP,GOBP_RESPONSE_TO_FORSKOLIN,15,True
GO_BP,GOBP_RESPONSE_TO_FRUCTOSE,6,False
GO_BP,GOBP_RESPONSE_TO_FUNGICIDE,5,False
GO_BP,GOBP_RESPONSE_TO_FUNGUS,33,True
GO_BP,GOBP_RESPONSE_TO_GAMMA_RADIATION,50,True
GO_BP,GOBP_RESPONSE_TO_GENISTEIN,3,False
GO_BP,GOBP_RESPONSE_TO_GLUCAGON,26,True
GO_BP,GOBP_RESPONSE_TO_GLYCOPROTEIN,5,False
GO_BP,GOBP_RESPONSE_TO_GLYCOSIDE,5,False
GO_BP,GOBP_RESPONSE_TO_GONADOTROPIN,20,True
GO_BP,GOBP_RESPONSE_TO_GONADOTROPIN_RELEASING_HORMONE,5,False
GO_BP,GOBP_RESPONSE_TO_GRAM_POSITIVE_BACTERIUM,3,False
GO_BP,GOBP_RESPONSE_TO_GRANULOCYTE_MACROPHAGE_COLONY_STIMULATING_FACTOR,10,False
GO_BP,GOBP_RESPONSE_TO_GRAVITY,6,False
GO_BP,GOBP_RESPONSE_TO_GROWTH_FACTOR,635,False
GO_BP,GOBP_RESPONSE_TO_GROWTH_HORMONE,34,True
GO_BP,GOBP_RESPONSE_TO_HEAT,100,True
GO_BP,GOBP_RESPONSE_TO_HEPARIN,4,False
GO_BP,GOBP_RESPONSE_TO_HEPATOCYTE_GROWTH_FACTOR,17,True
GO_BP,GOBP_RESPONSE_TO_HERBICIDE,3,False
GO_BP,GOBP_RESPONSE_TO_HIGH_LIGHT_INTENSITY,5,False
GO_BP,GOBP_RESPONSE_TO_HISTAMINE,8,False
GO_BP,GOBP_RESPONSE_TO_HORMONE,757,False
GO_BP,GOBP_RESPONSE_TO_HYDROGEN_PEROXIDE,80,True
GO_BP,GOBP_RESPONSE_TO_HYDROGEN_SULFIDE,4,False
GO_BP,GOBP_RESPONSE_TO_HYDROPEROXIDE,15,True
GO_BP,GOBP_RESPONSE_TO_HYDROSTATIC_PRESSURE,5,False
GO_BP,GOBP_RESPONSE_TO_HYDROXYUREA,12,False
GO_BP,GOBP_RESPONSE_TO_HYPEROXIA,17,True
GO_BP,GOBP_RESPONSE_TO_IMMOBILIZATION_STRESS,18,True
GO_BP,GOBP_RESPONSE_TO_INACTIVITY,7,False
GO_BP,GOBP_RESPONSE_TO_INCREASED_OXYGEN_LEVELS,22,True
GO_BP,GOBP_RESPONSE_TO_INDOLE_3_METHANOL,5,False
GO_BP,GOBP_RESPONSE_TO_INSECTICIDE,5,False
GO_BP,GOBP_RESPONSE_TO_INSULIN,238,True
GO_BP,GOBP_RESPONSE_TO_INSULIN_LIKE_GROWTH_FACTOR_STIMULUS,6,False
GO_BP,GOBP_RESPONSE_TO_INTERFERON_ALPHA,20,True
GO_BP,GOBP_RESPONSE_TO_INTERFERON_BETA,30,True
GO_BP,GOBP_RESPONSE_TO_INTERLEUKIN_1,92,True
GO_BP,GOBP_RESPONSE_TO_INTERLEUKIN_12,11,False
GO_BP,GOBP_RESPONSE_TO_INTERLEUKIN_13,5,False
GO_BP,GOBP_RESPONSE_TO_INTERLEUKIN_15,10,False
GO_BP,GOBP_RESPONSE_TO_INTERLEUKIN_17,17,True
GO_BP,GOBP_RESPONSE_TO_INTERLEUKIN_18,9,False
GO_BP,GOBP_RESPONSE_TO_INTERLEUKIN_2,8,False
GO_BP,GOBP_RESPONSE_TO_INTERLEUKIN_3,5,False
GO_BP,GOBP_RESPONSE_TO_INTERLEUKIN_4,32,True
GO_BP,GOBP_RESPONSE_TO_INTERLEUKIN_6,31,True
GO_BP,GOBP_RESPONSE_TO_INTERLEUKIN_7,22,True
GO_BP,GOBP_RESPONSE_TO_INTERLEUKIN_9,5,False
GO_BP,GOBP_RESPONSE_TO_IONIZING_RADIATION,134,True
GO_BP,GOBP_RESPONSE_TO_IONOMYCIN,4,False
GO_BP,GOBP_RESPONSE_TO_IRON_II_ION,5,False
GO_BP,GOBP_RESPONSE_TO_IRON_ION,25,True
GO_BP,GOBP_RESPONSE_TO_ISCHEMIA,53,True
GO_BP,GOBP_RESPONSE_TO_ISOQUINOLINE_ALKALOID,13,False
GO_BP,GOBP_RESPONSE_TO_KAINIC_ACID,3,False
GO_BP,GOBP_RESPONSE_TO_KETONE,173,True
GO_BP,GOBP_RESPONSE_TO_LAMINAR_FLUID_SHEAR_STRESS,35,True
GO_BP,GOBP_RESPONSE_TO_LEAD_ION,18,True
GO_BP,GOBP_RESPONSE_TO_LECTIN,13,False
GO_BP,GOBP_RESPONSE_TO_LEPTIN,19,True
GO_BP,GOBP_RESPONSE_TO_LEUKEMIA_INHIBITORY_FACTOR,92,True
GO_BP,GOBP_RESPONSE_TO_LIGHT_INTENSITY,16,True
GO_BP,GOBP_RESPONSE_TO_LIGHT_STIMULUS,280,True
GO_BP,GOBP_RESPONSE_TO_LIPID,722,False
GO_BP,GOBP_RESPONSE_TO_LIPOPROTEIN_PARTICLE,29,True
GO_BP,GOBP_RESPONSE_TO_LIPOTEICHOIC_ACID,8,False
GO_BP,GOBP_RESPONSE_TO_LITHIUM_ION,11,False
GO_BP,GOBP_RESPONSE_TO_LUTEINIZING_HORMONE,6,False
GO_BP,GOBP_RESPONSE_TO_L_ASCORBIC_ACID,5,False
GO_BP,GOBP_RESPONSE_TO_L_GLUTAMATE,15,True
GO_BP,GOBP_RESPONSE_TO_L_LEUCINE,14,False
GO_BP,GOBP_RESPONSE_TO_L_PHENYLALANINE_DERIVATIVE,4,False
GO_BP,GOBP_RESPONSE_TO_MACROPHAGE_COLONY_STIMULATING_FACTOR,13,False
GO_BP,GOBP_RESPONSE_TO_MAGNESIUM_ION,14,False
GO_BP,GOBP_RESPONSE_TO_MANGANESE_ION,15,True
GO_BP,GOBP_RESPONSE_TO_MECHANICAL_STIMULUS,183,True
GO_BP,GOBP_RESPONSE_TO_MERCURY_ION,9,False
GO_BP,GOBP_RESPONSE_TO_METAL_ION,266,True
GO_BP,GOBP_RESPONSE_TO_METAL_ION_STARVATION,9,False
GO_BP,GOBP_RESPONSE_TO_METHIONINE,4,False
GO_BP,GOBP_RESPONSE_TO_METHYLGLYOXAL,5,False
GO_BP,GOBP_RESPONSE_TO_MINERALOCORTICOID,23,True
GO_BP,GOBP_RESPONSE_TO_MISFOLDED_PROTEIN,19,True
GO_BP,GOBP_RESPONSE_TO_MITOCHONDRIAL_DEPOLARISATION,7,False
GO_BP,GOBP_RESPONSE_TO_MOLECULE_OF_BACTERIAL_ORIGIN,259,True
GO_BP,GOBP_RESPONSE_TO_MOLECULE_OF_FUNGAL_ORIGIN,4,False
GO_BP,GOBP_RESPONSE_TO_MONOAMINE,53,True
GO_BP,GOBP_RESPONSE_TO_MONOSACCHARIDE,162,True
GO_BP,GOBP_RESPONSE_TO_MURAMYL_DIPEPTIDE,21,True
GO_BP,GOBP_RESPONSE_TO_MUSCLE_ACTIVITY,26,True
GO_BP,GOBP_RESPONSE_TO_MUSCLE_INACTIVITY,5,False
GO_BP,GOBP_RESPONSE_TO_MUSCLE_STRETCH,23,True
GO_BP,GOBP_RESPONSE_TO_NEMATODE,3,False
GO_BP,GOBP_RESPONSE_TO_NERVE_GROWTH_FACTOR,44,True
GO_BP,GOBP_RESPONSE_TO_NICOTINE,31,True
GO_BP,GOBP_RESPONSE_TO_NITRIC_OXIDE,18,True
GO_BP,GOBP_RESPONSE_TO_NITROGEN_COMPOUND,909,False
GO_BP,GOBP_RESPONSE_TO_NITROSATIVE_STRESS,9,False
GO_BP,GOBP_RESPONSE_TO_NUTRIENT,131,True
GO_BP,GOBP_RESPONSE_TO_NUTRIENT_LEVELS,428,True
GO_BP,GOBP_RESPONSE_TO_ODORANT,4,False
GO_BP,GOBP_RESPONSE_TO_ORGANOPHOSPHORUS,91,True
GO_BP,GOBP_RESPONSE_TO_OSCILLATORY_FLUID_SHEAR_STRESS,5,False
GO_BP,GOBP_RESPONSE_TO_OSMOTIC_STRESS,75,True
GO_BP,GOBP_RESPONSE_TO_OXIDATIVE_STRESS,391,True
GO_BP,GOBP_RESPONSE_TO_OXYGEN_CONTAINING_COMPOUND,1330,False
GO_BP,GOBP_RESPONSE_TO_OXYGEN_GLUCOSE_DEPRIVATION,8,False
GO_BP,GOBP_RESPONSE_TO_OXYGEN_LEVELS,292,True
GO_BP,GOBP_RESPONSE_TO_OXYGEN_RADICAL,22,True
GO_BP,GOBP_RESPONSE_TO_PAIN,22,True
GO_BP,GOBP_RESPONSE_TO_PARATHYROID_HORMONE,9,False
GO_BP,GOBP_RESPONSE_TO_PEPTIDE,816,False
GO_BP,GOBP_RESPONSE_TO_PEPTIDE_HORMONE,383,True
GO_BP,GOBP_RESPONSE_TO_PEPTIDOGLYCAN,10,False
GO_BP,GOBP_RESPONSE_TO_PH,31,True
GO_BP,GOBP_RESPONSE_TO_PHENYLPROPANOID,5,False
GO_BP,GOBP_RESPONSE_TO_PHEROMONE,4,False
GO_BP,GOBP_RESPONSE_TO_PHORBOL_13_ACETATE_12_MYRISTATE,9,False
GO_BP,GOBP_RESPONSE_TO_PLATELET_DERIVED_GROWTH_FACTOR,25,True
GO_BP,GOBP_RESPONSE_TO_POTASSIUM_ION,15,True
GO_BP,GOBP_RESPONSE_TO_PROGESTERONE,25,True
GO_BP,GOBP_RESPONSE_TO_PROSTAGLANDIN,33,True
GO_BP,GOBP_RESPONSE_TO_PROSTAGLANDIN_D,5,False
GO_BP,GOBP_RESPONSE_TO_PROSTAGLANDIN_E,26,True
GO_BP,GOBP_RESPONSE_TO_PROTOZOAN,20,True
GO_BP,GOBP_RESPONSE_TO_PURINE_CONTAINING_COMPOUND,107,True
GO_BP,GOBP_RESPONSE_TO_RADIATION,390,True
GO_BP,GOBP_RESPONSE_TO_RAPAMYCIN,6,False
GO_BP,GOBP_RESPONSE_TO_REACTIVE_OXYGEN_SPECIES,163,True
GO_BP,GOBP_RESPONSE_TO_REDOX_STATE,13,False
GO_BP,GOBP_RESPONSE_TO_RESVERATROL,3,False
GO_BP,GOBP_RESPONSE_TO_RETINOIC_ACID,91,True
GO_BP,GOBP_RESPONSE_TO_SALT,22,True
GO_BP,GOBP_RESPONSE_TO_SALT_STRESS,16,True
GO_BP,GOBP_RESPONSE_TO_SELENIUM_ION,7,False
GO_BP,GOBP_RESPONSE_TO_SODIUM_ARSENITE,8,False
GO_BP,GOBP_RESPONSE_TO_SODIUM_PHOSPHATE,7,False
GO_BP,GOBP_RESPONSE_TO_STARVATION,204,True
GO_BP,GOBP_RESPONSE_TO_STEROID_HORMONE,283,True
GO_BP,GOBP_RESPONSE_TO_STEROL,27,True
GO_BP,GOBP_RESPONSE_TO_STEROL_DEPLETION,18,True
GO_BP,GOBP_RESPONSE_TO_STILBENOID,6,False
GO_BP,GOBP_RESPONSE_TO_STIMULUS_INVOLVED_IN_REGULATION_OF_MUSCLE_ADAPTATION,9,False
GO_BP,GOBP_RESPONSE_TO_SUCROSE,4,False
GO_BP,GOBP_RESPONSE_TO_SYMBIONT,2,False
GO_BP,GOBP_RESPONSE_TO_TEMPERATURE_STIMULUS,160,True
GO_BP,GOBP_RESPONSE_TO_TESTOSTERONE,34,True
GO_BP,GOBP_RESPONSE_TO_THYROGLOBULIN_TRIIODOTHYRONINE,5,False
GO_BP,GOBP_RESPONSE_TO_THYROID_HORMONE,16,True
GO_BP,GOBP_RESPONSE_TO_TOPOLOGICALLY_INCORRECT_PROTEIN,171,True
GO_BP,GOBP_RESPONSE_TO_TOXIC_SUBSTANCE,201,True
GO_BP,GOBP_RESPONSE_TO_TRANSFORMING_GROWTH_FACTOR_BETA,249,True
GO_BP,GOBP_RESPONSE_TO_TUMOR_CELL,49,True
GO_BP,GOBP_RESPONSE_TO_TUMOR_NECROSIS_FACTOR,202,True
GO_BP,GOBP_RESPONSE_TO_TYPE_III_INTERFERON,7,False
GO_BP,GOBP_RESPONSE_TO_TYPE_II_INTERFERON,128,True
GO_BP,GOBP_RESPONSE_TO_TYPE_I_INTERFERON,110,True
GO_BP,GOBP_RESPONSE_TO_UV,150,True
GO_BP,GOBP_RESPONSE_TO_UV_A,11,False
GO_BP,GOBP_RESPONSE_TO_UV_B,19,True
GO_BP,GOBP_RESPONSE_TO_UV_C,11,False
GO_BP,GOBP_RESPONSE_TO_VASOPRESSIN,5,False
GO_BP,GOBP_RESPONSE_TO_VIRUS,363,True
GO_BP,GOBP_RESPONSE_TO_VITAMIN,77,True
GO_BP,GOBP_RESPONSE_TO_VITAMIN_A,9,False
GO_BP,GOBP_RESPONSE_TO_VITAMIN_B6,7,False
GO_BP,GOBP_RESPONSE_TO_VITAMIN_D,39,True
GO_BP,GOBP_RESPONSE_TO_VITAMIN_E,7,False
GO_BP,GOBP_RESPONSE_TO_VITAMIN_K,3,False
GO_BP,GOBP_RESPONSE_TO_WATER,8,False
GO_BP,GOBP_RESPONSE_TO_WATER_DEPRIVATION,3,False
GO_BP,GOBP_RESPONSE_TO_WOUNDING,472,True
GO_BP,GOBP_RESPONSE_TO_XENOBIOTIC_STIMULUS,289,True
GO_BP,GOBP_RESPONSE_TO_X_RAY,23,True
GO_BP,GOBP_RESPONSE_TO_YEAST,8,False
GO_BP,GOBP_RESPONSE_TO_ZINC_ION,33,True
GO_BP,GOBP_RETICULOPHAGY,25,True
GO_BP,GOBP_RETINAL_BIPOLAR_NEURON_DIFFERENTIATION,8,False
GO_BP,GOBP_RETINAL_BLOOD_VESSEL_MORPHOGENESIS,6,False
GO_BP,GOBP_RETINAL_CELL_PROGRAMMED_CELL_DEATH,4,False
GO_BP,GOBP_RETINAL_CONE_CELL_DEVELOPMENT,4,False
GO_BP,GOBP_RETINAL_CONE_CELL_DIFFERENTIATION,5,False
GO_BP,GOBP_RETINAL_GANGLION_CELL_AXON_GUIDANCE,18,True
GO_BP,GOBP_RETINAL_METABOLIC_PROCESS,15,True
GO_BP,GOBP_RETINAL_PIGMENT_EPITHELIUM_DEVELOPMENT,5,False
GO_BP,GOBP_RETINAL_ROD_CELL_DEVELOPMENT,8,False
GO_BP,GOBP_RETINAL_ROD_CELL_DIFFERENTIATION,13,False
GO_BP,GOBP_RETINA_DEVELOPMENT_IN_CAMERA_TYPE_EYE,135,True
GO_BP,GOBP_RETINA_HOMEOSTASIS,46,True
GO_BP,GOBP_RETINA_LAYER_FORMATION,20,True
GO_BP,GOBP_RETINA_MORPHOGENESIS_IN_CAMERA_TYPE_EYE,49,True
GO_BP,GOBP_RETINA_VASCULATURE_DEVELOPMENT_IN_CAMERA_TYPE_EYE,19,True
GO_BP,GOBP_RETINA_VASCULATURE_MORPHOGENESIS_IN_CAMERA_TYPE_EYE,9,False
GO_BP,GOBP_RETINOIC_ACID_METABOLIC_PROCESS,19,True
GO_BP,GOBP_RETINOIC_ACID_RECEPTOR_SIGNALING_PATHWAY,39,True
GO_BP,GOBP_RETINOL_METABOLIC_PROCESS,38,True
GO_BP,GOBP_RETROGRADE_AXONAL_TRANSPORT,18,True
GO_BP,GOBP_RETROGRADE_NEURONAL_DENSE_CORE_VESICLE_TRANSPORT,4,False
GO_BP,GOBP_RETROGRADE_TRANSPORT_ENDOSOME_TO_GOLGI,114,True
GO_BP,GOBP_RETROGRADE_TRANSPORT_VESICLE_RECYCLING_WITHIN_GOLGI,10,False
GO_BP,GOBP_RETROGRADE_TRANS_SYNAPTIC_SIGNALING,8,False
GO_BP,GOBP_RETROGRADE_TRANS_SYNAPTIC_SIGNALING_BY_LIPID,4,False
GO_BP,GOBP_RETROGRADE_VESICLE_MEDIATED_TRANSPORT_GOLGI_TO_ENDOPLASMIC_RETICULUM,55,True
GO_BP,GOBP_REVERSE_CHOLESTEROL_TRANSPORT,14,False
GO_BP,GOBP_REVERSIBLE_DIFFERENTIATION,4,False
GO_BP,GOBP_RHOMBOMERE_DEVELOPMENT,4,False
GO_BP,GOBP_RHO_ACTIVATING_G_PROTEIN_COUPLED_RECEPTOR_SIGNALING_PATHWAY,6,False
GO_BP,GOBP_RHO_PROTEIN_SIGNAL_TRANSDUCTION,136,True
GO_BP,GOBP_RHYTHMIC_BEHAVIOR,34,True
GO_BP,GOBP_RHYTHMIC_PROCESS,244,True
GO_BP,GOBP_RIBOFLAVIN_METABOLIC_PROCESS,3,False
GO_BP,GOBP_RIBOFLAVIN_TRANSPORT,3,False
GO_BP,GOBP_RIBONUCLEOPROTEIN_COMPLEX_BIOGENESIS,501,False
GO_BP,GOBP_RIBONUCLEOPROTEIN_COMPLEX_LOCALIZATION,13,False
GO_BP,GOBP_RIBONUCLEOSIDE_CATABOLIC_PROCESS,5,False
GO_BP,GOBP_RIBONUCLEOSIDE_DIPHOSPHATE_BIOSYNTHETIC_PROCESS,11,False
GO_BP,GOBP_RIBONUCLEOSIDE_METABOLIC_PROCESS,21,True
GO_BP,GOBP_RIBONUCLEOSIDE_MONOPHOSPHATE_BIOSYNTHETIC_PROCESS,32,True
GO_BP,GOBP_RIBONUCLEOSIDE_MONOPHOSPHATE_CATABOLIC_PROCESS,12,False
GO_BP,GOBP_RIBONUCLEOSIDE_TRIPHOSPHATE_CATABOLIC_PROCESS,5,False
GO_BP,GOBP_RIBONUCLEOTIDE_CATABOLIC_PROCESS,120,True
GO_BP,GOBP_RIBOSE_PHOSPHATE_BIOSYNTHETIC_PROCESS,171,True
GO_BP,GOBP_RIBOSE_PHOSPHATE_METABOLIC_PROCESS,349,True
GO_BP,GOBP_RIBOSOMAL_LARGE_SUBUNIT_ASSEMBLY,25,True
GO_BP,GOBP_RIBOSOMAL_LARGE_SUBUNIT_BIOGENESIS,74,True
GO_BP,GOBP_RIBOSOMAL_LARGE_SUBUNIT_EXPORT_FROM_NUCLEUS,7,False
GO_BP,GOBP_RIBOSOMAL_SMALL_SUBUNIT_ASSEMBLY,24,True
GO_BP,GOBP_RIBOSOMAL_SMALL_SUBUNIT_BIOGENESIS,118,True
GO_BP,GOBP_RIBOSOMAL_SMALL_SUBUNIT_EXPORT_FROM_NUCLEUS,8,False
GO_BP,GOBP_RIBOSOME_ASSEMBLY,66,True
GO_BP,GOBP_RIBOSOME_ASSOCIATED_UBIQUITIN_DEPENDENT_PROTEIN_CATABOLIC_PROCESS,17,True
GO_BP,GOBP_RIBOSOME_BIOGENESIS,327,True
GO_BP,GOBP_RIBOSOME_DISASSEMBLY,45,True
GO_BP,GOBP_RIBOSOME_LOCALIZATION,13,False
GO_BP,GOBP_RIGHTING_REFLEX,8,False
GO_BP,GOBP_RIG_I_SIGNALING_PATHWAY,27,True
GO_BP,GOBP_RISC_COMPLEX_ASSEMBLY,10,False
GO_BP,GOBP_RNA_3_END_PROCESSING,98,True
GO_BP,GOBP_RNA_5_END_PROCESSING,40,True
GO_BP,GOBP_RNA_CAPPING,17,True
GO_BP,GOBP_RNA_DECAPPING,31,True
GO_BP,GOBP_RNA_EXPORT_FROM_NUCLEUS,95,True
GO_BP,GOBP_RNA_FOLDING,5,False
GO_BP,GOBP_RNA_GUANINE_N7_METHYLATION,6,False
GO_BP,GOBP_RNA_IMPORT_INTO_MITOCHONDRION,4,False
GO_BP,GOBP_RNA_LOCALIZATION,204,True
GO_BP,GOBP_RNA_METHYLATION,90,True
GO_BP,GOBP_RNA_MODIFICATION,174,True
GO_BP,GOBP_RNA_POLYMERASE_II_PREINITIATION_COMPLEX_ASSEMBLY,59,True
GO_BP,GOBP_RNA_POLYMERASE_II_TRANSCRIPTION_INITIATION_SURVEILLANCE,20,True
GO_BP,GOBP_RNA_POLYMERASE_I_PREINITIATION_COMPLEX_ASSEMBLY,11,False
GO_BP,GOBP_RNA_PROCESSING,953,False
GO_BP,GOBP_RNA_SPLICING,462,True
GO_BP,GOBP_RNA_SPLICING_VIA_ENDONUCLEOLYTIC_CLEAVAGE_AND_LIGATION,18,True
GO_BP,GOBP_RNA_SPLICING_VIA_TRANSESTERIFICATION_REACTIONS,334,True
GO_BP,GOBP_RNA_SURVEILLANCE,41,True
GO_BP,GOBP_RNA_TEMPLATED_DNA_BIOSYNTHETIC_PROCESS,58,True
GO_BP,GOBP_ROOF_OF_MOUTH_DEVELOPMENT,79,True
GO_BP,GOBP_ROSTROCAUDAL_NEURAL_TUBE_PATTERNING,6,False
GO_BP,GOBP_ROUNDABOUT_SIGNALING_PATHWAY,5,False
GO_BP,GOBP_RRNA_2_O_METHYLATION,9,False
GO_BP,GOBP_RRNA_3_END_PROCESSING,12,False
GO_BP,GOBP_RRNA_5_END_PROCESSING,4,False
GO_BP,GOBP_RRNA_BASE_METHYLATION,9,False
GO_BP,GOBP_RRNA_CATABOLIC_PROCESS,20,True
GO_BP,GOBP_RRNA_METABOLIC_PROCESS,290,True
GO_BP,GOBP_RRNA_METHYLATION,29,True
GO_BP,GOBP_RRNA_MODIFICATION,39,True
GO_BP,GOBP_RRNA_PROCESSING,233,True
GO_BP,GOBP_RRNA_PSEUDOURIDINE_SYNTHESIS,9,False
GO_BP,GOBP_RRNA_TRANSCRIPTION,50,True
GO_BP,GOBP_RUFFLE_ASSEMBLY,41,True
GO_BP,GOBP_RUFFLE_ORGANIZATION,53,True
GO_BP,GOBP_R_LOOP_PROCESSING,10,False
GO_BP,GOBP_SALIVARY_GLAND_DEVELOPMENT,29,True
GO_BP,GOBP_SALIVA_SECRETION,4,False
GO_BP,GOBP_SARCOMERE_ORGANIZATION,36,True
GO_BP,GOBP_SARCOPLASMIC_RETICULUM_CALCIUM_ION_TRANSPORT,33,True
GO_BP,GOBP_SATELLITE_CELL_ACTIVATION_INVOLVED_IN_SKELETAL_MUSCLE_REGENERATION,4,False
GO_BP,GOBP_SA_NODE_CELL_TO_ATRIAL_CARDIAC_MUSCLE_CELL_COMMUNICATION,9,False
GO_BP,GOBP_SCARNA_LOCALIZATION_TO_CAJAL_BODY,5,False
GO_BP,GOBP_SCF_DEPENDENT_PROTEASOMAL_UBIQUITIN_DEPENDENT_PROTEIN_CATABOLIC_PROCESS,78,True
GO_BP,GOBP_SCHWANN_CELL_DIFFERENTIATION,43,True
GO_BP,GOBP_SCHWANN_CELL_PROLIFERATION,6,False
GO_BP,GOBP_SEBACEOUS_GLAND_DEVELOPMENT,7,False
GO_BP,GOBP_SECONDARY_HEART_FIELD_SPECIFICATION,9,False
GO_BP,GOBP_SECONDARY_METABOLIC_PROCESS,41,True
GO_BP,GOBP_SECONDARY_METABOLITE_BIOSYNTHETIC_PROCESS,20,True
GO_BP,GOBP_SECONDARY_PALATE_DEVELOPMENT,24,True
GO_BP,GOBP_SECRETION,759,False
GO_BP,GOBP_SECRETION_BY_TISSUE,26,True
GO_BP,GOBP_SECRETION_OF_LYSOSOMAL_ENZYMES,7,False
GO_BP,GOBP_SECRETORY_GRANULE_LOCALIZATION,19,True
GO_BP,GOBP_SECRETORY_GRANULE_ORGANIZATION,58,True
GO_BP,GOBP_SEGMENTATION,78,True
GO_BP,GOBP_SEGMENT_SPECIFICATION,14,False
GO_BP,GOBP_SELF_PROTEOLYSIS,8,False
GO_BP,GOBP_SEMAPHORIN_PLEXIN_SIGNALING_PATHWAY,47,True
GO_BP,GOBP_SEMICIRCULAR_CANAL_DEVELOPMENT,8,False
GO_BP,GOBP_SEMICIRCULAR_CANAL_MORPHOGENESIS,6,False
GO_BP,GOBP_SEMINIFEROUS_TUBULE_DEVELOPMENT,16,True
GO_BP,GOBP_SEMI_LUNAR_VALVE_DEVELOPMENT,39,True
GO_BP,GOBP_SENSORY_ORGAN_DEVELOPMENT,477,True
GO_BP,GOBP_SENSORY_ORGAN_MORPHOGENESIS,219,True
GO_BP,GOBP_SENSORY_PERCEPTION,391,True
GO_BP,GOBP_SENSORY_PERCEPTION_OF_BITTER_TASTE,12,False
GO_BP,GOBP_SENSORY_PERCEPTION_OF_CHEMICAL_STIMULUS,82,True
GO_BP,GOBP_SENSORY_PERCEPTION_OF_ITCH,4,False
GO_BP,GOBP_SENSORY_PERCEPTION_OF_LIGHT_STIMULUS,135,True
GO_BP,GOBP_SENSORY_PERCEPTION_OF_MECHANICAL_STIMULUS,142,True
GO_BP,GOBP_SENSORY_PERCEPTION_OF_PAIN,59,True
GO_BP,GOBP_SENSORY_PERCEPTION_OF_SMELL,56,True
GO_BP,GOBP_SENSORY_PERCEPTION_OF_SOUR_TASTE,5,False
GO_BP,GOBP_SENSORY_PERCEPTION_OF_SWEET_TASTE,5,False
GO_BP,GOBP_SENSORY_PERCEPTION_OF_TASTE,23,True
GO_BP,GOBP_SENSORY_PERCEPTION_OF_TEMPERATURE_STIMULUS,22,True
GO_BP,GOBP_SENSORY_PERCEPTION_OF_TOUCH,8,False
GO_BP,GOBP_SENSORY_PERCEPTION_OF_UMAMI_TASTE,4,False
GO_BP,GOBP_SENSORY_SYSTEM_DEVELOPMENT,343,True
GO_BP,GOBP_SEPTIN_CYTOSKELETON_ORGANIZATION,8,False
GO_BP,GOBP_SEPTIN_RING_ORGANIZATION,5,False
GO_BP,GOBP_SEPTUM_PRIMUM_DEVELOPMENT,4,False
GO_BP,GOBP_SEQUESTERING_OF_BMP_IN_EXTRACELLULAR_MATRIX,3,False
GO_BP,GOBP_SEQUESTERING_OF_CALCIUM_ION,98,True
GO_BP,GOBP_SEQUESTERING_OF_EXTRACELLULAR_LIGAND_FROM_RECEPTOR,10,False
GO_BP,GOBP_SERINE_FAMILY_AMINO_ACID_BIOSYNTHETIC_PROCESS,14,False
GO_BP,GOBP_SERINE_TRANSPORT,7,False
GO_BP,GOBP_SEROTONERGIC_NEURON_AXON_GUIDANCE,3,False
GO_BP,GOBP_SEROTONIN_BIOSYNTHETIC_PROCESS,2,False
GO_BP,GOBP_SEROTONIN_GATED_CATION_SELECTIVE_SIGNALING_PATHWAY,1,False
GO_BP,GOBP_SEROTONIN_METABOLIC_PROCESS,13,False
GO_BP,GOBP_SEROTONIN_RECEPTOR_SIGNALING_PATHWAY,7,False
GO_BP,GOBP_SEROTONIN_SECRETION,2,False
GO_BP,GOBP_SEROTONIN_TRANSPORT,11,False
GO_BP,GOBP_SEROTONIN_UPTAKE,10,False
GO_BP,GOBP_SERTOLI_CELL_DEVELOPMENT,11,False
GO_BP,GOBP_SERTOLI_CELL_DIFFERENTIATION,15,True
GO_BP,GOBP_SERTOLI_CELL_PROLIFERATION,3,False
GO_BP,GOBP_SEXUAL_REPRODUCTION,891,False
GO_BP,GOBP_SEX_DETERMINATION,14,False
GO_BP,GOBP_SEX_DIFFERENTIATION,207,True
GO_BP,GOBP_SHORT_CHAIN_FATTY_ACID_CATABOLIC_PROCESS,7,False
GO_BP,GOBP_SHORT_CHAIN_FATTY_ACID_METABOLIC_PROCESS,14,False
GO_BP,GOBP_SHORT_TERM_MEMORY,6,False
GO_BP,GOBP_SHORT_TERM_SYNAPTIC_POTENTIATION,5,False
GO_BP,GOBP_SIALYLATION,7,False
GO_BP,GOBP_SIGNALING_RECEPTOR_LIGAND_PRECURSOR_PROCESSING,35,True
GO_BP,GOBP_SIGNAL_COMPLEX_ASSEMBLY,6,False
GO_BP,GOBP_SIGNAL_PEPTIDE_PROCESSING,10,False
GO_BP,GOBP_SIGNAL_RELEASE,370,True
GO_BP,GOBP_SIGNAL_TRANSDUCTION_BY_P53_CLASS_MEDIATOR,195,True
GO_BP,GOBP_SIGNAL_TRANSDUCTION_INVOLVED_IN_REGULATION_OF_GENE_EXPRESSION,13,False
GO_BP,GOBP_SIGNAL_TRANSDUCTION_IN_ABSENCE_OF_LIGAND,64,True
GO_BP,GOBP_SIGNAL_TRANSDUCTION_IN_RESPONSE_TO_DNA_DAMAGE,202,True
GO_BP,GOBP_SINGLE_FERTILIZATION,113,True
GO_BP,GOBP_SINGLE_STRANDED_VIRAL_RNA_REPLICATION_VIA_DOUBLE_STRANDED_DNA_INTERMEDIATE,13,False
GO_BP,GOBP_SINGLE_STRAND_BREAK_REPAIR,12,False
GO_BP,GOBP_SINOATRIAL_NODE_CELL_DEVELOPMENT,3,False
GO_BP,GOBP_SINOATRIAL_NODE_CELL_DIFFERENTIATION,4,False
GO_BP,GOBP_SINOATRIAL_NODE_DEVELOPMENT,7,False
GO_BP,GOBP_SIRNA_PROCESSING,6,False
GO_BP,GOBP_SISTER_CHROMATID_COHESION,59,True
GO_BP,GOBP_SISTER_CHROMATID_SEGREGATION,243,True
GO_BP,GOBP_SKELETAL_MUSCLE_ACETYLCHOLINE_GATED_CHANNEL_CLUSTERING,17,True
GO_BP,GOBP_SKELETAL_MUSCLE_ADAPTATION,16,True
GO_BP,GOBP_SKELETAL_MUSCLE_ATROPHY,5,False
GO_BP,GOBP_SKELETAL_MUSCLE_CELL_DIFFERENTIATION,61,True
GO_BP,GOBP_SKELETAL_MUSCLE_CELL_PROLIFERATION,20,True
GO_BP,GOBP_SKELETAL_MUSCLE_CONTRACTION,35,True
GO_BP,GOBP_SKELETAL_MUSCLE_FIBER_DIFFERENTIATION,11,False
GO_BP,GOBP_SKELETAL_MUSCLE_ORGAN_DEVELOPMENT,151,True
GO_BP,GOBP_SKELETAL_MUSCLE_SATELLITE_CELL_ACTIVATION,6,False
GO_BP,GOBP_SKELETAL_MUSCLE_SATELLITE_CELL_DIFFERENTIATION,11,False
GO_BP,GOBP_SKELETAL_MUSCLE_SATELLITE_CELL_MAINTENANCE_INVOLVED_IN_SKELETAL_MUSCLE_REGENERATION,4,False
GO_BP,GOBP_SKELETAL_MUSCLE_THIN_FILAMENT_ASSEMBLY,6,False
GO_BP,GOBP_SKELETAL_MUSCLE_TISSUE_GROWTH,9,False
GO_BP,GOBP_SKELETAL_MUSCLE_TISSUE_REGENERATION,34,True
GO_BP,GOBP_SKELETAL_MYOFIBRIL_ASSEMBLY,10,False
GO_BP,GOBP_SKELETAL_SYSTEM_DEVELOPMENT,450,True
GO_BP,GOBP_SKELETAL_SYSTEM_MORPHOGENESIS,191,True
GO_BP,GOBP_SKIN_DEVELOPMENT,195,True
GO_BP,GOBP_SKIN_EPIDERMIS_DEVELOPMENT,95,True
GO_BP,GOBP_SKIN_MORPHOGENESIS,10,False
GO_BP,GOBP_SLEEP,13,False
GO_BP,GOBP_SMAD_PROTEIN_SIGNAL_TRANSDUCTION,81,True
GO_BP,GOBP_SMALL_GTPASE_MEDIATED_SIGNAL_TRANSDUCTION,486,True
GO_BP,GOBP_SMALL_MOLECULE_BIOSYNTHETIC_PROCESS,512,False
GO_BP,GOBP_SMALL_MOLECULE_CATABOLIC_PROCESS,312,True
GO_BP,GOBP_SMALL_MOLECULE_METABOLIC_PROCESS,1495,False
GO_BP,GOBP_SMALL_NUCLEOLAR_RIBONUCLEOPROTEIN_COMPLEX_ASSEMBLY,14,False
GO_BP,GOBP_SMOOTHENED_SIGNALING_PATHWAY,134,True
GO_BP,GOBP_SMOOTH_MUSCLE_ADAPTATION,4,False
GO_BP,GOBP_SMOOTH_MUSCLE_CELL_APOPTOTIC_PROCESS,26,True
GO_BP,GOBP_SMOOTH_MUSCLE_CELL_CHEMOTAXIS,8,False
GO_BP,GOBP_SMOOTH_MUSCLE_CELL_DIFFERENTIATION,64,True
GO_BP,GOBP_SMOOTH_MUSCLE_CELL_MATRIX_ADHESION,7,False
GO_BP,GOBP_SMOOTH_MUSCLE_CELL_MIGRATION,61,True
GO_BP,GOBP_SMOOTH_MUSCLE_CELL_PROLIFERATION,110,True
GO_BP,GOBP_SMOOTH_MUSCLE_CONTRACTION,77,True
GO_BP,GOBP_SMOOTH_MUSCLE_TISSUE_DEVELOPMENT,21,True
GO_BP,GOBP_SNARE_COMPLEX_ASSEMBLY,24,True
GO_BP,GOBP_SNORNA_LOCALIZATION,6,False
GO_BP,GOBP_SNO_S_RNA_METABOLIC_PROCESS,16,True
GO_BP,GOBP_SNO_S_RNA_PROCESSING,13,False
GO_BP,GOBP_SNRNA_3_END_PROCESSING,22,True
GO_BP,GOBP_SNRNA_CATABOLIC_PROCESS,5,False
GO_BP,GOBP_SNRNA_METABOLIC_PROCESS,60,True
GO_BP,GOBP_SNRNA_MODIFICATION,6,False
GO_BP,GOBP_SNRNA_PROCESSING,37,True
GO_BP,GOBP_SNRNA_TRANSCRIPTION,20,True
GO_BP,GOBP_SNRNA_TRANSCRIPTION_BY_RNA_POLYMERASE_II,17,True
GO_BP,GOBP_SNRNA_TRANSCRIPTION_BY_RNA_POLYMERASE_III,10,False
GO_BP,GOBP_SNRNA_TRANSPORT,6,False
GO_BP,GOBP_SODIUM_DEPENDENT_PHOSPHATE_TRANSPORT,5,False
GO_BP,GOBP_SODIUM_INDEPENDENT_ORGANIC_ANION_TRANSPORT,5,False
GO_BP,GOBP_SODIUM_ION_EXPORT_ACROSS_PLASMA_MEMBRANE,12,False
GO_BP,GOBP_SODIUM_ION_HOMEOSTASIS,33,True
GO_BP,GOBP_SODIUM_ION_IMPORT_ACROSS_PLASMA_MEMBRANE,21,True
GO_BP,GOBP_SODIUM_ION_TRANSMEMBRANE_TRANSPORT,129,True
GO_BP,GOBP_SODIUM_ION_TRANSPORT,173,True
GO_BP,GOBP_SOFT_PALATE_DEVELOPMENT,7,False
GO_BP,GOBP_SOMATIC_DIVERSIFICATION_OF_IMMUNE_RECEPTORS,73,True
GO_BP,GOBP_SOMATIC_DIVERSIFICATION_OF_IMMUNE_RECEPTORS_VIA_SOMATIC_MUTATION,15,True
GO_BP,GOBP_SOMATIC_DIVERSIFICATION_OF_IMMUNOGLOBULINS,62,True
GO_BP,GOBP_SOMATIC_MOTOR_NEURON_DIFFERENTIATION,5,False
GO_BP,GOBP_SOMATIC_STEM_CELL_DIVISION,9,False
GO_BP,GOBP_SOMATIC_STEM_CELL_POPULATION_MAINTENANCE,39,True
GO_BP,GOBP_SOMATOSTATIN_RECEPTOR_SIGNALING_PATHWAY,2,False
GO_BP,GOBP_SOMITE_DEVELOPMENT,65,True
GO_BP,GOBP_SOMITE_ROSTRAL_CAUDAL_AXIS_SPECIFICATION,7,False
GO_BP,GOBP_SOMITE_SPECIFICATION,3,False
GO_BP,GOBP_SOMITOGENESIS,50,True
GO_BP,GOBP_SPECIFICATION_OF_ANIMAL_ORGAN_IDENTITY,29,True
GO_BP,GOBP_SPECIFICATION_OF_SYMMETRY,126,True
GO_BP,GOBP_SPERMATID_DIFFERENTIATION,176,True
GO_BP,GOBP_SPERMATID_NUCLEUS_DIFFERENTIATION,19,True
GO_BP,GOBP_SPERMATOGONIAL_CELL_DIVISION,3,False
GO_BP,GOBP_SPERMIDINE_METABOLIC_PROCESS,10,False
GO_BP,GOBP_SPERMIDINE_TRANSMEMBRANE_TRANSPORT,3,False
GO_BP,GOBP_SPERMIDINE_TRANSPORT,4,False
GO_BP,GOBP_SPERMINE_METABOLIC_PROCESS,7,False
GO_BP,GOBP_SPERM_AXONEME_ASSEMBLY,25,True
GO_BP,GOBP_SPERM_CAPACITATION,20,True
GO_BP,GOBP_SPERM_DNA_CONDENSATION,9,False
GO_BP,GOBP_SPERM_EGG_RECOGNITION,31,True
GO_BP,GOBP_SPERM_FLAGELLUM_ASSEMBLY,46,True
GO_BP,GOBP_SPERM_MITOCHONDRIAL_SHEATH_ASSEMBLY,5,False
GO_BP,GOBP_SPERM_MITOCHONDRION_ORGANIZATION,4,False
GO_BP,GOBP_SPHINGOID_BIOSYNTHETIC_PROCESS,16,True
GO_BP,GOBP_SPHINGOID_METABOLIC_PROCESS,24,True
GO_BP,GOBP_SPHINGOLIPID_BIOSYNTHETIC_PROCESS,99,True
GO_BP,GOBP_SPHINGOLIPID_MEDIATED_SIGNALING_PATHWAY,16,True
GO_BP,GOBP_SPHINGOLIPID_METABOLIC_PROCESS,144,True
GO_BP,GOBP_SPHINGOLIPID_TRANSLOCATION,5,False
GO_BP,GOBP_SPHINGOMYELIN_BIOSYNTHETIC_PROCESS,10,False
GO_BP,GOBP_SPHINGOMYELIN_CATABOLIC_PROCESS,5,False
GO_BP,GOBP_SPHINGOMYELIN_METABOLIC_PROCESS,16,True
GO_BP,GOBP_SPHINGOSINE_1_PHOSPHATE_RECEPTOR_SIGNALING_PATHWAY,12,False
GO_BP,GOBP_SPINAL_CORD_ASSOCIATION_NEURON_DIFFERENTIATION,3,False
GO_BP,GOBP_SPINAL_CORD_DEVELOPMENT,71,True
GO_BP,GOBP_SPINAL_CORD_MOTOR_NEURON_CELL_FATE_SPECIFICATION,1,False
GO_BP,GOBP_SPINAL_CORD_MOTOR_NEURON_DIFFERENTIATION,18,True
GO_BP,GOBP_SPINAL_CORD_OLIGODENDROCYTE_CELL_DIFFERENTIATION,2,False
GO_BP,GOBP_SPINAL_CORD_PATTERNING,10,False
GO_BP,GOBP_SPINDLE_ASSEMBLY,144,True
GO_BP,GOBP_SPINDLE_ASSEMBLY_INVOLVED_IN_FEMALE_MEIOSIS,12,False
GO_BP,GOBP_SPINDLE_ELONGATION,13,False
GO_BP,GOBP_SPINDLE_LOCALIZATION,55,True
GO_BP,GOBP_SPINDLE_MIDZONE_ASSEMBLY,13,False
GO_BP,GOBP_SPINDLE_ORGANIZATION,214,True
GO_BP,GOBP_SPLEEN_DEVELOPMENT,35,True
GO_BP,GOBP_SPLICEOSOMAL_COMPLEX_ASSEMBLY,86,True
GO_BP,GOBP_SPLICEOSOMAL_CONFORMATIONAL_CHANGES_TO_GENERATE_CATALYTIC_CONFORMATION,40,True
GO_BP,GOBP_SPLICEOSOMAL_SNRNP_ASSEMBLY,75,True
GO_BP,GOBP_SPLICEOSOMAL_TRI_SNRNP_COMPLEX_ASSEMBLY,40,True
GO_BP,GOBP_SPONTANEOUS_NEUROTRANSMITTER_SECRETION,5,False
GO_BP,GOBP_SPONTANEOUS_SYNAPTIC_TRANSMISSION,11,False
GO_BP,GOBP_SPROUTING_ANGIOGENESIS,126,True
GO_BP,GOBP_SPROUTING_OF_INJURED_AXON,3,False
GO_BP,GOBP_SRP_DEPENDENT_COTRANSLATIONAL_PROTEIN_TARGETING_TO_MEMBRANE,18,True
GO_BP,GOBP_SRP_DEPENDENT_COTRANSLATIONAL_PROTEIN_TARGETING_TO_MEMBRANE_SIGNAL_SEQUENCE_RECOGNITION,8,False
GO_BP,GOBP_SRP_DEPENDENT_COTRANSLATIONAL_PROTEIN_TARGETING_TO_MEMBRANE_TRANSLOCATION,9,False
GO_BP,GOBP_STARTLE_RESPONSE,21,True
GO_BP,GOBP_STEM_CELL_DEVELOPMENT,75,True
GO_BP,GOBP_STEM_CELL_DIFFERENTIATION,207,True
GO_BP,GOBP_STEM_CELL_DIVISION,28,True
GO_BP,GOBP_STEM_CELL_FATE_COMMITMENT,5,False
GO_BP,GOBP_STEM_CELL_PROLIFERATION,62,True
GO_BP,GOBP_STEROID_BIOSYNTHETIC_PROCESS,134,True
GO_BP,GOBP_STEROID_CATABOLIC_PROCESS,21,True
GO_BP,GOBP_STEROID_HORMONE_BIOSYNTHETIC_PROCESS,36,True
GO_BP,GOBP_STEROID_HORMONE_RECEPTOR_SIGNALING_PATHWAY,130,True
GO_BP,GOBP_STEROID_HORMONE_SECRETION,20,True
GO_BP,GOBP_STEROID_METABOLIC_PROCESS,255,True
GO_BP,GOBP_STEROL_BIOSYNTHETIC_PROCESS,64,True
GO_BP,GOBP_STEROL_HOMEOSTASIS,74,True
GO_BP,GOBP_STEROL_METABOLIC_PROCESS,136,True
GO_BP,GOBP_STEROL_TRANSPORT,98,True
GO_BP,GOBP_STOMACH_DEVELOPMENT,3,False
GO_BP,GOBP_STORE_OPERATED_CALCIUM_ENTRY,19,True
GO_BP,GOBP_STRESS_ACTIVATED_PROTEIN_KINASE_SIGNALING_CASCADE,55,True
GO_BP,GOBP_STRESS_FIBER_ASSEMBLY,108,True
GO_BP,GOBP_STRESS_GRANULE_ASSEMBLY,37,True
GO_BP,GOBP_STRESS_GRANULE_DISASSEMBLY,7,False
GO_BP,GOBP_STRESS_INDUCED_PREMATURE_SENESCENCE,8,False
GO_BP,GOBP_STRIATED_MUSCLE_ADAPTATION,34,True
GO_BP,GOBP_STRIATED_MUSCLE_ATROPHY,6,False
GO_BP,GOBP_STRIATED_MUSCLE_CELL_APOPTOTIC_PROCESS,43,True
GO_BP,GOBP_STRIATED_MUSCLE_CELL_DIFFERENTIATION,296,True
GO_BP,GOBP_STRIATED_MUSCLE_CELL_PROLIFERATION,69,True
GO_BP,GOBP_STRIATED_MUSCLE_CONTRACTION,193,True
GO_BP,GOBP_STRIATUM_DEVELOPMENT,22,True
GO_BP,GOBP_SUBPALLIUM_DEVELOPMENT,24,True
GO_BP,GOBP_SUBSTANTIA_NIGRA_DEVELOPMENT,40,True
GO_BP,GOBP_SUBSTRATE_ADHESION_DEPENDENT_CELL_SPREADING,96,True
GO_BP,GOBP_SUBSTRATE_DEPENDENT_CELL_MIGRATION,26,True
GO_BP,GOBP_SUBSTRATE_DEPENDENT_CELL_MIGRATION_CELL_ATTACHMENT_TO_SUBSTRATE,5,False
GO_BP,GOBP_SUBSTRATE_DEPENDENT_CELL_MIGRATION_CELL_EXTENSION,9,False
GO_BP,GOBP_SUBSTRATE_INDEPENDENT_TELENCEPHALIC_TANGENTIAL_MIGRATION,8,False
GO_BP,GOBP_SUBSTRATE_LOCALIZATION_TO_AUTOPHAGOSOME,8,False
GO_BP,GOBP_SUBTELOMERIC_HETEROCHROMATIN_FORMATION,9,False
GO_BP,GOBP_SUCCINATE_METABOLIC_PROCESS,4,False
GO_BP,GOBP_SUCCINATE_TRANSMEMBRANE_TRANSPORT,5,False
GO_BP,GOBP_SUCCINYL_COA_BIOSYNTHETIC_PROCESS,6,False
GO_BP,GOBP_SUCCINYL_COA_CATABOLIC_PROCESS,6,False
GO_BP,GOBP_SUCCINYL_COA_METABOLIC_PROCESS,13,False
GO_BP,GOBP_SUCKLING_BEHAVIOR,6,False
GO_BP,GOBP_SUGAR_MEDIATED_SIGNALING_PATHWAY,11,False
GO_BP,GOBP_SULFATE_TRANSMEMBRANE_TRANSPORT,12,False
GO_BP,GOBP_SULFATION,14,False
GO_BP,GOBP_SULFUR_AMINO_ACID_BIOSYNTHETIC_PROCESS,15,True
GO_BP,GOBP_SULFUR_AMINO_ACID_CATABOLIC_PROCESS,9,False
GO_BP,GOBP_SULFUR_AMINO_ACID_METABOLIC_PROCESS,32,True
GO_BP,GOBP_SULFUR_AMINO_ACID_TRANSPORT,14,False
GO_BP,GOBP_SULFUR_COMPOUND_BIOSYNTHETIC_PROCESS,110,True
GO_BP,GOBP_SULFUR_COMPOUND_CATABOLIC_PROCESS,27,True
GO_BP,GOBP_SULFUR_COMPOUND_METABOLIC_PROCESS,245,True
GO_BP,GOBP_SULFUR_COMPOUND_TRANSPORT,60,True
GO_BP,GOBP_SUPEROXIDE_ANION_GENERATION,35,True
GO_BP,GOBP_SUPEROXIDE_METABOLIC_PROCESS,60,True
GO_BP,GOBP_SUPPRESSION_OF_VIRAL_RELEASE_BY_HOST,22,True
GO_BP,GOBP_SUPRAMOLECULAR_FIBER_ORGANIZATION,714,False
GO_BP,GOBP_SURFACTANT_HOMEOSTASIS,15,True
GO_BP,GOBP_SWIMMING_BEHAVIOR,5,False
GO_BP,GOBP_SYMBIONT_ENTRY_INTO_HOST,108,True
GO_BP,GOBP_SYMPATHETIC_GANGLION_DEVELOPMENT,6,False
GO_BP,GOBP_SYMPATHETIC_NERVOUS_SYSTEM_DEVELOPMENT,12,False
GO_BP,GOBP_SYMPATHETIC_NEURON_PROJECTION_EXTENSION,5,False
GO_BP,GOBP_SYNAPSE_ASSEMBLY,232,True
GO_BP,GOBP_SYNAPSE_MATURATION,32,True
GO_BP,GOBP_SYNAPSE_ORGANIZATION,497,True
GO_BP,GOBP_SYNAPSE_PRUNING,11,False
GO_BP,GOBP_SYNAPTIC_ASSEMBLY_AT_NEUROMUSCULAR_JUNCTION,16,True
GO_BP,GOBP_SYNAPTIC_MEMBRANE_ADHESION,26,True
GO_BP,GOBP_SYNAPTIC_SIGNALING,625,False
GO_BP,GOBP_SYNAPTIC_SIGNALING_VIA_NEUROPEPTIDE,4,False
GO_BP,GOBP_SYNAPTIC_TRANSMISSION_CHOLINERGIC,16,True
GO_BP,GOBP_SYNAPTIC_TRANSMISSION_DOPAMINERGIC,23,True
GO_BP,GOBP_SYNAPTIC_TRANSMISSION_GABAERGIC,45,True
GO_BP,GOBP_SYNAPTIC_TRANSMISSION_GLUTAMATERGIC,75,True
GO_BP,GOBP_SYNAPTIC_TRANSMISSION_GLYCINERGIC,2,False
GO_BP,GOBP_SYNAPTIC_VESICLE_BUDDING,11,False
GO_BP,GOBP_SYNAPTIC_VESICLE_CLUSTERING,14,False
GO_BP,GOBP_SYNAPTIC_VESICLE_COATING,5,False
GO_BP,GOBP_SYNAPTIC_VESICLE_CYTOSKELETAL_TRANSPORT,19,True
GO_BP,GOBP_SYNAPTIC_VESICLE_DOCKING,11,False
GO_BP,GOBP_SYNAPTIC_VESICLE_ENDOSOMAL_PROCESSING,8,False
GO_BP,GOBP_SYNAPTIC_VESICLE_EXOCYTOSIS,85,True
GO_BP,GOBP_SYNAPTIC_VESICLE_LOCALIZATION,58,True
GO_BP,GOBP_SYNAPTIC_VESICLE_LUMEN_ACIDIFICATION,16,True
GO_BP,GOBP_SYNAPTIC_VESICLE_MATURATION,25,True
GO_BP,GOBP_SYNAPTIC_VESICLE_MEMBRANE_ORGANIZATION,29,True
GO_BP,GOBP_SYNAPTIC_VESICLE_PRIMING,23,True
GO_BP,GOBP_SYNAPTIC_VESICLE_RECYCLING,82,True
GO_BP,GOBP_SYNAPTIC_VESICLE_RECYCLING_VIA_ENDOSOME,5,False
GO_BP,GOBP_SYNAPTIC_VESICLE_TRANSPORT,46,True
GO_BP,GOBP_SYNAPTONEMAL_COMPLEX_ORGANIZATION,27,True
GO_BP,GOBP_SYNCYTIUM_FORMATION,87,True
GO_BP,GOBP_SYNOVIOCYTE_PROLIFERATION,2,False
GO_BP,GOBP_S_ADENOSYLMETHIONINE_METABOLIC_PROCESS,10,False
GO_BP,GOBP_S_SHAPED_BODY_MORPHOGENESIS,4,False
GO_BP,GOBP_TACHYKININ_RECEPTOR_SIGNALING_PATHWAY,5,False
GO_BP,GOBP_TAIL_ANCHORED_MEMBRANE_PROTEIN_INSERTION_INTO_ER_MEMBRANE,22,True
GO_BP,GOBP_TANGENTIAL_MIGRATION_FROM_THE_SUBVENTRICULAR_ZONE_TO_THE_OLFACTORY_BULB,8,False
GO_BP,GOBP_TARGET_DIRECTED_MIRNA_DEGRADATION,4,False
GO_BP,GOBP_TAXIS,332,True
GO_BP,GOBP_TELENCEPHALON_DEVELOPMENT,248,True
GO_BP,GOBP_TELENCEPHALON_GLIAL_CELL_MIGRATION,29,True
GO_BP,GOBP_TELENCEPHALON_REGIONALIZATION,6,False
GO_BP,GOBP_TELOMERASE_HOLOENZYME_COMPLEX_ASSEMBLY,8,False
GO_BP,GOBP_TELOMERASE_RNA_LOCALIZATION,18,True
GO_BP,GOBP_TELOMERE_CAPPING,28,True
GO_BP,GOBP_TELOMERE_LOCALIZATION,8,False
GO_BP,GOBP_TELOMERE_MAINTENANCE_IN_RESPONSE_TO_DNA_DAMAGE,33,True
GO_BP,GOBP_TELOMERE_MAINTENANCE_VIA_RECOMBINATION,13,False
GO_BP,GOBP_TELOMERE_MAINTENANCE_VIA_SEMI_CONSERVATIVE_REPLICATION,10,False
GO_BP,GOBP_TELOMERE_MAINTENANCE_VIA_TELOMERE_LENGTHENING,70,True
GO_BP,GOBP_TELOMERE_ORGANIZATION,174,True
GO_BP,GOBP_TELOMERE_TETHERING_AT_NUCLEAR_PERIPHERY,4,False
GO_BP,GOBP_TELOMERIC_D_LOOP_DISASSEMBLY,9,False
GO_BP,GOBP_TELOMERIC_LOOP_DISASSEMBLY,11,False
GO_BP,GOBP_TEMPERATURE_HOMEOSTASIS,152,True
GO_BP,GOBP_TENDON_DEVELOPMENT,6,False
GO_BP,GOBP_TERMINAL_BUTTON_ORGANIZATION,6,False
GO_BP,GOBP_TERMINATION_OF_RNA_POLYMERASE_III_TRANSCRIPTION,19,True
GO_BP,GOBP_TERMINATION_OF_RNA_POLYMERASE_II_TRANSCRIPTION,16,True
GO_BP,GOBP_TERMINATION_OF_RNA_POLYMERASE_I_TRANSCRIPTION,18,True
GO_BP,GOBP_TERPENOID_BIOSYNTHETIC_PROCESS,21,True
GO_BP,GOBP_TERPENOID_CATABOLIC_PROCESS,6,False
GO_BP,GOBP_TERTIARY_ALCOHOL_METABOLIC_PROCESS,18,True
GO_BP,GOBP_TESTOSTERONE_BIOSYNTHETIC_PROCESS,10,False
GO_BP,GOBP_TETRAHYDROBIOPTERIN_BIOSYNTHETIC_PROCESS,8,False
GO_BP,GOBP_TETRAHYDROBIOPTERIN_METABOLIC_PROCESS,9,False
GO_BP,GOBP_TETRAHYDROFOLATE_BIOSYNTHETIC_PROCESS,9,False
GO_BP,GOBP_TETRAHYDROFOLATE_INTERCONVERSION,10,False
GO_BP,GOBP_TETRAHYDROFOLATE_METABOLIC_PROCESS,20,True
GO_BP,GOBP_TETRAPYRROLE_BIOSYNTHETIC_PROCESS,30,True
GO_BP,GOBP_TETRAPYRROLE_CATABOLIC_PROCESS,10,False
GO_BP,GOBP_TETRAPYRROLE_METABOLIC_PROCESS,53,True
GO_BP,GOBP_THALAMUS_DEVELOPMENT,5,False
GO_BP,GOBP_THELARCHE,5,False
GO_BP,GOBP_THERMOCEPTION,5,False
GO_BP,GOBP_THIAMINE_CONTAINING_COMPOUND_METABOLIC_PROCESS,6,False
GO_BP,GOBP_THIAMINE_DIPHOSPHATE_BIOSYNTHETIC_PROCESS,5,False
GO_BP,GOBP_THIAMINE_TRANSPORT,5,False
GO_BP,GOBP_THIRD_VENTRICLE_DEVELOPMENT,4,False
GO_BP,GOBP_THORAX_AND_ANTERIOR_ABDOMEN_DETERMINATION,1,False
GO_BP,GOBP_THREONINE_METABOLIC_PROCESS,5,False
GO_BP,GOBP_THROMBIN_ACTIVATED_RECEPTOR_SIGNALING_PATHWAY,10,False
GO_BP,GOBP_THROMBOPOIETIN_MEDIATED_SIGNALING_PATHWAY,6,False
GO_BP,GOBP_THYMIC_T_CELL_SELECTION,28,True
GO_BP,GOBP_THYMOCYTE_APOPTOTIC_PROCESS,15,True
GO_BP,GOBP_THYMOCYTE_MIGRATION,2,False
GO_BP,GOBP_THYMUS_DEVELOPMENT,41,True
GO_BP,GOBP_THYROID_GLAND_DEVELOPMENT,20,True
GO_BP,GOBP_THYROID_HORMONE_GENERATION,13,False
GO_BP,GOBP_THYROID_HORMONE_METABOLIC_PROCESS,20,True
GO_BP,GOBP_THYROID_HORMONE_RECEPTOR_SIGNALING_PATHWAY,6,False
GO_BP,GOBP_THYROID_HORMONE_TRANSPORT,8,False
GO_BP,GOBP_TIE_SIGNALING_PATHWAY,3,False
GO_BP,GOBP_TIGHT_JUNCTION_ORGANIZATION,62,True
GO_BP,GOBP_TISSUE_HOMEOSTASIS,220,True
GO_BP,GOBP_TISSUE_MIGRATION,79,True
GO_BP,GOBP_TISSUE_MORPHOGENESIS,518,False
GO_BP,GOBP_TISSUE_REGENERATION,59,True
GO_BP,GOBP_TISSUE_REMODELING,149,True
GO_BP,GOBP_TOLERANCE_INDUCTION,28,True
GO_BP,GOBP_TOLERANCE_INDUCTION_DEPENDENT_UPON_IMMUNE_RESPONSE,7,False
GO_BP,GOBP_TOLERANCE_INDUCTION_TO_SELF_ANTIGEN,5,False
GO_BP,GOBP_TOLL_LIKE_RECEPTOR_2_SIGNALING_PATHWAY,15,True
GO_BP,GOBP_TOLL_LIKE_RECEPTOR_3_SIGNALING_PATHWAY,23,True
GO_BP,GOBP_TOLL_LIKE_RECEPTOR_7_SIGNALING_PATHWAY,7,False
GO_BP,GOBP_TOLL_LIKE_RECEPTOR_8_SIGNALING_PATHWAY,4,False
GO_BP,GOBP_TOLL_LIKE_RECEPTOR_9_SIGNALING_PATHWAY,17,True
GO_BP,GOBP_TOLL_LIKE_RECEPTOR_SIGNALING_PATHWAY,71,True
GO_BP,GOBP_TOLL_SIGNALING_PATHWAY,13,False
GO_BP,GOBP_TONGUE_DEVELOPMENT,14,False
GO_BP,GOBP_TONGUE_MORPHOGENESIS,9,False
GO_BP,GOBP_TONIC_SMOOTH_MUSCLE_CONTRACTION,9,False
GO_BP,GOBP_TOOTH_ERUPTION,4,False
GO_BP,GOBP_TOOTH_MINERALIZATION,20,True
GO_BP,GOBP_TORC1_SIGNALING,109,True
GO_BP,GOBP_TORC2_SIGNALING,22,True
GO_BP,GOBP_TOR_SIGNALING,172,True
GO_BP,GOBP_TOXIC_METABOLITE_REPAIR,5,False
GO_BP,GOBP_TOXIN_CATABOLIC_PROCESS,3,False
GO_BP,GOBP_TOXIN_METABOLIC_PROCESS,8,False
GO_BP,GOBP_TRABECULA_FORMATION,19,True
GO_BP,GOBP_TRABECULA_MORPHOGENESIS,40,True
GO_BP,GOBP_TRACHEA_CARTILAGE_DEVELOPMENT,5,False
GO_BP,GOBP_TRACHEA_DEVELOPMENT,15,True
GO_BP,GOBP_TRACHEA_FORMATION,7,False
GO_BP,GOBP_TRACHEA_MORPHOGENESIS,8,False
GO_BP,GOBP_TRAIL_ACTIVATED_APOPTOTIC_SIGNALING_PATHWAY,11,False
GO_BP,GOBP_TRANSCRIPTION_BY_RNA_POLYMERASE_I,76,True
GO_BP,GOBP_TRANSCRIPTION_BY_RNA_POLYMERASE_III,63,True
GO_BP,GOBP_TRANSCRIPTION_COUPLED_NUCLEOTIDE_EXCISION_REPAIR,12,False
GO_BP,GOBP_TRANSCRIPTION_DEPENDENT_TETHERING_OF_RNA_POLYMERASE_II_GENE_DNA_AT_NUCLEAR_PERIPHERY,7,False
GO_BP,GOBP_TRANSCRIPTION_ELONGATION_BY_RNA_POLYMERASE_I,18,True
GO_BP,GOBP_TRANSCRIPTION_ELONGATION_BY_RNA_POLYMERASE_II,137,True
GO_BP,GOBP_TRANSCRIPTION_ELONGATION_COUPLED_CHROMATIN_REMODELING,8,False
GO_BP,GOBP_TRANSCRIPTION_INITIATION_AT_RNA_POLYMERASE_III_PROMOTER,28,True
GO_BP,GOBP_TRANSCRIPTION_INITIATION_AT_RNA_POLYMERASE_II_PROMOTER,193,True
GO_BP,GOBP_TRANSCRIPTION_INITIATION_AT_RNA_POLYMERASE_I_PROMOTER,29,True
GO_BP,GOBP_TRANSCRIPTION_PAUSING_BY_RNA_POLYMERASE_II,6,False
GO_BP,GOBP_TRANSCRIPTION_PREINITIATION_COMPLEX_ASSEMBLY,73,True
GO_BP,GOBP_TRANSCYTOSIS,17,True
GO_BP,GOBP_TRANSDIFFERENTIATION,4,False
GO_BP,GOBP_TRANSEPITHELIAL_AMMONIUM_TRANSPORT,3,False
GO_BP,GOBP_TRANSEPITHELIAL_CHLORIDE_TRANSPORT,6,False
GO_BP,GOBP_TRANSEPITHELIAL_TRANSPORT,27,True
GO_BP,GOBP_TRANSEPITHELIAL_WATER_TRANSPORT,1,False
GO_BP,GOBP_TRANSFERRIN_TRANSPORT,12,False
GO_BP,GOBP_TRANSFORMING_GROWTH_FACTOR_BETA1_PRODUCTION,16,True
GO_BP,GOBP_TRANSFORMING_GROWTH_FACTOR_BETA2_PRODUCTION,8,False
GO_BP,GOBP_TRANSFORMING_GROWTH_FACTOR_BETA_PRODUCTION,35,True
GO_BP,GOBP_TRANSFORMING_GROWTH_FACTOR_BETA_RECEPTOR_SIGNALING_PATHWAY,201,True
GO_BP,GOBP_TRANSITION_BETWEEN_FAST_AND_SLOW_FIBER,5,False
GO_BP,GOBP_TRANSITION_METAL_ION_TRANSPORT,86,True
GO_BP,GOBP_TRANSLATION,653,False
GO_BP,GOBP_TRANSLATIONAL_ELONGATION,77,True
GO_BP,GOBP_TRANSLATIONAL_INITIATION,124,True
GO_BP,GOBP_TRANSLATIONAL_READTHROUGH,9,False
GO_BP,GOBP_TRANSLATIONAL_TERMINATION,17,True
GO_BP,GOBP_TRANSMEMBRANE_TRANSPORT,1200,False
GO_BP,GOBP_TRANSMISSION_OF_NERVE_IMPULSE,54,True
GO_BP,GOBP_TRANSPORT_OF_VIRUS,8,False
GO_BP,GOBP_TRANSPOSABLE_ELEMENT_SILENCING_BY_HETEROCHROMATIN_FORMATION,18,True
GO_BP,GOBP_TRANSPOSABLE_ELEMENT_SILENCING_BY_PIRNA_MEDIATED_HETEROCHROMATIN_FORMATION,3,False
GO_BP,GOBP_TRANSPOSITION,35,True
GO_BP,GOBP_TRANSSULFURATION,4,False
GO_BP,GOBP_TRANS_SYNAPTIC_SIGNALING_BY_BDNF_MODULATING_SYNAPTIC_TRANSMISSION,4,False
GO_BP,GOBP_TRANS_SYNAPTIC_SIGNALING_BY_LIPID,8,False
GO_BP,GOBP_TRANS_SYNAPTIC_SIGNALING_BY_TRANS_SYNAPTIC_COMPLEX,6,False
GO_BP,GOBP_TRANS_SYNAPTIC_SIGNALING_BY_TRANS_SYNAPTIC_COMPLEX_MODULATING_SYNAPTIC_TRANSMISSION,2,False
GO_BP,GOBP_TRANS_SYNAPTIC_SIGNALING_MODULATING_SYNAPTIC_TRANSMISSION,16,True
GO_BP,GOBP_TRICARBOXYLIC_ACID_CYCLE,31,True
GO_BP,GOBP_TRICARBOXYLIC_ACID_METABOLIC_PROCESS,12,False
GO_BP,GOBP_TRICARBOXYLIC_ACID_TRANSPORT,4,False
GO_BP,GOBP_TRICUSPID_VALVE_DEVELOPMENT,7,False
GO_BP,GOBP_TRIF_DEPENDENT_TOLL_LIKE_RECEPTOR_SIGNALING_PATHWAY,10,False
GO_BP,GOBP_TRIGEMINAL_NERVE_DEVELOPMENT,7,False
GO_BP,GOBP_TRIGLYCERIDE_CATABOLIC_PROCESS,21,True
GO_BP,GOBP_TRIGLYCERIDE_METABOLIC_PROCESS,88,True
GO_BP,GOBP_TRIGLYCERIDE_RICH_LIPOPROTEIN_PARTICLE_CLEARANCE,6,False
GO_BP,GOBP_TRIGLYCERIDE_RICH_LIPOPROTEIN_PARTICLE_REMODELING,6,False
GO_BP,GOBP_TRIGLYCERIDE_STORAGE,4,False
GO_BP,GOBP_TRIPEPTIDE_TRANSMEMBRANE_TRANSPORT,10,False
GO_BP,GOBP_TRIPEPTIDE_TRANSPORT,13,False
GO_BP,GOBP_TRNA_3_END_PROCESSING,7,False
GO_BP,GOBP_TRNA_5_END_PROCESSING,18,True
GO_BP,GOBP_TRNA_5_LEADER_REMOVAL,15,True
GO_BP,GOBP_TRNA_AMINOACYLATION_FOR_MITOCHONDRIAL_PROTEIN_TRANSLATION,9,False
GO_BP,GOBP_TRNA_DECAY,18,True
GO_BP,GOBP_TRNA_METABOLIC_PROCESS,217,True
GO_BP,GOBP_TRNA_METHYLATION,42,True
GO_BP,GOBP_TRNA_MODIFICATION,96,True
GO_BP,GOBP_TRNA_PROCESSING,143,True
GO_BP,GOBP_TRNA_PSEUDOURIDINE_SYNTHESIS,8,False
GO_BP,GOBP_TRNA_SURVEILLANCE,8,False
GO_BP,GOBP_TRNA_THIO_MODIFICATION,6,False
GO_BP,GOBP_TRNA_THREONYLCARBAMOYLADENOSINE_METABOLIC_PROCESS,17,True
GO_BP,GOBP_TRNA_THREONYLCARBAMOYLADENOSINE_MODIFICATION,3,False
GO_BP,GOBP_TRNA_TRANSCRIPTION,12,False
GO_BP,GOBP_TRNA_TRANSPORT,5,False
GO_BP,GOBP_TRNA_TYPE_INTRON_SPLICE_SITE_RECOGNITION_AND_CLEAVAGE,8,False
GO_BP,GOBP_TRNA_WOBBLE_BASE_MODIFICATION,31,True
GO_BP,GOBP_TRNA_WOBBLE_GUANINE_MODIFICATION,6,False
GO_BP,GOBP_TRNA_WOBBLE_POSITION_URIDINE_THIOLATION,5,False
GO_BP,GOBP_TRNA_WOBBLE_URIDINE_MODIFICATION,21,True
GO_BP,GOBP_TROPHECTODERMAL_CELL_DIFFERENTIATION,18,True
GO_BP,GOBP_TROPHOBLAST_CELL_MIGRATION,20,True
GO_BP,GOBP_TROPHOBLAST_GIANT_CELL_DIFFERENTIATION,10,False
GO_BP,GOBP_TRYPTOPHAN_TRANSPORT,6,False
GO_BP,GOBP_TUBE_CLOSURE,87,True
GO_BP,GOBP_TUBE_DEVELOPMENT,930,False
GO_BP,GOBP_TUBE_FORMATION,136,True
GO_BP,GOBP_TUBE_LUMEN_CAVITATION,3,False
GO_BP,GOBP_TUBE_MORPHOGENESIS,745,False
GO_BP,GOBP_TUBULIN_COMPLEX_ASSEMBLY,10,False
GO_BP,GOBP_TUBULIN_DEACETYLATION,19,True
GO_BP,GOBP_TUMOR_NECROSIS_FACTOR_MEDIATED_SIGNALING_PATHWAY,116,True
GO_BP,GOBP_TUMOR_NECROSIS_FACTOR_SUPERFAMILY_CYTOKINE_PRODUCTION,147,True
GO_BP,GOBP_TYPE_2_IMMUNE_RESPONSE,28,True
GO_BP,GOBP_TYPE_2_MITOPHAGY,17,True
GO_BP,GOBP_TYPE_B_PANCREATIC_CELL_APOPTOTIC_PROCESS,8,False
GO_BP,GOBP_TYPE_B_PANCREATIC_CELL_DEVELOPMENT,18,True
GO_BP,GOBP_TYPE_B_PANCREATIC_CELL_DIFFERENTIATION,20,True
GO_BP,GOBP_TYPE_B_PANCREATIC_CELL_PROLIFERATION,18,True
GO_BP,GOBP_TYPE_III_INTERFERON_PRODUCTION,4,False
GO_BP,GOBP_TYPE_II_HYPERSENSITIVITY,2,False
GO_BP,GOBP_TYPE_II_INTERFERON_MEDIATED_SIGNALING_PATHWAY,25,True
GO_BP,GOBP_TYPE_II_INTERFERON_PRODUCTION,105,True
GO_BP,GOBP_TYPE_II_PNEUMOCYTE_DIFFERENTIATION,5,False
GO_BP,GOBP_TYPE_IV_HYPERSENSITIVITY,3,False
GO_BP,GOBP_TYPE_I_HYPERSENSITIVITY,1,False
GO_BP,GOBP_TYPE_I_INTERFERON_MEDIATED_SIGNALING_PATHWAY,67,True
GO_BP,GOBP_TYPE_I_INTERFERON_PRODUCTION,126,True
GO_BP,GOBP_TYPE_I_PNEUMOCYTE_DIFFERENTIATION,7,False
GO_BP,GOBP_TYROSINE_METABOLIC_PROCESS,10,False
GO_BP,GOBP_TYROSINE_PHOSPHORYLATION_OF_STAT_PROTEIN,28,True
GO_BP,GOBP_T_CELL_ACTIVATION,464,True
GO_BP,GOBP_T_CELL_ACTIVATION_INVOLVED_IN_IMMUNE_RESPONSE,109,True
GO_BP,GOBP_T_CELL_ACTIVATION_VIA_T_CELL_RECEPTOR_CONTACT_WITH_ANTIGEN_BOUND_TO_MHC_MOLECULE_ON_ANTIGEN_PRESENTING_CELL,9,False
GO_BP,GOBP_T_CELL_ANTIGEN_PROCESSING_AND_PRESENTATION,4,False
GO_BP,GOBP_T_CELL_APOPTOTIC_PROCESS,43,True
GO_BP,GOBP_T_CELL_CHEMOTAXIS,13,False
GO_BP,GOBP_T_CELL_CYTOKINE_PRODUCTION,33,True
GO_BP,GOBP_T_CELL_DIFFERENTIATION,267,True
GO_BP,GOBP_T_CELL_DIFFERENTIATION_INVOLVED_IN_IMMUNE_RESPONSE,92,True
GO_BP,GOBP_T_CELL_DIFFERENTIATION_IN_THYMUS,80,True
GO_BP,GOBP_T_CELL_EXTRAVASATION,11,False
GO_BP,GOBP_T_CELL_HOMEOSTASIS,55,True
GO_BP,GOBP_T_CELL_LINEAGE_COMMITMENT,35,True
GO_BP,GOBP_T_CELL_MEDIATED_CYTOTOXICITY,61,True
GO_BP,GOBP_T_CELL_MEDIATED_IMMUNE_RESPONSE_TO_TUMOR_CELL,24,True
GO_BP,GOBP_T_CELL_MEDIATED_IMMUNITY,117,True
GO_BP,GOBP_T_CELL_MIGRATION,48,True
GO_BP,GOBP_T_CELL_PROLIFERATION,155,True
GO_BP,GOBP_T_CELL_RECEPTOR_SIGNALING_PATHWAY,123,True
GO_BP,GOBP_T_CELL_SELECTION,61,True
GO_BP,GOBP_T_CELL_TOLERANCE_INDUCTION,13,False
GO_BP,GOBP_T_FOLLICULAR_HELPER_CELL_DIFFERENTIATION,7,False
GO_BP,GOBP_T_HELPER_17_CELL_DIFFERENTIATION,51,True
GO_BP,GOBP_T_HELPER_17_TYPE_IMMUNE_RESPONSE,65,True
GO_BP,GOBP_T_HELPER_1_CELL_CYTOKINE_PRODUCTION,3,False
GO_BP,GOBP_T_HELPER_1_CELL_DIFFERENTIATION,37,True
GO_BP,GOBP_T_HELPER_1_TYPE_IMMUNE_RESPONSE,60,True
GO_BP,GOBP_T_HELPER_2_CELL_CYTOKINE_PRODUCTION,5,False
GO_BP,GOBP_T_HELPER_2_CELL_DIFFERENTIATION,11,False
GO_BP,GOBP_T_HELPER_CELL_LINEAGE_COMMITMENT,25,True
GO_BP,GOBP_T_TUBULE_ORGANIZATION,4,False
GO_BP,GOBP_U2_TYPE_PRESPLICEOSOME_ASSEMBLY,25,True
GO_BP,GOBP_U4_SNRNA_3_END_PROCESSING,8,False
GO_BP,GOBP_UBIQUITIN_DEPENDENT_ENDOCYTOSIS,8,False
GO_BP,GOBP_UBIQUITIN_DEPENDENT_PROTEIN_CATABOLIC_PROCESS_VIA_THE_C_END_DEGRON_RULE_PATHWAY,17,True
GO_BP,GOBP_UBIQUITIN_DEPENDENT_PROTEIN_CATABOLIC_PROCESS_VIA_THE_MULTIVESICULAR_BODY_SORTING_PATHWAY,37,True
GO_BP,GOBP_UBIQUITIN_DEPENDENT_PROTEIN_CATABOLIC_PROCESS_VIA_THE_N_END_RULE_PATHWAY,5,False
GO_BP,GOBP_UBIQUITIN_INDEPENDENT_PROTEIN_CATABOLIC_PROCESS_VIA_THE_MULTIVESICULAR_BODY_SORTING_PATHWAY,4,False
GO_BP,GOBP_UBIQUITIN_RECYCLING,13,False
GO_BP,GOBP_UDP_ALPHA_D_GLUCOSE_METABOLIC_PROCESS,5,False
GO_BP,GOBP_UDP_BIOSYNTHETIC_PROCESS,5,False
GO_BP,GOBP_UDP_METABOLIC_PROCESS,8,False
GO_BP,GOBP_UDP_N_ACETYLGLUCOSAMINE_BIOSYNTHETIC_PROCESS,10,False
GO_BP,GOBP_UDP_N_ACETYLGLUCOSAMINE_METABOLIC_PROCESS,13,False
GO_BP,GOBP_UDP_N_ACETYLGLUCOSAMINE_TRANSMEMBRANE_TRANSPORT,5,False
GO_BP,GOBP_UMP_CATABOLIC_PROCESS,3,False
GO_BP,GOBP_UMP_SALVAGE,4,False
GO_BP,GOBP_UNSATURATED_FATTY_ACID_BIOSYNTHETIC_PROCESS,42,True
GO_BP,GOBP_UNSATURATED_FATTY_ACID_METABOLIC_PROCESS,81,True
GO_BP,GOBP_URATE_METABOLIC_PROCESS,7,False
GO_BP,GOBP_URATE_TRANSPORT,4,False
GO_BP,GOBP_UREA_CYCLE,9,False
GO_BP,GOBP_UREA_TRANSMEMBRANE_TRANSPORT,5,False
GO_BP,GOBP_UREA_TRANSPORT,6,False
GO_BP,GOBP_URETERIC_BUD_ELONGATION,7,False
GO_BP,GOBP_URETERIC_BUD_FORMATION,7,False
GO_BP,GOBP_URETER_DEVELOPMENT,13,False
GO_BP,GOBP_URETER_MORPHOGENESIS,5,False
GO_BP,GOBP_URIDINE_TRANSMEMBRANE_TRANSPORT,5,False
GO_BP,GOBP_URINARY_TRACT_SMOOTH_MUSCLE_CONTRACTION,5,False
GO_BP,GOBP_UROGENITAL_SYSTEM_DEVELOPMENT,55,True
GO_BP,GOBP_UTERINE_SMOOTH_MUSCLE_CONTRACTION,7,False
GO_BP,GOBP_UTERUS_DEVELOPMENT,19,True
GO_BP,GOBP_UTERUS_MORPHOGENESIS,3,False
GO_BP,GOBP_UTP_BIOSYNTHETIC_PROCESS,9,False
GO_BP,GOBP_UTP_METABOLIC_PROCESS,11,False
GO_BP,GOBP_UV_DAMAGE_EXCISION_REPAIR,15,True
GO_BP,GOBP_UV_PROTECTION,12,False
GO_BP,GOBP_VACUOLAR_ACIDIFICATION,35,True
GO_BP,GOBP_VACUOLAR_LOCALIZATION,74,True
GO_BP,GOBP_VACUOLAR_PROTON_TRANSPORTING_V_TYPE_ATPASE_COMPLEX_ASSEMBLY,3,False
GO_BP,GOBP_VACUOLAR_TRANSMEMBRANE_TRANSPORT,8,False
GO_BP,GOBP_VACUOLAR_TRANSPORT,180,True
GO_BP,GOBP_VACUOLE_FUSION,14,False
GO_BP,GOBP_VACUOLE_ORGANIZATION,249,True
GO_BP,GOBP_VAGINA_DEVELOPMENT,8,False
GO_BP,GOBP_VALINE_METABOLIC_PROCESS,7,False
GO_BP,GOBP_VASCULAR_ASSOCIATED_SMOOTH_MUSCLE_CELL_APOPTOTIC_PROCESS,10,False
GO_BP,GOBP_VASCULAR_ASSOCIATED_SMOOTH_MUSCLE_CELL_DEVELOPMENT,11,False
GO_BP,GOBP_VASCULAR_ASSOCIATED_SMOOTH_MUSCLE_CELL_DIFFERENTIATION,30,True
GO_BP,GOBP_VASCULAR_ASSOCIATED_SMOOTH_MUSCLE_CELL_MIGRATION,22,True
GO_BP,GOBP_VASCULAR_ASSOCIATED_SMOOTH_MUSCLE_CELL_PROLIFERATION,48,True
GO_BP,GOBP_VASCULAR_ASSOCIATED_SMOOTH_MUSCLE_CONTRACTION,22,True
GO_BP,GOBP_VASCULAR_ENDOTHELIAL_CELL_PROLIFERATION,21,True
GO_BP,GOBP_VASCULAR_ENDOTHELIAL_CELL_RESPONSE_TO_FLUID_SHEAR_STRESS,28,True
GO_BP,GOBP_VASCULAR_ENDOTHELIAL_CELL_RESPONSE_TO_LAMINAR_FLUID_SHEAR_STRESS,23,True
GO_BP,GOBP_VASCULAR_ENDOTHELIAL_GROWTH_FACTOR_PRODUCTION,28,True
GO_BP,GOBP_VASCULAR_ENDOTHELIAL_GROWTH_FACTOR_RECEPTOR_2_SIGNALING_PATHWAY,6,False
GO_BP,GOBP_VASCULAR_ENDOTHELIAL_GROWTH_FACTOR_RECEPTOR_SIGNALING_PATHWAY,54,True
GO_BP,GOBP_VASCULAR_ENDOTHELIAL_GROWTH_FACTOR_SIGNALING_PATHWAY,53,True
GO_BP,GOBP_VASCULAR_PROCESS_IN_CIRCULATORY_SYSTEM,212,True
GO_BP,GOBP_VASCULAR_TRANSPORT,73,True
GO_BP,GOBP_VASCULAR_WOUND_HEALING,18,True
GO_BP,GOBP_VASCULATURE_DEVELOPMENT,641,False
GO_BP,GOBP_VASCULOGENESIS,70,True
GO_BP,GOBP_VASCULOGENESIS_INVOLVED_IN_CORONARY_VASCULAR_MORPHOGENESIS,3,False
GO_BP,GOBP_VASOCONSTRICTION,57,True
GO_BP,GOBP_VASODILATION,46,True
GO_BP,GOBP_VENOUS_BLOOD_VESSEL_DEVELOPMENT,15,True
GO_BP,GOBP_VENOUS_BLOOD_VESSEL_MORPHOGENESIS,10,False
GO_BP,GOBP_VENTRAL_MIDLINE_DEVELOPMENT,5,False
GO_BP,GOBP_VENTRAL_SPINAL_CORD_DEVELOPMENT,26,True
GO_BP,GOBP_VENTRAL_SPINAL_CORD_INTERNEURON_DIFFERENTIATION,3,False
GO_BP,GOBP_VENTRICULAR_CARDIAC_MUSCLE_CELL_ACTION_POTENTIAL,26,True
GO_BP,GOBP_VENTRICULAR_CARDIAC_MUSCLE_CELL_DEVELOPMENT,9,False
GO_BP,GOBP_VENTRICULAR_CARDIAC_MUSCLE_CELL_DIFFERENTIATION,20,True
GO_BP,GOBP_VENTRICULAR_CARDIAC_MUSCLE_CELL_MEMBRANE_REPOLARIZATION,21,True
GO_BP,GOBP_VENTRICULAR_CARDIAC_MUSCLE_TISSUE_DEVELOPMENT,47,True
GO_BP,GOBP_VENTRICULAR_CARDIAC_MUSCLE_TISSUE_MORPHOGENESIS,34,True
GO_BP,GOBP_VENTRICULAR_COMPACT_MYOCARDIUM_MORPHOGENESIS,5,False
GO_BP,GOBP_VENTRICULAR_SEPTUM_DEVELOPMENT,63,True
GO_BP,GOBP_VENTRICULAR_SEPTUM_MORPHOGENESIS,38,True
GO_BP,GOBP_VENTRICULAR_SYSTEM_DEVELOPMENT,34,True
GO_BP,GOBP_VENTRICULAR_TRABECULA_MYOCARDIUM_MORPHOGENESIS,13,False
GO_BP,GOBP_VERY_LONG_CHAIN_FATTY_ACID_BIOSYNTHETIC_PROCESS,11,False
GO_BP,GOBP_VERY_LONG_CHAIN_FATTY_ACID_CATABOLIC_PROCESS,5,False
GO_BP,GOBP_VERY_LONG_CHAIN_FATTY_ACID_METABOLIC_PROCESS,29,True
GO_BP,GOBP_VERY_LOW_DENSITY_LIPOPROTEIN_PARTICLE_ASSEMBLY,9,False
GO_BP,GOBP_VERY_LOW_DENSITY_LIPOPROTEIN_PARTICLE_CLEARANCE,5,False
GO_BP,GOBP_VESICLE_BUDDING_FROM_MEMBRANE,88,True
GO_BP,GOBP_VESICLE_CARGO_LOADING,32,True
GO_BP,GOBP_VESICLE_COATING,38,True
GO_BP,GOBP_VESICLE_CYTOSKELETAL_TRAFFICKING,58,True
GO_BP,GOBP_VESICLE_DOCKING,53,True
GO_BP,GOBP_VESICLE_DOCKING_INVOLVED_IN_EXOCYTOSIS,34,True
GO_BP,GOBP_VESICLE_FUSION_TO_PLASMA_MEMBRANE,22,True
GO_BP,GOBP_VESICLE_FUSION_WITH_GOLGI_APPARATUS,6,False
GO_BP,GOBP_VESICLE_LOCALIZATION,210,True
GO_BP,GOBP_VESICLE_MEDIATED_CHOLESTEROL_TRANSPORT,14,False
GO_BP,GOBP_VESICLE_MEDIATED_TRANSPORT,1424,False
GO_BP,GOBP_VESICLE_MEDIATED_TRANSPORT_BETWEEN_ENDOSOMAL_COMPARTMENTS,50,True
GO_BP,GOBP_VESICLE_MEDIATED_TRANSPORT_IN_SYNAPSE,213,True
GO_BP,GOBP_VESICLE_MEDIATED_TRANSPORT_TO_THE_PLASMA_MEMBRANE,168,True
GO_BP,GOBP_VESICLE_ORGANIZATION,368,True
GO_BP,GOBP_VESICLE_TARGETING,65,True
GO_BP,GOBP_VESICLE_TARGETING_ROUGH_ER_TO_CIS_GOLGI,25,True
GO_BP,GOBP_VESICLE_TARGETING_TO_FROM_OR_WITHIN_GOLGI,32,True
GO_BP,GOBP_VESICLE_TETHERING,33,True
GO_BP,GOBP_VESICLE_TETHERING_INVOLVED_IN_EXOCYTOSIS,9,False
GO_BP,GOBP_VESICLE_TETHERING_TO_GOLGI,5,False
GO_BP,GOBP_VESICLE_TRANSPORT_ALONG_ACTIN_FILAMENT,7,False
GO_BP,GOBP_VESICLE_TRANSPORT_ALONG_MICROTUBULE,46,True
GO_BP,GOBP_VESICLE_UNCOATING,7,False
GO_BP,GOBP_VESTIBULAR_REFLEX,2,False
GO_BP,GOBP_VESTIBULOCOCHLEAR_NERVE_DEVELOPMENT,4,False
GO_BP,GOBP_VESTIBULOCOCHLEAR_NERVE_FORMATION,1,False
GO_BP,GOBP_VESTIBULOCOCHLEAR_NERVE_MORPHOGENESIS,3,False
GO_BP,GOBP_VIRAL_BUDDING,26,True
GO_BP,GOBP_VIRAL_GENE_EXPRESSION,83,True
GO_BP,GOBP_VIRAL_GENOME_REPLICATION,97,True
GO_BP,GOBP_VIRAL_LATENCY,6,False
GO_BP,GOBP_VIRAL_LIFE_CYCLE,244,True
GO_BP,GOBP_VIRAL_PROCESS,331,True
GO_BP,GOBP_VIRAL_PROTEIN_PROCESSING,32,True
GO_BP,GOBP_VIRAL_RELEASE_FROM_HOST_CELL,27,True
GO_BP,GOBP_VIRAL_RNA_GENOME_REPLICATION,25,True
GO_BP,GOBP_VIRAL_TRANSCRIPTION,28,True
GO_BP,GOBP_VIRAL_TRANSLATION,22,True
GO_BP,GOBP_VIRAL_TRANSLATIONAL_FRAMESHIFTING,6,False
GO_BP,GOBP_VIRAL_TRANSLATIONAL_TERMINATION_REINITIATION,5,False
GO_BP,GOBP_VIRION_ASSEMBLY,36,True
GO_BP,GOBP_VISUAL_BEHAVIOR,50,True
GO_BP,GOBP_VITAMIN_A_METABOLIC_PROCESS,3,False
GO_BP,GOBP_VITAMIN_B6_METABOLIC_PROCESS,6,False
GO_BP,GOBP_VITAMIN_BIOSYNTHETIC_PROCESS,18,True
GO_BP,GOBP_VITAMIN_CATABOLIC_PROCESS,9,False
GO_BP,GOBP_VITAMIN_D3_METABOLIC_PROCESS,5,False
GO_BP,GOBP_VITAMIN_D_BIOSYNTHETIC_PROCESS,7,False
GO_BP,GOBP_VITAMIN_D_METABOLIC_PROCESS,11,False
GO_BP,GOBP_VITAMIN_D_RECEPTOR_SIGNALING_PATHWAY,19,True
GO_BP,GOBP_VITAMIN_E_METABOLIC_PROCESS,3,False
GO_BP,GOBP_VITAMIN_K_CATABOLIC_PROCESS,2,False
GO_BP,GOBP_VITAMIN_K_METABOLIC_PROCESS,9,False
GO_BP,GOBP_VITAMIN_METABOLIC_PROCESS,29,True
GO_BP,GOBP_VITAMIN_TRANSMEMBRANE_TRANSPORT,14,False
GO_BP,GOBP_VITAMIN_TRANSPORT,38,True
GO_BP,GOBP_VOCALIZATION_BEHAVIOR,14,False
GO_BP,GOBP_VOLUNTARY_MUSCULOSKELETAL_MOVEMENT,6,False
GO_BP,GOBP_VOLUNTARY_SKELETAL_MUSCLE_CONTRACTION,3,False
GO_BP,GOBP_V_D_J_RECOMBINATION,18,True
GO_BP,GOBP_WALKING_BEHAVIOR,31,True
GO_BP,GOBP_WATER_SOLUBLE_VITAMIN_BIOSYNTHETIC_PROCESS,9,False
GO_BP,GOBP_WATER_TRANSPORT,13,False
GO_BP,GOBP_WHITE_FAT_CELL_DIFFERENTIATION,16,True
GO_BP,GOBP_WHITE_FAT_CELL_PROLIFERATION,2,False
GO_BP,GOBP_WNT_PROTEIN_SECRETION,6,False
GO_BP,GOBP_WNT_SIGNALING_PATHWAY,416,True
GO_BP,GOBP_WNT_SIGNALING_PATHWAY_CALCIUM_MODULATING_PATHWAY,5,False
GO_BP,GOBP_WNT_SIGNALING_PATHWAY_PLANAR_CELL_POLARITY_PATHWAY,43,True
GO_BP,GOBP_WOUND_HEALING,356,True
GO_BP,GOBP_WOUND_HEALING_INVOLVED_IN_INFLAMMATORY_RESPONSE,11,False
GO_BP,GOBP_WOUND_HEALING_SPREADING_OF_EPIDERMAL_CELLS,23,True
GO_BP,GOBP_WYBUTOSINE_BIOSYNTHETIC_PROCESS,6,False
GO_BP,GOBP_XENOBIOTIC_CATABOLIC_PROCESS,18,True
GO_BP,GOBP_XENOBIOTIC_EXPORT_FROM_CELL,12,False
GO_BP,GOBP_XENOBIOTIC_METABOLIC_PROCESS,79,True
GO_BP,GOBP_XENOBIOTIC_TRANSMEMBRANE_TRANSPORT,18,True
GO_BP,GOBP_XENOBIOTIC_TRANSPORT,43,True
GO_BP,GOBP_XENOBIOTIC_TRANSPORT_ACROSS_BLOOD_BRAIN_BARRIER,5,False
GO_BP,GOBP_XENOPHAGY,16,True
GO_BP,GOBP_XMP_METABOLIC_PROCESS,9,False
GO_BP,GOBP_ZINC_ION_IMPORT_ACROSS_PLASMA_MEMBRANE,9,False
GO_BP,GOBP_ZINC_ION_IMPORT_INTO_ORGANELLE,10,False
GO_BP,GOBP_ZINC_ION_TRANSPORT,27,True
GO_BP,GOBP_ZYGOTIC_DETERMINATION_OF_ANTERIOR_POSTERIOR_AXIS_EMBRYO,3,False
GO_BP,GOBP_ZYMOGEN_ACTIVATION,38,True
GO_BP,GOBP_ZYMOSTEROL_METABOLIC_PROCESS,15,True
Hallmark,HALLMARK_ADIPOGENESIS,192,True
Hallmark,HALLMARK_ALLOGRAFT_REJECTION,150,True
Hallmark,HALLMARK_ANDROGEN_RESPONSE,94,True
Hallmark,HALLMARK_ANGIOGENESIS,28,True
Hallmark,HALLMARK_APICAL_JUNCTION,177,True
Hallmark,HALLMARK_APICAL_SURFACE,36,True
Hallmark,HALLMARK_APOPTOSIS,146,True
Hallmark,HALLMARK_BILE_ACID_METABOLISM,91,True
Hallmark,HALLMARK_CHOLESTEROL_HOMEOSTASIS,69,True
Hallmark,HALLMARK_COAGULATION,108,True
Hallmark,HALLMARK_COMPLEMENT,158,True
Hallmark,HALLMARK_DNA_REPAIR,151,True
Hallmark,HALLMARK_E2F_TARGETS,206,True
Hallmark,HALLMARK_EPITHELIAL_MESENCHYMAL_TRANSITION,197,True
Hallmark,HALLMARK_ESTROGEN_RESPONSE_EARLY,184,True
Hallmark,HALLMARK_ESTROGEN_RESPONSE_LATE,173,True
Hallmark,HALLMARK_FATTY_ACID_METABOLISM,143,True
Hallmark,HALLMARK_G2M_CHECKPOINT,198,True
Hallmark,HALLMARK_GLYCOLYSIS,181,True
Hallmark,HALLMARK_HEDGEHOG_SIGNALING,32,True
Hallmark,HALLMARK_HEME_METABOLISM,172,True
Hallmark,HALLMARK_HYPOXIA,186,True
Hallmark,HALLMARK_IL2_STAT5_SIGNALING,174,True
Hallmark,HALLMARK_IL6_JAK_STAT3_SIGNALING,63,True
Hallmark,HALLMARK_INFLAMMATORY_RESPONSE,157,True
Hallmark,HALLMARK_INTERFERON_ALPHA_RESPONSE,109,True
Hallmark,HALLMARK_INTERFERON_GAMMA_RESPONSE,201,True
Hallmark,HALLMARK_KRAS_SIGNALING_DN,113,True
Hallmark,HALLMARK_KRAS_SIGNALING_UP,159,True
Hallmark,HALLMARK_MITOTIC_SPINDLE,206,True
Hallmark,HALLMARK_MTORC1_SIGNALING,201,True
Hallmark,HALLMARK_MYC_TARGETS_V1,204,True
Hallmark,HALLMARK_MYC_TARGETS_V2,58,True
Hallmark,HALLMARK_MYOGENESIS,167,True
Hallmark,HALLMARK_NOTCH_SIGNALING,32,True
Hallmark,HALLMARK_OXIDATIVE_PHOSPHORYLATION,201,True
Hallmark,HALLMARK_P53_PATHWAY,192,True
Hallmark,HALLMARK_PANCREAS_BETA_CELLS,19,True
Hallmark,HALLMARK_PEROXISOME,95,True
Hallmark,HALLMARK_PI3K_AKT_MTOR_SIGNALING,101,True
Hallmark,HALLMARK_PROTEIN_SECRETION,92,True
Hallmark,HALLMARK_REACTIVE_OXYGEN_SPECIES_PATHWAY,53,True
Hallmark,HALLMARK_SPERMATOGENESIS,91,True
Hallmark,HALLMARK_TGF_BETA_SIGNALING,55,True
Hallmark,HALLMARK_TNFA_SIGNALING_VIA_NFKB,189,True
Hallmark,HALLMARK_UNFOLDED_PROTEIN_RESPONSE,112,True
Hallmark,HALLMARK_UV_RESPONSE_DN,146,True
Hallmark,HALLMARK_UV_RESPONSE_UP,154,True
Hallmark,HALLMARK_WNT_BETA_CATENIN_SIGNALING,39,True
Hallmark,HALLMARK_XENOBIOTIC_METABOLISM,173,True
Reactome,REACTOME_2_LTR_CIRCLE_FORMATION,7,False
Reactome,REACTOME_ABACAVIR_ADME,5,False
Reactome,REACTOME_ABACAVIR_TRANSMEMBRANE_TRANSPORT,3,False
Reactome,REACTOME_ABC_FAMILY_PROTEINS_MEDIATED_TRANSPORT,87,True
Reactome,REACTOME_ABC_TRANSPORTERS_IN_LIPID_HOMEOSTASIS,12,False
Reactome,REACTOME_ABC_TRANSPORTER_DISORDERS,61,True
Reactome,REACTOME_ABERRANT_REGULATION_OF_MITOTIC_EXIT_IN_CANCER_DUE_TO_RB1_DEFECTS,20,True
Reactome,REACTOME_ABERRANT_REGULATION_OF_MITOTIC_G1_S_TRANSITION_IN_CANCER_DUE_TO_RB1_DEFECTS,18,True
Reactome,REACTOME_ABORTIVE_ELONGATION_OF_HIV_1_TRANSCRIPT_IN_THE_ABSENCE_OF_TAT,25,True
Reactome,REACTOME_ACETYLCHOLINE_BINDING_AND_DOWNSTREAM_EVENTS,2,False
Reactome,REACTOME_ACETYLCHOLINE_INHIBITS_CONTRACTION_OF_OUTER_HAIR_CELLS,4,False
Reactome,REACTOME_ACETYLCHOLINE_NEUROTRANSMITTER_RELEASE_CYCLE,14,False
Reactome,REACTOME_ACETYLCHOLINE_REGULATES_INSULIN_SECRETION,8,False
Reactome,REACTOME_ACROSOME_REACTION_AND_SPERM_OOCYTE_MEMBRANE_BINDING,2,False
Reactome,REACTOME_ACTIVATED_NOTCH1_TRANSMITS_SIGNAL_TO_THE_NUCLEUS,32,True
Reactome,REACTOME_ACTIVATED_NTRK2_SIGNALS_THROUGH_CDK5,6,False
Reactome,REACTOME_ACTIVATED_NTRK2_SIGNALS_THROUGH_FRS2_AND_FRS3,11,False
Reactome,REACTOME_ACTIVATED_NTRK2_SIGNALS_THROUGH_FYN,5,False
Reactome,REACTOME_ACTIVATED_NTRK2_SIGNALS_THROUGH_PI3K,6,False
Reactome,REACTOME_ACTIVATED_NTRK2_SIGNALS_THROUGH_RAS,9,False
Reactome,REACTOME_ACTIVATED_NTRK3_SIGNALS_THROUGH_PI3K,4,False
Reactome,REACTOME_ACTIVATED_NTRK3_SIGNALS_THROUGH_RAS,8,False
Reactome,REACTOME_ACTIVATED_PKN1_STIMULATES_TRANSCRIPTION_OF_AR_ANDROGEN_RECEPTOR_REGULATED_GENES_KLK2_AND_KLK3,34,True
Reactome,REACTOME_ACTIVATED_TAK1_MEDIATES_P38_MAPK_ACTIVATION,23,True
Reactome,REACTOME_ACTIVATION_OF_AMPK_DOWNSTREAM_OF_NMDARS,25,True
Reactome,REACTOME_ACTIVATION_OF_ANTERIOR_HOX_GENES_IN_HINDBRAIN_DEVELOPMENT_DURING_EARLY_EMBRYOGENESIS,86,True
Reactome,REACTOME_ACTIVATION_OF_APC_C_AND_APC_C_CDC20_MEDIATED_DEGRADATION_OF_MITOTIC_PROTEINS,64,True
Reactome,REACTOME_ACTIVATION_OF_ATR_IN_RESPONSE_TO_REPLICATION_STRESS,38,True
Reactome,REACTOME_ACTIVATION_OF_BAD_AND_TRANSLOCATION_TO_MITOCHONDRIA,16,True
Reactome,REACTOME_ACTIVATION_OF_BH3_ONLY_PROTEINS,31,True
Reactome,REACTOME_ACTIVATION_OF_C3_AND_C5,11,False
Reactome,REACTOME_ACTIVATION_OF_CASPASES_THROUGH_APOPTOSOME_MEDIATED_CLEAVAGE,6,False
Reactome,REACTOME_ACTIVATION_OF_GENE_EXPRESSION_BY_SREBF_SREBP,45,True
Reactome,REACTOME_ACTIVATION_OF_IRF3_IRF7_MEDIATED_BY_TBK1_IKK_IKBKE,19,True
Reactome,REACTOME_ACTIVATION_OF_KAINATE_RECEPTORS_UPON_GLUTAMATE_BINDING,25,True
Reactome,REACTOME_ACTIVATION_OF_MATRIX_METALLOPROTEINASES,19,True
Reactome,REACTOME_ACTIVATION_OF_NF_KAPPAB_IN_B_CELLS,54,True
Reactome,REACTOME_ACTIVATION_OF_NIMA_KINASES_NEK9_NEK6_NEK7,7,False
Reactome,REACTOME_ACTIVATION_OF_NMDA_RECEPTORS_AND_POSTSYNAPTIC_EVENTS,86,True
Reactome,REACTOME_ACTIVATION_OF_NOXA_AND_TRANSLOCATION_TO_MITOCHONDRIA,5,False
Reactome,REACTOME_ACTIVATION_OF_PPARGC1A_PGC_1ALPHA_BY_PHOSPHORYLATION,10,False
Reactome,REACTOME_ACTIVATION_OF_PUMA_AND_TRANSLOCATION_TO_MITOCHONDRIA,9,False
Reactome,REACTOME_ACTIVATION_OF_RAC1,11,False
Reactome,REACTOME_ACTIVATION_OF_RAC1_DOWNSTREAM_OF_NMDARS,7,False
Reactome,REACTOME_ACTIVATION_OF_RAS_IN_B_CELLS,6,False
Reactome,REACTOME_ACTIVATION_OF_SMO,15,True
Reactome,REACTOME_ACTIVATION_OF_THE_AP_1_FAMILY_OF_TRANSCRIPTION_FACTORS,10,False
Reactome,REACTOME_ACTIVATION_OF_THE_MRNA_UPON_BINDING_OF_THE_CAP_BINDING_COMPLEX_AND_EIFS_AND_SUBSEQUENT_BINDING_TO_43S,63,True
Reactome,REACTOME_ACTIVATION_OF_THE_PHOTOTRANSDUCTION_CASCADE,6,False
Reactome,REACTOME_ACTIVATION_OF_THE_PRE_REPLICATIVE_COMPLEX,32,True
Reactome,REACTOME_ACTIVATION_OF_THE_TFAP2_AP_2_FAMILY_OF_TRANSCRIPTION_FACTORS,9,False
Reactome,REACTOME_ACTIVATION_OF_TRKA_RECEPTORS,4,False
Reactome,REACTOME_ACYL_CHAIN_REMODELING_OF_CL,6,False
Reactome,REACTOME_ACYL_CHAIN_REMODELING_OF_DAG_AND_TAG,5,False
Reactome,REACTOME_ACYL_CHAIN_REMODELLING_OF_PC,17,True
Reactome,REACTOME_ACYL_CHAIN_REMODELLING_OF_PE,15,True
Reactome,REACTOME_ACYL_CHAIN_REMODELLING_OF_PG,9,False
Reactome,REACTOME_ACYL_CHAIN_REMODELLING_OF_PI,10,False
Reactome,REACTOME_ACYL_CHAIN_REMODELLING_OF_PS,11,False
Reactome,REACTOME_ADAPTIVE_IMMUNE_SYSTEM,766,False
Reactome,REACTOME_ADENYLATE_CYCLASE_ACTIVATING_PATHWAY,11,False
Reactome,REACTOME_ADENYLATE_CYCLASE_INHIBITORY_PATHWAY,14,False
Reactome,REACTOME_ADHERENS_JUNCTIONS_INTERACTIONS,198,True
Reactome,REACTOME_ADIPOGENESIS,101,True
Reactome,REACTOME_ADORA2B_MEDIATED_ANTI_INFLAMMATORY_CYTOKINES_PRODUCTION,40,True
Reactome,REACTOME_ADP_SIGNALLING_THROUGH_P2Y_PURINOCEPTOR_1,20,True
Reactome,REACTOME_ADP_SIGNALLING_THROUGH_P2Y_PURINOCEPTOR_12,17,True
Reactome,REACTOME_ADRENALINE_NORADRENALINE_INHIBITS_INSULIN_SECRETION,26,True
Reactome,REACTOME_ADRENOCEPTORS,6,False
Reactome,REACTOME_ADVANCED_GLYCOSYLATION_ENDPRODUCT_RECEPTOR_SIGNALING,11,False
Reactome,REACTOME_AEROBIC_RESPIRATION_AND_RESPIRATORY_ELECTRON_TRANSPORT,250,True
Reactome,REACTOME_AFLATOXIN_ACTIVATION_AND_DETOXIFICATION,12,False
Reactome,REACTOME_AGGREPHAGY,34,True
Reactome,REACTOME_AKT_PHOSPHORYLATES_TARGETS_IN_THE_CYTOSOL,15,True
Reactome,REACTOME_AKT_PHOSPHORYLATES_TARGETS_IN_THE_NUCLEUS,10,False
Reactome,REACTOME_ALK_MUTANTS_BIND_TKIS,12,False
Reactome,REACTOME_ALPHA_DEFENSINS,1,False
Reactome,REACTOME_ALPHA_LINOLENIC_OMEGA3_AND_LINOLEIC_OMEGA6_ACID_METABOLISM,12,False
Reactome,REACTOME_ALPHA_OXIDATION_OF_PHYTANATE,5,False
Reactome,REACTOME_ALPHA_PROTEIN_KINASE_1_SIGNALING_PATHWAY,11,False
Reactome,REACTOME_ALTERNATIVE_COMPLEMENT_ACTIVATION,5,False
Reactome,REACTOME_AMINE_LIGAND_BINDING_RECEPTORS,14,False
Reactome,REACTOME_AMINO_ACIDS_REGULATE_MTORC1,52,True
Reactome,REACTOME_AMINO_ACID_CONJUGATION,3,False
Reactome,REACTOME_AMPK_INDUCED_ERAD_AND_LYSOSOME_MEDIATED_DEGRADATION_OF_PD_L1_CD274,57,True
Reactome,REACTOME_AMPK_INHIBITS_CHREBP_TRANSCRIPTIONAL_ACTIVATION_ACTIVITY,7,False
Reactome,REACTOME_AMYLOID_FIBER_FORMATION,69,True
Reactome,REACTOME_ANCHORING_FIBRIL_FORMATION,14,False
Reactome,REACTOME_ANCHORING_OF_THE_BASAL_BODY_TO_THE_PLASMA_MEMBRANE,100,True
Reactome,REACTOME_ANDROGEN_BIOSYNTHESIS,4,False
Reactome,REACTOME_ANTIGEN_ACTIVATES_B_CELL_RECEPTOR_BCR_LEADING_TO_GENERATION_OF_SECOND_MESSENGERS,24,True
Reactome,REACTOME_ANTIGEN_PRESENTATION_FOLDING_ASSEMBLY_AND_PEPTIDE_LOADING_OF_CLASS_I_MHC,52,True
Reactome,REACTOME_ANTIGEN_PROCESSING_CROSS_PRESENTATION,111,True
Reactome,REACTOME_ANTIGEN_PROCESSING_UBIQUITINATION_PROTEASOME_DEGRADATION,285,True
Reactome,REACTOME_ANTIGEN_PROCESSING_UB_ATP_INDEPENDENT_PROTEASOMAL_DEGRADATION,23,True
Reactome,REACTOME_ANTIMICROBIAL_MECHANISM_OF_IFN_STIMULATED_GENES,162,True
Reactome,REACTOME_ANTIMICROBIAL_PEPTIDES,14,False
Reactome,REACTOME_ANTI_INFLAMMATORY_RESPONSE_FAVOURING_LEISHMANIA_PARASITE_INFECTION,62,True
Reactome,REACTOME_APC_CDC20_MEDIATED_DEGRADATION_OF_NEK2A,26,True
Reactome,REACTOME_APC_C_CDC20_MEDIATED_DEGRADATION_OF_CYCLIN_B,24,True
Reactome,REACTOME_APC_C_CDH1_MEDIATED_DEGRADATION_OF_CDC20_AND_OTHER_APC_C_CDH1_TARGETED_PROTEINS_IN_LATE_MITOSIS_EARLY_G1,62,True
Reactome,REACTOME_APC_C_MEDIATED_DEGRADATION_OF_CELL_CYCLE_PROTEINS,75,True
Reactome,REACTOME_APEX1_INDEPENDENT_RESOLUTION_OF_AP_SITES_VIA_THE_SINGLE_NUCLEOTIDE_REPLACEMENT_PATHWAY,7,False
Reactome,REACTOME_APOBEC3G_MEDIATED_RESISTANCE_TO_HIV_1_INFECTION,5,False
Reactome,REACTOME_APOPTOSIS,162,True
Reactome,REACTOME_APOPTOSIS_INDUCED_DNA_FRAGMENTATION,10,False
Reactome,REACTOME_APOPTOTIC_CLEAVAGE_OF_CELLULAR_PROTEINS,37,True
Reactome,REACTOME_APOPTOTIC_CLEAVAGE_OF_CELL_ADHESION_PROTEINS,10,False
Reactome,REACTOME_APOPTOTIC_EXECUTION_PHASE,48,True
Reactome,REACTOME_APOPTOTIC_FACTOR_MEDIATED_RESPONSE,21,True
Reactome,REACTOME_AQUAPORIN_MEDIATED_TRANSPORT,41,True
Reactome,REACTOME_ARACHIDONATE_METABOLISM,36,True
Reactome,REACTOME_ARACHIDONATE_PRODUCTION_FROM_DAG,5,False
Reactome,REACTOME_ARMS_MEDIATED_ACTIVATION,6,False
Reactome,REACTOME_ARYL_HYDROCARBON_RECEPTOR_SIGNALLING,6,False
Reactome,REACTOME_ASPARAGINE_N_LINKED_GLYCOSYLATION,290,True
Reactome,REACTOME_ASPARTATE_AND_ASPARAGINE_METABOLISM,9,False
Reactome,REACTOME_ASPIRIN_ADME,15,True
Reactome,REACTOME_ASSEMBLY_AND_CELL_SURFACE_PRESENTATION_OF_NMDA_RECEPTORS,37,True
Reactome,REACTOME_ASSEMBLY_AND_RELEASE_OF_DENGUE_VIRUS_VIRIONS,8,False
Reactome,REACTOME_ASSEMBLY_OF_ACTIVE_LPL_AND_LIPC_LIPASE_COMPLEXES,10,False
Reactome,REACTOME_ASSEMBLY_OF_COLLAGEN_FIBRILS_AND_OTHER_MULTIMERIC_STRUCTURES,56,True
Reactome,REACTOME_ASSEMBLY_OF_THE_HIV_VIRION,17,True
Reactome,REACTOME_ASSEMBLY_OF_THE_ORC_COMPLEX_AT_THE_ORIGIN_OF_REPLICATION,38,True
Reactome,REACTOME_ASSOCIATION_OF_TRIC_CCT_WITH_TARGET_PROTEINS_DURING_BIOSYNTHESIS,40,True
Reactome,REACTOME_ASYMMETRIC_LOCALIZATION_OF_PCP_PROTEINS,52,True
Reactome,REACTOME_ATF4_ACTIVATES_GENES_IN_RESPONSE_TO_ENDOPLASMIC_RETICULUM_STRESS,26,True
Reactome,REACTOME_ATF6_ATF6_ALPHA_ACTIVATES_CHAPERONES,12,False
Reactome,REACTOME_ATF6_ATF6_ALPHA_ACTIVATES_CHAPERONE_GENES,10,False
Reactome,REACTOME_ATORVASTATIN_ADME,2,False
Reactome,REACTOME_ATP_DEPENDENT_CHROMATIN_REMODELERS,31,True
Reactome,REACTOME_ATTACHMENT_AND_ENTRY,16,True
Reactome,REACTOME_ATTACHMENT_OF_BACTERIA_TO_EPITHELIAL_CELLS,20,True
Reactome,REACTOME_ATTACHMENT_OF_GPI_ANCHOR_TO_UPAR,7,False
Reactome,REACTOME_ATTENUATION_PHASE,30,True
Reactome,REACTOME_AUF1_HNRNP_D0_BINDS_AND_DESTABILIZES_MRNA,44,True
Reactome,REACTOME_AURKA_ACTIVATION_BY_TPX2,75,True
Reactome,REACTOME_AUTOPHAGY,150,True
Reactome,REACTOME_AZATHIOPRINE_ADME,20,True
Reactome,REACTOME_BACTERIAL_INFECTION_PATHWAYS,95,True
Reactome,REACTOME_BASE_EXCISION_REPAIR,68,True
Reactome,REACTOME_BASE_EXCISION_REPAIR_AP_SITE_FORMATION,42,True
Reactome,REACTOME_BASIGIN_INTERACTIONS,23,True
Reactome,REACTOME_BBSOME_MEDIATED_CARGO_TARGETING_TO_CILIUM,22,True
Reactome,REACTOME_BETA_CATENIN_INDEPENDENT_WNT_SIGNALING,128,True
Reactome,REACTOME_BETA_CATENIN_PHOSPHORYLATION_CASCADE,17,True
Reactome,REACTOME_BETA_DEFENSINS,3,False
Reactome,REACTOME_BETA_OXIDATION_OF_BUTANOYL_COA_TO_ACETYL_COA,4,False
Reactome,REACTOME_BETA_OXIDATION_OF_DECANOYL_COA_TO_OCTANOYL_COA_COA,6,False
Reactome,REACTOME_BETA_OXIDATION_OF_HEXANOYL_COA_TO_BUTANOYL_COA,5,False
Reactome,REACTOME_BETA_OXIDATION_OF_LAUROYL_COA_TO_DECANOYL_COA_COA,5,False
Reactome,REACTOME_BETA_OXIDATION_OF_OCTANOYL_COA_TO_HEXANOYL_COA,5,False
Reactome,REACTOME_BETA_OXIDATION_OF_PRISTANOYL_COA,9,False
Reactome,REACTOME_BETA_OXIDATION_OF_VERY_LONG_CHAIN_FATTY_ACIDS,11,False
Reactome,REACTOME_BH3_ONLY_PROTEINS_ASSOCIATE_WITH_AND_INACTIVATE_ANTI_APOPTOTIC_BCL_2_MEMBERS,9,False
Reactome,REACTOME_BICARBONATE_TRANSPORTERS,6,False
Reactome,REACTOME_BILE_ACID_AND_BILE_SALT_METABOLISM,34,True
Reactome,REACTOME_BINDING_AND_UPTAKE_OF_LIGANDS_BY_SCAVENGER_RECEPTORS,32,True
Reactome,REACTOME_BINDING_OF_TCF_LEF_CTNNB1_TO_TARGET_GENE_PROMOTERS,7,False
Reactome,REACTOME_BIOLOGICAL_OXIDATIONS,141,True
Reactome,REACTOME_BIOSYNTHESIS_OF_EPA_DERIVED_SPMS,4,False
Reactome,REACTOME_BIOSYNTHESIS_OF_LIPOXINS_LX,4,False
Reactome,REACTOME_BIOSYNTHESIS_OF_MARESINS,3,False
Reactome,REACTOME_BIOSYNTHESIS_OF_MARESIN_LIKE_SPMS,2,False
Reactome,REACTOME_BIOSYNTHESIS_OF_SPECIALIZED_PRORESOLVING_MEDIATORS_SPMS,11,False
Reactome,REACTOME_BIOSYNTHESIS_OF_THE_N_GLYCAN_PRECURSOR_DOLICHOL_LIPID_LINKED_OLIGOSACCHARIDE_LLO_AND_TRANSFER_TO_A_NASCENT_PROTEIN,77,True
Reactome,REACTOME_BIOTIN_TRANSPORT_AND_METABOLISM,14,False
Reactome,REACTOME_BLOOD_GROUP_SYSTEMS_BIOSYNTHESIS,14,False
Reactome,REACTOME_BMAL1_CLOCK_NPAS2_ACTIVATES_CIRCADIAN_EXPRESSION,24,True
Reactome,REACTOME_BRANCHED_CHAIN_AMINO_ACID_CATABOLISM,23,True
Reactome,REACTOME_BRANCHED_CHAIN_KETOACID_DEHYDROGENASE_KINASE_DEFICIENCY,5,False
Reactome,REACTOME_BUDDING_AND_MATURATION_OF_HIV_VIRION,29,True
Reactome,REACTOME_BUTYRATE_RESPONSE_FACTOR_1_BRF1_BINDS_AND_DESTABILIZES_MRNA,17,True
Reactome,REACTOME_BUTYROPHILIN_BTN_FAMILY_INTERACTIONS,6,False
Reactome,REACTOME_B_WICH_COMPLEX_POSITIVELY_REGULATES_RRNA_EXPRESSION,62,True
Reactome,REACTOME_CA2_ACTIVATED_K_CHANNELS,9,False
Reactome,REACTOME_CA2_PATHWAY,56,True
Reactome,REACTOME_CALCINEURIN_ACTIVATES_NFAT,9,False
Reactome,REACTOME_CALCITONIN_LIKE_LIGAND_RECEPTORS,6,False
Reactome,REACTOME_CALNEXIN_CALRETICULIN_CYCLE,27,True
Reactome,REACTOME_CAMK_IV_MEDIATED_PHOSPHORYLATION_OF_CREB,10,False
Reactome,REACTOME_CARBOXYTERMINAL_POST_TRANSLATIONAL_MODIFICATIONS_OF_TUBULIN,32,True
Reactome,REACTOME_CARDIAC_CONDUCTION,98,True
Reactome,REACTOME_CARDIOGENESIS,19,True
Reactome,REACTOME_CARGO_CONCENTRATION_IN_THE_ER,30,True
Reactome,REACTOME_CARGO_RECOGNITION_FOR_CLATHRIN_MEDIATED_ENDOCYTOSIS,90,True
Reactome,REACTOME_CARGO_TRAFFICKING_TO_THE_PERICILIARY_MEMBRANE,63,True
Reactome,REACTOME_CARNITINE_SHUTTLE,14,False
Reactome,REACTOME_CASP4_INFLAMMASOME_ASSEMBLY,9,False
Reactome,REACTOME_CASP4_MEDIATED_SUBSTRATE_CLEAVAGE,4,False
Reactome,REACTOME_CASP5_MEDIATED_SUBSTRATE_CLEAVAGE,3,False
Reactome,REACTOME_CASPASE_ACTIVATION_VIA_DEATH_RECEPTORS_IN_THE_PRESENCE_OF_LIGAND,15,True
Reactome,REACTOME_CASPASE_ACTIVATION_VIA_DEPENDENCE_RECEPTORS_IN_THE_ABSENCE_OF_LIGAND,9,False
Reactome,REACTOME_CASPASE_ACTIVATION_VIA_EXTRINSIC_APOPTOTIC_SIGNALLING_PATHWAY,24,True
Reactome,REACTOME_CASPASE_MEDIATED_CLEAVAGE_OF_CYTOSKELETAL_PROTEINS,14,False
Reactome,REACTOME_CATION_COUPLED_CHLORIDE_COTRANSPORTERS,7,False
Reactome,REACTOME_CA_DEPENDENT_EVENTS,37,True
Reactome,REACTOME_CD163_MEDIATING_AN_ANTI_INFLAMMATORY_RESPONSE,8,False
Reactome,REACTOME_CD209_DC_SIGN_SIGNALING,21,True
Reactome,REACTOME_CD22_MEDIATED_BCR_REGULATION,5,False
Reactome,REACTOME_CD28_DEPENDENT_PI3K_AKT_SIGNALING,22,True
Reactome,REACTOME_CD28_DEPENDENT_VAV1_PATHWAY,8,False
Reactome,REACTOME_CDC42_GTPASE_CYCLE,151,True
Reactome,REACTOME_CDC6_ASSOCIATION_WITH_THE_ORC_ORIGIN_COMPLEX,8,False
Reactome,REACTOME_CDH11_HOMOTYPIC_AND_HETEROTYPIC_INTERACTIONS,7,False
Reactome,REACTOME_CDK_MEDIATED_PHOSPHORYLATION_AND_REMOVAL_OF_CDC6,60,True
Reactome,REACTOME_CELLULAR_HEXOSE_TRANSPORT,14,False
Reactome,REACTOME_CELLULAR_RESPONSES_TO_MECHANICAL_STIMULI,96,True
Reactome,REACTOME_CELLULAR_RESPONSES_TO_STIMULI,845,False
Reactome,REACTOME_CELLULAR_RESPONSE_TO_CHEMICAL_STRESS,185,True
Reactome,REACTOME_CELLULAR_RESPONSE_TO_HEAT_STRESS,103,True
Reactome,REACTOME_CELLULAR_RESPONSE_TO_HYPOXIA,62,True
Reactome,REACTOME_CELLULAR_RESPONSE_TO_MITOCHONDRIAL_STRESS,9,False
Reactome,REACTOME_CELLULAR_RESPONSE_TO_STARVATION,155,True
Reactome,REACTOME_CELLULAR_SENESCENCE,162,True
Reactome,REACTOME_CELL_CELL_COMMUNICATION,269,True
Reactome,REACTOME_CELL_CYCLE,654,False
Reactome,REACTOME_CELL_CYCLE_CHECKPOINTS,276,True
Reactome,REACTOME_CELL_CYCLE_MITOTIC,518,False
Reactome,REACTOME_CELL_DEATH_SIGNALLING_VIA_NRAGE_NRIF_AND_NADE,78,True
Reactome,REACTOME_CELL_EXTRACELLULAR_MATRIX_INTERACTIONS,17,True
Reactome,REACTOME_CELL_JUNCTION_ORGANIZATION,242,True
Reactome,REACTOME_CELL_SURFACE_INTERACTIONS_AT_THE_VASCULAR_WALL,94,True
Reactome,REACTOME_CGMP_EFFECTS,14,False
Reactome,REACTOME_CHAPERONE_MEDIATED_AUTOPHAGY,18,True
Reactome,REACTOME_CHEMOKINE_RECEPTORS_BIND_CHEMOKINES,22,True
Reactome,REACTOME_CHK1_CHK2_CDS1_MEDIATED_INACTIVATION_OF_CYCLIN_B_CDK1_COMPLEX,14,False
Reactome,REACTOME_CHL1_INTERACTIONS,8,False
Reactome,REACTOME_CHOLESTEROL_BIOSYNTHESIS,27,True
Reactome,REACTOME_CHOLESTEROL_BIOSYNTHESIS_VIA_DESMOSTEROL_BLOCH_PATHWAY,9,False
Reactome,REACTOME_CHOLINE_CATABOLISM,5,False
Reactome,REACTOME_CHONDROITIN_SULFATE_DERMATAN_SULFATE_METABOLISM,31,True
Reactome,REACTOME_CHREBP_ACTIVATES_METABOLIC_GENE_EXPRESSION,9,False
Reactome,REACTOME_CHROMATIN_MODIFICATIONS_DURING_THE_MATERNAL_TO_ZYGOTIC_TRANSITION_MZT,37,True
Reactome,REACTOME_CHROMATIN_ORGANIZATION,254,True
Reactome,REACTOME_CHROMOSOME_MAINTENANCE,117,True
Reactome,REACTOME_CHYLOMICRON_ASSEMBLY,4,False
Reactome,REACTOME_CHYLOMICRON_CLEARANCE,4,False
Reactome,REACTOME_CHYLOMICRON_REMODELING,2,False
Reactome,REACTOME_CILIUM_ASSEMBLY,191,True
Reactome,REACTOME_CIPROFLOXACIN_ADME,3,False
Reactome,REACTOME_CIRCADIAN_CLOCK,110,True
Reactome,REACTOME_CITRIC_ACID_CYCLE_TCA_CYCLE,33,True
Reactome,REACTOME_CLASS_A_1_RHODOPSIN_LIKE_RECEPTORS,132,True
Reactome,REACTOME_CLASS_B_2_SECRETIN_FAMILY_RECEPTORS,53,True
Reactome,REACTOME_CLASS_C_3_METABOTROPIC_GLUTAMATE_PHEROMONE_RECEPTORS,16,True
Reactome,REACTOME_CLASS_I_MHC_MEDIATED_ANTIGEN_PROCESSING_PRESENTATION,376,True
Reactome,REACTOME_CLASS_I_PEROXISOMAL_MEMBRANE_PROTEIN_IMPORT,19,True
Reactome,REACTOME_CLATHRIN_MEDIATED_ENDOCYTOSIS,129,True
Reactome,REACTOME_CLEC7A_DECTIN_1_INDUCES_NFAT_ACTIVATION,11,False
Reactome,REACTOME_CLEC7A_DECTIN_1_SIGNALING,82,True
Reactome,REACTOME_CLEC7A_INFLAMMASOME_PATHWAY,5,False
Reactome,REACTOME_COBALAMIN_CBL_METABOLISM,7,False
Reactome,REACTOME_COBALAMIN_CBL_VITAMIN_B12_TRANSPORT_AND_METABOLISM,15,True
Reactome,REACTOME_COENZYME_A_BIOSYNTHESIS,7,False
Reactome,REACTOME_COHESIN_LOADING_ONTO_CHROMATIN,10,False
Reactome,REACTOME_COLLAGEN_BIOSYNTHESIS_AND_MODIFYING_ENZYMES,63,True
Reactome,REACTOME_COLLAGEN_CHAIN_TRIMERIZATION,40,True
Reactome,REACTOME_COLLAGEN_DEGRADATION,56,True
Reactome,REACTOME_COLLAGEN_FORMATION,82,True
Reactome,REACTOME_COMMON_PATHWAY_OF_FIBRIN_CLOT_FORMATION,9,False
Reactome,REACTOME_COMPLEMENT_CASCADE,33,True
Reactome,REACTOME_COMPLEX_III_ASSEMBLY,26,True
Reactome,REACTOME_COMPLEX_IV_ASSEMBLY,44,True
Reactome,REACTOME_COMPLEX_I_BIOGENESIS,68,True
Reactome,REACTOME_CONDENSATION_OF_PROMETAPHASE_CHROMOSOMES,13,False
Reactome,REACTOME_CONDENSATION_OF_PROPHASE_CHROMOSOMES,42,True
Reactome,REACTOME_CONJUGATION_OF_BENZOATE_WITH_GLYCINE,1,False
Reactome,REACTOME_CONSTITUTIVE_SIGNALING_BY_ABERRANT_PI3K_IN_CANCER,60,True
Reactome,REACTOME_CONSTITUTIVE_SIGNALING_BY_AKT1_E17K_IN_CANCER,26,True
Reactome,REACTOME_CONSTITUTIVE_SIGNALING_BY_EGFRVIII,15,True
Reactome,REACTOME_CONSTITUTIVE_SIGNALING_BY_LIGAND_RESPONSIVE_EGFR_CANCER_VARIANTS,19,True
Reactome,REACTOME_CONSTITUTIVE_SIGNALING_BY_OVEREXPRESSED_ERBB2,12,False
Reactome,REACTOME_CONVERSION_FROM_APC_C_CDC20_TO_APC_C_CDH1_IN_LATE_ANAPHASE,20,True
Reactome,REACTOME_COOPERATION_OF_PDCL_PHLP1_AND_TRIC_CCT_IN_G_PROTEIN_BETA_FOLDING,34,True
Reactome,REACTOME_COOPERATION_OF_PREFOLDIN_AND_TRIC_CCT_IN_ACTIN_AND_TUBULIN_FOLDING,29,True
Reactome,REACTOME_COPII_MEDIATED_VESICLE_TRANSPORT,67,True
Reactome,REACTOME_COPI_DEPENDENT_GOLGI_TO_ER_RETROGRADE_TRAFFIC,89,True
Reactome,REACTOME_COPI_INDEPENDENT_GOLGI_TO_ER_RETROGRADE_TRAFFIC,44,True
Reactome,REACTOME_COPI_MEDIATED_ANTEROGRADE_TRANSPORT,93,True
Reactome,REACTOME_CO_INHIBITION_BY_BTLA,3,False
Reactome,REACTOME_CO_INHIBITION_BY_CTLA4,17,True
Reactome,REACTOME_CO_INHIBITION_BY_PD_1,174,True
Reactome,REACTOME_CO_STIMULATION_BY_CD28,40,True
Reactome,REACTOME_CO_STIMULATION_BY_ICOS,8,False
Reactome,REACTOME_CREATINE_METABOLISM,6,False
Reactome,REACTOME_CREATION_OF_C4_AND_C2_ACTIVATORS,4,False
Reactome,REACTOME_CREB1_PHOSPHORYLATION_THROUGH_NMDA_RECEPTOR_MEDIATED_ACTIVATION_OF_RAS_SIGNALING,26,True
Reactome,REACTOME_CREB1_PHOSPHORYLATION_THROUGH_THE_ACTIVATION_OF_ADENYLATE_CYCLASE,12,False
Reactome,REACTOME_CREB1_PHOSPHORYLATION_THROUGH_THE_ACTIVATION_OF_CAMKII_CAMKK_CAMKIV_CASCASDE,8,False
Reactome,REACTOME_CREB3_FACTORS_ACTIVATE_GENES,7,False
Reactome,REACTOME_CREB_PHOSPHORYLATION,7,False
Reactome,REACTOME_CRISTAE_FORMATION,33,True
Reactome,REACTOME_CRMPS_IN_SEMA3A_SIGNALING,15,True
Reactome,REACTOME_CROSSLINKING_OF_COLLAGEN_FIBRILS,17,True
Reactome,REACTOME_CROSS_PRESENTATION_OF_PARTICULATE_EXOGENOUS_ANTIGENS_PHAGOSOMES,4,False
Reactome,REACTOME_CROSS_PRESENTATION_OF_SOLUBLE_EXOGENOUS_ANTIGENS_ENDOSOMES,42,True
Reactome,REACTOME_CS_DS_DEGRADATION,15,True
Reactome,REACTOME_CS_GAG_BIOSYNTHESIS,17,True
Reactome,REACTOME_CYCLIN_A_B1_B2_ASSOCIATED_EVENTS_DURING_G2_M_TRANSITION,33,True
Reactome,REACTOME_CYCLIN_A_CDK2_ASSOCIATED_EVENTS_AT_S_PHASE_ENTRY,77,True
Reactome,REACTOME_CYCLIN_D_ASSOCIATED_EVENTS_IN_G1,49,True
Reactome,REACTOME_CYP2E1_REACTIONS,5,False
Reactome,REACTOME_CYTOCHROME_C_MEDIATED_APOPTOTIC_RESPONSE,13,False
Reactome,REACTOME_CYTOCHROME_P450_ARRANGED_BY_SUBSTRATE_TYPE,36,True
Reactome,REACTOME_CYTOKINE_SIGNALING_IN_IMMUNE_SYSTEM,666,False
Reactome,REACTOME_CYTOPROTECTION_BY_HMOX1,52,True
Reactome,REACTOME_CYTOSOLIC_IRON_SULFUR_CLUSTER_ASSEMBLY,13,False
Reactome,REACTOME_CYTOSOLIC_SENSORS_OF_PATHOGEN_ASSOCIATED_DNA,64,True
Reactome,REACTOME_CYTOSOLIC_SULFONATION_OF_SMALL_MOLECULES,14,False
Reactome,REACTOME_CYTOSOLIC_TRNA_AMINOACYLATION,25,True
Reactome,REACTOME_C_TYPE_LECTIN_RECEPTORS_CLRS,108,True
Reactome,REACTOME_DAG1_CORE_M2_GLYCOSYLATIONS,5,False
Reactome,REACTOME_DAG1_CORE_M3_GLYCOSYLATIONS,7,False
Reactome,REACTOME_DAG1_GLYCOSYLATIONS,18,True
Reactome,REACTOME_DAG_AND_IP3_SIGNALING,41,True
Reactome,REACTOME_DAP12_INTERACTIONS,36,True
Reactome,REACTOME_DAP12_SIGNALING,23,True
Reactome,REACTOME_DARPP_32_EVENTS,24,True
Reactome,REACTOME_DCC_MEDIATED_ATTRACTIVE_SIGNALING,13,False
Reactome,REACTOME_DDX58_IFIH1_MEDIATED_INDUCTION_OF_INTERFERON_ALPHA_BETA,65,True
Reactome,REACTOME_DEACTIVATION_OF_THE_BETA_CATENIN_TRANSACTIVATING_COMPLEX,40,True
Reactome,REACTOME_DEADENYLATION_DEPENDENT_MRNA_DECAY,60,True
Reactome,REACTOME_DEADENYLATION_OF_MRNA,27,True
Reactome,REACTOME_DEATH_RECEPTOR_SIGNALING,152,True
Reactome,REACTOME_DECTIN_1_MEDIATED_NONCANONICAL_NF_KB_SIGNALING,48,True
Reactome,REACTOME_DECTIN_2_FAMILY,11,False
Reactome,REACTOME_DEFECTIVE_B4GALT1_CAUSES_B4GALT1_CDG_CDG_2D,6,False
Reactome,REACTOME_DEFECTIVE_B4GALT7_CAUSES_EDS_PROGEROID_TYPE,17,True
Reactome,REACTOME_DEFECTIVE_C1GALT1C1_CAUSES_TNPS,9,False
Reactome,REACTOME_DEFECTIVE_CHST14_CAUSES_EDS_MUSCULOCONTRACTURAL_TYPE,6,False
Reactome,REACTOME_DEFECTIVE_CHST3_CAUSES_SEDCJD,6,False
Reactome,REACTOME_DEFECTIVE_CHST6_CAUSES_MCDC1,6,False
Reactome,REACTOME_DEFECTIVE_CHSY1_CAUSES_TPBS,6,False
Reactome,REACTOME_DEFECTIVE_CSF2RB_CAUSES_SMDP5,1,False
Reactome,REACTOME_DEFECTIVE_EXT2_CAUSES_EXOSTOSES_2,13,False
Reactome,REACTOME_DEFECTIVE_F9_ACTIVATION,2,False
Reactome,REACTOME_DEFECTIVE_FACTOR_IX_CAUSES_HEMOPHILIA_B,5,False
Reactome,REACTOME_DEFECTIVE_FACTOR_VIII_CAUSES_HEMOPHILIA_A,5,False
Reactome,REACTOME_DEFECTIVE_GALNT3_CAUSES_HFTC,8,False
Reactome,REACTOME_DEFECTIVE_INTRINSIC_PATHWAY_FOR_APOPTOSIS,24,True
Reactome,REACTOME_DEFECTIVE_LFNG_CAUSES_SCDO3,4,False
Reactome,REACTOME_DEFECTIVE_PYROPTOSIS,42,True
Reactome,REACTOME_DEFECTIVE_RIPK1_MEDIATED_REGULATED_NECROSIS,7,False
Reactome,REACTOME_DEFECTIVE_ST3GAL3_CAUSES_MCT12_AND_EIEE15,6,False
Reactome,REACTOME_DEFECTS_IN_BIOTIN_BTN_METABOLISM,11,False
Reactome,REACTOME_DEFECTS_IN_COBALAMIN_B12_METABOLISM,12,False
Reactome,REACTOME_DEFECTS_IN_VITAMIN_AND_COFACTOR_METABOLISM,23,True
Reactome,REACTOME_DEFECTS_OF_CONTACT_ACTIVATION_SYSTEM_CAS_AND_KALLIKREIN_KININ_SYSTEM_KKS,10,False
Reactome,REACTOME_DEFECTS_OF_PLATELET_ADHESION_TO_EXPOSED_COLLAGEN,7,False
Reactome,REACTOME_DEFENSINS,4,False
Reactome,REACTOME_DEGRADATION_OF_AXIN,43,True
Reactome,REACTOME_DEGRADATION_OF_BETA_CATENIN_BY_THE_DESTRUCTION_COMPLEX,72,True
Reactome,REACTOME_DEGRADATION_OF_CRY_AND_PER_PROTEINS,49,True
Reactome,REACTOME_DEGRADATION_OF_CYSTEINE_AND_HOMOCYSTEINE,14,False
Reactome,REACTOME_DEGRADATION_OF_DVL,45,True
Reactome,REACTOME_DEGRADATION_OF_GLI1_BY_THE_PROTEASOME,48,True
Reactome,REACTOME_DEGRADATION_OF_THE_EXTRACELLULAR_MATRIX,110,True
Reactome,REACTOME_DENGUE_VIRUS_ACTIVATES_MODULATES_INNATE_AND_ADAPTIVE_IMMUNE_RESPONSES,26,True
Reactome,REACTOME_DENGUE_VIRUS_ATTACHMENT_AND_ENTRY,41,True
Reactome,REACTOME_DENGUE_VIRUS_GENOME_TRANSLATION_AND_REPLICATION,84,True
Reactome,REACTOME_DENGUE_VIRUS_HOST_INTERACTIONS,254,True
Reactome,REACTOME_DENGUE_VIRUS_INFECTION,366,True
Reactome,REACTOME_DENGUE_VIRUS_MODULATES_APOPTOSIS,18,True
Reactome,REACTOME_DEPOLYMERIZATION_OF_THE_NUCLEAR_LAMINA,14,False
Reactome,REACTOME_DEPOSITION_OF_NEW_CENPA_CONTAINING_NUCLEOSOMES_AT_THE_CENTROMERE,50,True
Reactome,REACTOME_DETOXIFICATION_OF_REACTIVE_OXYGEN_SPECIES,30,True
Reactome,REACTOME_DEUBIQUITINATION,239,True
Reactome,REACTOME_DEVELOPMENTAL_CELL_LINEAGES,87,True
Reactome,REACTOME_DEVELOPMENTAL_CELL_LINEAGES_OF_THE_EXOCRINE_PANCREAS,46,True
Reactome,REACTOME_DEVELOPMENTAL_CELL_LINEAGES_OF_THE_INTEGUMENTARY_SYSTEM,42,True
Reactome,REACTOME_DEVELOPMENTAL_LINEAGES_OF_THE_MAMMARY_GLAND,25,True
Reactome,REACTOME_DEVELOPMENTAL_LINEAGE_OF_MAMMARY_GLAND_ALVEOLAR_CELLS,9,False
Reactome,REACTOME_DEVELOPMENTAL_LINEAGE_OF_MAMMARY_GLAND_LUMINAL_EPITHELIAL_CELLS,15,True
Reactome,REACTOME_DEVELOPMENTAL_LINEAGE_OF_MAMMARY_GLAND_MYOEPITHELIAL_CELLS,16,True
Reactome,REACTOME_DEVELOPMENTAL_LINEAGE_OF_MAMMARY_STEM_CELLS,9,False
Reactome,REACTOME_DEVELOPMENTAL_LINEAGE_OF_MULTIPOTENT_PANCREATIC_PROGENITOR_CELLS,5,False
Reactome,REACTOME_DEVELOPMENTAL_LINEAGE_OF_PANCREATIC_ACINAR_CELLS,7,False
Reactome,REACTOME_DEVELOPMENTAL_LINEAGE_OF_PANCREATIC_DUCTAL_CELLS,36,True
Reactome,REACTOME_DEX_H_BOX_HELICASES_ACTIVATE_TYPE_I_IFN_AND_INFLAMMATORY_CYTOKINES_PRODUCTION,9,False
Reactome,REACTOME_DIFFERENTIATION_OF_KERATINOCYTES_IN_INTERFOLLICULAR_EPIDERMIS_IN_MAMMALIAN_SKIN,20,True
Reactome,REACTOME_DIFFERENTIATION_OF_NAIVE_CD_T_CELLS_TO_T_HELPER_1_CELLS_TH1_CELLS,6,False
Reactome,REACTOME_DIGESTION,5,False
Reactome,REACTOME_DIGESTION_AND_ABSORPTION,8,False
Reactome,REACTOME_DIGESTION_OF_DIETARY_CARBOHYDRATE,2,False
Reactome,REACTOME_DIGESTION_OF_DIETARY_LIPID,2,False
Reactome,REACTOME_DISASSEMBLY_OF_THE_DESTRUCTION_COMPLEX_AND_RECRUITMENT_OF_AXIN_TO_THE_MEMBRANE,27,True
Reactome,REACTOME_DISEASES_ASSOCIATED_WITH_GLYCOSAMINOGLYCAN_METABOLISM,36,True
Reactome,REACTOME_DISEASES_ASSOCIATED_WITH_GLYCOSYLATION_PRECURSOR_BIOSYNTHESIS,16,True
Reactome,REACTOME_DISEASES_ASSOCIATED_WITH_N_GLYCOSYLATION_OF_PROTEINS,22,True
Reactome,REACTOME_DISEASES_ASSOCIATED_WITH_O_GLYCOSYLATION_OF_PROTEINS,57,True
Reactome,REACTOME_DISEASES_ASSOCIATED_WITH_SURFACTANT_METABOLISM,2,False
Reactome,REACTOME_DISEASES_OF_BASE_EXCISION_REPAIR,5,False
Reactome,REACTOME_DISEASES_OF_BRANCHED_CHAIN_AMINO_ACID_CATABOLISM,15,True
Reactome,REACTOME_DISEASES_OF_CARBOHYDRATE_METABOLISM,29,True
Reactome,REACTOME_DISEASES_OF_DNA_REPAIR,52,True
Reactome,REACTOME_DISEASES_OF_GLYCOSYLATION,130,True
Reactome,REACTOME_DISEASES_OF_HEMOSTASIS,14,False
Reactome,REACTOME_DISEASES_OF_IMMUNE_SYSTEM,27,True
Reactome,REACTOME_DISEASES_OF_METABOLISM,229,True
Reactome,REACTOME_DISEASES_OF_MISMATCH_REPAIR_MMR,5,False
Reactome,REACTOME_DISEASES_OF_MITOTIC_CELL_CYCLE,41,True
Reactome,REACTOME_DISEASES_OF_PROGRAMMED_CELL_DEATH,73,True
Reactome,REACTOME_DISEASES_OF_SIGNAL_TRANSDUCTION_BY_GROWTH_FACTOR_RECEPTORS_AND_SECOND_MESSENGERS,410,True
Reactome,REACTOME_DISEASES_OF_THE_UREA_CYCLE,7,False
Reactome,REACTOME_DISINHIBITION_OF_SNARE_FORMATION,4,False
Reactome,REACTOME_DISORDERS_OF_DEVELOPMENTAL_BIOLOGY,19,True
Reactome,REACTOME_DISORDERS_OF_TRANSMEMBRANE_TRANSPORTERS,132,True
Reactome,REACTOME_DISPLACEMENT_OF_DNA_GLYCOSYLASE_BY_APEX1,8,False
Reactome,REACTOME_DISSOLUTION_OF_FIBRIN_CLOT,12,False
Reactome,REACTOME_DNA_DAMAGE_BYPASS,48,True
Reactome,REACTOME_DNA_DAMAGE_RECOGNITION_IN_GG_NER,37,True
Reactome,REACTOME_DNA_DAMAGE_REVERSAL,8,False
Reactome,REACTOME_DNA_DAMAGE_TELOMERE_STRESS_INDUCED_SENESCENCE,55,True
Reactome,REACTOME_DNA_DOUBLE_STRAND_BREAK_REPAIR,156,True
Reactome,REACTOME_DNA_DOUBLE_STRAND_BREAK_RESPONSE,66,True
Reactome,REACTOME_DNA_METHYLATION,33,True
Reactome,REACTOME_DNA_REPAIR,318,True
Reactome,REACTOME_DNA_REPLICATION,154,True
Reactome,REACTOME_DNA_REPLICATION_INITIATION,8,False
Reactome,REACTOME_DNA_REPLICATION_PRE_INITIATION,119,True
Reactome,REACTOME_DNA_STRAND_ELONGATION,32,True
Reactome,REACTOME_DOPAMINE_CLEARANCE_FROM_THE_SYNAPTIC_CLEFT,4,False
Reactome,REACTOME_DOPAMINE_NEUROTRANSMITTER_RELEASE_CYCLE,24,True
Reactome,REACTOME_DOPAMINE_RECEPTORS,3,False
Reactome,REACTOME_DOWNREGULATION_OF_ERBB2_ERBB3_SIGNALING,14,False
Reactome,REACTOME_DOWNREGULATION_OF_ERBB2_SIGNALING,28,True
Reactome,REACTOME_DOWNREGULATION_OF_ERBB4_SIGNALING,8,False
Reactome,REACTOME_DOWNREGULATION_OF_SMAD2_3_SMAD4_TRANSCRIPTIONAL_ACTIVITY,30,True
Reactome,REACTOME_DOWNREGULATION_OF_TGF_BETA_RECEPTOR_SIGNALING,26,True
Reactome,REACTOME_DOWNSTREAM_SIGNALING_EVENTS_OF_B_CELL_RECEPTOR_BCR,69,True
Reactome,REACTOME_DOWNSTREAM_SIGNALING_OF_ACTIVATED_FGFR1,25,True
Reactome,REACTOME_DOWNSTREAM_SIGNALING_OF_ACTIVATED_FGFR2,23,True
Reactome,REACTOME_DOWNSTREAM_SIGNALING_OF_ACTIVATED_FGFR3,21,True
Reactome,REACTOME_DOWNSTREAM_SIGNALING_OF_ACTIVATED_FGFR4,21,True
Reactome,REACTOME_DOWNSTREAM_SIGNAL_TRANSDUCTION,27,True
Reactome,REACTOME_DOWNSTREAM_TCR_SIGNALING,75,True
Reactome,REACTOME_DRUG_ADME,62,True
Reactome,REACTOME_DRUG_MEDIATED_INHIBITION_OF_CDK4_CDK6_ACTIVITY,5,False
Reactome,REACTOME_DS_GAG_BIOSYNTHESIS,11,False
Reactome,REACTOME_DUAL_INCISION_IN_GG_NER,42,True
Reactome,REACTOME_DUAL_INCISION_IN_TC_NER,67,True
Reactome,REACTOME_E2F_ENABLED_INHIBITION_OF_PRE_REPLICATION_COMPLEX_FORMATION,9,False
Reactome,REACTOME_E2F_MEDIATED_REGULATION_OF_DNA_REPLICATION,23,True
Reactome,REACTOME_E3_UBIQUITIN_LIGASES_UBIQUITINATE_TARGET_PROTEINS,57,True
Reactome,REACTOME_EARLY_PHASE_OF_HIV_LIFE_CYCLE,12,False
Reactome,REACTOME_EARLY_SARS_COV_2_INFECTION_EVENTS,34,True
Reactome,REACTOME_ECM_PROTEOGLYCANS,67,True
Reactome,REACTOME_EFFECTS_OF_PIP2_HYDROLYSIS,22,True
Reactome,REACTOME_EGFR_DOWNREGULATION,29,True
Reactome,REACTOME_EGFR_INTERACTS_WITH_PHOSPHOLIPASE_C_GAMMA,8,False
Reactome,REACTOME_EGFR_TRANSACTIVATION_BY_GASTRIN,10,False
Reactome,REACTOME_EGR2_AND_SOX10_MEDIATED_INITIATION_OF_SCHWANN_CELL_MYELINATION,24,True
Reactome,REACTOME_EICOSANOIDS,3,False
Reactome,REACTOME_EICOSANOID_LIGAND_BINDING_RECEPTORS,13,False
Reactome,REACTOME_ELASTIC_FIBRE_FORMATION,41,True
Reactome,REACTOME_ELECTRIC_TRANSMISSION_ACROSS_GAP_JUNCTIONS,3,False
Reactome,REACTOME_ELEVATION_OF_CYTOSOLIC_CA2_LEVELS,10,False
Reactome,REACTOME_ENDOGENOUS_STEROLS,19,True
Reactome,REACTOME_ENDOSOMAL_SORTING_COMPLEX_REQUIRED_FOR_TRANSPORT_ESCRT,32,True
Reactome,REACTOME_ENDOSOMAL_VACUOLAR_PATHWAY,26,True
Reactome,REACTOME_ENERGY_DEPENDENT_REGULATION_OF_MTOR_BY_LKB1_AMPK,29,True
Reactome,REACTOME_ENHANCED_BINDING_OF_GP1BA_VARIANT_TO_VWF_MULTIMER_COLLAGEN,5,False
Reactome,REACTOME_ENOS_ACTIVATION,12,False
Reactome,REACTOME_ENTEROBACTERIAL_FACTORS_ANTAGONIZE_HOST_DEFENSE,13,False
Reactome,REACTOME_EPHA_MEDIATED_GROWTH_CONE_COLLAPSE,25,True
Reactome,REACTOME_EPHB_MEDIATED_FORWARD_SIGNALING,41,True
Reactome,REACTOME_EPHRIN_SIGNALING,19,True
Reactome,REACTOME_EPH_EPHRIN_MEDIATED_REPULSION_OF_CELLS,48,True
Reactome,REACTOME_EPH_EPHRIN_SIGNALING,89,True
Reactome,REACTOME_EPIGENETIC_REGULATION_BY_WDR5_CONTAINING_HISTONE_MODIFYING_COMPLEXES,132,True
Reactome,REACTOME_EPIGENETIC_REGULATION_OF_GENE_EXPRESSION,294,True
Reactome,REACTOME_EPIGENETIC_REGULATION_OF_GENE_EXPRESSION_BY_MLL3_AND_MLL4_COMPLEXES,98,True
Reactome,REACTOME_EPITHELIAL_MESENCHYMAL_TRANSITION_EMT_DURING_GASTRULATION,5,False
Reactome,REACTOME_ERBB2_ACTIVATES_PTK6_SIGNALING,11,False
Reactome,REACTOME_ERBB2_REGULATES_CELL_MOTILITY,13,False
Reactome,REACTOME_ERCC6_CSB_AND_EHMT2_G9A_POSITIVELY_REGULATE_RRNA_EXPRESSION,50,True
Reactome,REACTOME_ERKS_ARE_INACTIVATED,13,False
Reactome,REACTOME_ERK_MAPK_TARGETS,22,True
Reactome,REACTOME_ERYTHROCYTES_TAKE_UP_CARBON_DIOXIDE_AND_RELEASE_OXYGEN,6,False
Reactome,REACTOME_ERYTHROCYTES_TAKE_UP_OXYGEN_AND_RELEASE_CARBON_DIOXIDE,2,False
Reactome,REACTOME_ERYTHROPOIETIN_ACTIVATES_PHOSPHOINOSITIDE_3_KINASE_PI3K,10,False
Reactome,REACTOME_ERYTHROPOIETIN_ACTIVATES_PHOSPHOLIPASE_C_GAMMA_PLCG,7,False
Reactome,REACTOME_ERYTHROPOIETIN_ACTIVATES_RAS,15,True
Reactome,REACTOME_ERYTHROPOIETIN_ACTIVATES_STAT5,7,False
Reactome,REACTOME_ER_QUALITY_CONTROL_COMPARTMENT_ERQC,21,True
Reactome,REACTOME_ER_TO_GOLGI_ANTEROGRADE_TRANSPORT,144,True
Reactome,REACTOME_ESR_MEDIATED_SIGNALING,177,True
Reactome,REACTOME_ESTABLISHMENT_OF_SISTER_CHROMATID_COHESION,11,False
Reactome,REACTOME_ESTROGEN_BIOSYNTHESIS,6,False
Reactome,REACTOME_ESTROGEN_DEPENDENT_GENE_EXPRESSION,113,True
Reactome,REACTOME_ESTROGEN_DEPENDENT_NUCLEAR_EVENTS_DOWNSTREAM_OF_ESR_MEMBRANE_SIGNALING,24,True
Reactome,REACTOME_ESTROGEN_STIMULATED_SIGNALING_THROUGH_PRKCZ,7,False
Reactome,REACTOME_ETHANOL_OXIDATION,11,False
Reactome,REACTOME_EUKARYOTIC_TRANSLATION_ELONGATION,96,True
Reactome,REACTOME_EUKARYOTIC_TRANSLATION_INITIATION,121,True
Reactome,REACTOME_EVASION_BY_RSV_OF_HOST_INTERFERON_RESPONSES,21,True
Reactome,REACTOME_EXPORT_OF_VIRAL_RIBONUCLEOPROTEINS_FROM_NUCLEUS,33,True
Reactome,REACTOME_EXPRESSION_OF_BMAL_ARNTL_CLOCK_AND_NPAS2,33,True
Reactome,REACTOME_EXPRESSION_OF_NOTCH2NL_GENES,4,False
Reactome,REACTOME_EXTENSION_OF_TELOMERES,49,True
Reactome,REACTOME_EXTRACELLULAR_MATRIX_ORGANIZATION,272,True
Reactome,REACTOME_EXTRA_NUCLEAR_ESTROGEN_SIGNALING,68,True
Reactome,REACTOME_EXTRINSIC_PATHWAY_OF_FIBRIN_CLOT_FORMATION,3,False
Reactome,REACTOME_FACTORS_INVOLVED_IN_MEGAKARYOCYTE_DEVELOPMENT_AND_PLATELET_PRODUCTION,124,True
Reactome,REACTOME_FANCONI_ANEMIA_PATHWAY,40,True
Reactome,REACTOME_FASL_CD95L_SIGNALING,4,False
Reactome,REACTOME_FASTK_FAMILY_PROTEINS_REGULATE_PROCESSING_AND_STABILITY_OF_MITOCHONDRIAL_RNAS,4,False
Reactome,REACTOME_FATTY_ACIDS,5,False
Reactome,REACTOME_FATTY_ACIDS_BOUND_TO_GPR40_FFAR1_REGULATE_INSULIN_SECRETION,6,False
Reactome,REACTOME_FATTY_ACID_METABOLISM,151,True
Reactome,REACTOME_FATTY_ACYL_COA_BIOSYNTHESIS,38,True
Reactome,REACTOME_FBXL7_DOWN_REGULATES_AURKA_DURING_MITOTIC_ENTRY_AND_IN_EARLY_MITOSIS,43,True
Reactome,REACTOME_FBXW7_MUTANTS_AND_NOTCH1_IN_CANCER,5,False
Reactome,REACTOME_FCERI_MEDIATED_CA_2_MOBILIZATION,25,True
Reactome,REACTOME_FCERI_MEDIATED_MAPK_ACTIVATION,28,True
Reactome,REACTOME_FCERI_MEDIATED_NF_KB_ACTIVATION,65,True
Reactome,REACTOME_FCGAMMA_RECEPTOR_FCGR_DEPENDENT_PHAGOCYTOSIS,77,True
Reactome,REACTOME_FCGR3A_MEDIATED_IL10_SYNTHESIS,32,True
Reactome,REACTOME_FCGR_ACTIVATION,5,False
Reactome,REACTOME_FC_EPSILON_RECEPTOR_FCERI_SIGNALING,112,True
Reactome,REACTOME_FERTILIZATION,11,False
Reactome,REACTOME_FGFR1B_LIGAND_BINDING_AND_ACTIVATION,6,False
Reactome,REACTOME_FGFR1C_LIGAND_BINDING_AND_ACTIVATION,8,False
Reactome,REACTOME_FGFR1_LIGAND_BINDING_AND_ACTIVATION,10,False
Reactome,REACTOME_FGFR1_MUTANT_RECEPTOR_ACTIVATION,26,True
Reactome,REACTOME_FGFR2B_LIGAND_BINDING_AND_ACTIVATION,6,False
Reactome,REACTOME_FGFR2C_LIGAND_BINDING_AND_ACTIVATION,7,False
Reactome,REACTOME_FGFR2_ALTERNATIVE_SPLICING,27,True
Reactome,REACTOME_FGFR2_LIGAND_BINDING_AND_ACTIVATION,10,False
Reactome,REACTOME_FGFR2_MUTANT_RECEPTOR_ACTIVATION,26,True
Reactome,REACTOME_FGFR3B_LIGAND_BINDING_AND_ACTIVATION,5,False
Reactome,REACTOME_FGFR3_LIGAND_BINDING_AND_ACTIVATION,8,False
Reactome,REACTOME_FGFRL1_MODULATION_OF_FGFR1_SIGNALING,8,False
Reactome,REACTOME_FIBRONECTIN_MATRIX_FORMATION,16,True
Reactome,REACTOME_FICOLINS_BIND_TO_REPETITIVE_CARBOHYDRATE_STRUCTURES_ON_THE_TARGET_CELL_SURFACE,1,False
Reactome,REACTOME_FLT3_SIGNALING,33,True
Reactome,REACTOME_FLT3_SIGNALING_BY_CBL_MUTANTS,6,False
Reactome,REACTOME_FLT3_SIGNALING_IN_DISEASE,28,True
Reactome,REACTOME_FLT3_SIGNALING_THROUGH_SRC_FAMILY_KINASES,2,False
Reactome,REACTOME_FOLDING_OF_ACTIN_BY_CCT_TRIC,9,False
Reactome,REACTOME_FORMATION_OF_APOPTOSOME,11,False
Reactome,REACTOME_FORMATION_OF_ATP_BY_CHEMIOSMOTIC_COUPLING,20,True
Reactome,REACTOME_FORMATION_OF_AXIAL_MESODERM,9,False
Reactome,REACTOME_FORMATION_OF_DEFINITIVE_ENDODERM,7,False
Reactome,REACTOME_FORMATION_OF_FIBRIN_CLOT_CLOTTING_CASCADE,19,True
Reactome,REACTOME_FORMATION_OF_INCISION_COMPLEX_IN_GG_NER,44,True
Reactome,REACTOME_FORMATION_OF_INTERMEDIATE_MESODERM,6,False
Reactome,REACTOME_FORMATION_OF_LATERAL_PLATE_MESODERM,2,False
Reactome,REACTOME_FORMATION_OF_NEURONAL_PROGENITOR_AND_NEURONAL_BAF_NPBAF_AND_NBAF,25,True
Reactome,REACTOME_FORMATION_OF_PARAXIAL_MESODERM,57,True
Reactome,REACTOME_FORMATION_OF_RNA_POL_II_ELONGATION_COMPLEX,62,True
Reactome,REACTOME_FORMATION_OF_SENESCENCE_ASSOCIATED_HETEROCHROMATIN_FOCI_SAHF,14,False
Reactome,REACTOME_FORMATION_OF_TC_NER_PRE_INCISION_COMPLEX,55,True
Reactome,REACTOME_FORMATION_OF_THE_ACTIVE_COFACTOR_UDP_GLUCURONATE,5,False
Reactome,REACTOME_FORMATION_OF_THE_ANTERIOR_NEURAL_PLATE,5,False
Reactome,REACTOME_FORMATION_OF_THE_BETA_CATENIN_TCF_TRANSACTIVATING_COMPLEX,60,True
Reactome,REACTOME_FORMATION_OF_THE_CANONICAL_BAF_CBAF_COMPLEX,19,True
Reactome,REACTOME_FORMATION_OF_THE_CORNIFIED_ENVELOPE,25,True
Reactome,REACTOME_FORMATION_OF_THE_DYSTROPHIN_GLYCOPROTEIN_COMPLEX_DGC,35,True
Reactome,REACTOME_FORMATION_OF_THE_EARLY_ELONGATION_COMPLEX,38,True
Reactome,REACTOME_FORMATION_OF_THE_EMBRYONIC_STEM_CELL_BAF_ESBAF_COMPLEX,20,True
Reactome,REACTOME_FORMATION_OF_THE_NEPHRIC_DUCT,13,False
Reactome,REACTOME_FORMATION_OF_THE_NON_CANONICAL_BAF_NCBAF_COMPLEX,17,True
Reactome,REACTOME_FORMATION_OF_THE_POLYBROMO_BAF_PBAF_COMPLEX,19,True
Reactome,REACTOME_FORMATION_OF_THE_POSTERIOR_NEURAL_PLATE,4,False
Reactome,REACTOME_FORMATION_OF_THE_URETERIC_BUD,19,True
Reactome,REACTOME_FORMATION_OF_TUBULIN_FOLDING_INTERMEDIATES_BY_CCT_TRIC,21,True
Reactome,REACTOME_FORMATION_OF_WDR5_CONTAINING_HISTONE_MODIFYING_COMPLEXES,44,True
Reactome,REACTOME_FORMATION_OF_XYLULOSE_5_PHOSPHATE,5,False
Reactome,REACTOME_FORMYL_PEPTIDE_RECEPTORS_BIND_FORMYL_PEPTIDES_AND_MANY_OTHER_LIGANDS,3,False
Reactome,REACTOME_FOXO_MEDIATED_TRANSCRIPTION,55,True
Reactome,REACTOME_FOXO_MEDIATED_TRANSCRIPTION_OF_CELL_CYCLE_GENES,16,True
Reactome,REACTOME_FOXO_MEDIATED_TRANSCRIPTION_OF_CELL_DEATH_GENES,15,True
Reactome,REACTOME_FOXO_MEDIATED_TRANSCRIPTION_OF_OXIDATIVE_STRESS_METABOLIC_AND_NEURONAL_GENES,21,True
Reactome,REACTOME_FREE_FATTY_ACIDS_REGULATE_INSULIN_SECRETION,9,False
Reactome,REACTOME_FREE_FATTY_ACID_RECEPTORS,0,False
Reactome,REACTOME_FRS_MEDIATED_FGFR1_SIGNALING,17,True
Reactome,REACTOME_FRS_MEDIATED_FGFR2_SIGNALING,18,True
Reactome,REACTOME_FRS_MEDIATED_FGFR3_SIGNALING,16,True
Reactome,REACTOME_FRS_MEDIATED_FGFR4_SIGNALING,16,True
Reactome,REACTOME_FRUCTOSE_CATABOLISM,4,False
Reactome,REACTOME_FRUCTOSE_METABOLISM,6,False
Reactome,REACTOME_G0_AND_EARLY_G1,26,True
Reactome,REACTOME_G1_S_DNA_DAMAGE_CHECKPOINTS,67,True
Reactome,REACTOME_G1_S_SPECIFIC_TRANSCRIPTION,28,True
Reactome,REACTOME_G2_M_CHECKPOINTS,145,True
Reactome,REACTOME_G2_M_DNA_DAMAGE_CHECKPOINT,84,True
Reactome,REACTOME_G2_M_DNA_REPLICATION_CHECKPOINT,6,False
Reactome,REACTOME_G2_PHASE,4,False
Reactome,REACTOME_GAB1_SIGNALOSOME,15,True
Reactome,REACTOME_GABA_B_RECEPTOR_ACTIVATION,38,True
Reactome,REACTOME_GABA_RECEPTOR_ACTIVATION,44,True
Reactome,REACTOME_GABA_SYNTHESIS_RELEASE_REUPTAKE_AND_DEGRADATION,15,True
Reactome,REACTOME_GALACTOSE_CATABOLISM,6,False
Reactome,REACTOME_GAMMA_CARBOXYLATION_HYPUSINYLATION_HYDROXYLATION_AND_ARYLSULFATASE_ACTIVATION,55,True
Reactome,REACTOME_GAMMA_CARBOXYLATION_TRANSPORT_AND_AMINO_TERMINAL_CLEAVAGE_OF_PROTEINS,7,False
Reactome,REACTOME_GAP_FILLING_DNA_REPAIR_SYNTHESIS_AND_LIGATION_IN_GG_NER,25,True
Reactome,REACTOME_GAP_JUNCTION_ASSEMBLY,20,True
Reactome,REACTOME_GAP_JUNCTION_DEGRADATION,11,False
Reactome,REACTOME_GAP_JUNCTION_TRAFFICKING_AND_REGULATION,32,True
Reactome,REACTOME_GASTRIN_CREB_SIGNALLING_PATHWAY_VIA_PKC_AND_MAPK,17,True
Reactome,REACTOME_GASTRULATION,91,True
Reactome,REACTOME_GBP_MEDIATED_HOST_DEFENSE,12,False
Reactome,REACTOME_GDP_FUCOSE_BIOSYNTHESIS,7,False
Reactome,REACTOME_GENERATION_OF_SECOND_MESSENGER_MOLECULES,23,True
Reactome,REACTOME_GENE_AND_PROTEIN_EXPRESSION_BY_JAK_STAT_SIGNALING_AFTER_INTERLEUKIN_12_STIMULATION,36,True
Reactome,REACTOME_GENE_SILENCING_BY_RNA,74,True
Reactome,REACTOME_GERM_LAYER_FORMATION_AT_GASTRULATION,14,False
Reactome,REACTOME_GLI_PROTEINS_BIND_PROMOTERS_OF_HH_RESPONSIVE_GENES_TO_PROMOTE_TRANSCRIPTION,7,False
Reactome,REACTOME_GLOBAL_GENOME_NUCLEOTIDE_EXCISION_REPAIR_GG_NER,86,True
Reactome,REACTOME_GLUCAGON_LIKE_PEPTIDE_1_GLP1_REGULATES_INSULIN_SECRETION,36,True
Reactome,REACTOME_GLUCAGON_SIGNALING_IN_METABOLIC_REGULATION,30,True
Reactome,REACTOME_GLUCAGON_TYPE_LIGAND_RECEPTORS,17,True
Reactome,REACTOME_GLUCOCORTICOID_BIOSYNTHESIS,2,False
Reactome,REACTOME_GLUCONEOGENESIS,20,True
Reactome,REACTOME_GLUCOSE_METABOLISM,73,True
Reactome,REACTOME_GLUCURONIDATION,7,False
Reactome,REACTOME_GLUTAMATE_AND_GLUTAMINE_METABOLISM,15,True
Reactome,REACTOME_GLUTAMATE_NEUROTRANSMITTER_RELEASE_CYCLE,23,True
Reactome,REACTOME_GLUTATHIONE_CONJUGATION,31,True
Reactome,REACTOME_GLUTATHIONE_SYNTHESIS_AND_RECYCLING,12,False
Reactome,REACTOME_GLYCEROPHOSPHOLIPID_BIOSYNTHESIS,112,True
Reactome,REACTOME_GLYCEROPHOSPHOLIPID_CATABOLISM,6,False
Reactome,REACTOME_GLYCINE_DEGRADATION,5,False
Reactome,REACTOME_GLYCOGEN_BREAKDOWN_GLYCOGENOLYSIS,14,False
Reactome,REACTOME_GLYCOGEN_METABOLISM,24,True
Reactome,REACTOME_GLYCOGEN_STORAGE_DISEASES,14,False
Reactome,REACTOME_GLYCOGEN_SYNTHESIS,13,False
Reactome,REACTOME_GLYCOSAMINOGLYCAN_METABOLISM,118,True
Reactome,REACTOME_GLYCOSAMINOGLYCAN_PROTEIN_LINKAGE_REGION_BIOSYNTHESIS,25,True
Reactome,REACTOME_GLYCOSPHINGOLIPID_BIOSYNTHESIS,17,True
Reactome,REACTOME_GLYCOSPHINGOLIPID_CATABOLISM,33,True
Reactome,REACTOME_GLYCOSPHINGOLIPID_METABOLISM,50,True
Reactome,REACTOME_GLYCOSPHINGOLIPID_TRANSPORT,8,False
Reactome,REACTOME_GLYOXYLATE_METABOLISM_AND_GLYCINE_DEGRADATION,12,False
Reactome,REACTOME_GOLGI_ASSOCIATED_VESICLE_BIOGENESIS,52,True
Reactome,REACTOME_GOLGI_CISTERNAE_PERICENTRIOLAR_STACK_REORGANIZATION,14,False
Reactome,REACTOME_GOLGI_TO_ER_RETROGRADE_TRANSPORT,120,True
Reactome,REACTOME_GP1B_IX_V_ACTIVATION_SIGNALLING,9,False
Reactome,REACTOME_GPCR_LIGAND_BINDING,201,True
Reactome,REACTOME_GPER1_SIGNALING,41,True
Reactome,REACTOME_GPVI_MEDIATED_ACTIVATION_CASCADE,25,True
Reactome,REACTOME_GRB2_EVENTS_IN_ERBB2_SIGNALING,15,True
Reactome,REACTOME_GRB2_SOS_PROVIDES_LINKAGE_TO_MAPK_SIGNALING_FOR_INTEGRINS,11,False
Reactome,REACTOME_GRB7_EVENTS_IN_ERBB2_SIGNALING,4,False
Reactome,REACTOME_GROWTH_HORMONE_RECEPTOR_SIGNALING,19,True
Reactome,REACTOME_GSK3B_MEDIATED_PROTEASOMAL_DEGRADATION_OF_PD_L1_CD274,45,True
Reactome,REACTOME_G_ALPHA_12_13_SIGNALLING_EVENTS,76,True
Reactome,REACTOME_G_ALPHA_I_SIGNALLING_EVENTS,177,True
Reactome,REACTOME_G_ALPHA_Q_SIGNALLING_EVENTS,136,True
Reactome,REACTOME_G_ALPHA_S_SIGNALLING_EVENTS,87,True
Reactome,REACTOME_G_ALPHA_Z_SIGNALLING_EVENTS,41,True
Reactome,REACTOME_G_BETA_GAMMA_SIGNALLING_THROUGH_CDC42,17,True
Reactome,REACTOME_G_BETA_GAMMA_SIGNALLING_THROUGH_PI3KGAMMA,21,True
Reactome,REACTOME_G_PROTEIN_ACTIVATION,18,True
Reactome,REACTOME_G_PROTEIN_BETA_GAMMA_SIGNALLING,28,True
Reactome,REACTOME_G_PROTEIN_MEDIATED_EVENTS,52,True
Reactome,REACTOME_HATS_ACETYLATE_HISTONES,114,True
Reactome,REACTOME_HCMV_EARLY_EVENTS,99,True
Reactome,REACTOME_HCMV_INFECTION,124,True
Reactome,REACTOME_HCMV_LATE_EVENTS,84,True
Reactome,REACTOME_HDACS_DEACETYLATE_HISTONES,63,True
Reactome,REACTOME_HDL_ASSEMBLY,7,False
Reactome,REACTOME_HDL_CLEARANCE,3,False
Reactome,REACTOME_HDL_REMODELING,6,False
Reactome,REACTOME_HDMS_DEMETHYLATE_HISTONES,31,True
Reactome,REACTOME_HDR_THROUGH_HOMOLOGOUS_RECOMBINATION_HRR,70,True
Reactome,REACTOME_HDR_THROUGH_MMEJ_ALT_NHEJ,11,False
Reactome,REACTOME_HDR_THROUGH_SINGLE_STRAND_ANNEALING_SSA,38,True
Reactome,REACTOME_HEDGEHOG_LIGAND_BIOGENESIS,48,True
Reactome,REACTOME_HEDGEHOG_OFF_STATE,101,True
Reactome,REACTOME_HEDGEHOG_ON_STATE,71,True
Reactome,REACTOME_HEME_BIOSYNTHESIS,12,False
Reactome,REACTOME_HEME_DEGRADATION,9,False
Reactome,REACTOME_HEME_SIGNALING,42,True
Reactome,REACTOME_HEMOSTASIS,469,True
Reactome,REACTOME_HEPARAN_SULFATE_HEPARIN_HS_GAG_METABOLISM,36,True
Reactome,REACTOME_HH_MUTANTS_ABROGATE_LIGAND_SECRETION,44,True
Reactome,REACTOME_HIGHLY_CALCIUM_PERMEABLE_NICOTINIC_ACETYLCHOLINE_RECEPTORS,1,False
Reactome,REACTOME_HIGHLY_CALCIUM_PERMEABLE_POSTSYNAPTIC_NICOTINIC_ACETYLCHOLINE_RECEPTORS,1,False
Reactome,REACTOME_HIGHLY_SODIUM_PERMEABLE_POSTSYNAPTIC_ACETYLCHOLINE_NICOTINIC_RECEPTORS,1,False
Reactome,REACTOME_HIGH_LAMINAR_FLOW_SHEAR_STRESS_ACTIVATES_SIGNALING_BY_PIEZO1_AND_PECAM1_CDH5_KDR_IN_ENDOTHELIAL_CELLS,64,True
Reactome,REACTOME_HISTIDINE_CATABOLISM,6,False
Reactome,REACTOME_HIV_ELONGATION_ARREST_AND_RECOVERY,34,True
Reactome,REACTOME_HIV_INFECTION,225,True
Reactome,REACTOME_HIV_LIFE_CYCLE,154,True
Reactome,REACTOME_HIV_TRANSCRIPTION_ELONGATION,47,True
Reactome,REACTOME_HIV_TRANSCRIPTION_INITIATION,54,True
Reactome,REACTOME_HOMOLOGOUS_DNA_PAIRING_AND_STRAND_EXCHANGE,44,True
Reactome,REACTOME_HOMOLOGY_DIRECTED_REPAIR,126,True
Reactome,REACTOME_HORMONE_LIGAND_BINDING_RECEPTORS,3,False
Reactome,REACTOME_HOST_INTERACTIONS_OF_HIV_FACTORS,119,True
Reactome,REACTOME_HSF1_ACTIVATION,34,True
Reactome,REACTOME_HSF1_DEPENDENT_TRANSACTIVATION,40,True
Reactome,REACTOME_HSP90_CHAPERONE_CYCLE_FOR_STEROID_HORMONE_RECEPTORS_SHR_IN_THE_PRESENCE_OF_LIGAND,54,True
Reactome,REACTOME_HS_GAG_BIOSYNTHESIS,28,True
Reactome,REACTOME_HS_GAG_DEGRADATION,19,True
Reactome,REACTOME_HUR_ELAVL1_BINDS_AND_STABILIZES_MRNA,8,False
Reactome,REACTOME_HYALURONAN_DEGRADATION,12,False
Reactome,REACTOME_HYALURONAN_METABOLISM,16,True
Reactome,REACTOME_HYDROLYSIS_OF_LPC,6,False
Reactome,REACTOME_IFNG_SIGNALING_ACTIVATES_MAPKS,8,False
Reactome,REACTOME_IKBA_VARIANT_LEADS_TO_EDA_ID,7,False
Reactome,REACTOME_IKK_COMPLEX_RECRUITMENT_MEDIATED_BY_RIP1,23,True
Reactome,REACTOME_IL_6_TYPE_CYTOKINE_RECEPTOR_LIGAND_INTERACTIONS,14,False
Reactome,REACTOME_IMMUNOREGULATORY_INTERACTIONS_BETWEEN_A_LYMPHOID_AND_A_NON_LYMPHOID_CELL,77,True
Reactome,REACTOME_INACTIVATION_OF_CDC42_AND_RAC1,8,False
Reactome,REACTOME_INACTIVATION_OF_CSF3_G_CSF_SIGNALING,21,True
Reactome,REACTOME_INCRETIN_SYNTHESIS_SECRETION_AND_INACTIVATION,11,False
Reactome,REACTOME_INDUCTION_OF_CELL_CELL_FUSION,9,False
Reactome,REACTOME_INFECTION_WITH_ENTEROBACTERIA,34,True
Reactome,REACTOME_INFECTION_WITH_MYCOBACTERIUM_TUBERCULOSIS,29,True
Reactome,REACTOME_INFECTIOUS_DISEASE,1186,False
Reactome,REACTOME_INFLAMMASOMES,18,True
Reactome,REACTOME_INFLUENZA_INFECTION,160,True
Reactome,REACTOME_INFLUENZA_VIRAL_RNA_TRANSCRIPTION_AND_REPLICATION,138,True
Reactome,REACTOME_INHIBITION_OF_DNA_RECOMBINATION_AT_TELOMERE,50,True
Reactome,REACTOME_INHIBITION_OF_REPLICATION_INITIATION_OF_DAMAGED_DNA_BY_RB1_E2F1,14,False
Reactome,REACTOME_INHIBITION_OF_THE_PROTEOLYTIC_ACTIVITY_OF_APC_C_REQUIRED_FOR_THE_ONSET_OF_ANAPHASE_BY_MITOTIC_SPINDLE_CHECKPOINT_COMPONENTS,21,True
Reactome,REACTOME_INITIAL_TRIGGERING_OF_COMPLEMENT,16,True
Reactome,REACTOME_INITIATION_OF_NUCLEAR_ENVELOPE_NE_REFORMATION,19,True
Reactome,REACTOME_INLA_MEDIATED_ENTRY_OF_LISTERIA_MONOCYTOGENES_INTO_HOST_CELLS,7,False
Reactome,REACTOME_INLB_MEDIATED_ENTRY_OF_LISTERIA_MONOCYTOGENES_INTO_HOST_CELL,13,False
Reactome,REACTOME_INNATE_IMMUNE_SYSTEM,810,False
Reactome,REACTOME_INORGANIC_ANION_EXCHANGE_BY_SLC26_TRANSPORTERS,6,False
Reactome,REACTOME_INOSITOL_PHOSPHATE_METABOLISM,46,True
Reactome,REACTOME_INSERTION_OF_TAIL_ANCHORED_PROTEINS_INTO_THE_ENDOPLASMIC_RETICULUM_MEMBRANE,26,True
Reactome,REACTOME_INSULIN_PROCESSING,21,True
Reactome,REACTOME_INSULIN_RECEPTOR_RECYCLING,26,True
Reactome,REACTOME_INSULIN_RECEPTOR_SIGNALLING_CASCADE,44,True
Reactome,REACTOME_INTEGRATION_OF_ENERGY_METABOLISM,95,True
Reactome,REACTOME_INTEGRATION_OF_PROVIRUS,9,False
Reactome,REACTOME_INTEGRIN_CELL_SURFACE_INTERACTIONS,71,True
Reactome,REACTOME_INTEGRIN_SIGNALING,22,True
Reactome,REACTOME_INTERACTIONS_OF_REV_WITH_HOST_CELLULAR_PROTEINS,36,True
Reactome,REACTOME_INTERACTIONS_OF_VPR_WITH_HOST_CELLULAR_PROTEINS,35,True
Reactome,REACTOME_INTERACTION_BETWEEN_L1_AND_ANKYRINS,25,True
Reactome,REACTOME_INTERACTION_WITH_CUMULUS_CELLS_AND_THE_ZONA_PELLUCIDA,4,False
Reactome,REACTOME_INTERCONVERSION_OF_NUCLEOTIDE_DI_AND_TRIPHOSPHATES,29,True
Reactome,REACTOME_INTERFERON_ALPHA_BETA_SIGNALING,79,True
Reactome,REACTOME_INTERFERON_GAMMA_SIGNALING,103,True
Reactome,REACTOME_INTERFERON_SIGNALING,279,True
Reactome,REACTOME_INTERLEUKIN_10_SIGNALING,22,True
Reactome,REACTOME_INTERLEUKIN_12_FAMILY_SIGNALING,50,True
Reactome,REACTOME_INTERLEUKIN_12_SIGNALING,42,True
Reactome,REACTOME_INTERLEUKIN_15_SIGNALING,13,False
Reactome,REACTOME_INTERLEUKIN_17_SIGNALING,67,True
Reactome,REACTOME_INTERLEUKIN_18_SIGNALING,2,False
Reactome,REACTOME_INTERLEUKIN_1_FAMILY_SIGNALING,122,True
Reactome,REACTOME_INTERLEUKIN_1_PROCESSING,6,False
Reactome,REACTOME_INTERLEUKIN_1_SIGNALING,97,True
Reactome,REACTOME_INTERLEUKIN_20_FAMILY_SIGNALING,18,True
Reactome,REACTOME_INTERLEUKIN_21_SIGNALING,8,False
Reactome,REACTOME_INTERLEUKIN_23_SIGNALING,7,False
Reactome,REACTOME_INTERLEUKIN_27_SIGNALING,10,False
Reactome,REACTOME_INTERLEUKIN_2_FAMILY_SIGNALING,28,True
Reactome,REACTOME_INTERLEUKIN_2_SIGNALING,7,False
Reactome,REACTOME_INTERLEUKIN_35_SIGNALLING,11,False
Reactome,REACTOME_INTERLEUKIN_36_PATHWAY,2,False
Reactome,REACTOME_INTERLEUKIN_37_SIGNALING,19,True
Reactome,REACTOME_INTERLEUKIN_3_INTERLEUKIN_5_AND_GM_CSF_SIGNALING,35,True
Reactome,REACTOME_INTERLEUKIN_4_AND_INTERLEUKIN_13_SIGNALING,81,True
Reactome,REACTOME_INTERLEUKIN_6_FAMILY_SIGNALING,21,True
Reactome,REACTOME_INTERLEUKIN_6_SIGNALING,11,False
Reactome,REACTOME_INTERLEUKIN_7_SIGNALING,23,True
Reactome,REACTOME_INTERLEUKIN_9_SIGNALING,6,False
Reactome,REACTOME_INTERLEUKIN_RECEPTOR_SHC_SIGNALING,16,True
Reactome,REACTOME_INTESTINAL_ABSORPTION,3,False
Reactome,REACTOME_INTRACELLULAR_SIGNALING_BY_SECOND_MESSENGERS,283,True
Reactome,REACTOME_INTRAFLAGELLAR_TRANSPORT,48,True
Reactome,REACTOME_INTRA_GOLGI_AND_RETROGRADE_GOLGI_TO_ER_TRAFFIC,190,True
Reactome,REACTOME_INTRA_GOLGI_TRAFFIC,42,True
Reactome,REACTOME_INTRINSIC_PATHWAY_FOR_APOPTOSIS,56,True
Reactome,REACTOME_INTRINSIC_PATHWAY_OF_FIBRIN_CLOT_FORMATION,12,False
Reactome,REACTOME_INWARDLY_RECTIFYING_K_CHANNELS,29,True
Reactome,REACTOME_IONOTROPIC_ACTIVITY_OF_KAINATE_RECEPTORS,8,False
Reactome,REACTOME_ION_CHANNEL_TRANSPORT,139,True
Reactome,REACTOME_ION_HOMEOSTASIS,41,True
Reactome,REACTOME_ION_TRANSPORT_BY_P_TYPE_ATPASES,44,True
Reactome,REACTOME_IRAK1_RECRUITS_IKK_COMPLEX,14,False
Reactome,REACTOME_IRAK2_MEDIATED_ACTIVATION_OF_TAK1_COMPLEX,10,False
Reactome,REACTOME_IRAK4_DEFICIENCY_TLR2_4,13,False
Reactome,REACTOME_IRE1ALPHA_ACTIVATES_CHAPERONES,51,True
Reactome,REACTOME_IRF3_MEDIATED_ACTIVATION_OF_TYPE_1_IFN,3,False
Reactome,REACTOME_IRF3_MEDIATED_INDUCTION_OF_TYPE_I_IFN,12,False
Reactome,REACTOME_IRON_UPTAKE_AND_TRANSPORT,54,True
Reactome,REACTOME_IRS_ACTIVATION,4,False
Reactome,REACTOME_IRS_MEDIATED_SIGNALLING,39,True
Reactome,REACTOME_ISG15_ANTIVIRAL_MECHANISM,71,True
Reactome,REACTOME_JNK_C_JUN_KINASES_PHOSPHORYLATION_AND_ACTIVATION_MEDIATED_BY_ACTIVATED_HUMAN_TAK1,22,True
Reactome,REACTOME_JOSEPHIN_DOMAIN_DUBS,11,False
Reactome,REACTOME_KEAP1_NFE2L2_PATHWAY,116,True
Reactome,REACTOME_KERATAN_SULFATE_BIOSYNTHESIS,26,True
Reactome,REACTOME_KERATAN_SULFATE_DEGRADATION,11,False
Reactome,REACTOME_KERATAN_SULFATE_KERATIN_METABOLISM,32,True
Reactome,REACTOME_KERATINIZATION,27,True
Reactome,REACTOME_KETONE_BODY_METABOLISM,9,False
Reactome,REACTOME_KIDNEY_DEVELOPMENT,38,True
Reactome,REACTOME_KILLING_MECHANISMS,10,False
Reactome,REACTOME_KINESINS,49,True
Reactome,REACTOME_KSRP_KHSRP_BINDS_AND_DESTABILIZES_MRNA,18,True
Reactome,REACTOME_L1CAM_INTERACTIONS,106,True
Reactome,REACTOME_LAGGING_STRAND_SYNTHESIS,20,True
Reactome,REACTOME_LAMININ_INTERACTIONS,29,True
Reactome,REACTOME_LANOSTEROL_BIOSYNTHESIS,15,True
Reactome,REACTOME_LATE_ENDOSOMAL_MICROAUTOPHAGY,31,True
Reactome,REACTOME_LATE_SARS_COV_2_INFECTION_EVENTS,70,True
Reactome,REACTOME_LDL_CLEARANCE,19,True
Reactome,REACTOME_LDL_REMODELING,2,False
Reactome,REACTOME_LECTIN_PATHWAY_OF_COMPLEMENT_ACTIVATION,1,False
Reactome,REACTOME_LEISHMANIA_INFECTION,138,True
Reactome,REACTOME_LEUKOTRIENE_RECEPTORS,4,False
Reactome,REACTOME_LGI_ADAM_INTERACTIONS,9,False
Reactome,REACTOME_LIGAND_RECEPTOR_INTERACTIONS,5,False
Reactome,REACTOME_LINOLEIC_ACID_LA_METABOLISM,7,False
Reactome,REACTOME_LIPID_PARTICLE_ORGANIZATION,4,False
Reactome,REACTOME_LIPOPHAGY,9,False
Reactome,REACTOME_LISTERIA_MONOCYTOGENES_ENTRY_INTO_HOST_CELLS,16,True
Reactome,REACTOME_LONG_TERM_POTENTIATION,18,True
Reactome,REACTOME_LOSS_OF_FUNCTION_OF_KMT2D_IN_KABUKI_SYNDROME,5,False
Reactome,REACTOME_LOSS_OF_FUNCTION_OF_MECP2_IN_RETT_SYNDROME,14,False
Reactome,REACTOME_LOSS_OF_FUNCTION_OF_SMAD2_3_IN_CANCER,7,False
Reactome,REACTOME_LOSS_OF_MECP2_BINDING_ABILITY_TO_THE_NCOR_SMRT_COMPLEX,7,False
Reactome,REACTOME_LRR_FLII_INTERACTING_PROTEIN_1_LRRFIP1_ACTIVATES_TYPE_I_IFN_PRODUCTION,5,False
Reactome,REACTOME_LTC4_CYSLTR_MEDIATED_IL4_PRODUCTION,3,False
Reactome,REACTOME_LYSINE_CATABOLISM,12,False
Reactome,REACTOME_LYSOSOME_VESICLE_BIOGENESIS,31,True
Reactome,REACTOME_LYSOSPHINGOLIPID_AND_LPA_RECEPTORS,9,False
Reactome,REACTOME_MALATE_ASPARTATE_SHUTTLE,9,False
Reactome,REACTOME_MAP2K_AND_MAPK_ACTIVATION,35,True
Reactome,REACTOME_MAP3K8_TPL2_DEPENDENT_MAPK1_3_ACTIVATION,16,True
Reactome,REACTOME_MAPK1_ERK2_ACTIVATION,9,False
Reactome,REACTOME_MAPK1_MAPK3_SIGNALING,233,True
Reactome,REACTOME_MAPK3_ERK1_ACTIVATION,10,False
Reactome,REACTOME_MAPK6_MAPK4_SIGNALING,77,True
Reactome,REACTOME_MAPK_FAMILY_SIGNALING_CASCADES,272,True
Reactome,REACTOME_MAPK_TARGETS_NUCLEAR_EVENTS_MEDIATED_BY_MAP_KINASES,31,True
Reactome,REACTOME_MAPLE_SYRUP_URINE_DISEASE,5,False
Reactome,REACTOME_MASTL_FACILITATES_MITOTIC_PROGRESSION,10,False
Reactome,REACTOME_MATERNAL_TO_ZYGOTIC_TRANSITION_MZT,76,True
Reactome,REACTOME_MATRIGLYCAN_BIOSYNTHESIS_ON_DAG1,11,False
Reactome,REACTOME_MATURATION_OF_DENV_PROTEINS,51,True
Reactome,REACTOME_MATURATION_OF_PROTEIN_3A,9,False
Reactome,REACTOME_MATURATION_OF_SARS_COV_1_NUCLEOPROTEIN,11,False
Reactome,REACTOME_MATURATION_OF_SARS_COV_1_SPIKE_PROTEIN,6,False
Reactome,REACTOME_MATURATION_OF_SARS_COV_2_NUCLEOPROTEIN,15,True
Reactome,REACTOME_MATURATION_OF_SARS_COV_2_SPIKE_PROTEIN,41,True
Reactome,REACTOME_MATURATION_OF_TCA_ENZYMES_AND_REGULATION_OF_TCA_CYCLE,20,True
Reactome,REACTOME_MECHANICAL_LOAD_ACTIVATES_SIGNALING_BY_PIEZO1_AND_INTEGRINS_IN_OSTEOCYTES,16,True
Reactome,REACTOME_MECP2_REGULATES_NEURONAL_RECEPTORS_AND_CHANNELS,14,False
Reactome,REACTOME_MECP2_REGULATES_TRANSCRIPTION_FACTORS,5,False
Reactome,REACTOME_MECP2_REGULATES_TRANSCRIPTION_OF_NEURONAL_LIGANDS,7,False
Reactome,REACTOME_MEIOSIS,83,True
Reactome,REACTOME_MEIOTIC_RECOMBINATION,54,True
Reactome,REACTOME_MEIOTIC_SYNAPSIS,54,True
Reactome,REACTOME_MELANIN_BIOSYNTHESIS,1,False
Reactome,REACTOME_MEMBRANE_TRAFFICKING,581,False
Reactome,REACTOME_METABOLIC_DISORDERS_OF_BIOLOGICAL_OXIDATION_ENZYMES,24,True
Reactome,REACTOME_METABOLISM_OF_AMINE_DERIVED_HORMONES,8,False
Reactome,REACTOME_METABOLISM_OF_AMINO_ACIDS_AND_DERIVATIVES,317,True
Reactome,REACTOME_METABOLISM_OF_ANGIOTENSINOGEN_TO_ANGIOTENSINS,12,False
Reactome,REACTOME_METABOLISM_OF_CARBOHYDRATES_AND_CARBOHYDRATE_DERIVATIVES,258,True
Reactome,REACTOME_METABOLISM_OF_COFACTORS,24,True
Reactome,REACTOME_METABOLISM_OF_FAT_SOLUBLE_VITAMINS,32,True
Reactome,REACTOME_METABOLISM_OF_FOLATE_AND_PTERINES,16,True
Reactome,REACTOME_METABOLISM_OF_INGESTED_SEMET_SEC_MESEC_INTO_H2SE,7,False
Reactome,REACTOME_METABOLISM_OF_LIPIDS,656,False
Reactome,REACTOME_METABOLISM_OF_NITRIC_OXIDE_NOS3_ACTIVATION_AND_REGULATION,15,True
Reactome,REACTOME_METABOLISM_OF_NUCLEOTIDES,91,True
Reactome,REACTOME_METABOLISM_OF_POLYAMINES,47,True
Reactome,REACTOME_METABOLISM_OF_PORPHYRINS,20,True
Reactome,REACTOME_METABOLISM_OF_RNA,757,False
Reactome,REACTOME_METABOLISM_OF_STEROIDS,131,True
Reactome,REACTOME_METABOLISM_OF_STEROID_HORMONES,24,True
Reactome,REACTOME_METABOLISM_OF_VITAMINS_AND_COFACTORS,169,True
Reactome,REACTOME_METABOLISM_OF_WATER_SOLUBLE_VITAMINS_AND_COFACTORS,114,True
Reactome,REACTOME_METALLOPROTEASE_DUBS,28,True
Reactome,REACTOME_METALLOTHIONEINS_BIND_METALS,4,False
Reactome,REACTOME_METAL_ION_SLC_TRANSPORTERS,36,True
Reactome,REACTOME_METAL_SEQUESTRATION_BY_ANTIMICROBIAL_PROTEINS,0,False
Reactome,REACTOME_METHIONINE_SALVAGE_PATHWAY,6,False
Reactome,REACTOME_METHYLATION,11,False
Reactome,REACTOME_MET_ACTIVATES_PI3K_AKT_SIGNALING,6,False
Reactome,REACTOME_MET_ACTIVATES_PTK2_SIGNALING,31,True
Reactome,REACTOME_MET_ACTIVATES_PTPN11,5,False
Reactome,REACTOME_MET_ACTIVATES_RAP1_AND_RAC1,11,False
Reactome,REACTOME_MET_ACTIVATES_RAS_SIGNALING,15,True
Reactome,REACTOME_MET_INTERACTS_WITH_TNS_PROTEINS,4,False
Reactome,REACTOME_MET_PROMOTES_CELL_MOTILITY,41,True
Reactome,REACTOME_MET_RECEPTOR_ACTIVATION,4,False
Reactome,REACTOME_MET_RECEPTOR_RECYCLING,10,False
Reactome,REACTOME_MHC_CLASS_II_ANTIGEN_PRESENTATION,110,True
Reactome,REACTOME_MICRORNA_MIRNA_BIOGENESIS,25,True
Reactome,REACTOME_MINERALOCORTICOID_BIOSYNTHESIS,0,False
Reactome,REACTOME_MIRO_GTPASE_CYCLE,9,False
Reactome,REACTOME_MISCELLANEOUS_SUBSTRATES,3,False
Reactome,REACTOME_MISCELLANEOUS_TRANSPORT_AND_BINDING_EVENTS,23,True
Reactome,REACTOME_MISMATCH_REPAIR,15,True
Reactome,REACTOME_MITF_M_DEPENDENT_GENE_EXPRESSION,97,True
Reactome,REACTOME_MITF_M_REGULATED_MELANOCYTE_DEVELOPMENT,140,True
Reactome,REACTOME_MITOCHONDRIAL_BIOGENESIS,95,True
Reactome,REACTOME_MITOCHONDRIAL_CALCIUM_ION_TRANSPORT,22,True
Reactome,REACTOME_MITOCHONDRIAL_FATTY_ACID_BETA_OXIDATION,35,True
Reactome,REACTOME_MITOCHONDRIAL_FATTY_ACID_BETA_OXIDATION_OF_SATURATED_FATTY_ACIDS,10,False
Reactome,REACTOME_MITOCHONDRIAL_FATTY_ACID_BETA_OXIDATION_OF_UNSATURATED_FATTY_ACIDS,6,False
Reactome,REACTOME_MITOCHONDRIAL_IRON_SULFUR_CLUSTER_BIOGENESIS,13,False
Reactome,REACTOME_MITOCHONDRIAL_MRNA_MODIFICATION,11,False
Reactome,REACTOME_MITOCHONDRIAL_PROTEIN_DEGRADATION,97,True
Reactome,REACTOME_MITOCHONDRIAL_PROTEIN_IMPORT,61,True
Reactome,REACTOME_MITOCHONDRIAL_RNA_DEGRADATION,10,False
Reactome,REACTOME_MITOCHONDRIAL_TRANSLATION,114,True
Reactome,REACTOME_MITOCHONDRIAL_TRANSLATION_ELONGATION,89,True
Reactome,REACTOME_MITOCHONDRIAL_TRNA_AMINOACYLATION,24,True
Reactome,REACTOME_MITOCHONDRIAL_UNCOUPLING,5,False
Reactome,REACTOME_MITOCHONDRIAL_UNFOLDED_PROTEIN_RESPONSE_UPRMT,21,True
Reactome,REACTOME_MITOPHAGY,41,True
Reactome,REACTOME_MITOTIC_G1_PHASE_AND_G1_S_TRANSITION,141,True
Reactome,REACTOME_MITOTIC_G2_G2_M_PHASES,194,True
Reactome,REACTOME_MITOTIC_METAPHASE_AND_ANAPHASE,215,True
Reactome,REACTOME_MITOTIC_PROMETAPHASE,200,True
Reactome,REACTOME_MITOTIC_PROPHASE,109,True
Reactome,REACTOME_MITOTIC_SPINDLE_CHECKPOINT,108,True
Reactome,REACTOME_MITOTIC_TELOPHASE_CYTOKINESIS,13,False
Reactome,REACTOME_MODULATION_BY_MTB_OF_HOST_IMMUNE_SYSTEM,7,False
Reactome,REACTOME_MODULATION_OF_HOST_RESPONSES_BY_IFN_STIMULATED_GENES,19,True
Reactome,REACTOME_MOLECULES_ASSOCIATED_WITH_ELASTIC_FIBRES,34,True
Reactome,REACTOME_MOLYBDENUM_COFACTOR_BIOSYNTHESIS,6,False
Reactome,REACTOME_MRNA_3_END_PROCESSING,159,True
Reactome,REACTOME_MRNA_CAPPING,33,True
Reactome,REACTOME_MRNA_DECAY_BY_3_TO_5_EXORIBONUCLEASE,17,True
Reactome,REACTOME_MRNA_DECAY_BY_5_TO_3_EXORIBONUCLEASE,16,True
Reactome,REACTOME_MRNA_EDITING,5,False
Reactome,REACTOME_MRNA_EDITING_C_TO_U_CONVERSION,3,False
Reactome,REACTOME_MRNA_POLYADENYLATION,130,True
Reactome,REACTOME_MRNA_SPLICING,221,True
Reactome,REACTOME_MRNA_SPLICING_MINOR_PATHWAY,52,True
Reactome,REACTOME_MTORC1_MEDIATED_SIGNALLING,25,True
Reactome,REACTOME_MTOR_SIGNALLING,42,True
Reactome,REACTOME_MUCOPOLYSACCHARIDOSES,11,False
Reactome,REACTOME_MUSCARINIC_ACETYLCHOLINE_RECEPTORS,0,False
Reactome,REACTOME_MUSCLE_CONTRACTION,156,True
Reactome,REACTOME_MYD88_INDEPENDENT_TLR4_CASCADE,108,True
Reactome,REACTOME_MYOCLONIC_EPILEPSY_OF_LAFORA,9,False
Reactome,REACTOME_MYOGENESIS,24,True
Reactome,REACTOME_M_DECAY_DEGRADATION_OF_MATERNAL_MRNAS_BY_MATERNALLY_STORED_FACTORS,27,True
Reactome,REACTOME_M_PHASE,368,True
Reactome,REACTOME_NADE_MODULATES_DEATH_SIGNALLING,7,False
Reactome,REACTOME_NCAM1_INTERACTIONS,35,True
Reactome,REACTOME_NCAM_SIGNALING_FOR_NEURITE_OUT_GROWTH,55,True
Reactome,REACTOME_NECTIN_NECL_TRANS_HETERODIMERIZATION,6,False
Reactome,REACTOME_NEDDYLATION,223,True
Reactome,REACTOME_NEF_AND_SIGNAL_TRANSDUCTION,5,False
Reactome,REACTOME_NEF_MEDIATED_CD4_DOWN_REGULATION,10,False
Reactome,REACTOME_NEF_MEDIATED_CD8_DOWN_REGULATION,8,False
Reactome,REACTOME_NEF_MEDIATED_DOWNREGULATION_OF_MHC_CLASS_I_COMPLEX_CELL_SURFACE_EXPRESSION,15,True
Reactome,REACTOME_NEF_MEDIATES_DOWN_MODULATION_OF_CELL_SURFACE_RECEPTORS_BY_RECRUITING_THEM_TO_CLATHRIN_ADAPTERS,25,True
Reactome,REACTOME_NEGATIVE_EPIGENETIC_REGULATION_OF_RRNA_EXPRESSION,83,True
Reactome,REACTOME_NEGATIVE_FEEDBACK_REGULATION_OF_MAPK_PATHWAY,6,False
Reactome,REACTOME_NEGATIVE_REGULATION_OF_ACTIVITY_OF_TFAP2_AP_2_FAMILY_TRANSCRIPTION_FACTORS,8,False
Reactome,REACTOME_NEGATIVE_REGULATION_OF_FGFR1_SIGNALING,24,True
Reactome,REACTOME_NEGATIVE_REGULATION_OF_FGFR2_SIGNALING,25,True
Reactome,REACTOME_NEGATIVE_REGULATION_OF_FGFR3_SIGNALING,23,True
Reactome,REACTOME_NEGATIVE_REGULATION_OF_FGFR4_SIGNALING,23,True
Reactome,REACTOME_NEGATIVE_REGULATION_OF_FLT3,12,False
Reactome,REACTOME_NEGATIVE_REGULATION_OF_MAPK_PATHWAY,43,True
Reactome,REACTOME_NEGATIVE_REGULATION_OF_MET_ACTIVITY,19,True
Reactome,REACTOME_NEGATIVE_REGULATION_OF_NMDA_RECEPTOR_MEDIATED_NEURONAL_TRANSMISSION,19,True
Reactome,REACTOME_NEGATIVE_REGULATION_OF_NOTCH4_SIGNALING,44,True
Reactome,REACTOME_NEGATIVE_REGULATION_OF_TCF_DEPENDENT_SIGNALING_BY_DVL_INTERACTING_PROTEINS,4,False
Reactome,REACTOME_NEGATIVE_REGULATION_OF_TCF_DEPENDENT_SIGNALING_BY_WNT_LIGAND_ANTAGONISTS,10,False
Reactome,REACTOME_NEGATIVE_REGULATION_OF_THE_PI3K_AKT_NETWORK,95,True
Reactome,REACTOME_NEGATIVE_REGULATORS_OF_DDX58_IFIH1_SIGNALING,33,True
Reactome,REACTOME_NEPHRIN_FAMILY_INTERACTIONS,20,True
Reactome,REACTOME_NEPHRON_DEVELOPMENT,9,False
Reactome,REACTOME_NERVOUS_SYSTEM_DEVELOPMENT,509,False
Reactome,REACTOME_NETRIN_1_SIGNALING,33,True
Reactome,REACTOME_NETRIN_MEDIATED_REPULSION_SIGNALS,4,False
Reactome,REACTOME_NEUREXINS_AND_NEUROLIGINS,47,True
Reactome,REACTOME_NEUROFASCIN_INTERACTIONS,6,False
Reactome,REACTOME_NEURONAL_SYSTEM,309,True
Reactome,REACTOME_NEUROTOXICITY_OF_CLOSTRIDIUM_TOXINS,9,False
Reactome,REACTOME_NEUROTRANSMITTER_CLEARANCE,9,False
Reactome,REACTOME_NEUROTRANSMITTER_RECEPTORS_AND_POSTSYNAPTIC_SIGNAL_TRANSMISSION,158,True
Reactome,REACTOME_NEUROTRANSMITTER_RELEASE_CYCLE,43,True
Reactome,REACTOME_NEUTROPHIL_DEGRANULATION,398,True
Reactome,REACTOME_NFE2L2_REGULATES_PENTOSE_PHOSPHATE_PATHWAY_GENES,8,False
Reactome,REACTOME_NFE2L2_REGULATING_ANTI_OXIDANT_DETOXIFICATION_ENZYMES,18,True
Reactome,REACTOME_NFE2L2_REGULATING_ER_STRESS_ASSOCIATED_GENES,5,False
Reactome,REACTOME_NFE2L2_REGULATING_INFLAMMATION_ASSOCIATED_GENES,5,False
Reactome,REACTOME_NFE2L2_REGULATING_MDR_ASSOCIATED_ENZYMES,9,False
Reactome,REACTOME_NFE2L2_REGULATING_TUMORIGENIC_GENES,10,False
Reactome,REACTOME_NF_KB_ACTIVATION_THROUGH_FADD_RIP_1_PATHWAY_MEDIATED_BY_CASPASE_8_AND_10,12,False
Reactome,REACTOME_NF_KB_IS_ACTIVATED_AND_SIGNALS_SURVIVAL,14,False
Reactome,REACTOME_NGF_INDEPENDANT_TRKA_ACTIVATION,3,False
Reactome,REACTOME_NGF_STIMULATED_TRANSCRIPTION,33,True
Reactome,REACTOME_NICOTINATE_METABOLISM,26,True
Reactome,REACTOME_NITRIC_OXIDE_STIMULATES_GUANYLATE_CYCLASE,19,True
Reactome,REACTOME_NOD1_2_SIGNALING_PATHWAY,36,True
Reactome,REACTOME_NONCANONICAL_ACTIVATION_OF_NOTCH3,8,False
Reactome,REACTOME_NONHOMOLOGOUS_END_JOINING_NHEJ,56,True
Reactome,REACTOME_NONSENSE_MEDIATED_DECAY_NMD,116,True
Reactome,REACTOME_NON_CANONICAL_INFLAMMASOME_ACTIVATION,12,False
Reactome,REACTOME_NON_INTEGRIN_MEMBRANE_ECM_INTERACTIONS,79,True
Reactome,REACTOME_NOREPINEPHRINE_NEUROTRANSMITTER_RELEASE_CYCLE,17,True
Reactome,REACTOME_NOSTRIN_MEDIATED_ENOS_TRAFFICKING,3,False
Reactome,REACTOME_NOTCH1_INTRACELLULAR_DOMAIN_REGULATES_TRANSCRIPTION,46,True
Reactome,REACTOME_NOTCH2_ACTIVATION_AND_TRANSMISSION_OF_SIGNAL_TO_THE_NUCLEUS,26,True
Reactome,REACTOME_NOTCH2_INTRACELLULAR_DOMAIN_REGULATES_TRANSCRIPTION,9,False
Reactome,REACTOME_NOTCH3_ACTIVATION_AND_TRANSMISSION_OF_SIGNAL_TO_THE_NUCLEUS,25,True
Reactome,REACTOME_NOTCH3_INTRACELLULAR_DOMAIN_REGULATES_TRANSCRIPTION,20,True
Reactome,REACTOME_NOTCH4_ACTIVATION_AND_TRANSMISSION_OF_SIGNAL_TO_THE_NUCLEUS,10,False
Reactome,REACTOME_NOTCH4_INTRACELLULAR_DOMAIN_REGULATES_TRANSCRIPTION,18,True
Reactome,REACTOME_NOTCH_HLH_TRANSCRIPTION_PATHWAY,27,True
Reactome,REACTOME_NPAS4_REGULATES_EXPRESSION_OF_TARGET_GENES,18,True
Reactome,REACTOME_NR1H2_AND_NR1H3_MEDIATED_SIGNALING,43,True
Reactome,REACTOME_NR1H2_NR1H3_REGULATE_GENE_EXPRESSION_LINKED_TO_GLUCONEOGENESIS,9,False
Reactome,REACTOME_NR1H2_NR1H3_REGULATE_GENE_EXPRESSION_LINKED_TO_LIPOGENESIS,13,False
Reactome,REACTOME_NR1H2_NR1H3_REGULATE_GENE_EXPRESSION_LINKED_TO_TRIGLYCERIDE_LIPOLYSIS_IN_ADIPOSE,10,False
Reactome,REACTOME_NR1H2_NR1H3_REGULATE_GENE_EXPRESSION_TO_CONTROL_BILE_ACID_HOMEOSTASIS,12,False
Reactome,REACTOME_NR1H2_NR1H3_REGULATE_GENE_EXPRESSION_TO_LIMIT_CHOLESTEROL_UPTAKE,10,False
Reactome,REACTOME_NR1H3_NR1H2_REGULATE_GENE_EXPRESSION_LINKED_TO_CHOLESTEROL_TRANSPORT_AND_EFFLUX,37,True
Reactome,REACTOME_NRAGE_SIGNALS_DEATH_THROUGH_JNK,59,True
Reactome,REACTOME_NRCAM_INTERACTIONS,7,False
Reactome,REACTOME_NRIF_SIGNALS_CELL_DEATH_FROM_THE_NUCLEUS,17,True
Reactome,REACTOME_NS1_MEDIATED_EFFECTS_ON_HOST_PATHWAYS,41,True
Reactome,REACTOME_NTRK2_ACTIVATES_RAC1,5,False
Reactome,REACTOME_NUCLEAR_ENVELOPE_BREAKDOWN,51,True
Reactome,REACTOME_NUCLEAR_ENVELOPE_NE_REASSEMBLY,70,True
Reactome,REACTOME_NUCLEAR_EVENTS_KINASE_AND_TRANSCRIPTION_FACTOR_ACTIVATION,55,True
Reactome,REACTOME_NUCLEAR_EVENTS_MEDIATED_BY_NFE2L2,87,True
Reactome,REACTOME_NUCLEAR_EVENTS_STIMULATED_BY_ALK_SIGNALING_IN_CANCER,28,True
Reactome,REACTOME_NUCLEAR_IMPORT_OF_REV_PROTEIN,33,True
Reactome,REACTOME_NUCLEAR_PORE_COMPLEX_NPC_DISASSEMBLY,35,True
Reactome,REACTOME_NUCLEAR_RECEPTOR_TRANSCRIPTION_PATHWAY,46,True
Reactome,REACTOME_NUCLEAR_RNA_DECAY,38,True
Reactome,REACTOME_NUCLEAR_SIGNALING_BY_ERBB4,28,True
Reactome,REACTOME_NUCLEOTIDE_BINDING_DOMAIN_LEUCINE_RICH_REPEAT_CONTAINING_RECEPTOR_NLR_SIGNALING_PATHWAYS,53,True
Reactome,REACTOME_NUCLEOTIDE_BIOSYNTHESIS,15,True
Reactome,REACTOME_NUCLEOTIDE_CATABOLISM,30,True
Reactome,REACTOME_NUCLEOTIDE_EXCISION_REPAIR,111,True
Reactome,REACTOME_NUCLEOTIDE_LIKE_PURINERGIC_RECEPTORS,10,False
Reactome,REACTOME_NUCLEOTIDE_SALVAGE,19,True
Reactome,REACTOME_N_GLYCAN_ANTENNAE_ELONGATION,14,False
Reactome,REACTOME_N_GLYCAN_ANTENNAE_ELONGATION_IN_THE_MEDIAL_TRANS_GOLGI,20,True
Reactome,REACTOME_N_GLYCAN_TRIMMING_AND_ELONGATION_IN_THE_CIS_GOLGI,5,False
Reactome,REACTOME_N_GLYCAN_TRIMMING_IN_THE_ER_AND_CALNEXIN_CALRETICULIN_CYCLE,36,True
Reactome,REACTOME_OAS_ANTIVIRAL_RESPONSE,9,False
Reactome,REACTOME_OLFACTORY_SIGNALING_PATHWAY,46,True
Reactome,REACTOME_ONCOGENE_INDUCED_SENESCENCE,32,True
Reactome,REACTOME_ONCOGENIC_MAPK_SIGNALING,75,True
Reactome,REACTOME_OPIOID_SIGNALLING,83,True
Reactome,REACTOME_OPSINS,2,False
Reactome,REACTOME_ORC1_REMOVAL_FROM_CHROMATIN,58,True
Reactome,REACTOME_OREXIN_AND_NEUROPEPTIDES_FF_AND_QRFP_BIND_TO_THEIR_RESPECTIVE_RECEPTORS,3,False
Reactome,REACTOME_ORGANELLE_BIOGENESIS_AND_MAINTENANCE,286,True
Reactome,REACTOME_ORGANIC_ANION_TRANSPORT_BY_SLC22_TRANSPORTERS,0,False
Reactome,REACTOME_ORGANIC_ANION_TRANSPORT_BY_SLC5_17_25_TRANSPORTERS,4,False
Reactome,REACTOME_ORGANIC_ANION_TRANSPORT_BY_SLCO_TRANSPORTERS,5,False
Reactome,REACTOME_OTHER_INTERLEUKIN_SIGNALING,20,True
Reactome,REACTOME_OTHER_SEMAPHORIN_INTERACTIONS,16,True
Reactome,REACTOME_OVARIAN_TUMOR_DOMAIN_PROTEASES,37,True
Reactome,REACTOME_OXIDATIVE_STRESS_INDUCED_SENESCENCE,92,True
Reactome,REACTOME_O_GLYCOSYLATION_OF_TSR_DOMAIN_CONTAINING_PROTEINS,37,True
Reactome,REACTOME_O_LINKED_GLYCOSYLATION,107,True
Reactome,REACTOME_O_LINKED_GLYCOSYLATION_OF_MUCINS,48,True
Reactome,REACTOME_P130CAS_LINKAGE_TO_MAPK_SIGNALING_FOR_INTEGRINS,11,False
Reactome,REACTOME_P2Y_RECEPTORS,7,False
Reactome,REACTOME_P38MAPK_EVENTS,13,False
Reactome,REACTOME_P53_DEPENDENT_G1_DNA_DAMAGE_RESPONSE,53,True
Reactome,REACTOME_P75NTR_NEGATIVELY_REGULATES_CELL_CYCLE_VIA_SC1,6,False
Reactome,REACTOME_P75NTR_RECRUITS_SIGNALLING_COMPLEXES,14,False
Reactome,REACTOME_P75NTR_REGULATES_AXONOGENESIS,6,False
Reactome,REACTOME_P75NTR_SIGNALS_VIA_NF_KB,17,True
Reactome,REACTOME_P75_NTR_RECEPTOR_MEDIATED_SIGNALLING,96,True
Reactome,REACTOME_PARACETAMOL_ADME,19,True
Reactome,REACTOME_PARASITE_INFECTION,53,True
Reactome,REACTOME_PASSIVE_TRANSPORT_BY_AQUAPORINS,6,False
Reactome,REACTOME_PCNA_DEPENDENT_LONG_PATCH_BASE_EXCISION_REPAIR,20,True
Reactome,REACTOME_PCP_CE_PATHWAY,80,True
Reactome,REACTOME_PDH_COMPLEX_SYNTHESIZES_ACETYL_COA_FROM_PYR,5,False
Reactome,REACTOME_PD_L1_CD274_GLYCOSYLATION_AND_TRANSLOCATION_TO_PLASMA_MEMBRANE,18,True
Reactome,REACTOME_PECAM1_INTERACTIONS,8,False
Reactome,REACTOME_PENTOSE_PHOSPHATE_PATHWAY,13,False
Reactome,REACTOME_PEPTIDE_HORMONE_BIOSYNTHESIS,4,False
Reactome,REACTOME_PEPTIDE_HORMONE_METABOLISM,54,True
Reactome,REACTOME_PEPTIDE_LIGAND_BINDING_RECEPTORS,71,True
Reactome,REACTOME_PERK_REGULATES_GENE_EXPRESSION,31,True
Reactome,REACTOME_PEROXISOMAL_LIPID_METABOLISM,28,True
Reactome,REACTOME_PEROXISOMAL_PROTEIN_IMPORT,61,True
Reactome,REACTOME_PEXOPHAGY,13,False
Reactome,REACTOME_PHASE_0_RAPID_DEPOLARISATION,27,True
Reactome,REACTOME_PHASE_1_INACTIVATION_OF_FAST_NA_CHANNELS,6,False
Reactome,REACTOME_PHASE_2_PLATEAU_PHASE,11,False
Reactome,REACTOME_PHASE_3_RAPID_REPOLARISATION,6,False
Reactome,REACTOME_PHASE_4_RESTING_MEMBRANE_POTENTIAL,12,False
Reactome,REACTOME_PHASE_II_CONJUGATION_OF_COMPOUNDS,66,True
Reactome,REACTOME_PHASE_I_FUNCTIONALIZATION_OF_COMPOUNDS,71,True
Reactome,REACTOME_PHENYLALANINE_AND_TYROSINE_METABOLISM,8,False
Reactome,REACTOME_PHENYLALANINE_METABOLISM,5,False
Reactome,REACTOME_PHOSPHATE_BOND_HYDROLYSIS_BY_NTPDASE_PROTEINS,8,False
Reactome,REACTOME_PHOSPHATE_BOND_HYDROLYSIS_BY_NUDT_PROTEINS,7,False
Reactome,REACTOME_PHOSPHOLIPASE_C_MEDIATED_CASCADE_FGFR1,9,False
Reactome,REACTOME_PHOSPHOLIPASE_C_MEDIATED_CASCADE_FGFR2,10,False
Reactome,REACTOME_PHOSPHOLIPASE_C_MEDIATED_CASCADE_FGFR4,8,False
Reactome,REACTOME_PHOSPHOLIPID_METABOLISM,186,True
Reactome,REACTOME_PHOSPHORYLATED_BMAL1_CLOCK_ARNTL_CLOCK_ACTIVATES_EXPRESSION_OF_CORE_CLOCK_GENES,21,True
Reactome,REACTOME_PHOSPHORYLATION_AND_NUCLEAR_TRANSLOCATION_OF_BMAL1_ARNTL_AND_CLOCK,7,False
Reactome,REACTOME_PHOSPHORYLATION_AND_NUCLEAR_TRANSLOCATION_OF_THE_CRY_PER_KINASE_COMPLEX,16,True
Reactome,REACTOME_PHOSPHORYLATION_OF_CD3_AND_TCR_ZETA_CHAINS,14,False
Reactome,REACTOME_PHOSPHORYLATION_OF_CLOCK_ACETYLATION_OF_BMAL1_ARNTL_AT_TARGET_GENE_PROMOTERS,11,False
Reactome,REACTOME_PHOSPHORYLATION_OF_EMI1,6,False
Reactome,REACTOME_PHOSPHORYLATION_OF_THE_APC_C,20,True
Reactome,REACTOME_PHYSIOLOGICAL_FACTORS,11,False
Reactome,REACTOME_PI3K_AKT_ACTIVATION,8,False
Reactome,REACTOME_PI3K_AKT_SIGNALING_IN_CANCER,87,True
Reactome,REACTOME_PI3K_EVENTS_IN_ERBB2_SIGNALING,14,False
Reactome,REACTOME_PI3K_EVENTS_IN_ERBB4_SIGNALING,9,False
Reactome,REACTOME_PI5P_REGULATES_TP53_ACETYLATION,9,False
Reactome,REACTOME_PINK1_PRKN_MEDIATED_MITOPHAGY,33,True
Reactome,REACTOME_PIWI_INTERACTING_RNA_PIRNA_BIOGENESIS,26,True
Reactome,REACTOME_PI_3K_CASCADE_FGFR1,14,False
Reactome,REACTOME_PI_3K_CASCADE_FGFR2,15,True
Reactome,REACTOME_PI_3K_CASCADE_FGFR3,13,False
Reactome,REACTOME_PI_3K_CASCADE_FGFR4,13,False
Reactome,REACTOME_PI_METABOLISM,75,True
Reactome,REACTOME_PKA_ACTIVATION_IN_GLUCAGON_SIGNALLING,18,True
Reactome,REACTOME_PKA_MEDIATED_PHOSPHORYLATION_OF_CREB,21,True
Reactome,REACTOME_PKA_MEDIATED_PHOSPHORYLATION_OF_KEY_METABOLIC_FACTORS,4,False
Reactome,REACTOME_PKMTS_METHYLATE_HISTONE_LYSINES,56,True
Reactome,REACTOME_PKR_MEDIATED_SIGNALING,78,True
Reactome,REACTOME_PLASMA_LIPOPROTEIN_ASSEMBLY,12,False
Reactome,REACTOME_PLASMA_LIPOPROTEIN_ASSEMBLY_REMODELING_AND_CLEARANCE,56,True
Reactome,REACTOME_PLASMA_LIPOPROTEIN_CLEARANCE,34,True
Reactome,REACTOME_PLASMA_LIPOPROTEIN_REMODELING,16,True
Reactome,REACTOME_PLATELET_ACTIVATION_SIGNALING_AND_AGGREGATION,206,True
Reactome,REACTOME_PLATELET_ADHESION_TO_EXPOSED_COLLAGEN,13,False
Reactome,REACTOME_PLATELET_AGGREGATION_PLUG_FORMATION,29,True
Reactome,REACTOME_PLATELET_CALCIUM_HOMEOSTASIS,19,True
Reactome,REACTOME_PLATELET_HOMEOSTASIS,68,True
Reactome,REACTOME_PLATELET_SENSITIZATION_BY_LDL,14,False
Reactome,REACTOME_POLB_DEPENDENT_LONG_PATCH_BASE_EXCISION_REPAIR,6,False
Reactome,REACTOME_POLO_LIKE_KINASE_MEDIATED_EVENTS,16,True
Reactome,REACTOME_POLYMERASE_SWITCHING,14,False
Reactome,REACTOME_POLYMERASE_SWITCHING_ON_THE_C_STRAND_OF_THE_TELOMERE,27,True
Reactome,REACTOME_POSITIVE_EPIGENETIC_REGULATION_OF_RRNA_EXPRESSION,82,True
Reactome,REACTOME_POSITIVE_REGULATION_OF_CDH1_GENE_TRANSCRIPTION,10,False
Reactome,REACTOME_POSTMITOTIC_NUCLEAR_PORE_COMPLEX_NPC_REFORMATION,27,True
Reactome,REACTOME_POST_CHAPERONIN_TUBULIN_FOLDING_PATHWAY,20,True
Reactome,REACTOME_POST_TRANSCRIPTIONAL_SILENCING_BY_SMALL_RNAS,6,False
Reactome,REACTOME_POST_TRANSLATIONAL_MODIFICATION_SYNTHESIS_OF_GPI_ANCHORED_PROTEINS,61,True
Reactome,REACTOME_POST_TRANSLATIONAL_PROTEIN_MODIFICATION,1327,False
Reactome,REACTOME_POTASSIUM_CHANNELS,71,True
Reactome,REACTOME_POTENTIAL_THERAPEUTICS_FOR_SARS,95,True
Reactome,REACTOME_POU5F1_OCT4_SOX2_NANOG_ACTIVATE_GENES_RELATED_TO_PROLIFERATION,10,False
Reactome,REACTOME_POU5F1_OCT4_SOX2_NANOG_REPRESS_GENES_RELATED_TO_DIFFERENTIATION,8,False
Reactome,REACTOME_PP2A_MEDIATED_DEPHOSPHORYLATION_OF_KEY_METABOLIC_FACTORS,6,False
Reactome,REACTOME_PRC2_METHYLATES_HISTONES_AND_DNA,44,True
Reactome,REACTOME_PREDNISONE_ADME,3,False
Reactome,REACTOME_PREGNENOLONE_BIOSYNTHESIS,11,False
Reactome,REACTOME_PRESYNAPTIC_DEPOLARIZATION_AND_CALCIUM_CHANNEL_OPENING,8,False
Reactome,REACTOME_PRESYNAPTIC_FUNCTION_OF_KAINATE_RECEPTORS,17,True
Reactome,REACTOME_PRESYNAPTIC_NICOTINIC_ACETYLCHOLINE_RECEPTORS,2,False
Reactome,REACTOME_PREVENTION_OF_PHAGOSOMAL_LYSOSOMAL_FUSION,9,False
Reactome,REACTOME_PRE_NOTCH_EXPRESSION_AND_PROCESSING,78,True
Reactome,REACTOME_PRE_NOTCH_PROCESSING_IN_GOLGI,16,True
Reactome,REACTOME_PRE_NOTCH_PROCESSING_IN_THE_ENDOPLASMIC_RETICULUM,5,False
Reactome,REACTOME_PROCESSING_AND_ACTIVATION_OF_SUMO,10,False
Reactome,REACTOME_PROCESSING_OF_CAPPED_INTRONLESS_PRE_MRNA,29,True
Reactome,REACTOME_PROCESSING_OF_CAPPED_INTRON_CONTAINING_PRE_MRNA,300,True
Reactome,REACTOME_PROCESSING_OF_DNA_DOUBLE_STRAND_BREAK_ENDS,85,True
Reactome,REACTOME_PROCESSING_OF_INTRONLESS_PRE_MRNAS,20,True
Reactome,REACTOME_PROCESSING_OF_SMDT1,16,True
Reactome,REACTOME_PROCESSIVE_SYNTHESIS_ON_THE_C_STRAND_OF_THE_TELOMERE,20,True
Reactome,REACTOME_PROCESSIVE_SYNTHESIS_ON_THE_LAGGING_STRAND,15,True
Reactome,REACTOME_PROGRAMMED_CELL_DEATH,194,True
Reactome,REACTOME_PROLACTIN_RECEPTOR_SIGNALING,11,False
Reactome,REACTOME_PROLONGED_ERK_ACTIVATION_EVENTS,13,False
Reactome,REACTOME_PROPIONYL_COA_CATABOLISM,5,False
Reactome,REACTOME_PROSTACYCLIN_SIGNALLING_THROUGH_PROSTACYCLIN_RECEPTOR,16,True
Reactome,REACTOME_PROSTANOID_LIGAND_RECEPTORS,8,False
Reactome,REACTOME_PROTEASOME_ASSEMBLY,54,True
Reactome,REACTOME_PROTEIN_FOLDING,94,True
Reactome,REACTOME_PROTEIN_HYDROXYLATION,19,True
Reactome,REACTOME_PROTEIN_LIPOYLATION,9,False
Reactome,REACTOME_PROTEIN_LOCALIZATION,161,True
Reactome,REACTOME_PROTEIN_METHYLATION,16,True
Reactome,REACTOME_PROTEIN_PROTEIN_INTERACTIONS_AT_SYNAPSES,73,True
Reactome,REACTOME_PROTEIN_REPAIR,6,False
Reactome,REACTOME_PROTEIN_UBIQUITINATION,77,True
Reactome,REACTOME_PROTON_COUPLED_MONOCARBOXYLATE_TRANSPORT,7,False
Reactome,REACTOME_PTEN_REGULATION,134,True
Reactome,REACTOME_PTK6_EXPRESSION,5,False
Reactome,REACTOME_PTK6_PROMOTES_HIF1A_STABILIZATION,6,False
Reactome,REACTOME_PTK6_REGULATES_CELL_CYCLE,6,False
Reactome,REACTOME_PTK6_REGULATES_PROTEINS_INVOLVED_IN_RNA_PROCESSING,4,False
Reactome,REACTOME_PTK6_REGULATES_RHO_GTPASES_RAS_GTPASE_AND_MAP_KINASES,15,True
Reactome,REACTOME_PTK6_REGULATES_RTKS_AND_THEIR_EFFECTORS_AKT1_AND_DOK1,9,False
Reactome,REACTOME_PURINERGIC_SIGNALING_IN_LEISHMANIASIS_INFECTION,20,True
Reactome,REACTOME_PURINE_CATABOLISM,15,True
Reactome,REACTOME_PURINE_RIBONUCLEOSIDE_MONOPHOSPHATE_BIOSYNTHESIS,12,False
Reactome,REACTOME_PURINE_SALVAGE,11,False
Reactome,REACTOME_PYRIMIDINE_CATABOLISM,9,False
Reactome,REACTOME_PYRIMIDINE_SALVAGE,9,False
Reactome,REACTOME_PYROPTOSIS,23,True
Reactome,REACTOME_PYRUVATE_METABOLISM,46,True
Reactome,REACTOME_RAB_GEFS_EXCHANGE_GTP_FOR_GDP_ON_RABS,91,True
Reactome,REACTOME_RAB_GERANYLGERANYLATION,61,True
Reactome,REACTOME_RAB_REGULATION_OF_TRAFFICKING,122,True
Reactome,REACTOME_RAC1_GTPASE_CYCLE,174,True
Reactome,REACTOME_RAC2_GTPASE_CYCLE,87,True
Reactome,REACTOME_RAC3_GTPASE_CYCLE,88,True
Reactome,REACTOME_RAF_ACTIVATION,34,True
Reactome,REACTOME_RAF_INDEPENDENT_MAPK1_3_ACTIVATION,22,True
Reactome,REACTOME_RAP1_SIGNALLING,16,True
Reactome,REACTOME_RAS_ACTIVATION_UPON_CA2_INFLUX_THROUGH_NMDA_RECEPTOR,18,True
Reactome,REACTOME_RAS_PROCESSING,23,True
Reactome,REACTOME_RAS_SIGNALING_DOWNSTREAM_OF_NF1_LOSS_OF_FUNCTION_VARIANTS,8,False
Reactome,REACTOME_RA_BIOSYNTHESIS_PATHWAY,18,True
Reactome,REACTOME_REACTIONS_SPECIFIC_TO_THE_COMPLEX_N_GLYCAN_SYNTHESIS_PATHWAY,6,False
Reactome,REACTOME_RECEPTOR_MEDIATED_MITOPHAGY,12,False
Reactome,REACTOME_RECEPTOR_TYPE_TYROSINE_PROTEIN_PHOSPHATASES,13,False
Reactome,REACTOME_RECOGNITION_AND_ASSOCIATION_OF_DNA_GLYCOSYLASE_WITH_SITE_CONTAINING_AN_AFFECTED_PURINE,35,True
Reactome,REACTOME_RECOGNITION_OF_DNA_DAMAGE_BY_PCNA_CONTAINING_REPLICATION_COMPLEX,30,True
Reactome,REACTOME_RECRUITMENT_OF_MITOTIC_CENTROSOME_PROTEINS_AND_COMPLEXES,85,True
Reactome,REACTOME_RECRUITMENT_OF_NUMA_TO_MITOTIC_CENTROSOMES,93,True
Reactome,REACTOME_RECYCLING_OF_BILE_ACIDS_AND_SALTS,11,False
Reactome,REACTOME_RECYCLING_OF_EIF2_GDP,8,False
Reactome,REACTOME_RECYCLING_PATHWAY_OF_L1,41,True
Reactome,REACTOME_REDUCTION_OF_CYTOSOLIC_CA_LEVELS,9,False
Reactome,REACTOME_REELIN_SIGNALLING_PATHWAY,5,False
Reactome,REACTOME_REGULATED_NECROSIS,58,True
Reactome,REACTOME_REGULATED_PROTEOLYSIS_OF_P75NTR,11,False
Reactome,REACTOME_REGULATION_BY_C_FLIP,10,False
Reactome,REACTOME_REGULATION_OF_APOPTOSIS,41,True
Reactome,REACTOME_REGULATION_OF_BACH1_ACTIVITY,11,False
Reactome,REACTOME_REGULATION_OF_BETA_CELL_DEVELOPMENT,21,True
Reactome,REACTOME_REGULATION_OF_CDH11_FUNCTION,11,False
Reactome,REACTOME_REGULATION_OF_CDH11_GENE_TRANSCRIPTION,7,False
Reactome,REACTOME_REGULATION_OF_CDH11_MRNA_TRANSLATION_BY_MICRORNAS,8,False
Reactome,REACTOME_REGULATION_OF_CDH19_EXPRESSION_AND_FUNCTION,5,False
Reactome,REACTOME_REGULATION_OF_CDH1_FUNCTION,58,True
Reactome,REACTOME_REGULATION_OF_CDH1_GENE_TRANSCRIPTION,71,True
Reactome,REACTOME_REGULATION_OF_CDH1_MRNA_TRANSLATION_BY_MICRORNAS,8,False
Reactome,REACTOME_REGULATION_OF_CDH1_POSTTRANSLATIONAL_PROCESSING_AND_TRAFFICKING_TO_PLASMA_MEMBRANE,32,True
Reactome,REACTOME_REGULATION_OF_CHOLESTEROL_BIOSYNTHESIS_BY_SREBP_SREBF,58,True
Reactome,REACTOME_REGULATION_OF_COMMISSURAL_AXON_PATHFINDING_BY_SLIT_AND_ROBO,9,False
Reactome,REACTOME_REGULATION_OF_CYTOSKELETAL_REMODELING_AND_CELL_SPREADING_BY_IPP_COMPLEX_COMPONENTS,8,False
Reactome,REACTOME_REGULATION_OF_ENDOGENOUS_RETROELEMENTS,116,True
Reactome,REACTOME_REGULATION_OF_ENDOGENOUS_RETROELEMENTS_BY_KRAB_ZFP_PROTEINS,78,True
Reactome,REACTOME_REGULATION_OF_ENDOGENOUS_RETROELEMENTS_BY_PIWI_INTERACTING_RNAS_PIRNAS,67,True
Reactome,REACTOME_REGULATION_OF_ENDOGENOUS_RETROELEMENTS_BY_THE_HUMAN_SILENCING_HUB_HUSH_COMPLEX,44,True
Reactome,REACTOME_REGULATION_OF_EXPRESSION_AND_FUNCTION_OF_TYPE_II_CLASSICAL_CADHERINS,25,True
Reactome,REACTOME_REGULATION_OF_EXPRESSION_OF_SLITS_AND_ROBOS,155,True
Reactome,REACTOME_REGULATION_OF_FOXO_TRANSCRIPTIONAL_ACTIVITY_BY_ACETYLATION,10,False
Reactome,REACTOME_REGULATION_OF_FZD_BY_UBIQUITINATION,17,True
Reactome,REACTOME_REGULATION_OF_GENE_EXPRESSION_BY_HYPOXIA_INDUCIBLE_FACTOR,10,False
Reactome,REACTOME_REGULATION_OF_GENE_EXPRESSION_IN_BETA_CELLS,9,False
Reactome,REACTOME_REGULATION_OF_GENE_EXPRESSION_IN_EARLY_PANCREATIC_PRECURSOR_CELLS,0,False
Reactome,REACTOME_REGULATION_OF_GENE_EXPRESSION_IN_ENDOCRINE_COMMITTED_NEUROG3_PROGENITOR_CELLS,0,False
Reactome,REACTOME_REGULATION_OF_GENE_EXPRESSION_IN_LATE_STAGE_BRANCHING_MORPHOGENESIS_PANCREATIC_BUD_PRECURSOR_CELLS,12,False
Reactome,REACTOME_REGULATION_OF_GLUCOKINASE_BY_GLUCOKINASE_REGULATORY_PROTEIN,31,True
Reactome,REACTOME_REGULATION_OF_GLYCOLYSIS_BY_FRUCTOSE_2_6_BISPHOSPHATE_METABOLISM,11,False
Reactome,REACTOME_REGULATION_OF_HMOX1_EXPRESSION_AND_ACTIVITY,5,False
Reactome,REACTOME_REGULATION_OF_HOMOTYPIC_CELL_CELL_ADHESION,178,True
Reactome,REACTOME_REGULATION_OF_HSF1_MEDIATED_HEAT_SHOCK_RESPONSE,84,True
Reactome,REACTOME_REGULATION_OF_IFNA_IFNB_SIGNALING,11,False
Reactome,REACTOME_REGULATION_OF_IFNG_SIGNALING,13,False
Reactome,REACTOME_REGULATION_OF_INNATE_IMMUNE_RESPONSES_TO_CYTOSOLIC_DNA,13,False
Reactome,REACTOME_REGULATION_OF_INSULIN_LIKE_GROWTH_FACTOR_IGF_TRANSPORT_AND_UPTAKE_BY_INSULIN_LIKE_GROWTH_FACTOR_BINDING_PROTEINS_IGFBPS,85,True
Reactome,REACTOME_REGULATION_OF_INSULIN_SECRETION,66,True
Reactome,REACTOME_REGULATION_OF_KIT_SIGNALING,13,False
Reactome,REACTOME_REGULATION_OF_LIPID_METABOLISM_BY_PPARALPHA,114,True
Reactome,REACTOME_REGULATION_OF_LOCALIZATION_OF_FOXO_TRANSCRIPTION_FACTORS,11,False
Reactome,REACTOME_REGULATION_OF_MECP2_EXPRESSION_AND_ACTIVITY,30,True
Reactome,REACTOME_REGULATION_OF_MITF_M_DEPENDENT_GENES_INVOLVED_IN_APOPTOSIS,14,False
Reactome,REACTOME_REGULATION_OF_MITF_M_DEPENDENT_GENES_INVOLVED_IN_CELL_CYCLE_AND_PROLIFERATION,17,True
Reactome,REACTOME_REGULATION_OF_MITF_M_DEPENDENT_GENES_INVOLVED_IN_DNA_REPLICATION_DAMAGE_REPAIR_AND_SENESCENCE,5,False
Reactome,REACTOME_REGULATION_OF_MITF_M_DEPENDENT_GENES_INVOLVED_IN_EXTRACELLULAR_MATRIX_FOCAL_ADHESION_AND_EPITHELIAL_TO_MESENCHYMAL_TRANSITION,11,False
Reactome,REACTOME_REGULATION_OF_MITF_M_DEPENDENT_GENES_INVOLVED_IN_LYSOSOME_BIOGENESIS_AND_AUTOPHAGY,17,True
Reactome,REACTOME_REGULATION_OF_MITF_M_DEPENDENT_GENES_INVOLVED_IN_PIGMENTATION,39,True
Reactome,REACTOME_REGULATION_OF_MRNA_STABILITY_BY_PROTEINS_THAT_BIND_AU_RICH_ELEMENTS,77,True
Reactome,REACTOME_REGULATION_OF_NFE2L2_GENE_EXPRESSION,8,False
Reactome,REACTOME_REGULATION_OF_NF_KAPPA_B_SIGNALING,18,True
Reactome,REACTOME_REGULATION_OF_NPAS4_GENE_EXPRESSION,11,False
Reactome,REACTOME_REGULATION_OF_NPAS4_GENE_TRANSCRIPTION,4,False
Reactome,REACTOME_REGULATION_OF_NPAS4_MRNA_TRANSLATION,7,False
Reactome,REACTOME_REGULATION_OF_ORNITHINE_DECARBOXYLASE_ODC,39,True
Reactome,REACTOME_REGULATION_OF_PD_L1_CD274_EXPRESSION,162,True
Reactome,REACTOME_REGULATION_OF_PD_L1_CD274_POST_TRANSLATIONAL_MODIFICATION,87,True
Reactome,REACTOME_REGULATION_OF_PD_L1_CD274_TRANSCRIPTION,69,True
Reactome,REACTOME_REGULATION_OF_PD_L1_CD274_TRANSLATION,8,False
Reactome,REACTOME_REGULATION_OF_PLK1_ACTIVITY_AT_G2_M_TRANSITION,90,True
Reactome,REACTOME_REGULATION_OF_PTEN_GENE_TRANSCRIPTION,62,True
Reactome,REACTOME_REGULATION_OF_PTEN_LOCALIZATION,9,False
Reactome,REACTOME_REGULATION_OF_PTEN_MRNA_TRANSLATION,8,False
Reactome,REACTOME_REGULATION_OF_PTEN_STABILITY_AND_ACTIVITY,64,True
Reactome,REACTOME_REGULATION_OF_PYRUVATE_DEHYDROGENASE_PDH_COMPLEX,14,False
Reactome,REACTOME_REGULATION_OF_PYRUVATE_METABOLISM,32,True
Reactome,REACTOME_REGULATION_OF_RAS_BY_GAPS,56,True
Reactome,REACTOME_REGULATION_OF_RUNX1_EXPRESSION_AND_ACTIVITY,15,True
Reactome,REACTOME_REGULATION_OF_RUNX2_EXPRESSION_AND_ACTIVITY,58,True
Reactome,REACTOME_REGULATION_OF_RUNX3_EXPRESSION_AND_ACTIVITY,45,True
Reactome,REACTOME_REGULATION_OF_SIGNALING_BY_CBL,19,True
Reactome,REACTOME_REGULATION_OF_SIGNALING_BY_NODAL,7,False
Reactome,REACTOME_REGULATION_OF_TBK1_IKK_IKBKE_MEDIATED_ACTIVATION_OF_IRF3_IRF7,14,False
Reactome,REACTOME_REGULATION_OF_TBK1_IKK_MEDIATED_ACTIVATION_OF_IRF3_IRF7_UPON_TLR3_LIGATION,11,False
Reactome,REACTOME_REGULATION_OF_TLR_BY_ENDOGENOUS_LIGAND,13,False
Reactome,REACTOME_REGULATION_OF_TP53_ACTIVITY,170,True
Reactome,REACTOME_REGULATION_OF_TP53_ACTIVITY_THROUGH_ACETYLATION,32,True
Reactome,REACTOME_REGULATION_OF_TP53_ACTIVITY_THROUGH_ASSOCIATION_WITH_CO_FACTORS,13,False
Reactome,REACTOME_REGULATION_OF_TP53_ACTIVITY_THROUGH_METHYLATION,22,True
Reactome,REACTOME_REGULATION_OF_TP53_ACTIVITY_THROUGH_PHOSPHORYLATION,97,True
Reactome,REACTOME_REGULATION_OF_TP53_EXPRESSION_AND_DEGRADATION,39,True
Reactome,REACTOME_REGULATION_OF_T_CELL_ACTIVATION_BY_CD28_FAMILY,216,True
Reactome,REACTOME_RELAXIN_RECEPTORS,1,False
Reactome,REACTOME_RELEASE_OF_APOPTOTIC_FACTORS_FROM_THE_MITOCHONDRIA,8,False
Reactome,REACTOME_RELEASE_OF_HH_NP_FROM_THE_SECRETING_CELL,3,False
Reactome,REACTOME_REMOVAL_OF_AMINOTERMINAL_PROPEPTIDES_FROM_GAMMA_CARBOXYLATED_PROTEINS,6,False
Reactome,REACTOME_REPLACEMENT_OF_PROTAMINES_BY_NUCLEOSOMES_IN_THE_MALE_PRONUCLEUS,23,True
Reactome,REACTOME_REPRESSION_OF_WNT_TARGET_GENES,13,False
Reactome,REACTOME_REPRODUCTION,103,True
Reactome,REACTOME_RESOLUTION_OF_ABASIC_SITES_AP_SITES,36,True
Reactome,REACTOME_RESOLUTION_OF_AP_SITES_VIA_THE_MULTIPLE_NUCLEOTIDE_PATCH_REPLACEMENT_PATHWAY,23,True
Reactome,REACTOME_RESOLUTION_OF_D_LOOP_STRUCTURES,36,True
Reactome,REACTOME_RESOLUTION_OF_D_LOOP_STRUCTURES_THROUGH_SYNTHESIS_DEPENDENT_STRAND_ANNEALING_SDSA,27,True
Reactome,REACTOME_RESOLUTION_OF_SISTER_CHROMATID_COHESION,117,True
Reactome,REACTOME_RESPIRATORY_ELECTRON_TRANSPORT,154,True
Reactome,REACTOME_RESPIRATORY_SYNCYTIAL_VIRUS_INFECTION_PATHWAY,105,True
Reactome,REACTOME_RESPIRATORY_SYNCYTIAL_VIRUS_RSV_ATTACHMENT_AND_ENTRY,21,True
Reactome,REACTOME_RESPIRATORY_SYNCYTIAL_VIRUS_RSV_GENOME_REPLICATION_TRANSCRIPTION_AND_TRANSLATION,19,True
Reactome,REACTOME_RESPONSE_OF_EIF2AK1_HRI_TO_HEME_DEFICIENCY,15,True
Reactome,REACTOME_RESPONSE_OF_EIF2AK4_GCN2_TO_AMINO_ACID_DEFICIENCY,103,True
Reactome,REACTOME_RESPONSE_OF_MTB_TO_PHAGOCYTOSIS,26,True
Reactome,REACTOME_RESPONSE_TO_ELEVATED_PLATELET_CYTOSOLIC_CA2,105,True
Reactome,REACTOME_RESPONSE_TO_METAL_IONS,7,False
Reactome,REACTOME_RETINOID_CYCLE_DISEASE_EVENTS,6,False
Reactome,REACTOME_RETROGRADE_NEUROTROPHIN_SIGNALLING,14,False
Reactome,REACTOME_RETROGRADE_TRANSPORT_AT_THE_TRANS_GOLGI_NETWORK,55,True
Reactome,REACTOME_RET_SIGNALING,34,True
Reactome,REACTOME_REVERSIBLE_HYDRATION_OF_CARBON_DIOXIDE,4,False
Reactome,REACTOME_RHOA_GTPASE_CYCLE,150,True
Reactome,REACTOME_RHOBTB1_GTPASE_CYCLE,23,True
Reactome,REACTOME_RHOBTB2_GTPASE_CYCLE,28,True
Reactome,REACTOME_RHOBTB3_ATPASE_CYCLE,9,False
Reactome,REACTOME_RHOBTB_GTPASE_CYCLE,40,True
Reactome,REACTOME_RHOB_GTPASE_CYCLE,75,True
Reactome,REACTOME_RHOC_GTPASE_CYCLE,78,True
Reactome,REACTOME_RHOD_GTPASE_CYCLE,51,True
Reactome,REACTOME_RHOF_GTPASE_CYCLE,41,True
Reactome,REACTOME_RHOG_GTPASE_CYCLE,76,True
Reactome,REACTOME_RHOH_GTPASE_CYCLE,31,True
Reactome,REACTOME_RHOJ_GTPASE_CYCLE,54,True
Reactome,REACTOME_RHOQ_GTPASE_CYCLE,58,True
Reactome,REACTOME_RHOT1_GTPASE_CYCLE,6,False
Reactome,REACTOME_RHOU_GTPASE_CYCLE,40,True
Reactome,REACTOME_RHOV_GTPASE_CYCLE,37,True
Reactome,REACTOME_RHO_GTPASES_ACTIVATE_CIT,19,True
Reactome,REACTOME_RHO_GTPASES_ACTIVATE_FORMINS,129,True
Reactome,REACTOME_RHO_GTPASES_ACTIVATE_IQGAPS,23,True
Reactome,REACTOME_RHO_GTPASES_ACTIVATE_KTN1,10,False
Reactome,REACTOME_RHO_GTPASES_ACTIVATE_NADPH_OXIDASES,15,True
Reactome,REACTOME_RHO_GTPASES_ACTIVATE_PAKS,21,True
Reactome,REACTOME_RHO_GTPASES_ACTIVATE_PKNS,61,True
Reactome,REACTOME_RHO_GTPASES_ACTIVATE_RHOTEKIN_AND_RHOPHILINS,8,False
Reactome,REACTOME_RHO_GTPASES_ACTIVATE_ROCKS,19,True
Reactome,REACTOME_RHO_GTPASES_ACTIVATE_WASPS_AND_WAVES,36,True
Reactome,REACTOME_RHO_GTPASE_CYCLE,438,True
Reactome,REACTOME_RHO_GTPASE_EFFECTORS,267,True
Reactome,REACTOME_RIBAVIRIN_ADME,10,False
Reactome,REACTOME_RIBOSOME_ASSOCIATED_QUALITY_CONTROL,146,True
Reactome,REACTOME_RIBOSOME_QUALITY_CONTROL_RQC_COMPLEX_EXTRACTS_AND_DEGRADES_NASCENT_PEPTIDE,101,True
Reactome,REACTOME_RIPK1_MEDIATED_REGULATED_NECROSIS,35,True
Reactome,REACTOME_RIP_MEDIATED_NFKB_ACTIVATION_VIA_ZBP1,16,True
Reactome,REACTOME_RMTS_METHYLATE_HISTONE_ARGININES,51,True
Reactome,REACTOME_RNA_POLYMERASE_III_CHAIN_ELONGATION,19,True
Reactome,REACTOME_RNA_POLYMERASE_III_TRANSCRIPTION,42,True
Reactome,REACTOME_RNA_POLYMERASE_III_TRANSCRIPTION_INITIATION_FROM_TYPE_1_PROMOTER,29,True
Reactome,REACTOME_RNA_POLYMERASE_III_TRANSCRIPTION_INITIATION_FROM_TYPE_3_PROMOTER,29,True
Reactome,REACTOME_RNA_POLYMERASE_III_TRANSCRIPTION_TERMINATION,24,True
Reactome,REACTOME_RNA_POLYMERASE_II_TRANSCRIBES_SNRNA_GENES,78,True
Reactome,REACTOME_RNA_POLYMERASE_II_TRANSCRIPTION,1271,False
Reactome,REACTOME_RNA_POLYMERASE_II_TRANSCRIPTION_TERMINATION,71,True
Reactome,REACTOME_RNA_POLYMERASE_I_PROMOTER_ESCAPE,66,True
Reactome,REACTOME_RNA_POLYMERASE_I_TRANSCRIPTION,91,True
Reactome,REACTOME_RNA_POLYMERASE_I_TRANSCRIPTION_INITIATION,58,True
Reactome,REACTOME_RNA_POLYMERASE_I_TRANSCRIPTION_TERMINATION,36,True
Reactome,REACTOME_RND1_GTPASE_CYCLE,39,True
Reactome,REACTOME_RND2_GTPASE_CYCLE,41,True
Reactome,REACTOME_RND3_GTPASE_CYCLE,39,True
Reactome,REACTOME_ROBO_RECEPTORS_BIND_AKAP5,9,False
Reactome,REACTOME_ROLE_OF_ABL_IN_ROBO_SLIT_SIGNALING,8,False
Reactome,REACTOME_ROLE_OF_LAT2_NTAL_LAB_ON_CALCIUM_MOBILIZATION,13,False
Reactome,REACTOME_ROLE_OF_PHOSPHOLIPIDS_IN_PHAGOCYTOSIS,19,True
Reactome,REACTOME_ROLE_OF_SECOND_MESSENGERS_IN_NETRIN_1_SIGNALING,7,False
Reactome,REACTOME_RORA_B_C_AND_NR1D1_REV_ERBA_REGULATE_GENE_EXPRESSION,24,True
Reactome,REACTOME_ROS_AND_RNS_PRODUCTION_IN_PHAGOCYTES,26,True
Reactome,REACTOME_RRNA_MODIFICATION_IN_THE_MITOCHONDRION,14,False
Reactome,REACTOME_RRNA_MODIFICATION_IN_THE_NUCLEUS_AND_CYTOSOL,61,True
Reactome,REACTOME_RRNA_PROCESSING,212,True
Reactome,REACTOME_RRNA_PROCESSING_IN_THE_MITOCHONDRION,18,True
Reactome,REACTOME_RSK_ACTIVATION,7,False
Reactome,REACTOME_RSV_HOST_INTERACTIONS,80,True
Reactome,REACTOME_RUNX1_AND_FOXP3_CONTROL_THE_DEVELOPMENT_OF_REGULATORY_T_LYMPHOCYTES_TREGS,5,False
Reactome,REACTOME_RUNX1_INTERACTS_WITH_CO_FACTORS_WHOSE_PRECISE_EFFECT_ON_RUNX1_TARGETS_IS_NOT_KNOWN,41,True
Reactome,REACTOME_RUNX1_REGULATES_ESTROGEN_RECEPTOR_MEDIATED_TRANSCRIPTION,6,False
Reactome,REACTOME_RUNX1_REGULATES_EXPRESSION_OF_COMPONENTS_OF_TIGHT_JUNCTIONS,6,False
Reactome,REACTOME_RUNX1_REGULATES_GENES_INVOLVED_IN_MEGAKARYOCYTE_DIFFERENTIATION_AND_PLATELET_FUNCTION,60,True
Reactome,REACTOME_RUNX1_REGULATES_TRANSCRIPTION_OF_GENES_INVOLVED_IN_BCR_SIGNALING,4,False
Reactome,REACTOME_RUNX1_REGULATES_TRANSCRIPTION_OF_GENES_INVOLVED_IN_DIFFERENTIATION_OF_HSCS,84,True
Reactome,REACTOME_RUNX1_REGULATES_TRANSCRIPTION_OF_GENES_INVOLVED_IN_DIFFERENTIATION_OF_KERATINOCYTES,7,False
Reactome,REACTOME_RUNX1_REGULATES_TRANSCRIPTION_OF_GENES_INVOLVED_IN_DIFFERENTIATION_OF_MYELOID_CELLS,6,False
Reactome,REACTOME_RUNX1_REGULATES_TRANSCRIPTION_OF_GENES_INVOLVED_IN_INTERLEUKIN_SIGNALING,4,False
Reactome,REACTOME_RUNX1_REGULATES_TRANSCRIPTION_OF_GENES_INVOLVED_IN_WNT_SIGNALING,6,False
Reactome,REACTOME_RUNX2_REGULATES_BONE_DEVELOPMENT,27,True
Reactome,REACTOME_RUNX2_REGULATES_CHONDROCYTE_MATURATION,4,False
Reactome,REACTOME_RUNX2_REGULATES_GENES_INVOLVED_IN_CELL_MIGRATION,8,False
Reactome,REACTOME_RUNX2_REGULATES_OSTEOBLAST_DIFFERENTIATION,21,True
Reactome,REACTOME_RUNX3_REGULATES_BCL2L11_BIM_TRANSCRIPTION,5,False
Reactome,REACTOME_RUNX3_REGULATES_CDKN1A_TRANSCRIPTION,7,False
Reactome,REACTOME_RUNX3_REGULATES_IMMUNE_RESPONSE_AND_CELL_MIGRATION,4,False
Reactome,REACTOME_RUNX3_REGULATES_NOTCH_SIGNALING,14,False
Reactome,REACTOME_RUNX3_REGULATES_P14_ARF,13,False
Reactome,REACTOME_RUNX3_REGULATES_WNT_SIGNALING,7,False
Reactome,REACTOME_RUNX3_REGULATES_YAP1_MEDIATED_TRANSCRIPTION,8,False
Reactome,REACTOME_SARS_COV_1_ACTIVATES_MODULATES_INNATE_IMMUNE_RESPONSES,39,True
Reactome,REACTOME_SARS_COV_1_HOST_INTERACTIONS,98,True
Reactome,REACTOME_SARS_COV_1_INFECTION,142,True
Reactome,REACTOME_SARS_COV_1_MODULATES_HOST_TRANSLATION_MACHINERY,40,True
Reactome,REACTOME_SARS_COV_1_TARGETS_HOST_INTRACELLULAR_SIGNALLING_AND_REGULATORY_PATHWAYS,16,True
Reactome,REACTOME_SARS_COV_2_ACTIVATES_MODULATES_INNATE_AND_ADAPTIVE_IMMUNE_RESPONSES,118,True
Reactome,REACTOME_SARS_COV_2_HOST_INTERACTIONS,203,True
Reactome,REACTOME_SARS_COV_2_INFECTION,297,True
Reactome,REACTOME_SARS_COV_2_MODULATES_AUTOPHAGY,12,False
Reactome,REACTOME_SARS_COV_2_MODULATES_HOST_TRANSLATION_MACHINERY,56,True
Reactome,REACTOME_SARS_COV_2_TARGETS_HOST_INTRACELLULAR_SIGNALLING_AND_REGULATORY_PATHWAYS,13,False
Reactome,REACTOME_SARS_COV_2_TARGETS_PDZ_PROTEINS_IN_CELL_CELL_JUNCTION,5,False
Reactome,REACTOME_SARS_COV_INFECTIONS,410,True
Reactome,REACTOME_SCAVENGING_BY_CLASS_A_RECEPTORS,14,False
Reactome,REACTOME_SCAVENGING_BY_CLASS_B_RECEPTORS,5,False
Reactome,REACTOME_SCAVENGING_BY_CLASS_F_RECEPTORS,7,False
Reactome,REACTOME_SCAVENGING_OF_HEME_FROM_PLASMA,6,False
Reactome,REACTOME_SCF_BETA_TRCP_MEDIATED_DEGRADATION_OF_EMI1,43,True
Reactome,REACTOME_SCF_SKP2_MEDIATED_DEGRADATION_OF_P27_P21,50,True
Reactome,REACTOME_SEALING_OF_THE_NUCLEAR_ENVELOPE_NE_BY_ESCRT_III,26,True
Reactome,REACTOME_SELECTIVE_AUTOPHAGY,83,True
Reactome,REACTOME_SELENOAMINO_ACID_METABOLISM,118,True
Reactome,REACTOME_SEMA3A_PAK_DEPENDENT_AXON_REPULSION,16,True
Reactome,REACTOME_SEMA3A_PLEXIN_REPULSION_SIGNALING_BY_INHIBITING_INTEGRIN_ADHESION,14,False
Reactome,REACTOME_SEMA4D_INDUCED_CELL_MIGRATION_AND_GROWTH_CONE_COLLAPSE,20,True
Reactome,REACTOME_SEMA4D_IN_SEMAPHORIN_SIGNALING,24,True
Reactome,REACTOME_SEMA4D_MEDIATED_INHIBITION_OF_CELL_ATTACHMENT_AND_MIGRATION,8,False
Reactome,REACTOME_SEMAPHORIN_INTERACTIONS,60,True
Reactome,REACTOME_SENESCENCE_ASSOCIATED_SECRETORY_PHENOTYPE_SASP,82,True
Reactome,REACTOME_SENSING_OF_DNA_DOUBLE_STRAND_BREAKS,6,False
Reactome,REACTOME_SENSORY_PERCEPTION,181,True
Reactome,REACTOME_SENSORY_PERCEPTION_OF_SALTY_TASTE,3,False
Reactome,REACTOME_SENSORY_PERCEPTION_OF_TASTE,22,True
Reactome,REACTOME_SENSORY_PROCESSING_OF_SOUND,57,True
Reactome,REACTOME_SENSORY_PROCESSING_OF_SOUND_BY_OUTER_HAIR_CELLS_OF_THE_COCHLEA,39,True
Reactome,REACTOME_SEPARATION_OF_SISTER_CHROMATIDS,170,True
Reactome,REACTOME_SERINE_METABOLISM,10,False
Reactome,REACTOME_SEROTONIN_AND_MELATONIN_BIOSYNTHESIS,1,False
Reactome,REACTOME_SEROTONIN_NEUROTRANSMITTER_RELEASE_CYCLE,18,True
Reactome,REACTOME_SEROTONIN_RECEPTORS,3,False
Reactome,REACTOME_SHC1_EVENTS_IN_EGFR_SIGNALING,14,False
Reactome,REACTOME_SHC1_EVENTS_IN_ERBB2_SIGNALING,21,True
Reactome,REACTOME_SHC1_EVENTS_IN_ERBB4_SIGNALING,14,False
Reactome,REACTOME_SHC_MEDIATED_CASCADE_FGFR1,15,True
Reactome,REACTOME_SHC_MEDIATED_CASCADE_FGFR3,14,False
Reactome,REACTOME_SHC_MEDIATED_CASCADE_FGFR4,14,False
Reactome,REACTOME_SHC_RELATED_EVENTS_TRIGGERED_BY_IGF1R,10,False
Reactome,REACTOME_SIALIC_ACID_METABOLISM,30,True
Reactome,REACTOME_SIGNALING_BY_ACTIVATED_POINT_MUTANTS_OF_FGFR1,6,False
Reactome,REACTOME_SIGNALING_BY_ACTIVIN,17,True
Reactome,REACTOME_SIGNALING_BY_ALK,24,True
Reactome,REACTOME_SIGNALING_BY_ALK_IN_CANCER,87,True
Reactome,REACTOME_SIGNALING_BY_BMP,27,True
Reactome,REACTOME_SIGNALING_BY_BRAF_AND_RAF1_FUSIONS,59,True
Reactome,REACTOME_SIGNALING_BY_CSF1_M_CSF_IN_MYELOID_CELLS,28,True
Reactome,REACTOME_SIGNALING_BY_CSF3_G_CSF,26,True
Reactome,REACTOME_SIGNALING_BY_CTNNB1_PHOSPHO_SITE_MUTANTS,15,True
Reactome,REACTOME_SIGNALING_BY_CYTOSOLIC_FGFR1_FUSION_MUTANTS,18,True
Reactome,REACTOME_SIGNALING_BY_EGFR,49,True
Reactome,REACTOME_SIGNALING_BY_EGFR_IN_CANCER,25,True
Reactome,REACTOME_SIGNALING_BY_ERBB2,48,True
Reactome,REACTOME_SIGNALING_BY_ERBB2_ECD_MUTANTS,16,True
Reactome,REACTOME_SIGNALING_BY_ERBB2_IN_CANCER,25,True
Reactome,REACTOME_SIGNALING_BY_ERBB4,50,True
Reactome,REACTOME_SIGNALING_BY_ERYTHROPOIETIN,24,True
Reactome,REACTOME_SIGNALING_BY_FGFR,77,True
Reactome,REACTOME_SIGNALING_BY_FGFR1,44,True
Reactome,REACTOME_SIGNALING_BY_FGFR1_IN_DISEASE,34,True
Reactome,REACTOME_SIGNALING_BY_FGFR2,63,True
Reactome,REACTOME_SIGNALING_BY_FGFR2_IIIA_TM,20,True
Reactome,REACTOME_SIGNALING_BY_FGFR2_IN_DISEASE,37,True
Reactome,REACTOME_SIGNALING_BY_FGFR3,35,True
Reactome,REACTOME_SIGNALING_BY_FGFR4,34,True
Reactome,REACTOME_SIGNALING_BY_FGFR4_IN_DISEASE,12,False
Reactome,REACTOME_SIGNALING_BY_FGFR_IN_DISEASE,57,True
Reactome,REACTOME_SIGNALING_BY_FLT3_FUSION_PROTEINS,20,True
Reactome,REACTOME_SIGNALING_BY_FLT3_ITD_AND_TKD_MUTANTS,16,True
Reactome,REACTOME_SIGNALING_BY_GPCR,412,True
Reactome,REACTOME_SIGNALING_BY_HEDGEHOG,133,True
Reactome,REACTOME_SIGNALING_BY_HIPPO,22,True
Reactome,REACTOME_SIGNALING_BY_INSULIN_RECEPTOR,69,True
Reactome,REACTOME_SIGNALING_BY_INTERLEUKINS,362,True
Reactome,REACTOME_SIGNALING_BY_KIT_IN_DISEASE,19,True
Reactome,REACTOME_SIGNALING_BY_LEPTIN,11,False
Reactome,REACTOME_SIGNALING_BY_LRP5_MUTANTS,4,False
Reactome,REACTOME_SIGNALING_BY_LTK,10,False
Reactome,REACTOME_SIGNALING_BY_LTK_IN_CANCER,7,False
Reactome,REACTOME_SIGNALING_BY_MAPK_MUTANTS,6,False
Reactome,REACTOME_SIGNALING_BY_MEMBRANE_TETHERED_FUSIONS_OF_PDGFRA_OR_PDGFRB,4,False
Reactome,REACTOME_SIGNALING_BY_MET,79,True
Reactome,REACTOME_SIGNALING_BY_MODERATE_KINASE_ACTIVITY_BRAF_MUTANTS,40,True
Reactome,REACTOME_SIGNALING_BY_MRAS_COMPLEX_MUTANTS,8,False
Reactome,REACTOME_SIGNALING_BY_MST1,3,False
Reactome,REACTOME_SIGNALING_BY_NODAL,18,True
Reactome,REACTOME_SIGNALING_BY_NOTCH,189,True
Reactome,REACTOME_SIGNALING_BY_NOTCH1,73,True
Reactome,REACTOME_SIGNALING_BY_NOTCH1_HD_DOMAIN_MUTANTS_IN_CANCER,16,True
Reactome,REACTOME_SIGNALING_BY_NOTCH1_PEST_DOMAIN_MUTANTS_IN_CANCER,57,True
Reactome,REACTOME_SIGNALING_BY_NOTCH1_T_7_9_NOTCH1_M1580_K2555_TRANSLOCATION_MUTANT,8,False
Reactome,REACTOME_SIGNALING_BY_NOTCH2,34,True
Reactome,REACTOME_SIGNALING_BY_NOTCH3,44,True
Reactome,REACTOME_SIGNALING_BY_NOTCH4,71,True
Reactome,REACTOME_SIGNALING_BY_NTRK2_TRKB,23,True
Reactome,REACTOME_SIGNALING_BY_NTRK3_TRKC,16,True
Reactome,REACTOME_SIGNALING_BY_NTRKS,123,True
Reactome,REACTOME_SIGNALING_BY_NUCLEAR_RECEPTORS,242,True
Reactome,REACTOME_SIGNALING_BY_PDGF,53,True
Reactome,REACTOME_SIGNALING_BY_PDGFRA_TRANSMEMBRANE_JUXTAMEMBRANE_AND_KINASE_DOMAIN_MUTANTS,13,False
Reactome,REACTOME_SIGNALING_BY_PDGFR_IN_DISEASE,20,True
Reactome,REACTOME_SIGNALING_BY_PTK6,52,True
Reactome,REACTOME_SIGNALING_BY_RECEPTOR_TYROSINE_KINASES,477,True
Reactome,REACTOME_SIGNALING_BY_RETINOIC_ACID,40,True
Reactome,REACTOME_SIGNALING_BY_RHO_GTPASES_MIRO_GTPASES_AND_RHOBTB3,662,False
Reactome,REACTOME_SIGNALING_BY_RNF43_MUTANTS,6,False
Reactome,REACTOME_SIGNALING_BY_ROBO_RECEPTORS,197,True
Reactome,REACTOME_SIGNALING_BY_SCF_KIT,36,True
Reactome,REACTOME_SIGNALING_BY_TGFBR3,40,True
Reactome,REACTOME_SIGNALING_BY_TGFB_FAMILY_MEMBERS,145,True
Reactome,REACTOME_SIGNALING_BY_TGF_BETA_RECEPTOR_COMPLEX,91,True
Reactome,REACTOME_SIGNALING_BY_TGF_BETA_RECEPTOR_COMPLEX_IN_CANCER,8,False
Reactome,REACTOME_SIGNALING_BY_THE_B_CELL_RECEPTOR_BCR,92,True
Reactome,REACTOME_SIGNALING_BY_TYPE_1_INSULIN_LIKE_GROWTH_FACTOR_1_RECEPTOR_IGF1R,44,True
Reactome,REACTOME_SIGNALING_BY_VEGF,101,True
Reactome,REACTOME_SIGNALING_BY_WNT,266,True
Reactome,REACTOME_SIGNALING_BY_WNT_IN_CANCER,30,True
Reactome,REACTOME_SIGNALLING_TO_ERKS,32,True
Reactome,REACTOME_SIGNALLING_TO_P38_VIA_RIT_AND_RIN,3,False
Reactome,REACTOME_SIGNALLING_TO_RAS,19,True
Reactome,REACTOME_SIGNAL_AMPLIFICATION,26,True
Reactome,REACTOME_SIGNAL_ATTENUATION,9,False
Reactome,REACTOME_SIGNAL_REGULATORY_PROTEIN_FAMILY_INTERACTIONS,9,False
Reactome,REACTOME_SIGNAL_TRANSDUCTION_BY_L1,22,True
Reactome,REACTOME_SIRT1_NEGATIVELY_REGULATES_RRNA_EXPRESSION,37,True
Reactome,REACTOME_SLBP_DEPENDENT_PROCESSING_OF_REPLICATION_DEPENDENT_HISTONE_PRE_MRNAS,11,False
Reactome,REACTOME_SLC15A4_TASL_DEPENDENT_IRF5_ACTIVATION,5,False
Reactome,REACTOME_SLC_MEDIATED_BILE_ACID_TRANSPORT,5,False
Reactome,REACTOME_SLC_MEDIATED_TRANSMEMBRANE_TRANSPORT,177,True
Reactome,REACTOME_SLC_MEDIATED_TRANSPORT_OF_AMINO_ACIDS,31,True
Reactome,REACTOME_SLC_MEDIATED_TRANSPORT_OF_INORGANIC_ANIONS,23,True
Reactome,REACTOME_SLC_MEDIATED_TRANSPORT_OF_NEUROTRANSMITTERS,11,False
Reactome,REACTOME_SLC_MEDIATED_TRANSPORT_OF_ORGANIC_ANIONS,23,True
Reactome,REACTOME_SLC_MEDIATED_TRANSPORT_OF_ORGANIC_CATIONS,12,False
Reactome,REACTOME_SLC_TRANSPORTER_DISORDERS,71,True
Reactome,REACTOME_SMAC_XIAP_REGULATED_APOPTOTIC_RESPONSE,8,False
Reactome,REACTOME_SMAD2_SMAD3_SMAD4_HETEROTRIMER_REGULATES_TRANSCRIPTION,36,True
Reactome,REACTOME_SMALL_INTERFERING_RNA_SIRNA_BIOGENESIS,9,False
Reactome,REACTOME_SMOOTH_MUSCLE_CONTRACTION,39,True
Reactome,REACTOME_SNRNP_ASSEMBLY,55,True
Reactome,REACTOME_SODIUM_CALCIUM_EXCHANGERS,7,False
Reactome,REACTOME_SODIUM_COUPLED_PHOSPHATE_COTRANSPORTERS,3,False
Reactome,REACTOME_SODIUM_PROTON_EXCHANGERS,8,False
Reactome,REACTOME_SOMITOGENESIS,45,True
Reactome,REACTOME_SOS_MEDIATED_SIGNALLING,8,False
Reactome,REACTOME_SPECIFICATION_OF_PRIMORDIAL_GERM_CELLS,9,False
Reactome,REACTOME_SPECIFICATION_OF_THE_NEURAL_PLATE_BORDER,10,False
Reactome,REACTOME_SPERM_MOTILITY_AND_TAXES,5,False
Reactome,REACTOME_SPHINGOLIPID_CATABOLISM,10,False
Reactome,REACTOME_SPHINGOLIPID_DE_NOVO_BIOSYNTHESIS,36,True
Reactome,REACTOME_SPHINGOLIPID_METABOLISM,96,True
Reactome,REACTOME_SPOP_MEDIATED_PROTEASOMAL_DEGRADATION_OF_PD_L1_CD274,49,True
Reactome,REACTOME_SPRY_REGULATION_OF_FGF_SIGNALING,15,True
Reactome,REACTOME_SRP_DEPENDENT_COTRANSLATIONAL_PROTEIN_TARGETING_TO_MEMBRANE,113,True
Reactome,REACTOME_STABILIZATION_OF_P53,45,True
Reactome,REACTOME_STAT3_NUCLEAR_EVENTS_DOWNSTREAM_OF_ALK_SIGNALING,10,False
Reactome,REACTOME_STAT5_ACTIVATION,6,False
Reactome,REACTOME_STAT5_ACTIVATION_DOWNSTREAM_OF_FLT3_ITD_MUTANTS,9,False
Reactome,REACTOME_STIMULI_SENSING_CHANNELS,76,True
Reactome,REACTOME_STING_MEDIATED_INDUCTION_OF_HOST_IMMUNE_RESPONSES,15,True
Reactome,REACTOME_STRAND_ASYNCHRONOUS_MITOCHONDRIAL_DNA_REPLICATION,11,False
Reactome,REACTOME_STRIATED_MUSCLE_CONTRACTION,24,True
Reactome,REACTOME_SULFIDE_OXIDATION_TO_SULFATE,6,False
Reactome,REACTOME_SULFUR_AMINO_ACID_METABOLISM,25,True
Reactome,REACTOME_SUMOYLATION,187,True
Reactome,REACTOME_SUMOYLATION_OF_CHROMATIN_ORGANIZATION_PROTEINS,63,True
Reactome,REACTOME_SUMOYLATION_OF_DNA_DAMAGE_RESPONSE_AND_REPAIR_PROTEINS,81,True
Reactome,REACTOME_SUMOYLATION_OF_DNA_METHYLATION_PROTEINS,17,True
Reactome,REACTOME_SUMOYLATION_OF_DNA_REPLICATION_PROTEINS,45,True
Reactome,REACTOME_SUMOYLATION_OF_IMMUNE_RESPONSE_PROTEINS,12,False
Reactome,REACTOME_SUMOYLATION_OF_INTRACELLULAR_RECEPTORS,26,True
Reactome,REACTOME_SUMOYLATION_OF_RNA_BINDING_PROTEINS,47,True
Reactome,REACTOME_SUMOYLATION_OF_SUMOYLATION_PROTEINS,34,True
Reactome,REACTOME_SUMOYLATION_OF_TRANSCRIPTION_COFACTORS,48,True
Reactome,REACTOME_SUMOYLATION_OF_TRANSCRIPTION_FACTORS,19,True
Reactome,REACTOME_SUMOYLATION_OF_UBIQUITINYLATION_PROTEINS,42,True
Reactome,REACTOME_SUMO_IS_CONJUGATED_TO_E1_UBA2_SAE1,5,False
Reactome,REACTOME_SUMO_IS_PROTEOLYTICALLY_PROCESSED,6,False
Reactome,REACTOME_SUMO_IS_TRANSFERRED_FROM_E1_TO_E2_UBE2I_UBC9,7,False
Reactome,REACTOME_SUPPRESSION_OF_APOPTOSIS,10,False
Reactome,REACTOME_SUPPRESSION_OF_PHAGOSOMAL_MATURATION,13,False
Reactome,REACTOME_SURFACTANT_METABOLISM,19,True
Reactome,REACTOME_SWITCHING_OF_ORIGINS_TO_A_POST_REPLICATIVE_STATE,79,True
Reactome,REACTOME_SYNAPTIC_ADHESION_LIKE_MOLECULES,21,True
Reactome,REACTOME_SYNDECAN_INTERACTIONS,27,True
Reactome,REACTOME_SYNTHESIS_OF_12_EICOSATETRAENOIC_ACID_DERIVATIVES,3,False
Reactome,REACTOME_SYNTHESIS_OF_15_EICOSATETRAENOIC_ACID_DERIVATIVES,3,False
Reactome,REACTOME_SYNTHESIS_OF_16_20_HYDROXYEICOSATETRAENOIC_ACIDS_HETE,2,False
Reactome,REACTOME_SYNTHESIS_OF_5_EICOSATETRAENOIC_ACIDS,5,False
Reactome,REACTOME_SYNTHESIS_OF_ACTIVE_UBIQUITIN_ROLES_OF_E1_AND_E2_ENZYMES,30,True
Reactome,REACTOME_SYNTHESIS_OF_BILE_ACIDS_AND_BILE_SALTS,29,True
Reactome,REACTOME_SYNTHESIS_OF_BILE_ACIDS_AND_BILE_SALTS_VIA_24_HYDROXYCHOLESTEROL,10,False
Reactome,REACTOME_SYNTHESIS_OF_BILE_ACIDS_AND_BILE_SALTS_VIA_27_HYDROXYCHOLESTEROL,11,False
Reactome,REACTOME_SYNTHESIS_OF_BILE_ACIDS_AND_BILE_SALTS_VIA_7ALPHA_HYDROXYCHOLESTEROL,19,True
Reactome,REACTOME_SYNTHESIS_OF_DIPHTHAMIDE_EEF2,8,False
Reactome,REACTOME_SYNTHESIS_OF_DNA,108,True
Reactome,REACTOME_SYNTHESIS_OF_DOLICHYL_PHOSPHATE,6,False
Reactome,REACTOME_SYNTHESIS_OF_EPOXY_EET_AND_DIHYDROXYEICOSATRIENOIC_ACIDS_DHET,3,False
Reactome,REACTOME_SYNTHESIS_OF_GDP_MANNOSE,6,False
Reactome,REACTOME_SYNTHESIS_OF_GLYCOSYLPHOSPHATIDYLINOSITOL_GPI,18,True
Reactome,REACTOME_SYNTHESIS_OF_IP2_IP_AND_INS_IN_THE_CYTOSOL,14,False
Reactome,REACTOME_SYNTHESIS_OF_IP3_AND_IP4_IN_THE_CYTOSOL,25,True
Reactome,REACTOME_SYNTHESIS_OF_KETONE_BODIES,7,False
Reactome,REACTOME_SYNTHESIS_OF_LEUKOTRIENES_LT_AND_EOXINS_EX,9,False
Reactome,REACTOME_SYNTHESIS_OF_PA,31,True
Reactome,REACTOME_SYNTHESIS_OF_PC,28,True
Reactome,REACTOME_SYNTHESIS_OF_PE,12,False
Reactome,REACTOME_SYNTHESIS_OF_PG,6,False
Reactome,REACTOME_SYNTHESIS_OF_PI,5,False
Reactome,REACTOME_SYNTHESIS_OF_PIPS_AT_THE_EARLY_ENDOSOME_MEMBRANE,16,True
Reactome,REACTOME_SYNTHESIS_OF_PIPS_AT_THE_ER_MEMBRANE,5,False
Reactome,REACTOME_SYNTHESIS_OF_PIPS_AT_THE_GOLGI_MEMBRANE,15,True
Reactome,REACTOME_SYNTHESIS_OF_PIPS_AT_THE_LATE_ENDOSOME_MEMBRANE,11,False
Reactome,REACTOME_SYNTHESIS_OF_PIPS_AT_THE_PLASMA_MEMBRANE,49,True
Reactome,REACTOME_SYNTHESIS_OF_PROSTAGLANDINS_PG_AND_THROMBOXANES_TX,14,False
Reactome,REACTOME_SYNTHESIS_OF_PYROPHOSPHATES_IN_THE_CYTOSOL,10,False
Reactome,REACTOME_SYNTHESIS_OF_SUBSTRATES_IN_N_GLYCAN_BIOSYTHESIS,62,True
Reactome,REACTOME_SYNTHESIS_OF_UDP_N_ACETYL_GLUCOSAMINE,8,False
Reactome,REACTOME_SYNTHESIS_OF_VERY_LONG_CHAIN_FATTY_ACYL_COAS,22,True
Reactome,REACTOME_SYNTHESIS_OF_WYBUTOSINE_AT_G37_OF_TRNA_PHE,6,False
Reactome,REACTOME_SYNTHESIS_SECRETION_AND_DEACYLATION_OF_GHRELIN,12,False
Reactome,REACTOME_SYNTHESIS_SECRETION_AND_INACTIVATION_OF_GLUCAGON_LIKE_PEPTIDE_1_GLP_1,11,False
Reactome,REACTOME_SYNTHESIS_SECRETION_AND_INACTIVATION_OF_GLUCOSE_DEPENDENT_INSULINOTROPIC_POLYPEPTIDE_GIP,6,False
Reactome,REACTOME_S_PHASE,152,True
Reactome,REACTOME_TACHYKININ_RECEPTORS_BIND_TACHYKININS,2,False
Reactome,REACTOME_TAK1_DEPENDENT_IKK_AND_NF_KAPPA_B_ACTIVATION,42,True
Reactome,REACTOME_TANDEM_PORE_DOMAIN_POTASSIUM_CHANNELS,7,False
Reactome,REACTOME_TBC_RABGAPS,43,True
Reactome,REACTOME_TCF_DEPENDENT_SIGNALING_IN_RESPONSE_TO_WNT,178,True
Reactome,REACTOME_TCR_SIGNALING,92,True
Reactome,REACTOME_TELOMERE_C_STRAND_LAGGING_STRAND_SYNTHESIS,35,True
Reactome,REACTOME_TELOMERE_C_STRAND_SYNTHESIS_INITIATION,14,False
Reactome,REACTOME_TELOMERE_EXTENSION_BY_TELOMERASE,21,True
Reactome,REACTOME_TELOMERE_MAINTENANCE,92,True
Reactome,REACTOME_TERMINAL_PATHWAY_OF_COMPLEMENT,3,False
Reactome,REACTOME_TERMINATION_OF_O_GLYCAN_BIOSYNTHESIS,15,True
Reactome,REACTOME_TERMINATION_OF_TRANSLESION_DNA_SYNTHESIS,32,True
Reactome,REACTOME_TETRAHYDROBIOPTERIN_BH4_SYNTHESIS_RECYCLING_SALVAGE_AND_REGULATION,9,False
Reactome,REACTOME_TFAP2A_ACTS_AS_A_TRANSCRIPTIONAL_REPRESSOR_DURING_RETINOIC_ACID_INDUCED_CELL_DIFFERENTIATION,5,False
Reactome,REACTOME_TFAP2_AP_2_FAMILY_REGULATES_TRANSCRIPTION_OF_CELL_CYCLE_FACTORS,5,False
Reactome,REACTOME_TFAP2_AP_2_FAMILY_REGULATES_TRANSCRIPTION_OF_GROWTH_FACTORS_AND_THEIR_RECEPTORS,10,False
Reactome,REACTOME_TGFBR3_EXPRESSION,19,True
Reactome,REACTOME_TGFBR3_PTM_REGULATION,11,False
Reactome,REACTOME_TGFBR3_REGULATES_TGF_BETA_SIGNALING,8,False
Reactome,REACTOME_TGF_BETA_RECEPTOR_SIGNALING_ACTIVATES_SMADS,46,True
Reactome,REACTOME_TGF_BETA_RECEPTOR_SIGNALING_IN_EMT_EPITHELIAL_TO_MESENCHYMAL_TRANSITION,15,True
Reactome,REACTOME_THE_ACTIVATION_OF_ARYLSULFATASES,11,False
Reactome,REACTOME_THE_CANONICAL_RETINOID_CYCLE_IN_RODS_TWILIGHT_VISION,11,False
Reactome,REACTOME_THE_CRY_PER_KINASE_COMPLEX_REPRESSES_TRANSACTIVATION_BY_THE_BMAL_CLOCK_ARNTL_CLOCK_COMPLEX,14,False
Reactome,REACTOME_THE_FATTY_ACID_CYCLING_MODEL,4,False
Reactome,REACTOME_THE_NLRP3_INFLAMMASOME,14,False
Reactome,REACTOME_THE_PHOTOTRANSDUCTION_CASCADE,21,True
Reactome,REACTOME_THE_RETINOID_CYCLE_IN_CONES_DAYLIGHT_VISION,1,False
Reactome,REACTOME_THE_ROLE_OF_GTSE1_IN_G2_M_PROGRESSION_AFTER_G2_CHECKPOINT,62,True
Reactome,REACTOME_THE_ROLE_OF_NEF_IN_HIV_1_REPLICATION_AND_DISEASE_PATHOGENESIS,30,True
Reactome,REACTOME_THROMBIN_SIGNALLING_THROUGH_PROTEINASE_ACTIVATED_RECEPTORS_PARS,25,True
Reactome,REACTOME_THROMBOXANE_SIGNALLING_THROUGH_TP_RECEPTOR,20,True
Reactome,REACTOME_THYROXINE_BIOSYNTHESIS,7,False
Reactome,REACTOME_TICAM1_DEPENDENT_ACTIVATION_OF_IRF3_IRF7,14,False
Reactome,REACTOME_TICAM1_RIP1_MEDIATED_IKK_COMPLEX_RECRUITMENT,19,True
Reactome,REACTOME_TICAM1_TRAF6_DEPENDENT_INDUCTION_OF_TAK1_COMPLEX,11,False
Reactome,REACTOME_TIE2_SIGNALING,15,True
Reactome,REACTOME_TIGHT_JUNCTION_INTERACTIONS,18,True
Reactome,REACTOME_TLR3_MEDIATED_TICAM1_DEPENDENT_PROGRAMMED_CELL_DEATH,6,False
Reactome,REACTOME_TNFR1_INDUCED_NF_KAPPA_B_SIGNALING_PATHWAY,33,True
Reactome,REACTOME_TNFR1_INDUCED_PROAPOPTOTIC_SIGNALING,25,True
Reactome,REACTOME_TNFR1_MEDIATED_CERAMIDE_PRODUCTION,5,False
Reactome,REACTOME_TNFR2_NON_CANONICAL_NF_KB_PATHWAY,75,True
Reactome,REACTOME_TNFS_BIND_THEIR_PHYSIOLOGICAL_RECEPTORS,18,True
Reactome,REACTOME_TNF_RECEPTOR_SUPERFAMILY_TNFSF_MEMBERS_MEDIATING_NON_CANONICAL_NF_KB_PATHWAY,12,False
Reactome,REACTOME_TNF_SIGNALING,57,True
Reactome,REACTOME_TOLL_LIKE_RECEPTOR_9_TLR9_CASCADE,107,True
Reactome,REACTOME_TOLL_LIKE_RECEPTOR_CASCADES,156,True
Reactome,REACTOME_TOLL_LIKE_RECEPTOR_TLR1_TLR2_CASCADE,105,True
Reactome,REACTOME_TOXICITY_OF_BOTULINUM_TOXIN_TYPE_D_BOTD,4,False
Reactome,REACTOME_TP53_REGULATES_METABOLIC_GENES,79,True
Reactome,REACTOME_TP53_REGULATES_TRANSCRIPTION_OF_ADDITIONAL_CELL_CYCLE_GENES_WHOSE_EXACT_ROLE_IN_THE_P53_PATHWAY_REMAIN_UNCERTAIN,22,True
Reactome,REACTOME_TP53_REGULATES_TRANSCRIPTION_OF_CASPASE_ACTIVATORS_AND_CASPASES,12,False
Reactome,REACTOME_TP53_REGULATES_TRANSCRIPTION_OF_CELL_CYCLE_GENES,47,True
Reactome,REACTOME_TP53_REGULATES_TRANSCRIPTION_OF_CELL_DEATH_GENES,44,True
Reactome,REACTOME_TP53_REGULATES_TRANSCRIPTION_OF_DEATH_RECEPTORS_AND_LIGANDS,12,False
Reactome,REACTOME_TP53_REGULATES_TRANSCRIPTION_OF_DNA_REPAIR_GENES,68,True
Reactome,REACTOME_TP53_REGULATES_TRANSCRIPTION_OF_GENES_INVOLVED_IN_CYTOCHROME_C_RELEASE,19,True
Reactome,REACTOME_TP53_REGULATES_TRANSCRIPTION_OF_GENES_INVOLVED_IN_G1_CELL_CYCLE_ARREST,12,False
Reactome,REACTOME_TP53_REGULATES_TRANSCRIPTION_OF_GENES_INVOLVED_IN_G2_CELL_CYCLE_ARREST,17,True
Reactome,REACTOME_TP53_REGULATES_TRANSCRIPTION_OF_SEVERAL_ADDITIONAL_CELL_DEATH_GENES_WHOSE_SPECIFIC_ROLES_IN_P53_DEPENDENT_APOPTOSIS_REMAIN_UNCERTAIN,15,True
Reactome,REACTOME_TRAF3_DEPENDENT_IRF_ACTIVATION_PATHWAY,14,False
Reactome,REACTOME_TRAF6_MEDIATED_INDUCTION_OF_TAK1_COMPLEX_WITHIN_TLR4_COMPLEX,16,True
Reactome,REACTOME_TRAF6_MEDIATED_IRF7_ACTIVATION,16,True
Reactome,REACTOME_TRAF6_MEDIATED_IRF7_ACTIVATION_IN_TLR7_8_OR_9_SIGNALING,14,False
Reactome,REACTOME_TRAF6_MEDIATED_NF_KB_ACTIVATION,22,True
Reactome,REACTOME_TRAFFICKING_AND_PROCESSING_OF_ENDOSOMAL_TLR,12,False
Reactome,REACTOME_TRAFFICKING_OF_AMPA_RECEPTORS,28,True
Reactome,REACTOME_TRAFFICKING_OF_GLUR2_CONTAINING_AMPA_RECEPTORS,17,True
Reactome,REACTOME_TRAFFICKING_OF_MYRISTOYLATED_PROTEINS_TO_THE_CILIUM,5,False
Reactome,REACTOME_TRAIL_SIGNALING,8,False
Reactome,REACTOME_TRANSCRIPTIONAL_ACTIVATION_OF_MITOCHONDRIAL_BIOGENESIS,54,True
Reactome,REACTOME_TRANSCRIPTIONAL_ACTIVITY_OF_SMAD2_SMAD3_SMAD4_HETEROTRIMER,50,True
Reactome,REACTOME_TRANSCRIPTIONAL_AND_POST_TRANSLATIONAL_REGULATION_OF_MITF_M_EXPRESSION_AND_ACTIVITY,51,True
Reactome,REACTOME_TRANSCRIPTIONAL_REGULATION_BY_E2F6,40,True
Reactome,REACTOME_TRANSCRIPTIONAL_REGULATION_BY_MECP2,53,True
Reactome,REACTOME_TRANSCRIPTIONAL_REGULATION_BY_NPAS4,29,True
Reactome,REACTOME_TRANSCRIPTIONAL_REGULATION_BY_RUNX1,181,True
Reactome,REACTOME_TRANSCRIPTIONAL_REGULATION_BY_RUNX2,101,True
Reactome,REACTOME_TRANSCRIPTIONAL_REGULATION_BY_RUNX3,86,True
Reactome,REACTOME_TRANSCRIPTIONAL_REGULATION_BY_SMALL_RNAS,46,True
Reactome,REACTOME_TRANSCRIPTIONAL_REGULATION_BY_THE_AP_2_TFAP2_FAMILY_OF_TRANSCRIPTION_FACTORS,31,True
Reactome,REACTOME_TRANSCRIPTIONAL_REGULATION_BY_TP53,370,True
Reactome,REACTOME_TRANSCRIPTIONAL_REGULATION_BY_VENTX,42,True
Reactome,REACTOME_TRANSCRIPTIONAL_REGULATION_OF_BROWN_AND_BEIGE_ADIPOCYTE_DIFFERENTIATION,29,True
Reactome,REACTOME_TRANSCRIPTIONAL_REGULATION_OF_GRANULOPOIESIS,55,True
Reactome,REACTOME_TRANSCRIPTIONAL_REGULATION_OF_PLURIPOTENT_STEM_CELLS,22,True
Reactome,REACTOME_TRANSCRIPTIONAL_REGULATION_OF_TESTIS_DIFFERENTIATION,7,False
Reactome,REACTOME_TRANSCRIPTIONAL_REGULATION_OF_WHITE_ADIPOCYTE_DIFFERENTIATION,77,True
Reactome,REACTOME_TRANSCRIPTION_COUPLED_NUCLEOTIDE_EXCISION_REPAIR_TC_NER,80,True
Reactome,REACTOME_TRANSCRIPTION_OF_E2F_TARGETS_UNDER_NEGATIVE_CONTROL_BY_DREAM_COMPLEX,19,True
Reactome,REACTOME_TRANSCRIPTION_OF_E2F_TARGETS_UNDER_NEGATIVE_CONTROL_BY_P107_RBL1_AND_P130_RBL2_IN_COMPLEX_WITH_HDAC1,16,True
Reactome,REACTOME_TRANSCRIPTION_OF_THE_HIV_GENOME,77,True
Reactome,REACTOME_TRANSFERRIN_ENDOCYTOSIS_AND_RECYCLING,28,True
Reactome,REACTOME_TRANSLATION,374,True
Reactome,REACTOME_TRANSLATION_OF_REPLICASE_AND_ASSEMBLY_OF_THE_REPLICATION_TRANSCRIPTION_COMPLEX,14,False
Reactome,REACTOME_TRANSLATION_OF_SARS_COV_1_STRUCTURAL_PROTEINS,30,True
Reactome,REACTOME_TRANSLATION_OF_SARS_COV_2_STRUCTURAL_PROTEINS,61,True
Reactome,REACTOME_TRANSLESION_SYNTHESIS_BY_POLH,19,True
Reactome,REACTOME_TRANSLESION_SYNTHESIS_BY_POLK,17,True
Reactome,REACTOME_TRANSLESION_SYNTHESIS_BY_Y_FAMILY_DNA_POLYMERASES_BYPASSES_LESIONS_ON_DNA_TEMPLATE,39,True
Reactome,REACTOME_TRANSLOCATION_OF_SLC2A4_GLUT4_TO_THE_PLASMA_MEMBRANE,64,True
Reactome,REACTOME_TRANSMISSION_ACROSS_CHEMICAL_SYNAPSES,211,True
Reactome,REACTOME_TRANSPORT_AND_METABOLISM_OF_PAPS,7,False
Reactome,REACTOME_TRANSPORT_OF_CONNEXONS_TO_THE_PLASMA_MEMBRANE,14,False
Reactome,REACTOME_TRANSPORT_OF_FATTY_ACIDS,4,False
Reactome,REACTOME_TRANSPORT_OF_MATURE_MRNAS_DERIVED_FROM_INTRONLESS_TRANSCRIPTS,42,True
Reactome,REACTOME_TRANSPORT_OF_MATURE_TRANSCRIPT_TO_CYTOPLASM,85,True
Reactome,REACTOME_TRANSPORT_OF_NUCLEOSIDES_AND_FREE_PURINE_AND_PYRIMIDINE_BASES_ACROSS_THE_PLASMA_MEMBRANE,10,False
Reactome,REACTOME_TRANSPORT_OF_NUCLEOTIDE_SUGARS,8,False
Reactome,REACTOME_TRANSPORT_OF_RCBL_WITHIN_THE_BODY,7,False
Reactome,REACTOME_TRANSPORT_OF_SMALL_MOLECULES,567,False
Reactome,REACTOME_TRANSPORT_OF_THE_SLBP_DEPENDANT_MATURE_MRNA,35,True
Reactome,REACTOME_TRANSPORT_OF_VITAMINS_NUCLEOSIDES_AND_RELATED_MOLECULES,25,True
Reactome,REACTOME_TRANSPORT_TO_THE_GOLGI_AND_SUBSEQUENT_MODIFICATION,169,True
Reactome,REACTOME_TRANS_GOLGI_NETWORK_VESICLE_BUDDING,67,True
Reactome,REACTOME_TRIF_MEDIATED_PROGRAMMED_CELL_DEATH,9,False
Reactome,REACTOME_TRIGLYCERIDE_BIOSYNTHESIS,8,False
Reactome,REACTOME_TRIGLYCERIDE_CATABOLISM,16,True
Reactome,REACTOME_TRIGLYCERIDE_METABOLISM,24,True
Reactome,REACTOME_TRISTETRAPROLIN_TTP_ZFP36_BINDS_AND_DESTABILIZES_MRNA,17,True
Reactome,REACTOME_TRNA_AMINOACYLATION,46,True
Reactome,REACTOME_TRNA_MODIFICATION_IN_THE_MITOCHONDRION,11,False
Reactome,REACTOME_TRNA_MODIFICATION_IN_THE_NUCLEUS_AND_CYTOSOL,43,True
Reactome,REACTOME_TRNA_PROCESSING,114,True
Reactome,REACTOME_TRNA_PROCESSING_IN_THE_MITOCHONDRION,5,False
Reactome,REACTOME_TRNA_PROCESSING_IN_THE_NUCLEUS,62,True
Reactome,REACTOME_TRP_CHANNELS,20,True
Reactome,REACTOME_TRYPTOPHAN_CATABOLISM,11,False
Reactome,REACTOME_TURBULENT_OSCILLATORY_DISTURBED_FLOW_SHEAR_STRESS_ACTIVATES_SIGNALING_BY_PIEZO1_AND_INTEGRINS_IN_ENDOTHELIAL_CELLS,29,True
Reactome,REACTOME_TYPE_I_HEMIDESMOSOME_ASSEMBLY,8,False
Reactome,REACTOME_TYROSINE_CATABOLISM,3,False
Reactome,REACTOME_TYSND1_CLEAVES_PEROXISOMAL_PROTEINS,7,False
Reactome,REACTOME_UBIQUINOL_BIOSYNTHESIS,13,False
Reactome,REACTOME_UBIQUITIN_DEPENDENT_DEGRADATION_OF_CYCLIN_D,40,True
Reactome,REACTOME_UBIQUITIN_MEDIATED_DEGRADATION_OF_PHOSPHORYLATED_CDC25A,52,True
Reactome,REACTOME_UB_SPECIFIC_PROCESSING_PROTEASES,164,True
Reactome,REACTOME_UCH_PROTEINASES,82,True
Reactome,REACTOME_UNBLOCKING_OF_NMDA_RECEPTORS_GLUTAMATE_BINDING_AND_ACTIVATION,18,True
Reactome,REACTOME_UNFOLDED_PROTEIN_RESPONSE_UPR,93,True
Reactome,REACTOME_UNWINDING_OF_DNA,12,False
Reactome,REACTOME_UPTAKE_AND_ACTIONS_OF_BACTERIAL_TOXINS,26,True
Reactome,REACTOME_UPTAKE_AND_FUNCTION_OF_ANTHRAX_TOXINS,11,False
Reactome,REACTOME_UPTAKE_AND_FUNCTION_OF_DIPHTHERIA_TOXIN,6,False
Reactome,REACTOME_UPTAKE_OF_DIETARY_COBALAMINS_INTO_ENTEROCYTES,3,False
Reactome,REACTOME_UREA_CYCLE,10,False
Reactome,REACTOME_VASOPRESSIN_LIKE_RECEPTORS,2,False
Reactome,REACTOME_VASOPRESSIN_REGULATES_RENAL_WATER_HOMEOSTASIS_VIA_AQUAPORINS,37,True
Reactome,REACTOME_VEGFR2_MEDIATED_CELL_PROLIFERATION,19,True
Reactome,REACTOME_VEGFR2_MEDIATED_VASCULAR_PERMEABILITY,27,True
Reactome,REACTOME_VEGF_LIGAND_RECEPTOR_INTERACTIONS,8,False
Reactome,REACTOME_VESICLE_MEDIATED_TRANSPORT,611,False
Reactome,REACTOME_VIF_MEDIATED_DEGRADATION_OF_APOBEC3G,42,True
Reactome,REACTOME_VIRAL_INFECTION_PATHWAYS,995,False
Reactome,REACTOME_VIRAL_MESSENGER_RNA_SYNTHESIS,44,True
Reactome,REACTOME_VISUAL_PHOTOTRANSDUCTION,59,True
Reactome,REACTOME_VITAMINS,4,False
Reactome,REACTOME_VITAMIN_B1_THIAMIN_METABOLISM,5,False
Reactome,REACTOME_VITAMIN_B2_RIBOFLAVIN_METABOLISM,5,False
Reactome,REACTOME_VITAMIN_B5_PANTOTHENATE_METABOLISM,19,True
Reactome,REACTOME_VITAMIN_C_ASCORBATE_METABOLISM,8,False
Reactome,REACTOME_VITAMIN_D_CALCIFEROL_METABOLISM,10,False
Reactome,REACTOME_VLDLR_INTERNALISATION_AND_DEGRADATION,18,True
Reactome,REACTOME_VLDL_ASSEMBLY,2,False
Reactome,REACTOME_VLDL_CLEARANCE,4,False
Reactome,REACTOME_VOLTAGE_GATED_POTASSIUM_CHANNELS,23,True
Reactome,REACTOME_VXPX_CARGO_TARGETING_TO_CILIUM,19,True
Reactome,REACTOME_WAX_AND_PLASMALOGEN_BIOSYNTHESIS,5,False
Reactome,REACTOME_WNT5A_DEPENDENT_INTERNALIZATION_OF_FZD2_FZD5_AND_ROR2,15,True
Reactome,REACTOME_WNT5A_DEPENDENT_INTERNALIZATION_OF_FZD4,16,True
Reactome,REACTOME_WNT_LIGAND_BIOGENESIS_AND_TRAFFICKING,19,True
Reactome,REACTOME_WNT_MEDIATED_ACTIVATION_OF_DVL,9,False
Reactome,REACTOME_XENOBIOTICS,11,False
Reactome,REACTOME_YAP1_AND_WWTR1_TAZ_STIMULATED_GENE_EXPRESSION,12,False
Reactome,REACTOME_ZBP1_DAI_MEDIATED_INDUCTION_OF_TYPE_I_IFNS,19,True
Reactome,REACTOME_ZINC_EFFLUX_AND_COMPARTMENTALIZATION_BY_THE_SLC30_FAMILY,3,False
Reactome,REACTOME_ZINC_INFLUX_INTO_CELLS_BY_THE_SLC39_GENE_FAMILY,9,False
Reactome,REACTOME_ZINC_TRANSPORTERS,12,False
Reactome,REACTOME_ZYGOTIC_GENOME_ACTIVATION_ZGA,8,False
Reactome,REACTOME_ZYMOSTENOL_BIOSYNTHESIS_VIA_LATHOSTEROL_KANDUTSCH_RUSSELL_PATHWAY,7,False
Reactome,REACTOME_Z_DECAY_DEGRADATION_OF_MATERNAL_MRNAS_BY_ZYGOTICALLY_EXPRESSED_FACTORS,11,False
