component_id,axis,component_name,source_database,source_term_id,source_term_name,definition,status
P001,P,Activated T Cell Proliferation,GO_BP,GOBP_ACTIVATED_T_CELL_PROLIFERATION,Activated T Cell Proliferation,Frozen source-membership component; mapped terms remain distinct evidence and are not independent confirmations,FROZEN_F2
P002,P,Alpha Beta T Cell Proliferation,GO_BP,GOBP_ALPHA_BETA_T_CELL_PROLIFERATION,Alpha Beta T Cell Proliferation,Frozen source-membership component; mapped terms remain distinct evidence and are not independent confirmations,FROZEN_F2
P003,P,Attachment Of Mitotic Spindle Microtubules To Kinetochore,GO_BP,GOBP_ATTACHMENT_OF_MITOTIC_SPINDLE_MICROTUBULES_TO_KINETOCHORE,Attachment Of Mitotic Spindle Microtubules To Kinetochore,Frozen source-membership component; mapped terms remain distinct evidence and are not independent confirmations,FROZEN_F2
P004,P,Attachment Of Spindle Microtubules To Kinetochore,GO_BP,GOBP_ATTACHMENT_OF_SPINDLE_MICROTUBULES_TO_KINETOCHORE,Attachment Of Spindle Microtubules To Kinetochore,Frozen source-membership component; mapped terms remain distinct evidence and are not independent confirmations,FROZEN_F2
P005,P,Blood Vessel Endothelial Cell Proliferation Involved In Sprouting Angiogenesis,GO_BP,GOBP_BLOOD_VESSEL_ENDOTHELIAL_CELL_PROLIFERATION_INVOLVED_IN_SPROUTING_ANGIOGENESIS,Blood Vessel Endothelial Cell Proliferation Involved In Sprouting Angiogenesis,Frozen source-membership component; mapped terms remain distinct evidence and are not independent confirmations,FROZEN_F2
P006,P,B Cell Proliferation component cluster (3 mapped terms),GO_BP,GOBP_B_CELL_PROLIFERATION;GOBP_POSITIVE_REGULATION_OF_B_CELL_PROLIFERATION;GOBP_REGULATION_OF_B_CELL_PROLIFERATION,B Cell Proliferation;Positive Regulation Of B Cell Proliferation;Regulation Of B Cell Proliferation,Frozen source-membership component; mapped terms remain distinct evidence and are not independent confirmations,FROZEN_F2
P007,P,Cardiac Muscle Cell Proliferation component cluster (4 mapped terms),GO_BP,GOBP_CARDIAC_MUSCLE_CELL_PROLIFERATION;GOBP_POSITIVE_REGULATION_OF_CARDIAC_MUSCLE_CELL_PROLIFERATION;GOBP_REGULATION_OF_CARDIAC_MUSCLE_CELL_PROLIFERATION;GOBP_STRIATED_MUSCLE_CELL_PROLIFERATION,Cardiac Muscle Cell Proliferation;Positive Regulation Of Cardiac Muscle Cell Proliferation;Regulation Of Cardiac Muscle Cell Proliferation;Striated Muscle Cell Proliferation,Frozen source-membership component; mapped terms remain distinct evidence and are not independent confirmations,FROZEN_F2
P008,P,Cell Cycle Checkpoint Signaling component cluster (18 mapped terms),GO_BP,GOBP_CELL_CYCLE_CHECKPOINT_SIGNALING;GOBP_CELL_CYCLE_G1_S_PHASE_TRANSITION;GOBP_CELL_CYCLE_G2_M_PHASE_TRANSITION;GOBP_MITOTIC_CELL_CYCLE_CHECKPOINT_SIGNALING;GOBP_MITOTIC_CELL_CYCLE_PHASE_TRANSITION;GOBP_MITOTIC_DNA_INTEGRITY_CHECKPOINT_SIGNALING;GOBP_MITOTIC_G2_DNA_DAMAGE_CHECKPOINT_SIGNALING;GOBP_MITOTIC_G2_M_TRANSITION_CHECKPOINT;GOBP_NEGATIVE_REGULATION_OF_CELL_CYCLE;GOBP_NEGATIVE_REGULATION_OF_CELL_CYCLE_G2_M_PHASE_TRANSITION;GOBP_NEGATIVE_REGULATION_OF_CELL_CYCLE_PROCESS;GOBP_NEGATIVE_REGULATION_OF_MITOTIC_CELL_CYCLE;GOBP_NEGATIVE_REGULATION_OF_MITOTIC_CELL_CYCLE_PHASE_TRANSITION;GOBP_REGULATION_OF_CELL_CYCLE_G1_S_PHASE_TRANSITION;GOBP_REGULATION_OF_CELL_CYCLE_G2_M_PHASE_TRANSITION;GOBP_REGULATION_OF_CELL_CYCLE_PHASE_TRANSITION;GOBP_REGULATION_OF_MITOTIC_CELL_CYCLE;GOBP_REGULATION_OF_MITOTIC_CELL_CYCLE_PHASE_TRANSITION,Cell Cycle Checkpoint Signaling;Cell Cycle G1 S Phase Transition;Cell Cycle G2 M Phase Transition;Mitotic Cell Cycle Checkpoint Signaling;Mitotic Cell Cycle Phase Transition;Mitotic Dna Integrity Checkpoint Signaling;Mitotic G2 Dna Damage Checkpoint Signaling;Mitotic G2 M Transition Checkpoint;Negative Regulation Of Cell Cycle;Negative Regulation Of Cell Cycle G2 M Phase Transition;Negative Regulation Of Cell Cycle Process;Negative Regulation Of Mitotic Cell Cycle;Negative Regulation Of Mitotic Cell Cycle Phase Transition;Regulation Of Cell Cycle G1 S Phase Transition;Regulation Of Cell Cycle G2 M Phase Transition;Regulation Of Cell Cycle Phase Transition;Regulation Of Mitotic Cell Cycle;Regulation Of Mitotic Cell Cycle Phase Transition,Frozen source-membership component; mapped terms remain distinct evidence and are not independent confirmations,FROZEN_F2
P009,P,Cell Cycle Dna Replication,GO_BP,GOBP_CELL_CYCLE_DNA_REPLICATION,Cell Cycle Dna Replication,Frozen source-membership component; mapped terms remain distinct evidence and are not independent confirmations,FROZEN_F2
P010,P,Cell Proliferation Involved In Heart Morphogenesis,GO_BP,GOBP_CELL_PROLIFERATION_INVOLVED_IN_HEART_MORPHOGENESIS,Cell Proliferation Involved In Heart Morphogenesis,Frozen source-membership component; mapped terms remain distinct evidence and are not independent confirmations,FROZEN_F2
P011,P,Cell Proliferation Involved In Kidney Development,GO_BP,GOBP_CELL_PROLIFERATION_INVOLVED_IN_KIDNEY_DEVELOPMENT,Cell Proliferation Involved In Kidney Development,Frozen source-membership component; mapped terms remain distinct evidence and are not independent confirmations,FROZEN_F2
P012,P,Cell Proliferation In Forebrain,GO_BP,GOBP_CELL_PROLIFERATION_IN_FOREBRAIN,Cell Proliferation In Forebrain,Frozen source-membership component; mapped terms remain distinct evidence and are not independent confirmations,FROZEN_F2
P013,P,Chromosome Organization Involved In Meiotic Cell Cycle component cluster (4 mapped terms),GO_BP,GOBP_CHROMOSOME_ORGANIZATION_INVOLVED_IN_MEIOTIC_CELL_CYCLE;GOBP_HOMOLOGOUS_CHROMOSOME_PAIRING_AT_MEIOSIS;GOBP_HOMOLOGOUS_CHROMOSOME_SEGREGATION;GOBP_MEIOTIC_CHROMOSOME_SEGREGATION,Chromosome Organization Involved In Meiotic Cell Cycle;Homologous Chromosome Pairing At Meiosis;Homologous Chromosome Segregation;Meiotic Chromosome Segregation,Frozen source-membership component; mapped terms remain distinct evidence and are not independent confirmations,FROZEN_F2
P014,P,Chromosome Segregation component cluster (4 mapped terms),GO_BP,GOBP_CHROMOSOME_SEGREGATION;GOBP_MITOTIC_NUCLEAR_DIVISION;GOBP_MITOTIC_SISTER_CHROMATID_SEGREGATION;GOBP_NUCLEAR_CHROMOSOME_SEGREGATION,Chromosome Segregation;Mitotic Nuclear Division;Mitotic Sister Chromatid Segregation;Nuclear Chromosome Segregation,Frozen source-membership component; mapped terms remain distinct evidence and are not independent confirmations,FROZEN_F2
P015,P,Cytokinesis component cluster (4 mapped terms),GO_BP,GOBP_CYTOKINESIS;GOBP_CYTOSKELETON_DEPENDENT_CYTOKINESIS;GOBP_MITOTIC_CYTOKINESIS;GOBP_REGULATION_OF_CYTOKINESIS,Cytokinesis;Cytoskeleton Dependent Cytokinesis;Mitotic Cytokinesis;Regulation Of Cytokinesis,Frozen source-membership component; mapped terms remain distinct evidence and are not independent confirmations,FROZEN_F2
P016,P,Dna Replication component cluster (2 mapped terms),GO_BP,GOBP_DNA_REPLICATION;GOBP_DNA_TEMPLATED_DNA_REPLICATION,Dna Replication;Dna Templated Dna Replication,Frozen source-membership component; mapped terms remain distinct evidence and are not independent confirmations,FROZEN_F2
P017,P,Dna Replication Checkpoint Signaling,GO_BP,GOBP_DNA_REPLICATION_CHECKPOINT_SIGNALING,Dna Replication Checkpoint Signaling,Frozen source-membership component; mapped terms remain distinct evidence and are not independent confirmations,FROZEN_F2
P018,P,Dna Replication Initiation,GO_BP,GOBP_DNA_REPLICATION_INITIATION,Dna Replication Initiation,Frozen source-membership component; mapped terms remain distinct evidence and are not independent confirmations,FROZEN_F2
P019,P,Dna Strand Elongation Involved In Dna Replication,GO_BP,GOBP_DNA_STRAND_ELONGATION_INVOLVED_IN_DNA_REPLICATION,Dna Strand Elongation Involved In Dna Replication,Frozen source-membership component; mapped terms remain distinct evidence and are not independent confirmations,FROZEN_F2
P020,P,Dna Synthesis Involved In Dna Replication,GO_BP,GOBP_DNA_SYNTHESIS_INVOLVED_IN_DNA_REPLICATION,Dna Synthesis Involved In Dna Replication,Frozen source-membership component; mapped terms remain distinct evidence and are not independent confirmations,FROZEN_F2
P021,P,Dna Templated Dna Replication Maintenance Of Fidelity,GO_BP,GOBP_DNA_TEMPLATED_DNA_REPLICATION_MAINTENANCE_OF_FIDELITY,Dna Templated Dna Replication Maintenance Of Fidelity,Frozen source-membership component; mapped terms remain distinct evidence and are not independent confirmations,FROZEN_F2
P022,P,Endothelial Cell Proliferation component cluster (5 mapped terms),GO_BP,GOBP_ENDOTHELIAL_CELL_PROLIFERATION;GOBP_EPITHELIAL_CELL_PROLIFERATION;GOBP_POSITIVE_REGULATION_OF_ENDOTHELIAL_CELL_PROLIFERATION;GOBP_POSITIVE_REGULATION_OF_EPITHELIAL_CELL_PROLIFERATION;GOBP_REGULATION_OF_EPITHELIAL_CELL_PROLIFERATION,Endothelial Cell Proliferation;Epithelial Cell Proliferation;Positive Regulation Of Endothelial Cell Proliferation;Positive Regulation Of Epithelial Cell Proliferation;Regulation Of Epithelial Cell Proliferation,Frozen source-membership component; mapped terms remain distinct evidence and are not independent confirmations,FROZEN_F2
P023,P,Establishment Of Mitotic Spindle Localization component cluster (3 mapped terms),GO_BP,GOBP_ESTABLISHMENT_OF_MITOTIC_SPINDLE_LOCALIZATION;GOBP_ESTABLISHMENT_OF_SPINDLE_ORIENTATION;GOBP_SPINDLE_LOCALIZATION,Establishment Of Mitotic Spindle Localization;Establishment Of Spindle Orientation;Spindle Localization,Frozen source-membership component; mapped terms remain distinct evidence and are not independent confirmations,FROZEN_F2
P024,P,Glial Cell Proliferation component cluster (2 mapped terms),GO_BP,GOBP_GLIAL_CELL_PROLIFERATION;GOBP_REGULATION_OF_GLIAL_CELL_PROLIFERATION,Glial Cell Proliferation;Regulation Of Glial Cell Proliferation,Frozen source-membership component; mapped terms remain distinct evidence and are not independent confirmations,FROZEN_F2
P025,P,Hematopoietic Stem Cell Proliferation,GO_BP,GOBP_HEMATOPOIETIC_STEM_CELL_PROLIFERATION,Hematopoietic Stem Cell Proliferation,Frozen source-membership component; mapped terms remain distinct evidence and are not independent confirmations,FROZEN_F2
P026,P,Inner Cell Mass Cell Proliferation,GO_BP,GOBP_INNER_CELL_MASS_CELL_PROLIFERATION,Inner Cell Mass Cell Proliferation,Frozen source-membership component; mapped terms remain distinct evidence and are not independent confirmations,FROZEN_F2
P027,P,Male Meiosis I,GO_BP,GOBP_MALE_MEIOSIS_I,Male Meiosis I,Frozen source-membership component; mapped terms remain distinct evidence and are not independent confirmations,FROZEN_F2
P028,P,Mammary Gland Epithelial Cell Proliferation,GO_BP,GOBP_MAMMARY_GLAND_EPITHELIAL_CELL_PROLIFERATION,Mammary Gland Epithelial Cell Proliferation,Frozen source-membership component; mapped terms remain distinct evidence and are not independent confirmations,FROZEN_F2
P029,P,Meiosis I Cell Cycle Process component cluster (3 mapped terms),GO_BP,GOBP_MEIOSIS_I_CELL_CYCLE_PROCESS;GOBP_MEIOTIC_CELL_CYCLE;GOBP_MEIOTIC_CELL_CYCLE_PROCESS,Meiosis I Cell Cycle Process;Meiotic Cell Cycle;Meiotic Cell Cycle Process,Frozen source-membership component; mapped terms remain distinct evidence and are not independent confirmations,FROZEN_F2
P030,P,Meiotic Spindle Assembly component cluster (2 mapped terms),GO_BP,GOBP_MEIOTIC_SPINDLE_ASSEMBLY;GOBP_MEIOTIC_SPINDLE_ORGANIZATION,Meiotic Spindle Assembly;Meiotic Spindle Organization,Frozen source-membership component; mapped terms remain distinct evidence and are not independent confirmations,FROZEN_F2
P031,P,Mesenchymal Cell Proliferation component cluster (3 mapped terms),GO_BP,GOBP_MESENCHYMAL_CELL_PROLIFERATION;GOBP_POSITIVE_REGULATION_OF_MESENCHYMAL_CELL_PROLIFERATION;GOBP_REGULATION_OF_MESENCHYMAL_CELL_PROLIFERATION,Mesenchymal Cell Proliferation;Positive Regulation Of Mesenchymal Cell Proliferation;Regulation Of Mesenchymal Cell Proliferation,Frozen source-membership component; mapped terms remain distinct evidence and are not independent confirmations,FROZEN_F2
P032,P,Mitochondrial Dna Replication,GO_BP,GOBP_MITOCHONDRIAL_DNA_REPLICATION,Mitochondrial Dna Replication,Frozen source-membership component; mapped terms remain distinct evidence and are not independent confirmations,FROZEN_F2
P033,P,Mitotic Chromosome Condensation,GO_BP,GOBP_MITOTIC_CHROMOSOME_CONDENSATION,Mitotic Chromosome Condensation,Frozen source-membership component; mapped terms remain distinct evidence and are not independent confirmations,FROZEN_F2
P034,P,Mitotic Cytokinetic Process,GO_BP,GOBP_MITOTIC_CYTOKINETIC_PROCESS,Mitotic Cytokinetic Process,Frozen source-membership component; mapped terms remain distinct evidence and are not independent confirmations,FROZEN_F2
P035,P,Mitotic Dna Replication,GO_BP,GOBP_MITOTIC_DNA_REPLICATION,Mitotic Dna Replication,Frozen source-membership component; mapped terms remain distinct evidence and are not independent confirmations,FROZEN_F2
P036,P,Mitotic G1 S Transition Checkpoint Signaling,GO_BP,GOBP_MITOTIC_G1_S_TRANSITION_CHECKPOINT_SIGNALING,Mitotic G1 S Transition Checkpoint Signaling,Frozen source-membership component; mapped terms remain distinct evidence and are not independent confirmations,FROZEN_F2
P037,P,Mitotic Intra S Dna Damage Checkpoint Signaling,GO_BP,GOBP_MITOTIC_INTRA_S_DNA_DAMAGE_CHECKPOINT_SIGNALING,Mitotic Intra S Dna Damage Checkpoint Signaling,Frozen source-membership component; mapped terms remain distinct evidence and are not independent confirmations,FROZEN_F2
P038,P,Mitotic Metaphase Chromosome Alignment,GO_BP,GOBP_MITOTIC_METAPHASE_CHROMOSOME_ALIGNMENT,Mitotic Metaphase Chromosome Alignment,Frozen source-membership component; mapped terms remain distinct evidence and are not independent confirmations,FROZEN_F2
P039,P,Mitotic Recombination,GO_BP,GOBP_MITOTIC_RECOMBINATION,Mitotic Recombination,Frozen source-membership component; mapped terms remain distinct evidence and are not independent confirmations,FROZEN_F2
P040,P,Mitotic Sister Chromatid Cohesion,GO_BP,GOBP_MITOTIC_SISTER_CHROMATID_COHESION,Mitotic Sister Chromatid Cohesion,Frozen source-membership component; mapped terms remain distinct evidence and are not independent confirmations,FROZEN_F2
P041,P,Mitotic Sister Chromatid Separation component cluster (7 mapped terms),GO_BP,GOBP_MITOTIC_SISTER_CHROMATID_SEPARATION;GOBP_POSITIVE_REGULATION_OF_CELL_CYCLE_CHECKPOINT;GOBP_POSITIVE_REGULATION_OF_SPINDLE_CHECKPOINT;GOBP_REGULATION_OF_CELL_CYCLE_CHECKPOINT;GOBP_REGULATION_OF_MITOTIC_NUCLEAR_DIVISION;GOBP_REGULATION_OF_MITOTIC_SISTER_CHROMATID_SEGREGATION;GOBP_REGULATION_OF_SPINDLE_CHECKPOINT,Mitotic Sister Chromatid Separation;Positive Regulation Of Cell Cycle Checkpoint;Positive Regulation Of Spindle Checkpoint;Regulation Of Cell Cycle Checkpoint;Regulation Of Mitotic Nuclear Division;Regulation Of Mitotic Sister Chromatid Segregation;Regulation Of Spindle Checkpoint,Frozen source-membership component; mapped terms remain distinct evidence and are not independent confirmations,FROZEN_F2
P042,P,Mitotic Spindle Assembly component cluster (4 mapped terms),GO_BP,GOBP_MITOTIC_SPINDLE_ASSEMBLY;GOBP_MITOTIC_SPINDLE_ORGANIZATION;GOBP_SPINDLE_ASSEMBLY;GOBP_SPINDLE_ORGANIZATION,Mitotic Spindle Assembly;Mitotic Spindle Organization;Spindle Assembly;Spindle Organization,Frozen source-membership component; mapped terms remain distinct evidence and are not independent confirmations,FROZEN_F2
P043,P,Muscle Cell Proliferation component cluster (5 mapped terms),GO_BP,GOBP_MUSCLE_CELL_PROLIFERATION;GOBP_POSITIVE_REGULATION_OF_SMOOTH_MUSCLE_CELL_PROLIFERATION;GOBP_POSITIVE_REGULATION_OF_VASCULAR_ASSOCIATED_SMOOTH_MUSCLE_CELL_PROLIFERATION;GOBP_SMOOTH_MUSCLE_CELL_PROLIFERATION;GOBP_VASCULAR_ASSOCIATED_SMOOTH_MUSCLE_CELL_PROLIFERATION,Muscle Cell Proliferation;Positive Regulation Of Smooth Muscle Cell Proliferation;Positive Regulation Of Vascular Associated Smooth Muscle Cell Proliferation;Smooth Muscle Cell Proliferation;Vascular Associated Smooth Muscle Cell Proliferation,Frozen source-membership component; mapped terms remain distinct evidence and are not independent confirmations,FROZEN_F2
P044,P,Negative Regulation Of Cell Cycle G1 S Phase Transition,GO_BP,GOBP_NEGATIVE_REGULATION_OF_CELL_CYCLE_G1_S_PHASE_TRANSITION,Negative Regulation Of Cell Cycle G1 S Phase Transition,Frozen source-membership component; mapped terms remain distinct evidence and are not independent confirmations,FROZEN_F2
P045,P,Negative Regulation Of Dna Replication,GO_BP,GOBP_NEGATIVE_REGULATION_OF_DNA_REPLICATION,Negative Regulation Of Dna Replication,Frozen source-membership component; mapped terms remain distinct evidence and are not independent confirmations,FROZEN_F2
P046,P,Negative Regulation Of Endothelial Cell Proliferation,GO_BP,GOBP_NEGATIVE_REGULATION_OF_ENDOTHELIAL_CELL_PROLIFERATION,Negative Regulation Of Endothelial Cell Proliferation,Frozen source-membership component; mapped terms remain distinct evidence and are not independent confirmations,FROZEN_F2
P047,P,Negative Regulation Of Epithelial Cell Proliferation,GO_BP,GOBP_NEGATIVE_REGULATION_OF_EPITHELIAL_CELL_PROLIFERATION,Negative Regulation Of Epithelial Cell Proliferation,Frozen source-membership component; mapped terms remain distinct evidence and are not independent confirmations,FROZEN_F2
P048,P,Negative Regulation Of Meiotic Cell Cycle,GO_BP,GOBP_NEGATIVE_REGULATION_OF_MEIOTIC_CELL_CYCLE,Negative Regulation Of Meiotic Cell Cycle,Frozen source-membership component; mapped terms remain distinct evidence and are not independent confirmations,FROZEN_F2
P049,P,Negative Regulation Of Neural Precursor Cell Proliferation,GO_BP,GOBP_NEGATIVE_REGULATION_OF_NEURAL_PRECURSOR_CELL_PROLIFERATION,Negative Regulation Of Neural Precursor Cell Proliferation,Frozen source-membership component; mapped terms remain distinct evidence and are not independent confirmations,FROZEN_F2
P050,P,Negative Regulation Of Smooth Muscle Cell Proliferation component cluster (2 mapped terms),GO_BP,GOBP_NEGATIVE_REGULATION_OF_SMOOTH_MUSCLE_CELL_PROLIFERATION;GOBP_NEGATIVE_REGULATION_OF_VASCULAR_ASSOCIATED_SMOOTH_MUSCLE_CELL_PROLIFERATION,Negative Regulation Of Smooth Muscle Cell Proliferation;Negative Regulation Of Vascular Associated Smooth Muscle Cell Proliferation,Frozen source-membership component; mapped terms remain distinct evidence and are not independent confirmations,FROZEN_F2
P051,P,Negative Regulation Of T Cell Proliferation,GO_BP,GOBP_NEGATIVE_REGULATION_OF_T_CELL_PROLIFERATION,Negative Regulation Of T Cell Proliferation,Frozen source-membership component; mapped terms remain distinct evidence and are not independent confirmations,FROZEN_F2
P052,P,Neural Precursor Cell Proliferation component cluster (3 mapped terms),GO_BP,GOBP_NEURAL_PRECURSOR_CELL_PROLIFERATION;GOBP_POSITIVE_REGULATION_OF_NEURAL_PRECURSOR_CELL_PROLIFERATION;GOBP_REGULATION_OF_NEURAL_PRECURSOR_CELL_PROLIFERATION,Neural Precursor Cell Proliferation;Positive Regulation Of Neural Precursor Cell Proliferation;Regulation Of Neural Precursor Cell Proliferation,Frozen source-membership component; mapped terms remain distinct evidence and are not independent confirmations,FROZEN_F2
P053,P,Positive Regulation Of Cell Cycle component cluster (2 mapped terms),GO_BP,GOBP_POSITIVE_REGULATION_OF_CELL_CYCLE;GOBP_POSITIVE_REGULATION_OF_CELL_CYCLE_PROCESS,Positive Regulation Of Cell Cycle;Positive Regulation Of Cell Cycle Process,Frozen source-membership component; mapped terms remain distinct evidence and are not independent confirmations,FROZEN_F2
P054,P,Positive Regulation Of Cell Cycle G1 S Phase Transition component cluster (5 mapped terms),GO_BP,GOBP_POSITIVE_REGULATION_OF_CELL_CYCLE_G1_S_PHASE_TRANSITION;GOBP_POSITIVE_REGULATION_OF_CELL_CYCLE_PHASE_TRANSITION;GOBP_POSITIVE_REGULATION_OF_G1_S_TRANSITION_OF_MITOTIC_CELL_CYCLE;GOBP_POSITIVE_REGULATION_OF_MITOTIC_CELL_CYCLE;GOBP_POSITIVE_REGULATION_OF_MITOTIC_CELL_CYCLE_PHASE_TRANSITION,Positive Regulation Of Cell Cycle G1 S Phase Transition;Positive Regulation Of Cell Cycle Phase Transition;Positive Regulation Of G1 S Transition Of Mitotic Cell Cycle;Positive Regulation Of Mitotic Cell Cycle;Positive Regulation Of Mitotic Cell Cycle Phase Transition,Frozen source-membership component; mapped terms remain distinct evidence and are not independent confirmations,FROZEN_F2
P055,P,Positive Regulation Of Cell Cycle G2 M Phase Transition,GO_BP,GOBP_POSITIVE_REGULATION_OF_CELL_CYCLE_G2_M_PHASE_TRANSITION,Positive Regulation Of Cell Cycle G2 M Phase Transition,Frozen source-membership component; mapped terms remain distinct evidence and are not independent confirmations,FROZEN_F2
P056,P,Positive Regulation Of Chromosome Segregation,GO_BP,GOBP_POSITIVE_REGULATION_OF_CHROMOSOME_SEGREGATION,Positive Regulation Of Chromosome Segregation,Frozen source-membership component; mapped terms remain distinct evidence and are not independent confirmations,FROZEN_F2
P057,P,Positive Regulation Of Cytokinesis,GO_BP,GOBP_POSITIVE_REGULATION_OF_CYTOKINESIS,Positive Regulation Of Cytokinesis,Frozen source-membership component; mapped terms remain distinct evidence and are not independent confirmations,FROZEN_F2
P058,P,Positive Regulation Of Dna Replication,GO_BP,GOBP_POSITIVE_REGULATION_OF_DNA_REPLICATION,Positive Regulation Of Dna Replication,Frozen source-membership component; mapped terms remain distinct evidence and are not independent confirmations,FROZEN_F2
P059,P,Positive Regulation Of Meiotic Cell Cycle,GO_BP,GOBP_POSITIVE_REGULATION_OF_MEIOTIC_CELL_CYCLE,Positive Regulation Of Meiotic Cell Cycle,Frozen source-membership component; mapped terms remain distinct evidence and are not independent confirmations,FROZEN_F2
P060,P,Positive Regulation Of Metaphase Anaphase Transition Of Cell Cycle component cluster (2 mapped terms),GO_BP,GOBP_POSITIVE_REGULATION_OF_METAPHASE_ANAPHASE_TRANSITION_OF_CELL_CYCLE;GOBP_POSITIVE_REGULATION_OF_MITOTIC_SISTER_CHROMATID_SEPARATION,Positive Regulation Of Metaphase Anaphase Transition Of Cell Cycle;Positive Regulation Of Mitotic Sister Chromatid Separation,Frozen source-membership component; mapped terms remain distinct evidence and are not independent confirmations,FROZEN_F2
P061,P,Positive Regulation Of Mitotic Nuclear Division,GO_BP,GOBP_POSITIVE_REGULATION_OF_MITOTIC_NUCLEAR_DIVISION,Positive Regulation Of Mitotic Nuclear Division,Frozen source-membership component; mapped terms remain distinct evidence and are not independent confirmations,FROZEN_F2
P062,P,Positive Regulation Of Stem Cell Proliferation component cluster (3 mapped terms),GO_BP,GOBP_POSITIVE_REGULATION_OF_STEM_CELL_PROLIFERATION;GOBP_REGULATION_OF_STEM_CELL_PROLIFERATION;GOBP_STEM_CELL_PROLIFERATION,Positive Regulation Of Stem Cell Proliferation;Regulation Of Stem Cell Proliferation;Stem Cell Proliferation,Frozen source-membership component; mapped terms remain distinct evidence and are not independent confirmations,FROZEN_F2
P063,P,Positive Regulation Of T Cell Proliferation,GO_BP,GOBP_POSITIVE_REGULATION_OF_T_CELL_PROLIFERATION,Positive Regulation Of T Cell Proliferation,Frozen source-membership component; mapped terms remain distinct evidence and are not independent confirmations,FROZEN_F2
P064,P,Regulation Of Attachment Of Spindle Microtubules To Kinetochore,GO_BP,GOBP_REGULATION_OF_ATTACHMENT_OF_SPINDLE_MICROTUBULES_TO_KINETOCHORE,Regulation Of Attachment Of Spindle Microtubules To Kinetochore,Frozen source-membership component; mapped terms remain distinct evidence and are not independent confirmations,FROZEN_F2
P065,P,Regulation Of Chromosome Segregation,GO_BP,GOBP_REGULATION_OF_CHROMOSOME_SEGREGATION,Regulation Of Chromosome Segregation,Frozen source-membership component; mapped terms remain distinct evidence and are not independent confirmations,FROZEN_F2
P066,P,Regulation Of Dna Replication,GO_BP,GOBP_REGULATION_OF_DNA_REPLICATION,Regulation Of Dna Replication,Frozen source-membership component; mapped terms remain distinct evidence and are not independent confirmations,FROZEN_F2
P067,P,Regulation Of Dna Templated Dna Replication,GO_BP,GOBP_REGULATION_OF_DNA_TEMPLATED_DNA_REPLICATION,Regulation Of Dna Templated Dna Replication,Frozen source-membership component; mapped terms remain distinct evidence and are not independent confirmations,FROZEN_F2
P068,P,Regulation Of Dna Templated Dna Replication Initiation,GO_BP,GOBP_REGULATION_OF_DNA_TEMPLATED_DNA_REPLICATION_INITIATION,Regulation Of Dna Templated Dna Replication Initiation,Frozen source-membership component; mapped terms remain distinct evidence and are not independent confirmations,FROZEN_F2
P069,P,Regulation Of Meiotic Cell Cycle,GO_BP,GOBP_REGULATION_OF_MEIOTIC_CELL_CYCLE,Regulation Of Meiotic Cell Cycle,Frozen source-membership component; mapped terms remain distinct evidence and are not independent confirmations,FROZEN_F2
P070,P,Regulation Of Mitotic Cytokinesis,GO_BP,GOBP_REGULATION_OF_MITOTIC_CYTOKINESIS,Regulation Of Mitotic Cytokinesis,Frozen source-membership component; mapped terms remain distinct evidence and are not independent confirmations,FROZEN_F2
P071,P,Regulation Of Mitotic Spindle Assembly component cluster (3 mapped terms),GO_BP,GOBP_REGULATION_OF_MITOTIC_SPINDLE_ASSEMBLY;GOBP_REGULATION_OF_SPINDLE_ASSEMBLY;GOBP_REGULATION_OF_SPINDLE_ORGANIZATION,Regulation Of Mitotic Spindle Assembly;Regulation Of Spindle Assembly;Regulation Of Spindle Organization,Frozen source-membership component; mapped terms remain distinct evidence and are not independent confirmations,FROZEN_F2
P072,P,Skeletal Muscle Cell Proliferation,GO_BP,GOBP_SKELETAL_MUSCLE_CELL_PROLIFERATION,Skeletal Muscle Cell Proliferation,Frozen source-membership component; mapped terms remain distinct evidence and are not independent confirmations,FROZEN_F2
P073,P,Type B Pancreatic Cell Proliferation,GO_BP,GOBP_TYPE_B_PANCREATIC_CELL_PROLIFERATION,Type B Pancreatic Cell Proliferation,Frozen source-membership component; mapped terms remain distinct evidence and are not independent confirmations,FROZEN_F2
P074,P,T Cell Proliferation,GO_BP,GOBP_T_CELL_PROLIFERATION,T Cell Proliferation,Frozen source-membership component; mapped terms remain distinct evidence and are not independent confirmations,FROZEN_F2
P075,P,Vascular Endothelial Cell Proliferation,GO_BP,GOBP_VASCULAR_ENDOTHELIAL_CELL_PROLIFERATION,Vascular Endothelial Cell Proliferation,Frozen source-membership component; mapped terms remain distinct evidence and are not independent confirmations,FROZEN_F2
P076,P,E2F Targets,Hallmark,HALLMARK_E2F_TARGETS,E2F Targets,Frozen source-membership component; mapped terms remain distinct evidence and are not independent confirmations,FROZEN_F2
P077,P,G2M Checkpoint,Hallmark,HALLMARK_G2M_CHECKPOINT,G2M Checkpoint,Frozen source-membership component; mapped terms remain distinct evidence and are not independent confirmations,FROZEN_F2
P078,P,Mitotic Spindle,Hallmark,HALLMARK_MITOTIC_SPINDLE,Mitotic Spindle,Frozen source-membership component; mapped terms remain distinct evidence and are not independent confirmations,FROZEN_F2
P079,P,Aberrant Regulation Of Mitotic Exit In Cancer Due To Rb1 Defects component cluster (3 mapped terms),Reactome,REACTOME_ABERRANT_REGULATION_OF_MITOTIC_EXIT_IN_CANCER_DUE_TO_RB1_DEFECTS;REACTOME_DISEASES_OF_MITOTIC_CELL_CYCLE;REACTOME_INHIBITION_OF_THE_PROTEOLYTIC_ACTIVITY_OF_APC_C_REQUIRED_FOR_THE_ONSET_OF_ANAPHASE_BY_MITOTIC_SPINDLE_CHECKPOINT_COMPONENTS,Aberrant Regulation Of Mitotic Exit In Cancer Due To Rb1 Defects;Diseases Of Mitotic Cell Cycle;Inhibition Of The Proteolytic Activity Of Apc C Required For The Onset Of Anaphase By Mitotic Spindle Checkpoint Components,Frozen source-membership component; mapped terms remain distinct evidence and are not independent confirmations,FROZEN_F2
P080,P,Aberrant Regulation Of Mitotic G1 S Transition In Cancer Due To Rb1 Defects,Reactome,REACTOME_ABERRANT_REGULATION_OF_MITOTIC_G1_S_TRANSITION_IN_CANCER_DUE_TO_RB1_DEFECTS,Aberrant Regulation Of Mitotic G1 S Transition In Cancer Due To Rb1 Defects,Frozen source-membership component; mapped terms remain distinct evidence and are not independent confirmations,FROZEN_F2
P081,P,Activation Of Apc C And Apc C Cdc20 Mediated Degradation Of Mitotic Proteins component cluster (3 mapped terms),Reactome,REACTOME_ACTIVATION_OF_APC_C_AND_APC_C_CDC20_MEDIATED_DEGRADATION_OF_MITOTIC_PROTEINS;REACTOME_APC_C_MEDIATED_DEGRADATION_OF_CELL_CYCLE_PROTEINS;REACTOME_FBXL7_DOWN_REGULATES_AURKA_DURING_MITOTIC_ENTRY_AND_IN_EARLY_MITOSIS,Activation Of Apc C And Apc C Cdc20 Mediated Degradation Of Mitotic Proteins;Apc C Mediated Degradation Of Cell Cycle Proteins;Fbxl7 Down Regulates Aurka During Mitotic Entry And In Early Mitosis,Frozen source-membership component; mapped terms remain distinct evidence and are not independent confirmations,FROZEN_F2
P082,P,Cell Cycle Checkpoints,Reactome,REACTOME_CELL_CYCLE_CHECKPOINTS,Cell Cycle Checkpoints,Frozen source-membership component; mapped terms remain distinct evidence and are not independent confirmations,FROZEN_F2
P083,P,Dna Replication component cluster (2 mapped terms),Reactome,REACTOME_DNA_REPLICATION;REACTOME_DNA_REPLICATION_PRE_INITIATION,Dna Replication;Dna Replication Pre Initiation,Frozen source-membership component; mapped terms remain distinct evidence and are not independent confirmations,FROZEN_F2
P084,P,E2F Mediated Regulation Of Dna Replication,Reactome,REACTOME_E2F_MEDIATED_REGULATION_OF_DNA_REPLICATION,E2F Mediated Regulation Of Dna Replication,Frozen source-membership component; mapped terms remain distinct evidence and are not independent confirmations,FROZEN_F2
P085,P,Foxo Mediated Transcription Of Cell Cycle Genes,Reactome,REACTOME_FOXO_MEDIATED_TRANSCRIPTION_OF_CELL_CYCLE_GENES,Foxo Mediated Transcription Of Cell Cycle Genes,Frozen source-membership component; mapped terms remain distinct evidence and are not independent confirmations,FROZEN_F2
P086,P,Meiosis,Reactome,REACTOME_MEIOSIS,Meiosis,Frozen source-membership component; mapped terms remain distinct evidence and are not independent confirmations,FROZEN_F2
P087,P,Mitotic G1 Phase And G1 S Transition,Reactome,REACTOME_MITOTIC_G1_PHASE_AND_G1_S_TRANSITION,Mitotic G1 Phase And G1 S Transition,Frozen source-membership component; mapped terms remain distinct evidence and are not independent confirmations,FROZEN_F2
P088,P,Mitotic G2 G2 M Phases,Reactome,REACTOME_MITOTIC_G2_G2_M_PHASES,Mitotic G2 G2 M Phases,Frozen source-membership component; mapped terms remain distinct evidence and are not independent confirmations,FROZEN_F2
P089,P,Mitotic Metaphase And Anaphase,Reactome,REACTOME_MITOTIC_METAPHASE_AND_ANAPHASE,Mitotic Metaphase And Anaphase,Frozen source-membership component; mapped terms remain distinct evidence and are not independent confirmations,FROZEN_F2
P090,P,Mitotic Prometaphase,Reactome,REACTOME_MITOTIC_PROMETAPHASE,Mitotic Prometaphase,Frozen source-membership component; mapped terms remain distinct evidence and are not independent confirmations,FROZEN_F2
P091,P,Mitotic Prophase,Reactome,REACTOME_MITOTIC_PROPHASE,Mitotic Prophase,Frozen source-membership component; mapped terms remain distinct evidence and are not independent confirmations,FROZEN_F2
P092,P,Mitotic Spindle Checkpoint,Reactome,REACTOME_MITOTIC_SPINDLE_CHECKPOINT,Mitotic Spindle Checkpoint,Frozen source-membership component; mapped terms remain distinct evidence and are not independent confirmations,FROZEN_F2
P093,P,Postmitotic Nuclear Pore Complex Npc Reformation,Reactome,REACTOME_POSTMITOTIC_NUCLEAR_PORE_COMPLEX_NPC_REFORMATION,Postmitotic Nuclear Pore Complex Npc Reformation,Frozen source-membership component; mapped terms remain distinct evidence and are not independent confirmations,FROZEN_F2
P094,P,Recruitment Of Mitotic Centrosome Proteins And Complexes component cluster (2 mapped terms),Reactome,REACTOME_RECRUITMENT_OF_MITOTIC_CENTROSOME_PROTEINS_AND_COMPLEXES;REACTOME_RECRUITMENT_OF_NUMA_TO_MITOTIC_CENTROSOMES,Recruitment Of Mitotic Centrosome Proteins And Complexes;Recruitment Of Numa To Mitotic Centrosomes,Frozen source-membership component; mapped terms remain distinct evidence and are not independent confirmations,FROZEN_F2
P095,P,Regulation Of Mitf M Dependent Genes Involved In Cell Cycle And Proliferation,Reactome,REACTOME_REGULATION_OF_MITF_M_DEPENDENT_GENES_INVOLVED_IN_CELL_CYCLE_AND_PROLIFERATION,Regulation Of Mitf M Dependent Genes Involved In Cell Cycle And Proliferation,Frozen source-membership component; mapped terms remain distinct evidence and are not independent confirmations,FROZEN_F2
P096,P,Sumoylation Of Dna Replication Proteins,Reactome,REACTOME_SUMOYLATION_OF_DNA_REPLICATION_PROTEINS,Sumoylation Of Dna Replication Proteins,Frozen source-membership component; mapped terms remain distinct evidence and are not independent confirmations,FROZEN_F2
P097,P,Tp53 Regulates Transcription Of Additional Cell Cycle Genes Whose Exact Role In The P53 Pathway Remain Uncertain,Reactome,REACTOME_TP53_REGULATES_TRANSCRIPTION_OF_ADDITIONAL_CELL_CYCLE_GENES_WHOSE_EXACT_ROLE_IN_THE_P53_PATHWAY_REMAIN_UNCERTAIN,Tp53 Regulates Transcription Of Additional Cell Cycle Genes Whose Exact Role In The P53 Pathway Remain Uncertain,Frozen source-membership component; mapped terms remain distinct evidence and are not independent confirmations,FROZEN_F2
P098,P,Tp53 Regulates Transcription Of Cell Cycle Genes,Reactome,REACTOME_TP53_REGULATES_TRANSCRIPTION_OF_CELL_CYCLE_GENES,Tp53 Regulates Transcription Of Cell Cycle Genes,Frozen source-membership component; mapped terms remain distinct evidence and are not independent confirmations,FROZEN_F2
P099,P,Tp53 Regulates Transcription Of Genes Involved In G2 Cell Cycle Arrest,Reactome,REACTOME_TP53_REGULATES_TRANSCRIPTION_OF_GENES_INVOLVED_IN_G2_CELL_CYCLE_ARREST,Tp53 Regulates Transcription Of Genes Involved In G2 Cell Cycle Arrest,Frozen source-membership component; mapped terms remain distinct evidence and are not independent confirmations,FROZEN_F2
P100,P,Vegfr2 Mediated Cell Proliferation,Reactome,REACTOME_VEGFR2_MEDIATED_CELL_PROLIFERATION,Vegfr2 Mediated Cell Proliferation,Frozen source-membership component; mapped terms remain distinct evidence and are not independent confirmations,FROZEN_F2
M001,M,Ameboidal Type Cell Migration,GO_BP,GOBP_AMEBOIDAL_TYPE_CELL_MIGRATION,Ameboidal Type Cell Migration,Frozen source-membership component; mapped terms remain distinct evidence and are not independent confirmations,FROZEN_F2
M002,M,Blood Vessel Endothelial Cell Migration component cluster (10 mapped terms),GO_BP,GOBP_BLOOD_VESSEL_ENDOTHELIAL_CELL_MIGRATION;GOBP_CELL_MIGRATION_INVOLVED_IN_SPROUTING_ANGIOGENESIS;GOBP_ENDOTHELIAL_CELL_MIGRATION;GOBP_NEGATIVE_REGULATION_OF_BLOOD_VESSEL_ENDOTHELIAL_CELL_MIGRATION;GOBP_NEGATIVE_REGULATION_OF_CELL_MIGRATION_INVOLVED_IN_SPROUTING_ANGIOGENESIS;GOBP_NEGATIVE_REGULATION_OF_ENDOTHELIAL_CELL_MIGRATION;GOBP_POSITIVE_REGULATION_OF_BLOOD_VESSEL_ENDOTHELIAL_CELL_MIGRATION;GOBP_POSITIVE_REGULATION_OF_ENDOTHELIAL_CELL_MIGRATION;GOBP_REGULATION_OF_CELL_MIGRATION_INVOLVED_IN_SPROUTING_ANGIOGENESIS;GOBP_REGULATION_OF_ENDOTHELIAL_CELL_MIGRATION,Blood Vessel Endothelial Cell Migration;Cell Migration Involved In Sprouting Angiogenesis;Endothelial Cell Migration;Negative Regulation Of Blood Vessel Endothelial Cell Migration;Negative Regulation Of Cell Migration Involved In Sprouting Angiogenesis;Negative Regulation Of Endothelial Cell Migration;Positive Regulation Of Blood Vessel Endothelial Cell Migration;Positive Regulation Of Endothelial Cell Migration;Regulation Of Cell Migration Involved In Sprouting Angiogenesis;Regulation Of Endothelial Cell Migration,Frozen source-membership component; mapped terms remain distinct evidence and are not independent confirmations,FROZEN_F2
M003,M,Cell Chemotaxis component cluster (17 mapped terms),GO_BP,GOBP_CELL_CHEMOTAXIS;GOBP_GRANULOCYTE_CHEMOTAXIS;GOBP_GRANULOCYTE_MIGRATION;GOBP_LEUKOCYTE_CHEMOTAXIS;GOBP_LEUKOCYTE_MIGRATION;GOBP_MONONUCLEAR_CELL_MIGRATION;GOBP_MYELOID_LEUKOCYTE_MIGRATION;GOBP_NEUTROPHIL_CHEMOTAXIS;GOBP_NEUTROPHIL_MIGRATION;GOBP_POSITIVE_REGULATION_OF_CHEMOTAXIS;GOBP_POSITIVE_REGULATION_OF_LEUKOCYTE_CHEMOTAXIS;GOBP_POSITIVE_REGULATION_OF_LEUKOCYTE_MIGRATION;GOBP_POSITIVE_REGULATION_OF_MONONUCLEAR_CELL_MIGRATION;GOBP_REGULATION_OF_CHEMOTAXIS;GOBP_REGULATION_OF_LEUKOCYTE_CHEMOTAXIS;GOBP_REGULATION_OF_LEUKOCYTE_MIGRATION;GOBP_REGULATION_OF_MONONUCLEAR_CELL_MIGRATION,Cell Chemotaxis;Granulocyte Chemotaxis;Granulocyte Migration;Leukocyte Chemotaxis;Leukocyte Migration;Mononuclear Cell Migration;Myeloid Leukocyte Migration;Neutrophil Chemotaxis;Neutrophil Migration;Positive Regulation Of Chemotaxis;Positive Regulation Of Leukocyte Chemotaxis;Positive Regulation Of Leukocyte Migration;Positive Regulation Of Mononuclear Cell Migration;Regulation Of Chemotaxis;Regulation Of Leukocyte Chemotaxis;Regulation Of Leukocyte Migration;Regulation Of Mononuclear Cell Migration,Frozen source-membership component; mapped terms remain distinct evidence and are not independent confirmations,FROZEN_F2
M004,M,Cell Migration Involved In Heart Development,GO_BP,GOBP_CELL_MIGRATION_INVOLVED_IN_HEART_DEVELOPMENT,Cell Migration Involved In Heart Development,Frozen source-membership component; mapped terms remain distinct evidence and are not independent confirmations,FROZEN_F2
M005,M,Cerebral Cortex Cell Migration component cluster (4 mapped terms),GO_BP,GOBP_CEREBRAL_CORTEX_CELL_MIGRATION;GOBP_CEREBRAL_CORTEX_RADIALLY_ORIENTED_CELL_MIGRATION;GOBP_FOREBRAIN_CELL_MIGRATION;GOBP_TELENCEPHALON_GLIAL_CELL_MIGRATION,Cerebral Cortex Cell Migration;Cerebral Cortex Radially Oriented Cell Migration;Forebrain Cell Migration;Telencephalon Glial Cell Migration,Frozen source-membership component; mapped terms remain distinct evidence and are not independent confirmations,FROZEN_F2
M006,M,Cilium Or Flagellum Dependent Cell Motility,GO_BP,GOBP_CILIUM_OR_FLAGELLUM_DEPENDENT_CELL_MOTILITY,Cilium Or Flagellum Dependent Cell Motility,Frozen source-membership component; mapped terms remain distinct evidence and are not independent confirmations,FROZEN_F2
M007,M,Endothelial Cell Chemotaxis component cluster (2 mapped terms),GO_BP,GOBP_ENDOTHELIAL_CELL_CHEMOTAXIS;GOBP_REGULATION_OF_ENDOTHELIAL_CELL_CHEMOTAXIS,Endothelial Cell Chemotaxis;Regulation Of Endothelial Cell Chemotaxis,Frozen source-membership component; mapped terms remain distinct evidence and are not independent confirmations,FROZEN_F2
M008,M,Fibroblast Migration component cluster (2 mapped terms),GO_BP,GOBP_FIBROBLAST_MIGRATION;GOBP_REGULATION_OF_FIBROBLAST_MIGRATION,Fibroblast Migration;Regulation Of Fibroblast Migration,Frozen source-membership component; mapped terms remain distinct evidence and are not independent confirmations,FROZEN_F2
M009,M,Glial Cell Migration,GO_BP,GOBP_GLIAL_CELL_MIGRATION,Glial Cell Migration,Frozen source-membership component; mapped terms remain distinct evidence and are not independent confirmations,FROZEN_F2
M010,M,Lymphocyte Chemotaxis,GO_BP,GOBP_LYMPHOCYTE_CHEMOTAXIS,Lymphocyte Chemotaxis,Frozen source-membership component; mapped terms remain distinct evidence and are not independent confirmations,FROZEN_F2
M011,M,Lymphocyte Migration component cluster (6 mapped terms),GO_BP,GOBP_LYMPHOCYTE_MIGRATION;GOBP_POSITIVE_REGULATION_OF_LYMPHOCYTE_MIGRATION;GOBP_POSITIVE_REGULATION_OF_T_CELL_MIGRATION;GOBP_REGULATION_OF_LYMPHOCYTE_MIGRATION;GOBP_REGULATION_OF_T_CELL_MIGRATION;GOBP_T_CELL_MIGRATION,Lymphocyte Migration;Positive Regulation Of Lymphocyte Migration;Positive Regulation Of T Cell Migration;Regulation Of Lymphocyte Migration;Regulation Of T Cell Migration;T Cell Migration,Frozen source-membership component; mapped terms remain distinct evidence and are not independent confirmations,FROZEN_F2
M012,M,Macrophage Chemotaxis component cluster (6 mapped terms),GO_BP,GOBP_MACROPHAGE_CHEMOTAXIS;GOBP_MACROPHAGE_MIGRATION;GOBP_POSITIVE_REGULATION_OF_MACROPHAGE_CHEMOTAXIS;GOBP_POSITIVE_REGULATION_OF_MACROPHAGE_MIGRATION;GOBP_REGULATION_OF_MACROPHAGE_CHEMOTAXIS;GOBP_REGULATION_OF_MACROPHAGE_MIGRATION,Macrophage Chemotaxis;Macrophage Migration;Positive Regulation Of Macrophage Chemotaxis;Positive Regulation Of Macrophage Migration;Regulation Of Macrophage Chemotaxis;Regulation Of Macrophage Migration,Frozen source-membership component; mapped terms remain distinct evidence and are not independent confirmations,FROZEN_F2
M013,M,Mesenchymal Cell Migration,GO_BP,GOBP_MESENCHYMAL_CELL_MIGRATION,Mesenchymal Cell Migration,Frozen source-membership component; mapped terms remain distinct evidence and are not independent confirmations,FROZEN_F2
M014,M,Monocyte Chemotaxis component cluster (2 mapped terms),GO_BP,GOBP_MONOCYTE_CHEMOTAXIS;GOBP_REGULATION_OF_MONOCYTE_CHEMOTAXIS,Monocyte Chemotaxis;Regulation Of Monocyte Chemotaxis,Frozen source-membership component; mapped terms remain distinct evidence and are not independent confirmations,FROZEN_F2
M015,M,Muscle Cell Migration component cluster (3 mapped terms),GO_BP,GOBP_MUSCLE_CELL_MIGRATION;GOBP_SMOOTH_MUSCLE_CELL_MIGRATION;GOBP_VASCULAR_ASSOCIATED_SMOOTH_MUSCLE_CELL_MIGRATION,Muscle Cell Migration;Smooth Muscle Cell Migration;Vascular Associated Smooth Muscle Cell Migration,Frozen source-membership component; mapped terms remain distinct evidence and are not independent confirmations,FROZEN_F2
M016,M,Negative Chemotaxis,GO_BP,GOBP_NEGATIVE_CHEMOTAXIS,Negative Chemotaxis,Frozen source-membership component; mapped terms remain distinct evidence and are not independent confirmations,FROZEN_F2
M017,M,Negative Regulation Of Chemotaxis,GO_BP,GOBP_NEGATIVE_REGULATION_OF_CHEMOTAXIS,Negative Regulation Of Chemotaxis,Frozen source-membership component; mapped terms remain distinct evidence and are not independent confirmations,FROZEN_F2
M018,M,Negative Regulation Of Leukocyte Migration component cluster (2 mapped terms),GO_BP,GOBP_NEGATIVE_REGULATION_OF_LEUKOCYTE_MIGRATION;GOBP_NEGATIVE_REGULATION_OF_MONONUCLEAR_CELL_MIGRATION,Negative Regulation Of Leukocyte Migration;Negative Regulation Of Mononuclear Cell Migration,Frozen source-membership component; mapped terms remain distinct evidence and are not independent confirmations,FROZEN_F2
M019,M,Negative Regulation Of Locomotion,GO_BP,GOBP_NEGATIVE_REGULATION_OF_LOCOMOTION,Negative Regulation Of Locomotion,Frozen source-membership component; mapped terms remain distinct evidence and are not independent confirmations,FROZEN_F2
M020,M,Negative Regulation Of Smooth Muscle Cell Migration,GO_BP,GOBP_NEGATIVE_REGULATION_OF_SMOOTH_MUSCLE_CELL_MIGRATION,Negative Regulation Of Smooth Muscle Cell Migration,Frozen source-membership component; mapped terms remain distinct evidence and are not independent confirmations,FROZEN_F2
M021,M,Neuron Migration,GO_BP,GOBP_NEURON_MIGRATION,Neuron Migration,Frozen source-membership component; mapped terms remain distinct evidence and are not independent confirmations,FROZEN_F2
M022,M,Positive Chemotaxis,GO_BP,GOBP_POSITIVE_CHEMOTAXIS,Positive Chemotaxis,Frozen source-membership component; mapped terms remain distinct evidence and are not independent confirmations,FROZEN_F2
M023,M,Positive Regulation Of Cell Migration Involved In Sprouting Angiogenesis,GO_BP,GOBP_POSITIVE_REGULATION_OF_CELL_MIGRATION_INVOLVED_IN_SPROUTING_ANGIOGENESIS,Positive Regulation Of Cell Migration Involved In Sprouting Angiogenesis,Frozen source-membership component; mapped terms remain distinct evidence and are not independent confirmations,FROZEN_F2
M024,M,Positive Regulation Of Epithelial Cell Migration component cluster (3 mapped terms),GO_BP,GOBP_POSITIVE_REGULATION_OF_EPITHELIAL_CELL_MIGRATION;GOBP_REGULATION_OF_EPITHELIAL_CELL_MIGRATION;GOBP_TISSUE_MIGRATION,Positive Regulation Of Epithelial Cell Migration;Regulation Of Epithelial Cell Migration;Tissue Migration,Frozen source-membership component; mapped terms remain distinct evidence and are not independent confirmations,FROZEN_F2
M025,M,Positive Regulation Of Granulocyte Chemotaxis component cluster (5 mapped terms),GO_BP,GOBP_POSITIVE_REGULATION_OF_GRANULOCYTE_CHEMOTAXIS;GOBP_POSITIVE_REGULATION_OF_NEUTROPHIL_MIGRATION;GOBP_REGULATION_OF_GRANULOCYTE_CHEMOTAXIS;GOBP_REGULATION_OF_NEUTROPHIL_CHEMOTAXIS;GOBP_REGULATION_OF_NEUTROPHIL_MIGRATION,Positive Regulation Of Granulocyte Chemotaxis;Positive Regulation Of Neutrophil Migration;Regulation Of Granulocyte Chemotaxis;Regulation Of Neutrophil Chemotaxis;Regulation Of Neutrophil Migration,Frozen source-membership component; mapped terms remain distinct evidence and are not independent confirmations,FROZEN_F2
M026,M,Positive Regulation Of Locomotion,GO_BP,GOBP_POSITIVE_REGULATION_OF_LOCOMOTION,Positive Regulation Of Locomotion,Frozen source-membership component; mapped terms remain distinct evidence and are not independent confirmations,FROZEN_F2
M027,M,Positive Regulation Of Neuron Migration,GO_BP,GOBP_POSITIVE_REGULATION_OF_NEURON_MIGRATION,Positive Regulation Of Neuron Migration,Frozen source-membership component; mapped terms remain distinct evidence and are not independent confirmations,FROZEN_F2
M028,M,Positive Regulation Of Smooth Muscle Cell Migration,GO_BP,GOBP_POSITIVE_REGULATION_OF_SMOOTH_MUSCLE_CELL_MIGRATION,Positive Regulation Of Smooth Muscle Cell Migration,Frozen source-membership component; mapped terms remain distinct evidence and are not independent confirmations,FROZEN_F2
M029,M,Regulation Of Neuron Migration,GO_BP,GOBP_REGULATION_OF_NEURON_MIGRATION,Regulation Of Neuron Migration,Frozen source-membership component; mapped terms remain distinct evidence and are not independent confirmations,FROZEN_F2
M030,M,Regulation Of Positive Chemotaxis,GO_BP,GOBP_REGULATION_OF_POSITIVE_CHEMOTAXIS,Regulation Of Positive Chemotaxis,Frozen source-membership component; mapped terms remain distinct evidence and are not independent confirmations,FROZEN_F2
M031,M,Substrate Dependent Cell Migration,GO_BP,GOBP_SUBSTRATE_DEPENDENT_CELL_MIGRATION,Substrate Dependent Cell Migration,Frozen source-membership component; mapped terms remain distinct evidence and are not independent confirmations,FROZEN_F2
M032,M,Trophoblast Cell Migration,GO_BP,GOBP_TROPHOBLAST_CELL_MIGRATION,Trophoblast Cell Migration,Frozen source-membership component; mapped terms remain distinct evidence and are not independent confirmations,FROZEN_F2
M033,M,Met Promotes Cell Motility,Reactome,REACTOME_MET_PROMOTES_CELL_MOTILITY,Met Promotes Cell Motility,Frozen source-membership component; mapped terms remain distinct evidence and are not independent confirmations,FROZEN_F2
M034,M,Sema4D Induced Cell Migration And Growth Cone Collapse,Reactome,REACTOME_SEMA4D_INDUCED_CELL_MIGRATION_AND_GROWTH_CONE_COLLAPSE,Sema4D Induced Cell Migration And Growth Cone Collapse,Frozen source-membership component; mapped terms remain distinct evidence and are not independent confirmations,FROZEN_F2
E001,E,Basement Membrane Organization,GO_BP,GOBP_BASEMENT_MEMBRANE_ORGANIZATION,Basement Membrane Organization,Frozen source-membership component; mapped terms remain distinct evidence and are not independent confirmations,FROZEN_F2
E002,E,Collagen Biosynthetic Process component cluster (3 mapped terms),GO_BP,GOBP_COLLAGEN_BIOSYNTHETIC_PROCESS;GOBP_POSITIVE_REGULATION_OF_COLLAGEN_METABOLIC_PROCESS;GOBP_REGULATION_OF_COLLAGEN_METABOLIC_PROCESS,Collagen Biosynthetic Process;Positive Regulation Of Collagen Metabolic Process;Regulation Of Collagen Metabolic Process,Frozen source-membership component; mapped terms remain distinct evidence and are not independent confirmations,FROZEN_F2
E003,E,Collagen Catabolic Process,GO_BP,GOBP_COLLAGEN_CATABOLIC_PROCESS,Collagen Catabolic Process,Frozen source-membership component; mapped terms remain distinct evidence and are not independent confirmations,FROZEN_F2
E004,E,Collagen Fibril Organization,GO_BP,GOBP_COLLAGEN_FIBRIL_ORGANIZATION,Collagen Fibril Organization,Frozen source-membership component; mapped terms remain distinct evidence and are not independent confirmations,FROZEN_F2
E005,E,Collagen Metabolic Process,GO_BP,GOBP_COLLAGEN_METABOLIC_PROCESS,Collagen Metabolic Process,Frozen source-membership component; mapped terms remain distinct evidence and are not independent confirmations,FROZEN_F2
E006,E,Extracellular Matrix Assembly,GO_BP,GOBP_EXTRACELLULAR_MATRIX_ASSEMBLY,Extracellular Matrix Assembly,Frozen source-membership component; mapped terms remain distinct evidence and are not independent confirmations,FROZEN_F2
E007,E,Extracellular Matrix Disassembly,GO_BP,GOBP_EXTRACELLULAR_MATRIX_DISASSEMBLY,Extracellular Matrix Disassembly,Frozen source-membership component; mapped terms remain distinct evidence and are not independent confirmations,FROZEN_F2
E008,E,Negative Regulation Of Extracellular Matrix Organization,GO_BP,GOBP_NEGATIVE_REGULATION_OF_EXTRACELLULAR_MATRIX_ORGANIZATION,Negative Regulation Of Extracellular Matrix Organization,Frozen source-membership component; mapped terms remain distinct evidence and are not independent confirmations,FROZEN_F2
E009,E,Negative Regulation Of Tissue Remodeling,GO_BP,GOBP_NEGATIVE_REGULATION_OF_TISSUE_REMODELING,Negative Regulation Of Tissue Remodeling,Frozen source-membership component; mapped terms remain distinct evidence and are not independent confirmations,FROZEN_F2
E010,E,Positive Regulation Of Extracellular Matrix Organization,GO_BP,GOBP_POSITIVE_REGULATION_OF_EXTRACELLULAR_MATRIX_ORGANIZATION,Positive Regulation Of Extracellular Matrix Organization,Frozen source-membership component; mapped terms remain distinct evidence and are not independent confirmations,FROZEN_F2
E011,E,Regulation Of Extracellular Matrix Disassembly,GO_BP,GOBP_REGULATION_OF_EXTRACELLULAR_MATRIX_DISASSEMBLY,Regulation Of Extracellular Matrix Disassembly,Frozen source-membership component; mapped terms remain distinct evidence and are not independent confirmations,FROZEN_F2
E012,E,Regulation Of Extracellular Matrix Organization,GO_BP,GOBP_REGULATION_OF_EXTRACELLULAR_MATRIX_ORGANIZATION,Regulation Of Extracellular Matrix Organization,Frozen source-membership component; mapped terms remain distinct evidence and are not independent confirmations,FROZEN_F2
E013,E,Regulation Of Tissue Remodeling,GO_BP,GOBP_REGULATION_OF_TISSUE_REMODELING,Regulation Of Tissue Remodeling,Frozen source-membership component; mapped terms remain distinct evidence and are not independent confirmations,FROZEN_F2
E014,E,Tissue Remodeling,GO_BP,GOBP_TISSUE_REMODELING,Tissue Remodeling,Frozen source-membership component; mapped terms remain distinct evidence and are not independent confirmations,FROZEN_F2
E015,E,Assembly Of Collagen Fibrils And Other Multimeric Structures component cluster (5 mapped terms),Reactome,REACTOME_ASSEMBLY_OF_COLLAGEN_FIBRILS_AND_OTHER_MULTIMERIC_STRUCTURES;REACTOME_COLLAGEN_BIOSYNTHESIS_AND_MODIFYING_ENZYMES;REACTOME_COLLAGEN_CHAIN_TRIMERIZATION;REACTOME_COLLAGEN_DEGRADATION;REACTOME_COLLAGEN_FORMATION,Assembly Of Collagen Fibrils And Other Multimeric Structures;Collagen Biosynthesis And Modifying Enzymes;Collagen Chain Trimerization;Collagen Degradation;Collagen Formation,Frozen source-membership component; mapped terms remain distinct evidence and are not independent confirmations,FROZEN_F2
E016,E,Cell Extracellular Matrix Interactions,Reactome,REACTOME_CELL_EXTRACELLULAR_MATRIX_INTERACTIONS,Cell Extracellular Matrix Interactions,Frozen source-membership component; mapped terms remain distinct evidence and are not independent confirmations,FROZEN_F2
E017,E,Crosslinking Of Collagen Fibrils,Reactome,REACTOME_CROSSLINKING_OF_COLLAGEN_FIBRILS,Crosslinking Of Collagen Fibrils,Frozen source-membership component; mapped terms remain distinct evidence and are not independent confirmations,FROZEN_F2
E018,E,Degradation Of The Extracellular Matrix,Reactome,REACTOME_DEGRADATION_OF_THE_EXTRACELLULAR_MATRIX,Degradation Of The Extracellular Matrix,Frozen source-membership component; mapped terms remain distinct evidence and are not independent confirmations,FROZEN_F2
E019,E,Ecm Proteoglycans,Reactome,REACTOME_ECM_PROTEOGLYCANS,Ecm Proteoglycans,Frozen source-membership component; mapped terms remain distinct evidence and are not independent confirmations,FROZEN_F2
E020,E,Extracellular Matrix Organization,Reactome,REACTOME_EXTRACELLULAR_MATRIX_ORGANIZATION,Extracellular Matrix Organization,Frozen source-membership component; mapped terms remain distinct evidence and are not independent confirmations,FROZEN_F2
E021,E,Integrin Cell Surface Interactions,Reactome,REACTOME_INTEGRIN_CELL_SURFACE_INTERACTIONS,Integrin Cell Surface Interactions,Frozen source-membership component; mapped terms remain distinct evidence and are not independent confirmations,FROZEN_F2
E022,E,Non Integrin Membrane Ecm Interactions,Reactome,REACTOME_NON_INTEGRIN_MEMBRANE_ECM_INTERACTIONS,Non Integrin Membrane Ecm Interactions,Frozen source-membership component; mapped terms remain distinct evidence and are not independent confirmations,FROZEN_F2
A001,A,Angiogenesis Involved In Wound Healing,GO_BP,GOBP_ANGIOGENESIS_INVOLVED_IN_WOUND_HEALING,Angiogenesis Involved In Wound Healing,Frozen source-membership component; mapped terms remain distinct evidence and are not independent confirmations,FROZEN_F2
A002,A,Blood Vessel Endothelial Cell Migration component cluster (10 mapped terms),GO_BP,GOBP_BLOOD_VESSEL_ENDOTHELIAL_CELL_MIGRATION;GOBP_CELL_MIGRATION_INVOLVED_IN_SPROUTING_ANGIOGENESIS;GOBP_ENDOTHELIAL_CELL_MIGRATION;GOBP_NEGATIVE_REGULATION_OF_BLOOD_VESSEL_ENDOTHELIAL_CELL_MIGRATION;GOBP_NEGATIVE_REGULATION_OF_CELL_MIGRATION_INVOLVED_IN_SPROUTING_ANGIOGENESIS;GOBP_NEGATIVE_REGULATION_OF_ENDOTHELIAL_CELL_MIGRATION;GOBP_POSITIVE_REGULATION_OF_BLOOD_VESSEL_ENDOTHELIAL_CELL_MIGRATION;GOBP_POSITIVE_REGULATION_OF_ENDOTHELIAL_CELL_MIGRATION;GOBP_REGULATION_OF_CELL_MIGRATION_INVOLVED_IN_SPROUTING_ANGIOGENESIS;GOBP_REGULATION_OF_ENDOTHELIAL_CELL_MIGRATION,Blood Vessel Endothelial Cell Migration;Cell Migration Involved In Sprouting Angiogenesis;Endothelial Cell Migration;Negative Regulation Of Blood Vessel Endothelial Cell Migration;Negative Regulation Of Cell Migration Involved In Sprouting Angiogenesis;Negative Regulation Of Endothelial Cell Migration;Positive Regulation Of Blood Vessel Endothelial Cell Migration;Positive Regulation Of Endothelial Cell Migration;Regulation Of Cell Migration Involved In Sprouting Angiogenesis;Regulation Of Endothelial Cell Migration,Frozen source-membership component; mapped terms remain distinct evidence and are not independent confirmations,FROZEN_F2
A003,A,Blood Vessel Endothelial Cell Proliferation Involved In Sprouting Angiogenesis,GO_BP,GOBP_BLOOD_VESSEL_ENDOTHELIAL_CELL_PROLIFERATION_INVOLVED_IN_SPROUTING_ANGIOGENESIS,Blood Vessel Endothelial Cell Proliferation Involved In Sprouting Angiogenesis,Frozen source-membership component; mapped terms remain distinct evidence and are not independent confirmations,FROZEN_F2
A004,A,Blood Vessel Remodeling,GO_BP,GOBP_BLOOD_VESSEL_REMODELING,Blood Vessel Remodeling,Frozen source-membership component; mapped terms remain distinct evidence and are not independent confirmations,FROZEN_F2
A005,A,Branching Involved In Blood Vessel Morphogenesis,GO_BP,GOBP_BRANCHING_INVOLVED_IN_BLOOD_VESSEL_MORPHOGENESIS,Branching Involved In Blood Vessel Morphogenesis,Frozen source-membership component; mapped terms remain distinct evidence and are not independent confirmations,FROZEN_F2
A006,A,Cellular Response To Vascular Endothelial Growth Factor Stimulus component cluster (3 mapped terms),GO_BP,GOBP_CELLULAR_RESPONSE_TO_VASCULAR_ENDOTHELIAL_GROWTH_FACTOR_STIMULUS;GOBP_REGULATION_OF_CELLULAR_RESPONSE_TO_VASCULAR_ENDOTHELIAL_GROWTH_FACTOR_STIMULUS;GOBP_VASCULAR_ENDOTHELIAL_GROWTH_FACTOR_SIGNALING_PATHWAY,Cellular Response To Vascular Endothelial Growth Factor Stimulus;Regulation Of Cellular Response To Vascular Endothelial Growth Factor Stimulus;Vascular Endothelial Growth Factor Signaling Pathway,Frozen source-membership component; mapped terms remain distinct evidence and are not independent confirmations,FROZEN_F2
A007,A,Collateral Sprouting component cluster (2 mapped terms),GO_BP,GOBP_COLLATERAL_SPROUTING;GOBP_REGULATION_OF_COLLATERAL_SPROUTING,Collateral Sprouting;Regulation Of Collateral Sprouting,Frozen source-membership component; mapped terms remain distinct evidence and are not independent confirmations,FROZEN_F2
A008,A,Endothelial Cell Apoptotic Process component cluster (2 mapped terms),GO_BP,GOBP_ENDOTHELIAL_CELL_APOPTOTIC_PROCESS;GOBP_NEGATIVE_REGULATION_OF_ENDOTHELIAL_CELL_APOPTOTIC_PROCESS,Endothelial Cell Apoptotic Process;Negative Regulation Of Endothelial Cell Apoptotic Process,Frozen source-membership component; mapped terms remain distinct evidence and are not independent confirmations,FROZEN_F2
A009,A,Endothelial Cell Chemotaxis component cluster (2 mapped terms),GO_BP,GOBP_ENDOTHELIAL_CELL_CHEMOTAXIS;GOBP_REGULATION_OF_ENDOTHELIAL_CELL_CHEMOTAXIS,Endothelial Cell Chemotaxis;Regulation Of Endothelial Cell Chemotaxis,Frozen source-membership component; mapped terms remain distinct evidence and are not independent confirmations,FROZEN_F2
A010,A,Endothelial Cell Development component cluster (3 mapped terms),GO_BP,GOBP_ENDOTHELIAL_CELL_DEVELOPMENT;GOBP_ENDOTHELIAL_CELL_DIFFERENTIATION;GOBP_ESTABLISHMENT_OF_ENDOTHELIAL_BARRIER,Endothelial Cell Development;Endothelial Cell Differentiation;Establishment Of Endothelial Barrier,Frozen source-membership component; mapped terms remain distinct evidence and are not independent confirmations,FROZEN_F2
A011,A,Endothelial Cell Proliferation component cluster (2 mapped terms),GO_BP,GOBP_ENDOTHELIAL_CELL_PROLIFERATION;GOBP_POSITIVE_REGULATION_OF_ENDOTHELIAL_CELL_PROLIFERATION,Endothelial Cell Proliferation;Positive Regulation Of Endothelial Cell Proliferation,Frozen source-membership component; mapped terms remain distinct evidence and are not independent confirmations,FROZEN_F2
A012,A,Leukocyte Adhesion To Vascular Endothelial Cell component cluster (3 mapped terms),GO_BP,GOBP_LEUKOCYTE_ADHESION_TO_VASCULAR_ENDOTHELIAL_CELL;GOBP_POSITIVE_REGULATION_OF_LEUKOCYTE_ADHESION_TO_VASCULAR_ENDOTHELIAL_CELL;GOBP_REGULATION_OF_LEUKOCYTE_ADHESION_TO_VASCULAR_ENDOTHELIAL_CELL,Leukocyte Adhesion To Vascular Endothelial Cell;Positive Regulation Of Leukocyte Adhesion To Vascular Endothelial Cell;Regulation Of Leukocyte Adhesion To Vascular Endothelial Cell,Frozen source-membership component; mapped terms remain distinct evidence and are not independent confirmations,FROZEN_F2
A013,A,Negative Regulation Of Endothelial Cell Proliferation,GO_BP,GOBP_NEGATIVE_REGULATION_OF_ENDOTHELIAL_CELL_PROLIFERATION,Negative Regulation Of Endothelial Cell Proliferation,Frozen source-membership component; mapped terms remain distinct evidence and are not independent confirmations,FROZEN_F2
A014,A,Negative Regulation Of Vascular Associated Smooth Muscle Cell Proliferation,GO_BP,GOBP_NEGATIVE_REGULATION_OF_VASCULAR_ASSOCIATED_SMOOTH_MUSCLE_CELL_PROLIFERATION,Negative Regulation Of Vascular Associated Smooth Muscle Cell Proliferation,Frozen source-membership component; mapped terms remain distinct evidence and are not independent confirmations,FROZEN_F2
A015,A,Placenta Blood Vessel Development,GO_BP,GOBP_PLACENTA_BLOOD_VESSEL_DEVELOPMENT,Placenta Blood Vessel Development,Frozen source-membership component; mapped terms remain distinct evidence and are not independent confirmations,FROZEN_F2
A016,A,Positive Regulation Of Cell Migration Involved In Sprouting Angiogenesis,GO_BP,GOBP_POSITIVE_REGULATION_OF_CELL_MIGRATION_INVOLVED_IN_SPROUTING_ANGIOGENESIS,Positive Regulation Of Cell Migration Involved In Sprouting Angiogenesis,Frozen source-membership component; mapped terms remain distinct evidence and are not independent confirmations,FROZEN_F2
A017,A,Positive Regulation Of Endothelial Cell Apoptotic Process,GO_BP,GOBP_POSITIVE_REGULATION_OF_ENDOTHELIAL_CELL_APOPTOTIC_PROCESS,Positive Regulation Of Endothelial Cell Apoptotic Process,Frozen source-membership component; mapped terms remain distinct evidence and are not independent confirmations,FROZEN_F2
A018,A,Positive Regulation Of Sprouting Angiogenesis,GO_BP,GOBP_POSITIVE_REGULATION_OF_SPROUTING_ANGIOGENESIS,Positive Regulation Of Sprouting Angiogenesis,Frozen source-membership component; mapped terms remain distinct evidence and are not independent confirmations,FROZEN_F2
A019,A,Positive Regulation Of Vascular Associated Smooth Muscle Cell Proliferation component cluster (2 mapped terms),GO_BP,GOBP_POSITIVE_REGULATION_OF_VASCULAR_ASSOCIATED_SMOOTH_MUSCLE_CELL_PROLIFERATION;GOBP_VASCULAR_ASSOCIATED_SMOOTH_MUSCLE_CELL_PROLIFERATION,Positive Regulation Of Vascular Associated Smooth Muscle Cell Proliferation;Vascular Associated Smooth Muscle Cell Proliferation,Frozen source-membership component; mapped terms remain distinct evidence and are not independent confirmations,FROZEN_F2
A020,A,Positive Regulation Of Vascular Endothelial Growth Factor Production,GO_BP,GOBP_POSITIVE_REGULATION_OF_VASCULAR_ENDOTHELIAL_GROWTH_FACTOR_PRODUCTION,Positive Regulation Of Vascular Endothelial Growth Factor Production,Frozen source-membership component; mapped terms remain distinct evidence and are not independent confirmations,FROZEN_F2
A021,A,Regulation Of Endothelial Cell Differentiation,GO_BP,GOBP_REGULATION_OF_ENDOTHELIAL_CELL_DIFFERENTIATION,Regulation Of Endothelial Cell Differentiation,Frozen source-membership component; mapped terms remain distinct evidence and are not independent confirmations,FROZEN_F2
A022,A,Regulation Of Sprouting Angiogenesis,GO_BP,GOBP_REGULATION_OF_SPROUTING_ANGIOGENESIS,Regulation Of Sprouting Angiogenesis,Frozen source-membership component; mapped terms remain distinct evidence and are not independent confirmations,FROZEN_F2
A023,A,Regulation Of Vascular Endothelial Growth Factor Receptor Signaling Pathway component cluster (2 mapped terms),GO_BP,GOBP_REGULATION_OF_VASCULAR_ENDOTHELIAL_GROWTH_FACTOR_RECEPTOR_SIGNALING_PATHWAY;GOBP_VASCULAR_ENDOTHELIAL_GROWTH_FACTOR_RECEPTOR_SIGNALING_PATHWAY,Regulation Of Vascular Endothelial Growth Factor Receptor Signaling Pathway;Vascular Endothelial Growth Factor Receptor Signaling Pathway,Frozen source-membership component; mapped terms remain distinct evidence and are not independent confirmations,FROZEN_F2
A024,A,Regulation Of Vascular Permeability,GO_BP,GOBP_REGULATION_OF_VASCULAR_PERMEABILITY,Regulation Of Vascular Permeability,Frozen source-membership component; mapped terms remain distinct evidence and are not independent confirmations,FROZEN_F2
A025,A,Sprouting Angiogenesis,GO_BP,GOBP_SPROUTING_ANGIOGENESIS,Sprouting Angiogenesis,Frozen source-membership component; mapped terms remain distinct evidence and are not independent confirmations,FROZEN_F2
A026,A,Vascular Associated Smooth Muscle Cell Differentiation,GO_BP,GOBP_VASCULAR_ASSOCIATED_SMOOTH_MUSCLE_CELL_DIFFERENTIATION,Vascular Associated Smooth Muscle Cell Differentiation,Frozen source-membership component; mapped terms remain distinct evidence and are not independent confirmations,FROZEN_F2
A027,A,Vascular Associated Smooth Muscle Cell Migration,GO_BP,GOBP_VASCULAR_ASSOCIATED_SMOOTH_MUSCLE_CELL_MIGRATION,Vascular Associated Smooth Muscle Cell Migration,Frozen source-membership component; mapped terms remain distinct evidence and are not independent confirmations,FROZEN_F2
A028,A,Vascular Associated Smooth Muscle Contraction,GO_BP,GOBP_VASCULAR_ASSOCIATED_SMOOTH_MUSCLE_CONTRACTION,Vascular Associated Smooth Muscle Contraction,Frozen source-membership component; mapped terms remain distinct evidence and are not independent confirmations,FROZEN_F2
A029,A,Vascular Endothelial Cell Proliferation,GO_BP,GOBP_VASCULAR_ENDOTHELIAL_CELL_PROLIFERATION,Vascular Endothelial Cell Proliferation,Frozen source-membership component; mapped terms remain distinct evidence and are not independent confirmations,FROZEN_F2
A030,A,Vascular Endothelial Cell Response To Fluid Shear Stress component cluster (2 mapped terms),GO_BP,GOBP_VASCULAR_ENDOTHELIAL_CELL_RESPONSE_TO_FLUID_SHEAR_STRESS;GOBP_VASCULAR_ENDOTHELIAL_CELL_RESPONSE_TO_LAMINAR_FLUID_SHEAR_STRESS,Vascular Endothelial Cell Response To Fluid Shear Stress;Vascular Endothelial Cell Response To Laminar Fluid Shear Stress,Frozen source-membership component; mapped terms remain distinct evidence and are not independent confirmations,FROZEN_F2
A031,A,Vascular Endothelial Growth Factor Production,GO_BP,GOBP_VASCULAR_ENDOTHELIAL_GROWTH_FACTOR_PRODUCTION,Vascular Endothelial Growth Factor Production,Frozen source-membership component; mapped terms remain distinct evidence and are not independent confirmations,FROZEN_F2
A032,A,Vascular Process In Circulatory System,GO_BP,GOBP_VASCULAR_PROCESS_IN_CIRCULATORY_SYSTEM,Vascular Process In Circulatory System,Frozen source-membership component; mapped terms remain distinct evidence and are not independent confirmations,FROZEN_F2
A033,A,Vascular Transport,GO_BP,GOBP_VASCULAR_TRANSPORT,Vascular Transport,Frozen source-membership component; mapped terms remain distinct evidence and are not independent confirmations,FROZEN_F2
A034,A,Cell Surface Interactions At The Vascular Wall,Reactome,REACTOME_CELL_SURFACE_INTERACTIONS_AT_THE_VASCULAR_WALL,Cell Surface Interactions At The Vascular Wall,Frozen source-membership component; mapped terms remain distinct evidence and are not independent confirmations,FROZEN_F2
A035,A,High Laminar Flow Shear Stress Activates Signaling By Piezo1 And Pecam1 Cdh5 Kdr In Endothelial Cells,Reactome,REACTOME_HIGH_LAMINAR_FLOW_SHEAR_STRESS_ACTIVATES_SIGNALING_BY_PIEZO1_AND_PECAM1_CDH5_KDR_IN_ENDOTHELIAL_CELLS,High Laminar Flow Shear Stress Activates Signaling By Piezo1 And Pecam1 Cdh5 Kdr In Endothelial Cells,Frozen source-membership component; mapped terms remain distinct evidence and are not independent confirmations,FROZEN_F2
A036,A,Turbulent Oscillatory Disturbed Flow Shear Stress Activates Signaling By Piezo1 And Integrins In Endothelial Cells,Reactome,REACTOME_TURBULENT_OSCILLATORY_DISTURBED_FLOW_SHEAR_STRESS_ACTIVATES_SIGNALING_BY_PIEZO1_AND_INTEGRINS_IN_ENDOTHELIAL_CELLS,Turbulent Oscillatory Disturbed Flow Shear Stress Activates Signaling By Piezo1 And Integrins In Endothelial Cells,Frozen source-membership component; mapped terms remain distinct evidence and are not independent confirmations,FROZEN_F2
A037,A,Vegfr2 Mediated Vascular Permeability,Reactome,REACTOME_VEGFR2_MEDIATED_VASCULAR_PERMEABILITY,Vegfr2 Mediated Vascular Permeability,Frozen source-membership component; mapped terms remain distinct evidence and are not independent confirmations,FROZEN_F2
I001,I,Activation Of Immune Response component cluster (5 mapped terms),GO_BP,GOBP_ACTIVATION_OF_IMMUNE_RESPONSE;GOBP_ACTIVATION_OF_INNATE_IMMUNE_RESPONSE;GOBP_IMMUNE_RESPONSE_REGULATING_CELL_SURFACE_RECEPTOR_SIGNALING_PATHWAY;GOBP_IMMUNE_RESPONSE_REGULATING_SIGNALING_PATHWAY;GOBP_REGULATION_OF_INNATE_IMMUNE_RESPONSE,Activation Of Immune Response;Activation Of Innate Immune Response;Immune Response Regulating Cell Surface Receptor Signaling Pathway;Immune Response Regulating Signaling Pathway;Regulation Of Innate Immune Response,Frozen source-membership component; mapped terms remain distinct evidence and are not independent confirmations,FROZEN_F2
I002,I,Acute Inflammatory Response,GO_BP,GOBP_ACUTE_INFLAMMATORY_RESPONSE,Acute Inflammatory Response,Frozen source-membership component; mapped terms remain distinct evidence and are not independent confirmations,FROZEN_F2
I003,I,Adaptive Immune Response component cluster (16 mapped terms),GO_BP,GOBP_ADAPTIVE_IMMUNE_RESPONSE;GOBP_ADAPTIVE_IMMUNE_RESPONSE_BASED_ON_SOMATIC_RECOMBINATION_OF_IMMUNE_RECEPTORS_BUILT_FROM_IMMUNOGLOBULIN_SUPERFAMILY_DOMAINS;GOBP_B_CELL_MEDIATED_IMMUNITY;GOBP_IMMUNE_EFFECTOR_PROCESS;GOBP_LEUKOCYTE_MEDIATED_IMMUNITY;GOBP_LYMPHOCYTE_MEDIATED_IMMUNITY;GOBP_POSITIVE_REGULATION_OF_ADAPTIVE_IMMUNE_RESPONSE;GOBP_POSITIVE_REGULATION_OF_IMMUNE_EFFECTOR_PROCESS;GOBP_POSITIVE_REGULATION_OF_LEUKOCYTE_MEDIATED_IMMUNITY;GOBP_POSITIVE_REGULATION_OF_T_CELL_MEDIATED_IMMUNITY;GOBP_REGULATION_OF_ADAPTIVE_IMMUNE_RESPONSE;GOBP_REGULATION_OF_IMMUNE_EFFECTOR_PROCESS;GOBP_REGULATION_OF_LEUKOCYTE_MEDIATED_IMMUNITY;GOBP_REGULATION_OF_LYMPHOCYTE_MEDIATED_IMMUNITY;GOBP_REGULATION_OF_T_CELL_MEDIATED_IMMUNITY;GOBP_T_CELL_MEDIATED_IMMUNITY,Adaptive Immune Response;Adaptive Immune Response Based On Somatic Recombination Of Immune Receptors Built From Immunoglobulin Superfamily Domains;B Cell Mediated Immunity;Immune Effector Process;Leukocyte Mediated Immunity;Lymphocyte Mediated Immunity;Positive Regulation Of Adaptive Immune Response;Positive Regulation Of Immune Effector Process;Positive Regulation Of Leukocyte Mediated Immunity;Positive Regulation Of T Cell Mediated Immunity;Regulation Of Adaptive Immune Response;Regulation Of Immune Effector Process;Regulation Of Leukocyte Mediated Immunity;Regulation Of Lymphocyte Mediated Immunity;Regulation Of T Cell Mediated Immunity;T Cell Mediated Immunity,Frozen source-membership component; mapped terms remain distinct evidence and are not independent confirmations,FROZEN_F2
I004,I,Antimicrobial Humoral Immune Response Mediated By Antimicrobial Peptide,GO_BP,GOBP_ANTIMICROBIAL_HUMORAL_IMMUNE_RESPONSE_MEDIATED_BY_ANTIMICROBIAL_PEPTIDE,Antimicrobial Humoral Immune Response Mediated By Antimicrobial Peptide,Frozen source-membership component; mapped terms remain distinct evidence and are not independent confirmations,FROZEN_F2
I005,I,Antiviral Innate Immune Response,GO_BP,GOBP_ANTIVIRAL_INNATE_IMMUNE_RESPONSE,Antiviral Innate Immune Response,Frozen source-membership component; mapped terms remain distinct evidence and are not independent confirmations,FROZEN_F2
I006,I,B Cell Activation Involved In Immune Response component cluster (14 mapped terms),GO_BP,GOBP_B_CELL_ACTIVATION_INVOLVED_IN_IMMUNE_RESPONSE;GOBP_CYTOKINE_PRODUCTION_INVOLVED_IN_IMMUNE_RESPONSE;GOBP_IMMUNOGLOBULIN_PRODUCTION;GOBP_IMMUNOGLOBULIN_PRODUCTION_INVOLVED_IN_IMMUNOGLOBULIN_MEDIATED_IMMUNE_RESPONSE;GOBP_POSITIVE_REGULATION_OF_B_CELL_MEDIATED_IMMUNITY;GOBP_POSITIVE_REGULATION_OF_CYTOKINE_PRODUCTION_INVOLVED_IN_IMMUNE_RESPONSE;GOBP_POSITIVE_REGULATION_OF_IMMUNOGLOBULIN_PRODUCTION;GOBP_POSITIVE_REGULATION_OF_PRODUCTION_OF_MOLECULAR_MEDIATOR_OF_IMMUNE_RESPONSE;GOBP_PRODUCTION_OF_MOLECULAR_MEDIATOR_OF_IMMUNE_RESPONSE;GOBP_REGULATION_OF_B_CELL_MEDIATED_IMMUNITY;GOBP_REGULATION_OF_IMMUNOGLOBULIN_PRODUCTION;GOBP_REGULATION_OF_PRODUCTION_OF_MOLECULAR_MEDIATOR_OF_IMMUNE_RESPONSE;GOBP_SOMATIC_DIVERSIFICATION_OF_IMMUNE_RECEPTORS;GOBP_SOMATIC_DIVERSIFICATION_OF_IMMUNOGLOBULINS,B Cell Activation Involved In Immune Response;Cytokine Production Involved In Immune Response;Immunoglobulin Production;Immunoglobulin Production Involved In Immunoglobulin Mediated Immune Response;Positive Regulation Of B Cell Mediated Immunity;Positive Regulation Of Cytokine Production Involved In Immune Response;Positive Regulation Of Immunoglobulin Production;Positive Regulation Of Production Of Molecular Mediator Of Immune Response;Production Of Molecular Mediator Of Immune Response;Regulation Of B Cell Mediated Immunity;Regulation Of Immunoglobulin Production;Regulation Of Production Of Molecular Mediator Of Immune Response;Somatic Diversification Of Immune Receptors;Somatic Diversification Of Immunoglobulins,Frozen source-membership component; mapped terms remain distinct evidence and are not independent confirmations,FROZEN_F2
I007,I,Cellular Response To Interferon Beta component cluster (2 mapped terms),GO_BP,GOBP_CELLULAR_RESPONSE_TO_INTERFERON_BETA;GOBP_RESPONSE_TO_INTERFERON_BETA,Cellular Response To Interferon Beta;Response To Interferon Beta,Frozen source-membership component; mapped terms remain distinct evidence and are not independent confirmations,FROZEN_F2
I008,I,Cellular Response To Interleukin 1 component cluster (2 mapped terms),GO_BP,GOBP_CELLULAR_RESPONSE_TO_INTERLEUKIN_1;GOBP_RESPONSE_TO_INTERLEUKIN_1,Cellular Response To Interleukin 1;Response To Interleukin 1,Frozen source-membership component; mapped terms remain distinct evidence and are not independent confirmations,FROZEN_F2
I009,I,Cellular Response To Type Ii Interferon component cluster (2 mapped terms),GO_BP,GOBP_CELLULAR_RESPONSE_TO_TYPE_II_INTERFERON;GOBP_RESPONSE_TO_TYPE_II_INTERFERON,Cellular Response To Type Ii Interferon;Response To Type Ii Interferon,Frozen source-membership component; mapped terms remain distinct evidence and are not independent confirmations,FROZEN_F2
I010,I,Cell Activation Involved In Immune Response component cluster (4 mapped terms),GO_BP,GOBP_CELL_ACTIVATION_INVOLVED_IN_IMMUNE_RESPONSE;GOBP_LYMPHOCYTE_ACTIVATION_INVOLVED_IN_IMMUNE_RESPONSE;GOBP_T_CELL_ACTIVATION_INVOLVED_IN_IMMUNE_RESPONSE;GOBP_T_CELL_DIFFERENTIATION_INVOLVED_IN_IMMUNE_RESPONSE,Cell Activation Involved In Immune Response;Lymphocyte Activation Involved In Immune Response;T Cell Activation Involved In Immune Response;T Cell Differentiation Involved In Immune Response,Frozen source-membership component; mapped terms remain distinct evidence and are not independent confirmations,FROZEN_F2
I011,I,Cell Surface Toll Like Receptor Signaling Pathway component cluster (2 mapped terms),GO_BP,GOBP_CELL_SURFACE_TOLL_LIKE_RECEPTOR_SIGNALING_PATHWAY;GOBP_INNATE_IMMUNE_RESPONSE_ACTIVATING_CELL_SURFACE_RECEPTOR_SIGNALING_PATHWAY,Cell Surface Toll Like Receptor Signaling Pathway;Innate Immune Response Activating Cell Surface Receptor Signaling Pathway,Frozen source-membership component; mapped terms remain distinct evidence and are not independent confirmations,FROZEN_F2
I012,I,Cytokine Mediated Signaling Pathway,GO_BP,GOBP_CYTOKINE_MEDIATED_SIGNALING_PATHWAY,Cytokine Mediated Signaling Pathway,Frozen source-membership component; mapped terms remain distinct evidence and are not independent confirmations,FROZEN_F2
I013,I,Cytokine Production Involved In Inflammatory Response component cluster (3 mapped terms),GO_BP,GOBP_CYTOKINE_PRODUCTION_INVOLVED_IN_INFLAMMATORY_RESPONSE;GOBP_NEGATIVE_REGULATION_OF_CYTOKINE_PRODUCTION_INVOLVED_IN_INFLAMMATORY_RESPONSE;GOBP_PRODUCTION_OF_MOLECULAR_MEDIATOR_INVOLVED_IN_INFLAMMATORY_RESPONSE,Cytokine Production Involved In Inflammatory Response;Negative Regulation Of Cytokine Production Involved In Inflammatory Response;Production Of Molecular Mediator Involved In Inflammatory Response,Frozen source-membership component; mapped terms remain distinct evidence and are not independent confirmations,FROZEN_F2
I014,I,Endolysosomal Toll Like Receptor Signaling Pathway component cluster (2 mapped terms),GO_BP,GOBP_ENDOLYSOSOMAL_TOLL_LIKE_RECEPTOR_SIGNALING_PATHWAY;GOBP_TOLL_LIKE_RECEPTOR_3_SIGNALING_PATHWAY,Endolysosomal Toll Like Receptor Signaling Pathway;Toll Like Receptor 3 Signaling Pathway,Frozen source-membership component; mapped terms remain distinct evidence and are not independent confirmations,FROZEN_F2
I015,I,Humoral Immune Response,GO_BP,GOBP_HUMORAL_IMMUNE_RESPONSE,Humoral Immune Response,Frozen source-membership component; mapped terms remain distinct evidence and are not independent confirmations,FROZEN_F2
I016,I,Humoral Immune Response Mediated By Circulating Immunoglobulin,GO_BP,GOBP_HUMORAL_IMMUNE_RESPONSE_MEDIATED_BY_CIRCULATING_IMMUNOGLOBULIN,Humoral Immune Response Mediated By Circulating Immunoglobulin,Frozen source-membership component; mapped terms remain distinct evidence and are not independent confirmations,FROZEN_F2
I017,I,Immune Response Regulating Cell Surface Receptor Signaling Pathway Involved In Phagocytosis,GO_BP,GOBP_IMMUNE_RESPONSE_REGULATING_CELL_SURFACE_RECEPTOR_SIGNALING_PATHWAY_INVOLVED_IN_PHAGOCYTOSIS,Immune Response Regulating Cell Surface Receptor Signaling Pathway Involved In Phagocytosis,Frozen source-membership component; mapped terms remain distinct evidence and are not independent confirmations,FROZEN_F2
I018,I,Immune Response To Tumor Cell component cluster (2 mapped terms),GO_BP,GOBP_IMMUNE_RESPONSE_TO_TUMOR_CELL;GOBP_T_CELL_MEDIATED_IMMUNE_RESPONSE_TO_TUMOR_CELL,Immune Response To Tumor Cell;T Cell Mediated Immune Response To Tumor Cell,Frozen source-membership component; mapped terms remain distinct evidence and are not independent confirmations,FROZEN_F2
I019,I,Immune System Development,GO_BP,GOBP_IMMUNE_SYSTEM_DEVELOPMENT,Immune System Development,Frozen source-membership component; mapped terms remain distinct evidence and are not independent confirmations,FROZEN_F2
I020,I,Inflammasome Mediated Signaling Pathway component cluster (3 mapped terms),GO_BP,GOBP_INFLAMMASOME_MEDIATED_SIGNALING_PATHWAY;GOBP_POSITIVE_REGULATION_OF_INFLAMMASOME_MEDIATED_SIGNALING_PATHWAY;GOBP_REGULATION_OF_INFLAMMASOME_MEDIATED_SIGNALING_PATHWAY,Inflammasome Mediated Signaling Pathway;Positive Regulation Of Inflammasome Mediated Signaling Pathway;Regulation Of Inflammasome Mediated Signaling Pathway,Frozen source-membership component; mapped terms remain distinct evidence and are not independent confirmations,FROZEN_F2
I021,I,Inflammatory Cell Apoptotic Process,GO_BP,GOBP_INFLAMMATORY_CELL_APOPTOTIC_PROCESS,Inflammatory Cell Apoptotic Process,Frozen source-membership component; mapped terms remain distinct evidence and are not independent confirmations,FROZEN_F2
I022,I,Inflammatory Response To Antigenic Stimulus component cluster (3 mapped terms),GO_BP,GOBP_INFLAMMATORY_RESPONSE_TO_ANTIGENIC_STIMULUS;GOBP_NEGATIVE_REGULATION_OF_INFLAMMATORY_RESPONSE_TO_ANTIGENIC_STIMULUS;GOBP_REGULATION_OF_INFLAMMATORY_RESPONSE_TO_ANTIGENIC_STIMULUS,Inflammatory Response To Antigenic Stimulus;Negative Regulation Of Inflammatory Response To Antigenic Stimulus;Regulation Of Inflammatory Response To Antigenic Stimulus,Frozen source-membership component; mapped terms remain distinct evidence and are not independent confirmations,FROZEN_F2
I023,I,Inflammatory Response To Wounding,GO_BP,GOBP_INFLAMMATORY_RESPONSE_TO_WOUNDING,Inflammatory Response To Wounding,Frozen source-membership component; mapped terms remain distinct evidence and are not independent confirmations,FROZEN_F2
I024,I,Interferon Alpha Production component cluster (2 mapped terms),GO_BP,GOBP_INTERFERON_ALPHA_PRODUCTION;GOBP_POSITIVE_REGULATION_OF_INTERFERON_ALPHA_PRODUCTION,Interferon Alpha Production;Positive Regulation Of Interferon Alpha Production,Frozen source-membership component; mapped terms remain distinct evidence and are not independent confirmations,FROZEN_F2
I025,I,Interferon Beta Production component cluster (4 mapped terms),GO_BP,GOBP_INTERFERON_BETA_PRODUCTION;GOBP_POSITIVE_REGULATION_OF_INTERFERON_BETA_PRODUCTION;GOBP_POSITIVE_REGULATION_OF_TYPE_I_INTERFERON_PRODUCTION;GOBP_TYPE_I_INTERFERON_PRODUCTION,Interferon Beta Production;Positive Regulation Of Interferon Beta Production;Positive Regulation Of Type I Interferon Production;Type I Interferon Production,Frozen source-membership component; mapped terms remain distinct evidence and are not independent confirmations,FROZEN_F2
I026,I,Interferon Mediated Signaling Pathway component cluster (5 mapped terms),GO_BP,GOBP_INTERFERON_MEDIATED_SIGNALING_PATHWAY;GOBP_NEGATIVE_REGULATION_OF_TYPE_I_INTERFERON_MEDIATED_SIGNALING_PATHWAY;GOBP_REGULATION_OF_TYPE_I_INTERFERON_MEDIATED_SIGNALING_PATHWAY;GOBP_RESPONSE_TO_TYPE_I_INTERFERON;GOBP_TYPE_I_INTERFERON_MEDIATED_SIGNALING_PATHWAY,Interferon Mediated Signaling Pathway;Negative Regulation Of Type I Interferon Mediated Signaling Pathway;Regulation Of Type I Interferon Mediated Signaling Pathway;Response To Type I Interferon;Type I Interferon Mediated Signaling Pathway,Frozen source-membership component; mapped terms remain distinct evidence and are not independent confirmations,FROZEN_F2
I027,I,Interleukin 10 Production component cluster (2 mapped terms),GO_BP,GOBP_INTERLEUKIN_10_PRODUCTION;GOBP_POSITIVE_REGULATION_OF_INTERLEUKIN_10_PRODUCTION,Interleukin 10 Production;Positive Regulation Of Interleukin 10 Production,Frozen source-membership component; mapped terms remain distinct evidence and are not independent confirmations,FROZEN_F2
I028,I,Interleukin 12 Production component cluster (2 mapped terms),GO_BP,GOBP_INTERLEUKIN_12_PRODUCTION;GOBP_POSITIVE_REGULATION_OF_INTERLEUKIN_12_PRODUCTION,Interleukin 12 Production;Positive Regulation Of Interleukin 12 Production,Frozen source-membership component; mapped terms remain distinct evidence and are not independent confirmations,FROZEN_F2
I029,I,Interleukin 13 Production,GO_BP,GOBP_INTERLEUKIN_13_PRODUCTION,Interleukin 13 Production,Frozen source-membership component; mapped terms remain distinct evidence and are not independent confirmations,FROZEN_F2
I030,I,Interleukin 17 Production,GO_BP,GOBP_INTERLEUKIN_17_PRODUCTION,Interleukin 17 Production,Frozen source-membership component; mapped terms remain distinct evidence and are not independent confirmations,FROZEN_F2
I031,I,Interleukin 1 Mediated Signaling Pathway,GO_BP,GOBP_INTERLEUKIN_1_MEDIATED_SIGNALING_PATHWAY,Interleukin 1 Mediated Signaling Pathway,Frozen source-membership component; mapped terms remain distinct evidence and are not independent confirmations,FROZEN_F2
I032,I,Interleukin 1 Production component cluster (2 mapped terms),GO_BP,GOBP_INTERLEUKIN_1_PRODUCTION;GOBP_POSITIVE_REGULATION_OF_INTERLEUKIN_1_PRODUCTION,Interleukin 1 Production;Positive Regulation Of Interleukin 1 Production,Frozen source-membership component; mapped terms remain distinct evidence and are not independent confirmations,FROZEN_F2
I033,I,Interleukin 2 Production component cluster (2 mapped terms),GO_BP,GOBP_INTERLEUKIN_2_PRODUCTION;GOBP_POSITIVE_REGULATION_OF_INTERLEUKIN_2_PRODUCTION,Interleukin 2 Production;Positive Regulation Of Interleukin 2 Production,Frozen source-membership component; mapped terms remain distinct evidence and are not independent confirmations,FROZEN_F2
I034,I,Interleukin 4 Production,GO_BP,GOBP_INTERLEUKIN_4_PRODUCTION,Interleukin 4 Production,Frozen source-membership component; mapped terms remain distinct evidence and are not independent confirmations,FROZEN_F2
I035,I,Interleukin 6 Mediated Signaling Pathway component cluster (2 mapped terms),GO_BP,GOBP_INTERLEUKIN_6_MEDIATED_SIGNALING_PATHWAY;GOBP_RESPONSE_TO_INTERLEUKIN_6,Interleukin 6 Mediated Signaling Pathway;Response To Interleukin 6,Frozen source-membership component; mapped terms remain distinct evidence and are not independent confirmations,FROZEN_F2
I036,I,Interleukin 6 Production component cluster (2 mapped terms),GO_BP,GOBP_INTERLEUKIN_6_PRODUCTION;GOBP_POSITIVE_REGULATION_OF_INTERLEUKIN_6_PRODUCTION,Interleukin 6 Production;Positive Regulation Of Interleukin 6 Production,Frozen source-membership component; mapped terms remain distinct evidence and are not independent confirmations,FROZEN_F2
I037,I,Interleukin 8 Production component cluster (2 mapped terms),GO_BP,GOBP_INTERLEUKIN_8_PRODUCTION;GOBP_POSITIVE_REGULATION_OF_INTERLEUKIN_8_PRODUCTION,Interleukin 8 Production;Positive Regulation Of Interleukin 8 Production,Frozen source-membership component; mapped terms remain distinct evidence and are not independent confirmations,FROZEN_F2
I038,I,Leukocyte Adhesion To Vascular Endothelial Cell component cluster (4 mapped terms),GO_BP,GOBP_LEUKOCYTE_ADHESION_TO_VASCULAR_ENDOTHELIAL_CELL;GOBP_LEUKOCYTE_TETHERING_OR_ROLLING;GOBP_POSITIVE_REGULATION_OF_LEUKOCYTE_ADHESION_TO_VASCULAR_ENDOTHELIAL_CELL;GOBP_REGULATION_OF_LEUKOCYTE_ADHESION_TO_VASCULAR_ENDOTHELIAL_CELL,Leukocyte Adhesion To Vascular Endothelial Cell;Leukocyte Tethering Or Rolling;Positive Regulation Of Leukocyte Adhesion To Vascular Endothelial Cell;Regulation Of Leukocyte Adhesion To Vascular Endothelial Cell,Frozen source-membership component; mapped terms remain distinct evidence and are not independent confirmations,FROZEN_F2
I039,I,Leukocyte Apoptotic Process component cluster (3 mapped terms),GO_BP,GOBP_LEUKOCYTE_APOPTOTIC_PROCESS;GOBP_NEGATIVE_REGULATION_OF_LEUKOCYTE_APOPTOTIC_PROCESS;GOBP_REGULATION_OF_LEUKOCYTE_APOPTOTIC_PROCESS,Leukocyte Apoptotic Process;Negative Regulation Of Leukocyte Apoptotic Process;Regulation Of Leukocyte Apoptotic Process,Frozen source-membership component; mapped terms remain distinct evidence and are not independent confirmations,FROZEN_F2
I040,I,Leukocyte Cell Cell Adhesion component cluster (2 mapped terms),GO_BP,GOBP_LEUKOCYTE_CELL_CELL_ADHESION;GOBP_POSITIVE_REGULATION_OF_LEUKOCYTE_CELL_CELL_ADHESION,Leukocyte Cell Cell Adhesion;Positive Regulation Of Leukocyte Cell Cell Adhesion,Frozen source-membership component; mapped terms remain distinct evidence and are not independent confirmations,FROZEN_F2
I041,I,Leukocyte Chemotaxis component cluster (7 mapped terms),GO_BP,GOBP_LEUKOCYTE_CHEMOTAXIS;GOBP_LEUKOCYTE_MIGRATION;GOBP_MYELOID_LEUKOCYTE_MIGRATION;GOBP_POSITIVE_REGULATION_OF_LEUKOCYTE_CHEMOTAXIS;GOBP_POSITIVE_REGULATION_OF_LEUKOCYTE_MIGRATION;GOBP_REGULATION_OF_LEUKOCYTE_CHEMOTAXIS;GOBP_REGULATION_OF_LEUKOCYTE_MIGRATION,Leukocyte Chemotaxis;Leukocyte Migration;Myeloid Leukocyte Migration;Positive Regulation Of Leukocyte Chemotaxis;Positive Regulation Of Leukocyte Migration;Regulation Of Leukocyte Chemotaxis;Regulation Of Leukocyte Migration,Frozen source-membership component; mapped terms remain distinct evidence and are not independent confirmations,FROZEN_F2
I042,I,Leukocyte Degranulation component cluster (7 mapped terms),GO_BP,GOBP_LEUKOCYTE_DEGRANULATION;GOBP_MAST_CELL_ACTIVATION_INVOLVED_IN_IMMUNE_RESPONSE;GOBP_MYELOID_CELL_ACTIVATION_INVOLVED_IN_IMMUNE_RESPONSE;GOBP_MYELOID_LEUKOCYTE_MEDIATED_IMMUNITY;GOBP_POSITIVE_REGULATION_OF_LEUKOCYTE_DEGRANULATION;GOBP_REGULATION_OF_LEUKOCYTE_DEGRANULATION;GOBP_REGULATION_OF_MYELOID_LEUKOCYTE_MEDIATED_IMMUNITY,Leukocyte Degranulation;Mast Cell Activation Involved In Immune Response;Myeloid Cell Activation Involved In Immune Response;Myeloid Leukocyte Mediated Immunity;Positive Regulation Of Leukocyte Degranulation;Regulation Of Leukocyte Degranulation;Regulation Of Myeloid Leukocyte Mediated Immunity,Frozen source-membership component; mapped terms remain distinct evidence and are not independent confirmations,FROZEN_F2
I043,I,Leukocyte Homeostasis,GO_BP,GOBP_LEUKOCYTE_HOMEOSTASIS,Leukocyte Homeostasis,Frozen source-membership component; mapped terms remain distinct evidence and are not independent confirmations,FROZEN_F2
I044,I,Leukocyte Mediated Cytotoxicity component cluster (4 mapped terms),GO_BP,GOBP_LEUKOCYTE_MEDIATED_CYTOTOXICITY;GOBP_NATURAL_KILLER_CELL_MEDIATED_IMMUNITY;GOBP_POSITIVE_REGULATION_OF_NATURAL_KILLER_CELL_MEDIATED_IMMUNITY;GOBP_REGULATION_OF_NATURAL_KILLER_CELL_MEDIATED_IMMUNITY,Leukocyte Mediated Cytotoxicity;Natural Killer Cell Mediated Immunity;Positive Regulation Of Natural Killer Cell Mediated Immunity;Regulation Of Natural Killer Cell Mediated Immunity,Frozen source-membership component; mapped terms remain distinct evidence and are not independent confirmations,FROZEN_F2
I045,I,Leukocyte Proliferation component cluster (3 mapped terms),GO_BP,GOBP_LEUKOCYTE_PROLIFERATION;GOBP_POSITIVE_REGULATION_OF_LEUKOCYTE_PROLIFERATION;GOBP_REGULATION_OF_LEUKOCYTE_PROLIFERATION,Leukocyte Proliferation;Positive Regulation Of Leukocyte Proliferation;Regulation Of Leukocyte Proliferation,Frozen source-membership component; mapped terms remain distinct evidence and are not independent confirmations,FROZEN_F2
I046,I,Macrophage Activation component cluster (2 mapped terms),GO_BP,GOBP_MACROPHAGE_ACTIVATION;GOBP_REGULATION_OF_MACROPHAGE_ACTIVATION,Macrophage Activation;Regulation Of Macrophage Activation,Frozen source-membership component; mapped terms remain distinct evidence and are not independent confirmations,FROZEN_F2
I047,I,Macrophage Chemotaxis component cluster (6 mapped terms),GO_BP,GOBP_MACROPHAGE_CHEMOTAXIS;GOBP_MACROPHAGE_MIGRATION;GOBP_POSITIVE_REGULATION_OF_MACROPHAGE_CHEMOTAXIS;GOBP_POSITIVE_REGULATION_OF_MACROPHAGE_MIGRATION;GOBP_REGULATION_OF_MACROPHAGE_CHEMOTAXIS;GOBP_REGULATION_OF_MACROPHAGE_MIGRATION,Macrophage Chemotaxis;Macrophage Migration;Positive Regulation Of Macrophage Chemotaxis;Positive Regulation Of Macrophage Migration;Regulation Of Macrophage Chemotaxis;Regulation Of Macrophage Migration,Frozen source-membership component; mapped terms remain distinct evidence and are not independent confirmations,FROZEN_F2
I048,I,Macrophage Cytokine Production component cluster (3 mapped terms),GO_BP,GOBP_MACROPHAGE_CYTOKINE_PRODUCTION;GOBP_MYELOID_LEUKOCYTE_CYTOKINE_PRODUCTION;GOBP_POSITIVE_REGULATION_OF_MYELOID_LEUKOCYTE_CYTOKINE_PRODUCTION_INVOLVED_IN_IMMUNE_RESPONSE,Macrophage Cytokine Production;Myeloid Leukocyte Cytokine Production;Positive Regulation Of Myeloid Leukocyte Cytokine Production Involved In Immune Response,Frozen source-membership component; mapped terms remain distinct evidence and are not independent confirmations,FROZEN_F2
I049,I,Macrophage Differentiation,GO_BP,GOBP_MACROPHAGE_DIFFERENTIATION,Macrophage Differentiation,Frozen source-membership component; mapped terms remain distinct evidence and are not independent confirmations,FROZEN_F2
I050,I,Myd88 Dependent Toll Like Receptor Signaling Pathway,GO_BP,GOBP_MYD88_DEPENDENT_TOLL_LIKE_RECEPTOR_SIGNALING_PATHWAY,Myd88 Dependent Toll Like Receptor Signaling Pathway,Frozen source-membership component; mapped terms remain distinct evidence and are not independent confirmations,FROZEN_F2
I051,I,Myeloid Leukocyte Activation,GO_BP,GOBP_MYELOID_LEUKOCYTE_ACTIVATION,Myeloid Leukocyte Activation,Frozen source-membership component; mapped terms remain distinct evidence and are not independent confirmations,FROZEN_F2
I052,I,Myeloid Leukocyte Differentiation,GO_BP,GOBP_MYELOID_LEUKOCYTE_DIFFERENTIATION,Myeloid Leukocyte Differentiation,Frozen source-membership component; mapped terms remain distinct evidence and are not independent confirmations,FROZEN_F2
I053,I,Negative Regulation Of Adaptive Immune Response,GO_BP,GOBP_NEGATIVE_REGULATION_OF_ADAPTIVE_IMMUNE_RESPONSE,Negative Regulation Of Adaptive Immune Response,Frozen source-membership component; mapped terms remain distinct evidence and are not independent confirmations,FROZEN_F2
I054,I,Negative Regulation Of Cytokine Production,GO_BP,GOBP_NEGATIVE_REGULATION_OF_CYTOKINE_PRODUCTION,Negative Regulation Of Cytokine Production,Frozen source-membership component; mapped terms remain distinct evidence and are not independent confirmations,FROZEN_F2
I055,I,Negative Regulation Of Immune Effector Process component cluster (2 mapped terms),GO_BP,GOBP_NEGATIVE_REGULATION_OF_IMMUNE_EFFECTOR_PROCESS;GOBP_NEGATIVE_REGULATION_OF_LEUKOCYTE_MEDIATED_IMMUNITY,Negative Regulation Of Immune Effector Process;Negative Regulation Of Leukocyte Mediated Immunity,Frozen source-membership component; mapped terms remain distinct evidence and are not independent confirmations,FROZEN_F2
I056,I,Negative Regulation Of Immune Response,GO_BP,GOBP_NEGATIVE_REGULATION_OF_IMMUNE_RESPONSE,Negative Regulation Of Immune Response,Frozen source-membership component; mapped terms remain distinct evidence and are not independent confirmations,FROZEN_F2
I057,I,Negative Regulation Of Immune System Process,GO_BP,GOBP_NEGATIVE_REGULATION_OF_IMMUNE_SYSTEM_PROCESS,Negative Regulation Of Immune System Process,Frozen source-membership component; mapped terms remain distinct evidence and are not independent confirmations,FROZEN_F2
I058,I,Negative Regulation Of Inflammasome Mediated Signaling Pathway,GO_BP,GOBP_NEGATIVE_REGULATION_OF_INFLAMMASOME_MEDIATED_SIGNALING_PATHWAY,Negative Regulation Of Inflammasome Mediated Signaling Pathway,Frozen source-membership component; mapped terms remain distinct evidence and are not independent confirmations,FROZEN_F2
I059,I,Negative Regulation Of Inflammatory Response,GO_BP,GOBP_NEGATIVE_REGULATION_OF_INFLAMMATORY_RESPONSE,Negative Regulation Of Inflammatory Response,Frozen source-membership component; mapped terms remain distinct evidence and are not independent confirmations,FROZEN_F2
I060,I,Negative Regulation Of Innate Immune Response,GO_BP,GOBP_NEGATIVE_REGULATION_OF_INNATE_IMMUNE_RESPONSE,Negative Regulation Of Innate Immune Response,Frozen source-membership component; mapped terms remain distinct evidence and are not independent confirmations,FROZEN_F2
I061,I,Negative Regulation Of Interferon Beta Production,GO_BP,GOBP_NEGATIVE_REGULATION_OF_INTERFERON_BETA_PRODUCTION,Negative Regulation Of Interferon Beta Production,Frozen source-membership component; mapped terms remain distinct evidence and are not independent confirmations,FROZEN_F2
I062,I,Negative Regulation Of Interleukin 1 Beta Production component cluster (2 mapped terms),GO_BP,GOBP_NEGATIVE_REGULATION_OF_INTERLEUKIN_1_BETA_PRODUCTION;GOBP_NEGATIVE_REGULATION_OF_INTERLEUKIN_1_PRODUCTION,Negative Regulation Of Interleukin 1 Beta Production;Negative Regulation Of Interleukin 1 Production,Frozen source-membership component; mapped terms remain distinct evidence and are not independent confirmations,FROZEN_F2
I063,I,Negative Regulation Of Interleukin 6 Production,GO_BP,GOBP_NEGATIVE_REGULATION_OF_INTERLEUKIN_6_PRODUCTION,Negative Regulation Of Interleukin 6 Production,Frozen source-membership component; mapped terms remain distinct evidence and are not independent confirmations,FROZEN_F2
I064,I,Negative Regulation Of Leukocyte Cell Cell Adhesion,GO_BP,GOBP_NEGATIVE_REGULATION_OF_LEUKOCYTE_CELL_CELL_ADHESION,Negative Regulation Of Leukocyte Cell Cell Adhesion,Frozen source-membership component; mapped terms remain distinct evidence and are not independent confirmations,FROZEN_F2
I065,I,Negative Regulation Of Leukocyte Migration,GO_BP,GOBP_NEGATIVE_REGULATION_OF_LEUKOCYTE_MIGRATION,Negative Regulation Of Leukocyte Migration,Frozen source-membership component; mapped terms remain distinct evidence and are not independent confirmations,FROZEN_F2
I066,I,Negative Regulation Of Leukocyte Proliferation,GO_BP,GOBP_NEGATIVE_REGULATION_OF_LEUKOCYTE_PROLIFERATION,Negative Regulation Of Leukocyte Proliferation,Frozen source-membership component; mapped terms remain distinct evidence and are not independent confirmations,FROZEN_F2
I067,I,Negative Regulation Of Myeloid Leukocyte Differentiation,GO_BP,GOBP_NEGATIVE_REGULATION_OF_MYELOID_LEUKOCYTE_DIFFERENTIATION,Negative Regulation Of Myeloid Leukocyte Differentiation,Frozen source-membership component; mapped terms remain distinct evidence and are not independent confirmations,FROZEN_F2
I068,I,Negative Regulation Of Natural Killer Cell Mediated Immunity,GO_BP,GOBP_NEGATIVE_REGULATION_OF_NATURAL_KILLER_CELL_MEDIATED_IMMUNITY,Negative Regulation Of Natural Killer Cell Mediated Immunity,Frozen source-membership component; mapped terms remain distinct evidence and are not independent confirmations,FROZEN_F2
I069,I,Negative Regulation Of Production Of Molecular Mediator Of Immune Response,GO_BP,GOBP_NEGATIVE_REGULATION_OF_PRODUCTION_OF_MOLECULAR_MEDIATOR_OF_IMMUNE_RESPONSE,Negative Regulation Of Production Of Molecular Mediator Of Immune Response,Frozen source-membership component; mapped terms remain distinct evidence and are not independent confirmations,FROZEN_F2
I070,I,Negative Regulation Of Response To Cytokine Stimulus component cluster (2 mapped terms),GO_BP,GOBP_NEGATIVE_REGULATION_OF_RESPONSE_TO_CYTOKINE_STIMULUS;GOBP_REGULATION_OF_RESPONSE_TO_CYTOKINE_STIMULUS,Negative Regulation Of Response To Cytokine Stimulus;Regulation Of Response To Cytokine Stimulus,Frozen source-membership component; mapped terms remain distinct evidence and are not independent confirmations,FROZEN_F2
I071,I,Negative Regulation Of Tumor Necrosis Factor Superfamily Cytokine Production,GO_BP,GOBP_NEGATIVE_REGULATION_OF_TUMOR_NECROSIS_FACTOR_SUPERFAMILY_CYTOKINE_PRODUCTION,Negative Regulation Of Tumor Necrosis Factor Superfamily Cytokine Production,Frozen source-membership component; mapped terms remain distinct evidence and are not independent confirmations,FROZEN_F2
I072,I,Negative Regulation Of Type Ii Interferon Production,GO_BP,GOBP_NEGATIVE_REGULATION_OF_TYPE_II_INTERFERON_PRODUCTION,Negative Regulation Of Type Ii Interferon Production,Frozen source-membership component; mapped terms remain distinct evidence and are not independent confirmations,FROZEN_F2
I073,I,Negative Regulation Of Type I Interferon Production,GO_BP,GOBP_NEGATIVE_REGULATION_OF_TYPE_I_INTERFERON_PRODUCTION,Negative Regulation Of Type I Interferon Production,Frozen source-membership component; mapped terms remain distinct evidence and are not independent confirmations,FROZEN_F2
I074,I,Negative Regulation Of T Cell Mediated Immunity,GO_BP,GOBP_NEGATIVE_REGULATION_OF_T_CELL_MEDIATED_IMMUNITY,Negative Regulation Of T Cell Mediated Immunity,Frozen source-membership component; mapped terms remain distinct evidence and are not independent confirmations,FROZEN_F2
I075,I,Neuroinflammatory Response component cluster (2 mapped terms),GO_BP,GOBP_NEUROINFLAMMATORY_RESPONSE;GOBP_REGULATION_OF_NEUROINFLAMMATORY_RESPONSE,Neuroinflammatory Response;Regulation Of Neuroinflammatory Response,Frozen source-membership component; mapped terms remain distinct evidence and are not independent confirmations,FROZEN_F2
I076,I,Neutrophil Chemotaxis component cluster (2 mapped terms),GO_BP,GOBP_NEUTROPHIL_CHEMOTAXIS;GOBP_NEUTROPHIL_MIGRATION,Neutrophil Chemotaxis;Neutrophil Migration,Frozen source-membership component; mapped terms remain distinct evidence and are not independent confirmations,FROZEN_F2
I077,I,Neutrophil Mediated Immunity,GO_BP,GOBP_NEUTROPHIL_MEDIATED_IMMUNITY,Neutrophil Mediated Immunity,Frozen source-membership component; mapped terms remain distinct evidence and are not independent confirmations,FROZEN_F2
I078,I,Positive Regulation Of Cytokine Production,GO_BP,GOBP_POSITIVE_REGULATION_OF_CYTOKINE_PRODUCTION,Positive Regulation Of Cytokine Production,Frozen source-membership component; mapped terms remain distinct evidence and are not independent confirmations,FROZEN_F2
I079,I,Positive Regulation Of Cytokine Production Involved In Inflammatory Response,GO_BP,GOBP_POSITIVE_REGULATION_OF_CYTOKINE_PRODUCTION_INVOLVED_IN_INFLAMMATORY_RESPONSE,Positive Regulation Of Cytokine Production Involved In Inflammatory Response,Frozen source-membership component; mapped terms remain distinct evidence and are not independent confirmations,FROZEN_F2
I080,I,Positive Regulation Of Inflammatory Response,GO_BP,GOBP_POSITIVE_REGULATION_OF_INFLAMMATORY_RESPONSE,Positive Regulation Of Inflammatory Response,Frozen source-membership component; mapped terms remain distinct evidence and are not independent confirmations,FROZEN_F2
I081,I,Positive Regulation Of Leukocyte Apoptotic Process,GO_BP,GOBP_POSITIVE_REGULATION_OF_LEUKOCYTE_APOPTOTIC_PROCESS,Positive Regulation Of Leukocyte Apoptotic Process,Frozen source-membership component; mapped terms remain distinct evidence and are not independent confirmations,FROZEN_F2
I082,I,Positive Regulation Of Macrophage Activation,GO_BP,GOBP_POSITIVE_REGULATION_OF_MACROPHAGE_ACTIVATION,Positive Regulation Of Macrophage Activation,Frozen source-membership component; mapped terms remain distinct evidence and are not independent confirmations,FROZEN_F2
I083,I,Positive Regulation Of Myeloid Leukocyte Differentiation,GO_BP,GOBP_POSITIVE_REGULATION_OF_MYELOID_LEUKOCYTE_DIFFERENTIATION,Positive Regulation Of Myeloid Leukocyte Differentiation,Frozen source-membership component; mapped terms remain distinct evidence and are not independent confirmations,FROZEN_F2
I084,I,Positive Regulation Of Neutrophil Migration component cluster (3 mapped terms),GO_BP,GOBP_POSITIVE_REGULATION_OF_NEUTROPHIL_MIGRATION;GOBP_REGULATION_OF_NEUTROPHIL_CHEMOTAXIS;GOBP_REGULATION_OF_NEUTROPHIL_MIGRATION,Positive Regulation Of Neutrophil Migration;Regulation Of Neutrophil Chemotaxis;Regulation Of Neutrophil Migration,Frozen source-membership component; mapped terms remain distinct evidence and are not independent confirmations,FROZEN_F2
I085,I,Positive Regulation Of Response To Cytokine Stimulus,GO_BP,GOBP_POSITIVE_REGULATION_OF_RESPONSE_TO_CYTOKINE_STIMULUS,Positive Regulation Of Response To Cytokine Stimulus,Frozen source-membership component; mapped terms remain distinct evidence and are not independent confirmations,FROZEN_F2
I086,I,Positive Regulation Of Tumor Necrosis Factor Superfamily Cytokine Production component cluster (2 mapped terms),GO_BP,GOBP_POSITIVE_REGULATION_OF_TUMOR_NECROSIS_FACTOR_SUPERFAMILY_CYTOKINE_PRODUCTION;GOBP_TUMOR_NECROSIS_FACTOR_SUPERFAMILY_CYTOKINE_PRODUCTION,Positive Regulation Of Tumor Necrosis Factor Superfamily Cytokine Production;Tumor Necrosis Factor Superfamily Cytokine Production,Frozen source-membership component; mapped terms remain distinct evidence and are not independent confirmations,FROZEN_F2
I087,I,Positive Regulation Of Type Ii Interferon Production component cluster (2 mapped terms),GO_BP,GOBP_POSITIVE_REGULATION_OF_TYPE_II_INTERFERON_PRODUCTION;GOBP_TYPE_II_INTERFERON_PRODUCTION,Positive Regulation Of Type Ii Interferon Production;Type Ii Interferon Production,Frozen source-membership component; mapped terms remain distinct evidence and are not independent confirmations,FROZEN_F2
I088,I,Positive Regulation Of Type I Interferon Mediated Signaling Pathway,GO_BP,GOBP_POSITIVE_REGULATION_OF_TYPE_I_INTERFERON_MEDIATED_SIGNALING_PATHWAY,Positive Regulation Of Type I Interferon Mediated Signaling Pathway,Frozen source-membership component; mapped terms remain distinct evidence and are not independent confirmations,FROZEN_F2
I089,I,Positive Regulation Of T Cell Cytokine Production component cluster (2 mapped terms),GO_BP,GOBP_POSITIVE_REGULATION_OF_T_CELL_CYTOKINE_PRODUCTION;GOBP_T_CELL_CYTOKINE_PRODUCTION,Positive Regulation Of T Cell Cytokine Production;T Cell Cytokine Production,Frozen source-membership component; mapped terms remain distinct evidence and are not independent confirmations,FROZEN_F2
I090,I,Pyroptotic Inflammatory Response,GO_BP,GOBP_PYROPTOTIC_INFLAMMATORY_RESPONSE,Pyroptotic Inflammatory Response,Frozen source-membership component; mapped terms remain distinct evidence and are not independent confirmations,FROZEN_F2
I091,I,Regulation Of Acute Inflammatory Response,GO_BP,GOBP_REGULATION_OF_ACUTE_INFLAMMATORY_RESPONSE,Regulation Of Acute Inflammatory Response,Frozen source-membership component; mapped terms remain distinct evidence and are not independent confirmations,FROZEN_F2
I092,I,Regulation Of Humoral Immune Response,GO_BP,GOBP_REGULATION_OF_HUMORAL_IMMUNE_RESPONSE,Regulation Of Humoral Immune Response,Frozen source-membership component; mapped terms remain distinct evidence and are not independent confirmations,FROZEN_F2
I093,I,Regulation Of Inflammatory Response,GO_BP,GOBP_REGULATION_OF_INFLAMMATORY_RESPONSE,Regulation Of Inflammatory Response,Frozen source-membership component; mapped terms remain distinct evidence and are not independent confirmations,FROZEN_F2
I094,I,Regulation Of Leukocyte Differentiation,GO_BP,GOBP_REGULATION_OF_LEUKOCYTE_DIFFERENTIATION,Regulation Of Leukocyte Differentiation,Frozen source-membership component; mapped terms remain distinct evidence and are not independent confirmations,FROZEN_F2
I095,I,Regulation Of Macrophage Derived Foam Cell Differentiation,GO_BP,GOBP_REGULATION_OF_MACROPHAGE_DERIVED_FOAM_CELL_DIFFERENTIATION,Regulation Of Macrophage Derived Foam Cell Differentiation,Frozen source-membership component; mapped terms remain distinct evidence and are not independent confirmations,FROZEN_F2
I096,I,Regulation Of Macrophage Differentiation,GO_BP,GOBP_REGULATION_OF_MACROPHAGE_DIFFERENTIATION,Regulation Of Macrophage Differentiation,Frozen source-membership component; mapped terms remain distinct evidence and are not independent confirmations,FROZEN_F2
I097,I,Regulation Of Myeloid Leukocyte Differentiation,GO_BP,GOBP_REGULATION_OF_MYELOID_LEUKOCYTE_DIFFERENTIATION,Regulation Of Myeloid Leukocyte Differentiation,Frozen source-membership component; mapped terms remain distinct evidence and are not independent confirmations,FROZEN_F2
I098,I,Regulation Of Toll Like Receptor 4 Signaling Pathway,GO_BP,GOBP_REGULATION_OF_TOLL_LIKE_RECEPTOR_4_SIGNALING_PATHWAY,Regulation Of Toll Like Receptor 4 Signaling Pathway,Frozen source-membership component; mapped terms remain distinct evidence and are not independent confirmations,FROZEN_F2
I099,I,Regulation Of Toll Like Receptor Signaling Pathway,GO_BP,GOBP_REGULATION_OF_TOLL_LIKE_RECEPTOR_SIGNALING_PATHWAY,Regulation Of Toll Like Receptor Signaling Pathway,Frozen source-membership component; mapped terms remain distinct evidence and are not independent confirmations,FROZEN_F2
I100,I,Regulation Of Type 2 Immune Response component cluster (2 mapped terms),GO_BP,GOBP_REGULATION_OF_TYPE_2_IMMUNE_RESPONSE;GOBP_TYPE_2_IMMUNE_RESPONSE,Regulation Of Type 2 Immune Response;Type 2 Immune Response,Frozen source-membership component; mapped terms remain distinct evidence and are not independent confirmations,FROZEN_F2
I101,I,Regulation Of T Helper 17 Type Immune Response,GO_BP,GOBP_REGULATION_OF_T_HELPER_17_TYPE_IMMUNE_RESPONSE,Regulation Of T Helper 17 Type Immune Response,Frozen source-membership component; mapped terms remain distinct evidence and are not independent confirmations,FROZEN_F2
I102,I,Regulation Of T Helper 1 Type Immune Response component cluster (2 mapped terms),GO_BP,GOBP_REGULATION_OF_T_HELPER_1_TYPE_IMMUNE_RESPONSE;GOBP_T_HELPER_1_TYPE_IMMUNE_RESPONSE,Regulation Of T Helper 1 Type Immune Response;T Helper 1 Type Immune Response,Frozen source-membership component; mapped terms remain distinct evidence and are not independent confirmations,FROZEN_F2
I103,I,Response To Interferon Alpha,GO_BP,GOBP_RESPONSE_TO_INTERFERON_ALPHA,Response To Interferon Alpha,Frozen source-membership component; mapped terms remain distinct evidence and are not independent confirmations,FROZEN_F2
I104,I,Response To Interleukin 17,GO_BP,GOBP_RESPONSE_TO_INTERLEUKIN_17,Response To Interleukin 17,Frozen source-membership component; mapped terms remain distinct evidence and are not independent confirmations,FROZEN_F2
I105,I,Response To Interleukin 4,GO_BP,GOBP_RESPONSE_TO_INTERLEUKIN_4,Response To Interleukin 4,Frozen source-membership component; mapped terms remain distinct evidence and are not independent confirmations,FROZEN_F2
I106,I,Response To Interleukin 7,GO_BP,GOBP_RESPONSE_TO_INTERLEUKIN_7,Response To Interleukin 7,Frozen source-membership component; mapped terms remain distinct evidence and are not independent confirmations,FROZEN_F2
I107,I,Somatic Diversification Of Immune Receptors Via Somatic Mutation,GO_BP,GOBP_SOMATIC_DIVERSIFICATION_OF_IMMUNE_RECEPTORS_VIA_SOMATIC_MUTATION,Somatic Diversification Of Immune Receptors Via Somatic Mutation,Frozen source-membership component; mapped terms remain distinct evidence and are not independent confirmations,FROZEN_F2
I108,I,Toll Like Receptor Signaling Pathway,GO_BP,GOBP_TOLL_LIKE_RECEPTOR_SIGNALING_PATHWAY,Toll Like Receptor Signaling Pathway,Frozen source-membership component; mapped terms remain distinct evidence and are not independent confirmations,FROZEN_F2
I109,I,Type Ii Interferon Mediated Signaling Pathway,GO_BP,GOBP_TYPE_II_INTERFERON_MEDIATED_SIGNALING_PATHWAY,Type Ii Interferon Mediated Signaling Pathway,Frozen source-membership component; mapped terms remain distinct evidence and are not independent confirmations,FROZEN_F2
I110,I,T Helper 17 Type Immune Response,GO_BP,GOBP_T_HELPER_17_TYPE_IMMUNE_RESPONSE,T Helper 17 Type Immune Response,Frozen source-membership component; mapped terms remain distinct evidence and are not independent confirmations,FROZEN_F2
I111,I,Allograft Rejection,Hallmark,HALLMARK_ALLOGRAFT_REJECTION,Allograft Rejection,Frozen source-membership component; mapped terms remain distinct evidence and are not independent confirmations,FROZEN_F2
I112,I,Complement,Hallmark,HALLMARK_COMPLEMENT,Complement,Frozen source-membership component; mapped terms remain distinct evidence and are not independent confirmations,FROZEN_F2
I113,I,Il2 Stat5 Signaling,Hallmark,HALLMARK_IL2_STAT5_SIGNALING,Il2 Stat5 Signaling,Frozen source-membership component; mapped terms remain distinct evidence and are not independent confirmations,FROZEN_F2
I114,I,Il6 Jak Stat3 Signaling,Hallmark,HALLMARK_IL6_JAK_STAT3_SIGNALING,Il6 Jak Stat3 Signaling,Frozen source-membership component; mapped terms remain distinct evidence and are not independent confirmations,FROZEN_F2
I115,I,Inflammatory Response,Hallmark,HALLMARK_INFLAMMATORY_RESPONSE,Inflammatory Response,Frozen source-membership component; mapped terms remain distinct evidence and are not independent confirmations,FROZEN_F2
I116,I,Interferon Alpha Response,Hallmark,HALLMARK_INTERFERON_ALPHA_RESPONSE,Interferon Alpha Response,Frozen source-membership component; mapped terms remain distinct evidence and are not independent confirmations,FROZEN_F2
I117,I,Interferon Gamma Response,Hallmark,HALLMARK_INTERFERON_GAMMA_RESPONSE,Interferon Gamma Response,Frozen source-membership component; mapped terms remain distinct evidence and are not independent confirmations,FROZEN_F2
I118,I,Tnfa Signaling Via Nfkb,Hallmark,HALLMARK_TNFA_SIGNALING_VIA_NFKB,Tnfa Signaling Via Nfkb,Frozen source-membership component; mapped terms remain distinct evidence and are not independent confirmations,FROZEN_F2
I119,I,Adora2B Mediated Anti Inflammatory Cytokines Production,Reactome,REACTOME_ADORA2B_MEDIATED_ANTI_INFLAMMATORY_CYTOKINES_PRODUCTION,Adora2B Mediated Anti Inflammatory Cytokines Production,Frozen source-membership component; mapped terms remain distinct evidence and are not independent confirmations,FROZEN_F2
I120,I,Anti Inflammatory Response Favouring Leishmania Parasite Infection,Reactome,REACTOME_ANTI_INFLAMMATORY_RESPONSE_FAVOURING_LEISHMANIA_PARASITE_INFECTION,Anti Inflammatory Response Favouring Leishmania Parasite Infection,Frozen source-membership component; mapped terms remain distinct evidence and are not independent confirmations,FROZEN_F2
I121,I,Ddx58 Ifih1 Mediated Induction Of Interferon Alpha Beta,Reactome,REACTOME_DDX58_IFIH1_MEDIATED_INDUCTION_OF_INTERFERON_ALPHA_BETA,Ddx58 Ifih1 Mediated Induction Of Interferon Alpha Beta,Frozen source-membership component; mapped terms remain distinct evidence and are not independent confirmations,FROZEN_F2
I122,I,Dengue Virus Activates Modulates Innate And Adaptive Immune Responses,Reactome,REACTOME_DENGUE_VIRUS_ACTIVATES_MODULATES_INNATE_AND_ADAPTIVE_IMMUNE_RESPONSES,Dengue Virus Activates Modulates Innate And Adaptive Immune Responses,Frozen source-membership component; mapped terms remain distinct evidence and are not independent confirmations,FROZEN_F2
I123,I,Diseases Of Immune System,Reactome,REACTOME_DISEASES_OF_IMMUNE_SYSTEM,Diseases Of Immune System,Frozen source-membership component; mapped terms remain distinct evidence and are not independent confirmations,FROZEN_F2
I124,I,Evasion By Rsv Of Host Interferon Responses,Reactome,REACTOME_EVASION_BY_RSV_OF_HOST_INTERFERON_RESPONSES,Evasion By Rsv Of Host Interferon Responses,Frozen source-membership component; mapped terms remain distinct evidence and are not independent confirmations,FROZEN_F2
I125,I,Gene And Protein Expression By Jak Stat Signaling After Interleukin 12 Stimulation component cluster (3 mapped terms),Reactome,REACTOME_GENE_AND_PROTEIN_EXPRESSION_BY_JAK_STAT_SIGNALING_AFTER_INTERLEUKIN_12_STIMULATION;REACTOME_INTERLEUKIN_12_FAMILY_SIGNALING;REACTOME_INTERLEUKIN_12_SIGNALING,Gene And Protein Expression By Jak Stat Signaling After Interleukin 12 Stimulation;Interleukin 12 Family Signaling;Interleukin 12 Signaling,Frozen source-membership component; mapped terms remain distinct evidence and are not independent confirmations,FROZEN_F2
I126,I,Immunoregulatory Interactions Between A Lymphoid And A Non Lymphoid Cell,Reactome,REACTOME_IMMUNOREGULATORY_INTERACTIONS_BETWEEN_A_LYMPHOID_AND_A_NON_LYMPHOID_CELL,Immunoregulatory Interactions Between A Lymphoid And A Non Lymphoid Cell,Frozen source-membership component; mapped terms remain distinct evidence and are not independent confirmations,FROZEN_F2
I127,I,Inflammasomes,Reactome,REACTOME_INFLAMMASOMES,Inflammasomes,Frozen source-membership component; mapped terms remain distinct evidence and are not independent confirmations,FROZEN_F2
I128,I,Interferon Alpha Beta Signaling,Reactome,REACTOME_INTERFERON_ALPHA_BETA_SIGNALING,Interferon Alpha Beta Signaling,Frozen source-membership component; mapped terms remain distinct evidence and are not independent confirmations,FROZEN_F2
I129,I,Interferon Gamma Signaling,Reactome,REACTOME_INTERFERON_GAMMA_SIGNALING,Interferon Gamma Signaling,Frozen source-membership component; mapped terms remain distinct evidence and are not independent confirmations,FROZEN_F2
I130,I,Interferon Signaling,Reactome,REACTOME_INTERFERON_SIGNALING,Interferon Signaling,Frozen source-membership component; mapped terms remain distinct evidence and are not independent confirmations,FROZEN_F2
I131,I,Interleukin 10 Signaling,Reactome,REACTOME_INTERLEUKIN_10_SIGNALING,Interleukin 10 Signaling,Frozen source-membership component; mapped terms remain distinct evidence and are not independent confirmations,FROZEN_F2
I132,I,Interleukin 17 Signaling component cluster (4 mapped terms),Reactome,REACTOME_INTERLEUKIN_17_SIGNALING;REACTOME_TOLL_LIKE_RECEPTOR_9_TLR9_CASCADE;REACTOME_TOLL_LIKE_RECEPTOR_CASCADES;REACTOME_TOLL_LIKE_RECEPTOR_TLR1_TLR2_CASCADE,Interleukin 17 Signaling;Toll Like Receptor 9 Tlr9 Cascade;Toll Like Receptor Cascades;Toll Like Receptor Tlr1 Tlr2 Cascade,Frozen source-membership component; mapped terms remain distinct evidence and are not independent confirmations,FROZEN_F2
I133,I,Interleukin 1 Family Signaling component cluster (2 mapped terms),Reactome,REACTOME_INTERLEUKIN_1_FAMILY_SIGNALING;REACTOME_INTERLEUKIN_1_SIGNALING,Interleukin 1 Family Signaling;Interleukin 1 Signaling,Frozen source-membership component; mapped terms remain distinct evidence and are not independent confirmations,FROZEN_F2
I134,I,Interleukin 2 Family Signaling component cluster (3 mapped terms),Reactome,REACTOME_INTERLEUKIN_2_FAMILY_SIGNALING;REACTOME_INTERLEUKIN_3_INTERLEUKIN_5_AND_GM_CSF_SIGNALING;REACTOME_INTERLEUKIN_RECEPTOR_SHC_SIGNALING,Interleukin 2 Family Signaling;Interleukin 3 Interleukin 5 And Gm Csf Signaling;Interleukin Receptor Shc Signaling,Frozen source-membership component; mapped terms remain distinct evidence and are not independent confirmations,FROZEN_F2
I135,I,Interleukin 37 Signaling,Reactome,REACTOME_INTERLEUKIN_37_SIGNALING,Interleukin 37 Signaling,Frozen source-membership component; mapped terms remain distinct evidence and are not independent confirmations,FROZEN_F2
I136,I,Interleukin 4 And Interleukin 13 Signaling,Reactome,REACTOME_INTERLEUKIN_4_AND_INTERLEUKIN_13_SIGNALING,Interleukin 4 And Interleukin 13 Signaling,Frozen source-membership component; mapped terms remain distinct evidence and are not independent confirmations,FROZEN_F2
I137,I,Interleukin 6 Family Signaling,Reactome,REACTOME_INTERLEUKIN_6_FAMILY_SIGNALING,Interleukin 6 Family Signaling,Frozen source-membership component; mapped terms remain distinct evidence and are not independent confirmations,FROZEN_F2
I138,I,Interleukin 7 Signaling,Reactome,REACTOME_INTERLEUKIN_7_SIGNALING,Interleukin 7 Signaling,Frozen source-membership component; mapped terms remain distinct evidence and are not independent confirmations,FROZEN_F2
I139,I,Neutrophil Degranulation,Reactome,REACTOME_NEUTROPHIL_DEGRANULATION,Neutrophil Degranulation,Frozen source-membership component; mapped terms remain distinct evidence and are not independent confirmations,FROZEN_F2
I140,I,Other Interleukin Signaling,Reactome,REACTOME_OTHER_INTERLEUKIN_SIGNALING,Other Interleukin Signaling,Frozen source-membership component; mapped terms remain distinct evidence and are not independent confirmations,FROZEN_F2
I141,I,Rip Mediated Nfkb Activation Via Zbp1,Reactome,REACTOME_RIP_MEDIATED_NFKB_ACTIVATION_VIA_ZBP1,Rip Mediated Nfkb Activation Via Zbp1,Frozen source-membership component; mapped terms remain distinct evidence and are not independent confirmations,FROZEN_F2
I142,I,Sars Cov 1 Activates Modulates Innate Immune Responses,Reactome,REACTOME_SARS_COV_1_ACTIVATES_MODULATES_INNATE_IMMUNE_RESPONSES,Sars Cov 1 Activates Modulates Innate Immune Responses,Frozen source-membership component; mapped terms remain distinct evidence and are not independent confirmations,FROZEN_F2
I143,I,Sars Cov 2 Activates Modulates Innate And Adaptive Immune Responses,Reactome,REACTOME_SARS_COV_2_ACTIVATES_MODULATES_INNATE_AND_ADAPTIVE_IMMUNE_RESPONSES,Sars Cov 2 Activates Modulates Innate And Adaptive Immune Responses,Frozen source-membership component; mapped terms remain distinct evidence and are not independent confirmations,FROZEN_F2
I144,I,Signaling By Interleukins,Reactome,REACTOME_SIGNALING_BY_INTERLEUKINS,Signaling By Interleukins,Frozen source-membership component; mapped terms remain distinct evidence and are not independent confirmations,FROZEN_F2
I145,I,Tnfr1 Induced Nf Kappa B Signaling Pathway component cluster (3 mapped terms),Reactome,REACTOME_TNFR1_INDUCED_NF_KAPPA_B_SIGNALING_PATHWAY;REACTOME_TNFR1_INDUCED_PROAPOPTOTIC_SIGNALING;REACTOME_TNF_SIGNALING,Tnfr1 Induced Nf Kappa B Signaling Pathway;Tnfr1 Induced Proapoptotic Signaling;Tnf Signaling,Frozen source-membership component; mapped terms remain distinct evidence and are not independent confirmations,FROZEN_F2
I146,I,Tnfr2 Non Canonical Nf Kb Pathway,Reactome,REACTOME_TNFR2_NON_CANONICAL_NF_KB_PATHWAY,Tnfr2 Non Canonical Nf Kb Pathway,Frozen source-membership component; mapped terms remain distinct evidence and are not independent confirmations,FROZEN_F2
