question,database,term_id,term_name,mapping_basis,predefined_or_posthoc,effective_gene_set_size,eligible_for_testing
Q1,GO_BP,GOBP_ACTIVATED_T_CELL_PROLIFERATION,Activated T Cell Proliferation,TERM_ID_REGEX:(?:CELL_CYCLE|MITOTIC|MEIOSIS|DNA_REPLICATION|CELL_PROLIFERATION|CYTOKINESIS|CHROMOSOME_SEGREGATION|SPINDLE),PREDEFINED,30,True
Q1,GO_BP,GOBP_ACTIVATION_OF_MEIOSIS,Activation Of Meiosis,TERM_ID_REGEX:(?:CELL_CYCLE|MITOTIC|MEIOSIS|DNA_REPLICATION|CELL_PROLIFERATION|CYTOKINESIS|CHROMOSOME_SEGREGATION|SPINDLE),PREDEFINED,4,False
Q1,GO_BP,GOBP_ALPHA_BETA_T_CELL_PROLIFERATION,Alpha Beta T Cell Proliferation,TERM_ID_REGEX:(?:CELL_CYCLE|MITOTIC|MEIOSIS|DNA_REPLICATION|CELL_PROLIFERATION|CYTOKINESIS|CHROMOSOME_SEGREGATION|SPINDLE),PREDEFINED,27,True
Q1,GO_BP,GOBP_ATTACHMENT_OF_MITOTIC_SPINDLE_MICROTUBULES_TO_KINETOCHORE,Attachment Of Mitotic Spindle Microtubules To Kinetochore,TERM_ID_REGEX:(?:CELL_CYCLE|MITOTIC|MEIOSIS|DNA_REPLICATION|CELL_PROLIFERATION|CYTOKINESIS|CHROMOSOME_SEGREGATION|SPINDLE),PREDEFINED,26,True
Q1,GO_BP,GOBP_ATTACHMENT_OF_SPINDLE_MICROTUBULES_TO_KINETOCHORE,Attachment Of Spindle Microtubules To Kinetochore,TERM_ID_REGEX:(?:CELL_CYCLE|MITOTIC|MEIOSIS|DNA_REPLICATION|CELL_PROLIFERATION|CYTOKINESIS|CHROMOSOME_SEGREGATION|SPINDLE),PREDEFINED,55,True
Q1,GO_BP,GOBP_BLOOD_VESSEL_ENDOTHELIAL_CELL_PROLIFERATION_INVOLVED_IN_SPROUTING_ANGIOGENESIS,Blood Vessel Endothelial Cell Proliferation Involved In Sprouting Angiogenesis,TERM_ID_REGEX:(?:CELL_CYCLE|MITOTIC|MEIOSIS|DNA_REPLICATION|CELL_PROLIFERATION|CYTOKINESIS|CHROMOSOME_SEGREGATION|SPINDLE),PREDEFINED,19,True
Q1,GO_BP,GOBP_B_CELL_PROLIFERATION,B Cell Proliferation,TERM_ID_REGEX:(?:CELL_CYCLE|MITOTIC|MEIOSIS|DNA_REPLICATION|CELL_PROLIFERATION|CYTOKINESIS|CHROMOSOME_SEGREGATION|SPINDLE),PREDEFINED,56,True
Q1,GO_BP,GOBP_B_CELL_PROLIFERATION_INVOLVED_IN_IMMUNE_RESPONSE,B Cell Proliferation Involved In Immune Response,TERM_ID_REGEX:(?:CELL_CYCLE|MITOTIC|MEIOSIS|DNA_REPLICATION|CELL_PROLIFERATION|CYTOKINESIS|CHROMOSOME_SEGREGATION|SPINDLE),PREDEFINED,3,False
Q1,GO_BP,GOBP_CARDIAC_MUSCLE_CELL_PROLIFERATION,Cardiac Muscle Cell Proliferation,TERM_ID_REGEX:(?:CELL_CYCLE|MITOTIC|MEIOSIS|DNA_REPLICATION|CELL_PROLIFERATION|CYTOKINESIS|CHROMOSOME_SEGREGATION|SPINDLE),PREDEFINED,42,True
Q1,GO_BP,GOBP_CD4_POSITIVE_ALPHA_BETA_T_CELL_PROLIFERATION,Cd4 Positive Alpha Beta T Cell Proliferation,TERM_ID_REGEX:(?:CELL_CYCLE|MITOTIC|MEIOSIS|DNA_REPLICATION|CELL_PROLIFERATION|CYTOKINESIS|CHROMOSOME_SEGREGATION|SPINDLE),PREDEFINED,8,False
Q1,GO_BP,GOBP_CD8_POSITIVE_ALPHA_BETA_T_CELL_PROLIFERATION,Cd8 Positive Alpha Beta T Cell Proliferation,TERM_ID_REGEX:(?:CELL_CYCLE|MITOTIC|MEIOSIS|DNA_REPLICATION|CELL_PROLIFERATION|CYTOKINESIS|CHROMOSOME_SEGREGATION|SPINDLE),PREDEFINED,7,False
Q1,GO_BP,GOBP_CELL_CYCLE,Cell Cycle,TERM_ID_REGEX:(?:CELL_CYCLE|MITOTIC|MEIOSIS|DNA_REPLICATION|CELL_PROLIFERATION|CYTOKINESIS|CHROMOSOME_SEGREGATION|SPINDLE),PREDEFINED,1433,False
Q1,GO_BP,GOBP_CELL_CYCLE_CHECKPOINT_SIGNALING,Cell Cycle Checkpoint Signaling,TERM_ID_REGEX:(?:CELL_CYCLE|MITOTIC|MEIOSIS|DNA_REPLICATION|CELL_PROLIFERATION|CYTOKINESIS|CHROMOSOME_SEGREGATION|SPINDLE),PREDEFINED,188,True
Q1,GO_BP,GOBP_CELL_CYCLE_DNA_REPLICATION,Cell Cycle Dna Replication,TERM_ID_REGEX:(?:CELL_CYCLE|MITOTIC|MEIOSIS|DNA_REPLICATION|CELL_PROLIFERATION|CYTOKINESIS|CHROMOSOME_SEGREGATION|SPINDLE),PREDEFINED,41,True
Q1,GO_BP,GOBP_CELL_CYCLE_DNA_REPLICATION_INITIATION,Cell Cycle Dna Replication Initiation,TERM_ID_REGEX:(?:CELL_CYCLE|MITOTIC|MEIOSIS|DNA_REPLICATION|CELL_PROLIFERATION|CYTOKINESIS|CHROMOSOME_SEGREGATION|SPINDLE),PREDEFINED,6,False
Q1,GO_BP,GOBP_CELL_CYCLE_G1_S_PHASE_TRANSITION,Cell Cycle G1 S Phase Transition,TERM_ID_REGEX:(?:CELL_CYCLE|MITOTIC|MEIOSIS|DNA_REPLICATION|CELL_PROLIFERATION|CYTOKINESIS|CHROMOSOME_SEGREGATION|SPINDLE),PREDEFINED,230,True
Q1,GO_BP,GOBP_CELL_CYCLE_G2_M_PHASE_TRANSITION,Cell Cycle G2 M Phase Transition,TERM_ID_REGEX:(?:CELL_CYCLE|MITOTIC|MEIOSIS|DNA_REPLICATION|CELL_PROLIFERATION|CYTOKINESIS|CHROMOSOME_SEGREGATION|SPINDLE),PREDEFINED,147,True
Q1,GO_BP,GOBP_CELL_CYCLE_PHASE_TRANSITION,Cell Cycle Phase Transition,TERM_ID_REGEX:(?:CELL_CYCLE|MITOTIC|MEIOSIS|DNA_REPLICATION|CELL_PROLIFERATION|CYTOKINESIS|CHROMOSOME_SEGREGATION|SPINDLE),PREDEFINED,508,False
Q1,GO_BP,GOBP_CELL_CYCLE_PROCESS,Cell Cycle Process,TERM_ID_REGEX:(?:CELL_CYCLE|MITOTIC|MEIOSIS|DNA_REPLICATION|CELL_PROLIFERATION|CYTOKINESIS|CHROMOSOME_SEGREGATION|SPINDLE),PREDEFINED,1144,False
Q1,GO_BP,GOBP_CELL_PROLIFERATION_INVOLVED_IN_HEART_MORPHOGENESIS,Cell Proliferation Involved In Heart Morphogenesis,TERM_ID_REGEX:(?:CELL_CYCLE|MITOTIC|MEIOSIS|DNA_REPLICATION|CELL_PROLIFERATION|CYTOKINESIS|CHROMOSOME_SEGREGATION|SPINDLE),PREDEFINED,18,True
Q1,GO_BP,GOBP_CELL_PROLIFERATION_INVOLVED_IN_KIDNEY_DEVELOPMENT,Cell Proliferation Involved In Kidney Development,TERM_ID_REGEX:(?:CELL_CYCLE|MITOTIC|MEIOSIS|DNA_REPLICATION|CELL_PROLIFERATION|CYTOKINESIS|CHROMOSOME_SEGREGATION|SPINDLE),PREDEFINED,16,True
Q1,GO_BP,GOBP_CELL_PROLIFERATION_INVOLVED_IN_METANEPHROS_DEVELOPMENT,Cell Proliferation Involved In Metanephros Development,TERM_ID_REGEX:(?:CELL_CYCLE|MITOTIC|MEIOSIS|DNA_REPLICATION|CELL_PROLIFERATION|CYTOKINESIS|CHROMOSOME_SEGREGATION|SPINDLE),PREDEFINED,7,False
Q1,GO_BP,GOBP_CELL_PROLIFERATION_IN_BONE_MARROW,Cell Proliferation In Bone Marrow,TERM_ID_REGEX:(?:CELL_CYCLE|MITOTIC|MEIOSIS|DNA_REPLICATION|CELL_PROLIFERATION|CYTOKINESIS|CHROMOSOME_SEGREGATION|SPINDLE),PREDEFINED,7,False
Q1,GO_BP,GOBP_CELL_PROLIFERATION_IN_FOREBRAIN,Cell Proliferation In Forebrain,TERM_ID_REGEX:(?:CELL_CYCLE|MITOTIC|MEIOSIS|DNA_REPLICATION|CELL_PROLIFERATION|CYTOKINESIS|CHROMOSOME_SEGREGATION|SPINDLE),PREDEFINED,17,True
Q1,GO_BP,GOBP_CELL_PROLIFERATION_IN_HINDBRAIN,Cell Proliferation In Hindbrain,TERM_ID_REGEX:(?:CELL_CYCLE|MITOTIC|MEIOSIS|DNA_REPLICATION|CELL_PROLIFERATION|CYTOKINESIS|CHROMOSOME_SEGREGATION|SPINDLE),PREDEFINED,6,False
Q1,GO_BP,GOBP_CELL_PROLIFERATION_IN_MIDBRAIN,Cell Proliferation In Midbrain,TERM_ID_REGEX:(?:CELL_CYCLE|MITOTIC|MEIOSIS|DNA_REPLICATION|CELL_PROLIFERATION|CYTOKINESIS|CHROMOSOME_SEGREGATION|SPINDLE),PREDEFINED,5,False
Q1,GO_BP,GOBP_CHORIONIC_TROPHOBLAST_CELL_PROLIFERATION,Chorionic Trophoblast Cell Proliferation,TERM_ID_REGEX:(?:CELL_CYCLE|MITOTIC|MEIOSIS|DNA_REPLICATION|CELL_PROLIFERATION|CYTOKINESIS|CHROMOSOME_SEGREGATION|SPINDLE),PREDEFINED,2,False
Q1,GO_BP,GOBP_CHROMOSOME_MOVEMENT_TOWARDS_SPINDLE_POLE,Chromosome Movement Towards Spindle Pole,TERM_ID_REGEX:(?:CELL_CYCLE|MITOTIC|MEIOSIS|DNA_REPLICATION|CELL_PROLIFERATION|CYTOKINESIS|CHROMOSOME_SEGREGATION|SPINDLE),PREDEFINED,7,False
Q1,GO_BP,GOBP_CHROMOSOME_ORGANIZATION_INVOLVED_IN_MEIOTIC_CELL_CYCLE,Chromosome Organization Involved In Meiotic Cell Cycle,TERM_ID_REGEX:(?:CELL_CYCLE|MITOTIC|MEIOSIS|DNA_REPLICATION|CELL_PROLIFERATION|CYTOKINESIS|CHROMOSOME_SEGREGATION|SPINDLE),PREDEFINED,42,True
Q1,GO_BP,GOBP_CHROMOSOME_SEGREGATION,Chromosome Segregation,TERM_ID_REGEX:(?:CELL_CYCLE|MITOTIC|MEIOSIS|DNA_REPLICATION|CELL_PROLIFERATION|CYTOKINESIS|CHROMOSOME_SEGREGATION|SPINDLE),PREDEFINED,396,True
Q1,GO_BP,GOBP_COMMON_MYELOID_PROGENITOR_CELL_PROLIFERATION,Common Myeloid Progenitor Cell Proliferation,TERM_ID_REGEX:(?:CELL_CYCLE|MITOTIC|MEIOSIS|DNA_REPLICATION|CELL_PROLIFERATION|CYTOKINESIS|CHROMOSOME_SEGREGATION|SPINDLE),PREDEFINED,7,False
Q1,GO_BP,GOBP_CYTOKINESIS,Cytokinesis,TERM_ID_REGEX:(?:CELL_CYCLE|MITOTIC|MEIOSIS|DNA_REPLICATION|CELL_PROLIFERATION|CYTOKINESIS|CHROMOSOME_SEGREGATION|SPINDLE),PREDEFINED,157,True
Q1,GO_BP,GOBP_CYTOSKELETON_DEPENDENT_CYTOKINESIS,Cytoskeleton Dependent Cytokinesis,TERM_ID_REGEX:(?:CELL_CYCLE|MITOTIC|MEIOSIS|DNA_REPLICATION|CELL_PROLIFERATION|CYTOKINESIS|CHROMOSOME_SEGREGATION|SPINDLE),PREDEFINED,108,True
Q1,GO_BP,GOBP_DNA_REPLICATION,Dna Replication,TERM_ID_REGEX:(?:CELL_CYCLE|MITOTIC|MEIOSIS|DNA_REPLICATION|CELL_PROLIFERATION|CYTOKINESIS|CHROMOSOME_SEGREGATION|SPINDLE),PREDEFINED,299,True
Q1,GO_BP,GOBP_DNA_REPLICATION_CHECKPOINT_SIGNALING,Dna Replication Checkpoint Signaling,TERM_ID_REGEX:(?:CELL_CYCLE|MITOTIC|MEIOSIS|DNA_REPLICATION|CELL_PROLIFERATION|CYTOKINESIS|CHROMOSOME_SEGREGATION|SPINDLE),PREDEFINED,24,True
Q1,GO_BP,GOBP_DNA_REPLICATION_DEPENDENT_CHROMATIN_ASSEMBLY,Dna Replication Dependent Chromatin Assembly,TERM_ID_REGEX:(?:CELL_CYCLE|MITOTIC|MEIOSIS|DNA_REPLICATION|CELL_PROLIFERATION|CYTOKINESIS|CHROMOSOME_SEGREGATION|SPINDLE),PREDEFINED,6,False
Q1,GO_BP,GOBP_DNA_REPLICATION_INITIATION,Dna Replication Initiation,TERM_ID_REGEX:(?:CELL_CYCLE|MITOTIC|MEIOSIS|DNA_REPLICATION|CELL_PROLIFERATION|CYTOKINESIS|CHROMOSOME_SEGREGATION|SPINDLE),PREDEFINED,40,True
Q1,GO_BP,GOBP_DNA_REPLICATION_SYNTHESIS_OF_PRIMER,Dna Replication Synthesis Of Primer,TERM_ID_REGEX:(?:CELL_CYCLE|MITOTIC|MEIOSIS|DNA_REPLICATION|CELL_PROLIFERATION|CYTOKINESIS|CHROMOSOME_SEGREGATION|SPINDLE),PREDEFINED,6,False
Q1,GO_BP,GOBP_DNA_STRAND_ELONGATION_INVOLVED_IN_DNA_REPLICATION,Dna Strand Elongation Involved In Dna Replication,TERM_ID_REGEX:(?:CELL_CYCLE|MITOTIC|MEIOSIS|DNA_REPLICATION|CELL_PROLIFERATION|CYTOKINESIS|CHROMOSOME_SEGREGATION|SPINDLE),PREDEFINED,15,True
Q1,GO_BP,GOBP_DNA_SYNTHESIS_INVOLVED_IN_DNA_REPLICATION,Dna Synthesis Involved In Dna Replication,TERM_ID_REGEX:(?:CELL_CYCLE|MITOTIC|MEIOSIS|DNA_REPLICATION|CELL_PROLIFERATION|CYTOKINESIS|CHROMOSOME_SEGREGATION|SPINDLE),PREDEFINED,27,True
Q1,GO_BP,GOBP_DNA_TEMPLATED_DNA_REPLICATION,Dna Templated Dna Replication,TERM_ID_REGEX:(?:CELL_CYCLE|MITOTIC|MEIOSIS|DNA_REPLICATION|CELL_PROLIFERATION|CYTOKINESIS|CHROMOSOME_SEGREGATION|SPINDLE),PREDEFINED,165,True
Q1,GO_BP,GOBP_DNA_TEMPLATED_DNA_REPLICATION_MAINTENANCE_OF_FIDELITY,Dna Templated Dna Replication Maintenance Of Fidelity,TERM_ID_REGEX:(?:CELL_CYCLE|MITOTIC|MEIOSIS|DNA_REPLICATION|CELL_PROLIFERATION|CYTOKINESIS|CHROMOSOME_SEGREGATION|SPINDLE),PREDEFINED,64,True
Q1,GO_BP,GOBP_ENDOTHELIAL_CELL_PROLIFERATION,Endothelial Cell Proliferation,TERM_ID_REGEX:(?:CELL_CYCLE|MITOTIC|MEIOSIS|DNA_REPLICATION|CELL_PROLIFERATION|CYTOKINESIS|CHROMOSOME_SEGREGATION|SPINDLE),PREDEFINED,113,True
Q1,GO_BP,GOBP_EPITHELIAL_CELL_PROLIFERATION,Epithelial Cell Proliferation,TERM_ID_REGEX:(?:CELL_CYCLE|MITOTIC|MEIOSIS|DNA_REPLICATION|CELL_PROLIFERATION|CYTOKINESIS|CHROMOSOME_SEGREGATION|SPINDLE),PREDEFINED,304,True
Q1,GO_BP,GOBP_EPITHELIAL_CELL_PROLIFERATION_INVOLVED_IN_LUNG_MORPHOGENESIS,Epithelial Cell Proliferation Involved In Lung Morphogenesis,TERM_ID_REGEX:(?:CELL_CYCLE|MITOTIC|MEIOSIS|DNA_REPLICATION|CELL_PROLIFERATION|CYTOKINESIS|CHROMOSOME_SEGREGATION|SPINDLE),PREDEFINED,11,False
Q1,GO_BP,GOBP_EPITHELIAL_CELL_PROLIFERATION_INVOLVED_IN_MAMMARY_GLAND_DUCT_ELONGATION,Epithelial Cell Proliferation Involved In Mammary Gland Duct Elongation,TERM_ID_REGEX:(?:CELL_CYCLE|MITOTIC|MEIOSIS|DNA_REPLICATION|CELL_PROLIFERATION|CYTOKINESIS|CHROMOSOME_SEGREGATION|SPINDLE),PREDEFINED,5,False
Q1,GO_BP,GOBP_EPITHELIAL_CELL_PROLIFERATION_INVOLVED_IN_PROSTATE_GLAND_DEVELOPMENT,Epithelial Cell Proliferation Involved In Prostate Gland Development,TERM_ID_REGEX:(?:CELL_CYCLE|MITOTIC|MEIOSIS|DNA_REPLICATION|CELL_PROLIFERATION|CYTOKINESIS|CHROMOSOME_SEGREGATION|SPINDLE),PREDEFINED,9,False
Q1,GO_BP,GOBP_EPITHELIAL_CELL_PROLIFERATION_INVOLVED_IN_SALIVARY_GLAND_MORPHOGENESIS,Epithelial Cell Proliferation Involved In Salivary Gland Morphogenesis,TERM_ID_REGEX:(?:CELL_CYCLE|MITOTIC|MEIOSIS|DNA_REPLICATION|CELL_PROLIFERATION|CYTOKINESIS|CHROMOSOME_SEGREGATION|SPINDLE),PREDEFINED,2,False
Q1,GO_BP,GOBP_ESTABLISHMENT_OF_MEIOTIC_SPINDLE_LOCALIZATION,Establishment Of Meiotic Spindle Localization,TERM_ID_REGEX:(?:CELL_CYCLE|MITOTIC|MEIOSIS|DNA_REPLICATION|CELL_PROLIFERATION|CYTOKINESIS|CHROMOSOME_SEGREGATION|SPINDLE),PREDEFINED,7,False
Q1,GO_BP,GOBP_ESTABLISHMENT_OF_MITOTIC_SISTER_CHROMATID_COHESION,Establishment Of Mitotic Sister Chromatid Cohesion,TERM_ID_REGEX:(?:CELL_CYCLE|MITOTIC|MEIOSIS|DNA_REPLICATION|CELL_PROLIFERATION|CYTOKINESIS|CHROMOSOME_SEGREGATION|SPINDLE),PREDEFINED,7,False
Q1,GO_BP,GOBP_ESTABLISHMENT_OF_MITOTIC_SPINDLE_LOCALIZATION,Establishment Of Mitotic Spindle Localization,TERM_ID_REGEX:(?:CELL_CYCLE|MITOTIC|MEIOSIS|DNA_REPLICATION|CELL_PROLIFERATION|CYTOKINESIS|CHROMOSOME_SEGREGATION|SPINDLE),PREDEFINED,37,True
Q1,GO_BP,GOBP_ESTABLISHMENT_OF_SPINDLE_ORIENTATION,Establishment Of Spindle Orientation,TERM_ID_REGEX:(?:CELL_CYCLE|MITOTIC|MEIOSIS|DNA_REPLICATION|CELL_PROLIFERATION|CYTOKINESIS|CHROMOSOME_SEGREGATION|SPINDLE),PREDEFINED,39,True
Q1,GO_BP,GOBP_FAT_CELL_PROLIFERATION,Fat Cell Proliferation,TERM_ID_REGEX:(?:CELL_CYCLE|MITOTIC|MEIOSIS|DNA_REPLICATION|CELL_PROLIFERATION|CYTOKINESIS|CHROMOSOME_SEGREGATION|SPINDLE),PREDEFINED,15,True
Q1,GO_BP,GOBP_FEMALE_MEIOSIS_CHROMOSOME_SEGREGATION,Female Meiosis Chromosome Segregation,TERM_ID_REGEX:(?:CELL_CYCLE|MITOTIC|MEIOSIS|DNA_REPLICATION|CELL_PROLIFERATION|CYTOKINESIS|CHROMOSOME_SEGREGATION|SPINDLE),PREDEFINED,5,False
Q1,GO_BP,GOBP_FEMALE_MEIOSIS_I,Female Meiosis I,TERM_ID_REGEX:(?:CELL_CYCLE|MITOTIC|MEIOSIS|DNA_REPLICATION|CELL_PROLIFERATION|CYTOKINESIS|CHROMOSOME_SEGREGATION|SPINDLE),PREDEFINED,11,False
Q1,GO_BP,GOBP_G2_MI_TRANSITION_OF_MEIOTIC_CELL_CYCLE,G2 Mi Transition Of Meiotic Cell Cycle,TERM_ID_REGEX:(?:CELL_CYCLE|MITOTIC|MEIOSIS|DNA_REPLICATION|CELL_PROLIFERATION|CYTOKINESIS|CHROMOSOME_SEGREGATION|SPINDLE),PREDEFINED,8,False
Q1,GO_BP,GOBP_GERM_CELL_PROLIFERATION,Germ Cell Proliferation,TERM_ID_REGEX:(?:CELL_CYCLE|MITOTIC|MEIOSIS|DNA_REPLICATION|CELL_PROLIFERATION|CYTOKINESIS|CHROMOSOME_SEGREGATION|SPINDLE),PREDEFINED,6,False
Q1,GO_BP,GOBP_GLIAL_CELL_PROLIFERATION,Glial Cell Proliferation,TERM_ID_REGEX:(?:CELL_CYCLE|MITOTIC|MEIOSIS|DNA_REPLICATION|CELL_PROLIFERATION|CYTOKINESIS|CHROMOSOME_SEGREGATION|SPINDLE),PREDEFINED,40,True
Q1,GO_BP,GOBP_GLOMERULAR_MESANGIAL_CELL_PROLIFERATION,Glomerular Mesangial Cell Proliferation,TERM_ID_REGEX:(?:CELL_CYCLE|MITOTIC|MEIOSIS|DNA_REPLICATION|CELL_PROLIFERATION|CYTOKINESIS|CHROMOSOME_SEGREGATION|SPINDLE),PREDEFINED,9,False
Q1,GO_BP,GOBP_HEMATOPOIETIC_STEM_CELL_PROLIFERATION,Hematopoietic Stem Cell Proliferation,TERM_ID_REGEX:(?:CELL_CYCLE|MITOTIC|MEIOSIS|DNA_REPLICATION|CELL_PROLIFERATION|CYTOKINESIS|CHROMOSOME_SEGREGATION|SPINDLE),PREDEFINED,23,True
Q1,GO_BP,GOBP_HOMOLOGOUS_CHROMOSOME_PAIRING_AT_MEIOSIS,Homologous Chromosome Pairing At Meiosis,TERM_ID_REGEX:(?:CELL_CYCLE|MITOTIC|MEIOSIS|DNA_REPLICATION|CELL_PROLIFERATION|CYTOKINESIS|CHROMOSOME_SEGREGATION|SPINDLE),PREDEFINED,32,True
Q1,GO_BP,GOBP_HOMOLOGOUS_CHROMOSOME_SEGREGATION,Homologous Chromosome Segregation,TERM_ID_REGEX:(?:CELL_CYCLE|MITOTIC|MEIOSIS|DNA_REPLICATION|CELL_PROLIFERATION|CYTOKINESIS|CHROMOSOME_SEGREGATION|SPINDLE),PREDEFINED,44,True
Q1,GO_BP,GOBP_IMMATURE_T_CELL_PROLIFERATION,Immature T Cell Proliferation,TERM_ID_REGEX:(?:CELL_CYCLE|MITOTIC|MEIOSIS|DNA_REPLICATION|CELL_PROLIFERATION|CYTOKINESIS|CHROMOSOME_SEGREGATION|SPINDLE),PREDEFINED,9,False
Q1,GO_BP,GOBP_IMMATURE_T_CELL_PROLIFERATION_IN_THYMUS,Immature T Cell Proliferation In Thymus,TERM_ID_REGEX:(?:CELL_CYCLE|MITOTIC|MEIOSIS|DNA_REPLICATION|CELL_PROLIFERATION|CYTOKINESIS|CHROMOSOME_SEGREGATION|SPINDLE),PREDEFINED,7,False
Q1,GO_BP,GOBP_INNER_CELL_MASS_CELL_PROLIFERATION,Inner Cell Mass Cell Proliferation,TERM_ID_REGEX:(?:CELL_CYCLE|MITOTIC|MEIOSIS|DNA_REPLICATION|CELL_PROLIFERATION|CYTOKINESIS|CHROMOSOME_SEGREGATION|SPINDLE),PREDEFINED,15,True
Q1,GO_BP,GOBP_MALE_MEIOSIS_I,Male Meiosis I,TERM_ID_REGEX:(?:CELL_CYCLE|MITOTIC|MEIOSIS|DNA_REPLICATION|CELL_PROLIFERATION|CYTOKINESIS|CHROMOSOME_SEGREGATION|SPINDLE),PREDEFINED,20,True
Q1,GO_BP,GOBP_MAMMARY_GLAND_EPITHELIAL_CELL_PROLIFERATION,Mammary Gland Epithelial Cell Proliferation,TERM_ID_REGEX:(?:CELL_CYCLE|MITOTIC|MEIOSIS|DNA_REPLICATION|CELL_PROLIFERATION|CYTOKINESIS|CHROMOSOME_SEGREGATION|SPINDLE),PREDEFINED,24,True
Q1,GO_BP,GOBP_MEIOSIS_I_CELL_CYCLE_PROCESS,Meiosis I Cell Cycle Process,TERM_ID_REGEX:(?:CELL_CYCLE|MITOTIC|MEIOSIS|DNA_REPLICATION|CELL_PROLIFERATION|CYTOKINESIS|CHROMOSOME_SEGREGATION|SPINDLE),PREDEFINED,102,True
Q1,GO_BP,GOBP_MEIOTIC_CELL_CYCLE,Meiotic Cell Cycle,TERM_ID_REGEX:(?:CELL_CYCLE|MITOTIC|MEIOSIS|DNA_REPLICATION|CELL_PROLIFERATION|CYTOKINESIS|CHROMOSOME_SEGREGATION|SPINDLE),PREDEFINED,233,True
Q1,GO_BP,GOBP_MEIOTIC_CELL_CYCLE_CHECKPOINT_SIGNALING,Meiotic Cell Cycle Checkpoint Signaling,TERM_ID_REGEX:(?:CELL_CYCLE|MITOTIC|MEIOSIS|DNA_REPLICATION|CELL_PROLIFERATION|CYTOKINESIS|CHROMOSOME_SEGREGATION|SPINDLE),PREDEFINED,8,False
Q1,GO_BP,GOBP_MEIOTIC_CELL_CYCLE_PHASE_TRANSITION,Meiotic Cell Cycle Phase Transition,TERM_ID_REGEX:(?:CELL_CYCLE|MITOTIC|MEIOSIS|DNA_REPLICATION|CELL_PROLIFERATION|CYTOKINESIS|CHROMOSOME_SEGREGATION|SPINDLE),PREDEFINED,14,False
Q1,GO_BP,GOBP_MEIOTIC_CELL_CYCLE_PROCESS,Meiotic Cell Cycle Process,TERM_ID_REGEX:(?:CELL_CYCLE|MITOTIC|MEIOSIS|DNA_REPLICATION|CELL_PROLIFERATION|CYTOKINESIS|CHROMOSOME_SEGREGATION|SPINDLE),PREDEFINED,168,True
Q1,GO_BP,GOBP_MEIOTIC_CELL_CYCLE_PROCESS_INVOLVED_IN_OOCYTE_MATURATION,Meiotic Cell Cycle Process Involved In Oocyte Maturation,TERM_ID_REGEX:(?:CELL_CYCLE|MITOTIC|MEIOSIS|DNA_REPLICATION|CELL_PROLIFERATION|CYTOKINESIS|CHROMOSOME_SEGREGATION|SPINDLE),PREDEFINED,6,False
Q1,GO_BP,GOBP_MEIOTIC_CHROMOSOME_SEGREGATION,Meiotic Chromosome Segregation,TERM_ID_REGEX:(?:CELL_CYCLE|MITOTIC|MEIOSIS|DNA_REPLICATION|CELL_PROLIFERATION|CYTOKINESIS|CHROMOSOME_SEGREGATION|SPINDLE),PREDEFINED,70,True
Q1,GO_BP,GOBP_MEIOTIC_CYTOKINESIS,Meiotic Cytokinesis,TERM_ID_REGEX:(?:CELL_CYCLE|MITOTIC|MEIOSIS|DNA_REPLICATION|CELL_PROLIFERATION|CYTOKINESIS|CHROMOSOME_SEGREGATION|SPINDLE),PREDEFINED,8,False
Q1,GO_BP,GOBP_MEIOTIC_SPINDLE_ASSEMBLY,Meiotic Spindle Assembly,TERM_ID_REGEX:(?:CELL_CYCLE|MITOTIC|MEIOSIS|DNA_REPLICATION|CELL_PROLIFERATION|CYTOKINESIS|CHROMOSOME_SEGREGATION|SPINDLE),PREDEFINED,15,True
Q1,GO_BP,GOBP_MEIOTIC_SPINDLE_ORGANIZATION,Meiotic Spindle Organization,TERM_ID_REGEX:(?:CELL_CYCLE|MITOTIC|MEIOSIS|DNA_REPLICATION|CELL_PROLIFERATION|CYTOKINESIS|CHROMOSOME_SEGREGATION|SPINDLE),PREDEFINED,22,True
Q1,GO_BP,GOBP_MESENCHYMAL_CELL_PROLIFERATION,Mesenchymal Cell Proliferation,TERM_ID_REGEX:(?:CELL_CYCLE|MITOTIC|MEIOSIS|DNA_REPLICATION|CELL_PROLIFERATION|CYTOKINESIS|CHROMOSOME_SEGREGATION|SPINDLE),PREDEFINED,40,True
Q1,GO_BP,GOBP_MESENCHYMAL_CELL_PROLIFERATION_INVOLVED_IN_LUNG_DEVELOPMENT,Mesenchymal Cell Proliferation Involved In Lung Development,TERM_ID_REGEX:(?:CELL_CYCLE|MITOTIC|MEIOSIS|DNA_REPLICATION|CELL_PROLIFERATION|CYTOKINESIS|CHROMOSOME_SEGREGATION|SPINDLE),PREDEFINED,4,False
Q1,GO_BP,GOBP_MESENCHYMAL_STEM_CELL_PROLIFERATION,Mesenchymal Stem Cell Proliferation,TERM_ID_REGEX:(?:CELL_CYCLE|MITOTIC|MEIOSIS|DNA_REPLICATION|CELL_PROLIFERATION|CYTOKINESIS|CHROMOSOME_SEGREGATION|SPINDLE),PREDEFINED,8,False
Q1,GO_BP,GOBP_METAPHASE_ANAPHASE_TRANSITION_OF_MEIOTIC_CELL_CYCLE,Metaphase Anaphase Transition Of Meiotic Cell Cycle,TERM_ID_REGEX:(?:CELL_CYCLE|MITOTIC|MEIOSIS|DNA_REPLICATION|CELL_PROLIFERATION|CYTOKINESIS|CHROMOSOME_SEGREGATION|SPINDLE),PREDEFINED,6,False
Q1,GO_BP,GOBP_MICROGLIAL_CELL_PROLIFERATION,Microglial Cell Proliferation,TERM_ID_REGEX:(?:CELL_CYCLE|MITOTIC|MEIOSIS|DNA_REPLICATION|CELL_PROLIFERATION|CYTOKINESIS|CHROMOSOME_SEGREGATION|SPINDLE),PREDEFINED,6,False
Q1,GO_BP,GOBP_MITOCHONDRIAL_DNA_REPLICATION,Mitochondrial Dna Replication,TERM_ID_REGEX:(?:CELL_CYCLE|MITOTIC|MEIOSIS|DNA_REPLICATION|CELL_PROLIFERATION|CYTOKINESIS|CHROMOSOME_SEGREGATION|SPINDLE),PREDEFINED,15,True
Q1,GO_BP,GOBP_MITOTIC_CELL_CYCLE,Mitotic Cell Cycle,TERM_ID_REGEX:(?:CELL_CYCLE|MITOTIC|MEIOSIS|DNA_REPLICATION|CELL_PROLIFERATION|CYTOKINESIS|CHROMOSOME_SEGREGATION|SPINDLE),PREDEFINED,826,False
Q1,GO_BP,GOBP_MITOTIC_CELL_CYCLE_CHECKPOINT_SIGNALING,Mitotic Cell Cycle Checkpoint Signaling,TERM_ID_REGEX:(?:CELL_CYCLE|MITOTIC|MEIOSIS|DNA_REPLICATION|CELL_PROLIFERATION|CYTOKINESIS|CHROMOSOME_SEGREGATION|SPINDLE),PREDEFINED,139,True
Q1,GO_BP,GOBP_MITOTIC_CELL_CYCLE_PHASE_TRANSITION,Mitotic Cell Cycle Phase Transition,TERM_ID_REGEX:(?:CELL_CYCLE|MITOTIC|MEIOSIS|DNA_REPLICATION|CELL_PROLIFERATION|CYTOKINESIS|CHROMOSOME_SEGREGATION|SPINDLE),PREDEFINED,413,True
Q1,GO_BP,GOBP_MITOTIC_CELL_CYCLE_PROCESS,Mitotic Cell Cycle Process,TERM_ID_REGEX:(?:CELL_CYCLE|MITOTIC|MEIOSIS|DNA_REPLICATION|CELL_PROLIFERATION|CYTOKINESIS|CHROMOSOME_SEGREGATION|SPINDLE),PREDEFINED,705,False
Q1,GO_BP,GOBP_MITOTIC_CHROMOSOME_CONDENSATION,Mitotic Chromosome Condensation,TERM_ID_REGEX:(?:CELL_CYCLE|MITOTIC|MEIOSIS|DNA_REPLICATION|CELL_PROLIFERATION|CYTOKINESIS|CHROMOSOME_SEGREGATION|SPINDLE),PREDEFINED,18,True
Q1,GO_BP,GOBP_MITOTIC_CYTOKINESIS,Mitotic Cytokinesis,TERM_ID_REGEX:(?:CELL_CYCLE|MITOTIC|MEIOSIS|DNA_REPLICATION|CELL_PROLIFERATION|CYTOKINESIS|CHROMOSOME_SEGREGATION|SPINDLE),PREDEFINED,94,True
Q1,GO_BP,GOBP_MITOTIC_CYTOKINETIC_PROCESS,Mitotic Cytokinetic Process,TERM_ID_REGEX:(?:CELL_CYCLE|MITOTIC|MEIOSIS|DNA_REPLICATION|CELL_PROLIFERATION|CYTOKINESIS|CHROMOSOME_SEGREGATION|SPINDLE),PREDEFINED,36,True
Q1,GO_BP,GOBP_MITOTIC_DNA_INTEGRITY_CHECKPOINT_SIGNALING,Mitotic Dna Integrity Checkpoint Signaling,TERM_ID_REGEX:(?:CELL_CYCLE|MITOTIC|MEIOSIS|DNA_REPLICATION|CELL_PROLIFERATION|CYTOKINESIS|CHROMOSOME_SEGREGATION|SPINDLE),PREDEFINED,76,True
Q1,GO_BP,GOBP_MITOTIC_DNA_REPLICATION,Mitotic Dna Replication,TERM_ID_REGEX:(?:CELL_CYCLE|MITOTIC|MEIOSIS|DNA_REPLICATION|CELL_PROLIFERATION|CYTOKINESIS|CHROMOSOME_SEGREGATION|SPINDLE),PREDEFINED,16,True
Q1,GO_BP,GOBP_MITOTIC_DNA_REPLICATION_CHECKPOINT_SIGNALING,Mitotic Dna Replication Checkpoint Signaling,TERM_ID_REGEX:(?:CELL_CYCLE|MITOTIC|MEIOSIS|DNA_REPLICATION|CELL_PROLIFERATION|CYTOKINESIS|CHROMOSOME_SEGREGATION|SPINDLE),PREDEFINED,12,False
Q1,GO_BP,GOBP_MITOTIC_G1_S_TRANSITION_CHECKPOINT_SIGNALING,Mitotic G1 S Transition Checkpoint Signaling,TERM_ID_REGEX:(?:CELL_CYCLE|MITOTIC|MEIOSIS|DNA_REPLICATION|CELL_PROLIFERATION|CYTOKINESIS|CHROMOSOME_SEGREGATION|SPINDLE),PREDEFINED,16,True
Q1,GO_BP,GOBP_MITOTIC_G2_DNA_DAMAGE_CHECKPOINT_SIGNALING,Mitotic G2 Dna Damage Checkpoint Signaling,TERM_ID_REGEX:(?:CELL_CYCLE|MITOTIC|MEIOSIS|DNA_REPLICATION|CELL_PROLIFERATION|CYTOKINESIS|CHROMOSOME_SEGREGATION|SPINDLE),PREDEFINED,36,True
Q1,GO_BP,GOBP_MITOTIC_G2_M_TRANSITION_CHECKPOINT,Mitotic G2 M Transition Checkpoint,TERM_ID_REGEX:(?:CELL_CYCLE|MITOTIC|MEIOSIS|DNA_REPLICATION|CELL_PROLIFERATION|CYTOKINESIS|CHROMOSOME_SEGREGATION|SPINDLE),PREDEFINED,54,True
Q1,GO_BP,GOBP_MITOTIC_INTRA_S_DNA_DAMAGE_CHECKPOINT_SIGNALING,Mitotic Intra S Dna Damage Checkpoint Signaling,TERM_ID_REGEX:(?:CELL_CYCLE|MITOTIC|MEIOSIS|DNA_REPLICATION|CELL_PROLIFERATION|CYTOKINESIS|CHROMOSOME_SEGREGATION|SPINDLE),PREDEFINED,19,True
Q1,GO_BP,GOBP_MITOTIC_METAPHASE_CHROMOSOME_ALIGNMENT,Mitotic Metaphase Chromosome Alignment,TERM_ID_REGEX:(?:CELL_CYCLE|MITOTIC|MEIOSIS|DNA_REPLICATION|CELL_PROLIFERATION|CYTOKINESIS|CHROMOSOME_SEGREGATION|SPINDLE),PREDEFINED,64,True
Q1,GO_BP,GOBP_MITOTIC_NUCLEAR_DIVISION,Mitotic Nuclear Division,TERM_ID_REGEX:(?:CELL_CYCLE|MITOTIC|MEIOSIS|DNA_REPLICATION|CELL_PROLIFERATION|CYTOKINESIS|CHROMOSOME_SEGREGATION|SPINDLE),PREDEFINED,265,True
Q1,GO_BP,GOBP_MITOTIC_NUCLEAR_MEMBRANE_DISASSEMBLY,Mitotic Nuclear Membrane Disassembly,TERM_ID_REGEX:(?:CELL_CYCLE|MITOTIC|MEIOSIS|DNA_REPLICATION|CELL_PROLIFERATION|CYTOKINESIS|CHROMOSOME_SEGREGATION|SPINDLE),PREDEFINED,8,False
Q1,GO_BP,GOBP_MITOTIC_NUCLEAR_MEMBRANE_ORGANIZATION,Mitotic Nuclear Membrane Organization,TERM_ID_REGEX:(?:CELL_CYCLE|MITOTIC|MEIOSIS|DNA_REPLICATION|CELL_PROLIFERATION|CYTOKINESIS|CHROMOSOME_SEGREGATION|SPINDLE),PREDEFINED,10,False
Q1,GO_BP,GOBP_MITOTIC_RECOMBINATION,Mitotic Recombination,TERM_ID_REGEX:(?:CELL_CYCLE|MITOTIC|MEIOSIS|DNA_REPLICATION|CELL_PROLIFERATION|CYTOKINESIS|CHROMOSOME_SEGREGATION|SPINDLE),PREDEFINED,25,True
Q1,GO_BP,GOBP_MITOTIC_SISTER_CHROMATID_COHESION,Mitotic Sister Chromatid Cohesion,TERM_ID_REGEX:(?:CELL_CYCLE|MITOTIC|MEIOSIS|DNA_REPLICATION|CELL_PROLIFERATION|CYTOKINESIS|CHROMOSOME_SEGREGATION|SPINDLE),PREDEFINED,32,True
Q1,GO_BP,GOBP_MITOTIC_SISTER_CHROMATID_COHESION_CENTROMERIC,Mitotic Sister Chromatid Cohesion Centromeric,TERM_ID_REGEX:(?:CELL_CYCLE|MITOTIC|MEIOSIS|DNA_REPLICATION|CELL_PROLIFERATION|CYTOKINESIS|CHROMOSOME_SEGREGATION|SPINDLE),PREDEFINED,7,False
Q1,GO_BP,GOBP_MITOTIC_SISTER_CHROMATID_SEGREGATION,Mitotic Sister Chromatid Segregation,TERM_ID_REGEX:(?:CELL_CYCLE|MITOTIC|MEIOSIS|DNA_REPLICATION|CELL_PROLIFERATION|CYTOKINESIS|CHROMOSOME_SEGREGATION|SPINDLE),PREDEFINED,194,True
Q1,GO_BP,GOBP_MITOTIC_SISTER_CHROMATID_SEPARATION,Mitotic Sister Chromatid Separation,TERM_ID_REGEX:(?:CELL_CYCLE|MITOTIC|MEIOSIS|DNA_REPLICATION|CELL_PROLIFERATION|CYTOKINESIS|CHROMOSOME_SEGREGATION|SPINDLE),PREDEFINED,68,True
Q1,GO_BP,GOBP_MITOTIC_SPINDLE_ASSEMBLY,Mitotic Spindle Assembly,TERM_ID_REGEX:(?:CELL_CYCLE|MITOTIC|MEIOSIS|DNA_REPLICATION|CELL_PROLIFERATION|CYTOKINESIS|CHROMOSOME_SEGREGATION|SPINDLE),PREDEFINED,73,True
Q1,GO_BP,GOBP_MITOTIC_SPINDLE_ELONGATION,Mitotic Spindle Elongation,TERM_ID_REGEX:(?:CELL_CYCLE|MITOTIC|MEIOSIS|DNA_REPLICATION|CELL_PROLIFERATION|CYTOKINESIS|CHROMOSOME_SEGREGATION|SPINDLE),PREDEFINED,10,False
Q1,GO_BP,GOBP_MITOTIC_SPINDLE_ORGANIZATION,Mitotic Spindle Organization,TERM_ID_REGEX:(?:CELL_CYCLE|MITOTIC|MEIOSIS|DNA_REPLICATION|CELL_PROLIFERATION|CYTOKINESIS|CHROMOSOME_SEGREGATION|SPINDLE),PREDEFINED,132,True
Q1,GO_BP,GOBP_MUSCLE_CELL_PROLIFERATION,Muscle Cell Proliferation,TERM_ID_REGEX:(?:CELL_CYCLE|MITOTIC|MEIOSIS|DNA_REPLICATION|CELL_PROLIFERATION|CYTOKINESIS|CHROMOSOME_SEGREGATION|SPINDLE),PREDEFINED,157,True
Q1,GO_BP,GOBP_NATURAL_KILLER_CELL_PROLIFERATION,Natural Killer Cell Proliferation,TERM_ID_REGEX:(?:CELL_CYCLE|MITOTIC|MEIOSIS|DNA_REPLICATION|CELL_PROLIFERATION|CYTOKINESIS|CHROMOSOME_SEGREGATION|SPINDLE),PREDEFINED,9,False
Q1,GO_BP,GOBP_NEGATIVE_REGULATION_OF_ACTIVATED_T_CELL_PROLIFERATION,Negative Regulation Of Activated T Cell Proliferation,TERM_ID_REGEX:(?:CELL_CYCLE|MITOTIC|MEIOSIS|DNA_REPLICATION|CELL_PROLIFERATION|CYTOKINESIS|CHROMOSOME_SEGREGATION|SPINDLE),PREDEFINED,11,False
Q1,GO_BP,GOBP_NEGATIVE_REGULATION_OF_ALPHA_BETA_T_CELL_PROLIFERATION,Negative Regulation Of Alpha Beta T Cell Proliferation,TERM_ID_REGEX:(?:CELL_CYCLE|MITOTIC|MEIOSIS|DNA_REPLICATION|CELL_PROLIFERATION|CYTOKINESIS|CHROMOSOME_SEGREGATION|SPINDLE),PREDEFINED,10,False
Q1,GO_BP,GOBP_NEGATIVE_REGULATION_OF_BLOOD_VESSEL_ENDOTHELIAL_CELL_PROLIFERATION_INVOLVED_IN_SPROUTING_ANGIOGENESIS,Negative Regulation Of Blood Vessel Endothelial Cell Proliferation Involved In Sprouting Angiogenesis,TERM_ID_REGEX:(?:CELL_CYCLE|MITOTIC|MEIOSIS|DNA_REPLICATION|CELL_PROLIFERATION|CYTOKINESIS|CHROMOSOME_SEGREGATION|SPINDLE),PREDEFINED,5,False
Q1,GO_BP,GOBP_NEGATIVE_REGULATION_OF_B_CELL_PROLIFERATION,Negative Regulation Of B Cell Proliferation,TERM_ID_REGEX:(?:CELL_CYCLE|MITOTIC|MEIOSIS|DNA_REPLICATION|CELL_PROLIFERATION|CYTOKINESIS|CHROMOSOME_SEGREGATION|SPINDLE),PREDEFINED,9,False
Q1,GO_BP,GOBP_NEGATIVE_REGULATION_OF_CARDIAC_MUSCLE_CELL_PROLIFERATION,Negative Regulation Of Cardiac Muscle Cell Proliferation,TERM_ID_REGEX:(?:CELL_CYCLE|MITOTIC|MEIOSIS|DNA_REPLICATION|CELL_PROLIFERATION|CYTOKINESIS|CHROMOSOME_SEGREGATION|SPINDLE),PREDEFINED,7,False
Q1,GO_BP,GOBP_NEGATIVE_REGULATION_OF_CD4_POSITIVE_ALPHA_BETA_T_CELL_PROLIFERATION,Negative Regulation Of Cd4 Positive Alpha Beta T Cell Proliferation,TERM_ID_REGEX:(?:CELL_CYCLE|MITOTIC|MEIOSIS|DNA_REPLICATION|CELL_PROLIFERATION|CYTOKINESIS|CHROMOSOME_SEGREGATION|SPINDLE),PREDEFINED,5,False
Q1,GO_BP,GOBP_NEGATIVE_REGULATION_OF_CELL_CYCLE,Negative Regulation Of Cell Cycle,TERM_ID_REGEX:(?:CELL_CYCLE|MITOTIC|MEIOSIS|DNA_REPLICATION|CELL_PROLIFERATION|CYTOKINESIS|CHROMOSOME_SEGREGATION|SPINDLE),PREDEFINED,345,True
Q1,GO_BP,GOBP_NEGATIVE_REGULATION_OF_CELL_CYCLE_CHECKPOINT,Negative Regulation Of Cell Cycle Checkpoint,TERM_ID_REGEX:(?:CELL_CYCLE|MITOTIC|MEIOSIS|DNA_REPLICATION|CELL_PROLIFERATION|CYTOKINESIS|CHROMOSOME_SEGREGATION|SPINDLE),PREDEFINED,6,False
Q1,GO_BP,GOBP_NEGATIVE_REGULATION_OF_CELL_CYCLE_G1_S_PHASE_TRANSITION,Negative Regulation Of Cell Cycle G1 S Phase Transition,TERM_ID_REGEX:(?:CELL_CYCLE|MITOTIC|MEIOSIS|DNA_REPLICATION|CELL_PROLIFERATION|CYTOKINESIS|CHROMOSOME_SEGREGATION|SPINDLE),PREDEFINED,57,True
Q1,GO_BP,GOBP_NEGATIVE_REGULATION_OF_CELL_CYCLE_G2_M_PHASE_TRANSITION,Negative Regulation Of Cell Cycle G2 M Phase Transition,TERM_ID_REGEX:(?:CELL_CYCLE|MITOTIC|MEIOSIS|DNA_REPLICATION|CELL_PROLIFERATION|CYTOKINESIS|CHROMOSOME_SEGREGATION|SPINDLE),PREDEFINED,70,True
Q1,GO_BP,GOBP_NEGATIVE_REGULATION_OF_CELL_CYCLE_PROCESS,Negative Regulation Of Cell Cycle Process,TERM_ID_REGEX:(?:CELL_CYCLE|MITOTIC|MEIOSIS|DNA_REPLICATION|CELL_PROLIFERATION|CYTOKINESIS|CHROMOSOME_SEGREGATION|SPINDLE),PREDEFINED,282,True
Q1,GO_BP,GOBP_NEGATIVE_REGULATION_OF_CELL_PROLIFERATION_INVOLVED_IN_KIDNEY_DEVELOPMENT,Negative Regulation Of Cell Proliferation Involved In Kidney Development,TERM_ID_REGEX:(?:CELL_CYCLE|MITOTIC|MEIOSIS|DNA_REPLICATION|CELL_PROLIFERATION|CYTOKINESIS|CHROMOSOME_SEGREGATION|SPINDLE),PREDEFINED,2,False
Q1,GO_BP,GOBP_NEGATIVE_REGULATION_OF_CYTOKINESIS,Negative Regulation Of Cytokinesis,TERM_ID_REGEX:(?:CELL_CYCLE|MITOTIC|MEIOSIS|DNA_REPLICATION|CELL_PROLIFERATION|CYTOKINESIS|CHROMOSOME_SEGREGATION|SPINDLE),PREDEFINED,5,False
Q1,GO_BP,GOBP_NEGATIVE_REGULATION_OF_DNA_REPLICATION,Negative Regulation Of Dna Replication,TERM_ID_REGEX:(?:CELL_CYCLE|MITOTIC|MEIOSIS|DNA_REPLICATION|CELL_PROLIFERATION|CYTOKINESIS|CHROMOSOME_SEGREGATION|SPINDLE),PREDEFINED,24,True
Q1,GO_BP,GOBP_NEGATIVE_REGULATION_OF_DNA_TEMPLATED_DNA_REPLICATION,Negative Regulation Of Dna Templated Dna Replication,TERM_ID_REGEX:(?:CELL_CYCLE|MITOTIC|MEIOSIS|DNA_REPLICATION|CELL_PROLIFERATION|CYTOKINESIS|CHROMOSOME_SEGREGATION|SPINDLE),PREDEFINED,14,False
Q1,GO_BP,GOBP_NEGATIVE_REGULATION_OF_ENDOTHELIAL_CELL_PROLIFERATION,Negative Regulation Of Endothelial Cell Proliferation,TERM_ID_REGEX:(?:CELL_CYCLE|MITOTIC|MEIOSIS|DNA_REPLICATION|CELL_PROLIFERATION|CYTOKINESIS|CHROMOSOME_SEGREGATION|SPINDLE),PREDEFINED,30,True
Q1,GO_BP,GOBP_NEGATIVE_REGULATION_OF_EPITHELIAL_CELL_PROLIFERATION,Negative Regulation Of Epithelial Cell Proliferation,TERM_ID_REGEX:(?:CELL_CYCLE|MITOTIC|MEIOSIS|DNA_REPLICATION|CELL_PROLIFERATION|CYTOKINESIS|CHROMOSOME_SEGREGATION|SPINDLE),PREDEFINED,94,True
Q1,GO_BP,GOBP_NEGATIVE_REGULATION_OF_EPITHELIAL_CELL_PROLIFERATION_INVOLVED_IN_PROSTATE_GLAND_DEVELOPMENT,Negative Regulation Of Epithelial Cell Proliferation Involved In Prostate Gland Development,TERM_ID_REGEX:(?:CELL_CYCLE|MITOTIC|MEIOSIS|DNA_REPLICATION|CELL_PROLIFERATION|CYTOKINESIS|CHROMOSOME_SEGREGATION|SPINDLE),PREDEFINED,5,False
Q1,GO_BP,GOBP_NEGATIVE_REGULATION_OF_FAT_CELL_PROLIFERATION,Negative Regulation Of Fat Cell Proliferation,TERM_ID_REGEX:(?:CELL_CYCLE|MITOTIC|MEIOSIS|DNA_REPLICATION|CELL_PROLIFERATION|CYTOKINESIS|CHROMOSOME_SEGREGATION|SPINDLE),PREDEFINED,7,False
Q1,GO_BP,GOBP_NEGATIVE_REGULATION_OF_GLIAL_CELL_PROLIFERATION,Negative Regulation Of Glial Cell Proliferation,TERM_ID_REGEX:(?:CELL_CYCLE|MITOTIC|MEIOSIS|DNA_REPLICATION|CELL_PROLIFERATION|CYTOKINESIS|CHROMOSOME_SEGREGATION|SPINDLE),PREDEFINED,10,False
Q1,GO_BP,GOBP_NEGATIVE_REGULATION_OF_IMMATURE_T_CELL_PROLIFERATION,Negative Regulation Of Immature T Cell Proliferation,TERM_ID_REGEX:(?:CELL_CYCLE|MITOTIC|MEIOSIS|DNA_REPLICATION|CELL_PROLIFERATION|CYTOKINESIS|CHROMOSOME_SEGREGATION|SPINDLE),PREDEFINED,5,False
Q1,GO_BP,GOBP_NEGATIVE_REGULATION_OF_IMMATURE_T_CELL_PROLIFERATION_IN_THYMUS,Negative Regulation Of Immature T Cell Proliferation In Thymus,TERM_ID_REGEX:(?:CELL_CYCLE|MITOTIC|MEIOSIS|DNA_REPLICATION|CELL_PROLIFERATION|CYTOKINESIS|CHROMOSOME_SEGREGATION|SPINDLE),PREDEFINED,4,False
Q1,GO_BP,GOBP_NEGATIVE_REGULATION_OF_MEIOTIC_CELL_CYCLE,Negative Regulation Of Meiotic Cell Cycle,TERM_ID_REGEX:(?:CELL_CYCLE|MITOTIC|MEIOSIS|DNA_REPLICATION|CELL_PROLIFERATION|CYTOKINESIS|CHROMOSOME_SEGREGATION|SPINDLE),PREDEFINED,15,True
Q1,GO_BP,GOBP_NEGATIVE_REGULATION_OF_MEIOTIC_CELL_CYCLE_PHASE_TRANSITION,Negative Regulation Of Meiotic Cell Cycle Phase Transition,TERM_ID_REGEX:(?:CELL_CYCLE|MITOTIC|MEIOSIS|DNA_REPLICATION|CELL_PROLIFERATION|CYTOKINESIS|CHROMOSOME_SEGREGATION|SPINDLE),PREDEFINED,7,False
Q1,GO_BP,GOBP_NEGATIVE_REGULATION_OF_MESENCHYMAL_CELL_PROLIFERATION,Negative Regulation Of Mesenchymal Cell Proliferation,TERM_ID_REGEX:(?:CELL_CYCLE|MITOTIC|MEIOSIS|DNA_REPLICATION|CELL_PROLIFERATION|CYTOKINESIS|CHROMOSOME_SEGREGATION|SPINDLE),PREDEFINED,8,False
Q1,GO_BP,GOBP_NEGATIVE_REGULATION_OF_MITOTIC_CELL_CYCLE,Negative Regulation Of Mitotic Cell Cycle,TERM_ID_REGEX:(?:CELL_CYCLE|MITOTIC|MEIOSIS|DNA_REPLICATION|CELL_PROLIFERATION|CYTOKINESIS|CHROMOSOME_SEGREGATION|SPINDLE),PREDEFINED,217,True
Q1,GO_BP,GOBP_NEGATIVE_REGULATION_OF_MITOTIC_CELL_CYCLE_PHASE_TRANSITION,Negative Regulation Of Mitotic Cell Cycle Phase Transition,TERM_ID_REGEX:(?:CELL_CYCLE|MITOTIC|MEIOSIS|DNA_REPLICATION|CELL_PROLIFERATION|CYTOKINESIS|CHROMOSOME_SEGREGATION|SPINDLE),PREDEFINED,173,True
Q1,GO_BP,GOBP_NEGATIVE_REGULATION_OF_MITOTIC_SPINDLE_ASSEMBLY_CHECKPOINT_SIGNALING,Negative Regulation Of Mitotic Spindle Assembly Checkpoint Signaling,TERM_ID_REGEX:(?:CELL_CYCLE|MITOTIC|MEIOSIS|DNA_REPLICATION|CELL_PROLIFERATION|CYTOKINESIS|CHROMOSOME_SEGREGATION|SPINDLE),PREDEFINED,4,False
Q1,GO_BP,GOBP_NEGATIVE_REGULATION_OF_NEURAL_PRECURSOR_CELL_PROLIFERATION,Negative Regulation Of Neural Precursor Cell Proliferation,TERM_ID_REGEX:(?:CELL_CYCLE|MITOTIC|MEIOSIS|DNA_REPLICATION|CELL_PROLIFERATION|CYTOKINESIS|CHROMOSOME_SEGREGATION|SPINDLE),PREDEFINED,17,True
Q1,GO_BP,GOBP_NEGATIVE_REGULATION_OF_SCHWANN_CELL_PROLIFERATION,Negative Regulation Of Schwann Cell Proliferation,TERM_ID_REGEX:(?:CELL_CYCLE|MITOTIC|MEIOSIS|DNA_REPLICATION|CELL_PROLIFERATION|CYTOKINESIS|CHROMOSOME_SEGREGATION|SPINDLE),PREDEFINED,4,False
Q1,GO_BP,GOBP_NEGATIVE_REGULATION_OF_SMOOTH_MUSCLE_CELL_PROLIFERATION,Negative Regulation Of Smooth Muscle Cell Proliferation,TERM_ID_REGEX:(?:CELL_CYCLE|MITOTIC|MEIOSIS|DNA_REPLICATION|CELL_PROLIFERATION|CYTOKINESIS|CHROMOSOME_SEGREGATION|SPINDLE),PREDEFINED,40,True
Q1,GO_BP,GOBP_NEGATIVE_REGULATION_OF_STEM_CELL_PROLIFERATION,Negative Regulation Of Stem Cell Proliferation,TERM_ID_REGEX:(?:CELL_CYCLE|MITOTIC|MEIOSIS|DNA_REPLICATION|CELL_PROLIFERATION|CYTOKINESIS|CHROMOSOME_SEGREGATION|SPINDLE),PREDEFINED,5,False
Q1,GO_BP,GOBP_NEGATIVE_REGULATION_OF_T_CELL_PROLIFERATION,Negative Regulation Of T Cell Proliferation,TERM_ID_REGEX:(?:CELL_CYCLE|MITOTIC|MEIOSIS|DNA_REPLICATION|CELL_PROLIFERATION|CYTOKINESIS|CHROMOSOME_SEGREGATION|SPINDLE),PREDEFINED,42,True
Q1,GO_BP,GOBP_NEGATIVE_REGULATION_OF_VASCULAR_ASSOCIATED_SMOOTH_MUSCLE_CELL_PROLIFERATION,Negative Regulation Of Vascular Associated Smooth Muscle Cell Proliferation,TERM_ID_REGEX:(?:CELL_CYCLE|MITOTIC|MEIOSIS|DNA_REPLICATION|CELL_PROLIFERATION|CYTOKINESIS|CHROMOSOME_SEGREGATION|SPINDLE),PREDEFINED,19,True
Q1,GO_BP,GOBP_NEGATIVE_REGULATION_OF_VASCULAR_ENDOTHELIAL_CELL_PROLIFERATION,Negative Regulation Of Vascular Endothelial Cell Proliferation,TERM_ID_REGEX:(?:CELL_CYCLE|MITOTIC|MEIOSIS|DNA_REPLICATION|CELL_PROLIFERATION|CYTOKINESIS|CHROMOSOME_SEGREGATION|SPINDLE),PREDEFINED,5,False
Q1,GO_BP,GOBP_NEURAL_PRECURSOR_CELL_PROLIFERATION,Neural Precursor Cell Proliferation,TERM_ID_REGEX:(?:CELL_CYCLE|MITOTIC|MEIOSIS|DNA_REPLICATION|CELL_PROLIFERATION|CYTOKINESIS|CHROMOSOME_SEGREGATION|SPINDLE),PREDEFINED,112,True
Q1,GO_BP,GOBP_NK_T_CELL_PROLIFERATION,Nk T Cell Proliferation,TERM_ID_REGEX:(?:CELL_CYCLE|MITOTIC|MEIOSIS|DNA_REPLICATION|CELL_PROLIFERATION|CYTOKINESIS|CHROMOSOME_SEGREGATION|SPINDLE),PREDEFINED,6,False
Q1,GO_BP,GOBP_NUCLEAR_CHROMOSOME_SEGREGATION,Nuclear Chromosome Segregation,TERM_ID_REGEX:(?:CELL_CYCLE|MITOTIC|MEIOSIS|DNA_REPLICATION|CELL_PROLIFERATION|CYTOKINESIS|CHROMOSOME_SEGREGATION|SPINDLE),PREDEFINED,294,True
Q1,GO_BP,GOBP_POSITIVE_REGULATION_OF_ACTIVATED_T_CELL_PROLIFERATION,Positive Regulation Of Activated T Cell Proliferation,TERM_ID_REGEX:(?:CELL_CYCLE|MITOTIC|MEIOSIS|DNA_REPLICATION|CELL_PROLIFERATION|CYTOKINESIS|CHROMOSOME_SEGREGATION|SPINDLE),PREDEFINED,14,False
Q1,GO_BP,GOBP_POSITIVE_REGULATION_OF_ALPHA_BETA_T_CELL_PROLIFERATION,Positive Regulation Of Alpha Beta T Cell Proliferation,TERM_ID_REGEX:(?:CELL_CYCLE|MITOTIC|MEIOSIS|DNA_REPLICATION|CELL_PROLIFERATION|CYTOKINESIS|CHROMOSOME_SEGREGATION|SPINDLE),PREDEFINED,11,False
Q1,GO_BP,GOBP_POSITIVE_REGULATION_OF_ATTACHMENT_OF_MITOTIC_SPINDLE_MICROTUBULES_TO_KINETOCHORE,Positive Regulation Of Attachment Of Mitotic Spindle Microtubules To Kinetochore,TERM_ID_REGEX:(?:CELL_CYCLE|MITOTIC|MEIOSIS|DNA_REPLICATION|CELL_PROLIFERATION|CYTOKINESIS|CHROMOSOME_SEGREGATION|SPINDLE),PREDEFINED,8,False
Q1,GO_BP,GOBP_POSITIVE_REGULATION_OF_ATTACHMENT_OF_SPINDLE_MICROTUBULES_TO_KINETOCHORE,Positive Regulation Of Attachment Of Spindle Microtubules To Kinetochore,TERM_ID_REGEX:(?:CELL_CYCLE|MITOTIC|MEIOSIS|DNA_REPLICATION|CELL_PROLIFERATION|CYTOKINESIS|CHROMOSOME_SEGREGATION|SPINDLE),PREDEFINED,11,False
Q1,GO_BP,GOBP_POSITIVE_REGULATION_OF_BLOOD_VESSEL_ENDOTHELIAL_CELL_PROLIFERATION_INVOLVED_IN_SPROUTING_ANGIOGENESIS,Positive Regulation Of Blood Vessel Endothelial Cell Proliferation Involved In Sprouting Angiogenesis,TERM_ID_REGEX:(?:CELL_CYCLE|MITOTIC|MEIOSIS|DNA_REPLICATION|CELL_PROLIFERATION|CYTOKINESIS|CHROMOSOME_SEGREGATION|SPINDLE),PREDEFINED,7,False
Q1,GO_BP,GOBP_POSITIVE_REGULATION_OF_B_CELL_PROLIFERATION,Positive Regulation Of B Cell Proliferation,TERM_ID_REGEX:(?:CELL_CYCLE|MITOTIC|MEIOSIS|DNA_REPLICATION|CELL_PROLIFERATION|CYTOKINESIS|CHROMOSOME_SEGREGATION|SPINDLE),PREDEFINED,29,True
Q1,GO_BP,GOBP_POSITIVE_REGULATION_OF_CARDIAC_MUSCLE_CELL_PROLIFERATION,Positive Regulation Of Cardiac Muscle Cell Proliferation,TERM_ID_REGEX:(?:CELL_CYCLE|MITOTIC|MEIOSIS|DNA_REPLICATION|CELL_PROLIFERATION|CYTOKINESIS|CHROMOSOME_SEGREGATION|SPINDLE),PREDEFINED,22,True
Q1,GO_BP,GOBP_POSITIVE_REGULATION_OF_CD4_POSITIVE_ALPHA_BETA_T_CELL_PROLIFERATION,Positive Regulation Of Cd4 Positive Alpha Beta T Cell Proliferation,TERM_ID_REGEX:(?:CELL_CYCLE|MITOTIC|MEIOSIS|DNA_REPLICATION|CELL_PROLIFERATION|CYTOKINESIS|CHROMOSOME_SEGREGATION|SPINDLE),PREDEFINED,4,False
Q1,GO_BP,GOBP_POSITIVE_REGULATION_OF_CELL_CYCLE,Positive Regulation Of Cell Cycle,TERM_ID_REGEX:(?:CELL_CYCLE|MITOTIC|MEIOSIS|DNA_REPLICATION|CELL_PROLIFERATION|CYTOKINESIS|CHROMOSOME_SEGREGATION|SPINDLE),PREDEFINED,273,True
Q1,GO_BP,GOBP_POSITIVE_REGULATION_OF_CELL_CYCLE_CHECKPOINT,Positive Regulation Of Cell Cycle Checkpoint,TERM_ID_REGEX:(?:CELL_CYCLE|MITOTIC|MEIOSIS|DNA_REPLICATION|CELL_PROLIFERATION|CYTOKINESIS|CHROMOSOME_SEGREGATION|SPINDLE),PREDEFINED,24,True
Q1,GO_BP,GOBP_POSITIVE_REGULATION_OF_CELL_CYCLE_G1_S_PHASE_TRANSITION,Positive Regulation Of Cell Cycle G1 S Phase Transition,TERM_ID_REGEX:(?:CELL_CYCLE|MITOTIC|MEIOSIS|DNA_REPLICATION|CELL_PROLIFERATION|CYTOKINESIS|CHROMOSOME_SEGREGATION|SPINDLE),PREDEFINED,50,True
Q1,GO_BP,GOBP_POSITIVE_REGULATION_OF_CELL_CYCLE_G2_M_PHASE_TRANSITION,Positive Regulation Of Cell Cycle G2 M Phase Transition,TERM_ID_REGEX:(?:CELL_CYCLE|MITOTIC|MEIOSIS|DNA_REPLICATION|CELL_PROLIFERATION|CYTOKINESIS|CHROMOSOME_SEGREGATION|SPINDLE),PREDEFINED,27,True
Q1,GO_BP,GOBP_POSITIVE_REGULATION_OF_CELL_CYCLE_PHASE_TRANSITION,Positive Regulation Of Cell Cycle Phase Transition,TERM_ID_REGEX:(?:CELL_CYCLE|MITOTIC|MEIOSIS|DNA_REPLICATION|CELL_PROLIFERATION|CYTOKINESIS|CHROMOSOME_SEGREGATION|SPINDLE),PREDEFINED,99,True
Q1,GO_BP,GOBP_POSITIVE_REGULATION_OF_CELL_CYCLE_PROCESS,Positive Regulation Of Cell Cycle Process,TERM_ID_REGEX:(?:CELL_CYCLE|MITOTIC|MEIOSIS|DNA_REPLICATION|CELL_PROLIFERATION|CYTOKINESIS|CHROMOSOME_SEGREGATION|SPINDLE),PREDEFINED,216,True
Q1,GO_BP,GOBP_POSITIVE_REGULATION_OF_CELL_PROLIFERATION_INVOLVED_IN_HEART_MORPHOGENESIS,Positive Regulation Of Cell Proliferation Involved In Heart Morphogenesis,TERM_ID_REGEX:(?:CELL_CYCLE|MITOTIC|MEIOSIS|DNA_REPLICATION|CELL_PROLIFERATION|CYTOKINESIS|CHROMOSOME_SEGREGATION|SPINDLE),PREDEFINED,5,False
Q1,GO_BP,GOBP_POSITIVE_REGULATION_OF_CELL_PROLIFERATION_INVOLVED_IN_KIDNEY_DEVELOPMENT,Positive Regulation Of Cell Proliferation Involved In Kidney Development,TERM_ID_REGEX:(?:CELL_CYCLE|MITOTIC|MEIOSIS|DNA_REPLICATION|CELL_PROLIFERATION|CYTOKINESIS|CHROMOSOME_SEGREGATION|SPINDLE),PREDEFINED,7,False
Q1,GO_BP,GOBP_POSITIVE_REGULATION_OF_CELL_PROLIFERATION_IN_BONE_MARROW,Positive Regulation Of Cell Proliferation In Bone Marrow,TERM_ID_REGEX:(?:CELL_CYCLE|MITOTIC|MEIOSIS|DNA_REPLICATION|CELL_PROLIFERATION|CYTOKINESIS|CHROMOSOME_SEGREGATION|SPINDLE),PREDEFINED,4,False
Q1,GO_BP,GOBP_POSITIVE_REGULATION_OF_CHROMOSOME_SEGREGATION,Positive Regulation Of Chromosome Segregation,TERM_ID_REGEX:(?:CELL_CYCLE|MITOTIC|MEIOSIS|DNA_REPLICATION|CELL_PROLIFERATION|CYTOKINESIS|CHROMOSOME_SEGREGATION|SPINDLE),PREDEFINED,29,True
Q1,GO_BP,GOBP_POSITIVE_REGULATION_OF_CYTOKINESIS,Positive Regulation Of Cytokinesis,TERM_ID_REGEX:(?:CELL_CYCLE|MITOTIC|MEIOSIS|DNA_REPLICATION|CELL_PROLIFERATION|CYTOKINESIS|CHROMOSOME_SEGREGATION|SPINDLE),PREDEFINED,33,True
Q1,GO_BP,GOBP_POSITIVE_REGULATION_OF_DNA_REPLICATION,Positive Regulation Of Dna Replication,TERM_ID_REGEX:(?:CELL_CYCLE|MITOTIC|MEIOSIS|DNA_REPLICATION|CELL_PROLIFERATION|CYTOKINESIS|CHROMOSOME_SEGREGATION|SPINDLE),PREDEFINED,42,True
Q1,GO_BP,GOBP_POSITIVE_REGULATION_OF_DNA_TEMPLATED_DNA_REPLICATION,Positive Regulation Of Dna Templated Dna Replication,TERM_ID_REGEX:(?:CELL_CYCLE|MITOTIC|MEIOSIS|DNA_REPLICATION|CELL_PROLIFERATION|CYTOKINESIS|CHROMOSOME_SEGREGATION|SPINDLE),PREDEFINED,14,False
Q1,GO_BP,GOBP_POSITIVE_REGULATION_OF_ENDOTHELIAL_CELL_PROLIFERATION,Positive Regulation Of Endothelial Cell Proliferation,TERM_ID_REGEX:(?:CELL_CYCLE|MITOTIC|MEIOSIS|DNA_REPLICATION|CELL_PROLIFERATION|CYTOKINESIS|CHROMOSOME_SEGREGATION|SPINDLE),PREDEFINED,67,True
Q1,GO_BP,GOBP_POSITIVE_REGULATION_OF_EPITHELIAL_CELL_PROLIFERATION,Positive Regulation Of Epithelial Cell Proliferation,TERM_ID_REGEX:(?:CELL_CYCLE|MITOTIC|MEIOSIS|DNA_REPLICATION|CELL_PROLIFERATION|CYTOKINESIS|CHROMOSOME_SEGREGATION|SPINDLE),PREDEFINED,137,True
Q1,GO_BP,GOBP_POSITIVE_REGULATION_OF_EPITHELIAL_CELL_PROLIFERATION_INVOLVED_IN_LUNG_MORPHOGENESIS,Positive Regulation Of Epithelial Cell Proliferation Involved In Lung Morphogenesis,TERM_ID_REGEX:(?:CELL_CYCLE|MITOTIC|MEIOSIS|DNA_REPLICATION|CELL_PROLIFERATION|CYTOKINESIS|CHROMOSOME_SEGREGATION|SPINDLE),PREDEFINED,6,False
Q1,GO_BP,GOBP_POSITIVE_REGULATION_OF_EPITHELIAL_CELL_PROLIFERATION_INVOLVED_IN_WOUND_HEALING,Positive Regulation Of Epithelial Cell Proliferation Involved In Wound Healing,TERM_ID_REGEX:(?:CELL_CYCLE|MITOTIC|MEIOSIS|DNA_REPLICATION|CELL_PROLIFERATION|CYTOKINESIS|CHROMOSOME_SEGREGATION|SPINDLE),PREDEFINED,5,False
Q1,GO_BP,GOBP_POSITIVE_REGULATION_OF_G1_S_TRANSITION_OF_MITOTIC_CELL_CYCLE,Positive Regulation Of G1 S Transition Of Mitotic Cell Cycle,TERM_ID_REGEX:(?:CELL_CYCLE|MITOTIC|MEIOSIS|DNA_REPLICATION|CELL_PROLIFERATION|CYTOKINESIS|CHROMOSOME_SEGREGATION|SPINDLE),PREDEFINED,39,True
Q1,GO_BP,GOBP_POSITIVE_REGULATION_OF_GLIAL_CELL_PROLIFERATION,Positive Regulation Of Glial Cell Proliferation,TERM_ID_REGEX:(?:CELL_CYCLE|MITOTIC|MEIOSIS|DNA_REPLICATION|CELL_PROLIFERATION|CYTOKINESIS|CHROMOSOME_SEGREGATION|SPINDLE),PREDEFINED,14,False
Q1,GO_BP,GOBP_POSITIVE_REGULATION_OF_GLOMERULAR_MESANGIAL_CELL_PROLIFERATION,Positive Regulation Of Glomerular Mesangial Cell Proliferation,TERM_ID_REGEX:(?:CELL_CYCLE|MITOTIC|MEIOSIS|DNA_REPLICATION|CELL_PROLIFERATION|CYTOKINESIS|CHROMOSOME_SEGREGATION|SPINDLE),PREDEFINED,6,False
Q1,GO_BP,GOBP_POSITIVE_REGULATION_OF_IMMATURE_T_CELL_PROLIFERATION,Positive Regulation Of Immature T Cell Proliferation,TERM_ID_REGEX:(?:CELL_CYCLE|MITOTIC|MEIOSIS|DNA_REPLICATION|CELL_PROLIFERATION|CYTOKINESIS|CHROMOSOME_SEGREGATION|SPINDLE),PREDEFINED,3,False
Q1,GO_BP,GOBP_POSITIVE_REGULATION_OF_IMMATURE_T_CELL_PROLIFERATION_IN_THYMUS,Positive Regulation Of Immature T Cell Proliferation In Thymus,TERM_ID_REGEX:(?:CELL_CYCLE|MITOTIC|MEIOSIS|DNA_REPLICATION|CELL_PROLIFERATION|CYTOKINESIS|CHROMOSOME_SEGREGATION|SPINDLE),PREDEFINED,2,False
Q1,GO_BP,GOBP_POSITIVE_REGULATION_OF_MAMMARY_GLAND_EPITHELIAL_CELL_PROLIFERATION,Positive Regulation Of Mammary Gland Epithelial Cell Proliferation,TERM_ID_REGEX:(?:CELL_CYCLE|MITOTIC|MEIOSIS|DNA_REPLICATION|CELL_PROLIFERATION|CYTOKINESIS|CHROMOSOME_SEGREGATION|SPINDLE),PREDEFINED,6,False
Q1,GO_BP,GOBP_POSITIVE_REGULATION_OF_MEIOTIC_CELL_CYCLE,Positive Regulation Of Meiotic Cell Cycle,TERM_ID_REGEX:(?:CELL_CYCLE|MITOTIC|MEIOSIS|DNA_REPLICATION|CELL_PROLIFERATION|CYTOKINESIS|CHROMOSOME_SEGREGATION|SPINDLE),PREDEFINED,18,True
Q1,GO_BP,GOBP_POSITIVE_REGULATION_OF_MESENCHYMAL_CELL_PROLIFERATION,Positive Regulation Of Mesenchymal Cell Proliferation,TERM_ID_REGEX:(?:CELL_CYCLE|MITOTIC|MEIOSIS|DNA_REPLICATION|CELL_PROLIFERATION|CYTOKINESIS|CHROMOSOME_SEGREGATION|SPINDLE),PREDEFINED,22,True
Q1,GO_BP,GOBP_POSITIVE_REGULATION_OF_MESENCHYMAL_STEM_CELL_PROLIFERATION,Positive Regulation Of Mesenchymal Stem Cell Proliferation,TERM_ID_REGEX:(?:CELL_CYCLE|MITOTIC|MEIOSIS|DNA_REPLICATION|CELL_PROLIFERATION|CYTOKINESIS|CHROMOSOME_SEGREGATION|SPINDLE),PREDEFINED,6,False
Q1,GO_BP,GOBP_POSITIVE_REGULATION_OF_METAPHASE_ANAPHASE_TRANSITION_OF_CELL_CYCLE,Positive Regulation Of Metaphase Anaphase Transition Of Cell Cycle,TERM_ID_REGEX:(?:CELL_CYCLE|MITOTIC|MEIOSIS|DNA_REPLICATION|CELL_PROLIFERATION|CYTOKINESIS|CHROMOSOME_SEGREGATION|SPINDLE),PREDEFINED,18,True
Q1,GO_BP,GOBP_POSITIVE_REGULATION_OF_MITOTIC_CELL_CYCLE,Positive Regulation Of Mitotic Cell Cycle,TERM_ID_REGEX:(?:CELL_CYCLE|MITOTIC|MEIOSIS|DNA_REPLICATION|CELL_PROLIFERATION|CYTOKINESIS|CHROMOSOME_SEGREGATION|SPINDLE),PREDEFINED,113,True
Q1,GO_BP,GOBP_POSITIVE_REGULATION_OF_MITOTIC_CELL_CYCLE_PHASE_TRANSITION,Positive Regulation Of Mitotic Cell Cycle Phase Transition,TERM_ID_REGEX:(?:CELL_CYCLE|MITOTIC|MEIOSIS|DNA_REPLICATION|CELL_PROLIFERATION|CYTOKINESIS|CHROMOSOME_SEGREGATION|SPINDLE),PREDEFINED,82,True
Q1,GO_BP,GOBP_POSITIVE_REGULATION_OF_MITOTIC_CYTOKINESIS,Positive Regulation Of Mitotic Cytokinesis,TERM_ID_REGEX:(?:CELL_CYCLE|MITOTIC|MEIOSIS|DNA_REPLICATION|CELL_PROLIFERATION|CYTOKINESIS|CHROMOSOME_SEGREGATION|SPINDLE),PREDEFINED,12,False
Q1,GO_BP,GOBP_POSITIVE_REGULATION_OF_MITOTIC_NUCLEAR_DIVISION,Positive Regulation Of Mitotic Nuclear Division,TERM_ID_REGEX:(?:CELL_CYCLE|MITOTIC|MEIOSIS|DNA_REPLICATION|CELL_PROLIFERATION|CYTOKINESIS|CHROMOSOME_SEGREGATION|SPINDLE),PREDEFINED,32,True
Q1,GO_BP,GOBP_POSITIVE_REGULATION_OF_MITOTIC_SISTER_CHROMATID_SEGREGATION,Positive Regulation Of Mitotic Sister Chromatid Segregation,TERM_ID_REGEX:(?:CELL_CYCLE|MITOTIC|MEIOSIS|DNA_REPLICATION|CELL_PROLIFERATION|CYTOKINESIS|CHROMOSOME_SEGREGATION|SPINDLE),PREDEFINED,8,False
Q1,GO_BP,GOBP_POSITIVE_REGULATION_OF_MITOTIC_SISTER_CHROMATID_SEPARATION,Positive Regulation Of Mitotic Sister Chromatid Separation,TERM_ID_REGEX:(?:CELL_CYCLE|MITOTIC|MEIOSIS|DNA_REPLICATION|CELL_PROLIFERATION|CYTOKINESIS|CHROMOSOME_SEGREGATION|SPINDLE),PREDEFINED,21,True
Q1,GO_BP,GOBP_POSITIVE_REGULATION_OF_NEURAL_PRECURSOR_CELL_PROLIFERATION,Positive Regulation Of Neural Precursor Cell Proliferation,TERM_ID_REGEX:(?:CELL_CYCLE|MITOTIC|MEIOSIS|DNA_REPLICATION|CELL_PROLIFERATION|CYTOKINESIS|CHROMOSOME_SEGREGATION|SPINDLE),PREDEFINED,29,True
Q1,GO_BP,GOBP_POSITIVE_REGULATION_OF_NUCLEAR_CELL_CYCLE_DNA_REPLICATION,Positive Regulation Of Nuclear Cell Cycle Dna Replication,TERM_ID_REGEX:(?:CELL_CYCLE|MITOTIC|MEIOSIS|DNA_REPLICATION|CELL_PROLIFERATION|CYTOKINESIS|CHROMOSOME_SEGREGATION|SPINDLE),PREDEFINED,7,False
Q1,GO_BP,GOBP_POSITIVE_REGULATION_OF_SMOOTH_MUSCLE_CELL_PROLIFERATION,Positive Regulation Of Smooth Muscle Cell Proliferation,TERM_ID_REGEX:(?:CELL_CYCLE|MITOTIC|MEIOSIS|DNA_REPLICATION|CELL_PROLIFERATION|CYTOKINESIS|CHROMOSOME_SEGREGATION|SPINDLE),PREDEFINED,61,True
Q1,GO_BP,GOBP_POSITIVE_REGULATION_OF_SPINDLE_ASSEMBLY,Positive Regulation Of Spindle Assembly,TERM_ID_REGEX:(?:CELL_CYCLE|MITOTIC|MEIOSIS|DNA_REPLICATION|CELL_PROLIFERATION|CYTOKINESIS|CHROMOSOME_SEGREGATION|SPINDLE),PREDEFINED,7,False
Q1,GO_BP,GOBP_POSITIVE_REGULATION_OF_SPINDLE_CHECKPOINT,Positive Regulation Of Spindle Checkpoint,TERM_ID_REGEX:(?:CELL_CYCLE|MITOTIC|MEIOSIS|DNA_REPLICATION|CELL_PROLIFERATION|CYTOKINESIS|CHROMOSOME_SEGREGATION|SPINDLE),PREDEFINED,19,True
Q1,GO_BP,GOBP_POSITIVE_REGULATION_OF_STEM_CELL_PROLIFERATION,Positive Regulation Of Stem Cell Proliferation,TERM_ID_REGEX:(?:CELL_CYCLE|MITOTIC|MEIOSIS|DNA_REPLICATION|CELL_PROLIFERATION|CYTOKINESIS|CHROMOSOME_SEGREGATION|SPINDLE),PREDEFINED,16,True
Q1,GO_BP,GOBP_POSITIVE_REGULATION_OF_T_CELL_PROLIFERATION,Positive Regulation Of T Cell Proliferation,TERM_ID_REGEX:(?:CELL_CYCLE|MITOTIC|MEIOSIS|DNA_REPLICATION|CELL_PROLIFERATION|CYTOKINESIS|CHROMOSOME_SEGREGATION|SPINDLE),PREDEFINED,54,True
Q1,GO_BP,GOBP_POSITIVE_REGULATION_OF_VASCULAR_ASSOCIATED_SMOOTH_MUSCLE_CELL_PROLIFERATION,Positive Regulation Of Vascular Associated Smooth Muscle Cell Proliferation,TERM_ID_REGEX:(?:CELL_CYCLE|MITOTIC|MEIOSIS|DNA_REPLICATION|CELL_PROLIFERATION|CYTOKINESIS|CHROMOSOME_SEGREGATION|SPINDLE),PREDEFINED,28,True
Q1,GO_BP,GOBP_POSITIVE_REGULATION_OF_VASCULAR_ENDOTHELIAL_CELL_PROLIFERATION,Positive Regulation Of Vascular Endothelial Cell Proliferation,TERM_ID_REGEX:(?:CELL_CYCLE|MITOTIC|MEIOSIS|DNA_REPLICATION|CELL_PROLIFERATION|CYTOKINESIS|CHROMOSOME_SEGREGATION|SPINDLE),PREDEFINED,13,False
Q1,GO_BP,GOBP_REGULATION_OF_ATTACHMENT_OF_MITOTIC_SPINDLE_MICROTUBULES_TO_KINETOCHORE,Regulation Of Attachment Of Mitotic Spindle Microtubules To Kinetochore,TERM_ID_REGEX:(?:CELL_CYCLE|MITOTIC|MEIOSIS|DNA_REPLICATION|CELL_PROLIFERATION|CYTOKINESIS|CHROMOSOME_SEGREGATION|SPINDLE),PREDEFINED,10,False
Q1,GO_BP,GOBP_REGULATION_OF_ATTACHMENT_OF_SPINDLE_MICROTUBULES_TO_KINETOCHORE,Regulation Of Attachment Of Spindle Microtubules To Kinetochore,TERM_ID_REGEX:(?:CELL_CYCLE|MITOTIC|MEIOSIS|DNA_REPLICATION|CELL_PROLIFERATION|CYTOKINESIS|CHROMOSOME_SEGREGATION|SPINDLE),PREDEFINED,23,True
Q1,GO_BP,GOBP_REGULATION_OF_B_CELL_PROLIFERATION,Regulation Of B Cell Proliferation,TERM_ID_REGEX:(?:CELL_CYCLE|MITOTIC|MEIOSIS|DNA_REPLICATION|CELL_PROLIFERATION|CYTOKINESIS|CHROMOSOME_SEGREGATION|SPINDLE),PREDEFINED,43,True
Q1,GO_BP,GOBP_REGULATION_OF_CARDIAC_MUSCLE_CELL_PROLIFERATION,Regulation Of Cardiac Muscle Cell Proliferation,TERM_ID_REGEX:(?:CELL_CYCLE|MITOTIC|MEIOSIS|DNA_REPLICATION|CELL_PROLIFERATION|CYTOKINESIS|CHROMOSOME_SEGREGATION|SPINDLE),PREDEFINED,29,True
Q1,GO_BP,GOBP_REGULATION_OF_CELL_CYCLE,Regulation Of Cell Cycle,TERM_ID_REGEX:(?:CELL_CYCLE|MITOTIC|MEIOSIS|DNA_REPLICATION|CELL_PROLIFERATION|CYTOKINESIS|CHROMOSOME_SEGREGATION|SPINDLE),PREDEFINED,957,False
Q1,GO_BP,GOBP_REGULATION_OF_CELL_CYCLE_CHECKPOINT,Regulation Of Cell Cycle Checkpoint,TERM_ID_REGEX:(?:CELL_CYCLE|MITOTIC|MEIOSIS|DNA_REPLICATION|CELL_PROLIFERATION|CYTOKINESIS|CHROMOSOME_SEGREGATION|SPINDLE),PREDEFINED,53,True
Q1,GO_BP,GOBP_REGULATION_OF_CELL_CYCLE_G1_S_PHASE_TRANSITION,Regulation Of Cell Cycle G1 S Phase Transition,TERM_ID_REGEX:(?:CELL_CYCLE|MITOTIC|MEIOSIS|DNA_REPLICATION|CELL_PROLIFERATION|CYTOKINESIS|CHROMOSOME_SEGREGATION|SPINDLE),PREDEFINED,172,True
Q1,GO_BP,GOBP_REGULATION_OF_CELL_CYCLE_G2_M_PHASE_TRANSITION,Regulation Of Cell Cycle G2 M Phase Transition,TERM_ID_REGEX:(?:CELL_CYCLE|MITOTIC|MEIOSIS|DNA_REPLICATION|CELL_PROLIFERATION|CYTOKINESIS|CHROMOSOME_SEGREGATION|SPINDLE),PREDEFINED,108,True
Q1,GO_BP,GOBP_REGULATION_OF_CELL_CYCLE_PHASE_TRANSITION,Regulation Of Cell Cycle Phase Transition,TERM_ID_REGEX:(?:CELL_CYCLE|MITOTIC|MEIOSIS|DNA_REPLICATION|CELL_PROLIFERATION|CYTOKINESIS|CHROMOSOME_SEGREGATION|SPINDLE),PREDEFINED,418,True
Q1,GO_BP,GOBP_REGULATION_OF_CELL_CYCLE_PROCESS,Regulation Of Cell Cycle Process,TERM_ID_REGEX:(?:CELL_CYCLE|MITOTIC|MEIOSIS|DNA_REPLICATION|CELL_PROLIFERATION|CYTOKINESIS|CHROMOSOME_SEGREGATION|SPINDLE),PREDEFINED,667,False
Q1,GO_BP,GOBP_REGULATION_OF_CELL_PROLIFERATION_INVOLVED_IN_KIDNEY_DEVELOPMENT,Regulation Of Cell Proliferation Involved In Kidney Development,TERM_ID_REGEX:(?:CELL_CYCLE|MITOTIC|MEIOSIS|DNA_REPLICATION|CELL_PROLIFERATION|CYTOKINESIS|CHROMOSOME_SEGREGATION|SPINDLE),PREDEFINED,10,False
Q1,GO_BP,GOBP_REGULATION_OF_CELL_PROLIFERATION_IN_BONE_MARROW,Regulation Of Cell Proliferation In Bone Marrow,TERM_ID_REGEX:(?:CELL_CYCLE|MITOTIC|MEIOSIS|DNA_REPLICATION|CELL_PROLIFERATION|CYTOKINESIS|CHROMOSOME_SEGREGATION|SPINDLE),PREDEFINED,5,False
Q1,GO_BP,GOBP_REGULATION_OF_CHROMOSOME_SEGREGATION,Regulation Of Chromosome Segregation,TERM_ID_REGEX:(?:CELL_CYCLE|MITOTIC|MEIOSIS|DNA_REPLICATION|CELL_PROLIFERATION|CYTOKINESIS|CHROMOSOME_SEGREGATION|SPINDLE),PREDEFINED,132,True
Q1,GO_BP,GOBP_REGULATION_OF_CYTOKINESIS,Regulation Of Cytokinesis,TERM_ID_REGEX:(?:CELL_CYCLE|MITOTIC|MEIOSIS|DNA_REPLICATION|CELL_PROLIFERATION|CYTOKINESIS|CHROMOSOME_SEGREGATION|SPINDLE),PREDEFINED,79,True
Q1,GO_BP,GOBP_REGULATION_OF_DNA_REPLICATION,Regulation Of Dna Replication,TERM_ID_REGEX:(?:CELL_CYCLE|MITOTIC|MEIOSIS|DNA_REPLICATION|CELL_PROLIFERATION|CYTOKINESIS|CHROMOSOME_SEGREGATION|SPINDLE),PREDEFINED,118,True
Q1,GO_BP,GOBP_REGULATION_OF_DNA_TEMPLATED_DNA_REPLICATION,Regulation Of Dna Templated Dna Replication,TERM_ID_REGEX:(?:CELL_CYCLE|MITOTIC|MEIOSIS|DNA_REPLICATION|CELL_PROLIFERATION|CYTOKINESIS|CHROMOSOME_SEGREGATION|SPINDLE),PREDEFINED,46,True
Q1,GO_BP,GOBP_REGULATION_OF_DNA_TEMPLATED_DNA_REPLICATION_INITIATION,Regulation Of Dna Templated Dna Replication Initiation,TERM_ID_REGEX:(?:CELL_CYCLE|MITOTIC|MEIOSIS|DNA_REPLICATION|CELL_PROLIFERATION|CYTOKINESIS|CHROMOSOME_SEGREGATION|SPINDLE),PREDEFINED,19,True
Q1,GO_BP,GOBP_REGULATION_OF_EPITHELIAL_CELL_PROLIFERATION,Regulation Of Epithelial Cell Proliferation,TERM_ID_REGEX:(?:CELL_CYCLE|MITOTIC|MEIOSIS|DNA_REPLICATION|CELL_PROLIFERATION|CYTOKINESIS|CHROMOSOME_SEGREGATION|SPINDLE),PREDEFINED,250,True
Q1,GO_BP,GOBP_REGULATION_OF_EPITHELIAL_CELL_PROLIFERATION_INVOLVED_IN_LUNG_MORPHOGENESIS,Regulation Of Epithelial Cell Proliferation Involved In Lung Morphogenesis,TERM_ID_REGEX:(?:CELL_CYCLE|MITOTIC|MEIOSIS|DNA_REPLICATION|CELL_PROLIFERATION|CYTOKINESIS|CHROMOSOME_SEGREGATION|SPINDLE),PREDEFINED,8,False
Q1,GO_BP,GOBP_REGULATION_OF_FAT_CELL_PROLIFERATION,Regulation Of Fat Cell Proliferation,TERM_ID_REGEX:(?:CELL_CYCLE|MITOTIC|MEIOSIS|DNA_REPLICATION|CELL_PROLIFERATION|CYTOKINESIS|CHROMOSOME_SEGREGATION|SPINDLE),PREDEFINED,10,False
Q1,GO_BP,GOBP_REGULATION_OF_G2_MI_TRANSITION_OF_MEIOTIC_CELL_CYCLE,Regulation Of G2 Mi Transition Of Meiotic Cell Cycle,TERM_ID_REGEX:(?:CELL_CYCLE|MITOTIC|MEIOSIS|DNA_REPLICATION|CELL_PROLIFERATION|CYTOKINESIS|CHROMOSOME_SEGREGATION|SPINDLE),PREDEFINED,6,False
Q1,GO_BP,GOBP_REGULATION_OF_GERM_CELL_PROLIFERATION,Regulation Of Germ Cell Proliferation,TERM_ID_REGEX:(?:CELL_CYCLE|MITOTIC|MEIOSIS|DNA_REPLICATION|CELL_PROLIFERATION|CYTOKINESIS|CHROMOSOME_SEGREGATION|SPINDLE),PREDEFINED,5,False
Q1,GO_BP,GOBP_REGULATION_OF_GLIAL_CELL_PROLIFERATION,Regulation Of Glial Cell Proliferation,TERM_ID_REGEX:(?:CELL_CYCLE|MITOTIC|MEIOSIS|DNA_REPLICATION|CELL_PROLIFERATION|CYTOKINESIS|CHROMOSOME_SEGREGATION|SPINDLE),PREDEFINED,24,True
Q1,GO_BP,GOBP_REGULATION_OF_HEMATOPOIETIC_STEM_CELL_PROLIFERATION,Regulation Of Hematopoietic Stem Cell Proliferation,TERM_ID_REGEX:(?:CELL_CYCLE|MITOTIC|MEIOSIS|DNA_REPLICATION|CELL_PROLIFERATION|CYTOKINESIS|CHROMOSOME_SEGREGATION|SPINDLE),PREDEFINED,8,False
Q1,GO_BP,GOBP_REGULATION_OF_IMMATURE_T_CELL_PROLIFERATION,Regulation Of Immature T Cell Proliferation,TERM_ID_REGEX:(?:CELL_CYCLE|MITOTIC|MEIOSIS|DNA_REPLICATION|CELL_PROLIFERATION|CYTOKINESIS|CHROMOSOME_SEGREGATION|SPINDLE),PREDEFINED,8,False
Q1,GO_BP,GOBP_REGULATION_OF_MAMMARY_GLAND_EPITHELIAL_CELL_PROLIFERATION,Regulation Of Mammary Gland Epithelial Cell Proliferation,TERM_ID_REGEX:(?:CELL_CYCLE|MITOTIC|MEIOSIS|DNA_REPLICATION|CELL_PROLIFERATION|CYTOKINESIS|CHROMOSOME_SEGREGATION|SPINDLE),PREDEFINED,13,False
Q1,GO_BP,GOBP_REGULATION_OF_MEIOSIS_I,Regulation Of Meiosis I,TERM_ID_REGEX:(?:CELL_CYCLE|MITOTIC|MEIOSIS|DNA_REPLICATION|CELL_PROLIFERATION|CYTOKINESIS|CHROMOSOME_SEGREGATION|SPINDLE),PREDEFINED,2,False
Q1,GO_BP,GOBP_REGULATION_OF_MEIOTIC_CELL_CYCLE,Regulation Of Meiotic Cell Cycle,TERM_ID_REGEX:(?:CELL_CYCLE|MITOTIC|MEIOSIS|DNA_REPLICATION|CELL_PROLIFERATION|CYTOKINESIS|CHROMOSOME_SEGREGATION|SPINDLE),PREDEFINED,55,True
Q1,GO_BP,GOBP_REGULATION_OF_MEIOTIC_CELL_CYCLE_PHASE_TRANSITION,Regulation Of Meiotic Cell Cycle Phase Transition,TERM_ID_REGEX:(?:CELL_CYCLE|MITOTIC|MEIOSIS|DNA_REPLICATION|CELL_PROLIFERATION|CYTOKINESIS|CHROMOSOME_SEGREGATION|SPINDLE),PREDEFINED,11,False
Q1,GO_BP,GOBP_REGULATION_OF_MESENCHYMAL_CELL_PROLIFERATION,Regulation Of Mesenchymal Cell Proliferation,TERM_ID_REGEX:(?:CELL_CYCLE|MITOTIC|MEIOSIS|DNA_REPLICATION|CELL_PROLIFERATION|CYTOKINESIS|CHROMOSOME_SEGREGATION|SPINDLE),PREDEFINED,30,True
Q1,GO_BP,GOBP_REGULATION_OF_MESENCHYMAL_STEM_CELL_PROLIFERATION,Regulation Of Mesenchymal Stem Cell Proliferation,TERM_ID_REGEX:(?:CELL_CYCLE|MITOTIC|MEIOSIS|DNA_REPLICATION|CELL_PROLIFERATION|CYTOKINESIS|CHROMOSOME_SEGREGATION|SPINDLE),PREDEFINED,6,False
Q1,GO_BP,GOBP_REGULATION_OF_MITOTIC_CELL_CYCLE,Regulation Of Mitotic Cell Cycle,TERM_ID_REGEX:(?:CELL_CYCLE|MITOTIC|MEIOSIS|DNA_REPLICATION|CELL_PROLIFERATION|CYTOKINESIS|CHROMOSOME_SEGREGATION|SPINDLE),PREDEFINED,466,True
Q1,GO_BP,GOBP_REGULATION_OF_MITOTIC_CELL_CYCLE_PHASE_TRANSITION,Regulation Of Mitotic Cell Cycle Phase Transition,TERM_ID_REGEX:(?:CELL_CYCLE|MITOTIC|MEIOSIS|DNA_REPLICATION|CELL_PROLIFERATION|CYTOKINESIS|CHROMOSOME_SEGREGATION|SPINDLE),PREDEFINED,323,True
Q1,GO_BP,GOBP_REGULATION_OF_MITOTIC_CENTROSOME_SEPARATION,Regulation Of Mitotic Centrosome Separation,TERM_ID_REGEX:(?:CELL_CYCLE|MITOTIC|MEIOSIS|DNA_REPLICATION|CELL_PROLIFERATION|CYTOKINESIS|CHROMOSOME_SEGREGATION|SPINDLE),PREDEFINED,7,False
Q1,GO_BP,GOBP_REGULATION_OF_MITOTIC_CYTOKINESIS,Regulation Of Mitotic Cytokinesis,TERM_ID_REGEX:(?:CELL_CYCLE|MITOTIC|MEIOSIS|DNA_REPLICATION|CELL_PROLIFERATION|CYTOKINESIS|CHROMOSOME_SEGREGATION|SPINDLE),PREDEFINED,19,True
Q1,GO_BP,GOBP_REGULATION_OF_MITOTIC_NUCLEAR_DIVISION,Regulation Of Mitotic Nuclear Division,TERM_ID_REGEX:(?:CELL_CYCLE|MITOTIC|MEIOSIS|DNA_REPLICATION|CELL_PROLIFERATION|CYTOKINESIS|CHROMOSOME_SEGREGATION|SPINDLE),PREDEFINED,108,True
Q1,GO_BP,GOBP_REGULATION_OF_MITOTIC_RECOMBINATION,Regulation Of Mitotic Recombination,TERM_ID_REGEX:(?:CELL_CYCLE|MITOTIC|MEIOSIS|DNA_REPLICATION|CELL_PROLIFERATION|CYTOKINESIS|CHROMOSOME_SEGREGATION|SPINDLE),PREDEFINED,6,False
Q1,GO_BP,GOBP_REGULATION_OF_MITOTIC_SISTER_CHROMATID_SEGREGATION,Regulation Of Mitotic Sister Chromatid Segregation,TERM_ID_REGEX:(?:CELL_CYCLE|MITOTIC|MEIOSIS|DNA_REPLICATION|CELL_PROLIFERATION|CYTOKINESIS|CHROMOSOME_SEGREGATION|SPINDLE),PREDEFINED,61,True
Q1,GO_BP,GOBP_REGULATION_OF_MITOTIC_SPINDLE_ASSEMBLY,Regulation Of Mitotic Spindle Assembly,TERM_ID_REGEX:(?:CELL_CYCLE|MITOTIC|MEIOSIS|DNA_REPLICATION|CELL_PROLIFERATION|CYTOKINESIS|CHROMOSOME_SEGREGATION|SPINDLE),PREDEFINED,24,True
Q1,GO_BP,GOBP_REGULATION_OF_NATURAL_KILLER_CELL_PROLIFERATION,Regulation Of Natural Killer Cell Proliferation,TERM_ID_REGEX:(?:CELL_CYCLE|MITOTIC|MEIOSIS|DNA_REPLICATION|CELL_PROLIFERATION|CYTOKINESIS|CHROMOSOME_SEGREGATION|SPINDLE),PREDEFINED,7,False
Q1,GO_BP,GOBP_REGULATION_OF_NEURAL_PRECURSOR_CELL_PROLIFERATION,Regulation Of Neural Precursor Cell Proliferation,TERM_ID_REGEX:(?:CELL_CYCLE|MITOTIC|MEIOSIS|DNA_REPLICATION|CELL_PROLIFERATION|CYTOKINESIS|CHROMOSOME_SEGREGATION|SPINDLE),PREDEFINED,55,True
Q1,GO_BP,GOBP_REGULATION_OF_NK_T_CELL_PROLIFERATION,Regulation Of Nk T Cell Proliferation,TERM_ID_REGEX:(?:CELL_CYCLE|MITOTIC|MEIOSIS|DNA_REPLICATION|CELL_PROLIFERATION|CYTOKINESIS|CHROMOSOME_SEGREGATION|SPINDLE),PREDEFINED,3,False
Q1,GO_BP,GOBP_REGULATION_OF_NUCLEAR_CELL_CYCLE_DNA_REPLICATION,Regulation Of Nuclear Cell Cycle Dna Replication,TERM_ID_REGEX:(?:CELL_CYCLE|MITOTIC|MEIOSIS|DNA_REPLICATION|CELL_PROLIFERATION|CYTOKINESIS|CHROMOSOME_SEGREGATION|SPINDLE),PREDEFINED,13,False
Q1,GO_BP,GOBP_REGULATION_OF_SKELETAL_MUSCLE_CELL_PROLIFERATION,Regulation Of Skeletal Muscle Cell Proliferation,TERM_ID_REGEX:(?:CELL_CYCLE|MITOTIC|MEIOSIS|DNA_REPLICATION|CELL_PROLIFERATION|CYTOKINESIS|CHROMOSOME_SEGREGATION|SPINDLE),PREDEFINED,12,False
Q1,GO_BP,GOBP_REGULATION_OF_SPINDLE_ASSEMBLY,Regulation Of Spindle Assembly,TERM_ID_REGEX:(?:CELL_CYCLE|MITOTIC|MEIOSIS|DNA_REPLICATION|CELL_PROLIFERATION|CYTOKINESIS|CHROMOSOME_SEGREGATION|SPINDLE),PREDEFINED,33,True
Q1,GO_BP,GOBP_REGULATION_OF_SPINDLE_CHECKPOINT,Regulation Of Spindle Checkpoint,TERM_ID_REGEX:(?:CELL_CYCLE|MITOTIC|MEIOSIS|DNA_REPLICATION|CELL_PROLIFERATION|CYTOKINESIS|CHROMOSOME_SEGREGATION|SPINDLE),PREDEFINED,29,True
Q1,GO_BP,GOBP_REGULATION_OF_SPINDLE_ORGANIZATION,Regulation Of Spindle Organization,TERM_ID_REGEX:(?:CELL_CYCLE|MITOTIC|MEIOSIS|DNA_REPLICATION|CELL_PROLIFERATION|CYTOKINESIS|CHROMOSOME_SEGREGATION|SPINDLE),PREDEFINED,47,True
Q1,GO_BP,GOBP_REGULATION_OF_STEM_CELL_PROLIFERATION,Regulation Of Stem Cell Proliferation,TERM_ID_REGEX:(?:CELL_CYCLE|MITOTIC|MEIOSIS|DNA_REPLICATION|CELL_PROLIFERATION|CYTOKINESIS|CHROMOSOME_SEGREGATION|SPINDLE),PREDEFINED,30,True
Q1,GO_BP,GOBP_REGULATION_OF_TYPE_B_PANCREATIC_CELL_PROLIFERATION,Regulation Of Type B Pancreatic Cell Proliferation,TERM_ID_REGEX:(?:CELL_CYCLE|MITOTIC|MEIOSIS|DNA_REPLICATION|CELL_PROLIFERATION|CYTOKINESIS|CHROMOSOME_SEGREGATION|SPINDLE),PREDEFINED,8,False
Q1,GO_BP,GOBP_RESOLUTION_OF_MITOTIC_RECOMBINATION_INTERMEDIATES,Resolution Of Mitotic Recombination Intermediates,TERM_ID_REGEX:(?:CELL_CYCLE|MITOTIC|MEIOSIS|DNA_REPLICATION|CELL_PROLIFERATION|CYTOKINESIS|CHROMOSOME_SEGREGATION|SPINDLE),PREDEFINED,5,False
Q1,GO_BP,GOBP_RESPONSE_TO_CELL_CYCLE_CHECKPOINT_SIGNALING,Response To Cell Cycle Checkpoint Signaling,TERM_ID_REGEX:(?:CELL_CYCLE|MITOTIC|MEIOSIS|DNA_REPLICATION|CELL_PROLIFERATION|CYTOKINESIS|CHROMOSOME_SEGREGATION|SPINDLE),PREDEFINED,9,False
Q1,GO_BP,GOBP_SCHWANN_CELL_PROLIFERATION,Schwann Cell Proliferation,TERM_ID_REGEX:(?:CELL_CYCLE|MITOTIC|MEIOSIS|DNA_REPLICATION|CELL_PROLIFERATION|CYTOKINESIS|CHROMOSOME_SEGREGATION|SPINDLE),PREDEFINED,7,False
Q1,GO_BP,GOBP_SERTOLI_CELL_PROLIFERATION,Sertoli Cell Proliferation,TERM_ID_REGEX:(?:CELL_CYCLE|MITOTIC|MEIOSIS|DNA_REPLICATION|CELL_PROLIFERATION|CYTOKINESIS|CHROMOSOME_SEGREGATION|SPINDLE),PREDEFINED,3,False
Q1,GO_BP,GOBP_SKELETAL_MUSCLE_CELL_PROLIFERATION,Skeletal Muscle Cell Proliferation,TERM_ID_REGEX:(?:CELL_CYCLE|MITOTIC|MEIOSIS|DNA_REPLICATION|CELL_PROLIFERATION|CYTOKINESIS|CHROMOSOME_SEGREGATION|SPINDLE),PREDEFINED,17,True
Q1,GO_BP,GOBP_SMOOTH_MUSCLE_CELL_PROLIFERATION,Smooth Muscle Cell Proliferation,TERM_ID_REGEX:(?:CELL_CYCLE|MITOTIC|MEIOSIS|DNA_REPLICATION|CELL_PROLIFERATION|CYTOKINESIS|CHROMOSOME_SEGREGATION|SPINDLE),PREDEFINED,106,True
Q1,GO_BP,GOBP_SPINDLE_ASSEMBLY,Spindle Assembly,TERM_ID_REGEX:(?:CELL_CYCLE|MITOTIC|MEIOSIS|DNA_REPLICATION|CELL_PROLIFERATION|CYTOKINESIS|CHROMOSOME_SEGREGATION|SPINDLE),PREDEFINED,133,True
Q1,GO_BP,GOBP_SPINDLE_ASSEMBLY_INVOLVED_IN_FEMALE_MEIOSIS,Spindle Assembly Involved In Female Meiosis,TERM_ID_REGEX:(?:CELL_CYCLE|MITOTIC|MEIOSIS|DNA_REPLICATION|CELL_PROLIFERATION|CYTOKINESIS|CHROMOSOME_SEGREGATION|SPINDLE),PREDEFINED,11,False
Q1,GO_BP,GOBP_SPINDLE_ELONGATION,Spindle Elongation,TERM_ID_REGEX:(?:CELL_CYCLE|MITOTIC|MEIOSIS|DNA_REPLICATION|CELL_PROLIFERATION|CYTOKINESIS|CHROMOSOME_SEGREGATION|SPINDLE),PREDEFINED,12,False
Q1,GO_BP,GOBP_SPINDLE_LOCALIZATION,Spindle Localization,TERM_ID_REGEX:(?:CELL_CYCLE|MITOTIC|MEIOSIS|DNA_REPLICATION|CELL_PROLIFERATION|CYTOKINESIS|CHROMOSOME_SEGREGATION|SPINDLE),PREDEFINED,55,True
Q1,GO_BP,GOBP_SPINDLE_MIDZONE_ASSEMBLY,Spindle Midzone Assembly,TERM_ID_REGEX:(?:CELL_CYCLE|MITOTIC|MEIOSIS|DNA_REPLICATION|CELL_PROLIFERATION|CYTOKINESIS|CHROMOSOME_SEGREGATION|SPINDLE),PREDEFINED,12,False
Q1,GO_BP,GOBP_SPINDLE_ORGANIZATION,Spindle Organization,TERM_ID_REGEX:(?:CELL_CYCLE|MITOTIC|MEIOSIS|DNA_REPLICATION|CELL_PROLIFERATION|CYTOKINESIS|CHROMOSOME_SEGREGATION|SPINDLE),PREDEFINED,201,True
Q1,GO_BP,GOBP_STEM_CELL_PROLIFERATION,Stem Cell Proliferation,TERM_ID_REGEX:(?:CELL_CYCLE|MITOTIC|MEIOSIS|DNA_REPLICATION|CELL_PROLIFERATION|CYTOKINESIS|CHROMOSOME_SEGREGATION|SPINDLE),PREDEFINED,55,True
Q1,GO_BP,GOBP_STRIATED_MUSCLE_CELL_PROLIFERATION,Striated Muscle Cell Proliferation,TERM_ID_REGEX:(?:CELL_CYCLE|MITOTIC|MEIOSIS|DNA_REPLICATION|CELL_PROLIFERATION|CYTOKINESIS|CHROMOSOME_SEGREGATION|SPINDLE),PREDEFINED,58,True
Q1,GO_BP,GOBP_TYPE_B_PANCREATIC_CELL_PROLIFERATION,Type B Pancreatic Cell Proliferation,TERM_ID_REGEX:(?:CELL_CYCLE|MITOTIC|MEIOSIS|DNA_REPLICATION|CELL_PROLIFERATION|CYTOKINESIS|CHROMOSOME_SEGREGATION|SPINDLE),PREDEFINED,15,True
Q1,GO_BP,GOBP_T_CELL_PROLIFERATION,T Cell Proliferation,TERM_ID_REGEX:(?:CELL_CYCLE|MITOTIC|MEIOSIS|DNA_REPLICATION|CELL_PROLIFERATION|CYTOKINESIS|CHROMOSOME_SEGREGATION|SPINDLE),PREDEFINED,132,True
Q1,GO_BP,GOBP_VASCULAR_ASSOCIATED_SMOOTH_MUSCLE_CELL_PROLIFERATION,Vascular Associated Smooth Muscle Cell Proliferation,TERM_ID_REGEX:(?:CELL_CYCLE|MITOTIC|MEIOSIS|DNA_REPLICATION|CELL_PROLIFERATION|CYTOKINESIS|CHROMOSOME_SEGREGATION|SPINDLE),PREDEFINED,48,True
Q1,GO_BP,GOBP_VASCULAR_ENDOTHELIAL_CELL_PROLIFERATION,Vascular Endothelial Cell Proliferation,TERM_ID_REGEX:(?:CELL_CYCLE|MITOTIC|MEIOSIS|DNA_REPLICATION|CELL_PROLIFERATION|CYTOKINESIS|CHROMOSOME_SEGREGATION|SPINDLE),PREDEFINED,20,True
Q1,GO_BP,GOBP_WHITE_FAT_CELL_PROLIFERATION,White Fat Cell Proliferation,TERM_ID_REGEX:(?:CELL_CYCLE|MITOTIC|MEIOSIS|DNA_REPLICATION|CELL_PROLIFERATION|CYTOKINESIS|CHROMOSOME_SEGREGATION|SPINDLE),PREDEFINED,4,False
Q1,Hallmark,HALLMARK_E2F_TARGETS,E2F Targets,EXACT_ID:HALLMARK_E2F_TARGETS,PREDEFINED,197,True
Q1,Hallmark,HALLMARK_G2M_CHECKPOINT,G2M Checkpoint,EXACT_ID:HALLMARK_G2M_CHECKPOINT,PREDEFINED,193,True
Q1,Hallmark,HALLMARK_MITOTIC_SPINDLE,Mitotic Spindle,EXACT_ID:HALLMARK_MITOTIC_SPINDLE,PREDEFINED,195,True
Q1,Reactome,REACTOME_ABERRANT_REGULATION_OF_MITOTIC_EXIT_IN_CANCER_DUE_TO_RB1_DEFECTS,Aberrant Regulation Of Mitotic Exit In Cancer Due To Rb1 Defects,TERM_ID_REGEX:(?:CELL_CYCLE|MITOTIC|MEIOSIS|DNA_REPLICATION|CELL_PROLIFERATION|CYTOKINESIS|CHROMOSOME_SEGREGATION|SPINDLE),PREDEFINED,20,True
Q1,Reactome,REACTOME_ABERRANT_REGULATION_OF_MITOTIC_G1_S_TRANSITION_IN_CANCER_DUE_TO_RB1_DEFECTS,Aberrant Regulation Of Mitotic G1 S Transition In Cancer Due To Rb1 Defects,TERM_ID_REGEX:(?:CELL_CYCLE|MITOTIC|MEIOSIS|DNA_REPLICATION|CELL_PROLIFERATION|CYTOKINESIS|CHROMOSOME_SEGREGATION|SPINDLE),PREDEFINED,17,True
Q1,Reactome,REACTOME_ACTIVATION_OF_APC_C_AND_APC_C_CDC20_MEDIATED_DEGRADATION_OF_MITOTIC_PROTEINS,Activation Of Apc C And Apc C Cdc20 Mediated Degradation Of Mitotic Proteins,TERM_ID_REGEX:(?:CELL_CYCLE|MITOTIC|MEIOSIS|DNA_REPLICATION|CELL_PROLIFERATION|CYTOKINESIS|CHROMOSOME_SEGREGATION|SPINDLE),PREDEFINED,63,True
Q1,Reactome,REACTOME_APC_C_MEDIATED_DEGRADATION_OF_CELL_CYCLE_PROTEINS,Apc C Mediated Degradation Of Cell Cycle Proteins,TERM_ID_REGEX:(?:CELL_CYCLE|MITOTIC|MEIOSIS|DNA_REPLICATION|CELL_PROLIFERATION|CYTOKINESIS|CHROMOSOME_SEGREGATION|SPINDLE),PREDEFINED,74,True
Q1,Reactome,REACTOME_CELL_CYCLE,Cell Cycle,TERM_ID_REGEX:(?:CELL_CYCLE|MITOTIC|MEIOSIS|DNA_REPLICATION|CELL_PROLIFERATION|CYTOKINESIS|CHROMOSOME_SEGREGATION|SPINDLE),PREDEFINED,594,False
Q1,Reactome,REACTOME_CELL_CYCLE_CHECKPOINTS,Cell Cycle Checkpoints,TERM_ID_REGEX:(?:CELL_CYCLE|MITOTIC|MEIOSIS|DNA_REPLICATION|CELL_PROLIFERATION|CYTOKINESIS|CHROMOSOME_SEGREGATION|SPINDLE),PREDEFINED,252,True
Q1,Reactome,REACTOME_CELL_CYCLE_MITOTIC,Cell Cycle Mitotic,TERM_ID_REGEX:(?:CELL_CYCLE|MITOTIC|MEIOSIS|DNA_REPLICATION|CELL_PROLIFERATION|CYTOKINESIS|CHROMOSOME_SEGREGATION|SPINDLE),PREDEFINED,472,True
Q1,Reactome,REACTOME_DISEASES_OF_MITOTIC_CELL_CYCLE,Diseases Of Mitotic Cell Cycle,TERM_ID_REGEX:(?:CELL_CYCLE|MITOTIC|MEIOSIS|DNA_REPLICATION|CELL_PROLIFERATION|CYTOKINESIS|CHROMOSOME_SEGREGATION|SPINDLE),PREDEFINED,38,True
Q1,Reactome,REACTOME_DNA_REPLICATION,Dna Replication,TERM_ID_REGEX:(?:CELL_CYCLE|MITOTIC|MEIOSIS|DNA_REPLICATION|CELL_PROLIFERATION|CYTOKINESIS|CHROMOSOME_SEGREGATION|SPINDLE),PREDEFINED,123,True
Q1,Reactome,REACTOME_DNA_REPLICATION_INITIATION,Dna Replication Initiation,TERM_ID_REGEX:(?:CELL_CYCLE|MITOTIC|MEIOSIS|DNA_REPLICATION|CELL_PROLIFERATION|CYTOKINESIS|CHROMOSOME_SEGREGATION|SPINDLE),PREDEFINED,8,False
Q1,Reactome,REACTOME_DNA_REPLICATION_PRE_INITIATION,Dna Replication Pre Initiation,TERM_ID_REGEX:(?:CELL_CYCLE|MITOTIC|MEIOSIS|DNA_REPLICATION|CELL_PROLIFERATION|CYTOKINESIS|CHROMOSOME_SEGREGATION|SPINDLE),PREDEFINED,89,True
Q1,Reactome,REACTOME_E2F_MEDIATED_REGULATION_OF_DNA_REPLICATION,E2F Mediated Regulation Of Dna Replication,TERM_ID_REGEX:(?:CELL_CYCLE|MITOTIC|MEIOSIS|DNA_REPLICATION|CELL_PROLIFERATION|CYTOKINESIS|CHROMOSOME_SEGREGATION|SPINDLE),PREDEFINED,22,True
Q1,Reactome,REACTOME_FBXL7_DOWN_REGULATES_AURKA_DURING_MITOTIC_ENTRY_AND_IN_EARLY_MITOSIS,Fbxl7 Down Regulates Aurka During Mitotic Entry And In Early Mitosis,TERM_ID_REGEX:(?:CELL_CYCLE|MITOTIC|MEIOSIS|DNA_REPLICATION|CELL_PROLIFERATION|CYTOKINESIS|CHROMOSOME_SEGREGATION|SPINDLE),PREDEFINED,42,True
Q1,Reactome,REACTOME_FOXO_MEDIATED_TRANSCRIPTION_OF_CELL_CYCLE_GENES,Foxo Mediated Transcription Of Cell Cycle Genes,TERM_ID_REGEX:(?:CELL_CYCLE|MITOTIC|MEIOSIS|DNA_REPLICATION|CELL_PROLIFERATION|CYTOKINESIS|CHROMOSOME_SEGREGATION|SPINDLE),PREDEFINED,15,True
Q1,Reactome,REACTOME_G2_M_DNA_REPLICATION_CHECKPOINT,G2 M Dna Replication Checkpoint,TERM_ID_REGEX:(?:CELL_CYCLE|MITOTIC|MEIOSIS|DNA_REPLICATION|CELL_PROLIFERATION|CYTOKINESIS|CHROMOSOME_SEGREGATION|SPINDLE),PREDEFINED,6,False
Q1,Reactome,REACTOME_INHIBITION_OF_THE_PROTEOLYTIC_ACTIVITY_OF_APC_C_REQUIRED_FOR_THE_ONSET_OF_ANAPHASE_BY_MITOTIC_SPINDLE_CHECKPOINT_COMPONENTS,Inhibition Of The Proteolytic Activity Of Apc C Required For The Onset Of Anaphase By Mitotic Spindle Checkpoint Components,TERM_ID_REGEX:(?:CELL_CYCLE|MITOTIC|MEIOSIS|DNA_REPLICATION|CELL_PROLIFERATION|CYTOKINESIS|CHROMOSOME_SEGREGATION|SPINDLE),PREDEFINED,21,True
Q1,Reactome,REACTOME_MASTL_FACILITATES_MITOTIC_PROGRESSION,Mastl Facilitates Mitotic Progression,TERM_ID_REGEX:(?:CELL_CYCLE|MITOTIC|MEIOSIS|DNA_REPLICATION|CELL_PROLIFERATION|CYTOKINESIS|CHROMOSOME_SEGREGATION|SPINDLE),PREDEFINED,10,False
Q1,Reactome,REACTOME_MEIOSIS,Meiosis,TERM_ID_REGEX:(?:CELL_CYCLE|MITOTIC|MEIOSIS|DNA_REPLICATION|CELL_PROLIFERATION|CYTOKINESIS|CHROMOSOME_SEGREGATION|SPINDLE),PREDEFINED,48,True
Q1,Reactome,REACTOME_MITOTIC_G1_PHASE_AND_G1_S_TRANSITION,Mitotic G1 Phase And G1 S Transition,TERM_ID_REGEX:(?:CELL_CYCLE|MITOTIC|MEIOSIS|DNA_REPLICATION|CELL_PROLIFERATION|CYTOKINESIS|CHROMOSOME_SEGREGATION|SPINDLE),PREDEFINED,137,True
Q1,Reactome,REACTOME_MITOTIC_G2_G2_M_PHASES,Mitotic G2 G2 M Phases,TERM_ID_REGEX:(?:CELL_CYCLE|MITOTIC|MEIOSIS|DNA_REPLICATION|CELL_PROLIFERATION|CYTOKINESIS|CHROMOSOME_SEGREGATION|SPINDLE),PREDEFINED,181,True
Q1,Reactome,REACTOME_MITOTIC_METAPHASE_AND_ANAPHASE,Mitotic Metaphase And Anaphase,TERM_ID_REGEX:(?:CELL_CYCLE|MITOTIC|MEIOSIS|DNA_REPLICATION|CELL_PROLIFERATION|CYTOKINESIS|CHROMOSOME_SEGREGATION|SPINDLE),PREDEFINED,212,True
Q1,Reactome,REACTOME_MITOTIC_PROMETAPHASE,Mitotic Prometaphase,TERM_ID_REGEX:(?:CELL_CYCLE|MITOTIC|MEIOSIS|DNA_REPLICATION|CELL_PROLIFERATION|CYTOKINESIS|CHROMOSOME_SEGREGATION|SPINDLE),PREDEFINED,191,True
Q1,Reactome,REACTOME_MITOTIC_PROPHASE,Mitotic Prophase,TERM_ID_REGEX:(?:CELL_CYCLE|MITOTIC|MEIOSIS|DNA_REPLICATION|CELL_PROLIFERATION|CYTOKINESIS|CHROMOSOME_SEGREGATION|SPINDLE),PREDEFINED,79,True
Q1,Reactome,REACTOME_MITOTIC_SPINDLE_CHECKPOINT,Mitotic Spindle Checkpoint,TERM_ID_REGEX:(?:CELL_CYCLE|MITOTIC|MEIOSIS|DNA_REPLICATION|CELL_PROLIFERATION|CYTOKINESIS|CHROMOSOME_SEGREGATION|SPINDLE),PREDEFINED,109,True
Q1,Reactome,REACTOME_MITOTIC_TELOPHASE_CYTOKINESIS,Mitotic Telophase Cytokinesis,TERM_ID_REGEX:(?:CELL_CYCLE|MITOTIC|MEIOSIS|DNA_REPLICATION|CELL_PROLIFERATION|CYTOKINESIS|CHROMOSOME_SEGREGATION|SPINDLE),PREDEFINED,13,False
Q1,Reactome,REACTOME_P75NTR_NEGATIVELY_REGULATES_CELL_CYCLE_VIA_SC1,P75Ntr Negatively Regulates Cell Cycle Via Sc1,TERM_ID_REGEX:(?:CELL_CYCLE|MITOTIC|MEIOSIS|DNA_REPLICATION|CELL_PROLIFERATION|CYTOKINESIS|CHROMOSOME_SEGREGATION|SPINDLE),PREDEFINED,5,False
Q1,Reactome,REACTOME_POSTMITOTIC_NUCLEAR_PORE_COMPLEX_NPC_REFORMATION,Postmitotic Nuclear Pore Complex Npc Reformation,TERM_ID_REGEX:(?:CELL_CYCLE|MITOTIC|MEIOSIS|DNA_REPLICATION|CELL_PROLIFERATION|CYTOKINESIS|CHROMOSOME_SEGREGATION|SPINDLE),PREDEFINED,27,True
Q1,Reactome,REACTOME_PTK6_REGULATES_CELL_CYCLE,Ptk6 Regulates Cell Cycle,TERM_ID_REGEX:(?:CELL_CYCLE|MITOTIC|MEIOSIS|DNA_REPLICATION|CELL_PROLIFERATION|CYTOKINESIS|CHROMOSOME_SEGREGATION|SPINDLE),PREDEFINED,6,False
Q1,Reactome,REACTOME_RECRUITMENT_OF_MITOTIC_CENTROSOME_PROTEINS_AND_COMPLEXES,Recruitment Of Mitotic Centrosome Proteins And Complexes,TERM_ID_REGEX:(?:CELL_CYCLE|MITOTIC|MEIOSIS|DNA_REPLICATION|CELL_PROLIFERATION|CYTOKINESIS|CHROMOSOME_SEGREGATION|SPINDLE),PREDEFINED,78,True
Q1,Reactome,REACTOME_RECRUITMENT_OF_NUMA_TO_MITOTIC_CENTROSOMES,Recruitment Of Numa To Mitotic Centrosomes,TERM_ID_REGEX:(?:CELL_CYCLE|MITOTIC|MEIOSIS|DNA_REPLICATION|CELL_PROLIFERATION|CYTOKINESIS|CHROMOSOME_SEGREGATION|SPINDLE),PREDEFINED,85,True
Q1,Reactome,REACTOME_REGULATION_OF_MITF_M_DEPENDENT_GENES_INVOLVED_IN_CELL_CYCLE_AND_PROLIFERATION,Regulation Of Mitf M Dependent Genes Involved In Cell Cycle And Proliferation,TERM_ID_REGEX:(?:CELL_CYCLE|MITOTIC|MEIOSIS|DNA_REPLICATION|CELL_PROLIFERATION|CYTOKINESIS|CHROMOSOME_SEGREGATION|SPINDLE),PREDEFINED,18,True
Q1,Reactome,REACTOME_REGULATION_OF_MITF_M_DEPENDENT_GENES_INVOLVED_IN_DNA_REPLICATION_DAMAGE_REPAIR_AND_SENESCENCE,Regulation Of Mitf M Dependent Genes Involved In Dna Replication Damage Repair And Senescence,TERM_ID_REGEX:(?:CELL_CYCLE|MITOTIC|MEIOSIS|DNA_REPLICATION|CELL_PROLIFERATION|CYTOKINESIS|CHROMOSOME_SEGREGATION|SPINDLE),PREDEFINED,5,False
Q1,Reactome,REACTOME_STRAND_ASYNCHRONOUS_MITOCHONDRIAL_DNA_REPLICATION,Strand Asynchronous Mitochondrial Dna Replication,TERM_ID_REGEX:(?:CELL_CYCLE|MITOTIC|MEIOSIS|DNA_REPLICATION|CELL_PROLIFERATION|CYTOKINESIS|CHROMOSOME_SEGREGATION|SPINDLE),PREDEFINED,10,False
Q1,Reactome,REACTOME_SUMOYLATION_OF_DNA_REPLICATION_PROTEINS,Sumoylation Of Dna Replication Proteins,TERM_ID_REGEX:(?:CELL_CYCLE|MITOTIC|MEIOSIS|DNA_REPLICATION|CELL_PROLIFERATION|CYTOKINESIS|CHROMOSOME_SEGREGATION|SPINDLE),PREDEFINED,44,True
Q1,Reactome,REACTOME_TFAP2_AP_2_FAMILY_REGULATES_TRANSCRIPTION_OF_CELL_CYCLE_FACTORS,Tfap2 Ap 2 Family Regulates Transcription Of Cell Cycle Factors,TERM_ID_REGEX:(?:CELL_CYCLE|MITOTIC|MEIOSIS|DNA_REPLICATION|CELL_PROLIFERATION|CYTOKINESIS|CHROMOSOME_SEGREGATION|SPINDLE),PREDEFINED,5,False
Q1,Reactome,REACTOME_TP53_REGULATES_TRANSCRIPTION_OF_ADDITIONAL_CELL_CYCLE_GENES_WHOSE_EXACT_ROLE_IN_THE_P53_PATHWAY_REMAIN_UNCERTAIN,Tp53 Regulates Transcription Of Additional Cell Cycle Genes Whose Exact Role In The P53 Pathway Remain Uncertain,TERM_ID_REGEX:(?:CELL_CYCLE|MITOTIC|MEIOSIS|DNA_REPLICATION|CELL_PROLIFERATION|CYTOKINESIS|CHROMOSOME_SEGREGATION|SPINDLE),PREDEFINED,20,True
Q1,Reactome,REACTOME_TP53_REGULATES_TRANSCRIPTION_OF_CELL_CYCLE_GENES,Tp53 Regulates Transcription Of Cell Cycle Genes,TERM_ID_REGEX:(?:CELL_CYCLE|MITOTIC|MEIOSIS|DNA_REPLICATION|CELL_PROLIFERATION|CYTOKINESIS|CHROMOSOME_SEGREGATION|SPINDLE),PREDEFINED,46,True
Q1,Reactome,REACTOME_TP53_REGULATES_TRANSCRIPTION_OF_GENES_INVOLVED_IN_G1_CELL_CYCLE_ARREST,Tp53 Regulates Transcription Of Genes Involved In G1 Cell Cycle Arrest,TERM_ID_REGEX:(?:CELL_CYCLE|MITOTIC|MEIOSIS|DNA_REPLICATION|CELL_PROLIFERATION|CYTOKINESIS|CHROMOSOME_SEGREGATION|SPINDLE),PREDEFINED,13,False
Q1,Reactome,REACTOME_TP53_REGULATES_TRANSCRIPTION_OF_GENES_INVOLVED_IN_G2_CELL_CYCLE_ARREST,Tp53 Regulates Transcription Of Genes Involved In G2 Cell Cycle Arrest,TERM_ID_REGEX:(?:CELL_CYCLE|MITOTIC|MEIOSIS|DNA_REPLICATION|CELL_PROLIFERATION|CYTOKINESIS|CHROMOSOME_SEGREGATION|SPINDLE),PREDEFINED,17,True
Q1,Reactome,REACTOME_VEGFR2_MEDIATED_CELL_PROLIFERATION,Vegfr2 Mediated Cell Proliferation,TERM_ID_REGEX:(?:CELL_CYCLE|MITOTIC|MEIOSIS|DNA_REPLICATION|CELL_PROLIFERATION|CYTOKINESIS|CHROMOSOME_SEGREGATION|SPINDLE),PREDEFINED,17,True
Q2,GO_BP,GOBP_ACTIN_POLYMERIZATION_DEPENDENT_CELL_MOTILITY,Actin Polymerization Dependent Cell Motility,TERM_ID_REGEX:(?:MIGRATION|MOTILITY|LOCOMOTION|CHEMOTAXIS),PREDEFINED,6,False
Q2,GO_BP,GOBP_AMEBOIDAL_TYPE_CELL_MIGRATION,Ameboidal Type Cell Migration,TERM_ID_REGEX:(?:MIGRATION|MOTILITY|LOCOMOTION|CHEMOTAXIS),PREDEFINED,196,True
Q2,GO_BP,GOBP_ASTROCYTE_CELL_MIGRATION,Astrocyte Cell Migration,TERM_ID_REGEX:(?:MIGRATION|MOTILITY|LOCOMOTION|CHEMOTAXIS),PREDEFINED,4,False
Q2,GO_BP,GOBP_BLOOD_VESSEL_ENDOTHELIAL_CELL_MIGRATION,Blood Vessel Endothelial Cell Migration,TERM_ID_REGEX:(?:MIGRATION|MOTILITY|LOCOMOTION|CHEMOTAXIS),PREDEFINED,104,True
Q2,GO_BP,GOBP_B_CELL_CHEMOTAXIS,B Cell Chemotaxis,TERM_ID_REGEX:(?:MIGRATION|MOTILITY|LOCOMOTION|CHEMOTAXIS),PREDEFINED,6,False
Q2,GO_BP,GOBP_CARDIAC_NEURAL_CREST_CELL_MIGRATION_INVOLVED_IN_OUTFLOW_TRACT_MORPHOGENESIS,Cardiac Neural Crest Cell Migration Involved In Outflow Tract Morphogenesis,TERM_ID_REGEX:(?:MIGRATION|MOTILITY|LOCOMOTION|CHEMOTAXIS),PREDEFINED,9,False
Q2,GO_BP,GOBP_CELL_CHEMOTAXIS,Cell Chemotaxis,TERM_ID_REGEX:(?:MIGRATION|MOTILITY|LOCOMOTION|CHEMOTAXIS),PREDEFINED,193,True
Q2,GO_BP,GOBP_CELL_MIGRATION,Cell Migration,TERM_ID_REGEX:(?:MIGRATION|MOTILITY|LOCOMOTION|CHEMOTAXIS),PREDEFINED,1135,False
Q2,GO_BP,GOBP_CELL_MIGRATION_INVOLVED_IN_GASTRULATION,Cell Migration Involved In Gastrulation,TERM_ID_REGEX:(?:MIGRATION|MOTILITY|LOCOMOTION|CHEMOTAXIS),PREDEFINED,7,False
Q2,GO_BP,GOBP_CELL_MIGRATION_INVOLVED_IN_HEART_DEVELOPMENT,Cell Migration Involved In Heart Development,TERM_ID_REGEX:(?:MIGRATION|MOTILITY|LOCOMOTION|CHEMOTAXIS),PREDEFINED,17,True
Q2,GO_BP,GOBP_CELL_MIGRATION_INVOLVED_IN_KIDNEY_DEVELOPMENT,Cell Migration Involved In Kidney Development,TERM_ID_REGEX:(?:MIGRATION|MOTILITY|LOCOMOTION|CHEMOTAXIS),PREDEFINED,2,False
Q2,GO_BP,GOBP_CELL_MIGRATION_INVOLVED_IN_SPROUTING_ANGIOGENESIS,Cell Migration Involved In Sprouting Angiogenesis,TERM_ID_REGEX:(?:MIGRATION|MOTILITY|LOCOMOTION|CHEMOTAXIS),PREDEFINED,55,True
Q2,GO_BP,GOBP_CELL_MIGRATION_IN_HINDBRAIN,Cell Migration In Hindbrain,TERM_ID_REGEX:(?:MIGRATION|MOTILITY|LOCOMOTION|CHEMOTAXIS),PREDEFINED,12,False
Q2,GO_BP,GOBP_CELL_MOTILITY,Cell Motility,TERM_ID_REGEX:(?:MIGRATION|MOTILITY|LOCOMOTION|CHEMOTAXIS),PREDEFINED,1290,False
Q2,GO_BP,GOBP_CELL_MOTILITY_INVOLVED_IN_CEREBRAL_CORTEX_RADIAL_GLIA_GUIDED_MIGRATION,Cell Motility Involved In Cerebral Cortex Radial Glia Guided Migration,TERM_ID_REGEX:(?:MIGRATION|MOTILITY|LOCOMOTION|CHEMOTAXIS),PREDEFINED,6,False
Q2,GO_BP,GOBP_CEREBRAL_CORTEX_CELL_MIGRATION,Cerebral Cortex Cell Migration,TERM_ID_REGEX:(?:MIGRATION|MOTILITY|LOCOMOTION|CHEMOTAXIS),PREDEFINED,37,True
Q2,GO_BP,GOBP_CEREBRAL_CORTEX_GABAERGIC_INTERNEURON_MIGRATION,Cerebral Cortex Gabaergic Interneuron Migration,TERM_ID_REGEX:(?:MIGRATION|MOTILITY|LOCOMOTION|CHEMOTAXIS),PREDEFINED,0,False
Q2,GO_BP,GOBP_CEREBRAL_CORTEX_RADIALLY_ORIENTED_CELL_MIGRATION,Cerebral Cortex Radially Oriented Cell Migration,TERM_ID_REGEX:(?:MIGRATION|MOTILITY|LOCOMOTION|CHEMOTAXIS),PREDEFINED,28,True
Q2,GO_BP,GOBP_CEREBRAL_CORTEX_TANGENTIAL_MIGRATION,Cerebral Cortex Tangential Migration,TERM_ID_REGEX:(?:MIGRATION|MOTILITY|LOCOMOTION|CHEMOTAXIS),PREDEFINED,4,False
Q2,GO_BP,GOBP_CILIUM_OR_FLAGELLUM_DEPENDENT_CELL_MOTILITY,Cilium Or Flagellum Dependent Cell Motility,TERM_ID_REGEX:(?:MIGRATION|MOTILITY|LOCOMOTION|CHEMOTAXIS),PREDEFINED,129,True
Q2,GO_BP,GOBP_CYTOPLASMIC_ACTIN_BASED_CONTRACTION_INVOLVED_IN_CELL_MOTILITY,Cytoplasmic Actin Based Contraction Involved In Cell Motility,TERM_ID_REGEX:(?:MIGRATION|MOTILITY|LOCOMOTION|CHEMOTAXIS),PREDEFINED,4,False
Q2,GO_BP,GOBP_DENDRITIC_CELL_CHEMOTAXIS,Dendritic Cell Chemotaxis,TERM_ID_REGEX:(?:MIGRATION|MOTILITY|LOCOMOTION|CHEMOTAXIS),PREDEFINED,10,False
Q2,GO_BP,GOBP_DENDRITIC_CELL_MIGRATION,Dendritic Cell Migration,TERM_ID_REGEX:(?:MIGRATION|MOTILITY|LOCOMOTION|CHEMOTAXIS),PREDEFINED,14,False
Q2,GO_BP,GOBP_EMBRYONIC_OLFACTORY_BULB_INTERNEURON_PRECURSOR_MIGRATION,Embryonic Olfactory Bulb Interneuron Precursor Migration,TERM_ID_REGEX:(?:MIGRATION|MOTILITY|LOCOMOTION|CHEMOTAXIS),PREDEFINED,3,False
Q2,GO_BP,GOBP_ENDOTHELIAL_CELL_CHEMOTAXIS,Endothelial Cell Chemotaxis,TERM_ID_REGEX:(?:MIGRATION|MOTILITY|LOCOMOTION|CHEMOTAXIS),PREDEFINED,23,True
Q2,GO_BP,GOBP_ENDOTHELIAL_CELL_MIGRATION,Endothelial Cell Migration,TERM_ID_REGEX:(?:MIGRATION|MOTILITY|LOCOMOTION|CHEMOTAXIS),PREDEFINED,188,True
Q2,GO_BP,GOBP_EOSINOPHIL_CHEMOTAXIS,Eosinophil Chemotaxis,TERM_ID_REGEX:(?:MIGRATION|MOTILITY|LOCOMOTION|CHEMOTAXIS),PREDEFINED,6,False
Q2,GO_BP,GOBP_EOSINOPHIL_MIGRATION,Eosinophil Migration,TERM_ID_REGEX:(?:MIGRATION|MOTILITY|LOCOMOTION|CHEMOTAXIS),PREDEFINED,8,False
Q2,GO_BP,GOBP_FIBROBLAST_MIGRATION,Fibroblast Migration,TERM_ID_REGEX:(?:MIGRATION|MOTILITY|LOCOMOTION|CHEMOTAXIS),PREDEFINED,48,True
Q2,GO_BP,GOBP_FOREBRAIN_CELL_MIGRATION,Forebrain Cell Migration,TERM_ID_REGEX:(?:MIGRATION|MOTILITY|LOCOMOTION|CHEMOTAXIS),PREDEFINED,46,True
Q2,GO_BP,GOBP_GASTRIC_MOTILITY,Gastric Motility,TERM_ID_REGEX:(?:MIGRATION|MOTILITY|LOCOMOTION|CHEMOTAXIS),PREDEFINED,1,False
Q2,GO_BP,GOBP_GERM_CELL_MIGRATION,Germ Cell Migration,TERM_ID_REGEX:(?:MIGRATION|MOTILITY|LOCOMOTION|CHEMOTAXIS),PREDEFINED,5,False
Q2,GO_BP,GOBP_GLIAL_CELL_MIGRATION,Glial Cell Migration,TERM_ID_REGEX:(?:MIGRATION|MOTILITY|LOCOMOTION|CHEMOTAXIS),PREDEFINED,43,True
Q2,GO_BP,GOBP_GONADOTROPHIN_RELEASING_HORMONE_NEURONAL_MIGRATION_TO_THE_HYPOTHALAMUS,Gonadotrophin Releasing Hormone Neuronal Migration To The Hypothalamus,TERM_ID_REGEX:(?:MIGRATION|MOTILITY|LOCOMOTION|CHEMOTAXIS),PREDEFINED,6,False
Q2,GO_BP,GOBP_GRANULOCYTE_CHEMOTAXIS,Granulocyte Chemotaxis,TERM_ID_REGEX:(?:MIGRATION|MOTILITY|LOCOMOTION|CHEMOTAXIS),PREDEFINED,70,True
Q2,GO_BP,GOBP_GRANULOCYTE_MIGRATION,Granulocyte Migration,TERM_ID_REGEX:(?:MIGRATION|MOTILITY|LOCOMOTION|CHEMOTAXIS),PREDEFINED,86,True
Q2,GO_BP,GOBP_HEMATOPOIETIC_STEM_CELL_MIGRATION,Hematopoietic Stem Cell Migration,TERM_ID_REGEX:(?:MIGRATION|MOTILITY|LOCOMOTION|CHEMOTAXIS),PREDEFINED,6,False
Q2,GO_BP,GOBP_HEMATOPOIETIC_STEM_CELL_MIGRATION_TO_BONE_MARROW,Hematopoietic Stem Cell Migration To Bone Marrow,TERM_ID_REGEX:(?:MIGRATION|MOTILITY|LOCOMOTION|CHEMOTAXIS),PREDEFINED,4,False
Q2,GO_BP,GOBP_HINDBRAIN_RADIAL_GLIA_GUIDED_CELL_MIGRATION,Hindbrain Radial Glia Guided Cell Migration,TERM_ID_REGEX:(?:MIGRATION|MOTILITY|LOCOMOTION|CHEMOTAXIS),PREDEFINED,7,False
Q2,GO_BP,GOBP_HINDBRAIN_TANGENTIAL_CELL_MIGRATION,Hindbrain Tangential Cell Migration,TERM_ID_REGEX:(?:MIGRATION|MOTILITY|LOCOMOTION|CHEMOTAXIS),PREDEFINED,4,False
Q2,GO_BP,GOBP_HYPOTHALAMUS_CELL_MIGRATION,Hypothalamus Cell Migration,TERM_ID_REGEX:(?:MIGRATION|MOTILITY|LOCOMOTION|CHEMOTAXIS),PREDEFINED,7,False
Q2,GO_BP,GOBP_INDUCTION_OF_POSITIVE_CHEMOTAXIS,Induction Of Positive Chemotaxis,TERM_ID_REGEX:(?:MIGRATION|MOTILITY|LOCOMOTION|CHEMOTAXIS),PREDEFINED,12,False
Q2,GO_BP,GOBP_INTERNEURON_MIGRATION,Interneuron Migration,TERM_ID_REGEX:(?:MIGRATION|MOTILITY|LOCOMOTION|CHEMOTAXIS),PREDEFINED,0,False
Q2,GO_BP,GOBP_INTERNEURON_MIGRATION_FROM_THE_SUBPALLIUM_TO_THE_CORTEX,Interneuron Migration From The Subpallium To The Cortex,TERM_ID_REGEX:(?:MIGRATION|MOTILITY|LOCOMOTION|CHEMOTAXIS),PREDEFINED,1,False
Q2,GO_BP,GOBP_KERATINOCYTE_MIGRATION,Keratinocyte Migration,TERM_ID_REGEX:(?:MIGRATION|MOTILITY|LOCOMOTION|CHEMOTAXIS),PREDEFINED,14,False
Q2,GO_BP,GOBP_LEUKOCYTE_CHEMOTAXIS,Leukocyte Chemotaxis,TERM_ID_REGEX:(?:MIGRATION|MOTILITY|LOCOMOTION|CHEMOTAXIS),PREDEFINED,137,True
Q2,GO_BP,GOBP_LEUKOCYTE_CHEMOTAXIS_INVOLVED_IN_INFLAMMATORY_RESPONSE,Leukocyte Chemotaxis Involved In Inflammatory Response,TERM_ID_REGEX:(?:MIGRATION|MOTILITY|LOCOMOTION|CHEMOTAXIS),PREDEFINED,3,False
Q2,GO_BP,GOBP_LEUKOCYTE_MIGRATION,Leukocyte Migration,TERM_ID_REGEX:(?:MIGRATION|MOTILITY|LOCOMOTION|CHEMOTAXIS),PREDEFINED,244,True
Q2,GO_BP,GOBP_LEUKOCYTE_MIGRATION_INVOLVED_IN_INFLAMMATORY_RESPONSE,Leukocyte Migration Involved In Inflammatory Response,TERM_ID_REGEX:(?:MIGRATION|MOTILITY|LOCOMOTION|CHEMOTAXIS),PREDEFINED,8,False
Q2,GO_BP,GOBP_LOCOMOTION,Locomotion,TERM_ID_REGEX:(?:MIGRATION|MOTILITY|LOCOMOTION|CHEMOTAXIS),PREDEFINED,891,False
Q2,GO_BP,GOBP_LOCOMOTION_INVOLVED_IN_LOCOMOTORY_BEHAVIOR,Locomotion Involved In Locomotory Behavior,TERM_ID_REGEX:(?:MIGRATION|MOTILITY|LOCOMOTION|CHEMOTAXIS),PREDEFINED,11,False
Q2,GO_BP,GOBP_LYMPHOCYTE_CHEMOTAXIS,Lymphocyte Chemotaxis,TERM_ID_REGEX:(?:MIGRATION|MOTILITY|LOCOMOTION|CHEMOTAXIS),PREDEFINED,25,True
Q2,GO_BP,GOBP_LYMPHOCYTE_MIGRATION,Lymphocyte Migration,TERM_ID_REGEX:(?:MIGRATION|MOTILITY|LOCOMOTION|CHEMOTAXIS),PREDEFINED,73,True
Q2,GO_BP,GOBP_LYMPHOCYTE_MIGRATION_INTO_LYMPHOID_ORGANS,Lymphocyte Migration Into Lymphoid Organs,TERM_ID_REGEX:(?:MIGRATION|MOTILITY|LOCOMOTION|CHEMOTAXIS),PREDEFINED,8,False
Q2,GO_BP,GOBP_MACROPHAGE_CHEMOTAXIS,Macrophage Chemotaxis,TERM_ID_REGEX:(?:MIGRATION|MOTILITY|LOCOMOTION|CHEMOTAXIS),PREDEFINED,30,True
Q2,GO_BP,GOBP_MACROPHAGE_MIGRATION,Macrophage Migration,TERM_ID_REGEX:(?:MIGRATION|MOTILITY|LOCOMOTION|CHEMOTAXIS),PREDEFINED,40,True
Q2,GO_BP,GOBP_MAST_CELL_MIGRATION,Mast Cell Migration,TERM_ID_REGEX:(?:MIGRATION|MOTILITY|LOCOMOTION|CHEMOTAXIS),PREDEFINED,11,False
Q2,GO_BP,GOBP_MESENCHYMAL_CELL_MIGRATION,Mesenchymal Cell Migration,TERM_ID_REGEX:(?:MIGRATION|MOTILITY|LOCOMOTION|CHEMOTAXIS),PREDEFINED,48,True
Q2,GO_BP,GOBP_MESENCHYME_MIGRATION,Mesenchyme Migration,TERM_ID_REGEX:(?:MIGRATION|MOTILITY|LOCOMOTION|CHEMOTAXIS),PREDEFINED,4,False
Q2,GO_BP,GOBP_MESODERMAL_CELL_MIGRATION,Mesodermal Cell Migration,TERM_ID_REGEX:(?:MIGRATION|MOTILITY|LOCOMOTION|CHEMOTAXIS),PREDEFINED,3,False
Q2,GO_BP,GOBP_MICROGLIAL_CELL_MIGRATION,Microglial Cell Migration,TERM_ID_REGEX:(?:MIGRATION|MOTILITY|LOCOMOTION|CHEMOTAXIS),PREDEFINED,3,False
Q2,GO_BP,GOBP_MODULATION_OF_MICROTUBULE_CYTOSKELETON_INVOLVED_IN_CEREBRAL_CORTEX_RADIAL_GLIA_GUIDED_MIGRATION,Modulation Of Microtubule Cytoskeleton Involved In Cerebral Cortex Radial Glia Guided Migration,TERM_ID_REGEX:(?:MIGRATION|MOTILITY|LOCOMOTION|CHEMOTAXIS),PREDEFINED,5,False
Q2,GO_BP,GOBP_MONOCYTE_CHEMOTAXIS,Monocyte Chemotaxis,TERM_ID_REGEX:(?:MIGRATION|MOTILITY|LOCOMOTION|CHEMOTAXIS),PREDEFINED,25,True
Q2,GO_BP,GOBP_MONONUCLEAR_CELL_MIGRATION,Mononuclear Cell Migration,TERM_ID_REGEX:(?:MIGRATION|MOTILITY|LOCOMOTION|CHEMOTAXIS),PREDEFINED,141,True
Q2,GO_BP,GOBP_MOTOR_NEURON_MIGRATION,Motor Neuron Migration,TERM_ID_REGEX:(?:MIGRATION|MOTILITY|LOCOMOTION|CHEMOTAXIS),PREDEFINED,4,False
Q2,GO_BP,GOBP_MUSCLE_CELL_MIGRATION,Muscle Cell Migration,TERM_ID_REGEX:(?:MIGRATION|MOTILITY|LOCOMOTION|CHEMOTAXIS),PREDEFINED,68,True
Q2,GO_BP,GOBP_MYELOID_DENDRITIC_CELL_CHEMOTAXIS,Myeloid Dendritic Cell Chemotaxis,TERM_ID_REGEX:(?:MIGRATION|MOTILITY|LOCOMOTION|CHEMOTAXIS),PREDEFINED,2,False
Q2,GO_BP,GOBP_MYELOID_LEUKOCYTE_MIGRATION,Myeloid Leukocyte Migration,TERM_ID_REGEX:(?:MIGRATION|MOTILITY|LOCOMOTION|CHEMOTAXIS),PREDEFINED,134,True
Q2,GO_BP,GOBP_MYOBLAST_MIGRATION,Myoblast Migration,TERM_ID_REGEX:(?:MIGRATION|MOTILITY|LOCOMOTION|CHEMOTAXIS),PREDEFINED,10,False
Q2,GO_BP,GOBP_NATURAL_KILLER_CELL_CHEMOTAXIS,Natural Killer Cell Chemotaxis,TERM_ID_REGEX:(?:MIGRATION|MOTILITY|LOCOMOTION|CHEMOTAXIS),PREDEFINED,3,False
Q2,GO_BP,GOBP_NEGATIVE_CHEMOTAXIS,Negative Chemotaxis,TERM_ID_REGEX:(?:MIGRATION|MOTILITY|LOCOMOTION|CHEMOTAXIS),PREDEFINED,38,True
Q2,GO_BP,GOBP_NEGATIVE_REGULATION_OF_BLOOD_VESSEL_ENDOTHELIAL_CELL_MIGRATION,Negative Regulation Of Blood Vessel Endothelial Cell Migration,TERM_ID_REGEX:(?:MIGRATION|MOTILITY|LOCOMOTION|CHEMOTAXIS),PREDEFINED,31,True
Q2,GO_BP,GOBP_NEGATIVE_REGULATION_OF_CELL_CHEMOTAXIS_TO_FIBROBLAST_GROWTH_FACTOR,Negative Regulation Of Cell Chemotaxis To Fibroblast Growth Factor,TERM_ID_REGEX:(?:MIGRATION|MOTILITY|LOCOMOTION|CHEMOTAXIS),PREDEFINED,0,False
Q2,GO_BP,GOBP_NEGATIVE_REGULATION_OF_CELL_MIGRATION_INVOLVED_IN_SPROUTING_ANGIOGENESIS,Negative Regulation Of Cell Migration Involved In Sprouting Angiogenesis,TERM_ID_REGEX:(?:MIGRATION|MOTILITY|LOCOMOTION|CHEMOTAXIS),PREDEFINED,16,True
Q2,GO_BP,GOBP_NEGATIVE_REGULATION_OF_CHEMOTAXIS,Negative Regulation Of Chemotaxis,TERM_ID_REGEX:(?:MIGRATION|MOTILITY|LOCOMOTION|CHEMOTAXIS),PREDEFINED,30,True
Q2,GO_BP,GOBP_NEGATIVE_REGULATION_OF_ENDOTHELIAL_CELL_CHEMOTAXIS,Negative Regulation Of Endothelial Cell Chemotaxis,TERM_ID_REGEX:(?:MIGRATION|MOTILITY|LOCOMOTION|CHEMOTAXIS),PREDEFINED,2,False
Q2,GO_BP,GOBP_NEGATIVE_REGULATION_OF_ENDOTHELIAL_CELL_MIGRATION,Negative Regulation Of Endothelial Cell Migration,TERM_ID_REGEX:(?:MIGRATION|MOTILITY|LOCOMOTION|CHEMOTAXIS),PREDEFINED,44,True
Q2,GO_BP,GOBP_NEGATIVE_REGULATION_OF_EPITHELIAL_CELL_MIGRATION,Negative Regulation Of Epithelial Cell Migration,TERM_ID_REGEX:(?:MIGRATION|MOTILITY|LOCOMOTION|CHEMOTAXIS),PREDEFINED,12,False
Q2,GO_BP,GOBP_NEGATIVE_REGULATION_OF_FIBROBLAST_MIGRATION,Negative Regulation Of Fibroblast Migration,TERM_ID_REGEX:(?:MIGRATION|MOTILITY|LOCOMOTION|CHEMOTAXIS),PREDEFINED,8,False
Q2,GO_BP,GOBP_NEGATIVE_REGULATION_OF_GLIAL_CELL_MIGRATION,Negative Regulation Of Glial Cell Migration,TERM_ID_REGEX:(?:MIGRATION|MOTILITY|LOCOMOTION|CHEMOTAXIS),PREDEFINED,2,False
Q2,GO_BP,GOBP_NEGATIVE_REGULATION_OF_GRANULOCYTE_CHEMOTAXIS,Negative Regulation Of Granulocyte Chemotaxis,TERM_ID_REGEX:(?:MIGRATION|MOTILITY|LOCOMOTION|CHEMOTAXIS),PREDEFINED,4,False
Q2,GO_BP,GOBP_NEGATIVE_REGULATION_OF_LEUKOCYTE_CHEMOTAXIS,Negative Regulation Of Leukocyte Chemotaxis,TERM_ID_REGEX:(?:MIGRATION|MOTILITY|LOCOMOTION|CHEMOTAXIS),PREDEFINED,12,False
Q2,GO_BP,GOBP_NEGATIVE_REGULATION_OF_LEUKOCYTE_MIGRATION,Negative Regulation Of Leukocyte Migration,TERM_ID_REGEX:(?:MIGRATION|MOTILITY|LOCOMOTION|CHEMOTAXIS),PREDEFINED,34,True
Q2,GO_BP,GOBP_NEGATIVE_REGULATION_OF_LOCOMOTION,Negative Regulation Of Locomotion,TERM_ID_REGEX:(?:MIGRATION|MOTILITY|LOCOMOTION|CHEMOTAXIS),PREDEFINED,255,True
Q2,GO_BP,GOBP_NEGATIVE_REGULATION_OF_LYMPHOCYTE_MIGRATION,Negative Regulation Of Lymphocyte Migration,TERM_ID_REGEX:(?:MIGRATION|MOTILITY|LOCOMOTION|CHEMOTAXIS),PREDEFINED,10,False
Q2,GO_BP,GOBP_NEGATIVE_REGULATION_OF_MACROPHAGE_CHEMOTAXIS,Negative Regulation Of Macrophage Chemotaxis,TERM_ID_REGEX:(?:MIGRATION|MOTILITY|LOCOMOTION|CHEMOTAXIS),PREDEFINED,3,False
Q2,GO_BP,GOBP_NEGATIVE_REGULATION_OF_MACROPHAGE_MIGRATION,Negative Regulation Of Macrophage Migration,TERM_ID_REGEX:(?:MIGRATION|MOTILITY|LOCOMOTION|CHEMOTAXIS),PREDEFINED,5,False
Q2,GO_BP,GOBP_NEGATIVE_REGULATION_OF_MONOCYTE_CHEMOTAXIS,Negative Regulation Of Monocyte Chemotaxis,TERM_ID_REGEX:(?:MIGRATION|MOTILITY|LOCOMOTION|CHEMOTAXIS),PREDEFINED,4,False
Q2,GO_BP,GOBP_NEGATIVE_REGULATION_OF_MONONUCLEAR_CELL_MIGRATION,Negative Regulation Of Mononuclear Cell Migration,TERM_ID_REGEX:(?:MIGRATION|MOTILITY|LOCOMOTION|CHEMOTAXIS),PREDEFINED,19,True
Q2,GO_BP,GOBP_NEGATIVE_REGULATION_OF_NEURON_MIGRATION,Negative Regulation Of Neuron Migration,TERM_ID_REGEX:(?:MIGRATION|MOTILITY|LOCOMOTION|CHEMOTAXIS),PREDEFINED,7,False
Q2,GO_BP,GOBP_NEGATIVE_REGULATION_OF_NEUTROPHIL_MIGRATION,Negative Regulation Of Neutrophil Migration,TERM_ID_REGEX:(?:MIGRATION|MOTILITY|LOCOMOTION|CHEMOTAXIS),PREDEFINED,4,False
Q2,GO_BP,GOBP_NEGATIVE_REGULATION_OF_SMOOTH_MUSCLE_CELL_CHEMOTAXIS,Negative Regulation Of Smooth Muscle Cell Chemotaxis,TERM_ID_REGEX:(?:MIGRATION|MOTILITY|LOCOMOTION|CHEMOTAXIS),PREDEFINED,3,False
Q2,GO_BP,GOBP_NEGATIVE_REGULATION_OF_SMOOTH_MUSCLE_CELL_MIGRATION,Negative Regulation Of Smooth Muscle Cell Migration,TERM_ID_REGEX:(?:MIGRATION|MOTILITY|LOCOMOTION|CHEMOTAXIS),PREDEFINED,20,True
Q2,GO_BP,GOBP_NEGATIVE_REGULATION_OF_TROPHOBLAST_CELL_MIGRATION,Negative Regulation Of Trophoblast Cell Migration,TERM_ID_REGEX:(?:MIGRATION|MOTILITY|LOCOMOTION|CHEMOTAXIS),PREDEFINED,4,False
Q2,GO_BP,GOBP_NEGATIVE_REGULATION_OF_T_CELL_MIGRATION,Negative Regulation Of T Cell Migration,TERM_ID_REGEX:(?:MIGRATION|MOTILITY|LOCOMOTION|CHEMOTAXIS),PREDEFINED,5,False
Q2,GO_BP,GOBP_NEGATIVE_REGULATION_OF_VASCULAR_ASSOCIATED_SMOOTH_MUSCLE_CELL_MIGRATION,Negative Regulation Of Vascular Associated Smooth Muscle Cell Migration,TERM_ID_REGEX:(?:MIGRATION|MOTILITY|LOCOMOTION|CHEMOTAXIS),PREDEFINED,8,False
Q2,GO_BP,GOBP_NEURAL_CREST_CELL_MIGRATION_INVOLVED_IN_AUTONOMIC_NERVOUS_SYSTEM_DEVELOPMENT,Neural Crest Cell Migration Involved In Autonomic Nervous System Development,TERM_ID_REGEX:(?:MIGRATION|MOTILITY|LOCOMOTION|CHEMOTAXIS),PREDEFINED,6,False
Q2,GO_BP,GOBP_NEURON_MIGRATION,Neuron Migration,TERM_ID_REGEX:(?:MIGRATION|MOTILITY|LOCOMOTION|CHEMOTAXIS),PREDEFINED,137,True
Q2,GO_BP,GOBP_NEUTROPHIL_CHEMOTAXIS,Neutrophil Chemotaxis,TERM_ID_REGEX:(?:MIGRATION|MOTILITY|LOCOMOTION|CHEMOTAXIS),PREDEFINED,49,True
Q2,GO_BP,GOBP_NEUTROPHIL_MIGRATION,Neutrophil Migration,TERM_ID_REGEX:(?:MIGRATION|MOTILITY|LOCOMOTION|CHEMOTAXIS),PREDEFINED,64,True
Q2,GO_BP,GOBP_NUCLEAR_MIGRATION_ALONG_MICROTUBULE,Nuclear Migration Along Microtubule,TERM_ID_REGEX:(?:MIGRATION|MOTILITY|LOCOMOTION|CHEMOTAXIS),PREDEFINED,4,False
Q2,GO_BP,GOBP_PODOCYTE_CELL_MIGRATION,Podocyte Cell Migration,TERM_ID_REGEX:(?:MIGRATION|MOTILITY|LOCOMOTION|CHEMOTAXIS),PREDEFINED,7,False
Q2,GO_BP,GOBP_POSITIVE_CHEMOTAXIS,Positive Chemotaxis,TERM_ID_REGEX:(?:MIGRATION|MOTILITY|LOCOMOTION|CHEMOTAXIS),PREDEFINED,47,True
Q2,GO_BP,GOBP_POSITIVE_REGULATION_OF_BLOOD_VESSEL_ENDOTHELIAL_CELL_MIGRATION,Positive Regulation Of Blood Vessel Endothelial Cell Migration,TERM_ID_REGEX:(?:MIGRATION|MOTILITY|LOCOMOTION|CHEMOTAXIS),PREDEFINED,53,True
Q2,GO_BP,GOBP_POSITIVE_REGULATION_OF_CELL_MIGRATION_INVOLVED_IN_SPROUTING_ANGIOGENESIS,Positive Regulation Of Cell Migration Involved In Sprouting Angiogenesis,TERM_ID_REGEX:(?:MIGRATION|MOTILITY|LOCOMOTION|CHEMOTAXIS),PREDEFINED,22,True
Q2,GO_BP,GOBP_POSITIVE_REGULATION_OF_CHEMOTAXIS,Positive Regulation Of Chemotaxis,TERM_ID_REGEX:(?:MIGRATION|MOTILITY|LOCOMOTION|CHEMOTAXIS),PREDEFINED,100,True
Q2,GO_BP,GOBP_POSITIVE_REGULATION_OF_DENDRITIC_CELL_CHEMOTAXIS,Positive Regulation Of Dendritic Cell Chemotaxis,TERM_ID_REGEX:(?:MIGRATION|MOTILITY|LOCOMOTION|CHEMOTAXIS),PREDEFINED,6,False
Q2,GO_BP,GOBP_POSITIVE_REGULATION_OF_ENDOTHELIAL_CELL_CHEMOTAXIS,Positive Regulation Of Endothelial Cell Chemotaxis,TERM_ID_REGEX:(?:MIGRATION|MOTILITY|LOCOMOTION|CHEMOTAXIS),PREDEFINED,12,False
Q2,GO_BP,GOBP_POSITIVE_REGULATION_OF_ENDOTHELIAL_CELL_MIGRATION,Positive Regulation Of Endothelial Cell Migration,TERM_ID_REGEX:(?:MIGRATION|MOTILITY|LOCOMOTION|CHEMOTAXIS),PREDEFINED,93,True
Q2,GO_BP,GOBP_POSITIVE_REGULATION_OF_EPITHELIAL_CELL_MIGRATION,Positive Regulation Of Epithelial Cell Migration,TERM_ID_REGEX:(?:MIGRATION|MOTILITY|LOCOMOTION|CHEMOTAXIS),PREDEFINED,39,True
Q2,GO_BP,GOBP_POSITIVE_REGULATION_OF_FIBROBLAST_MIGRATION,Positive Regulation Of Fibroblast Migration,TERM_ID_REGEX:(?:MIGRATION|MOTILITY|LOCOMOTION|CHEMOTAXIS),PREDEFINED,15,True
Q2,GO_BP,GOBP_POSITIVE_REGULATION_OF_GLIAL_CELL_MIGRATION,Positive Regulation Of Glial Cell Migration,TERM_ID_REGEX:(?:MIGRATION|MOTILITY|LOCOMOTION|CHEMOTAXIS),PREDEFINED,5,False
Q2,GO_BP,GOBP_POSITIVE_REGULATION_OF_GRANULOCYTE_CHEMOTAXIS,Positive Regulation Of Granulocyte Chemotaxis,TERM_ID_REGEX:(?:MIGRATION|MOTILITY|LOCOMOTION|CHEMOTAXIS),PREDEFINED,18,True
Q2,GO_BP,GOBP_POSITIVE_REGULATION_OF_LEUKOCYTE_CHEMOTAXIS,Positive Regulation Of Leukocyte Chemotaxis,TERM_ID_REGEX:(?:MIGRATION|MOTILITY|LOCOMOTION|CHEMOTAXIS),PREDEFINED,66,True
Q2,GO_BP,GOBP_POSITIVE_REGULATION_OF_LEUKOCYTE_MIGRATION,Positive Regulation Of Leukocyte Migration,TERM_ID_REGEX:(?:MIGRATION|MOTILITY|LOCOMOTION|CHEMOTAXIS),PREDEFINED,105,True
Q2,GO_BP,GOBP_POSITIVE_REGULATION_OF_LOCOMOTION,Positive Regulation Of Locomotion,TERM_ID_REGEX:(?:MIGRATION|MOTILITY|LOCOMOTION|CHEMOTAXIS),PREDEFINED,454,True
Q2,GO_BP,GOBP_POSITIVE_REGULATION_OF_LYMPHOCYTE_CHEMOTAXIS,Positive Regulation Of Lymphocyte Chemotaxis,TERM_ID_REGEX:(?:MIGRATION|MOTILITY|LOCOMOTION|CHEMOTAXIS),PREDEFINED,10,False
Q2,GO_BP,GOBP_POSITIVE_REGULATION_OF_LYMPHOCYTE_MIGRATION,Positive Regulation Of Lymphocyte Migration,TERM_ID_REGEX:(?:MIGRATION|MOTILITY|LOCOMOTION|CHEMOTAXIS),PREDEFINED,30,True
Q2,GO_BP,GOBP_POSITIVE_REGULATION_OF_MACROPHAGE_CHEMOTAXIS,Positive Regulation Of Macrophage Chemotaxis,TERM_ID_REGEX:(?:MIGRATION|MOTILITY|LOCOMOTION|CHEMOTAXIS),PREDEFINED,16,True
Q2,GO_BP,GOBP_POSITIVE_REGULATION_OF_MACROPHAGE_MIGRATION,Positive Regulation Of Macrophage Migration,TERM_ID_REGEX:(?:MIGRATION|MOTILITY|LOCOMOTION|CHEMOTAXIS),PREDEFINED,20,True
Q2,GO_BP,GOBP_POSITIVE_REGULATION_OF_MAST_CELL_CHEMOTAXIS,Positive Regulation Of Mast Cell Chemotaxis,TERM_ID_REGEX:(?:MIGRATION|MOTILITY|LOCOMOTION|CHEMOTAXIS),PREDEFINED,5,False
Q2,GO_BP,GOBP_POSITIVE_REGULATION_OF_MICROGLIAL_CELL_MIGRATION,Positive Regulation Of Microglial Cell Migration,TERM_ID_REGEX:(?:MIGRATION|MOTILITY|LOCOMOTION|CHEMOTAXIS),PREDEFINED,3,False
Q2,GO_BP,GOBP_POSITIVE_REGULATION_OF_MONOCYTE_CHEMOTAXIS,Positive Regulation Of Monocyte Chemotaxis,TERM_ID_REGEX:(?:MIGRATION|MOTILITY|LOCOMOTION|CHEMOTAXIS),PREDEFINED,10,False
Q2,GO_BP,GOBP_POSITIVE_REGULATION_OF_MONONUCLEAR_CELL_MIGRATION,Positive Regulation Of Mononuclear Cell Migration,TERM_ID_REGEX:(?:MIGRATION|MOTILITY|LOCOMOTION|CHEMOTAXIS),PREDEFINED,67,True
Q2,GO_BP,GOBP_POSITIVE_REGULATION_OF_NATURAL_KILLER_CELL_CHEMOTAXIS,Positive Regulation Of Natural Killer Cell Chemotaxis,TERM_ID_REGEX:(?:MIGRATION|MOTILITY|LOCOMOTION|CHEMOTAXIS),PREDEFINED,1,False
Q2,GO_BP,GOBP_POSITIVE_REGULATION_OF_NEURON_MIGRATION,Positive Regulation Of Neuron Migration,TERM_ID_REGEX:(?:MIGRATION|MOTILITY|LOCOMOTION|CHEMOTAXIS),PREDEFINED,16,True
Q2,GO_BP,GOBP_POSITIVE_REGULATION_OF_NEUTROPHIL_MIGRATION,Positive Regulation Of Neutrophil Migration,TERM_ID_REGEX:(?:MIGRATION|MOTILITY|LOCOMOTION|CHEMOTAXIS),PREDEFINED,25,True
Q2,GO_BP,GOBP_POSITIVE_REGULATION_OF_SMOOTH_MUSCLE_CELL_MIGRATION,Positive Regulation Of Smooth Muscle Cell Migration,TERM_ID_REGEX:(?:MIGRATION|MOTILITY|LOCOMOTION|CHEMOTAXIS),PREDEFINED,27,True
Q2,GO_BP,GOBP_POSITIVE_REGULATION_OF_TROPHOBLAST_CELL_MIGRATION,Positive Regulation Of Trophoblast Cell Migration,TERM_ID_REGEX:(?:MIGRATION|MOTILITY|LOCOMOTION|CHEMOTAXIS),PREDEFINED,6,False
Q2,GO_BP,GOBP_POSITIVE_REGULATION_OF_T_CELL_MIGRATION,Positive Regulation Of T Cell Migration,TERM_ID_REGEX:(?:MIGRATION|MOTILITY|LOCOMOTION|CHEMOTAXIS),PREDEFINED,25,True
Q2,GO_BP,GOBP_POSITIVE_REGULATION_OF_VASCULAR_ASSOCIATED_SMOOTH_MUSCLE_CELL_MIGRATION,Positive Regulation Of Vascular Associated Smooth Muscle Cell Migration,TERM_ID_REGEX:(?:MIGRATION|MOTILITY|LOCOMOTION|CHEMOTAXIS),PREDEFINED,13,False
Q2,GO_BP,GOBP_REGULATION_OF_CELL_CHEMOTAXIS_TO_FIBROBLAST_GROWTH_FACTOR,Regulation Of Cell Chemotaxis To Fibroblast Growth Factor,TERM_ID_REGEX:(?:MIGRATION|MOTILITY|LOCOMOTION|CHEMOTAXIS),PREDEFINED,2,False
Q2,GO_BP,GOBP_REGULATION_OF_CELL_MIGRATION_INVOLVED_IN_SPROUTING_ANGIOGENESIS,Regulation Of Cell Migration Involved In Sprouting Angiogenesis,TERM_ID_REGEX:(?:MIGRATION|MOTILITY|LOCOMOTION|CHEMOTAXIS),PREDEFINED,38,True
Q2,GO_BP,GOBP_REGULATION_OF_CHEMOTAXIS,Regulation Of Chemotaxis,TERM_ID_REGEX:(?:MIGRATION|MOTILITY|LOCOMOTION|CHEMOTAXIS),PREDEFINED,140,True
Q2,GO_BP,GOBP_REGULATION_OF_CILIUM_BEAT_FREQUENCY_INVOLVED_IN_CILIARY_MOTILITY,Regulation Of Cilium Beat Frequency Involved In Ciliary Motility,TERM_ID_REGEX:(?:MIGRATION|MOTILITY|LOCOMOTION|CHEMOTAXIS),PREDEFINED,7,False
Q2,GO_BP,GOBP_REGULATION_OF_CILIUM_DEPENDENT_CELL_MOTILITY,Regulation Of Cilium Dependent Cell Motility,TERM_ID_REGEX:(?:MIGRATION|MOTILITY|LOCOMOTION|CHEMOTAXIS),PREDEFINED,10,False
Q2,GO_BP,GOBP_REGULATION_OF_DENDRITIC_CELL_CHEMOTAXIS,Regulation Of Dendritic Cell Chemotaxis,TERM_ID_REGEX:(?:MIGRATION|MOTILITY|LOCOMOTION|CHEMOTAXIS),PREDEFINED,7,False
Q2,GO_BP,GOBP_REGULATION_OF_ENDOTHELIAL_CELL_CHEMOTAXIS,Regulation Of Endothelial Cell Chemotaxis,TERM_ID_REGEX:(?:MIGRATION|MOTILITY|LOCOMOTION|CHEMOTAXIS),PREDEFINED,15,True
Q2,GO_BP,GOBP_REGULATION_OF_ENDOTHELIAL_CELL_MIGRATION,Regulation Of Endothelial Cell Migration,TERM_ID_REGEX:(?:MIGRATION|MOTILITY|LOCOMOTION|CHEMOTAXIS),PREDEFINED,141,True
Q2,GO_BP,GOBP_REGULATION_OF_EOSINOPHIL_MIGRATION,Regulation Of Eosinophil Migration,TERM_ID_REGEX:(?:MIGRATION|MOTILITY|LOCOMOTION|CHEMOTAXIS),PREDEFINED,3,False
Q2,GO_BP,GOBP_REGULATION_OF_EPITHELIAL_CELL_MIGRATION,Regulation Of Epithelial Cell Migration,TERM_ID_REGEX:(?:MIGRATION|MOTILITY|LOCOMOTION|CHEMOTAXIS),PREDEFINED,54,True
Q2,GO_BP,GOBP_REGULATION_OF_FIBROBLAST_MIGRATION,Regulation Of Fibroblast Migration,TERM_ID_REGEX:(?:MIGRATION|MOTILITY|LOCOMOTION|CHEMOTAXIS),PREDEFINED,35,True
Q2,GO_BP,GOBP_REGULATION_OF_FLAGELLATED_SPERM_MOTILITY,Regulation Of Flagellated Sperm Motility,TERM_ID_REGEX:(?:MIGRATION|MOTILITY|LOCOMOTION|CHEMOTAXIS),PREDEFINED,3,False
Q2,GO_BP,GOBP_REGULATION_OF_GLIAL_CELL_MIGRATION,Regulation Of Glial Cell Migration,TERM_ID_REGEX:(?:MIGRATION|MOTILITY|LOCOMOTION|CHEMOTAXIS),PREDEFINED,7,False
Q2,GO_BP,GOBP_REGULATION_OF_GRANULOCYTE_CHEMOTAXIS,Regulation Of Granulocyte Chemotaxis,TERM_ID_REGEX:(?:MIGRATION|MOTILITY|LOCOMOTION|CHEMOTAXIS),PREDEFINED,39,True
Q2,GO_BP,GOBP_REGULATION_OF_KERATINOCYTE_MIGRATION,Regulation Of Keratinocyte Migration,TERM_ID_REGEX:(?:MIGRATION|MOTILITY|LOCOMOTION|CHEMOTAXIS),PREDEFINED,11,False
Q2,GO_BP,GOBP_REGULATION_OF_LEUKOCYTE_CHEMOTAXIS,Regulation Of Leukocyte Chemotaxis,TERM_ID_REGEX:(?:MIGRATION|MOTILITY|LOCOMOTION|CHEMOTAXIS),PREDEFINED,84,True
Q2,GO_BP,GOBP_REGULATION_OF_LEUKOCYTE_MIGRATION,Regulation Of Leukocyte Migration,TERM_ID_REGEX:(?:MIGRATION|MOTILITY|LOCOMOTION|CHEMOTAXIS),PREDEFINED,158,True
Q2,GO_BP,GOBP_REGULATION_OF_LOCOMOTION,Regulation Of Locomotion,TERM_ID_REGEX:(?:MIGRATION|MOTILITY|LOCOMOTION|CHEMOTAXIS),PREDEFINED,786,False
Q2,GO_BP,GOBP_REGULATION_OF_LOCOMOTION_INVOLVED_IN_LOCOMOTORY_BEHAVIOR,Regulation Of Locomotion Involved In Locomotory Behavior,TERM_ID_REGEX:(?:MIGRATION|MOTILITY|LOCOMOTION|CHEMOTAXIS),PREDEFINED,4,False
Q2,GO_BP,GOBP_REGULATION_OF_LYMPHOCYTE_CHEMOTAXIS,Regulation Of Lymphocyte Chemotaxis,TERM_ID_REGEX:(?:MIGRATION|MOTILITY|LOCOMOTION|CHEMOTAXIS),PREDEFINED,13,False
Q2,GO_BP,GOBP_REGULATION_OF_LYMPHOCYTE_MIGRATION,Regulation Of Lymphocyte Migration,TERM_ID_REGEX:(?:MIGRATION|MOTILITY|LOCOMOTION|CHEMOTAXIS),PREDEFINED,48,True
Q2,GO_BP,GOBP_REGULATION_OF_MACROPHAGE_CHEMOTAXIS,Regulation Of Macrophage Chemotaxis,TERM_ID_REGEX:(?:MIGRATION|MOTILITY|LOCOMOTION|CHEMOTAXIS),PREDEFINED,21,True
Q2,GO_BP,GOBP_REGULATION_OF_MACROPHAGE_MIGRATION,Regulation Of Macrophage Migration,TERM_ID_REGEX:(?:MIGRATION|MOTILITY|LOCOMOTION|CHEMOTAXIS),PREDEFINED,29,True
Q2,GO_BP,GOBP_REGULATION_OF_MAST_CELL_CHEMOTAXIS,Regulation Of Mast Cell Chemotaxis,TERM_ID_REGEX:(?:MIGRATION|MOTILITY|LOCOMOTION|CHEMOTAXIS),PREDEFINED,7,False
Q2,GO_BP,GOBP_REGULATION_OF_MONOCYTE_CHEMOTAXIS,Regulation Of Monocyte Chemotaxis,TERM_ID_REGEX:(?:MIGRATION|MOTILITY|LOCOMOTION|CHEMOTAXIS),PREDEFINED,16,True
Q2,GO_BP,GOBP_REGULATION_OF_MONONUCLEAR_CELL_MIGRATION,Regulation Of Mononuclear Cell Migration,TERM_ID_REGEX:(?:MIGRATION|MOTILITY|LOCOMOTION|CHEMOTAXIS),PREDEFINED,98,True
Q2,GO_BP,GOBP_REGULATION_OF_NATURAL_KILLER_CELL_CHEMOTAXIS,Regulation Of Natural Killer Cell Chemotaxis,TERM_ID_REGEX:(?:MIGRATION|MOTILITY|LOCOMOTION|CHEMOTAXIS),PREDEFINED,2,False
Q2,GO_BP,GOBP_REGULATION_OF_NEGATIVE_CHEMOTAXIS,Regulation Of Negative Chemotaxis,TERM_ID_REGEX:(?:MIGRATION|MOTILITY|LOCOMOTION|CHEMOTAXIS),PREDEFINED,5,False
Q2,GO_BP,GOBP_REGULATION_OF_NEURON_MIGRATION,Regulation Of Neuron Migration,TERM_ID_REGEX:(?:MIGRATION|MOTILITY|LOCOMOTION|CHEMOTAXIS),PREDEFINED,38,True
Q2,GO_BP,GOBP_REGULATION_OF_NEUTROPHIL_CHEMOTAXIS,Regulation Of Neutrophil Chemotaxis,TERM_ID_REGEX:(?:MIGRATION|MOTILITY|LOCOMOTION|CHEMOTAXIS),PREDEFINED,25,True
Q2,GO_BP,GOBP_REGULATION_OF_NEUTROPHIL_MIGRATION,Regulation Of Neutrophil Migration,TERM_ID_REGEX:(?:MIGRATION|MOTILITY|LOCOMOTION|CHEMOTAXIS),PREDEFINED,34,True
Q2,GO_BP,GOBP_REGULATION_OF_POSITIVE_CHEMOTAXIS,Regulation Of Positive Chemotaxis,TERM_ID_REGEX:(?:MIGRATION|MOTILITY|LOCOMOTION|CHEMOTAXIS),PREDEFINED,20,True
Q2,GO_BP,GOBP_REGULATION_OF_SMOOTH_MUSCLE_CELL_CHEMOTAXIS,Regulation Of Smooth Muscle Cell Chemotaxis,TERM_ID_REGEX:(?:MIGRATION|MOTILITY|LOCOMOTION|CHEMOTAXIS),PREDEFINED,6,False
Q2,GO_BP,GOBP_REGULATION_OF_TROPHOBLAST_CELL_MIGRATION,Regulation Of Trophoblast Cell Migration,TERM_ID_REGEX:(?:MIGRATION|MOTILITY|LOCOMOTION|CHEMOTAXIS),PREDEFINED,12,False
Q2,GO_BP,GOBP_REGULATION_OF_T_CELL_CHEMOTAXIS,Regulation Of T Cell Chemotaxis,TERM_ID_REGEX:(?:MIGRATION|MOTILITY|LOCOMOTION|CHEMOTAXIS),PREDEFINED,8,False
Q2,GO_BP,GOBP_REGULATION_OF_T_CELL_MIGRATION,Regulation Of T Cell Migration,TERM_ID_REGEX:(?:MIGRATION|MOTILITY|LOCOMOTION|CHEMOTAXIS),PREDEFINED,35,True
Q2,GO_BP,GOBP_SMOOTH_MUSCLE_CELL_CHEMOTAXIS,Smooth Muscle Cell Chemotaxis,TERM_ID_REGEX:(?:MIGRATION|MOTILITY|LOCOMOTION|CHEMOTAXIS),PREDEFINED,8,False
Q2,GO_BP,GOBP_SMOOTH_MUSCLE_CELL_MIGRATION,Smooth Muscle Cell Migration,TERM_ID_REGEX:(?:MIGRATION|MOTILITY|LOCOMOTION|CHEMOTAXIS),PREDEFINED,57,True
Q2,GO_BP,GOBP_SUBSTRATE_DEPENDENT_CELL_MIGRATION,Substrate Dependent Cell Migration,TERM_ID_REGEX:(?:MIGRATION|MOTILITY|LOCOMOTION|CHEMOTAXIS),PREDEFINED,26,True
Q2,GO_BP,GOBP_SUBSTRATE_DEPENDENT_CELL_MIGRATION_CELL_ATTACHMENT_TO_SUBSTRATE,Substrate Dependent Cell Migration Cell Attachment To Substrate,TERM_ID_REGEX:(?:MIGRATION|MOTILITY|LOCOMOTION|CHEMOTAXIS),PREDEFINED,5,False
Q2,GO_BP,GOBP_SUBSTRATE_DEPENDENT_CELL_MIGRATION_CELL_EXTENSION,Substrate Dependent Cell Migration Cell Extension,TERM_ID_REGEX:(?:MIGRATION|MOTILITY|LOCOMOTION|CHEMOTAXIS),PREDEFINED,9,False
Q2,GO_BP,GOBP_SUBSTRATE_INDEPENDENT_TELENCEPHALIC_TANGENTIAL_MIGRATION,Substrate Independent Telencephalic Tangential Migration,TERM_ID_REGEX:(?:MIGRATION|MOTILITY|LOCOMOTION|CHEMOTAXIS),PREDEFINED,4,False
Q2,GO_BP,GOBP_TANGENTIAL_MIGRATION_FROM_THE_SUBVENTRICULAR_ZONE_TO_THE_OLFACTORY_BULB,Tangential Migration From The Subventricular Zone To The Olfactory Bulb,TERM_ID_REGEX:(?:MIGRATION|MOTILITY|LOCOMOTION|CHEMOTAXIS),PREDEFINED,7,False
Q2,GO_BP,GOBP_TELENCEPHALON_GLIAL_CELL_MIGRATION,Telencephalon Glial Cell Migration,TERM_ID_REGEX:(?:MIGRATION|MOTILITY|LOCOMOTION|CHEMOTAXIS),PREDEFINED,23,True
Q2,GO_BP,GOBP_THYMOCYTE_MIGRATION,Thymocyte Migration,TERM_ID_REGEX:(?:MIGRATION|MOTILITY|LOCOMOTION|CHEMOTAXIS),PREDEFINED,2,False
Q2,GO_BP,GOBP_TISSUE_MIGRATION,Tissue Migration,TERM_ID_REGEX:(?:MIGRATION|MOTILITY|LOCOMOTION|CHEMOTAXIS),PREDEFINED,77,True
Q2,GO_BP,GOBP_TROPHOBLAST_CELL_MIGRATION,Trophoblast Cell Migration,TERM_ID_REGEX:(?:MIGRATION|MOTILITY|LOCOMOTION|CHEMOTAXIS),PREDEFINED,18,True
Q2,GO_BP,GOBP_T_CELL_CHEMOTAXIS,T Cell Chemotaxis,TERM_ID_REGEX:(?:MIGRATION|MOTILITY|LOCOMOTION|CHEMOTAXIS),PREDEFINED,13,False
Q2,GO_BP,GOBP_T_CELL_MIGRATION,T Cell Migration,TERM_ID_REGEX:(?:MIGRATION|MOTILITY|LOCOMOTION|CHEMOTAXIS),PREDEFINED,48,True
Q2,GO_BP,GOBP_VASCULAR_ASSOCIATED_SMOOTH_MUSCLE_CELL_MIGRATION,Vascular Associated Smooth Muscle Cell Migration,TERM_ID_REGEX:(?:MIGRATION|MOTILITY|LOCOMOTION|CHEMOTAXIS),PREDEFINED,23,True
Q2,Reactome,REACTOME_ERBB2_REGULATES_CELL_MOTILITY,Erbb2 Regulates Cell Motility,TERM_ID_REGEX:(?:MIGRATION|MOTILITY|LOCOMOTION|CHEMOTAXIS),PREDEFINED,9,False
Q2,Reactome,REACTOME_MET_PROMOTES_CELL_MOTILITY,Met Promotes Cell Motility,TERM_ID_REGEX:(?:MIGRATION|MOTILITY|LOCOMOTION|CHEMOTAXIS),PREDEFINED,39,True
Q2,Reactome,REACTOME_RUNX2_REGULATES_GENES_INVOLVED_IN_CELL_MIGRATION,Runx2 Regulates Genes Involved In Cell Migration,TERM_ID_REGEX:(?:MIGRATION|MOTILITY|LOCOMOTION|CHEMOTAXIS),PREDEFINED,7,False
Q2,Reactome,REACTOME_RUNX3_REGULATES_IMMUNE_RESPONSE_AND_CELL_MIGRATION,Runx3 Regulates Immune Response And Cell Migration,TERM_ID_REGEX:(?:MIGRATION|MOTILITY|LOCOMOTION|CHEMOTAXIS),PREDEFINED,3,False
Q2,Reactome,REACTOME_SEMA4D_INDUCED_CELL_MIGRATION_AND_GROWTH_CONE_COLLAPSE,Sema4D Induced Cell Migration And Growth Cone Collapse,TERM_ID_REGEX:(?:MIGRATION|MOTILITY|LOCOMOTION|CHEMOTAXIS),PREDEFINED,18,True
Q2,Reactome,REACTOME_SEMA4D_MEDIATED_INHIBITION_OF_CELL_ATTACHMENT_AND_MIGRATION,Sema4D Mediated Inhibition Of Cell Attachment And Migration,TERM_ID_REGEX:(?:MIGRATION|MOTILITY|LOCOMOTION|CHEMOTAXIS),PREDEFINED,7,False
Q2,Reactome,REACTOME_SPERM_MOTILITY_AND_TAXES,Sperm Motility And Taxes,TERM_ID_REGEX:(?:MIGRATION|MOTILITY|LOCOMOTION|CHEMOTAXIS),PREDEFINED,4,False
Q3,GO_BP,GOBP_BASEMENT_MEMBRANE_ASSEMBLY,Basement Membrane Assembly,TERM_ID_REGEX:(?:EXTRACELLULAR_MATRIX|ECM|COLLAGEN|BASEMENT_MEMBRANE|ELASTIC_FIBER|MATRIX_ORGANIZATION|MATRIX_DISASSEMBLY|TISSUE_REMODELING),PREDEFINED,5,False
Q3,GO_BP,GOBP_BASEMENT_MEMBRANE_ORGANIZATION,Basement Membrane Organization,TERM_ID_REGEX:(?:EXTRACELLULAR_MATRIX|ECM|COLLAGEN|BASEMENT_MEMBRANE|ELASTIC_FIBER|MATRIX_ORGANIZATION|MATRIX_DISASSEMBLY|TISSUE_REMODELING),PREDEFINED,37,True
Q3,GO_BP,GOBP_COLLAGEN_ACTIVATED_SIGNALING_PATHWAY,Collagen Activated Signaling Pathway,TERM_ID_REGEX:(?:EXTRACELLULAR_MATRIX|ECM|COLLAGEN|BASEMENT_MEMBRANE|ELASTIC_FIBER|MATRIX_ORGANIZATION|MATRIX_DISASSEMBLY|TISSUE_REMODELING),PREDEFINED,14,False
Q3,GO_BP,GOBP_COLLAGEN_ACTIVATED_TYROSINE_KINASE_RECEPTOR_SIGNALING_PATHWAY,Collagen Activated Tyrosine Kinase Receptor Signaling Pathway,TERM_ID_REGEX:(?:EXTRACELLULAR_MATRIX|ECM|COLLAGEN|BASEMENT_MEMBRANE|ELASTIC_FIBER|MATRIX_ORGANIZATION|MATRIX_DISASSEMBLY|TISSUE_REMODELING),PREDEFINED,10,False
Q3,GO_BP,GOBP_COLLAGEN_BIOSYNTHETIC_PROCESS,Collagen Biosynthetic Process,TERM_ID_REGEX:(?:EXTRACELLULAR_MATRIX|ECM|COLLAGEN|BASEMENT_MEMBRANE|ELASTIC_FIBER|MATRIX_ORGANIZATION|MATRIX_DISASSEMBLY|TISSUE_REMODELING),PREDEFINED,45,True
Q3,GO_BP,GOBP_COLLAGEN_CATABOLIC_PROCESS,Collagen Catabolic Process,TERM_ID_REGEX:(?:EXTRACELLULAR_MATRIX|ECM|COLLAGEN|BASEMENT_MEMBRANE|ELASTIC_FIBER|MATRIX_ORGANIZATION|MATRIX_DISASSEMBLY|TISSUE_REMODELING),PREDEFINED,35,True
Q3,GO_BP,GOBP_COLLAGEN_FIBRIL_ORGANIZATION,Collagen Fibril Organization,TERM_ID_REGEX:(?:EXTRACELLULAR_MATRIX|ECM|COLLAGEN|BASEMENT_MEMBRANE|ELASTIC_FIBER|MATRIX_ORGANIZATION|MATRIX_DISASSEMBLY|TISSUE_REMODELING),PREDEFINED,73,True
Q3,GO_BP,GOBP_COLLAGEN_METABOLIC_PROCESS,Collagen Metabolic Process,TERM_ID_REGEX:(?:EXTRACELLULAR_MATRIX|ECM|COLLAGEN|BASEMENT_MEMBRANE|ELASTIC_FIBER|MATRIX_ORGANIZATION|MATRIX_DISASSEMBLY|TISSUE_REMODELING),PREDEFINED,93,True
Q3,GO_BP,GOBP_ELASTIC_FIBER_ASSEMBLY,Elastic Fiber Assembly,TERM_ID_REGEX:(?:EXTRACELLULAR_MATRIX|ECM|COLLAGEN|BASEMENT_MEMBRANE|ELASTIC_FIBER|MATRIX_ORGANIZATION|MATRIX_DISASSEMBLY|TISSUE_REMODELING),PREDEFINED,11,False
Q3,GO_BP,GOBP_EXTRACELLULAR_MATRIX_ASSEMBLY,Extracellular Matrix Assembly,TERM_ID_REGEX:(?:EXTRACELLULAR_MATRIX|ECM|COLLAGEN|BASEMENT_MEMBRANE|ELASTIC_FIBER|MATRIX_ORGANIZATION|MATRIX_DISASSEMBLY|TISSUE_REMODELING),PREDEFINED,40,True
Q3,GO_BP,GOBP_EXTRACELLULAR_MATRIX_CELL_SIGNALING,Extracellular Matrix Cell Signaling,TERM_ID_REGEX:(?:EXTRACELLULAR_MATRIX|ECM|COLLAGEN|BASEMENT_MEMBRANE|ELASTIC_FIBER|MATRIX_ORGANIZATION|MATRIX_DISASSEMBLY|TISSUE_REMODELING),PREDEFINED,4,False
Q3,GO_BP,GOBP_EXTRACELLULAR_MATRIX_CONSTITUENT_SECRETION,Extracellular Matrix Constituent Secretion,TERM_ID_REGEX:(?:EXTRACELLULAR_MATRIX|ECM|COLLAGEN|BASEMENT_MEMBRANE|ELASTIC_FIBER|MATRIX_ORGANIZATION|MATRIX_DISASSEMBLY|TISSUE_REMODELING),PREDEFINED,11,False
Q3,GO_BP,GOBP_EXTRACELLULAR_MATRIX_DISASSEMBLY,Extracellular Matrix Disassembly,TERM_ID_REGEX:(?:EXTRACELLULAR_MATRIX|ECM|COLLAGEN|BASEMENT_MEMBRANE|ELASTIC_FIBER|MATRIX_ORGANIZATION|MATRIX_DISASSEMBLY|TISSUE_REMODELING),PREDEFINED,49,True
Q3,GO_BP,GOBP_GLOMERULAR_BASEMENT_MEMBRANE_DEVELOPMENT,Glomerular Basement Membrane Development,TERM_ID_REGEX:(?:EXTRACELLULAR_MATRIX|ECM|COLLAGEN|BASEMENT_MEMBRANE|ELASTIC_FIBER|MATRIX_ORGANIZATION|MATRIX_DISASSEMBLY|TISSUE_REMODELING),PREDEFINED,9,False
Q3,GO_BP,GOBP_NEGATIVE_REGULATION_OF_COLLAGEN_METABOLIC_PROCESS,Negative Regulation Of Collagen Metabolic Process,TERM_ID_REGEX:(?:EXTRACELLULAR_MATRIX|ECM|COLLAGEN|BASEMENT_MEMBRANE|ELASTIC_FIBER|MATRIX_ORGANIZATION|MATRIX_DISASSEMBLY|TISSUE_REMODELING),PREDEFINED,12,False
Q3,GO_BP,GOBP_NEGATIVE_REGULATION_OF_EXTRACELLULAR_MATRIX_ASSEMBLY,Negative Regulation Of Extracellular Matrix Assembly,TERM_ID_REGEX:(?:EXTRACELLULAR_MATRIX|ECM|COLLAGEN|BASEMENT_MEMBRANE|ELASTIC_FIBER|MATRIX_ORGANIZATION|MATRIX_DISASSEMBLY|TISSUE_REMODELING),PREDEFINED,5,False
Q3,GO_BP,GOBP_NEGATIVE_REGULATION_OF_EXTRACELLULAR_MATRIX_DISASSEMBLY,Negative Regulation Of Extracellular Matrix Disassembly,TERM_ID_REGEX:(?:EXTRACELLULAR_MATRIX|ECM|COLLAGEN|BASEMENT_MEMBRANE|ELASTIC_FIBER|MATRIX_ORGANIZATION|MATRIX_DISASSEMBLY|TISSUE_REMODELING),PREDEFINED,6,False
Q3,GO_BP,GOBP_NEGATIVE_REGULATION_OF_EXTRACELLULAR_MATRIX_ORGANIZATION,Negative Regulation Of Extracellular Matrix Organization,TERM_ID_REGEX:(?:EXTRACELLULAR_MATRIX|ECM|COLLAGEN|BASEMENT_MEMBRANE|ELASTIC_FIBER|MATRIX_ORGANIZATION|MATRIX_DISASSEMBLY|TISSUE_REMODELING),PREDEFINED,17,True
Q3,GO_BP,GOBP_NEGATIVE_REGULATION_OF_TISSUE_REMODELING,Negative Regulation Of Tissue Remodeling,TERM_ID_REGEX:(?:EXTRACELLULAR_MATRIX|ECM|COLLAGEN|BASEMENT_MEMBRANE|ELASTIC_FIBER|MATRIX_ORGANIZATION|MATRIX_DISASSEMBLY|TISSUE_REMODELING),PREDEFINED,19,True
Q3,GO_BP,GOBP_POSITIVE_REGULATION_OF_COLLAGEN_METABOLIC_PROCESS,Positive Regulation Of Collagen Metabolic Process,TERM_ID_REGEX:(?:EXTRACELLULAR_MATRIX|ECM|COLLAGEN|BASEMENT_MEMBRANE|ELASTIC_FIBER|MATRIX_ORGANIZATION|MATRIX_DISASSEMBLY|TISSUE_REMODELING),PREDEFINED,19,True
Q3,GO_BP,GOBP_POSITIVE_REGULATION_OF_EXTRACELLULAR_MATRIX_ASSEMBLY,Positive Regulation Of Extracellular Matrix Assembly,TERM_ID_REGEX:(?:EXTRACELLULAR_MATRIX|ECM|COLLAGEN|BASEMENT_MEMBRANE|ELASTIC_FIBER|MATRIX_ORGANIZATION|MATRIX_DISASSEMBLY|TISSUE_REMODELING),PREDEFINED,8,False
Q3,GO_BP,GOBP_POSITIVE_REGULATION_OF_EXTRACELLULAR_MATRIX_DISASSEMBLY,Positive Regulation Of Extracellular Matrix Disassembly,TERM_ID_REGEX:(?:EXTRACELLULAR_MATRIX|ECM|COLLAGEN|BASEMENT_MEMBRANE|ELASTIC_FIBER|MATRIX_ORGANIZATION|MATRIX_DISASSEMBLY|TISSUE_REMODELING),PREDEFINED,10,False
Q3,GO_BP,GOBP_POSITIVE_REGULATION_OF_EXTRACELLULAR_MATRIX_ORGANIZATION,Positive Regulation Of Extracellular Matrix Organization,TERM_ID_REGEX:(?:EXTRACELLULAR_MATRIX|ECM|COLLAGEN|BASEMENT_MEMBRANE|ELASTIC_FIBER|MATRIX_ORGANIZATION|MATRIX_DISASSEMBLY|TISSUE_REMODELING),PREDEFINED,27,True
Q3,GO_BP,GOBP_POSITIVE_REGULATION_OF_TISSUE_REMODELING,Positive Regulation Of Tissue Remodeling,TERM_ID_REGEX:(?:EXTRACELLULAR_MATRIX|ECM|COLLAGEN|BASEMENT_MEMBRANE|ELASTIC_FIBER|MATRIX_ORGANIZATION|MATRIX_DISASSEMBLY|TISSUE_REMODELING),PREDEFINED,8,False
Q3,GO_BP,GOBP_REGULATION_OF_BASEMENT_MEMBRANE_ORGANIZATION,Regulation Of Basement Membrane Organization,TERM_ID_REGEX:(?:EXTRACELLULAR_MATRIX|ECM|COLLAGEN|BASEMENT_MEMBRANE|ELASTIC_FIBER|MATRIX_ORGANIZATION|MATRIX_DISASSEMBLY|TISSUE_REMODELING),PREDEFINED,6,False
Q3,GO_BP,GOBP_REGULATION_OF_COLLAGEN_FIBRIL_ORGANIZATION,Regulation Of Collagen Fibril Organization,TERM_ID_REGEX:(?:EXTRACELLULAR_MATRIX|ECM|COLLAGEN|BASEMENT_MEMBRANE|ELASTIC_FIBER|MATRIX_ORGANIZATION|MATRIX_DISASSEMBLY|TISSUE_REMODELING),PREDEFINED,8,False
Q3,GO_BP,GOBP_REGULATION_OF_COLLAGEN_METABOLIC_PROCESS,Regulation Of Collagen Metabolic Process,TERM_ID_REGEX:(?:EXTRACELLULAR_MATRIX|ECM|COLLAGEN|BASEMENT_MEMBRANE|ELASTIC_FIBER|MATRIX_ORGANIZATION|MATRIX_DISASSEMBLY|TISSUE_REMODELING),PREDEFINED,35,True
Q3,GO_BP,GOBP_REGULATION_OF_EXTRACELLULAR_MATRIX_ASSEMBLY,Regulation Of Extracellular Matrix Assembly,TERM_ID_REGEX:(?:EXTRACELLULAR_MATRIX|ECM|COLLAGEN|BASEMENT_MEMBRANE|ELASTIC_FIBER|MATRIX_ORGANIZATION|MATRIX_DISASSEMBLY|TISSUE_REMODELING),PREDEFINED,14,False
Q3,GO_BP,GOBP_REGULATION_OF_EXTRACELLULAR_MATRIX_CONSTITUENT_SECRETION,Regulation Of Extracellular Matrix Constituent Secretion,TERM_ID_REGEX:(?:EXTRACELLULAR_MATRIX|ECM|COLLAGEN|BASEMENT_MEMBRANE|ELASTIC_FIBER|MATRIX_ORGANIZATION|MATRIX_DISASSEMBLY|TISSUE_REMODELING),PREDEFINED,8,False
Q3,GO_BP,GOBP_REGULATION_OF_EXTRACELLULAR_MATRIX_DISASSEMBLY,Regulation Of Extracellular Matrix Disassembly,TERM_ID_REGEX:(?:EXTRACELLULAR_MATRIX|ECM|COLLAGEN|BASEMENT_MEMBRANE|ELASTIC_FIBER|MATRIX_ORGANIZATION|MATRIX_DISASSEMBLY|TISSUE_REMODELING),PREDEFINED,19,True
Q3,GO_BP,GOBP_REGULATION_OF_EXTRACELLULAR_MATRIX_ORGANIZATION,Regulation Of Extracellular Matrix Organization,TERM_ID_REGEX:(?:EXTRACELLULAR_MATRIX|ECM|COLLAGEN|BASEMENT_MEMBRANE|ELASTIC_FIBER|MATRIX_ORGANIZATION|MATRIX_DISASSEMBLY|TISSUE_REMODELING),PREDEFINED,59,True
Q3,GO_BP,GOBP_REGULATION_OF_TISSUE_REMODELING,Regulation Of Tissue Remodeling,TERM_ID_REGEX:(?:EXTRACELLULAR_MATRIX|ECM|COLLAGEN|BASEMENT_MEMBRANE|ELASTIC_FIBER|MATRIX_ORGANIZATION|MATRIX_DISASSEMBLY|TISSUE_REMODELING),PREDEFINED,53,True
Q3,GO_BP,GOBP_SEQUESTERING_OF_BMP_IN_EXTRACELLULAR_MATRIX,Sequestering Of Bmp In Extracellular Matrix,TERM_ID_REGEX:(?:EXTRACELLULAR_MATRIX|ECM|COLLAGEN|BASEMENT_MEMBRANE|ELASTIC_FIBER|MATRIX_ORGANIZATION|MATRIX_DISASSEMBLY|TISSUE_REMODELING),PREDEFINED,2,False
Q3,GO_BP,GOBP_TISSUE_REMODELING,Tissue Remodeling,TERM_ID_REGEX:(?:EXTRACELLULAR_MATRIX|ECM|COLLAGEN|BASEMENT_MEMBRANE|ELASTIC_FIBER|MATRIX_ORGANIZATION|MATRIX_DISASSEMBLY|TISSUE_REMODELING),PREDEFINED,136,True
Q3,Reactome,REACTOME_ASSEMBLY_OF_COLLAGEN_FIBRILS_AND_OTHER_MULTIMERIC_STRUCTURES,Assembly Of Collagen Fibrils And Other Multimeric Structures,TERM_ID_REGEX:(?:EXTRACELLULAR_MATRIX|ECM|COLLAGEN|BASEMENT_MEMBRANE|ELASTIC_FIBER|MATRIX_ORGANIZATION|MATRIX_DISASSEMBLY|INTEGRIN_CELL_SURFACE_INTERACTIONS),PREDEFINED,50,True
Q3,Reactome,REACTOME_CELL_EXTRACELLULAR_MATRIX_INTERACTIONS,Cell Extracellular Matrix Interactions,TERM_ID_REGEX:(?:EXTRACELLULAR_MATRIX|ECM|COLLAGEN|BASEMENT_MEMBRANE|ELASTIC_FIBER|MATRIX_ORGANIZATION|MATRIX_DISASSEMBLY|INTEGRIN_CELL_SURFACE_INTERACTIONS),PREDEFINED,18,True
Q3,Reactome,REACTOME_COLLAGEN_BIOSYNTHESIS_AND_MODIFYING_ENZYMES,Collagen Biosynthesis And Modifying Enzymes,TERM_ID_REGEX:(?:EXTRACELLULAR_MATRIX|ECM|COLLAGEN|BASEMENT_MEMBRANE|ELASTIC_FIBER|MATRIX_ORGANIZATION|MATRIX_DISASSEMBLY|INTEGRIN_CELL_SURFACE_INTERACTIONS),PREDEFINED,56,True
Q3,Reactome,REACTOME_COLLAGEN_CHAIN_TRIMERIZATION,Collagen Chain Trimerization,TERM_ID_REGEX:(?:EXTRACELLULAR_MATRIX|ECM|COLLAGEN|BASEMENT_MEMBRANE|ELASTIC_FIBER|MATRIX_ORGANIZATION|MATRIX_DISASSEMBLY|INTEGRIN_CELL_SURFACE_INTERACTIONS),PREDEFINED,35,True
Q3,Reactome,REACTOME_COLLAGEN_DEGRADATION,Collagen Degradation,TERM_ID_REGEX:(?:EXTRACELLULAR_MATRIX|ECM|COLLAGEN|BASEMENT_MEMBRANE|ELASTIC_FIBER|MATRIX_ORGANIZATION|MATRIX_DISASSEMBLY|INTEGRIN_CELL_SURFACE_INTERACTIONS),PREDEFINED,53,True
Q3,Reactome,REACTOME_COLLAGEN_FORMATION,Collagen Formation,TERM_ID_REGEX:(?:EXTRACELLULAR_MATRIX|ECM|COLLAGEN|BASEMENT_MEMBRANE|ELASTIC_FIBER|MATRIX_ORGANIZATION|MATRIX_DISASSEMBLY|INTEGRIN_CELL_SURFACE_INTERACTIONS),PREDEFINED,75,True
Q3,Reactome,REACTOME_CROSSLINKING_OF_COLLAGEN_FIBRILS,Crosslinking Of Collagen Fibrils,TERM_ID_REGEX:(?:EXTRACELLULAR_MATRIX|ECM|COLLAGEN|BASEMENT_MEMBRANE|ELASTIC_FIBER|MATRIX_ORGANIZATION|MATRIX_DISASSEMBLY|INTEGRIN_CELL_SURFACE_INTERACTIONS),PREDEFINED,16,True
Q3,Reactome,REACTOME_DEFECTS_OF_PLATELET_ADHESION_TO_EXPOSED_COLLAGEN,Defects Of Platelet Adhesion To Exposed Collagen,TERM_ID_REGEX:(?:EXTRACELLULAR_MATRIX|ECM|COLLAGEN|BASEMENT_MEMBRANE|ELASTIC_FIBER|MATRIX_ORGANIZATION|MATRIX_DISASSEMBLY|INTEGRIN_CELL_SURFACE_INTERACTIONS),PREDEFINED,5,False
Q3,Reactome,REACTOME_DEGRADATION_OF_THE_EXTRACELLULAR_MATRIX,Degradation Of The Extracellular Matrix,TERM_ID_REGEX:(?:EXTRACELLULAR_MATRIX|ECM|COLLAGEN|BASEMENT_MEMBRANE|ELASTIC_FIBER|MATRIX_ORGANIZATION|MATRIX_DISASSEMBLY|INTEGRIN_CELL_SURFACE_INTERACTIONS),PREDEFINED,101,True
Q3,Reactome,REACTOME_ECM_PROTEOGLYCANS,Ecm Proteoglycans,TERM_ID_REGEX:(?:EXTRACELLULAR_MATRIX|ECM|COLLAGEN|BASEMENT_MEMBRANE|ELASTIC_FIBER|MATRIX_ORGANIZATION|MATRIX_DISASSEMBLY|INTEGRIN_CELL_SURFACE_INTERACTIONS),PREDEFINED,59,True
Q3,Reactome,REACTOME_ENHANCED_BINDING_OF_GP1BA_VARIANT_TO_VWF_MULTIMER_COLLAGEN,Enhanced Binding Of Gp1Ba Variant To Vwf Multimer Collagen,TERM_ID_REGEX:(?:EXTRACELLULAR_MATRIX|ECM|COLLAGEN|BASEMENT_MEMBRANE|ELASTIC_FIBER|MATRIX_ORGANIZATION|MATRIX_DISASSEMBLY|INTEGRIN_CELL_SURFACE_INTERACTIONS),PREDEFINED,4,False
Q3,Reactome,REACTOME_EXTRACELLULAR_MATRIX_ORGANIZATION,Extracellular Matrix Organization,TERM_ID_REGEX:(?:EXTRACELLULAR_MATRIX|ECM|COLLAGEN|BASEMENT_MEMBRANE|ELASTIC_FIBER|MATRIX_ORGANIZATION|MATRIX_DISASSEMBLY|INTEGRIN_CELL_SURFACE_INTERACTIONS),PREDEFINED,246,True
Q3,Reactome,REACTOME_INTEGRIN_CELL_SURFACE_INTERACTIONS,Integrin Cell Surface Interactions,TERM_ID_REGEX:(?:EXTRACELLULAR_MATRIX|ECM|COLLAGEN|BASEMENT_MEMBRANE|ELASTIC_FIBER|MATRIX_ORGANIZATION|MATRIX_DISASSEMBLY|INTEGRIN_CELL_SURFACE_INTERACTIONS),PREDEFINED,63,True
Q3,Reactome,REACTOME_NON_INTEGRIN_MEMBRANE_ECM_INTERACTIONS,Non Integrin Membrane Ecm Interactions,TERM_ID_REGEX:(?:EXTRACELLULAR_MATRIX|ECM|COLLAGEN|BASEMENT_MEMBRANE|ELASTIC_FIBER|MATRIX_ORGANIZATION|MATRIX_DISASSEMBLY|INTEGRIN_CELL_SURFACE_INTERACTIONS),PREDEFINED,72,True
Q3,Reactome,REACTOME_PLATELET_ADHESION_TO_EXPOSED_COLLAGEN,Platelet Adhesion To Exposed Collagen,TERM_ID_REGEX:(?:EXTRACELLULAR_MATRIX|ECM|COLLAGEN|BASEMENT_MEMBRANE|ELASTIC_FIBER|MATRIX_ORGANIZATION|MATRIX_DISASSEMBLY|INTEGRIN_CELL_SURFACE_INTERACTIONS),PREDEFINED,11,False
Q3,Reactome,REACTOME_REGULATION_OF_MITF_M_DEPENDENT_GENES_INVOLVED_IN_EXTRACELLULAR_MATRIX_FOCAL_ADHESION_AND_EPITHELIAL_TO_MESENCHYMAL_TRANSITION,Regulation Of Mitf M Dependent Genes Involved In Extracellular Matrix Focal Adhesion And Epithelial To Mesenchymal Transition,TERM_ID_REGEX:(?:EXTRACELLULAR_MATRIX|ECM|COLLAGEN|BASEMENT_MEMBRANE|ELASTIC_FIBER|MATRIX_ORGANIZATION|MATRIX_DISASSEMBLY|INTEGRIN_CELL_SURFACE_INTERACTIONS),PREDEFINED,10,False
Q4,GO_BP,GOBP_ANGIOGENESIS_INVOLVED_IN_WOUND_HEALING,Angiogenesis Involved In Wound Healing,TERM_ID_REGEX:(?:ANGIOGENESIS|BLOOD_VESSEL|VASCULAR|ENDOTHELIAL|SPROUTING),PREDEFINED,22,True
Q4,GO_BP,GOBP_APOPTOTIC_PROCESS_INVOLVED_IN_BLOOD_VESSEL_MORPHOGENESIS,Apoptotic Process Involved In Blood Vessel Morphogenesis,TERM_ID_REGEX:(?:ANGIOGENESIS|BLOOD_VESSEL|VASCULAR|ENDOTHELIAL|SPROUTING),PREDEFINED,4,False
Q4,GO_BP,GOBP_ARTERIAL_ENDOTHELIAL_CELL_DIFFERENTIATION,Arterial Endothelial Cell Differentiation,TERM_ID_REGEX:(?:ANGIOGENESIS|BLOOD_VESSEL|VASCULAR|ENDOTHELIAL|SPROUTING),PREDEFINED,4,False
Q4,GO_BP,GOBP_BLOOD_VESSEL_ENDOTHELIAL_CELL_DIFFERENTIATION,Blood Vessel Endothelial Cell Differentiation,TERM_ID_REGEX:(?:ANGIOGENESIS|BLOOD_VESSEL|VASCULAR|ENDOTHELIAL|SPROUTING),PREDEFINED,8,False
Q4,GO_BP,GOBP_BLOOD_VESSEL_ENDOTHELIAL_CELL_MIGRATION,Blood Vessel Endothelial Cell Migration,TERM_ID_REGEX:(?:ANGIOGENESIS|BLOOD_VESSEL|VASCULAR|ENDOTHELIAL|SPROUTING),PREDEFINED,104,True
Q4,GO_BP,GOBP_BLOOD_VESSEL_ENDOTHELIAL_CELL_PROLIFERATION_INVOLVED_IN_SPROUTING_ANGIOGENESIS,Blood Vessel Endothelial Cell Proliferation Involved In Sprouting Angiogenesis,TERM_ID_REGEX:(?:ANGIOGENESIS|BLOOD_VESSEL|VASCULAR|ENDOTHELIAL|SPROUTING),PREDEFINED,19,True
Q4,GO_BP,GOBP_BLOOD_VESSEL_MATURATION,Blood Vessel Maturation,TERM_ID_REGEX:(?:ANGIOGENESIS|BLOOD_VESSEL|VASCULAR|ENDOTHELIAL|SPROUTING),PREDEFINED,6,False
Q4,GO_BP,GOBP_BLOOD_VESSEL_MORPHOGENESIS,Blood Vessel Morphogenesis,TERM_ID_REGEX:(?:ANGIOGENESIS|BLOOD_VESSEL|VASCULAR|ENDOTHELIAL|SPROUTING),PREDEFINED,498,True
Q4,GO_BP,GOBP_BLOOD_VESSEL_REMODELING,Blood Vessel Remodeling,TERM_ID_REGEX:(?:ANGIOGENESIS|BLOOD_VESSEL|VASCULAR|ENDOTHELIAL|SPROUTING),PREDEFINED,38,True
Q4,GO_BP,GOBP_BRANCHING_INVOLVED_IN_BLOOD_VESSEL_MORPHOGENESIS,Branching Involved In Blood Vessel Morphogenesis,TERM_ID_REGEX:(?:ANGIOGENESIS|BLOOD_VESSEL|VASCULAR|ENDOTHELIAL|SPROUTING),PREDEFINED,29,True
Q4,GO_BP,GOBP_CARDIAC_VASCULAR_SMOOTH_MUSCLE_CELL_DIFFERENTIATION,Cardiac Vascular Smooth Muscle Cell Differentiation,TERM_ID_REGEX:(?:ANGIOGENESIS|BLOOD_VESSEL|VASCULAR|ENDOTHELIAL|SPROUTING),PREDEFINED,8,False
Q4,GO_BP,GOBP_CELLULAR_RESPONSE_TO_VASCULAR_ENDOTHELIAL_GROWTH_FACTOR_STIMULUS,Cellular Response To Vascular Endothelial Growth Factor Stimulus,TERM_ID_REGEX:(?:ANGIOGENESIS|BLOOD_VESSEL|VASCULAR|ENDOTHELIAL|SPROUTING),PREDEFINED,63,True
Q4,GO_BP,GOBP_CELL_MIGRATION_INVOLVED_IN_SPROUTING_ANGIOGENESIS,Cell Migration Involved In Sprouting Angiogenesis,TERM_ID_REGEX:(?:ANGIOGENESIS|BLOOD_VESSEL|VASCULAR|ENDOTHELIAL|SPROUTING),PREDEFINED,55,True
Q4,GO_BP,GOBP_COLLATERAL_SPROUTING,Collateral Sprouting,TERM_ID_REGEX:(?:ANGIOGENESIS|BLOOD_VESSEL|VASCULAR|ENDOTHELIAL|SPROUTING),PREDEFINED,26,True
Q4,GO_BP,GOBP_COLLATERAL_SPROUTING_IN_ABSENCE_OF_INJURY,Collateral Sprouting In Absence Of Injury,TERM_ID_REGEX:(?:ANGIOGENESIS|BLOOD_VESSEL|VASCULAR|ENDOTHELIAL|SPROUTING),PREDEFINED,3,False
Q4,GO_BP,GOBP_ENDOTHELIAL_CELL_ACTIVATION,Endothelial Cell Activation,TERM_ID_REGEX:(?:ANGIOGENESIS|BLOOD_VESSEL|VASCULAR|ENDOTHELIAL|SPROUTING),PREDEFINED,10,False
Q4,GO_BP,GOBP_ENDOTHELIAL_CELL_APOPTOTIC_PROCESS,Endothelial Cell Apoptotic Process,TERM_ID_REGEX:(?:ANGIOGENESIS|BLOOD_VESSEL|VASCULAR|ENDOTHELIAL|SPROUTING),PREDEFINED,43,True
Q4,GO_BP,GOBP_ENDOTHELIAL_CELL_CHEMOTAXIS,Endothelial Cell Chemotaxis,TERM_ID_REGEX:(?:ANGIOGENESIS|BLOOD_VESSEL|VASCULAR|ENDOTHELIAL|SPROUTING),PREDEFINED,23,True
Q4,GO_BP,GOBP_ENDOTHELIAL_CELL_DEVELOPMENT,Endothelial Cell Development,TERM_ID_REGEX:(?:ANGIOGENESIS|BLOOD_VESSEL|VASCULAR|ENDOTHELIAL|SPROUTING),PREDEFINED,60,True
Q4,GO_BP,GOBP_ENDOTHELIAL_CELL_DIFFERENTIATION,Endothelial Cell Differentiation,TERM_ID_REGEX:(?:ANGIOGENESIS|BLOOD_VESSEL|VASCULAR|ENDOTHELIAL|SPROUTING),PREDEFINED,93,True
Q4,GO_BP,GOBP_ENDOTHELIAL_CELL_FATE_COMMITMENT,Endothelial Cell Fate Commitment,TERM_ID_REGEX:(?:ANGIOGENESIS|BLOOD_VESSEL|VASCULAR|ENDOTHELIAL|SPROUTING),PREDEFINED,7,False
Q4,GO_BP,GOBP_ENDOTHELIAL_CELL_MATRIX_ADHESION,Endothelial Cell Matrix Adhesion,TERM_ID_REGEX:(?:ANGIOGENESIS|BLOOD_VESSEL|VASCULAR|ENDOTHELIAL|SPROUTING),PREDEFINED,7,False
Q4,GO_BP,GOBP_ENDOTHELIAL_CELL_MIGRATION,Endothelial Cell Migration,TERM_ID_REGEX:(?:ANGIOGENESIS|BLOOD_VESSEL|VASCULAR|ENDOTHELIAL|SPROUTING),PREDEFINED,188,True
Q4,GO_BP,GOBP_ENDOTHELIAL_CELL_MORPHOGENESIS,Endothelial Cell Morphogenesis,TERM_ID_REGEX:(?:ANGIOGENESIS|BLOOD_VESSEL|VASCULAR|ENDOTHELIAL|SPROUTING),PREDEFINED,13,False
Q4,GO_BP,GOBP_ENDOTHELIAL_CELL_PROLIFERATION,Endothelial Cell Proliferation,TERM_ID_REGEX:(?:ANGIOGENESIS|BLOOD_VESSEL|VASCULAR|ENDOTHELIAL|SPROUTING),PREDEFINED,113,True
Q4,GO_BP,GOBP_ESTABLISHMENT_OF_ENDOTHELIAL_BARRIER,Establishment Of Endothelial Barrier,TERM_ID_REGEX:(?:ANGIOGENESIS|BLOOD_VESSEL|VASCULAR|ENDOTHELIAL|SPROUTING),PREDEFINED,44,True
Q4,GO_BP,GOBP_ESTABLISHMENT_OF_ENDOTHELIAL_INTESTINAL_BARRIER,Establishment Of Endothelial Intestinal Barrier,TERM_ID_REGEX:(?:ANGIOGENESIS|BLOOD_VESSEL|VASCULAR|ENDOTHELIAL|SPROUTING),PREDEFINED,14,False
Q4,GO_BP,GOBP_HYALOID_VASCULAR_PLEXUS_REGRESSION,Hyaloid Vascular Plexus Regression,TERM_ID_REGEX:(?:ANGIOGENESIS|BLOOD_VESSEL|VASCULAR|ENDOTHELIAL|SPROUTING),PREDEFINED,1,False
Q4,GO_BP,GOBP_LABYRINTHINE_LAYER_BLOOD_VESSEL_DEVELOPMENT,Labyrinthine Layer Blood Vessel Development,TERM_ID_REGEX:(?:ANGIOGENESIS|BLOOD_VESSEL|VASCULAR|ENDOTHELIAL|SPROUTING),PREDEFINED,14,False
Q4,GO_BP,GOBP_LATERAL_SPROUTING_FROM_AN_EPITHELIUM,Lateral Sprouting From An Epithelium,TERM_ID_REGEX:(?:ANGIOGENESIS|BLOOD_VESSEL|VASCULAR|ENDOTHELIAL|SPROUTING),PREDEFINED,7,False
Q4,GO_BP,GOBP_LEUKOCYTE_ADHESION_TO_ARTERIAL_ENDOTHELIAL_CELL,Leukocyte Adhesion To Arterial Endothelial Cell,TERM_ID_REGEX:(?:ANGIOGENESIS|BLOOD_VESSEL|VASCULAR|ENDOTHELIAL|SPROUTING),PREDEFINED,5,False
Q4,GO_BP,GOBP_LEUKOCYTE_ADHESION_TO_VASCULAR_ENDOTHELIAL_CELL,Leukocyte Adhesion To Vascular Endothelial Cell,TERM_ID_REGEX:(?:ANGIOGENESIS|BLOOD_VESSEL|VASCULAR|ENDOTHELIAL|SPROUTING),PREDEFINED,33,True
Q4,GO_BP,GOBP_LYMPHATIC_ENDOTHELIAL_CELL_DIFFERENTIATION,Lymphatic Endothelial Cell Differentiation,TERM_ID_REGEX:(?:ANGIOGENESIS|BLOOD_VESSEL|VASCULAR|ENDOTHELIAL|SPROUTING),PREDEFINED,6,False
Q4,GO_BP,GOBP_NEGATIVE_REGULATION_OF_BLOOD_VESSEL_ENDOTHELIAL_CELL_MIGRATION,Negative Regulation Of Blood Vessel Endothelial Cell Migration,TERM_ID_REGEX:(?:ANGIOGENESIS|BLOOD_VESSEL|VASCULAR|ENDOTHELIAL|SPROUTING),PREDEFINED,31,True
Q4,GO_BP,GOBP_NEGATIVE_REGULATION_OF_BLOOD_VESSEL_ENDOTHELIAL_CELL_PROLIFERATION_INVOLVED_IN_SPROUTING_ANGIOGENESIS,Negative Regulation Of Blood Vessel Endothelial Cell Proliferation Involved In Sprouting Angiogenesis,TERM_ID_REGEX:(?:ANGIOGENESIS|BLOOD_VESSEL|VASCULAR|ENDOTHELIAL|SPROUTING),PREDEFINED,5,False
Q4,GO_BP,GOBP_NEGATIVE_REGULATION_OF_CELLULAR_RESPONSE_TO_VASCULAR_ENDOTHELIAL_GROWTH_FACTOR_STIMULUS,Negative Regulation Of Cellular Response To Vascular Endothelial Growth Factor Stimulus,TERM_ID_REGEX:(?:ANGIOGENESIS|BLOOD_VESSEL|VASCULAR|ENDOTHELIAL|SPROUTING),PREDEFINED,14,False
Q4,GO_BP,GOBP_NEGATIVE_REGULATION_OF_CELL_MIGRATION_INVOLVED_IN_SPROUTING_ANGIOGENESIS,Negative Regulation Of Cell Migration Involved In Sprouting Angiogenesis,TERM_ID_REGEX:(?:ANGIOGENESIS|BLOOD_VESSEL|VASCULAR|ENDOTHELIAL|SPROUTING),PREDEFINED,16,True
Q4,GO_BP,GOBP_NEGATIVE_REGULATION_OF_COLLATERAL_SPROUTING,Negative Regulation Of Collateral Sprouting,TERM_ID_REGEX:(?:ANGIOGENESIS|BLOOD_VESSEL|VASCULAR|ENDOTHELIAL|SPROUTING),PREDEFINED,8,False
Q4,GO_BP,GOBP_NEGATIVE_REGULATION_OF_ENDOTHELIAL_CELL_APOPTOTIC_PROCESS,Negative Regulation Of Endothelial Cell Apoptotic Process,TERM_ID_REGEX:(?:ANGIOGENESIS|BLOOD_VESSEL|VASCULAR|ENDOTHELIAL|SPROUTING),PREDEFINED,21,True
Q4,GO_BP,GOBP_NEGATIVE_REGULATION_OF_ENDOTHELIAL_CELL_CHEMOTAXIS,Negative Regulation Of Endothelial Cell Chemotaxis,TERM_ID_REGEX:(?:ANGIOGENESIS|BLOOD_VESSEL|VASCULAR|ENDOTHELIAL|SPROUTING),PREDEFINED,2,False
Q4,GO_BP,GOBP_NEGATIVE_REGULATION_OF_ENDOTHELIAL_CELL_DIFFERENTIATION,Negative Regulation Of Endothelial Cell Differentiation,TERM_ID_REGEX:(?:ANGIOGENESIS|BLOOD_VESSEL|VASCULAR|ENDOTHELIAL|SPROUTING),PREDEFINED,8,False
Q4,GO_BP,GOBP_NEGATIVE_REGULATION_OF_ENDOTHELIAL_CELL_MIGRATION,Negative Regulation Of Endothelial Cell Migration,TERM_ID_REGEX:(?:ANGIOGENESIS|BLOOD_VESSEL|VASCULAR|ENDOTHELIAL|SPROUTING),PREDEFINED,44,True
Q4,GO_BP,GOBP_NEGATIVE_REGULATION_OF_ENDOTHELIAL_CELL_PROLIFERATION,Negative Regulation Of Endothelial Cell Proliferation,TERM_ID_REGEX:(?:ANGIOGENESIS|BLOOD_VESSEL|VASCULAR|ENDOTHELIAL|SPROUTING),PREDEFINED,30,True
Q4,GO_BP,GOBP_NEGATIVE_REGULATION_OF_LEUKOCYTE_ADHESION_TO_VASCULAR_ENDOTHELIAL_CELL,Negative Regulation Of Leukocyte Adhesion To Vascular Endothelial Cell,TERM_ID_REGEX:(?:ANGIOGENESIS|BLOOD_VESSEL|VASCULAR|ENDOTHELIAL|SPROUTING),PREDEFINED,4,False
Q4,GO_BP,GOBP_NEGATIVE_REGULATION_OF_SPROUTING_ANGIOGENESIS,Negative Regulation Of Sprouting Angiogenesis,TERM_ID_REGEX:(?:ANGIOGENESIS|BLOOD_VESSEL|VASCULAR|ENDOTHELIAL|SPROUTING),PREDEFINED,13,False
Q4,GO_BP,GOBP_NEGATIVE_REGULATION_OF_VASCULAR_ASSOCIATED_SMOOTH_MUSCLE_CELL_APOPTOTIC_PROCESS,Negative Regulation Of Vascular Associated Smooth Muscle Cell Apoptotic Process,TERM_ID_REGEX:(?:ANGIOGENESIS|BLOOD_VESSEL|VASCULAR|ENDOTHELIAL|SPROUTING),PREDEFINED,2,False
Q4,GO_BP,GOBP_NEGATIVE_REGULATION_OF_VASCULAR_ASSOCIATED_SMOOTH_MUSCLE_CELL_DIFFERENTIATION,Negative Regulation Of Vascular Associated Smooth Muscle Cell Differentiation,TERM_ID_REGEX:(?:ANGIOGENESIS|BLOOD_VESSEL|VASCULAR|ENDOTHELIAL|SPROUTING),PREDEFINED,7,False
Q4,GO_BP,GOBP_NEGATIVE_REGULATION_OF_VASCULAR_ASSOCIATED_SMOOTH_MUSCLE_CELL_MIGRATION,Negative Regulation Of Vascular Associated Smooth Muscle Cell Migration,TERM_ID_REGEX:(?:ANGIOGENESIS|BLOOD_VESSEL|VASCULAR|ENDOTHELIAL|SPROUTING),PREDEFINED,8,False
Q4,GO_BP,GOBP_NEGATIVE_REGULATION_OF_VASCULAR_ASSOCIATED_SMOOTH_MUSCLE_CELL_PROLIFERATION,Negative Regulation Of Vascular Associated Smooth Muscle Cell Proliferation,TERM_ID_REGEX:(?:ANGIOGENESIS|BLOOD_VESSEL|VASCULAR|ENDOTHELIAL|SPROUTING),PREDEFINED,19,True
Q4,GO_BP,GOBP_NEGATIVE_REGULATION_OF_VASCULAR_ENDOTHELIAL_CELL_PROLIFERATION,Negative Regulation Of Vascular Endothelial Cell Proliferation,TERM_ID_REGEX:(?:ANGIOGENESIS|BLOOD_VESSEL|VASCULAR|ENDOTHELIAL|SPROUTING),PREDEFINED,5,False
Q4,GO_BP,GOBP_NEGATIVE_REGULATION_OF_VASCULAR_ENDOTHELIAL_GROWTH_FACTOR_PRODUCTION,Negative Regulation Of Vascular Endothelial Growth Factor Production,TERM_ID_REGEX:(?:ANGIOGENESIS|BLOOD_VESSEL|VASCULAR|ENDOTHELIAL|SPROUTING),PREDEFINED,1,False
Q4,GO_BP,GOBP_NEGATIVE_REGULATION_OF_VASCULAR_ENDOTHELIAL_GROWTH_FACTOR_RECEPTOR_SIGNALING_PATHWAY,Negative Regulation Of Vascular Endothelial Growth Factor Receptor Signaling Pathway,TERM_ID_REGEX:(?:ANGIOGENESIS|BLOOD_VESSEL|VASCULAR|ENDOTHELIAL|SPROUTING),PREDEFINED,10,False
Q4,GO_BP,GOBP_NEGATIVE_REGULATION_OF_VASCULAR_PERMEABILITY,Negative Regulation Of Vascular Permeability,TERM_ID_REGEX:(?:ANGIOGENESIS|BLOOD_VESSEL|VASCULAR|ENDOTHELIAL|SPROUTING),PREDEFINED,15,True
Q4,GO_BP,GOBP_NEGATIVE_REGULATION_OF_VASCULAR_WOUND_HEALING,Negative Regulation Of Vascular Wound Healing,TERM_ID_REGEX:(?:ANGIOGENESIS|BLOOD_VESSEL|VASCULAR|ENDOTHELIAL|SPROUTING),PREDEFINED,2,False
Q4,GO_BP,GOBP_PLACENTA_BLOOD_VESSEL_DEVELOPMENT,Placenta Blood Vessel Development,TERM_ID_REGEX:(?:ANGIOGENESIS|BLOOD_VESSEL|VASCULAR|ENDOTHELIAL|SPROUTING),PREDEFINED,24,True
Q4,GO_BP,GOBP_POSITIVE_REGULATION_OF_BLOOD_VESSEL_BRANCHING,Positive Regulation Of Blood Vessel Branching,TERM_ID_REGEX:(?:ANGIOGENESIS|BLOOD_VESSEL|VASCULAR|ENDOTHELIAL|SPROUTING),PREDEFINED,6,False
Q4,GO_BP,GOBP_POSITIVE_REGULATION_OF_BLOOD_VESSEL_ENDOTHELIAL_CELL_MIGRATION,Positive Regulation Of Blood Vessel Endothelial Cell Migration,TERM_ID_REGEX:(?:ANGIOGENESIS|BLOOD_VESSEL|VASCULAR|ENDOTHELIAL|SPROUTING),PREDEFINED,53,True
Q4,GO_BP,GOBP_POSITIVE_REGULATION_OF_BLOOD_VESSEL_ENDOTHELIAL_CELL_PROLIFERATION_INVOLVED_IN_SPROUTING_ANGIOGENESIS,Positive Regulation Of Blood Vessel Endothelial Cell Proliferation Involved In Sprouting Angiogenesis,TERM_ID_REGEX:(?:ANGIOGENESIS|BLOOD_VESSEL|VASCULAR|ENDOTHELIAL|SPROUTING),PREDEFINED,7,False
Q4,GO_BP,GOBP_POSITIVE_REGULATION_OF_BLOOD_VESSEL_REMODELING,Positive Regulation Of Blood Vessel Remodeling,TERM_ID_REGEX:(?:ANGIOGENESIS|BLOOD_VESSEL|VASCULAR|ENDOTHELIAL|SPROUTING),PREDEFINED,2,False
Q4,GO_BP,GOBP_POSITIVE_REGULATION_OF_CELL_MIGRATION_INVOLVED_IN_SPROUTING_ANGIOGENESIS,Positive Regulation Of Cell Migration Involved In Sprouting Angiogenesis,TERM_ID_REGEX:(?:ANGIOGENESIS|BLOOD_VESSEL|VASCULAR|ENDOTHELIAL|SPROUTING),PREDEFINED,22,True
Q4,GO_BP,GOBP_POSITIVE_REGULATION_OF_COLLATERAL_SPROUTING,Positive Regulation Of Collateral Sprouting,TERM_ID_REGEX:(?:ANGIOGENESIS|BLOOD_VESSEL|VASCULAR|ENDOTHELIAL|SPROUTING),PREDEFINED,10,False
Q4,GO_BP,GOBP_POSITIVE_REGULATION_OF_ENDOTHELIAL_CELL_APOPTOTIC_PROCESS,Positive Regulation Of Endothelial Cell Apoptotic Process,TERM_ID_REGEX:(?:ANGIOGENESIS|BLOOD_VESSEL|VASCULAR|ENDOTHELIAL|SPROUTING),PREDEFINED,17,True
Q4,GO_BP,GOBP_POSITIVE_REGULATION_OF_ENDOTHELIAL_CELL_CHEMOTAXIS,Positive Regulation Of Endothelial Cell Chemotaxis,TERM_ID_REGEX:(?:ANGIOGENESIS|BLOOD_VESSEL|VASCULAR|ENDOTHELIAL|SPROUTING),PREDEFINED,12,False
Q4,GO_BP,GOBP_POSITIVE_REGULATION_OF_ENDOTHELIAL_CELL_DEVELOPMENT,Positive Regulation Of Endothelial Cell Development,TERM_ID_REGEX:(?:ANGIOGENESIS|BLOOD_VESSEL|VASCULAR|ENDOTHELIAL|SPROUTING),PREDEFINED,3,False
Q4,GO_BP,GOBP_POSITIVE_REGULATION_OF_ENDOTHELIAL_CELL_DIFFERENTIATION,Positive Regulation Of Endothelial Cell Differentiation,TERM_ID_REGEX:(?:ANGIOGENESIS|BLOOD_VESSEL|VASCULAR|ENDOTHELIAL|SPROUTING),PREDEFINED,10,False
Q4,GO_BP,GOBP_POSITIVE_REGULATION_OF_ENDOTHELIAL_CELL_MATRIX_ADHESION,Positive Regulation Of Endothelial Cell Matrix Adhesion,TERM_ID_REGEX:(?:ANGIOGENESIS|BLOOD_VESSEL|VASCULAR|ENDOTHELIAL|SPROUTING),PREDEFINED,4,False
Q4,GO_BP,GOBP_POSITIVE_REGULATION_OF_ENDOTHELIAL_CELL_MIGRATION,Positive Regulation Of Endothelial Cell Migration,TERM_ID_REGEX:(?:ANGIOGENESIS|BLOOD_VESSEL|VASCULAR|ENDOTHELIAL|SPROUTING),PREDEFINED,93,True
Q4,GO_BP,GOBP_POSITIVE_REGULATION_OF_ENDOTHELIAL_CELL_PROLIFERATION,Positive Regulation Of Endothelial Cell Proliferation,TERM_ID_REGEX:(?:ANGIOGENESIS|BLOOD_VESSEL|VASCULAR|ENDOTHELIAL|SPROUTING),PREDEFINED,67,True
Q4,GO_BP,GOBP_POSITIVE_REGULATION_OF_LEUKOCYTE_ADHESION_TO_ARTERIAL_ENDOTHELIAL_CELL,Positive Regulation Of Leukocyte Adhesion To Arterial Endothelial Cell,TERM_ID_REGEX:(?:ANGIOGENESIS|BLOOD_VESSEL|VASCULAR|ENDOTHELIAL|SPROUTING),PREDEFINED,2,False
Q4,GO_BP,GOBP_POSITIVE_REGULATION_OF_LEUKOCYTE_ADHESION_TO_VASCULAR_ENDOTHELIAL_CELL,Positive Regulation Of Leukocyte Adhesion To Vascular Endothelial Cell,TERM_ID_REGEX:(?:ANGIOGENESIS|BLOOD_VESSEL|VASCULAR|ENDOTHELIAL|SPROUTING),PREDEFINED,16,True
Q4,GO_BP,GOBP_POSITIVE_REGULATION_OF_SPROUTING_ANGIOGENESIS,Positive Regulation Of Sprouting Angiogenesis,TERM_ID_REGEX:(?:ANGIOGENESIS|BLOOD_VESSEL|VASCULAR|ENDOTHELIAL|SPROUTING),PREDEFINED,19,True
Q4,GO_BP,GOBP_POSITIVE_REGULATION_OF_VASCULAR_ASSOCIATED_SMOOTH_MUSCLE_CELL_APOPTOTIC_PROCESS,Positive Regulation Of Vascular Associated Smooth Muscle Cell Apoptotic Process,TERM_ID_REGEX:(?:ANGIOGENESIS|BLOOD_VESSEL|VASCULAR|ENDOTHELIAL|SPROUTING),PREDEFINED,6,False
Q4,GO_BP,GOBP_POSITIVE_REGULATION_OF_VASCULAR_ASSOCIATED_SMOOTH_MUSCLE_CELL_DIFFERENTIATION,Positive Regulation Of Vascular Associated Smooth Muscle Cell Differentiation,TERM_ID_REGEX:(?:ANGIOGENESIS|BLOOD_VESSEL|VASCULAR|ENDOTHELIAL|SPROUTING),PREDEFINED,7,False
Q4,GO_BP,GOBP_POSITIVE_REGULATION_OF_VASCULAR_ASSOCIATED_SMOOTH_MUSCLE_CELL_MIGRATION,Positive Regulation Of Vascular Associated Smooth Muscle Cell Migration,TERM_ID_REGEX:(?:ANGIOGENESIS|BLOOD_VESSEL|VASCULAR|ENDOTHELIAL|SPROUTING),PREDEFINED,13,False
Q4,GO_BP,GOBP_POSITIVE_REGULATION_OF_VASCULAR_ASSOCIATED_SMOOTH_MUSCLE_CELL_PROLIFERATION,Positive Regulation Of Vascular Associated Smooth Muscle Cell Proliferation,TERM_ID_REGEX:(?:ANGIOGENESIS|BLOOD_VESSEL|VASCULAR|ENDOTHELIAL|SPROUTING),PREDEFINED,28,True
Q4,GO_BP,GOBP_POSITIVE_REGULATION_OF_VASCULAR_ENDOTHELIAL_CELL_PROLIFERATION,Positive Regulation Of Vascular Endothelial Cell Proliferation,TERM_ID_REGEX:(?:ANGIOGENESIS|BLOOD_VESSEL|VASCULAR|ENDOTHELIAL|SPROUTING),PREDEFINED,13,False
Q4,GO_BP,GOBP_POSITIVE_REGULATION_OF_VASCULAR_ENDOTHELIAL_GROWTH_FACTOR_PRODUCTION,Positive Regulation Of Vascular Endothelial Growth Factor Production,TERM_ID_REGEX:(?:ANGIOGENESIS|BLOOD_VESSEL|VASCULAR|ENDOTHELIAL|SPROUTING),PREDEFINED,24,True
Q4,GO_BP,GOBP_POSITIVE_REGULATION_OF_VASCULAR_ENDOTHELIAL_GROWTH_FACTOR_RECEPTOR_SIGNALING_PATHWAY,Positive Regulation Of Vascular Endothelial Growth Factor Receptor Signaling Pathway,TERM_ID_REGEX:(?:ANGIOGENESIS|BLOOD_VESSEL|VASCULAR|ENDOTHELIAL|SPROUTING),PREDEFINED,11,False
Q4,GO_BP,GOBP_POSITIVE_REGULATION_OF_VASCULAR_ENDOTHELIAL_GROWTH_FACTOR_SIGNALING_PATHWAY,Positive Regulation Of Vascular Endothelial Growth Factor Signaling Pathway,TERM_ID_REGEX:(?:ANGIOGENESIS|BLOOD_VESSEL|VASCULAR|ENDOTHELIAL|SPROUTING),PREDEFINED,12,False
Q4,GO_BP,GOBP_POSITIVE_REGULATION_OF_VASCULAR_PERMEABILITY,Positive Regulation Of Vascular Permeability,TERM_ID_REGEX:(?:ANGIOGENESIS|BLOOD_VESSEL|VASCULAR|ENDOTHELIAL|SPROUTING),PREDEFINED,14,False
Q4,GO_BP,GOBP_POSITIVE_REGULATION_OF_VASCULAR_WOUND_HEALING,Positive Regulation Of Vascular Wound Healing,TERM_ID_REGEX:(?:ANGIOGENESIS|BLOOD_VESSEL|VASCULAR|ENDOTHELIAL|SPROUTING),PREDEFINED,4,False
Q4,GO_BP,GOBP_REGULATION_OF_BLOOD_VESSEL_BRANCHING,Regulation Of Blood Vessel Branching,TERM_ID_REGEX:(?:ANGIOGENESIS|BLOOD_VESSEL|VASCULAR|ENDOTHELIAL|SPROUTING),PREDEFINED,8,False
Q4,GO_BP,GOBP_REGULATION_OF_BLOOD_VESSEL_REMODELING,Regulation Of Blood Vessel Remodeling,TERM_ID_REGEX:(?:ANGIOGENESIS|BLOOD_VESSEL|VASCULAR|ENDOTHELIAL|SPROUTING),PREDEFINED,6,False
Q4,GO_BP,GOBP_REGULATION_OF_CELLULAR_RESPONSE_TO_VASCULAR_ENDOTHELIAL_GROWTH_FACTOR_STIMULUS,Regulation Of Cellular Response To Vascular Endothelial Growth Factor Stimulus,TERM_ID_REGEX:(?:ANGIOGENESIS|BLOOD_VESSEL|VASCULAR|ENDOTHELIAL|SPROUTING),PREDEFINED,30,True
Q4,GO_BP,GOBP_REGULATION_OF_CELL_MIGRATION_INVOLVED_IN_SPROUTING_ANGIOGENESIS,Regulation Of Cell Migration Involved In Sprouting Angiogenesis,TERM_ID_REGEX:(?:ANGIOGENESIS|BLOOD_VESSEL|VASCULAR|ENDOTHELIAL|SPROUTING),PREDEFINED,38,True
Q4,GO_BP,GOBP_REGULATION_OF_COLLATERAL_SPROUTING,Regulation Of Collateral Sprouting,TERM_ID_REGEX:(?:ANGIOGENESIS|BLOOD_VESSEL|VASCULAR|ENDOTHELIAL|SPROUTING),PREDEFINED,17,True
Q4,GO_BP,GOBP_REGULATION_OF_ENDOTHELIAL_CELL_CHEMOTAXIS,Regulation Of Endothelial Cell Chemotaxis,TERM_ID_REGEX:(?:ANGIOGENESIS|BLOOD_VESSEL|VASCULAR|ENDOTHELIAL|SPROUTING),PREDEFINED,15,True
Q4,GO_BP,GOBP_REGULATION_OF_ENDOTHELIAL_CELL_DEVELOPMENT,Regulation Of Endothelial Cell Development,TERM_ID_REGEX:(?:ANGIOGENESIS|BLOOD_VESSEL|VASCULAR|ENDOTHELIAL|SPROUTING),PREDEFINED,14,False
Q4,GO_BP,GOBP_REGULATION_OF_ENDOTHELIAL_CELL_DIFFERENTIATION,Regulation Of Endothelial Cell Differentiation,TERM_ID_REGEX:(?:ANGIOGENESIS|BLOOD_VESSEL|VASCULAR|ENDOTHELIAL|SPROUTING),PREDEFINED,31,True
Q4,GO_BP,GOBP_REGULATION_OF_ENDOTHELIAL_CELL_MATRIX_ADHESION,Regulation Of Endothelial Cell Matrix Adhesion,TERM_ID_REGEX:(?:ANGIOGENESIS|BLOOD_VESSEL|VASCULAR|ENDOTHELIAL|SPROUTING),PREDEFINED,5,False
Q4,GO_BP,GOBP_REGULATION_OF_ENDOTHELIAL_CELL_MIGRATION,Regulation Of Endothelial Cell Migration,TERM_ID_REGEX:(?:ANGIOGENESIS|BLOOD_VESSEL|VASCULAR|ENDOTHELIAL|SPROUTING),PREDEFINED,141,True
Q4,GO_BP,GOBP_REGULATION_OF_ENDOTHELIAL_TUBE_MORPHOGENESIS,Regulation Of Endothelial Tube Morphogenesis,TERM_ID_REGEX:(?:ANGIOGENESIS|BLOOD_VESSEL|VASCULAR|ENDOTHELIAL|SPROUTING),PREDEFINED,4,False
Q4,GO_BP,GOBP_REGULATION_OF_LEUKOCYTE_ADHESION_TO_VASCULAR_ENDOTHELIAL_CELL,Regulation Of Leukocyte Adhesion To Vascular Endothelial Cell,TERM_ID_REGEX:(?:ANGIOGENESIS|BLOOD_VESSEL|VASCULAR|ENDOTHELIAL|SPROUTING),PREDEFINED,21,True
Q4,GO_BP,GOBP_REGULATION_OF_LYMPHANGIOGENESIS,Regulation Of Lymphangiogenesis,TERM_ID_REGEX:(?:ANGIOGENESIS|BLOOD_VESSEL|VASCULAR|ENDOTHELIAL|SPROUTING),PREDEFINED,6,False
Q4,GO_BP,GOBP_REGULATION_OF_SPROUTING_ANGIOGENESIS,Regulation Of Sprouting Angiogenesis,TERM_ID_REGEX:(?:ANGIOGENESIS|BLOOD_VESSEL|VASCULAR|ENDOTHELIAL|SPROUTING),PREDEFINED,38,True
Q4,GO_BP,GOBP_REGULATION_OF_VASCULAR_ASSOCIATED_SMOOTH_MUSCLE_CELL_DEDIFFERENTIATION,Regulation Of Vascular Associated Smooth Muscle Cell Dedifferentiation,TERM_ID_REGEX:(?:ANGIOGENESIS|BLOOD_VESSEL|VASCULAR|ENDOTHELIAL|SPROUTING),PREDEFINED,3,False
Q4,GO_BP,GOBP_REGULATION_OF_VASCULAR_ASSOCIATED_SMOOTH_MUSCLE_CELL_DIFFERENTIATION,Regulation Of Vascular Associated Smooth Muscle Cell Differentiation,TERM_ID_REGEX:(?:ANGIOGENESIS|BLOOD_VESSEL|VASCULAR|ENDOTHELIAL|SPROUTING),PREDEFINED,14,False
Q4,GO_BP,GOBP_REGULATION_OF_VASCULAR_ASSOCIATED_SMOOTH_MUSCLE_CONTRACTION,Regulation Of Vascular Associated Smooth Muscle Contraction,TERM_ID_REGEX:(?:ANGIOGENESIS|BLOOD_VESSEL|VASCULAR|ENDOTHELIAL|SPROUTING),PREDEFINED,8,False
Q4,GO_BP,GOBP_REGULATION_OF_VASCULAR_ENDOTHELIAL_GROWTH_FACTOR_RECEPTOR_SIGNALING_PATHWAY,Regulation Of Vascular Endothelial Growth Factor Receptor Signaling Pathway,TERM_ID_REGEX:(?:ANGIOGENESIS|BLOOD_VESSEL|VASCULAR|ENDOTHELIAL|SPROUTING),PREDEFINED,27,True
Q4,GO_BP,GOBP_REGULATION_OF_VASCULAR_PERMEABILITY,Regulation Of Vascular Permeability,TERM_ID_REGEX:(?:ANGIOGENESIS|BLOOD_VESSEL|VASCULAR|ENDOTHELIAL|SPROUTING),PREDEFINED,36,True
Q4,GO_BP,GOBP_REGULATION_OF_VASCULAR_WOUND_HEALING,Regulation Of Vascular Wound Healing,TERM_ID_REGEX:(?:ANGIOGENESIS|BLOOD_VESSEL|VASCULAR|ENDOTHELIAL|SPROUTING),PREDEFINED,7,False
Q4,GO_BP,GOBP_RELAXATION_OF_VASCULAR_ASSOCIATED_SMOOTH_MUSCLE,Relaxation Of Vascular Associated Smooth Muscle,TERM_ID_REGEX:(?:ANGIOGENESIS|BLOOD_VESSEL|VASCULAR|ENDOTHELIAL|SPROUTING),PREDEFINED,5,False
Q4,GO_BP,GOBP_RENAL_CONTROL_OF_PERIPHERAL_VASCULAR_RESISTANCE_INVOLVED_IN_REGULATION_OF_SYSTEMIC_ARTERIAL_BLOOD_PRESSURE,Renal Control Of Peripheral Vascular Resistance Involved In Regulation Of Systemic Arterial Blood Pressure,TERM_ID_REGEX:(?:ANGIOGENESIS|BLOOD_VESSEL|VASCULAR|ENDOTHELIAL|SPROUTING),PREDEFINED,2,False
Q4,GO_BP,GOBP_RETINAL_BLOOD_VESSEL_MORPHOGENESIS,Retinal Blood Vessel Morphogenesis,TERM_ID_REGEX:(?:ANGIOGENESIS|BLOOD_VESSEL|VASCULAR|ENDOTHELIAL|SPROUTING),PREDEFINED,5,False
Q4,GO_BP,GOBP_SPROUTING_ANGIOGENESIS,Sprouting Angiogenesis,TERM_ID_REGEX:(?:ANGIOGENESIS|BLOOD_VESSEL|VASCULAR|ENDOTHELIAL|SPROUTING),PREDEFINED,119,True
Q4,GO_BP,GOBP_SPROUTING_OF_INJURED_AXON,Sprouting Of Injured Axon,TERM_ID_REGEX:(?:ANGIOGENESIS|BLOOD_VESSEL|VASCULAR|ENDOTHELIAL|SPROUTING),PREDEFINED,2,False
Q4,GO_BP,GOBP_VASCULAR_ASSOCIATED_SMOOTH_MUSCLE_CELL_APOPTOTIC_PROCESS,Vascular Associated Smooth Muscle Cell Apoptotic Process,TERM_ID_REGEX:(?:ANGIOGENESIS|BLOOD_VESSEL|VASCULAR|ENDOTHELIAL|SPROUTING),PREDEFINED,8,False
Q4,GO_BP,GOBP_VASCULAR_ASSOCIATED_SMOOTH_MUSCLE_CELL_DEVELOPMENT,Vascular Associated Smooth Muscle Cell Development,TERM_ID_REGEX:(?:ANGIOGENESIS|BLOOD_VESSEL|VASCULAR|ENDOTHELIAL|SPROUTING),PREDEFINED,9,False
Q4,GO_BP,GOBP_VASCULAR_ASSOCIATED_SMOOTH_MUSCLE_CELL_DIFFERENTIATION,Vascular Associated Smooth Muscle Cell Differentiation,TERM_ID_REGEX:(?:ANGIOGENESIS|BLOOD_VESSEL|VASCULAR|ENDOTHELIAL|SPROUTING),PREDEFINED,29,True
Q4,GO_BP,GOBP_VASCULAR_ASSOCIATED_SMOOTH_MUSCLE_CELL_MIGRATION,Vascular Associated Smooth Muscle Cell Migration,TERM_ID_REGEX:(?:ANGIOGENESIS|BLOOD_VESSEL|VASCULAR|ENDOTHELIAL|SPROUTING),PREDEFINED,23,True
Q4,GO_BP,GOBP_VASCULAR_ASSOCIATED_SMOOTH_MUSCLE_CELL_PROLIFERATION,Vascular Associated Smooth Muscle Cell Proliferation,TERM_ID_REGEX:(?:ANGIOGENESIS|BLOOD_VESSEL|VASCULAR|ENDOTHELIAL|SPROUTING),PREDEFINED,48,True
Q4,GO_BP,GOBP_VASCULAR_ASSOCIATED_SMOOTH_MUSCLE_CONTRACTION,Vascular Associated Smooth Muscle Contraction,TERM_ID_REGEX:(?:ANGIOGENESIS|BLOOD_VESSEL|VASCULAR|ENDOTHELIAL|SPROUTING),PREDEFINED,20,True
Q4,GO_BP,GOBP_VASCULAR_ENDOTHELIAL_CELL_PROLIFERATION,Vascular Endothelial Cell Proliferation,TERM_ID_REGEX:(?:ANGIOGENESIS|BLOOD_VESSEL|VASCULAR|ENDOTHELIAL|SPROUTING),PREDEFINED,20,True
Q4,GO_BP,GOBP_VASCULAR_ENDOTHELIAL_CELL_RESPONSE_TO_FLUID_SHEAR_STRESS,Vascular Endothelial Cell Response To Fluid Shear Stress,TERM_ID_REGEX:(?:ANGIOGENESIS|BLOOD_VESSEL|VASCULAR|ENDOTHELIAL|SPROUTING),PREDEFINED,24,True
Q4,GO_BP,GOBP_VASCULAR_ENDOTHELIAL_CELL_RESPONSE_TO_LAMINAR_FLUID_SHEAR_STRESS,Vascular Endothelial Cell Response To Laminar Fluid Shear Stress,TERM_ID_REGEX:(?:ANGIOGENESIS|BLOOD_VESSEL|VASCULAR|ENDOTHELIAL|SPROUTING),PREDEFINED,19,True
Q4,GO_BP,GOBP_VASCULAR_ENDOTHELIAL_GROWTH_FACTOR_PRODUCTION,Vascular Endothelial Growth Factor Production,TERM_ID_REGEX:(?:ANGIOGENESIS|BLOOD_VESSEL|VASCULAR|ENDOTHELIAL|SPROUTING),PREDEFINED,28,True
Q4,GO_BP,GOBP_VASCULAR_ENDOTHELIAL_GROWTH_FACTOR_RECEPTOR_2_SIGNALING_PATHWAY,Vascular Endothelial Growth Factor Receptor 2 Signaling Pathway,TERM_ID_REGEX:(?:ANGIOGENESIS|BLOOD_VESSEL|VASCULAR|ENDOTHELIAL|SPROUTING),PREDEFINED,5,False
Q4,GO_BP,GOBP_VASCULAR_ENDOTHELIAL_GROWTH_FACTOR_RECEPTOR_SIGNALING_PATHWAY,Vascular Endothelial Growth Factor Receptor Signaling Pathway,TERM_ID_REGEX:(?:ANGIOGENESIS|BLOOD_VESSEL|VASCULAR|ENDOTHELIAL|SPROUTING),PREDEFINED,49,True
Q4,GO_BP,GOBP_VASCULAR_ENDOTHELIAL_GROWTH_FACTOR_SIGNALING_PATHWAY,Vascular Endothelial Growth Factor Signaling Pathway,TERM_ID_REGEX:(?:ANGIOGENESIS|BLOOD_VESSEL|VASCULAR|ENDOTHELIAL|SPROUTING),PREDEFINED,43,True
Q4,GO_BP,GOBP_VASCULAR_PROCESS_IN_CIRCULATORY_SYSTEM,Vascular Process In Circulatory System,TERM_ID_REGEX:(?:ANGIOGENESIS|BLOOD_VESSEL|VASCULAR|ENDOTHELIAL|SPROUTING),PREDEFINED,189,True
Q4,GO_BP,GOBP_VASCULAR_TRANSPORT,Vascular Transport,TERM_ID_REGEX:(?:ANGIOGENESIS|BLOOD_VESSEL|VASCULAR|ENDOTHELIAL|SPROUTING),PREDEFINED,65,True
Q4,GO_BP,GOBP_VASCULAR_WOUND_HEALING,Vascular Wound Healing,TERM_ID_REGEX:(?:ANGIOGENESIS|BLOOD_VESSEL|VASCULAR|ENDOTHELIAL|SPROUTING),PREDEFINED,14,False
Q4,GO_BP,GOBP_VASCULOGENESIS_INVOLVED_IN_CORONARY_VASCULAR_MORPHOGENESIS,Vasculogenesis Involved In Coronary Vascular Morphogenesis,TERM_ID_REGEX:(?:ANGIOGENESIS|BLOOD_VESSEL|VASCULAR|ENDOTHELIAL|SPROUTING),PREDEFINED,4,False
Q4,GO_BP,GOBP_VENOUS_BLOOD_VESSEL_DEVELOPMENT,Venous Blood Vessel Development,TERM_ID_REGEX:(?:ANGIOGENESIS|BLOOD_VESSEL|VASCULAR|ENDOTHELIAL|SPROUTING),PREDEFINED,13,False
Q4,GO_BP,GOBP_VENOUS_BLOOD_VESSEL_MORPHOGENESIS,Venous Blood Vessel Morphogenesis,TERM_ID_REGEX:(?:ANGIOGENESIS|BLOOD_VESSEL|VASCULAR|ENDOTHELIAL|SPROUTING),PREDEFINED,8,False
Q4,Reactome,REACTOME_CELL_SURFACE_INTERACTIONS_AT_THE_VASCULAR_WALL,Cell Surface Interactions At The Vascular Wall,TERM_ID_REGEX:(?:ANGIOGENESIS|BLOOD_VESSEL|VASCULAR|ENDOTHELIAL|SPROUTING),PREDEFINED,82,True
Q4,Reactome,REACTOME_HIGH_LAMINAR_FLOW_SHEAR_STRESS_ACTIVATES_SIGNALING_BY_PIEZO1_AND_PECAM1_CDH5_KDR_IN_ENDOTHELIAL_CELLS,High Laminar Flow Shear Stress Activates Signaling By Piezo1 And Pecam1 Cdh5 Kdr In Endothelial Cells,TERM_ID_REGEX:(?:ANGIOGENESIS|BLOOD_VESSEL|VASCULAR|ENDOTHELIAL|SPROUTING),PREDEFINED,51,True
Q4,Reactome,REACTOME_TURBULENT_OSCILLATORY_DISTURBED_FLOW_SHEAR_STRESS_ACTIVATES_SIGNALING_BY_PIEZO1_AND_INTEGRINS_IN_ENDOTHELIAL_CELLS,Turbulent Oscillatory Disturbed Flow Shear Stress Activates Signaling By Piezo1 And Integrins In Endothelial Cells,TERM_ID_REGEX:(?:ANGIOGENESIS|BLOOD_VESSEL|VASCULAR|ENDOTHELIAL|SPROUTING),PREDEFINED,29,True
Q4,Reactome,REACTOME_VEGFR2_MEDIATED_VASCULAR_PERMEABILITY,Vegfr2 Mediated Vascular Permeability,TERM_ID_REGEX:(?:ANGIOGENESIS|BLOOD_VESSEL|VASCULAR|ENDOTHELIAL|SPROUTING),PREDEFINED,24,True
Q5,GO_BP,GOBP_ACTIVATION_OF_IMMUNE_RESPONSE,Activation Of Immune Response,TERM_ID_REGEX:(?:IMMUN|INFLAMM|CYTOKINE(?:_|$)|INTERLEUKIN|INTERFERON|LEUKOCYTE|MACROPHAGE|NEUTROPHIL|TNF|NFKB|TOLL_LIKE),PREDEFINED,401,True
Q5,GO_BP,GOBP_ACTIVATION_OF_INNATE_IMMUNE_RESPONSE,Activation Of Innate Immune Response,TERM_ID_REGEX:(?:IMMUN|INFLAMM|CYTOKINE(?:_|$)|INTERLEUKIN|INTERFERON|LEUKOCYTE|MACROPHAGE|NEUTROPHIL|TNF|NFKB|TOLL_LIKE),PREDEFINED,241,True
Q5,GO_BP,GOBP_ACUTE_INFLAMMATORY_RESPONSE,Acute Inflammatory Response,TERM_ID_REGEX:(?:IMMUN|INFLAMM|CYTOKINE(?:_|$)|INTERLEUKIN|INTERFERON|LEUKOCYTE|MACROPHAGE|NEUTROPHIL|TNF|NFKB|TOLL_LIKE),PREDEFINED,49,True
Q5,GO_BP,GOBP_ACUTE_INFLAMMATORY_RESPONSE_TO_ANTIGENIC_STIMULUS,Acute Inflammatory Response To Antigenic Stimulus,TERM_ID_REGEX:(?:IMMUN|INFLAMM|CYTOKINE(?:_|$)|INTERLEUKIN|INTERFERON|LEUKOCYTE|MACROPHAGE|NEUTROPHIL|TNF|NFKB|TOLL_LIKE),PREDEFINED,10,False
Q5,GO_BP,GOBP_ADAPTIVE_IMMUNE_MEMORY_RESPONSE,Adaptive Immune Memory Response,TERM_ID_REGEX:(?:IMMUN|INFLAMM|CYTOKINE(?:_|$)|INTERLEUKIN|INTERFERON|LEUKOCYTE|MACROPHAGE|NEUTROPHIL|TNF|NFKB|TOLL_LIKE),PREDEFINED,4,False
Q5,GO_BP,GOBP_ADAPTIVE_IMMUNE_RESPONSE,Adaptive Immune Response,TERM_ID_REGEX:(?:IMMUN|INFLAMM|CYTOKINE(?:_|$)|INTERLEUKIN|INTERFERON|LEUKOCYTE|MACROPHAGE|NEUTROPHIL|TNF|NFKB|TOLL_LIKE),PREDEFINED,290,True
Q5,GO_BP,GOBP_ADAPTIVE_IMMUNE_RESPONSE_BASED_ON_SOMATIC_RECOMBINATION_OF_IMMUNE_RECEPTORS_BUILT_FROM_IMMUNOGLOBULIN_SUPERFAMILY_DOMAINS,Adaptive Immune Response Based On Somatic Recombination Of Immune Receptors Built From Immunoglobulin Superfamily Domains,TERM_ID_REGEX:(?:IMMUN|INFLAMM|CYTOKINE(?:_|$)|INTERLEUKIN|INTERFERON|LEUKOCYTE|MACROPHAGE|NEUTROPHIL|TNF|NFKB|TOLL_LIKE),PREDEFINED,224,True
Q5,GO_BP,GOBP_AIM2_INFLAMMASOME_COMPLEX_ASSEMBLY,Aim2 Inflammasome Complex Assembly,TERM_ID_REGEX:(?:IMMUN|INFLAMM|CYTOKINE(?:_|$)|INTERLEUKIN|INTERFERON|LEUKOCYTE|MACROPHAGE|NEUTROPHIL|TNF|NFKB|TOLL_LIKE),PREDEFINED,4,False
Q5,GO_BP,GOBP_ANTIBACTERIAL_INNATE_IMMUNE_RESPONSE,Antibacterial Innate Immune Response,TERM_ID_REGEX:(?:IMMUN|INFLAMM|CYTOKINE(?:_|$)|INTERLEUKIN|INTERFERON|LEUKOCYTE|MACROPHAGE|NEUTROPHIL|TNF|NFKB|TOLL_LIKE),PREDEFINED,6,False
Q5,GO_BP,GOBP_ANTIFUNGAL_INNATE_IMMUNE_RESPONSE,Antifungal Innate Immune Response,TERM_ID_REGEX:(?:IMMUN|INFLAMM|CYTOKINE(?:_|$)|INTERLEUKIN|INTERFERON|LEUKOCYTE|MACROPHAGE|NEUTROPHIL|TNF|NFKB|TOLL_LIKE),PREDEFINED,7,False
Q5,GO_BP,GOBP_ANTIMICROBIAL_HUMORAL_IMMUNE_RESPONSE_MEDIATED_BY_ANTIMICROBIAL_PEPTIDE,Antimicrobial Humoral Immune Response Mediated By Antimicrobial Peptide,TERM_ID_REGEX:(?:IMMUN|INFLAMM|CYTOKINE(?:_|$)|INTERLEUKIN|INTERFERON|LEUKOCYTE|MACROPHAGE|NEUTROPHIL|TNF|NFKB|TOLL_LIKE),PREDEFINED,32,True
Q5,GO_BP,GOBP_ANTIVIRAL_INNATE_IMMUNE_RESPONSE,Antiviral Innate Immune Response,TERM_ID_REGEX:(?:IMMUN|INFLAMM|CYTOKINE(?:_|$)|INTERLEUKIN|INTERFERON|LEUKOCYTE|MACROPHAGE|NEUTROPHIL|TNF|NFKB|TOLL_LIKE),PREDEFINED,60,True
Q5,GO_BP,GOBP_ARACHIDONATE_METABOLITE_PRODUCTION_INVOLVED_IN_INFLAMMATORY_RESPONSE,Arachidonate Metabolite Production Involved In Inflammatory Response,TERM_ID_REGEX:(?:IMMUN|INFLAMM|CYTOKINE(?:_|$)|INTERLEUKIN|INTERFERON|LEUKOCYTE|MACROPHAGE|NEUTROPHIL|TNF|NFKB|TOLL_LIKE),PREDEFINED,2,False
Q5,GO_BP,GOBP_B_CELL_ACTIVATION_INVOLVED_IN_IMMUNE_RESPONSE,B Cell Activation Involved In Immune Response,TERM_ID_REGEX:(?:IMMUN|INFLAMM|CYTOKINE(?:_|$)|INTERLEUKIN|INTERFERON|LEUKOCYTE|MACROPHAGE|NEUTROPHIL|TNF|NFKB|TOLL_LIKE),PREDEFINED,64,True
Q5,GO_BP,GOBP_B_CELL_MEDIATED_IMMUNITY,B Cell Mediated Immunity,TERM_ID_REGEX:(?:IMMUN|INFLAMM|CYTOKINE(?:_|$)|INTERLEUKIN|INTERFERON|LEUKOCYTE|MACROPHAGE|NEUTROPHIL|TNF|NFKB|TOLL_LIKE),PREDEFINED,77,True
Q5,GO_BP,GOBP_B_CELL_PROLIFERATION_INVOLVED_IN_IMMUNE_RESPONSE,B Cell Proliferation Involved In Immune Response,TERM_ID_REGEX:(?:IMMUN|INFLAMM|CYTOKINE(?:_|$)|INTERLEUKIN|INTERFERON|LEUKOCYTE|MACROPHAGE|NEUTROPHIL|TNF|NFKB|TOLL_LIKE),PREDEFINED,3,False
Q5,GO_BP,GOBP_CD4_POSITIVE_ALPHA_BETA_T_CELL_CYTOKINE_PRODUCTION,Cd4 Positive Alpha Beta T Cell Cytokine Production,TERM_ID_REGEX:(?:IMMUN|INFLAMM|CYTOKINE(?:_|$)|INTERLEUKIN|INTERFERON|LEUKOCYTE|MACROPHAGE|NEUTROPHIL|TNF|NFKB|TOLL_LIKE),PREDEFINED,8,False
Q5,GO_BP,GOBP_CELLULAR_RESPONSE_TO_INTERFERON_ALPHA,Cellular Response To Interferon Alpha,TERM_ID_REGEX:(?:IMMUN|INFLAMM|CYTOKINE(?:_|$)|INTERLEUKIN|INTERFERON|LEUKOCYTE|MACROPHAGE|NEUTROPHIL|TNF|NFKB|TOLL_LIKE),PREDEFINED,7,False
Q5,GO_BP,GOBP_CELLULAR_RESPONSE_TO_INTERFERON_BETA,Cellular Response To Interferon Beta,TERM_ID_REGEX:(?:IMMUN|INFLAMM|CYTOKINE(?:_|$)|INTERLEUKIN|INTERFERON|LEUKOCYTE|MACROPHAGE|NEUTROPHIL|TNF|NFKB|TOLL_LIKE),PREDEFINED,19,True
Q5,GO_BP,GOBP_CELLULAR_RESPONSE_TO_INTERLEUKIN_1,Cellular Response To Interleukin 1,TERM_ID_REGEX:(?:IMMUN|INFLAMM|CYTOKINE(?:_|$)|INTERLEUKIN|INTERFERON|LEUKOCYTE|MACROPHAGE|NEUTROPHIL|TNF|NFKB|TOLL_LIKE),PREDEFINED,73,True
Q5,GO_BP,GOBP_CELLULAR_RESPONSE_TO_INTERLEUKIN_12,Cellular Response To Interleukin 12,TERM_ID_REGEX:(?:IMMUN|INFLAMM|CYTOKINE(?:_|$)|INTERLEUKIN|INTERFERON|LEUKOCYTE|MACROPHAGE|NEUTROPHIL|TNF|NFKB|TOLL_LIKE),PREDEFINED,8,False
Q5,GO_BP,GOBP_CELLULAR_RESPONSE_TO_INTERLEUKIN_13,Cellular Response To Interleukin 13,TERM_ID_REGEX:(?:IMMUN|INFLAMM|CYTOKINE(?:_|$)|INTERLEUKIN|INTERFERON|LEUKOCYTE|MACROPHAGE|NEUTROPHIL|TNF|NFKB|TOLL_LIKE),PREDEFINED,4,False
Q5,GO_BP,GOBP_CELLULAR_RESPONSE_TO_MACROPHAGE_COLONY_STIMULATING_FACTOR_STIMULUS,Cellular Response To Macrophage Colony Stimulating Factor Stimulus,TERM_ID_REGEX:(?:IMMUN|INFLAMM|CYTOKINE(?:_|$)|INTERLEUKIN|INTERFERON|LEUKOCYTE|MACROPHAGE|NEUTROPHIL|TNF|NFKB|TOLL_LIKE),PREDEFINED,9,False
Q5,GO_BP,GOBP_CELLULAR_RESPONSE_TO_TYPE_III_INTERFERON,Cellular Response To Type Iii Interferon,TERM_ID_REGEX:(?:IMMUN|INFLAMM|CYTOKINE(?:_|$)|INTERLEUKIN|INTERFERON|LEUKOCYTE|MACROPHAGE|NEUTROPHIL|TNF|NFKB|TOLL_LIKE),PREDEFINED,3,False
Q5,GO_BP,GOBP_CELLULAR_RESPONSE_TO_TYPE_II_INTERFERON,Cellular Response To Type Ii Interferon,TERM_ID_REGEX:(?:IMMUN|INFLAMM|CYTOKINE(?:_|$)|INTERLEUKIN|INTERFERON|LEUKOCYTE|MACROPHAGE|NEUTROPHIL|TNF|NFKB|TOLL_LIKE),PREDEFINED,75,True
Q5,GO_BP,GOBP_CELL_ACTIVATION_INVOLVED_IN_IMMUNE_RESPONSE,Cell Activation Involved In Immune Response,TERM_ID_REGEX:(?:IMMUN|INFLAMM|CYTOKINE(?:_|$)|INTERLEUKIN|INTERFERON|LEUKOCYTE|MACROPHAGE|NEUTROPHIL|TNF|NFKB|TOLL_LIKE),PREDEFINED,211,True
Q5,GO_BP,GOBP_CELL_SURFACE_TOLL_LIKE_RECEPTOR_SIGNALING_PATHWAY,Cell Surface Toll Like Receptor Signaling Pathway,TERM_ID_REGEX:(?:IMMUN|INFLAMM|CYTOKINE(?:_|$)|INTERLEUKIN|INTERFERON|LEUKOCYTE|MACROPHAGE|NEUTROPHIL|TNF|NFKB|TOLL_LIKE),PREDEFINED,55,True
Q5,GO_BP,GOBP_CHRONIC_INFLAMMATORY_RESPONSE,Chronic Inflammatory Response,TERM_ID_REGEX:(?:IMMUN|INFLAMM|CYTOKINE(?:_|$)|INTERLEUKIN|INTERFERON|LEUKOCYTE|MACROPHAGE|NEUTROPHIL|TNF|NFKB|TOLL_LIKE),PREDEFINED,10,False
Q5,GO_BP,GOBP_CONNECTIVE_TISSUE_REPLACEMENT_INVOLVED_IN_INFLAMMATORY_RESPONSE_WOUND_HEALING,Connective Tissue Replacement Involved In Inflammatory Response Wound Healing,TERM_ID_REGEX:(?:IMMUN|INFLAMM|CYTOKINE(?:_|$)|INTERLEUKIN|INTERFERON|LEUKOCYTE|MACROPHAGE|NEUTROPHIL|TNF|NFKB|TOLL_LIKE),PREDEFINED,7,False
Q5,GO_BP,GOBP_CYTOKINE_MEDIATED_SIGNALING_PATHWAY,Cytokine Mediated Signaling Pathway,TERM_ID_REGEX:(?:IMMUN|INFLAMM|CYTOKINE(?:_|$)|INTERLEUKIN|INTERFERON|LEUKOCYTE|MACROPHAGE|NEUTROPHIL|TNF|NFKB|TOLL_LIKE),PREDEFINED,357,True
Q5,GO_BP,GOBP_CYTOKINE_PRECURSOR_PROCESSING,Cytokine Precursor Processing,TERM_ID_REGEX:(?:IMMUN|INFLAMM|CYTOKINE(?:_|$)|INTERLEUKIN|INTERFERON|LEUKOCYTE|MACROPHAGE|NEUTROPHIL|TNF|NFKB|TOLL_LIKE),PREDEFINED,4,False
Q5,GO_BP,GOBP_CYTOKINE_PRODUCTION,Cytokine Production,TERM_ID_REGEX:(?:IMMUN|INFLAMM|CYTOKINE(?:_|$)|INTERLEUKIN|INTERFERON|LEUKOCYTE|MACROPHAGE|NEUTROPHIL|TNF|NFKB|TOLL_LIKE),PREDEFINED,570,False
Q5,GO_BP,GOBP_CYTOKINE_PRODUCTION_INVOLVED_IN_IMMUNE_RESPONSE,Cytokine Production Involved In Immune Response,TERM_ID_REGEX:(?:IMMUN|INFLAMM|CYTOKINE(?:_|$)|INTERLEUKIN|INTERFERON|LEUKOCYTE|MACROPHAGE|NEUTROPHIL|TNF|NFKB|TOLL_LIKE),PREDEFINED,69,True
Q5,GO_BP,GOBP_CYTOKINE_PRODUCTION_INVOLVED_IN_INFLAMMATORY_RESPONSE,Cytokine Production Involved In Inflammatory Response,TERM_ID_REGEX:(?:IMMUN|INFLAMM|CYTOKINE(?:_|$)|INTERLEUKIN|INTERFERON|LEUKOCYTE|MACROPHAGE|NEUTROPHIL|TNF|NFKB|TOLL_LIKE),PREDEFINED,48,True
Q5,GO_BP,GOBP_DENDRITIC_CELL_CYTOKINE_PRODUCTION,Dendritic Cell Cytokine Production,TERM_ID_REGEX:(?:IMMUN|INFLAMM|CYTOKINE(?:_|$)|INTERLEUKIN|INTERFERON|LEUKOCYTE|MACROPHAGE|NEUTROPHIL|TNF|NFKB|TOLL_LIKE),PREDEFINED,12,False
Q5,GO_BP,GOBP_ENDOLYSOSOMAL_TOLL_LIKE_RECEPTOR_SIGNALING_PATHWAY,Endolysosomal Toll Like Receptor Signaling Pathway,TERM_ID_REGEX:(?:IMMUN|INFLAMM|CYTOKINE(?:_|$)|INTERLEUKIN|INTERFERON|LEUKOCYTE|MACROPHAGE|NEUTROPHIL|TNF|NFKB|TOLL_LIKE),PREDEFINED,37,True
Q5,GO_BP,GOBP_EOSINOPHIL_MEDIATED_IMMUNITY,Eosinophil Mediated Immunity,TERM_ID_REGEX:(?:IMMUN|INFLAMM|CYTOKINE(?:_|$)|INTERLEUKIN|INTERFERON|LEUKOCYTE|MACROPHAGE|NEUTROPHIL|TNF|NFKB|TOLL_LIKE),PREDEFINED,6,False
Q5,GO_BP,GOBP_GRANULOCYTE_MACROPHAGE_COLONY_STIMULATING_FACTOR_PRODUCTION,Granulocyte Macrophage Colony Stimulating Factor Production,TERM_ID_REGEX:(?:IMMUN|INFLAMM|CYTOKINE(?:_|$)|INTERLEUKIN|INTERFERON|LEUKOCYTE|MACROPHAGE|NEUTROPHIL|TNF|NFKB|TOLL_LIKE),PREDEFINED,5,False
Q5,GO_BP,GOBP_HUMORAL_IMMUNE_RESPONSE,Humoral Immune Response,TERM_ID_REGEX:(?:IMMUN|INFLAMM|CYTOKINE(?:_|$)|INTERLEUKIN|INTERFERON|LEUKOCYTE|MACROPHAGE|NEUTROPHIL|TNF|NFKB|TOLL_LIKE),PREDEFINED,97,True
Q5,GO_BP,GOBP_HUMORAL_IMMUNE_RESPONSE_MEDIATED_BY_CIRCULATING_IMMUNOGLOBULIN,Humoral Immune Response Mediated By Circulating Immunoglobulin,TERM_ID_REGEX:(?:IMMUN|INFLAMM|CYTOKINE(?:_|$)|INTERLEUKIN|INTERFERON|LEUKOCYTE|MACROPHAGE|NEUTROPHIL|TNF|NFKB|TOLL_LIKE),PREDEFINED,20,True
Q5,GO_BP,GOBP_IMMUNE_COMPLEX_CLEARANCE,Immune Complex Clearance,TERM_ID_REGEX:(?:IMMUN|INFLAMM|CYTOKINE(?:_|$)|INTERLEUKIN|INTERFERON|LEUKOCYTE|MACROPHAGE|NEUTROPHIL|TNF|NFKB|TOLL_LIKE),PREDEFINED,1,False
Q5,GO_BP,GOBP_IMMUNE_EFFECTOR_PROCESS,Immune Effector Process,TERM_ID_REGEX:(?:IMMUN|INFLAMM|CYTOKINE(?:_|$)|INTERLEUKIN|INTERFERON|LEUKOCYTE|MACROPHAGE|NEUTROPHIL|TNF|NFKB|TOLL_LIKE),PREDEFINED,402,True
Q5,GO_BP,GOBP_IMMUNE_RESPONSE_INHIBITING_SIGNAL_TRANSDUCTION,Immune Response Inhibiting Signal Transduction,TERM_ID_REGEX:(?:IMMUN|INFLAMM|CYTOKINE(?:_|$)|INTERLEUKIN|INTERFERON|LEUKOCYTE|MACROPHAGE|NEUTROPHIL|TNF|NFKB|TOLL_LIKE),PREDEFINED,3,False
Q5,GO_BP,GOBP_IMMUNE_RESPONSE_IN_GUT_ASSOCIATED_LYMPHOID_TISSUE,Immune Response In Gut Associated Lymphoid Tissue,TERM_ID_REGEX:(?:IMMUN|INFLAMM|CYTOKINE(?:_|$)|INTERLEUKIN|INTERFERON|LEUKOCYTE|MACROPHAGE|NEUTROPHIL|TNF|NFKB|TOLL_LIKE),PREDEFINED,6,False
Q5,GO_BP,GOBP_IMMUNE_RESPONSE_REGULATING_CELL_SURFACE_RECEPTOR_SIGNALING_PATHWAY,Immune Response Regulating Cell Surface Receptor Signaling Pathway,TERM_ID_REGEX:(?:IMMUN|INFLAMM|CYTOKINE(?:_|$)|INTERLEUKIN|INTERFERON|LEUKOCYTE|MACROPHAGE|NEUTROPHIL|TNF|NFKB|TOLL_LIKE),PREDEFINED,227,True
Q5,GO_BP,GOBP_IMMUNE_RESPONSE_REGULATING_CELL_SURFACE_RECEPTOR_SIGNALING_PATHWAY_INVOLVED_IN_PHAGOCYTOSIS,Immune Response Regulating Cell Surface Receptor Signaling Pathway Involved In Phagocytosis,TERM_ID_REGEX:(?:IMMUN|INFLAMM|CYTOKINE(?:_|$)|INTERLEUKIN|INTERFERON|LEUKOCYTE|MACROPHAGE|NEUTROPHIL|TNF|NFKB|TOLL_LIKE),PREDEFINED,18,True
Q5,GO_BP,GOBP_IMMUNE_RESPONSE_REGULATING_SIGNALING_PATHWAY,Immune Response Regulating Signaling Pathway,TERM_ID_REGEX:(?:IMMUN|INFLAMM|CYTOKINE(?:_|$)|INTERLEUKIN|INTERFERON|LEUKOCYTE|MACROPHAGE|NEUTROPHIL|TNF|NFKB|TOLL_LIKE),PREDEFINED,377,True
Q5,GO_BP,GOBP_IMMUNE_RESPONSE_TO_TUMOR_CELL,Immune Response To Tumor Cell,TERM_ID_REGEX:(?:IMMUN|INFLAMM|CYTOKINE(?:_|$)|INTERLEUKIN|INTERFERON|LEUKOCYTE|MACROPHAGE|NEUTROPHIL|TNF|NFKB|TOLL_LIKE),PREDEFINED,25,True
Q5,GO_BP,GOBP_IMMUNE_SYSTEM_DEVELOPMENT,Immune System Development,TERM_ID_REGEX:(?:IMMUN|INFLAMM|CYTOKINE(?:_|$)|INTERLEUKIN|INTERFERON|LEUKOCYTE|MACROPHAGE|NEUTROPHIL|TNF|NFKB|TOLL_LIKE),PREDEFINED,165,True
Q5,GO_BP,GOBP_IMMUNOGLOBULIN_PRODUCTION,Immunoglobulin Production,TERM_ID_REGEX:(?:IMMUN|INFLAMM|CYTOKINE(?:_|$)|INTERLEUKIN|INTERFERON|LEUKOCYTE|MACROPHAGE|NEUTROPHIL|TNF|NFKB|TOLL_LIKE),PREDEFINED,79,True
Q5,GO_BP,GOBP_IMMUNOGLOBULIN_PRODUCTION_INVOLVED_IN_IMMUNOGLOBULIN_MEDIATED_IMMUNE_RESPONSE,Immunoglobulin Production Involved In Immunoglobulin Mediated Immune Response,TERM_ID_REGEX:(?:IMMUN|INFLAMM|CYTOKINE(?:_|$)|INTERLEUKIN|INTERFERON|LEUKOCYTE|MACROPHAGE|NEUTROPHIL|TNF|NFKB|TOLL_LIKE),PREDEFINED,44,True
Q5,GO_BP,GOBP_IMMUNOGLOBULIN_V_D_J_RECOMBINATION,Immunoglobulin V D J Recombination,TERM_ID_REGEX:(?:IMMUN|INFLAMM|CYTOKINE(?:_|$)|INTERLEUKIN|INTERFERON|LEUKOCYTE|MACROPHAGE|NEUTROPHIL|TNF|NFKB|TOLL_LIKE),PREDEFINED,8,False
Q5,GO_BP,GOBP_IMMUNOLOGICAL_MEMORY_FORMATION_PROCESS,Immunological Memory Formation Process,TERM_ID_REGEX:(?:IMMUN|INFLAMM|CYTOKINE(?:_|$)|INTERLEUKIN|INTERFERON|LEUKOCYTE|MACROPHAGE|NEUTROPHIL|TNF|NFKB|TOLL_LIKE),PREDEFINED,6,False
Q5,GO_BP,GOBP_IMMUNOLOGICAL_MEMORY_PROCESS,Immunological Memory Process,TERM_ID_REGEX:(?:IMMUN|INFLAMM|CYTOKINE(?:_|$)|INTERLEUKIN|INTERFERON|LEUKOCYTE|MACROPHAGE|NEUTROPHIL|TNF|NFKB|TOLL_LIKE),PREDEFINED,10,False
Q5,GO_BP,GOBP_IMMUNOLOGICAL_SYNAPSE_FORMATION,Immunological Synapse Formation,TERM_ID_REGEX:(?:IMMUN|INFLAMM|CYTOKINE(?:_|$)|INTERLEUKIN|INTERFERON|LEUKOCYTE|MACROPHAGE|NEUTROPHIL|TNF|NFKB|TOLL_LIKE),PREDEFINED,13,False
Q5,GO_BP,GOBP_INFLAMMASOME_MEDIATED_SIGNALING_PATHWAY,Inflammasome Mediated Signaling Pathway,TERM_ID_REGEX:(?:IMMUN|INFLAMM|CYTOKINE(?:_|$)|INTERLEUKIN|INTERFERON|LEUKOCYTE|MACROPHAGE|NEUTROPHIL|TNF|NFKB|TOLL_LIKE),PREDEFINED,49,True
Q5,GO_BP,GOBP_INFLAMMATORY_CELL_APOPTOTIC_PROCESS,Inflammatory Cell Apoptotic Process,TERM_ID_REGEX:(?:IMMUN|INFLAMM|CYTOKINE(?:_|$)|INTERLEUKIN|INTERFERON|LEUKOCYTE|MACROPHAGE|NEUTROPHIL|TNF|NFKB|TOLL_LIKE),PREDEFINED,15,True
Q5,GO_BP,GOBP_INFLAMMATORY_RESPONSE,Inflammatory Response,TERM_ID_REGEX:(?:IMMUN|INFLAMM|CYTOKINE(?:_|$)|INTERLEUKIN|INTERFERON|LEUKOCYTE|MACROPHAGE|NEUTROPHIL|TNF|NFKB|TOLL_LIKE),PREDEFINED,583,False
Q5,GO_BP,GOBP_INFLAMMATORY_RESPONSE_TO_ANTIGENIC_STIMULUS,Inflammatory Response To Antigenic Stimulus,TERM_ID_REGEX:(?:IMMUN|INFLAMM|CYTOKINE(?:_|$)|INTERLEUKIN|INTERFERON|LEUKOCYTE|MACROPHAGE|NEUTROPHIL|TNF|NFKB|TOLL_LIKE),PREDEFINED,41,True
Q5,GO_BP,GOBP_INFLAMMATORY_RESPONSE_TO_WOUNDING,Inflammatory Response To Wounding,TERM_ID_REGEX:(?:IMMUN|INFLAMM|CYTOKINE(?:_|$)|INTERLEUKIN|INTERFERON|LEUKOCYTE|MACROPHAGE|NEUTROPHIL|TNF|NFKB|TOLL_LIKE),PREDEFINED,21,True
Q5,GO_BP,GOBP_INNATE_IMMUNE_RESPONSE_ACTIVATING_CELL_SURFACE_RECEPTOR_SIGNALING_PATHWAY,Innate Immune Response Activating Cell Surface Receptor Signaling Pathway,TERM_ID_REGEX:(?:IMMUN|INFLAMM|CYTOKINE(?:_|$)|INTERLEUKIN|INTERFERON|LEUKOCYTE|MACROPHAGE|NEUTROPHIL|TNF|NFKB|TOLL_LIKE),PREDEFINED,68,True
Q5,GO_BP,GOBP_INNATE_IMMUNE_RESPONSE_IN_MUCOSA,Innate Immune Response In Mucosa,TERM_ID_REGEX:(?:IMMUN|INFLAMM|CYTOKINE(?:_|$)|INTERLEUKIN|INTERFERON|LEUKOCYTE|MACROPHAGE|NEUTROPHIL|TNF|NFKB|TOLL_LIKE),PREDEFINED,2,False
Q5,GO_BP,GOBP_INTERFERON_ALPHA_PRODUCTION,Interferon Alpha Production,TERM_ID_REGEX:(?:IMMUN|INFLAMM|CYTOKINE(?:_|$)|INTERLEUKIN|INTERFERON|LEUKOCYTE|MACROPHAGE|NEUTROPHIL|TNF|NFKB|TOLL_LIKE),PREDEFINED,23,True
Q5,GO_BP,GOBP_INTERFERON_BETA_PRODUCTION,Interferon Beta Production,TERM_ID_REGEX:(?:IMMUN|INFLAMM|CYTOKINE(?:_|$)|INTERLEUKIN|INTERFERON|LEUKOCYTE|MACROPHAGE|NEUTROPHIL|TNF|NFKB|TOLL_LIKE),PREDEFINED,55,True
Q5,GO_BP,GOBP_INTERFERON_MEDIATED_SIGNALING_PATHWAY,Interferon Mediated Signaling Pathway,TERM_ID_REGEX:(?:IMMUN|INFLAMM|CYTOKINE(?:_|$)|INTERLEUKIN|INTERFERON|LEUKOCYTE|MACROPHAGE|NEUTROPHIL|TNF|NFKB|TOLL_LIKE),PREDEFINED,78,True
Q5,GO_BP,GOBP_INTERLEUKIN_10_MEDIATED_SIGNALING_PATHWAY,Interleukin 10 Mediated Signaling Pathway,TERM_ID_REGEX:(?:IMMUN|INFLAMM|CYTOKINE(?:_|$)|INTERLEUKIN|INTERFERON|LEUKOCYTE|MACROPHAGE|NEUTROPHIL|TNF|NFKB|TOLL_LIKE),PREDEFINED,4,False
Q5,GO_BP,GOBP_INTERLEUKIN_10_PRODUCTION,Interleukin 10 Production,TERM_ID_REGEX:(?:IMMUN|INFLAMM|CYTOKINE(?:_|$)|INTERLEUKIN|INTERFERON|LEUKOCYTE|MACROPHAGE|NEUTROPHIL|TNF|NFKB|TOLL_LIKE),PREDEFINED,36,True
Q5,GO_BP,GOBP_INTERLEUKIN_11_MEDIATED_SIGNALING_PATHWAY,Interleukin 11 Mediated Signaling Pathway,TERM_ID_REGEX:(?:IMMUN|INFLAMM|CYTOKINE(?:_|$)|INTERLEUKIN|INTERFERON|LEUKOCYTE|MACROPHAGE|NEUTROPHIL|TNF|NFKB|TOLL_LIKE),PREDEFINED,6,False
Q5,GO_BP,GOBP_INTERLEUKIN_12_MEDIATED_SIGNALING_PATHWAY,Interleukin 12 Mediated Signaling Pathway,TERM_ID_REGEX:(?:IMMUN|INFLAMM|CYTOKINE(?:_|$)|INTERLEUKIN|INTERFERON|LEUKOCYTE|MACROPHAGE|NEUTROPHIL|TNF|NFKB|TOLL_LIKE),PREDEFINED,6,False
Q5,GO_BP,GOBP_INTERLEUKIN_12_PRODUCTION,Interleukin 12 Production,TERM_ID_REGEX:(?:IMMUN|INFLAMM|CYTOKINE(?:_|$)|INTERLEUKIN|INTERFERON|LEUKOCYTE|MACROPHAGE|NEUTROPHIL|TNF|NFKB|TOLL_LIKE),PREDEFINED,39,True
Q5,GO_BP,GOBP_INTERLEUKIN_13_MEDIATED_SIGNALING_PATHWAY,Interleukin 13 Mediated Signaling Pathway,TERM_ID_REGEX:(?:IMMUN|INFLAMM|CYTOKINE(?:_|$)|INTERLEUKIN|INTERFERON|LEUKOCYTE|MACROPHAGE|NEUTROPHIL|TNF|NFKB|TOLL_LIKE),PREDEFINED,3,False
Q5,GO_BP,GOBP_INTERLEUKIN_13_PRODUCTION,Interleukin 13 Production,TERM_ID_REGEX:(?:IMMUN|INFLAMM|CYTOKINE(?:_|$)|INTERLEUKIN|INTERFERON|LEUKOCYTE|MACROPHAGE|NEUTROPHIL|TNF|NFKB|TOLL_LIKE),PREDEFINED,16,True
Q5,GO_BP,GOBP_INTERLEUKIN_17A_MEDIATED_SIGNALING_PATHWAY,Interleukin 17A Mediated Signaling Pathway,TERM_ID_REGEX:(?:IMMUN|INFLAMM|CYTOKINE(?:_|$)|INTERLEUKIN|INTERFERON|LEUKOCYTE|MACROPHAGE|NEUTROPHIL|TNF|NFKB|TOLL_LIKE),PREDEFINED,5,False
Q5,GO_BP,GOBP_INTERLEUKIN_17_MEDIATED_SIGNALING_PATHWAY,Interleukin 17 Mediated Signaling Pathway,TERM_ID_REGEX:(?:IMMUN|INFLAMM|CYTOKINE(?:_|$)|INTERLEUKIN|INTERFERON|LEUKOCYTE|MACROPHAGE|NEUTROPHIL|TNF|NFKB|TOLL_LIKE),PREDEFINED,12,False
Q5,GO_BP,GOBP_INTERLEUKIN_17_PRODUCTION,Interleukin 17 Production,TERM_ID_REGEX:(?:IMMUN|INFLAMM|CYTOKINE(?:_|$)|INTERLEUKIN|INTERFERON|LEUKOCYTE|MACROPHAGE|NEUTROPHIL|TNF|NFKB|TOLL_LIKE),PREDEFINED,21,True
Q5,GO_BP,GOBP_INTERLEUKIN_18_MEDIATED_SIGNALING_PATHWAY,Interleukin 18 Mediated Signaling Pathway,TERM_ID_REGEX:(?:IMMUN|INFLAMM|CYTOKINE(?:_|$)|INTERLEUKIN|INTERFERON|LEUKOCYTE|MACROPHAGE|NEUTROPHIL|TNF|NFKB|TOLL_LIKE),PREDEFINED,5,False
Q5,GO_BP,GOBP_INTERLEUKIN_18_PRODUCTION,Interleukin 18 Production,TERM_ID_REGEX:(?:IMMUN|INFLAMM|CYTOKINE(?:_|$)|INTERLEUKIN|INTERFERON|LEUKOCYTE|MACROPHAGE|NEUTROPHIL|TNF|NFKB|TOLL_LIKE),PREDEFINED,4,False
Q5,GO_BP,GOBP_INTERLEUKIN_1_ALPHA_PRODUCTION,Interleukin 1 Alpha Production,TERM_ID_REGEX:(?:IMMUN|INFLAMM|CYTOKINE(?:_|$)|INTERLEUKIN|INTERFERON|LEUKOCYTE|MACROPHAGE|NEUTROPHIL|TNF|NFKB|TOLL_LIKE),PREDEFINED,9,False
Q5,GO_BP,GOBP_INTERLEUKIN_1_MEDIATED_SIGNALING_PATHWAY,Interleukin 1 Mediated Signaling Pathway,TERM_ID_REGEX:(?:IMMUN|INFLAMM|CYTOKINE(?:_|$)|INTERLEUKIN|INTERFERON|LEUKOCYTE|MACROPHAGE|NEUTROPHIL|TNF|NFKB|TOLL_LIKE),PREDEFINED,29,True
Q5,GO_BP,GOBP_INTERLEUKIN_1_PRODUCTION,Interleukin 1 Production,TERM_ID_REGEX:(?:IMMUN|INFLAMM|CYTOKINE(?:_|$)|INTERLEUKIN|INTERFERON|LEUKOCYTE|MACROPHAGE|NEUTROPHIL|TNF|NFKB|TOLL_LIKE),PREDEFINED,71,True
Q5,GO_BP,GOBP_INTERLEUKIN_21_PRODUCTION,Interleukin 21 Production,TERM_ID_REGEX:(?:IMMUN|INFLAMM|CYTOKINE(?:_|$)|INTERLEUKIN|INTERFERON|LEUKOCYTE|MACROPHAGE|NEUTROPHIL|TNF|NFKB|TOLL_LIKE),PREDEFINED,3,False
Q5,GO_BP,GOBP_INTERLEUKIN_23_MEDIATED_SIGNALING_PATHWAY,Interleukin 23 Mediated Signaling Pathway,TERM_ID_REGEX:(?:IMMUN|INFLAMM|CYTOKINE(?:_|$)|INTERLEUKIN|INTERFERON|LEUKOCYTE|MACROPHAGE|NEUTROPHIL|TNF|NFKB|TOLL_LIKE),PREDEFINED,5,False
Q5,GO_BP,GOBP_INTERLEUKIN_23_PRODUCTION,Interleukin 23 Production,TERM_ID_REGEX:(?:IMMUN|INFLAMM|CYTOKINE(?:_|$)|INTERLEUKIN|INTERFERON|LEUKOCYTE|MACROPHAGE|NEUTROPHIL|TNF|NFKB|TOLL_LIKE),PREDEFINED,6,False
Q5,GO_BP,GOBP_INTERLEUKIN_27_MEDIATED_SIGNALING_PATHWAY,Interleukin 27 Mediated Signaling Pathway,TERM_ID_REGEX:(?:IMMUN|INFLAMM|CYTOKINE(?:_|$)|INTERLEUKIN|INTERFERON|LEUKOCYTE|MACROPHAGE|NEUTROPHIL|TNF|NFKB|TOLL_LIKE),PREDEFINED,8,False
Q5,GO_BP,GOBP_INTERLEUKIN_2_MEDIATED_SIGNALING_PATHWAY,Interleukin 2 Mediated Signaling Pathway,TERM_ID_REGEX:(?:IMMUN|INFLAMM|CYTOKINE(?:_|$)|INTERLEUKIN|INTERFERON|LEUKOCYTE|MACROPHAGE|NEUTROPHIL|TNF|NFKB|TOLL_LIKE),PREDEFINED,6,False
Q5,GO_BP,GOBP_INTERLEUKIN_2_PRODUCTION,Interleukin 2 Production,TERM_ID_REGEX:(?:IMMUN|INFLAMM|CYTOKINE(?:_|$)|INTERLEUKIN|INTERFERON|LEUKOCYTE|MACROPHAGE|NEUTROPHIL|TNF|NFKB|TOLL_LIKE),PREDEFINED,49,True
Q5,GO_BP,GOBP_INTERLEUKIN_33_MEDIATED_SIGNALING_PATHWAY,Interleukin 33 Mediated Signaling Pathway,TERM_ID_REGEX:(?:IMMUN|INFLAMM|CYTOKINE(?:_|$)|INTERLEUKIN|INTERFERON|LEUKOCYTE|MACROPHAGE|NEUTROPHIL|TNF|NFKB|TOLL_LIKE),PREDEFINED,7,False
Q5,GO_BP,GOBP_INTERLEUKIN_3_MEDIATED_SIGNALING_PATHWAY,Interleukin 3 Mediated Signaling Pathway,TERM_ID_REGEX:(?:IMMUN|INFLAMM|CYTOKINE(?:_|$)|INTERLEUKIN|INTERFERON|LEUKOCYTE|MACROPHAGE|NEUTROPHIL|TNF|NFKB|TOLL_LIKE),PREDEFINED,3,False
Q5,GO_BP,GOBP_INTERLEUKIN_4_MEDIATED_SIGNALING_PATHWAY,Interleukin 4 Mediated Signaling Pathway,TERM_ID_REGEX:(?:IMMUN|INFLAMM|CYTOKINE(?:_|$)|INTERLEUKIN|INTERFERON|LEUKOCYTE|MACROPHAGE|NEUTROPHIL|TNF|NFKB|TOLL_LIKE),PREDEFINED,9,False
Q5,GO_BP,GOBP_INTERLEUKIN_4_PRODUCTION,Interleukin 4 Production,TERM_ID_REGEX:(?:IMMUN|INFLAMM|CYTOKINE(?:_|$)|INTERLEUKIN|INTERFERON|LEUKOCYTE|MACROPHAGE|NEUTROPHIL|TNF|NFKB|TOLL_LIKE),PREDEFINED,16,True
Q5,GO_BP,GOBP_INTERLEUKIN_5_MEDIATED_SIGNALING_PATHWAY,Interleukin 5 Mediated Signaling Pathway,TERM_ID_REGEX:(?:IMMUN|INFLAMM|CYTOKINE(?:_|$)|INTERLEUKIN|INTERFERON|LEUKOCYTE|MACROPHAGE|NEUTROPHIL|TNF|NFKB|TOLL_LIKE),PREDEFINED,5,False
Q5,GO_BP,GOBP_INTERLEUKIN_5_PRODUCTION,Interleukin 5 Production,TERM_ID_REGEX:(?:IMMUN|INFLAMM|CYTOKINE(?:_|$)|INTERLEUKIN|INTERFERON|LEUKOCYTE|MACROPHAGE|NEUTROPHIL|TNF|NFKB|TOLL_LIKE),PREDEFINED,12,False
Q5,GO_BP,GOBP_INTERLEUKIN_6_MEDIATED_SIGNALING_PATHWAY,Interleukin 6 Mediated Signaling Pathway,TERM_ID_REGEX:(?:IMMUN|INFLAMM|CYTOKINE(?:_|$)|INTERLEUKIN|INTERFERON|LEUKOCYTE|MACROPHAGE|NEUTROPHIL|TNF|NFKB|TOLL_LIKE),PREDEFINED,15,True
Q5,GO_BP,GOBP_INTERLEUKIN_6_PRODUCTION,Interleukin 6 Production,TERM_ID_REGEX:(?:IMMUN|INFLAMM|CYTOKINE(?:_|$)|INTERLEUKIN|INTERFERON|LEUKOCYTE|MACROPHAGE|NEUTROPHIL|TNF|NFKB|TOLL_LIKE),PREDEFINED,100,True
Q5,GO_BP,GOBP_INTERLEUKIN_7_MEDIATED_SIGNALING_PATHWAY,Interleukin 7 Mediated Signaling Pathway,TERM_ID_REGEX:(?:IMMUN|INFLAMM|CYTOKINE(?:_|$)|INTERLEUKIN|INTERFERON|LEUKOCYTE|MACROPHAGE|NEUTROPHIL|TNF|NFKB|TOLL_LIKE),PREDEFINED,7,False
Q5,GO_BP,GOBP_INTERLEUKIN_8_PRODUCTION,Interleukin 8 Production,TERM_ID_REGEX:(?:IMMUN|INFLAMM|CYTOKINE(?:_|$)|INTERLEUKIN|INTERFERON|LEUKOCYTE|MACROPHAGE|NEUTROPHIL|TNF|NFKB|TOLL_LIKE),PREDEFINED,54,True
Q5,GO_BP,GOBP_LEUKOCYTE_ADHESION_TO_ARTERIAL_ENDOTHELIAL_CELL,Leukocyte Adhesion To Arterial Endothelial Cell,TERM_ID_REGEX:(?:IMMUN|INFLAMM|CYTOKINE(?:_|$)|INTERLEUKIN|INTERFERON|LEUKOCYTE|MACROPHAGE|NEUTROPHIL|TNF|NFKB|TOLL_LIKE),PREDEFINED,5,False
Q5,GO_BP,GOBP_LEUKOCYTE_ADHESION_TO_VASCULAR_ENDOTHELIAL_CELL,Leukocyte Adhesion To Vascular Endothelial Cell,TERM_ID_REGEX:(?:IMMUN|INFLAMM|CYTOKINE(?:_|$)|INTERLEUKIN|INTERFERON|LEUKOCYTE|MACROPHAGE|NEUTROPHIL|TNF|NFKB|TOLL_LIKE),PREDEFINED,33,True
Q5,GO_BP,GOBP_LEUKOCYTE_AGGREGATION,Leukocyte Aggregation,TERM_ID_REGEX:(?:IMMUN|INFLAMM|CYTOKINE(?:_|$)|INTERLEUKIN|INTERFERON|LEUKOCYTE|MACROPHAGE|NEUTROPHIL|TNF|NFKB|TOLL_LIKE),PREDEFINED,9,False
Q5,GO_BP,GOBP_LEUKOCYTE_APOPTOTIC_PROCESS,Leukocyte Apoptotic Process,TERM_ID_REGEX:(?:IMMUN|INFLAMM|CYTOKINE(?:_|$)|INTERLEUKIN|INTERFERON|LEUKOCYTE|MACROPHAGE|NEUTROPHIL|TNF|NFKB|TOLL_LIKE),PREDEFINED,84,True
Q5,GO_BP,GOBP_LEUKOCYTE_CELL_CELL_ADHESION,Leukocyte Cell Cell Adhesion,TERM_ID_REGEX:(?:IMMUN|INFLAMM|CYTOKINE(?:_|$)|INTERLEUKIN|INTERFERON|LEUKOCYTE|MACROPHAGE|NEUTROPHIL|TNF|NFKB|TOLL_LIKE),PREDEFINED,281,True
Q5,GO_BP,GOBP_LEUKOCYTE_CHEMOTAXIS,Leukocyte Chemotaxis,TERM_ID_REGEX:(?:IMMUN|INFLAMM|CYTOKINE(?:_|$)|INTERLEUKIN|INTERFERON|LEUKOCYTE|MACROPHAGE|NEUTROPHIL|TNF|NFKB|TOLL_LIKE),PREDEFINED,137,True
Q5,GO_BP,GOBP_LEUKOCYTE_CHEMOTAXIS_INVOLVED_IN_INFLAMMATORY_RESPONSE,Leukocyte Chemotaxis Involved In Inflammatory Response,TERM_ID_REGEX:(?:IMMUN|INFLAMM|CYTOKINE(?:_|$)|INTERLEUKIN|INTERFERON|LEUKOCYTE|MACROPHAGE|NEUTROPHIL|TNF|NFKB|TOLL_LIKE),PREDEFINED,3,False
Q5,GO_BP,GOBP_LEUKOCYTE_DEGRANULATION,Leukocyte Degranulation,TERM_ID_REGEX:(?:IMMUN|INFLAMM|CYTOKINE(?:_|$)|INTERLEUKIN|INTERFERON|LEUKOCYTE|MACROPHAGE|NEUTROPHIL|TNF|NFKB|TOLL_LIKE),PREDEFINED,49,True
Q5,GO_BP,GOBP_LEUKOCYTE_DIFFERENTIATION,Leukocyte Differentiation,TERM_ID_REGEX:(?:IMMUN|INFLAMM|CYTOKINE(?:_|$)|INTERLEUKIN|INTERFERON|LEUKOCYTE|MACROPHAGE|NEUTROPHIL|TNF|NFKB|TOLL_LIKE),PREDEFINED,461,True
Q5,GO_BP,GOBP_LEUKOCYTE_HOMEOSTASIS,Leukocyte Homeostasis,TERM_ID_REGEX:(?:IMMUN|INFLAMM|CYTOKINE(?:_|$)|INTERLEUKIN|INTERFERON|LEUKOCYTE|MACROPHAGE|NEUTROPHIL|TNF|NFKB|TOLL_LIKE),PREDEFINED,96,True
Q5,GO_BP,GOBP_LEUKOCYTE_MEDIATED_CYTOTOXICITY,Leukocyte Mediated Cytotoxicity,TERM_ID_REGEX:(?:IMMUN|INFLAMM|CYTOKINE(?:_|$)|INTERLEUKIN|INTERFERON|LEUKOCYTE|MACROPHAGE|NEUTROPHIL|TNF|NFKB|TOLL_LIKE),PREDEFINED,73,True
Q5,GO_BP,GOBP_LEUKOCYTE_MEDIATED_IMMUNITY,Leukocyte Mediated Immunity,TERM_ID_REGEX:(?:IMMUN|INFLAMM|CYTOKINE(?:_|$)|INTERLEUKIN|INTERFERON|LEUKOCYTE|MACROPHAGE|NEUTROPHIL|TNF|NFKB|TOLL_LIKE),PREDEFINED,239,True
Q5,GO_BP,GOBP_LEUKOCYTE_MIGRATION,Leukocyte Migration,TERM_ID_REGEX:(?:IMMUN|INFLAMM|CYTOKINE(?:_|$)|INTERLEUKIN|INTERFERON|LEUKOCYTE|MACROPHAGE|NEUTROPHIL|TNF|NFKB|TOLL_LIKE),PREDEFINED,244,True
Q5,GO_BP,GOBP_LEUKOCYTE_MIGRATION_INVOLVED_IN_INFLAMMATORY_RESPONSE,Leukocyte Migration Involved In Inflammatory Response,TERM_ID_REGEX:(?:IMMUN|INFLAMM|CYTOKINE(?:_|$)|INTERLEUKIN|INTERFERON|LEUKOCYTE|MACROPHAGE|NEUTROPHIL|TNF|NFKB|TOLL_LIKE),PREDEFINED,8,False
Q5,GO_BP,GOBP_LEUKOCYTE_PROLIFERATION,Leukocyte Proliferation,TERM_ID_REGEX:(?:IMMUN|INFLAMM|CYTOKINE(?:_|$)|INTERLEUKIN|INTERFERON|LEUKOCYTE|MACROPHAGE|NEUTROPHIL|TNF|NFKB|TOLL_LIKE),PREDEFINED,209,True
Q5,GO_BP,GOBP_LEUKOCYTE_TETHERING_OR_ROLLING,Leukocyte Tethering Or Rolling,TERM_ID_REGEX:(?:IMMUN|INFLAMM|CYTOKINE(?:_|$)|INTERLEUKIN|INTERFERON|LEUKOCYTE|MACROPHAGE|NEUTROPHIL|TNF|NFKB|TOLL_LIKE),PREDEFINED,17,True
Q5,GO_BP,GOBP_LYMPHOCYTE_ACTIVATION_INVOLVED_IN_IMMUNE_RESPONSE,Lymphocyte Activation Involved In Immune Response,TERM_ID_REGEX:(?:IMMUN|INFLAMM|CYTOKINE(?:_|$)|INTERLEUKIN|INTERFERON|LEUKOCYTE|MACROPHAGE|NEUTROPHIL|TNF|NFKB|TOLL_LIKE),PREDEFINED,155,True
Q5,GO_BP,GOBP_LYMPHOCYTE_MEDIATED_IMMUNITY,Lymphocyte Mediated Immunity,TERM_ID_REGEX:(?:IMMUN|INFLAMM|CYTOKINE(?:_|$)|INTERLEUKIN|INTERFERON|LEUKOCYTE|MACROPHAGE|NEUTROPHIL|TNF|NFKB|TOLL_LIKE),PREDEFINED,177,True
Q5,GO_BP,GOBP_MACROPHAGE_ACTIVATION,Macrophage Activation,TERM_ID_REGEX:(?:IMMUN|INFLAMM|CYTOKINE(?:_|$)|INTERLEUKIN|INTERFERON|LEUKOCYTE|MACROPHAGE|NEUTROPHIL|TNF|NFKB|TOLL_LIKE),PREDEFINED,71,True
Q5,GO_BP,GOBP_MACROPHAGE_ACTIVATION_INVOLVED_IN_IMMUNE_RESPONSE,Macrophage Activation Involved In Immune Response,TERM_ID_REGEX:(?:IMMUN|INFLAMM|CYTOKINE(?:_|$)|INTERLEUKIN|INTERFERON|LEUKOCYTE|MACROPHAGE|NEUTROPHIL|TNF|NFKB|TOLL_LIKE),PREDEFINED,12,False
Q5,GO_BP,GOBP_MACROPHAGE_APOPTOTIC_PROCESS,Macrophage Apoptotic Process,TERM_ID_REGEX:(?:IMMUN|INFLAMM|CYTOKINE(?:_|$)|INTERLEUKIN|INTERFERON|LEUKOCYTE|MACROPHAGE|NEUTROPHIL|TNF|NFKB|TOLL_LIKE),PREDEFINED,8,False
Q5,GO_BP,GOBP_MACROPHAGE_CHEMOTAXIS,Macrophage Chemotaxis,TERM_ID_REGEX:(?:IMMUN|INFLAMM|CYTOKINE(?:_|$)|INTERLEUKIN|INTERFERON|LEUKOCYTE|MACROPHAGE|NEUTROPHIL|TNF|NFKB|TOLL_LIKE),PREDEFINED,30,True
Q5,GO_BP,GOBP_MACROPHAGE_COLONY_STIMULATING_FACTOR_PRODUCTION,Macrophage Colony Stimulating Factor Production,TERM_ID_REGEX:(?:IMMUN|INFLAMM|CYTOKINE(?:_|$)|INTERLEUKIN|INTERFERON|LEUKOCYTE|MACROPHAGE|NEUTROPHIL|TNF|NFKB|TOLL_LIKE),PREDEFINED,3,False
Q5,GO_BP,GOBP_MACROPHAGE_COLONY_STIMULATING_FACTOR_SIGNALING_PATHWAY,Macrophage Colony Stimulating Factor Signaling Pathway,TERM_ID_REGEX:(?:IMMUN|INFLAMM|CYTOKINE(?:_|$)|INTERLEUKIN|INTERFERON|LEUKOCYTE|MACROPHAGE|NEUTROPHIL|TNF|NFKB|TOLL_LIKE),PREDEFINED,6,False
Q5,GO_BP,GOBP_MACROPHAGE_CYTOKINE_PRODUCTION,Macrophage Cytokine Production,TERM_ID_REGEX:(?:IMMUN|INFLAMM|CYTOKINE(?:_|$)|INTERLEUKIN|INTERFERON|LEUKOCYTE|MACROPHAGE|NEUTROPHIL|TNF|NFKB|TOLL_LIKE),PREDEFINED,15,True
Q5,GO_BP,GOBP_MACROPHAGE_DIFFERENTIATION,Macrophage Differentiation,TERM_ID_REGEX:(?:IMMUN|INFLAMM|CYTOKINE(?:_|$)|INTERLEUKIN|INTERFERON|LEUKOCYTE|MACROPHAGE|NEUTROPHIL|TNF|NFKB|TOLL_LIKE),PREDEFINED,54,True
Q5,GO_BP,GOBP_MACROPHAGE_FUSION,Macrophage Fusion,TERM_ID_REGEX:(?:IMMUN|INFLAMM|CYTOKINE(?:_|$)|INTERLEUKIN|INTERFERON|LEUKOCYTE|MACROPHAGE|NEUTROPHIL|TNF|NFKB|TOLL_LIKE),PREDEFINED,2,False
Q5,GO_BP,GOBP_MACROPHAGE_INFLAMMATORY_PROTEIN_1_ALPHA_PRODUCTION,Macrophage Inflammatory Protein 1 Alpha Production,TERM_ID_REGEX:(?:IMMUN|INFLAMM|CYTOKINE(?:_|$)|INTERLEUKIN|INTERFERON|LEUKOCYTE|MACROPHAGE|NEUTROPHIL|TNF|NFKB|TOLL_LIKE),PREDEFINED,4,False
Q5,GO_BP,GOBP_MACROPHAGE_MIGRATION,Macrophage Migration,TERM_ID_REGEX:(?:IMMUN|INFLAMM|CYTOKINE(?:_|$)|INTERLEUKIN|INTERFERON|LEUKOCYTE|MACROPHAGE|NEUTROPHIL|TNF|NFKB|TOLL_LIKE),PREDEFINED,40,True
Q5,GO_BP,GOBP_MACROPHAGE_PROLIFERATION,Macrophage Proliferation,TERM_ID_REGEX:(?:IMMUN|INFLAMM|CYTOKINE(?:_|$)|INTERLEUKIN|INTERFERON|LEUKOCYTE|MACROPHAGE|NEUTROPHIL|TNF|NFKB|TOLL_LIKE),PREDEFINED,9,False
Q5,GO_BP,GOBP_MAST_CELL_ACTIVATION_INVOLVED_IN_IMMUNE_RESPONSE,Mast Cell Activation Involved In Immune Response,TERM_ID_REGEX:(?:IMMUN|INFLAMM|CYTOKINE(?:_|$)|INTERLEUKIN|INTERFERON|LEUKOCYTE|MACROPHAGE|NEUTROPHIL|TNF|NFKB|TOLL_LIKE),PREDEFINED,38,True
Q5,GO_BP,GOBP_MAST_CELL_CYTOKINE_PRODUCTION,Mast Cell Cytokine Production,TERM_ID_REGEX:(?:IMMUN|INFLAMM|CYTOKINE(?:_|$)|INTERLEUKIN|INTERFERON|LEUKOCYTE|MACROPHAGE|NEUTROPHIL|TNF|NFKB|TOLL_LIKE),PREDEFINED,4,False
Q5,GO_BP,GOBP_MICROGLIAL_CELL_ACTIVATION_INVOLVED_IN_IMMUNE_RESPONSE,Microglial Cell Activation Involved In Immune Response,TERM_ID_REGEX:(?:IMMUN|INFLAMM|CYTOKINE(?:_|$)|INTERLEUKIN|INTERFERON|LEUKOCYTE|MACROPHAGE|NEUTROPHIL|TNF|NFKB|TOLL_LIKE),PREDEFINED,5,False
Q5,GO_BP,GOBP_MYD88_DEPENDENT_TOLL_LIKE_RECEPTOR_SIGNALING_PATHWAY,Myd88 Dependent Toll Like Receptor Signaling Pathway,TERM_ID_REGEX:(?:IMMUN|INFLAMM|CYTOKINE(?:_|$)|INTERLEUKIN|INTERFERON|LEUKOCYTE|MACROPHAGE|NEUTROPHIL|TNF|NFKB|TOLL_LIKE),PREDEFINED,16,True
Q5,GO_BP,GOBP_MYD88_INDEPENDENT_TOLL_LIKE_RECEPTOR_SIGNALING_PATHWAY,Myd88 Independent Toll Like Receptor Signaling Pathway,TERM_ID_REGEX:(?:IMMUN|INFLAMM|CYTOKINE(?:_|$)|INTERLEUKIN|INTERFERON|LEUKOCYTE|MACROPHAGE|NEUTROPHIL|TNF|NFKB|TOLL_LIKE),PREDEFINED,13,False
Q5,GO_BP,GOBP_MYELOID_CELL_ACTIVATION_INVOLVED_IN_IMMUNE_RESPONSE,Myeloid Cell Activation Involved In Immune Response,TERM_ID_REGEX:(?:IMMUN|INFLAMM|CYTOKINE(?:_|$)|INTERLEUKIN|INTERFERON|LEUKOCYTE|MACROPHAGE|NEUTROPHIL|TNF|NFKB|TOLL_LIKE),PREDEFINED,59,True
Q5,GO_BP,GOBP_MYELOID_DENDRITIC_CELL_CYTOKINE_PRODUCTION,Myeloid Dendritic Cell Cytokine Production,TERM_ID_REGEX:(?:IMMUN|INFLAMM|CYTOKINE(?:_|$)|INTERLEUKIN|INTERFERON|LEUKOCYTE|MACROPHAGE|NEUTROPHIL|TNF|NFKB|TOLL_LIKE),PREDEFINED,6,False
Q5,GO_BP,GOBP_MYELOID_LEUKOCYTE_ACTIVATION,Myeloid Leukocyte Activation,TERM_ID_REGEX:(?:IMMUN|INFLAMM|CYTOKINE(?:_|$)|INTERLEUKIN|INTERFERON|LEUKOCYTE|MACROPHAGE|NEUTROPHIL|TNF|NFKB|TOLL_LIKE),PREDEFINED,157,True
Q5,GO_BP,GOBP_MYELOID_LEUKOCYTE_CYTOKINE_PRODUCTION,Myeloid Leukocyte Cytokine Production,TERM_ID_REGEX:(?:IMMUN|INFLAMM|CYTOKINE(?:_|$)|INTERLEUKIN|INTERFERON|LEUKOCYTE|MACROPHAGE|NEUTROPHIL|TNF|NFKB|TOLL_LIKE),PREDEFINED,26,True
Q5,GO_BP,GOBP_MYELOID_LEUKOCYTE_DIFFERENTIATION,Myeloid Leukocyte Differentiation,TERM_ID_REGEX:(?:IMMUN|INFLAMM|CYTOKINE(?:_|$)|INTERLEUKIN|INTERFERON|LEUKOCYTE|MACROPHAGE|NEUTROPHIL|TNF|NFKB|TOLL_LIKE),PREDEFINED,186,True
Q5,GO_BP,GOBP_MYELOID_LEUKOCYTE_MEDIATED_IMMUNITY,Myeloid Leukocyte Mediated Immunity,TERM_ID_REGEX:(?:IMMUN|INFLAMM|CYTOKINE(?:_|$)|INTERLEUKIN|INTERFERON|LEUKOCYTE|MACROPHAGE|NEUTROPHIL|TNF|NFKB|TOLL_LIKE),PREDEFINED,69,True
Q5,GO_BP,GOBP_MYELOID_LEUKOCYTE_MIGRATION,Myeloid Leukocyte Migration,TERM_ID_REGEX:(?:IMMUN|INFLAMM|CYTOKINE(?:_|$)|INTERLEUKIN|INTERFERON|LEUKOCYTE|MACROPHAGE|NEUTROPHIL|TNF|NFKB|TOLL_LIKE),PREDEFINED,134,True
Q5,GO_BP,GOBP_NATURAL_KILLER_CELL_ACTIVATION_INVOLVED_IN_IMMUNE_RESPONSE,Natural Killer Cell Activation Involved In Immune Response,TERM_ID_REGEX:(?:IMMUN|INFLAMM|CYTOKINE(?:_|$)|INTERLEUKIN|INTERFERON|LEUKOCYTE|MACROPHAGE|NEUTROPHIL|TNF|NFKB|TOLL_LIKE),PREDEFINED,10,False
Q5,GO_BP,GOBP_NATURAL_KILLER_CELL_CYTOKINE_PRODUCTION,Natural Killer Cell Cytokine Production,TERM_ID_REGEX:(?:IMMUN|INFLAMM|CYTOKINE(?:_|$)|INTERLEUKIN|INTERFERON|LEUKOCYTE|MACROPHAGE|NEUTROPHIL|TNF|NFKB|TOLL_LIKE),PREDEFINED,5,False
Q5,GO_BP,GOBP_NATURAL_KILLER_CELL_MEDIATED_IMMUNE_RESPONSE_TO_TUMOR_CELL,Natural Killer Cell Mediated Immune Response To Tumor Cell,TERM_ID_REGEX:(?:IMMUN|INFLAMM|CYTOKINE(?:_|$)|INTERLEUKIN|INTERFERON|LEUKOCYTE|MACROPHAGE|NEUTROPHIL|TNF|NFKB|TOLL_LIKE),PREDEFINED,7,False
Q5,GO_BP,GOBP_NATURAL_KILLER_CELL_MEDIATED_IMMUNITY,Natural Killer Cell Mediated Immunity,TERM_ID_REGEX:(?:IMMUN|INFLAMM|CYTOKINE(?:_|$)|INTERLEUKIN|INTERFERON|LEUKOCYTE|MACROPHAGE|NEUTROPHIL|TNF|NFKB|TOLL_LIKE),PREDEFINED,48,True
Q5,GO_BP,GOBP_NEGATIVE_REGULATION_OF_ACUTE_INFLAMMATORY_RESPONSE,Negative Regulation Of Acute Inflammatory Response,TERM_ID_REGEX:(?:IMMUN|INFLAMM|CYTOKINE(?:_|$)|INTERLEUKIN|INTERFERON|LEUKOCYTE|MACROPHAGE|NEUTROPHIL|TNF|NFKB|TOLL_LIKE),PREDEFINED,5,False
Q5,GO_BP,GOBP_NEGATIVE_REGULATION_OF_ACUTE_INFLAMMATORY_RESPONSE_TO_ANTIGENIC_STIMULUS,Negative Regulation Of Acute Inflammatory Response To Antigenic Stimulus,TERM_ID_REGEX:(?:IMMUN|INFLAMM|CYTOKINE(?:_|$)|INTERLEUKIN|INTERFERON|LEUKOCYTE|MACROPHAGE|NEUTROPHIL|TNF|NFKB|TOLL_LIKE),PREDEFINED,2,False
Q5,GO_BP,GOBP_NEGATIVE_REGULATION_OF_ADAPTIVE_IMMUNE_RESPONSE,Negative Regulation Of Adaptive Immune Response,TERM_ID_REGEX:(?:IMMUN|INFLAMM|CYTOKINE(?:_|$)|INTERLEUKIN|INTERFERON|LEUKOCYTE|MACROPHAGE|NEUTROPHIL|TNF|NFKB|TOLL_LIKE),PREDEFINED,37,True
Q5,GO_BP,GOBP_NEGATIVE_REGULATION_OF_B_CELL_MEDIATED_IMMUNITY,Negative Regulation Of B Cell Mediated Immunity,TERM_ID_REGEX:(?:IMMUN|INFLAMM|CYTOKINE(?:_|$)|INTERLEUKIN|INTERFERON|LEUKOCYTE|MACROPHAGE|NEUTROPHIL|TNF|NFKB|TOLL_LIKE),PREDEFINED,4,False
Q5,GO_BP,GOBP_NEGATIVE_REGULATION_OF_CYTOKINE_PRODUCTION,Negative Regulation Of Cytokine Production,TERM_ID_REGEX:(?:IMMUN|INFLAMM|CYTOKINE(?:_|$)|INTERLEUKIN|INTERFERON|LEUKOCYTE|MACROPHAGE|NEUTROPHIL|TNF|NFKB|TOLL_LIKE),PREDEFINED,215,True
Q5,GO_BP,GOBP_NEGATIVE_REGULATION_OF_CYTOKINE_PRODUCTION_INVOLVED_IN_IMMUNE_RESPONSE,Negative Regulation Of Cytokine Production Involved In Immune Response,TERM_ID_REGEX:(?:IMMUN|INFLAMM|CYTOKINE(?:_|$)|INTERLEUKIN|INTERFERON|LEUKOCYTE|MACROPHAGE|NEUTROPHIL|TNF|NFKB|TOLL_LIKE),PREDEFINED,13,False
Q5,GO_BP,GOBP_NEGATIVE_REGULATION_OF_CYTOKINE_PRODUCTION_INVOLVED_IN_INFLAMMATORY_RESPONSE,Negative Regulation Of Cytokine Production Involved In Inflammatory Response,TERM_ID_REGEX:(?:IMMUN|INFLAMM|CYTOKINE(?:_|$)|INTERLEUKIN|INTERFERON|LEUKOCYTE|MACROPHAGE|NEUTROPHIL|TNF|NFKB|TOLL_LIKE),PREDEFINED,24,True
Q5,GO_BP,GOBP_NEGATIVE_REGULATION_OF_HUMORAL_IMMUNE_RESPONSE,Negative Regulation Of Humoral Immune Response,TERM_ID_REGEX:(?:IMMUN|INFLAMM|CYTOKINE(?:_|$)|INTERLEUKIN|INTERFERON|LEUKOCYTE|MACROPHAGE|NEUTROPHIL|TNF|NFKB|TOLL_LIKE),PREDEFINED,7,False
Q5,GO_BP,GOBP_NEGATIVE_REGULATION_OF_HUMORAL_IMMUNE_RESPONSE_MEDIATED_BY_CIRCULATING_IMMUNOGLOBULIN,Negative Regulation Of Humoral Immune Response Mediated By Circulating Immunoglobulin,TERM_ID_REGEX:(?:IMMUN|INFLAMM|CYTOKINE(?:_|$)|INTERLEUKIN|INTERFERON|LEUKOCYTE|MACROPHAGE|NEUTROPHIL|TNF|NFKB|TOLL_LIKE),PREDEFINED,1,False
Q5,GO_BP,GOBP_NEGATIVE_REGULATION_OF_IMMUNE_EFFECTOR_PROCESS,Negative Regulation Of Immune Effector Process,TERM_ID_REGEX:(?:IMMUN|INFLAMM|CYTOKINE(?:_|$)|INTERLEUKIN|INTERFERON|LEUKOCYTE|MACROPHAGE|NEUTROPHIL|TNF|NFKB|TOLL_LIKE),PREDEFINED,69,True
Q5,GO_BP,GOBP_NEGATIVE_REGULATION_OF_IMMUNE_RESPONSE,Negative Regulation Of Immune Response,TERM_ID_REGEX:(?:IMMUN|INFLAMM|CYTOKINE(?:_|$)|INTERLEUKIN|INTERFERON|LEUKOCYTE|MACROPHAGE|NEUTROPHIL|TNF|NFKB|TOLL_LIKE),PREDEFINED,143,True
Q5,GO_BP,GOBP_NEGATIVE_REGULATION_OF_IMMUNE_SYSTEM_PROCESS,Negative Regulation Of Immune System Process,TERM_ID_REGEX:(?:IMMUN|INFLAMM|CYTOKINE(?:_|$)|INTERLEUKIN|INTERFERON|LEUKOCYTE|MACROPHAGE|NEUTROPHIL|TNF|NFKB|TOLL_LIKE),PREDEFINED,385,True
Q5,GO_BP,GOBP_NEGATIVE_REGULATION_OF_IMMUNOGLOBULIN_PRODUCTION,Negative Regulation Of Immunoglobulin Production,TERM_ID_REGEX:(?:IMMUN|INFLAMM|CYTOKINE(?:_|$)|INTERLEUKIN|INTERFERON|LEUKOCYTE|MACROPHAGE|NEUTROPHIL|TNF|NFKB|TOLL_LIKE),PREDEFINED,6,False
Q5,GO_BP,GOBP_NEGATIVE_REGULATION_OF_INFLAMMASOME_MEDIATED_SIGNALING_PATHWAY,Negative Regulation Of Inflammasome Mediated Signaling Pathway,TERM_ID_REGEX:(?:IMMUN|INFLAMM|CYTOKINE(?:_|$)|INTERLEUKIN|INTERFERON|LEUKOCYTE|MACROPHAGE|NEUTROPHIL|TNF|NFKB|TOLL_LIKE),PREDEFINED,15,True
Q5,GO_BP,GOBP_NEGATIVE_REGULATION_OF_INFLAMMATORY_RESPONSE,Negative Regulation Of Inflammatory Response,TERM_ID_REGEX:(?:IMMUN|INFLAMM|CYTOKINE(?:_|$)|INTERLEUKIN|INTERFERON|LEUKOCYTE|MACROPHAGE|NEUTROPHIL|TNF|NFKB|TOLL_LIKE),PREDEFINED,129,True
Q5,GO_BP,GOBP_NEGATIVE_REGULATION_OF_INFLAMMATORY_RESPONSE_TO_ANTIGENIC_STIMULUS,Negative Regulation Of Inflammatory Response To Antigenic Stimulus,TERM_ID_REGEX:(?:IMMUN|INFLAMM|CYTOKINE(?:_|$)|INTERLEUKIN|INTERFERON|LEUKOCYTE|MACROPHAGE|NEUTROPHIL|TNF|NFKB|TOLL_LIKE),PREDEFINED,22,True
Q5,GO_BP,GOBP_NEGATIVE_REGULATION_OF_INFLAMMATORY_RESPONSE_TO_WOUNDING,Negative Regulation Of Inflammatory Response To Wounding,TERM_ID_REGEX:(?:IMMUN|INFLAMM|CYTOKINE(?:_|$)|INTERLEUKIN|INTERFERON|LEUKOCYTE|MACROPHAGE|NEUTROPHIL|TNF|NFKB|TOLL_LIKE),PREDEFINED,6,False
Q5,GO_BP,GOBP_NEGATIVE_REGULATION_OF_INNATE_IMMUNE_RESPONSE,Negative Regulation Of Innate Immune Response,TERM_ID_REGEX:(?:IMMUN|INFLAMM|CYTOKINE(?:_|$)|INTERLEUKIN|INTERFERON|LEUKOCYTE|MACROPHAGE|NEUTROPHIL|TNF|NFKB|TOLL_LIKE),PREDEFINED,70,True
Q5,GO_BP,GOBP_NEGATIVE_REGULATION_OF_INTERFERON_ALPHA_PRODUCTION,Negative Regulation Of Interferon Alpha Production,TERM_ID_REGEX:(?:IMMUN|INFLAMM|CYTOKINE(?:_|$)|INTERLEUKIN|INTERFERON|LEUKOCYTE|MACROPHAGE|NEUTROPHIL|TNF|NFKB|TOLL_LIKE),PREDEFINED,3,False
Q5,GO_BP,GOBP_NEGATIVE_REGULATION_OF_INTERFERON_BETA_PRODUCTION,Negative Regulation Of Interferon Beta Production,TERM_ID_REGEX:(?:IMMUN|INFLAMM|CYTOKINE(?:_|$)|INTERLEUKIN|INTERFERON|LEUKOCYTE|MACROPHAGE|NEUTROPHIL|TNF|NFKB|TOLL_LIKE),PREDEFINED,15,True
Q5,GO_BP,GOBP_NEGATIVE_REGULATION_OF_INTERLEUKIN_10_PRODUCTION,Negative Regulation Of Interleukin 10 Production,TERM_ID_REGEX:(?:IMMUN|INFLAMM|CYTOKINE(?:_|$)|INTERLEUKIN|INTERFERON|LEUKOCYTE|MACROPHAGE|NEUTROPHIL|TNF|NFKB|TOLL_LIKE),PREDEFINED,10,False
Q5,GO_BP,GOBP_NEGATIVE_REGULATION_OF_INTERLEUKIN_12_PRODUCTION,Negative Regulation Of Interleukin 12 Production,TERM_ID_REGEX:(?:IMMUN|INFLAMM|CYTOKINE(?:_|$)|INTERLEUKIN|INTERFERON|LEUKOCYTE|MACROPHAGE|NEUTROPHIL|TNF|NFKB|TOLL_LIKE),PREDEFINED,10,False
Q5,GO_BP,GOBP_NEGATIVE_REGULATION_OF_INTERLEUKIN_13_PRODUCTION,Negative Regulation Of Interleukin 13 Production,TERM_ID_REGEX:(?:IMMUN|INFLAMM|CYTOKINE(?:_|$)|INTERLEUKIN|INTERFERON|LEUKOCYTE|MACROPHAGE|NEUTROPHIL|TNF|NFKB|TOLL_LIKE),PREDEFINED,3,False
Q5,GO_BP,GOBP_NEGATIVE_REGULATION_OF_INTERLEUKIN_17_PRODUCTION,Negative Regulation Of Interleukin 17 Production,TERM_ID_REGEX:(?:IMMUN|INFLAMM|CYTOKINE(?:_|$)|INTERLEUKIN|INTERFERON|LEUKOCYTE|MACROPHAGE|NEUTROPHIL|TNF|NFKB|TOLL_LIKE),PREDEFINED,10,False
Q5,GO_BP,GOBP_NEGATIVE_REGULATION_OF_INTERLEUKIN_1_ALPHA_PRODUCTION,Negative Regulation Of Interleukin 1 Alpha Production,TERM_ID_REGEX:(?:IMMUN|INFLAMM|CYTOKINE(?:_|$)|INTERLEUKIN|INTERFERON|LEUKOCYTE|MACROPHAGE|NEUTROPHIL|TNF|NFKB|TOLL_LIKE),PREDEFINED,3,False
Q5,GO_BP,GOBP_NEGATIVE_REGULATION_OF_INTERLEUKIN_1_BETA_PRODUCTION,Negative Regulation Of Interleukin 1 Beta Production,TERM_ID_REGEX:(?:IMMUN|INFLAMM|CYTOKINE(?:_|$)|INTERLEUKIN|INTERFERON|LEUKOCYTE|MACROPHAGE|NEUTROPHIL|TNF|NFKB|TOLL_LIKE),PREDEFINED,19,True
Q5,GO_BP,GOBP_NEGATIVE_REGULATION_OF_INTERLEUKIN_1_PRODUCTION,Negative Regulation Of Interleukin 1 Production,TERM_ID_REGEX:(?:IMMUN|INFLAMM|CYTOKINE(?:_|$)|INTERLEUKIN|INTERFERON|LEUKOCYTE|MACROPHAGE|NEUTROPHIL|TNF|NFKB|TOLL_LIKE),PREDEFINED,22,True
Q5,GO_BP,GOBP_NEGATIVE_REGULATION_OF_INTERLEUKIN_21_PRODUCTION,Negative Regulation Of Interleukin 21 Production,TERM_ID_REGEX:(?:IMMUN|INFLAMM|CYTOKINE(?:_|$)|INTERLEUKIN|INTERFERON|LEUKOCYTE|MACROPHAGE|NEUTROPHIL|TNF|NFKB|TOLL_LIKE),PREDEFINED,1,False
Q5,GO_BP,GOBP_NEGATIVE_REGULATION_OF_INTERLEUKIN_2_PRODUCTION,Negative Regulation Of Interleukin 2 Production,TERM_ID_REGEX:(?:IMMUN|INFLAMM|CYTOKINE(?:_|$)|INTERLEUKIN|INTERFERON|LEUKOCYTE|MACROPHAGE|NEUTROPHIL|TNF|NFKB|TOLL_LIKE),PREDEFINED,13,False
Q5,GO_BP,GOBP_NEGATIVE_REGULATION_OF_INTERLEUKIN_4_PRODUCTION,Negative Regulation Of Interleukin 4 Production,TERM_ID_REGEX:(?:IMMUN|INFLAMM|CYTOKINE(?:_|$)|INTERLEUKIN|INTERFERON|LEUKOCYTE|MACROPHAGE|NEUTROPHIL|TNF|NFKB|TOLL_LIKE),PREDEFINED,5,False
Q5,GO_BP,GOBP_NEGATIVE_REGULATION_OF_INTERLEUKIN_5_PRODUCTION,Negative Regulation Of Interleukin 5 Production,TERM_ID_REGEX:(?:IMMUN|INFLAMM|CYTOKINE(?:_|$)|INTERLEUKIN|INTERFERON|LEUKOCYTE|MACROPHAGE|NEUTROPHIL|TNF|NFKB|TOLL_LIKE),PREDEFINED,2,False
Q5,GO_BP,GOBP_NEGATIVE_REGULATION_OF_INTERLEUKIN_6_MEDIATED_SIGNALING_PATHWAY,Negative Regulation Of Interleukin 6 Mediated Signaling Pathway,TERM_ID_REGEX:(?:IMMUN|INFLAMM|CYTOKINE(?:_|$)|INTERLEUKIN|INTERFERON|LEUKOCYTE|MACROPHAGE|NEUTROPHIL|TNF|NFKB|TOLL_LIKE),PREDEFINED,2,False
Q5,GO_BP,GOBP_NEGATIVE_REGULATION_OF_INTERLEUKIN_6_PRODUCTION,Negative Regulation Of Interleukin 6 Production,TERM_ID_REGEX:(?:IMMUN|INFLAMM|CYTOKINE(?:_|$)|INTERLEUKIN|INTERFERON|LEUKOCYTE|MACROPHAGE|NEUTROPHIL|TNF|NFKB|TOLL_LIKE),PREDEFINED,27,True
Q5,GO_BP,GOBP_NEGATIVE_REGULATION_OF_INTERLEUKIN_8_PRODUCTION,Negative Regulation Of Interleukin 8 Production,TERM_ID_REGEX:(?:IMMUN|INFLAMM|CYTOKINE(?:_|$)|INTERLEUKIN|INTERFERON|LEUKOCYTE|MACROPHAGE|NEUTROPHIL|TNF|NFKB|TOLL_LIKE),PREDEFINED,14,False
Q5,GO_BP,GOBP_NEGATIVE_REGULATION_OF_LEUKOCYTE_ADHESION_TO_VASCULAR_ENDOTHELIAL_CELL,Negative Regulation Of Leukocyte Adhesion To Vascular Endothelial Cell,TERM_ID_REGEX:(?:IMMUN|INFLAMM|CYTOKINE(?:_|$)|INTERLEUKIN|INTERFERON|LEUKOCYTE|MACROPHAGE|NEUTROPHIL|TNF|NFKB|TOLL_LIKE),PREDEFINED,4,False
Q5,GO_BP,GOBP_NEGATIVE_REGULATION_OF_LEUKOCYTE_APOPTOTIC_PROCESS,Negative Regulation Of Leukocyte Apoptotic Process,TERM_ID_REGEX:(?:IMMUN|INFLAMM|CYTOKINE(?:_|$)|INTERLEUKIN|INTERFERON|LEUKOCYTE|MACROPHAGE|NEUTROPHIL|TNF|NFKB|TOLL_LIKE),PREDEFINED,31,True
Q5,GO_BP,GOBP_NEGATIVE_REGULATION_OF_LEUKOCYTE_CELL_CELL_ADHESION,Negative Regulation Of Leukocyte Cell Cell Adhesion,TERM_ID_REGEX:(?:IMMUN|INFLAMM|CYTOKINE(?:_|$)|INTERLEUKIN|INTERFERON|LEUKOCYTE|MACROPHAGE|NEUTROPHIL|TNF|NFKB|TOLL_LIKE),PREDEFINED,103,True
Q5,GO_BP,GOBP_NEGATIVE_REGULATION_OF_LEUKOCYTE_CHEMOTAXIS,Negative Regulation Of Leukocyte Chemotaxis,TERM_ID_REGEX:(?:IMMUN|INFLAMM|CYTOKINE(?:_|$)|INTERLEUKIN|INTERFERON|LEUKOCYTE|MACROPHAGE|NEUTROPHIL|TNF|NFKB|TOLL_LIKE),PREDEFINED,12,False
Q5,GO_BP,GOBP_NEGATIVE_REGULATION_OF_LEUKOCYTE_DEGRANULATION,Negative Regulation Of Leukocyte Degranulation,TERM_ID_REGEX:(?:IMMUN|INFLAMM|CYTOKINE(?:_|$)|INTERLEUKIN|INTERFERON|LEUKOCYTE|MACROPHAGE|NEUTROPHIL|TNF|NFKB|TOLL_LIKE),PREDEFINED,7,False
Q5,GO_BP,GOBP_NEGATIVE_REGULATION_OF_LEUKOCYTE_MEDIATED_IMMUNITY,Negative Regulation Of Leukocyte Mediated Immunity,TERM_ID_REGEX:(?:IMMUN|INFLAMM|CYTOKINE(?:_|$)|INTERLEUKIN|INTERFERON|LEUKOCYTE|MACROPHAGE|NEUTROPHIL|TNF|NFKB|TOLL_LIKE),PREDEFINED,38,True
Q5,GO_BP,GOBP_NEGATIVE_REGULATION_OF_LEUKOCYTE_MIGRATION,Negative Regulation Of Leukocyte Migration,TERM_ID_REGEX:(?:IMMUN|INFLAMM|CYTOKINE(?:_|$)|INTERLEUKIN|INTERFERON|LEUKOCYTE|MACROPHAGE|NEUTROPHIL|TNF|NFKB|TOLL_LIKE),PREDEFINED,34,True
Q5,GO_BP,GOBP_NEGATIVE_REGULATION_OF_LEUKOCYTE_PROLIFERATION,Negative Regulation Of Leukocyte Proliferation,TERM_ID_REGEX:(?:IMMUN|INFLAMM|CYTOKINE(?:_|$)|INTERLEUKIN|INTERFERON|LEUKOCYTE|MACROPHAGE|NEUTROPHIL|TNF|NFKB|TOLL_LIKE),PREDEFINED,53,True
Q5,GO_BP,GOBP_NEGATIVE_REGULATION_OF_MACROPHAGE_ACTIVATION,Negative Regulation Of Macrophage Activation,TERM_ID_REGEX:(?:IMMUN|INFLAMM|CYTOKINE(?:_|$)|INTERLEUKIN|INTERFERON|LEUKOCYTE|MACROPHAGE|NEUTROPHIL|TNF|NFKB|TOLL_LIKE),PREDEFINED,11,False
Q5,GO_BP,GOBP_NEGATIVE_REGULATION_OF_MACROPHAGE_APOPTOTIC_PROCESS,Negative Regulation Of Macrophage Apoptotic Process,TERM_ID_REGEX:(?:IMMUN|INFLAMM|CYTOKINE(?:_|$)|INTERLEUKIN|INTERFERON|LEUKOCYTE|MACROPHAGE|NEUTROPHIL|TNF|NFKB|TOLL_LIKE),PREDEFINED,2,False
Q5,GO_BP,GOBP_NEGATIVE_REGULATION_OF_MACROPHAGE_CHEMOTAXIS,Negative Regulation Of Macrophage Chemotaxis,TERM_ID_REGEX:(?:IMMUN|INFLAMM|CYTOKINE(?:_|$)|INTERLEUKIN|INTERFERON|LEUKOCYTE|MACROPHAGE|NEUTROPHIL|TNF|NFKB|TOLL_LIKE),PREDEFINED,3,False
Q5,GO_BP,GOBP_NEGATIVE_REGULATION_OF_MACROPHAGE_CYTOKINE_PRODUCTION,Negative Regulation Of Macrophage Cytokine Production,TERM_ID_REGEX:(?:IMMUN|INFLAMM|CYTOKINE(?:_|$)|INTERLEUKIN|INTERFERON|LEUKOCYTE|MACROPHAGE|NEUTROPHIL|TNF|NFKB|TOLL_LIKE),PREDEFINED,5,False
Q5,GO_BP,GOBP_NEGATIVE_REGULATION_OF_MACROPHAGE_DERIVED_FOAM_CELL_DIFFERENTIATION,Negative Regulation Of Macrophage Derived Foam Cell Differentiation,TERM_ID_REGEX:(?:IMMUN|INFLAMM|CYTOKINE(?:_|$)|INTERLEUKIN|INTERFERON|LEUKOCYTE|MACROPHAGE|NEUTROPHIL|TNF|NFKB|TOLL_LIKE),PREDEFINED,11,False
Q5,GO_BP,GOBP_NEGATIVE_REGULATION_OF_MACROPHAGE_DIFFERENTIATION,Negative Regulation Of Macrophage Differentiation,TERM_ID_REGEX:(?:IMMUN|INFLAMM|CYTOKINE(?:_|$)|INTERLEUKIN|INTERFERON|LEUKOCYTE|MACROPHAGE|NEUTROPHIL|TNF|NFKB|TOLL_LIKE),PREDEFINED,6,False
Q5,GO_BP,GOBP_NEGATIVE_REGULATION_OF_MACROPHAGE_MIGRATION,Negative Regulation Of Macrophage Migration,TERM_ID_REGEX:(?:IMMUN|INFLAMM|CYTOKINE(?:_|$)|INTERLEUKIN|INTERFERON|LEUKOCYTE|MACROPHAGE|NEUTROPHIL|TNF|NFKB|TOLL_LIKE),PREDEFINED,5,False
Q5,GO_BP,GOBP_NEGATIVE_REGULATION_OF_MYELOID_LEUKOCYTE_DIFFERENTIATION,Negative Regulation Of Myeloid Leukocyte Differentiation,TERM_ID_REGEX:(?:IMMUN|INFLAMM|CYTOKINE(?:_|$)|INTERLEUKIN|INTERFERON|LEUKOCYTE|MACROPHAGE|NEUTROPHIL|TNF|NFKB|TOLL_LIKE),PREDEFINED,43,True
Q5,GO_BP,GOBP_NEGATIVE_REGULATION_OF_MYELOID_LEUKOCYTE_MEDIATED_IMMUNITY,Negative Regulation Of Myeloid Leukocyte Mediated Immunity,TERM_ID_REGEX:(?:IMMUN|INFLAMM|CYTOKINE(?:_|$)|INTERLEUKIN|INTERFERON|LEUKOCYTE|MACROPHAGE|NEUTROPHIL|TNF|NFKB|TOLL_LIKE),PREDEFINED,5,False
Q5,GO_BP,GOBP_NEGATIVE_REGULATION_OF_NATURAL_KILLER_CELL_MEDIATED_IMMUNITY,Negative Regulation Of Natural Killer Cell Mediated Immunity,TERM_ID_REGEX:(?:IMMUN|INFLAMM|CYTOKINE(?:_|$)|INTERLEUKIN|INTERFERON|LEUKOCYTE|MACROPHAGE|NEUTROPHIL|TNF|NFKB|TOLL_LIKE),PREDEFINED,15,True
Q5,GO_BP,GOBP_NEGATIVE_REGULATION_OF_NEUROINFLAMMATORY_RESPONSE,Negative Regulation Of Neuroinflammatory Response,TERM_ID_REGEX:(?:IMMUN|INFLAMM|CYTOKINE(?:_|$)|INTERLEUKIN|INTERFERON|LEUKOCYTE|MACROPHAGE|NEUTROPHIL|TNF|NFKB|TOLL_LIKE),PREDEFINED,8,False
Q5,GO_BP,GOBP_NEGATIVE_REGULATION_OF_NEUTROPHIL_ACTIVATION,Negative Regulation Of Neutrophil Activation,TERM_ID_REGEX:(?:IMMUN|INFLAMM|CYTOKINE(?:_|$)|INTERLEUKIN|INTERFERON|LEUKOCYTE|MACROPHAGE|NEUTROPHIL|TNF|NFKB|TOLL_LIKE),PREDEFINED,3,False
Q5,GO_BP,GOBP_NEGATIVE_REGULATION_OF_NEUTROPHIL_MIGRATION,Negative Regulation Of Neutrophil Migration,TERM_ID_REGEX:(?:IMMUN|INFLAMM|CYTOKINE(?:_|$)|INTERLEUKIN|INTERFERON|LEUKOCYTE|MACROPHAGE|NEUTROPHIL|TNF|NFKB|TOLL_LIKE),PREDEFINED,4,False
Q5,GO_BP,GOBP_NEGATIVE_REGULATION_OF_NLRP3_INFLAMMASOME_COMPLEX_ASSEMBLY,Negative Regulation Of Nlrp3 Inflammasome Complex Assembly,TERM_ID_REGEX:(?:IMMUN|INFLAMM|CYTOKINE(?:_|$)|INTERLEUKIN|INTERFERON|LEUKOCYTE|MACROPHAGE|NEUTROPHIL|TNF|NFKB|TOLL_LIKE),PREDEFINED,12,False
Q5,GO_BP,GOBP_NEGATIVE_REGULATION_OF_PRODUCTION_OF_MOLECULAR_MEDIATOR_OF_IMMUNE_RESPONSE,Negative Regulation Of Production Of Molecular Mediator Of Immune Response,TERM_ID_REGEX:(?:IMMUN|INFLAMM|CYTOKINE(?:_|$)|INTERLEUKIN|INTERFERON|LEUKOCYTE|MACROPHAGE|NEUTROPHIL|TNF|NFKB|TOLL_LIKE),PREDEFINED,18,True
Q5,GO_BP,GOBP_NEGATIVE_REGULATION_OF_RESPIRATORY_BURST_INVOLVED_IN_INFLAMMATORY_RESPONSE,Negative Regulation Of Respiratory Burst Involved In Inflammatory Response,TERM_ID_REGEX:(?:IMMUN|INFLAMM|CYTOKINE(?:_|$)|INTERLEUKIN|INTERFERON|LEUKOCYTE|MACROPHAGE|NEUTROPHIL|TNF|NFKB|TOLL_LIKE),PREDEFINED,3,False
Q5,GO_BP,GOBP_NEGATIVE_REGULATION_OF_RESPONSE_TO_CYTOKINE_STIMULUS,Negative Regulation Of Response To Cytokine Stimulus,TERM_ID_REGEX:(?:IMMUN|INFLAMM|CYTOKINE(?:_|$)|INTERLEUKIN|INTERFERON|LEUKOCYTE|MACROPHAGE|NEUTROPHIL|TNF|NFKB|TOLL_LIKE),PREDEFINED,75,True
Q5,GO_BP,GOBP_NEGATIVE_REGULATION_OF_RESPONSE_TO_TYPE_II_INTERFERON,Negative Regulation Of Response To Type Ii Interferon,TERM_ID_REGEX:(?:IMMUN|INFLAMM|CYTOKINE(?:_|$)|INTERLEUKIN|INTERFERON|LEUKOCYTE|MACROPHAGE|NEUTROPHIL|TNF|NFKB|TOLL_LIKE),PREDEFINED,6,False
Q5,GO_BP,GOBP_NEGATIVE_REGULATION_OF_TOLL_LIKE_RECEPTOR_2_SIGNALING_PATHWAY,Negative Regulation Of Toll Like Receptor 2 Signaling Pathway,TERM_ID_REGEX:(?:IMMUN|INFLAMM|CYTOKINE(?:_|$)|INTERLEUKIN|INTERFERON|LEUKOCYTE|MACROPHAGE|NEUTROPHIL|TNF|NFKB|TOLL_LIKE),PREDEFINED,4,False
Q5,GO_BP,GOBP_NEGATIVE_REGULATION_OF_TOLL_LIKE_RECEPTOR_4_SIGNALING_PATHWAY,Negative Regulation Of Toll Like Receptor 4 Signaling Pathway,TERM_ID_REGEX:(?:IMMUN|INFLAMM|CYTOKINE(?:_|$)|INTERLEUKIN|INTERFERON|LEUKOCYTE|MACROPHAGE|NEUTROPHIL|TNF|NFKB|TOLL_LIKE),PREDEFINED,9,False
Q5,GO_BP,GOBP_NEGATIVE_REGULATION_OF_TOLL_LIKE_RECEPTOR_9_SIGNALING_PATHWAY,Negative Regulation Of Toll Like Receptor 9 Signaling Pathway,TERM_ID_REGEX:(?:IMMUN|INFLAMM|CYTOKINE(?:_|$)|INTERLEUKIN|INTERFERON|LEUKOCYTE|MACROPHAGE|NEUTROPHIL|TNF|NFKB|TOLL_LIKE),PREDEFINED,4,False
Q5,GO_BP,GOBP_NEGATIVE_REGULATION_OF_TOLL_LIKE_RECEPTOR_SIGNALING_PATHWAY,Negative Regulation Of Toll Like Receptor Signaling Pathway,TERM_ID_REGEX:(?:IMMUN|INFLAMM|CYTOKINE(?:_|$)|INTERLEUKIN|INTERFERON|LEUKOCYTE|MACROPHAGE|NEUTROPHIL|TNF|NFKB|TOLL_LIKE),PREDEFINED,14,False
Q5,GO_BP,GOBP_NEGATIVE_REGULATION_OF_TUMOR_NECROSIS_FACTOR_SUPERFAMILY_CYTOKINE_PRODUCTION,Negative Regulation Of Tumor Necrosis Factor Superfamily Cytokine Production,TERM_ID_REGEX:(?:IMMUN|INFLAMM|CYTOKINE(?:_|$)|INTERLEUKIN|INTERFERON|LEUKOCYTE|MACROPHAGE|NEUTROPHIL|TNF|NFKB|TOLL_LIKE),PREDEFINED,39,True
Q5,GO_BP,GOBP_NEGATIVE_REGULATION_OF_TYPE_2_IMMUNE_RESPONSE,Negative Regulation Of Type 2 Immune Response,TERM_ID_REGEX:(?:IMMUN|INFLAMM|CYTOKINE(?:_|$)|INTERLEUKIN|INTERFERON|LEUKOCYTE|MACROPHAGE|NEUTROPHIL|TNF|NFKB|TOLL_LIKE),PREDEFINED,8,False
Q5,GO_BP,GOBP_NEGATIVE_REGULATION_OF_TYPE_II_INTERFERON_PRODUCTION,Negative Regulation Of Type Ii Interferon Production,TERM_ID_REGEX:(?:IMMUN|INFLAMM|CYTOKINE(?:_|$)|INTERLEUKIN|INTERFERON|LEUKOCYTE|MACROPHAGE|NEUTROPHIL|TNF|NFKB|TOLL_LIKE),PREDEFINED,19,True
Q5,GO_BP,GOBP_NEGATIVE_REGULATION_OF_TYPE_I_INTERFERON_MEDIATED_SIGNALING_PATHWAY,Negative Regulation Of Type I Interferon Mediated Signaling Pathway,TERM_ID_REGEX:(?:IMMUN|INFLAMM|CYTOKINE(?:_|$)|INTERLEUKIN|INTERFERON|LEUKOCYTE|MACROPHAGE|NEUTROPHIL|TNF|NFKB|TOLL_LIKE),PREDEFINED,20,True
Q5,GO_BP,GOBP_NEGATIVE_REGULATION_OF_TYPE_I_INTERFERON_PRODUCTION,Negative Regulation Of Type I Interferon Production,TERM_ID_REGEX:(?:IMMUN|INFLAMM|CYTOKINE(?:_|$)|INTERLEUKIN|INTERFERON|LEUKOCYTE|MACROPHAGE|NEUTROPHIL|TNF|NFKB|TOLL_LIKE),PREDEFINED,40,True
Q5,GO_BP,GOBP_NEGATIVE_REGULATION_OF_T_CELL_CYTOKINE_PRODUCTION,Negative Regulation Of T Cell Cytokine Production,TERM_ID_REGEX:(?:IMMUN|INFLAMM|CYTOKINE(?:_|$)|INTERLEUKIN|INTERFERON|LEUKOCYTE|MACROPHAGE|NEUTROPHIL|TNF|NFKB|TOLL_LIKE),PREDEFINED,4,False
Q5,GO_BP,GOBP_NEGATIVE_REGULATION_OF_T_CELL_MEDIATED_IMMUNE_RESPONSE_TO_TUMOR_CELL,Negative Regulation Of T Cell Mediated Immune Response To Tumor Cell,TERM_ID_REGEX:(?:IMMUN|INFLAMM|CYTOKINE(?:_|$)|INTERLEUKIN|INTERFERON|LEUKOCYTE|MACROPHAGE|NEUTROPHIL|TNF|NFKB|TOLL_LIKE),PREDEFINED,6,False
Q5,GO_BP,GOBP_NEGATIVE_REGULATION_OF_T_CELL_MEDIATED_IMMUNITY,Negative Regulation Of T Cell Mediated Immunity,TERM_ID_REGEX:(?:IMMUN|INFLAMM|CYTOKINE(?:_|$)|INTERLEUKIN|INTERFERON|LEUKOCYTE|MACROPHAGE|NEUTROPHIL|TNF|NFKB|TOLL_LIKE),PREDEFINED,15,True
Q5,GO_BP,GOBP_NEGATIVE_REGULATION_OF_T_HELPER_17_TYPE_IMMUNE_RESPONSE,Negative Regulation Of T Helper 17 Type Immune Response,TERM_ID_REGEX:(?:IMMUN|INFLAMM|CYTOKINE(?:_|$)|INTERLEUKIN|INTERFERON|LEUKOCYTE|MACROPHAGE|NEUTROPHIL|TNF|NFKB|TOLL_LIKE),PREDEFINED,11,False
Q5,GO_BP,GOBP_NEGATIVE_REGULATION_OF_T_HELPER_1_TYPE_IMMUNE_RESPONSE,Negative Regulation Of T Helper 1 Type Immune Response,TERM_ID_REGEX:(?:IMMUN|INFLAMM|CYTOKINE(?:_|$)|INTERLEUKIN|INTERFERON|LEUKOCYTE|MACROPHAGE|NEUTROPHIL|TNF|NFKB|TOLL_LIKE),PREDEFINED,9,False
Q5,GO_BP,GOBP_NEUROINFLAMMATORY_RESPONSE,Neuroinflammatory Response,TERM_ID_REGEX:(?:IMMUN|INFLAMM|CYTOKINE(?:_|$)|INTERLEUKIN|INTERFERON|LEUKOCYTE|MACROPHAGE|NEUTROPHIL|TNF|NFKB|TOLL_LIKE),PREDEFINED,57,True
Q5,GO_BP,GOBP_NEUTROPHIL_ACTIVATION_INVOLVED_IN_IMMUNE_RESPONSE,Neutrophil Activation Involved In Immune Response,TERM_ID_REGEX:(?:IMMUN|INFLAMM|CYTOKINE(?:_|$)|INTERLEUKIN|INTERFERON|LEUKOCYTE|MACROPHAGE|NEUTROPHIL|TNF|NFKB|TOLL_LIKE),PREDEFINED,9,False
Q5,GO_BP,GOBP_NEUTROPHIL_APOPTOTIC_PROCESS,Neutrophil Apoptotic Process,TERM_ID_REGEX:(?:IMMUN|INFLAMM|CYTOKINE(?:_|$)|INTERLEUKIN|INTERFERON|LEUKOCYTE|MACROPHAGE|NEUTROPHIL|TNF|NFKB|TOLL_LIKE),PREDEFINED,6,False
Q5,GO_BP,GOBP_NEUTROPHIL_CHEMOTAXIS,Neutrophil Chemotaxis,TERM_ID_REGEX:(?:IMMUN|INFLAMM|CYTOKINE(?:_|$)|INTERLEUKIN|INTERFERON|LEUKOCYTE|MACROPHAGE|NEUTROPHIL|TNF|NFKB|TOLL_LIKE),PREDEFINED,49,True
Q5,GO_BP,GOBP_NEUTROPHIL_CLEARANCE,Neutrophil Clearance,TERM_ID_REGEX:(?:IMMUN|INFLAMM|CYTOKINE(?:_|$)|INTERLEUKIN|INTERFERON|LEUKOCYTE|MACROPHAGE|NEUTROPHIL|TNF|NFKB|TOLL_LIKE),PREDEFINED,4,False
Q5,GO_BP,GOBP_NEUTROPHIL_DEGRANULATION,Neutrophil Degranulation,TERM_ID_REGEX:(?:IMMUN|INFLAMM|CYTOKINE(?:_|$)|INTERLEUKIN|INTERFERON|LEUKOCYTE|MACROPHAGE|NEUTROPHIL|TNF|NFKB|TOLL_LIKE),PREDEFINED,7,False
Q5,GO_BP,GOBP_NEUTROPHIL_DIFFERENTIATION,Neutrophil Differentiation,TERM_ID_REGEX:(?:IMMUN|INFLAMM|CYTOKINE(?:_|$)|INTERLEUKIN|INTERFERON|LEUKOCYTE|MACROPHAGE|NEUTROPHIL|TNF|NFKB|TOLL_LIKE),PREDEFINED,10,False
Q5,GO_BP,GOBP_NEUTROPHIL_EXTRAVASATION,Neutrophil Extravasation,TERM_ID_REGEX:(?:IMMUN|INFLAMM|CYTOKINE(?:_|$)|INTERLEUKIN|INTERFERON|LEUKOCYTE|MACROPHAGE|NEUTROPHIL|TNF|NFKB|TOLL_LIKE),PREDEFINED,9,False
Q5,GO_BP,GOBP_NEUTROPHIL_HOMEOSTASIS,Neutrophil Homeostasis,TERM_ID_REGEX:(?:IMMUN|INFLAMM|CYTOKINE(?:_|$)|INTERLEUKIN|INTERFERON|LEUKOCYTE|MACROPHAGE|NEUTROPHIL|TNF|NFKB|TOLL_LIKE),PREDEFINED,14,False
Q5,GO_BP,GOBP_NEUTROPHIL_MEDIATED_CYTOTOXICITY,Neutrophil Mediated Cytotoxicity,TERM_ID_REGEX:(?:IMMUN|INFLAMM|CYTOKINE(?:_|$)|INTERLEUKIN|INTERFERON|LEUKOCYTE|MACROPHAGE|NEUTROPHIL|TNF|NFKB|TOLL_LIKE),PREDEFINED,7,False
Q5,GO_BP,GOBP_NEUTROPHIL_MEDIATED_IMMUNITY,Neutrophil Mediated Immunity,TERM_ID_REGEX:(?:IMMUN|INFLAMM|CYTOKINE(?:_|$)|INTERLEUKIN|INTERFERON|LEUKOCYTE|MACROPHAGE|NEUTROPHIL|TNF|NFKB|TOLL_LIKE),PREDEFINED,23,True
Q5,GO_BP,GOBP_NEUTROPHIL_MEDIATED_KILLING_OF_BACTERIUM,Neutrophil Mediated Killing Of Bacterium,TERM_ID_REGEX:(?:IMMUN|INFLAMM|CYTOKINE(?:_|$)|INTERLEUKIN|INTERFERON|LEUKOCYTE|MACROPHAGE|NEUTROPHIL|TNF|NFKB|TOLL_LIKE),PREDEFINED,6,False
Q5,GO_BP,GOBP_NEUTROPHIL_MEDIATED_KILLING_OF_GRAM_NEGATIVE_BACTERIUM,Neutrophil Mediated Killing Of Gram Negative Bacterium,TERM_ID_REGEX:(?:IMMUN|INFLAMM|CYTOKINE(?:_|$)|INTERLEUKIN|INTERFERON|LEUKOCYTE|MACROPHAGE|NEUTROPHIL|TNF|NFKB|TOLL_LIKE),PREDEFINED,4,False
Q5,GO_BP,GOBP_NEUTROPHIL_MIGRATION,Neutrophil Migration,TERM_ID_REGEX:(?:IMMUN|INFLAMM|CYTOKINE(?:_|$)|INTERLEUKIN|INTERFERON|LEUKOCYTE|MACROPHAGE|NEUTROPHIL|TNF|NFKB|TOLL_LIKE),PREDEFINED,64,True
Q5,GO_BP,GOBP_ORGAN_OR_TISSUE_SPECIFIC_IMMUNE_RESPONSE,Organ Or Tissue Specific Immune Response,TERM_ID_REGEX:(?:IMMUN|INFLAMM|CYTOKINE(?:_|$)|INTERLEUKIN|INTERFERON|LEUKOCYTE|MACROPHAGE|NEUTROPHIL|TNF|NFKB|TOLL_LIKE),PREDEFINED,10,False
Q5,GO_BP,GOBP_POSITIVE_REGULATION_OF_ACUTE_INFLAMMATORY_RESPONSE,Positive Regulation Of Acute Inflammatory Response,TERM_ID_REGEX:(?:IMMUN|INFLAMM|CYTOKINE(?:_|$)|INTERLEUKIN|INTERFERON|LEUKOCYTE|MACROPHAGE|NEUTROPHIL|TNF|NFKB|TOLL_LIKE),PREDEFINED,11,False
Q5,GO_BP,GOBP_POSITIVE_REGULATION_OF_ACUTE_INFLAMMATORY_RESPONSE_TO_ANTIGENIC_STIMULUS,Positive Regulation Of Acute Inflammatory Response To Antigenic Stimulus,TERM_ID_REGEX:(?:IMMUN|INFLAMM|CYTOKINE(?:_|$)|INTERLEUKIN|INTERFERON|LEUKOCYTE|MACROPHAGE|NEUTROPHIL|TNF|NFKB|TOLL_LIKE),PREDEFINED,5,False
Q5,GO_BP,GOBP_POSITIVE_REGULATION_OF_ADAPTIVE_IMMUNE_RESPONSE,Positive Regulation Of Adaptive Immune Response,TERM_ID_REGEX:(?:IMMUN|INFLAMM|CYTOKINE(?:_|$)|INTERLEUKIN|INTERFERON|LEUKOCYTE|MACROPHAGE|NEUTROPHIL|TNF|NFKB|TOLL_LIKE),PREDEFINED,90,True
Q5,GO_BP,GOBP_POSITIVE_REGULATION_OF_B_CELL_MEDIATED_IMMUNITY,Positive Regulation Of B Cell Mediated Immunity,TERM_ID_REGEX:(?:IMMUN|INFLAMM|CYTOKINE(?:_|$)|INTERLEUKIN|INTERFERON|LEUKOCYTE|MACROPHAGE|NEUTROPHIL|TNF|NFKB|TOLL_LIKE),PREDEFINED,29,True
Q5,GO_BP,GOBP_POSITIVE_REGULATION_OF_CYTOKINE_PRODUCTION,Positive Regulation Of Cytokine Production,TERM_ID_REGEX:(?:IMMUN|INFLAMM|CYTOKINE(?:_|$)|INTERLEUKIN|INTERFERON|LEUKOCYTE|MACROPHAGE|NEUTROPHIL|TNF|NFKB|TOLL_LIKE),PREDEFINED,341,True
Q5,GO_BP,GOBP_POSITIVE_REGULATION_OF_CYTOKINE_PRODUCTION_INVOLVED_IN_IMMUNE_RESPONSE,Positive Regulation Of Cytokine Production Involved In Immune Response,TERM_ID_REGEX:(?:IMMUN|INFLAMM|CYTOKINE(?:_|$)|INTERLEUKIN|INTERFERON|LEUKOCYTE|MACROPHAGE|NEUTROPHIL|TNF|NFKB|TOLL_LIKE),PREDEFINED,52,True
Q5,GO_BP,GOBP_POSITIVE_REGULATION_OF_CYTOKINE_PRODUCTION_INVOLVED_IN_INFLAMMATORY_RESPONSE,Positive Regulation Of Cytokine Production Involved In Inflammatory Response,TERM_ID_REGEX:(?:IMMUN|INFLAMM|CYTOKINE(?:_|$)|INTERLEUKIN|INTERFERON|LEUKOCYTE|MACROPHAGE|NEUTROPHIL|TNF|NFKB|TOLL_LIKE),PREDEFINED,21,True
Q5,GO_BP,GOBP_POSITIVE_REGULATION_OF_DENDRITIC_CELL_CYTOKINE_PRODUCTION,Positive Regulation Of Dendritic Cell Cytokine Production,TERM_ID_REGEX:(?:IMMUN|INFLAMM|CYTOKINE(?:_|$)|INTERLEUKIN|INTERFERON|LEUKOCYTE|MACROPHAGE|NEUTROPHIL|TNF|NFKB|TOLL_LIKE),PREDEFINED,8,False
Q5,GO_BP,GOBP_POSITIVE_REGULATION_OF_HUMORAL_IMMUNE_RESPONSE,Positive Regulation Of Humoral Immune Response,TERM_ID_REGEX:(?:IMMUN|INFLAMM|CYTOKINE(?:_|$)|INTERLEUKIN|INTERFERON|LEUKOCYTE|MACROPHAGE|NEUTROPHIL|TNF|NFKB|TOLL_LIKE),PREDEFINED,6,False
Q5,GO_BP,GOBP_POSITIVE_REGULATION_OF_HUMORAL_IMMUNE_RESPONSE_MEDIATED_BY_CIRCULATING_IMMUNOGLOBULIN,Positive Regulation Of Humoral Immune Response Mediated By Circulating Immunoglobulin,TERM_ID_REGEX:(?:IMMUN|INFLAMM|CYTOKINE(?:_|$)|INTERLEUKIN|INTERFERON|LEUKOCYTE|MACROPHAGE|NEUTROPHIL|TNF|NFKB|TOLL_LIKE),PREDEFINED,1,False
Q5,GO_BP,GOBP_POSITIVE_REGULATION_OF_IMMUNE_EFFECTOR_PROCESS,Positive Regulation Of Immune Effector Process,TERM_ID_REGEX:(?:IMMUN|INFLAMM|CYTOKINE(?:_|$)|INTERLEUKIN|INTERFERON|LEUKOCYTE|MACROPHAGE|NEUTROPHIL|TNF|NFKB|TOLL_LIKE),PREDEFINED,156,True
Q5,GO_BP,GOBP_POSITIVE_REGULATION_OF_IMMUNE_RESPONSE,Positive Regulation Of Immune Response,TERM_ID_REGEX:(?:IMMUN|INFLAMM|CYTOKINE(?:_|$)|INTERLEUKIN|INTERFERON|LEUKOCYTE|MACROPHAGE|NEUTROPHIL|TNF|NFKB|TOLL_LIKE),PREDEFINED,521,False
Q5,GO_BP,GOBP_POSITIVE_REGULATION_OF_IMMUNE_SYSTEM_PROCESS,Positive Regulation Of Immune System Process,TERM_ID_REGEX:(?:IMMUN|INFLAMM|CYTOKINE(?:_|$)|INTERLEUKIN|INTERFERON|LEUKOCYTE|MACROPHAGE|NEUTROPHIL|TNF|NFKB|TOLL_LIKE),PREDEFINED,761,False
Q5,GO_BP,GOBP_POSITIVE_REGULATION_OF_IMMUNOGLOBULIN_PRODUCTION,Positive Regulation Of Immunoglobulin Production,TERM_ID_REGEX:(?:IMMUN|INFLAMM|CYTOKINE(?:_|$)|INTERLEUKIN|INTERFERON|LEUKOCYTE|MACROPHAGE|NEUTROPHIL|TNF|NFKB|TOLL_LIKE),PREDEFINED,38,True
Q5,GO_BP,GOBP_POSITIVE_REGULATION_OF_INFLAMMASOME_MEDIATED_SIGNALING_PATHWAY,Positive Regulation Of Inflammasome Mediated Signaling Pathway,TERM_ID_REGEX:(?:IMMUN|INFLAMM|CYTOKINE(?:_|$)|INTERLEUKIN|INTERFERON|LEUKOCYTE|MACROPHAGE|NEUTROPHIL|TNF|NFKB|TOLL_LIKE),PREDEFINED,25,True
Q5,GO_BP,GOBP_POSITIVE_REGULATION_OF_INFLAMMATORY_RESPONSE,Positive Regulation Of Inflammatory Response,TERM_ID_REGEX:(?:IMMUN|INFLAMM|CYTOKINE(?:_|$)|INTERLEUKIN|INTERFERON|LEUKOCYTE|MACROPHAGE|NEUTROPHIL|TNF|NFKB|TOLL_LIKE),PREDEFINED,104,True
Q5,GO_BP,GOBP_POSITIVE_REGULATION_OF_INFLAMMATORY_RESPONSE_TO_ANTIGENIC_STIMULUS,Positive Regulation Of Inflammatory Response To Antigenic Stimulus,TERM_ID_REGEX:(?:IMMUN|INFLAMM|CYTOKINE(?:_|$)|INTERLEUKIN|INTERFERON|LEUKOCYTE|MACROPHAGE|NEUTROPHIL|TNF|NFKB|TOLL_LIKE),PREDEFINED,6,False
Q5,GO_BP,GOBP_POSITIVE_REGULATION_OF_INTERFERON_ALPHA_PRODUCTION,Positive Regulation Of Interferon Alpha Production,TERM_ID_REGEX:(?:IMMUN|INFLAMM|CYTOKINE(?:_|$)|INTERLEUKIN|INTERFERON|LEUKOCYTE|MACROPHAGE|NEUTROPHIL|TNF|NFKB|TOLL_LIKE),PREDEFINED,20,True
Q5,GO_BP,GOBP_POSITIVE_REGULATION_OF_INTERFERON_BETA_PRODUCTION,Positive Regulation Of Interferon Beta Production,TERM_ID_REGEX:(?:IMMUN|INFLAMM|CYTOKINE(?:_|$)|INTERLEUKIN|INTERFERON|LEUKOCYTE|MACROPHAGE|NEUTROPHIL|TNF|NFKB|TOLL_LIKE),PREDEFINED,36,True
Q5,GO_BP,GOBP_POSITIVE_REGULATION_OF_INTERLEUKIN_10_PRODUCTION,Positive Regulation Of Interleukin 10 Production,TERM_ID_REGEX:(?:IMMUN|INFLAMM|CYTOKINE(?:_|$)|INTERLEUKIN|INTERFERON|LEUKOCYTE|MACROPHAGE|NEUTROPHIL|TNF|NFKB|TOLL_LIKE),PREDEFINED,27,True
Q5,GO_BP,GOBP_POSITIVE_REGULATION_OF_INTERLEUKIN_12_PRODUCTION,Positive Regulation Of Interleukin 12 Production,TERM_ID_REGEX:(?:IMMUN|INFLAMM|CYTOKINE(?:_|$)|INTERLEUKIN|INTERFERON|LEUKOCYTE|MACROPHAGE|NEUTROPHIL|TNF|NFKB|TOLL_LIKE),PREDEFINED,26,True
Q5,GO_BP,GOBP_POSITIVE_REGULATION_OF_INTERLEUKIN_13_PRODUCTION,Positive Regulation Of Interleukin 13 Production,TERM_ID_REGEX:(?:IMMUN|INFLAMM|CYTOKINE(?:_|$)|INTERLEUKIN|INTERFERON|LEUKOCYTE|MACROPHAGE|NEUTROPHIL|TNF|NFKB|TOLL_LIKE),PREDEFINED,13,False
Q5,GO_BP,GOBP_POSITIVE_REGULATION_OF_INTERLEUKIN_17_PRODUCTION,Positive Regulation Of Interleukin 17 Production,TERM_ID_REGEX:(?:IMMUN|INFLAMM|CYTOKINE(?:_|$)|INTERLEUKIN|INTERFERON|LEUKOCYTE|MACROPHAGE|NEUTROPHIL|TNF|NFKB|TOLL_LIKE),PREDEFINED,12,False
Q5,GO_BP,GOBP_POSITIVE_REGULATION_OF_INTERLEUKIN_18_PRODUCTION,Positive Regulation Of Interleukin 18 Production,TERM_ID_REGEX:(?:IMMUN|INFLAMM|CYTOKINE(?:_|$)|INTERLEUKIN|INTERFERON|LEUKOCYTE|MACROPHAGE|NEUTROPHIL|TNF|NFKB|TOLL_LIKE),PREDEFINED,4,False
Q5,GO_BP,GOBP_POSITIVE_REGULATION_OF_INTERLEUKIN_1_ALPHA_PRODUCTION,Positive Regulation Of Interleukin 1 Alpha Production,TERM_ID_REGEX:(?:IMMUN|INFLAMM|CYTOKINE(?:_|$)|INTERLEUKIN|INTERFERON|LEUKOCYTE|MACROPHAGE|NEUTROPHIL|TNF|NFKB|TOLL_LIKE),PREDEFINED,6,False
Q5,GO_BP,GOBP_POSITIVE_REGULATION_OF_INTERLEUKIN_1_PRODUCTION,Positive Regulation Of Interleukin 1 Production,TERM_ID_REGEX:(?:IMMUN|INFLAMM|CYTOKINE(?:_|$)|INTERLEUKIN|INTERFERON|LEUKOCYTE|MACROPHAGE|NEUTROPHIL|TNF|NFKB|TOLL_LIKE),PREDEFINED,42,True
Q5,GO_BP,GOBP_POSITIVE_REGULATION_OF_INTERLEUKIN_23_PRODUCTION,Positive Regulation Of Interleukin 23 Production,TERM_ID_REGEX:(?:IMMUN|INFLAMM|CYTOKINE(?:_|$)|INTERLEUKIN|INTERFERON|LEUKOCYTE|MACROPHAGE|NEUTROPHIL|TNF|NFKB|TOLL_LIKE),PREDEFINED,3,False
Q5,GO_BP,GOBP_POSITIVE_REGULATION_OF_INTERLEUKIN_2_PRODUCTION,Positive Regulation Of Interleukin 2 Production,TERM_ID_REGEX:(?:IMMUN|INFLAMM|CYTOKINE(?:_|$)|INTERLEUKIN|INTERFERON|LEUKOCYTE|MACROPHAGE|NEUTROPHIL|TNF|NFKB|TOLL_LIKE),PREDEFINED,35,True
Q5,GO_BP,GOBP_POSITIVE_REGULATION_OF_INTERLEUKIN_4_PRODUCTION,Positive Regulation Of Interleukin 4 Production,TERM_ID_REGEX:(?:IMMUN|INFLAMM|CYTOKINE(?:_|$)|INTERLEUKIN|INTERFERON|LEUKOCYTE|MACROPHAGE|NEUTROPHIL|TNF|NFKB|TOLL_LIKE),PREDEFINED,11,False
Q5,GO_BP,GOBP_POSITIVE_REGULATION_OF_INTERLEUKIN_5_PRODUCTION,Positive Regulation Of Interleukin 5 Production,TERM_ID_REGEX:(?:IMMUN|INFLAMM|CYTOKINE(?:_|$)|INTERLEUKIN|INTERFERON|LEUKOCYTE|MACROPHAGE|NEUTROPHIL|TNF|NFKB|TOLL_LIKE),PREDEFINED,9,False
Q5,GO_BP,GOBP_POSITIVE_REGULATION_OF_INTERLEUKIN_6_PRODUCTION,Positive Regulation Of Interleukin 6 Production,TERM_ID_REGEX:(?:IMMUN|INFLAMM|CYTOKINE(?:_|$)|INTERLEUKIN|INTERFERON|LEUKOCYTE|MACROPHAGE|NEUTROPHIL|TNF|NFKB|TOLL_LIKE),PREDEFINED,68,True
Q5,GO_BP,GOBP_POSITIVE_REGULATION_OF_INTERLEUKIN_8_PRODUCTION,Positive Regulation Of Interleukin 8 Production,TERM_ID_REGEX:(?:IMMUN|INFLAMM|CYTOKINE(?:_|$)|INTERLEUKIN|INTERFERON|LEUKOCYTE|MACROPHAGE|NEUTROPHIL|TNF|NFKB|TOLL_LIKE),PREDEFINED,40,True
Q5,GO_BP,GOBP_POSITIVE_REGULATION_OF_LEUKOCYTE_ADHESION_TO_ARTERIAL_ENDOTHELIAL_CELL,Positive Regulation Of Leukocyte Adhesion To Arterial Endothelial Cell,TERM_ID_REGEX:(?:IMMUN|INFLAMM|CYTOKINE(?:_|$)|INTERLEUKIN|INTERFERON|LEUKOCYTE|MACROPHAGE|NEUTROPHIL|TNF|NFKB|TOLL_LIKE),PREDEFINED,2,False
Q5,GO_BP,GOBP_POSITIVE_REGULATION_OF_LEUKOCYTE_ADHESION_TO_VASCULAR_ENDOTHELIAL_CELL,Positive Regulation Of Leukocyte Adhesion To Vascular Endothelial Cell,TERM_ID_REGEX:(?:IMMUN|INFLAMM|CYTOKINE(?:_|$)|INTERLEUKIN|INTERFERON|LEUKOCYTE|MACROPHAGE|NEUTROPHIL|TNF|NFKB|TOLL_LIKE),PREDEFINED,16,True
Q5,GO_BP,GOBP_POSITIVE_REGULATION_OF_LEUKOCYTE_APOPTOTIC_PROCESS,Positive Regulation Of Leukocyte Apoptotic Process,TERM_ID_REGEX:(?:IMMUN|INFLAMM|CYTOKINE(?:_|$)|INTERLEUKIN|INTERFERON|LEUKOCYTE|MACROPHAGE|NEUTROPHIL|TNF|NFKB|TOLL_LIKE),PREDEFINED,23,True
Q5,GO_BP,GOBP_POSITIVE_REGULATION_OF_LEUKOCYTE_CELL_CELL_ADHESION,Positive Regulation Of Leukocyte Cell Cell Adhesion,TERM_ID_REGEX:(?:IMMUN|INFLAMM|CYTOKINE(?:_|$)|INTERLEUKIN|INTERFERON|LEUKOCYTE|MACROPHAGE|NEUTROPHIL|TNF|NFKB|TOLL_LIKE),PREDEFINED,181,True
Q5,GO_BP,GOBP_POSITIVE_REGULATION_OF_LEUKOCYTE_CHEMOTAXIS,Positive Regulation Of Leukocyte Chemotaxis,TERM_ID_REGEX:(?:IMMUN|INFLAMM|CYTOKINE(?:_|$)|INTERLEUKIN|INTERFERON|LEUKOCYTE|MACROPHAGE|NEUTROPHIL|TNF|NFKB|TOLL_LIKE),PREDEFINED,66,True
Q5,GO_BP,GOBP_POSITIVE_REGULATION_OF_LEUKOCYTE_DEGRANULATION,Positive Regulation Of Leukocyte Degranulation,TERM_ID_REGEX:(?:IMMUN|INFLAMM|CYTOKINE(?:_|$)|INTERLEUKIN|INTERFERON|LEUKOCYTE|MACROPHAGE|NEUTROPHIL|TNF|NFKB|TOLL_LIKE),PREDEFINED,15,True
Q5,GO_BP,GOBP_POSITIVE_REGULATION_OF_LEUKOCYTE_MEDIATED_IMMUNITY,Positive Regulation Of Leukocyte Mediated Immunity,TERM_ID_REGEX:(?:IMMUN|INFLAMM|CYTOKINE(?:_|$)|INTERLEUKIN|INTERFERON|LEUKOCYTE|MACROPHAGE|NEUTROPHIL|TNF|NFKB|TOLL_LIKE),PREDEFINED,88,True
Q5,GO_BP,GOBP_POSITIVE_REGULATION_OF_LEUKOCYTE_MIGRATION,Positive Regulation Of Leukocyte Migration,TERM_ID_REGEX:(?:IMMUN|INFLAMM|CYTOKINE(?:_|$)|INTERLEUKIN|INTERFERON|LEUKOCYTE|MACROPHAGE|NEUTROPHIL|TNF|NFKB|TOLL_LIKE),PREDEFINED,105,True
Q5,GO_BP,GOBP_POSITIVE_REGULATION_OF_LEUKOCYTE_PROLIFERATION,Positive Regulation Of Leukocyte Proliferation,TERM_ID_REGEX:(?:IMMUN|INFLAMM|CYTOKINE(?:_|$)|INTERLEUKIN|INTERFERON|LEUKOCYTE|MACROPHAGE|NEUTROPHIL|TNF|NFKB|TOLL_LIKE),PREDEFINED,93,True
Q5,GO_BP,GOBP_POSITIVE_REGULATION_OF_LEUKOCYTE_TETHERING_OR_ROLLING,Positive Regulation Of Leukocyte Tethering Or Rolling,TERM_ID_REGEX:(?:IMMUN|INFLAMM|CYTOKINE(?:_|$)|INTERLEUKIN|INTERFERON|LEUKOCYTE|MACROPHAGE|NEUTROPHIL|TNF|NFKB|TOLL_LIKE),PREDEFINED,6,False
Q5,GO_BP,GOBP_POSITIVE_REGULATION_OF_MACROPHAGE_ACTIVATION,Positive Regulation Of Macrophage Activation,TERM_ID_REGEX:(?:IMMUN|INFLAMM|CYTOKINE(?:_|$)|INTERLEUKIN|INTERFERON|LEUKOCYTE|MACROPHAGE|NEUTROPHIL|TNF|NFKB|TOLL_LIKE),PREDEFINED,16,True
Q5,GO_BP,GOBP_POSITIVE_REGULATION_OF_MACROPHAGE_CHEMOTAXIS,Positive Regulation Of Macrophage Chemotaxis,TERM_ID_REGEX:(?:IMMUN|INFLAMM|CYTOKINE(?:_|$)|INTERLEUKIN|INTERFERON|LEUKOCYTE|MACROPHAGE|NEUTROPHIL|TNF|NFKB|TOLL_LIKE),PREDEFINED,16,True
Q5,GO_BP,GOBP_POSITIVE_REGULATION_OF_MACROPHAGE_CYTOKINE_PRODUCTION,Positive Regulation Of Macrophage Cytokine Production,TERM_ID_REGEX:(?:IMMUN|INFLAMM|CYTOKINE(?:_|$)|INTERLEUKIN|INTERFERON|LEUKOCYTE|MACROPHAGE|NEUTROPHIL|TNF|NFKB|TOLL_LIKE),PREDEFINED,10,False
Q5,GO_BP,GOBP_POSITIVE_REGULATION_OF_MACROPHAGE_DERIVED_FOAM_CELL_DIFFERENTIATION,Positive Regulation Of Macrophage Derived Foam Cell Differentiation,TERM_ID_REGEX:(?:IMMUN|INFLAMM|CYTOKINE(?:_|$)|INTERLEUKIN|INTERFERON|LEUKOCYTE|MACROPHAGE|NEUTROPHIL|TNF|NFKB|TOLL_LIKE),PREDEFINED,8,False
Q5,GO_BP,GOBP_POSITIVE_REGULATION_OF_MACROPHAGE_DIFFERENTIATION,Positive Regulation Of Macrophage Differentiation,TERM_ID_REGEX:(?:IMMUN|INFLAMM|CYTOKINE(?:_|$)|INTERLEUKIN|INTERFERON|LEUKOCYTE|MACROPHAGE|NEUTROPHIL|TNF|NFKB|TOLL_LIKE),PREDEFINED,14,False
Q5,GO_BP,GOBP_POSITIVE_REGULATION_OF_MACROPHAGE_MIGRATION,Positive Regulation Of Macrophage Migration,TERM_ID_REGEX:(?:IMMUN|INFLAMM|CYTOKINE(?:_|$)|INTERLEUKIN|INTERFERON|LEUKOCYTE|MACROPHAGE|NEUTROPHIL|TNF|NFKB|TOLL_LIKE),PREDEFINED,20,True
Q5,GO_BP,GOBP_POSITIVE_REGULATION_OF_MYELOID_LEUKOCYTE_CYTOKINE_PRODUCTION_INVOLVED_IN_IMMUNE_RESPONSE,Positive Regulation Of Myeloid Leukocyte Cytokine Production Involved In Immune Response,TERM_ID_REGEX:(?:IMMUN|INFLAMM|CYTOKINE(?:_|$)|INTERLEUKIN|INTERFERON|LEUKOCYTE|MACROPHAGE|NEUTROPHIL|TNF|NFKB|TOLL_LIKE),PREDEFINED,20,True
Q5,GO_BP,GOBP_POSITIVE_REGULATION_OF_MYELOID_LEUKOCYTE_DIFFERENTIATION,Positive Regulation Of Myeloid Leukocyte Differentiation,TERM_ID_REGEX:(?:IMMUN|INFLAMM|CYTOKINE(?:_|$)|INTERLEUKIN|INTERFERON|LEUKOCYTE|MACROPHAGE|NEUTROPHIL|TNF|NFKB|TOLL_LIKE),PREDEFINED,40,True
Q5,GO_BP,GOBP_POSITIVE_REGULATION_OF_MYELOID_LEUKOCYTE_MEDIATED_IMMUNITY,Positive Regulation Of Myeloid Leukocyte Mediated Immunity,TERM_ID_REGEX:(?:IMMUN|INFLAMM|CYTOKINE(?:_|$)|INTERLEUKIN|INTERFERON|LEUKOCYTE|MACROPHAGE|NEUTROPHIL|TNF|NFKB|TOLL_LIKE),PREDEFINED,10,False
Q5,GO_BP,GOBP_POSITIVE_REGULATION_OF_NATURAL_KILLER_CELL_CYTOKINE_PRODUCTION,Positive Regulation Of Natural Killer Cell Cytokine Production,TERM_ID_REGEX:(?:IMMUN|INFLAMM|CYTOKINE(?:_|$)|INTERLEUKIN|INTERFERON|LEUKOCYTE|MACROPHAGE|NEUTROPHIL|TNF|NFKB|TOLL_LIKE),PREDEFINED,5,False
Q5,GO_BP,GOBP_POSITIVE_REGULATION_OF_NATURAL_KILLER_CELL_MEDIATED_IMMUNE_RESPONSE_TO_TUMOR_CELL,Positive Regulation Of Natural Killer Cell Mediated Immune Response To Tumor Cell,TERM_ID_REGEX:(?:IMMUN|INFLAMM|CYTOKINE(?:_|$)|INTERLEUKIN|INTERFERON|LEUKOCYTE|MACROPHAGE|NEUTROPHIL|TNF|NFKB|TOLL_LIKE),PREDEFINED,5,False
Q5,GO_BP,GOBP_POSITIVE_REGULATION_OF_NATURAL_KILLER_CELL_MEDIATED_IMMUNITY,Positive Regulation Of Natural Killer Cell Mediated Immunity,TERM_ID_REGEX:(?:IMMUN|INFLAMM|CYTOKINE(?:_|$)|INTERLEUKIN|INTERFERON|LEUKOCYTE|MACROPHAGE|NEUTROPHIL|TNF|NFKB|TOLL_LIKE),PREDEFINED,16,True
Q5,GO_BP,GOBP_POSITIVE_REGULATION_OF_NEUROINFLAMMATORY_RESPONSE,Positive Regulation Of Neuroinflammatory Response,TERM_ID_REGEX:(?:IMMUN|INFLAMM|CYTOKINE(?:_|$)|INTERLEUKIN|INTERFERON|LEUKOCYTE|MACROPHAGE|NEUTROPHIL|TNF|NFKB|TOLL_LIKE),PREDEFINED,11,False
Q5,GO_BP,GOBP_POSITIVE_REGULATION_OF_NEUTROPHIL_APOPTOTIC_PROCESS,Positive Regulation Of Neutrophil Apoptotic Process,TERM_ID_REGEX:(?:IMMUN|INFLAMM|CYTOKINE(?:_|$)|INTERLEUKIN|INTERFERON|LEUKOCYTE|MACROPHAGE|NEUTROPHIL|TNF|NFKB|TOLL_LIKE),PREDEFINED,3,False
Q5,GO_BP,GOBP_POSITIVE_REGULATION_OF_NEUTROPHIL_MIGRATION,Positive Regulation Of Neutrophil Migration,TERM_ID_REGEX:(?:IMMUN|INFLAMM|CYTOKINE(?:_|$)|INTERLEUKIN|INTERFERON|LEUKOCYTE|MACROPHAGE|NEUTROPHIL|TNF|NFKB|TOLL_LIKE),PREDEFINED,25,True
Q5,GO_BP,GOBP_POSITIVE_REGULATION_OF_PRODUCTION_OF_MOLECULAR_MEDIATOR_OF_IMMUNE_RESPONSE,Positive Regulation Of Production Of Molecular Mediator Of Immune Response,TERM_ID_REGEX:(?:IMMUN|INFLAMM|CYTOKINE(?:_|$)|INTERLEUKIN|INTERFERON|LEUKOCYTE|MACROPHAGE|NEUTROPHIL|TNF|NFKB|TOLL_LIKE),PREDEFINED,87,True
Q5,GO_BP,GOBP_POSITIVE_REGULATION_OF_PYROPTOTIC_INFLAMMATORY_RESPONSE,Positive Regulation Of Pyroptotic Inflammatory Response,TERM_ID_REGEX:(?:IMMUN|INFLAMM|CYTOKINE(?:_|$)|INTERLEUKIN|INTERFERON|LEUKOCYTE|MACROPHAGE|NEUTROPHIL|TNF|NFKB|TOLL_LIKE),PREDEFINED,6,False
Q5,GO_BP,GOBP_POSITIVE_REGULATION_OF_RESPONSE_TO_CYTOKINE_STIMULUS,Positive Regulation Of Response To Cytokine Stimulus,TERM_ID_REGEX:(?:IMMUN|INFLAMM|CYTOKINE(?:_|$)|INTERLEUKIN|INTERFERON|LEUKOCYTE|MACROPHAGE|NEUTROPHIL|TNF|NFKB|TOLL_LIKE),PREDEFINED,58,True
Q5,GO_BP,GOBP_POSITIVE_REGULATION_OF_RESPONSE_TO_TYPE_II_INTERFERON,Positive Regulation Of Response To Type Ii Interferon,TERM_ID_REGEX:(?:IMMUN|INFLAMM|CYTOKINE(?:_|$)|INTERLEUKIN|INTERFERON|LEUKOCYTE|MACROPHAGE|NEUTROPHIL|TNF|NFKB|TOLL_LIKE),PREDEFINED,4,False
Q5,GO_BP,GOBP_POSITIVE_REGULATION_OF_TOLL_LIKE_RECEPTOR_2_SIGNALING_PATHWAY,Positive Regulation Of Toll Like Receptor 2 Signaling Pathway,TERM_ID_REGEX:(?:IMMUN|INFLAMM|CYTOKINE(?:_|$)|INTERLEUKIN|INTERFERON|LEUKOCYTE|MACROPHAGE|NEUTROPHIL|TNF|NFKB|TOLL_LIKE),PREDEFINED,6,False
Q5,GO_BP,GOBP_POSITIVE_REGULATION_OF_TOLL_LIKE_RECEPTOR_3_SIGNALING_PATHWAY,Positive Regulation Of Toll Like Receptor 3 Signaling Pathway,TERM_ID_REGEX:(?:IMMUN|INFLAMM|CYTOKINE(?:_|$)|INTERLEUKIN|INTERFERON|LEUKOCYTE|MACROPHAGE|NEUTROPHIL|TNF|NFKB|TOLL_LIKE),PREDEFINED,6,False
Q5,GO_BP,GOBP_POSITIVE_REGULATION_OF_TOLL_LIKE_RECEPTOR_4_SIGNALING_PATHWAY,Positive Regulation Of Toll Like Receptor 4 Signaling Pathway,TERM_ID_REGEX:(?:IMMUN|INFLAMM|CYTOKINE(?:_|$)|INTERLEUKIN|INTERFERON|LEUKOCYTE|MACROPHAGE|NEUTROPHIL|TNF|NFKB|TOLL_LIKE),PREDEFINED,13,False
Q5,GO_BP,GOBP_POSITIVE_REGULATION_OF_TOLL_LIKE_RECEPTOR_7_SIGNALING_PATHWAY,Positive Regulation Of Toll Like Receptor 7 Signaling Pathway,TERM_ID_REGEX:(?:IMMUN|INFLAMM|CYTOKINE(?:_|$)|INTERLEUKIN|INTERFERON|LEUKOCYTE|MACROPHAGE|NEUTROPHIL|TNF|NFKB|TOLL_LIKE),PREDEFINED,2,False
Q5,GO_BP,GOBP_POSITIVE_REGULATION_OF_TOLL_LIKE_RECEPTOR_9_SIGNALING_PATHWAY,Positive Regulation Of Toll Like Receptor 9 Signaling Pathway,TERM_ID_REGEX:(?:IMMUN|INFLAMM|CYTOKINE(?:_|$)|INTERLEUKIN|INTERFERON|LEUKOCYTE|MACROPHAGE|NEUTROPHIL|TNF|NFKB|TOLL_LIKE),PREDEFINED,5,False
Q5,GO_BP,GOBP_POSITIVE_REGULATION_OF_TUMOR_NECROSIS_FACTOR_SUPERFAMILY_CYTOKINE_PRODUCTION,Positive Regulation Of Tumor Necrosis Factor Superfamily Cytokine Production,TERM_ID_REGEX:(?:IMMUN|INFLAMM|CYTOKINE(?:_|$)|INTERLEUKIN|INTERFERON|LEUKOCYTE|MACROPHAGE|NEUTROPHIL|TNF|NFKB|TOLL_LIKE),PREDEFINED,84,True
Q5,GO_BP,GOBP_POSITIVE_REGULATION_OF_TYPE_2_IMMUNE_RESPONSE,Positive Regulation Of Type 2 Immune Response,TERM_ID_REGEX:(?:IMMUN|INFLAMM|CYTOKINE(?:_|$)|INTERLEUKIN|INTERFERON|LEUKOCYTE|MACROPHAGE|NEUTROPHIL|TNF|NFKB|TOLL_LIKE),PREDEFINED,8,False
Q5,GO_BP,GOBP_POSITIVE_REGULATION_OF_TYPE_II_INTERFERON_PRODUCTION,Positive Regulation Of Type Ii Interferon Production,TERM_ID_REGEX:(?:IMMUN|INFLAMM|CYTOKINE(?:_|$)|INTERLEUKIN|INTERFERON|LEUKOCYTE|MACROPHAGE|NEUTROPHIL|TNF|NFKB|TOLL_LIKE),PREDEFINED,58,True
Q5,GO_BP,GOBP_POSITIVE_REGULATION_OF_TYPE_I_INTERFERON_MEDIATED_SIGNALING_PATHWAY,Positive Regulation Of Type I Interferon Mediated Signaling Pathway,TERM_ID_REGEX:(?:IMMUN|INFLAMM|CYTOKINE(?:_|$)|INTERLEUKIN|INTERFERON|LEUKOCYTE|MACROPHAGE|NEUTROPHIL|TNF|NFKB|TOLL_LIKE),PREDEFINED,17,True
Q5,GO_BP,GOBP_POSITIVE_REGULATION_OF_TYPE_I_INTERFERON_PRODUCTION,Positive Regulation Of Type I Interferon Production,TERM_ID_REGEX:(?:IMMUN|INFLAMM|CYTOKINE(?:_|$)|INTERLEUKIN|INTERFERON|LEUKOCYTE|MACROPHAGE|NEUTROPHIL|TNF|NFKB|TOLL_LIKE),PREDEFINED,66,True
Q5,GO_BP,GOBP_POSITIVE_REGULATION_OF_T_CELL_CYTOKINE_PRODUCTION,Positive Regulation Of T Cell Cytokine Production,TERM_ID_REGEX:(?:IMMUN|INFLAMM|CYTOKINE(?:_|$)|INTERLEUKIN|INTERFERON|LEUKOCYTE|MACROPHAGE|NEUTROPHIL|TNF|NFKB|TOLL_LIKE),PREDEFINED,19,True
Q5,GO_BP,GOBP_POSITIVE_REGULATION_OF_T_CELL_MEDIATED_IMMUNE_RESPONSE_TO_TUMOR_CELL,Positive Regulation Of T Cell Mediated Immune Response To Tumor Cell,TERM_ID_REGEX:(?:IMMUN|INFLAMM|CYTOKINE(?:_|$)|INTERLEUKIN|INTERFERON|LEUKOCYTE|MACROPHAGE|NEUTROPHIL|TNF|NFKB|TOLL_LIKE),PREDEFINED,6,False
Q5,GO_BP,GOBP_POSITIVE_REGULATION_OF_T_CELL_MEDIATED_IMMUNITY,Positive Regulation Of T Cell Mediated Immunity,TERM_ID_REGEX:(?:IMMUN|INFLAMM|CYTOKINE(?:_|$)|INTERLEUKIN|INTERFERON|LEUKOCYTE|MACROPHAGE|NEUTROPHIL|TNF|NFKB|TOLL_LIKE),PREDEFINED,44,True
Q5,GO_BP,GOBP_POSITIVE_REGULATION_OF_T_HELPER_17_TYPE_IMMUNE_RESPONSE,Positive Regulation Of T Helper 17 Type Immune Response,TERM_ID_REGEX:(?:IMMUN|INFLAMM|CYTOKINE(?:_|$)|INTERLEUKIN|INTERFERON|LEUKOCYTE|MACROPHAGE|NEUTROPHIL|TNF|NFKB|TOLL_LIKE),PREDEFINED,11,False
Q5,GO_BP,GOBP_POSITIVE_REGULATION_OF_T_HELPER_1_TYPE_IMMUNE_RESPONSE,Positive Regulation Of T Helper 1 Type Immune Response,TERM_ID_REGEX:(?:IMMUN|INFLAMM|CYTOKINE(?:_|$)|INTERLEUKIN|INTERFERON|LEUKOCYTE|MACROPHAGE|NEUTROPHIL|TNF|NFKB|TOLL_LIKE),PREDEFINED,10,False
Q5,GO_BP,GOBP_POSITIVE_REGULATION_OF_T_HELPER_2_CELL_CYTOKINE_PRODUCTION,Positive Regulation Of T Helper 2 Cell Cytokine Production,TERM_ID_REGEX:(?:IMMUN|INFLAMM|CYTOKINE(?:_|$)|INTERLEUKIN|INTERFERON|LEUKOCYTE|MACROPHAGE|NEUTROPHIL|TNF|NFKB|TOLL_LIKE),PREDEFINED,4,False
Q5,GO_BP,GOBP_PRODUCTION_OF_MOLECULAR_MEDIATOR_INVOLVED_IN_INFLAMMATORY_RESPONSE,Production Of Molecular Mediator Involved In Inflammatory Response,TERM_ID_REGEX:(?:IMMUN|INFLAMM|CYTOKINE(?:_|$)|INTERLEUKIN|INTERFERON|LEUKOCYTE|MACROPHAGE|NEUTROPHIL|TNF|NFKB|TOLL_LIKE),PREDEFINED,67,True
Q5,GO_BP,GOBP_PRODUCTION_OF_MOLECULAR_MEDIATOR_OF_IMMUNE_RESPONSE,Production Of Molecular Mediator Of Immune Response,TERM_ID_REGEX:(?:IMMUN|INFLAMM|CYTOKINE(?:_|$)|INTERLEUKIN|INTERFERON|LEUKOCYTE|MACROPHAGE|NEUTROPHIL|TNF|NFKB|TOLL_LIKE),PREDEFINED,143,True
Q5,GO_BP,GOBP_PYROPTOTIC_INFLAMMATORY_RESPONSE,Pyroptotic Inflammatory Response,TERM_ID_REGEX:(?:IMMUN|INFLAMM|CYTOKINE(?:_|$)|INTERLEUKIN|INTERFERON|LEUKOCYTE|MACROPHAGE|NEUTROPHIL|TNF|NFKB|TOLL_LIKE),PREDEFINED,26,True
Q5,GO_BP,GOBP_REGULATION_OF_ACUTE_INFLAMMATORY_RESPONSE,Regulation Of Acute Inflammatory Response,TERM_ID_REGEX:(?:IMMUN|INFLAMM|CYTOKINE(?:_|$)|INTERLEUKIN|INTERFERON|LEUKOCYTE|MACROPHAGE|NEUTROPHIL|TNF|NFKB|TOLL_LIKE),PREDEFINED,21,True
Q5,GO_BP,GOBP_REGULATION_OF_ACUTE_INFLAMMATORY_RESPONSE_TO_ANTIGENIC_STIMULUS,Regulation Of Acute Inflammatory Response To Antigenic Stimulus,TERM_ID_REGEX:(?:IMMUN|INFLAMM|CYTOKINE(?:_|$)|INTERLEUKIN|INTERFERON|LEUKOCYTE|MACROPHAGE|NEUTROPHIL|TNF|NFKB|TOLL_LIKE),PREDEFINED,7,False
Q5,GO_BP,GOBP_REGULATION_OF_ADAPTIVE_IMMUNE_RESPONSE,Regulation Of Adaptive Immune Response,TERM_ID_REGEX:(?:IMMUN|INFLAMM|CYTOKINE(?:_|$)|INTERLEUKIN|INTERFERON|LEUKOCYTE|MACROPHAGE|NEUTROPHIL|TNF|NFKB|TOLL_LIKE),PREDEFINED,142,True
Q5,GO_BP,GOBP_REGULATION_OF_AIM2_INFLAMMASOME_COMPLEX_ASSEMBLY,Regulation Of Aim2 Inflammasome Complex Assembly,TERM_ID_REGEX:(?:IMMUN|INFLAMM|CYTOKINE(?:_|$)|INTERLEUKIN|INTERFERON|LEUKOCYTE|MACROPHAGE|NEUTROPHIL|TNF|NFKB|TOLL_LIKE),PREDEFINED,3,False
Q5,GO_BP,GOBP_REGULATION_OF_ANTIFUNGAL_INNATE_IMMUNE_RESPONSE,Regulation Of Antifungal Innate Immune Response,TERM_ID_REGEX:(?:IMMUN|INFLAMM|CYTOKINE(?:_|$)|INTERLEUKIN|INTERFERON|LEUKOCYTE|MACROPHAGE|NEUTROPHIL|TNF|NFKB|TOLL_LIKE),PREDEFINED,3,False
Q5,GO_BP,GOBP_REGULATION_OF_B_CELL_MEDIATED_IMMUNITY,Regulation Of B Cell Mediated Immunity,TERM_ID_REGEX:(?:IMMUN|INFLAMM|CYTOKINE(?:_|$)|INTERLEUKIN|INTERFERON|LEUKOCYTE|MACROPHAGE|NEUTROPHIL|TNF|NFKB|TOLL_LIKE),PREDEFINED,37,True
Q5,GO_BP,GOBP_REGULATION_OF_CHRONIC_INFLAMMATORY_RESPONSE,Regulation Of Chronic Inflammatory Response,TERM_ID_REGEX:(?:IMMUN|INFLAMM|CYTOKINE(?:_|$)|INTERLEUKIN|INTERFERON|LEUKOCYTE|MACROPHAGE|NEUTROPHIL|TNF|NFKB|TOLL_LIKE),PREDEFINED,3,False
Q5,GO_BP,GOBP_REGULATION_OF_HUMORAL_IMMUNE_RESPONSE,Regulation Of Humoral Immune Response,TERM_ID_REGEX:(?:IMMUN|INFLAMM|CYTOKINE(?:_|$)|INTERLEUKIN|INTERFERON|LEUKOCYTE|MACROPHAGE|NEUTROPHIL|TNF|NFKB|TOLL_LIKE),PREDEFINED,20,True
Q5,GO_BP,GOBP_REGULATION_OF_HUMORAL_IMMUNE_RESPONSE_MEDIATED_BY_CIRCULATING_IMMUNOGLOBULIN,Regulation Of Humoral Immune Response Mediated By Circulating Immunoglobulin,TERM_ID_REGEX:(?:IMMUN|INFLAMM|CYTOKINE(?:_|$)|INTERLEUKIN|INTERFERON|LEUKOCYTE|MACROPHAGE|NEUTROPHIL|TNF|NFKB|TOLL_LIKE),PREDEFINED,2,False
Q5,GO_BP,GOBP_REGULATION_OF_IMMUNE_EFFECTOR_PROCESS,Regulation Of Immune Effector Process,TERM_ID_REGEX:(?:IMMUN|INFLAMM|CYTOKINE(?:_|$)|INTERLEUKIN|INTERFERON|LEUKOCYTE|MACROPHAGE|NEUTROPHIL|TNF|NFKB|TOLL_LIKE),PREDEFINED,234,True
Q5,GO_BP,GOBP_REGULATION_OF_IMMUNE_RESPONSE,Regulation Of Immune Response,TERM_ID_REGEX:(?:IMMUN|INFLAMM|CYTOKINE(?:_|$)|INTERLEUKIN|INTERFERON|LEUKOCYTE|MACROPHAGE|NEUTROPHIL|TNF|NFKB|TOLL_LIKE),PREDEFINED,644,False
Q5,GO_BP,GOBP_REGULATION_OF_IMMUNE_SYSTEM_PROCESS,Regulation Of Immune System Process,TERM_ID_REGEX:(?:IMMUN|INFLAMM|CYTOKINE(?:_|$)|INTERLEUKIN|INTERFERON|LEUKOCYTE|MACROPHAGE|NEUTROPHIL|TNF|NFKB|TOLL_LIKE),PREDEFINED,1114,False
Q5,GO_BP,GOBP_REGULATION_OF_IMMUNOGLOBULIN_PRODUCTION,Regulation Of Immunoglobulin Production,TERM_ID_REGEX:(?:IMMUN|INFLAMM|CYTOKINE(?:_|$)|INTERLEUKIN|INTERFERON|LEUKOCYTE|MACROPHAGE|NEUTROPHIL|TNF|NFKB|TOLL_LIKE),PREDEFINED,51,True
Q5,GO_BP,GOBP_REGULATION_OF_INFLAMMASOME_MEDIATED_SIGNALING_PATHWAY,Regulation Of Inflammasome Mediated Signaling Pathway,TERM_ID_REGEX:(?:IMMUN|INFLAMM|CYTOKINE(?:_|$)|INTERLEUKIN|INTERFERON|LEUKOCYTE|MACROPHAGE|NEUTROPHIL|TNF|NFKB|TOLL_LIKE),PREDEFINED,41,True
Q5,GO_BP,GOBP_REGULATION_OF_INFLAMMATORY_RESPONSE,Regulation Of Inflammatory Response,TERM_ID_REGEX:(?:IMMUN|INFLAMM|CYTOKINE(?:_|$)|INTERLEUKIN|INTERFERON|LEUKOCYTE|MACROPHAGE|NEUTROPHIL|TNF|NFKB|TOLL_LIKE),PREDEFINED,282,True
Q5,GO_BP,GOBP_REGULATION_OF_INFLAMMATORY_RESPONSE_TO_ANTIGENIC_STIMULUS,Regulation Of Inflammatory Response To Antigenic Stimulus,TERM_ID_REGEX:(?:IMMUN|INFLAMM|CYTOKINE(?:_|$)|INTERLEUKIN|INTERFERON|LEUKOCYTE|MACROPHAGE|NEUTROPHIL|TNF|NFKB|TOLL_LIKE),PREDEFINED,28,True
Q5,GO_BP,GOBP_REGULATION_OF_INFLAMMATORY_RESPONSE_TO_WOUNDING,Regulation Of Inflammatory Response To Wounding,TERM_ID_REGEX:(?:IMMUN|INFLAMM|CYTOKINE(?:_|$)|INTERLEUKIN|INTERFERON|LEUKOCYTE|MACROPHAGE|NEUTROPHIL|TNF|NFKB|TOLL_LIKE),PREDEFINED,7,False
Q5,GO_BP,GOBP_REGULATION_OF_INNATE_IMMUNE_RESPONSE,Regulation Of Innate Immune Response,TERM_ID_REGEX:(?:IMMUN|INFLAMM|CYTOKINE(?:_|$)|INTERLEUKIN|INTERFERON|LEUKOCYTE|MACROPHAGE|NEUTROPHIL|TNF|NFKB|TOLL_LIKE),PREDEFINED,348,True
Q5,GO_BP,GOBP_REGULATION_OF_INTERLEUKIN_1_MEDIATED_SIGNALING_PATHWAY,Regulation Of Interleukin 1 Mediated Signaling Pathway,TERM_ID_REGEX:(?:IMMUN|INFLAMM|CYTOKINE(?:_|$)|INTERLEUKIN|INTERFERON|LEUKOCYTE|MACROPHAGE|NEUTROPHIL|TNF|NFKB|TOLL_LIKE),PREDEFINED,11,False
Q5,GO_BP,GOBP_REGULATION_OF_INTERLEUKIN_4_MEDIATED_SIGNALING_PATHWAY,Regulation Of Interleukin 4 Mediated Signaling Pathway,TERM_ID_REGEX:(?:IMMUN|INFLAMM|CYTOKINE(?:_|$)|INTERLEUKIN|INTERFERON|LEUKOCYTE|MACROPHAGE|NEUTROPHIL|TNF|NFKB|TOLL_LIKE),PREDEFINED,3,False
Q5,GO_BP,GOBP_REGULATION_OF_INTERLEUKIN_6_MEDIATED_SIGNALING_PATHWAY,Regulation Of Interleukin 6 Mediated Signaling Pathway,TERM_ID_REGEX:(?:IMMUN|INFLAMM|CYTOKINE(?:_|$)|INTERLEUKIN|INTERFERON|LEUKOCYTE|MACROPHAGE|NEUTROPHIL|TNF|NFKB|TOLL_LIKE),PREDEFINED,3,False
Q5,GO_BP,GOBP_REGULATION_OF_LEUKOCYTE_ADHESION_TO_VASCULAR_ENDOTHELIAL_CELL,Regulation Of Leukocyte Adhesion To Vascular Endothelial Cell,TERM_ID_REGEX:(?:IMMUN|INFLAMM|CYTOKINE(?:_|$)|INTERLEUKIN|INTERFERON|LEUKOCYTE|MACROPHAGE|NEUTROPHIL|TNF|NFKB|TOLL_LIKE),PREDEFINED,21,True
Q5,GO_BP,GOBP_REGULATION_OF_LEUKOCYTE_APOPTOTIC_PROCESS,Regulation Of Leukocyte Apoptotic Process,TERM_ID_REGEX:(?:IMMUN|INFLAMM|CYTOKINE(?:_|$)|INTERLEUKIN|INTERFERON|LEUKOCYTE|MACROPHAGE|NEUTROPHIL|TNF|NFKB|TOLL_LIKE),PREDEFINED,59,True
Q5,GO_BP,GOBP_REGULATION_OF_LEUKOCYTE_CHEMOTAXIS,Regulation Of Leukocyte Chemotaxis,TERM_ID_REGEX:(?:IMMUN|INFLAMM|CYTOKINE(?:_|$)|INTERLEUKIN|INTERFERON|LEUKOCYTE|MACROPHAGE|NEUTROPHIL|TNF|NFKB|TOLL_LIKE),PREDEFINED,84,True
Q5,GO_BP,GOBP_REGULATION_OF_LEUKOCYTE_DEGRANULATION,Regulation Of Leukocyte Degranulation,TERM_ID_REGEX:(?:IMMUN|INFLAMM|CYTOKINE(?:_|$)|INTERLEUKIN|INTERFERON|LEUKOCYTE|MACROPHAGE|NEUTROPHIL|TNF|NFKB|TOLL_LIKE),PREDEFINED,28,True
Q5,GO_BP,GOBP_REGULATION_OF_LEUKOCYTE_DIFFERENTIATION,Regulation Of Leukocyte Differentiation,TERM_ID_REGEX:(?:IMMUN|INFLAMM|CYTOKINE(?:_|$)|INTERLEUKIN|INTERFERON|LEUKOCYTE|MACROPHAGE|NEUTROPHIL|TNF|NFKB|TOLL_LIKE),PREDEFINED,241,True
Q5,GO_BP,GOBP_REGULATION_OF_LEUKOCYTE_MEDIATED_IMMUNITY,Regulation Of Leukocyte Mediated Immunity,TERM_ID_REGEX:(?:IMMUN|INFLAMM|CYTOKINE(?:_|$)|INTERLEUKIN|INTERFERON|LEUKOCYTE|MACROPHAGE|NEUTROPHIL|TNF|NFKB|TOLL_LIKE),PREDEFINED,149,True
Q5,GO_BP,GOBP_REGULATION_OF_LEUKOCYTE_MIGRATION,Regulation Of Leukocyte Migration,TERM_ID_REGEX:(?:IMMUN|INFLAMM|CYTOKINE(?:_|$)|INTERLEUKIN|INTERFERON|LEUKOCYTE|MACROPHAGE|NEUTROPHIL|TNF|NFKB|TOLL_LIKE),PREDEFINED,158,True
Q5,GO_BP,GOBP_REGULATION_OF_LEUKOCYTE_PROLIFERATION,Regulation Of Leukocyte Proliferation,TERM_ID_REGEX:(?:IMMUN|INFLAMM|CYTOKINE(?:_|$)|INTERLEUKIN|INTERFERON|LEUKOCYTE|MACROPHAGE|NEUTROPHIL|TNF|NFKB|TOLL_LIKE),PREDEFINED,156,True
Q5,GO_BP,GOBP_REGULATION_OF_LEUKOCYTE_TETHERING_OR_ROLLING,Regulation Of Leukocyte Tethering Or Rolling,TERM_ID_REGEX:(?:IMMUN|INFLAMM|CYTOKINE(?:_|$)|INTERLEUKIN|INTERFERON|LEUKOCYTE|MACROPHAGE|NEUTROPHIL|TNF|NFKB|TOLL_LIKE),PREDEFINED,8,False
Q5,GO_BP,GOBP_REGULATION_OF_LYMPHOCYTE_MEDIATED_IMMUNITY,Regulation Of Lymphocyte Mediated Immunity,TERM_ID_REGEX:(?:IMMUN|INFLAMM|CYTOKINE(?:_|$)|INTERLEUKIN|INTERFERON|LEUKOCYTE|MACROPHAGE|NEUTROPHIL|TNF|NFKB|TOLL_LIKE),PREDEFINED,112,True
Q5,GO_BP,GOBP_REGULATION_OF_MACROPHAGE_ACTIVATION,Regulation Of Macrophage Activation,TERM_ID_REGEX:(?:IMMUN|INFLAMM|CYTOKINE(?:_|$)|INTERLEUKIN|INTERFERON|LEUKOCYTE|MACROPHAGE|NEUTROPHIL|TNF|NFKB|TOLL_LIKE),PREDEFINED,39,True
Q5,GO_BP,GOBP_REGULATION_OF_MACROPHAGE_APOPTOTIC_PROCESS,Regulation Of Macrophage Apoptotic Process,TERM_ID_REGEX:(?:IMMUN|INFLAMM|CYTOKINE(?:_|$)|INTERLEUKIN|INTERFERON|LEUKOCYTE|MACROPHAGE|NEUTROPHIL|TNF|NFKB|TOLL_LIKE),PREDEFINED,5,False
Q5,GO_BP,GOBP_REGULATION_OF_MACROPHAGE_CHEMOTAXIS,Regulation Of Macrophage Chemotaxis,TERM_ID_REGEX:(?:IMMUN|INFLAMM|CYTOKINE(?:_|$)|INTERLEUKIN|INTERFERON|LEUKOCYTE|MACROPHAGE|NEUTROPHIL|TNF|NFKB|TOLL_LIKE),PREDEFINED,21,True
Q5,GO_BP,GOBP_REGULATION_OF_MACROPHAGE_DERIVED_FOAM_CELL_DIFFERENTIATION,Regulation Of Macrophage Derived Foam Cell Differentiation,TERM_ID_REGEX:(?:IMMUN|INFLAMM|CYTOKINE(?:_|$)|INTERLEUKIN|INTERFERON|LEUKOCYTE|MACROPHAGE|NEUTROPHIL|TNF|NFKB|TOLL_LIKE),PREDEFINED,19,True
Q5,GO_BP,GOBP_REGULATION_OF_MACROPHAGE_DIFFERENTIATION,Regulation Of Macrophage Differentiation,TERM_ID_REGEX:(?:IMMUN|INFLAMM|CYTOKINE(?:_|$)|INTERLEUKIN|INTERFERON|LEUKOCYTE|MACROPHAGE|NEUTROPHIL|TNF|NFKB|TOLL_LIKE),PREDEFINED,20,True
Q5,GO_BP,GOBP_REGULATION_OF_MACROPHAGE_FUSION,Regulation Of Macrophage Fusion,TERM_ID_REGEX:(?:IMMUN|INFLAMM|CYTOKINE(?:_|$)|INTERLEUKIN|INTERFERON|LEUKOCYTE|MACROPHAGE|NEUTROPHIL|TNF|NFKB|TOLL_LIKE),PREDEFINED,1,False
Q5,GO_BP,GOBP_REGULATION_OF_MACROPHAGE_MIGRATION,Regulation Of Macrophage Migration,TERM_ID_REGEX:(?:IMMUN|INFLAMM|CYTOKINE(?:_|$)|INTERLEUKIN|INTERFERON|LEUKOCYTE|MACROPHAGE|NEUTROPHIL|TNF|NFKB|TOLL_LIKE),PREDEFINED,29,True
Q5,GO_BP,GOBP_REGULATION_OF_MACROPHAGE_PROLIFERATION,Regulation Of Macrophage Proliferation,TERM_ID_REGEX:(?:IMMUN|INFLAMM|CYTOKINE(?:_|$)|INTERLEUKIN|INTERFERON|LEUKOCYTE|MACROPHAGE|NEUTROPHIL|TNF|NFKB|TOLL_LIKE),PREDEFINED,6,False
Q5,GO_BP,GOBP_REGULATION_OF_MAST_CELL_ACTIVATION_INVOLVED_IN_IMMUNE_RESPONSE,Regulation Of Mast Cell Activation Involved In Immune Response,TERM_ID_REGEX:(?:IMMUN|INFLAMM|CYTOKINE(?:_|$)|INTERLEUKIN|INTERFERON|LEUKOCYTE|MACROPHAGE|NEUTROPHIL|TNF|NFKB|TOLL_LIKE),PREDEFINED,2,False
Q5,GO_BP,GOBP_REGULATION_OF_MYD88_DEPENDENT_TOLL_LIKE_RECEPTOR_SIGNALING_PATHWAY,Regulation Of Myd88 Dependent Toll Like Receptor Signaling Pathway,TERM_ID_REGEX:(?:IMMUN|INFLAMM|CYTOKINE(?:_|$)|INTERLEUKIN|INTERFERON|LEUKOCYTE|MACROPHAGE|NEUTROPHIL|TNF|NFKB|TOLL_LIKE),PREDEFINED,3,False
Q5,GO_BP,GOBP_REGULATION_OF_MYELOID_LEUKOCYTE_DIFFERENTIATION,Regulation Of Myeloid Leukocyte Differentiation,TERM_ID_REGEX:(?:IMMUN|INFLAMM|CYTOKINE(?:_|$)|INTERLEUKIN|INTERFERON|LEUKOCYTE|MACROPHAGE|NEUTROPHIL|TNF|NFKB|TOLL_LIKE),PREDEFINED,90,True
Q5,GO_BP,GOBP_REGULATION_OF_MYELOID_LEUKOCYTE_MEDIATED_IMMUNITY,Regulation Of Myeloid Leukocyte Mediated Immunity,TERM_ID_REGEX:(?:IMMUN|INFLAMM|CYTOKINE(?:_|$)|INTERLEUKIN|INTERFERON|LEUKOCYTE|MACROPHAGE|NEUTROPHIL|TNF|NFKB|TOLL_LIKE),PREDEFINED,33,True
Q5,GO_BP,GOBP_REGULATION_OF_NATURAL_KILLER_CELL_MEDIATED_IMMUNE_RESPONSE_TO_TUMOR_CELL,Regulation Of Natural Killer Cell Mediated Immune Response To Tumor Cell,TERM_ID_REGEX:(?:IMMUN|INFLAMM|CYTOKINE(?:_|$)|INTERLEUKIN|INTERFERON|LEUKOCYTE|MACROPHAGE|NEUTROPHIL|TNF|NFKB|TOLL_LIKE),PREDEFINED,7,False
Q5,GO_BP,GOBP_REGULATION_OF_NATURAL_KILLER_CELL_MEDIATED_IMMUNITY,Regulation Of Natural Killer Cell Mediated Immunity,TERM_ID_REGEX:(?:IMMUN|INFLAMM|CYTOKINE(?:_|$)|INTERLEUKIN|INTERFERON|LEUKOCYTE|MACROPHAGE|NEUTROPHIL|TNF|NFKB|TOLL_LIKE),PREDEFINED,28,True
Q5,GO_BP,GOBP_REGULATION_OF_NEUROINFLAMMATORY_RESPONSE,Regulation Of Neuroinflammatory Response,TERM_ID_REGEX:(?:IMMUN|INFLAMM|CYTOKINE(?:_|$)|INTERLEUKIN|INTERFERON|LEUKOCYTE|MACROPHAGE|NEUTROPHIL|TNF|NFKB|TOLL_LIKE),PREDEFINED,24,True
Q5,GO_BP,GOBP_REGULATION_OF_NEUTROPHIL_ACTIVATION,Regulation Of Neutrophil Activation,TERM_ID_REGEX:(?:IMMUN|INFLAMM|CYTOKINE(?:_|$)|INTERLEUKIN|INTERFERON|LEUKOCYTE|MACROPHAGE|NEUTROPHIL|TNF|NFKB|TOLL_LIKE),PREDEFINED,5,False
Q5,GO_BP,GOBP_REGULATION_OF_NEUTROPHIL_CHEMOTAXIS,Regulation Of Neutrophil Chemotaxis,TERM_ID_REGEX:(?:IMMUN|INFLAMM|CYTOKINE(?:_|$)|INTERLEUKIN|INTERFERON|LEUKOCYTE|MACROPHAGE|NEUTROPHIL|TNF|NFKB|TOLL_LIKE),PREDEFINED,25,True
Q5,GO_BP,GOBP_REGULATION_OF_NEUTROPHIL_DEGRANULATION,Regulation Of Neutrophil Degranulation,TERM_ID_REGEX:(?:IMMUN|INFLAMM|CYTOKINE(?:_|$)|INTERLEUKIN|INTERFERON|LEUKOCYTE|MACROPHAGE|NEUTROPHIL|TNF|NFKB|TOLL_LIKE),PREDEFINED,1,False
Q5,GO_BP,GOBP_REGULATION_OF_NEUTROPHIL_EXTRAVASATION,Regulation Of Neutrophil Extravasation,TERM_ID_REGEX:(?:IMMUN|INFLAMM|CYTOKINE(?:_|$)|INTERLEUKIN|INTERFERON|LEUKOCYTE|MACROPHAGE|NEUTROPHIL|TNF|NFKB|TOLL_LIKE),PREDEFINED,7,False
Q5,GO_BP,GOBP_REGULATION_OF_NEUTROPHIL_MEDIATED_CYTOTOXICITY,Regulation Of Neutrophil Mediated Cytotoxicity,TERM_ID_REGEX:(?:IMMUN|INFLAMM|CYTOKINE(?:_|$)|INTERLEUKIN|INTERFERON|LEUKOCYTE|MACROPHAGE|NEUTROPHIL|TNF|NFKB|TOLL_LIKE),PREDEFINED,3,False
Q5,GO_BP,GOBP_REGULATION_OF_NEUTROPHIL_MIGRATION,Regulation Of Neutrophil Migration,TERM_ID_REGEX:(?:IMMUN|INFLAMM|CYTOKINE(?:_|$)|INTERLEUKIN|INTERFERON|LEUKOCYTE|MACROPHAGE|NEUTROPHIL|TNF|NFKB|TOLL_LIKE),PREDEFINED,34,True
Q5,GO_BP,GOBP_REGULATION_OF_PRODUCTION_OF_MOLECULAR_MEDIATOR_OF_IMMUNE_RESPONSE,Regulation Of Production Of Molecular Mediator Of Immune Response,TERM_ID_REGEX:(?:IMMUN|INFLAMM|CYTOKINE(?:_|$)|INTERLEUKIN|INTERFERON|LEUKOCYTE|MACROPHAGE|NEUTROPHIL|TNF|NFKB|TOLL_LIKE),PREDEFINED,113,True
Q5,GO_BP,GOBP_REGULATION_OF_RESPIRATORY_BURST_INVOLVED_IN_INFLAMMATORY_RESPONSE,Regulation Of Respiratory Burst Involved In Inflammatory Response,TERM_ID_REGEX:(?:IMMUN|INFLAMM|CYTOKINE(?:_|$)|INTERLEUKIN|INTERFERON|LEUKOCYTE|MACROPHAGE|NEUTROPHIL|TNF|NFKB|TOLL_LIKE),PREDEFINED,3,False
Q5,GO_BP,GOBP_REGULATION_OF_RESPONSE_TO_CYTOKINE_STIMULUS,Regulation Of Response To Cytokine Stimulus,TERM_ID_REGEX:(?:IMMUN|INFLAMM|CYTOKINE(?:_|$)|INTERLEUKIN|INTERFERON|LEUKOCYTE|MACROPHAGE|NEUTROPHIL|TNF|NFKB|TOLL_LIKE),PREDEFINED,157,True
Q5,GO_BP,GOBP_REGULATION_OF_RESPONSE_TO_MACROPHAGE_COLONY_STIMULATING_FACTOR,Regulation Of Response To Macrophage Colony Stimulating Factor,TERM_ID_REGEX:(?:IMMUN|INFLAMM|CYTOKINE(?:_|$)|INTERLEUKIN|INTERFERON|LEUKOCYTE|MACROPHAGE|NEUTROPHIL|TNF|NFKB|TOLL_LIKE),PREDEFINED,4,False
Q5,GO_BP,GOBP_REGULATION_OF_RESPONSE_TO_TYPE_II_INTERFERON,Regulation Of Response To Type Ii Interferon,TERM_ID_REGEX:(?:IMMUN|INFLAMM|CYTOKINE(?:_|$)|INTERLEUKIN|INTERFERON|LEUKOCYTE|MACROPHAGE|NEUTROPHIL|TNF|NFKB|TOLL_LIKE),PREDEFINED,11,False
Q5,GO_BP,GOBP_REGULATION_OF_TOLL_LIKE_RECEPTOR_2_SIGNALING_PATHWAY,Regulation Of Toll Like Receptor 2 Signaling Pathway,TERM_ID_REGEX:(?:IMMUN|INFLAMM|CYTOKINE(?:_|$)|INTERLEUKIN|INTERFERON|LEUKOCYTE|MACROPHAGE|NEUTROPHIL|TNF|NFKB|TOLL_LIKE),PREDEFINED,9,False
Q5,GO_BP,GOBP_REGULATION_OF_TOLL_LIKE_RECEPTOR_3_SIGNALING_PATHWAY,Regulation Of Toll Like Receptor 3 Signaling Pathway,TERM_ID_REGEX:(?:IMMUN|INFLAMM|CYTOKINE(?:_|$)|INTERLEUKIN|INTERFERON|LEUKOCYTE|MACROPHAGE|NEUTROPHIL|TNF|NFKB|TOLL_LIKE),PREDEFINED,11,False
Q5,GO_BP,GOBP_REGULATION_OF_TOLL_LIKE_RECEPTOR_4_SIGNALING_PATHWAY,Regulation Of Toll Like Receptor 4 Signaling Pathway,TERM_ID_REGEX:(?:IMMUN|INFLAMM|CYTOKINE(?:_|$)|INTERLEUKIN|INTERFERON|LEUKOCYTE|MACROPHAGE|NEUTROPHIL|TNF|NFKB|TOLL_LIKE),PREDEFINED,24,True
Q5,GO_BP,GOBP_REGULATION_OF_TOLL_LIKE_RECEPTOR_7_SIGNALING_PATHWAY,Regulation Of Toll Like Receptor 7 Signaling Pathway,TERM_ID_REGEX:(?:IMMUN|INFLAMM|CYTOKINE(?:_|$)|INTERLEUKIN|INTERFERON|LEUKOCYTE|MACROPHAGE|NEUTROPHIL|TNF|NFKB|TOLL_LIKE),PREDEFINED,2,False
Q5,GO_BP,GOBP_REGULATION_OF_TOLL_LIKE_RECEPTOR_9_SIGNALING_PATHWAY,Regulation Of Toll Like Receptor 9 Signaling Pathway,TERM_ID_REGEX:(?:IMMUN|INFLAMM|CYTOKINE(?:_|$)|INTERLEUKIN|INTERFERON|LEUKOCYTE|MACROPHAGE|NEUTROPHIL|TNF|NFKB|TOLL_LIKE),PREDEFINED,9,False
Q5,GO_BP,GOBP_REGULATION_OF_TOLL_LIKE_RECEPTOR_SIGNALING_PATHWAY,Regulation Of Toll Like Receptor Signaling Pathway,TERM_ID_REGEX:(?:IMMUN|INFLAMM|CYTOKINE(?:_|$)|INTERLEUKIN|INTERFERON|LEUKOCYTE|MACROPHAGE|NEUTROPHIL|TNF|NFKB|TOLL_LIKE),PREDEFINED,27,True
Q5,GO_BP,GOBP_REGULATION_OF_TYPE_2_IMMUNE_RESPONSE,Regulation Of Type 2 Immune Response,TERM_ID_REGEX:(?:IMMUN|INFLAMM|CYTOKINE(?:_|$)|INTERLEUKIN|INTERFERON|LEUKOCYTE|MACROPHAGE|NEUTROPHIL|TNF|NFKB|TOLL_LIKE),PREDEFINED,17,True
Q5,GO_BP,GOBP_REGULATION_OF_TYPE_I_INTERFERON_MEDIATED_SIGNALING_PATHWAY,Regulation Of Type I Interferon Mediated Signaling Pathway,TERM_ID_REGEX:(?:IMMUN|INFLAMM|CYTOKINE(?:_|$)|INTERLEUKIN|INTERFERON|LEUKOCYTE|MACROPHAGE|NEUTROPHIL|TNF|NFKB|TOLL_LIKE),PREDEFINED,38,True
Q5,GO_BP,GOBP_REGULATION_OF_T_CELL_MEDIATED_IMMUNITY,Regulation Of T Cell Mediated Immunity,TERM_ID_REGEX:(?:IMMUN|INFLAMM|CYTOKINE(?:_|$)|INTERLEUKIN|INTERFERON|LEUKOCYTE|MACROPHAGE|NEUTROPHIL|TNF|NFKB|TOLL_LIKE),PREDEFINED,63,True
Q5,GO_BP,GOBP_REGULATION_OF_T_HELPER_17_TYPE_IMMUNE_RESPONSE,Regulation Of T Helper 17 Type Immune Response,TERM_ID_REGEX:(?:IMMUN|INFLAMM|CYTOKINE(?:_|$)|INTERLEUKIN|INTERFERON|LEUKOCYTE|MACROPHAGE|NEUTROPHIL|TNF|NFKB|TOLL_LIKE),PREDEFINED,24,True
Q5,GO_BP,GOBP_REGULATION_OF_T_HELPER_1_TYPE_IMMUNE_RESPONSE,Regulation Of T Helper 1 Type Immune Response,TERM_ID_REGEX:(?:IMMUN|INFLAMM|CYTOKINE(?:_|$)|INTERLEUKIN|INTERFERON|LEUKOCYTE|MACROPHAGE|NEUTROPHIL|TNF|NFKB|TOLL_LIKE),PREDEFINED,21,True
Q5,GO_BP,GOBP_RESPIRATORY_BURST_INVOLVED_IN_INFLAMMATORY_RESPONSE,Respiratory Burst Involved In Inflammatory Response,TERM_ID_REGEX:(?:IMMUN|INFLAMM|CYTOKINE(?:_|$)|INTERLEUKIN|INTERFERON|LEUKOCYTE|MACROPHAGE|NEUTROPHIL|TNF|NFKB|TOLL_LIKE),PREDEFINED,5,False
Q5,GO_BP,GOBP_RESPONSE_TO_GRANULOCYTE_MACROPHAGE_COLONY_STIMULATING_FACTOR,Response To Granulocyte Macrophage Colony Stimulating Factor,TERM_ID_REGEX:(?:IMMUN|INFLAMM|CYTOKINE(?:_|$)|INTERLEUKIN|INTERFERON|LEUKOCYTE|MACROPHAGE|NEUTROPHIL|TNF|NFKB|TOLL_LIKE),PREDEFINED,8,False
Q5,GO_BP,GOBP_RESPONSE_TO_INTERFERON_ALPHA,Response To Interferon Alpha,TERM_ID_REGEX:(?:IMMUN|INFLAMM|CYTOKINE(?:_|$)|INTERLEUKIN|INTERFERON|LEUKOCYTE|MACROPHAGE|NEUTROPHIL|TNF|NFKB|TOLL_LIKE),PREDEFINED,16,True
Q5,GO_BP,GOBP_RESPONSE_TO_INTERFERON_BETA,Response To Interferon Beta,TERM_ID_REGEX:(?:IMMUN|INFLAMM|CYTOKINE(?:_|$)|INTERLEUKIN|INTERFERON|LEUKOCYTE|MACROPHAGE|NEUTROPHIL|TNF|NFKB|TOLL_LIKE),PREDEFINED,25,True
Q5,GO_BP,GOBP_RESPONSE_TO_INTERLEUKIN_1,Response To Interleukin 1,TERM_ID_REGEX:(?:IMMUN|INFLAMM|CYTOKINE(?:_|$)|INTERLEUKIN|INTERFERON|LEUKOCYTE|MACROPHAGE|NEUTROPHIL|TNF|NFKB|TOLL_LIKE),PREDEFINED,91,True
Q5,GO_BP,GOBP_RESPONSE_TO_INTERLEUKIN_12,Response To Interleukin 12,TERM_ID_REGEX:(?:IMMUN|INFLAMM|CYTOKINE(?:_|$)|INTERLEUKIN|INTERFERON|LEUKOCYTE|MACROPHAGE|NEUTROPHIL|TNF|NFKB|TOLL_LIKE),PREDEFINED,10,False
Q5,GO_BP,GOBP_RESPONSE_TO_INTERLEUKIN_13,Response To Interleukin 13,TERM_ID_REGEX:(?:IMMUN|INFLAMM|CYTOKINE(?:_|$)|INTERLEUKIN|INTERFERON|LEUKOCYTE|MACROPHAGE|NEUTROPHIL|TNF|NFKB|TOLL_LIKE),PREDEFINED,6,False
Q5,GO_BP,GOBP_RESPONSE_TO_INTERLEUKIN_15,Response To Interleukin 15,TERM_ID_REGEX:(?:IMMUN|INFLAMM|CYTOKINE(?:_|$)|INTERLEUKIN|INTERFERON|LEUKOCYTE|MACROPHAGE|NEUTROPHIL|TNF|NFKB|TOLL_LIKE),PREDEFINED,9,False
Q5,GO_BP,GOBP_RESPONSE_TO_INTERLEUKIN_17,Response To Interleukin 17,TERM_ID_REGEX:(?:IMMUN|INFLAMM|CYTOKINE(?:_|$)|INTERLEUKIN|INTERFERON|LEUKOCYTE|MACROPHAGE|NEUTROPHIL|TNF|NFKB|TOLL_LIKE),PREDEFINED,18,True
Q5,GO_BP,GOBP_RESPONSE_TO_INTERLEUKIN_18,Response To Interleukin 18,TERM_ID_REGEX:(?:IMMUN|INFLAMM|CYTOKINE(?:_|$)|INTERLEUKIN|INTERFERON|LEUKOCYTE|MACROPHAGE|NEUTROPHIL|TNF|NFKB|TOLL_LIKE),PREDEFINED,8,False
Q5,GO_BP,GOBP_RESPONSE_TO_INTERLEUKIN_2,Response To Interleukin 2,TERM_ID_REGEX:(?:IMMUN|INFLAMM|CYTOKINE(?:_|$)|INTERLEUKIN|INTERFERON|LEUKOCYTE|MACROPHAGE|NEUTROPHIL|TNF|NFKB|TOLL_LIKE),PREDEFINED,7,False
Q5,GO_BP,GOBP_RESPONSE_TO_INTERLEUKIN_3,Response To Interleukin 3,TERM_ID_REGEX:(?:IMMUN|INFLAMM|CYTOKINE(?:_|$)|INTERLEUKIN|INTERFERON|LEUKOCYTE|MACROPHAGE|NEUTROPHIL|TNF|NFKB|TOLL_LIKE),PREDEFINED,6,False
Q5,GO_BP,GOBP_RESPONSE_TO_INTERLEUKIN_4,Response To Interleukin 4,TERM_ID_REGEX:(?:IMMUN|INFLAMM|CYTOKINE(?:_|$)|INTERLEUKIN|INTERFERON|LEUKOCYTE|MACROPHAGE|NEUTROPHIL|TNF|NFKB|TOLL_LIKE),PREDEFINED,30,True
Q5,GO_BP,GOBP_RESPONSE_TO_INTERLEUKIN_6,Response To Interleukin 6,TERM_ID_REGEX:(?:IMMUN|INFLAMM|CYTOKINE(?:_|$)|INTERLEUKIN|INTERFERON|LEUKOCYTE|MACROPHAGE|NEUTROPHIL|TNF|NFKB|TOLL_LIKE),PREDEFINED,27,True
Q5,GO_BP,GOBP_RESPONSE_TO_INTERLEUKIN_7,Response To Interleukin 7,TERM_ID_REGEX:(?:IMMUN|INFLAMM|CYTOKINE(?:_|$)|INTERLEUKIN|INTERFERON|LEUKOCYTE|MACROPHAGE|NEUTROPHIL|TNF|NFKB|TOLL_LIKE),PREDEFINED,19,True
Q5,GO_BP,GOBP_RESPONSE_TO_INTERLEUKIN_9,Response To Interleukin 9,TERM_ID_REGEX:(?:IMMUN|INFLAMM|CYTOKINE(?:_|$)|INTERLEUKIN|INTERFERON|LEUKOCYTE|MACROPHAGE|NEUTROPHIL|TNF|NFKB|TOLL_LIKE),PREDEFINED,5,False
Q5,GO_BP,GOBP_RESPONSE_TO_MACROPHAGE_COLONY_STIMULATING_FACTOR,Response To Macrophage Colony Stimulating Factor,TERM_ID_REGEX:(?:IMMUN|INFLAMM|CYTOKINE(?:_|$)|INTERLEUKIN|INTERFERON|LEUKOCYTE|MACROPHAGE|NEUTROPHIL|TNF|NFKB|TOLL_LIKE),PREDEFINED,10,False
Q5,GO_BP,GOBP_RESPONSE_TO_TYPE_III_INTERFERON,Response To Type Iii Interferon,TERM_ID_REGEX:(?:IMMUN|INFLAMM|CYTOKINE(?:_|$)|INTERLEUKIN|INTERFERON|LEUKOCYTE|MACROPHAGE|NEUTROPHIL|TNF|NFKB|TOLL_LIKE),PREDEFINED,4,False
Q5,GO_BP,GOBP_RESPONSE_TO_TYPE_II_INTERFERON,Response To Type Ii Interferon,TERM_ID_REGEX:(?:IMMUN|INFLAMM|CYTOKINE(?:_|$)|INTERLEUKIN|INTERFERON|LEUKOCYTE|MACROPHAGE|NEUTROPHIL|TNF|NFKB|TOLL_LIKE),PREDEFINED,108,True
Q5,GO_BP,GOBP_RESPONSE_TO_TYPE_I_INTERFERON,Response To Type I Interferon,TERM_ID_REGEX:(?:IMMUN|INFLAMM|CYTOKINE(?:_|$)|INTERLEUKIN|INTERFERON|LEUKOCYTE|MACROPHAGE|NEUTROPHIL|TNF|NFKB|TOLL_LIKE),PREDEFINED,102,True
Q5,GO_BP,GOBP_SOMATIC_DIVERSIFICATION_OF_IMMUNE_RECEPTORS,Somatic Diversification Of Immune Receptors,TERM_ID_REGEX:(?:IMMUN|INFLAMM|CYTOKINE(?:_|$)|INTERLEUKIN|INTERFERON|LEUKOCYTE|MACROPHAGE|NEUTROPHIL|TNF|NFKB|TOLL_LIKE),PREDEFINED,68,True
Q5,GO_BP,GOBP_SOMATIC_DIVERSIFICATION_OF_IMMUNE_RECEPTORS_VIA_SOMATIC_MUTATION,Somatic Diversification Of Immune Receptors Via Somatic Mutation,TERM_ID_REGEX:(?:IMMUN|INFLAMM|CYTOKINE(?:_|$)|INTERLEUKIN|INTERFERON|LEUKOCYTE|MACROPHAGE|NEUTROPHIL|TNF|NFKB|TOLL_LIKE),PREDEFINED,15,True
Q5,GO_BP,GOBP_SOMATIC_DIVERSIFICATION_OF_IMMUNOGLOBULINS,Somatic Diversification Of Immunoglobulins,TERM_ID_REGEX:(?:IMMUN|INFLAMM|CYTOKINE(?:_|$)|INTERLEUKIN|INTERFERON|LEUKOCYTE|MACROPHAGE|NEUTROPHIL|TNF|NFKB|TOLL_LIKE),PREDEFINED,58,True
Q5,GO_BP,GOBP_TOLERANCE_INDUCTION_DEPENDENT_UPON_IMMUNE_RESPONSE,Tolerance Induction Dependent Upon Immune Response,TERM_ID_REGEX:(?:IMMUN|INFLAMM|CYTOKINE(?:_|$)|INTERLEUKIN|INTERFERON|LEUKOCYTE|MACROPHAGE|NEUTROPHIL|TNF|NFKB|TOLL_LIKE),PREDEFINED,5,False
Q5,GO_BP,GOBP_TOLL_LIKE_RECEPTOR_2_SIGNALING_PATHWAY,Toll Like Receptor 2 Signaling Pathway,TERM_ID_REGEX:(?:IMMUN|INFLAMM|CYTOKINE(?:_|$)|INTERLEUKIN|INTERFERON|LEUKOCYTE|MACROPHAGE|NEUTROPHIL|TNF|NFKB|TOLL_LIKE),PREDEFINED,14,False
Q5,GO_BP,GOBP_TOLL_LIKE_RECEPTOR_3_SIGNALING_PATHWAY,Toll Like Receptor 3 Signaling Pathway,TERM_ID_REGEX:(?:IMMUN|INFLAMM|CYTOKINE(?:_|$)|INTERLEUKIN|INTERFERON|LEUKOCYTE|MACROPHAGE|NEUTROPHIL|TNF|NFKB|TOLL_LIKE),PREDEFINED,22,True
Q5,GO_BP,GOBP_TOLL_LIKE_RECEPTOR_7_SIGNALING_PATHWAY,Toll Like Receptor 7 Signaling Pathway,TERM_ID_REGEX:(?:IMMUN|INFLAMM|CYTOKINE(?:_|$)|INTERLEUKIN|INTERFERON|LEUKOCYTE|MACROPHAGE|NEUTROPHIL|TNF|NFKB|TOLL_LIKE),PREDEFINED,3,False
Q5,GO_BP,GOBP_TOLL_LIKE_RECEPTOR_8_SIGNALING_PATHWAY,Toll Like Receptor 8 Signaling Pathway,TERM_ID_REGEX:(?:IMMUN|INFLAMM|CYTOKINE(?:_|$)|INTERLEUKIN|INTERFERON|LEUKOCYTE|MACROPHAGE|NEUTROPHIL|TNF|NFKB|TOLL_LIKE),PREDEFINED,3,False
Q5,GO_BP,GOBP_TOLL_LIKE_RECEPTOR_9_SIGNALING_PATHWAY,Toll Like Receptor 9 Signaling Pathway,TERM_ID_REGEX:(?:IMMUN|INFLAMM|CYTOKINE(?:_|$)|INTERLEUKIN|INTERFERON|LEUKOCYTE|MACROPHAGE|NEUTROPHIL|TNF|NFKB|TOLL_LIKE),PREDEFINED,14,False
Q5,GO_BP,GOBP_TOLL_LIKE_RECEPTOR_SIGNALING_PATHWAY,Toll Like Receptor Signaling Pathway,TERM_ID_REGEX:(?:IMMUN|INFLAMM|CYTOKINE(?:_|$)|INTERLEUKIN|INTERFERON|LEUKOCYTE|MACROPHAGE|NEUTROPHIL|TNF|NFKB|TOLL_LIKE),PREDEFINED,59,True
Q5,GO_BP,GOBP_TRIF_DEPENDENT_TOLL_LIKE_RECEPTOR_SIGNALING_PATHWAY,Trif Dependent Toll Like Receptor Signaling Pathway,TERM_ID_REGEX:(?:IMMUN|INFLAMM|CYTOKINE(?:_|$)|INTERLEUKIN|INTERFERON|LEUKOCYTE|MACROPHAGE|NEUTROPHIL|TNF|NFKB|TOLL_LIKE),PREDEFINED,9,False
Q5,GO_BP,GOBP_TUMOR_NECROSIS_FACTOR_SUPERFAMILY_CYTOKINE_PRODUCTION,Tumor Necrosis Factor Superfamily Cytokine Production,TERM_ID_REGEX:(?:IMMUN|INFLAMM|CYTOKINE(?:_|$)|INTERLEUKIN|INTERFERON|LEUKOCYTE|MACROPHAGE|NEUTROPHIL|TNF|NFKB|TOLL_LIKE),PREDEFINED,125,True
Q5,GO_BP,GOBP_TYPE_2_IMMUNE_RESPONSE,Type 2 Immune Response,TERM_ID_REGEX:(?:IMMUN|INFLAMM|CYTOKINE(?:_|$)|INTERLEUKIN|INTERFERON|LEUKOCYTE|MACROPHAGE|NEUTROPHIL|TNF|NFKB|TOLL_LIKE),PREDEFINED,23,True
Q5,GO_BP,GOBP_TYPE_III_INTERFERON_PRODUCTION,Type Iii Interferon Production,TERM_ID_REGEX:(?:IMMUN|INFLAMM|CYTOKINE(?:_|$)|INTERLEUKIN|INTERFERON|LEUKOCYTE|MACROPHAGE|NEUTROPHIL|TNF|NFKB|TOLL_LIKE),PREDEFINED,3,False
Q5,GO_BP,GOBP_TYPE_II_INTERFERON_MEDIATED_SIGNALING_PATHWAY,Type Ii Interferon Mediated Signaling Pathway,TERM_ID_REGEX:(?:IMMUN|INFLAMM|CYTOKINE(?:_|$)|INTERLEUKIN|INTERFERON|LEUKOCYTE|MACROPHAGE|NEUTROPHIL|TNF|NFKB|TOLL_LIKE),PREDEFINED,22,True
Q5,GO_BP,GOBP_TYPE_II_INTERFERON_PRODUCTION,Type Ii Interferon Production,TERM_ID_REGEX:(?:IMMUN|INFLAMM|CYTOKINE(?:_|$)|INTERLEUKIN|INTERFERON|LEUKOCYTE|MACROPHAGE|NEUTROPHIL|TNF|NFKB|TOLL_LIKE),PREDEFINED,82,True
Q5,GO_BP,GOBP_TYPE_I_INTERFERON_MEDIATED_SIGNALING_PATHWAY,Type I Interferon Mediated Signaling Pathway,TERM_ID_REGEX:(?:IMMUN|INFLAMM|CYTOKINE(?:_|$)|INTERLEUKIN|INTERFERON|LEUKOCYTE|MACROPHAGE|NEUTROPHIL|TNF|NFKB|TOLL_LIKE),PREDEFINED,61,True
Q5,GO_BP,GOBP_TYPE_I_INTERFERON_PRODUCTION,Type I Interferon Production,TERM_ID_REGEX:(?:IMMUN|INFLAMM|CYTOKINE(?:_|$)|INTERLEUKIN|INTERFERON|LEUKOCYTE|MACROPHAGE|NEUTROPHIL|TNF|NFKB|TOLL_LIKE),PREDEFINED,111,True
Q5,GO_BP,GOBP_T_CELL_ACTIVATION_INVOLVED_IN_IMMUNE_RESPONSE,T Cell Activation Involved In Immune Response,TERM_ID_REGEX:(?:IMMUN|INFLAMM|CYTOKINE(?:_|$)|INTERLEUKIN|INTERFERON|LEUKOCYTE|MACROPHAGE|NEUTROPHIL|TNF|NFKB|TOLL_LIKE),PREDEFINED,91,True
Q5,GO_BP,GOBP_T_CELL_CYTOKINE_PRODUCTION,T Cell Cytokine Production,TERM_ID_REGEX:(?:IMMUN|INFLAMM|CYTOKINE(?:_|$)|INTERLEUKIN|INTERFERON|LEUKOCYTE|MACROPHAGE|NEUTROPHIL|TNF|NFKB|TOLL_LIKE),PREDEFINED,25,True
Q5,GO_BP,GOBP_T_CELL_DIFFERENTIATION_INVOLVED_IN_IMMUNE_RESPONSE,T Cell Differentiation Involved In Immune Response,TERM_ID_REGEX:(?:IMMUN|INFLAMM|CYTOKINE(?:_|$)|INTERLEUKIN|INTERFERON|LEUKOCYTE|MACROPHAGE|NEUTROPHIL|TNF|NFKB|TOLL_LIKE),PREDEFINED,75,True
Q5,GO_BP,GOBP_T_CELL_MEDIATED_IMMUNE_RESPONSE_TO_TUMOR_CELL,T Cell Mediated Immune Response To Tumor Cell,TERM_ID_REGEX:(?:IMMUN|INFLAMM|CYTOKINE(?:_|$)|INTERLEUKIN|INTERFERON|LEUKOCYTE|MACROPHAGE|NEUTROPHIL|TNF|NFKB|TOLL_LIKE),PREDEFINED,15,True
Q5,GO_BP,GOBP_T_CELL_MEDIATED_IMMUNITY,T Cell Mediated Immunity,TERM_ID_REGEX:(?:IMMUN|INFLAMM|CYTOKINE(?:_|$)|INTERLEUKIN|INTERFERON|LEUKOCYTE|MACROPHAGE|NEUTROPHIL|TNF|NFKB|TOLL_LIKE),PREDEFINED,82,True
Q5,GO_BP,GOBP_T_HELPER_17_TYPE_IMMUNE_RESPONSE,T Helper 17 Type Immune Response,TERM_ID_REGEX:(?:IMMUN|INFLAMM|CYTOKINE(?:_|$)|INTERLEUKIN|INTERFERON|LEUKOCYTE|MACROPHAGE|NEUTROPHIL|TNF|NFKB|TOLL_LIKE),PREDEFINED,52,True
Q5,GO_BP,GOBP_T_HELPER_1_CELL_CYTOKINE_PRODUCTION,T Helper 1 Cell Cytokine Production,TERM_ID_REGEX:(?:IMMUN|INFLAMM|CYTOKINE(?:_|$)|INTERLEUKIN|INTERFERON|LEUKOCYTE|MACROPHAGE|NEUTROPHIL|TNF|NFKB|TOLL_LIKE),PREDEFINED,4,False
Q5,GO_BP,GOBP_T_HELPER_1_TYPE_IMMUNE_RESPONSE,T Helper 1 Type Immune Response,TERM_ID_REGEX:(?:IMMUN|INFLAMM|CYTOKINE(?:_|$)|INTERLEUKIN|INTERFERON|LEUKOCYTE|MACROPHAGE|NEUTROPHIL|TNF|NFKB|TOLL_LIKE),PREDEFINED,49,True
Q5,GO_BP,GOBP_T_HELPER_2_CELL_CYTOKINE_PRODUCTION,T Helper 2 Cell Cytokine Production,TERM_ID_REGEX:(?:IMMUN|INFLAMM|CYTOKINE(?:_|$)|INTERLEUKIN|INTERFERON|LEUKOCYTE|MACROPHAGE|NEUTROPHIL|TNF|NFKB|TOLL_LIKE),PREDEFINED,4,False
Q5,GO_BP,GOBP_WOUND_HEALING_INVOLVED_IN_INFLAMMATORY_RESPONSE,Wound Healing Involved In Inflammatory Response,TERM_ID_REGEX:(?:IMMUN|INFLAMM|CYTOKINE(?:_|$)|INTERLEUKIN|INTERFERON|LEUKOCYTE|MACROPHAGE|NEUTROPHIL|TNF|NFKB|TOLL_LIKE),PREDEFINED,9,False
Q5,Hallmark,HALLMARK_ALLOGRAFT_REJECTION,Allograft Rejection,EXACT_ID:HALLMARK_ALLOGRAFT_REJECTION,PREDEFINED,109,True
Q5,Hallmark,HALLMARK_COMPLEMENT,Complement,EXACT_ID:HALLMARK_COMPLEMENT,PREDEFINED,149,True
Q5,Hallmark,HALLMARK_IL2_STAT5_SIGNALING,Il2 Stat5 Signaling,EXACT_ID:HALLMARK_IL2_STAT5_SIGNALING,PREDEFINED,158,True
Q5,Hallmark,HALLMARK_IL6_JAK_STAT3_SIGNALING,Il6 Jak Stat3 Signaling,EXACT_ID:HALLMARK_IL6_JAK_STAT3_SIGNALING,PREDEFINED,65,True
Q5,Hallmark,HALLMARK_INFLAMMATORY_RESPONSE,Inflammatory Response,EXACT_ID:HALLMARK_INFLAMMATORY_RESPONSE,PREDEFINED,136,True
Q5,Hallmark,HALLMARK_INTERFERON_ALPHA_RESPONSE,Interferon Alpha Response,EXACT_ID:HALLMARK_INTERFERON_ALPHA_RESPONSE,PREDEFINED,89,True
Q5,Hallmark,HALLMARK_INTERFERON_GAMMA_RESPONSE,Interferon Gamma Response,EXACT_ID:HALLMARK_INTERFERON_GAMMA_RESPONSE,PREDEFINED,160,True
Q5,Hallmark,HALLMARK_TNFA_SIGNALING_VIA_NFKB,Tnfa Signaling Via Nfkb,EXACT_ID:HALLMARK_TNFA_SIGNALING_VIA_NFKB,PREDEFINED,179,True
Q5,Reactome,REACTOME_ADAPTIVE_IMMUNE_SYSTEM,Adaptive Immune System,TERM_ID_REGEX:(?:IMMUN|INFLAMM|CYTOKINE(?:_|$)|INTERLEUKIN|INTERFERON|LEUKOCYTE|MACROPHAGE|NEUTROPHIL|TNF|NFKB|TOLL_LIKE),PREDEFINED,654,False
Q5,Reactome,REACTOME_ADORA2B_MEDIATED_ANTI_INFLAMMATORY_CYTOKINES_PRODUCTION,Adora2B Mediated Anti Inflammatory Cytokines Production,TERM_ID_REGEX:(?:IMMUN|INFLAMM|CYTOKINE(?:_|$)|INTERLEUKIN|INTERFERON|LEUKOCYTE|MACROPHAGE|NEUTROPHIL|TNF|NFKB|TOLL_LIKE),PREDEFINED,32,True
Q5,Reactome,REACTOME_ANTI_INFLAMMATORY_RESPONSE_FAVOURING_LEISHMANIA_PARASITE_INFECTION,Anti Inflammatory Response Favouring Leishmania Parasite Infection,TERM_ID_REGEX:(?:IMMUN|INFLAMM|CYTOKINE(?:_|$)|INTERLEUKIN|INTERFERON|LEUKOCYTE|MACROPHAGE|NEUTROPHIL|TNF|NFKB|TOLL_LIKE),PREDEFINED,52,True
Q5,Reactome,REACTOME_CASP4_INFLAMMASOME_ASSEMBLY,Casp4 Inflammasome Assembly,TERM_ID_REGEX:(?:IMMUN|INFLAMM|CYTOKINE(?:_|$)|INTERLEUKIN|INTERFERON|LEUKOCYTE|MACROPHAGE|NEUTROPHIL|TNF|NFKB|TOLL_LIKE),PREDEFINED,9,False
Q5,Reactome,REACTOME_CD163_MEDIATING_AN_ANTI_INFLAMMATORY_RESPONSE,Cd163 Mediating An Anti Inflammatory Response,TERM_ID_REGEX:(?:IMMUN|INFLAMM|CYTOKINE(?:_|$)|INTERLEUKIN|INTERFERON|LEUKOCYTE|MACROPHAGE|NEUTROPHIL|TNF|NFKB|TOLL_LIKE),PREDEFINED,7,False
Q5,Reactome,REACTOME_CLEC7A_INFLAMMASOME_PATHWAY,Clec7A Inflammasome Pathway,TERM_ID_REGEX:(?:IMMUN|INFLAMM|CYTOKINE(?:_|$)|INTERLEUKIN|INTERFERON|LEUKOCYTE|MACROPHAGE|NEUTROPHIL|TNF|NFKB|TOLL_LIKE),PREDEFINED,6,False
Q5,Reactome,REACTOME_CYTOKINE_SIGNALING_IN_IMMUNE_SYSTEM,Cytokine Signaling In Immune System,TERM_ID_REGEX:(?:IMMUN|INFLAMM|CYTOKINE(?:_|$)|INTERLEUKIN|INTERFERON|LEUKOCYTE|MACROPHAGE|NEUTROPHIL|TNF|NFKB|TOLL_LIKE),PREDEFINED,581,False
Q5,Reactome,REACTOME_DDX58_IFIH1_MEDIATED_INDUCTION_OF_INTERFERON_ALPHA_BETA,Ddx58 Ifih1 Mediated Induction Of Interferon Alpha Beta,TERM_ID_REGEX:(?:IMMUN|INFLAMM|CYTOKINE(?:_|$)|INTERLEUKIN|INTERFERON|LEUKOCYTE|MACROPHAGE|NEUTROPHIL|TNF|NFKB|TOLL_LIKE),PREDEFINED,63,True
Q5,Reactome,REACTOME_DENGUE_VIRUS_ACTIVATES_MODULATES_INNATE_AND_ADAPTIVE_IMMUNE_RESPONSES,Dengue Virus Activates Modulates Innate And Adaptive Immune Responses,TERM_ID_REGEX:(?:IMMUN|INFLAMM|CYTOKINE(?:_|$)|INTERLEUKIN|INTERFERON|LEUKOCYTE|MACROPHAGE|NEUTROPHIL|TNF|NFKB|TOLL_LIKE),PREDEFINED,22,True
Q5,Reactome,REACTOME_DEX_H_BOX_HELICASES_ACTIVATE_TYPE_I_IFN_AND_INFLAMMATORY_CYTOKINES_PRODUCTION,Dex H Box Helicases Activate Type I Ifn And Inflammatory Cytokines Production,TERM_ID_REGEX:(?:IMMUN|INFLAMM|CYTOKINE(?:_|$)|INTERLEUKIN|INTERFERON|LEUKOCYTE|MACROPHAGE|NEUTROPHIL|TNF|NFKB|TOLL_LIKE),PREDEFINED,7,False
Q5,Reactome,REACTOME_DISEASES_OF_IMMUNE_SYSTEM,Diseases Of Immune System,TERM_ID_REGEX:(?:IMMUN|INFLAMM|CYTOKINE(?:_|$)|INTERLEUKIN|INTERFERON|LEUKOCYTE|MACROPHAGE|NEUTROPHIL|TNF|NFKB|TOLL_LIKE),PREDEFINED,22,True
Q5,Reactome,REACTOME_EVASION_BY_RSV_OF_HOST_INTERFERON_RESPONSES,Evasion By Rsv Of Host Interferon Responses,TERM_ID_REGEX:(?:IMMUN|INFLAMM|CYTOKINE(?:_|$)|INTERLEUKIN|INTERFERON|LEUKOCYTE|MACROPHAGE|NEUTROPHIL|TNF|NFKB|TOLL_LIKE),PREDEFINED,20,True
Q5,Reactome,REACTOME_GENE_AND_PROTEIN_EXPRESSION_BY_JAK_STAT_SIGNALING_AFTER_INTERLEUKIN_12_STIMULATION,Gene And Protein Expression By Jak Stat Signaling After Interleukin 12 Stimulation,TERM_ID_REGEX:(?:IMMUN|INFLAMM|CYTOKINE(?:_|$)|INTERLEUKIN|INTERFERON|LEUKOCYTE|MACROPHAGE|NEUTROPHIL|TNF|NFKB|TOLL_LIKE),PREDEFINED,31,True
Q5,Reactome,REACTOME_IL_6_TYPE_CYTOKINE_RECEPTOR_LIGAND_INTERACTIONS,Il 6 Type Cytokine Receptor Ligand Interactions,TERM_ID_REGEX:(?:IMMUN|INFLAMM|CYTOKINE(?:_|$)|INTERLEUKIN|INTERFERON|LEUKOCYTE|MACROPHAGE|NEUTROPHIL|TNF|NFKB|TOLL_LIKE),PREDEFINED,14,False
Q5,Reactome,REACTOME_IMMUNOREGULATORY_INTERACTIONS_BETWEEN_A_LYMPHOID_AND_A_NON_LYMPHOID_CELL,Immunoregulatory Interactions Between A Lymphoid And A Non Lymphoid Cell,TERM_ID_REGEX:(?:IMMUN|INFLAMM|CYTOKINE(?:_|$)|INTERLEUKIN|INTERFERON|LEUKOCYTE|MACROPHAGE|NEUTROPHIL|TNF|NFKB|TOLL_LIKE),PREDEFINED,41,True
Q5,Reactome,REACTOME_INFLAMMASOMES,Inflammasomes,TERM_ID_REGEX:(?:IMMUN|INFLAMM|CYTOKINE(?:_|$)|INTERLEUKIN|INTERFERON|LEUKOCYTE|MACROPHAGE|NEUTROPHIL|TNF|NFKB|TOLL_LIKE),PREDEFINED,16,True
Q5,Reactome,REACTOME_INNATE_IMMUNE_SYSTEM,Innate Immune System,TERM_ID_REGEX:(?:IMMUN|INFLAMM|CYTOKINE(?:_|$)|INTERLEUKIN|INTERFERON|LEUKOCYTE|MACROPHAGE|NEUTROPHIL|TNF|NFKB|TOLL_LIKE),PREDEFINED,720,False
Q5,Reactome,REACTOME_INTERFERON_ALPHA_BETA_SIGNALING,Interferon Alpha Beta Signaling,TERM_ID_REGEX:(?:IMMUN|INFLAMM|CYTOKINE(?:_|$)|INTERLEUKIN|INTERFERON|LEUKOCYTE|MACROPHAGE|NEUTROPHIL|TNF|NFKB|TOLL_LIKE),PREDEFINED,57,True
Q5,Reactome,REACTOME_INTERFERON_GAMMA_SIGNALING,Interferon Gamma Signaling,TERM_ID_REGEX:(?:IMMUN|INFLAMM|CYTOKINE(?:_|$)|INTERLEUKIN|INTERFERON|LEUKOCYTE|MACROPHAGE|NEUTROPHIL|TNF|NFKB|TOLL_LIKE),PREDEFINED,69,True
Q5,Reactome,REACTOME_INTERFERON_SIGNALING,Interferon Signaling,TERM_ID_REGEX:(?:IMMUN|INFLAMM|CYTOKINE(?:_|$)|INTERLEUKIN|INTERFERON|LEUKOCYTE|MACROPHAGE|NEUTROPHIL|TNF|NFKB|TOLL_LIKE),PREDEFINED,232,True
Q5,Reactome,REACTOME_INTERLEUKIN_10_SIGNALING,Interleukin 10 Signaling,TERM_ID_REGEX:(?:IMMUN|INFLAMM|CYTOKINE(?:_|$)|INTERLEUKIN|INTERFERON|LEUKOCYTE|MACROPHAGE|NEUTROPHIL|TNF|NFKB|TOLL_LIKE),PREDEFINED,23,True
Q5,Reactome,REACTOME_INTERLEUKIN_12_FAMILY_SIGNALING,Interleukin 12 Family Signaling,TERM_ID_REGEX:(?:IMMUN|INFLAMM|CYTOKINE(?:_|$)|INTERLEUKIN|INTERFERON|LEUKOCYTE|MACROPHAGE|NEUTROPHIL|TNF|NFKB|TOLL_LIKE),PREDEFINED,45,True
Q5,Reactome,REACTOME_INTERLEUKIN_12_SIGNALING,Interleukin 12 Signaling,TERM_ID_REGEX:(?:IMMUN|INFLAMM|CYTOKINE(?:_|$)|INTERLEUKIN|INTERFERON|LEUKOCYTE|MACROPHAGE|NEUTROPHIL|TNF|NFKB|TOLL_LIKE),PREDEFINED,37,True
Q5,Reactome,REACTOME_INTERLEUKIN_15_SIGNALING,Interleukin 15 Signaling,TERM_ID_REGEX:(?:IMMUN|INFLAMM|CYTOKINE(?:_|$)|INTERLEUKIN|INTERFERON|LEUKOCYTE|MACROPHAGE|NEUTROPHIL|TNF|NFKB|TOLL_LIKE),PREDEFINED,12,False
Q5,Reactome,REACTOME_INTERLEUKIN_17_SIGNALING,Interleukin 17 Signaling,TERM_ID_REGEX:(?:IMMUN|INFLAMM|CYTOKINE(?:_|$)|INTERLEUKIN|INTERFERON|LEUKOCYTE|MACROPHAGE|NEUTROPHIL|TNF|NFKB|TOLL_LIKE),PREDEFINED,66,True
Q5,Reactome,REACTOME_INTERLEUKIN_18_SIGNALING,Interleukin 18 Signaling,TERM_ID_REGEX:(?:IMMUN|INFLAMM|CYTOKINE(?:_|$)|INTERLEUKIN|INTERFERON|LEUKOCYTE|MACROPHAGE|NEUTROPHIL|TNF|NFKB|TOLL_LIKE),PREDEFINED,2,False
Q5,Reactome,REACTOME_INTERLEUKIN_1_FAMILY_SIGNALING,Interleukin 1 Family Signaling,TERM_ID_REGEX:(?:IMMUN|INFLAMM|CYTOKINE(?:_|$)|INTERLEUKIN|INTERFERON|LEUKOCYTE|MACROPHAGE|NEUTROPHIL|TNF|NFKB|TOLL_LIKE),PREDEFINED,117,True
Q5,Reactome,REACTOME_INTERLEUKIN_1_PROCESSING,Interleukin 1 Processing,TERM_ID_REGEX:(?:IMMUN|INFLAMM|CYTOKINE(?:_|$)|INTERLEUKIN|INTERFERON|LEUKOCYTE|MACROPHAGE|NEUTROPHIL|TNF|NFKB|TOLL_LIKE),PREDEFINED,6,False
Q5,Reactome,REACTOME_INTERLEUKIN_1_SIGNALING,Interleukin 1 Signaling,TERM_ID_REGEX:(?:IMMUN|INFLAMM|CYTOKINE(?:_|$)|INTERLEUKIN|INTERFERON|LEUKOCYTE|MACROPHAGE|NEUTROPHIL|TNF|NFKB|TOLL_LIKE),PREDEFINED,96,True
Q5,Reactome,REACTOME_INTERLEUKIN_20_FAMILY_SIGNALING,Interleukin 20 Family Signaling,TERM_ID_REGEX:(?:IMMUN|INFLAMM|CYTOKINE(?:_|$)|INTERLEUKIN|INTERFERON|LEUKOCYTE|MACROPHAGE|NEUTROPHIL|TNF|NFKB|TOLL_LIKE),PREDEFINED,14,False
Q5,Reactome,REACTOME_INTERLEUKIN_21_SIGNALING,Interleukin 21 Signaling,TERM_ID_REGEX:(?:IMMUN|INFLAMM|CYTOKINE(?:_|$)|INTERLEUKIN|INTERFERON|LEUKOCYTE|MACROPHAGE|NEUTROPHIL|TNF|NFKB|TOLL_LIKE),PREDEFINED,8,False
Q5,Reactome,REACTOME_INTERLEUKIN_23_SIGNALING,Interleukin 23 Signaling,TERM_ID_REGEX:(?:IMMUN|INFLAMM|CYTOKINE(?:_|$)|INTERLEUKIN|INTERFERON|LEUKOCYTE|MACROPHAGE|NEUTROPHIL|TNF|NFKB|TOLL_LIKE),PREDEFINED,6,False
Q5,Reactome,REACTOME_INTERLEUKIN_27_SIGNALING,Interleukin 27 Signaling,TERM_ID_REGEX:(?:IMMUN|INFLAMM|CYTOKINE(?:_|$)|INTERLEUKIN|INTERFERON|LEUKOCYTE|MACROPHAGE|NEUTROPHIL|TNF|NFKB|TOLL_LIKE),PREDEFINED,10,False
Q5,Reactome,REACTOME_INTERLEUKIN_2_FAMILY_SIGNALING,Interleukin 2 Family Signaling,TERM_ID_REGEX:(?:IMMUN|INFLAMM|CYTOKINE(?:_|$)|INTERLEUKIN|INTERFERON|LEUKOCYTE|MACROPHAGE|NEUTROPHIL|TNF|NFKB|TOLL_LIKE),PREDEFINED,26,True
Q5,Reactome,REACTOME_INTERLEUKIN_2_SIGNALING,Interleukin 2 Signaling,TERM_ID_REGEX:(?:IMMUN|INFLAMM|CYTOKINE(?:_|$)|INTERLEUKIN|INTERFERON|LEUKOCYTE|MACROPHAGE|NEUTROPHIL|TNF|NFKB|TOLL_LIKE),PREDEFINED,6,False
Q5,Reactome,REACTOME_INTERLEUKIN_35_SIGNALLING,Interleukin 35 Signalling,TERM_ID_REGEX:(?:IMMUN|INFLAMM|CYTOKINE(?:_|$)|INTERLEUKIN|INTERFERON|LEUKOCYTE|MACROPHAGE|NEUTROPHIL|TNF|NFKB|TOLL_LIKE),PREDEFINED,11,False
Q5,Reactome,REACTOME_INTERLEUKIN_36_PATHWAY,Interleukin 36 Pathway,TERM_ID_REGEX:(?:IMMUN|INFLAMM|CYTOKINE(?:_|$)|INTERLEUKIN|INTERFERON|LEUKOCYTE|MACROPHAGE|NEUTROPHIL|TNF|NFKB|TOLL_LIKE),PREDEFINED,2,False
Q5,Reactome,REACTOME_INTERLEUKIN_37_SIGNALING,Interleukin 37 Signaling,TERM_ID_REGEX:(?:IMMUN|INFLAMM|CYTOKINE(?:_|$)|INTERLEUKIN|INTERFERON|LEUKOCYTE|MACROPHAGE|NEUTROPHIL|TNF|NFKB|TOLL_LIKE),PREDEFINED,17,True
Q5,Reactome,REACTOME_INTERLEUKIN_3_INTERLEUKIN_5_AND_GM_CSF_SIGNALING,Interleukin 3 Interleukin 5 And Gm Csf Signaling,TERM_ID_REGEX:(?:IMMUN|INFLAMM|CYTOKINE(?:_|$)|INTERLEUKIN|INTERFERON|LEUKOCYTE|MACROPHAGE|NEUTROPHIL|TNF|NFKB|TOLL_LIKE),PREDEFINED,32,True
Q5,Reactome,REACTOME_INTERLEUKIN_4_AND_INTERLEUKIN_13_SIGNALING,Interleukin 4 And Interleukin 13 Signaling,TERM_ID_REGEX:(?:IMMUN|INFLAMM|CYTOKINE(?:_|$)|INTERLEUKIN|INTERFERON|LEUKOCYTE|MACROPHAGE|NEUTROPHIL|TNF|NFKB|TOLL_LIKE),PREDEFINED,72,True
Q5,Reactome,REACTOME_INTERLEUKIN_6_FAMILY_SIGNALING,Interleukin 6 Family Signaling,TERM_ID_REGEX:(?:IMMUN|INFLAMM|CYTOKINE(?:_|$)|INTERLEUKIN|INTERFERON|LEUKOCYTE|MACROPHAGE|NEUTROPHIL|TNF|NFKB|TOLL_LIKE),PREDEFINED,21,True
Q5,Reactome,REACTOME_INTERLEUKIN_6_SIGNALING,Interleukin 6 Signaling,TERM_ID_REGEX:(?:IMMUN|INFLAMM|CYTOKINE(?:_|$)|INTERLEUKIN|INTERFERON|LEUKOCYTE|MACROPHAGE|NEUTROPHIL|TNF|NFKB|TOLL_LIKE),PREDEFINED,11,False
Q5,Reactome,REACTOME_INTERLEUKIN_7_SIGNALING,Interleukin 7 Signaling,TERM_ID_REGEX:(?:IMMUN|INFLAMM|CYTOKINE(?:_|$)|INTERLEUKIN|INTERFERON|LEUKOCYTE|MACROPHAGE|NEUTROPHIL|TNF|NFKB|TOLL_LIKE),PREDEFINED,19,True
Q5,Reactome,REACTOME_INTERLEUKIN_9_SIGNALING,Interleukin 9 Signaling,TERM_ID_REGEX:(?:IMMUN|INFLAMM|CYTOKINE(?:_|$)|INTERLEUKIN|INTERFERON|LEUKOCYTE|MACROPHAGE|NEUTROPHIL|TNF|NFKB|TOLL_LIKE),PREDEFINED,6,False
Q5,Reactome,REACTOME_INTERLEUKIN_RECEPTOR_SHC_SIGNALING,Interleukin Receptor Shc Signaling,TERM_ID_REGEX:(?:IMMUN|INFLAMM|CYTOKINE(?:_|$)|INTERLEUKIN|INTERFERON|LEUKOCYTE|MACROPHAGE|NEUTROPHIL|TNF|NFKB|TOLL_LIKE),PREDEFINED,15,True
Q5,Reactome,REACTOME_MODULATION_BY_MTB_OF_HOST_IMMUNE_SYSTEM,Modulation By Mtb Of Host Immune System,TERM_ID_REGEX:(?:IMMUN|INFLAMM|CYTOKINE(?:_|$)|INTERLEUKIN|INTERFERON|LEUKOCYTE|MACROPHAGE|NEUTROPHIL|TNF|NFKB|TOLL_LIKE),PREDEFINED,6,False
Q5,Reactome,REACTOME_NEUTROPHIL_DEGRANULATION,Neutrophil Degranulation,TERM_ID_REGEX:(?:IMMUN|INFLAMM|CYTOKINE(?:_|$)|INTERLEUKIN|INTERFERON|LEUKOCYTE|MACROPHAGE|NEUTROPHIL|TNF|NFKB|TOLL_LIKE),PREDEFINED,349,True
Q5,Reactome,REACTOME_NFE2L2_REGULATING_INFLAMMATION_ASSOCIATED_GENES,Nfe2L2 Regulating Inflammation Associated Genes,TERM_ID_REGEX:(?:IMMUN|INFLAMM|CYTOKINE(?:_|$)|INTERLEUKIN|INTERFERON|LEUKOCYTE|MACROPHAGE|NEUTROPHIL|TNF|NFKB|TOLL_LIKE),PREDEFINED,5,False
Q5,Reactome,REACTOME_NON_CANONICAL_INFLAMMASOME_ACTIVATION,Non Canonical Inflammasome Activation,TERM_ID_REGEX:(?:IMMUN|INFLAMM|CYTOKINE(?:_|$)|INTERLEUKIN|INTERFERON|LEUKOCYTE|MACROPHAGE|NEUTROPHIL|TNF|NFKB|TOLL_LIKE),PREDEFINED,12,False
Q5,Reactome,REACTOME_OTHER_INTERLEUKIN_SIGNALING,Other Interleukin Signaling,TERM_ID_REGEX:(?:IMMUN|INFLAMM|CYTOKINE(?:_|$)|INTERLEUKIN|INTERFERON|LEUKOCYTE|MACROPHAGE|NEUTROPHIL|TNF|NFKB|TOLL_LIKE),PREDEFINED,19,True
Q5,Reactome,REACTOME_REGULATION_OF_INNATE_IMMUNE_RESPONSES_TO_CYTOSOLIC_DNA,Regulation Of Innate Immune Responses To Cytosolic Dna,TERM_ID_REGEX:(?:IMMUN|INFLAMM|CYTOKINE(?:_|$)|INTERLEUKIN|INTERFERON|LEUKOCYTE|MACROPHAGE|NEUTROPHIL|TNF|NFKB|TOLL_LIKE),PREDEFINED,11,False
Q5,Reactome,REACTOME_RIP_MEDIATED_NFKB_ACTIVATION_VIA_ZBP1,Rip Mediated Nfkb Activation Via Zbp1,TERM_ID_REGEX:(?:IMMUN|INFLAMM|CYTOKINE(?:_|$)|INTERLEUKIN|INTERFERON|LEUKOCYTE|MACROPHAGE|NEUTROPHIL|TNF|NFKB|TOLL_LIKE),PREDEFINED,16,True
Q5,Reactome,REACTOME_RUNX1_REGULATES_TRANSCRIPTION_OF_GENES_INVOLVED_IN_INTERLEUKIN_SIGNALING,Runx1 Regulates Transcription Of Genes Involved In Interleukin Signaling,TERM_ID_REGEX:(?:IMMUN|INFLAMM|CYTOKINE(?:_|$)|INTERLEUKIN|INTERFERON|LEUKOCYTE|MACROPHAGE|NEUTROPHIL|TNF|NFKB|TOLL_LIKE),PREDEFINED,4,False
Q5,Reactome,REACTOME_RUNX3_REGULATES_IMMUNE_RESPONSE_AND_CELL_MIGRATION,Runx3 Regulates Immune Response And Cell Migration,TERM_ID_REGEX:(?:IMMUN|INFLAMM|CYTOKINE(?:_|$)|INTERLEUKIN|INTERFERON|LEUKOCYTE|MACROPHAGE|NEUTROPHIL|TNF|NFKB|TOLL_LIKE),PREDEFINED,3,False
Q5,Reactome,REACTOME_SARS_COV_1_ACTIVATES_MODULATES_INNATE_IMMUNE_RESPONSES,Sars Cov 1 Activates Modulates Innate Immune Responses,TERM_ID_REGEX:(?:IMMUN|INFLAMM|CYTOKINE(?:_|$)|INTERLEUKIN|INTERFERON|LEUKOCYTE|MACROPHAGE|NEUTROPHIL|TNF|NFKB|TOLL_LIKE),PREDEFINED,37,True
Q5,Reactome,REACTOME_SARS_COV_2_ACTIVATES_MODULATES_INNATE_AND_ADAPTIVE_IMMUNE_RESPONSES,Sars Cov 2 Activates Modulates Innate And Adaptive Immune Responses,TERM_ID_REGEX:(?:IMMUN|INFLAMM|CYTOKINE(?:_|$)|INTERLEUKIN|INTERFERON|LEUKOCYTE|MACROPHAGE|NEUTROPHIL|TNF|NFKB|TOLL_LIKE),PREDEFINED,97,True
Q5,Reactome,REACTOME_SIGNALING_BY_INTERLEUKINS,Signaling By Interleukins,TERM_ID_REGEX:(?:IMMUN|INFLAMM|CYTOKINE(?:_|$)|INTERLEUKIN|INTERFERON|LEUKOCYTE|MACROPHAGE|NEUTROPHIL|TNF|NFKB|TOLL_LIKE),PREDEFINED,330,True
Q5,Reactome,REACTOME_STING_MEDIATED_INDUCTION_OF_HOST_IMMUNE_RESPONSES,Sting Mediated Induction Of Host Immune Responses,TERM_ID_REGEX:(?:IMMUN|INFLAMM|CYTOKINE(?:_|$)|INTERLEUKIN|INTERFERON|LEUKOCYTE|MACROPHAGE|NEUTROPHIL|TNF|NFKB|TOLL_LIKE),PREDEFINED,13,False
Q5,Reactome,REACTOME_SUMOYLATION_OF_IMMUNE_RESPONSE_PROTEINS,Sumoylation Of Immune Response Proteins,TERM_ID_REGEX:(?:IMMUN|INFLAMM|CYTOKINE(?:_|$)|INTERLEUKIN|INTERFERON|LEUKOCYTE|MACROPHAGE|NEUTROPHIL|TNF|NFKB|TOLL_LIKE),PREDEFINED,12,False
Q5,Reactome,REACTOME_THE_NLRP3_INFLAMMASOME,The Nlrp3 Inflammasome,TERM_ID_REGEX:(?:IMMUN|INFLAMM|CYTOKINE(?:_|$)|INTERLEUKIN|INTERFERON|LEUKOCYTE|MACROPHAGE|NEUTROPHIL|TNF|NFKB|TOLL_LIKE),PREDEFINED,13,False
Q5,Reactome,REACTOME_TNFR1_INDUCED_NF_KAPPA_B_SIGNALING_PATHWAY,Tnfr1 Induced Nf Kappa B Signaling Pathway,TERM_ID_REGEX:(?:IMMUN|INFLAMM|CYTOKINE(?:_|$)|INTERLEUKIN|INTERFERON|LEUKOCYTE|MACROPHAGE|NEUTROPHIL|TNF|NFKB|TOLL_LIKE),PREDEFINED,32,True
Q5,Reactome,REACTOME_TNFR1_INDUCED_PROAPOPTOTIC_SIGNALING,Tnfr1 Induced Proapoptotic Signaling,TERM_ID_REGEX:(?:IMMUN|INFLAMM|CYTOKINE(?:_|$)|INTERLEUKIN|INTERFERON|LEUKOCYTE|MACROPHAGE|NEUTROPHIL|TNF|NFKB|TOLL_LIKE),PREDEFINED,24,True
Q5,Reactome,REACTOME_TNFR1_MEDIATED_CERAMIDE_PRODUCTION,Tnfr1 Mediated Ceramide Production,TERM_ID_REGEX:(?:IMMUN|INFLAMM|CYTOKINE(?:_|$)|INTERLEUKIN|INTERFERON|LEUKOCYTE|MACROPHAGE|NEUTROPHIL|TNF|NFKB|TOLL_LIKE),PREDEFINED,5,False
Q5,Reactome,REACTOME_TNFR2_NON_CANONICAL_NF_KB_PATHWAY,Tnfr2 Non Canonical Nf Kb Pathway,TERM_ID_REGEX:(?:IMMUN|INFLAMM|CYTOKINE(?:_|$)|INTERLEUKIN|INTERFERON|LEUKOCYTE|MACROPHAGE|NEUTROPHIL|TNF|NFKB|TOLL_LIKE),PREDEFINED,66,True
Q5,Reactome,REACTOME_TNFS_BIND_THEIR_PHYSIOLOGICAL_RECEPTORS,Tnfs Bind Their Physiological Receptors,TERM_ID_REGEX:(?:IMMUN|INFLAMM|CYTOKINE(?:_|$)|INTERLEUKIN|INTERFERON|LEUKOCYTE|MACROPHAGE|NEUTROPHIL|TNF|NFKB|TOLL_LIKE),PREDEFINED,12,False
Q5,Reactome,REACTOME_TNF_RECEPTOR_SUPERFAMILY_TNFSF_MEMBERS_MEDIATING_NON_CANONICAL_NF_KB_PATHWAY,Tnf Receptor Superfamily Tnfsf Members Mediating Non Canonical Nf Kb Pathway,TERM_ID_REGEX:(?:IMMUN|INFLAMM|CYTOKINE(?:_|$)|INTERLEUKIN|INTERFERON|LEUKOCYTE|MACROPHAGE|NEUTROPHIL|TNF|NFKB|TOLL_LIKE),PREDEFINED,10,False
Q5,Reactome,REACTOME_TNF_SIGNALING,Tnf Signaling,TERM_ID_REGEX:(?:IMMUN|INFLAMM|CYTOKINE(?:_|$)|INTERLEUKIN|INTERFERON|LEUKOCYTE|MACROPHAGE|NEUTROPHIL|TNF|NFKB|TOLL_LIKE),PREDEFINED,56,True
Q5,Reactome,REACTOME_TOLL_LIKE_RECEPTOR_9_TLR9_CASCADE,Toll Like Receptor 9 Tlr9 Cascade,TERM_ID_REGEX:(?:IMMUN|INFLAMM|CYTOKINE(?:_|$)|INTERLEUKIN|INTERFERON|LEUKOCYTE|MACROPHAGE|NEUTROPHIL|TNF|NFKB|TOLL_LIKE),PREDEFINED,100,True
Q5,Reactome,REACTOME_TOLL_LIKE_RECEPTOR_CASCADES,Toll Like Receptor Cascades,TERM_ID_REGEX:(?:IMMUN|INFLAMM|CYTOKINE(?:_|$)|INTERLEUKIN|INTERFERON|LEUKOCYTE|MACROPHAGE|NEUTROPHIL|TNF|NFKB|TOLL_LIKE),PREDEFINED,142,True
Q5,Reactome,REACTOME_TOLL_LIKE_RECEPTOR_TLR1_TLR2_CASCADE,Toll Like Receptor Tlr1 Tlr2 Cascade,TERM_ID_REGEX:(?:IMMUN|INFLAMM|CYTOKINE(?:_|$)|INTERLEUKIN|INTERFERON|LEUKOCYTE|MACROPHAGE|NEUTROPHIL|TNF|NFKB|TOLL_LIKE),PREDEFINED,102,True
