context_id,axis,component_id,direction,NES,FDR,representative_term_id,activity_state,tested_mask,active_mask,evidence_layer,phenotype_anchor,sensitivity_status,reliability_reference,source_checkpoint,provenance
CTX001,A,A001,INACTIVE,-1.4518349632340275,0.1513728782028191,GOBP_ANGIOGENESIS_INVOLVED_IN_WOUND_HEALING,OBSERVED_NULL,1,0,TRANSCRIPTOME,,NOT_APPLICABLE,REL_CTX001_ANNOTATION_CERTAINTY;REL_CTX001_BATCH_ADJUSTMENT;REL_CTX001_CONTROL_CERTAINTY;REL_CTX001_CROSS_CONTEXT_REPLICATION;REL_CTX001_EV_PREPARATION_INDEPENDENCE;REL_CTX001_MODEL_DIAGNOSTICS;REL_CTX001_PAIRING_CERTAINTY;REL_CTX001_PATHWAY_EVIDENCE;REL_CTX001_PHENOTYPE_SUPPORT;REL_CTX001_RECIPIENT_DONOR_INDEPENDENCE;REL_CTX001_SAMPLE_QC;REL_CTX001_SENSITIVITY_STABILITY;REL_CTX001_STUDY_INDEPENDENCE,EXP001-C4,data/metadata/skinexo_response_components.csv;reports/EXP001_C4_pathway_analysis.md
CTX001,A,A002,INACTIVE,-1.7831212965160568,0.0555016605612705,GOBP_POSITIVE_REGULATION_OF_ENDOTHELIAL_CELL_MIGRATION,OBSERVED_NULL,1,0,TRANSCRIPTOME,,NOT_APPLICABLE,REL_CTX001_ANNOTATION_CERTAINTY;REL_CTX001_BATCH_ADJUSTMENT;REL_CTX001_CONTROL_CERTAINTY;REL_CTX001_CROSS_CONTEXT_REPLICATION;REL_CTX001_EV_PREPARATION_INDEPENDENCE;REL_CTX001_MODEL_DIAGNOSTICS;REL_CTX001_PAIRING_CERTAINTY;REL_CTX001_PATHWAY_EVIDENCE;REL_CTX001_PHENOTYPE_SUPPORT;REL_CTX001_RECIPIENT_DONOR_INDEPENDENCE;REL_CTX001_SAMPLE_QC;REL_CTX001_SENSITIVITY_STABILITY;REL_CTX001_STUDY_INDEPENDENCE,EXP001-C4,data/metadata/skinexo_response_components.csv;reports/EXP001_C4_pathway_analysis.md
CTX001,A,A003,INACTIVE,1.0290546644460106,0.565693683175978,GOBP_BLOOD_VESSEL_ENDOTHELIAL_CELL_PROLIFERATION_INVOLVED_IN_SPROUTING_ANGIOGENESIS,OBSERVED_NULL,1,0,TRANSCRIPTOME,,NOT_APPLICABLE,REL_CTX001_ANNOTATION_CERTAINTY;REL_CTX001_BATCH_ADJUSTMENT;REL_CTX001_CONTROL_CERTAINTY;REL_CTX001_CROSS_CONTEXT_REPLICATION;REL_CTX001_EV_PREPARATION_INDEPENDENCE;REL_CTX001_MODEL_DIAGNOSTICS;REL_CTX001_PAIRING_CERTAINTY;REL_CTX001_PATHWAY_EVIDENCE;REL_CTX001_PHENOTYPE_SUPPORT;REL_CTX001_RECIPIENT_DONOR_INDEPENDENCE;REL_CTX001_SAMPLE_QC;REL_CTX001_SENSITIVITY_STABILITY;REL_CTX001_STUDY_INDEPENDENCE,EXP001-C4,data/metadata/skinexo_response_components.csv;reports/EXP001_C4_pathway_analysis.md
CTX001,A,A004,INACTIVE,-0.95291839854868,0.6387112226712426,GOBP_BLOOD_VESSEL_REMODELING,OBSERVED_NULL,1,0,TRANSCRIPTOME,,NOT_APPLICABLE,REL_CTX001_ANNOTATION_CERTAINTY;REL_CTX001_BATCH_ADJUSTMENT;REL_CTX001_CONTROL_CERTAINTY;REL_CTX001_CROSS_CONTEXT_REPLICATION;REL_CTX001_EV_PREPARATION_INDEPENDENCE;REL_CTX001_MODEL_DIAGNOSTICS;REL_CTX001_PAIRING_CERTAINTY;REL_CTX001_PATHWAY_EVIDENCE;REL_CTX001_PHENOTYPE_SUPPORT;REL_CTX001_RECIPIENT_DONOR_INDEPENDENCE;REL_CTX001_SAMPLE_QC;REL_CTX001_SENSITIVITY_STABILITY;REL_CTX001_STUDY_INDEPENDENCE,EXP001-C4,data/metadata/skinexo_response_components.csv;reports/EXP001_C4_pathway_analysis.md
CTX001,A,A005,INACTIVE,1.1340351904976034,0.417188792905614,GOBP_BRANCHING_INVOLVED_IN_BLOOD_VESSEL_MORPHOGENESIS,OBSERVED_NULL,1,0,TRANSCRIPTOME,,NOT_APPLICABLE,REL_CTX001_ANNOTATION_CERTAINTY;REL_CTX001_BATCH_ADJUSTMENT;REL_CTX001_CONTROL_CERTAINTY;REL_CTX001_CROSS_CONTEXT_REPLICATION;REL_CTX001_EV_PREPARATION_INDEPENDENCE;REL_CTX001_MODEL_DIAGNOSTICS;REL_CTX001_PAIRING_CERTAINTY;REL_CTX001_PATHWAY_EVIDENCE;REL_CTX001_PHENOTYPE_SUPPORT;REL_CTX001_RECIPIENT_DONOR_INDEPENDENCE;REL_CTX001_SAMPLE_QC;REL_CTX001_SENSITIVITY_STABILITY;REL_CTX001_STUDY_INDEPENDENCE,EXP001-C4,data/metadata/skinexo_response_components.csv;reports/EXP001_C4_pathway_analysis.md
CTX001,A,A006,INACTIVE,-1.408682884470071,0.1720300709297706,GOBP_CELLULAR_RESPONSE_TO_VASCULAR_ENDOTHELIAL_GROWTH_FACTOR_STIMULUS,OBSERVED_NULL,1,0,TRANSCRIPTOME,,NOT_APPLICABLE,REL_CTX001_ANNOTATION_CERTAINTY;REL_CTX001_BATCH_ADJUSTMENT;REL_CTX001_CONTROL_CERTAINTY;REL_CTX001_CROSS_CONTEXT_REPLICATION;REL_CTX001_EV_PREPARATION_INDEPENDENCE;REL_CTX001_MODEL_DIAGNOSTICS;REL_CTX001_PAIRING_CERTAINTY;REL_CTX001_PATHWAY_EVIDENCE;REL_CTX001_PHENOTYPE_SUPPORT;REL_CTX001_RECIPIENT_DONOR_INDEPENDENCE;REL_CTX001_SAMPLE_QC;REL_CTX001_SENSITIVITY_STABILITY;REL_CTX001_STUDY_INDEPENDENCE,EXP001-C4,data/metadata/skinexo_response_components.csv;reports/EXP001_C4_pathway_analysis.md
CTX001,A,A007,INACTIVE,-1.6342674591729842,0.0888699269829481,GOBP_COLLATERAL_SPROUTING,OBSERVED_NULL,1,0,TRANSCRIPTOME,,NOT_APPLICABLE,REL_CTX001_ANNOTATION_CERTAINTY;REL_CTX001_BATCH_ADJUSTMENT;REL_CTX001_CONTROL_CERTAINTY;REL_CTX001_CROSS_CONTEXT_REPLICATION;REL_CTX001_EV_PREPARATION_INDEPENDENCE;REL_CTX001_MODEL_DIAGNOSTICS;REL_CTX001_PAIRING_CERTAINTY;REL_CTX001_PATHWAY_EVIDENCE;REL_CTX001_PHENOTYPE_SUPPORT;REL_CTX001_RECIPIENT_DONOR_INDEPENDENCE;REL_CTX001_SAMPLE_QC;REL_CTX001_SENSITIVITY_STABILITY;REL_CTX001_STUDY_INDEPENDENCE,EXP001-C4,data/metadata/skinexo_response_components.csv;reports/EXP001_C4_pathway_analysis.md
CTX001,A,A008,NEGATIVE,-1.8603322999608665,0.0320147940942886,GOBP_ENDOTHELIAL_CELL_APOPTOTIC_PROCESS,ACTIVE_NEGATIVE,1,1,TRANSCRIPTOME,,NOT_APPLICABLE,REL_CTX001_ANNOTATION_CERTAINTY;REL_CTX001_BATCH_ADJUSTMENT;REL_CTX001_CONTROL_CERTAINTY;REL_CTX001_CROSS_CONTEXT_REPLICATION;REL_CTX001_EV_PREPARATION_INDEPENDENCE;REL_CTX001_MODEL_DIAGNOSTICS;REL_CTX001_PAIRING_CERTAINTY;REL_CTX001_PATHWAY_EVIDENCE;REL_CTX001_PHENOTYPE_SUPPORT;REL_CTX001_RECIPIENT_DONOR_INDEPENDENCE;REL_CTX001_SAMPLE_QC;REL_CTX001_SENSITIVITY_STABILITY;REL_CTX001_STUDY_INDEPENDENCE,EXP001-C4,data/metadata/skinexo_response_components.csv;reports/EXP001_C4_pathway_analysis.md
CTX001,A,A009,INACTIVE,-1.744559181187732,0.0559713189932534,GOBP_REGULATION_OF_ENDOTHELIAL_CELL_CHEMOTAXIS,OBSERVED_NULL,1,0,TRANSCRIPTOME,,NOT_APPLICABLE,REL_CTX001_ANNOTATION_CERTAINTY;REL_CTX001_BATCH_ADJUSTMENT;REL_CTX001_CONTROL_CERTAINTY;REL_CTX001_CROSS_CONTEXT_REPLICATION;REL_CTX001_EV_PREPARATION_INDEPENDENCE;REL_CTX001_MODEL_DIAGNOSTICS;REL_CTX001_PAIRING_CERTAINTY;REL_CTX001_PATHWAY_EVIDENCE;REL_CTX001_PHENOTYPE_SUPPORT;REL_CTX001_RECIPIENT_DONOR_INDEPENDENCE;REL_CTX001_SAMPLE_QC;REL_CTX001_SENSITIVITY_STABILITY;REL_CTX001_STUDY_INDEPENDENCE,EXP001-C4,data/metadata/skinexo_response_components.csv;reports/EXP001_C4_pathway_analysis.md
CTX001,A,A010,INACTIVE,-1.1888497938843896,0.3368786966579595,GOBP_ENDOTHELIAL_CELL_DEVELOPMENT,OBSERVED_NULL,1,0,TRANSCRIPTOME,,NOT_APPLICABLE,REL_CTX001_ANNOTATION_CERTAINTY;REL_CTX001_BATCH_ADJUSTMENT;REL_CTX001_CONTROL_CERTAINTY;REL_CTX001_CROSS_CONTEXT_REPLICATION;REL_CTX001_EV_PREPARATION_INDEPENDENCE;REL_CTX001_MODEL_DIAGNOSTICS;REL_CTX001_PAIRING_CERTAINTY;REL_CTX001_PATHWAY_EVIDENCE;REL_CTX001_PHENOTYPE_SUPPORT;REL_CTX001_RECIPIENT_DONOR_INDEPENDENCE;REL_CTX001_SAMPLE_QC;REL_CTX001_SENSITIVITY_STABILITY;REL_CTX001_STUDY_INDEPENDENCE,EXP001-C4,data/metadata/skinexo_response_components.csv;reports/EXP001_C4_pathway_analysis.md
CTX001,A,A011,INACTIVE,-1.573625394162179,0.1048423046430848,GOBP_ENDOTHELIAL_CELL_PROLIFERATION,OBSERVED_NULL,1,0,TRANSCRIPTOME,,NOT_APPLICABLE,REL_CTX001_ANNOTATION_CERTAINTY;REL_CTX001_BATCH_ADJUSTMENT;REL_CTX001_CONTROL_CERTAINTY;REL_CTX001_CROSS_CONTEXT_REPLICATION;REL_CTX001_EV_PREPARATION_INDEPENDENCE;REL_CTX001_MODEL_DIAGNOSTICS;REL_CTX001_PAIRING_CERTAINTY;REL_CTX001_PATHWAY_EVIDENCE;REL_CTX001_PHENOTYPE_SUPPORT;REL_CTX001_RECIPIENT_DONOR_INDEPENDENCE;REL_CTX001_SAMPLE_QC;REL_CTX001_SENSITIVITY_STABILITY;REL_CTX001_STUDY_INDEPENDENCE,EXP001-C4,data/metadata/skinexo_response_components.csv;reports/EXP001_C4_pathway_analysis.md
CTX001,A,A012,INACTIVE,-1.5698167850993554,0.1054426968067113,GOBP_POSITIVE_REGULATION_OF_LEUKOCYTE_ADHESION_TO_VASCULAR_ENDOTHELIAL_CELL,OBSERVED_NULL,1,0,TRANSCRIPTOME,,NOT_APPLICABLE,REL_CTX001_ANNOTATION_CERTAINTY;REL_CTX001_BATCH_ADJUSTMENT;REL_CTX001_CONTROL_CERTAINTY;REL_CTX001_CROSS_CONTEXT_REPLICATION;REL_CTX001_EV_PREPARATION_INDEPENDENCE;REL_CTX001_MODEL_DIAGNOSTICS;REL_CTX001_PAIRING_CERTAINTY;REL_CTX001_PATHWAY_EVIDENCE;REL_CTX001_PHENOTYPE_SUPPORT;REL_CTX001_RECIPIENT_DONOR_INDEPENDENCE;REL_CTX001_SAMPLE_QC;REL_CTX001_SENSITIVITY_STABILITY;REL_CTX001_STUDY_INDEPENDENCE,EXP001-C4,data/metadata/skinexo_response_components.csv;reports/EXP001_C4_pathway_analysis.md
CTX001,A,A013,INACTIVE,-1.2085476960857526,0.3187324204401298,GOBP_NEGATIVE_REGULATION_OF_ENDOTHELIAL_CELL_PROLIFERATION,OBSERVED_NULL,1,0,TRANSCRIPTOME,,NOT_APPLICABLE,REL_CTX001_ANNOTATION_CERTAINTY;REL_CTX001_BATCH_ADJUSTMENT;REL_CTX001_CONTROL_CERTAINTY;REL_CTX001_CROSS_CONTEXT_REPLICATION;REL_CTX001_EV_PREPARATION_INDEPENDENCE;REL_CTX001_MODEL_DIAGNOSTICS;REL_CTX001_PAIRING_CERTAINTY;REL_CTX001_PATHWAY_EVIDENCE;REL_CTX001_PHENOTYPE_SUPPORT;REL_CTX001_RECIPIENT_DONOR_INDEPENDENCE;REL_CTX001_SAMPLE_QC;REL_CTX001_SENSITIVITY_STABILITY;REL_CTX001_STUDY_INDEPENDENCE,EXP001-C4,data/metadata/skinexo_response_components.csv;reports/EXP001_C4_pathway_analysis.md
CTX001,A,A014,NEGATIVE,-1.841904064609048,0.0370901856939254,GOBP_NEGATIVE_REGULATION_OF_VASCULAR_ASSOCIATED_SMOOTH_MUSCLE_CELL_PROLIFERATION,ACTIVE_NEGATIVE,1,1,TRANSCRIPTOME,,NOT_APPLICABLE,REL_CTX001_ANNOTATION_CERTAINTY;REL_CTX001_BATCH_ADJUSTMENT;REL_CTX001_CONTROL_CERTAINTY;REL_CTX001_CROSS_CONTEXT_REPLICATION;REL_CTX001_EV_PREPARATION_INDEPENDENCE;REL_CTX001_MODEL_DIAGNOSTICS;REL_CTX001_PAIRING_CERTAINTY;REL_CTX001_PATHWAY_EVIDENCE;REL_CTX001_PHENOTYPE_SUPPORT;REL_CTX001_RECIPIENT_DONOR_INDEPENDENCE;REL_CTX001_SAMPLE_QC;REL_CTX001_SENSITIVITY_STABILITY;REL_CTX001_STUDY_INDEPENDENCE,EXP001-C4,data/metadata/skinexo_response_components.csv;reports/EXP001_C4_pathway_analysis.md
CTX001,A,A015,INACTIVE,0.7642788333750133,0.9084010965929604,GOBP_PLACENTA_BLOOD_VESSEL_DEVELOPMENT,OBSERVED_NULL,1,0,TRANSCRIPTOME,,NOT_APPLICABLE,REL_CTX001_ANNOTATION_CERTAINTY;REL_CTX001_BATCH_ADJUSTMENT;REL_CTX001_CONTROL_CERTAINTY;REL_CTX001_CROSS_CONTEXT_REPLICATION;REL_CTX001_EV_PREPARATION_INDEPENDENCE;REL_CTX001_MODEL_DIAGNOSTICS;REL_CTX001_PAIRING_CERTAINTY;REL_CTX001_PATHWAY_EVIDENCE;REL_CTX001_PHENOTYPE_SUPPORT;REL_CTX001_RECIPIENT_DONOR_INDEPENDENCE;REL_CTX001_SAMPLE_QC;REL_CTX001_SENSITIVITY_STABILITY;REL_CTX001_STUDY_INDEPENDENCE,EXP001-C4,data/metadata/skinexo_response_components.csv;reports/EXP001_C4_pathway_analysis.md
CTX001,A,A016,INACTIVE,-1.2537255618614245,0.2762820027424073,GOBP_POSITIVE_REGULATION_OF_CELL_MIGRATION_INVOLVED_IN_SPROUTING_ANGIOGENESIS,OBSERVED_NULL,1,0,TRANSCRIPTOME,,NOT_APPLICABLE,REL_CTX001_ANNOTATION_CERTAINTY;REL_CTX001_BATCH_ADJUSTMENT;REL_CTX001_CONTROL_CERTAINTY;REL_CTX001_CROSS_CONTEXT_REPLICATION;REL_CTX001_EV_PREPARATION_INDEPENDENCE;REL_CTX001_MODEL_DIAGNOSTICS;REL_CTX001_PAIRING_CERTAINTY;REL_CTX001_PATHWAY_EVIDENCE;REL_CTX001_PHENOTYPE_SUPPORT;REL_CTX001_RECIPIENT_DONOR_INDEPENDENCE;REL_CTX001_SAMPLE_QC;REL_CTX001_SENSITIVITY_STABILITY;REL_CTX001_STUDY_INDEPENDENCE,EXP001-C4,data/metadata/skinexo_response_components.csv;reports/EXP001_C4_pathway_analysis.md
CTX001,A,A017,NEGATIVE,-1.9042874059793184,0.027794662145496,GOBP_POSITIVE_REGULATION_OF_ENDOTHELIAL_CELL_APOPTOTIC_PROCESS,ACTIVE_NEGATIVE,1,1,TRANSCRIPTOME,,NOT_APPLICABLE,REL_CTX001_ANNOTATION_CERTAINTY;REL_CTX001_BATCH_ADJUSTMENT;REL_CTX001_CONTROL_CERTAINTY;REL_CTX001_CROSS_CONTEXT_REPLICATION;REL_CTX001_EV_PREPARATION_INDEPENDENCE;REL_CTX001_MODEL_DIAGNOSTICS;REL_CTX001_PAIRING_CERTAINTY;REL_CTX001_PATHWAY_EVIDENCE;REL_CTX001_PHENOTYPE_SUPPORT;REL_CTX001_RECIPIENT_DONOR_INDEPENDENCE;REL_CTX001_SAMPLE_QC;REL_CTX001_SENSITIVITY_STABILITY;REL_CTX001_STUDY_INDEPENDENCE,EXP001-C4,data/metadata/skinexo_response_components.csv;reports/EXP001_C4_pathway_analysis.md
CTX001,A,A018,INACTIVE,0.899131867836465,0.7565711645072578,GOBP_POSITIVE_REGULATION_OF_SPROUTING_ANGIOGENESIS,OBSERVED_NULL,1,0,TRANSCRIPTOME,,NOT_APPLICABLE,REL_CTX001_ANNOTATION_CERTAINTY;REL_CTX001_BATCH_ADJUSTMENT;REL_CTX001_CONTROL_CERTAINTY;REL_CTX001_CROSS_CONTEXT_REPLICATION;REL_CTX001_EV_PREPARATION_INDEPENDENCE;REL_CTX001_MODEL_DIAGNOSTICS;REL_CTX001_PAIRING_CERTAINTY;REL_CTX001_PATHWAY_EVIDENCE;REL_CTX001_PHENOTYPE_SUPPORT;REL_CTX001_RECIPIENT_DONOR_INDEPENDENCE;REL_CTX001_SAMPLE_QC;REL_CTX001_SENSITIVITY_STABILITY;REL_CTX001_STUDY_INDEPENDENCE,EXP001-C4,data/metadata/skinexo_response_components.csv;reports/EXP001_C4_pathway_analysis.md
CTX001,A,A019,NEGATIVE,-2.064832052159359,0.0052387844881563,GOBP_VASCULAR_ASSOCIATED_SMOOTH_MUSCLE_CELL_PROLIFERATION,ACTIVE_NEGATIVE,1,1,TRANSCRIPTOME,,NOT_APPLICABLE,REL_CTX001_ANNOTATION_CERTAINTY;REL_CTX001_BATCH_ADJUSTMENT;REL_CTX001_CONTROL_CERTAINTY;REL_CTX001_CROSS_CONTEXT_REPLICATION;REL_CTX001_EV_PREPARATION_INDEPENDENCE;REL_CTX001_MODEL_DIAGNOSTICS;REL_CTX001_PAIRING_CERTAINTY;REL_CTX001_PATHWAY_EVIDENCE;REL_CTX001_PHENOTYPE_SUPPORT;REL_CTX001_RECIPIENT_DONOR_INDEPENDENCE;REL_CTX001_SAMPLE_QC;REL_CTX001_SENSITIVITY_STABILITY;REL_CTX001_STUDY_INDEPENDENCE,EXP001-C4,data/metadata/skinexo_response_components.csv;reports/EXP001_C4_pathway_analysis.md
CTX001,A,A020,INACTIVE,-1.068739499923375,0.4699471909956391,GOBP_POSITIVE_REGULATION_OF_VASCULAR_ENDOTHELIAL_GROWTH_FACTOR_PRODUCTION,OBSERVED_NULL,1,0,TRANSCRIPTOME,,NOT_APPLICABLE,REL_CTX001_ANNOTATION_CERTAINTY;REL_CTX001_BATCH_ADJUSTMENT;REL_CTX001_CONTROL_CERTAINTY;REL_CTX001_CROSS_CONTEXT_REPLICATION;REL_CTX001_EV_PREPARATION_INDEPENDENCE;REL_CTX001_MODEL_DIAGNOSTICS;REL_CTX001_PAIRING_CERTAINTY;REL_CTX001_PATHWAY_EVIDENCE;REL_CTX001_PHENOTYPE_SUPPORT;REL_CTX001_RECIPIENT_DONOR_INDEPENDENCE;REL_CTX001_SAMPLE_QC;REL_CTX001_SENSITIVITY_STABILITY;REL_CTX001_STUDY_INDEPENDENCE,EXP001-C4,data/metadata/skinexo_response_components.csv;reports/EXP001_C4_pathway_analysis.md
CTX001,A,A021,INACTIVE,1.2780487349250318,0.2526393855662373,GOBP_REGULATION_OF_ENDOTHELIAL_CELL_DIFFERENTIATION,OBSERVED_NULL,1,0,TRANSCRIPTOME,,NOT_APPLICABLE,REL_CTX001_ANNOTATION_CERTAINTY;REL_CTX001_BATCH_ADJUSTMENT;REL_CTX001_CONTROL_CERTAINTY;REL_CTX001_CROSS_CONTEXT_REPLICATION;REL_CTX001_EV_PREPARATION_INDEPENDENCE;REL_CTX001_MODEL_DIAGNOSTICS;REL_CTX001_PAIRING_CERTAINTY;REL_CTX001_PATHWAY_EVIDENCE;REL_CTX001_PHENOTYPE_SUPPORT;REL_CTX001_RECIPIENT_DONOR_INDEPENDENCE;REL_CTX001_SAMPLE_QC;REL_CTX001_SENSITIVITY_STABILITY;REL_CTX001_STUDY_INDEPENDENCE,EXP001-C4,data/metadata/skinexo_response_components.csv;reports/EXP001_C4_pathway_analysis.md
CTX001,A,A022,INACTIVE,-1.3380839632314168,0.2155270743639459,GOBP_REGULATION_OF_SPROUTING_ANGIOGENESIS,OBSERVED_NULL,1,0,TRANSCRIPTOME,,NOT_APPLICABLE,REL_CTX001_ANNOTATION_CERTAINTY;REL_CTX001_BATCH_ADJUSTMENT;REL_CTX001_CONTROL_CERTAINTY;REL_CTX001_CROSS_CONTEXT_REPLICATION;REL_CTX001_EV_PREPARATION_INDEPENDENCE;REL_CTX001_MODEL_DIAGNOSTICS;REL_CTX001_PAIRING_CERTAINTY;REL_CTX001_PATHWAY_EVIDENCE;REL_CTX001_PHENOTYPE_SUPPORT;REL_CTX001_RECIPIENT_DONOR_INDEPENDENCE;REL_CTX001_SAMPLE_QC;REL_CTX001_SENSITIVITY_STABILITY;REL_CTX001_STUDY_INDEPENDENCE,EXP001-C4,data/metadata/skinexo_response_components.csv;reports/EXP001_C4_pathway_analysis.md
CTX001,A,A023,INACTIVE,1.2974871251476865,0.2323260673493786,GOBP_REGULATION_OF_VASCULAR_ENDOTHELIAL_GROWTH_FACTOR_RECEPTOR_SIGNALING_PATHWAY,OBSERVED_NULL,1,0,TRANSCRIPTOME,,NOT_APPLICABLE,REL_CTX001_ANNOTATION_CERTAINTY;REL_CTX001_BATCH_ADJUSTMENT;REL_CTX001_CONTROL_CERTAINTY;REL_CTX001_CROSS_CONTEXT_REPLICATION;REL_CTX001_EV_PREPARATION_INDEPENDENCE;REL_CTX001_MODEL_DIAGNOSTICS;REL_CTX001_PAIRING_CERTAINTY;REL_CTX001_PATHWAY_EVIDENCE;REL_CTX001_PHENOTYPE_SUPPORT;REL_CTX001_RECIPIENT_DONOR_INDEPENDENCE;REL_CTX001_SAMPLE_QC;REL_CTX001_SENSITIVITY_STABILITY;REL_CTX001_STUDY_INDEPENDENCE,EXP001-C4,data/metadata/skinexo_response_components.csv;reports/EXP001_C4_pathway_analysis.md
CTX001,A,A024,INACTIVE,-1.5858256155573296,0.1008499856247147,GOBP_REGULATION_OF_VASCULAR_PERMEABILITY,OBSERVED_NULL,1,0,TRANSCRIPTOME,,NOT_APPLICABLE,REL_CTX001_ANNOTATION_CERTAINTY;REL_CTX001_BATCH_ADJUSTMENT;REL_CTX001_CONTROL_CERTAINTY;REL_CTX001_CROSS_CONTEXT_REPLICATION;REL_CTX001_EV_PREPARATION_INDEPENDENCE;REL_CTX001_MODEL_DIAGNOSTICS;REL_CTX001_PAIRING_CERTAINTY;REL_CTX001_PATHWAY_EVIDENCE;REL_CTX001_PHENOTYPE_SUPPORT;REL_CTX001_RECIPIENT_DONOR_INDEPENDENCE;REL_CTX001_SAMPLE_QC;REL_CTX001_SENSITIVITY_STABILITY;REL_CTX001_STUDY_INDEPENDENCE,EXP001-C4,data/metadata/skinexo_response_components.csv;reports/EXP001_C4_pathway_analysis.md
CTX001,A,A025,INACTIVE,-1.323716372722455,0.2262090048950091,GOBP_SPROUTING_ANGIOGENESIS,OBSERVED_NULL,1,0,TRANSCRIPTOME,,NOT_APPLICABLE,REL_CTX001_ANNOTATION_CERTAINTY;REL_CTX001_BATCH_ADJUSTMENT;REL_CTX001_CONTROL_CERTAINTY;REL_CTX001_CROSS_CONTEXT_REPLICATION;REL_CTX001_EV_PREPARATION_INDEPENDENCE;REL_CTX001_MODEL_DIAGNOSTICS;REL_CTX001_PAIRING_CERTAINTY;REL_CTX001_PATHWAY_EVIDENCE;REL_CTX001_PHENOTYPE_SUPPORT;REL_CTX001_RECIPIENT_DONOR_INDEPENDENCE;REL_CTX001_SAMPLE_QC;REL_CTX001_SENSITIVITY_STABILITY;REL_CTX001_STUDY_INDEPENDENCE,EXP001-C4,data/metadata/skinexo_response_components.csv;reports/EXP001_C4_pathway_analysis.md
CTX001,A,A026,INACTIVE,-1.3023852007839205,0.2402868789869434,GOBP_VASCULAR_ASSOCIATED_SMOOTH_MUSCLE_CELL_DIFFERENTIATION,OBSERVED_NULL,1,0,TRANSCRIPTOME,,NOT_APPLICABLE,REL_CTX001_ANNOTATION_CERTAINTY;REL_CTX001_BATCH_ADJUSTMENT;REL_CTX001_CONTROL_CERTAINTY;REL_CTX001_CROSS_CONTEXT_REPLICATION;REL_CTX001_EV_PREPARATION_INDEPENDENCE;REL_CTX001_MODEL_DIAGNOSTICS;REL_CTX001_PAIRING_CERTAINTY;REL_CTX001_PATHWAY_EVIDENCE;REL_CTX001_PHENOTYPE_SUPPORT;REL_CTX001_RECIPIENT_DONOR_INDEPENDENCE;REL_CTX001_SAMPLE_QC;REL_CTX001_SENSITIVITY_STABILITY;REL_CTX001_STUDY_INDEPENDENCE,EXP001-C4,data/metadata/skinexo_response_components.csv;reports/EXP001_C4_pathway_analysis.md
CTX001,A,A027,INACTIVE,-1.7809012066707912,0.0519784648971407,GOBP_VASCULAR_ASSOCIATED_SMOOTH_MUSCLE_CELL_MIGRATION,OBSERVED_NULL,1,0,TRANSCRIPTOME,,NOT_APPLICABLE,REL_CTX001_ANNOTATION_CERTAINTY;REL_CTX001_BATCH_ADJUSTMENT;REL_CTX001_CONTROL_CERTAINTY;REL_CTX001_CROSS_CONTEXT_REPLICATION;REL_CTX001_EV_PREPARATION_INDEPENDENCE;REL_CTX001_MODEL_DIAGNOSTICS;REL_CTX001_PAIRING_CERTAINTY;REL_CTX001_PATHWAY_EVIDENCE;REL_CTX001_PHENOTYPE_SUPPORT;REL_CTX001_RECIPIENT_DONOR_INDEPENDENCE;REL_CTX001_SAMPLE_QC;REL_CTX001_SENSITIVITY_STABILITY;REL_CTX001_STUDY_INDEPENDENCE,EXP001-C4,data/metadata/skinexo_response_components.csv;reports/EXP001_C4_pathway_analysis.md
CTX001,A,A028,INACTIVE,-1.2331929923615266,0.2936596244560832,GOBP_VASCULAR_ASSOCIATED_SMOOTH_MUSCLE_CONTRACTION,OBSERVED_NULL,1,0,TRANSCRIPTOME,,NOT_APPLICABLE,REL_CTX001_ANNOTATION_CERTAINTY;REL_CTX001_BATCH_ADJUSTMENT;REL_CTX001_CONTROL_CERTAINTY;REL_CTX001_CROSS_CONTEXT_REPLICATION;REL_CTX001_EV_PREPARATION_INDEPENDENCE;REL_CTX001_MODEL_DIAGNOSTICS;REL_CTX001_PAIRING_CERTAINTY;REL_CTX001_PATHWAY_EVIDENCE;REL_CTX001_PHENOTYPE_SUPPORT;REL_CTX001_RECIPIENT_DONOR_INDEPENDENCE;REL_CTX001_SAMPLE_QC;REL_CTX001_SENSITIVITY_STABILITY;REL_CTX001_STUDY_INDEPENDENCE,EXP001-C4,data/metadata/skinexo_response_components.csv;reports/EXP001_C4_pathway_analysis.md
CTX001,A,A029,INACTIVE,-1.52663477441888,0.1214872245102917,GOBP_VASCULAR_ENDOTHELIAL_CELL_PROLIFERATION,OBSERVED_NULL,1,0,TRANSCRIPTOME,,NOT_APPLICABLE,REL_CTX001_ANNOTATION_CERTAINTY;REL_CTX001_BATCH_ADJUSTMENT;REL_CTX001_CONTROL_CERTAINTY;REL_CTX001_CROSS_CONTEXT_REPLICATION;REL_CTX001_EV_PREPARATION_INDEPENDENCE;REL_CTX001_MODEL_DIAGNOSTICS;REL_CTX001_PAIRING_CERTAINTY;REL_CTX001_PATHWAY_EVIDENCE;REL_CTX001_PHENOTYPE_SUPPORT;REL_CTX001_RECIPIENT_DONOR_INDEPENDENCE;REL_CTX001_SAMPLE_QC;REL_CTX001_SENSITIVITY_STABILITY;REL_CTX001_STUDY_INDEPENDENCE,EXP001-C4,data/metadata/skinexo_response_components.csv;reports/EXP001_C4_pathway_analysis.md
CTX001,A,A030,INACTIVE,-0.9406891446442598,0.6581002535611147,GOBP_VASCULAR_ENDOTHELIAL_CELL_RESPONSE_TO_LAMINAR_FLUID_SHEAR_STRESS,OBSERVED_NULL,1,0,TRANSCRIPTOME,,NOT_APPLICABLE,REL_CTX001_ANNOTATION_CERTAINTY;REL_CTX001_BATCH_ADJUSTMENT;REL_CTX001_CONTROL_CERTAINTY;REL_CTX001_CROSS_CONTEXT_REPLICATION;REL_CTX001_EV_PREPARATION_INDEPENDENCE;REL_CTX001_MODEL_DIAGNOSTICS;REL_CTX001_PAIRING_CERTAINTY;REL_CTX001_PATHWAY_EVIDENCE;REL_CTX001_PHENOTYPE_SUPPORT;REL_CTX001_RECIPIENT_DONOR_INDEPENDENCE;REL_CTX001_SAMPLE_QC;REL_CTX001_SENSITIVITY_STABILITY;REL_CTX001_STUDY_INDEPENDENCE,EXP001-C4,data/metadata/skinexo_response_components.csv;reports/EXP001_C4_pathway_analysis.md
CTX001,A,A031,INACTIVE,-1.1428471025895697,0.3807567256531984,GOBP_VASCULAR_ENDOTHELIAL_GROWTH_FACTOR_PRODUCTION,OBSERVED_NULL,1,0,TRANSCRIPTOME,,NOT_APPLICABLE,REL_CTX001_ANNOTATION_CERTAINTY;REL_CTX001_BATCH_ADJUSTMENT;REL_CTX001_CONTROL_CERTAINTY;REL_CTX001_CROSS_CONTEXT_REPLICATION;REL_CTX001_EV_PREPARATION_INDEPENDENCE;REL_CTX001_MODEL_DIAGNOSTICS;REL_CTX001_PAIRING_CERTAINTY;REL_CTX001_PATHWAY_EVIDENCE;REL_CTX001_PHENOTYPE_SUPPORT;REL_CTX001_RECIPIENT_DONOR_INDEPENDENCE;REL_CTX001_SAMPLE_QC;REL_CTX001_SENSITIVITY_STABILITY;REL_CTX001_STUDY_INDEPENDENCE,EXP001-C4,data/metadata/skinexo_response_components.csv;reports/EXP001_C4_pathway_analysis.md
CTX001,A,A032,INACTIVE,-1.7748951071681252,0.0519364303451687,GOBP_VASCULAR_PROCESS_IN_CIRCULATORY_SYSTEM,OBSERVED_NULL,1,0,TRANSCRIPTOME,,NOT_APPLICABLE,REL_CTX001_ANNOTATION_CERTAINTY;REL_CTX001_BATCH_ADJUSTMENT;REL_CTX001_CONTROL_CERTAINTY;REL_CTX001_CROSS_CONTEXT_REPLICATION;REL_CTX001_EV_PREPARATION_INDEPENDENCE;REL_CTX001_MODEL_DIAGNOSTICS;REL_CTX001_PAIRING_CERTAINTY;REL_CTX001_PATHWAY_EVIDENCE;REL_CTX001_PHENOTYPE_SUPPORT;REL_CTX001_RECIPIENT_DONOR_INDEPENDENCE;REL_CTX001_SAMPLE_QC;REL_CTX001_SENSITIVITY_STABILITY;REL_CTX001_STUDY_INDEPENDENCE,EXP001-C4,data/metadata/skinexo_response_components.csv;reports/EXP001_C4_pathway_analysis.md
CTX001,A,A033,INACTIVE,-1.4423829118680227,0.1545263234057538,GOBP_VASCULAR_TRANSPORT,OBSERVED_NULL,1,0,TRANSCRIPTOME,,NOT_APPLICABLE,REL_CTX001_ANNOTATION_CERTAINTY;REL_CTX001_BATCH_ADJUSTMENT;REL_CTX001_CONTROL_CERTAINTY;REL_CTX001_CROSS_CONTEXT_REPLICATION;REL_CTX001_EV_PREPARATION_INDEPENDENCE;REL_CTX001_MODEL_DIAGNOSTICS;REL_CTX001_PAIRING_CERTAINTY;REL_CTX001_PATHWAY_EVIDENCE;REL_CTX001_PHENOTYPE_SUPPORT;REL_CTX001_RECIPIENT_DONOR_INDEPENDENCE;REL_CTX001_SAMPLE_QC;REL_CTX001_SENSITIVITY_STABILITY;REL_CTX001_STUDY_INDEPENDENCE,EXP001-C4,data/metadata/skinexo_response_components.csv;reports/EXP001_C4_pathway_analysis.md
CTX001,A,A034,INACTIVE,-1.4541346517557232,0.1505378017255125,REACTOME_CELL_SURFACE_INTERACTIONS_AT_THE_VASCULAR_WALL,OBSERVED_NULL,1,0,TRANSCRIPTOME,,NOT_APPLICABLE,REL_CTX001_ANNOTATION_CERTAINTY;REL_CTX001_BATCH_ADJUSTMENT;REL_CTX001_CONTROL_CERTAINTY;REL_CTX001_CROSS_CONTEXT_REPLICATION;REL_CTX001_EV_PREPARATION_INDEPENDENCE;REL_CTX001_MODEL_DIAGNOSTICS;REL_CTX001_PAIRING_CERTAINTY;REL_CTX001_PATHWAY_EVIDENCE;REL_CTX001_PHENOTYPE_SUPPORT;REL_CTX001_RECIPIENT_DONOR_INDEPENDENCE;REL_CTX001_SAMPLE_QC;REL_CTX001_SENSITIVITY_STABILITY;REL_CTX001_STUDY_INDEPENDENCE,EXP001-C4,data/metadata/skinexo_response_components.csv;reports/EXP001_C4_pathway_analysis.md
CTX001,A,A035,INACTIVE,0.8376887654656104,0.8413647294252554,REACTOME_HIGH_LAMINAR_FLOW_SHEAR_STRESS_ACTIVATES_SIGNALING_BY_PIEZO1_AND_PECAM1_CDH5_KDR_IN_ENDOTHELIAL_CELLS,OBSERVED_NULL,1,0,TRANSCRIPTOME,,NOT_APPLICABLE,REL_CTX001_ANNOTATION_CERTAINTY;REL_CTX001_BATCH_ADJUSTMENT;REL_CTX001_CONTROL_CERTAINTY;REL_CTX001_CROSS_CONTEXT_REPLICATION;REL_CTX001_EV_PREPARATION_INDEPENDENCE;REL_CTX001_MODEL_DIAGNOSTICS;REL_CTX001_PAIRING_CERTAINTY;REL_CTX001_PATHWAY_EVIDENCE;REL_CTX001_PHENOTYPE_SUPPORT;REL_CTX001_RECIPIENT_DONOR_INDEPENDENCE;REL_CTX001_SAMPLE_QC;REL_CTX001_SENSITIVITY_STABILITY;REL_CTX001_STUDY_INDEPENDENCE,EXP001-C4,data/metadata/skinexo_response_components.csv;reports/EXP001_C4_pathway_analysis.md
CTX001,A,A036,INACTIVE,1.0658850113614342,0.5164388282694059,REACTOME_TURBULENT_OSCILLATORY_DISTURBED_FLOW_SHEAR_STRESS_ACTIVATES_SIGNALING_BY_PIEZO1_AND_INTEGRINS_IN_ENDOTHELIAL_CELLS,OBSERVED_NULL,1,0,TRANSCRIPTOME,,NOT_APPLICABLE,REL_CTX001_ANNOTATION_CERTAINTY;REL_CTX001_BATCH_ADJUSTMENT;REL_CTX001_CONTROL_CERTAINTY;REL_CTX001_CROSS_CONTEXT_REPLICATION;REL_CTX001_EV_PREPARATION_INDEPENDENCE;REL_CTX001_MODEL_DIAGNOSTICS;REL_CTX001_PAIRING_CERTAINTY;REL_CTX001_PATHWAY_EVIDENCE;REL_CTX001_PHENOTYPE_SUPPORT;REL_CTX001_RECIPIENT_DONOR_INDEPENDENCE;REL_CTX001_SAMPLE_QC;REL_CTX001_SENSITIVITY_STABILITY;REL_CTX001_STUDY_INDEPENDENCE,EXP001-C4,data/metadata/skinexo_response_components.csv;reports/EXP001_C4_pathway_analysis.md
CTX001,A,A037,INACTIVE,-0.8294224804034966,0.8307695595279257,REACTOME_VEGFR2_MEDIATED_VASCULAR_PERMEABILITY,OBSERVED_NULL,1,0,TRANSCRIPTOME,,NOT_APPLICABLE,REL_CTX001_ANNOTATION_CERTAINTY;REL_CTX001_BATCH_ADJUSTMENT;REL_CTX001_CONTROL_CERTAINTY;REL_CTX001_CROSS_CONTEXT_REPLICATION;REL_CTX001_EV_PREPARATION_INDEPENDENCE;REL_CTX001_MODEL_DIAGNOSTICS;REL_CTX001_PAIRING_CERTAINTY;REL_CTX001_PATHWAY_EVIDENCE;REL_CTX001_PHENOTYPE_SUPPORT;REL_CTX001_RECIPIENT_DONOR_INDEPENDENCE;REL_CTX001_SAMPLE_QC;REL_CTX001_SENSITIVITY_STABILITY;REL_CTX001_STUDY_INDEPENDENCE,EXP001-C4,data/metadata/skinexo_response_components.csv;reports/EXP001_C4_pathway_analysis.md
CTX001,E,E001,INACTIVE,-1.4640771948080225,0.1458749678200232,GOBP_BASEMENT_MEMBRANE_ORGANIZATION,OBSERVED_NULL,1,0,TRANSCRIPTOME,,NOT_APPLICABLE,REL_CTX001_ANNOTATION_CERTAINTY;REL_CTX001_BATCH_ADJUSTMENT;REL_CTX001_CONTROL_CERTAINTY;REL_CTX001_CROSS_CONTEXT_REPLICATION;REL_CTX001_EV_PREPARATION_INDEPENDENCE;REL_CTX001_MODEL_DIAGNOSTICS;REL_CTX001_PAIRING_CERTAINTY;REL_CTX001_PATHWAY_EVIDENCE;REL_CTX001_PHENOTYPE_SUPPORT;REL_CTX001_RECIPIENT_DONOR_INDEPENDENCE;REL_CTX001_SAMPLE_QC;REL_CTX001_SENSITIVITY_STABILITY;REL_CTX001_STUDY_INDEPENDENCE,EXP001-C4,data/metadata/skinexo_response_components.csv;reports/EXP001_C4_pathway_analysis.md
CTX001,E,E002,INACTIVE,-1.3546126893055574,0.2044076168348186,GOBP_POSITIVE_REGULATION_OF_COLLAGEN_METABOLIC_PROCESS,OBSERVED_NULL,1,0,TRANSCRIPTOME,,NOT_APPLICABLE,REL_CTX001_ANNOTATION_CERTAINTY;REL_CTX001_BATCH_ADJUSTMENT;REL_CTX001_CONTROL_CERTAINTY;REL_CTX001_CROSS_CONTEXT_REPLICATION;REL_CTX001_EV_PREPARATION_INDEPENDENCE;REL_CTX001_MODEL_DIAGNOSTICS;REL_CTX001_PAIRING_CERTAINTY;REL_CTX001_PATHWAY_EVIDENCE;REL_CTX001_PHENOTYPE_SUPPORT;REL_CTX001_RECIPIENT_DONOR_INDEPENDENCE;REL_CTX001_SAMPLE_QC;REL_CTX001_SENSITIVITY_STABILITY;REL_CTX001_STUDY_INDEPENDENCE,EXP001-C4,data/metadata/skinexo_response_components.csv;reports/EXP001_C4_pathway_analysis.md
CTX001,E,E003,INACTIVE,1.0248304022153816,0.5723019844641943,GOBP_COLLAGEN_CATABOLIC_PROCESS,OBSERVED_NULL,1,0,TRANSCRIPTOME,,NOT_APPLICABLE,REL_CTX001_ANNOTATION_CERTAINTY;REL_CTX001_BATCH_ADJUSTMENT;REL_CTX001_CONTROL_CERTAINTY;REL_CTX001_CROSS_CONTEXT_REPLICATION;REL_CTX001_EV_PREPARATION_INDEPENDENCE;REL_CTX001_MODEL_DIAGNOSTICS;REL_CTX001_PAIRING_CERTAINTY;REL_CTX001_PATHWAY_EVIDENCE;REL_CTX001_PHENOTYPE_SUPPORT;REL_CTX001_RECIPIENT_DONOR_INDEPENDENCE;REL_CTX001_SAMPLE_QC;REL_CTX001_SENSITIVITY_STABILITY;REL_CTX001_STUDY_INDEPENDENCE,EXP001-C4,data/metadata/skinexo_response_components.csv;reports/EXP001_C4_pathway_analysis.md
CTX001,E,E004,NEGATIVE,-1.994897796036284,0.0145074031979713,GOBP_COLLAGEN_FIBRIL_ORGANIZATION,ACTIVE_NEGATIVE,1,1,TRANSCRIPTOME,,NOT_APPLICABLE,REL_CTX001_ANNOTATION_CERTAINTY;REL_CTX001_BATCH_ADJUSTMENT;REL_CTX001_CONTROL_CERTAINTY;REL_CTX001_CROSS_CONTEXT_REPLICATION;REL_CTX001_EV_PREPARATION_INDEPENDENCE;REL_CTX001_MODEL_DIAGNOSTICS;REL_CTX001_PAIRING_CERTAINTY;REL_CTX001_PATHWAY_EVIDENCE;REL_CTX001_PHENOTYPE_SUPPORT;REL_CTX001_RECIPIENT_DONOR_INDEPENDENCE;REL_CTX001_SAMPLE_QC;REL_CTX001_SENSITIVITY_STABILITY;REL_CTX001_STUDY_INDEPENDENCE,EXP001-C4,data/metadata/skinexo_response_components.csv;reports/EXP001_C4_pathway_analysis.md
CTX001,E,E005,INACTIVE,-1.370481196389007,0.1950829252587343,GOBP_COLLAGEN_METABOLIC_PROCESS,OBSERVED_NULL,1,0,TRANSCRIPTOME,,NOT_APPLICABLE,REL_CTX001_ANNOTATION_CERTAINTY;REL_CTX001_BATCH_ADJUSTMENT;REL_CTX001_CONTROL_CERTAINTY;REL_CTX001_CROSS_CONTEXT_REPLICATION;REL_CTX001_EV_PREPARATION_INDEPENDENCE;REL_CTX001_MODEL_DIAGNOSTICS;REL_CTX001_PAIRING_CERTAINTY;REL_CTX001_PATHWAY_EVIDENCE;REL_CTX001_PHENOTYPE_SUPPORT;REL_CTX001_RECIPIENT_DONOR_INDEPENDENCE;REL_CTX001_SAMPLE_QC;REL_CTX001_SENSITIVITY_STABILITY;REL_CTX001_STUDY_INDEPENDENCE,EXP001-C4,data/metadata/skinexo_response_components.csv;reports/EXP001_C4_pathway_analysis.md
CTX001,E,E006,NEGATIVE,-1.9429957770661817,0.0247969132439399,GOBP_EXTRACELLULAR_MATRIX_ASSEMBLY,ACTIVE_NEGATIVE,1,1,TRANSCRIPTOME,,NOT_APPLICABLE,REL_CTX001_ANNOTATION_CERTAINTY;REL_CTX001_BATCH_ADJUSTMENT;REL_CTX001_CONTROL_CERTAINTY;REL_CTX001_CROSS_CONTEXT_REPLICATION;REL_CTX001_EV_PREPARATION_INDEPENDENCE;REL_CTX001_MODEL_DIAGNOSTICS;REL_CTX001_PAIRING_CERTAINTY;REL_CTX001_PATHWAY_EVIDENCE;REL_CTX001_PHENOTYPE_SUPPORT;REL_CTX001_RECIPIENT_DONOR_INDEPENDENCE;REL_CTX001_SAMPLE_QC;REL_CTX001_SENSITIVITY_STABILITY;REL_CTX001_STUDY_INDEPENDENCE,EXP001-C4,data/metadata/skinexo_response_components.csv;reports/EXP001_C4_pathway_analysis.md
CTX001,E,E007,INACTIVE,-1.402501262446961,0.1755872189325786,GOBP_EXTRACELLULAR_MATRIX_DISASSEMBLY,OBSERVED_NULL,1,0,TRANSCRIPTOME,,NOT_APPLICABLE,REL_CTX001_ANNOTATION_CERTAINTY;REL_CTX001_BATCH_ADJUSTMENT;REL_CTX001_CONTROL_CERTAINTY;REL_CTX001_CROSS_CONTEXT_REPLICATION;REL_CTX001_EV_PREPARATION_INDEPENDENCE;REL_CTX001_MODEL_DIAGNOSTICS;REL_CTX001_PAIRING_CERTAINTY;REL_CTX001_PATHWAY_EVIDENCE;REL_CTX001_PHENOTYPE_SUPPORT;REL_CTX001_RECIPIENT_DONOR_INDEPENDENCE;REL_CTX001_SAMPLE_QC;REL_CTX001_SENSITIVITY_STABILITY;REL_CTX001_STUDY_INDEPENDENCE,EXP001-C4,data/metadata/skinexo_response_components.csv;reports/EXP001_C4_pathway_analysis.md
CTX001,E,E008,INACTIVE,-1.703218090868992,0.0636894923166869,GOBP_NEGATIVE_REGULATION_OF_EXTRACELLULAR_MATRIX_ORGANIZATION,OBSERVED_NULL,1,0,TRANSCRIPTOME,,NOT_APPLICABLE,REL_CTX001_ANNOTATION_CERTAINTY;REL_CTX001_BATCH_ADJUSTMENT;REL_CTX001_CONTROL_CERTAINTY;REL_CTX001_CROSS_CONTEXT_REPLICATION;REL_CTX001_EV_PREPARATION_INDEPENDENCE;REL_CTX001_MODEL_DIAGNOSTICS;REL_CTX001_PAIRING_CERTAINTY;REL_CTX001_PATHWAY_EVIDENCE;REL_CTX001_PHENOTYPE_SUPPORT;REL_CTX001_RECIPIENT_DONOR_INDEPENDENCE;REL_CTX001_SAMPLE_QC;REL_CTX001_SENSITIVITY_STABILITY;REL_CTX001_STUDY_INDEPENDENCE,EXP001-C4,data/metadata/skinexo_response_components.csv;reports/EXP001_C4_pathway_analysis.md
CTX001,E,E009,INACTIVE,-0.848979461967351,0.8030178498885916,GOBP_NEGATIVE_REGULATION_OF_TISSUE_REMODELING,OBSERVED_NULL,1,0,TRANSCRIPTOME,,NOT_APPLICABLE,REL_CTX001_ANNOTATION_CERTAINTY;REL_CTX001_BATCH_ADJUSTMENT;REL_CTX001_CONTROL_CERTAINTY;REL_CTX001_CROSS_CONTEXT_REPLICATION;REL_CTX001_EV_PREPARATION_INDEPENDENCE;REL_CTX001_MODEL_DIAGNOSTICS;REL_CTX001_PAIRING_CERTAINTY;REL_CTX001_PATHWAY_EVIDENCE;REL_CTX001_PHENOTYPE_SUPPORT;REL_CTX001_RECIPIENT_DONOR_INDEPENDENCE;REL_CTX001_SAMPLE_QC;REL_CTX001_SENSITIVITY_STABILITY;REL_CTX001_STUDY_INDEPENDENCE,EXP001-C4,data/metadata/skinexo_response_components.csv;reports/EXP001_C4_pathway_analysis.md
CTX001,E,E010,INACTIVE,-1.445863424980492,0.1532174148392899,GOBP_POSITIVE_REGULATION_OF_EXTRACELLULAR_MATRIX_ORGANIZATION,OBSERVED_NULL,1,0,TRANSCRIPTOME,,NOT_APPLICABLE,REL_CTX001_ANNOTATION_CERTAINTY;REL_CTX001_BATCH_ADJUSTMENT;REL_CTX001_CONTROL_CERTAINTY;REL_CTX001_CROSS_CONTEXT_REPLICATION;REL_CTX001_EV_PREPARATION_INDEPENDENCE;REL_CTX001_MODEL_DIAGNOSTICS;REL_CTX001_PAIRING_CERTAINTY;REL_CTX001_PATHWAY_EVIDENCE;REL_CTX001_PHENOTYPE_SUPPORT;REL_CTX001_RECIPIENT_DONOR_INDEPENDENCE;REL_CTX001_SAMPLE_QC;REL_CTX001_SENSITIVITY_STABILITY;REL_CTX001_STUDY_INDEPENDENCE,EXP001-C4,data/metadata/skinexo_response_components.csv;reports/EXP001_C4_pathway_analysis.md
CTX001,E,E011,INACTIVE,-1.594313969990505,0.0971594649249232,GOBP_REGULATION_OF_EXTRACELLULAR_MATRIX_DISASSEMBLY,OBSERVED_NULL,1,0,TRANSCRIPTOME,,NOT_APPLICABLE,REL_CTX001_ANNOTATION_CERTAINTY;REL_CTX001_BATCH_ADJUSTMENT;REL_CTX001_CONTROL_CERTAINTY;REL_CTX001_CROSS_CONTEXT_REPLICATION;REL_CTX001_EV_PREPARATION_INDEPENDENCE;REL_CTX001_MODEL_DIAGNOSTICS;REL_CTX001_PAIRING_CERTAINTY;REL_CTX001_PATHWAY_EVIDENCE;REL_CTX001_PHENOTYPE_SUPPORT;REL_CTX001_RECIPIENT_DONOR_INDEPENDENCE;REL_CTX001_SAMPLE_QC;REL_CTX001_SENSITIVITY_STABILITY;REL_CTX001_STUDY_INDEPENDENCE,EXP001-C4,data/metadata/skinexo_response_components.csv;reports/EXP001_C4_pathway_analysis.md
CTX001,E,E012,NEGATIVE,-1.862181442561959,0.0322815840450743,GOBP_REGULATION_OF_EXTRACELLULAR_MATRIX_ORGANIZATION,ACTIVE_NEGATIVE,1,1,TRANSCRIPTOME,,NOT_APPLICABLE,REL_CTX001_ANNOTATION_CERTAINTY;REL_CTX001_BATCH_ADJUSTMENT;REL_CTX001_CONTROL_CERTAINTY;REL_CTX001_CROSS_CONTEXT_REPLICATION;REL_CTX001_EV_PREPARATION_INDEPENDENCE;REL_CTX001_MODEL_DIAGNOSTICS;REL_CTX001_PAIRING_CERTAINTY;REL_CTX001_PATHWAY_EVIDENCE;REL_CTX001_PHENOTYPE_SUPPORT;REL_CTX001_RECIPIENT_DONOR_INDEPENDENCE;REL_CTX001_SAMPLE_QC;REL_CTX001_SENSITIVITY_STABILITY;REL_CTX001_STUDY_INDEPENDENCE,EXP001-C4,data/metadata/skinexo_response_components.csv;reports/EXP001_C4_pathway_analysis.md
CTX001,E,E013,INACTIVE,-1.1984448176650155,0.328720648353843,GOBP_REGULATION_OF_TISSUE_REMODELING,OBSERVED_NULL,1,0,TRANSCRIPTOME,,NOT_APPLICABLE,REL_CTX001_ANNOTATION_CERTAINTY;REL_CTX001_BATCH_ADJUSTMENT;REL_CTX001_CONTROL_CERTAINTY;REL_CTX001_CROSS_CONTEXT_REPLICATION;REL_CTX001_EV_PREPARATION_INDEPENDENCE;REL_CTX001_MODEL_DIAGNOSTICS;REL_CTX001_PAIRING_CERTAINTY;REL_CTX001_PATHWAY_EVIDENCE;REL_CTX001_PHENOTYPE_SUPPORT;REL_CTX001_RECIPIENT_DONOR_INDEPENDENCE;REL_CTX001_SAMPLE_QC;REL_CTX001_SENSITIVITY_STABILITY;REL_CTX001_STUDY_INDEPENDENCE,EXP001-C4,data/metadata/skinexo_response_components.csv;reports/EXP001_C4_pathway_analysis.md
CTX001,E,E014,INACTIVE,-1.3682418195439665,0.1962787374116763,GOBP_TISSUE_REMODELING,OBSERVED_NULL,1,0,TRANSCRIPTOME,,NOT_APPLICABLE,REL_CTX001_ANNOTATION_CERTAINTY;REL_CTX001_BATCH_ADJUSTMENT;REL_CTX001_CONTROL_CERTAINTY;REL_CTX001_CROSS_CONTEXT_REPLICATION;REL_CTX001_EV_PREPARATION_INDEPENDENCE;REL_CTX001_MODEL_DIAGNOSTICS;REL_CTX001_PAIRING_CERTAINTY;REL_CTX001_PATHWAY_EVIDENCE;REL_CTX001_PHENOTYPE_SUPPORT;REL_CTX001_RECIPIENT_DONOR_INDEPENDENCE;REL_CTX001_SAMPLE_QC;REL_CTX001_SENSITIVITY_STABILITY;REL_CTX001_STUDY_INDEPENDENCE,EXP001-C4,data/metadata/skinexo_response_components.csv;reports/EXP001_C4_pathway_analysis.md
CTX001,E,E015,INACTIVE,-1.4467191467578542,0.152974585936898,REACTOME_COLLAGEN_BIOSYNTHESIS_AND_MODIFYING_ENZYMES,OBSERVED_NULL,1,0,TRANSCRIPTOME,,NOT_APPLICABLE,REL_CTX001_ANNOTATION_CERTAINTY;REL_CTX001_BATCH_ADJUSTMENT;REL_CTX001_CONTROL_CERTAINTY;REL_CTX001_CROSS_CONTEXT_REPLICATION;REL_CTX001_EV_PREPARATION_INDEPENDENCE;REL_CTX001_MODEL_DIAGNOSTICS;REL_CTX001_PAIRING_CERTAINTY;REL_CTX001_PATHWAY_EVIDENCE;REL_CTX001_PHENOTYPE_SUPPORT;REL_CTX001_RECIPIENT_DONOR_INDEPENDENCE;REL_CTX001_SAMPLE_QC;REL_CTX001_SENSITIVITY_STABILITY;REL_CTX001_STUDY_INDEPENDENCE,EXP001-C4,data/metadata/skinexo_response_components.csv;reports/EXP001_C4_pathway_analysis.md
CTX001,E,E016,INACTIVE,-1.5627241082825147,0.1062103288373241,REACTOME_CELL_EXTRACELLULAR_MATRIX_INTERACTIONS,OBSERVED_NULL,1,0,TRANSCRIPTOME,,NOT_APPLICABLE,REL_CTX001_ANNOTATION_CERTAINTY;REL_CTX001_BATCH_ADJUSTMENT;REL_CTX001_CONTROL_CERTAINTY;REL_CTX001_CROSS_CONTEXT_REPLICATION;REL_CTX001_EV_PREPARATION_INDEPENDENCE;REL_CTX001_MODEL_DIAGNOSTICS;REL_CTX001_PAIRING_CERTAINTY;REL_CTX001_PATHWAY_EVIDENCE;REL_CTX001_PHENOTYPE_SUPPORT;REL_CTX001_RECIPIENT_DONOR_INDEPENDENCE;REL_CTX001_SAMPLE_QC;REL_CTX001_SENSITIVITY_STABILITY;REL_CTX001_STUDY_INDEPENDENCE,EXP001-C4,data/metadata/skinexo_response_components.csv;reports/EXP001_C4_pathway_analysis.md
CTX001,E,E017,INACTIVE,-1.6993648976604243,0.0645448784661008,REACTOME_CROSSLINKING_OF_COLLAGEN_FIBRILS,OBSERVED_NULL,1,0,TRANSCRIPTOME,,NOT_APPLICABLE,REL_CTX001_ANNOTATION_CERTAINTY;REL_CTX001_BATCH_ADJUSTMENT;REL_CTX001_CONTROL_CERTAINTY;REL_CTX001_CROSS_CONTEXT_REPLICATION;REL_CTX001_EV_PREPARATION_INDEPENDENCE;REL_CTX001_MODEL_DIAGNOSTICS;REL_CTX001_PAIRING_CERTAINTY;REL_CTX001_PATHWAY_EVIDENCE;REL_CTX001_PHENOTYPE_SUPPORT;REL_CTX001_RECIPIENT_DONOR_INDEPENDENCE;REL_CTX001_SAMPLE_QC;REL_CTX001_SENSITIVITY_STABILITY;REL_CTX001_STUDY_INDEPENDENCE,EXP001-C4,data/metadata/skinexo_response_components.csv;reports/EXP001_C4_pathway_analysis.md
CTX001,E,E018,INACTIVE,-1.5499826468032798,0.1101297934066824,REACTOME_DEGRADATION_OF_THE_EXTRACELLULAR_MATRIX,OBSERVED_NULL,1,0,TRANSCRIPTOME,,NOT_APPLICABLE,REL_CTX001_ANNOTATION_CERTAINTY;REL_CTX001_BATCH_ADJUSTMENT;REL_CTX001_CONTROL_CERTAINTY;REL_CTX001_CROSS_CONTEXT_REPLICATION;REL_CTX001_EV_PREPARATION_INDEPENDENCE;REL_CTX001_MODEL_DIAGNOSTICS;REL_CTX001_PAIRING_CERTAINTY;REL_CTX001_PATHWAY_EVIDENCE;REL_CTX001_PHENOTYPE_SUPPORT;REL_CTX001_RECIPIENT_DONOR_INDEPENDENCE;REL_CTX001_SAMPLE_QC;REL_CTX001_SENSITIVITY_STABILITY;REL_CTX001_STUDY_INDEPENDENCE,EXP001-C4,data/metadata/skinexo_response_components.csv;reports/EXP001_C4_pathway_analysis.md
CTX001,E,E019,INACTIVE,-1.7817366634382563,0.0537527389244545,REACTOME_ECM_PROTEOGLYCANS,OBSERVED_NULL,1,0,TRANSCRIPTOME,,NOT_APPLICABLE,REL_CTX001_ANNOTATION_CERTAINTY;REL_CTX001_BATCH_ADJUSTMENT;REL_CTX001_CONTROL_CERTAINTY;REL_CTX001_CROSS_CONTEXT_REPLICATION;REL_CTX001_EV_PREPARATION_INDEPENDENCE;REL_CTX001_MODEL_DIAGNOSTICS;REL_CTX001_PAIRING_CERTAINTY;REL_CTX001_PATHWAY_EVIDENCE;REL_CTX001_PHENOTYPE_SUPPORT;REL_CTX001_RECIPIENT_DONOR_INDEPENDENCE;REL_CTX001_SAMPLE_QC;REL_CTX001_SENSITIVITY_STABILITY;REL_CTX001_STUDY_INDEPENDENCE,EXP001-C4,data/metadata/skinexo_response_components.csv;reports/EXP001_C4_pathway_analysis.md
CTX001,E,E020,NEGATIVE,-1.948866437079759,0.0231609419476384,REACTOME_EXTRACELLULAR_MATRIX_ORGANIZATION,ACTIVE_NEGATIVE,1,1,TRANSCRIPTOME,,NOT_APPLICABLE,REL_CTX001_ANNOTATION_CERTAINTY;REL_CTX001_BATCH_ADJUSTMENT;REL_CTX001_CONTROL_CERTAINTY;REL_CTX001_CROSS_CONTEXT_REPLICATION;REL_CTX001_EV_PREPARATION_INDEPENDENCE;REL_CTX001_MODEL_DIAGNOSTICS;REL_CTX001_PAIRING_CERTAINTY;REL_CTX001_PATHWAY_EVIDENCE;REL_CTX001_PHENOTYPE_SUPPORT;REL_CTX001_RECIPIENT_DONOR_INDEPENDENCE;REL_CTX001_SAMPLE_QC;REL_CTX001_SENSITIVITY_STABILITY;REL_CTX001_STUDY_INDEPENDENCE,EXP001-C4,data/metadata/skinexo_response_components.csv;reports/EXP001_C4_pathway_analysis.md
CTX001,E,E021,INACTIVE,-1.3410710124578116,0.2130958314563448,REACTOME_INTEGRIN_CELL_SURFACE_INTERACTIONS,OBSERVED_NULL,1,0,TRANSCRIPTOME,,NOT_APPLICABLE,REL_CTX001_ANNOTATION_CERTAINTY;REL_CTX001_BATCH_ADJUSTMENT;REL_CTX001_CONTROL_CERTAINTY;REL_CTX001_CROSS_CONTEXT_REPLICATION;REL_CTX001_EV_PREPARATION_INDEPENDENCE;REL_CTX001_MODEL_DIAGNOSTICS;REL_CTX001_PAIRING_CERTAINTY;REL_CTX001_PATHWAY_EVIDENCE;REL_CTX001_PHENOTYPE_SUPPORT;REL_CTX001_RECIPIENT_DONOR_INDEPENDENCE;REL_CTX001_SAMPLE_QC;REL_CTX001_SENSITIVITY_STABILITY;REL_CTX001_STUDY_INDEPENDENCE,EXP001-C4,data/metadata/skinexo_response_components.csv;reports/EXP001_C4_pathway_analysis.md
CTX001,E,E022,NEGATIVE,-1.9332364638622683,0.0236715447242619,REACTOME_NON_INTEGRIN_MEMBRANE_ECM_INTERACTIONS,ACTIVE_NEGATIVE,1,1,TRANSCRIPTOME,,NOT_APPLICABLE,REL_CTX001_ANNOTATION_CERTAINTY;REL_CTX001_BATCH_ADJUSTMENT;REL_CTX001_CONTROL_CERTAINTY;REL_CTX001_CROSS_CONTEXT_REPLICATION;REL_CTX001_EV_PREPARATION_INDEPENDENCE;REL_CTX001_MODEL_DIAGNOSTICS;REL_CTX001_PAIRING_CERTAINTY;REL_CTX001_PATHWAY_EVIDENCE;REL_CTX001_PHENOTYPE_SUPPORT;REL_CTX001_RECIPIENT_DONOR_INDEPENDENCE;REL_CTX001_SAMPLE_QC;REL_CTX001_SENSITIVITY_STABILITY;REL_CTX001_STUDY_INDEPENDENCE,EXP001-C4,data/metadata/skinexo_response_components.csv;reports/EXP001_C4_pathway_analysis.md
CTX001,I,I001,INACTIVE,-1.2349650201912858,0.2931531421933971,GOBP_REGULATION_OF_INNATE_IMMUNE_RESPONSE,OBSERVED_NULL,1,0,TRANSCRIPTOME,,NOT_APPLICABLE,REL_CTX001_ANNOTATION_CERTAINTY;REL_CTX001_BATCH_ADJUSTMENT;REL_CTX001_CONTROL_CERTAINTY;REL_CTX001_CROSS_CONTEXT_REPLICATION;REL_CTX001_EV_PREPARATION_INDEPENDENCE;REL_CTX001_MODEL_DIAGNOSTICS;REL_CTX001_PAIRING_CERTAINTY;REL_CTX001_PATHWAY_EVIDENCE;REL_CTX001_PHENOTYPE_SUPPORT;REL_CTX001_RECIPIENT_DONOR_INDEPENDENCE;REL_CTX001_SAMPLE_QC;REL_CTX001_SENSITIVITY_STABILITY;REL_CTX001_STUDY_INDEPENDENCE,EXP001-C4,data/metadata/skinexo_response_components.csv;reports/EXP001_C4_pathway_analysis.md
CTX001,I,I002,INACTIVE,-1.6553070221403634,0.078434371859874,GOBP_ACUTE_INFLAMMATORY_RESPONSE,OBSERVED_NULL,1,0,TRANSCRIPTOME,,NOT_APPLICABLE,REL_CTX001_ANNOTATION_CERTAINTY;REL_CTX001_BATCH_ADJUSTMENT;REL_CTX001_CONTROL_CERTAINTY;REL_CTX001_CROSS_CONTEXT_REPLICATION;REL_CTX001_EV_PREPARATION_INDEPENDENCE;REL_CTX001_MODEL_DIAGNOSTICS;REL_CTX001_PAIRING_CERTAINTY;REL_CTX001_PATHWAY_EVIDENCE;REL_CTX001_PHENOTYPE_SUPPORT;REL_CTX001_RECIPIENT_DONOR_INDEPENDENCE;REL_CTX001_SAMPLE_QC;REL_CTX001_SENSITIVITY_STABILITY;REL_CTX001_STUDY_INDEPENDENCE,EXP001-C4,data/metadata/skinexo_response_components.csv;reports/EXP001_C4_pathway_analysis.md
CTX001,I,I003,INACTIVE,-1.1337419291258737,0.3897579040768001,GOBP_IMMUNE_EFFECTOR_PROCESS,OBSERVED_NULL,1,0,TRANSCRIPTOME,,NOT_APPLICABLE,REL_CTX001_ANNOTATION_CERTAINTY;REL_CTX001_BATCH_ADJUSTMENT;REL_CTX001_CONTROL_CERTAINTY;REL_CTX001_CROSS_CONTEXT_REPLICATION;REL_CTX001_EV_PREPARATION_INDEPENDENCE;REL_CTX001_MODEL_DIAGNOSTICS;REL_CTX001_PAIRING_CERTAINTY;REL_CTX001_PATHWAY_EVIDENCE;REL_CTX001_PHENOTYPE_SUPPORT;REL_CTX001_RECIPIENT_DONOR_INDEPENDENCE;REL_CTX001_SAMPLE_QC;REL_CTX001_SENSITIVITY_STABILITY;REL_CTX001_STUDY_INDEPENDENCE,EXP001-C4,data/metadata/skinexo_response_components.csv;reports/EXP001_C4_pathway_analysis.md
CTX001,I,I004,INACTIVE,1.1372240076160534,0.4134051500579458,GOBP_ANTIMICROBIAL_HUMORAL_IMMUNE_RESPONSE_MEDIATED_BY_ANTIMICROBIAL_PEPTIDE,OBSERVED_NULL,1,0,TRANSCRIPTOME,,NOT_APPLICABLE,REL_CTX001_ANNOTATION_CERTAINTY;REL_CTX001_BATCH_ADJUSTMENT;REL_CTX001_CONTROL_CERTAINTY;REL_CTX001_CROSS_CONTEXT_REPLICATION;REL_CTX001_EV_PREPARATION_INDEPENDENCE;REL_CTX001_MODEL_DIAGNOSTICS;REL_CTX001_PAIRING_CERTAINTY;REL_CTX001_PATHWAY_EVIDENCE;REL_CTX001_PHENOTYPE_SUPPORT;REL_CTX001_RECIPIENT_DONOR_INDEPENDENCE;REL_CTX001_SAMPLE_QC;REL_CTX001_SENSITIVITY_STABILITY;REL_CTX001_STUDY_INDEPENDENCE,EXP001-C4,data/metadata/skinexo_response_components.csv;reports/EXP001_C4_pathway_analysis.md
CTX001,I,I005,INACTIVE,-0.7204497212972247,0.9349581565060988,GOBP_ANTIVIRAL_INNATE_IMMUNE_RESPONSE,OBSERVED_NULL,1,0,TRANSCRIPTOME,,NOT_APPLICABLE,REL_CTX001_ANNOTATION_CERTAINTY;REL_CTX001_BATCH_ADJUSTMENT;REL_CTX001_CONTROL_CERTAINTY;REL_CTX001_CROSS_CONTEXT_REPLICATION;REL_CTX001_EV_PREPARATION_INDEPENDENCE;REL_CTX001_MODEL_DIAGNOSTICS;REL_CTX001_PAIRING_CERTAINTY;REL_CTX001_PATHWAY_EVIDENCE;REL_CTX001_PHENOTYPE_SUPPORT;REL_CTX001_RECIPIENT_DONOR_INDEPENDENCE;REL_CTX001_SAMPLE_QC;REL_CTX001_SENSITIVITY_STABILITY;REL_CTX001_STUDY_INDEPENDENCE,EXP001-C4,data/metadata/skinexo_response_components.csv;reports/EXP001_C4_pathway_analysis.md
CTX001,I,I006,POSITIVE,1.5956023323838122,0.0430176772259495,GOBP_SOMATIC_DIVERSIFICATION_OF_IMMUNE_RECEPTORS,ACTIVE_POSITIVE,1,1,TRANSCRIPTOME,,NOT_APPLICABLE,REL_CTX001_ANNOTATION_CERTAINTY;REL_CTX001_BATCH_ADJUSTMENT;REL_CTX001_CONTROL_CERTAINTY;REL_CTX001_CROSS_CONTEXT_REPLICATION;REL_CTX001_EV_PREPARATION_INDEPENDENCE;REL_CTX001_MODEL_DIAGNOSTICS;REL_CTX001_PAIRING_CERTAINTY;REL_CTX001_PATHWAY_EVIDENCE;REL_CTX001_PHENOTYPE_SUPPORT;REL_CTX001_RECIPIENT_DONOR_INDEPENDENCE;REL_CTX001_SAMPLE_QC;REL_CTX001_SENSITIVITY_STABILITY;REL_CTX001_STUDY_INDEPENDENCE,EXP001-C4,data/metadata/skinexo_response_components.csv;reports/EXP001_C4_pathway_analysis.md
CTX001,I,I007,INACTIVE,0.8669707036086831,0.8019855367954747,GOBP_RESPONSE_TO_INTERFERON_BETA,OBSERVED_NULL,1,0,TRANSCRIPTOME,,NOT_APPLICABLE,REL_CTX001_ANNOTATION_CERTAINTY;REL_CTX001_BATCH_ADJUSTMENT;REL_CTX001_CONTROL_CERTAINTY;REL_CTX001_CROSS_CONTEXT_REPLICATION;REL_CTX001_EV_PREPARATION_INDEPENDENCE;REL_CTX001_MODEL_DIAGNOSTICS;REL_CTX001_PAIRING_CERTAINTY;REL_CTX001_PATHWAY_EVIDENCE;REL_CTX001_PHENOTYPE_SUPPORT;REL_CTX001_RECIPIENT_DONOR_INDEPENDENCE;REL_CTX001_SAMPLE_QC;REL_CTX001_SENSITIVITY_STABILITY;REL_CTX001_STUDY_INDEPENDENCE,EXP001-C4,data/metadata/skinexo_response_components.csv;reports/EXP001_C4_pathway_analysis.md
CTX001,I,I008,INACTIVE,-1.193832733387734,0.3324234214031625,GOBP_RESPONSE_TO_INTERLEUKIN_1,OBSERVED_NULL,1,0,TRANSCRIPTOME,,NOT_APPLICABLE,REL_CTX001_ANNOTATION_CERTAINTY;REL_CTX001_BATCH_ADJUSTMENT;REL_CTX001_CONTROL_CERTAINTY;REL_CTX001_CROSS_CONTEXT_REPLICATION;REL_CTX001_EV_PREPARATION_INDEPENDENCE;REL_CTX001_MODEL_DIAGNOSTICS;REL_CTX001_PAIRING_CERTAINTY;REL_CTX001_PATHWAY_EVIDENCE;REL_CTX001_PHENOTYPE_SUPPORT;REL_CTX001_RECIPIENT_DONOR_INDEPENDENCE;REL_CTX001_SAMPLE_QC;REL_CTX001_SENSITIVITY_STABILITY;REL_CTX001_STUDY_INDEPENDENCE,EXP001-C4,data/metadata/skinexo_response_components.csv;reports/EXP001_C4_pathway_analysis.md
CTX001,I,I009,INACTIVE,-1.4151871988867648,0.1674852692617745,GOBP_CELLULAR_RESPONSE_TO_TYPE_II_INTERFERON,OBSERVED_NULL,1,0,TRANSCRIPTOME,,NOT_APPLICABLE,REL_CTX001_ANNOTATION_CERTAINTY;REL_CTX001_BATCH_ADJUSTMENT;REL_CTX001_CONTROL_CERTAINTY;REL_CTX001_CROSS_CONTEXT_REPLICATION;REL_CTX001_EV_PREPARATION_INDEPENDENCE;REL_CTX001_MODEL_DIAGNOSTICS;REL_CTX001_PAIRING_CERTAINTY;REL_CTX001_PATHWAY_EVIDENCE;REL_CTX001_PHENOTYPE_SUPPORT;REL_CTX001_RECIPIENT_DONOR_INDEPENDENCE;REL_CTX001_SAMPLE_QC;REL_CTX001_SENSITIVITY_STABILITY;REL_CTX001_STUDY_INDEPENDENCE,EXP001-C4,data/metadata/skinexo_response_components.csv;reports/EXP001_C4_pathway_analysis.md
CTX001,I,I010,INACTIVE,1.226103935472515,0.3074525677373175,GOBP_CELL_ACTIVATION_INVOLVED_IN_IMMUNE_RESPONSE,OBSERVED_NULL,1,0,TRANSCRIPTOME,,NOT_APPLICABLE,REL_CTX001_ANNOTATION_CERTAINTY;REL_CTX001_BATCH_ADJUSTMENT;REL_CTX001_CONTROL_CERTAINTY;REL_CTX001_CROSS_CONTEXT_REPLICATION;REL_CTX001_EV_PREPARATION_INDEPENDENCE;REL_CTX001_MODEL_DIAGNOSTICS;REL_CTX001_PAIRING_CERTAINTY;REL_CTX001_PATHWAY_EVIDENCE;REL_CTX001_PHENOTYPE_SUPPORT;REL_CTX001_RECIPIENT_DONOR_INDEPENDENCE;REL_CTX001_SAMPLE_QC;REL_CTX001_SENSITIVITY_STABILITY;REL_CTX001_STUDY_INDEPENDENCE,EXP001-C4,data/metadata/skinexo_response_components.csv;reports/EXP001_C4_pathway_analysis.md
CTX001,I,I011,INACTIVE,-1.2652307461893326,0.2696464896527374,GOBP_INNATE_IMMUNE_RESPONSE_ACTIVATING_CELL_SURFACE_RECEPTOR_SIGNALING_PATHWAY,OBSERVED_NULL,1,0,TRANSCRIPTOME,,NOT_APPLICABLE,REL_CTX001_ANNOTATION_CERTAINTY;REL_CTX001_BATCH_ADJUSTMENT;REL_CTX001_CONTROL_CERTAINTY;REL_CTX001_CROSS_CONTEXT_REPLICATION;REL_CTX001_EV_PREPARATION_INDEPENDENCE;REL_CTX001_MODEL_DIAGNOSTICS;REL_CTX001_PAIRING_CERTAINTY;REL_CTX001_PATHWAY_EVIDENCE;REL_CTX001_PHENOTYPE_SUPPORT;REL_CTX001_RECIPIENT_DONOR_INDEPENDENCE;REL_CTX001_SAMPLE_QC;REL_CTX001_SENSITIVITY_STABILITY;REL_CTX001_STUDY_INDEPENDENCE,EXP001-C4,data/metadata/skinexo_response_components.csv;reports/EXP001_C4_pathway_analysis.md
CTX001,I,I012,INACTIVE,-1.1120180640496806,0.4148443140109558,GOBP_CYTOKINE_MEDIATED_SIGNALING_PATHWAY,OBSERVED_NULL,1,0,TRANSCRIPTOME,,NOT_APPLICABLE,REL_CTX001_ANNOTATION_CERTAINTY;REL_CTX001_BATCH_ADJUSTMENT;REL_CTX001_CONTROL_CERTAINTY;REL_CTX001_CROSS_CONTEXT_REPLICATION;REL_CTX001_EV_PREPARATION_INDEPENDENCE;REL_CTX001_MODEL_DIAGNOSTICS;REL_CTX001_PAIRING_CERTAINTY;REL_CTX001_PATHWAY_EVIDENCE;REL_CTX001_PHENOTYPE_SUPPORT;REL_CTX001_RECIPIENT_DONOR_INDEPENDENCE;REL_CTX001_SAMPLE_QC;REL_CTX001_SENSITIVITY_STABILITY;REL_CTX001_STUDY_INDEPENDENCE,EXP001-C4,data/metadata/skinexo_response_components.csv;reports/EXP001_C4_pathway_analysis.md
CTX001,I,I013,INACTIVE,-1.009682047642201,0.5535628820953539,GOBP_NEGATIVE_REGULATION_OF_CYTOKINE_PRODUCTION_INVOLVED_IN_INFLAMMATORY_RESPONSE,OBSERVED_NULL,1,0,TRANSCRIPTOME,,NOT_APPLICABLE,REL_CTX001_ANNOTATION_CERTAINTY;REL_CTX001_BATCH_ADJUSTMENT;REL_CTX001_CONTROL_CERTAINTY;REL_CTX001_CROSS_CONTEXT_REPLICATION;REL_CTX001_EV_PREPARATION_INDEPENDENCE;REL_CTX001_MODEL_DIAGNOSTICS;REL_CTX001_PAIRING_CERTAINTY;REL_CTX001_PATHWAY_EVIDENCE;REL_CTX001_PHENOTYPE_SUPPORT;REL_CTX001_RECIPIENT_DONOR_INDEPENDENCE;REL_CTX001_SAMPLE_QC;REL_CTX001_SENSITIVITY_STABILITY;REL_CTX001_STUDY_INDEPENDENCE,EXP001-C4,data/metadata/skinexo_response_components.csv;reports/EXP001_C4_pathway_analysis.md
CTX001,I,I014,INACTIVE,1.0159039617987855,0.5833877809016005,GOBP_TOLL_LIKE_RECEPTOR_3_SIGNALING_PATHWAY,OBSERVED_NULL,1,0,TRANSCRIPTOME,,NOT_APPLICABLE,REL_CTX001_ANNOTATION_CERTAINTY;REL_CTX001_BATCH_ADJUSTMENT;REL_CTX001_CONTROL_CERTAINTY;REL_CTX001_CROSS_CONTEXT_REPLICATION;REL_CTX001_EV_PREPARATION_INDEPENDENCE;REL_CTX001_MODEL_DIAGNOSTICS;REL_CTX001_PAIRING_CERTAINTY;REL_CTX001_PATHWAY_EVIDENCE;REL_CTX001_PHENOTYPE_SUPPORT;REL_CTX001_RECIPIENT_DONOR_INDEPENDENCE;REL_CTX001_SAMPLE_QC;REL_CTX001_SENSITIVITY_STABILITY;REL_CTX001_STUDY_INDEPENDENCE,EXP001-C4,data/metadata/skinexo_response_components.csv;reports/EXP001_C4_pathway_analysis.md
CTX001,I,I015,INACTIVE,-1.1953004201378217,0.3314181041910565,GOBP_HUMORAL_IMMUNE_RESPONSE,OBSERVED_NULL,1,0,TRANSCRIPTOME,,NOT_APPLICABLE,REL_CTX001_ANNOTATION_CERTAINTY;REL_CTX001_BATCH_ADJUSTMENT;REL_CTX001_CONTROL_CERTAINTY;REL_CTX001_CROSS_CONTEXT_REPLICATION;REL_CTX001_EV_PREPARATION_INDEPENDENCE;REL_CTX001_MODEL_DIAGNOSTICS;REL_CTX001_PAIRING_CERTAINTY;REL_CTX001_PATHWAY_EVIDENCE;REL_CTX001_PHENOTYPE_SUPPORT;REL_CTX001_RECIPIENT_DONOR_INDEPENDENCE;REL_CTX001_SAMPLE_QC;REL_CTX001_SENSITIVITY_STABILITY;REL_CTX001_STUDY_INDEPENDENCE,EXP001-C4,data/metadata/skinexo_response_components.csv;reports/EXP001_C4_pathway_analysis.md
CTX001,I,I016,INACTIVE,-1.5189606720465194,0.1237330470741777,GOBP_HUMORAL_IMMUNE_RESPONSE_MEDIATED_BY_CIRCULATING_IMMUNOGLOBULIN,OBSERVED_NULL,1,0,TRANSCRIPTOME,,NOT_APPLICABLE,REL_CTX001_ANNOTATION_CERTAINTY;REL_CTX001_BATCH_ADJUSTMENT;REL_CTX001_CONTROL_CERTAINTY;REL_CTX001_CROSS_CONTEXT_REPLICATION;REL_CTX001_EV_PREPARATION_INDEPENDENCE;REL_CTX001_MODEL_DIAGNOSTICS;REL_CTX001_PAIRING_CERTAINTY;REL_CTX001_PATHWAY_EVIDENCE;REL_CTX001_PHENOTYPE_SUPPORT;REL_CTX001_RECIPIENT_DONOR_INDEPENDENCE;REL_CTX001_SAMPLE_QC;REL_CTX001_SENSITIVITY_STABILITY;REL_CTX001_STUDY_INDEPENDENCE,EXP001-C4,data/metadata/skinexo_response_components.csv;reports/EXP001_C4_pathway_analysis.md
CTX001,I,I017,INACTIVE,-0.8150715391283813,0.8456164582626392,GOBP_IMMUNE_RESPONSE_REGULATING_CELL_SURFACE_RECEPTOR_SIGNALING_PATHWAY_INVOLVED_IN_PHAGOCYTOSIS,OBSERVED_NULL,1,0,TRANSCRIPTOME,,NOT_APPLICABLE,REL_CTX001_ANNOTATION_CERTAINTY;REL_CTX001_BATCH_ADJUSTMENT;REL_CTX001_CONTROL_CERTAINTY;REL_CTX001_CROSS_CONTEXT_REPLICATION;REL_CTX001_EV_PREPARATION_INDEPENDENCE;REL_CTX001_MODEL_DIAGNOSTICS;REL_CTX001_PAIRING_CERTAINTY;REL_CTX001_PATHWAY_EVIDENCE;REL_CTX001_PHENOTYPE_SUPPORT;REL_CTX001_RECIPIENT_DONOR_INDEPENDENCE;REL_CTX001_SAMPLE_QC;REL_CTX001_SENSITIVITY_STABILITY;REL_CTX001_STUDY_INDEPENDENCE,EXP001-C4,data/metadata/skinexo_response_components.csv;reports/EXP001_C4_pathway_analysis.md
CTX001,I,I018,INACTIVE,1.1123737840716883,0.4504943703352211,GOBP_T_CELL_MEDIATED_IMMUNE_RESPONSE_TO_TUMOR_CELL,OBSERVED_NULL,1,0,TRANSCRIPTOME,,NOT_APPLICABLE,REL_CTX001_ANNOTATION_CERTAINTY;REL_CTX001_BATCH_ADJUSTMENT;REL_CTX001_CONTROL_CERTAINTY;REL_CTX001_CROSS_CONTEXT_REPLICATION;REL_CTX001_EV_PREPARATION_INDEPENDENCE;REL_CTX001_MODEL_DIAGNOSTICS;REL_CTX001_PAIRING_CERTAINTY;REL_CTX001_PATHWAY_EVIDENCE;REL_CTX001_PHENOTYPE_SUPPORT;REL_CTX001_RECIPIENT_DONOR_INDEPENDENCE;REL_CTX001_SAMPLE_QC;REL_CTX001_SENSITIVITY_STABILITY;REL_CTX001_STUDY_INDEPENDENCE,EXP001-C4,data/metadata/skinexo_response_components.csv;reports/EXP001_C4_pathway_analysis.md
CTX001,I,I019,INACTIVE,-1.0172220459653798,0.5410714716129181,GOBP_IMMUNE_SYSTEM_DEVELOPMENT,OBSERVED_NULL,1,0,TRANSCRIPTOME,,NOT_APPLICABLE,REL_CTX001_ANNOTATION_CERTAINTY;REL_CTX001_BATCH_ADJUSTMENT;REL_CTX001_CONTROL_CERTAINTY;REL_CTX001_CROSS_CONTEXT_REPLICATION;REL_CTX001_EV_PREPARATION_INDEPENDENCE;REL_CTX001_MODEL_DIAGNOSTICS;REL_CTX001_PAIRING_CERTAINTY;REL_CTX001_PATHWAY_EVIDENCE;REL_CTX001_PHENOTYPE_SUPPORT;REL_CTX001_RECIPIENT_DONOR_INDEPENDENCE;REL_CTX001_SAMPLE_QC;REL_CTX001_SENSITIVITY_STABILITY;REL_CTX001_STUDY_INDEPENDENCE,EXP001-C4,data/metadata/skinexo_response_components.csv;reports/EXP001_C4_pathway_analysis.md
CTX001,I,I020,INACTIVE,-1.3373513584436565,0.2157946083624295,GOBP_POSITIVE_REGULATION_OF_INFLAMMASOME_MEDIATED_SIGNALING_PATHWAY,OBSERVED_NULL,1,0,TRANSCRIPTOME,,NOT_APPLICABLE,REL_CTX001_ANNOTATION_CERTAINTY;REL_CTX001_BATCH_ADJUSTMENT;REL_CTX001_CONTROL_CERTAINTY;REL_CTX001_CROSS_CONTEXT_REPLICATION;REL_CTX001_EV_PREPARATION_INDEPENDENCE;REL_CTX001_MODEL_DIAGNOSTICS;REL_CTX001_PAIRING_CERTAINTY;REL_CTX001_PATHWAY_EVIDENCE;REL_CTX001_PHENOTYPE_SUPPORT;REL_CTX001_RECIPIENT_DONOR_INDEPENDENCE;REL_CTX001_SAMPLE_QC;REL_CTX001_SENSITIVITY_STABILITY;REL_CTX001_STUDY_INDEPENDENCE,EXP001-C4,data/metadata/skinexo_response_components.csv;reports/EXP001_C4_pathway_analysis.md
CTX001,I,I021,INACTIVE,-1.301173309124782,0.2413753783830098,GOBP_INFLAMMATORY_CELL_APOPTOTIC_PROCESS,OBSERVED_NULL,1,0,TRANSCRIPTOME,,NOT_APPLICABLE,REL_CTX001_ANNOTATION_CERTAINTY;REL_CTX001_BATCH_ADJUSTMENT;REL_CTX001_CONTROL_CERTAINTY;REL_CTX001_CROSS_CONTEXT_REPLICATION;REL_CTX001_EV_PREPARATION_INDEPENDENCE;REL_CTX001_MODEL_DIAGNOSTICS;REL_CTX001_PAIRING_CERTAINTY;REL_CTX001_PATHWAY_EVIDENCE;REL_CTX001_PHENOTYPE_SUPPORT;REL_CTX001_RECIPIENT_DONOR_INDEPENDENCE;REL_CTX001_SAMPLE_QC;REL_CTX001_SENSITIVITY_STABILITY;REL_CTX001_STUDY_INDEPENDENCE,EXP001-C4,data/metadata/skinexo_response_components.csv;reports/EXP001_C4_pathway_analysis.md
CTX001,I,I022,INACTIVE,-1.4460614787199673,0.1534513234802242,GOBP_REGULATION_OF_INFLAMMATORY_RESPONSE_TO_ANTIGENIC_STIMULUS,OBSERVED_NULL,1,0,TRANSCRIPTOME,,NOT_APPLICABLE,REL_CTX001_ANNOTATION_CERTAINTY;REL_CTX001_BATCH_ADJUSTMENT;REL_CTX001_CONTROL_CERTAINTY;REL_CTX001_CROSS_CONTEXT_REPLICATION;REL_CTX001_EV_PREPARATION_INDEPENDENCE;REL_CTX001_MODEL_DIAGNOSTICS;REL_CTX001_PAIRING_CERTAINTY;REL_CTX001_PATHWAY_EVIDENCE;REL_CTX001_PHENOTYPE_SUPPORT;REL_CTX001_RECIPIENT_DONOR_INDEPENDENCE;REL_CTX001_SAMPLE_QC;REL_CTX001_SENSITIVITY_STABILITY;REL_CTX001_STUDY_INDEPENDENCE,EXP001-C4,data/metadata/skinexo_response_components.csv;reports/EXP001_C4_pathway_analysis.md
CTX001,I,I023,INACTIVE,0.873860017058728,0.7959017580008493,GOBP_INFLAMMATORY_RESPONSE_TO_WOUNDING,OBSERVED_NULL,1,0,TRANSCRIPTOME,,NOT_APPLICABLE,REL_CTX001_ANNOTATION_CERTAINTY;REL_CTX001_BATCH_ADJUSTMENT;REL_CTX001_CONTROL_CERTAINTY;REL_CTX001_CROSS_CONTEXT_REPLICATION;REL_CTX001_EV_PREPARATION_INDEPENDENCE;REL_CTX001_MODEL_DIAGNOSTICS;REL_CTX001_PAIRING_CERTAINTY;REL_CTX001_PATHWAY_EVIDENCE;REL_CTX001_PHENOTYPE_SUPPORT;REL_CTX001_RECIPIENT_DONOR_INDEPENDENCE;REL_CTX001_SAMPLE_QC;REL_CTX001_SENSITIVITY_STABILITY;REL_CTX001_STUDY_INDEPENDENCE,EXP001-C4,data/metadata/skinexo_response_components.csv;reports/EXP001_C4_pathway_analysis.md
CTX001,I,I024,INACTIVE,1.0214059501102677,0.576220366138151,GOBP_POSITIVE_REGULATION_OF_INTERFERON_ALPHA_PRODUCTION,OBSERVED_NULL,1,0,TRANSCRIPTOME,,NOT_APPLICABLE,REL_CTX001_ANNOTATION_CERTAINTY;REL_CTX001_BATCH_ADJUSTMENT;REL_CTX001_CONTROL_CERTAINTY;REL_CTX001_CROSS_CONTEXT_REPLICATION;REL_CTX001_EV_PREPARATION_INDEPENDENCE;REL_CTX001_MODEL_DIAGNOSTICS;REL_CTX001_PAIRING_CERTAINTY;REL_CTX001_PATHWAY_EVIDENCE;REL_CTX001_PHENOTYPE_SUPPORT;REL_CTX001_RECIPIENT_DONOR_INDEPENDENCE;REL_CTX001_SAMPLE_QC;REL_CTX001_SENSITIVITY_STABILITY;REL_CTX001_STUDY_INDEPENDENCE,EXP001-C4,data/metadata/skinexo_response_components.csv;reports/EXP001_C4_pathway_analysis.md
CTX001,I,I025,INACTIVE,1.126571970428113,0.429870376182861,GOBP_POSITIVE_REGULATION_OF_TYPE_I_INTERFERON_PRODUCTION,OBSERVED_NULL,1,0,TRANSCRIPTOME,,NOT_APPLICABLE,REL_CTX001_ANNOTATION_CERTAINTY;REL_CTX001_BATCH_ADJUSTMENT;REL_CTX001_CONTROL_CERTAINTY;REL_CTX001_CROSS_CONTEXT_REPLICATION;REL_CTX001_EV_PREPARATION_INDEPENDENCE;REL_CTX001_MODEL_DIAGNOSTICS;REL_CTX001_PAIRING_CERTAINTY;REL_CTX001_PATHWAY_EVIDENCE;REL_CTX001_PHENOTYPE_SUPPORT;REL_CTX001_RECIPIENT_DONOR_INDEPENDENCE;REL_CTX001_SAMPLE_QC;REL_CTX001_SENSITIVITY_STABILITY;REL_CTX001_STUDY_INDEPENDENCE,EXP001-C4,data/metadata/skinexo_response_components.csv;reports/EXP001_C4_pathway_analysis.md
CTX001,I,I026,INACTIVE,1.1802274848624914,0.3597403708014303,GOBP_NEGATIVE_REGULATION_OF_TYPE_I_INTERFERON_MEDIATED_SIGNALING_PATHWAY,OBSERVED_NULL,1,0,TRANSCRIPTOME,,NOT_APPLICABLE,REL_CTX001_ANNOTATION_CERTAINTY;REL_CTX001_BATCH_ADJUSTMENT;REL_CTX001_CONTROL_CERTAINTY;REL_CTX001_CROSS_CONTEXT_REPLICATION;REL_CTX001_EV_PREPARATION_INDEPENDENCE;REL_CTX001_MODEL_DIAGNOSTICS;REL_CTX001_PAIRING_CERTAINTY;REL_CTX001_PATHWAY_EVIDENCE;REL_CTX001_PHENOTYPE_SUPPORT;REL_CTX001_RECIPIENT_DONOR_INDEPENDENCE;REL_CTX001_SAMPLE_QC;REL_CTX001_SENSITIVITY_STABILITY;REL_CTX001_STUDY_INDEPENDENCE,EXP001-C4,data/metadata/skinexo_response_components.csv;reports/EXP001_C4_pathway_analysis.md
CTX001,I,I027,INACTIVE,1.2843870844811418,0.246348150278533,GOBP_INTERLEUKIN_10_PRODUCTION,OBSERVED_NULL,1,0,TRANSCRIPTOME,,NOT_APPLICABLE,REL_CTX001_ANNOTATION_CERTAINTY;REL_CTX001_BATCH_ADJUSTMENT;REL_CTX001_CONTROL_CERTAINTY;REL_CTX001_CROSS_CONTEXT_REPLICATION;REL_CTX001_EV_PREPARATION_INDEPENDENCE;REL_CTX001_MODEL_DIAGNOSTICS;REL_CTX001_PAIRING_CERTAINTY;REL_CTX001_PATHWAY_EVIDENCE;REL_CTX001_PHENOTYPE_SUPPORT;REL_CTX001_RECIPIENT_DONOR_INDEPENDENCE;REL_CTX001_SAMPLE_QC;REL_CTX001_SENSITIVITY_STABILITY;REL_CTX001_STUDY_INDEPENDENCE,EXP001-C4,data/metadata/skinexo_response_components.csv;reports/EXP001_C4_pathway_analysis.md
CTX001,I,I028,INACTIVE,-0.8981286336520325,0.7304799461216499,GOBP_POSITIVE_REGULATION_OF_INTERLEUKIN_12_PRODUCTION,OBSERVED_NULL,1,0,TRANSCRIPTOME,,NOT_APPLICABLE,REL_CTX001_ANNOTATION_CERTAINTY;REL_CTX001_BATCH_ADJUSTMENT;REL_CTX001_CONTROL_CERTAINTY;REL_CTX001_CROSS_CONTEXT_REPLICATION;REL_CTX001_EV_PREPARATION_INDEPENDENCE;REL_CTX001_MODEL_DIAGNOSTICS;REL_CTX001_PAIRING_CERTAINTY;REL_CTX001_PATHWAY_EVIDENCE;REL_CTX001_PHENOTYPE_SUPPORT;REL_CTX001_RECIPIENT_DONOR_INDEPENDENCE;REL_CTX001_SAMPLE_QC;REL_CTX001_SENSITIVITY_STABILITY;REL_CTX001_STUDY_INDEPENDENCE,EXP001-C4,data/metadata/skinexo_response_components.csv;reports/EXP001_C4_pathway_analysis.md
CTX001,I,I029,INACTIVE,-0.966438738873902,0.6189821197326242,GOBP_INTERLEUKIN_13_PRODUCTION,OBSERVED_NULL,1,0,TRANSCRIPTOME,,NOT_APPLICABLE,REL_CTX001_ANNOTATION_CERTAINTY;REL_CTX001_BATCH_ADJUSTMENT;REL_CTX001_CONTROL_CERTAINTY;REL_CTX001_CROSS_CONTEXT_REPLICATION;REL_CTX001_EV_PREPARATION_INDEPENDENCE;REL_CTX001_MODEL_DIAGNOSTICS;REL_CTX001_PAIRING_CERTAINTY;REL_CTX001_PATHWAY_EVIDENCE;REL_CTX001_PHENOTYPE_SUPPORT;REL_CTX001_RECIPIENT_DONOR_INDEPENDENCE;REL_CTX001_SAMPLE_QC;REL_CTX001_SENSITIVITY_STABILITY;REL_CTX001_STUDY_INDEPENDENCE,EXP001-C4,data/metadata/skinexo_response_components.csv;reports/EXP001_C4_pathway_analysis.md
CTX001,I,I030,INACTIVE,-1.202566016720379,0.3244553859664816,GOBP_INTERLEUKIN_17_PRODUCTION,OBSERVED_NULL,1,0,TRANSCRIPTOME,,NOT_APPLICABLE,REL_CTX001_ANNOTATION_CERTAINTY;REL_CTX001_BATCH_ADJUSTMENT;REL_CTX001_CONTROL_CERTAINTY;REL_CTX001_CROSS_CONTEXT_REPLICATION;REL_CTX001_EV_PREPARATION_INDEPENDENCE;REL_CTX001_MODEL_DIAGNOSTICS;REL_CTX001_PAIRING_CERTAINTY;REL_CTX001_PATHWAY_EVIDENCE;REL_CTX001_PHENOTYPE_SUPPORT;REL_CTX001_RECIPIENT_DONOR_INDEPENDENCE;REL_CTX001_SAMPLE_QC;REL_CTX001_SENSITIVITY_STABILITY;REL_CTX001_STUDY_INDEPENDENCE,EXP001-C4,data/metadata/skinexo_response_components.csv;reports/EXP001_C4_pathway_analysis.md
CTX001,I,I031,INACTIVE,1.1979345061764348,0.3396713537050139,GOBP_INTERLEUKIN_1_MEDIATED_SIGNALING_PATHWAY,OBSERVED_NULL,1,0,TRANSCRIPTOME,,NOT_APPLICABLE,REL_CTX001_ANNOTATION_CERTAINTY;REL_CTX001_BATCH_ADJUSTMENT;REL_CTX001_CONTROL_CERTAINTY;REL_CTX001_CROSS_CONTEXT_REPLICATION;REL_CTX001_EV_PREPARATION_INDEPENDENCE;REL_CTX001_MODEL_DIAGNOSTICS;REL_CTX001_PAIRING_CERTAINTY;REL_CTX001_PATHWAY_EVIDENCE;REL_CTX001_PHENOTYPE_SUPPORT;REL_CTX001_RECIPIENT_DONOR_INDEPENDENCE;REL_CTX001_SAMPLE_QC;REL_CTX001_SENSITIVITY_STABILITY;REL_CTX001_STUDY_INDEPENDENCE,EXP001-C4,data/metadata/skinexo_response_components.csv;reports/EXP001_C4_pathway_analysis.md
CTX001,I,I032,INACTIVE,-1.1070868270737708,0.4202097671104691,GOBP_POSITIVE_REGULATION_OF_INTERLEUKIN_1_PRODUCTION,OBSERVED_NULL,1,0,TRANSCRIPTOME,,NOT_APPLICABLE,REL_CTX001_ANNOTATION_CERTAINTY;REL_CTX001_BATCH_ADJUSTMENT;REL_CTX001_CONTROL_CERTAINTY;REL_CTX001_CROSS_CONTEXT_REPLICATION;REL_CTX001_EV_PREPARATION_INDEPENDENCE;REL_CTX001_MODEL_DIAGNOSTICS;REL_CTX001_PAIRING_CERTAINTY;REL_CTX001_PATHWAY_EVIDENCE;REL_CTX001_PHENOTYPE_SUPPORT;REL_CTX001_RECIPIENT_DONOR_INDEPENDENCE;REL_CTX001_SAMPLE_QC;REL_CTX001_SENSITIVITY_STABILITY;REL_CTX001_STUDY_INDEPENDENCE,EXP001-C4,data/metadata/skinexo_response_components.csv;reports/EXP001_C4_pathway_analysis.md
CTX001,I,I033,INACTIVE,1.0753315213218295,0.5035295170447747,GOBP_POSITIVE_REGULATION_OF_INTERLEUKIN_2_PRODUCTION,OBSERVED_NULL,1,0,TRANSCRIPTOME,,NOT_APPLICABLE,REL_CTX001_ANNOTATION_CERTAINTY;REL_CTX001_BATCH_ADJUSTMENT;REL_CTX001_CONTROL_CERTAINTY;REL_CTX001_CROSS_CONTEXT_REPLICATION;REL_CTX001_EV_PREPARATION_INDEPENDENCE;REL_CTX001_MODEL_DIAGNOSTICS;REL_CTX001_PAIRING_CERTAINTY;REL_CTX001_PATHWAY_EVIDENCE;REL_CTX001_PHENOTYPE_SUPPORT;REL_CTX001_RECIPIENT_DONOR_INDEPENDENCE;REL_CTX001_SAMPLE_QC;REL_CTX001_SENSITIVITY_STABILITY;REL_CTX001_STUDY_INDEPENDENCE,EXP001-C4,data/metadata/skinexo_response_components.csv;reports/EXP001_C4_pathway_analysis.md
CTX001,I,I034,INACTIVE,-1.4899772189062817,0.1343544960972131,GOBP_INTERLEUKIN_4_PRODUCTION,OBSERVED_NULL,1,0,TRANSCRIPTOME,,NOT_APPLICABLE,REL_CTX001_ANNOTATION_CERTAINTY;REL_CTX001_BATCH_ADJUSTMENT;REL_CTX001_CONTROL_CERTAINTY;REL_CTX001_CROSS_CONTEXT_REPLICATION;REL_CTX001_EV_PREPARATION_INDEPENDENCE;REL_CTX001_MODEL_DIAGNOSTICS;REL_CTX001_PAIRING_CERTAINTY;REL_CTX001_PATHWAY_EVIDENCE;REL_CTX001_PHENOTYPE_SUPPORT;REL_CTX001_RECIPIENT_DONOR_INDEPENDENCE;REL_CTX001_SAMPLE_QC;REL_CTX001_SENSITIVITY_STABILITY;REL_CTX001_STUDY_INDEPENDENCE,EXP001-C4,data/metadata/skinexo_response_components.csv;reports/EXP001_C4_pathway_analysis.md
CTX001,I,I035,INACTIVE,-1.069190430352224,0.4692668859921552,GOBP_INTERLEUKIN_6_MEDIATED_SIGNALING_PATHWAY,OBSERVED_NULL,1,0,TRANSCRIPTOME,,NOT_APPLICABLE,REL_CTX001_ANNOTATION_CERTAINTY;REL_CTX001_BATCH_ADJUSTMENT;REL_CTX001_CONTROL_CERTAINTY;REL_CTX001_CROSS_CONTEXT_REPLICATION;REL_CTX001_EV_PREPARATION_INDEPENDENCE;REL_CTX001_MODEL_DIAGNOSTICS;REL_CTX001_PAIRING_CERTAINTY;REL_CTX001_PATHWAY_EVIDENCE;REL_CTX001_PHENOTYPE_SUPPORT;REL_CTX001_RECIPIENT_DONOR_INDEPENDENCE;REL_CTX001_SAMPLE_QC;REL_CTX001_SENSITIVITY_STABILITY;REL_CTX001_STUDY_INDEPENDENCE,EXP001-C4,data/metadata/skinexo_response_components.csv;reports/EXP001_C4_pathway_analysis.md
CTX001,I,I036,INACTIVE,-1.0175259365019438,0.541472933822595,GOBP_INTERLEUKIN_6_PRODUCTION,OBSERVED_NULL,1,0,TRANSCRIPTOME,,NOT_APPLICABLE,REL_CTX001_ANNOTATION_CERTAINTY;REL_CTX001_BATCH_ADJUSTMENT;REL_CTX001_CONTROL_CERTAINTY;REL_CTX001_CROSS_CONTEXT_REPLICATION;REL_CTX001_EV_PREPARATION_INDEPENDENCE;REL_CTX001_MODEL_DIAGNOSTICS;REL_CTX001_PAIRING_CERTAINTY;REL_CTX001_PATHWAY_EVIDENCE;REL_CTX001_PHENOTYPE_SUPPORT;REL_CTX001_RECIPIENT_DONOR_INDEPENDENCE;REL_CTX001_SAMPLE_QC;REL_CTX001_SENSITIVITY_STABILITY;REL_CTX001_STUDY_INDEPENDENCE,EXP001-C4,data/metadata/skinexo_response_components.csv;reports/EXP001_C4_pathway_analysis.md
CTX001,I,I037,INACTIVE,-1.139338846932251,0.3839771561282151,GOBP_INTERLEUKIN_8_PRODUCTION,OBSERVED_NULL,1,0,TRANSCRIPTOME,,NOT_APPLICABLE,REL_CTX001_ANNOTATION_CERTAINTY;REL_CTX001_BATCH_ADJUSTMENT;REL_CTX001_CONTROL_CERTAINTY;REL_CTX001_CROSS_CONTEXT_REPLICATION;REL_CTX001_EV_PREPARATION_INDEPENDENCE;REL_CTX001_MODEL_DIAGNOSTICS;REL_CTX001_PAIRING_CERTAINTY;REL_CTX001_PATHWAY_EVIDENCE;REL_CTX001_PHENOTYPE_SUPPORT;REL_CTX001_RECIPIENT_DONOR_INDEPENDENCE;REL_CTX001_SAMPLE_QC;REL_CTX001_SENSITIVITY_STABILITY;REL_CTX001_STUDY_INDEPENDENCE,EXP001-C4,data/metadata/skinexo_response_components.csv;reports/EXP001_C4_pathway_analysis.md
CTX001,I,I038,INACTIVE,-1.5698167850993554,0.1054426968067113,GOBP_POSITIVE_REGULATION_OF_LEUKOCYTE_ADHESION_TO_VASCULAR_ENDOTHELIAL_CELL,OBSERVED_NULL,1,0,TRANSCRIPTOME,,NOT_APPLICABLE,REL_CTX001_ANNOTATION_CERTAINTY;REL_CTX001_BATCH_ADJUSTMENT;REL_CTX001_CONTROL_CERTAINTY;REL_CTX001_CROSS_CONTEXT_REPLICATION;REL_CTX001_EV_PREPARATION_INDEPENDENCE;REL_CTX001_MODEL_DIAGNOSTICS;REL_CTX001_PAIRING_CERTAINTY;REL_CTX001_PATHWAY_EVIDENCE;REL_CTX001_PHENOTYPE_SUPPORT;REL_CTX001_RECIPIENT_DONOR_INDEPENDENCE;REL_CTX001_SAMPLE_QC;REL_CTX001_SENSITIVITY_STABILITY;REL_CTX001_STUDY_INDEPENDENCE,EXP001-C4,data/metadata/skinexo_response_components.csv;reports/EXP001_C4_pathway_analysis.md
CTX001,I,I039,INACTIVE,-1.4642788670777862,0.1461141892257619,GOBP_REGULATION_OF_LEUKOCYTE_APOPTOTIC_PROCESS,OBSERVED_NULL,1,0,TRANSCRIPTOME,,NOT_APPLICABLE,REL_CTX001_ANNOTATION_CERTAINTY;REL_CTX001_BATCH_ADJUSTMENT;REL_CTX001_CONTROL_CERTAINTY;REL_CTX001_CROSS_CONTEXT_REPLICATION;REL_CTX001_EV_PREPARATION_INDEPENDENCE;REL_CTX001_MODEL_DIAGNOSTICS;REL_CTX001_PAIRING_CERTAINTY;REL_CTX001_PATHWAY_EVIDENCE;REL_CTX001_PHENOTYPE_SUPPORT;REL_CTX001_RECIPIENT_DONOR_INDEPENDENCE;REL_CTX001_SAMPLE_QC;REL_CTX001_SENSITIVITY_STABILITY;REL_CTX001_STUDY_INDEPENDENCE,EXP001-C4,data/metadata/skinexo_response_components.csv;reports/EXP001_C4_pathway_analysis.md
CTX001,I,I040,INACTIVE,-1.2544223472393583,0.2765486192580803,GOBP_LEUKOCYTE_CELL_CELL_ADHESION,OBSERVED_NULL,1,0,TRANSCRIPTOME,,NOT_APPLICABLE,REL_CTX001_ANNOTATION_CERTAINTY;REL_CTX001_BATCH_ADJUSTMENT;REL_CTX001_CONTROL_CERTAINTY;REL_CTX001_CROSS_CONTEXT_REPLICATION;REL_CTX001_EV_PREPARATION_INDEPENDENCE;REL_CTX001_MODEL_DIAGNOSTICS;REL_CTX001_PAIRING_CERTAINTY;REL_CTX001_PATHWAY_EVIDENCE;REL_CTX001_PHENOTYPE_SUPPORT;REL_CTX001_RECIPIENT_DONOR_INDEPENDENCE;REL_CTX001_SAMPLE_QC;REL_CTX001_SENSITIVITY_STABILITY;REL_CTX001_STUDY_INDEPENDENCE,EXP001-C4,data/metadata/skinexo_response_components.csv;reports/EXP001_C4_pathway_analysis.md
CTX001,I,I041,INACTIVE,-1.6201128343650817,0.0919488337381681,GOBP_REGULATION_OF_LEUKOCYTE_CHEMOTAXIS,OBSERVED_NULL,1,0,TRANSCRIPTOME,,NOT_APPLICABLE,REL_CTX001_ANNOTATION_CERTAINTY;REL_CTX001_BATCH_ADJUSTMENT;REL_CTX001_CONTROL_CERTAINTY;REL_CTX001_CROSS_CONTEXT_REPLICATION;REL_CTX001_EV_PREPARATION_INDEPENDENCE;REL_CTX001_MODEL_DIAGNOSTICS;REL_CTX001_PAIRING_CERTAINTY;REL_CTX001_PATHWAY_EVIDENCE;REL_CTX001_PHENOTYPE_SUPPORT;REL_CTX001_RECIPIENT_DONOR_INDEPENDENCE;REL_CTX001_SAMPLE_QC;REL_CTX001_SENSITIVITY_STABILITY;REL_CTX001_STUDY_INDEPENDENCE,EXP001-C4,data/metadata/skinexo_response_components.csv;reports/EXP001_C4_pathway_analysis.md
CTX001,I,I042,POSITIVE,1.6171296387486844,0.0365968103960212,GOBP_MYELOID_CELL_ACTIVATION_INVOLVED_IN_IMMUNE_RESPONSE,ACTIVE_POSITIVE,1,1,TRANSCRIPTOME,,NOT_APPLICABLE,REL_CTX001_ANNOTATION_CERTAINTY;REL_CTX001_BATCH_ADJUSTMENT;REL_CTX001_CONTROL_CERTAINTY;REL_CTX001_CROSS_CONTEXT_REPLICATION;REL_CTX001_EV_PREPARATION_INDEPENDENCE;REL_CTX001_MODEL_DIAGNOSTICS;REL_CTX001_PAIRING_CERTAINTY;REL_CTX001_PATHWAY_EVIDENCE;REL_CTX001_PHENOTYPE_SUPPORT;REL_CTX001_RECIPIENT_DONOR_INDEPENDENCE;REL_CTX001_SAMPLE_QC;REL_CTX001_SENSITIVITY_STABILITY;REL_CTX001_STUDY_INDEPENDENCE,EXP001-C4,data/metadata/skinexo_response_components.csv;reports/EXP001_C4_pathway_analysis.md
CTX001,I,I043,INACTIVE,-0.9699840284234652,0.614670414592418,GOBP_LEUKOCYTE_HOMEOSTASIS,OBSERVED_NULL,1,0,TRANSCRIPTOME,,NOT_APPLICABLE,REL_CTX001_ANNOTATION_CERTAINTY;REL_CTX001_BATCH_ADJUSTMENT;REL_CTX001_CONTROL_CERTAINTY;REL_CTX001_CROSS_CONTEXT_REPLICATION;REL_CTX001_EV_PREPARATION_INDEPENDENCE;REL_CTX001_MODEL_DIAGNOSTICS;REL_CTX001_PAIRING_CERTAINTY;REL_CTX001_PATHWAY_EVIDENCE;REL_CTX001_PHENOTYPE_SUPPORT;REL_CTX001_RECIPIENT_DONOR_INDEPENDENCE;REL_CTX001_SAMPLE_QC;REL_CTX001_SENSITIVITY_STABILITY;REL_CTX001_STUDY_INDEPENDENCE,EXP001-C4,data/metadata/skinexo_response_components.csv;reports/EXP001_C4_pathway_analysis.md
CTX001,I,I044,INACTIVE,-1.6456518596996457,0.0817430211959567,GOBP_POSITIVE_REGULATION_OF_NATURAL_KILLER_CELL_MEDIATED_IMMUNITY,OBSERVED_NULL,1,0,TRANSCRIPTOME,,NOT_APPLICABLE,REL_CTX001_ANNOTATION_CERTAINTY;REL_CTX001_BATCH_ADJUSTMENT;REL_CTX001_CONTROL_CERTAINTY;REL_CTX001_CROSS_CONTEXT_REPLICATION;REL_CTX001_EV_PREPARATION_INDEPENDENCE;REL_CTX001_MODEL_DIAGNOSTICS;REL_CTX001_PAIRING_CERTAINTY;REL_CTX001_PATHWAY_EVIDENCE;REL_CTX001_PHENOTYPE_SUPPORT;REL_CTX001_RECIPIENT_DONOR_INDEPENDENCE;REL_CTX001_SAMPLE_QC;REL_CTX001_SENSITIVITY_STABILITY;REL_CTX001_STUDY_INDEPENDENCE,EXP001-C4,data/metadata/skinexo_response_components.csv;reports/EXP001_C4_pathway_analysis.md
CTX001,I,I045,INACTIVE,-1.4138551589208188,0.1683015633066551,GOBP_REGULATION_OF_LEUKOCYTE_PROLIFERATION,OBSERVED_NULL,1,0,TRANSCRIPTOME,,NOT_APPLICABLE,REL_CTX001_ANNOTATION_CERTAINTY;REL_CTX001_BATCH_ADJUSTMENT;REL_CTX001_CONTROL_CERTAINTY;REL_CTX001_CROSS_CONTEXT_REPLICATION;REL_CTX001_EV_PREPARATION_INDEPENDENCE;REL_CTX001_MODEL_DIAGNOSTICS;REL_CTX001_PAIRING_CERTAINTY;REL_CTX001_PATHWAY_EVIDENCE;REL_CTX001_PHENOTYPE_SUPPORT;REL_CTX001_RECIPIENT_DONOR_INDEPENDENCE;REL_CTX001_SAMPLE_QC;REL_CTX001_SENSITIVITY_STABILITY;REL_CTX001_STUDY_INDEPENDENCE,EXP001-C4,data/metadata/skinexo_response_components.csv;reports/EXP001_C4_pathway_analysis.md
CTX001,I,I046,INACTIVE,-1.0970920761232716,0.4339540985222503,GOBP_REGULATION_OF_MACROPHAGE_ACTIVATION,OBSERVED_NULL,1,0,TRANSCRIPTOME,,NOT_APPLICABLE,REL_CTX001_ANNOTATION_CERTAINTY;REL_CTX001_BATCH_ADJUSTMENT;REL_CTX001_CONTROL_CERTAINTY;REL_CTX001_CROSS_CONTEXT_REPLICATION;REL_CTX001_EV_PREPARATION_INDEPENDENCE;REL_CTX001_MODEL_DIAGNOSTICS;REL_CTX001_PAIRING_CERTAINTY;REL_CTX001_PATHWAY_EVIDENCE;REL_CTX001_PHENOTYPE_SUPPORT;REL_CTX001_RECIPIENT_DONOR_INDEPENDENCE;REL_CTX001_SAMPLE_QC;REL_CTX001_SENSITIVITY_STABILITY;REL_CTX001_STUDY_INDEPENDENCE,EXP001-C4,data/metadata/skinexo_response_components.csv;reports/EXP001_C4_pathway_analysis.md
CTX001,I,I047,NEGATIVE,-1.8267270561566653,0.0416098438199082,GOBP_POSITIVE_REGULATION_OF_MACROPHAGE_CHEMOTAXIS,ACTIVE_NEGATIVE,1,1,TRANSCRIPTOME,,NOT_APPLICABLE,REL_CTX001_ANNOTATION_CERTAINTY;REL_CTX001_BATCH_ADJUSTMENT;REL_CTX001_CONTROL_CERTAINTY;REL_CTX001_CROSS_CONTEXT_REPLICATION;REL_CTX001_EV_PREPARATION_INDEPENDENCE;REL_CTX001_MODEL_DIAGNOSTICS;REL_CTX001_PAIRING_CERTAINTY;REL_CTX001_PATHWAY_EVIDENCE;REL_CTX001_PHENOTYPE_SUPPORT;REL_CTX001_RECIPIENT_DONOR_INDEPENDENCE;REL_CTX001_SAMPLE_QC;REL_CTX001_SENSITIVITY_STABILITY;REL_CTX001_STUDY_INDEPENDENCE,EXP001-C4,data/metadata/skinexo_response_components.csv;reports/EXP001_C4_pathway_analysis.md
CTX001,I,I048,INACTIVE,-1.0374696391538796,0.5116301157007834,GOBP_POSITIVE_REGULATION_OF_MYELOID_LEUKOCYTE_CYTOKINE_PRODUCTION_INVOLVED_IN_IMMUNE_RESPONSE,OBSERVED_NULL,1,0,TRANSCRIPTOME,,NOT_APPLICABLE,REL_CTX001_ANNOTATION_CERTAINTY;REL_CTX001_BATCH_ADJUSTMENT;REL_CTX001_CONTROL_CERTAINTY;REL_CTX001_CROSS_CONTEXT_REPLICATION;REL_CTX001_EV_PREPARATION_INDEPENDENCE;REL_CTX001_MODEL_DIAGNOSTICS;REL_CTX001_PAIRING_CERTAINTY;REL_CTX001_PATHWAY_EVIDENCE;REL_CTX001_PHENOTYPE_SUPPORT;REL_CTX001_RECIPIENT_DONOR_INDEPENDENCE;REL_CTX001_SAMPLE_QC;REL_CTX001_SENSITIVITY_STABILITY;REL_CTX001_STUDY_INDEPENDENCE,EXP001-C4,data/metadata/skinexo_response_components.csv;reports/EXP001_C4_pathway_analysis.md
CTX001,I,I049,INACTIVE,0.9401467454735026,0.6949531268995286,GOBP_MACROPHAGE_DIFFERENTIATION,OBSERVED_NULL,1,0,TRANSCRIPTOME,,NOT_APPLICABLE,REL_CTX001_ANNOTATION_CERTAINTY;REL_CTX001_BATCH_ADJUSTMENT;REL_CTX001_CONTROL_CERTAINTY;REL_CTX001_CROSS_CONTEXT_REPLICATION;REL_CTX001_EV_PREPARATION_INDEPENDENCE;REL_CTX001_MODEL_DIAGNOSTICS;REL_CTX001_PAIRING_CERTAINTY;REL_CTX001_PATHWAY_EVIDENCE;REL_CTX001_PHENOTYPE_SUPPORT;REL_CTX001_RECIPIENT_DONOR_INDEPENDENCE;REL_CTX001_SAMPLE_QC;REL_CTX001_SENSITIVITY_STABILITY;REL_CTX001_STUDY_INDEPENDENCE,EXP001-C4,data/metadata/skinexo_response_components.csv;reports/EXP001_C4_pathway_analysis.md
CTX001,I,I050,INACTIVE,1.1458381247006522,0.4021421727951012,GOBP_MYD88_DEPENDENT_TOLL_LIKE_RECEPTOR_SIGNALING_PATHWAY,OBSERVED_NULL,1,0,TRANSCRIPTOME,,NOT_APPLICABLE,REL_CTX001_ANNOTATION_CERTAINTY;REL_CTX001_BATCH_ADJUSTMENT;REL_CTX001_CONTROL_CERTAINTY;REL_CTX001_CROSS_CONTEXT_REPLICATION;REL_CTX001_EV_PREPARATION_INDEPENDENCE;REL_CTX001_MODEL_DIAGNOSTICS;REL_CTX001_PAIRING_CERTAINTY;REL_CTX001_PATHWAY_EVIDENCE;REL_CTX001_PHENOTYPE_SUPPORT;REL_CTX001_RECIPIENT_DONOR_INDEPENDENCE;REL_CTX001_SAMPLE_QC;REL_CTX001_SENSITIVITY_STABILITY;REL_CTX001_STUDY_INDEPENDENCE,EXP001-C4,data/metadata/skinexo_response_components.csv;reports/EXP001_C4_pathway_analysis.md
CTX001,I,I051,INACTIVE,1.180497814899688,0.3595336844395054,GOBP_MYELOID_LEUKOCYTE_ACTIVATION,OBSERVED_NULL,1,0,TRANSCRIPTOME,,NOT_APPLICABLE,REL_CTX001_ANNOTATION_CERTAINTY;REL_CTX001_BATCH_ADJUSTMENT;REL_CTX001_CONTROL_CERTAINTY;REL_CTX001_CROSS_CONTEXT_REPLICATION;REL_CTX001_EV_PREPARATION_INDEPENDENCE;REL_CTX001_MODEL_DIAGNOSTICS;REL_CTX001_PAIRING_CERTAINTY;REL_CTX001_PATHWAY_EVIDENCE;REL_CTX001_PHENOTYPE_SUPPORT;REL_CTX001_RECIPIENT_DONOR_INDEPENDENCE;REL_CTX001_SAMPLE_QC;REL_CTX001_SENSITIVITY_STABILITY;REL_CTX001_STUDY_INDEPENDENCE,EXP001-C4,data/metadata/skinexo_response_components.csv;reports/EXP001_C4_pathway_analysis.md
CTX001,I,I052,INACTIVE,-1.1974718197352925,0.329660198107621,GOBP_MYELOID_LEUKOCYTE_DIFFERENTIATION,OBSERVED_NULL,1,0,TRANSCRIPTOME,,NOT_APPLICABLE,REL_CTX001_ANNOTATION_CERTAINTY;REL_CTX001_BATCH_ADJUSTMENT;REL_CTX001_CONTROL_CERTAINTY;REL_CTX001_CROSS_CONTEXT_REPLICATION;REL_CTX001_EV_PREPARATION_INDEPENDENCE;REL_CTX001_MODEL_DIAGNOSTICS;REL_CTX001_PAIRING_CERTAINTY;REL_CTX001_PATHWAY_EVIDENCE;REL_CTX001_PHENOTYPE_SUPPORT;REL_CTX001_RECIPIENT_DONOR_INDEPENDENCE;REL_CTX001_SAMPLE_QC;REL_CTX001_SENSITIVITY_STABILITY;REL_CTX001_STUDY_INDEPENDENCE,EXP001-C4,data/metadata/skinexo_response_components.csv;reports/EXP001_C4_pathway_analysis.md
CTX001,I,I053,INACTIVE,-1.19530257795658,0.3316470481598073,GOBP_NEGATIVE_REGULATION_OF_ADAPTIVE_IMMUNE_RESPONSE,OBSERVED_NULL,1,0,TRANSCRIPTOME,,NOT_APPLICABLE,REL_CTX001_ANNOTATION_CERTAINTY;REL_CTX001_BATCH_ADJUSTMENT;REL_CTX001_CONTROL_CERTAINTY;REL_CTX001_CROSS_CONTEXT_REPLICATION;REL_CTX001_EV_PREPARATION_INDEPENDENCE;REL_CTX001_MODEL_DIAGNOSTICS;REL_CTX001_PAIRING_CERTAINTY;REL_CTX001_PATHWAY_EVIDENCE;REL_CTX001_PHENOTYPE_SUPPORT;REL_CTX001_RECIPIENT_DONOR_INDEPENDENCE;REL_CTX001_SAMPLE_QC;REL_CTX001_SENSITIVITY_STABILITY;REL_CTX001_STUDY_INDEPENDENCE,EXP001-C4,data/metadata/skinexo_response_components.csv;reports/EXP001_C4_pathway_analysis.md
CTX001,I,I054,INACTIVE,-1.4688498052969807,0.1437030075062683,GOBP_NEGATIVE_REGULATION_OF_CYTOKINE_PRODUCTION,OBSERVED_NULL,1,0,TRANSCRIPTOME,,NOT_APPLICABLE,REL_CTX001_ANNOTATION_CERTAINTY;REL_CTX001_BATCH_ADJUSTMENT;REL_CTX001_CONTROL_CERTAINTY;REL_CTX001_CROSS_CONTEXT_REPLICATION;REL_CTX001_EV_PREPARATION_INDEPENDENCE;REL_CTX001_MODEL_DIAGNOSTICS;REL_CTX001_PAIRING_CERTAINTY;REL_CTX001_PATHWAY_EVIDENCE;REL_CTX001_PHENOTYPE_SUPPORT;REL_CTX001_RECIPIENT_DONOR_INDEPENDENCE;REL_CTX001_SAMPLE_QC;REL_CTX001_SENSITIVITY_STABILITY;REL_CTX001_STUDY_INDEPENDENCE,EXP001-C4,data/metadata/skinexo_response_components.csv;reports/EXP001_C4_pathway_analysis.md
CTX001,I,I055,INACTIVE,-1.297739450350807,0.2412788275062486,GOBP_NEGATIVE_REGULATION_OF_IMMUNE_EFFECTOR_PROCESS,OBSERVED_NULL,1,0,TRANSCRIPTOME,,NOT_APPLICABLE,REL_CTX001_ANNOTATION_CERTAINTY;REL_CTX001_BATCH_ADJUSTMENT;REL_CTX001_CONTROL_CERTAINTY;REL_CTX001_CROSS_CONTEXT_REPLICATION;REL_CTX001_EV_PREPARATION_INDEPENDENCE;REL_CTX001_MODEL_DIAGNOSTICS;REL_CTX001_PAIRING_CERTAINTY;REL_CTX001_PATHWAY_EVIDENCE;REL_CTX001_PHENOTYPE_SUPPORT;REL_CTX001_RECIPIENT_DONOR_INDEPENDENCE;REL_CTX001_SAMPLE_QC;REL_CTX001_SENSITIVITY_STABILITY;REL_CTX001_STUDY_INDEPENDENCE,EXP001-C4,data/metadata/skinexo_response_components.csv;reports/EXP001_C4_pathway_analysis.md
CTX001,I,I056,INACTIVE,-1.1484116403294296,0.3736334567878605,GOBP_NEGATIVE_REGULATION_OF_IMMUNE_RESPONSE,OBSERVED_NULL,1,0,TRANSCRIPTOME,,NOT_APPLICABLE,REL_CTX001_ANNOTATION_CERTAINTY;REL_CTX001_BATCH_ADJUSTMENT;REL_CTX001_CONTROL_CERTAINTY;REL_CTX001_CROSS_CONTEXT_REPLICATION;REL_CTX001_EV_PREPARATION_INDEPENDENCE;REL_CTX001_MODEL_DIAGNOSTICS;REL_CTX001_PAIRING_CERTAINTY;REL_CTX001_PATHWAY_EVIDENCE;REL_CTX001_PHENOTYPE_SUPPORT;REL_CTX001_RECIPIENT_DONOR_INDEPENDENCE;REL_CTX001_SAMPLE_QC;REL_CTX001_SENSITIVITY_STABILITY;REL_CTX001_STUDY_INDEPENDENCE,EXP001-C4,data/metadata/skinexo_response_components.csv;reports/EXP001_C4_pathway_analysis.md
CTX001,I,I057,INACTIVE,-1.3506267068124038,0.2061195422173448,GOBP_NEGATIVE_REGULATION_OF_IMMUNE_SYSTEM_PROCESS,OBSERVED_NULL,1,0,TRANSCRIPTOME,,NOT_APPLICABLE,REL_CTX001_ANNOTATION_CERTAINTY;REL_CTX001_BATCH_ADJUSTMENT;REL_CTX001_CONTROL_CERTAINTY;REL_CTX001_CROSS_CONTEXT_REPLICATION;REL_CTX001_EV_PREPARATION_INDEPENDENCE;REL_CTX001_MODEL_DIAGNOSTICS;REL_CTX001_PAIRING_CERTAINTY;REL_CTX001_PATHWAY_EVIDENCE;REL_CTX001_PHENOTYPE_SUPPORT;REL_CTX001_RECIPIENT_DONOR_INDEPENDENCE;REL_CTX001_SAMPLE_QC;REL_CTX001_SENSITIVITY_STABILITY;REL_CTX001_STUDY_INDEPENDENCE,EXP001-C4,data/metadata/skinexo_response_components.csv;reports/EXP001_C4_pathway_analysis.md
CTX001,I,I058,INACTIVE,0.7130065293826484,0.943416629643044,GOBP_NEGATIVE_REGULATION_OF_INFLAMMASOME_MEDIATED_SIGNALING_PATHWAY,OBSERVED_NULL,1,0,TRANSCRIPTOME,,NOT_APPLICABLE,REL_CTX001_ANNOTATION_CERTAINTY;REL_CTX001_BATCH_ADJUSTMENT;REL_CTX001_CONTROL_CERTAINTY;REL_CTX001_CROSS_CONTEXT_REPLICATION;REL_CTX001_EV_PREPARATION_INDEPENDENCE;REL_CTX001_MODEL_DIAGNOSTICS;REL_CTX001_PAIRING_CERTAINTY;REL_CTX001_PATHWAY_EVIDENCE;REL_CTX001_PHENOTYPE_SUPPORT;REL_CTX001_RECIPIENT_DONOR_INDEPENDENCE;REL_CTX001_SAMPLE_QC;REL_CTX001_SENSITIVITY_STABILITY;REL_CTX001_STUDY_INDEPENDENCE,EXP001-C4,data/metadata/skinexo_response_components.csv;reports/EXP001_C4_pathway_analysis.md
CTX001,I,I059,INACTIVE,1.083965901570732,0.4892457888698273,GOBP_NEGATIVE_REGULATION_OF_INFLAMMATORY_RESPONSE,OBSERVED_NULL,1,0,TRANSCRIPTOME,,NOT_APPLICABLE,REL_CTX001_ANNOTATION_CERTAINTY;REL_CTX001_BATCH_ADJUSTMENT;REL_CTX001_CONTROL_CERTAINTY;REL_CTX001_CROSS_CONTEXT_REPLICATION;REL_CTX001_EV_PREPARATION_INDEPENDENCE;REL_CTX001_MODEL_DIAGNOSTICS;REL_CTX001_PAIRING_CERTAINTY;REL_CTX001_PATHWAY_EVIDENCE;REL_CTX001_PHENOTYPE_SUPPORT;REL_CTX001_RECIPIENT_DONOR_INDEPENDENCE;REL_CTX001_SAMPLE_QC;REL_CTX001_SENSITIVITY_STABILITY;REL_CTX001_STUDY_INDEPENDENCE,EXP001-C4,data/metadata/skinexo_response_components.csv;reports/EXP001_C4_pathway_analysis.md
CTX001,I,I060,INACTIVE,-0.8978690537223755,0.7307263961575207,GOBP_NEGATIVE_REGULATION_OF_INNATE_IMMUNE_RESPONSE,OBSERVED_NULL,1,0,TRANSCRIPTOME,,NOT_APPLICABLE,REL_CTX001_ANNOTATION_CERTAINTY;REL_CTX001_BATCH_ADJUSTMENT;REL_CTX001_CONTROL_CERTAINTY;REL_CTX001_CROSS_CONTEXT_REPLICATION;REL_CTX001_EV_PREPARATION_INDEPENDENCE;REL_CTX001_MODEL_DIAGNOSTICS;REL_CTX001_PAIRING_CERTAINTY;REL_CTX001_PATHWAY_EVIDENCE;REL_CTX001_PHENOTYPE_SUPPORT;REL_CTX001_RECIPIENT_DONOR_INDEPENDENCE;REL_CTX001_SAMPLE_QC;REL_CTX001_SENSITIVITY_STABILITY;REL_CTX001_STUDY_INDEPENDENCE,EXP001-C4,data/metadata/skinexo_response_components.csv;reports/EXP001_C4_pathway_analysis.md
CTX001,I,I061,INACTIVE,-1.1029434226531531,0.425143789748495,GOBP_NEGATIVE_REGULATION_OF_INTERFERON_BETA_PRODUCTION,OBSERVED_NULL,1,0,TRANSCRIPTOME,,NOT_APPLICABLE,REL_CTX001_ANNOTATION_CERTAINTY;REL_CTX001_BATCH_ADJUSTMENT;REL_CTX001_CONTROL_CERTAINTY;REL_CTX001_CROSS_CONTEXT_REPLICATION;REL_CTX001_EV_PREPARATION_INDEPENDENCE;REL_CTX001_MODEL_DIAGNOSTICS;REL_CTX001_PAIRING_CERTAINTY;REL_CTX001_PATHWAY_EVIDENCE;REL_CTX001_PHENOTYPE_SUPPORT;REL_CTX001_RECIPIENT_DONOR_INDEPENDENCE;REL_CTX001_SAMPLE_QC;REL_CTX001_SENSITIVITY_STABILITY;REL_CTX001_STUDY_INDEPENDENCE,EXP001-C4,data/metadata/skinexo_response_components.csv;reports/EXP001_C4_pathway_analysis.md
CTX001,I,I062,INACTIVE,1.200970945769694,0.3358438839160986,GOBP_NEGATIVE_REGULATION_OF_INTERLEUKIN_1_PRODUCTION,OBSERVED_NULL,1,0,TRANSCRIPTOME,,NOT_APPLICABLE,REL_CTX001_ANNOTATION_CERTAINTY;REL_CTX001_BATCH_ADJUSTMENT;REL_CTX001_CONTROL_CERTAINTY;REL_CTX001_CROSS_CONTEXT_REPLICATION;REL_CTX001_EV_PREPARATION_INDEPENDENCE;REL_CTX001_MODEL_DIAGNOSTICS;REL_CTX001_PAIRING_CERTAINTY;REL_CTX001_PATHWAY_EVIDENCE;REL_CTX001_PHENOTYPE_SUPPORT;REL_CTX001_RECIPIENT_DONOR_INDEPENDENCE;REL_CTX001_SAMPLE_QC;REL_CTX001_SENSITIVITY_STABILITY;REL_CTX001_STUDY_INDEPENDENCE,EXP001-C4,data/metadata/skinexo_response_components.csv;reports/EXP001_C4_pathway_analysis.md
CTX001,I,I063,INACTIVE,0.892779058654559,0.7657097453797538,GOBP_NEGATIVE_REGULATION_OF_INTERLEUKIN_6_PRODUCTION,OBSERVED_NULL,1,0,TRANSCRIPTOME,,NOT_APPLICABLE,REL_CTX001_ANNOTATION_CERTAINTY;REL_CTX001_BATCH_ADJUSTMENT;REL_CTX001_CONTROL_CERTAINTY;REL_CTX001_CROSS_CONTEXT_REPLICATION;REL_CTX001_EV_PREPARATION_INDEPENDENCE;REL_CTX001_MODEL_DIAGNOSTICS;REL_CTX001_PAIRING_CERTAINTY;REL_CTX001_PATHWAY_EVIDENCE;REL_CTX001_PHENOTYPE_SUPPORT;REL_CTX001_RECIPIENT_DONOR_INDEPENDENCE;REL_CTX001_SAMPLE_QC;REL_CTX001_SENSITIVITY_STABILITY;REL_CTX001_STUDY_INDEPENDENCE,EXP001-C4,data/metadata/skinexo_response_components.csv;reports/EXP001_C4_pathway_analysis.md
CTX001,I,I064,INACTIVE,-1.298860504097831,0.2414586950031733,GOBP_NEGATIVE_REGULATION_OF_LEUKOCYTE_CELL_CELL_ADHESION,OBSERVED_NULL,1,0,TRANSCRIPTOME,,NOT_APPLICABLE,REL_CTX001_ANNOTATION_CERTAINTY;REL_CTX001_BATCH_ADJUSTMENT;REL_CTX001_CONTROL_CERTAINTY;REL_CTX001_CROSS_CONTEXT_REPLICATION;REL_CTX001_EV_PREPARATION_INDEPENDENCE;REL_CTX001_MODEL_DIAGNOSTICS;REL_CTX001_PAIRING_CERTAINTY;REL_CTX001_PATHWAY_EVIDENCE;REL_CTX001_PHENOTYPE_SUPPORT;REL_CTX001_RECIPIENT_DONOR_INDEPENDENCE;REL_CTX001_SAMPLE_QC;REL_CTX001_SENSITIVITY_STABILITY;REL_CTX001_STUDY_INDEPENDENCE,EXP001-C4,data/metadata/skinexo_response_components.csv;reports/EXP001_C4_pathway_analysis.md
CTX001,I,I065,INACTIVE,-0.8470795544088242,0.8058494501732858,GOBP_NEGATIVE_REGULATION_OF_LEUKOCYTE_MIGRATION,OBSERVED_NULL,1,0,TRANSCRIPTOME,,NOT_APPLICABLE,REL_CTX001_ANNOTATION_CERTAINTY;REL_CTX001_BATCH_ADJUSTMENT;REL_CTX001_CONTROL_CERTAINTY;REL_CTX001_CROSS_CONTEXT_REPLICATION;REL_CTX001_EV_PREPARATION_INDEPENDENCE;REL_CTX001_MODEL_DIAGNOSTICS;REL_CTX001_PAIRING_CERTAINTY;REL_CTX001_PATHWAY_EVIDENCE;REL_CTX001_PHENOTYPE_SUPPORT;REL_CTX001_RECIPIENT_DONOR_INDEPENDENCE;REL_CTX001_SAMPLE_QC;REL_CTX001_SENSITIVITY_STABILITY;REL_CTX001_STUDY_INDEPENDENCE,EXP001-C4,data/metadata/skinexo_response_components.csv;reports/EXP001_C4_pathway_analysis.md
CTX001,I,I066,INACTIVE,-1.508773933134834,0.1287937149429542,GOBP_NEGATIVE_REGULATION_OF_LEUKOCYTE_PROLIFERATION,OBSERVED_NULL,1,0,TRANSCRIPTOME,,NOT_APPLICABLE,REL_CTX001_ANNOTATION_CERTAINTY;REL_CTX001_BATCH_ADJUSTMENT;REL_CTX001_CONTROL_CERTAINTY;REL_CTX001_CROSS_CONTEXT_REPLICATION;REL_CTX001_EV_PREPARATION_INDEPENDENCE;REL_CTX001_MODEL_DIAGNOSTICS;REL_CTX001_PAIRING_CERTAINTY;REL_CTX001_PATHWAY_EVIDENCE;REL_CTX001_PHENOTYPE_SUPPORT;REL_CTX001_RECIPIENT_DONOR_INDEPENDENCE;REL_CTX001_SAMPLE_QC;REL_CTX001_SENSITIVITY_STABILITY;REL_CTX001_STUDY_INDEPENDENCE,EXP001-C4,data/metadata/skinexo_response_components.csv;reports/EXP001_C4_pathway_analysis.md
CTX001,I,I067,INACTIVE,0.9174442072724328,0.730788555548199,GOBP_NEGATIVE_REGULATION_OF_MYELOID_LEUKOCYTE_DIFFERENTIATION,OBSERVED_NULL,1,0,TRANSCRIPTOME,,NOT_APPLICABLE,REL_CTX001_ANNOTATION_CERTAINTY;REL_CTX001_BATCH_ADJUSTMENT;REL_CTX001_CONTROL_CERTAINTY;REL_CTX001_CROSS_CONTEXT_REPLICATION;REL_CTX001_EV_PREPARATION_INDEPENDENCE;REL_CTX001_MODEL_DIAGNOSTICS;REL_CTX001_PAIRING_CERTAINTY;REL_CTX001_PATHWAY_EVIDENCE;REL_CTX001_PHENOTYPE_SUPPORT;REL_CTX001_RECIPIENT_DONOR_INDEPENDENCE;REL_CTX001_SAMPLE_QC;REL_CTX001_SENSITIVITY_STABILITY;REL_CTX001_STUDY_INDEPENDENCE,EXP001-C4,data/metadata/skinexo_response_components.csv;reports/EXP001_C4_pathway_analysis.md
CTX001,I,I068,INACTIVE,-0.818503884116907,0.8419825108001002,GOBP_NEGATIVE_REGULATION_OF_NATURAL_KILLER_CELL_MEDIATED_IMMUNITY,OBSERVED_NULL,1,0,TRANSCRIPTOME,,NOT_APPLICABLE,REL_CTX001_ANNOTATION_CERTAINTY;REL_CTX001_BATCH_ADJUSTMENT;REL_CTX001_CONTROL_CERTAINTY;REL_CTX001_CROSS_CONTEXT_REPLICATION;REL_CTX001_EV_PREPARATION_INDEPENDENCE;REL_CTX001_MODEL_DIAGNOSTICS;REL_CTX001_PAIRING_CERTAINTY;REL_CTX001_PATHWAY_EVIDENCE;REL_CTX001_PHENOTYPE_SUPPORT;REL_CTX001_RECIPIENT_DONOR_INDEPENDENCE;REL_CTX001_SAMPLE_QC;REL_CTX001_SENSITIVITY_STABILITY;REL_CTX001_STUDY_INDEPENDENCE,EXP001-C4,data/metadata/skinexo_response_components.csv;reports/EXP001_C4_pathway_analysis.md
CTX001,I,I069,INACTIVE,-0.7472145484783259,0.9146605626438437,GOBP_NEGATIVE_REGULATION_OF_PRODUCTION_OF_MOLECULAR_MEDIATOR_OF_IMMUNE_RESPONSE,OBSERVED_NULL,1,0,TRANSCRIPTOME,,NOT_APPLICABLE,REL_CTX001_ANNOTATION_CERTAINTY;REL_CTX001_BATCH_ADJUSTMENT;REL_CTX001_CONTROL_CERTAINTY;REL_CTX001_CROSS_CONTEXT_REPLICATION;REL_CTX001_EV_PREPARATION_INDEPENDENCE;REL_CTX001_MODEL_DIAGNOSTICS;REL_CTX001_PAIRING_CERTAINTY;REL_CTX001_PATHWAY_EVIDENCE;REL_CTX001_PHENOTYPE_SUPPORT;REL_CTX001_RECIPIENT_DONOR_INDEPENDENCE;REL_CTX001_SAMPLE_QC;REL_CTX001_SENSITIVITY_STABILITY;REL_CTX001_STUDY_INDEPENDENCE,EXP001-C4,data/metadata/skinexo_response_components.csv;reports/EXP001_C4_pathway_analysis.md
CTX001,I,I070,INACTIVE,-1.0580048652639176,0.4839880122828731,GOBP_REGULATION_OF_RESPONSE_TO_CYTOKINE_STIMULUS,OBSERVED_NULL,1,0,TRANSCRIPTOME,,NOT_APPLICABLE,REL_CTX001_ANNOTATION_CERTAINTY;REL_CTX001_BATCH_ADJUSTMENT;REL_CTX001_CONTROL_CERTAINTY;REL_CTX001_CROSS_CONTEXT_REPLICATION;REL_CTX001_EV_PREPARATION_INDEPENDENCE;REL_CTX001_MODEL_DIAGNOSTICS;REL_CTX001_PAIRING_CERTAINTY;REL_CTX001_PATHWAY_EVIDENCE;REL_CTX001_PHENOTYPE_SUPPORT;REL_CTX001_RECIPIENT_DONOR_INDEPENDENCE;REL_CTX001_SAMPLE_QC;REL_CTX001_SENSITIVITY_STABILITY;REL_CTX001_STUDY_INDEPENDENCE,EXP001-C4,data/metadata/skinexo_response_components.csv;reports/EXP001_C4_pathway_analysis.md
CTX001,I,I071,INACTIVE,-1.170030929971584,0.3522614785365117,GOBP_NEGATIVE_REGULATION_OF_TUMOR_NECROSIS_FACTOR_SUPERFAMILY_CYTOKINE_PRODUCTION,OBSERVED_NULL,1,0,TRANSCRIPTOME,,NOT_APPLICABLE,REL_CTX001_ANNOTATION_CERTAINTY;REL_CTX001_BATCH_ADJUSTMENT;REL_CTX001_CONTROL_CERTAINTY;REL_CTX001_CROSS_CONTEXT_REPLICATION;REL_CTX001_EV_PREPARATION_INDEPENDENCE;REL_CTX001_MODEL_DIAGNOSTICS;REL_CTX001_PAIRING_CERTAINTY;REL_CTX001_PATHWAY_EVIDENCE;REL_CTX001_PHENOTYPE_SUPPORT;REL_CTX001_RECIPIENT_DONOR_INDEPENDENCE;REL_CTX001_SAMPLE_QC;REL_CTX001_SENSITIVITY_STABILITY;REL_CTX001_STUDY_INDEPENDENCE,EXP001-C4,data/metadata/skinexo_response_components.csv;reports/EXP001_C4_pathway_analysis.md
CTX001,I,I072,INACTIVE,-1.137802731307442,0.3863961312293437,GOBP_NEGATIVE_REGULATION_OF_TYPE_II_INTERFERON_PRODUCTION,OBSERVED_NULL,1,0,TRANSCRIPTOME,,NOT_APPLICABLE,REL_CTX001_ANNOTATION_CERTAINTY;REL_CTX001_BATCH_ADJUSTMENT;REL_CTX001_CONTROL_CERTAINTY;REL_CTX001_CROSS_CONTEXT_REPLICATION;REL_CTX001_EV_PREPARATION_INDEPENDENCE;REL_CTX001_MODEL_DIAGNOSTICS;REL_CTX001_PAIRING_CERTAINTY;REL_CTX001_PATHWAY_EVIDENCE;REL_CTX001_PHENOTYPE_SUPPORT;REL_CTX001_RECIPIENT_DONOR_INDEPENDENCE;REL_CTX001_SAMPLE_QC;REL_CTX001_SENSITIVITY_STABILITY;REL_CTX001_STUDY_INDEPENDENCE,EXP001-C4,data/metadata/skinexo_response_components.csv;reports/EXP001_C4_pathway_analysis.md
CTX001,I,I073,INACTIVE,-0.9324544604636404,0.6731969590331658,GOBP_NEGATIVE_REGULATION_OF_TYPE_I_INTERFERON_PRODUCTION,OBSERVED_NULL,1,0,TRANSCRIPTOME,,NOT_APPLICABLE,REL_CTX001_ANNOTATION_CERTAINTY;REL_CTX001_BATCH_ADJUSTMENT;REL_CTX001_CONTROL_CERTAINTY;REL_CTX001_CROSS_CONTEXT_REPLICATION;REL_CTX001_EV_PREPARATION_INDEPENDENCE;REL_CTX001_MODEL_DIAGNOSTICS;REL_CTX001_PAIRING_CERTAINTY;REL_CTX001_PATHWAY_EVIDENCE;REL_CTX001_PHENOTYPE_SUPPORT;REL_CTX001_RECIPIENT_DONOR_INDEPENDENCE;REL_CTX001_SAMPLE_QC;REL_CTX001_SENSITIVITY_STABILITY;REL_CTX001_STUDY_INDEPENDENCE,EXP001-C4,data/metadata/skinexo_response_components.csv;reports/EXP001_C4_pathway_analysis.md
CTX001,I,I074,INACTIVE,-0.9271810671598604,0.6833786402347002,GOBP_NEGATIVE_REGULATION_OF_T_CELL_MEDIATED_IMMUNITY,OBSERVED_NULL,1,0,TRANSCRIPTOME,,NOT_APPLICABLE,REL_CTX001_ANNOTATION_CERTAINTY;REL_CTX001_BATCH_ADJUSTMENT;REL_CTX001_CONTROL_CERTAINTY;REL_CTX001_CROSS_CONTEXT_REPLICATION;REL_CTX001_EV_PREPARATION_INDEPENDENCE;REL_CTX001_MODEL_DIAGNOSTICS;REL_CTX001_PAIRING_CERTAINTY;REL_CTX001_PATHWAY_EVIDENCE;REL_CTX001_PHENOTYPE_SUPPORT;REL_CTX001_RECIPIENT_DONOR_INDEPENDENCE;REL_CTX001_SAMPLE_QC;REL_CTX001_SENSITIVITY_STABILITY;REL_CTX001_STUDY_INDEPENDENCE,EXP001-C4,data/metadata/skinexo_response_components.csv;reports/EXP001_C4_pathway_analysis.md
CTX001,I,I075,INACTIVE,-1.1945248175161771,0.3318455514725452,GOBP_REGULATION_OF_NEUROINFLAMMATORY_RESPONSE,OBSERVED_NULL,1,0,TRANSCRIPTOME,,NOT_APPLICABLE,REL_CTX001_ANNOTATION_CERTAINTY;REL_CTX001_BATCH_ADJUSTMENT;REL_CTX001_CONTROL_CERTAINTY;REL_CTX001_CROSS_CONTEXT_REPLICATION;REL_CTX001_EV_PREPARATION_INDEPENDENCE;REL_CTX001_MODEL_DIAGNOSTICS;REL_CTX001_PAIRING_CERTAINTY;REL_CTX001_PATHWAY_EVIDENCE;REL_CTX001_PHENOTYPE_SUPPORT;REL_CTX001_RECIPIENT_DONOR_INDEPENDENCE;REL_CTX001_SAMPLE_QC;REL_CTX001_SENSITIVITY_STABILITY;REL_CTX001_STUDY_INDEPENDENCE,EXP001-C4,data/metadata/skinexo_response_components.csv;reports/EXP001_C4_pathway_analysis.md
CTX001,I,I076,INACTIVE,1.1583198087942532,0.3868229695266622,GOBP_NEUTROPHIL_MIGRATION,OBSERVED_NULL,1,0,TRANSCRIPTOME,,NOT_APPLICABLE,REL_CTX001_ANNOTATION_CERTAINTY;REL_CTX001_BATCH_ADJUSTMENT;REL_CTX001_CONTROL_CERTAINTY;REL_CTX001_CROSS_CONTEXT_REPLICATION;REL_CTX001_EV_PREPARATION_INDEPENDENCE;REL_CTX001_MODEL_DIAGNOSTICS;REL_CTX001_PAIRING_CERTAINTY;REL_CTX001_PATHWAY_EVIDENCE;REL_CTX001_PHENOTYPE_SUPPORT;REL_CTX001_RECIPIENT_DONOR_INDEPENDENCE;REL_CTX001_SAMPLE_QC;REL_CTX001_SENSITIVITY_STABILITY;REL_CTX001_STUDY_INDEPENDENCE,EXP001-C4,data/metadata/skinexo_response_components.csv;reports/EXP001_C4_pathway_analysis.md
CTX001,I,I077,INACTIVE,0.800586842539702,0.8768894555021595,GOBP_NEUTROPHIL_MEDIATED_IMMUNITY,OBSERVED_NULL,1,0,TRANSCRIPTOME,,NOT_APPLICABLE,REL_CTX001_ANNOTATION_CERTAINTY;REL_CTX001_BATCH_ADJUSTMENT;REL_CTX001_CONTROL_CERTAINTY;REL_CTX001_CROSS_CONTEXT_REPLICATION;REL_CTX001_EV_PREPARATION_INDEPENDENCE;REL_CTX001_MODEL_DIAGNOSTICS;REL_CTX001_PAIRING_CERTAINTY;REL_CTX001_PATHWAY_EVIDENCE;REL_CTX001_PHENOTYPE_SUPPORT;REL_CTX001_RECIPIENT_DONOR_INDEPENDENCE;REL_CTX001_SAMPLE_QC;REL_CTX001_SENSITIVITY_STABILITY;REL_CTX001_STUDY_INDEPENDENCE,EXP001-C4,data/metadata/skinexo_response_components.csv;reports/EXP001_C4_pathway_analysis.md
CTX001,I,I078,INACTIVE,-1.3328252373326284,0.2198499359527326,GOBP_POSITIVE_REGULATION_OF_CYTOKINE_PRODUCTION,OBSERVED_NULL,1,0,TRANSCRIPTOME,,NOT_APPLICABLE,REL_CTX001_ANNOTATION_CERTAINTY;REL_CTX001_BATCH_ADJUSTMENT;REL_CTX001_CONTROL_CERTAINTY;REL_CTX001_CROSS_CONTEXT_REPLICATION;REL_CTX001_EV_PREPARATION_INDEPENDENCE;REL_CTX001_MODEL_DIAGNOSTICS;REL_CTX001_PAIRING_CERTAINTY;REL_CTX001_PATHWAY_EVIDENCE;REL_CTX001_PHENOTYPE_SUPPORT;REL_CTX001_RECIPIENT_DONOR_INDEPENDENCE;REL_CTX001_SAMPLE_QC;REL_CTX001_SENSITIVITY_STABILITY;REL_CTX001_STUDY_INDEPENDENCE,EXP001-C4,data/metadata/skinexo_response_components.csv;reports/EXP001_C4_pathway_analysis.md
CTX001,I,I079,INACTIVE,0.763025618818243,0.9089609148419256,GOBP_POSITIVE_REGULATION_OF_CYTOKINE_PRODUCTION_INVOLVED_IN_INFLAMMATORY_RESPONSE,OBSERVED_NULL,1,0,TRANSCRIPTOME,,NOT_APPLICABLE,REL_CTX001_ANNOTATION_CERTAINTY;REL_CTX001_BATCH_ADJUSTMENT;REL_CTX001_CONTROL_CERTAINTY;REL_CTX001_CROSS_CONTEXT_REPLICATION;REL_CTX001_EV_PREPARATION_INDEPENDENCE;REL_CTX001_MODEL_DIAGNOSTICS;REL_CTX001_PAIRING_CERTAINTY;REL_CTX001_PATHWAY_EVIDENCE;REL_CTX001_PHENOTYPE_SUPPORT;REL_CTX001_RECIPIENT_DONOR_INDEPENDENCE;REL_CTX001_SAMPLE_QC;REL_CTX001_SENSITIVITY_STABILITY;REL_CTX001_STUDY_INDEPENDENCE,EXP001-C4,data/metadata/skinexo_response_components.csv;reports/EXP001_C4_pathway_analysis.md
CTX001,I,I080,INACTIVE,-1.5076174745248598,0.1289185570346604,GOBP_POSITIVE_REGULATION_OF_INFLAMMATORY_RESPONSE,OBSERVED_NULL,1,0,TRANSCRIPTOME,,NOT_APPLICABLE,REL_CTX001_ANNOTATION_CERTAINTY;REL_CTX001_BATCH_ADJUSTMENT;REL_CTX001_CONTROL_CERTAINTY;REL_CTX001_CROSS_CONTEXT_REPLICATION;REL_CTX001_EV_PREPARATION_INDEPENDENCE;REL_CTX001_MODEL_DIAGNOSTICS;REL_CTX001_PAIRING_CERTAINTY;REL_CTX001_PATHWAY_EVIDENCE;REL_CTX001_PHENOTYPE_SUPPORT;REL_CTX001_RECIPIENT_DONOR_INDEPENDENCE;REL_CTX001_SAMPLE_QC;REL_CTX001_SENSITIVITY_STABILITY;REL_CTX001_STUDY_INDEPENDENCE,EXP001-C4,data/metadata/skinexo_response_components.csv;reports/EXP001_C4_pathway_analysis.md
CTX001,I,I081,INACTIVE,-1.2345901369834855,0.2932838316576739,GOBP_POSITIVE_REGULATION_OF_LEUKOCYTE_APOPTOTIC_PROCESS,OBSERVED_NULL,1,0,TRANSCRIPTOME,,NOT_APPLICABLE,REL_CTX001_ANNOTATION_CERTAINTY;REL_CTX001_BATCH_ADJUSTMENT;REL_CTX001_CONTROL_CERTAINTY;REL_CTX001_CROSS_CONTEXT_REPLICATION;REL_CTX001_EV_PREPARATION_INDEPENDENCE;REL_CTX001_MODEL_DIAGNOSTICS;REL_CTX001_PAIRING_CERTAINTY;REL_CTX001_PATHWAY_EVIDENCE;REL_CTX001_PHENOTYPE_SUPPORT;REL_CTX001_RECIPIENT_DONOR_INDEPENDENCE;REL_CTX001_SAMPLE_QC;REL_CTX001_SENSITIVITY_STABILITY;REL_CTX001_STUDY_INDEPENDENCE,EXP001-C4,data/metadata/skinexo_response_components.csv;reports/EXP001_C4_pathway_analysis.md
CTX001,I,I082,INACTIVE,-0.9643161645163588,0.622207692041283,GOBP_POSITIVE_REGULATION_OF_MACROPHAGE_ACTIVATION,OBSERVED_NULL,1,0,TRANSCRIPTOME,,NOT_APPLICABLE,REL_CTX001_ANNOTATION_CERTAINTY;REL_CTX001_BATCH_ADJUSTMENT;REL_CTX001_CONTROL_CERTAINTY;REL_CTX001_CROSS_CONTEXT_REPLICATION;REL_CTX001_EV_PREPARATION_INDEPENDENCE;REL_CTX001_MODEL_DIAGNOSTICS;REL_CTX001_PAIRING_CERTAINTY;REL_CTX001_PATHWAY_EVIDENCE;REL_CTX001_PHENOTYPE_SUPPORT;REL_CTX001_RECIPIENT_DONOR_INDEPENDENCE;REL_CTX001_SAMPLE_QC;REL_CTX001_SENSITIVITY_STABILITY;REL_CTX001_STUDY_INDEPENDENCE,EXP001-C4,data/metadata/skinexo_response_components.csv;reports/EXP001_C4_pathway_analysis.md
CTX001,I,I083,INACTIVE,-1.4858141462817174,0.1365128097679368,GOBP_POSITIVE_REGULATION_OF_MYELOID_LEUKOCYTE_DIFFERENTIATION,OBSERVED_NULL,1,0,TRANSCRIPTOME,,NOT_APPLICABLE,REL_CTX001_ANNOTATION_CERTAINTY;REL_CTX001_BATCH_ADJUSTMENT;REL_CTX001_CONTROL_CERTAINTY;REL_CTX001_CROSS_CONTEXT_REPLICATION;REL_CTX001_EV_PREPARATION_INDEPENDENCE;REL_CTX001_MODEL_DIAGNOSTICS;REL_CTX001_PAIRING_CERTAINTY;REL_CTX001_PATHWAY_EVIDENCE;REL_CTX001_PHENOTYPE_SUPPORT;REL_CTX001_RECIPIENT_DONOR_INDEPENDENCE;REL_CTX001_SAMPLE_QC;REL_CTX001_SENSITIVITY_STABILITY;REL_CTX001_STUDY_INDEPENDENCE,EXP001-C4,data/metadata/skinexo_response_components.csv;reports/EXP001_C4_pathway_analysis.md
CTX001,I,I084,INACTIVE,-1.5414036541886582,0.1140229381399478,GOBP_REGULATION_OF_NEUTROPHIL_CHEMOTAXIS,OBSERVED_NULL,1,0,TRANSCRIPTOME,,NOT_APPLICABLE,REL_CTX001_ANNOTATION_CERTAINTY;REL_CTX001_BATCH_ADJUSTMENT;REL_CTX001_CONTROL_CERTAINTY;REL_CTX001_CROSS_CONTEXT_REPLICATION;REL_CTX001_EV_PREPARATION_INDEPENDENCE;REL_CTX001_MODEL_DIAGNOSTICS;REL_CTX001_PAIRING_CERTAINTY;REL_CTX001_PATHWAY_EVIDENCE;REL_CTX001_PHENOTYPE_SUPPORT;REL_CTX001_RECIPIENT_DONOR_INDEPENDENCE;REL_CTX001_SAMPLE_QC;REL_CTX001_SENSITIVITY_STABILITY;REL_CTX001_STUDY_INDEPENDENCE,EXP001-C4,data/metadata/skinexo_response_components.csv;reports/EXP001_C4_pathway_analysis.md
CTX001,I,I085,INACTIVE,-0.8788633328614897,0.7608997595751748,GOBP_POSITIVE_REGULATION_OF_RESPONSE_TO_CYTOKINE_STIMULUS,OBSERVED_NULL,1,0,TRANSCRIPTOME,,NOT_APPLICABLE,REL_CTX001_ANNOTATION_CERTAINTY;REL_CTX001_BATCH_ADJUSTMENT;REL_CTX001_CONTROL_CERTAINTY;REL_CTX001_CROSS_CONTEXT_REPLICATION;REL_CTX001_EV_PREPARATION_INDEPENDENCE;REL_CTX001_MODEL_DIAGNOSTICS;REL_CTX001_PAIRING_CERTAINTY;REL_CTX001_PATHWAY_EVIDENCE;REL_CTX001_PHENOTYPE_SUPPORT;REL_CTX001_RECIPIENT_DONOR_INDEPENDENCE;REL_CTX001_SAMPLE_QC;REL_CTX001_SENSITIVITY_STABILITY;REL_CTX001_STUDY_INDEPENDENCE,EXP001-C4,data/metadata/skinexo_response_components.csv;reports/EXP001_C4_pathway_analysis.md
CTX001,I,I086,INACTIVE,-1.16804445912791,0.3544822815915409,GOBP_TUMOR_NECROSIS_FACTOR_SUPERFAMILY_CYTOKINE_PRODUCTION,OBSERVED_NULL,1,0,TRANSCRIPTOME,,NOT_APPLICABLE,REL_CTX001_ANNOTATION_CERTAINTY;REL_CTX001_BATCH_ADJUSTMENT;REL_CTX001_CONTROL_CERTAINTY;REL_CTX001_CROSS_CONTEXT_REPLICATION;REL_CTX001_EV_PREPARATION_INDEPENDENCE;REL_CTX001_MODEL_DIAGNOSTICS;REL_CTX001_PAIRING_CERTAINTY;REL_CTX001_PATHWAY_EVIDENCE;REL_CTX001_PHENOTYPE_SUPPORT;REL_CTX001_RECIPIENT_DONOR_INDEPENDENCE;REL_CTX001_SAMPLE_QC;REL_CTX001_SENSITIVITY_STABILITY;REL_CTX001_STUDY_INDEPENDENCE,EXP001-C4,data/metadata/skinexo_response_components.csv;reports/EXP001_C4_pathway_analysis.md
CTX001,I,I087,INACTIVE,1.116363997606922,0.4448758559484365,GOBP_POSITIVE_REGULATION_OF_TYPE_II_INTERFERON_PRODUCTION,OBSERVED_NULL,1,0,TRANSCRIPTOME,,NOT_APPLICABLE,REL_CTX001_ANNOTATION_CERTAINTY;REL_CTX001_BATCH_ADJUSTMENT;REL_CTX001_CONTROL_CERTAINTY;REL_CTX001_CROSS_CONTEXT_REPLICATION;REL_CTX001_EV_PREPARATION_INDEPENDENCE;REL_CTX001_MODEL_DIAGNOSTICS;REL_CTX001_PAIRING_CERTAINTY;REL_CTX001_PATHWAY_EVIDENCE;REL_CTX001_PHENOTYPE_SUPPORT;REL_CTX001_RECIPIENT_DONOR_INDEPENDENCE;REL_CTX001_SAMPLE_QC;REL_CTX001_SENSITIVITY_STABILITY;REL_CTX001_STUDY_INDEPENDENCE,EXP001-C4,data/metadata/skinexo_response_components.csv;reports/EXP001_C4_pathway_analysis.md
CTX001,I,I088,INACTIVE,-1.2632091462035953,0.2709158261450471,GOBP_POSITIVE_REGULATION_OF_TYPE_I_INTERFERON_MEDIATED_SIGNALING_PATHWAY,OBSERVED_NULL,1,0,TRANSCRIPTOME,,NOT_APPLICABLE,REL_CTX001_ANNOTATION_CERTAINTY;REL_CTX001_BATCH_ADJUSTMENT;REL_CTX001_CONTROL_CERTAINTY;REL_CTX001_CROSS_CONTEXT_REPLICATION;REL_CTX001_EV_PREPARATION_INDEPENDENCE;REL_CTX001_MODEL_DIAGNOSTICS;REL_CTX001_PAIRING_CERTAINTY;REL_CTX001_PATHWAY_EVIDENCE;REL_CTX001_PHENOTYPE_SUPPORT;REL_CTX001_RECIPIENT_DONOR_INDEPENDENCE;REL_CTX001_SAMPLE_QC;REL_CTX001_SENSITIVITY_STABILITY;REL_CTX001_STUDY_INDEPENDENCE,EXP001-C4,data/metadata/skinexo_response_components.csv;reports/EXP001_C4_pathway_analysis.md
CTX001,I,I089,INACTIVE,0.8275939386117801,0.8506653279016394,GOBP_POSITIVE_REGULATION_OF_T_CELL_CYTOKINE_PRODUCTION,OBSERVED_NULL,1,0,TRANSCRIPTOME,,NOT_APPLICABLE,REL_CTX001_ANNOTATION_CERTAINTY;REL_CTX001_BATCH_ADJUSTMENT;REL_CTX001_CONTROL_CERTAINTY;REL_CTX001_CROSS_CONTEXT_REPLICATION;REL_CTX001_EV_PREPARATION_INDEPENDENCE;REL_CTX001_MODEL_DIAGNOSTICS;REL_CTX001_PAIRING_CERTAINTY;REL_CTX001_PATHWAY_EVIDENCE;REL_CTX001_PHENOTYPE_SUPPORT;REL_CTX001_RECIPIENT_DONOR_INDEPENDENCE;REL_CTX001_SAMPLE_QC;REL_CTX001_SENSITIVITY_STABILITY;REL_CTX001_STUDY_INDEPENDENCE,EXP001-C4,data/metadata/skinexo_response_components.csv;reports/EXP001_C4_pathway_analysis.md
CTX001,I,I090,INACTIVE,0.7910466327429179,0.8873733953803717,GOBP_PYROPTOTIC_INFLAMMATORY_RESPONSE,OBSERVED_NULL,1,0,TRANSCRIPTOME,,NOT_APPLICABLE,REL_CTX001_ANNOTATION_CERTAINTY;REL_CTX001_BATCH_ADJUSTMENT;REL_CTX001_CONTROL_CERTAINTY;REL_CTX001_CROSS_CONTEXT_REPLICATION;REL_CTX001_EV_PREPARATION_INDEPENDENCE;REL_CTX001_MODEL_DIAGNOSTICS;REL_CTX001_PAIRING_CERTAINTY;REL_CTX001_PATHWAY_EVIDENCE;REL_CTX001_PHENOTYPE_SUPPORT;REL_CTX001_RECIPIENT_DONOR_INDEPENDENCE;REL_CTX001_SAMPLE_QC;REL_CTX001_SENSITIVITY_STABILITY;REL_CTX001_STUDY_INDEPENDENCE,EXP001-C4,data/metadata/skinexo_response_components.csv;reports/EXP001_C4_pathway_analysis.md
CTX001,I,I091,INACTIVE,0.9710176754423012,0.6507140947909507,GOBP_REGULATION_OF_ACUTE_INFLAMMATORY_RESPONSE,OBSERVED_NULL,1,0,TRANSCRIPTOME,,NOT_APPLICABLE,REL_CTX001_ANNOTATION_CERTAINTY;REL_CTX001_BATCH_ADJUSTMENT;REL_CTX001_CONTROL_CERTAINTY;REL_CTX001_CROSS_CONTEXT_REPLICATION;REL_CTX001_EV_PREPARATION_INDEPENDENCE;REL_CTX001_MODEL_DIAGNOSTICS;REL_CTX001_PAIRING_CERTAINTY;REL_CTX001_PATHWAY_EVIDENCE;REL_CTX001_PHENOTYPE_SUPPORT;REL_CTX001_RECIPIENT_DONOR_INDEPENDENCE;REL_CTX001_SAMPLE_QC;REL_CTX001_SENSITIVITY_STABILITY;REL_CTX001_STUDY_INDEPENDENCE,EXP001-C4,data/metadata/skinexo_response_components.csv;reports/EXP001_C4_pathway_analysis.md
CTX001,I,I092,INACTIVE,-1.3149014898040314,0.2311322611816301,GOBP_REGULATION_OF_HUMORAL_IMMUNE_RESPONSE,OBSERVED_NULL,1,0,TRANSCRIPTOME,,NOT_APPLICABLE,REL_CTX001_ANNOTATION_CERTAINTY;REL_CTX001_BATCH_ADJUSTMENT;REL_CTX001_CONTROL_CERTAINTY;REL_CTX001_CROSS_CONTEXT_REPLICATION;REL_CTX001_EV_PREPARATION_INDEPENDENCE;REL_CTX001_MODEL_DIAGNOSTICS;REL_CTX001_PAIRING_CERTAINTY;REL_CTX001_PATHWAY_EVIDENCE;REL_CTX001_PHENOTYPE_SUPPORT;REL_CTX001_RECIPIENT_DONOR_INDEPENDENCE;REL_CTX001_SAMPLE_QC;REL_CTX001_SENSITIVITY_STABILITY;REL_CTX001_STUDY_INDEPENDENCE,EXP001-C4,data/metadata/skinexo_response_components.csv;reports/EXP001_C4_pathway_analysis.md
CTX001,I,I093,INACTIVE,-1.2784428006002622,0.2577580917942562,GOBP_REGULATION_OF_INFLAMMATORY_RESPONSE,OBSERVED_NULL,1,0,TRANSCRIPTOME,,NOT_APPLICABLE,REL_CTX001_ANNOTATION_CERTAINTY;REL_CTX001_BATCH_ADJUSTMENT;REL_CTX001_CONTROL_CERTAINTY;REL_CTX001_CROSS_CONTEXT_REPLICATION;REL_CTX001_EV_PREPARATION_INDEPENDENCE;REL_CTX001_MODEL_DIAGNOSTICS;REL_CTX001_PAIRING_CERTAINTY;REL_CTX001_PATHWAY_EVIDENCE;REL_CTX001_PHENOTYPE_SUPPORT;REL_CTX001_RECIPIENT_DONOR_INDEPENDENCE;REL_CTX001_SAMPLE_QC;REL_CTX001_SENSITIVITY_STABILITY;REL_CTX001_STUDY_INDEPENDENCE,EXP001-C4,data/metadata/skinexo_response_components.csv;reports/EXP001_C4_pathway_analysis.md
CTX001,I,I094,INACTIVE,-1.0430504296173009,0.5049858387120025,GOBP_REGULATION_OF_LEUKOCYTE_DIFFERENTIATION,OBSERVED_NULL,1,0,TRANSCRIPTOME,,NOT_APPLICABLE,REL_CTX001_ANNOTATION_CERTAINTY;REL_CTX001_BATCH_ADJUSTMENT;REL_CTX001_CONTROL_CERTAINTY;REL_CTX001_CROSS_CONTEXT_REPLICATION;REL_CTX001_EV_PREPARATION_INDEPENDENCE;REL_CTX001_MODEL_DIAGNOSTICS;REL_CTX001_PAIRING_CERTAINTY;REL_CTX001_PATHWAY_EVIDENCE;REL_CTX001_PHENOTYPE_SUPPORT;REL_CTX001_RECIPIENT_DONOR_INDEPENDENCE;REL_CTX001_SAMPLE_QC;REL_CTX001_SENSITIVITY_STABILITY;REL_CTX001_STUDY_INDEPENDENCE,EXP001-C4,data/metadata/skinexo_response_components.csv;reports/EXP001_C4_pathway_analysis.md
CTX001,I,I095,INACTIVE,-1.2472545971134652,0.2814287417773106,GOBP_REGULATION_OF_MACROPHAGE_DERIVED_FOAM_CELL_DIFFERENTIATION,OBSERVED_NULL,1,0,TRANSCRIPTOME,,NOT_APPLICABLE,REL_CTX001_ANNOTATION_CERTAINTY;REL_CTX001_BATCH_ADJUSTMENT;REL_CTX001_CONTROL_CERTAINTY;REL_CTX001_CROSS_CONTEXT_REPLICATION;REL_CTX001_EV_PREPARATION_INDEPENDENCE;REL_CTX001_MODEL_DIAGNOSTICS;REL_CTX001_PAIRING_CERTAINTY;REL_CTX001_PATHWAY_EVIDENCE;REL_CTX001_PHENOTYPE_SUPPORT;REL_CTX001_RECIPIENT_DONOR_INDEPENDENCE;REL_CTX001_SAMPLE_QC;REL_CTX001_SENSITIVITY_STABILITY;REL_CTX001_STUDY_INDEPENDENCE,EXP001-C4,data/metadata/skinexo_response_components.csv;reports/EXP001_C4_pathway_analysis.md
CTX001,I,I096,INACTIVE,-0.7519661097826824,0.912398651492522,GOBP_REGULATION_OF_MACROPHAGE_DIFFERENTIATION,OBSERVED_NULL,1,0,TRANSCRIPTOME,,NOT_APPLICABLE,REL_CTX001_ANNOTATION_CERTAINTY;REL_CTX001_BATCH_ADJUSTMENT;REL_CTX001_CONTROL_CERTAINTY;REL_CTX001_CROSS_CONTEXT_REPLICATION;REL_CTX001_EV_PREPARATION_INDEPENDENCE;REL_CTX001_MODEL_DIAGNOSTICS;REL_CTX001_PAIRING_CERTAINTY;REL_CTX001_PATHWAY_EVIDENCE;REL_CTX001_PHENOTYPE_SUPPORT;REL_CTX001_RECIPIENT_DONOR_INDEPENDENCE;REL_CTX001_SAMPLE_QC;REL_CTX001_SENSITIVITY_STABILITY;REL_CTX001_STUDY_INDEPENDENCE,EXP001-C4,data/metadata/skinexo_response_components.csv;reports/EXP001_C4_pathway_analysis.md
CTX001,I,I097,INACTIVE,-1.1954449445184474,0.3316518974935381,GOBP_REGULATION_OF_MYELOID_LEUKOCYTE_DIFFERENTIATION,OBSERVED_NULL,1,0,TRANSCRIPTOME,,NOT_APPLICABLE,REL_CTX001_ANNOTATION_CERTAINTY;REL_CTX001_BATCH_ADJUSTMENT;REL_CTX001_CONTROL_CERTAINTY;REL_CTX001_CROSS_CONTEXT_REPLICATION;REL_CTX001_EV_PREPARATION_INDEPENDENCE;REL_CTX001_MODEL_DIAGNOSTICS;REL_CTX001_PAIRING_CERTAINTY;REL_CTX001_PATHWAY_EVIDENCE;REL_CTX001_PHENOTYPE_SUPPORT;REL_CTX001_RECIPIENT_DONOR_INDEPENDENCE;REL_CTX001_SAMPLE_QC;REL_CTX001_SENSITIVITY_STABILITY;REL_CTX001_STUDY_INDEPENDENCE,EXP001-C4,data/metadata/skinexo_response_components.csv;reports/EXP001_C4_pathway_analysis.md
CTX001,I,I098,INACTIVE,-0.9696540328330268,0.6151309674676334,GOBP_REGULATION_OF_TOLL_LIKE_RECEPTOR_4_SIGNALING_PATHWAY,OBSERVED_NULL,1,0,TRANSCRIPTOME,,NOT_APPLICABLE,REL_CTX001_ANNOTATION_CERTAINTY;REL_CTX001_BATCH_ADJUSTMENT;REL_CTX001_CONTROL_CERTAINTY;REL_CTX001_CROSS_CONTEXT_REPLICATION;REL_CTX001_EV_PREPARATION_INDEPENDENCE;REL_CTX001_MODEL_DIAGNOSTICS;REL_CTX001_PAIRING_CERTAINTY;REL_CTX001_PATHWAY_EVIDENCE;REL_CTX001_PHENOTYPE_SUPPORT;REL_CTX001_RECIPIENT_DONOR_INDEPENDENCE;REL_CTX001_SAMPLE_QC;REL_CTX001_SENSITIVITY_STABILITY;REL_CTX001_STUDY_INDEPENDENCE,EXP001-C4,data/metadata/skinexo_response_components.csv;reports/EXP001_C4_pathway_analysis.md
CTX001,I,I099,INACTIVE,0.5679447178101389,0.9924623273836912,GOBP_REGULATION_OF_TOLL_LIKE_RECEPTOR_SIGNALING_PATHWAY,OBSERVED_NULL,1,0,TRANSCRIPTOME,,NOT_APPLICABLE,REL_CTX001_ANNOTATION_CERTAINTY;REL_CTX001_BATCH_ADJUSTMENT;REL_CTX001_CONTROL_CERTAINTY;REL_CTX001_CROSS_CONTEXT_REPLICATION;REL_CTX001_EV_PREPARATION_INDEPENDENCE;REL_CTX001_MODEL_DIAGNOSTICS;REL_CTX001_PAIRING_CERTAINTY;REL_CTX001_PATHWAY_EVIDENCE;REL_CTX001_PHENOTYPE_SUPPORT;REL_CTX001_RECIPIENT_DONOR_INDEPENDENCE;REL_CTX001_SAMPLE_QC;REL_CTX001_SENSITIVITY_STABILITY;REL_CTX001_STUDY_INDEPENDENCE,EXP001-C4,data/metadata/skinexo_response_components.csv;reports/EXP001_C4_pathway_analysis.md
CTX001,I,I100,INACTIVE,-1.0425678356169965,0.5055552259776719,GOBP_REGULATION_OF_TYPE_2_IMMUNE_RESPONSE,OBSERVED_NULL,1,0,TRANSCRIPTOME,,NOT_APPLICABLE,REL_CTX001_ANNOTATION_CERTAINTY;REL_CTX001_BATCH_ADJUSTMENT;REL_CTX001_CONTROL_CERTAINTY;REL_CTX001_CROSS_CONTEXT_REPLICATION;REL_CTX001_EV_PREPARATION_INDEPENDENCE;REL_CTX001_MODEL_DIAGNOSTICS;REL_CTX001_PAIRING_CERTAINTY;REL_CTX001_PATHWAY_EVIDENCE;REL_CTX001_PHENOTYPE_SUPPORT;REL_CTX001_RECIPIENT_DONOR_INDEPENDENCE;REL_CTX001_SAMPLE_QC;REL_CTX001_SENSITIVITY_STABILITY;REL_CTX001_STUDY_INDEPENDENCE,EXP001-C4,data/metadata/skinexo_response_components.csv;reports/EXP001_C4_pathway_analysis.md
CTX001,I,I101,INACTIVE,0.6851733095493568,0.9590934588297242,GOBP_REGULATION_OF_T_HELPER_17_TYPE_IMMUNE_RESPONSE,OBSERVED_NULL,1,0,TRANSCRIPTOME,,NOT_APPLICABLE,REL_CTX001_ANNOTATION_CERTAINTY;REL_CTX001_BATCH_ADJUSTMENT;REL_CTX001_CONTROL_CERTAINTY;REL_CTX001_CROSS_CONTEXT_REPLICATION;REL_CTX001_EV_PREPARATION_INDEPENDENCE;REL_CTX001_MODEL_DIAGNOSTICS;REL_CTX001_PAIRING_CERTAINTY;REL_CTX001_PATHWAY_EVIDENCE;REL_CTX001_PHENOTYPE_SUPPORT;REL_CTX001_RECIPIENT_DONOR_INDEPENDENCE;REL_CTX001_SAMPLE_QC;REL_CTX001_SENSITIVITY_STABILITY;REL_CTX001_STUDY_INDEPENDENCE,EXP001-C4,data/metadata/skinexo_response_components.csv;reports/EXP001_C4_pathway_analysis.md
CTX001,I,I102,INACTIVE,1.093581646450753,0.4765756021201724,GOBP_T_HELPER_1_TYPE_IMMUNE_RESPONSE,OBSERVED_NULL,1,0,TRANSCRIPTOME,,NOT_APPLICABLE,REL_CTX001_ANNOTATION_CERTAINTY;REL_CTX001_BATCH_ADJUSTMENT;REL_CTX001_CONTROL_CERTAINTY;REL_CTX001_CROSS_CONTEXT_REPLICATION;REL_CTX001_EV_PREPARATION_INDEPENDENCE;REL_CTX001_MODEL_DIAGNOSTICS;REL_CTX001_PAIRING_CERTAINTY;REL_CTX001_PATHWAY_EVIDENCE;REL_CTX001_PHENOTYPE_SUPPORT;REL_CTX001_RECIPIENT_DONOR_INDEPENDENCE;REL_CTX001_SAMPLE_QC;REL_CTX001_SENSITIVITY_STABILITY;REL_CTX001_STUDY_INDEPENDENCE,EXP001-C4,data/metadata/skinexo_response_components.csv;reports/EXP001_C4_pathway_analysis.md
CTX001,I,I103,INACTIVE,1.2335063508559088,0.300353795903185,GOBP_RESPONSE_TO_INTERFERON_ALPHA,OBSERVED_NULL,1,0,TRANSCRIPTOME,,NOT_APPLICABLE,REL_CTX001_ANNOTATION_CERTAINTY;REL_CTX001_BATCH_ADJUSTMENT;REL_CTX001_CONTROL_CERTAINTY;REL_CTX001_CROSS_CONTEXT_REPLICATION;REL_CTX001_EV_PREPARATION_INDEPENDENCE;REL_CTX001_MODEL_DIAGNOSTICS;REL_CTX001_PAIRING_CERTAINTY;REL_CTX001_PATHWAY_EVIDENCE;REL_CTX001_PHENOTYPE_SUPPORT;REL_CTX001_RECIPIENT_DONOR_INDEPENDENCE;REL_CTX001_SAMPLE_QC;REL_CTX001_SENSITIVITY_STABILITY;REL_CTX001_STUDY_INDEPENDENCE,EXP001-C4,data/metadata/skinexo_response_components.csv;reports/EXP001_C4_pathway_analysis.md
CTX001,I,I104,INACTIVE,-0.8857129490414913,0.750267043844752,GOBP_RESPONSE_TO_INTERLEUKIN_17,OBSERVED_NULL,1,0,TRANSCRIPTOME,,NOT_APPLICABLE,REL_CTX001_ANNOTATION_CERTAINTY;REL_CTX001_BATCH_ADJUSTMENT;REL_CTX001_CONTROL_CERTAINTY;REL_CTX001_CROSS_CONTEXT_REPLICATION;REL_CTX001_EV_PREPARATION_INDEPENDENCE;REL_CTX001_MODEL_DIAGNOSTICS;REL_CTX001_PAIRING_CERTAINTY;REL_CTX001_PATHWAY_EVIDENCE;REL_CTX001_PHENOTYPE_SUPPORT;REL_CTX001_RECIPIENT_DONOR_INDEPENDENCE;REL_CTX001_SAMPLE_QC;REL_CTX001_SENSITIVITY_STABILITY;REL_CTX001_STUDY_INDEPENDENCE,EXP001-C4,data/metadata/skinexo_response_components.csv;reports/EXP001_C4_pathway_analysis.md
CTX001,I,I105,INACTIVE,1.291938175305657,0.2391103853359522,GOBP_RESPONSE_TO_INTERLEUKIN_4,OBSERVED_NULL,1,0,TRANSCRIPTOME,,NOT_APPLICABLE,REL_CTX001_ANNOTATION_CERTAINTY;REL_CTX001_BATCH_ADJUSTMENT;REL_CTX001_CONTROL_CERTAINTY;REL_CTX001_CROSS_CONTEXT_REPLICATION;REL_CTX001_EV_PREPARATION_INDEPENDENCE;REL_CTX001_MODEL_DIAGNOSTICS;REL_CTX001_PAIRING_CERTAINTY;REL_CTX001_PATHWAY_EVIDENCE;REL_CTX001_PHENOTYPE_SUPPORT;REL_CTX001_RECIPIENT_DONOR_INDEPENDENCE;REL_CTX001_SAMPLE_QC;REL_CTX001_SENSITIVITY_STABILITY;REL_CTX001_STUDY_INDEPENDENCE,EXP001-C4,data/metadata/skinexo_response_components.csv;reports/EXP001_C4_pathway_analysis.md
CTX001,I,I106,INACTIVE,0.8577574379222787,0.8169445460590904,GOBP_RESPONSE_TO_INTERLEUKIN_7,OBSERVED_NULL,1,0,TRANSCRIPTOME,,NOT_APPLICABLE,REL_CTX001_ANNOTATION_CERTAINTY;REL_CTX001_BATCH_ADJUSTMENT;REL_CTX001_CONTROL_CERTAINTY;REL_CTX001_CROSS_CONTEXT_REPLICATION;REL_CTX001_EV_PREPARATION_INDEPENDENCE;REL_CTX001_MODEL_DIAGNOSTICS;REL_CTX001_PAIRING_CERTAINTY;REL_CTX001_PATHWAY_EVIDENCE;REL_CTX001_PHENOTYPE_SUPPORT;REL_CTX001_RECIPIENT_DONOR_INDEPENDENCE;REL_CTX001_SAMPLE_QC;REL_CTX001_SENSITIVITY_STABILITY;REL_CTX001_STUDY_INDEPENDENCE,EXP001-C4,data/metadata/skinexo_response_components.csv;reports/EXP001_C4_pathway_analysis.md
CTX001,I,I107,POSITIVE,1.6354371647770647,0.0320517172069333,GOBP_SOMATIC_DIVERSIFICATION_OF_IMMUNE_RECEPTORS_VIA_SOMATIC_MUTATION,ACTIVE_POSITIVE,1,1,TRANSCRIPTOME,,NOT_APPLICABLE,REL_CTX001_ANNOTATION_CERTAINTY;REL_CTX001_BATCH_ADJUSTMENT;REL_CTX001_CONTROL_CERTAINTY;REL_CTX001_CROSS_CONTEXT_REPLICATION;REL_CTX001_EV_PREPARATION_INDEPENDENCE;REL_CTX001_MODEL_DIAGNOSTICS;REL_CTX001_PAIRING_CERTAINTY;REL_CTX001_PATHWAY_EVIDENCE;REL_CTX001_PHENOTYPE_SUPPORT;REL_CTX001_RECIPIENT_DONOR_INDEPENDENCE;REL_CTX001_SAMPLE_QC;REL_CTX001_SENSITIVITY_STABILITY;REL_CTX001_STUDY_INDEPENDENCE,EXP001-C4,data/metadata/skinexo_response_components.csv;reports/EXP001_C4_pathway_analysis.md
CTX001,I,I108,INACTIVE,0.9303083430833248,0.7094236515411873,GOBP_TOLL_LIKE_RECEPTOR_SIGNALING_PATHWAY,OBSERVED_NULL,1,0,TRANSCRIPTOME,,NOT_APPLICABLE,REL_CTX001_ANNOTATION_CERTAINTY;REL_CTX001_BATCH_ADJUSTMENT;REL_CTX001_CONTROL_CERTAINTY;REL_CTX001_CROSS_CONTEXT_REPLICATION;REL_CTX001_EV_PREPARATION_INDEPENDENCE;REL_CTX001_MODEL_DIAGNOSTICS;REL_CTX001_PAIRING_CERTAINTY;REL_CTX001_PATHWAY_EVIDENCE;REL_CTX001_PHENOTYPE_SUPPORT;REL_CTX001_RECIPIENT_DONOR_INDEPENDENCE;REL_CTX001_SAMPLE_QC;REL_CTX001_SENSITIVITY_STABILITY;REL_CTX001_STUDY_INDEPENDENCE,EXP001-C4,data/metadata/skinexo_response_components.csv;reports/EXP001_C4_pathway_analysis.md
CTX001,I,I109,INACTIVE,-0.6508526662722829,0.9694219243186802,GOBP_TYPE_II_INTERFERON_MEDIATED_SIGNALING_PATHWAY,OBSERVED_NULL,1,0,TRANSCRIPTOME,,NOT_APPLICABLE,REL_CTX001_ANNOTATION_CERTAINTY;REL_CTX001_BATCH_ADJUSTMENT;REL_CTX001_CONTROL_CERTAINTY;REL_CTX001_CROSS_CONTEXT_REPLICATION;REL_CTX001_EV_PREPARATION_INDEPENDENCE;REL_CTX001_MODEL_DIAGNOSTICS;REL_CTX001_PAIRING_CERTAINTY;REL_CTX001_PATHWAY_EVIDENCE;REL_CTX001_PHENOTYPE_SUPPORT;REL_CTX001_RECIPIENT_DONOR_INDEPENDENCE;REL_CTX001_SAMPLE_QC;REL_CTX001_SENSITIVITY_STABILITY;REL_CTX001_STUDY_INDEPENDENCE,EXP001-C4,data/metadata/skinexo_response_components.csv;reports/EXP001_C4_pathway_analysis.md
CTX001,I,I110,INACTIVE,-0.9592233822080076,0.6300426673908953,GOBP_T_HELPER_17_TYPE_IMMUNE_RESPONSE,OBSERVED_NULL,1,0,TRANSCRIPTOME,,NOT_APPLICABLE,REL_CTX001_ANNOTATION_CERTAINTY;REL_CTX001_BATCH_ADJUSTMENT;REL_CTX001_CONTROL_CERTAINTY;REL_CTX001_CROSS_CONTEXT_REPLICATION;REL_CTX001_EV_PREPARATION_INDEPENDENCE;REL_CTX001_MODEL_DIAGNOSTICS;REL_CTX001_PAIRING_CERTAINTY;REL_CTX001_PATHWAY_EVIDENCE;REL_CTX001_PHENOTYPE_SUPPORT;REL_CTX001_RECIPIENT_DONOR_INDEPENDENCE;REL_CTX001_SAMPLE_QC;REL_CTX001_SENSITIVITY_STABILITY;REL_CTX001_STUDY_INDEPENDENCE,EXP001-C4,data/metadata/skinexo_response_components.csv;reports/EXP001_C4_pathway_analysis.md
CTX001,I,I111,INACTIVE,1.0464891146232953,0.5422791963963972,HALLMARK_ALLOGRAFT_REJECTION,OBSERVED_NULL,1,0,TRANSCRIPTOME,,NOT_APPLICABLE,REL_CTX001_ANNOTATION_CERTAINTY;REL_CTX001_BATCH_ADJUSTMENT;REL_CTX001_CONTROL_CERTAINTY;REL_CTX001_CROSS_CONTEXT_REPLICATION;REL_CTX001_EV_PREPARATION_INDEPENDENCE;REL_CTX001_MODEL_DIAGNOSTICS;REL_CTX001_PAIRING_CERTAINTY;REL_CTX001_PATHWAY_EVIDENCE;REL_CTX001_PHENOTYPE_SUPPORT;REL_CTX001_RECIPIENT_DONOR_INDEPENDENCE;REL_CTX001_SAMPLE_QC;REL_CTX001_SENSITIVITY_STABILITY;REL_CTX001_STUDY_INDEPENDENCE,EXP001-C4,data/metadata/skinexo_response_components.csv;reports/EXP001_C4_pathway_analysis.md
CTX001,I,I112,INACTIVE,-1.260027952883175,0.2731164544471165,HALLMARK_COMPLEMENT,OBSERVED_NULL,1,0,TRANSCRIPTOME,,NOT_APPLICABLE,REL_CTX001_ANNOTATION_CERTAINTY;REL_CTX001_BATCH_ADJUSTMENT;REL_CTX001_CONTROL_CERTAINTY;REL_CTX001_CROSS_CONTEXT_REPLICATION;REL_CTX001_EV_PREPARATION_INDEPENDENCE;REL_CTX001_MODEL_DIAGNOSTICS;REL_CTX001_PAIRING_CERTAINTY;REL_CTX001_PATHWAY_EVIDENCE;REL_CTX001_PHENOTYPE_SUPPORT;REL_CTX001_RECIPIENT_DONOR_INDEPENDENCE;REL_CTX001_SAMPLE_QC;REL_CTX001_SENSITIVITY_STABILITY;REL_CTX001_STUDY_INDEPENDENCE,EXP001-C4,data/metadata/skinexo_response_components.csv;reports/EXP001_C4_pathway_analysis.md
CTX001,I,I113,INACTIVE,1.32704023505153,0.2045696932719972,HALLMARK_IL2_STAT5_SIGNALING,OBSERVED_NULL,1,0,TRANSCRIPTOME,,NOT_APPLICABLE,REL_CTX001_ANNOTATION_CERTAINTY;REL_CTX001_BATCH_ADJUSTMENT;REL_CTX001_CONTROL_CERTAINTY;REL_CTX001_CROSS_CONTEXT_REPLICATION;REL_CTX001_EV_PREPARATION_INDEPENDENCE;REL_CTX001_MODEL_DIAGNOSTICS;REL_CTX001_PAIRING_CERTAINTY;REL_CTX001_PATHWAY_EVIDENCE;REL_CTX001_PHENOTYPE_SUPPORT;REL_CTX001_RECIPIENT_DONOR_INDEPENDENCE;REL_CTX001_SAMPLE_QC;REL_CTX001_SENSITIVITY_STABILITY;REL_CTX001_STUDY_INDEPENDENCE,EXP001-C4,data/metadata/skinexo_response_components.csv;reports/EXP001_C4_pathway_analysis.md
CTX001,I,I114,INACTIVE,1.1960700897059,0.3408672436436289,HALLMARK_IL6_JAK_STAT3_SIGNALING,OBSERVED_NULL,1,0,TRANSCRIPTOME,,NOT_APPLICABLE,REL_CTX001_ANNOTATION_CERTAINTY;REL_CTX001_BATCH_ADJUSTMENT;REL_CTX001_CONTROL_CERTAINTY;REL_CTX001_CROSS_CONTEXT_REPLICATION;REL_CTX001_EV_PREPARATION_INDEPENDENCE;REL_CTX001_MODEL_DIAGNOSTICS;REL_CTX001_PAIRING_CERTAINTY;REL_CTX001_PATHWAY_EVIDENCE;REL_CTX001_PHENOTYPE_SUPPORT;REL_CTX001_RECIPIENT_DONOR_INDEPENDENCE;REL_CTX001_SAMPLE_QC;REL_CTX001_SENSITIVITY_STABILITY;REL_CTX001_STUDY_INDEPENDENCE,EXP001-C4,data/metadata/skinexo_response_components.csv;reports/EXP001_C4_pathway_analysis.md
CTX001,I,I115,INACTIVE,1.359436488819172,0.1762763711577287,HALLMARK_INFLAMMATORY_RESPONSE,OBSERVED_NULL,1,0,TRANSCRIPTOME,,NOT_APPLICABLE,REL_CTX001_ANNOTATION_CERTAINTY;REL_CTX001_BATCH_ADJUSTMENT;REL_CTX001_CONTROL_CERTAINTY;REL_CTX001_CROSS_CONTEXT_REPLICATION;REL_CTX001_EV_PREPARATION_INDEPENDENCE;REL_CTX001_MODEL_DIAGNOSTICS;REL_CTX001_PAIRING_CERTAINTY;REL_CTX001_PATHWAY_EVIDENCE;REL_CTX001_PHENOTYPE_SUPPORT;REL_CTX001_RECIPIENT_DONOR_INDEPENDENCE;REL_CTX001_SAMPLE_QC;REL_CTX001_SENSITIVITY_STABILITY;REL_CTX001_STUDY_INDEPENDENCE,EXP001-C4,data/metadata/skinexo_response_components.csv;reports/EXP001_C4_pathway_analysis.md
CTX001,I,I116,INACTIVE,-0.8502009199061445,0.8017197680698256,HALLMARK_INTERFERON_ALPHA_RESPONSE,OBSERVED_NULL,1,0,TRANSCRIPTOME,,NOT_APPLICABLE,REL_CTX001_ANNOTATION_CERTAINTY;REL_CTX001_BATCH_ADJUSTMENT;REL_CTX001_CONTROL_CERTAINTY;REL_CTX001_CROSS_CONTEXT_REPLICATION;REL_CTX001_EV_PREPARATION_INDEPENDENCE;REL_CTX001_MODEL_DIAGNOSTICS;REL_CTX001_PAIRING_CERTAINTY;REL_CTX001_PATHWAY_EVIDENCE;REL_CTX001_PHENOTYPE_SUPPORT;REL_CTX001_RECIPIENT_DONOR_INDEPENDENCE;REL_CTX001_SAMPLE_QC;REL_CTX001_SENSITIVITY_STABILITY;REL_CTX001_STUDY_INDEPENDENCE,EXP001-C4,data/metadata/skinexo_response_components.csv;reports/EXP001_C4_pathway_analysis.md
CTX001,I,I117,INACTIVE,-1.0262645071416,0.5279274953267541,HALLMARK_INTERFERON_GAMMA_RESPONSE,OBSERVED_NULL,1,0,TRANSCRIPTOME,,NOT_APPLICABLE,REL_CTX001_ANNOTATION_CERTAINTY;REL_CTX001_BATCH_ADJUSTMENT;REL_CTX001_CONTROL_CERTAINTY;REL_CTX001_CROSS_CONTEXT_REPLICATION;REL_CTX001_EV_PREPARATION_INDEPENDENCE;REL_CTX001_MODEL_DIAGNOSTICS;REL_CTX001_PAIRING_CERTAINTY;REL_CTX001_PATHWAY_EVIDENCE;REL_CTX001_PHENOTYPE_SUPPORT;REL_CTX001_RECIPIENT_DONOR_INDEPENDENCE;REL_CTX001_SAMPLE_QC;REL_CTX001_SENSITIVITY_STABILITY;REL_CTX001_STUDY_INDEPENDENCE,EXP001-C4,data/metadata/skinexo_response_components.csv;reports/EXP001_C4_pathway_analysis.md
CTX001,I,I118,INACTIVE,-1.310947273645024,0.2325542759187981,HALLMARK_TNFA_SIGNALING_VIA_NFKB,OBSERVED_NULL,1,0,TRANSCRIPTOME,,NOT_APPLICABLE,REL_CTX001_ANNOTATION_CERTAINTY;REL_CTX001_BATCH_ADJUSTMENT;REL_CTX001_CONTROL_CERTAINTY;REL_CTX001_CROSS_CONTEXT_REPLICATION;REL_CTX001_EV_PREPARATION_INDEPENDENCE;REL_CTX001_MODEL_DIAGNOSTICS;REL_CTX001_PAIRING_CERTAINTY;REL_CTX001_PATHWAY_EVIDENCE;REL_CTX001_PHENOTYPE_SUPPORT;REL_CTX001_RECIPIENT_DONOR_INDEPENDENCE;REL_CTX001_SAMPLE_QC;REL_CTX001_SENSITIVITY_STABILITY;REL_CTX001_STUDY_INDEPENDENCE,EXP001-C4,data/metadata/skinexo_response_components.csv;reports/EXP001_C4_pathway_analysis.md
CTX001,I,I119,INACTIVE,0.863587418643777,0.808114684346159,REACTOME_ADORA2B_MEDIATED_ANTI_INFLAMMATORY_CYTOKINES_PRODUCTION,OBSERVED_NULL,1,0,TRANSCRIPTOME,,NOT_APPLICABLE,REL_CTX001_ANNOTATION_CERTAINTY;REL_CTX001_BATCH_ADJUSTMENT;REL_CTX001_CONTROL_CERTAINTY;REL_CTX001_CROSS_CONTEXT_REPLICATION;REL_CTX001_EV_PREPARATION_INDEPENDENCE;REL_CTX001_MODEL_DIAGNOSTICS;REL_CTX001_PAIRING_CERTAINTY;REL_CTX001_PATHWAY_EVIDENCE;REL_CTX001_PHENOTYPE_SUPPORT;REL_CTX001_RECIPIENT_DONOR_INDEPENDENCE;REL_CTX001_SAMPLE_QC;REL_CTX001_SENSITIVITY_STABILITY;REL_CTX001_STUDY_INDEPENDENCE,EXP001-C4,data/metadata/skinexo_response_components.csv;reports/EXP001_C4_pathway_analysis.md
CTX001,I,I120,INACTIVE,1.0349808610767284,0.5590334844674173,REACTOME_ANTI_INFLAMMATORY_RESPONSE_FAVOURING_LEISHMANIA_PARASITE_INFECTION,OBSERVED_NULL,1,0,TRANSCRIPTOME,,NOT_APPLICABLE,REL_CTX001_ANNOTATION_CERTAINTY;REL_CTX001_BATCH_ADJUSTMENT;REL_CTX001_CONTROL_CERTAINTY;REL_CTX001_CROSS_CONTEXT_REPLICATION;REL_CTX001_EV_PREPARATION_INDEPENDENCE;REL_CTX001_MODEL_DIAGNOSTICS;REL_CTX001_PAIRING_CERTAINTY;REL_CTX001_PATHWAY_EVIDENCE;REL_CTX001_PHENOTYPE_SUPPORT;REL_CTX001_RECIPIENT_DONOR_INDEPENDENCE;REL_CTX001_SAMPLE_QC;REL_CTX001_SENSITIVITY_STABILITY;REL_CTX001_STUDY_INDEPENDENCE,EXP001-C4,data/metadata/skinexo_response_components.csv;reports/EXP001_C4_pathway_analysis.md
CTX001,I,I121,INACTIVE,0.8200981386104824,0.858229563245866,REACTOME_DDX58_IFIH1_MEDIATED_INDUCTION_OF_INTERFERON_ALPHA_BETA,OBSERVED_NULL,1,0,TRANSCRIPTOME,,NOT_APPLICABLE,REL_CTX001_ANNOTATION_CERTAINTY;REL_CTX001_BATCH_ADJUSTMENT;REL_CTX001_CONTROL_CERTAINTY;REL_CTX001_CROSS_CONTEXT_REPLICATION;REL_CTX001_EV_PREPARATION_INDEPENDENCE;REL_CTX001_MODEL_DIAGNOSTICS;REL_CTX001_PAIRING_CERTAINTY;REL_CTX001_PATHWAY_EVIDENCE;REL_CTX001_PHENOTYPE_SUPPORT;REL_CTX001_RECIPIENT_DONOR_INDEPENDENCE;REL_CTX001_SAMPLE_QC;REL_CTX001_SENSITIVITY_STABILITY;REL_CTX001_STUDY_INDEPENDENCE,EXP001-C4,data/metadata/skinexo_response_components.csv;reports/EXP001_C4_pathway_analysis.md
CTX001,I,I122,INACTIVE,-0.7371140901684543,0.9232849378520606,REACTOME_DENGUE_VIRUS_ACTIVATES_MODULATES_INNATE_AND_ADAPTIVE_IMMUNE_RESPONSES,OBSERVED_NULL,1,0,TRANSCRIPTOME,,NOT_APPLICABLE,REL_CTX001_ANNOTATION_CERTAINTY;REL_CTX001_BATCH_ADJUSTMENT;REL_CTX001_CONTROL_CERTAINTY;REL_CTX001_CROSS_CONTEXT_REPLICATION;REL_CTX001_EV_PREPARATION_INDEPENDENCE;REL_CTX001_MODEL_DIAGNOSTICS;REL_CTX001_PAIRING_CERTAINTY;REL_CTX001_PATHWAY_EVIDENCE;REL_CTX001_PHENOTYPE_SUPPORT;REL_CTX001_RECIPIENT_DONOR_INDEPENDENCE;REL_CTX001_SAMPLE_QC;REL_CTX001_SENSITIVITY_STABILITY;REL_CTX001_STUDY_INDEPENDENCE,EXP001-C4,data/metadata/skinexo_response_components.csv;reports/EXP001_C4_pathway_analysis.md
CTX001,I,I123,INACTIVE,0.9010411370261796,0.753055836891724,REACTOME_DISEASES_OF_IMMUNE_SYSTEM,OBSERVED_NULL,1,0,TRANSCRIPTOME,,NOT_APPLICABLE,REL_CTX001_ANNOTATION_CERTAINTY;REL_CTX001_BATCH_ADJUSTMENT;REL_CTX001_CONTROL_CERTAINTY;REL_CTX001_CROSS_CONTEXT_REPLICATION;REL_CTX001_EV_PREPARATION_INDEPENDENCE;REL_CTX001_MODEL_DIAGNOSTICS;REL_CTX001_PAIRING_CERTAINTY;REL_CTX001_PATHWAY_EVIDENCE;REL_CTX001_PHENOTYPE_SUPPORT;REL_CTX001_RECIPIENT_DONOR_INDEPENDENCE;REL_CTX001_SAMPLE_QC;REL_CTX001_SENSITIVITY_STABILITY;REL_CTX001_STUDY_INDEPENDENCE,EXP001-C4,data/metadata/skinexo_response_components.csv;reports/EXP001_C4_pathway_analysis.md
CTX001,I,I124,INACTIVE,0.6523341510884245,0.973563967899164,REACTOME_EVASION_BY_RSV_OF_HOST_INTERFERON_RESPONSES,OBSERVED_NULL,1,0,TRANSCRIPTOME,,NOT_APPLICABLE,REL_CTX001_ANNOTATION_CERTAINTY;REL_CTX001_BATCH_ADJUSTMENT;REL_CTX001_CONTROL_CERTAINTY;REL_CTX001_CROSS_CONTEXT_REPLICATION;REL_CTX001_EV_PREPARATION_INDEPENDENCE;REL_CTX001_MODEL_DIAGNOSTICS;REL_CTX001_PAIRING_CERTAINTY;REL_CTX001_PATHWAY_EVIDENCE;REL_CTX001_PHENOTYPE_SUPPORT;REL_CTX001_RECIPIENT_DONOR_INDEPENDENCE;REL_CTX001_SAMPLE_QC;REL_CTX001_SENSITIVITY_STABILITY;REL_CTX001_STUDY_INDEPENDENCE,EXP001-C4,data/metadata/skinexo_response_components.csv;reports/EXP001_C4_pathway_analysis.md
CTX001,I,I125,POSITIVE,1.8497170903601687,0.0035943134762032,REACTOME_GENE_AND_PROTEIN_EXPRESSION_BY_JAK_STAT_SIGNALING_AFTER_INTERLEUKIN_12_STIMULATION,ACTIVE_POSITIVE,1,1,TRANSCRIPTOME,,NOT_APPLICABLE,REL_CTX001_ANNOTATION_CERTAINTY;REL_CTX001_BATCH_ADJUSTMENT;REL_CTX001_CONTROL_CERTAINTY;REL_CTX001_CROSS_CONTEXT_REPLICATION;REL_CTX001_EV_PREPARATION_INDEPENDENCE;REL_CTX001_MODEL_DIAGNOSTICS;REL_CTX001_PAIRING_CERTAINTY;REL_CTX001_PATHWAY_EVIDENCE;REL_CTX001_PHENOTYPE_SUPPORT;REL_CTX001_RECIPIENT_DONOR_INDEPENDENCE;REL_CTX001_SAMPLE_QC;REL_CTX001_SENSITIVITY_STABILITY;REL_CTX001_STUDY_INDEPENDENCE,EXP001-C4,data/metadata/skinexo_response_components.csv;reports/EXP001_C4_pathway_analysis.md
CTX001,I,I126,INACTIVE,-1.5216069947769653,0.1228532026477966,REACTOME_IMMUNOREGULATORY_INTERACTIONS_BETWEEN_A_LYMPHOID_AND_A_NON_LYMPHOID_CELL,OBSERVED_NULL,1,0,TRANSCRIPTOME,,NOT_APPLICABLE,REL_CTX001_ANNOTATION_CERTAINTY;REL_CTX001_BATCH_ADJUSTMENT;REL_CTX001_CONTROL_CERTAINTY;REL_CTX001_CROSS_CONTEXT_REPLICATION;REL_CTX001_EV_PREPARATION_INDEPENDENCE;REL_CTX001_MODEL_DIAGNOSTICS;REL_CTX001_PAIRING_CERTAINTY;REL_CTX001_PATHWAY_EVIDENCE;REL_CTX001_PHENOTYPE_SUPPORT;REL_CTX001_RECIPIENT_DONOR_INDEPENDENCE;REL_CTX001_SAMPLE_QC;REL_CTX001_SENSITIVITY_STABILITY;REL_CTX001_STUDY_INDEPENDENCE,EXP001-C4,data/metadata/skinexo_response_components.csv;reports/EXP001_C4_pathway_analysis.md
CTX001,I,I127,INACTIVE,-1.1979286554050104,0.329125516070026,REACTOME_INFLAMMASOMES,OBSERVED_NULL,1,0,TRANSCRIPTOME,,NOT_APPLICABLE,REL_CTX001_ANNOTATION_CERTAINTY;REL_CTX001_BATCH_ADJUSTMENT;REL_CTX001_CONTROL_CERTAINTY;REL_CTX001_CROSS_CONTEXT_REPLICATION;REL_CTX001_EV_PREPARATION_INDEPENDENCE;REL_CTX001_MODEL_DIAGNOSTICS;REL_CTX001_PAIRING_CERTAINTY;REL_CTX001_PATHWAY_EVIDENCE;REL_CTX001_PHENOTYPE_SUPPORT;REL_CTX001_RECIPIENT_DONOR_INDEPENDENCE;REL_CTX001_SAMPLE_QC;REL_CTX001_SENSITIVITY_STABILITY;REL_CTX001_STUDY_INDEPENDENCE,EXP001-C4,data/metadata/skinexo_response_components.csv;reports/EXP001_C4_pathway_analysis.md
CTX001,I,I128,INACTIVE,-1.005005247935985,0.5604622988596206,REACTOME_INTERFERON_ALPHA_BETA_SIGNALING,OBSERVED_NULL,1,0,TRANSCRIPTOME,,NOT_APPLICABLE,REL_CTX001_ANNOTATION_CERTAINTY;REL_CTX001_BATCH_ADJUSTMENT;REL_CTX001_CONTROL_CERTAINTY;REL_CTX001_CROSS_CONTEXT_REPLICATION;REL_CTX001_EV_PREPARATION_INDEPENDENCE;REL_CTX001_MODEL_DIAGNOSTICS;REL_CTX001_PAIRING_CERTAINTY;REL_CTX001_PATHWAY_EVIDENCE;REL_CTX001_PHENOTYPE_SUPPORT;REL_CTX001_RECIPIENT_DONOR_INDEPENDENCE;REL_CTX001_SAMPLE_QC;REL_CTX001_SENSITIVITY_STABILITY;REL_CTX001_STUDY_INDEPENDENCE,EXP001-C4,data/metadata/skinexo_response_components.csv;reports/EXP001_C4_pathway_analysis.md
CTX001,I,I129,INACTIVE,-1.1062079658441302,0.420986238790995,REACTOME_INTERFERON_GAMMA_SIGNALING,OBSERVED_NULL,1,0,TRANSCRIPTOME,,NOT_APPLICABLE,REL_CTX001_ANNOTATION_CERTAINTY;REL_CTX001_BATCH_ADJUSTMENT;REL_CTX001_CONTROL_CERTAINTY;REL_CTX001_CROSS_CONTEXT_REPLICATION;REL_CTX001_EV_PREPARATION_INDEPENDENCE;REL_CTX001_MODEL_DIAGNOSTICS;REL_CTX001_PAIRING_CERTAINTY;REL_CTX001_PATHWAY_EVIDENCE;REL_CTX001_PHENOTYPE_SUPPORT;REL_CTX001_RECIPIENT_DONOR_INDEPENDENCE;REL_CTX001_SAMPLE_QC;REL_CTX001_SENSITIVITY_STABILITY;REL_CTX001_STUDY_INDEPENDENCE,EXP001-C4,data/metadata/skinexo_response_components.csv;reports/EXP001_C4_pathway_analysis.md
CTX001,I,I130,INACTIVE,1.3552909811423657,0.1803682468364418,REACTOME_INTERFERON_SIGNALING,OBSERVED_NULL,1,0,TRANSCRIPTOME,,NOT_APPLICABLE,REL_CTX001_ANNOTATION_CERTAINTY;REL_CTX001_BATCH_ADJUSTMENT;REL_CTX001_CONTROL_CERTAINTY;REL_CTX001_CROSS_CONTEXT_REPLICATION;REL_CTX001_EV_PREPARATION_INDEPENDENCE;REL_CTX001_MODEL_DIAGNOSTICS;REL_CTX001_PAIRING_CERTAINTY;REL_CTX001_PATHWAY_EVIDENCE;REL_CTX001_PHENOTYPE_SUPPORT;REL_CTX001_RECIPIENT_DONOR_INDEPENDENCE;REL_CTX001_SAMPLE_QC;REL_CTX001_SENSITIVITY_STABILITY;REL_CTX001_STUDY_INDEPENDENCE,EXP001-C4,data/metadata/skinexo_response_components.csv;reports/EXP001_C4_pathway_analysis.md
CTX001,I,I131,INACTIVE,1.4581098740873613,0.1036551365209545,REACTOME_INTERLEUKIN_10_SIGNALING,OBSERVED_NULL,1,0,TRANSCRIPTOME,,NOT_APPLICABLE,REL_CTX001_ANNOTATION_CERTAINTY;REL_CTX001_BATCH_ADJUSTMENT;REL_CTX001_CONTROL_CERTAINTY;REL_CTX001_CROSS_CONTEXT_REPLICATION;REL_CTX001_EV_PREPARATION_INDEPENDENCE;REL_CTX001_MODEL_DIAGNOSTICS;REL_CTX001_PAIRING_CERTAINTY;REL_CTX001_PATHWAY_EVIDENCE;REL_CTX001_PHENOTYPE_SUPPORT;REL_CTX001_RECIPIENT_DONOR_INDEPENDENCE;REL_CTX001_SAMPLE_QC;REL_CTX001_SENSITIVITY_STABILITY;REL_CTX001_STUDY_INDEPENDENCE,EXP001-C4,data/metadata/skinexo_response_components.csv;reports/EXP001_C4_pathway_analysis.md
CTX001,I,I132,INACTIVE,-0.8800671480259198,0.7593833343184858,REACTOME_INTERLEUKIN_17_SIGNALING,OBSERVED_NULL,1,0,TRANSCRIPTOME,,NOT_APPLICABLE,REL_CTX001_ANNOTATION_CERTAINTY;REL_CTX001_BATCH_ADJUSTMENT;REL_CTX001_CONTROL_CERTAINTY;REL_CTX001_CROSS_CONTEXT_REPLICATION;REL_CTX001_EV_PREPARATION_INDEPENDENCE;REL_CTX001_MODEL_DIAGNOSTICS;REL_CTX001_PAIRING_CERTAINTY;REL_CTX001_PATHWAY_EVIDENCE;REL_CTX001_PHENOTYPE_SUPPORT;REL_CTX001_RECIPIENT_DONOR_INDEPENDENCE;REL_CTX001_SAMPLE_QC;REL_CTX001_SENSITIVITY_STABILITY;REL_CTX001_STUDY_INDEPENDENCE,EXP001-C4,data/metadata/skinexo_response_components.csv;reports/EXP001_C4_pathway_analysis.md
CTX001,I,I133,INACTIVE,1.5277254581715711,0.069918951132297,REACTOME_INTERLEUKIN_1_FAMILY_SIGNALING,OBSERVED_NULL,1,0,TRANSCRIPTOME,,NOT_APPLICABLE,REL_CTX001_ANNOTATION_CERTAINTY;REL_CTX001_BATCH_ADJUSTMENT;REL_CTX001_CONTROL_CERTAINTY;REL_CTX001_CROSS_CONTEXT_REPLICATION;REL_CTX001_EV_PREPARATION_INDEPENDENCE;REL_CTX001_MODEL_DIAGNOSTICS;REL_CTX001_PAIRING_CERTAINTY;REL_CTX001_PATHWAY_EVIDENCE;REL_CTX001_PHENOTYPE_SUPPORT;REL_CTX001_RECIPIENT_DONOR_INDEPENDENCE;REL_CTX001_SAMPLE_QC;REL_CTX001_SENSITIVITY_STABILITY;REL_CTX001_STUDY_INDEPENDENCE,EXP001-C4,data/metadata/skinexo_response_components.csv;reports/EXP001_C4_pathway_analysis.md
CTX001,I,I134,INACTIVE,-1.1592881203106271,0.3631368783736192,REACTOME_INTERLEUKIN_2_FAMILY_SIGNALING,OBSERVED_NULL,1,0,TRANSCRIPTOME,,NOT_APPLICABLE,REL_CTX001_ANNOTATION_CERTAINTY;REL_CTX001_BATCH_ADJUSTMENT;REL_CTX001_CONTROL_CERTAINTY;REL_CTX001_CROSS_CONTEXT_REPLICATION;REL_CTX001_EV_PREPARATION_INDEPENDENCE;REL_CTX001_MODEL_DIAGNOSTICS;REL_CTX001_PAIRING_CERTAINTY;REL_CTX001_PATHWAY_EVIDENCE;REL_CTX001_PHENOTYPE_SUPPORT;REL_CTX001_RECIPIENT_DONOR_INDEPENDENCE;REL_CTX001_SAMPLE_QC;REL_CTX001_SENSITIVITY_STABILITY;REL_CTX001_STUDY_INDEPENDENCE,EXP001-C4,data/metadata/skinexo_response_components.csv;reports/EXP001_C4_pathway_analysis.md
CTX001,I,I135,INACTIVE,0.9285737398589716,0.7118451031946362,REACTOME_INTERLEUKIN_37_SIGNALING,OBSERVED_NULL,1,0,TRANSCRIPTOME,,NOT_APPLICABLE,REL_CTX001_ANNOTATION_CERTAINTY;REL_CTX001_BATCH_ADJUSTMENT;REL_CTX001_CONTROL_CERTAINTY;REL_CTX001_CROSS_CONTEXT_REPLICATION;REL_CTX001_EV_PREPARATION_INDEPENDENCE;REL_CTX001_MODEL_DIAGNOSTICS;REL_CTX001_PAIRING_CERTAINTY;REL_CTX001_PATHWAY_EVIDENCE;REL_CTX001_PHENOTYPE_SUPPORT;REL_CTX001_RECIPIENT_DONOR_INDEPENDENCE;REL_CTX001_SAMPLE_QC;REL_CTX001_SENSITIVITY_STABILITY;REL_CTX001_STUDY_INDEPENDENCE,EXP001-C4,data/metadata/skinexo_response_components.csv;reports/EXP001_C4_pathway_analysis.md
CTX001,I,I136,INACTIVE,1.3514380466396938,0.1831970279034732,REACTOME_INTERLEUKIN_4_AND_INTERLEUKIN_13_SIGNALING,OBSERVED_NULL,1,0,TRANSCRIPTOME,,NOT_APPLICABLE,REL_CTX001_ANNOTATION_CERTAINTY;REL_CTX001_BATCH_ADJUSTMENT;REL_CTX001_CONTROL_CERTAINTY;REL_CTX001_CROSS_CONTEXT_REPLICATION;REL_CTX001_EV_PREPARATION_INDEPENDENCE;REL_CTX001_MODEL_DIAGNOSTICS;REL_CTX001_PAIRING_CERTAINTY;REL_CTX001_PATHWAY_EVIDENCE;REL_CTX001_PHENOTYPE_SUPPORT;REL_CTX001_RECIPIENT_DONOR_INDEPENDENCE;REL_CTX001_SAMPLE_QC;REL_CTX001_SENSITIVITY_STABILITY;REL_CTX001_STUDY_INDEPENDENCE,EXP001-C4,data/metadata/skinexo_response_components.csv;reports/EXP001_C4_pathway_analysis.md
CTX001,I,I137,INACTIVE,-1.067874505207451,0.4705262177507842,REACTOME_INTERLEUKIN_6_FAMILY_SIGNALING,OBSERVED_NULL,1,0,TRANSCRIPTOME,,NOT_APPLICABLE,REL_CTX001_ANNOTATION_CERTAINTY;REL_CTX001_BATCH_ADJUSTMENT;REL_CTX001_CONTROL_CERTAINTY;REL_CTX001_CROSS_CONTEXT_REPLICATION;REL_CTX001_EV_PREPARATION_INDEPENDENCE;REL_CTX001_MODEL_DIAGNOSTICS;REL_CTX001_PAIRING_CERTAINTY;REL_CTX001_PATHWAY_EVIDENCE;REL_CTX001_PHENOTYPE_SUPPORT;REL_CTX001_RECIPIENT_DONOR_INDEPENDENCE;REL_CTX001_SAMPLE_QC;REL_CTX001_SENSITIVITY_STABILITY;REL_CTX001_STUDY_INDEPENDENCE,EXP001-C4,data/metadata/skinexo_response_components.csv;reports/EXP001_C4_pathway_analysis.md
CTX001,I,I138,INACTIVE,1.2818086202104793,0.2484368930335622,REACTOME_INTERLEUKIN_7_SIGNALING,OBSERVED_NULL,1,0,TRANSCRIPTOME,,NOT_APPLICABLE,REL_CTX001_ANNOTATION_CERTAINTY;REL_CTX001_BATCH_ADJUSTMENT;REL_CTX001_CONTROL_CERTAINTY;REL_CTX001_CROSS_CONTEXT_REPLICATION;REL_CTX001_EV_PREPARATION_INDEPENDENCE;REL_CTX001_MODEL_DIAGNOSTICS;REL_CTX001_PAIRING_CERTAINTY;REL_CTX001_PATHWAY_EVIDENCE;REL_CTX001_PHENOTYPE_SUPPORT;REL_CTX001_RECIPIENT_DONOR_INDEPENDENCE;REL_CTX001_SAMPLE_QC;REL_CTX001_SENSITIVITY_STABILITY;REL_CTX001_STUDY_INDEPENDENCE,EXP001-C4,data/metadata/skinexo_response_components.csv;reports/EXP001_C4_pathway_analysis.md
CTX001,I,I139,INACTIVE,-1.088770031975443,0.4442669353644494,REACTOME_NEUTROPHIL_DEGRANULATION,OBSERVED_NULL,1,0,TRANSCRIPTOME,,NOT_APPLICABLE,REL_CTX001_ANNOTATION_CERTAINTY;REL_CTX001_BATCH_ADJUSTMENT;REL_CTX001_CONTROL_CERTAINTY;REL_CTX001_CROSS_CONTEXT_REPLICATION;REL_CTX001_EV_PREPARATION_INDEPENDENCE;REL_CTX001_MODEL_DIAGNOSTICS;REL_CTX001_PAIRING_CERTAINTY;REL_CTX001_PATHWAY_EVIDENCE;REL_CTX001_PHENOTYPE_SUPPORT;REL_CTX001_RECIPIENT_DONOR_INDEPENDENCE;REL_CTX001_SAMPLE_QC;REL_CTX001_SENSITIVITY_STABILITY;REL_CTX001_STUDY_INDEPENDENCE,EXP001-C4,data/metadata/skinexo_response_components.csv;reports/EXP001_C4_pathway_analysis.md
CTX001,I,I140,INACTIVE,-0.9882699096708484,0.5875789338761074,REACTOME_OTHER_INTERLEUKIN_SIGNALING,OBSERVED_NULL,1,0,TRANSCRIPTOME,,NOT_APPLICABLE,REL_CTX001_ANNOTATION_CERTAINTY;REL_CTX001_BATCH_ADJUSTMENT;REL_CTX001_CONTROL_CERTAINTY;REL_CTX001_CROSS_CONTEXT_REPLICATION;REL_CTX001_EV_PREPARATION_INDEPENDENCE;REL_CTX001_MODEL_DIAGNOSTICS;REL_CTX001_PAIRING_CERTAINTY;REL_CTX001_PATHWAY_EVIDENCE;REL_CTX001_PHENOTYPE_SUPPORT;REL_CTX001_RECIPIENT_DONOR_INDEPENDENCE;REL_CTX001_SAMPLE_QC;REL_CTX001_SENSITIVITY_STABILITY;REL_CTX001_STUDY_INDEPENDENCE,EXP001-C4,data/metadata/skinexo_response_components.csv;reports/EXP001_C4_pathway_analysis.md
CTX001,I,I141,INACTIVE,-0.7125729589418263,0.9398189340126352,REACTOME_RIP_MEDIATED_NFKB_ACTIVATION_VIA_ZBP1,OBSERVED_NULL,1,0,TRANSCRIPTOME,,NOT_APPLICABLE,REL_CTX001_ANNOTATION_CERTAINTY;REL_CTX001_BATCH_ADJUSTMENT;REL_CTX001_CONTROL_CERTAINTY;REL_CTX001_CROSS_CONTEXT_REPLICATION;REL_CTX001_EV_PREPARATION_INDEPENDENCE;REL_CTX001_MODEL_DIAGNOSTICS;REL_CTX001_PAIRING_CERTAINTY;REL_CTX001_PATHWAY_EVIDENCE;REL_CTX001_PHENOTYPE_SUPPORT;REL_CTX001_RECIPIENT_DONOR_INDEPENDENCE;REL_CTX001_SAMPLE_QC;REL_CTX001_SENSITIVITY_STABILITY;REL_CTX001_STUDY_INDEPENDENCE,EXP001-C4,data/metadata/skinexo_response_components.csv;reports/EXP001_C4_pathway_analysis.md
CTX001,I,I142,INACTIVE,1.1036693713526826,0.4623596958061741,REACTOME_SARS_COV_1_ACTIVATES_MODULATES_INNATE_IMMUNE_RESPONSES,OBSERVED_NULL,1,0,TRANSCRIPTOME,,NOT_APPLICABLE,REL_CTX001_ANNOTATION_CERTAINTY;REL_CTX001_BATCH_ADJUSTMENT;REL_CTX001_CONTROL_CERTAINTY;REL_CTX001_CROSS_CONTEXT_REPLICATION;REL_CTX001_EV_PREPARATION_INDEPENDENCE;REL_CTX001_MODEL_DIAGNOSTICS;REL_CTX001_PAIRING_CERTAINTY;REL_CTX001_PATHWAY_EVIDENCE;REL_CTX001_PHENOTYPE_SUPPORT;REL_CTX001_RECIPIENT_DONOR_INDEPENDENCE;REL_CTX001_SAMPLE_QC;REL_CTX001_SENSITIVITY_STABILITY;REL_CTX001_STUDY_INDEPENDENCE,EXP001-C4,data/metadata/skinexo_response_components.csv;reports/EXP001_C4_pathway_analysis.md
CTX001,I,I143,INACTIVE,1.4111282881275775,0.1355123906489129,REACTOME_SARS_COV_2_ACTIVATES_MODULATES_INNATE_AND_ADAPTIVE_IMMUNE_RESPONSES,OBSERVED_NULL,1,0,TRANSCRIPTOME,,NOT_APPLICABLE,REL_CTX001_ANNOTATION_CERTAINTY;REL_CTX001_BATCH_ADJUSTMENT;REL_CTX001_CONTROL_CERTAINTY;REL_CTX001_CROSS_CONTEXT_REPLICATION;REL_CTX001_EV_PREPARATION_INDEPENDENCE;REL_CTX001_MODEL_DIAGNOSTICS;REL_CTX001_PAIRING_CERTAINTY;REL_CTX001_PATHWAY_EVIDENCE;REL_CTX001_PHENOTYPE_SUPPORT;REL_CTX001_RECIPIENT_DONOR_INDEPENDENCE;REL_CTX001_SAMPLE_QC;REL_CTX001_SENSITIVITY_STABILITY;REL_CTX001_STUDY_INDEPENDENCE,EXP001-C4,data/metadata/skinexo_response_components.csv;reports/EXP001_C4_pathway_analysis.md
CTX001,I,I144,INACTIVE,1.4303520748331795,0.1217943143917131,REACTOME_SIGNALING_BY_INTERLEUKINS,OBSERVED_NULL,1,0,TRANSCRIPTOME,,NOT_APPLICABLE,REL_CTX001_ANNOTATION_CERTAINTY;REL_CTX001_BATCH_ADJUSTMENT;REL_CTX001_CONTROL_CERTAINTY;REL_CTX001_CROSS_CONTEXT_REPLICATION;REL_CTX001_EV_PREPARATION_INDEPENDENCE;REL_CTX001_MODEL_DIAGNOSTICS;REL_CTX001_PAIRING_CERTAINTY;REL_CTX001_PATHWAY_EVIDENCE;REL_CTX001_PHENOTYPE_SUPPORT;REL_CTX001_RECIPIENT_DONOR_INDEPENDENCE;REL_CTX001_SAMPLE_QC;REL_CTX001_SENSITIVITY_STABILITY;REL_CTX001_STUDY_INDEPENDENCE,EXP001-C4,data/metadata/skinexo_response_components.csv;reports/EXP001_C4_pathway_analysis.md
CTX001,I,I145,INACTIVE,-1.28491045720027,0.25333257630279,REACTOME_TNFR1_INDUCED_PROAPOPTOTIC_SIGNALING,OBSERVED_NULL,1,0,TRANSCRIPTOME,,NOT_APPLICABLE,REL_CTX001_ANNOTATION_CERTAINTY;REL_CTX001_BATCH_ADJUSTMENT;REL_CTX001_CONTROL_CERTAINTY;REL_CTX001_CROSS_CONTEXT_REPLICATION;REL_CTX001_EV_PREPARATION_INDEPENDENCE;REL_CTX001_MODEL_DIAGNOSTICS;REL_CTX001_PAIRING_CERTAINTY;REL_CTX001_PATHWAY_EVIDENCE;REL_CTX001_PHENOTYPE_SUPPORT;REL_CTX001_RECIPIENT_DONOR_INDEPENDENCE;REL_CTX001_SAMPLE_QC;REL_CTX001_SENSITIVITY_STABILITY;REL_CTX001_STUDY_INDEPENDENCE,EXP001-C4,data/metadata/skinexo_response_components.csv;reports/EXP001_C4_pathway_analysis.md
CTX001,I,I146,INACTIVE,1.0995135668067395,0.469344663411525,REACTOME_TNFR2_NON_CANONICAL_NF_KB_PATHWAY,OBSERVED_NULL,1,0,TRANSCRIPTOME,,NOT_APPLICABLE,REL_CTX001_ANNOTATION_CERTAINTY;REL_CTX001_BATCH_ADJUSTMENT;REL_CTX001_CONTROL_CERTAINTY;REL_CTX001_CROSS_CONTEXT_REPLICATION;REL_CTX001_EV_PREPARATION_INDEPENDENCE;REL_CTX001_MODEL_DIAGNOSTICS;REL_CTX001_PAIRING_CERTAINTY;REL_CTX001_PATHWAY_EVIDENCE;REL_CTX001_PHENOTYPE_SUPPORT;REL_CTX001_RECIPIENT_DONOR_INDEPENDENCE;REL_CTX001_SAMPLE_QC;REL_CTX001_SENSITIVITY_STABILITY;REL_CTX001_STUDY_INDEPENDENCE,EXP001-C4,data/metadata/skinexo_response_components.csv;reports/EXP001_C4_pathway_analysis.md
CTX001,M,M001,INACTIVE,-1.6277947264030437,0.0905090210640746,GOBP_AMEBOIDAL_TYPE_CELL_MIGRATION,OBSERVED_NULL,1,0,TRANSCRIPTOME,,NOT_APPLICABLE,REL_CTX001_ANNOTATION_CERTAINTY;REL_CTX001_BATCH_ADJUSTMENT;REL_CTX001_CONTROL_CERTAINTY;REL_CTX001_CROSS_CONTEXT_REPLICATION;REL_CTX001_EV_PREPARATION_INDEPENDENCE;REL_CTX001_MODEL_DIAGNOSTICS;REL_CTX001_PAIRING_CERTAINTY;REL_CTX001_PATHWAY_EVIDENCE;REL_CTX001_PHENOTYPE_SUPPORT;REL_CTX001_RECIPIENT_DONOR_INDEPENDENCE;REL_CTX001_SAMPLE_QC;REL_CTX001_SENSITIVITY_STABILITY;REL_CTX001_STUDY_INDEPENDENCE,EXP001-C4,data/metadata/skinexo_response_components.csv;reports/EXP001_C4_pathway_analysis.md
CTX001,M,M002,INACTIVE,-1.7831212965160568,0.0555016605612705,GOBP_POSITIVE_REGULATION_OF_ENDOTHELIAL_CELL_MIGRATION,OBSERVED_NULL,1,0,TRANSCRIPTOME,,NOT_APPLICABLE,REL_CTX001_ANNOTATION_CERTAINTY;REL_CTX001_BATCH_ADJUSTMENT;REL_CTX001_CONTROL_CERTAINTY;REL_CTX001_CROSS_CONTEXT_REPLICATION;REL_CTX001_EV_PREPARATION_INDEPENDENCE;REL_CTX001_MODEL_DIAGNOSTICS;REL_CTX001_PAIRING_CERTAINTY;REL_CTX001_PATHWAY_EVIDENCE;REL_CTX001_PHENOTYPE_SUPPORT;REL_CTX001_RECIPIENT_DONOR_INDEPENDENCE;REL_CTX001_SAMPLE_QC;REL_CTX001_SENSITIVITY_STABILITY;REL_CTX001_STUDY_INDEPENDENCE,EXP001-C4,data/metadata/skinexo_response_components.csv;reports/EXP001_C4_pathway_analysis.md
CTX001,M,M003,NEGATIVE,-1.9345911669125964,0.0242451958437379,GOBP_REGULATION_OF_CHEMOTAXIS,ACTIVE_NEGATIVE,1,1,TRANSCRIPTOME,,NOT_APPLICABLE,REL_CTX001_ANNOTATION_CERTAINTY;REL_CTX001_BATCH_ADJUSTMENT;REL_CTX001_CONTROL_CERTAINTY;REL_CTX001_CROSS_CONTEXT_REPLICATION;REL_CTX001_EV_PREPARATION_INDEPENDENCE;REL_CTX001_MODEL_DIAGNOSTICS;REL_CTX001_PAIRING_CERTAINTY;REL_CTX001_PATHWAY_EVIDENCE;REL_CTX001_PHENOTYPE_SUPPORT;REL_CTX001_RECIPIENT_DONOR_INDEPENDENCE;REL_CTX001_SAMPLE_QC;REL_CTX001_SENSITIVITY_STABILITY;REL_CTX001_STUDY_INDEPENDENCE,EXP001-C4,data/metadata/skinexo_response_components.csv;reports/EXP001_C4_pathway_analysis.md
CTX001,M,M004,INACTIVE,-1.1212554400302397,0.4035567135835963,GOBP_CELL_MIGRATION_INVOLVED_IN_HEART_DEVELOPMENT,OBSERVED_NULL,1,0,TRANSCRIPTOME,,NOT_APPLICABLE,REL_CTX001_ANNOTATION_CERTAINTY;REL_CTX001_BATCH_ADJUSTMENT;REL_CTX001_CONTROL_CERTAINTY;REL_CTX001_CROSS_CONTEXT_REPLICATION;REL_CTX001_EV_PREPARATION_INDEPENDENCE;REL_CTX001_MODEL_DIAGNOSTICS;REL_CTX001_PAIRING_CERTAINTY;REL_CTX001_PATHWAY_EVIDENCE;REL_CTX001_PHENOTYPE_SUPPORT;REL_CTX001_RECIPIENT_DONOR_INDEPENDENCE;REL_CTX001_SAMPLE_QC;REL_CTX001_SENSITIVITY_STABILITY;REL_CTX001_STUDY_INDEPENDENCE,EXP001-C4,data/metadata/skinexo_response_components.csv;reports/EXP001_C4_pathway_analysis.md
CTX001,M,M005,INACTIVE,-1.4430292143934862,0.1540432075334958,GOBP_FOREBRAIN_CELL_MIGRATION,OBSERVED_NULL,1,0,TRANSCRIPTOME,,NOT_APPLICABLE,REL_CTX001_ANNOTATION_CERTAINTY;REL_CTX001_BATCH_ADJUSTMENT;REL_CTX001_CONTROL_CERTAINTY;REL_CTX001_CROSS_CONTEXT_REPLICATION;REL_CTX001_EV_PREPARATION_INDEPENDENCE;REL_CTX001_MODEL_DIAGNOSTICS;REL_CTX001_PAIRING_CERTAINTY;REL_CTX001_PATHWAY_EVIDENCE;REL_CTX001_PHENOTYPE_SUPPORT;REL_CTX001_RECIPIENT_DONOR_INDEPENDENCE;REL_CTX001_SAMPLE_QC;REL_CTX001_SENSITIVITY_STABILITY;REL_CTX001_STUDY_INDEPENDENCE,EXP001-C4,data/metadata/skinexo_response_components.csv;reports/EXP001_C4_pathway_analysis.md
CTX001,M,M006,INACTIVE,0.8473281282764581,0.8289062913639975,GOBP_CILIUM_OR_FLAGELLUM_DEPENDENT_CELL_MOTILITY,OBSERVED_NULL,1,0,TRANSCRIPTOME,,NOT_APPLICABLE,REL_CTX001_ANNOTATION_CERTAINTY;REL_CTX001_BATCH_ADJUSTMENT;REL_CTX001_CONTROL_CERTAINTY;REL_CTX001_CROSS_CONTEXT_REPLICATION;REL_CTX001_EV_PREPARATION_INDEPENDENCE;REL_CTX001_MODEL_DIAGNOSTICS;REL_CTX001_PAIRING_CERTAINTY;REL_CTX001_PATHWAY_EVIDENCE;REL_CTX001_PHENOTYPE_SUPPORT;REL_CTX001_RECIPIENT_DONOR_INDEPENDENCE;REL_CTX001_SAMPLE_QC;REL_CTX001_SENSITIVITY_STABILITY;REL_CTX001_STUDY_INDEPENDENCE,EXP001-C4,data/metadata/skinexo_response_components.csv;reports/EXP001_C4_pathway_analysis.md
CTX001,M,M007,INACTIVE,-1.744559181187732,0.0559713189932534,GOBP_REGULATION_OF_ENDOTHELIAL_CELL_CHEMOTAXIS,OBSERVED_NULL,1,0,TRANSCRIPTOME,,NOT_APPLICABLE,REL_CTX001_ANNOTATION_CERTAINTY;REL_CTX001_BATCH_ADJUSTMENT;REL_CTX001_CONTROL_CERTAINTY;REL_CTX001_CROSS_CONTEXT_REPLICATION;REL_CTX001_EV_PREPARATION_INDEPENDENCE;REL_CTX001_MODEL_DIAGNOSTICS;REL_CTX001_PAIRING_CERTAINTY;REL_CTX001_PATHWAY_EVIDENCE;REL_CTX001_PHENOTYPE_SUPPORT;REL_CTX001_RECIPIENT_DONOR_INDEPENDENCE;REL_CTX001_SAMPLE_QC;REL_CTX001_SENSITIVITY_STABILITY;REL_CTX001_STUDY_INDEPENDENCE,EXP001-C4,data/metadata/skinexo_response_components.csv;reports/EXP001_C4_pathway_analysis.md
CTX001,M,M008,INACTIVE,-1.4539328639842728,0.1505300728959473,GOBP_FIBROBLAST_MIGRATION,OBSERVED_NULL,1,0,TRANSCRIPTOME,,NOT_APPLICABLE,REL_CTX001_ANNOTATION_CERTAINTY;REL_CTX001_BATCH_ADJUSTMENT;REL_CTX001_CONTROL_CERTAINTY;REL_CTX001_CROSS_CONTEXT_REPLICATION;REL_CTX001_EV_PREPARATION_INDEPENDENCE;REL_CTX001_MODEL_DIAGNOSTICS;REL_CTX001_PAIRING_CERTAINTY;REL_CTX001_PATHWAY_EVIDENCE;REL_CTX001_PHENOTYPE_SUPPORT;REL_CTX001_RECIPIENT_DONOR_INDEPENDENCE;REL_CTX001_SAMPLE_QC;REL_CTX001_SENSITIVITY_STABILITY;REL_CTX001_STUDY_INDEPENDENCE,EXP001-C4,data/metadata/skinexo_response_components.csv;reports/EXP001_C4_pathway_analysis.md
CTX001,M,M009,INACTIVE,-0.9385717231198198,0.662227795603276,GOBP_GLIAL_CELL_MIGRATION,OBSERVED_NULL,1,0,TRANSCRIPTOME,,NOT_APPLICABLE,REL_CTX001_ANNOTATION_CERTAINTY;REL_CTX001_BATCH_ADJUSTMENT;REL_CTX001_CONTROL_CERTAINTY;REL_CTX001_CROSS_CONTEXT_REPLICATION;REL_CTX001_EV_PREPARATION_INDEPENDENCE;REL_CTX001_MODEL_DIAGNOSTICS;REL_CTX001_PAIRING_CERTAINTY;REL_CTX001_PATHWAY_EVIDENCE;REL_CTX001_PHENOTYPE_SUPPORT;REL_CTX001_RECIPIENT_DONOR_INDEPENDENCE;REL_CTX001_SAMPLE_QC;REL_CTX001_SENSITIVITY_STABILITY;REL_CTX001_STUDY_INDEPENDENCE,EXP001-C4,data/metadata/skinexo_response_components.csv;reports/EXP001_C4_pathway_analysis.md
CTX001,M,M010,INACTIVE,-1.5950479486204092,0.0973624823989336,GOBP_LYMPHOCYTE_CHEMOTAXIS,OBSERVED_NULL,1,0,TRANSCRIPTOME,,NOT_APPLICABLE,REL_CTX001_ANNOTATION_CERTAINTY;REL_CTX001_BATCH_ADJUSTMENT;REL_CTX001_CONTROL_CERTAINTY;REL_CTX001_CROSS_CONTEXT_REPLICATION;REL_CTX001_EV_PREPARATION_INDEPENDENCE;REL_CTX001_MODEL_DIAGNOSTICS;REL_CTX001_PAIRING_CERTAINTY;REL_CTX001_PATHWAY_EVIDENCE;REL_CTX001_PHENOTYPE_SUPPORT;REL_CTX001_RECIPIENT_DONOR_INDEPENDENCE;REL_CTX001_SAMPLE_QC;REL_CTX001_SENSITIVITY_STABILITY;REL_CTX001_STUDY_INDEPENDENCE,EXP001-C4,data/metadata/skinexo_response_components.csv;reports/EXP001_C4_pathway_analysis.md
CTX001,M,M011,INACTIVE,-1.3139412210244954,0.2311097512142894,GOBP_LYMPHOCYTE_MIGRATION,OBSERVED_NULL,1,0,TRANSCRIPTOME,,NOT_APPLICABLE,REL_CTX001_ANNOTATION_CERTAINTY;REL_CTX001_BATCH_ADJUSTMENT;REL_CTX001_CONTROL_CERTAINTY;REL_CTX001_CROSS_CONTEXT_REPLICATION;REL_CTX001_EV_PREPARATION_INDEPENDENCE;REL_CTX001_MODEL_DIAGNOSTICS;REL_CTX001_PAIRING_CERTAINTY;REL_CTX001_PATHWAY_EVIDENCE;REL_CTX001_PHENOTYPE_SUPPORT;REL_CTX001_RECIPIENT_DONOR_INDEPENDENCE;REL_CTX001_SAMPLE_QC;REL_CTX001_SENSITIVITY_STABILITY;REL_CTX001_STUDY_INDEPENDENCE,EXP001-C4,data/metadata/skinexo_response_components.csv;reports/EXP001_C4_pathway_analysis.md
CTX001,M,M012,NEGATIVE,-1.8267270561566653,0.0416098438199082,GOBP_POSITIVE_REGULATION_OF_MACROPHAGE_CHEMOTAXIS,ACTIVE_NEGATIVE,1,1,TRANSCRIPTOME,,NOT_APPLICABLE,REL_CTX001_ANNOTATION_CERTAINTY;REL_CTX001_BATCH_ADJUSTMENT;REL_CTX001_CONTROL_CERTAINTY;REL_CTX001_CROSS_CONTEXT_REPLICATION;REL_CTX001_EV_PREPARATION_INDEPENDENCE;REL_CTX001_MODEL_DIAGNOSTICS;REL_CTX001_PAIRING_CERTAINTY;REL_CTX001_PATHWAY_EVIDENCE;REL_CTX001_PHENOTYPE_SUPPORT;REL_CTX001_RECIPIENT_DONOR_INDEPENDENCE;REL_CTX001_SAMPLE_QC;REL_CTX001_SENSITIVITY_STABILITY;REL_CTX001_STUDY_INDEPENDENCE,EXP001-C4,data/metadata/skinexo_response_components.csv;reports/EXP001_C4_pathway_analysis.md
CTX001,M,M013,INACTIVE,-1.51698111329806,0.1249190006262442,GOBP_MESENCHYMAL_CELL_MIGRATION,OBSERVED_NULL,1,0,TRANSCRIPTOME,,NOT_APPLICABLE,REL_CTX001_ANNOTATION_CERTAINTY;REL_CTX001_BATCH_ADJUSTMENT;REL_CTX001_CONTROL_CERTAINTY;REL_CTX001_CROSS_CONTEXT_REPLICATION;REL_CTX001_EV_PREPARATION_INDEPENDENCE;REL_CTX001_MODEL_DIAGNOSTICS;REL_CTX001_PAIRING_CERTAINTY;REL_CTX001_PATHWAY_EVIDENCE;REL_CTX001_PHENOTYPE_SUPPORT;REL_CTX001_RECIPIENT_DONOR_INDEPENDENCE;REL_CTX001_SAMPLE_QC;REL_CTX001_SENSITIVITY_STABILITY;REL_CTX001_STUDY_INDEPENDENCE,EXP001-C4,data/metadata/skinexo_response_components.csv;reports/EXP001_C4_pathway_analysis.md
CTX001,M,M014,INACTIVE,-1.170228841036007,0.3521550456426525,GOBP_MONOCYTE_CHEMOTAXIS,OBSERVED_NULL,1,0,TRANSCRIPTOME,,NOT_APPLICABLE,REL_CTX001_ANNOTATION_CERTAINTY;REL_CTX001_BATCH_ADJUSTMENT;REL_CTX001_CONTROL_CERTAINTY;REL_CTX001_CROSS_CONTEXT_REPLICATION;REL_CTX001_EV_PREPARATION_INDEPENDENCE;REL_CTX001_MODEL_DIAGNOSTICS;REL_CTX001_PAIRING_CERTAINTY;REL_CTX001_PATHWAY_EVIDENCE;REL_CTX001_PHENOTYPE_SUPPORT;REL_CTX001_RECIPIENT_DONOR_INDEPENDENCE;REL_CTX001_SAMPLE_QC;REL_CTX001_SENSITIVITY_STABILITY;REL_CTX001_STUDY_INDEPENDENCE,EXP001-C4,data/metadata/skinexo_response_components.csv;reports/EXP001_C4_pathway_analysis.md
CTX001,M,M015,INACTIVE,-1.7809012066707912,0.0519784648971407,GOBP_VASCULAR_ASSOCIATED_SMOOTH_MUSCLE_CELL_MIGRATION,OBSERVED_NULL,1,0,TRANSCRIPTOME,,NOT_APPLICABLE,REL_CTX001_ANNOTATION_CERTAINTY;REL_CTX001_BATCH_ADJUSTMENT;REL_CTX001_CONTROL_CERTAINTY;REL_CTX001_CROSS_CONTEXT_REPLICATION;REL_CTX001_EV_PREPARATION_INDEPENDENCE;REL_CTX001_MODEL_DIAGNOSTICS;REL_CTX001_PAIRING_CERTAINTY;REL_CTX001_PATHWAY_EVIDENCE;REL_CTX001_PHENOTYPE_SUPPORT;REL_CTX001_RECIPIENT_DONOR_INDEPENDENCE;REL_CTX001_SAMPLE_QC;REL_CTX001_SENSITIVITY_STABILITY;REL_CTX001_STUDY_INDEPENDENCE,EXP001-C4,data/metadata/skinexo_response_components.csv;reports/EXP001_C4_pathway_analysis.md
CTX001,M,M016,NEGATIVE,-2.1246892928603094,0.0014967955680446,GOBP_NEGATIVE_CHEMOTAXIS,ACTIVE_NEGATIVE,1,1,TRANSCRIPTOME,,NOT_APPLICABLE,REL_CTX001_ANNOTATION_CERTAINTY;REL_CTX001_BATCH_ADJUSTMENT;REL_CTX001_CONTROL_CERTAINTY;REL_CTX001_CROSS_CONTEXT_REPLICATION;REL_CTX001_EV_PREPARATION_INDEPENDENCE;REL_CTX001_MODEL_DIAGNOSTICS;REL_CTX001_PAIRING_CERTAINTY;REL_CTX001_PATHWAY_EVIDENCE;REL_CTX001_PHENOTYPE_SUPPORT;REL_CTX001_RECIPIENT_DONOR_INDEPENDENCE;REL_CTX001_SAMPLE_QC;REL_CTX001_SENSITIVITY_STABILITY;REL_CTX001_STUDY_INDEPENDENCE,EXP001-C4,data/metadata/skinexo_response_components.csv;reports/EXP001_C4_pathway_analysis.md
CTX001,M,M017,INACTIVE,-1.4835928208761735,0.1374295585774154,GOBP_NEGATIVE_REGULATION_OF_CHEMOTAXIS,OBSERVED_NULL,1,0,TRANSCRIPTOME,,NOT_APPLICABLE,REL_CTX001_ANNOTATION_CERTAINTY;REL_CTX001_BATCH_ADJUSTMENT;REL_CTX001_CONTROL_CERTAINTY;REL_CTX001_CROSS_CONTEXT_REPLICATION;REL_CTX001_EV_PREPARATION_INDEPENDENCE;REL_CTX001_MODEL_DIAGNOSTICS;REL_CTX001_PAIRING_CERTAINTY;REL_CTX001_PATHWAY_EVIDENCE;REL_CTX001_PHENOTYPE_SUPPORT;REL_CTX001_RECIPIENT_DONOR_INDEPENDENCE;REL_CTX001_SAMPLE_QC;REL_CTX001_SENSITIVITY_STABILITY;REL_CTX001_STUDY_INDEPENDENCE,EXP001-C4,data/metadata/skinexo_response_components.csv;reports/EXP001_C4_pathway_analysis.md
CTX001,M,M018,INACTIVE,-0.8470795544088242,0.8058494501732858,GOBP_NEGATIVE_REGULATION_OF_LEUKOCYTE_MIGRATION,OBSERVED_NULL,1,0,TRANSCRIPTOME,,NOT_APPLICABLE,REL_CTX001_ANNOTATION_CERTAINTY;REL_CTX001_BATCH_ADJUSTMENT;REL_CTX001_CONTROL_CERTAINTY;REL_CTX001_CROSS_CONTEXT_REPLICATION;REL_CTX001_EV_PREPARATION_INDEPENDENCE;REL_CTX001_MODEL_DIAGNOSTICS;REL_CTX001_PAIRING_CERTAINTY;REL_CTX001_PATHWAY_EVIDENCE;REL_CTX001_PHENOTYPE_SUPPORT;REL_CTX001_RECIPIENT_DONOR_INDEPENDENCE;REL_CTX001_SAMPLE_QC;REL_CTX001_SENSITIVITY_STABILITY;REL_CTX001_STUDY_INDEPENDENCE,EXP001-C4,data/metadata/skinexo_response_components.csv;reports/EXP001_C4_pathway_analysis.md
CTX001,M,M019,INACTIVE,-1.6107267032329389,0.095338701267338,GOBP_NEGATIVE_REGULATION_OF_LOCOMOTION,OBSERVED_NULL,1,0,TRANSCRIPTOME,,NOT_APPLICABLE,REL_CTX001_ANNOTATION_CERTAINTY;REL_CTX001_BATCH_ADJUSTMENT;REL_CTX001_CONTROL_CERTAINTY;REL_CTX001_CROSS_CONTEXT_REPLICATION;REL_CTX001_EV_PREPARATION_INDEPENDENCE;REL_CTX001_MODEL_DIAGNOSTICS;REL_CTX001_PAIRING_CERTAINTY;REL_CTX001_PATHWAY_EVIDENCE;REL_CTX001_PHENOTYPE_SUPPORT;REL_CTX001_RECIPIENT_DONOR_INDEPENDENCE;REL_CTX001_SAMPLE_QC;REL_CTX001_SENSITIVITY_STABILITY;REL_CTX001_STUDY_INDEPENDENCE,EXP001-C4,data/metadata/skinexo_response_components.csv;reports/EXP001_C4_pathway_analysis.md
CTX001,M,M020,INACTIVE,-1.6023599239561808,0.0960016091045813,GOBP_NEGATIVE_REGULATION_OF_SMOOTH_MUSCLE_CELL_MIGRATION,OBSERVED_NULL,1,0,TRANSCRIPTOME,,NOT_APPLICABLE,REL_CTX001_ANNOTATION_CERTAINTY;REL_CTX001_BATCH_ADJUSTMENT;REL_CTX001_CONTROL_CERTAINTY;REL_CTX001_CROSS_CONTEXT_REPLICATION;REL_CTX001_EV_PREPARATION_INDEPENDENCE;REL_CTX001_MODEL_DIAGNOSTICS;REL_CTX001_PAIRING_CERTAINTY;REL_CTX001_PATHWAY_EVIDENCE;REL_CTX001_PHENOTYPE_SUPPORT;REL_CTX001_RECIPIENT_DONOR_INDEPENDENCE;REL_CTX001_SAMPLE_QC;REL_CTX001_SENSITIVITY_STABILITY;REL_CTX001_STUDY_INDEPENDENCE,EXP001-C4,data/metadata/skinexo_response_components.csv;reports/EXP001_C4_pathway_analysis.md
CTX001,M,M021,INACTIVE,-1.3309691906908383,0.2215784231701285,GOBP_NEURON_MIGRATION,OBSERVED_NULL,1,0,TRANSCRIPTOME,,NOT_APPLICABLE,REL_CTX001_ANNOTATION_CERTAINTY;REL_CTX001_BATCH_ADJUSTMENT;REL_CTX001_CONTROL_CERTAINTY;REL_CTX001_CROSS_CONTEXT_REPLICATION;REL_CTX001_EV_PREPARATION_INDEPENDENCE;REL_CTX001_MODEL_DIAGNOSTICS;REL_CTX001_PAIRING_CERTAINTY;REL_CTX001_PATHWAY_EVIDENCE;REL_CTX001_PHENOTYPE_SUPPORT;REL_CTX001_RECIPIENT_DONOR_INDEPENDENCE;REL_CTX001_SAMPLE_QC;REL_CTX001_SENSITIVITY_STABILITY;REL_CTX001_STUDY_INDEPENDENCE,EXP001-C4,data/metadata/skinexo_response_components.csv;reports/EXP001_C4_pathway_analysis.md
CTX001,M,M022,INACTIVE,-1.2131591026226116,0.3128161196261285,GOBP_POSITIVE_CHEMOTAXIS,OBSERVED_NULL,1,0,TRANSCRIPTOME,,NOT_APPLICABLE,REL_CTX001_ANNOTATION_CERTAINTY;REL_CTX001_BATCH_ADJUSTMENT;REL_CTX001_CONTROL_CERTAINTY;REL_CTX001_CROSS_CONTEXT_REPLICATION;REL_CTX001_EV_PREPARATION_INDEPENDENCE;REL_CTX001_MODEL_DIAGNOSTICS;REL_CTX001_PAIRING_CERTAINTY;REL_CTX001_PATHWAY_EVIDENCE;REL_CTX001_PHENOTYPE_SUPPORT;REL_CTX001_RECIPIENT_DONOR_INDEPENDENCE;REL_CTX001_SAMPLE_QC;REL_CTX001_SENSITIVITY_STABILITY;REL_CTX001_STUDY_INDEPENDENCE,EXP001-C4,data/metadata/skinexo_response_components.csv;reports/EXP001_C4_pathway_analysis.md
CTX001,M,M023,INACTIVE,-1.2537255618614245,0.2762820027424073,GOBP_POSITIVE_REGULATION_OF_CELL_MIGRATION_INVOLVED_IN_SPROUTING_ANGIOGENESIS,OBSERVED_NULL,1,0,TRANSCRIPTOME,,NOT_APPLICABLE,REL_CTX001_ANNOTATION_CERTAINTY;REL_CTX001_BATCH_ADJUSTMENT;REL_CTX001_CONTROL_CERTAINTY;REL_CTX001_CROSS_CONTEXT_REPLICATION;REL_CTX001_EV_PREPARATION_INDEPENDENCE;REL_CTX001_MODEL_DIAGNOSTICS;REL_CTX001_PAIRING_CERTAINTY;REL_CTX001_PATHWAY_EVIDENCE;REL_CTX001_PHENOTYPE_SUPPORT;REL_CTX001_RECIPIENT_DONOR_INDEPENDENCE;REL_CTX001_SAMPLE_QC;REL_CTX001_SENSITIVITY_STABILITY;REL_CTX001_STUDY_INDEPENDENCE,EXP001-C4,data/metadata/skinexo_response_components.csv;reports/EXP001_C4_pathway_analysis.md
CTX001,M,M024,INACTIVE,-1.1753305517429866,0.3482902168044196,GOBP_TISSUE_MIGRATION,OBSERVED_NULL,1,0,TRANSCRIPTOME,,NOT_APPLICABLE,REL_CTX001_ANNOTATION_CERTAINTY;REL_CTX001_BATCH_ADJUSTMENT;REL_CTX001_CONTROL_CERTAINTY;REL_CTX001_CROSS_CONTEXT_REPLICATION;REL_CTX001_EV_PREPARATION_INDEPENDENCE;REL_CTX001_MODEL_DIAGNOSTICS;REL_CTX001_PAIRING_CERTAINTY;REL_CTX001_PATHWAY_EVIDENCE;REL_CTX001_PHENOTYPE_SUPPORT;REL_CTX001_RECIPIENT_DONOR_INDEPENDENCE;REL_CTX001_SAMPLE_QC;REL_CTX001_SENSITIVITY_STABILITY;REL_CTX001_STUDY_INDEPENDENCE,EXP001-C4,data/metadata/skinexo_response_components.csv;reports/EXP001_C4_pathway_analysis.md
CTX001,M,M025,NEGATIVE,-1.9009378367500227,0.0280812959769187,GOBP_REGULATION_OF_GRANULOCYTE_CHEMOTAXIS,ACTIVE_NEGATIVE,1,1,TRANSCRIPTOME,,NOT_APPLICABLE,REL_CTX001_ANNOTATION_CERTAINTY;REL_CTX001_BATCH_ADJUSTMENT;REL_CTX001_CONTROL_CERTAINTY;REL_CTX001_CROSS_CONTEXT_REPLICATION;REL_CTX001_EV_PREPARATION_INDEPENDENCE;REL_CTX001_MODEL_DIAGNOSTICS;REL_CTX001_PAIRING_CERTAINTY;REL_CTX001_PATHWAY_EVIDENCE;REL_CTX001_PHENOTYPE_SUPPORT;REL_CTX001_RECIPIENT_DONOR_INDEPENDENCE;REL_CTX001_SAMPLE_QC;REL_CTX001_SENSITIVITY_STABILITY;REL_CTX001_STUDY_INDEPENDENCE,EXP001-C4,data/metadata/skinexo_response_components.csv;reports/EXP001_C4_pathway_analysis.md
CTX001,M,M026,NEGATIVE,-1.8643252666726435,0.0328246544982548,GOBP_POSITIVE_REGULATION_OF_LOCOMOTION,ACTIVE_NEGATIVE,1,1,TRANSCRIPTOME,,NOT_APPLICABLE,REL_CTX001_ANNOTATION_CERTAINTY;REL_CTX001_BATCH_ADJUSTMENT;REL_CTX001_CONTROL_CERTAINTY;REL_CTX001_CROSS_CONTEXT_REPLICATION;REL_CTX001_EV_PREPARATION_INDEPENDENCE;REL_CTX001_MODEL_DIAGNOSTICS;REL_CTX001_PAIRING_CERTAINTY;REL_CTX001_PATHWAY_EVIDENCE;REL_CTX001_PHENOTYPE_SUPPORT;REL_CTX001_RECIPIENT_DONOR_INDEPENDENCE;REL_CTX001_SAMPLE_QC;REL_CTX001_SENSITIVITY_STABILITY;REL_CTX001_STUDY_INDEPENDENCE,EXP001-C4,data/metadata/skinexo_response_components.csv;reports/EXP001_C4_pathway_analysis.md
CTX001,M,M027,INACTIVE,-1.379411955654965,0.1899409928862944,GOBP_POSITIVE_REGULATION_OF_NEURON_MIGRATION,OBSERVED_NULL,1,0,TRANSCRIPTOME,,NOT_APPLICABLE,REL_CTX001_ANNOTATION_CERTAINTY;REL_CTX001_BATCH_ADJUSTMENT;REL_CTX001_CONTROL_CERTAINTY;REL_CTX001_CROSS_CONTEXT_REPLICATION;REL_CTX001_EV_PREPARATION_INDEPENDENCE;REL_CTX001_MODEL_DIAGNOSTICS;REL_CTX001_PAIRING_CERTAINTY;REL_CTX001_PATHWAY_EVIDENCE;REL_CTX001_PHENOTYPE_SUPPORT;REL_CTX001_RECIPIENT_DONOR_INDEPENDENCE;REL_CTX001_SAMPLE_QC;REL_CTX001_SENSITIVITY_STABILITY;REL_CTX001_STUDY_INDEPENDENCE,EXP001-C4,data/metadata/skinexo_response_components.csv;reports/EXP001_C4_pathway_analysis.md
CTX001,M,M028,INACTIVE,-1.3065958690085917,0.2366241608455536,GOBP_POSITIVE_REGULATION_OF_SMOOTH_MUSCLE_CELL_MIGRATION,OBSERVED_NULL,1,0,TRANSCRIPTOME,,NOT_APPLICABLE,REL_CTX001_ANNOTATION_CERTAINTY;REL_CTX001_BATCH_ADJUSTMENT;REL_CTX001_CONTROL_CERTAINTY;REL_CTX001_CROSS_CONTEXT_REPLICATION;REL_CTX001_EV_PREPARATION_INDEPENDENCE;REL_CTX001_MODEL_DIAGNOSTICS;REL_CTX001_PAIRING_CERTAINTY;REL_CTX001_PATHWAY_EVIDENCE;REL_CTX001_PHENOTYPE_SUPPORT;REL_CTX001_RECIPIENT_DONOR_INDEPENDENCE;REL_CTX001_SAMPLE_QC;REL_CTX001_SENSITIVITY_STABILITY;REL_CTX001_STUDY_INDEPENDENCE,EXP001-C4,data/metadata/skinexo_response_components.csv;reports/EXP001_C4_pathway_analysis.md
CTX001,M,M029,INACTIVE,-1.4500608782834787,0.1515305463296216,GOBP_REGULATION_OF_NEURON_MIGRATION,OBSERVED_NULL,1,0,TRANSCRIPTOME,,NOT_APPLICABLE,REL_CTX001_ANNOTATION_CERTAINTY;REL_CTX001_BATCH_ADJUSTMENT;REL_CTX001_CONTROL_CERTAINTY;REL_CTX001_CROSS_CONTEXT_REPLICATION;REL_CTX001_EV_PREPARATION_INDEPENDENCE;REL_CTX001_MODEL_DIAGNOSTICS;REL_CTX001_PAIRING_CERTAINTY;REL_CTX001_PATHWAY_EVIDENCE;REL_CTX001_PHENOTYPE_SUPPORT;REL_CTX001_RECIPIENT_DONOR_INDEPENDENCE;REL_CTX001_SAMPLE_QC;REL_CTX001_SENSITIVITY_STABILITY;REL_CTX001_STUDY_INDEPENDENCE,EXP001-C4,data/metadata/skinexo_response_components.csv;reports/EXP001_C4_pathway_analysis.md
CTX001,M,M030,INACTIVE,0.9024023501867614,0.7516731472347201,GOBP_REGULATION_OF_POSITIVE_CHEMOTAXIS,OBSERVED_NULL,1,0,TRANSCRIPTOME,,NOT_APPLICABLE,REL_CTX001_ANNOTATION_CERTAINTY;REL_CTX001_BATCH_ADJUSTMENT;REL_CTX001_CONTROL_CERTAINTY;REL_CTX001_CROSS_CONTEXT_REPLICATION;REL_CTX001_EV_PREPARATION_INDEPENDENCE;REL_CTX001_MODEL_DIAGNOSTICS;REL_CTX001_PAIRING_CERTAINTY;REL_CTX001_PATHWAY_EVIDENCE;REL_CTX001_PHENOTYPE_SUPPORT;REL_CTX001_RECIPIENT_DONOR_INDEPENDENCE;REL_CTX001_SAMPLE_QC;REL_CTX001_SENSITIVITY_STABILITY;REL_CTX001_STUDY_INDEPENDENCE,EXP001-C4,data/metadata/skinexo_response_components.csv;reports/EXP001_C4_pathway_analysis.md
CTX001,M,M031,INACTIVE,-1.1728577051019218,0.34983825663618,GOBP_SUBSTRATE_DEPENDENT_CELL_MIGRATION,OBSERVED_NULL,1,0,TRANSCRIPTOME,,NOT_APPLICABLE,REL_CTX001_ANNOTATION_CERTAINTY;REL_CTX001_BATCH_ADJUSTMENT;REL_CTX001_CONTROL_CERTAINTY;REL_CTX001_CROSS_CONTEXT_REPLICATION;REL_CTX001_EV_PREPARATION_INDEPENDENCE;REL_CTX001_MODEL_DIAGNOSTICS;REL_CTX001_PAIRING_CERTAINTY;REL_CTX001_PATHWAY_EVIDENCE;REL_CTX001_PHENOTYPE_SUPPORT;REL_CTX001_RECIPIENT_DONOR_INDEPENDENCE;REL_CTX001_SAMPLE_QC;REL_CTX001_SENSITIVITY_STABILITY;REL_CTX001_STUDY_INDEPENDENCE,EXP001-C4,data/metadata/skinexo_response_components.csv;reports/EXP001_C4_pathway_analysis.md
CTX001,M,M032,INACTIVE,1.029458174665187,0.5659151534609133,GOBP_TROPHOBLAST_CELL_MIGRATION,OBSERVED_NULL,1,0,TRANSCRIPTOME,,NOT_APPLICABLE,REL_CTX001_ANNOTATION_CERTAINTY;REL_CTX001_BATCH_ADJUSTMENT;REL_CTX001_CONTROL_CERTAINTY;REL_CTX001_CROSS_CONTEXT_REPLICATION;REL_CTX001_EV_PREPARATION_INDEPENDENCE;REL_CTX001_MODEL_DIAGNOSTICS;REL_CTX001_PAIRING_CERTAINTY;REL_CTX001_PATHWAY_EVIDENCE;REL_CTX001_PHENOTYPE_SUPPORT;REL_CTX001_RECIPIENT_DONOR_INDEPENDENCE;REL_CTX001_SAMPLE_QC;REL_CTX001_SENSITIVITY_STABILITY;REL_CTX001_STUDY_INDEPENDENCE,EXP001-C4,data/metadata/skinexo_response_components.csv;reports/EXP001_C4_pathway_analysis.md
CTX001,M,M033,INACTIVE,-1.3950201862868978,0.1808841276059327,REACTOME_MET_PROMOTES_CELL_MOTILITY,OBSERVED_NULL,1,0,TRANSCRIPTOME,,NOT_APPLICABLE,REL_CTX001_ANNOTATION_CERTAINTY;REL_CTX001_BATCH_ADJUSTMENT;REL_CTX001_CONTROL_CERTAINTY;REL_CTX001_CROSS_CONTEXT_REPLICATION;REL_CTX001_EV_PREPARATION_INDEPENDENCE;REL_CTX001_MODEL_DIAGNOSTICS;REL_CTX001_PAIRING_CERTAINTY;REL_CTX001_PATHWAY_EVIDENCE;REL_CTX001_PHENOTYPE_SUPPORT;REL_CTX001_RECIPIENT_DONOR_INDEPENDENCE;REL_CTX001_SAMPLE_QC;REL_CTX001_SENSITIVITY_STABILITY;REL_CTX001_STUDY_INDEPENDENCE,EXP001-C4,data/metadata/skinexo_response_components.csv;reports/EXP001_C4_pathway_analysis.md
CTX001,M,M034,NEGATIVE,-1.8458042936093977,0.0369517556078186,REACTOME_SEMA4D_INDUCED_CELL_MIGRATION_AND_GROWTH_CONE_COLLAPSE,ACTIVE_NEGATIVE,1,1,TRANSCRIPTOME,,NOT_APPLICABLE,REL_CTX001_ANNOTATION_CERTAINTY;REL_CTX001_BATCH_ADJUSTMENT;REL_CTX001_CONTROL_CERTAINTY;REL_CTX001_CROSS_CONTEXT_REPLICATION;REL_CTX001_EV_PREPARATION_INDEPENDENCE;REL_CTX001_MODEL_DIAGNOSTICS;REL_CTX001_PAIRING_CERTAINTY;REL_CTX001_PATHWAY_EVIDENCE;REL_CTX001_PHENOTYPE_SUPPORT;REL_CTX001_RECIPIENT_DONOR_INDEPENDENCE;REL_CTX001_SAMPLE_QC;REL_CTX001_SENSITIVITY_STABILITY;REL_CTX001_STUDY_INDEPENDENCE,EXP001-C4,data/metadata/skinexo_response_components.csv;reports/EXP001_C4_pathway_analysis.md
CTX001,P,P001,INACTIVE,-0.9176155120354988,0.701546739861762,GOBP_ACTIVATED_T_CELL_PROLIFERATION,OBSERVED_NULL,1,0,TRANSCRIPTOME,,NOT_APPLICABLE,REL_CTX001_ANNOTATION_CERTAINTY;REL_CTX001_BATCH_ADJUSTMENT;REL_CTX001_CONTROL_CERTAINTY;REL_CTX001_CROSS_CONTEXT_REPLICATION;REL_CTX001_EV_PREPARATION_INDEPENDENCE;REL_CTX001_MODEL_DIAGNOSTICS;REL_CTX001_PAIRING_CERTAINTY;REL_CTX001_PATHWAY_EVIDENCE;REL_CTX001_PHENOTYPE_SUPPORT;REL_CTX001_RECIPIENT_DONOR_INDEPENDENCE;REL_CTX001_SAMPLE_QC;REL_CTX001_SENSITIVITY_STABILITY;REL_CTX001_STUDY_INDEPENDENCE,EXP001-C4,data/metadata/skinexo_response_components.csv;reports/EXP001_C4_pathway_analysis.md
CTX001,P,P002,INACTIVE,-1.2673046146203784,0.2670121189618337,GOBP_ALPHA_BETA_T_CELL_PROLIFERATION,OBSERVED_NULL,1,0,TRANSCRIPTOME,,NOT_APPLICABLE,REL_CTX001_ANNOTATION_CERTAINTY;REL_CTX001_BATCH_ADJUSTMENT;REL_CTX001_CONTROL_CERTAINTY;REL_CTX001_CROSS_CONTEXT_REPLICATION;REL_CTX001_EV_PREPARATION_INDEPENDENCE;REL_CTX001_MODEL_DIAGNOSTICS;REL_CTX001_PAIRING_CERTAINTY;REL_CTX001_PATHWAY_EVIDENCE;REL_CTX001_PHENOTYPE_SUPPORT;REL_CTX001_RECIPIENT_DONOR_INDEPENDENCE;REL_CTX001_SAMPLE_QC;REL_CTX001_SENSITIVITY_STABILITY;REL_CTX001_STUDY_INDEPENDENCE,EXP001-C4,data/metadata/skinexo_response_components.csv;reports/EXP001_C4_pathway_analysis.md
CTX001,P,P003,POSITIVE,2.348046008391554,0.0,GOBP_ATTACHMENT_OF_MITOTIC_SPINDLE_MICROTUBULES_TO_KINETOCHORE,ACTIVE_POSITIVE,1,1,TRANSCRIPTOME,,NOT_APPLICABLE,REL_CTX001_ANNOTATION_CERTAINTY;REL_CTX001_BATCH_ADJUSTMENT;REL_CTX001_CONTROL_CERTAINTY;REL_CTX001_CROSS_CONTEXT_REPLICATION;REL_CTX001_EV_PREPARATION_INDEPENDENCE;REL_CTX001_MODEL_DIAGNOSTICS;REL_CTX001_PAIRING_CERTAINTY;REL_CTX001_PATHWAY_EVIDENCE;REL_CTX001_PHENOTYPE_SUPPORT;REL_CTX001_RECIPIENT_DONOR_INDEPENDENCE;REL_CTX001_SAMPLE_QC;REL_CTX001_SENSITIVITY_STABILITY;REL_CTX001_STUDY_INDEPENDENCE,EXP001-C4,data/metadata/skinexo_response_components.csv;reports/EXP001_C4_pathway_analysis.md
CTX001,P,P004,POSITIVE,2.672874192301833,0.0,GOBP_ATTACHMENT_OF_SPINDLE_MICROTUBULES_TO_KINETOCHORE,ACTIVE_POSITIVE,1,1,TRANSCRIPTOME,,NOT_APPLICABLE,REL_CTX001_ANNOTATION_CERTAINTY;REL_CTX001_BATCH_ADJUSTMENT;REL_CTX001_CONTROL_CERTAINTY;REL_CTX001_CROSS_CONTEXT_REPLICATION;REL_CTX001_EV_PREPARATION_INDEPENDENCE;REL_CTX001_MODEL_DIAGNOSTICS;REL_CTX001_PAIRING_CERTAINTY;REL_CTX001_PATHWAY_EVIDENCE;REL_CTX001_PHENOTYPE_SUPPORT;REL_CTX001_RECIPIENT_DONOR_INDEPENDENCE;REL_CTX001_SAMPLE_QC;REL_CTX001_SENSITIVITY_STABILITY;REL_CTX001_STUDY_INDEPENDENCE,EXP001-C4,data/metadata/skinexo_response_components.csv;reports/EXP001_C4_pathway_analysis.md
CTX001,P,P005,INACTIVE,1.0290546644460106,0.565693683175978,GOBP_BLOOD_VESSEL_ENDOTHELIAL_CELL_PROLIFERATION_INVOLVED_IN_SPROUTING_ANGIOGENESIS,OBSERVED_NULL,1,0,TRANSCRIPTOME,,NOT_APPLICABLE,REL_CTX001_ANNOTATION_CERTAINTY;REL_CTX001_BATCH_ADJUSTMENT;REL_CTX001_CONTROL_CERTAINTY;REL_CTX001_CROSS_CONTEXT_REPLICATION;REL_CTX001_EV_PREPARATION_INDEPENDENCE;REL_CTX001_MODEL_DIAGNOSTICS;REL_CTX001_PAIRING_CERTAINTY;REL_CTX001_PATHWAY_EVIDENCE;REL_CTX001_PHENOTYPE_SUPPORT;REL_CTX001_RECIPIENT_DONOR_INDEPENDENCE;REL_CTX001_SAMPLE_QC;REL_CTX001_SENSITIVITY_STABILITY;REL_CTX001_STUDY_INDEPENDENCE,EXP001-C4,data/metadata/skinexo_response_components.csv;reports/EXP001_C4_pathway_analysis.md
CTX001,P,P006,INACTIVE,-0.8938958196224704,0.7359835659834756,GOBP_REGULATION_OF_B_CELL_PROLIFERATION,OBSERVED_NULL,1,0,TRANSCRIPTOME,,NOT_APPLICABLE,REL_CTX001_ANNOTATION_CERTAINTY;REL_CTX001_BATCH_ADJUSTMENT;REL_CTX001_CONTROL_CERTAINTY;REL_CTX001_CROSS_CONTEXT_REPLICATION;REL_CTX001_EV_PREPARATION_INDEPENDENCE;REL_CTX001_MODEL_DIAGNOSTICS;REL_CTX001_PAIRING_CERTAINTY;REL_CTX001_PATHWAY_EVIDENCE;REL_CTX001_PHENOTYPE_SUPPORT;REL_CTX001_RECIPIENT_DONOR_INDEPENDENCE;REL_CTX001_SAMPLE_QC;REL_CTX001_SENSITIVITY_STABILITY;REL_CTX001_STUDY_INDEPENDENCE,EXP001-C4,data/metadata/skinexo_response_components.csv;reports/EXP001_C4_pathway_analysis.md
CTX001,P,P007,INACTIVE,-1.182399710802986,0.3420097839544401,GOBP_STRIATED_MUSCLE_CELL_PROLIFERATION,OBSERVED_NULL,1,0,TRANSCRIPTOME,,NOT_APPLICABLE,REL_CTX001_ANNOTATION_CERTAINTY;REL_CTX001_BATCH_ADJUSTMENT;REL_CTX001_CONTROL_CERTAINTY;REL_CTX001_CROSS_CONTEXT_REPLICATION;REL_CTX001_EV_PREPARATION_INDEPENDENCE;REL_CTX001_MODEL_DIAGNOSTICS;REL_CTX001_PAIRING_CERTAINTY;REL_CTX001_PATHWAY_EVIDENCE;REL_CTX001_PHENOTYPE_SUPPORT;REL_CTX001_RECIPIENT_DONOR_INDEPENDENCE;REL_CTX001_SAMPLE_QC;REL_CTX001_SENSITIVITY_STABILITY;REL_CTX001_STUDY_INDEPENDENCE,EXP001-C4,data/metadata/skinexo_response_components.csv;reports/EXP001_C4_pathway_analysis.md
CTX001,P,P008,POSITIVE,2.537595785651995,0.0,GOBP_MITOTIC_CELL_CYCLE_CHECKPOINT_SIGNALING,ACTIVE_POSITIVE,1,1,TRANSCRIPTOME,,NOT_APPLICABLE,REL_CTX001_ANNOTATION_CERTAINTY;REL_CTX001_BATCH_ADJUSTMENT;REL_CTX001_CONTROL_CERTAINTY;REL_CTX001_CROSS_CONTEXT_REPLICATION;REL_CTX001_EV_PREPARATION_INDEPENDENCE;REL_CTX001_MODEL_DIAGNOSTICS;REL_CTX001_PAIRING_CERTAINTY;REL_CTX001_PATHWAY_EVIDENCE;REL_CTX001_PHENOTYPE_SUPPORT;REL_CTX001_RECIPIENT_DONOR_INDEPENDENCE;REL_CTX001_SAMPLE_QC;REL_CTX001_SENSITIVITY_STABILITY;REL_CTX001_STUDY_INDEPENDENCE,EXP001-C4,data/metadata/skinexo_response_components.csv;reports/EXP001_C4_pathway_analysis.md
CTX001,P,P009,POSITIVE,2.4688789966290337,0.0,GOBP_CELL_CYCLE_DNA_REPLICATION,ACTIVE_POSITIVE,1,1,TRANSCRIPTOME,,NOT_APPLICABLE,REL_CTX001_ANNOTATION_CERTAINTY;REL_CTX001_BATCH_ADJUSTMENT;REL_CTX001_CONTROL_CERTAINTY;REL_CTX001_CROSS_CONTEXT_REPLICATION;REL_CTX001_EV_PREPARATION_INDEPENDENCE;REL_CTX001_MODEL_DIAGNOSTICS;REL_CTX001_PAIRING_CERTAINTY;REL_CTX001_PATHWAY_EVIDENCE;REL_CTX001_PHENOTYPE_SUPPORT;REL_CTX001_RECIPIENT_DONOR_INDEPENDENCE;REL_CTX001_SAMPLE_QC;REL_CTX001_SENSITIVITY_STABILITY;REL_CTX001_STUDY_INDEPENDENCE,EXP001-C4,data/metadata/skinexo_response_components.csv;reports/EXP001_C4_pathway_analysis.md
CTX001,P,P010,INACTIVE,1.152492463030773,0.3932929102360106,GOBP_CELL_PROLIFERATION_INVOLVED_IN_HEART_MORPHOGENESIS,OBSERVED_NULL,1,0,TRANSCRIPTOME,,NOT_APPLICABLE,REL_CTX001_ANNOTATION_CERTAINTY;REL_CTX001_BATCH_ADJUSTMENT;REL_CTX001_CONTROL_CERTAINTY;REL_CTX001_CROSS_CONTEXT_REPLICATION;REL_CTX001_EV_PREPARATION_INDEPENDENCE;REL_CTX001_MODEL_DIAGNOSTICS;REL_CTX001_PAIRING_CERTAINTY;REL_CTX001_PATHWAY_EVIDENCE;REL_CTX001_PHENOTYPE_SUPPORT;REL_CTX001_RECIPIENT_DONOR_INDEPENDENCE;REL_CTX001_SAMPLE_QC;REL_CTX001_SENSITIVITY_STABILITY;REL_CTX001_STUDY_INDEPENDENCE,EXP001-C4,data/metadata/skinexo_response_components.csv;reports/EXP001_C4_pathway_analysis.md
CTX001,P,P011,INACTIVE,-1.4401194637661308,0.1553744355650403,GOBP_CELL_PROLIFERATION_INVOLVED_IN_KIDNEY_DEVELOPMENT,OBSERVED_NULL,1,0,TRANSCRIPTOME,,NOT_APPLICABLE,REL_CTX001_ANNOTATION_CERTAINTY;REL_CTX001_BATCH_ADJUSTMENT;REL_CTX001_CONTROL_CERTAINTY;REL_CTX001_CROSS_CONTEXT_REPLICATION;REL_CTX001_EV_PREPARATION_INDEPENDENCE;REL_CTX001_MODEL_DIAGNOSTICS;REL_CTX001_PAIRING_CERTAINTY;REL_CTX001_PATHWAY_EVIDENCE;REL_CTX001_PHENOTYPE_SUPPORT;REL_CTX001_RECIPIENT_DONOR_INDEPENDENCE;REL_CTX001_SAMPLE_QC;REL_CTX001_SENSITIVITY_STABILITY;REL_CTX001_STUDY_INDEPENDENCE,EXP001-C4,data/metadata/skinexo_response_components.csv;reports/EXP001_C4_pathway_analysis.md
CTX001,P,P012,INACTIVE,-1.1086166828650126,0.4181050879410766,GOBP_CELL_PROLIFERATION_IN_FOREBRAIN,OBSERVED_NULL,1,0,TRANSCRIPTOME,,NOT_APPLICABLE,REL_CTX001_ANNOTATION_CERTAINTY;REL_CTX001_BATCH_ADJUSTMENT;REL_CTX001_CONTROL_CERTAINTY;REL_CTX001_CROSS_CONTEXT_REPLICATION;REL_CTX001_EV_PREPARATION_INDEPENDENCE;REL_CTX001_MODEL_DIAGNOSTICS;REL_CTX001_PAIRING_CERTAINTY;REL_CTX001_PATHWAY_EVIDENCE;REL_CTX001_PHENOTYPE_SUPPORT;REL_CTX001_RECIPIENT_DONOR_INDEPENDENCE;REL_CTX001_SAMPLE_QC;REL_CTX001_SENSITIVITY_STABILITY;REL_CTX001_STUDY_INDEPENDENCE,EXP001-C4,data/metadata/skinexo_response_components.csv;reports/EXP001_C4_pathway_analysis.md
CTX001,P,P013,POSITIVE,2.398057291606849,0.0,GOBP_MEIOTIC_CHROMOSOME_SEGREGATION,ACTIVE_POSITIVE,1,1,TRANSCRIPTOME,,NOT_APPLICABLE,REL_CTX001_ANNOTATION_CERTAINTY;REL_CTX001_BATCH_ADJUSTMENT;REL_CTX001_CONTROL_CERTAINTY;REL_CTX001_CROSS_CONTEXT_REPLICATION;REL_CTX001_EV_PREPARATION_INDEPENDENCE;REL_CTX001_MODEL_DIAGNOSTICS;REL_CTX001_PAIRING_CERTAINTY;REL_CTX001_PATHWAY_EVIDENCE;REL_CTX001_PHENOTYPE_SUPPORT;REL_CTX001_RECIPIENT_DONOR_INDEPENDENCE;REL_CTX001_SAMPLE_QC;REL_CTX001_SENSITIVITY_STABILITY;REL_CTX001_STUDY_INDEPENDENCE,EXP001-C4,data/metadata/skinexo_response_components.csv;reports/EXP001_C4_pathway_analysis.md
CTX001,P,P014,POSITIVE,2.81379508474579,0.0,GOBP_MITOTIC_SISTER_CHROMATID_SEGREGATION,ACTIVE_POSITIVE,1,1,TRANSCRIPTOME,,NOT_APPLICABLE,REL_CTX001_ANNOTATION_CERTAINTY;REL_CTX001_BATCH_ADJUSTMENT;REL_CTX001_CONTROL_CERTAINTY;REL_CTX001_CROSS_CONTEXT_REPLICATION;REL_CTX001_EV_PREPARATION_INDEPENDENCE;REL_CTX001_MODEL_DIAGNOSTICS;REL_CTX001_PAIRING_CERTAINTY;REL_CTX001_PATHWAY_EVIDENCE;REL_CTX001_PHENOTYPE_SUPPORT;REL_CTX001_RECIPIENT_DONOR_INDEPENDENCE;REL_CTX001_SAMPLE_QC;REL_CTX001_SENSITIVITY_STABILITY;REL_CTX001_STUDY_INDEPENDENCE,EXP001-C4,data/metadata/skinexo_response_components.csv;reports/EXP001_C4_pathway_analysis.md
CTX001,P,P015,POSITIVE,2.2620349319894983,8.23024701457045e-06,GOBP_REGULATION_OF_CYTOKINESIS,ACTIVE_POSITIVE,1,1,TRANSCRIPTOME,,NOT_APPLICABLE,REL_CTX001_ANNOTATION_CERTAINTY;REL_CTX001_BATCH_ADJUSTMENT;REL_CTX001_CONTROL_CERTAINTY;REL_CTX001_CROSS_CONTEXT_REPLICATION;REL_CTX001_EV_PREPARATION_INDEPENDENCE;REL_CTX001_MODEL_DIAGNOSTICS;REL_CTX001_PAIRING_CERTAINTY;REL_CTX001_PATHWAY_EVIDENCE;REL_CTX001_PHENOTYPE_SUPPORT;REL_CTX001_RECIPIENT_DONOR_INDEPENDENCE;REL_CTX001_SAMPLE_QC;REL_CTX001_SENSITIVITY_STABILITY;REL_CTX001_STUDY_INDEPENDENCE,EXP001-C4,data/metadata/skinexo_response_components.csv;reports/EXP001_C4_pathway_analysis.md
CTX001,P,P016,POSITIVE,2.75607004274238,0.0,GOBP_DNA_TEMPLATED_DNA_REPLICATION,ACTIVE_POSITIVE,1,1,TRANSCRIPTOME,,NOT_APPLICABLE,REL_CTX001_ANNOTATION_CERTAINTY;REL_CTX001_BATCH_ADJUSTMENT;REL_CTX001_CONTROL_CERTAINTY;REL_CTX001_CROSS_CONTEXT_REPLICATION;REL_CTX001_EV_PREPARATION_INDEPENDENCE;REL_CTX001_MODEL_DIAGNOSTICS;REL_CTX001_PAIRING_CERTAINTY;REL_CTX001_PATHWAY_EVIDENCE;REL_CTX001_PHENOTYPE_SUPPORT;REL_CTX001_RECIPIENT_DONOR_INDEPENDENCE;REL_CTX001_SAMPLE_QC;REL_CTX001_SENSITIVITY_STABILITY;REL_CTX001_STUDY_INDEPENDENCE,EXP001-C4,data/metadata/skinexo_response_components.csv;reports/EXP001_C4_pathway_analysis.md
CTX001,P,P017,POSITIVE,2.176260852147584,1.2747600639109118e-05,GOBP_DNA_REPLICATION_CHECKPOINT_SIGNALING,ACTIVE_POSITIVE,1,1,TRANSCRIPTOME,,NOT_APPLICABLE,REL_CTX001_ANNOTATION_CERTAINTY;REL_CTX001_BATCH_ADJUSTMENT;REL_CTX001_CONTROL_CERTAINTY;REL_CTX001_CROSS_CONTEXT_REPLICATION;REL_CTX001_EV_PREPARATION_INDEPENDENCE;REL_CTX001_MODEL_DIAGNOSTICS;REL_CTX001_PAIRING_CERTAINTY;REL_CTX001_PATHWAY_EVIDENCE;REL_CTX001_PHENOTYPE_SUPPORT;REL_CTX001_RECIPIENT_DONOR_INDEPENDENCE;REL_CTX001_SAMPLE_QC;REL_CTX001_SENSITIVITY_STABILITY;REL_CTX001_STUDY_INDEPENDENCE,EXP001-C4,data/metadata/skinexo_response_components.csv;reports/EXP001_C4_pathway_analysis.md
CTX001,P,P018,POSITIVE,2.2509088533547743,8.151110024045734e-06,GOBP_DNA_REPLICATION_INITIATION,ACTIVE_POSITIVE,1,1,TRANSCRIPTOME,,NOT_APPLICABLE,REL_CTX001_ANNOTATION_CERTAINTY;REL_CTX001_BATCH_ADJUSTMENT;REL_CTX001_CONTROL_CERTAINTY;REL_CTX001_CROSS_CONTEXT_REPLICATION;REL_CTX001_EV_PREPARATION_INDEPENDENCE;REL_CTX001_MODEL_DIAGNOSTICS;REL_CTX001_PAIRING_CERTAINTY;REL_CTX001_PATHWAY_EVIDENCE;REL_CTX001_PHENOTYPE_SUPPORT;REL_CTX001_RECIPIENT_DONOR_INDEPENDENCE;REL_CTX001_SAMPLE_QC;REL_CTX001_SENSITIVITY_STABILITY;REL_CTX001_STUDY_INDEPENDENCE,EXP001-C4,data/metadata/skinexo_response_components.csv;reports/EXP001_C4_pathway_analysis.md
CTX001,P,P019,POSITIVE,2.2672413528385373,8.310935710791729e-06,GOBP_DNA_STRAND_ELONGATION_INVOLVED_IN_DNA_REPLICATION,ACTIVE_POSITIVE,1,1,TRANSCRIPTOME,,NOT_APPLICABLE,REL_CTX001_ANNOTATION_CERTAINTY;REL_CTX001_BATCH_ADJUSTMENT;REL_CTX001_CONTROL_CERTAINTY;REL_CTX001_CROSS_CONTEXT_REPLICATION;REL_CTX001_EV_PREPARATION_INDEPENDENCE;REL_CTX001_MODEL_DIAGNOSTICS;REL_CTX001_PAIRING_CERTAINTY;REL_CTX001_PATHWAY_EVIDENCE;REL_CTX001_PHENOTYPE_SUPPORT;REL_CTX001_RECIPIENT_DONOR_INDEPENDENCE;REL_CTX001_SAMPLE_QC;REL_CTX001_SENSITIVITY_STABILITY;REL_CTX001_STUDY_INDEPENDENCE,EXP001-C4,data/metadata/skinexo_response_components.csv;reports/EXP001_C4_pathway_analysis.md
CTX001,P,P020,POSITIVE,2.011881116165149,0.000323281312818,GOBP_DNA_SYNTHESIS_INVOLVED_IN_DNA_REPLICATION,ACTIVE_POSITIVE,1,1,TRANSCRIPTOME,,NOT_APPLICABLE,REL_CTX001_ANNOTATION_CERTAINTY;REL_CTX001_BATCH_ADJUSTMENT;REL_CTX001_CONTROL_CERTAINTY;REL_CTX001_CROSS_CONTEXT_REPLICATION;REL_CTX001_EV_PREPARATION_INDEPENDENCE;REL_CTX001_MODEL_DIAGNOSTICS;REL_CTX001_PAIRING_CERTAINTY;REL_CTX001_PATHWAY_EVIDENCE;REL_CTX001_PHENOTYPE_SUPPORT;REL_CTX001_RECIPIENT_DONOR_INDEPENDENCE;REL_CTX001_SAMPLE_QC;REL_CTX001_SENSITIVITY_STABILITY;REL_CTX001_STUDY_INDEPENDENCE,EXP001-C4,data/metadata/skinexo_response_components.csv;reports/EXP001_C4_pathway_analysis.md
CTX001,P,P021,POSITIVE,2.477372955062547,0.0,GOBP_DNA_TEMPLATED_DNA_REPLICATION_MAINTENANCE_OF_FIDELITY,ACTIVE_POSITIVE,1,1,TRANSCRIPTOME,,NOT_APPLICABLE,REL_CTX001_ANNOTATION_CERTAINTY;REL_CTX001_BATCH_ADJUSTMENT;REL_CTX001_CONTROL_CERTAINTY;REL_CTX001_CROSS_CONTEXT_REPLICATION;REL_CTX001_EV_PREPARATION_INDEPENDENCE;REL_CTX001_MODEL_DIAGNOSTICS;REL_CTX001_PAIRING_CERTAINTY;REL_CTX001_PATHWAY_EVIDENCE;REL_CTX001_PHENOTYPE_SUPPORT;REL_CTX001_RECIPIENT_DONOR_INDEPENDENCE;REL_CTX001_SAMPLE_QC;REL_CTX001_SENSITIVITY_STABILITY;REL_CTX001_STUDY_INDEPENDENCE,EXP001-C4,data/metadata/skinexo_response_components.csv;reports/EXP001_C4_pathway_analysis.md
CTX001,P,P022,INACTIVE,-1.5841014628365628,0.1013100065250441,GOBP_EPITHELIAL_CELL_PROLIFERATION,OBSERVED_NULL,1,0,TRANSCRIPTOME,,NOT_APPLICABLE,REL_CTX001_ANNOTATION_CERTAINTY;REL_CTX001_BATCH_ADJUSTMENT;REL_CTX001_CONTROL_CERTAINTY;REL_CTX001_CROSS_CONTEXT_REPLICATION;REL_CTX001_EV_PREPARATION_INDEPENDENCE;REL_CTX001_MODEL_DIAGNOSTICS;REL_CTX001_PAIRING_CERTAINTY;REL_CTX001_PATHWAY_EVIDENCE;REL_CTX001_PHENOTYPE_SUPPORT;REL_CTX001_RECIPIENT_DONOR_INDEPENDENCE;REL_CTX001_SAMPLE_QC;REL_CTX001_SENSITIVITY_STABILITY;REL_CTX001_STUDY_INDEPENDENCE,EXP001-C4,data/metadata/skinexo_response_components.csv;reports/EXP001_C4_pathway_analysis.md
CTX001,P,P023,POSITIVE,1.849989589013096,0.0035876094801536,GOBP_SPINDLE_LOCALIZATION,ACTIVE_POSITIVE,1,1,TRANSCRIPTOME,,NOT_APPLICABLE,REL_CTX001_ANNOTATION_CERTAINTY;REL_CTX001_BATCH_ADJUSTMENT;REL_CTX001_CONTROL_CERTAINTY;REL_CTX001_CROSS_CONTEXT_REPLICATION;REL_CTX001_EV_PREPARATION_INDEPENDENCE;REL_CTX001_MODEL_DIAGNOSTICS;REL_CTX001_PAIRING_CERTAINTY;REL_CTX001_PATHWAY_EVIDENCE;REL_CTX001_PHENOTYPE_SUPPORT;REL_CTX001_RECIPIENT_DONOR_INDEPENDENCE;REL_CTX001_SAMPLE_QC;REL_CTX001_SENSITIVITY_STABILITY;REL_CTX001_STUDY_INDEPENDENCE,EXP001-C4,data/metadata/skinexo_response_components.csv;reports/EXP001_C4_pathway_analysis.md
CTX001,P,P024,INACTIVE,-1.066159167237004,0.4729705715170166,GOBP_REGULATION_OF_GLIAL_CELL_PROLIFERATION,OBSERVED_NULL,1,0,TRANSCRIPTOME,,NOT_APPLICABLE,REL_CTX001_ANNOTATION_CERTAINTY;REL_CTX001_BATCH_ADJUSTMENT;REL_CTX001_CONTROL_CERTAINTY;REL_CTX001_CROSS_CONTEXT_REPLICATION;REL_CTX001_EV_PREPARATION_INDEPENDENCE;REL_CTX001_MODEL_DIAGNOSTICS;REL_CTX001_PAIRING_CERTAINTY;REL_CTX001_PATHWAY_EVIDENCE;REL_CTX001_PHENOTYPE_SUPPORT;REL_CTX001_RECIPIENT_DONOR_INDEPENDENCE;REL_CTX001_SAMPLE_QC;REL_CTX001_SENSITIVITY_STABILITY;REL_CTX001_STUDY_INDEPENDENCE,EXP001-C4,data/metadata/skinexo_response_components.csv;reports/EXP001_C4_pathway_analysis.md
CTX001,P,P025,INACTIVE,-1.350050740520718,0.2066118702704117,GOBP_HEMATOPOIETIC_STEM_CELL_PROLIFERATION,OBSERVED_NULL,1,0,TRANSCRIPTOME,,NOT_APPLICABLE,REL_CTX001_ANNOTATION_CERTAINTY;REL_CTX001_BATCH_ADJUSTMENT;REL_CTX001_CONTROL_CERTAINTY;REL_CTX001_CROSS_CONTEXT_REPLICATION;REL_CTX001_EV_PREPARATION_INDEPENDENCE;REL_CTX001_MODEL_DIAGNOSTICS;REL_CTX001_PAIRING_CERTAINTY;REL_CTX001_PATHWAY_EVIDENCE;REL_CTX001_PHENOTYPE_SUPPORT;REL_CTX001_RECIPIENT_DONOR_INDEPENDENCE;REL_CTX001_SAMPLE_QC;REL_CTX001_SENSITIVITY_STABILITY;REL_CTX001_STUDY_INDEPENDENCE,EXP001-C4,data/metadata/skinexo_response_components.csv;reports/EXP001_C4_pathway_analysis.md
CTX001,P,P026,INACTIVE,1.504928849065189,0.07987882441265,GOBP_INNER_CELL_MASS_CELL_PROLIFERATION,OBSERVED_NULL,1,0,TRANSCRIPTOME,,NOT_APPLICABLE,REL_CTX001_ANNOTATION_CERTAINTY;REL_CTX001_BATCH_ADJUSTMENT;REL_CTX001_CONTROL_CERTAINTY;REL_CTX001_CROSS_CONTEXT_REPLICATION;REL_CTX001_EV_PREPARATION_INDEPENDENCE;REL_CTX001_MODEL_DIAGNOSTICS;REL_CTX001_PAIRING_CERTAINTY;REL_CTX001_PATHWAY_EVIDENCE;REL_CTX001_PHENOTYPE_SUPPORT;REL_CTX001_RECIPIENT_DONOR_INDEPENDENCE;REL_CTX001_SAMPLE_QC;REL_CTX001_SENSITIVITY_STABILITY;REL_CTX001_STUDY_INDEPENDENCE,EXP001-C4,data/metadata/skinexo_response_components.csv;reports/EXP001_C4_pathway_analysis.md
CTX001,P,P027,INACTIVE,1.3060461247802548,0.2243697094774904,GOBP_MALE_MEIOSIS_I,OBSERVED_NULL,1,0,TRANSCRIPTOME,,NOT_APPLICABLE,REL_CTX001_ANNOTATION_CERTAINTY;REL_CTX001_BATCH_ADJUSTMENT;REL_CTX001_CONTROL_CERTAINTY;REL_CTX001_CROSS_CONTEXT_REPLICATION;REL_CTX001_EV_PREPARATION_INDEPENDENCE;REL_CTX001_MODEL_DIAGNOSTICS;REL_CTX001_PAIRING_CERTAINTY;REL_CTX001_PATHWAY_EVIDENCE;REL_CTX001_PHENOTYPE_SUPPORT;REL_CTX001_RECIPIENT_DONOR_INDEPENDENCE;REL_CTX001_SAMPLE_QC;REL_CTX001_SENSITIVITY_STABILITY;REL_CTX001_STUDY_INDEPENDENCE,EXP001-C4,data/metadata/skinexo_response_components.csv;reports/EXP001_C4_pathway_analysis.md
CTX001,P,P028,INACTIVE,1.3783966066296875,0.1615830732253951,GOBP_MAMMARY_GLAND_EPITHELIAL_CELL_PROLIFERATION,OBSERVED_NULL,1,0,TRANSCRIPTOME,,NOT_APPLICABLE,REL_CTX001_ANNOTATION_CERTAINTY;REL_CTX001_BATCH_ADJUSTMENT;REL_CTX001_CONTROL_CERTAINTY;REL_CTX001_CROSS_CONTEXT_REPLICATION;REL_CTX001_EV_PREPARATION_INDEPENDENCE;REL_CTX001_MODEL_DIAGNOSTICS;REL_CTX001_PAIRING_CERTAINTY;REL_CTX001_PATHWAY_EVIDENCE;REL_CTX001_PHENOTYPE_SUPPORT;REL_CTX001_RECIPIENT_DONOR_INDEPENDENCE;REL_CTX001_SAMPLE_QC;REL_CTX001_SENSITIVITY_STABILITY;REL_CTX001_STUDY_INDEPENDENCE,EXP001-C4,data/metadata/skinexo_response_components.csv;reports/EXP001_C4_pathway_analysis.md
CTX001,P,P029,POSITIVE,2.3578729236959024,0.0,GOBP_MEIOTIC_CELL_CYCLE_PROCESS,ACTIVE_POSITIVE,1,1,TRANSCRIPTOME,,NOT_APPLICABLE,REL_CTX001_ANNOTATION_CERTAINTY;REL_CTX001_BATCH_ADJUSTMENT;REL_CTX001_CONTROL_CERTAINTY;REL_CTX001_CROSS_CONTEXT_REPLICATION;REL_CTX001_EV_PREPARATION_INDEPENDENCE;REL_CTX001_MODEL_DIAGNOSTICS;REL_CTX001_PAIRING_CERTAINTY;REL_CTX001_PATHWAY_EVIDENCE;REL_CTX001_PHENOTYPE_SUPPORT;REL_CTX001_RECIPIENT_DONOR_INDEPENDENCE;REL_CTX001_SAMPLE_QC;REL_CTX001_SENSITIVITY_STABILITY;REL_CTX001_STUDY_INDEPENDENCE,EXP001-C4,data/metadata/skinexo_response_components.csv;reports/EXP001_C4_pathway_analysis.md
CTX001,P,P030,POSITIVE,2.0974847101832346,6.312774571814143e-05,GOBP_MEIOTIC_SPINDLE_ORGANIZATION,ACTIVE_POSITIVE,1,1,TRANSCRIPTOME,,NOT_APPLICABLE,REL_CTX001_ANNOTATION_CERTAINTY;REL_CTX001_BATCH_ADJUSTMENT;REL_CTX001_CONTROL_CERTAINTY;REL_CTX001_CROSS_CONTEXT_REPLICATION;REL_CTX001_EV_PREPARATION_INDEPENDENCE;REL_CTX001_MODEL_DIAGNOSTICS;REL_CTX001_PAIRING_CERTAINTY;REL_CTX001_PATHWAY_EVIDENCE;REL_CTX001_PHENOTYPE_SUPPORT;REL_CTX001_RECIPIENT_DONOR_INDEPENDENCE;REL_CTX001_SAMPLE_QC;REL_CTX001_SENSITIVITY_STABILITY;REL_CTX001_STUDY_INDEPENDENCE,EXP001-C4,data/metadata/skinexo_response_components.csv;reports/EXP001_C4_pathway_analysis.md
CTX001,P,P031,INACTIVE,-1.4999732643684425,0.1306681546323987,GOBP_MESENCHYMAL_CELL_PROLIFERATION,OBSERVED_NULL,1,0,TRANSCRIPTOME,,NOT_APPLICABLE,REL_CTX001_ANNOTATION_CERTAINTY;REL_CTX001_BATCH_ADJUSTMENT;REL_CTX001_CONTROL_CERTAINTY;REL_CTX001_CROSS_CONTEXT_REPLICATION;REL_CTX001_EV_PREPARATION_INDEPENDENCE;REL_CTX001_MODEL_DIAGNOSTICS;REL_CTX001_PAIRING_CERTAINTY;REL_CTX001_PATHWAY_EVIDENCE;REL_CTX001_PHENOTYPE_SUPPORT;REL_CTX001_RECIPIENT_DONOR_INDEPENDENCE;REL_CTX001_SAMPLE_QC;REL_CTX001_SENSITIVITY_STABILITY;REL_CTX001_STUDY_INDEPENDENCE,EXP001-C4,data/metadata/skinexo_response_components.csv;reports/EXP001_C4_pathway_analysis.md
CTX001,P,P032,POSITIVE,1.683152871680936,0.0212291132181813,GOBP_MITOCHONDRIAL_DNA_REPLICATION,ACTIVE_POSITIVE,1,1,TRANSCRIPTOME,,NOT_APPLICABLE,REL_CTX001_ANNOTATION_CERTAINTY;REL_CTX001_BATCH_ADJUSTMENT;REL_CTX001_CONTROL_CERTAINTY;REL_CTX001_CROSS_CONTEXT_REPLICATION;REL_CTX001_EV_PREPARATION_INDEPENDENCE;REL_CTX001_MODEL_DIAGNOSTICS;REL_CTX001_PAIRING_CERTAINTY;REL_CTX001_PATHWAY_EVIDENCE;REL_CTX001_PHENOTYPE_SUPPORT;REL_CTX001_RECIPIENT_DONOR_INDEPENDENCE;REL_CTX001_SAMPLE_QC;REL_CTX001_SENSITIVITY_STABILITY;REL_CTX001_STUDY_INDEPENDENCE,EXP001-C4,data/metadata/skinexo_response_components.csv;reports/EXP001_C4_pathway_analysis.md
CTX001,P,P033,POSITIVE,2.100049003058009,5.4986947621670686e-05,GOBP_MITOTIC_CHROMOSOME_CONDENSATION,ACTIVE_POSITIVE,1,1,TRANSCRIPTOME,,NOT_APPLICABLE,REL_CTX001_ANNOTATION_CERTAINTY;REL_CTX001_BATCH_ADJUSTMENT;REL_CTX001_CONTROL_CERTAINTY;REL_CTX001_CROSS_CONTEXT_REPLICATION;REL_CTX001_EV_PREPARATION_INDEPENDENCE;REL_CTX001_MODEL_DIAGNOSTICS;REL_CTX001_PAIRING_CERTAINTY;REL_CTX001_PATHWAY_EVIDENCE;REL_CTX001_PHENOTYPE_SUPPORT;REL_CTX001_RECIPIENT_DONOR_INDEPENDENCE;REL_CTX001_SAMPLE_QC;REL_CTX001_SENSITIVITY_STABILITY;REL_CTX001_STUDY_INDEPENDENCE,EXP001-C4,data/metadata/skinexo_response_components.csv;reports/EXP001_C4_pathway_analysis.md
CTX001,P,P034,POSITIVE,1.9586316964450443,0.000788932254882,GOBP_MITOTIC_CYTOKINETIC_PROCESS,ACTIVE_POSITIVE,1,1,TRANSCRIPTOME,,NOT_APPLICABLE,REL_CTX001_ANNOTATION_CERTAINTY;REL_CTX001_BATCH_ADJUSTMENT;REL_CTX001_CONTROL_CERTAINTY;REL_CTX001_CROSS_CONTEXT_REPLICATION;REL_CTX001_EV_PREPARATION_INDEPENDENCE;REL_CTX001_MODEL_DIAGNOSTICS;REL_CTX001_PAIRING_CERTAINTY;REL_CTX001_PATHWAY_EVIDENCE;REL_CTX001_PHENOTYPE_SUPPORT;REL_CTX001_RECIPIENT_DONOR_INDEPENDENCE;REL_CTX001_SAMPLE_QC;REL_CTX001_SENSITIVITY_STABILITY;REL_CTX001_STUDY_INDEPENDENCE,EXP001-C4,data/metadata/skinexo_response_components.csv;reports/EXP001_C4_pathway_analysis.md
CTX001,P,P035,POSITIVE,2.1451343150602846,2.717036674681912e-05,GOBP_MITOTIC_DNA_REPLICATION,ACTIVE_POSITIVE,1,1,TRANSCRIPTOME,,NOT_APPLICABLE,REL_CTX001_ANNOTATION_CERTAINTY;REL_CTX001_BATCH_ADJUSTMENT;REL_CTX001_CONTROL_CERTAINTY;REL_CTX001_CROSS_CONTEXT_REPLICATION;REL_CTX001_EV_PREPARATION_INDEPENDENCE;REL_CTX001_MODEL_DIAGNOSTICS;REL_CTX001_PAIRING_CERTAINTY;REL_CTX001_PATHWAY_EVIDENCE;REL_CTX001_PHENOTYPE_SUPPORT;REL_CTX001_RECIPIENT_DONOR_INDEPENDENCE;REL_CTX001_SAMPLE_QC;REL_CTX001_SENSITIVITY_STABILITY;REL_CTX001_STUDY_INDEPENDENCE,EXP001-C4,data/metadata/skinexo_response_components.csv;reports/EXP001_C4_pathway_analysis.md
CTX001,P,P036,INACTIVE,1.19732557012693,0.3392388759750891,GOBP_MITOTIC_G1_S_TRANSITION_CHECKPOINT_SIGNALING,OBSERVED_NULL,1,0,TRANSCRIPTOME,,NOT_APPLICABLE,REL_CTX001_ANNOTATION_CERTAINTY;REL_CTX001_BATCH_ADJUSTMENT;REL_CTX001_CONTROL_CERTAINTY;REL_CTX001_CROSS_CONTEXT_REPLICATION;REL_CTX001_EV_PREPARATION_INDEPENDENCE;REL_CTX001_MODEL_DIAGNOSTICS;REL_CTX001_PAIRING_CERTAINTY;REL_CTX001_PATHWAY_EVIDENCE;REL_CTX001_PHENOTYPE_SUPPORT;REL_CTX001_RECIPIENT_DONOR_INDEPENDENCE;REL_CTX001_SAMPLE_QC;REL_CTX001_SENSITIVITY_STABILITY;REL_CTX001_STUDY_INDEPENDENCE,EXP001-C4,data/metadata/skinexo_response_components.csv;reports/EXP001_C4_pathway_analysis.md
CTX001,P,P037,POSITIVE,1.8441072116807944,0.0038855625664765,GOBP_MITOTIC_INTRA_S_DNA_DAMAGE_CHECKPOINT_SIGNALING,ACTIVE_POSITIVE,1,1,TRANSCRIPTOME,,NOT_APPLICABLE,REL_CTX001_ANNOTATION_CERTAINTY;REL_CTX001_BATCH_ADJUSTMENT;REL_CTX001_CONTROL_CERTAINTY;REL_CTX001_CROSS_CONTEXT_REPLICATION;REL_CTX001_EV_PREPARATION_INDEPENDENCE;REL_CTX001_MODEL_DIAGNOSTICS;REL_CTX001_PAIRING_CERTAINTY;REL_CTX001_PATHWAY_EVIDENCE;REL_CTX001_PHENOTYPE_SUPPORT;REL_CTX001_RECIPIENT_DONOR_INDEPENDENCE;REL_CTX001_SAMPLE_QC;REL_CTX001_SENSITIVITY_STABILITY;REL_CTX001_STUDY_INDEPENDENCE,EXP001-C4,data/metadata/skinexo_response_components.csv;reports/EXP001_C4_pathway_analysis.md
CTX001,P,P038,POSITIVE,2.6052818223401184,0.0,GOBP_MITOTIC_METAPHASE_CHROMOSOME_ALIGNMENT,ACTIVE_POSITIVE,1,1,TRANSCRIPTOME,,NOT_APPLICABLE,REL_CTX001_ANNOTATION_CERTAINTY;REL_CTX001_BATCH_ADJUSTMENT;REL_CTX001_CONTROL_CERTAINTY;REL_CTX001_CROSS_CONTEXT_REPLICATION;REL_CTX001_EV_PREPARATION_INDEPENDENCE;REL_CTX001_MODEL_DIAGNOSTICS;REL_CTX001_PAIRING_CERTAINTY;REL_CTX001_PATHWAY_EVIDENCE;REL_CTX001_PHENOTYPE_SUPPORT;REL_CTX001_RECIPIENT_DONOR_INDEPENDENCE;REL_CTX001_SAMPLE_QC;REL_CTX001_SENSITIVITY_STABILITY;REL_CTX001_STUDY_INDEPENDENCE,EXP001-C4,data/metadata/skinexo_response_components.csv;reports/EXP001_C4_pathway_analysis.md
CTX001,P,P039,POSITIVE,1.90308357451332,0.0018088195747627,GOBP_MITOTIC_RECOMBINATION,ACTIVE_POSITIVE,1,1,TRANSCRIPTOME,,NOT_APPLICABLE,REL_CTX001_ANNOTATION_CERTAINTY;REL_CTX001_BATCH_ADJUSTMENT;REL_CTX001_CONTROL_CERTAINTY;REL_CTX001_CROSS_CONTEXT_REPLICATION;REL_CTX001_EV_PREPARATION_INDEPENDENCE;REL_CTX001_MODEL_DIAGNOSTICS;REL_CTX001_PAIRING_CERTAINTY;REL_CTX001_PATHWAY_EVIDENCE;REL_CTX001_PHENOTYPE_SUPPORT;REL_CTX001_RECIPIENT_DONOR_INDEPENDENCE;REL_CTX001_SAMPLE_QC;REL_CTX001_SENSITIVITY_STABILITY;REL_CTX001_STUDY_INDEPENDENCE,EXP001-C4,data/metadata/skinexo_response_components.csv;reports/EXP001_C4_pathway_analysis.md
CTX001,P,P040,POSITIVE,2.0258560752711814,0.0002288081504094,GOBP_MITOTIC_SISTER_CHROMATID_COHESION,ACTIVE_POSITIVE,1,1,TRANSCRIPTOME,,NOT_APPLICABLE,REL_CTX001_ANNOTATION_CERTAINTY;REL_CTX001_BATCH_ADJUSTMENT;REL_CTX001_CONTROL_CERTAINTY;REL_CTX001_CROSS_CONTEXT_REPLICATION;REL_CTX001_EV_PREPARATION_INDEPENDENCE;REL_CTX001_MODEL_DIAGNOSTICS;REL_CTX001_PAIRING_CERTAINTY;REL_CTX001_PATHWAY_EVIDENCE;REL_CTX001_PHENOTYPE_SUPPORT;REL_CTX001_RECIPIENT_DONOR_INDEPENDENCE;REL_CTX001_SAMPLE_QC;REL_CTX001_SENSITIVITY_STABILITY;REL_CTX001_STUDY_INDEPENDENCE,EXP001-C4,data/metadata/skinexo_response_components.csv;reports/EXP001_C4_pathway_analysis.md
CTX001,P,P041,POSITIVE,2.663714064556664,0.0,GOBP_MITOTIC_SISTER_CHROMATID_SEPARATION,ACTIVE_POSITIVE,1,1,TRANSCRIPTOME,,NOT_APPLICABLE,REL_CTX001_ANNOTATION_CERTAINTY;REL_CTX001_BATCH_ADJUSTMENT;REL_CTX001_CONTROL_CERTAINTY;REL_CTX001_CROSS_CONTEXT_REPLICATION;REL_CTX001_EV_PREPARATION_INDEPENDENCE;REL_CTX001_MODEL_DIAGNOSTICS;REL_CTX001_PAIRING_CERTAINTY;REL_CTX001_PATHWAY_EVIDENCE;REL_CTX001_PHENOTYPE_SUPPORT;REL_CTX001_RECIPIENT_DONOR_INDEPENDENCE;REL_CTX001_SAMPLE_QC;REL_CTX001_SENSITIVITY_STABILITY;REL_CTX001_STUDY_INDEPENDENCE,EXP001-C4,data/metadata/skinexo_response_components.csv;reports/EXP001_C4_pathway_analysis.md
CTX001,P,P042,POSITIVE,2.302425772039846,0.0,GOBP_MITOTIC_SPINDLE_ORGANIZATION,ACTIVE_POSITIVE,1,1,TRANSCRIPTOME,,NOT_APPLICABLE,REL_CTX001_ANNOTATION_CERTAINTY;REL_CTX001_BATCH_ADJUSTMENT;REL_CTX001_CONTROL_CERTAINTY;REL_CTX001_CROSS_CONTEXT_REPLICATION;REL_CTX001_EV_PREPARATION_INDEPENDENCE;REL_CTX001_MODEL_DIAGNOSTICS;REL_CTX001_PAIRING_CERTAINTY;REL_CTX001_PATHWAY_EVIDENCE;REL_CTX001_PHENOTYPE_SUPPORT;REL_CTX001_RECIPIENT_DONOR_INDEPENDENCE;REL_CTX001_SAMPLE_QC;REL_CTX001_SENSITIVITY_STABILITY;REL_CTX001_STUDY_INDEPENDENCE,EXP001-C4,data/metadata/skinexo_response_components.csv;reports/EXP001_C4_pathway_analysis.md
CTX001,P,P043,NEGATIVE,-2.064832052159359,0.0052387844881563,GOBP_VASCULAR_ASSOCIATED_SMOOTH_MUSCLE_CELL_PROLIFERATION,ACTIVE_NEGATIVE,1,1,TRANSCRIPTOME,,NOT_APPLICABLE,REL_CTX001_ANNOTATION_CERTAINTY;REL_CTX001_BATCH_ADJUSTMENT;REL_CTX001_CONTROL_CERTAINTY;REL_CTX001_CROSS_CONTEXT_REPLICATION;REL_CTX001_EV_PREPARATION_INDEPENDENCE;REL_CTX001_MODEL_DIAGNOSTICS;REL_CTX001_PAIRING_CERTAINTY;REL_CTX001_PATHWAY_EVIDENCE;REL_CTX001_PHENOTYPE_SUPPORT;REL_CTX001_RECIPIENT_DONOR_INDEPENDENCE;REL_CTX001_SAMPLE_QC;REL_CTX001_SENSITIVITY_STABILITY;REL_CTX001_STUDY_INDEPENDENCE,EXP001-C4,data/metadata/skinexo_response_components.csv;reports/EXP001_C4_pathway_analysis.md
CTX001,P,P044,INACTIVE,-0.98583947545401,0.590885936956449,GOBP_NEGATIVE_REGULATION_OF_CELL_CYCLE_G1_S_PHASE_TRANSITION,OBSERVED_NULL,1,0,TRANSCRIPTOME,,NOT_APPLICABLE,REL_CTX001_ANNOTATION_CERTAINTY;REL_CTX001_BATCH_ADJUSTMENT;REL_CTX001_CONTROL_CERTAINTY;REL_CTX001_CROSS_CONTEXT_REPLICATION;REL_CTX001_EV_PREPARATION_INDEPENDENCE;REL_CTX001_MODEL_DIAGNOSTICS;REL_CTX001_PAIRING_CERTAINTY;REL_CTX001_PATHWAY_EVIDENCE;REL_CTX001_PHENOTYPE_SUPPORT;REL_CTX001_RECIPIENT_DONOR_INDEPENDENCE;REL_CTX001_SAMPLE_QC;REL_CTX001_SENSITIVITY_STABILITY;REL_CTX001_STUDY_INDEPENDENCE,EXP001-C4,data/metadata/skinexo_response_components.csv;reports/EXP001_C4_pathway_analysis.md
CTX001,P,P045,POSITIVE,1.9159980694304768,0.0015615810782908,GOBP_NEGATIVE_REGULATION_OF_DNA_REPLICATION,ACTIVE_POSITIVE,1,1,TRANSCRIPTOME,,NOT_APPLICABLE,REL_CTX001_ANNOTATION_CERTAINTY;REL_CTX001_BATCH_ADJUSTMENT;REL_CTX001_CONTROL_CERTAINTY;REL_CTX001_CROSS_CONTEXT_REPLICATION;REL_CTX001_EV_PREPARATION_INDEPENDENCE;REL_CTX001_MODEL_DIAGNOSTICS;REL_CTX001_PAIRING_CERTAINTY;REL_CTX001_PATHWAY_EVIDENCE;REL_CTX001_PHENOTYPE_SUPPORT;REL_CTX001_RECIPIENT_DONOR_INDEPENDENCE;REL_CTX001_SAMPLE_QC;REL_CTX001_SENSITIVITY_STABILITY;REL_CTX001_STUDY_INDEPENDENCE,EXP001-C4,data/metadata/skinexo_response_components.csv;reports/EXP001_C4_pathway_analysis.md
CTX001,P,P046,INACTIVE,-1.2085476960857526,0.3187324204401298,GOBP_NEGATIVE_REGULATION_OF_ENDOTHELIAL_CELL_PROLIFERATION,OBSERVED_NULL,1,0,TRANSCRIPTOME,,NOT_APPLICABLE,REL_CTX001_ANNOTATION_CERTAINTY;REL_CTX001_BATCH_ADJUSTMENT;REL_CTX001_CONTROL_CERTAINTY;REL_CTX001_CROSS_CONTEXT_REPLICATION;REL_CTX001_EV_PREPARATION_INDEPENDENCE;REL_CTX001_MODEL_DIAGNOSTICS;REL_CTX001_PAIRING_CERTAINTY;REL_CTX001_PATHWAY_EVIDENCE;REL_CTX001_PHENOTYPE_SUPPORT;REL_CTX001_RECIPIENT_DONOR_INDEPENDENCE;REL_CTX001_SAMPLE_QC;REL_CTX001_SENSITIVITY_STABILITY;REL_CTX001_STUDY_INDEPENDENCE,EXP001-C4,data/metadata/skinexo_response_components.csv;reports/EXP001_C4_pathway_analysis.md
CTX001,P,P047,INACTIVE,-1.625157828541218,0.0910445141685475,GOBP_NEGATIVE_REGULATION_OF_EPITHELIAL_CELL_PROLIFERATION,OBSERVED_NULL,1,0,TRANSCRIPTOME,,NOT_APPLICABLE,REL_CTX001_ANNOTATION_CERTAINTY;REL_CTX001_BATCH_ADJUSTMENT;REL_CTX001_CONTROL_CERTAINTY;REL_CTX001_CROSS_CONTEXT_REPLICATION;REL_CTX001_EV_PREPARATION_INDEPENDENCE;REL_CTX001_MODEL_DIAGNOSTICS;REL_CTX001_PAIRING_CERTAINTY;REL_CTX001_PATHWAY_EVIDENCE;REL_CTX001_PHENOTYPE_SUPPORT;REL_CTX001_RECIPIENT_DONOR_INDEPENDENCE;REL_CTX001_SAMPLE_QC;REL_CTX001_SENSITIVITY_STABILITY;REL_CTX001_STUDY_INDEPENDENCE,EXP001-C4,data/metadata/skinexo_response_components.csv;reports/EXP001_C4_pathway_analysis.md
CTX001,P,P048,INACTIVE,1.4679131421998444,0.0989067934989615,GOBP_NEGATIVE_REGULATION_OF_MEIOTIC_CELL_CYCLE,OBSERVED_NULL,1,0,TRANSCRIPTOME,,NOT_APPLICABLE,REL_CTX001_ANNOTATION_CERTAINTY;REL_CTX001_BATCH_ADJUSTMENT;REL_CTX001_CONTROL_CERTAINTY;REL_CTX001_CROSS_CONTEXT_REPLICATION;REL_CTX001_EV_PREPARATION_INDEPENDENCE;REL_CTX001_MODEL_DIAGNOSTICS;REL_CTX001_PAIRING_CERTAINTY;REL_CTX001_PATHWAY_EVIDENCE;REL_CTX001_PHENOTYPE_SUPPORT;REL_CTX001_RECIPIENT_DONOR_INDEPENDENCE;REL_CTX001_SAMPLE_QC;REL_CTX001_SENSITIVITY_STABILITY;REL_CTX001_STUDY_INDEPENDENCE,EXP001-C4,data/metadata/skinexo_response_components.csv;reports/EXP001_C4_pathway_analysis.md
CTX001,P,P049,INACTIVE,-1.5340890345929914,0.1170903514195349,GOBP_NEGATIVE_REGULATION_OF_NEURAL_PRECURSOR_CELL_PROLIFERATION,OBSERVED_NULL,1,0,TRANSCRIPTOME,,NOT_APPLICABLE,REL_CTX001_ANNOTATION_CERTAINTY;REL_CTX001_BATCH_ADJUSTMENT;REL_CTX001_CONTROL_CERTAINTY;REL_CTX001_CROSS_CONTEXT_REPLICATION;REL_CTX001_EV_PREPARATION_INDEPENDENCE;REL_CTX001_MODEL_DIAGNOSTICS;REL_CTX001_PAIRING_CERTAINTY;REL_CTX001_PATHWAY_EVIDENCE;REL_CTX001_PHENOTYPE_SUPPORT;REL_CTX001_RECIPIENT_DONOR_INDEPENDENCE;REL_CTX001_SAMPLE_QC;REL_CTX001_SENSITIVITY_STABILITY;REL_CTX001_STUDY_INDEPENDENCE,EXP001-C4,data/metadata/skinexo_response_components.csv;reports/EXP001_C4_pathway_analysis.md
CTX001,P,P050,NEGATIVE,-1.8649381752256688,0.0333212563987424,GOBP_NEGATIVE_REGULATION_OF_SMOOTH_MUSCLE_CELL_PROLIFERATION,ACTIVE_NEGATIVE,1,1,TRANSCRIPTOME,,NOT_APPLICABLE,REL_CTX001_ANNOTATION_CERTAINTY;REL_CTX001_BATCH_ADJUSTMENT;REL_CTX001_CONTROL_CERTAINTY;REL_CTX001_CROSS_CONTEXT_REPLICATION;REL_CTX001_EV_PREPARATION_INDEPENDENCE;REL_CTX001_MODEL_DIAGNOSTICS;REL_CTX001_PAIRING_CERTAINTY;REL_CTX001_PATHWAY_EVIDENCE;REL_CTX001_PHENOTYPE_SUPPORT;REL_CTX001_RECIPIENT_DONOR_INDEPENDENCE;REL_CTX001_SAMPLE_QC;REL_CTX001_SENSITIVITY_STABILITY;REL_CTX001_STUDY_INDEPENDENCE,EXP001-C4,data/metadata/skinexo_response_components.csv;reports/EXP001_C4_pathway_analysis.md
CTX001,P,P051,INACTIVE,-1.5302300090802907,0.119386077613429,GOBP_NEGATIVE_REGULATION_OF_T_CELL_PROLIFERATION,OBSERVED_NULL,1,0,TRANSCRIPTOME,,NOT_APPLICABLE,REL_CTX001_ANNOTATION_CERTAINTY;REL_CTX001_BATCH_ADJUSTMENT;REL_CTX001_CONTROL_CERTAINTY;REL_CTX001_CROSS_CONTEXT_REPLICATION;REL_CTX001_EV_PREPARATION_INDEPENDENCE;REL_CTX001_MODEL_DIAGNOSTICS;REL_CTX001_PAIRING_CERTAINTY;REL_CTX001_PATHWAY_EVIDENCE;REL_CTX001_PHENOTYPE_SUPPORT;REL_CTX001_RECIPIENT_DONOR_INDEPENDENCE;REL_CTX001_SAMPLE_QC;REL_CTX001_SENSITIVITY_STABILITY;REL_CTX001_STUDY_INDEPENDENCE,EXP001-C4,data/metadata/skinexo_response_components.csv;reports/EXP001_C4_pathway_analysis.md
CTX001,P,P052,INACTIVE,1.5019025993776485,0.0810919294074707,GOBP_POSITIVE_REGULATION_OF_NEURAL_PRECURSOR_CELL_PROLIFERATION,OBSERVED_NULL,1,0,TRANSCRIPTOME,,NOT_APPLICABLE,REL_CTX001_ANNOTATION_CERTAINTY;REL_CTX001_BATCH_ADJUSTMENT;REL_CTX001_CONTROL_CERTAINTY;REL_CTX001_CROSS_CONTEXT_REPLICATION;REL_CTX001_EV_PREPARATION_INDEPENDENCE;REL_CTX001_MODEL_DIAGNOSTICS;REL_CTX001_PAIRING_CERTAINTY;REL_CTX001_PATHWAY_EVIDENCE;REL_CTX001_PHENOTYPE_SUPPORT;REL_CTX001_RECIPIENT_DONOR_INDEPENDENCE;REL_CTX001_SAMPLE_QC;REL_CTX001_SENSITIVITY_STABILITY;REL_CTX001_STUDY_INDEPENDENCE,EXP001-C4,data/metadata/skinexo_response_components.csv;reports/EXP001_C4_pathway_analysis.md
CTX001,P,P053,POSITIVE,2.4286126170530764,0.0,GOBP_POSITIVE_REGULATION_OF_CELL_CYCLE_PROCESS,ACTIVE_POSITIVE,1,1,TRANSCRIPTOME,,NOT_APPLICABLE,REL_CTX001_ANNOTATION_CERTAINTY;REL_CTX001_BATCH_ADJUSTMENT;REL_CTX001_CONTROL_CERTAINTY;REL_CTX001_CROSS_CONTEXT_REPLICATION;REL_CTX001_EV_PREPARATION_INDEPENDENCE;REL_CTX001_MODEL_DIAGNOSTICS;REL_CTX001_PAIRING_CERTAINTY;REL_CTX001_PATHWAY_EVIDENCE;REL_CTX001_PHENOTYPE_SUPPORT;REL_CTX001_RECIPIENT_DONOR_INDEPENDENCE;REL_CTX001_SAMPLE_QC;REL_CTX001_SENSITIVITY_STABILITY;REL_CTX001_STUDY_INDEPENDENCE,EXP001-C4,data/metadata/skinexo_response_components.csv;reports/EXP001_C4_pathway_analysis.md
CTX001,P,P054,POSITIVE,2.2225991843816773,7.436100372813652e-06,GOBP_POSITIVE_REGULATION_OF_CELL_CYCLE_PHASE_TRANSITION,ACTIVE_POSITIVE,1,1,TRANSCRIPTOME,,NOT_APPLICABLE,REL_CTX001_ANNOTATION_CERTAINTY;REL_CTX001_BATCH_ADJUSTMENT;REL_CTX001_CONTROL_CERTAINTY;REL_CTX001_CROSS_CONTEXT_REPLICATION;REL_CTX001_EV_PREPARATION_INDEPENDENCE;REL_CTX001_MODEL_DIAGNOSTICS;REL_CTX001_PAIRING_CERTAINTY;REL_CTX001_PATHWAY_EVIDENCE;REL_CTX001_PHENOTYPE_SUPPORT;REL_CTX001_RECIPIENT_DONOR_INDEPENDENCE;REL_CTX001_SAMPLE_QC;REL_CTX001_SENSITIVITY_STABILITY;REL_CTX001_STUDY_INDEPENDENCE,EXP001-C4,data/metadata/skinexo_response_components.csv;reports/EXP001_C4_pathway_analysis.md
CTX001,P,P055,POSITIVE,2.14558247105187,2.734565943550827e-05,GOBP_POSITIVE_REGULATION_OF_CELL_CYCLE_G2_M_PHASE_TRANSITION,ACTIVE_POSITIVE,1,1,TRANSCRIPTOME,,NOT_APPLICABLE,REL_CTX001_ANNOTATION_CERTAINTY;REL_CTX001_BATCH_ADJUSTMENT;REL_CTX001_CONTROL_CERTAINTY;REL_CTX001_CROSS_CONTEXT_REPLICATION;REL_CTX001_EV_PREPARATION_INDEPENDENCE;REL_CTX001_MODEL_DIAGNOSTICS;REL_CTX001_PAIRING_CERTAINTY;REL_CTX001_PATHWAY_EVIDENCE;REL_CTX001_PHENOTYPE_SUPPORT;REL_CTX001_RECIPIENT_DONOR_INDEPENDENCE;REL_CTX001_SAMPLE_QC;REL_CTX001_SENSITIVITY_STABILITY;REL_CTX001_STUDY_INDEPENDENCE,EXP001-C4,data/metadata/skinexo_response_components.csv;reports/EXP001_C4_pathway_analysis.md
CTX001,P,P056,POSITIVE,2.421353018046161,0.0,GOBP_POSITIVE_REGULATION_OF_CHROMOSOME_SEGREGATION,ACTIVE_POSITIVE,1,1,TRANSCRIPTOME,,NOT_APPLICABLE,REL_CTX001_ANNOTATION_CERTAINTY;REL_CTX001_BATCH_ADJUSTMENT;REL_CTX001_CONTROL_CERTAINTY;REL_CTX001_CROSS_CONTEXT_REPLICATION;REL_CTX001_EV_PREPARATION_INDEPENDENCE;REL_CTX001_MODEL_DIAGNOSTICS;REL_CTX001_PAIRING_CERTAINTY;REL_CTX001_PATHWAY_EVIDENCE;REL_CTX001_PHENOTYPE_SUPPORT;REL_CTX001_RECIPIENT_DONOR_INDEPENDENCE;REL_CTX001_SAMPLE_QC;REL_CTX001_SENSITIVITY_STABILITY;REL_CTX001_STUDY_INDEPENDENCE,EXP001-C4,data/metadata/skinexo_response_components.csv;reports/EXP001_C4_pathway_analysis.md
CTX001,P,P057,POSITIVE,2.225404890334451,7.637076058565372e-06,GOBP_POSITIVE_REGULATION_OF_CYTOKINESIS,ACTIVE_POSITIVE,1,1,TRANSCRIPTOME,,NOT_APPLICABLE,REL_CTX001_ANNOTATION_CERTAINTY;REL_CTX001_BATCH_ADJUSTMENT;REL_CTX001_CONTROL_CERTAINTY;REL_CTX001_CROSS_CONTEXT_REPLICATION;REL_CTX001_EV_PREPARATION_INDEPENDENCE;REL_CTX001_MODEL_DIAGNOSTICS;REL_CTX001_PAIRING_CERTAINTY;REL_CTX001_PATHWAY_EVIDENCE;REL_CTX001_PHENOTYPE_SUPPORT;REL_CTX001_RECIPIENT_DONOR_INDEPENDENCE;REL_CTX001_SAMPLE_QC;REL_CTX001_SENSITIVITY_STABILITY;REL_CTX001_STUDY_INDEPENDENCE,EXP001-C4,data/metadata/skinexo_response_components.csv;reports/EXP001_C4_pathway_analysis.md
CTX001,P,P058,POSITIVE,1.9418094869418443,0.0009894936349747,GOBP_POSITIVE_REGULATION_OF_DNA_REPLICATION,ACTIVE_POSITIVE,1,1,TRANSCRIPTOME,,NOT_APPLICABLE,REL_CTX001_ANNOTATION_CERTAINTY;REL_CTX001_BATCH_ADJUSTMENT;REL_CTX001_CONTROL_CERTAINTY;REL_CTX001_CROSS_CONTEXT_REPLICATION;REL_CTX001_EV_PREPARATION_INDEPENDENCE;REL_CTX001_MODEL_DIAGNOSTICS;REL_CTX001_PAIRING_CERTAINTY;REL_CTX001_PATHWAY_EVIDENCE;REL_CTX001_PHENOTYPE_SUPPORT;REL_CTX001_RECIPIENT_DONOR_INDEPENDENCE;REL_CTX001_SAMPLE_QC;REL_CTX001_SENSITIVITY_STABILITY;REL_CTX001_STUDY_INDEPENDENCE,EXP001-C4,data/metadata/skinexo_response_components.csv;reports/EXP001_C4_pathway_analysis.md
CTX001,P,P059,INACTIVE,-0.8768605075877696,0.7641630356516066,GOBP_POSITIVE_REGULATION_OF_MEIOTIC_CELL_CYCLE,OBSERVED_NULL,1,0,TRANSCRIPTOME,,NOT_APPLICABLE,REL_CTX001_ANNOTATION_CERTAINTY;REL_CTX001_BATCH_ADJUSTMENT;REL_CTX001_CONTROL_CERTAINTY;REL_CTX001_CROSS_CONTEXT_REPLICATION;REL_CTX001_EV_PREPARATION_INDEPENDENCE;REL_CTX001_MODEL_DIAGNOSTICS;REL_CTX001_PAIRING_CERTAINTY;REL_CTX001_PATHWAY_EVIDENCE;REL_CTX001_PHENOTYPE_SUPPORT;REL_CTX001_RECIPIENT_DONOR_INDEPENDENCE;REL_CTX001_SAMPLE_QC;REL_CTX001_SENSITIVITY_STABILITY;REL_CTX001_STUDY_INDEPENDENCE,EXP001-C4,data/metadata/skinexo_response_components.csv;reports/EXP001_C4_pathway_analysis.md
CTX001,P,P060,POSITIVE,2.3864368818249777,0.0,GOBP_POSITIVE_REGULATION_OF_MITOTIC_SISTER_CHROMATID_SEPARATION,ACTIVE_POSITIVE,1,1,TRANSCRIPTOME,,NOT_APPLICABLE,REL_CTX001_ANNOTATION_CERTAINTY;REL_CTX001_BATCH_ADJUSTMENT;REL_CTX001_CONTROL_CERTAINTY;REL_CTX001_CROSS_CONTEXT_REPLICATION;REL_CTX001_EV_PREPARATION_INDEPENDENCE;REL_CTX001_MODEL_DIAGNOSTICS;REL_CTX001_PAIRING_CERTAINTY;REL_CTX001_PATHWAY_EVIDENCE;REL_CTX001_PHENOTYPE_SUPPORT;REL_CTX001_RECIPIENT_DONOR_INDEPENDENCE;REL_CTX001_SAMPLE_QC;REL_CTX001_SENSITIVITY_STABILITY;REL_CTX001_STUDY_INDEPENDENCE,EXP001-C4,data/metadata/skinexo_response_components.csv;reports/EXP001_C4_pathway_analysis.md
CTX001,P,P061,POSITIVE,1.83202207942474,0.0045425200042127,GOBP_POSITIVE_REGULATION_OF_MITOTIC_NUCLEAR_DIVISION,ACTIVE_POSITIVE,1,1,TRANSCRIPTOME,,NOT_APPLICABLE,REL_CTX001_ANNOTATION_CERTAINTY;REL_CTX001_BATCH_ADJUSTMENT;REL_CTX001_CONTROL_CERTAINTY;REL_CTX001_CROSS_CONTEXT_REPLICATION;REL_CTX001_EV_PREPARATION_INDEPENDENCE;REL_CTX001_MODEL_DIAGNOSTICS;REL_CTX001_PAIRING_CERTAINTY;REL_CTX001_PATHWAY_EVIDENCE;REL_CTX001_PHENOTYPE_SUPPORT;REL_CTX001_RECIPIENT_DONOR_INDEPENDENCE;REL_CTX001_SAMPLE_QC;REL_CTX001_SENSITIVITY_STABILITY;REL_CTX001_STUDY_INDEPENDENCE,EXP001-C4,data/metadata/skinexo_response_components.csv;reports/EXP001_C4_pathway_analysis.md
CTX001,P,P062,INACTIVE,1.283230294303337,0.2467165906359608,GOBP_REGULATION_OF_STEM_CELL_PROLIFERATION,OBSERVED_NULL,1,0,TRANSCRIPTOME,,NOT_APPLICABLE,REL_CTX001_ANNOTATION_CERTAINTY;REL_CTX001_BATCH_ADJUSTMENT;REL_CTX001_CONTROL_CERTAINTY;REL_CTX001_CROSS_CONTEXT_REPLICATION;REL_CTX001_EV_PREPARATION_INDEPENDENCE;REL_CTX001_MODEL_DIAGNOSTICS;REL_CTX001_PAIRING_CERTAINTY;REL_CTX001_PATHWAY_EVIDENCE;REL_CTX001_PHENOTYPE_SUPPORT;REL_CTX001_RECIPIENT_DONOR_INDEPENDENCE;REL_CTX001_SAMPLE_QC;REL_CTX001_SENSITIVITY_STABILITY;REL_CTX001_STUDY_INDEPENDENCE,EXP001-C4,data/metadata/skinexo_response_components.csv;reports/EXP001_C4_pathway_analysis.md
CTX001,P,P063,INACTIVE,-0.9052040329333698,0.7204903670637827,GOBP_POSITIVE_REGULATION_OF_T_CELL_PROLIFERATION,OBSERVED_NULL,1,0,TRANSCRIPTOME,,NOT_APPLICABLE,REL_CTX001_ANNOTATION_CERTAINTY;REL_CTX001_BATCH_ADJUSTMENT;REL_CTX001_CONTROL_CERTAINTY;REL_CTX001_CROSS_CONTEXT_REPLICATION;REL_CTX001_EV_PREPARATION_INDEPENDENCE;REL_CTX001_MODEL_DIAGNOSTICS;REL_CTX001_PAIRING_CERTAINTY;REL_CTX001_PATHWAY_EVIDENCE;REL_CTX001_PHENOTYPE_SUPPORT;REL_CTX001_RECIPIENT_DONOR_INDEPENDENCE;REL_CTX001_SAMPLE_QC;REL_CTX001_SENSITIVITY_STABILITY;REL_CTX001_STUDY_INDEPENDENCE,EXP001-C4,data/metadata/skinexo_response_components.csv;reports/EXP001_C4_pathway_analysis.md
CTX001,P,P064,POSITIVE,2.3209608712194005,0.0,GOBP_REGULATION_OF_ATTACHMENT_OF_SPINDLE_MICROTUBULES_TO_KINETOCHORE,ACTIVE_POSITIVE,1,1,TRANSCRIPTOME,,NOT_APPLICABLE,REL_CTX001_ANNOTATION_CERTAINTY;REL_CTX001_BATCH_ADJUSTMENT;REL_CTX001_CONTROL_CERTAINTY;REL_CTX001_CROSS_CONTEXT_REPLICATION;REL_CTX001_EV_PREPARATION_INDEPENDENCE;REL_CTX001_MODEL_DIAGNOSTICS;REL_CTX001_PAIRING_CERTAINTY;REL_CTX001_PATHWAY_EVIDENCE;REL_CTX001_PHENOTYPE_SUPPORT;REL_CTX001_RECIPIENT_DONOR_INDEPENDENCE;REL_CTX001_SAMPLE_QC;REL_CTX001_SENSITIVITY_STABILITY;REL_CTX001_STUDY_INDEPENDENCE,EXP001-C4,data/metadata/skinexo_response_components.csv;reports/EXP001_C4_pathway_analysis.md
CTX001,P,P065,POSITIVE,2.661477468244324,0.0,GOBP_REGULATION_OF_CHROMOSOME_SEGREGATION,ACTIVE_POSITIVE,1,1,TRANSCRIPTOME,,NOT_APPLICABLE,REL_CTX001_ANNOTATION_CERTAINTY;REL_CTX001_BATCH_ADJUSTMENT;REL_CTX001_CONTROL_CERTAINTY;REL_CTX001_CROSS_CONTEXT_REPLICATION;REL_CTX001_EV_PREPARATION_INDEPENDENCE;REL_CTX001_MODEL_DIAGNOSTICS;REL_CTX001_PAIRING_CERTAINTY;REL_CTX001_PATHWAY_EVIDENCE;REL_CTX001_PHENOTYPE_SUPPORT;REL_CTX001_RECIPIENT_DONOR_INDEPENDENCE;REL_CTX001_SAMPLE_QC;REL_CTX001_SENSITIVITY_STABILITY;REL_CTX001_STUDY_INDEPENDENCE,EXP001-C4,data/metadata/skinexo_response_components.csv;reports/EXP001_C4_pathway_analysis.md
CTX001,P,P066,POSITIVE,2.305482849962357,0.0,GOBP_REGULATION_OF_DNA_REPLICATION,ACTIVE_POSITIVE,1,1,TRANSCRIPTOME,,NOT_APPLICABLE,REL_CTX001_ANNOTATION_CERTAINTY;REL_CTX001_BATCH_ADJUSTMENT;REL_CTX001_CONTROL_CERTAINTY;REL_CTX001_CROSS_CONTEXT_REPLICATION;REL_CTX001_EV_PREPARATION_INDEPENDENCE;REL_CTX001_MODEL_DIAGNOSTICS;REL_CTX001_PAIRING_CERTAINTY;REL_CTX001_PATHWAY_EVIDENCE;REL_CTX001_PHENOTYPE_SUPPORT;REL_CTX001_RECIPIENT_DONOR_INDEPENDENCE;REL_CTX001_SAMPLE_QC;REL_CTX001_SENSITIVITY_STABILITY;REL_CTX001_STUDY_INDEPENDENCE,EXP001-C4,data/metadata/skinexo_response_components.csv;reports/EXP001_C4_pathway_analysis.md
CTX001,P,P067,POSITIVE,2.243762119060357,7.997315495290154e-06,GOBP_REGULATION_OF_DNA_TEMPLATED_DNA_REPLICATION,ACTIVE_POSITIVE,1,1,TRANSCRIPTOME,,NOT_APPLICABLE,REL_CTX001_ANNOTATION_CERTAINTY;REL_CTX001_BATCH_ADJUSTMENT;REL_CTX001_CONTROL_CERTAINTY;REL_CTX001_CROSS_CONTEXT_REPLICATION;REL_CTX001_EV_PREPARATION_INDEPENDENCE;REL_CTX001_MODEL_DIAGNOSTICS;REL_CTX001_PAIRING_CERTAINTY;REL_CTX001_PATHWAY_EVIDENCE;REL_CTX001_PHENOTYPE_SUPPORT;REL_CTX001_RECIPIENT_DONOR_INDEPENDENCE;REL_CTX001_SAMPLE_QC;REL_CTX001_SENSITIVITY_STABILITY;REL_CTX001_STUDY_INDEPENDENCE,EXP001-C4,data/metadata/skinexo_response_components.csv;reports/EXP001_C4_pathway_analysis.md
CTX001,P,P068,POSITIVE,2.176443054794052,1.284417337122358e-05,GOBP_REGULATION_OF_DNA_TEMPLATED_DNA_REPLICATION_INITIATION,ACTIVE_POSITIVE,1,1,TRANSCRIPTOME,,NOT_APPLICABLE,REL_CTX001_ANNOTATION_CERTAINTY;REL_CTX001_BATCH_ADJUSTMENT;REL_CTX001_CONTROL_CERTAINTY;REL_CTX001_CROSS_CONTEXT_REPLICATION;REL_CTX001_EV_PREPARATION_INDEPENDENCE;REL_CTX001_MODEL_DIAGNOSTICS;REL_CTX001_PAIRING_CERTAINTY;REL_CTX001_PATHWAY_EVIDENCE;REL_CTX001_PHENOTYPE_SUPPORT;REL_CTX001_RECIPIENT_DONOR_INDEPENDENCE;REL_CTX001_SAMPLE_QC;REL_CTX001_SENSITIVITY_STABILITY;REL_CTX001_STUDY_INDEPENDENCE,EXP001-C4,data/metadata/skinexo_response_components.csv;reports/EXP001_C4_pathway_analysis.md
CTX001,P,P069,INACTIVE,1.5412407554904564,0.0634473621930953,GOBP_REGULATION_OF_MEIOTIC_CELL_CYCLE,OBSERVED_NULL,1,0,TRANSCRIPTOME,,NOT_APPLICABLE,REL_CTX001_ANNOTATION_CERTAINTY;REL_CTX001_BATCH_ADJUSTMENT;REL_CTX001_CONTROL_CERTAINTY;REL_CTX001_CROSS_CONTEXT_REPLICATION;REL_CTX001_EV_PREPARATION_INDEPENDENCE;REL_CTX001_MODEL_DIAGNOSTICS;REL_CTX001_PAIRING_CERTAINTY;REL_CTX001_PATHWAY_EVIDENCE;REL_CTX001_PHENOTYPE_SUPPORT;REL_CTX001_RECIPIENT_DONOR_INDEPENDENCE;REL_CTX001_SAMPLE_QC;REL_CTX001_SENSITIVITY_STABILITY;REL_CTX001_STUDY_INDEPENDENCE,EXP001-C4,data/metadata/skinexo_response_components.csv;reports/EXP001_C4_pathway_analysis.md
CTX001,P,P070,POSITIVE,1.947018831588604,0.0009163684536891,GOBP_REGULATION_OF_MITOTIC_CYTOKINESIS,ACTIVE_POSITIVE,1,1,TRANSCRIPTOME,,NOT_APPLICABLE,REL_CTX001_ANNOTATION_CERTAINTY;REL_CTX001_BATCH_ADJUSTMENT;REL_CTX001_CONTROL_CERTAINTY;REL_CTX001_CROSS_CONTEXT_REPLICATION;REL_CTX001_EV_PREPARATION_INDEPENDENCE;REL_CTX001_MODEL_DIAGNOSTICS;REL_CTX001_PAIRING_CERTAINTY;REL_CTX001_PATHWAY_EVIDENCE;REL_CTX001_PHENOTYPE_SUPPORT;REL_CTX001_RECIPIENT_DONOR_INDEPENDENCE;REL_CTX001_SAMPLE_QC;REL_CTX001_SENSITIVITY_STABILITY;REL_CTX001_STUDY_INDEPENDENCE,EXP001-C4,data/metadata/skinexo_response_components.csv;reports/EXP001_C4_pathway_analysis.md
CTX001,P,P071,POSITIVE,1.5925023591047611,0.043973311953721,GOBP_REGULATION_OF_SPINDLE_ORGANIZATION,ACTIVE_POSITIVE,1,1,TRANSCRIPTOME,,NOT_APPLICABLE,REL_CTX001_ANNOTATION_CERTAINTY;REL_CTX001_BATCH_ADJUSTMENT;REL_CTX001_CONTROL_CERTAINTY;REL_CTX001_CROSS_CONTEXT_REPLICATION;REL_CTX001_EV_PREPARATION_INDEPENDENCE;REL_CTX001_MODEL_DIAGNOSTICS;REL_CTX001_PAIRING_CERTAINTY;REL_CTX001_PATHWAY_EVIDENCE;REL_CTX001_PHENOTYPE_SUPPORT;REL_CTX001_RECIPIENT_DONOR_INDEPENDENCE;REL_CTX001_SAMPLE_QC;REL_CTX001_SENSITIVITY_STABILITY;REL_CTX001_STUDY_INDEPENDENCE,EXP001-C4,data/metadata/skinexo_response_components.csv;reports/EXP001_C4_pathway_analysis.md
CTX001,P,P072,INACTIVE,-1.2591481134390792,0.2731216271016456,GOBP_SKELETAL_MUSCLE_CELL_PROLIFERATION,OBSERVED_NULL,1,0,TRANSCRIPTOME,,NOT_APPLICABLE,REL_CTX001_ANNOTATION_CERTAINTY;REL_CTX001_BATCH_ADJUSTMENT;REL_CTX001_CONTROL_CERTAINTY;REL_CTX001_CROSS_CONTEXT_REPLICATION;REL_CTX001_EV_PREPARATION_INDEPENDENCE;REL_CTX001_MODEL_DIAGNOSTICS;REL_CTX001_PAIRING_CERTAINTY;REL_CTX001_PATHWAY_EVIDENCE;REL_CTX001_PHENOTYPE_SUPPORT;REL_CTX001_RECIPIENT_DONOR_INDEPENDENCE;REL_CTX001_SAMPLE_QC;REL_CTX001_SENSITIVITY_STABILITY;REL_CTX001_STUDY_INDEPENDENCE,EXP001-C4,data/metadata/skinexo_response_components.csv;reports/EXP001_C4_pathway_analysis.md
CTX001,P,P073,INACTIVE,-1.684600466126324,0.0695077080086798,GOBP_TYPE_B_PANCREATIC_CELL_PROLIFERATION,OBSERVED_NULL,1,0,TRANSCRIPTOME,,NOT_APPLICABLE,REL_CTX001_ANNOTATION_CERTAINTY;REL_CTX001_BATCH_ADJUSTMENT;REL_CTX001_CONTROL_CERTAINTY;REL_CTX001_CROSS_CONTEXT_REPLICATION;REL_CTX001_EV_PREPARATION_INDEPENDENCE;REL_CTX001_MODEL_DIAGNOSTICS;REL_CTX001_PAIRING_CERTAINTY;REL_CTX001_PATHWAY_EVIDENCE;REL_CTX001_PHENOTYPE_SUPPORT;REL_CTX001_RECIPIENT_DONOR_INDEPENDENCE;REL_CTX001_SAMPLE_QC;REL_CTX001_SENSITIVITY_STABILITY;REL_CTX001_STUDY_INDEPENDENCE,EXP001-C4,data/metadata/skinexo_response_components.csv;reports/EXP001_C4_pathway_analysis.md
CTX001,P,P074,INACTIVE,-1.4642157609307191,0.1459373005039388,GOBP_T_CELL_PROLIFERATION,OBSERVED_NULL,1,0,TRANSCRIPTOME,,NOT_APPLICABLE,REL_CTX001_ANNOTATION_CERTAINTY;REL_CTX001_BATCH_ADJUSTMENT;REL_CTX001_CONTROL_CERTAINTY;REL_CTX001_CROSS_CONTEXT_REPLICATION;REL_CTX001_EV_PREPARATION_INDEPENDENCE;REL_CTX001_MODEL_DIAGNOSTICS;REL_CTX001_PAIRING_CERTAINTY;REL_CTX001_PATHWAY_EVIDENCE;REL_CTX001_PHENOTYPE_SUPPORT;REL_CTX001_RECIPIENT_DONOR_INDEPENDENCE;REL_CTX001_SAMPLE_QC;REL_CTX001_SENSITIVITY_STABILITY;REL_CTX001_STUDY_INDEPENDENCE,EXP001-C4,data/metadata/skinexo_response_components.csv;reports/EXP001_C4_pathway_analysis.md
CTX001,P,P075,INACTIVE,-1.52663477441888,0.1214872245102917,GOBP_VASCULAR_ENDOTHELIAL_CELL_PROLIFERATION,OBSERVED_NULL,1,0,TRANSCRIPTOME,,NOT_APPLICABLE,REL_CTX001_ANNOTATION_CERTAINTY;REL_CTX001_BATCH_ADJUSTMENT;REL_CTX001_CONTROL_CERTAINTY;REL_CTX001_CROSS_CONTEXT_REPLICATION;REL_CTX001_EV_PREPARATION_INDEPENDENCE;REL_CTX001_MODEL_DIAGNOSTICS;REL_CTX001_PAIRING_CERTAINTY;REL_CTX001_PATHWAY_EVIDENCE;REL_CTX001_PHENOTYPE_SUPPORT;REL_CTX001_RECIPIENT_DONOR_INDEPENDENCE;REL_CTX001_SAMPLE_QC;REL_CTX001_SENSITIVITY_STABILITY;REL_CTX001_STUDY_INDEPENDENCE,EXP001-C4,data/metadata/skinexo_response_components.csv;reports/EXP001_C4_pathway_analysis.md
CTX001,P,P076,POSITIVE,3.1773590469989497,0.0,HALLMARK_E2F_TARGETS,ACTIVE_POSITIVE,1,1,TRANSCRIPTOME,,NOT_APPLICABLE,REL_CTX001_ANNOTATION_CERTAINTY;REL_CTX001_BATCH_ADJUSTMENT;REL_CTX001_CONTROL_CERTAINTY;REL_CTX001_CROSS_CONTEXT_REPLICATION;REL_CTX001_EV_PREPARATION_INDEPENDENCE;REL_CTX001_MODEL_DIAGNOSTICS;REL_CTX001_PAIRING_CERTAINTY;REL_CTX001_PATHWAY_EVIDENCE;REL_CTX001_PHENOTYPE_SUPPORT;REL_CTX001_RECIPIENT_DONOR_INDEPENDENCE;REL_CTX001_SAMPLE_QC;REL_CTX001_SENSITIVITY_STABILITY;REL_CTX001_STUDY_INDEPENDENCE,EXP001-C4,data/metadata/skinexo_response_components.csv;reports/EXP001_C4_pathway_analysis.md
CTX001,P,P077,POSITIVE,3.013141782495752,0.0,HALLMARK_G2M_CHECKPOINT,ACTIVE_POSITIVE,1,1,TRANSCRIPTOME,,NOT_APPLICABLE,REL_CTX001_ANNOTATION_CERTAINTY;REL_CTX001_BATCH_ADJUSTMENT;REL_CTX001_CONTROL_CERTAINTY;REL_CTX001_CROSS_CONTEXT_REPLICATION;REL_CTX001_EV_PREPARATION_INDEPENDENCE;REL_CTX001_MODEL_DIAGNOSTICS;REL_CTX001_PAIRING_CERTAINTY;REL_CTX001_PATHWAY_EVIDENCE;REL_CTX001_PHENOTYPE_SUPPORT;REL_CTX001_RECIPIENT_DONOR_INDEPENDENCE;REL_CTX001_SAMPLE_QC;REL_CTX001_SENSITIVITY_STABILITY;REL_CTX001_STUDY_INDEPENDENCE,EXP001-C4,data/metadata/skinexo_response_components.csv;reports/EXP001_C4_pathway_analysis.md
CTX001,P,P078,POSITIVE,2.04340940140483,0.0001695430885001,HALLMARK_MITOTIC_SPINDLE,ACTIVE_POSITIVE,1,1,TRANSCRIPTOME,,NOT_APPLICABLE,REL_CTX001_ANNOTATION_CERTAINTY;REL_CTX001_BATCH_ADJUSTMENT;REL_CTX001_CONTROL_CERTAINTY;REL_CTX001_CROSS_CONTEXT_REPLICATION;REL_CTX001_EV_PREPARATION_INDEPENDENCE;REL_CTX001_MODEL_DIAGNOSTICS;REL_CTX001_PAIRING_CERTAINTY;REL_CTX001_PATHWAY_EVIDENCE;REL_CTX001_PHENOTYPE_SUPPORT;REL_CTX001_RECIPIENT_DONOR_INDEPENDENCE;REL_CTX001_SAMPLE_QC;REL_CTX001_SENSITIVITY_STABILITY;REL_CTX001_STUDY_INDEPENDENCE,EXP001-C4,data/metadata/skinexo_response_components.csv;reports/EXP001_C4_pathway_analysis.md
CTX001,P,P079,POSITIVE,1.9036809303709912,0.0017956400587156,REACTOME_INHIBITION_OF_THE_PROTEOLYTIC_ACTIVITY_OF_APC_C_REQUIRED_FOR_THE_ONSET_OF_ANAPHASE_BY_MITOTIC_SPINDLE_CHECKPOINT_COMPONENTS,ACTIVE_POSITIVE,1,1,TRANSCRIPTOME,,NOT_APPLICABLE,REL_CTX001_ANNOTATION_CERTAINTY;REL_CTX001_BATCH_ADJUSTMENT;REL_CTX001_CONTROL_CERTAINTY;REL_CTX001_CROSS_CONTEXT_REPLICATION;REL_CTX001_EV_PREPARATION_INDEPENDENCE;REL_CTX001_MODEL_DIAGNOSTICS;REL_CTX001_PAIRING_CERTAINTY;REL_CTX001_PATHWAY_EVIDENCE;REL_CTX001_PHENOTYPE_SUPPORT;REL_CTX001_RECIPIENT_DONOR_INDEPENDENCE;REL_CTX001_SAMPLE_QC;REL_CTX001_SENSITIVITY_STABILITY;REL_CTX001_STUDY_INDEPENDENCE,EXP001-C4,data/metadata/skinexo_response_components.csv;reports/EXP001_C4_pathway_analysis.md
CTX001,P,P080,INACTIVE,1.2136043235842835,0.3205021453522165,REACTOME_ABERRANT_REGULATION_OF_MITOTIC_G1_S_TRANSITION_IN_CANCER_DUE_TO_RB1_DEFECTS,OBSERVED_NULL,1,0,TRANSCRIPTOME,,NOT_APPLICABLE,REL_CTX001_ANNOTATION_CERTAINTY;REL_CTX001_BATCH_ADJUSTMENT;REL_CTX001_CONTROL_CERTAINTY;REL_CTX001_CROSS_CONTEXT_REPLICATION;REL_CTX001_EV_PREPARATION_INDEPENDENCE;REL_CTX001_MODEL_DIAGNOSTICS;REL_CTX001_PAIRING_CERTAINTY;REL_CTX001_PATHWAY_EVIDENCE;REL_CTX001_PHENOTYPE_SUPPORT;REL_CTX001_RECIPIENT_DONOR_INDEPENDENCE;REL_CTX001_SAMPLE_QC;REL_CTX001_SENSITIVITY_STABILITY;REL_CTX001_STUDY_INDEPENDENCE,EXP001-C4,data/metadata/skinexo_response_components.csv;reports/EXP001_C4_pathway_analysis.md
CTX001,P,P081,POSITIVE,2.3457475820858877,0.0,REACTOME_APC_C_MEDIATED_DEGRADATION_OF_CELL_CYCLE_PROTEINS,ACTIVE_POSITIVE,1,1,TRANSCRIPTOME,,NOT_APPLICABLE,REL_CTX001_ANNOTATION_CERTAINTY;REL_CTX001_BATCH_ADJUSTMENT;REL_CTX001_CONTROL_CERTAINTY;REL_CTX001_CROSS_CONTEXT_REPLICATION;REL_CTX001_EV_PREPARATION_INDEPENDENCE;REL_CTX001_MODEL_DIAGNOSTICS;REL_CTX001_PAIRING_CERTAINTY;REL_CTX001_PATHWAY_EVIDENCE;REL_CTX001_PHENOTYPE_SUPPORT;REL_CTX001_RECIPIENT_DONOR_INDEPENDENCE;REL_CTX001_SAMPLE_QC;REL_CTX001_SENSITIVITY_STABILITY;REL_CTX001_STUDY_INDEPENDENCE,EXP001-C4,data/metadata/skinexo_response_components.csv;reports/EXP001_C4_pathway_analysis.md
CTX001,P,P082,POSITIVE,2.7550074263591307,0.0,REACTOME_CELL_CYCLE_CHECKPOINTS,ACTIVE_POSITIVE,1,1,TRANSCRIPTOME,,NOT_APPLICABLE,REL_CTX001_ANNOTATION_CERTAINTY;REL_CTX001_BATCH_ADJUSTMENT;REL_CTX001_CONTROL_CERTAINTY;REL_CTX001_CROSS_CONTEXT_REPLICATION;REL_CTX001_EV_PREPARATION_INDEPENDENCE;REL_CTX001_MODEL_DIAGNOSTICS;REL_CTX001_PAIRING_CERTAINTY;REL_CTX001_PATHWAY_EVIDENCE;REL_CTX001_PHENOTYPE_SUPPORT;REL_CTX001_RECIPIENT_DONOR_INDEPENDENCE;REL_CTX001_SAMPLE_QC;REL_CTX001_SENSITIVITY_STABILITY;REL_CTX001_STUDY_INDEPENDENCE,EXP001-C4,data/metadata/skinexo_response_components.csv;reports/EXP001_C4_pathway_analysis.md
CTX001,P,P083,POSITIVE,2.621480365184365,0.0,REACTOME_DNA_REPLICATION,ACTIVE_POSITIVE,1,1,TRANSCRIPTOME,,NOT_APPLICABLE,REL_CTX001_ANNOTATION_CERTAINTY;REL_CTX001_BATCH_ADJUSTMENT;REL_CTX001_CONTROL_CERTAINTY;REL_CTX001_CROSS_CONTEXT_REPLICATION;REL_CTX001_EV_PREPARATION_INDEPENDENCE;REL_CTX001_MODEL_DIAGNOSTICS;REL_CTX001_PAIRING_CERTAINTY;REL_CTX001_PATHWAY_EVIDENCE;REL_CTX001_PHENOTYPE_SUPPORT;REL_CTX001_RECIPIENT_DONOR_INDEPENDENCE;REL_CTX001_SAMPLE_QC;REL_CTX001_SENSITIVITY_STABILITY;REL_CTX001_STUDY_INDEPENDENCE,EXP001-C4,data/metadata/skinexo_response_components.csv;reports/EXP001_C4_pathway_analysis.md
CTX001,P,P084,POSITIVE,1.835532510219687,0.0043385885849336,REACTOME_E2F_MEDIATED_REGULATION_OF_DNA_REPLICATION,ACTIVE_POSITIVE,1,1,TRANSCRIPTOME,,NOT_APPLICABLE,REL_CTX001_ANNOTATION_CERTAINTY;REL_CTX001_BATCH_ADJUSTMENT;REL_CTX001_CONTROL_CERTAINTY;REL_CTX001_CROSS_CONTEXT_REPLICATION;REL_CTX001_EV_PREPARATION_INDEPENDENCE;REL_CTX001_MODEL_DIAGNOSTICS;REL_CTX001_PAIRING_CERTAINTY;REL_CTX001_PATHWAY_EVIDENCE;REL_CTX001_PHENOTYPE_SUPPORT;REL_CTX001_RECIPIENT_DONOR_INDEPENDENCE;REL_CTX001_SAMPLE_QC;REL_CTX001_SENSITIVITY_STABILITY;REL_CTX001_STUDY_INDEPENDENCE,EXP001-C4,data/metadata/skinexo_response_components.csv;reports/EXP001_C4_pathway_analysis.md
CTX001,P,P085,INACTIVE,-1.1247318673396711,0.3992005907183955,REACTOME_FOXO_MEDIATED_TRANSCRIPTION_OF_CELL_CYCLE_GENES,OBSERVED_NULL,1,0,TRANSCRIPTOME,,NOT_APPLICABLE,REL_CTX001_ANNOTATION_CERTAINTY;REL_CTX001_BATCH_ADJUSTMENT;REL_CTX001_CONTROL_CERTAINTY;REL_CTX001_CROSS_CONTEXT_REPLICATION;REL_CTX001_EV_PREPARATION_INDEPENDENCE;REL_CTX001_MODEL_DIAGNOSTICS;REL_CTX001_PAIRING_CERTAINTY;REL_CTX001_PATHWAY_EVIDENCE;REL_CTX001_PHENOTYPE_SUPPORT;REL_CTX001_RECIPIENT_DONOR_INDEPENDENCE;REL_CTX001_SAMPLE_QC;REL_CTX001_SENSITIVITY_STABILITY;REL_CTX001_STUDY_INDEPENDENCE,EXP001-C4,data/metadata/skinexo_response_components.csv;reports/EXP001_C4_pathway_analysis.md
CTX001,P,P086,POSITIVE,1.8793882700922944,0.0024381422998813,REACTOME_MEIOSIS,ACTIVE_POSITIVE,1,1,TRANSCRIPTOME,,NOT_APPLICABLE,REL_CTX001_ANNOTATION_CERTAINTY;REL_CTX001_BATCH_ADJUSTMENT;REL_CTX001_CONTROL_CERTAINTY;REL_CTX001_CROSS_CONTEXT_REPLICATION;REL_CTX001_EV_PREPARATION_INDEPENDENCE;REL_CTX001_MODEL_DIAGNOSTICS;REL_CTX001_PAIRING_CERTAINTY;REL_CTX001_PATHWAY_EVIDENCE;REL_CTX001_PHENOTYPE_SUPPORT;REL_CTX001_RECIPIENT_DONOR_INDEPENDENCE;REL_CTX001_SAMPLE_QC;REL_CTX001_SENSITIVITY_STABILITY;REL_CTX001_STUDY_INDEPENDENCE,EXP001-C4,data/metadata/skinexo_response_components.csv;reports/EXP001_C4_pathway_analysis.md
CTX001,P,P087,POSITIVE,2.390265179142937,0.0,REACTOME_MITOTIC_G1_PHASE_AND_G1_S_TRANSITION,ACTIVE_POSITIVE,1,1,TRANSCRIPTOME,,NOT_APPLICABLE,REL_CTX001_ANNOTATION_CERTAINTY;REL_CTX001_BATCH_ADJUSTMENT;REL_CTX001_CONTROL_CERTAINTY;REL_CTX001_CROSS_CONTEXT_REPLICATION;REL_CTX001_EV_PREPARATION_INDEPENDENCE;REL_CTX001_MODEL_DIAGNOSTICS;REL_CTX001_PAIRING_CERTAINTY;REL_CTX001_PATHWAY_EVIDENCE;REL_CTX001_PHENOTYPE_SUPPORT;REL_CTX001_RECIPIENT_DONOR_INDEPENDENCE;REL_CTX001_SAMPLE_QC;REL_CTX001_SENSITIVITY_STABILITY;REL_CTX001_STUDY_INDEPENDENCE,EXP001-C4,data/metadata/skinexo_response_components.csv;reports/EXP001_C4_pathway_analysis.md
CTX001,P,P088,POSITIVE,2.44604539335635,0.0,REACTOME_MITOTIC_G2_G2_M_PHASES,ACTIVE_POSITIVE,1,1,TRANSCRIPTOME,,NOT_APPLICABLE,REL_CTX001_ANNOTATION_CERTAINTY;REL_CTX001_BATCH_ADJUSTMENT;REL_CTX001_CONTROL_CERTAINTY;REL_CTX001_CROSS_CONTEXT_REPLICATION;REL_CTX001_EV_PREPARATION_INDEPENDENCE;REL_CTX001_MODEL_DIAGNOSTICS;REL_CTX001_PAIRING_CERTAINTY;REL_CTX001_PATHWAY_EVIDENCE;REL_CTX001_PHENOTYPE_SUPPORT;REL_CTX001_RECIPIENT_DONOR_INDEPENDENCE;REL_CTX001_SAMPLE_QC;REL_CTX001_SENSITIVITY_STABILITY;REL_CTX001_STUDY_INDEPENDENCE,EXP001-C4,data/metadata/skinexo_response_components.csv;reports/EXP001_C4_pathway_analysis.md
CTX001,P,P089,POSITIVE,2.6819765163692457,0.0,REACTOME_MITOTIC_METAPHASE_AND_ANAPHASE,ACTIVE_POSITIVE,1,1,TRANSCRIPTOME,,NOT_APPLICABLE,REL_CTX001_ANNOTATION_CERTAINTY;REL_CTX001_BATCH_ADJUSTMENT;REL_CTX001_CONTROL_CERTAINTY;REL_CTX001_CROSS_CONTEXT_REPLICATION;REL_CTX001_EV_PREPARATION_INDEPENDENCE;REL_CTX001_MODEL_DIAGNOSTICS;REL_CTX001_PAIRING_CERTAINTY;REL_CTX001_PATHWAY_EVIDENCE;REL_CTX001_PHENOTYPE_SUPPORT;REL_CTX001_RECIPIENT_DONOR_INDEPENDENCE;REL_CTX001_SAMPLE_QC;REL_CTX001_SENSITIVITY_STABILITY;REL_CTX001_STUDY_INDEPENDENCE,EXP001-C4,data/metadata/skinexo_response_components.csv;reports/EXP001_C4_pathway_analysis.md
CTX001,P,P090,POSITIVE,2.7791985137706443,0.0,REACTOME_MITOTIC_PROMETAPHASE,ACTIVE_POSITIVE,1,1,TRANSCRIPTOME,,NOT_APPLICABLE,REL_CTX001_ANNOTATION_CERTAINTY;REL_CTX001_BATCH_ADJUSTMENT;REL_CTX001_CONTROL_CERTAINTY;REL_CTX001_CROSS_CONTEXT_REPLICATION;REL_CTX001_EV_PREPARATION_INDEPENDENCE;REL_CTX001_MODEL_DIAGNOSTICS;REL_CTX001_PAIRING_CERTAINTY;REL_CTX001_PATHWAY_EVIDENCE;REL_CTX001_PHENOTYPE_SUPPORT;REL_CTX001_RECIPIENT_DONOR_INDEPENDENCE;REL_CTX001_SAMPLE_QC;REL_CTX001_SENSITIVITY_STABILITY;REL_CTX001_STUDY_INDEPENDENCE,EXP001-C4,data/metadata/skinexo_response_components.csv;reports/EXP001_C4_pathway_analysis.md
CTX001,P,P091,POSITIVE,2.0950860682351373,6.27937364815375e-05,REACTOME_MITOTIC_PROPHASE,ACTIVE_POSITIVE,1,1,TRANSCRIPTOME,,NOT_APPLICABLE,REL_CTX001_ANNOTATION_CERTAINTY;REL_CTX001_BATCH_ADJUSTMENT;REL_CTX001_CONTROL_CERTAINTY;REL_CTX001_CROSS_CONTEXT_REPLICATION;REL_CTX001_EV_PREPARATION_INDEPENDENCE;REL_CTX001_MODEL_DIAGNOSTICS;REL_CTX001_PAIRING_CERTAINTY;REL_CTX001_PATHWAY_EVIDENCE;REL_CTX001_PHENOTYPE_SUPPORT;REL_CTX001_RECIPIENT_DONOR_INDEPENDENCE;REL_CTX001_SAMPLE_QC;REL_CTX001_SENSITIVITY_STABILITY;REL_CTX001_STUDY_INDEPENDENCE,EXP001-C4,data/metadata/skinexo_response_components.csv;reports/EXP001_C4_pathway_analysis.md
CTX001,P,P092,POSITIVE,2.703271338712986,0.0,REACTOME_MITOTIC_SPINDLE_CHECKPOINT,ACTIVE_POSITIVE,1,1,TRANSCRIPTOME,,NOT_APPLICABLE,REL_CTX001_ANNOTATION_CERTAINTY;REL_CTX001_BATCH_ADJUSTMENT;REL_CTX001_CONTROL_CERTAINTY;REL_CTX001_CROSS_CONTEXT_REPLICATION;REL_CTX001_EV_PREPARATION_INDEPENDENCE;REL_CTX001_MODEL_DIAGNOSTICS;REL_CTX001_PAIRING_CERTAINTY;REL_CTX001_PATHWAY_EVIDENCE;REL_CTX001_PHENOTYPE_SUPPORT;REL_CTX001_RECIPIENT_DONOR_INDEPENDENCE;REL_CTX001_SAMPLE_QC;REL_CTX001_SENSITIVITY_STABILITY;REL_CTX001_STUDY_INDEPENDENCE,EXP001-C4,data/metadata/skinexo_response_components.csv;reports/EXP001_C4_pathway_analysis.md
CTX001,P,P093,POSITIVE,1.855535974435421,0.0033810331851624,REACTOME_POSTMITOTIC_NUCLEAR_PORE_COMPLEX_NPC_REFORMATION,ACTIVE_POSITIVE,1,1,TRANSCRIPTOME,,NOT_APPLICABLE,REL_CTX001_ANNOTATION_CERTAINTY;REL_CTX001_BATCH_ADJUSTMENT;REL_CTX001_CONTROL_CERTAINTY;REL_CTX001_CROSS_CONTEXT_REPLICATION;REL_CTX001_EV_PREPARATION_INDEPENDENCE;REL_CTX001_MODEL_DIAGNOSTICS;REL_CTX001_PAIRING_CERTAINTY;REL_CTX001_PATHWAY_EVIDENCE;REL_CTX001_PHENOTYPE_SUPPORT;REL_CTX001_RECIPIENT_DONOR_INDEPENDENCE;REL_CTX001_SAMPLE_QC;REL_CTX001_SENSITIVITY_STABILITY;REL_CTX001_STUDY_INDEPENDENCE,EXP001-C4,data/metadata/skinexo_response_components.csv;reports/EXP001_C4_pathway_analysis.md
CTX001,P,P094,POSITIVE,2.3722097100124606,0.0,REACTOME_RECRUITMENT_OF_MITOTIC_CENTROSOME_PROTEINS_AND_COMPLEXES,ACTIVE_POSITIVE,1,1,TRANSCRIPTOME,,NOT_APPLICABLE,REL_CTX001_ANNOTATION_CERTAINTY;REL_CTX001_BATCH_ADJUSTMENT;REL_CTX001_CONTROL_CERTAINTY;REL_CTX001_CROSS_CONTEXT_REPLICATION;REL_CTX001_EV_PREPARATION_INDEPENDENCE;REL_CTX001_MODEL_DIAGNOSTICS;REL_CTX001_PAIRING_CERTAINTY;REL_CTX001_PATHWAY_EVIDENCE;REL_CTX001_PHENOTYPE_SUPPORT;REL_CTX001_RECIPIENT_DONOR_INDEPENDENCE;REL_CTX001_SAMPLE_QC;REL_CTX001_SENSITIVITY_STABILITY;REL_CTX001_STUDY_INDEPENDENCE,EXP001-C4,data/metadata/skinexo_response_components.csv;reports/EXP001_C4_pathway_analysis.md
CTX001,P,P095,POSITIVE,1.5854312878687369,0.0462880026359389,REACTOME_REGULATION_OF_MITF_M_DEPENDENT_GENES_INVOLVED_IN_CELL_CYCLE_AND_PROLIFERATION,ACTIVE_POSITIVE,1,1,TRANSCRIPTOME,,NOT_APPLICABLE,REL_CTX001_ANNOTATION_CERTAINTY;REL_CTX001_BATCH_ADJUSTMENT;REL_CTX001_CONTROL_CERTAINTY;REL_CTX001_CROSS_CONTEXT_REPLICATION;REL_CTX001_EV_PREPARATION_INDEPENDENCE;REL_CTX001_MODEL_DIAGNOSTICS;REL_CTX001_PAIRING_CERTAINTY;REL_CTX001_PATHWAY_EVIDENCE;REL_CTX001_PHENOTYPE_SUPPORT;REL_CTX001_RECIPIENT_DONOR_INDEPENDENCE;REL_CTX001_SAMPLE_QC;REL_CTX001_SENSITIVITY_STABILITY;REL_CTX001_STUDY_INDEPENDENCE,EXP001-C4,data/metadata/skinexo_response_components.csv;reports/EXP001_C4_pathway_analysis.md
CTX001,P,P096,POSITIVE,2.361469598192662,0.0,REACTOME_SUMOYLATION_OF_DNA_REPLICATION_PROTEINS,ACTIVE_POSITIVE,1,1,TRANSCRIPTOME,,NOT_APPLICABLE,REL_CTX001_ANNOTATION_CERTAINTY;REL_CTX001_BATCH_ADJUSTMENT;REL_CTX001_CONTROL_CERTAINTY;REL_CTX001_CROSS_CONTEXT_REPLICATION;REL_CTX001_EV_PREPARATION_INDEPENDENCE;REL_CTX001_MODEL_DIAGNOSTICS;REL_CTX001_PAIRING_CERTAINTY;REL_CTX001_PATHWAY_EVIDENCE;REL_CTX001_PHENOTYPE_SUPPORT;REL_CTX001_RECIPIENT_DONOR_INDEPENDENCE;REL_CTX001_SAMPLE_QC;REL_CTX001_SENSITIVITY_STABILITY;REL_CTX001_STUDY_INDEPENDENCE,EXP001-C4,data/metadata/skinexo_response_components.csv;reports/EXP001_C4_pathway_analysis.md
CTX001,P,P097,INACTIVE,-1.382505859340073,0.1883055440594215,REACTOME_TP53_REGULATES_TRANSCRIPTION_OF_ADDITIONAL_CELL_CYCLE_GENES_WHOSE_EXACT_ROLE_IN_THE_P53_PATHWAY_REMAIN_UNCERTAIN,OBSERVED_NULL,1,0,TRANSCRIPTOME,,NOT_APPLICABLE,REL_CTX001_ANNOTATION_CERTAINTY;REL_CTX001_BATCH_ADJUSTMENT;REL_CTX001_CONTROL_CERTAINTY;REL_CTX001_CROSS_CONTEXT_REPLICATION;REL_CTX001_EV_PREPARATION_INDEPENDENCE;REL_CTX001_MODEL_DIAGNOSTICS;REL_CTX001_PAIRING_CERTAINTY;REL_CTX001_PATHWAY_EVIDENCE;REL_CTX001_PHENOTYPE_SUPPORT;REL_CTX001_RECIPIENT_DONOR_INDEPENDENCE;REL_CTX001_SAMPLE_QC;REL_CTX001_SENSITIVITY_STABILITY;REL_CTX001_STUDY_INDEPENDENCE,EXP001-C4,data/metadata/skinexo_response_components.csv;reports/EXP001_C4_pathway_analysis.md
CTX001,P,P098,POSITIVE,1.673983453326584,0.0232518806829453,REACTOME_TP53_REGULATES_TRANSCRIPTION_OF_CELL_CYCLE_GENES,ACTIVE_POSITIVE,1,1,TRANSCRIPTOME,,NOT_APPLICABLE,REL_CTX001_ANNOTATION_CERTAINTY;REL_CTX001_BATCH_ADJUSTMENT;REL_CTX001_CONTROL_CERTAINTY;REL_CTX001_CROSS_CONTEXT_REPLICATION;REL_CTX001_EV_PREPARATION_INDEPENDENCE;REL_CTX001_MODEL_DIAGNOSTICS;REL_CTX001_PAIRING_CERTAINTY;REL_CTX001_PATHWAY_EVIDENCE;REL_CTX001_PHENOTYPE_SUPPORT;REL_CTX001_RECIPIENT_DONOR_INDEPENDENCE;REL_CTX001_SAMPLE_QC;REL_CTX001_SENSITIVITY_STABILITY;REL_CTX001_STUDY_INDEPENDENCE,EXP001-C4,data/metadata/skinexo_response_components.csv;reports/EXP001_C4_pathway_analysis.md
CTX001,P,P099,POSITIVE,1.867166387919448,0.0029111665046358,REACTOME_TP53_REGULATES_TRANSCRIPTION_OF_GENES_INVOLVED_IN_G2_CELL_CYCLE_ARREST,ACTIVE_POSITIVE,1,1,TRANSCRIPTOME,,NOT_APPLICABLE,REL_CTX001_ANNOTATION_CERTAINTY;REL_CTX001_BATCH_ADJUSTMENT;REL_CTX001_CONTROL_CERTAINTY;REL_CTX001_CROSS_CONTEXT_REPLICATION;REL_CTX001_EV_PREPARATION_INDEPENDENCE;REL_CTX001_MODEL_DIAGNOSTICS;REL_CTX001_PAIRING_CERTAINTY;REL_CTX001_PATHWAY_EVIDENCE;REL_CTX001_PHENOTYPE_SUPPORT;REL_CTX001_RECIPIENT_DONOR_INDEPENDENCE;REL_CTX001_SAMPLE_QC;REL_CTX001_SENSITIVITY_STABILITY;REL_CTX001_STUDY_INDEPENDENCE,EXP001-C4,data/metadata/skinexo_response_components.csv;reports/EXP001_C4_pathway_analysis.md
CTX001,P,P100,INACTIVE,1.0455464595474575,0.5441392583277278,REACTOME_VEGFR2_MEDIATED_CELL_PROLIFERATION,OBSERVED_NULL,1,0,TRANSCRIPTOME,,NOT_APPLICABLE,REL_CTX001_ANNOTATION_CERTAINTY;REL_CTX001_BATCH_ADJUSTMENT;REL_CTX001_CONTROL_CERTAINTY;REL_CTX001_CROSS_CONTEXT_REPLICATION;REL_CTX001_EV_PREPARATION_INDEPENDENCE;REL_CTX001_MODEL_DIAGNOSTICS;REL_CTX001_PAIRING_CERTAINTY;REL_CTX001_PATHWAY_EVIDENCE;REL_CTX001_PHENOTYPE_SUPPORT;REL_CTX001_RECIPIENT_DONOR_INDEPENDENCE;REL_CTX001_SAMPLE_QC;REL_CTX001_SENSITIVITY_STABILITY;REL_CTX001_STUDY_INDEPENDENCE,EXP001-C4,data/metadata/skinexo_response_components.csv;reports/EXP001_C4_pathway_analysis.md
CTX002,A,A001,INACTIVE,1.1968336079212047,0.3485256384509607,GOBP_ANGIOGENESIS_INVOLVED_IN_WOUND_HEALING,OBSERVED_NULL,1,0,TRANSCRIPTOME,,INACTIVE,REL_CTX002_ANNOTATION_CERTAINTY;REL_CTX002_BATCH_ADJUSTMENT;REL_CTX002_CONTROL_CERTAINTY;REL_CTX002_CROSS_CONTEXT_REPLICATION;REL_CTX002_EV_PREPARATION_INDEPENDENCE;REL_CTX002_MODEL_DIAGNOSTICS;REL_CTX002_PAIRING_CERTAINTY;REL_CTX002_PATHWAY_EVIDENCE;REL_CTX002_PHENOTYPE_SUPPORT;REL_CTX002_RECIPIENT_DONOR_INDEPENDENCE;REL_CTX002_SAMPLE_QC;REL_CTX002_SENSITIVITY_STABILITY;REL_CTX002_STUDY_INDEPENDENCE,EXP002-C4,data/metadata/skinexo_response_components.csv;reports/EXP002_C4_cross_study_pathway_validation.md
CTX002,A,A002,POSITIVE,2.002050414882587,0.0091416607031752,GOBP_CELL_MIGRATION_INVOLVED_IN_SPROUTING_ANGIOGENESIS,ACTIVE_POSITIVE,1,1,TRANSCRIPTOME,,POSITIVE,REL_CTX002_ANNOTATION_CERTAINTY;REL_CTX002_BATCH_ADJUSTMENT;REL_CTX002_CONTROL_CERTAINTY;REL_CTX002_CROSS_CONTEXT_REPLICATION;REL_CTX002_EV_PREPARATION_INDEPENDENCE;REL_CTX002_MODEL_DIAGNOSTICS;REL_CTX002_PAIRING_CERTAINTY;REL_CTX002_PATHWAY_EVIDENCE;REL_CTX002_PHENOTYPE_SUPPORT;REL_CTX002_RECIPIENT_DONOR_INDEPENDENCE;REL_CTX002_SAMPLE_QC;REL_CTX002_SENSITIVITY_STABILITY;REL_CTX002_STUDY_INDEPENDENCE,EXP002-C4,data/metadata/skinexo_response_components.csv;reports/EXP002_C4_cross_study_pathway_validation.md
CTX002,A,A003,INACTIVE,1.5048150857331757,0.1216093800291623,GOBP_BLOOD_VESSEL_ENDOTHELIAL_CELL_PROLIFERATION_INVOLVED_IN_SPROUTING_ANGIOGENESIS,OBSERVED_NULL,1,0,TRANSCRIPTOME,,INACTIVE,REL_CTX002_ANNOTATION_CERTAINTY;REL_CTX002_BATCH_ADJUSTMENT;REL_CTX002_CONTROL_CERTAINTY;REL_CTX002_CROSS_CONTEXT_REPLICATION;REL_CTX002_EV_PREPARATION_INDEPENDENCE;REL_CTX002_MODEL_DIAGNOSTICS;REL_CTX002_PAIRING_CERTAINTY;REL_CTX002_PATHWAY_EVIDENCE;REL_CTX002_PHENOTYPE_SUPPORT;REL_CTX002_RECIPIENT_DONOR_INDEPENDENCE;REL_CTX002_SAMPLE_QC;REL_CTX002_SENSITIVITY_STABILITY;REL_CTX002_STUDY_INDEPENDENCE,EXP002-C4,data/metadata/skinexo_response_components.csv;reports/EXP002_C4_cross_study_pathway_validation.md
CTX002,A,A004,INACTIVE,1.1895242342367125,0.3551835707803569,GOBP_BLOOD_VESSEL_REMODELING,OBSERVED_NULL,1,0,TRANSCRIPTOME,,INACTIVE,REL_CTX002_ANNOTATION_CERTAINTY;REL_CTX002_BATCH_ADJUSTMENT;REL_CTX002_CONTROL_CERTAINTY;REL_CTX002_CROSS_CONTEXT_REPLICATION;REL_CTX002_EV_PREPARATION_INDEPENDENCE;REL_CTX002_MODEL_DIAGNOSTICS;REL_CTX002_PAIRING_CERTAINTY;REL_CTX002_PATHWAY_EVIDENCE;REL_CTX002_PHENOTYPE_SUPPORT;REL_CTX002_RECIPIENT_DONOR_INDEPENDENCE;REL_CTX002_SAMPLE_QC;REL_CTX002_SENSITIVITY_STABILITY;REL_CTX002_STUDY_INDEPENDENCE,EXP002-C4,data/metadata/skinexo_response_components.csv;reports/EXP002_C4_cross_study_pathway_validation.md
CTX002,A,A005,INACTIVE,1.6647294391247718,0.0644191377881317,GOBP_BRANCHING_INVOLVED_IN_BLOOD_VESSEL_MORPHOGENESIS,OBSERVED_NULL,1,0,TRANSCRIPTOME,,INACTIVE,REL_CTX002_ANNOTATION_CERTAINTY;REL_CTX002_BATCH_ADJUSTMENT;REL_CTX002_CONTROL_CERTAINTY;REL_CTX002_CROSS_CONTEXT_REPLICATION;REL_CTX002_EV_PREPARATION_INDEPENDENCE;REL_CTX002_MODEL_DIAGNOSTICS;REL_CTX002_PAIRING_CERTAINTY;REL_CTX002_PATHWAY_EVIDENCE;REL_CTX002_PHENOTYPE_SUPPORT;REL_CTX002_RECIPIENT_DONOR_INDEPENDENCE;REL_CTX002_SAMPLE_QC;REL_CTX002_SENSITIVITY_STABILITY;REL_CTX002_STUDY_INDEPENDENCE,EXP002-C4,data/metadata/skinexo_response_components.csv;reports/EXP002_C4_cross_study_pathway_validation.md
CTX002,A,A006,INACTIVE,1.3259086639904545,0.2298155249439015,GOBP_CELLULAR_RESPONSE_TO_VASCULAR_ENDOTHELIAL_GROWTH_FACTOR_STIMULUS,OBSERVED_NULL,1,0,TRANSCRIPTOME,,INACTIVE,REL_CTX002_ANNOTATION_CERTAINTY;REL_CTX002_BATCH_ADJUSTMENT;REL_CTX002_CONTROL_CERTAINTY;REL_CTX002_CROSS_CONTEXT_REPLICATION;REL_CTX002_EV_PREPARATION_INDEPENDENCE;REL_CTX002_MODEL_DIAGNOSTICS;REL_CTX002_PAIRING_CERTAINTY;REL_CTX002_PATHWAY_EVIDENCE;REL_CTX002_PHENOTYPE_SUPPORT;REL_CTX002_RECIPIENT_DONOR_INDEPENDENCE;REL_CTX002_SAMPLE_QC;REL_CTX002_SENSITIVITY_STABILITY;REL_CTX002_STUDY_INDEPENDENCE,EXP002-C4,data/metadata/skinexo_response_components.csv;reports/EXP002_C4_cross_study_pathway_validation.md
CTX002,A,A007,INACTIVE,0.8299868792290236,0.8590155278556713,GOBP_REGULATION_OF_COLLATERAL_SPROUTING,OBSERVED_NULL,1,0,TRANSCRIPTOME,,INACTIVE,REL_CTX002_ANNOTATION_CERTAINTY;REL_CTX002_BATCH_ADJUSTMENT;REL_CTX002_CONTROL_CERTAINTY;REL_CTX002_CROSS_CONTEXT_REPLICATION;REL_CTX002_EV_PREPARATION_INDEPENDENCE;REL_CTX002_MODEL_DIAGNOSTICS;REL_CTX002_PAIRING_CERTAINTY;REL_CTX002_PATHWAY_EVIDENCE;REL_CTX002_PHENOTYPE_SUPPORT;REL_CTX002_RECIPIENT_DONOR_INDEPENDENCE;REL_CTX002_SAMPLE_QC;REL_CTX002_SENSITIVITY_STABILITY;REL_CTX002_STUDY_INDEPENDENCE,EXP002-C4,data/metadata/skinexo_response_components.csv;reports/EXP002_C4_cross_study_pathway_validation.md
CTX002,A,A008,INACTIVE,1.6031172429928755,0.0814952618139332,GOBP_ENDOTHELIAL_CELL_APOPTOTIC_PROCESS,OBSERVED_NULL,1,0,TRANSCRIPTOME,,INACTIVE,REL_CTX002_ANNOTATION_CERTAINTY;REL_CTX002_BATCH_ADJUSTMENT;REL_CTX002_CONTROL_CERTAINTY;REL_CTX002_CROSS_CONTEXT_REPLICATION;REL_CTX002_EV_PREPARATION_INDEPENDENCE;REL_CTX002_MODEL_DIAGNOSTICS;REL_CTX002_PAIRING_CERTAINTY;REL_CTX002_PATHWAY_EVIDENCE;REL_CTX002_PHENOTYPE_SUPPORT;REL_CTX002_RECIPIENT_DONOR_INDEPENDENCE;REL_CTX002_SAMPLE_QC;REL_CTX002_SENSITIVITY_STABILITY;REL_CTX002_STUDY_INDEPENDENCE,EXP002-C4,data/metadata/skinexo_response_components.csv;reports/EXP002_C4_cross_study_pathway_validation.md
CTX002,A,A009,INACTIVE,1.4767268534864393,0.1353164557446741,GOBP_ENDOTHELIAL_CELL_CHEMOTAXIS,OBSERVED_NULL,1,0,TRANSCRIPTOME,,INACTIVE,REL_CTX002_ANNOTATION_CERTAINTY;REL_CTX002_BATCH_ADJUSTMENT;REL_CTX002_CONTROL_CERTAINTY;REL_CTX002_CROSS_CONTEXT_REPLICATION;REL_CTX002_EV_PREPARATION_INDEPENDENCE;REL_CTX002_MODEL_DIAGNOSTICS;REL_CTX002_PAIRING_CERTAINTY;REL_CTX002_PATHWAY_EVIDENCE;REL_CTX002_PHENOTYPE_SUPPORT;REL_CTX002_RECIPIENT_DONOR_INDEPENDENCE;REL_CTX002_SAMPLE_QC;REL_CTX002_SENSITIVITY_STABILITY;REL_CTX002_STUDY_INDEPENDENCE,EXP002-C4,data/metadata/skinexo_response_components.csv;reports/EXP002_C4_cross_study_pathway_validation.md
CTX002,A,A010,INACTIVE,1.2223216123661662,0.3223783956268491,GOBP_ENDOTHELIAL_CELL_DIFFERENTIATION,OBSERVED_NULL,1,0,TRANSCRIPTOME,,INACTIVE,REL_CTX002_ANNOTATION_CERTAINTY;REL_CTX002_BATCH_ADJUSTMENT;REL_CTX002_CONTROL_CERTAINTY;REL_CTX002_CROSS_CONTEXT_REPLICATION;REL_CTX002_EV_PREPARATION_INDEPENDENCE;REL_CTX002_MODEL_DIAGNOSTICS;REL_CTX002_PAIRING_CERTAINTY;REL_CTX002_PATHWAY_EVIDENCE;REL_CTX002_PHENOTYPE_SUPPORT;REL_CTX002_RECIPIENT_DONOR_INDEPENDENCE;REL_CTX002_SAMPLE_QC;REL_CTX002_SENSITIVITY_STABILITY;REL_CTX002_STUDY_INDEPENDENCE,EXP002-C4,data/metadata/skinexo_response_components.csv;reports/EXP002_C4_cross_study_pathway_validation.md
CTX002,A,A011,INACTIVE,1.3751958084080145,0.1959930461388042,GOBP_ENDOTHELIAL_CELL_PROLIFERATION,OBSERVED_NULL,1,0,TRANSCRIPTOME,,INACTIVE,REL_CTX002_ANNOTATION_CERTAINTY;REL_CTX002_BATCH_ADJUSTMENT;REL_CTX002_CONTROL_CERTAINTY;REL_CTX002_CROSS_CONTEXT_REPLICATION;REL_CTX002_EV_PREPARATION_INDEPENDENCE;REL_CTX002_MODEL_DIAGNOSTICS;REL_CTX002_PAIRING_CERTAINTY;REL_CTX002_PATHWAY_EVIDENCE;REL_CTX002_PHENOTYPE_SUPPORT;REL_CTX002_RECIPIENT_DONOR_INDEPENDENCE;REL_CTX002_SAMPLE_QC;REL_CTX002_SENSITIVITY_STABILITY;REL_CTX002_STUDY_INDEPENDENCE,EXP002-C4,data/metadata/skinexo_response_components.csv;reports/EXP002_C4_cross_study_pathway_validation.md
CTX002,A,A012,INACTIVE,1.6070818928013153,0.0800342622537852,GOBP_LEUKOCYTE_ADHESION_TO_VASCULAR_ENDOTHELIAL_CELL,OBSERVED_NULL,1,0,TRANSCRIPTOME,,INACTIVE,REL_CTX002_ANNOTATION_CERTAINTY;REL_CTX002_BATCH_ADJUSTMENT;REL_CTX002_CONTROL_CERTAINTY;REL_CTX002_CROSS_CONTEXT_REPLICATION;REL_CTX002_EV_PREPARATION_INDEPENDENCE;REL_CTX002_MODEL_DIAGNOSTICS;REL_CTX002_PAIRING_CERTAINTY;REL_CTX002_PATHWAY_EVIDENCE;REL_CTX002_PHENOTYPE_SUPPORT;REL_CTX002_RECIPIENT_DONOR_INDEPENDENCE;REL_CTX002_SAMPLE_QC;REL_CTX002_SENSITIVITY_STABILITY;REL_CTX002_STUDY_INDEPENDENCE,EXP002-C4,data/metadata/skinexo_response_components.csv;reports/EXP002_C4_cross_study_pathway_validation.md
CTX002,A,A013,INACTIVE,1.402095207644026,0.176960485096546,GOBP_NEGATIVE_REGULATION_OF_ENDOTHELIAL_CELL_PROLIFERATION,OBSERVED_NULL,1,0,TRANSCRIPTOME,,INACTIVE,REL_CTX002_ANNOTATION_CERTAINTY;REL_CTX002_BATCH_ADJUSTMENT;REL_CTX002_CONTROL_CERTAINTY;REL_CTX002_CROSS_CONTEXT_REPLICATION;REL_CTX002_EV_PREPARATION_INDEPENDENCE;REL_CTX002_MODEL_DIAGNOSTICS;REL_CTX002_PAIRING_CERTAINTY;REL_CTX002_PATHWAY_EVIDENCE;REL_CTX002_PHENOTYPE_SUPPORT;REL_CTX002_RECIPIENT_DONOR_INDEPENDENCE;REL_CTX002_SAMPLE_QC;REL_CTX002_SENSITIVITY_STABILITY;REL_CTX002_STUDY_INDEPENDENCE,EXP002-C4,data/metadata/skinexo_response_components.csv;reports/EXP002_C4_cross_study_pathway_validation.md
CTX002,A,A014,INACTIVE,0.8928286808295237,0.7741031162981252,GOBP_NEGATIVE_REGULATION_OF_VASCULAR_ASSOCIATED_SMOOTH_MUSCLE_CELL_PROLIFERATION,OBSERVED_NULL,1,0,TRANSCRIPTOME,,INACTIVE,REL_CTX002_ANNOTATION_CERTAINTY;REL_CTX002_BATCH_ADJUSTMENT;REL_CTX002_CONTROL_CERTAINTY;REL_CTX002_CROSS_CONTEXT_REPLICATION;REL_CTX002_EV_PREPARATION_INDEPENDENCE;REL_CTX002_MODEL_DIAGNOSTICS;REL_CTX002_PAIRING_CERTAINTY;REL_CTX002_PATHWAY_EVIDENCE;REL_CTX002_PHENOTYPE_SUPPORT;REL_CTX002_RECIPIENT_DONOR_INDEPENDENCE;REL_CTX002_SAMPLE_QC;REL_CTX002_SENSITIVITY_STABILITY;REL_CTX002_STUDY_INDEPENDENCE,EXP002-C4,data/metadata/skinexo_response_components.csv;reports/EXP002_C4_cross_study_pathway_validation.md
CTX002,A,A015,POSITIVE,2.141401785811477,0.0035509612487492,GOBP_PLACENTA_BLOOD_VESSEL_DEVELOPMENT,ACTIVE_POSITIVE,1,1,TRANSCRIPTOME,,POSITIVE,REL_CTX002_ANNOTATION_CERTAINTY;REL_CTX002_BATCH_ADJUSTMENT;REL_CTX002_CONTROL_CERTAINTY;REL_CTX002_CROSS_CONTEXT_REPLICATION;REL_CTX002_EV_PREPARATION_INDEPENDENCE;REL_CTX002_MODEL_DIAGNOSTICS;REL_CTX002_PAIRING_CERTAINTY;REL_CTX002_PATHWAY_EVIDENCE;REL_CTX002_PHENOTYPE_SUPPORT;REL_CTX002_RECIPIENT_DONOR_INDEPENDENCE;REL_CTX002_SAMPLE_QC;REL_CTX002_SENSITIVITY_STABILITY;REL_CTX002_STUDY_INDEPENDENCE,EXP002-C4,data/metadata/skinexo_response_components.csv;reports/EXP002_C4_cross_study_pathway_validation.md
CTX002,A,A016,POSITIVE,2.132786920385796,0.0036387030237909,GOBP_POSITIVE_REGULATION_OF_CELL_MIGRATION_INVOLVED_IN_SPROUTING_ANGIOGENESIS,ACTIVE_POSITIVE,1,1,TRANSCRIPTOME,,POSITIVE,REL_CTX002_ANNOTATION_CERTAINTY;REL_CTX002_BATCH_ADJUSTMENT;REL_CTX002_CONTROL_CERTAINTY;REL_CTX002_CROSS_CONTEXT_REPLICATION;REL_CTX002_EV_PREPARATION_INDEPENDENCE;REL_CTX002_MODEL_DIAGNOSTICS;REL_CTX002_PAIRING_CERTAINTY;REL_CTX002_PATHWAY_EVIDENCE;REL_CTX002_PHENOTYPE_SUPPORT;REL_CTX002_RECIPIENT_DONOR_INDEPENDENCE;REL_CTX002_SAMPLE_QC;REL_CTX002_SENSITIVITY_STABILITY;REL_CTX002_STUDY_INDEPENDENCE,EXP002-C4,data/metadata/skinexo_response_components.csv;reports/EXP002_C4_cross_study_pathway_validation.md
CTX002,A,A017,INACTIVE,1.532166458495393,0.1083009259702351,GOBP_POSITIVE_REGULATION_OF_ENDOTHELIAL_CELL_APOPTOTIC_PROCESS,OBSERVED_NULL,1,0,TRANSCRIPTOME,,INACTIVE,REL_CTX002_ANNOTATION_CERTAINTY;REL_CTX002_BATCH_ADJUSTMENT;REL_CTX002_CONTROL_CERTAINTY;REL_CTX002_CROSS_CONTEXT_REPLICATION;REL_CTX002_EV_PREPARATION_INDEPENDENCE;REL_CTX002_MODEL_DIAGNOSTICS;REL_CTX002_PAIRING_CERTAINTY;REL_CTX002_PATHWAY_EVIDENCE;REL_CTX002_PHENOTYPE_SUPPORT;REL_CTX002_RECIPIENT_DONOR_INDEPENDENCE;REL_CTX002_SAMPLE_QC;REL_CTX002_SENSITIVITY_STABILITY;REL_CTX002_STUDY_INDEPENDENCE,EXP002-C4,data/metadata/skinexo_response_components.csv;reports/EXP002_C4_cross_study_pathway_validation.md
CTX002,A,A018,INACTIVE,1.354654467305461,0.2101800315340544,GOBP_POSITIVE_REGULATION_OF_SPROUTING_ANGIOGENESIS,OBSERVED_NULL,1,0,TRANSCRIPTOME,,INACTIVE,REL_CTX002_ANNOTATION_CERTAINTY;REL_CTX002_BATCH_ADJUSTMENT;REL_CTX002_CONTROL_CERTAINTY;REL_CTX002_CROSS_CONTEXT_REPLICATION;REL_CTX002_EV_PREPARATION_INDEPENDENCE;REL_CTX002_MODEL_DIAGNOSTICS;REL_CTX002_PAIRING_CERTAINTY;REL_CTX002_PATHWAY_EVIDENCE;REL_CTX002_PHENOTYPE_SUPPORT;REL_CTX002_RECIPIENT_DONOR_INDEPENDENCE;REL_CTX002_SAMPLE_QC;REL_CTX002_SENSITIVITY_STABILITY;REL_CTX002_STUDY_INDEPENDENCE,EXP002-C4,data/metadata/skinexo_response_components.csv;reports/EXP002_C4_cross_study_pathway_validation.md
CTX002,A,A019,INACTIVE,1.4282794949536504,0.1632663963903355,GOBP_POSITIVE_REGULATION_OF_VASCULAR_ASSOCIATED_SMOOTH_MUSCLE_CELL_PROLIFERATION,OBSERVED_NULL,1,0,TRANSCRIPTOME,,INACTIVE,REL_CTX002_ANNOTATION_CERTAINTY;REL_CTX002_BATCH_ADJUSTMENT;REL_CTX002_CONTROL_CERTAINTY;REL_CTX002_CROSS_CONTEXT_REPLICATION;REL_CTX002_EV_PREPARATION_INDEPENDENCE;REL_CTX002_MODEL_DIAGNOSTICS;REL_CTX002_PAIRING_CERTAINTY;REL_CTX002_PATHWAY_EVIDENCE;REL_CTX002_PHENOTYPE_SUPPORT;REL_CTX002_RECIPIENT_DONOR_INDEPENDENCE;REL_CTX002_SAMPLE_QC;REL_CTX002_SENSITIVITY_STABILITY;REL_CTX002_STUDY_INDEPENDENCE,EXP002-C4,data/metadata/skinexo_response_components.csv;reports/EXP002_C4_cross_study_pathway_validation.md
CTX002,A,A020,POSITIVE,2.019077051232892,0.007845146944911,GOBP_POSITIVE_REGULATION_OF_VASCULAR_ENDOTHELIAL_GROWTH_FACTOR_PRODUCTION,ACTIVE_POSITIVE,1,1,TRANSCRIPTOME,,POSITIVE,REL_CTX002_ANNOTATION_CERTAINTY;REL_CTX002_BATCH_ADJUSTMENT;REL_CTX002_CONTROL_CERTAINTY;REL_CTX002_CROSS_CONTEXT_REPLICATION;REL_CTX002_EV_PREPARATION_INDEPENDENCE;REL_CTX002_MODEL_DIAGNOSTICS;REL_CTX002_PAIRING_CERTAINTY;REL_CTX002_PATHWAY_EVIDENCE;REL_CTX002_PHENOTYPE_SUPPORT;REL_CTX002_RECIPIENT_DONOR_INDEPENDENCE;REL_CTX002_SAMPLE_QC;REL_CTX002_SENSITIVITY_STABILITY;REL_CTX002_STUDY_INDEPENDENCE,EXP002-C4,data/metadata/skinexo_response_components.csv;reports/EXP002_C4_cross_study_pathway_validation.md
CTX002,A,A021,INACTIVE,0.7127742821001172,0.955576291439318,GOBP_REGULATION_OF_ENDOTHELIAL_CELL_DIFFERENTIATION,OBSERVED_NULL,1,0,TRANSCRIPTOME,,INACTIVE,REL_CTX002_ANNOTATION_CERTAINTY;REL_CTX002_BATCH_ADJUSTMENT;REL_CTX002_CONTROL_CERTAINTY;REL_CTX002_CROSS_CONTEXT_REPLICATION;REL_CTX002_EV_PREPARATION_INDEPENDENCE;REL_CTX002_MODEL_DIAGNOSTICS;REL_CTX002_PAIRING_CERTAINTY;REL_CTX002_PATHWAY_EVIDENCE;REL_CTX002_PHENOTYPE_SUPPORT;REL_CTX002_RECIPIENT_DONOR_INDEPENDENCE;REL_CTX002_SAMPLE_QC;REL_CTX002_SENSITIVITY_STABILITY;REL_CTX002_STUDY_INDEPENDENCE,EXP002-C4,data/metadata/skinexo_response_components.csv;reports/EXP002_C4_cross_study_pathway_validation.md
CTX002,A,A022,POSITIVE,1.80948716546656,0.0298502946018386,GOBP_REGULATION_OF_SPROUTING_ANGIOGENESIS,ACTIVE_POSITIVE,1,1,TRANSCRIPTOME,,INACTIVE,REL_CTX002_ANNOTATION_CERTAINTY;REL_CTX002_BATCH_ADJUSTMENT;REL_CTX002_CONTROL_CERTAINTY;REL_CTX002_CROSS_CONTEXT_REPLICATION;REL_CTX002_EV_PREPARATION_INDEPENDENCE;REL_CTX002_MODEL_DIAGNOSTICS;REL_CTX002_PAIRING_CERTAINTY;REL_CTX002_PATHWAY_EVIDENCE;REL_CTX002_PHENOTYPE_SUPPORT;REL_CTX002_RECIPIENT_DONOR_INDEPENDENCE;REL_CTX002_SAMPLE_QC;REL_CTX002_SENSITIVITY_STABILITY;REL_CTX002_STUDY_INDEPENDENCE,EXP002-C4,data/metadata/skinexo_response_components.csv;reports/EXP002_C4_cross_study_pathway_validation.md
CTX002,A,A023,INACTIVE,-1.1460234948672618,0.5688754331363214,GOBP_VASCULAR_ENDOTHELIAL_GROWTH_FACTOR_RECEPTOR_SIGNALING_PATHWAY,OBSERVED_NULL,1,0,TRANSCRIPTOME,,INACTIVE,REL_CTX002_ANNOTATION_CERTAINTY;REL_CTX002_BATCH_ADJUSTMENT;REL_CTX002_CONTROL_CERTAINTY;REL_CTX002_CROSS_CONTEXT_REPLICATION;REL_CTX002_EV_PREPARATION_INDEPENDENCE;REL_CTX002_MODEL_DIAGNOSTICS;REL_CTX002_PAIRING_CERTAINTY;REL_CTX002_PATHWAY_EVIDENCE;REL_CTX002_PHENOTYPE_SUPPORT;REL_CTX002_RECIPIENT_DONOR_INDEPENDENCE;REL_CTX002_SAMPLE_QC;REL_CTX002_SENSITIVITY_STABILITY;REL_CTX002_STUDY_INDEPENDENCE,EXP002-C4,data/metadata/skinexo_response_components.csv;reports/EXP002_C4_cross_study_pathway_validation.md
CTX002,A,A024,INACTIVE,0.8691395986619287,0.8065220293406704,GOBP_REGULATION_OF_VASCULAR_PERMEABILITY,OBSERVED_NULL,1,0,TRANSCRIPTOME,,INACTIVE,REL_CTX002_ANNOTATION_CERTAINTY;REL_CTX002_BATCH_ADJUSTMENT;REL_CTX002_CONTROL_CERTAINTY;REL_CTX002_CROSS_CONTEXT_REPLICATION;REL_CTX002_EV_PREPARATION_INDEPENDENCE;REL_CTX002_MODEL_DIAGNOSTICS;REL_CTX002_PAIRING_CERTAINTY;REL_CTX002_PATHWAY_EVIDENCE;REL_CTX002_PHENOTYPE_SUPPORT;REL_CTX002_RECIPIENT_DONOR_INDEPENDENCE;REL_CTX002_SAMPLE_QC;REL_CTX002_SENSITIVITY_STABILITY;REL_CTX002_STUDY_INDEPENDENCE,EXP002-C4,data/metadata/skinexo_response_components.csv;reports/EXP002_C4_cross_study_pathway_validation.md
CTX002,A,A025,POSITIVE,1.866365557909097,0.0221303398893758,GOBP_SPROUTING_ANGIOGENESIS,ACTIVE_POSITIVE,1,1,TRANSCRIPTOME,,POSITIVE,REL_CTX002_ANNOTATION_CERTAINTY;REL_CTX002_BATCH_ADJUSTMENT;REL_CTX002_CONTROL_CERTAINTY;REL_CTX002_CROSS_CONTEXT_REPLICATION;REL_CTX002_EV_PREPARATION_INDEPENDENCE;REL_CTX002_MODEL_DIAGNOSTICS;REL_CTX002_PAIRING_CERTAINTY;REL_CTX002_PATHWAY_EVIDENCE;REL_CTX002_PHENOTYPE_SUPPORT;REL_CTX002_RECIPIENT_DONOR_INDEPENDENCE;REL_CTX002_SAMPLE_QC;REL_CTX002_SENSITIVITY_STABILITY;REL_CTX002_STUDY_INDEPENDENCE,EXP002-C4,data/metadata/skinexo_response_components.csv;reports/EXP002_C4_cross_study_pathway_validation.md
CTX002,A,A026,INACTIVE,1.4950069423722838,0.1259918155716604,GOBP_VASCULAR_ASSOCIATED_SMOOTH_MUSCLE_CELL_DIFFERENTIATION,OBSERVED_NULL,1,0,TRANSCRIPTOME,,INACTIVE,REL_CTX002_ANNOTATION_CERTAINTY;REL_CTX002_BATCH_ADJUSTMENT;REL_CTX002_CONTROL_CERTAINTY;REL_CTX002_CROSS_CONTEXT_REPLICATION;REL_CTX002_EV_PREPARATION_INDEPENDENCE;REL_CTX002_MODEL_DIAGNOSTICS;REL_CTX002_PAIRING_CERTAINTY;REL_CTX002_PATHWAY_EVIDENCE;REL_CTX002_PHENOTYPE_SUPPORT;REL_CTX002_RECIPIENT_DONOR_INDEPENDENCE;REL_CTX002_SAMPLE_QC;REL_CTX002_SENSITIVITY_STABILITY;REL_CTX002_STUDY_INDEPENDENCE,EXP002-C4,data/metadata/skinexo_response_components.csv;reports/EXP002_C4_cross_study_pathway_validation.md
CTX002,A,A027,INACTIVE,1.5845625644105743,0.0885338366355494,GOBP_VASCULAR_ASSOCIATED_SMOOTH_MUSCLE_CELL_MIGRATION,OBSERVED_NULL,1,0,TRANSCRIPTOME,,INACTIVE,REL_CTX002_ANNOTATION_CERTAINTY;REL_CTX002_BATCH_ADJUSTMENT;REL_CTX002_CONTROL_CERTAINTY;REL_CTX002_CROSS_CONTEXT_REPLICATION;REL_CTX002_EV_PREPARATION_INDEPENDENCE;REL_CTX002_MODEL_DIAGNOSTICS;REL_CTX002_PAIRING_CERTAINTY;REL_CTX002_PATHWAY_EVIDENCE;REL_CTX002_PHENOTYPE_SUPPORT;REL_CTX002_RECIPIENT_DONOR_INDEPENDENCE;REL_CTX002_SAMPLE_QC;REL_CTX002_SENSITIVITY_STABILITY;REL_CTX002_STUDY_INDEPENDENCE,EXP002-C4,data/metadata/skinexo_response_components.csv;reports/EXP002_C4_cross_study_pathway_validation.md
CTX002,A,A028,INACTIVE,1.2637759020046455,0.2807018371786279,GOBP_VASCULAR_ASSOCIATED_SMOOTH_MUSCLE_CONTRACTION,OBSERVED_NULL,1,0,TRANSCRIPTOME,,INACTIVE,REL_CTX002_ANNOTATION_CERTAINTY;REL_CTX002_BATCH_ADJUSTMENT;REL_CTX002_CONTROL_CERTAINTY;REL_CTX002_CROSS_CONTEXT_REPLICATION;REL_CTX002_EV_PREPARATION_INDEPENDENCE;REL_CTX002_MODEL_DIAGNOSTICS;REL_CTX002_PAIRING_CERTAINTY;REL_CTX002_PATHWAY_EVIDENCE;REL_CTX002_PHENOTYPE_SUPPORT;REL_CTX002_RECIPIENT_DONOR_INDEPENDENCE;REL_CTX002_SAMPLE_QC;REL_CTX002_SENSITIVITY_STABILITY;REL_CTX002_STUDY_INDEPENDENCE,EXP002-C4,data/metadata/skinexo_response_components.csv;reports/EXP002_C4_cross_study_pathway_validation.md
CTX002,A,A029,INACTIVE,1.2971447631295865,0.2508588820905453,GOBP_VASCULAR_ENDOTHELIAL_CELL_PROLIFERATION,OBSERVED_NULL,1,0,TRANSCRIPTOME,,INACTIVE,REL_CTX002_ANNOTATION_CERTAINTY;REL_CTX002_BATCH_ADJUSTMENT;REL_CTX002_CONTROL_CERTAINTY;REL_CTX002_CROSS_CONTEXT_REPLICATION;REL_CTX002_EV_PREPARATION_INDEPENDENCE;REL_CTX002_MODEL_DIAGNOSTICS;REL_CTX002_PAIRING_CERTAINTY;REL_CTX002_PATHWAY_EVIDENCE;REL_CTX002_PHENOTYPE_SUPPORT;REL_CTX002_RECIPIENT_DONOR_INDEPENDENCE;REL_CTX002_SAMPLE_QC;REL_CTX002_SENSITIVITY_STABILITY;REL_CTX002_STUDY_INDEPENDENCE,EXP002-C4,data/metadata/skinexo_response_components.csv;reports/EXP002_C4_cross_study_pathway_validation.md
CTX002,A,A030,INACTIVE,1.064308676077599,0.5163465091701467,GOBP_VASCULAR_ENDOTHELIAL_CELL_RESPONSE_TO_FLUID_SHEAR_STRESS,OBSERVED_NULL,1,0,TRANSCRIPTOME,,INACTIVE,REL_CTX002_ANNOTATION_CERTAINTY;REL_CTX002_BATCH_ADJUSTMENT;REL_CTX002_CONTROL_CERTAINTY;REL_CTX002_CROSS_CONTEXT_REPLICATION;REL_CTX002_EV_PREPARATION_INDEPENDENCE;REL_CTX002_MODEL_DIAGNOSTICS;REL_CTX002_PAIRING_CERTAINTY;REL_CTX002_PATHWAY_EVIDENCE;REL_CTX002_PHENOTYPE_SUPPORT;REL_CTX002_RECIPIENT_DONOR_INDEPENDENCE;REL_CTX002_SAMPLE_QC;REL_CTX002_SENSITIVITY_STABILITY;REL_CTX002_STUDY_INDEPENDENCE,EXP002-C4,data/metadata/skinexo_response_components.csv;reports/EXP002_C4_cross_study_pathway_validation.md
CTX002,A,A031,POSITIVE,2.008995825471117,0.0082159165105136,GOBP_VASCULAR_ENDOTHELIAL_GROWTH_FACTOR_PRODUCTION,ACTIVE_POSITIVE,1,1,TRANSCRIPTOME,,POSITIVE,REL_CTX002_ANNOTATION_CERTAINTY;REL_CTX002_BATCH_ADJUSTMENT;REL_CTX002_CONTROL_CERTAINTY;REL_CTX002_CROSS_CONTEXT_REPLICATION;REL_CTX002_EV_PREPARATION_INDEPENDENCE;REL_CTX002_MODEL_DIAGNOSTICS;REL_CTX002_PAIRING_CERTAINTY;REL_CTX002_PATHWAY_EVIDENCE;REL_CTX002_PHENOTYPE_SUPPORT;REL_CTX002_RECIPIENT_DONOR_INDEPENDENCE;REL_CTX002_SAMPLE_QC;REL_CTX002_SENSITIVITY_STABILITY;REL_CTX002_STUDY_INDEPENDENCE,EXP002-C4,data/metadata/skinexo_response_components.csv;reports/EXP002_C4_cross_study_pathway_validation.md
CTX002,A,A032,INACTIVE,1.3521215487027394,0.211218922195342,GOBP_VASCULAR_PROCESS_IN_CIRCULATORY_SYSTEM,OBSERVED_NULL,1,0,TRANSCRIPTOME,,INACTIVE,REL_CTX002_ANNOTATION_CERTAINTY;REL_CTX002_BATCH_ADJUSTMENT;REL_CTX002_CONTROL_CERTAINTY;REL_CTX002_CROSS_CONTEXT_REPLICATION;REL_CTX002_EV_PREPARATION_INDEPENDENCE;REL_CTX002_MODEL_DIAGNOSTICS;REL_CTX002_PAIRING_CERTAINTY;REL_CTX002_PATHWAY_EVIDENCE;REL_CTX002_PHENOTYPE_SUPPORT;REL_CTX002_RECIPIENT_DONOR_INDEPENDENCE;REL_CTX002_SAMPLE_QC;REL_CTX002_SENSITIVITY_STABILITY;REL_CTX002_STUDY_INDEPENDENCE,EXP002-C4,data/metadata/skinexo_response_components.csv;reports/EXP002_C4_cross_study_pathway_validation.md
CTX002,A,A033,INACTIVE,1.421266247648743,0.1665585981535116,GOBP_VASCULAR_TRANSPORT,OBSERVED_NULL,1,0,TRANSCRIPTOME,,INACTIVE,REL_CTX002_ANNOTATION_CERTAINTY;REL_CTX002_BATCH_ADJUSTMENT;REL_CTX002_CONTROL_CERTAINTY;REL_CTX002_CROSS_CONTEXT_REPLICATION;REL_CTX002_EV_PREPARATION_INDEPENDENCE;REL_CTX002_MODEL_DIAGNOSTICS;REL_CTX002_PAIRING_CERTAINTY;REL_CTX002_PATHWAY_EVIDENCE;REL_CTX002_PHENOTYPE_SUPPORT;REL_CTX002_RECIPIENT_DONOR_INDEPENDENCE;REL_CTX002_SAMPLE_QC;REL_CTX002_SENSITIVITY_STABILITY;REL_CTX002_STUDY_INDEPENDENCE,EXP002-C4,data/metadata/skinexo_response_components.csv;reports/EXP002_C4_cross_study_pathway_validation.md
CTX002,A,A034,INACTIVE,1.292893175106252,0.2546824147120871,REACTOME_CELL_SURFACE_INTERACTIONS_AT_THE_VASCULAR_WALL,OBSERVED_NULL,1,0,TRANSCRIPTOME,,INACTIVE,REL_CTX002_ANNOTATION_CERTAINTY;REL_CTX002_BATCH_ADJUSTMENT;REL_CTX002_CONTROL_CERTAINTY;REL_CTX002_CROSS_CONTEXT_REPLICATION;REL_CTX002_EV_PREPARATION_INDEPENDENCE;REL_CTX002_MODEL_DIAGNOSTICS;REL_CTX002_PAIRING_CERTAINTY;REL_CTX002_PATHWAY_EVIDENCE;REL_CTX002_PHENOTYPE_SUPPORT;REL_CTX002_RECIPIENT_DONOR_INDEPENDENCE;REL_CTX002_SAMPLE_QC;REL_CTX002_SENSITIVITY_STABILITY;REL_CTX002_STUDY_INDEPENDENCE,EXP002-C4,data/metadata/skinexo_response_components.csv;reports/EXP002_C4_cross_study_pathway_validation.md
CTX002,A,A035,INACTIVE,0.7069814744177123,0.9577811458223392,REACTOME_HIGH_LAMINAR_FLOW_SHEAR_STRESS_ACTIVATES_SIGNALING_BY_PIEZO1_AND_PECAM1_CDH5_KDR_IN_ENDOTHELIAL_CELLS,OBSERVED_NULL,1,0,TRANSCRIPTOME,,INACTIVE,REL_CTX002_ANNOTATION_CERTAINTY;REL_CTX002_BATCH_ADJUSTMENT;REL_CTX002_CONTROL_CERTAINTY;REL_CTX002_CROSS_CONTEXT_REPLICATION;REL_CTX002_EV_PREPARATION_INDEPENDENCE;REL_CTX002_MODEL_DIAGNOSTICS;REL_CTX002_PAIRING_CERTAINTY;REL_CTX002_PATHWAY_EVIDENCE;REL_CTX002_PHENOTYPE_SUPPORT;REL_CTX002_RECIPIENT_DONOR_INDEPENDENCE;REL_CTX002_SAMPLE_QC;REL_CTX002_SENSITIVITY_STABILITY;REL_CTX002_STUDY_INDEPENDENCE,EXP002-C4,data/metadata/skinexo_response_components.csv;reports/EXP002_C4_cross_study_pathway_validation.md
CTX002,A,A036,INACTIVE,-1.2047518988418269,0.5184649387262911,REACTOME_TURBULENT_OSCILLATORY_DISTURBED_FLOW_SHEAR_STRESS_ACTIVATES_SIGNALING_BY_PIEZO1_AND_INTEGRINS_IN_ENDOTHELIAL_CELLS,OBSERVED_NULL,1,0,TRANSCRIPTOME,,INACTIVE,REL_CTX002_ANNOTATION_CERTAINTY;REL_CTX002_BATCH_ADJUSTMENT;REL_CTX002_CONTROL_CERTAINTY;REL_CTX002_CROSS_CONTEXT_REPLICATION;REL_CTX002_EV_PREPARATION_INDEPENDENCE;REL_CTX002_MODEL_DIAGNOSTICS;REL_CTX002_PAIRING_CERTAINTY;REL_CTX002_PATHWAY_EVIDENCE;REL_CTX002_PHENOTYPE_SUPPORT;REL_CTX002_RECIPIENT_DONOR_INDEPENDENCE;REL_CTX002_SAMPLE_QC;REL_CTX002_SENSITIVITY_STABILITY;REL_CTX002_STUDY_INDEPENDENCE,EXP002-C4,data/metadata/skinexo_response_components.csv;reports/EXP002_C4_cross_study_pathway_validation.md
CTX002,A,A037,INACTIVE,-1.2490860540542246,0.4915726499650382,REACTOME_VEGFR2_MEDIATED_VASCULAR_PERMEABILITY,OBSERVED_NULL,1,0,TRANSCRIPTOME,,INACTIVE,REL_CTX002_ANNOTATION_CERTAINTY;REL_CTX002_BATCH_ADJUSTMENT;REL_CTX002_CONTROL_CERTAINTY;REL_CTX002_CROSS_CONTEXT_REPLICATION;REL_CTX002_EV_PREPARATION_INDEPENDENCE;REL_CTX002_MODEL_DIAGNOSTICS;REL_CTX002_PAIRING_CERTAINTY;REL_CTX002_PATHWAY_EVIDENCE;REL_CTX002_PHENOTYPE_SUPPORT;REL_CTX002_RECIPIENT_DONOR_INDEPENDENCE;REL_CTX002_SAMPLE_QC;REL_CTX002_SENSITIVITY_STABILITY;REL_CTX002_STUDY_INDEPENDENCE,EXP002-C4,data/metadata/skinexo_response_components.csv;reports/EXP002_C4_cross_study_pathway_validation.md
CTX002,E,E001,INACTIVE,0.9332968823853132,0.7155541416653637,GOBP_BASEMENT_MEMBRANE_ORGANIZATION,OBSERVED_NULL,1,0,TRANSCRIPTOME,,INACTIVE,REL_CTX002_ANNOTATION_CERTAINTY;REL_CTX002_BATCH_ADJUSTMENT;REL_CTX002_CONTROL_CERTAINTY;REL_CTX002_CROSS_CONTEXT_REPLICATION;REL_CTX002_EV_PREPARATION_INDEPENDENCE;REL_CTX002_MODEL_DIAGNOSTICS;REL_CTX002_PAIRING_CERTAINTY;REL_CTX002_PATHWAY_EVIDENCE;REL_CTX002_PHENOTYPE_SUPPORT;REL_CTX002_RECIPIENT_DONOR_INDEPENDENCE;REL_CTX002_SAMPLE_QC;REL_CTX002_SENSITIVITY_STABILITY;REL_CTX002_STUDY_INDEPENDENCE,EXP002-C4,data/metadata/skinexo_response_components.csv;reports/EXP002_C4_cross_study_pathway_validation.md
CTX002,E,E002,INACTIVE,1.2828529224176544,0.2641582343003963,GOBP_COLLAGEN_BIOSYNTHETIC_PROCESS,OBSERVED_NULL,1,0,TRANSCRIPTOME,,INACTIVE,REL_CTX002_ANNOTATION_CERTAINTY;REL_CTX002_BATCH_ADJUSTMENT;REL_CTX002_CONTROL_CERTAINTY;REL_CTX002_CROSS_CONTEXT_REPLICATION;REL_CTX002_EV_PREPARATION_INDEPENDENCE;REL_CTX002_MODEL_DIAGNOSTICS;REL_CTX002_PAIRING_CERTAINTY;REL_CTX002_PATHWAY_EVIDENCE;REL_CTX002_PHENOTYPE_SUPPORT;REL_CTX002_RECIPIENT_DONOR_INDEPENDENCE;REL_CTX002_SAMPLE_QC;REL_CTX002_SENSITIVITY_STABILITY;REL_CTX002_STUDY_INDEPENDENCE,EXP002-C4,data/metadata/skinexo_response_components.csv;reports/EXP002_C4_cross_study_pathway_validation.md
CTX002,E,E003,INACTIVE,-0.9637322861927056,0.7706719780145027,GOBP_COLLAGEN_CATABOLIC_PROCESS,OBSERVED_NULL,1,0,TRANSCRIPTOME,,INACTIVE,REL_CTX002_ANNOTATION_CERTAINTY;REL_CTX002_BATCH_ADJUSTMENT;REL_CTX002_CONTROL_CERTAINTY;REL_CTX002_CROSS_CONTEXT_REPLICATION;REL_CTX002_EV_PREPARATION_INDEPENDENCE;REL_CTX002_MODEL_DIAGNOSTICS;REL_CTX002_PAIRING_CERTAINTY;REL_CTX002_PATHWAY_EVIDENCE;REL_CTX002_PHENOTYPE_SUPPORT;REL_CTX002_RECIPIENT_DONOR_INDEPENDENCE;REL_CTX002_SAMPLE_QC;REL_CTX002_SENSITIVITY_STABILITY;REL_CTX002_STUDY_INDEPENDENCE,EXP002-C4,data/metadata/skinexo_response_components.csv;reports/EXP002_C4_cross_study_pathway_validation.md
CTX002,E,E004,INACTIVE,1.6892436294679718,0.0569099593493635,GOBP_COLLAGEN_FIBRIL_ORGANIZATION,OBSERVED_NULL,1,0,TRANSCRIPTOME,,INACTIVE,REL_CTX002_ANNOTATION_CERTAINTY;REL_CTX002_BATCH_ADJUSTMENT;REL_CTX002_CONTROL_CERTAINTY;REL_CTX002_CROSS_CONTEXT_REPLICATION;REL_CTX002_EV_PREPARATION_INDEPENDENCE;REL_CTX002_MODEL_DIAGNOSTICS;REL_CTX002_PAIRING_CERTAINTY;REL_CTX002_PATHWAY_EVIDENCE;REL_CTX002_PHENOTYPE_SUPPORT;REL_CTX002_RECIPIENT_DONOR_INDEPENDENCE;REL_CTX002_SAMPLE_QC;REL_CTX002_SENSITIVITY_STABILITY;REL_CTX002_STUDY_INDEPENDENCE,EXP002-C4,data/metadata/skinexo_response_components.csv;reports/EXP002_C4_cross_study_pathway_validation.md
CTX002,E,E005,INACTIVE,1.224877341750366,0.3195344238844891,GOBP_COLLAGEN_METABOLIC_PROCESS,OBSERVED_NULL,1,0,TRANSCRIPTOME,,INACTIVE,REL_CTX002_ANNOTATION_CERTAINTY;REL_CTX002_BATCH_ADJUSTMENT;REL_CTX002_CONTROL_CERTAINTY;REL_CTX002_CROSS_CONTEXT_REPLICATION;REL_CTX002_EV_PREPARATION_INDEPENDENCE;REL_CTX002_MODEL_DIAGNOSTICS;REL_CTX002_PAIRING_CERTAINTY;REL_CTX002_PATHWAY_EVIDENCE;REL_CTX002_PHENOTYPE_SUPPORT;REL_CTX002_RECIPIENT_DONOR_INDEPENDENCE;REL_CTX002_SAMPLE_QC;REL_CTX002_SENSITIVITY_STABILITY;REL_CTX002_STUDY_INDEPENDENCE,EXP002-C4,data/metadata/skinexo_response_components.csv;reports/EXP002_C4_cross_study_pathway_validation.md
CTX002,E,E006,INACTIVE,-1.2036380952158212,0.5181258738599294,GOBP_EXTRACELLULAR_MATRIX_ASSEMBLY,OBSERVED_NULL,1,0,TRANSCRIPTOME,,INACTIVE,REL_CTX002_ANNOTATION_CERTAINTY;REL_CTX002_BATCH_ADJUSTMENT;REL_CTX002_CONTROL_CERTAINTY;REL_CTX002_CROSS_CONTEXT_REPLICATION;REL_CTX002_EV_PREPARATION_INDEPENDENCE;REL_CTX002_MODEL_DIAGNOSTICS;REL_CTX002_PAIRING_CERTAINTY;REL_CTX002_PATHWAY_EVIDENCE;REL_CTX002_PHENOTYPE_SUPPORT;REL_CTX002_RECIPIENT_DONOR_INDEPENDENCE;REL_CTX002_SAMPLE_QC;REL_CTX002_SENSITIVITY_STABILITY;REL_CTX002_STUDY_INDEPENDENCE,EXP002-C4,data/metadata/skinexo_response_components.csv;reports/EXP002_C4_cross_study_pathway_validation.md
CTX002,E,E007,INACTIVE,1.4013342171643,0.1773389546604357,GOBP_EXTRACELLULAR_MATRIX_DISASSEMBLY,OBSERVED_NULL,1,0,TRANSCRIPTOME,,INACTIVE,REL_CTX002_ANNOTATION_CERTAINTY;REL_CTX002_BATCH_ADJUSTMENT;REL_CTX002_CONTROL_CERTAINTY;REL_CTX002_CROSS_CONTEXT_REPLICATION;REL_CTX002_EV_PREPARATION_INDEPENDENCE;REL_CTX002_MODEL_DIAGNOSTICS;REL_CTX002_PAIRING_CERTAINTY;REL_CTX002_PATHWAY_EVIDENCE;REL_CTX002_PHENOTYPE_SUPPORT;REL_CTX002_RECIPIENT_DONOR_INDEPENDENCE;REL_CTX002_SAMPLE_QC;REL_CTX002_SENSITIVITY_STABILITY;REL_CTX002_STUDY_INDEPENDENCE,EXP002-C4,data/metadata/skinexo_response_components.csv;reports/EXP002_C4_cross_study_pathway_validation.md
CTX002,E,E008,INACTIVE,1.1795205845161696,0.3663694573884998,GOBP_NEGATIVE_REGULATION_OF_EXTRACELLULAR_MATRIX_ORGANIZATION,OBSERVED_NULL,1,0,TRANSCRIPTOME,,INACTIVE,REL_CTX002_ANNOTATION_CERTAINTY;REL_CTX002_BATCH_ADJUSTMENT;REL_CTX002_CONTROL_CERTAINTY;REL_CTX002_CROSS_CONTEXT_REPLICATION;REL_CTX002_EV_PREPARATION_INDEPENDENCE;REL_CTX002_MODEL_DIAGNOSTICS;REL_CTX002_PAIRING_CERTAINTY;REL_CTX002_PATHWAY_EVIDENCE;REL_CTX002_PHENOTYPE_SUPPORT;REL_CTX002_RECIPIENT_DONOR_INDEPENDENCE;REL_CTX002_SAMPLE_QC;REL_CTX002_SENSITIVITY_STABILITY;REL_CTX002_STUDY_INDEPENDENCE,EXP002-C4,data/metadata/skinexo_response_components.csv;reports/EXP002_C4_cross_study_pathway_validation.md
CTX002,E,E009,INACTIVE,-1.492604679362346,0.2681189810400743,GOBP_NEGATIVE_REGULATION_OF_TISSUE_REMODELING,OBSERVED_NULL,1,0,TRANSCRIPTOME,,INACTIVE,REL_CTX002_ANNOTATION_CERTAINTY;REL_CTX002_BATCH_ADJUSTMENT;REL_CTX002_CONTROL_CERTAINTY;REL_CTX002_CROSS_CONTEXT_REPLICATION;REL_CTX002_EV_PREPARATION_INDEPENDENCE;REL_CTX002_MODEL_DIAGNOSTICS;REL_CTX002_PAIRING_CERTAINTY;REL_CTX002_PATHWAY_EVIDENCE;REL_CTX002_PHENOTYPE_SUPPORT;REL_CTX002_RECIPIENT_DONOR_INDEPENDENCE;REL_CTX002_SAMPLE_QC;REL_CTX002_SENSITIVITY_STABILITY;REL_CTX002_STUDY_INDEPENDENCE,EXP002-C4,data/metadata/skinexo_response_components.csv;reports/EXP002_C4_cross_study_pathway_validation.md
CTX002,E,E010,INACTIVE,1.2193051546976177,0.325524129818759,GOBP_POSITIVE_REGULATION_OF_EXTRACELLULAR_MATRIX_ORGANIZATION,OBSERVED_NULL,1,0,TRANSCRIPTOME,,INACTIVE,REL_CTX002_ANNOTATION_CERTAINTY;REL_CTX002_BATCH_ADJUSTMENT;REL_CTX002_CONTROL_CERTAINTY;REL_CTX002_CROSS_CONTEXT_REPLICATION;REL_CTX002_EV_PREPARATION_INDEPENDENCE;REL_CTX002_MODEL_DIAGNOSTICS;REL_CTX002_PAIRING_CERTAINTY;REL_CTX002_PATHWAY_EVIDENCE;REL_CTX002_PHENOTYPE_SUPPORT;REL_CTX002_RECIPIENT_DONOR_INDEPENDENCE;REL_CTX002_SAMPLE_QC;REL_CTX002_SENSITIVITY_STABILITY;REL_CTX002_STUDY_INDEPENDENCE,EXP002-C4,data/metadata/skinexo_response_components.csv;reports/EXP002_C4_cross_study_pathway_validation.md
CTX002,E,E011,INACTIVE,1.611377498373784,0.0795167089595372,GOBP_REGULATION_OF_EXTRACELLULAR_MATRIX_DISASSEMBLY,OBSERVED_NULL,1,0,TRANSCRIPTOME,,INACTIVE,REL_CTX002_ANNOTATION_CERTAINTY;REL_CTX002_BATCH_ADJUSTMENT;REL_CTX002_CONTROL_CERTAINTY;REL_CTX002_CROSS_CONTEXT_REPLICATION;REL_CTX002_EV_PREPARATION_INDEPENDENCE;REL_CTX002_MODEL_DIAGNOSTICS;REL_CTX002_PAIRING_CERTAINTY;REL_CTX002_PATHWAY_EVIDENCE;REL_CTX002_PHENOTYPE_SUPPORT;REL_CTX002_RECIPIENT_DONOR_INDEPENDENCE;REL_CTX002_SAMPLE_QC;REL_CTX002_SENSITIVITY_STABILITY;REL_CTX002_STUDY_INDEPENDENCE,EXP002-C4,data/metadata/skinexo_response_components.csv;reports/EXP002_C4_cross_study_pathway_validation.md
CTX002,E,E012,INACTIVE,1.3349082595885058,0.2235744328337993,GOBP_REGULATION_OF_EXTRACELLULAR_MATRIX_ORGANIZATION,OBSERVED_NULL,1,0,TRANSCRIPTOME,,INACTIVE,REL_CTX002_ANNOTATION_CERTAINTY;REL_CTX002_BATCH_ADJUSTMENT;REL_CTX002_CONTROL_CERTAINTY;REL_CTX002_CROSS_CONTEXT_REPLICATION;REL_CTX002_EV_PREPARATION_INDEPENDENCE;REL_CTX002_MODEL_DIAGNOSTICS;REL_CTX002_PAIRING_CERTAINTY;REL_CTX002_PATHWAY_EVIDENCE;REL_CTX002_PHENOTYPE_SUPPORT;REL_CTX002_RECIPIENT_DONOR_INDEPENDENCE;REL_CTX002_SAMPLE_QC;REL_CTX002_SENSITIVITY_STABILITY;REL_CTX002_STUDY_INDEPENDENCE,EXP002-C4,data/metadata/skinexo_response_components.csv;reports/EXP002_C4_cross_study_pathway_validation.md
CTX002,E,E013,INACTIVE,-1.6844643229723772,0.1104235395625475,GOBP_REGULATION_OF_TISSUE_REMODELING,OBSERVED_NULL,1,0,TRANSCRIPTOME,,INACTIVE,REL_CTX002_ANNOTATION_CERTAINTY;REL_CTX002_BATCH_ADJUSTMENT;REL_CTX002_CONTROL_CERTAINTY;REL_CTX002_CROSS_CONTEXT_REPLICATION;REL_CTX002_EV_PREPARATION_INDEPENDENCE;REL_CTX002_MODEL_DIAGNOSTICS;REL_CTX002_PAIRING_CERTAINTY;REL_CTX002_PATHWAY_EVIDENCE;REL_CTX002_PHENOTYPE_SUPPORT;REL_CTX002_RECIPIENT_DONOR_INDEPENDENCE;REL_CTX002_SAMPLE_QC;REL_CTX002_SENSITIVITY_STABILITY;REL_CTX002_STUDY_INDEPENDENCE,EXP002-C4,data/metadata/skinexo_response_components.csv;reports/EXP002_C4_cross_study_pathway_validation.md
CTX002,E,E014,INACTIVE,1.3115826414550216,0.2409444499770522,GOBP_TISSUE_REMODELING,OBSERVED_NULL,1,0,TRANSCRIPTOME,,INACTIVE,REL_CTX002_ANNOTATION_CERTAINTY;REL_CTX002_BATCH_ADJUSTMENT;REL_CTX002_CONTROL_CERTAINTY;REL_CTX002_CROSS_CONTEXT_REPLICATION;REL_CTX002_EV_PREPARATION_INDEPENDENCE;REL_CTX002_MODEL_DIAGNOSTICS;REL_CTX002_PAIRING_CERTAINTY;REL_CTX002_PATHWAY_EVIDENCE;REL_CTX002_PHENOTYPE_SUPPORT;REL_CTX002_RECIPIENT_DONOR_INDEPENDENCE;REL_CTX002_SAMPLE_QC;REL_CTX002_SENSITIVITY_STABILITY;REL_CTX002_STUDY_INDEPENDENCE,EXP002-C4,data/metadata/skinexo_response_components.csv;reports/EXP002_C4_cross_study_pathway_validation.md
CTX002,E,E015,INACTIVE,1.37907066902212,0.1930978622398202,REACTOME_COLLAGEN_CHAIN_TRIMERIZATION,OBSERVED_NULL,1,0,TRANSCRIPTOME,,INACTIVE,REL_CTX002_ANNOTATION_CERTAINTY;REL_CTX002_BATCH_ADJUSTMENT;REL_CTX002_CONTROL_CERTAINTY;REL_CTX002_CROSS_CONTEXT_REPLICATION;REL_CTX002_EV_PREPARATION_INDEPENDENCE;REL_CTX002_MODEL_DIAGNOSTICS;REL_CTX002_PAIRING_CERTAINTY;REL_CTX002_PATHWAY_EVIDENCE;REL_CTX002_PHENOTYPE_SUPPORT;REL_CTX002_RECIPIENT_DONOR_INDEPENDENCE;REL_CTX002_SAMPLE_QC;REL_CTX002_SENSITIVITY_STABILITY;REL_CTX002_STUDY_INDEPENDENCE,EXP002-C4,data/metadata/skinexo_response_components.csv;reports/EXP002_C4_cross_study_pathway_validation.md
CTX002,E,E016,INACTIVE,1.305126760814482,0.245550189176863,REACTOME_CELL_EXTRACELLULAR_MATRIX_INTERACTIONS,OBSERVED_NULL,1,0,TRANSCRIPTOME,,INACTIVE,REL_CTX002_ANNOTATION_CERTAINTY;REL_CTX002_BATCH_ADJUSTMENT;REL_CTX002_CONTROL_CERTAINTY;REL_CTX002_CROSS_CONTEXT_REPLICATION;REL_CTX002_EV_PREPARATION_INDEPENDENCE;REL_CTX002_MODEL_DIAGNOSTICS;REL_CTX002_PAIRING_CERTAINTY;REL_CTX002_PATHWAY_EVIDENCE;REL_CTX002_PHENOTYPE_SUPPORT;REL_CTX002_RECIPIENT_DONOR_INDEPENDENCE;REL_CTX002_SAMPLE_QC;REL_CTX002_SENSITIVITY_STABILITY;REL_CTX002_STUDY_INDEPENDENCE,EXP002-C4,data/metadata/skinexo_response_components.csv;reports/EXP002_C4_cross_study_pathway_validation.md
CTX002,E,E017,INACTIVE,1.0951719468363037,0.4739096852466034,REACTOME_CROSSLINKING_OF_COLLAGEN_FIBRILS,OBSERVED_NULL,1,0,TRANSCRIPTOME,,INACTIVE,REL_CTX002_ANNOTATION_CERTAINTY;REL_CTX002_BATCH_ADJUSTMENT;REL_CTX002_CONTROL_CERTAINTY;REL_CTX002_CROSS_CONTEXT_REPLICATION;REL_CTX002_EV_PREPARATION_INDEPENDENCE;REL_CTX002_MODEL_DIAGNOSTICS;REL_CTX002_PAIRING_CERTAINTY;REL_CTX002_PATHWAY_EVIDENCE;REL_CTX002_PHENOTYPE_SUPPORT;REL_CTX002_RECIPIENT_DONOR_INDEPENDENCE;REL_CTX002_SAMPLE_QC;REL_CTX002_SENSITIVITY_STABILITY;REL_CTX002_STUDY_INDEPENDENCE,EXP002-C4,data/metadata/skinexo_response_components.csv;reports/EXP002_C4_cross_study_pathway_validation.md
CTX002,E,E018,INACTIVE,1.200239444508062,0.344809320999012,REACTOME_DEGRADATION_OF_THE_EXTRACELLULAR_MATRIX,OBSERVED_NULL,1,0,TRANSCRIPTOME,,INACTIVE,REL_CTX002_ANNOTATION_CERTAINTY;REL_CTX002_BATCH_ADJUSTMENT;REL_CTX002_CONTROL_CERTAINTY;REL_CTX002_CROSS_CONTEXT_REPLICATION;REL_CTX002_EV_PREPARATION_INDEPENDENCE;REL_CTX002_MODEL_DIAGNOSTICS;REL_CTX002_PAIRING_CERTAINTY;REL_CTX002_PATHWAY_EVIDENCE;REL_CTX002_PHENOTYPE_SUPPORT;REL_CTX002_RECIPIENT_DONOR_INDEPENDENCE;REL_CTX002_SAMPLE_QC;REL_CTX002_SENSITIVITY_STABILITY;REL_CTX002_STUDY_INDEPENDENCE,EXP002-C4,data/metadata/skinexo_response_components.csv;reports/EXP002_C4_cross_study_pathway_validation.md
CTX002,E,E019,INACTIVE,-1.0580942439171204,0.6634427764183839,REACTOME_ECM_PROTEOGLYCANS,OBSERVED_NULL,1,0,TRANSCRIPTOME,,INACTIVE,REL_CTX002_ANNOTATION_CERTAINTY;REL_CTX002_BATCH_ADJUSTMENT;REL_CTX002_CONTROL_CERTAINTY;REL_CTX002_CROSS_CONTEXT_REPLICATION;REL_CTX002_EV_PREPARATION_INDEPENDENCE;REL_CTX002_MODEL_DIAGNOSTICS;REL_CTX002_PAIRING_CERTAINTY;REL_CTX002_PATHWAY_EVIDENCE;REL_CTX002_PHENOTYPE_SUPPORT;REL_CTX002_RECIPIENT_DONOR_INDEPENDENCE;REL_CTX002_SAMPLE_QC;REL_CTX002_SENSITIVITY_STABILITY;REL_CTX002_STUDY_INDEPENDENCE,EXP002-C4,data/metadata/skinexo_response_components.csv;reports/EXP002_C4_cross_study_pathway_validation.md
CTX002,E,E020,INACTIVE,1.4398692713114305,0.1558998059362825,REACTOME_EXTRACELLULAR_MATRIX_ORGANIZATION,OBSERVED_NULL,1,0,TRANSCRIPTOME,,INACTIVE,REL_CTX002_ANNOTATION_CERTAINTY;REL_CTX002_BATCH_ADJUSTMENT;REL_CTX002_CONTROL_CERTAINTY;REL_CTX002_CROSS_CONTEXT_REPLICATION;REL_CTX002_EV_PREPARATION_INDEPENDENCE;REL_CTX002_MODEL_DIAGNOSTICS;REL_CTX002_PAIRING_CERTAINTY;REL_CTX002_PATHWAY_EVIDENCE;REL_CTX002_PHENOTYPE_SUPPORT;REL_CTX002_RECIPIENT_DONOR_INDEPENDENCE;REL_CTX002_SAMPLE_QC;REL_CTX002_SENSITIVITY_STABILITY;REL_CTX002_STUDY_INDEPENDENCE,EXP002-C4,data/metadata/skinexo_response_components.csv;reports/EXP002_C4_cross_study_pathway_validation.md
CTX002,E,E021,INACTIVE,1.2080328818252415,0.3360158286198715,REACTOME_INTEGRIN_CELL_SURFACE_INTERACTIONS,OBSERVED_NULL,1,0,TRANSCRIPTOME,,INACTIVE,REL_CTX002_ANNOTATION_CERTAINTY;REL_CTX002_BATCH_ADJUSTMENT;REL_CTX002_CONTROL_CERTAINTY;REL_CTX002_CROSS_CONTEXT_REPLICATION;REL_CTX002_EV_PREPARATION_INDEPENDENCE;REL_CTX002_MODEL_DIAGNOSTICS;REL_CTX002_PAIRING_CERTAINTY;REL_CTX002_PATHWAY_EVIDENCE;REL_CTX002_PHENOTYPE_SUPPORT;REL_CTX002_RECIPIENT_DONOR_INDEPENDENCE;REL_CTX002_SAMPLE_QC;REL_CTX002_SENSITIVITY_STABILITY;REL_CTX002_STUDY_INDEPENDENCE,EXP002-C4,data/metadata/skinexo_response_components.csv;reports/EXP002_C4_cross_study_pathway_validation.md
CTX002,E,E022,INACTIVE,1.0844750754306658,0.4859098112699532,REACTOME_NON_INTEGRIN_MEMBRANE_ECM_INTERACTIONS,OBSERVED_NULL,1,0,TRANSCRIPTOME,,INACTIVE,REL_CTX002_ANNOTATION_CERTAINTY;REL_CTX002_BATCH_ADJUSTMENT;REL_CTX002_CONTROL_CERTAINTY;REL_CTX002_CROSS_CONTEXT_REPLICATION;REL_CTX002_EV_PREPARATION_INDEPENDENCE;REL_CTX002_MODEL_DIAGNOSTICS;REL_CTX002_PAIRING_CERTAINTY;REL_CTX002_PATHWAY_EVIDENCE;REL_CTX002_PHENOTYPE_SUPPORT;REL_CTX002_RECIPIENT_DONOR_INDEPENDENCE;REL_CTX002_SAMPLE_QC;REL_CTX002_SENSITIVITY_STABILITY;REL_CTX002_STUDY_INDEPENDENCE,EXP002-C4,data/metadata/skinexo_response_components.csv;reports/EXP002_C4_cross_study_pathway_validation.md
CTX002,I,I001,INACTIVE,1.332361197419031,0.2249823356479562,GOBP_REGULATION_OF_INNATE_IMMUNE_RESPONSE,OBSERVED_NULL,1,0,TRANSCRIPTOME,,INACTIVE,REL_CTX002_ANNOTATION_CERTAINTY;REL_CTX002_BATCH_ADJUSTMENT;REL_CTX002_CONTROL_CERTAINTY;REL_CTX002_CROSS_CONTEXT_REPLICATION;REL_CTX002_EV_PREPARATION_INDEPENDENCE;REL_CTX002_MODEL_DIAGNOSTICS;REL_CTX002_PAIRING_CERTAINTY;REL_CTX002_PATHWAY_EVIDENCE;REL_CTX002_PHENOTYPE_SUPPORT;REL_CTX002_RECIPIENT_DONOR_INDEPENDENCE;REL_CTX002_SAMPLE_QC;REL_CTX002_SENSITIVITY_STABILITY;REL_CTX002_STUDY_INDEPENDENCE,EXP002-C4,data/metadata/skinexo_response_components.csv;reports/EXP002_C4_cross_study_pathway_validation.md
CTX002,I,I002,INACTIVE,1.346064588100767,0.215631422847715,GOBP_ACUTE_INFLAMMATORY_RESPONSE,OBSERVED_NULL,1,0,TRANSCRIPTOME,,INACTIVE,REL_CTX002_ANNOTATION_CERTAINTY;REL_CTX002_BATCH_ADJUSTMENT;REL_CTX002_CONTROL_CERTAINTY;REL_CTX002_CROSS_CONTEXT_REPLICATION;REL_CTX002_EV_PREPARATION_INDEPENDENCE;REL_CTX002_MODEL_DIAGNOSTICS;REL_CTX002_PAIRING_CERTAINTY;REL_CTX002_PATHWAY_EVIDENCE;REL_CTX002_PHENOTYPE_SUPPORT;REL_CTX002_RECIPIENT_DONOR_INDEPENDENCE;REL_CTX002_SAMPLE_QC;REL_CTX002_SENSITIVITY_STABILITY;REL_CTX002_STUDY_INDEPENDENCE,EXP002-C4,data/metadata/skinexo_response_components.csv;reports/EXP002_C4_cross_study_pathway_validation.md
CTX002,I,I003,INACTIVE,1.3529112576196798,0.2108693249414583,GOBP_REGULATION_OF_ADAPTIVE_IMMUNE_RESPONSE,OBSERVED_NULL,1,0,TRANSCRIPTOME,,INACTIVE,REL_CTX002_ANNOTATION_CERTAINTY;REL_CTX002_BATCH_ADJUSTMENT;REL_CTX002_CONTROL_CERTAINTY;REL_CTX002_CROSS_CONTEXT_REPLICATION;REL_CTX002_EV_PREPARATION_INDEPENDENCE;REL_CTX002_MODEL_DIAGNOSTICS;REL_CTX002_PAIRING_CERTAINTY;REL_CTX002_PATHWAY_EVIDENCE;REL_CTX002_PHENOTYPE_SUPPORT;REL_CTX002_RECIPIENT_DONOR_INDEPENDENCE;REL_CTX002_SAMPLE_QC;REL_CTX002_SENSITIVITY_STABILITY;REL_CTX002_STUDY_INDEPENDENCE,EXP002-C4,data/metadata/skinexo_response_components.csv;reports/EXP002_C4_cross_study_pathway_validation.md
CTX002,I,I004,INACTIVE,1.1220208264743758,0.4359788962622856,GOBP_ANTIMICROBIAL_HUMORAL_IMMUNE_RESPONSE_MEDIATED_BY_ANTIMICROBIAL_PEPTIDE,OBSERVED_NULL,1,0,TRANSCRIPTOME,,INACTIVE,REL_CTX002_ANNOTATION_CERTAINTY;REL_CTX002_BATCH_ADJUSTMENT;REL_CTX002_CONTROL_CERTAINTY;REL_CTX002_CROSS_CONTEXT_REPLICATION;REL_CTX002_EV_PREPARATION_INDEPENDENCE;REL_CTX002_MODEL_DIAGNOSTICS;REL_CTX002_PAIRING_CERTAINTY;REL_CTX002_PATHWAY_EVIDENCE;REL_CTX002_PHENOTYPE_SUPPORT;REL_CTX002_RECIPIENT_DONOR_INDEPENDENCE;REL_CTX002_SAMPLE_QC;REL_CTX002_SENSITIVITY_STABILITY;REL_CTX002_STUDY_INDEPENDENCE,EXP002-C4,data/metadata/skinexo_response_components.csv;reports/EXP002_C4_cross_study_pathway_validation.md
CTX002,I,I005,INACTIVE,1.1165785655715466,0.4437030515865535,GOBP_ANTIVIRAL_INNATE_IMMUNE_RESPONSE,OBSERVED_NULL,1,0,TRANSCRIPTOME,,INACTIVE,REL_CTX002_ANNOTATION_CERTAINTY;REL_CTX002_BATCH_ADJUSTMENT;REL_CTX002_CONTROL_CERTAINTY;REL_CTX002_CROSS_CONTEXT_REPLICATION;REL_CTX002_EV_PREPARATION_INDEPENDENCE;REL_CTX002_MODEL_DIAGNOSTICS;REL_CTX002_PAIRING_CERTAINTY;REL_CTX002_PATHWAY_EVIDENCE;REL_CTX002_PHENOTYPE_SUPPORT;REL_CTX002_RECIPIENT_DONOR_INDEPENDENCE;REL_CTX002_SAMPLE_QC;REL_CTX002_SENSITIVITY_STABILITY;REL_CTX002_STUDY_INDEPENDENCE,EXP002-C4,data/metadata/skinexo_response_components.csv;reports/EXP002_C4_cross_study_pathway_validation.md
CTX002,I,I006,INACTIVE,1.3884522966078452,0.1873299098207175,GOBP_CYTOKINE_PRODUCTION_INVOLVED_IN_IMMUNE_RESPONSE,OBSERVED_NULL,1,0,TRANSCRIPTOME,,INACTIVE,REL_CTX002_ANNOTATION_CERTAINTY;REL_CTX002_BATCH_ADJUSTMENT;REL_CTX002_CONTROL_CERTAINTY;REL_CTX002_CROSS_CONTEXT_REPLICATION;REL_CTX002_EV_PREPARATION_INDEPENDENCE;REL_CTX002_MODEL_DIAGNOSTICS;REL_CTX002_PAIRING_CERTAINTY;REL_CTX002_PATHWAY_EVIDENCE;REL_CTX002_PHENOTYPE_SUPPORT;REL_CTX002_RECIPIENT_DONOR_INDEPENDENCE;REL_CTX002_SAMPLE_QC;REL_CTX002_SENSITIVITY_STABILITY;REL_CTX002_STUDY_INDEPENDENCE,EXP002-C4,data/metadata/skinexo_response_components.csv;reports/EXP002_C4_cross_study_pathway_validation.md
CTX002,I,I007,INACTIVE,1.2369741396091627,0.3090368542588766,GOBP_RESPONSE_TO_INTERFERON_BETA,OBSERVED_NULL,1,0,TRANSCRIPTOME,,INACTIVE,REL_CTX002_ANNOTATION_CERTAINTY;REL_CTX002_BATCH_ADJUSTMENT;REL_CTX002_CONTROL_CERTAINTY;REL_CTX002_CROSS_CONTEXT_REPLICATION;REL_CTX002_EV_PREPARATION_INDEPENDENCE;REL_CTX002_MODEL_DIAGNOSTICS;REL_CTX002_PAIRING_CERTAINTY;REL_CTX002_PATHWAY_EVIDENCE;REL_CTX002_PHENOTYPE_SUPPORT;REL_CTX002_RECIPIENT_DONOR_INDEPENDENCE;REL_CTX002_SAMPLE_QC;REL_CTX002_SENSITIVITY_STABILITY;REL_CTX002_STUDY_INDEPENDENCE,EXP002-C4,data/metadata/skinexo_response_components.csv;reports/EXP002_C4_cross_study_pathway_validation.md
CTX002,I,I008,INACTIVE,1.4492170010802277,0.1512801525520042,GOBP_CELLULAR_RESPONSE_TO_INTERLEUKIN_1,OBSERVED_NULL,1,0,TRANSCRIPTOME,,INACTIVE,REL_CTX002_ANNOTATION_CERTAINTY;REL_CTX002_BATCH_ADJUSTMENT;REL_CTX002_CONTROL_CERTAINTY;REL_CTX002_CROSS_CONTEXT_REPLICATION;REL_CTX002_EV_PREPARATION_INDEPENDENCE;REL_CTX002_MODEL_DIAGNOSTICS;REL_CTX002_PAIRING_CERTAINTY;REL_CTX002_PATHWAY_EVIDENCE;REL_CTX002_PHENOTYPE_SUPPORT;REL_CTX002_RECIPIENT_DONOR_INDEPENDENCE;REL_CTX002_SAMPLE_QC;REL_CTX002_SENSITIVITY_STABILITY;REL_CTX002_STUDY_INDEPENDENCE,EXP002-C4,data/metadata/skinexo_response_components.csv;reports/EXP002_C4_cross_study_pathway_validation.md
CTX002,I,I009,INACTIVE,1.485345840195191,0.1305576743904573,GOBP_RESPONSE_TO_TYPE_II_INTERFERON,OBSERVED_NULL,1,0,TRANSCRIPTOME,,INACTIVE,REL_CTX002_ANNOTATION_CERTAINTY;REL_CTX002_BATCH_ADJUSTMENT;REL_CTX002_CONTROL_CERTAINTY;REL_CTX002_CROSS_CONTEXT_REPLICATION;REL_CTX002_EV_PREPARATION_INDEPENDENCE;REL_CTX002_MODEL_DIAGNOSTICS;REL_CTX002_PAIRING_CERTAINTY;REL_CTX002_PATHWAY_EVIDENCE;REL_CTX002_PHENOTYPE_SUPPORT;REL_CTX002_RECIPIENT_DONOR_INDEPENDENCE;REL_CTX002_SAMPLE_QC;REL_CTX002_SENSITIVITY_STABILITY;REL_CTX002_STUDY_INDEPENDENCE,EXP002-C4,data/metadata/skinexo_response_components.csv;reports/EXP002_C4_cross_study_pathway_validation.md
CTX002,I,I010,POSITIVE,1.749656912656782,0.0413709648547227,GOBP_T_CELL_DIFFERENTIATION_INVOLVED_IN_IMMUNE_RESPONSE,ACTIVE_POSITIVE,1,1,TRANSCRIPTOME,,INACTIVE,REL_CTX002_ANNOTATION_CERTAINTY;REL_CTX002_BATCH_ADJUSTMENT;REL_CTX002_CONTROL_CERTAINTY;REL_CTX002_CROSS_CONTEXT_REPLICATION;REL_CTX002_EV_PREPARATION_INDEPENDENCE;REL_CTX002_MODEL_DIAGNOSTICS;REL_CTX002_PAIRING_CERTAINTY;REL_CTX002_PATHWAY_EVIDENCE;REL_CTX002_PHENOTYPE_SUPPORT;REL_CTX002_RECIPIENT_DONOR_INDEPENDENCE;REL_CTX002_SAMPLE_QC;REL_CTX002_SENSITIVITY_STABILITY;REL_CTX002_STUDY_INDEPENDENCE,EXP002-C4,data/metadata/skinexo_response_components.csv;reports/EXP002_C4_cross_study_pathway_validation.md
CTX002,I,I011,INACTIVE,1.0279004802408154,0.5697930126912943,GOBP_CELL_SURFACE_TOLL_LIKE_RECEPTOR_SIGNALING_PATHWAY,OBSERVED_NULL,1,0,TRANSCRIPTOME,,INACTIVE,REL_CTX002_ANNOTATION_CERTAINTY;REL_CTX002_BATCH_ADJUSTMENT;REL_CTX002_CONTROL_CERTAINTY;REL_CTX002_CROSS_CONTEXT_REPLICATION;REL_CTX002_EV_PREPARATION_INDEPENDENCE;REL_CTX002_MODEL_DIAGNOSTICS;REL_CTX002_PAIRING_CERTAINTY;REL_CTX002_PATHWAY_EVIDENCE;REL_CTX002_PHENOTYPE_SUPPORT;REL_CTX002_RECIPIENT_DONOR_INDEPENDENCE;REL_CTX002_SAMPLE_QC;REL_CTX002_SENSITIVITY_STABILITY;REL_CTX002_STUDY_INDEPENDENCE,EXP002-C4,data/metadata/skinexo_response_components.csv;reports/EXP002_C4_cross_study_pathway_validation.md
CTX002,I,I012,INACTIVE,1.5708707892726066,0.0933734771495118,GOBP_CYTOKINE_MEDIATED_SIGNALING_PATHWAY,OBSERVED_NULL,1,0,TRANSCRIPTOME,,INACTIVE,REL_CTX002_ANNOTATION_CERTAINTY;REL_CTX002_BATCH_ADJUSTMENT;REL_CTX002_CONTROL_CERTAINTY;REL_CTX002_CROSS_CONTEXT_REPLICATION;REL_CTX002_EV_PREPARATION_INDEPENDENCE;REL_CTX002_MODEL_DIAGNOSTICS;REL_CTX002_PAIRING_CERTAINTY;REL_CTX002_PATHWAY_EVIDENCE;REL_CTX002_PHENOTYPE_SUPPORT;REL_CTX002_RECIPIENT_DONOR_INDEPENDENCE;REL_CTX002_SAMPLE_QC;REL_CTX002_SENSITIVITY_STABILITY;REL_CTX002_STUDY_INDEPENDENCE,EXP002-C4,data/metadata/skinexo_response_components.csv;reports/EXP002_C4_cross_study_pathway_validation.md
CTX002,I,I013,POSITIVE,1.8161868149888276,0.0298111021448378,GOBP_CYTOKINE_PRODUCTION_INVOLVED_IN_INFLAMMATORY_RESPONSE,ACTIVE_POSITIVE,1,1,TRANSCRIPTOME,,POSITIVE,REL_CTX002_ANNOTATION_CERTAINTY;REL_CTX002_BATCH_ADJUSTMENT;REL_CTX002_CONTROL_CERTAINTY;REL_CTX002_CROSS_CONTEXT_REPLICATION;REL_CTX002_EV_PREPARATION_INDEPENDENCE;REL_CTX002_MODEL_DIAGNOSTICS;REL_CTX002_PAIRING_CERTAINTY;REL_CTX002_PATHWAY_EVIDENCE;REL_CTX002_PHENOTYPE_SUPPORT;REL_CTX002_RECIPIENT_DONOR_INDEPENDENCE;REL_CTX002_SAMPLE_QC;REL_CTX002_SENSITIVITY_STABILITY;REL_CTX002_STUDY_INDEPENDENCE,EXP002-C4,data/metadata/skinexo_response_components.csv;reports/EXP002_C4_cross_study_pathway_validation.md
CTX002,I,I014,INACTIVE,1.2181075429437247,0.3263151373450129,GOBP_ENDOLYSOSOMAL_TOLL_LIKE_RECEPTOR_SIGNALING_PATHWAY,OBSERVED_NULL,1,0,TRANSCRIPTOME,,INACTIVE,REL_CTX002_ANNOTATION_CERTAINTY;REL_CTX002_BATCH_ADJUSTMENT;REL_CTX002_CONTROL_CERTAINTY;REL_CTX002_CROSS_CONTEXT_REPLICATION;REL_CTX002_EV_PREPARATION_INDEPENDENCE;REL_CTX002_MODEL_DIAGNOSTICS;REL_CTX002_PAIRING_CERTAINTY;REL_CTX002_PATHWAY_EVIDENCE;REL_CTX002_PHENOTYPE_SUPPORT;REL_CTX002_RECIPIENT_DONOR_INDEPENDENCE;REL_CTX002_SAMPLE_QC;REL_CTX002_SENSITIVITY_STABILITY;REL_CTX002_STUDY_INDEPENDENCE,EXP002-C4,data/metadata/skinexo_response_components.csv;reports/EXP002_C4_cross_study_pathway_validation.md
CTX002,I,I015,INACTIVE,1.253765966599062,0.2919600471340051,GOBP_HUMORAL_IMMUNE_RESPONSE,OBSERVED_NULL,1,0,TRANSCRIPTOME,,INACTIVE,REL_CTX002_ANNOTATION_CERTAINTY;REL_CTX002_BATCH_ADJUSTMENT;REL_CTX002_CONTROL_CERTAINTY;REL_CTX002_CROSS_CONTEXT_REPLICATION;REL_CTX002_EV_PREPARATION_INDEPENDENCE;REL_CTX002_MODEL_DIAGNOSTICS;REL_CTX002_PAIRING_CERTAINTY;REL_CTX002_PATHWAY_EVIDENCE;REL_CTX002_PHENOTYPE_SUPPORT;REL_CTX002_RECIPIENT_DONOR_INDEPENDENCE;REL_CTX002_SAMPLE_QC;REL_CTX002_SENSITIVITY_STABILITY;REL_CTX002_STUDY_INDEPENDENCE,EXP002-C4,data/metadata/skinexo_response_components.csv;reports/EXP002_C4_cross_study_pathway_validation.md
CTX002,I,I016,INACTIVE,0.9551407358078912,0.6814508231381937,GOBP_HUMORAL_IMMUNE_RESPONSE_MEDIATED_BY_CIRCULATING_IMMUNOGLOBULIN,OBSERVED_NULL,1,0,TRANSCRIPTOME,,INACTIVE,REL_CTX002_ANNOTATION_CERTAINTY;REL_CTX002_BATCH_ADJUSTMENT;REL_CTX002_CONTROL_CERTAINTY;REL_CTX002_CROSS_CONTEXT_REPLICATION;REL_CTX002_EV_PREPARATION_INDEPENDENCE;REL_CTX002_MODEL_DIAGNOSTICS;REL_CTX002_PAIRING_CERTAINTY;REL_CTX002_PATHWAY_EVIDENCE;REL_CTX002_PHENOTYPE_SUPPORT;REL_CTX002_RECIPIENT_DONOR_INDEPENDENCE;REL_CTX002_SAMPLE_QC;REL_CTX002_SENSITIVITY_STABILITY;REL_CTX002_STUDY_INDEPENDENCE,EXP002-C4,data/metadata/skinexo_response_components.csv;reports/EXP002_C4_cross_study_pathway_validation.md
CTX002,I,I017,INACTIVE,-1.5293170727066028,0.2260132734268563,GOBP_IMMUNE_RESPONSE_REGULATING_CELL_SURFACE_RECEPTOR_SIGNALING_PATHWAY_INVOLVED_IN_PHAGOCYTOSIS,OBSERVED_NULL,1,0,TRANSCRIPTOME,,INACTIVE,REL_CTX002_ANNOTATION_CERTAINTY;REL_CTX002_BATCH_ADJUSTMENT;REL_CTX002_CONTROL_CERTAINTY;REL_CTX002_CROSS_CONTEXT_REPLICATION;REL_CTX002_EV_PREPARATION_INDEPENDENCE;REL_CTX002_MODEL_DIAGNOSTICS;REL_CTX002_PAIRING_CERTAINTY;REL_CTX002_PATHWAY_EVIDENCE;REL_CTX002_PHENOTYPE_SUPPORT;REL_CTX002_RECIPIENT_DONOR_INDEPENDENCE;REL_CTX002_SAMPLE_QC;REL_CTX002_SENSITIVITY_STABILITY;REL_CTX002_STUDY_INDEPENDENCE,EXP002-C4,data/metadata/skinexo_response_components.csv;reports/EXP002_C4_cross_study_pathway_validation.md
CTX002,I,I018,INACTIVE,0.8978144710576333,0.7674730069749033,GOBP_T_CELL_MEDIATED_IMMUNE_RESPONSE_TO_TUMOR_CELL,OBSERVED_NULL,1,0,TRANSCRIPTOME,,INACTIVE,REL_CTX002_ANNOTATION_CERTAINTY;REL_CTX002_BATCH_ADJUSTMENT;REL_CTX002_CONTROL_CERTAINTY;REL_CTX002_CROSS_CONTEXT_REPLICATION;REL_CTX002_EV_PREPARATION_INDEPENDENCE;REL_CTX002_MODEL_DIAGNOSTICS;REL_CTX002_PAIRING_CERTAINTY;REL_CTX002_PATHWAY_EVIDENCE;REL_CTX002_PHENOTYPE_SUPPORT;REL_CTX002_RECIPIENT_DONOR_INDEPENDENCE;REL_CTX002_SAMPLE_QC;REL_CTX002_SENSITIVITY_STABILITY;REL_CTX002_STUDY_INDEPENDENCE,EXP002-C4,data/metadata/skinexo_response_components.csv;reports/EXP002_C4_cross_study_pathway_validation.md
CTX002,I,I019,INACTIVE,1.46459483734378,0.1432870219264708,GOBP_IMMUNE_SYSTEM_DEVELOPMENT,OBSERVED_NULL,1,0,TRANSCRIPTOME,,INACTIVE,REL_CTX002_ANNOTATION_CERTAINTY;REL_CTX002_BATCH_ADJUSTMENT;REL_CTX002_CONTROL_CERTAINTY;REL_CTX002_CROSS_CONTEXT_REPLICATION;REL_CTX002_EV_PREPARATION_INDEPENDENCE;REL_CTX002_MODEL_DIAGNOSTICS;REL_CTX002_PAIRING_CERTAINTY;REL_CTX002_PATHWAY_EVIDENCE;REL_CTX002_PHENOTYPE_SUPPORT;REL_CTX002_RECIPIENT_DONOR_INDEPENDENCE;REL_CTX002_SAMPLE_QC;REL_CTX002_SENSITIVITY_STABILITY;REL_CTX002_STUDY_INDEPENDENCE,EXP002-C4,data/metadata/skinexo_response_components.csv;reports/EXP002_C4_cross_study_pathway_validation.md
CTX002,I,I020,INACTIVE,1.2793433559176557,0.267573771826789,GOBP_POSITIVE_REGULATION_OF_INFLAMMASOME_MEDIATED_SIGNALING_PATHWAY,OBSERVED_NULL,1,0,TRANSCRIPTOME,,INACTIVE,REL_CTX002_ANNOTATION_CERTAINTY;REL_CTX002_BATCH_ADJUSTMENT;REL_CTX002_CONTROL_CERTAINTY;REL_CTX002_CROSS_CONTEXT_REPLICATION;REL_CTX002_EV_PREPARATION_INDEPENDENCE;REL_CTX002_MODEL_DIAGNOSTICS;REL_CTX002_PAIRING_CERTAINTY;REL_CTX002_PATHWAY_EVIDENCE;REL_CTX002_PHENOTYPE_SUPPORT;REL_CTX002_RECIPIENT_DONOR_INDEPENDENCE;REL_CTX002_SAMPLE_QC;REL_CTX002_SENSITIVITY_STABILITY;REL_CTX002_STUDY_INDEPENDENCE,EXP002-C4,data/metadata/skinexo_response_components.csv;reports/EXP002_C4_cross_study_pathway_validation.md
CTX002,I,I021,INACTIVE,0.7046946542252928,0.9585421298725972,GOBP_INFLAMMATORY_CELL_APOPTOTIC_PROCESS,OBSERVED_NULL,1,0,TRANSCRIPTOME,,INACTIVE,REL_CTX002_ANNOTATION_CERTAINTY;REL_CTX002_BATCH_ADJUSTMENT;REL_CTX002_CONTROL_CERTAINTY;REL_CTX002_CROSS_CONTEXT_REPLICATION;REL_CTX002_EV_PREPARATION_INDEPENDENCE;REL_CTX002_MODEL_DIAGNOSTICS;REL_CTX002_PAIRING_CERTAINTY;REL_CTX002_PATHWAY_EVIDENCE;REL_CTX002_PHENOTYPE_SUPPORT;REL_CTX002_RECIPIENT_DONOR_INDEPENDENCE;REL_CTX002_SAMPLE_QC;REL_CTX002_SENSITIVITY_STABILITY;REL_CTX002_STUDY_INDEPENDENCE,EXP002-C4,data/metadata/skinexo_response_components.csv;reports/EXP002_C4_cross_study_pathway_validation.md
CTX002,I,I022,INACTIVE,-0.8900127767574071,0.8592522192424935,GOBP_INFLAMMATORY_RESPONSE_TO_ANTIGENIC_STIMULUS,OBSERVED_NULL,1,0,TRANSCRIPTOME,,INACTIVE,REL_CTX002_ANNOTATION_CERTAINTY;REL_CTX002_BATCH_ADJUSTMENT;REL_CTX002_CONTROL_CERTAINTY;REL_CTX002_CROSS_CONTEXT_REPLICATION;REL_CTX002_EV_PREPARATION_INDEPENDENCE;REL_CTX002_MODEL_DIAGNOSTICS;REL_CTX002_PAIRING_CERTAINTY;REL_CTX002_PATHWAY_EVIDENCE;REL_CTX002_PHENOTYPE_SUPPORT;REL_CTX002_RECIPIENT_DONOR_INDEPENDENCE;REL_CTX002_SAMPLE_QC;REL_CTX002_SENSITIVITY_STABILITY;REL_CTX002_STUDY_INDEPENDENCE,EXP002-C4,data/metadata/skinexo_response_components.csv;reports/EXP002_C4_cross_study_pathway_validation.md
CTX002,I,I023,INACTIVE,1.365766291361319,0.2020557665422841,GOBP_INFLAMMATORY_RESPONSE_TO_WOUNDING,OBSERVED_NULL,1,0,TRANSCRIPTOME,,INACTIVE,REL_CTX002_ANNOTATION_CERTAINTY;REL_CTX002_BATCH_ADJUSTMENT;REL_CTX002_CONTROL_CERTAINTY;REL_CTX002_CROSS_CONTEXT_REPLICATION;REL_CTX002_EV_PREPARATION_INDEPENDENCE;REL_CTX002_MODEL_DIAGNOSTICS;REL_CTX002_PAIRING_CERTAINTY;REL_CTX002_PATHWAY_EVIDENCE;REL_CTX002_PHENOTYPE_SUPPORT;REL_CTX002_RECIPIENT_DONOR_INDEPENDENCE;REL_CTX002_SAMPLE_QC;REL_CTX002_SENSITIVITY_STABILITY;REL_CTX002_STUDY_INDEPENDENCE,EXP002-C4,data/metadata/skinexo_response_components.csv;reports/EXP002_C4_cross_study_pathway_validation.md
CTX002,I,I024,INACTIVE,1.5030913861397452,0.122252481167246,GOBP_POSITIVE_REGULATION_OF_INTERFERON_ALPHA_PRODUCTION,OBSERVED_NULL,1,0,TRANSCRIPTOME,,INACTIVE,REL_CTX002_ANNOTATION_CERTAINTY;REL_CTX002_BATCH_ADJUSTMENT;REL_CTX002_CONTROL_CERTAINTY;REL_CTX002_CROSS_CONTEXT_REPLICATION;REL_CTX002_EV_PREPARATION_INDEPENDENCE;REL_CTX002_MODEL_DIAGNOSTICS;REL_CTX002_PAIRING_CERTAINTY;REL_CTX002_PATHWAY_EVIDENCE;REL_CTX002_PHENOTYPE_SUPPORT;REL_CTX002_RECIPIENT_DONOR_INDEPENDENCE;REL_CTX002_SAMPLE_QC;REL_CTX002_SENSITIVITY_STABILITY;REL_CTX002_STUDY_INDEPENDENCE,EXP002-C4,data/metadata/skinexo_response_components.csv;reports/EXP002_C4_cross_study_pathway_validation.md
CTX002,I,I025,INACTIVE,1.3299224568181327,0.2267539746356358,GOBP_POSITIVE_REGULATION_OF_TYPE_I_INTERFERON_PRODUCTION,OBSERVED_NULL,1,0,TRANSCRIPTOME,,INACTIVE,REL_CTX002_ANNOTATION_CERTAINTY;REL_CTX002_BATCH_ADJUSTMENT;REL_CTX002_CONTROL_CERTAINTY;REL_CTX002_CROSS_CONTEXT_REPLICATION;REL_CTX002_EV_PREPARATION_INDEPENDENCE;REL_CTX002_MODEL_DIAGNOSTICS;REL_CTX002_PAIRING_CERTAINTY;REL_CTX002_PATHWAY_EVIDENCE;REL_CTX002_PHENOTYPE_SUPPORT;REL_CTX002_RECIPIENT_DONOR_INDEPENDENCE;REL_CTX002_SAMPLE_QC;REL_CTX002_SENSITIVITY_STABILITY;REL_CTX002_STUDY_INDEPENDENCE,EXP002-C4,data/metadata/skinexo_response_components.csv;reports/EXP002_C4_cross_study_pathway_validation.md
CTX002,I,I026,POSITIVE,1.991565305131804,0.0100447910165463,GOBP_RESPONSE_TO_TYPE_I_INTERFERON,ACTIVE_POSITIVE,1,1,TRANSCRIPTOME,,POSITIVE,REL_CTX002_ANNOTATION_CERTAINTY;REL_CTX002_BATCH_ADJUSTMENT;REL_CTX002_CONTROL_CERTAINTY;REL_CTX002_CROSS_CONTEXT_REPLICATION;REL_CTX002_EV_PREPARATION_INDEPENDENCE;REL_CTX002_MODEL_DIAGNOSTICS;REL_CTX002_PAIRING_CERTAINTY;REL_CTX002_PATHWAY_EVIDENCE;REL_CTX002_PHENOTYPE_SUPPORT;REL_CTX002_RECIPIENT_DONOR_INDEPENDENCE;REL_CTX002_SAMPLE_QC;REL_CTX002_SENSITIVITY_STABILITY;REL_CTX002_STUDY_INDEPENDENCE,EXP002-C4,data/metadata/skinexo_response_components.csv;reports/EXP002_C4_cross_study_pathway_validation.md
CTX002,I,I027,INACTIVE,1.2070091290678264,0.3372813554341467,GOBP_INTERLEUKIN_10_PRODUCTION,OBSERVED_NULL,1,0,TRANSCRIPTOME,,INACTIVE,REL_CTX002_ANNOTATION_CERTAINTY;REL_CTX002_BATCH_ADJUSTMENT;REL_CTX002_CONTROL_CERTAINTY;REL_CTX002_CROSS_CONTEXT_REPLICATION;REL_CTX002_EV_PREPARATION_INDEPENDENCE;REL_CTX002_MODEL_DIAGNOSTICS;REL_CTX002_PAIRING_CERTAINTY;REL_CTX002_PATHWAY_EVIDENCE;REL_CTX002_PHENOTYPE_SUPPORT;REL_CTX002_RECIPIENT_DONOR_INDEPENDENCE;REL_CTX002_SAMPLE_QC;REL_CTX002_SENSITIVITY_STABILITY;REL_CTX002_STUDY_INDEPENDENCE,EXP002-C4,data/metadata/skinexo_response_components.csv;reports/EXP002_C4_cross_study_pathway_validation.md
CTX002,I,I028,INACTIVE,-1.3006395286509804,0.4438561394793848,GOBP_POSITIVE_REGULATION_OF_INTERLEUKIN_12_PRODUCTION,OBSERVED_NULL,1,0,TRANSCRIPTOME,,INACTIVE,REL_CTX002_ANNOTATION_CERTAINTY;REL_CTX002_BATCH_ADJUSTMENT;REL_CTX002_CONTROL_CERTAINTY;REL_CTX002_CROSS_CONTEXT_REPLICATION;REL_CTX002_EV_PREPARATION_INDEPENDENCE;REL_CTX002_MODEL_DIAGNOSTICS;REL_CTX002_PAIRING_CERTAINTY;REL_CTX002_PATHWAY_EVIDENCE;REL_CTX002_PHENOTYPE_SUPPORT;REL_CTX002_RECIPIENT_DONOR_INDEPENDENCE;REL_CTX002_SAMPLE_QC;REL_CTX002_SENSITIVITY_STABILITY;REL_CTX002_STUDY_INDEPENDENCE,EXP002-C4,data/metadata/skinexo_response_components.csv;reports/EXP002_C4_cross_study_pathway_validation.md
CTX002,I,I029,INACTIVE,0.9177070875936684,0.7393525183363413,GOBP_INTERLEUKIN_13_PRODUCTION,OBSERVED_NULL,1,0,TRANSCRIPTOME,,INACTIVE,REL_CTX002_ANNOTATION_CERTAINTY;REL_CTX002_BATCH_ADJUSTMENT;REL_CTX002_CONTROL_CERTAINTY;REL_CTX002_CROSS_CONTEXT_REPLICATION;REL_CTX002_EV_PREPARATION_INDEPENDENCE;REL_CTX002_MODEL_DIAGNOSTICS;REL_CTX002_PAIRING_CERTAINTY;REL_CTX002_PATHWAY_EVIDENCE;REL_CTX002_PHENOTYPE_SUPPORT;REL_CTX002_RECIPIENT_DONOR_INDEPENDENCE;REL_CTX002_SAMPLE_QC;REL_CTX002_SENSITIVITY_STABILITY;REL_CTX002_STUDY_INDEPENDENCE,EXP002-C4,data/metadata/skinexo_response_components.csv;reports/EXP002_C4_cross_study_pathway_validation.md
CTX002,I,I030,INACTIVE,1.3290129001568003,0.2278924942345852,GOBP_INTERLEUKIN_17_PRODUCTION,OBSERVED_NULL,1,0,TRANSCRIPTOME,,INACTIVE,REL_CTX002_ANNOTATION_CERTAINTY;REL_CTX002_BATCH_ADJUSTMENT;REL_CTX002_CONTROL_CERTAINTY;REL_CTX002_CROSS_CONTEXT_REPLICATION;REL_CTX002_EV_PREPARATION_INDEPENDENCE;REL_CTX002_MODEL_DIAGNOSTICS;REL_CTX002_PAIRING_CERTAINTY;REL_CTX002_PATHWAY_EVIDENCE;REL_CTX002_PHENOTYPE_SUPPORT;REL_CTX002_RECIPIENT_DONOR_INDEPENDENCE;REL_CTX002_SAMPLE_QC;REL_CTX002_SENSITIVITY_STABILITY;REL_CTX002_STUDY_INDEPENDENCE,EXP002-C4,data/metadata/skinexo_response_components.csv;reports/EXP002_C4_cross_study_pathway_validation.md
CTX002,I,I031,INACTIVE,0.9250888348112236,0.7288351148139907,GOBP_INTERLEUKIN_1_MEDIATED_SIGNALING_PATHWAY,OBSERVED_NULL,1,0,TRANSCRIPTOME,,INACTIVE,REL_CTX002_ANNOTATION_CERTAINTY;REL_CTX002_BATCH_ADJUSTMENT;REL_CTX002_CONTROL_CERTAINTY;REL_CTX002_CROSS_CONTEXT_REPLICATION;REL_CTX002_EV_PREPARATION_INDEPENDENCE;REL_CTX002_MODEL_DIAGNOSTICS;REL_CTX002_PAIRING_CERTAINTY;REL_CTX002_PATHWAY_EVIDENCE;REL_CTX002_PHENOTYPE_SUPPORT;REL_CTX002_RECIPIENT_DONOR_INDEPENDENCE;REL_CTX002_SAMPLE_QC;REL_CTX002_SENSITIVITY_STABILITY;REL_CTX002_STUDY_INDEPENDENCE,EXP002-C4,data/metadata/skinexo_response_components.csv;reports/EXP002_C4_cross_study_pathway_validation.md
CTX002,I,I032,INACTIVE,0.984693954645976,0.6340287348034438,GOBP_INTERLEUKIN_1_PRODUCTION,OBSERVED_NULL,1,0,TRANSCRIPTOME,,INACTIVE,REL_CTX002_ANNOTATION_CERTAINTY;REL_CTX002_BATCH_ADJUSTMENT;REL_CTX002_CONTROL_CERTAINTY;REL_CTX002_CROSS_CONTEXT_REPLICATION;REL_CTX002_EV_PREPARATION_INDEPENDENCE;REL_CTX002_MODEL_DIAGNOSTICS;REL_CTX002_PAIRING_CERTAINTY;REL_CTX002_PATHWAY_EVIDENCE;REL_CTX002_PHENOTYPE_SUPPORT;REL_CTX002_RECIPIENT_DONOR_INDEPENDENCE;REL_CTX002_SAMPLE_QC;REL_CTX002_SENSITIVITY_STABILITY;REL_CTX002_STUDY_INDEPENDENCE,EXP002-C4,data/metadata/skinexo_response_components.csv;reports/EXP002_C4_cross_study_pathway_validation.md
CTX002,I,I033,INACTIVE,0.7830862838012959,0.909080588262414,GOBP_INTERLEUKIN_2_PRODUCTION,OBSERVED_NULL,1,0,TRANSCRIPTOME,,INACTIVE,REL_CTX002_ANNOTATION_CERTAINTY;REL_CTX002_BATCH_ADJUSTMENT;REL_CTX002_CONTROL_CERTAINTY;REL_CTX002_CROSS_CONTEXT_REPLICATION;REL_CTX002_EV_PREPARATION_INDEPENDENCE;REL_CTX002_MODEL_DIAGNOSTICS;REL_CTX002_PAIRING_CERTAINTY;REL_CTX002_PATHWAY_EVIDENCE;REL_CTX002_PHENOTYPE_SUPPORT;REL_CTX002_RECIPIENT_DONOR_INDEPENDENCE;REL_CTX002_SAMPLE_QC;REL_CTX002_SENSITIVITY_STABILITY;REL_CTX002_STUDY_INDEPENDENCE,EXP002-C4,data/metadata/skinexo_response_components.csv;reports/EXP002_C4_cross_study_pathway_validation.md
CTX002,I,I034,INACTIVE,0.7793942455146792,0.9132951101474562,GOBP_INTERLEUKIN_4_PRODUCTION,OBSERVED_NULL,1,0,TRANSCRIPTOME,,INACTIVE,REL_CTX002_ANNOTATION_CERTAINTY;REL_CTX002_BATCH_ADJUSTMENT;REL_CTX002_CONTROL_CERTAINTY;REL_CTX002_CROSS_CONTEXT_REPLICATION;REL_CTX002_EV_PREPARATION_INDEPENDENCE;REL_CTX002_MODEL_DIAGNOSTICS;REL_CTX002_PAIRING_CERTAINTY;REL_CTX002_PATHWAY_EVIDENCE;REL_CTX002_PHENOTYPE_SUPPORT;REL_CTX002_RECIPIENT_DONOR_INDEPENDENCE;REL_CTX002_SAMPLE_QC;REL_CTX002_SENSITIVITY_STABILITY;REL_CTX002_STUDY_INDEPENDENCE,EXP002-C4,data/metadata/skinexo_response_components.csv;reports/EXP002_C4_cross_study_pathway_validation.md
CTX002,I,I035,POSITIVE,1.809021076533292,0.0297289778965049,GOBP_RESPONSE_TO_INTERLEUKIN_6,ACTIVE_POSITIVE,1,1,TRANSCRIPTOME,,POSITIVE,REL_CTX002_ANNOTATION_CERTAINTY;REL_CTX002_BATCH_ADJUSTMENT;REL_CTX002_CONTROL_CERTAINTY;REL_CTX002_CROSS_CONTEXT_REPLICATION;REL_CTX002_EV_PREPARATION_INDEPENDENCE;REL_CTX002_MODEL_DIAGNOSTICS;REL_CTX002_PAIRING_CERTAINTY;REL_CTX002_PATHWAY_EVIDENCE;REL_CTX002_PHENOTYPE_SUPPORT;REL_CTX002_RECIPIENT_DONOR_INDEPENDENCE;REL_CTX002_SAMPLE_QC;REL_CTX002_SENSITIVITY_STABILITY;REL_CTX002_STUDY_INDEPENDENCE,EXP002-C4,data/metadata/skinexo_response_components.csv;reports/EXP002_C4_cross_study_pathway_validation.md
CTX002,I,I036,INACTIVE,1.3279126921618132,0.2287864858363025,GOBP_INTERLEUKIN_6_PRODUCTION,OBSERVED_NULL,1,0,TRANSCRIPTOME,,INACTIVE,REL_CTX002_ANNOTATION_CERTAINTY;REL_CTX002_BATCH_ADJUSTMENT;REL_CTX002_CONTROL_CERTAINTY;REL_CTX002_CROSS_CONTEXT_REPLICATION;REL_CTX002_EV_PREPARATION_INDEPENDENCE;REL_CTX002_MODEL_DIAGNOSTICS;REL_CTX002_PAIRING_CERTAINTY;REL_CTX002_PATHWAY_EVIDENCE;REL_CTX002_PHENOTYPE_SUPPORT;REL_CTX002_RECIPIENT_DONOR_INDEPENDENCE;REL_CTX002_SAMPLE_QC;REL_CTX002_SENSITIVITY_STABILITY;REL_CTX002_STUDY_INDEPENDENCE,EXP002-C4,data/metadata/skinexo_response_components.csv;reports/EXP002_C4_cross_study_pathway_validation.md
CTX002,I,I037,INACTIVE,1.0274684034989223,0.5699054172358872,GOBP_POSITIVE_REGULATION_OF_INTERLEUKIN_8_PRODUCTION,OBSERVED_NULL,1,0,TRANSCRIPTOME,,INACTIVE,REL_CTX002_ANNOTATION_CERTAINTY;REL_CTX002_BATCH_ADJUSTMENT;REL_CTX002_CONTROL_CERTAINTY;REL_CTX002_CROSS_CONTEXT_REPLICATION;REL_CTX002_EV_PREPARATION_INDEPENDENCE;REL_CTX002_MODEL_DIAGNOSTICS;REL_CTX002_PAIRING_CERTAINTY;REL_CTX002_PATHWAY_EVIDENCE;REL_CTX002_PHENOTYPE_SUPPORT;REL_CTX002_RECIPIENT_DONOR_INDEPENDENCE;REL_CTX002_SAMPLE_QC;REL_CTX002_SENSITIVITY_STABILITY;REL_CTX002_STUDY_INDEPENDENCE,EXP002-C4,data/metadata/skinexo_response_components.csv;reports/EXP002_C4_cross_study_pathway_validation.md
CTX002,I,I038,INACTIVE,1.6070818928013153,0.0800342622537852,GOBP_LEUKOCYTE_ADHESION_TO_VASCULAR_ENDOTHELIAL_CELL,OBSERVED_NULL,1,0,TRANSCRIPTOME,,INACTIVE,REL_CTX002_ANNOTATION_CERTAINTY;REL_CTX002_BATCH_ADJUSTMENT;REL_CTX002_CONTROL_CERTAINTY;REL_CTX002_CROSS_CONTEXT_REPLICATION;REL_CTX002_EV_PREPARATION_INDEPENDENCE;REL_CTX002_MODEL_DIAGNOSTICS;REL_CTX002_PAIRING_CERTAINTY;REL_CTX002_PATHWAY_EVIDENCE;REL_CTX002_PHENOTYPE_SUPPORT;REL_CTX002_RECIPIENT_DONOR_INDEPENDENCE;REL_CTX002_SAMPLE_QC;REL_CTX002_SENSITIVITY_STABILITY;REL_CTX002_STUDY_INDEPENDENCE,EXP002-C4,data/metadata/skinexo_response_components.csv;reports/EXP002_C4_cross_study_pathway_validation.md
CTX002,I,I039,INACTIVE,1.1317228507590598,0.4236232653495397,GOBP_LEUKOCYTE_APOPTOTIC_PROCESS,OBSERVED_NULL,1,0,TRANSCRIPTOME,,INACTIVE,REL_CTX002_ANNOTATION_CERTAINTY;REL_CTX002_BATCH_ADJUSTMENT;REL_CTX002_CONTROL_CERTAINTY;REL_CTX002_CROSS_CONTEXT_REPLICATION;REL_CTX002_EV_PREPARATION_INDEPENDENCE;REL_CTX002_MODEL_DIAGNOSTICS;REL_CTX002_PAIRING_CERTAINTY;REL_CTX002_PATHWAY_EVIDENCE;REL_CTX002_PHENOTYPE_SUPPORT;REL_CTX002_RECIPIENT_DONOR_INDEPENDENCE;REL_CTX002_SAMPLE_QC;REL_CTX002_SENSITIVITY_STABILITY;REL_CTX002_STUDY_INDEPENDENCE,EXP002-C4,data/metadata/skinexo_response_components.csv;reports/EXP002_C4_cross_study_pathway_validation.md
CTX002,I,I040,INACTIVE,1.3537224958663518,0.2108757132783713,GOBP_LEUKOCYTE_CELL_CELL_ADHESION,OBSERVED_NULL,1,0,TRANSCRIPTOME,,INACTIVE,REL_CTX002_ANNOTATION_CERTAINTY;REL_CTX002_BATCH_ADJUSTMENT;REL_CTX002_CONTROL_CERTAINTY;REL_CTX002_CROSS_CONTEXT_REPLICATION;REL_CTX002_EV_PREPARATION_INDEPENDENCE;REL_CTX002_MODEL_DIAGNOSTICS;REL_CTX002_PAIRING_CERTAINTY;REL_CTX002_PATHWAY_EVIDENCE;REL_CTX002_PHENOTYPE_SUPPORT;REL_CTX002_RECIPIENT_DONOR_INDEPENDENCE;REL_CTX002_SAMPLE_QC;REL_CTX002_SENSITIVITY_STABILITY;REL_CTX002_STUDY_INDEPENDENCE,EXP002-C4,data/metadata/skinexo_response_components.csv;reports/EXP002_C4_cross_study_pathway_validation.md
CTX002,I,I041,INACTIVE,1.6738623303900828,0.0611336607805449,GOBP_REGULATION_OF_LEUKOCYTE_CHEMOTAXIS,OBSERVED_NULL,1,0,TRANSCRIPTOME,,INACTIVE,REL_CTX002_ANNOTATION_CERTAINTY;REL_CTX002_BATCH_ADJUSTMENT;REL_CTX002_CONTROL_CERTAINTY;REL_CTX002_CROSS_CONTEXT_REPLICATION;REL_CTX002_EV_PREPARATION_INDEPENDENCE;REL_CTX002_MODEL_DIAGNOSTICS;REL_CTX002_PAIRING_CERTAINTY;REL_CTX002_PATHWAY_EVIDENCE;REL_CTX002_PHENOTYPE_SUPPORT;REL_CTX002_RECIPIENT_DONOR_INDEPENDENCE;REL_CTX002_SAMPLE_QC;REL_CTX002_SENSITIVITY_STABILITY;REL_CTX002_STUDY_INDEPENDENCE,EXP002-C4,data/metadata/skinexo_response_components.csv;reports/EXP002_C4_cross_study_pathway_validation.md
CTX002,I,I042,INACTIVE,1.2435370459210835,0.3029160434852893,GOBP_POSITIVE_REGULATION_OF_LEUKOCYTE_DEGRANULATION,OBSERVED_NULL,1,0,TRANSCRIPTOME,,INACTIVE,REL_CTX002_ANNOTATION_CERTAINTY;REL_CTX002_BATCH_ADJUSTMENT;REL_CTX002_CONTROL_CERTAINTY;REL_CTX002_CROSS_CONTEXT_REPLICATION;REL_CTX002_EV_PREPARATION_INDEPENDENCE;REL_CTX002_MODEL_DIAGNOSTICS;REL_CTX002_PAIRING_CERTAINTY;REL_CTX002_PATHWAY_EVIDENCE;REL_CTX002_PHENOTYPE_SUPPORT;REL_CTX002_RECIPIENT_DONOR_INDEPENDENCE;REL_CTX002_SAMPLE_QC;REL_CTX002_SENSITIVITY_STABILITY;REL_CTX002_STUDY_INDEPENDENCE,EXP002-C4,data/metadata/skinexo_response_components.csv;reports/EXP002_C4_cross_study_pathway_validation.md
CTX002,I,I043,INACTIVE,1.3000820027998865,0.248515780730002,GOBP_LEUKOCYTE_HOMEOSTASIS,OBSERVED_NULL,1,0,TRANSCRIPTOME,,INACTIVE,REL_CTX002_ANNOTATION_CERTAINTY;REL_CTX002_BATCH_ADJUSTMENT;REL_CTX002_CONTROL_CERTAINTY;REL_CTX002_CROSS_CONTEXT_REPLICATION;REL_CTX002_EV_PREPARATION_INDEPENDENCE;REL_CTX002_MODEL_DIAGNOSTICS;REL_CTX002_PAIRING_CERTAINTY;REL_CTX002_PATHWAY_EVIDENCE;REL_CTX002_PHENOTYPE_SUPPORT;REL_CTX002_RECIPIENT_DONOR_INDEPENDENCE;REL_CTX002_SAMPLE_QC;REL_CTX002_SENSITIVITY_STABILITY;REL_CTX002_STUDY_INDEPENDENCE,EXP002-C4,data/metadata/skinexo_response_components.csv;reports/EXP002_C4_cross_study_pathway_validation.md
CTX002,I,I044,INACTIVE,0.9732240370023232,0.6496787263119606,GOBP_LEUKOCYTE_MEDIATED_CYTOTOXICITY,OBSERVED_NULL,1,0,TRANSCRIPTOME,,INACTIVE,REL_CTX002_ANNOTATION_CERTAINTY;REL_CTX002_BATCH_ADJUSTMENT;REL_CTX002_CONTROL_CERTAINTY;REL_CTX002_CROSS_CONTEXT_REPLICATION;REL_CTX002_EV_PREPARATION_INDEPENDENCE;REL_CTX002_MODEL_DIAGNOSTICS;REL_CTX002_PAIRING_CERTAINTY;REL_CTX002_PATHWAY_EVIDENCE;REL_CTX002_PHENOTYPE_SUPPORT;REL_CTX002_RECIPIENT_DONOR_INDEPENDENCE;REL_CTX002_SAMPLE_QC;REL_CTX002_SENSITIVITY_STABILITY;REL_CTX002_STUDY_INDEPENDENCE,EXP002-C4,data/metadata/skinexo_response_components.csv;reports/EXP002_C4_cross_study_pathway_validation.md
CTX002,I,I045,INACTIVE,1.2447270823125216,0.3022318151600257,GOBP_REGULATION_OF_LEUKOCYTE_PROLIFERATION,OBSERVED_NULL,1,0,TRANSCRIPTOME,,INACTIVE,REL_CTX002_ANNOTATION_CERTAINTY;REL_CTX002_BATCH_ADJUSTMENT;REL_CTX002_CONTROL_CERTAINTY;REL_CTX002_CROSS_CONTEXT_REPLICATION;REL_CTX002_EV_PREPARATION_INDEPENDENCE;REL_CTX002_MODEL_DIAGNOSTICS;REL_CTX002_PAIRING_CERTAINTY;REL_CTX002_PATHWAY_EVIDENCE;REL_CTX002_PHENOTYPE_SUPPORT;REL_CTX002_RECIPIENT_DONOR_INDEPENDENCE;REL_CTX002_SAMPLE_QC;REL_CTX002_SENSITIVITY_STABILITY;REL_CTX002_STUDY_INDEPENDENCE,EXP002-C4,data/metadata/skinexo_response_components.csv;reports/EXP002_C4_cross_study_pathway_validation.md
CTX002,I,I046,INACTIVE,1.4227544624959565,0.1652587167093683,GOBP_MACROPHAGE_ACTIVATION,OBSERVED_NULL,1,0,TRANSCRIPTOME,,INACTIVE,REL_CTX002_ANNOTATION_CERTAINTY;REL_CTX002_BATCH_ADJUSTMENT;REL_CTX002_CONTROL_CERTAINTY;REL_CTX002_CROSS_CONTEXT_REPLICATION;REL_CTX002_EV_PREPARATION_INDEPENDENCE;REL_CTX002_MODEL_DIAGNOSTICS;REL_CTX002_PAIRING_CERTAINTY;REL_CTX002_PATHWAY_EVIDENCE;REL_CTX002_PHENOTYPE_SUPPORT;REL_CTX002_RECIPIENT_DONOR_INDEPENDENCE;REL_CTX002_SAMPLE_QC;REL_CTX002_SENSITIVITY_STABILITY;REL_CTX002_STUDY_INDEPENDENCE,EXP002-C4,data/metadata/skinexo_response_components.csv;reports/EXP002_C4_cross_study_pathway_validation.md
CTX002,I,I047,INACTIVE,1.576562243556769,0.0919862006965788,GOBP_POSITIVE_REGULATION_OF_MACROPHAGE_CHEMOTAXIS,OBSERVED_NULL,1,0,TRANSCRIPTOME,,INACTIVE,REL_CTX002_ANNOTATION_CERTAINTY;REL_CTX002_BATCH_ADJUSTMENT;REL_CTX002_CONTROL_CERTAINTY;REL_CTX002_CROSS_CONTEXT_REPLICATION;REL_CTX002_EV_PREPARATION_INDEPENDENCE;REL_CTX002_MODEL_DIAGNOSTICS;REL_CTX002_PAIRING_CERTAINTY;REL_CTX002_PATHWAY_EVIDENCE;REL_CTX002_PHENOTYPE_SUPPORT;REL_CTX002_RECIPIENT_DONOR_INDEPENDENCE;REL_CTX002_SAMPLE_QC;REL_CTX002_SENSITIVITY_STABILITY;REL_CTX002_STUDY_INDEPENDENCE,EXP002-C4,data/metadata/skinexo_response_components.csv;reports/EXP002_C4_cross_study_pathway_validation.md
CTX002,I,I048,INACTIVE,1.4190408192960509,0.1676537256912518,GOBP_POSITIVE_REGULATION_OF_MYELOID_LEUKOCYTE_CYTOKINE_PRODUCTION_INVOLVED_IN_IMMUNE_RESPONSE,OBSERVED_NULL,1,0,TRANSCRIPTOME,,INACTIVE,REL_CTX002_ANNOTATION_CERTAINTY;REL_CTX002_BATCH_ADJUSTMENT;REL_CTX002_CONTROL_CERTAINTY;REL_CTX002_CROSS_CONTEXT_REPLICATION;REL_CTX002_EV_PREPARATION_INDEPENDENCE;REL_CTX002_MODEL_DIAGNOSTICS;REL_CTX002_PAIRING_CERTAINTY;REL_CTX002_PATHWAY_EVIDENCE;REL_CTX002_PHENOTYPE_SUPPORT;REL_CTX002_RECIPIENT_DONOR_INDEPENDENCE;REL_CTX002_SAMPLE_QC;REL_CTX002_SENSITIVITY_STABILITY;REL_CTX002_STUDY_INDEPENDENCE,EXP002-C4,data/metadata/skinexo_response_components.csv;reports/EXP002_C4_cross_study_pathway_validation.md
CTX002,I,I049,POSITIVE,1.7710760270396533,0.0366915458101134,GOBP_MACROPHAGE_DIFFERENTIATION,ACTIVE_POSITIVE,1,1,TRANSCRIPTOME,,POSITIVE,REL_CTX002_ANNOTATION_CERTAINTY;REL_CTX002_BATCH_ADJUSTMENT;REL_CTX002_CONTROL_CERTAINTY;REL_CTX002_CROSS_CONTEXT_REPLICATION;REL_CTX002_EV_PREPARATION_INDEPENDENCE;REL_CTX002_MODEL_DIAGNOSTICS;REL_CTX002_PAIRING_CERTAINTY;REL_CTX002_PATHWAY_EVIDENCE;REL_CTX002_PHENOTYPE_SUPPORT;REL_CTX002_RECIPIENT_DONOR_INDEPENDENCE;REL_CTX002_SAMPLE_QC;REL_CTX002_SENSITIVITY_STABILITY;REL_CTX002_STUDY_INDEPENDENCE,EXP002-C4,data/metadata/skinexo_response_components.csv;reports/EXP002_C4_cross_study_pathway_validation.md
CTX002,I,I050,INACTIVE,1.013423911152848,0.5915026902628125,GOBP_MYD88_DEPENDENT_TOLL_LIKE_RECEPTOR_SIGNALING_PATHWAY,OBSERVED_NULL,1,0,TRANSCRIPTOME,,INACTIVE,REL_CTX002_ANNOTATION_CERTAINTY;REL_CTX002_BATCH_ADJUSTMENT;REL_CTX002_CONTROL_CERTAINTY;REL_CTX002_CROSS_CONTEXT_REPLICATION;REL_CTX002_EV_PREPARATION_INDEPENDENCE;REL_CTX002_MODEL_DIAGNOSTICS;REL_CTX002_PAIRING_CERTAINTY;REL_CTX002_PATHWAY_EVIDENCE;REL_CTX002_PHENOTYPE_SUPPORT;REL_CTX002_RECIPIENT_DONOR_INDEPENDENCE;REL_CTX002_SAMPLE_QC;REL_CTX002_SENSITIVITY_STABILITY;REL_CTX002_STUDY_INDEPENDENCE,EXP002-C4,data/metadata/skinexo_response_components.csv;reports/EXP002_C4_cross_study_pathway_validation.md
CTX002,I,I051,INACTIVE,1.274699307298213,0.2709754431929816,GOBP_MYELOID_LEUKOCYTE_ACTIVATION,OBSERVED_NULL,1,0,TRANSCRIPTOME,,INACTIVE,REL_CTX002_ANNOTATION_CERTAINTY;REL_CTX002_BATCH_ADJUSTMENT;REL_CTX002_CONTROL_CERTAINTY;REL_CTX002_CROSS_CONTEXT_REPLICATION;REL_CTX002_EV_PREPARATION_INDEPENDENCE;REL_CTX002_MODEL_DIAGNOSTICS;REL_CTX002_PAIRING_CERTAINTY;REL_CTX002_PATHWAY_EVIDENCE;REL_CTX002_PHENOTYPE_SUPPORT;REL_CTX002_RECIPIENT_DONOR_INDEPENDENCE;REL_CTX002_SAMPLE_QC;REL_CTX002_SENSITIVITY_STABILITY;REL_CTX002_STUDY_INDEPENDENCE,EXP002-C4,data/metadata/skinexo_response_components.csv;reports/EXP002_C4_cross_study_pathway_validation.md
CTX002,I,I052,INACTIVE,1.5536229055976043,0.1007372522599392,GOBP_MYELOID_LEUKOCYTE_DIFFERENTIATION,OBSERVED_NULL,1,0,TRANSCRIPTOME,,INACTIVE,REL_CTX002_ANNOTATION_CERTAINTY;REL_CTX002_BATCH_ADJUSTMENT;REL_CTX002_CONTROL_CERTAINTY;REL_CTX002_CROSS_CONTEXT_REPLICATION;REL_CTX002_EV_PREPARATION_INDEPENDENCE;REL_CTX002_MODEL_DIAGNOSTICS;REL_CTX002_PAIRING_CERTAINTY;REL_CTX002_PATHWAY_EVIDENCE;REL_CTX002_PHENOTYPE_SUPPORT;REL_CTX002_RECIPIENT_DONOR_INDEPENDENCE;REL_CTX002_SAMPLE_QC;REL_CTX002_SENSITIVITY_STABILITY;REL_CTX002_STUDY_INDEPENDENCE,EXP002-C4,data/metadata/skinexo_response_components.csv;reports/EXP002_C4_cross_study_pathway_validation.md
CTX002,I,I053,INACTIVE,0.9254703148349326,0.7281618347954709,GOBP_NEGATIVE_REGULATION_OF_ADAPTIVE_IMMUNE_RESPONSE,OBSERVED_NULL,1,0,TRANSCRIPTOME,,INACTIVE,REL_CTX002_ANNOTATION_CERTAINTY;REL_CTX002_BATCH_ADJUSTMENT;REL_CTX002_CONTROL_CERTAINTY;REL_CTX002_CROSS_CONTEXT_REPLICATION;REL_CTX002_EV_PREPARATION_INDEPENDENCE;REL_CTX002_MODEL_DIAGNOSTICS;REL_CTX002_PAIRING_CERTAINTY;REL_CTX002_PATHWAY_EVIDENCE;REL_CTX002_PHENOTYPE_SUPPORT;REL_CTX002_RECIPIENT_DONOR_INDEPENDENCE;REL_CTX002_SAMPLE_QC;REL_CTX002_SENSITIVITY_STABILITY;REL_CTX002_STUDY_INDEPENDENCE,EXP002-C4,data/metadata/skinexo_response_components.csv;reports/EXP002_C4_cross_study_pathway_validation.md
CTX002,I,I054,INACTIVE,1.503611932196193,0.1219737220532308,GOBP_NEGATIVE_REGULATION_OF_CYTOKINE_PRODUCTION,OBSERVED_NULL,1,0,TRANSCRIPTOME,,INACTIVE,REL_CTX002_ANNOTATION_CERTAINTY;REL_CTX002_BATCH_ADJUSTMENT;REL_CTX002_CONTROL_CERTAINTY;REL_CTX002_CROSS_CONTEXT_REPLICATION;REL_CTX002_EV_PREPARATION_INDEPENDENCE;REL_CTX002_MODEL_DIAGNOSTICS;REL_CTX002_PAIRING_CERTAINTY;REL_CTX002_PATHWAY_EVIDENCE;REL_CTX002_PHENOTYPE_SUPPORT;REL_CTX002_RECIPIENT_DONOR_INDEPENDENCE;REL_CTX002_SAMPLE_QC;REL_CTX002_SENSITIVITY_STABILITY;REL_CTX002_STUDY_INDEPENDENCE,EXP002-C4,data/metadata/skinexo_response_components.csv;reports/EXP002_C4_cross_study_pathway_validation.md
CTX002,I,I055,INACTIVE,0.9076178109787948,0.7536924393006864,GOBP_NEGATIVE_REGULATION_OF_IMMUNE_EFFECTOR_PROCESS,OBSERVED_NULL,1,0,TRANSCRIPTOME,,INACTIVE,REL_CTX002_ANNOTATION_CERTAINTY;REL_CTX002_BATCH_ADJUSTMENT;REL_CTX002_CONTROL_CERTAINTY;REL_CTX002_CROSS_CONTEXT_REPLICATION;REL_CTX002_EV_PREPARATION_INDEPENDENCE;REL_CTX002_MODEL_DIAGNOSTICS;REL_CTX002_PAIRING_CERTAINTY;REL_CTX002_PATHWAY_EVIDENCE;REL_CTX002_PHENOTYPE_SUPPORT;REL_CTX002_RECIPIENT_DONOR_INDEPENDENCE;REL_CTX002_SAMPLE_QC;REL_CTX002_SENSITIVITY_STABILITY;REL_CTX002_STUDY_INDEPENDENCE,EXP002-C4,data/metadata/skinexo_response_components.csv;reports/EXP002_C4_cross_study_pathway_validation.md
CTX002,I,I056,INACTIVE,1.0243989355970646,0.5752626314223795,GOBP_NEGATIVE_REGULATION_OF_IMMUNE_RESPONSE,OBSERVED_NULL,1,0,TRANSCRIPTOME,,INACTIVE,REL_CTX002_ANNOTATION_CERTAINTY;REL_CTX002_BATCH_ADJUSTMENT;REL_CTX002_CONTROL_CERTAINTY;REL_CTX002_CROSS_CONTEXT_REPLICATION;REL_CTX002_EV_PREPARATION_INDEPENDENCE;REL_CTX002_MODEL_DIAGNOSTICS;REL_CTX002_PAIRING_CERTAINTY;REL_CTX002_PATHWAY_EVIDENCE;REL_CTX002_PHENOTYPE_SUPPORT;REL_CTX002_RECIPIENT_DONOR_INDEPENDENCE;REL_CTX002_SAMPLE_QC;REL_CTX002_SENSITIVITY_STABILITY;REL_CTX002_STUDY_INDEPENDENCE,EXP002-C4,data/metadata/skinexo_response_components.csv;reports/EXP002_C4_cross_study_pathway_validation.md
CTX002,I,I057,INACTIVE,1.6003002234183283,0.0820166792803392,GOBP_NEGATIVE_REGULATION_OF_IMMUNE_SYSTEM_PROCESS,OBSERVED_NULL,1,0,TRANSCRIPTOME,,INACTIVE,REL_CTX002_ANNOTATION_CERTAINTY;REL_CTX002_BATCH_ADJUSTMENT;REL_CTX002_CONTROL_CERTAINTY;REL_CTX002_CROSS_CONTEXT_REPLICATION;REL_CTX002_EV_PREPARATION_INDEPENDENCE;REL_CTX002_MODEL_DIAGNOSTICS;REL_CTX002_PAIRING_CERTAINTY;REL_CTX002_PATHWAY_EVIDENCE;REL_CTX002_PHENOTYPE_SUPPORT;REL_CTX002_RECIPIENT_DONOR_INDEPENDENCE;REL_CTX002_SAMPLE_QC;REL_CTX002_SENSITIVITY_STABILITY;REL_CTX002_STUDY_INDEPENDENCE,EXP002-C4,data/metadata/skinexo_response_components.csv;reports/EXP002_C4_cross_study_pathway_validation.md
CTX002,I,I058,INACTIVE,-0.690647596943975,1.0,GOBP_NEGATIVE_REGULATION_OF_INFLAMMASOME_MEDIATED_SIGNALING_PATHWAY,OBSERVED_NULL,1,0,TRANSCRIPTOME,,INACTIVE,REL_CTX002_ANNOTATION_CERTAINTY;REL_CTX002_BATCH_ADJUSTMENT;REL_CTX002_CONTROL_CERTAINTY;REL_CTX002_CROSS_CONTEXT_REPLICATION;REL_CTX002_EV_PREPARATION_INDEPENDENCE;REL_CTX002_MODEL_DIAGNOSTICS;REL_CTX002_PAIRING_CERTAINTY;REL_CTX002_PATHWAY_EVIDENCE;REL_CTX002_PHENOTYPE_SUPPORT;REL_CTX002_RECIPIENT_DONOR_INDEPENDENCE;REL_CTX002_SAMPLE_QC;REL_CTX002_SENSITIVITY_STABILITY;REL_CTX002_STUDY_INDEPENDENCE,EXP002-C4,data/metadata/skinexo_response_components.csv;reports/EXP002_C4_cross_study_pathway_validation.md
CTX002,I,I059,INACTIVE,-1.219995137389987,0.5098701559084449,GOBP_NEGATIVE_REGULATION_OF_INFLAMMATORY_RESPONSE,OBSERVED_NULL,1,0,TRANSCRIPTOME,,INACTIVE,REL_CTX002_ANNOTATION_CERTAINTY;REL_CTX002_BATCH_ADJUSTMENT;REL_CTX002_CONTROL_CERTAINTY;REL_CTX002_CROSS_CONTEXT_REPLICATION;REL_CTX002_EV_PREPARATION_INDEPENDENCE;REL_CTX002_MODEL_DIAGNOSTICS;REL_CTX002_PAIRING_CERTAINTY;REL_CTX002_PATHWAY_EVIDENCE;REL_CTX002_PHENOTYPE_SUPPORT;REL_CTX002_RECIPIENT_DONOR_INDEPENDENCE;REL_CTX002_SAMPLE_QC;REL_CTX002_SENSITIVITY_STABILITY;REL_CTX002_STUDY_INDEPENDENCE,EXP002-C4,data/metadata/skinexo_response_components.csv;reports/EXP002_C4_cross_study_pathway_validation.md
CTX002,I,I060,INACTIVE,0.9114025457874771,0.7483257862490882,GOBP_NEGATIVE_REGULATION_OF_INNATE_IMMUNE_RESPONSE,OBSERVED_NULL,1,0,TRANSCRIPTOME,,INACTIVE,REL_CTX002_ANNOTATION_CERTAINTY;REL_CTX002_BATCH_ADJUSTMENT;REL_CTX002_CONTROL_CERTAINTY;REL_CTX002_CROSS_CONTEXT_REPLICATION;REL_CTX002_EV_PREPARATION_INDEPENDENCE;REL_CTX002_MODEL_DIAGNOSTICS;REL_CTX002_PAIRING_CERTAINTY;REL_CTX002_PATHWAY_EVIDENCE;REL_CTX002_PHENOTYPE_SUPPORT;REL_CTX002_RECIPIENT_DONOR_INDEPENDENCE;REL_CTX002_SAMPLE_QC;REL_CTX002_SENSITIVITY_STABILITY;REL_CTX002_STUDY_INDEPENDENCE,EXP002-C4,data/metadata/skinexo_response_components.csv;reports/EXP002_C4_cross_study_pathway_validation.md
CTX002,I,I061,INACTIVE,-1.3265778660833458,0.41829142221584,GOBP_NEGATIVE_REGULATION_OF_INTERFERON_BETA_PRODUCTION,OBSERVED_NULL,1,0,TRANSCRIPTOME,,INACTIVE,REL_CTX002_ANNOTATION_CERTAINTY;REL_CTX002_BATCH_ADJUSTMENT;REL_CTX002_CONTROL_CERTAINTY;REL_CTX002_CROSS_CONTEXT_REPLICATION;REL_CTX002_EV_PREPARATION_INDEPENDENCE;REL_CTX002_MODEL_DIAGNOSTICS;REL_CTX002_PAIRING_CERTAINTY;REL_CTX002_PATHWAY_EVIDENCE;REL_CTX002_PHENOTYPE_SUPPORT;REL_CTX002_RECIPIENT_DONOR_INDEPENDENCE;REL_CTX002_SAMPLE_QC;REL_CTX002_SENSITIVITY_STABILITY;REL_CTX002_STUDY_INDEPENDENCE,EXP002-C4,data/metadata/skinexo_response_components.csv;reports/EXP002_C4_cross_study_pathway_validation.md
CTX002,I,I062,INACTIVE,0.8661477187044464,0.81038490372609,GOBP_NEGATIVE_REGULATION_OF_INTERLEUKIN_1_BETA_PRODUCTION,OBSERVED_NULL,1,0,TRANSCRIPTOME,,INACTIVE,REL_CTX002_ANNOTATION_CERTAINTY;REL_CTX002_BATCH_ADJUSTMENT;REL_CTX002_CONTROL_CERTAINTY;REL_CTX002_CROSS_CONTEXT_REPLICATION;REL_CTX002_EV_PREPARATION_INDEPENDENCE;REL_CTX002_MODEL_DIAGNOSTICS;REL_CTX002_PAIRING_CERTAINTY;REL_CTX002_PATHWAY_EVIDENCE;REL_CTX002_PHENOTYPE_SUPPORT;REL_CTX002_RECIPIENT_DONOR_INDEPENDENCE;REL_CTX002_SAMPLE_QC;REL_CTX002_SENSITIVITY_STABILITY;REL_CTX002_STUDY_INDEPENDENCE,EXP002-C4,data/metadata/skinexo_response_components.csv;reports/EXP002_C4_cross_study_pathway_validation.md
CTX002,I,I063,INACTIVE,1.2884722657725618,0.2590138853047962,GOBP_NEGATIVE_REGULATION_OF_INTERLEUKIN_6_PRODUCTION,OBSERVED_NULL,1,0,TRANSCRIPTOME,,INACTIVE,REL_CTX002_ANNOTATION_CERTAINTY;REL_CTX002_BATCH_ADJUSTMENT;REL_CTX002_CONTROL_CERTAINTY;REL_CTX002_CROSS_CONTEXT_REPLICATION;REL_CTX002_EV_PREPARATION_INDEPENDENCE;REL_CTX002_MODEL_DIAGNOSTICS;REL_CTX002_PAIRING_CERTAINTY;REL_CTX002_PATHWAY_EVIDENCE;REL_CTX002_PHENOTYPE_SUPPORT;REL_CTX002_RECIPIENT_DONOR_INDEPENDENCE;REL_CTX002_SAMPLE_QC;REL_CTX002_SENSITIVITY_STABILITY;REL_CTX002_STUDY_INDEPENDENCE,EXP002-C4,data/metadata/skinexo_response_components.csv;reports/EXP002_C4_cross_study_pathway_validation.md
CTX002,I,I064,INACTIVE,1.3140092240469536,0.2398687493695101,GOBP_NEGATIVE_REGULATION_OF_LEUKOCYTE_CELL_CELL_ADHESION,OBSERVED_NULL,1,0,TRANSCRIPTOME,,INACTIVE,REL_CTX002_ANNOTATION_CERTAINTY;REL_CTX002_BATCH_ADJUSTMENT;REL_CTX002_CONTROL_CERTAINTY;REL_CTX002_CROSS_CONTEXT_REPLICATION;REL_CTX002_EV_PREPARATION_INDEPENDENCE;REL_CTX002_MODEL_DIAGNOSTICS;REL_CTX002_PAIRING_CERTAINTY;REL_CTX002_PATHWAY_EVIDENCE;REL_CTX002_PHENOTYPE_SUPPORT;REL_CTX002_RECIPIENT_DONOR_INDEPENDENCE;REL_CTX002_SAMPLE_QC;REL_CTX002_SENSITIVITY_STABILITY;REL_CTX002_STUDY_INDEPENDENCE,EXP002-C4,data/metadata/skinexo_response_components.csv;reports/EXP002_C4_cross_study_pathway_validation.md
CTX002,I,I065,POSITIVE,1.8560309166955464,0.0230826719184932,GOBP_NEGATIVE_REGULATION_OF_LEUKOCYTE_MIGRATION,ACTIVE_POSITIVE,1,1,TRANSCRIPTOME,,POSITIVE,REL_CTX002_ANNOTATION_CERTAINTY;REL_CTX002_BATCH_ADJUSTMENT;REL_CTX002_CONTROL_CERTAINTY;REL_CTX002_CROSS_CONTEXT_REPLICATION;REL_CTX002_EV_PREPARATION_INDEPENDENCE;REL_CTX002_MODEL_DIAGNOSTICS;REL_CTX002_PAIRING_CERTAINTY;REL_CTX002_PATHWAY_EVIDENCE;REL_CTX002_PHENOTYPE_SUPPORT;REL_CTX002_RECIPIENT_DONOR_INDEPENDENCE;REL_CTX002_SAMPLE_QC;REL_CTX002_SENSITIVITY_STABILITY;REL_CTX002_STUDY_INDEPENDENCE,EXP002-C4,data/metadata/skinexo_response_components.csv;reports/EXP002_C4_cross_study_pathway_validation.md
CTX002,I,I066,INACTIVE,1.2838633796854495,0.2635235324653153,GOBP_NEGATIVE_REGULATION_OF_LEUKOCYTE_PROLIFERATION,OBSERVED_NULL,1,0,TRANSCRIPTOME,,INACTIVE,REL_CTX002_ANNOTATION_CERTAINTY;REL_CTX002_BATCH_ADJUSTMENT;REL_CTX002_CONTROL_CERTAINTY;REL_CTX002_CROSS_CONTEXT_REPLICATION;REL_CTX002_EV_PREPARATION_INDEPENDENCE;REL_CTX002_MODEL_DIAGNOSTICS;REL_CTX002_PAIRING_CERTAINTY;REL_CTX002_PATHWAY_EVIDENCE;REL_CTX002_PHENOTYPE_SUPPORT;REL_CTX002_RECIPIENT_DONOR_INDEPENDENCE;REL_CTX002_SAMPLE_QC;REL_CTX002_SENSITIVITY_STABILITY;REL_CTX002_STUDY_INDEPENDENCE,EXP002-C4,data/metadata/skinexo_response_components.csv;reports/EXP002_C4_cross_study_pathway_validation.md
CTX002,I,I067,POSITIVE,1.7408597991135175,0.0432478206629911,GOBP_NEGATIVE_REGULATION_OF_MYELOID_LEUKOCYTE_DIFFERENTIATION,ACTIVE_POSITIVE,1,1,TRANSCRIPTOME,,INACTIVE,REL_CTX002_ANNOTATION_CERTAINTY;REL_CTX002_BATCH_ADJUSTMENT;REL_CTX002_CONTROL_CERTAINTY;REL_CTX002_CROSS_CONTEXT_REPLICATION;REL_CTX002_EV_PREPARATION_INDEPENDENCE;REL_CTX002_MODEL_DIAGNOSTICS;REL_CTX002_PAIRING_CERTAINTY;REL_CTX002_PATHWAY_EVIDENCE;REL_CTX002_PHENOTYPE_SUPPORT;REL_CTX002_RECIPIENT_DONOR_INDEPENDENCE;REL_CTX002_SAMPLE_QC;REL_CTX002_SENSITIVITY_STABILITY;REL_CTX002_STUDY_INDEPENDENCE,EXP002-C4,data/metadata/skinexo_response_components.csv;reports/EXP002_C4_cross_study_pathway_validation.md
CTX002,I,I068,INACTIVE,-0.6344440452920609,1.0,GOBP_NEGATIVE_REGULATION_OF_NATURAL_KILLER_CELL_MEDIATED_IMMUNITY,OBSERVED_NULL,1,0,TRANSCRIPTOME,,INACTIVE,REL_CTX002_ANNOTATION_CERTAINTY;REL_CTX002_BATCH_ADJUSTMENT;REL_CTX002_CONTROL_CERTAINTY;REL_CTX002_CROSS_CONTEXT_REPLICATION;REL_CTX002_EV_PREPARATION_INDEPENDENCE;REL_CTX002_MODEL_DIAGNOSTICS;REL_CTX002_PAIRING_CERTAINTY;REL_CTX002_PATHWAY_EVIDENCE;REL_CTX002_PHENOTYPE_SUPPORT;REL_CTX002_RECIPIENT_DONOR_INDEPENDENCE;REL_CTX002_SAMPLE_QC;REL_CTX002_SENSITIVITY_STABILITY;REL_CTX002_STUDY_INDEPENDENCE,EXP002-C4,data/metadata/skinexo_response_components.csv;reports/EXP002_C4_cross_study_pathway_validation.md
CTX002,I,I069,INACTIVE,-0.6393535715907211,1.0,GOBP_NEGATIVE_REGULATION_OF_PRODUCTION_OF_MOLECULAR_MEDIATOR_OF_IMMUNE_RESPONSE,OBSERVED_NULL,1,0,TRANSCRIPTOME,,INACTIVE,REL_CTX002_ANNOTATION_CERTAINTY;REL_CTX002_BATCH_ADJUSTMENT;REL_CTX002_CONTROL_CERTAINTY;REL_CTX002_CROSS_CONTEXT_REPLICATION;REL_CTX002_EV_PREPARATION_INDEPENDENCE;REL_CTX002_MODEL_DIAGNOSTICS;REL_CTX002_PAIRING_CERTAINTY;REL_CTX002_PATHWAY_EVIDENCE;REL_CTX002_PHENOTYPE_SUPPORT;REL_CTX002_RECIPIENT_DONOR_INDEPENDENCE;REL_CTX002_SAMPLE_QC;REL_CTX002_SENSITIVITY_STABILITY;REL_CTX002_STUDY_INDEPENDENCE,EXP002-C4,data/metadata/skinexo_response_components.csv;reports/EXP002_C4_cross_study_pathway_validation.md
CTX002,I,I070,INACTIVE,1.1985631022290482,0.3461559471497651,GOBP_NEGATIVE_REGULATION_OF_RESPONSE_TO_CYTOKINE_STIMULUS,OBSERVED_NULL,1,0,TRANSCRIPTOME,,INACTIVE,REL_CTX002_ANNOTATION_CERTAINTY;REL_CTX002_BATCH_ADJUSTMENT;REL_CTX002_CONTROL_CERTAINTY;REL_CTX002_CROSS_CONTEXT_REPLICATION;REL_CTX002_EV_PREPARATION_INDEPENDENCE;REL_CTX002_MODEL_DIAGNOSTICS;REL_CTX002_PAIRING_CERTAINTY;REL_CTX002_PATHWAY_EVIDENCE;REL_CTX002_PHENOTYPE_SUPPORT;REL_CTX002_RECIPIENT_DONOR_INDEPENDENCE;REL_CTX002_SAMPLE_QC;REL_CTX002_SENSITIVITY_STABILITY;REL_CTX002_STUDY_INDEPENDENCE,EXP002-C4,data/metadata/skinexo_response_components.csv;reports/EXP002_C4_cross_study_pathway_validation.md
CTX002,I,I071,INACTIVE,1.144372480142977,0.407175249449472,GOBP_NEGATIVE_REGULATION_OF_TUMOR_NECROSIS_FACTOR_SUPERFAMILY_CYTOKINE_PRODUCTION,OBSERVED_NULL,1,0,TRANSCRIPTOME,,INACTIVE,REL_CTX002_ANNOTATION_CERTAINTY;REL_CTX002_BATCH_ADJUSTMENT;REL_CTX002_CONTROL_CERTAINTY;REL_CTX002_CROSS_CONTEXT_REPLICATION;REL_CTX002_EV_PREPARATION_INDEPENDENCE;REL_CTX002_MODEL_DIAGNOSTICS;REL_CTX002_PAIRING_CERTAINTY;REL_CTX002_PATHWAY_EVIDENCE;REL_CTX002_PHENOTYPE_SUPPORT;REL_CTX002_RECIPIENT_DONOR_INDEPENDENCE;REL_CTX002_SAMPLE_QC;REL_CTX002_SENSITIVITY_STABILITY;REL_CTX002_STUDY_INDEPENDENCE,EXP002-C4,data/metadata/skinexo_response_components.csv;reports/EXP002_C4_cross_study_pathway_validation.md
CTX002,I,I072,INACTIVE,1.388729219081701,0.1874857902405701,GOBP_NEGATIVE_REGULATION_OF_TYPE_II_INTERFERON_PRODUCTION,OBSERVED_NULL,1,0,TRANSCRIPTOME,,INACTIVE,REL_CTX002_ANNOTATION_CERTAINTY;REL_CTX002_BATCH_ADJUSTMENT;REL_CTX002_CONTROL_CERTAINTY;REL_CTX002_CROSS_CONTEXT_REPLICATION;REL_CTX002_EV_PREPARATION_INDEPENDENCE;REL_CTX002_MODEL_DIAGNOSTICS;REL_CTX002_PAIRING_CERTAINTY;REL_CTX002_PATHWAY_EVIDENCE;REL_CTX002_PHENOTYPE_SUPPORT;REL_CTX002_RECIPIENT_DONOR_INDEPENDENCE;REL_CTX002_SAMPLE_QC;REL_CTX002_SENSITIVITY_STABILITY;REL_CTX002_STUDY_INDEPENDENCE,EXP002-C4,data/metadata/skinexo_response_components.csv;reports/EXP002_C4_cross_study_pathway_validation.md
CTX002,I,I073,INACTIVE,0.921201735851636,0.7347546124768217,GOBP_NEGATIVE_REGULATION_OF_TYPE_I_INTERFERON_PRODUCTION,OBSERVED_NULL,1,0,TRANSCRIPTOME,,INACTIVE,REL_CTX002_ANNOTATION_CERTAINTY;REL_CTX002_BATCH_ADJUSTMENT;REL_CTX002_CONTROL_CERTAINTY;REL_CTX002_CROSS_CONTEXT_REPLICATION;REL_CTX002_EV_PREPARATION_INDEPENDENCE;REL_CTX002_MODEL_DIAGNOSTICS;REL_CTX002_PAIRING_CERTAINTY;REL_CTX002_PATHWAY_EVIDENCE;REL_CTX002_PHENOTYPE_SUPPORT;REL_CTX002_RECIPIENT_DONOR_INDEPENDENCE;REL_CTX002_SAMPLE_QC;REL_CTX002_SENSITIVITY_STABILITY;REL_CTX002_STUDY_INDEPENDENCE,EXP002-C4,data/metadata/skinexo_response_components.csv;reports/EXP002_C4_cross_study_pathway_validation.md
CTX002,I,I074,INACTIVE,0.7900006618063392,0.9024487445184888,GOBP_NEGATIVE_REGULATION_OF_T_CELL_MEDIATED_IMMUNITY,OBSERVED_NULL,1,0,TRANSCRIPTOME,,INACTIVE,REL_CTX002_ANNOTATION_CERTAINTY;REL_CTX002_BATCH_ADJUSTMENT;REL_CTX002_CONTROL_CERTAINTY;REL_CTX002_CROSS_CONTEXT_REPLICATION;REL_CTX002_EV_PREPARATION_INDEPENDENCE;REL_CTX002_MODEL_DIAGNOSTICS;REL_CTX002_PAIRING_CERTAINTY;REL_CTX002_PATHWAY_EVIDENCE;REL_CTX002_PHENOTYPE_SUPPORT;REL_CTX002_RECIPIENT_DONOR_INDEPENDENCE;REL_CTX002_SAMPLE_QC;REL_CTX002_SENSITIVITY_STABILITY;REL_CTX002_STUDY_INDEPENDENCE,EXP002-C4,data/metadata/skinexo_response_components.csv;reports/EXP002_C4_cross_study_pathway_validation.md
CTX002,I,I075,INACTIVE,1.1910091957296531,0.3544388740369525,GOBP_NEUROINFLAMMATORY_RESPONSE,OBSERVED_NULL,1,0,TRANSCRIPTOME,,INACTIVE,REL_CTX002_ANNOTATION_CERTAINTY;REL_CTX002_BATCH_ADJUSTMENT;REL_CTX002_CONTROL_CERTAINTY;REL_CTX002_CROSS_CONTEXT_REPLICATION;REL_CTX002_EV_PREPARATION_INDEPENDENCE;REL_CTX002_MODEL_DIAGNOSTICS;REL_CTX002_PAIRING_CERTAINTY;REL_CTX002_PATHWAY_EVIDENCE;REL_CTX002_PHENOTYPE_SUPPORT;REL_CTX002_RECIPIENT_DONOR_INDEPENDENCE;REL_CTX002_SAMPLE_QC;REL_CTX002_SENSITIVITY_STABILITY;REL_CTX002_STUDY_INDEPENDENCE,EXP002-C4,data/metadata/skinexo_response_components.csv;reports/EXP002_C4_cross_study_pathway_validation.md
CTX002,I,I076,INACTIVE,-0.9066261610923204,0.8486044126487551,GOBP_NEUTROPHIL_CHEMOTAXIS,OBSERVED_NULL,1,0,TRANSCRIPTOME,,INACTIVE,REL_CTX002_ANNOTATION_CERTAINTY;REL_CTX002_BATCH_ADJUSTMENT;REL_CTX002_CONTROL_CERTAINTY;REL_CTX002_CROSS_CONTEXT_REPLICATION;REL_CTX002_EV_PREPARATION_INDEPENDENCE;REL_CTX002_MODEL_DIAGNOSTICS;REL_CTX002_PAIRING_CERTAINTY;REL_CTX002_PATHWAY_EVIDENCE;REL_CTX002_PHENOTYPE_SUPPORT;REL_CTX002_RECIPIENT_DONOR_INDEPENDENCE;REL_CTX002_SAMPLE_QC;REL_CTX002_SENSITIVITY_STABILITY;REL_CTX002_STUDY_INDEPENDENCE,EXP002-C4,data/metadata/skinexo_response_components.csv;reports/EXP002_C4_cross_study_pathway_validation.md
CTX002,I,I077,INACTIVE,1.0440102994231288,0.5460647031408986,GOBP_NEUTROPHIL_MEDIATED_IMMUNITY,OBSERVED_NULL,1,0,TRANSCRIPTOME,,INACTIVE,REL_CTX002_ANNOTATION_CERTAINTY;REL_CTX002_BATCH_ADJUSTMENT;REL_CTX002_CONTROL_CERTAINTY;REL_CTX002_CROSS_CONTEXT_REPLICATION;REL_CTX002_EV_PREPARATION_INDEPENDENCE;REL_CTX002_MODEL_DIAGNOSTICS;REL_CTX002_PAIRING_CERTAINTY;REL_CTX002_PATHWAY_EVIDENCE;REL_CTX002_PHENOTYPE_SUPPORT;REL_CTX002_RECIPIENT_DONOR_INDEPENDENCE;REL_CTX002_SAMPLE_QC;REL_CTX002_SENSITIVITY_STABILITY;REL_CTX002_STUDY_INDEPENDENCE,EXP002-C4,data/metadata/skinexo_response_components.csv;reports/EXP002_C4_cross_study_pathway_validation.md
CTX002,I,I078,INACTIVE,1.3126471116324412,0.2402393893989066,GOBP_POSITIVE_REGULATION_OF_CYTOKINE_PRODUCTION,OBSERVED_NULL,1,0,TRANSCRIPTOME,,INACTIVE,REL_CTX002_ANNOTATION_CERTAINTY;REL_CTX002_BATCH_ADJUSTMENT;REL_CTX002_CONTROL_CERTAINTY;REL_CTX002_CROSS_CONTEXT_REPLICATION;REL_CTX002_EV_PREPARATION_INDEPENDENCE;REL_CTX002_MODEL_DIAGNOSTICS;REL_CTX002_PAIRING_CERTAINTY;REL_CTX002_PATHWAY_EVIDENCE;REL_CTX002_PHENOTYPE_SUPPORT;REL_CTX002_RECIPIENT_DONOR_INDEPENDENCE;REL_CTX002_SAMPLE_QC;REL_CTX002_SENSITIVITY_STABILITY;REL_CTX002_STUDY_INDEPENDENCE,EXP002-C4,data/metadata/skinexo_response_components.csv;reports/EXP002_C4_cross_study_pathway_validation.md
CTX002,I,I079,POSITIVE,1.781356305053157,0.0362861721802523,GOBP_POSITIVE_REGULATION_OF_CYTOKINE_PRODUCTION_INVOLVED_IN_INFLAMMATORY_RESPONSE,ACTIVE_POSITIVE,1,1,TRANSCRIPTOME,,INACTIVE,REL_CTX002_ANNOTATION_CERTAINTY;REL_CTX002_BATCH_ADJUSTMENT;REL_CTX002_CONTROL_CERTAINTY;REL_CTX002_CROSS_CONTEXT_REPLICATION;REL_CTX002_EV_PREPARATION_INDEPENDENCE;REL_CTX002_MODEL_DIAGNOSTICS;REL_CTX002_PAIRING_CERTAINTY;REL_CTX002_PATHWAY_EVIDENCE;REL_CTX002_PHENOTYPE_SUPPORT;REL_CTX002_RECIPIENT_DONOR_INDEPENDENCE;REL_CTX002_SAMPLE_QC;REL_CTX002_SENSITIVITY_STABILITY;REL_CTX002_STUDY_INDEPENDENCE,EXP002-C4,data/metadata/skinexo_response_components.csv;reports/EXP002_C4_cross_study_pathway_validation.md
CTX002,I,I080,INACTIVE,1.34857437000367,0.2137730676551883,GOBP_POSITIVE_REGULATION_OF_INFLAMMATORY_RESPONSE,OBSERVED_NULL,1,0,TRANSCRIPTOME,,INACTIVE,REL_CTX002_ANNOTATION_CERTAINTY;REL_CTX002_BATCH_ADJUSTMENT;REL_CTX002_CONTROL_CERTAINTY;REL_CTX002_CROSS_CONTEXT_REPLICATION;REL_CTX002_EV_PREPARATION_INDEPENDENCE;REL_CTX002_MODEL_DIAGNOSTICS;REL_CTX002_PAIRING_CERTAINTY;REL_CTX002_PATHWAY_EVIDENCE;REL_CTX002_PHENOTYPE_SUPPORT;REL_CTX002_RECIPIENT_DONOR_INDEPENDENCE;REL_CTX002_SAMPLE_QC;REL_CTX002_SENSITIVITY_STABILITY;REL_CTX002_STUDY_INDEPENDENCE,EXP002-C4,data/metadata/skinexo_response_components.csv;reports/EXP002_C4_cross_study_pathway_validation.md
CTX002,I,I081,INACTIVE,0.962688078509828,0.6689867277211453,GOBP_POSITIVE_REGULATION_OF_LEUKOCYTE_APOPTOTIC_PROCESS,OBSERVED_NULL,1,0,TRANSCRIPTOME,,INACTIVE,REL_CTX002_ANNOTATION_CERTAINTY;REL_CTX002_BATCH_ADJUSTMENT;REL_CTX002_CONTROL_CERTAINTY;REL_CTX002_CROSS_CONTEXT_REPLICATION;REL_CTX002_EV_PREPARATION_INDEPENDENCE;REL_CTX002_MODEL_DIAGNOSTICS;REL_CTX002_PAIRING_CERTAINTY;REL_CTX002_PATHWAY_EVIDENCE;REL_CTX002_PHENOTYPE_SUPPORT;REL_CTX002_RECIPIENT_DONOR_INDEPENDENCE;REL_CTX002_SAMPLE_QC;REL_CTX002_SENSITIVITY_STABILITY;REL_CTX002_STUDY_INDEPENDENCE,EXP002-C4,data/metadata/skinexo_response_components.csv;reports/EXP002_C4_cross_study_pathway_validation.md
CTX002,I,I082,INACTIVE,1.410226442114777,0.1719871481593764,GOBP_POSITIVE_REGULATION_OF_MACROPHAGE_ACTIVATION,OBSERVED_NULL,1,0,TRANSCRIPTOME,,INACTIVE,REL_CTX002_ANNOTATION_CERTAINTY;REL_CTX002_BATCH_ADJUSTMENT;REL_CTX002_CONTROL_CERTAINTY;REL_CTX002_CROSS_CONTEXT_REPLICATION;REL_CTX002_EV_PREPARATION_INDEPENDENCE;REL_CTX002_MODEL_DIAGNOSTICS;REL_CTX002_PAIRING_CERTAINTY;REL_CTX002_PATHWAY_EVIDENCE;REL_CTX002_PHENOTYPE_SUPPORT;REL_CTX002_RECIPIENT_DONOR_INDEPENDENCE;REL_CTX002_SAMPLE_QC;REL_CTX002_SENSITIVITY_STABILITY;REL_CTX002_STUDY_INDEPENDENCE,EXP002-C4,data/metadata/skinexo_response_components.csv;reports/EXP002_C4_cross_study_pathway_validation.md
CTX002,I,I083,INACTIVE,1.6254831660416198,0.0750094589363496,GOBP_POSITIVE_REGULATION_OF_MYELOID_LEUKOCYTE_DIFFERENTIATION,OBSERVED_NULL,1,0,TRANSCRIPTOME,,INACTIVE,REL_CTX002_ANNOTATION_CERTAINTY;REL_CTX002_BATCH_ADJUSTMENT;REL_CTX002_CONTROL_CERTAINTY;REL_CTX002_CROSS_CONTEXT_REPLICATION;REL_CTX002_EV_PREPARATION_INDEPENDENCE;REL_CTX002_MODEL_DIAGNOSTICS;REL_CTX002_PAIRING_CERTAINTY;REL_CTX002_PATHWAY_EVIDENCE;REL_CTX002_PHENOTYPE_SUPPORT;REL_CTX002_RECIPIENT_DONOR_INDEPENDENCE;REL_CTX002_SAMPLE_QC;REL_CTX002_SENSITIVITY_STABILITY;REL_CTX002_STUDY_INDEPENDENCE,EXP002-C4,data/metadata/skinexo_response_components.csv;reports/EXP002_C4_cross_study_pathway_validation.md
CTX002,I,I084,INACTIVE,0.9376619279078658,0.7085476804772153,GOBP_POSITIVE_REGULATION_OF_NEUTROPHIL_MIGRATION,OBSERVED_NULL,1,0,TRANSCRIPTOME,,INACTIVE,REL_CTX002_ANNOTATION_CERTAINTY;REL_CTX002_BATCH_ADJUSTMENT;REL_CTX002_CONTROL_CERTAINTY;REL_CTX002_CROSS_CONTEXT_REPLICATION;REL_CTX002_EV_PREPARATION_INDEPENDENCE;REL_CTX002_MODEL_DIAGNOSTICS;REL_CTX002_PAIRING_CERTAINTY;REL_CTX002_PATHWAY_EVIDENCE;REL_CTX002_PHENOTYPE_SUPPORT;REL_CTX002_RECIPIENT_DONOR_INDEPENDENCE;REL_CTX002_SAMPLE_QC;REL_CTX002_SENSITIVITY_STABILITY;REL_CTX002_STUDY_INDEPENDENCE,EXP002-C4,data/metadata/skinexo_response_components.csv;reports/EXP002_C4_cross_study_pathway_validation.md
CTX002,I,I085,INACTIVE,-1.0271645874725015,0.6909319018180856,GOBP_POSITIVE_REGULATION_OF_RESPONSE_TO_CYTOKINE_STIMULUS,OBSERVED_NULL,1,0,TRANSCRIPTOME,,INACTIVE,REL_CTX002_ANNOTATION_CERTAINTY;REL_CTX002_BATCH_ADJUSTMENT;REL_CTX002_CONTROL_CERTAINTY;REL_CTX002_CROSS_CONTEXT_REPLICATION;REL_CTX002_EV_PREPARATION_INDEPENDENCE;REL_CTX002_MODEL_DIAGNOSTICS;REL_CTX002_PAIRING_CERTAINTY;REL_CTX002_PATHWAY_EVIDENCE;REL_CTX002_PHENOTYPE_SUPPORT;REL_CTX002_RECIPIENT_DONOR_INDEPENDENCE;REL_CTX002_SAMPLE_QC;REL_CTX002_SENSITIVITY_STABILITY;REL_CTX002_STUDY_INDEPENDENCE,EXP002-C4,data/metadata/skinexo_response_components.csv;reports/EXP002_C4_cross_study_pathway_validation.md
CTX002,I,I086,INACTIVE,1.2259866097116758,0.3190911727913997,GOBP_POSITIVE_REGULATION_OF_TUMOR_NECROSIS_FACTOR_SUPERFAMILY_CYTOKINE_PRODUCTION,OBSERVED_NULL,1,0,TRANSCRIPTOME,,INACTIVE,REL_CTX002_ANNOTATION_CERTAINTY;REL_CTX002_BATCH_ADJUSTMENT;REL_CTX002_CONTROL_CERTAINTY;REL_CTX002_CROSS_CONTEXT_REPLICATION;REL_CTX002_EV_PREPARATION_INDEPENDENCE;REL_CTX002_MODEL_DIAGNOSTICS;REL_CTX002_PAIRING_CERTAINTY;REL_CTX002_PATHWAY_EVIDENCE;REL_CTX002_PHENOTYPE_SUPPORT;REL_CTX002_RECIPIENT_DONOR_INDEPENDENCE;REL_CTX002_SAMPLE_QC;REL_CTX002_SENSITIVITY_STABILITY;REL_CTX002_STUDY_INDEPENDENCE,EXP002-C4,data/metadata/skinexo_response_components.csv;reports/EXP002_C4_cross_study_pathway_validation.md
CTX002,I,I087,INACTIVE,1.1203953479660351,0.4384144377923474,GOBP_POSITIVE_REGULATION_OF_TYPE_II_INTERFERON_PRODUCTION,OBSERVED_NULL,1,0,TRANSCRIPTOME,,INACTIVE,REL_CTX002_ANNOTATION_CERTAINTY;REL_CTX002_BATCH_ADJUSTMENT;REL_CTX002_CONTROL_CERTAINTY;REL_CTX002_CROSS_CONTEXT_REPLICATION;REL_CTX002_EV_PREPARATION_INDEPENDENCE;REL_CTX002_MODEL_DIAGNOSTICS;REL_CTX002_PAIRING_CERTAINTY;REL_CTX002_PATHWAY_EVIDENCE;REL_CTX002_PHENOTYPE_SUPPORT;REL_CTX002_RECIPIENT_DONOR_INDEPENDENCE;REL_CTX002_SAMPLE_QC;REL_CTX002_SENSITIVITY_STABILITY;REL_CTX002_STUDY_INDEPENDENCE,EXP002-C4,data/metadata/skinexo_response_components.csv;reports/EXP002_C4_cross_study_pathway_validation.md
CTX002,I,I088,INACTIVE,0.486604883604767,0.9980254283056228,GOBP_POSITIVE_REGULATION_OF_TYPE_I_INTERFERON_MEDIATED_SIGNALING_PATHWAY,OBSERVED_NULL,1,0,TRANSCRIPTOME,,INACTIVE,REL_CTX002_ANNOTATION_CERTAINTY;REL_CTX002_BATCH_ADJUSTMENT;REL_CTX002_CONTROL_CERTAINTY;REL_CTX002_CROSS_CONTEXT_REPLICATION;REL_CTX002_EV_PREPARATION_INDEPENDENCE;REL_CTX002_MODEL_DIAGNOSTICS;REL_CTX002_PAIRING_CERTAINTY;REL_CTX002_PATHWAY_EVIDENCE;REL_CTX002_PHENOTYPE_SUPPORT;REL_CTX002_RECIPIENT_DONOR_INDEPENDENCE;REL_CTX002_SAMPLE_QC;REL_CTX002_SENSITIVITY_STABILITY;REL_CTX002_STUDY_INDEPENDENCE,EXP002-C4,data/metadata/skinexo_response_components.csv;reports/EXP002_C4_cross_study_pathway_validation.md
CTX002,I,I089,INACTIVE,1.1196673563891686,0.4391171856224892,GOBP_POSITIVE_REGULATION_OF_T_CELL_CYTOKINE_PRODUCTION,OBSERVED_NULL,1,0,TRANSCRIPTOME,,INACTIVE,REL_CTX002_ANNOTATION_CERTAINTY;REL_CTX002_BATCH_ADJUSTMENT;REL_CTX002_CONTROL_CERTAINTY;REL_CTX002_CROSS_CONTEXT_REPLICATION;REL_CTX002_EV_PREPARATION_INDEPENDENCE;REL_CTX002_MODEL_DIAGNOSTICS;REL_CTX002_PAIRING_CERTAINTY;REL_CTX002_PATHWAY_EVIDENCE;REL_CTX002_PHENOTYPE_SUPPORT;REL_CTX002_RECIPIENT_DONOR_INDEPENDENCE;REL_CTX002_SAMPLE_QC;REL_CTX002_SENSITIVITY_STABILITY;REL_CTX002_STUDY_INDEPENDENCE,EXP002-C4,data/metadata/skinexo_response_components.csv;reports/EXP002_C4_cross_study_pathway_validation.md
CTX002,I,I090,INACTIVE,1.1902076114641629,0.3549381276016394,GOBP_PYROPTOTIC_INFLAMMATORY_RESPONSE,OBSERVED_NULL,1,0,TRANSCRIPTOME,,INACTIVE,REL_CTX002_ANNOTATION_CERTAINTY;REL_CTX002_BATCH_ADJUSTMENT;REL_CTX002_CONTROL_CERTAINTY;REL_CTX002_CROSS_CONTEXT_REPLICATION;REL_CTX002_EV_PREPARATION_INDEPENDENCE;REL_CTX002_MODEL_DIAGNOSTICS;REL_CTX002_PAIRING_CERTAINTY;REL_CTX002_PATHWAY_EVIDENCE;REL_CTX002_PHENOTYPE_SUPPORT;REL_CTX002_RECIPIENT_DONOR_INDEPENDENCE;REL_CTX002_SAMPLE_QC;REL_CTX002_SENSITIVITY_STABILITY;REL_CTX002_STUDY_INDEPENDENCE,EXP002-C4,data/metadata/skinexo_response_components.csv;reports/EXP002_C4_cross_study_pathway_validation.md
CTX002,I,I091,INACTIVE,0.9971897947794268,0.6148381277614962,GOBP_REGULATION_OF_ACUTE_INFLAMMATORY_RESPONSE,OBSERVED_NULL,1,0,TRANSCRIPTOME,,INACTIVE,REL_CTX002_ANNOTATION_CERTAINTY;REL_CTX002_BATCH_ADJUSTMENT;REL_CTX002_CONTROL_CERTAINTY;REL_CTX002_CROSS_CONTEXT_REPLICATION;REL_CTX002_EV_PREPARATION_INDEPENDENCE;REL_CTX002_MODEL_DIAGNOSTICS;REL_CTX002_PAIRING_CERTAINTY;REL_CTX002_PATHWAY_EVIDENCE;REL_CTX002_PHENOTYPE_SUPPORT;REL_CTX002_RECIPIENT_DONOR_INDEPENDENCE;REL_CTX002_SAMPLE_QC;REL_CTX002_SENSITIVITY_STABILITY;REL_CTX002_STUDY_INDEPENDENCE,EXP002-C4,data/metadata/skinexo_response_components.csv;reports/EXP002_C4_cross_study_pathway_validation.md
CTX002,I,I092,INACTIVE,0.8692132233624622,0.8066362365754819,GOBP_REGULATION_OF_HUMORAL_IMMUNE_RESPONSE,OBSERVED_NULL,1,0,TRANSCRIPTOME,,INACTIVE,REL_CTX002_ANNOTATION_CERTAINTY;REL_CTX002_BATCH_ADJUSTMENT;REL_CTX002_CONTROL_CERTAINTY;REL_CTX002_CROSS_CONTEXT_REPLICATION;REL_CTX002_EV_PREPARATION_INDEPENDENCE;REL_CTX002_MODEL_DIAGNOSTICS;REL_CTX002_PAIRING_CERTAINTY;REL_CTX002_PATHWAY_EVIDENCE;REL_CTX002_PHENOTYPE_SUPPORT;REL_CTX002_RECIPIENT_DONOR_INDEPENDENCE;REL_CTX002_SAMPLE_QC;REL_CTX002_SENSITIVITY_STABILITY;REL_CTX002_STUDY_INDEPENDENCE,EXP002-C4,data/metadata/skinexo_response_components.csv;reports/EXP002_C4_cross_study_pathway_validation.md
CTX002,I,I093,INACTIVE,1.33457786459396,0.2238047569535079,GOBP_REGULATION_OF_INFLAMMATORY_RESPONSE,OBSERVED_NULL,1,0,TRANSCRIPTOME,,INACTIVE,REL_CTX002_ANNOTATION_CERTAINTY;REL_CTX002_BATCH_ADJUSTMENT;REL_CTX002_CONTROL_CERTAINTY;REL_CTX002_CROSS_CONTEXT_REPLICATION;REL_CTX002_EV_PREPARATION_INDEPENDENCE;REL_CTX002_MODEL_DIAGNOSTICS;REL_CTX002_PAIRING_CERTAINTY;REL_CTX002_PATHWAY_EVIDENCE;REL_CTX002_PHENOTYPE_SUPPORT;REL_CTX002_RECIPIENT_DONOR_INDEPENDENCE;REL_CTX002_SAMPLE_QC;REL_CTX002_SENSITIVITY_STABILITY;REL_CTX002_STUDY_INDEPENDENCE,EXP002-C4,data/metadata/skinexo_response_components.csv;reports/EXP002_C4_cross_study_pathway_validation.md
CTX002,I,I094,INACTIVE,1.5546405881804892,0.1002752066138763,GOBP_REGULATION_OF_LEUKOCYTE_DIFFERENTIATION,OBSERVED_NULL,1,0,TRANSCRIPTOME,,INACTIVE,REL_CTX002_ANNOTATION_CERTAINTY;REL_CTX002_BATCH_ADJUSTMENT;REL_CTX002_CONTROL_CERTAINTY;REL_CTX002_CROSS_CONTEXT_REPLICATION;REL_CTX002_EV_PREPARATION_INDEPENDENCE;REL_CTX002_MODEL_DIAGNOSTICS;REL_CTX002_PAIRING_CERTAINTY;REL_CTX002_PATHWAY_EVIDENCE;REL_CTX002_PHENOTYPE_SUPPORT;REL_CTX002_RECIPIENT_DONOR_INDEPENDENCE;REL_CTX002_SAMPLE_QC;REL_CTX002_SENSITIVITY_STABILITY;REL_CTX002_STUDY_INDEPENDENCE,EXP002-C4,data/metadata/skinexo_response_components.csv;reports/EXP002_C4_cross_study_pathway_validation.md
CTX002,I,I095,INACTIVE,-1.6621332828952724,0.1286055377420669,GOBP_REGULATION_OF_MACROPHAGE_DERIVED_FOAM_CELL_DIFFERENTIATION,OBSERVED_NULL,1,0,TRANSCRIPTOME,,INACTIVE,REL_CTX002_ANNOTATION_CERTAINTY;REL_CTX002_BATCH_ADJUSTMENT;REL_CTX002_CONTROL_CERTAINTY;REL_CTX002_CROSS_CONTEXT_REPLICATION;REL_CTX002_EV_PREPARATION_INDEPENDENCE;REL_CTX002_MODEL_DIAGNOSTICS;REL_CTX002_PAIRING_CERTAINTY;REL_CTX002_PATHWAY_EVIDENCE;REL_CTX002_PHENOTYPE_SUPPORT;REL_CTX002_RECIPIENT_DONOR_INDEPENDENCE;REL_CTX002_SAMPLE_QC;REL_CTX002_SENSITIVITY_STABILITY;REL_CTX002_STUDY_INDEPENDENCE,EXP002-C4,data/metadata/skinexo_response_components.csv;reports/EXP002_C4_cross_study_pathway_validation.md
CTX002,I,I096,POSITIVE,1.948686216740416,0.0143483608597714,GOBP_REGULATION_OF_MACROPHAGE_DIFFERENTIATION,ACTIVE_POSITIVE,1,1,TRANSCRIPTOME,,POSITIVE,REL_CTX002_ANNOTATION_CERTAINTY;REL_CTX002_BATCH_ADJUSTMENT;REL_CTX002_CONTROL_CERTAINTY;REL_CTX002_CROSS_CONTEXT_REPLICATION;REL_CTX002_EV_PREPARATION_INDEPENDENCE;REL_CTX002_MODEL_DIAGNOSTICS;REL_CTX002_PAIRING_CERTAINTY;REL_CTX002_PATHWAY_EVIDENCE;REL_CTX002_PHENOTYPE_SUPPORT;REL_CTX002_RECIPIENT_DONOR_INDEPENDENCE;REL_CTX002_SAMPLE_QC;REL_CTX002_SENSITIVITY_STABILITY;REL_CTX002_STUDY_INDEPENDENCE,EXP002-C4,data/metadata/skinexo_response_components.csv;reports/EXP002_C4_cross_study_pathway_validation.md
CTX002,I,I097,POSITIVE,1.7333820570662746,0.0453315120277281,GOBP_REGULATION_OF_MYELOID_LEUKOCYTE_DIFFERENTIATION,ACTIVE_POSITIVE,1,1,TRANSCRIPTOME,,POSITIVE,REL_CTX002_ANNOTATION_CERTAINTY;REL_CTX002_BATCH_ADJUSTMENT;REL_CTX002_CONTROL_CERTAINTY;REL_CTX002_CROSS_CONTEXT_REPLICATION;REL_CTX002_EV_PREPARATION_INDEPENDENCE;REL_CTX002_MODEL_DIAGNOSTICS;REL_CTX002_PAIRING_CERTAINTY;REL_CTX002_PATHWAY_EVIDENCE;REL_CTX002_PHENOTYPE_SUPPORT;REL_CTX002_RECIPIENT_DONOR_INDEPENDENCE;REL_CTX002_SAMPLE_QC;REL_CTX002_SENSITIVITY_STABILITY;REL_CTX002_STUDY_INDEPENDENCE,EXP002-C4,data/metadata/skinexo_response_components.csv;reports/EXP002_C4_cross_study_pathway_validation.md
CTX002,I,I098,INACTIVE,-0.7859588647376288,0.957370171461067,GOBP_REGULATION_OF_TOLL_LIKE_RECEPTOR_4_SIGNALING_PATHWAY,OBSERVED_NULL,1,0,TRANSCRIPTOME,,INACTIVE,REL_CTX002_ANNOTATION_CERTAINTY;REL_CTX002_BATCH_ADJUSTMENT;REL_CTX002_CONTROL_CERTAINTY;REL_CTX002_CROSS_CONTEXT_REPLICATION;REL_CTX002_EV_PREPARATION_INDEPENDENCE;REL_CTX002_MODEL_DIAGNOSTICS;REL_CTX002_PAIRING_CERTAINTY;REL_CTX002_PATHWAY_EVIDENCE;REL_CTX002_PHENOTYPE_SUPPORT;REL_CTX002_RECIPIENT_DONOR_INDEPENDENCE;REL_CTX002_SAMPLE_QC;REL_CTX002_SENSITIVITY_STABILITY;REL_CTX002_STUDY_INDEPENDENCE,EXP002-C4,data/metadata/skinexo_response_components.csv;reports/EXP002_C4_cross_study_pathway_validation.md
CTX002,I,I099,INACTIVE,1.0640898302752078,0.5166211611015576,GOBP_REGULATION_OF_TOLL_LIKE_RECEPTOR_SIGNALING_PATHWAY,OBSERVED_NULL,1,0,TRANSCRIPTOME,,INACTIVE,REL_CTX002_ANNOTATION_CERTAINTY;REL_CTX002_BATCH_ADJUSTMENT;REL_CTX002_CONTROL_CERTAINTY;REL_CTX002_CROSS_CONTEXT_REPLICATION;REL_CTX002_EV_PREPARATION_INDEPENDENCE;REL_CTX002_MODEL_DIAGNOSTICS;REL_CTX002_PAIRING_CERTAINTY;REL_CTX002_PATHWAY_EVIDENCE;REL_CTX002_PHENOTYPE_SUPPORT;REL_CTX002_RECIPIENT_DONOR_INDEPENDENCE;REL_CTX002_SAMPLE_QC;REL_CTX002_SENSITIVITY_STABILITY;REL_CTX002_STUDY_INDEPENDENCE,EXP002-C4,data/metadata/skinexo_response_components.csv;reports/EXP002_C4_cross_study_pathway_validation.md
CTX002,I,I100,INACTIVE,1.4636488493708526,0.1435890553781926,GOBP_TYPE_2_IMMUNE_RESPONSE,OBSERVED_NULL,1,0,TRANSCRIPTOME,,INACTIVE,REL_CTX002_ANNOTATION_CERTAINTY;REL_CTX002_BATCH_ADJUSTMENT;REL_CTX002_CONTROL_CERTAINTY;REL_CTX002_CROSS_CONTEXT_REPLICATION;REL_CTX002_EV_PREPARATION_INDEPENDENCE;REL_CTX002_MODEL_DIAGNOSTICS;REL_CTX002_PAIRING_CERTAINTY;REL_CTX002_PATHWAY_EVIDENCE;REL_CTX002_PHENOTYPE_SUPPORT;REL_CTX002_RECIPIENT_DONOR_INDEPENDENCE;REL_CTX002_SAMPLE_QC;REL_CTX002_SENSITIVITY_STABILITY;REL_CTX002_STUDY_INDEPENDENCE,EXP002-C4,data/metadata/skinexo_response_components.csv;reports/EXP002_C4_cross_study_pathway_validation.md
CTX002,I,I101,INACTIVE,1.6441225197684854,0.0687567071180246,GOBP_REGULATION_OF_T_HELPER_17_TYPE_IMMUNE_RESPONSE,OBSERVED_NULL,1,0,TRANSCRIPTOME,,INACTIVE,REL_CTX002_ANNOTATION_CERTAINTY;REL_CTX002_BATCH_ADJUSTMENT;REL_CTX002_CONTROL_CERTAINTY;REL_CTX002_CROSS_CONTEXT_REPLICATION;REL_CTX002_EV_PREPARATION_INDEPENDENCE;REL_CTX002_MODEL_DIAGNOSTICS;REL_CTX002_PAIRING_CERTAINTY;REL_CTX002_PATHWAY_EVIDENCE;REL_CTX002_PHENOTYPE_SUPPORT;REL_CTX002_RECIPIENT_DONOR_INDEPENDENCE;REL_CTX002_SAMPLE_QC;REL_CTX002_SENSITIVITY_STABILITY;REL_CTX002_STUDY_INDEPENDENCE,EXP002-C4,data/metadata/skinexo_response_components.csv;reports/EXP002_C4_cross_study_pathway_validation.md
CTX002,I,I102,INACTIVE,1.5019526778793624,0.1227649219745997,GOBP_T_HELPER_1_TYPE_IMMUNE_RESPONSE,OBSERVED_NULL,1,0,TRANSCRIPTOME,,INACTIVE,REL_CTX002_ANNOTATION_CERTAINTY;REL_CTX002_BATCH_ADJUSTMENT;REL_CTX002_CONTROL_CERTAINTY;REL_CTX002_CROSS_CONTEXT_REPLICATION;REL_CTX002_EV_PREPARATION_INDEPENDENCE;REL_CTX002_MODEL_DIAGNOSTICS;REL_CTX002_PAIRING_CERTAINTY;REL_CTX002_PATHWAY_EVIDENCE;REL_CTX002_PHENOTYPE_SUPPORT;REL_CTX002_RECIPIENT_DONOR_INDEPENDENCE;REL_CTX002_SAMPLE_QC;REL_CTX002_SENSITIVITY_STABILITY;REL_CTX002_STUDY_INDEPENDENCE,EXP002-C4,data/metadata/skinexo_response_components.csv;reports/EXP002_C4_cross_study_pathway_validation.md
CTX002,I,I103,POSITIVE,2.029331643579725,0.0082357303632209,GOBP_RESPONSE_TO_INTERFERON_ALPHA,ACTIVE_POSITIVE,1,1,TRANSCRIPTOME,,POSITIVE,REL_CTX002_ANNOTATION_CERTAINTY;REL_CTX002_BATCH_ADJUSTMENT;REL_CTX002_CONTROL_CERTAINTY;REL_CTX002_CROSS_CONTEXT_REPLICATION;REL_CTX002_EV_PREPARATION_INDEPENDENCE;REL_CTX002_MODEL_DIAGNOSTICS;REL_CTX002_PAIRING_CERTAINTY;REL_CTX002_PATHWAY_EVIDENCE;REL_CTX002_PHENOTYPE_SUPPORT;REL_CTX002_RECIPIENT_DONOR_INDEPENDENCE;REL_CTX002_SAMPLE_QC;REL_CTX002_SENSITIVITY_STABILITY;REL_CTX002_STUDY_INDEPENDENCE,EXP002-C4,data/metadata/skinexo_response_components.csv;reports/EXP002_C4_cross_study_pathway_validation.md
CTX002,I,I104,POSITIVE,1.864539524285663,0.0224160163583831,GOBP_RESPONSE_TO_INTERLEUKIN_17,ACTIVE_POSITIVE,1,1,TRANSCRIPTOME,,POSITIVE,REL_CTX002_ANNOTATION_CERTAINTY;REL_CTX002_BATCH_ADJUSTMENT;REL_CTX002_CONTROL_CERTAINTY;REL_CTX002_CROSS_CONTEXT_REPLICATION;REL_CTX002_EV_PREPARATION_INDEPENDENCE;REL_CTX002_MODEL_DIAGNOSTICS;REL_CTX002_PAIRING_CERTAINTY;REL_CTX002_PATHWAY_EVIDENCE;REL_CTX002_PHENOTYPE_SUPPORT;REL_CTX002_RECIPIENT_DONOR_INDEPENDENCE;REL_CTX002_SAMPLE_QC;REL_CTX002_SENSITIVITY_STABILITY;REL_CTX002_STUDY_INDEPENDENCE,EXP002-C4,data/metadata/skinexo_response_components.csv;reports/EXP002_C4_cross_study_pathway_validation.md
CTX002,I,I105,INACTIVE,-1.1960788417695916,0.520952454837513,GOBP_RESPONSE_TO_INTERLEUKIN_4,OBSERVED_NULL,1,0,TRANSCRIPTOME,,INACTIVE,REL_CTX002_ANNOTATION_CERTAINTY;REL_CTX002_BATCH_ADJUSTMENT;REL_CTX002_CONTROL_CERTAINTY;REL_CTX002_CROSS_CONTEXT_REPLICATION;REL_CTX002_EV_PREPARATION_INDEPENDENCE;REL_CTX002_MODEL_DIAGNOSTICS;REL_CTX002_PAIRING_CERTAINTY;REL_CTX002_PATHWAY_EVIDENCE;REL_CTX002_PHENOTYPE_SUPPORT;REL_CTX002_RECIPIENT_DONOR_INDEPENDENCE;REL_CTX002_SAMPLE_QC;REL_CTX002_SENSITIVITY_STABILITY;REL_CTX002_STUDY_INDEPENDENCE,EXP002-C4,data/metadata/skinexo_response_components.csv;reports/EXP002_C4_cross_study_pathway_validation.md
CTX002,I,I106,INACTIVE,1.3618781323844964,0.2042299761678859,GOBP_RESPONSE_TO_INTERLEUKIN_7,OBSERVED_NULL,1,0,TRANSCRIPTOME,,INACTIVE,REL_CTX002_ANNOTATION_CERTAINTY;REL_CTX002_BATCH_ADJUSTMENT;REL_CTX002_CONTROL_CERTAINTY;REL_CTX002_CROSS_CONTEXT_REPLICATION;REL_CTX002_EV_PREPARATION_INDEPENDENCE;REL_CTX002_MODEL_DIAGNOSTICS;REL_CTX002_PAIRING_CERTAINTY;REL_CTX002_PATHWAY_EVIDENCE;REL_CTX002_PHENOTYPE_SUPPORT;REL_CTX002_RECIPIENT_DONOR_INDEPENDENCE;REL_CTX002_SAMPLE_QC;REL_CTX002_SENSITIVITY_STABILITY;REL_CTX002_STUDY_INDEPENDENCE,EXP002-C4,data/metadata/skinexo_response_components.csv;reports/EXP002_C4_cross_study_pathway_validation.md
CTX002,I,I107,INACTIVE,-1.1626302967808626,0.5579136707631746,GOBP_SOMATIC_DIVERSIFICATION_OF_IMMUNE_RECEPTORS_VIA_SOMATIC_MUTATION,OBSERVED_NULL,1,0,TRANSCRIPTOME,,INACTIVE,REL_CTX002_ANNOTATION_CERTAINTY;REL_CTX002_BATCH_ADJUSTMENT;REL_CTX002_CONTROL_CERTAINTY;REL_CTX002_CROSS_CONTEXT_REPLICATION;REL_CTX002_EV_PREPARATION_INDEPENDENCE;REL_CTX002_MODEL_DIAGNOSTICS;REL_CTX002_PAIRING_CERTAINTY;REL_CTX002_PATHWAY_EVIDENCE;REL_CTX002_PHENOTYPE_SUPPORT;REL_CTX002_RECIPIENT_DONOR_INDEPENDENCE;REL_CTX002_SAMPLE_QC;REL_CTX002_SENSITIVITY_STABILITY;REL_CTX002_STUDY_INDEPENDENCE,EXP002-C4,data/metadata/skinexo_response_components.csv;reports/EXP002_C4_cross_study_pathway_validation.md
CTX002,I,I108,INACTIVE,1.3494774236518876,0.213390227034067,GOBP_TOLL_LIKE_RECEPTOR_SIGNALING_PATHWAY,OBSERVED_NULL,1,0,TRANSCRIPTOME,,INACTIVE,REL_CTX002_ANNOTATION_CERTAINTY;REL_CTX002_BATCH_ADJUSTMENT;REL_CTX002_CONTROL_CERTAINTY;REL_CTX002_CROSS_CONTEXT_REPLICATION;REL_CTX002_EV_PREPARATION_INDEPENDENCE;REL_CTX002_MODEL_DIAGNOSTICS;REL_CTX002_PAIRING_CERTAINTY;REL_CTX002_PATHWAY_EVIDENCE;REL_CTX002_PHENOTYPE_SUPPORT;REL_CTX002_RECIPIENT_DONOR_INDEPENDENCE;REL_CTX002_SAMPLE_QC;REL_CTX002_SENSITIVITY_STABILITY;REL_CTX002_STUDY_INDEPENDENCE,EXP002-C4,data/metadata/skinexo_response_components.csv;reports/EXP002_C4_cross_study_pathway_validation.md
CTX002,I,I109,INACTIVE,1.0424844423251007,0.5477127641948839,GOBP_TYPE_II_INTERFERON_MEDIATED_SIGNALING_PATHWAY,OBSERVED_NULL,1,0,TRANSCRIPTOME,,INACTIVE,REL_CTX002_ANNOTATION_CERTAINTY;REL_CTX002_BATCH_ADJUSTMENT;REL_CTX002_CONTROL_CERTAINTY;REL_CTX002_CROSS_CONTEXT_REPLICATION;REL_CTX002_EV_PREPARATION_INDEPENDENCE;REL_CTX002_MODEL_DIAGNOSTICS;REL_CTX002_PAIRING_CERTAINTY;REL_CTX002_PATHWAY_EVIDENCE;REL_CTX002_PHENOTYPE_SUPPORT;REL_CTX002_RECIPIENT_DONOR_INDEPENDENCE;REL_CTX002_SAMPLE_QC;REL_CTX002_SENSITIVITY_STABILITY;REL_CTX002_STUDY_INDEPENDENCE,EXP002-C4,data/metadata/skinexo_response_components.csv;reports/EXP002_C4_cross_study_pathway_validation.md
CTX002,I,I110,POSITIVE,1.9168353529146125,0.0176005349909253,GOBP_T_HELPER_17_TYPE_IMMUNE_RESPONSE,ACTIVE_POSITIVE,1,1,TRANSCRIPTOME,,POSITIVE,REL_CTX002_ANNOTATION_CERTAINTY;REL_CTX002_BATCH_ADJUSTMENT;REL_CTX002_CONTROL_CERTAINTY;REL_CTX002_CROSS_CONTEXT_REPLICATION;REL_CTX002_EV_PREPARATION_INDEPENDENCE;REL_CTX002_MODEL_DIAGNOSTICS;REL_CTX002_PAIRING_CERTAINTY;REL_CTX002_PATHWAY_EVIDENCE;REL_CTX002_PHENOTYPE_SUPPORT;REL_CTX002_RECIPIENT_DONOR_INDEPENDENCE;REL_CTX002_SAMPLE_QC;REL_CTX002_SENSITIVITY_STABILITY;REL_CTX002_STUDY_INDEPENDENCE,EXP002-C4,data/metadata/skinexo_response_components.csv;reports/EXP002_C4_cross_study_pathway_validation.md
CTX002,I,I111,POSITIVE,1.7434754922204092,0.0434923935893312,HALLMARK_ALLOGRAFT_REJECTION,ACTIVE_POSITIVE,1,1,TRANSCRIPTOME,,POSITIVE,REL_CTX002_ANNOTATION_CERTAINTY;REL_CTX002_BATCH_ADJUSTMENT;REL_CTX002_CONTROL_CERTAINTY;REL_CTX002_CROSS_CONTEXT_REPLICATION;REL_CTX002_EV_PREPARATION_INDEPENDENCE;REL_CTX002_MODEL_DIAGNOSTICS;REL_CTX002_PAIRING_CERTAINTY;REL_CTX002_PATHWAY_EVIDENCE;REL_CTX002_PHENOTYPE_SUPPORT;REL_CTX002_RECIPIENT_DONOR_INDEPENDENCE;REL_CTX002_SAMPLE_QC;REL_CTX002_SENSITIVITY_STABILITY;REL_CTX002_STUDY_INDEPENDENCE,EXP002-C4,data/metadata/skinexo_response_components.csv;reports/EXP002_C4_cross_study_pathway_validation.md
CTX002,I,I112,INACTIVE,1.2235779392632808,0.3208679093142805,HALLMARK_COMPLEMENT,OBSERVED_NULL,1,0,TRANSCRIPTOME,,INACTIVE,REL_CTX002_ANNOTATION_CERTAINTY;REL_CTX002_BATCH_ADJUSTMENT;REL_CTX002_CONTROL_CERTAINTY;REL_CTX002_CROSS_CONTEXT_REPLICATION;REL_CTX002_EV_PREPARATION_INDEPENDENCE;REL_CTX002_MODEL_DIAGNOSTICS;REL_CTX002_PAIRING_CERTAINTY;REL_CTX002_PATHWAY_EVIDENCE;REL_CTX002_PHENOTYPE_SUPPORT;REL_CTX002_RECIPIENT_DONOR_INDEPENDENCE;REL_CTX002_SAMPLE_QC;REL_CTX002_SENSITIVITY_STABILITY;REL_CTX002_STUDY_INDEPENDENCE,EXP002-C4,data/metadata/skinexo_response_components.csv;reports/EXP002_C4_cross_study_pathway_validation.md
CTX002,I,I113,INACTIVE,1.6239880394737496,0.0751388070067848,HALLMARK_IL2_STAT5_SIGNALING,OBSERVED_NULL,1,0,TRANSCRIPTOME,,INACTIVE,REL_CTX002_ANNOTATION_CERTAINTY;REL_CTX002_BATCH_ADJUSTMENT;REL_CTX002_CONTROL_CERTAINTY;REL_CTX002_CROSS_CONTEXT_REPLICATION;REL_CTX002_EV_PREPARATION_INDEPENDENCE;REL_CTX002_MODEL_DIAGNOSTICS;REL_CTX002_PAIRING_CERTAINTY;REL_CTX002_PATHWAY_EVIDENCE;REL_CTX002_PHENOTYPE_SUPPORT;REL_CTX002_RECIPIENT_DONOR_INDEPENDENCE;REL_CTX002_SAMPLE_QC;REL_CTX002_SENSITIVITY_STABILITY;REL_CTX002_STUDY_INDEPENDENCE,EXP002-C4,data/metadata/skinexo_response_components.csv;reports/EXP002_C4_cross_study_pathway_validation.md
CTX002,I,I114,POSITIVE,1.7893621649248577,0.0346482465675773,HALLMARK_IL6_JAK_STAT3_SIGNALING,ACTIVE_POSITIVE,1,1,TRANSCRIPTOME,,POSITIVE,REL_CTX002_ANNOTATION_CERTAINTY;REL_CTX002_BATCH_ADJUSTMENT;REL_CTX002_CONTROL_CERTAINTY;REL_CTX002_CROSS_CONTEXT_REPLICATION;REL_CTX002_EV_PREPARATION_INDEPENDENCE;REL_CTX002_MODEL_DIAGNOSTICS;REL_CTX002_PAIRING_CERTAINTY;REL_CTX002_PATHWAY_EVIDENCE;REL_CTX002_PHENOTYPE_SUPPORT;REL_CTX002_RECIPIENT_DONOR_INDEPENDENCE;REL_CTX002_SAMPLE_QC;REL_CTX002_SENSITIVITY_STABILITY;REL_CTX002_STUDY_INDEPENDENCE,EXP002-C4,data/metadata/skinexo_response_components.csv;reports/EXP002_C4_cross_study_pathway_validation.md
CTX002,I,I115,POSITIVE,2.0832142130459093,0.0056011117776023,HALLMARK_INFLAMMATORY_RESPONSE,ACTIVE_POSITIVE,1,1,TRANSCRIPTOME,,POSITIVE,REL_CTX002_ANNOTATION_CERTAINTY;REL_CTX002_BATCH_ADJUSTMENT;REL_CTX002_CONTROL_CERTAINTY;REL_CTX002_CROSS_CONTEXT_REPLICATION;REL_CTX002_EV_PREPARATION_INDEPENDENCE;REL_CTX002_MODEL_DIAGNOSTICS;REL_CTX002_PAIRING_CERTAINTY;REL_CTX002_PATHWAY_EVIDENCE;REL_CTX002_PHENOTYPE_SUPPORT;REL_CTX002_RECIPIENT_DONOR_INDEPENDENCE;REL_CTX002_SAMPLE_QC;REL_CTX002_SENSITIVITY_STABILITY;REL_CTX002_STUDY_INDEPENDENCE,EXP002-C4,data/metadata/skinexo_response_components.csv;reports/EXP002_C4_cross_study_pathway_validation.md
CTX002,I,I116,POSITIVE,1.9155802179697283,0.0173818620765855,HALLMARK_INTERFERON_ALPHA_RESPONSE,ACTIVE_POSITIVE,1,1,TRANSCRIPTOME,,POSITIVE,REL_CTX002_ANNOTATION_CERTAINTY;REL_CTX002_BATCH_ADJUSTMENT;REL_CTX002_CONTROL_CERTAINTY;REL_CTX002_CROSS_CONTEXT_REPLICATION;REL_CTX002_EV_PREPARATION_INDEPENDENCE;REL_CTX002_MODEL_DIAGNOSTICS;REL_CTX002_PAIRING_CERTAINTY;REL_CTX002_PATHWAY_EVIDENCE;REL_CTX002_PHENOTYPE_SUPPORT;REL_CTX002_RECIPIENT_DONOR_INDEPENDENCE;REL_CTX002_SAMPLE_QC;REL_CTX002_SENSITIVITY_STABILITY;REL_CTX002_STUDY_INDEPENDENCE,EXP002-C4,data/metadata/skinexo_response_components.csv;reports/EXP002_C4_cross_study_pathway_validation.md
CTX002,I,I117,POSITIVE,2.3092242493680426,0.0,HALLMARK_INTERFERON_GAMMA_RESPONSE,ACTIVE_POSITIVE,1,1,TRANSCRIPTOME,,POSITIVE,REL_CTX002_ANNOTATION_CERTAINTY;REL_CTX002_BATCH_ADJUSTMENT;REL_CTX002_CONTROL_CERTAINTY;REL_CTX002_CROSS_CONTEXT_REPLICATION;REL_CTX002_EV_PREPARATION_INDEPENDENCE;REL_CTX002_MODEL_DIAGNOSTICS;REL_CTX002_PAIRING_CERTAINTY;REL_CTX002_PATHWAY_EVIDENCE;REL_CTX002_PHENOTYPE_SUPPORT;REL_CTX002_RECIPIENT_DONOR_INDEPENDENCE;REL_CTX002_SAMPLE_QC;REL_CTX002_SENSITIVITY_STABILITY;REL_CTX002_STUDY_INDEPENDENCE,EXP002-C4,data/metadata/skinexo_response_components.csv;reports/EXP002_C4_cross_study_pathway_validation.md
CTX002,I,I118,POSITIVE,2.9067877803281443,0.0,HALLMARK_TNFA_SIGNALING_VIA_NFKB,ACTIVE_POSITIVE,1,1,TRANSCRIPTOME,,POSITIVE,REL_CTX002_ANNOTATION_CERTAINTY;REL_CTX002_BATCH_ADJUSTMENT;REL_CTX002_CONTROL_CERTAINTY;REL_CTX002_CROSS_CONTEXT_REPLICATION;REL_CTX002_EV_PREPARATION_INDEPENDENCE;REL_CTX002_MODEL_DIAGNOSTICS;REL_CTX002_PAIRING_CERTAINTY;REL_CTX002_PATHWAY_EVIDENCE;REL_CTX002_PHENOTYPE_SUPPORT;REL_CTX002_RECIPIENT_DONOR_INDEPENDENCE;REL_CTX002_SAMPLE_QC;REL_CTX002_SENSITIVITY_STABILITY;REL_CTX002_STUDY_INDEPENDENCE,EXP002-C4,data/metadata/skinexo_response_components.csv;reports/EXP002_C4_cross_study_pathway_validation.md
CTX002,I,I119,INACTIVE,-0.7167941545100021,0.9924574764045284,REACTOME_ADORA2B_MEDIATED_ANTI_INFLAMMATORY_CYTOKINES_PRODUCTION,OBSERVED_NULL,1,0,TRANSCRIPTOME,,INACTIVE,REL_CTX002_ANNOTATION_CERTAINTY;REL_CTX002_BATCH_ADJUSTMENT;REL_CTX002_CONTROL_CERTAINTY;REL_CTX002_CROSS_CONTEXT_REPLICATION;REL_CTX002_EV_PREPARATION_INDEPENDENCE;REL_CTX002_MODEL_DIAGNOSTICS;REL_CTX002_PAIRING_CERTAINTY;REL_CTX002_PATHWAY_EVIDENCE;REL_CTX002_PHENOTYPE_SUPPORT;REL_CTX002_RECIPIENT_DONOR_INDEPENDENCE;REL_CTX002_SAMPLE_QC;REL_CTX002_SENSITIVITY_STABILITY;REL_CTX002_STUDY_INDEPENDENCE,EXP002-C4,data/metadata/skinexo_response_components.csv;reports/EXP002_C4_cross_study_pathway_validation.md
CTX002,I,I120,INACTIVE,0.9014508660510416,0.763375215365681,REACTOME_ANTI_INFLAMMATORY_RESPONSE_FAVOURING_LEISHMANIA_PARASITE_INFECTION,OBSERVED_NULL,1,0,TRANSCRIPTOME,,INACTIVE,REL_CTX002_ANNOTATION_CERTAINTY;REL_CTX002_BATCH_ADJUSTMENT;REL_CTX002_CONTROL_CERTAINTY;REL_CTX002_CROSS_CONTEXT_REPLICATION;REL_CTX002_EV_PREPARATION_INDEPENDENCE;REL_CTX002_MODEL_DIAGNOSTICS;REL_CTX002_PAIRING_CERTAINTY;REL_CTX002_PATHWAY_EVIDENCE;REL_CTX002_PHENOTYPE_SUPPORT;REL_CTX002_RECIPIENT_DONOR_INDEPENDENCE;REL_CTX002_SAMPLE_QC;REL_CTX002_SENSITIVITY_STABILITY;REL_CTX002_STUDY_INDEPENDENCE,EXP002-C4,data/metadata/skinexo_response_components.csv;reports/EXP002_C4_cross_study_pathway_validation.md
CTX002,I,I121,INACTIVE,0.9300418848976296,0.7215018450448597,REACTOME_DDX58_IFIH1_MEDIATED_INDUCTION_OF_INTERFERON_ALPHA_BETA,OBSERVED_NULL,1,0,TRANSCRIPTOME,,INACTIVE,REL_CTX002_ANNOTATION_CERTAINTY;REL_CTX002_BATCH_ADJUSTMENT;REL_CTX002_CONTROL_CERTAINTY;REL_CTX002_CROSS_CONTEXT_REPLICATION;REL_CTX002_EV_PREPARATION_INDEPENDENCE;REL_CTX002_MODEL_DIAGNOSTICS;REL_CTX002_PAIRING_CERTAINTY;REL_CTX002_PATHWAY_EVIDENCE;REL_CTX002_PHENOTYPE_SUPPORT;REL_CTX002_RECIPIENT_DONOR_INDEPENDENCE;REL_CTX002_SAMPLE_QC;REL_CTX002_SENSITIVITY_STABILITY;REL_CTX002_STUDY_INDEPENDENCE,EXP002-C4,data/metadata/skinexo_response_components.csv;reports/EXP002_C4_cross_study_pathway_validation.md
CTX002,I,I122,INACTIVE,1.3063210200505588,0.2442175286793338,REACTOME_DENGUE_VIRUS_ACTIVATES_MODULATES_INNATE_AND_ADAPTIVE_IMMUNE_RESPONSES,OBSERVED_NULL,1,0,TRANSCRIPTOME,,INACTIVE,REL_CTX002_ANNOTATION_CERTAINTY;REL_CTX002_BATCH_ADJUSTMENT;REL_CTX002_CONTROL_CERTAINTY;REL_CTX002_CROSS_CONTEXT_REPLICATION;REL_CTX002_EV_PREPARATION_INDEPENDENCE;REL_CTX002_MODEL_DIAGNOSTICS;REL_CTX002_PAIRING_CERTAINTY;REL_CTX002_PATHWAY_EVIDENCE;REL_CTX002_PHENOTYPE_SUPPORT;REL_CTX002_RECIPIENT_DONOR_INDEPENDENCE;REL_CTX002_SAMPLE_QC;REL_CTX002_SENSITIVITY_STABILITY;REL_CTX002_STUDY_INDEPENDENCE,EXP002-C4,data/metadata/skinexo_response_components.csv;reports/EXP002_C4_cross_study_pathway_validation.md
CTX002,I,I123,INACTIVE,1.2744012546755608,0.2712417599984181,REACTOME_DISEASES_OF_IMMUNE_SYSTEM,OBSERVED_NULL,1,0,TRANSCRIPTOME,,INACTIVE,REL_CTX002_ANNOTATION_CERTAINTY;REL_CTX002_BATCH_ADJUSTMENT;REL_CTX002_CONTROL_CERTAINTY;REL_CTX002_CROSS_CONTEXT_REPLICATION;REL_CTX002_EV_PREPARATION_INDEPENDENCE;REL_CTX002_MODEL_DIAGNOSTICS;REL_CTX002_PAIRING_CERTAINTY;REL_CTX002_PATHWAY_EVIDENCE;REL_CTX002_PHENOTYPE_SUPPORT;REL_CTX002_RECIPIENT_DONOR_INDEPENDENCE;REL_CTX002_SAMPLE_QC;REL_CTX002_SENSITIVITY_STABILITY;REL_CTX002_STUDY_INDEPENDENCE,EXP002-C4,data/metadata/skinexo_response_components.csv;reports/EXP002_C4_cross_study_pathway_validation.md
CTX002,I,I124,INACTIVE,1.4440721737448732,0.1543113170071244,REACTOME_EVASION_BY_RSV_OF_HOST_INTERFERON_RESPONSES,OBSERVED_NULL,1,0,TRANSCRIPTOME,,INACTIVE,REL_CTX002_ANNOTATION_CERTAINTY;REL_CTX002_BATCH_ADJUSTMENT;REL_CTX002_CONTROL_CERTAINTY;REL_CTX002_CROSS_CONTEXT_REPLICATION;REL_CTX002_EV_PREPARATION_INDEPENDENCE;REL_CTX002_MODEL_DIAGNOSTICS;REL_CTX002_PAIRING_CERTAINTY;REL_CTX002_PATHWAY_EVIDENCE;REL_CTX002_PHENOTYPE_SUPPORT;REL_CTX002_RECIPIENT_DONOR_INDEPENDENCE;REL_CTX002_SAMPLE_QC;REL_CTX002_SENSITIVITY_STABILITY;REL_CTX002_STUDY_INDEPENDENCE,EXP002-C4,data/metadata/skinexo_response_components.csv;reports/EXP002_C4_cross_study_pathway_validation.md
CTX002,I,I125,INACTIVE,1.4419414326597986,0.1552173560269787,REACTOME_INTERLEUKIN_12_FAMILY_SIGNALING,OBSERVED_NULL,1,0,TRANSCRIPTOME,,INACTIVE,REL_CTX002_ANNOTATION_CERTAINTY;REL_CTX002_BATCH_ADJUSTMENT;REL_CTX002_CONTROL_CERTAINTY;REL_CTX002_CROSS_CONTEXT_REPLICATION;REL_CTX002_EV_PREPARATION_INDEPENDENCE;REL_CTX002_MODEL_DIAGNOSTICS;REL_CTX002_PAIRING_CERTAINTY;REL_CTX002_PATHWAY_EVIDENCE;REL_CTX002_PHENOTYPE_SUPPORT;REL_CTX002_RECIPIENT_DONOR_INDEPENDENCE;REL_CTX002_SAMPLE_QC;REL_CTX002_SENSITIVITY_STABILITY;REL_CTX002_STUDY_INDEPENDENCE,EXP002-C4,data/metadata/skinexo_response_components.csv;reports/EXP002_C4_cross_study_pathway_validation.md
CTX002,I,I126,INACTIVE,0.7869356690875576,0.905115867447654,REACTOME_IMMUNOREGULATORY_INTERACTIONS_BETWEEN_A_LYMPHOID_AND_A_NON_LYMPHOID_CELL,OBSERVED_NULL,1,0,TRANSCRIPTOME,,INACTIVE,REL_CTX002_ANNOTATION_CERTAINTY;REL_CTX002_BATCH_ADJUSTMENT;REL_CTX002_CONTROL_CERTAINTY;REL_CTX002_CROSS_CONTEXT_REPLICATION;REL_CTX002_EV_PREPARATION_INDEPENDENCE;REL_CTX002_MODEL_DIAGNOSTICS;REL_CTX002_PAIRING_CERTAINTY;REL_CTX002_PATHWAY_EVIDENCE;REL_CTX002_PHENOTYPE_SUPPORT;REL_CTX002_RECIPIENT_DONOR_INDEPENDENCE;REL_CTX002_SAMPLE_QC;REL_CTX002_SENSITIVITY_STABILITY;REL_CTX002_STUDY_INDEPENDENCE,EXP002-C4,data/metadata/skinexo_response_components.csv;reports/EXP002_C4_cross_study_pathway_validation.md
CTX002,I,I127,NEGATIVE,-1.8285691018229655,0.0467801469782869,REACTOME_INFLAMMASOMES,ACTIVE_NEGATIVE,1,1,TRANSCRIPTOME,,NEGATIVE,REL_CTX002_ANNOTATION_CERTAINTY;REL_CTX002_BATCH_ADJUSTMENT;REL_CTX002_CONTROL_CERTAINTY;REL_CTX002_CROSS_CONTEXT_REPLICATION;REL_CTX002_EV_PREPARATION_INDEPENDENCE;REL_CTX002_MODEL_DIAGNOSTICS;REL_CTX002_PAIRING_CERTAINTY;REL_CTX002_PATHWAY_EVIDENCE;REL_CTX002_PHENOTYPE_SUPPORT;REL_CTX002_RECIPIENT_DONOR_INDEPENDENCE;REL_CTX002_SAMPLE_QC;REL_CTX002_SENSITIVITY_STABILITY;REL_CTX002_STUDY_INDEPENDENCE,EXP002-C4,data/metadata/skinexo_response_components.csv;reports/EXP002_C4_cross_study_pathway_validation.md
CTX002,I,I128,POSITIVE,2.037707010281552,0.0076092026758911,REACTOME_INTERFERON_ALPHA_BETA_SIGNALING,ACTIVE_POSITIVE,1,1,TRANSCRIPTOME,,POSITIVE,REL_CTX002_ANNOTATION_CERTAINTY;REL_CTX002_BATCH_ADJUSTMENT;REL_CTX002_CONTROL_CERTAINTY;REL_CTX002_CROSS_CONTEXT_REPLICATION;REL_CTX002_EV_PREPARATION_INDEPENDENCE;REL_CTX002_MODEL_DIAGNOSTICS;REL_CTX002_PAIRING_CERTAINTY;REL_CTX002_PATHWAY_EVIDENCE;REL_CTX002_PHENOTYPE_SUPPORT;REL_CTX002_RECIPIENT_DONOR_INDEPENDENCE;REL_CTX002_SAMPLE_QC;REL_CTX002_SENSITIVITY_STABILITY;REL_CTX002_STUDY_INDEPENDENCE,EXP002-C4,data/metadata/skinexo_response_components.csv;reports/EXP002_C4_cross_study_pathway_validation.md
CTX002,I,I129,INACTIVE,1.0852258230657614,0.485311188236722,REACTOME_INTERFERON_GAMMA_SIGNALING,OBSERVED_NULL,1,0,TRANSCRIPTOME,,INACTIVE,REL_CTX002_ANNOTATION_CERTAINTY;REL_CTX002_BATCH_ADJUSTMENT;REL_CTX002_CONTROL_CERTAINTY;REL_CTX002_CROSS_CONTEXT_REPLICATION;REL_CTX002_EV_PREPARATION_INDEPENDENCE;REL_CTX002_MODEL_DIAGNOSTICS;REL_CTX002_PAIRING_CERTAINTY;REL_CTX002_PATHWAY_EVIDENCE;REL_CTX002_PHENOTYPE_SUPPORT;REL_CTX002_RECIPIENT_DONOR_INDEPENDENCE;REL_CTX002_SAMPLE_QC;REL_CTX002_SENSITIVITY_STABILITY;REL_CTX002_STUDY_INDEPENDENCE,EXP002-C4,data/metadata/skinexo_response_components.csv;reports/EXP002_C4_cross_study_pathway_validation.md
CTX002,I,I130,INACTIVE,1.6244421320036322,0.0751861780935094,REACTOME_INTERFERON_SIGNALING,OBSERVED_NULL,1,0,TRANSCRIPTOME,,INACTIVE,REL_CTX002_ANNOTATION_CERTAINTY;REL_CTX002_BATCH_ADJUSTMENT;REL_CTX002_CONTROL_CERTAINTY;REL_CTX002_CROSS_CONTEXT_REPLICATION;REL_CTX002_EV_PREPARATION_INDEPENDENCE;REL_CTX002_MODEL_DIAGNOSTICS;REL_CTX002_PAIRING_CERTAINTY;REL_CTX002_PATHWAY_EVIDENCE;REL_CTX002_PHENOTYPE_SUPPORT;REL_CTX002_RECIPIENT_DONOR_INDEPENDENCE;REL_CTX002_SAMPLE_QC;REL_CTX002_SENSITIVITY_STABILITY;REL_CTX002_STUDY_INDEPENDENCE,EXP002-C4,data/metadata/skinexo_response_components.csv;reports/EXP002_C4_cross_study_pathway_validation.md
CTX002,I,I131,POSITIVE,2.096489608266962,0.0049548296494174,REACTOME_INTERLEUKIN_10_SIGNALING,ACTIVE_POSITIVE,1,1,TRANSCRIPTOME,,POSITIVE,REL_CTX002_ANNOTATION_CERTAINTY;REL_CTX002_BATCH_ADJUSTMENT;REL_CTX002_CONTROL_CERTAINTY;REL_CTX002_CROSS_CONTEXT_REPLICATION;REL_CTX002_EV_PREPARATION_INDEPENDENCE;REL_CTX002_MODEL_DIAGNOSTICS;REL_CTX002_PAIRING_CERTAINTY;REL_CTX002_PATHWAY_EVIDENCE;REL_CTX002_PHENOTYPE_SUPPORT;REL_CTX002_RECIPIENT_DONOR_INDEPENDENCE;REL_CTX002_SAMPLE_QC;REL_CTX002_SENSITIVITY_STABILITY;REL_CTX002_STUDY_INDEPENDENCE,EXP002-C4,data/metadata/skinexo_response_components.csv;reports/EXP002_C4_cross_study_pathway_validation.md
CTX002,I,I132,INACTIVE,1.7075550004437257,0.0525848770473445,REACTOME_INTERLEUKIN_17_SIGNALING,OBSERVED_NULL,1,0,TRANSCRIPTOME,,INACTIVE,REL_CTX002_ANNOTATION_CERTAINTY;REL_CTX002_BATCH_ADJUSTMENT;REL_CTX002_CONTROL_CERTAINTY;REL_CTX002_CROSS_CONTEXT_REPLICATION;REL_CTX002_EV_PREPARATION_INDEPENDENCE;REL_CTX002_MODEL_DIAGNOSTICS;REL_CTX002_PAIRING_CERTAINTY;REL_CTX002_PATHWAY_EVIDENCE;REL_CTX002_PHENOTYPE_SUPPORT;REL_CTX002_RECIPIENT_DONOR_INDEPENDENCE;REL_CTX002_SAMPLE_QC;REL_CTX002_SENSITIVITY_STABILITY;REL_CTX002_STUDY_INDEPENDENCE,EXP002-C4,data/metadata/skinexo_response_components.csv;reports/EXP002_C4_cross_study_pathway_validation.md
CTX002,I,I133,INACTIVE,1.645410078193828,0.0689052404356204,REACTOME_INTERLEUKIN_1_FAMILY_SIGNALING,OBSERVED_NULL,1,0,TRANSCRIPTOME,,INACTIVE,REL_CTX002_ANNOTATION_CERTAINTY;REL_CTX002_BATCH_ADJUSTMENT;REL_CTX002_CONTROL_CERTAINTY;REL_CTX002_CROSS_CONTEXT_REPLICATION;REL_CTX002_EV_PREPARATION_INDEPENDENCE;REL_CTX002_MODEL_DIAGNOSTICS;REL_CTX002_PAIRING_CERTAINTY;REL_CTX002_PATHWAY_EVIDENCE;REL_CTX002_PHENOTYPE_SUPPORT;REL_CTX002_RECIPIENT_DONOR_INDEPENDENCE;REL_CTX002_SAMPLE_QC;REL_CTX002_SENSITIVITY_STABILITY;REL_CTX002_STUDY_INDEPENDENCE,EXP002-C4,data/metadata/skinexo_response_components.csv;reports/EXP002_C4_cross_study_pathway_validation.md
CTX002,I,I134,INACTIVE,1.2183319678760878,0.3262869212110089,REACTOME_INTERLEUKIN_2_FAMILY_SIGNALING,OBSERVED_NULL,1,0,TRANSCRIPTOME,,INACTIVE,REL_CTX002_ANNOTATION_CERTAINTY;REL_CTX002_BATCH_ADJUSTMENT;REL_CTX002_CONTROL_CERTAINTY;REL_CTX002_CROSS_CONTEXT_REPLICATION;REL_CTX002_EV_PREPARATION_INDEPENDENCE;REL_CTX002_MODEL_DIAGNOSTICS;REL_CTX002_PAIRING_CERTAINTY;REL_CTX002_PATHWAY_EVIDENCE;REL_CTX002_PHENOTYPE_SUPPORT;REL_CTX002_RECIPIENT_DONOR_INDEPENDENCE;REL_CTX002_SAMPLE_QC;REL_CTX002_SENSITIVITY_STABILITY;REL_CTX002_STUDY_INDEPENDENCE,EXP002-C4,data/metadata/skinexo_response_components.csv;reports/EXP002_C4_cross_study_pathway_validation.md
CTX002,I,I135,INACTIVE,1.123891059105448,0.4328869503707746,REACTOME_INTERLEUKIN_37_SIGNALING,OBSERVED_NULL,1,0,TRANSCRIPTOME,,INACTIVE,REL_CTX002_ANNOTATION_CERTAINTY;REL_CTX002_BATCH_ADJUSTMENT;REL_CTX002_CONTROL_CERTAINTY;REL_CTX002_CROSS_CONTEXT_REPLICATION;REL_CTX002_EV_PREPARATION_INDEPENDENCE;REL_CTX002_MODEL_DIAGNOSTICS;REL_CTX002_PAIRING_CERTAINTY;REL_CTX002_PATHWAY_EVIDENCE;REL_CTX002_PHENOTYPE_SUPPORT;REL_CTX002_RECIPIENT_DONOR_INDEPENDENCE;REL_CTX002_SAMPLE_QC;REL_CTX002_SENSITIVITY_STABILITY;REL_CTX002_STUDY_INDEPENDENCE,EXP002-C4,data/metadata/skinexo_response_components.csv;reports/EXP002_C4_cross_study_pathway_validation.md
CTX002,I,I136,POSITIVE,1.886605509191324,0.0199357782689169,REACTOME_INTERLEUKIN_4_AND_INTERLEUKIN_13_SIGNALING,ACTIVE_POSITIVE,1,1,TRANSCRIPTOME,,POSITIVE,REL_CTX002_ANNOTATION_CERTAINTY;REL_CTX002_BATCH_ADJUSTMENT;REL_CTX002_CONTROL_CERTAINTY;REL_CTX002_CROSS_CONTEXT_REPLICATION;REL_CTX002_EV_PREPARATION_INDEPENDENCE;REL_CTX002_MODEL_DIAGNOSTICS;REL_CTX002_PAIRING_CERTAINTY;REL_CTX002_PATHWAY_EVIDENCE;REL_CTX002_PHENOTYPE_SUPPORT;REL_CTX002_RECIPIENT_DONOR_INDEPENDENCE;REL_CTX002_SAMPLE_QC;REL_CTX002_SENSITIVITY_STABILITY;REL_CTX002_STUDY_INDEPENDENCE,EXP002-C4,data/metadata/skinexo_response_components.csv;reports/EXP002_C4_cross_study_pathway_validation.md
CTX002,I,I137,POSITIVE,2.17467855646592,0.0028152441189872,REACTOME_INTERLEUKIN_6_FAMILY_SIGNALING,ACTIVE_POSITIVE,1,1,TRANSCRIPTOME,,POSITIVE,REL_CTX002_ANNOTATION_CERTAINTY;REL_CTX002_BATCH_ADJUSTMENT;REL_CTX002_CONTROL_CERTAINTY;REL_CTX002_CROSS_CONTEXT_REPLICATION;REL_CTX002_EV_PREPARATION_INDEPENDENCE;REL_CTX002_MODEL_DIAGNOSTICS;REL_CTX002_PAIRING_CERTAINTY;REL_CTX002_PATHWAY_EVIDENCE;REL_CTX002_PHENOTYPE_SUPPORT;REL_CTX002_RECIPIENT_DONOR_INDEPENDENCE;REL_CTX002_SAMPLE_QC;REL_CTX002_SENSITIVITY_STABILITY;REL_CTX002_STUDY_INDEPENDENCE,EXP002-C4,data/metadata/skinexo_response_components.csv;reports/EXP002_C4_cross_study_pathway_validation.md
CTX002,I,I138,INACTIVE,1.4901298465309258,0.1281441303768358,REACTOME_INTERLEUKIN_7_SIGNALING,OBSERVED_NULL,1,0,TRANSCRIPTOME,,INACTIVE,REL_CTX002_ANNOTATION_CERTAINTY;REL_CTX002_BATCH_ADJUSTMENT;REL_CTX002_CONTROL_CERTAINTY;REL_CTX002_CROSS_CONTEXT_REPLICATION;REL_CTX002_EV_PREPARATION_INDEPENDENCE;REL_CTX002_MODEL_DIAGNOSTICS;REL_CTX002_PAIRING_CERTAINTY;REL_CTX002_PATHWAY_EVIDENCE;REL_CTX002_PHENOTYPE_SUPPORT;REL_CTX002_RECIPIENT_DONOR_INDEPENDENCE;REL_CTX002_SAMPLE_QC;REL_CTX002_SENSITIVITY_STABILITY;REL_CTX002_STUDY_INDEPENDENCE,EXP002-C4,data/metadata/skinexo_response_components.csv;reports/EXP002_C4_cross_study_pathway_validation.md
CTX002,I,I139,INACTIVE,-1.4160307252991136,0.3234781637481386,REACTOME_NEUTROPHIL_DEGRANULATION,OBSERVED_NULL,1,0,TRANSCRIPTOME,,INACTIVE,REL_CTX002_ANNOTATION_CERTAINTY;REL_CTX002_BATCH_ADJUSTMENT;REL_CTX002_CONTROL_CERTAINTY;REL_CTX002_CROSS_CONTEXT_REPLICATION;REL_CTX002_EV_PREPARATION_INDEPENDENCE;REL_CTX002_MODEL_DIAGNOSTICS;REL_CTX002_PAIRING_CERTAINTY;REL_CTX002_PATHWAY_EVIDENCE;REL_CTX002_PHENOTYPE_SUPPORT;REL_CTX002_RECIPIENT_DONOR_INDEPENDENCE;REL_CTX002_SAMPLE_QC;REL_CTX002_SENSITIVITY_STABILITY;REL_CTX002_STUDY_INDEPENDENCE,EXP002-C4,data/metadata/skinexo_response_components.csv;reports/EXP002_C4_cross_study_pathway_validation.md
CTX002,I,I140,INACTIVE,1.178518499994076,0.3670773601780345,REACTOME_OTHER_INTERLEUKIN_SIGNALING,OBSERVED_NULL,1,0,TRANSCRIPTOME,,INACTIVE,REL_CTX002_ANNOTATION_CERTAINTY;REL_CTX002_BATCH_ADJUSTMENT;REL_CTX002_CONTROL_CERTAINTY;REL_CTX002_CROSS_CONTEXT_REPLICATION;REL_CTX002_EV_PREPARATION_INDEPENDENCE;REL_CTX002_MODEL_DIAGNOSTICS;REL_CTX002_PAIRING_CERTAINTY;REL_CTX002_PATHWAY_EVIDENCE;REL_CTX002_PHENOTYPE_SUPPORT;REL_CTX002_RECIPIENT_DONOR_INDEPENDENCE;REL_CTX002_SAMPLE_QC;REL_CTX002_SENSITIVITY_STABILITY;REL_CTX002_STUDY_INDEPENDENCE,EXP002-C4,data/metadata/skinexo_response_components.csv;reports/EXP002_C4_cross_study_pathway_validation.md
CTX002,I,I141,INACTIVE,1.7084162533446463,0.0523879748074023,REACTOME_RIP_MEDIATED_NFKB_ACTIVATION_VIA_ZBP1,OBSERVED_NULL,1,0,TRANSCRIPTOME,,POSITIVE,REL_CTX002_ANNOTATION_CERTAINTY;REL_CTX002_BATCH_ADJUSTMENT;REL_CTX002_CONTROL_CERTAINTY;REL_CTX002_CROSS_CONTEXT_REPLICATION;REL_CTX002_EV_PREPARATION_INDEPENDENCE;REL_CTX002_MODEL_DIAGNOSTICS;REL_CTX002_PAIRING_CERTAINTY;REL_CTX002_PATHWAY_EVIDENCE;REL_CTX002_PHENOTYPE_SUPPORT;REL_CTX002_RECIPIENT_DONOR_INDEPENDENCE;REL_CTX002_SAMPLE_QC;REL_CTX002_SENSITIVITY_STABILITY;REL_CTX002_STUDY_INDEPENDENCE,EXP002-C4,data/metadata/skinexo_response_components.csv;reports/EXP002_C4_cross_study_pathway_validation.md
CTX002,I,I142,INACTIVE,1.2986124534201258,0.2493888704473593,REACTOME_SARS_COV_1_ACTIVATES_MODULATES_INNATE_IMMUNE_RESPONSES,OBSERVED_NULL,1,0,TRANSCRIPTOME,,INACTIVE,REL_CTX002_ANNOTATION_CERTAINTY;REL_CTX002_BATCH_ADJUSTMENT;REL_CTX002_CONTROL_CERTAINTY;REL_CTX002_CROSS_CONTEXT_REPLICATION;REL_CTX002_EV_PREPARATION_INDEPENDENCE;REL_CTX002_MODEL_DIAGNOSTICS;REL_CTX002_PAIRING_CERTAINTY;REL_CTX002_PATHWAY_EVIDENCE;REL_CTX002_PHENOTYPE_SUPPORT;REL_CTX002_RECIPIENT_DONOR_INDEPENDENCE;REL_CTX002_SAMPLE_QC;REL_CTX002_SENSITIVITY_STABILITY;REL_CTX002_STUDY_INDEPENDENCE,EXP002-C4,data/metadata/skinexo_response_components.csv;reports/EXP002_C4_cross_study_pathway_validation.md
CTX002,I,I143,INACTIVE,1.6992488368378524,0.0551355779644017,REACTOME_SARS_COV_2_ACTIVATES_MODULATES_INNATE_AND_ADAPTIVE_IMMUNE_RESPONSES,OBSERVED_NULL,1,0,TRANSCRIPTOME,,INACTIVE,REL_CTX002_ANNOTATION_CERTAINTY;REL_CTX002_BATCH_ADJUSTMENT;REL_CTX002_CONTROL_CERTAINTY;REL_CTX002_CROSS_CONTEXT_REPLICATION;REL_CTX002_EV_PREPARATION_INDEPENDENCE;REL_CTX002_MODEL_DIAGNOSTICS;REL_CTX002_PAIRING_CERTAINTY;REL_CTX002_PATHWAY_EVIDENCE;REL_CTX002_PHENOTYPE_SUPPORT;REL_CTX002_RECIPIENT_DONOR_INDEPENDENCE;REL_CTX002_SAMPLE_QC;REL_CTX002_SENSITIVITY_STABILITY;REL_CTX002_STUDY_INDEPENDENCE,EXP002-C4,data/metadata/skinexo_response_components.csv;reports/EXP002_C4_cross_study_pathway_validation.md
CTX002,I,I144,POSITIVE,1.8668882243037244,0.0221290888101803,REACTOME_SIGNALING_BY_INTERLEUKINS,ACTIVE_POSITIVE,1,1,TRANSCRIPTOME,,POSITIVE,REL_CTX002_ANNOTATION_CERTAINTY;REL_CTX002_BATCH_ADJUSTMENT;REL_CTX002_CONTROL_CERTAINTY;REL_CTX002_CROSS_CONTEXT_REPLICATION;REL_CTX002_EV_PREPARATION_INDEPENDENCE;REL_CTX002_MODEL_DIAGNOSTICS;REL_CTX002_PAIRING_CERTAINTY;REL_CTX002_PATHWAY_EVIDENCE;REL_CTX002_PHENOTYPE_SUPPORT;REL_CTX002_RECIPIENT_DONOR_INDEPENDENCE;REL_CTX002_SAMPLE_QC;REL_CTX002_SENSITIVITY_STABILITY;REL_CTX002_STUDY_INDEPENDENCE,EXP002-C4,data/metadata/skinexo_response_components.csv;reports/EXP002_C4_cross_study_pathway_validation.md
CTX002,I,I145,INACTIVE,0.9947821547867216,0.6174640886340812,REACTOME_TNFR1_INDUCED_NF_KAPPA_B_SIGNALING_PATHWAY,OBSERVED_NULL,1,0,TRANSCRIPTOME,,INACTIVE,REL_CTX002_ANNOTATION_CERTAINTY;REL_CTX002_BATCH_ADJUSTMENT;REL_CTX002_CONTROL_CERTAINTY;REL_CTX002_CROSS_CONTEXT_REPLICATION;REL_CTX002_EV_PREPARATION_INDEPENDENCE;REL_CTX002_MODEL_DIAGNOSTICS;REL_CTX002_PAIRING_CERTAINTY;REL_CTX002_PATHWAY_EVIDENCE;REL_CTX002_PHENOTYPE_SUPPORT;REL_CTX002_RECIPIENT_DONOR_INDEPENDENCE;REL_CTX002_SAMPLE_QC;REL_CTX002_SENSITIVITY_STABILITY;REL_CTX002_STUDY_INDEPENDENCE,EXP002-C4,data/metadata/skinexo_response_components.csv;reports/EXP002_C4_cross_study_pathway_validation.md
CTX002,I,I146,INACTIVE,1.6812297297875678,0.0594750650114125,REACTOME_TNFR2_NON_CANONICAL_NF_KB_PATHWAY,OBSERVED_NULL,1,0,TRANSCRIPTOME,,POSITIVE,REL_CTX002_ANNOTATION_CERTAINTY;REL_CTX002_BATCH_ADJUSTMENT;REL_CTX002_CONTROL_CERTAINTY;REL_CTX002_CROSS_CONTEXT_REPLICATION;REL_CTX002_EV_PREPARATION_INDEPENDENCE;REL_CTX002_MODEL_DIAGNOSTICS;REL_CTX002_PAIRING_CERTAINTY;REL_CTX002_PATHWAY_EVIDENCE;REL_CTX002_PHENOTYPE_SUPPORT;REL_CTX002_RECIPIENT_DONOR_INDEPENDENCE;REL_CTX002_SAMPLE_QC;REL_CTX002_SENSITIVITY_STABILITY;REL_CTX002_STUDY_INDEPENDENCE,EXP002-C4,data/metadata/skinexo_response_components.csv;reports/EXP002_C4_cross_study_pathway_validation.md
CTX002,M,M001,INACTIVE,1.3248952611502718,0.2309736138402238,GOBP_AMEBOIDAL_TYPE_CELL_MIGRATION,OBSERVED_NULL,1,0,TRANSCRIPTOME,,INACTIVE,REL_CTX002_ANNOTATION_CERTAINTY;REL_CTX002_BATCH_ADJUSTMENT;REL_CTX002_CONTROL_CERTAINTY;REL_CTX002_CROSS_CONTEXT_REPLICATION;REL_CTX002_EV_PREPARATION_INDEPENDENCE;REL_CTX002_MODEL_DIAGNOSTICS;REL_CTX002_PAIRING_CERTAINTY;REL_CTX002_PATHWAY_EVIDENCE;REL_CTX002_PHENOTYPE_SUPPORT;REL_CTX002_RECIPIENT_DONOR_INDEPENDENCE;REL_CTX002_SAMPLE_QC;REL_CTX002_SENSITIVITY_STABILITY;REL_CTX002_STUDY_INDEPENDENCE,EXP002-C4,data/metadata/skinexo_response_components.csv;reports/EXP002_C4_cross_study_pathway_validation.md
CTX002,M,M002,POSITIVE,2.002050414882587,0.0091416607031752,GOBP_CELL_MIGRATION_INVOLVED_IN_SPROUTING_ANGIOGENESIS,ACTIVE_POSITIVE,1,1,TRANSCRIPTOME,,POSITIVE,REL_CTX002_ANNOTATION_CERTAINTY;REL_CTX002_BATCH_ADJUSTMENT;REL_CTX002_CONTROL_CERTAINTY;REL_CTX002_CROSS_CONTEXT_REPLICATION;REL_CTX002_EV_PREPARATION_INDEPENDENCE;REL_CTX002_MODEL_DIAGNOSTICS;REL_CTX002_PAIRING_CERTAINTY;REL_CTX002_PATHWAY_EVIDENCE;REL_CTX002_PHENOTYPE_SUPPORT;REL_CTX002_RECIPIENT_DONOR_INDEPENDENCE;REL_CTX002_SAMPLE_QC;REL_CTX002_SENSITIVITY_STABILITY;REL_CTX002_STUDY_INDEPENDENCE,EXP002-C4,data/metadata/skinexo_response_components.csv;reports/EXP002_C4_cross_study_pathway_validation.md
CTX002,M,M003,INACTIVE,1.6738623303900828,0.0611336607805449,GOBP_REGULATION_OF_LEUKOCYTE_CHEMOTAXIS,OBSERVED_NULL,1,0,TRANSCRIPTOME,,INACTIVE,REL_CTX002_ANNOTATION_CERTAINTY;REL_CTX002_BATCH_ADJUSTMENT;REL_CTX002_CONTROL_CERTAINTY;REL_CTX002_CROSS_CONTEXT_REPLICATION;REL_CTX002_EV_PREPARATION_INDEPENDENCE;REL_CTX002_MODEL_DIAGNOSTICS;REL_CTX002_PAIRING_CERTAINTY;REL_CTX002_PATHWAY_EVIDENCE;REL_CTX002_PHENOTYPE_SUPPORT;REL_CTX002_RECIPIENT_DONOR_INDEPENDENCE;REL_CTX002_SAMPLE_QC;REL_CTX002_SENSITIVITY_STABILITY;REL_CTX002_STUDY_INDEPENDENCE,EXP002-C4,data/metadata/skinexo_response_components.csv;reports/EXP002_C4_cross_study_pathway_validation.md
CTX002,M,M004,INACTIVE,1.3454548934506232,0.2159913534517035,GOBP_CELL_MIGRATION_INVOLVED_IN_HEART_DEVELOPMENT,OBSERVED_NULL,1,0,TRANSCRIPTOME,,INACTIVE,REL_CTX002_ANNOTATION_CERTAINTY;REL_CTX002_BATCH_ADJUSTMENT;REL_CTX002_CONTROL_CERTAINTY;REL_CTX002_CROSS_CONTEXT_REPLICATION;REL_CTX002_EV_PREPARATION_INDEPENDENCE;REL_CTX002_MODEL_DIAGNOSTICS;REL_CTX002_PAIRING_CERTAINTY;REL_CTX002_PATHWAY_EVIDENCE;REL_CTX002_PHENOTYPE_SUPPORT;REL_CTX002_RECIPIENT_DONOR_INDEPENDENCE;REL_CTX002_SAMPLE_QC;REL_CTX002_SENSITIVITY_STABILITY;REL_CTX002_STUDY_INDEPENDENCE,EXP002-C4,data/metadata/skinexo_response_components.csv;reports/EXP002_C4_cross_study_pathway_validation.md
CTX002,M,M005,INACTIVE,-1.0587956228904305,0.6622268803219852,GOBP_CEREBRAL_CORTEX_RADIALLY_ORIENTED_CELL_MIGRATION,OBSERVED_NULL,1,0,TRANSCRIPTOME,,INACTIVE,REL_CTX002_ANNOTATION_CERTAINTY;REL_CTX002_BATCH_ADJUSTMENT;REL_CTX002_CONTROL_CERTAINTY;REL_CTX002_CROSS_CONTEXT_REPLICATION;REL_CTX002_EV_PREPARATION_INDEPENDENCE;REL_CTX002_MODEL_DIAGNOSTICS;REL_CTX002_PAIRING_CERTAINTY;REL_CTX002_PATHWAY_EVIDENCE;REL_CTX002_PHENOTYPE_SUPPORT;REL_CTX002_RECIPIENT_DONOR_INDEPENDENCE;REL_CTX002_SAMPLE_QC;REL_CTX002_SENSITIVITY_STABILITY;REL_CTX002_STUDY_INDEPENDENCE,EXP002-C4,data/metadata/skinexo_response_components.csv;reports/EXP002_C4_cross_study_pathway_validation.md
CTX002,M,M006,INACTIVE,-1.104397923452478,0.61447699185798,GOBP_CILIUM_OR_FLAGELLUM_DEPENDENT_CELL_MOTILITY,OBSERVED_NULL,1,0,TRANSCRIPTOME,,INACTIVE,REL_CTX002_ANNOTATION_CERTAINTY;REL_CTX002_BATCH_ADJUSTMENT;REL_CTX002_CONTROL_CERTAINTY;REL_CTX002_CROSS_CONTEXT_REPLICATION;REL_CTX002_EV_PREPARATION_INDEPENDENCE;REL_CTX002_MODEL_DIAGNOSTICS;REL_CTX002_PAIRING_CERTAINTY;REL_CTX002_PATHWAY_EVIDENCE;REL_CTX002_PHENOTYPE_SUPPORT;REL_CTX002_RECIPIENT_DONOR_INDEPENDENCE;REL_CTX002_SAMPLE_QC;REL_CTX002_SENSITIVITY_STABILITY;REL_CTX002_STUDY_INDEPENDENCE,EXP002-C4,data/metadata/skinexo_response_components.csv;reports/EXP002_C4_cross_study_pathway_validation.md
CTX002,M,M007,INACTIVE,1.4767268534864393,0.1353164557446741,GOBP_ENDOTHELIAL_CELL_CHEMOTAXIS,OBSERVED_NULL,1,0,TRANSCRIPTOME,,INACTIVE,REL_CTX002_ANNOTATION_CERTAINTY;REL_CTX002_BATCH_ADJUSTMENT;REL_CTX002_CONTROL_CERTAINTY;REL_CTX002_CROSS_CONTEXT_REPLICATION;REL_CTX002_EV_PREPARATION_INDEPENDENCE;REL_CTX002_MODEL_DIAGNOSTICS;REL_CTX002_PAIRING_CERTAINTY;REL_CTX002_PATHWAY_EVIDENCE;REL_CTX002_PHENOTYPE_SUPPORT;REL_CTX002_RECIPIENT_DONOR_INDEPENDENCE;REL_CTX002_SAMPLE_QC;REL_CTX002_SENSITIVITY_STABILITY;REL_CTX002_STUDY_INDEPENDENCE,EXP002-C4,data/metadata/skinexo_response_components.csv;reports/EXP002_C4_cross_study_pathway_validation.md
CTX002,M,M008,INACTIVE,1.1787894331446456,0.3669826592103198,GOBP_FIBROBLAST_MIGRATION,OBSERVED_NULL,1,0,TRANSCRIPTOME,,INACTIVE,REL_CTX002_ANNOTATION_CERTAINTY;REL_CTX002_BATCH_ADJUSTMENT;REL_CTX002_CONTROL_CERTAINTY;REL_CTX002_CROSS_CONTEXT_REPLICATION;REL_CTX002_EV_PREPARATION_INDEPENDENCE;REL_CTX002_MODEL_DIAGNOSTICS;REL_CTX002_PAIRING_CERTAINTY;REL_CTX002_PATHWAY_EVIDENCE;REL_CTX002_PHENOTYPE_SUPPORT;REL_CTX002_RECIPIENT_DONOR_INDEPENDENCE;REL_CTX002_SAMPLE_QC;REL_CTX002_SENSITIVITY_STABILITY;REL_CTX002_STUDY_INDEPENDENCE,EXP002-C4,data/metadata/skinexo_response_components.csv;reports/EXP002_C4_cross_study_pathway_validation.md
CTX002,M,M009,INACTIVE,-1.492276275680201,0.2670566087265257,GOBP_GLIAL_CELL_MIGRATION,OBSERVED_NULL,1,0,TRANSCRIPTOME,,INACTIVE,REL_CTX002_ANNOTATION_CERTAINTY;REL_CTX002_BATCH_ADJUSTMENT;REL_CTX002_CONTROL_CERTAINTY;REL_CTX002_CROSS_CONTEXT_REPLICATION;REL_CTX002_EV_PREPARATION_INDEPENDENCE;REL_CTX002_MODEL_DIAGNOSTICS;REL_CTX002_PAIRING_CERTAINTY;REL_CTX002_PATHWAY_EVIDENCE;REL_CTX002_PHENOTYPE_SUPPORT;REL_CTX002_RECIPIENT_DONOR_INDEPENDENCE;REL_CTX002_SAMPLE_QC;REL_CTX002_SENSITIVITY_STABILITY;REL_CTX002_STUDY_INDEPENDENCE,EXP002-C4,data/metadata/skinexo_response_components.csv;reports/EXP002_C4_cross_study_pathway_validation.md
CTX002,M,M010,INACTIVE,1.4401020213140072,0.1559681795873967,GOBP_LYMPHOCYTE_CHEMOTAXIS,OBSERVED_NULL,1,0,TRANSCRIPTOME,,INACTIVE,REL_CTX002_ANNOTATION_CERTAINTY;REL_CTX002_BATCH_ADJUSTMENT;REL_CTX002_CONTROL_CERTAINTY;REL_CTX002_CROSS_CONTEXT_REPLICATION;REL_CTX002_EV_PREPARATION_INDEPENDENCE;REL_CTX002_MODEL_DIAGNOSTICS;REL_CTX002_PAIRING_CERTAINTY;REL_CTX002_PATHWAY_EVIDENCE;REL_CTX002_PHENOTYPE_SUPPORT;REL_CTX002_RECIPIENT_DONOR_INDEPENDENCE;REL_CTX002_SAMPLE_QC;REL_CTX002_SENSITIVITY_STABILITY;REL_CTX002_STUDY_INDEPENDENCE,EXP002-C4,data/metadata/skinexo_response_components.csv;reports/EXP002_C4_cross_study_pathway_validation.md
CTX002,M,M011,INACTIVE,1.2549415670304769,0.2915429762338659,GOBP_LYMPHOCYTE_MIGRATION,OBSERVED_NULL,1,0,TRANSCRIPTOME,,INACTIVE,REL_CTX002_ANNOTATION_CERTAINTY;REL_CTX002_BATCH_ADJUSTMENT;REL_CTX002_CONTROL_CERTAINTY;REL_CTX002_CROSS_CONTEXT_REPLICATION;REL_CTX002_EV_PREPARATION_INDEPENDENCE;REL_CTX002_MODEL_DIAGNOSTICS;REL_CTX002_PAIRING_CERTAINTY;REL_CTX002_PATHWAY_EVIDENCE;REL_CTX002_PHENOTYPE_SUPPORT;REL_CTX002_RECIPIENT_DONOR_INDEPENDENCE;REL_CTX002_SAMPLE_QC;REL_CTX002_SENSITIVITY_STABILITY;REL_CTX002_STUDY_INDEPENDENCE,EXP002-C4,data/metadata/skinexo_response_components.csv;reports/EXP002_C4_cross_study_pathway_validation.md
CTX002,M,M012,INACTIVE,1.576562243556769,0.0919862006965788,GOBP_POSITIVE_REGULATION_OF_MACROPHAGE_CHEMOTAXIS,OBSERVED_NULL,1,0,TRANSCRIPTOME,,INACTIVE,REL_CTX002_ANNOTATION_CERTAINTY;REL_CTX002_BATCH_ADJUSTMENT;REL_CTX002_CONTROL_CERTAINTY;REL_CTX002_CROSS_CONTEXT_REPLICATION;REL_CTX002_EV_PREPARATION_INDEPENDENCE;REL_CTX002_MODEL_DIAGNOSTICS;REL_CTX002_PAIRING_CERTAINTY;REL_CTX002_PATHWAY_EVIDENCE;REL_CTX002_PHENOTYPE_SUPPORT;REL_CTX002_RECIPIENT_DONOR_INDEPENDENCE;REL_CTX002_SAMPLE_QC;REL_CTX002_SENSITIVITY_STABILITY;REL_CTX002_STUDY_INDEPENDENCE,EXP002-C4,data/metadata/skinexo_response_components.csv;reports/EXP002_C4_cross_study_pathway_validation.md
CTX002,M,M013,INACTIVE,1.0424989175731292,0.5478957406626933,GOBP_MESENCHYMAL_CELL_MIGRATION,OBSERVED_NULL,1,0,TRANSCRIPTOME,,INACTIVE,REL_CTX002_ANNOTATION_CERTAINTY;REL_CTX002_BATCH_ADJUSTMENT;REL_CTX002_CONTROL_CERTAINTY;REL_CTX002_CROSS_CONTEXT_REPLICATION;REL_CTX002_EV_PREPARATION_INDEPENDENCE;REL_CTX002_MODEL_DIAGNOSTICS;REL_CTX002_PAIRING_CERTAINTY;REL_CTX002_PATHWAY_EVIDENCE;REL_CTX002_PHENOTYPE_SUPPORT;REL_CTX002_RECIPIENT_DONOR_INDEPENDENCE;REL_CTX002_SAMPLE_QC;REL_CTX002_SENSITIVITY_STABILITY;REL_CTX002_STUDY_INDEPENDENCE,EXP002-C4,data/metadata/skinexo_response_components.csv;reports/EXP002_C4_cross_study_pathway_validation.md
CTX002,M,M014,POSITIVE,2.048607637282163,0.0070838580144015,GOBP_REGULATION_OF_MONOCYTE_CHEMOTAXIS,ACTIVE_POSITIVE,1,1,TRANSCRIPTOME,,POSITIVE,REL_CTX002_ANNOTATION_CERTAINTY;REL_CTX002_BATCH_ADJUSTMENT;REL_CTX002_CONTROL_CERTAINTY;REL_CTX002_CROSS_CONTEXT_REPLICATION;REL_CTX002_EV_PREPARATION_INDEPENDENCE;REL_CTX002_MODEL_DIAGNOSTICS;REL_CTX002_PAIRING_CERTAINTY;REL_CTX002_PATHWAY_EVIDENCE;REL_CTX002_PHENOTYPE_SUPPORT;REL_CTX002_RECIPIENT_DONOR_INDEPENDENCE;REL_CTX002_SAMPLE_QC;REL_CTX002_SENSITIVITY_STABILITY;REL_CTX002_STUDY_INDEPENDENCE,EXP002-C4,data/metadata/skinexo_response_components.csv;reports/EXP002_C4_cross_study_pathway_validation.md
CTX002,M,M015,INACTIVE,1.5845625644105743,0.0885338366355494,GOBP_VASCULAR_ASSOCIATED_SMOOTH_MUSCLE_CELL_MIGRATION,OBSERVED_NULL,1,0,TRANSCRIPTOME,,INACTIVE,REL_CTX002_ANNOTATION_CERTAINTY;REL_CTX002_BATCH_ADJUSTMENT;REL_CTX002_CONTROL_CERTAINTY;REL_CTX002_CROSS_CONTEXT_REPLICATION;REL_CTX002_EV_PREPARATION_INDEPENDENCE;REL_CTX002_MODEL_DIAGNOSTICS;REL_CTX002_PAIRING_CERTAINTY;REL_CTX002_PATHWAY_EVIDENCE;REL_CTX002_PHENOTYPE_SUPPORT;REL_CTX002_RECIPIENT_DONOR_INDEPENDENCE;REL_CTX002_SAMPLE_QC;REL_CTX002_SENSITIVITY_STABILITY;REL_CTX002_STUDY_INDEPENDENCE,EXP002-C4,data/metadata/skinexo_response_components.csv;reports/EXP002_C4_cross_study_pathway_validation.md
CTX002,M,M016,INACTIVE,-1.0620835420357408,0.6577734464100862,GOBP_NEGATIVE_CHEMOTAXIS,OBSERVED_NULL,1,0,TRANSCRIPTOME,,INACTIVE,REL_CTX002_ANNOTATION_CERTAINTY;REL_CTX002_BATCH_ADJUSTMENT;REL_CTX002_CONTROL_CERTAINTY;REL_CTX002_CROSS_CONTEXT_REPLICATION;REL_CTX002_EV_PREPARATION_INDEPENDENCE;REL_CTX002_MODEL_DIAGNOSTICS;REL_CTX002_PAIRING_CERTAINTY;REL_CTX002_PATHWAY_EVIDENCE;REL_CTX002_PHENOTYPE_SUPPORT;REL_CTX002_RECIPIENT_DONOR_INDEPENDENCE;REL_CTX002_SAMPLE_QC;REL_CTX002_SENSITIVITY_STABILITY;REL_CTX002_STUDY_INDEPENDENCE,EXP002-C4,data/metadata/skinexo_response_components.csv;reports/EXP002_C4_cross_study_pathway_validation.md
CTX002,M,M017,POSITIVE,1.9552778452649089,0.0132768498704461,GOBP_NEGATIVE_REGULATION_OF_CHEMOTAXIS,ACTIVE_POSITIVE,1,1,TRANSCRIPTOME,,POSITIVE,REL_CTX002_ANNOTATION_CERTAINTY;REL_CTX002_BATCH_ADJUSTMENT;REL_CTX002_CONTROL_CERTAINTY;REL_CTX002_CROSS_CONTEXT_REPLICATION;REL_CTX002_EV_PREPARATION_INDEPENDENCE;REL_CTX002_MODEL_DIAGNOSTICS;REL_CTX002_PAIRING_CERTAINTY;REL_CTX002_PATHWAY_EVIDENCE;REL_CTX002_PHENOTYPE_SUPPORT;REL_CTX002_RECIPIENT_DONOR_INDEPENDENCE;REL_CTX002_SAMPLE_QC;REL_CTX002_SENSITIVITY_STABILITY;REL_CTX002_STUDY_INDEPENDENCE,EXP002-C4,data/metadata/skinexo_response_components.csv;reports/EXP002_C4_cross_study_pathway_validation.md
CTX002,M,M018,POSITIVE,1.957178431035276,0.0130241236498973,GOBP_NEGATIVE_REGULATION_OF_MONONUCLEAR_CELL_MIGRATION,ACTIVE_POSITIVE,1,1,TRANSCRIPTOME,,POSITIVE,REL_CTX002_ANNOTATION_CERTAINTY;REL_CTX002_BATCH_ADJUSTMENT;REL_CTX002_CONTROL_CERTAINTY;REL_CTX002_CROSS_CONTEXT_REPLICATION;REL_CTX002_EV_PREPARATION_INDEPENDENCE;REL_CTX002_MODEL_DIAGNOSTICS;REL_CTX002_PAIRING_CERTAINTY;REL_CTX002_PATHWAY_EVIDENCE;REL_CTX002_PHENOTYPE_SUPPORT;REL_CTX002_RECIPIENT_DONOR_INDEPENDENCE;REL_CTX002_SAMPLE_QC;REL_CTX002_SENSITIVITY_STABILITY;REL_CTX002_STUDY_INDEPENDENCE,EXP002-C4,data/metadata/skinexo_response_components.csv;reports/EXP002_C4_cross_study_pathway_validation.md
CTX002,M,M019,INACTIVE,1.6969348996673914,0.0552897237288856,GOBP_NEGATIVE_REGULATION_OF_LOCOMOTION,OBSERVED_NULL,1,0,TRANSCRIPTOME,,INACTIVE,REL_CTX002_ANNOTATION_CERTAINTY;REL_CTX002_BATCH_ADJUSTMENT;REL_CTX002_CONTROL_CERTAINTY;REL_CTX002_CROSS_CONTEXT_REPLICATION;REL_CTX002_EV_PREPARATION_INDEPENDENCE;REL_CTX002_MODEL_DIAGNOSTICS;REL_CTX002_PAIRING_CERTAINTY;REL_CTX002_PATHWAY_EVIDENCE;REL_CTX002_PHENOTYPE_SUPPORT;REL_CTX002_RECIPIENT_DONOR_INDEPENDENCE;REL_CTX002_SAMPLE_QC;REL_CTX002_SENSITIVITY_STABILITY;REL_CTX002_STUDY_INDEPENDENCE,EXP002-C4,data/metadata/skinexo_response_components.csv;reports/EXP002_C4_cross_study_pathway_validation.md
CTX002,M,M020,INACTIVE,1.5143103952916908,0.1164928549323318,GOBP_NEGATIVE_REGULATION_OF_SMOOTH_MUSCLE_CELL_MIGRATION,OBSERVED_NULL,1,0,TRANSCRIPTOME,,INACTIVE,REL_CTX002_ANNOTATION_CERTAINTY;REL_CTX002_BATCH_ADJUSTMENT;REL_CTX002_CONTROL_CERTAINTY;REL_CTX002_CROSS_CONTEXT_REPLICATION;REL_CTX002_EV_PREPARATION_INDEPENDENCE;REL_CTX002_MODEL_DIAGNOSTICS;REL_CTX002_PAIRING_CERTAINTY;REL_CTX002_PATHWAY_EVIDENCE;REL_CTX002_PHENOTYPE_SUPPORT;REL_CTX002_RECIPIENT_DONOR_INDEPENDENCE;REL_CTX002_SAMPLE_QC;REL_CTX002_SENSITIVITY_STABILITY;REL_CTX002_STUDY_INDEPENDENCE,EXP002-C4,data/metadata/skinexo_response_components.csv;reports/EXP002_C4_cross_study_pathway_validation.md
CTX002,M,M021,INACTIVE,0.895419170266364,0.7704223722744123,GOBP_NEURON_MIGRATION,OBSERVED_NULL,1,0,TRANSCRIPTOME,,INACTIVE,REL_CTX002_ANNOTATION_CERTAINTY;REL_CTX002_BATCH_ADJUSTMENT;REL_CTX002_CONTROL_CERTAINTY;REL_CTX002_CROSS_CONTEXT_REPLICATION;REL_CTX002_EV_PREPARATION_INDEPENDENCE;REL_CTX002_MODEL_DIAGNOSTICS;REL_CTX002_PAIRING_CERTAINTY;REL_CTX002_PATHWAY_EVIDENCE;REL_CTX002_PHENOTYPE_SUPPORT;REL_CTX002_RECIPIENT_DONOR_INDEPENDENCE;REL_CTX002_SAMPLE_QC;REL_CTX002_SENSITIVITY_STABILITY;REL_CTX002_STUDY_INDEPENDENCE,EXP002-C4,data/metadata/skinexo_response_components.csv;reports/EXP002_C4_cross_study_pathway_validation.md
CTX002,M,M022,INACTIVE,-1.1551003658926795,0.5658508594295835,GOBP_POSITIVE_CHEMOTAXIS,OBSERVED_NULL,1,0,TRANSCRIPTOME,,INACTIVE,REL_CTX002_ANNOTATION_CERTAINTY;REL_CTX002_BATCH_ADJUSTMENT;REL_CTX002_CONTROL_CERTAINTY;REL_CTX002_CROSS_CONTEXT_REPLICATION;REL_CTX002_EV_PREPARATION_INDEPENDENCE;REL_CTX002_MODEL_DIAGNOSTICS;REL_CTX002_PAIRING_CERTAINTY;REL_CTX002_PATHWAY_EVIDENCE;REL_CTX002_PHENOTYPE_SUPPORT;REL_CTX002_RECIPIENT_DONOR_INDEPENDENCE;REL_CTX002_SAMPLE_QC;REL_CTX002_SENSITIVITY_STABILITY;REL_CTX002_STUDY_INDEPENDENCE,EXP002-C4,data/metadata/skinexo_response_components.csv;reports/EXP002_C4_cross_study_pathway_validation.md
CTX002,M,M023,POSITIVE,2.132786920385796,0.0036387030237909,GOBP_POSITIVE_REGULATION_OF_CELL_MIGRATION_INVOLVED_IN_SPROUTING_ANGIOGENESIS,ACTIVE_POSITIVE,1,1,TRANSCRIPTOME,,POSITIVE,REL_CTX002_ANNOTATION_CERTAINTY;REL_CTX002_BATCH_ADJUSTMENT;REL_CTX002_CONTROL_CERTAINTY;REL_CTX002_CROSS_CONTEXT_REPLICATION;REL_CTX002_EV_PREPARATION_INDEPENDENCE;REL_CTX002_MODEL_DIAGNOSTICS;REL_CTX002_PAIRING_CERTAINTY;REL_CTX002_PATHWAY_EVIDENCE;REL_CTX002_PHENOTYPE_SUPPORT;REL_CTX002_RECIPIENT_DONOR_INDEPENDENCE;REL_CTX002_SAMPLE_QC;REL_CTX002_SENSITIVITY_STABILITY;REL_CTX002_STUDY_INDEPENDENCE,EXP002-C4,data/metadata/skinexo_response_components.csv;reports/EXP002_C4_cross_study_pathway_validation.md
CTX002,M,M024,INACTIVE,1.190985512940789,0.3542907998959014,GOBP_TISSUE_MIGRATION,OBSERVED_NULL,1,0,TRANSCRIPTOME,,INACTIVE,REL_CTX002_ANNOTATION_CERTAINTY;REL_CTX002_BATCH_ADJUSTMENT;REL_CTX002_CONTROL_CERTAINTY;REL_CTX002_CROSS_CONTEXT_REPLICATION;REL_CTX002_EV_PREPARATION_INDEPENDENCE;REL_CTX002_MODEL_DIAGNOSTICS;REL_CTX002_PAIRING_CERTAINTY;REL_CTX002_PATHWAY_EVIDENCE;REL_CTX002_PHENOTYPE_SUPPORT;REL_CTX002_RECIPIENT_DONOR_INDEPENDENCE;REL_CTX002_SAMPLE_QC;REL_CTX002_SENSITIVITY_STABILITY;REL_CTX002_STUDY_INDEPENDENCE,EXP002-C4,data/metadata/skinexo_response_components.csv;reports/EXP002_C4_cross_study_pathway_validation.md
CTX002,M,M025,INACTIVE,1.4637249388631657,0.1436689933805161,GOBP_REGULATION_OF_GRANULOCYTE_CHEMOTAXIS,OBSERVED_NULL,1,0,TRANSCRIPTOME,,INACTIVE,REL_CTX002_ANNOTATION_CERTAINTY;REL_CTX002_BATCH_ADJUSTMENT;REL_CTX002_CONTROL_CERTAINTY;REL_CTX002_CROSS_CONTEXT_REPLICATION;REL_CTX002_EV_PREPARATION_INDEPENDENCE;REL_CTX002_MODEL_DIAGNOSTICS;REL_CTX002_PAIRING_CERTAINTY;REL_CTX002_PATHWAY_EVIDENCE;REL_CTX002_PHENOTYPE_SUPPORT;REL_CTX002_RECIPIENT_DONOR_INDEPENDENCE;REL_CTX002_SAMPLE_QC;REL_CTX002_SENSITIVITY_STABILITY;REL_CTX002_STUDY_INDEPENDENCE,EXP002-C4,data/metadata/skinexo_response_components.csv;reports/EXP002_C4_cross_study_pathway_validation.md
CTX002,M,M026,POSITIVE,1.811062660809769,0.0302758540413209,GOBP_POSITIVE_REGULATION_OF_LOCOMOTION,ACTIVE_POSITIVE,1,1,TRANSCRIPTOME,,POSITIVE,REL_CTX002_ANNOTATION_CERTAINTY;REL_CTX002_BATCH_ADJUSTMENT;REL_CTX002_CONTROL_CERTAINTY;REL_CTX002_CROSS_CONTEXT_REPLICATION;REL_CTX002_EV_PREPARATION_INDEPENDENCE;REL_CTX002_MODEL_DIAGNOSTICS;REL_CTX002_PAIRING_CERTAINTY;REL_CTX002_PATHWAY_EVIDENCE;REL_CTX002_PHENOTYPE_SUPPORT;REL_CTX002_RECIPIENT_DONOR_INDEPENDENCE;REL_CTX002_SAMPLE_QC;REL_CTX002_SENSITIVITY_STABILITY;REL_CTX002_STUDY_INDEPENDENCE,EXP002-C4,data/metadata/skinexo_response_components.csv;reports/EXP002_C4_cross_study_pathway_validation.md
CTX002,M,M027,INACTIVE,0.8200239605553217,0.8702345022103617,GOBP_POSITIVE_REGULATION_OF_NEURON_MIGRATION,OBSERVED_NULL,1,0,TRANSCRIPTOME,,INACTIVE,REL_CTX002_ANNOTATION_CERTAINTY;REL_CTX002_BATCH_ADJUSTMENT;REL_CTX002_CONTROL_CERTAINTY;REL_CTX002_CROSS_CONTEXT_REPLICATION;REL_CTX002_EV_PREPARATION_INDEPENDENCE;REL_CTX002_MODEL_DIAGNOSTICS;REL_CTX002_PAIRING_CERTAINTY;REL_CTX002_PATHWAY_EVIDENCE;REL_CTX002_PHENOTYPE_SUPPORT;REL_CTX002_RECIPIENT_DONOR_INDEPENDENCE;REL_CTX002_SAMPLE_QC;REL_CTX002_SENSITIVITY_STABILITY;REL_CTX002_STUDY_INDEPENDENCE,EXP002-C4,data/metadata/skinexo_response_components.csv;reports/EXP002_C4_cross_study_pathway_validation.md
CTX002,M,M028,INACTIVE,1.234938265175898,0.3103196338853112,GOBP_POSITIVE_REGULATION_OF_SMOOTH_MUSCLE_CELL_MIGRATION,OBSERVED_NULL,1,0,TRANSCRIPTOME,,INACTIVE,REL_CTX002_ANNOTATION_CERTAINTY;REL_CTX002_BATCH_ADJUSTMENT;REL_CTX002_CONTROL_CERTAINTY;REL_CTX002_CROSS_CONTEXT_REPLICATION;REL_CTX002_EV_PREPARATION_INDEPENDENCE;REL_CTX002_MODEL_DIAGNOSTICS;REL_CTX002_PAIRING_CERTAINTY;REL_CTX002_PATHWAY_EVIDENCE;REL_CTX002_PHENOTYPE_SUPPORT;REL_CTX002_RECIPIENT_DONOR_INDEPENDENCE;REL_CTX002_SAMPLE_QC;REL_CTX002_SENSITIVITY_STABILITY;REL_CTX002_STUDY_INDEPENDENCE,EXP002-C4,data/metadata/skinexo_response_components.csv;reports/EXP002_C4_cross_study_pathway_validation.md
CTX002,M,M029,INACTIVE,0.7250928187568243,0.9523007753602696,GOBP_REGULATION_OF_NEURON_MIGRATION,OBSERVED_NULL,1,0,TRANSCRIPTOME,,INACTIVE,REL_CTX002_ANNOTATION_CERTAINTY;REL_CTX002_BATCH_ADJUSTMENT;REL_CTX002_CONTROL_CERTAINTY;REL_CTX002_CROSS_CONTEXT_REPLICATION;REL_CTX002_EV_PREPARATION_INDEPENDENCE;REL_CTX002_MODEL_DIAGNOSTICS;REL_CTX002_PAIRING_CERTAINTY;REL_CTX002_PATHWAY_EVIDENCE;REL_CTX002_PHENOTYPE_SUPPORT;REL_CTX002_RECIPIENT_DONOR_INDEPENDENCE;REL_CTX002_SAMPLE_QC;REL_CTX002_SENSITIVITY_STABILITY;REL_CTX002_STUDY_INDEPENDENCE,EXP002-C4,data/metadata/skinexo_response_components.csv;reports/EXP002_C4_cross_study_pathway_validation.md
CTX002,M,M030,INACTIVE,-0.9886291908131524,0.7368906572734738,GOBP_REGULATION_OF_POSITIVE_CHEMOTAXIS,OBSERVED_NULL,1,0,TRANSCRIPTOME,,INACTIVE,REL_CTX002_ANNOTATION_CERTAINTY;REL_CTX002_BATCH_ADJUSTMENT;REL_CTX002_CONTROL_CERTAINTY;REL_CTX002_CROSS_CONTEXT_REPLICATION;REL_CTX002_EV_PREPARATION_INDEPENDENCE;REL_CTX002_MODEL_DIAGNOSTICS;REL_CTX002_PAIRING_CERTAINTY;REL_CTX002_PATHWAY_EVIDENCE;REL_CTX002_PHENOTYPE_SUPPORT;REL_CTX002_RECIPIENT_DONOR_INDEPENDENCE;REL_CTX002_SAMPLE_QC;REL_CTX002_SENSITIVITY_STABILITY;REL_CTX002_STUDY_INDEPENDENCE,EXP002-C4,data/metadata/skinexo_response_components.csv;reports/EXP002_C4_cross_study_pathway_validation.md
CTX002,M,M031,INACTIVE,1.3592454699320926,0.2059908844714226,GOBP_SUBSTRATE_DEPENDENT_CELL_MIGRATION,OBSERVED_NULL,1,0,TRANSCRIPTOME,,INACTIVE,REL_CTX002_ANNOTATION_CERTAINTY;REL_CTX002_BATCH_ADJUSTMENT;REL_CTX002_CONTROL_CERTAINTY;REL_CTX002_CROSS_CONTEXT_REPLICATION;REL_CTX002_EV_PREPARATION_INDEPENDENCE;REL_CTX002_MODEL_DIAGNOSTICS;REL_CTX002_PAIRING_CERTAINTY;REL_CTX002_PATHWAY_EVIDENCE;REL_CTX002_PHENOTYPE_SUPPORT;REL_CTX002_RECIPIENT_DONOR_INDEPENDENCE;REL_CTX002_SAMPLE_QC;REL_CTX002_SENSITIVITY_STABILITY;REL_CTX002_STUDY_INDEPENDENCE,EXP002-C4,data/metadata/skinexo_response_components.csv;reports/EXP002_C4_cross_study_pathway_validation.md
CTX002,M,M032,INACTIVE,1.4250972757825489,0.1644183402009594,GOBP_TROPHOBLAST_CELL_MIGRATION,OBSERVED_NULL,1,0,TRANSCRIPTOME,,INACTIVE,REL_CTX002_ANNOTATION_CERTAINTY;REL_CTX002_BATCH_ADJUSTMENT;REL_CTX002_CONTROL_CERTAINTY;REL_CTX002_CROSS_CONTEXT_REPLICATION;REL_CTX002_EV_PREPARATION_INDEPENDENCE;REL_CTX002_MODEL_DIAGNOSTICS;REL_CTX002_PAIRING_CERTAINTY;REL_CTX002_PATHWAY_EVIDENCE;REL_CTX002_PHENOTYPE_SUPPORT;REL_CTX002_RECIPIENT_DONOR_INDEPENDENCE;REL_CTX002_SAMPLE_QC;REL_CTX002_SENSITIVITY_STABILITY;REL_CTX002_STUDY_INDEPENDENCE,EXP002-C4,data/metadata/skinexo_response_components.csv;reports/EXP002_C4_cross_study_pathway_validation.md
CTX002,M,M033,INACTIVE,1.0870812142241333,0.4837641408696068,REACTOME_MET_PROMOTES_CELL_MOTILITY,OBSERVED_NULL,1,0,TRANSCRIPTOME,,INACTIVE,REL_CTX002_ANNOTATION_CERTAINTY;REL_CTX002_BATCH_ADJUSTMENT;REL_CTX002_CONTROL_CERTAINTY;REL_CTX002_CROSS_CONTEXT_REPLICATION;REL_CTX002_EV_PREPARATION_INDEPENDENCE;REL_CTX002_MODEL_DIAGNOSTICS;REL_CTX002_PAIRING_CERTAINTY;REL_CTX002_PATHWAY_EVIDENCE;REL_CTX002_PHENOTYPE_SUPPORT;REL_CTX002_RECIPIENT_DONOR_INDEPENDENCE;REL_CTX002_SAMPLE_QC;REL_CTX002_SENSITIVITY_STABILITY;REL_CTX002_STUDY_INDEPENDENCE,EXP002-C4,data/metadata/skinexo_response_components.csv;reports/EXP002_C4_cross_study_pathway_validation.md
CTX002,M,M034,INACTIVE,0.8505361589164707,0.8320370001446626,REACTOME_SEMA4D_INDUCED_CELL_MIGRATION_AND_GROWTH_CONE_COLLAPSE,OBSERVED_NULL,1,0,TRANSCRIPTOME,,INACTIVE,REL_CTX002_ANNOTATION_CERTAINTY;REL_CTX002_BATCH_ADJUSTMENT;REL_CTX002_CONTROL_CERTAINTY;REL_CTX002_CROSS_CONTEXT_REPLICATION;REL_CTX002_EV_PREPARATION_INDEPENDENCE;REL_CTX002_MODEL_DIAGNOSTICS;REL_CTX002_PAIRING_CERTAINTY;REL_CTX002_PATHWAY_EVIDENCE;REL_CTX002_PHENOTYPE_SUPPORT;REL_CTX002_RECIPIENT_DONOR_INDEPENDENCE;REL_CTX002_SAMPLE_QC;REL_CTX002_SENSITIVITY_STABILITY;REL_CTX002_STUDY_INDEPENDENCE,EXP002-C4,data/metadata/skinexo_response_components.csv;reports/EXP002_C4_cross_study_pathway_validation.md
CTX002,P,P001,INACTIVE,1.0657997916501338,0.5143326546994554,GOBP_ACTIVATED_T_CELL_PROLIFERATION,OBSERVED_NULL,1,0,TRANSCRIPTOME,,INACTIVE,REL_CTX002_ANNOTATION_CERTAINTY;REL_CTX002_BATCH_ADJUSTMENT;REL_CTX002_CONTROL_CERTAINTY;REL_CTX002_CROSS_CONTEXT_REPLICATION;REL_CTX002_EV_PREPARATION_INDEPENDENCE;REL_CTX002_MODEL_DIAGNOSTICS;REL_CTX002_PAIRING_CERTAINTY;REL_CTX002_PATHWAY_EVIDENCE;REL_CTX002_PHENOTYPE_SUPPORT;REL_CTX002_RECIPIENT_DONOR_INDEPENDENCE;REL_CTX002_SAMPLE_QC;REL_CTX002_SENSITIVITY_STABILITY;REL_CTX002_STUDY_INDEPENDENCE,EXP002-C4,data/metadata/skinexo_response_components.csv;reports/EXP002_C4_cross_study_pathway_validation.md
CTX002,P,P002,INACTIVE,1.1053748003533015,0.4609511805782517,GOBP_ALPHA_BETA_T_CELL_PROLIFERATION,OBSERVED_NULL,1,0,TRANSCRIPTOME,,INACTIVE,REL_CTX002_ANNOTATION_CERTAINTY;REL_CTX002_BATCH_ADJUSTMENT;REL_CTX002_CONTROL_CERTAINTY;REL_CTX002_CROSS_CONTEXT_REPLICATION;REL_CTX002_EV_PREPARATION_INDEPENDENCE;REL_CTX002_MODEL_DIAGNOSTICS;REL_CTX002_PAIRING_CERTAINTY;REL_CTX002_PATHWAY_EVIDENCE;REL_CTX002_PHENOTYPE_SUPPORT;REL_CTX002_RECIPIENT_DONOR_INDEPENDENCE;REL_CTX002_SAMPLE_QC;REL_CTX002_SENSITIVITY_STABILITY;REL_CTX002_STUDY_INDEPENDENCE,EXP002-C4,data/metadata/skinexo_response_components.csv;reports/EXP002_C4_cross_study_pathway_validation.md
CTX002,P,P003,INACTIVE,-0.555303185918813,0.999174944487544,GOBP_ATTACHMENT_OF_MITOTIC_SPINDLE_MICROTUBULES_TO_KINETOCHORE,OBSERVED_NULL,1,0,TRANSCRIPTOME,,INACTIVE,REL_CTX002_ANNOTATION_CERTAINTY;REL_CTX002_BATCH_ADJUSTMENT;REL_CTX002_CONTROL_CERTAINTY;REL_CTX002_CROSS_CONTEXT_REPLICATION;REL_CTX002_EV_PREPARATION_INDEPENDENCE;REL_CTX002_MODEL_DIAGNOSTICS;REL_CTX002_PAIRING_CERTAINTY;REL_CTX002_PATHWAY_EVIDENCE;REL_CTX002_PHENOTYPE_SUPPORT;REL_CTX002_RECIPIENT_DONOR_INDEPENDENCE;REL_CTX002_SAMPLE_QC;REL_CTX002_SENSITIVITY_STABILITY;REL_CTX002_STUDY_INDEPENDENCE,EXP002-C4,data/metadata/skinexo_response_components.csv;reports/EXP002_C4_cross_study_pathway_validation.md
CTX002,P,P004,INACTIVE,0.6756877092329168,0.9720444101013096,GOBP_ATTACHMENT_OF_SPINDLE_MICROTUBULES_TO_KINETOCHORE,OBSERVED_NULL,1,0,TRANSCRIPTOME,,INACTIVE,REL_CTX002_ANNOTATION_CERTAINTY;REL_CTX002_BATCH_ADJUSTMENT;REL_CTX002_CONTROL_CERTAINTY;REL_CTX002_CROSS_CONTEXT_REPLICATION;REL_CTX002_EV_PREPARATION_INDEPENDENCE;REL_CTX002_MODEL_DIAGNOSTICS;REL_CTX002_PAIRING_CERTAINTY;REL_CTX002_PATHWAY_EVIDENCE;REL_CTX002_PHENOTYPE_SUPPORT;REL_CTX002_RECIPIENT_DONOR_INDEPENDENCE;REL_CTX002_SAMPLE_QC;REL_CTX002_SENSITIVITY_STABILITY;REL_CTX002_STUDY_INDEPENDENCE,EXP002-C4,data/metadata/skinexo_response_components.csv;reports/EXP002_C4_cross_study_pathway_validation.md
CTX002,P,P005,INACTIVE,1.5048150857331757,0.1216093800291623,GOBP_BLOOD_VESSEL_ENDOTHELIAL_CELL_PROLIFERATION_INVOLVED_IN_SPROUTING_ANGIOGENESIS,OBSERVED_NULL,1,0,TRANSCRIPTOME,,INACTIVE,REL_CTX002_ANNOTATION_CERTAINTY;REL_CTX002_BATCH_ADJUSTMENT;REL_CTX002_CONTROL_CERTAINTY;REL_CTX002_CROSS_CONTEXT_REPLICATION;REL_CTX002_EV_PREPARATION_INDEPENDENCE;REL_CTX002_MODEL_DIAGNOSTICS;REL_CTX002_PAIRING_CERTAINTY;REL_CTX002_PATHWAY_EVIDENCE;REL_CTX002_PHENOTYPE_SUPPORT;REL_CTX002_RECIPIENT_DONOR_INDEPENDENCE;REL_CTX002_SAMPLE_QC;REL_CTX002_SENSITIVITY_STABILITY;REL_CTX002_STUDY_INDEPENDENCE,EXP002-C4,data/metadata/skinexo_response_components.csv;reports/EXP002_C4_cross_study_pathway_validation.md
CTX002,P,P006,INACTIVE,1.5523792658440436,0.1009891691740986,GOBP_POSITIVE_REGULATION_OF_B_CELL_PROLIFERATION,OBSERVED_NULL,1,0,TRANSCRIPTOME,,INACTIVE,REL_CTX002_ANNOTATION_CERTAINTY;REL_CTX002_BATCH_ADJUSTMENT;REL_CTX002_CONTROL_CERTAINTY;REL_CTX002_CROSS_CONTEXT_REPLICATION;REL_CTX002_EV_PREPARATION_INDEPENDENCE;REL_CTX002_MODEL_DIAGNOSTICS;REL_CTX002_PAIRING_CERTAINTY;REL_CTX002_PATHWAY_EVIDENCE;REL_CTX002_PHENOTYPE_SUPPORT;REL_CTX002_RECIPIENT_DONOR_INDEPENDENCE;REL_CTX002_SAMPLE_QC;REL_CTX002_SENSITIVITY_STABILITY;REL_CTX002_STUDY_INDEPENDENCE,EXP002-C4,data/metadata/skinexo_response_components.csv;reports/EXP002_C4_cross_study_pathway_validation.md
CTX002,P,P007,INACTIVE,1.5341501414449823,0.1081181560245916,GOBP_STRIATED_MUSCLE_CELL_PROLIFERATION,OBSERVED_NULL,1,0,TRANSCRIPTOME,,INACTIVE,REL_CTX002_ANNOTATION_CERTAINTY;REL_CTX002_BATCH_ADJUSTMENT;REL_CTX002_CONTROL_CERTAINTY;REL_CTX002_CROSS_CONTEXT_REPLICATION;REL_CTX002_EV_PREPARATION_INDEPENDENCE;REL_CTX002_MODEL_DIAGNOSTICS;REL_CTX002_PAIRING_CERTAINTY;REL_CTX002_PATHWAY_EVIDENCE;REL_CTX002_PHENOTYPE_SUPPORT;REL_CTX002_RECIPIENT_DONOR_INDEPENDENCE;REL_CTX002_SAMPLE_QC;REL_CTX002_SENSITIVITY_STABILITY;REL_CTX002_STUDY_INDEPENDENCE,EXP002-C4,data/metadata/skinexo_response_components.csv;reports/EXP002_C4_cross_study_pathway_validation.md
CTX002,P,P008,INACTIVE,1.3615012876447006,0.2045555452309597,GOBP_CELL_CYCLE_G1_S_PHASE_TRANSITION,OBSERVED_NULL,1,0,TRANSCRIPTOME,,INACTIVE,REL_CTX002_ANNOTATION_CERTAINTY;REL_CTX002_BATCH_ADJUSTMENT;REL_CTX002_CONTROL_CERTAINTY;REL_CTX002_CROSS_CONTEXT_REPLICATION;REL_CTX002_EV_PREPARATION_INDEPENDENCE;REL_CTX002_MODEL_DIAGNOSTICS;REL_CTX002_PAIRING_CERTAINTY;REL_CTX002_PATHWAY_EVIDENCE;REL_CTX002_PHENOTYPE_SUPPORT;REL_CTX002_RECIPIENT_DONOR_INDEPENDENCE;REL_CTX002_SAMPLE_QC;REL_CTX002_SENSITIVITY_STABILITY;REL_CTX002_STUDY_INDEPENDENCE,EXP002-C4,data/metadata/skinexo_response_components.csv;reports/EXP002_C4_cross_study_pathway_validation.md
CTX002,P,P009,INACTIVE,1.0394722728943913,0.5529299140799829,GOBP_CELL_CYCLE_DNA_REPLICATION,OBSERVED_NULL,1,0,TRANSCRIPTOME,,INACTIVE,REL_CTX002_ANNOTATION_CERTAINTY;REL_CTX002_BATCH_ADJUSTMENT;REL_CTX002_CONTROL_CERTAINTY;REL_CTX002_CROSS_CONTEXT_REPLICATION;REL_CTX002_EV_PREPARATION_INDEPENDENCE;REL_CTX002_MODEL_DIAGNOSTICS;REL_CTX002_PAIRING_CERTAINTY;REL_CTX002_PATHWAY_EVIDENCE;REL_CTX002_PHENOTYPE_SUPPORT;REL_CTX002_RECIPIENT_DONOR_INDEPENDENCE;REL_CTX002_SAMPLE_QC;REL_CTX002_SENSITIVITY_STABILITY;REL_CTX002_STUDY_INDEPENDENCE,EXP002-C4,data/metadata/skinexo_response_components.csv;reports/EXP002_C4_cross_study_pathway_validation.md
CTX002,P,P010,INACTIVE,1.3645977626246528,0.2031346297604806,GOBP_CELL_PROLIFERATION_INVOLVED_IN_HEART_MORPHOGENESIS,OBSERVED_NULL,1,0,TRANSCRIPTOME,,INACTIVE,REL_CTX002_ANNOTATION_CERTAINTY;REL_CTX002_BATCH_ADJUSTMENT;REL_CTX002_CONTROL_CERTAINTY;REL_CTX002_CROSS_CONTEXT_REPLICATION;REL_CTX002_EV_PREPARATION_INDEPENDENCE;REL_CTX002_MODEL_DIAGNOSTICS;REL_CTX002_PAIRING_CERTAINTY;REL_CTX002_PATHWAY_EVIDENCE;REL_CTX002_PHENOTYPE_SUPPORT;REL_CTX002_RECIPIENT_DONOR_INDEPENDENCE;REL_CTX002_SAMPLE_QC;REL_CTX002_SENSITIVITY_STABILITY;REL_CTX002_STUDY_INDEPENDENCE,EXP002-C4,data/metadata/skinexo_response_components.csv;reports/EXP002_C4_cross_study_pathway_validation.md
CTX002,P,P011,INACTIVE,1.4144788907681545,0.1696744121580365,GOBP_CELL_PROLIFERATION_INVOLVED_IN_KIDNEY_DEVELOPMENT,OBSERVED_NULL,1,0,TRANSCRIPTOME,,INACTIVE,REL_CTX002_ANNOTATION_CERTAINTY;REL_CTX002_BATCH_ADJUSTMENT;REL_CTX002_CONTROL_CERTAINTY;REL_CTX002_CROSS_CONTEXT_REPLICATION;REL_CTX002_EV_PREPARATION_INDEPENDENCE;REL_CTX002_MODEL_DIAGNOSTICS;REL_CTX002_PAIRING_CERTAINTY;REL_CTX002_PATHWAY_EVIDENCE;REL_CTX002_PHENOTYPE_SUPPORT;REL_CTX002_RECIPIENT_DONOR_INDEPENDENCE;REL_CTX002_SAMPLE_QC;REL_CTX002_SENSITIVITY_STABILITY;REL_CTX002_STUDY_INDEPENDENCE,EXP002-C4,data/metadata/skinexo_response_components.csv;reports/EXP002_C4_cross_study_pathway_validation.md
CTX002,P,P012,INACTIVE,-1.078475917237805,0.6425215882327767,GOBP_CELL_PROLIFERATION_IN_FOREBRAIN,OBSERVED_NULL,1,0,TRANSCRIPTOME,,INACTIVE,REL_CTX002_ANNOTATION_CERTAINTY;REL_CTX002_BATCH_ADJUSTMENT;REL_CTX002_CONTROL_CERTAINTY;REL_CTX002_CROSS_CONTEXT_REPLICATION;REL_CTX002_EV_PREPARATION_INDEPENDENCE;REL_CTX002_MODEL_DIAGNOSTICS;REL_CTX002_PAIRING_CERTAINTY;REL_CTX002_PATHWAY_EVIDENCE;REL_CTX002_PHENOTYPE_SUPPORT;REL_CTX002_RECIPIENT_DONOR_INDEPENDENCE;REL_CTX002_SAMPLE_QC;REL_CTX002_SENSITIVITY_STABILITY;REL_CTX002_STUDY_INDEPENDENCE,EXP002-C4,data/metadata/skinexo_response_components.csv;reports/EXP002_C4_cross_study_pathway_validation.md
CTX002,P,P013,INACTIVE,0.7471541228886217,0.93764780127962,GOBP_MEIOTIC_CHROMOSOME_SEGREGATION,OBSERVED_NULL,1,0,TRANSCRIPTOME,,INACTIVE,REL_CTX002_ANNOTATION_CERTAINTY;REL_CTX002_BATCH_ADJUSTMENT;REL_CTX002_CONTROL_CERTAINTY;REL_CTX002_CROSS_CONTEXT_REPLICATION;REL_CTX002_EV_PREPARATION_INDEPENDENCE;REL_CTX002_MODEL_DIAGNOSTICS;REL_CTX002_PAIRING_CERTAINTY;REL_CTX002_PATHWAY_EVIDENCE;REL_CTX002_PHENOTYPE_SUPPORT;REL_CTX002_RECIPIENT_DONOR_INDEPENDENCE;REL_CTX002_SAMPLE_QC;REL_CTX002_SENSITIVITY_STABILITY;REL_CTX002_STUDY_INDEPENDENCE,EXP002-C4,data/metadata/skinexo_response_components.csv;reports/EXP002_C4_cross_study_pathway_validation.md
CTX002,P,P014,INACTIVE,-1.1400175112983832,0.5760282416402939,GOBP_MITOTIC_SISTER_CHROMATID_SEGREGATION,OBSERVED_NULL,1,0,TRANSCRIPTOME,,INACTIVE,REL_CTX002_ANNOTATION_CERTAINTY;REL_CTX002_BATCH_ADJUSTMENT;REL_CTX002_CONTROL_CERTAINTY;REL_CTX002_CROSS_CONTEXT_REPLICATION;REL_CTX002_EV_PREPARATION_INDEPENDENCE;REL_CTX002_MODEL_DIAGNOSTICS;REL_CTX002_PAIRING_CERTAINTY;REL_CTX002_PATHWAY_EVIDENCE;REL_CTX002_PHENOTYPE_SUPPORT;REL_CTX002_RECIPIENT_DONOR_INDEPENDENCE;REL_CTX002_SAMPLE_QC;REL_CTX002_SENSITIVITY_STABILITY;REL_CTX002_STUDY_INDEPENDENCE,EXP002-C4,data/metadata/skinexo_response_components.csv;reports/EXP002_C4_cross_study_pathway_validation.md
CTX002,P,P015,INACTIVE,-1.162922443342806,0.5591922306858377,GOBP_CYTOSKELETON_DEPENDENT_CYTOKINESIS,OBSERVED_NULL,1,0,TRANSCRIPTOME,,INACTIVE,REL_CTX002_ANNOTATION_CERTAINTY;REL_CTX002_BATCH_ADJUSTMENT;REL_CTX002_CONTROL_CERTAINTY;REL_CTX002_CROSS_CONTEXT_REPLICATION;REL_CTX002_EV_PREPARATION_INDEPENDENCE;REL_CTX002_MODEL_DIAGNOSTICS;REL_CTX002_PAIRING_CERTAINTY;REL_CTX002_PATHWAY_EVIDENCE;REL_CTX002_PHENOTYPE_SUPPORT;REL_CTX002_RECIPIENT_DONOR_INDEPENDENCE;REL_CTX002_SAMPLE_QC;REL_CTX002_SENSITIVITY_STABILITY;REL_CTX002_STUDY_INDEPENDENCE,EXP002-C4,data/metadata/skinexo_response_components.csv;reports/EXP002_C4_cross_study_pathway_validation.md
CTX002,P,P016,INACTIVE,0.9745000876559516,0.6480221782824187,GOBP_DNA_REPLICATION,OBSERVED_NULL,1,0,TRANSCRIPTOME,,INACTIVE,REL_CTX002_ANNOTATION_CERTAINTY;REL_CTX002_BATCH_ADJUSTMENT;REL_CTX002_CONTROL_CERTAINTY;REL_CTX002_CROSS_CONTEXT_REPLICATION;REL_CTX002_EV_PREPARATION_INDEPENDENCE;REL_CTX002_MODEL_DIAGNOSTICS;REL_CTX002_PAIRING_CERTAINTY;REL_CTX002_PATHWAY_EVIDENCE;REL_CTX002_PHENOTYPE_SUPPORT;REL_CTX002_RECIPIENT_DONOR_INDEPENDENCE;REL_CTX002_SAMPLE_QC;REL_CTX002_SENSITIVITY_STABILITY;REL_CTX002_STUDY_INDEPENDENCE,EXP002-C4,data/metadata/skinexo_response_components.csv;reports/EXP002_C4_cross_study_pathway_validation.md
CTX002,P,P017,INACTIVE,0.9008382236312652,0.7637289814602767,GOBP_DNA_REPLICATION_CHECKPOINT_SIGNALING,OBSERVED_NULL,1,0,TRANSCRIPTOME,,INACTIVE,REL_CTX002_ANNOTATION_CERTAINTY;REL_CTX002_BATCH_ADJUSTMENT;REL_CTX002_CONTROL_CERTAINTY;REL_CTX002_CROSS_CONTEXT_REPLICATION;REL_CTX002_EV_PREPARATION_INDEPENDENCE;REL_CTX002_MODEL_DIAGNOSTICS;REL_CTX002_PAIRING_CERTAINTY;REL_CTX002_PATHWAY_EVIDENCE;REL_CTX002_PHENOTYPE_SUPPORT;REL_CTX002_RECIPIENT_DONOR_INDEPENDENCE;REL_CTX002_SAMPLE_QC;REL_CTX002_SENSITIVITY_STABILITY;REL_CTX002_STUDY_INDEPENDENCE,EXP002-C4,data/metadata/skinexo_response_components.csv;reports/EXP002_C4_cross_study_pathway_validation.md
CTX002,P,P018,INACTIVE,0.8816274570051835,0.7888219148706577,GOBP_DNA_REPLICATION_INITIATION,OBSERVED_NULL,1,0,TRANSCRIPTOME,,INACTIVE,REL_CTX002_ANNOTATION_CERTAINTY;REL_CTX002_BATCH_ADJUSTMENT;REL_CTX002_CONTROL_CERTAINTY;REL_CTX002_CROSS_CONTEXT_REPLICATION;REL_CTX002_EV_PREPARATION_INDEPENDENCE;REL_CTX002_MODEL_DIAGNOSTICS;REL_CTX002_PAIRING_CERTAINTY;REL_CTX002_PATHWAY_EVIDENCE;REL_CTX002_PHENOTYPE_SUPPORT;REL_CTX002_RECIPIENT_DONOR_INDEPENDENCE;REL_CTX002_SAMPLE_QC;REL_CTX002_SENSITIVITY_STABILITY;REL_CTX002_STUDY_INDEPENDENCE,EXP002-C4,data/metadata/skinexo_response_components.csv;reports/EXP002_C4_cross_study_pathway_validation.md
CTX002,P,P019,INACTIVE,1.1721840138749229,0.3741676124367111,GOBP_DNA_STRAND_ELONGATION_INVOLVED_IN_DNA_REPLICATION,OBSERVED_NULL,1,0,TRANSCRIPTOME,,INACTIVE,REL_CTX002_ANNOTATION_CERTAINTY;REL_CTX002_BATCH_ADJUSTMENT;REL_CTX002_CONTROL_CERTAINTY;REL_CTX002_CROSS_CONTEXT_REPLICATION;REL_CTX002_EV_PREPARATION_INDEPENDENCE;REL_CTX002_MODEL_DIAGNOSTICS;REL_CTX002_PAIRING_CERTAINTY;REL_CTX002_PATHWAY_EVIDENCE;REL_CTX002_PHENOTYPE_SUPPORT;REL_CTX002_RECIPIENT_DONOR_INDEPENDENCE;REL_CTX002_SAMPLE_QC;REL_CTX002_SENSITIVITY_STABILITY;REL_CTX002_STUDY_INDEPENDENCE,EXP002-C4,data/metadata/skinexo_response_components.csv;reports/EXP002_C4_cross_study_pathway_validation.md
CTX002,P,P020,INACTIVE,1.0438571192524702,0.5459780603392193,GOBP_DNA_SYNTHESIS_INVOLVED_IN_DNA_REPLICATION,OBSERVED_NULL,1,0,TRANSCRIPTOME,,INACTIVE,REL_CTX002_ANNOTATION_CERTAINTY;REL_CTX002_BATCH_ADJUSTMENT;REL_CTX002_CONTROL_CERTAINTY;REL_CTX002_CROSS_CONTEXT_REPLICATION;REL_CTX002_EV_PREPARATION_INDEPENDENCE;REL_CTX002_MODEL_DIAGNOSTICS;REL_CTX002_PAIRING_CERTAINTY;REL_CTX002_PATHWAY_EVIDENCE;REL_CTX002_PHENOTYPE_SUPPORT;REL_CTX002_RECIPIENT_DONOR_INDEPENDENCE;REL_CTX002_SAMPLE_QC;REL_CTX002_SENSITIVITY_STABILITY;REL_CTX002_STUDY_INDEPENDENCE,EXP002-C4,data/metadata/skinexo_response_components.csv;reports/EXP002_C4_cross_study_pathway_validation.md
CTX002,P,P021,INACTIVE,0.527778708763368,0.9969211036892646,GOBP_DNA_TEMPLATED_DNA_REPLICATION_MAINTENANCE_OF_FIDELITY,OBSERVED_NULL,1,0,TRANSCRIPTOME,,INACTIVE,REL_CTX002_ANNOTATION_CERTAINTY;REL_CTX002_BATCH_ADJUSTMENT;REL_CTX002_CONTROL_CERTAINTY;REL_CTX002_CROSS_CONTEXT_REPLICATION;REL_CTX002_EV_PREPARATION_INDEPENDENCE;REL_CTX002_MODEL_DIAGNOSTICS;REL_CTX002_PAIRING_CERTAINTY;REL_CTX002_PATHWAY_EVIDENCE;REL_CTX002_PHENOTYPE_SUPPORT;REL_CTX002_RECIPIENT_DONOR_INDEPENDENCE;REL_CTX002_SAMPLE_QC;REL_CTX002_SENSITIVITY_STABILITY;REL_CTX002_STUDY_INDEPENDENCE,EXP002-C4,data/metadata/skinexo_response_components.csv;reports/EXP002_C4_cross_study_pathway_validation.md
CTX002,P,P022,POSITIVE,1.7369015861008976,0.0441834721378513,GOBP_EPITHELIAL_CELL_PROLIFERATION,ACTIVE_POSITIVE,1,1,TRANSCRIPTOME,,INACTIVE,REL_CTX002_ANNOTATION_CERTAINTY;REL_CTX002_BATCH_ADJUSTMENT;REL_CTX002_CONTROL_CERTAINTY;REL_CTX002_CROSS_CONTEXT_REPLICATION;REL_CTX002_EV_PREPARATION_INDEPENDENCE;REL_CTX002_MODEL_DIAGNOSTICS;REL_CTX002_PAIRING_CERTAINTY;REL_CTX002_PATHWAY_EVIDENCE;REL_CTX002_PHENOTYPE_SUPPORT;REL_CTX002_RECIPIENT_DONOR_INDEPENDENCE;REL_CTX002_SAMPLE_QC;REL_CTX002_SENSITIVITY_STABILITY;REL_CTX002_STUDY_INDEPENDENCE,EXP002-C4,data/metadata/skinexo_response_components.csv;reports/EXP002_C4_cross_study_pathway_validation.md
CTX002,P,P023,INACTIVE,1.541179464704123,0.1045869814307557,GOBP_ESTABLISHMENT_OF_SPINDLE_ORIENTATION,OBSERVED_NULL,1,0,TRANSCRIPTOME,,INACTIVE,REL_CTX002_ANNOTATION_CERTAINTY;REL_CTX002_BATCH_ADJUSTMENT;REL_CTX002_CONTROL_CERTAINTY;REL_CTX002_CROSS_CONTEXT_REPLICATION;REL_CTX002_EV_PREPARATION_INDEPENDENCE;REL_CTX002_MODEL_DIAGNOSTICS;REL_CTX002_PAIRING_CERTAINTY;REL_CTX002_PATHWAY_EVIDENCE;REL_CTX002_PHENOTYPE_SUPPORT;REL_CTX002_RECIPIENT_DONOR_INDEPENDENCE;REL_CTX002_SAMPLE_QC;REL_CTX002_SENSITIVITY_STABILITY;REL_CTX002_STUDY_INDEPENDENCE,EXP002-C4,data/metadata/skinexo_response_components.csv;reports/EXP002_C4_cross_study_pathway_validation.md
CTX002,P,P024,INACTIVE,1.038621761372594,0.5542285505379103,GOBP_GLIAL_CELL_PROLIFERATION,OBSERVED_NULL,1,0,TRANSCRIPTOME,,INACTIVE,REL_CTX002_ANNOTATION_CERTAINTY;REL_CTX002_BATCH_ADJUSTMENT;REL_CTX002_CONTROL_CERTAINTY;REL_CTX002_CROSS_CONTEXT_REPLICATION;REL_CTX002_EV_PREPARATION_INDEPENDENCE;REL_CTX002_MODEL_DIAGNOSTICS;REL_CTX002_PAIRING_CERTAINTY;REL_CTX002_PATHWAY_EVIDENCE;REL_CTX002_PHENOTYPE_SUPPORT;REL_CTX002_RECIPIENT_DONOR_INDEPENDENCE;REL_CTX002_SAMPLE_QC;REL_CTX002_SENSITIVITY_STABILITY;REL_CTX002_STUDY_INDEPENDENCE,EXP002-C4,data/metadata/skinexo_response_components.csv;reports/EXP002_C4_cross_study_pathway_validation.md
CTX002,P,P025,INACTIVE,1.447263558376408,0.1528143599652288,GOBP_HEMATOPOIETIC_STEM_CELL_PROLIFERATION,OBSERVED_NULL,1,0,TRANSCRIPTOME,,INACTIVE,REL_CTX002_ANNOTATION_CERTAINTY;REL_CTX002_BATCH_ADJUSTMENT;REL_CTX002_CONTROL_CERTAINTY;REL_CTX002_CROSS_CONTEXT_REPLICATION;REL_CTX002_EV_PREPARATION_INDEPENDENCE;REL_CTX002_MODEL_DIAGNOSTICS;REL_CTX002_PAIRING_CERTAINTY;REL_CTX002_PATHWAY_EVIDENCE;REL_CTX002_PHENOTYPE_SUPPORT;REL_CTX002_RECIPIENT_DONOR_INDEPENDENCE;REL_CTX002_SAMPLE_QC;REL_CTX002_SENSITIVITY_STABILITY;REL_CTX002_STUDY_INDEPENDENCE,EXP002-C4,data/metadata/skinexo_response_components.csv;reports/EXP002_C4_cross_study_pathway_validation.md
CTX002,P,P026,INACTIVE,0.7572739460256731,0.9323486606727271,GOBP_INNER_CELL_MASS_CELL_PROLIFERATION,OBSERVED_NULL,1,0,TRANSCRIPTOME,,INACTIVE,REL_CTX002_ANNOTATION_CERTAINTY;REL_CTX002_BATCH_ADJUSTMENT;REL_CTX002_CONTROL_CERTAINTY;REL_CTX002_CROSS_CONTEXT_REPLICATION;REL_CTX002_EV_PREPARATION_INDEPENDENCE;REL_CTX002_MODEL_DIAGNOSTICS;REL_CTX002_PAIRING_CERTAINTY;REL_CTX002_PATHWAY_EVIDENCE;REL_CTX002_PHENOTYPE_SUPPORT;REL_CTX002_RECIPIENT_DONOR_INDEPENDENCE;REL_CTX002_SAMPLE_QC;REL_CTX002_SENSITIVITY_STABILITY;REL_CTX002_STUDY_INDEPENDENCE,EXP002-C4,data/metadata/skinexo_response_components.csv;reports/EXP002_C4_cross_study_pathway_validation.md
CTX002,P,P027,INACTIVE,0.9675897092613022,0.6607438392210242,GOBP_MALE_MEIOSIS_I,OBSERVED_NULL,1,0,TRANSCRIPTOME,,INACTIVE,REL_CTX002_ANNOTATION_CERTAINTY;REL_CTX002_BATCH_ADJUSTMENT;REL_CTX002_CONTROL_CERTAINTY;REL_CTX002_CROSS_CONTEXT_REPLICATION;REL_CTX002_EV_PREPARATION_INDEPENDENCE;REL_CTX002_MODEL_DIAGNOSTICS;REL_CTX002_PAIRING_CERTAINTY;REL_CTX002_PATHWAY_EVIDENCE;REL_CTX002_PHENOTYPE_SUPPORT;REL_CTX002_RECIPIENT_DONOR_INDEPENDENCE;REL_CTX002_SAMPLE_QC;REL_CTX002_SENSITIVITY_STABILITY;REL_CTX002_STUDY_INDEPENDENCE,EXP002-C4,data/metadata/skinexo_response_components.csv;reports/EXP002_C4_cross_study_pathway_validation.md
CTX002,P,P028,INACTIVE,1.541237269680315,0.104691755924566,GOBP_MAMMARY_GLAND_EPITHELIAL_CELL_PROLIFERATION,OBSERVED_NULL,1,0,TRANSCRIPTOME,,INACTIVE,REL_CTX002_ANNOTATION_CERTAINTY;REL_CTX002_BATCH_ADJUSTMENT;REL_CTX002_CONTROL_CERTAINTY;REL_CTX002_CROSS_CONTEXT_REPLICATION;REL_CTX002_EV_PREPARATION_INDEPENDENCE;REL_CTX002_MODEL_DIAGNOSTICS;REL_CTX002_PAIRING_CERTAINTY;REL_CTX002_PATHWAY_EVIDENCE;REL_CTX002_PHENOTYPE_SUPPORT;REL_CTX002_RECIPIENT_DONOR_INDEPENDENCE;REL_CTX002_SAMPLE_QC;REL_CTX002_SENSITIVITY_STABILITY;REL_CTX002_STUDY_INDEPENDENCE,EXP002-C4,data/metadata/skinexo_response_components.csv;reports/EXP002_C4_cross_study_pathway_validation.md
CTX002,P,P029,INACTIVE,1.095716920289003,0.4737535573002742,GOBP_MEIOTIC_CELL_CYCLE,OBSERVED_NULL,1,0,TRANSCRIPTOME,,INACTIVE,REL_CTX002_ANNOTATION_CERTAINTY;REL_CTX002_BATCH_ADJUSTMENT;REL_CTX002_CONTROL_CERTAINTY;REL_CTX002_CROSS_CONTEXT_REPLICATION;REL_CTX002_EV_PREPARATION_INDEPENDENCE;REL_CTX002_MODEL_DIAGNOSTICS;REL_CTX002_PAIRING_CERTAINTY;REL_CTX002_PATHWAY_EVIDENCE;REL_CTX002_PHENOTYPE_SUPPORT;REL_CTX002_RECIPIENT_DONOR_INDEPENDENCE;REL_CTX002_SAMPLE_QC;REL_CTX002_SENSITIVITY_STABILITY;REL_CTX002_STUDY_INDEPENDENCE,EXP002-C4,data/metadata/skinexo_response_components.csv;reports/EXP002_C4_cross_study_pathway_validation.md
CTX002,P,P030,INACTIVE,0.83657330439546,0.8498985016953818,GOBP_MEIOTIC_SPINDLE_ASSEMBLY,OBSERVED_NULL,1,0,TRANSCRIPTOME,,INACTIVE,REL_CTX002_ANNOTATION_CERTAINTY;REL_CTX002_BATCH_ADJUSTMENT;REL_CTX002_CONTROL_CERTAINTY;REL_CTX002_CROSS_CONTEXT_REPLICATION;REL_CTX002_EV_PREPARATION_INDEPENDENCE;REL_CTX002_MODEL_DIAGNOSTICS;REL_CTX002_PAIRING_CERTAINTY;REL_CTX002_PATHWAY_EVIDENCE;REL_CTX002_PHENOTYPE_SUPPORT;REL_CTX002_RECIPIENT_DONOR_INDEPENDENCE;REL_CTX002_SAMPLE_QC;REL_CTX002_SENSITIVITY_STABILITY;REL_CTX002_STUDY_INDEPENDENCE,EXP002-C4,data/metadata/skinexo_response_components.csv;reports/EXP002_C4_cross_study_pathway_validation.md
CTX002,P,P031,POSITIVE,1.9161445341684071,0.0174900100940035,GOBP_MESENCHYMAL_CELL_PROLIFERATION,ACTIVE_POSITIVE,1,1,TRANSCRIPTOME,,POSITIVE,REL_CTX002_ANNOTATION_CERTAINTY;REL_CTX002_BATCH_ADJUSTMENT;REL_CTX002_CONTROL_CERTAINTY;REL_CTX002_CROSS_CONTEXT_REPLICATION;REL_CTX002_EV_PREPARATION_INDEPENDENCE;REL_CTX002_MODEL_DIAGNOSTICS;REL_CTX002_PAIRING_CERTAINTY;REL_CTX002_PATHWAY_EVIDENCE;REL_CTX002_PHENOTYPE_SUPPORT;REL_CTX002_RECIPIENT_DONOR_INDEPENDENCE;REL_CTX002_SAMPLE_QC;REL_CTX002_SENSITIVITY_STABILITY;REL_CTX002_STUDY_INDEPENDENCE,EXP002-C4,data/metadata/skinexo_response_components.csv;reports/EXP002_C4_cross_study_pathway_validation.md
CTX002,P,P032,INACTIVE,0.7082195071862275,0.9572861118024744,GOBP_MITOCHONDRIAL_DNA_REPLICATION,OBSERVED_NULL,1,0,TRANSCRIPTOME,,INACTIVE,REL_CTX002_ANNOTATION_CERTAINTY;REL_CTX002_BATCH_ADJUSTMENT;REL_CTX002_CONTROL_CERTAINTY;REL_CTX002_CROSS_CONTEXT_REPLICATION;REL_CTX002_EV_PREPARATION_INDEPENDENCE;REL_CTX002_MODEL_DIAGNOSTICS;REL_CTX002_PAIRING_CERTAINTY;REL_CTX002_PATHWAY_EVIDENCE;REL_CTX002_PHENOTYPE_SUPPORT;REL_CTX002_RECIPIENT_DONOR_INDEPENDENCE;REL_CTX002_SAMPLE_QC;REL_CTX002_SENSITIVITY_STABILITY;REL_CTX002_STUDY_INDEPENDENCE,EXP002-C4,data/metadata/skinexo_response_components.csv;reports/EXP002_C4_cross_study_pathway_validation.md
CTX002,P,P033,INACTIVE,-0.955208605248144,0.7793450338500506,GOBP_MITOTIC_CHROMOSOME_CONDENSATION,OBSERVED_NULL,1,0,TRANSCRIPTOME,,INACTIVE,REL_CTX002_ANNOTATION_CERTAINTY;REL_CTX002_BATCH_ADJUSTMENT;REL_CTX002_CONTROL_CERTAINTY;REL_CTX002_CROSS_CONTEXT_REPLICATION;REL_CTX002_EV_PREPARATION_INDEPENDENCE;REL_CTX002_MODEL_DIAGNOSTICS;REL_CTX002_PAIRING_CERTAINTY;REL_CTX002_PATHWAY_EVIDENCE;REL_CTX002_PHENOTYPE_SUPPORT;REL_CTX002_RECIPIENT_DONOR_INDEPENDENCE;REL_CTX002_SAMPLE_QC;REL_CTX002_SENSITIVITY_STABILITY;REL_CTX002_STUDY_INDEPENDENCE,EXP002-C4,data/metadata/skinexo_response_components.csv;reports/EXP002_C4_cross_study_pathway_validation.md
CTX002,P,P034,INACTIVE,-0.8972510138511484,0.8577248226267458,GOBP_MITOTIC_CYTOKINETIC_PROCESS,OBSERVED_NULL,1,0,TRANSCRIPTOME,,INACTIVE,REL_CTX002_ANNOTATION_CERTAINTY;REL_CTX002_BATCH_ADJUSTMENT;REL_CTX002_CONTROL_CERTAINTY;REL_CTX002_CROSS_CONTEXT_REPLICATION;REL_CTX002_EV_PREPARATION_INDEPENDENCE;REL_CTX002_MODEL_DIAGNOSTICS;REL_CTX002_PAIRING_CERTAINTY;REL_CTX002_PATHWAY_EVIDENCE;REL_CTX002_PHENOTYPE_SUPPORT;REL_CTX002_RECIPIENT_DONOR_INDEPENDENCE;REL_CTX002_SAMPLE_QC;REL_CTX002_SENSITIVITY_STABILITY;REL_CTX002_STUDY_INDEPENDENCE,EXP002-C4,data/metadata/skinexo_response_components.csv;reports/EXP002_C4_cross_study_pathway_validation.md
CTX002,P,P035,INACTIVE,0.8550043503872704,0.8258374155370596,GOBP_MITOTIC_DNA_REPLICATION,OBSERVED_NULL,1,0,TRANSCRIPTOME,,INACTIVE,REL_CTX002_ANNOTATION_CERTAINTY;REL_CTX002_BATCH_ADJUSTMENT;REL_CTX002_CONTROL_CERTAINTY;REL_CTX002_CROSS_CONTEXT_REPLICATION;REL_CTX002_EV_PREPARATION_INDEPENDENCE;REL_CTX002_MODEL_DIAGNOSTICS;REL_CTX002_PAIRING_CERTAINTY;REL_CTX002_PATHWAY_EVIDENCE;REL_CTX002_PHENOTYPE_SUPPORT;REL_CTX002_RECIPIENT_DONOR_INDEPENDENCE;REL_CTX002_SAMPLE_QC;REL_CTX002_SENSITIVITY_STABILITY;REL_CTX002_STUDY_INDEPENDENCE,EXP002-C4,data/metadata/skinexo_response_components.csv;reports/EXP002_C4_cross_study_pathway_validation.md
CTX002,P,P036,INACTIVE,0.9406933081891828,0.7051607382129911,GOBP_MITOTIC_G1_S_TRANSITION_CHECKPOINT_SIGNALING,OBSERVED_NULL,1,0,TRANSCRIPTOME,,INACTIVE,REL_CTX002_ANNOTATION_CERTAINTY;REL_CTX002_BATCH_ADJUSTMENT;REL_CTX002_CONTROL_CERTAINTY;REL_CTX002_CROSS_CONTEXT_REPLICATION;REL_CTX002_EV_PREPARATION_INDEPENDENCE;REL_CTX002_MODEL_DIAGNOSTICS;REL_CTX002_PAIRING_CERTAINTY;REL_CTX002_PATHWAY_EVIDENCE;REL_CTX002_PHENOTYPE_SUPPORT;REL_CTX002_RECIPIENT_DONOR_INDEPENDENCE;REL_CTX002_SAMPLE_QC;REL_CTX002_SENSITIVITY_STABILITY;REL_CTX002_STUDY_INDEPENDENCE,EXP002-C4,data/metadata/skinexo_response_components.csv;reports/EXP002_C4_cross_study_pathway_validation.md
CTX002,P,P037,INACTIVE,0.7389665081725498,0.9435062213253802,GOBP_MITOTIC_INTRA_S_DNA_DAMAGE_CHECKPOINT_SIGNALING,OBSERVED_NULL,1,0,TRANSCRIPTOME,,INACTIVE,REL_CTX002_ANNOTATION_CERTAINTY;REL_CTX002_BATCH_ADJUSTMENT;REL_CTX002_CONTROL_CERTAINTY;REL_CTX002_CROSS_CONTEXT_REPLICATION;REL_CTX002_EV_PREPARATION_INDEPENDENCE;REL_CTX002_MODEL_DIAGNOSTICS;REL_CTX002_PAIRING_CERTAINTY;REL_CTX002_PATHWAY_EVIDENCE;REL_CTX002_PHENOTYPE_SUPPORT;REL_CTX002_RECIPIENT_DONOR_INDEPENDENCE;REL_CTX002_SAMPLE_QC;REL_CTX002_SENSITIVITY_STABILITY;REL_CTX002_STUDY_INDEPENDENCE,EXP002-C4,data/metadata/skinexo_response_components.csv;reports/EXP002_C4_cross_study_pathway_validation.md
CTX002,P,P038,INACTIVE,-0.7650265559101842,0.963989133026244,GOBP_MITOTIC_METAPHASE_CHROMOSOME_ALIGNMENT,OBSERVED_NULL,1,0,TRANSCRIPTOME,,INACTIVE,REL_CTX002_ANNOTATION_CERTAINTY;REL_CTX002_BATCH_ADJUSTMENT;REL_CTX002_CONTROL_CERTAINTY;REL_CTX002_CROSS_CONTEXT_REPLICATION;REL_CTX002_EV_PREPARATION_INDEPENDENCE;REL_CTX002_MODEL_DIAGNOSTICS;REL_CTX002_PAIRING_CERTAINTY;REL_CTX002_PATHWAY_EVIDENCE;REL_CTX002_PHENOTYPE_SUPPORT;REL_CTX002_RECIPIENT_DONOR_INDEPENDENCE;REL_CTX002_SAMPLE_QC;REL_CTX002_SENSITIVITY_STABILITY;REL_CTX002_STUDY_INDEPENDENCE,EXP002-C4,data/metadata/skinexo_response_components.csv;reports/EXP002_C4_cross_study_pathway_validation.md
CTX002,P,P039,INACTIVE,-1.442486768954224,0.3053927400335368,GOBP_MITOTIC_RECOMBINATION,OBSERVED_NULL,1,0,TRANSCRIPTOME,,INACTIVE,REL_CTX002_ANNOTATION_CERTAINTY;REL_CTX002_BATCH_ADJUSTMENT;REL_CTX002_CONTROL_CERTAINTY;REL_CTX002_CROSS_CONTEXT_REPLICATION;REL_CTX002_EV_PREPARATION_INDEPENDENCE;REL_CTX002_MODEL_DIAGNOSTICS;REL_CTX002_PAIRING_CERTAINTY;REL_CTX002_PATHWAY_EVIDENCE;REL_CTX002_PHENOTYPE_SUPPORT;REL_CTX002_RECIPIENT_DONOR_INDEPENDENCE;REL_CTX002_SAMPLE_QC;REL_CTX002_SENSITIVITY_STABILITY;REL_CTX002_STUDY_INDEPENDENCE,EXP002-C4,data/metadata/skinexo_response_components.csv;reports/EXP002_C4_cross_study_pathway_validation.md
CTX002,P,P040,INACTIVE,0.8938139637605024,0.7724791868872478,GOBP_MITOTIC_SISTER_CHROMATID_COHESION,OBSERVED_NULL,1,0,TRANSCRIPTOME,,INACTIVE,REL_CTX002_ANNOTATION_CERTAINTY;REL_CTX002_BATCH_ADJUSTMENT;REL_CTX002_CONTROL_CERTAINTY;REL_CTX002_CROSS_CONTEXT_REPLICATION;REL_CTX002_EV_PREPARATION_INDEPENDENCE;REL_CTX002_MODEL_DIAGNOSTICS;REL_CTX002_PAIRING_CERTAINTY;REL_CTX002_PATHWAY_EVIDENCE;REL_CTX002_PHENOTYPE_SUPPORT;REL_CTX002_RECIPIENT_DONOR_INDEPENDENCE;REL_CTX002_SAMPLE_QC;REL_CTX002_SENSITIVITY_STABILITY;REL_CTX002_STUDY_INDEPENDENCE,EXP002-C4,data/metadata/skinexo_response_components.csv;reports/EXP002_C4_cross_study_pathway_validation.md
CTX002,P,P041,INACTIVE,-0.9977390140887922,0.7168099312998134,GOBP_POSITIVE_REGULATION_OF_CELL_CYCLE_CHECKPOINT,OBSERVED_NULL,1,0,TRANSCRIPTOME,,INACTIVE,REL_CTX002_ANNOTATION_CERTAINTY;REL_CTX002_BATCH_ADJUSTMENT;REL_CTX002_CONTROL_CERTAINTY;REL_CTX002_CROSS_CONTEXT_REPLICATION;REL_CTX002_EV_PREPARATION_INDEPENDENCE;REL_CTX002_MODEL_DIAGNOSTICS;REL_CTX002_PAIRING_CERTAINTY;REL_CTX002_PATHWAY_EVIDENCE;REL_CTX002_PHENOTYPE_SUPPORT;REL_CTX002_RECIPIENT_DONOR_INDEPENDENCE;REL_CTX002_SAMPLE_QC;REL_CTX002_SENSITIVITY_STABILITY;REL_CTX002_STUDY_INDEPENDENCE,EXP002-C4,data/metadata/skinexo_response_components.csv;reports/EXP002_C4_cross_study_pathway_validation.md
CTX002,P,P042,INACTIVE,-1.3251057278094625,0.4175158264754359,GOBP_SPINDLE_ASSEMBLY,OBSERVED_NULL,1,0,TRANSCRIPTOME,,INACTIVE,REL_CTX002_ANNOTATION_CERTAINTY;REL_CTX002_BATCH_ADJUSTMENT;REL_CTX002_CONTROL_CERTAINTY;REL_CTX002_CROSS_CONTEXT_REPLICATION;REL_CTX002_EV_PREPARATION_INDEPENDENCE;REL_CTX002_MODEL_DIAGNOSTICS;REL_CTX002_PAIRING_CERTAINTY;REL_CTX002_PATHWAY_EVIDENCE;REL_CTX002_PHENOTYPE_SUPPORT;REL_CTX002_RECIPIENT_DONOR_INDEPENDENCE;REL_CTX002_SAMPLE_QC;REL_CTX002_SENSITIVITY_STABILITY;REL_CTX002_STUDY_INDEPENDENCE,EXP002-C4,data/metadata/skinexo_response_components.csv;reports/EXP002_C4_cross_study_pathway_validation.md
CTX002,P,P043,INACTIVE,1.7034103707249233,0.0540787541597302,GOBP_POSITIVE_REGULATION_OF_SMOOTH_MUSCLE_CELL_PROLIFERATION,OBSERVED_NULL,1,0,TRANSCRIPTOME,,INACTIVE,REL_CTX002_ANNOTATION_CERTAINTY;REL_CTX002_BATCH_ADJUSTMENT;REL_CTX002_CONTROL_CERTAINTY;REL_CTX002_CROSS_CONTEXT_REPLICATION;REL_CTX002_EV_PREPARATION_INDEPENDENCE;REL_CTX002_MODEL_DIAGNOSTICS;REL_CTX002_PAIRING_CERTAINTY;REL_CTX002_PATHWAY_EVIDENCE;REL_CTX002_PHENOTYPE_SUPPORT;REL_CTX002_RECIPIENT_DONOR_INDEPENDENCE;REL_CTX002_SAMPLE_QC;REL_CTX002_SENSITIVITY_STABILITY;REL_CTX002_STUDY_INDEPENDENCE,EXP002-C4,data/metadata/skinexo_response_components.csv;reports/EXP002_C4_cross_study_pathway_validation.md
CTX002,P,P044,INACTIVE,1.0384035110983645,0.5543011653814891,GOBP_NEGATIVE_REGULATION_OF_CELL_CYCLE_G1_S_PHASE_TRANSITION,OBSERVED_NULL,1,0,TRANSCRIPTOME,,INACTIVE,REL_CTX002_ANNOTATION_CERTAINTY;REL_CTX002_BATCH_ADJUSTMENT;REL_CTX002_CONTROL_CERTAINTY;REL_CTX002_CROSS_CONTEXT_REPLICATION;REL_CTX002_EV_PREPARATION_INDEPENDENCE;REL_CTX002_MODEL_DIAGNOSTICS;REL_CTX002_PAIRING_CERTAINTY;REL_CTX002_PATHWAY_EVIDENCE;REL_CTX002_PHENOTYPE_SUPPORT;REL_CTX002_RECIPIENT_DONOR_INDEPENDENCE;REL_CTX002_SAMPLE_QC;REL_CTX002_SENSITIVITY_STABILITY;REL_CTX002_STUDY_INDEPENDENCE,EXP002-C4,data/metadata/skinexo_response_components.csv;reports/EXP002_C4_cross_study_pathway_validation.md
CTX002,P,P045,INACTIVE,1.1857603490721629,0.3583761405632708,GOBP_NEGATIVE_REGULATION_OF_DNA_REPLICATION,OBSERVED_NULL,1,0,TRANSCRIPTOME,,INACTIVE,REL_CTX002_ANNOTATION_CERTAINTY;REL_CTX002_BATCH_ADJUSTMENT;REL_CTX002_CONTROL_CERTAINTY;REL_CTX002_CROSS_CONTEXT_REPLICATION;REL_CTX002_EV_PREPARATION_INDEPENDENCE;REL_CTX002_MODEL_DIAGNOSTICS;REL_CTX002_PAIRING_CERTAINTY;REL_CTX002_PATHWAY_EVIDENCE;REL_CTX002_PHENOTYPE_SUPPORT;REL_CTX002_RECIPIENT_DONOR_INDEPENDENCE;REL_CTX002_SAMPLE_QC;REL_CTX002_SENSITIVITY_STABILITY;REL_CTX002_STUDY_INDEPENDENCE,EXP002-C4,data/metadata/skinexo_response_components.csv;reports/EXP002_C4_cross_study_pathway_validation.md
CTX002,P,P046,INACTIVE,1.402095207644026,0.176960485096546,GOBP_NEGATIVE_REGULATION_OF_ENDOTHELIAL_CELL_PROLIFERATION,OBSERVED_NULL,1,0,TRANSCRIPTOME,,INACTIVE,REL_CTX002_ANNOTATION_CERTAINTY;REL_CTX002_BATCH_ADJUSTMENT;REL_CTX002_CONTROL_CERTAINTY;REL_CTX002_CROSS_CONTEXT_REPLICATION;REL_CTX002_EV_PREPARATION_INDEPENDENCE;REL_CTX002_MODEL_DIAGNOSTICS;REL_CTX002_PAIRING_CERTAINTY;REL_CTX002_PATHWAY_EVIDENCE;REL_CTX002_PHENOTYPE_SUPPORT;REL_CTX002_RECIPIENT_DONOR_INDEPENDENCE;REL_CTX002_SAMPLE_QC;REL_CTX002_SENSITIVITY_STABILITY;REL_CTX002_STUDY_INDEPENDENCE,EXP002-C4,data/metadata/skinexo_response_components.csv;reports/EXP002_C4_cross_study_pathway_validation.md
CTX002,P,P047,INACTIVE,1.5460403688974644,0.1034601363200875,GOBP_NEGATIVE_REGULATION_OF_EPITHELIAL_CELL_PROLIFERATION,OBSERVED_NULL,1,0,TRANSCRIPTOME,,INACTIVE,REL_CTX002_ANNOTATION_CERTAINTY;REL_CTX002_BATCH_ADJUSTMENT;REL_CTX002_CONTROL_CERTAINTY;REL_CTX002_CROSS_CONTEXT_REPLICATION;REL_CTX002_EV_PREPARATION_INDEPENDENCE;REL_CTX002_MODEL_DIAGNOSTICS;REL_CTX002_PAIRING_CERTAINTY;REL_CTX002_PATHWAY_EVIDENCE;REL_CTX002_PHENOTYPE_SUPPORT;REL_CTX002_RECIPIENT_DONOR_INDEPENDENCE;REL_CTX002_SAMPLE_QC;REL_CTX002_SENSITIVITY_STABILITY;REL_CTX002_STUDY_INDEPENDENCE,EXP002-C4,data/metadata/skinexo_response_components.csv;reports/EXP002_C4_cross_study_pathway_validation.md
CTX002,P,P048,INACTIVE,1.4343352201450237,0.1595052439764382,GOBP_NEGATIVE_REGULATION_OF_MEIOTIC_CELL_CYCLE,OBSERVED_NULL,1,0,TRANSCRIPTOME,,INACTIVE,REL_CTX002_ANNOTATION_CERTAINTY;REL_CTX002_BATCH_ADJUSTMENT;REL_CTX002_CONTROL_CERTAINTY;REL_CTX002_CROSS_CONTEXT_REPLICATION;REL_CTX002_EV_PREPARATION_INDEPENDENCE;REL_CTX002_MODEL_DIAGNOSTICS;REL_CTX002_PAIRING_CERTAINTY;REL_CTX002_PATHWAY_EVIDENCE;REL_CTX002_PHENOTYPE_SUPPORT;REL_CTX002_RECIPIENT_DONOR_INDEPENDENCE;REL_CTX002_SAMPLE_QC;REL_CTX002_SENSITIVITY_STABILITY;REL_CTX002_STUDY_INDEPENDENCE,EXP002-C4,data/metadata/skinexo_response_components.csv;reports/EXP002_C4_cross_study_pathway_validation.md
CTX002,P,P049,INACTIVE,-0.8470423211795853,0.9049443389860404,GOBP_NEGATIVE_REGULATION_OF_NEURAL_PRECURSOR_CELL_PROLIFERATION,OBSERVED_NULL,1,0,TRANSCRIPTOME,,INACTIVE,REL_CTX002_ANNOTATION_CERTAINTY;REL_CTX002_BATCH_ADJUSTMENT;REL_CTX002_CONTROL_CERTAINTY;REL_CTX002_CROSS_CONTEXT_REPLICATION;REL_CTX002_EV_PREPARATION_INDEPENDENCE;REL_CTX002_MODEL_DIAGNOSTICS;REL_CTX002_PAIRING_CERTAINTY;REL_CTX002_PATHWAY_EVIDENCE;REL_CTX002_PHENOTYPE_SUPPORT;REL_CTX002_RECIPIENT_DONOR_INDEPENDENCE;REL_CTX002_SAMPLE_QC;REL_CTX002_SENSITIVITY_STABILITY;REL_CTX002_STUDY_INDEPENDENCE,EXP002-C4,data/metadata/skinexo_response_components.csv;reports/EXP002_C4_cross_study_pathway_validation.md
CTX002,P,P050,INACTIVE,-1.0623586445355548,0.6587991719228018,GOBP_NEGATIVE_REGULATION_OF_SMOOTH_MUSCLE_CELL_PROLIFERATION,OBSERVED_NULL,1,0,TRANSCRIPTOME,,INACTIVE,REL_CTX002_ANNOTATION_CERTAINTY;REL_CTX002_BATCH_ADJUSTMENT;REL_CTX002_CONTROL_CERTAINTY;REL_CTX002_CROSS_CONTEXT_REPLICATION;REL_CTX002_EV_PREPARATION_INDEPENDENCE;REL_CTX002_MODEL_DIAGNOSTICS;REL_CTX002_PAIRING_CERTAINTY;REL_CTX002_PATHWAY_EVIDENCE;REL_CTX002_PHENOTYPE_SUPPORT;REL_CTX002_RECIPIENT_DONOR_INDEPENDENCE;REL_CTX002_SAMPLE_QC;REL_CTX002_SENSITIVITY_STABILITY;REL_CTX002_STUDY_INDEPENDENCE,EXP002-C4,data/metadata/skinexo_response_components.csv;reports/EXP002_C4_cross_study_pathway_validation.md
CTX002,P,P051,INACTIVE,1.0302910712661268,0.5661972824272582,GOBP_NEGATIVE_REGULATION_OF_T_CELL_PROLIFERATION,OBSERVED_NULL,1,0,TRANSCRIPTOME,,INACTIVE,REL_CTX002_ANNOTATION_CERTAINTY;REL_CTX002_BATCH_ADJUSTMENT;REL_CTX002_CONTROL_CERTAINTY;REL_CTX002_CROSS_CONTEXT_REPLICATION;REL_CTX002_EV_PREPARATION_INDEPENDENCE;REL_CTX002_MODEL_DIAGNOSTICS;REL_CTX002_PAIRING_CERTAINTY;REL_CTX002_PATHWAY_EVIDENCE;REL_CTX002_PHENOTYPE_SUPPORT;REL_CTX002_RECIPIENT_DONOR_INDEPENDENCE;REL_CTX002_SAMPLE_QC;REL_CTX002_SENSITIVITY_STABILITY;REL_CTX002_STUDY_INDEPENDENCE,EXP002-C4,data/metadata/skinexo_response_components.csv;reports/EXP002_C4_cross_study_pathway_validation.md
CTX002,P,P052,INACTIVE,1.137328556689412,0.4172976542076193,GOBP_NEURAL_PRECURSOR_CELL_PROLIFERATION,OBSERVED_NULL,1,0,TRANSCRIPTOME,,INACTIVE,REL_CTX002_ANNOTATION_CERTAINTY;REL_CTX002_BATCH_ADJUSTMENT;REL_CTX002_CONTROL_CERTAINTY;REL_CTX002_CROSS_CONTEXT_REPLICATION;REL_CTX002_EV_PREPARATION_INDEPENDENCE;REL_CTX002_MODEL_DIAGNOSTICS;REL_CTX002_PAIRING_CERTAINTY;REL_CTX002_PATHWAY_EVIDENCE;REL_CTX002_PHENOTYPE_SUPPORT;REL_CTX002_RECIPIENT_DONOR_INDEPENDENCE;REL_CTX002_SAMPLE_QC;REL_CTX002_SENSITIVITY_STABILITY;REL_CTX002_STUDY_INDEPENDENCE,EXP002-C4,data/metadata/skinexo_response_components.csv;reports/EXP002_C4_cross_study_pathway_validation.md
CTX002,P,P053,INACTIVE,1.1873030338911357,0.3564692049712896,GOBP_POSITIVE_REGULATION_OF_CELL_CYCLE,OBSERVED_NULL,1,0,TRANSCRIPTOME,,INACTIVE,REL_CTX002_ANNOTATION_CERTAINTY;REL_CTX002_BATCH_ADJUSTMENT;REL_CTX002_CONTROL_CERTAINTY;REL_CTX002_CROSS_CONTEXT_REPLICATION;REL_CTX002_EV_PREPARATION_INDEPENDENCE;REL_CTX002_MODEL_DIAGNOSTICS;REL_CTX002_PAIRING_CERTAINTY;REL_CTX002_PATHWAY_EVIDENCE;REL_CTX002_PHENOTYPE_SUPPORT;REL_CTX002_RECIPIENT_DONOR_INDEPENDENCE;REL_CTX002_SAMPLE_QC;REL_CTX002_SENSITIVITY_STABILITY;REL_CTX002_STUDY_INDEPENDENCE,EXP002-C4,data/metadata/skinexo_response_components.csv;reports/EXP002_C4_cross_study_pathway_validation.md
CTX002,P,P054,INACTIVE,1.371470928919506,0.1981344496387725,GOBP_POSITIVE_REGULATION_OF_MITOTIC_CELL_CYCLE,OBSERVED_NULL,1,0,TRANSCRIPTOME,,INACTIVE,REL_CTX002_ANNOTATION_CERTAINTY;REL_CTX002_BATCH_ADJUSTMENT;REL_CTX002_CONTROL_CERTAINTY;REL_CTX002_CROSS_CONTEXT_REPLICATION;REL_CTX002_EV_PREPARATION_INDEPENDENCE;REL_CTX002_MODEL_DIAGNOSTICS;REL_CTX002_PAIRING_CERTAINTY;REL_CTX002_PATHWAY_EVIDENCE;REL_CTX002_PHENOTYPE_SUPPORT;REL_CTX002_RECIPIENT_DONOR_INDEPENDENCE;REL_CTX002_SAMPLE_QC;REL_CTX002_SENSITIVITY_STABILITY;REL_CTX002_STUDY_INDEPENDENCE,EXP002-C4,data/metadata/skinexo_response_components.csv;reports/EXP002_C4_cross_study_pathway_validation.md
CTX002,P,P055,INACTIVE,1.2440385946550556,0.3024651900676662,GOBP_POSITIVE_REGULATION_OF_CELL_CYCLE_G2_M_PHASE_TRANSITION,OBSERVED_NULL,1,0,TRANSCRIPTOME,,INACTIVE,REL_CTX002_ANNOTATION_CERTAINTY;REL_CTX002_BATCH_ADJUSTMENT;REL_CTX002_CONTROL_CERTAINTY;REL_CTX002_CROSS_CONTEXT_REPLICATION;REL_CTX002_EV_PREPARATION_INDEPENDENCE;REL_CTX002_MODEL_DIAGNOSTICS;REL_CTX002_PAIRING_CERTAINTY;REL_CTX002_PATHWAY_EVIDENCE;REL_CTX002_PHENOTYPE_SUPPORT;REL_CTX002_RECIPIENT_DONOR_INDEPENDENCE;REL_CTX002_SAMPLE_QC;REL_CTX002_SENSITIVITY_STABILITY;REL_CTX002_STUDY_INDEPENDENCE,EXP002-C4,data/metadata/skinexo_response_components.csv;reports/EXP002_C4_cross_study_pathway_validation.md
CTX002,P,P056,INACTIVE,-0.8991138740024935,0.8545258967800218,GOBP_POSITIVE_REGULATION_OF_CHROMOSOME_SEGREGATION,OBSERVED_NULL,1,0,TRANSCRIPTOME,,INACTIVE,REL_CTX002_ANNOTATION_CERTAINTY;REL_CTX002_BATCH_ADJUSTMENT;REL_CTX002_CONTROL_CERTAINTY;REL_CTX002_CROSS_CONTEXT_REPLICATION;REL_CTX002_EV_PREPARATION_INDEPENDENCE;REL_CTX002_MODEL_DIAGNOSTICS;REL_CTX002_PAIRING_CERTAINTY;REL_CTX002_PATHWAY_EVIDENCE;REL_CTX002_PHENOTYPE_SUPPORT;REL_CTX002_RECIPIENT_DONOR_INDEPENDENCE;REL_CTX002_SAMPLE_QC;REL_CTX002_SENSITIVITY_STABILITY;REL_CTX002_STUDY_INDEPENDENCE,EXP002-C4,data/metadata/skinexo_response_components.csv;reports/EXP002_C4_cross_study_pathway_validation.md
CTX002,P,P057,INACTIVE,-1.0168507107228637,0.6955701077570504,GOBP_POSITIVE_REGULATION_OF_CYTOKINESIS,OBSERVED_NULL,1,0,TRANSCRIPTOME,,INACTIVE,REL_CTX002_ANNOTATION_CERTAINTY;REL_CTX002_BATCH_ADJUSTMENT;REL_CTX002_CONTROL_CERTAINTY;REL_CTX002_CROSS_CONTEXT_REPLICATION;REL_CTX002_EV_PREPARATION_INDEPENDENCE;REL_CTX002_MODEL_DIAGNOSTICS;REL_CTX002_PAIRING_CERTAINTY;REL_CTX002_PATHWAY_EVIDENCE;REL_CTX002_PHENOTYPE_SUPPORT;REL_CTX002_RECIPIENT_DONOR_INDEPENDENCE;REL_CTX002_SAMPLE_QC;REL_CTX002_SENSITIVITY_STABILITY;REL_CTX002_STUDY_INDEPENDENCE,EXP002-C4,data/metadata/skinexo_response_components.csv;reports/EXP002_C4_cross_study_pathway_validation.md
CTX002,P,P058,INACTIVE,0.8849769396049396,0.7855889044343459,GOBP_POSITIVE_REGULATION_OF_DNA_REPLICATION,OBSERVED_NULL,1,0,TRANSCRIPTOME,,INACTIVE,REL_CTX002_ANNOTATION_CERTAINTY;REL_CTX002_BATCH_ADJUSTMENT;REL_CTX002_CONTROL_CERTAINTY;REL_CTX002_CROSS_CONTEXT_REPLICATION;REL_CTX002_EV_PREPARATION_INDEPENDENCE;REL_CTX002_MODEL_DIAGNOSTICS;REL_CTX002_PAIRING_CERTAINTY;REL_CTX002_PATHWAY_EVIDENCE;REL_CTX002_PHENOTYPE_SUPPORT;REL_CTX002_RECIPIENT_DONOR_INDEPENDENCE;REL_CTX002_SAMPLE_QC;REL_CTX002_SENSITIVITY_STABILITY;REL_CTX002_STUDY_INDEPENDENCE,EXP002-C4,data/metadata/skinexo_response_components.csv;reports/EXP002_C4_cross_study_pathway_validation.md
CTX002,P,P059,INACTIVE,0.5854365115406178,0.9939290210903402,GOBP_POSITIVE_REGULATION_OF_MEIOTIC_CELL_CYCLE,OBSERVED_NULL,1,0,TRANSCRIPTOME,,INACTIVE,REL_CTX002_ANNOTATION_CERTAINTY;REL_CTX002_BATCH_ADJUSTMENT;REL_CTX002_CONTROL_CERTAINTY;REL_CTX002_CROSS_CONTEXT_REPLICATION;REL_CTX002_EV_PREPARATION_INDEPENDENCE;REL_CTX002_MODEL_DIAGNOSTICS;REL_CTX002_PAIRING_CERTAINTY;REL_CTX002_PATHWAY_EVIDENCE;REL_CTX002_PHENOTYPE_SUPPORT;REL_CTX002_RECIPIENT_DONOR_INDEPENDENCE;REL_CTX002_SAMPLE_QC;REL_CTX002_SENSITIVITY_STABILITY;REL_CTX002_STUDY_INDEPENDENCE,EXP002-C4,data/metadata/skinexo_response_components.csv;reports/EXP002_C4_cross_study_pathway_validation.md
CTX002,P,P060,INACTIVE,-0.7667977972273314,0.9663246379058404,GOBP_POSITIVE_REGULATION_OF_MITOTIC_SISTER_CHROMATID_SEPARATION,OBSERVED_NULL,1,0,TRANSCRIPTOME,,INACTIVE,REL_CTX002_ANNOTATION_CERTAINTY;REL_CTX002_BATCH_ADJUSTMENT;REL_CTX002_CONTROL_CERTAINTY;REL_CTX002_CROSS_CONTEXT_REPLICATION;REL_CTX002_EV_PREPARATION_INDEPENDENCE;REL_CTX002_MODEL_DIAGNOSTICS;REL_CTX002_PAIRING_CERTAINTY;REL_CTX002_PATHWAY_EVIDENCE;REL_CTX002_PHENOTYPE_SUPPORT;REL_CTX002_RECIPIENT_DONOR_INDEPENDENCE;REL_CTX002_SAMPLE_QC;REL_CTX002_SENSITIVITY_STABILITY;REL_CTX002_STUDY_INDEPENDENCE,EXP002-C4,data/metadata/skinexo_response_components.csv;reports/EXP002_C4_cross_study_pathway_validation.md
CTX002,P,P061,INACTIVE,0.9491573275475782,0.6905994478424062,GOBP_POSITIVE_REGULATION_OF_MITOTIC_NUCLEAR_DIVISION,OBSERVED_NULL,1,0,TRANSCRIPTOME,,INACTIVE,REL_CTX002_ANNOTATION_CERTAINTY;REL_CTX002_BATCH_ADJUSTMENT;REL_CTX002_CONTROL_CERTAINTY;REL_CTX002_CROSS_CONTEXT_REPLICATION;REL_CTX002_EV_PREPARATION_INDEPENDENCE;REL_CTX002_MODEL_DIAGNOSTICS;REL_CTX002_PAIRING_CERTAINTY;REL_CTX002_PATHWAY_EVIDENCE;REL_CTX002_PHENOTYPE_SUPPORT;REL_CTX002_RECIPIENT_DONOR_INDEPENDENCE;REL_CTX002_SAMPLE_QC;REL_CTX002_SENSITIVITY_STABILITY;REL_CTX002_STUDY_INDEPENDENCE,EXP002-C4,data/metadata/skinexo_response_components.csv;reports/EXP002_C4_cross_study_pathway_validation.md
CTX002,P,P062,INACTIVE,1.6055966121728935,0.0804241384777836,GOBP_STEM_CELL_PROLIFERATION,OBSERVED_NULL,1,0,TRANSCRIPTOME,,INACTIVE,REL_CTX002_ANNOTATION_CERTAINTY;REL_CTX002_BATCH_ADJUSTMENT;REL_CTX002_CONTROL_CERTAINTY;REL_CTX002_CROSS_CONTEXT_REPLICATION;REL_CTX002_EV_PREPARATION_INDEPENDENCE;REL_CTX002_MODEL_DIAGNOSTICS;REL_CTX002_PAIRING_CERTAINTY;REL_CTX002_PATHWAY_EVIDENCE;REL_CTX002_PHENOTYPE_SUPPORT;REL_CTX002_RECIPIENT_DONOR_INDEPENDENCE;REL_CTX002_SAMPLE_QC;REL_CTX002_SENSITIVITY_STABILITY;REL_CTX002_STUDY_INDEPENDENCE,EXP002-C4,data/metadata/skinexo_response_components.csv;reports/EXP002_C4_cross_study_pathway_validation.md
CTX002,P,P063,INACTIVE,-0.8066951435525255,0.9429984973785686,GOBP_POSITIVE_REGULATION_OF_T_CELL_PROLIFERATION,OBSERVED_NULL,1,0,TRANSCRIPTOME,,INACTIVE,REL_CTX002_ANNOTATION_CERTAINTY;REL_CTX002_BATCH_ADJUSTMENT;REL_CTX002_CONTROL_CERTAINTY;REL_CTX002_CROSS_CONTEXT_REPLICATION;REL_CTX002_EV_PREPARATION_INDEPENDENCE;REL_CTX002_MODEL_DIAGNOSTICS;REL_CTX002_PAIRING_CERTAINTY;REL_CTX002_PATHWAY_EVIDENCE;REL_CTX002_PHENOTYPE_SUPPORT;REL_CTX002_RECIPIENT_DONOR_INDEPENDENCE;REL_CTX002_SAMPLE_QC;REL_CTX002_SENSITIVITY_STABILITY;REL_CTX002_STUDY_INDEPENDENCE,EXP002-C4,data/metadata/skinexo_response_components.csv;reports/EXP002_C4_cross_study_pathway_validation.md
CTX002,P,P064,INACTIVE,0.926944243199786,0.7262334744566596,GOBP_REGULATION_OF_ATTACHMENT_OF_SPINDLE_MICROTUBULES_TO_KINETOCHORE,OBSERVED_NULL,1,0,TRANSCRIPTOME,,INACTIVE,REL_CTX002_ANNOTATION_CERTAINTY;REL_CTX002_BATCH_ADJUSTMENT;REL_CTX002_CONTROL_CERTAINTY;REL_CTX002_CROSS_CONTEXT_REPLICATION;REL_CTX002_EV_PREPARATION_INDEPENDENCE;REL_CTX002_MODEL_DIAGNOSTICS;REL_CTX002_PAIRING_CERTAINTY;REL_CTX002_PATHWAY_EVIDENCE;REL_CTX002_PHENOTYPE_SUPPORT;REL_CTX002_RECIPIENT_DONOR_INDEPENDENCE;REL_CTX002_SAMPLE_QC;REL_CTX002_SENSITIVITY_STABILITY;REL_CTX002_STUDY_INDEPENDENCE,EXP002-C4,data/metadata/skinexo_response_components.csv;reports/EXP002_C4_cross_study_pathway_validation.md
CTX002,P,P065,INACTIVE,-0.9397105873813808,0.7999139612817807,GOBP_REGULATION_OF_CHROMOSOME_SEGREGATION,OBSERVED_NULL,1,0,TRANSCRIPTOME,,INACTIVE,REL_CTX002_ANNOTATION_CERTAINTY;REL_CTX002_BATCH_ADJUSTMENT;REL_CTX002_CONTROL_CERTAINTY;REL_CTX002_CROSS_CONTEXT_REPLICATION;REL_CTX002_EV_PREPARATION_INDEPENDENCE;REL_CTX002_MODEL_DIAGNOSTICS;REL_CTX002_PAIRING_CERTAINTY;REL_CTX002_PATHWAY_EVIDENCE;REL_CTX002_PHENOTYPE_SUPPORT;REL_CTX002_RECIPIENT_DONOR_INDEPENDENCE;REL_CTX002_SAMPLE_QC;REL_CTX002_SENSITIVITY_STABILITY;REL_CTX002_STUDY_INDEPENDENCE,EXP002-C4,data/metadata/skinexo_response_components.csv;reports/EXP002_C4_cross_study_pathway_validation.md
CTX002,P,P066,INACTIVE,1.1464104636332042,0.4053022898454403,GOBP_REGULATION_OF_DNA_REPLICATION,OBSERVED_NULL,1,0,TRANSCRIPTOME,,INACTIVE,REL_CTX002_ANNOTATION_CERTAINTY;REL_CTX002_BATCH_ADJUSTMENT;REL_CTX002_CONTROL_CERTAINTY;REL_CTX002_CROSS_CONTEXT_REPLICATION;REL_CTX002_EV_PREPARATION_INDEPENDENCE;REL_CTX002_MODEL_DIAGNOSTICS;REL_CTX002_PAIRING_CERTAINTY;REL_CTX002_PATHWAY_EVIDENCE;REL_CTX002_PHENOTYPE_SUPPORT;REL_CTX002_RECIPIENT_DONOR_INDEPENDENCE;REL_CTX002_SAMPLE_QC;REL_CTX002_SENSITIVITY_STABILITY;REL_CTX002_STUDY_INDEPENDENCE,EXP002-C4,data/metadata/skinexo_response_components.csv;reports/EXP002_C4_cross_study_pathway_validation.md
CTX002,P,P067,INACTIVE,0.9733162662696192,0.649927548398144,GOBP_REGULATION_OF_DNA_TEMPLATED_DNA_REPLICATION,OBSERVED_NULL,1,0,TRANSCRIPTOME,,INACTIVE,REL_CTX002_ANNOTATION_CERTAINTY;REL_CTX002_BATCH_ADJUSTMENT;REL_CTX002_CONTROL_CERTAINTY;REL_CTX002_CROSS_CONTEXT_REPLICATION;REL_CTX002_EV_PREPARATION_INDEPENDENCE;REL_CTX002_MODEL_DIAGNOSTICS;REL_CTX002_PAIRING_CERTAINTY;REL_CTX002_PATHWAY_EVIDENCE;REL_CTX002_PHENOTYPE_SUPPORT;REL_CTX002_RECIPIENT_DONOR_INDEPENDENCE;REL_CTX002_SAMPLE_QC;REL_CTX002_SENSITIVITY_STABILITY;REL_CTX002_STUDY_INDEPENDENCE,EXP002-C4,data/metadata/skinexo_response_components.csv;reports/EXP002_C4_cross_study_pathway_validation.md
CTX002,P,P068,INACTIVE,0.5729172546027981,0.9957445163137838,GOBP_REGULATION_OF_DNA_TEMPLATED_DNA_REPLICATION_INITIATION,OBSERVED_NULL,1,0,TRANSCRIPTOME,,INACTIVE,REL_CTX002_ANNOTATION_CERTAINTY;REL_CTX002_BATCH_ADJUSTMENT;REL_CTX002_CONTROL_CERTAINTY;REL_CTX002_CROSS_CONTEXT_REPLICATION;REL_CTX002_EV_PREPARATION_INDEPENDENCE;REL_CTX002_MODEL_DIAGNOSTICS;REL_CTX002_PAIRING_CERTAINTY;REL_CTX002_PATHWAY_EVIDENCE;REL_CTX002_PHENOTYPE_SUPPORT;REL_CTX002_RECIPIENT_DONOR_INDEPENDENCE;REL_CTX002_SAMPLE_QC;REL_CTX002_SENSITIVITY_STABILITY;REL_CTX002_STUDY_INDEPENDENCE,EXP002-C4,data/metadata/skinexo_response_components.csv;reports/EXP002_C4_cross_study_pathway_validation.md
CTX002,P,P069,INACTIVE,1.1825378372843347,0.3627036316628346,GOBP_REGULATION_OF_MEIOTIC_CELL_CYCLE,OBSERVED_NULL,1,0,TRANSCRIPTOME,,INACTIVE,REL_CTX002_ANNOTATION_CERTAINTY;REL_CTX002_BATCH_ADJUSTMENT;REL_CTX002_CONTROL_CERTAINTY;REL_CTX002_CROSS_CONTEXT_REPLICATION;REL_CTX002_EV_PREPARATION_INDEPENDENCE;REL_CTX002_MODEL_DIAGNOSTICS;REL_CTX002_PAIRING_CERTAINTY;REL_CTX002_PATHWAY_EVIDENCE;REL_CTX002_PHENOTYPE_SUPPORT;REL_CTX002_RECIPIENT_DONOR_INDEPENDENCE;REL_CTX002_SAMPLE_QC;REL_CTX002_SENSITIVITY_STABILITY;REL_CTX002_STUDY_INDEPENDENCE,EXP002-C4,data/metadata/skinexo_response_components.csv;reports/EXP002_C4_cross_study_pathway_validation.md
CTX002,P,P070,INACTIVE,-0.7080079991101135,0.9963647894377308,GOBP_REGULATION_OF_MITOTIC_CYTOKINESIS,OBSERVED_NULL,1,0,TRANSCRIPTOME,,INACTIVE,REL_CTX002_ANNOTATION_CERTAINTY;REL_CTX002_BATCH_ADJUSTMENT;REL_CTX002_CONTROL_CERTAINTY;REL_CTX002_CROSS_CONTEXT_REPLICATION;REL_CTX002_EV_PREPARATION_INDEPENDENCE;REL_CTX002_MODEL_DIAGNOSTICS;REL_CTX002_PAIRING_CERTAINTY;REL_CTX002_PATHWAY_EVIDENCE;REL_CTX002_PHENOTYPE_SUPPORT;REL_CTX002_RECIPIENT_DONOR_INDEPENDENCE;REL_CTX002_SAMPLE_QC;REL_CTX002_SENSITIVITY_STABILITY;REL_CTX002_STUDY_INDEPENDENCE,EXP002-C4,data/metadata/skinexo_response_components.csv;reports/EXP002_C4_cross_study_pathway_validation.md
CTX002,P,P071,INACTIVE,-1.7426507091549526,0.0815886032307821,GOBP_REGULATION_OF_MITOTIC_SPINDLE_ASSEMBLY,OBSERVED_NULL,1,0,TRANSCRIPTOME,,INACTIVE,REL_CTX002_ANNOTATION_CERTAINTY;REL_CTX002_BATCH_ADJUSTMENT;REL_CTX002_CONTROL_CERTAINTY;REL_CTX002_CROSS_CONTEXT_REPLICATION;REL_CTX002_EV_PREPARATION_INDEPENDENCE;REL_CTX002_MODEL_DIAGNOSTICS;REL_CTX002_PAIRING_CERTAINTY;REL_CTX002_PATHWAY_EVIDENCE;REL_CTX002_PHENOTYPE_SUPPORT;REL_CTX002_RECIPIENT_DONOR_INDEPENDENCE;REL_CTX002_SAMPLE_QC;REL_CTX002_SENSITIVITY_STABILITY;REL_CTX002_STUDY_INDEPENDENCE,EXP002-C4,data/metadata/skinexo_response_components.csv;reports/EXP002_C4_cross_study_pathway_validation.md
CTX002,P,P072,INACTIVE,1.5431685475036383,0.1036318013397951,GOBP_SKELETAL_MUSCLE_CELL_PROLIFERATION,OBSERVED_NULL,1,0,TRANSCRIPTOME,,INACTIVE,REL_CTX002_ANNOTATION_CERTAINTY;REL_CTX002_BATCH_ADJUSTMENT;REL_CTX002_CONTROL_CERTAINTY;REL_CTX002_CROSS_CONTEXT_REPLICATION;REL_CTX002_EV_PREPARATION_INDEPENDENCE;REL_CTX002_MODEL_DIAGNOSTICS;REL_CTX002_PAIRING_CERTAINTY;REL_CTX002_PATHWAY_EVIDENCE;REL_CTX002_PHENOTYPE_SUPPORT;REL_CTX002_RECIPIENT_DONOR_INDEPENDENCE;REL_CTX002_SAMPLE_QC;REL_CTX002_SENSITIVITY_STABILITY;REL_CTX002_STUDY_INDEPENDENCE,EXP002-C4,data/metadata/skinexo_response_components.csv;reports/EXP002_C4_cross_study_pathway_validation.md
CTX002,P,P073,INACTIVE,1.2171213082374392,0.3271258920984622,GOBP_TYPE_B_PANCREATIC_CELL_PROLIFERATION,OBSERVED_NULL,1,0,TRANSCRIPTOME,,INACTIVE,REL_CTX002_ANNOTATION_CERTAINTY;REL_CTX002_BATCH_ADJUSTMENT;REL_CTX002_CONTROL_CERTAINTY;REL_CTX002_CROSS_CONTEXT_REPLICATION;REL_CTX002_EV_PREPARATION_INDEPENDENCE;REL_CTX002_MODEL_DIAGNOSTICS;REL_CTX002_PAIRING_CERTAINTY;REL_CTX002_PATHWAY_EVIDENCE;REL_CTX002_PHENOTYPE_SUPPORT;REL_CTX002_RECIPIENT_DONOR_INDEPENDENCE;REL_CTX002_SAMPLE_QC;REL_CTX002_SENSITIVITY_STABILITY;REL_CTX002_STUDY_INDEPENDENCE,EXP002-C4,data/metadata/skinexo_response_components.csv;reports/EXP002_C4_cross_study_pathway_validation.md
CTX002,P,P074,INACTIVE,0.8287279092863115,0.8599387824922636,GOBP_T_CELL_PROLIFERATION,OBSERVED_NULL,1,0,TRANSCRIPTOME,,INACTIVE,REL_CTX002_ANNOTATION_CERTAINTY;REL_CTX002_BATCH_ADJUSTMENT;REL_CTX002_CONTROL_CERTAINTY;REL_CTX002_CROSS_CONTEXT_REPLICATION;REL_CTX002_EV_PREPARATION_INDEPENDENCE;REL_CTX002_MODEL_DIAGNOSTICS;REL_CTX002_PAIRING_CERTAINTY;REL_CTX002_PATHWAY_EVIDENCE;REL_CTX002_PHENOTYPE_SUPPORT;REL_CTX002_RECIPIENT_DONOR_INDEPENDENCE;REL_CTX002_SAMPLE_QC;REL_CTX002_SENSITIVITY_STABILITY;REL_CTX002_STUDY_INDEPENDENCE,EXP002-C4,data/metadata/skinexo_response_components.csv;reports/EXP002_C4_cross_study_pathway_validation.md
CTX002,P,P075,INACTIVE,1.2971447631295865,0.2508588820905453,GOBP_VASCULAR_ENDOTHELIAL_CELL_PROLIFERATION,OBSERVED_NULL,1,0,TRANSCRIPTOME,,INACTIVE,REL_CTX002_ANNOTATION_CERTAINTY;REL_CTX002_BATCH_ADJUSTMENT;REL_CTX002_CONTROL_CERTAINTY;REL_CTX002_CROSS_CONTEXT_REPLICATION;REL_CTX002_EV_PREPARATION_INDEPENDENCE;REL_CTX002_MODEL_DIAGNOSTICS;REL_CTX002_PAIRING_CERTAINTY;REL_CTX002_PATHWAY_EVIDENCE;REL_CTX002_PHENOTYPE_SUPPORT;REL_CTX002_RECIPIENT_DONOR_INDEPENDENCE;REL_CTX002_SAMPLE_QC;REL_CTX002_SENSITIVITY_STABILITY;REL_CTX002_STUDY_INDEPENDENCE,EXP002-C4,data/metadata/skinexo_response_components.csv;reports/EXP002_C4_cross_study_pathway_validation.md
CTX002,P,P076,INACTIVE,0.8599468691863386,0.8191543009892385,HALLMARK_E2F_TARGETS,OBSERVED_NULL,1,0,TRANSCRIPTOME,,INACTIVE,REL_CTX002_ANNOTATION_CERTAINTY;REL_CTX002_BATCH_ADJUSTMENT;REL_CTX002_CONTROL_CERTAINTY;REL_CTX002_CROSS_CONTEXT_REPLICATION;REL_CTX002_EV_PREPARATION_INDEPENDENCE;REL_CTX002_MODEL_DIAGNOSTICS;REL_CTX002_PAIRING_CERTAINTY;REL_CTX002_PATHWAY_EVIDENCE;REL_CTX002_PHENOTYPE_SUPPORT;REL_CTX002_RECIPIENT_DONOR_INDEPENDENCE;REL_CTX002_SAMPLE_QC;REL_CTX002_SENSITIVITY_STABILITY;REL_CTX002_STUDY_INDEPENDENCE,EXP002-C4,data/metadata/skinexo_response_components.csv;reports/EXP002_C4_cross_study_pathway_validation.md
CTX002,P,P077,INACTIVE,1.3583340608256615,0.2066637291029699,HALLMARK_G2M_CHECKPOINT,OBSERVED_NULL,1,0,TRANSCRIPTOME,,INACTIVE,REL_CTX002_ANNOTATION_CERTAINTY;REL_CTX002_BATCH_ADJUSTMENT;REL_CTX002_CONTROL_CERTAINTY;REL_CTX002_CROSS_CONTEXT_REPLICATION;REL_CTX002_EV_PREPARATION_INDEPENDENCE;REL_CTX002_MODEL_DIAGNOSTICS;REL_CTX002_PAIRING_CERTAINTY;REL_CTX002_PATHWAY_EVIDENCE;REL_CTX002_PHENOTYPE_SUPPORT;REL_CTX002_RECIPIENT_DONOR_INDEPENDENCE;REL_CTX002_SAMPLE_QC;REL_CTX002_SENSITIVITY_STABILITY;REL_CTX002_STUDY_INDEPENDENCE,EXP002-C4,data/metadata/skinexo_response_components.csv;reports/EXP002_C4_cross_study_pathway_validation.md
CTX002,P,P078,INACTIVE,-0.9782230586441684,0.7451244107104039,HALLMARK_MITOTIC_SPINDLE,OBSERVED_NULL,1,0,TRANSCRIPTOME,,INACTIVE,REL_CTX002_ANNOTATION_CERTAINTY;REL_CTX002_BATCH_ADJUSTMENT;REL_CTX002_CONTROL_CERTAINTY;REL_CTX002_CROSS_CONTEXT_REPLICATION;REL_CTX002_EV_PREPARATION_INDEPENDENCE;REL_CTX002_MODEL_DIAGNOSTICS;REL_CTX002_PAIRING_CERTAINTY;REL_CTX002_PATHWAY_EVIDENCE;REL_CTX002_PHENOTYPE_SUPPORT;REL_CTX002_RECIPIENT_DONOR_INDEPENDENCE;REL_CTX002_SAMPLE_QC;REL_CTX002_SENSITIVITY_STABILITY;REL_CTX002_STUDY_INDEPENDENCE,EXP002-C4,data/metadata/skinexo_response_components.csv;reports/EXP002_C4_cross_study_pathway_validation.md
CTX002,P,P079,INACTIVE,0.7828464802619677,0.9091346353859598,REACTOME_ABERRANT_REGULATION_OF_MITOTIC_EXIT_IN_CANCER_DUE_TO_RB1_DEFECTS,OBSERVED_NULL,1,0,TRANSCRIPTOME,,INACTIVE,REL_CTX002_ANNOTATION_CERTAINTY;REL_CTX002_BATCH_ADJUSTMENT;REL_CTX002_CONTROL_CERTAINTY;REL_CTX002_CROSS_CONTEXT_REPLICATION;REL_CTX002_EV_PREPARATION_INDEPENDENCE;REL_CTX002_MODEL_DIAGNOSTICS;REL_CTX002_PAIRING_CERTAINTY;REL_CTX002_PATHWAY_EVIDENCE;REL_CTX002_PHENOTYPE_SUPPORT;REL_CTX002_RECIPIENT_DONOR_INDEPENDENCE;REL_CTX002_SAMPLE_QC;REL_CTX002_SENSITIVITY_STABILITY;REL_CTX002_STUDY_INDEPENDENCE,EXP002-C4,data/metadata/skinexo_response_components.csv;reports/EXP002_C4_cross_study_pathway_validation.md
CTX002,P,P080,INACTIVE,0.4214297245283638,0.9996652031740906,REACTOME_ABERRANT_REGULATION_OF_MITOTIC_G1_S_TRANSITION_IN_CANCER_DUE_TO_RB1_DEFECTS,OBSERVED_NULL,1,0,TRANSCRIPTOME,,INACTIVE,REL_CTX002_ANNOTATION_CERTAINTY;REL_CTX002_BATCH_ADJUSTMENT;REL_CTX002_CONTROL_CERTAINTY;REL_CTX002_CROSS_CONTEXT_REPLICATION;REL_CTX002_EV_PREPARATION_INDEPENDENCE;REL_CTX002_MODEL_DIAGNOSTICS;REL_CTX002_PAIRING_CERTAINTY;REL_CTX002_PATHWAY_EVIDENCE;REL_CTX002_PHENOTYPE_SUPPORT;REL_CTX002_RECIPIENT_DONOR_INDEPENDENCE;REL_CTX002_SAMPLE_QC;REL_CTX002_SENSITIVITY_STABILITY;REL_CTX002_STUDY_INDEPENDENCE,EXP002-C4,data/metadata/skinexo_response_components.csv;reports/EXP002_C4_cross_study_pathway_validation.md
CTX002,P,P081,POSITIVE,1.9257618928580629,0.016904712921542,REACTOME_FBXL7_DOWN_REGULATES_AURKA_DURING_MITOTIC_ENTRY_AND_IN_EARLY_MITOSIS,ACTIVE_POSITIVE,1,1,TRANSCRIPTOME,,POSITIVE,REL_CTX002_ANNOTATION_CERTAINTY;REL_CTX002_BATCH_ADJUSTMENT;REL_CTX002_CONTROL_CERTAINTY;REL_CTX002_CROSS_CONTEXT_REPLICATION;REL_CTX002_EV_PREPARATION_INDEPENDENCE;REL_CTX002_MODEL_DIAGNOSTICS;REL_CTX002_PAIRING_CERTAINTY;REL_CTX002_PATHWAY_EVIDENCE;REL_CTX002_PHENOTYPE_SUPPORT;REL_CTX002_RECIPIENT_DONOR_INDEPENDENCE;REL_CTX002_SAMPLE_QC;REL_CTX002_SENSITIVITY_STABILITY;REL_CTX002_STUDY_INDEPENDENCE,EXP002-C4,data/metadata/skinexo_response_components.csv;reports/EXP002_C4_cross_study_pathway_validation.md
CTX002,P,P082,INACTIVE,1.145436366660765,0.4062785761915158,REACTOME_CELL_CYCLE_CHECKPOINTS,OBSERVED_NULL,1,0,TRANSCRIPTOME,,INACTIVE,REL_CTX002_ANNOTATION_CERTAINTY;REL_CTX002_BATCH_ADJUSTMENT;REL_CTX002_CONTROL_CERTAINTY;REL_CTX002_CROSS_CONTEXT_REPLICATION;REL_CTX002_EV_PREPARATION_INDEPENDENCE;REL_CTX002_MODEL_DIAGNOSTICS;REL_CTX002_PAIRING_CERTAINTY;REL_CTX002_PATHWAY_EVIDENCE;REL_CTX002_PHENOTYPE_SUPPORT;REL_CTX002_RECIPIENT_DONOR_INDEPENDENCE;REL_CTX002_SAMPLE_QC;REL_CTX002_SENSITIVITY_STABILITY;REL_CTX002_STUDY_INDEPENDENCE,EXP002-C4,data/metadata/skinexo_response_components.csv;reports/EXP002_C4_cross_study_pathway_validation.md
CTX002,P,P083,INACTIVE,1.5723121415678465,0.0926433601962008,REACTOME_DNA_REPLICATION_PRE_INITIATION,OBSERVED_NULL,1,0,TRANSCRIPTOME,,INACTIVE,REL_CTX002_ANNOTATION_CERTAINTY;REL_CTX002_BATCH_ADJUSTMENT;REL_CTX002_CONTROL_CERTAINTY;REL_CTX002_CROSS_CONTEXT_REPLICATION;REL_CTX002_EV_PREPARATION_INDEPENDENCE;REL_CTX002_MODEL_DIAGNOSTICS;REL_CTX002_PAIRING_CERTAINTY;REL_CTX002_PATHWAY_EVIDENCE;REL_CTX002_PHENOTYPE_SUPPORT;REL_CTX002_RECIPIENT_DONOR_INDEPENDENCE;REL_CTX002_SAMPLE_QC;REL_CTX002_SENSITIVITY_STABILITY;REL_CTX002_STUDY_INDEPENDENCE,EXP002-C4,data/metadata/skinexo_response_components.csv;reports/EXP002_C4_cross_study_pathway_validation.md
CTX002,P,P084,INACTIVE,-0.5051754136128108,0.9987775721960328,REACTOME_E2F_MEDIATED_REGULATION_OF_DNA_REPLICATION,OBSERVED_NULL,1,0,TRANSCRIPTOME,,INACTIVE,REL_CTX002_ANNOTATION_CERTAINTY;REL_CTX002_BATCH_ADJUSTMENT;REL_CTX002_CONTROL_CERTAINTY;REL_CTX002_CROSS_CONTEXT_REPLICATION;REL_CTX002_EV_PREPARATION_INDEPENDENCE;REL_CTX002_MODEL_DIAGNOSTICS;REL_CTX002_PAIRING_CERTAINTY;REL_CTX002_PATHWAY_EVIDENCE;REL_CTX002_PHENOTYPE_SUPPORT;REL_CTX002_RECIPIENT_DONOR_INDEPENDENCE;REL_CTX002_SAMPLE_QC;REL_CTX002_SENSITIVITY_STABILITY;REL_CTX002_STUDY_INDEPENDENCE,EXP002-C4,data/metadata/skinexo_response_components.csv;reports/EXP002_C4_cross_study_pathway_validation.md
CTX002,P,P085,INACTIVE,-1.0126847634601803,0.6998574542632409,REACTOME_FOXO_MEDIATED_TRANSCRIPTION_OF_CELL_CYCLE_GENES,OBSERVED_NULL,1,0,TRANSCRIPTOME,,INACTIVE,REL_CTX002_ANNOTATION_CERTAINTY;REL_CTX002_BATCH_ADJUSTMENT;REL_CTX002_CONTROL_CERTAINTY;REL_CTX002_CROSS_CONTEXT_REPLICATION;REL_CTX002_EV_PREPARATION_INDEPENDENCE;REL_CTX002_MODEL_DIAGNOSTICS;REL_CTX002_PAIRING_CERTAINTY;REL_CTX002_PATHWAY_EVIDENCE;REL_CTX002_PHENOTYPE_SUPPORT;REL_CTX002_RECIPIENT_DONOR_INDEPENDENCE;REL_CTX002_SAMPLE_QC;REL_CTX002_SENSITIVITY_STABILITY;REL_CTX002_STUDY_INDEPENDENCE,EXP002-C4,data/metadata/skinexo_response_components.csv;reports/EXP002_C4_cross_study_pathway_validation.md
CTX002,P,P086,INACTIVE,0.7752170740009768,0.9157848920081566,REACTOME_MEIOSIS,OBSERVED_NULL,1,0,TRANSCRIPTOME,,INACTIVE,REL_CTX002_ANNOTATION_CERTAINTY;REL_CTX002_BATCH_ADJUSTMENT;REL_CTX002_CONTROL_CERTAINTY;REL_CTX002_CROSS_CONTEXT_REPLICATION;REL_CTX002_EV_PREPARATION_INDEPENDENCE;REL_CTX002_MODEL_DIAGNOSTICS;REL_CTX002_PAIRING_CERTAINTY;REL_CTX002_PATHWAY_EVIDENCE;REL_CTX002_PHENOTYPE_SUPPORT;REL_CTX002_RECIPIENT_DONOR_INDEPENDENCE;REL_CTX002_SAMPLE_QC;REL_CTX002_SENSITIVITY_STABILITY;REL_CTX002_STUDY_INDEPENDENCE,EXP002-C4,data/metadata/skinexo_response_components.csv;reports/EXP002_C4_cross_study_pathway_validation.md
CTX002,P,P087,INACTIVE,1.383656894438256,0.1901122499892614,REACTOME_MITOTIC_G1_PHASE_AND_G1_S_TRANSITION,OBSERVED_NULL,1,0,TRANSCRIPTOME,,INACTIVE,REL_CTX002_ANNOTATION_CERTAINTY;REL_CTX002_BATCH_ADJUSTMENT;REL_CTX002_CONTROL_CERTAINTY;REL_CTX002_CROSS_CONTEXT_REPLICATION;REL_CTX002_EV_PREPARATION_INDEPENDENCE;REL_CTX002_MODEL_DIAGNOSTICS;REL_CTX002_PAIRING_CERTAINTY;REL_CTX002_PATHWAY_EVIDENCE;REL_CTX002_PHENOTYPE_SUPPORT;REL_CTX002_RECIPIENT_DONOR_INDEPENDENCE;REL_CTX002_SAMPLE_QC;REL_CTX002_SENSITIVITY_STABILITY;REL_CTX002_STUDY_INDEPENDENCE,EXP002-C4,data/metadata/skinexo_response_components.csv;reports/EXP002_C4_cross_study_pathway_validation.md
CTX002,P,P088,INACTIVE,0.980229481426227,0.6400715498530714,REACTOME_MITOTIC_G2_G2_M_PHASES,OBSERVED_NULL,1,0,TRANSCRIPTOME,,INACTIVE,REL_CTX002_ANNOTATION_CERTAINTY;REL_CTX002_BATCH_ADJUSTMENT;REL_CTX002_CONTROL_CERTAINTY;REL_CTX002_CROSS_CONTEXT_REPLICATION;REL_CTX002_EV_PREPARATION_INDEPENDENCE;REL_CTX002_MODEL_DIAGNOSTICS;REL_CTX002_PAIRING_CERTAINTY;REL_CTX002_PATHWAY_EVIDENCE;REL_CTX002_PHENOTYPE_SUPPORT;REL_CTX002_RECIPIENT_DONOR_INDEPENDENCE;REL_CTX002_SAMPLE_QC;REL_CTX002_SENSITIVITY_STABILITY;REL_CTX002_STUDY_INDEPENDENCE,EXP002-C4,data/metadata/skinexo_response_components.csv;reports/EXP002_C4_cross_study_pathway_validation.md
CTX002,P,P089,INACTIVE,1.0379149210872702,0.5547607999981127,REACTOME_MITOTIC_METAPHASE_AND_ANAPHASE,OBSERVED_NULL,1,0,TRANSCRIPTOME,,INACTIVE,REL_CTX002_ANNOTATION_CERTAINTY;REL_CTX002_BATCH_ADJUSTMENT;REL_CTX002_CONTROL_CERTAINTY;REL_CTX002_CROSS_CONTEXT_REPLICATION;REL_CTX002_EV_PREPARATION_INDEPENDENCE;REL_CTX002_MODEL_DIAGNOSTICS;REL_CTX002_PAIRING_CERTAINTY;REL_CTX002_PATHWAY_EVIDENCE;REL_CTX002_PHENOTYPE_SUPPORT;REL_CTX002_RECIPIENT_DONOR_INDEPENDENCE;REL_CTX002_SAMPLE_QC;REL_CTX002_SENSITIVITY_STABILITY;REL_CTX002_STUDY_INDEPENDENCE,EXP002-C4,data/metadata/skinexo_response_components.csv;reports/EXP002_C4_cross_study_pathway_validation.md
CTX002,P,P090,INACTIVE,-0.9478589517600008,0.7892707776548877,REACTOME_MITOTIC_PROMETAPHASE,OBSERVED_NULL,1,0,TRANSCRIPTOME,,INACTIVE,REL_CTX002_ANNOTATION_CERTAINTY;REL_CTX002_BATCH_ADJUSTMENT;REL_CTX002_CONTROL_CERTAINTY;REL_CTX002_CROSS_CONTEXT_REPLICATION;REL_CTX002_EV_PREPARATION_INDEPENDENCE;REL_CTX002_MODEL_DIAGNOSTICS;REL_CTX002_PAIRING_CERTAINTY;REL_CTX002_PATHWAY_EVIDENCE;REL_CTX002_PHENOTYPE_SUPPORT;REL_CTX002_RECIPIENT_DONOR_INDEPENDENCE;REL_CTX002_SAMPLE_QC;REL_CTX002_SENSITIVITY_STABILITY;REL_CTX002_STUDY_INDEPENDENCE,EXP002-C4,data/metadata/skinexo_response_components.csv;reports/EXP002_C4_cross_study_pathway_validation.md
CTX002,P,P091,INACTIVE,1.061994600526698,0.5198078140008884,REACTOME_MITOTIC_PROPHASE,OBSERVED_NULL,1,0,TRANSCRIPTOME,,INACTIVE,REL_CTX002_ANNOTATION_CERTAINTY;REL_CTX002_BATCH_ADJUSTMENT;REL_CTX002_CONTROL_CERTAINTY;REL_CTX002_CROSS_CONTEXT_REPLICATION;REL_CTX002_EV_PREPARATION_INDEPENDENCE;REL_CTX002_MODEL_DIAGNOSTICS;REL_CTX002_PAIRING_CERTAINTY;REL_CTX002_PATHWAY_EVIDENCE;REL_CTX002_PHENOTYPE_SUPPORT;REL_CTX002_RECIPIENT_DONOR_INDEPENDENCE;REL_CTX002_SAMPLE_QC;REL_CTX002_SENSITIVITY_STABILITY;REL_CTX002_STUDY_INDEPENDENCE,EXP002-C4,data/metadata/skinexo_response_components.csv;reports/EXP002_C4_cross_study_pathway_validation.md
CTX002,P,P092,INACTIVE,0.6972508987565894,0.9625998966220656,REACTOME_MITOTIC_SPINDLE_CHECKPOINT,OBSERVED_NULL,1,0,TRANSCRIPTOME,,INACTIVE,REL_CTX002_ANNOTATION_CERTAINTY;REL_CTX002_BATCH_ADJUSTMENT;REL_CTX002_CONTROL_CERTAINTY;REL_CTX002_CROSS_CONTEXT_REPLICATION;REL_CTX002_EV_PREPARATION_INDEPENDENCE;REL_CTX002_MODEL_DIAGNOSTICS;REL_CTX002_PAIRING_CERTAINTY;REL_CTX002_PATHWAY_EVIDENCE;REL_CTX002_PHENOTYPE_SUPPORT;REL_CTX002_RECIPIENT_DONOR_INDEPENDENCE;REL_CTX002_SAMPLE_QC;REL_CTX002_SENSITIVITY_STABILITY;REL_CTX002_STUDY_INDEPENDENCE,EXP002-C4,data/metadata/skinexo_response_components.csv;reports/EXP002_C4_cross_study_pathway_validation.md
CTX002,P,P093,INACTIVE,1.4586496767707586,0.1459978076069032,REACTOME_POSTMITOTIC_NUCLEAR_PORE_COMPLEX_NPC_REFORMATION,OBSERVED_NULL,1,0,TRANSCRIPTOME,,INACTIVE,REL_CTX002_ANNOTATION_CERTAINTY;REL_CTX002_BATCH_ADJUSTMENT;REL_CTX002_CONTROL_CERTAINTY;REL_CTX002_CROSS_CONTEXT_REPLICATION;REL_CTX002_EV_PREPARATION_INDEPENDENCE;REL_CTX002_MODEL_DIAGNOSTICS;REL_CTX002_PAIRING_CERTAINTY;REL_CTX002_PATHWAY_EVIDENCE;REL_CTX002_PHENOTYPE_SUPPORT;REL_CTX002_RECIPIENT_DONOR_INDEPENDENCE;REL_CTX002_SAMPLE_QC;REL_CTX002_SENSITIVITY_STABILITY;REL_CTX002_STUDY_INDEPENDENCE,EXP002-C4,data/metadata/skinexo_response_components.csv;reports/EXP002_C4_cross_study_pathway_validation.md
CTX002,P,P094,INACTIVE,-1.1731143067733312,0.548686808361512,REACTOME_RECRUITMENT_OF_NUMA_TO_MITOTIC_CENTROSOMES,OBSERVED_NULL,1,0,TRANSCRIPTOME,,INACTIVE,REL_CTX002_ANNOTATION_CERTAINTY;REL_CTX002_BATCH_ADJUSTMENT;REL_CTX002_CONTROL_CERTAINTY;REL_CTX002_CROSS_CONTEXT_REPLICATION;REL_CTX002_EV_PREPARATION_INDEPENDENCE;REL_CTX002_MODEL_DIAGNOSTICS;REL_CTX002_PAIRING_CERTAINTY;REL_CTX002_PATHWAY_EVIDENCE;REL_CTX002_PHENOTYPE_SUPPORT;REL_CTX002_RECIPIENT_DONOR_INDEPENDENCE;REL_CTX002_SAMPLE_QC;REL_CTX002_SENSITIVITY_STABILITY;REL_CTX002_STUDY_INDEPENDENCE,EXP002-C4,data/metadata/skinexo_response_components.csv;reports/EXP002_C4_cross_study_pathway_validation.md
CTX002,P,P095,INACTIVE,0.8599314172880236,0.8189153304241082,REACTOME_REGULATION_OF_MITF_M_DEPENDENT_GENES_INVOLVED_IN_CELL_CYCLE_AND_PROLIFERATION,OBSERVED_NULL,1,0,TRANSCRIPTOME,,INACTIVE,REL_CTX002_ANNOTATION_CERTAINTY;REL_CTX002_BATCH_ADJUSTMENT;REL_CTX002_CONTROL_CERTAINTY;REL_CTX002_CROSS_CONTEXT_REPLICATION;REL_CTX002_EV_PREPARATION_INDEPENDENCE;REL_CTX002_MODEL_DIAGNOSTICS;REL_CTX002_PAIRING_CERTAINTY;REL_CTX002_PATHWAY_EVIDENCE;REL_CTX002_PHENOTYPE_SUPPORT;REL_CTX002_RECIPIENT_DONOR_INDEPENDENCE;REL_CTX002_SAMPLE_QC;REL_CTX002_SENSITIVITY_STABILITY;REL_CTX002_STUDY_INDEPENDENCE,EXP002-C4,data/metadata/skinexo_response_components.csv;reports/EXP002_C4_cross_study_pathway_validation.md
CTX002,P,P096,INACTIVE,1.6378257559635143,0.0707817147041786,REACTOME_SUMOYLATION_OF_DNA_REPLICATION_PROTEINS,OBSERVED_NULL,1,0,TRANSCRIPTOME,,INACTIVE,REL_CTX002_ANNOTATION_CERTAINTY;REL_CTX002_BATCH_ADJUSTMENT;REL_CTX002_CONTROL_CERTAINTY;REL_CTX002_CROSS_CONTEXT_REPLICATION;REL_CTX002_EV_PREPARATION_INDEPENDENCE;REL_CTX002_MODEL_DIAGNOSTICS;REL_CTX002_PAIRING_CERTAINTY;REL_CTX002_PATHWAY_EVIDENCE;REL_CTX002_PHENOTYPE_SUPPORT;REL_CTX002_RECIPIENT_DONOR_INDEPENDENCE;REL_CTX002_SAMPLE_QC;REL_CTX002_SENSITIVITY_STABILITY;REL_CTX002_STUDY_INDEPENDENCE,EXP002-C4,data/metadata/skinexo_response_components.csv;reports/EXP002_C4_cross_study_pathway_validation.md
CTX002,P,P097,INACTIVE,1.7097610551498608,0.0517326417418281,REACTOME_TP53_REGULATES_TRANSCRIPTION_OF_ADDITIONAL_CELL_CYCLE_GENES_WHOSE_EXACT_ROLE_IN_THE_P53_PATHWAY_REMAIN_UNCERTAIN,OBSERVED_NULL,1,0,TRANSCRIPTOME,,INACTIVE,REL_CTX002_ANNOTATION_CERTAINTY;REL_CTX002_BATCH_ADJUSTMENT;REL_CTX002_CONTROL_CERTAINTY;REL_CTX002_CROSS_CONTEXT_REPLICATION;REL_CTX002_EV_PREPARATION_INDEPENDENCE;REL_CTX002_MODEL_DIAGNOSTICS;REL_CTX002_PAIRING_CERTAINTY;REL_CTX002_PATHWAY_EVIDENCE;REL_CTX002_PHENOTYPE_SUPPORT;REL_CTX002_RECIPIENT_DONOR_INDEPENDENCE;REL_CTX002_SAMPLE_QC;REL_CTX002_SENSITIVITY_STABILITY;REL_CTX002_STUDY_INDEPENDENCE,EXP002-C4,data/metadata/skinexo_response_components.csv;reports/EXP002_C4_cross_study_pathway_validation.md
CTX002,P,P098,INACTIVE,1.5053408034178173,0.1213019857606583,REACTOME_TP53_REGULATES_TRANSCRIPTION_OF_CELL_CYCLE_GENES,OBSERVED_NULL,1,0,TRANSCRIPTOME,,INACTIVE,REL_CTX002_ANNOTATION_CERTAINTY;REL_CTX002_BATCH_ADJUSTMENT;REL_CTX002_CONTROL_CERTAINTY;REL_CTX002_CROSS_CONTEXT_REPLICATION;REL_CTX002_EV_PREPARATION_INDEPENDENCE;REL_CTX002_MODEL_DIAGNOSTICS;REL_CTX002_PAIRING_CERTAINTY;REL_CTX002_PATHWAY_EVIDENCE;REL_CTX002_PHENOTYPE_SUPPORT;REL_CTX002_RECIPIENT_DONOR_INDEPENDENCE;REL_CTX002_SAMPLE_QC;REL_CTX002_SENSITIVITY_STABILITY;REL_CTX002_STUDY_INDEPENDENCE,EXP002-C4,data/metadata/skinexo_response_components.csv;reports/EXP002_C4_cross_study_pathway_validation.md
CTX002,P,P099,INACTIVE,1.0150968490042085,0.5894143817389607,REACTOME_TP53_REGULATES_TRANSCRIPTION_OF_GENES_INVOLVED_IN_G2_CELL_CYCLE_ARREST,OBSERVED_NULL,1,0,TRANSCRIPTOME,,INACTIVE,REL_CTX002_ANNOTATION_CERTAINTY;REL_CTX002_BATCH_ADJUSTMENT;REL_CTX002_CONTROL_CERTAINTY;REL_CTX002_CROSS_CONTEXT_REPLICATION;REL_CTX002_EV_PREPARATION_INDEPENDENCE;REL_CTX002_MODEL_DIAGNOSTICS;REL_CTX002_PAIRING_CERTAINTY;REL_CTX002_PATHWAY_EVIDENCE;REL_CTX002_PHENOTYPE_SUPPORT;REL_CTX002_RECIPIENT_DONOR_INDEPENDENCE;REL_CTX002_SAMPLE_QC;REL_CTX002_SENSITIVITY_STABILITY;REL_CTX002_STUDY_INDEPENDENCE,EXP002-C4,data/metadata/skinexo_response_components.csv;reports/EXP002_C4_cross_study_pathway_validation.md
CTX002,P,P100,INACTIVE,-0.7743553831971012,0.9631216670865288,REACTOME_VEGFR2_MEDIATED_CELL_PROLIFERATION,OBSERVED_NULL,1,0,TRANSCRIPTOME,,INACTIVE,REL_CTX002_ANNOTATION_CERTAINTY;REL_CTX002_BATCH_ADJUSTMENT;REL_CTX002_CONTROL_CERTAINTY;REL_CTX002_CROSS_CONTEXT_REPLICATION;REL_CTX002_EV_PREPARATION_INDEPENDENCE;REL_CTX002_MODEL_DIAGNOSTICS;REL_CTX002_PAIRING_CERTAINTY;REL_CTX002_PATHWAY_EVIDENCE;REL_CTX002_PHENOTYPE_SUPPORT;REL_CTX002_RECIPIENT_DONOR_INDEPENDENCE;REL_CTX002_SAMPLE_QC;REL_CTX002_SENSITIVITY_STABILITY;REL_CTX002_STUDY_INDEPENDENCE,EXP002-C4,data/metadata/skinexo_response_components.csv;reports/EXP002_C4_cross_study_pathway_validation.md
CTX003,A,A001,INACTIVE,1.882320935126799,0.0845522281499548,GOBP_ANGIOGENESIS_INVOLVED_IN_WOUND_HEALING,OBSERVED_NULL,1,0,TRANSCRIPTOME,,NOT_APPLICABLE,REL_CTX003_ANNOTATION_CERTAINTY;REL_CTX003_BATCH_ADJUSTMENT;REL_CTX003_CONTROL_CERTAINTY;REL_CTX003_CROSS_CONTEXT_REPLICATION;REL_CTX003_EV_PREPARATION_INDEPENDENCE;REL_CTX003_MODEL_DIAGNOSTICS;REL_CTX003_PAIRING_CERTAINTY;REL_CTX003_PATHWAY_EVIDENCE;REL_CTX003_PHENOTYPE_SUPPORT;REL_CTX003_RECIPIENT_DONOR_INDEPENDENCE;REL_CTX003_SAMPLE_QC;REL_CTX003_SENSITIVITY_STABILITY;REL_CTX003_STUDY_INDEPENDENCE,EXP003-C4,data/metadata/skinexo_response_components.csv;reports/EXP003_C4_third_context_pathway_test.md
CTX003,A,A002,INACTIVE,1.4677140954951793,0.2721070138733186,GOBP_BLOOD_VESSEL_ENDOTHELIAL_CELL_MIGRATION,OBSERVED_NULL,1,0,TRANSCRIPTOME,,NOT_APPLICABLE,REL_CTX003_ANNOTATION_CERTAINTY;REL_CTX003_BATCH_ADJUSTMENT;REL_CTX003_CONTROL_CERTAINTY;REL_CTX003_CROSS_CONTEXT_REPLICATION;REL_CTX003_EV_PREPARATION_INDEPENDENCE;REL_CTX003_MODEL_DIAGNOSTICS;REL_CTX003_PAIRING_CERTAINTY;REL_CTX003_PATHWAY_EVIDENCE;REL_CTX003_PHENOTYPE_SUPPORT;REL_CTX003_RECIPIENT_DONOR_INDEPENDENCE;REL_CTX003_SAMPLE_QC;REL_CTX003_SENSITIVITY_STABILITY;REL_CTX003_STUDY_INDEPENDENCE,EXP003-C4,data/metadata/skinexo_response_components.csv;reports/EXP003_C4_third_context_pathway_test.md
CTX003,A,A003,INACTIVE,0.8027530283455643,0.9660210840654228,GOBP_BLOOD_VESSEL_ENDOTHELIAL_CELL_PROLIFERATION_INVOLVED_IN_SPROUTING_ANGIOGENESIS,OBSERVED_NULL,1,0,TRANSCRIPTOME,,NOT_APPLICABLE,REL_CTX003_ANNOTATION_CERTAINTY;REL_CTX003_BATCH_ADJUSTMENT;REL_CTX003_CONTROL_CERTAINTY;REL_CTX003_CROSS_CONTEXT_REPLICATION;REL_CTX003_EV_PREPARATION_INDEPENDENCE;REL_CTX003_MODEL_DIAGNOSTICS;REL_CTX003_PAIRING_CERTAINTY;REL_CTX003_PATHWAY_EVIDENCE;REL_CTX003_PHENOTYPE_SUPPORT;REL_CTX003_RECIPIENT_DONOR_INDEPENDENCE;REL_CTX003_SAMPLE_QC;REL_CTX003_SENSITIVITY_STABILITY;REL_CTX003_STUDY_INDEPENDENCE,EXP003-C4,data/metadata/skinexo_response_components.csv;reports/EXP003_C4_third_context_pathway_test.md
CTX003,A,A004,INACTIVE,-0.9052624465977688,1.0,GOBP_BLOOD_VESSEL_REMODELING,OBSERVED_NULL,1,0,TRANSCRIPTOME,,NOT_APPLICABLE,REL_CTX003_ANNOTATION_CERTAINTY;REL_CTX003_BATCH_ADJUSTMENT;REL_CTX003_CONTROL_CERTAINTY;REL_CTX003_CROSS_CONTEXT_REPLICATION;REL_CTX003_EV_PREPARATION_INDEPENDENCE;REL_CTX003_MODEL_DIAGNOSTICS;REL_CTX003_PAIRING_CERTAINTY;REL_CTX003_PATHWAY_EVIDENCE;REL_CTX003_PHENOTYPE_SUPPORT;REL_CTX003_RECIPIENT_DONOR_INDEPENDENCE;REL_CTX003_SAMPLE_QC;REL_CTX003_SENSITIVITY_STABILITY;REL_CTX003_STUDY_INDEPENDENCE,EXP003-C4,data/metadata/skinexo_response_components.csv;reports/EXP003_C4_third_context_pathway_test.md
CTX003,A,A005,INACTIVE,-1.08448109442126,1.0,GOBP_BRANCHING_INVOLVED_IN_BLOOD_VESSEL_MORPHOGENESIS,OBSERVED_NULL,1,0,TRANSCRIPTOME,,NOT_APPLICABLE,REL_CTX003_ANNOTATION_CERTAINTY;REL_CTX003_BATCH_ADJUSTMENT;REL_CTX003_CONTROL_CERTAINTY;REL_CTX003_CROSS_CONTEXT_REPLICATION;REL_CTX003_EV_PREPARATION_INDEPENDENCE;REL_CTX003_MODEL_DIAGNOSTICS;REL_CTX003_PAIRING_CERTAINTY;REL_CTX003_PATHWAY_EVIDENCE;REL_CTX003_PHENOTYPE_SUPPORT;REL_CTX003_RECIPIENT_DONOR_INDEPENDENCE;REL_CTX003_SAMPLE_QC;REL_CTX003_SENSITIVITY_STABILITY;REL_CTX003_STUDY_INDEPENDENCE,EXP003-C4,data/metadata/skinexo_response_components.csv;reports/EXP003_C4_third_context_pathway_test.md
CTX003,A,A006,INACTIVE,1.5114422839103774,0.2448678735899707,GOBP_CELLULAR_RESPONSE_TO_VASCULAR_ENDOTHELIAL_GROWTH_FACTOR_STIMULUS,OBSERVED_NULL,1,0,TRANSCRIPTOME,,NOT_APPLICABLE,REL_CTX003_ANNOTATION_CERTAINTY;REL_CTX003_BATCH_ADJUSTMENT;REL_CTX003_CONTROL_CERTAINTY;REL_CTX003_CROSS_CONTEXT_REPLICATION;REL_CTX003_EV_PREPARATION_INDEPENDENCE;REL_CTX003_MODEL_DIAGNOSTICS;REL_CTX003_PAIRING_CERTAINTY;REL_CTX003_PATHWAY_EVIDENCE;REL_CTX003_PHENOTYPE_SUPPORT;REL_CTX003_RECIPIENT_DONOR_INDEPENDENCE;REL_CTX003_SAMPLE_QC;REL_CTX003_SENSITIVITY_STABILITY;REL_CTX003_STUDY_INDEPENDENCE,EXP003-C4,data/metadata/skinexo_response_components.csv;reports/EXP003_C4_third_context_pathway_test.md
CTX003,A,A007,INACTIVE,-1.2781877573032407,0.8608542773607826,GOBP_REGULATION_OF_COLLATERAL_SPROUTING,OBSERVED_NULL,1,0,TRANSCRIPTOME,,NOT_APPLICABLE,REL_CTX003_ANNOTATION_CERTAINTY;REL_CTX003_BATCH_ADJUSTMENT;REL_CTX003_CONTROL_CERTAINTY;REL_CTX003_CROSS_CONTEXT_REPLICATION;REL_CTX003_EV_PREPARATION_INDEPENDENCE;REL_CTX003_MODEL_DIAGNOSTICS;REL_CTX003_PAIRING_CERTAINTY;REL_CTX003_PATHWAY_EVIDENCE;REL_CTX003_PHENOTYPE_SUPPORT;REL_CTX003_RECIPIENT_DONOR_INDEPENDENCE;REL_CTX003_SAMPLE_QC;REL_CTX003_SENSITIVITY_STABILITY;REL_CTX003_STUDY_INDEPENDENCE,EXP003-C4,data/metadata/skinexo_response_components.csv;reports/EXP003_C4_third_context_pathway_test.md
CTX003,A,A008,POSITIVE,2.3221797914747464,0.0023715854763146,GOBP_ENDOTHELIAL_CELL_APOPTOTIC_PROCESS,ACTIVE_POSITIVE,1,1,TRANSCRIPTOME,,NOT_APPLICABLE,REL_CTX003_ANNOTATION_CERTAINTY;REL_CTX003_BATCH_ADJUSTMENT;REL_CTX003_CONTROL_CERTAINTY;REL_CTX003_CROSS_CONTEXT_REPLICATION;REL_CTX003_EV_PREPARATION_INDEPENDENCE;REL_CTX003_MODEL_DIAGNOSTICS;REL_CTX003_PAIRING_CERTAINTY;REL_CTX003_PATHWAY_EVIDENCE;REL_CTX003_PHENOTYPE_SUPPORT;REL_CTX003_RECIPIENT_DONOR_INDEPENDENCE;REL_CTX003_SAMPLE_QC;REL_CTX003_SENSITIVITY_STABILITY;REL_CTX003_STUDY_INDEPENDENCE,EXP003-C4,data/metadata/skinexo_response_components.csv;reports/EXP003_C4_third_context_pathway_test.md
CTX003,A,A009,INACTIVE,0.8463226563954265,0.9341840702459994,GOBP_ENDOTHELIAL_CELL_CHEMOTAXIS,OBSERVED_NULL,1,0,TRANSCRIPTOME,,NOT_APPLICABLE,REL_CTX003_ANNOTATION_CERTAINTY;REL_CTX003_BATCH_ADJUSTMENT;REL_CTX003_CONTROL_CERTAINTY;REL_CTX003_CROSS_CONTEXT_REPLICATION;REL_CTX003_EV_PREPARATION_INDEPENDENCE;REL_CTX003_MODEL_DIAGNOSTICS;REL_CTX003_PAIRING_CERTAINTY;REL_CTX003_PATHWAY_EVIDENCE;REL_CTX003_PHENOTYPE_SUPPORT;REL_CTX003_RECIPIENT_DONOR_INDEPENDENCE;REL_CTX003_SAMPLE_QC;REL_CTX003_SENSITIVITY_STABILITY;REL_CTX003_STUDY_INDEPENDENCE,EXP003-C4,data/metadata/skinexo_response_components.csv;reports/EXP003_C4_third_context_pathway_test.md
CTX003,A,A010,INACTIVE,1.5376418393252136,0.2244744469397038,GOBP_ESTABLISHMENT_OF_ENDOTHELIAL_BARRIER,OBSERVED_NULL,1,0,TRANSCRIPTOME,,NOT_APPLICABLE,REL_CTX003_ANNOTATION_CERTAINTY;REL_CTX003_BATCH_ADJUSTMENT;REL_CTX003_CONTROL_CERTAINTY;REL_CTX003_CROSS_CONTEXT_REPLICATION;REL_CTX003_EV_PREPARATION_INDEPENDENCE;REL_CTX003_MODEL_DIAGNOSTICS;REL_CTX003_PAIRING_CERTAINTY;REL_CTX003_PATHWAY_EVIDENCE;REL_CTX003_PHENOTYPE_SUPPORT;REL_CTX003_RECIPIENT_DONOR_INDEPENDENCE;REL_CTX003_SAMPLE_QC;REL_CTX003_SENSITIVITY_STABILITY;REL_CTX003_STUDY_INDEPENDENCE,EXP003-C4,data/metadata/skinexo_response_components.csv;reports/EXP003_C4_third_context_pathway_test.md
CTX003,A,A011,INACTIVE,1.3259618371247373,0.3771485624964596,GOBP_ENDOTHELIAL_CELL_PROLIFERATION,OBSERVED_NULL,1,0,TRANSCRIPTOME,,NOT_APPLICABLE,REL_CTX003_ANNOTATION_CERTAINTY;REL_CTX003_BATCH_ADJUSTMENT;REL_CTX003_CONTROL_CERTAINTY;REL_CTX003_CROSS_CONTEXT_REPLICATION;REL_CTX003_EV_PREPARATION_INDEPENDENCE;REL_CTX003_MODEL_DIAGNOSTICS;REL_CTX003_PAIRING_CERTAINTY;REL_CTX003_PATHWAY_EVIDENCE;REL_CTX003_PHENOTYPE_SUPPORT;REL_CTX003_RECIPIENT_DONOR_INDEPENDENCE;REL_CTX003_SAMPLE_QC;REL_CTX003_SENSITIVITY_STABILITY;REL_CTX003_STUDY_INDEPENDENCE,EXP003-C4,data/metadata/skinexo_response_components.csv;reports/EXP003_C4_third_context_pathway_test.md
CTX003,A,A012,INACTIVE,2.04459635502661,0.0434068236469157,GOBP_LEUKOCYTE_ADHESION_TO_VASCULAR_ENDOTHELIAL_CELL,OBSERVED_NULL,1,0,TRANSCRIPTOME,,NOT_APPLICABLE,REL_CTX003_ANNOTATION_CERTAINTY;REL_CTX003_BATCH_ADJUSTMENT;REL_CTX003_CONTROL_CERTAINTY;REL_CTX003_CROSS_CONTEXT_REPLICATION;REL_CTX003_EV_PREPARATION_INDEPENDENCE;REL_CTX003_MODEL_DIAGNOSTICS;REL_CTX003_PAIRING_CERTAINTY;REL_CTX003_PATHWAY_EVIDENCE;REL_CTX003_PHENOTYPE_SUPPORT;REL_CTX003_RECIPIENT_DONOR_INDEPENDENCE;REL_CTX003_SAMPLE_QC;REL_CTX003_SENSITIVITY_STABILITY;REL_CTX003_STUDY_INDEPENDENCE,EXP003-C4,data/metadata/skinexo_response_components.csv;reports/EXP003_C4_third_context_pathway_test.md
CTX003,A,A013,INACTIVE,1.3592303952017937,0.3508848921718255,GOBP_NEGATIVE_REGULATION_OF_ENDOTHELIAL_CELL_PROLIFERATION,OBSERVED_NULL,1,0,TRANSCRIPTOME,,NOT_APPLICABLE,REL_CTX003_ANNOTATION_CERTAINTY;REL_CTX003_BATCH_ADJUSTMENT;REL_CTX003_CONTROL_CERTAINTY;REL_CTX003_CROSS_CONTEXT_REPLICATION;REL_CTX003_EV_PREPARATION_INDEPENDENCE;REL_CTX003_MODEL_DIAGNOSTICS;REL_CTX003_PAIRING_CERTAINTY;REL_CTX003_PATHWAY_EVIDENCE;REL_CTX003_PHENOTYPE_SUPPORT;REL_CTX003_RECIPIENT_DONOR_INDEPENDENCE;REL_CTX003_SAMPLE_QC;REL_CTX003_SENSITIVITY_STABILITY;REL_CTX003_STUDY_INDEPENDENCE,EXP003-C4,data/metadata/skinexo_response_components.csv;reports/EXP003_C4_third_context_pathway_test.md
CTX003,A,A014,INACTIVE,-1.0554963379109563,1.0,GOBP_NEGATIVE_REGULATION_OF_VASCULAR_ASSOCIATED_SMOOTH_MUSCLE_CELL_PROLIFERATION,OBSERVED_NULL,1,0,TRANSCRIPTOME,,NOT_APPLICABLE,REL_CTX003_ANNOTATION_CERTAINTY;REL_CTX003_BATCH_ADJUSTMENT;REL_CTX003_CONTROL_CERTAINTY;REL_CTX003_CROSS_CONTEXT_REPLICATION;REL_CTX003_EV_PREPARATION_INDEPENDENCE;REL_CTX003_MODEL_DIAGNOSTICS;REL_CTX003_PAIRING_CERTAINTY;REL_CTX003_PATHWAY_EVIDENCE;REL_CTX003_PHENOTYPE_SUPPORT;REL_CTX003_RECIPIENT_DONOR_INDEPENDENCE;REL_CTX003_SAMPLE_QC;REL_CTX003_SENSITIVITY_STABILITY;REL_CTX003_STUDY_INDEPENDENCE,EXP003-C4,data/metadata/skinexo_response_components.csv;reports/EXP003_C4_third_context_pathway_test.md
CTX003,A,A015,INACTIVE,0.9326742986103173,0.8347488282676463,GOBP_PLACENTA_BLOOD_VESSEL_DEVELOPMENT,OBSERVED_NULL,1,0,TRANSCRIPTOME,,NOT_APPLICABLE,REL_CTX003_ANNOTATION_CERTAINTY;REL_CTX003_BATCH_ADJUSTMENT;REL_CTX003_CONTROL_CERTAINTY;REL_CTX003_CROSS_CONTEXT_REPLICATION;REL_CTX003_EV_PREPARATION_INDEPENDENCE;REL_CTX003_MODEL_DIAGNOSTICS;REL_CTX003_PAIRING_CERTAINTY;REL_CTX003_PATHWAY_EVIDENCE;REL_CTX003_PHENOTYPE_SUPPORT;REL_CTX003_RECIPIENT_DONOR_INDEPENDENCE;REL_CTX003_SAMPLE_QC;REL_CTX003_SENSITIVITY_STABILITY;REL_CTX003_STUDY_INDEPENDENCE,EXP003-C4,data/metadata/skinexo_response_components.csv;reports/EXP003_C4_third_context_pathway_test.md
CTX003,A,A016,INACTIVE,0.8062421211749596,0.9653243543799755,GOBP_POSITIVE_REGULATION_OF_CELL_MIGRATION_INVOLVED_IN_SPROUTING_ANGIOGENESIS,OBSERVED_NULL,1,0,TRANSCRIPTOME,,NOT_APPLICABLE,REL_CTX003_ANNOTATION_CERTAINTY;REL_CTX003_BATCH_ADJUSTMENT;REL_CTX003_CONTROL_CERTAINTY;REL_CTX003_CROSS_CONTEXT_REPLICATION;REL_CTX003_EV_PREPARATION_INDEPENDENCE;REL_CTX003_MODEL_DIAGNOSTICS;REL_CTX003_PAIRING_CERTAINTY;REL_CTX003_PATHWAY_EVIDENCE;REL_CTX003_PHENOTYPE_SUPPORT;REL_CTX003_RECIPIENT_DONOR_INDEPENDENCE;REL_CTX003_SAMPLE_QC;REL_CTX003_SENSITIVITY_STABILITY;REL_CTX003_STUDY_INDEPENDENCE,EXP003-C4,data/metadata/skinexo_response_components.csv;reports/EXP003_C4_third_context_pathway_test.md
CTX003,A,A017,INACTIVE,1.933331088787951,0.0737736613778458,GOBP_POSITIVE_REGULATION_OF_ENDOTHELIAL_CELL_APOPTOTIC_PROCESS,OBSERVED_NULL,1,0,TRANSCRIPTOME,,NOT_APPLICABLE,REL_CTX003_ANNOTATION_CERTAINTY;REL_CTX003_BATCH_ADJUSTMENT;REL_CTX003_CONTROL_CERTAINTY;REL_CTX003_CROSS_CONTEXT_REPLICATION;REL_CTX003_EV_PREPARATION_INDEPENDENCE;REL_CTX003_MODEL_DIAGNOSTICS;REL_CTX003_PAIRING_CERTAINTY;REL_CTX003_PATHWAY_EVIDENCE;REL_CTX003_PHENOTYPE_SUPPORT;REL_CTX003_RECIPIENT_DONOR_INDEPENDENCE;REL_CTX003_SAMPLE_QC;REL_CTX003_SENSITIVITY_STABILITY;REL_CTX003_STUDY_INDEPENDENCE,EXP003-C4,data/metadata/skinexo_response_components.csv;reports/EXP003_C4_third_context_pathway_test.md
CTX003,A,A018,INACTIVE,1.0984209369042122,0.6351114879202795,GOBP_POSITIVE_REGULATION_OF_SPROUTING_ANGIOGENESIS,OBSERVED_NULL,1,0,TRANSCRIPTOME,,NOT_APPLICABLE,REL_CTX003_ANNOTATION_CERTAINTY;REL_CTX003_BATCH_ADJUSTMENT;REL_CTX003_CONTROL_CERTAINTY;REL_CTX003_CROSS_CONTEXT_REPLICATION;REL_CTX003_EV_PREPARATION_INDEPENDENCE;REL_CTX003_MODEL_DIAGNOSTICS;REL_CTX003_PAIRING_CERTAINTY;REL_CTX003_PATHWAY_EVIDENCE;REL_CTX003_PHENOTYPE_SUPPORT;REL_CTX003_RECIPIENT_DONOR_INDEPENDENCE;REL_CTX003_SAMPLE_QC;REL_CTX003_SENSITIVITY_STABILITY;REL_CTX003_STUDY_INDEPENDENCE,EXP003-C4,data/metadata/skinexo_response_components.csv;reports/EXP003_C4_third_context_pathway_test.md
CTX003,A,A019,INACTIVE,1.1117374445328163,0.6203136258041853,GOBP_POSITIVE_REGULATION_OF_VASCULAR_ASSOCIATED_SMOOTH_MUSCLE_CELL_PROLIFERATION,OBSERVED_NULL,1,0,TRANSCRIPTOME,,NOT_APPLICABLE,REL_CTX003_ANNOTATION_CERTAINTY;REL_CTX003_BATCH_ADJUSTMENT;REL_CTX003_CONTROL_CERTAINTY;REL_CTX003_CROSS_CONTEXT_REPLICATION;REL_CTX003_EV_PREPARATION_INDEPENDENCE;REL_CTX003_MODEL_DIAGNOSTICS;REL_CTX003_PAIRING_CERTAINTY;REL_CTX003_PATHWAY_EVIDENCE;REL_CTX003_PHENOTYPE_SUPPORT;REL_CTX003_RECIPIENT_DONOR_INDEPENDENCE;REL_CTX003_SAMPLE_QC;REL_CTX003_SENSITIVITY_STABILITY;REL_CTX003_STUDY_INDEPENDENCE,EXP003-C4,data/metadata/skinexo_response_components.csv;reports/EXP003_C4_third_context_pathway_test.md
CTX003,A,A020,INACTIVE,1.7183251666267425,0.1299304414163105,GOBP_POSITIVE_REGULATION_OF_VASCULAR_ENDOTHELIAL_GROWTH_FACTOR_PRODUCTION,OBSERVED_NULL,1,0,TRANSCRIPTOME,,NOT_APPLICABLE,REL_CTX003_ANNOTATION_CERTAINTY;REL_CTX003_BATCH_ADJUSTMENT;REL_CTX003_CONTROL_CERTAINTY;REL_CTX003_CROSS_CONTEXT_REPLICATION;REL_CTX003_EV_PREPARATION_INDEPENDENCE;REL_CTX003_MODEL_DIAGNOSTICS;REL_CTX003_PAIRING_CERTAINTY;REL_CTX003_PATHWAY_EVIDENCE;REL_CTX003_PHENOTYPE_SUPPORT;REL_CTX003_RECIPIENT_DONOR_INDEPENDENCE;REL_CTX003_SAMPLE_QC;REL_CTX003_SENSITIVITY_STABILITY;REL_CTX003_STUDY_INDEPENDENCE,EXP003-C4,data/metadata/skinexo_response_components.csv;reports/EXP003_C4_third_context_pathway_test.md
CTX003,A,A021,INACTIVE,0.5939553968673548,1.0,GOBP_REGULATION_OF_ENDOTHELIAL_CELL_DIFFERENTIATION,OBSERVED_NULL,1,0,TRANSCRIPTOME,,NOT_APPLICABLE,REL_CTX003_ANNOTATION_CERTAINTY;REL_CTX003_BATCH_ADJUSTMENT;REL_CTX003_CONTROL_CERTAINTY;REL_CTX003_CROSS_CONTEXT_REPLICATION;REL_CTX003_EV_PREPARATION_INDEPENDENCE;REL_CTX003_MODEL_DIAGNOSTICS;REL_CTX003_PAIRING_CERTAINTY;REL_CTX003_PATHWAY_EVIDENCE;REL_CTX003_PHENOTYPE_SUPPORT;REL_CTX003_RECIPIENT_DONOR_INDEPENDENCE;REL_CTX003_SAMPLE_QC;REL_CTX003_SENSITIVITY_STABILITY;REL_CTX003_STUDY_INDEPENDENCE,EXP003-C4,data/metadata/skinexo_response_components.csv;reports/EXP003_C4_third_context_pathway_test.md
CTX003,A,A022,INACTIVE,1.2446183852239578,0.4556602271463719,GOBP_REGULATION_OF_SPROUTING_ANGIOGENESIS,OBSERVED_NULL,1,0,TRANSCRIPTOME,,NOT_APPLICABLE,REL_CTX003_ANNOTATION_CERTAINTY;REL_CTX003_BATCH_ADJUSTMENT;REL_CTX003_CONTROL_CERTAINTY;REL_CTX003_CROSS_CONTEXT_REPLICATION;REL_CTX003_EV_PREPARATION_INDEPENDENCE;REL_CTX003_MODEL_DIAGNOSTICS;REL_CTX003_PAIRING_CERTAINTY;REL_CTX003_PATHWAY_EVIDENCE;REL_CTX003_PHENOTYPE_SUPPORT;REL_CTX003_RECIPIENT_DONOR_INDEPENDENCE;REL_CTX003_SAMPLE_QC;REL_CTX003_SENSITIVITY_STABILITY;REL_CTX003_STUDY_INDEPENDENCE,EXP003-C4,data/metadata/skinexo_response_components.csv;reports/EXP003_C4_third_context_pathway_test.md
CTX003,A,A023,INACTIVE,-0.814402485527771,1.0,GOBP_VASCULAR_ENDOTHELIAL_GROWTH_FACTOR_RECEPTOR_SIGNALING_PATHWAY,OBSERVED_NULL,1,0,TRANSCRIPTOME,,NOT_APPLICABLE,REL_CTX003_ANNOTATION_CERTAINTY;REL_CTX003_BATCH_ADJUSTMENT;REL_CTX003_CONTROL_CERTAINTY;REL_CTX003_CROSS_CONTEXT_REPLICATION;REL_CTX003_EV_PREPARATION_INDEPENDENCE;REL_CTX003_MODEL_DIAGNOSTICS;REL_CTX003_PAIRING_CERTAINTY;REL_CTX003_PATHWAY_EVIDENCE;REL_CTX003_PHENOTYPE_SUPPORT;REL_CTX003_RECIPIENT_DONOR_INDEPENDENCE;REL_CTX003_SAMPLE_QC;REL_CTX003_SENSITIVITY_STABILITY;REL_CTX003_STUDY_INDEPENDENCE,EXP003-C4,data/metadata/skinexo_response_components.csv;reports/EXP003_C4_third_context_pathway_test.md
CTX003,A,A024,INACTIVE,1.4402234066040551,0.2909625916455166,GOBP_REGULATION_OF_VASCULAR_PERMEABILITY,OBSERVED_NULL,1,0,TRANSCRIPTOME,,NOT_APPLICABLE,REL_CTX003_ANNOTATION_CERTAINTY;REL_CTX003_BATCH_ADJUSTMENT;REL_CTX003_CONTROL_CERTAINTY;REL_CTX003_CROSS_CONTEXT_REPLICATION;REL_CTX003_EV_PREPARATION_INDEPENDENCE;REL_CTX003_MODEL_DIAGNOSTICS;REL_CTX003_PAIRING_CERTAINTY;REL_CTX003_PATHWAY_EVIDENCE;REL_CTX003_PHENOTYPE_SUPPORT;REL_CTX003_RECIPIENT_DONOR_INDEPENDENCE;REL_CTX003_SAMPLE_QC;REL_CTX003_SENSITIVITY_STABILITY;REL_CTX003_STUDY_INDEPENDENCE,EXP003-C4,data/metadata/skinexo_response_components.csv;reports/EXP003_C4_third_context_pathway_test.md
CTX003,A,A025,INACTIVE,1.0993176980086397,0.6340843779607069,GOBP_SPROUTING_ANGIOGENESIS,OBSERVED_NULL,1,0,TRANSCRIPTOME,,NOT_APPLICABLE,REL_CTX003_ANNOTATION_CERTAINTY;REL_CTX003_BATCH_ADJUSTMENT;REL_CTX003_CONTROL_CERTAINTY;REL_CTX003_CROSS_CONTEXT_REPLICATION;REL_CTX003_EV_PREPARATION_INDEPENDENCE;REL_CTX003_MODEL_DIAGNOSTICS;REL_CTX003_PAIRING_CERTAINTY;REL_CTX003_PATHWAY_EVIDENCE;REL_CTX003_PHENOTYPE_SUPPORT;REL_CTX003_RECIPIENT_DONOR_INDEPENDENCE;REL_CTX003_SAMPLE_QC;REL_CTX003_SENSITIVITY_STABILITY;REL_CTX003_STUDY_INDEPENDENCE,EXP003-C4,data/metadata/skinexo_response_components.csv;reports/EXP003_C4_third_context_pathway_test.md
CTX003,A,A026,INACTIVE,1.297386087867236,0.4011875612910141,GOBP_VASCULAR_ASSOCIATED_SMOOTH_MUSCLE_CELL_DIFFERENTIATION,OBSERVED_NULL,1,0,TRANSCRIPTOME,,NOT_APPLICABLE,REL_CTX003_ANNOTATION_CERTAINTY;REL_CTX003_BATCH_ADJUSTMENT;REL_CTX003_CONTROL_CERTAINTY;REL_CTX003_CROSS_CONTEXT_REPLICATION;REL_CTX003_EV_PREPARATION_INDEPENDENCE;REL_CTX003_MODEL_DIAGNOSTICS;REL_CTX003_PAIRING_CERTAINTY;REL_CTX003_PATHWAY_EVIDENCE;REL_CTX003_PHENOTYPE_SUPPORT;REL_CTX003_RECIPIENT_DONOR_INDEPENDENCE;REL_CTX003_SAMPLE_QC;REL_CTX003_SENSITIVITY_STABILITY;REL_CTX003_STUDY_INDEPENDENCE,EXP003-C4,data/metadata/skinexo_response_components.csv;reports/EXP003_C4_third_context_pathway_test.md
CTX003,A,A027,INACTIVE,-0.6722836932708163,1.0,GOBP_VASCULAR_ASSOCIATED_SMOOTH_MUSCLE_CELL_MIGRATION,OBSERVED_NULL,1,0,TRANSCRIPTOME,,NOT_APPLICABLE,REL_CTX003_ANNOTATION_CERTAINTY;REL_CTX003_BATCH_ADJUSTMENT;REL_CTX003_CONTROL_CERTAINTY;REL_CTX003_CROSS_CONTEXT_REPLICATION;REL_CTX003_EV_PREPARATION_INDEPENDENCE;REL_CTX003_MODEL_DIAGNOSTICS;REL_CTX003_PAIRING_CERTAINTY;REL_CTX003_PATHWAY_EVIDENCE;REL_CTX003_PHENOTYPE_SUPPORT;REL_CTX003_RECIPIENT_DONOR_INDEPENDENCE;REL_CTX003_SAMPLE_QC;REL_CTX003_SENSITIVITY_STABILITY;REL_CTX003_STUDY_INDEPENDENCE,EXP003-C4,data/metadata/skinexo_response_components.csv;reports/EXP003_C4_third_context_pathway_test.md
CTX003,A,A028,INACTIVE,-1.4434823069515743,0.59346961523582,GOBP_VASCULAR_ASSOCIATED_SMOOTH_MUSCLE_CONTRACTION,OBSERVED_NULL,1,0,TRANSCRIPTOME,,NOT_APPLICABLE,REL_CTX003_ANNOTATION_CERTAINTY;REL_CTX003_BATCH_ADJUSTMENT;REL_CTX003_CONTROL_CERTAINTY;REL_CTX003_CROSS_CONTEXT_REPLICATION;REL_CTX003_EV_PREPARATION_INDEPENDENCE;REL_CTX003_MODEL_DIAGNOSTICS;REL_CTX003_PAIRING_CERTAINTY;REL_CTX003_PATHWAY_EVIDENCE;REL_CTX003_PHENOTYPE_SUPPORT;REL_CTX003_RECIPIENT_DONOR_INDEPENDENCE;REL_CTX003_SAMPLE_QC;REL_CTX003_SENSITIVITY_STABILITY;REL_CTX003_STUDY_INDEPENDENCE,EXP003-C4,data/metadata/skinexo_response_components.csv;reports/EXP003_C4_third_context_pathway_test.md
CTX003,A,A029,INACTIVE,1.707342283182632,0.1343303764310801,GOBP_VASCULAR_ENDOTHELIAL_CELL_PROLIFERATION,OBSERVED_NULL,1,0,TRANSCRIPTOME,,NOT_APPLICABLE,REL_CTX003_ANNOTATION_CERTAINTY;REL_CTX003_BATCH_ADJUSTMENT;REL_CTX003_CONTROL_CERTAINTY;REL_CTX003_CROSS_CONTEXT_REPLICATION;REL_CTX003_EV_PREPARATION_INDEPENDENCE;REL_CTX003_MODEL_DIAGNOSTICS;REL_CTX003_PAIRING_CERTAINTY;REL_CTX003_PATHWAY_EVIDENCE;REL_CTX003_PHENOTYPE_SUPPORT;REL_CTX003_RECIPIENT_DONOR_INDEPENDENCE;REL_CTX003_SAMPLE_QC;REL_CTX003_SENSITIVITY_STABILITY;REL_CTX003_STUDY_INDEPENDENCE,EXP003-C4,data/metadata/skinexo_response_components.csv;reports/EXP003_C4_third_context_pathway_test.md
CTX003,A,A030,INACTIVE,-0.8044634394187067,1.0,GOBP_VASCULAR_ENDOTHELIAL_CELL_RESPONSE_TO_LAMINAR_FLUID_SHEAR_STRESS,OBSERVED_NULL,1,0,TRANSCRIPTOME,,NOT_APPLICABLE,REL_CTX003_ANNOTATION_CERTAINTY;REL_CTX003_BATCH_ADJUSTMENT;REL_CTX003_CONTROL_CERTAINTY;REL_CTX003_CROSS_CONTEXT_REPLICATION;REL_CTX003_EV_PREPARATION_INDEPENDENCE;REL_CTX003_MODEL_DIAGNOSTICS;REL_CTX003_PAIRING_CERTAINTY;REL_CTX003_PATHWAY_EVIDENCE;REL_CTX003_PHENOTYPE_SUPPORT;REL_CTX003_RECIPIENT_DONOR_INDEPENDENCE;REL_CTX003_SAMPLE_QC;REL_CTX003_SENSITIVITY_STABILITY;REL_CTX003_STUDY_INDEPENDENCE,EXP003-C4,data/metadata/skinexo_response_components.csv;reports/EXP003_C4_third_context_pathway_test.md
CTX003,A,A031,INACTIVE,1.6368831667089208,0.1676864516347947,GOBP_VASCULAR_ENDOTHELIAL_GROWTH_FACTOR_PRODUCTION,OBSERVED_NULL,1,0,TRANSCRIPTOME,,NOT_APPLICABLE,REL_CTX003_ANNOTATION_CERTAINTY;REL_CTX003_BATCH_ADJUSTMENT;REL_CTX003_CONTROL_CERTAINTY;REL_CTX003_CROSS_CONTEXT_REPLICATION;REL_CTX003_EV_PREPARATION_INDEPENDENCE;REL_CTX003_MODEL_DIAGNOSTICS;REL_CTX003_PAIRING_CERTAINTY;REL_CTX003_PATHWAY_EVIDENCE;REL_CTX003_PHENOTYPE_SUPPORT;REL_CTX003_RECIPIENT_DONOR_INDEPENDENCE;REL_CTX003_SAMPLE_QC;REL_CTX003_SENSITIVITY_STABILITY;REL_CTX003_STUDY_INDEPENDENCE,EXP003-C4,data/metadata/skinexo_response_components.csv;reports/EXP003_C4_third_context_pathway_test.md
CTX003,A,A032,INACTIVE,1.0763129011261403,0.6545475581535568,GOBP_VASCULAR_PROCESS_IN_CIRCULATORY_SYSTEM,OBSERVED_NULL,1,0,TRANSCRIPTOME,,NOT_APPLICABLE,REL_CTX003_ANNOTATION_CERTAINTY;REL_CTX003_BATCH_ADJUSTMENT;REL_CTX003_CONTROL_CERTAINTY;REL_CTX003_CROSS_CONTEXT_REPLICATION;REL_CTX003_EV_PREPARATION_INDEPENDENCE;REL_CTX003_MODEL_DIAGNOSTICS;REL_CTX003_PAIRING_CERTAINTY;REL_CTX003_PATHWAY_EVIDENCE;REL_CTX003_PHENOTYPE_SUPPORT;REL_CTX003_RECIPIENT_DONOR_INDEPENDENCE;REL_CTX003_SAMPLE_QC;REL_CTX003_SENSITIVITY_STABILITY;REL_CTX003_STUDY_INDEPENDENCE,EXP003-C4,data/metadata/skinexo_response_components.csv;reports/EXP003_C4_third_context_pathway_test.md
CTX003,A,A033,INACTIVE,-0.8488448948248447,1.0,GOBP_VASCULAR_TRANSPORT,OBSERVED_NULL,1,0,TRANSCRIPTOME,,NOT_APPLICABLE,REL_CTX003_ANNOTATION_CERTAINTY;REL_CTX003_BATCH_ADJUSTMENT;REL_CTX003_CONTROL_CERTAINTY;REL_CTX003_CROSS_CONTEXT_REPLICATION;REL_CTX003_EV_PREPARATION_INDEPENDENCE;REL_CTX003_MODEL_DIAGNOSTICS;REL_CTX003_PAIRING_CERTAINTY;REL_CTX003_PATHWAY_EVIDENCE;REL_CTX003_PHENOTYPE_SUPPORT;REL_CTX003_RECIPIENT_DONOR_INDEPENDENCE;REL_CTX003_SAMPLE_QC;REL_CTX003_SENSITIVITY_STABILITY;REL_CTX003_STUDY_INDEPENDENCE,EXP003-C4,data/metadata/skinexo_response_components.csv;reports/EXP003_C4_third_context_pathway_test.md
CTX003,A,A034,INACTIVE,1.1384580937430473,0.5774991150352025,REACTOME_CELL_SURFACE_INTERACTIONS_AT_THE_VASCULAR_WALL,OBSERVED_NULL,1,0,TRANSCRIPTOME,,NOT_APPLICABLE,REL_CTX003_ANNOTATION_CERTAINTY;REL_CTX003_BATCH_ADJUSTMENT;REL_CTX003_CONTROL_CERTAINTY;REL_CTX003_CROSS_CONTEXT_REPLICATION;REL_CTX003_EV_PREPARATION_INDEPENDENCE;REL_CTX003_MODEL_DIAGNOSTICS;REL_CTX003_PAIRING_CERTAINTY;REL_CTX003_PATHWAY_EVIDENCE;REL_CTX003_PHENOTYPE_SUPPORT;REL_CTX003_RECIPIENT_DONOR_INDEPENDENCE;REL_CTX003_SAMPLE_QC;REL_CTX003_SENSITIVITY_STABILITY;REL_CTX003_STUDY_INDEPENDENCE,EXP003-C4,data/metadata/skinexo_response_components.csv;reports/EXP003_C4_third_context_pathway_test.md
CTX003,A,A035,INACTIVE,0.9939658077021876,0.7562521932540871,REACTOME_HIGH_LAMINAR_FLOW_SHEAR_STRESS_ACTIVATES_SIGNALING_BY_PIEZO1_AND_PECAM1_CDH5_KDR_IN_ENDOTHELIAL_CELLS,OBSERVED_NULL,1,0,TRANSCRIPTOME,,NOT_APPLICABLE,REL_CTX003_ANNOTATION_CERTAINTY;REL_CTX003_BATCH_ADJUSTMENT;REL_CTX003_CONTROL_CERTAINTY;REL_CTX003_CROSS_CONTEXT_REPLICATION;REL_CTX003_EV_PREPARATION_INDEPENDENCE;REL_CTX003_MODEL_DIAGNOSTICS;REL_CTX003_PAIRING_CERTAINTY;REL_CTX003_PATHWAY_EVIDENCE;REL_CTX003_PHENOTYPE_SUPPORT;REL_CTX003_RECIPIENT_DONOR_INDEPENDENCE;REL_CTX003_SAMPLE_QC;REL_CTX003_SENSITIVITY_STABILITY;REL_CTX003_STUDY_INDEPENDENCE,EXP003-C4,data/metadata/skinexo_response_components.csv;reports/EXP003_C4_third_context_pathway_test.md
CTX003,A,A036,INACTIVE,1.7241718621877733,0.1275898472009013,REACTOME_TURBULENT_OSCILLATORY_DISTURBED_FLOW_SHEAR_STRESS_ACTIVATES_SIGNALING_BY_PIEZO1_AND_INTEGRINS_IN_ENDOTHELIAL_CELLS,OBSERVED_NULL,1,0,TRANSCRIPTOME,,NOT_APPLICABLE,REL_CTX003_ANNOTATION_CERTAINTY;REL_CTX003_BATCH_ADJUSTMENT;REL_CTX003_CONTROL_CERTAINTY;REL_CTX003_CROSS_CONTEXT_REPLICATION;REL_CTX003_EV_PREPARATION_INDEPENDENCE;REL_CTX003_MODEL_DIAGNOSTICS;REL_CTX003_PAIRING_CERTAINTY;REL_CTX003_PATHWAY_EVIDENCE;REL_CTX003_PHENOTYPE_SUPPORT;REL_CTX003_RECIPIENT_DONOR_INDEPENDENCE;REL_CTX003_SAMPLE_QC;REL_CTX003_SENSITIVITY_STABILITY;REL_CTX003_STUDY_INDEPENDENCE,EXP003-C4,data/metadata/skinexo_response_components.csv;reports/EXP003_C4_third_context_pathway_test.md
CTX003,A,A037,INACTIVE,-0.7712026013332638,1.0,REACTOME_VEGFR2_MEDIATED_VASCULAR_PERMEABILITY,OBSERVED_NULL,1,0,TRANSCRIPTOME,,NOT_APPLICABLE,REL_CTX003_ANNOTATION_CERTAINTY;REL_CTX003_BATCH_ADJUSTMENT;REL_CTX003_CONTROL_CERTAINTY;REL_CTX003_CROSS_CONTEXT_REPLICATION;REL_CTX003_EV_PREPARATION_INDEPENDENCE;REL_CTX003_MODEL_DIAGNOSTICS;REL_CTX003_PAIRING_CERTAINTY;REL_CTX003_PATHWAY_EVIDENCE;REL_CTX003_PHENOTYPE_SUPPORT;REL_CTX003_RECIPIENT_DONOR_INDEPENDENCE;REL_CTX003_SAMPLE_QC;REL_CTX003_SENSITIVITY_STABILITY;REL_CTX003_STUDY_INDEPENDENCE,EXP003-C4,data/metadata/skinexo_response_components.csv;reports/EXP003_C4_third_context_pathway_test.md
CTX003,E,E001,INACTIVE,1.1068810922239654,0.6256117881358482,GOBP_BASEMENT_MEMBRANE_ORGANIZATION,OBSERVED_NULL,1,0,TRANSCRIPTOME,ANC_CTX003_COLLAGEN;ANC_CTX003_SCAR,NOT_APPLICABLE,REL_CTX003_ANNOTATION_CERTAINTY;REL_CTX003_BATCH_ADJUSTMENT;REL_CTX003_CONTROL_CERTAINTY;REL_CTX003_CROSS_CONTEXT_REPLICATION;REL_CTX003_EV_PREPARATION_INDEPENDENCE;REL_CTX003_MODEL_DIAGNOSTICS;REL_CTX003_PAIRING_CERTAINTY;REL_CTX003_PATHWAY_EVIDENCE;REL_CTX003_PHENOTYPE_SUPPORT;REL_CTX003_RECIPIENT_DONOR_INDEPENDENCE;REL_CTX003_SAMPLE_QC;REL_CTX003_SENSITIVITY_STABILITY;REL_CTX003_STUDY_INDEPENDENCE,EXP003-C4,data/metadata/skinexo_response_components.csv;reports/EXP003_C4_third_context_pathway_test.md
CTX003,E,E002,INACTIVE,1.0670886908905426,0.6694704444125038,GOBP_POSITIVE_REGULATION_OF_COLLAGEN_METABOLIC_PROCESS,OBSERVED_NULL,1,0,TRANSCRIPTOME,ANC_CTX003_COLLAGEN;ANC_CTX003_SCAR,NOT_APPLICABLE,REL_CTX003_ANNOTATION_CERTAINTY;REL_CTX003_BATCH_ADJUSTMENT;REL_CTX003_CONTROL_CERTAINTY;REL_CTX003_CROSS_CONTEXT_REPLICATION;REL_CTX003_EV_PREPARATION_INDEPENDENCE;REL_CTX003_MODEL_DIAGNOSTICS;REL_CTX003_PAIRING_CERTAINTY;REL_CTX003_PATHWAY_EVIDENCE;REL_CTX003_PHENOTYPE_SUPPORT;REL_CTX003_RECIPIENT_DONOR_INDEPENDENCE;REL_CTX003_SAMPLE_QC;REL_CTX003_SENSITIVITY_STABILITY;REL_CTX003_STUDY_INDEPENDENCE,EXP003-C4,data/metadata/skinexo_response_components.csv;reports/EXP003_C4_third_context_pathway_test.md
CTX003,E,E003,INACTIVE,1.3616283809408898,0.3485155539583809,GOBP_COLLAGEN_CATABOLIC_PROCESS,OBSERVED_NULL,1,0,TRANSCRIPTOME,ANC_CTX003_COLLAGEN;ANC_CTX003_SCAR,NOT_APPLICABLE,REL_CTX003_ANNOTATION_CERTAINTY;REL_CTX003_BATCH_ADJUSTMENT;REL_CTX003_CONTROL_CERTAINTY;REL_CTX003_CROSS_CONTEXT_REPLICATION;REL_CTX003_EV_PREPARATION_INDEPENDENCE;REL_CTX003_MODEL_DIAGNOSTICS;REL_CTX003_PAIRING_CERTAINTY;REL_CTX003_PATHWAY_EVIDENCE;REL_CTX003_PHENOTYPE_SUPPORT;REL_CTX003_RECIPIENT_DONOR_INDEPENDENCE;REL_CTX003_SAMPLE_QC;REL_CTX003_SENSITIVITY_STABILITY;REL_CTX003_STUDY_INDEPENDENCE,EXP003-C4,data/metadata/skinexo_response_components.csv;reports/EXP003_C4_third_context_pathway_test.md
CTX003,E,E004,INACTIVE,-1.1776229847060335,0.9772074605589752,GOBP_COLLAGEN_FIBRIL_ORGANIZATION,OBSERVED_NULL,1,0,TRANSCRIPTOME,ANC_CTX003_COLLAGEN;ANC_CTX003_SCAR,NOT_APPLICABLE,REL_CTX003_ANNOTATION_CERTAINTY;REL_CTX003_BATCH_ADJUSTMENT;REL_CTX003_CONTROL_CERTAINTY;REL_CTX003_CROSS_CONTEXT_REPLICATION;REL_CTX003_EV_PREPARATION_INDEPENDENCE;REL_CTX003_MODEL_DIAGNOSTICS;REL_CTX003_PAIRING_CERTAINTY;REL_CTX003_PATHWAY_EVIDENCE;REL_CTX003_PHENOTYPE_SUPPORT;REL_CTX003_RECIPIENT_DONOR_INDEPENDENCE;REL_CTX003_SAMPLE_QC;REL_CTX003_SENSITIVITY_STABILITY;REL_CTX003_STUDY_INDEPENDENCE,EXP003-C4,data/metadata/skinexo_response_components.csv;reports/EXP003_C4_third_context_pathway_test.md
CTX003,E,E005,INACTIVE,1.0415753102145624,0.7002257445460941,GOBP_COLLAGEN_METABOLIC_PROCESS,OBSERVED_NULL,1,0,TRANSCRIPTOME,ANC_CTX003_COLLAGEN;ANC_CTX003_SCAR,NOT_APPLICABLE,REL_CTX003_ANNOTATION_CERTAINTY;REL_CTX003_BATCH_ADJUSTMENT;REL_CTX003_CONTROL_CERTAINTY;REL_CTX003_CROSS_CONTEXT_REPLICATION;REL_CTX003_EV_PREPARATION_INDEPENDENCE;REL_CTX003_MODEL_DIAGNOSTICS;REL_CTX003_PAIRING_CERTAINTY;REL_CTX003_PATHWAY_EVIDENCE;REL_CTX003_PHENOTYPE_SUPPORT;REL_CTX003_RECIPIENT_DONOR_INDEPENDENCE;REL_CTX003_SAMPLE_QC;REL_CTX003_SENSITIVITY_STABILITY;REL_CTX003_STUDY_INDEPENDENCE,EXP003-C4,data/metadata/skinexo_response_components.csv;reports/EXP003_C4_third_context_pathway_test.md
CTX003,E,E006,INACTIVE,1.1006773781046502,0.6330926317347138,GOBP_EXTRACELLULAR_MATRIX_ASSEMBLY,OBSERVED_NULL,1,0,TRANSCRIPTOME,ANC_CTX003_COLLAGEN;ANC_CTX003_SCAR,NOT_APPLICABLE,REL_CTX003_ANNOTATION_CERTAINTY;REL_CTX003_BATCH_ADJUSTMENT;REL_CTX003_CONTROL_CERTAINTY;REL_CTX003_CROSS_CONTEXT_REPLICATION;REL_CTX003_EV_PREPARATION_INDEPENDENCE;REL_CTX003_MODEL_DIAGNOSTICS;REL_CTX003_PAIRING_CERTAINTY;REL_CTX003_PATHWAY_EVIDENCE;REL_CTX003_PHENOTYPE_SUPPORT;REL_CTX003_RECIPIENT_DONOR_INDEPENDENCE;REL_CTX003_SAMPLE_QC;REL_CTX003_SENSITIVITY_STABILITY;REL_CTX003_STUDY_INDEPENDENCE,EXP003-C4,data/metadata/skinexo_response_components.csv;reports/EXP003_C4_third_context_pathway_test.md
CTX003,E,E007,INACTIVE,1.4238692295769368,0.3006648332259038,GOBP_EXTRACELLULAR_MATRIX_DISASSEMBLY,OBSERVED_NULL,1,0,TRANSCRIPTOME,ANC_CTX003_COLLAGEN;ANC_CTX003_SCAR,NOT_APPLICABLE,REL_CTX003_ANNOTATION_CERTAINTY;REL_CTX003_BATCH_ADJUSTMENT;REL_CTX003_CONTROL_CERTAINTY;REL_CTX003_CROSS_CONTEXT_REPLICATION;REL_CTX003_EV_PREPARATION_INDEPENDENCE;REL_CTX003_MODEL_DIAGNOSTICS;REL_CTX003_PAIRING_CERTAINTY;REL_CTX003_PATHWAY_EVIDENCE;REL_CTX003_PHENOTYPE_SUPPORT;REL_CTX003_RECIPIENT_DONOR_INDEPENDENCE;REL_CTX003_SAMPLE_QC;REL_CTX003_SENSITIVITY_STABILITY;REL_CTX003_STUDY_INDEPENDENCE,EXP003-C4,data/metadata/skinexo_response_components.csv;reports/EXP003_C4_third_context_pathway_test.md
CTX003,E,E008,INACTIVE,0.6485886338960881,1.0,GOBP_NEGATIVE_REGULATION_OF_EXTRACELLULAR_MATRIX_ORGANIZATION,OBSERVED_NULL,1,0,TRANSCRIPTOME,ANC_CTX003_COLLAGEN;ANC_CTX003_SCAR,NOT_APPLICABLE,REL_CTX003_ANNOTATION_CERTAINTY;REL_CTX003_BATCH_ADJUSTMENT;REL_CTX003_CONTROL_CERTAINTY;REL_CTX003_CROSS_CONTEXT_REPLICATION;REL_CTX003_EV_PREPARATION_INDEPENDENCE;REL_CTX003_MODEL_DIAGNOSTICS;REL_CTX003_PAIRING_CERTAINTY;REL_CTX003_PATHWAY_EVIDENCE;REL_CTX003_PHENOTYPE_SUPPORT;REL_CTX003_RECIPIENT_DONOR_INDEPENDENCE;REL_CTX003_SAMPLE_QC;REL_CTX003_SENSITIVITY_STABILITY;REL_CTX003_STUDY_INDEPENDENCE,EXP003-C4,data/metadata/skinexo_response_components.csv;reports/EXP003_C4_third_context_pathway_test.md
CTX003,E,E009,INACTIVE,1.722255998912365,0.1276602886678901,GOBP_NEGATIVE_REGULATION_OF_TISSUE_REMODELING,OBSERVED_NULL,1,0,TRANSCRIPTOME,ANC_CTX003_COLLAGEN;ANC_CTX003_SCAR,NOT_APPLICABLE,REL_CTX003_ANNOTATION_CERTAINTY;REL_CTX003_BATCH_ADJUSTMENT;REL_CTX003_CONTROL_CERTAINTY;REL_CTX003_CROSS_CONTEXT_REPLICATION;REL_CTX003_EV_PREPARATION_INDEPENDENCE;REL_CTX003_MODEL_DIAGNOSTICS;REL_CTX003_PAIRING_CERTAINTY;REL_CTX003_PATHWAY_EVIDENCE;REL_CTX003_PHENOTYPE_SUPPORT;REL_CTX003_RECIPIENT_DONOR_INDEPENDENCE;REL_CTX003_SAMPLE_QC;REL_CTX003_SENSITIVITY_STABILITY;REL_CTX003_STUDY_INDEPENDENCE,EXP003-C4,data/metadata/skinexo_response_components.csv;reports/EXP003_C4_third_context_pathway_test.md
CTX003,E,E010,INACTIVE,1.651512296693892,0.1586301809198625,GOBP_POSITIVE_REGULATION_OF_EXTRACELLULAR_MATRIX_ORGANIZATION,OBSERVED_NULL,1,0,TRANSCRIPTOME,ANC_CTX003_COLLAGEN;ANC_CTX003_SCAR,NOT_APPLICABLE,REL_CTX003_ANNOTATION_CERTAINTY;REL_CTX003_BATCH_ADJUSTMENT;REL_CTX003_CONTROL_CERTAINTY;REL_CTX003_CROSS_CONTEXT_REPLICATION;REL_CTX003_EV_PREPARATION_INDEPENDENCE;REL_CTX003_MODEL_DIAGNOSTICS;REL_CTX003_PAIRING_CERTAINTY;REL_CTX003_PATHWAY_EVIDENCE;REL_CTX003_PHENOTYPE_SUPPORT;REL_CTX003_RECIPIENT_DONOR_INDEPENDENCE;REL_CTX003_SAMPLE_QC;REL_CTX003_SENSITIVITY_STABILITY;REL_CTX003_STUDY_INDEPENDENCE,EXP003-C4,data/metadata/skinexo_response_components.csv;reports/EXP003_C4_third_context_pathway_test.md
CTX003,E,E011,INACTIVE,1.370173350414665,0.344350849448533,GOBP_REGULATION_OF_EXTRACELLULAR_MATRIX_DISASSEMBLY,OBSERVED_NULL,1,0,TRANSCRIPTOME,ANC_CTX003_COLLAGEN;ANC_CTX003_SCAR,NOT_APPLICABLE,REL_CTX003_ANNOTATION_CERTAINTY;REL_CTX003_BATCH_ADJUSTMENT;REL_CTX003_CONTROL_CERTAINTY;REL_CTX003_CROSS_CONTEXT_REPLICATION;REL_CTX003_EV_PREPARATION_INDEPENDENCE;REL_CTX003_MODEL_DIAGNOSTICS;REL_CTX003_PAIRING_CERTAINTY;REL_CTX003_PATHWAY_EVIDENCE;REL_CTX003_PHENOTYPE_SUPPORT;REL_CTX003_RECIPIENT_DONOR_INDEPENDENCE;REL_CTX003_SAMPLE_QC;REL_CTX003_SENSITIVITY_STABILITY;REL_CTX003_STUDY_INDEPENDENCE,EXP003-C4,data/metadata/skinexo_response_components.csv;reports/EXP003_C4_third_context_pathway_test.md
CTX003,E,E012,INACTIVE,1.2293245223386513,0.4675842559396759,GOBP_REGULATION_OF_EXTRACELLULAR_MATRIX_ORGANIZATION,OBSERVED_NULL,1,0,TRANSCRIPTOME,ANC_CTX003_COLLAGEN;ANC_CTX003_SCAR,NOT_APPLICABLE,REL_CTX003_ANNOTATION_CERTAINTY;REL_CTX003_BATCH_ADJUSTMENT;REL_CTX003_CONTROL_CERTAINTY;REL_CTX003_CROSS_CONTEXT_REPLICATION;REL_CTX003_EV_PREPARATION_INDEPENDENCE;REL_CTX003_MODEL_DIAGNOSTICS;REL_CTX003_PAIRING_CERTAINTY;REL_CTX003_PATHWAY_EVIDENCE;REL_CTX003_PHENOTYPE_SUPPORT;REL_CTX003_RECIPIENT_DONOR_INDEPENDENCE;REL_CTX003_SAMPLE_QC;REL_CTX003_SENSITIVITY_STABILITY;REL_CTX003_STUDY_INDEPENDENCE,EXP003-C4,data/metadata/skinexo_response_components.csv;reports/EXP003_C4_third_context_pathway_test.md
CTX003,E,E013,INACTIVE,1.3754314416780618,0.3398730882826442,GOBP_REGULATION_OF_TISSUE_REMODELING,OBSERVED_NULL,1,0,TRANSCRIPTOME,ANC_CTX003_COLLAGEN;ANC_CTX003_SCAR,NOT_APPLICABLE,REL_CTX003_ANNOTATION_CERTAINTY;REL_CTX003_BATCH_ADJUSTMENT;REL_CTX003_CONTROL_CERTAINTY;REL_CTX003_CROSS_CONTEXT_REPLICATION;REL_CTX003_EV_PREPARATION_INDEPENDENCE;REL_CTX003_MODEL_DIAGNOSTICS;REL_CTX003_PAIRING_CERTAINTY;REL_CTX003_PATHWAY_EVIDENCE;REL_CTX003_PHENOTYPE_SUPPORT;REL_CTX003_RECIPIENT_DONOR_INDEPENDENCE;REL_CTX003_SAMPLE_QC;REL_CTX003_SENSITIVITY_STABILITY;REL_CTX003_STUDY_INDEPENDENCE,EXP003-C4,data/metadata/skinexo_response_components.csv;reports/EXP003_C4_third_context_pathway_test.md
CTX003,E,E014,INACTIVE,1.0634595313462627,0.672904341339245,GOBP_TISSUE_REMODELING,OBSERVED_NULL,1,0,TRANSCRIPTOME,ANC_CTX003_COLLAGEN;ANC_CTX003_SCAR,NOT_APPLICABLE,REL_CTX003_ANNOTATION_CERTAINTY;REL_CTX003_BATCH_ADJUSTMENT;REL_CTX003_CONTROL_CERTAINTY;REL_CTX003_CROSS_CONTEXT_REPLICATION;REL_CTX003_EV_PREPARATION_INDEPENDENCE;REL_CTX003_MODEL_DIAGNOSTICS;REL_CTX003_PAIRING_CERTAINTY;REL_CTX003_PATHWAY_EVIDENCE;REL_CTX003_PHENOTYPE_SUPPORT;REL_CTX003_RECIPIENT_DONOR_INDEPENDENCE;REL_CTX003_SAMPLE_QC;REL_CTX003_SENSITIVITY_STABILITY;REL_CTX003_STUDY_INDEPENDENCE,EXP003-C4,data/metadata/skinexo_response_components.csv;reports/EXP003_C4_third_context_pathway_test.md
CTX003,E,E015,INACTIVE,-1.6794385500794466,0.3430531569795152,REACTOME_COLLAGEN_CHAIN_TRIMERIZATION,OBSERVED_NULL,1,0,TRANSCRIPTOME,ANC_CTX003_COLLAGEN;ANC_CTX003_SCAR,NOT_APPLICABLE,REL_CTX003_ANNOTATION_CERTAINTY;REL_CTX003_BATCH_ADJUSTMENT;REL_CTX003_CONTROL_CERTAINTY;REL_CTX003_CROSS_CONTEXT_REPLICATION;REL_CTX003_EV_PREPARATION_INDEPENDENCE;REL_CTX003_MODEL_DIAGNOSTICS;REL_CTX003_PAIRING_CERTAINTY;REL_CTX003_PATHWAY_EVIDENCE;REL_CTX003_PHENOTYPE_SUPPORT;REL_CTX003_RECIPIENT_DONOR_INDEPENDENCE;REL_CTX003_SAMPLE_QC;REL_CTX003_SENSITIVITY_STABILITY;REL_CTX003_STUDY_INDEPENDENCE,EXP003-C4,data/metadata/skinexo_response_components.csv;reports/EXP003_C4_third_context_pathway_test.md
CTX003,E,E016,INACTIVE,1.426643533243838,0.300512596159927,REACTOME_CELL_EXTRACELLULAR_MATRIX_INTERACTIONS,OBSERVED_NULL,1,0,TRANSCRIPTOME,ANC_CTX003_COLLAGEN;ANC_CTX003_SCAR,NOT_APPLICABLE,REL_CTX003_ANNOTATION_CERTAINTY;REL_CTX003_BATCH_ADJUSTMENT;REL_CTX003_CONTROL_CERTAINTY;REL_CTX003_CROSS_CONTEXT_REPLICATION;REL_CTX003_EV_PREPARATION_INDEPENDENCE;REL_CTX003_MODEL_DIAGNOSTICS;REL_CTX003_PAIRING_CERTAINTY;REL_CTX003_PATHWAY_EVIDENCE;REL_CTX003_PHENOTYPE_SUPPORT;REL_CTX003_RECIPIENT_DONOR_INDEPENDENCE;REL_CTX003_SAMPLE_QC;REL_CTX003_SENSITIVITY_STABILITY;REL_CTX003_STUDY_INDEPENDENCE,EXP003-C4,data/metadata/skinexo_response_components.csv;reports/EXP003_C4_third_context_pathway_test.md
CTX003,E,E017,INACTIVE,-1.0511547096088945,1.0,REACTOME_CROSSLINKING_OF_COLLAGEN_FIBRILS,OBSERVED_NULL,1,0,TRANSCRIPTOME,ANC_CTX003_COLLAGEN;ANC_CTX003_SCAR,NOT_APPLICABLE,REL_CTX003_ANNOTATION_CERTAINTY;REL_CTX003_BATCH_ADJUSTMENT;REL_CTX003_CONTROL_CERTAINTY;REL_CTX003_CROSS_CONTEXT_REPLICATION;REL_CTX003_EV_PREPARATION_INDEPENDENCE;REL_CTX003_MODEL_DIAGNOSTICS;REL_CTX003_PAIRING_CERTAINTY;REL_CTX003_PATHWAY_EVIDENCE;REL_CTX003_PHENOTYPE_SUPPORT;REL_CTX003_RECIPIENT_DONOR_INDEPENDENCE;REL_CTX003_SAMPLE_QC;REL_CTX003_SENSITIVITY_STABILITY;REL_CTX003_STUDY_INDEPENDENCE,EXP003-C4,data/metadata/skinexo_response_components.csv;reports/EXP003_C4_third_context_pathway_test.md
CTX003,E,E018,INACTIVE,-1.1287792296998065,0.9979820219895604,REACTOME_DEGRADATION_OF_THE_EXTRACELLULAR_MATRIX,OBSERVED_NULL,1,0,TRANSCRIPTOME,ANC_CTX003_COLLAGEN;ANC_CTX003_SCAR,NOT_APPLICABLE,REL_CTX003_ANNOTATION_CERTAINTY;REL_CTX003_BATCH_ADJUSTMENT;REL_CTX003_CONTROL_CERTAINTY;REL_CTX003_CROSS_CONTEXT_REPLICATION;REL_CTX003_EV_PREPARATION_INDEPENDENCE;REL_CTX003_MODEL_DIAGNOSTICS;REL_CTX003_PAIRING_CERTAINTY;REL_CTX003_PATHWAY_EVIDENCE;REL_CTX003_PHENOTYPE_SUPPORT;REL_CTX003_RECIPIENT_DONOR_INDEPENDENCE;REL_CTX003_SAMPLE_QC;REL_CTX003_SENSITIVITY_STABILITY;REL_CTX003_STUDY_INDEPENDENCE,EXP003-C4,data/metadata/skinexo_response_components.csv;reports/EXP003_C4_third_context_pathway_test.md
CTX003,E,E019,INACTIVE,-1.1836861611246632,0.9685347357484896,REACTOME_ECM_PROTEOGLYCANS,OBSERVED_NULL,1,0,TRANSCRIPTOME,ANC_CTX003_COLLAGEN;ANC_CTX003_SCAR,NOT_APPLICABLE,REL_CTX003_ANNOTATION_CERTAINTY;REL_CTX003_BATCH_ADJUSTMENT;REL_CTX003_CONTROL_CERTAINTY;REL_CTX003_CROSS_CONTEXT_REPLICATION;REL_CTX003_EV_PREPARATION_INDEPENDENCE;REL_CTX003_MODEL_DIAGNOSTICS;REL_CTX003_PAIRING_CERTAINTY;REL_CTX003_PATHWAY_EVIDENCE;REL_CTX003_PHENOTYPE_SUPPORT;REL_CTX003_RECIPIENT_DONOR_INDEPENDENCE;REL_CTX003_SAMPLE_QC;REL_CTX003_SENSITIVITY_STABILITY;REL_CTX003_STUDY_INDEPENDENCE,EXP003-C4,data/metadata/skinexo_response_components.csv;reports/EXP003_C4_third_context_pathway_test.md
CTX003,E,E020,INACTIVE,1.315525788961584,0.3847710028911425,REACTOME_EXTRACELLULAR_MATRIX_ORGANIZATION,OBSERVED_NULL,1,0,TRANSCRIPTOME,ANC_CTX003_COLLAGEN;ANC_CTX003_SCAR,NOT_APPLICABLE,REL_CTX003_ANNOTATION_CERTAINTY;REL_CTX003_BATCH_ADJUSTMENT;REL_CTX003_CONTROL_CERTAINTY;REL_CTX003_CROSS_CONTEXT_REPLICATION;REL_CTX003_EV_PREPARATION_INDEPENDENCE;REL_CTX003_MODEL_DIAGNOSTICS;REL_CTX003_PAIRING_CERTAINTY;REL_CTX003_PATHWAY_EVIDENCE;REL_CTX003_PHENOTYPE_SUPPORT;REL_CTX003_RECIPIENT_DONOR_INDEPENDENCE;REL_CTX003_SAMPLE_QC;REL_CTX003_SENSITIVITY_STABILITY;REL_CTX003_STUDY_INDEPENDENCE,EXP003-C4,data/metadata/skinexo_response_components.csv;reports/EXP003_C4_third_context_pathway_test.md
CTX003,E,E021,INACTIVE,1.7091303913383362,0.1339619785427364,REACTOME_INTEGRIN_CELL_SURFACE_INTERACTIONS,OBSERVED_NULL,1,0,TRANSCRIPTOME,ANC_CTX003_COLLAGEN;ANC_CTX003_SCAR,NOT_APPLICABLE,REL_CTX003_ANNOTATION_CERTAINTY;REL_CTX003_BATCH_ADJUSTMENT;REL_CTX003_CONTROL_CERTAINTY;REL_CTX003_CROSS_CONTEXT_REPLICATION;REL_CTX003_EV_PREPARATION_INDEPENDENCE;REL_CTX003_MODEL_DIAGNOSTICS;REL_CTX003_PAIRING_CERTAINTY;REL_CTX003_PATHWAY_EVIDENCE;REL_CTX003_PHENOTYPE_SUPPORT;REL_CTX003_RECIPIENT_DONOR_INDEPENDENCE;REL_CTX003_SAMPLE_QC;REL_CTX003_SENSITIVITY_STABILITY;REL_CTX003_STUDY_INDEPENDENCE,EXP003-C4,data/metadata/skinexo_response_components.csv;reports/EXP003_C4_third_context_pathway_test.md
CTX003,E,E022,INACTIVE,0.8876541626328575,0.8934294729339735,REACTOME_NON_INTEGRIN_MEMBRANE_ECM_INTERACTIONS,OBSERVED_NULL,1,0,TRANSCRIPTOME,ANC_CTX003_COLLAGEN;ANC_CTX003_SCAR,NOT_APPLICABLE,REL_CTX003_ANNOTATION_CERTAINTY;REL_CTX003_BATCH_ADJUSTMENT;REL_CTX003_CONTROL_CERTAINTY;REL_CTX003_CROSS_CONTEXT_REPLICATION;REL_CTX003_EV_PREPARATION_INDEPENDENCE;REL_CTX003_MODEL_DIAGNOSTICS;REL_CTX003_PAIRING_CERTAINTY;REL_CTX003_PATHWAY_EVIDENCE;REL_CTX003_PHENOTYPE_SUPPORT;REL_CTX003_RECIPIENT_DONOR_INDEPENDENCE;REL_CTX003_SAMPLE_QC;REL_CTX003_SENSITIVITY_STABILITY;REL_CTX003_STUDY_INDEPENDENCE,EXP003-C4,data/metadata/skinexo_response_components.csv;reports/EXP003_C4_third_context_pathway_test.md
CTX003,I,I001,INACTIVE,1.8905501026232487,0.083216379607168,GOBP_IMMUNE_RESPONSE_REGULATING_CELL_SURFACE_RECEPTOR_SIGNALING_PATHWAY,OBSERVED_NULL,1,0,TRANSCRIPTOME,,NOT_APPLICABLE,REL_CTX003_ANNOTATION_CERTAINTY;REL_CTX003_BATCH_ADJUSTMENT;REL_CTX003_CONTROL_CERTAINTY;REL_CTX003_CROSS_CONTEXT_REPLICATION;REL_CTX003_EV_PREPARATION_INDEPENDENCE;REL_CTX003_MODEL_DIAGNOSTICS;REL_CTX003_PAIRING_CERTAINTY;REL_CTX003_PATHWAY_EVIDENCE;REL_CTX003_PHENOTYPE_SUPPORT;REL_CTX003_RECIPIENT_DONOR_INDEPENDENCE;REL_CTX003_SAMPLE_QC;REL_CTX003_SENSITIVITY_STABILITY;REL_CTX003_STUDY_INDEPENDENCE,EXP003-C4,data/metadata/skinexo_response_components.csv;reports/EXP003_C4_third_context_pathway_test.md
CTX003,I,I002,INACTIVE,1.659118755715438,0.1549239527028627,GOBP_ACUTE_INFLAMMATORY_RESPONSE,OBSERVED_NULL,1,0,TRANSCRIPTOME,,NOT_APPLICABLE,REL_CTX003_ANNOTATION_CERTAINTY;REL_CTX003_BATCH_ADJUSTMENT;REL_CTX003_CONTROL_CERTAINTY;REL_CTX003_CROSS_CONTEXT_REPLICATION;REL_CTX003_EV_PREPARATION_INDEPENDENCE;REL_CTX003_MODEL_DIAGNOSTICS;REL_CTX003_PAIRING_CERTAINTY;REL_CTX003_PATHWAY_EVIDENCE;REL_CTX003_PHENOTYPE_SUPPORT;REL_CTX003_RECIPIENT_DONOR_INDEPENDENCE;REL_CTX003_SAMPLE_QC;REL_CTX003_SENSITIVITY_STABILITY;REL_CTX003_STUDY_INDEPENDENCE,EXP003-C4,data/metadata/skinexo_response_components.csv;reports/EXP003_C4_third_context_pathway_test.md
CTX003,I,I003,INACTIVE,1.989425901893812,0.0584190020586277,GOBP_ADAPTIVE_IMMUNE_RESPONSE_BASED_ON_SOMATIC_RECOMBINATION_OF_IMMUNE_RECEPTORS_BUILT_FROM_IMMUNOGLOBULIN_SUPERFAMILY_DOMAINS,OBSERVED_NULL,1,0,TRANSCRIPTOME,,NOT_APPLICABLE,REL_CTX003_ANNOTATION_CERTAINTY;REL_CTX003_BATCH_ADJUSTMENT;REL_CTX003_CONTROL_CERTAINTY;REL_CTX003_CROSS_CONTEXT_REPLICATION;REL_CTX003_EV_PREPARATION_INDEPENDENCE;REL_CTX003_MODEL_DIAGNOSTICS;REL_CTX003_PAIRING_CERTAINTY;REL_CTX003_PATHWAY_EVIDENCE;REL_CTX003_PHENOTYPE_SUPPORT;REL_CTX003_RECIPIENT_DONOR_INDEPENDENCE;REL_CTX003_SAMPLE_QC;REL_CTX003_SENSITIVITY_STABILITY;REL_CTX003_STUDY_INDEPENDENCE,EXP003-C4,data/metadata/skinexo_response_components.csv;reports/EXP003_C4_third_context_pathway_test.md
CTX003,I,I004,POSITIVE,2.396107058847178,0.0005314375991131,GOBP_ANTIMICROBIAL_HUMORAL_IMMUNE_RESPONSE_MEDIATED_BY_ANTIMICROBIAL_PEPTIDE,ACTIVE_POSITIVE,1,1,TRANSCRIPTOME,,NOT_APPLICABLE,REL_CTX003_ANNOTATION_CERTAINTY;REL_CTX003_BATCH_ADJUSTMENT;REL_CTX003_CONTROL_CERTAINTY;REL_CTX003_CROSS_CONTEXT_REPLICATION;REL_CTX003_EV_PREPARATION_INDEPENDENCE;REL_CTX003_MODEL_DIAGNOSTICS;REL_CTX003_PAIRING_CERTAINTY;REL_CTX003_PATHWAY_EVIDENCE;REL_CTX003_PHENOTYPE_SUPPORT;REL_CTX003_RECIPIENT_DONOR_INDEPENDENCE;REL_CTX003_SAMPLE_QC;REL_CTX003_SENSITIVITY_STABILITY;REL_CTX003_STUDY_INDEPENDENCE,EXP003-C4,data/metadata/skinexo_response_components.csv;reports/EXP003_C4_third_context_pathway_test.md
CTX003,I,I005,INACTIVE,1.123564785544766,0.6022384222806498,GOBP_ANTIVIRAL_INNATE_IMMUNE_RESPONSE,OBSERVED_NULL,1,0,TRANSCRIPTOME,,NOT_APPLICABLE,REL_CTX003_ANNOTATION_CERTAINTY;REL_CTX003_BATCH_ADJUSTMENT;REL_CTX003_CONTROL_CERTAINTY;REL_CTX003_CROSS_CONTEXT_REPLICATION;REL_CTX003_EV_PREPARATION_INDEPENDENCE;REL_CTX003_MODEL_DIAGNOSTICS;REL_CTX003_PAIRING_CERTAINTY;REL_CTX003_PATHWAY_EVIDENCE;REL_CTX003_PHENOTYPE_SUPPORT;REL_CTX003_RECIPIENT_DONOR_INDEPENDENCE;REL_CTX003_SAMPLE_QC;REL_CTX003_SENSITIVITY_STABILITY;REL_CTX003_STUDY_INDEPENDENCE,EXP003-C4,data/metadata/skinexo_response_components.csv;reports/EXP003_C4_third_context_pathway_test.md
CTX003,I,I006,INACTIVE,1.546789645252685,0.2193708748895329,GOBP_REGULATION_OF_B_CELL_MEDIATED_IMMUNITY,OBSERVED_NULL,1,0,TRANSCRIPTOME,,NOT_APPLICABLE,REL_CTX003_ANNOTATION_CERTAINTY;REL_CTX003_BATCH_ADJUSTMENT;REL_CTX003_CONTROL_CERTAINTY;REL_CTX003_CROSS_CONTEXT_REPLICATION;REL_CTX003_EV_PREPARATION_INDEPENDENCE;REL_CTX003_MODEL_DIAGNOSTICS;REL_CTX003_PAIRING_CERTAINTY;REL_CTX003_PATHWAY_EVIDENCE;REL_CTX003_PHENOTYPE_SUPPORT;REL_CTX003_RECIPIENT_DONOR_INDEPENDENCE;REL_CTX003_SAMPLE_QC;REL_CTX003_SENSITIVITY_STABILITY;REL_CTX003_STUDY_INDEPENDENCE,EXP003-C4,data/metadata/skinexo_response_components.csv;reports/EXP003_C4_third_context_pathway_test.md
CTX003,I,I007,INACTIVE,1.5815525369403716,0.199279656924035,GOBP_RESPONSE_TO_INTERFERON_BETA,OBSERVED_NULL,1,0,TRANSCRIPTOME,,NOT_APPLICABLE,REL_CTX003_ANNOTATION_CERTAINTY;REL_CTX003_BATCH_ADJUSTMENT;REL_CTX003_CONTROL_CERTAINTY;REL_CTX003_CROSS_CONTEXT_REPLICATION;REL_CTX003_EV_PREPARATION_INDEPENDENCE;REL_CTX003_MODEL_DIAGNOSTICS;REL_CTX003_PAIRING_CERTAINTY;REL_CTX003_PATHWAY_EVIDENCE;REL_CTX003_PHENOTYPE_SUPPORT;REL_CTX003_RECIPIENT_DONOR_INDEPENDENCE;REL_CTX003_SAMPLE_QC;REL_CTX003_SENSITIVITY_STABILITY;REL_CTX003_STUDY_INDEPENDENCE,EXP003-C4,data/metadata/skinexo_response_components.csv;reports/EXP003_C4_third_context_pathway_test.md
CTX003,I,I008,POSITIVE,2.1395479112346307,0.0245485328175074,GOBP_CELLULAR_RESPONSE_TO_INTERLEUKIN_1,ACTIVE_POSITIVE,1,1,TRANSCRIPTOME,,NOT_APPLICABLE,REL_CTX003_ANNOTATION_CERTAINTY;REL_CTX003_BATCH_ADJUSTMENT;REL_CTX003_CONTROL_CERTAINTY;REL_CTX003_CROSS_CONTEXT_REPLICATION;REL_CTX003_EV_PREPARATION_INDEPENDENCE;REL_CTX003_MODEL_DIAGNOSTICS;REL_CTX003_PAIRING_CERTAINTY;REL_CTX003_PATHWAY_EVIDENCE;REL_CTX003_PHENOTYPE_SUPPORT;REL_CTX003_RECIPIENT_DONOR_INDEPENDENCE;REL_CTX003_SAMPLE_QC;REL_CTX003_SENSITIVITY_STABILITY;REL_CTX003_STUDY_INDEPENDENCE,EXP003-C4,data/metadata/skinexo_response_components.csv;reports/EXP003_C4_third_context_pathway_test.md
CTX003,I,I009,POSITIVE,2.083939293108707,0.0335821842850601,GOBP_RESPONSE_TO_TYPE_II_INTERFERON,ACTIVE_POSITIVE,1,1,TRANSCRIPTOME,,NOT_APPLICABLE,REL_CTX003_ANNOTATION_CERTAINTY;REL_CTX003_BATCH_ADJUSTMENT;REL_CTX003_CONTROL_CERTAINTY;REL_CTX003_CROSS_CONTEXT_REPLICATION;REL_CTX003_EV_PREPARATION_INDEPENDENCE;REL_CTX003_MODEL_DIAGNOSTICS;REL_CTX003_PAIRING_CERTAINTY;REL_CTX003_PATHWAY_EVIDENCE;REL_CTX003_PHENOTYPE_SUPPORT;REL_CTX003_RECIPIENT_DONOR_INDEPENDENCE;REL_CTX003_SAMPLE_QC;REL_CTX003_SENSITIVITY_STABILITY;REL_CTX003_STUDY_INDEPENDENCE,EXP003-C4,data/metadata/skinexo_response_components.csv;reports/EXP003_C4_third_context_pathway_test.md
CTX003,I,I010,INACTIVE,1.9150126560058127,0.077779104615704,GOBP_T_CELL_ACTIVATION_INVOLVED_IN_IMMUNE_RESPONSE,OBSERVED_NULL,1,0,TRANSCRIPTOME,,NOT_APPLICABLE,REL_CTX003_ANNOTATION_CERTAINTY;REL_CTX003_BATCH_ADJUSTMENT;REL_CTX003_CONTROL_CERTAINTY;REL_CTX003_CROSS_CONTEXT_REPLICATION;REL_CTX003_EV_PREPARATION_INDEPENDENCE;REL_CTX003_MODEL_DIAGNOSTICS;REL_CTX003_PAIRING_CERTAINTY;REL_CTX003_PATHWAY_EVIDENCE;REL_CTX003_PHENOTYPE_SUPPORT;REL_CTX003_RECIPIENT_DONOR_INDEPENDENCE;REL_CTX003_SAMPLE_QC;REL_CTX003_SENSITIVITY_STABILITY;REL_CTX003_STUDY_INDEPENDENCE,EXP003-C4,data/metadata/skinexo_response_components.csv;reports/EXP003_C4_third_context_pathway_test.md
CTX003,I,I011,INACTIVE,1.9764030512368027,0.0628163752230421,GOBP_CELL_SURFACE_TOLL_LIKE_RECEPTOR_SIGNALING_PATHWAY,OBSERVED_NULL,1,0,TRANSCRIPTOME,,NOT_APPLICABLE,REL_CTX003_ANNOTATION_CERTAINTY;REL_CTX003_BATCH_ADJUSTMENT;REL_CTX003_CONTROL_CERTAINTY;REL_CTX003_CROSS_CONTEXT_REPLICATION;REL_CTX003_EV_PREPARATION_INDEPENDENCE;REL_CTX003_MODEL_DIAGNOSTICS;REL_CTX003_PAIRING_CERTAINTY;REL_CTX003_PATHWAY_EVIDENCE;REL_CTX003_PHENOTYPE_SUPPORT;REL_CTX003_RECIPIENT_DONOR_INDEPENDENCE;REL_CTX003_SAMPLE_QC;REL_CTX003_SENSITIVITY_STABILITY;REL_CTX003_STUDY_INDEPENDENCE,EXP003-C4,data/metadata/skinexo_response_components.csv;reports/EXP003_C4_third_context_pathway_test.md
CTX003,I,I012,POSITIVE,2.2000817897959,0.0118970568406515,GOBP_CYTOKINE_MEDIATED_SIGNALING_PATHWAY,ACTIVE_POSITIVE,1,1,TRANSCRIPTOME,,NOT_APPLICABLE,REL_CTX003_ANNOTATION_CERTAINTY;REL_CTX003_BATCH_ADJUSTMENT;REL_CTX003_CONTROL_CERTAINTY;REL_CTX003_CROSS_CONTEXT_REPLICATION;REL_CTX003_EV_PREPARATION_INDEPENDENCE;REL_CTX003_MODEL_DIAGNOSTICS;REL_CTX003_PAIRING_CERTAINTY;REL_CTX003_PATHWAY_EVIDENCE;REL_CTX003_PHENOTYPE_SUPPORT;REL_CTX003_RECIPIENT_DONOR_INDEPENDENCE;REL_CTX003_SAMPLE_QC;REL_CTX003_SENSITIVITY_STABILITY;REL_CTX003_STUDY_INDEPENDENCE,EXP003-C4,data/metadata/skinexo_response_components.csv;reports/EXP003_C4_third_context_pathway_test.md
CTX003,I,I013,INACTIVE,1.8824803860083552,0.0850300158581098,GOBP_NEGATIVE_REGULATION_OF_CYTOKINE_PRODUCTION_INVOLVED_IN_INFLAMMATORY_RESPONSE,OBSERVED_NULL,1,0,TRANSCRIPTOME,,NOT_APPLICABLE,REL_CTX003_ANNOTATION_CERTAINTY;REL_CTX003_BATCH_ADJUSTMENT;REL_CTX003_CONTROL_CERTAINTY;REL_CTX003_CROSS_CONTEXT_REPLICATION;REL_CTX003_EV_PREPARATION_INDEPENDENCE;REL_CTX003_MODEL_DIAGNOSTICS;REL_CTX003_PAIRING_CERTAINTY;REL_CTX003_PATHWAY_EVIDENCE;REL_CTX003_PHENOTYPE_SUPPORT;REL_CTX003_RECIPIENT_DONOR_INDEPENDENCE;REL_CTX003_SAMPLE_QC;REL_CTX003_SENSITIVITY_STABILITY;REL_CTX003_STUDY_INDEPENDENCE,EXP003-C4,data/metadata/skinexo_response_components.csv;reports/EXP003_C4_third_context_pathway_test.md
CTX003,I,I014,INACTIVE,1.8381946932397728,0.097651876996982,GOBP_TOLL_LIKE_RECEPTOR_3_SIGNALING_PATHWAY,OBSERVED_NULL,1,0,TRANSCRIPTOME,,NOT_APPLICABLE,REL_CTX003_ANNOTATION_CERTAINTY;REL_CTX003_BATCH_ADJUSTMENT;REL_CTX003_CONTROL_CERTAINTY;REL_CTX003_CROSS_CONTEXT_REPLICATION;REL_CTX003_EV_PREPARATION_INDEPENDENCE;REL_CTX003_MODEL_DIAGNOSTICS;REL_CTX003_PAIRING_CERTAINTY;REL_CTX003_PATHWAY_EVIDENCE;REL_CTX003_PHENOTYPE_SUPPORT;REL_CTX003_RECIPIENT_DONOR_INDEPENDENCE;REL_CTX003_SAMPLE_QC;REL_CTX003_SENSITIVITY_STABILITY;REL_CTX003_STUDY_INDEPENDENCE,EXP003-C4,data/metadata/skinexo_response_components.csv;reports/EXP003_C4_third_context_pathway_test.md
CTX003,I,I015,POSITIVE,2.434969538660402,0.0004671978893302,GOBP_HUMORAL_IMMUNE_RESPONSE,ACTIVE_POSITIVE,1,1,TRANSCRIPTOME,,NOT_APPLICABLE,REL_CTX003_ANNOTATION_CERTAINTY;REL_CTX003_BATCH_ADJUSTMENT;REL_CTX003_CONTROL_CERTAINTY;REL_CTX003_CROSS_CONTEXT_REPLICATION;REL_CTX003_EV_PREPARATION_INDEPENDENCE;REL_CTX003_MODEL_DIAGNOSTICS;REL_CTX003_PAIRING_CERTAINTY;REL_CTX003_PATHWAY_EVIDENCE;REL_CTX003_PHENOTYPE_SUPPORT;REL_CTX003_RECIPIENT_DONOR_INDEPENDENCE;REL_CTX003_SAMPLE_QC;REL_CTX003_SENSITIVITY_STABILITY;REL_CTX003_STUDY_INDEPENDENCE,EXP003-C4,data/metadata/skinexo_response_components.csv;reports/EXP003_C4_third_context_pathway_test.md
CTX003,I,I016,INACTIVE,1.8331478672143724,0.099071292084558,GOBP_HUMORAL_IMMUNE_RESPONSE_MEDIATED_BY_CIRCULATING_IMMUNOGLOBULIN,OBSERVED_NULL,1,0,TRANSCRIPTOME,,NOT_APPLICABLE,REL_CTX003_ANNOTATION_CERTAINTY;REL_CTX003_BATCH_ADJUSTMENT;REL_CTX003_CONTROL_CERTAINTY;REL_CTX003_CROSS_CONTEXT_REPLICATION;REL_CTX003_EV_PREPARATION_INDEPENDENCE;REL_CTX003_MODEL_DIAGNOSTICS;REL_CTX003_PAIRING_CERTAINTY;REL_CTX003_PATHWAY_EVIDENCE;REL_CTX003_PHENOTYPE_SUPPORT;REL_CTX003_RECIPIENT_DONOR_INDEPENDENCE;REL_CTX003_SAMPLE_QC;REL_CTX003_SENSITIVITY_STABILITY;REL_CTX003_STUDY_INDEPENDENCE,EXP003-C4,data/metadata/skinexo_response_components.csv;reports/EXP003_C4_third_context_pathway_test.md
CTX003,I,I017,INACTIVE,0.880393167347692,0.8975154170812261,GOBP_IMMUNE_RESPONSE_REGULATING_CELL_SURFACE_RECEPTOR_SIGNALING_PATHWAY_INVOLVED_IN_PHAGOCYTOSIS,OBSERVED_NULL,1,0,TRANSCRIPTOME,,NOT_APPLICABLE,REL_CTX003_ANNOTATION_CERTAINTY;REL_CTX003_BATCH_ADJUSTMENT;REL_CTX003_CONTROL_CERTAINTY;REL_CTX003_CROSS_CONTEXT_REPLICATION;REL_CTX003_EV_PREPARATION_INDEPENDENCE;REL_CTX003_MODEL_DIAGNOSTICS;REL_CTX003_PAIRING_CERTAINTY;REL_CTX003_PATHWAY_EVIDENCE;REL_CTX003_PHENOTYPE_SUPPORT;REL_CTX003_RECIPIENT_DONOR_INDEPENDENCE;REL_CTX003_SAMPLE_QC;REL_CTX003_SENSITIVITY_STABILITY;REL_CTX003_STUDY_INDEPENDENCE,EXP003-C4,data/metadata/skinexo_response_components.csv;reports/EXP003_C4_third_context_pathway_test.md
CTX003,I,I018,INACTIVE,-0.5257724976657787,1.0,GOBP_IMMUNE_RESPONSE_TO_TUMOR_CELL,OBSERVED_NULL,1,0,TRANSCRIPTOME,,NOT_APPLICABLE,REL_CTX003_ANNOTATION_CERTAINTY;REL_CTX003_BATCH_ADJUSTMENT;REL_CTX003_CONTROL_CERTAINTY;REL_CTX003_CROSS_CONTEXT_REPLICATION;REL_CTX003_EV_PREPARATION_INDEPENDENCE;REL_CTX003_MODEL_DIAGNOSTICS;REL_CTX003_PAIRING_CERTAINTY;REL_CTX003_PATHWAY_EVIDENCE;REL_CTX003_PHENOTYPE_SUPPORT;REL_CTX003_RECIPIENT_DONOR_INDEPENDENCE;REL_CTX003_SAMPLE_QC;REL_CTX003_SENSITIVITY_STABILITY;REL_CTX003_STUDY_INDEPENDENCE,EXP003-C4,data/metadata/skinexo_response_components.csv;reports/EXP003_C4_third_context_pathway_test.md
CTX003,I,I019,INACTIVE,1.694029684274571,0.1395735604220229,GOBP_IMMUNE_SYSTEM_DEVELOPMENT,OBSERVED_NULL,1,0,TRANSCRIPTOME,,NOT_APPLICABLE,REL_CTX003_ANNOTATION_CERTAINTY;REL_CTX003_BATCH_ADJUSTMENT;REL_CTX003_CONTROL_CERTAINTY;REL_CTX003_CROSS_CONTEXT_REPLICATION;REL_CTX003_EV_PREPARATION_INDEPENDENCE;REL_CTX003_MODEL_DIAGNOSTICS;REL_CTX003_PAIRING_CERTAINTY;REL_CTX003_PATHWAY_EVIDENCE;REL_CTX003_PHENOTYPE_SUPPORT;REL_CTX003_RECIPIENT_DONOR_INDEPENDENCE;REL_CTX003_SAMPLE_QC;REL_CTX003_SENSITIVITY_STABILITY;REL_CTX003_STUDY_INDEPENDENCE,EXP003-C4,data/metadata/skinexo_response_components.csv;reports/EXP003_C4_third_context_pathway_test.md
CTX003,I,I020,INACTIVE,1.484955715488263,0.2604352524204927,GOBP_POSITIVE_REGULATION_OF_INFLAMMASOME_MEDIATED_SIGNALING_PATHWAY,OBSERVED_NULL,1,0,TRANSCRIPTOME,,NOT_APPLICABLE,REL_CTX003_ANNOTATION_CERTAINTY;REL_CTX003_BATCH_ADJUSTMENT;REL_CTX003_CONTROL_CERTAINTY;REL_CTX003_CROSS_CONTEXT_REPLICATION;REL_CTX003_EV_PREPARATION_INDEPENDENCE;REL_CTX003_MODEL_DIAGNOSTICS;REL_CTX003_PAIRING_CERTAINTY;REL_CTX003_PATHWAY_EVIDENCE;REL_CTX003_PHENOTYPE_SUPPORT;REL_CTX003_RECIPIENT_DONOR_INDEPENDENCE;REL_CTX003_SAMPLE_QC;REL_CTX003_SENSITIVITY_STABILITY;REL_CTX003_STUDY_INDEPENDENCE,EXP003-C4,data/metadata/skinexo_response_components.csv;reports/EXP003_C4_third_context_pathway_test.md
CTX003,I,I021,NOT_TESTED,,,,NOT_TESTED,0,0,TRANSCRIPTOME,,NOT_APPLICABLE,REL_CTX003_ANNOTATION_CERTAINTY;REL_CTX003_BATCH_ADJUSTMENT;REL_CTX003_CONTROL_CERTAINTY;REL_CTX003_CROSS_CONTEXT_REPLICATION;REL_CTX003_EV_PREPARATION_INDEPENDENCE;REL_CTX003_MODEL_DIAGNOSTICS;REL_CTX003_PAIRING_CERTAINTY;REL_CTX003_PATHWAY_EVIDENCE;REL_CTX003_PHENOTYPE_SUPPORT;REL_CTX003_RECIPIENT_DONOR_INDEPENDENCE;REL_CTX003_SAMPLE_QC;REL_CTX003_SENSITIVITY_STABILITY;REL_CTX003_STUDY_INDEPENDENCE,EXP003-C4,data/metadata/skinexo_response_components.csv;reports/EXP003_C4_third_context_pathway_test.md
CTX003,I,I022,INACTIVE,1.6854615986576975,0.1431252309083323,GOBP_REGULATION_OF_INFLAMMATORY_RESPONSE_TO_ANTIGENIC_STIMULUS,OBSERVED_NULL,1,0,TRANSCRIPTOME,,NOT_APPLICABLE,REL_CTX003_ANNOTATION_CERTAINTY;REL_CTX003_BATCH_ADJUSTMENT;REL_CTX003_CONTROL_CERTAINTY;REL_CTX003_CROSS_CONTEXT_REPLICATION;REL_CTX003_EV_PREPARATION_INDEPENDENCE;REL_CTX003_MODEL_DIAGNOSTICS;REL_CTX003_PAIRING_CERTAINTY;REL_CTX003_PATHWAY_EVIDENCE;REL_CTX003_PHENOTYPE_SUPPORT;REL_CTX003_RECIPIENT_DONOR_INDEPENDENCE;REL_CTX003_SAMPLE_QC;REL_CTX003_SENSITIVITY_STABILITY;REL_CTX003_STUDY_INDEPENDENCE,EXP003-C4,data/metadata/skinexo_response_components.csv;reports/EXP003_C4_third_context_pathway_test.md
CTX003,I,I023,INACTIVE,1.0958753133388572,0.6379301020097677,GOBP_INFLAMMATORY_RESPONSE_TO_WOUNDING,OBSERVED_NULL,1,0,TRANSCRIPTOME,,NOT_APPLICABLE,REL_CTX003_ANNOTATION_CERTAINTY;REL_CTX003_BATCH_ADJUSTMENT;REL_CTX003_CONTROL_CERTAINTY;REL_CTX003_CROSS_CONTEXT_REPLICATION;REL_CTX003_EV_PREPARATION_INDEPENDENCE;REL_CTX003_MODEL_DIAGNOSTICS;REL_CTX003_PAIRING_CERTAINTY;REL_CTX003_PATHWAY_EVIDENCE;REL_CTX003_PHENOTYPE_SUPPORT;REL_CTX003_RECIPIENT_DONOR_INDEPENDENCE;REL_CTX003_SAMPLE_QC;REL_CTX003_SENSITIVITY_STABILITY;REL_CTX003_STUDY_INDEPENDENCE,EXP003-C4,data/metadata/skinexo_response_components.csv;reports/EXP003_C4_third_context_pathway_test.md
CTX003,I,I024,INACTIVE,1.31615716887614,0.384941901589531,GOBP_POSITIVE_REGULATION_OF_INTERFERON_ALPHA_PRODUCTION,OBSERVED_NULL,1,0,TRANSCRIPTOME,,NOT_APPLICABLE,REL_CTX003_ANNOTATION_CERTAINTY;REL_CTX003_BATCH_ADJUSTMENT;REL_CTX003_CONTROL_CERTAINTY;REL_CTX003_CROSS_CONTEXT_REPLICATION;REL_CTX003_EV_PREPARATION_INDEPENDENCE;REL_CTX003_MODEL_DIAGNOSTICS;REL_CTX003_PAIRING_CERTAINTY;REL_CTX003_PATHWAY_EVIDENCE;REL_CTX003_PHENOTYPE_SUPPORT;REL_CTX003_RECIPIENT_DONOR_INDEPENDENCE;REL_CTX003_SAMPLE_QC;REL_CTX003_SENSITIVITY_STABILITY;REL_CTX003_STUDY_INDEPENDENCE,EXP003-C4,data/metadata/skinexo_response_components.csv;reports/EXP003_C4_third_context_pathway_test.md
CTX003,I,I025,POSITIVE,2.1374357836667204,0.0249292546493094,GOBP_POSITIVE_REGULATION_OF_TYPE_I_INTERFERON_PRODUCTION,ACTIVE_POSITIVE,1,1,TRANSCRIPTOME,,NOT_APPLICABLE,REL_CTX003_ANNOTATION_CERTAINTY;REL_CTX003_BATCH_ADJUSTMENT;REL_CTX003_CONTROL_CERTAINTY;REL_CTX003_CROSS_CONTEXT_REPLICATION;REL_CTX003_EV_PREPARATION_INDEPENDENCE;REL_CTX003_MODEL_DIAGNOSTICS;REL_CTX003_PAIRING_CERTAINTY;REL_CTX003_PATHWAY_EVIDENCE;REL_CTX003_PHENOTYPE_SUPPORT;REL_CTX003_RECIPIENT_DONOR_INDEPENDENCE;REL_CTX003_SAMPLE_QC;REL_CTX003_SENSITIVITY_STABILITY;REL_CTX003_STUDY_INDEPENDENCE,EXP003-C4,data/metadata/skinexo_response_components.csv;reports/EXP003_C4_third_context_pathway_test.md
CTX003,I,I026,INACTIVE,1.3411270752162727,0.3660056296886727,GOBP_INTERFERON_MEDIATED_SIGNALING_PATHWAY,OBSERVED_NULL,1,0,TRANSCRIPTOME,,NOT_APPLICABLE,REL_CTX003_ANNOTATION_CERTAINTY;REL_CTX003_BATCH_ADJUSTMENT;REL_CTX003_CONTROL_CERTAINTY;REL_CTX003_CROSS_CONTEXT_REPLICATION;REL_CTX003_EV_PREPARATION_INDEPENDENCE;REL_CTX003_MODEL_DIAGNOSTICS;REL_CTX003_PAIRING_CERTAINTY;REL_CTX003_PATHWAY_EVIDENCE;REL_CTX003_PHENOTYPE_SUPPORT;REL_CTX003_RECIPIENT_DONOR_INDEPENDENCE;REL_CTX003_SAMPLE_QC;REL_CTX003_SENSITIVITY_STABILITY;REL_CTX003_STUDY_INDEPENDENCE,EXP003-C4,data/metadata/skinexo_response_components.csv;reports/EXP003_C4_third_context_pathway_test.md
CTX003,I,I027,INACTIVE,1.2995325947327123,0.4005048715196115,GOBP_POSITIVE_REGULATION_OF_INTERLEUKIN_10_PRODUCTION,OBSERVED_NULL,1,0,TRANSCRIPTOME,,NOT_APPLICABLE,REL_CTX003_ANNOTATION_CERTAINTY;REL_CTX003_BATCH_ADJUSTMENT;REL_CTX003_CONTROL_CERTAINTY;REL_CTX003_CROSS_CONTEXT_REPLICATION;REL_CTX003_EV_PREPARATION_INDEPENDENCE;REL_CTX003_MODEL_DIAGNOSTICS;REL_CTX003_PAIRING_CERTAINTY;REL_CTX003_PATHWAY_EVIDENCE;REL_CTX003_PHENOTYPE_SUPPORT;REL_CTX003_RECIPIENT_DONOR_INDEPENDENCE;REL_CTX003_SAMPLE_QC;REL_CTX003_SENSITIVITY_STABILITY;REL_CTX003_STUDY_INDEPENDENCE,EXP003-C4,data/metadata/skinexo_response_components.csv;reports/EXP003_C4_third_context_pathway_test.md
CTX003,I,I028,INACTIVE,1.7036467821967265,0.1345244143868094,GOBP_INTERLEUKIN_12_PRODUCTION,OBSERVED_NULL,1,0,TRANSCRIPTOME,,NOT_APPLICABLE,REL_CTX003_ANNOTATION_CERTAINTY;REL_CTX003_BATCH_ADJUSTMENT;REL_CTX003_CONTROL_CERTAINTY;REL_CTX003_CROSS_CONTEXT_REPLICATION;REL_CTX003_EV_PREPARATION_INDEPENDENCE;REL_CTX003_MODEL_DIAGNOSTICS;REL_CTX003_PAIRING_CERTAINTY;REL_CTX003_PATHWAY_EVIDENCE;REL_CTX003_PHENOTYPE_SUPPORT;REL_CTX003_RECIPIENT_DONOR_INDEPENDENCE;REL_CTX003_SAMPLE_QC;REL_CTX003_SENSITIVITY_STABILITY;REL_CTX003_STUDY_INDEPENDENCE,EXP003-C4,data/metadata/skinexo_response_components.csv;reports/EXP003_C4_third_context_pathway_test.md
CTX003,I,I029,INACTIVE,-0.6456128162007937,1.0,GOBP_INTERLEUKIN_13_PRODUCTION,OBSERVED_NULL,1,0,TRANSCRIPTOME,,NOT_APPLICABLE,REL_CTX003_ANNOTATION_CERTAINTY;REL_CTX003_BATCH_ADJUSTMENT;REL_CTX003_CONTROL_CERTAINTY;REL_CTX003_CROSS_CONTEXT_REPLICATION;REL_CTX003_EV_PREPARATION_INDEPENDENCE;REL_CTX003_MODEL_DIAGNOSTICS;REL_CTX003_PAIRING_CERTAINTY;REL_CTX003_PATHWAY_EVIDENCE;REL_CTX003_PHENOTYPE_SUPPORT;REL_CTX003_RECIPIENT_DONOR_INDEPENDENCE;REL_CTX003_SAMPLE_QC;REL_CTX003_SENSITIVITY_STABILITY;REL_CTX003_STUDY_INDEPENDENCE,EXP003-C4,data/metadata/skinexo_response_components.csv;reports/EXP003_C4_third_context_pathway_test.md
CTX003,I,I030,INACTIVE,0.8198028633477776,0.9605725345476094,GOBP_INTERLEUKIN_17_PRODUCTION,OBSERVED_NULL,1,0,TRANSCRIPTOME,,NOT_APPLICABLE,REL_CTX003_ANNOTATION_CERTAINTY;REL_CTX003_BATCH_ADJUSTMENT;REL_CTX003_CONTROL_CERTAINTY;REL_CTX003_CROSS_CONTEXT_REPLICATION;REL_CTX003_EV_PREPARATION_INDEPENDENCE;REL_CTX003_MODEL_DIAGNOSTICS;REL_CTX003_PAIRING_CERTAINTY;REL_CTX003_PATHWAY_EVIDENCE;REL_CTX003_PHENOTYPE_SUPPORT;REL_CTX003_RECIPIENT_DONOR_INDEPENDENCE;REL_CTX003_SAMPLE_QC;REL_CTX003_SENSITIVITY_STABILITY;REL_CTX003_STUDY_INDEPENDENCE,EXP003-C4,data/metadata/skinexo_response_components.csv;reports/EXP003_C4_third_context_pathway_test.md
CTX003,I,I031,INACTIVE,1.8024931065284815,0.1067248170470504,GOBP_INTERLEUKIN_1_MEDIATED_SIGNALING_PATHWAY,OBSERVED_NULL,1,0,TRANSCRIPTOME,,NOT_APPLICABLE,REL_CTX003_ANNOTATION_CERTAINTY;REL_CTX003_BATCH_ADJUSTMENT;REL_CTX003_CONTROL_CERTAINTY;REL_CTX003_CROSS_CONTEXT_REPLICATION;REL_CTX003_EV_PREPARATION_INDEPENDENCE;REL_CTX003_MODEL_DIAGNOSTICS;REL_CTX003_PAIRING_CERTAINTY;REL_CTX003_PATHWAY_EVIDENCE;REL_CTX003_PHENOTYPE_SUPPORT;REL_CTX003_RECIPIENT_DONOR_INDEPENDENCE;REL_CTX003_SAMPLE_QC;REL_CTX003_SENSITIVITY_STABILITY;REL_CTX003_STUDY_INDEPENDENCE,EXP003-C4,data/metadata/skinexo_response_components.csv;reports/EXP003_C4_third_context_pathway_test.md
CTX003,I,I032,INACTIVE,1.5328295323892691,0.2282161358378294,GOBP_INTERLEUKIN_1_PRODUCTION,OBSERVED_NULL,1,0,TRANSCRIPTOME,,NOT_APPLICABLE,REL_CTX003_ANNOTATION_CERTAINTY;REL_CTX003_BATCH_ADJUSTMENT;REL_CTX003_CONTROL_CERTAINTY;REL_CTX003_CROSS_CONTEXT_REPLICATION;REL_CTX003_EV_PREPARATION_INDEPENDENCE;REL_CTX003_MODEL_DIAGNOSTICS;REL_CTX003_PAIRING_CERTAINTY;REL_CTX003_PATHWAY_EVIDENCE;REL_CTX003_PHENOTYPE_SUPPORT;REL_CTX003_RECIPIENT_DONOR_INDEPENDENCE;REL_CTX003_SAMPLE_QC;REL_CTX003_SENSITIVITY_STABILITY;REL_CTX003_STUDY_INDEPENDENCE,EXP003-C4,data/metadata/skinexo_response_components.csv;reports/EXP003_C4_third_context_pathway_test.md
CTX003,I,I033,INACTIVE,1.9311534630522549,0.0730408823793938,GOBP_INTERLEUKIN_2_PRODUCTION,OBSERVED_NULL,1,0,TRANSCRIPTOME,,NOT_APPLICABLE,REL_CTX003_ANNOTATION_CERTAINTY;REL_CTX003_BATCH_ADJUSTMENT;REL_CTX003_CONTROL_CERTAINTY;REL_CTX003_CROSS_CONTEXT_REPLICATION;REL_CTX003_EV_PREPARATION_INDEPENDENCE;REL_CTX003_MODEL_DIAGNOSTICS;REL_CTX003_PAIRING_CERTAINTY;REL_CTX003_PATHWAY_EVIDENCE;REL_CTX003_PHENOTYPE_SUPPORT;REL_CTX003_RECIPIENT_DONOR_INDEPENDENCE;REL_CTX003_SAMPLE_QC;REL_CTX003_SENSITIVITY_STABILITY;REL_CTX003_STUDY_INDEPENDENCE,EXP003-C4,data/metadata/skinexo_response_components.csv;reports/EXP003_C4_third_context_pathway_test.md
CTX003,I,I034,INACTIVE,-0.5955128993606842,1.0,GOBP_INTERLEUKIN_4_PRODUCTION,OBSERVED_NULL,1,0,TRANSCRIPTOME,,NOT_APPLICABLE,REL_CTX003_ANNOTATION_CERTAINTY;REL_CTX003_BATCH_ADJUSTMENT;REL_CTX003_CONTROL_CERTAINTY;REL_CTX003_CROSS_CONTEXT_REPLICATION;REL_CTX003_EV_PREPARATION_INDEPENDENCE;REL_CTX003_MODEL_DIAGNOSTICS;REL_CTX003_PAIRING_CERTAINTY;REL_CTX003_PATHWAY_EVIDENCE;REL_CTX003_PHENOTYPE_SUPPORT;REL_CTX003_RECIPIENT_DONOR_INDEPENDENCE;REL_CTX003_SAMPLE_QC;REL_CTX003_SENSITIVITY_STABILITY;REL_CTX003_STUDY_INDEPENDENCE,EXP003-C4,data/metadata/skinexo_response_components.csv;reports/EXP003_C4_third_context_pathway_test.md
CTX003,I,I035,INACTIVE,1.3988209709737225,0.3192719236097086,GOBP_RESPONSE_TO_INTERLEUKIN_6,OBSERVED_NULL,1,0,TRANSCRIPTOME,,NOT_APPLICABLE,REL_CTX003_ANNOTATION_CERTAINTY;REL_CTX003_BATCH_ADJUSTMENT;REL_CTX003_CONTROL_CERTAINTY;REL_CTX003_CROSS_CONTEXT_REPLICATION;REL_CTX003_EV_PREPARATION_INDEPENDENCE;REL_CTX003_MODEL_DIAGNOSTICS;REL_CTX003_PAIRING_CERTAINTY;REL_CTX003_PATHWAY_EVIDENCE;REL_CTX003_PHENOTYPE_SUPPORT;REL_CTX003_RECIPIENT_DONOR_INDEPENDENCE;REL_CTX003_SAMPLE_QC;REL_CTX003_SENSITIVITY_STABILITY;REL_CTX003_STUDY_INDEPENDENCE,EXP003-C4,data/metadata/skinexo_response_components.csv;reports/EXP003_C4_third_context_pathway_test.md
CTX003,I,I036,INACTIVE,1.6173299015423528,0.1740442953164283,GOBP_INTERLEUKIN_6_PRODUCTION,OBSERVED_NULL,1,0,TRANSCRIPTOME,,NOT_APPLICABLE,REL_CTX003_ANNOTATION_CERTAINTY;REL_CTX003_BATCH_ADJUSTMENT;REL_CTX003_CONTROL_CERTAINTY;REL_CTX003_CROSS_CONTEXT_REPLICATION;REL_CTX003_EV_PREPARATION_INDEPENDENCE;REL_CTX003_MODEL_DIAGNOSTICS;REL_CTX003_PAIRING_CERTAINTY;REL_CTX003_PATHWAY_EVIDENCE;REL_CTX003_PHENOTYPE_SUPPORT;REL_CTX003_RECIPIENT_DONOR_INDEPENDENCE;REL_CTX003_SAMPLE_QC;REL_CTX003_SENSITIVITY_STABILITY;REL_CTX003_STUDY_INDEPENDENCE,EXP003-C4,data/metadata/skinexo_response_components.csv;reports/EXP003_C4_third_context_pathway_test.md
CTX003,I,I037,INACTIVE,1.231045169758211,0.4654948273396319,GOBP_POSITIVE_REGULATION_OF_INTERLEUKIN_8_PRODUCTION,OBSERVED_NULL,1,0,TRANSCRIPTOME,,NOT_APPLICABLE,REL_CTX003_ANNOTATION_CERTAINTY;REL_CTX003_BATCH_ADJUSTMENT;REL_CTX003_CONTROL_CERTAINTY;REL_CTX003_CROSS_CONTEXT_REPLICATION;REL_CTX003_EV_PREPARATION_INDEPENDENCE;REL_CTX003_MODEL_DIAGNOSTICS;REL_CTX003_PAIRING_CERTAINTY;REL_CTX003_PATHWAY_EVIDENCE;REL_CTX003_PHENOTYPE_SUPPORT;REL_CTX003_RECIPIENT_DONOR_INDEPENDENCE;REL_CTX003_SAMPLE_QC;REL_CTX003_SENSITIVITY_STABILITY;REL_CTX003_STUDY_INDEPENDENCE,EXP003-C4,data/metadata/skinexo_response_components.csv;reports/EXP003_C4_third_context_pathway_test.md
CTX003,I,I038,INACTIVE,2.04459635502661,0.0434068236469157,GOBP_LEUKOCYTE_ADHESION_TO_VASCULAR_ENDOTHELIAL_CELL,OBSERVED_NULL,1,0,TRANSCRIPTOME,,NOT_APPLICABLE,REL_CTX003_ANNOTATION_CERTAINTY;REL_CTX003_BATCH_ADJUSTMENT;REL_CTX003_CONTROL_CERTAINTY;REL_CTX003_CROSS_CONTEXT_REPLICATION;REL_CTX003_EV_PREPARATION_INDEPENDENCE;REL_CTX003_MODEL_DIAGNOSTICS;REL_CTX003_PAIRING_CERTAINTY;REL_CTX003_PATHWAY_EVIDENCE;REL_CTX003_PHENOTYPE_SUPPORT;REL_CTX003_RECIPIENT_DONOR_INDEPENDENCE;REL_CTX003_SAMPLE_QC;REL_CTX003_SENSITIVITY_STABILITY;REL_CTX003_STUDY_INDEPENDENCE,EXP003-C4,data/metadata/skinexo_response_components.csv;reports/EXP003_C4_third_context_pathway_test.md
CTX003,I,I039,INACTIVE,1.4635855675146727,0.2731664640661513,GOBP_LEUKOCYTE_APOPTOTIC_PROCESS,OBSERVED_NULL,1,0,TRANSCRIPTOME,,NOT_APPLICABLE,REL_CTX003_ANNOTATION_CERTAINTY;REL_CTX003_BATCH_ADJUSTMENT;REL_CTX003_CONTROL_CERTAINTY;REL_CTX003_CROSS_CONTEXT_REPLICATION;REL_CTX003_EV_PREPARATION_INDEPENDENCE;REL_CTX003_MODEL_DIAGNOSTICS;REL_CTX003_PAIRING_CERTAINTY;REL_CTX003_PATHWAY_EVIDENCE;REL_CTX003_PHENOTYPE_SUPPORT;REL_CTX003_RECIPIENT_DONOR_INDEPENDENCE;REL_CTX003_SAMPLE_QC;REL_CTX003_SENSITIVITY_STABILITY;REL_CTX003_STUDY_INDEPENDENCE,EXP003-C4,data/metadata/skinexo_response_components.csv;reports/EXP003_C4_third_context_pathway_test.md
CTX003,I,I040,INACTIVE,1.980360108166517,0.0612701999983294,GOBP_LEUKOCYTE_CELL_CELL_ADHESION,OBSERVED_NULL,1,0,TRANSCRIPTOME,,NOT_APPLICABLE,REL_CTX003_ANNOTATION_CERTAINTY;REL_CTX003_BATCH_ADJUSTMENT;REL_CTX003_CONTROL_CERTAINTY;REL_CTX003_CROSS_CONTEXT_REPLICATION;REL_CTX003_EV_PREPARATION_INDEPENDENCE;REL_CTX003_MODEL_DIAGNOSTICS;REL_CTX003_PAIRING_CERTAINTY;REL_CTX003_PATHWAY_EVIDENCE;REL_CTX003_PHENOTYPE_SUPPORT;REL_CTX003_RECIPIENT_DONOR_INDEPENDENCE;REL_CTX003_SAMPLE_QC;REL_CTX003_SENSITIVITY_STABILITY;REL_CTX003_STUDY_INDEPENDENCE,EXP003-C4,data/metadata/skinexo_response_components.csv;reports/EXP003_C4_third_context_pathway_test.md
CTX003,I,I041,POSITIVE,2.433072373876352,0.0004338266115209,GOBP_LEUKOCYTE_CHEMOTAXIS,ACTIVE_POSITIVE,1,1,TRANSCRIPTOME,,NOT_APPLICABLE,REL_CTX003_ANNOTATION_CERTAINTY;REL_CTX003_BATCH_ADJUSTMENT;REL_CTX003_CONTROL_CERTAINTY;REL_CTX003_CROSS_CONTEXT_REPLICATION;REL_CTX003_EV_PREPARATION_INDEPENDENCE;REL_CTX003_MODEL_DIAGNOSTICS;REL_CTX003_PAIRING_CERTAINTY;REL_CTX003_PATHWAY_EVIDENCE;REL_CTX003_PHENOTYPE_SUPPORT;REL_CTX003_RECIPIENT_DONOR_INDEPENDENCE;REL_CTX003_SAMPLE_QC;REL_CTX003_SENSITIVITY_STABILITY;REL_CTX003_STUDY_INDEPENDENCE,EXP003-C4,data/metadata/skinexo_response_components.csv;reports/EXP003_C4_third_context_pathway_test.md
CTX003,I,I042,INACTIVE,2.033700490967466,0.0455152064231879,GOBP_REGULATION_OF_MYELOID_LEUKOCYTE_MEDIATED_IMMUNITY,OBSERVED_NULL,1,0,TRANSCRIPTOME,,NOT_APPLICABLE,REL_CTX003_ANNOTATION_CERTAINTY;REL_CTX003_BATCH_ADJUSTMENT;REL_CTX003_CONTROL_CERTAINTY;REL_CTX003_CROSS_CONTEXT_REPLICATION;REL_CTX003_EV_PREPARATION_INDEPENDENCE;REL_CTX003_MODEL_DIAGNOSTICS;REL_CTX003_PAIRING_CERTAINTY;REL_CTX003_PATHWAY_EVIDENCE;REL_CTX003_PHENOTYPE_SUPPORT;REL_CTX003_RECIPIENT_DONOR_INDEPENDENCE;REL_CTX003_SAMPLE_QC;REL_CTX003_SENSITIVITY_STABILITY;REL_CTX003_STUDY_INDEPENDENCE,EXP003-C4,data/metadata/skinexo_response_components.csv;reports/EXP003_C4_third_context_pathway_test.md
CTX003,I,I043,POSITIVE,2.0550085759313226,0.0412510482338668,GOBP_LEUKOCYTE_HOMEOSTASIS,ACTIVE_POSITIVE,1,1,TRANSCRIPTOME,,NOT_APPLICABLE,REL_CTX003_ANNOTATION_CERTAINTY;REL_CTX003_BATCH_ADJUSTMENT;REL_CTX003_CONTROL_CERTAINTY;REL_CTX003_CROSS_CONTEXT_REPLICATION;REL_CTX003_EV_PREPARATION_INDEPENDENCE;REL_CTX003_MODEL_DIAGNOSTICS;REL_CTX003_PAIRING_CERTAINTY;REL_CTX003_PATHWAY_EVIDENCE;REL_CTX003_PHENOTYPE_SUPPORT;REL_CTX003_RECIPIENT_DONOR_INDEPENDENCE;REL_CTX003_SAMPLE_QC;REL_CTX003_SENSITIVITY_STABILITY;REL_CTX003_STUDY_INDEPENDENCE,EXP003-C4,data/metadata/skinexo_response_components.csv;reports/EXP003_C4_third_context_pathway_test.md
CTX003,I,I044,POSITIVE,2.0678065215343597,0.0384483549967105,GOBP_LEUKOCYTE_MEDIATED_CYTOTOXICITY,ACTIVE_POSITIVE,1,1,TRANSCRIPTOME,,NOT_APPLICABLE,REL_CTX003_ANNOTATION_CERTAINTY;REL_CTX003_BATCH_ADJUSTMENT;REL_CTX003_CONTROL_CERTAINTY;REL_CTX003_CROSS_CONTEXT_REPLICATION;REL_CTX003_EV_PREPARATION_INDEPENDENCE;REL_CTX003_MODEL_DIAGNOSTICS;REL_CTX003_PAIRING_CERTAINTY;REL_CTX003_PATHWAY_EVIDENCE;REL_CTX003_PHENOTYPE_SUPPORT;REL_CTX003_RECIPIENT_DONOR_INDEPENDENCE;REL_CTX003_SAMPLE_QC;REL_CTX003_SENSITIVITY_STABILITY;REL_CTX003_STUDY_INDEPENDENCE,EXP003-C4,data/metadata/skinexo_response_components.csv;reports/EXP003_C4_third_context_pathway_test.md
CTX003,I,I045,INACTIVE,1.8832446937266487,0.0857654552566883,GOBP_LEUKOCYTE_PROLIFERATION,OBSERVED_NULL,1,0,TRANSCRIPTOME,,NOT_APPLICABLE,REL_CTX003_ANNOTATION_CERTAINTY;REL_CTX003_BATCH_ADJUSTMENT;REL_CTX003_CONTROL_CERTAINTY;REL_CTX003_CROSS_CONTEXT_REPLICATION;REL_CTX003_EV_PREPARATION_INDEPENDENCE;REL_CTX003_MODEL_DIAGNOSTICS;REL_CTX003_PAIRING_CERTAINTY;REL_CTX003_PATHWAY_EVIDENCE;REL_CTX003_PHENOTYPE_SUPPORT;REL_CTX003_RECIPIENT_DONOR_INDEPENDENCE;REL_CTX003_SAMPLE_QC;REL_CTX003_SENSITIVITY_STABILITY;REL_CTX003_STUDY_INDEPENDENCE,EXP003-C4,data/metadata/skinexo_response_components.csv;reports/EXP003_C4_third_context_pathway_test.md
CTX003,I,I046,INACTIVE,1.2649839757035302,0.4310189522317147,GOBP_REGULATION_OF_MACROPHAGE_ACTIVATION,OBSERVED_NULL,1,0,TRANSCRIPTOME,,NOT_APPLICABLE,REL_CTX003_ANNOTATION_CERTAINTY;REL_CTX003_BATCH_ADJUSTMENT;REL_CTX003_CONTROL_CERTAINTY;REL_CTX003_CROSS_CONTEXT_REPLICATION;REL_CTX003_EV_PREPARATION_INDEPENDENCE;REL_CTX003_MODEL_DIAGNOSTICS;REL_CTX003_PAIRING_CERTAINTY;REL_CTX003_PATHWAY_EVIDENCE;REL_CTX003_PHENOTYPE_SUPPORT;REL_CTX003_RECIPIENT_DONOR_INDEPENDENCE;REL_CTX003_SAMPLE_QC;REL_CTX003_SENSITIVITY_STABILITY;REL_CTX003_STUDY_INDEPENDENCE,EXP003-C4,data/metadata/skinexo_response_components.csv;reports/EXP003_C4_third_context_pathway_test.md
CTX003,I,I047,INACTIVE,1.962060432448453,0.0683160113673193,GOBP_POSITIVE_REGULATION_OF_MACROPHAGE_MIGRATION,OBSERVED_NULL,1,0,TRANSCRIPTOME,,NOT_APPLICABLE,REL_CTX003_ANNOTATION_CERTAINTY;REL_CTX003_BATCH_ADJUSTMENT;REL_CTX003_CONTROL_CERTAINTY;REL_CTX003_CROSS_CONTEXT_REPLICATION;REL_CTX003_EV_PREPARATION_INDEPENDENCE;REL_CTX003_MODEL_DIAGNOSTICS;REL_CTX003_PAIRING_CERTAINTY;REL_CTX003_PATHWAY_EVIDENCE;REL_CTX003_PHENOTYPE_SUPPORT;REL_CTX003_RECIPIENT_DONOR_INDEPENDENCE;REL_CTX003_SAMPLE_QC;REL_CTX003_SENSITIVITY_STABILITY;REL_CTX003_STUDY_INDEPENDENCE,EXP003-C4,data/metadata/skinexo_response_components.csv;reports/EXP003_C4_third_context_pathway_test.md
CTX003,I,I048,INACTIVE,1.2856446604401193,0.4160109233373271,GOBP_POSITIVE_REGULATION_OF_MYELOID_LEUKOCYTE_CYTOKINE_PRODUCTION_INVOLVED_IN_IMMUNE_RESPONSE,OBSERVED_NULL,1,0,TRANSCRIPTOME,,NOT_APPLICABLE,REL_CTX003_ANNOTATION_CERTAINTY;REL_CTX003_BATCH_ADJUSTMENT;REL_CTX003_CONTROL_CERTAINTY;REL_CTX003_CROSS_CONTEXT_REPLICATION;REL_CTX003_EV_PREPARATION_INDEPENDENCE;REL_CTX003_MODEL_DIAGNOSTICS;REL_CTX003_PAIRING_CERTAINTY;REL_CTX003_PATHWAY_EVIDENCE;REL_CTX003_PHENOTYPE_SUPPORT;REL_CTX003_RECIPIENT_DONOR_INDEPENDENCE;REL_CTX003_SAMPLE_QC;REL_CTX003_SENSITIVITY_STABILITY;REL_CTX003_STUDY_INDEPENDENCE,EXP003-C4,data/metadata/skinexo_response_components.csv;reports/EXP003_C4_third_context_pathway_test.md
CTX003,I,I049,INACTIVE,1.7436439930971182,0.121605886033552,GOBP_MACROPHAGE_DIFFERENTIATION,OBSERVED_NULL,1,0,TRANSCRIPTOME,,NOT_APPLICABLE,REL_CTX003_ANNOTATION_CERTAINTY;REL_CTX003_BATCH_ADJUSTMENT;REL_CTX003_CONTROL_CERTAINTY;REL_CTX003_CROSS_CONTEXT_REPLICATION;REL_CTX003_EV_PREPARATION_INDEPENDENCE;REL_CTX003_MODEL_DIAGNOSTICS;REL_CTX003_PAIRING_CERTAINTY;REL_CTX003_PATHWAY_EVIDENCE;REL_CTX003_PHENOTYPE_SUPPORT;REL_CTX003_RECIPIENT_DONOR_INDEPENDENCE;REL_CTX003_SAMPLE_QC;REL_CTX003_SENSITIVITY_STABILITY;REL_CTX003_STUDY_INDEPENDENCE,EXP003-C4,data/metadata/skinexo_response_components.csv;reports/EXP003_C4_third_context_pathway_test.md
CTX003,I,I050,INACTIVE,2.0912524518902287,0.0343889867091173,GOBP_MYD88_DEPENDENT_TOLL_LIKE_RECEPTOR_SIGNALING_PATHWAY,OBSERVED_NULL,1,0,TRANSCRIPTOME,,NOT_APPLICABLE,REL_CTX003_ANNOTATION_CERTAINTY;REL_CTX003_BATCH_ADJUSTMENT;REL_CTX003_CONTROL_CERTAINTY;REL_CTX003_CROSS_CONTEXT_REPLICATION;REL_CTX003_EV_PREPARATION_INDEPENDENCE;REL_CTX003_MODEL_DIAGNOSTICS;REL_CTX003_PAIRING_CERTAINTY;REL_CTX003_PATHWAY_EVIDENCE;REL_CTX003_PHENOTYPE_SUPPORT;REL_CTX003_RECIPIENT_DONOR_INDEPENDENCE;REL_CTX003_SAMPLE_QC;REL_CTX003_SENSITIVITY_STABILITY;REL_CTX003_STUDY_INDEPENDENCE,EXP003-C4,data/metadata/skinexo_response_components.csv;reports/EXP003_C4_third_context_pathway_test.md
CTX003,I,I051,INACTIVE,1.7043667292129734,0.1343851230924009,GOBP_MYELOID_LEUKOCYTE_ACTIVATION,OBSERVED_NULL,1,0,TRANSCRIPTOME,,NOT_APPLICABLE,REL_CTX003_ANNOTATION_CERTAINTY;REL_CTX003_BATCH_ADJUSTMENT;REL_CTX003_CONTROL_CERTAINTY;REL_CTX003_CROSS_CONTEXT_REPLICATION;REL_CTX003_EV_PREPARATION_INDEPENDENCE;REL_CTX003_MODEL_DIAGNOSTICS;REL_CTX003_PAIRING_CERTAINTY;REL_CTX003_PATHWAY_EVIDENCE;REL_CTX003_PHENOTYPE_SUPPORT;REL_CTX003_RECIPIENT_DONOR_INDEPENDENCE;REL_CTX003_SAMPLE_QC;REL_CTX003_SENSITIVITY_STABILITY;REL_CTX003_STUDY_INDEPENDENCE,EXP003-C4,data/metadata/skinexo_response_components.csv;reports/EXP003_C4_third_context_pathway_test.md
CTX003,I,I052,INACTIVE,1.666229614455979,0.1517640995114562,GOBP_MYELOID_LEUKOCYTE_DIFFERENTIATION,OBSERVED_NULL,1,0,TRANSCRIPTOME,,NOT_APPLICABLE,REL_CTX003_ANNOTATION_CERTAINTY;REL_CTX003_BATCH_ADJUSTMENT;REL_CTX003_CONTROL_CERTAINTY;REL_CTX003_CROSS_CONTEXT_REPLICATION;REL_CTX003_EV_PREPARATION_INDEPENDENCE;REL_CTX003_MODEL_DIAGNOSTICS;REL_CTX003_PAIRING_CERTAINTY;REL_CTX003_PATHWAY_EVIDENCE;REL_CTX003_PHENOTYPE_SUPPORT;REL_CTX003_RECIPIENT_DONOR_INDEPENDENCE;REL_CTX003_SAMPLE_QC;REL_CTX003_SENSITIVITY_STABILITY;REL_CTX003_STUDY_INDEPENDENCE,EXP003-C4,data/metadata/skinexo_response_components.csv;reports/EXP003_C4_third_context_pathway_test.md
CTX003,I,I053,INACTIVE,1.350014390997658,0.3565411467497509,GOBP_NEGATIVE_REGULATION_OF_ADAPTIVE_IMMUNE_RESPONSE,OBSERVED_NULL,1,0,TRANSCRIPTOME,,NOT_APPLICABLE,REL_CTX003_ANNOTATION_CERTAINTY;REL_CTX003_BATCH_ADJUSTMENT;REL_CTX003_CONTROL_CERTAINTY;REL_CTX003_CROSS_CONTEXT_REPLICATION;REL_CTX003_EV_PREPARATION_INDEPENDENCE;REL_CTX003_MODEL_DIAGNOSTICS;REL_CTX003_PAIRING_CERTAINTY;REL_CTX003_PATHWAY_EVIDENCE;REL_CTX003_PHENOTYPE_SUPPORT;REL_CTX003_RECIPIENT_DONOR_INDEPENDENCE;REL_CTX003_SAMPLE_QC;REL_CTX003_SENSITIVITY_STABILITY;REL_CTX003_STUDY_INDEPENDENCE,EXP003-C4,data/metadata/skinexo_response_components.csv;reports/EXP003_C4_third_context_pathway_test.md
CTX003,I,I054,INACTIVE,1.646621001194227,0.1617964003431186,GOBP_NEGATIVE_REGULATION_OF_CYTOKINE_PRODUCTION,OBSERVED_NULL,1,0,TRANSCRIPTOME,,NOT_APPLICABLE,REL_CTX003_ANNOTATION_CERTAINTY;REL_CTX003_BATCH_ADJUSTMENT;REL_CTX003_CONTROL_CERTAINTY;REL_CTX003_CROSS_CONTEXT_REPLICATION;REL_CTX003_EV_PREPARATION_INDEPENDENCE;REL_CTX003_MODEL_DIAGNOSTICS;REL_CTX003_PAIRING_CERTAINTY;REL_CTX003_PATHWAY_EVIDENCE;REL_CTX003_PHENOTYPE_SUPPORT;REL_CTX003_RECIPIENT_DONOR_INDEPENDENCE;REL_CTX003_SAMPLE_QC;REL_CTX003_SENSITIVITY_STABILITY;REL_CTX003_STUDY_INDEPENDENCE,EXP003-C4,data/metadata/skinexo_response_components.csv;reports/EXP003_C4_third_context_pathway_test.md
CTX003,I,I055,INACTIVE,1.527517179395702,0.2337749493872382,GOBP_NEGATIVE_REGULATION_OF_LEUKOCYTE_MEDIATED_IMMUNITY,OBSERVED_NULL,1,0,TRANSCRIPTOME,,NOT_APPLICABLE,REL_CTX003_ANNOTATION_CERTAINTY;REL_CTX003_BATCH_ADJUSTMENT;REL_CTX003_CONTROL_CERTAINTY;REL_CTX003_CROSS_CONTEXT_REPLICATION;REL_CTX003_EV_PREPARATION_INDEPENDENCE;REL_CTX003_MODEL_DIAGNOSTICS;REL_CTX003_PAIRING_CERTAINTY;REL_CTX003_PATHWAY_EVIDENCE;REL_CTX003_PHENOTYPE_SUPPORT;REL_CTX003_RECIPIENT_DONOR_INDEPENDENCE;REL_CTX003_SAMPLE_QC;REL_CTX003_SENSITIVITY_STABILITY;REL_CTX003_STUDY_INDEPENDENCE,EXP003-C4,data/metadata/skinexo_response_components.csv;reports/EXP003_C4_third_context_pathway_test.md
CTX003,I,I056,INACTIVE,1.5545517389398218,0.2173291321070052,GOBP_NEGATIVE_REGULATION_OF_IMMUNE_RESPONSE,OBSERVED_NULL,1,0,TRANSCRIPTOME,,NOT_APPLICABLE,REL_CTX003_ANNOTATION_CERTAINTY;REL_CTX003_BATCH_ADJUSTMENT;REL_CTX003_CONTROL_CERTAINTY;REL_CTX003_CROSS_CONTEXT_REPLICATION;REL_CTX003_EV_PREPARATION_INDEPENDENCE;REL_CTX003_MODEL_DIAGNOSTICS;REL_CTX003_PAIRING_CERTAINTY;REL_CTX003_PATHWAY_EVIDENCE;REL_CTX003_PHENOTYPE_SUPPORT;REL_CTX003_RECIPIENT_DONOR_INDEPENDENCE;REL_CTX003_SAMPLE_QC;REL_CTX003_SENSITIVITY_STABILITY;REL_CTX003_STUDY_INDEPENDENCE,EXP003-C4,data/metadata/skinexo_response_components.csv;reports/EXP003_C4_third_context_pathway_test.md
CTX003,I,I057,INACTIVE,1.685354888543764,0.1427408641562052,GOBP_NEGATIVE_REGULATION_OF_IMMUNE_SYSTEM_PROCESS,OBSERVED_NULL,1,0,TRANSCRIPTOME,,NOT_APPLICABLE,REL_CTX003_ANNOTATION_CERTAINTY;REL_CTX003_BATCH_ADJUSTMENT;REL_CTX003_CONTROL_CERTAINTY;REL_CTX003_CROSS_CONTEXT_REPLICATION;REL_CTX003_EV_PREPARATION_INDEPENDENCE;REL_CTX003_MODEL_DIAGNOSTICS;REL_CTX003_PAIRING_CERTAINTY;REL_CTX003_PATHWAY_EVIDENCE;REL_CTX003_PHENOTYPE_SUPPORT;REL_CTX003_RECIPIENT_DONOR_INDEPENDENCE;REL_CTX003_SAMPLE_QC;REL_CTX003_SENSITIVITY_STABILITY;REL_CTX003_STUDY_INDEPENDENCE,EXP003-C4,data/metadata/skinexo_response_components.csv;reports/EXP003_C4_third_context_pathway_test.md
CTX003,I,I058,INACTIVE,-1.2406917485702127,0.903135446728766,GOBP_NEGATIVE_REGULATION_OF_INFLAMMASOME_MEDIATED_SIGNALING_PATHWAY,OBSERVED_NULL,1,0,TRANSCRIPTOME,,NOT_APPLICABLE,REL_CTX003_ANNOTATION_CERTAINTY;REL_CTX003_BATCH_ADJUSTMENT;REL_CTX003_CONTROL_CERTAINTY;REL_CTX003_CROSS_CONTEXT_REPLICATION;REL_CTX003_EV_PREPARATION_INDEPENDENCE;REL_CTX003_MODEL_DIAGNOSTICS;REL_CTX003_PAIRING_CERTAINTY;REL_CTX003_PATHWAY_EVIDENCE;REL_CTX003_PHENOTYPE_SUPPORT;REL_CTX003_RECIPIENT_DONOR_INDEPENDENCE;REL_CTX003_SAMPLE_QC;REL_CTX003_SENSITIVITY_STABILITY;REL_CTX003_STUDY_INDEPENDENCE,EXP003-C4,data/metadata/skinexo_response_components.csv;reports/EXP003_C4_third_context_pathway_test.md
CTX003,I,I059,INACTIVE,1.6823174947844175,0.1433872520873647,GOBP_NEGATIVE_REGULATION_OF_INFLAMMATORY_RESPONSE,OBSERVED_NULL,1,0,TRANSCRIPTOME,,NOT_APPLICABLE,REL_CTX003_ANNOTATION_CERTAINTY;REL_CTX003_BATCH_ADJUSTMENT;REL_CTX003_CONTROL_CERTAINTY;REL_CTX003_CROSS_CONTEXT_REPLICATION;REL_CTX003_EV_PREPARATION_INDEPENDENCE;REL_CTX003_MODEL_DIAGNOSTICS;REL_CTX003_PAIRING_CERTAINTY;REL_CTX003_PATHWAY_EVIDENCE;REL_CTX003_PHENOTYPE_SUPPORT;REL_CTX003_RECIPIENT_DONOR_INDEPENDENCE;REL_CTX003_SAMPLE_QC;REL_CTX003_SENSITIVITY_STABILITY;REL_CTX003_STUDY_INDEPENDENCE,EXP003-C4,data/metadata/skinexo_response_components.csv;reports/EXP003_C4_third_context_pathway_test.md
CTX003,I,I060,INACTIVE,1.490656723334473,0.2573244644044226,GOBP_NEGATIVE_REGULATION_OF_INNATE_IMMUNE_RESPONSE,OBSERVED_NULL,1,0,TRANSCRIPTOME,,NOT_APPLICABLE,REL_CTX003_ANNOTATION_CERTAINTY;REL_CTX003_BATCH_ADJUSTMENT;REL_CTX003_CONTROL_CERTAINTY;REL_CTX003_CROSS_CONTEXT_REPLICATION;REL_CTX003_EV_PREPARATION_INDEPENDENCE;REL_CTX003_MODEL_DIAGNOSTICS;REL_CTX003_PAIRING_CERTAINTY;REL_CTX003_PATHWAY_EVIDENCE;REL_CTX003_PHENOTYPE_SUPPORT;REL_CTX003_RECIPIENT_DONOR_INDEPENDENCE;REL_CTX003_SAMPLE_QC;REL_CTX003_SENSITIVITY_STABILITY;REL_CTX003_STUDY_INDEPENDENCE,EXP003-C4,data/metadata/skinexo_response_components.csv;reports/EXP003_C4_third_context_pathway_test.md
CTX003,I,I061,INACTIVE,1.232034373468993,0.4646130463846176,GOBP_NEGATIVE_REGULATION_OF_INTERFERON_BETA_PRODUCTION,OBSERVED_NULL,1,0,TRANSCRIPTOME,,NOT_APPLICABLE,REL_CTX003_ANNOTATION_CERTAINTY;REL_CTX003_BATCH_ADJUSTMENT;REL_CTX003_CONTROL_CERTAINTY;REL_CTX003_CROSS_CONTEXT_REPLICATION;REL_CTX003_EV_PREPARATION_INDEPENDENCE;REL_CTX003_MODEL_DIAGNOSTICS;REL_CTX003_PAIRING_CERTAINTY;REL_CTX003_PATHWAY_EVIDENCE;REL_CTX003_PHENOTYPE_SUPPORT;REL_CTX003_RECIPIENT_DONOR_INDEPENDENCE;REL_CTX003_SAMPLE_QC;REL_CTX003_SENSITIVITY_STABILITY;REL_CTX003_STUDY_INDEPENDENCE,EXP003-C4,data/metadata/skinexo_response_components.csv;reports/EXP003_C4_third_context_pathway_test.md
CTX003,I,I062,INACTIVE,1.7763073268677596,0.1130610511948064,GOBP_NEGATIVE_REGULATION_OF_INTERLEUKIN_1_BETA_PRODUCTION,OBSERVED_NULL,1,0,TRANSCRIPTOME,,NOT_APPLICABLE,REL_CTX003_ANNOTATION_CERTAINTY;REL_CTX003_BATCH_ADJUSTMENT;REL_CTX003_CONTROL_CERTAINTY;REL_CTX003_CROSS_CONTEXT_REPLICATION;REL_CTX003_EV_PREPARATION_INDEPENDENCE;REL_CTX003_MODEL_DIAGNOSTICS;REL_CTX003_PAIRING_CERTAINTY;REL_CTX003_PATHWAY_EVIDENCE;REL_CTX003_PHENOTYPE_SUPPORT;REL_CTX003_RECIPIENT_DONOR_INDEPENDENCE;REL_CTX003_SAMPLE_QC;REL_CTX003_SENSITIVITY_STABILITY;REL_CTX003_STUDY_INDEPENDENCE,EXP003-C4,data/metadata/skinexo_response_components.csv;reports/EXP003_C4_third_context_pathway_test.md
CTX003,I,I063,INACTIVE,1.9633416706496176,0.0683542263403058,GOBP_NEGATIVE_REGULATION_OF_INTERLEUKIN_6_PRODUCTION,OBSERVED_NULL,1,0,TRANSCRIPTOME,,NOT_APPLICABLE,REL_CTX003_ANNOTATION_CERTAINTY;REL_CTX003_BATCH_ADJUSTMENT;REL_CTX003_CONTROL_CERTAINTY;REL_CTX003_CROSS_CONTEXT_REPLICATION;REL_CTX003_EV_PREPARATION_INDEPENDENCE;REL_CTX003_MODEL_DIAGNOSTICS;REL_CTX003_PAIRING_CERTAINTY;REL_CTX003_PATHWAY_EVIDENCE;REL_CTX003_PHENOTYPE_SUPPORT;REL_CTX003_RECIPIENT_DONOR_INDEPENDENCE;REL_CTX003_SAMPLE_QC;REL_CTX003_SENSITIVITY_STABILITY;REL_CTX003_STUDY_INDEPENDENCE,EXP003-C4,data/metadata/skinexo_response_components.csv;reports/EXP003_C4_third_context_pathway_test.md
CTX003,I,I064,INACTIVE,1.433612341264749,0.2961239387904014,GOBP_NEGATIVE_REGULATION_OF_LEUKOCYTE_CELL_CELL_ADHESION,OBSERVED_NULL,1,0,TRANSCRIPTOME,,NOT_APPLICABLE,REL_CTX003_ANNOTATION_CERTAINTY;REL_CTX003_BATCH_ADJUSTMENT;REL_CTX003_CONTROL_CERTAINTY;REL_CTX003_CROSS_CONTEXT_REPLICATION;REL_CTX003_EV_PREPARATION_INDEPENDENCE;REL_CTX003_MODEL_DIAGNOSTICS;REL_CTX003_PAIRING_CERTAINTY;REL_CTX003_PATHWAY_EVIDENCE;REL_CTX003_PHENOTYPE_SUPPORT;REL_CTX003_RECIPIENT_DONOR_INDEPENDENCE;REL_CTX003_SAMPLE_QC;REL_CTX003_SENSITIVITY_STABILITY;REL_CTX003_STUDY_INDEPENDENCE,EXP003-C4,data/metadata/skinexo_response_components.csv;reports/EXP003_C4_third_context_pathway_test.md
CTX003,I,I065,INACTIVE,1.828801956562824,0.099977752772849,GOBP_NEGATIVE_REGULATION_OF_LEUKOCYTE_MIGRATION,OBSERVED_NULL,1,0,TRANSCRIPTOME,,NOT_APPLICABLE,REL_CTX003_ANNOTATION_CERTAINTY;REL_CTX003_BATCH_ADJUSTMENT;REL_CTX003_CONTROL_CERTAINTY;REL_CTX003_CROSS_CONTEXT_REPLICATION;REL_CTX003_EV_PREPARATION_INDEPENDENCE;REL_CTX003_MODEL_DIAGNOSTICS;REL_CTX003_PAIRING_CERTAINTY;REL_CTX003_PATHWAY_EVIDENCE;REL_CTX003_PHENOTYPE_SUPPORT;REL_CTX003_RECIPIENT_DONOR_INDEPENDENCE;REL_CTX003_SAMPLE_QC;REL_CTX003_SENSITIVITY_STABILITY;REL_CTX003_STUDY_INDEPENDENCE,EXP003-C4,data/metadata/skinexo_response_components.csv;reports/EXP003_C4_third_context_pathway_test.md
CTX003,I,I066,INACTIVE,1.7631603807102136,0.1172851175205333,GOBP_NEGATIVE_REGULATION_OF_LEUKOCYTE_PROLIFERATION,OBSERVED_NULL,1,0,TRANSCRIPTOME,,NOT_APPLICABLE,REL_CTX003_ANNOTATION_CERTAINTY;REL_CTX003_BATCH_ADJUSTMENT;REL_CTX003_CONTROL_CERTAINTY;REL_CTX003_CROSS_CONTEXT_REPLICATION;REL_CTX003_EV_PREPARATION_INDEPENDENCE;REL_CTX003_MODEL_DIAGNOSTICS;REL_CTX003_PAIRING_CERTAINTY;REL_CTX003_PATHWAY_EVIDENCE;REL_CTX003_PHENOTYPE_SUPPORT;REL_CTX003_RECIPIENT_DONOR_INDEPENDENCE;REL_CTX003_SAMPLE_QC;REL_CTX003_SENSITIVITY_STABILITY;REL_CTX003_STUDY_INDEPENDENCE,EXP003-C4,data/metadata/skinexo_response_components.csv;reports/EXP003_C4_third_context_pathway_test.md
CTX003,I,I067,INACTIVE,1.3986469890040127,0.3191243820973872,GOBP_NEGATIVE_REGULATION_OF_MYELOID_LEUKOCYTE_DIFFERENTIATION,OBSERVED_NULL,1,0,TRANSCRIPTOME,,NOT_APPLICABLE,REL_CTX003_ANNOTATION_CERTAINTY;REL_CTX003_BATCH_ADJUSTMENT;REL_CTX003_CONTROL_CERTAINTY;REL_CTX003_CROSS_CONTEXT_REPLICATION;REL_CTX003_EV_PREPARATION_INDEPENDENCE;REL_CTX003_MODEL_DIAGNOSTICS;REL_CTX003_PAIRING_CERTAINTY;REL_CTX003_PATHWAY_EVIDENCE;REL_CTX003_PHENOTYPE_SUPPORT;REL_CTX003_RECIPIENT_DONOR_INDEPENDENCE;REL_CTX003_SAMPLE_QC;REL_CTX003_SENSITIVITY_STABILITY;REL_CTX003_STUDY_INDEPENDENCE,EXP003-C4,data/metadata/skinexo_response_components.csv;reports/EXP003_C4_third_context_pathway_test.md
CTX003,I,I068,NOT_TESTED,,,,NOT_TESTED,0,0,TRANSCRIPTOME,,NOT_APPLICABLE,REL_CTX003_ANNOTATION_CERTAINTY;REL_CTX003_BATCH_ADJUSTMENT;REL_CTX003_CONTROL_CERTAINTY;REL_CTX003_CROSS_CONTEXT_REPLICATION;REL_CTX003_EV_PREPARATION_INDEPENDENCE;REL_CTX003_MODEL_DIAGNOSTICS;REL_CTX003_PAIRING_CERTAINTY;REL_CTX003_PATHWAY_EVIDENCE;REL_CTX003_PHENOTYPE_SUPPORT;REL_CTX003_RECIPIENT_DONOR_INDEPENDENCE;REL_CTX003_SAMPLE_QC;REL_CTX003_SENSITIVITY_STABILITY;REL_CTX003_STUDY_INDEPENDENCE,EXP003-C4,data/metadata/skinexo_response_components.csv;reports/EXP003_C4_third_context_pathway_test.md
CTX003,I,I069,INACTIVE,1.293939380932503,0.4071335938268616,GOBP_NEGATIVE_REGULATION_OF_PRODUCTION_OF_MOLECULAR_MEDIATOR_OF_IMMUNE_RESPONSE,OBSERVED_NULL,1,0,TRANSCRIPTOME,,NOT_APPLICABLE,REL_CTX003_ANNOTATION_CERTAINTY;REL_CTX003_BATCH_ADJUSTMENT;REL_CTX003_CONTROL_CERTAINTY;REL_CTX003_CROSS_CONTEXT_REPLICATION;REL_CTX003_EV_PREPARATION_INDEPENDENCE;REL_CTX003_MODEL_DIAGNOSTICS;REL_CTX003_PAIRING_CERTAINTY;REL_CTX003_PATHWAY_EVIDENCE;REL_CTX003_PHENOTYPE_SUPPORT;REL_CTX003_RECIPIENT_DONOR_INDEPENDENCE;REL_CTX003_SAMPLE_QC;REL_CTX003_SENSITIVITY_STABILITY;REL_CTX003_STUDY_INDEPENDENCE,EXP003-C4,data/metadata/skinexo_response_components.csv;reports/EXP003_C4_third_context_pathway_test.md
CTX003,I,I070,INACTIVE,1.671622538860989,0.1500902788960172,GOBP_REGULATION_OF_RESPONSE_TO_CYTOKINE_STIMULUS,OBSERVED_NULL,1,0,TRANSCRIPTOME,,NOT_APPLICABLE,REL_CTX003_ANNOTATION_CERTAINTY;REL_CTX003_BATCH_ADJUSTMENT;REL_CTX003_CONTROL_CERTAINTY;REL_CTX003_CROSS_CONTEXT_REPLICATION;REL_CTX003_EV_PREPARATION_INDEPENDENCE;REL_CTX003_MODEL_DIAGNOSTICS;REL_CTX003_PAIRING_CERTAINTY;REL_CTX003_PATHWAY_EVIDENCE;REL_CTX003_PHENOTYPE_SUPPORT;REL_CTX003_RECIPIENT_DONOR_INDEPENDENCE;REL_CTX003_SAMPLE_QC;REL_CTX003_SENSITIVITY_STABILITY;REL_CTX003_STUDY_INDEPENDENCE,EXP003-C4,data/metadata/skinexo_response_components.csv;reports/EXP003_C4_third_context_pathway_test.md
CTX003,I,I071,INACTIVE,1.6597598356266074,0.1553575420404054,GOBP_NEGATIVE_REGULATION_OF_TUMOR_NECROSIS_FACTOR_SUPERFAMILY_CYTOKINE_PRODUCTION,OBSERVED_NULL,1,0,TRANSCRIPTOME,,NOT_APPLICABLE,REL_CTX003_ANNOTATION_CERTAINTY;REL_CTX003_BATCH_ADJUSTMENT;REL_CTX003_CONTROL_CERTAINTY;REL_CTX003_CROSS_CONTEXT_REPLICATION;REL_CTX003_EV_PREPARATION_INDEPENDENCE;REL_CTX003_MODEL_DIAGNOSTICS;REL_CTX003_PAIRING_CERTAINTY;REL_CTX003_PATHWAY_EVIDENCE;REL_CTX003_PHENOTYPE_SUPPORT;REL_CTX003_RECIPIENT_DONOR_INDEPENDENCE;REL_CTX003_SAMPLE_QC;REL_CTX003_SENSITIVITY_STABILITY;REL_CTX003_STUDY_INDEPENDENCE,EXP003-C4,data/metadata/skinexo_response_components.csv;reports/EXP003_C4_third_context_pathway_test.md
CTX003,I,I072,INACTIVE,1.5701594804444945,0.2089932653132845,GOBP_NEGATIVE_REGULATION_OF_TYPE_II_INTERFERON_PRODUCTION,OBSERVED_NULL,1,0,TRANSCRIPTOME,,NOT_APPLICABLE,REL_CTX003_ANNOTATION_CERTAINTY;REL_CTX003_BATCH_ADJUSTMENT;REL_CTX003_CONTROL_CERTAINTY;REL_CTX003_CROSS_CONTEXT_REPLICATION;REL_CTX003_EV_PREPARATION_INDEPENDENCE;REL_CTX003_MODEL_DIAGNOSTICS;REL_CTX003_PAIRING_CERTAINTY;REL_CTX003_PATHWAY_EVIDENCE;REL_CTX003_PHENOTYPE_SUPPORT;REL_CTX003_RECIPIENT_DONOR_INDEPENDENCE;REL_CTX003_SAMPLE_QC;REL_CTX003_SENSITIVITY_STABILITY;REL_CTX003_STUDY_INDEPENDENCE,EXP003-C4,data/metadata/skinexo_response_components.csv;reports/EXP003_C4_third_context_pathway_test.md
CTX003,I,I073,INACTIVE,0.9646364240213144,0.7905794252291845,GOBP_NEGATIVE_REGULATION_OF_TYPE_I_INTERFERON_PRODUCTION,OBSERVED_NULL,1,0,TRANSCRIPTOME,,NOT_APPLICABLE,REL_CTX003_ANNOTATION_CERTAINTY;REL_CTX003_BATCH_ADJUSTMENT;REL_CTX003_CONTROL_CERTAINTY;REL_CTX003_CROSS_CONTEXT_REPLICATION;REL_CTX003_EV_PREPARATION_INDEPENDENCE;REL_CTX003_MODEL_DIAGNOSTICS;REL_CTX003_PAIRING_CERTAINTY;REL_CTX003_PATHWAY_EVIDENCE;REL_CTX003_PHENOTYPE_SUPPORT;REL_CTX003_RECIPIENT_DONOR_INDEPENDENCE;REL_CTX003_SAMPLE_QC;REL_CTX003_SENSITIVITY_STABILITY;REL_CTX003_STUDY_INDEPENDENCE,EXP003-C4,data/metadata/skinexo_response_components.csv;reports/EXP003_C4_third_context_pathway_test.md
CTX003,I,I074,NOT_TESTED,,,,NOT_TESTED,0,0,TRANSCRIPTOME,,NOT_APPLICABLE,REL_CTX003_ANNOTATION_CERTAINTY;REL_CTX003_BATCH_ADJUSTMENT;REL_CTX003_CONTROL_CERTAINTY;REL_CTX003_CROSS_CONTEXT_REPLICATION;REL_CTX003_EV_PREPARATION_INDEPENDENCE;REL_CTX003_MODEL_DIAGNOSTICS;REL_CTX003_PAIRING_CERTAINTY;REL_CTX003_PATHWAY_EVIDENCE;REL_CTX003_PHENOTYPE_SUPPORT;REL_CTX003_RECIPIENT_DONOR_INDEPENDENCE;REL_CTX003_SAMPLE_QC;REL_CTX003_SENSITIVITY_STABILITY;REL_CTX003_STUDY_INDEPENDENCE,EXP003-C4,data/metadata/skinexo_response_components.csv;reports/EXP003_C4_third_context_pathway_test.md
CTX003,I,I075,INACTIVE,1.0658455564599405,0.6697827811185592,GOBP_REGULATION_OF_NEUROINFLAMMATORY_RESPONSE,OBSERVED_NULL,1,0,TRANSCRIPTOME,,NOT_APPLICABLE,REL_CTX003_ANNOTATION_CERTAINTY;REL_CTX003_BATCH_ADJUSTMENT;REL_CTX003_CONTROL_CERTAINTY;REL_CTX003_CROSS_CONTEXT_REPLICATION;REL_CTX003_EV_PREPARATION_INDEPENDENCE;REL_CTX003_MODEL_DIAGNOSTICS;REL_CTX003_PAIRING_CERTAINTY;REL_CTX003_PATHWAY_EVIDENCE;REL_CTX003_PHENOTYPE_SUPPORT;REL_CTX003_RECIPIENT_DONOR_INDEPENDENCE;REL_CTX003_SAMPLE_QC;REL_CTX003_SENSITIVITY_STABILITY;REL_CTX003_STUDY_INDEPENDENCE,EXP003-C4,data/metadata/skinexo_response_components.csv;reports/EXP003_C4_third_context_pathway_test.md
CTX003,I,I076,POSITIVE,2.2577237603720413,0.0052493019994037,GOBP_NEUTROPHIL_CHEMOTAXIS,ACTIVE_POSITIVE,1,1,TRANSCRIPTOME,,NOT_APPLICABLE,REL_CTX003_ANNOTATION_CERTAINTY;REL_CTX003_BATCH_ADJUSTMENT;REL_CTX003_CONTROL_CERTAINTY;REL_CTX003_CROSS_CONTEXT_REPLICATION;REL_CTX003_EV_PREPARATION_INDEPENDENCE;REL_CTX003_MODEL_DIAGNOSTICS;REL_CTX003_PAIRING_CERTAINTY;REL_CTX003_PATHWAY_EVIDENCE;REL_CTX003_PHENOTYPE_SUPPORT;REL_CTX003_RECIPIENT_DONOR_INDEPENDENCE;REL_CTX003_SAMPLE_QC;REL_CTX003_SENSITIVITY_STABILITY;REL_CTX003_STUDY_INDEPENDENCE,EXP003-C4,data/metadata/skinexo_response_components.csv;reports/EXP003_C4_third_context_pathway_test.md
CTX003,I,I077,INACTIVE,1.8596953391868556,0.0924929181427993,GOBP_NEUTROPHIL_MEDIATED_IMMUNITY,OBSERVED_NULL,1,0,TRANSCRIPTOME,,NOT_APPLICABLE,REL_CTX003_ANNOTATION_CERTAINTY;REL_CTX003_BATCH_ADJUSTMENT;REL_CTX003_CONTROL_CERTAINTY;REL_CTX003_CROSS_CONTEXT_REPLICATION;REL_CTX003_EV_PREPARATION_INDEPENDENCE;REL_CTX003_MODEL_DIAGNOSTICS;REL_CTX003_PAIRING_CERTAINTY;REL_CTX003_PATHWAY_EVIDENCE;REL_CTX003_PHENOTYPE_SUPPORT;REL_CTX003_RECIPIENT_DONOR_INDEPENDENCE;REL_CTX003_SAMPLE_QC;REL_CTX003_SENSITIVITY_STABILITY;REL_CTX003_STUDY_INDEPENDENCE,EXP003-C4,data/metadata/skinexo_response_components.csv;reports/EXP003_C4_third_context_pathway_test.md
CTX003,I,I078,INACTIVE,1.8260901936016425,0.1011367276228663,GOBP_POSITIVE_REGULATION_OF_CYTOKINE_PRODUCTION,OBSERVED_NULL,1,0,TRANSCRIPTOME,,NOT_APPLICABLE,REL_CTX003_ANNOTATION_CERTAINTY;REL_CTX003_BATCH_ADJUSTMENT;REL_CTX003_CONTROL_CERTAINTY;REL_CTX003_CROSS_CONTEXT_REPLICATION;REL_CTX003_EV_PREPARATION_INDEPENDENCE;REL_CTX003_MODEL_DIAGNOSTICS;REL_CTX003_PAIRING_CERTAINTY;REL_CTX003_PATHWAY_EVIDENCE;REL_CTX003_PHENOTYPE_SUPPORT;REL_CTX003_RECIPIENT_DONOR_INDEPENDENCE;REL_CTX003_SAMPLE_QC;REL_CTX003_SENSITIVITY_STABILITY;REL_CTX003_STUDY_INDEPENDENCE,EXP003-C4,data/metadata/skinexo_response_components.csv;reports/EXP003_C4_third_context_pathway_test.md
CTX003,I,I079,INACTIVE,0.6319898710242834,1.0,GOBP_POSITIVE_REGULATION_OF_CYTOKINE_PRODUCTION_INVOLVED_IN_INFLAMMATORY_RESPONSE,OBSERVED_NULL,1,0,TRANSCRIPTOME,,NOT_APPLICABLE,REL_CTX003_ANNOTATION_CERTAINTY;REL_CTX003_BATCH_ADJUSTMENT;REL_CTX003_CONTROL_CERTAINTY;REL_CTX003_CROSS_CONTEXT_REPLICATION;REL_CTX003_EV_PREPARATION_INDEPENDENCE;REL_CTX003_MODEL_DIAGNOSTICS;REL_CTX003_PAIRING_CERTAINTY;REL_CTX003_PATHWAY_EVIDENCE;REL_CTX003_PHENOTYPE_SUPPORT;REL_CTX003_RECIPIENT_DONOR_INDEPENDENCE;REL_CTX003_SAMPLE_QC;REL_CTX003_SENSITIVITY_STABILITY;REL_CTX003_STUDY_INDEPENDENCE,EXP003-C4,data/metadata/skinexo_response_components.csv;reports/EXP003_C4_third_context_pathway_test.md
CTX003,I,I080,POSITIVE,2.1046664709303857,0.0297388142197624,GOBP_POSITIVE_REGULATION_OF_INFLAMMATORY_RESPONSE,ACTIVE_POSITIVE,1,1,TRANSCRIPTOME,,NOT_APPLICABLE,REL_CTX003_ANNOTATION_CERTAINTY;REL_CTX003_BATCH_ADJUSTMENT;REL_CTX003_CONTROL_CERTAINTY;REL_CTX003_CROSS_CONTEXT_REPLICATION;REL_CTX003_EV_PREPARATION_INDEPENDENCE;REL_CTX003_MODEL_DIAGNOSTICS;REL_CTX003_PAIRING_CERTAINTY;REL_CTX003_PATHWAY_EVIDENCE;REL_CTX003_PHENOTYPE_SUPPORT;REL_CTX003_RECIPIENT_DONOR_INDEPENDENCE;REL_CTX003_SAMPLE_QC;REL_CTX003_SENSITIVITY_STABILITY;REL_CTX003_STUDY_INDEPENDENCE,EXP003-C4,data/metadata/skinexo_response_components.csv;reports/EXP003_C4_third_context_pathway_test.md
CTX003,I,I081,INACTIVE,1.408557033945433,0.3129675131303898,GOBP_POSITIVE_REGULATION_OF_LEUKOCYTE_APOPTOTIC_PROCESS,OBSERVED_NULL,1,0,TRANSCRIPTOME,,NOT_APPLICABLE,REL_CTX003_ANNOTATION_CERTAINTY;REL_CTX003_BATCH_ADJUSTMENT;REL_CTX003_CONTROL_CERTAINTY;REL_CTX003_CROSS_CONTEXT_REPLICATION;REL_CTX003_EV_PREPARATION_INDEPENDENCE;REL_CTX003_MODEL_DIAGNOSTICS;REL_CTX003_PAIRING_CERTAINTY;REL_CTX003_PATHWAY_EVIDENCE;REL_CTX003_PHENOTYPE_SUPPORT;REL_CTX003_RECIPIENT_DONOR_INDEPENDENCE;REL_CTX003_SAMPLE_QC;REL_CTX003_SENSITIVITY_STABILITY;REL_CTX003_STUDY_INDEPENDENCE,EXP003-C4,data/metadata/skinexo_response_components.csv;reports/EXP003_C4_third_context_pathway_test.md
CTX003,I,I082,NOT_TESTED,,,,NOT_TESTED,0,0,TRANSCRIPTOME,,NOT_APPLICABLE,REL_CTX003_ANNOTATION_CERTAINTY;REL_CTX003_BATCH_ADJUSTMENT;REL_CTX003_CONTROL_CERTAINTY;REL_CTX003_CROSS_CONTEXT_REPLICATION;REL_CTX003_EV_PREPARATION_INDEPENDENCE;REL_CTX003_MODEL_DIAGNOSTICS;REL_CTX003_PAIRING_CERTAINTY;REL_CTX003_PATHWAY_EVIDENCE;REL_CTX003_PHENOTYPE_SUPPORT;REL_CTX003_RECIPIENT_DONOR_INDEPENDENCE;REL_CTX003_SAMPLE_QC;REL_CTX003_SENSITIVITY_STABILITY;REL_CTX003_STUDY_INDEPENDENCE,EXP003-C4,data/metadata/skinexo_response_components.csv;reports/EXP003_C4_third_context_pathway_test.md
CTX003,I,I083,INACTIVE,1.3615090086806527,0.3482480739946773,GOBP_POSITIVE_REGULATION_OF_MYELOID_LEUKOCYTE_DIFFERENTIATION,OBSERVED_NULL,1,0,TRANSCRIPTOME,,NOT_APPLICABLE,REL_CTX003_ANNOTATION_CERTAINTY;REL_CTX003_BATCH_ADJUSTMENT;REL_CTX003_CONTROL_CERTAINTY;REL_CTX003_CROSS_CONTEXT_REPLICATION;REL_CTX003_EV_PREPARATION_INDEPENDENCE;REL_CTX003_MODEL_DIAGNOSTICS;REL_CTX003_PAIRING_CERTAINTY;REL_CTX003_PATHWAY_EVIDENCE;REL_CTX003_PHENOTYPE_SUPPORT;REL_CTX003_RECIPIENT_DONOR_INDEPENDENCE;REL_CTX003_SAMPLE_QC;REL_CTX003_SENSITIVITY_STABILITY;REL_CTX003_STUDY_INDEPENDENCE,EXP003-C4,data/metadata/skinexo_response_components.csv;reports/EXP003_C4_third_context_pathway_test.md
CTX003,I,I084,INACTIVE,1.4661321755385135,0.2718548462542509,GOBP_REGULATION_OF_NEUTROPHIL_CHEMOTAXIS,OBSERVED_NULL,1,0,TRANSCRIPTOME,,NOT_APPLICABLE,REL_CTX003_ANNOTATION_CERTAINTY;REL_CTX003_BATCH_ADJUSTMENT;REL_CTX003_CONTROL_CERTAINTY;REL_CTX003_CROSS_CONTEXT_REPLICATION;REL_CTX003_EV_PREPARATION_INDEPENDENCE;REL_CTX003_MODEL_DIAGNOSTICS;REL_CTX003_PAIRING_CERTAINTY;REL_CTX003_PATHWAY_EVIDENCE;REL_CTX003_PHENOTYPE_SUPPORT;REL_CTX003_RECIPIENT_DONOR_INDEPENDENCE;REL_CTX003_SAMPLE_QC;REL_CTX003_SENSITIVITY_STABILITY;REL_CTX003_STUDY_INDEPENDENCE,EXP003-C4,data/metadata/skinexo_response_components.csv;reports/EXP003_C4_third_context_pathway_test.md
CTX003,I,I085,INACTIVE,1.2900042237637983,0.4107398682179499,GOBP_POSITIVE_REGULATION_OF_RESPONSE_TO_CYTOKINE_STIMULUS,OBSERVED_NULL,1,0,TRANSCRIPTOME,,NOT_APPLICABLE,REL_CTX003_ANNOTATION_CERTAINTY;REL_CTX003_BATCH_ADJUSTMENT;REL_CTX003_CONTROL_CERTAINTY;REL_CTX003_CROSS_CONTEXT_REPLICATION;REL_CTX003_EV_PREPARATION_INDEPENDENCE;REL_CTX003_MODEL_DIAGNOSTICS;REL_CTX003_PAIRING_CERTAINTY;REL_CTX003_PATHWAY_EVIDENCE;REL_CTX003_PHENOTYPE_SUPPORT;REL_CTX003_RECIPIENT_DONOR_INDEPENDENCE;REL_CTX003_SAMPLE_QC;REL_CTX003_SENSITIVITY_STABILITY;REL_CTX003_STUDY_INDEPENDENCE,EXP003-C4,data/metadata/skinexo_response_components.csv;reports/EXP003_C4_third_context_pathway_test.md
CTX003,I,I086,INACTIVE,1.7579638965513156,0.1180712670890466,GOBP_TUMOR_NECROSIS_FACTOR_SUPERFAMILY_CYTOKINE_PRODUCTION,OBSERVED_NULL,1,0,TRANSCRIPTOME,,NOT_APPLICABLE,REL_CTX003_ANNOTATION_CERTAINTY;REL_CTX003_BATCH_ADJUSTMENT;REL_CTX003_CONTROL_CERTAINTY;REL_CTX003_CROSS_CONTEXT_REPLICATION;REL_CTX003_EV_PREPARATION_INDEPENDENCE;REL_CTX003_MODEL_DIAGNOSTICS;REL_CTX003_PAIRING_CERTAINTY;REL_CTX003_PATHWAY_EVIDENCE;REL_CTX003_PHENOTYPE_SUPPORT;REL_CTX003_RECIPIENT_DONOR_INDEPENDENCE;REL_CTX003_SAMPLE_QC;REL_CTX003_SENSITIVITY_STABILITY;REL_CTX003_STUDY_INDEPENDENCE,EXP003-C4,data/metadata/skinexo_response_components.csv;reports/EXP003_C4_third_context_pathway_test.md
CTX003,I,I087,INACTIVE,1.524216812202807,0.2360335647773137,GOBP_TYPE_II_INTERFERON_PRODUCTION,OBSERVED_NULL,1,0,TRANSCRIPTOME,,NOT_APPLICABLE,REL_CTX003_ANNOTATION_CERTAINTY;REL_CTX003_BATCH_ADJUSTMENT;REL_CTX003_CONTROL_CERTAINTY;REL_CTX003_CROSS_CONTEXT_REPLICATION;REL_CTX003_EV_PREPARATION_INDEPENDENCE;REL_CTX003_MODEL_DIAGNOSTICS;REL_CTX003_PAIRING_CERTAINTY;REL_CTX003_PATHWAY_EVIDENCE;REL_CTX003_PHENOTYPE_SUPPORT;REL_CTX003_RECIPIENT_DONOR_INDEPENDENCE;REL_CTX003_SAMPLE_QC;REL_CTX003_SENSITIVITY_STABILITY;REL_CTX003_STUDY_INDEPENDENCE,EXP003-C4,data/metadata/skinexo_response_components.csv;reports/EXP003_C4_third_context_pathway_test.md
CTX003,I,I088,INACTIVE,1.050451336944628,0.6879008357385207,GOBP_POSITIVE_REGULATION_OF_TYPE_I_INTERFERON_MEDIATED_SIGNALING_PATHWAY,OBSERVED_NULL,1,0,TRANSCRIPTOME,,NOT_APPLICABLE,REL_CTX003_ANNOTATION_CERTAINTY;REL_CTX003_BATCH_ADJUSTMENT;REL_CTX003_CONTROL_CERTAINTY;REL_CTX003_CROSS_CONTEXT_REPLICATION;REL_CTX003_EV_PREPARATION_INDEPENDENCE;REL_CTX003_MODEL_DIAGNOSTICS;REL_CTX003_PAIRING_CERTAINTY;REL_CTX003_PATHWAY_EVIDENCE;REL_CTX003_PHENOTYPE_SUPPORT;REL_CTX003_RECIPIENT_DONOR_INDEPENDENCE;REL_CTX003_SAMPLE_QC;REL_CTX003_SENSITIVITY_STABILITY;REL_CTX003_STUDY_INDEPENDENCE,EXP003-C4,data/metadata/skinexo_response_components.csv;reports/EXP003_C4_third_context_pathway_test.md
CTX003,I,I089,INACTIVE,1.1818200610406278,0.5240938225893237,GOBP_T_CELL_CYTOKINE_PRODUCTION,OBSERVED_NULL,1,0,TRANSCRIPTOME,,NOT_APPLICABLE,REL_CTX003_ANNOTATION_CERTAINTY;REL_CTX003_BATCH_ADJUSTMENT;REL_CTX003_CONTROL_CERTAINTY;REL_CTX003_CROSS_CONTEXT_REPLICATION;REL_CTX003_EV_PREPARATION_INDEPENDENCE;REL_CTX003_MODEL_DIAGNOSTICS;REL_CTX003_PAIRING_CERTAINTY;REL_CTX003_PATHWAY_EVIDENCE;REL_CTX003_PHENOTYPE_SUPPORT;REL_CTX003_RECIPIENT_DONOR_INDEPENDENCE;REL_CTX003_SAMPLE_QC;REL_CTX003_SENSITIVITY_STABILITY;REL_CTX003_STUDY_INDEPENDENCE,EXP003-C4,data/metadata/skinexo_response_components.csv;reports/EXP003_C4_third_context_pathway_test.md
CTX003,I,I090,INACTIVE,1.2854832495606752,0.4159318475236776,GOBP_PYROPTOTIC_INFLAMMATORY_RESPONSE,OBSERVED_NULL,1,0,TRANSCRIPTOME,,NOT_APPLICABLE,REL_CTX003_ANNOTATION_CERTAINTY;REL_CTX003_BATCH_ADJUSTMENT;REL_CTX003_CONTROL_CERTAINTY;REL_CTX003_CROSS_CONTEXT_REPLICATION;REL_CTX003_EV_PREPARATION_INDEPENDENCE;REL_CTX003_MODEL_DIAGNOSTICS;REL_CTX003_PAIRING_CERTAINTY;REL_CTX003_PATHWAY_EVIDENCE;REL_CTX003_PHENOTYPE_SUPPORT;REL_CTX003_RECIPIENT_DONOR_INDEPENDENCE;REL_CTX003_SAMPLE_QC;REL_CTX003_SENSITIVITY_STABILITY;REL_CTX003_STUDY_INDEPENDENCE,EXP003-C4,data/metadata/skinexo_response_components.csv;reports/EXP003_C4_third_context_pathway_test.md
CTX003,I,I091,INACTIVE,1.5343511853510623,0.2272071889661427,GOBP_REGULATION_OF_ACUTE_INFLAMMATORY_RESPONSE,OBSERVED_NULL,1,0,TRANSCRIPTOME,,NOT_APPLICABLE,REL_CTX003_ANNOTATION_CERTAINTY;REL_CTX003_BATCH_ADJUSTMENT;REL_CTX003_CONTROL_CERTAINTY;REL_CTX003_CROSS_CONTEXT_REPLICATION;REL_CTX003_EV_PREPARATION_INDEPENDENCE;REL_CTX003_MODEL_DIAGNOSTICS;REL_CTX003_PAIRING_CERTAINTY;REL_CTX003_PATHWAY_EVIDENCE;REL_CTX003_PHENOTYPE_SUPPORT;REL_CTX003_RECIPIENT_DONOR_INDEPENDENCE;REL_CTX003_SAMPLE_QC;REL_CTX003_SENSITIVITY_STABILITY;REL_CTX003_STUDY_INDEPENDENCE,EXP003-C4,data/metadata/skinexo_response_components.csv;reports/EXP003_C4_third_context_pathway_test.md
CTX003,I,I092,INACTIVE,1.5662923288596686,0.2100521710428912,GOBP_REGULATION_OF_HUMORAL_IMMUNE_RESPONSE,OBSERVED_NULL,1,0,TRANSCRIPTOME,,NOT_APPLICABLE,REL_CTX003_ANNOTATION_CERTAINTY;REL_CTX003_BATCH_ADJUSTMENT;REL_CTX003_CONTROL_CERTAINTY;REL_CTX003_CROSS_CONTEXT_REPLICATION;REL_CTX003_EV_PREPARATION_INDEPENDENCE;REL_CTX003_MODEL_DIAGNOSTICS;REL_CTX003_PAIRING_CERTAINTY;REL_CTX003_PATHWAY_EVIDENCE;REL_CTX003_PHENOTYPE_SUPPORT;REL_CTX003_RECIPIENT_DONOR_INDEPENDENCE;REL_CTX003_SAMPLE_QC;REL_CTX003_SENSITIVITY_STABILITY;REL_CTX003_STUDY_INDEPENDENCE,EXP003-C4,data/metadata/skinexo_response_components.csv;reports/EXP003_C4_third_context_pathway_test.md
CTX003,I,I093,POSITIVE,2.0191038675912343,0.0484930411466877,GOBP_REGULATION_OF_INFLAMMATORY_RESPONSE,ACTIVE_POSITIVE,1,1,TRANSCRIPTOME,,NOT_APPLICABLE,REL_CTX003_ANNOTATION_CERTAINTY;REL_CTX003_BATCH_ADJUSTMENT;REL_CTX003_CONTROL_CERTAINTY;REL_CTX003_CROSS_CONTEXT_REPLICATION;REL_CTX003_EV_PREPARATION_INDEPENDENCE;REL_CTX003_MODEL_DIAGNOSTICS;REL_CTX003_PAIRING_CERTAINTY;REL_CTX003_PATHWAY_EVIDENCE;REL_CTX003_PHENOTYPE_SUPPORT;REL_CTX003_RECIPIENT_DONOR_INDEPENDENCE;REL_CTX003_SAMPLE_QC;REL_CTX003_SENSITIVITY_STABILITY;REL_CTX003_STUDY_INDEPENDENCE,EXP003-C4,data/metadata/skinexo_response_components.csv;reports/EXP003_C4_third_context_pathway_test.md
CTX003,I,I094,INACTIVE,1.5575690350131994,0.2150757547327181,GOBP_REGULATION_OF_LEUKOCYTE_DIFFERENTIATION,OBSERVED_NULL,1,0,TRANSCRIPTOME,,NOT_APPLICABLE,REL_CTX003_ANNOTATION_CERTAINTY;REL_CTX003_BATCH_ADJUSTMENT;REL_CTX003_CONTROL_CERTAINTY;REL_CTX003_CROSS_CONTEXT_REPLICATION;REL_CTX003_EV_PREPARATION_INDEPENDENCE;REL_CTX003_MODEL_DIAGNOSTICS;REL_CTX003_PAIRING_CERTAINTY;REL_CTX003_PATHWAY_EVIDENCE;REL_CTX003_PHENOTYPE_SUPPORT;REL_CTX003_RECIPIENT_DONOR_INDEPENDENCE;REL_CTX003_SAMPLE_QC;REL_CTX003_SENSITIVITY_STABILITY;REL_CTX003_STUDY_INDEPENDENCE,EXP003-C4,data/metadata/skinexo_response_components.csv;reports/EXP003_C4_third_context_pathway_test.md
CTX003,I,I095,INACTIVE,1.837961673375429,0.0972673969158933,GOBP_REGULATION_OF_MACROPHAGE_DERIVED_FOAM_CELL_DIFFERENTIATION,OBSERVED_NULL,1,0,TRANSCRIPTOME,,NOT_APPLICABLE,REL_CTX003_ANNOTATION_CERTAINTY;REL_CTX003_BATCH_ADJUSTMENT;REL_CTX003_CONTROL_CERTAINTY;REL_CTX003_CROSS_CONTEXT_REPLICATION;REL_CTX003_EV_PREPARATION_INDEPENDENCE;REL_CTX003_MODEL_DIAGNOSTICS;REL_CTX003_PAIRING_CERTAINTY;REL_CTX003_PATHWAY_EVIDENCE;REL_CTX003_PHENOTYPE_SUPPORT;REL_CTX003_RECIPIENT_DONOR_INDEPENDENCE;REL_CTX003_SAMPLE_QC;REL_CTX003_SENSITIVITY_STABILITY;REL_CTX003_STUDY_INDEPENDENCE,EXP003-C4,data/metadata/skinexo_response_components.csv;reports/EXP003_C4_third_context_pathway_test.md
CTX003,I,I096,INACTIVE,1.6697848434843443,0.150792673226179,GOBP_REGULATION_OF_MACROPHAGE_DIFFERENTIATION,OBSERVED_NULL,1,0,TRANSCRIPTOME,,NOT_APPLICABLE,REL_CTX003_ANNOTATION_CERTAINTY;REL_CTX003_BATCH_ADJUSTMENT;REL_CTX003_CONTROL_CERTAINTY;REL_CTX003_CROSS_CONTEXT_REPLICATION;REL_CTX003_EV_PREPARATION_INDEPENDENCE;REL_CTX003_MODEL_DIAGNOSTICS;REL_CTX003_PAIRING_CERTAINTY;REL_CTX003_PATHWAY_EVIDENCE;REL_CTX003_PHENOTYPE_SUPPORT;REL_CTX003_RECIPIENT_DONOR_INDEPENDENCE;REL_CTX003_SAMPLE_QC;REL_CTX003_SENSITIVITY_STABILITY;REL_CTX003_STUDY_INDEPENDENCE,EXP003-C4,data/metadata/skinexo_response_components.csv;reports/EXP003_C4_third_context_pathway_test.md
CTX003,I,I097,INACTIVE,1.3500071330993169,0.3560998955657157,GOBP_REGULATION_OF_MYELOID_LEUKOCYTE_DIFFERENTIATION,OBSERVED_NULL,1,0,TRANSCRIPTOME,,NOT_APPLICABLE,REL_CTX003_ANNOTATION_CERTAINTY;REL_CTX003_BATCH_ADJUSTMENT;REL_CTX003_CONTROL_CERTAINTY;REL_CTX003_CROSS_CONTEXT_REPLICATION;REL_CTX003_EV_PREPARATION_INDEPENDENCE;REL_CTX003_MODEL_DIAGNOSTICS;REL_CTX003_PAIRING_CERTAINTY;REL_CTX003_PATHWAY_EVIDENCE;REL_CTX003_PHENOTYPE_SUPPORT;REL_CTX003_RECIPIENT_DONOR_INDEPENDENCE;REL_CTX003_SAMPLE_QC;REL_CTX003_SENSITIVITY_STABILITY;REL_CTX003_STUDY_INDEPENDENCE,EXP003-C4,data/metadata/skinexo_response_components.csv;reports/EXP003_C4_third_context_pathway_test.md
CTX003,I,I098,INACTIVE,1.5336759797802373,0.2275556384018914,GOBP_REGULATION_OF_TOLL_LIKE_RECEPTOR_4_SIGNALING_PATHWAY,OBSERVED_NULL,1,0,TRANSCRIPTOME,,NOT_APPLICABLE,REL_CTX003_ANNOTATION_CERTAINTY;REL_CTX003_BATCH_ADJUSTMENT;REL_CTX003_CONTROL_CERTAINTY;REL_CTX003_CROSS_CONTEXT_REPLICATION;REL_CTX003_EV_PREPARATION_INDEPENDENCE;REL_CTX003_MODEL_DIAGNOSTICS;REL_CTX003_PAIRING_CERTAINTY;REL_CTX003_PATHWAY_EVIDENCE;REL_CTX003_PHENOTYPE_SUPPORT;REL_CTX003_RECIPIENT_DONOR_INDEPENDENCE;REL_CTX003_SAMPLE_QC;REL_CTX003_SENSITIVITY_STABILITY;REL_CTX003_STUDY_INDEPENDENCE,EXP003-C4,data/metadata/skinexo_response_components.csv;reports/EXP003_C4_third_context_pathway_test.md
CTX003,I,I099,INACTIVE,1.957746412497537,0.0692043484861355,GOBP_REGULATION_OF_TOLL_LIKE_RECEPTOR_SIGNALING_PATHWAY,OBSERVED_NULL,1,0,TRANSCRIPTOME,,NOT_APPLICABLE,REL_CTX003_ANNOTATION_CERTAINTY;REL_CTX003_BATCH_ADJUSTMENT;REL_CTX003_CONTROL_CERTAINTY;REL_CTX003_CROSS_CONTEXT_REPLICATION;REL_CTX003_EV_PREPARATION_INDEPENDENCE;REL_CTX003_MODEL_DIAGNOSTICS;REL_CTX003_PAIRING_CERTAINTY;REL_CTX003_PATHWAY_EVIDENCE;REL_CTX003_PHENOTYPE_SUPPORT;REL_CTX003_RECIPIENT_DONOR_INDEPENDENCE;REL_CTX003_SAMPLE_QC;REL_CTX003_SENSITIVITY_STABILITY;REL_CTX003_STUDY_INDEPENDENCE,EXP003-C4,data/metadata/skinexo_response_components.csv;reports/EXP003_C4_third_context_pathway_test.md
CTX003,I,I100,INACTIVE,0.977608366222294,0.7765504675696282,GOBP_TYPE_2_IMMUNE_RESPONSE,OBSERVED_NULL,1,0,TRANSCRIPTOME,,NOT_APPLICABLE,REL_CTX003_ANNOTATION_CERTAINTY;REL_CTX003_BATCH_ADJUSTMENT;REL_CTX003_CONTROL_CERTAINTY;REL_CTX003_CROSS_CONTEXT_REPLICATION;REL_CTX003_EV_PREPARATION_INDEPENDENCE;REL_CTX003_MODEL_DIAGNOSTICS;REL_CTX003_PAIRING_CERTAINTY;REL_CTX003_PATHWAY_EVIDENCE;REL_CTX003_PHENOTYPE_SUPPORT;REL_CTX003_RECIPIENT_DONOR_INDEPENDENCE;REL_CTX003_SAMPLE_QC;REL_CTX003_SENSITIVITY_STABILITY;REL_CTX003_STUDY_INDEPENDENCE,EXP003-C4,data/metadata/skinexo_response_components.csv;reports/EXP003_C4_third_context_pathway_test.md
CTX003,I,I101,INACTIVE,1.7742843594146371,0.1139228681854064,GOBP_REGULATION_OF_T_HELPER_17_TYPE_IMMUNE_RESPONSE,OBSERVED_NULL,1,0,TRANSCRIPTOME,,NOT_APPLICABLE,REL_CTX003_ANNOTATION_CERTAINTY;REL_CTX003_BATCH_ADJUSTMENT;REL_CTX003_CONTROL_CERTAINTY;REL_CTX003_CROSS_CONTEXT_REPLICATION;REL_CTX003_EV_PREPARATION_INDEPENDENCE;REL_CTX003_MODEL_DIAGNOSTICS;REL_CTX003_PAIRING_CERTAINTY;REL_CTX003_PATHWAY_EVIDENCE;REL_CTX003_PHENOTYPE_SUPPORT;REL_CTX003_RECIPIENT_DONOR_INDEPENDENCE;REL_CTX003_SAMPLE_QC;REL_CTX003_SENSITIVITY_STABILITY;REL_CTX003_STUDY_INDEPENDENCE,EXP003-C4,data/metadata/skinexo_response_components.csv;reports/EXP003_C4_third_context_pathway_test.md
CTX003,I,I102,POSITIVE,2.117544975381514,0.02859437961857,GOBP_T_HELPER_1_TYPE_IMMUNE_RESPONSE,ACTIVE_POSITIVE,1,1,TRANSCRIPTOME,,NOT_APPLICABLE,REL_CTX003_ANNOTATION_CERTAINTY;REL_CTX003_BATCH_ADJUSTMENT;REL_CTX003_CONTROL_CERTAINTY;REL_CTX003_CROSS_CONTEXT_REPLICATION;REL_CTX003_EV_PREPARATION_INDEPENDENCE;REL_CTX003_MODEL_DIAGNOSTICS;REL_CTX003_PAIRING_CERTAINTY;REL_CTX003_PATHWAY_EVIDENCE;REL_CTX003_PHENOTYPE_SUPPORT;REL_CTX003_RECIPIENT_DONOR_INDEPENDENCE;REL_CTX003_SAMPLE_QC;REL_CTX003_SENSITIVITY_STABILITY;REL_CTX003_STUDY_INDEPENDENCE,EXP003-C4,data/metadata/skinexo_response_components.csv;reports/EXP003_C4_third_context_pathway_test.md
CTX003,I,I103,INACTIVE,1.237186572181424,0.4596108774234309,GOBP_RESPONSE_TO_INTERFERON_ALPHA,OBSERVED_NULL,1,0,TRANSCRIPTOME,,NOT_APPLICABLE,REL_CTX003_ANNOTATION_CERTAINTY;REL_CTX003_BATCH_ADJUSTMENT;REL_CTX003_CONTROL_CERTAINTY;REL_CTX003_CROSS_CONTEXT_REPLICATION;REL_CTX003_EV_PREPARATION_INDEPENDENCE;REL_CTX003_MODEL_DIAGNOSTICS;REL_CTX003_PAIRING_CERTAINTY;REL_CTX003_PATHWAY_EVIDENCE;REL_CTX003_PHENOTYPE_SUPPORT;REL_CTX003_RECIPIENT_DONOR_INDEPENDENCE;REL_CTX003_SAMPLE_QC;REL_CTX003_SENSITIVITY_STABILITY;REL_CTX003_STUDY_INDEPENDENCE,EXP003-C4,data/metadata/skinexo_response_components.csv;reports/EXP003_C4_third_context_pathway_test.md
CTX003,I,I104,INACTIVE,1.8011956752044522,0.1069734407039376,GOBP_RESPONSE_TO_INTERLEUKIN_17,OBSERVED_NULL,1,0,TRANSCRIPTOME,,NOT_APPLICABLE,REL_CTX003_ANNOTATION_CERTAINTY;REL_CTX003_BATCH_ADJUSTMENT;REL_CTX003_CONTROL_CERTAINTY;REL_CTX003_CROSS_CONTEXT_REPLICATION;REL_CTX003_EV_PREPARATION_INDEPENDENCE;REL_CTX003_MODEL_DIAGNOSTICS;REL_CTX003_PAIRING_CERTAINTY;REL_CTX003_PATHWAY_EVIDENCE;REL_CTX003_PHENOTYPE_SUPPORT;REL_CTX003_RECIPIENT_DONOR_INDEPENDENCE;REL_CTX003_SAMPLE_QC;REL_CTX003_SENSITIVITY_STABILITY;REL_CTX003_STUDY_INDEPENDENCE,EXP003-C4,data/metadata/skinexo_response_components.csv;reports/EXP003_C4_third_context_pathway_test.md
CTX003,I,I105,INACTIVE,1.34129567239392,0.3661626912109023,GOBP_RESPONSE_TO_INTERLEUKIN_4,OBSERVED_NULL,1,0,TRANSCRIPTOME,,NOT_APPLICABLE,REL_CTX003_ANNOTATION_CERTAINTY;REL_CTX003_BATCH_ADJUSTMENT;REL_CTX003_CONTROL_CERTAINTY;REL_CTX003_CROSS_CONTEXT_REPLICATION;REL_CTX003_EV_PREPARATION_INDEPENDENCE;REL_CTX003_MODEL_DIAGNOSTICS;REL_CTX003_PAIRING_CERTAINTY;REL_CTX003_PATHWAY_EVIDENCE;REL_CTX003_PHENOTYPE_SUPPORT;REL_CTX003_RECIPIENT_DONOR_INDEPENDENCE;REL_CTX003_SAMPLE_QC;REL_CTX003_SENSITIVITY_STABILITY;REL_CTX003_STUDY_INDEPENDENCE,EXP003-C4,data/metadata/skinexo_response_components.csv;reports/EXP003_C4_third_context_pathway_test.md
CTX003,I,I106,INACTIVE,1.2986454358346209,0.4009042162020101,GOBP_RESPONSE_TO_INTERLEUKIN_7,OBSERVED_NULL,1,0,TRANSCRIPTOME,,NOT_APPLICABLE,REL_CTX003_ANNOTATION_CERTAINTY;REL_CTX003_BATCH_ADJUSTMENT;REL_CTX003_CONTROL_CERTAINTY;REL_CTX003_CROSS_CONTEXT_REPLICATION;REL_CTX003_EV_PREPARATION_INDEPENDENCE;REL_CTX003_MODEL_DIAGNOSTICS;REL_CTX003_PAIRING_CERTAINTY;REL_CTX003_PATHWAY_EVIDENCE;REL_CTX003_PHENOTYPE_SUPPORT;REL_CTX003_RECIPIENT_DONOR_INDEPENDENCE;REL_CTX003_SAMPLE_QC;REL_CTX003_SENSITIVITY_STABILITY;REL_CTX003_STUDY_INDEPENDENCE,EXP003-C4,data/metadata/skinexo_response_components.csv;reports/EXP003_C4_third_context_pathway_test.md
CTX003,I,I107,NOT_TESTED,,,,NOT_TESTED,0,0,TRANSCRIPTOME,,NOT_APPLICABLE,REL_CTX003_ANNOTATION_CERTAINTY;REL_CTX003_BATCH_ADJUSTMENT;REL_CTX003_CONTROL_CERTAINTY;REL_CTX003_CROSS_CONTEXT_REPLICATION;REL_CTX003_EV_PREPARATION_INDEPENDENCE;REL_CTX003_MODEL_DIAGNOSTICS;REL_CTX003_PAIRING_CERTAINTY;REL_CTX003_PATHWAY_EVIDENCE;REL_CTX003_PHENOTYPE_SUPPORT;REL_CTX003_RECIPIENT_DONOR_INDEPENDENCE;REL_CTX003_SAMPLE_QC;REL_CTX003_SENSITIVITY_STABILITY;REL_CTX003_STUDY_INDEPENDENCE,EXP003-C4,data/metadata/skinexo_response_components.csv;reports/EXP003_C4_third_context_pathway_test.md
CTX003,I,I108,POSITIVE,2.3005973701702853,0.0031160067923158,GOBP_TOLL_LIKE_RECEPTOR_SIGNALING_PATHWAY,ACTIVE_POSITIVE,1,1,TRANSCRIPTOME,,NOT_APPLICABLE,REL_CTX003_ANNOTATION_CERTAINTY;REL_CTX003_BATCH_ADJUSTMENT;REL_CTX003_CONTROL_CERTAINTY;REL_CTX003_CROSS_CONTEXT_REPLICATION;REL_CTX003_EV_PREPARATION_INDEPENDENCE;REL_CTX003_MODEL_DIAGNOSTICS;REL_CTX003_PAIRING_CERTAINTY;REL_CTX003_PATHWAY_EVIDENCE;REL_CTX003_PHENOTYPE_SUPPORT;REL_CTX003_RECIPIENT_DONOR_INDEPENDENCE;REL_CTX003_SAMPLE_QC;REL_CTX003_SENSITIVITY_STABILITY;REL_CTX003_STUDY_INDEPENDENCE,EXP003-C4,data/metadata/skinexo_response_components.csv;reports/EXP003_C4_third_context_pathway_test.md
CTX003,I,I109,INACTIVE,1.5487781321328893,0.2193652660987665,GOBP_TYPE_II_INTERFERON_MEDIATED_SIGNALING_PATHWAY,OBSERVED_NULL,1,0,TRANSCRIPTOME,,NOT_APPLICABLE,REL_CTX003_ANNOTATION_CERTAINTY;REL_CTX003_BATCH_ADJUSTMENT;REL_CTX003_CONTROL_CERTAINTY;REL_CTX003_CROSS_CONTEXT_REPLICATION;REL_CTX003_EV_PREPARATION_INDEPENDENCE;REL_CTX003_MODEL_DIAGNOSTICS;REL_CTX003_PAIRING_CERTAINTY;REL_CTX003_PATHWAY_EVIDENCE;REL_CTX003_PHENOTYPE_SUPPORT;REL_CTX003_RECIPIENT_DONOR_INDEPENDENCE;REL_CTX003_SAMPLE_QC;REL_CTX003_SENSITIVITY_STABILITY;REL_CTX003_STUDY_INDEPENDENCE,EXP003-C4,data/metadata/skinexo_response_components.csv;reports/EXP003_C4_third_context_pathway_test.md
CTX003,I,I110,INACTIVE,1.6290142013580713,0.1709412951858976,GOBP_T_HELPER_17_TYPE_IMMUNE_RESPONSE,OBSERVED_NULL,1,0,TRANSCRIPTOME,,NOT_APPLICABLE,REL_CTX003_ANNOTATION_CERTAINTY;REL_CTX003_BATCH_ADJUSTMENT;REL_CTX003_CONTROL_CERTAINTY;REL_CTX003_CROSS_CONTEXT_REPLICATION;REL_CTX003_EV_PREPARATION_INDEPENDENCE;REL_CTX003_MODEL_DIAGNOSTICS;REL_CTX003_PAIRING_CERTAINTY;REL_CTX003_PATHWAY_EVIDENCE;REL_CTX003_PHENOTYPE_SUPPORT;REL_CTX003_RECIPIENT_DONOR_INDEPENDENCE;REL_CTX003_SAMPLE_QC;REL_CTX003_SENSITIVITY_STABILITY;REL_CTX003_STUDY_INDEPENDENCE,EXP003-C4,data/metadata/skinexo_response_components.csv;reports/EXP003_C4_third_context_pathway_test.md
CTX003,I,I111,POSITIVE,2.310732816938018,0.0028159290965997,HALLMARK_ALLOGRAFT_REJECTION,ACTIVE_POSITIVE,1,1,TRANSCRIPTOME,,NOT_APPLICABLE,REL_CTX003_ANNOTATION_CERTAINTY;REL_CTX003_BATCH_ADJUSTMENT;REL_CTX003_CONTROL_CERTAINTY;REL_CTX003_CROSS_CONTEXT_REPLICATION;REL_CTX003_EV_PREPARATION_INDEPENDENCE;REL_CTX003_MODEL_DIAGNOSTICS;REL_CTX003_PAIRING_CERTAINTY;REL_CTX003_PATHWAY_EVIDENCE;REL_CTX003_PHENOTYPE_SUPPORT;REL_CTX003_RECIPIENT_DONOR_INDEPENDENCE;REL_CTX003_SAMPLE_QC;REL_CTX003_SENSITIVITY_STABILITY;REL_CTX003_STUDY_INDEPENDENCE,EXP003-C4,data/metadata/skinexo_response_components.csv;reports/EXP003_C4_third_context_pathway_test.md
CTX003,I,I112,POSITIVE,2.1452415621277305,0.0232531063775239,HALLMARK_COMPLEMENT,ACTIVE_POSITIVE,1,1,TRANSCRIPTOME,,NOT_APPLICABLE,REL_CTX003_ANNOTATION_CERTAINTY;REL_CTX003_BATCH_ADJUSTMENT;REL_CTX003_CONTROL_CERTAINTY;REL_CTX003_CROSS_CONTEXT_REPLICATION;REL_CTX003_EV_PREPARATION_INDEPENDENCE;REL_CTX003_MODEL_DIAGNOSTICS;REL_CTX003_PAIRING_CERTAINTY;REL_CTX003_PATHWAY_EVIDENCE;REL_CTX003_PHENOTYPE_SUPPORT;REL_CTX003_RECIPIENT_DONOR_INDEPENDENCE;REL_CTX003_SAMPLE_QC;REL_CTX003_SENSITIVITY_STABILITY;REL_CTX003_STUDY_INDEPENDENCE,EXP003-C4,data/metadata/skinexo_response_components.csv;reports/EXP003_C4_third_context_pathway_test.md
CTX003,I,I113,INACTIVE,1.5010001531952004,0.2513147148702295,HALLMARK_IL2_STAT5_SIGNALING,OBSERVED_NULL,1,0,TRANSCRIPTOME,,NOT_APPLICABLE,REL_CTX003_ANNOTATION_CERTAINTY;REL_CTX003_BATCH_ADJUSTMENT;REL_CTX003_CONTROL_CERTAINTY;REL_CTX003_CROSS_CONTEXT_REPLICATION;REL_CTX003_EV_PREPARATION_INDEPENDENCE;REL_CTX003_MODEL_DIAGNOSTICS;REL_CTX003_PAIRING_CERTAINTY;REL_CTX003_PATHWAY_EVIDENCE;REL_CTX003_PHENOTYPE_SUPPORT;REL_CTX003_RECIPIENT_DONOR_INDEPENDENCE;REL_CTX003_SAMPLE_QC;REL_CTX003_SENSITIVITY_STABILITY;REL_CTX003_STUDY_INDEPENDENCE,EXP003-C4,data/metadata/skinexo_response_components.csv;reports/EXP003_C4_third_context_pathway_test.md
CTX003,I,I114,POSITIVE,2.2764472502340687,0.0037791118159159,HALLMARK_IL6_JAK_STAT3_SIGNALING,ACTIVE_POSITIVE,1,1,TRANSCRIPTOME,,NOT_APPLICABLE,REL_CTX003_ANNOTATION_CERTAINTY;REL_CTX003_BATCH_ADJUSTMENT;REL_CTX003_CONTROL_CERTAINTY;REL_CTX003_CROSS_CONTEXT_REPLICATION;REL_CTX003_EV_PREPARATION_INDEPENDENCE;REL_CTX003_MODEL_DIAGNOSTICS;REL_CTX003_PAIRING_CERTAINTY;REL_CTX003_PATHWAY_EVIDENCE;REL_CTX003_PHENOTYPE_SUPPORT;REL_CTX003_RECIPIENT_DONOR_INDEPENDENCE;REL_CTX003_SAMPLE_QC;REL_CTX003_SENSITIVITY_STABILITY;REL_CTX003_STUDY_INDEPENDENCE,EXP003-C4,data/metadata/skinexo_response_components.csv;reports/EXP003_C4_third_context_pathway_test.md
CTX003,I,I115,POSITIVE,2.787289543688393,0.0,HALLMARK_INFLAMMATORY_RESPONSE,ACTIVE_POSITIVE,1,1,TRANSCRIPTOME,,NOT_APPLICABLE,REL_CTX003_ANNOTATION_CERTAINTY;REL_CTX003_BATCH_ADJUSTMENT;REL_CTX003_CONTROL_CERTAINTY;REL_CTX003_CROSS_CONTEXT_REPLICATION;REL_CTX003_EV_PREPARATION_INDEPENDENCE;REL_CTX003_MODEL_DIAGNOSTICS;REL_CTX003_PAIRING_CERTAINTY;REL_CTX003_PATHWAY_EVIDENCE;REL_CTX003_PHENOTYPE_SUPPORT;REL_CTX003_RECIPIENT_DONOR_INDEPENDENCE;REL_CTX003_SAMPLE_QC;REL_CTX003_SENSITIVITY_STABILITY;REL_CTX003_STUDY_INDEPENDENCE,EXP003-C4,data/metadata/skinexo_response_components.csv;reports/EXP003_C4_third_context_pathway_test.md
CTX003,I,I116,POSITIVE,2.050800694314459,0.0428227356054938,HALLMARK_INTERFERON_ALPHA_RESPONSE,ACTIVE_POSITIVE,1,1,TRANSCRIPTOME,,NOT_APPLICABLE,REL_CTX003_ANNOTATION_CERTAINTY;REL_CTX003_BATCH_ADJUSTMENT;REL_CTX003_CONTROL_CERTAINTY;REL_CTX003_CROSS_CONTEXT_REPLICATION;REL_CTX003_EV_PREPARATION_INDEPENDENCE;REL_CTX003_MODEL_DIAGNOSTICS;REL_CTX003_PAIRING_CERTAINTY;REL_CTX003_PATHWAY_EVIDENCE;REL_CTX003_PHENOTYPE_SUPPORT;REL_CTX003_RECIPIENT_DONOR_INDEPENDENCE;REL_CTX003_SAMPLE_QC;REL_CTX003_SENSITIVITY_STABILITY;REL_CTX003_STUDY_INDEPENDENCE,EXP003-C4,data/metadata/skinexo_response_components.csv;reports/EXP003_C4_third_context_pathway_test.md
CTX003,I,I117,POSITIVE,2.573622987516891,0.0,HALLMARK_INTERFERON_GAMMA_RESPONSE,ACTIVE_POSITIVE,1,1,TRANSCRIPTOME,,NOT_APPLICABLE,REL_CTX003_ANNOTATION_CERTAINTY;REL_CTX003_BATCH_ADJUSTMENT;REL_CTX003_CONTROL_CERTAINTY;REL_CTX003_CROSS_CONTEXT_REPLICATION;REL_CTX003_EV_PREPARATION_INDEPENDENCE;REL_CTX003_MODEL_DIAGNOSTICS;REL_CTX003_PAIRING_CERTAINTY;REL_CTX003_PATHWAY_EVIDENCE;REL_CTX003_PHENOTYPE_SUPPORT;REL_CTX003_RECIPIENT_DONOR_INDEPENDENCE;REL_CTX003_SAMPLE_QC;REL_CTX003_SENSITIVITY_STABILITY;REL_CTX003_STUDY_INDEPENDENCE,EXP003-C4,data/metadata/skinexo_response_components.csv;reports/EXP003_C4_third_context_pathway_test.md
CTX003,I,I118,POSITIVE,2.866364711749885,0.0,HALLMARK_TNFA_SIGNALING_VIA_NFKB,ACTIVE_POSITIVE,1,1,TRANSCRIPTOME,,NOT_APPLICABLE,REL_CTX003_ANNOTATION_CERTAINTY;REL_CTX003_BATCH_ADJUSTMENT;REL_CTX003_CONTROL_CERTAINTY;REL_CTX003_CROSS_CONTEXT_REPLICATION;REL_CTX003_EV_PREPARATION_INDEPENDENCE;REL_CTX003_MODEL_DIAGNOSTICS;REL_CTX003_PAIRING_CERTAINTY;REL_CTX003_PATHWAY_EVIDENCE;REL_CTX003_PHENOTYPE_SUPPORT;REL_CTX003_RECIPIENT_DONOR_INDEPENDENCE;REL_CTX003_SAMPLE_QC;REL_CTX003_SENSITIVITY_STABILITY;REL_CTX003_STUDY_INDEPENDENCE,EXP003-C4,data/metadata/skinexo_response_components.csv;reports/EXP003_C4_third_context_pathway_test.md
CTX003,I,I119,INACTIVE,-0.6447192508251497,1.0,REACTOME_ADORA2B_MEDIATED_ANTI_INFLAMMATORY_CYTOKINES_PRODUCTION,OBSERVED_NULL,1,0,TRANSCRIPTOME,,NOT_APPLICABLE,REL_CTX003_ANNOTATION_CERTAINTY;REL_CTX003_BATCH_ADJUSTMENT;REL_CTX003_CONTROL_CERTAINTY;REL_CTX003_CROSS_CONTEXT_REPLICATION;REL_CTX003_EV_PREPARATION_INDEPENDENCE;REL_CTX003_MODEL_DIAGNOSTICS;REL_CTX003_PAIRING_CERTAINTY;REL_CTX003_PATHWAY_EVIDENCE;REL_CTX003_PHENOTYPE_SUPPORT;REL_CTX003_RECIPIENT_DONOR_INDEPENDENCE;REL_CTX003_SAMPLE_QC;REL_CTX003_SENSITIVITY_STABILITY;REL_CTX003_STUDY_INDEPENDENCE,EXP003-C4,data/metadata/skinexo_response_components.csv;reports/EXP003_C4_third_context_pathway_test.md
CTX003,I,I120,INACTIVE,1.065157770687245,0.6703880500619165,REACTOME_ANTI_INFLAMMATORY_RESPONSE_FAVOURING_LEISHMANIA_PARASITE_INFECTION,OBSERVED_NULL,1,0,TRANSCRIPTOME,,NOT_APPLICABLE,REL_CTX003_ANNOTATION_CERTAINTY;REL_CTX003_BATCH_ADJUSTMENT;REL_CTX003_CONTROL_CERTAINTY;REL_CTX003_CROSS_CONTEXT_REPLICATION;REL_CTX003_EV_PREPARATION_INDEPENDENCE;REL_CTX003_MODEL_DIAGNOSTICS;REL_CTX003_PAIRING_CERTAINTY;REL_CTX003_PATHWAY_EVIDENCE;REL_CTX003_PHENOTYPE_SUPPORT;REL_CTX003_RECIPIENT_DONOR_INDEPENDENCE;REL_CTX003_SAMPLE_QC;REL_CTX003_SENSITIVITY_STABILITY;REL_CTX003_STUDY_INDEPENDENCE,EXP003-C4,data/metadata/skinexo_response_components.csv;reports/EXP003_C4_third_context_pathway_test.md
CTX003,I,I121,INACTIVE,1.938508878684255,0.0734902279916521,REACTOME_DDX58_IFIH1_MEDIATED_INDUCTION_OF_INTERFERON_ALPHA_BETA,OBSERVED_NULL,1,0,TRANSCRIPTOME,,NOT_APPLICABLE,REL_CTX003_ANNOTATION_CERTAINTY;REL_CTX003_BATCH_ADJUSTMENT;REL_CTX003_CONTROL_CERTAINTY;REL_CTX003_CROSS_CONTEXT_REPLICATION;REL_CTX003_EV_PREPARATION_INDEPENDENCE;REL_CTX003_MODEL_DIAGNOSTICS;REL_CTX003_PAIRING_CERTAINTY;REL_CTX003_PATHWAY_EVIDENCE;REL_CTX003_PHENOTYPE_SUPPORT;REL_CTX003_RECIPIENT_DONOR_INDEPENDENCE;REL_CTX003_SAMPLE_QC;REL_CTX003_SENSITIVITY_STABILITY;REL_CTX003_STUDY_INDEPENDENCE,EXP003-C4,data/metadata/skinexo_response_components.csv;reports/EXP003_C4_third_context_pathway_test.md
CTX003,I,I122,INACTIVE,1.9951415341730276,0.0563883263059044,REACTOME_DENGUE_VIRUS_ACTIVATES_MODULATES_INNATE_AND_ADAPTIVE_IMMUNE_RESPONSES,OBSERVED_NULL,1,0,TRANSCRIPTOME,,NOT_APPLICABLE,REL_CTX003_ANNOTATION_CERTAINTY;REL_CTX003_BATCH_ADJUSTMENT;REL_CTX003_CONTROL_CERTAINTY;REL_CTX003_CROSS_CONTEXT_REPLICATION;REL_CTX003_EV_PREPARATION_INDEPENDENCE;REL_CTX003_MODEL_DIAGNOSTICS;REL_CTX003_PAIRING_CERTAINTY;REL_CTX003_PATHWAY_EVIDENCE;REL_CTX003_PHENOTYPE_SUPPORT;REL_CTX003_RECIPIENT_DONOR_INDEPENDENCE;REL_CTX003_SAMPLE_QC;REL_CTX003_SENSITIVITY_STABILITY;REL_CTX003_STUDY_INDEPENDENCE,EXP003-C4,data/metadata/skinexo_response_components.csv;reports/EXP003_C4_third_context_pathway_test.md
CTX003,I,I123,POSITIVE,2.0849322808022586,0.0337273076294333,REACTOME_DISEASES_OF_IMMUNE_SYSTEM,ACTIVE_POSITIVE,1,1,TRANSCRIPTOME,,NOT_APPLICABLE,REL_CTX003_ANNOTATION_CERTAINTY;REL_CTX003_BATCH_ADJUSTMENT;REL_CTX003_CONTROL_CERTAINTY;REL_CTX003_CROSS_CONTEXT_REPLICATION;REL_CTX003_EV_PREPARATION_INDEPENDENCE;REL_CTX003_MODEL_DIAGNOSTICS;REL_CTX003_PAIRING_CERTAINTY;REL_CTX003_PATHWAY_EVIDENCE;REL_CTX003_PHENOTYPE_SUPPORT;REL_CTX003_RECIPIENT_DONOR_INDEPENDENCE;REL_CTX003_SAMPLE_QC;REL_CTX003_SENSITIVITY_STABILITY;REL_CTX003_STUDY_INDEPENDENCE,EXP003-C4,data/metadata/skinexo_response_components.csv;reports/EXP003_C4_third_context_pathway_test.md
CTX003,I,I124,INACTIVE,1.2507060795130729,0.4492510652616708,REACTOME_EVASION_BY_RSV_OF_HOST_INTERFERON_RESPONSES,OBSERVED_NULL,1,0,TRANSCRIPTOME,,NOT_APPLICABLE,REL_CTX003_ANNOTATION_CERTAINTY;REL_CTX003_BATCH_ADJUSTMENT;REL_CTX003_CONTROL_CERTAINTY;REL_CTX003_CROSS_CONTEXT_REPLICATION;REL_CTX003_EV_PREPARATION_INDEPENDENCE;REL_CTX003_MODEL_DIAGNOSTICS;REL_CTX003_PAIRING_CERTAINTY;REL_CTX003_PATHWAY_EVIDENCE;REL_CTX003_PHENOTYPE_SUPPORT;REL_CTX003_RECIPIENT_DONOR_INDEPENDENCE;REL_CTX003_SAMPLE_QC;REL_CTX003_SENSITIVITY_STABILITY;REL_CTX003_STUDY_INDEPENDENCE,EXP003-C4,data/metadata/skinexo_response_components.csv;reports/EXP003_C4_third_context_pathway_test.md
CTX003,I,I125,INACTIVE,1.4739537141226895,0.2682237287925081,REACTOME_INTERLEUKIN_12_FAMILY_SIGNALING,OBSERVED_NULL,1,0,TRANSCRIPTOME,,NOT_APPLICABLE,REL_CTX003_ANNOTATION_CERTAINTY;REL_CTX003_BATCH_ADJUSTMENT;REL_CTX003_CONTROL_CERTAINTY;REL_CTX003_CROSS_CONTEXT_REPLICATION;REL_CTX003_EV_PREPARATION_INDEPENDENCE;REL_CTX003_MODEL_DIAGNOSTICS;REL_CTX003_PAIRING_CERTAINTY;REL_CTX003_PATHWAY_EVIDENCE;REL_CTX003_PHENOTYPE_SUPPORT;REL_CTX003_RECIPIENT_DONOR_INDEPENDENCE;REL_CTX003_SAMPLE_QC;REL_CTX003_SENSITIVITY_STABILITY;REL_CTX003_STUDY_INDEPENDENCE,EXP003-C4,data/metadata/skinexo_response_components.csv;reports/EXP003_C4_third_context_pathway_test.md
CTX003,I,I126,INACTIVE,2.010469513459044,0.0509387890031968,REACTOME_IMMUNOREGULATORY_INTERACTIONS_BETWEEN_A_LYMPHOID_AND_A_NON_LYMPHOID_CELL,OBSERVED_NULL,1,0,TRANSCRIPTOME,,NOT_APPLICABLE,REL_CTX003_ANNOTATION_CERTAINTY;REL_CTX003_BATCH_ADJUSTMENT;REL_CTX003_CONTROL_CERTAINTY;REL_CTX003_CROSS_CONTEXT_REPLICATION;REL_CTX003_EV_PREPARATION_INDEPENDENCE;REL_CTX003_MODEL_DIAGNOSTICS;REL_CTX003_PAIRING_CERTAINTY;REL_CTX003_PATHWAY_EVIDENCE;REL_CTX003_PHENOTYPE_SUPPORT;REL_CTX003_RECIPIENT_DONOR_INDEPENDENCE;REL_CTX003_SAMPLE_QC;REL_CTX003_SENSITIVITY_STABILITY;REL_CTX003_STUDY_INDEPENDENCE,EXP003-C4,data/metadata/skinexo_response_components.csv;reports/EXP003_C4_third_context_pathway_test.md
CTX003,I,I127,INACTIVE,1.7190991975987058,0.1297933499207637,REACTOME_INFLAMMASOMES,OBSERVED_NULL,1,0,TRANSCRIPTOME,,NOT_APPLICABLE,REL_CTX003_ANNOTATION_CERTAINTY;REL_CTX003_BATCH_ADJUSTMENT;REL_CTX003_CONTROL_CERTAINTY;REL_CTX003_CROSS_CONTEXT_REPLICATION;REL_CTX003_EV_PREPARATION_INDEPENDENCE;REL_CTX003_MODEL_DIAGNOSTICS;REL_CTX003_PAIRING_CERTAINTY;REL_CTX003_PATHWAY_EVIDENCE;REL_CTX003_PHENOTYPE_SUPPORT;REL_CTX003_RECIPIENT_DONOR_INDEPENDENCE;REL_CTX003_SAMPLE_QC;REL_CTX003_SENSITIVITY_STABILITY;REL_CTX003_STUDY_INDEPENDENCE,EXP003-C4,data/metadata/skinexo_response_components.csv;reports/EXP003_C4_third_context_pathway_test.md
CTX003,I,I128,INACTIVE,1.2492993703966844,0.4500202605801474,REACTOME_INTERFERON_ALPHA_BETA_SIGNALING,OBSERVED_NULL,1,0,TRANSCRIPTOME,,NOT_APPLICABLE,REL_CTX003_ANNOTATION_CERTAINTY;REL_CTX003_BATCH_ADJUSTMENT;REL_CTX003_CONTROL_CERTAINTY;REL_CTX003_CROSS_CONTEXT_REPLICATION;REL_CTX003_EV_PREPARATION_INDEPENDENCE;REL_CTX003_MODEL_DIAGNOSTICS;REL_CTX003_PAIRING_CERTAINTY;REL_CTX003_PATHWAY_EVIDENCE;REL_CTX003_PHENOTYPE_SUPPORT;REL_CTX003_RECIPIENT_DONOR_INDEPENDENCE;REL_CTX003_SAMPLE_QC;REL_CTX003_SENSITIVITY_STABILITY;REL_CTX003_STUDY_INDEPENDENCE,EXP003-C4,data/metadata/skinexo_response_components.csv;reports/EXP003_C4_third_context_pathway_test.md
CTX003,I,I129,INACTIVE,1.9328456613974687,0.0734852085101965,REACTOME_INTERFERON_GAMMA_SIGNALING,OBSERVED_NULL,1,0,TRANSCRIPTOME,,NOT_APPLICABLE,REL_CTX003_ANNOTATION_CERTAINTY;REL_CTX003_BATCH_ADJUSTMENT;REL_CTX003_CONTROL_CERTAINTY;REL_CTX003_CROSS_CONTEXT_REPLICATION;REL_CTX003_EV_PREPARATION_INDEPENDENCE;REL_CTX003_MODEL_DIAGNOSTICS;REL_CTX003_PAIRING_CERTAINTY;REL_CTX003_PATHWAY_EVIDENCE;REL_CTX003_PHENOTYPE_SUPPORT;REL_CTX003_RECIPIENT_DONOR_INDEPENDENCE;REL_CTX003_SAMPLE_QC;REL_CTX003_SENSITIVITY_STABILITY;REL_CTX003_STUDY_INDEPENDENCE,EXP003-C4,data/metadata/skinexo_response_components.csv;reports/EXP003_C4_third_context_pathway_test.md
CTX003,I,I130,INACTIVE,1.6386044654805254,0.16696707366622,REACTOME_INTERFERON_SIGNALING,OBSERVED_NULL,1,0,TRANSCRIPTOME,,NOT_APPLICABLE,REL_CTX003_ANNOTATION_CERTAINTY;REL_CTX003_BATCH_ADJUSTMENT;REL_CTX003_CONTROL_CERTAINTY;REL_CTX003_CROSS_CONTEXT_REPLICATION;REL_CTX003_EV_PREPARATION_INDEPENDENCE;REL_CTX003_MODEL_DIAGNOSTICS;REL_CTX003_PAIRING_CERTAINTY;REL_CTX003_PATHWAY_EVIDENCE;REL_CTX003_PHENOTYPE_SUPPORT;REL_CTX003_RECIPIENT_DONOR_INDEPENDENCE;REL_CTX003_SAMPLE_QC;REL_CTX003_SENSITIVITY_STABILITY;REL_CTX003_STUDY_INDEPENDENCE,EXP003-C4,data/metadata/skinexo_response_components.csv;reports/EXP003_C4_third_context_pathway_test.md
CTX003,I,I131,POSITIVE,2.3800878077382475,0.0006073572561293,REACTOME_INTERLEUKIN_10_SIGNALING,ACTIVE_POSITIVE,1,1,TRANSCRIPTOME,,NOT_APPLICABLE,REL_CTX003_ANNOTATION_CERTAINTY;REL_CTX003_BATCH_ADJUSTMENT;REL_CTX003_CONTROL_CERTAINTY;REL_CTX003_CROSS_CONTEXT_REPLICATION;REL_CTX003_EV_PREPARATION_INDEPENDENCE;REL_CTX003_MODEL_DIAGNOSTICS;REL_CTX003_PAIRING_CERTAINTY;REL_CTX003_PATHWAY_EVIDENCE;REL_CTX003_PHENOTYPE_SUPPORT;REL_CTX003_RECIPIENT_DONOR_INDEPENDENCE;REL_CTX003_SAMPLE_QC;REL_CTX003_SENSITIVITY_STABILITY;REL_CTX003_STUDY_INDEPENDENCE,EXP003-C4,data/metadata/skinexo_response_components.csv;reports/EXP003_C4_third_context_pathway_test.md
CTX003,I,I132,INACTIVE,1.808216564866781,0.104107816370437,REACTOME_TOLL_LIKE_RECEPTOR_CASCADES,OBSERVED_NULL,1,0,TRANSCRIPTOME,,NOT_APPLICABLE,REL_CTX003_ANNOTATION_CERTAINTY;REL_CTX003_BATCH_ADJUSTMENT;REL_CTX003_CONTROL_CERTAINTY;REL_CTX003_CROSS_CONTEXT_REPLICATION;REL_CTX003_EV_PREPARATION_INDEPENDENCE;REL_CTX003_MODEL_DIAGNOSTICS;REL_CTX003_PAIRING_CERTAINTY;REL_CTX003_PATHWAY_EVIDENCE;REL_CTX003_PHENOTYPE_SUPPORT;REL_CTX003_RECIPIENT_DONOR_INDEPENDENCE;REL_CTX003_SAMPLE_QC;REL_CTX003_SENSITIVITY_STABILITY;REL_CTX003_STUDY_INDEPENDENCE,EXP003-C4,data/metadata/skinexo_response_components.csv;reports/EXP003_C4_third_context_pathway_test.md
CTX003,I,I133,INACTIVE,1.6388811066551572,0.1671728841798367,REACTOME_INTERLEUKIN_1_FAMILY_SIGNALING,OBSERVED_NULL,1,0,TRANSCRIPTOME,,NOT_APPLICABLE,REL_CTX003_ANNOTATION_CERTAINTY;REL_CTX003_BATCH_ADJUSTMENT;REL_CTX003_CONTROL_CERTAINTY;REL_CTX003_CROSS_CONTEXT_REPLICATION;REL_CTX003_EV_PREPARATION_INDEPENDENCE;REL_CTX003_MODEL_DIAGNOSTICS;REL_CTX003_PAIRING_CERTAINTY;REL_CTX003_PATHWAY_EVIDENCE;REL_CTX003_PHENOTYPE_SUPPORT;REL_CTX003_RECIPIENT_DONOR_INDEPENDENCE;REL_CTX003_SAMPLE_QC;REL_CTX003_SENSITIVITY_STABILITY;REL_CTX003_STUDY_INDEPENDENCE,EXP003-C4,data/metadata/skinexo_response_components.csv;reports/EXP003_C4_third_context_pathway_test.md
CTX003,I,I134,INACTIVE,1.2165519012206647,0.4844903619020265,REACTOME_INTERLEUKIN_2_FAMILY_SIGNALING,OBSERVED_NULL,1,0,TRANSCRIPTOME,,NOT_APPLICABLE,REL_CTX003_ANNOTATION_CERTAINTY;REL_CTX003_BATCH_ADJUSTMENT;REL_CTX003_CONTROL_CERTAINTY;REL_CTX003_CROSS_CONTEXT_REPLICATION;REL_CTX003_EV_PREPARATION_INDEPENDENCE;REL_CTX003_MODEL_DIAGNOSTICS;REL_CTX003_PAIRING_CERTAINTY;REL_CTX003_PATHWAY_EVIDENCE;REL_CTX003_PHENOTYPE_SUPPORT;REL_CTX003_RECIPIENT_DONOR_INDEPENDENCE;REL_CTX003_SAMPLE_QC;REL_CTX003_SENSITIVITY_STABILITY;REL_CTX003_STUDY_INDEPENDENCE,EXP003-C4,data/metadata/skinexo_response_components.csv;reports/EXP003_C4_third_context_pathway_test.md
CTX003,I,I135,INACTIVE,1.6607540074455258,0.1549113901841371,REACTOME_INTERLEUKIN_37_SIGNALING,OBSERVED_NULL,1,0,TRANSCRIPTOME,,NOT_APPLICABLE,REL_CTX003_ANNOTATION_CERTAINTY;REL_CTX003_BATCH_ADJUSTMENT;REL_CTX003_CONTROL_CERTAINTY;REL_CTX003_CROSS_CONTEXT_REPLICATION;REL_CTX003_EV_PREPARATION_INDEPENDENCE;REL_CTX003_MODEL_DIAGNOSTICS;REL_CTX003_PAIRING_CERTAINTY;REL_CTX003_PATHWAY_EVIDENCE;REL_CTX003_PHENOTYPE_SUPPORT;REL_CTX003_RECIPIENT_DONOR_INDEPENDENCE;REL_CTX003_SAMPLE_QC;REL_CTX003_SENSITIVITY_STABILITY;REL_CTX003_STUDY_INDEPENDENCE,EXP003-C4,data/metadata/skinexo_response_components.csv;reports/EXP003_C4_third_context_pathway_test.md
CTX003,I,I136,POSITIVE,2.157834754051622,0.0209616119679516,REACTOME_INTERLEUKIN_4_AND_INTERLEUKIN_13_SIGNALING,ACTIVE_POSITIVE,1,1,TRANSCRIPTOME,,NOT_APPLICABLE,REL_CTX003_ANNOTATION_CERTAINTY;REL_CTX003_BATCH_ADJUSTMENT;REL_CTX003_CONTROL_CERTAINTY;REL_CTX003_CROSS_CONTEXT_REPLICATION;REL_CTX003_EV_PREPARATION_INDEPENDENCE;REL_CTX003_MODEL_DIAGNOSTICS;REL_CTX003_PAIRING_CERTAINTY;REL_CTX003_PATHWAY_EVIDENCE;REL_CTX003_PHENOTYPE_SUPPORT;REL_CTX003_RECIPIENT_DONOR_INDEPENDENCE;REL_CTX003_SAMPLE_QC;REL_CTX003_SENSITIVITY_STABILITY;REL_CTX003_STUDY_INDEPENDENCE,EXP003-C4,data/metadata/skinexo_response_components.csv;reports/EXP003_C4_third_context_pathway_test.md
CTX003,I,I137,INACTIVE,1.072311977746589,0.6618947620055575,REACTOME_INTERLEUKIN_6_FAMILY_SIGNALING,OBSERVED_NULL,1,0,TRANSCRIPTOME,,NOT_APPLICABLE,REL_CTX003_ANNOTATION_CERTAINTY;REL_CTX003_BATCH_ADJUSTMENT;REL_CTX003_CONTROL_CERTAINTY;REL_CTX003_CROSS_CONTEXT_REPLICATION;REL_CTX003_EV_PREPARATION_INDEPENDENCE;REL_CTX003_MODEL_DIAGNOSTICS;REL_CTX003_PAIRING_CERTAINTY;REL_CTX003_PATHWAY_EVIDENCE;REL_CTX003_PHENOTYPE_SUPPORT;REL_CTX003_RECIPIENT_DONOR_INDEPENDENCE;REL_CTX003_SAMPLE_QC;REL_CTX003_SENSITIVITY_STABILITY;REL_CTX003_STUDY_INDEPENDENCE,EXP003-C4,data/metadata/skinexo_response_components.csv;reports/EXP003_C4_third_context_pathway_test.md
CTX003,I,I138,INACTIVE,1.492276763337018,0.2560429498324899,REACTOME_INTERLEUKIN_7_SIGNALING,OBSERVED_NULL,1,0,TRANSCRIPTOME,,NOT_APPLICABLE,REL_CTX003_ANNOTATION_CERTAINTY;REL_CTX003_BATCH_ADJUSTMENT;REL_CTX003_CONTROL_CERTAINTY;REL_CTX003_CROSS_CONTEXT_REPLICATION;REL_CTX003_EV_PREPARATION_INDEPENDENCE;REL_CTX003_MODEL_DIAGNOSTICS;REL_CTX003_PAIRING_CERTAINTY;REL_CTX003_PATHWAY_EVIDENCE;REL_CTX003_PHENOTYPE_SUPPORT;REL_CTX003_RECIPIENT_DONOR_INDEPENDENCE;REL_CTX003_SAMPLE_QC;REL_CTX003_SENSITIVITY_STABILITY;REL_CTX003_STUDY_INDEPENDENCE,EXP003-C4,data/metadata/skinexo_response_components.csv;reports/EXP003_C4_third_context_pathway_test.md
CTX003,I,I139,INACTIVE,1.3940472130052624,0.3240092059842407,REACTOME_NEUTROPHIL_DEGRANULATION,OBSERVED_NULL,1,0,TRANSCRIPTOME,,NOT_APPLICABLE,REL_CTX003_ANNOTATION_CERTAINTY;REL_CTX003_BATCH_ADJUSTMENT;REL_CTX003_CONTROL_CERTAINTY;REL_CTX003_CROSS_CONTEXT_REPLICATION;REL_CTX003_EV_PREPARATION_INDEPENDENCE;REL_CTX003_MODEL_DIAGNOSTICS;REL_CTX003_PAIRING_CERTAINTY;REL_CTX003_PATHWAY_EVIDENCE;REL_CTX003_PHENOTYPE_SUPPORT;REL_CTX003_RECIPIENT_DONOR_INDEPENDENCE;REL_CTX003_SAMPLE_QC;REL_CTX003_SENSITIVITY_STABILITY;REL_CTX003_STUDY_INDEPENDENCE,EXP003-C4,data/metadata/skinexo_response_components.csv;reports/EXP003_C4_third_context_pathway_test.md
CTX003,I,I140,INACTIVE,1.7398740155168624,0.1205313273504833,REACTOME_OTHER_INTERLEUKIN_SIGNALING,OBSERVED_NULL,1,0,TRANSCRIPTOME,,NOT_APPLICABLE,REL_CTX003_ANNOTATION_CERTAINTY;REL_CTX003_BATCH_ADJUSTMENT;REL_CTX003_CONTROL_CERTAINTY;REL_CTX003_CROSS_CONTEXT_REPLICATION;REL_CTX003_EV_PREPARATION_INDEPENDENCE;REL_CTX003_MODEL_DIAGNOSTICS;REL_CTX003_PAIRING_CERTAINTY;REL_CTX003_PATHWAY_EVIDENCE;REL_CTX003_PHENOTYPE_SUPPORT;REL_CTX003_RECIPIENT_DONOR_INDEPENDENCE;REL_CTX003_SAMPLE_QC;REL_CTX003_SENSITIVITY_STABILITY;REL_CTX003_STUDY_INDEPENDENCE,EXP003-C4,data/metadata/skinexo_response_components.csv;reports/EXP003_C4_third_context_pathway_test.md
CTX003,I,I141,INACTIVE,2.036963921410773,0.0447222330793787,REACTOME_RIP_MEDIATED_NFKB_ACTIVATION_VIA_ZBP1,OBSERVED_NULL,1,0,TRANSCRIPTOME,,NOT_APPLICABLE,REL_CTX003_ANNOTATION_CERTAINTY;REL_CTX003_BATCH_ADJUSTMENT;REL_CTX003_CONTROL_CERTAINTY;REL_CTX003_CROSS_CONTEXT_REPLICATION;REL_CTX003_EV_PREPARATION_INDEPENDENCE;REL_CTX003_MODEL_DIAGNOSTICS;REL_CTX003_PAIRING_CERTAINTY;REL_CTX003_PATHWAY_EVIDENCE;REL_CTX003_PHENOTYPE_SUPPORT;REL_CTX003_RECIPIENT_DONOR_INDEPENDENCE;REL_CTX003_SAMPLE_QC;REL_CTX003_SENSITIVITY_STABILITY;REL_CTX003_STUDY_INDEPENDENCE,EXP003-C4,data/metadata/skinexo_response_components.csv;reports/EXP003_C4_third_context_pathway_test.md
CTX003,I,I142,POSITIVE,2.062413288742682,0.0393263823343758,REACTOME_SARS_COV_1_ACTIVATES_MODULATES_INNATE_IMMUNE_RESPONSES,ACTIVE_POSITIVE,1,1,TRANSCRIPTOME,,NOT_APPLICABLE,REL_CTX003_ANNOTATION_CERTAINTY;REL_CTX003_BATCH_ADJUSTMENT;REL_CTX003_CONTROL_CERTAINTY;REL_CTX003_CROSS_CONTEXT_REPLICATION;REL_CTX003_EV_PREPARATION_INDEPENDENCE;REL_CTX003_MODEL_DIAGNOSTICS;REL_CTX003_PAIRING_CERTAINTY;REL_CTX003_PATHWAY_EVIDENCE;REL_CTX003_PHENOTYPE_SUPPORT;REL_CTX003_RECIPIENT_DONOR_INDEPENDENCE;REL_CTX003_SAMPLE_QC;REL_CTX003_SENSITIVITY_STABILITY;REL_CTX003_STUDY_INDEPENDENCE,EXP003-C4,data/metadata/skinexo_response_components.csv;reports/EXP003_C4_third_context_pathway_test.md
CTX003,I,I143,INACTIVE,1.7536909252794763,0.1192519728577936,REACTOME_SARS_COV_2_ACTIVATES_MODULATES_INNATE_AND_ADAPTIVE_IMMUNE_RESPONSES,OBSERVED_NULL,1,0,TRANSCRIPTOME,,NOT_APPLICABLE,REL_CTX003_ANNOTATION_CERTAINTY;REL_CTX003_BATCH_ADJUSTMENT;REL_CTX003_CONTROL_CERTAINTY;REL_CTX003_CROSS_CONTEXT_REPLICATION;REL_CTX003_EV_PREPARATION_INDEPENDENCE;REL_CTX003_MODEL_DIAGNOSTICS;REL_CTX003_PAIRING_CERTAINTY;REL_CTX003_PATHWAY_EVIDENCE;REL_CTX003_PHENOTYPE_SUPPORT;REL_CTX003_RECIPIENT_DONOR_INDEPENDENCE;REL_CTX003_SAMPLE_QC;REL_CTX003_SENSITIVITY_STABILITY;REL_CTX003_STUDY_INDEPENDENCE,EXP003-C4,data/metadata/skinexo_response_components.csv;reports/EXP003_C4_third_context_pathway_test.md
CTX003,I,I144,POSITIVE,2.0832344218202428,0.033294220495091,REACTOME_SIGNALING_BY_INTERLEUKINS,ACTIVE_POSITIVE,1,1,TRANSCRIPTOME,,NOT_APPLICABLE,REL_CTX003_ANNOTATION_CERTAINTY;REL_CTX003_BATCH_ADJUSTMENT;REL_CTX003_CONTROL_CERTAINTY;REL_CTX003_CROSS_CONTEXT_REPLICATION;REL_CTX003_EV_PREPARATION_INDEPENDENCE;REL_CTX003_MODEL_DIAGNOSTICS;REL_CTX003_PAIRING_CERTAINTY;REL_CTX003_PATHWAY_EVIDENCE;REL_CTX003_PHENOTYPE_SUPPORT;REL_CTX003_RECIPIENT_DONOR_INDEPENDENCE;REL_CTX003_SAMPLE_QC;REL_CTX003_SENSITIVITY_STABILITY;REL_CTX003_STUDY_INDEPENDENCE,EXP003-C4,data/metadata/skinexo_response_components.csv;reports/EXP003_C4_third_context_pathway_test.md
CTX003,I,I145,POSITIVE,2.1601993860301145,0.0204263835087715,REACTOME_TNFR1_INDUCED_NF_KAPPA_B_SIGNALING_PATHWAY,ACTIVE_POSITIVE,1,1,TRANSCRIPTOME,,NOT_APPLICABLE,REL_CTX003_ANNOTATION_CERTAINTY;REL_CTX003_BATCH_ADJUSTMENT;REL_CTX003_CONTROL_CERTAINTY;REL_CTX003_CROSS_CONTEXT_REPLICATION;REL_CTX003_EV_PREPARATION_INDEPENDENCE;REL_CTX003_MODEL_DIAGNOSTICS;REL_CTX003_PAIRING_CERTAINTY;REL_CTX003_PATHWAY_EVIDENCE;REL_CTX003_PHENOTYPE_SUPPORT;REL_CTX003_RECIPIENT_DONOR_INDEPENDENCE;REL_CTX003_SAMPLE_QC;REL_CTX003_SENSITIVITY_STABILITY;REL_CTX003_STUDY_INDEPENDENCE,EXP003-C4,data/metadata/skinexo_response_components.csv;reports/EXP003_C4_third_context_pathway_test.md
CTX003,I,I146,INACTIVE,1.937569863923258,0.0732981577482607,REACTOME_TNFR2_NON_CANONICAL_NF_KB_PATHWAY,OBSERVED_NULL,1,0,TRANSCRIPTOME,,NOT_APPLICABLE,REL_CTX003_ANNOTATION_CERTAINTY;REL_CTX003_BATCH_ADJUSTMENT;REL_CTX003_CONTROL_CERTAINTY;REL_CTX003_CROSS_CONTEXT_REPLICATION;REL_CTX003_EV_PREPARATION_INDEPENDENCE;REL_CTX003_MODEL_DIAGNOSTICS;REL_CTX003_PAIRING_CERTAINTY;REL_CTX003_PATHWAY_EVIDENCE;REL_CTX003_PHENOTYPE_SUPPORT;REL_CTX003_RECIPIENT_DONOR_INDEPENDENCE;REL_CTX003_SAMPLE_QC;REL_CTX003_SENSITIVITY_STABILITY;REL_CTX003_STUDY_INDEPENDENCE,EXP003-C4,data/metadata/skinexo_response_components.csv;reports/EXP003_C4_third_context_pathway_test.md
CTX003,M,M001,INACTIVE,-0.8218364760985033,1.0,GOBP_AMEBOIDAL_TYPE_CELL_MIGRATION,OBSERVED_NULL,1,0,TRANSCRIPTOME,ANC_CTX003_M_SCRATCH;ANC_CTX003_WOUND_CLOSURE,NOT_APPLICABLE,REL_CTX003_ANNOTATION_CERTAINTY;REL_CTX003_BATCH_ADJUSTMENT;REL_CTX003_CONTROL_CERTAINTY;REL_CTX003_CROSS_CONTEXT_REPLICATION;REL_CTX003_EV_PREPARATION_INDEPENDENCE;REL_CTX003_MODEL_DIAGNOSTICS;REL_CTX003_PAIRING_CERTAINTY;REL_CTX003_PATHWAY_EVIDENCE;REL_CTX003_PHENOTYPE_SUPPORT;REL_CTX003_RECIPIENT_DONOR_INDEPENDENCE;REL_CTX003_SAMPLE_QC;REL_CTX003_SENSITIVITY_STABILITY;REL_CTX003_STUDY_INDEPENDENCE,EXP003-C4,data/metadata/skinexo_response_components.csv;reports/EXP003_C4_third_context_pathway_test.md
CTX003,M,M002,INACTIVE,1.4677140954951793,0.2721070138733186,GOBP_BLOOD_VESSEL_ENDOTHELIAL_CELL_MIGRATION,OBSERVED_NULL,1,0,TRANSCRIPTOME,ANC_CTX003_M_SCRATCH;ANC_CTX003_WOUND_CLOSURE,NOT_APPLICABLE,REL_CTX003_ANNOTATION_CERTAINTY;REL_CTX003_BATCH_ADJUSTMENT;REL_CTX003_CONTROL_CERTAINTY;REL_CTX003_CROSS_CONTEXT_REPLICATION;REL_CTX003_EV_PREPARATION_INDEPENDENCE;REL_CTX003_MODEL_DIAGNOSTICS;REL_CTX003_PAIRING_CERTAINTY;REL_CTX003_PATHWAY_EVIDENCE;REL_CTX003_PHENOTYPE_SUPPORT;REL_CTX003_RECIPIENT_DONOR_INDEPENDENCE;REL_CTX003_SAMPLE_QC;REL_CTX003_SENSITIVITY_STABILITY;REL_CTX003_STUDY_INDEPENDENCE,EXP003-C4,data/metadata/skinexo_response_components.csv;reports/EXP003_C4_third_context_pathway_test.md
CTX003,M,M003,POSITIVE,2.5633263905064863,0.0,GOBP_GRANULOCYTE_CHEMOTAXIS,ACTIVE_POSITIVE,1,1,TRANSCRIPTOME,ANC_CTX003_M_SCRATCH;ANC_CTX003_WOUND_CLOSURE,NOT_APPLICABLE,REL_CTX003_ANNOTATION_CERTAINTY;REL_CTX003_BATCH_ADJUSTMENT;REL_CTX003_CONTROL_CERTAINTY;REL_CTX003_CROSS_CONTEXT_REPLICATION;REL_CTX003_EV_PREPARATION_INDEPENDENCE;REL_CTX003_MODEL_DIAGNOSTICS;REL_CTX003_PAIRING_CERTAINTY;REL_CTX003_PATHWAY_EVIDENCE;REL_CTX003_PHENOTYPE_SUPPORT;REL_CTX003_RECIPIENT_DONOR_INDEPENDENCE;REL_CTX003_SAMPLE_QC;REL_CTX003_SENSITIVITY_STABILITY;REL_CTX003_STUDY_INDEPENDENCE,EXP003-C4,data/metadata/skinexo_response_components.csv;reports/EXP003_C4_third_context_pathway_test.md
CTX003,M,M004,INACTIVE,-1.1971081082293884,0.9669741387105588,GOBP_CELL_MIGRATION_INVOLVED_IN_HEART_DEVELOPMENT,OBSERVED_NULL,1,0,TRANSCRIPTOME,ANC_CTX003_M_SCRATCH;ANC_CTX003_WOUND_CLOSURE,NOT_APPLICABLE,REL_CTX003_ANNOTATION_CERTAINTY;REL_CTX003_BATCH_ADJUSTMENT;REL_CTX003_CONTROL_CERTAINTY;REL_CTX003_CROSS_CONTEXT_REPLICATION;REL_CTX003_EV_PREPARATION_INDEPENDENCE;REL_CTX003_MODEL_DIAGNOSTICS;REL_CTX003_PAIRING_CERTAINTY;REL_CTX003_PATHWAY_EVIDENCE;REL_CTX003_PHENOTYPE_SUPPORT;REL_CTX003_RECIPIENT_DONOR_INDEPENDENCE;REL_CTX003_SAMPLE_QC;REL_CTX003_SENSITIVITY_STABILITY;REL_CTX003_STUDY_INDEPENDENCE,EXP003-C4,data/metadata/skinexo_response_components.csv;reports/EXP003_C4_third_context_pathway_test.md
CTX003,M,M005,INACTIVE,1.1316303687941127,0.5881366652312806,GOBP_CEREBRAL_CORTEX_CELL_MIGRATION,OBSERVED_NULL,1,0,TRANSCRIPTOME,ANC_CTX003_M_SCRATCH;ANC_CTX003_WOUND_CLOSURE,NOT_APPLICABLE,REL_CTX003_ANNOTATION_CERTAINTY;REL_CTX003_BATCH_ADJUSTMENT;REL_CTX003_CONTROL_CERTAINTY;REL_CTX003_CROSS_CONTEXT_REPLICATION;REL_CTX003_EV_PREPARATION_INDEPENDENCE;REL_CTX003_MODEL_DIAGNOSTICS;REL_CTX003_PAIRING_CERTAINTY;REL_CTX003_PATHWAY_EVIDENCE;REL_CTX003_PHENOTYPE_SUPPORT;REL_CTX003_RECIPIENT_DONOR_INDEPENDENCE;REL_CTX003_SAMPLE_QC;REL_CTX003_SENSITIVITY_STABILITY;REL_CTX003_STUDY_INDEPENDENCE,EXP003-C4,data/metadata/skinexo_response_components.csv;reports/EXP003_C4_third_context_pathway_test.md
CTX003,M,M006,INACTIVE,-1.164172739044298,0.961090095080193,GOBP_CILIUM_OR_FLAGELLUM_DEPENDENT_CELL_MOTILITY,OBSERVED_NULL,1,0,TRANSCRIPTOME,ANC_CTX003_M_SCRATCH;ANC_CTX003_WOUND_CLOSURE,NOT_APPLICABLE,REL_CTX003_ANNOTATION_CERTAINTY;REL_CTX003_BATCH_ADJUSTMENT;REL_CTX003_CONTROL_CERTAINTY;REL_CTX003_CROSS_CONTEXT_REPLICATION;REL_CTX003_EV_PREPARATION_INDEPENDENCE;REL_CTX003_MODEL_DIAGNOSTICS;REL_CTX003_PAIRING_CERTAINTY;REL_CTX003_PATHWAY_EVIDENCE;REL_CTX003_PHENOTYPE_SUPPORT;REL_CTX003_RECIPIENT_DONOR_INDEPENDENCE;REL_CTX003_SAMPLE_QC;REL_CTX003_SENSITIVITY_STABILITY;REL_CTX003_STUDY_INDEPENDENCE,EXP003-C4,data/metadata/skinexo_response_components.csv;reports/EXP003_C4_third_context_pathway_test.md
CTX003,M,M007,INACTIVE,0.8463226563954265,0.9341840702459994,GOBP_ENDOTHELIAL_CELL_CHEMOTAXIS,OBSERVED_NULL,1,0,TRANSCRIPTOME,ANC_CTX003_M_SCRATCH;ANC_CTX003_WOUND_CLOSURE,NOT_APPLICABLE,REL_CTX003_ANNOTATION_CERTAINTY;REL_CTX003_BATCH_ADJUSTMENT;REL_CTX003_CONTROL_CERTAINTY;REL_CTX003_CROSS_CONTEXT_REPLICATION;REL_CTX003_EV_PREPARATION_INDEPENDENCE;REL_CTX003_MODEL_DIAGNOSTICS;REL_CTX003_PAIRING_CERTAINTY;REL_CTX003_PATHWAY_EVIDENCE;REL_CTX003_PHENOTYPE_SUPPORT;REL_CTX003_RECIPIENT_DONOR_INDEPENDENCE;REL_CTX003_SAMPLE_QC;REL_CTX003_SENSITIVITY_STABILITY;REL_CTX003_STUDY_INDEPENDENCE,EXP003-C4,data/metadata/skinexo_response_components.csv;reports/EXP003_C4_third_context_pathway_test.md
CTX003,M,M008,INACTIVE,1.131634119642296,0.5885650148138677,GOBP_FIBROBLAST_MIGRATION,OBSERVED_NULL,1,0,TRANSCRIPTOME,ANC_CTX003_M_SCRATCH;ANC_CTX003_WOUND_CLOSURE,NOT_APPLICABLE,REL_CTX003_ANNOTATION_CERTAINTY;REL_CTX003_BATCH_ADJUSTMENT;REL_CTX003_CONTROL_CERTAINTY;REL_CTX003_CROSS_CONTEXT_REPLICATION;REL_CTX003_EV_PREPARATION_INDEPENDENCE;REL_CTX003_MODEL_DIAGNOSTICS;REL_CTX003_PAIRING_CERTAINTY;REL_CTX003_PATHWAY_EVIDENCE;REL_CTX003_PHENOTYPE_SUPPORT;REL_CTX003_RECIPIENT_DONOR_INDEPENDENCE;REL_CTX003_SAMPLE_QC;REL_CTX003_SENSITIVITY_STABILITY;REL_CTX003_STUDY_INDEPENDENCE,EXP003-C4,data/metadata/skinexo_response_components.csv;reports/EXP003_C4_third_context_pathway_test.md
CTX003,M,M009,INACTIVE,1.3159650616737348,0.3848378850482672,GOBP_GLIAL_CELL_MIGRATION,OBSERVED_NULL,1,0,TRANSCRIPTOME,ANC_CTX003_M_SCRATCH;ANC_CTX003_WOUND_CLOSURE,NOT_APPLICABLE,REL_CTX003_ANNOTATION_CERTAINTY;REL_CTX003_BATCH_ADJUSTMENT;REL_CTX003_CONTROL_CERTAINTY;REL_CTX003_CROSS_CONTEXT_REPLICATION;REL_CTX003_EV_PREPARATION_INDEPENDENCE;REL_CTX003_MODEL_DIAGNOSTICS;REL_CTX003_PAIRING_CERTAINTY;REL_CTX003_PATHWAY_EVIDENCE;REL_CTX003_PHENOTYPE_SUPPORT;REL_CTX003_RECIPIENT_DONOR_INDEPENDENCE;REL_CTX003_SAMPLE_QC;REL_CTX003_SENSITIVITY_STABILITY;REL_CTX003_STUDY_INDEPENDENCE,EXP003-C4,data/metadata/skinexo_response_components.csv;reports/EXP003_C4_third_context_pathway_test.md
CTX003,M,M010,POSITIVE,2.038428481109952,0.0447494827725925,GOBP_LYMPHOCYTE_CHEMOTAXIS,ACTIVE_POSITIVE,1,1,TRANSCRIPTOME,ANC_CTX003_M_SCRATCH;ANC_CTX003_WOUND_CLOSURE,NOT_APPLICABLE,REL_CTX003_ANNOTATION_CERTAINTY;REL_CTX003_BATCH_ADJUSTMENT;REL_CTX003_CONTROL_CERTAINTY;REL_CTX003_CROSS_CONTEXT_REPLICATION;REL_CTX003_EV_PREPARATION_INDEPENDENCE;REL_CTX003_MODEL_DIAGNOSTICS;REL_CTX003_PAIRING_CERTAINTY;REL_CTX003_PATHWAY_EVIDENCE;REL_CTX003_PHENOTYPE_SUPPORT;REL_CTX003_RECIPIENT_DONOR_INDEPENDENCE;REL_CTX003_SAMPLE_QC;REL_CTX003_SENSITIVITY_STABILITY;REL_CTX003_STUDY_INDEPENDENCE,EXP003-C4,data/metadata/skinexo_response_components.csv;reports/EXP003_C4_third_context_pathway_test.md
CTX003,M,M011,POSITIVE,2.1067613363746545,0.0299404632558582,GOBP_LYMPHOCYTE_MIGRATION,ACTIVE_POSITIVE,1,1,TRANSCRIPTOME,ANC_CTX003_M_SCRATCH;ANC_CTX003_WOUND_CLOSURE,NOT_APPLICABLE,REL_CTX003_ANNOTATION_CERTAINTY;REL_CTX003_BATCH_ADJUSTMENT;REL_CTX003_CONTROL_CERTAINTY;REL_CTX003_CROSS_CONTEXT_REPLICATION;REL_CTX003_EV_PREPARATION_INDEPENDENCE;REL_CTX003_MODEL_DIAGNOSTICS;REL_CTX003_PAIRING_CERTAINTY;REL_CTX003_PATHWAY_EVIDENCE;REL_CTX003_PHENOTYPE_SUPPORT;REL_CTX003_RECIPIENT_DONOR_INDEPENDENCE;REL_CTX003_SAMPLE_QC;REL_CTX003_SENSITIVITY_STABILITY;REL_CTX003_STUDY_INDEPENDENCE,EXP003-C4,data/metadata/skinexo_response_components.csv;reports/EXP003_C4_third_context_pathway_test.md
CTX003,M,M012,INACTIVE,1.962060432448453,0.0683160113673193,GOBP_POSITIVE_REGULATION_OF_MACROPHAGE_MIGRATION,OBSERVED_NULL,1,0,TRANSCRIPTOME,ANC_CTX003_M_SCRATCH;ANC_CTX003_WOUND_CLOSURE,NOT_APPLICABLE,REL_CTX003_ANNOTATION_CERTAINTY;REL_CTX003_BATCH_ADJUSTMENT;REL_CTX003_CONTROL_CERTAINTY;REL_CTX003_CROSS_CONTEXT_REPLICATION;REL_CTX003_EV_PREPARATION_INDEPENDENCE;REL_CTX003_MODEL_DIAGNOSTICS;REL_CTX003_PAIRING_CERTAINTY;REL_CTX003_PATHWAY_EVIDENCE;REL_CTX003_PHENOTYPE_SUPPORT;REL_CTX003_RECIPIENT_DONOR_INDEPENDENCE;REL_CTX003_SAMPLE_QC;REL_CTX003_SENSITIVITY_STABILITY;REL_CTX003_STUDY_INDEPENDENCE,EXP003-C4,data/metadata/skinexo_response_components.csv;reports/EXP003_C4_third_context_pathway_test.md
CTX003,M,M013,INACTIVE,-1.055124370259551,1.0,GOBP_MESENCHYMAL_CELL_MIGRATION,OBSERVED_NULL,1,0,TRANSCRIPTOME,ANC_CTX003_M_SCRATCH;ANC_CTX003_WOUND_CLOSURE,NOT_APPLICABLE,REL_CTX003_ANNOTATION_CERTAINTY;REL_CTX003_BATCH_ADJUSTMENT;REL_CTX003_CONTROL_CERTAINTY;REL_CTX003_CROSS_CONTEXT_REPLICATION;REL_CTX003_EV_PREPARATION_INDEPENDENCE;REL_CTX003_MODEL_DIAGNOSTICS;REL_CTX003_PAIRING_CERTAINTY;REL_CTX003_PATHWAY_EVIDENCE;REL_CTX003_PHENOTYPE_SUPPORT;REL_CTX003_RECIPIENT_DONOR_INDEPENDENCE;REL_CTX003_SAMPLE_QC;REL_CTX003_SENSITIVITY_STABILITY;REL_CTX003_STUDY_INDEPENDENCE,EXP003-C4,data/metadata/skinexo_response_components.csv;reports/EXP003_C4_third_context_pathway_test.md
CTX003,M,M014,INACTIVE,1.841959782946111,0.0971274358252244,GOBP_MONOCYTE_CHEMOTAXIS,OBSERVED_NULL,1,0,TRANSCRIPTOME,ANC_CTX003_M_SCRATCH;ANC_CTX003_WOUND_CLOSURE,NOT_APPLICABLE,REL_CTX003_ANNOTATION_CERTAINTY;REL_CTX003_BATCH_ADJUSTMENT;REL_CTX003_CONTROL_CERTAINTY;REL_CTX003_CROSS_CONTEXT_REPLICATION;REL_CTX003_EV_PREPARATION_INDEPENDENCE;REL_CTX003_MODEL_DIAGNOSTICS;REL_CTX003_PAIRING_CERTAINTY;REL_CTX003_PATHWAY_EVIDENCE;REL_CTX003_PHENOTYPE_SUPPORT;REL_CTX003_RECIPIENT_DONOR_INDEPENDENCE;REL_CTX003_SAMPLE_QC;REL_CTX003_SENSITIVITY_STABILITY;REL_CTX003_STUDY_INDEPENDENCE,EXP003-C4,data/metadata/skinexo_response_components.csv;reports/EXP003_C4_third_context_pathway_test.md
CTX003,M,M015,INACTIVE,-0.8646034723820922,1.0,GOBP_SMOOTH_MUSCLE_CELL_MIGRATION,OBSERVED_NULL,1,0,TRANSCRIPTOME,ANC_CTX003_M_SCRATCH;ANC_CTX003_WOUND_CLOSURE,NOT_APPLICABLE,REL_CTX003_ANNOTATION_CERTAINTY;REL_CTX003_BATCH_ADJUSTMENT;REL_CTX003_CONTROL_CERTAINTY;REL_CTX003_CROSS_CONTEXT_REPLICATION;REL_CTX003_EV_PREPARATION_INDEPENDENCE;REL_CTX003_MODEL_DIAGNOSTICS;REL_CTX003_PAIRING_CERTAINTY;REL_CTX003_PATHWAY_EVIDENCE;REL_CTX003_PHENOTYPE_SUPPORT;REL_CTX003_RECIPIENT_DONOR_INDEPENDENCE;REL_CTX003_SAMPLE_QC;REL_CTX003_SENSITIVITY_STABILITY;REL_CTX003_STUDY_INDEPENDENCE,EXP003-C4,data/metadata/skinexo_response_components.csv;reports/EXP003_C4_third_context_pathway_test.md
CTX003,M,M016,INACTIVE,1.340063653465979,0.3661064932966806,GOBP_NEGATIVE_CHEMOTAXIS,OBSERVED_NULL,1,0,TRANSCRIPTOME,ANC_CTX003_M_SCRATCH;ANC_CTX003_WOUND_CLOSURE,NOT_APPLICABLE,REL_CTX003_ANNOTATION_CERTAINTY;REL_CTX003_BATCH_ADJUSTMENT;REL_CTX003_CONTROL_CERTAINTY;REL_CTX003_CROSS_CONTEXT_REPLICATION;REL_CTX003_EV_PREPARATION_INDEPENDENCE;REL_CTX003_MODEL_DIAGNOSTICS;REL_CTX003_PAIRING_CERTAINTY;REL_CTX003_PATHWAY_EVIDENCE;REL_CTX003_PHENOTYPE_SUPPORT;REL_CTX003_RECIPIENT_DONOR_INDEPENDENCE;REL_CTX003_SAMPLE_QC;REL_CTX003_SENSITIVITY_STABILITY;REL_CTX003_STUDY_INDEPENDENCE,EXP003-C4,data/metadata/skinexo_response_components.csv;reports/EXP003_C4_third_context_pathway_test.md
CTX003,M,M017,INACTIVE,1.59588773966515,0.1894144829448752,GOBP_NEGATIVE_REGULATION_OF_CHEMOTAXIS,OBSERVED_NULL,1,0,TRANSCRIPTOME,ANC_CTX003_M_SCRATCH;ANC_CTX003_WOUND_CLOSURE,NOT_APPLICABLE,REL_CTX003_ANNOTATION_CERTAINTY;REL_CTX003_BATCH_ADJUSTMENT;REL_CTX003_CONTROL_CERTAINTY;REL_CTX003_CROSS_CONTEXT_REPLICATION;REL_CTX003_EV_PREPARATION_INDEPENDENCE;REL_CTX003_MODEL_DIAGNOSTICS;REL_CTX003_PAIRING_CERTAINTY;REL_CTX003_PATHWAY_EVIDENCE;REL_CTX003_PHENOTYPE_SUPPORT;REL_CTX003_RECIPIENT_DONOR_INDEPENDENCE;REL_CTX003_SAMPLE_QC;REL_CTX003_SENSITIVITY_STABILITY;REL_CTX003_STUDY_INDEPENDENCE,EXP003-C4,data/metadata/skinexo_response_components.csv;reports/EXP003_C4_third_context_pathway_test.md
CTX003,M,M018,INACTIVE,1.9807331849485963,0.0617050432540309,GOBP_NEGATIVE_REGULATION_OF_MONONUCLEAR_CELL_MIGRATION,OBSERVED_NULL,1,0,TRANSCRIPTOME,ANC_CTX003_M_SCRATCH;ANC_CTX003_WOUND_CLOSURE,NOT_APPLICABLE,REL_CTX003_ANNOTATION_CERTAINTY;REL_CTX003_BATCH_ADJUSTMENT;REL_CTX003_CONTROL_CERTAINTY;REL_CTX003_CROSS_CONTEXT_REPLICATION;REL_CTX003_EV_PREPARATION_INDEPENDENCE;REL_CTX003_MODEL_DIAGNOSTICS;REL_CTX003_PAIRING_CERTAINTY;REL_CTX003_PATHWAY_EVIDENCE;REL_CTX003_PHENOTYPE_SUPPORT;REL_CTX003_RECIPIENT_DONOR_INDEPENDENCE;REL_CTX003_SAMPLE_QC;REL_CTX003_SENSITIVITY_STABILITY;REL_CTX003_STUDY_INDEPENDENCE,EXP003-C4,data/metadata/skinexo_response_components.csv;reports/EXP003_C4_third_context_pathway_test.md
CTX003,M,M019,INACTIVE,1.1589817660879111,0.5514506912863704,GOBP_NEGATIVE_REGULATION_OF_LOCOMOTION,OBSERVED_NULL,1,0,TRANSCRIPTOME,ANC_CTX003_M_SCRATCH;ANC_CTX003_WOUND_CLOSURE,NOT_APPLICABLE,REL_CTX003_ANNOTATION_CERTAINTY;REL_CTX003_BATCH_ADJUSTMENT;REL_CTX003_CONTROL_CERTAINTY;REL_CTX003_CROSS_CONTEXT_REPLICATION;REL_CTX003_EV_PREPARATION_INDEPENDENCE;REL_CTX003_MODEL_DIAGNOSTICS;REL_CTX003_PAIRING_CERTAINTY;REL_CTX003_PATHWAY_EVIDENCE;REL_CTX003_PHENOTYPE_SUPPORT;REL_CTX003_RECIPIENT_DONOR_INDEPENDENCE;REL_CTX003_SAMPLE_QC;REL_CTX003_SENSITIVITY_STABILITY;REL_CTX003_STUDY_INDEPENDENCE,EXP003-C4,data/metadata/skinexo_response_components.csv;reports/EXP003_C4_third_context_pathway_test.md
CTX003,M,M020,INACTIVE,-1.107255938202861,1.0,GOBP_NEGATIVE_REGULATION_OF_SMOOTH_MUSCLE_CELL_MIGRATION,OBSERVED_NULL,1,0,TRANSCRIPTOME,ANC_CTX003_M_SCRATCH;ANC_CTX003_WOUND_CLOSURE,NOT_APPLICABLE,REL_CTX003_ANNOTATION_CERTAINTY;REL_CTX003_BATCH_ADJUSTMENT;REL_CTX003_CONTROL_CERTAINTY;REL_CTX003_CROSS_CONTEXT_REPLICATION;REL_CTX003_EV_PREPARATION_INDEPENDENCE;REL_CTX003_MODEL_DIAGNOSTICS;REL_CTX003_PAIRING_CERTAINTY;REL_CTX003_PATHWAY_EVIDENCE;REL_CTX003_PHENOTYPE_SUPPORT;REL_CTX003_RECIPIENT_DONOR_INDEPENDENCE;REL_CTX003_SAMPLE_QC;REL_CTX003_SENSITIVITY_STABILITY;REL_CTX003_STUDY_INDEPENDENCE,EXP003-C4,data/metadata/skinexo_response_components.csv;reports/EXP003_C4_third_context_pathway_test.md
CTX003,M,M021,INACTIVE,-1.1702482765361089,0.969450433657394,GOBP_NEURON_MIGRATION,OBSERVED_NULL,1,0,TRANSCRIPTOME,ANC_CTX003_M_SCRATCH;ANC_CTX003_WOUND_CLOSURE,NOT_APPLICABLE,REL_CTX003_ANNOTATION_CERTAINTY;REL_CTX003_BATCH_ADJUSTMENT;REL_CTX003_CONTROL_CERTAINTY;REL_CTX003_CROSS_CONTEXT_REPLICATION;REL_CTX003_EV_PREPARATION_INDEPENDENCE;REL_CTX003_MODEL_DIAGNOSTICS;REL_CTX003_PAIRING_CERTAINTY;REL_CTX003_PATHWAY_EVIDENCE;REL_CTX003_PHENOTYPE_SUPPORT;REL_CTX003_RECIPIENT_DONOR_INDEPENDENCE;REL_CTX003_SAMPLE_QC;REL_CTX003_SENSITIVITY_STABILITY;REL_CTX003_STUDY_INDEPENDENCE,EXP003-C4,data/metadata/skinexo_response_components.csv;reports/EXP003_C4_third_context_pathway_test.md
CTX003,M,M022,INACTIVE,1.5043081446812785,0.2501966945898554,GOBP_POSITIVE_CHEMOTAXIS,OBSERVED_NULL,1,0,TRANSCRIPTOME,ANC_CTX003_M_SCRATCH;ANC_CTX003_WOUND_CLOSURE,NOT_APPLICABLE,REL_CTX003_ANNOTATION_CERTAINTY;REL_CTX003_BATCH_ADJUSTMENT;REL_CTX003_CONTROL_CERTAINTY;REL_CTX003_CROSS_CONTEXT_REPLICATION;REL_CTX003_EV_PREPARATION_INDEPENDENCE;REL_CTX003_MODEL_DIAGNOSTICS;REL_CTX003_PAIRING_CERTAINTY;REL_CTX003_PATHWAY_EVIDENCE;REL_CTX003_PHENOTYPE_SUPPORT;REL_CTX003_RECIPIENT_DONOR_INDEPENDENCE;REL_CTX003_SAMPLE_QC;REL_CTX003_SENSITIVITY_STABILITY;REL_CTX003_STUDY_INDEPENDENCE,EXP003-C4,data/metadata/skinexo_response_components.csv;reports/EXP003_C4_third_context_pathway_test.md
CTX003,M,M023,INACTIVE,0.8062421211749596,0.9653243543799755,GOBP_POSITIVE_REGULATION_OF_CELL_MIGRATION_INVOLVED_IN_SPROUTING_ANGIOGENESIS,OBSERVED_NULL,1,0,TRANSCRIPTOME,ANC_CTX003_M_SCRATCH;ANC_CTX003_WOUND_CLOSURE,NOT_APPLICABLE,REL_CTX003_ANNOTATION_CERTAINTY;REL_CTX003_BATCH_ADJUSTMENT;REL_CTX003_CONTROL_CERTAINTY;REL_CTX003_CROSS_CONTEXT_REPLICATION;REL_CTX003_EV_PREPARATION_INDEPENDENCE;REL_CTX003_MODEL_DIAGNOSTICS;REL_CTX003_PAIRING_CERTAINTY;REL_CTX003_PATHWAY_EVIDENCE;REL_CTX003_PHENOTYPE_SUPPORT;REL_CTX003_RECIPIENT_DONOR_INDEPENDENCE;REL_CTX003_SAMPLE_QC;REL_CTX003_SENSITIVITY_STABILITY;REL_CTX003_STUDY_INDEPENDENCE,EXP003-C4,data/metadata/skinexo_response_components.csv;reports/EXP003_C4_third_context_pathway_test.md
CTX003,M,M024,INACTIVE,-1.1977150588563992,0.9676291724394588,GOBP_POSITIVE_REGULATION_OF_EPITHELIAL_CELL_MIGRATION,OBSERVED_NULL,1,0,TRANSCRIPTOME,ANC_CTX003_M_SCRATCH;ANC_CTX003_WOUND_CLOSURE,NOT_APPLICABLE,REL_CTX003_ANNOTATION_CERTAINTY;REL_CTX003_BATCH_ADJUSTMENT;REL_CTX003_CONTROL_CERTAINTY;REL_CTX003_CROSS_CONTEXT_REPLICATION;REL_CTX003_EV_PREPARATION_INDEPENDENCE;REL_CTX003_MODEL_DIAGNOSTICS;REL_CTX003_PAIRING_CERTAINTY;REL_CTX003_PATHWAY_EVIDENCE;REL_CTX003_PHENOTYPE_SUPPORT;REL_CTX003_RECIPIENT_DONOR_INDEPENDENCE;REL_CTX003_SAMPLE_QC;REL_CTX003_SENSITIVITY_STABILITY;REL_CTX003_STUDY_INDEPENDENCE,EXP003-C4,data/metadata/skinexo_response_components.csv;reports/EXP003_C4_third_context_pathway_test.md
CTX003,M,M025,POSITIVE,2.1155249501869,0.0280785931487494,GOBP_REGULATION_OF_GRANULOCYTE_CHEMOTAXIS,ACTIVE_POSITIVE,1,1,TRANSCRIPTOME,ANC_CTX003_M_SCRATCH;ANC_CTX003_WOUND_CLOSURE,NOT_APPLICABLE,REL_CTX003_ANNOTATION_CERTAINTY;REL_CTX003_BATCH_ADJUSTMENT;REL_CTX003_CONTROL_CERTAINTY;REL_CTX003_CROSS_CONTEXT_REPLICATION;REL_CTX003_EV_PREPARATION_INDEPENDENCE;REL_CTX003_MODEL_DIAGNOSTICS;REL_CTX003_PAIRING_CERTAINTY;REL_CTX003_PATHWAY_EVIDENCE;REL_CTX003_PHENOTYPE_SUPPORT;REL_CTX003_RECIPIENT_DONOR_INDEPENDENCE;REL_CTX003_SAMPLE_QC;REL_CTX003_SENSITIVITY_STABILITY;REL_CTX003_STUDY_INDEPENDENCE,EXP003-C4,data/metadata/skinexo_response_components.csv;reports/EXP003_C4_third_context_pathway_test.md
CTX003,M,M026,INACTIVE,1.5699346235243992,0.2087235058259178,GOBP_POSITIVE_REGULATION_OF_LOCOMOTION,OBSERVED_NULL,1,0,TRANSCRIPTOME,ANC_CTX003_M_SCRATCH;ANC_CTX003_WOUND_CLOSURE,NOT_APPLICABLE,REL_CTX003_ANNOTATION_CERTAINTY;REL_CTX003_BATCH_ADJUSTMENT;REL_CTX003_CONTROL_CERTAINTY;REL_CTX003_CROSS_CONTEXT_REPLICATION;REL_CTX003_EV_PREPARATION_INDEPENDENCE;REL_CTX003_MODEL_DIAGNOSTICS;REL_CTX003_PAIRING_CERTAINTY;REL_CTX003_PATHWAY_EVIDENCE;REL_CTX003_PHENOTYPE_SUPPORT;REL_CTX003_RECIPIENT_DONOR_INDEPENDENCE;REL_CTX003_SAMPLE_QC;REL_CTX003_SENSITIVITY_STABILITY;REL_CTX003_STUDY_INDEPENDENCE,EXP003-C4,data/metadata/skinexo_response_components.csv;reports/EXP003_C4_third_context_pathway_test.md
CTX003,M,M027,NOT_TESTED,,,,NOT_TESTED,0,0,TRANSCRIPTOME,ANC_CTX003_M_SCRATCH;ANC_CTX003_WOUND_CLOSURE,NOT_APPLICABLE,REL_CTX003_ANNOTATION_CERTAINTY;REL_CTX003_BATCH_ADJUSTMENT;REL_CTX003_CONTROL_CERTAINTY;REL_CTX003_CROSS_CONTEXT_REPLICATION;REL_CTX003_EV_PREPARATION_INDEPENDENCE;REL_CTX003_MODEL_DIAGNOSTICS;REL_CTX003_PAIRING_CERTAINTY;REL_CTX003_PATHWAY_EVIDENCE;REL_CTX003_PHENOTYPE_SUPPORT;REL_CTX003_RECIPIENT_DONOR_INDEPENDENCE;REL_CTX003_SAMPLE_QC;REL_CTX003_SENSITIVITY_STABILITY;REL_CTX003_STUDY_INDEPENDENCE,EXP003-C4,data/metadata/skinexo_response_components.csv;reports/EXP003_C4_third_context_pathway_test.md
CTX003,M,M028,INACTIVE,-0.9213231553453208,1.0,GOBP_POSITIVE_REGULATION_OF_SMOOTH_MUSCLE_CELL_MIGRATION,OBSERVED_NULL,1,0,TRANSCRIPTOME,ANC_CTX003_M_SCRATCH;ANC_CTX003_WOUND_CLOSURE,NOT_APPLICABLE,REL_CTX003_ANNOTATION_CERTAINTY;REL_CTX003_BATCH_ADJUSTMENT;REL_CTX003_CONTROL_CERTAINTY;REL_CTX003_CROSS_CONTEXT_REPLICATION;REL_CTX003_EV_PREPARATION_INDEPENDENCE;REL_CTX003_MODEL_DIAGNOSTICS;REL_CTX003_PAIRING_CERTAINTY;REL_CTX003_PATHWAY_EVIDENCE;REL_CTX003_PHENOTYPE_SUPPORT;REL_CTX003_RECIPIENT_DONOR_INDEPENDENCE;REL_CTX003_SAMPLE_QC;REL_CTX003_SENSITIVITY_STABILITY;REL_CTX003_STUDY_INDEPENDENCE,EXP003-C4,data/metadata/skinexo_response_components.csv;reports/EXP003_C4_third_context_pathway_test.md
CTX003,M,M029,INACTIVE,-0.9184368556281785,1.0,GOBP_REGULATION_OF_NEURON_MIGRATION,OBSERVED_NULL,1,0,TRANSCRIPTOME,ANC_CTX003_M_SCRATCH;ANC_CTX003_WOUND_CLOSURE,NOT_APPLICABLE,REL_CTX003_ANNOTATION_CERTAINTY;REL_CTX003_BATCH_ADJUSTMENT;REL_CTX003_CONTROL_CERTAINTY;REL_CTX003_CROSS_CONTEXT_REPLICATION;REL_CTX003_EV_PREPARATION_INDEPENDENCE;REL_CTX003_MODEL_DIAGNOSTICS;REL_CTX003_PAIRING_CERTAINTY;REL_CTX003_PATHWAY_EVIDENCE;REL_CTX003_PHENOTYPE_SUPPORT;REL_CTX003_RECIPIENT_DONOR_INDEPENDENCE;REL_CTX003_SAMPLE_QC;REL_CTX003_SENSITIVITY_STABILITY;REL_CTX003_STUDY_INDEPENDENCE,EXP003-C4,data/metadata/skinexo_response_components.csv;reports/EXP003_C4_third_context_pathway_test.md
CTX003,M,M030,INACTIVE,-1.1653743970292378,0.9678534495083548,GOBP_REGULATION_OF_POSITIVE_CHEMOTAXIS,OBSERVED_NULL,1,0,TRANSCRIPTOME,ANC_CTX003_M_SCRATCH;ANC_CTX003_WOUND_CLOSURE,NOT_APPLICABLE,REL_CTX003_ANNOTATION_CERTAINTY;REL_CTX003_BATCH_ADJUSTMENT;REL_CTX003_CONTROL_CERTAINTY;REL_CTX003_CROSS_CONTEXT_REPLICATION;REL_CTX003_EV_PREPARATION_INDEPENDENCE;REL_CTX003_MODEL_DIAGNOSTICS;REL_CTX003_PAIRING_CERTAINTY;REL_CTX003_PATHWAY_EVIDENCE;REL_CTX003_PHENOTYPE_SUPPORT;REL_CTX003_RECIPIENT_DONOR_INDEPENDENCE;REL_CTX003_SAMPLE_QC;REL_CTX003_SENSITIVITY_STABILITY;REL_CTX003_STUDY_INDEPENDENCE,EXP003-C4,data/metadata/skinexo_response_components.csv;reports/EXP003_C4_third_context_pathway_test.md
CTX003,M,M031,INACTIVE,1.0486462364821758,0.6897923710170064,GOBP_SUBSTRATE_DEPENDENT_CELL_MIGRATION,OBSERVED_NULL,1,0,TRANSCRIPTOME,ANC_CTX003_M_SCRATCH;ANC_CTX003_WOUND_CLOSURE,NOT_APPLICABLE,REL_CTX003_ANNOTATION_CERTAINTY;REL_CTX003_BATCH_ADJUSTMENT;REL_CTX003_CONTROL_CERTAINTY;REL_CTX003_CROSS_CONTEXT_REPLICATION;REL_CTX003_EV_PREPARATION_INDEPENDENCE;REL_CTX003_MODEL_DIAGNOSTICS;REL_CTX003_PAIRING_CERTAINTY;REL_CTX003_PATHWAY_EVIDENCE;REL_CTX003_PHENOTYPE_SUPPORT;REL_CTX003_RECIPIENT_DONOR_INDEPENDENCE;REL_CTX003_SAMPLE_QC;REL_CTX003_SENSITIVITY_STABILITY;REL_CTX003_STUDY_INDEPENDENCE,EXP003-C4,data/metadata/skinexo_response_components.csv;reports/EXP003_C4_third_context_pathway_test.md
CTX003,M,M032,INACTIVE,-0.8635424877331409,1.0,GOBP_TROPHOBLAST_CELL_MIGRATION,OBSERVED_NULL,1,0,TRANSCRIPTOME,ANC_CTX003_M_SCRATCH;ANC_CTX003_WOUND_CLOSURE,NOT_APPLICABLE,REL_CTX003_ANNOTATION_CERTAINTY;REL_CTX003_BATCH_ADJUSTMENT;REL_CTX003_CONTROL_CERTAINTY;REL_CTX003_CROSS_CONTEXT_REPLICATION;REL_CTX003_EV_PREPARATION_INDEPENDENCE;REL_CTX003_MODEL_DIAGNOSTICS;REL_CTX003_PAIRING_CERTAINTY;REL_CTX003_PATHWAY_EVIDENCE;REL_CTX003_PHENOTYPE_SUPPORT;REL_CTX003_RECIPIENT_DONOR_INDEPENDENCE;REL_CTX003_SAMPLE_QC;REL_CTX003_SENSITIVITY_STABILITY;REL_CTX003_STUDY_INDEPENDENCE,EXP003-C4,data/metadata/skinexo_response_components.csv;reports/EXP003_C4_third_context_pathway_test.md
CTX003,M,M033,INACTIVE,-0.9319788621552514,1.0,REACTOME_MET_PROMOTES_CELL_MOTILITY,OBSERVED_NULL,1,0,TRANSCRIPTOME,ANC_CTX003_M_SCRATCH;ANC_CTX003_WOUND_CLOSURE,NOT_APPLICABLE,REL_CTX003_ANNOTATION_CERTAINTY;REL_CTX003_BATCH_ADJUSTMENT;REL_CTX003_CONTROL_CERTAINTY;REL_CTX003_CROSS_CONTEXT_REPLICATION;REL_CTX003_EV_PREPARATION_INDEPENDENCE;REL_CTX003_MODEL_DIAGNOSTICS;REL_CTX003_PAIRING_CERTAINTY;REL_CTX003_PATHWAY_EVIDENCE;REL_CTX003_PHENOTYPE_SUPPORT;REL_CTX003_RECIPIENT_DONOR_INDEPENDENCE;REL_CTX003_SAMPLE_QC;REL_CTX003_SENSITIVITY_STABILITY;REL_CTX003_STUDY_INDEPENDENCE,EXP003-C4,data/metadata/skinexo_response_components.csv;reports/EXP003_C4_third_context_pathway_test.md
CTX003,M,M034,INACTIVE,1.1815977127714776,0.5229034252178725,REACTOME_SEMA4D_INDUCED_CELL_MIGRATION_AND_GROWTH_CONE_COLLAPSE,OBSERVED_NULL,1,0,TRANSCRIPTOME,ANC_CTX003_M_SCRATCH;ANC_CTX003_WOUND_CLOSURE,NOT_APPLICABLE,REL_CTX003_ANNOTATION_CERTAINTY;REL_CTX003_BATCH_ADJUSTMENT;REL_CTX003_CONTROL_CERTAINTY;REL_CTX003_CROSS_CONTEXT_REPLICATION;REL_CTX003_EV_PREPARATION_INDEPENDENCE;REL_CTX003_MODEL_DIAGNOSTICS;REL_CTX003_PAIRING_CERTAINTY;REL_CTX003_PATHWAY_EVIDENCE;REL_CTX003_PHENOTYPE_SUPPORT;REL_CTX003_RECIPIENT_DONOR_INDEPENDENCE;REL_CTX003_SAMPLE_QC;REL_CTX003_SENSITIVITY_STABILITY;REL_CTX003_STUDY_INDEPENDENCE,EXP003-C4,data/metadata/skinexo_response_components.csv;reports/EXP003_C4_third_context_pathway_test.md
CTX003,P,P001,INACTIVE,-0.9473080138760176,1.0,GOBP_ACTIVATED_T_CELL_PROLIFERATION,OBSERVED_NULL,1,0,TRANSCRIPTOME,ANC_CTX003_P_CCK8,NOT_APPLICABLE,REL_CTX003_ANNOTATION_CERTAINTY;REL_CTX003_BATCH_ADJUSTMENT;REL_CTX003_CONTROL_CERTAINTY;REL_CTX003_CROSS_CONTEXT_REPLICATION;REL_CTX003_EV_PREPARATION_INDEPENDENCE;REL_CTX003_MODEL_DIAGNOSTICS;REL_CTX003_PAIRING_CERTAINTY;REL_CTX003_PATHWAY_EVIDENCE;REL_CTX003_PHENOTYPE_SUPPORT;REL_CTX003_RECIPIENT_DONOR_INDEPENDENCE;REL_CTX003_SAMPLE_QC;REL_CTX003_SENSITIVITY_STABILITY;REL_CTX003_STUDY_INDEPENDENCE,EXP003-C4,data/metadata/skinexo_response_components.csv;reports/EXP003_C4_third_context_pathway_test.md
CTX003,P,P002,INACTIVE,1.722692659241338,0.1283176179438588,GOBP_ALPHA_BETA_T_CELL_PROLIFERATION,OBSERVED_NULL,1,0,TRANSCRIPTOME,ANC_CTX003_P_CCK8,NOT_APPLICABLE,REL_CTX003_ANNOTATION_CERTAINTY;REL_CTX003_BATCH_ADJUSTMENT;REL_CTX003_CONTROL_CERTAINTY;REL_CTX003_CROSS_CONTEXT_REPLICATION;REL_CTX003_EV_PREPARATION_INDEPENDENCE;REL_CTX003_MODEL_DIAGNOSTICS;REL_CTX003_PAIRING_CERTAINTY;REL_CTX003_PATHWAY_EVIDENCE;REL_CTX003_PHENOTYPE_SUPPORT;REL_CTX003_RECIPIENT_DONOR_INDEPENDENCE;REL_CTX003_SAMPLE_QC;REL_CTX003_SENSITIVITY_STABILITY;REL_CTX003_STUDY_INDEPENDENCE,EXP003-C4,data/metadata/skinexo_response_components.csv;reports/EXP003_C4_third_context_pathway_test.md
CTX003,P,P003,INACTIVE,-1.327525337186808,0.7475678554488935,GOBP_ATTACHMENT_OF_MITOTIC_SPINDLE_MICROTUBULES_TO_KINETOCHORE,OBSERVED_NULL,1,0,TRANSCRIPTOME,ANC_CTX003_P_CCK8,NOT_APPLICABLE,REL_CTX003_ANNOTATION_CERTAINTY;REL_CTX003_BATCH_ADJUSTMENT;REL_CTX003_CONTROL_CERTAINTY;REL_CTX003_CROSS_CONTEXT_REPLICATION;REL_CTX003_EV_PREPARATION_INDEPENDENCE;REL_CTX003_MODEL_DIAGNOSTICS;REL_CTX003_PAIRING_CERTAINTY;REL_CTX003_PATHWAY_EVIDENCE;REL_CTX003_PHENOTYPE_SUPPORT;REL_CTX003_RECIPIENT_DONOR_INDEPENDENCE;REL_CTX003_SAMPLE_QC;REL_CTX003_SENSITIVITY_STABILITY;REL_CTX003_STUDY_INDEPENDENCE,EXP003-C4,data/metadata/skinexo_response_components.csv;reports/EXP003_C4_third_context_pathway_test.md
CTX003,P,P004,INACTIVE,-1.3302188603514036,0.7448690882008309,GOBP_ATTACHMENT_OF_SPINDLE_MICROTUBULES_TO_KINETOCHORE,OBSERVED_NULL,1,0,TRANSCRIPTOME,ANC_CTX003_P_CCK8,NOT_APPLICABLE,REL_CTX003_ANNOTATION_CERTAINTY;REL_CTX003_BATCH_ADJUSTMENT;REL_CTX003_CONTROL_CERTAINTY;REL_CTX003_CROSS_CONTEXT_REPLICATION;REL_CTX003_EV_PREPARATION_INDEPENDENCE;REL_CTX003_MODEL_DIAGNOSTICS;REL_CTX003_PAIRING_CERTAINTY;REL_CTX003_PATHWAY_EVIDENCE;REL_CTX003_PHENOTYPE_SUPPORT;REL_CTX003_RECIPIENT_DONOR_INDEPENDENCE;REL_CTX003_SAMPLE_QC;REL_CTX003_SENSITIVITY_STABILITY;REL_CTX003_STUDY_INDEPENDENCE,EXP003-C4,data/metadata/skinexo_response_components.csv;reports/EXP003_C4_third_context_pathway_test.md
CTX003,P,P005,INACTIVE,0.8027530283455643,0.9660210840654228,GOBP_BLOOD_VESSEL_ENDOTHELIAL_CELL_PROLIFERATION_INVOLVED_IN_SPROUTING_ANGIOGENESIS,OBSERVED_NULL,1,0,TRANSCRIPTOME,ANC_CTX003_P_CCK8,NOT_APPLICABLE,REL_CTX003_ANNOTATION_CERTAINTY;REL_CTX003_BATCH_ADJUSTMENT;REL_CTX003_CONTROL_CERTAINTY;REL_CTX003_CROSS_CONTEXT_REPLICATION;REL_CTX003_EV_PREPARATION_INDEPENDENCE;REL_CTX003_MODEL_DIAGNOSTICS;REL_CTX003_PAIRING_CERTAINTY;REL_CTX003_PATHWAY_EVIDENCE;REL_CTX003_PHENOTYPE_SUPPORT;REL_CTX003_RECIPIENT_DONOR_INDEPENDENCE;REL_CTX003_SAMPLE_QC;REL_CTX003_SENSITIVITY_STABILITY;REL_CTX003_STUDY_INDEPENDENCE,EXP003-C4,data/metadata/skinexo_response_components.csv;reports/EXP003_C4_third_context_pathway_test.md
CTX003,P,P006,INACTIVE,1.9193642985938484,0.076583954015061,GOBP_B_CELL_PROLIFERATION,OBSERVED_NULL,1,0,TRANSCRIPTOME,ANC_CTX003_P_CCK8,NOT_APPLICABLE,REL_CTX003_ANNOTATION_CERTAINTY;REL_CTX003_BATCH_ADJUSTMENT;REL_CTX003_CONTROL_CERTAINTY;REL_CTX003_CROSS_CONTEXT_REPLICATION;REL_CTX003_EV_PREPARATION_INDEPENDENCE;REL_CTX003_MODEL_DIAGNOSTICS;REL_CTX003_PAIRING_CERTAINTY;REL_CTX003_PATHWAY_EVIDENCE;REL_CTX003_PHENOTYPE_SUPPORT;REL_CTX003_RECIPIENT_DONOR_INDEPENDENCE;REL_CTX003_SAMPLE_QC;REL_CTX003_SENSITIVITY_STABILITY;REL_CTX003_STUDY_INDEPENDENCE,EXP003-C4,data/metadata/skinexo_response_components.csv;reports/EXP003_C4_third_context_pathway_test.md
CTX003,P,P007,INACTIVE,1.1097559736859173,0.6228610332243073,GOBP_STRIATED_MUSCLE_CELL_PROLIFERATION,OBSERVED_NULL,1,0,TRANSCRIPTOME,ANC_CTX003_P_CCK8,NOT_APPLICABLE,REL_CTX003_ANNOTATION_CERTAINTY;REL_CTX003_BATCH_ADJUSTMENT;REL_CTX003_CONTROL_CERTAINTY;REL_CTX003_CROSS_CONTEXT_REPLICATION;REL_CTX003_EV_PREPARATION_INDEPENDENCE;REL_CTX003_MODEL_DIAGNOSTICS;REL_CTX003_PAIRING_CERTAINTY;REL_CTX003_PATHWAY_EVIDENCE;REL_CTX003_PHENOTYPE_SUPPORT;REL_CTX003_RECIPIENT_DONOR_INDEPENDENCE;REL_CTX003_SAMPLE_QC;REL_CTX003_SENSITIVITY_STABILITY;REL_CTX003_STUDY_INDEPENDENCE,EXP003-C4,data/metadata/skinexo_response_components.csv;reports/EXP003_C4_third_context_pathway_test.md
CTX003,P,P008,INACTIVE,1.471522161154694,0.2698709247106989,GOBP_REGULATION_OF_CELL_CYCLE_G1_S_PHASE_TRANSITION,OBSERVED_NULL,1,0,TRANSCRIPTOME,ANC_CTX003_P_CCK8,NOT_APPLICABLE,REL_CTX003_ANNOTATION_CERTAINTY;REL_CTX003_BATCH_ADJUSTMENT;REL_CTX003_CONTROL_CERTAINTY;REL_CTX003_CROSS_CONTEXT_REPLICATION;REL_CTX003_EV_PREPARATION_INDEPENDENCE;REL_CTX003_MODEL_DIAGNOSTICS;REL_CTX003_PAIRING_CERTAINTY;REL_CTX003_PATHWAY_EVIDENCE;REL_CTX003_PHENOTYPE_SUPPORT;REL_CTX003_RECIPIENT_DONOR_INDEPENDENCE;REL_CTX003_SAMPLE_QC;REL_CTX003_SENSITIVITY_STABILITY;REL_CTX003_STUDY_INDEPENDENCE,EXP003-C4,data/metadata/skinexo_response_components.csv;reports/EXP003_C4_third_context_pathway_test.md
CTX003,P,P009,INACTIVE,-0.8538152072800622,1.0,GOBP_CELL_CYCLE_DNA_REPLICATION,OBSERVED_NULL,1,0,TRANSCRIPTOME,ANC_CTX003_P_CCK8,NOT_APPLICABLE,REL_CTX003_ANNOTATION_CERTAINTY;REL_CTX003_BATCH_ADJUSTMENT;REL_CTX003_CONTROL_CERTAINTY;REL_CTX003_CROSS_CONTEXT_REPLICATION;REL_CTX003_EV_PREPARATION_INDEPENDENCE;REL_CTX003_MODEL_DIAGNOSTICS;REL_CTX003_PAIRING_CERTAINTY;REL_CTX003_PATHWAY_EVIDENCE;REL_CTX003_PHENOTYPE_SUPPORT;REL_CTX003_RECIPIENT_DONOR_INDEPENDENCE;REL_CTX003_SAMPLE_QC;REL_CTX003_SENSITIVITY_STABILITY;REL_CTX003_STUDY_INDEPENDENCE,EXP003-C4,data/metadata/skinexo_response_components.csv;reports/EXP003_C4_third_context_pathway_test.md
CTX003,P,P010,INACTIVE,-1.081770095919428,1.0,GOBP_CELL_PROLIFERATION_INVOLVED_IN_HEART_MORPHOGENESIS,OBSERVED_NULL,1,0,TRANSCRIPTOME,ANC_CTX003_P_CCK8,NOT_APPLICABLE,REL_CTX003_ANNOTATION_CERTAINTY;REL_CTX003_BATCH_ADJUSTMENT;REL_CTX003_CONTROL_CERTAINTY;REL_CTX003_CROSS_CONTEXT_REPLICATION;REL_CTX003_EV_PREPARATION_INDEPENDENCE;REL_CTX003_MODEL_DIAGNOSTICS;REL_CTX003_PAIRING_CERTAINTY;REL_CTX003_PATHWAY_EVIDENCE;REL_CTX003_PHENOTYPE_SUPPORT;REL_CTX003_RECIPIENT_DONOR_INDEPENDENCE;REL_CTX003_SAMPLE_QC;REL_CTX003_SENSITIVITY_STABILITY;REL_CTX003_STUDY_INDEPENDENCE,EXP003-C4,data/metadata/skinexo_response_components.csv;reports/EXP003_C4_third_context_pathway_test.md
CTX003,P,P011,INACTIVE,-0.8259457444959912,1.0,GOBP_CELL_PROLIFERATION_INVOLVED_IN_KIDNEY_DEVELOPMENT,OBSERVED_NULL,1,0,TRANSCRIPTOME,ANC_CTX003_P_CCK8,NOT_APPLICABLE,REL_CTX003_ANNOTATION_CERTAINTY;REL_CTX003_BATCH_ADJUSTMENT;REL_CTX003_CONTROL_CERTAINTY;REL_CTX003_CROSS_CONTEXT_REPLICATION;REL_CTX003_EV_PREPARATION_INDEPENDENCE;REL_CTX003_MODEL_DIAGNOSTICS;REL_CTX003_PAIRING_CERTAINTY;REL_CTX003_PATHWAY_EVIDENCE;REL_CTX003_PHENOTYPE_SUPPORT;REL_CTX003_RECIPIENT_DONOR_INDEPENDENCE;REL_CTX003_SAMPLE_QC;REL_CTX003_SENSITIVITY_STABILITY;REL_CTX003_STUDY_INDEPENDENCE,EXP003-C4,data/metadata/skinexo_response_components.csv;reports/EXP003_C4_third_context_pathway_test.md
CTX003,P,P012,INACTIVE,0.5258513460357677,1.0,GOBP_CELL_PROLIFERATION_IN_FOREBRAIN,OBSERVED_NULL,1,0,TRANSCRIPTOME,ANC_CTX003_P_CCK8,NOT_APPLICABLE,REL_CTX003_ANNOTATION_CERTAINTY;REL_CTX003_BATCH_ADJUSTMENT;REL_CTX003_CONTROL_CERTAINTY;REL_CTX003_CROSS_CONTEXT_REPLICATION;REL_CTX003_EV_PREPARATION_INDEPENDENCE;REL_CTX003_MODEL_DIAGNOSTICS;REL_CTX003_PAIRING_CERTAINTY;REL_CTX003_PATHWAY_EVIDENCE;REL_CTX003_PHENOTYPE_SUPPORT;REL_CTX003_RECIPIENT_DONOR_INDEPENDENCE;REL_CTX003_SAMPLE_QC;REL_CTX003_SENSITIVITY_STABILITY;REL_CTX003_STUDY_INDEPENDENCE,EXP003-C4,data/metadata/skinexo_response_components.csv;reports/EXP003_C4_third_context_pathway_test.md
CTX003,P,P013,INACTIVE,1.3294726618703758,0.375090051148274,GOBP_HOMOLOGOUS_CHROMOSOME_PAIRING_AT_MEIOSIS,OBSERVED_NULL,1,0,TRANSCRIPTOME,ANC_CTX003_P_CCK8,NOT_APPLICABLE,REL_CTX003_ANNOTATION_CERTAINTY;REL_CTX003_BATCH_ADJUSTMENT;REL_CTX003_CONTROL_CERTAINTY;REL_CTX003_CROSS_CONTEXT_REPLICATION;REL_CTX003_EV_PREPARATION_INDEPENDENCE;REL_CTX003_MODEL_DIAGNOSTICS;REL_CTX003_PAIRING_CERTAINTY;REL_CTX003_PATHWAY_EVIDENCE;REL_CTX003_PHENOTYPE_SUPPORT;REL_CTX003_RECIPIENT_DONOR_INDEPENDENCE;REL_CTX003_SAMPLE_QC;REL_CTX003_SENSITIVITY_STABILITY;REL_CTX003_STUDY_INDEPENDENCE,EXP003-C4,data/metadata/skinexo_response_components.csv;reports/EXP003_C4_third_context_pathway_test.md
CTX003,P,P014,INACTIVE,-1.1935860683252228,0.9622544516089953,GOBP_MITOTIC_NUCLEAR_DIVISION,OBSERVED_NULL,1,0,TRANSCRIPTOME,ANC_CTX003_P_CCK8,NOT_APPLICABLE,REL_CTX003_ANNOTATION_CERTAINTY;REL_CTX003_BATCH_ADJUSTMENT;REL_CTX003_CONTROL_CERTAINTY;REL_CTX003_CROSS_CONTEXT_REPLICATION;REL_CTX003_EV_PREPARATION_INDEPENDENCE;REL_CTX003_MODEL_DIAGNOSTICS;REL_CTX003_PAIRING_CERTAINTY;REL_CTX003_PATHWAY_EVIDENCE;REL_CTX003_PHENOTYPE_SUPPORT;REL_CTX003_RECIPIENT_DONOR_INDEPENDENCE;REL_CTX003_SAMPLE_QC;REL_CTX003_SENSITIVITY_STABILITY;REL_CTX003_STUDY_INDEPENDENCE,EXP003-C4,data/metadata/skinexo_response_components.csv;reports/EXP003_C4_third_context_pathway_test.md
CTX003,P,P015,INACTIVE,-0.7288600274880541,1.0,GOBP_REGULATION_OF_CYTOKINESIS,OBSERVED_NULL,1,0,TRANSCRIPTOME,ANC_CTX003_P_CCK8,NOT_APPLICABLE,REL_CTX003_ANNOTATION_CERTAINTY;REL_CTX003_BATCH_ADJUSTMENT;REL_CTX003_CONTROL_CERTAINTY;REL_CTX003_CROSS_CONTEXT_REPLICATION;REL_CTX003_EV_PREPARATION_INDEPENDENCE;REL_CTX003_MODEL_DIAGNOSTICS;REL_CTX003_PAIRING_CERTAINTY;REL_CTX003_PATHWAY_EVIDENCE;REL_CTX003_PHENOTYPE_SUPPORT;REL_CTX003_RECIPIENT_DONOR_INDEPENDENCE;REL_CTX003_SAMPLE_QC;REL_CTX003_SENSITIVITY_STABILITY;REL_CTX003_STUDY_INDEPENDENCE,EXP003-C4,data/metadata/skinexo_response_components.csv;reports/EXP003_C4_third_context_pathway_test.md
CTX003,P,P016,INACTIVE,0.8177892356405485,0.960003719441604,GOBP_DNA_TEMPLATED_DNA_REPLICATION,OBSERVED_NULL,1,0,TRANSCRIPTOME,ANC_CTX003_P_CCK8,NOT_APPLICABLE,REL_CTX003_ANNOTATION_CERTAINTY;REL_CTX003_BATCH_ADJUSTMENT;REL_CTX003_CONTROL_CERTAINTY;REL_CTX003_CROSS_CONTEXT_REPLICATION;REL_CTX003_EV_PREPARATION_INDEPENDENCE;REL_CTX003_MODEL_DIAGNOSTICS;REL_CTX003_PAIRING_CERTAINTY;REL_CTX003_PATHWAY_EVIDENCE;REL_CTX003_PHENOTYPE_SUPPORT;REL_CTX003_RECIPIENT_DONOR_INDEPENDENCE;REL_CTX003_SAMPLE_QC;REL_CTX003_SENSITIVITY_STABILITY;REL_CTX003_STUDY_INDEPENDENCE,EXP003-C4,data/metadata/skinexo_response_components.csv;reports/EXP003_C4_third_context_pathway_test.md
CTX003,P,P017,INACTIVE,-1.5129361162938129,0.5003568322138138,GOBP_DNA_REPLICATION_CHECKPOINT_SIGNALING,OBSERVED_NULL,1,0,TRANSCRIPTOME,ANC_CTX003_P_CCK8,NOT_APPLICABLE,REL_CTX003_ANNOTATION_CERTAINTY;REL_CTX003_BATCH_ADJUSTMENT;REL_CTX003_CONTROL_CERTAINTY;REL_CTX003_CROSS_CONTEXT_REPLICATION;REL_CTX003_EV_PREPARATION_INDEPENDENCE;REL_CTX003_MODEL_DIAGNOSTICS;REL_CTX003_PAIRING_CERTAINTY;REL_CTX003_PATHWAY_EVIDENCE;REL_CTX003_PHENOTYPE_SUPPORT;REL_CTX003_RECIPIENT_DONOR_INDEPENDENCE;REL_CTX003_SAMPLE_QC;REL_CTX003_SENSITIVITY_STABILITY;REL_CTX003_STUDY_INDEPENDENCE,EXP003-C4,data/metadata/skinexo_response_components.csv;reports/EXP003_C4_third_context_pathway_test.md
CTX003,P,P018,INACTIVE,1.0939310016368131,0.6395924908310506,GOBP_DNA_REPLICATION_INITIATION,OBSERVED_NULL,1,0,TRANSCRIPTOME,ANC_CTX003_P_CCK8,NOT_APPLICABLE,REL_CTX003_ANNOTATION_CERTAINTY;REL_CTX003_BATCH_ADJUSTMENT;REL_CTX003_CONTROL_CERTAINTY;REL_CTX003_CROSS_CONTEXT_REPLICATION;REL_CTX003_EV_PREPARATION_INDEPENDENCE;REL_CTX003_MODEL_DIAGNOSTICS;REL_CTX003_PAIRING_CERTAINTY;REL_CTX003_PATHWAY_EVIDENCE;REL_CTX003_PHENOTYPE_SUPPORT;REL_CTX003_RECIPIENT_DONOR_INDEPENDENCE;REL_CTX003_SAMPLE_QC;REL_CTX003_SENSITIVITY_STABILITY;REL_CTX003_STUDY_INDEPENDENCE,EXP003-C4,data/metadata/skinexo_response_components.csv;reports/EXP003_C4_third_context_pathway_test.md
CTX003,P,P019,INACTIVE,0.8475910531711881,0.9319716318734091,GOBP_DNA_STRAND_ELONGATION_INVOLVED_IN_DNA_REPLICATION,OBSERVED_NULL,1,0,TRANSCRIPTOME,ANC_CTX003_P_CCK8,NOT_APPLICABLE,REL_CTX003_ANNOTATION_CERTAINTY;REL_CTX003_BATCH_ADJUSTMENT;REL_CTX003_CONTROL_CERTAINTY;REL_CTX003_CROSS_CONTEXT_REPLICATION;REL_CTX003_EV_PREPARATION_INDEPENDENCE;REL_CTX003_MODEL_DIAGNOSTICS;REL_CTX003_PAIRING_CERTAINTY;REL_CTX003_PATHWAY_EVIDENCE;REL_CTX003_PHENOTYPE_SUPPORT;REL_CTX003_RECIPIENT_DONOR_INDEPENDENCE;REL_CTX003_SAMPLE_QC;REL_CTX003_SENSITIVITY_STABILITY;REL_CTX003_STUDY_INDEPENDENCE,EXP003-C4,data/metadata/skinexo_response_components.csv;reports/EXP003_C4_third_context_pathway_test.md
CTX003,P,P020,INACTIVE,0.8135971772151035,0.9600102219632456,GOBP_DNA_SYNTHESIS_INVOLVED_IN_DNA_REPLICATION,OBSERVED_NULL,1,0,TRANSCRIPTOME,ANC_CTX003_P_CCK8,NOT_APPLICABLE,REL_CTX003_ANNOTATION_CERTAINTY;REL_CTX003_BATCH_ADJUSTMENT;REL_CTX003_CONTROL_CERTAINTY;REL_CTX003_CROSS_CONTEXT_REPLICATION;REL_CTX003_EV_PREPARATION_INDEPENDENCE;REL_CTX003_MODEL_DIAGNOSTICS;REL_CTX003_PAIRING_CERTAINTY;REL_CTX003_PATHWAY_EVIDENCE;REL_CTX003_PHENOTYPE_SUPPORT;REL_CTX003_RECIPIENT_DONOR_INDEPENDENCE;REL_CTX003_SAMPLE_QC;REL_CTX003_SENSITIVITY_STABILITY;REL_CTX003_STUDY_INDEPENDENCE,EXP003-C4,data/metadata/skinexo_response_components.csv;reports/EXP003_C4_third_context_pathway_test.md
CTX003,P,P021,INACTIVE,0.7257525984834061,1.0,GOBP_DNA_TEMPLATED_DNA_REPLICATION_MAINTENANCE_OF_FIDELITY,OBSERVED_NULL,1,0,TRANSCRIPTOME,ANC_CTX003_P_CCK8,NOT_APPLICABLE,REL_CTX003_ANNOTATION_CERTAINTY;REL_CTX003_BATCH_ADJUSTMENT;REL_CTX003_CONTROL_CERTAINTY;REL_CTX003_CROSS_CONTEXT_REPLICATION;REL_CTX003_EV_PREPARATION_INDEPENDENCE;REL_CTX003_MODEL_DIAGNOSTICS;REL_CTX003_PAIRING_CERTAINTY;REL_CTX003_PATHWAY_EVIDENCE;REL_CTX003_PHENOTYPE_SUPPORT;REL_CTX003_RECIPIENT_DONOR_INDEPENDENCE;REL_CTX003_SAMPLE_QC;REL_CTX003_SENSITIVITY_STABILITY;REL_CTX003_STUDY_INDEPENDENCE,EXP003-C4,data/metadata/skinexo_response_components.csv;reports/EXP003_C4_third_context_pathway_test.md
CTX003,P,P022,INACTIVE,1.4472959583747211,0.2865257003098017,GOBP_EPITHELIAL_CELL_PROLIFERATION,OBSERVED_NULL,1,0,TRANSCRIPTOME,ANC_CTX003_P_CCK8,NOT_APPLICABLE,REL_CTX003_ANNOTATION_CERTAINTY;REL_CTX003_BATCH_ADJUSTMENT;REL_CTX003_CONTROL_CERTAINTY;REL_CTX003_CROSS_CONTEXT_REPLICATION;REL_CTX003_EV_PREPARATION_INDEPENDENCE;REL_CTX003_MODEL_DIAGNOSTICS;REL_CTX003_PAIRING_CERTAINTY;REL_CTX003_PATHWAY_EVIDENCE;REL_CTX003_PHENOTYPE_SUPPORT;REL_CTX003_RECIPIENT_DONOR_INDEPENDENCE;REL_CTX003_SAMPLE_QC;REL_CTX003_SENSITIVITY_STABILITY;REL_CTX003_STUDY_INDEPENDENCE,EXP003-C4,data/metadata/skinexo_response_components.csv;reports/EXP003_C4_third_context_pathway_test.md
CTX003,P,P023,INACTIVE,-1.5484356551823746,0.4612358316739909,GOBP_ESTABLISHMENT_OF_MITOTIC_SPINDLE_LOCALIZATION,OBSERVED_NULL,1,0,TRANSCRIPTOME,ANC_CTX003_P_CCK8,NOT_APPLICABLE,REL_CTX003_ANNOTATION_CERTAINTY;REL_CTX003_BATCH_ADJUSTMENT;REL_CTX003_CONTROL_CERTAINTY;REL_CTX003_CROSS_CONTEXT_REPLICATION;REL_CTX003_EV_PREPARATION_INDEPENDENCE;REL_CTX003_MODEL_DIAGNOSTICS;REL_CTX003_PAIRING_CERTAINTY;REL_CTX003_PATHWAY_EVIDENCE;REL_CTX003_PHENOTYPE_SUPPORT;REL_CTX003_RECIPIENT_DONOR_INDEPENDENCE;REL_CTX003_SAMPLE_QC;REL_CTX003_SENSITIVITY_STABILITY;REL_CTX003_STUDY_INDEPENDENCE,EXP003-C4,data/metadata/skinexo_response_components.csv;reports/EXP003_C4_third_context_pathway_test.md
CTX003,P,P024,INACTIVE,-1.0705477720292804,1.0,GOBP_REGULATION_OF_GLIAL_CELL_PROLIFERATION,OBSERVED_NULL,1,0,TRANSCRIPTOME,ANC_CTX003_P_CCK8,NOT_APPLICABLE,REL_CTX003_ANNOTATION_CERTAINTY;REL_CTX003_BATCH_ADJUSTMENT;REL_CTX003_CONTROL_CERTAINTY;REL_CTX003_CROSS_CONTEXT_REPLICATION;REL_CTX003_EV_PREPARATION_INDEPENDENCE;REL_CTX003_MODEL_DIAGNOSTICS;REL_CTX003_PAIRING_CERTAINTY;REL_CTX003_PATHWAY_EVIDENCE;REL_CTX003_PHENOTYPE_SUPPORT;REL_CTX003_RECIPIENT_DONOR_INDEPENDENCE;REL_CTX003_SAMPLE_QC;REL_CTX003_SENSITIVITY_STABILITY;REL_CTX003_STUDY_INDEPENDENCE,EXP003-C4,data/metadata/skinexo_response_components.csv;reports/EXP003_C4_third_context_pathway_test.md
CTX003,P,P025,INACTIVE,0.7088819254861757,1.0,GOBP_HEMATOPOIETIC_STEM_CELL_PROLIFERATION,OBSERVED_NULL,1,0,TRANSCRIPTOME,ANC_CTX003_P_CCK8,NOT_APPLICABLE,REL_CTX003_ANNOTATION_CERTAINTY;REL_CTX003_BATCH_ADJUSTMENT;REL_CTX003_CONTROL_CERTAINTY;REL_CTX003_CROSS_CONTEXT_REPLICATION;REL_CTX003_EV_PREPARATION_INDEPENDENCE;REL_CTX003_MODEL_DIAGNOSTICS;REL_CTX003_PAIRING_CERTAINTY;REL_CTX003_PATHWAY_EVIDENCE;REL_CTX003_PHENOTYPE_SUPPORT;REL_CTX003_RECIPIENT_DONOR_INDEPENDENCE;REL_CTX003_SAMPLE_QC;REL_CTX003_SENSITIVITY_STABILITY;REL_CTX003_STUDY_INDEPENDENCE,EXP003-C4,data/metadata/skinexo_response_components.csv;reports/EXP003_C4_third_context_pathway_test.md
CTX003,P,P026,INACTIVE,-0.6441701849540444,1.0,GOBP_INNER_CELL_MASS_CELL_PROLIFERATION,OBSERVED_NULL,1,0,TRANSCRIPTOME,ANC_CTX003_P_CCK8,NOT_APPLICABLE,REL_CTX003_ANNOTATION_CERTAINTY;REL_CTX003_BATCH_ADJUSTMENT;REL_CTX003_CONTROL_CERTAINTY;REL_CTX003_CROSS_CONTEXT_REPLICATION;REL_CTX003_EV_PREPARATION_INDEPENDENCE;REL_CTX003_MODEL_DIAGNOSTICS;REL_CTX003_PAIRING_CERTAINTY;REL_CTX003_PATHWAY_EVIDENCE;REL_CTX003_PHENOTYPE_SUPPORT;REL_CTX003_RECIPIENT_DONOR_INDEPENDENCE;REL_CTX003_SAMPLE_QC;REL_CTX003_SENSITIVITY_STABILITY;REL_CTX003_STUDY_INDEPENDENCE,EXP003-C4,data/metadata/skinexo_response_components.csv;reports/EXP003_C4_third_context_pathway_test.md
CTX003,P,P027,INACTIVE,-1.041471567259083,1.0,GOBP_MALE_MEIOSIS_I,OBSERVED_NULL,1,0,TRANSCRIPTOME,ANC_CTX003_P_CCK8,NOT_APPLICABLE,REL_CTX003_ANNOTATION_CERTAINTY;REL_CTX003_BATCH_ADJUSTMENT;REL_CTX003_CONTROL_CERTAINTY;REL_CTX003_CROSS_CONTEXT_REPLICATION;REL_CTX003_EV_PREPARATION_INDEPENDENCE;REL_CTX003_MODEL_DIAGNOSTICS;REL_CTX003_PAIRING_CERTAINTY;REL_CTX003_PATHWAY_EVIDENCE;REL_CTX003_PHENOTYPE_SUPPORT;REL_CTX003_RECIPIENT_DONOR_INDEPENDENCE;REL_CTX003_SAMPLE_QC;REL_CTX003_SENSITIVITY_STABILITY;REL_CTX003_STUDY_INDEPENDENCE,EXP003-C4,data/metadata/skinexo_response_components.csv;reports/EXP003_C4_third_context_pathway_test.md
CTX003,P,P028,INACTIVE,1.0905511634568046,0.6442594165487495,GOBP_MAMMARY_GLAND_EPITHELIAL_CELL_PROLIFERATION,OBSERVED_NULL,1,0,TRANSCRIPTOME,ANC_CTX003_P_CCK8,NOT_APPLICABLE,REL_CTX003_ANNOTATION_CERTAINTY;REL_CTX003_BATCH_ADJUSTMENT;REL_CTX003_CONTROL_CERTAINTY;REL_CTX003_CROSS_CONTEXT_REPLICATION;REL_CTX003_EV_PREPARATION_INDEPENDENCE;REL_CTX003_MODEL_DIAGNOSTICS;REL_CTX003_PAIRING_CERTAINTY;REL_CTX003_PATHWAY_EVIDENCE;REL_CTX003_PHENOTYPE_SUPPORT;REL_CTX003_RECIPIENT_DONOR_INDEPENDENCE;REL_CTX003_SAMPLE_QC;REL_CTX003_SENSITIVITY_STABILITY;REL_CTX003_STUDY_INDEPENDENCE,EXP003-C4,data/metadata/skinexo_response_components.csv;reports/EXP003_C4_third_context_pathway_test.md
CTX003,P,P029,INACTIVE,0.8318851526662329,0.9530843639103292,GOBP_MEIOTIC_CELL_CYCLE_PROCESS,OBSERVED_NULL,1,0,TRANSCRIPTOME,ANC_CTX003_P_CCK8,NOT_APPLICABLE,REL_CTX003_ANNOTATION_CERTAINTY;REL_CTX003_BATCH_ADJUSTMENT;REL_CTX003_CONTROL_CERTAINTY;REL_CTX003_CROSS_CONTEXT_REPLICATION;REL_CTX003_EV_PREPARATION_INDEPENDENCE;REL_CTX003_MODEL_DIAGNOSTICS;REL_CTX003_PAIRING_CERTAINTY;REL_CTX003_PATHWAY_EVIDENCE;REL_CTX003_PHENOTYPE_SUPPORT;REL_CTX003_RECIPIENT_DONOR_INDEPENDENCE;REL_CTX003_SAMPLE_QC;REL_CTX003_SENSITIVITY_STABILITY;REL_CTX003_STUDY_INDEPENDENCE,EXP003-C4,data/metadata/skinexo_response_components.csv;reports/EXP003_C4_third_context_pathway_test.md
CTX003,P,P030,INACTIVE,-1.0870857905876747,1.0,GOBP_MEIOTIC_SPINDLE_ORGANIZATION,OBSERVED_NULL,1,0,TRANSCRIPTOME,ANC_CTX003_P_CCK8,NOT_APPLICABLE,REL_CTX003_ANNOTATION_CERTAINTY;REL_CTX003_BATCH_ADJUSTMENT;REL_CTX003_CONTROL_CERTAINTY;REL_CTX003_CROSS_CONTEXT_REPLICATION;REL_CTX003_EV_PREPARATION_INDEPENDENCE;REL_CTX003_MODEL_DIAGNOSTICS;REL_CTX003_PAIRING_CERTAINTY;REL_CTX003_PATHWAY_EVIDENCE;REL_CTX003_PHENOTYPE_SUPPORT;REL_CTX003_RECIPIENT_DONOR_INDEPENDENCE;REL_CTX003_SAMPLE_QC;REL_CTX003_SENSITIVITY_STABILITY;REL_CTX003_STUDY_INDEPENDENCE,EXP003-C4,data/metadata/skinexo_response_components.csv;reports/EXP003_C4_third_context_pathway_test.md
CTX003,P,P031,INACTIVE,-1.0375191348484667,1.0,GOBP_REGULATION_OF_MESENCHYMAL_CELL_PROLIFERATION,OBSERVED_NULL,1,0,TRANSCRIPTOME,ANC_CTX003_P_CCK8,NOT_APPLICABLE,REL_CTX003_ANNOTATION_CERTAINTY;REL_CTX003_BATCH_ADJUSTMENT;REL_CTX003_CONTROL_CERTAINTY;REL_CTX003_CROSS_CONTEXT_REPLICATION;REL_CTX003_EV_PREPARATION_INDEPENDENCE;REL_CTX003_MODEL_DIAGNOSTICS;REL_CTX003_PAIRING_CERTAINTY;REL_CTX003_PATHWAY_EVIDENCE;REL_CTX003_PHENOTYPE_SUPPORT;REL_CTX003_RECIPIENT_DONOR_INDEPENDENCE;REL_CTX003_SAMPLE_QC;REL_CTX003_SENSITIVITY_STABILITY;REL_CTX003_STUDY_INDEPENDENCE,EXP003-C4,data/metadata/skinexo_response_components.csv;reports/EXP003_C4_third_context_pathway_test.md
CTX003,P,P032,INACTIVE,1.4284517610406913,0.2999286868123182,GOBP_MITOCHONDRIAL_DNA_REPLICATION,OBSERVED_NULL,1,0,TRANSCRIPTOME,ANC_CTX003_P_CCK8,NOT_APPLICABLE,REL_CTX003_ANNOTATION_CERTAINTY;REL_CTX003_BATCH_ADJUSTMENT;REL_CTX003_CONTROL_CERTAINTY;REL_CTX003_CROSS_CONTEXT_REPLICATION;REL_CTX003_EV_PREPARATION_INDEPENDENCE;REL_CTX003_MODEL_DIAGNOSTICS;REL_CTX003_PAIRING_CERTAINTY;REL_CTX003_PATHWAY_EVIDENCE;REL_CTX003_PHENOTYPE_SUPPORT;REL_CTX003_RECIPIENT_DONOR_INDEPENDENCE;REL_CTX003_SAMPLE_QC;REL_CTX003_SENSITIVITY_STABILITY;REL_CTX003_STUDY_INDEPENDENCE,EXP003-C4,data/metadata/skinexo_response_components.csv;reports/EXP003_C4_third_context_pathway_test.md
CTX003,P,P033,INACTIVE,-0.8558109958363378,1.0,GOBP_MITOTIC_CHROMOSOME_CONDENSATION,OBSERVED_NULL,1,0,TRANSCRIPTOME,ANC_CTX003_P_CCK8,NOT_APPLICABLE,REL_CTX003_ANNOTATION_CERTAINTY;REL_CTX003_BATCH_ADJUSTMENT;REL_CTX003_CONTROL_CERTAINTY;REL_CTX003_CROSS_CONTEXT_REPLICATION;REL_CTX003_EV_PREPARATION_INDEPENDENCE;REL_CTX003_MODEL_DIAGNOSTICS;REL_CTX003_PAIRING_CERTAINTY;REL_CTX003_PATHWAY_EVIDENCE;REL_CTX003_PHENOTYPE_SUPPORT;REL_CTX003_RECIPIENT_DONOR_INDEPENDENCE;REL_CTX003_SAMPLE_QC;REL_CTX003_SENSITIVITY_STABILITY;REL_CTX003_STUDY_INDEPENDENCE,EXP003-C4,data/metadata/skinexo_response_components.csv;reports/EXP003_C4_third_context_pathway_test.md
CTX003,P,P034,INACTIVE,-0.6499265345308448,1.0,GOBP_MITOTIC_CYTOKINETIC_PROCESS,OBSERVED_NULL,1,0,TRANSCRIPTOME,ANC_CTX003_P_CCK8,NOT_APPLICABLE,REL_CTX003_ANNOTATION_CERTAINTY;REL_CTX003_BATCH_ADJUSTMENT;REL_CTX003_CONTROL_CERTAINTY;REL_CTX003_CROSS_CONTEXT_REPLICATION;REL_CTX003_EV_PREPARATION_INDEPENDENCE;REL_CTX003_MODEL_DIAGNOSTICS;REL_CTX003_PAIRING_CERTAINTY;REL_CTX003_PATHWAY_EVIDENCE;REL_CTX003_PHENOTYPE_SUPPORT;REL_CTX003_RECIPIENT_DONOR_INDEPENDENCE;REL_CTX003_SAMPLE_QC;REL_CTX003_SENSITIVITY_STABILITY;REL_CTX003_STUDY_INDEPENDENCE,EXP003-C4,data/metadata/skinexo_response_components.csv;reports/EXP003_C4_third_context_pathway_test.md
CTX003,P,P035,INACTIVE,-0.7792985693512086,1.0,GOBP_MITOTIC_DNA_REPLICATION,OBSERVED_NULL,1,0,TRANSCRIPTOME,ANC_CTX003_P_CCK8,NOT_APPLICABLE,REL_CTX003_ANNOTATION_CERTAINTY;REL_CTX003_BATCH_ADJUSTMENT;REL_CTX003_CONTROL_CERTAINTY;REL_CTX003_CROSS_CONTEXT_REPLICATION;REL_CTX003_EV_PREPARATION_INDEPENDENCE;REL_CTX003_MODEL_DIAGNOSTICS;REL_CTX003_PAIRING_CERTAINTY;REL_CTX003_PATHWAY_EVIDENCE;REL_CTX003_PHENOTYPE_SUPPORT;REL_CTX003_RECIPIENT_DONOR_INDEPENDENCE;REL_CTX003_SAMPLE_QC;REL_CTX003_SENSITIVITY_STABILITY;REL_CTX003_STUDY_INDEPENDENCE,EXP003-C4,data/metadata/skinexo_response_components.csv;reports/EXP003_C4_third_context_pathway_test.md
CTX003,P,P036,INACTIVE,1.5527516192361128,0.2181143627683063,GOBP_MITOTIC_G1_S_TRANSITION_CHECKPOINT_SIGNALING,OBSERVED_NULL,1,0,TRANSCRIPTOME,ANC_CTX003_P_CCK8,NOT_APPLICABLE,REL_CTX003_ANNOTATION_CERTAINTY;REL_CTX003_BATCH_ADJUSTMENT;REL_CTX003_CONTROL_CERTAINTY;REL_CTX003_CROSS_CONTEXT_REPLICATION;REL_CTX003_EV_PREPARATION_INDEPENDENCE;REL_CTX003_MODEL_DIAGNOSTICS;REL_CTX003_PAIRING_CERTAINTY;REL_CTX003_PATHWAY_EVIDENCE;REL_CTX003_PHENOTYPE_SUPPORT;REL_CTX003_RECIPIENT_DONOR_INDEPENDENCE;REL_CTX003_SAMPLE_QC;REL_CTX003_SENSITIVITY_STABILITY;REL_CTX003_STUDY_INDEPENDENCE,EXP003-C4,data/metadata/skinexo_response_components.csv;reports/EXP003_C4_third_context_pathway_test.md
CTX003,P,P037,INACTIVE,-0.9263897242200816,1.0,GOBP_MITOTIC_INTRA_S_DNA_DAMAGE_CHECKPOINT_SIGNALING,OBSERVED_NULL,1,0,TRANSCRIPTOME,ANC_CTX003_P_CCK8,NOT_APPLICABLE,REL_CTX003_ANNOTATION_CERTAINTY;REL_CTX003_BATCH_ADJUSTMENT;REL_CTX003_CONTROL_CERTAINTY;REL_CTX003_CROSS_CONTEXT_REPLICATION;REL_CTX003_EV_PREPARATION_INDEPENDENCE;REL_CTX003_MODEL_DIAGNOSTICS;REL_CTX003_PAIRING_CERTAINTY;REL_CTX003_PATHWAY_EVIDENCE;REL_CTX003_PHENOTYPE_SUPPORT;REL_CTX003_RECIPIENT_DONOR_INDEPENDENCE;REL_CTX003_SAMPLE_QC;REL_CTX003_SENSITIVITY_STABILITY;REL_CTX003_STUDY_INDEPENDENCE,EXP003-C4,data/metadata/skinexo_response_components.csv;reports/EXP003_C4_third_context_pathway_test.md
CTX003,P,P038,INACTIVE,-1.1217841004402884,0.9950924028253662,GOBP_MITOTIC_METAPHASE_CHROMOSOME_ALIGNMENT,OBSERVED_NULL,1,0,TRANSCRIPTOME,ANC_CTX003_P_CCK8,NOT_APPLICABLE,REL_CTX003_ANNOTATION_CERTAINTY;REL_CTX003_BATCH_ADJUSTMENT;REL_CTX003_CONTROL_CERTAINTY;REL_CTX003_CROSS_CONTEXT_REPLICATION;REL_CTX003_EV_PREPARATION_INDEPENDENCE;REL_CTX003_MODEL_DIAGNOSTICS;REL_CTX003_PAIRING_CERTAINTY;REL_CTX003_PATHWAY_EVIDENCE;REL_CTX003_PHENOTYPE_SUPPORT;REL_CTX003_RECIPIENT_DONOR_INDEPENDENCE;REL_CTX003_SAMPLE_QC;REL_CTX003_SENSITIVITY_STABILITY;REL_CTX003_STUDY_INDEPENDENCE,EXP003-C4,data/metadata/skinexo_response_components.csv;reports/EXP003_C4_third_context_pathway_test.md
CTX003,P,P039,INACTIVE,-1.3107043773973337,0.781940161595084,GOBP_MITOTIC_RECOMBINATION,OBSERVED_NULL,1,0,TRANSCRIPTOME,ANC_CTX003_P_CCK8,NOT_APPLICABLE,REL_CTX003_ANNOTATION_CERTAINTY;REL_CTX003_BATCH_ADJUSTMENT;REL_CTX003_CONTROL_CERTAINTY;REL_CTX003_CROSS_CONTEXT_REPLICATION;REL_CTX003_EV_PREPARATION_INDEPENDENCE;REL_CTX003_MODEL_DIAGNOSTICS;REL_CTX003_PAIRING_CERTAINTY;REL_CTX003_PATHWAY_EVIDENCE;REL_CTX003_PHENOTYPE_SUPPORT;REL_CTX003_RECIPIENT_DONOR_INDEPENDENCE;REL_CTX003_SAMPLE_QC;REL_CTX003_SENSITIVITY_STABILITY;REL_CTX003_STUDY_INDEPENDENCE,EXP003-C4,data/metadata/skinexo_response_components.csv;reports/EXP003_C4_third_context_pathway_test.md
CTX003,P,P040,INACTIVE,-0.6782781230697937,1.0,GOBP_MITOTIC_SISTER_CHROMATID_COHESION,OBSERVED_NULL,1,0,TRANSCRIPTOME,ANC_CTX003_P_CCK8,NOT_APPLICABLE,REL_CTX003_ANNOTATION_CERTAINTY;REL_CTX003_BATCH_ADJUSTMENT;REL_CTX003_CONTROL_CERTAINTY;REL_CTX003_CROSS_CONTEXT_REPLICATION;REL_CTX003_EV_PREPARATION_INDEPENDENCE;REL_CTX003_MODEL_DIAGNOSTICS;REL_CTX003_PAIRING_CERTAINTY;REL_CTX003_PATHWAY_EVIDENCE;REL_CTX003_PHENOTYPE_SUPPORT;REL_CTX003_RECIPIENT_DONOR_INDEPENDENCE;REL_CTX003_SAMPLE_QC;REL_CTX003_SENSITIVITY_STABILITY;REL_CTX003_STUDY_INDEPENDENCE,EXP003-C4,data/metadata/skinexo_response_components.csv;reports/EXP003_C4_third_context_pathway_test.md
CTX003,P,P041,INACTIVE,-1.6294791731485794,0.3756494336009238,GOBP_POSITIVE_REGULATION_OF_SPINDLE_CHECKPOINT,OBSERVED_NULL,1,0,TRANSCRIPTOME,ANC_CTX003_P_CCK8,NOT_APPLICABLE,REL_CTX003_ANNOTATION_CERTAINTY;REL_CTX003_BATCH_ADJUSTMENT;REL_CTX003_CONTROL_CERTAINTY;REL_CTX003_CROSS_CONTEXT_REPLICATION;REL_CTX003_EV_PREPARATION_INDEPENDENCE;REL_CTX003_MODEL_DIAGNOSTICS;REL_CTX003_PAIRING_CERTAINTY;REL_CTX003_PATHWAY_EVIDENCE;REL_CTX003_PHENOTYPE_SUPPORT;REL_CTX003_RECIPIENT_DONOR_INDEPENDENCE;REL_CTX003_SAMPLE_QC;REL_CTX003_SENSITIVITY_STABILITY;REL_CTX003_STUDY_INDEPENDENCE,EXP003-C4,data/metadata/skinexo_response_components.csv;reports/EXP003_C4_third_context_pathway_test.md
CTX003,P,P042,INACTIVE,-1.4889581035207773,0.5481825318846465,GOBP_SPINDLE_ASSEMBLY,OBSERVED_NULL,1,0,TRANSCRIPTOME,ANC_CTX003_P_CCK8,NOT_APPLICABLE,REL_CTX003_ANNOTATION_CERTAINTY;REL_CTX003_BATCH_ADJUSTMENT;REL_CTX003_CONTROL_CERTAINTY;REL_CTX003_CROSS_CONTEXT_REPLICATION;REL_CTX003_EV_PREPARATION_INDEPENDENCE;REL_CTX003_MODEL_DIAGNOSTICS;REL_CTX003_PAIRING_CERTAINTY;REL_CTX003_PATHWAY_EVIDENCE;REL_CTX003_PHENOTYPE_SUPPORT;REL_CTX003_RECIPIENT_DONOR_INDEPENDENCE;REL_CTX003_SAMPLE_QC;REL_CTX003_SENSITIVITY_STABILITY;REL_CTX003_STUDY_INDEPENDENCE,EXP003-C4,data/metadata/skinexo_response_components.csv;reports/EXP003_C4_third_context_pathway_test.md
CTX003,P,P043,INACTIVE,1.1117374445328163,0.6203136258041853,GOBP_POSITIVE_REGULATION_OF_VASCULAR_ASSOCIATED_SMOOTH_MUSCLE_CELL_PROLIFERATION,OBSERVED_NULL,1,0,TRANSCRIPTOME,ANC_CTX003_P_CCK8,NOT_APPLICABLE,REL_CTX003_ANNOTATION_CERTAINTY;REL_CTX003_BATCH_ADJUSTMENT;REL_CTX003_CONTROL_CERTAINTY;REL_CTX003_CROSS_CONTEXT_REPLICATION;REL_CTX003_EV_PREPARATION_INDEPENDENCE;REL_CTX003_MODEL_DIAGNOSTICS;REL_CTX003_PAIRING_CERTAINTY;REL_CTX003_PATHWAY_EVIDENCE;REL_CTX003_PHENOTYPE_SUPPORT;REL_CTX003_RECIPIENT_DONOR_INDEPENDENCE;REL_CTX003_SAMPLE_QC;REL_CTX003_SENSITIVITY_STABILITY;REL_CTX003_STUDY_INDEPENDENCE,EXP003-C4,data/metadata/skinexo_response_components.csv;reports/EXP003_C4_third_context_pathway_test.md
CTX003,P,P044,INACTIVE,1.6694053303601568,0.1506931414047846,GOBP_NEGATIVE_REGULATION_OF_CELL_CYCLE_G1_S_PHASE_TRANSITION,OBSERVED_NULL,1,0,TRANSCRIPTOME,ANC_CTX003_P_CCK8,NOT_APPLICABLE,REL_CTX003_ANNOTATION_CERTAINTY;REL_CTX003_BATCH_ADJUSTMENT;REL_CTX003_CONTROL_CERTAINTY;REL_CTX003_CROSS_CONTEXT_REPLICATION;REL_CTX003_EV_PREPARATION_INDEPENDENCE;REL_CTX003_MODEL_DIAGNOSTICS;REL_CTX003_PAIRING_CERTAINTY;REL_CTX003_PATHWAY_EVIDENCE;REL_CTX003_PHENOTYPE_SUPPORT;REL_CTX003_RECIPIENT_DONOR_INDEPENDENCE;REL_CTX003_SAMPLE_QC;REL_CTX003_SENSITIVITY_STABILITY;REL_CTX003_STUDY_INDEPENDENCE,EXP003-C4,data/metadata/skinexo_response_components.csv;reports/EXP003_C4_third_context_pathway_test.md
CTX003,P,P045,INACTIVE,0.9079861442433728,0.8639682679706816,GOBP_NEGATIVE_REGULATION_OF_DNA_REPLICATION,OBSERVED_NULL,1,0,TRANSCRIPTOME,ANC_CTX003_P_CCK8,NOT_APPLICABLE,REL_CTX003_ANNOTATION_CERTAINTY;REL_CTX003_BATCH_ADJUSTMENT;REL_CTX003_CONTROL_CERTAINTY;REL_CTX003_CROSS_CONTEXT_REPLICATION;REL_CTX003_EV_PREPARATION_INDEPENDENCE;REL_CTX003_MODEL_DIAGNOSTICS;REL_CTX003_PAIRING_CERTAINTY;REL_CTX003_PATHWAY_EVIDENCE;REL_CTX003_PHENOTYPE_SUPPORT;REL_CTX003_RECIPIENT_DONOR_INDEPENDENCE;REL_CTX003_SAMPLE_QC;REL_CTX003_SENSITIVITY_STABILITY;REL_CTX003_STUDY_INDEPENDENCE,EXP003-C4,data/metadata/skinexo_response_components.csv;reports/EXP003_C4_third_context_pathway_test.md
CTX003,P,P046,INACTIVE,1.3592303952017937,0.3508848921718255,GOBP_NEGATIVE_REGULATION_OF_ENDOTHELIAL_CELL_PROLIFERATION,OBSERVED_NULL,1,0,TRANSCRIPTOME,ANC_CTX003_P_CCK8,NOT_APPLICABLE,REL_CTX003_ANNOTATION_CERTAINTY;REL_CTX003_BATCH_ADJUSTMENT;REL_CTX003_CONTROL_CERTAINTY;REL_CTX003_CROSS_CONTEXT_REPLICATION;REL_CTX003_EV_PREPARATION_INDEPENDENCE;REL_CTX003_MODEL_DIAGNOSTICS;REL_CTX003_PAIRING_CERTAINTY;REL_CTX003_PATHWAY_EVIDENCE;REL_CTX003_PHENOTYPE_SUPPORT;REL_CTX003_RECIPIENT_DONOR_INDEPENDENCE;REL_CTX003_SAMPLE_QC;REL_CTX003_SENSITIVITY_STABILITY;REL_CTX003_STUDY_INDEPENDENCE,EXP003-C4,data/metadata/skinexo_response_components.csv;reports/EXP003_C4_third_context_pathway_test.md
CTX003,P,P047,INACTIVE,1.1590837430619294,0.5516241984919267,GOBP_NEGATIVE_REGULATION_OF_EPITHELIAL_CELL_PROLIFERATION,OBSERVED_NULL,1,0,TRANSCRIPTOME,ANC_CTX003_P_CCK8,NOT_APPLICABLE,REL_CTX003_ANNOTATION_CERTAINTY;REL_CTX003_BATCH_ADJUSTMENT;REL_CTX003_CONTROL_CERTAINTY;REL_CTX003_CROSS_CONTEXT_REPLICATION;REL_CTX003_EV_PREPARATION_INDEPENDENCE;REL_CTX003_MODEL_DIAGNOSTICS;REL_CTX003_PAIRING_CERTAINTY;REL_CTX003_PATHWAY_EVIDENCE;REL_CTX003_PHENOTYPE_SUPPORT;REL_CTX003_RECIPIENT_DONOR_INDEPENDENCE;REL_CTX003_SAMPLE_QC;REL_CTX003_SENSITIVITY_STABILITY;REL_CTX003_STUDY_INDEPENDENCE,EXP003-C4,data/metadata/skinexo_response_components.csv;reports/EXP003_C4_third_context_pathway_test.md
CTX003,P,P048,NOT_TESTED,,,,NOT_TESTED,0,0,TRANSCRIPTOME,ANC_CTX003_P_CCK8,NOT_APPLICABLE,REL_CTX003_ANNOTATION_CERTAINTY;REL_CTX003_BATCH_ADJUSTMENT;REL_CTX003_CONTROL_CERTAINTY;REL_CTX003_CROSS_CONTEXT_REPLICATION;REL_CTX003_EV_PREPARATION_INDEPENDENCE;REL_CTX003_MODEL_DIAGNOSTICS;REL_CTX003_PAIRING_CERTAINTY;REL_CTX003_PATHWAY_EVIDENCE;REL_CTX003_PHENOTYPE_SUPPORT;REL_CTX003_RECIPIENT_DONOR_INDEPENDENCE;REL_CTX003_SAMPLE_QC;REL_CTX003_SENSITIVITY_STABILITY;REL_CTX003_STUDY_INDEPENDENCE,EXP003-C4,data/metadata/skinexo_response_components.csv;reports/EXP003_C4_third_context_pathway_test.md
CTX003,P,P049,INACTIVE,1.0911254979212723,0.6440074053308391,GOBP_NEGATIVE_REGULATION_OF_NEURAL_PRECURSOR_CELL_PROLIFERATION,OBSERVED_NULL,1,0,TRANSCRIPTOME,ANC_CTX003_P_CCK8,NOT_APPLICABLE,REL_CTX003_ANNOTATION_CERTAINTY;REL_CTX003_BATCH_ADJUSTMENT;REL_CTX003_CONTROL_CERTAINTY;REL_CTX003_CROSS_CONTEXT_REPLICATION;REL_CTX003_EV_PREPARATION_INDEPENDENCE;REL_CTX003_MODEL_DIAGNOSTICS;REL_CTX003_PAIRING_CERTAINTY;REL_CTX003_PATHWAY_EVIDENCE;REL_CTX003_PHENOTYPE_SUPPORT;REL_CTX003_RECIPIENT_DONOR_INDEPENDENCE;REL_CTX003_SAMPLE_QC;REL_CTX003_SENSITIVITY_STABILITY;REL_CTX003_STUDY_INDEPENDENCE,EXP003-C4,data/metadata/skinexo_response_components.csv;reports/EXP003_C4_third_context_pathway_test.md
CTX003,P,P050,INACTIVE,1.0926998658309617,0.6419841593360471,GOBP_NEGATIVE_REGULATION_OF_SMOOTH_MUSCLE_CELL_PROLIFERATION,OBSERVED_NULL,1,0,TRANSCRIPTOME,ANC_CTX003_P_CCK8,NOT_APPLICABLE,REL_CTX003_ANNOTATION_CERTAINTY;REL_CTX003_BATCH_ADJUSTMENT;REL_CTX003_CONTROL_CERTAINTY;REL_CTX003_CROSS_CONTEXT_REPLICATION;REL_CTX003_EV_PREPARATION_INDEPENDENCE;REL_CTX003_MODEL_DIAGNOSTICS;REL_CTX003_PAIRING_CERTAINTY;REL_CTX003_PATHWAY_EVIDENCE;REL_CTX003_PHENOTYPE_SUPPORT;REL_CTX003_RECIPIENT_DONOR_INDEPENDENCE;REL_CTX003_SAMPLE_QC;REL_CTX003_SENSITIVITY_STABILITY;REL_CTX003_STUDY_INDEPENDENCE,EXP003-C4,data/metadata/skinexo_response_components.csv;reports/EXP003_C4_third_context_pathway_test.md
CTX003,P,P051,INACTIVE,1.1663433857126035,0.5429549644806222,GOBP_NEGATIVE_REGULATION_OF_T_CELL_PROLIFERATION,OBSERVED_NULL,1,0,TRANSCRIPTOME,ANC_CTX003_P_CCK8,NOT_APPLICABLE,REL_CTX003_ANNOTATION_CERTAINTY;REL_CTX003_BATCH_ADJUSTMENT;REL_CTX003_CONTROL_CERTAINTY;REL_CTX003_CROSS_CONTEXT_REPLICATION;REL_CTX003_EV_PREPARATION_INDEPENDENCE;REL_CTX003_MODEL_DIAGNOSTICS;REL_CTX003_PAIRING_CERTAINTY;REL_CTX003_PATHWAY_EVIDENCE;REL_CTX003_PHENOTYPE_SUPPORT;REL_CTX003_RECIPIENT_DONOR_INDEPENDENCE;REL_CTX003_SAMPLE_QC;REL_CTX003_SENSITIVITY_STABILITY;REL_CTX003_STUDY_INDEPENDENCE,EXP003-C4,data/metadata/skinexo_response_components.csv;reports/EXP003_C4_third_context_pathway_test.md
CTX003,P,P052,INACTIVE,-1.0396733226329071,1.0,GOBP_POSITIVE_REGULATION_OF_NEURAL_PRECURSOR_CELL_PROLIFERATION,OBSERVED_NULL,1,0,TRANSCRIPTOME,ANC_CTX003_P_CCK8,NOT_APPLICABLE,REL_CTX003_ANNOTATION_CERTAINTY;REL_CTX003_BATCH_ADJUSTMENT;REL_CTX003_CONTROL_CERTAINTY;REL_CTX003_CROSS_CONTEXT_REPLICATION;REL_CTX003_EV_PREPARATION_INDEPENDENCE;REL_CTX003_MODEL_DIAGNOSTICS;REL_CTX003_PAIRING_CERTAINTY;REL_CTX003_PATHWAY_EVIDENCE;REL_CTX003_PHENOTYPE_SUPPORT;REL_CTX003_RECIPIENT_DONOR_INDEPENDENCE;REL_CTX003_SAMPLE_QC;REL_CTX003_SENSITIVITY_STABILITY;REL_CTX003_STUDY_INDEPENDENCE,EXP003-C4,data/metadata/skinexo_response_components.csv;reports/EXP003_C4_third_context_pathway_test.md
CTX003,P,P053,INACTIVE,-1.084955444111121,1.0,GOBP_POSITIVE_REGULATION_OF_CELL_CYCLE_PROCESS,OBSERVED_NULL,1,0,TRANSCRIPTOME,ANC_CTX003_P_CCK8,NOT_APPLICABLE,REL_CTX003_ANNOTATION_CERTAINTY;REL_CTX003_BATCH_ADJUSTMENT;REL_CTX003_CONTROL_CERTAINTY;REL_CTX003_CROSS_CONTEXT_REPLICATION;REL_CTX003_EV_PREPARATION_INDEPENDENCE;REL_CTX003_MODEL_DIAGNOSTICS;REL_CTX003_PAIRING_CERTAINTY;REL_CTX003_PATHWAY_EVIDENCE;REL_CTX003_PHENOTYPE_SUPPORT;REL_CTX003_RECIPIENT_DONOR_INDEPENDENCE;REL_CTX003_SAMPLE_QC;REL_CTX003_SENSITIVITY_STABILITY;REL_CTX003_STUDY_INDEPENDENCE,EXP003-C4,data/metadata/skinexo_response_components.csv;reports/EXP003_C4_third_context_pathway_test.md
CTX003,P,P054,INACTIVE,1.2414826617820474,0.4572255168515704,GOBP_POSITIVE_REGULATION_OF_G1_S_TRANSITION_OF_MITOTIC_CELL_CYCLE,OBSERVED_NULL,1,0,TRANSCRIPTOME,ANC_CTX003_P_CCK8,NOT_APPLICABLE,REL_CTX003_ANNOTATION_CERTAINTY;REL_CTX003_BATCH_ADJUSTMENT;REL_CTX003_CONTROL_CERTAINTY;REL_CTX003_CROSS_CONTEXT_REPLICATION;REL_CTX003_EV_PREPARATION_INDEPENDENCE;REL_CTX003_MODEL_DIAGNOSTICS;REL_CTX003_PAIRING_CERTAINTY;REL_CTX003_PATHWAY_EVIDENCE;REL_CTX003_PHENOTYPE_SUPPORT;REL_CTX003_RECIPIENT_DONOR_INDEPENDENCE;REL_CTX003_SAMPLE_QC;REL_CTX003_SENSITIVITY_STABILITY;REL_CTX003_STUDY_INDEPENDENCE,EXP003-C4,data/metadata/skinexo_response_components.csv;reports/EXP003_C4_third_context_pathway_test.md
CTX003,P,P055,INACTIVE,-1.1323556695244188,1.0,GOBP_POSITIVE_REGULATION_OF_CELL_CYCLE_G2_M_PHASE_TRANSITION,OBSERVED_NULL,1,0,TRANSCRIPTOME,ANC_CTX003_P_CCK8,NOT_APPLICABLE,REL_CTX003_ANNOTATION_CERTAINTY;REL_CTX003_BATCH_ADJUSTMENT;REL_CTX003_CONTROL_CERTAINTY;REL_CTX003_CROSS_CONTEXT_REPLICATION;REL_CTX003_EV_PREPARATION_INDEPENDENCE;REL_CTX003_MODEL_DIAGNOSTICS;REL_CTX003_PAIRING_CERTAINTY;REL_CTX003_PATHWAY_EVIDENCE;REL_CTX003_PHENOTYPE_SUPPORT;REL_CTX003_RECIPIENT_DONOR_INDEPENDENCE;REL_CTX003_SAMPLE_QC;REL_CTX003_SENSITIVITY_STABILITY;REL_CTX003_STUDY_INDEPENDENCE,EXP003-C4,data/metadata/skinexo_response_components.csv;reports/EXP003_C4_third_context_pathway_test.md
CTX003,P,P056,INACTIVE,-1.254502309521669,0.8774336843090897,GOBP_POSITIVE_REGULATION_OF_CHROMOSOME_SEGREGATION,OBSERVED_NULL,1,0,TRANSCRIPTOME,ANC_CTX003_P_CCK8,NOT_APPLICABLE,REL_CTX003_ANNOTATION_CERTAINTY;REL_CTX003_BATCH_ADJUSTMENT;REL_CTX003_CONTROL_CERTAINTY;REL_CTX003_CROSS_CONTEXT_REPLICATION;REL_CTX003_EV_PREPARATION_INDEPENDENCE;REL_CTX003_MODEL_DIAGNOSTICS;REL_CTX003_PAIRING_CERTAINTY;REL_CTX003_PATHWAY_EVIDENCE;REL_CTX003_PHENOTYPE_SUPPORT;REL_CTX003_RECIPIENT_DONOR_INDEPENDENCE;REL_CTX003_SAMPLE_QC;REL_CTX003_SENSITIVITY_STABILITY;REL_CTX003_STUDY_INDEPENDENCE,EXP003-C4,data/metadata/skinexo_response_components.csv;reports/EXP003_C4_third_context_pathway_test.md
CTX003,P,P057,INACTIVE,-1.0152000062314508,1.0,GOBP_POSITIVE_REGULATION_OF_CYTOKINESIS,OBSERVED_NULL,1,0,TRANSCRIPTOME,ANC_CTX003_P_CCK8,NOT_APPLICABLE,REL_CTX003_ANNOTATION_CERTAINTY;REL_CTX003_BATCH_ADJUSTMENT;REL_CTX003_CONTROL_CERTAINTY;REL_CTX003_CROSS_CONTEXT_REPLICATION;REL_CTX003_EV_PREPARATION_INDEPENDENCE;REL_CTX003_MODEL_DIAGNOSTICS;REL_CTX003_PAIRING_CERTAINTY;REL_CTX003_PATHWAY_EVIDENCE;REL_CTX003_PHENOTYPE_SUPPORT;REL_CTX003_RECIPIENT_DONOR_INDEPENDENCE;REL_CTX003_SAMPLE_QC;REL_CTX003_SENSITIVITY_STABILITY;REL_CTX003_STUDY_INDEPENDENCE,EXP003-C4,data/metadata/skinexo_response_components.csv;reports/EXP003_C4_third_context_pathway_test.md
CTX003,P,P058,INACTIVE,0.9279931659779374,0.8371665001677308,GOBP_POSITIVE_REGULATION_OF_DNA_REPLICATION,OBSERVED_NULL,1,0,TRANSCRIPTOME,ANC_CTX003_P_CCK8,NOT_APPLICABLE,REL_CTX003_ANNOTATION_CERTAINTY;REL_CTX003_BATCH_ADJUSTMENT;REL_CTX003_CONTROL_CERTAINTY;REL_CTX003_CROSS_CONTEXT_REPLICATION;REL_CTX003_EV_PREPARATION_INDEPENDENCE;REL_CTX003_MODEL_DIAGNOSTICS;REL_CTX003_PAIRING_CERTAINTY;REL_CTX003_PATHWAY_EVIDENCE;REL_CTX003_PHENOTYPE_SUPPORT;REL_CTX003_RECIPIENT_DONOR_INDEPENDENCE;REL_CTX003_SAMPLE_QC;REL_CTX003_SENSITIVITY_STABILITY;REL_CTX003_STUDY_INDEPENDENCE,EXP003-C4,data/metadata/skinexo_response_components.csv;reports/EXP003_C4_third_context_pathway_test.md
CTX003,P,P059,INACTIVE,1.026948206514107,0.7131210196358257,GOBP_POSITIVE_REGULATION_OF_MEIOTIC_CELL_CYCLE,OBSERVED_NULL,1,0,TRANSCRIPTOME,ANC_CTX003_P_CCK8,NOT_APPLICABLE,REL_CTX003_ANNOTATION_CERTAINTY;REL_CTX003_BATCH_ADJUSTMENT;REL_CTX003_CONTROL_CERTAINTY;REL_CTX003_CROSS_CONTEXT_REPLICATION;REL_CTX003_EV_PREPARATION_INDEPENDENCE;REL_CTX003_MODEL_DIAGNOSTICS;REL_CTX003_PAIRING_CERTAINTY;REL_CTX003_PATHWAY_EVIDENCE;REL_CTX003_PHENOTYPE_SUPPORT;REL_CTX003_RECIPIENT_DONOR_INDEPENDENCE;REL_CTX003_SAMPLE_QC;REL_CTX003_SENSITIVITY_STABILITY;REL_CTX003_STUDY_INDEPENDENCE,EXP003-C4,data/metadata/skinexo_response_components.csv;reports/EXP003_C4_third_context_pathway_test.md
CTX003,P,P060,INACTIVE,-1.5986701088769086,0.4097547964741185,GOBP_POSITIVE_REGULATION_OF_MITOTIC_SISTER_CHROMATID_SEPARATION,OBSERVED_NULL,1,0,TRANSCRIPTOME,ANC_CTX003_P_CCK8,NOT_APPLICABLE,REL_CTX003_ANNOTATION_CERTAINTY;REL_CTX003_BATCH_ADJUSTMENT;REL_CTX003_CONTROL_CERTAINTY;REL_CTX003_CROSS_CONTEXT_REPLICATION;REL_CTX003_EV_PREPARATION_INDEPENDENCE;REL_CTX003_MODEL_DIAGNOSTICS;REL_CTX003_PAIRING_CERTAINTY;REL_CTX003_PATHWAY_EVIDENCE;REL_CTX003_PHENOTYPE_SUPPORT;REL_CTX003_RECIPIENT_DONOR_INDEPENDENCE;REL_CTX003_SAMPLE_QC;REL_CTX003_SENSITIVITY_STABILITY;REL_CTX003_STUDY_INDEPENDENCE,EXP003-C4,data/metadata/skinexo_response_components.csv;reports/EXP003_C4_third_context_pathway_test.md
CTX003,P,P061,INACTIVE,-1.3029576267025604,0.794073560344639,GOBP_POSITIVE_REGULATION_OF_MITOTIC_NUCLEAR_DIVISION,OBSERVED_NULL,1,0,TRANSCRIPTOME,ANC_CTX003_P_CCK8,NOT_APPLICABLE,REL_CTX003_ANNOTATION_CERTAINTY;REL_CTX003_BATCH_ADJUSTMENT;REL_CTX003_CONTROL_CERTAINTY;REL_CTX003_CROSS_CONTEXT_REPLICATION;REL_CTX003_EV_PREPARATION_INDEPENDENCE;REL_CTX003_MODEL_DIAGNOSTICS;REL_CTX003_PAIRING_CERTAINTY;REL_CTX003_PATHWAY_EVIDENCE;REL_CTX003_PHENOTYPE_SUPPORT;REL_CTX003_RECIPIENT_DONOR_INDEPENDENCE;REL_CTX003_SAMPLE_QC;REL_CTX003_SENSITIVITY_STABILITY;REL_CTX003_STUDY_INDEPENDENCE,EXP003-C4,data/metadata/skinexo_response_components.csv;reports/EXP003_C4_third_context_pathway_test.md
CTX003,P,P062,INACTIVE,0.8545781561100997,0.9243310474419124,GOBP_POSITIVE_REGULATION_OF_STEM_CELL_PROLIFERATION,OBSERVED_NULL,1,0,TRANSCRIPTOME,ANC_CTX003_P_CCK8,NOT_APPLICABLE,REL_CTX003_ANNOTATION_CERTAINTY;REL_CTX003_BATCH_ADJUSTMENT;REL_CTX003_CONTROL_CERTAINTY;REL_CTX003_CROSS_CONTEXT_REPLICATION;REL_CTX003_EV_PREPARATION_INDEPENDENCE;REL_CTX003_MODEL_DIAGNOSTICS;REL_CTX003_PAIRING_CERTAINTY;REL_CTX003_PATHWAY_EVIDENCE;REL_CTX003_PHENOTYPE_SUPPORT;REL_CTX003_RECIPIENT_DONOR_INDEPENDENCE;REL_CTX003_SAMPLE_QC;REL_CTX003_SENSITIVITY_STABILITY;REL_CTX003_STUDY_INDEPENDENCE,EXP003-C4,data/metadata/skinexo_response_components.csv;reports/EXP003_C4_third_context_pathway_test.md
CTX003,P,P063,INACTIVE,1.5787374278337325,0.2006373280592839,GOBP_POSITIVE_REGULATION_OF_T_CELL_PROLIFERATION,OBSERVED_NULL,1,0,TRANSCRIPTOME,ANC_CTX003_P_CCK8,NOT_APPLICABLE,REL_CTX003_ANNOTATION_CERTAINTY;REL_CTX003_BATCH_ADJUSTMENT;REL_CTX003_CONTROL_CERTAINTY;REL_CTX003_CROSS_CONTEXT_REPLICATION;REL_CTX003_EV_PREPARATION_INDEPENDENCE;REL_CTX003_MODEL_DIAGNOSTICS;REL_CTX003_PAIRING_CERTAINTY;REL_CTX003_PATHWAY_EVIDENCE;REL_CTX003_PHENOTYPE_SUPPORT;REL_CTX003_RECIPIENT_DONOR_INDEPENDENCE;REL_CTX003_SAMPLE_QC;REL_CTX003_SENSITIVITY_STABILITY;REL_CTX003_STUDY_INDEPENDENCE,EXP003-C4,data/metadata/skinexo_response_components.csv;reports/EXP003_C4_third_context_pathway_test.md
CTX003,P,P064,INACTIVE,-1.201976441184868,0.9612924945370328,GOBP_REGULATION_OF_ATTACHMENT_OF_SPINDLE_MICROTUBULES_TO_KINETOCHORE,OBSERVED_NULL,1,0,TRANSCRIPTOME,ANC_CTX003_P_CCK8,NOT_APPLICABLE,REL_CTX003_ANNOTATION_CERTAINTY;REL_CTX003_BATCH_ADJUSTMENT;REL_CTX003_CONTROL_CERTAINTY;REL_CTX003_CROSS_CONTEXT_REPLICATION;REL_CTX003_EV_PREPARATION_INDEPENDENCE;REL_CTX003_MODEL_DIAGNOSTICS;REL_CTX003_PAIRING_CERTAINTY;REL_CTX003_PATHWAY_EVIDENCE;REL_CTX003_PHENOTYPE_SUPPORT;REL_CTX003_RECIPIENT_DONOR_INDEPENDENCE;REL_CTX003_SAMPLE_QC;REL_CTX003_SENSITIVITY_STABILITY;REL_CTX003_STUDY_INDEPENDENCE,EXP003-C4,data/metadata/skinexo_response_components.csv;reports/EXP003_C4_third_context_pathway_test.md
CTX003,P,P065,INACTIVE,-1.311800634918309,0.7862481979235743,GOBP_REGULATION_OF_CHROMOSOME_SEGREGATION,OBSERVED_NULL,1,0,TRANSCRIPTOME,ANC_CTX003_P_CCK8,NOT_APPLICABLE,REL_CTX003_ANNOTATION_CERTAINTY;REL_CTX003_BATCH_ADJUSTMENT;REL_CTX003_CONTROL_CERTAINTY;REL_CTX003_CROSS_CONTEXT_REPLICATION;REL_CTX003_EV_PREPARATION_INDEPENDENCE;REL_CTX003_MODEL_DIAGNOSTICS;REL_CTX003_PAIRING_CERTAINTY;REL_CTX003_PATHWAY_EVIDENCE;REL_CTX003_PHENOTYPE_SUPPORT;REL_CTX003_RECIPIENT_DONOR_INDEPENDENCE;REL_CTX003_SAMPLE_QC;REL_CTX003_SENSITIVITY_STABILITY;REL_CTX003_STUDY_INDEPENDENCE,EXP003-C4,data/metadata/skinexo_response_components.csv;reports/EXP003_C4_third_context_pathway_test.md
CTX003,P,P066,INACTIVE,-0.8226320271871456,1.0,GOBP_REGULATION_OF_DNA_REPLICATION,OBSERVED_NULL,1,0,TRANSCRIPTOME,ANC_CTX003_P_CCK8,NOT_APPLICABLE,REL_CTX003_ANNOTATION_CERTAINTY;REL_CTX003_BATCH_ADJUSTMENT;REL_CTX003_CONTROL_CERTAINTY;REL_CTX003_CROSS_CONTEXT_REPLICATION;REL_CTX003_EV_PREPARATION_INDEPENDENCE;REL_CTX003_MODEL_DIAGNOSTICS;REL_CTX003_PAIRING_CERTAINTY;REL_CTX003_PATHWAY_EVIDENCE;REL_CTX003_PHENOTYPE_SUPPORT;REL_CTX003_RECIPIENT_DONOR_INDEPENDENCE;REL_CTX003_SAMPLE_QC;REL_CTX003_SENSITIVITY_STABILITY;REL_CTX003_STUDY_INDEPENDENCE,EXP003-C4,data/metadata/skinexo_response_components.csv;reports/EXP003_C4_third_context_pathway_test.md
CTX003,P,P067,INACTIVE,0.716581679017736,1.0,GOBP_REGULATION_OF_DNA_TEMPLATED_DNA_REPLICATION,OBSERVED_NULL,1,0,TRANSCRIPTOME,ANC_CTX003_P_CCK8,NOT_APPLICABLE,REL_CTX003_ANNOTATION_CERTAINTY;REL_CTX003_BATCH_ADJUSTMENT;REL_CTX003_CONTROL_CERTAINTY;REL_CTX003_CROSS_CONTEXT_REPLICATION;REL_CTX003_EV_PREPARATION_INDEPENDENCE;REL_CTX003_MODEL_DIAGNOSTICS;REL_CTX003_PAIRING_CERTAINTY;REL_CTX003_PATHWAY_EVIDENCE;REL_CTX003_PHENOTYPE_SUPPORT;REL_CTX003_RECIPIENT_DONOR_INDEPENDENCE;REL_CTX003_SAMPLE_QC;REL_CTX003_SENSITIVITY_STABILITY;REL_CTX003_STUDY_INDEPENDENCE,EXP003-C4,data/metadata/skinexo_response_components.csv;reports/EXP003_C4_third_context_pathway_test.md
CTX003,P,P068,INACTIVE,-1.030047878202327,1.0,GOBP_REGULATION_OF_DNA_TEMPLATED_DNA_REPLICATION_INITIATION,OBSERVED_NULL,1,0,TRANSCRIPTOME,ANC_CTX003_P_CCK8,NOT_APPLICABLE,REL_CTX003_ANNOTATION_CERTAINTY;REL_CTX003_BATCH_ADJUSTMENT;REL_CTX003_CONTROL_CERTAINTY;REL_CTX003_CROSS_CONTEXT_REPLICATION;REL_CTX003_EV_PREPARATION_INDEPENDENCE;REL_CTX003_MODEL_DIAGNOSTICS;REL_CTX003_PAIRING_CERTAINTY;REL_CTX003_PATHWAY_EVIDENCE;REL_CTX003_PHENOTYPE_SUPPORT;REL_CTX003_RECIPIENT_DONOR_INDEPENDENCE;REL_CTX003_SAMPLE_QC;REL_CTX003_SENSITIVITY_STABILITY;REL_CTX003_STUDY_INDEPENDENCE,EXP003-C4,data/metadata/skinexo_response_components.csv;reports/EXP003_C4_third_context_pathway_test.md
CTX003,P,P069,INACTIVE,0.7528056574373257,0.995281723094458,GOBP_REGULATION_OF_MEIOTIC_CELL_CYCLE,OBSERVED_NULL,1,0,TRANSCRIPTOME,ANC_CTX003_P_CCK8,NOT_APPLICABLE,REL_CTX003_ANNOTATION_CERTAINTY;REL_CTX003_BATCH_ADJUSTMENT;REL_CTX003_CONTROL_CERTAINTY;REL_CTX003_CROSS_CONTEXT_REPLICATION;REL_CTX003_EV_PREPARATION_INDEPENDENCE;REL_CTX003_MODEL_DIAGNOSTICS;REL_CTX003_PAIRING_CERTAINTY;REL_CTX003_PATHWAY_EVIDENCE;REL_CTX003_PHENOTYPE_SUPPORT;REL_CTX003_RECIPIENT_DONOR_INDEPENDENCE;REL_CTX003_SAMPLE_QC;REL_CTX003_SENSITIVITY_STABILITY;REL_CTX003_STUDY_INDEPENDENCE,EXP003-C4,data/metadata/skinexo_response_components.csv;reports/EXP003_C4_third_context_pathway_test.md
CTX003,P,P070,INACTIVE,-0.928618567858971,1.0,GOBP_REGULATION_OF_MITOTIC_CYTOKINESIS,OBSERVED_NULL,1,0,TRANSCRIPTOME,ANC_CTX003_P_CCK8,NOT_APPLICABLE,REL_CTX003_ANNOTATION_CERTAINTY;REL_CTX003_BATCH_ADJUSTMENT;REL_CTX003_CONTROL_CERTAINTY;REL_CTX003_CROSS_CONTEXT_REPLICATION;REL_CTX003_EV_PREPARATION_INDEPENDENCE;REL_CTX003_MODEL_DIAGNOSTICS;REL_CTX003_PAIRING_CERTAINTY;REL_CTX003_PATHWAY_EVIDENCE;REL_CTX003_PHENOTYPE_SUPPORT;REL_CTX003_RECIPIENT_DONOR_INDEPENDENCE;REL_CTX003_SAMPLE_QC;REL_CTX003_SENSITIVITY_STABILITY;REL_CTX003_STUDY_INDEPENDENCE,EXP003-C4,data/metadata/skinexo_response_components.csv;reports/EXP003_C4_third_context_pathway_test.md
CTX003,P,P071,INACTIVE,-1.2488227045908673,0.8753504854854786,GOBP_REGULATION_OF_SPINDLE_ASSEMBLY,OBSERVED_NULL,1,0,TRANSCRIPTOME,ANC_CTX003_P_CCK8,NOT_APPLICABLE,REL_CTX003_ANNOTATION_CERTAINTY;REL_CTX003_BATCH_ADJUSTMENT;REL_CTX003_CONTROL_CERTAINTY;REL_CTX003_CROSS_CONTEXT_REPLICATION;REL_CTX003_EV_PREPARATION_INDEPENDENCE;REL_CTX003_MODEL_DIAGNOSTICS;REL_CTX003_PAIRING_CERTAINTY;REL_CTX003_PATHWAY_EVIDENCE;REL_CTX003_PHENOTYPE_SUPPORT;REL_CTX003_RECIPIENT_DONOR_INDEPENDENCE;REL_CTX003_SAMPLE_QC;REL_CTX003_SENSITIVITY_STABILITY;REL_CTX003_STUDY_INDEPENDENCE,EXP003-C4,data/metadata/skinexo_response_components.csv;reports/EXP003_C4_third_context_pathway_test.md
CTX003,P,P072,INACTIVE,1.1987427999414273,0.506613980148261,GOBP_SKELETAL_MUSCLE_CELL_PROLIFERATION,OBSERVED_NULL,1,0,TRANSCRIPTOME,ANC_CTX003_P_CCK8,NOT_APPLICABLE,REL_CTX003_ANNOTATION_CERTAINTY;REL_CTX003_BATCH_ADJUSTMENT;REL_CTX003_CONTROL_CERTAINTY;REL_CTX003_CROSS_CONTEXT_REPLICATION;REL_CTX003_EV_PREPARATION_INDEPENDENCE;REL_CTX003_MODEL_DIAGNOSTICS;REL_CTX003_PAIRING_CERTAINTY;REL_CTX003_PATHWAY_EVIDENCE;REL_CTX003_PHENOTYPE_SUPPORT;REL_CTX003_RECIPIENT_DONOR_INDEPENDENCE;REL_CTX003_SAMPLE_QC;REL_CTX003_SENSITIVITY_STABILITY;REL_CTX003_STUDY_INDEPENDENCE,EXP003-C4,data/metadata/skinexo_response_components.csv;reports/EXP003_C4_third_context_pathway_test.md
CTX003,P,P073,INACTIVE,-1.628112839920169,0.3705865592202876,GOBP_TYPE_B_PANCREATIC_CELL_PROLIFERATION,OBSERVED_NULL,1,0,TRANSCRIPTOME,ANC_CTX003_P_CCK8,NOT_APPLICABLE,REL_CTX003_ANNOTATION_CERTAINTY;REL_CTX003_BATCH_ADJUSTMENT;REL_CTX003_CONTROL_CERTAINTY;REL_CTX003_CROSS_CONTEXT_REPLICATION;REL_CTX003_EV_PREPARATION_INDEPENDENCE;REL_CTX003_MODEL_DIAGNOSTICS;REL_CTX003_PAIRING_CERTAINTY;REL_CTX003_PATHWAY_EVIDENCE;REL_CTX003_PHENOTYPE_SUPPORT;REL_CTX003_RECIPIENT_DONOR_INDEPENDENCE;REL_CTX003_SAMPLE_QC;REL_CTX003_SENSITIVITY_STABILITY;REL_CTX003_STUDY_INDEPENDENCE,EXP003-C4,data/metadata/skinexo_response_components.csv;reports/EXP003_C4_third_context_pathway_test.md
CTX003,P,P074,INACTIVE,1.5610212076119596,0.2131219490228319,GOBP_T_CELL_PROLIFERATION,OBSERVED_NULL,1,0,TRANSCRIPTOME,ANC_CTX003_P_CCK8,NOT_APPLICABLE,REL_CTX003_ANNOTATION_CERTAINTY;REL_CTX003_BATCH_ADJUSTMENT;REL_CTX003_CONTROL_CERTAINTY;REL_CTX003_CROSS_CONTEXT_REPLICATION;REL_CTX003_EV_PREPARATION_INDEPENDENCE;REL_CTX003_MODEL_DIAGNOSTICS;REL_CTX003_PAIRING_CERTAINTY;REL_CTX003_PATHWAY_EVIDENCE;REL_CTX003_PHENOTYPE_SUPPORT;REL_CTX003_RECIPIENT_DONOR_INDEPENDENCE;REL_CTX003_SAMPLE_QC;REL_CTX003_SENSITIVITY_STABILITY;REL_CTX003_STUDY_INDEPENDENCE,EXP003-C4,data/metadata/skinexo_response_components.csv;reports/EXP003_C4_third_context_pathway_test.md
CTX003,P,P075,INACTIVE,1.707342283182632,0.1343303764310801,GOBP_VASCULAR_ENDOTHELIAL_CELL_PROLIFERATION,OBSERVED_NULL,1,0,TRANSCRIPTOME,ANC_CTX003_P_CCK8,NOT_APPLICABLE,REL_CTX003_ANNOTATION_CERTAINTY;REL_CTX003_BATCH_ADJUSTMENT;REL_CTX003_CONTROL_CERTAINTY;REL_CTX003_CROSS_CONTEXT_REPLICATION;REL_CTX003_EV_PREPARATION_INDEPENDENCE;REL_CTX003_MODEL_DIAGNOSTICS;REL_CTX003_PAIRING_CERTAINTY;REL_CTX003_PATHWAY_EVIDENCE;REL_CTX003_PHENOTYPE_SUPPORT;REL_CTX003_RECIPIENT_DONOR_INDEPENDENCE;REL_CTX003_SAMPLE_QC;REL_CTX003_SENSITIVITY_STABILITY;REL_CTX003_STUDY_INDEPENDENCE,EXP003-C4,data/metadata/skinexo_response_components.csv;reports/EXP003_C4_third_context_pathway_test.md
CTX003,P,P076,INACTIVE,0.7365913568475904,1.0,HALLMARK_E2F_TARGETS,OBSERVED_NULL,1,0,TRANSCRIPTOME,ANC_CTX003_P_CCK8,NOT_APPLICABLE,REL_CTX003_ANNOTATION_CERTAINTY;REL_CTX003_BATCH_ADJUSTMENT;REL_CTX003_CONTROL_CERTAINTY;REL_CTX003_CROSS_CONTEXT_REPLICATION;REL_CTX003_EV_PREPARATION_INDEPENDENCE;REL_CTX003_MODEL_DIAGNOSTICS;REL_CTX003_PAIRING_CERTAINTY;REL_CTX003_PATHWAY_EVIDENCE;REL_CTX003_PHENOTYPE_SUPPORT;REL_CTX003_RECIPIENT_DONOR_INDEPENDENCE;REL_CTX003_SAMPLE_QC;REL_CTX003_SENSITIVITY_STABILITY;REL_CTX003_STUDY_INDEPENDENCE,EXP003-C4,data/metadata/skinexo_response_components.csv;reports/EXP003_C4_third_context_pathway_test.md
CTX003,P,P077,INACTIVE,1.038737000438514,0.7050305056296673,HALLMARK_G2M_CHECKPOINT,OBSERVED_NULL,1,0,TRANSCRIPTOME,ANC_CTX003_P_CCK8,NOT_APPLICABLE,REL_CTX003_ANNOTATION_CERTAINTY;REL_CTX003_BATCH_ADJUSTMENT;REL_CTX003_CONTROL_CERTAINTY;REL_CTX003_CROSS_CONTEXT_REPLICATION;REL_CTX003_EV_PREPARATION_INDEPENDENCE;REL_CTX003_MODEL_DIAGNOSTICS;REL_CTX003_PAIRING_CERTAINTY;REL_CTX003_PATHWAY_EVIDENCE;REL_CTX003_PHENOTYPE_SUPPORT;REL_CTX003_RECIPIENT_DONOR_INDEPENDENCE;REL_CTX003_SAMPLE_QC;REL_CTX003_SENSITIVITY_STABILITY;REL_CTX003_STUDY_INDEPENDENCE,EXP003-C4,data/metadata/skinexo_response_components.csv;reports/EXP003_C4_third_context_pathway_test.md
CTX003,P,P078,INACTIVE,0.8776606012025583,0.8999984177858272,HALLMARK_MITOTIC_SPINDLE,OBSERVED_NULL,1,0,TRANSCRIPTOME,ANC_CTX003_P_CCK8,NOT_APPLICABLE,REL_CTX003_ANNOTATION_CERTAINTY;REL_CTX003_BATCH_ADJUSTMENT;REL_CTX003_CONTROL_CERTAINTY;REL_CTX003_CROSS_CONTEXT_REPLICATION;REL_CTX003_EV_PREPARATION_INDEPENDENCE;REL_CTX003_MODEL_DIAGNOSTICS;REL_CTX003_PAIRING_CERTAINTY;REL_CTX003_PATHWAY_EVIDENCE;REL_CTX003_PHENOTYPE_SUPPORT;REL_CTX003_RECIPIENT_DONOR_INDEPENDENCE;REL_CTX003_SAMPLE_QC;REL_CTX003_SENSITIVITY_STABILITY;REL_CTX003_STUDY_INDEPENDENCE,EXP003-C4,data/metadata/skinexo_response_components.csv;reports/EXP003_C4_third_context_pathway_test.md
CTX003,P,P079,INACTIVE,0.8000436068214607,0.9681794352637212,REACTOME_DISEASES_OF_MITOTIC_CELL_CYCLE,OBSERVED_NULL,1,0,TRANSCRIPTOME,ANC_CTX003_P_CCK8,NOT_APPLICABLE,REL_CTX003_ANNOTATION_CERTAINTY;REL_CTX003_BATCH_ADJUSTMENT;REL_CTX003_CONTROL_CERTAINTY;REL_CTX003_CROSS_CONTEXT_REPLICATION;REL_CTX003_EV_PREPARATION_INDEPENDENCE;REL_CTX003_MODEL_DIAGNOSTICS;REL_CTX003_PAIRING_CERTAINTY;REL_CTX003_PATHWAY_EVIDENCE;REL_CTX003_PHENOTYPE_SUPPORT;REL_CTX003_RECIPIENT_DONOR_INDEPENDENCE;REL_CTX003_SAMPLE_QC;REL_CTX003_SENSITIVITY_STABILITY;REL_CTX003_STUDY_INDEPENDENCE,EXP003-C4,data/metadata/skinexo_response_components.csv;reports/EXP003_C4_third_context_pathway_test.md
CTX003,P,P080,INACTIVE,0.9965221257210698,0.7534603434821323,REACTOME_ABERRANT_REGULATION_OF_MITOTIC_G1_S_TRANSITION_IN_CANCER_DUE_TO_RB1_DEFECTS,OBSERVED_NULL,1,0,TRANSCRIPTOME,ANC_CTX003_P_CCK8,NOT_APPLICABLE,REL_CTX003_ANNOTATION_CERTAINTY;REL_CTX003_BATCH_ADJUSTMENT;REL_CTX003_CONTROL_CERTAINTY;REL_CTX003_CROSS_CONTEXT_REPLICATION;REL_CTX003_EV_PREPARATION_INDEPENDENCE;REL_CTX003_MODEL_DIAGNOSTICS;REL_CTX003_PAIRING_CERTAINTY;REL_CTX003_PATHWAY_EVIDENCE;REL_CTX003_PHENOTYPE_SUPPORT;REL_CTX003_RECIPIENT_DONOR_INDEPENDENCE;REL_CTX003_SAMPLE_QC;REL_CTX003_SENSITIVITY_STABILITY;REL_CTX003_STUDY_INDEPENDENCE,EXP003-C4,data/metadata/skinexo_response_components.csv;reports/EXP003_C4_third_context_pathway_test.md
CTX003,P,P081,INACTIVE,0.3442575669357589,0.9999626119305328,REACTOME_FBXL7_DOWN_REGULATES_AURKA_DURING_MITOTIC_ENTRY_AND_IN_EARLY_MITOSIS,OBSERVED_NULL,1,0,TRANSCRIPTOME,ANC_CTX003_P_CCK8,NOT_APPLICABLE,REL_CTX003_ANNOTATION_CERTAINTY;REL_CTX003_BATCH_ADJUSTMENT;REL_CTX003_CONTROL_CERTAINTY;REL_CTX003_CROSS_CONTEXT_REPLICATION;REL_CTX003_EV_PREPARATION_INDEPENDENCE;REL_CTX003_MODEL_DIAGNOSTICS;REL_CTX003_PAIRING_CERTAINTY;REL_CTX003_PATHWAY_EVIDENCE;REL_CTX003_PHENOTYPE_SUPPORT;REL_CTX003_RECIPIENT_DONOR_INDEPENDENCE;REL_CTX003_SAMPLE_QC;REL_CTX003_SENSITIVITY_STABILITY;REL_CTX003_STUDY_INDEPENDENCE,EXP003-C4,data/metadata/skinexo_response_components.csv;reports/EXP003_C4_third_context_pathway_test.md
CTX003,P,P082,INACTIVE,-0.8073940767437783,1.0,REACTOME_CELL_CYCLE_CHECKPOINTS,OBSERVED_NULL,1,0,TRANSCRIPTOME,ANC_CTX003_P_CCK8,NOT_APPLICABLE,REL_CTX003_ANNOTATION_CERTAINTY;REL_CTX003_BATCH_ADJUSTMENT;REL_CTX003_CONTROL_CERTAINTY;REL_CTX003_CROSS_CONTEXT_REPLICATION;REL_CTX003_EV_PREPARATION_INDEPENDENCE;REL_CTX003_MODEL_DIAGNOSTICS;REL_CTX003_PAIRING_CERTAINTY;REL_CTX003_PATHWAY_EVIDENCE;REL_CTX003_PHENOTYPE_SUPPORT;REL_CTX003_RECIPIENT_DONOR_INDEPENDENCE;REL_CTX003_SAMPLE_QC;REL_CTX003_SENSITIVITY_STABILITY;REL_CTX003_STUDY_INDEPENDENCE,EXP003-C4,data/metadata/skinexo_response_components.csv;reports/EXP003_C4_third_context_pathway_test.md
CTX003,P,P083,INACTIVE,0.6901340210791411,1.0,REACTOME_DNA_REPLICATION_PRE_INITIATION,OBSERVED_NULL,1,0,TRANSCRIPTOME,ANC_CTX003_P_CCK8,NOT_APPLICABLE,REL_CTX003_ANNOTATION_CERTAINTY;REL_CTX003_BATCH_ADJUSTMENT;REL_CTX003_CONTROL_CERTAINTY;REL_CTX003_CROSS_CONTEXT_REPLICATION;REL_CTX003_EV_PREPARATION_INDEPENDENCE;REL_CTX003_MODEL_DIAGNOSTICS;REL_CTX003_PAIRING_CERTAINTY;REL_CTX003_PATHWAY_EVIDENCE;REL_CTX003_PHENOTYPE_SUPPORT;REL_CTX003_RECIPIENT_DONOR_INDEPENDENCE;REL_CTX003_SAMPLE_QC;REL_CTX003_SENSITIVITY_STABILITY;REL_CTX003_STUDY_INDEPENDENCE,EXP003-C4,data/metadata/skinexo_response_components.csv;reports/EXP003_C4_third_context_pathway_test.md
CTX003,P,P084,INACTIVE,1.243649323003096,0.4569157440140222,REACTOME_E2F_MEDIATED_REGULATION_OF_DNA_REPLICATION,OBSERVED_NULL,1,0,TRANSCRIPTOME,ANC_CTX003_P_CCK8,NOT_APPLICABLE,REL_CTX003_ANNOTATION_CERTAINTY;REL_CTX003_BATCH_ADJUSTMENT;REL_CTX003_CONTROL_CERTAINTY;REL_CTX003_CROSS_CONTEXT_REPLICATION;REL_CTX003_EV_PREPARATION_INDEPENDENCE;REL_CTX003_MODEL_DIAGNOSTICS;REL_CTX003_PAIRING_CERTAINTY;REL_CTX003_PATHWAY_EVIDENCE;REL_CTX003_PHENOTYPE_SUPPORT;REL_CTX003_RECIPIENT_DONOR_INDEPENDENCE;REL_CTX003_SAMPLE_QC;REL_CTX003_SENSITIVITY_STABILITY;REL_CTX003_STUDY_INDEPENDENCE,EXP003-C4,data/metadata/skinexo_response_components.csv;reports/EXP003_C4_third_context_pathway_test.md
CTX003,P,P085,INACTIVE,0.7766719505489528,0.9856510846316402,REACTOME_FOXO_MEDIATED_TRANSCRIPTION_OF_CELL_CYCLE_GENES,OBSERVED_NULL,1,0,TRANSCRIPTOME,ANC_CTX003_P_CCK8,NOT_APPLICABLE,REL_CTX003_ANNOTATION_CERTAINTY;REL_CTX003_BATCH_ADJUSTMENT;REL_CTX003_CONTROL_CERTAINTY;REL_CTX003_CROSS_CONTEXT_REPLICATION;REL_CTX003_EV_PREPARATION_INDEPENDENCE;REL_CTX003_MODEL_DIAGNOSTICS;REL_CTX003_PAIRING_CERTAINTY;REL_CTX003_PATHWAY_EVIDENCE;REL_CTX003_PHENOTYPE_SUPPORT;REL_CTX003_RECIPIENT_DONOR_INDEPENDENCE;REL_CTX003_SAMPLE_QC;REL_CTX003_SENSITIVITY_STABILITY;REL_CTX003_STUDY_INDEPENDENCE,EXP003-C4,data/metadata/skinexo_response_components.csv;reports/EXP003_C4_third_context_pathway_test.md
CTX003,P,P086,INACTIVE,0.7587085962957082,0.992899114755592,REACTOME_MEIOSIS,OBSERVED_NULL,1,0,TRANSCRIPTOME,ANC_CTX003_P_CCK8,NOT_APPLICABLE,REL_CTX003_ANNOTATION_CERTAINTY;REL_CTX003_BATCH_ADJUSTMENT;REL_CTX003_CONTROL_CERTAINTY;REL_CTX003_CROSS_CONTEXT_REPLICATION;REL_CTX003_EV_PREPARATION_INDEPENDENCE;REL_CTX003_MODEL_DIAGNOSTICS;REL_CTX003_PAIRING_CERTAINTY;REL_CTX003_PATHWAY_EVIDENCE;REL_CTX003_PHENOTYPE_SUPPORT;REL_CTX003_RECIPIENT_DONOR_INDEPENDENCE;REL_CTX003_SAMPLE_QC;REL_CTX003_SENSITIVITY_STABILITY;REL_CTX003_STUDY_INDEPENDENCE,EXP003-C4,data/metadata/skinexo_response_components.csv;reports/EXP003_C4_third_context_pathway_test.md
CTX003,P,P087,INACTIVE,1.0947624371997695,0.6391274244011533,REACTOME_MITOTIC_G1_PHASE_AND_G1_S_TRANSITION,OBSERVED_NULL,1,0,TRANSCRIPTOME,ANC_CTX003_P_CCK8,NOT_APPLICABLE,REL_CTX003_ANNOTATION_CERTAINTY;REL_CTX003_BATCH_ADJUSTMENT;REL_CTX003_CONTROL_CERTAINTY;REL_CTX003_CROSS_CONTEXT_REPLICATION;REL_CTX003_EV_PREPARATION_INDEPENDENCE;REL_CTX003_MODEL_DIAGNOSTICS;REL_CTX003_PAIRING_CERTAINTY;REL_CTX003_PATHWAY_EVIDENCE;REL_CTX003_PHENOTYPE_SUPPORT;REL_CTX003_RECIPIENT_DONOR_INDEPENDENCE;REL_CTX003_SAMPLE_QC;REL_CTX003_SENSITIVITY_STABILITY;REL_CTX003_STUDY_INDEPENDENCE,EXP003-C4,data/metadata/skinexo_response_components.csv;reports/EXP003_C4_third_context_pathway_test.md
CTX003,P,P088,INACTIVE,-0.746156178988524,1.0,REACTOME_MITOTIC_G2_G2_M_PHASES,OBSERVED_NULL,1,0,TRANSCRIPTOME,ANC_CTX003_P_CCK8,NOT_APPLICABLE,REL_CTX003_ANNOTATION_CERTAINTY;REL_CTX003_BATCH_ADJUSTMENT;REL_CTX003_CONTROL_CERTAINTY;REL_CTX003_CROSS_CONTEXT_REPLICATION;REL_CTX003_EV_PREPARATION_INDEPENDENCE;REL_CTX003_MODEL_DIAGNOSTICS;REL_CTX003_PAIRING_CERTAINTY;REL_CTX003_PATHWAY_EVIDENCE;REL_CTX003_PHENOTYPE_SUPPORT;REL_CTX003_RECIPIENT_DONOR_INDEPENDENCE;REL_CTX003_SAMPLE_QC;REL_CTX003_SENSITIVITY_STABILITY;REL_CTX003_STUDY_INDEPENDENCE,EXP003-C4,data/metadata/skinexo_response_components.csv;reports/EXP003_C4_third_context_pathway_test.md
CTX003,P,P089,INACTIVE,-0.6950715544082495,1.0,REACTOME_MITOTIC_METAPHASE_AND_ANAPHASE,OBSERVED_NULL,1,0,TRANSCRIPTOME,ANC_CTX003_P_CCK8,NOT_APPLICABLE,REL_CTX003_ANNOTATION_CERTAINTY;REL_CTX003_BATCH_ADJUSTMENT;REL_CTX003_CONTROL_CERTAINTY;REL_CTX003_CROSS_CONTEXT_REPLICATION;REL_CTX003_EV_PREPARATION_INDEPENDENCE;REL_CTX003_MODEL_DIAGNOSTICS;REL_CTX003_PAIRING_CERTAINTY;REL_CTX003_PATHWAY_EVIDENCE;REL_CTX003_PHENOTYPE_SUPPORT;REL_CTX003_RECIPIENT_DONOR_INDEPENDENCE;REL_CTX003_SAMPLE_QC;REL_CTX003_SENSITIVITY_STABILITY;REL_CTX003_STUDY_INDEPENDENCE,EXP003-C4,data/metadata/skinexo_response_components.csv;reports/EXP003_C4_third_context_pathway_test.md
CTX003,P,P090,INACTIVE,-1.199839494265326,0.9646200162240152,REACTOME_MITOTIC_PROMETAPHASE,OBSERVED_NULL,1,0,TRANSCRIPTOME,ANC_CTX003_P_CCK8,NOT_APPLICABLE,REL_CTX003_ANNOTATION_CERTAINTY;REL_CTX003_BATCH_ADJUSTMENT;REL_CTX003_CONTROL_CERTAINTY;REL_CTX003_CROSS_CONTEXT_REPLICATION;REL_CTX003_EV_PREPARATION_INDEPENDENCE;REL_CTX003_MODEL_DIAGNOSTICS;REL_CTX003_PAIRING_CERTAINTY;REL_CTX003_PATHWAY_EVIDENCE;REL_CTX003_PHENOTYPE_SUPPORT;REL_CTX003_RECIPIENT_DONOR_INDEPENDENCE;REL_CTX003_SAMPLE_QC;REL_CTX003_SENSITIVITY_STABILITY;REL_CTX003_STUDY_INDEPENDENCE,EXP003-C4,data/metadata/skinexo_response_components.csv;reports/EXP003_C4_third_context_pathway_test.md
CTX003,P,P091,INACTIVE,0.97695856354201,0.7758913067756839,REACTOME_MITOTIC_PROPHASE,OBSERVED_NULL,1,0,TRANSCRIPTOME,ANC_CTX003_P_CCK8,NOT_APPLICABLE,REL_CTX003_ANNOTATION_CERTAINTY;REL_CTX003_BATCH_ADJUSTMENT;REL_CTX003_CONTROL_CERTAINTY;REL_CTX003_CROSS_CONTEXT_REPLICATION;REL_CTX003_EV_PREPARATION_INDEPENDENCE;REL_CTX003_MODEL_DIAGNOSTICS;REL_CTX003_PAIRING_CERTAINTY;REL_CTX003_PATHWAY_EVIDENCE;REL_CTX003_PHENOTYPE_SUPPORT;REL_CTX003_RECIPIENT_DONOR_INDEPENDENCE;REL_CTX003_SAMPLE_QC;REL_CTX003_SENSITIVITY_STABILITY;REL_CTX003_STUDY_INDEPENDENCE,EXP003-C4,data/metadata/skinexo_response_components.csv;reports/EXP003_C4_third_context_pathway_test.md
CTX003,P,P092,INACTIVE,-1.2778798627168109,0.857704385668889,REACTOME_MITOTIC_SPINDLE_CHECKPOINT,OBSERVED_NULL,1,0,TRANSCRIPTOME,ANC_CTX003_P_CCK8,NOT_APPLICABLE,REL_CTX003_ANNOTATION_CERTAINTY;REL_CTX003_BATCH_ADJUSTMENT;REL_CTX003_CONTROL_CERTAINTY;REL_CTX003_CROSS_CONTEXT_REPLICATION;REL_CTX003_EV_PREPARATION_INDEPENDENCE;REL_CTX003_MODEL_DIAGNOSTICS;REL_CTX003_PAIRING_CERTAINTY;REL_CTX003_PATHWAY_EVIDENCE;REL_CTX003_PHENOTYPE_SUPPORT;REL_CTX003_RECIPIENT_DONOR_INDEPENDENCE;REL_CTX003_SAMPLE_QC;REL_CTX003_SENSITIVITY_STABILITY;REL_CTX003_STUDY_INDEPENDENCE,EXP003-C4,data/metadata/skinexo_response_components.csv;reports/EXP003_C4_third_context_pathway_test.md
CTX003,P,P093,INACTIVE,1.3072710694082357,0.3923417945680505,REACTOME_POSTMITOTIC_NUCLEAR_PORE_COMPLEX_NPC_REFORMATION,OBSERVED_NULL,1,0,TRANSCRIPTOME,ANC_CTX003_P_CCK8,NOT_APPLICABLE,REL_CTX003_ANNOTATION_CERTAINTY;REL_CTX003_BATCH_ADJUSTMENT;REL_CTX003_CONTROL_CERTAINTY;REL_CTX003_CROSS_CONTEXT_REPLICATION;REL_CTX003_EV_PREPARATION_INDEPENDENCE;REL_CTX003_MODEL_DIAGNOSTICS;REL_CTX003_PAIRING_CERTAINTY;REL_CTX003_PATHWAY_EVIDENCE;REL_CTX003_PHENOTYPE_SUPPORT;REL_CTX003_RECIPIENT_DONOR_INDEPENDENCE;REL_CTX003_SAMPLE_QC;REL_CTX003_SENSITIVITY_STABILITY;REL_CTX003_STUDY_INDEPENDENCE,EXP003-C4,data/metadata/skinexo_response_components.csv;reports/EXP003_C4_third_context_pathway_test.md
CTX003,P,P094,INACTIVE,-1.341122638939316,0.7344588704182455,REACTOME_RECRUITMENT_OF_MITOTIC_CENTROSOME_PROTEINS_AND_COMPLEXES,OBSERVED_NULL,1,0,TRANSCRIPTOME,ANC_CTX003_P_CCK8,NOT_APPLICABLE,REL_CTX003_ANNOTATION_CERTAINTY;REL_CTX003_BATCH_ADJUSTMENT;REL_CTX003_CONTROL_CERTAINTY;REL_CTX003_CROSS_CONTEXT_REPLICATION;REL_CTX003_EV_PREPARATION_INDEPENDENCE;REL_CTX003_MODEL_DIAGNOSTICS;REL_CTX003_PAIRING_CERTAINTY;REL_CTX003_PATHWAY_EVIDENCE;REL_CTX003_PHENOTYPE_SUPPORT;REL_CTX003_RECIPIENT_DONOR_INDEPENDENCE;REL_CTX003_SAMPLE_QC;REL_CTX003_SENSITIVITY_STABILITY;REL_CTX003_STUDY_INDEPENDENCE,EXP003-C4,data/metadata/skinexo_response_components.csv;reports/EXP003_C4_third_context_pathway_test.md
CTX003,P,P095,INACTIVE,-1.0291224273622457,1.0,REACTOME_REGULATION_OF_MITF_M_DEPENDENT_GENES_INVOLVED_IN_CELL_CYCLE_AND_PROLIFERATION,OBSERVED_NULL,1,0,TRANSCRIPTOME,ANC_CTX003_P_CCK8,NOT_APPLICABLE,REL_CTX003_ANNOTATION_CERTAINTY;REL_CTX003_BATCH_ADJUSTMENT;REL_CTX003_CONTROL_CERTAINTY;REL_CTX003_CROSS_CONTEXT_REPLICATION;REL_CTX003_EV_PREPARATION_INDEPENDENCE;REL_CTX003_MODEL_DIAGNOSTICS;REL_CTX003_PAIRING_CERTAINTY;REL_CTX003_PATHWAY_EVIDENCE;REL_CTX003_PHENOTYPE_SUPPORT;REL_CTX003_RECIPIENT_DONOR_INDEPENDENCE;REL_CTX003_SAMPLE_QC;REL_CTX003_SENSITIVITY_STABILITY;REL_CTX003_STUDY_INDEPENDENCE,EXP003-C4,data/metadata/skinexo_response_components.csv;reports/EXP003_C4_third_context_pathway_test.md
CTX003,P,P096,INACTIVE,0.7350432233731895,1.0,REACTOME_SUMOYLATION_OF_DNA_REPLICATION_PROTEINS,OBSERVED_NULL,1,0,TRANSCRIPTOME,ANC_CTX003_P_CCK8,NOT_APPLICABLE,REL_CTX003_ANNOTATION_CERTAINTY;REL_CTX003_BATCH_ADJUSTMENT;REL_CTX003_CONTROL_CERTAINTY;REL_CTX003_CROSS_CONTEXT_REPLICATION;REL_CTX003_EV_PREPARATION_INDEPENDENCE;REL_CTX003_MODEL_DIAGNOSTICS;REL_CTX003_PAIRING_CERTAINTY;REL_CTX003_PATHWAY_EVIDENCE;REL_CTX003_PHENOTYPE_SUPPORT;REL_CTX003_RECIPIENT_DONOR_INDEPENDENCE;REL_CTX003_SAMPLE_QC;REL_CTX003_SENSITIVITY_STABILITY;REL_CTX003_STUDY_INDEPENDENCE,EXP003-C4,data/metadata/skinexo_response_components.csv;reports/EXP003_C4_third_context_pathway_test.md
CTX003,P,P097,INACTIVE,0.9405173299777534,0.8255872310651163,REACTOME_TP53_REGULATES_TRANSCRIPTION_OF_ADDITIONAL_CELL_CYCLE_GENES_WHOSE_EXACT_ROLE_IN_THE_P53_PATHWAY_REMAIN_UNCERTAIN,OBSERVED_NULL,1,0,TRANSCRIPTOME,ANC_CTX003_P_CCK8,NOT_APPLICABLE,REL_CTX003_ANNOTATION_CERTAINTY;REL_CTX003_BATCH_ADJUSTMENT;REL_CTX003_CONTROL_CERTAINTY;REL_CTX003_CROSS_CONTEXT_REPLICATION;REL_CTX003_EV_PREPARATION_INDEPENDENCE;REL_CTX003_MODEL_DIAGNOSTICS;REL_CTX003_PAIRING_CERTAINTY;REL_CTX003_PATHWAY_EVIDENCE;REL_CTX003_PHENOTYPE_SUPPORT;REL_CTX003_RECIPIENT_DONOR_INDEPENDENCE;REL_CTX003_SAMPLE_QC;REL_CTX003_SENSITIVITY_STABILITY;REL_CTX003_STUDY_INDEPENDENCE,EXP003-C4,data/metadata/skinexo_response_components.csv;reports/EXP003_C4_third_context_pathway_test.md
CTX003,P,P098,INACTIVE,1.0286308830801394,0.7123413463349071,REACTOME_TP53_REGULATES_TRANSCRIPTION_OF_CELL_CYCLE_GENES,OBSERVED_NULL,1,0,TRANSCRIPTOME,ANC_CTX003_P_CCK8,NOT_APPLICABLE,REL_CTX003_ANNOTATION_CERTAINTY;REL_CTX003_BATCH_ADJUSTMENT;REL_CTX003_CONTROL_CERTAINTY;REL_CTX003_CROSS_CONTEXT_REPLICATION;REL_CTX003_EV_PREPARATION_INDEPENDENCE;REL_CTX003_MODEL_DIAGNOSTICS;REL_CTX003_PAIRING_CERTAINTY;REL_CTX003_PATHWAY_EVIDENCE;REL_CTX003_PHENOTYPE_SUPPORT;REL_CTX003_RECIPIENT_DONOR_INDEPENDENCE;REL_CTX003_SAMPLE_QC;REL_CTX003_SENSITIVITY_STABILITY;REL_CTX003_STUDY_INDEPENDENCE,EXP003-C4,data/metadata/skinexo_response_components.csv;reports/EXP003_C4_third_context_pathway_test.md
CTX003,P,P099,INACTIVE,0.8261686164752652,0.955404876741466,REACTOME_TP53_REGULATES_TRANSCRIPTION_OF_GENES_INVOLVED_IN_G2_CELL_CYCLE_ARREST,OBSERVED_NULL,1,0,TRANSCRIPTOME,ANC_CTX003_P_CCK8,NOT_APPLICABLE,REL_CTX003_ANNOTATION_CERTAINTY;REL_CTX003_BATCH_ADJUSTMENT;REL_CTX003_CONTROL_CERTAINTY;REL_CTX003_CROSS_CONTEXT_REPLICATION;REL_CTX003_EV_PREPARATION_INDEPENDENCE;REL_CTX003_MODEL_DIAGNOSTICS;REL_CTX003_PAIRING_CERTAINTY;REL_CTX003_PATHWAY_EVIDENCE;REL_CTX003_PHENOTYPE_SUPPORT;REL_CTX003_RECIPIENT_DONOR_INDEPENDENCE;REL_CTX003_SAMPLE_QC;REL_CTX003_SENSITIVITY_STABILITY;REL_CTX003_STUDY_INDEPENDENCE,EXP003-C4,data/metadata/skinexo_response_components.csv;reports/EXP003_C4_third_context_pathway_test.md
CTX003,P,P100,INACTIVE,-0.772331239970371,1.0,REACTOME_VEGFR2_MEDIATED_CELL_PROLIFERATION,OBSERVED_NULL,1,0,TRANSCRIPTOME,ANC_CTX003_P_CCK8,NOT_APPLICABLE,REL_CTX003_ANNOTATION_CERTAINTY;REL_CTX003_BATCH_ADJUSTMENT;REL_CTX003_CONTROL_CERTAINTY;REL_CTX003_CROSS_CONTEXT_REPLICATION;REL_CTX003_EV_PREPARATION_INDEPENDENCE;REL_CTX003_MODEL_DIAGNOSTICS;REL_CTX003_PAIRING_CERTAINTY;REL_CTX003_PATHWAY_EVIDENCE;REL_CTX003_PHENOTYPE_SUPPORT;REL_CTX003_RECIPIENT_DONOR_INDEPENDENCE;REL_CTX003_SAMPLE_QC;REL_CTX003_SENSITIVITY_STABILITY;REL_CTX003_STUDY_INDEPENDENCE,EXP003-C4,data/metadata/skinexo_response_components.csv;reports/EXP003_C4_third_context_pathway_test.md
