component_entry_id,component_id,context_id,axis,mapped_term_ids,qualified_term_ids,direction,evidence_status,term_evidence_json,sensitivity_direction,sensitivity_qualified_term_ids,evidence_layer,source_checkpoint
CTX003_P001,P001,CTX003,P,GOBP_ACTIVATED_T_CELL_PROLIFERATION,,INACTIVE,OBSERVED_NULL,"[{""term_id"":""GOBP_ACTIVATED_T_CELL_PROLIFERATION"",""eligible"":true,""NES"":-0.9473080138760176,""FDR"":1.0,""leading_edge_n"":3,""qualified"":false}]",NOT_APPLICABLE,,TRANSCRIPTOME,EXP003-C4
CTX003_P002,P002,CTX003,P,GOBP_ALPHA_BETA_T_CELL_PROLIFERATION,,INACTIVE,OBSERVED_NULL,"[{""term_id"":""GOBP_ALPHA_BETA_T_CELL_PROLIFERATION"",""eligible"":true,""NES"":1.722692659241338,""FDR"":0.1283176179438588,""leading_edge_n"":4,""qualified"":false}]",NOT_APPLICABLE,,TRANSCRIPTOME,EXP003-C4
CTX003_P003,P003,CTX003,P,GOBP_ATTACHMENT_OF_MITOTIC_SPINDLE_MICROTUBULES_TO_KINETOCHORE,,INACTIVE,OBSERVED_NULL,"[{""term_id"":""GOBP_ATTACHMENT_OF_MITOTIC_SPINDLE_MICROTUBULES_TO_KINETOCHORE"",""eligible"":true,""NES"":-1.327525337186808,""FDR"":0.7475678554488935,""leading_edge_n"":3,""qualified"":false}]",NOT_APPLICABLE,,TRANSCRIPTOME,EXP003-C4
CTX003_P004,P004,CTX003,P,GOBP_ATTACHMENT_OF_SPINDLE_MICROTUBULES_TO_KINETOCHORE,,INACTIVE,OBSERVED_NULL,"[{""term_id"":""GOBP_ATTACHMENT_OF_SPINDLE_MICROTUBULES_TO_KINETOCHORE"",""eligible"":true,""NES"":-1.3302188603514036,""FDR"":0.7448690882008309,""leading_edge_n"":6,""qualified"":false}]",NOT_APPLICABLE,,TRANSCRIPTOME,EXP003-C4
CTX003_P005,P005,CTX003,P,GOBP_BLOOD_VESSEL_ENDOTHELIAL_CELL_PROLIFERATION_INVOLVED_IN_SPROUTING_ANGIOGENESIS,,INACTIVE,OBSERVED_NULL,"[{""term_id"":""GOBP_BLOOD_VESSEL_ENDOTHELIAL_CELL_PROLIFERATION_INVOLVED_IN_SPROUTING_ANGIOGENESIS"",""eligible"":true,""NES"":0.8027530283455643,""FDR"":0.9660210840654228,""leading_edge_n"":2,""qualified"":false}]",NOT_APPLICABLE,,TRANSCRIPTOME,EXP003-C4
CTX003_P006,P006,CTX003,P,GOBP_B_CELL_PROLIFERATION;GOBP_POSITIVE_REGULATION_OF_B_CELL_PROLIFERATION;GOBP_REGULATION_OF_B_CELL_PROLIFERATION,,INACTIVE,OBSERVED_NULL,"[{""term_id"":""GOBP_B_CELL_PROLIFERATION"",""eligible"":true,""NES"":1.9193642985938484,""FDR"":0.076583954015061,""leading_edge_n"":13,""qualified"":false},{""term_id"":""GOBP_POSITIVE_REGULATION_OF_B_CELL_PROLIFERATION"",""eligible"":true,""NES"":1.3729485201737428,""FDR"":0.3417435760978622,""leading_edge_n"":11,""qualified"":false},{""term_id"":""GOBP_REGULATION_OF_B_CELL_PROLIFERATION"",""eligible"":true,""NES"":1.620704556880616,""FDR"":0.172528750698007,""leading_edge_n"":14,""qualified"":false}]",NOT_APPLICABLE,,TRANSCRIPTOME,EXP003-C4
CTX003_P007,P007,CTX003,P,GOBP_CARDIAC_MUSCLE_CELL_PROLIFERATION;GOBP_POSITIVE_REGULATION_OF_CARDIAC_MUSCLE_CELL_PROLIFERATION;GOBP_REGULATION_OF_CARDIAC_MUSCLE_CELL_PROLIFERATION;GOBP_STRIATED_MUSCLE_CELL_PROLIFERATION,,INACTIVE,OBSERVED_NULL,"[{""term_id"":""GOBP_CARDIAC_MUSCLE_CELL_PROLIFERATION"",""eligible"":true,""NES"":1.0471145206928434,""FDR"":0.6921726899303285,""leading_edge_n"":13,""qualified"":false},{""term_id"":""GOBP_POSITIVE_REGULATION_OF_CARDIAC_MUSCLE_CELL_PROLIFERATION"",""eligible"":true,""NES"":0.9423153293995714,""FDR"":0.823972422860471,""leading_edge_n"":6,""qualified"":false},{""term_id"":""GOBP_REGULATION_OF_CARDIAC_MUSCLE_CELL_PROLIFERATION"",""eligible"":true,""NES"":1.0993820897289543,""FDR"":0.634338048827711,""leading_edge_n"":9,""qualified"":false},{""term_id"":""GOBP_STRIATED_MUSCLE_CELL_PROLIFERATION"",""eligible"":true,""NES"":1.1097559736859173,""FDR"":0.6228610332243073,""leading_edge_n"":18,""qualified"":false}]",NOT_APPLICABLE,,TRANSCRIPTOME,EXP003-C4
CTX003_P008,P008,CTX003,P,GOBP_CELL_CYCLE_CHECKPOINT_SIGNALING;GOBP_CELL_CYCLE_G1_S_PHASE_TRANSITION;GOBP_CELL_CYCLE_G2_M_PHASE_TRANSITION;GOBP_MITOTIC_CELL_CYCLE_CHECKPOINT_SIGNALING;GOBP_MITOTIC_CELL_CYCLE_PHASE_TRANSITION;GOBP_MITOTIC_DNA_INTEGRITY_CHECKPOINT_SIGNALING;GOBP_MITOTIC_G2_DNA_DAMAGE_CHECKPOINT_SIGNALING;GOBP_MITOTIC_G2_M_TRANSITION_CHECKPOINT;GOBP_NEGATIVE_REGULATION_OF_CELL_CYCLE;GOBP_NEGATIVE_REGULATION_OF_CELL_CYCLE_G2_M_PHASE_TRANSITION;GOBP_NEGATIVE_REGULATION_OF_CELL_CYCLE_PROCESS;GOBP_NEGATIVE_REGULATION_OF_MITOTIC_CELL_CYCLE;GOBP_NEGATIVE_REGULATION_OF_MITOTIC_CELL_CYCLE_PHASE_TRANSITION;GOBP_REGULATION_OF_CELL_CYCLE_G1_S_PHASE_TRANSITION;GOBP_REGULATION_OF_CELL_CYCLE_G2_M_PHASE_TRANSITION;GOBP_REGULATION_OF_CELL_CYCLE_PHASE_TRANSITION;GOBP_REGULATION_OF_MITOTIC_CELL_CYCLE;GOBP_REGULATION_OF_MITOTIC_CELL_CYCLE_PHASE_TRANSITION,,INACTIVE,OBSERVED_NULL,"[{""term_id"":""GOBP_CELL_CYCLE_CHECKPOINT_SIGNALING"",""eligible"":true,""NES"":-1.1302226826423527,""FDR"":0.9968539259631876,""leading_edge_n"":31,""qualified"":false},{""term_id"":""GOBP_CELL_CYCLE_G1_S_PHASE_TRANSITION"",""eligible"":true,""NES"":1.354139689760834,""FDR"":0.3561006582495575,""leading_edge_n"":47,""qualified"":false},{""term_id"":""GOBP_CELL_CYCLE_G2_M_PHASE_TRANSITION"",""eligible"":true,""NES"":-1.0603061931990965,""FDR"":1.0,""leading_edge_n"":35,""qualified"":false},{""term_id"":""GOBP_MITOTIC_CELL_CYCLE_CHECKPOINT_SIGNALING"",""eligible"":true,""NES"":-1.1905547918883843,""FDR"":0.9593670492730064,""leading_edge_n"":24,""qualified"":false},{""term_id"":""GOBP_MITOTIC_CELL_CYCLE_PHASE_TRANSITION"",""eligible"":true,""NES"":1.0247351121533632,""FDR"":0.7129354251741353,""leading_edge_n"":63,""qualified"":false},{""term_id"":""GOBP_MITOTIC_DNA_INTEGRITY_CHECKPOINT_SIGNALING"",""eligible"":true,""NES"":0.6958059924360422,""FDR"":1.0,""leading_edge_n"":28,""qualified"":false},{""term_id"":""GOBP_MITOTIC_G2_DNA_DAMAGE_CHECKPOINT_SIGNALING"",""eligible"":true,""NES"":-0.7107133323639186,""FDR"":1.0,""leading_edge_n"":7,""qualified"":false},{""term_id"":""GOBP_MITOTIC_G2_M_TRANSITION_CHECKPOINT"",""eligible"":true,""NES"":-0.8774579730411664,""FDR"":1.0,""leading_edge_n"":11,""qualified"":false},{""term_id"":""GOBP_NEGATIVE_REGULATION_OF_CELL_CYCLE"",""eligible"":true,""NES"":0.8781697445669835,""FDR"":0.8999039984417202,""leading_edge_n"":80,""qualified"":false},{""term_id"":""GOBP_NEGATIVE_REGULATION_OF_CELL_CYCLE_G2_M_PHASE_TRANSITION"",""eligible"":true,""NES"":-0.8641859185597442,""FDR"":1.0,""leading_edge_n"":15,""qualified"":false},{""term_id"":""GOBP_NEGATIVE_REGULATION_OF_CELL_CYCLE_PROCESS"",""eligible"":true,""NES"":0.87057947102154,""FDR"":0.9084518551406842,""leading_edge_n"":63,""qualified"":false},{""term_id"":""GOBP_NEGATIVE_REGULATION_OF_MITOTIC_CELL_CYCLE"",""eligible"":true,""NES"":0.9551957784784402,""FDR"":0.8055433655061466,""leading_edge_n"":31,""qualified"":false},{""term_id"":""GOBP_NEGATIVE_REGULATION_OF_MITOTIC_CELL_CYCLE_PHASE_TRANSITION"",""eligible"":true,""NES"":0.9960818742682164,""FDR"":0.7534739001877837,""leading_edge_n"":24,""qualified"":false},{""term_id"":""GOBP_REGULATION_OF_CELL_CYCLE_G1_S_PHASE_TRANSITION"",""eligible"":true,""NES"":1.471522161154694,""FDR"":0.2698709247106989,""leading_edge_n"":33,""qualified"":false},{""term_id"":""GOBP_REGULATION_OF_CELL_CYCLE_G2_M_PHASE_TRANSITION"",""eligible"":true,""NES"":-1.0998257181173088,""FDR"":1.0,""leading_edge_n"":28,""qualified"":false},{""term_id"":""GOBP_REGULATION_OF_CELL_CYCLE_PHASE_TRANSITION"",""eligible"":true,""NES"":0.924597171025494,""FDR"":0.8406398397936374,""leading_edge_n"":64,""qualified"":false},{""term_id"":""GOBP_REGULATION_OF_MITOTIC_CELL_CYCLE"",""eligible"":true,""NES"":0.948852278094256,""FDR"":0.8140608684204863,""leading_edge_n"":68,""qualified"":false},{""term_id"":""GOBP_REGULATION_OF_MITOTIC_CELL_CYCLE_PHASE_TRANSITION"",""eligible"":true,""NES"":1.033948032617822,""FDR"":0.7074910963185489,""leading_edge_n"":49,""qualified"":false}]",NOT_APPLICABLE,,TRANSCRIPTOME,EXP003-C4
CTX003_P009,P009,CTX003,P,GOBP_CELL_CYCLE_DNA_REPLICATION,,INACTIVE,OBSERVED_NULL,"[{""term_id"":""GOBP_CELL_CYCLE_DNA_REPLICATION"",""eligible"":true,""NES"":-0.8538152072800622,""FDR"":1.0,""leading_edge_n"":12,""qualified"":false}]",NOT_APPLICABLE,,TRANSCRIPTOME,EXP003-C4
CTX003_P010,P010,CTX003,P,GOBP_CELL_PROLIFERATION_INVOLVED_IN_HEART_MORPHOGENESIS,,INACTIVE,OBSERVED_NULL,"[{""term_id"":""GOBP_CELL_PROLIFERATION_INVOLVED_IN_HEART_MORPHOGENESIS"",""eligible"":true,""NES"":-1.081770095919428,""FDR"":1.0,""leading_edge_n"":7,""qualified"":false}]",NOT_APPLICABLE,,TRANSCRIPTOME,EXP003-C4
CTX003_P011,P011,CTX003,P,GOBP_CELL_PROLIFERATION_INVOLVED_IN_KIDNEY_DEVELOPMENT,,INACTIVE,OBSERVED_NULL,"[{""term_id"":""GOBP_CELL_PROLIFERATION_INVOLVED_IN_KIDNEY_DEVELOPMENT"",""eligible"":true,""NES"":-0.8259457444959912,""FDR"":1.0,""leading_edge_n"":6,""qualified"":false}]",NOT_APPLICABLE,,TRANSCRIPTOME,EXP003-C4
CTX003_P012,P012,CTX003,P,GOBP_CELL_PROLIFERATION_IN_FOREBRAIN,,INACTIVE,OBSERVED_NULL,"[{""term_id"":""GOBP_CELL_PROLIFERATION_IN_FOREBRAIN"",""eligible"":true,""NES"":0.5258513460357677,""FDR"":1.0,""leading_edge_n"":16,""qualified"":false}]",NOT_APPLICABLE,,TRANSCRIPTOME,EXP003-C4
CTX003_P013,P013,CTX003,P,GOBP_CHROMOSOME_ORGANIZATION_INVOLVED_IN_MEIOTIC_CELL_CYCLE;GOBP_HOMOLOGOUS_CHROMOSOME_PAIRING_AT_MEIOSIS;GOBP_HOMOLOGOUS_CHROMOSOME_SEGREGATION;GOBP_MEIOTIC_CHROMOSOME_SEGREGATION,,INACTIVE,OBSERVED_NULL,"[{""term_id"":""GOBP_CHROMOSOME_ORGANIZATION_INVOLVED_IN_MEIOTIC_CELL_CYCLE"",""eligible"":true,""NES"":1.1206638427050275,""FDR"":0.607662721102292,""leading_edge_n"":9,""qualified"":false},{""term_id"":""GOBP_HOMOLOGOUS_CHROMOSOME_PAIRING_AT_MEIOSIS"",""eligible"":true,""NES"":1.3294726618703758,""FDR"":0.375090051148274,""leading_edge_n"":8,""qualified"":false},{""term_id"":""GOBP_HOMOLOGOUS_CHROMOSOME_SEGREGATION"",""eligible"":true,""NES"":1.1358505617404768,""FDR"":0.5796544860617693,""leading_edge_n"":9,""qualified"":false},{""term_id"":""GOBP_MEIOTIC_CHROMOSOME_SEGREGATION"",""eligible"":true,""NES"":-0.8859179310501866,""FDR"":1.0,""leading_edge_n"":7,""qualified"":false}]",NOT_APPLICABLE,,TRANSCRIPTOME,EXP003-C4
CTX003_P014,P014,CTX003,P,GOBP_CHROMOSOME_SEGREGATION;GOBP_MITOTIC_NUCLEAR_DIVISION;GOBP_MITOTIC_SISTER_CHROMATID_SEGREGATION;GOBP_NUCLEAR_CHROMOSOME_SEGREGATION,,INACTIVE,OBSERVED_NULL,"[{""term_id"":""GOBP_CHROMOSOME_SEGREGATION"",""eligible"":true,""NES"":-1.0454795695948065,""FDR"":1.0,""leading_edge_n"":79,""qualified"":false},{""term_id"":""GOBP_MITOTIC_NUCLEAR_DIVISION"",""eligible"":true,""NES"":-1.1935860683252228,""FDR"":0.9622544516089953,""leading_edge_n"":52,""qualified"":false},{""term_id"":""GOBP_MITOTIC_SISTER_CHROMATID_SEGREGATION"",""eligible"":true,""NES"":-1.1466312841793065,""FDR"":0.9784459321012204,""leading_edge_n"":38,""qualified"":false},{""term_id"":""GOBP_NUCLEAR_CHROMOSOME_SEGREGATION"",""eligible"":true,""NES"":-0.9285821104484212,""FDR"":1.0,""leading_edge_n"":54,""qualified"":false}]",NOT_APPLICABLE,,TRANSCRIPTOME,EXP003-C4
CTX003_P015,P015,CTX003,P,GOBP_CYTOKINESIS;GOBP_CYTOSKELETON_DEPENDENT_CYTOKINESIS;GOBP_MITOTIC_CYTOKINESIS;GOBP_REGULATION_OF_CYTOKINESIS,,INACTIVE,OBSERVED_NULL,"[{""term_id"":""GOBP_CYTOKINESIS"",""eligible"":true,""NES"":0.6875615684102918,""FDR"":1.0,""leading_edge_n"":36,""qualified"":false},{""term_id"":""GOBP_CYTOSKELETON_DEPENDENT_CYTOKINESIS"",""eligible"":true,""NES"":-0.6781665934898204,""FDR"":1.0,""leading_edge_n"":32,""qualified"":false},{""term_id"":""GOBP_MITOTIC_CYTOKINESIS"",""eligible"":true,""NES"":-0.7100701250495673,""FDR"":1.0,""leading_edge_n"":15,""qualified"":false},{""term_id"":""GOBP_REGULATION_OF_CYTOKINESIS"",""eligible"":true,""NES"":-0.7288600274880541,""FDR"":1.0,""leading_edge_n"":11,""qualified"":false}]",NOT_APPLICABLE,,TRANSCRIPTOME,EXP003-C4
CTX003_P016,P016,CTX003,P,GOBP_DNA_REPLICATION;GOBP_DNA_TEMPLATED_DNA_REPLICATION,,INACTIVE,OBSERVED_NULL,"[{""term_id"":""GOBP_DNA_REPLICATION"",""eligible"":true,""NES"":0.6975795480196536,""FDR"":1.0,""leading_edge_n"":65,""qualified"":false},{""term_id"":""GOBP_DNA_TEMPLATED_DNA_REPLICATION"",""eligible"":true,""NES"":0.8177892356405485,""FDR"":0.960003719441604,""leading_edge_n"":43,""qualified"":false}]",NOT_APPLICABLE,,TRANSCRIPTOME,EXP003-C4
CTX003_P017,P017,CTX003,P,GOBP_DNA_REPLICATION_CHECKPOINT_SIGNALING,,INACTIVE,OBSERVED_NULL,"[{""term_id"":""GOBP_DNA_REPLICATION_CHECKPOINT_SIGNALING"",""eligible"":true,""NES"":-1.5129361162938129,""FDR"":0.5003568322138138,""leading_edge_n"":6,""qualified"":false}]",NOT_APPLICABLE,,TRANSCRIPTOME,EXP003-C4
CTX003_P018,P018,CTX003,P,GOBP_DNA_REPLICATION_INITIATION,,INACTIVE,OBSERVED_NULL,"[{""term_id"":""GOBP_DNA_REPLICATION_INITIATION"",""eligible"":true,""NES"":1.0939310016368131,""FDR"":0.6395924908310506,""leading_edge_n"":11,""qualified"":false}]",NOT_APPLICABLE,,TRANSCRIPTOME,EXP003-C4
CTX003_P019,P019,CTX003,P,GOBP_DNA_STRAND_ELONGATION_INVOLVED_IN_DNA_REPLICATION,,INACTIVE,OBSERVED_NULL,"[{""term_id"":""GOBP_DNA_STRAND_ELONGATION_INVOLVED_IN_DNA_REPLICATION"",""eligible"":true,""NES"":0.8475910531711881,""FDR"":0.9319716318734091,""leading_edge_n"":1,""qualified"":false}]",NOT_APPLICABLE,,TRANSCRIPTOME,EXP003-C4
CTX003_P020,P020,CTX003,P,GOBP_DNA_SYNTHESIS_INVOLVED_IN_DNA_REPLICATION,,INACTIVE,OBSERVED_NULL,"[{""term_id"":""GOBP_DNA_SYNTHESIS_INVOLVED_IN_DNA_REPLICATION"",""eligible"":true,""NES"":0.8135971772151035,""FDR"":0.9600102219632456,""leading_edge_n"":5,""qualified"":false}]",NOT_APPLICABLE,,TRANSCRIPTOME,EXP003-C4
CTX003_P021,P021,CTX003,P,GOBP_DNA_TEMPLATED_DNA_REPLICATION_MAINTENANCE_OF_FIDELITY,,INACTIVE,OBSERVED_NULL,"[{""term_id"":""GOBP_DNA_TEMPLATED_DNA_REPLICATION_MAINTENANCE_OF_FIDELITY"",""eligible"":true,""NES"":0.7257525984834061,""FDR"":1.0,""leading_edge_n"":19,""qualified"":false}]",NOT_APPLICABLE,,TRANSCRIPTOME,EXP003-C4
CTX003_P022,P022,CTX003,P,GOBP_ENDOTHELIAL_CELL_PROLIFERATION;GOBP_EPITHELIAL_CELL_PROLIFERATION;GOBP_POSITIVE_REGULATION_OF_ENDOTHELIAL_CELL_PROLIFERATION;GOBP_POSITIVE_REGULATION_OF_EPITHELIAL_CELL_PROLIFERATION;GOBP_REGULATION_OF_EPITHELIAL_CELL_PROLIFERATION,,INACTIVE,OBSERVED_NULL,"[{""term_id"":""GOBP_ENDOTHELIAL_CELL_PROLIFERATION"",""eligible"":true,""NES"":1.3259618371247373,""FDR"":0.3771485624964596,""leading_edge_n"":13,""qualified"":false},{""term_id"":""GOBP_EPITHELIAL_CELL_PROLIFERATION"",""eligible"":true,""NES"":1.4472959583747211,""FDR"":0.2865257003098017,""leading_edge_n"":33,""qualified"":false},{""term_id"":""GOBP_POSITIVE_REGULATION_OF_ENDOTHELIAL_CELL_PROLIFERATION"",""eligible"":true,""NES"":0.8707877016670353,""FDR"":0.9103764060173036,""leading_edge_n"":9,""qualified"":false},{""term_id"":""GOBP_POSITIVE_REGULATION_OF_EPITHELIAL_CELL_PROLIFERATION"",""eligible"":true,""NES"":1.2558759879187875,""FDR"":0.4427284925745949,""leading_edge_n"":14,""qualified"":false},{""term_id"":""GOBP_REGULATION_OF_EPITHELIAL_CELL_PROLIFERATION"",""eligible"":true,""NES"":1.3174004870614655,""FDR"":0.3838837243467383,""leading_edge_n"":25,""qualified"":false}]",NOT_APPLICABLE,,TRANSCRIPTOME,EXP003-C4
CTX003_P023,P023,CTX003,P,GOBP_ESTABLISHMENT_OF_MITOTIC_SPINDLE_LOCALIZATION;GOBP_ESTABLISHMENT_OF_SPINDLE_ORIENTATION;GOBP_SPINDLE_LOCALIZATION,,INACTIVE,OBSERVED_NULL,"[{""term_id"":""GOBP_ESTABLISHMENT_OF_MITOTIC_SPINDLE_LOCALIZATION"",""eligible"":true,""NES"":-1.5484356551823746,""FDR"":0.4612358316739909,""leading_edge_n"":6,""qualified"":false},{""term_id"":""GOBP_ESTABLISHMENT_OF_SPINDLE_ORIENTATION"",""eligible"":true,""NES"":-1.4437360903453569,""FDR"":0.598710529346695,""leading_edge_n"":8,""qualified"":false},{""term_id"":""GOBP_SPINDLE_LOCALIZATION"",""eligible"":true,""NES"":-1.191800824445186,""FDR"":0.9568393054030192,""leading_edge_n"":9,""qualified"":false}]",NOT_APPLICABLE,,TRANSCRIPTOME,EXP003-C4
CTX003_P024,P024,CTX003,P,GOBP_GLIAL_CELL_PROLIFERATION;GOBP_REGULATION_OF_GLIAL_CELL_PROLIFERATION,,INACTIVE,OBSERVED_NULL,"[{""term_id"":""GOBP_GLIAL_CELL_PROLIFERATION"",""eligible"":true,""NES"":-0.8587831903542955,""FDR"":1.0,""leading_edge_n"":7,""qualified"":false},{""term_id"":""GOBP_REGULATION_OF_GLIAL_CELL_PROLIFERATION"",""eligible"":true,""NES"":-1.0705477720292804,""FDR"":1.0,""leading_edge_n"":7,""qualified"":false}]",NOT_APPLICABLE,,TRANSCRIPTOME,EXP003-C4
CTX003_P025,P025,CTX003,P,GOBP_HEMATOPOIETIC_STEM_CELL_PROLIFERATION,,INACTIVE,OBSERVED_NULL,"[{""term_id"":""GOBP_HEMATOPOIETIC_STEM_CELL_PROLIFERATION"",""eligible"":true,""NES"":0.7088819254861757,""FDR"":1.0,""leading_edge_n"":5,""qualified"":false}]",NOT_APPLICABLE,,TRANSCRIPTOME,EXP003-C4
CTX003_P026,P026,CTX003,P,GOBP_INNER_CELL_MASS_CELL_PROLIFERATION,,INACTIVE,OBSERVED_NULL,"[{""term_id"":""GOBP_INNER_CELL_MASS_CELL_PROLIFERATION"",""eligible"":true,""NES"":-0.6441701849540444,""FDR"":1.0,""leading_edge_n"":5,""qualified"":false}]",NOT_APPLICABLE,,TRANSCRIPTOME,EXP003-C4
CTX003_P027,P027,CTX003,P,GOBP_MALE_MEIOSIS_I,,INACTIVE,OBSERVED_NULL,"[{""term_id"":""GOBP_MALE_MEIOSIS_I"",""eligible"":true,""NES"":-1.041471567259083,""FDR"":1.0,""leading_edge_n"":8,""qualified"":false}]",NOT_APPLICABLE,,TRANSCRIPTOME,EXP003-C4
CTX003_P028,P028,CTX003,P,GOBP_MAMMARY_GLAND_EPITHELIAL_CELL_PROLIFERATION,,INACTIVE,OBSERVED_NULL,"[{""term_id"":""GOBP_MAMMARY_GLAND_EPITHELIAL_CELL_PROLIFERATION"",""eligible"":true,""NES"":1.0905511634568046,""FDR"":0.6442594165487495,""leading_edge_n"":17,""qualified"":false}]",NOT_APPLICABLE,,TRANSCRIPTOME,EXP003-C4
CTX003_P029,P029,CTX003,P,GOBP_MEIOSIS_I_CELL_CYCLE_PROCESS;GOBP_MEIOTIC_CELL_CYCLE;GOBP_MEIOTIC_CELL_CYCLE_PROCESS,,INACTIVE,OBSERVED_NULL,"[{""term_id"":""GOBP_MEIOSIS_I_CELL_CYCLE_PROCESS"",""eligible"":true,""NES"":-1.1028095222711018,""FDR"":1.0,""leading_edge_n"":19,""qualified"":false},{""term_id"":""GOBP_MEIOTIC_CELL_CYCLE"",""eligible"":true,""NES"":0.8123881451816061,""FDR"":0.9605263580875044,""leading_edge_n"":57,""qualified"":false},{""term_id"":""GOBP_MEIOTIC_CELL_CYCLE_PROCESS"",""eligible"":true,""NES"":0.8318851526662329,""FDR"":0.9530843639103292,""leading_edge_n"":29,""qualified"":false}]",NOT_APPLICABLE,,TRANSCRIPTOME,EXP003-C4
CTX003_P030,P030,CTX003,P,GOBP_MEIOTIC_SPINDLE_ASSEMBLY;GOBP_MEIOTIC_SPINDLE_ORGANIZATION,,INACTIVE,OBSERVED_NULL,"[{""term_id"":""GOBP_MEIOTIC_SPINDLE_ASSEMBLY"",""eligible"":false,""NES"":null,""FDR"":null,""leading_edge_n"":0,""qualified"":false},{""term_id"":""GOBP_MEIOTIC_SPINDLE_ORGANIZATION"",""eligible"":true,""NES"":-1.0870857905876747,""FDR"":1.0,""leading_edge_n"":4,""qualified"":false}]",NOT_APPLICABLE,,TRANSCRIPTOME,EXP003-C4
CTX003_P031,P031,CTX003,P,GOBP_MESENCHYMAL_CELL_PROLIFERATION;GOBP_POSITIVE_REGULATION_OF_MESENCHYMAL_CELL_PROLIFERATION;GOBP_REGULATION_OF_MESENCHYMAL_CELL_PROLIFERATION,,INACTIVE,OBSERVED_NULL,"[{""term_id"":""GOBP_MESENCHYMAL_CELL_PROLIFERATION"",""eligible"":true,""NES"":-0.9629276141131836,""FDR"":1.0,""leading_edge_n"":10,""qualified"":false},{""term_id"":""GOBP_POSITIVE_REGULATION_OF_MESENCHYMAL_CELL_PROLIFERATION"",""eligible"":true,""NES"":-0.704841320493782,""FDR"":1.0,""leading_edge_n"":6,""qualified"":false},{""term_id"":""GOBP_REGULATION_OF_MESENCHYMAL_CELL_PROLIFERATION"",""eligible"":true,""NES"":-1.0375191348484667,""FDR"":1.0,""leading_edge_n"":9,""qualified"":false}]",NOT_APPLICABLE,,TRANSCRIPTOME,EXP003-C4
CTX003_P032,P032,CTX003,P,GOBP_MITOCHONDRIAL_DNA_REPLICATION,,INACTIVE,OBSERVED_NULL,"[{""term_id"":""GOBP_MITOCHONDRIAL_DNA_REPLICATION"",""eligible"":true,""NES"":1.4284517610406913,""FDR"":0.2999286868123182,""leading_edge_n"":8,""qualified"":false}]",NOT_APPLICABLE,,TRANSCRIPTOME,EXP003-C4
CTX003_P033,P033,CTX003,P,GOBP_MITOTIC_CHROMOSOME_CONDENSATION,,INACTIVE,OBSERVED_NULL,"[{""term_id"":""GOBP_MITOTIC_CHROMOSOME_CONDENSATION"",""eligible"":true,""NES"":-0.8558109958363378,""FDR"":1.0,""leading_edge_n"":5,""qualified"":false}]",NOT_APPLICABLE,,TRANSCRIPTOME,EXP003-C4
CTX003_P034,P034,CTX003,P,GOBP_MITOTIC_CYTOKINETIC_PROCESS,,INACTIVE,OBSERVED_NULL,"[{""term_id"":""GOBP_MITOTIC_CYTOKINETIC_PROCESS"",""eligible"":true,""NES"":-0.6499265345308448,""FDR"":1.0,""leading_edge_n"":12,""qualified"":false}]",NOT_APPLICABLE,,TRANSCRIPTOME,EXP003-C4
CTX003_P035,P035,CTX003,P,GOBP_MITOTIC_DNA_REPLICATION,,INACTIVE,OBSERVED_NULL,"[{""term_id"":""GOBP_MITOTIC_DNA_REPLICATION"",""eligible"":true,""NES"":-0.7792985693512086,""FDR"":1.0,""leading_edge_n"":6,""qualified"":false}]",NOT_APPLICABLE,,TRANSCRIPTOME,EXP003-C4
CTX003_P036,P036,CTX003,P,GOBP_MITOTIC_G1_S_TRANSITION_CHECKPOINT_SIGNALING,,INACTIVE,OBSERVED_NULL,"[{""term_id"":""GOBP_MITOTIC_G1_S_TRANSITION_CHECKPOINT_SIGNALING"",""eligible"":true,""NES"":1.5527516192361128,""FDR"":0.2181143627683063,""leading_edge_n"":10,""qualified"":false}]",NOT_APPLICABLE,,TRANSCRIPTOME,EXP003-C4
CTX003_P037,P037,CTX003,P,GOBP_MITOTIC_INTRA_S_DNA_DAMAGE_CHECKPOINT_SIGNALING,,INACTIVE,OBSERVED_NULL,"[{""term_id"":""GOBP_MITOTIC_INTRA_S_DNA_DAMAGE_CHECKPOINT_SIGNALING"",""eligible"":true,""NES"":-0.9263897242200816,""FDR"":1.0,""leading_edge_n"":4,""qualified"":false}]",NOT_APPLICABLE,,TRANSCRIPTOME,EXP003-C4
CTX003_P038,P038,CTX003,P,GOBP_MITOTIC_METAPHASE_CHROMOSOME_ALIGNMENT,,INACTIVE,OBSERVED_NULL,"[{""term_id"":""GOBP_MITOTIC_METAPHASE_CHROMOSOME_ALIGNMENT"",""eligible"":true,""NES"":-1.1217841004402884,""FDR"":0.9950924028253662,""leading_edge_n"":12,""qualified"":false}]",NOT_APPLICABLE,,TRANSCRIPTOME,EXP003-C4
CTX003_P039,P039,CTX003,P,GOBP_MITOTIC_RECOMBINATION,,INACTIVE,OBSERVED_NULL,"[{""term_id"":""GOBP_MITOTIC_RECOMBINATION"",""eligible"":true,""NES"":-1.3107043773973337,""FDR"":0.781940161595084,""leading_edge_n"":10,""qualified"":false}]",NOT_APPLICABLE,,TRANSCRIPTOME,EXP003-C4
CTX003_P040,P040,CTX003,P,GOBP_MITOTIC_SISTER_CHROMATID_COHESION,,INACTIVE,OBSERVED_NULL,"[{""term_id"":""GOBP_MITOTIC_SISTER_CHROMATID_COHESION"",""eligible"":true,""NES"":-0.6782781230697937,""FDR"":1.0,""leading_edge_n"":13,""qualified"":false}]",NOT_APPLICABLE,,TRANSCRIPTOME,EXP003-C4
CTX003_P041,P041,CTX003,P,GOBP_MITOTIC_SISTER_CHROMATID_SEPARATION;GOBP_POSITIVE_REGULATION_OF_CELL_CYCLE_CHECKPOINT;GOBP_POSITIVE_REGULATION_OF_SPINDLE_CHECKPOINT;GOBP_REGULATION_OF_CELL_CYCLE_CHECKPOINT;GOBP_REGULATION_OF_MITOTIC_NUCLEAR_DIVISION;GOBP_REGULATION_OF_MITOTIC_SISTER_CHROMATID_SEGREGATION;GOBP_REGULATION_OF_SPINDLE_CHECKPOINT,,INACTIVE,OBSERVED_NULL,"[{""term_id"":""GOBP_MITOTIC_SISTER_CHROMATID_SEPARATION"",""eligible"":true,""NES"":-1.5772592780873833,""FDR"":0.4361284929506485,""leading_edge_n"":15,""qualified"":false},{""term_id"":""GOBP_POSITIVE_REGULATION_OF_CELL_CYCLE_CHECKPOINT"",""eligible"":true,""NES"":-1.6441901663943168,""FDR"":0.3949425539255721,""leading_edge_n"":4,""qualified"":false},{""term_id"":""GOBP_POSITIVE_REGULATION_OF_SPINDLE_CHECKPOINT"",""eligible"":true,""NES"":-1.6294791731485794,""FDR"":0.3756494336009238,""leading_edge_n"":3,""qualified"":false},{""term_id"":""GOBP_REGULATION_OF_CELL_CYCLE_CHECKPOINT"",""eligible"":true,""NES"":-1.3067216866709828,""FDR"":0.7908216938559924,""leading_edge_n"":11,""qualified"":false},{""term_id"":""GOBP_REGULATION_OF_MITOTIC_NUCLEAR_DIVISION"",""eligible"":true,""NES"":-1.511452363267046,""FDR"":0.49884632909806,""leading_edge_n"":21,""qualified"":false},{""term_id"":""GOBP_REGULATION_OF_MITOTIC_SISTER_CHROMATID_SEGREGATION"",""eligible"":true,""NES"":-1.5428429483818653,""FDR"":0.4652413703010186,""leading_edge_n"":14,""qualified"":false},{""term_id"":""GOBP_REGULATION_OF_SPINDLE_CHECKPOINT"",""eligible"":true,""NES"":-1.3837665843648024,""FDR"":0.6835170435735817,""leading_edge_n"":6,""qualified"":false}]",NOT_APPLICABLE,,TRANSCRIPTOME,EXP003-C4
CTX003_P042,P042,CTX003,P,GOBP_MITOTIC_SPINDLE_ASSEMBLY;GOBP_MITOTIC_SPINDLE_ORGANIZATION;GOBP_SPINDLE_ASSEMBLY;GOBP_SPINDLE_ORGANIZATION,,INACTIVE,OBSERVED_NULL,"[{""term_id"":""GOBP_MITOTIC_SPINDLE_ASSEMBLY"",""eligible"":true,""NES"":-1.3804883506566823,""FDR"":0.686580413366694,""leading_edge_n"":10,""qualified"":false},{""term_id"":""GOBP_MITOTIC_SPINDLE_ORGANIZATION"",""eligible"":true,""NES"":-1.1990296943305812,""FDR"":0.9648039890567562,""leading_edge_n"":25,""qualified"":false},{""term_id"":""GOBP_SPINDLE_ASSEMBLY"",""eligible"":true,""NES"":-1.4889581035207773,""FDR"":0.5481825318846465,""leading_edge_n"":28,""qualified"":false},{""term_id"":""GOBP_SPINDLE_ORGANIZATION"",""eligible"":true,""NES"":-1.351758953763757,""FDR"":0.7176070675126609,""leading_edge_n"":41,""qualified"":false}]",NOT_APPLICABLE,,TRANSCRIPTOME,EXP003-C4
CTX003_P043,P043,CTX003,P,GOBP_MUSCLE_CELL_PROLIFERATION;GOBP_POSITIVE_REGULATION_OF_SMOOTH_MUSCLE_CELL_PROLIFERATION;GOBP_POSITIVE_REGULATION_OF_VASCULAR_ASSOCIATED_SMOOTH_MUSCLE_CELL_PROLIFERATION;GOBP_SMOOTH_MUSCLE_CELL_PROLIFERATION;GOBP_VASCULAR_ASSOCIATED_SMOOTH_MUSCLE_CELL_PROLIFERATION,,INACTIVE,OBSERVED_NULL,"[{""term_id"":""GOBP_MUSCLE_CELL_PROLIFERATION"",""eligible"":true,""NES"":1.0355461471767953,""FDR"":0.7082020333910277,""leading_edge_n"":29,""qualified"":false},{""term_id"":""GOBP_POSITIVE_REGULATION_OF_SMOOTH_MUSCLE_CELL_PROLIFERATION"",""eligible"":true,""NES"":0.7375728826026555,""FDR"":1.0,""leading_edge_n"":7,""qualified"":false},{""term_id"":""GOBP_POSITIVE_REGULATION_OF_VASCULAR_ASSOCIATED_SMOOTH_MUSCLE_CELL_PROLIFERATION"",""eligible"":true,""NES"":1.1117374445328163,""FDR"":0.6203136258041853,""leading_edge_n"":5,""qualified"":false},{""term_id"":""GOBP_SMOOTH_MUSCLE_CELL_PROLIFERATION"",""eligible"":true,""NES"":0.9606206194875112,""FDR"":0.7976374582095938,""leading_edge_n"":4,""qualified"":false},{""term_id"":""GOBP_VASCULAR_ASSOCIATED_SMOOTH_MUSCLE_CELL_PROLIFERATION"",""eligible"":true,""NES"":0.7986313502232062,""FDR"":0.968547068491022,""leading_edge_n"":7,""qualified"":false}]",NOT_APPLICABLE,,TRANSCRIPTOME,EXP003-C4
CTX003_P044,P044,CTX003,P,GOBP_NEGATIVE_REGULATION_OF_CELL_CYCLE_G1_S_PHASE_TRANSITION,,INACTIVE,OBSERVED_NULL,"[{""term_id"":""GOBP_NEGATIVE_REGULATION_OF_CELL_CYCLE_G1_S_PHASE_TRANSITION"",""eligible"":true,""NES"":1.6694053303601568,""FDR"":0.1506931414047846,""leading_edge_n"":22,""qualified"":false}]",NOT_APPLICABLE,,TRANSCRIPTOME,EXP003-C4
CTX003_P045,P045,CTX003,P,GOBP_NEGATIVE_REGULATION_OF_DNA_REPLICATION,,INACTIVE,OBSERVED_NULL,"[{""term_id"":""GOBP_NEGATIVE_REGULATION_OF_DNA_REPLICATION"",""eligible"":true,""NES"":0.9079861442433728,""FDR"":0.8639682679706816,""leading_edge_n"":6,""qualified"":false}]",NOT_APPLICABLE,,TRANSCRIPTOME,EXP003-C4
CTX003_P046,P046,CTX003,P,GOBP_NEGATIVE_REGULATION_OF_ENDOTHELIAL_CELL_PROLIFERATION,,INACTIVE,OBSERVED_NULL,"[{""term_id"":""GOBP_NEGATIVE_REGULATION_OF_ENDOTHELIAL_CELL_PROLIFERATION"",""eligible"":true,""NES"":1.3592303952017937,""FDR"":0.3508848921718255,""leading_edge_n"":2,""qualified"":false}]",NOT_APPLICABLE,,TRANSCRIPTOME,EXP003-C4
CTX003_P047,P047,CTX003,P,GOBP_NEGATIVE_REGULATION_OF_EPITHELIAL_CELL_PROLIFERATION,,INACTIVE,OBSERVED_NULL,"[{""term_id"":""GOBP_NEGATIVE_REGULATION_OF_EPITHELIAL_CELL_PROLIFERATION"",""eligible"":true,""NES"":1.1590837430619294,""FDR"":0.5516241984919267,""leading_edge_n"":22,""qualified"":false}]",NOT_APPLICABLE,,TRANSCRIPTOME,EXP003-C4
CTX003_P048,P048,CTX003,P,GOBP_NEGATIVE_REGULATION_OF_MEIOTIC_CELL_CYCLE,,INACTIVE,OBSERVED_NULL,"[{""term_id"":""GOBP_NEGATIVE_REGULATION_OF_MEIOTIC_CELL_CYCLE"",""eligible"":false,""NES"":null,""FDR"":null,""leading_edge_n"":0,""qualified"":false}]",NOT_APPLICABLE,,TRANSCRIPTOME,EXP003-C4
CTX003_P049,P049,CTX003,P,GOBP_NEGATIVE_REGULATION_OF_NEURAL_PRECURSOR_CELL_PROLIFERATION,,INACTIVE,OBSERVED_NULL,"[{""term_id"":""GOBP_NEGATIVE_REGULATION_OF_NEURAL_PRECURSOR_CELL_PROLIFERATION"",""eligible"":true,""NES"":1.0911254979212723,""FDR"":0.6440074053308391,""leading_edge_n"":7,""qualified"":false}]",NOT_APPLICABLE,,TRANSCRIPTOME,EXP003-C4
CTX003_P050,P050,CTX003,P,GOBP_NEGATIVE_REGULATION_OF_SMOOTH_MUSCLE_CELL_PROLIFERATION;GOBP_NEGATIVE_REGULATION_OF_VASCULAR_ASSOCIATED_SMOOTH_MUSCLE_CELL_PROLIFERATION,,INACTIVE,OBSERVED_NULL,"[{""term_id"":""GOBP_NEGATIVE_REGULATION_OF_SMOOTH_MUSCLE_CELL_PROLIFERATION"",""eligible"":true,""NES"":1.0926998658309617,""FDR"":0.6419841593360471,""leading_edge_n"":1,""qualified"":false},{""term_id"":""GOBP_NEGATIVE_REGULATION_OF_VASCULAR_ASSOCIATED_SMOOTH_MUSCLE_CELL_PROLIFERATION"",""eligible"":true,""NES"":-1.0554963379109563,""FDR"":1.0,""leading_edge_n"":4,""qualified"":false}]",NOT_APPLICABLE,,TRANSCRIPTOME,EXP003-C4
CTX003_P051,P051,CTX003,P,GOBP_NEGATIVE_REGULATION_OF_T_CELL_PROLIFERATION,,INACTIVE,OBSERVED_NULL,"[{""term_id"":""GOBP_NEGATIVE_REGULATION_OF_T_CELL_PROLIFERATION"",""eligible"":true,""NES"":1.1663433857126035,""FDR"":0.5429549644806222,""leading_edge_n"":5,""qualified"":false}]",NOT_APPLICABLE,,TRANSCRIPTOME,EXP003-C4
CTX003_P052,P052,CTX003,P,GOBP_NEURAL_PRECURSOR_CELL_PROLIFERATION;GOBP_POSITIVE_REGULATION_OF_NEURAL_PRECURSOR_CELL_PROLIFERATION;GOBP_REGULATION_OF_NEURAL_PRECURSOR_CELL_PROLIFERATION,,INACTIVE,OBSERVED_NULL,"[{""term_id"":""GOBP_NEURAL_PRECURSOR_CELL_PROLIFERATION"",""eligible"":true,""NES"":0.6140476836481831,""FDR"":1.0,""leading_edge_n"":30,""qualified"":false},{""term_id"":""GOBP_POSITIVE_REGULATION_OF_NEURAL_PRECURSOR_CELL_PROLIFERATION"",""eligible"":true,""NES"":-1.0396733226329071,""FDR"":1.0,""leading_edge_n"":8,""qualified"":false},{""term_id"":""GOBP_REGULATION_OF_NEURAL_PRECURSOR_CELL_PROLIFERATION"",""eligible"":true,""NES"":-0.7744597015787488,""FDR"":1.0,""leading_edge_n"":10,""qualified"":false}]",NOT_APPLICABLE,,TRANSCRIPTOME,EXP003-C4
CTX003_P053,P053,CTX003,P,GOBP_POSITIVE_REGULATION_OF_CELL_CYCLE;GOBP_POSITIVE_REGULATION_OF_CELL_CYCLE_PROCESS,,INACTIVE,OBSERVED_NULL,"[{""term_id"":""GOBP_POSITIVE_REGULATION_OF_CELL_CYCLE"",""eligible"":true,""NES"":-1.0166495268914504,""FDR"":1.0,""leading_edge_n"":54,""qualified"":false},{""term_id"":""GOBP_POSITIVE_REGULATION_OF_CELL_CYCLE_PROCESS"",""eligible"":true,""NES"":-1.084955444111121,""FDR"":1.0,""leading_edge_n"":48,""qualified"":false}]",NOT_APPLICABLE,,TRANSCRIPTOME,EXP003-C4
CTX003_P054,P054,CTX003,P,GOBP_POSITIVE_REGULATION_OF_CELL_CYCLE_G1_S_PHASE_TRANSITION;GOBP_POSITIVE_REGULATION_OF_CELL_CYCLE_PHASE_TRANSITION;GOBP_POSITIVE_REGULATION_OF_G1_S_TRANSITION_OF_MITOTIC_CELL_CYCLE;GOBP_POSITIVE_REGULATION_OF_MITOTIC_CELL_CYCLE;GOBP_POSITIVE_REGULATION_OF_MITOTIC_CELL_CYCLE_PHASE_TRANSITION,,INACTIVE,OBSERVED_NULL,"[{""term_id"":""GOBP_POSITIVE_REGULATION_OF_CELL_CYCLE_G1_S_PHASE_TRANSITION"",""eligible"":true,""NES"":1.0846971868243045,""FDR"":0.650036303830492,""leading_edge_n"":7,""qualified"":false},{""term_id"":""GOBP_POSITIVE_REGULATION_OF_CELL_CYCLE_PHASE_TRANSITION"",""eligible"":true,""NES"":-0.9324478438869634,""FDR"":1.0,""leading_edge_n"":25,""qualified"":false},{""term_id"":""GOBP_POSITIVE_REGULATION_OF_G1_S_TRANSITION_OF_MITOTIC_CELL_CYCLE"",""eligible"":true,""NES"":1.2414826617820474,""FDR"":0.4572255168515704,""leading_edge_n"":15,""qualified"":false},{""term_id"":""GOBP_POSITIVE_REGULATION_OF_MITOTIC_CELL_CYCLE"",""eligible"":true,""NES"":0.7546200479226629,""FDR"":0.994522709758371,""leading_edge_n"":23,""qualified"":false},{""term_id"":""GOBP_POSITIVE_REGULATION_OF_MITOTIC_CELL_CYCLE_PHASE_TRANSITION"",""eligible"":true,""NES"":0.7970414697410486,""FDR"":0.9708062288833178,""leading_edge_n"":15,""qualified"":false}]",NOT_APPLICABLE,,TRANSCRIPTOME,EXP003-C4
CTX003_P055,P055,CTX003,P,GOBP_POSITIVE_REGULATION_OF_CELL_CYCLE_G2_M_PHASE_TRANSITION,,INACTIVE,OBSERVED_NULL,"[{""term_id"":""GOBP_POSITIVE_REGULATION_OF_CELL_CYCLE_G2_M_PHASE_TRANSITION"",""eligible"":true,""NES"":-1.1323556695244188,""FDR"":1.0,""leading_edge_n"":11,""qualified"":false}]",NOT_APPLICABLE,,TRANSCRIPTOME,EXP003-C4
CTX003_P056,P056,CTX003,P,GOBP_POSITIVE_REGULATION_OF_CHROMOSOME_SEGREGATION,,INACTIVE,OBSERVED_NULL,"[{""term_id"":""GOBP_POSITIVE_REGULATION_OF_CHROMOSOME_SEGREGATION"",""eligible"":true,""NES"":-1.254502309521669,""FDR"":0.8774336843090897,""leading_edge_n"":9,""qualified"":false}]",NOT_APPLICABLE,,TRANSCRIPTOME,EXP003-C4
CTX003_P057,P057,CTX003,P,GOBP_POSITIVE_REGULATION_OF_CYTOKINESIS,,INACTIVE,OBSERVED_NULL,"[{""term_id"":""GOBP_POSITIVE_REGULATION_OF_CYTOKINESIS"",""eligible"":true,""NES"":-1.0152000062314508,""FDR"":1.0,""leading_edge_n"":4,""qualified"":false}]",NOT_APPLICABLE,,TRANSCRIPTOME,EXP003-C4
CTX003_P058,P058,CTX003,P,GOBP_POSITIVE_REGULATION_OF_DNA_REPLICATION,,INACTIVE,OBSERVED_NULL,"[{""term_id"":""GOBP_POSITIVE_REGULATION_OF_DNA_REPLICATION"",""eligible"":true,""NES"":0.9279931659779374,""FDR"":0.8371665001677308,""leading_edge_n"":11,""qualified"":false}]",NOT_APPLICABLE,,TRANSCRIPTOME,EXP003-C4
CTX003_P059,P059,CTX003,P,GOBP_POSITIVE_REGULATION_OF_MEIOTIC_CELL_CYCLE,,INACTIVE,OBSERVED_NULL,"[{""term_id"":""GOBP_POSITIVE_REGULATION_OF_MEIOTIC_CELL_CYCLE"",""eligible"":true,""NES"":1.026948206514107,""FDR"":0.7131210196358257,""leading_edge_n"":11,""qualified"":false}]",NOT_APPLICABLE,,TRANSCRIPTOME,EXP003-C4
CTX003_P060,P060,CTX003,P,GOBP_POSITIVE_REGULATION_OF_METAPHASE_ANAPHASE_TRANSITION_OF_CELL_CYCLE;GOBP_POSITIVE_REGULATION_OF_MITOTIC_SISTER_CHROMATID_SEPARATION,,INACTIVE,OBSERVED_NULL,"[{""term_id"":""GOBP_POSITIVE_REGULATION_OF_METAPHASE_ANAPHASE_TRANSITION_OF_CELL_CYCLE"",""eligible"":false,""NES"":null,""FDR"":null,""leading_edge_n"":0,""qualified"":false},{""term_id"":""GOBP_POSITIVE_REGULATION_OF_MITOTIC_SISTER_CHROMATID_SEPARATION"",""eligible"":true,""NES"":-1.5986701088769086,""FDR"":0.4097547964741185,""leading_edge_n"":8,""qualified"":false}]",NOT_APPLICABLE,,TRANSCRIPTOME,EXP003-C4
CTX003_P061,P061,CTX003,P,GOBP_POSITIVE_REGULATION_OF_MITOTIC_NUCLEAR_DIVISION,,INACTIVE,OBSERVED_NULL,"[{""term_id"":""GOBP_POSITIVE_REGULATION_OF_MITOTIC_NUCLEAR_DIVISION"",""eligible"":true,""NES"":-1.3029576267025604,""FDR"":0.794073560344639,""leading_edge_n"":8,""qualified"":false}]",NOT_APPLICABLE,,TRANSCRIPTOME,EXP003-C4
CTX003_P062,P062,CTX003,P,GOBP_POSITIVE_REGULATION_OF_STEM_CELL_PROLIFERATION;GOBP_REGULATION_OF_STEM_CELL_PROLIFERATION;GOBP_STEM_CELL_PROLIFERATION,,INACTIVE,OBSERVED_NULL,"[{""term_id"":""GOBP_POSITIVE_REGULATION_OF_STEM_CELL_PROLIFERATION"",""eligible"":true,""NES"":0.8545781561100997,""FDR"":0.9243310474419124,""leading_edge_n"":5,""qualified"":false},{""term_id"":""GOBP_REGULATION_OF_STEM_CELL_PROLIFERATION"",""eligible"":true,""NES"":0.704880842724882,""FDR"":1.0,""leading_edge_n"":10,""qualified"":false},{""term_id"":""GOBP_STEM_CELL_PROLIFERATION"",""eligible"":true,""NES"":0.7520536812555698,""FDR"":0.9945055686979568,""leading_edge_n"":11,""qualified"":false}]",NOT_APPLICABLE,,TRANSCRIPTOME,EXP003-C4
CTX003_P063,P063,CTX003,P,GOBP_POSITIVE_REGULATION_OF_T_CELL_PROLIFERATION,,INACTIVE,OBSERVED_NULL,"[{""term_id"":""GOBP_POSITIVE_REGULATION_OF_T_CELL_PROLIFERATION"",""eligible"":true,""NES"":1.5787374278337325,""FDR"":0.2006373280592839,""leading_edge_n"":14,""qualified"":false}]",NOT_APPLICABLE,,TRANSCRIPTOME,EXP003-C4
CTX003_P064,P064,CTX003,P,GOBP_REGULATION_OF_ATTACHMENT_OF_SPINDLE_MICROTUBULES_TO_KINETOCHORE,,INACTIVE,OBSERVED_NULL,"[{""term_id"":""GOBP_REGULATION_OF_ATTACHMENT_OF_SPINDLE_MICROTUBULES_TO_KINETOCHORE"",""eligible"":true,""NES"":-1.201976441184868,""FDR"":0.9612924945370328,""leading_edge_n"":8,""qualified"":false}]",NOT_APPLICABLE,,TRANSCRIPTOME,EXP003-C4
CTX003_P065,P065,CTX003,P,GOBP_REGULATION_OF_CHROMOSOME_SEGREGATION,,INACTIVE,OBSERVED_NULL,"[{""term_id"":""GOBP_REGULATION_OF_CHROMOSOME_SEGREGATION"",""eligible"":true,""NES"":-1.311800634918309,""FDR"":0.7862481979235743,""leading_edge_n"":32,""qualified"":false}]",NOT_APPLICABLE,,TRANSCRIPTOME,EXP003-C4
CTX003_P066,P066,CTX003,P,GOBP_REGULATION_OF_DNA_REPLICATION,,INACTIVE,OBSERVED_NULL,"[{""term_id"":""GOBP_REGULATION_OF_DNA_REPLICATION"",""eligible"":true,""NES"":-0.8226320271871456,""FDR"":1.0,""leading_edge_n"":32,""qualified"":false}]",NOT_APPLICABLE,,TRANSCRIPTOME,EXP003-C4
CTX003_P067,P067,CTX003,P,GOBP_REGULATION_OF_DNA_TEMPLATED_DNA_REPLICATION,,INACTIVE,OBSERVED_NULL,"[{""term_id"":""GOBP_REGULATION_OF_DNA_TEMPLATED_DNA_REPLICATION"",""eligible"":true,""NES"":0.716581679017736,""FDR"":1.0,""leading_edge_n"":11,""qualified"":false}]",NOT_APPLICABLE,,TRANSCRIPTOME,EXP003-C4
CTX003_P068,P068,CTX003,P,GOBP_REGULATION_OF_DNA_TEMPLATED_DNA_REPLICATION_INITIATION,,INACTIVE,OBSERVED_NULL,"[{""term_id"":""GOBP_REGULATION_OF_DNA_TEMPLATED_DNA_REPLICATION_INITIATION"",""eligible"":true,""NES"":-1.030047878202327,""FDR"":1.0,""leading_edge_n"":7,""qualified"":false}]",NOT_APPLICABLE,,TRANSCRIPTOME,EXP003-C4
CTX003_P069,P069,CTX003,P,GOBP_REGULATION_OF_MEIOTIC_CELL_CYCLE,,INACTIVE,OBSERVED_NULL,"[{""term_id"":""GOBP_REGULATION_OF_MEIOTIC_CELL_CYCLE"",""eligible"":true,""NES"":0.7528056574373257,""FDR"":0.995281723094458,""leading_edge_n"":21,""qualified"":false}]",NOT_APPLICABLE,,TRANSCRIPTOME,EXP003-C4
CTX003_P070,P070,CTX003,P,GOBP_REGULATION_OF_MITOTIC_CYTOKINESIS,,INACTIVE,OBSERVED_NULL,"[{""term_id"":""GOBP_REGULATION_OF_MITOTIC_CYTOKINESIS"",""eligible"":true,""NES"":-0.928618567858971,""FDR"":1.0,""leading_edge_n"":4,""qualified"":false}]",NOT_APPLICABLE,,TRANSCRIPTOME,EXP003-C4
CTX003_P071,P071,CTX003,P,GOBP_REGULATION_OF_MITOTIC_SPINDLE_ASSEMBLY;GOBP_REGULATION_OF_SPINDLE_ASSEMBLY;GOBP_REGULATION_OF_SPINDLE_ORGANIZATION,,INACTIVE,OBSERVED_NULL,"[{""term_id"":""GOBP_REGULATION_OF_MITOTIC_SPINDLE_ASSEMBLY"",""eligible"":true,""NES"":-1.088846671156214,""FDR"":1.0,""leading_edge_n"":12,""qualified"":false},{""term_id"":""GOBP_REGULATION_OF_SPINDLE_ASSEMBLY"",""eligible"":true,""NES"":-1.2488227045908673,""FDR"":0.8753504854854786,""leading_edge_n"":16,""qualified"":false},{""term_id"":""GOBP_REGULATION_OF_SPINDLE_ORGANIZATION"",""eligible"":true,""NES"":-0.8662384360390125,""FDR"":1.0,""leading_edge_n"":11,""qualified"":false}]",NOT_APPLICABLE,,TRANSCRIPTOME,EXP003-C4
CTX003_P072,P072,CTX003,P,GOBP_SKELETAL_MUSCLE_CELL_PROLIFERATION,,INACTIVE,OBSERVED_NULL,"[{""term_id"":""GOBP_SKELETAL_MUSCLE_CELL_PROLIFERATION"",""eligible"":true,""NES"":1.1987427999414273,""FDR"":0.506613980148261,""leading_edge_n"":6,""qualified"":false}]",NOT_APPLICABLE,,TRANSCRIPTOME,EXP003-C4
CTX003_P073,P073,CTX003,P,GOBP_TYPE_B_PANCREATIC_CELL_PROLIFERATION,,INACTIVE,OBSERVED_NULL,"[{""term_id"":""GOBP_TYPE_B_PANCREATIC_CELL_PROLIFERATION"",""eligible"":true,""NES"":-1.628112839920169,""FDR"":0.3705865592202876,""leading_edge_n"":6,""qualified"":false}]",NOT_APPLICABLE,,TRANSCRIPTOME,EXP003-C4
CTX003_P074,P074,CTX003,P,GOBP_T_CELL_PROLIFERATION,,INACTIVE,OBSERVED_NULL,"[{""term_id"":""GOBP_T_CELL_PROLIFERATION"",""eligible"":true,""NES"":1.5610212076119596,""FDR"":0.2131219490228319,""leading_edge_n"":18,""qualified"":false}]",NOT_APPLICABLE,,TRANSCRIPTOME,EXP003-C4
CTX003_P075,P075,CTX003,P,GOBP_VASCULAR_ENDOTHELIAL_CELL_PROLIFERATION,,INACTIVE,OBSERVED_NULL,"[{""term_id"":""GOBP_VASCULAR_ENDOTHELIAL_CELL_PROLIFERATION"",""eligible"":true,""NES"":1.707342283182632,""FDR"":0.1343303764310801,""leading_edge_n"":6,""qualified"":false}]",NOT_APPLICABLE,,TRANSCRIPTOME,EXP003-C4
CTX003_P076,P076,CTX003,P,HALLMARK_E2F_TARGETS,,INACTIVE,OBSERVED_NULL,"[{""term_id"":""HALLMARK_E2F_TARGETS"",""eligible"":true,""NES"":0.7365913568475904,""FDR"":1.0,""leading_edge_n"":58,""qualified"":false}]",NOT_APPLICABLE,,TRANSCRIPTOME,EXP003-C4
CTX003_P077,P077,CTX003,P,HALLMARK_G2M_CHECKPOINT,,INACTIVE,OBSERVED_NULL,"[{""term_id"":""HALLMARK_G2M_CHECKPOINT"",""eligible"":true,""NES"":1.038737000438514,""FDR"":0.7050305056296673,""leading_edge_n"":41,""qualified"":false}]",NOT_APPLICABLE,,TRANSCRIPTOME,EXP003-C4
CTX003_P078,P078,CTX003,P,HALLMARK_MITOTIC_SPINDLE,,INACTIVE,OBSERVED_NULL,"[{""term_id"":""HALLMARK_MITOTIC_SPINDLE"",""eligible"":true,""NES"":0.8776606012025583,""FDR"":0.8999984177858272,""leading_edge_n"":67,""qualified"":false}]",NOT_APPLICABLE,,TRANSCRIPTOME,EXP003-C4
CTX003_P079,P079,CTX003,P,REACTOME_ABERRANT_REGULATION_OF_MITOTIC_EXIT_IN_CANCER_DUE_TO_RB1_DEFECTS;REACTOME_DISEASES_OF_MITOTIC_CELL_CYCLE;REACTOME_INHIBITION_OF_THE_PROTEOLYTIC_ACTIVITY_OF_APC_C_REQUIRED_FOR_THE_ONSET_OF_ANAPHASE_BY_MITOTIC_SPINDLE_CHECKPOINT_COMPONENTS,,INACTIVE,OBSERVED_NULL,"[{""term_id"":""REACTOME_ABERRANT_REGULATION_OF_MITOTIC_EXIT_IN_CANCER_DUE_TO_RB1_DEFECTS"",""eligible"":true,""NES"":-0.5584206770661251,""FDR"":1.0,""leading_edge_n"":6,""qualified"":false},{""term_id"":""REACTOME_DISEASES_OF_MITOTIC_CELL_CYCLE"",""eligible"":true,""NES"":0.8000436068214607,""FDR"":0.9681794352637212,""leading_edge_n"":12,""qualified"":false},{""term_id"":""REACTOME_INHIBITION_OF_THE_PROTEOLYTIC_ACTIVITY_OF_APC_C_REQUIRED_FOR_THE_ONSET_OF_ANAPHASE_BY_MITOTIC_SPINDLE_CHECKPOINT_COMPONENTS"",""eligible"":true,""NES"":-0.9260866546117574,""FDR"":1.0,""leading_edge_n"":7,""qualified"":false}]",NOT_APPLICABLE,,TRANSCRIPTOME,EXP003-C4
CTX003_P080,P080,CTX003,P,REACTOME_ABERRANT_REGULATION_OF_MITOTIC_G1_S_TRANSITION_IN_CANCER_DUE_TO_RB1_DEFECTS,,INACTIVE,OBSERVED_NULL,"[{""term_id"":""REACTOME_ABERRANT_REGULATION_OF_MITOTIC_G1_S_TRANSITION_IN_CANCER_DUE_TO_RB1_DEFECTS"",""eligible"":true,""NES"":0.9965221257210698,""FDR"":0.7534603434821323,""leading_edge_n"":8,""qualified"":false}]",NOT_APPLICABLE,,TRANSCRIPTOME,EXP003-C4
CTX003_P081,P081,CTX003,P,REACTOME_ACTIVATION_OF_APC_C_AND_APC_C_CDC20_MEDIATED_DEGRADATION_OF_MITOTIC_PROTEINS;REACTOME_APC_C_MEDIATED_DEGRADATION_OF_CELL_CYCLE_PROTEINS;REACTOME_FBXL7_DOWN_REGULATES_AURKA_DURING_MITOTIC_ENTRY_AND_IN_EARLY_MITOSIS,,INACTIVE,OBSERVED_NULL,"[{""term_id"":""REACTOME_ACTIVATION_OF_APC_C_AND_APC_C_CDC20_MEDIATED_DEGRADATION_OF_MITOTIC_PROTEINS"",""eligible"":true,""NES"":-0.9648293687411224,""FDR"":1.0,""leading_edge_n"":23,""qualified"":false},{""term_id"":""REACTOME_APC_C_MEDIATED_DEGRADATION_OF_CELL_CYCLE_PROTEINS"",""eligible"":true,""NES"":-0.57544363476871,""FDR"":1.0,""leading_edge_n"":20,""qualified"":false},{""term_id"":""REACTOME_FBXL7_DOWN_REGULATES_AURKA_DURING_MITOTIC_ENTRY_AND_IN_EARLY_MITOSIS"",""eligible"":true,""NES"":0.3442575669357589,""FDR"":0.9999626119305328,""leading_edge_n"":12,""qualified"":false}]",NOT_APPLICABLE,,TRANSCRIPTOME,EXP003-C4
CTX003_P082,P082,CTX003,P,REACTOME_CELL_CYCLE_CHECKPOINTS,,INACTIVE,OBSERVED_NULL,"[{""term_id"":""REACTOME_CELL_CYCLE_CHECKPOINTS"",""eligible"":true,""NES"":-0.8073940767437783,""FDR"":1.0,""leading_edge_n"":46,""qualified"":false}]",NOT_APPLICABLE,,TRANSCRIPTOME,EXP003-C4
CTX003_P083,P083,CTX003,P,REACTOME_DNA_REPLICATION;REACTOME_DNA_REPLICATION_PRE_INITIATION,,INACTIVE,OBSERVED_NULL,"[{""term_id"":""REACTOME_DNA_REPLICATION"",""eligible"":true,""NES"":0.6879851072155443,""FDR"":1.0,""leading_edge_n"":34,""qualified"":false},{""term_id"":""REACTOME_DNA_REPLICATION_PRE_INITIATION"",""eligible"":true,""NES"":0.6901340210791411,""FDR"":1.0,""leading_edge_n"":22,""qualified"":false}]",NOT_APPLICABLE,,TRANSCRIPTOME,EXP003-C4
CTX003_P084,P084,CTX003,P,REACTOME_E2F_MEDIATED_REGULATION_OF_DNA_REPLICATION,,INACTIVE,OBSERVED_NULL,"[{""term_id"":""REACTOME_E2F_MEDIATED_REGULATION_OF_DNA_REPLICATION"",""eligible"":true,""NES"":1.243649323003096,""FDR"":0.4569157440140222,""leading_edge_n"":6,""qualified"":false}]",NOT_APPLICABLE,,TRANSCRIPTOME,EXP003-C4
CTX003_P085,P085,CTX003,P,REACTOME_FOXO_MEDIATED_TRANSCRIPTION_OF_CELL_CYCLE_GENES,,INACTIVE,OBSERVED_NULL,"[{""term_id"":""REACTOME_FOXO_MEDIATED_TRANSCRIPTION_OF_CELL_CYCLE_GENES"",""eligible"":true,""NES"":0.7766719505489528,""FDR"":0.9856510846316402,""leading_edge_n"":6,""qualified"":false}]",NOT_APPLICABLE,,TRANSCRIPTOME,EXP003-C4
CTX003_P086,P086,CTX003,P,REACTOME_MEIOSIS,,INACTIVE,OBSERVED_NULL,"[{""term_id"":""REACTOME_MEIOSIS"",""eligible"":true,""NES"":0.7587085962957082,""FDR"":0.992899114755592,""leading_edge_n"":20,""qualified"":false}]",NOT_APPLICABLE,,TRANSCRIPTOME,EXP003-C4
CTX003_P087,P087,CTX003,P,REACTOME_MITOTIC_G1_PHASE_AND_G1_S_TRANSITION,,INACTIVE,OBSERVED_NULL,"[{""term_id"":""REACTOME_MITOTIC_G1_PHASE_AND_G1_S_TRANSITION"",""eligible"":true,""NES"":1.0947624371997695,""FDR"":0.6391274244011533,""leading_edge_n"":40,""qualified"":false}]",NOT_APPLICABLE,,TRANSCRIPTOME,EXP003-C4
CTX003_P088,P088,CTX003,P,REACTOME_MITOTIC_G2_G2_M_PHASES,,INACTIVE,OBSERVED_NULL,"[{""term_id"":""REACTOME_MITOTIC_G2_G2_M_PHASES"",""eligible"":true,""NES"":-0.746156178988524,""FDR"":1.0,""leading_edge_n"":21,""qualified"":false}]",NOT_APPLICABLE,,TRANSCRIPTOME,EXP003-C4
CTX003_P089,P089,CTX003,P,REACTOME_MITOTIC_METAPHASE_AND_ANAPHASE,,INACTIVE,OBSERVED_NULL,"[{""term_id"":""REACTOME_MITOTIC_METAPHASE_AND_ANAPHASE"",""eligible"":true,""NES"":-0.6950715544082495,""FDR"":1.0,""leading_edge_n"":30,""qualified"":false}]",NOT_APPLICABLE,,TRANSCRIPTOME,EXP003-C4
CTX003_P090,P090,CTX003,P,REACTOME_MITOTIC_PROMETAPHASE,,INACTIVE,OBSERVED_NULL,"[{""term_id"":""REACTOME_MITOTIC_PROMETAPHASE"",""eligible"":true,""NES"":-1.199839494265326,""FDR"":0.9646200162240152,""leading_edge_n"":38,""qualified"":false}]",NOT_APPLICABLE,,TRANSCRIPTOME,EXP003-C4
CTX003_P091,P091,CTX003,P,REACTOME_MITOTIC_PROPHASE,,INACTIVE,OBSERVED_NULL,"[{""term_id"":""REACTOME_MITOTIC_PROPHASE"",""eligible"":true,""NES"":0.97695856354201,""FDR"":0.7758913067756839,""leading_edge_n"":27,""qualified"":false}]",NOT_APPLICABLE,,TRANSCRIPTOME,EXP003-C4
CTX003_P092,P092,CTX003,P,REACTOME_MITOTIC_SPINDLE_CHECKPOINT,,INACTIVE,OBSERVED_NULL,"[{""term_id"":""REACTOME_MITOTIC_SPINDLE_CHECKPOINT"",""eligible"":true,""NES"":-1.2778798627168109,""FDR"":0.857704385668889,""leading_edge_n"":23,""qualified"":false}]",NOT_APPLICABLE,,TRANSCRIPTOME,EXP003-C4
CTX003_P093,P093,CTX003,P,REACTOME_POSTMITOTIC_NUCLEAR_PORE_COMPLEX_NPC_REFORMATION,,INACTIVE,OBSERVED_NULL,"[{""term_id"":""REACTOME_POSTMITOTIC_NUCLEAR_PORE_COMPLEX_NPC_REFORMATION"",""eligible"":true,""NES"":1.3072710694082357,""FDR"":0.3923417945680505,""leading_edge_n"":12,""qualified"":false}]",NOT_APPLICABLE,,TRANSCRIPTOME,EXP003-C4
CTX003_P094,P094,CTX003,P,REACTOME_RECRUITMENT_OF_MITOTIC_CENTROSOME_PROTEINS_AND_COMPLEXES;REACTOME_RECRUITMENT_OF_NUMA_TO_MITOTIC_CENTROSOMES,,INACTIVE,OBSERVED_NULL,"[{""term_id"":""REACTOME_RECRUITMENT_OF_MITOTIC_CENTROSOME_PROTEINS_AND_COMPLEXES"",""eligible"":true,""NES"":-1.341122638939316,""FDR"":0.7344588704182455,""leading_edge_n"":18,""qualified"":false},{""term_id"":""REACTOME_RECRUITMENT_OF_NUMA_TO_MITOTIC_CENTROSOMES"",""eligible"":true,""NES"":-1.1928294583048884,""FDR"":0.9587816616458374,""leading_edge_n"":20,""qualified"":false}]",NOT_APPLICABLE,,TRANSCRIPTOME,EXP003-C4
CTX003_P095,P095,CTX003,P,REACTOME_REGULATION_OF_MITF_M_DEPENDENT_GENES_INVOLVED_IN_CELL_CYCLE_AND_PROLIFERATION,,INACTIVE,OBSERVED_NULL,"[{""term_id"":""REACTOME_REGULATION_OF_MITF_M_DEPENDENT_GENES_INVOLVED_IN_CELL_CYCLE_AND_PROLIFERATION"",""eligible"":true,""NES"":-1.0291224273622457,""FDR"":1.0,""leading_edge_n"":8,""qualified"":false}]",NOT_APPLICABLE,,TRANSCRIPTOME,EXP003-C4
CTX003_P096,P096,CTX003,P,REACTOME_SUMOYLATION_OF_DNA_REPLICATION_PROTEINS,,INACTIVE,OBSERVED_NULL,"[{""term_id"":""REACTOME_SUMOYLATION_OF_DNA_REPLICATION_PROTEINS"",""eligible"":true,""NES"":0.7350432233731895,""FDR"":1.0,""leading_edge_n"":17,""qualified"":false}]",NOT_APPLICABLE,,TRANSCRIPTOME,EXP003-C4
CTX003_P097,P097,CTX003,P,REACTOME_TP53_REGULATES_TRANSCRIPTION_OF_ADDITIONAL_CELL_CYCLE_GENES_WHOSE_EXACT_ROLE_IN_THE_P53_PATHWAY_REMAIN_UNCERTAIN,,INACTIVE,OBSERVED_NULL,"[{""term_id"":""REACTOME_TP53_REGULATES_TRANSCRIPTION_OF_ADDITIONAL_CELL_CYCLE_GENES_WHOSE_EXACT_ROLE_IN_THE_P53_PATHWAY_REMAIN_UNCERTAIN"",""eligible"":true,""NES"":0.9405173299777534,""FDR"":0.8255872310651163,""leading_edge_n"":3,""qualified"":false}]",NOT_APPLICABLE,,TRANSCRIPTOME,EXP003-C4
CTX003_P098,P098,CTX003,P,REACTOME_TP53_REGULATES_TRANSCRIPTION_OF_CELL_CYCLE_GENES,,INACTIVE,OBSERVED_NULL,"[{""term_id"":""REACTOME_TP53_REGULATES_TRANSCRIPTION_OF_CELL_CYCLE_GENES"",""eligible"":true,""NES"":1.0286308830801394,""FDR"":0.7123413463349071,""leading_edge_n"":15,""qualified"":false}]",NOT_APPLICABLE,,TRANSCRIPTOME,EXP003-C4
CTX003_P099,P099,CTX003,P,REACTOME_TP53_REGULATES_TRANSCRIPTION_OF_GENES_INVOLVED_IN_G2_CELL_CYCLE_ARREST,,INACTIVE,OBSERVED_NULL,"[{""term_id"":""REACTOME_TP53_REGULATES_TRANSCRIPTION_OF_GENES_INVOLVED_IN_G2_CELL_CYCLE_ARREST"",""eligible"":true,""NES"":0.8261686164752652,""FDR"":0.955404876741466,""leading_edge_n"":4,""qualified"":false}]",NOT_APPLICABLE,,TRANSCRIPTOME,EXP003-C4
CTX003_P100,P100,CTX003,P,REACTOME_VEGFR2_MEDIATED_CELL_PROLIFERATION,,INACTIVE,OBSERVED_NULL,"[{""term_id"":""REACTOME_VEGFR2_MEDIATED_CELL_PROLIFERATION"",""eligible"":true,""NES"":-0.772331239970371,""FDR"":1.0,""leading_edge_n"":1,""qualified"":false}]",NOT_APPLICABLE,,TRANSCRIPTOME,EXP003-C4
CTX003_M001,M001,CTX003,M,GOBP_AMEBOIDAL_TYPE_CELL_MIGRATION,,INACTIVE,OBSERVED_NULL,"[{""term_id"":""GOBP_AMEBOIDAL_TYPE_CELL_MIGRATION"",""eligible"":true,""NES"":-0.8218364760985033,""FDR"":1.0,""leading_edge_n"":25,""qualified"":false}]",NOT_APPLICABLE,,TRANSCRIPTOME,EXP003-C4
CTX003_M002,M002,CTX003,M,GOBP_BLOOD_VESSEL_ENDOTHELIAL_CELL_MIGRATION;GOBP_CELL_MIGRATION_INVOLVED_IN_SPROUTING_ANGIOGENESIS;GOBP_ENDOTHELIAL_CELL_MIGRATION;GOBP_NEGATIVE_REGULATION_OF_BLOOD_VESSEL_ENDOTHELIAL_CELL_MIGRATION;GOBP_NEGATIVE_REGULATION_OF_CELL_MIGRATION_INVOLVED_IN_SPROUTING_ANGIOGENESIS;GOBP_NEGATIVE_REGULATION_OF_ENDOTHELIAL_CELL_MIGRATION;GOBP_POSITIVE_REGULATION_OF_BLOOD_VESSEL_ENDOTHELIAL_CELL_MIGRATION;GOBP_POSITIVE_REGULATION_OF_ENDOTHELIAL_CELL_MIGRATION;GOBP_REGULATION_OF_CELL_MIGRATION_INVOLVED_IN_SPROUTING_ANGIOGENESIS;GOBP_REGULATION_OF_ENDOTHELIAL_CELL_MIGRATION,,INACTIVE,OBSERVED_NULL,"[{""term_id"":""GOBP_BLOOD_VESSEL_ENDOTHELIAL_CELL_MIGRATION"",""eligible"":true,""NES"":1.4677140954951793,""FDR"":0.2721070138733186,""leading_edge_n"":30,""qualified"":false},{""term_id"":""GOBP_CELL_MIGRATION_INVOLVED_IN_SPROUTING_ANGIOGENESIS"",""eligible"":true,""NES"":1.025845370905304,""FDR"":0.7115415662836322,""leading_edge_n"":16,""qualified"":false},{""term_id"":""GOBP_ENDOTHELIAL_CELL_MIGRATION"",""eligible"":true,""NES"":1.2800259021386589,""FDR"":0.4188125497782799,""leading_edge_n"":46,""qualified"":false},{""term_id"":""GOBP_NEGATIVE_REGULATION_OF_BLOOD_VESSEL_ENDOTHELIAL_CELL_MIGRATION"",""eligible"":true,""NES"":0.915622095301638,""FDR"":0.85297564960382,""leading_edge_n"":9,""qualified"":false},{""term_id"":""GOBP_NEGATIVE_REGULATION_OF_CELL_MIGRATION_INVOLVED_IN_SPROUTING_ANGIOGENESIS"",""eligible"":true,""NES"":-0.7937742831077937,""FDR"":1.0,""leading_edge_n"":6,""qualified"":false},{""term_id"":""GOBP_NEGATIVE_REGULATION_OF_ENDOTHELIAL_CELL_MIGRATION"",""eligible"":true,""NES"":1.1453164858531648,""FDR"":0.5706581257536139,""leading_edge_n"":6,""qualified"":false},{""term_id"":""GOBP_POSITIVE_REGULATION_OF_BLOOD_VESSEL_ENDOTHELIAL_CELL_MIGRATION"",""eligible"":true,""NES"":1.2389816923263772,""FDR"":0.4582709111954159,""leading_edge_n"":17,""qualified"":false},{""term_id"":""GOBP_POSITIVE_REGULATION_OF_ENDOTHELIAL_CELL_MIGRATION"",""eligible"":true,""NES"":1.2018323906839177,""FDR"":0.5029852476529731,""leading_edge_n"":29,""qualified"":false},{""term_id"":""GOBP_REGULATION_OF_CELL_MIGRATION_INVOLVED_IN_SPROUTING_ANGIOGENESIS"",""eligible"":true,""NES"":-0.7177003077893499,""FDR"":1.0,""leading_edge_n"":10,""qualified"":false},{""term_id"":""GOBP_REGULATION_OF_ENDOTHELIAL_CELL_MIGRATION"",""eligible"":true,""NES"":1.3308561254924616,""FDR"":0.3742013556762614,""leading_edge_n"":38,""qualified"":false}]",NOT_APPLICABLE,,TRANSCRIPTOME,EXP003-C4
CTX003_M003,M003,CTX003,M,GOBP_CELL_CHEMOTAXIS;GOBP_GRANULOCYTE_CHEMOTAXIS;GOBP_GRANULOCYTE_MIGRATION;GOBP_LEUKOCYTE_CHEMOTAXIS;GOBP_LEUKOCYTE_MIGRATION;GOBP_MONONUCLEAR_CELL_MIGRATION;GOBP_MYELOID_LEUKOCYTE_MIGRATION;GOBP_NEUTROPHIL_CHEMOTAXIS;GOBP_NEUTROPHIL_MIGRATION;GOBP_POSITIVE_REGULATION_OF_CHEMOTAXIS;GOBP_POSITIVE_REGULATION_OF_LEUKOCYTE_CHEMOTAXIS;GOBP_POSITIVE_REGULATION_OF_LEUKOCYTE_MIGRATION;GOBP_POSITIVE_REGULATION_OF_MONONUCLEAR_CELL_MIGRATION;GOBP_REGULATION_OF_CHEMOTAXIS;GOBP_REGULATION_OF_LEUKOCYTE_CHEMOTAXIS;GOBP_REGULATION_OF_LEUKOCYTE_MIGRATION;GOBP_REGULATION_OF_MONONUCLEAR_CELL_MIGRATION,GOBP_CELL_CHEMOTAXIS;GOBP_GRANULOCYTE_CHEMOTAXIS;GOBP_GRANULOCYTE_MIGRATION;GOBP_LEUKOCYTE_CHEMOTAXIS;GOBP_LEUKOCYTE_MIGRATION;GOBP_MONONUCLEAR_CELL_MIGRATION;GOBP_MYELOID_LEUKOCYTE_MIGRATION;GOBP_NEUTROPHIL_CHEMOTAXIS;GOBP_NEUTROPHIL_MIGRATION;GOBP_POSITIVE_REGULATION_OF_LEUKOCYTE_MIGRATION,POSITIVE,QUALIFIED,"[{""term_id"":""GOBP_CELL_CHEMOTAXIS"",""eligible"":true,""NES"":2.45420210696382,""FDR"":0.0003036786280646,""leading_edge_n"":48,""qualified"":true},{""term_id"":""GOBP_GRANULOCYTE_CHEMOTAXIS"",""eligible"":true,""NES"":2.5633263905064863,""FDR"":0.0,""leading_edge_n"":16,""qualified"":true},{""term_id"":""GOBP_GRANULOCYTE_MIGRATION"",""eligible"":true,""NES"":2.4895210504353016,""FDR"":0.0001349682791398,""leading_edge_n"":27,""qualified"":true},{""term_id"":""GOBP_LEUKOCYTE_CHEMOTAXIS"",""eligible"":true,""NES"":2.433072373876352,""FDR"":0.0004338266115209,""leading_edge_n"":36,""qualified"":true},{""term_id"":""GOBP_LEUKOCYTE_MIGRATION"",""eligible"":true,""NES"":2.389179261474719,""FDR"":0.0005716303587099,""leading_edge_n"":57,""qualified"":true},{""term_id"":""GOBP_MONONUCLEAR_CELL_MIGRATION"",""eligible"":true,""NES"":2.020711959394662,""FDR"":0.0484367411763161,""leading_edge_n"":30,""qualified"":true},{""term_id"":""GOBP_MYELOID_LEUKOCYTE_MIGRATION"",""eligible"":true,""NES"":2.27955578547928,""FDR"":0.0036441435367761,""leading_edge_n"":36,""qualified"":true},{""term_id"":""GOBP_NEUTROPHIL_CHEMOTAXIS"",""eligible"":true,""NES"":2.2577237603720413,""FDR"":0.0052493019994037,""leading_edge_n"":10,""qualified"":true},{""term_id"":""GOBP_NEUTROPHIL_MIGRATION"",""eligible"":true,""NES"":2.209326662431673,""FDR"":0.0110499836276437,""leading_edge_n"":18,""qualified"":true},{""term_id"":""GOBP_POSITIVE_REGULATION_OF_CHEMOTAXIS"",""eligible"":true,""NES"":1.8293306275793504,""FDR"":0.1002376986624214,""leading_edge_n"":24,""qualified"":false},{""term_id"":""GOBP_POSITIVE_REGULATION_OF_LEUKOCYTE_CHEMOTAXIS"",""eligible"":true,""NES"":1.953519670291811,""FDR"":0.069062041451509,""leading_edge_n"":15,""qualified"":false},{""term_id"":""GOBP_POSITIVE_REGULATION_OF_LEUKOCYTE_MIGRATION"",""eligible"":true,""NES"":2.086019633776102,""FDR"":0.0343058888865323,""leading_edge_n"":20,""qualified"":true},{""term_id"":""GOBP_POSITIVE_REGULATION_OF_MONONUCLEAR_CELL_MIGRATION"",""eligible"":true,""NES"":1.781790542396268,""FDR"":0.1118150280619063,""leading_edge_n"":13,""qualified"":false},{""term_id"":""GOBP_REGULATION_OF_CHEMOTAXIS"",""eligible"":true,""NES"":1.7498364792054082,""FDR"":0.1194877440586745,""leading_edge_n"":31,""qualified"":false},{""term_id"":""GOBP_REGULATION_OF_LEUKOCYTE_CHEMOTAXIS"",""eligible"":true,""NES"":1.9572679896764136,""FDR"":0.0688754480922767,""leading_edge_n"":21,""qualified"":false},{""term_id"":""GOBP_REGULATION_OF_LEUKOCYTE_MIGRATION"",""eligible"":true,""NES"":2.0123233402779297,""FDR"":0.0506842967367728,""leading_edge_n"":37,""qualified"":false},{""term_id"":""GOBP_REGULATION_OF_MONONUCLEAR_CELL_MIGRATION"",""eligible"":true,""NES"":1.800950373993633,""FDR"":0.106069110563044,""leading_edge_n"":23,""qualified"":false}]",NOT_APPLICABLE,,TRANSCRIPTOME,EXP003-C4
CTX003_M004,M004,CTX003,M,GOBP_CELL_MIGRATION_INVOLVED_IN_HEART_DEVELOPMENT,,INACTIVE,OBSERVED_NULL,"[{""term_id"":""GOBP_CELL_MIGRATION_INVOLVED_IN_HEART_DEVELOPMENT"",""eligible"":true,""NES"":-1.1971081082293884,""FDR"":0.9669741387105588,""leading_edge_n"":6,""qualified"":false}]",NOT_APPLICABLE,,TRANSCRIPTOME,EXP003-C4
CTX003_M005,M005,CTX003,M,GOBP_CEREBRAL_CORTEX_CELL_MIGRATION;GOBP_CEREBRAL_CORTEX_RADIALLY_ORIENTED_CELL_MIGRATION;GOBP_FOREBRAIN_CELL_MIGRATION;GOBP_TELENCEPHALON_GLIAL_CELL_MIGRATION,,INACTIVE,OBSERVED_NULL,"[{""term_id"":""GOBP_CEREBRAL_CORTEX_CELL_MIGRATION"",""eligible"":true,""NES"":1.1316303687941127,""FDR"":0.5881366652312806,""leading_edge_n"":4,""qualified"":false},{""term_id"":""GOBP_CEREBRAL_CORTEX_RADIALLY_ORIENTED_CELL_MIGRATION"",""eligible"":true,""NES"":-1.402009469239927,""FDR"":0.6510627416852766,""leading_edge_n"":12,""qualified"":false},{""term_id"":""GOBP_FOREBRAIN_CELL_MIGRATION"",""eligible"":true,""NES"":1.0031615082531873,""FDR"":0.7410477852925071,""leading_edge_n"":4,""qualified"":false},{""term_id"":""GOBP_TELENCEPHALON_GLIAL_CELL_MIGRATION"",""eligible"":true,""NES"":-1.2467512800002374,""FDR"":0.8811669274362683,""leading_edge_n"":8,""qualified"":false}]",NOT_APPLICABLE,,TRANSCRIPTOME,EXP003-C4
CTX003_M006,M006,CTX003,M,GOBP_CILIUM_OR_FLAGELLUM_DEPENDENT_CELL_MOTILITY,,INACTIVE,OBSERVED_NULL,"[{""term_id"":""GOBP_CILIUM_OR_FLAGELLUM_DEPENDENT_CELL_MOTILITY"",""eligible"":true,""NES"":-1.164172739044298,""FDR"":0.961090095080193,""leading_edge_n"":23,""qualified"":false}]",NOT_APPLICABLE,,TRANSCRIPTOME,EXP003-C4
CTX003_M007,M007,CTX003,M,GOBP_ENDOTHELIAL_CELL_CHEMOTAXIS;GOBP_REGULATION_OF_ENDOTHELIAL_CELL_CHEMOTAXIS,,INACTIVE,OBSERVED_NULL,"[{""term_id"":""GOBP_ENDOTHELIAL_CELL_CHEMOTAXIS"",""eligible"":true,""NES"":0.8463226563954265,""FDR"":0.9341840702459994,""leading_edge_n"":7,""qualified"":false},{""term_id"":""GOBP_REGULATION_OF_ENDOTHELIAL_CELL_CHEMOTAXIS"",""eligible"":false,""NES"":null,""FDR"":null,""leading_edge_n"":0,""qualified"":false}]",NOT_APPLICABLE,,TRANSCRIPTOME,EXP003-C4
CTX003_M008,M008,CTX003,M,GOBP_FIBROBLAST_MIGRATION;GOBP_REGULATION_OF_FIBROBLAST_MIGRATION,,INACTIVE,OBSERVED_NULL,"[{""term_id"":""GOBP_FIBROBLAST_MIGRATION"",""eligible"":true,""NES"":1.131634119642296,""FDR"":0.5885650148138677,""leading_edge_n"":20,""qualified"":false},{""term_id"":""GOBP_REGULATION_OF_FIBROBLAST_MIGRATION"",""eligible"":true,""NES"":0.9592960869724458,""FDR"":0.8000594161575392,""leading_edge_n"":3,""qualified"":false}]",NOT_APPLICABLE,,TRANSCRIPTOME,EXP003-C4
CTX003_M009,M009,CTX003,M,GOBP_GLIAL_CELL_MIGRATION,,INACTIVE,OBSERVED_NULL,"[{""term_id"":""GOBP_GLIAL_CELL_MIGRATION"",""eligible"":true,""NES"":1.3159650616737348,""FDR"":0.3848378850482672,""leading_edge_n"":5,""qualified"":false}]",NOT_APPLICABLE,,TRANSCRIPTOME,EXP003-C4
CTX003_M010,M010,CTX003,M,GOBP_LYMPHOCYTE_CHEMOTAXIS,GOBP_LYMPHOCYTE_CHEMOTAXIS,POSITIVE,QUALIFIED,"[{""term_id"":""GOBP_LYMPHOCYTE_CHEMOTAXIS"",""eligible"":true,""NES"":2.038428481109952,""FDR"":0.0447494827725925,""leading_edge_n"":9,""qualified"":true}]",NOT_APPLICABLE,,TRANSCRIPTOME,EXP003-C4
CTX003_M011,M011,CTX003,M,GOBP_LYMPHOCYTE_MIGRATION;GOBP_POSITIVE_REGULATION_OF_LYMPHOCYTE_MIGRATION;GOBP_POSITIVE_REGULATION_OF_T_CELL_MIGRATION;GOBP_REGULATION_OF_LYMPHOCYTE_MIGRATION;GOBP_REGULATION_OF_T_CELL_MIGRATION;GOBP_T_CELL_MIGRATION,GOBP_LYMPHOCYTE_MIGRATION,POSITIVE,QUALIFIED,"[{""term_id"":""GOBP_LYMPHOCYTE_MIGRATION"",""eligible"":true,""NES"":2.1067613363746545,""FDR"":0.0299404632558582,""leading_edge_n"":18,""qualified"":true},{""term_id"":""GOBP_POSITIVE_REGULATION_OF_LYMPHOCYTE_MIGRATION"",""eligible"":true,""NES"":1.2913066244248252,""FDR"":0.4098985164024627,""leading_edge_n"":6,""qualified"":false},{""term_id"":""GOBP_POSITIVE_REGULATION_OF_T_CELL_MIGRATION"",""eligible"":true,""NES"":0.9410993116354024,""FDR"":0.8252352951937825,""leading_edge_n"":5,""qualified"":false},{""term_id"":""GOBP_REGULATION_OF_LYMPHOCYTE_MIGRATION"",""eligible"":true,""NES"":1.71344399618773,""FDR"":0.1314398913157951,""leading_edge_n"":9,""qualified"":false},{""term_id"":""GOBP_REGULATION_OF_T_CELL_MIGRATION"",""eligible"":true,""NES"":1.1722038248002862,""FDR"":0.5351335481023541,""leading_edge_n"":10,""qualified"":false},{""term_id"":""GOBP_T_CELL_MIGRATION"",""eligible"":true,""NES"":1.970892520340925,""FDR"":0.0649753174400346,""leading_edge_n"":13,""qualified"":false}]",NOT_APPLICABLE,,TRANSCRIPTOME,EXP003-C4
CTX003_M012,M012,CTX003,M,GOBP_MACROPHAGE_CHEMOTAXIS;GOBP_MACROPHAGE_MIGRATION;GOBP_POSITIVE_REGULATION_OF_MACROPHAGE_CHEMOTAXIS;GOBP_POSITIVE_REGULATION_OF_MACROPHAGE_MIGRATION;GOBP_REGULATION_OF_MACROPHAGE_CHEMOTAXIS;GOBP_REGULATION_OF_MACROPHAGE_MIGRATION,,INACTIVE,OBSERVED_NULL,"[{""term_id"":""GOBP_MACROPHAGE_CHEMOTAXIS"",""eligible"":true,""NES"":1.692429598491152,""FDR"":0.1404707275400922,""leading_edge_n"":4,""qualified"":false},{""term_id"":""GOBP_MACROPHAGE_MIGRATION"",""eligible"":true,""NES"":1.6649984577009838,""FDR"":0.1524841624771184,""leading_edge_n"":8,""qualified"":false},{""term_id"":""GOBP_POSITIVE_REGULATION_OF_MACROPHAGE_CHEMOTAXIS"",""eligible"":false,""NES"":null,""FDR"":null,""leading_edge_n"":0,""qualified"":false},{""term_id"":""GOBP_POSITIVE_REGULATION_OF_MACROPHAGE_MIGRATION"",""eligible"":true,""NES"":1.962060432448453,""FDR"":0.0683160113673193,""leading_edge_n"":5,""qualified"":false},{""term_id"":""GOBP_REGULATION_OF_MACROPHAGE_CHEMOTAXIS"",""eligible"":true,""NES"":1.8602925180101648,""FDR"":0.0926162517742916,""leading_edge_n"":4,""qualified"":false},{""term_id"":""GOBP_REGULATION_OF_MACROPHAGE_MIGRATION"",""eligible"":true,""NES"":1.8090736317967069,""FDR"":0.1041121892420108,""leading_edge_n"":5,""qualified"":false}]",NOT_APPLICABLE,,TRANSCRIPTOME,EXP003-C4
CTX003_M013,M013,CTX003,M,GOBP_MESENCHYMAL_CELL_MIGRATION,,INACTIVE,OBSERVED_NULL,"[{""term_id"":""GOBP_MESENCHYMAL_CELL_MIGRATION"",""eligible"":true,""NES"":-1.055124370259551,""FDR"":1.0,""leading_edge_n"":9,""qualified"":false}]",NOT_APPLICABLE,,TRANSCRIPTOME,EXP003-C4
CTX003_M014,M014,CTX003,M,GOBP_MONOCYTE_CHEMOTAXIS;GOBP_REGULATION_OF_MONOCYTE_CHEMOTAXIS,,INACTIVE,OBSERVED_NULL,"[{""term_id"":""GOBP_MONOCYTE_CHEMOTAXIS"",""eligible"":true,""NES"":1.841959782946111,""FDR"":0.0971274358252244,""leading_edge_n"":5,""qualified"":false},{""term_id"":""GOBP_REGULATION_OF_MONOCYTE_CHEMOTAXIS"",""eligible"":true,""NES"":1.2098002924131297,""FDR"":0.4925570256351084,""leading_edge_n"":6,""qualified"":false}]",NOT_APPLICABLE,,TRANSCRIPTOME,EXP003-C4
CTX003_M015,M015,CTX003,M,GOBP_MUSCLE_CELL_MIGRATION;GOBP_SMOOTH_MUSCLE_CELL_MIGRATION;GOBP_VASCULAR_ASSOCIATED_SMOOTH_MUSCLE_CELL_MIGRATION,,INACTIVE,OBSERVED_NULL,"[{""term_id"":""GOBP_MUSCLE_CELL_MIGRATION"",""eligible"":true,""NES"":-0.8015462790498615,""FDR"":1.0,""leading_edge_n"":11,""qualified"":false},{""term_id"":""GOBP_SMOOTH_MUSCLE_CELL_MIGRATION"",""eligible"":true,""NES"":-0.8646034723820922,""FDR"":1.0,""leading_edge_n"":10,""qualified"":false},{""term_id"":""GOBP_VASCULAR_ASSOCIATED_SMOOTH_MUSCLE_CELL_MIGRATION"",""eligible"":true,""NES"":-0.6722836932708163,""FDR"":1.0,""leading_edge_n"":4,""qualified"":false}]",NOT_APPLICABLE,,TRANSCRIPTOME,EXP003-C4
CTX003_M016,M016,CTX003,M,GOBP_NEGATIVE_CHEMOTAXIS,,INACTIVE,OBSERVED_NULL,"[{""term_id"":""GOBP_NEGATIVE_CHEMOTAXIS"",""eligible"":true,""NES"":1.340063653465979,""FDR"":0.3661064932966806,""leading_edge_n"":9,""qualified"":false}]",NOT_APPLICABLE,,TRANSCRIPTOME,EXP003-C4
CTX003_M017,M017,CTX003,M,GOBP_NEGATIVE_REGULATION_OF_CHEMOTAXIS,,INACTIVE,OBSERVED_NULL,"[{""term_id"":""GOBP_NEGATIVE_REGULATION_OF_CHEMOTAXIS"",""eligible"":true,""NES"":1.59588773966515,""FDR"":0.1894144829448752,""leading_edge_n"":11,""qualified"":false}]",NOT_APPLICABLE,,TRANSCRIPTOME,EXP003-C4
CTX003_M018,M018,CTX003,M,GOBP_NEGATIVE_REGULATION_OF_LEUKOCYTE_MIGRATION;GOBP_NEGATIVE_REGULATION_OF_MONONUCLEAR_CELL_MIGRATION,,INACTIVE,OBSERVED_NULL,"[{""term_id"":""GOBP_NEGATIVE_REGULATION_OF_LEUKOCYTE_MIGRATION"",""eligible"":true,""NES"":1.828801956562824,""FDR"":0.099977752772849,""leading_edge_n"":13,""qualified"":false},{""term_id"":""GOBP_NEGATIVE_REGULATION_OF_MONONUCLEAR_CELL_MIGRATION"",""eligible"":true,""NES"":1.9807331849485963,""FDR"":0.0617050432540309,""leading_edge_n"":9,""qualified"":false}]",NOT_APPLICABLE,,TRANSCRIPTOME,EXP003-C4
CTX003_M019,M019,CTX003,M,GOBP_NEGATIVE_REGULATION_OF_LOCOMOTION,,INACTIVE,OBSERVED_NULL,"[{""term_id"":""GOBP_NEGATIVE_REGULATION_OF_LOCOMOTION"",""eligible"":true,""NES"":1.1589817660879111,""FDR"":0.5514506912863704,""leading_edge_n"":49,""qualified"":false}]",NOT_APPLICABLE,,TRANSCRIPTOME,EXP003-C4
CTX003_M020,M020,CTX003,M,GOBP_NEGATIVE_REGULATION_OF_SMOOTH_MUSCLE_CELL_MIGRATION,,INACTIVE,OBSERVED_NULL,"[{""term_id"":""GOBP_NEGATIVE_REGULATION_OF_SMOOTH_MUSCLE_CELL_MIGRATION"",""eligible"":true,""NES"":-1.107255938202861,""FDR"":1.0,""leading_edge_n"":5,""qualified"":false}]",NOT_APPLICABLE,,TRANSCRIPTOME,EXP003-C4
CTX003_M021,M021,CTX003,M,GOBP_NEURON_MIGRATION,,INACTIVE,OBSERVED_NULL,"[{""term_id"":""GOBP_NEURON_MIGRATION"",""eligible"":true,""NES"":-1.1702482765361089,""FDR"":0.969450433657394,""leading_edge_n"":32,""qualified"":false}]",NOT_APPLICABLE,,TRANSCRIPTOME,EXP003-C4
CTX003_M022,M022,CTX003,M,GOBP_POSITIVE_CHEMOTAXIS,,INACTIVE,OBSERVED_NULL,"[{""term_id"":""GOBP_POSITIVE_CHEMOTAXIS"",""eligible"":true,""NES"":1.5043081446812785,""FDR"":0.2501966945898554,""leading_edge_n"":9,""qualified"":false}]",NOT_APPLICABLE,,TRANSCRIPTOME,EXP003-C4
CTX003_M023,M023,CTX003,M,GOBP_POSITIVE_REGULATION_OF_CELL_MIGRATION_INVOLVED_IN_SPROUTING_ANGIOGENESIS,,INACTIVE,OBSERVED_NULL,"[{""term_id"":""GOBP_POSITIVE_REGULATION_OF_CELL_MIGRATION_INVOLVED_IN_SPROUTING_ANGIOGENESIS"",""eligible"":true,""NES"":0.8062421211749596,""FDR"":0.9653243543799755,""leading_edge_n"":2,""qualified"":false}]",NOT_APPLICABLE,,TRANSCRIPTOME,EXP003-C4
CTX003_M024,M024,CTX003,M,GOBP_POSITIVE_REGULATION_OF_EPITHELIAL_CELL_MIGRATION;GOBP_REGULATION_OF_EPITHELIAL_CELL_MIGRATION;GOBP_TISSUE_MIGRATION,,INACTIVE,OBSERVED_NULL,"[{""term_id"":""GOBP_POSITIVE_REGULATION_OF_EPITHELIAL_CELL_MIGRATION"",""eligible"":true,""NES"":-1.1977150588563992,""FDR"":0.9676291724394588,""leading_edge_n"":5,""qualified"":false},{""term_id"":""GOBP_REGULATION_OF_EPITHELIAL_CELL_MIGRATION"",""eligible"":true,""NES"":-0.6792886729419446,""FDR"":1.0,""leading_edge_n"":5,""qualified"":false},{""term_id"":""GOBP_TISSUE_MIGRATION"",""eligible"":true,""NES"":-0.6570862033803808,""FDR"":1.0,""leading_edge_n"":8,""qualified"":false}]",NOT_APPLICABLE,,TRANSCRIPTOME,EXP003-C4
CTX003_M025,M025,CTX003,M,GOBP_POSITIVE_REGULATION_OF_GRANULOCYTE_CHEMOTAXIS;GOBP_POSITIVE_REGULATION_OF_NEUTROPHIL_MIGRATION;GOBP_REGULATION_OF_GRANULOCYTE_CHEMOTAXIS;GOBP_REGULATION_OF_NEUTROPHIL_CHEMOTAXIS;GOBP_REGULATION_OF_NEUTROPHIL_MIGRATION,GOBP_REGULATION_OF_GRANULOCYTE_CHEMOTAXIS,POSITIVE,QUALIFIED,"[{""term_id"":""GOBP_POSITIVE_REGULATION_OF_GRANULOCYTE_CHEMOTAXIS"",""eligible"":true,""NES"":1.328369076628192,""FDR"":0.3757443803737838,""leading_edge_n"":3,""qualified"":false},{""term_id"":""GOBP_POSITIVE_REGULATION_OF_NEUTROPHIL_MIGRATION"",""eligible"":true,""NES"":1.3270907732789028,""FDR"":0.3767770596488991,""leading_edge_n"":5,""qualified"":false},{""term_id"":""GOBP_REGULATION_OF_GRANULOCYTE_CHEMOTAXIS"",""eligible"":true,""NES"":2.1155249501869,""FDR"":0.0280785931487494,""leading_edge_n"":8,""qualified"":true},{""term_id"":""GOBP_REGULATION_OF_NEUTROPHIL_CHEMOTAXIS"",""eligible"":true,""NES"":1.4661321755385135,""FDR"":0.2718548462542509,""leading_edge_n"":4,""qualified"":false},{""term_id"":""GOBP_REGULATION_OF_NEUTROPHIL_MIGRATION"",""eligible"":true,""NES"":1.4013893402222486,""FDR"":0.3177927109085968,""leading_edge_n"":7,""qualified"":false}]",NOT_APPLICABLE,,TRANSCRIPTOME,EXP003-C4
CTX003_M026,M026,CTX003,M,GOBP_POSITIVE_REGULATION_OF_LOCOMOTION,,INACTIVE,OBSERVED_NULL,"[{""term_id"":""GOBP_POSITIVE_REGULATION_OF_LOCOMOTION"",""eligible"":true,""NES"":1.5699346235243992,""FDR"":0.2087235058259178,""leading_edge_n"":81,""qualified"":false}]",NOT_APPLICABLE,,TRANSCRIPTOME,EXP003-C4
CTX003_M027,M027,CTX003,M,GOBP_POSITIVE_REGULATION_OF_NEURON_MIGRATION,,INACTIVE,OBSERVED_NULL,"[{""term_id"":""GOBP_POSITIVE_REGULATION_OF_NEURON_MIGRATION"",""eligible"":false,""NES"":null,""FDR"":null,""leading_edge_n"":0,""qualified"":false}]",NOT_APPLICABLE,,TRANSCRIPTOME,EXP003-C4
CTX003_M028,M028,CTX003,M,GOBP_POSITIVE_REGULATION_OF_SMOOTH_MUSCLE_CELL_MIGRATION,,INACTIVE,OBSERVED_NULL,"[{""term_id"":""GOBP_POSITIVE_REGULATION_OF_SMOOTH_MUSCLE_CELL_MIGRATION"",""eligible"":true,""NES"":-0.9213231553453208,""FDR"":1.0,""leading_edge_n"":5,""qualified"":false}]",NOT_APPLICABLE,,TRANSCRIPTOME,EXP003-C4
CTX003_M029,M029,CTX003,M,GOBP_REGULATION_OF_NEURON_MIGRATION,,INACTIVE,OBSERVED_NULL,"[{""term_id"":""GOBP_REGULATION_OF_NEURON_MIGRATION"",""eligible"":true,""NES"":-0.9184368556281785,""FDR"":1.0,""leading_edge_n"":10,""qualified"":false}]",NOT_APPLICABLE,,TRANSCRIPTOME,EXP003-C4
CTX003_M030,M030,CTX003,M,GOBP_REGULATION_OF_POSITIVE_CHEMOTAXIS,,INACTIVE,OBSERVED_NULL,"[{""term_id"":""GOBP_REGULATION_OF_POSITIVE_CHEMOTAXIS"",""eligible"":true,""NES"":-1.1653743970292378,""FDR"":0.9678534495083548,""leading_edge_n"":6,""qualified"":false}]",NOT_APPLICABLE,,TRANSCRIPTOME,EXP003-C4
CTX003_M031,M031,CTX003,M,GOBP_SUBSTRATE_DEPENDENT_CELL_MIGRATION,,INACTIVE,OBSERVED_NULL,"[{""term_id"":""GOBP_SUBSTRATE_DEPENDENT_CELL_MIGRATION"",""eligible"":true,""NES"":1.0486462364821758,""FDR"":0.6897923710170064,""leading_edge_n"":6,""qualified"":false}]",NOT_APPLICABLE,,TRANSCRIPTOME,EXP003-C4
CTX003_M032,M032,CTX003,M,GOBP_TROPHOBLAST_CELL_MIGRATION,,INACTIVE,OBSERVED_NULL,"[{""term_id"":""GOBP_TROPHOBLAST_CELL_MIGRATION"",""eligible"":true,""NES"":-0.8635424877331409,""FDR"":1.0,""leading_edge_n"":3,""qualified"":false}]",NOT_APPLICABLE,,TRANSCRIPTOME,EXP003-C4
CTX003_M033,M033,CTX003,M,REACTOME_MET_PROMOTES_CELL_MOTILITY,,INACTIVE,OBSERVED_NULL,"[{""term_id"":""REACTOME_MET_PROMOTES_CELL_MOTILITY"",""eligible"":true,""NES"":-0.9319788621552514,""FDR"":1.0,""leading_edge_n"":11,""qualified"":false}]",NOT_APPLICABLE,,TRANSCRIPTOME,EXP003-C4
CTX003_M034,M034,CTX003,M,REACTOME_SEMA4D_INDUCED_CELL_MIGRATION_AND_GROWTH_CONE_COLLAPSE,,INACTIVE,OBSERVED_NULL,"[{""term_id"":""REACTOME_SEMA4D_INDUCED_CELL_MIGRATION_AND_GROWTH_CONE_COLLAPSE"",""eligible"":true,""NES"":1.1815977127714776,""FDR"":0.5229034252178725,""leading_edge_n"":8,""qualified"":false}]",NOT_APPLICABLE,,TRANSCRIPTOME,EXP003-C4
CTX003_E001,E001,CTX003,E,GOBP_BASEMENT_MEMBRANE_ORGANIZATION,,INACTIVE,OBSERVED_NULL,"[{""term_id"":""GOBP_BASEMENT_MEMBRANE_ORGANIZATION"",""eligible"":true,""NES"":1.1068810922239654,""FDR"":0.6256117881358482,""leading_edge_n"":4,""qualified"":false}]",NOT_APPLICABLE,,TRANSCRIPTOME,EXP003-C4
CTX003_E002,E002,CTX003,E,GOBP_COLLAGEN_BIOSYNTHETIC_PROCESS;GOBP_POSITIVE_REGULATION_OF_COLLAGEN_METABOLIC_PROCESS;GOBP_REGULATION_OF_COLLAGEN_METABOLIC_PROCESS,,INACTIVE,OBSERVED_NULL,"[{""term_id"":""GOBP_COLLAGEN_BIOSYNTHETIC_PROCESS"",""eligible"":true,""NES"":0.7632627713060463,""FDR"":0.9904248571121188,""leading_edge_n"":10,""qualified"":false},{""term_id"":""GOBP_POSITIVE_REGULATION_OF_COLLAGEN_METABOLIC_PROCESS"",""eligible"":true,""NES"":1.0670886908905426,""FDR"":0.6694704444125038,""leading_edge_n"":4,""qualified"":false},{""term_id"":""GOBP_REGULATION_OF_COLLAGEN_METABOLIC_PROCESS"",""eligible"":true,""NES"":0.9244667369982696,""FDR"":0.8405619533225814,""leading_edge_n"":5,""qualified"":false}]",NOT_APPLICABLE,,TRANSCRIPTOME,EXP003-C4
CTX003_E003,E003,CTX003,E,GOBP_COLLAGEN_CATABOLIC_PROCESS,,INACTIVE,OBSERVED_NULL,"[{""term_id"":""GOBP_COLLAGEN_CATABOLIC_PROCESS"",""eligible"":true,""NES"":1.3616283809408898,""FDR"":0.3485155539583809,""leading_edge_n"":5,""qualified"":false}]",NOT_APPLICABLE,,TRANSCRIPTOME,EXP003-C4
CTX003_E004,E004,CTX003,E,GOBP_COLLAGEN_FIBRIL_ORGANIZATION,,INACTIVE,OBSERVED_NULL,"[{""term_id"":""GOBP_COLLAGEN_FIBRIL_ORGANIZATION"",""eligible"":true,""NES"":-1.1776229847060335,""FDR"":0.9772074605589752,""leading_edge_n"":8,""qualified"":false}]",NOT_APPLICABLE,,TRANSCRIPTOME,EXP003-C4
CTX003_E005,E005,CTX003,E,GOBP_COLLAGEN_METABOLIC_PROCESS,,INACTIVE,OBSERVED_NULL,"[{""term_id"":""GOBP_COLLAGEN_METABOLIC_PROCESS"",""eligible"":true,""NES"":1.0415753102145624,""FDR"":0.7002257445460941,""leading_edge_n"":8,""qualified"":false}]",NOT_APPLICABLE,,TRANSCRIPTOME,EXP003-C4
CTX003_E006,E006,CTX003,E,GOBP_EXTRACELLULAR_MATRIX_ASSEMBLY,,INACTIVE,OBSERVED_NULL,"[{""term_id"":""GOBP_EXTRACELLULAR_MATRIX_ASSEMBLY"",""eligible"":true,""NES"":1.1006773781046502,""FDR"":0.6330926317347138,""leading_edge_n"":9,""qualified"":false}]",NOT_APPLICABLE,,TRANSCRIPTOME,EXP003-C4
CTX003_E007,E007,CTX003,E,GOBP_EXTRACELLULAR_MATRIX_DISASSEMBLY,,INACTIVE,OBSERVED_NULL,"[{""term_id"":""GOBP_EXTRACELLULAR_MATRIX_DISASSEMBLY"",""eligible"":true,""NES"":1.4238692295769368,""FDR"":0.3006648332259038,""leading_edge_n"":11,""qualified"":false}]",NOT_APPLICABLE,,TRANSCRIPTOME,EXP003-C4
CTX003_E008,E008,CTX003,E,GOBP_NEGATIVE_REGULATION_OF_EXTRACELLULAR_MATRIX_ORGANIZATION,,INACTIVE,OBSERVED_NULL,"[{""term_id"":""GOBP_NEGATIVE_REGULATION_OF_EXTRACELLULAR_MATRIX_ORGANIZATION"",""eligible"":true,""NES"":0.6485886338960881,""FDR"":1.0,""leading_edge_n"":5,""qualified"":false}]",NOT_APPLICABLE,,TRANSCRIPTOME,EXP003-C4
CTX003_E009,E009,CTX003,E,GOBP_NEGATIVE_REGULATION_OF_TISSUE_REMODELING,,INACTIVE,OBSERVED_NULL,"[{""term_id"":""GOBP_NEGATIVE_REGULATION_OF_TISSUE_REMODELING"",""eligible"":true,""NES"":1.722255998912365,""FDR"":0.1276602886678901,""leading_edge_n"":2,""qualified"":false}]",NOT_APPLICABLE,,TRANSCRIPTOME,EXP003-C4
CTX003_E010,E010,CTX003,E,GOBP_POSITIVE_REGULATION_OF_EXTRACELLULAR_MATRIX_ORGANIZATION,,INACTIVE,OBSERVED_NULL,"[{""term_id"":""GOBP_POSITIVE_REGULATION_OF_EXTRACELLULAR_MATRIX_ORGANIZATION"",""eligible"":true,""NES"":1.651512296693892,""FDR"":0.1586301809198625,""leading_edge_n"":8,""qualified"":false}]",NOT_APPLICABLE,,TRANSCRIPTOME,EXP003-C4
CTX003_E011,E011,CTX003,E,GOBP_REGULATION_OF_EXTRACELLULAR_MATRIX_DISASSEMBLY,,INACTIVE,OBSERVED_NULL,"[{""term_id"":""GOBP_REGULATION_OF_EXTRACELLULAR_MATRIX_DISASSEMBLY"",""eligible"":true,""NES"":1.370173350414665,""FDR"":0.344350849448533,""leading_edge_n"":3,""qualified"":false}]",NOT_APPLICABLE,,TRANSCRIPTOME,EXP003-C4
CTX003_E012,E012,CTX003,E,GOBP_REGULATION_OF_EXTRACELLULAR_MATRIX_ORGANIZATION,,INACTIVE,OBSERVED_NULL,"[{""term_id"":""GOBP_REGULATION_OF_EXTRACELLULAR_MATRIX_ORGANIZATION"",""eligible"":true,""NES"":1.2293245223386513,""FDR"":0.4675842559396759,""leading_edge_n"":12,""qualified"":false}]",NOT_APPLICABLE,,TRANSCRIPTOME,EXP003-C4
CTX003_E013,E013,CTX003,E,GOBP_REGULATION_OF_TISSUE_REMODELING,,INACTIVE,OBSERVED_NULL,"[{""term_id"":""GOBP_REGULATION_OF_TISSUE_REMODELING"",""eligible"":true,""NES"":1.3754314416780618,""FDR"":0.3398730882826442,""leading_edge_n"":4,""qualified"":false}]",NOT_APPLICABLE,,TRANSCRIPTOME,EXP003-C4
CTX003_E014,E014,CTX003,E,GOBP_TISSUE_REMODELING,,INACTIVE,OBSERVED_NULL,"[{""term_id"":""GOBP_TISSUE_REMODELING"",""eligible"":true,""NES"":1.0634595313462627,""FDR"":0.672904341339245,""leading_edge_n"":15,""qualified"":false}]",NOT_APPLICABLE,,TRANSCRIPTOME,EXP003-C4
CTX003_E015,E015,CTX003,E,REACTOME_ASSEMBLY_OF_COLLAGEN_FIBRILS_AND_OTHER_MULTIMERIC_STRUCTURES;REACTOME_COLLAGEN_BIOSYNTHESIS_AND_MODIFYING_ENZYMES;REACTOME_COLLAGEN_CHAIN_TRIMERIZATION;REACTOME_COLLAGEN_DEGRADATION;REACTOME_COLLAGEN_FORMATION,,INACTIVE,OBSERVED_NULL,"[{""term_id"":""REACTOME_ASSEMBLY_OF_COLLAGEN_FIBRILS_AND_OTHER_MULTIMERIC_STRUCTURES"",""eligible"":true,""NES"":1.139677285675807,""FDR"":0.5769847886431605,""leading_edge_n"":7,""qualified"":false},{""term_id"":""REACTOME_COLLAGEN_BIOSYNTHESIS_AND_MODIFYING_ENZYMES"",""eligible"":true,""NES"":-1.6300185671548275,""FDR"":0.3840878415371505,""leading_edge_n"":10,""qualified"":false},{""term_id"":""REACTOME_COLLAGEN_CHAIN_TRIMERIZATION"",""eligible"":true,""NES"":-1.6794385500794466,""FDR"":0.3430531569795152,""leading_edge_n"":16,""qualified"":false},{""term_id"":""REACTOME_COLLAGEN_DEGRADATION"",""eligible"":true,""NES"":-1.2333715149694546,""FDR"":0.9157474674904836,""leading_edge_n"":7,""qualified"":false},{""term_id"":""REACTOME_COLLAGEN_FORMATION"",""eligible"":true,""NES"":-1.2559226286661882,""FDR"":0.8791135165269659,""leading_edge_n"":10,""qualified"":false}]",NOT_APPLICABLE,,TRANSCRIPTOME,EXP003-C4
CTX003_E016,E016,CTX003,E,REACTOME_CELL_EXTRACELLULAR_MATRIX_INTERACTIONS,,INACTIVE,OBSERVED_NULL,"[{""term_id"":""REACTOME_CELL_EXTRACELLULAR_MATRIX_INTERACTIONS"",""eligible"":true,""NES"":1.426643533243838,""FDR"":0.300512596159927,""leading_edge_n"":9,""qualified"":false}]",NOT_APPLICABLE,,TRANSCRIPTOME,EXP003-C4
CTX003_E017,E017,CTX003,E,REACTOME_CROSSLINKING_OF_COLLAGEN_FIBRILS,,INACTIVE,OBSERVED_NULL,"[{""term_id"":""REACTOME_CROSSLINKING_OF_COLLAGEN_FIBRILS"",""eligible"":true,""NES"":-1.0511547096088945,""FDR"":1.0,""leading_edge_n"":2,""qualified"":false}]",NOT_APPLICABLE,,TRANSCRIPTOME,EXP003-C4
CTX003_E018,E018,CTX003,E,REACTOME_DEGRADATION_OF_THE_EXTRACELLULAR_MATRIX,,INACTIVE,OBSERVED_NULL,"[{""term_id"":""REACTOME_DEGRADATION_OF_THE_EXTRACELLULAR_MATRIX"",""eligible"":true,""NES"":-1.1287792296998065,""FDR"":0.9979820219895604,""leading_edge_n"":28,""qualified"":false}]",NOT_APPLICABLE,,TRANSCRIPTOME,EXP003-C4
CTX003_E019,E019,CTX003,E,REACTOME_ECM_PROTEOGLYCANS,,INACTIVE,OBSERVED_NULL,"[{""term_id"":""REACTOME_ECM_PROTEOGLYCANS"",""eligible"":true,""NES"":-1.1836861611246632,""FDR"":0.9685347357484896,""leading_edge_n"":24,""qualified"":false}]",NOT_APPLICABLE,,TRANSCRIPTOME,EXP003-C4
CTX003_E020,E020,CTX003,E,REACTOME_EXTRACELLULAR_MATRIX_ORGANIZATION,,INACTIVE,OBSERVED_NULL,"[{""term_id"":""REACTOME_EXTRACELLULAR_MATRIX_ORGANIZATION"",""eligible"":true,""NES"":1.315525788961584,""FDR"":0.3847710028911425,""leading_edge_n"":26,""qualified"":false}]",NOT_APPLICABLE,,TRANSCRIPTOME,EXP003-C4
CTX003_E021,E021,CTX003,E,REACTOME_INTEGRIN_CELL_SURFACE_INTERACTIONS,,INACTIVE,OBSERVED_NULL,"[{""term_id"":""REACTOME_INTEGRIN_CELL_SURFACE_INTERACTIONS"",""eligible"":true,""NES"":1.7091303913383362,""FDR"":0.1339619785427364,""leading_edge_n"":7,""qualified"":false}]",NOT_APPLICABLE,,TRANSCRIPTOME,EXP003-C4
CTX003_E022,E022,CTX003,E,REACTOME_NON_INTEGRIN_MEMBRANE_ECM_INTERACTIONS,,INACTIVE,OBSERVED_NULL,"[{""term_id"":""REACTOME_NON_INTEGRIN_MEMBRANE_ECM_INTERACTIONS"",""eligible"":true,""NES"":0.8876541626328575,""FDR"":0.8934294729339735,""leading_edge_n"":11,""qualified"":false}]",NOT_APPLICABLE,,TRANSCRIPTOME,EXP003-C4
CTX003_A001,A001,CTX003,A,GOBP_ANGIOGENESIS_INVOLVED_IN_WOUND_HEALING,,INACTIVE,OBSERVED_NULL,"[{""term_id"":""GOBP_ANGIOGENESIS_INVOLVED_IN_WOUND_HEALING"",""eligible"":true,""NES"":1.882320935126799,""FDR"":0.0845522281499548,""leading_edge_n"":3,""qualified"":false}]",NOT_APPLICABLE,,TRANSCRIPTOME,EXP003-C4
CTX003_A002,A002,CTX003,A,GOBP_BLOOD_VESSEL_ENDOTHELIAL_CELL_MIGRATION;GOBP_CELL_MIGRATION_INVOLVED_IN_SPROUTING_ANGIOGENESIS;GOBP_ENDOTHELIAL_CELL_MIGRATION;GOBP_NEGATIVE_REGULATION_OF_BLOOD_VESSEL_ENDOTHELIAL_CELL_MIGRATION;GOBP_NEGATIVE_REGULATION_OF_CELL_MIGRATION_INVOLVED_IN_SPROUTING_ANGIOGENESIS;GOBP_NEGATIVE_REGULATION_OF_ENDOTHELIAL_CELL_MIGRATION;GOBP_POSITIVE_REGULATION_OF_BLOOD_VESSEL_ENDOTHELIAL_CELL_MIGRATION;GOBP_POSITIVE_REGULATION_OF_ENDOTHELIAL_CELL_MIGRATION;GOBP_REGULATION_OF_CELL_MIGRATION_INVOLVED_IN_SPROUTING_ANGIOGENESIS;GOBP_REGULATION_OF_ENDOTHELIAL_CELL_MIGRATION,,INACTIVE,OBSERVED_NULL,"[{""term_id"":""GOBP_BLOOD_VESSEL_ENDOTHELIAL_CELL_MIGRATION"",""eligible"":true,""NES"":1.4677140954951793,""FDR"":0.2721070138733186,""leading_edge_n"":30,""qualified"":false},{""term_id"":""GOBP_CELL_MIGRATION_INVOLVED_IN_SPROUTING_ANGIOGENESIS"",""eligible"":true,""NES"":1.025845370905304,""FDR"":0.7115415662836322,""leading_edge_n"":16,""qualified"":false},{""term_id"":""GOBP_ENDOTHELIAL_CELL_MIGRATION"",""eligible"":true,""NES"":1.2800259021386589,""FDR"":0.4188125497782799,""leading_edge_n"":46,""qualified"":false},{""term_id"":""GOBP_NEGATIVE_REGULATION_OF_BLOOD_VESSEL_ENDOTHELIAL_CELL_MIGRATION"",""eligible"":true,""NES"":0.915622095301638,""FDR"":0.85297564960382,""leading_edge_n"":9,""qualified"":false},{""term_id"":""GOBP_NEGATIVE_REGULATION_OF_CELL_MIGRATION_INVOLVED_IN_SPROUTING_ANGIOGENESIS"",""eligible"":true,""NES"":-0.7937742831077937,""FDR"":1.0,""leading_edge_n"":6,""qualified"":false},{""term_id"":""GOBP_NEGATIVE_REGULATION_OF_ENDOTHELIAL_CELL_MIGRATION"",""eligible"":true,""NES"":1.1453164858531648,""FDR"":0.5706581257536139,""leading_edge_n"":6,""qualified"":false},{""term_id"":""GOBP_POSITIVE_REGULATION_OF_BLOOD_VESSEL_ENDOTHELIAL_CELL_MIGRATION"",""eligible"":true,""NES"":1.2389816923263772,""FDR"":0.4582709111954159,""leading_edge_n"":17,""qualified"":false},{""term_id"":""GOBP_POSITIVE_REGULATION_OF_ENDOTHELIAL_CELL_MIGRATION"",""eligible"":true,""NES"":1.2018323906839177,""FDR"":0.5029852476529731,""leading_edge_n"":29,""qualified"":false},{""term_id"":""GOBP_REGULATION_OF_CELL_MIGRATION_INVOLVED_IN_SPROUTING_ANGIOGENESIS"",""eligible"":true,""NES"":-0.7177003077893499,""FDR"":1.0,""leading_edge_n"":10,""qualified"":false},{""term_id"":""GOBP_REGULATION_OF_ENDOTHELIAL_CELL_MIGRATION"",""eligible"":true,""NES"":1.3308561254924616,""FDR"":0.3742013556762614,""leading_edge_n"":38,""qualified"":false}]",NOT_APPLICABLE,,TRANSCRIPTOME,EXP003-C4
CTX003_A003,A003,CTX003,A,GOBP_BLOOD_VESSEL_ENDOTHELIAL_CELL_PROLIFERATION_INVOLVED_IN_SPROUTING_ANGIOGENESIS,,INACTIVE,OBSERVED_NULL,"[{""term_id"":""GOBP_BLOOD_VESSEL_ENDOTHELIAL_CELL_PROLIFERATION_INVOLVED_IN_SPROUTING_ANGIOGENESIS"",""eligible"":true,""NES"":0.8027530283455643,""FDR"":0.9660210840654228,""leading_edge_n"":2,""qualified"":false}]",NOT_APPLICABLE,,TRANSCRIPTOME,EXP003-C4
CTX003_A004,A004,CTX003,A,GOBP_BLOOD_VESSEL_REMODELING,,INACTIVE,OBSERVED_NULL,"[{""term_id"":""GOBP_BLOOD_VESSEL_REMODELING"",""eligible"":true,""NES"":-0.9052624465977688,""FDR"":1.0,""leading_edge_n"":4,""qualified"":false}]",NOT_APPLICABLE,,TRANSCRIPTOME,EXP003-C4
CTX003_A005,A005,CTX003,A,GOBP_BRANCHING_INVOLVED_IN_BLOOD_VESSEL_MORPHOGENESIS,,INACTIVE,OBSERVED_NULL,"[{""term_id"":""GOBP_BRANCHING_INVOLVED_IN_BLOOD_VESSEL_MORPHOGENESIS"",""eligible"":true,""NES"":-1.08448109442126,""FDR"":1.0,""leading_edge_n"":7,""qualified"":false}]",NOT_APPLICABLE,,TRANSCRIPTOME,EXP003-C4
CTX003_A006,A006,CTX003,A,GOBP_CELLULAR_RESPONSE_TO_VASCULAR_ENDOTHELIAL_GROWTH_FACTOR_STIMULUS;GOBP_REGULATION_OF_CELLULAR_RESPONSE_TO_VASCULAR_ENDOTHELIAL_GROWTH_FACTOR_STIMULUS;GOBP_VASCULAR_ENDOTHELIAL_GROWTH_FACTOR_SIGNALING_PATHWAY,,INACTIVE,OBSERVED_NULL,"[{""term_id"":""GOBP_CELLULAR_RESPONSE_TO_VASCULAR_ENDOTHELIAL_GROWTH_FACTOR_STIMULUS"",""eligible"":true,""NES"":1.5114422839103774,""FDR"":0.2448678735899707,""leading_edge_n"":9,""qualified"":false},{""term_id"":""GOBP_REGULATION_OF_CELLULAR_RESPONSE_TO_VASCULAR_ENDOTHELIAL_GROWTH_FACTOR_STIMULUS"",""eligible"":true,""NES"":0.7887653186913557,""FDR"":0.9767393269931084,""leading_edge_n"":3,""qualified"":false},{""term_id"":""GOBP_VASCULAR_ENDOTHELIAL_GROWTH_FACTOR_SIGNALING_PATHWAY"",""eligible"":true,""NES"":1.0746628046246736,""FDR"":0.6580699929026245,""leading_edge_n"":7,""qualified"":false}]",NOT_APPLICABLE,,TRANSCRIPTOME,EXP003-C4
CTX003_A007,A007,CTX003,A,GOBP_COLLATERAL_SPROUTING;GOBP_REGULATION_OF_COLLATERAL_SPROUTING,,INACTIVE,OBSERVED_NULL,"[{""term_id"":""GOBP_COLLATERAL_SPROUTING"",""eligible"":true,""NES"":-1.1774761107159493,""FDR"":0.9743796346625988,""leading_edge_n"":3,""qualified"":false},{""term_id"":""GOBP_REGULATION_OF_COLLATERAL_SPROUTING"",""eligible"":true,""NES"":-1.2781877573032407,""FDR"":0.8608542773607826,""leading_edge_n"":3,""qualified"":false}]",NOT_APPLICABLE,,TRANSCRIPTOME,EXP003-C4
CTX003_A008,A008,CTX003,A,GOBP_ENDOTHELIAL_CELL_APOPTOTIC_PROCESS;GOBP_NEGATIVE_REGULATION_OF_ENDOTHELIAL_CELL_APOPTOTIC_PROCESS,GOBP_ENDOTHELIAL_CELL_APOPTOTIC_PROCESS,POSITIVE,QUALIFIED,"[{""term_id"":""GOBP_ENDOTHELIAL_CELL_APOPTOTIC_PROCESS"",""eligible"":true,""NES"":2.3221797914747464,""FDR"":0.0023715854763146,""leading_edge_n"":7,""qualified"":true},{""term_id"":""GOBP_NEGATIVE_REGULATION_OF_ENDOTHELIAL_CELL_APOPTOTIC_PROCESS"",""eligible"":true,""NES"":2.132845647111272,""FDR"":0.0254033774085409,""leading_edge_n"":4,""qualified"":false}]",NOT_APPLICABLE,,TRANSCRIPTOME,EXP003-C4
CTX003_A009,A009,CTX003,A,GOBP_ENDOTHELIAL_CELL_CHEMOTAXIS;GOBP_REGULATION_OF_ENDOTHELIAL_CELL_CHEMOTAXIS,,INACTIVE,OBSERVED_NULL,"[{""term_id"":""GOBP_ENDOTHELIAL_CELL_CHEMOTAXIS"",""eligible"":true,""NES"":0.8463226563954265,""FDR"":0.9341840702459994,""leading_edge_n"":7,""qualified"":false},{""term_id"":""GOBP_REGULATION_OF_ENDOTHELIAL_CELL_CHEMOTAXIS"",""eligible"":false,""NES"":null,""FDR"":null,""leading_edge_n"":0,""qualified"":false}]",NOT_APPLICABLE,,TRANSCRIPTOME,EXP003-C4
CTX003_A010,A010,CTX003,A,GOBP_ENDOTHELIAL_CELL_DEVELOPMENT;GOBP_ENDOTHELIAL_CELL_DIFFERENTIATION;GOBP_ESTABLISHMENT_OF_ENDOTHELIAL_BARRIER,,INACTIVE,OBSERVED_NULL,"[{""term_id"":""GOBP_ENDOTHELIAL_CELL_DEVELOPMENT"",""eligible"":true,""NES"":1.526966837029912,""FDR"":0.2334832480204402,""leading_edge_n"":12,""qualified"":false},{""term_id"":""GOBP_ENDOTHELIAL_CELL_DIFFERENTIATION"",""eligible"":true,""NES"":1.3239740898582075,""FDR"":0.3765099307312843,""leading_edge_n"":17,""qualified"":false},{""term_id"":""GOBP_ESTABLISHMENT_OF_ENDOTHELIAL_BARRIER"",""eligible"":true,""NES"":1.5376418393252136,""FDR"":0.2244744469397038,""leading_edge_n"":5,""qualified"":false}]",NOT_APPLICABLE,,TRANSCRIPTOME,EXP003-C4
CTX003_A011,A011,CTX003,A,GOBP_ENDOTHELIAL_CELL_PROLIFERATION;GOBP_POSITIVE_REGULATION_OF_ENDOTHELIAL_CELL_PROLIFERATION,,INACTIVE,OBSERVED_NULL,"[{""term_id"":""GOBP_ENDOTHELIAL_CELL_PROLIFERATION"",""eligible"":true,""NES"":1.3259618371247373,""FDR"":0.3771485624964596,""leading_edge_n"":13,""qualified"":false},{""term_id"":""GOBP_POSITIVE_REGULATION_OF_ENDOTHELIAL_CELL_PROLIFERATION"",""eligible"":true,""NES"":0.8707877016670353,""FDR"":0.9103764060173036,""leading_edge_n"":9,""qualified"":false}]",NOT_APPLICABLE,,TRANSCRIPTOME,EXP003-C4
CTX003_A012,A012,CTX003,A,GOBP_LEUKOCYTE_ADHESION_TO_VASCULAR_ENDOTHELIAL_CELL;GOBP_POSITIVE_REGULATION_OF_LEUKOCYTE_ADHESION_TO_VASCULAR_ENDOTHELIAL_CELL;GOBP_REGULATION_OF_LEUKOCYTE_ADHESION_TO_VASCULAR_ENDOTHELIAL_CELL,,INACTIVE,OBSERVED_NULL,"[{""term_id"":""GOBP_LEUKOCYTE_ADHESION_TO_VASCULAR_ENDOTHELIAL_CELL"",""eligible"":true,""NES"":2.04459635502661,""FDR"":0.0434068236469157,""leading_edge_n"":4,""qualified"":false},{""term_id"":""GOBP_POSITIVE_REGULATION_OF_LEUKOCYTE_ADHESION_TO_VASCULAR_ENDOTHELIAL_CELL"",""eligible"":false,""NES"":null,""FDR"":null,""leading_edge_n"":0,""qualified"":false},{""term_id"":""GOBP_REGULATION_OF_LEUKOCYTE_ADHESION_TO_VASCULAR_ENDOTHELIAL_CELL"",""eligible"":true,""NES"":0.8654233815486019,""FDR"":0.9121359526921864,""leading_edge_n"":5,""qualified"":false}]",NOT_APPLICABLE,,TRANSCRIPTOME,EXP003-C4
CTX003_A013,A013,CTX003,A,GOBP_NEGATIVE_REGULATION_OF_ENDOTHELIAL_CELL_PROLIFERATION,,INACTIVE,OBSERVED_NULL,"[{""term_id"":""GOBP_NEGATIVE_REGULATION_OF_ENDOTHELIAL_CELL_PROLIFERATION"",""eligible"":true,""NES"":1.3592303952017937,""FDR"":0.3508848921718255,""leading_edge_n"":2,""qualified"":false}]",NOT_APPLICABLE,,TRANSCRIPTOME,EXP003-C4
CTX003_A014,A014,CTX003,A,GOBP_NEGATIVE_REGULATION_OF_VASCULAR_ASSOCIATED_SMOOTH_MUSCLE_CELL_PROLIFERATION,,INACTIVE,OBSERVED_NULL,"[{""term_id"":""GOBP_NEGATIVE_REGULATION_OF_VASCULAR_ASSOCIATED_SMOOTH_MUSCLE_CELL_PROLIFERATION"",""eligible"":true,""NES"":-1.0554963379109563,""FDR"":1.0,""leading_edge_n"":4,""qualified"":false}]",NOT_APPLICABLE,,TRANSCRIPTOME,EXP003-C4
CTX003_A015,A015,CTX003,A,GOBP_PLACENTA_BLOOD_VESSEL_DEVELOPMENT,,INACTIVE,OBSERVED_NULL,"[{""term_id"":""GOBP_PLACENTA_BLOOD_VESSEL_DEVELOPMENT"",""eligible"":true,""NES"":0.9326742986103173,""FDR"":0.8347488282676463,""leading_edge_n"":7,""qualified"":false}]",NOT_APPLICABLE,,TRANSCRIPTOME,EXP003-C4
CTX003_A016,A016,CTX003,A,GOBP_POSITIVE_REGULATION_OF_CELL_MIGRATION_INVOLVED_IN_SPROUTING_ANGIOGENESIS,,INACTIVE,OBSERVED_NULL,"[{""term_id"":""GOBP_POSITIVE_REGULATION_OF_CELL_MIGRATION_INVOLVED_IN_SPROUTING_ANGIOGENESIS"",""eligible"":true,""NES"":0.8062421211749596,""FDR"":0.9653243543799755,""leading_edge_n"":2,""qualified"":false}]",NOT_APPLICABLE,,TRANSCRIPTOME,EXP003-C4
CTX003_A017,A017,CTX003,A,GOBP_POSITIVE_REGULATION_OF_ENDOTHELIAL_CELL_APOPTOTIC_PROCESS,,INACTIVE,OBSERVED_NULL,"[{""term_id"":""GOBP_POSITIVE_REGULATION_OF_ENDOTHELIAL_CELL_APOPTOTIC_PROCESS"",""eligible"":true,""NES"":1.933331088787951,""FDR"":0.0737736613778458,""leading_edge_n"":4,""qualified"":false}]",NOT_APPLICABLE,,TRANSCRIPTOME,EXP003-C4
CTX003_A018,A018,CTX003,A,GOBP_POSITIVE_REGULATION_OF_SPROUTING_ANGIOGENESIS,,INACTIVE,OBSERVED_NULL,"[{""term_id"":""GOBP_POSITIVE_REGULATION_OF_SPROUTING_ANGIOGENESIS"",""eligible"":true,""NES"":1.0984209369042122,""FDR"":0.6351114879202795,""leading_edge_n"":3,""qualified"":false}]",NOT_APPLICABLE,,TRANSCRIPTOME,EXP003-C4
CTX003_A019,A019,CTX003,A,GOBP_POSITIVE_REGULATION_OF_VASCULAR_ASSOCIATED_SMOOTH_MUSCLE_CELL_PROLIFERATION;GOBP_VASCULAR_ASSOCIATED_SMOOTH_MUSCLE_CELL_PROLIFERATION,,INACTIVE,OBSERVED_NULL,"[{""term_id"":""GOBP_POSITIVE_REGULATION_OF_VASCULAR_ASSOCIATED_SMOOTH_MUSCLE_CELL_PROLIFERATION"",""eligible"":true,""NES"":1.1117374445328163,""FDR"":0.6203136258041853,""leading_edge_n"":5,""qualified"":false},{""term_id"":""GOBP_VASCULAR_ASSOCIATED_SMOOTH_MUSCLE_CELL_PROLIFERATION"",""eligible"":true,""NES"":0.7986313502232062,""FDR"":0.968547068491022,""leading_edge_n"":7,""qualified"":false}]",NOT_APPLICABLE,,TRANSCRIPTOME,EXP003-C4
CTX003_A020,A020,CTX003,A,GOBP_POSITIVE_REGULATION_OF_VASCULAR_ENDOTHELIAL_GROWTH_FACTOR_PRODUCTION,,INACTIVE,OBSERVED_NULL,"[{""term_id"":""GOBP_POSITIVE_REGULATION_OF_VASCULAR_ENDOTHELIAL_GROWTH_FACTOR_PRODUCTION"",""eligible"":true,""NES"":1.7183251666267425,""FDR"":0.1299304414163105,""leading_edge_n"":5,""qualified"":false}]",NOT_APPLICABLE,,TRANSCRIPTOME,EXP003-C4
CTX003_A021,A021,CTX003,A,GOBP_REGULATION_OF_ENDOTHELIAL_CELL_DIFFERENTIATION,,INACTIVE,OBSERVED_NULL,"[{""term_id"":""GOBP_REGULATION_OF_ENDOTHELIAL_CELL_DIFFERENTIATION"",""eligible"":true,""NES"":0.5939553968673548,""FDR"":1.0,""leading_edge_n"":9,""qualified"":false}]",NOT_APPLICABLE,,TRANSCRIPTOME,EXP003-C4
CTX003_A022,A022,CTX003,A,GOBP_REGULATION_OF_SPROUTING_ANGIOGENESIS,,INACTIVE,OBSERVED_NULL,"[{""term_id"":""GOBP_REGULATION_OF_SPROUTING_ANGIOGENESIS"",""eligible"":true,""NES"":1.2446183852239578,""FDR"":0.4556602271463719,""leading_edge_n"":5,""qualified"":false}]",NOT_APPLICABLE,,TRANSCRIPTOME,EXP003-C4
CTX003_A023,A023,CTX003,A,GOBP_REGULATION_OF_VASCULAR_ENDOTHELIAL_GROWTH_FACTOR_RECEPTOR_SIGNALING_PATHWAY;GOBP_VASCULAR_ENDOTHELIAL_GROWTH_FACTOR_RECEPTOR_SIGNALING_PATHWAY,,INACTIVE,OBSERVED_NULL,"[{""term_id"":""GOBP_REGULATION_OF_VASCULAR_ENDOTHELIAL_GROWTH_FACTOR_RECEPTOR_SIGNALING_PATHWAY"",""eligible"":true,""NES"":-0.7054346071843349,""FDR"":1.0,""leading_edge_n"":7,""qualified"":false},{""term_id"":""GOBP_VASCULAR_ENDOTHELIAL_GROWTH_FACTOR_RECEPTOR_SIGNALING_PATHWAY"",""eligible"":true,""NES"":-0.814402485527771,""FDR"":1.0,""leading_edge_n"":10,""qualified"":false}]",NOT_APPLICABLE,,TRANSCRIPTOME,EXP003-C4
CTX003_A024,A024,CTX003,A,GOBP_REGULATION_OF_VASCULAR_PERMEABILITY,,INACTIVE,OBSERVED_NULL,"[{""term_id"":""GOBP_REGULATION_OF_VASCULAR_PERMEABILITY"",""eligible"":true,""NES"":1.4402234066040551,""FDR"":0.2909625916455166,""leading_edge_n"":7,""qualified"":false}]",NOT_APPLICABLE,,TRANSCRIPTOME,EXP003-C4
CTX003_A025,A025,CTX003,A,GOBP_SPROUTING_ANGIOGENESIS,,INACTIVE,OBSERVED_NULL,"[{""term_id"":""GOBP_SPROUTING_ANGIOGENESIS"",""eligible"":true,""NES"":1.0993176980086397,""FDR"":0.6340843779607069,""leading_edge_n"":27,""qualified"":false}]",NOT_APPLICABLE,,TRANSCRIPTOME,EXP003-C4
CTX003_A026,A026,CTX003,A,GOBP_VASCULAR_ASSOCIATED_SMOOTH_MUSCLE_CELL_DIFFERENTIATION,,INACTIVE,OBSERVED_NULL,"[{""term_id"":""GOBP_VASCULAR_ASSOCIATED_SMOOTH_MUSCLE_CELL_DIFFERENTIATION"",""eligible"":true,""NES"":1.297386087867236,""FDR"":0.4011875612910141,""leading_edge_n"":1,""qualified"":false}]",NOT_APPLICABLE,,TRANSCRIPTOME,EXP003-C4
CTX003_A027,A027,CTX003,A,GOBP_VASCULAR_ASSOCIATED_SMOOTH_MUSCLE_CELL_MIGRATION,,INACTIVE,OBSERVED_NULL,"[{""term_id"":""GOBP_VASCULAR_ASSOCIATED_SMOOTH_MUSCLE_CELL_MIGRATION"",""eligible"":true,""NES"":-0.6722836932708163,""FDR"":1.0,""leading_edge_n"":4,""qualified"":false}]",NOT_APPLICABLE,,TRANSCRIPTOME,EXP003-C4
CTX003_A028,A028,CTX003,A,GOBP_VASCULAR_ASSOCIATED_SMOOTH_MUSCLE_CONTRACTION,,INACTIVE,OBSERVED_NULL,"[{""term_id"":""GOBP_VASCULAR_ASSOCIATED_SMOOTH_MUSCLE_CONTRACTION"",""eligible"":true,""NES"":-1.4434823069515743,""FDR"":0.59346961523582,""leading_edge_n"":4,""qualified"":false}]",NOT_APPLICABLE,,TRANSCRIPTOME,EXP003-C4
CTX003_A029,A029,CTX003,A,GOBP_VASCULAR_ENDOTHELIAL_CELL_PROLIFERATION,,INACTIVE,OBSERVED_NULL,"[{""term_id"":""GOBP_VASCULAR_ENDOTHELIAL_CELL_PROLIFERATION"",""eligible"":true,""NES"":1.707342283182632,""FDR"":0.1343303764310801,""leading_edge_n"":6,""qualified"":false}]",NOT_APPLICABLE,,TRANSCRIPTOME,EXP003-C4
CTX003_A030,A030,CTX003,A,GOBP_VASCULAR_ENDOTHELIAL_CELL_RESPONSE_TO_FLUID_SHEAR_STRESS;GOBP_VASCULAR_ENDOTHELIAL_CELL_RESPONSE_TO_LAMINAR_FLUID_SHEAR_STRESS,,INACTIVE,OBSERVED_NULL,"[{""term_id"":""GOBP_VASCULAR_ENDOTHELIAL_CELL_RESPONSE_TO_FLUID_SHEAR_STRESS"",""eligible"":true,""NES"":-0.6661168946776297,""FDR"":1.0,""leading_edge_n"":6,""qualified"":false},{""term_id"":""GOBP_VASCULAR_ENDOTHELIAL_CELL_RESPONSE_TO_LAMINAR_FLUID_SHEAR_STRESS"",""eligible"":true,""NES"":-0.8044634394187067,""FDR"":1.0,""leading_edge_n"":6,""qualified"":false}]",NOT_APPLICABLE,,TRANSCRIPTOME,EXP003-C4
CTX003_A031,A031,CTX003,A,GOBP_VASCULAR_ENDOTHELIAL_GROWTH_FACTOR_PRODUCTION,,INACTIVE,OBSERVED_NULL,"[{""term_id"":""GOBP_VASCULAR_ENDOTHELIAL_GROWTH_FACTOR_PRODUCTION"",""eligible"":true,""NES"":1.6368831667089208,""FDR"":0.1676864516347947,""leading_edge_n"":5,""qualified"":false}]",NOT_APPLICABLE,,TRANSCRIPTOME,EXP003-C4
CTX003_A032,A032,CTX003,A,GOBP_VASCULAR_PROCESS_IN_CIRCULATORY_SYSTEM,,INACTIVE,OBSERVED_NULL,"[{""term_id"":""GOBP_VASCULAR_PROCESS_IN_CIRCULATORY_SYSTEM"",""eligible"":true,""NES"":1.0763129011261403,""FDR"":0.6545475581535568,""leading_edge_n"":26,""qualified"":false}]",NOT_APPLICABLE,,TRANSCRIPTOME,EXP003-C4
CTX003_A033,A033,CTX003,A,GOBP_VASCULAR_TRANSPORT,,INACTIVE,OBSERVED_NULL,"[{""term_id"":""GOBP_VASCULAR_TRANSPORT"",""eligible"":true,""NES"":-0.8488448948248447,""FDR"":1.0,""leading_edge_n"":12,""qualified"":false}]",NOT_APPLICABLE,,TRANSCRIPTOME,EXP003-C4
CTX003_A034,A034,CTX003,A,REACTOME_CELL_SURFACE_INTERACTIONS_AT_THE_VASCULAR_WALL,,INACTIVE,OBSERVED_NULL,"[{""term_id"":""REACTOME_CELL_SURFACE_INTERACTIONS_AT_THE_VASCULAR_WALL"",""eligible"":true,""NES"":1.1384580937430473,""FDR"":0.5774991150352025,""leading_edge_n"":13,""qualified"":false}]",NOT_APPLICABLE,,TRANSCRIPTOME,EXP003-C4
CTX003_A035,A035,CTX003,A,REACTOME_HIGH_LAMINAR_FLOW_SHEAR_STRESS_ACTIVATES_SIGNALING_BY_PIEZO1_AND_PECAM1_CDH5_KDR_IN_ENDOTHELIAL_CELLS,,INACTIVE,OBSERVED_NULL,"[{""term_id"":""REACTOME_HIGH_LAMINAR_FLOW_SHEAR_STRESS_ACTIVATES_SIGNALING_BY_PIEZO1_AND_PECAM1_CDH5_KDR_IN_ENDOTHELIAL_CELLS"",""eligible"":true,""NES"":0.9939658077021876,""FDR"":0.7562521932540871,""leading_edge_n"":10,""qualified"":false}]",NOT_APPLICABLE,,TRANSCRIPTOME,EXP003-C4
CTX003_A036,A036,CTX003,A,REACTOME_TURBULENT_OSCILLATORY_DISTURBED_FLOW_SHEAR_STRESS_ACTIVATES_SIGNALING_BY_PIEZO1_AND_INTEGRINS_IN_ENDOTHELIAL_CELLS,,INACTIVE,OBSERVED_NULL,"[{""term_id"":""REACTOME_TURBULENT_OSCILLATORY_DISTURBED_FLOW_SHEAR_STRESS_ACTIVATES_SIGNALING_BY_PIEZO1_AND_INTEGRINS_IN_ENDOTHELIAL_CELLS"",""eligible"":true,""NES"":1.7241718621877733,""FDR"":0.1275898472009013,""leading_edge_n"":4,""qualified"":false}]",NOT_APPLICABLE,,TRANSCRIPTOME,EXP003-C4
CTX003_A037,A037,CTX003,A,REACTOME_VEGFR2_MEDIATED_VASCULAR_PERMEABILITY,,INACTIVE,OBSERVED_NULL,"[{""term_id"":""REACTOME_VEGFR2_MEDIATED_VASCULAR_PERMEABILITY"",""eligible"":true,""NES"":-0.7712026013332638,""FDR"":1.0,""leading_edge_n"":4,""qualified"":false}]",NOT_APPLICABLE,,TRANSCRIPTOME,EXP003-C4
CTX003_I001,I001,CTX003,I,GOBP_ACTIVATION_OF_IMMUNE_RESPONSE;GOBP_ACTIVATION_OF_INNATE_IMMUNE_RESPONSE;GOBP_IMMUNE_RESPONSE_REGULATING_CELL_SURFACE_RECEPTOR_SIGNALING_PATHWAY;GOBP_IMMUNE_RESPONSE_REGULATING_SIGNALING_PATHWAY;GOBP_REGULATION_OF_INNATE_IMMUNE_RESPONSE,,INACTIVE,OBSERVED_NULL,"[{""term_id"":""GOBP_ACTIVATION_OF_IMMUNE_RESPONSE"",""eligible"":true,""NES"":1.8641348434823657,""FDR"":0.0919601178831756,""leading_edge_n"":50,""qualified"":false},{""term_id"":""GOBP_ACTIVATION_OF_INNATE_IMMUNE_RESPONSE"",""eligible"":true,""NES"":1.8881355680244107,""FDR"":0.0840079801995198,""leading_edge_n"":41,""qualified"":false},{""term_id"":""GOBP_IMMUNE_RESPONSE_REGULATING_CELL_SURFACE_RECEPTOR_SIGNALING_PATHWAY"",""eligible"":true,""NES"":1.8905501026232487,""FDR"":0.083216379607168,""leading_edge_n"":29,""qualified"":false},{""term_id"":""GOBP_IMMUNE_RESPONSE_REGULATING_SIGNALING_PATHWAY"",""eligible"":true,""NES"":1.8511858938406127,""FDR"":0.0945710462089419,""leading_edge_n"":47,""qualified"":false},{""term_id"":""GOBP_REGULATION_OF_INNATE_IMMUNE_RESPONSE"",""eligible"":true,""NES"":1.813670997354749,""FDR"":0.1036768375855577,""leading_edge_n"":55,""qualified"":false}]",NOT_APPLICABLE,,TRANSCRIPTOME,EXP003-C4
CTX003_I002,I002,CTX003,I,GOBP_ACUTE_INFLAMMATORY_RESPONSE,,INACTIVE,OBSERVED_NULL,"[{""term_id"":""GOBP_ACUTE_INFLAMMATORY_RESPONSE"",""eligible"":true,""NES"":1.659118755715438,""FDR"":0.1549239527028627,""leading_edge_n"":14,""qualified"":false}]",NOT_APPLICABLE,,TRANSCRIPTOME,EXP003-C4
CTX003_I003,I003,CTX003,I,GOBP_ADAPTIVE_IMMUNE_RESPONSE;GOBP_ADAPTIVE_IMMUNE_RESPONSE_BASED_ON_SOMATIC_RECOMBINATION_OF_IMMUNE_RECEPTORS_BUILT_FROM_IMMUNOGLOBULIN_SUPERFAMILY_DOMAINS;GOBP_B_CELL_MEDIATED_IMMUNITY;GOBP_IMMUNE_EFFECTOR_PROCESS;GOBP_LEUKOCYTE_MEDIATED_IMMUNITY;GOBP_LYMPHOCYTE_MEDIATED_IMMUNITY;GOBP_POSITIVE_REGULATION_OF_ADAPTIVE_IMMUNE_RESPONSE;GOBP_POSITIVE_REGULATION_OF_IMMUNE_EFFECTOR_PROCESS;GOBP_POSITIVE_REGULATION_OF_LEUKOCYTE_MEDIATED_IMMUNITY;GOBP_POSITIVE_REGULATION_OF_T_CELL_MEDIATED_IMMUNITY;GOBP_REGULATION_OF_ADAPTIVE_IMMUNE_RESPONSE;GOBP_REGULATION_OF_IMMUNE_EFFECTOR_PROCESS;GOBP_REGULATION_OF_LEUKOCYTE_MEDIATED_IMMUNITY;GOBP_REGULATION_OF_LYMPHOCYTE_MEDIATED_IMMUNITY;GOBP_REGULATION_OF_T_CELL_MEDIATED_IMMUNITY;GOBP_T_CELL_MEDIATED_IMMUNITY,,INACTIVE,OBSERVED_NULL,"[{""term_id"":""GOBP_ADAPTIVE_IMMUNE_RESPONSE"",""eligible"":true,""NES"":1.8965115448206773,""FDR"":0.0827928438067557,""leading_edge_n"":58,""qualified"":false},{""term_id"":""GOBP_ADAPTIVE_IMMUNE_RESPONSE_BASED_ON_SOMATIC_RECOMBINATION_OF_IMMUNE_RECEPTORS_BUILT_FROM_IMMUNOGLOBULIN_SUPERFAMILY_DOMAINS"",""eligible"":true,""NES"":1.989425901893812,""FDR"":0.0584190020586277,""leading_edge_n"":28,""qualified"":false},{""term_id"":""GOBP_B_CELL_MEDIATED_IMMUNITY"",""eligible"":true,""NES"":1.7277822159812464,""FDR"":0.1253405418945471,""leading_edge_n"":11,""qualified"":false},{""term_id"":""GOBP_IMMUNE_EFFECTOR_PROCESS"",""eligible"":true,""NES"":1.73694074502578,""FDR"":0.121292004763833,""leading_edge_n"":66,""qualified"":false},{""term_id"":""GOBP_LEUKOCYTE_MEDIATED_IMMUNITY"",""eligible"":true,""NES"":1.8244136092814,""FDR"":0.1010868158862728,""leading_edge_n"":74,""qualified"":false},{""term_id"":""GOBP_LYMPHOCYTE_MEDIATED_IMMUNITY"",""eligible"":true,""NES"":1.664949832437659,""FDR"":0.1520635690192176,""leading_edge_n"":54,""qualified"":false},{""term_id"":""GOBP_POSITIVE_REGULATION_OF_ADAPTIVE_IMMUNE_RESPONSE"",""eligible"":true,""NES"":1.729103845628453,""FDR"":0.1248401390554065,""leading_edge_n"":11,""qualified"":false},{""term_id"":""GOBP_POSITIVE_REGULATION_OF_IMMUNE_EFFECTOR_PROCESS"",""eligible"":true,""NES"":1.5081623472380756,""FDR"":0.2473487317277628,""leading_edge_n"":43,""qualified"":false},{""term_id"":""GOBP_POSITIVE_REGULATION_OF_LEUKOCYTE_MEDIATED_IMMUNITY"",""eligible"":true,""NES"":1.5411116193615573,""FDR"":0.2227883377173036,""leading_edge_n"":32,""qualified"":false},{""term_id"":""GOBP_POSITIVE_REGULATION_OF_T_CELL_MEDIATED_IMMUNITY"",""eligible"":true,""NES"":1.150396845411827,""FDR"":0.5640352700278218,""leading_edge_n"":15,""qualified"":false},{""term_id"":""GOBP_REGULATION_OF_ADAPTIVE_IMMUNE_RESPONSE"",""eligible"":true,""NES"":1.947094158907043,""FDR"":0.0715054712439436,""leading_edge_n"":17,""qualified"":false},{""term_id"":""GOBP_REGULATION_OF_IMMUNE_EFFECTOR_PROCESS"",""eligible"":true,""NES"":1.8196713973988008,""FDR"":0.1026237841163086,""leading_edge_n"":42,""qualified"":false},{""term_id"":""GOBP_REGULATION_OF_LEUKOCYTE_MEDIATED_IMMUNITY"",""eligible"":true,""NES"":1.842116352875149,""FDR"":0.0981618703782085,""leading_edge_n"":49,""qualified"":false},{""term_id"":""GOBP_REGULATION_OF_LYMPHOCYTE_MEDIATED_IMMUNITY"",""eligible"":true,""NES"":1.4944332022695368,""FDR"":0.2565151850729639,""leading_edge_n"":40,""qualified"":false},{""term_id"":""GOBP_REGULATION_OF_T_CELL_MEDIATED_IMMUNITY"",""eligible"":true,""NES"":1.091215674493621,""FDR"":0.6442289376964391,""leading_edge_n"":19,""qualified"":false},{""term_id"":""GOBP_T_CELL_MEDIATED_IMMUNITY"",""eligible"":true,""NES"":1.6262040616777096,""FDR"":0.1722228983894359,""leading_edge_n"":8,""qualified"":false}]",NOT_APPLICABLE,,TRANSCRIPTOME,EXP003-C4
CTX003_I004,I004,CTX003,I,GOBP_ANTIMICROBIAL_HUMORAL_IMMUNE_RESPONSE_MEDIATED_BY_ANTIMICROBIAL_PEPTIDE,GOBP_ANTIMICROBIAL_HUMORAL_IMMUNE_RESPONSE_MEDIATED_BY_ANTIMICROBIAL_PEPTIDE,POSITIVE,QUALIFIED,"[{""term_id"":""GOBP_ANTIMICROBIAL_HUMORAL_IMMUNE_RESPONSE_MEDIATED_BY_ANTIMICROBIAL_PEPTIDE"",""eligible"":true,""NES"":2.396107058847178,""FDR"":0.0005314375991131,""leading_edge_n"":8,""qualified"":true}]",NOT_APPLICABLE,,TRANSCRIPTOME,EXP003-C4
CTX003_I005,I005,CTX003,I,GOBP_ANTIVIRAL_INNATE_IMMUNE_RESPONSE,,INACTIVE,OBSERVED_NULL,"[{""term_id"":""GOBP_ANTIVIRAL_INNATE_IMMUNE_RESPONSE"",""eligible"":true,""NES"":1.123564785544766,""FDR"":0.6022384222806498,""leading_edge_n"":18,""qualified"":false}]",NOT_APPLICABLE,,TRANSCRIPTOME,EXP003-C4
CTX003_I006,I006,CTX003,I,GOBP_B_CELL_ACTIVATION_INVOLVED_IN_IMMUNE_RESPONSE;GOBP_CYTOKINE_PRODUCTION_INVOLVED_IN_IMMUNE_RESPONSE;GOBP_IMMUNOGLOBULIN_PRODUCTION;GOBP_IMMUNOGLOBULIN_PRODUCTION_INVOLVED_IN_IMMUNOGLOBULIN_MEDIATED_IMMUNE_RESPONSE;GOBP_POSITIVE_REGULATION_OF_B_CELL_MEDIATED_IMMUNITY;GOBP_POSITIVE_REGULATION_OF_CYTOKINE_PRODUCTION_INVOLVED_IN_IMMUNE_RESPONSE;GOBP_POSITIVE_REGULATION_OF_IMMUNOGLOBULIN_PRODUCTION;GOBP_POSITIVE_REGULATION_OF_PRODUCTION_OF_MOLECULAR_MEDIATOR_OF_IMMUNE_RESPONSE;GOBP_PRODUCTION_OF_MOLECULAR_MEDIATOR_OF_IMMUNE_RESPONSE;GOBP_REGULATION_OF_B_CELL_MEDIATED_IMMUNITY;GOBP_REGULATION_OF_IMMUNOGLOBULIN_PRODUCTION;GOBP_REGULATION_OF_PRODUCTION_OF_MOLECULAR_MEDIATOR_OF_IMMUNE_RESPONSE;GOBP_SOMATIC_DIVERSIFICATION_OF_IMMUNE_RECEPTORS;GOBP_SOMATIC_DIVERSIFICATION_OF_IMMUNOGLOBULINS,,INACTIVE,OBSERVED_NULL,"[{""term_id"":""GOBP_B_CELL_ACTIVATION_INVOLVED_IN_IMMUNE_RESPONSE"",""eligible"":true,""NES"":1.0251852369238244,""FDR"":0.712499909296978,""leading_edge_n"":6,""qualified"":false},{""term_id"":""GOBP_CYTOKINE_PRODUCTION_INVOLVED_IN_IMMUNE_RESPONSE"",""eligible"":true,""NES"":1.0940482518808086,""FDR"":0.639733133526925,""leading_edge_n"":15,""qualified"":false},{""term_id"":""GOBP_IMMUNOGLOBULIN_PRODUCTION"",""eligible"":true,""NES"":1.2113026109017777,""FDR"":0.4904526122683615,""leading_edge_n"":17,""qualified"":false},{""term_id"":""GOBP_IMMUNOGLOBULIN_PRODUCTION_INVOLVED_IN_IMMUNOGLOBULIN_MEDIATED_IMMUNE_RESPONSE"",""eligible"":true,""NES"":1.4146269508605926,""FDR"":0.3093147532050192,""leading_edge_n"":7,""qualified"":false},{""term_id"":""GOBP_POSITIVE_REGULATION_OF_B_CELL_MEDIATED_IMMUNITY"",""eligible"":true,""NES"":1.5188495896655163,""FDR"":0.2405391544951375,""leading_edge_n"":4,""qualified"":false},{""term_id"":""GOBP_POSITIVE_REGULATION_OF_CYTOKINE_PRODUCTION_INVOLVED_IN_IMMUNE_RESPONSE"",""eligible"":true,""NES"":0.7797800479857091,""FDR"":0.9826110024945152,""leading_edge_n"":9,""qualified"":false},{""term_id"":""GOBP_POSITIVE_REGULATION_OF_IMMUNOGLOBULIN_PRODUCTION"",""eligible"":true,""NES"":0.805959516069878,""FDR"":0.9647213675934816,""leading_edge_n"":7,""qualified"":false},{""term_id"":""GOBP_POSITIVE_REGULATION_OF_PRODUCTION_OF_MOLECULAR_MEDIATOR_OF_IMMUNE_RESPONSE"",""eligible"":true,""NES"":0.8980465712058885,""FDR"":0.8789305397662718,""leading_edge_n"":16,""qualified"":false},{""term_id"":""GOBP_PRODUCTION_OF_MOLECULAR_MEDIATOR_OF_IMMUNE_RESPONSE"",""eligible"":true,""NES"":1.282705360318471,""FDR"":0.418206631128695,""leading_edge_n"":30,""qualified"":false},{""term_id"":""GOBP_REGULATION_OF_B_CELL_MEDIATED_IMMUNITY"",""eligible"":true,""NES"":1.546789645252685,""FDR"":0.2193708748895329,""leading_edge_n"":5,""qualified"":false},{""term_id"":""GOBP_REGULATION_OF_IMMUNOGLOBULIN_PRODUCTION"",""eligible"":true,""NES"":1.051453758223703,""FDR"":0.6860482169891846,""leading_edge_n"":17,""qualified"":false},{""term_id"":""GOBP_REGULATION_OF_PRODUCTION_OF_MOLECULAR_MEDIATOR_OF_IMMUNE_RESPONSE"",""eligible"":true,""NES"":1.211005889340687,""FDR"":0.4906636099379119,""leading_edge_n"":25,""qualified"":false},{""term_id"":""GOBP_SOMATIC_DIVERSIFICATION_OF_IMMUNE_RECEPTORS"",""eligible"":true,""NES"":1.324466078833402,""FDR"":0.3768619429813394,""leading_edge_n"":13,""qualified"":false},{""term_id"":""GOBP_SOMATIC_DIVERSIFICATION_OF_IMMUNOGLOBULINS"",""eligible"":true,""NES"":1.1969706008169727,""FDR"":0.5090431391778428,""leading_edge_n"":11,""qualified"":false}]",NOT_APPLICABLE,,TRANSCRIPTOME,EXP003-C4
CTX003_I007,I007,CTX003,I,GOBP_CELLULAR_RESPONSE_TO_INTERFERON_BETA;GOBP_RESPONSE_TO_INTERFERON_BETA,,INACTIVE,OBSERVED_NULL,"[{""term_id"":""GOBP_CELLULAR_RESPONSE_TO_INTERFERON_BETA"",""eligible"":true,""NES"":1.5483550192425348,""FDR"":0.2178753627879295,""leading_edge_n"":6,""qualified"":false},{""term_id"":""GOBP_RESPONSE_TO_INTERFERON_BETA"",""eligible"":true,""NES"":1.5815525369403716,""FDR"":0.199279656924035,""leading_edge_n"":8,""qualified"":false}]",NOT_APPLICABLE,,TRANSCRIPTOME,EXP003-C4
CTX003_I008,I008,CTX003,I,GOBP_CELLULAR_RESPONSE_TO_INTERLEUKIN_1;GOBP_RESPONSE_TO_INTERLEUKIN_1,GOBP_CELLULAR_RESPONSE_TO_INTERLEUKIN_1;GOBP_RESPONSE_TO_INTERLEUKIN_1,POSITIVE,QUALIFIED,"[{""term_id"":""GOBP_CELLULAR_RESPONSE_TO_INTERLEUKIN_1"",""eligible"":true,""NES"":2.1395479112346307,""FDR"":0.0245485328175074,""leading_edge_n"":17,""qualified"":true},{""term_id"":""GOBP_RESPONSE_TO_INTERLEUKIN_1"",""eligible"":true,""NES"":2.120154979256472,""FDR"":0.0283350752553409,""leading_edge_n"":19,""qualified"":true}]",NOT_APPLICABLE,,TRANSCRIPTOME,EXP003-C4
CTX003_I009,I009,CTX003,I,GOBP_CELLULAR_RESPONSE_TO_TYPE_II_INTERFERON;GOBP_RESPONSE_TO_TYPE_II_INTERFERON,GOBP_RESPONSE_TO_TYPE_II_INTERFERON,POSITIVE,QUALIFIED,"[{""term_id"":""GOBP_CELLULAR_RESPONSE_TO_TYPE_II_INTERFERON"",""eligible"":true,""NES"":1.9175748254367664,""FDR"":0.0768942535434468,""leading_edge_n"":31,""qualified"":false},{""term_id"":""GOBP_RESPONSE_TO_TYPE_II_INTERFERON"",""eligible"":true,""NES"":2.083939293108707,""FDR"":0.0335821842850601,""leading_edge_n"":41,""qualified"":true}]",NOT_APPLICABLE,,TRANSCRIPTOME,EXP003-C4
CTX003_I010,I010,CTX003,I,GOBP_CELL_ACTIVATION_INVOLVED_IN_IMMUNE_RESPONSE;GOBP_LYMPHOCYTE_ACTIVATION_INVOLVED_IN_IMMUNE_RESPONSE;GOBP_T_CELL_ACTIVATION_INVOLVED_IN_IMMUNE_RESPONSE;GOBP_T_CELL_DIFFERENTIATION_INVOLVED_IN_IMMUNE_RESPONSE,,INACTIVE,OBSERVED_NULL,"[{""term_id"":""GOBP_CELL_ACTIVATION_INVOLVED_IN_IMMUNE_RESPONSE"",""eligible"":true,""NES"":1.4901754469582904,""FDR"":0.2575030615378706,""leading_edge_n"":42,""qualified"":false},{""term_id"":""GOBP_LYMPHOCYTE_ACTIVATION_INVOLVED_IN_IMMUNE_RESPONSE"",""eligible"":true,""NES"":1.5565992203924244,""FDR"":0.2157725551295341,""leading_edge_n"":15,""qualified"":false},{""term_id"":""GOBP_T_CELL_ACTIVATION_INVOLVED_IN_IMMUNE_RESPONSE"",""eligible"":true,""NES"":1.9150126560058127,""FDR"":0.077779104615704,""leading_edge_n"":17,""qualified"":false},{""term_id"":""GOBP_T_CELL_DIFFERENTIATION_INVOLVED_IN_IMMUNE_RESPONSE"",""eligible"":true,""NES"":1.7433801931425057,""FDR"":0.1203658712205733,""leading_edge_n"":29,""qualified"":false}]",NOT_APPLICABLE,,TRANSCRIPTOME,EXP003-C4
CTX003_I011,I011,CTX003,I,GOBP_CELL_SURFACE_TOLL_LIKE_RECEPTOR_SIGNALING_PATHWAY;GOBP_INNATE_IMMUNE_RESPONSE_ACTIVATING_CELL_SURFACE_RECEPTOR_SIGNALING_PATHWAY,,INACTIVE,OBSERVED_NULL,"[{""term_id"":""GOBP_CELL_SURFACE_TOLL_LIKE_RECEPTOR_SIGNALING_PATHWAY"",""eligible"":true,""NES"":1.9764030512368027,""FDR"":0.0628163752230421,""leading_edge_n"":7,""qualified"":false},{""term_id"":""GOBP_INNATE_IMMUNE_RESPONSE_ACTIVATING_CELL_SURFACE_RECEPTOR_SIGNALING_PATHWAY"",""eligible"":true,""NES"":1.8550564500255025,""FDR"":0.0933616160096757,""leading_edge_n"":7,""qualified"":false}]",NOT_APPLICABLE,,TRANSCRIPTOME,EXP003-C4
CTX003_I012,I012,CTX003,I,GOBP_CYTOKINE_MEDIATED_SIGNALING_PATHWAY,GOBP_CYTOKINE_MEDIATED_SIGNALING_PATHWAY,POSITIVE,QUALIFIED,"[{""term_id"":""GOBP_CYTOKINE_MEDIATED_SIGNALING_PATHWAY"",""eligible"":true,""NES"":2.2000817897959,""FDR"":0.0118970568406515,""leading_edge_n"":86,""qualified"":true}]",NOT_APPLICABLE,,TRANSCRIPTOME,EXP003-C4
CTX003_I013,I013,CTX003,I,GOBP_CYTOKINE_PRODUCTION_INVOLVED_IN_INFLAMMATORY_RESPONSE;GOBP_NEGATIVE_REGULATION_OF_CYTOKINE_PRODUCTION_INVOLVED_IN_INFLAMMATORY_RESPONSE;GOBP_PRODUCTION_OF_MOLECULAR_MEDIATOR_INVOLVED_IN_INFLAMMATORY_RESPONSE,,INACTIVE,OBSERVED_NULL,"[{""term_id"":""GOBP_CYTOKINE_PRODUCTION_INVOLVED_IN_INFLAMMATORY_RESPONSE"",""eligible"":true,""NES"":1.624331826396734,""FDR"":0.1727136642457546,""leading_edge_n"":4,""qualified"":false},{""term_id"":""GOBP_NEGATIVE_REGULATION_OF_CYTOKINE_PRODUCTION_INVOLVED_IN_INFLAMMATORY_RESPONSE"",""eligible"":true,""NES"":1.8824803860083552,""FDR"":0.0850300158581098,""leading_edge_n"":5,""qualified"":false},{""term_id"":""GOBP_PRODUCTION_OF_MOLECULAR_MEDIATOR_INVOLVED_IN_INFLAMMATORY_RESPONSE"",""eligible"":true,""NES"":1.467151702185019,""FDR"":0.271923456417771,""leading_edge_n"":11,""qualified"":false}]",NOT_APPLICABLE,,TRANSCRIPTOME,EXP003-C4
CTX003_I014,I014,CTX003,I,GOBP_ENDOLYSOSOMAL_TOLL_LIKE_RECEPTOR_SIGNALING_PATHWAY;GOBP_TOLL_LIKE_RECEPTOR_3_SIGNALING_PATHWAY,,INACTIVE,OBSERVED_NULL,"[{""term_id"":""GOBP_ENDOLYSOSOMAL_TOLL_LIKE_RECEPTOR_SIGNALING_PATHWAY"",""eligible"":true,""NES"":1.6537328070497004,""FDR"":0.1574632609234234,""leading_edge_n"":2,""qualified"":false},{""term_id"":""GOBP_TOLL_LIKE_RECEPTOR_3_SIGNALING_PATHWAY"",""eligible"":true,""NES"":1.8381946932397728,""FDR"":0.097651876996982,""leading_edge_n"":2,""qualified"":false}]",NOT_APPLICABLE,,TRANSCRIPTOME,EXP003-C4
CTX003_I015,I015,CTX003,I,GOBP_HUMORAL_IMMUNE_RESPONSE,GOBP_HUMORAL_IMMUNE_RESPONSE,POSITIVE,QUALIFIED,"[{""term_id"":""GOBP_HUMORAL_IMMUNE_RESPONSE"",""eligible"":true,""NES"":2.434969538660402,""FDR"":0.0004671978893302,""leading_edge_n"":20,""qualified"":true}]",NOT_APPLICABLE,,TRANSCRIPTOME,EXP003-C4
CTX003_I016,I016,CTX003,I,GOBP_HUMORAL_IMMUNE_RESPONSE_MEDIATED_BY_CIRCULATING_IMMUNOGLOBULIN,,INACTIVE,OBSERVED_NULL,"[{""term_id"":""GOBP_HUMORAL_IMMUNE_RESPONSE_MEDIATED_BY_CIRCULATING_IMMUNOGLOBULIN"",""eligible"":true,""NES"":1.8331478672143724,""FDR"":0.099071292084558,""leading_edge_n"":4,""qualified"":false}]",NOT_APPLICABLE,,TRANSCRIPTOME,EXP003-C4
CTX003_I017,I017,CTX003,I,GOBP_IMMUNE_RESPONSE_REGULATING_CELL_SURFACE_RECEPTOR_SIGNALING_PATHWAY_INVOLVED_IN_PHAGOCYTOSIS,,INACTIVE,OBSERVED_NULL,"[{""term_id"":""GOBP_IMMUNE_RESPONSE_REGULATING_CELL_SURFACE_RECEPTOR_SIGNALING_PATHWAY_INVOLVED_IN_PHAGOCYTOSIS"",""eligible"":true,""NES"":0.880393167347692,""FDR"":0.8975154170812261,""leading_edge_n"":1,""qualified"":false}]",NOT_APPLICABLE,,TRANSCRIPTOME,EXP003-C4
CTX003_I018,I018,CTX003,I,GOBP_IMMUNE_RESPONSE_TO_TUMOR_CELL;GOBP_T_CELL_MEDIATED_IMMUNE_RESPONSE_TO_TUMOR_CELL,,INACTIVE,OBSERVED_NULL,"[{""term_id"":""GOBP_IMMUNE_RESPONSE_TO_TUMOR_CELL"",""eligible"":true,""NES"":-0.5257724976657787,""FDR"":1.0,""leading_edge_n"":7,""qualified"":false},{""term_id"":""GOBP_T_CELL_MEDIATED_IMMUNE_RESPONSE_TO_TUMOR_CELL"",""eligible"":false,""NES"":null,""FDR"":null,""leading_edge_n"":0,""qualified"":false}]",NOT_APPLICABLE,,TRANSCRIPTOME,EXP003-C4
CTX003_I019,I019,CTX003,I,GOBP_IMMUNE_SYSTEM_DEVELOPMENT,,INACTIVE,OBSERVED_NULL,"[{""term_id"":""GOBP_IMMUNE_SYSTEM_DEVELOPMENT"",""eligible"":true,""NES"":1.694029684274571,""FDR"":0.1395735604220229,""leading_edge_n"":22,""qualified"":false}]",NOT_APPLICABLE,,TRANSCRIPTOME,EXP003-C4
CTX003_I020,I020,CTX003,I,GOBP_INFLAMMASOME_MEDIATED_SIGNALING_PATHWAY;GOBP_POSITIVE_REGULATION_OF_INFLAMMASOME_MEDIATED_SIGNALING_PATHWAY;GOBP_REGULATION_OF_INFLAMMASOME_MEDIATED_SIGNALING_PATHWAY,,INACTIVE,OBSERVED_NULL,"[{""term_id"":""GOBP_INFLAMMASOME_MEDIATED_SIGNALING_PATHWAY"",""eligible"":true,""NES"":1.281024754859658,""FDR"":0.4175895728971252,""leading_edge_n"":8,""qualified"":false},{""term_id"":""GOBP_POSITIVE_REGULATION_OF_INFLAMMASOME_MEDIATED_SIGNALING_PATHWAY"",""eligible"":true,""NES"":1.484955715488263,""FDR"":0.2604352524204927,""leading_edge_n"":12,""qualified"":false},{""term_id"":""GOBP_REGULATION_OF_INFLAMMASOME_MEDIATED_SIGNALING_PATHWAY"",""eligible"":true,""NES"":1.1423858732574588,""FDR"":0.5754205807010885,""leading_edge_n"":7,""qualified"":false}]",NOT_APPLICABLE,,TRANSCRIPTOME,EXP003-C4
CTX003_I021,I021,CTX003,I,GOBP_INFLAMMATORY_CELL_APOPTOTIC_PROCESS,,INACTIVE,OBSERVED_NULL,"[{""term_id"":""GOBP_INFLAMMATORY_CELL_APOPTOTIC_PROCESS"",""eligible"":false,""NES"":null,""FDR"":null,""leading_edge_n"":0,""qualified"":false}]",NOT_APPLICABLE,,TRANSCRIPTOME,EXP003-C4
CTX003_I022,I022,CTX003,I,GOBP_INFLAMMATORY_RESPONSE_TO_ANTIGENIC_STIMULUS;GOBP_NEGATIVE_REGULATION_OF_INFLAMMATORY_RESPONSE_TO_ANTIGENIC_STIMULUS;GOBP_REGULATION_OF_INFLAMMATORY_RESPONSE_TO_ANTIGENIC_STIMULUS,,INACTIVE,OBSERVED_NULL,"[{""term_id"":""GOBP_INFLAMMATORY_RESPONSE_TO_ANTIGENIC_STIMULUS"",""eligible"":true,""NES"":1.625597025423268,""FDR"":0.1723380420342229,""leading_edge_n"":8,""qualified"":false},{""term_id"":""GOBP_NEGATIVE_REGULATION_OF_INFLAMMATORY_RESPONSE_TO_ANTIGENIC_STIMULUS"",""eligible"":true,""NES"":1.2163827280599546,""FDR"":0.4840117988962741,""leading_edge_n"":7,""qualified"":false},{""term_id"":""GOBP_REGULATION_OF_INFLAMMATORY_RESPONSE_TO_ANTIGENIC_STIMULUS"",""eligible"":true,""NES"":1.6854615986576975,""FDR"":0.1431252309083323,""leading_edge_n"":3,""qualified"":false}]",NOT_APPLICABLE,,TRANSCRIPTOME,EXP003-C4
CTX003_I023,I023,CTX003,I,GOBP_INFLAMMATORY_RESPONSE_TO_WOUNDING,,INACTIVE,OBSERVED_NULL,"[{""term_id"":""GOBP_INFLAMMATORY_RESPONSE_TO_WOUNDING"",""eligible"":true,""NES"":1.0958753133388572,""FDR"":0.6379301020097677,""leading_edge_n"":2,""qualified"":false}]",NOT_APPLICABLE,,TRANSCRIPTOME,EXP003-C4
CTX003_I024,I024,CTX003,I,GOBP_INTERFERON_ALPHA_PRODUCTION;GOBP_POSITIVE_REGULATION_OF_INTERFERON_ALPHA_PRODUCTION,,INACTIVE,OBSERVED_NULL,"[{""term_id"":""GOBP_INTERFERON_ALPHA_PRODUCTION"",""eligible"":true,""NES"":1.0531338328212212,""FDR"":0.6836521013568387,""leading_edge_n"":10,""qualified"":false},{""term_id"":""GOBP_POSITIVE_REGULATION_OF_INTERFERON_ALPHA_PRODUCTION"",""eligible"":true,""NES"":1.31615716887614,""FDR"":0.384941901589531,""leading_edge_n"":10,""qualified"":false}]",NOT_APPLICABLE,,TRANSCRIPTOME,EXP003-C4
CTX003_I025,I025,CTX003,I,GOBP_INTERFERON_BETA_PRODUCTION;GOBP_POSITIVE_REGULATION_OF_INTERFERON_BETA_PRODUCTION;GOBP_POSITIVE_REGULATION_OF_TYPE_I_INTERFERON_PRODUCTION;GOBP_TYPE_I_INTERFERON_PRODUCTION,GOBP_POSITIVE_REGULATION_OF_TYPE_I_INTERFERON_PRODUCTION,POSITIVE,QUALIFIED,"[{""term_id"":""GOBP_INTERFERON_BETA_PRODUCTION"",""eligible"":true,""NES"":1.8132534964565457,""FDR"":0.1034088994941076,""leading_edge_n"":13,""qualified"":false},{""term_id"":""GOBP_POSITIVE_REGULATION_OF_INTERFERON_BETA_PRODUCTION"",""eligible"":true,""NES"":1.7666973802243695,""FDR"":0.115855368545818,""leading_edge_n"":14,""qualified"":false},{""term_id"":""GOBP_POSITIVE_REGULATION_OF_TYPE_I_INTERFERON_PRODUCTION"",""eligible"":true,""NES"":2.1374357836667204,""FDR"":0.0249292546493094,""leading_edge_n"":26,""qualified"":true},{""term_id"":""GOBP_TYPE_I_INTERFERON_PRODUCTION"",""eligible"":true,""NES"":1.8667802157375415,""FDR"":0.0908684823847727,""leading_edge_n"":33,""qualified"":false}]",NOT_APPLICABLE,,TRANSCRIPTOME,EXP003-C4
CTX003_I026,I026,CTX003,I,GOBP_INTERFERON_MEDIATED_SIGNALING_PATHWAY;GOBP_NEGATIVE_REGULATION_OF_TYPE_I_INTERFERON_MEDIATED_SIGNALING_PATHWAY;GOBP_REGULATION_OF_TYPE_I_INTERFERON_MEDIATED_SIGNALING_PATHWAY;GOBP_RESPONSE_TO_TYPE_I_INTERFERON;GOBP_TYPE_I_INTERFERON_MEDIATED_SIGNALING_PATHWAY,,INACTIVE,OBSERVED_NULL,"[{""term_id"":""GOBP_INTERFERON_MEDIATED_SIGNALING_PATHWAY"",""eligible"":true,""NES"":1.3411270752162727,""FDR"":0.3660056296886727,""leading_edge_n"":17,""qualified"":false},{""term_id"":""GOBP_NEGATIVE_REGULATION_OF_TYPE_I_INTERFERON_MEDIATED_SIGNALING_PATHWAY"",""eligible"":true,""NES"":0.7130741704029682,""FDR"":1.0,""leading_edge_n"":7,""qualified"":false},{""term_id"":""GOBP_REGULATION_OF_TYPE_I_INTERFERON_MEDIATED_SIGNALING_PATHWAY"",""eligible"":true,""NES"":0.878313145673194,""FDR"":0.8999360759556706,""leading_edge_n"":12,""qualified"":false},{""term_id"":""GOBP_RESPONSE_TO_TYPE_I_INTERFERON"",""eligible"":true,""NES"":1.2791206231725782,""FDR"":0.4198347443142763,""leading_edge_n"":23,""qualified"":false},{""term_id"":""GOBP_TYPE_I_INTERFERON_MEDIATED_SIGNALING_PATHWAY"",""eligible"":true,""NES"":1.0907689101576057,""FDR"":0.6445286881991963,""leading_edge_n"":16,""qualified"":false}]",NOT_APPLICABLE,,TRANSCRIPTOME,EXP003-C4
CTX003_I027,I027,CTX003,I,GOBP_INTERLEUKIN_10_PRODUCTION;GOBP_POSITIVE_REGULATION_OF_INTERLEUKIN_10_PRODUCTION,,INACTIVE,OBSERVED_NULL,"[{""term_id"":""GOBP_INTERLEUKIN_10_PRODUCTION"",""eligible"":true,""NES"":1.1616820619711234,""FDR"":0.5504689330552481,""leading_edge_n"":15,""qualified"":false},{""term_id"":""GOBP_POSITIVE_REGULATION_OF_INTERLEUKIN_10_PRODUCTION"",""eligible"":true,""NES"":1.2995325947327123,""FDR"":0.4005048715196115,""leading_edge_n"":10,""qualified"":false}]",NOT_APPLICABLE,,TRANSCRIPTOME,EXP003-C4
CTX003_I028,I028,CTX003,I,GOBP_INTERLEUKIN_12_PRODUCTION;GOBP_POSITIVE_REGULATION_OF_INTERLEUKIN_12_PRODUCTION,,INACTIVE,OBSERVED_NULL,"[{""term_id"":""GOBP_INTERLEUKIN_12_PRODUCTION"",""eligible"":true,""NES"":1.7036467821967265,""FDR"":0.1345244143868094,""leading_edge_n"":12,""qualified"":false},{""term_id"":""GOBP_POSITIVE_REGULATION_OF_INTERLEUKIN_12_PRODUCTION"",""eligible"":true,""NES"":1.2467259346169983,""FDR"":0.4541658914410724,""leading_edge_n"":7,""qualified"":false}]",NOT_APPLICABLE,,TRANSCRIPTOME,EXP003-C4
CTX003_I029,I029,CTX003,I,GOBP_INTERLEUKIN_13_PRODUCTION,,INACTIVE,OBSERVED_NULL,"[{""term_id"":""GOBP_INTERLEUKIN_13_PRODUCTION"",""eligible"":true,""NES"":-0.6456128162007937,""FDR"":1.0,""leading_edge_n"":3,""qualified"":false}]",NOT_APPLICABLE,,TRANSCRIPTOME,EXP003-C4
CTX003_I030,I030,CTX003,I,GOBP_INTERLEUKIN_17_PRODUCTION,,INACTIVE,OBSERVED_NULL,"[{""term_id"":""GOBP_INTERLEUKIN_17_PRODUCTION"",""eligible"":true,""NES"":0.8198028633477776,""FDR"":0.9605725345476094,""leading_edge_n"":2,""qualified"":false}]",NOT_APPLICABLE,,TRANSCRIPTOME,EXP003-C4
CTX003_I031,I031,CTX003,I,GOBP_INTERLEUKIN_1_MEDIATED_SIGNALING_PATHWAY,,INACTIVE,OBSERVED_NULL,"[{""term_id"":""GOBP_INTERLEUKIN_1_MEDIATED_SIGNALING_PATHWAY"",""eligible"":true,""NES"":1.8024931065284815,""FDR"":0.1067248170470504,""leading_edge_n"":7,""qualified"":false}]",NOT_APPLICABLE,,TRANSCRIPTOME,EXP003-C4
CTX003_I032,I032,CTX003,I,GOBP_INTERLEUKIN_1_PRODUCTION;GOBP_POSITIVE_REGULATION_OF_INTERLEUKIN_1_PRODUCTION,,INACTIVE,OBSERVED_NULL,"[{""term_id"":""GOBP_INTERLEUKIN_1_PRODUCTION"",""eligible"":true,""NES"":1.5328295323892691,""FDR"":0.2282161358378294,""leading_edge_n"":15,""qualified"":false},{""term_id"":""GOBP_POSITIVE_REGULATION_OF_INTERLEUKIN_1_PRODUCTION"",""eligible"":true,""NES"":1.1594436143601294,""FDR"":0.5529097475596745,""leading_edge_n"":11,""qualified"":false}]",NOT_APPLICABLE,,TRANSCRIPTOME,EXP003-C4
CTX003_I033,I033,CTX003,I,GOBP_INTERLEUKIN_2_PRODUCTION;GOBP_POSITIVE_REGULATION_OF_INTERLEUKIN_2_PRODUCTION,,INACTIVE,OBSERVED_NULL,"[{""term_id"":""GOBP_INTERLEUKIN_2_PRODUCTION"",""eligible"":true,""NES"":1.9311534630522549,""FDR"":0.0730408823793938,""leading_edge_n"":14,""qualified"":false},{""term_id"":""GOBP_POSITIVE_REGULATION_OF_INTERLEUKIN_2_PRODUCTION"",""eligible"":true,""NES"":1.8763520606219484,""FDR"":0.0862606089914438,""leading_edge_n"":22,""qualified"":false}]",NOT_APPLICABLE,,TRANSCRIPTOME,EXP003-C4
CTX003_I034,I034,CTX003,I,GOBP_INTERLEUKIN_4_PRODUCTION,,INACTIVE,OBSERVED_NULL,"[{""term_id"":""GOBP_INTERLEUKIN_4_PRODUCTION"",""eligible"":true,""NES"":-0.5955128993606842,""FDR"":1.0,""leading_edge_n"":3,""qualified"":false}]",NOT_APPLICABLE,,TRANSCRIPTOME,EXP003-C4
CTX003_I035,I035,CTX003,I,GOBP_INTERLEUKIN_6_MEDIATED_SIGNALING_PATHWAY;GOBP_RESPONSE_TO_INTERLEUKIN_6,,INACTIVE,OBSERVED_NULL,"[{""term_id"":""GOBP_INTERLEUKIN_6_MEDIATED_SIGNALING_PATHWAY"",""eligible"":false,""NES"":null,""FDR"":null,""leading_edge_n"":0,""qualified"":false},{""term_id"":""GOBP_RESPONSE_TO_INTERLEUKIN_6"",""eligible"":true,""NES"":1.3988209709737225,""FDR"":0.3192719236097086,""leading_edge_n"":10,""qualified"":false}]",NOT_APPLICABLE,,TRANSCRIPTOME,EXP003-C4
CTX003_I036,I036,CTX003,I,GOBP_INTERLEUKIN_6_PRODUCTION;GOBP_POSITIVE_REGULATION_OF_INTERLEUKIN_6_PRODUCTION,,INACTIVE,OBSERVED_NULL,"[{""term_id"":""GOBP_INTERLEUKIN_6_PRODUCTION"",""eligible"":true,""NES"":1.6173299015423528,""FDR"":0.1740442953164283,""leading_edge_n"":19,""qualified"":false},{""term_id"":""GOBP_POSITIVE_REGULATION_OF_INTERLEUKIN_6_PRODUCTION"",""eligible"":true,""NES"":1.0365191510347689,""FDR"":0.7072557599731704,""leading_edge_n"":13,""qualified"":false}]",NOT_APPLICABLE,,TRANSCRIPTOME,EXP003-C4
CTX003_I037,I037,CTX003,I,GOBP_INTERLEUKIN_8_PRODUCTION;GOBP_POSITIVE_REGULATION_OF_INTERLEUKIN_8_PRODUCTION,,INACTIVE,OBSERVED_NULL,"[{""term_id"":""GOBP_INTERLEUKIN_8_PRODUCTION"",""eligible"":true,""NES"":1.0846418508409186,""FDR"":0.649732924337032,""leading_edge_n"":20,""qualified"":false},{""term_id"":""GOBP_POSITIVE_REGULATION_OF_INTERLEUKIN_8_PRODUCTION"",""eligible"":true,""NES"":1.231045169758211,""FDR"":0.4654948273396319,""leading_edge_n"":15,""qualified"":false}]",NOT_APPLICABLE,,TRANSCRIPTOME,EXP003-C4
CTX003_I038,I038,CTX003,I,GOBP_LEUKOCYTE_ADHESION_TO_VASCULAR_ENDOTHELIAL_CELL;GOBP_LEUKOCYTE_TETHERING_OR_ROLLING;GOBP_POSITIVE_REGULATION_OF_LEUKOCYTE_ADHESION_TO_VASCULAR_ENDOTHELIAL_CELL;GOBP_REGULATION_OF_LEUKOCYTE_ADHESION_TO_VASCULAR_ENDOTHELIAL_CELL,,INACTIVE,OBSERVED_NULL,"[{""term_id"":""GOBP_LEUKOCYTE_ADHESION_TO_VASCULAR_ENDOTHELIAL_CELL"",""eligible"":true,""NES"":2.04459635502661,""FDR"":0.0434068236469157,""leading_edge_n"":4,""qualified"":false},{""term_id"":""GOBP_LEUKOCYTE_TETHERING_OR_ROLLING"",""eligible"":true,""NES"":1.3889647631528097,""FDR"":0.3274689594993302,""leading_edge_n"":4,""qualified"":false},{""term_id"":""GOBP_POSITIVE_REGULATION_OF_LEUKOCYTE_ADHESION_TO_VASCULAR_ENDOTHELIAL_CELL"",""eligible"":false,""NES"":null,""FDR"":null,""leading_edge_n"":0,""qualified"":false},{""term_id"":""GOBP_REGULATION_OF_LEUKOCYTE_ADHESION_TO_VASCULAR_ENDOTHELIAL_CELL"",""eligible"":true,""NES"":0.8654233815486019,""FDR"":0.9121359526921864,""leading_edge_n"":5,""qualified"":false}]",NOT_APPLICABLE,,TRANSCRIPTOME,EXP003-C4
CTX003_I039,I039,CTX003,I,GOBP_LEUKOCYTE_APOPTOTIC_PROCESS;GOBP_NEGATIVE_REGULATION_OF_LEUKOCYTE_APOPTOTIC_PROCESS;GOBP_REGULATION_OF_LEUKOCYTE_APOPTOTIC_PROCESS,,INACTIVE,OBSERVED_NULL,"[{""term_id"":""GOBP_LEUKOCYTE_APOPTOTIC_PROCESS"",""eligible"":true,""NES"":1.4635855675146727,""FDR"":0.2731664640661513,""leading_edge_n"":22,""qualified"":false},{""term_id"":""GOBP_NEGATIVE_REGULATION_OF_LEUKOCYTE_APOPTOTIC_PROCESS"",""eligible"":true,""NES"":0.8194165063730294,""FDR"":0.96057225308325,""leading_edge_n"":6,""qualified"":false},{""term_id"":""GOBP_REGULATION_OF_LEUKOCYTE_APOPTOTIC_PROCESS"",""eligible"":true,""NES"":1.195772392597762,""FDR"":0.5082724507084455,""leading_edge_n"":14,""qualified"":false}]",NOT_APPLICABLE,,TRANSCRIPTOME,EXP003-C4
CTX003_I040,I040,CTX003,I,GOBP_LEUKOCYTE_CELL_CELL_ADHESION;GOBP_POSITIVE_REGULATION_OF_LEUKOCYTE_CELL_CELL_ADHESION,,INACTIVE,OBSERVED_NULL,"[{""term_id"":""GOBP_LEUKOCYTE_CELL_CELL_ADHESION"",""eligible"":true,""NES"":1.980360108166517,""FDR"":0.0612701999983294,""leading_edge_n"":54,""qualified"":false},{""term_id"":""GOBP_POSITIVE_REGULATION_OF_LEUKOCYTE_CELL_CELL_ADHESION"",""eligible"":true,""NES"":1.7365611181509413,""FDR"":0.1211414155848047,""leading_edge_n"":36,""qualified"":false}]",NOT_APPLICABLE,,TRANSCRIPTOME,EXP003-C4
CTX003_I041,I041,CTX003,I,GOBP_LEUKOCYTE_CHEMOTAXIS;GOBP_LEUKOCYTE_MIGRATION;GOBP_MYELOID_LEUKOCYTE_MIGRATION;GOBP_POSITIVE_REGULATION_OF_LEUKOCYTE_CHEMOTAXIS;GOBP_POSITIVE_REGULATION_OF_LEUKOCYTE_MIGRATION;GOBP_REGULATION_OF_LEUKOCYTE_CHEMOTAXIS;GOBP_REGULATION_OF_LEUKOCYTE_MIGRATION,GOBP_LEUKOCYTE_CHEMOTAXIS;GOBP_LEUKOCYTE_MIGRATION;GOBP_MYELOID_LEUKOCYTE_MIGRATION;GOBP_POSITIVE_REGULATION_OF_LEUKOCYTE_MIGRATION,POSITIVE,QUALIFIED,"[{""term_id"":""GOBP_LEUKOCYTE_CHEMOTAXIS"",""eligible"":true,""NES"":2.433072373876352,""FDR"":0.0004338266115209,""leading_edge_n"":36,""qualified"":true},{""term_id"":""GOBP_LEUKOCYTE_MIGRATION"",""eligible"":true,""NES"":2.389179261474719,""FDR"":0.0005716303587099,""leading_edge_n"":57,""qualified"":true},{""term_id"":""GOBP_MYELOID_LEUKOCYTE_MIGRATION"",""eligible"":true,""NES"":2.27955578547928,""FDR"":0.0036441435367761,""leading_edge_n"":36,""qualified"":true},{""term_id"":""GOBP_POSITIVE_REGULATION_OF_LEUKOCYTE_CHEMOTAXIS"",""eligible"":true,""NES"":1.953519670291811,""FDR"":0.069062041451509,""leading_edge_n"":15,""qualified"":false},{""term_id"":""GOBP_POSITIVE_REGULATION_OF_LEUKOCYTE_MIGRATION"",""eligible"":true,""NES"":2.086019633776102,""FDR"":0.0343058888865323,""leading_edge_n"":20,""qualified"":true},{""term_id"":""GOBP_REGULATION_OF_LEUKOCYTE_CHEMOTAXIS"",""eligible"":true,""NES"":1.9572679896764136,""FDR"":0.0688754480922767,""leading_edge_n"":21,""qualified"":false},{""term_id"":""GOBP_REGULATION_OF_LEUKOCYTE_MIGRATION"",""eligible"":true,""NES"":2.0123233402779297,""FDR"":0.0506842967367728,""leading_edge_n"":37,""qualified"":false}]",NOT_APPLICABLE,,TRANSCRIPTOME,EXP003-C4
CTX003_I042,I042,CTX003,I,GOBP_LEUKOCYTE_DEGRANULATION;GOBP_MAST_CELL_ACTIVATION_INVOLVED_IN_IMMUNE_RESPONSE;GOBP_MYELOID_CELL_ACTIVATION_INVOLVED_IN_IMMUNE_RESPONSE;GOBP_MYELOID_LEUKOCYTE_MEDIATED_IMMUNITY;GOBP_POSITIVE_REGULATION_OF_LEUKOCYTE_DEGRANULATION;GOBP_REGULATION_OF_LEUKOCYTE_DEGRANULATION;GOBP_REGULATION_OF_MYELOID_LEUKOCYTE_MEDIATED_IMMUNITY,,INACTIVE,OBSERVED_NULL,"[{""term_id"":""GOBP_LEUKOCYTE_DEGRANULATION"",""eligible"":true,""NES"":0.7947547058994436,""FDR"":0.973901228720978,""leading_edge_n"":8,""qualified"":false},{""term_id"":""GOBP_MAST_CELL_ACTIVATION_INVOLVED_IN_IMMUNE_RESPONSE"",""eligible"":true,""NES"":0.8758519468558037,""FDR"":0.9029310873208736,""leading_edge_n"":7,""qualified"":false},{""term_id"":""GOBP_MYELOID_CELL_ACTIVATION_INVOLVED_IN_IMMUNE_RESPONSE"",""eligible"":true,""NES"":-0.920201147686125,""FDR"":1.0,""leading_edge_n"":10,""qualified"":false},{""term_id"":""GOBP_MYELOID_LEUKOCYTE_MEDIATED_IMMUNITY"",""eligible"":true,""NES"":1.9210252263840677,""FDR"":0.0762305091551334,""leading_edge_n"":15,""qualified"":false},{""term_id"":""GOBP_POSITIVE_REGULATION_OF_LEUKOCYTE_DEGRANULATION"",""eligible"":false,""NES"":null,""FDR"":null,""leading_edge_n"":0,""qualified"":false},{""term_id"":""GOBP_REGULATION_OF_LEUKOCYTE_DEGRANULATION"",""eligible"":true,""NES"":-0.9513567977923588,""FDR"":1.0,""leading_edge_n"":6,""qualified"":false},{""term_id"":""GOBP_REGULATION_OF_MYELOID_LEUKOCYTE_MEDIATED_IMMUNITY"",""eligible"":true,""NES"":2.033700490967466,""FDR"":0.0455152064231879,""leading_edge_n"":2,""qualified"":false}]",NOT_APPLICABLE,,TRANSCRIPTOME,EXP003-C4
CTX003_I043,I043,CTX003,I,GOBP_LEUKOCYTE_HOMEOSTASIS,GOBP_LEUKOCYTE_HOMEOSTASIS,POSITIVE,QUALIFIED,"[{""term_id"":""GOBP_LEUKOCYTE_HOMEOSTASIS"",""eligible"":true,""NES"":2.0550085759313226,""FDR"":0.0412510482338668,""leading_edge_n"":16,""qualified"":true}]",NOT_APPLICABLE,,TRANSCRIPTOME,EXP003-C4
CTX003_I044,I044,CTX003,I,GOBP_LEUKOCYTE_MEDIATED_CYTOTOXICITY;GOBP_NATURAL_KILLER_CELL_MEDIATED_IMMUNITY;GOBP_POSITIVE_REGULATION_OF_NATURAL_KILLER_CELL_MEDIATED_IMMUNITY;GOBP_REGULATION_OF_NATURAL_KILLER_CELL_MEDIATED_IMMUNITY,GOBP_LEUKOCYTE_MEDIATED_CYTOTOXICITY,POSITIVE,QUALIFIED,"[{""term_id"":""GOBP_LEUKOCYTE_MEDIATED_CYTOTOXICITY"",""eligible"":true,""NES"":2.0678065215343597,""FDR"":0.0384483549967105,""leading_edge_n"":6,""qualified"":true},{""term_id"":""GOBP_NATURAL_KILLER_CELL_MEDIATED_IMMUNITY"",""eligible"":true,""NES"":1.2357734032206629,""FDR"":0.4609516509574872,""leading_edge_n"":18,""qualified"":false},{""term_id"":""GOBP_POSITIVE_REGULATION_OF_NATURAL_KILLER_CELL_MEDIATED_IMMUNITY"",""eligible"":false,""NES"":null,""FDR"":null,""leading_edge_n"":0,""qualified"":false},{""term_id"":""GOBP_REGULATION_OF_NATURAL_KILLER_CELL_MEDIATED_IMMUNITY"",""eligible"":true,""NES"":1.3636555638533816,""FDR"":0.3471628231045778,""leading_edge_n"":12,""qualified"":false}]",NOT_APPLICABLE,,TRANSCRIPTOME,EXP003-C4
CTX003_I045,I045,CTX003,I,GOBP_LEUKOCYTE_PROLIFERATION;GOBP_POSITIVE_REGULATION_OF_LEUKOCYTE_PROLIFERATION;GOBP_REGULATION_OF_LEUKOCYTE_PROLIFERATION,,INACTIVE,OBSERVED_NULL,"[{""term_id"":""GOBP_LEUKOCYTE_PROLIFERATION"",""eligible"":true,""NES"":1.8832446937266487,""FDR"":0.0857654552566883,""leading_edge_n"":38,""qualified"":false},{""term_id"":""GOBP_POSITIVE_REGULATION_OF_LEUKOCYTE_PROLIFERATION"",""eligible"":true,""NES"":1.6524884365413943,""FDR"":0.1581370303429185,""leading_edge_n"":21,""qualified"":false},{""term_id"":""GOBP_REGULATION_OF_LEUKOCYTE_PROLIFERATION"",""eligible"":true,""NES"":1.8534820203238007,""FDR"":0.0937255941348887,""leading_edge_n"":28,""qualified"":false}]",NOT_APPLICABLE,,TRANSCRIPTOME,EXP003-C4
CTX003_I046,I046,CTX003,I,GOBP_MACROPHAGE_ACTIVATION;GOBP_REGULATION_OF_MACROPHAGE_ACTIVATION,,INACTIVE,OBSERVED_NULL,"[{""term_id"":""GOBP_MACROPHAGE_ACTIVATION"",""eligible"":true,""NES"":0.7715227488491653,""FDR"":0.9861833097105316,""leading_edge_n"":13,""qualified"":false},{""term_id"":""GOBP_REGULATION_OF_MACROPHAGE_ACTIVATION"",""eligible"":true,""NES"":1.2649839757035302,""FDR"":0.4310189522317147,""leading_edge_n"":6,""qualified"":false}]",NOT_APPLICABLE,,TRANSCRIPTOME,EXP003-C4
CTX003_I047,I047,CTX003,I,GOBP_MACROPHAGE_CHEMOTAXIS;GOBP_MACROPHAGE_MIGRATION;GOBP_POSITIVE_REGULATION_OF_MACROPHAGE_CHEMOTAXIS;GOBP_POSITIVE_REGULATION_OF_MACROPHAGE_MIGRATION;GOBP_REGULATION_OF_MACROPHAGE_CHEMOTAXIS;GOBP_REGULATION_OF_MACROPHAGE_MIGRATION,,INACTIVE,OBSERVED_NULL,"[{""term_id"":""GOBP_MACROPHAGE_CHEMOTAXIS"",""eligible"":true,""NES"":1.692429598491152,""FDR"":0.1404707275400922,""leading_edge_n"":4,""qualified"":false},{""term_id"":""GOBP_MACROPHAGE_MIGRATION"",""eligible"":true,""NES"":1.6649984577009838,""FDR"":0.1524841624771184,""leading_edge_n"":8,""qualified"":false},{""term_id"":""GOBP_POSITIVE_REGULATION_OF_MACROPHAGE_CHEMOTAXIS"",""eligible"":false,""NES"":null,""FDR"":null,""leading_edge_n"":0,""qualified"":false},{""term_id"":""GOBP_POSITIVE_REGULATION_OF_MACROPHAGE_MIGRATION"",""eligible"":true,""NES"":1.962060432448453,""FDR"":0.0683160113673193,""leading_edge_n"":5,""qualified"":false},{""term_id"":""GOBP_REGULATION_OF_MACROPHAGE_CHEMOTAXIS"",""eligible"":true,""NES"":1.8602925180101648,""FDR"":0.0926162517742916,""leading_edge_n"":4,""qualified"":false},{""term_id"":""GOBP_REGULATION_OF_MACROPHAGE_MIGRATION"",""eligible"":true,""NES"":1.8090736317967069,""FDR"":0.1041121892420108,""leading_edge_n"":5,""qualified"":false}]",NOT_APPLICABLE,,TRANSCRIPTOME,EXP003-C4
CTX003_I048,I048,CTX003,I,GOBP_MACROPHAGE_CYTOKINE_PRODUCTION;GOBP_MYELOID_LEUKOCYTE_CYTOKINE_PRODUCTION;GOBP_POSITIVE_REGULATION_OF_MYELOID_LEUKOCYTE_CYTOKINE_PRODUCTION_INVOLVED_IN_IMMUNE_RESPONSE,,INACTIVE,OBSERVED_NULL,"[{""term_id"":""GOBP_MACROPHAGE_CYTOKINE_PRODUCTION"",""eligible"":false,""NES"":null,""FDR"":null,""leading_edge_n"":0,""qualified"":false},{""term_id"":""GOBP_MYELOID_LEUKOCYTE_CYTOKINE_PRODUCTION"",""eligible"":true,""NES"":1.1441898240161965,""FDR"":0.5729860600109822,""leading_edge_n"":6,""qualified"":false},{""term_id"":""GOBP_POSITIVE_REGULATION_OF_MYELOID_LEUKOCYTE_CYTOKINE_PRODUCTION_INVOLVED_IN_IMMUNE_RESPONSE"",""eligible"":true,""NES"":1.2856446604401193,""FDR"":0.4160109233373271,""leading_edge_n"":8,""qualified"":false}]",NOT_APPLICABLE,,TRANSCRIPTOME,EXP003-C4
CTX003_I049,I049,CTX003,I,GOBP_MACROPHAGE_DIFFERENTIATION,,INACTIVE,OBSERVED_NULL,"[{""term_id"":""GOBP_MACROPHAGE_DIFFERENTIATION"",""eligible"":true,""NES"":1.7436439930971182,""FDR"":0.121605886033552,""leading_edge_n"":10,""qualified"":false}]",NOT_APPLICABLE,,TRANSCRIPTOME,EXP003-C4
CTX003_I050,I050,CTX003,I,GOBP_MYD88_DEPENDENT_TOLL_LIKE_RECEPTOR_SIGNALING_PATHWAY,,INACTIVE,OBSERVED_NULL,"[{""term_id"":""GOBP_MYD88_DEPENDENT_TOLL_LIKE_RECEPTOR_SIGNALING_PATHWAY"",""eligible"":true,""NES"":2.0912524518902287,""FDR"":0.0343889867091173,""leading_edge_n"":4,""qualified"":false}]",NOT_APPLICABLE,,TRANSCRIPTOME,EXP003-C4
CTX003_I051,I051,CTX003,I,GOBP_MYELOID_LEUKOCYTE_ACTIVATION,,INACTIVE,OBSERVED_NULL,"[{""term_id"":""GOBP_MYELOID_LEUKOCYTE_ACTIVATION"",""eligible"":true,""NES"":1.7043667292129734,""FDR"":0.1343851230924009,""leading_edge_n"":26,""qualified"":false}]",NOT_APPLICABLE,,TRANSCRIPTOME,EXP003-C4
CTX003_I052,I052,CTX003,I,GOBP_MYELOID_LEUKOCYTE_DIFFERENTIATION,,INACTIVE,OBSERVED_NULL,"[{""term_id"":""GOBP_MYELOID_LEUKOCYTE_DIFFERENTIATION"",""eligible"":true,""NES"":1.666229614455979,""FDR"":0.1517640995114562,""leading_edge_n"":50,""qualified"":false}]",NOT_APPLICABLE,,TRANSCRIPTOME,EXP003-C4
CTX003_I053,I053,CTX003,I,GOBP_NEGATIVE_REGULATION_OF_ADAPTIVE_IMMUNE_RESPONSE,,INACTIVE,OBSERVED_NULL,"[{""term_id"":""GOBP_NEGATIVE_REGULATION_OF_ADAPTIVE_IMMUNE_RESPONSE"",""eligible"":true,""NES"":1.350014390997658,""FDR"":0.3565411467497509,""leading_edge_n"":9,""qualified"":false}]",NOT_APPLICABLE,,TRANSCRIPTOME,EXP003-C4
CTX003_I054,I054,CTX003,I,GOBP_NEGATIVE_REGULATION_OF_CYTOKINE_PRODUCTION,,INACTIVE,OBSERVED_NULL,"[{""term_id"":""GOBP_NEGATIVE_REGULATION_OF_CYTOKINE_PRODUCTION"",""eligible"":true,""NES"":1.646621001194227,""FDR"":0.1617964003431186,""leading_edge_n"":36,""qualified"":false}]",NOT_APPLICABLE,,TRANSCRIPTOME,EXP003-C4
CTX003_I055,I055,CTX003,I,GOBP_NEGATIVE_REGULATION_OF_IMMUNE_EFFECTOR_PROCESS;GOBP_NEGATIVE_REGULATION_OF_LEUKOCYTE_MEDIATED_IMMUNITY,,INACTIVE,OBSERVED_NULL,"[{""term_id"":""GOBP_NEGATIVE_REGULATION_OF_IMMUNE_EFFECTOR_PROCESS"",""eligible"":true,""NES"":1.4320045828668693,""FDR"":0.2971698157758652,""leading_edge_n"":23,""qualified"":false},{""term_id"":""GOBP_NEGATIVE_REGULATION_OF_LEUKOCYTE_MEDIATED_IMMUNITY"",""eligible"":true,""NES"":1.527517179395702,""FDR"":0.2337749493872382,""leading_edge_n"":17,""qualified"":false}]",NOT_APPLICABLE,,TRANSCRIPTOME,EXP003-C4
CTX003_I056,I056,CTX003,I,GOBP_NEGATIVE_REGULATION_OF_IMMUNE_RESPONSE,,INACTIVE,OBSERVED_NULL,"[{""term_id"":""GOBP_NEGATIVE_REGULATION_OF_IMMUNE_RESPONSE"",""eligible"":true,""NES"":1.5545517389398218,""FDR"":0.2173291321070052,""leading_edge_n"":45,""qualified"":false}]",NOT_APPLICABLE,,TRANSCRIPTOME,EXP003-C4
CTX003_I057,I057,CTX003,I,GOBP_NEGATIVE_REGULATION_OF_IMMUNE_SYSTEM_PROCESS,,INACTIVE,OBSERVED_NULL,"[{""term_id"":""GOBP_NEGATIVE_REGULATION_OF_IMMUNE_SYSTEM_PROCESS"",""eligible"":true,""NES"":1.685354888543764,""FDR"":0.1427408641562052,""leading_edge_n"":92,""qualified"":false}]",NOT_APPLICABLE,,TRANSCRIPTOME,EXP003-C4
CTX003_I058,I058,CTX003,I,GOBP_NEGATIVE_REGULATION_OF_INFLAMMASOME_MEDIATED_SIGNALING_PATHWAY,,INACTIVE,OBSERVED_NULL,"[{""term_id"":""GOBP_NEGATIVE_REGULATION_OF_INFLAMMASOME_MEDIATED_SIGNALING_PATHWAY"",""eligible"":true,""NES"":-1.2406917485702127,""FDR"":0.903135446728766,""leading_edge_n"":3,""qualified"":false}]",NOT_APPLICABLE,,TRANSCRIPTOME,EXP003-C4
CTX003_I059,I059,CTX003,I,GOBP_NEGATIVE_REGULATION_OF_INFLAMMATORY_RESPONSE,,INACTIVE,OBSERVED_NULL,"[{""term_id"":""GOBP_NEGATIVE_REGULATION_OF_INFLAMMATORY_RESPONSE"",""eligible"":true,""NES"":1.6823174947844175,""FDR"":0.1433872520873647,""leading_edge_n"":39,""qualified"":false}]",NOT_APPLICABLE,,TRANSCRIPTOME,EXP003-C4
CTX003_I060,I060,CTX003,I,GOBP_NEGATIVE_REGULATION_OF_INNATE_IMMUNE_RESPONSE,,INACTIVE,OBSERVED_NULL,"[{""term_id"":""GOBP_NEGATIVE_REGULATION_OF_INNATE_IMMUNE_RESPONSE"",""eligible"":true,""NES"":1.490656723334473,""FDR"":0.2573244644044226,""leading_edge_n"":25,""qualified"":false}]",NOT_APPLICABLE,,TRANSCRIPTOME,EXP003-C4
CTX003_I061,I061,CTX003,I,GOBP_NEGATIVE_REGULATION_OF_INTERFERON_BETA_PRODUCTION,,INACTIVE,OBSERVED_NULL,"[{""term_id"":""GOBP_NEGATIVE_REGULATION_OF_INTERFERON_BETA_PRODUCTION"",""eligible"":true,""NES"":1.232034373468993,""FDR"":0.4646130463846176,""leading_edge_n"":1,""qualified"":false}]",NOT_APPLICABLE,,TRANSCRIPTOME,EXP003-C4
CTX003_I062,I062,CTX003,I,GOBP_NEGATIVE_REGULATION_OF_INTERLEUKIN_1_BETA_PRODUCTION;GOBP_NEGATIVE_REGULATION_OF_INTERLEUKIN_1_PRODUCTION,,INACTIVE,OBSERVED_NULL,"[{""term_id"":""GOBP_NEGATIVE_REGULATION_OF_INTERLEUKIN_1_BETA_PRODUCTION"",""eligible"":true,""NES"":1.7763073268677596,""FDR"":0.1130610511948064,""leading_edge_n"":4,""qualified"":false},{""term_id"":""GOBP_NEGATIVE_REGULATION_OF_INTERLEUKIN_1_PRODUCTION"",""eligible"":true,""NES"":1.6769936542478003,""FDR"":0.1456809042670147,""leading_edge_n"":4,""qualified"":false}]",NOT_APPLICABLE,,TRANSCRIPTOME,EXP003-C4
CTX003_I063,I063,CTX003,I,GOBP_NEGATIVE_REGULATION_OF_INTERLEUKIN_6_PRODUCTION,,INACTIVE,OBSERVED_NULL,"[{""term_id"":""GOBP_NEGATIVE_REGULATION_OF_INTERLEUKIN_6_PRODUCTION"",""eligible"":true,""NES"":1.9633416706496176,""FDR"":0.0683542263403058,""leading_edge_n"":5,""qualified"":false}]",NOT_APPLICABLE,,TRANSCRIPTOME,EXP003-C4
CTX003_I064,I064,CTX003,I,GOBP_NEGATIVE_REGULATION_OF_LEUKOCYTE_CELL_CELL_ADHESION,,INACTIVE,OBSERVED_NULL,"[{""term_id"":""GOBP_NEGATIVE_REGULATION_OF_LEUKOCYTE_CELL_CELL_ADHESION"",""eligible"":true,""NES"":1.433612341264749,""FDR"":0.2961239387904014,""leading_edge_n"":22,""qualified"":false}]",NOT_APPLICABLE,,TRANSCRIPTOME,EXP003-C4
CTX003_I065,I065,CTX003,I,GOBP_NEGATIVE_REGULATION_OF_LEUKOCYTE_MIGRATION,,INACTIVE,OBSERVED_NULL,"[{""term_id"":""GOBP_NEGATIVE_REGULATION_OF_LEUKOCYTE_MIGRATION"",""eligible"":true,""NES"":1.828801956562824,""FDR"":0.099977752772849,""leading_edge_n"":13,""qualified"":false}]",NOT_APPLICABLE,,TRANSCRIPTOME,EXP003-C4
CTX003_I066,I066,CTX003,I,GOBP_NEGATIVE_REGULATION_OF_LEUKOCYTE_PROLIFERATION,,INACTIVE,OBSERVED_NULL,"[{""term_id"":""GOBP_NEGATIVE_REGULATION_OF_LEUKOCYTE_PROLIFERATION"",""eligible"":true,""NES"":1.7631603807102136,""FDR"":0.1172851175205333,""leading_edge_n"":7,""qualified"":false}]",NOT_APPLICABLE,,TRANSCRIPTOME,EXP003-C4
CTX003_I067,I067,CTX003,I,GOBP_NEGATIVE_REGULATION_OF_MYELOID_LEUKOCYTE_DIFFERENTIATION,,INACTIVE,OBSERVED_NULL,"[{""term_id"":""GOBP_NEGATIVE_REGULATION_OF_MYELOID_LEUKOCYTE_DIFFERENTIATION"",""eligible"":true,""NES"":1.3986469890040127,""FDR"":0.3191243820973872,""leading_edge_n"":12,""qualified"":false}]",NOT_APPLICABLE,,TRANSCRIPTOME,EXP003-C4
CTX003_I068,I068,CTX003,I,GOBP_NEGATIVE_REGULATION_OF_NATURAL_KILLER_CELL_MEDIATED_IMMUNITY,,INACTIVE,OBSERVED_NULL,"[{""term_id"":""GOBP_NEGATIVE_REGULATION_OF_NATURAL_KILLER_CELL_MEDIATED_IMMUNITY"",""eligible"":false,""NES"":null,""FDR"":null,""leading_edge_n"":0,""qualified"":false}]",NOT_APPLICABLE,,TRANSCRIPTOME,EXP003-C4
CTX003_I069,I069,CTX003,I,GOBP_NEGATIVE_REGULATION_OF_PRODUCTION_OF_MOLECULAR_MEDIATOR_OF_IMMUNE_RESPONSE,,INACTIVE,OBSERVED_NULL,"[{""term_id"":""GOBP_NEGATIVE_REGULATION_OF_PRODUCTION_OF_MOLECULAR_MEDIATOR_OF_IMMUNE_RESPONSE"",""eligible"":true,""NES"":1.293939380932503,""FDR"":0.4071335938268616,""leading_edge_n"":6,""qualified"":false}]",NOT_APPLICABLE,,TRANSCRIPTOME,EXP003-C4
CTX003_I070,I070,CTX003,I,GOBP_NEGATIVE_REGULATION_OF_RESPONSE_TO_CYTOKINE_STIMULUS;GOBP_REGULATION_OF_RESPONSE_TO_CYTOKINE_STIMULUS,,INACTIVE,OBSERVED_NULL,"[{""term_id"":""GOBP_NEGATIVE_REGULATION_OF_RESPONSE_TO_CYTOKINE_STIMULUS"",""eligible"":true,""NES"":1.213578188816793,""FDR"":0.4868302210122116,""leading_edge_n"":15,""qualified"":false},{""term_id"":""GOBP_REGULATION_OF_RESPONSE_TO_CYTOKINE_STIMULUS"",""eligible"":true,""NES"":1.671622538860989,""FDR"":0.1500902788960172,""leading_edge_n"":31,""qualified"":false}]",NOT_APPLICABLE,,TRANSCRIPTOME,EXP003-C4
CTX003_I071,I071,CTX003,I,GOBP_NEGATIVE_REGULATION_OF_TUMOR_NECROSIS_FACTOR_SUPERFAMILY_CYTOKINE_PRODUCTION,,INACTIVE,OBSERVED_NULL,"[{""term_id"":""GOBP_NEGATIVE_REGULATION_OF_TUMOR_NECROSIS_FACTOR_SUPERFAMILY_CYTOKINE_PRODUCTION"",""eligible"":true,""NES"":1.6597598356266074,""FDR"":0.1553575420404054,""leading_edge_n"":6,""qualified"":false}]",NOT_APPLICABLE,,TRANSCRIPTOME,EXP003-C4
CTX003_I072,I072,CTX003,I,GOBP_NEGATIVE_REGULATION_OF_TYPE_II_INTERFERON_PRODUCTION,,INACTIVE,OBSERVED_NULL,"[{""term_id"":""GOBP_NEGATIVE_REGULATION_OF_TYPE_II_INTERFERON_PRODUCTION"",""eligible"":true,""NES"":1.5701594804444945,""FDR"":0.2089932653132845,""leading_edge_n"":3,""qualified"":false}]",NOT_APPLICABLE,,TRANSCRIPTOME,EXP003-C4
CTX003_I073,I073,CTX003,I,GOBP_NEGATIVE_REGULATION_OF_TYPE_I_INTERFERON_PRODUCTION,,INACTIVE,OBSERVED_NULL,"[{""term_id"":""GOBP_NEGATIVE_REGULATION_OF_TYPE_I_INTERFERON_PRODUCTION"",""eligible"":true,""NES"":0.9646364240213144,""FDR"":0.7905794252291845,""leading_edge_n"":3,""qualified"":false}]",NOT_APPLICABLE,,TRANSCRIPTOME,EXP003-C4
CTX003_I074,I074,CTX003,I,GOBP_NEGATIVE_REGULATION_OF_T_CELL_MEDIATED_IMMUNITY,,INACTIVE,OBSERVED_NULL,"[{""term_id"":""GOBP_NEGATIVE_REGULATION_OF_T_CELL_MEDIATED_IMMUNITY"",""eligible"":false,""NES"":null,""FDR"":null,""leading_edge_n"":0,""qualified"":false}]",NOT_APPLICABLE,,TRANSCRIPTOME,EXP003-C4
CTX003_I075,I075,CTX003,I,GOBP_NEUROINFLAMMATORY_RESPONSE;GOBP_REGULATION_OF_NEUROINFLAMMATORY_RESPONSE,,INACTIVE,OBSERVED_NULL,"[{""term_id"":""GOBP_NEUROINFLAMMATORY_RESPONSE"",""eligible"":true,""NES"":-0.9972390168902684,""FDR"":1.0,""leading_edge_n"":6,""qualified"":false},{""term_id"":""GOBP_REGULATION_OF_NEUROINFLAMMATORY_RESPONSE"",""eligible"":true,""NES"":1.0658455564599405,""FDR"":0.6697827811185592,""leading_edge_n"":3,""qualified"":false}]",NOT_APPLICABLE,,TRANSCRIPTOME,EXP003-C4
CTX003_I076,I076,CTX003,I,GOBP_NEUTROPHIL_CHEMOTAXIS;GOBP_NEUTROPHIL_MIGRATION,GOBP_NEUTROPHIL_CHEMOTAXIS;GOBP_NEUTROPHIL_MIGRATION,POSITIVE,QUALIFIED,"[{""term_id"":""GOBP_NEUTROPHIL_CHEMOTAXIS"",""eligible"":true,""NES"":2.2577237603720413,""FDR"":0.0052493019994037,""leading_edge_n"":10,""qualified"":true},{""term_id"":""GOBP_NEUTROPHIL_MIGRATION"",""eligible"":true,""NES"":2.209326662431673,""FDR"":0.0110499836276437,""leading_edge_n"":18,""qualified"":true}]",NOT_APPLICABLE,,TRANSCRIPTOME,EXP003-C4
CTX003_I077,I077,CTX003,I,GOBP_NEUTROPHIL_MEDIATED_IMMUNITY,,INACTIVE,OBSERVED_NULL,"[{""term_id"":""GOBP_NEUTROPHIL_MEDIATED_IMMUNITY"",""eligible"":true,""NES"":1.8596953391868556,""FDR"":0.0924929181427993,""leading_edge_n"":1,""qualified"":false}]",NOT_APPLICABLE,,TRANSCRIPTOME,EXP003-C4
CTX003_I078,I078,CTX003,I,GOBP_POSITIVE_REGULATION_OF_CYTOKINE_PRODUCTION,,INACTIVE,OBSERVED_NULL,"[{""term_id"":""GOBP_POSITIVE_REGULATION_OF_CYTOKINE_PRODUCTION"",""eligible"":true,""NES"":1.8260901936016425,""FDR"":0.1011367276228663,""leading_edge_n"":82,""qualified"":false}]",NOT_APPLICABLE,,TRANSCRIPTOME,EXP003-C4
CTX003_I079,I079,CTX003,I,GOBP_POSITIVE_REGULATION_OF_CYTOKINE_PRODUCTION_INVOLVED_IN_INFLAMMATORY_RESPONSE,,INACTIVE,OBSERVED_NULL,"[{""term_id"":""GOBP_POSITIVE_REGULATION_OF_CYTOKINE_PRODUCTION_INVOLVED_IN_INFLAMMATORY_RESPONSE"",""eligible"":true,""NES"":0.6319898710242834,""FDR"":1.0,""leading_edge_n"":9,""qualified"":false}]",NOT_APPLICABLE,,TRANSCRIPTOME,EXP003-C4
CTX003_I080,I080,CTX003,I,GOBP_POSITIVE_REGULATION_OF_INFLAMMATORY_RESPONSE,GOBP_POSITIVE_REGULATION_OF_INFLAMMATORY_RESPONSE,POSITIVE,QUALIFIED,"[{""term_id"":""GOBP_POSITIVE_REGULATION_OF_INFLAMMATORY_RESPONSE"",""eligible"":true,""NES"":2.1046664709303857,""FDR"":0.0297388142197624,""leading_edge_n"":21,""qualified"":true}]",NOT_APPLICABLE,,TRANSCRIPTOME,EXP003-C4
CTX003_I081,I081,CTX003,I,GOBP_POSITIVE_REGULATION_OF_LEUKOCYTE_APOPTOTIC_PROCESS,,INACTIVE,OBSERVED_NULL,"[{""term_id"":""GOBP_POSITIVE_REGULATION_OF_LEUKOCYTE_APOPTOTIC_PROCESS"",""eligible"":true,""NES"":1.408557033945433,""FDR"":0.3129675131303898,""leading_edge_n"":5,""qualified"":false}]",NOT_APPLICABLE,,TRANSCRIPTOME,EXP003-C4
CTX003_I082,I082,CTX003,I,GOBP_POSITIVE_REGULATION_OF_MACROPHAGE_ACTIVATION,,INACTIVE,OBSERVED_NULL,"[{""term_id"":""GOBP_POSITIVE_REGULATION_OF_MACROPHAGE_ACTIVATION"",""eligible"":false,""NES"":null,""FDR"":null,""leading_edge_n"":0,""qualified"":false}]",NOT_APPLICABLE,,TRANSCRIPTOME,EXP003-C4
CTX003_I083,I083,CTX003,I,GOBP_POSITIVE_REGULATION_OF_MYELOID_LEUKOCYTE_DIFFERENTIATION,,INACTIVE,OBSERVED_NULL,"[{""term_id"":""GOBP_POSITIVE_REGULATION_OF_MYELOID_LEUKOCYTE_DIFFERENTIATION"",""eligible"":true,""NES"":1.3615090086806527,""FDR"":0.3482480739946773,""leading_edge_n"":8,""qualified"":false}]",NOT_APPLICABLE,,TRANSCRIPTOME,EXP003-C4
CTX003_I084,I084,CTX003,I,GOBP_POSITIVE_REGULATION_OF_NEUTROPHIL_MIGRATION;GOBP_REGULATION_OF_NEUTROPHIL_CHEMOTAXIS;GOBP_REGULATION_OF_NEUTROPHIL_MIGRATION,,INACTIVE,OBSERVED_NULL,"[{""term_id"":""GOBP_POSITIVE_REGULATION_OF_NEUTROPHIL_MIGRATION"",""eligible"":true,""NES"":1.3270907732789028,""FDR"":0.3767770596488991,""leading_edge_n"":5,""qualified"":false},{""term_id"":""GOBP_REGULATION_OF_NEUTROPHIL_CHEMOTAXIS"",""eligible"":true,""NES"":1.4661321755385135,""FDR"":0.2718548462542509,""leading_edge_n"":4,""qualified"":false},{""term_id"":""GOBP_REGULATION_OF_NEUTROPHIL_MIGRATION"",""eligible"":true,""NES"":1.4013893402222486,""FDR"":0.3177927109085968,""leading_edge_n"":7,""qualified"":false}]",NOT_APPLICABLE,,TRANSCRIPTOME,EXP003-C4
CTX003_I085,I085,CTX003,I,GOBP_POSITIVE_REGULATION_OF_RESPONSE_TO_CYTOKINE_STIMULUS,,INACTIVE,OBSERVED_NULL,"[{""term_id"":""GOBP_POSITIVE_REGULATION_OF_RESPONSE_TO_CYTOKINE_STIMULUS"",""eligible"":true,""NES"":1.2900042237637983,""FDR"":0.4107398682179499,""leading_edge_n"":12,""qualified"":false}]",NOT_APPLICABLE,,TRANSCRIPTOME,EXP003-C4
CTX003_I086,I086,CTX003,I,GOBP_POSITIVE_REGULATION_OF_TUMOR_NECROSIS_FACTOR_SUPERFAMILY_CYTOKINE_PRODUCTION;GOBP_TUMOR_NECROSIS_FACTOR_SUPERFAMILY_CYTOKINE_PRODUCTION,,INACTIVE,OBSERVED_NULL,"[{""term_id"":""GOBP_POSITIVE_REGULATION_OF_TUMOR_NECROSIS_FACTOR_SUPERFAMILY_CYTOKINE_PRODUCTION"",""eligible"":true,""NES"":1.5044016255160209,""FDR"":0.2505793089281982,""leading_edge_n"":20,""qualified"":false},{""term_id"":""GOBP_TUMOR_NECROSIS_FACTOR_SUPERFAMILY_CYTOKINE_PRODUCTION"",""eligible"":true,""NES"":1.7579638965513156,""FDR"":0.1180712670890466,""leading_edge_n"":28,""qualified"":false}]",NOT_APPLICABLE,,TRANSCRIPTOME,EXP003-C4
CTX003_I087,I087,CTX003,I,GOBP_POSITIVE_REGULATION_OF_TYPE_II_INTERFERON_PRODUCTION;GOBP_TYPE_II_INTERFERON_PRODUCTION,,INACTIVE,OBSERVED_NULL,"[{""term_id"":""GOBP_POSITIVE_REGULATION_OF_TYPE_II_INTERFERON_PRODUCTION"",""eligible"":true,""NES"":1.4555535402957904,""FDR"":0.2795596792186647,""leading_edge_n"":35,""qualified"":false},{""term_id"":""GOBP_TYPE_II_INTERFERON_PRODUCTION"",""eligible"":true,""NES"":1.524216812202807,""FDR"":0.2360335647773137,""leading_edge_n"":25,""qualified"":false}]",NOT_APPLICABLE,,TRANSCRIPTOME,EXP003-C4
CTX003_I088,I088,CTX003,I,GOBP_POSITIVE_REGULATION_OF_TYPE_I_INTERFERON_MEDIATED_SIGNALING_PATHWAY,,INACTIVE,OBSERVED_NULL,"[{""term_id"":""GOBP_POSITIVE_REGULATION_OF_TYPE_I_INTERFERON_MEDIATED_SIGNALING_PATHWAY"",""eligible"":true,""NES"":1.050451336944628,""FDR"":0.6879008357385207,""leading_edge_n"":6,""qualified"":false}]",NOT_APPLICABLE,,TRANSCRIPTOME,EXP003-C4
CTX003_I089,I089,CTX003,I,GOBP_POSITIVE_REGULATION_OF_T_CELL_CYTOKINE_PRODUCTION;GOBP_T_CELL_CYTOKINE_PRODUCTION,,INACTIVE,OBSERVED_NULL,"[{""term_id"":""GOBP_POSITIVE_REGULATION_OF_T_CELL_CYTOKINE_PRODUCTION"",""eligible"":true,""NES"":0.9113458411306378,""FDR"":0.8587733230603263,""leading_edge_n"":3,""qualified"":false},{""term_id"":""GOBP_T_CELL_CYTOKINE_PRODUCTION"",""eligible"":true,""NES"":1.1818200610406278,""FDR"":0.5240938225893237,""leading_edge_n"":5,""qualified"":false}]",NOT_APPLICABLE,,TRANSCRIPTOME,EXP003-C4
CTX003_I090,I090,CTX003,I,GOBP_PYROPTOTIC_INFLAMMATORY_RESPONSE,,INACTIVE,OBSERVED_NULL,"[{""term_id"":""GOBP_PYROPTOTIC_INFLAMMATORY_RESPONSE"",""eligible"":true,""NES"":1.2854832495606752,""FDR"":0.4159318475236776,""leading_edge_n"":5,""qualified"":false}]",NOT_APPLICABLE,,TRANSCRIPTOME,EXP003-C4
CTX003_I091,I091,CTX003,I,GOBP_REGULATION_OF_ACUTE_INFLAMMATORY_RESPONSE,,INACTIVE,OBSERVED_NULL,"[{""term_id"":""GOBP_REGULATION_OF_ACUTE_INFLAMMATORY_RESPONSE"",""eligible"":true,""NES"":1.5343511853510623,""FDR"":0.2272071889661427,""leading_edge_n"":6,""qualified"":false}]",NOT_APPLICABLE,,TRANSCRIPTOME,EXP003-C4
CTX003_I092,I092,CTX003,I,GOBP_REGULATION_OF_HUMORAL_IMMUNE_RESPONSE,,INACTIVE,OBSERVED_NULL,"[{""term_id"":""GOBP_REGULATION_OF_HUMORAL_IMMUNE_RESPONSE"",""eligible"":true,""NES"":1.5662923288596686,""FDR"":0.2100521710428912,""leading_edge_n"":2,""qualified"":false}]",NOT_APPLICABLE,,TRANSCRIPTOME,EXP003-C4
CTX003_I093,I093,CTX003,I,GOBP_REGULATION_OF_INFLAMMATORY_RESPONSE,GOBP_REGULATION_OF_INFLAMMATORY_RESPONSE,POSITIVE,QUALIFIED,"[{""term_id"":""GOBP_REGULATION_OF_INFLAMMATORY_RESPONSE"",""eligible"":true,""NES"":2.0191038675912343,""FDR"":0.0484930411466877,""leading_edge_n"":54,""qualified"":true}]",NOT_APPLICABLE,,TRANSCRIPTOME,EXP003-C4
CTX003_I094,I094,CTX003,I,GOBP_REGULATION_OF_LEUKOCYTE_DIFFERENTIATION,,INACTIVE,OBSERVED_NULL,"[{""term_id"":""GOBP_REGULATION_OF_LEUKOCYTE_DIFFERENTIATION"",""eligible"":true,""NES"":1.5575690350131994,""FDR"":0.2150757547327181,""leading_edge_n"":38,""qualified"":false}]",NOT_APPLICABLE,,TRANSCRIPTOME,EXP003-C4
CTX003_I095,I095,CTX003,I,GOBP_REGULATION_OF_MACROPHAGE_DERIVED_FOAM_CELL_DIFFERENTIATION,,INACTIVE,OBSERVED_NULL,"[{""term_id"":""GOBP_REGULATION_OF_MACROPHAGE_DERIVED_FOAM_CELL_DIFFERENTIATION"",""eligible"":true,""NES"":1.837961673375429,""FDR"":0.0972673969158933,""leading_edge_n"":6,""qualified"":false}]",NOT_APPLICABLE,,TRANSCRIPTOME,EXP003-C4
CTX003_I096,I096,CTX003,I,GOBP_REGULATION_OF_MACROPHAGE_DIFFERENTIATION,,INACTIVE,OBSERVED_NULL,"[{""term_id"":""GOBP_REGULATION_OF_MACROPHAGE_DIFFERENTIATION"",""eligible"":true,""NES"":1.6697848434843443,""FDR"":0.150792673226179,""leading_edge_n"":5,""qualified"":false}]",NOT_APPLICABLE,,TRANSCRIPTOME,EXP003-C4
CTX003_I097,I097,CTX003,I,GOBP_REGULATION_OF_MYELOID_LEUKOCYTE_DIFFERENTIATION,,INACTIVE,OBSERVED_NULL,"[{""term_id"":""GOBP_REGULATION_OF_MYELOID_LEUKOCYTE_DIFFERENTIATION"",""eligible"":true,""NES"":1.3500071330993169,""FDR"":0.3560998955657157,""leading_edge_n"":20,""qualified"":false}]",NOT_APPLICABLE,,TRANSCRIPTOME,EXP003-C4
CTX003_I098,I098,CTX003,I,GOBP_REGULATION_OF_TOLL_LIKE_RECEPTOR_4_SIGNALING_PATHWAY,,INACTIVE,OBSERVED_NULL,"[{""term_id"":""GOBP_REGULATION_OF_TOLL_LIKE_RECEPTOR_4_SIGNALING_PATHWAY"",""eligible"":true,""NES"":1.5336759797802373,""FDR"":0.2275556384018914,""leading_edge_n"":2,""qualified"":false}]",NOT_APPLICABLE,,TRANSCRIPTOME,EXP003-C4
CTX003_I099,I099,CTX003,I,GOBP_REGULATION_OF_TOLL_LIKE_RECEPTOR_SIGNALING_PATHWAY,,INACTIVE,OBSERVED_NULL,"[{""term_id"":""GOBP_REGULATION_OF_TOLL_LIKE_RECEPTOR_SIGNALING_PATHWAY"",""eligible"":true,""NES"":1.957746412497537,""FDR"":0.0692043484861355,""leading_edge_n"":6,""qualified"":false}]",NOT_APPLICABLE,,TRANSCRIPTOME,EXP003-C4
CTX003_I100,I100,CTX003,I,GOBP_REGULATION_OF_TYPE_2_IMMUNE_RESPONSE;GOBP_TYPE_2_IMMUNE_RESPONSE,,INACTIVE,OBSERVED_NULL,"[{""term_id"":""GOBP_REGULATION_OF_TYPE_2_IMMUNE_RESPONSE"",""eligible"":false,""NES"":null,""FDR"":null,""leading_edge_n"":0,""qualified"":false},{""term_id"":""GOBP_TYPE_2_IMMUNE_RESPONSE"",""eligible"":true,""NES"":0.977608366222294,""FDR"":0.7765504675696282,""leading_edge_n"":6,""qualified"":false}]",NOT_APPLICABLE,,TRANSCRIPTOME,EXP003-C4
CTX003_I101,I101,CTX003,I,GOBP_REGULATION_OF_T_HELPER_17_TYPE_IMMUNE_RESPONSE,,INACTIVE,OBSERVED_NULL,"[{""term_id"":""GOBP_REGULATION_OF_T_HELPER_17_TYPE_IMMUNE_RESPONSE"",""eligible"":true,""NES"":1.7742843594146371,""FDR"":0.1139228681854064,""leading_edge_n"":3,""qualified"":false}]",NOT_APPLICABLE,,TRANSCRIPTOME,EXP003-C4
CTX003_I102,I102,CTX003,I,GOBP_REGULATION_OF_T_HELPER_1_TYPE_IMMUNE_RESPONSE;GOBP_T_HELPER_1_TYPE_IMMUNE_RESPONSE,GOBP_T_HELPER_1_TYPE_IMMUNE_RESPONSE,POSITIVE,QUALIFIED,"[{""term_id"":""GOBP_REGULATION_OF_T_HELPER_1_TYPE_IMMUNE_RESPONSE"",""eligible"":true,""NES"":1.7392229955665672,""FDR"":0.1204700072004976,""leading_edge_n"":7,""qualified"":false},{""term_id"":""GOBP_T_HELPER_1_TYPE_IMMUNE_RESPONSE"",""eligible"":true,""NES"":2.117544975381514,""FDR"":0.02859437961857,""leading_edge_n"":17,""qualified"":true}]",NOT_APPLICABLE,,TRANSCRIPTOME,EXP003-C4
CTX003_I103,I103,CTX003,I,GOBP_RESPONSE_TO_INTERFERON_ALPHA,,INACTIVE,OBSERVED_NULL,"[{""term_id"":""GOBP_RESPONSE_TO_INTERFERON_ALPHA"",""eligible"":true,""NES"":1.237186572181424,""FDR"":0.4596108774234309,""leading_edge_n"":5,""qualified"":false}]",NOT_APPLICABLE,,TRANSCRIPTOME,EXP003-C4
CTX003_I104,I104,CTX003,I,GOBP_RESPONSE_TO_INTERLEUKIN_17,,INACTIVE,OBSERVED_NULL,"[{""term_id"":""GOBP_RESPONSE_TO_INTERLEUKIN_17"",""eligible"":true,""NES"":1.8011956752044522,""FDR"":0.1069734407039376,""leading_edge_n"":5,""qualified"":false}]",NOT_APPLICABLE,,TRANSCRIPTOME,EXP003-C4
CTX003_I105,I105,CTX003,I,GOBP_RESPONSE_TO_INTERLEUKIN_4,,INACTIVE,OBSERVED_NULL,"[{""term_id"":""GOBP_RESPONSE_TO_INTERLEUKIN_4"",""eligible"":true,""NES"":1.34129567239392,""FDR"":0.3661626912109023,""leading_edge_n"":8,""qualified"":false}]",NOT_APPLICABLE,,TRANSCRIPTOME,EXP003-C4
CTX003_I106,I106,CTX003,I,GOBP_RESPONSE_TO_INTERLEUKIN_7,,INACTIVE,OBSERVED_NULL,"[{""term_id"":""GOBP_RESPONSE_TO_INTERLEUKIN_7"",""eligible"":true,""NES"":1.2986454358346209,""FDR"":0.4009042162020101,""leading_edge_n"":7,""qualified"":false}]",NOT_APPLICABLE,,TRANSCRIPTOME,EXP003-C4
CTX003_I107,I107,CTX003,I,GOBP_SOMATIC_DIVERSIFICATION_OF_IMMUNE_RECEPTORS_VIA_SOMATIC_MUTATION,,INACTIVE,OBSERVED_NULL,"[{""term_id"":""GOBP_SOMATIC_DIVERSIFICATION_OF_IMMUNE_RECEPTORS_VIA_SOMATIC_MUTATION"",""eligible"":false,""NES"":null,""FDR"":null,""leading_edge_n"":0,""qualified"":false}]",NOT_APPLICABLE,,TRANSCRIPTOME,EXP003-C4
CTX003_I108,I108,CTX003,I,GOBP_TOLL_LIKE_RECEPTOR_SIGNALING_PATHWAY,GOBP_TOLL_LIKE_RECEPTOR_SIGNALING_PATHWAY,POSITIVE,QUALIFIED,"[{""term_id"":""GOBP_TOLL_LIKE_RECEPTOR_SIGNALING_PATHWAY"",""eligible"":true,""NES"":2.3005973701702853,""FDR"":0.0031160067923158,""leading_edge_n"":13,""qualified"":true}]",NOT_APPLICABLE,,TRANSCRIPTOME,EXP003-C4
CTX003_I109,I109,CTX003,I,GOBP_TYPE_II_INTERFERON_MEDIATED_SIGNALING_PATHWAY,,INACTIVE,OBSERVED_NULL,"[{""term_id"":""GOBP_TYPE_II_INTERFERON_MEDIATED_SIGNALING_PATHWAY"",""eligible"":true,""NES"":1.5487781321328893,""FDR"":0.2193652660987665,""leading_edge_n"":8,""qualified"":false}]",NOT_APPLICABLE,,TRANSCRIPTOME,EXP003-C4
CTX003_I110,I110,CTX003,I,GOBP_T_HELPER_17_TYPE_IMMUNE_RESPONSE,,INACTIVE,OBSERVED_NULL,"[{""term_id"":""GOBP_T_HELPER_17_TYPE_IMMUNE_RESPONSE"",""eligible"":true,""NES"":1.6290142013580713,""FDR"":0.1709412951858976,""leading_edge_n"":8,""qualified"":false}]",NOT_APPLICABLE,,TRANSCRIPTOME,EXP003-C4
CTX003_I111,I111,CTX003,I,HALLMARK_ALLOGRAFT_REJECTION,HALLMARK_ALLOGRAFT_REJECTION,POSITIVE,QUALIFIED,"[{""term_id"":""HALLMARK_ALLOGRAFT_REJECTION"",""eligible"":true,""NES"":2.310732816938018,""FDR"":0.0028159290965997,""leading_edge_n"":31,""qualified"":true}]",NOT_APPLICABLE,,TRANSCRIPTOME,EXP003-C4
CTX003_I112,I112,CTX003,I,HALLMARK_COMPLEMENT,HALLMARK_COMPLEMENT,POSITIVE,QUALIFIED,"[{""term_id"":""HALLMARK_COMPLEMENT"",""eligible"":true,""NES"":2.1452415621277305,""FDR"":0.0232531063775239,""leading_edge_n"":44,""qualified"":true}]",NOT_APPLICABLE,,TRANSCRIPTOME,EXP003-C4
CTX003_I113,I113,CTX003,I,HALLMARK_IL2_STAT5_SIGNALING,,INACTIVE,OBSERVED_NULL,"[{""term_id"":""HALLMARK_IL2_STAT5_SIGNALING"",""eligible"":true,""NES"":1.5010001531952004,""FDR"":0.2513147148702295,""leading_edge_n"":39,""qualified"":false}]",NOT_APPLICABLE,,TRANSCRIPTOME,EXP003-C4
CTX003_I114,I114,CTX003,I,HALLMARK_IL6_JAK_STAT3_SIGNALING,HALLMARK_IL6_JAK_STAT3_SIGNALING,POSITIVE,QUALIFIED,"[{""term_id"":""HALLMARK_IL6_JAK_STAT3_SIGNALING"",""eligible"":true,""NES"":2.2764472502340687,""FDR"":0.0037791118159159,""leading_edge_n"":26,""qualified"":true}]",NOT_APPLICABLE,,TRANSCRIPTOME,EXP003-C4
CTX003_I115,I115,CTX003,I,HALLMARK_INFLAMMATORY_RESPONSE,HALLMARK_INFLAMMATORY_RESPONSE,POSITIVE,QUALIFIED,"[{""term_id"":""HALLMARK_INFLAMMATORY_RESPONSE"",""eligible"":true,""NES"":2.787289543688393,""FDR"":0.0,""leading_edge_n"":47,""qualified"":true}]",NOT_APPLICABLE,,TRANSCRIPTOME,EXP003-C4
CTX003_I116,I116,CTX003,I,HALLMARK_INTERFERON_ALPHA_RESPONSE,HALLMARK_INTERFERON_ALPHA_RESPONSE,POSITIVE,QUALIFIED,"[{""term_id"":""HALLMARK_INTERFERON_ALPHA_RESPONSE"",""eligible"":true,""NES"":2.050800694314459,""FDR"":0.0428227356054938,""leading_edge_n"":39,""qualified"":true}]",NOT_APPLICABLE,,TRANSCRIPTOME,EXP003-C4
CTX003_I117,I117,CTX003,I,HALLMARK_INTERFERON_GAMMA_RESPONSE,HALLMARK_INTERFERON_GAMMA_RESPONSE,POSITIVE,QUALIFIED,"[{""term_id"":""HALLMARK_INTERFERON_GAMMA_RESPONSE"",""eligible"":true,""NES"":2.573622987516891,""FDR"":0.0,""leading_edge_n"":52,""qualified"":true}]",NOT_APPLICABLE,,TRANSCRIPTOME,EXP003-C4
CTX003_I118,I118,CTX003,I,HALLMARK_TNFA_SIGNALING_VIA_NFKB,HALLMARK_TNFA_SIGNALING_VIA_NFKB,POSITIVE,QUALIFIED,"[{""term_id"":""HALLMARK_TNFA_SIGNALING_VIA_NFKB"",""eligible"":true,""NES"":2.866364711749885,""FDR"":0.0,""leading_edge_n"":58,""qualified"":true}]",NOT_APPLICABLE,,TRANSCRIPTOME,EXP003-C4
CTX003_I119,I119,CTX003,I,REACTOME_ADORA2B_MEDIATED_ANTI_INFLAMMATORY_CYTOKINES_PRODUCTION,,INACTIVE,OBSERVED_NULL,"[{""term_id"":""REACTOME_ADORA2B_MEDIATED_ANTI_INFLAMMATORY_CYTOKINES_PRODUCTION"",""eligible"":true,""NES"":-0.6447192508251497,""FDR"":1.0,""leading_edge_n"":9,""qualified"":false}]",NOT_APPLICABLE,,TRANSCRIPTOME,EXP003-C4
CTX003_I120,I120,CTX003,I,REACTOME_ANTI_INFLAMMATORY_RESPONSE_FAVOURING_LEISHMANIA_PARASITE_INFECTION,,INACTIVE,OBSERVED_NULL,"[{""term_id"":""REACTOME_ANTI_INFLAMMATORY_RESPONSE_FAVOURING_LEISHMANIA_PARASITE_INFECTION"",""eligible"":true,""NES"":1.065157770687245,""FDR"":0.6703880500619165,""leading_edge_n"":11,""qualified"":false}]",NOT_APPLICABLE,,TRANSCRIPTOME,EXP003-C4
CTX003_I121,I121,CTX003,I,REACTOME_DDX58_IFIH1_MEDIATED_INDUCTION_OF_INTERFERON_ALPHA_BETA,,INACTIVE,OBSERVED_NULL,"[{""term_id"":""REACTOME_DDX58_IFIH1_MEDIATED_INDUCTION_OF_INTERFERON_ALPHA_BETA"",""eligible"":true,""NES"":1.938508878684255,""FDR"":0.0734902279916521,""leading_edge_n"":15,""qualified"":false}]",NOT_APPLICABLE,,TRANSCRIPTOME,EXP003-C4
CTX003_I122,I122,CTX003,I,REACTOME_DENGUE_VIRUS_ACTIVATES_MODULATES_INNATE_AND_ADAPTIVE_IMMUNE_RESPONSES,,INACTIVE,OBSERVED_NULL,"[{""term_id"":""REACTOME_DENGUE_VIRUS_ACTIVATES_MODULATES_INNATE_AND_ADAPTIVE_IMMUNE_RESPONSES"",""eligible"":true,""NES"":1.9951415341730276,""FDR"":0.0563883263059044,""leading_edge_n"":5,""qualified"":false}]",NOT_APPLICABLE,,TRANSCRIPTOME,EXP003-C4
CTX003_I123,I123,CTX003,I,REACTOME_DISEASES_OF_IMMUNE_SYSTEM,REACTOME_DISEASES_OF_IMMUNE_SYSTEM,POSITIVE,QUALIFIED,"[{""term_id"":""REACTOME_DISEASES_OF_IMMUNE_SYSTEM"",""eligible"":true,""NES"":2.0849322808022586,""FDR"":0.0337273076294333,""leading_edge_n"":5,""qualified"":true}]",NOT_APPLICABLE,,TRANSCRIPTOME,EXP003-C4
CTX003_I124,I124,CTX003,I,REACTOME_EVASION_BY_RSV_OF_HOST_INTERFERON_RESPONSES,,INACTIVE,OBSERVED_NULL,"[{""term_id"":""REACTOME_EVASION_BY_RSV_OF_HOST_INTERFERON_RESPONSES"",""eligible"":true,""NES"":1.2507060795130729,""FDR"":0.4492510652616708,""leading_edge_n"":4,""qualified"":false}]",NOT_APPLICABLE,,TRANSCRIPTOME,EXP003-C4
CTX003_I125,I125,CTX003,I,REACTOME_GENE_AND_PROTEIN_EXPRESSION_BY_JAK_STAT_SIGNALING_AFTER_INTERLEUKIN_12_STIMULATION;REACTOME_INTERLEUKIN_12_FAMILY_SIGNALING;REACTOME_INTERLEUKIN_12_SIGNALING,,INACTIVE,OBSERVED_NULL,"[{""term_id"":""REACTOME_GENE_AND_PROTEIN_EXPRESSION_BY_JAK_STAT_SIGNALING_AFTER_INTERLEUKIN_12_STIMULATION"",""eligible"":true,""NES"":1.171397152449313,""FDR"":0.5352897686575279,""leading_edge_n"":2,""qualified"":false},{""term_id"":""REACTOME_INTERLEUKIN_12_FAMILY_SIGNALING"",""eligible"":true,""NES"":1.4739537141226895,""FDR"":0.2682237287925081,""leading_edge_n"":16,""qualified"":false},{""term_id"":""REACTOME_INTERLEUKIN_12_SIGNALING"",""eligible"":true,""NES"":1.1597918932205016,""FDR"":0.5529669677542673,""leading_edge_n"":10,""qualified"":false}]",NOT_APPLICABLE,,TRANSCRIPTOME,EXP003-C4
CTX003_I126,I126,CTX003,I,REACTOME_IMMUNOREGULATORY_INTERACTIONS_BETWEEN_A_LYMPHOID_AND_A_NON_LYMPHOID_CELL,,INACTIVE,OBSERVED_NULL,"[{""term_id"":""REACTOME_IMMUNOREGULATORY_INTERACTIONS_BETWEEN_A_LYMPHOID_AND_A_NON_LYMPHOID_CELL"",""eligible"":true,""NES"":2.010469513459044,""FDR"":0.0509387890031968,""leading_edge_n"":6,""qualified"":false}]",NOT_APPLICABLE,,TRANSCRIPTOME,EXP003-C4
CTX003_I127,I127,CTX003,I,REACTOME_INFLAMMASOMES,,INACTIVE,OBSERVED_NULL,"[{""term_id"":""REACTOME_INFLAMMASOMES"",""eligible"":true,""NES"":1.7190991975987058,""FDR"":0.1297933499207637,""leading_edge_n"":4,""qualified"":false}]",NOT_APPLICABLE,,TRANSCRIPTOME,EXP003-C4
CTX003_I128,I128,CTX003,I,REACTOME_INTERFERON_ALPHA_BETA_SIGNALING,,INACTIVE,OBSERVED_NULL,"[{""term_id"":""REACTOME_INTERFERON_ALPHA_BETA_SIGNALING"",""eligible"":true,""NES"":1.2492993703966844,""FDR"":0.4500202605801474,""leading_edge_n"":17,""qualified"":false}]",NOT_APPLICABLE,,TRANSCRIPTOME,EXP003-C4
CTX003_I129,I129,CTX003,I,REACTOME_INTERFERON_GAMMA_SIGNALING,,INACTIVE,OBSERVED_NULL,"[{""term_id"":""REACTOME_INTERFERON_GAMMA_SIGNALING"",""eligible"":true,""NES"":1.9328456613974687,""FDR"":0.0734852085101965,""leading_edge_n"":14,""qualified"":false}]",NOT_APPLICABLE,,TRANSCRIPTOME,EXP003-C4
CTX003_I130,I130,CTX003,I,REACTOME_INTERFERON_SIGNALING,,INACTIVE,OBSERVED_NULL,"[{""term_id"":""REACTOME_INTERFERON_SIGNALING"",""eligible"":true,""NES"":1.6386044654805254,""FDR"":0.16696707366622,""leading_edge_n"":74,""qualified"":false}]",NOT_APPLICABLE,,TRANSCRIPTOME,EXP003-C4
CTX003_I131,I131,CTX003,I,REACTOME_INTERLEUKIN_10_SIGNALING,REACTOME_INTERLEUKIN_10_SIGNALING,POSITIVE,QUALIFIED,"[{""term_id"":""REACTOME_INTERLEUKIN_10_SIGNALING"",""eligible"":true,""NES"":2.3800878077382475,""FDR"":0.0006073572561293,""leading_edge_n"":8,""qualified"":true}]",NOT_APPLICABLE,,TRANSCRIPTOME,EXP003-C4
CTX003_I132,I132,CTX003,I,REACTOME_INTERLEUKIN_17_SIGNALING;REACTOME_TOLL_LIKE_RECEPTOR_9_TLR9_CASCADE;REACTOME_TOLL_LIKE_RECEPTOR_CASCADES;REACTOME_TOLL_LIKE_RECEPTOR_TLR1_TLR2_CASCADE,,INACTIVE,OBSERVED_NULL,"[{""term_id"":""REACTOME_INTERLEUKIN_17_SIGNALING"",""eligible"":true,""NES"":1.2324135606966324,""FDR"":0.4642426234262199,""leading_edge_n"":19,""qualified"":false},{""term_id"":""REACTOME_TOLL_LIKE_RECEPTOR_9_TLR9_CASCADE"",""eligible"":true,""NES"":1.3636782248998942,""FDR"":0.3475927412575198,""leading_edge_n"":33,""qualified"":false},{""term_id"":""REACTOME_TOLL_LIKE_RECEPTOR_CASCADES"",""eligible"":true,""NES"":1.808216564866781,""FDR"":0.104107816370437,""leading_edge_n"":46,""qualified"":false},{""term_id"":""REACTOME_TOLL_LIKE_RECEPTOR_TLR1_TLR2_CASCADE"",""eligible"":true,""NES"":1.5121655819169408,""FDR"":0.2444795288844342,""leading_edge_n"":34,""qualified"":false}]",NOT_APPLICABLE,,TRANSCRIPTOME,EXP003-C4
CTX003_I133,I133,CTX003,I,REACTOME_INTERLEUKIN_1_FAMILY_SIGNALING;REACTOME_INTERLEUKIN_1_SIGNALING,,INACTIVE,OBSERVED_NULL,"[{""term_id"":""REACTOME_INTERLEUKIN_1_FAMILY_SIGNALING"",""eligible"":true,""NES"":1.6388811066551572,""FDR"":0.1671728841798367,""leading_edge_n"":22,""qualified"":false},{""term_id"":""REACTOME_INTERLEUKIN_1_SIGNALING"",""eligible"":true,""NES"":1.5173888064779466,""FDR"":0.2409396442750133,""leading_edge_n"":10,""qualified"":false}]",NOT_APPLICABLE,,TRANSCRIPTOME,EXP003-C4
CTX003_I134,I134,CTX003,I,REACTOME_INTERLEUKIN_2_FAMILY_SIGNALING;REACTOME_INTERLEUKIN_3_INTERLEUKIN_5_AND_GM_CSF_SIGNALING;REACTOME_INTERLEUKIN_RECEPTOR_SHC_SIGNALING,,INACTIVE,OBSERVED_NULL,"[{""term_id"":""REACTOME_INTERLEUKIN_2_FAMILY_SIGNALING"",""eligible"":true,""NES"":1.2165519012206647,""FDR"":0.4844903619020265,""leading_edge_n"":9,""qualified"":false},{""term_id"":""REACTOME_INTERLEUKIN_3_INTERLEUKIN_5_AND_GM_CSF_SIGNALING"",""eligible"":true,""NES"":0.6277687235189343,""FDR"":1.0,""leading_edge_n"":8,""qualified"":false},{""term_id"":""REACTOME_INTERLEUKIN_RECEPTOR_SHC_SIGNALING"",""eligible"":true,""NES"":0.8425431380797604,""FDR"":0.9398336831682396,""leading_edge_n"":4,""qualified"":false}]",NOT_APPLICABLE,,TRANSCRIPTOME,EXP003-C4
CTX003_I135,I135,CTX003,I,REACTOME_INTERLEUKIN_37_SIGNALING,,INACTIVE,OBSERVED_NULL,"[{""term_id"":""REACTOME_INTERLEUKIN_37_SIGNALING"",""eligible"":true,""NES"":1.6607540074455258,""FDR"":0.1549113901841371,""leading_edge_n"":8,""qualified"":false}]",NOT_APPLICABLE,,TRANSCRIPTOME,EXP003-C4
CTX003_I136,I136,CTX003,I,REACTOME_INTERLEUKIN_4_AND_INTERLEUKIN_13_SIGNALING,REACTOME_INTERLEUKIN_4_AND_INTERLEUKIN_13_SIGNALING,POSITIVE,QUALIFIED,"[{""term_id"":""REACTOME_INTERLEUKIN_4_AND_INTERLEUKIN_13_SIGNALING"",""eligible"":true,""NES"":2.157834754051622,""FDR"":0.0209616119679516,""leading_edge_n"":15,""qualified"":true}]",NOT_APPLICABLE,,TRANSCRIPTOME,EXP003-C4
CTX003_I137,I137,CTX003,I,REACTOME_INTERLEUKIN_6_FAMILY_SIGNALING,,INACTIVE,OBSERVED_NULL,"[{""term_id"":""REACTOME_INTERLEUKIN_6_FAMILY_SIGNALING"",""eligible"":true,""NES"":1.072311977746589,""FDR"":0.6618947620055575,""leading_edge_n"":8,""qualified"":false}]",NOT_APPLICABLE,,TRANSCRIPTOME,EXP003-C4
CTX003_I138,I138,CTX003,I,REACTOME_INTERLEUKIN_7_SIGNALING,,INACTIVE,OBSERVED_NULL,"[{""term_id"":""REACTOME_INTERLEUKIN_7_SIGNALING"",""eligible"":true,""NES"":1.492276763337018,""FDR"":0.2560429498324899,""leading_edge_n"":9,""qualified"":false}]",NOT_APPLICABLE,,TRANSCRIPTOME,EXP003-C4
CTX003_I139,I139,CTX003,I,REACTOME_NEUTROPHIL_DEGRANULATION,,INACTIVE,OBSERVED_NULL,"[{""term_id"":""REACTOME_NEUTROPHIL_DEGRANULATION"",""eligible"":true,""NES"":1.3940472130052624,""FDR"":0.3240092059842407,""leading_edge_n"":98,""qualified"":false}]",NOT_APPLICABLE,,TRANSCRIPTOME,EXP003-C4
CTX003_I140,I140,CTX003,I,REACTOME_OTHER_INTERLEUKIN_SIGNALING,,INACTIVE,OBSERVED_NULL,"[{""term_id"":""REACTOME_OTHER_INTERLEUKIN_SIGNALING"",""eligible"":true,""NES"":1.7398740155168624,""FDR"":0.1205313273504833,""leading_edge_n"":4,""qualified"":false}]",NOT_APPLICABLE,,TRANSCRIPTOME,EXP003-C4
CTX003_I141,I141,CTX003,I,REACTOME_RIP_MEDIATED_NFKB_ACTIVATION_VIA_ZBP1,,INACTIVE,OBSERVED_NULL,"[{""term_id"":""REACTOME_RIP_MEDIATED_NFKB_ACTIVATION_VIA_ZBP1"",""eligible"":true,""NES"":2.036963921410773,""FDR"":0.0447222330793787,""leading_edge_n"":3,""qualified"":false}]",NOT_APPLICABLE,,TRANSCRIPTOME,EXP003-C4
CTX003_I142,I142,CTX003,I,REACTOME_SARS_COV_1_ACTIVATES_MODULATES_INNATE_IMMUNE_RESPONSES,REACTOME_SARS_COV_1_ACTIVATES_MODULATES_INNATE_IMMUNE_RESPONSES,POSITIVE,QUALIFIED,"[{""term_id"":""REACTOME_SARS_COV_1_ACTIVATES_MODULATES_INNATE_IMMUNE_RESPONSES"",""eligible"":true,""NES"":2.062413288742682,""FDR"":0.0393263823343758,""leading_edge_n"":13,""qualified"":true}]",NOT_APPLICABLE,,TRANSCRIPTOME,EXP003-C4
CTX003_I143,I143,CTX003,I,REACTOME_SARS_COV_2_ACTIVATES_MODULATES_INNATE_AND_ADAPTIVE_IMMUNE_RESPONSES,,INACTIVE,OBSERVED_NULL,"[{""term_id"":""REACTOME_SARS_COV_2_ACTIVATES_MODULATES_INNATE_AND_ADAPTIVE_IMMUNE_RESPONSES"",""eligible"":true,""NES"":1.7536909252794763,""FDR"":0.1192519728577936,""leading_edge_n"":40,""qualified"":false}]",NOT_APPLICABLE,,TRANSCRIPTOME,EXP003-C4
CTX003_I144,I144,CTX003,I,REACTOME_SIGNALING_BY_INTERLEUKINS,REACTOME_SIGNALING_BY_INTERLEUKINS,POSITIVE,QUALIFIED,"[{""term_id"":""REACTOME_SIGNALING_BY_INTERLEUKINS"",""eligible"":true,""NES"":2.0832344218202428,""FDR"":0.033294220495091,""leading_edge_n"":60,""qualified"":true}]",NOT_APPLICABLE,,TRANSCRIPTOME,EXP003-C4
CTX003_I145,I145,CTX003,I,REACTOME_TNFR1_INDUCED_NF_KAPPA_B_SIGNALING_PATHWAY;REACTOME_TNFR1_INDUCED_PROAPOPTOTIC_SIGNALING;REACTOME_TNF_SIGNALING,REACTOME_TNFR1_INDUCED_NF_KAPPA_B_SIGNALING_PATHWAY;REACTOME_TNF_SIGNALING,POSITIVE,QUALIFIED,"[{""term_id"":""REACTOME_TNFR1_INDUCED_NF_KAPPA_B_SIGNALING_PATHWAY"",""eligible"":true,""NES"":2.1601993860301145,""FDR"":0.0204263835087715,""leading_edge_n"":6,""qualified"":true},{""term_id"":""REACTOME_TNFR1_INDUCED_PROAPOPTOTIC_SIGNALING"",""eligible"":true,""NES"":2.199287740967516,""FDR"":0.0115918470598402,""leading_edge_n"":4,""qualified"":false},{""term_id"":""REACTOME_TNF_SIGNALING"",""eligible"":true,""NES"":2.106676224489461,""FDR"":0.0293960911966608,""leading_edge_n"":10,""qualified"":true}]",NOT_APPLICABLE,,TRANSCRIPTOME,EXP003-C4
CTX003_I146,I146,CTX003,I,REACTOME_TNFR2_NON_CANONICAL_NF_KB_PATHWAY,,INACTIVE,OBSERVED_NULL,"[{""term_id"":""REACTOME_TNFR2_NON_CANONICAL_NF_KB_PATHWAY"",""eligible"":true,""NES"":1.937569863923258,""FDR"":0.0732981577482607,""leading_edge_n"":9,""qualified"":false}]",NOT_APPLICABLE,,TRANSCRIPTOME,EXP003-C4
