database,term_id,term_name,direction,gene_set_size,overlap_size,background_size,query_size,pvalue,overlap_genes,overlap_symbols,FDR
GO_BP,GOBP_2_OXOGLUTARATE_METABOLIC_PROCESS,2 Oxoglutarate Metabolic Process,DOWN,15,0,13874,0,1.0,,,1.0
GO_BP,GOBP_3_UTR_MEDIATED_MRNA_DESTABILIZATION,3 Utr Mediated Mrna Destabilization,DOWN,18,0,13874,0,1.0,,,1.0
GO_BP,GOBP_3_UTR_MEDIATED_MRNA_STABILIZATION,3 Utr Mediated Mrna Stabilization,DOWN,20,0,13874,0,1.0,,,1.0
GO_BP,GOBP_ACETYL_COA_BIOSYNTHETIC_PROCESS,Acetyl Coa Biosynthetic Process,DOWN,21,0,13874,0,1.0,,,1.0
GO_BP,GOBP_ACETYL_COA_METABOLIC_PROCESS,Acetyl Coa Metabolic Process,DOWN,37,0,13874,0,1.0,,,1.0
GO_BP,GOBP_ACIDIC_AMINO_ACID_TRANSPORT,Acidic Amino Acid Transport,DOWN,50,0,13874,0,1.0,,,1.0
GO_BP,GOBP_ACID_SECRETION,Acid Secretion,DOWN,17,0,13874,0,1.0,,,1.0
GO_BP,GOBP_ACROSOME_ASSEMBLY,Acrosome Assembly,DOWN,18,0,13874,0,1.0,,,1.0
GO_BP,GOBP_ACROSOME_REACTION,Acrosome Reaction,DOWN,19,0,13874,0,1.0,,,1.0
GO_BP,GOBP_ACTIN_FILAMENT_BASED_MOVEMENT,Actin Filament Based Movement,DOWN,85,0,13874,0,1.0,,,1.0
GO_BP,GOBP_ACTIN_FILAMENT_BUNDLE_ORGANIZATION,Actin Filament Bundle Organization,DOWN,143,0,13874,0,1.0,,,1.0
GO_BP,GOBP_ACTIN_FILAMENT_DEPOLYMERIZATION,Actin Filament Depolymerization,DOWN,45,0,13874,0,1.0,,,1.0
GO_BP,GOBP_ACTIN_FILAMENT_ORGANIZATION,Actin Filament Organization,DOWN,356,0,13874,0,1.0,,,1.0
GO_BP,GOBP_ACTIN_FILAMENT_POLYMERIZATION,Actin Filament Polymerization,DOWN,122,0,13874,0,1.0,,,1.0
GO_BP,GOBP_ACTIN_MEDIATED_CELL_CONTRACTION,Actin Mediated Cell Contraction,DOWN,67,0,13874,0,1.0,,,1.0
GO_BP,GOBP_ACTIN_NUCLEATION,Actin Nucleation,DOWN,48,0,13874,0,1.0,,,1.0
GO_BP,GOBP_ACTIN_POLYMERIZATION_OR_DEPOLYMERIZATION,Actin Polymerization Or Depolymerization,DOWN,146,0,13874,0,1.0,,,1.0
GO_BP,GOBP_ACTION_POTENTIAL,Action Potential,DOWN,86,0,13874,0,1.0,,,1.0
GO_BP,GOBP_ACTIVATED_T_CELL_PROLIFERATION,Activated T Cell Proliferation,DOWN,26,0,13874,0,1.0,,,1.0
GO_BP,GOBP_ACTIVATION_OF_GTPASE_ACTIVITY,Activation Of Gtpase Activity,DOWN,21,0,13874,0,1.0,,,1.0
GO_BP,GOBP_ACTIVATION_OF_IMMUNE_RESPONSE,Activation Of Immune Response,DOWN,385,0,13874,0,1.0,,,1.0
GO_BP,GOBP_ACTIVATION_OF_INNATE_IMMUNE_RESPONSE,Activation Of Innate Immune Response,DOWN,241,0,13874,0,1.0,,,1.0
GO_BP,GOBP_ACTIVATION_OF_PROTEIN_KINASE_ACTIVITY,Activation Of Protein Kinase Activity,DOWN,36,0,13874,0,1.0,,,1.0
GO_BP,GOBP_ACTIVIN_RECEPTOR_SIGNALING_PATHWAY,Activin Receptor Signaling Pathway,DOWN,34,0,13874,0,1.0,,,1.0
GO_BP,GOBP_ACTOMYOSIN_STRUCTURE_ORGANIZATION,Actomyosin Structure Organization,DOWN,148,0,13874,0,1.0,,,1.0
GO_BP,GOBP_ACUTE_INFLAMMATORY_RESPONSE,Acute Inflammatory Response,DOWN,45,0,13874,0,1.0,,,1.0
GO_BP,GOBP_ACUTE_PHASE_RESPONSE,Acute Phase Response,DOWN,16,0,13874,0,1.0,,,1.0
GO_BP,GOBP_ACYLGLYCEROL_HOMEOSTASIS,Acylglycerol Homeostasis,DOWN,20,0,13874,0,1.0,,,1.0
GO_BP,GOBP_ACYL_COA_BIOSYNTHETIC_PROCESS,Acyl Coa Biosynthetic Process,DOWN,47,0,13874,0,1.0,,,1.0
GO_BP,GOBP_ACYL_COA_METABOLIC_PROCESS,Acyl Coa Metabolic Process,DOWN,80,0,13874,0,1.0,,,1.0
GO_BP,GOBP_ADAPTIVE_IMMUNE_RESPONSE,Adaptive Immune Response,DOWN,271,0,13874,0,1.0,,,1.0
GO_BP,GOBP_ADAPTIVE_IMMUNE_RESPONSE_BASED_ON_SOMATIC_RECOMBINATION_OF_IMMUNE_RECEPTORS_BUILT_FROM_IMMUNOGLOBULIN_SUPERFAMILY_DOMAINS,Adaptive Immune Response Based On Somatic Recombination Of Immune Receptors Built From Immunoglobulin Superfamily Domains,DOWN,209,0,13874,0,1.0,,,1.0
GO_BP,GOBP_ADAPTIVE_THERMOGENESIS,Adaptive Thermogenesis,DOWN,126,0,13874,0,1.0,,,1.0
GO_BP,GOBP_ADENYLATE_CYCLASE_ACTIVATING_G_PROTEIN_COUPLED_RECEPTOR_SIGNALING_PATHWAY,Adenylate Cyclase Activating G Protein Coupled Receptor Signaling Pathway,DOWN,78,0,13874,0,1.0,,,1.0
GO_BP,GOBP_ADENYLATE_CYCLASE_INHIBITING_G_PROTEIN_COUPLED_RECEPTOR_SIGNALING_PATHWAY,Adenylate Cyclase Inhibiting G Protein Coupled Receptor Signaling Pathway,DOWN,31,0,13874,0,1.0,,,1.0
GO_BP,GOBP_ADENYLATE_CYCLASE_MODULATING_G_PROTEIN_COUPLED_RECEPTOR_SIGNALING_PATHWAY,Adenylate Cyclase Modulating G Protein Coupled Receptor Signaling Pathway,DOWN,104,0,13874,0,1.0,,,1.0
GO_BP,GOBP_ADHERENS_JUNCTION_ORGANIZATION,Adherens Junction Organization,DOWN,37,0,13874,0,1.0,,,1.0
GO_BP,GOBP_ADIPOSE_TISSUE_DEVELOPMENT,Adipose Tissue Development,DOWN,63,0,13874,0,1.0,,,1.0
GO_BP,GOBP_ADRENAL_GLAND_DEVELOPMENT,Adrenal Gland Development,DOWN,20,0,13874,0,1.0,,,1.0
GO_BP,GOBP_ADRENERGIC_RECEPTOR_SIGNALING_PATHWAY,Adrenergic Receptor Signaling Pathway,DOWN,16,0,13874,0,1.0,,,1.0
GO_BP,GOBP_ADULT_BEHAVIOR,Adult Behavior,DOWN,95,0,13874,0,1.0,,,1.0
GO_BP,GOBP_ADULT_LOCOMOTORY_BEHAVIOR,Adult Locomotory Behavior,DOWN,61,0,13874,0,1.0,,,1.0
GO_BP,GOBP_AGGREPHAGY,Aggrephagy,DOWN,15,0,13874,0,1.0,,,1.0
GO_BP,GOBP_ALCOHOL_BIOSYNTHETIC_PROCESS,Alcohol Biosynthetic Process,DOWN,107,0,13874,0,1.0,,,1.0
GO_BP,GOBP_ALCOHOL_CATABOLIC_PROCESS,Alcohol Catabolic Process,DOWN,22,0,13874,0,1.0,,,1.0
GO_BP,GOBP_ALCOHOL_METABOLIC_PROCESS,Alcohol Metabolic Process,DOWN,243,0,13874,0,1.0,,,1.0
GO_BP,GOBP_ALDEHYDE_METABOLIC_PROCESS,Aldehyde Metabolic Process,DOWN,56,0,13874,0,1.0,,,1.0
GO_BP,GOBP_ALPHA_AMINO_ACID_BIOSYNTHETIC_PROCESS,Alpha Amino Acid Biosynthetic Process,DOWN,47,0,13874,0,1.0,,,1.0
GO_BP,GOBP_ALPHA_AMINO_ACID_METABOLIC_PROCESS,Alpha Amino Acid Metabolic Process,DOWN,131,0,13874,0,1.0,,,1.0
GO_BP,GOBP_ALPHA_BETA_T_CELL_ACTIVATION,Alpha Beta T Cell Activation,DOWN,129,0,13874,0,1.0,,,1.0
GO_BP,GOBP_ALPHA_BETA_T_CELL_DIFFERENTIATION,Alpha Beta T Cell Differentiation,DOWN,97,0,13874,0,1.0,,,1.0
GO_BP,GOBP_ALPHA_BETA_T_CELL_PROLIFERATION,Alpha Beta T Cell Proliferation,DOWN,24,0,13874,0,1.0,,,1.0
GO_BP,GOBP_ALTERNATIVE_MRNA_SPLICING_VIA_SPLICEOSOME,Alternative Mrna Splicing Via Spliceosome,DOWN,69,0,13874,0,1.0,,,1.0
GO_BP,GOBP_AMEBOIDAL_TYPE_CELL_MIGRATION,Ameboidal Type Cell Migration,DOWN,183,0,13874,0,1.0,,,1.0
GO_BP,GOBP_AMIDE_BIOSYNTHETIC_PROCESS,Amide Biosynthetic Process,DOWN,132,0,13874,0,1.0,,,1.0
GO_BP,GOBP_AMIDE_METABOLIC_PROCESS,Amide Metabolic Process,DOWN,338,0,13874,0,1.0,,,1.0
GO_BP,GOBP_AMIDE_TRANSPORT,Amide Transport,DOWN,191,0,13874,0,1.0,,,1.0
GO_BP,GOBP_AMINE_BIOSYNTHETIC_PROCESS,Amine Biosynthetic Process,DOWN,23,0,13874,0,1.0,,,1.0
GO_BP,GOBP_AMINE_METABOLIC_PROCESS,Amine Metabolic Process,DOWN,47,0,13874,0,1.0,,,1.0
GO_BP,GOBP_AMINE_TRANSPORT,Amine Transport,DOWN,40,0,13874,0,1.0,,,1.0
GO_BP,GOBP_AMINOGLYCAN_BIOSYNTHETIC_PROCESS,Aminoglycan Biosynthetic Process,DOWN,27,0,13874,0,1.0,,,1.0
GO_BP,GOBP_AMINOGLYCAN_CATABOLIC_PROCESS,Aminoglycan Catabolic Process,DOWN,18,0,13874,0,1.0,,,1.0
GO_BP,GOBP_AMINOGLYCAN_METABOLIC_PROCESS,Aminoglycan Metabolic Process,DOWN,47,0,13874,0,1.0,,,1.0
GO_BP,GOBP_AMINO_ACID_ACTIVATION,Amino Acid Activation,DOWN,47,0,13874,0,1.0,,,1.0
GO_BP,GOBP_AMINO_ACID_BIOSYNTHETIC_PROCESS,Amino Acid Biosynthetic Process,DOWN,55,0,13874,0,1.0,,,1.0
GO_BP,GOBP_AMINO_ACID_CATABOLIC_PROCESS,Amino Acid Catabolic Process,DOWN,67,0,13874,0,1.0,,,1.0
GO_BP,GOBP_AMINO_ACID_IMPORT_ACROSS_PLASMA_MEMBRANE,Amino Acid Import Across Plasma Membrane,DOWN,36,0,13874,0,1.0,,,1.0
GO_BP,GOBP_AMINO_ACID_METABOLIC_PROCESS,Amino Acid Metabolic Process,DOWN,201,0,13874,0,1.0,,,1.0
GO_BP,GOBP_AMINO_ACID_TRANSMEMBRANE_TRANSPORT,Amino Acid Transmembrane Transport,DOWN,68,0,13874,0,1.0,,,1.0
GO_BP,GOBP_AMINO_ACID_TRANSPORT,Amino Acid Transport,DOWN,101,0,13874,0,1.0,,,1.0
GO_BP,GOBP_AMINO_SUGAR_METABOLIC_PROCESS,Amino Sugar Metabolic Process,DOWN,32,0,13874,0,1.0,,,1.0
GO_BP,GOBP_AMP_METABOLIC_PROCESS,Amp Metabolic Process,DOWN,21,0,13874,0,1.0,,,1.0
GO_BP,GOBP_AMYLOID_BETA_CLEARANCE,Amyloid Beta Clearance,DOWN,27,0,13874,0,1.0,,,1.0
GO_BP,GOBP_AMYLOID_BETA_FORMATION,Amyloid Beta Formation,DOWN,32,0,13874,0,1.0,,,1.0
GO_BP,GOBP_AMYLOID_BETA_METABOLIC_PROCESS,Amyloid Beta Metabolic Process,DOWN,43,0,13874,0,1.0,,,1.0
GO_BP,GOBP_AMYLOID_FIBRIL_FORMATION,Amyloid Fibril Formation,DOWN,35,0,13874,0,1.0,,,1.0
GO_BP,GOBP_AMYLOID_PRECURSOR_PROTEIN_CATABOLIC_PROCESS,Amyloid Precursor Protein Catabolic Process,DOWN,43,0,13874,0,1.0,,,1.0
GO_BP,GOBP_AMYLOID_PRECURSOR_PROTEIN_METABOLIC_PROCESS,Amyloid Precursor Protein Metabolic Process,DOWN,57,0,13874,0,1.0,,,1.0
GO_BP,GOBP_ANAPHASE_PROMOTING_COMPLEX_DEPENDENT_CATABOLIC_PROCESS,Anaphase Promoting Complex Dependent Catabolic Process,DOWN,22,0,13874,0,1.0,,,1.0
GO_BP,GOBP_ANATOMICAL_STRUCTURE_MATURATION,Anatomical Structure Maturation,DOWN,163,0,13874,0,1.0,,,1.0
GO_BP,GOBP_ANDROGEN_METABOLIC_PROCESS,Androgen Metabolic Process,DOWN,18,0,13874,0,1.0,,,1.0
GO_BP,GOBP_ANDROGEN_RECEPTOR_SIGNALING_PATHWAY,Androgen Receptor Signaling Pathway,DOWN,40,0,13874,0,1.0,,,1.0
GO_BP,GOBP_ANGIOGENESIS_INVOLVED_IN_WOUND_HEALING,Angiogenesis Involved In Wound Healing,DOWN,19,0,13874,0,1.0,,,1.0
GO_BP,GOBP_ANGIOTENSIN_ACTIVATED_SIGNALING_PATHWAY,Angiotensin Activated Signaling Pathway,DOWN,15,0,13874,0,1.0,,,1.0
GO_BP,GOBP_ANIMAL_ORGAN_FORMATION,Animal Organ Formation,DOWN,44,0,13874,0,1.0,,,1.0
GO_BP,GOBP_ANIMAL_ORGAN_MATURATION,Animal Organ Maturation,DOWN,19,0,13874,0,1.0,,,1.0
GO_BP,GOBP_ANIMAL_ORGAN_REGENERATION,Animal Organ Regeneration,DOWN,33,0,13874,0,1.0,,,1.0
GO_BP,GOBP_ANOIKIS,Anoikis,DOWN,28,0,13874,0,1.0,,,1.0
GO_BP,GOBP_ANTERIOR_POSTERIOR_AXIS_SPECIFICATION,Anterior Posterior Axis Specification,DOWN,29,0,13874,0,1.0,,,1.0
GO_BP,GOBP_ANTERIOR_POSTERIOR_PATTERN_SPECIFICATION,Anterior Posterior Pattern Specification,DOWN,129,0,13874,0,1.0,,,1.0
GO_BP,GOBP_ANTEROGRADE_AXONAL_TRANSPORT,Anterograde Axonal Transport,DOWN,40,0,13874,0,1.0,,,1.0
GO_BP,GOBP_ANTIBACTERIAL_HUMORAL_RESPONSE,Antibacterial Humoral Response,DOWN,20,0,13874,0,1.0,,,1.0
GO_BP,GOBP_ANTIGEN_PROCESSING_AND_PRESENTATION,Antigen Processing And Presentation,DOWN,73,0,13874,0,1.0,,,1.0
GO_BP,GOBP_ANTIGEN_PROCESSING_AND_PRESENTATION_OF_ENDOGENOUS_ANTIGEN,Antigen Processing And Presentation Of Endogenous Antigen,DOWN,18,0,13874,0,1.0,,,1.0
GO_BP,GOBP_ANTIGEN_PROCESSING_AND_PRESENTATION_OF_ENDOGENOUS_PEPTIDE_ANTIGEN,Antigen Processing And Presentation Of Endogenous Peptide Antigen,DOWN,17,0,13874,0,1.0,,,1.0
GO_BP,GOBP_ANTIGEN_PROCESSING_AND_PRESENTATION_OF_EXOGENOUS_ANTIGEN,Antigen Processing And Presentation Of Exogenous Antigen,DOWN,26,0,13874,0,1.0,,,1.0
GO_BP,GOBP_ANTIGEN_PROCESSING_AND_PRESENTATION_OF_EXOGENOUS_PEPTIDE_ANTIGEN,Antigen Processing And Presentation Of Exogenous Peptide Antigen,DOWN,22,0,13874,0,1.0,,,1.0
GO_BP,GOBP_ANTIGEN_PROCESSING_AND_PRESENTATION_OF_PEPTIDE_ANTIGEN,Antigen Processing And Presentation Of Peptide Antigen,DOWN,43,0,13874,0,1.0,,,1.0
GO_BP,GOBP_ANTIGEN_PROCESSING_AND_PRESENTATION_OF_PEPTIDE_ANTIGEN_VIA_MHC_CLASS_I,Antigen Processing And Presentation Of Peptide Antigen Via Mhc Class I,DOWN,28,0,13874,0,1.0,,,1.0
GO_BP,GOBP_ANTIGEN_PROCESSING_AND_PRESENTATION_OF_PEPTIDE_OR_POLYSACCHARIDE_ANTIGEN_VIA_MHC_CLASS_II,Antigen Processing And Presentation Of Peptide Or Polysaccharide Antigen Via Mhc Class Ii,DOWN,18,0,13874,0,1.0,,,1.0
GO_BP,GOBP_ANTIGEN_RECEPTOR_MEDIATED_SIGNALING_PATHWAY,Antigen Receptor Mediated Signaling Pathway,DOWN,124,0,13874,0,1.0,,,1.0
GO_BP,GOBP_ANTIMICROBIAL_HUMORAL_IMMUNE_RESPONSE_MEDIATED_BY_ANTIMICROBIAL_PEPTIDE,Antimicrobial Humoral Immune Response Mediated By Antimicrobial Peptide,DOWN,34,0,13874,0,1.0,,,1.0
GO_BP,GOBP_ANTIMICROBIAL_HUMORAL_RESPONSE,Antimicrobial Humoral Response,DOWN,43,0,13874,0,1.0,,,1.0
GO_BP,GOBP_ANTIVIRAL_INNATE_IMMUNE_RESPONSE,Antiviral Innate Immune Response,DOWN,63,0,13874,0,1.0,,,1.0
GO_BP,GOBP_AORTA_DEVELOPMENT,Aorta Development,DOWN,50,0,13874,0,1.0,,,1.0
GO_BP,GOBP_AORTA_MORPHOGENESIS,Aorta Morphogenesis,DOWN,25,0,13874,0,1.0,,,1.0
GO_BP,GOBP_AORTIC_VALVE_MORPHOGENESIS,Aortic Valve Morphogenesis,DOWN,27,0,13874,0,1.0,,,1.0
GO_BP,GOBP_APICAL_JUNCTION_ASSEMBLY,Apical Junction Assembly,DOWN,42,0,13874,0,1.0,,,1.0
GO_BP,GOBP_APOPTOTIC_CELL_CLEARANCE,Apoptotic Cell Clearance,DOWN,29,0,13874,0,1.0,,,1.0
GO_BP,GOBP_APOPTOTIC_MITOCHONDRIAL_CHANGES,Apoptotic Mitochondrial Changes,DOWN,93,0,13874,0,1.0,,,1.0
GO_BP,GOBP_APOPTOTIC_PROCESS_INVOLVED_IN_DEVELOPMENT,Apoptotic Process Involved In Development,DOWN,29,0,13874,0,1.0,,,1.0
GO_BP,GOBP_APOPTOTIC_PROCESS_INVOLVED_IN_MORPHOGENESIS,Apoptotic Process Involved In Morphogenesis,DOWN,20,0,13874,0,1.0,,,1.0
GO_BP,GOBP_APOPTOTIC_SIGNALING_PATHWAY,Apoptotic Signaling Pathway,DOWN,494,0,13874,0,1.0,,,1.0
GO_BP,GOBP_APPENDAGE_DEVELOPMENT,Appendage Development,DOWN,158,0,13874,0,1.0,,,1.0
GO_BP,GOBP_APPENDAGE_MORPHOGENESIS,Appendage Morphogenesis,DOWN,125,0,13874,0,1.0,,,1.0
GO_BP,GOBP_ARACHIDONATE_METABOLIC_PROCESS,Arachidonate Metabolic Process,DOWN,26,0,13874,0,1.0,,,1.0
GO_BP,GOBP_ARF_PROTEIN_SIGNAL_TRANSDUCTION,Arf Protein Signal Transduction,DOWN,19,0,13874,0,1.0,,,1.0
GO_BP,GOBP_AROMATIC_AMINO_ACID_METABOLIC_PROCESS,Aromatic Amino Acid Metabolic Process,DOWN,18,0,13874,0,1.0,,,1.0
GO_BP,GOBP_ARP2_3_COMPLEX_MEDIATED_ACTIN_NUCLEATION,Arp2 3 Complex Mediated Actin Nucleation,DOWN,41,0,13874,0,1.0,,,1.0
GO_BP,GOBP_ARTERY_DEVELOPMENT,Artery Development,DOWN,86,0,13874,0,1.0,,,1.0
GO_BP,GOBP_ARTERY_MORPHOGENESIS,Artery Morphogenesis,DOWN,57,0,13874,0,1.0,,,1.0
GO_BP,GOBP_ASPARTATE_FAMILY_AMINO_ACID_BIOSYNTHETIC_PROCESS,Aspartate Family Amino Acid Biosynthetic Process,DOWN,17,0,13874,0,1.0,,,1.0
GO_BP,GOBP_ASSOCIATIVE_LEARNING,Associative Learning,DOWN,58,0,13874,0,1.0,,,1.0
GO_BP,GOBP_ASTROCYTE_DEVELOPMENT,Astrocyte Development,DOWN,22,0,13874,0,1.0,,,1.0
GO_BP,GOBP_ASTROCYTE_DIFFERENTIATION,Astrocyte Differentiation,DOWN,47,0,13874,0,1.0,,,1.0
GO_BP,GOBP_ATP_BIOSYNTHETIC_PROCESS,Atp Biosynthetic Process,DOWN,94,0,13874,0,1.0,,,1.0
GO_BP,GOBP_ATP_METABOLIC_PROCESS,Atp Metabolic Process,DOWN,193,0,13874,0,1.0,,,1.0
GO_BP,GOBP_ATP_SYNTHESIS_COUPLED_ELECTRON_TRANSPORT,Atp Synthesis Coupled Electron Transport,DOWN,90,0,13874,0,1.0,,,1.0
GO_BP,GOBP_ATP_TRANSPORT,Atp Transport,DOWN,16,0,13874,0,1.0,,,1.0
GO_BP,GOBP_ATRIAL_SEPTUM_DEVELOPMENT,Atrial Septum Development,DOWN,17,0,13874,0,1.0,,,1.0
GO_BP,GOBP_ATRIOVENTRICULAR_VALVE_DEVELOPMENT,Atrioventricular Valve Development,DOWN,22,0,13874,0,1.0,,,1.0
GO_BP,GOBP_ATTACHMENT_OF_MITOTIC_SPINDLE_MICROTUBULES_TO_KINETOCHORE,Attachment Of Mitotic Spindle Microtubules To Kinetochore,DOWN,20,0,13874,0,1.0,,,1.0
GO_BP,GOBP_ATTACHMENT_OF_SPINDLE_MICROTUBULES_TO_KINETOCHORE,Attachment Of Spindle Microtubules To Kinetochore,DOWN,45,0,13874,0,1.0,,,1.0
GO_BP,GOBP_AUDITORY_RECEPTOR_CELL_DEVELOPMENT,Auditory Receptor Cell Development,DOWN,19,0,13874,0,1.0,,,1.0
GO_BP,GOBP_AUDITORY_RECEPTOR_CELL_MORPHOGENESIS,Auditory Receptor Cell Morphogenesis,DOWN,15,0,13874,0,1.0,,,1.0
GO_BP,GOBP_AUTONOMIC_NERVOUS_SYSTEM_DEVELOPMENT,Autonomic Nervous System Development,DOWN,26,0,13874,0,1.0,,,1.0
GO_BP,GOBP_AUTOPHAGOSOME_LYSOSOME_FUSION,Autophagosome Lysosome Fusion,DOWN,18,0,13874,0,1.0,,,1.0
GO_BP,GOBP_AUTOPHAGOSOME_MATURATION,Autophagosome Maturation,DOWN,59,0,13874,0,1.0,,,1.0
GO_BP,GOBP_AUTOPHAGOSOME_ORGANIZATION,Autophagosome Organization,DOWN,119,0,13874,0,1.0,,,1.0
GO_BP,GOBP_AUTOPHAGY_OF_MITOCHONDRION,Autophagy Of Mitochondrion,DOWN,109,0,13874,0,1.0,,,1.0
GO_BP,GOBP_AUTOPHAGY_OF_PEROXISOME,Autophagy Of Peroxisome,DOWN,16,0,13874,0,1.0,,,1.0
GO_BP,GOBP_AXIS_ELONGATION,Axis Elongation,DOWN,22,0,13874,0,1.0,,,1.0
GO_BP,GOBP_AXIS_SPECIFICATION,Axis Specification,DOWN,53,0,13874,0,1.0,,,1.0
GO_BP,GOBP_AXONAL_FASCICULATION,Axonal Fasciculation,DOWN,16,0,13874,0,1.0,,,1.0
GO_BP,GOBP_AXONAL_TRANSPORT,Axonal Transport,DOWN,64,0,13874,0,1.0,,,1.0
GO_BP,GOBP_AXONAL_TRANSPORT_OF_MITOCHONDRION,Axonal Transport Of Mitochondrion,DOWN,18,0,13874,0,1.0,,,1.0
GO_BP,GOBP_AXONEMAL_DYNEIN_COMPLEX_ASSEMBLY,Axonemal Dynein Complex Assembly,DOWN,16,0,13874,0,1.0,,,1.0
GO_BP,GOBP_AXONEME_ASSEMBLY,Axoneme Assembly,DOWN,48,0,13874,0,1.0,,,1.0
GO_BP,GOBP_AXON_DEVELOPMENT,Axon Development,DOWN,364,0,13874,0,1.0,,,1.0
GO_BP,GOBP_AXON_EXTENSION,Axon Extension,DOWN,87,0,13874,0,1.0,,,1.0
GO_BP,GOBP_AXO_DENDRITIC_TRANSPORT,Axo Dendritic Transport,DOWN,79,0,13874,0,1.0,,,1.0
GO_BP,GOBP_BARBED_END_ACTIN_FILAMENT_CAPPING,Barbed End Actin Filament Capping,DOWN,20,0,13874,0,1.0,,,1.0
GO_BP,GOBP_BASEMENT_MEMBRANE_ORGANIZATION,Basement Membrane Organization,DOWN,36,0,13874,0,1.0,,,1.0
GO_BP,GOBP_BASE_EXCISION_REPAIR,Base Excision Repair,DOWN,46,0,13874,0,1.0,,,1.0
GO_BP,GOBP_BEHAVIOR,Behavior,DOWN,412,0,13874,0,1.0,,,1.0
GO_BP,GOBP_BENZENE_CONTAINING_COMPOUND_METABOLIC_PROCESS,Benzene Containing Compound Metabolic Process,DOWN,16,0,13874,0,1.0,,,1.0
GO_BP,GOBP_BICARBONATE_TRANSPORT,Bicarbonate Transport,DOWN,20,0,13874,0,1.0,,,1.0
GO_BP,GOBP_BICELLULAR_TIGHT_JUNCTION_ASSEMBLY,Bicellular Tight Junction Assembly,DOWN,33,0,13874,0,1.0,,,1.0
GO_BP,GOBP_BILE_ACID_BIOSYNTHETIC_PROCESS,Bile Acid Biosynthetic Process,DOWN,24,0,13874,0,1.0,,,1.0
GO_BP,GOBP_BILE_ACID_METABOLIC_PROCESS,Bile Acid Metabolic Process,DOWN,32,0,13874,0,1.0,,,1.0
GO_BP,GOBP_BINDING_OF_SPERM_TO_ZONA_PELLUCIDA,Binding Of Sperm To Zona Pellucida,DOWN,19,0,13874,0,1.0,,,1.0
GO_BP,GOBP_BIOLOGICAL_PROCESS_INVOLVED_IN_INTERACTION_WITH_HOST,Biological Process Involved In Interaction With Host,DOWN,124,0,13874,0,1.0,,,1.0
GO_BP,GOBP_BIOLOGICAL_PROCESS_INVOLVED_IN_INTRASPECIES_INTERACTION_BETWEEN_ORGANISMS,Biological Process Involved In Intraspecies Interaction Between Organisms,DOWN,32,0,13874,0,1.0,,,1.0
GO_BP,GOBP_BIOLOGICAL_PROCESS_INVOLVED_IN_SYMBIOTIC_INTERACTION,Biological Process Involved In Symbiotic Interaction,DOWN,141,0,13874,0,1.0,,,1.0
GO_BP,GOBP_BIOMINERAL_TISSUE_DEVELOPMENT,Biomineral Tissue Development,DOWN,111,0,13874,0,1.0,,,1.0
GO_BP,GOBP_BLASTOCYST_DEVELOPMENT,Blastocyst Development,DOWN,89,0,13874,0,1.0,,,1.0
GO_BP,GOBP_BLASTOCYST_FORMATION,Blastocyst Formation,DOWN,36,0,13874,0,1.0,,,1.0
GO_BP,GOBP_BLASTOCYST_GROWTH,Blastocyst Growth,DOWN,20,0,13874,0,1.0,,,1.0
GO_BP,GOBP_BLASTODERM_SEGMENTATION,Blastoderm Segmentation,DOWN,15,0,13874,0,1.0,,,1.0
GO_BP,GOBP_BLOOD_VESSEL_ENDOTHELIAL_CELL_MIGRATION,Blood Vessel Endothelial Cell Migration,DOWN,101,0,13874,0,1.0,,,1.0
GO_BP,GOBP_BLOOD_VESSEL_ENDOTHELIAL_CELL_PROLIFERATION_INVOLVED_IN_SPROUTING_ANGIOGENESIS,Blood Vessel Endothelial Cell Proliferation Involved In Sprouting Angiogenesis,DOWN,20,0,13874,0,1.0,,,1.0
GO_BP,GOBP_BLOOD_VESSEL_MORPHOGENESIS,Blood Vessel Morphogenesis,DOWN,465,0,13874,0,1.0,,,1.0
GO_BP,GOBP_BLOOD_VESSEL_REMODELING,Blood Vessel Remodeling,DOWN,35,0,13874,0,1.0,,,1.0
GO_BP,GOBP_BODY_FLUID_SECRETION,Body Fluid Secretion,DOWN,54,0,13874,0,1.0,,,1.0
GO_BP,GOBP_BODY_MORPHOGENESIS,Body Morphogenesis,DOWN,38,0,13874,0,1.0,,,1.0
GO_BP,GOBP_BONE_DEVELOPMENT,Bone Development,DOWN,171,0,13874,0,1.0,,,1.0
GO_BP,GOBP_BONE_GROWTH,Bone Growth,DOWN,30,0,13874,0,1.0,,,1.0
GO_BP,GOBP_BONE_MATURATION,Bone Maturation,DOWN,17,0,13874,0,1.0,,,1.0
GO_BP,GOBP_BONE_MINERALIZATION,Bone Mineralization,DOWN,86,0,13874,0,1.0,,,1.0
GO_BP,GOBP_BONE_MORPHOGENESIS,Bone Morphogenesis,DOWN,79,0,13874,0,1.0,,,1.0
GO_BP,GOBP_BONE_REMODELING,Bone Remodeling,DOWN,65,0,13874,0,1.0,,,1.0
GO_BP,GOBP_BONE_RESORPTION,Bone Resorption,DOWN,44,0,13874,0,1.0,,,1.0
GO_BP,GOBP_BRAIN_MORPHOGENESIS,Brain Morphogenesis,DOWN,23,0,13874,0,1.0,,,1.0
GO_BP,GOBP_BRANCHED_CHAIN_AMINO_ACID_METABOLIC_PROCESS,Branched Chain Amino Acid Metabolic Process,DOWN,24,0,13874,0,1.0,,,1.0
GO_BP,GOBP_BRANCHING_INVOLVED_IN_BLOOD_VESSEL_MORPHOGENESIS,Branching Involved In Blood Vessel Morphogenesis,DOWN,27,0,13874,0,1.0,,,1.0
GO_BP,GOBP_BRANCHING_INVOLVED_IN_MAMMARY_GLAND_DUCT_MORPHOGENESIS,Branching Involved In Mammary Gland Duct Morphogenesis,DOWN,22,0,13874,0,1.0,,,1.0
GO_BP,GOBP_BRANCHING_INVOLVED_IN_SALIVARY_GLAND_MORPHOGENESIS,Branching Involved In Salivary Gland Morphogenesis,DOWN,15,0,13874,0,1.0,,,1.0
GO_BP,GOBP_BRANCHING_MORPHOGENESIS_OF_AN_EPITHELIAL_TUBE,Branching Morphogenesis Of An Epithelial Tube,DOWN,112,0,13874,0,1.0,,,1.0
GO_BP,GOBP_BRANCH_ELONGATION_OF_AN_EPITHELIUM,Branch Elongation Of An Epithelium,DOWN,15,0,13874,0,1.0,,,1.0
GO_BP,GOBP_BROWN_FAT_CELL_DIFFERENTIATION,Brown Fat Cell Differentiation,DOWN,40,0,13874,0,1.0,,,1.0
GO_BP,GOBP_B_CELL_ACTIVATION,B Cell Activation,DOWN,180,0,13874,0,1.0,,,1.0
GO_BP,GOBP_B_CELL_ACTIVATION_INVOLVED_IN_IMMUNE_RESPONSE,B Cell Activation Involved In Immune Response,DOWN,63,0,13874,0,1.0,,,1.0
GO_BP,GOBP_B_CELL_APOPTOTIC_PROCESS,B Cell Apoptotic Process,DOWN,18,0,13874,0,1.0,,,1.0
GO_BP,GOBP_B_CELL_DIFFERENTIATION,B Cell Differentiation,DOWN,92,0,13874,0,1.0,,,1.0
GO_BP,GOBP_B_CELL_HOMEOSTASIS,B Cell Homeostasis,DOWN,26,0,13874,0,1.0,,,1.0
GO_BP,GOBP_B_CELL_MEDIATED_IMMUNITY,B Cell Mediated Immunity,DOWN,72,0,13874,0,1.0,,,1.0
GO_BP,GOBP_B_CELL_PROLIFERATION,B Cell Proliferation,DOWN,52,0,13874,0,1.0,,,1.0
GO_BP,GOBP_B_CELL_RECEPTOR_SIGNALING_PATHWAY,B Cell Receptor Signaling Pathway,DOWN,31,0,13874,0,1.0,,,1.0
GO_BP,GOBP_C21_STEROID_HORMONE_BIOSYNTHETIC_PROCESS,C21 Steroid Hormone Biosynthetic Process,DOWN,16,0,13874,0,1.0,,,1.0
GO_BP,GOBP_C21_STEROID_HORMONE_METABOLIC_PROCESS,C21 Steroid Hormone Metabolic Process,DOWN,25,0,13874,0,1.0,,,1.0
GO_BP,GOBP_C4_DICARBOXYLATE_TRANSPORT,C4 Dicarboxylate Transport,DOWN,19,0,13874,0,1.0,,,1.0
GO_BP,GOBP_CALCINEURIN_MEDIATED_SIGNALING,Calcineurin Mediated Signaling,DOWN,40,0,13874,0,1.0,,,1.0
GO_BP,GOBP_CALCIUM_DEPENDENT_CELL_CELL_ADHESION,Calcium Dependent Cell Cell Adhesion,DOWN,15,0,13874,0,1.0,,,1.0
GO_BP,GOBP_CALCIUM_IMPORT_INTO_THE_MITOCHONDRION,Calcium Import Into The Mitochondrion,DOWN,16,0,13874,0,1.0,,,1.0
GO_BP,GOBP_CALCIUM_ION_HOMEOSTASIS,Calcium Ion Homeostasis,DOWN,186,0,13874,0,1.0,,,1.0
GO_BP,GOBP_CALCIUM_ION_IMPORT,Calcium Ion Import,DOWN,41,0,13874,0,1.0,,,1.0
GO_BP,GOBP_CALCIUM_ION_IMPORT_ACROSS_PLASMA_MEMBRANE,Calcium Ion Import Across Plasma Membrane,DOWN,18,0,13874,0,1.0,,,1.0
GO_BP,GOBP_CALCIUM_ION_REGULATED_EXOCYTOSIS,Calcium Ion Regulated Exocytosis,DOWN,37,0,13874,0,1.0,,,1.0
GO_BP,GOBP_CALCIUM_ION_TRANSMEMBRANE_IMPORT_INTO_CYTOSOL,Calcium Ion Transmembrane Import Into Cytosol,DOWN,101,0,13874,0,1.0,,,1.0
GO_BP,GOBP_CALCIUM_ION_TRANSMEMBRANE_TRANSPORT,Calcium Ion Transmembrane Transport,DOWN,186,0,13874,0,1.0,,,1.0
GO_BP,GOBP_CALCIUM_ION_TRANSPORT,Calcium Ion Transport,DOWN,232,0,13874,0,1.0,,,1.0
GO_BP,GOBP_CALCIUM_ION_TRANSPORT_INTO_CYTOSOL,Calcium Ion Transport Into Cytosol,DOWN,15,0,13874,0,1.0,,,1.0
GO_BP,GOBP_CALCIUM_MEDIATED_SIGNALING,Calcium Mediated Signaling,DOWN,131,0,13874,0,1.0,,,1.0
GO_BP,GOBP_CAMERA_TYPE_EYE_MORPHOGENESIS,Camera Type Eye Morphogenesis,DOWN,84,0,13874,0,1.0,,,1.0
GO_BP,GOBP_CAMP_METABOLIC_PROCESS,Camp Metabolic Process,DOWN,18,0,13874,0,1.0,,,1.0
GO_BP,GOBP_CAMP_PKA_SIGNAL_TRANSDUCTION,Camp Pka Signal Transduction,DOWN,35,0,13874,0,1.0,,,1.0
GO_BP,GOBP_CANONICAL_NF_KAPPAB_SIGNAL_TRANSDUCTION,Canonical Nf Kappab Signal Transduction,DOWN,267,0,13874,0,1.0,,,1.0
GO_BP,GOBP_CANONICAL_WNT_SIGNALING_PATHWAY,Canonical Wnt Signaling Pathway,DOWN,252,0,13874,0,1.0,,,1.0
GO_BP,GOBP_CARBOHYDRATE_BIOSYNTHETIC_PROCESS,Carbohydrate Biosynthetic Process,DOWN,135,0,13874,0,1.0,,,1.0
GO_BP,GOBP_CARBOHYDRATE_CATABOLIC_PROCESS,Carbohydrate Catabolic Process,DOWN,135,0,13874,0,1.0,,,1.0
GO_BP,GOBP_CARBOHYDRATE_DERIVATIVE_CATABOLIC_PROCESS,Carbohydrate Derivative Catabolic Process,DOWN,202,0,13874,0,1.0,,,1.0
GO_BP,GOBP_CARBOHYDRATE_DERIVATIVE_TRANSPORT,Carbohydrate Derivative Transport,DOWN,65,0,13874,0,1.0,,,1.0
GO_BP,GOBP_CARBOHYDRATE_HOMEOSTASIS,Carbohydrate Homeostasis,DOWN,170,0,13874,0,1.0,,,1.0
GO_BP,GOBP_CARBOHYDRATE_METABOLIC_PROCESS,Carbohydrate Metabolic Process,DOWN,405,0,13874,0,1.0,,,1.0
GO_BP,GOBP_CARBOHYDRATE_PHOSPHORYLATION,Carbohydrate Phosphorylation,DOWN,20,0,13874,0,1.0,,,1.0
GO_BP,GOBP_CARBOHYDRATE_TRANSPORT,Carbohydrate Transport,DOWN,86,0,13874,0,1.0,,,1.0
GO_BP,GOBP_CARBOXYLIC_ACID_TRANSMEMBRANE_TRANSPORT,Carboxylic Acid Transmembrane Transport,DOWN,102,0,13874,0,1.0,,,1.0
GO_BP,GOBP_CARDIAC_ATRIUM_DEVELOPMENT,Cardiac Atrium Development,DOWN,26,0,13874,0,1.0,,,1.0
GO_BP,GOBP_CARDIAC_ATRIUM_MORPHOGENESIS,Cardiac Atrium Morphogenesis,DOWN,20,0,13874,0,1.0,,,1.0
GO_BP,GOBP_CARDIAC_CELL_DEVELOPMENT,Cardiac Cell Development,DOWN,56,0,13874,0,1.0,,,1.0
GO_BP,GOBP_CARDIAC_CHAMBER_DEVELOPMENT,Cardiac Chamber Development,DOWN,119,0,13874,0,1.0,,,1.0
GO_BP,GOBP_CARDIAC_CHAMBER_MORPHOGENESIS,Cardiac Chamber Morphogenesis,DOWN,83,0,13874,0,1.0,,,1.0
GO_BP,GOBP_CARDIAC_CONDUCTION,Cardiac Conduction,DOWN,51,0,13874,0,1.0,,,1.0
GO_BP,GOBP_CARDIAC_CONDUCTION_SYSTEM_DEVELOPMENT,Cardiac Conduction System Development,DOWN,22,0,13874,0,1.0,,,1.0
GO_BP,GOBP_CARDIAC_EPITHELIAL_TO_MESENCHYMAL_TRANSITION,Cardiac Epithelial To Mesenchymal Transition,DOWN,30,0,13874,0,1.0,,,1.0
GO_BP,GOBP_CARDIAC_MUSCLE_CELL_ACTION_POTENTIAL,Cardiac Muscle Cell Action Potential,DOWN,50,0,13874,0,1.0,,,1.0
GO_BP,GOBP_CARDIAC_MUSCLE_CELL_ACTION_POTENTIAL_INVOLVED_IN_CONTRACTION,Cardiac Muscle Cell Action Potential Involved In Contraction,DOWN,32,0,13874,0,1.0,,,1.0
GO_BP,GOBP_CARDIAC_MUSCLE_CELL_CONTRACTION,Cardiac Muscle Cell Contraction,DOWN,49,0,13874,0,1.0,,,1.0
GO_BP,GOBP_CARDIAC_MUSCLE_CELL_DIFFERENTIATION,Cardiac Muscle Cell Differentiation,DOWN,82,0,13874,0,1.0,,,1.0
GO_BP,GOBP_CARDIAC_MUSCLE_CELL_MEMBRANE_REPOLARIZATION,Cardiac Muscle Cell Membrane Repolarization,DOWN,19,0,13874,0,1.0,,,1.0
GO_BP,GOBP_CARDIAC_MUSCLE_CELL_PROLIFERATION,Cardiac Muscle Cell Proliferation,DOWN,37,0,13874,0,1.0,,,1.0
GO_BP,GOBP_CARDIAC_MUSCLE_CONTRACTION,Cardiac Muscle Contraction,DOWN,83,0,13874,0,1.0,,,1.0
GO_BP,GOBP_CARDIAC_MUSCLE_TISSUE_DEVELOPMENT,Cardiac Muscle Tissue Development,DOWN,150,0,13874,0,1.0,,,1.0
GO_BP,GOBP_CARDIAC_MUSCLE_TISSUE_MORPHOGENESIS,Cardiac Muscle Tissue Morphogenesis,DOWN,33,0,13874,0,1.0,,,1.0
GO_BP,GOBP_CARDIAC_SEPTUM_DEVELOPMENT,Cardiac Septum Development,DOWN,81,0,13874,0,1.0,,,1.0
GO_BP,GOBP_CARDIAC_SEPTUM_MORPHOGENESIS,Cardiac Septum Morphogenesis,DOWN,49,0,13874,0,1.0,,,1.0
GO_BP,GOBP_CARDIAC_VENTRICLE_DEVELOPMENT,Cardiac Ventricle Development,DOWN,90,0,13874,0,1.0,,,1.0
GO_BP,GOBP_CARDIAC_VENTRICLE_MORPHOGENESIS,Cardiac Ventricle Morphogenesis,DOWN,42,0,13874,0,1.0,,,1.0
GO_BP,GOBP_CARDIOCYTE_DIFFERENTIATION,Cardiocyte Differentiation,DOWN,106,0,13874,0,1.0,,,1.0
GO_BP,GOBP_CARTILAGE_DEVELOPMENT,Cartilage Development,DOWN,157,0,13874,0,1.0,,,1.0
GO_BP,GOBP_CARTILAGE_DEVELOPMENT_INVOLVED_IN_ENDOCHONDRAL_BONE_MORPHOGENESIS,Cartilage Development Involved In Endochondral Bone Morphogenesis,DOWN,31,0,13874,0,1.0,,,1.0
GO_BP,GOBP_CATECHOLAMINE_SECRETION,Catecholamine Secretion,DOWN,18,0,13874,0,1.0,,,1.0
GO_BP,GOBP_CATECHOLAMINE_TRANSPORT,Catecholamine Transport,DOWN,25,0,13874,0,1.0,,,1.0
GO_BP,GOBP_CATECHOL_CONTAINING_COMPOUND_METABOLIC_PROCESS,Catechol Containing Compound Metabolic Process,DOWN,21,0,13874,0,1.0,,,1.0
GO_BP,GOBP_CD4_POSITIVE_ALPHA_BETA_T_CELL_ACTIVATION,Cd4 Positive Alpha Beta T Cell Activation,DOWN,90,0,13874,0,1.0,,,1.0
GO_BP,GOBP_CD4_POSITIVE_OR_CD8_POSITIVE_ALPHA_BETA_T_CELL_LINEAGE_COMMITMENT,Cd4 Positive Or Cd8 Positive Alpha Beta T Cell Lineage Commitment,DOWN,20,0,13874,0,1.0,,,1.0
GO_BP,GOBP_CD8_POSITIVE_ALPHA_BETA_T_CELL_ACTIVATION,Cd8 Positive Alpha Beta T Cell Activation,DOWN,27,0,13874,0,1.0,,,1.0
GO_BP,GOBP_CD8_POSITIVE_ALPHA_BETA_T_CELL_DIFFERENTIATION,Cd8 Positive Alpha Beta T Cell Differentiation,DOWN,21,0,13874,0,1.0,,,1.0
GO_BP,GOBP_CELLULAR_COMPONENT_ASSEMBLY_INVOLVED_IN_MORPHOGENESIS,Cellular Component Assembly Involved In Morphogenesis,DOWN,73,0,13874,0,1.0,,,1.0
GO_BP,GOBP_CELLULAR_COMPONENT_DISASSEMBLY,Cellular Component Disassembly,DOWN,384,0,13874,0,1.0,,,1.0
GO_BP,GOBP_CELLULAR_COMPONENT_DISASSEMBLY_INVOLVED_IN_EXECUTION_PHASE_OF_APOPTOSIS,Cellular Component Disassembly Involved In Execution Phase Of Apoptosis,DOWN,24,0,13874,0,1.0,,,1.0
GO_BP,GOBP_CELLULAR_COMPONENT_MAINTENANCE,Cellular Component Maintenance,DOWN,54,0,13874,0,1.0,,,1.0
GO_BP,GOBP_CELLULAR_DEFENSE_RESPONSE,Cellular Defense Response,DOWN,15,0,13874,0,1.0,,,1.0
GO_BP,GOBP_CELLULAR_EXTRAVASATION,Cellular Extravasation,DOWN,44,0,13874,0,1.0,,,1.0
GO_BP,GOBP_CELLULAR_HYPEROSMOTIC_RESPONSE,Cellular Hyperosmotic Response,DOWN,15,0,13874,0,1.0,,,1.0
GO_BP,GOBP_CELLULAR_OXIDANT_DETOXIFICATION,Cellular Oxidant Detoxification,DOWN,55,0,13874,0,1.0,,,1.0
GO_BP,GOBP_CELLULAR_PIGMENTATION,Cellular Pigmentation,DOWN,56,0,13874,0,1.0,,,1.0
GO_BP,GOBP_CELLULAR_PROCESS_INVOLVED_IN_REPRODUCTION_IN_MULTICELLULAR_ORGANISM,Cellular Process Involved In Reproduction In Multicellular Organism,DOWN,227,0,13874,0,1.0,,,1.0
GO_BP,GOBP_CELLULAR_RESPIRATION,Cellular Respiration,DOWN,277,0,13874,0,1.0,,,1.0
GO_BP,GOBP_CELLULAR_RESPONSE_TO_ABIOTIC_STIMULUS,Cellular Response To Abiotic Stimulus,DOWN,263,0,13874,0,1.0,,,1.0
GO_BP,GOBP_CELLULAR_RESPONSE_TO_ACID_CHEMICAL,Cellular Response To Acid Chemical,DOWN,76,0,13874,0,1.0,,,1.0
GO_BP,GOBP_CELLULAR_RESPONSE_TO_ALCOHOL,Cellular Response To Alcohol,DOWN,76,0,13874,0,1.0,,,1.0
GO_BP,GOBP_CELLULAR_RESPONSE_TO_ALDEHYDE,Cellular Response To Aldehyde,DOWN,18,0,13874,0,1.0,,,1.0
GO_BP,GOBP_CELLULAR_RESPONSE_TO_ALKALOID,Cellular Response To Alkaloid,DOWN,25,0,13874,0,1.0,,,1.0
GO_BP,GOBP_CELLULAR_RESPONSE_TO_AMYLOID_BETA,Cellular Response To Amyloid Beta,DOWN,29,0,13874,0,1.0,,,1.0
GO_BP,GOBP_CELLULAR_RESPONSE_TO_ANGIOTENSIN,Cellular Response To Angiotensin,DOWN,27,0,13874,0,1.0,,,1.0
GO_BP,GOBP_CELLULAR_RESPONSE_TO_ARSENIC_CONTAINING_SUBSTANCE,Cellular Response To Arsenic Containing Substance,DOWN,17,0,13874,0,1.0,,,1.0
GO_BP,GOBP_CELLULAR_RESPONSE_TO_BIOTIC_STIMULUS,Cellular Response To Biotic Stimulus,DOWN,151,0,13874,0,1.0,,,1.0
GO_BP,GOBP_CELLULAR_RESPONSE_TO_CALCIUM_ION,Cellular Response To Calcium Ion,DOWN,54,0,13874,0,1.0,,,1.0
GO_BP,GOBP_CELLULAR_RESPONSE_TO_CAMP,Cellular Response To Camp,DOWN,33,0,13874,0,1.0,,,1.0
GO_BP,GOBP_CELLULAR_RESPONSE_TO_CARBOHYDRATE_STIMULUS,Cellular Response To Carbohydrate Stimulus,DOWN,103,0,13874,0,1.0,,,1.0
GO_BP,GOBP_CELLULAR_RESPONSE_TO_CHEMICAL_STRESS,Cellular Response To Chemical Stress,DOWN,265,0,13874,0,1.0,,,1.0
GO_BP,GOBP_CELLULAR_RESPONSE_TO_CORTICOSTEROID_STIMULUS,Cellular Response To Corticosteroid Stimulus,DOWN,46,0,13874,0,1.0,,,1.0
GO_BP,GOBP_CELLULAR_RESPONSE_TO_DEXAMETHASONE_STIMULUS,Cellular Response To Dexamethasone Stimulus,DOWN,21,0,13874,0,1.0,,,1.0
GO_BP,GOBP_CELLULAR_RESPONSE_TO_DSRNA,Cellular Response To Dsrna,DOWN,20,0,13874,0,1.0,,,1.0
GO_BP,GOBP_CELLULAR_RESPONSE_TO_ESTRADIOL_STIMULUS,Cellular Response To Estradiol Stimulus,DOWN,24,0,13874,0,1.0,,,1.0
GO_BP,GOBP_CELLULAR_RESPONSE_TO_ESTROGEN_STIMULUS,Cellular Response To Estrogen Stimulus,DOWN,15,0,13874,0,1.0,,,1.0
GO_BP,GOBP_CELLULAR_RESPONSE_TO_EXTERNAL_STIMULUS,Cellular Response To External Stimulus,DOWN,58,0,13874,0,1.0,,,1.0
GO_BP,GOBP_CELLULAR_RESPONSE_TO_FATTY_ACID,Cellular Response To Fatty Acid,DOWN,23,0,13874,0,1.0,,,1.0
GO_BP,GOBP_CELLULAR_RESPONSE_TO_FLUID_SHEAR_STRESS,Cellular Response To Fluid Shear Stress,DOWN,41,0,13874,0,1.0,,,1.0
GO_BP,GOBP_CELLULAR_RESPONSE_TO_GAMMA_RADIATION,Cellular Response To Gamma Radiation,DOWN,26,0,13874,0,1.0,,,1.0
GO_BP,GOBP_CELLULAR_RESPONSE_TO_GLUCAGON_STIMULUS,Cellular Response To Glucagon Stimulus,DOWN,15,0,13874,0,1.0,,,1.0
GO_BP,GOBP_CELLULAR_RESPONSE_TO_GLUCOSE_STARVATION,Cellular Response To Glucose Starvation,DOWN,46,0,13874,0,1.0,,,1.0
GO_BP,GOBP_CELLULAR_RESPONSE_TO_GROWTH_HORMONE_STIMULUS,Cellular Response To Growth Hormone Stimulus,DOWN,20,0,13874,0,1.0,,,1.0
GO_BP,GOBP_CELLULAR_RESPONSE_TO_HEAT,Cellular Response To Heat,DOWN,61,0,13874,0,1.0,,,1.0
GO_BP,GOBP_CELLULAR_RESPONSE_TO_HORMONE_STIMULUS,Cellular Response To Hormone Stimulus,DOWN,481,0,13874,0,1.0,,,1.0
GO_BP,GOBP_CELLULAR_RESPONSE_TO_HYDROGEN_PEROXIDE,Cellular Response To Hydrogen Peroxide,DOWN,51,0,13874,0,1.0,,,1.0
GO_BP,GOBP_CELLULAR_RESPONSE_TO_INSULIN_STIMULUS,Cellular Response To Insulin Stimulus,DOWN,167,0,13874,0,1.0,,,1.0
GO_BP,GOBP_CELLULAR_RESPONSE_TO_INTERFERON_BETA,Cellular Response To Interferon Beta,DOWN,21,0,13874,0,1.0,,,1.0
GO_BP,GOBP_CELLULAR_RESPONSE_TO_INTERLEUKIN_1,Cellular Response To Interleukin 1,DOWN,63,0,13874,0,1.0,,,1.0
GO_BP,GOBP_CELLULAR_RESPONSE_TO_IONIZING_RADIATION,Cellular Response To Ionizing Radiation,DOWN,62,0,13874,0,1.0,,,1.0
GO_BP,GOBP_CELLULAR_RESPONSE_TO_KETONE,Cellular Response To Ketone,DOWN,86,0,13874,0,1.0,,,1.0
GO_BP,GOBP_CELLULAR_RESPONSE_TO_LIGHT_STIMULUS,Cellular Response To Light Stimulus,DOWN,92,0,13874,0,1.0,,,1.0
GO_BP,GOBP_CELLULAR_RESPONSE_TO_LIPID,Cellular Response To Lipid,DOWN,409,0,13874,0,1.0,,,1.0
GO_BP,GOBP_CELLULAR_RESPONSE_TO_LIPOPROTEIN_PARTICLE_STIMULUS,Cellular Response To Lipoprotein Particle Stimulus,DOWN,24,0,13874,0,1.0,,,1.0
GO_BP,GOBP_CELLULAR_RESPONSE_TO_METAL_ION,Cellular Response To Metal Ion,DOWN,115,0,13874,0,1.0,,,1.0
GO_BP,GOBP_CELLULAR_RESPONSE_TO_MOLECULE_OF_BACTERIAL_ORIGIN,Cellular Response To Molecule Of Bacterial Origin,DOWN,129,0,13874,0,1.0,,,1.0
GO_BP,GOBP_CELLULAR_RESPONSE_TO_NITROGEN_COMPOUND,Cellular Response To Nitrogen Compound,DOWN,459,0,13874,0,1.0,,,1.0
GO_BP,GOBP_CELLULAR_RESPONSE_TO_NUTRIENT,Cellular Response To Nutrient,DOWN,34,0,13874,0,1.0,,,1.0
GO_BP,GOBP_CELLULAR_RESPONSE_TO_NUTRIENT_LEVELS,Cellular Response To Nutrient Levels,DOWN,209,0,13874,0,1.0,,,1.0
GO_BP,GOBP_CELLULAR_RESPONSE_TO_OSMOTIC_STRESS,Cellular Response To Osmotic Stress,DOWN,47,0,13874,0,1.0,,,1.0
GO_BP,GOBP_CELLULAR_RESPONSE_TO_OXIDATIVE_STRESS,Cellular Response To Oxidative Stress,DOWN,209,0,13874,0,1.0,,,1.0
GO_BP,GOBP_CELLULAR_RESPONSE_TO_OXYGEN_LEVELS,Cellular Response To Oxygen Levels,DOWN,135,0,13874,0,1.0,,,1.0
GO_BP,GOBP_CELLULAR_RESPONSE_TO_PEPTIDE_HORMONE_STIMULUS,Cellular Response To Peptide Hormone Stimulus,DOWN,253,0,13874,0,1.0,,,1.0
GO_BP,GOBP_CELLULAR_RESPONSE_TO_PH,Cellular Response To Ph,DOWN,17,0,13874,0,1.0,,,1.0
GO_BP,GOBP_CELLULAR_RESPONSE_TO_PROSTAGLANDIN_E_STIMULUS,Cellular Response To Prostaglandin E Stimulus,DOWN,16,0,13874,0,1.0,,,1.0
GO_BP,GOBP_CELLULAR_RESPONSE_TO_PROSTAGLANDIN_STIMULUS,Cellular Response To Prostaglandin Stimulus,DOWN,21,0,13874,0,1.0,,,1.0
GO_BP,GOBP_CELLULAR_RESPONSE_TO_RADIATION,Cellular Response To Radiation,DOWN,145,0,13874,0,1.0,,,1.0
GO_BP,GOBP_CELLULAR_RESPONSE_TO_REACTIVE_NITROGEN_SPECIES,Cellular Response To Reactive Nitrogen Species,DOWN,15,0,13874,0,1.0,,,1.0
GO_BP,GOBP_CELLULAR_RESPONSE_TO_REACTIVE_OXYGEN_SPECIES,Cellular Response To Reactive Oxygen Species,DOWN,109,0,13874,0,1.0,,,1.0
GO_BP,GOBP_CELLULAR_RESPONSE_TO_RETINOIC_ACID,Cellular Response To Retinoic Acid,DOWN,41,0,13874,0,1.0,,,1.0
GO_BP,GOBP_CELLULAR_RESPONSE_TO_STARVATION,Cellular Response To Starvation,DOWN,160,0,13874,0,1.0,,,1.0
GO_BP,GOBP_CELLULAR_RESPONSE_TO_STEROID_HORMONE_STIMULUS,Cellular Response To Steroid Hormone Stimulus,DOWN,160,0,13874,0,1.0,,,1.0
GO_BP,GOBP_CELLULAR_RESPONSE_TO_STEROL,Cellular Response To Sterol,DOWN,15,0,13874,0,1.0,,,1.0
GO_BP,GOBP_CELLULAR_RESPONSE_TO_TOPOLOGICALLY_INCORRECT_PROTEIN,Cellular Response To Topologically Incorrect Protein,DOWN,114,0,13874,0,1.0,,,1.0
GO_BP,GOBP_CELLULAR_RESPONSE_TO_TOXIC_SUBSTANCE,Cellular Response To Toxic Substance,DOWN,89,0,13874,0,1.0,,,1.0
GO_BP,GOBP_CELLULAR_RESPONSE_TO_TYPE_II_INTERFERON,Cellular Response To Type Ii Interferon,DOWN,74,0,13874,0,1.0,,,1.0
GO_BP,GOBP_CELLULAR_RESPONSE_TO_UNFOLDED_PROTEIN,Cellular Response To Unfolded Protein,DOWN,99,0,13874,0,1.0,,,1.0
GO_BP,GOBP_CELLULAR_RESPONSE_TO_UV,Cellular Response To Uv,DOWN,83,0,13874,0,1.0,,,1.0
GO_BP,GOBP_CELLULAR_RESPONSE_TO_VASCULAR_ENDOTHELIAL_GROWTH_FACTOR_STIMULUS,Cellular Response To Vascular Endothelial Growth Factor Stimulus,DOWN,59,0,13874,0,1.0,,,1.0
GO_BP,GOBP_CELLULAR_RESPONSE_TO_VIRUS,Cellular Response To Virus,DOWN,44,0,13874,0,1.0,,,1.0
GO_BP,GOBP_CELLULAR_RESPONSE_TO_VITAMIN,Cellular Response To Vitamin,DOWN,19,0,13874,0,1.0,,,1.0
GO_BP,GOBP_CELLULAR_RESPONSE_TO_VITAMIN_D,Cellular Response To Vitamin D,DOWN,16,0,13874,0,1.0,,,1.0
GO_BP,GOBP_CELLULAR_RESPONSE_TO_XENOBIOTIC_STIMULUS,Cellular Response To Xenobiotic Stimulus,DOWN,93,0,13874,0,1.0,,,1.0
GO_BP,GOBP_CELLULAR_SENESCENCE,Cellular Senescence,DOWN,86,0,13874,0,1.0,,,1.0
GO_BP,GOBP_CELL_ACTIVATION_INVOLVED_IN_IMMUNE_RESPONSE,Cell Activation Involved In Immune Response,DOWN,196,0,13874,0,1.0,,,1.0
GO_BP,GOBP_CELL_ADHESION_MEDIATED_BY_INTEGRIN,Cell Adhesion Mediated By Integrin,DOWN,53,0,13874,0,1.0,,,1.0
GO_BP,GOBP_CELL_CELL_ADHESION_MEDIATED_BY_CADHERIN,Cell Cell Adhesion Mediated By Cadherin,DOWN,31,0,13874,0,1.0,,,1.0
GO_BP,GOBP_CELL_CELL_ADHESION_MEDIATED_BY_INTEGRIN,Cell Cell Adhesion Mediated By Integrin,DOWN,15,0,13874,0,1.0,,,1.0
GO_BP,GOBP_CELL_CELL_JUNCTION_ASSEMBLY,Cell Cell Junction Assembly,DOWN,87,0,13874,0,1.0,,,1.0
GO_BP,GOBP_CELL_CELL_JUNCTION_ORGANIZATION,Cell Cell Junction Organization,DOWN,130,0,13874,0,1.0,,,1.0
GO_BP,GOBP_CELL_CELL_RECOGNITION,Cell Cell Recognition,DOWN,33,0,13874,0,1.0,,,1.0
GO_BP,GOBP_CELL_CELL_SIGNALING_INVOLVED_IN_CARDIAC_CONDUCTION,Cell Cell Signaling Involved In Cardiac Conduction,DOWN,15,0,13874,0,1.0,,,1.0
GO_BP,GOBP_CELL_CHEMOTAXIS,Cell Chemotaxis,DOWN,173,0,13874,0,1.0,,,1.0
GO_BP,GOBP_CELL_COMMUNICATION_BY_ELECTRICAL_COUPLING,Cell Communication By Electrical Coupling,DOWN,21,0,13874,0,1.0,,,1.0
GO_BP,GOBP_CELL_COMMUNICATION_BY_ELECTRICAL_COUPLING_INVOLVED_IN_CARDIAC_CONDUCTION,Cell Communication By Electrical Coupling Involved In Cardiac Conduction,DOWN,16,0,13874,0,1.0,,,1.0
GO_BP,GOBP_CELL_COMMUNICATION_INVOLVED_IN_CARDIAC_CONDUCTION,Cell Communication Involved In Cardiac Conduction,DOWN,29,0,13874,0,1.0,,,1.0
GO_BP,GOBP_CELL_CYCLE_CHECKPOINT_SIGNALING,Cell Cycle Checkpoint Signaling,DOWN,172,0,13874,0,1.0,,,1.0
GO_BP,GOBP_CELL_CYCLE_DNA_REPLICATION,Cell Cycle Dna Replication,DOWN,38,0,13874,0,1.0,,,1.0
GO_BP,GOBP_CELL_CYCLE_G1_S_PHASE_TRANSITION,Cell Cycle G1 S Phase Transition,DOWN,221,0,13874,0,1.0,,,1.0
GO_BP,GOBP_CELL_CYCLE_G2_M_PHASE_TRANSITION,Cell Cycle G2 M Phase Transition,DOWN,135,0,13874,0,1.0,,,1.0
GO_BP,GOBP_CELL_CYCLE_PHASE_TRANSITION,Cell Cycle Phase Transition,DOWN,476,0,13874,0,1.0,,,1.0
GO_BP,GOBP_CELL_DIFFERENTIATION_INVOLVED_IN_KIDNEY_DEVELOPMENT,Cell Differentiation Involved In Kidney Development,DOWN,35,0,13874,0,1.0,,,1.0
GO_BP,GOBP_CELL_DIFFERENTIATION_IN_SPINAL_CORD,Cell Differentiation In Spinal Cord,DOWN,24,0,13874,0,1.0,,,1.0
GO_BP,GOBP_CELL_FATE_COMMITMENT,Cell Fate Commitment,DOWN,157,0,13874,0,1.0,,,1.0
GO_BP,GOBP_CELL_FATE_COMMITMENT_INVOLVED_IN_FORMATION_OF_PRIMARY_GERM_LAYER,Cell Fate Commitment Involved In Formation Of Primary Germ Layer,DOWN,19,0,13874,0,1.0,,,1.0
GO_BP,GOBP_CELL_FATE_DETERMINATION,Cell Fate Determination,DOWN,17,0,13874,0,1.0,,,1.0
GO_BP,GOBP_CELL_FATE_SPECIFICATION,Cell Fate Specification,DOWN,58,0,13874,0,1.0,,,1.0
GO_BP,GOBP_CELL_GROWTH,Cell Growth,DOWN,373,0,13874,0,1.0,,,1.0
GO_BP,GOBP_CELL_JUNCTION_ASSEMBLY,Cell Junction Assembly,DOWN,342,0,13874,0,1.0,,,1.0
GO_BP,GOBP_CELL_JUNCTION_DISASSEMBLY,Cell Junction Disassembly,DOWN,24,0,13874,0,1.0,,,1.0
GO_BP,GOBP_CELL_JUNCTION_MAINTENANCE,Cell Junction Maintenance,DOWN,32,0,13874,0,1.0,,,1.0
GO_BP,GOBP_CELL_KILLING,Cell Killing,DOWN,101,0,13874,0,1.0,,,1.0
GO_BP,GOBP_CELL_MATRIX_ADHESION,Cell Matrix Adhesion,DOWN,185,0,13874,0,1.0,,,1.0
GO_BP,GOBP_CELL_MATURATION,Cell Maturation,DOWN,121,0,13874,0,1.0,,,1.0
GO_BP,GOBP_CELL_MIGRATION_INVOLVED_IN_HEART_DEVELOPMENT,Cell Migration Involved In Heart Development,DOWN,15,0,13874,0,1.0,,,1.0
GO_BP,GOBP_CELL_MIGRATION_INVOLVED_IN_SPROUTING_ANGIOGENESIS,Cell Migration Involved In Sprouting Angiogenesis,DOWN,53,0,13874,0,1.0,,,1.0
GO_BP,GOBP_CELL_MORPHOGENESIS_INVOLVED_IN_NEURON_DIFFERENTIATION,Cell Morphogenesis Involved In Neuron Differentiation,DOWN,424,0,13874,0,1.0,,,1.0
GO_BP,GOBP_CELL_PROJECTION_ASSEMBLY,Cell Projection Assembly,DOWN,498,0,13874,0,1.0,,,1.0
GO_BP,GOBP_CELL_PROJECTION_MORPHOGENESIS,Cell Projection Morphogenesis,DOWN,478,0,13874,0,1.0,,,1.0
GO_BP,GOBP_CELL_PROLIFERATION_INVOLVED_IN_HEART_MORPHOGENESIS,Cell Proliferation Involved In Heart Morphogenesis,DOWN,17,0,13874,0,1.0,,,1.0
GO_BP,GOBP_CELL_PROLIFERATION_INVOLVED_IN_KIDNEY_DEVELOPMENT,Cell Proliferation Involved In Kidney Development,DOWN,15,0,13874,0,1.0,,,1.0
GO_BP,GOBP_CELL_PROLIFERATION_IN_FOREBRAIN,Cell Proliferation In Forebrain,DOWN,16,0,13874,0,1.0,,,1.0
GO_BP,GOBP_CELL_RECOGNITION,Cell Recognition,DOWN,83,0,13874,0,1.0,,,1.0
GO_BP,GOBP_CELL_REDOX_HOMEOSTASIS,Cell Redox Homeostasis,DOWN,38,0,13874,0,1.0,,,1.0
GO_BP,GOBP_CELL_SUBSTRATE_ADHESION,Cell Substrate Adhesion,DOWN,278,0,13874,0,1.0,,,1.0
GO_BP,GOBP_CELL_SUBSTRATE_JUNCTION_ORGANIZATION,Cell Substrate Junction Organization,DOWN,98,0,13874,0,1.0,,,1.0
GO_BP,GOBP_CELL_SURFACE_PATTERN_RECOGNITION_RECEPTOR_SIGNALING_PATHWAY,Cell Surface Pattern Recognition Receptor Signaling Pathway,DOWN,57,0,13874,0,1.0,,,1.0
GO_BP,GOBP_CELL_SURFACE_RECEPTOR_PROTEIN_SERINE_THREONINE_KINASE_SIGNALING_PATHWAY,Cell Surface Receptor Protein Serine Threonine Kinase Signaling Pathway,DOWN,285,0,13874,0,1.0,,,1.0
GO_BP,GOBP_CELL_SURFACE_RECEPTOR_PROTEIN_TYROSINE_KINASE_SIGNALING_PATHWAY,Cell Surface Receptor Protein Tyrosine Kinase Signaling Pathway,DOWN,463,0,13874,0,1.0,,,1.0
GO_BP,GOBP_CELL_SURFACE_RECEPTOR_SIGNALING_PATHWAY_VIA_JAK_STAT,Cell Surface Receptor Signaling Pathway Via Jak Stat,DOWN,87,0,13874,0,1.0,,,1.0
GO_BP,GOBP_CELL_SURFACE_RECEPTOR_SIGNALING_PATHWAY_VIA_STAT,Cell Surface Receptor Signaling Pathway Via Stat,DOWN,96,0,13874,0,1.0,,,1.0
GO_BP,GOBP_CELL_SURFACE_TOLL_LIKE_RECEPTOR_SIGNALING_PATHWAY,Cell Surface Toll Like Receptor Signaling Pathway,DOWN,54,0,13874,0,1.0,,,1.0
GO_BP,GOBP_CELL_VOLUME_HOMEOSTASIS,Cell Volume Homeostasis,DOWN,26,0,13874,0,1.0,,,1.0
GO_BP,GOBP_CENTRAL_NERVOUS_SYSTEM_NEURON_AXONOGENESIS,Central Nervous System Neuron Axonogenesis,DOWN,33,0,13874,0,1.0,,,1.0
GO_BP,GOBP_CENTRAL_NERVOUS_SYSTEM_NEURON_DEVELOPMENT,Central Nervous System Neuron Development,DOWN,67,0,13874,0,1.0,,,1.0
GO_BP,GOBP_CENTRAL_NERVOUS_SYSTEM_NEURON_DIFFERENTIATION,Central Nervous System Neuron Differentiation,DOWN,131,0,13874,0,1.0,,,1.0
GO_BP,GOBP_CENTRAL_NERVOUS_SYSTEM_PROJECTION_NEURON_AXONOGENESIS,Central Nervous System Projection Neuron Axonogenesis,DOWN,24,0,13874,0,1.0,,,1.0
GO_BP,GOBP_CENTRIOLE_ASSEMBLY,Centriole Assembly,DOWN,43,0,13874,0,1.0,,,1.0
GO_BP,GOBP_CENTROSOME_DUPLICATION,Centrosome Duplication,DOWN,73,0,13874,0,1.0,,,1.0
GO_BP,GOBP_CERAMIDE_BIOSYNTHETIC_PROCESS,Ceramide Biosynthetic Process,DOWN,48,0,13874,0,1.0,,,1.0
GO_BP,GOBP_CERAMIDE_CATABOLIC_PROCESS,Ceramide Catabolic Process,DOWN,18,0,13874,0,1.0,,,1.0
GO_BP,GOBP_CERAMIDE_METABOLIC_PROCESS,Ceramide Metabolic Process,DOWN,74,0,13874,0,1.0,,,1.0
GO_BP,GOBP_CEREBELLAR_CORTEX_DEVELOPMENT,Cerebellar Cortex Development,DOWN,46,0,13874,0,1.0,,,1.0
GO_BP,GOBP_CEREBELLAR_CORTEX_FORMATION,Cerebellar Cortex Formation,DOWN,20,0,13874,0,1.0,,,1.0
GO_BP,GOBP_CEREBELLAR_CORTEX_MORPHOGENESIS,Cerebellar Cortex Morphogenesis,DOWN,30,0,13874,0,1.0,,,1.0
GO_BP,GOBP_CEREBELLAR_PURKINJE_CELL_LAYER_DEVELOPMENT,Cerebellar Purkinje Cell Layer Development,DOWN,25,0,13874,0,1.0,,,1.0
GO_BP,GOBP_CEREBELLAR_PURKINJE_CELL_LAYER_MORPHOGENESIS,Cerebellar Purkinje Cell Layer Morphogenesis,DOWN,16,0,13874,0,1.0,,,1.0
GO_BP,GOBP_CEREBRAL_CORTEX_CELL_MIGRATION,Cerebral Cortex Cell Migration,DOWN,35,0,13874,0,1.0,,,1.0
GO_BP,GOBP_CEREBRAL_CORTEX_DEVELOPMENT,Cerebral Cortex Development,DOWN,96,0,13874,0,1.0,,,1.0
GO_BP,GOBP_CEREBRAL_CORTEX_RADIALLY_ORIENTED_CELL_MIGRATION,Cerebral Cortex Radially Oriented Cell Migration,DOWN,26,0,13874,0,1.0,,,1.0
GO_BP,GOBP_CGAS_STING_SIGNALING_PATHWAY,Cgas Sting Signaling Pathway,DOWN,22,0,13874,0,1.0,,,1.0
GO_BP,GOBP_CHAPERONE_MEDIATED_PROTEIN_COMPLEX_ASSEMBLY,Chaperone Mediated Protein Complex Assembly,DOWN,20,0,13874,0,1.0,,,1.0
GO_BP,GOBP_CHEMICAL_SYNAPTIC_TRANSMISSION_POSTSYNAPTIC,Chemical Synaptic Transmission Postsynaptic,DOWN,64,0,13874,0,1.0,,,1.0
GO_BP,GOBP_CHEMOKINE_PRODUCTION,Chemokine Production,DOWN,55,0,13874,0,1.0,,,1.0
GO_BP,GOBP_CHLORIDE_TRANSPORT,Chloride Transport,DOWN,60,0,13874,0,1.0,,,1.0
GO_BP,GOBP_CHOLESTEROL_BIOSYNTHETIC_PROCESS_VIA_DESMOSTEROL,Cholesterol Biosynthetic Process Via Desmosterol,DOWN,19,0,13874,0,1.0,,,1.0
GO_BP,GOBP_CHOLESTEROL_EFFLUX,Cholesterol Efflux,DOWN,37,0,13874,0,1.0,,,1.0
GO_BP,GOBP_CHOLESTEROL_STORAGE,Cholesterol Storage,DOWN,17,0,13874,0,1.0,,,1.0
GO_BP,GOBP_CHONDROCYTE_DEVELOPMENT,Chondrocyte Development,DOWN,30,0,13874,0,1.0,,,1.0
GO_BP,GOBP_CHONDROCYTE_DIFFERENTIATION,Chondrocyte Differentiation,DOWN,96,0,13874,0,1.0,,,1.0
GO_BP,GOBP_CHONDROCYTE_PROLIFERATION,Chondrocyte Proliferation,DOWN,21,0,13874,0,1.0,,,1.0
GO_BP,GOBP_CHONDROITIN_SULFATE_PROTEOGLYCAN_BIOSYNTHETIC_PROCESS,Chondroitin Sulfate Proteoglycan Biosynthetic Process,DOWN,22,0,13874,0,1.0,,,1.0
GO_BP,GOBP_CHONDROITIN_SULFATE_PROTEOGLYCAN_METABOLIC_PROCESS,Chondroitin Sulfate Proteoglycan Metabolic Process,DOWN,31,0,13874,0,1.0,,,1.0
GO_BP,GOBP_CHROMATIN_LOOPING,Chromatin Looping,DOWN,17,0,13874,0,1.0,,,1.0
GO_BP,GOBP_CHROMOSOME_CONDENSATION,Chromosome Condensation,DOWN,35,0,13874,0,1.0,,,1.0
GO_BP,GOBP_CHROMOSOME_LOCALIZATION,Chromosome Localization,DOWN,102,0,13874,0,1.0,,,1.0
GO_BP,GOBP_CHROMOSOME_ORGANIZATION,Chromosome Organization,DOWN,475,0,13874,0,1.0,,,1.0
GO_BP,GOBP_CHROMOSOME_ORGANIZATION_INVOLVED_IN_MEIOTIC_CELL_CYCLE,Chromosome Organization Involved In Meiotic Cell Cycle,DOWN,36,0,13874,0,1.0,,,1.0
GO_BP,GOBP_CHROMOSOME_SEGREGATION,Chromosome Segregation,DOWN,360,0,13874,0,1.0,,,1.0
GO_BP,GOBP_CHROMOSOME_SEPARATION,Chromosome Separation,DOWN,74,0,13874,0,1.0,,,1.0
GO_BP,GOBP_CILIUM_MOVEMENT,Cilium Movement,DOWN,136,0,13874,0,1.0,,,1.0
GO_BP,GOBP_CILIUM_ORGANIZATION,Cilium Organization,DOWN,350,0,13874,0,1.0,,,1.0
GO_BP,GOBP_CILIUM_OR_FLAGELLUM_DEPENDENT_CELL_MOTILITY,Cilium Or Flagellum Dependent Cell Motility,DOWN,120,0,13874,0,1.0,,,1.0
GO_BP,GOBP_CIRCADIAN_REGULATION_OF_GENE_EXPRESSION,Circadian Regulation Of Gene Expression,DOWN,57,0,13874,0,1.0,,,1.0
GO_BP,GOBP_CIRCADIAN_RHYTHM,Circadian Rhythm,DOWN,146,0,13874,0,1.0,,,1.0
GO_BP,GOBP_CIRCULATORY_SYSTEM_PROCESS,Circulatory System Process,DOWN,360,0,13874,0,1.0,,,1.0
GO_BP,GOBP_CLATHRIN_COAT_ASSEMBLY,Clathrin Coat Assembly,DOWN,18,0,13874,0,1.0,,,1.0
GO_BP,GOBP_CLATHRIN_DEPENDENT_ENDOCYTOSIS,Clathrin Dependent Endocytosis,DOWN,46,0,13874,0,1.0,,,1.0
GO_BP,GOBP_COCHLEA_DEVELOPMENT,Cochlea Development,DOWN,31,0,13874,0,1.0,,,1.0
GO_BP,GOBP_COCHLEA_MORPHOGENESIS,Cochlea Morphogenesis,DOWN,18,0,13874,0,1.0,,,1.0
GO_BP,GOBP_COENZYME_A_METABOLIC_PROCESS,Coenzyme A Metabolic Process,DOWN,18,0,13874,0,1.0,,,1.0
GO_BP,GOBP_COGNITION,Cognition,DOWN,203,0,13874,0,1.0,,,1.0
GO_BP,GOBP_COLLAGEN_BIOSYNTHETIC_PROCESS,Collagen Biosynthetic Process,DOWN,40,0,13874,0,1.0,,,1.0
GO_BP,GOBP_COLLAGEN_CATABOLIC_PROCESS,Collagen Catabolic Process,DOWN,32,0,13874,0,1.0,,,1.0
GO_BP,GOBP_COLLAGEN_FIBRIL_ORGANIZATION,Collagen Fibril Organization,DOWN,70,0,13874,0,1.0,,,1.0
GO_BP,GOBP_COLLAGEN_METABOLIC_PROCESS,Collagen Metabolic Process,DOWN,84,0,13874,0,1.0,,,1.0
GO_BP,GOBP_COLLATERAL_SPROUTING,Collateral Sprouting,DOWN,25,0,13874,0,1.0,,,1.0
GO_BP,GOBP_COLUMNAR_CUBOIDAL_EPITHELIAL_CELL_DEVELOPMENT,Columnar Cuboidal Epithelial Cell Development,DOWN,16,0,13874,0,1.0,,,1.0
GO_BP,GOBP_COLUMNAR_CUBOIDAL_EPITHELIAL_CELL_DIFFERENTIATION,Columnar Cuboidal Epithelial Cell Differentiation,DOWN,53,0,13874,0,1.0,,,1.0
GO_BP,GOBP_COMPLEMENT_ACTIVATION,Complement Activation,DOWN,21,0,13874,0,1.0,,,1.0
GO_BP,GOBP_CONNECTIVE_TISSUE_DEVELOPMENT,Connective Tissue Development,DOWN,235,0,13874,0,1.0,,,1.0
GO_BP,GOBP_CONSTITUTIVE_HETEROCHROMATIN_FORMATION,Constitutive Heterochromatin Formation,DOWN,45,0,13874,0,1.0,,,1.0
GO_BP,GOBP_COPII_COATED_VESICLE_BUDDING,Copii Coated Vesicle Budding,DOWN,42,0,13874,0,1.0,,,1.0
GO_BP,GOBP_COPII_COATED_VESICLE_CARGO_LOADING,Copii Coated Vesicle Cargo Loading,DOWN,17,0,13874,0,1.0,,,1.0
GO_BP,GOBP_COPPER_ION_HOMEOSTASIS,Copper Ion Homeostasis,DOWN,17,0,13874,0,1.0,,,1.0
GO_BP,GOBP_CORONARY_VASCULATURE_DEVELOPMENT,Coronary Vasculature Development,DOWN,35,0,13874,0,1.0,,,1.0
GO_BP,GOBP_CORPUS_CALLOSUM_DEVELOPMENT,Corpus Callosum Development,DOWN,23,0,13874,0,1.0,,,1.0
GO_BP,GOBP_CORTICAL_ACTIN_CYTOSKELETON_ORGANIZATION,Cortical Actin Cytoskeleton Organization,DOWN,33,0,13874,0,1.0,,,1.0
GO_BP,GOBP_CORTICAL_CYTOSKELETON_ORGANIZATION,Cortical Cytoskeleton Organization,DOWN,49,0,13874,0,1.0,,,1.0
GO_BP,GOBP_COTRANSLATIONAL_PROTEIN_TARGETING_TO_MEMBRANE,Cotranslational Protein Targeting To Membrane,DOWN,22,0,13874,0,1.0,,,1.0
GO_BP,GOBP_CRANIAL_NERVE_DEVELOPMENT,Cranial Nerve Development,DOWN,34,0,13874,0,1.0,,,1.0
GO_BP,GOBP_CRANIAL_NERVE_MORPHOGENESIS,Cranial Nerve Morphogenesis,DOWN,20,0,13874,0,1.0,,,1.0
GO_BP,GOBP_CRANIAL_SKELETAL_SYSTEM_DEVELOPMENT,Cranial Skeletal System Development,DOWN,53,0,13874,0,1.0,,,1.0
GO_BP,GOBP_CRISTAE_FORMATION,Cristae Formation,DOWN,19,0,13874,0,1.0,,,1.0
GO_BP,GOBP_CYCLIC_NUCLEOTIDE_METABOLIC_PROCESS,Cyclic Nucleotide Metabolic Process,DOWN,25,0,13874,0,1.0,,,1.0
GO_BP,GOBP_CYTOCHROME_COMPLEX_ASSEMBLY,Cytochrome Complex Assembly,DOWN,43,0,13874,0,1.0,,,1.0
GO_BP,GOBP_CYTOKINESIS,Cytokinesis,DOWN,156,0,13874,0,1.0,,,1.0
GO_BP,GOBP_CYTOKINETIC_PROCESS,Cytokinetic Process,DOWN,46,0,13874,0,1.0,,,1.0
GO_BP,GOBP_CYTOKINE_MEDIATED_SIGNALING_PATHWAY,Cytokine Mediated Signaling Pathway,DOWN,334,0,13874,0,1.0,,,1.0
GO_BP,GOBP_CYTOKINE_PRODUCTION_INVOLVED_IN_IMMUNE_RESPONSE,Cytokine Production Involved In Immune Response,DOWN,60,0,13874,0,1.0,,,1.0
GO_BP,GOBP_CYTOKINE_PRODUCTION_INVOLVED_IN_INFLAMMATORY_RESPONSE,Cytokine Production Involved In Inflammatory Response,DOWN,45,0,13874,0,1.0,,,1.0
GO_BP,GOBP_CYTOPLASMIC_MICROTUBULE_ORGANIZATION,Cytoplasmic Microtubule Organization,DOWN,60,0,13874,0,1.0,,,1.0
GO_BP,GOBP_CYTOPLASMIC_PATTERN_RECOGNITION_RECEPTOR_SIGNALING_PATHWAY,Cytoplasmic Pattern Recognition Receptor Signaling Pathway,DOWN,153,0,13874,0,1.0,,,1.0
GO_BP,GOBP_CYTOPLASMIC_TRANSLATION,Cytoplasmic Translation,DOWN,165,0,13874,0,1.0,,,1.0
GO_BP,GOBP_CYTOPLASMIC_TRANSLATIONAL_INITIATION,Cytoplasmic Translational Initiation,DOWN,49,0,13874,0,1.0,,,1.0
GO_BP,GOBP_CYTOSKELETON_DEPENDENT_CYTOKINESIS,Cytoskeleton Dependent Cytokinesis,DOWN,110,0,13874,0,1.0,,,1.0
GO_BP,GOBP_CYTOSKELETON_DEPENDENT_INTRACELLULAR_TRANSPORT,Cytoskeleton Dependent Intracellular Transport,DOWN,189,0,13874,0,1.0,,,1.0
GO_BP,GOBP_CYTOSOLIC_TRANSPORT,Cytosolic Transport,DOWN,131,0,13874,0,1.0,,,1.0
GO_BP,GOBP_DECIDUALIZATION,Decidualization,DOWN,19,0,13874,0,1.0,,,1.0
GO_BP,GOBP_DEFENSE_RESPONSE_TO_BACTERIUM,Defense Response To Bacterium,DOWN,131,0,13874,0,1.0,,,1.0
GO_BP,GOBP_DEFENSE_RESPONSE_TO_GRAM_NEGATIVE_BACTERIUM,Defense Response To Gram Negative Bacterium,DOWN,33,0,13874,0,1.0,,,1.0
GO_BP,GOBP_DEFENSE_RESPONSE_TO_GRAM_POSITIVE_BACTERIUM,Defense Response To Gram Positive Bacterium,DOWN,45,0,13874,0,1.0,,,1.0
GO_BP,GOBP_DEFENSE_RESPONSE_TO_VIRUS,Defense Response To Virus,DOWN,238,0,13874,0,1.0,,,1.0
GO_BP,GOBP_DEFINITIVE_HEMOPOIESIS,Definitive Hemopoiesis,DOWN,16,0,13874,0,1.0,,,1.0
GO_BP,GOBP_DENDRITE_DEVELOPMENT,Dendrite Development,DOWN,174,0,13874,0,1.0,,,1.0
GO_BP,GOBP_DENDRITE_EXTENSION,Dendrite Extension,DOWN,19,0,13874,0,1.0,,,1.0
GO_BP,GOBP_DENDRITE_MORPHOGENESIS,Dendrite Morphogenesis,DOWN,109,0,13874,0,1.0,,,1.0
GO_BP,GOBP_DENDRITIC_CELL_DIFFERENTIATION,Dendritic Cell Differentiation,DOWN,28,0,13874,0,1.0,,,1.0
GO_BP,GOBP_DENDRITIC_SPINE_DEVELOPMENT,Dendritic Spine Development,DOWN,75,0,13874,0,1.0,,,1.0
GO_BP,GOBP_DENDRITIC_SPINE_MAINTENANCE,Dendritic Spine Maintenance,DOWN,18,0,13874,0,1.0,,,1.0
GO_BP,GOBP_DENDRITIC_SPINE_MORPHOGENESIS,Dendritic Spine Morphogenesis,DOWN,44,0,13874,0,1.0,,,1.0
GO_BP,GOBP_DENDRITIC_TRANSPORT,Dendritic Transport,DOWN,16,0,13874,0,1.0,,,1.0
GO_BP,GOBP_DENTATE_GYRUS_DEVELOPMENT,Dentate Gyrus Development,DOWN,19,0,13874,0,1.0,,,1.0
GO_BP,GOBP_DEOXYRIBONUCLEOTIDE_BIOSYNTHETIC_PROCESS,Deoxyribonucleotide Biosynthetic Process,DOWN,15,0,13874,0,1.0,,,1.0
GO_BP,GOBP_DEOXYRIBONUCLEOTIDE_CATABOLIC_PROCESS,Deoxyribonucleotide Catabolic Process,DOWN,28,0,13874,0,1.0,,,1.0
GO_BP,GOBP_DEOXYRIBONUCLEOTIDE_METABOLIC_PROCESS,Deoxyribonucleotide Metabolic Process,DOWN,42,0,13874,0,1.0,,,1.0
GO_BP,GOBP_DEPHOSPHORYLATION,Dephosphorylation,DOWN,113,0,13874,0,1.0,,,1.0
GO_BP,GOBP_DERMATAN_SULFATE_PROTEOGLYCAN_METABOLIC_PROCESS,Dermatan Sulfate Proteoglycan Metabolic Process,DOWN,17,0,13874,0,1.0,,,1.0
GO_BP,GOBP_DETECTION_OF_ABIOTIC_STIMULUS,Detection Of Abiotic Stimulus,DOWN,70,0,13874,0,1.0,,,1.0
GO_BP,GOBP_DETECTION_OF_BIOTIC_STIMULUS,Detection Of Biotic Stimulus,DOWN,23,0,13874,0,1.0,,,1.0
GO_BP,GOBP_DETECTION_OF_CHEMICAL_STIMULUS,Detection Of Chemical Stimulus,DOWN,27,0,13874,0,1.0,,,1.0
GO_BP,GOBP_DETECTION_OF_LIGHT_STIMULUS,Detection Of Light Stimulus,DOWN,26,0,13874,0,1.0,,,1.0
GO_BP,GOBP_DETECTION_OF_MECHANICAL_STIMULUS,Detection Of Mechanical Stimulus,DOWN,33,0,13874,0,1.0,,,1.0
GO_BP,GOBP_DETECTION_OF_MECHANICAL_STIMULUS_INVOLVED_IN_SENSORY_PERCEPTION,Detection Of Mechanical Stimulus Involved In Sensory Perception,DOWN,22,0,13874,0,1.0,,,1.0
GO_BP,GOBP_DETECTION_OF_STIMULUS,Detection Of Stimulus,DOWN,112,0,13874,0,1.0,,,1.0
GO_BP,GOBP_DETECTION_OF_STIMULUS_INVOLVED_IN_SENSORY_PERCEPTION,Detection Of Stimulus Involved In Sensory Perception,DOWN,47,0,13874,0,1.0,,,1.0
GO_BP,GOBP_DETECTION_OF_STIMULUS_INVOLVED_IN_SENSORY_PERCEPTION_OF_PAIN,Detection Of Stimulus Involved In Sensory Perception Of Pain,DOWN,18,0,13874,0,1.0,,,1.0
GO_BP,GOBP_DETECTION_OF_TEMPERATURE_STIMULUS,Detection Of Temperature Stimulus,DOWN,15,0,13874,0,1.0,,,1.0
GO_BP,GOBP_DETERMINATION_OF_ADULT_LIFESPAN,Determination Of Adult Lifespan,DOWN,25,0,13874,0,1.0,,,1.0
GO_BP,GOBP_DETOXIFICATION,Detoxification,DOWN,96,0,13874,0,1.0,,,1.0
GO_BP,GOBP_DEVELOPMENTAL_CELL_GROWTH,Developmental Cell Growth,DOWN,162,0,13874,0,1.0,,,1.0
GO_BP,GOBP_DEVELOPMENTAL_GROWTH,Developmental Growth,DOWN,487,0,13874,0,1.0,,,1.0
GO_BP,GOBP_DEVELOPMENTAL_GROWTH_INVOLVED_IN_MORPHOGENESIS,Developmental Growth Involved In Morphogenesis,DOWN,174,0,13874,0,1.0,,,1.0
GO_BP,GOBP_DEVELOPMENTAL_INDUCTION,Developmental Induction,DOWN,25,0,13874,0,1.0,,,1.0
GO_BP,GOBP_DEVELOPMENTAL_MATURATION,Developmental Maturation,DOWN,219,0,13874,0,1.0,,,1.0
GO_BP,GOBP_DEVELOPMENTAL_PIGMENTATION,Developmental Pigmentation,DOWN,31,0,13874,0,1.0,,,1.0
GO_BP,GOBP_DEVELOPMENT_OF_PRIMARY_FEMALE_SEXUAL_CHARACTERISTICS,Development Of Primary Female Sexual Characteristics,DOWN,72,0,13874,0,1.0,,,1.0
GO_BP,GOBP_DEVELOPMENT_OF_PRIMARY_SEXUAL_CHARACTERISTICS,Development Of Primary Sexual Characteristics,DOWN,146,0,13874,0,1.0,,,1.0
GO_BP,GOBP_DIACYLGLYCEROL_METABOLIC_PROCESS,Diacylglycerol Metabolic Process,DOWN,19,0,13874,0,1.0,,,1.0
GO_BP,GOBP_DICARBOXYLIC_ACID_METABOLIC_PROCESS,Dicarboxylic Acid Metabolic Process,DOWN,71,0,13874,0,1.0,,,1.0
GO_BP,GOBP_DICARBOXYLIC_ACID_TRANSPORT,Dicarboxylic Acid Transport,DOWN,63,0,13874,0,1.0,,,1.0
GO_BP,GOBP_DIENCEPHALON_DEVELOPMENT,Diencephalon Development,DOWN,39,0,13874,0,1.0,,,1.0
GO_BP,GOBP_DIGESTION,Digestion,DOWN,56,0,13874,0,1.0,,,1.0
GO_BP,GOBP_DIGESTIVE_SYSTEM_DEVELOPMENT,Digestive System Development,DOWN,91,0,13874,0,1.0,,,1.0
GO_BP,GOBP_DIGESTIVE_SYSTEM_PROCESS,Digestive System Process,DOWN,45,0,13874,0,1.0,,,1.0
GO_BP,GOBP_DIGESTIVE_TRACT_MORPHOGENESIS,Digestive Tract Morphogenesis,DOWN,30,0,13874,0,1.0,,,1.0
GO_BP,GOBP_DIOL_BIOSYNTHETIC_PROCESS,Diol Biosynthetic Process,DOWN,21,0,13874,0,1.0,,,1.0
GO_BP,GOBP_DIOL_METABOLIC_PROCESS,Diol Metabolic Process,DOWN,28,0,13874,0,1.0,,,1.0
GO_BP,GOBP_DISRUPTION_OF_ANATOMICAL_STRUCTURE_IN_ANOTHER_ORGANISM,Disruption Of Anatomical Structure In Another Organism,DOWN,33,0,13874,0,1.0,,,1.0
GO_BP,GOBP_DITERPENOID_METABOLIC_PROCESS,Diterpenoid Metabolic Process,DOWN,49,0,13874,0,1.0,,,1.0
GO_BP,GOBP_DNA_BIOSYNTHETIC_PROCESS,Dna Biosynthetic Process,DOWN,142,0,13874,0,1.0,,,1.0
GO_BP,GOBP_DNA_CATABOLIC_PROCESS,Dna Catabolic Process,DOWN,23,0,13874,0,1.0,,,1.0
GO_BP,GOBP_DNA_CONFORMATION_CHANGE,Dna Conformation Change,DOWN,16,0,13874,0,1.0,,,1.0
GO_BP,GOBP_DNA_DAMAGE_RESPONSE_SIGNAL_TRANSDUCTION_BY_P53_CLASS_MEDIATOR,Dna Damage Response Signal Transduction By P53 Class Mediator,DOWN,71,0,13874,0,1.0,,,1.0
GO_BP,GOBP_DNA_DAMAGE_TOLERANCE,Dna Damage Tolerance,DOWN,33,0,13874,0,1.0,,,1.0
GO_BP,GOBP_DNA_DOUBLE_STRAND_BREAK_PROCESSING,Dna Double Strand Break Processing,DOWN,17,0,13874,0,1.0,,,1.0
GO_BP,GOBP_DNA_INTEGRITY_CHECKPOINT_SIGNALING,Dna Integrity Checkpoint Signaling,DOWN,119,0,13874,0,1.0,,,1.0
GO_BP,GOBP_DNA_METHYLATION_DEPENDENT_CONSTITUTIVE_HETEROCHROMATIN_FORMATION,Dna Methylation Dependent Constitutive Heterochromatin Formation,DOWN,27,0,13874,0,1.0,,,1.0
GO_BP,GOBP_DNA_MODIFICATION,Dna Modification,DOWN,22,0,13874,0,1.0,,,1.0
GO_BP,GOBP_DNA_RECOMBINATION,Dna Recombination,DOWN,267,0,13874,0,1.0,,,1.0
GO_BP,GOBP_DNA_REPAIR_DEPENDENT_CHROMATIN_REMODELING,Dna Repair Dependent Chromatin Remodeling,DOWN,25,0,13874,0,1.0,,,1.0
GO_BP,GOBP_DNA_REPLICATION,Dna Replication,DOWN,277,0,13874,0,1.0,,,1.0
GO_BP,GOBP_DNA_REPLICATION_CHECKPOINT_SIGNALING,Dna Replication Checkpoint Signaling,DOWN,20,0,13874,0,1.0,,,1.0
GO_BP,GOBP_DNA_REPLICATION_INITIATION,Dna Replication Initiation,DOWN,34,0,13874,0,1.0,,,1.0
GO_BP,GOBP_DNA_STRAND_ELONGATION,Dna Strand Elongation,DOWN,35,0,13874,0,1.0,,,1.0
GO_BP,GOBP_DNA_STRAND_ELONGATION_INVOLVED_IN_DNA_REPLICATION,Dna Strand Elongation Involved In Dna Replication,DOWN,15,0,13874,0,1.0,,,1.0
GO_BP,GOBP_DNA_SYNTHESIS_INVOLVED_IN_DNA_REPAIR,Dna Synthesis Involved In Dna Repair,DOWN,15,0,13874,0,1.0,,,1.0
GO_BP,GOBP_DNA_SYNTHESIS_INVOLVED_IN_DNA_REPLICATION,Dna Synthesis Involved In Dna Replication,DOWN,23,0,13874,0,1.0,,,1.0
GO_BP,GOBP_DNA_TEMPLATED_DNA_REPLICATION,Dna Templated Dna Replication,DOWN,152,0,13874,0,1.0,,,1.0
GO_BP,GOBP_DNA_TEMPLATED_DNA_REPLICATION_MAINTENANCE_OF_FIDELITY,Dna Templated Dna Replication Maintenance Of Fidelity,DOWN,59,0,13874,0,1.0,,,1.0
GO_BP,GOBP_DNA_TEMPLATED_TRANSCRIPTION_ELONGATION,Dna Templated Transcription Elongation,DOWN,153,0,13874,0,1.0,,,1.0
GO_BP,GOBP_DNA_TEMPLATED_TRANSCRIPTION_INITIATION,Dna Templated Transcription Initiation,DOWN,228,0,13874,0,1.0,,,1.0
GO_BP,GOBP_DNA_TEMPLATED_TRANSCRIPTION_TERMINATION,Dna Templated Transcription Termination,DOWN,46,0,13874,0,1.0,,,1.0
GO_BP,GOBP_DOLICHOL_LINKED_OLIGOSACCHARIDE_BIOSYNTHETIC_PROCESS,Dolichol Linked Oligosaccharide Biosynthetic Process,DOWN,19,0,13874,0,1.0,,,1.0
GO_BP,GOBP_DOPAMINERGIC_NEURON_DIFFERENTIATION,Dopaminergic Neuron Differentiation,DOWN,19,0,13874,0,1.0,,,1.0
GO_BP,GOBP_DOPAMINE_METABOLIC_PROCESS,Dopamine Metabolic Process,DOWN,18,0,13874,0,1.0,,,1.0
GO_BP,GOBP_DOPAMINE_TRANSPORT,Dopamine Transport,DOWN,19,0,13874,0,1.0,,,1.0
GO_BP,GOBP_DORSAL_VENTRAL_PATTERN_FORMATION,Dorsal Ventral Pattern Formation,DOWN,46,0,13874,0,1.0,,,1.0
GO_BP,GOBP_DOSAGE_COMPENSATION_BY_INACTIVATION_OF_X_CHROMOSOME,Dosage Compensation By Inactivation Of X Chromosome,DOWN,21,0,13874,0,1.0,,,1.0
GO_BP,GOBP_DOUBLE_STRAND_BREAK_REPAIR,Double Strand Break Repair,DOWN,285,0,13874,0,1.0,,,1.0
GO_BP,GOBP_DOUBLE_STRAND_BREAK_REPAIR_VIA_NONHOMOLOGOUS_END_JOINING,Double Strand Break Repair Via Nonhomologous End Joining,DOWN,72,0,13874,0,1.0,,,1.0
GO_BP,GOBP_D_GLUCOSE_IMPORT,D Glucose Import,DOWN,52,0,13874,0,1.0,,,1.0
GO_BP,GOBP_EARLY_ENDOSOME_TO_GOLGI_TRANSPORT,Early Endosome To Golgi Transport,DOWN,17,0,13874,0,1.0,,,1.0
GO_BP,GOBP_EAR_DEVELOPMENT,Ear Development,DOWN,135,0,13874,0,1.0,,,1.0
GO_BP,GOBP_EAR_MORPHOGENESIS,Ear Morphogenesis,DOWN,75,0,13874,0,1.0,,,1.0
GO_BP,GOBP_EATING_BEHAVIOR,Eating Behavior,DOWN,15,0,13874,0,1.0,,,1.0
GO_BP,GOBP_ECTODERM_DEVELOPMENT,Ectoderm Development,DOWN,15,0,13874,0,1.0,,,1.0
GO_BP,GOBP_ELECTRON_TRANSPORT_CHAIN,Electron Transport Chain,DOWN,111,0,13874,0,1.0,,,1.0
GO_BP,GOBP_EMBRYONIC_APPENDAGE_MORPHOGENESIS,Embryonic Appendage Morphogenesis,DOWN,105,0,13874,0,1.0,,,1.0
GO_BP,GOBP_EMBRYONIC_AXIS_SPECIFICATION,Embryonic Axis Specification,DOWN,22,0,13874,0,1.0,,,1.0
GO_BP,GOBP_EMBRYONIC_BRAIN_DEVELOPMENT,Embryonic Brain Development,DOWN,17,0,13874,0,1.0,,,1.0
GO_BP,GOBP_EMBRYONIC_CAMERA_TYPE_EYE_DEVELOPMENT,Embryonic Camera Type Eye Development,DOWN,28,0,13874,0,1.0,,,1.0
GO_BP,GOBP_EMBRYONIC_CAMERA_TYPE_EYE_MORPHOGENESIS,Embryonic Camera Type Eye Morphogenesis,DOWN,16,0,13874,0,1.0,,,1.0
GO_BP,GOBP_EMBRYONIC_CRANIAL_SKELETON_MORPHOGENESIS,Embryonic Cranial Skeleton Morphogenesis,DOWN,32,0,13874,0,1.0,,,1.0
GO_BP,GOBP_EMBRYONIC_DIGESTIVE_TRACT_DEVELOPMENT,Embryonic Digestive Tract Development,DOWN,22,0,13874,0,1.0,,,1.0
GO_BP,GOBP_EMBRYONIC_DIGIT_MORPHOGENESIS,Embryonic Digit Morphogenesis,DOWN,52,0,13874,0,1.0,,,1.0
GO_BP,GOBP_EMBRYONIC_EPITHELIAL_TUBE_FORMATION,Embryonic Epithelial Tube Formation,DOWN,97,0,13874,0,1.0,,,1.0
GO_BP,GOBP_EMBRYONIC_EYE_MORPHOGENESIS,Embryonic Eye Morphogenesis,DOWN,24,0,13874,0,1.0,,,1.0
GO_BP,GOBP_EMBRYONIC_FORELIMB_MORPHOGENESIS,Embryonic Forelimb Morphogenesis,DOWN,28,0,13874,0,1.0,,,1.0
GO_BP,GOBP_EMBRYONIC_HEART_TUBE_DEVELOPMENT,Embryonic Heart Tube Development,DOWN,55,0,13874,0,1.0,,,1.0
GO_BP,GOBP_EMBRYONIC_HEART_TUBE_MORPHOGENESIS,Embryonic Heart Tube Morphogenesis,DOWN,43,0,13874,0,1.0,,,1.0
GO_BP,GOBP_EMBRYONIC_HEMOPOIESIS,Embryonic Hemopoiesis,DOWN,16,0,13874,0,1.0,,,1.0
GO_BP,GOBP_EMBRYONIC_HINDLIMB_MORPHOGENESIS,Embryonic Hindlimb Morphogenesis,DOWN,21,0,13874,0,1.0,,,1.0
GO_BP,GOBP_EMBRYONIC_MORPHOGENESIS,Embryonic Morphogenesis,DOWN,430,0,13874,0,1.0,,,1.0
GO_BP,GOBP_EMBRYONIC_ORGAN_DEVELOPMENT,Embryonic Organ Development,DOWN,301,0,13874,0,1.0,,,1.0
GO_BP,GOBP_EMBRYONIC_ORGAN_MORPHOGENESIS,Embryonic Organ Morphogenesis,DOWN,184,0,13874,0,1.0,,,1.0
GO_BP,GOBP_EMBRYONIC_PATTERN_SPECIFICATION,Embryonic Pattern Specification,DOWN,40,0,13874,0,1.0,,,1.0
GO_BP,GOBP_EMBRYONIC_PLACENTA_DEVELOPMENT,Embryonic Placenta Development,DOWN,54,0,13874,0,1.0,,,1.0
GO_BP,GOBP_EMBRYONIC_SKELETAL_SYSTEM_DEVELOPMENT,Embryonic Skeletal System Development,DOWN,89,0,13874,0,1.0,,,1.0
GO_BP,GOBP_EMBRYONIC_SKELETAL_SYSTEM_MORPHOGENESIS,Embryonic Skeletal System Morphogenesis,DOWN,62,0,13874,0,1.0,,,1.0
GO_BP,GOBP_EMBRYO_IMPLANTATION,Embryo Implantation,DOWN,49,0,13874,0,1.0,,,1.0
GO_BP,GOBP_ENDOCARDIAL_CUSHION_DEVELOPMENT,Endocardial Cushion Development,DOWN,41,0,13874,0,1.0,,,1.0
GO_BP,GOBP_ENDOCARDIAL_CUSHION_FORMATION,Endocardial Cushion Formation,DOWN,23,0,13874,0,1.0,,,1.0
GO_BP,GOBP_ENDOCARDIAL_CUSHION_MORPHOGENESIS,Endocardial Cushion Morphogenesis,DOWN,33,0,13874,0,1.0,,,1.0
GO_BP,GOBP_ENDOCHONDRAL_BONE_MORPHOGENESIS,Endochondral Bone Morphogenesis,DOWN,51,0,13874,0,1.0,,,1.0
GO_BP,GOBP_ENDOCRINE_HORMONE_SECRETION,Endocrine Hormone Secretion,DOWN,28,0,13874,0,1.0,,,1.0
GO_BP,GOBP_ENDOCRINE_PANCREAS_DEVELOPMENT,Endocrine Pancreas Development,DOWN,22,0,13874,0,1.0,,,1.0
GO_BP,GOBP_ENDOCRINE_PROCESS,Endocrine Process,DOWN,48,0,13874,0,1.0,,,1.0
GO_BP,GOBP_ENDOCRINE_SYSTEM_DEVELOPMENT,Endocrine System Development,DOWN,73,0,13874,0,1.0,,,1.0
GO_BP,GOBP_ENDOCYTIC_RECYCLING,Endocytic Recycling,DOWN,91,0,13874,0,1.0,,,1.0
GO_BP,GOBP_ENDODERMAL_CELL_DIFFERENTIATION,Endodermal Cell Differentiation,DOWN,33,0,13874,0,1.0,,,1.0
GO_BP,GOBP_ENDODERM_DEVELOPMENT,Endoderm Development,DOWN,55,0,13874,0,1.0,,,1.0
GO_BP,GOBP_ENDODERM_FORMATION,Endoderm Formation,DOWN,37,0,13874,0,1.0,,,1.0
GO_BP,GOBP_ENDOLYSOSOMAL_TOLL_LIKE_RECEPTOR_SIGNALING_PATHWAY,Endolysosomal Toll Like Receptor Signaling Pathway,DOWN,36,0,13874,0,1.0,,,1.0
GO_BP,GOBP_ENDOMEMBRANE_SYSTEM_ORGANIZATION,Endomembrane System Organization,DOWN,496,0,13874,0,1.0,,,1.0
GO_BP,GOBP_ENDONUCLEOLYTIC_CLEAVAGE_OF_TRICISTRONIC_RRNA_TRANSCRIPT_SSU_RRNA_5_8S_RRNA_LSU_RRNA,Endonucleolytic Cleavage Of Tricistronic Rrna Transcript Ssu Rrna 5 8S Rrna Lsu Rrna,DOWN,23,0,13874,0,1.0,,,1.0
GO_BP,GOBP_ENDOPLASMIC_RETICULUM_CALCIUM_ION_HOMEOSTASIS,Endoplasmic Reticulum Calcium Ion Homeostasis,DOWN,22,0,13874,0,1.0,,,1.0
GO_BP,GOBP_ENDOPLASMIC_RETICULUM_MEMBRANE_ORGANIZATION,Endoplasmic Reticulum Membrane Organization,DOWN,15,0,13874,0,1.0,,,1.0
GO_BP,GOBP_ENDOPLASMIC_RETICULUM_ORGANIZATION,Endoplasmic Reticulum Organization,DOWN,89,0,13874,0,1.0,,,1.0
GO_BP,GOBP_ENDOPLASMIC_RETICULUM_TO_CYTOSOL_TRANSPORT,Endoplasmic Reticulum To Cytosol Transport,DOWN,26,0,13874,0,1.0,,,1.0
GO_BP,GOBP_ENDOPLASMIC_RETICULUM_TO_GOLGI_VESICLE_MEDIATED_TRANSPORT,Endoplasmic Reticulum To Golgi Vesicle Mediated Transport,DOWN,126,0,13874,0,1.0,,,1.0
GO_BP,GOBP_ENDOPLASMIC_RETICULUM_TUBULAR_NETWORK_ORGANIZATION,Endoplasmic Reticulum Tubular Network Organization,DOWN,20,0,13874,0,1.0,,,1.0
GO_BP,GOBP_ENDOSOMAL_TRANSPORT,Endosomal Transport,DOWN,278,0,13874,0,1.0,,,1.0
GO_BP,GOBP_ENDOSOMAL_VESICLE_FUSION,Endosomal Vesicle Fusion,DOWN,15,0,13874,0,1.0,,,1.0
GO_BP,GOBP_ENDOSOME_ORGANIZATION,Endosome Organization,DOWN,96,0,13874,0,1.0,,,1.0
GO_BP,GOBP_ENDOSOME_TO_LYSOSOME_TRANSPORT,Endosome To Lysosome Transport,DOWN,64,0,13874,0,1.0,,,1.0
GO_BP,GOBP_ENDOSOME_TO_LYSOSOME_TRANSPORT_VIA_MULTIVESICULAR_BODY_SORTING_PATHWAY,Endosome To Lysosome Transport Via Multivesicular Body Sorting Pathway,DOWN,16,0,13874,0,1.0,,,1.0
GO_BP,GOBP_ENDOTHELIAL_CELL_APOPTOTIC_PROCESS,Endothelial Cell Apoptotic Process,DOWN,40,0,13874,0,1.0,,,1.0
GO_BP,GOBP_ENDOTHELIAL_CELL_CHEMOTAXIS,Endothelial Cell Chemotaxis,DOWN,22,0,13874,0,1.0,,,1.0
GO_BP,GOBP_ENDOTHELIAL_CELL_DEVELOPMENT,Endothelial Cell Development,DOWN,55,0,13874,0,1.0,,,1.0
GO_BP,GOBP_ENDOTHELIAL_CELL_DIFFERENTIATION,Endothelial Cell Differentiation,DOWN,84,0,13874,0,1.0,,,1.0
GO_BP,GOBP_ENDOTHELIAL_CELL_MIGRATION,Endothelial Cell Migration,DOWN,184,0,13874,0,1.0,,,1.0
GO_BP,GOBP_ENDOTHELIAL_CELL_PROLIFERATION,Endothelial Cell Proliferation,DOWN,110,0,13874,0,1.0,,,1.0
GO_BP,GOBP_ENDOTHELIUM_DEVELOPMENT,Endothelium Development,DOWN,103,0,13874,0,1.0,,,1.0
GO_BP,GOBP_ENERGY_HOMEOSTASIS,Energy Homeostasis,DOWN,63,0,13874,0,1.0,,,1.0
GO_BP,GOBP_ENERGY_RESERVE_METABOLIC_PROCESS,Energy Reserve Metabolic Process,DOWN,75,0,13874,0,1.0,,,1.0
GO_BP,GOBP_ENSHEATHMENT_OF_NEURONS,Ensheathment Of Neurons,DOWN,106,0,13874,0,1.0,,,1.0
GO_BP,GOBP_ENTEROENDOCRINE_CELL_DIFFERENTIATION,Enteroendocrine Cell Differentiation,DOWN,19,0,13874,0,1.0,,,1.0
GO_BP,GOBP_ENTRAINMENT_OF_CIRCADIAN_CLOCK,Entrainment Of Circadian Clock,DOWN,22,0,13874,0,1.0,,,1.0
GO_BP,GOBP_ENTRAINMENT_OF_CIRCADIAN_CLOCK_BY_PHOTOPERIOD,Entrainment Of Circadian Clock By Photoperiod,DOWN,18,0,13874,0,1.0,,,1.0
GO_BP,GOBP_EPHRIN_RECEPTOR_SIGNALING_PATHWAY,Ephrin Receptor Signaling Pathway,DOWN,36,0,13874,0,1.0,,,1.0
GO_BP,GOBP_EPIBOLY,Epiboly,DOWN,36,0,13874,0,1.0,,,1.0
GO_BP,GOBP_EPIDERMAL_CELL_DIFFERENTIATION,Epidermal Cell Differentiation,DOWN,115,0,13874,0,1.0,,,1.0
GO_BP,GOBP_EPIDERMIS_DEVELOPMENT,Epidermis Development,DOWN,206,0,13874,0,1.0,,,1.0
GO_BP,GOBP_EPIDERMIS_MORPHOGENESIS,Epidermis Morphogenesis,DOWN,19,0,13874,0,1.0,,,1.0
GO_BP,GOBP_EPIGENETIC_PROGRAMMING_OF_GENE_EXPRESSION,Epigenetic Programming Of Gene Expression,DOWN,26,0,13874,0,1.0,,,1.0
GO_BP,GOBP_EPIGENETIC_REGULATION_OF_GENE_EXPRESSION,Epigenetic Regulation Of Gene Expression,DOWN,268,0,13874,0,1.0,,,1.0
GO_BP,GOBP_EPITHELIAL_CELL_APOPTOTIC_PROCESS,Epithelial Cell Apoptotic Process,DOWN,45,0,13874,0,1.0,,,1.0
GO_BP,GOBP_EPITHELIAL_CELL_DEVELOPMENT,Epithelial Cell Development,DOWN,143,0,13874,0,1.0,,,1.0
GO_BP,GOBP_EPITHELIAL_CELL_DIFFERENTIATION,Epithelial Cell Differentiation,DOWN,414,0,13874,0,1.0,,,1.0
GO_BP,GOBP_EPITHELIAL_CELL_DIFFERENTIATION_INVOLVED_IN_KIDNEY_DEVELOPMENT,Epithelial Cell Differentiation Involved In Kidney Development,DOWN,30,0,13874,0,1.0,,,1.0
GO_BP,GOBP_EPITHELIAL_CELL_MORPHOGENESIS,Epithelial Cell Morphogenesis,DOWN,21,0,13874,0,1.0,,,1.0
GO_BP,GOBP_EPITHELIAL_CELL_PROLIFERATION,Epithelial Cell Proliferation,DOWN,283,0,13874,0,1.0,,,1.0
GO_BP,GOBP_EPITHELIAL_STRUCTURE_MAINTENANCE,Epithelial Structure Maintenance,DOWN,19,0,13874,0,1.0,,,1.0
GO_BP,GOBP_EPITHELIAL_TO_MESENCHYMAL_TRANSITION,Epithelial To Mesenchymal Transition,DOWN,129,0,13874,0,1.0,,,1.0
GO_BP,GOBP_EPITHELIAL_TO_MESENCHYMAL_TRANSITION_INVOLVED_IN_ENDOCARDIAL_CUSHION_FORMATION,Epithelial To Mesenchymal Transition Involved In Endocardial Cushion Formation,DOWN,15,0,13874,0,1.0,,,1.0
GO_BP,GOBP_EPITHELIAL_TUBE_BRANCHING_INVOLVED_IN_LUNG_MORPHOGENESIS,Epithelial Tube Branching Involved In Lung Morphogenesis,DOWN,21,0,13874,0,1.0,,,1.0
GO_BP,GOBP_EPITHELIAL_TUBE_MORPHOGENESIS,Epithelial Tube Morphogenesis,DOWN,236,0,13874,0,1.0,,,1.0
GO_BP,GOBP_ERAD_PATHWAY,Erad Pathway,DOWN,101,0,13874,0,1.0,,,1.0
GO_BP,GOBP_ERBB_SIGNALING_PATHWAY,Erbb Signaling Pathway,DOWN,110,0,13874,0,1.0,,,1.0
GO_BP,GOBP_ERK1_AND_ERK2_CASCADE,Erk1 And Erk2 Cascade,DOWN,193,0,13874,0,1.0,,,1.0
GO_BP,GOBP_ERYTHROCYTE_DEVELOPMENT,Erythrocyte Development,DOWN,31,0,13874,0,1.0,,,1.0
GO_BP,GOBP_ERYTHROCYTE_HOMEOSTASIS,Erythrocyte Homeostasis,DOWN,126,0,13874,0,1.0,,,1.0
GO_BP,GOBP_ERYTHROCYTE_MATURATION,Erythrocyte Maturation,DOWN,17,0,13874,0,1.0,,,1.0
GO_BP,GOBP_ER_NUCLEUS_SIGNALING_PATHWAY,Er Nucleus Signaling Pathway,DOWN,53,0,13874,0,1.0,,,1.0
GO_BP,GOBP_ESTABLISHMENT_OF_CELL_POLARITY,Establishment Of Cell Polarity,DOWN,124,0,13874,0,1.0,,,1.0
GO_BP,GOBP_ESTABLISHMENT_OF_ENDOTHELIAL_BARRIER,Establishment Of Endothelial Barrier,DOWN,41,0,13874,0,1.0,,,1.0
GO_BP,GOBP_ESTABLISHMENT_OF_EPITHELIAL_CELL_POLARITY,Establishment Of Epithelial Cell Polarity,DOWN,24,0,13874,0,1.0,,,1.0
GO_BP,GOBP_ESTABLISHMENT_OF_MITOCHONDRION_LOCALIZATION,Establishment Of Mitochondrion Localization,DOWN,36,0,13874,0,1.0,,,1.0
GO_BP,GOBP_ESTABLISHMENT_OF_MITOCHONDRION_LOCALIZATION_MICROTUBULE_MEDIATED,Establishment Of Mitochondrion Localization Microtubule Mediated,DOWN,30,0,13874,0,1.0,,,1.0
GO_BP,GOBP_ESTABLISHMENT_OF_MITOTIC_SPINDLE_LOCALIZATION,Establishment Of Mitotic Spindle Localization,DOWN,34,0,13874,0,1.0,,,1.0
GO_BP,GOBP_ESTABLISHMENT_OF_ORGANELLE_LOCALIZATION,Establishment Of Organelle Localization,DOWN,330,0,13874,0,1.0,,,1.0
GO_BP,GOBP_ESTABLISHMENT_OF_PIGMENT_GRANULE_LOCALIZATION,Establishment Of Pigment Granule Localization,DOWN,21,0,13874,0,1.0,,,1.0
GO_BP,GOBP_ESTABLISHMENT_OF_PROTEIN_LOCALIZATION_TO_CHROMOSOME,Establishment Of Protein Localization To Chromosome,DOWN,17,0,13874,0,1.0,,,1.0
GO_BP,GOBP_ESTABLISHMENT_OF_PROTEIN_LOCALIZATION_TO_ENDOPLASMIC_RETICULUM,Establishment Of Protein Localization To Endoplasmic Reticulum,DOWN,39,0,13874,0,1.0,,,1.0
GO_BP,GOBP_ESTABLISHMENT_OF_PROTEIN_LOCALIZATION_TO_MEMBRANE,Establishment Of Protein Localization To Membrane,DOWN,227,0,13874,0,1.0,,,1.0
GO_BP,GOBP_ESTABLISHMENT_OF_PROTEIN_LOCALIZATION_TO_MITOCHONDRIAL_MEMBRANE,Establishment Of Protein Localization To Mitochondrial Membrane,DOWN,32,0,13874,0,1.0,,,1.0
GO_BP,GOBP_ESTABLISHMENT_OF_PROTEIN_LOCALIZATION_TO_MITOCHONDRION,Establishment Of Protein Localization To Mitochondrion,DOWN,120,0,13874,0,1.0,,,1.0
GO_BP,GOBP_ESTABLISHMENT_OF_PROTEIN_LOCALIZATION_TO_ORGANELLE,Establishment Of Protein Localization To Organelle,DOWN,400,0,13874,0,1.0,,,1.0
GO_BP,GOBP_ESTABLISHMENT_OF_PROTEIN_LOCALIZATION_TO_PEROXISOME,Establishment Of Protein Localization To Peroxisome,DOWN,19,0,13874,0,1.0,,,1.0
GO_BP,GOBP_ESTABLISHMENT_OF_PROTEIN_LOCALIZATION_TO_PLASMA_MEMBRANE,Establishment Of Protein Localization To Plasma Membrane,DOWN,58,0,13874,0,1.0,,,1.0
GO_BP,GOBP_ESTABLISHMENT_OF_PROTEIN_LOCALIZATION_TO_VACUOLE,Establishment Of Protein Localization To Vacuole,DOWN,57,0,13874,0,1.0,,,1.0
GO_BP,GOBP_ESTABLISHMENT_OF_RNA_LOCALIZATION,Establishment Of Rna Localization,DOWN,149,0,13874,0,1.0,,,1.0
GO_BP,GOBP_ESTABLISHMENT_OF_SKIN_BARRIER,Establishment Of Skin Barrier,DOWN,18,0,13874,0,1.0,,,1.0
GO_BP,GOBP_ESTABLISHMENT_OF_SPINDLE_ORIENTATION,Establishment Of Spindle Orientation,DOWN,34,0,13874,0,1.0,,,1.0
GO_BP,GOBP_ESTABLISHMENT_OF_TISSUE_POLARITY,Establishment Of Tissue Polarity,DOWN,23,0,13874,0,1.0,,,1.0
GO_BP,GOBP_ESTABLISHMENT_OR_MAINTENANCE_OF_BIPOLAR_CELL_POLARITY,Establishment Or Maintenance Of Bipolar Cell Polarity,DOWN,38,0,13874,0,1.0,,,1.0
GO_BP,GOBP_ESTABLISHMENT_OR_MAINTENANCE_OF_CELL_POLARITY,Establishment Or Maintenance Of Cell Polarity,DOWN,175,0,13874,0,1.0,,,1.0
GO_BP,GOBP_ESTABLISHMENT_OR_MAINTENANCE_OF_MONOPOLAR_CELL_POLARITY,Establishment Or Maintenance Of Monopolar Cell Polarity,DOWN,20,0,13874,0,1.0,,,1.0
GO_BP,GOBP_ESTROGEN_METABOLIC_PROCESS,Estrogen Metabolic Process,DOWN,17,0,13874,0,1.0,,,1.0
GO_BP,GOBP_ESTROGEN_RECEPTOR_SIGNALING_PATHWAY,Estrogen Receptor Signaling Pathway,DOWN,45,0,13874,0,1.0,,,1.0
GO_BP,GOBP_ETHER_LIPID_METABOLIC_PROCESS,Ether Lipid Metabolic Process,DOWN,20,0,13874,0,1.0,,,1.0
GO_BP,GOBP_EXCITATORY_SYNAPSE_ASSEMBLY,Excitatory Synapse Assembly,DOWN,26,0,13874,0,1.0,,,1.0
GO_BP,GOBP_EXECUTION_PHASE_OF_APOPTOSIS,Execution Phase Of Apoptosis,DOWN,59,0,13874,0,1.0,,,1.0
GO_BP,GOBP_EXIT_FROM_MITOSIS,Exit From Mitosis,DOWN,27,0,13874,0,1.0,,,1.0
GO_BP,GOBP_EXOCRINE_SYSTEM_DEVELOPMENT,Exocrine System Development,DOWN,33,0,13874,0,1.0,,,1.0
GO_BP,GOBP_EXOCYTIC_PROCESS,Exocytic Process,DOWN,63,0,13874,0,1.0,,,1.0
GO_BP,GOBP_EXOCYTOSIS,Exocytosis,DOWN,241,0,13874,0,1.0,,,1.0
GO_BP,GOBP_EXPLORATION_BEHAVIOR,Exploration Behavior,DOWN,24,0,13874,0,1.0,,,1.0
GO_BP,GOBP_EXPORT_ACROSS_PLASMA_MEMBRANE,Export Across Plasma Membrane,DOWN,41,0,13874,0,1.0,,,1.0
GO_BP,GOBP_EXTERNAL_ENCAPSULATING_STRUCTURE_ORGANIZATION,External Encapsulating Structure Organization,DOWN,246,0,13874,0,1.0,,,1.0
GO_BP,GOBP_EXTRACELLULAR_MATRIX_ASSEMBLY,Extracellular Matrix Assembly,DOWN,36,0,13874,0,1.0,,,1.0
GO_BP,GOBP_EXTRACELLULAR_MATRIX_DISASSEMBLY,Extracellular Matrix Disassembly,DOWN,43,0,13874,0,1.0,,,1.0
GO_BP,GOBP_EXTRACELLULAR_TRANSPORT,Extracellular Transport,DOWN,28,0,13874,0,1.0,,,1.0
GO_BP,GOBP_EXTRACELLULAR_VESICLE_BIOGENESIS,Extracellular Vesicle Biogenesis,DOWN,23,0,13874,0,1.0,,,1.0
GO_BP,GOBP_EXTRINSIC_APOPTOTIC_SIGNALING_PATHWAY,Extrinsic Apoptotic Signaling Pathway,DOWN,188,0,13874,0,1.0,,,1.0
GO_BP,GOBP_EXTRINSIC_APOPTOTIC_SIGNALING_PATHWAY_VIA_DEATH_DOMAIN_RECEPTORS,Extrinsic Apoptotic Signaling Pathway Via Death Domain Receptors,DOWN,75,0,13874,0,1.0,,,1.0
GO_BP,GOBP_EYE_MORPHOGENESIS,Eye Morphogenesis,DOWN,106,0,13874,0,1.0,,,1.0
GO_BP,GOBP_EYE_PHOTORECEPTOR_CELL_DIFFERENTIATION,Eye Photoreceptor Cell Differentiation,DOWN,20,0,13874,0,1.0,,,1.0
GO_BP,GOBP_FACE_DEVELOPMENT,Face Development,DOWN,42,0,13874,0,1.0,,,1.0
GO_BP,GOBP_FACE_MORPHOGENESIS,Face Morphogenesis,DOWN,25,0,13874,0,1.0,,,1.0
GO_BP,GOBP_FACULTATIVE_HETEROCHROMATIN_FORMATION,Facultative Heterochromatin Formation,DOWN,17,0,13874,0,1.0,,,1.0
GO_BP,GOBP_FATTY_ACID_BETA_OXIDATION,Fatty Acid Beta Oxidation,DOWN,62,0,13874,0,1.0,,,1.0
GO_BP,GOBP_FATTY_ACID_BIOSYNTHETIC_PROCESS,Fatty Acid Biosynthetic Process,DOWN,110,0,13874,0,1.0,,,1.0
GO_BP,GOBP_FATTY_ACID_CATABOLIC_PROCESS,Fatty Acid Catabolic Process,DOWN,82,0,13874,0,1.0,,,1.0
GO_BP,GOBP_FATTY_ACID_DERIVATIVE_BIOSYNTHETIC_PROCESS,Fatty Acid Derivative Biosynthetic Process,DOWN,31,0,13874,0,1.0,,,1.0
GO_BP,GOBP_FATTY_ACID_DERIVATIVE_METABOLIC_PROCESS,Fatty Acid Derivative Metabolic Process,DOWN,50,0,13874,0,1.0,,,1.0
GO_BP,GOBP_FATTY_ACID_METABOLIC_PROCESS,Fatty Acid Metabolic Process,DOWN,277,0,13874,0,1.0,,,1.0
GO_BP,GOBP_FATTY_ACID_TRANSMEMBRANE_TRANSPORT,Fatty Acid Transmembrane Transport,DOWN,16,0,13874,0,1.0,,,1.0
GO_BP,GOBP_FATTY_ACID_TRANSPORT,Fatty Acid Transport,DOWN,60,0,13874,0,1.0,,,1.0
GO_BP,GOBP_FATTY_ACYL_COA_BIOSYNTHETIC_PROCESS,Fatty Acyl Coa Biosynthetic Process,DOWN,20,0,13874,0,1.0,,,1.0
GO_BP,GOBP_FATTY_ACYL_COA_METABOLIC_PROCESS,Fatty Acyl Coa Metabolic Process,DOWN,33,0,13874,0,1.0,,,1.0
GO_BP,GOBP_FAT_CELL_DIFFERENTIATION,Fat Cell Differentiation,DOWN,191,0,13874,0,1.0,,,1.0
GO_BP,GOBP_FC_EPSILON_RECEPTOR_SIGNALING_PATHWAY,Fc Epsilon Receptor Signaling Pathway,DOWN,15,0,13874,0,1.0,,,1.0
GO_BP,GOBP_FC_GAMMA_RECEPTOR_SIGNALING_PATHWAY,Fc Gamma Receptor Signaling Pathway,DOWN,16,0,13874,0,1.0,,,1.0
GO_BP,GOBP_FC_RECEPTOR_MEDIATED_STIMULATORY_SIGNALING_PATHWAY,Fc Receptor Mediated Stimulatory Signaling Pathway,DOWN,22,0,13874,0,1.0,,,1.0
GO_BP,GOBP_FC_RECEPTOR_SIGNALING_PATHWAY,Fc Receptor Signaling Pathway,DOWN,30,0,13874,0,1.0,,,1.0
GO_BP,GOBP_FEAR_RESPONSE,Fear Response,DOWN,28,0,13874,0,1.0,,,1.0
GO_BP,GOBP_FEEDING_BEHAVIOR,Feeding Behavior,DOWN,42,0,13874,0,1.0,,,1.0
GO_BP,GOBP_FEMALE_GAMETE_GENERATION,Female Gamete Generation,DOWN,99,0,13874,0,1.0,,,1.0
GO_BP,GOBP_FEMALE_MEIOTIC_NUCLEAR_DIVISION,Female Meiotic Nuclear Division,DOWN,31,0,13874,0,1.0,,,1.0
GO_BP,GOBP_FEMALE_SEX_DIFFERENTIATION,Female Sex Differentiation,DOWN,81,0,13874,0,1.0,,,1.0
GO_BP,GOBP_FERROPTOSIS,Ferroptosis,DOWN,27,0,13874,0,1.0,,,1.0
GO_BP,GOBP_FERTILIZATION,Fertilization,DOWN,107,0,13874,0,1.0,,,1.0
GO_BP,GOBP_FIBROBLAST_APOPTOTIC_PROCESS,Fibroblast Apoptotic Process,DOWN,16,0,13874,0,1.0,,,1.0
GO_BP,GOBP_FIBROBLAST_GROWTH_FACTOR_RECEPTOR_SIGNALING_PATHWAY,Fibroblast Growth Factor Receptor Signaling Pathway,DOWN,51,0,13874,0,1.0,,,1.0
GO_BP,GOBP_FIBROBLAST_MIGRATION,Fibroblast Migration,DOWN,46,0,13874,0,1.0,,,1.0
GO_BP,GOBP_FIBROBLAST_PROLIFERATION,Fibroblast Proliferation,DOWN,70,0,13874,0,1.0,,,1.0
GO_BP,GOBP_FILOPODIUM_ASSEMBLY,Filopodium Assembly,DOWN,51,0,13874,0,1.0,,,1.0
GO_BP,GOBP_FLUID_TRANSPORT,Fluid Transport,DOWN,17,0,13874,0,1.0,,,1.0
GO_BP,GOBP_FOAM_CELL_DIFFERENTIATION,Foam Cell Differentiation,DOWN,23,0,13874,0,1.0,,,1.0
GO_BP,GOBP_FOCAL_ADHESION_ASSEMBLY,Focal Adhesion Assembly,DOWN,78,0,13874,0,1.0,,,1.0
GO_BP,GOBP_FOLIC_ACID_CONTAINING_COMPOUND_METABOLIC_PROCESS,Folic Acid Containing Compound Metabolic Process,DOWN,22,0,13874,0,1.0,,,1.0
GO_BP,GOBP_FOREBRAIN_CELL_MIGRATION,Forebrain Cell Migration,DOWN,44,0,13874,0,1.0,,,1.0
GO_BP,GOBP_FOREBRAIN_DEVELOPMENT,Forebrain Development,DOWN,271,0,13874,0,1.0,,,1.0
GO_BP,GOBP_FOREBRAIN_GENERATION_OF_NEURONS,Forebrain Generation Of Neurons,DOWN,49,0,13874,0,1.0,,,1.0
GO_BP,GOBP_FOREBRAIN_NEURON_DEVELOPMENT,Forebrain Neuron Development,DOWN,23,0,13874,0,1.0,,,1.0
GO_BP,GOBP_FORELIMB_MORPHOGENESIS,Forelimb Morphogenesis,DOWN,33,0,13874,0,1.0,,,1.0
GO_BP,GOBP_FORMATION_OF_CYTOPLASMIC_TRANSLATION_INITIATION_COMPLEX,Formation Of Cytoplasmic Translation Initiation Complex,DOWN,15,0,13874,0,1.0,,,1.0
GO_BP,GOBP_FORMATION_OF_PRIMARY_GERM_LAYER,Formation Of Primary Germ Layer,DOWN,86,0,13874,0,1.0,,,1.0
GO_BP,GOBP_G0_TO_G1_TRANSITION,G0 To G1 Transition,DOWN,36,0,13874,0,1.0,,,1.0
GO_BP,GOBP_GANGLIOSIDE_METABOLIC_PROCESS,Ganglioside Metabolic Process,DOWN,20,0,13874,0,1.0,,,1.0
GO_BP,GOBP_GASTRULATION,Gastrulation,DOWN,131,0,13874,0,1.0,,,1.0
GO_BP,GOBP_GASTRULATION_WITH_MOUTH_FORMING_SECOND,Gastrulation With Mouth Forming Second,DOWN,19,0,13874,0,1.0,,,1.0
GO_BP,GOBP_GENERATION_OF_PRECURSOR_METABOLITES_AND_ENERGY,Generation Of Precursor Metabolites And Energy,DOWN,390,0,13874,0,1.0,,,1.0
GO_BP,GOBP_GENITALIA_DEVELOPMENT,Genitalia Development,DOWN,25,0,13874,0,1.0,,,1.0
GO_BP,GOBP_GENOMIC_IMPRINTING,Genomic Imprinting,DOWN,17,0,13874,0,1.0,,,1.0
GO_BP,GOBP_GLAND_DEVELOPMENT,Gland Development,DOWN,304,0,13874,0,1.0,,,1.0
GO_BP,GOBP_GLAND_MORPHOGENESIS,Gland Morphogenesis,DOWN,93,0,13874,0,1.0,,,1.0
GO_BP,GOBP_GLIAL_CELL_ACTIVATION,Glial Cell Activation,DOWN,26,0,13874,0,1.0,,,1.0
GO_BP,GOBP_GLIAL_CELL_DEVELOPMENT,Glial Cell Development,DOWN,85,0,13874,0,1.0,,,1.0
GO_BP,GOBP_GLIAL_CELL_DIFFERENTIATION,Glial Cell Differentiation,DOWN,162,0,13874,0,1.0,,,1.0
GO_BP,GOBP_GLIAL_CELL_MIGRATION,Glial Cell Migration,DOWN,41,0,13874,0,1.0,,,1.0
GO_BP,GOBP_GLIAL_CELL_PROLIFERATION,Glial Cell Proliferation,DOWN,34,0,13874,0,1.0,,,1.0
GO_BP,GOBP_GLIOGENESIS,Gliogenesis,DOWN,217,0,13874,0,1.0,,,1.0
GO_BP,GOBP_GLOMERULAR_EPITHELIUM_DEVELOPMENT,Glomerular Epithelium Development,DOWN,16,0,13874,0,1.0,,,1.0
GO_BP,GOBP_GLOMERULUS_DEVELOPMENT,Glomerulus Development,DOWN,44,0,13874,0,1.0,,,1.0
GO_BP,GOBP_GLUCAN_BIOSYNTHETIC_PROCESS,Glucan Biosynthetic Process,DOWN,34,0,13874,0,1.0,,,1.0
GO_BP,GOBP_GLUCAN_METABOLIC_PROCESS,Glucan Metabolic Process,DOWN,68,0,13874,0,1.0,,,1.0
GO_BP,GOBP_GLUCOCORTICOID_METABOLIC_PROCESS,Glucocorticoid Metabolic Process,DOWN,17,0,13874,0,1.0,,,1.0
GO_BP,GOBP_GLUCOSE_6_PHOSPHATE_METABOLIC_PROCESS,Glucose 6 Phosphate Metabolic Process,DOWN,21,0,13874,0,1.0,,,1.0
GO_BP,GOBP_GLUCOSE_CATABOLIC_PROCESS,Glucose Catabolic Process,DOWN,23,0,13874,0,1.0,,,1.0
GO_BP,GOBP_GLUCOSE_METABOLIC_PROCESS,Glucose Metabolic Process,DOWN,150,0,13874,0,1.0,,,1.0
GO_BP,GOBP_GLUTAMATE_METABOLIC_PROCESS,Glutamate Metabolic Process,DOWN,20,0,13874,0,1.0,,,1.0
GO_BP,GOBP_GLUTAMATE_RECEPTOR_SIGNALING_PATHWAY,Glutamate Receptor Signaling Pathway,DOWN,33,0,13874,0,1.0,,,1.0
GO_BP,GOBP_GLUTAMATE_SECRETION,Glutamate Secretion,DOWN,16,0,13874,0,1.0,,,1.0
GO_BP,GOBP_GLUTAMINE_FAMILY_AMINO_ACID_METABOLIC_PROCESS,Glutamine Family Amino Acid Metabolic Process,DOWN,40,0,13874,0,1.0,,,1.0
GO_BP,GOBP_GLUTATHIONE_METABOLIC_PROCESS,Glutathione Metabolic Process,DOWN,41,0,13874,0,1.0,,,1.0
GO_BP,GOBP_GLYCEROLIPID_BIOSYNTHETIC_PROCESS,Glycerolipid Biosynthetic Process,DOWN,199,0,13874,0,1.0,,,1.0
GO_BP,GOBP_GLYCEROLIPID_CATABOLIC_PROCESS,Glycerolipid Catabolic Process,DOWN,41,0,13874,0,1.0,,,1.0
GO_BP,GOBP_GLYCEROLIPID_METABOLIC_PROCESS,Glycerolipid Metabolic Process,DOWN,287,0,13874,0,1.0,,,1.0
GO_BP,GOBP_GLYCEROPHOSPHOLIPID_BIOSYNTHETIC_PROCESS,Glycerophospholipid Biosynthetic Process,DOWN,173,0,13874,0,1.0,,,1.0
GO_BP,GOBP_GLYCEROPHOSPHOLIPID_CATABOLIC_PROCESS,Glycerophospholipid Catabolic Process,DOWN,23,0,13874,0,1.0,,,1.0
GO_BP,GOBP_GLYCEROPHOSPHOLIPID_METABOLIC_PROCESS,Glycerophospholipid Metabolic Process,DOWN,232,0,13874,0,1.0,,,1.0
GO_BP,GOBP_GLYCOLIPID_BIOSYNTHETIC_PROCESS,Glycolipid Biosynthetic Process,DOWN,68,0,13874,0,1.0,,,1.0
GO_BP,GOBP_GLYCOLIPID_CATABOLIC_PROCESS,Glycolipid Catabolic Process,DOWN,17,0,13874,0,1.0,,,1.0
GO_BP,GOBP_GLYCOLYTIC_PROCESS_THROUGH_FRUCTOSE_6_PHOSPHATE,Glycolytic Process Through Fructose 6 Phosphate,DOWN,21,0,13874,0,1.0,,,1.0
GO_BP,GOBP_GLYCOLYTIC_PROCESS_THROUGH_GLUCOSE_6_PHOSPHATE,Glycolytic Process Through Glucose 6 Phosphate,DOWN,19,0,13874,0,1.0,,,1.0
GO_BP,GOBP_GLYCOPROTEIN_BIOSYNTHETIC_PROCESS,Glycoprotein Biosynthetic Process,DOWN,238,0,13874,0,1.0,,,1.0
GO_BP,GOBP_GLYCOPROTEIN_CATABOLIC_PROCESS,Glycoprotein Catabolic Process,DOWN,37,0,13874,0,1.0,,,1.0
GO_BP,GOBP_GLYCOPROTEIN_METABOLIC_PROCESS,Glycoprotein Metabolic Process,DOWN,296,0,13874,0,1.0,,,1.0
GO_BP,GOBP_GLYCOSAMINOGLYCAN_BIOSYNTHETIC_PROCESS,Glycosaminoglycan Biosynthetic Process,DOWN,22,0,13874,0,1.0,,,1.0
GO_BP,GOBP_GLYCOSAMINOGLYCAN_CATABOLIC_PROCESS,Glycosaminoglycan Catabolic Process,DOWN,16,0,13874,0,1.0,,,1.0
GO_BP,GOBP_GLYCOSAMINOGLYCAN_METABOLIC_PROCESS,Glycosaminoglycan Metabolic Process,DOWN,40,0,13874,0,1.0,,,1.0
GO_BP,GOBP_GLYCOSPHINGOLIPID_BIOSYNTHETIC_PROCESS,Glycosphingolipid Biosynthetic Process,DOWN,31,0,13874,0,1.0,,,1.0
GO_BP,GOBP_GLYCOSPHINGOLIPID_METABOLIC_PROCESS,Glycosphingolipid Metabolic Process,DOWN,53,0,13874,0,1.0,,,1.0
GO_BP,GOBP_GLYCOSYL_COMPOUND_BIOSYNTHETIC_PROCESS,Glycosyl Compound Biosynthetic Process,DOWN,23,0,13874,0,1.0,,,1.0
GO_BP,GOBP_GLYCOSYL_COMPOUND_CATABOLIC_PROCESS,Glycosyl Compound Catabolic Process,DOWN,17,0,13874,0,1.0,,,1.0
GO_BP,GOBP_GMP_METABOLIC_PROCESS,Gmp Metabolic Process,DOWN,23,0,13874,0,1.0,,,1.0
GO_BP,GOBP_GOLGI_ORGANIZATION,Golgi Organization,DOWN,129,0,13874,0,1.0,,,1.0
GO_BP,GOBP_GOLGI_TO_ENDOSOME_TRANSPORT,Golgi To Endosome Transport,DOWN,19,0,13874,0,1.0,,,1.0
GO_BP,GOBP_GOLGI_TO_PLASMA_MEMBRANE_PROTEIN_TRANSPORT,Golgi To Plasma Membrane Protein Transport,DOWN,39,0,13874,0,1.0,,,1.0
GO_BP,GOBP_GOLGI_TO_PLASMA_MEMBRANE_TRANSPORT,Golgi To Plasma Membrane Transport,DOWN,60,0,13874,0,1.0,,,1.0
GO_BP,GOBP_GOLGI_TO_VACUOLE_TRANSPORT,Golgi To Vacuole Transport,DOWN,21,0,13874,0,1.0,,,1.0
GO_BP,GOBP_GOLGI_VESICLE_TRANSPORT,Golgi Vesicle Transport,DOWN,293,0,13874,0,1.0,,,1.0
GO_BP,GOBP_GPI_ANCHOR_METABOLIC_PROCESS,Gpi Anchor Metabolic Process,DOWN,29,0,13874,0,1.0,,,1.0
GO_BP,GOBP_GRANULOCYTE_ACTIVATION,Granulocyte Activation,DOWN,24,0,13874,0,1.0,,,1.0
GO_BP,GOBP_GRANULOCYTE_CHEMOTAXIS,Granulocyte Chemotaxis,DOWN,59,0,13874,0,1.0,,,1.0
GO_BP,GOBP_GRANULOCYTE_DIFFERENTIATION,Granulocyte Differentiation,DOWN,26,0,13874,0,1.0,,,1.0
GO_BP,GOBP_GRANULOCYTE_MIGRATION,Granulocyte Migration,DOWN,75,0,13874,0,1.0,,,1.0
GO_BP,GOBP_GROWTH_PLATE_CARTILAGE_DEVELOPMENT,Growth Plate Cartilage Development,DOWN,21,0,13874,0,1.0,,,1.0
GO_BP,GOBP_GTP_METABOLIC_PROCESS,Gtp Metabolic Process,DOWN,21,0,13874,0,1.0,,,1.0
GO_BP,GOBP_G_PROTEIN_COUPLED_DOPAMINE_RECEPTOR_SIGNALING_PATHWAY,G Protein Coupled Dopamine Receptor Signaling Pathway,DOWN,22,0,13874,0,1.0,,,1.0
GO_BP,GOBP_G_PROTEIN_COUPLED_RECEPTOR_SIGNALING_PATHWAY,G Protein Coupled Receptor Signaling Pathway,DOWN,386,0,13874,0,1.0,,,1.0
GO_BP,GOBP_HAIR_CELL_DIFFERENTIATION,Hair Cell Differentiation,DOWN,31,0,13874,0,1.0,,,1.0
GO_BP,GOBP_HEAD_MORPHOGENESIS,Head Morphogenesis,DOWN,31,0,13874,0,1.0,,,1.0
GO_BP,GOBP_HEART_DEVELOPMENT,Heart Development,DOWN,427,0,13874,0,1.0,,,1.0
GO_BP,GOBP_HEART_FORMATION,Heart Formation,DOWN,23,0,13874,0,1.0,,,1.0
GO_BP,GOBP_HEART_GROWTH,Heart Growth,DOWN,56,0,13874,0,1.0,,,1.0
GO_BP,GOBP_HEART_MORPHOGENESIS,Heart Morphogenesis,DOWN,179,0,13874,0,1.0,,,1.0
GO_BP,GOBP_HEART_PROCESS,Heart Process,DOWN,142,0,13874,0,1.0,,,1.0
GO_BP,GOBP_HEART_TRABECULA_MORPHOGENESIS,Heart Trabecula Morphogenesis,DOWN,20,0,13874,0,1.0,,,1.0
GO_BP,GOBP_HEART_VALVE_DEVELOPMENT,Heart Valve Development,DOWN,61,0,13874,0,1.0,,,1.0
GO_BP,GOBP_HEART_VALVE_MORPHOGENESIS,Heart Valve Morphogenesis,DOWN,48,0,13874,0,1.0,,,1.0
GO_BP,GOBP_HEMATOPOIETIC_OR_LYMPHOID_ORGAN_DEVELOPMENT,Hematopoietic Or Lymphoid Organ Development,DOWN,76,0,13874,0,1.0,,,1.0
GO_BP,GOBP_HEMATOPOIETIC_PROGENITOR_CELL_DIFFERENTIATION,Hematopoietic Progenitor Cell Differentiation,DOWN,89,0,13874,0,1.0,,,1.0
GO_BP,GOBP_HEMATOPOIETIC_STEM_CELL_DIFFERENTIATION,Hematopoietic Stem Cell Differentiation,DOWN,27,0,13874,0,1.0,,,1.0
GO_BP,GOBP_HEMATOPOIETIC_STEM_CELL_HOMEOSTASIS,Hematopoietic Stem Cell Homeostasis,DOWN,23,0,13874,0,1.0,,,1.0
GO_BP,GOBP_HEMATOPOIETIC_STEM_CELL_PROLIFERATION,Hematopoietic Stem Cell Proliferation,DOWN,25,0,13874,0,1.0,,,1.0
GO_BP,GOBP_HEMOGLOBIN_METABOLIC_PROCESS,Hemoglobin Metabolic Process,DOWN,15,0,13874,0,1.0,,,1.0
GO_BP,GOBP_HEMOSTASIS,Hemostasis,DOWN,154,0,13874,0,1.0,,,1.0
GO_BP,GOBP_HEPARAN_SULFATE_PROTEOGLYCAN_BIOSYNTHETIC_PROCESS,Heparan Sulfate Proteoglycan Biosynthetic Process,DOWN,26,0,13874,0,1.0,,,1.0
GO_BP,GOBP_HEPARAN_SULFATE_PROTEOGLYCAN_METABOLIC_PROCESS,Heparan Sulfate Proteoglycan Metabolic Process,DOWN,37,0,13874,0,1.0,,,1.0
GO_BP,GOBP_HEPARIN_PROTEOGLYCAN_METABOLIC_PROCESS,Heparin Proteoglycan Metabolic Process,DOWN,17,0,13874,0,1.0,,,1.0
GO_BP,GOBP_HEPATICOBILIARY_SYSTEM_DEVELOPMENT,Hepaticobiliary System Development,DOWN,104,0,13874,0,1.0,,,1.0
GO_BP,GOBP_HEPATOCYTE_APOPTOTIC_PROCESS,Hepatocyte Apoptotic Process,DOWN,16,0,13874,0,1.0,,,1.0
GO_BP,GOBP_HETEROCHROMATIN_ORGANIZATION,Heterochromatin Organization,DOWN,170,0,13874,0,1.0,,,1.0
GO_BP,GOBP_HETEROPHILIC_CELL_CELL_ADHESION,Heterophilic Cell Cell Adhesion,DOWN,23,0,13874,0,1.0,,,1.0
GO_BP,GOBP_HETEROTYPIC_CELL_CELL_ADHESION,Heterotypic Cell Cell Adhesion,DOWN,27,0,13874,0,1.0,,,1.0
GO_BP,GOBP_HINDBRAIN_DEVELOPMENT,Hindbrain Development,DOWN,107,0,13874,0,1.0,,,1.0
GO_BP,GOBP_HINDBRAIN_MORPHOGENESIS,Hindbrain Morphogenesis,DOWN,35,0,13874,0,1.0,,,1.0
GO_BP,GOBP_HINDLIMB_MORPHOGENESIS,Hindlimb Morphogenesis,DOWN,27,0,13874,0,1.0,,,1.0
GO_BP,GOBP_HIPPOCAMPUS_DEVELOPMENT,Hippocampus Development,DOWN,67,0,13874,0,1.0,,,1.0
GO_BP,GOBP_HIPPO_SIGNALING,Hippo Signaling,DOWN,54,0,13874,0,1.0,,,1.0
GO_BP,GOBP_HISTONE_MRNA_CATABOLIC_PROCESS,Histone Mrna Catabolic Process,DOWN,26,0,13874,0,1.0,,,1.0
GO_BP,GOBP_HISTONE_MRNA_METABOLIC_PROCESS,Histone Mrna Metabolic Process,DOWN,31,0,13874,0,1.0,,,1.0
GO_BP,GOBP_HOMEOSTASIS_OF_NUMBER_OF_CELLS,Homeostasis Of Number Of Cells,DOWN,282,0,13874,0,1.0,,,1.0
GO_BP,GOBP_HOMEOSTASIS_OF_NUMBER_OF_CELLS_WITHIN_A_TISSUE,Homeostasis Of Number Of Cells Within A Tissue,DOWN,29,0,13874,0,1.0,,,1.0
GO_BP,GOBP_HOMOLOGOUS_CHROMOSOME_PAIRING_AT_MEIOSIS,Homologous Chromosome Pairing At Meiosis,DOWN,26,0,13874,0,1.0,,,1.0
GO_BP,GOBP_HOMOLOGOUS_CHROMOSOME_SEGREGATION,Homologous Chromosome Segregation,DOWN,36,0,13874,0,1.0,,,1.0
GO_BP,GOBP_HOMOLOGOUS_RECOMBINATION,Homologous Recombination,DOWN,42,0,13874,0,1.0,,,1.0
GO_BP,GOBP_HOMOPHILIC_CELL_CELL_ADHESION,Homophilic Cell Cell Adhesion,DOWN,75,0,13874,0,1.0,,,1.0
GO_BP,GOBP_HOMOTYPIC_CELL_CELL_ADHESION,Homotypic Cell Cell Adhesion,DOWN,67,0,13874,0,1.0,,,1.0
GO_BP,GOBP_HORMONE_BIOSYNTHETIC_PROCESS,Hormone Biosynthetic Process,DOWN,42,0,13874,0,1.0,,,1.0
GO_BP,GOBP_HORMONE_MEDIATED_SIGNALING_PATHWAY,Hormone Mediated Signaling Pathway,DOWN,161,0,13874,0,1.0,,,1.0
GO_BP,GOBP_HORMONE_METABOLIC_PROCESS,Hormone Metabolic Process,DOWN,138,0,13874,0,1.0,,,1.0
GO_BP,GOBP_HORMONE_TRANSPORT,Hormone Transport,DOWN,182,0,13874,0,1.0,,,1.0
GO_BP,GOBP_HOST_MEDIATED_ACTIVATION_OF_VIRAL_PROCESS,Host Mediated Activation Of Viral Process,DOWN,36,0,13874,0,1.0,,,1.0
GO_BP,GOBP_HOST_MEDIATED_ACTIVATION_OF_VIRAL_TRANSCRIPTION,Host Mediated Activation Of Viral Transcription,DOWN,17,0,13874,0,1.0,,,1.0
GO_BP,GOBP_HOST_MEDIATED_PERTURBATION_OF_VIRAL_PROCESS,Host Mediated Perturbation Of Viral Process,DOWN,66,0,13874,0,1.0,,,1.0
GO_BP,GOBP_HOST_MEDIATED_PERTURBATION_OF_VIRAL_TRANSCRIPTION,Host Mediated Perturbation Of Viral Transcription,DOWN,24,0,13874,0,1.0,,,1.0
GO_BP,GOBP_HOST_MEDIATED_SUPPRESSION_OF_SYMBIONT_INVASION,Host Mediated Suppression Of Symbiont Invasion,DOWN,16,0,13874,0,1.0,,,1.0
GO_BP,GOBP_HUMORAL_IMMUNE_RESPONSE,Humoral Immune Response,DOWN,89,0,13874,0,1.0,,,1.0
GO_BP,GOBP_HUMORAL_IMMUNE_RESPONSE_MEDIATED_BY_CIRCULATING_IMMUNOGLOBULIN,Humoral Immune Response Mediated By Circulating Immunoglobulin,DOWN,18,0,13874,0,1.0,,,1.0
GO_BP,GOBP_HYALURONAN_METABOLIC_PROCESS,Hyaluronan Metabolic Process,DOWN,17,0,13874,0,1.0,,,1.0
GO_BP,GOBP_HYDROGEN_PEROXIDE_METABOLIC_PROCESS,Hydrogen Peroxide Metabolic Process,DOWN,27,0,13874,0,1.0,,,1.0
GO_BP,GOBP_HYPEROSMOTIC_RESPONSE,Hyperosmotic Response,DOWN,23,0,13874,0,1.0,,,1.0
GO_BP,GOBP_HYPOTHALAMUS_DEVELOPMENT,Hypothalamus Development,DOWN,17,0,13874,0,1.0,,,1.0
GO_BP,GOBP_ICOSANOID_BIOSYNTHETIC_PROCESS,Icosanoid Biosynthetic Process,DOWN,30,0,13874,0,1.0,,,1.0
GO_BP,GOBP_ICOSANOID_METABOLIC_PROCESS,Icosanoid Metabolic Process,DOWN,59,0,13874,0,1.0,,,1.0
GO_BP,GOBP_ICOSANOID_SECRETION,Icosanoid Secretion,DOWN,16,0,13874,0,1.0,,,1.0
GO_BP,GOBP_ICOSANOID_TRANSPORT,Icosanoid Transport,DOWN,22,0,13874,0,1.0,,,1.0
GO_BP,GOBP_IMMUNE_EFFECTOR_PROCESS,Immune Effector Process,DOWN,375,0,13874,0,1.0,,,1.0
GO_BP,GOBP_IMMUNE_RESPONSE_REGULATING_CELL_SURFACE_RECEPTOR_SIGNALING_PATHWAY,Immune Response Regulating Cell Surface Receptor Signaling Pathway,DOWN,210,0,13874,0,1.0,,,1.0
GO_BP,GOBP_IMMUNE_RESPONSE_REGULATING_CELL_SURFACE_RECEPTOR_SIGNALING_PATHWAY_INVOLVED_IN_PHAGOCYTOSIS,Immune Response Regulating Cell Surface Receptor Signaling Pathway Involved In Phagocytosis,DOWN,16,0,13874,0,1.0,,,1.0
GO_BP,GOBP_IMMUNE_RESPONSE_REGULATING_SIGNALING_PATHWAY,Immune Response Regulating Signaling Pathway,DOWN,365,0,13874,0,1.0,,,1.0
GO_BP,GOBP_IMMUNE_RESPONSE_TO_TUMOR_CELL,Immune Response To Tumor Cell,DOWN,21,0,13874,0,1.0,,,1.0
GO_BP,GOBP_IMMUNE_SYSTEM_DEVELOPMENT,Immune System Development,DOWN,156,0,13874,0,1.0,,,1.0
GO_BP,GOBP_IMMUNOGLOBULIN_PRODUCTION,Immunoglobulin Production,DOWN,76,0,13874,0,1.0,,,1.0
GO_BP,GOBP_IMMUNOGLOBULIN_PRODUCTION_INVOLVED_IN_IMMUNOGLOBULIN_MEDIATED_IMMUNE_RESPONSE,Immunoglobulin Production Involved In Immunoglobulin Mediated Immune Response,DOWN,44,0,13874,0,1.0,,,1.0
GO_BP,GOBP_IMPORT_ACROSS_PLASMA_MEMBRANE,Import Across Plasma Membrane,DOWN,121,0,13874,0,1.0,,,1.0
GO_BP,GOBP_IMPORT_INTO_NUCLEUS,Import Into Nucleus,DOWN,151,0,13874,0,1.0,,,1.0
GO_BP,GOBP_IMP_METABOLIC_PROCESS,Imp Metabolic Process,DOWN,16,0,13874,0,1.0,,,1.0
GO_BP,GOBP_INCLUSION_BODY_ASSEMBLY,Inclusion Body Assembly,DOWN,27,0,13874,0,1.0,,,1.0
GO_BP,GOBP_INFLAMMASOME_MEDIATED_SIGNALING_PATHWAY,Inflammasome Mediated Signaling Pathway,DOWN,48,0,13874,0,1.0,,,1.0
GO_BP,GOBP_INFLAMMATORY_RESPONSE_TO_ANTIGENIC_STIMULUS,Inflammatory Response To Antigenic Stimulus,DOWN,39,0,13874,0,1.0,,,1.0
GO_BP,GOBP_INFLAMMATORY_RESPONSE_TO_WOUNDING,Inflammatory Response To Wounding,DOWN,18,0,13874,0,1.0,,,1.0
GO_BP,GOBP_INNATE_IMMUNE_RESPONSE_ACTIVATING_CELL_SURFACE_RECEPTOR_SIGNALING_PATHWAY,Innate Immune Response Activating Cell Surface Receptor Signaling Pathway,DOWN,65,0,13874,0,1.0,,,1.0
GO_BP,GOBP_INNERVATION,Innervation,DOWN,19,0,13874,0,1.0,,,1.0
GO_BP,GOBP_INNER_CELL_MASS_CELL_PROLIFERATION,Inner Cell Mass Cell Proliferation,DOWN,15,0,13874,0,1.0,,,1.0
GO_BP,GOBP_INNER_EAR_AUDITORY_RECEPTOR_CELL_DIFFERENTIATION,Inner Ear Auditory Receptor Cell Differentiation,DOWN,26,0,13874,0,1.0,,,1.0
GO_BP,GOBP_INNER_EAR_MORPHOGENESIS,Inner Ear Morphogenesis,DOWN,60,0,13874,0,1.0,,,1.0
GO_BP,GOBP_INNER_EAR_RECEPTOR_CELL_DEVELOPMENT,Inner Ear Receptor Cell Development,DOWN,32,0,13874,0,1.0,,,1.0
GO_BP,GOBP_INNER_EAR_RECEPTOR_CELL_STEREOCILIUM_ORGANIZATION,Inner Ear Receptor Cell Stereocilium Organization,DOWN,23,0,13874,0,1.0,,,1.0
GO_BP,GOBP_INNER_MITOCHONDRIAL_MEMBRANE_ORGANIZATION,Inner Mitochondrial Membrane Organization,DOWN,45,0,13874,0,1.0,,,1.0
GO_BP,GOBP_INORGANIC_ANION_TRANSPORT,Inorganic Anion Transport,DOWN,82,0,13874,0,1.0,,,1.0
GO_BP,GOBP_INORGANIC_ION_HOMEOSTASIS,Inorganic Ion Homeostasis,DOWN,326,0,13874,0,1.0,,,1.0
GO_BP,GOBP_INORGANIC_ION_IMPORT_ACROSS_PLASMA_MEMBRANE,Inorganic Ion Import Across Plasma Membrane,DOWN,59,0,13874,0,1.0,,,1.0
GO_BP,GOBP_INOSITOL_PHOSPHATE_BIOSYNTHETIC_PROCESS,Inositol Phosphate Biosynthetic Process,DOWN,15,0,13874,0,1.0,,,1.0
GO_BP,GOBP_INOSITOL_PHOSPHATE_METABOLIC_PROCESS,Inositol Phosphate Metabolic Process,DOWN,27,0,13874,0,1.0,,,1.0
GO_BP,GOBP_INSULIN_LIKE_GROWTH_FACTOR_RECEPTOR_SIGNALING_PATHWAY,Insulin Like Growth Factor Receptor Signaling Pathway,DOWN,41,0,13874,0,1.0,,,1.0
GO_BP,GOBP_INSULIN_METABOLIC_PROCESS,Insulin Metabolic Process,DOWN,15,0,13874,0,1.0,,,1.0
GO_BP,GOBP_INSULIN_RECEPTOR_SIGNALING_PATHWAY,Insulin Receptor Signaling Pathway,DOWN,104,0,13874,0,1.0,,,1.0
GO_BP,GOBP_INSULIN_SECRETION,Insulin Secretion,DOWN,123,0,13874,0,1.0,,,1.0
GO_BP,GOBP_INSULIN_SECRETION_INVOLVED_IN_CELLULAR_RESPONSE_TO_GLUCOSE_STIMULUS,Insulin Secretion Involved In Cellular Response To Glucose Stimulus,DOWN,46,0,13874,0,1.0,,,1.0
GO_BP,GOBP_INTEGRATED_STRESS_RESPONSE_SIGNALING,Integrated Stress Response Signaling,DOWN,50,0,13874,0,1.0,,,1.0
GO_BP,GOBP_INTEGRIN_ACTIVATION,Integrin Activation,DOWN,18,0,13874,0,1.0,,,1.0
GO_BP,GOBP_INTEGRIN_MEDIATED_SIGNALING_PATHWAY,Integrin Mediated Signaling Pathway,DOWN,92,0,13874,0,1.0,,,1.0
GO_BP,GOBP_INTERFERON_ALPHA_PRODUCTION,Interferon Alpha Production,DOWN,24,0,13874,0,1.0,,,1.0
GO_BP,GOBP_INTERFERON_BETA_PRODUCTION,Interferon Beta Production,DOWN,57,0,13874,0,1.0,,,1.0
GO_BP,GOBP_INTERFERON_MEDIATED_SIGNALING_PATHWAY,Interferon Mediated Signaling Pathway,DOWN,79,0,13874,0,1.0,,,1.0
GO_BP,GOBP_INTERLEUKIN_10_PRODUCTION,Interleukin 10 Production,DOWN,29,0,13874,0,1.0,,,1.0
GO_BP,GOBP_INTERLEUKIN_12_PRODUCTION,Interleukin 12 Production,DOWN,35,0,13874,0,1.0,,,1.0
GO_BP,GOBP_INTERLEUKIN_13_PRODUCTION,Interleukin 13 Production,DOWN,15,0,13874,0,1.0,,,1.0
GO_BP,GOBP_INTERLEUKIN_17_PRODUCTION,Interleukin 17 Production,DOWN,19,0,13874,0,1.0,,,1.0
GO_BP,GOBP_INTERLEUKIN_1_MEDIATED_SIGNALING_PATHWAY,Interleukin 1 Mediated Signaling Pathway,DOWN,24,0,13874,0,1.0,,,1.0
GO_BP,GOBP_INTERLEUKIN_1_PRODUCTION,Interleukin 1 Production,DOWN,65,0,13874,0,1.0,,,1.0
GO_BP,GOBP_INTERLEUKIN_2_PRODUCTION,Interleukin 2 Production,DOWN,46,0,13874,0,1.0,,,1.0
GO_BP,GOBP_INTERLEUKIN_4_PRODUCTION,Interleukin 4 Production,DOWN,15,0,13874,0,1.0,,,1.0
GO_BP,GOBP_INTERLEUKIN_6_PRODUCTION,Interleukin 6 Production,DOWN,88,0,13874,0,1.0,,,1.0
GO_BP,GOBP_INTERLEUKIN_8_PRODUCTION,Interleukin 8 Production,DOWN,45,0,13874,0,1.0,,,1.0
GO_BP,GOBP_INTERMEDIATE_FILAMENT_BASED_PROCESS,Intermediate Filament Based Process,DOWN,35,0,13874,0,1.0,,,1.0
GO_BP,GOBP_INTERMEDIATE_FILAMENT_ORGANIZATION,Intermediate Filament Organization,DOWN,17,0,13874,0,1.0,,,1.0
GO_BP,GOBP_INTERMEMBRANE_LIPID_TRANSFER,Intermembrane Lipid Transfer,DOWN,34,0,13874,0,1.0,,,1.0
GO_BP,GOBP_INTERSTRAND_CROSS_LINK_REPAIR,Interstrand Cross Link Repair,DOWN,37,0,13874,0,1.0,,,1.0
GO_BP,GOBP_INTESTINAL_ABSORPTION,Intestinal Absorption,DOWN,23,0,13874,0,1.0,,,1.0
GO_BP,GOBP_INTRACELLULAR_GLUCOSE_HOMEOSTASIS,Intracellular Glucose Homeostasis,DOWN,106,0,13874,0,1.0,,,1.0
GO_BP,GOBP_INTRACELLULAR_IRON_ION_HOMEOSTASIS,Intracellular Iron Ion Homeostasis,DOWN,59,0,13874,0,1.0,,,1.0
GO_BP,GOBP_INTRACELLULAR_LIPID_TRANSPORT,Intracellular Lipid Transport,DOWN,43,0,13874,0,1.0,,,1.0
GO_BP,GOBP_INTRACELLULAR_MRNA_LOCALIZATION,Intracellular Mrna Localization,DOWN,19,0,13874,0,1.0,,,1.0
GO_BP,GOBP_INTRACELLULAR_PH_REDUCTION,Intracellular Ph Reduction,DOWN,44,0,13874,0,1.0,,,1.0
GO_BP,GOBP_INTRACELLULAR_PROTEIN_TRANSMEMBRANE_TRANSPORT,Intracellular Protein Transmembrane Transport,DOWN,32,0,13874,0,1.0,,,1.0
GO_BP,GOBP_INTRACELLULAR_RECEPTOR_SIGNALING_PATHWAY,Intracellular Receptor Signaling Pathway,DOWN,317,0,13874,0,1.0,,,1.0
GO_BP,GOBP_INTRACELLULAR_STEROL_TRANSPORT,Intracellular Sterol Transport,DOWN,31,0,13874,0,1.0,,,1.0
GO_BP,GOBP_INTRACELLULAR_ZINC_ION_HOMEOSTASIS,Intracellular Zinc Ion Homeostasis,DOWN,20,0,13874,0,1.0,,,1.0
GO_BP,GOBP_INTRACILIARY_ANTEROGRADE_TRANSPORT,Intraciliary Anterograde Transport,DOWN,16,0,13874,0,1.0,,,1.0
GO_BP,GOBP_INTRACILIARY_RETROGRADE_TRANSPORT,Intraciliary Retrograde Transport,DOWN,17,0,13874,0,1.0,,,1.0
GO_BP,GOBP_INTRACILIARY_TRANSPORT,Intraciliary Transport,DOWN,47,0,13874,0,1.0,,,1.0
GO_BP,GOBP_INTRA_GOLGI_VESICLE_MEDIATED_TRANSPORT,Intra Golgi Vesicle Mediated Transport,DOWN,32,0,13874,0,1.0,,,1.0
GO_BP,GOBP_INTRINSIC_APOPTOTIC_SIGNALING_PATHWAY,Intrinsic Apoptotic Signaling Pathway,DOWN,282,0,13874,0,1.0,,,1.0
GO_BP,GOBP_INTRINSIC_APOPTOTIC_SIGNALING_PATHWAY_BY_P53_CLASS_MEDIATOR,Intrinsic Apoptotic Signaling Pathway By P53 Class Mediator,DOWN,74,0,13874,0,1.0,,,1.0
GO_BP,GOBP_INTRINSIC_APOPTOTIC_SIGNALING_PATHWAY_IN_RESPONSE_TO_DNA_DAMAGE,Intrinsic Apoptotic Signaling Pathway In Response To Dna Damage,DOWN,102,0,13874,0,1.0,,,1.0
GO_BP,GOBP_INTRINSIC_APOPTOTIC_SIGNALING_PATHWAY_IN_RESPONSE_TO_DNA_DAMAGE_BY_P53_CLASS_MEDIATOR,Intrinsic Apoptotic Signaling Pathway In Response To Dna Damage By P53 Class Mediator,DOWN,42,0,13874,0,1.0,,,1.0
GO_BP,GOBP_INTRINSIC_APOPTOTIC_SIGNALING_PATHWAY_IN_RESPONSE_TO_ENDOPLASMIC_RETICULUM_STRESS,Intrinsic Apoptotic Signaling Pathway In Response To Endoplasmic Reticulum Stress,DOWN,58,0,13874,0,1.0,,,1.0
GO_BP,GOBP_INTRINSIC_APOPTOTIC_SIGNALING_PATHWAY_IN_RESPONSE_TO_OXIDATIVE_STRESS,Intrinsic Apoptotic Signaling Pathway In Response To Oxidative Stress,DOWN,51,0,13874,0,1.0,,,1.0
GO_BP,GOBP_IN_UTERO_EMBRYONIC_DEVELOPMENT,In Utero Embryonic Development,DOWN,320,0,13874,0,1.0,,,1.0
GO_BP,GOBP_IRE1_MEDIATED_UNFOLDED_PROTEIN_RESPONSE,Ire1 Mediated Unfolded Protein Response,DOWN,22,0,13874,0,1.0,,,1.0
GO_BP,GOBP_IRON_ION_TRANSMEMBRANE_TRANSPORT,Iron Ion Transmembrane Transport,DOWN,18,0,13874,0,1.0,,,1.0
GO_BP,GOBP_IRON_ION_TRANSPORT,Iron Ion Transport,DOWN,41,0,13874,0,1.0,,,1.0
GO_BP,GOBP_ISOPRENOID_BIOSYNTHETIC_PROCESS,Isoprenoid Biosynthetic Process,DOWN,25,0,13874,0,1.0,,,1.0
GO_BP,GOBP_ISOPRENOID_METABOLIC_PROCESS,Isoprenoid Metabolic Process,DOWN,73,0,13874,0,1.0,,,1.0
GO_BP,GOBP_JNK_CASCADE,Jnk Cascade,DOWN,138,0,13874,0,1.0,,,1.0
GO_BP,GOBP_KERATINOCYTE_DIFFERENTIATION,Keratinocyte Differentiation,DOWN,72,0,13874,0,1.0,,,1.0
GO_BP,GOBP_KERATINOCYTE_PROLIFERATION,Keratinocyte Proliferation,DOWN,35,0,13874,0,1.0,,,1.0
GO_BP,GOBP_KETONE_BIOSYNTHETIC_PROCESS,Ketone Biosynthetic Process,DOWN,41,0,13874,0,1.0,,,1.0
GO_BP,GOBP_KETONE_METABOLIC_PROCESS,Ketone Metabolic Process,DOWN,148,0,13874,0,1.0,,,1.0
GO_BP,GOBP_KIDNEY_EPITHELIUM_DEVELOPMENT,Kidney Epithelium Development,DOWN,96,0,13874,0,1.0,,,1.0
GO_BP,GOBP_KIDNEY_MORPHOGENESIS,Kidney Morphogenesis,DOWN,61,0,13874,0,1.0,,,1.0
GO_BP,GOBP_KINETOCHORE_ORGANIZATION,Kinetochore Organization,DOWN,28,0,13874,0,1.0,,,1.0
GO_BP,GOBP_LABYRINTHINE_LAYER_DEVELOPMENT,Labyrinthine Layer Development,DOWN,26,0,13874,0,1.0,,,1.0
GO_BP,GOBP_LACTATION,Lactation,DOWN,34,0,13874,0,1.0,,,1.0
GO_BP,GOBP_LAMELLIPODIUM_ASSEMBLY,Lamellipodium Assembly,DOWN,58,0,13874,0,1.0,,,1.0
GO_BP,GOBP_LAMELLIPODIUM_MORPHOGENESIS,Lamellipodium Morphogenesis,DOWN,17,0,13874,0,1.0,,,1.0
GO_BP,GOBP_LAMELLIPODIUM_ORGANIZATION,Lamellipodium Organization,DOWN,78,0,13874,0,1.0,,,1.0
GO_BP,GOBP_LATE_ENDOSOME_TO_LYSOSOME_TRANSPORT,Late Endosome To Lysosome Transport,DOWN,19,0,13874,0,1.0,,,1.0
GO_BP,GOBP_LATE_ENDOSOME_TO_VACUOLE_TRANSPORT,Late Endosome To Vacuole Transport,DOWN,34,0,13874,0,1.0,,,1.0
GO_BP,GOBP_LATE_ENDOSOME_TO_VACUOLE_TRANSPORT_VIA_MULTIVESICULAR_BODY_SORTING_PATHWAY,Late Endosome To Vacuole Transport Via Multivesicular Body Sorting Pathway,DOWN,25,0,13874,0,1.0,,,1.0
GO_BP,GOBP_LEARNING,Learning,DOWN,97,0,13874,0,1.0,,,1.0
GO_BP,GOBP_LEARNING_OR_MEMORY,Learning Or Memory,DOWN,175,0,13874,0,1.0,,,1.0
GO_BP,GOBP_LENS_DEVELOPMENT_IN_CAMERA_TYPE_EYE,Lens Development In Camera Type Eye,DOWN,57,0,13874,0,1.0,,,1.0
GO_BP,GOBP_LENS_FIBER_CELL_DIFFERENTIATION,Lens Fiber Cell Differentiation,DOWN,29,0,13874,0,1.0,,,1.0
GO_BP,GOBP_LENS_MORPHOGENESIS_IN_CAMERA_TYPE_EYE,Lens Morphogenesis In Camera Type Eye,DOWN,17,0,13874,0,1.0,,,1.0
GO_BP,GOBP_LEUKOCYTE_ADHESION_TO_VASCULAR_ENDOTHELIAL_CELL,Leukocyte Adhesion To Vascular Endothelial Cell,DOWN,31,0,13874,0,1.0,,,1.0
GO_BP,GOBP_LEUKOCYTE_APOPTOTIC_PROCESS,Leukocyte Apoptotic Process,DOWN,76,0,13874,0,1.0,,,1.0
GO_BP,GOBP_LEUKOCYTE_CELL_CELL_ADHESION,Leukocyte Cell Cell Adhesion,DOWN,260,0,13874,0,1.0,,,1.0
GO_BP,GOBP_LEUKOCYTE_CHEMOTAXIS,Leukocyte Chemotaxis,DOWN,121,0,13874,0,1.0,,,1.0
GO_BP,GOBP_LEUKOCYTE_DEGRANULATION,Leukocyte Degranulation,DOWN,39,0,13874,0,1.0,,,1.0
GO_BP,GOBP_LEUKOCYTE_DIFFERENTIATION,Leukocyte Differentiation,DOWN,432,0,13874,0,1.0,,,1.0
GO_BP,GOBP_LEUKOCYTE_HOMEOSTASIS,Leukocyte Homeostasis,DOWN,91,0,13874,0,1.0,,,1.0
GO_BP,GOBP_LEUKOCYTE_MEDIATED_CYTOTOXICITY,Leukocyte Mediated Cytotoxicity,DOWN,69,0,13874,0,1.0,,,1.0
GO_BP,GOBP_LEUKOCYTE_MEDIATED_IMMUNITY,Leukocyte Mediated Immunity,DOWN,216,0,13874,0,1.0,,,1.0
GO_BP,GOBP_LEUKOCYTE_MIGRATION,Leukocyte Migration,DOWN,215,0,13874,0,1.0,,,1.0
GO_BP,GOBP_LEUKOCYTE_PROLIFERATION,Leukocyte Proliferation,DOWN,187,0,13874,0,1.0,,,1.0
GO_BP,GOBP_LEUKOCYTE_TETHERING_OR_ROLLING,Leukocyte Tethering Or Rolling,DOWN,16,0,13874,0,1.0,,,1.0
GO_BP,GOBP_LIGAND_GATED_ION_CHANNEL_SIGNALING_PATHWAY,Ligand Gated Ion Channel Signaling Pathway,DOWN,16,0,13874,0,1.0,,,1.0
GO_BP,GOBP_LIMBIC_SYSTEM_DEVELOPMENT,Limbic System Development,DOWN,82,0,13874,0,1.0,,,1.0
GO_BP,GOBP_LIPID_CATABOLIC_PROCESS,Lipid Catabolic Process,DOWN,221,0,13874,0,1.0,,,1.0
GO_BP,GOBP_LIPID_DROPLET_FORMATION,Lipid Droplet Formation,DOWN,15,0,13874,0,1.0,,,1.0
GO_BP,GOBP_LIPID_DROPLET_ORGANIZATION,Lipid Droplet Organization,DOWN,35,0,13874,0,1.0,,,1.0
GO_BP,GOBP_LIPID_EXPORT_FROM_CELL,Lipid Export From Cell,DOWN,24,0,13874,0,1.0,,,1.0
GO_BP,GOBP_LIPID_HOMEOSTASIS,Lipid Homeostasis,DOWN,121,0,13874,0,1.0,,,1.0
GO_BP,GOBP_LIPID_IMPORT_INTO_CELL,Lipid Import Into Cell,DOWN,18,0,13874,0,1.0,,,1.0
GO_BP,GOBP_LIPID_LOCALIZATION,Lipid Localization,DOWN,286,0,13874,0,1.0,,,1.0
GO_BP,GOBP_LIPID_MODIFICATION,Lipid Modification,DOWN,138,0,13874,0,1.0,,,1.0
GO_BP,GOBP_LIPID_OXIDATION,Lipid Oxidation,DOWN,90,0,13874,0,1.0,,,1.0
GO_BP,GOBP_LIPID_TRANSLOCATION,Lipid Translocation,DOWN,43,0,13874,0,1.0,,,1.0
GO_BP,GOBP_LIPOPOLYSACCHARIDE_MEDIATED_SIGNALING_PATHWAY,Lipopolysaccharide Mediated Signaling Pathway,DOWN,42,0,13874,0,1.0,,,1.0
GO_BP,GOBP_LIPOPROTEIN_BIOSYNTHETIC_PROCESS,Lipoprotein Biosynthetic Process,DOWN,38,0,13874,0,1.0,,,1.0
GO_BP,GOBP_LIPOPROTEIN_LOCALIZATION,Lipoprotein Localization,DOWN,18,0,13874,0,1.0,,,1.0
GO_BP,GOBP_LIPOPROTEIN_METABOLIC_PROCESS,Lipoprotein Metabolic Process,DOWN,63,0,13874,0,1.0,,,1.0
GO_BP,GOBP_LIPOSACCHARIDE_METABOLIC_PROCESS,Liposaccharide Metabolic Process,DOWN,92,0,13874,0,1.0,,,1.0
GO_BP,GOBP_LIVER_MORPHOGENESIS,Liver Morphogenesis,DOWN,17,0,13874,0,1.0,,,1.0
GO_BP,GOBP_LIVER_REGENERATION,Liver Regeneration,DOWN,19,0,13874,0,1.0,,,1.0
GO_BP,GOBP_LOCOMOTORY_BEHAVIOR,Locomotory Behavior,DOWN,134,0,13874,0,1.0,,,1.0
GO_BP,GOBP_LONG_CHAIN_FATTY_ACID_IMPORT_INTO_CELL,Long Chain Fatty Acid Import Into Cell,DOWN,15,0,13874,0,1.0,,,1.0
GO_BP,GOBP_LONG_CHAIN_FATTY_ACID_METABOLIC_PROCESS,Long Chain Fatty Acid Metabolic Process,DOWN,61,0,13874,0,1.0,,,1.0
GO_BP,GOBP_LONG_CHAIN_FATTY_ACID_TRANSPORT,Long Chain Fatty Acid Transport,DOWN,38,0,13874,0,1.0,,,1.0
GO_BP,GOBP_LONG_CHAIN_FATTY_ACYL_COA_METABOLIC_PROCESS,Long Chain Fatty Acyl Coa Metabolic Process,DOWN,17,0,13874,0,1.0,,,1.0
GO_BP,GOBP_LONG_TERM_MEMORY,Long Term Memory,DOWN,23,0,13874,0,1.0,,,1.0
GO_BP,GOBP_LONG_TERM_SYNAPTIC_DEPRESSION,Long Term Synaptic Depression,DOWN,20,0,13874,0,1.0,,,1.0
GO_BP,GOBP_LONG_TERM_SYNAPTIC_POTENTIATION,Long Term Synaptic Potentiation,DOWN,62,0,13874,0,1.0,,,1.0
GO_BP,GOBP_LOW_DENSITY_LIPOPROTEIN_PARTICLE_CLEARANCE,Low Density Lipoprotein Particle Clearance,DOWN,23,0,13874,0,1.0,,,1.0
GO_BP,GOBP_LUNG_ALVEOLUS_DEVELOPMENT,Lung Alveolus Development,DOWN,38,0,13874,0,1.0,,,1.0
GO_BP,GOBP_LUNG_CELL_DIFFERENTIATION,Lung Cell Differentiation,DOWN,17,0,13874,0,1.0,,,1.0
GO_BP,GOBP_LUNG_EPITHELIUM_DEVELOPMENT,Lung Epithelium Development,DOWN,30,0,13874,0,1.0,,,1.0
GO_BP,GOBP_LUNG_MORPHOGENESIS,Lung Morphogenesis,DOWN,42,0,13874,0,1.0,,,1.0
GO_BP,GOBP_LYMPHOCYTE_ACTIVATION_INVOLVED_IN_IMMUNE_RESPONSE,Lymphocyte Activation Involved In Immune Response,DOWN,148,0,13874,0,1.0,,,1.0
GO_BP,GOBP_LYMPHOCYTE_APOPTOTIC_PROCESS,Lymphocyte Apoptotic Process,DOWN,52,0,13874,0,1.0,,,1.0
GO_BP,GOBP_LYMPHOCYTE_CHEMOTAXIS,Lymphocyte Chemotaxis,DOWN,22,0,13874,0,1.0,,,1.0
GO_BP,GOBP_LYMPHOCYTE_COSTIMULATION,Lymphocyte Costimulation,DOWN,26,0,13874,0,1.0,,,1.0
GO_BP,GOBP_LYMPHOCYTE_DIFFERENTIATION,Lymphocyte Differentiation,DOWN,293,0,13874,0,1.0,,,1.0
GO_BP,GOBP_LYMPHOCYTE_HOMEOSTASIS,Lymphocyte Homeostasis,DOWN,70,0,13874,0,1.0,,,1.0
GO_BP,GOBP_LYMPHOCYTE_MEDIATED_IMMUNITY,Lymphocyte Mediated Immunity,DOWN,165,0,13874,0,1.0,,,1.0
GO_BP,GOBP_LYMPHOCYTE_MIGRATION,Lymphocyte Migration,DOWN,64,0,13874,0,1.0,,,1.0
GO_BP,GOBP_LYMPH_VESSEL_DEVELOPMENT,Lymph Vessel Development,DOWN,21,0,13874,0,1.0,,,1.0
GO_BP,GOBP_LYMPH_VESSEL_MORPHOGENESIS,Lymph Vessel Morphogenesis,DOWN,16,0,13874,0,1.0,,,1.0
GO_BP,GOBP_LYSOSOMAL_LUMEN_ACIDIFICATION,Lysosomal Lumen Acidification,DOWN,21,0,13874,0,1.0,,,1.0
GO_BP,GOBP_LYSOSOMAL_MEMBRANE_ORGANIZATION,Lysosomal Membrane Organization,DOWN,16,0,13874,0,1.0,,,1.0
GO_BP,GOBP_LYSOSOMAL_TRANSPORT,Lysosomal Transport,DOWN,120,0,13874,0,1.0,,,1.0
GO_BP,GOBP_LYTIC_VACUOLE_ORGANIZATION,Lytic Vacuole Organization,DOWN,102,0,13874,0,1.0,,,1.0
GO_BP,GOBP_L_ALPHA_AMINO_ACID_TRANSMEMBRANE_TRANSPORT,L Alpha Amino Acid Transmembrane Transport,DOWN,48,0,13874,0,1.0,,,1.0
GO_BP,GOBP_L_AMINO_ACID_CATABOLIC_PROCESS,L Amino Acid Catabolic Process,DOWN,52,0,13874,0,1.0,,,1.0
GO_BP,GOBP_L_AMINO_ACID_METABOLIC_PROCESS,L Amino Acid Metabolic Process,DOWN,113,0,13874,0,1.0,,,1.0
GO_BP,GOBP_L_AMINO_ACID_TRANSPORT,L Amino Acid Transport,DOWN,59,0,13874,0,1.0,,,1.0
GO_BP,GOBP_L_GLUTAMATE_IMPORT,L Glutamate Import,DOWN,29,0,13874,0,1.0,,,1.0
GO_BP,GOBP_L_GLUTAMATE_TRANSMEMBRANE_TRANSPORT,L Glutamate Transmembrane Transport,DOWN,23,0,13874,0,1.0,,,1.0
GO_BP,GOBP_MACROAUTOPHAGY,Macroautophagy,DOWN,354,0,13874,0,1.0,,,1.0
GO_BP,GOBP_MACROMOLECULE_DEACYLATION,Macromolecule Deacylation,DOWN,44,0,13874,0,1.0,,,1.0
GO_BP,GOBP_MACROMOLECULE_DEPALMITOYLATION,Macromolecule Depalmitoylation,DOWN,15,0,13874,0,1.0,,,1.0
GO_BP,GOBP_MACROMOLECULE_METHYLATION,Macromolecule Methylation,DOWN,123,0,13874,0,1.0,,,1.0
GO_BP,GOBP_MACROPHAGE_ACTIVATION,Macrophage Activation,DOWN,59,0,13874,0,1.0,,,1.0
GO_BP,GOBP_MACROPHAGE_CHEMOTAXIS,Macrophage Chemotaxis,DOWN,24,0,13874,0,1.0,,,1.0
GO_BP,GOBP_MACROPHAGE_DIFFERENTIATION,Macrophage Differentiation,DOWN,46,0,13874,0,1.0,,,1.0
GO_BP,GOBP_MACROPHAGE_MIGRATION,Macrophage Migration,DOWN,32,0,13874,0,1.0,,,1.0
GO_BP,GOBP_MAGNESIUM_ION_TRANSPORT,Magnesium Ion Transport,DOWN,17,0,13874,0,1.0,,,1.0
GO_BP,GOBP_MAINTENANCE_OF_BLOOD_BRAIN_BARRIER,Maintenance Of Blood Brain Barrier,DOWN,23,0,13874,0,1.0,,,1.0
GO_BP,GOBP_MAINTENANCE_OF_CELL_NUMBER,Maintenance Of Cell Number,DOWN,157,0,13874,0,1.0,,,1.0
GO_BP,GOBP_MAINTENANCE_OF_LOCATION,Maintenance Of Location,DOWN,149,0,13874,0,1.0,,,1.0
GO_BP,GOBP_MAINTENANCE_OF_PROTEIN_LOCALIZATION_IN_ORGANELLE,Maintenance Of Protein Localization In Organelle,DOWN,38,0,13874,0,1.0,,,1.0
GO_BP,GOBP_MAINTENANCE_OF_PROTEIN_LOCATION,Maintenance Of Protein Location,DOWN,52,0,13874,0,1.0,,,1.0
GO_BP,GOBP_MAINTENANCE_OF_PROTEIN_LOCATION_IN_NUCLEUS,Maintenance Of Protein Location In Nucleus,DOWN,21,0,13874,0,1.0,,,1.0
GO_BP,GOBP_MAINTENANCE_OF_SYNAPSE_STRUCTURE,Maintenance Of Synapse Structure,DOWN,22,0,13874,0,1.0,,,1.0
GO_BP,GOBP_MALE_GAMETE_GENERATION,Male Gamete Generation,DOWN,415,0,13874,0,1.0,,,1.0
GO_BP,GOBP_MALE_MEIOSIS_I,Male Meiosis I,DOWN,15,0,13874,0,1.0,,,1.0
GO_BP,GOBP_MALE_MEIOTIC_NUCLEAR_DIVISION,Male Meiotic Nuclear Division,DOWN,25,0,13874,0,1.0,,,1.0
GO_BP,GOBP_MALE_SEX_DIFFERENTIATION,Male Sex Differentiation,DOWN,100,0,13874,0,1.0,,,1.0
GO_BP,GOBP_MAMMARY_GLAND_DEVELOPMENT,Mammary Gland Development,DOWN,104,0,13874,0,1.0,,,1.0
GO_BP,GOBP_MAMMARY_GLAND_DUCT_MORPHOGENESIS,Mammary Gland Duct Morphogenesis,DOWN,27,0,13874,0,1.0,,,1.0
GO_BP,GOBP_MAMMARY_GLAND_EPITHELIAL_CELL_PROLIFERATION,Mammary Gland Epithelial Cell Proliferation,DOWN,24,0,13874,0,1.0,,,1.0
GO_BP,GOBP_MAMMARY_GLAND_EPITHELIUM_DEVELOPMENT,Mammary Gland Epithelium Development,DOWN,57,0,13874,0,1.0,,,1.0
GO_BP,GOBP_MAMMARY_GLAND_MORPHOGENESIS,Mammary Gland Morphogenesis,DOWN,38,0,13874,0,1.0,,,1.0
GO_BP,GOBP_MAST_CELL_ACTIVATION,Mast Cell Activation,DOWN,34,0,13874,0,1.0,,,1.0
GO_BP,GOBP_MAST_CELL_ACTIVATION_INVOLVED_IN_IMMUNE_RESPONSE,Mast Cell Activation Involved In Immune Response,DOWN,30,0,13874,0,1.0,,,1.0
GO_BP,GOBP_MATERNAL_PLACENTA_DEVELOPMENT,Maternal Placenta Development,DOWN,28,0,13874,0,1.0,,,1.0
GO_BP,GOBP_MATERNAL_PROCESS_INVOLVED_IN_FEMALE_PREGNANCY,Maternal Process Involved In Female Pregnancy,DOWN,38,0,13874,0,1.0,,,1.0
GO_BP,GOBP_MATING_BEHAVIOR,Mating Behavior,DOWN,16,0,13874,0,1.0,,,1.0
GO_BP,GOBP_MATURATION_OF_5_8S_RRNA,Maturation Of 5 8S Rrna,DOWN,41,0,13874,0,1.0,,,1.0
GO_BP,GOBP_MATURATION_OF_5_8S_RRNA_FROM_TRICISTRONIC_RRNA_TRANSCRIPT_SSU_RRNA_5_8S_RRNA_LSU_RRNA,Maturation Of 5 8S Rrna From Tricistronic Rrna Transcript Ssu Rrna 5 8S Rrna Lsu Rrna,DOWN,31,0,13874,0,1.0,,,1.0
GO_BP,GOBP_MATURATION_OF_LSU_RRNA,Maturation Of Lsu Rrna,DOWN,30,0,13874,0,1.0,,,1.0
GO_BP,GOBP_MATURATION_OF_LSU_RRNA_FROM_TRICISTRONIC_RRNA_TRANSCRIPT_SSU_RRNA_5_8S_RRNA_LSU_RRNA,Maturation Of Lsu Rrna From Tricistronic Rrna Transcript Ssu Rrna 5 8S Rrna Lsu Rrna,DOWN,21,0,13874,0,1.0,,,1.0
GO_BP,GOBP_MATURATION_OF_SSU_RRNA,Maturation Of Ssu Rrna,DOWN,70,0,13874,0,1.0,,,1.0
GO_BP,GOBP_MATURATION_OF_SSU_RRNA_FROM_TRICISTRONIC_RRNA_TRANSCRIPT_SSU_RRNA_5_8S_RRNA_LSU_RRNA,Maturation Of Ssu Rrna From Tricistronic Rrna Transcript Ssu Rrna 5 8S Rrna Lsu Rrna,DOWN,34,0,13874,0,1.0,,,1.0
GO_BP,GOBP_MATURE_B_CELL_DIFFERENTIATION,Mature B Cell Differentiation,DOWN,21,0,13874,0,1.0,,,1.0
GO_BP,GOBP_MECHANORECEPTOR_DIFFERENTIATION,Mechanoreceptor Differentiation,DOWN,43,0,13874,0,1.0,,,1.0
GO_BP,GOBP_MEGAKARYOCYTE_DEVELOPMENT,Megakaryocyte Development,DOWN,16,0,13874,0,1.0,,,1.0
GO_BP,GOBP_MEGAKARYOCYTE_DIFFERENTIATION,Megakaryocyte Differentiation,DOWN,48,0,13874,0,1.0,,,1.0
GO_BP,GOBP_MEIOSIS_I_CELL_CYCLE_PROCESS,Meiosis I Cell Cycle Process,DOWN,82,0,13874,0,1.0,,,1.0
GO_BP,GOBP_MEIOTIC_CELL_CYCLE,Meiotic Cell Cycle,DOWN,201,0,13874,0,1.0,,,1.0
GO_BP,GOBP_MEIOTIC_CELL_CYCLE_PROCESS,Meiotic Cell Cycle Process,DOWN,139,0,13874,0,1.0,,,1.0
GO_BP,GOBP_MEIOTIC_CHROMOSOME_SEGREGATION,Meiotic Chromosome Segregation,DOWN,57,0,13874,0,1.0,,,1.0
GO_BP,GOBP_MEIOTIC_SPINDLE_ORGANIZATION,Meiotic Spindle Organization,DOWN,20,0,13874,0,1.0,,,1.0
GO_BP,GOBP_MELANOCYTE_DIFFERENTIATION,Melanocyte Differentiation,DOWN,15,0,13874,0,1.0,,,1.0
GO_BP,GOBP_MELANOSOME_ASSEMBLY,Melanosome Assembly,DOWN,19,0,13874,0,1.0,,,1.0
GO_BP,GOBP_MEMBRANELESS_ORGANELLE_ASSEMBLY,Membraneless Organelle Assembly,DOWN,367,0,13874,0,1.0,,,1.0
GO_BP,GOBP_MEMBRANE_BIOGENESIS,Membrane Biogenesis,DOWN,61,0,13874,0,1.0,,,1.0
GO_BP,GOBP_MEMBRANE_DEPOLARIZATION,Membrane Depolarization,DOWN,58,0,13874,0,1.0,,,1.0
GO_BP,GOBP_MEMBRANE_DEPOLARIZATION_DURING_ACTION_POTENTIAL,Membrane Depolarization During Action Potential,DOWN,22,0,13874,0,1.0,,,1.0
GO_BP,GOBP_MEMBRANE_DOCKING,Membrane Docking,DOWN,72,0,13874,0,1.0,,,1.0
GO_BP,GOBP_MEMBRANE_FISSION,Membrane Fission,DOWN,43,0,13874,0,1.0,,,1.0
GO_BP,GOBP_MEMBRANE_FUSION,Membrane Fusion,DOWN,135,0,13874,0,1.0,,,1.0
GO_BP,GOBP_MEMBRANE_INVAGINATION,Membrane Invagination,DOWN,42,0,13874,0,1.0,,,1.0
GO_BP,GOBP_MEMBRANE_LIPID_BIOSYNTHETIC_PROCESS,Membrane Lipid Biosynthetic Process,DOWN,117,0,13874,0,1.0,,,1.0
GO_BP,GOBP_MEMBRANE_LIPID_CATABOLIC_PROCESS,Membrane Lipid Catabolic Process,DOWN,40,0,13874,0,1.0,,,1.0
GO_BP,GOBP_MEMBRANE_LIPID_METABOLIC_PROCESS,Membrane Lipid Metabolic Process,DOWN,162,0,13874,0,1.0,,,1.0
GO_BP,GOBP_MEMBRANE_PROTEIN_ECTODOMAIN_PROTEOLYSIS,Membrane Protein Ectodomain Proteolysis,DOWN,39,0,13874,0,1.0,,,1.0
GO_BP,GOBP_MEMBRANE_PROTEIN_PROTEOLYSIS,Membrane Protein Proteolysis,DOWN,49,0,13874,0,1.0,,,1.0
GO_BP,GOBP_MEMBRANE_RAFT_ORGANIZATION,Membrane Raft Organization,DOWN,22,0,13874,0,1.0,,,1.0
GO_BP,GOBP_MEMBRANE_REPOLARIZATION,Membrane Repolarization,DOWN,25,0,13874,0,1.0,,,1.0
GO_BP,GOBP_MEMORY,Memory,DOWN,83,0,13874,0,1.0,,,1.0
GO_BP,GOBP_MESENCHYMAL_CELL_DIFFERENTIATION,Mesenchymal Cell Differentiation,DOWN,188,0,13874,0,1.0,,,1.0
GO_BP,GOBP_MESENCHYMAL_CELL_MIGRATION,Mesenchymal Cell Migration,DOWN,44,0,13874,0,1.0,,,1.0
GO_BP,GOBP_MESENCHYMAL_CELL_PROLIFERATION,Mesenchymal Cell Proliferation,DOWN,36,0,13874,0,1.0,,,1.0
GO_BP,GOBP_MESENCHYME_DEVELOPMENT,Mesenchyme Development,DOWN,224,0,13874,0,1.0,,,1.0
GO_BP,GOBP_MESENCHYME_MORPHOGENESIS,Mesenchyme Morphogenesis,DOWN,47,0,13874,0,1.0,,,1.0
GO_BP,GOBP_MESODERMAL_CELL_DIFFERENTIATION,Mesodermal Cell Differentiation,DOWN,23,0,13874,0,1.0,,,1.0
GO_BP,GOBP_MESODERM_DEVELOPMENT,Mesoderm Development,DOWN,80,0,13874,0,1.0,,,1.0
GO_BP,GOBP_MESODERM_MORPHOGENESIS,Mesoderm Morphogenesis,DOWN,51,0,13874,0,1.0,,,1.0
GO_BP,GOBP_MESONEPHRIC_TUBULE_MORPHOGENESIS,Mesonephric Tubule Morphogenesis,DOWN,43,0,13874,0,1.0,,,1.0
GO_BP,GOBP_MESONEPHROS_DEVELOPMENT,Mesonephros Development,DOWN,69,0,13874,0,1.0,,,1.0
GO_BP,GOBP_METABOLIC_COMPOUND_SALVAGE,Metabolic Compound Salvage,DOWN,38,0,13874,0,1.0,,,1.0
GO_BP,GOBP_METALLO_SULFUR_CLUSTER_ASSEMBLY,Metallo Sulfur Cluster Assembly,DOWN,26,0,13874,0,1.0,,,1.0
GO_BP,GOBP_METAL_ION_TRANSPORT,Metal Ion Transport,DOWN,456,0,13874,0,1.0,,,1.0
GO_BP,GOBP_METANEPHRIC_NEPHRON_DEVELOPMENT,Metanephric Nephron Development,DOWN,25,0,13874,0,1.0,,,1.0
GO_BP,GOBP_METANEPHRIC_NEPHRON_MORPHOGENESIS,Metanephric Nephron Morphogenesis,DOWN,15,0,13874,0,1.0,,,1.0
GO_BP,GOBP_METANEPHROS_DEVELOPMENT,Metanephros Development,DOWN,57,0,13874,0,1.0,,,1.0
GO_BP,GOBP_METANEPHROS_MORPHOGENESIS,Metanephros Morphogenesis,DOWN,17,0,13874,0,1.0,,,1.0
GO_BP,GOBP_METAPHASE_CHROMOSOME_ALIGNMENT,Metaphase Chromosome Alignment,DOWN,88,0,13874,0,1.0,,,1.0
GO_BP,GOBP_METENCEPHALON_DEVELOPMENT,Metencephalon Development,DOWN,86,0,13874,0,1.0,,,1.0
GO_BP,GOBP_METHYLATION,Methylation,DOWN,199,0,13874,0,1.0,,,1.0
GO_BP,GOBP_MICROAUTOPHAGY,Microautophagy,DOWN,21,0,13874,0,1.0,,,1.0
GO_BP,GOBP_MICROTUBULE_ANCHORING,Microtubule Anchoring,DOWN,23,0,13874,0,1.0,,,1.0
GO_BP,GOBP_MICROTUBULE_BASED_MOVEMENT,Microtubule Based Movement,DOWN,337,0,13874,0,1.0,,,1.0
GO_BP,GOBP_MICROTUBULE_BASED_TRANSPORT,Microtubule Based Transport,DOWN,197,0,13874,0,1.0,,,1.0
GO_BP,GOBP_MICROTUBULE_BUNDLE_FORMATION,Microtubule Bundle Formation,DOWN,73,0,13874,0,1.0,,,1.0
GO_BP,GOBP_MICROTUBULE_CYTOSKELETON_ORGANIZATION_INVOLVED_IN_MITOSIS,Microtubule Cytoskeleton Organization Involved In Mitosis,DOWN,145,0,13874,0,1.0,,,1.0
GO_BP,GOBP_MICROTUBULE_DEPOLYMERIZATION,Microtubule Depolymerization,DOWN,40,0,13874,0,1.0,,,1.0
GO_BP,GOBP_MICROTUBULE_NUCLEATION,Microtubule Nucleation,DOWN,48,0,13874,0,1.0,,,1.0
GO_BP,GOBP_MICROTUBULE_ORGANIZING_CENTER_LOCALIZATION,Microtubule Organizing Center Localization,DOWN,27,0,13874,0,1.0,,,1.0
GO_BP,GOBP_MICROTUBULE_ORGANIZING_CENTER_ORGANIZATION,Microtubule Organizing Center Organization,DOWN,137,0,13874,0,1.0,,,1.0
GO_BP,GOBP_MICROTUBULE_POLYMERIZATION,Microtubule Polymerization,DOWN,92,0,13874,0,1.0,,,1.0
GO_BP,GOBP_MICROTUBULE_POLYMERIZATION_OR_DEPOLYMERIZATION,Microtubule Polymerization Or Depolymerization,DOWN,122,0,13874,0,1.0,,,1.0
GO_BP,GOBP_MICROVILLUS_ORGANIZATION,Microvillus Organization,DOWN,16,0,13874,0,1.0,,,1.0
GO_BP,GOBP_MIDBODY_ABSCISSION,Midbody Abscission,DOWN,18,0,13874,0,1.0,,,1.0
GO_BP,GOBP_MIDBRAIN_DEVELOPMENT,Midbrain Development,DOWN,65,0,13874,0,1.0,,,1.0
GO_BP,GOBP_MIDDLE_EAR_MORPHOGENESIS,Middle Ear Morphogenesis,DOWN,16,0,13874,0,1.0,,,1.0
GO_BP,GOBP_MIRNA_CATABOLIC_PROCESS,Mirna Catabolic Process,DOWN,16,0,13874,0,1.0,,,1.0
GO_BP,GOBP_MIRNA_MEDIATED_GENE_SILENCING_BY_INHIBITION_OF_TRANSLATION,Mirna Mediated Gene Silencing By Inhibition Of Translation,DOWN,20,0,13874,0,1.0,,,1.0
GO_BP,GOBP_MIRNA_METABOLIC_PROCESS,Mirna Metabolic Process,DOWN,86,0,13874,0,1.0,,,1.0
GO_BP,GOBP_MIRNA_PROCESSING,Mirna Processing,DOWN,42,0,13874,0,1.0,,,1.0
GO_BP,GOBP_MIRNA_TRANSCRIPTION,Mirna Transcription,DOWN,56,0,13874,0,1.0,,,1.0
GO_BP,GOBP_MISMATCH_REPAIR,Mismatch Repair,DOWN,30,0,13874,0,1.0,,,1.0
GO_BP,GOBP_MITOCHONDRIAL_CALCIUM_ION_HOMEOSTASIS,Mitochondrial Calcium Ion Homeostasis,DOWN,22,0,13874,0,1.0,,,1.0
GO_BP,GOBP_MITOCHONDRIAL_CALCIUM_ION_TRANSMEMBRANE_TRANSPORT,Mitochondrial Calcium Ion Transmembrane Transport,DOWN,22,0,13874,0,1.0,,,1.0
GO_BP,GOBP_MITOCHONDRIAL_DEPOLARIZATION,Mitochondrial Depolarization,DOWN,21,0,13874,0,1.0,,,1.0
GO_BP,GOBP_MITOCHONDRIAL_DNA_METABOLIC_PROCESS,Mitochondrial Dna Metabolic Process,DOWN,19,0,13874,0,1.0,,,1.0
GO_BP,GOBP_MITOCHONDRIAL_DNA_REPLICATION,Mitochondrial Dna Replication,DOWN,15,0,13874,0,1.0,,,1.0
GO_BP,GOBP_MITOCHONDRIAL_ELECTRON_TRANSPORT_CYTOCHROME_C_TO_OXYGEN,Mitochondrial Electron Transport Cytochrome C To Oxygen,DOWN,17,0,13874,0,1.0,,,1.0
GO_BP,GOBP_MITOCHONDRIAL_ELECTRON_TRANSPORT_NADH_TO_UBIQUINONE,Mitochondrial Electron Transport Nadh To Ubiquinone,DOWN,49,0,13874,0,1.0,,,1.0
GO_BP,GOBP_MITOCHONDRIAL_FISSION,Mitochondrial Fission,DOWN,39,0,13874,0,1.0,,,1.0
GO_BP,GOBP_MITOCHONDRIAL_FUSION,Mitochondrial Fusion,DOWN,34,0,13874,0,1.0,,,1.0
GO_BP,GOBP_MITOCHONDRIAL_GENE_EXPRESSION,Mitochondrial Gene Expression,DOWN,166,0,13874,0,1.0,,,1.0
GO_BP,GOBP_MITOCHONDRIAL_LARGE_RIBOSOMAL_SUBUNIT_ASSEMBLY,Mitochondrial Large Ribosomal Subunit Assembly,DOWN,15,0,13874,0,1.0,,,1.0
GO_BP,GOBP_MITOCHONDRIAL_MEMBRANE_ORGANIZATION,Mitochondrial Membrane Organization,DOWN,107,0,13874,0,1.0,,,1.0
GO_BP,GOBP_MITOCHONDRIAL_OUTER_MEMBRANE_PERMEABILIZATION,Mitochondrial Outer Membrane Permeabilization,DOWN,28,0,13874,0,1.0,,,1.0
GO_BP,GOBP_MITOCHONDRIAL_RESPIRATORY_CHAIN_COMPLEX_ASSEMBLY,Mitochondrial Respiratory Chain Complex Assembly,DOWN,94,0,13874,0,1.0,,,1.0
GO_BP,GOBP_MITOCHONDRIAL_RIBOSOME_ASSEMBLY,Mitochondrial Ribosome Assembly,DOWN,26,0,13874,0,1.0,,,1.0
GO_BP,GOBP_MITOCHONDRIAL_RNA_METABOLIC_PROCESS,Mitochondrial Rna Metabolic Process,DOWN,61,0,13874,0,1.0,,,1.0
GO_BP,GOBP_MITOCHONDRIAL_RNA_MODIFICATION,Mitochondrial Rna Modification,DOWN,16,0,13874,0,1.0,,,1.0
GO_BP,GOBP_MITOCHONDRIAL_RNA_PROCESSING,Mitochondrial Rna Processing,DOWN,29,0,13874,0,1.0,,,1.0
GO_BP,GOBP_MITOCHONDRIAL_TRANSCRIPTION,Mitochondrial Transcription,DOWN,18,0,13874,0,1.0,,,1.0
GO_BP,GOBP_MITOCHONDRIAL_TRANSLATION,Mitochondrial Translation,DOWN,127,0,13874,0,1.0,,,1.0
GO_BP,GOBP_MITOCHONDRIAL_TRANSMEMBRANE_TRANSPORT,Mitochondrial Transmembrane Transport,DOWN,20,0,13874,0,1.0,,,1.0
GO_BP,GOBP_MITOCHONDRIAL_TRANSPORT,Mitochondrial Transport,DOWN,80,0,13874,0,1.0,,,1.0
GO_BP,GOBP_MITOCHONDRIAL_TRNA_PROCESSING,Mitochondrial Trna Processing,DOWN,17,0,13874,0,1.0,,,1.0
GO_BP,GOBP_MITOCHONDRION_LOCALIZATION,Mitochondrion Localization,DOWN,51,0,13874,0,1.0,,,1.0
GO_BP,GOBP_MITOCHONDRION_ORGANIZATION,Mitochondrion Organization,DOWN,373,0,13874,0,1.0,,,1.0
GO_BP,GOBP_MITOPHAGY,Mitophagy,DOWN,90,0,13874,0,1.0,,,1.0
GO_BP,GOBP_MITOTIC_CELL_CYCLE_CHECKPOINT_SIGNALING,Mitotic Cell Cycle Checkpoint Signaling,DOWN,123,0,13874,0,1.0,,,1.0
GO_BP,GOBP_MITOTIC_CELL_CYCLE_PHASE_TRANSITION,Mitotic Cell Cycle Phase Transition,DOWN,385,0,13874,0,1.0,,,1.0
GO_BP,GOBP_MITOTIC_CHROMOSOME_CONDENSATION,Mitotic Chromosome Condensation,DOWN,17,0,13874,0,1.0,,,1.0
GO_BP,GOBP_MITOTIC_CYTOKINESIS,Mitotic Cytokinesis,DOWN,89,0,13874,0,1.0,,,1.0
GO_BP,GOBP_MITOTIC_CYTOKINETIC_PROCESS,Mitotic Cytokinetic Process,DOWN,32,0,13874,0,1.0,,,1.0
GO_BP,GOBP_MITOTIC_DNA_INTEGRITY_CHECKPOINT_SIGNALING,Mitotic Dna Integrity Checkpoint Signaling,DOWN,68,0,13874,0,1.0,,,1.0
GO_BP,GOBP_MITOTIC_DNA_REPLICATION,Mitotic Dna Replication,DOWN,16,0,13874,0,1.0,,,1.0
GO_BP,GOBP_MITOTIC_G1_S_TRANSITION_CHECKPOINT_SIGNALING,Mitotic G1 S Transition Checkpoint Signaling,DOWN,16,0,13874,0,1.0,,,1.0
GO_BP,GOBP_MITOTIC_G2_DNA_DAMAGE_CHECKPOINT_SIGNALING,Mitotic G2 Dna Damage Checkpoint Signaling,DOWN,32,0,13874,0,1.0,,,1.0
GO_BP,GOBP_MITOTIC_G2_M_TRANSITION_CHECKPOINT,Mitotic G2 M Transition Checkpoint,DOWN,50,0,13874,0,1.0,,,1.0
GO_BP,GOBP_MITOTIC_INTRA_S_DNA_DAMAGE_CHECKPOINT_SIGNALING,Mitotic Intra S Dna Damage Checkpoint Signaling,DOWN,16,0,13874,0,1.0,,,1.0
GO_BP,GOBP_MITOTIC_METAPHASE_CHROMOSOME_ALIGNMENT,Mitotic Metaphase Chromosome Alignment,DOWN,53,0,13874,0,1.0,,,1.0
GO_BP,GOBP_MITOTIC_NUCLEAR_DIVISION,Mitotic Nuclear Division,DOWN,234,0,13874,0,1.0,,,1.0
GO_BP,GOBP_MITOTIC_RECOMBINATION,Mitotic Recombination,DOWN,23,0,13874,0,1.0,,,1.0
GO_BP,GOBP_MITOTIC_SISTER_CHROMATID_COHESION,Mitotic Sister Chromatid Cohesion,DOWN,30,0,13874,0,1.0,,,1.0
GO_BP,GOBP_MITOTIC_SISTER_CHROMATID_SEGREGATION,Mitotic Sister Chromatid Segregation,DOWN,171,0,13874,0,1.0,,,1.0
GO_BP,GOBP_MITOTIC_SISTER_CHROMATID_SEPARATION,Mitotic Sister Chromatid Separation,DOWN,57,0,13874,0,1.0,,,1.0
GO_BP,GOBP_MITOTIC_SPINDLE_ASSEMBLY,Mitotic Spindle Assembly,DOWN,66,0,13874,0,1.0,,,1.0
GO_BP,GOBP_MITOTIC_SPINDLE_ORGANIZATION,Mitotic Spindle Organization,DOWN,119,0,13874,0,1.0,,,1.0
GO_BP,GOBP_MODIFICATION_OF_POSTSYNAPTIC_ACTIN_CYTOSKELETON,Modification Of Postsynaptic Actin Cytoskeleton,DOWN,15,0,13874,0,1.0,,,1.0
GO_BP,GOBP_MODIFICATION_OF_POSTSYNAPTIC_STRUCTURE,Modification Of Postsynaptic Structure,DOWN,23,0,13874,0,1.0,,,1.0
GO_BP,GOBP_MODIFICATION_OF_SYNAPTIC_STRUCTURE,Modification Of Synaptic Structure,DOWN,29,0,13874,0,1.0,,,1.0
GO_BP,GOBP_MODIFIED_AMINO_ACID_BIOSYNTHETIC_PROCESS,Modified Amino Acid Biosynthetic Process,DOWN,33,0,13874,0,1.0,,,1.0
GO_BP,GOBP_MODIFIED_AMINO_ACID_CATABOLIC_PROCESS,Modified Amino Acid Catabolic Process,DOWN,16,0,13874,0,1.0,,,1.0
GO_BP,GOBP_MODIFIED_AMINO_ACID_METABOLIC_PROCESS,Modified Amino Acid Metabolic Process,DOWN,125,0,13874,0,1.0,,,1.0
GO_BP,GOBP_MODIFIED_AMINO_ACID_TRANSPORT,Modified Amino Acid Transport,DOWN,26,0,13874,0,1.0,,,1.0
GO_BP,GOBP_MODULATION_BY_SYMBIONT_OF_ENTRY_INTO_HOST,Modulation By Symbiont Of Entry Into Host,DOWN,21,0,13874,0,1.0,,,1.0
GO_BP,GOBP_MODULATION_OF_EXCITATORY_POSTSYNAPTIC_POTENTIAL,Modulation Of Excitatory Postsynaptic Potential,DOWN,33,0,13874,0,1.0,,,1.0
GO_BP,GOBP_MODULATION_OF_PROCESS_OF_ANOTHER_ORGANISM,Modulation Of Process Of Another Organism,DOWN,87,0,13874,0,1.0,,,1.0
GO_BP,GOBP_MOLTING_CYCLE,Molting Cycle,DOWN,74,0,13874,0,1.0,,,1.0
GO_BP,GOBP_MOLTING_CYCLE_PROCESS,Molting Cycle Process,DOWN,66,0,13874,0,1.0,,,1.0
GO_BP,GOBP_MONOAMINE_TRANSPORT,Monoamine Transport,DOWN,30,0,13874,0,1.0,,,1.0
GO_BP,GOBP_MONOATOMIC_ANION_TRANSPORT,Monoatomic Anion Transport,DOWN,86,0,13874,0,1.0,,,1.0
GO_BP,GOBP_MONOATOMIC_ION_HOMEOSTASIS,Monoatomic Ion Homeostasis,DOWN,381,0,13874,0,1.0,,,1.0
GO_BP,GOBP_MONOCARBOXYLIC_ACID_BIOSYNTHETIC_PROCESS,Monocarboxylic Acid Biosynthetic Process,DOWN,146,0,13874,0,1.0,,,1.0
GO_BP,GOBP_MONOCARBOXYLIC_ACID_CATABOLIC_PROCESS,Monocarboxylic Acid Catabolic Process,DOWN,95,0,13874,0,1.0,,,1.0
GO_BP,GOBP_MONOCARBOXYLIC_ACID_METABOLIC_PROCESS,Monocarboxylic Acid Metabolic Process,DOWN,439,0,13874,0,1.0,,,1.0
GO_BP,GOBP_MONOCARBOXYLIC_ACID_TRANSPORT,Monocarboxylic Acid Transport,DOWN,86,0,13874,0,1.0,,,1.0
GO_BP,GOBP_MONOCYTE_CHEMOTAXIS,Monocyte Chemotaxis,DOWN,24,0,13874,0,1.0,,,1.0
GO_BP,GOBP_MONOCYTE_DIFFERENTIATION,Monocyte Differentiation,DOWN,29,0,13874,0,1.0,,,1.0
GO_BP,GOBP_MONONUCLEAR_CELL_DIFFERENTIATION,Mononuclear Cell Differentiation,DOWN,359,0,13874,0,1.0,,,1.0
GO_BP,GOBP_MONONUCLEAR_CELL_MIGRATION,Mononuclear Cell Migration,DOWN,124,0,13874,0,1.0,,,1.0
GO_BP,GOBP_MONOSACCHARIDE_BIOSYNTHETIC_PROCESS,Monosaccharide Biosynthetic Process,DOWN,72,0,13874,0,1.0,,,1.0
GO_BP,GOBP_MONOSACCHARIDE_CATABOLIC_PROCESS,Monosaccharide Catabolic Process,DOWN,42,0,13874,0,1.0,,,1.0
GO_BP,GOBP_MONOSACCHARIDE_METABOLIC_PROCESS,Monosaccharide Metabolic Process,DOWN,201,0,13874,0,1.0,,,1.0
GO_BP,GOBP_MONOSACCHARIDE_TRANSMEMBRANE_TRANSPORT,Monosaccharide Transmembrane Transport,DOWN,77,0,13874,0,1.0,,,1.0
GO_BP,GOBP_MORPHOGENESIS_OF_AN_EPITHELIAL_SHEET,Morphogenesis Of An Epithelial Sheet,DOWN,53,0,13874,0,1.0,,,1.0
GO_BP,GOBP_MORPHOGENESIS_OF_AN_EPITHELIUM,Morphogenesis Of An Epithelium,DOWN,358,0,13874,0,1.0,,,1.0
GO_BP,GOBP_MORPHOGENESIS_OF_A_BRANCHING_STRUCTURE,Morphogenesis Of A Branching Structure,DOWN,141,0,13874,0,1.0,,,1.0
GO_BP,GOBP_MORPHOGENESIS_OF_A_POLARIZED_EPITHELIUM,Morphogenesis Of A Polarized Epithelium,DOWN,42,0,13874,0,1.0,,,1.0
GO_BP,GOBP_MORPHOGENESIS_OF_EMBRYONIC_EPITHELIUM,Morphogenesis Of Embryonic Epithelium,DOWN,115,0,13874,0,1.0,,,1.0
GO_BP,GOBP_MOTILE_CILIUM_ASSEMBLY,Motile Cilium Assembly,DOWN,56,0,13874,0,1.0,,,1.0
GO_BP,GOBP_MOTOR_BEHAVIOR,Motor Behavior,DOWN,24,0,13874,0,1.0,,,1.0
GO_BP,GOBP_MOTOR_NEURON_AXON_GUIDANCE,Motor Neuron Axon Guidance,DOWN,19,0,13874,0,1.0,,,1.0
GO_BP,GOBP_MRNA_3_END_PROCESSING,Mrna 3 End Processing,DOWN,44,0,13874,0,1.0,,,1.0
GO_BP,GOBP_MRNA_CATABOLIC_PROCESS,Mrna Catabolic Process,DOWN,255,0,13874,0,1.0,,,1.0
GO_BP,GOBP_MRNA_CIS_SPLICING_VIA_SPLICEOSOME,Mrna Cis Splicing Via Spliceosome,DOWN,29,0,13874,0,1.0,,,1.0
GO_BP,GOBP_MRNA_EXPORT_FROM_NUCLEUS,Mrna Export From Nucleus,DOWN,68,0,13874,0,1.0,,,1.0
GO_BP,GOBP_MRNA_METHYLGUANOSINE_CAP_DECAPPING,Mrna Methylguanosine Cap Decapping,DOWN,24,0,13874,0,1.0,,,1.0
GO_BP,GOBP_MRNA_MODIFICATION,Mrna Modification,DOWN,23,0,13874,0,1.0,,,1.0
GO_BP,GOBP_MRNA_PROCESSING,Mrna Processing,DOWN,455,0,13874,0,1.0,,,1.0
GO_BP,GOBP_MRNA_SPLICE_SITE_RECOGNITION,Mrna Splice Site Recognition,DOWN,26,0,13874,0,1.0,,,1.0
GO_BP,GOBP_MRNA_TRANSCRIPTION,Mrna Transcription,DOWN,51,0,13874,0,1.0,,,1.0
GO_BP,GOBP_MRNA_TRANSPORT,Mrna Transport,DOWN,123,0,13874,0,1.0,,,1.0
GO_BP,GOBP_MULTICELLULAR_ORGANISMAL_LEVEL_CHEMICAL_HOMEOSTASIS,Multicellular Organismal Level Chemical Homeostasis,DOWN,56,0,13874,0,1.0,,,1.0
GO_BP,GOBP_MULTICELLULAR_ORGANISMAL_LEVEL_IRON_ION_HOMEOSTASIS,Multicellular Organismal Level Iron Ion Homeostasis,DOWN,19,0,13874,0,1.0,,,1.0
GO_BP,GOBP_MULTICELLULAR_ORGANISMAL_LEVEL_WATER_HOMEOSTASIS,Multicellular Organismal Level Water Homeostasis,DOWN,27,0,13874,0,1.0,,,1.0
GO_BP,GOBP_MULTICELLULAR_ORGANISMAL_MOVEMENT,Multicellular Organismal Movement,DOWN,34,0,13874,0,1.0,,,1.0
GO_BP,GOBP_MULTICELLULAR_ORGANISMAL_RESPONSE_TO_STRESS,Multicellular Organismal Response To Stress,DOWN,53,0,13874,0,1.0,,,1.0
GO_BP,GOBP_MULTICELLULAR_ORGANISM_GROWTH,Multicellular Organism Growth,DOWN,133,0,13874,0,1.0,,,1.0
GO_BP,GOBP_MULTIVESICULAR_BODY_ORGANIZATION,Multivesicular Body Organization,DOWN,31,0,13874,0,1.0,,,1.0
GO_BP,GOBP_MULTIVESICULAR_BODY_SORTING_PATHWAY,Multivesicular Body Sorting Pathway,DOWN,47,0,13874,0,1.0,,,1.0
GO_BP,GOBP_MULTI_MULTICELLULAR_ORGANISM_PROCESS,Multi Multicellular Organism Process,DOWN,126,0,13874,0,1.0,,,1.0
GO_BP,GOBP_MUSCLE_ADAPTATION,Muscle Adaptation,DOWN,66,0,13874,0,1.0,,,1.0
GO_BP,GOBP_MUSCLE_CELL_APOPTOTIC_PROCESS,Muscle Cell Apoptotic Process,DOWN,61,0,13874,0,1.0,,,1.0
GO_BP,GOBP_MUSCLE_CELL_CELLULAR_HOMEOSTASIS,Muscle Cell Cellular Homeostasis,DOWN,16,0,13874,0,1.0,,,1.0
GO_BP,GOBP_MUSCLE_CELL_DEVELOPMENT,Muscle Cell Development,DOWN,124,0,13874,0,1.0,,,1.0
GO_BP,GOBP_MUSCLE_CELL_DIFFERENTIATION,Muscle Cell Differentiation,DOWN,330,0,13874,0,1.0,,,1.0
GO_BP,GOBP_MUSCLE_CELL_MIGRATION,Muscle Cell Migration,DOWN,68,0,13874,0,1.0,,,1.0
GO_BP,GOBP_MUSCLE_CELL_PROLIFERATION,Muscle Cell Proliferation,DOWN,140,0,13874,0,1.0,,,1.0
GO_BP,GOBP_MUSCLE_CONTRACTION,Muscle Contraction,DOWN,241,0,13874,0,1.0,,,1.0
GO_BP,GOBP_MUSCLE_HYPERTROPHY,Muscle Hypertrophy,DOWN,56,0,13874,0,1.0,,,1.0
GO_BP,GOBP_MUSCLE_HYPERTROPHY_IN_RESPONSE_TO_STRESS,Muscle Hypertrophy In Response To Stress,DOWN,15,0,13874,0,1.0,,,1.0
GO_BP,GOBP_MUSCLE_ORGAN_DEVELOPMENT,Muscle Organ Development,DOWN,241,0,13874,0,1.0,,,1.0
GO_BP,GOBP_MUSCLE_ORGAN_MORPHOGENESIS,Muscle Organ Morphogenesis,DOWN,45,0,13874,0,1.0,,,1.0
GO_BP,GOBP_MUSCLE_SYSTEM_PROCESS,Muscle System Process,DOWN,302,0,13874,0,1.0,,,1.0
GO_BP,GOBP_MUSCLE_TISSUE_DEVELOPMENT,Muscle Tissue Development,DOWN,288,0,13874,0,1.0,,,1.0
GO_BP,GOBP_MYD88_DEPENDENT_TOLL_LIKE_RECEPTOR_SIGNALING_PATHWAY,Myd88 Dependent Toll Like Receptor Signaling Pathway,DOWN,16,0,13874,0,1.0,,,1.0
GO_BP,GOBP_MYELIN_ASSEMBLY,Myelin Assembly,DOWN,18,0,13874,0,1.0,,,1.0
GO_BP,GOBP_MYELOID_CELL_ACTIVATION_INVOLVED_IN_IMMUNE_RESPONSE,Myeloid Cell Activation Involved In Immune Response,DOWN,50,0,13874,0,1.0,,,1.0
GO_BP,GOBP_MYELOID_CELL_APOPTOTIC_PROCESS,Myeloid Cell Apoptotic Process,DOWN,20,0,13874,0,1.0,,,1.0
GO_BP,GOBP_MYELOID_CELL_DEVELOPMENT,Myeloid Cell Development,DOWN,61,0,13874,0,1.0,,,1.0
GO_BP,GOBP_MYELOID_CELL_DIFFERENTIATION,Myeloid Cell Differentiation,DOWN,338,0,13874,0,1.0,,,1.0
GO_BP,GOBP_MYELOID_CELL_HOMEOSTASIS,Myeloid Cell Homeostasis,DOWN,146,0,13874,0,1.0,,,1.0
GO_BP,GOBP_MYELOID_DENDRITIC_CELL_ACTIVATION,Myeloid Dendritic Cell Activation,DOWN,19,0,13874,0,1.0,,,1.0
GO_BP,GOBP_MYELOID_LEUKOCYTE_ACTIVATION,Myeloid Leukocyte Activation,DOWN,137,0,13874,0,1.0,,,1.0
GO_BP,GOBP_MYELOID_LEUKOCYTE_CYTOKINE_PRODUCTION,Myeloid Leukocyte Cytokine Production,DOWN,22,0,13874,0,1.0,,,1.0
GO_BP,GOBP_MYELOID_LEUKOCYTE_DIFFERENTIATION,Myeloid Leukocyte Differentiation,DOWN,171,0,13874,0,1.0,,,1.0
GO_BP,GOBP_MYELOID_LEUKOCYTE_MEDIATED_IMMUNITY,Myeloid Leukocyte Mediated Immunity,DOWN,59,0,13874,0,1.0,,,1.0
GO_BP,GOBP_MYELOID_LEUKOCYTE_MIGRATION,Myeloid Leukocyte Migration,DOWN,119,0,13874,0,1.0,,,1.0
GO_BP,GOBP_MYOBLAST_DIFFERENTIATION,Myoblast Differentiation,DOWN,80,0,13874,0,1.0,,,1.0
GO_BP,GOBP_MYOBLAST_FUSION,Myoblast Fusion,DOWN,71,0,13874,0,1.0,,,1.0
GO_BP,GOBP_MYOBLAST_PROLIFERATION,Myoblast Proliferation,DOWN,15,0,13874,0,1.0,,,1.0
GO_BP,GOBP_MYOFIBRIL_ASSEMBLY,Myofibril Assembly,DOWN,37,0,13874,0,1.0,,,1.0
GO_BP,GOBP_MYOTUBE_CELL_DEVELOPMENT,Myotube Cell Development,DOWN,26,0,13874,0,1.0,,,1.0
GO_BP,GOBP_MYOTUBE_DIFFERENTIATION,Myotube Differentiation,DOWN,127,0,13874,0,1.0,,,1.0
GO_BP,GOBP_NADH_DEHYDROGENASE_COMPLEX_ASSEMBLY,Nadh Dehydrogenase Complex Assembly,DOWN,40,0,13874,0,1.0,,,1.0
GO_BP,GOBP_NADPH_REGENERATION,Nadph Regeneration,DOWN,20,0,13874,0,1.0,,,1.0
GO_BP,GOBP_NADPLUS_METABOLIC_PROCESS,Nadplus Metabolic Process,DOWN,33,0,13874,0,1.0,,,1.0
GO_BP,GOBP_NADPPLUS_METABOLIC_PROCESS,Nadpplus Metabolic Process,DOWN,33,0,13874,0,1.0,,,1.0
GO_BP,GOBP_NATURAL_KILLER_CELL_ACTIVATION,Natural Killer Cell Activation,DOWN,54,0,13874,0,1.0,,,1.0
GO_BP,GOBP_NATURAL_KILLER_CELL_DIFFERENTIATION,Natural Killer Cell Differentiation,DOWN,20,0,13874,0,1.0,,,1.0
GO_BP,GOBP_NATURAL_KILLER_CELL_MEDIATED_IMMUNITY,Natural Killer Cell Mediated Immunity,DOWN,45,0,13874,0,1.0,,,1.0
GO_BP,GOBP_NECROPTOTIC_PROCESS,Necroptotic Process,DOWN,37,0,13874,0,1.0,,,1.0
GO_BP,GOBP_NEGATIVE_CHEMOTAXIS,Negative Chemotaxis,DOWN,38,0,13874,0,1.0,,,1.0
GO_BP,GOBP_NEGATIVE_REGULATION_OF_ACTIN_FILAMENT_BUNDLE_ASSEMBLY,Negative Regulation Of Actin Filament Bundle Assembly,DOWN,27,0,13874,0,1.0,,,1.0
GO_BP,GOBP_NEGATIVE_REGULATION_OF_ACTIN_FILAMENT_DEPOLYMERIZATION,Negative Regulation Of Actin Filament Depolymerization,DOWN,35,0,13874,0,1.0,,,1.0
GO_BP,GOBP_NEGATIVE_REGULATION_OF_ACTIN_FILAMENT_POLYMERIZATION,Negative Regulation Of Actin Filament Polymerization,DOWN,44,0,13874,0,1.0,,,1.0
GO_BP,GOBP_NEGATIVE_REGULATION_OF_ACTIVIN_RECEPTOR_SIGNALING_PATHWAY,Negative Regulation Of Activin Receptor Signaling Pathway,DOWN,15,0,13874,0,1.0,,,1.0
GO_BP,GOBP_NEGATIVE_REGULATION_OF_ADAPTIVE_IMMUNE_RESPONSE,Negative Regulation Of Adaptive Immune Response,DOWN,33,0,13874,0,1.0,,,1.0
GO_BP,GOBP_NEGATIVE_REGULATION_OF_ALPHA_BETA_T_CELL_ACTIVATION,Negative Regulation Of Alpha Beta T Cell Activation,DOWN,29,0,13874,0,1.0,,,1.0
GO_BP,GOBP_NEGATIVE_REGULATION_OF_ALPHA_BETA_T_CELL_DIFFERENTIATION,Negative Regulation Of Alpha Beta T Cell Differentiation,DOWN,21,0,13874,0,1.0,,,1.0
GO_BP,GOBP_NEGATIVE_REGULATION_OF_AMIDE_METABOLIC_PROCESS,Negative Regulation Of Amide Metabolic Process,DOWN,20,0,13874,0,1.0,,,1.0
GO_BP,GOBP_NEGATIVE_REGULATION_OF_ANTIGEN_RECEPTOR_MEDIATED_SIGNALING_PATHWAY,Negative Regulation Of Antigen Receptor Mediated Signaling Pathway,DOWN,29,0,13874,0,1.0,,,1.0
GO_BP,GOBP_NEGATIVE_REGULATION_OF_APOPTOTIC_SIGNALING_PATHWAY,Negative Regulation Of Apoptotic Signaling Pathway,DOWN,189,0,13874,0,1.0,,,1.0
GO_BP,GOBP_NEGATIVE_REGULATION_OF_AUTOPHAGY,Negative Regulation Of Autophagy,DOWN,82,0,13874,0,1.0,,,1.0
GO_BP,GOBP_NEGATIVE_REGULATION_OF_AXONOGENESIS,Negative Regulation Of Axonogenesis,DOWN,37,0,13874,0,1.0,,,1.0
GO_BP,GOBP_NEGATIVE_REGULATION_OF_AXON_EXTENSION,Negative Regulation Of Axon Extension,DOWN,23,0,13874,0,1.0,,,1.0
GO_BP,GOBP_NEGATIVE_REGULATION_OF_BINDING,Negative Regulation Of Binding,DOWN,36,0,13874,0,1.0,,,1.0
GO_BP,GOBP_NEGATIVE_REGULATION_OF_BIOMINERAL_TISSUE_DEVELOPMENT,Negative Regulation Of Biomineral Tissue Development,DOWN,18,0,13874,0,1.0,,,1.0
GO_BP,GOBP_NEGATIVE_REGULATION_OF_BLOOD_PRESSURE,Negative Regulation Of Blood Pressure,DOWN,18,0,13874,0,1.0,,,1.0
GO_BP,GOBP_NEGATIVE_REGULATION_OF_BLOOD_VESSEL_ENDOTHELIAL_CELL_MIGRATION,Negative Regulation Of Blood Vessel Endothelial Cell Migration,DOWN,32,0,13874,0,1.0,,,1.0
GO_BP,GOBP_NEGATIVE_REGULATION_OF_BMP_SIGNALING_PATHWAY,Negative Regulation Of Bmp Signaling Pathway,DOWN,40,0,13874,0,1.0,,,1.0
GO_BP,GOBP_NEGATIVE_REGULATION_OF_B_CELL_ACTIVATION,Negative Regulation Of B Cell Activation,DOWN,19,0,13874,0,1.0,,,1.0
GO_BP,GOBP_NEGATIVE_REGULATION_OF_CALCIUM_ION_TRANSMEMBRANE_TRANSPORT,Negative Regulation Of Calcium Ion Transmembrane Transport,DOWN,21,0,13874,0,1.0,,,1.0
GO_BP,GOBP_NEGATIVE_REGULATION_OF_CALCIUM_ION_TRANSPORT,Negative Regulation Of Calcium Ion Transport,DOWN,25,0,13874,0,1.0,,,1.0
GO_BP,GOBP_NEGATIVE_REGULATION_OF_CAMP_PKA_SIGNAL_TRANSDUCTION,Negative Regulation Of Camp Pka Signal Transduction,DOWN,18,0,13874,0,1.0,,,1.0
GO_BP,GOBP_NEGATIVE_REGULATION_OF_CANONICAL_NF_KAPPAB_SIGNAL_TRANSDUCTION,Negative Regulation Of Canonical Nf Kappab Signal Transduction,DOWN,69,0,13874,0,1.0,,,1.0
GO_BP,GOBP_NEGATIVE_REGULATION_OF_CANONICAL_WNT_SIGNALING_PATHWAY,Negative Regulation Of Canonical Wnt Signaling Pathway,DOWN,111,0,13874,0,1.0,,,1.0
GO_BP,GOBP_NEGATIVE_REGULATION_OF_CARBOHYDRATE_METABOLIC_PROCESS,Negative Regulation Of Carbohydrate Metabolic Process,DOWN,36,0,13874,0,1.0,,,1.0
GO_BP,GOBP_NEGATIVE_REGULATION_OF_CARDIAC_MUSCLE_TISSUE_GROWTH,Negative Regulation Of Cardiac Muscle Tissue Growth,DOWN,15,0,13874,0,1.0,,,1.0
GO_BP,GOBP_NEGATIVE_REGULATION_OF_CARTILAGE_DEVELOPMENT,Negative Regulation Of Cartilage Development,DOWN,24,0,13874,0,1.0,,,1.0
GO_BP,GOBP_NEGATIVE_REGULATION_OF_CATABOLIC_PROCESS,Negative Regulation Of Catabolic Process,DOWN,303,0,13874,0,1.0,,,1.0
GO_BP,GOBP_NEGATIVE_REGULATION_OF_CATALYTIC_ACTIVITY,Negative Regulation Of Catalytic Activity,DOWN,116,0,13874,0,1.0,,,1.0
GO_BP,GOBP_NEGATIVE_REGULATION_OF_CD4_POSITIVE_ALPHA_BETA_T_CELL_ACTIVATION,Negative Regulation Of Cd4 Positive Alpha Beta T Cell Activation,DOWN,21,0,13874,0,1.0,,,1.0
GO_BP,GOBP_NEGATIVE_REGULATION_OF_CD4_POSITIVE_ALPHA_BETA_T_CELL_DIFFERENTIATION,Negative Regulation Of Cd4 Positive Alpha Beta T Cell Differentiation,DOWN,18,0,13874,0,1.0,,,1.0
GO_BP,GOBP_NEGATIVE_REGULATION_OF_CELLULAR_RESPONSE_TO_GROWTH_FACTOR_STIMULUS,Negative Regulation Of Cellular Response To Growth Factor Stimulus,DOWN,75,0,13874,0,1.0,,,1.0
GO_BP,GOBP_NEGATIVE_REGULATION_OF_CELLULAR_RESPONSE_TO_INSULIN_STIMULUS,Negative Regulation Of Cellular Response To Insulin Stimulus,DOWN,34,0,13874,0,1.0,,,1.0
GO_BP,GOBP_NEGATIVE_REGULATION_OF_CELLULAR_SENESCENCE,Negative Regulation Of Cellular Senescence,DOWN,18,0,13874,0,1.0,,,1.0
GO_BP,GOBP_NEGATIVE_REGULATION_OF_CELL_ACTIVATION,Negative Regulation Of Cell Activation,DOWN,139,0,13874,0,1.0,,,1.0
GO_BP,GOBP_NEGATIVE_REGULATION_OF_CELL_ADHESION,Negative Regulation Of Cell Adhesion,DOWN,208,0,13874,0,1.0,,,1.0
GO_BP,GOBP_NEGATIVE_REGULATION_OF_CELL_CELL_ADHESION,Negative Regulation Of Cell Cell Adhesion,DOWN,132,0,13874,0,1.0,,,1.0
GO_BP,GOBP_NEGATIVE_REGULATION_OF_CELL_CYCLE,Negative Regulation Of Cell Cycle,DOWN,322,0,13874,0,1.0,,,1.0
GO_BP,GOBP_NEGATIVE_REGULATION_OF_CELL_CYCLE_G1_S_PHASE_TRANSITION,Negative Regulation Of Cell Cycle G1 S Phase Transition,DOWN,56,0,13874,0,1.0,,,1.0
GO_BP,GOBP_NEGATIVE_REGULATION_OF_CELL_CYCLE_G2_M_PHASE_TRANSITION,Negative Regulation Of Cell Cycle G2 M Phase Transition,DOWN,63,0,13874,0,1.0,,,1.0
GO_BP,GOBP_NEGATIVE_REGULATION_OF_CELL_CYCLE_PROCESS,Negative Regulation Of Cell Cycle Process,DOWN,261,0,13874,0,1.0,,,1.0
GO_BP,GOBP_NEGATIVE_REGULATION_OF_CELL_DEVELOPMENT,Negative Regulation Of Cell Development,DOWN,175,0,13874,0,1.0,,,1.0
GO_BP,GOBP_NEGATIVE_REGULATION_OF_CELL_DIFFERENTIATION,Negative Regulation Of Cell Differentiation,DOWN,459,0,13874,0,1.0,,,1.0
GO_BP,GOBP_NEGATIVE_REGULATION_OF_CELL_GROWTH,Negative Regulation Of Cell Growth,DOWN,130,0,13874,0,1.0,,,1.0
GO_BP,GOBP_NEGATIVE_REGULATION_OF_CELL_JUNCTION_ASSEMBLY,Negative Regulation Of Cell Junction Assembly,DOWN,30,0,13874,0,1.0,,,1.0
GO_BP,GOBP_NEGATIVE_REGULATION_OF_CELL_KILLING,Negative Regulation Of Cell Killing,DOWN,18,0,13874,0,1.0,,,1.0
GO_BP,GOBP_NEGATIVE_REGULATION_OF_CELL_MATRIX_ADHESION,Negative Regulation Of Cell Matrix Adhesion,DOWN,33,0,13874,0,1.0,,,1.0
GO_BP,GOBP_NEGATIVE_REGULATION_OF_CELL_MIGRATION_INVOLVED_IN_SPROUTING_ANGIOGENESIS,Negative Regulation Of Cell Migration Involved In Sprouting Angiogenesis,DOWN,18,0,13874,0,1.0,,,1.0
GO_BP,GOBP_NEGATIVE_REGULATION_OF_CELL_POPULATION_PROLIFERATION,Negative Regulation Of Cell Population Proliferation,DOWN,470,0,13874,0,1.0,,,1.0
GO_BP,GOBP_NEGATIVE_REGULATION_OF_CELL_PROJECTION_ORGANIZATION,Negative Regulation Of Cell Projection Organization,DOWN,135,0,13874,0,1.0,,,1.0
GO_BP,GOBP_NEGATIVE_REGULATION_OF_CELL_SUBSTRATE_ADHESION,Negative Regulation Of Cell Substrate Adhesion,DOWN,52,0,13874,0,1.0,,,1.0
GO_BP,GOBP_NEGATIVE_REGULATION_OF_CELL_SUBSTRATE_JUNCTION_ORGANIZATION,Negative Regulation Of Cell Substrate Junction Organization,DOWN,19,0,13874,0,1.0,,,1.0
GO_BP,GOBP_NEGATIVE_REGULATION_OF_CHEMOTAXIS,Negative Regulation Of Chemotaxis,DOWN,26,0,13874,0,1.0,,,1.0
GO_BP,GOBP_NEGATIVE_REGULATION_OF_CHONDROCYTE_DIFFERENTIATION,Negative Regulation Of Chondrocyte Differentiation,DOWN,19,0,13874,0,1.0,,,1.0
GO_BP,GOBP_NEGATIVE_REGULATION_OF_CHROMOSOME_ORGANIZATION,Negative Regulation Of Chromosome Organization,DOWN,87,0,13874,0,1.0,,,1.0
GO_BP,GOBP_NEGATIVE_REGULATION_OF_CILIUM_ASSEMBLY,Negative Regulation Of Cilium Assembly,DOWN,23,0,13874,0,1.0,,,1.0
GO_BP,GOBP_NEGATIVE_REGULATION_OF_COAGULATION,Negative Regulation Of Coagulation,DOWN,29,0,13874,0,1.0,,,1.0
GO_BP,GOBP_NEGATIVE_REGULATION_OF_COLD_INDUCED_THERMOGENESIS,Negative Regulation Of Cold Induced Thermogenesis,DOWN,44,0,13874,0,1.0,,,1.0
GO_BP,GOBP_NEGATIVE_REGULATION_OF_CYTOKINE_PRODUCTION,Negative Regulation Of Cytokine Production,DOWN,195,0,13874,0,1.0,,,1.0
GO_BP,GOBP_NEGATIVE_REGULATION_OF_CYTOKINE_PRODUCTION_INVOLVED_IN_INFLAMMATORY_RESPONSE,Negative Regulation Of Cytokine Production Involved In Inflammatory Response,DOWN,24,0,13874,0,1.0,,,1.0
GO_BP,GOBP_NEGATIVE_REGULATION_OF_CYTOPLASMIC_PATTERN_RECOGNITION_RECEPTOR_SIGNALING_PATHWAY,Negative Regulation Of Cytoplasmic Pattern Recognition Receptor Signaling Pathway,DOWN,52,0,13874,0,1.0,,,1.0
GO_BP,GOBP_NEGATIVE_REGULATION_OF_CYTOSKELETON_ORGANIZATION,Negative Regulation Of Cytoskeleton Organization,DOWN,127,0,13874,0,1.0,,,1.0
GO_BP,GOBP_NEGATIVE_REGULATION_OF_DEFENSE_RESPONSE,Negative Regulation Of Defense Response,DOWN,183,0,13874,0,1.0,,,1.0
GO_BP,GOBP_NEGATIVE_REGULATION_OF_DEFENSE_RESPONSE_TO_VIRUS,Negative Regulation Of Defense Response To Virus,DOWN,15,0,13874,0,1.0,,,1.0
GO_BP,GOBP_NEGATIVE_REGULATION_OF_DEVELOPMENTAL_GROWTH,Negative Regulation Of Developmental Growth,DOWN,63,0,13874,0,1.0,,,1.0
GO_BP,GOBP_NEGATIVE_REGULATION_OF_DNA_BINDING_TRANSCRIPTION_FACTOR_ACTIVITY,Negative Regulation Of Dna Binding Transcription Factor Activity,DOWN,48,0,13874,0,1.0,,,1.0
GO_BP,GOBP_NEGATIVE_REGULATION_OF_DNA_BIOSYNTHETIC_PROCESS,Negative Regulation Of Dna Biosynthetic Process,DOWN,26,0,13874,0,1.0,,,1.0
GO_BP,GOBP_NEGATIVE_REGULATION_OF_DNA_METABOLIC_PROCESS,Negative Regulation Of Dna Metabolic Process,DOWN,110,0,13874,0,1.0,,,1.0
GO_BP,GOBP_NEGATIVE_REGULATION_OF_DNA_RECOMBINATION,Negative Regulation Of Dna Recombination,DOWN,34,0,13874,0,1.0,,,1.0
GO_BP,GOBP_NEGATIVE_REGULATION_OF_DNA_REPAIR,Negative Regulation Of Dna Repair,DOWN,36,0,13874,0,1.0,,,1.0
GO_BP,GOBP_NEGATIVE_REGULATION_OF_DNA_REPLICATION,Negative Regulation Of Dna Replication,DOWN,24,0,13874,0,1.0,,,1.0
GO_BP,GOBP_NEGATIVE_REGULATION_OF_DNA_TEMPLATED_TRANSCRIPTION_ELONGATION,Negative Regulation Of Dna Templated Transcription Elongation,DOWN,25,0,13874,0,1.0,,,1.0
GO_BP,GOBP_NEGATIVE_REGULATION_OF_DOUBLE_STRAND_BREAK_REPAIR_VIA_HOMOLOGOUS_RECOMBINATION,Negative Regulation Of Double Strand Break Repair Via Homologous Recombination,DOWN,22,0,13874,0,1.0,,,1.0
GO_BP,GOBP_NEGATIVE_REGULATION_OF_ENDOCYTOSIS,Negative Regulation Of Endocytosis,DOWN,55,0,13874,0,1.0,,,1.0
GO_BP,GOBP_NEGATIVE_REGULATION_OF_ENDOPLASMIC_RETICULUM_STRESS_INDUCED_INTRINSIC_APOPTOTIC_SIGNALING_PATHWAY,Negative Regulation Of Endoplasmic Reticulum Stress Induced Intrinsic Apoptotic Signaling Pathway,DOWN,19,0,13874,0,1.0,,,1.0
GO_BP,GOBP_NEGATIVE_REGULATION_OF_ENDOPLASMIC_RETICULUM_UNFOLDED_PROTEIN_RESPONSE,Negative Regulation Of Endoplasmic Reticulum Unfolded Protein Response,DOWN,21,0,13874,0,1.0,,,1.0
GO_BP,GOBP_NEGATIVE_REGULATION_OF_ENDOTHELIAL_CELL_APOPTOTIC_PROCESS,Negative Regulation Of Endothelial Cell Apoptotic Process,DOWN,19,0,13874,0,1.0,,,1.0
GO_BP,GOBP_NEGATIVE_REGULATION_OF_ENDOTHELIAL_CELL_MIGRATION,Negative Regulation Of Endothelial Cell Migration,DOWN,46,0,13874,0,1.0,,,1.0
GO_BP,GOBP_NEGATIVE_REGULATION_OF_ENDOTHELIAL_CELL_PROLIFERATION,Negative Regulation Of Endothelial Cell Proliferation,DOWN,32,0,13874,0,1.0,,,1.0
GO_BP,GOBP_NEGATIVE_REGULATION_OF_EPITHELIAL_CELL_DIFFERENTIATION,Negative Regulation Of Epithelial Cell Differentiation,DOWN,28,0,13874,0,1.0,,,1.0
GO_BP,GOBP_NEGATIVE_REGULATION_OF_EPITHELIAL_CELL_PROLIFERATION,Negative Regulation Of Epithelial Cell Proliferation,DOWN,92,0,13874,0,1.0,,,1.0
GO_BP,GOBP_NEGATIVE_REGULATION_OF_EPITHELIAL_TO_MESENCHYMAL_TRANSITION,Negative Regulation Of Epithelial To Mesenchymal Transition,DOWN,29,0,13874,0,1.0,,,1.0
GO_BP,GOBP_NEGATIVE_REGULATION_OF_ERBB_SIGNALING_PATHWAY,Negative Regulation Of Erbb Signaling Pathway,DOWN,33,0,13874,0,1.0,,,1.0
GO_BP,GOBP_NEGATIVE_REGULATION_OF_ERK1_AND_ERK2_CASCADE,Negative Regulation Of Erk1 And Erk2 Cascade,DOWN,57,0,13874,0,1.0,,,1.0
GO_BP,GOBP_NEGATIVE_REGULATION_OF_ESTABLISHMENT_OF_PROTEIN_LOCALIZATION,Negative Regulation Of Establishment Of Protein Localization,DOWN,93,0,13874,0,1.0,,,1.0
GO_BP,GOBP_NEGATIVE_REGULATION_OF_EXOCYTOSIS,Negative Regulation Of Exocytosis,DOWN,28,0,13874,0,1.0,,,1.0
GO_BP,GOBP_NEGATIVE_REGULATION_OF_EXTRACELLULAR_MATRIX_ORGANIZATION,Negative Regulation Of Extracellular Matrix Organization,DOWN,15,0,13874,0,1.0,,,1.0
GO_BP,GOBP_NEGATIVE_REGULATION_OF_EXTRINSIC_APOPTOTIC_SIGNALING_PATHWAY,Negative Regulation Of Extrinsic Apoptotic Signaling Pathway,DOWN,79,0,13874,0,1.0,,,1.0
GO_BP,GOBP_NEGATIVE_REGULATION_OF_EXTRINSIC_APOPTOTIC_SIGNALING_PATHWAY_VIA_DEATH_DOMAIN_RECEPTORS,Negative Regulation Of Extrinsic Apoptotic Signaling Pathway Via Death Domain Receptors,DOWN,26,0,13874,0,1.0,,,1.0
GO_BP,GOBP_NEGATIVE_REGULATION_OF_FATTY_ACID_BIOSYNTHETIC_PROCESS,Negative Regulation Of Fatty Acid Biosynthetic Process,DOWN,16,0,13874,0,1.0,,,1.0
GO_BP,GOBP_NEGATIVE_REGULATION_OF_FATTY_ACID_METABOLIC_PROCESS,Negative Regulation Of Fatty Acid Metabolic Process,DOWN,26,0,13874,0,1.0,,,1.0
GO_BP,GOBP_NEGATIVE_REGULATION_OF_FAT_CELL_DIFFERENTIATION,Negative Regulation Of Fat Cell Differentiation,DOWN,46,0,13874,0,1.0,,,1.0
GO_BP,GOBP_NEGATIVE_REGULATION_OF_FERROPTOSIS,Negative Regulation Of Ferroptosis,DOWN,17,0,13874,0,1.0,,,1.0
GO_BP,GOBP_NEGATIVE_REGULATION_OF_FIBROBLAST_GROWTH_FACTOR_RECEPTOR_SIGNALING_PATHWAY,Negative Regulation Of Fibroblast Growth Factor Receptor Signaling Pathway,DOWN,15,0,13874,0,1.0,,,1.0
GO_BP,GOBP_NEGATIVE_REGULATION_OF_FIBROBLAST_PROLIFERATION,Negative Regulation Of Fibroblast Proliferation,DOWN,24,0,13874,0,1.0,,,1.0
GO_BP,GOBP_NEGATIVE_REGULATION_OF_GENE_EXPRESSION_EPIGENETIC,Negative Regulation Of Gene Expression Epigenetic,DOWN,187,0,13874,0,1.0,,,1.0
GO_BP,GOBP_NEGATIVE_REGULATION_OF_GENE_SILENCING_BY_REGULATORY_NCRNA,Negative Regulation Of Gene Silencing By Regulatory Ncrna,DOWN,15,0,13874,0,1.0,,,1.0
GO_BP,GOBP_NEGATIVE_REGULATION_OF_GLIOGENESIS,Negative Regulation Of Gliogenesis,DOWN,18,0,13874,0,1.0,,,1.0
GO_BP,GOBP_NEGATIVE_REGULATION_OF_GLYCOPROTEIN_METABOLIC_PROCESS,Negative Regulation Of Glycoprotein Metabolic Process,DOWN,15,0,13874,0,1.0,,,1.0
GO_BP,GOBP_NEGATIVE_REGULATION_OF_GROWTH,Negative Regulation Of Growth,DOWN,157,0,13874,0,1.0,,,1.0
GO_BP,GOBP_NEGATIVE_REGULATION_OF_G_PROTEIN_COUPLED_RECEPTOR_SIGNALING_PATHWAY,Negative Regulation Of G Protein Coupled Receptor Signaling Pathway,DOWN,46,0,13874,0,1.0,,,1.0
GO_BP,GOBP_NEGATIVE_REGULATION_OF_HEMOPOIESIS,Negative Regulation Of Hemopoiesis,DOWN,89,0,13874,0,1.0,,,1.0
GO_BP,GOBP_NEGATIVE_REGULATION_OF_HIPPO_SIGNALING,Negative Regulation Of Hippo Signaling,DOWN,24,0,13874,0,1.0,,,1.0
GO_BP,GOBP_NEGATIVE_REGULATION_OF_HORMONE_SECRETION,Negative Regulation Of Hormone Secretion,DOWN,34,0,13874,0,1.0,,,1.0
GO_BP,GOBP_NEGATIVE_REGULATION_OF_HYDROLASE_ACTIVITY,Negative Regulation Of Hydrolase Activity,DOWN,23,0,13874,0,1.0,,,1.0
GO_BP,GOBP_NEGATIVE_REGULATION_OF_IMMUNE_EFFECTOR_PROCESS,Negative Regulation Of Immune Effector Process,DOWN,66,0,13874,0,1.0,,,1.0
GO_BP,GOBP_NEGATIVE_REGULATION_OF_IMMUNE_RESPONSE,Negative Regulation Of Immune Response,DOWN,135,0,13874,0,1.0,,,1.0
GO_BP,GOBP_NEGATIVE_REGULATION_OF_IMMUNE_SYSTEM_PROCESS,Negative Regulation Of Immune System Process,DOWN,359,0,13874,0,1.0,,,1.0
GO_BP,GOBP_NEGATIVE_REGULATION_OF_INFLAMMASOME_MEDIATED_SIGNALING_PATHWAY,Negative Regulation Of Inflammasome Mediated Signaling Pathway,DOWN,16,0,13874,0,1.0,,,1.0
GO_BP,GOBP_NEGATIVE_REGULATION_OF_INFLAMMATORY_RESPONSE,Negative Regulation Of Inflammatory Response,DOWN,113,0,13874,0,1.0,,,1.0
GO_BP,GOBP_NEGATIVE_REGULATION_OF_INFLAMMATORY_RESPONSE_TO_ANTIGENIC_STIMULUS,Negative Regulation Of Inflammatory Response To Antigenic Stimulus,DOWN,20,0,13874,0,1.0,,,1.0
GO_BP,GOBP_NEGATIVE_REGULATION_OF_INNATE_IMMUNE_RESPONSE,Negative Regulation Of Innate Immune Response,DOWN,69,0,13874,0,1.0,,,1.0
GO_BP,GOBP_NEGATIVE_REGULATION_OF_INTERFERON_BETA_PRODUCTION,Negative Regulation Of Interferon Beta Production,DOWN,15,0,13874,0,1.0,,,1.0
GO_BP,GOBP_NEGATIVE_REGULATION_OF_INTERLEUKIN_1_BETA_PRODUCTION,Negative Regulation Of Interleukin 1 Beta Production,DOWN,15,0,13874,0,1.0,,,1.0
GO_BP,GOBP_NEGATIVE_REGULATION_OF_INTERLEUKIN_1_PRODUCTION,Negative Regulation Of Interleukin 1 Production,DOWN,18,0,13874,0,1.0,,,1.0
GO_BP,GOBP_NEGATIVE_REGULATION_OF_INTERLEUKIN_6_PRODUCTION,Negative Regulation Of Interleukin 6 Production,DOWN,23,0,13874,0,1.0,,,1.0
GO_BP,GOBP_NEGATIVE_REGULATION_OF_INTRACELLULAR_PROTEIN_TRANSPORT,Negative Regulation Of Intracellular Protein Transport,DOWN,36,0,13874,0,1.0,,,1.0
GO_BP,GOBP_NEGATIVE_REGULATION_OF_INTRACELLULAR_STEROID_HORMONE_RECEPTOR_SIGNALING_PATHWAY,Negative Regulation Of Intracellular Steroid Hormone Receptor Signaling Pathway,DOWN,35,0,13874,0,1.0,,,1.0
GO_BP,GOBP_NEGATIVE_REGULATION_OF_INTRACELLULAR_TRANSPORT,Negative Regulation Of Intracellular Transport,DOWN,52,0,13874,0,1.0,,,1.0
GO_BP,GOBP_NEGATIVE_REGULATION_OF_INTRINSIC_APOPTOTIC_SIGNALING_PATHWAY,Negative Regulation Of Intrinsic Apoptotic Signaling Pathway,DOWN,93,0,13874,0,1.0,,,1.0
GO_BP,GOBP_NEGATIVE_REGULATION_OF_INTRINSIC_APOPTOTIC_SIGNALING_PATHWAY_BY_P53_CLASS_MEDIATOR,Negative Regulation Of Intrinsic Apoptotic Signaling Pathway By P53 Class Mediator,DOWN,19,0,13874,0,1.0,,,1.0
GO_BP,GOBP_NEGATIVE_REGULATION_OF_INTRINSIC_APOPTOTIC_SIGNALING_PATHWAY_IN_RESPONSE_TO_DNA_DAMAGE,Negative Regulation Of Intrinsic Apoptotic Signaling Pathway In Response To Dna Damage,DOWN,26,0,13874,0,1.0,,,1.0
GO_BP,GOBP_NEGATIVE_REGULATION_OF_JNK_CASCADE,Negative Regulation Of Jnk Cascade,DOWN,29,0,13874,0,1.0,,,1.0
GO_BP,GOBP_NEGATIVE_REGULATION_OF_KINASE_ACTIVITY,Negative Regulation Of Kinase Activity,DOWN,63,0,13874,0,1.0,,,1.0
GO_BP,GOBP_NEGATIVE_REGULATION_OF_LEUKOCYTE_APOPTOTIC_PROCESS,Negative Regulation Of Leukocyte Apoptotic Process,DOWN,26,0,13874,0,1.0,,,1.0
GO_BP,GOBP_NEGATIVE_REGULATION_OF_LEUKOCYTE_CELL_CELL_ADHESION,Negative Regulation Of Leukocyte Cell Cell Adhesion,DOWN,96,0,13874,0,1.0,,,1.0
GO_BP,GOBP_NEGATIVE_REGULATION_OF_LEUKOCYTE_MEDIATED_IMMUNITY,Negative Regulation Of Leukocyte Mediated Immunity,DOWN,35,0,13874,0,1.0,,,1.0
GO_BP,GOBP_NEGATIVE_REGULATION_OF_LEUKOCYTE_MIGRATION,Negative Regulation Of Leukocyte Migration,DOWN,28,0,13874,0,1.0,,,1.0
GO_BP,GOBP_NEGATIVE_REGULATION_OF_LEUKOCYTE_PROLIFERATION,Negative Regulation Of Leukocyte Proliferation,DOWN,47,0,13874,0,1.0,,,1.0
GO_BP,GOBP_NEGATIVE_REGULATION_OF_LIPID_BIOSYNTHETIC_PROCESS,Negative Regulation Of Lipid Biosynthetic Process,DOWN,45,0,13874,0,1.0,,,1.0
GO_BP,GOBP_NEGATIVE_REGULATION_OF_LIPID_LOCALIZATION,Negative Regulation Of Lipid Localization,DOWN,30,0,13874,0,1.0,,,1.0
GO_BP,GOBP_NEGATIVE_REGULATION_OF_LIPID_METABOLIC_PROCESS,Negative Regulation Of Lipid Metabolic Process,DOWN,64,0,13874,0,1.0,,,1.0
GO_BP,GOBP_NEGATIVE_REGULATION_OF_LIPID_TRANSPORT,Negative Regulation Of Lipid Transport,DOWN,22,0,13874,0,1.0,,,1.0
GO_BP,GOBP_NEGATIVE_REGULATION_OF_LOCOMOTION,Negative Regulation Of Locomotion,DOWN,247,0,13874,0,1.0,,,1.0
GO_BP,GOBP_NEGATIVE_REGULATION_OF_LYMPHOCYTE_ACTIVATION,Negative Regulation Of Lymphocyte Activation,DOWN,106,0,13874,0,1.0,,,1.0
GO_BP,GOBP_NEGATIVE_REGULATION_OF_LYMPHOCYTE_APOPTOTIC_PROCESS,Negative Regulation Of Lymphocyte Apoptotic Process,DOWN,16,0,13874,0,1.0,,,1.0
GO_BP,GOBP_NEGATIVE_REGULATION_OF_LYMPHOCYTE_DIFFERENTIATION,Negative Regulation Of Lymphocyte Differentiation,DOWN,51,0,13874,0,1.0,,,1.0
GO_BP,GOBP_NEGATIVE_REGULATION_OF_MACROAUTOPHAGY,Negative Regulation Of Macroautophagy,DOWN,38,0,13874,0,1.0,,,1.0
GO_BP,GOBP_NEGATIVE_REGULATION_OF_MAPK_CASCADE,Negative Regulation Of Mapk Cascade,DOWN,121,0,13874,0,1.0,,,1.0
GO_BP,GOBP_NEGATIVE_REGULATION_OF_MEMBRANE_PERMEABILITY,Negative Regulation Of Membrane Permeability,DOWN,16,0,13874,0,1.0,,,1.0
GO_BP,GOBP_NEGATIVE_REGULATION_OF_MICROTUBULE_DEPOLYMERIZATION,Negative Regulation Of Microtubule Depolymerization,DOWN,27,0,13874,0,1.0,,,1.0
GO_BP,GOBP_NEGATIVE_REGULATION_OF_MICROTUBULE_POLYMERIZATION_OR_DEPOLYMERIZATION,Negative Regulation Of Microtubule Polymerization Or Depolymerization,DOWN,37,0,13874,0,1.0,,,1.0
GO_BP,GOBP_NEGATIVE_REGULATION_OF_MIRNA_METABOLIC_PROCESS,Negative Regulation Of Mirna Metabolic Process,DOWN,25,0,13874,0,1.0,,,1.0
GO_BP,GOBP_NEGATIVE_REGULATION_OF_MITOTIC_CELL_CYCLE,Negative Regulation Of Mitotic Cell Cycle,DOWN,196,0,13874,0,1.0,,,1.0
GO_BP,GOBP_NEGATIVE_REGULATION_OF_MITOTIC_CELL_CYCLE_PHASE_TRANSITION,Negative Regulation Of Mitotic Cell Cycle Phase Transition,DOWN,155,0,13874,0,1.0,,,1.0
GO_BP,GOBP_NEGATIVE_REGULATION_OF_MOLECULAR_FUNCTION,Negative Regulation Of Molecular Function,DOWN,210,0,13874,0,1.0,,,1.0
GO_BP,GOBP_NEGATIVE_REGULATION_OF_MONOATOMIC_ION_TRANSMEMBRANE_TRANSPORT,Negative Regulation Of Monoatomic Ion Transmembrane Transport,DOWN,41,0,13874,0,1.0,,,1.0
GO_BP,GOBP_NEGATIVE_REGULATION_OF_MONOATOMIC_ION_TRANSPORT,Negative Regulation Of Monoatomic Ion Transport,DOWN,54,0,13874,0,1.0,,,1.0
GO_BP,GOBP_NEGATIVE_REGULATION_OF_MONONUCLEAR_CELL_MIGRATION,Negative Regulation Of Mononuclear Cell Migration,DOWN,17,0,13874,0,1.0,,,1.0
GO_BP,GOBP_NEGATIVE_REGULATION_OF_MRNA_CATABOLIC_PROCESS,Negative Regulation Of Mrna Catabolic Process,DOWN,70,0,13874,0,1.0,,,1.0
GO_BP,GOBP_NEGATIVE_REGULATION_OF_MRNA_METABOLIC_PROCESS,Negative Regulation Of Mrna Metabolic Process,DOWN,101,0,13874,0,1.0,,,1.0
GO_BP,GOBP_NEGATIVE_REGULATION_OF_MRNA_PROCESSING,Negative Regulation Of Mrna Processing,DOWN,31,0,13874,0,1.0,,,1.0
GO_BP,GOBP_NEGATIVE_REGULATION_OF_MUSCLE_CELL_APOPTOTIC_PROCESS,Negative Regulation Of Muscle Cell Apoptotic Process,DOWN,34,0,13874,0,1.0,,,1.0
GO_BP,GOBP_NEGATIVE_REGULATION_OF_MUSCLE_CELL_DIFFERENTIATION,Negative Regulation Of Muscle Cell Differentiation,DOWN,48,0,13874,0,1.0,,,1.0
GO_BP,GOBP_NEGATIVE_REGULATION_OF_MUSCLE_CONTRACTION,Negative Regulation Of Muscle Contraction,DOWN,16,0,13874,0,1.0,,,1.0
GO_BP,GOBP_NEGATIVE_REGULATION_OF_MUSCLE_HYPERTROPHY,Negative Regulation Of Muscle Hypertrophy,DOWN,25,0,13874,0,1.0,,,1.0
GO_BP,GOBP_NEGATIVE_REGULATION_OF_MYELOID_CELL_DIFFERENTIATION,Negative Regulation Of Myeloid Cell Differentiation,DOWN,71,0,13874,0,1.0,,,1.0
GO_BP,GOBP_NEGATIVE_REGULATION_OF_MYELOID_LEUKOCYTE_DIFFERENTIATION,Negative Regulation Of Myeloid Leukocyte Differentiation,DOWN,38,0,13874,0,1.0,,,1.0
GO_BP,GOBP_NEGATIVE_REGULATION_OF_MYOBLAST_DIFFERENTIATION,Negative Regulation Of Myoblast Differentiation,DOWN,18,0,13874,0,1.0,,,1.0
GO_BP,GOBP_NEGATIVE_REGULATION_OF_NERVOUS_SYSTEM_DEVELOPMENT,Negative Regulation Of Nervous System Development,DOWN,85,0,13874,0,1.0,,,1.0
GO_BP,GOBP_NEGATIVE_REGULATION_OF_NEURAL_PRECURSOR_CELL_PROLIFERATION,Negative Regulation Of Neural Precursor Cell Proliferation,DOWN,15,0,13874,0,1.0,,,1.0
GO_BP,GOBP_NEGATIVE_REGULATION_OF_NEURON_APOPTOTIC_PROCESS,Negative Regulation Of Neuron Apoptotic Process,DOWN,121,0,13874,0,1.0,,,1.0
GO_BP,GOBP_NEGATIVE_REGULATION_OF_NEURON_DIFFERENTIATION,Negative Regulation Of Neuron Differentiation,DOWN,36,0,13874,0,1.0,,,1.0
GO_BP,GOBP_NEGATIVE_REGULATION_OF_NEURON_PROJECTION_DEVELOPMENT,Negative Regulation Of Neuron Projection Development,DOWN,94,0,13874,0,1.0,,,1.0
GO_BP,GOBP_NEGATIVE_REGULATION_OF_NF_KAPPAB_TRANSCRIPTION_FACTOR_ACTIVITY,Negative Regulation Of Nf Kappab Transcription Factor Activity,DOWN,31,0,13874,0,1.0,,,1.0
GO_BP,GOBP_NEGATIVE_REGULATION_OF_NON_CANONICAL_NF_KAPPAB_SIGNAL_TRANSDUCTION,Negative Regulation Of Non Canonical Nf Kappab Signal Transduction,DOWN,20,0,13874,0,1.0,,,1.0
GO_BP,GOBP_NEGATIVE_REGULATION_OF_NOTCH_SIGNALING_PATHWAY,Negative Regulation Of Notch Signaling Pathway,DOWN,26,0,13874,0,1.0,,,1.0
GO_BP,GOBP_NEGATIVE_REGULATION_OF_NUCLEAR_DIVISION,Negative Regulation Of Nuclear Division,DOWN,54,0,13874,0,1.0,,,1.0
GO_BP,GOBP_NEGATIVE_REGULATION_OF_NUCLEOCYTOPLASMIC_TRANSPORT,Negative Regulation Of Nucleocytoplasmic Transport,DOWN,30,0,13874,0,1.0,,,1.0
GO_BP,GOBP_NEGATIVE_REGULATION_OF_NUCLEOTIDE_CATABOLIC_PROCESS,Negative Regulation Of Nucleotide Catabolic Process,DOWN,15,0,13874,0,1.0,,,1.0
GO_BP,GOBP_NEGATIVE_REGULATION_OF_NUCLEOTIDE_METABOLIC_PROCESS,Negative Regulation Of Nucleotide Metabolic Process,DOWN,21,0,13874,0,1.0,,,1.0
GO_BP,GOBP_NEGATIVE_REGULATION_OF_ORGANELLE_ASSEMBLY,Negative Regulation Of Organelle Assembly,DOWN,46,0,13874,0,1.0,,,1.0
GO_BP,GOBP_NEGATIVE_REGULATION_OF_ORGANELLE_ORGANIZATION,Negative Regulation Of Organelle Organization,DOWN,301,0,13874,0,1.0,,,1.0
GO_BP,GOBP_NEGATIVE_REGULATION_OF_ORGAN_GROWTH,Negative Regulation Of Organ Growth,DOWN,21,0,13874,0,1.0,,,1.0
GO_BP,GOBP_NEGATIVE_REGULATION_OF_OSSIFICATION,Negative Regulation Of Ossification,DOWN,29,0,13874,0,1.0,,,1.0
GO_BP,GOBP_NEGATIVE_REGULATION_OF_OSTEOBLAST_DIFFERENTIATION,Negative Regulation Of Osteoblast Differentiation,DOWN,39,0,13874,0,1.0,,,1.0
GO_BP,GOBP_NEGATIVE_REGULATION_OF_OSTEOCLAST_DIFFERENTIATION,Negative Regulation Of Osteoclast Differentiation,DOWN,22,0,13874,0,1.0,,,1.0
GO_BP,GOBP_NEGATIVE_REGULATION_OF_OXIDATIVE_STRESS_INDUCED_INTRINSIC_APOPTOTIC_SIGNALING_PATHWAY,Negative Regulation Of Oxidative Stress Induced Intrinsic Apoptotic Signaling Pathway,DOWN,25,0,13874,0,1.0,,,1.0
GO_BP,GOBP_NEGATIVE_REGULATION_OF_PEPTIDE_SECRETION,Negative Regulation Of Peptide Secretion,DOWN,22,0,13874,0,1.0,,,1.0
GO_BP,GOBP_NEGATIVE_REGULATION_OF_PEPTIDYL_TYROSINE_PHOSPHORYLATION,Negative Regulation Of Peptidyl Tyrosine Phosphorylation,DOWN,18,0,13874,0,1.0,,,1.0
GO_BP,GOBP_NEGATIVE_REGULATION_OF_PHAGOCYTOSIS,Negative Regulation Of Phagocytosis,DOWN,16,0,13874,0,1.0,,,1.0
GO_BP,GOBP_NEGATIVE_REGULATION_OF_PHOSPHATIDYLINOSITOL_3_KINASE_PROTEIN_KINASE_B_SIGNAL_TRANSDUCTION,Negative Regulation Of Phosphatidylinositol 3 Kinase Protein Kinase B Signal Transduction,DOWN,53,0,13874,0,1.0,,,1.0
GO_BP,GOBP_NEGATIVE_REGULATION_OF_PHOSPHORUS_METABOLIC_PROCESS,Negative Regulation Of Phosphorus Metabolic Process,DOWN,134,0,13874,0,1.0,,,1.0
GO_BP,GOBP_NEGATIVE_REGULATION_OF_PHOSPHORYLATION,Negative Regulation Of Phosphorylation,DOWN,102,0,13874,0,1.0,,,1.0
GO_BP,GOBP_NEGATIVE_REGULATION_OF_PLASMA_MEMBRANE_BOUNDED_CELL_PROJECTION_ASSEMBLY,Negative Regulation Of Plasma Membrane Bounded Cell Projection Assembly,DOWN,33,0,13874,0,1.0,,,1.0
GO_BP,GOBP_NEGATIVE_REGULATION_OF_POST_TRANSLATIONAL_PROTEIN_MODIFICATION,Negative Regulation Of Post Translational Protein Modification,DOWN,76,0,13874,0,1.0,,,1.0
GO_BP,GOBP_NEGATIVE_REGULATION_OF_PRODUCTION_OF_MOLECULAR_MEDIATOR_OF_IMMUNE_RESPONSE,Negative Regulation Of Production Of Molecular Mediator Of Immune Response,DOWN,16,0,13874,0,1.0,,,1.0
GO_BP,GOBP_NEGATIVE_REGULATION_OF_PROGRAMMED_NECROTIC_CELL_DEATH,Negative Regulation Of Programmed Necrotic Cell Death,DOWN,19,0,13874,0,1.0,,,1.0
GO_BP,GOBP_NEGATIVE_REGULATION_OF_PROTEASOMAL_PROTEIN_CATABOLIC_PROCESS,Negative Regulation Of Proteasomal Protein Catabolic Process,DOWN,51,0,13874,0,1.0,,,1.0
GO_BP,GOBP_NEGATIVE_REGULATION_OF_PROTEASOMAL_UBIQUITIN_DEPENDENT_PROTEIN_CATABOLIC_PROCESS,Negative Regulation Of Proteasomal Ubiquitin Dependent Protein Catabolic Process,DOWN,39,0,13874,0,1.0,,,1.0
GO_BP,GOBP_NEGATIVE_REGULATION_OF_PROTEIN_BINDING,Negative Regulation Of Protein Binding,DOWN,22,0,13874,0,1.0,,,1.0
GO_BP,GOBP_NEGATIVE_REGULATION_OF_PROTEIN_CATABOLIC_PROCESS,Negative Regulation Of Protein Catabolic Process,DOWN,102,0,13874,0,1.0,,,1.0
GO_BP,GOBP_NEGATIVE_REGULATION_OF_PROTEIN_CONTAINING_COMPLEX_ASSEMBLY,Negative Regulation Of Protein Containing Complex Assembly,DOWN,119,0,13874,0,1.0,,,1.0
GO_BP,GOBP_NEGATIVE_REGULATION_OF_PROTEIN_CONTAINING_COMPLEX_DISASSEMBLY,Negative Regulation Of Protein Containing Complex Disassembly,DOWN,69,0,13874,0,1.0,,,1.0
GO_BP,GOBP_NEGATIVE_REGULATION_OF_PROTEIN_IMPORT_INTO_NUCLEUS,Negative Regulation Of Protein Import Into Nucleus,DOWN,19,0,13874,0,1.0,,,1.0
GO_BP,GOBP_NEGATIVE_REGULATION_OF_PROTEIN_LOCALIZATION,Negative Regulation Of Protein Localization,DOWN,154,0,13874,0,1.0,,,1.0
GO_BP,GOBP_NEGATIVE_REGULATION_OF_PROTEIN_LOCALIZATION_TO_MEMBRANE,Negative Regulation Of Protein Localization To Membrane,DOWN,25,0,13874,0,1.0,,,1.0
GO_BP,GOBP_NEGATIVE_REGULATION_OF_PROTEIN_LOCALIZATION_TO_NUCLEUS,Negative Regulation Of Protein Localization To Nucleus,DOWN,40,0,13874,0,1.0,,,1.0
GO_BP,GOBP_NEGATIVE_REGULATION_OF_PROTEIN_MATURATION,Negative Regulation Of Protein Maturation,DOWN,15,0,13874,0,1.0,,,1.0
GO_BP,GOBP_NEGATIVE_REGULATION_OF_PROTEIN_METABOLIC_PROCESS,Negative Regulation Of Protein Metabolic Process,DOWN,444,0,13874,0,1.0,,,1.0
GO_BP,GOBP_NEGATIVE_REGULATION_OF_PROTEIN_MODIFICATION_PROCESS,Negative Regulation Of Protein Modification Process,DOWN,167,0,13874,0,1.0,,,1.0
GO_BP,GOBP_NEGATIVE_REGULATION_OF_PROTEIN_POLYMERIZATION,Negative Regulation Of Protein Polymerization,DOWN,54,0,13874,0,1.0,,,1.0
GO_BP,GOBP_NEGATIVE_REGULATION_OF_PROTEIN_SECRETION,Negative Regulation Of Protein Secretion,DOWN,38,0,13874,0,1.0,,,1.0
GO_BP,GOBP_NEGATIVE_REGULATION_OF_PROTEIN_SERINE_THREONINE_KINASE_ACTIVITY,Negative Regulation Of Protein Serine Threonine Kinase Activity,DOWN,27,0,13874,0,1.0,,,1.0
GO_BP,GOBP_NEGATIVE_REGULATION_OF_PROTEIN_UBIQUITINATION,Negative Regulation Of Protein Ubiquitination,DOWN,62,0,13874,0,1.0,,,1.0
GO_BP,GOBP_NEGATIVE_REGULATION_OF_PROTEOLYSIS,Negative Regulation Of Proteolysis,DOWN,102,0,13874,0,1.0,,,1.0
GO_BP,GOBP_NEGATIVE_REGULATION_OF_PROTEOLYSIS_INVOLVED_IN_PROTEIN_CATABOLIC_PROCESS,Negative Regulation Of Proteolysis Involved In Protein Catabolic Process,DOWN,67,0,13874,0,1.0,,,1.0
GO_BP,GOBP_NEGATIVE_REGULATION_OF_RAS_PROTEIN_SIGNAL_TRANSDUCTION,Negative Regulation Of Ras Protein Signal Transduction,DOWN,19,0,13874,0,1.0,,,1.0
GO_BP,GOBP_NEGATIVE_REGULATION_OF_REACTIVE_OXYGEN_SPECIES_METABOLIC_PROCESS,Negative Regulation Of Reactive Oxygen Species Metabolic Process,DOWN,29,0,13874,0,1.0,,,1.0
GO_BP,GOBP_NEGATIVE_REGULATION_OF_RECEPTOR_MEDIATED_ENDOCYTOSIS,Negative Regulation Of Receptor Mediated Endocytosis,DOWN,23,0,13874,0,1.0,,,1.0
GO_BP,GOBP_NEGATIVE_REGULATION_OF_RECEPTOR_SIGNALING_PATHWAY_VIA_JAK_STAT,Negative Regulation Of Receptor Signaling Pathway Via Jak Stat,DOWN,19,0,13874,0,1.0,,,1.0
GO_BP,GOBP_NEGATIVE_REGULATION_OF_RECEPTOR_SIGNALING_PATHWAY_VIA_STAT,Negative Regulation Of Receptor Signaling Pathway Via Stat,DOWN,21,0,13874,0,1.0,,,1.0
GO_BP,GOBP_NEGATIVE_REGULATION_OF_REGULATED_SECRETORY_PATHWAY,Negative Regulation Of Regulated Secretory Pathway,DOWN,17,0,13874,0,1.0,,,1.0
GO_BP,GOBP_NEGATIVE_REGULATION_OF_REGULATORY_T_CELL_DIFFERENTIATION,Negative Regulation Of Regulatory T Cell Differentiation,DOWN,17,0,13874,0,1.0,,,1.0
GO_BP,GOBP_NEGATIVE_REGULATION_OF_RELEASE_OF_CYTOCHROME_C_FROM_MITOCHONDRIA,Negative Regulation Of Release Of Cytochrome C From Mitochondria,DOWN,19,0,13874,0,1.0,,,1.0
GO_BP,GOBP_NEGATIVE_REGULATION_OF_REPRODUCTIVE_PROCESS,Negative Regulation Of Reproductive Process,DOWN,34,0,13874,0,1.0,,,1.0
GO_BP,GOBP_NEGATIVE_REGULATION_OF_RESPONSE_TO_BIOTIC_STIMULUS,Negative Regulation Of Response To Biotic Stimulus,DOWN,94,0,13874,0,1.0,,,1.0
GO_BP,GOBP_NEGATIVE_REGULATION_OF_RESPONSE_TO_CYTOKINE_STIMULUS,Negative Regulation Of Response To Cytokine Stimulus,DOWN,70,0,13874,0,1.0,,,1.0
GO_BP,GOBP_NEGATIVE_REGULATION_OF_RESPONSE_TO_ENDOPLASMIC_RETICULUM_STRESS,Negative Regulation Of Response To Endoplasmic Reticulum Stress,DOWN,48,0,13874,0,1.0,,,1.0
GO_BP,GOBP_NEGATIVE_REGULATION_OF_RESPONSE_TO_EXTERNAL_STIMULUS,Negative Regulation Of Response To External Stimulus,DOWN,254,0,13874,0,1.0,,,1.0
GO_BP,GOBP_NEGATIVE_REGULATION_OF_RESPONSE_TO_WOUNDING,Negative Regulation Of Response To Wounding,DOWN,52,0,13874,0,1.0,,,1.0
GO_BP,GOBP_NEGATIVE_REGULATION_OF_RHO_PROTEIN_SIGNAL_TRANSDUCTION,Negative Regulation Of Rho Protein Signal Transduction,DOWN,19,0,13874,0,1.0,,,1.0
GO_BP,GOBP_NEGATIVE_REGULATION_OF_RNA_CATABOLIC_PROCESS,Negative Regulation Of Rna Catabolic Process,DOWN,84,0,13874,0,1.0,,,1.0
GO_BP,GOBP_NEGATIVE_REGULATION_OF_RNA_SPLICING,Negative Regulation Of Rna Splicing,DOWN,36,0,13874,0,1.0,,,1.0
GO_BP,GOBP_NEGATIVE_REGULATION_OF_SECRETION,Negative Regulation Of Secretion,DOWN,93,0,13874,0,1.0,,,1.0
GO_BP,GOBP_NEGATIVE_REGULATION_OF_SIGNAL_TRANSDUCTION_BY_P53_CLASS_MEDIATOR,Negative Regulation Of Signal Transduction By P53 Class Mediator,DOWN,36,0,13874,0,1.0,,,1.0
GO_BP,GOBP_NEGATIVE_REGULATION_OF_SIGNAL_TRANSDUCTION_IN_ABSENCE_OF_LIGAND,Negative Regulation Of Signal Transduction In Absence Of Ligand,DOWN,23,0,13874,0,1.0,,,1.0
GO_BP,GOBP_NEGATIVE_REGULATION_OF_SMAD_PROTEIN_SIGNAL_TRANSDUCTION,Negative Regulation Of Smad Protein Signal Transduction,DOWN,19,0,13874,0,1.0,,,1.0
GO_BP,GOBP_NEGATIVE_REGULATION_OF_SMALL_GTPASE_MEDIATED_SIGNAL_TRANSDUCTION,Negative Regulation Of Small Gtpase Mediated Signal Transduction,DOWN,54,0,13874,0,1.0,,,1.0
GO_BP,GOBP_NEGATIVE_REGULATION_OF_SMALL_MOLECULE_METABOLIC_PROCESS,Negative Regulation Of Small Molecule Metabolic Process,DOWN,74,0,13874,0,1.0,,,1.0
GO_BP,GOBP_NEGATIVE_REGULATION_OF_SMOOTHENED_SIGNALING_PATHWAY,Negative Regulation Of Smoothened Signaling Pathway,DOWN,31,0,13874,0,1.0,,,1.0
GO_BP,GOBP_NEGATIVE_REGULATION_OF_SMOOTH_MUSCLE_CELL_MIGRATION,Negative Regulation Of Smooth Muscle Cell Migration,DOWN,20,0,13874,0,1.0,,,1.0
GO_BP,GOBP_NEGATIVE_REGULATION_OF_SMOOTH_MUSCLE_CELL_PROLIFERATION,Negative Regulation Of Smooth Muscle Cell Proliferation,DOWN,34,0,13874,0,1.0,,,1.0
GO_BP,GOBP_NEGATIVE_REGULATION_OF_STEM_CELL_DIFFERENTIATION,Negative Regulation Of Stem Cell Differentiation,DOWN,19,0,13874,0,1.0,,,1.0
GO_BP,GOBP_NEGATIVE_REGULATION_OF_STEM_CELL_POPULATION_MAINTENANCE,Negative Regulation Of Stem Cell Population Maintenance,DOWN,20,0,13874,0,1.0,,,1.0
GO_BP,GOBP_NEGATIVE_REGULATION_OF_STEROID_BIOSYNTHETIC_PROCESS,Negative Regulation Of Steroid Biosynthetic Process,DOWN,18,0,13874,0,1.0,,,1.0
GO_BP,GOBP_NEGATIVE_REGULATION_OF_STEROID_METABOLIC_PROCESS,Negative Regulation Of Steroid Metabolic Process,DOWN,21,0,13874,0,1.0,,,1.0
GO_BP,GOBP_NEGATIVE_REGULATION_OF_STRIATED_MUSCLE_CELL_APOPTOTIC_PROCESS,Negative Regulation Of Striated Muscle Cell Apoptotic Process,DOWN,20,0,13874,0,1.0,,,1.0
GO_BP,GOBP_NEGATIVE_REGULATION_OF_STRIATED_MUSCLE_CELL_DIFFERENTIATION,Negative Regulation Of Striated Muscle Cell Differentiation,DOWN,31,0,13874,0,1.0,,,1.0
GO_BP,GOBP_NEGATIVE_REGULATION_OF_SUPRAMOLECULAR_FIBER_ORGANIZATION,Negative Regulation Of Supramolecular Fiber Organization,DOWN,127,0,13874,0,1.0,,,1.0
GO_BP,GOBP_NEGATIVE_REGULATION_OF_SYNAPTIC_TRANSMISSION,Negative Regulation Of Synaptic Transmission,DOWN,30,0,13874,0,1.0,,,1.0
GO_BP,GOBP_NEGATIVE_REGULATION_OF_SYNCYTIUM_FORMATION_BY_PLASMA_MEMBRANE_FUSION,Negative Regulation Of Syncytium Formation By Plasma Membrane Fusion,DOWN,46,0,13874,0,1.0,,,1.0
GO_BP,GOBP_NEGATIVE_REGULATION_OF_TELOMERE_MAINTENANCE,Negative Regulation Of Telomere Maintenance,DOWN,34,0,13874,0,1.0,,,1.0
GO_BP,GOBP_NEGATIVE_REGULATION_OF_TELOMERE_MAINTENANCE_VIA_TELOMERASE,Negative Regulation Of Telomere Maintenance Via Telomerase,DOWN,20,0,13874,0,1.0,,,1.0
GO_BP,GOBP_NEGATIVE_REGULATION_OF_TELOMERE_MAINTENANCE_VIA_TELOMERE_LENGTHENING,Negative Regulation Of Telomere Maintenance Via Telomere Lengthening,DOWN,26,0,13874,0,1.0,,,1.0
GO_BP,GOBP_NEGATIVE_REGULATION_OF_TISSUE_REMODELING,Negative Regulation Of Tissue Remodeling,DOWN,17,0,13874,0,1.0,,,1.0
GO_BP,GOBP_NEGATIVE_REGULATION_OF_TORC1_SIGNALING,Negative Regulation Of Torc1 Signaling,DOWN,47,0,13874,0,1.0,,,1.0
GO_BP,GOBP_NEGATIVE_REGULATION_OF_TOR_SIGNALING,Negative Regulation Of Tor Signaling,DOWN,70,0,13874,0,1.0,,,1.0
GO_BP,GOBP_NEGATIVE_REGULATION_OF_TRANSCRIPTION_ELONGATION_BY_RNA_POLYMERASE_II,Negative Regulation Of Transcription Elongation By Rna Polymerase Ii,DOWN,19,0,13874,0,1.0,,,1.0
GO_BP,GOBP_NEGATIVE_REGULATION_OF_TRANSFORMING_GROWTH_FACTOR_BETA_RECEPTOR_SIGNALING_PATHWAY,Negative Regulation Of Transforming Growth Factor Beta Receptor Signaling Pathway,DOWN,79,0,13874,0,1.0,,,1.0
GO_BP,GOBP_NEGATIVE_REGULATION_OF_TRANSLATION,Negative Regulation Of Translation,DOWN,122,0,13874,0,1.0,,,1.0
GO_BP,GOBP_NEGATIVE_REGULATION_OF_TRANSLATIONAL_INITIATION,Negative Regulation Of Translational Initiation,DOWN,28,0,13874,0,1.0,,,1.0
GO_BP,GOBP_NEGATIVE_REGULATION_OF_TRANSMEMBRANE_RECEPTOR_PROTEIN_SERINE_THREONINE_KINASE_SIGNALING_PATHWAY,Negative Regulation Of Transmembrane Receptor Protein Serine Threonine Kinase Signaling Pathway,DOWN,118,0,13874,0,1.0,,,1.0
GO_BP,GOBP_NEGATIVE_REGULATION_OF_TRANSMEMBRANE_TRANSPORT,Negative Regulation Of Transmembrane Transport,DOWN,64,0,13874,0,1.0,,,1.0
GO_BP,GOBP_NEGATIVE_REGULATION_OF_TRANSPORT,Negative Regulation Of Transport,DOWN,268,0,13874,0,1.0,,,1.0
GO_BP,GOBP_NEGATIVE_REGULATION_OF_TUMOR_NECROSIS_FACTOR_MEDIATED_SIGNALING_PATHWAY,Negative Regulation Of Tumor Necrosis Factor Mediated Signaling Pathway,DOWN,22,0,13874,0,1.0,,,1.0
GO_BP,GOBP_NEGATIVE_REGULATION_OF_TUMOR_NECROSIS_FACTOR_SUPERFAMILY_CYTOKINE_PRODUCTION,Negative Regulation Of Tumor Necrosis Factor Superfamily Cytokine Production,DOWN,34,0,13874,0,1.0,,,1.0
GO_BP,GOBP_NEGATIVE_REGULATION_OF_TYPE_II_INTERFERON_PRODUCTION,Negative Regulation Of Type Ii Interferon Production,DOWN,18,0,13874,0,1.0,,,1.0
GO_BP,GOBP_NEGATIVE_REGULATION_OF_TYPE_I_INTERFERON_MEDIATED_SIGNALING_PATHWAY,Negative Regulation Of Type I Interferon Mediated Signaling Pathway,DOWN,20,0,13874,0,1.0,,,1.0
GO_BP,GOBP_NEGATIVE_REGULATION_OF_TYPE_I_INTERFERON_PRODUCTION,Negative Regulation Of Type I Interferon Production,DOWN,42,0,13874,0,1.0,,,1.0
GO_BP,GOBP_NEGATIVE_REGULATION_OF_T_CELL_PROLIFERATION,Negative Regulation Of T Cell Proliferation,DOWN,38,0,13874,0,1.0,,,1.0
GO_BP,GOBP_NEGATIVE_REGULATION_OF_T_CELL_RECEPTOR_SIGNALING_PATHWAY,Negative Regulation Of T Cell Receptor Signaling Pathway,DOWN,25,0,13874,0,1.0,,,1.0
GO_BP,GOBP_NEGATIVE_REGULATION_OF_UBIQUITIN_DEPENDENT_PROTEIN_CATABOLIC_PROCESS,Negative Regulation Of Ubiquitin Dependent Protein Catabolic Process,DOWN,55,0,13874,0,1.0,,,1.0
GO_BP,GOBP_NEGATIVE_REGULATION_OF_VASCULAR_ASSOCIATED_SMOOTH_MUSCLE_CELL_PROLIFERATION,Negative Regulation Of Vascular Associated Smooth Muscle Cell Proliferation,DOWN,17,0,13874,0,1.0,,,1.0
GO_BP,GOBP_NEGATIVE_REGULATION_OF_VASCULATURE_DEVELOPMENT,Negative Regulation Of Vasculature Development,DOWN,78,0,13874,0,1.0,,,1.0
GO_BP,GOBP_NEGATIVE_REGULATION_OF_VIRAL_GENOME_REPLICATION,Negative Regulation Of Viral Genome Replication,DOWN,35,0,13874,0,1.0,,,1.0
GO_BP,GOBP_NEGATIVE_REGULATION_OF_VIRAL_PROCESS,Negative Regulation Of Viral Process,DOWN,56,0,13874,0,1.0,,,1.0
GO_BP,GOBP_NEGATIVE_REGULATION_OF_VIRAL_TRANSCRIPTION,Negative Regulation Of Viral Transcription,DOWN,15,0,13874,0,1.0,,,1.0
GO_BP,GOBP_NEGATIVE_REGULATION_OF_WNT_SIGNALING_PATHWAY,Negative Regulation Of Wnt Signaling Pathway,DOWN,134,0,13874,0,1.0,,,1.0
GO_BP,GOBP_NEGATIVE_REGULATION_OF_WOUND_HEALING,Negative Regulation Of Wound Healing,DOWN,39,0,13874,0,1.0,,,1.0
GO_BP,GOBP_NEPHRON_DEVELOPMENT,Nephron Development,DOWN,100,0,13874,0,1.0,,,1.0
GO_BP,GOBP_NEPHRON_EPITHELIUM_DEVELOPMENT,Nephron Epithelium Development,DOWN,73,0,13874,0,1.0,,,1.0
GO_BP,GOBP_NEPHRON_MORPHOGENESIS,Nephron Morphogenesis,DOWN,49,0,13874,0,1.0,,,1.0
GO_BP,GOBP_NERVE_DEVELOPMENT,Nerve Development,DOWN,57,0,13874,0,1.0,,,1.0
GO_BP,GOBP_NEURAL_CREST_CELL_DIFFERENTIATION,Neural Crest Cell Differentiation,DOWN,74,0,13874,0,1.0,,,1.0
GO_BP,GOBP_NEURAL_NUCLEUS_DEVELOPMENT,Neural Nucleus Development,DOWN,46,0,13874,0,1.0,,,1.0
GO_BP,GOBP_NEURAL_PRECURSOR_CELL_PROLIFERATION,Neural Precursor Cell Proliferation,DOWN,100,0,13874,0,1.0,,,1.0
GO_BP,GOBP_NEURAL_RETINA_DEVELOPMENT,Neural Retina Development,DOWN,35,0,13874,0,1.0,,,1.0
GO_BP,GOBP_NEURAL_TUBE_DEVELOPMENT,Neural Tube Development,DOWN,128,0,13874,0,1.0,,,1.0
GO_BP,GOBP_NEURAL_TUBE_FORMATION,Neural Tube Formation,DOWN,85,0,13874,0,1.0,,,1.0
GO_BP,GOBP_NEURAL_TUBE_PATTERNING,Neural Tube Patterning,DOWN,20,0,13874,0,1.0,,,1.0
GO_BP,GOBP_NEUROBLAST_PROLIFERATION,Neuroblast Proliferation,DOWN,38,0,13874,0,1.0,,,1.0
GO_BP,GOBP_NEUROEPITHELIAL_CELL_DIFFERENTIATION,Neuroepithelial Cell Differentiation,DOWN,25,0,13874,0,1.0,,,1.0
GO_BP,GOBP_NEUROINFLAMMATORY_RESPONSE,Neuroinflammatory Response,DOWN,47,0,13874,0,1.0,,,1.0
GO_BP,GOBP_NEUROMUSCULAR_JUNCTION_DEVELOPMENT,Neuromuscular Junction Development,DOWN,52,0,13874,0,1.0,,,1.0
GO_BP,GOBP_NEUROMUSCULAR_PROCESS,Neuromuscular Process,DOWN,110,0,13874,0,1.0,,,1.0
GO_BP,GOBP_NEUROMUSCULAR_PROCESS_CONTROLLING_BALANCE,Neuromuscular Process Controlling Balance,DOWN,34,0,13874,0,1.0,,,1.0
GO_BP,GOBP_NEURONAL_ACTION_POTENTIAL,Neuronal Action Potential,DOWN,19,0,13874,0,1.0,,,1.0
GO_BP,GOBP_NEURONAL_STEM_CELL_POPULATION_MAINTENANCE,Neuronal Stem Cell Population Maintenance,DOWN,18,0,13874,0,1.0,,,1.0
GO_BP,GOBP_NEURON_APOPTOTIC_PROCESS,Neuron Apoptotic Process,DOWN,218,0,13874,0,1.0,,,1.0
GO_BP,GOBP_NEURON_CELLULAR_HOMEOSTASIS,Neuron Cellular Homeostasis,DOWN,30,0,13874,0,1.0,,,1.0
GO_BP,GOBP_NEURON_FATE_COMMITMENT,Neuron Fate Commitment,DOWN,26,0,13874,0,1.0,,,1.0
GO_BP,GOBP_NEURON_INTRINSIC_APOPTOTIC_SIGNALING_PATHWAY_IN_RESPONSE_TO_OXIDATIVE_STRESS,Neuron Intrinsic Apoptotic Signaling Pathway In Response To Oxidative Stress,DOWN,18,0,13874,0,1.0,,,1.0
GO_BP,GOBP_NEURON_MATURATION,Neuron Maturation,DOWN,38,0,13874,0,1.0,,,1.0
GO_BP,GOBP_NEURON_MIGRATION,Neuron Migration,DOWN,128,0,13874,0,1.0,,,1.0
GO_BP,GOBP_NEURON_PROJECTION_ARBORIZATION,Neuron Projection Arborization,DOWN,30,0,13874,0,1.0,,,1.0
GO_BP,GOBP_NEURON_PROJECTION_EXTENSION,Neuron Projection Extension,DOWN,119,0,13874,0,1.0,,,1.0
GO_BP,GOBP_NEURON_PROJECTION_EXTENSION_INVOLVED_IN_NEURON_PROJECTION_GUIDANCE,Neuron Projection Extension Involved In Neuron Projection Guidance,DOWN,17,0,13874,0,1.0,,,1.0
GO_BP,GOBP_NEURON_PROJECTION_GUIDANCE,Neuron Projection Guidance,DOWN,155,0,13874,0,1.0,,,1.0
GO_BP,GOBP_NEURON_PROJECTION_ORGANIZATION,Neuron Projection Organization,DOWN,69,0,13874,0,1.0,,,1.0
GO_BP,GOBP_NEURON_PROJECTION_REGENERATION,Neuron Projection Regeneration,DOWN,43,0,13874,0,1.0,,,1.0
GO_BP,GOBP_NEURON_RECOGNITION,Neuron Recognition,DOWN,33,0,13874,0,1.0,,,1.0
GO_BP,GOBP_NEUROPEPTIDE_SIGNALING_PATHWAY,Neuropeptide Signaling Pathway,DOWN,25,0,13874,0,1.0,,,1.0
GO_BP,GOBP_NEUROTRANSMITTER_RECEPTOR_LOCALIZATION_TO_POSTSYNAPTIC_SPECIALIZATION_MEMBRANE,Neurotransmitter Receptor Localization To Postsynaptic Specialization Membrane,DOWN,22,0,13874,0,1.0,,,1.0
GO_BP,GOBP_NEUROTRANSMITTER_SECRETION,Neurotransmitter Secretion,DOWN,98,0,13874,0,1.0,,,1.0
GO_BP,GOBP_NEUROTRANSMITTER_TRANSPORT,Neurotransmitter Transport,DOWN,127,0,13874,0,1.0,,,1.0
GO_BP,GOBP_NEUROTRANSMITTER_UPTAKE,Neurotransmitter Uptake,DOWN,24,0,13874,0,1.0,,,1.0
GO_BP,GOBP_NEUROTROPHIN_SIGNALING_PATHWAY,Neurotrophin Signaling Pathway,DOWN,26,0,13874,0,1.0,,,1.0
GO_BP,GOBP_NEUROTROPHIN_TRK_RECEPTOR_SIGNALING_PATHWAY,Neurotrophin Trk Receptor Signaling Pathway,DOWN,19,0,13874,0,1.0,,,1.0
GO_BP,GOBP_NEUTRAL_AMINO_ACID_TRANSPORT,Neutral Amino Acid Transport,DOWN,37,0,13874,0,1.0,,,1.0
GO_BP,GOBP_NEUTRAL_LIPID_BIOSYNTHETIC_PROCESS,Neutral Lipid Biosynthetic Process,DOWN,35,0,13874,0,1.0,,,1.0
GO_BP,GOBP_NEUTRAL_LIPID_CATABOLIC_PROCESS,Neutral Lipid Catabolic Process,DOWN,21,0,13874,0,1.0,,,1.0
GO_BP,GOBP_NEUTRAL_LIPID_METABOLIC_PROCESS,Neutral Lipid Metabolic Process,DOWN,88,0,13874,0,1.0,,,1.0
GO_BP,GOBP_NEUTROPHIL_CHEMOTAXIS,Neutrophil Chemotaxis,DOWN,40,0,13874,0,1.0,,,1.0
GO_BP,GOBP_NEUTROPHIL_MEDIATED_IMMUNITY,Neutrophil Mediated Immunity,DOWN,19,0,13874,0,1.0,,,1.0
GO_BP,GOBP_NEUTROPHIL_MIGRATION,Neutrophil Migration,DOWN,55,0,13874,0,1.0,,,1.0
GO_BP,GOBP_NON_CANONICAL_NF_KAPPAB_SIGNAL_TRANSDUCTION,Non Canonical Nf Kappab Signal Transduction,DOWN,93,0,13874,0,1.0,,,1.0
GO_BP,GOBP_NON_CANONICAL_WNT_SIGNALING_PATHWAY,Non Canonical Wnt Signaling Pathway,DOWN,53,0,13874,0,1.0,,,1.0
GO_BP,GOBP_NON_MOTILE_CILIUM_ASSEMBLY,Non Motile Cilium Assembly,DOWN,53,0,13874,0,1.0,,,1.0
GO_BP,GOBP_NON_PROTEINOGENIC_AMINO_ACID_METABOLIC_PROCESS,Non Proteinogenic Amino Acid Metabolic Process,DOWN,42,0,13874,0,1.0,,,1.0
GO_BP,GOBP_NOTCH_SIGNALING_PATHWAY,Notch Signaling Pathway,DOWN,125,0,13874,0,1.0,,,1.0
GO_BP,GOBP_NUCLEAR_CHROMOSOME_SEGREGATION,Nuclear Chromosome Segregation,DOWN,263,0,13874,0,1.0,,,1.0
GO_BP,GOBP_NUCLEAR_ENVELOPE_ORGANIZATION,Nuclear Envelope Organization,DOWN,52,0,13874,0,1.0,,,1.0
GO_BP,GOBP_NUCLEAR_EXPORT,Nuclear Export,DOWN,159,0,13874,0,1.0,,,1.0
GO_BP,GOBP_NUCLEAR_MEMBRANE_ORGANIZATION,Nuclear Membrane Organization,DOWN,42,0,13874,0,1.0,,,1.0
GO_BP,GOBP_NUCLEAR_MEMBRANE_REASSEMBLY,Nuclear Membrane Reassembly,DOWN,23,0,13874,0,1.0,,,1.0
GO_BP,GOBP_NUCLEAR_PORE_ORGANIZATION,Nuclear Pore Organization,DOWN,15,0,13874,0,1.0,,,1.0
GO_BP,GOBP_NUCLEAR_RECEPTOR_MEDIATED_SIGNALING_PATHWAY,Nuclear Receptor Mediated Signaling Pathway,DOWN,153,0,13874,0,1.0,,,1.0
GO_BP,GOBP_NUCLEAR_TRANSCRIBED_MRNA_CATABOLIC_PROCESS,Nuclear Transcribed Mrna Catabolic Process,DOWN,143,0,13874,0,1.0,,,1.0
GO_BP,GOBP_NUCLEAR_TRANSCRIBED_MRNA_CATABOLIC_PROCESS_DEADENYLATION_DEPENDENT_DECAY,Nuclear Transcribed Mrna Catabolic Process Deadenylation Dependent Decay,DOWN,66,0,13874,0,1.0,,,1.0
GO_BP,GOBP_NUCLEAR_TRANSCRIBED_MRNA_CATABOLIC_PROCESS_NONSENSE_MEDIATED_DECAY,Nuclear Transcribed Mrna Catabolic Process Nonsense Mediated Decay,DOWN,42,0,13874,0,1.0,,,1.0
GO_BP,GOBP_NUCLEAR_TRANSCRIBED_MRNA_POLY_A_TAIL_SHORTENING,Nuclear Transcribed Mrna Poly A Tail Shortening,DOWN,33,0,13874,0,1.0,,,1.0
GO_BP,GOBP_NUCLEAR_TRANSPORT,Nuclear Transport,DOWN,297,0,13874,0,1.0,,,1.0
GO_BP,GOBP_NUCLEIC_ACID_CATABOLIC_PROCESS,Nucleic Acid Catabolic Process,DOWN,354,0,13874,0,1.0,,,1.0
GO_BP,GOBP_NUCLEOBASE_BIOSYNTHETIC_PROCESS,Nucleobase Biosynthetic Process,DOWN,20,0,13874,0,1.0,,,1.0
GO_BP,GOBP_NUCLEOBASE_CONTAINING_COMPOUND_TRANSPORT,Nucleobase Containing Compound Transport,DOWN,201,0,13874,0,1.0,,,1.0
GO_BP,GOBP_NUCLEOBASE_METABOLIC_PROCESS,Nucleobase Metabolic Process,DOWN,36,0,13874,0,1.0,,,1.0
GO_BP,GOBP_NUCLEOLAR_LARGE_RRNA_TRANSCRIPTION_BY_RNA_POLYMERASE_I,Nucleolar Large Rrna Transcription By Rna Polymerase I,DOWN,30,0,13874,0,1.0,,,1.0
GO_BP,GOBP_NUCLEOLUS_ORGANIZATION,Nucleolus Organization,DOWN,17,0,13874,0,1.0,,,1.0
GO_BP,GOBP_NUCLEOPHAGY,Nucleophagy,DOWN,22,0,13874,0,1.0,,,1.0
GO_BP,GOBP_NUCLEOSIDE_BIOSYNTHETIC_PROCESS,Nucleoside Biosynthetic Process,DOWN,17,0,13874,0,1.0,,,1.0
GO_BP,GOBP_NUCLEOSIDE_DIPHOSPHATE_CATABOLIC_PROCESS,Nucleoside Diphosphate Catabolic Process,DOWN,82,0,13874,0,1.0,,,1.0
GO_BP,GOBP_NUCLEOSIDE_DIPHOSPHATE_METABOLIC_PROCESS,Nucleoside Diphosphate Metabolic Process,DOWN,106,0,13874,0,1.0,,,1.0
GO_BP,GOBP_NUCLEOSIDE_METABOLIC_PROCESS,Nucleoside Metabolic Process,DOWN,37,0,13874,0,1.0,,,1.0
GO_BP,GOBP_NUCLEOSIDE_MONOPHOSPHATE_BIOSYNTHETIC_PROCESS,Nucleoside Monophosphate Biosynthetic Process,DOWN,39,0,13874,0,1.0,,,1.0
GO_BP,GOBP_NUCLEOSIDE_MONOPHOSPHATE_CATABOLIC_PROCESS,Nucleoside Monophosphate Catabolic Process,DOWN,18,0,13874,0,1.0,,,1.0
GO_BP,GOBP_NUCLEOSIDE_MONOPHOSPHATE_METABOLIC_PROCESS,Nucleoside Monophosphate Metabolic Process,DOWN,67,0,13874,0,1.0,,,1.0
GO_BP,GOBP_NUCLEOSIDE_PHOSPHATE_BIOSYNTHETIC_PROCESS,Nucleoside Phosphate Biosynthetic Process,DOWN,274,0,13874,0,1.0,,,1.0
GO_BP,GOBP_NUCLEOSIDE_PHOSPHATE_CATABOLIC_PROCESS,Nucleoside Phosphate Catabolic Process,DOWN,149,0,13874,0,1.0,,,1.0
GO_BP,GOBP_NUCLEOSIDE_TRIPHOSPHATE_BIOSYNTHETIC_PROCESS,Nucleoside Triphosphate Biosynthetic Process,DOWN,115,0,13874,0,1.0,,,1.0
GO_BP,GOBP_NUCLEOSIDE_TRIPHOSPHATE_METABOLIC_PROCESS,Nucleoside Triphosphate Metabolic Process,DOWN,234,0,13874,0,1.0,,,1.0
GO_BP,GOBP_NUCLEOSOME_ORGANIZATION,Nucleosome Organization,DOWN,86,0,13874,0,1.0,,,1.0
GO_BP,GOBP_NUCLEOTIDE_BINDING_DOMAIN_LEUCINE_RICH_REPEAT_CONTAINING_RECEPTOR_SIGNALING_PATHWAY,Nucleotide Binding Domain Leucine Rich Repeat Containing Receptor Signaling Pathway,DOWN,23,0,13874,0,1.0,,,1.0
GO_BP,GOBP_NUCLEOTIDE_BIOSYNTHETIC_PROCESS,Nucleotide Biosynthetic Process,DOWN,190,0,13874,0,1.0,,,1.0
GO_BP,GOBP_NUCLEOTIDE_EXCISION_REPAIR,Nucleotide Excision Repair,DOWN,85,0,13874,0,1.0,,,1.0
GO_BP,GOBP_NUCLEOTIDE_METABOLIC_PROCESS,Nucleotide Metabolic Process,DOWN,394,0,13874,0,1.0,,,1.0
GO_BP,GOBP_NUCLEOTIDE_SALVAGE,Nucleotide Salvage,DOWN,21,0,13874,0,1.0,,,1.0
GO_BP,GOBP_NUCLEOTIDE_SUGAR_BIOSYNTHETIC_PROCESS,Nucleotide Sugar Biosynthetic Process,DOWN,28,0,13874,0,1.0,,,1.0
GO_BP,GOBP_NUCLEOTIDE_SUGAR_METABOLIC_PROCESS,Nucleotide Sugar Metabolic Process,DOWN,41,0,13874,0,1.0,,,1.0
GO_BP,GOBP_NUCLEOTIDE_TRANSMEMBRANE_TRANSPORT,Nucleotide Transmembrane Transport,DOWN,21,0,13874,0,1.0,,,1.0
GO_BP,GOBP_NUCLEOTIDE_TRANSPORT,Nucleotide Transport,DOWN,37,0,13874,0,1.0,,,1.0
GO_BP,GOBP_NUCLEUS_LOCALIZATION,Nucleus Localization,DOWN,29,0,13874,0,1.0,,,1.0
GO_BP,GOBP_NUCLEUS_ORGANIZATION,Nucleus Organization,DOWN,127,0,13874,0,1.0,,,1.0
GO_BP,GOBP_NUTRIENT_STORAGE,Nutrient Storage,DOWN,65,0,13874,0,1.0,,,1.0
GO_BP,GOBP_N_GLYCAN_PROCESSING,N Glycan Processing,DOWN,19,0,13874,0,1.0,,,1.0
GO_BP,GOBP_ODONTOBLAST_DIFFERENTIATION,Odontoblast Differentiation,DOWN,16,0,13874,0,1.0,,,1.0
GO_BP,GOBP_ODONTOGENESIS,Odontogenesis,DOWN,74,0,13874,0,1.0,,,1.0
GO_BP,GOBP_ODONTOGENESIS_OF_DENTIN_CONTAINING_TOOTH,Odontogenesis Of Dentin Containing Tooth,DOWN,48,0,13874,0,1.0,,,1.0
GO_BP,GOBP_OLEFINIC_COMPOUND_BIOSYNTHETIC_PROCESS,Olefinic Compound Biosynthetic Process,DOWN,20,0,13874,0,1.0,,,1.0
GO_BP,GOBP_OLEFINIC_COMPOUND_METABOLIC_PROCESS,Olefinic Compound Metabolic Process,DOWN,89,0,13874,0,1.0,,,1.0
GO_BP,GOBP_OLFACTORY_LOBE_DEVELOPMENT,Olfactory Lobe Development,DOWN,20,0,13874,0,1.0,,,1.0
GO_BP,GOBP_OLIGODENDROCYTE_DEVELOPMENT,Oligodendrocyte Development,DOWN,29,0,13874,0,1.0,,,1.0
GO_BP,GOBP_OLIGODENDROCYTE_DIFFERENTIATION,Oligodendrocyte Differentiation,DOWN,66,0,13874,0,1.0,,,1.0
GO_BP,GOBP_OLIGOPEPTIDE_TRANSPORT,Oligopeptide Transport,DOWN,16,0,13874,0,1.0,,,1.0
GO_BP,GOBP_OLIGOSACCHARIDE_METABOLIC_PROCESS,Oligosaccharide Metabolic Process,DOWN,32,0,13874,0,1.0,,,1.0
GO_BP,GOBP_ONE_CARBON_METABOLIC_PROCESS,One Carbon Metabolic Process,DOWN,19,0,13874,0,1.0,,,1.0
GO_BP,GOBP_OOCYTE_DIFFERENTIATION,Oocyte Differentiation,DOWN,41,0,13874,0,1.0,,,1.0
GO_BP,GOBP_OOCYTE_MATURATION,Oocyte Maturation,DOWN,25,0,13874,0,1.0,,,1.0
GO_BP,GOBP_OOGENESIS,Oogenesis,DOWN,64,0,13874,0,1.0,,,1.0
GO_BP,GOBP_ORGANELLE_DISASSEMBLY,Organelle Disassembly,DOWN,71,0,13874,0,1.0,,,1.0
GO_BP,GOBP_ORGANELLE_FISSION,Organelle Fission,DOWN,379,0,13874,0,1.0,,,1.0
GO_BP,GOBP_ORGANELLE_FUSION,Organelle Fusion,DOWN,146,0,13874,0,1.0,,,1.0
GO_BP,GOBP_ORGANELLE_INHERITANCE,Organelle Inheritance,DOWN,15,0,13874,0,1.0,,,1.0
GO_BP,GOBP_ORGANELLE_LOCALIZATION,Organelle Localization,DOWN,495,0,13874,0,1.0,,,1.0
GO_BP,GOBP_ORGANELLE_MEMBRANE_FUSION,Organelle Membrane Fusion,DOWN,108,0,13874,0,1.0,,,1.0
GO_BP,GOBP_ORGANELLE_TRANSPORT_ALONG_MICROTUBULE,Organelle Transport Along Microtubule,DOWN,86,0,13874,0,1.0,,,1.0
GO_BP,GOBP_ORGANIC_ACID_BIOSYNTHETIC_PROCESS,Organic Acid Biosynthetic Process,DOWN,218,0,13874,0,1.0,,,1.0
GO_BP,GOBP_ORGANIC_ACID_CATABOLIC_PROCESS,Organic Acid Catabolic Process,DOWN,165,0,13874,0,1.0,,,1.0
GO_BP,GOBP_ORGANIC_ACID_TRANSPORT,Organic Acid Transport,DOWN,194,0,13874,0,1.0,,,1.0
GO_BP,GOBP_ORGANIC_ANION_TRANSPORT,Organic Anion Transport,DOWN,256,0,13874,0,1.0,,,1.0
GO_BP,GOBP_ORGANIC_CATION_TRANSPORT,Organic Cation Transport,DOWN,65,0,13874,0,1.0,,,1.0
GO_BP,GOBP_ORGANIC_HYDROXY_COMPOUND_TRANSPORT,Organic Hydroxy Compound Transport,DOWN,152,0,13874,0,1.0,,,1.0
GO_BP,GOBP_ORGANISM_EMERGENCE_FROM_PROTECTIVE_STRUCTURE,Organism Emergence From Protective Structure,DOWN,20,0,13874,0,1.0,,,1.0
GO_BP,GOBP_ORGANOPHOSPHATE_CATABOLIC_PROCESS,Organophosphate Catabolic Process,DOWN,188,0,13874,0,1.0,,,1.0
GO_BP,GOBP_ORGANOPHOSPHATE_ESTER_TRANSPORT,Organophosphate Ester Transport,DOWN,129,0,13874,0,1.0,,,1.0
GO_BP,GOBP_ORGAN_GROWTH,Organ Growth,DOWN,123,0,13874,0,1.0,,,1.0
GO_BP,GOBP_ORGAN_INDUCTION,Organ Induction,DOWN,18,0,13874,0,1.0,,,1.0
GO_BP,GOBP_ORGAN_OR_TISSUE_SPECIFIC_IMMUNE_RESPONSE,Organ Or Tissue Specific Immune Response,DOWN,18,0,13874,0,1.0,,,1.0
GO_BP,GOBP_OSSIFICATION,Ossification,DOWN,310,0,13874,0,1.0,,,1.0
GO_BP,GOBP_OSTEOBLAST_DIFFERENTIATION,Osteoblast Differentiation,DOWN,180,0,13874,0,1.0,,,1.0
GO_BP,GOBP_OSTEOBLAST_PROLIFERATION,Osteoblast Proliferation,DOWN,25,0,13874,0,1.0,,,1.0
GO_BP,GOBP_OSTEOCLAST_DIFFERENTIATION,Osteoclast Differentiation,DOWN,77,0,13874,0,1.0,,,1.0
GO_BP,GOBP_OUTFLOW_TRACT_MORPHOGENESIS,Outflow Tract Morphogenesis,DOWN,57,0,13874,0,1.0,,,1.0
GO_BP,GOBP_OUTFLOW_TRACT_SEPTUM_MORPHOGENESIS,Outflow Tract Septum Morphogenesis,DOWN,20,0,13874,0,1.0,,,1.0
GO_BP,GOBP_OVARIAN_FOLLICLE_DEVELOPMENT,Ovarian Follicle Development,DOWN,41,0,13874,0,1.0,,,1.0
GO_BP,GOBP_OVULATION_CYCLE,Ovulation Cycle,DOWN,43,0,13874,0,1.0,,,1.0
GO_BP,GOBP_OVULATION_CYCLE_PROCESS,Ovulation Cycle Process,DOWN,29,0,13874,0,1.0,,,1.0
GO_BP,GOBP_OXIDATIVE_PHOSPHORYLATION,Oxidative Phosphorylation,DOWN,132,0,13874,0,1.0,,,1.0
GO_BP,GOBP_P38MAPK_CASCADE,P38Mapk Cascade,DOWN,43,0,13874,0,1.0,,,1.0
GO_BP,GOBP_PALLIUM_DEVELOPMENT,Pallium Development,DOWN,141,0,13874,0,1.0,,,1.0
GO_BP,GOBP_PANCREAS_DEVELOPMENT,Pancreas Development,DOWN,44,0,13874,0,1.0,,,1.0
GO_BP,GOBP_PARAXIAL_MESODERM_DEVELOPMENT,Paraxial Mesoderm Development,DOWN,16,0,13874,0,1.0,,,1.0
GO_BP,GOBP_PATTERN_SPECIFICATION_PROCESS,Pattern Specification Process,DOWN,285,0,13874,0,1.0,,,1.0
GO_BP,GOBP_PENTOSE_PHOSPHATE_SHUNT,Pentose Phosphate Shunt,DOWN,16,0,13874,0,1.0,,,1.0
GO_BP,GOBP_PEPTIDE_BIOSYNTHETIC_PROCESS,Peptide Biosynthetic Process,DOWN,18,0,13874,0,1.0,,,1.0
GO_BP,GOBP_PEPTIDE_CATABOLIC_PROCESS,Peptide Catabolic Process,DOWN,19,0,13874,0,1.0,,,1.0
GO_BP,GOBP_PEPTIDE_METABOLIC_PROCESS,Peptide Metabolic Process,DOWN,48,0,13874,0,1.0,,,1.0
GO_BP,GOBP_PEPTIDE_TRANSPORT,Peptide Transport,DOWN,161,0,13874,0,1.0,,,1.0
GO_BP,GOBP_PEPTIDYL_AMINO_ACID_MODIFICATION,Peptidyl Amino Acid Modification,DOWN,318,0,13874,0,1.0,,,1.0
GO_BP,GOBP_PEPTIDYL_CYSTEINE_MODIFICATION,Peptidyl Cysteine Modification,DOWN,15,0,13874,0,1.0,,,1.0
GO_BP,GOBP_PEPTIDYL_GLUTAMIC_ACID_MODIFICATION,Peptidyl Glutamic Acid Modification,DOWN,17,0,13874,0,1.0,,,1.0
GO_BP,GOBP_PEPTIDYL_LYSINE_METHYLATION,Peptidyl Lysine Methylation,DOWN,17,0,13874,0,1.0,,,1.0
GO_BP,GOBP_PEPTIDYL_LYSINE_MODIFICATION,Peptidyl Lysine Modification,DOWN,116,0,13874,0,1.0,,,1.0
GO_BP,GOBP_PEPTIDYL_SERINE_MODIFICATION,Peptidyl Serine Modification,DOWN,57,0,13874,0,1.0,,,1.0
GO_BP,GOBP_PEPTIDYL_THREONINE_PHOSPHORYLATION,Peptidyl Threonine Phosphorylation,DOWN,26,0,13874,0,1.0,,,1.0
GO_BP,GOBP_PEPTIDYL_TYROSINE_DEPHOSPHORYLATION,Peptidyl Tyrosine Dephosphorylation,DOWN,16,0,13874,0,1.0,,,1.0
GO_BP,GOBP_PEPTIDYL_TYROSINE_MODIFICATION,Peptidyl Tyrosine Modification,DOWN,79,0,13874,0,1.0,,,1.0
GO_BP,GOBP_PERIPHERAL_NERVOUS_SYSTEM_AXON_ENSHEATHMENT,Peripheral Nervous System Axon Ensheathment,DOWN,22,0,13874,0,1.0,,,1.0
GO_BP,GOBP_PERIPHERAL_NERVOUS_SYSTEM_DEVELOPMENT,Peripheral Nervous System Development,DOWN,63,0,13874,0,1.0,,,1.0
GO_BP,GOBP_PERK_MEDIATED_UNFOLDED_PROTEIN_RESPONSE,Perk Mediated Unfolded Protein Response,DOWN,23,0,13874,0,1.0,,,1.0
GO_BP,GOBP_PEROXISOMAL_TRANSPORT,Peroxisomal Transport,DOWN,20,0,13874,0,1.0,,,1.0
GO_BP,GOBP_PEROXISOME_ORGANIZATION,Peroxisome Organization,DOWN,33,0,13874,0,1.0,,,1.0
GO_BP,GOBP_PEROXISOME_PROLIFERATOR_ACTIVATED_RECEPTOR_SIGNALING_PATHWAY,Peroxisome Proliferator Activated Receptor Signaling Pathway,DOWN,21,0,13874,0,1.0,,,1.0
GO_BP,GOBP_PHAGOCYTOSIS,Phagocytosis,DOWN,147,0,13874,0,1.0,,,1.0
GO_BP,GOBP_PHAGOCYTOSIS_ENGULFMENT,Phagocytosis Engulfment,DOWN,27,0,13874,0,1.0,,,1.0
GO_BP,GOBP_PHAGOCYTOSIS_RECOGNITION,Phagocytosis Recognition,DOWN,16,0,13874,0,1.0,,,1.0
GO_BP,GOBP_PHAGOLYSOSOME_ASSEMBLY,Phagolysosome Assembly,DOWN,15,0,13874,0,1.0,,,1.0
GO_BP,GOBP_PHAGOSOME_MATURATION,Phagosome Maturation,DOWN,27,0,13874,0,1.0,,,1.0
GO_BP,GOBP_PHARYNGEAL_SYSTEM_DEVELOPMENT,Pharyngeal System Development,DOWN,16,0,13874,0,1.0,,,1.0
GO_BP,GOBP_PHENOL_CONTAINING_COMPOUND_BIOSYNTHETIC_PROCESS,Phenol Containing Compound Biosynthetic Process,DOWN,23,0,13874,0,1.0,,,1.0
GO_BP,GOBP_PHENOL_CONTAINING_COMPOUND_METABOLIC_PROCESS,Phenol Containing Compound Metabolic Process,DOWN,46,0,13874,0,1.0,,,1.0
GO_BP,GOBP_PHOSPHATIDIC_ACID_METABOLIC_PROCESS,Phosphatidic Acid Metabolic Process,DOWN,30,0,13874,0,1.0,,,1.0
GO_BP,GOBP_PHOSPHATIDYLCHOLINE_BIOSYNTHETIC_PROCESS,Phosphatidylcholine Biosynthetic Process,DOWN,19,0,13874,0,1.0,,,1.0
GO_BP,GOBP_PHOSPHATIDYLCHOLINE_METABOLIC_PROCESS,Phosphatidylcholine Metabolic Process,DOWN,44,0,13874,0,1.0,,,1.0
GO_BP,GOBP_PHOSPHATIDYLETHANOLAMINE_METABOLIC_PROCESS,Phosphatidylethanolamine Metabolic Process,DOWN,18,0,13874,0,1.0,,,1.0
GO_BP,GOBP_PHOSPHATIDYLGLYCEROL_METABOLIC_PROCESS,Phosphatidylglycerol Metabolic Process,DOWN,22,0,13874,0,1.0,,,1.0
GO_BP,GOBP_PHOSPHATIDYLINOSITOL_3_KINASE_PROTEIN_KINASE_B_SIGNAL_TRANSDUCTION,Phosphatidylinositol 3 Kinase Protein Kinase B Signal Transduction,DOWN,230,0,13874,0,1.0,,,1.0
GO_BP,GOBP_PHOSPHATIDYLINOSITOL_3_PHOSPHATE_BIOSYNTHETIC_PROCESS,Phosphatidylinositol 3 Phosphate Biosynthetic Process,DOWN,22,0,13874,0,1.0,,,1.0
GO_BP,GOBP_PHOSPHATIDYLINOSITOL_BIOSYNTHETIC_PROCESS,Phosphatidylinositol Biosynthetic Process,DOWN,106,0,13874,0,1.0,,,1.0
GO_BP,GOBP_PHOSPHATIDYLINOSITOL_DEPHOSPHORYLATION,Phosphatidylinositol Dephosphorylation,DOWN,23,0,13874,0,1.0,,,1.0
GO_BP,GOBP_PHOSPHATIDYLINOSITOL_MEDIATED_SIGNALING,Phosphatidylinositol Mediated Signaling,DOWN,19,0,13874,0,1.0,,,1.0
GO_BP,GOBP_PHOSPHATIDYLINOSITOL_METABOLIC_PROCESS,Phosphatidylinositol Metabolic Process,DOWN,124,0,13874,0,1.0,,,1.0
GO_BP,GOBP_PHOSPHATIDYLINOSITOL_PHOSPHATE_BIOSYNTHETIC_PROCESS,Phosphatidylinositol Phosphate Biosynthetic Process,DOWN,52,0,13874,0,1.0,,,1.0
GO_BP,GOBP_PHOSPHATIDYLSERINE_METABOLIC_PROCESS,Phosphatidylserine Metabolic Process,DOWN,16,0,13874,0,1.0,,,1.0
GO_BP,GOBP_PHOSPHOLIPASE_C_ACTIVATING_G_PROTEIN_COUPLED_RECEPTOR_SIGNALING_PATHWAY,Phospholipase C Activating G Protein Coupled Receptor Signaling Pathway,DOWN,55,0,13874,0,1.0,,,1.0
GO_BP,GOBP_PHOSPHOLIPID_BIOSYNTHETIC_PROCESS,Phospholipid Biosynthetic Process,DOWN,219,0,13874,0,1.0,,,1.0
GO_BP,GOBP_PHOSPHOLIPID_CATABOLIC_PROCESS,Phospholipid Catabolic Process,DOWN,34,0,13874,0,1.0,,,1.0
GO_BP,GOBP_PHOSPHOLIPID_DEPHOSPHORYLATION,Phospholipid Dephosphorylation,DOWN,33,0,13874,0,1.0,,,1.0
GO_BP,GOBP_PHOSPHOLIPID_METABOLIC_PROCESS,Phospholipid Metabolic Process,DOWN,294,0,13874,0,1.0,,,1.0
GO_BP,GOBP_PHOSPHOLIPID_TRANSPORT,Phospholipid Transport,DOWN,78,0,13874,0,1.0,,,1.0
GO_BP,GOBP_PHOTOPERIODISM,Photoperiodism,DOWN,19,0,13874,0,1.0,,,1.0
GO_BP,GOBP_PHOTORECEPTOR_CELL_DEVELOPMENT,Photoreceptor Cell Development,DOWN,25,0,13874,0,1.0,,,1.0
GO_BP,GOBP_PHOTORECEPTOR_CELL_DIFFERENTIATION,Photoreceptor Cell Differentiation,DOWN,34,0,13874,0,1.0,,,1.0
GO_BP,GOBP_PHOTORECEPTOR_CELL_MAINTENANCE,Photoreceptor Cell Maintenance,DOWN,24,0,13874,0,1.0,,,1.0
GO_BP,GOBP_PIECEMEAL_MICROAUTOPHAGY_OF_THE_NUCLEUS,Piecemeal Microautophagy Of The Nucleus,DOWN,17,0,13874,0,1.0,,,1.0
GO_BP,GOBP_PIGMENTATION,Pigmentation,DOWN,86,0,13874,0,1.0,,,1.0
GO_BP,GOBP_PIGMENT_BIOSYNTHETIC_PROCESS,Pigment Biosynthetic Process,DOWN,43,0,13874,0,1.0,,,1.0
GO_BP,GOBP_PIGMENT_CELL_DIFFERENTIATION,Pigment Cell Differentiation,DOWN,24,0,13874,0,1.0,,,1.0
GO_BP,GOBP_PIGMENT_GRANULE_LOCALIZATION,Pigment Granule Localization,DOWN,23,0,13874,0,1.0,,,1.0
GO_BP,GOBP_PIGMENT_GRANULE_ORGANIZATION,Pigment Granule Organization,DOWN,34,0,13874,0,1.0,,,1.0
GO_BP,GOBP_PIGMENT_METABOLIC_PROCESS,Pigment Metabolic Process,DOWN,53,0,13874,0,1.0,,,1.0
GO_BP,GOBP_PINOCYTOSIS,Pinocytosis,DOWN,20,0,13874,0,1.0,,,1.0
GO_BP,GOBP_PITUITARY_GLAND_DEVELOPMENT,Pituitary Gland Development,DOWN,20,0,13874,0,1.0,,,1.0
GO_BP,GOBP_PLACENTA_BLOOD_VESSEL_DEVELOPMENT,Placenta Blood Vessel Development,DOWN,23,0,13874,0,1.0,,,1.0
GO_BP,GOBP_PLACENTA_DEVELOPMENT,Placenta Development,DOWN,105,0,13874,0,1.0,,,1.0
GO_BP,GOBP_PLASMA_LIPOPROTEIN_PARTICLE_CLEARANCE,Plasma Lipoprotein Particle Clearance,DOWN,27,0,13874,0,1.0,,,1.0
GO_BP,GOBP_PLASMA_MEMBRANE_ORGANIZATION,Plasma Membrane Organization,DOWN,117,0,13874,0,1.0,,,1.0
GO_BP,GOBP_PLASMA_MEMBRANE_PHOSPHOLIPID_SCRAMBLING,Plasma Membrane Phospholipid Scrambling,DOWN,20,0,13874,0,1.0,,,1.0
GO_BP,GOBP_PLASMA_MEMBRANE_REPAIR,Plasma Membrane Repair,DOWN,24,0,13874,0,1.0,,,1.0
GO_BP,GOBP_PLASMA_MEMBRANE_TUBULATION,Plasma Membrane Tubulation,DOWN,16,0,13874,0,1.0,,,1.0
GO_BP,GOBP_PLASMINOGEN_ACTIVATION,Plasminogen Activation,DOWN,18,0,13874,0,1.0,,,1.0
GO_BP,GOBP_PLATELET_ACTIVATION,Platelet Activation,DOWN,94,0,13874,0,1.0,,,1.0
GO_BP,GOBP_PLATELET_AGGREGATION,Platelet Aggregation,DOWN,53,0,13874,0,1.0,,,1.0
GO_BP,GOBP_PLATELET_DENSE_GRANULE_ORGANIZATION,Platelet Dense Granule Organization,DOWN,22,0,13874,0,1.0,,,1.0
GO_BP,GOBP_PLATELET_DERIVED_GROWTH_FACTOR_RECEPTOR_SIGNALING_PATHWAY,Platelet Derived Growth Factor Receptor Signaling Pathway,DOWN,53,0,13874,0,1.0,,,1.0
GO_BP,GOBP_PLATELET_MORPHOGENESIS,Platelet Morphogenesis,DOWN,19,0,13874,0,1.0,,,1.0
GO_BP,GOBP_POLARIZED_EPITHELIAL_CELL_DIFFERENTIATION,Polarized Epithelial Cell Differentiation,DOWN,19,0,13874,0,1.0,,,1.0
GO_BP,GOBP_POLYAMINE_METABOLIC_PROCESS,Polyamine Metabolic Process,DOWN,16,0,13874,0,1.0,,,1.0
GO_BP,GOBP_POLYOL_BIOSYNTHETIC_PROCESS,Polyol Biosynthetic Process,DOWN,44,0,13874,0,1.0,,,1.0
GO_BP,GOBP_POLYOL_METABOLIC_PROCESS,Polyol Metabolic Process,DOWN,75,0,13874,0,1.0,,,1.0
GO_BP,GOBP_POLYSACCHARIDE_BIOSYNTHETIC_PROCESS,Polysaccharide Biosynthetic Process,DOWN,42,0,13874,0,1.0,,,1.0
GO_BP,GOBP_POLYSACCHARIDE_CATABOLIC_PROCESS,Polysaccharide Catabolic Process,DOWN,27,0,13874,0,1.0,,,1.0
GO_BP,GOBP_POLYSACCHARIDE_METABOLIC_PROCESS,Polysaccharide Metabolic Process,DOWN,78,0,13874,0,1.0,,,1.0
GO_BP,GOBP_POLY_A_PLUS_MRNA_EXPORT_FROM_NUCLEUS,Poly A Plus Mrna Export From Nucleus,DOWN,17,0,13874,0,1.0,,,1.0
GO_BP,GOBP_PORE_COMPLEX_ASSEMBLY,Pore Complex Assembly,DOWN,19,0,13874,0,1.0,,,1.0
GO_BP,GOBP_PORPHYRIN_CONTAINING_COMPOUND_METABOLIC_PROCESS,Porphyrin Containing Compound Metabolic Process,DOWN,40,0,13874,0,1.0,,,1.0
GO_BP,GOBP_POSITIVE_CHEMOTAXIS,Positive Chemotaxis,DOWN,40,0,13874,0,1.0,,,1.0
GO_BP,GOBP_POSITIVE_REGULATION_OF_ACTIN_FILAMENT_BUNDLE_ASSEMBLY,Positive Regulation Of Actin Filament Bundle Assembly,DOWN,49,0,13874,0,1.0,,,1.0
GO_BP,GOBP_POSITIVE_REGULATION_OF_ACTIN_FILAMENT_POLYMERIZATION,Positive Regulation Of Actin Filament Polymerization,DOWN,41,0,13874,0,1.0,,,1.0
GO_BP,GOBP_POSITIVE_REGULATION_OF_ADAPTIVE_IMMUNE_RESPONSE,Positive Regulation Of Adaptive Immune Response,DOWN,81,0,13874,0,1.0,,,1.0
GO_BP,GOBP_POSITIVE_REGULATION_OF_ALCOHOL_BIOSYNTHETIC_PROCESS,Positive Regulation Of Alcohol Biosynthetic Process,DOWN,20,0,13874,0,1.0,,,1.0
GO_BP,GOBP_POSITIVE_REGULATION_OF_ALPHA_BETA_T_CELL_ACTIVATION,Positive Regulation Of Alpha Beta T Cell Activation,DOWN,40,0,13874,0,1.0,,,1.0
GO_BP,GOBP_POSITIVE_REGULATION_OF_ALPHA_BETA_T_CELL_DIFFERENTIATION,Positive Regulation Of Alpha Beta T Cell Differentiation,DOWN,33,0,13874,0,1.0,,,1.0
GO_BP,GOBP_POSITIVE_REGULATION_OF_AMIDE_METABOLIC_PROCESS,Positive Regulation Of Amide Metabolic Process,DOWN,21,0,13874,0,1.0,,,1.0
GO_BP,GOBP_POSITIVE_REGULATION_OF_AMINE_TRANSPORT,Positive Regulation Of Amine Transport,DOWN,20,0,13874,0,1.0,,,1.0
GO_BP,GOBP_POSITIVE_REGULATION_OF_AMYLOID_PRECURSOR_PROTEIN_CATABOLIC_PROCESS,Positive Regulation Of Amyloid Precursor Protein Catabolic Process,DOWN,18,0,13874,0,1.0,,,1.0
GO_BP,GOBP_POSITIVE_REGULATION_OF_ANIMAL_ORGAN_MORPHOGENESIS,Positive Regulation Of Animal Organ Morphogenesis,DOWN,25,0,13874,0,1.0,,,1.0
GO_BP,GOBP_POSITIVE_REGULATION_OF_ANTIGEN_RECEPTOR_MEDIATED_SIGNALING_PATHWAY,Positive Regulation Of Antigen Receptor Mediated Signaling Pathway,DOWN,16,0,13874,0,1.0,,,1.0
GO_BP,GOBP_POSITIVE_REGULATION_OF_APOPTOTIC_SIGNALING_PATHWAY,Positive Regulation Of Apoptotic Signaling Pathway,DOWN,115,0,13874,0,1.0,,,1.0
GO_BP,GOBP_POSITIVE_REGULATION_OF_ATP_DEPENDENT_ACTIVITY,Positive Regulation Of Atp Dependent Activity,DOWN,16,0,13874,0,1.0,,,1.0
GO_BP,GOBP_POSITIVE_REGULATION_OF_AUTOPHAGOSOME_ASSEMBLY,Positive Regulation Of Autophagosome Assembly,DOWN,21,0,13874,0,1.0,,,1.0
GO_BP,GOBP_POSITIVE_REGULATION_OF_AUTOPHAGY,Positive Regulation Of Autophagy,DOWN,147,0,13874,0,1.0,,,1.0
GO_BP,GOBP_POSITIVE_REGULATION_OF_AUTOPHAGY_OF_MITOCHONDRION,Positive Regulation Of Autophagy Of Mitochondrion,DOWN,24,0,13874,0,1.0,,,1.0
GO_BP,GOBP_POSITIVE_REGULATION_OF_AXONOGENESIS,Positive Regulation Of Axonogenesis,DOWN,65,0,13874,0,1.0,,,1.0
GO_BP,GOBP_POSITIVE_REGULATION_OF_AXON_EXTENSION,Positive Regulation Of Axon Extension,DOWN,32,0,13874,0,1.0,,,1.0
GO_BP,GOBP_POSITIVE_REGULATION_OF_BINDING,Positive Regulation Of Binding,DOWN,31,0,13874,0,1.0,,,1.0
GO_BP,GOBP_POSITIVE_REGULATION_OF_BIOMINERAL_TISSUE_DEVELOPMENT,Positive Regulation Of Biomineral Tissue Development,DOWN,38,0,13874,0,1.0,,,1.0
GO_BP,GOBP_POSITIVE_REGULATION_OF_BLOOD_CIRCULATION,Positive Regulation Of Blood Circulation,DOWN,15,0,13874,0,1.0,,,1.0
GO_BP,GOBP_POSITIVE_REGULATION_OF_BLOOD_VESSEL_ENDOTHELIAL_CELL_MIGRATION,Positive Regulation Of Blood Vessel Endothelial Cell Migration,DOWN,52,0,13874,0,1.0,,,1.0
GO_BP,GOBP_POSITIVE_REGULATION_OF_BMP_SIGNALING_PATHWAY,Positive Regulation Of Bmp Signaling Pathway,DOWN,25,0,13874,0,1.0,,,1.0
GO_BP,GOBP_POSITIVE_REGULATION_OF_BONE_MINERALIZATION,Positive Regulation Of Bone Mineralization,DOWN,34,0,13874,0,1.0,,,1.0
GO_BP,GOBP_POSITIVE_REGULATION_OF_B_CELL_ACTIVATION,Positive Regulation Of B Cell Activation,DOWN,56,0,13874,0,1.0,,,1.0
GO_BP,GOBP_POSITIVE_REGULATION_OF_B_CELL_MEDIATED_IMMUNITY,Positive Regulation Of B Cell Mediated Immunity,DOWN,27,0,13874,0,1.0,,,1.0
GO_BP,GOBP_POSITIVE_REGULATION_OF_B_CELL_PROLIFERATION,Positive Regulation Of B Cell Proliferation,DOWN,26,0,13874,0,1.0,,,1.0
GO_BP,GOBP_POSITIVE_REGULATION_OF_CALCIUM_ION_TRANSMEMBRANE_TRANSPORT,Positive Regulation Of Calcium Ion Transmembrane Transport,DOWN,31,0,13874,0,1.0,,,1.0
GO_BP,GOBP_POSITIVE_REGULATION_OF_CALCIUM_ION_TRANSPORT,Positive Regulation Of Calcium Ion Transport,DOWN,55,0,13874,0,1.0,,,1.0
GO_BP,GOBP_POSITIVE_REGULATION_OF_CALCIUM_MEDIATED_SIGNALING,Positive Regulation Of Calcium Mediated Signaling,DOWN,26,0,13874,0,1.0,,,1.0
GO_BP,GOBP_POSITIVE_REGULATION_OF_CANONICAL_NF_KAPPAB_SIGNAL_TRANSDUCTION,Positive Regulation Of Canonical Nf Kappab Signal Transduction,DOWN,178,0,13874,0,1.0,,,1.0
GO_BP,GOBP_POSITIVE_REGULATION_OF_CANONICAL_WNT_SIGNALING_PATHWAY,Positive Regulation Of Canonical Wnt Signaling Pathway,DOWN,94,0,13874,0,1.0,,,1.0
GO_BP,GOBP_POSITIVE_REGULATION_OF_CARBOHYDRATE_METABOLIC_PROCESS,Positive Regulation Of Carbohydrate Metabolic Process,DOWN,58,0,13874,0,1.0,,,1.0
GO_BP,GOBP_POSITIVE_REGULATION_OF_CARDIAC_MUSCLE_CELL_PROLIFERATION,Positive Regulation Of Cardiac Muscle Cell Proliferation,DOWN,17,0,13874,0,1.0,,,1.0
GO_BP,GOBP_POSITIVE_REGULATION_OF_CARTILAGE_DEVELOPMENT,Positive Regulation Of Cartilage Development,DOWN,24,0,13874,0,1.0,,,1.0
GO_BP,GOBP_POSITIVE_REGULATION_OF_CATABOLIC_PROCESS,Positive Regulation Of Catabolic Process,DOWN,466,0,13874,0,1.0,,,1.0
GO_BP,GOBP_POSITIVE_REGULATION_OF_CATALYTIC_ACTIVITY,Positive Regulation Of Catalytic Activity,DOWN,217,0,13874,0,1.0,,,1.0
GO_BP,GOBP_POSITIVE_REGULATION_OF_CD4_POSITIVE_ALPHA_BETA_T_CELL_ACTIVATION,Positive Regulation Of Cd4 Positive Alpha Beta T Cell Activation,DOWN,24,0,13874,0,1.0,,,1.0
GO_BP,GOBP_POSITIVE_REGULATION_OF_CD4_POSITIVE_ALPHA_BETA_T_CELL_DIFFERENTIATION,Positive Regulation Of Cd4 Positive Alpha Beta T Cell Differentiation,DOWN,20,0,13874,0,1.0,,,1.0
GO_BP,GOBP_POSITIVE_REGULATION_OF_CELLULAR_COMPONENT_BIOGENESIS,Positive Regulation Of Cellular Component Biogenesis,DOWN,385,0,13874,0,1.0,,,1.0
GO_BP,GOBP_POSITIVE_REGULATION_OF_CELLULAR_EXTRAVASATION,Positive Regulation Of Cellular Extravasation,DOWN,15,0,13874,0,1.0,,,1.0
GO_BP,GOBP_POSITIVE_REGULATION_OF_CELLULAR_RESPONSE_TO_INSULIN_STIMULUS,Positive Regulation Of Cellular Response To Insulin Stimulus,DOWN,17,0,13874,0,1.0,,,1.0
GO_BP,GOBP_POSITIVE_REGULATION_OF_CELLULAR_RESPONSE_TO_TRANSFORMING_GROWTH_FACTOR_BETA_STIMULUS,Positive Regulation Of Cellular Response To Transforming Growth Factor Beta Stimulus,DOWN,28,0,13874,0,1.0,,,1.0
GO_BP,GOBP_POSITIVE_REGULATION_OF_CELL_ACTIVATION,Positive Regulation Of Cell Activation,DOWN,235,0,13874,0,1.0,,,1.0
GO_BP,GOBP_POSITIVE_REGULATION_OF_CELL_ADHESION,Positive Regulation Of Cell Adhesion,DOWN,318,0,13874,0,1.0,,,1.0
GO_BP,GOBP_POSITIVE_REGULATION_OF_CELL_CELL_ADHESION,Positive Regulation Of Cell Cell Adhesion,DOWN,197,0,13874,0,1.0,,,1.0
GO_BP,GOBP_POSITIVE_REGULATION_OF_CELL_CYCLE,Positive Regulation Of Cell Cycle,DOWN,246,0,13874,0,1.0,,,1.0
GO_BP,GOBP_POSITIVE_REGULATION_OF_CELL_CYCLE_CHECKPOINT,Positive Regulation Of Cell Cycle Checkpoint,DOWN,22,0,13874,0,1.0,,,1.0
GO_BP,GOBP_POSITIVE_REGULATION_OF_CELL_CYCLE_G1_S_PHASE_TRANSITION,Positive Regulation Of Cell Cycle G1 S Phase Transition,DOWN,47,0,13874,0,1.0,,,1.0
GO_BP,GOBP_POSITIVE_REGULATION_OF_CELL_CYCLE_G2_M_PHASE_TRANSITION,Positive Regulation Of Cell Cycle G2 M Phase Transition,DOWN,24,0,13874,0,1.0,,,1.0
GO_BP,GOBP_POSITIVE_REGULATION_OF_CELL_CYCLE_PHASE_TRANSITION,Positive Regulation Of Cell Cycle Phase Transition,DOWN,89,0,13874,0,1.0,,,1.0
GO_BP,GOBP_POSITIVE_REGULATION_OF_CELL_CYCLE_PROCESS,Positive Regulation Of Cell Cycle Process,DOWN,196,0,13874,0,1.0,,,1.0
GO_BP,GOBP_POSITIVE_REGULATION_OF_CELL_DEVELOPMENT,Positive Regulation Of Cell Development,DOWN,297,0,13874,0,1.0,,,1.0
GO_BP,GOBP_POSITIVE_REGULATION_OF_CELL_DIVISION,Positive Regulation Of Cell Division,DOWN,58,0,13874,0,1.0,,,1.0
GO_BP,GOBP_POSITIVE_REGULATION_OF_CELL_GROWTH,Positive Regulation Of Cell Growth,DOWN,118,0,13874,0,1.0,,,1.0
GO_BP,GOBP_POSITIVE_REGULATION_OF_CELL_JUNCTION_ASSEMBLY,Positive Regulation Of Cell Junction Assembly,DOWN,64,0,13874,0,1.0,,,1.0
GO_BP,GOBP_POSITIVE_REGULATION_OF_CELL_KILLING,Positive Regulation Of Cell Killing,DOWN,27,0,13874,0,1.0,,,1.0
GO_BP,GOBP_POSITIVE_REGULATION_OF_CELL_MATRIX_ADHESION,Positive Regulation Of Cell Matrix Adhesion,DOWN,45,0,13874,0,1.0,,,1.0
GO_BP,GOBP_POSITIVE_REGULATION_OF_CELL_MIGRATION_INVOLVED_IN_SPROUTING_ANGIOGENESIS,Positive Regulation Of Cell Migration Involved In Sprouting Angiogenesis,DOWN,21,0,13874,0,1.0,,,1.0
GO_BP,GOBP_POSITIVE_REGULATION_OF_CELL_MORPHOGENESIS,Positive Regulation Of Cell Morphogenesis,DOWN,31,0,13874,0,1.0,,,1.0
GO_BP,GOBP_POSITIVE_REGULATION_OF_CELL_PROJECTION_ORGANIZATION,Positive Regulation Of Cell Projection Organization,DOWN,282,0,13874,0,1.0,,,1.0
GO_BP,GOBP_POSITIVE_REGULATION_OF_CELL_SUBSTRATE_ADHESION,Positive Regulation Of Cell Substrate Adhesion,DOWN,92,0,13874,0,1.0,,,1.0
GO_BP,GOBP_POSITIVE_REGULATION_OF_CELL_SUBSTRATE_JUNCTION_ORGANIZATION,Positive Regulation Of Cell Substrate Junction Organization,DOWN,28,0,13874,0,1.0,,,1.0
GO_BP,GOBP_POSITIVE_REGULATION_OF_CHEMOKINE_PRODUCTION,Positive Regulation Of Chemokine Production,DOWN,40,0,13874,0,1.0,,,1.0
GO_BP,GOBP_POSITIVE_REGULATION_OF_CHEMOTAXIS,Positive Regulation Of Chemotaxis,DOWN,89,0,13874,0,1.0,,,1.0
GO_BP,GOBP_POSITIVE_REGULATION_OF_CHOLESTEROL_EFFLUX,Positive Regulation Of Cholesterol Efflux,DOWN,15,0,13874,0,1.0,,,1.0
GO_BP,GOBP_POSITIVE_REGULATION_OF_CHOLESTEROL_METABOLIC_PROCESS,Positive Regulation Of Cholesterol Metabolic Process,DOWN,16,0,13874,0,1.0,,,1.0
GO_BP,GOBP_POSITIVE_REGULATION_OF_CHONDROCYTE_DIFFERENTIATION,Positive Regulation Of Chondrocyte Differentiation,DOWN,15,0,13874,0,1.0,,,1.0
GO_BP,GOBP_POSITIVE_REGULATION_OF_CHROMOSOME_ORGANIZATION,Positive Regulation Of Chromosome Organization,DOWN,89,0,13874,0,1.0,,,1.0
GO_BP,GOBP_POSITIVE_REGULATION_OF_CHROMOSOME_SEGREGATION,Positive Regulation Of Chromosome Segregation,DOWN,24,0,13874,0,1.0,,,1.0
GO_BP,GOBP_POSITIVE_REGULATION_OF_CHROMOSOME_SEPARATION,Positive Regulation Of Chromosome Separation,DOWN,26,0,13874,0,1.0,,,1.0
GO_BP,GOBP_POSITIVE_REGULATION_OF_CILIUM_ASSEMBLY,Positive Regulation Of Cilium Assembly,DOWN,26,0,13874,0,1.0,,,1.0
GO_BP,GOBP_POSITIVE_REGULATION_OF_COAGULATION,Positive Regulation Of Coagulation,DOWN,20,0,13874,0,1.0,,,1.0
GO_BP,GOBP_POSITIVE_REGULATION_OF_COLD_INDUCED_THERMOGENESIS,Positive Regulation Of Cold Induced Thermogenesis,DOWN,66,0,13874,0,1.0,,,1.0
GO_BP,GOBP_POSITIVE_REGULATION_OF_COLLAGEN_METABOLIC_PROCESS,Positive Regulation Of Collagen Metabolic Process,DOWN,17,0,13874,0,1.0,,,1.0
GO_BP,GOBP_POSITIVE_REGULATION_OF_CYTOKINESIS,Positive Regulation Of Cytokinesis,DOWN,31,0,13874,0,1.0,,,1.0
GO_BP,GOBP_POSITIVE_REGULATION_OF_CYTOKINE_PRODUCTION,Positive Regulation Of Cytokine Production,DOWN,314,0,13874,0,1.0,,,1.0
GO_BP,GOBP_POSITIVE_REGULATION_OF_CYTOKINE_PRODUCTION_INVOLVED_IN_IMMUNE_RESPONSE,Positive Regulation Of Cytokine Production Involved In Immune Response,DOWN,43,0,13874,0,1.0,,,1.0
GO_BP,GOBP_POSITIVE_REGULATION_OF_CYTOKINE_PRODUCTION_INVOLVED_IN_INFLAMMATORY_RESPONSE,Positive Regulation Of Cytokine Production Involved In Inflammatory Response,DOWN,19,0,13874,0,1.0,,,1.0
GO_BP,GOBP_POSITIVE_REGULATION_OF_CYTOSKELETON_ORGANIZATION,Positive Regulation Of Cytoskeleton Organization,DOWN,149,0,13874,0,1.0,,,1.0
GO_BP,GOBP_POSITIVE_REGULATION_OF_CYTOSOLIC_CALCIUM_ION_CONCENTRATION,Positive Regulation Of Cytosolic Calcium Ion Concentration,DOWN,73,0,13874,0,1.0,,,1.0
GO_BP,GOBP_POSITIVE_REGULATION_OF_DEFENSE_RESPONSE,Positive Regulation Of Defense Response,DOWN,364,0,13874,0,1.0,,,1.0
GO_BP,GOBP_POSITIVE_REGULATION_OF_DEFENSE_RESPONSE_TO_VIRUS_BY_HOST,Positive Regulation Of Defense Response To Virus By Host,DOWN,25,0,13874,0,1.0,,,1.0
GO_BP,GOBP_POSITIVE_REGULATION_OF_DENDRITIC_SPINE_DEVELOPMENT,Positive Regulation Of Dendritic Spine Development,DOWN,36,0,13874,0,1.0,,,1.0
GO_BP,GOBP_POSITIVE_REGULATION_OF_DENDRITIC_SPINE_MORPHOGENESIS,Positive Regulation Of Dendritic Spine Morphogenesis,DOWN,16,0,13874,0,1.0,,,1.0
GO_BP,GOBP_POSITIVE_REGULATION_OF_DEVELOPMENTAL_GROWTH,Positive Regulation Of Developmental Growth,DOWN,108,0,13874,0,1.0,,,1.0
GO_BP,GOBP_POSITIVE_REGULATION_OF_DNA_BINDING_TRANSCRIPTION_FACTOR_ACTIVITY,Positive Regulation Of Dna Binding Transcription Factor Activity,DOWN,79,0,13874,0,1.0,,,1.0
GO_BP,GOBP_POSITIVE_REGULATION_OF_DNA_BIOSYNTHETIC_PROCESS,Positive Regulation Of Dna Biosynthetic Process,DOWN,40,0,13874,0,1.0,,,1.0
GO_BP,GOBP_POSITIVE_REGULATION_OF_DNA_DAMAGE_RESPONSE_SIGNAL_TRANSDUCTION_BY_P53_CLASS_MEDIATOR,Positive Regulation Of Dna Damage Response Signal Transduction By P53 Class Mediator,DOWN,15,0,13874,0,1.0,,,1.0
GO_BP,GOBP_POSITIVE_REGULATION_OF_DNA_METABOLIC_PROCESS,Positive Regulation Of Dna Metabolic Process,DOWN,244,0,13874,0,1.0,,,1.0
GO_BP,GOBP_POSITIVE_REGULATION_OF_DNA_RECOMBINATION,Positive Regulation Of Dna Recombination,DOWN,65,0,13874,0,1.0,,,1.0
GO_BP,GOBP_POSITIVE_REGULATION_OF_DNA_REPAIR,Positive Regulation Of Dna Repair,DOWN,129,0,13874,0,1.0,,,1.0
GO_BP,GOBP_POSITIVE_REGULATION_OF_DNA_REPLICATION,Positive Regulation Of Dna Replication,DOWN,37,0,13874,0,1.0,,,1.0
GO_BP,GOBP_POSITIVE_REGULATION_OF_DNA_TEMPLATED_TRANSCRIPTION_ELONGATION,Positive Regulation Of Dna Templated Transcription Elongation,DOWN,60,0,13874,0,1.0,,,1.0
GO_BP,GOBP_POSITIVE_REGULATION_OF_DNA_TEMPLATED_TRANSCRIPTION_INITIATION,Positive Regulation Of Dna Templated Transcription Initiation,DOWN,69,0,13874,0,1.0,,,1.0
GO_BP,GOBP_POSITIVE_REGULATION_OF_DOUBLE_STRAND_BREAK_REPAIR,Positive Regulation Of Double Strand Break Repair,DOWN,92,0,13874,0,1.0,,,1.0
GO_BP,GOBP_POSITIVE_REGULATION_OF_DOUBLE_STRAND_BREAK_REPAIR_VIA_HOMOLOGOUS_RECOMBINATION,Positive Regulation Of Double Strand Break Repair Via Homologous Recombination,DOWN,39,0,13874,0,1.0,,,1.0
GO_BP,GOBP_POSITIVE_REGULATION_OF_DOUBLE_STRAND_BREAK_REPAIR_VIA_NONHOMOLOGOUS_END_JOINING,Positive Regulation Of Double Strand Break Repair Via Nonhomologous End Joining,DOWN,15,0,13874,0,1.0,,,1.0
GO_BP,GOBP_POSITIVE_REGULATION_OF_D_GLUCOSE_IMPORT,Positive Regulation Of D Glucose Import,DOWN,24,0,13874,0,1.0,,,1.0
GO_BP,GOBP_POSITIVE_REGULATION_OF_D_GLUCOSE_TRANSMEMBRANE_TRANSPORT,Positive Regulation Of D Glucose Transmembrane Transport,DOWN,30,0,13874,0,1.0,,,1.0
GO_BP,GOBP_POSITIVE_REGULATION_OF_ENDOCYTOSIS,Positive Regulation Of Endocytosis,DOWN,102,0,13874,0,1.0,,,1.0
GO_BP,GOBP_POSITIVE_REGULATION_OF_ENDOTHELIAL_CELL_APOPTOTIC_PROCESS,Positive Regulation Of Endothelial Cell Apoptotic Process,DOWN,17,0,13874,0,1.0,,,1.0
GO_BP,GOBP_POSITIVE_REGULATION_OF_ENDOTHELIAL_CELL_MIGRATION,Positive Regulation Of Endothelial Cell Migration,DOWN,89,0,13874,0,1.0,,,1.0
GO_BP,GOBP_POSITIVE_REGULATION_OF_ENDOTHELIAL_CELL_PROLIFERATION,Positive Regulation Of Endothelial Cell Proliferation,DOWN,64,0,13874,0,1.0,,,1.0
GO_BP,GOBP_POSITIVE_REGULATION_OF_EPIDERMIS_DEVELOPMENT,Positive Regulation Of Epidermis Development,DOWN,19,0,13874,0,1.0,,,1.0
GO_BP,GOBP_POSITIVE_REGULATION_OF_EPITHELIAL_CELL_DIFFERENTIATION,Positive Regulation Of Epithelial Cell Differentiation,DOWN,34,0,13874,0,1.0,,,1.0
GO_BP,GOBP_POSITIVE_REGULATION_OF_EPITHELIAL_CELL_MIGRATION,Positive Regulation Of Epithelial Cell Migration,DOWN,36,0,13874,0,1.0,,,1.0
GO_BP,GOBP_POSITIVE_REGULATION_OF_EPITHELIAL_CELL_PROLIFERATION,Positive Regulation Of Epithelial Cell Proliferation,DOWN,123,0,13874,0,1.0,,,1.0
GO_BP,GOBP_POSITIVE_REGULATION_OF_EPITHELIAL_TO_MESENCHYMAL_TRANSITION,Positive Regulation Of Epithelial To Mesenchymal Transition,DOWN,46,0,13874,0,1.0,,,1.0
GO_BP,GOBP_POSITIVE_REGULATION_OF_ERAD_PATHWAY,Positive Regulation Of Erad Pathway,DOWN,17,0,13874,0,1.0,,,1.0
GO_BP,GOBP_POSITIVE_REGULATION_OF_ERBB_SIGNALING_PATHWAY,Positive Regulation Of Erbb Signaling Pathway,DOWN,22,0,13874,0,1.0,,,1.0
GO_BP,GOBP_POSITIVE_REGULATION_OF_ERK1_AND_ERK2_CASCADE,Positive Regulation Of Erk1 And Erk2 Cascade,DOWN,102,0,13874,0,1.0,,,1.0
GO_BP,GOBP_POSITIVE_REGULATION_OF_ERYTHROCYTE_DIFFERENTIATION,Positive Regulation Of Erythrocyte Differentiation,DOWN,31,0,13874,0,1.0,,,1.0
GO_BP,GOBP_POSITIVE_REGULATION_OF_ESTABLISHMENT_OF_PROTEIN_LOCALIZATION,Positive Regulation Of Establishment Of Protein Localization,DOWN,241,0,13874,0,1.0,,,1.0
GO_BP,GOBP_POSITIVE_REGULATION_OF_ESTABLISHMENT_OF_PROTEIN_LOCALIZATION_TO_MITOCHONDRION,Positive Regulation Of Establishment Of Protein Localization To Mitochondrion,DOWN,33,0,13874,0,1.0,,,1.0
GO_BP,GOBP_POSITIVE_REGULATION_OF_EXCITATORY_POSTSYNAPTIC_POTENTIAL,Positive Regulation Of Excitatory Postsynaptic Potential,DOWN,22,0,13874,0,1.0,,,1.0
GO_BP,GOBP_POSITIVE_REGULATION_OF_EXECUTION_PHASE_OF_APOPTOSIS,Positive Regulation Of Execution Phase Of Apoptosis,DOWN,18,0,13874,0,1.0,,,1.0
GO_BP,GOBP_POSITIVE_REGULATION_OF_EXOCYTOSIS,Positive Regulation Of Exocytosis,DOWN,57,0,13874,0,1.0,,,1.0
GO_BP,GOBP_POSITIVE_REGULATION_OF_EXTRACELLULAR_MATRIX_ORGANIZATION,Positive Regulation Of Extracellular Matrix Organization,DOWN,26,0,13874,0,1.0,,,1.0
GO_BP,GOBP_POSITIVE_REGULATION_OF_EXTRINSIC_APOPTOTIC_SIGNALING_PATHWAY,Positive Regulation Of Extrinsic Apoptotic Signaling Pathway,DOWN,43,0,13874,0,1.0,,,1.0
GO_BP,GOBP_POSITIVE_REGULATION_OF_FATTY_ACID_METABOLIC_PROCESS,Positive Regulation Of Fatty Acid Metabolic Process,DOWN,24,0,13874,0,1.0,,,1.0
GO_BP,GOBP_POSITIVE_REGULATION_OF_FAT_CELL_DIFFERENTIATION,Positive Regulation Of Fat Cell Differentiation,DOWN,50,0,13874,0,1.0,,,1.0
GO_BP,GOBP_POSITIVE_REGULATION_OF_FIBROBLAST_PROLIFERATION,Positive Regulation Of Fibroblast Proliferation,DOWN,39,0,13874,0,1.0,,,1.0
GO_BP,GOBP_POSITIVE_REGULATION_OF_FILOPODIUM_ASSEMBLY,Positive Regulation Of Filopodium Assembly,DOWN,23,0,13874,0,1.0,,,1.0
GO_BP,GOBP_POSITIVE_REGULATION_OF_FOCAL_ADHESION_ASSEMBLY,Positive Regulation Of Focal Adhesion Assembly,DOWN,21,0,13874,0,1.0,,,1.0
GO_BP,GOBP_POSITIVE_REGULATION_OF_G1_S_TRANSITION_OF_MITOTIC_CELL_CYCLE,Positive Regulation Of G1 S Transition Of Mitotic Cell Cycle,DOWN,38,0,13874,0,1.0,,,1.0
GO_BP,GOBP_POSITIVE_REGULATION_OF_GENE_EXPRESSION_EPIGENETIC,Positive Regulation Of Gene Expression Epigenetic,DOWN,54,0,13874,0,1.0,,,1.0
GO_BP,GOBP_POSITIVE_REGULATION_OF_GLIAL_CELL_DIFFERENTIATION,Positive Regulation Of Glial Cell Differentiation,DOWN,26,0,13874,0,1.0,,,1.0
GO_BP,GOBP_POSITIVE_REGULATION_OF_GLIOGENESIS,Positive Regulation Of Gliogenesis,DOWN,38,0,13874,0,1.0,,,1.0
GO_BP,GOBP_POSITIVE_REGULATION_OF_GLUCONEOGENESIS,Positive Regulation Of Gluconeogenesis,DOWN,19,0,13874,0,1.0,,,1.0
GO_BP,GOBP_POSITIVE_REGULATION_OF_GLUCOSE_METABOLIC_PROCESS,Positive Regulation Of Glucose Metabolic Process,DOWN,37,0,13874,0,1.0,,,1.0
GO_BP,GOBP_POSITIVE_REGULATION_OF_GLYCOGEN_METABOLIC_PROCESS,Positive Regulation Of Glycogen Metabolic Process,DOWN,15,0,13874,0,1.0,,,1.0
GO_BP,GOBP_POSITIVE_REGULATION_OF_GLYCOPROTEIN_METABOLIC_PROCESS,Positive Regulation Of Glycoprotein Metabolic Process,DOWN,15,0,13874,0,1.0,,,1.0
GO_BP,GOBP_POSITIVE_REGULATION_OF_GRANULOCYTE_CHEMOTAXIS,Positive Regulation Of Granulocyte Chemotaxis,DOWN,16,0,13874,0,1.0,,,1.0
GO_BP,GOBP_POSITIVE_REGULATION_OF_GROWTH,Positive Regulation Of Growth,DOWN,174,0,13874,0,1.0,,,1.0
GO_BP,GOBP_POSITIVE_REGULATION_OF_GTPASE_ACTIVITY,Positive Regulation Of Gtpase Activity,DOWN,67,0,13874,0,1.0,,,1.0
GO_BP,GOBP_POSITIVE_REGULATION_OF_G_PROTEIN_COUPLED_RECEPTOR_SIGNALING_PATHWAY,Positive Regulation Of G Protein Coupled Receptor Signaling Pathway,DOWN,18,0,13874,0,1.0,,,1.0
GO_BP,GOBP_POSITIVE_REGULATION_OF_HEART_GROWTH,Positive Regulation Of Heart Growth,DOWN,20,0,13874,0,1.0,,,1.0
GO_BP,GOBP_POSITIVE_REGULATION_OF_HEMOPOIESIS,Positive Regulation Of Hemopoiesis,DOWN,133,0,13874,0,1.0,,,1.0
GO_BP,GOBP_POSITIVE_REGULATION_OF_HORMONE_SECRETION,Positive Regulation Of Hormone Secretion,DOWN,77,0,13874,0,1.0,,,1.0
GO_BP,GOBP_POSITIVE_REGULATION_OF_HYDROLASE_ACTIVITY,Positive Regulation Of Hydrolase Activity,DOWN,77,0,13874,0,1.0,,,1.0
GO_BP,GOBP_POSITIVE_REGULATION_OF_IMMUNE_EFFECTOR_PROCESS,Positive Regulation Of Immune Effector Process,DOWN,136,0,13874,0,1.0,,,1.0
GO_BP,GOBP_POSITIVE_REGULATION_OF_IMMUNE_RESPONSE,Positive Regulation Of Immune Response,DOWN,494,0,13874,0,1.0,,,1.0
GO_BP,GOBP_POSITIVE_REGULATION_OF_IMMUNOGLOBULIN_PRODUCTION,Positive Regulation Of Immunoglobulin Production,DOWN,36,0,13874,0,1.0,,,1.0
GO_BP,GOBP_POSITIVE_REGULATION_OF_INFLAMMASOME_MEDIATED_SIGNALING_PATHWAY,Positive Regulation Of Inflammasome Mediated Signaling Pathway,DOWN,24,0,13874,0,1.0,,,1.0
GO_BP,GOBP_POSITIVE_REGULATION_OF_INFLAMMATORY_RESPONSE,Positive Regulation Of Inflammatory Response,DOWN,96,0,13874,0,1.0,,,1.0
GO_BP,GOBP_POSITIVE_REGULATION_OF_INSULIN_SECRETION,Positive Regulation Of Insulin Secretion,DOWN,52,0,13874,0,1.0,,,1.0
GO_BP,GOBP_POSITIVE_REGULATION_OF_INSULIN_SECRETION_INVOLVED_IN_CELLULAR_RESPONSE_TO_GLUCOSE_STIMULUS,Positive Regulation Of Insulin Secretion Involved In Cellular Response To Glucose Stimulus,DOWN,22,0,13874,0,1.0,,,1.0
GO_BP,GOBP_POSITIVE_REGULATION_OF_INTERFERON_ALPHA_PRODUCTION,Positive Regulation Of Interferon Alpha Production,DOWN,21,0,13874,0,1.0,,,1.0
GO_BP,GOBP_POSITIVE_REGULATION_OF_INTERFERON_BETA_PRODUCTION,Positive Regulation Of Interferon Beta Production,DOWN,38,0,13874,0,1.0,,,1.0
GO_BP,GOBP_POSITIVE_REGULATION_OF_INTERLEUKIN_10_PRODUCTION,Positive Regulation Of Interleukin 10 Production,DOWN,20,0,13874,0,1.0,,,1.0
GO_BP,GOBP_POSITIVE_REGULATION_OF_INTERLEUKIN_12_PRODUCTION,Positive Regulation Of Interleukin 12 Production,DOWN,23,0,13874,0,1.0,,,1.0
GO_BP,GOBP_POSITIVE_REGULATION_OF_INTERLEUKIN_1_PRODUCTION,Positive Regulation Of Interleukin 1 Production,DOWN,41,0,13874,0,1.0,,,1.0
GO_BP,GOBP_POSITIVE_REGULATION_OF_INTERLEUKIN_2_PRODUCTION,Positive Regulation Of Interleukin 2 Production,DOWN,33,0,13874,0,1.0,,,1.0
GO_BP,GOBP_POSITIVE_REGULATION_OF_INTERLEUKIN_6_PRODUCTION,Positive Regulation Of Interleukin 6 Production,DOWN,60,0,13874,0,1.0,,,1.0
GO_BP,GOBP_POSITIVE_REGULATION_OF_INTERLEUKIN_8_PRODUCTION,Positive Regulation Of Interleukin 8 Production,DOWN,33,0,13874,0,1.0,,,1.0
GO_BP,GOBP_POSITIVE_REGULATION_OF_INTRACELLULAR_PROTEIN_TRANSPORT,Positive Regulation Of Intracellular Protein Transport,DOWN,83,0,13874,0,1.0,,,1.0
GO_BP,GOBP_POSITIVE_REGULATION_OF_INTRACELLULAR_TRANSPORT,Positive Regulation Of Intracellular Transport,DOWN,127,0,13874,0,1.0,,,1.0
GO_BP,GOBP_POSITIVE_REGULATION_OF_INTRINSIC_APOPTOTIC_SIGNALING_PATHWAY,Positive Regulation Of Intrinsic Apoptotic Signaling Pathway,DOWN,55,0,13874,0,1.0,,,1.0
GO_BP,GOBP_POSITIVE_REGULATION_OF_ISOTYPE_SWITCHING,Positive Regulation Of Isotype Switching,DOWN,23,0,13874,0,1.0,,,1.0
GO_BP,GOBP_POSITIVE_REGULATION_OF_JNK_CASCADE,Positive Regulation Of Jnk Cascade,DOWN,72,0,13874,0,1.0,,,1.0
GO_BP,GOBP_POSITIVE_REGULATION_OF_KINASE_ACTIVITY,Positive Regulation Of Kinase Activity,DOWN,99,0,13874,0,1.0,,,1.0
GO_BP,GOBP_POSITIVE_REGULATION_OF_LAMELLIPODIUM_ASSEMBLY,Positive Regulation Of Lamellipodium Assembly,DOWN,23,0,13874,0,1.0,,,1.0
GO_BP,GOBP_POSITIVE_REGULATION_OF_LAMELLIPODIUM_ORGANIZATION,Positive Regulation Of Lamellipodium Organization,DOWN,30,0,13874,0,1.0,,,1.0
GO_BP,GOBP_POSITIVE_REGULATION_OF_LEUKOCYTE_APOPTOTIC_PROCESS,Positive Regulation Of Leukocyte Apoptotic Process,DOWN,21,0,13874,0,1.0,,,1.0
GO_BP,GOBP_POSITIVE_REGULATION_OF_LEUKOCYTE_CELL_CELL_ADHESION,Positive Regulation Of Leukocyte Cell Cell Adhesion,DOWN,168,0,13874,0,1.0,,,1.0
GO_BP,GOBP_POSITIVE_REGULATION_OF_LEUKOCYTE_CHEMOTAXIS,Positive Regulation Of Leukocyte Chemotaxis,DOWN,57,0,13874,0,1.0,,,1.0
GO_BP,GOBP_POSITIVE_REGULATION_OF_LEUKOCYTE_MEDIATED_IMMUNITY,Positive Regulation Of Leukocyte Mediated Immunity,DOWN,80,0,13874,0,1.0,,,1.0
GO_BP,GOBP_POSITIVE_REGULATION_OF_LEUKOCYTE_MIGRATION,Positive Regulation Of Leukocyte Migration,DOWN,92,0,13874,0,1.0,,,1.0
GO_BP,GOBP_POSITIVE_REGULATION_OF_LEUKOCYTE_PROLIFERATION,Positive Regulation Of Leukocyte Proliferation,DOWN,82,0,13874,0,1.0,,,1.0
GO_BP,GOBP_POSITIVE_REGULATION_OF_LIPID_BIOSYNTHETIC_PROCESS,Positive Regulation Of Lipid Biosynthetic Process,DOWN,64,0,13874,0,1.0,,,1.0
GO_BP,GOBP_POSITIVE_REGULATION_OF_LIPID_CATABOLIC_PROCESS,Positive Regulation Of Lipid Catabolic Process,DOWN,15,0,13874,0,1.0,,,1.0
GO_BP,GOBP_POSITIVE_REGULATION_OF_LIPID_LOCALIZATION,Positive Regulation Of Lipid Localization,DOWN,56,0,13874,0,1.0,,,1.0
GO_BP,GOBP_POSITIVE_REGULATION_OF_LIPID_METABOLIC_PROCESS,Positive Regulation Of Lipid Metabolic Process,DOWN,89,0,13874,0,1.0,,,1.0
GO_BP,GOBP_POSITIVE_REGULATION_OF_LIPID_TRANSPORT,Positive Regulation Of Lipid Transport,DOWN,45,0,13874,0,1.0,,,1.0
GO_BP,GOBP_POSITIVE_REGULATION_OF_LOCOMOTION,Positive Regulation Of Locomotion,DOWN,417,0,13874,0,1.0,,,1.0
GO_BP,GOBP_POSITIVE_REGULATION_OF_LYMPHOCYTE_DIFFERENTIATION,Positive Regulation Of Lymphocyte Differentiation,DOWN,92,0,13874,0,1.0,,,1.0
GO_BP,GOBP_POSITIVE_REGULATION_OF_LYMPHOCYTE_MIGRATION,Positive Regulation Of Lymphocyte Migration,DOWN,27,0,13874,0,1.0,,,1.0
GO_BP,GOBP_POSITIVE_REGULATION_OF_MACROAUTOPHAGY,Positive Regulation Of Macroautophagy,DOWN,88,0,13874,0,1.0,,,1.0
GO_BP,GOBP_POSITIVE_REGULATION_OF_MACROPHAGE_MIGRATION,Positive Regulation Of Macrophage Migration,DOWN,16,0,13874,0,1.0,,,1.0
GO_BP,GOBP_POSITIVE_REGULATION_OF_MAPK_CASCADE,Positive Regulation Of Mapk Cascade,DOWN,278,0,13874,0,1.0,,,1.0
GO_BP,GOBP_POSITIVE_REGULATION_OF_MAP_KINASE_ACTIVITY,Positive Regulation Of Map Kinase Activity,DOWN,23,0,13874,0,1.0,,,1.0
GO_BP,GOBP_POSITIVE_REGULATION_OF_MEIOTIC_CELL_CYCLE,Positive Regulation Of Meiotic Cell Cycle,DOWN,16,0,13874,0,1.0,,,1.0
GO_BP,GOBP_POSITIVE_REGULATION_OF_MEMBRANE_PERMEABILITY,Positive Regulation Of Membrane Permeability,DOWN,36,0,13874,0,1.0,,,1.0
GO_BP,GOBP_POSITIVE_REGULATION_OF_MESENCHYMAL_CELL_PROLIFERATION,Positive Regulation Of Mesenchymal Cell Proliferation,DOWN,20,0,13874,0,1.0,,,1.0
GO_BP,GOBP_POSITIVE_REGULATION_OF_MICROTUBULE_POLYMERIZATION_OR_DEPOLYMERIZATION,Positive Regulation Of Microtubule Polymerization Or Depolymerization,DOWN,31,0,13874,0,1.0,,,1.0
GO_BP,GOBP_POSITIVE_REGULATION_OF_MIRNA_METABOLIC_PROCESS,Positive Regulation Of Mirna Metabolic Process,DOWN,46,0,13874,0,1.0,,,1.0
GO_BP,GOBP_POSITIVE_REGULATION_OF_MITOCHONDRIAL_FISSION,Positive Regulation Of Mitochondrial Fission,DOWN,20,0,13874,0,1.0,,,1.0
GO_BP,GOBP_POSITIVE_REGULATION_OF_MITOCHONDRIAL_MEMBRANE_PERMEABILITY,Positive Regulation Of Mitochondrial Membrane Permeability,DOWN,35,0,13874,0,1.0,,,1.0
GO_BP,GOBP_POSITIVE_REGULATION_OF_MITOCHONDRIAL_TRANSLATION,Positive Regulation Of Mitochondrial Translation,DOWN,15,0,13874,0,1.0,,,1.0
GO_BP,GOBP_POSITIVE_REGULATION_OF_MITOTIC_CELL_CYCLE,Positive Regulation Of Mitotic Cell Cycle,DOWN,101,0,13874,0,1.0,,,1.0
GO_BP,GOBP_POSITIVE_REGULATION_OF_MITOTIC_CELL_CYCLE_PHASE_TRANSITION,Positive Regulation Of Mitotic Cell Cycle Phase Transition,DOWN,74,0,13874,0,1.0,,,1.0
GO_BP,GOBP_POSITIVE_REGULATION_OF_MITOTIC_NUCLEAR_DIVISION,Positive Regulation Of Mitotic Nuclear Division,DOWN,25,0,13874,0,1.0,,,1.0
GO_BP,GOBP_POSITIVE_REGULATION_OF_MITOTIC_SISTER_CHROMATID_SEPARATION,Positive Regulation Of Mitotic Sister Chromatid Separation,DOWN,16,0,13874,0,1.0,,,1.0
GO_BP,GOBP_POSITIVE_REGULATION_OF_MOLECULAR_FUNCTION,Positive Regulation Of Molecular Function,DOWN,344,0,13874,0,1.0,,,1.0
GO_BP,GOBP_POSITIVE_REGULATION_OF_MONOATOMIC_ION_TRANSMEMBRANE_TRANSPORT,Positive Regulation Of Monoatomic Ion Transmembrane Transport,DOWN,62,0,13874,0,1.0,,,1.0
GO_BP,GOBP_POSITIVE_REGULATION_OF_MONOATOMIC_ION_TRANSPORT,Positive Regulation Of Monoatomic Ion Transport,DOWN,93,0,13874,0,1.0,,,1.0
GO_BP,GOBP_POSITIVE_REGULATION_OF_MONONUCLEAR_CELL_MIGRATION,Positive Regulation Of Mononuclear Cell Migration,DOWN,60,0,13874,0,1.0,,,1.0
GO_BP,GOBP_POSITIVE_REGULATION_OF_MORPHOGENESIS_OF_AN_EPITHELIUM,Positive Regulation Of Morphogenesis Of An Epithelium,DOWN,25,0,13874,0,1.0,,,1.0
GO_BP,GOBP_POSITIVE_REGULATION_OF_MRNA_METABOLIC_PROCESS,Positive Regulation Of Mrna Metabolic Process,DOWN,125,0,13874,0,1.0,,,1.0
GO_BP,GOBP_POSITIVE_REGULATION_OF_MRNA_PROCESSING,Positive Regulation Of Mrna Processing,DOWN,21,0,13874,0,1.0,,,1.0
GO_BP,GOBP_POSITIVE_REGULATION_OF_MRNA_SPLICING_VIA_SPLICEOSOME,Positive Regulation Of Mrna Splicing Via Spliceosome,DOWN,17,0,13874,0,1.0,,,1.0
GO_BP,GOBP_POSITIVE_REGULATION_OF_MULTICELLULAR_ORGANISM_GROWTH,Positive Regulation Of Multicellular Organism Growth,DOWN,18,0,13874,0,1.0,,,1.0
GO_BP,GOBP_POSITIVE_REGULATION_OF_MUSCLE_CELL_APOPTOTIC_PROCESS,Positive Regulation Of Muscle Cell Apoptotic Process,DOWN,20,0,13874,0,1.0,,,1.0
GO_BP,GOBP_POSITIVE_REGULATION_OF_MUSCLE_CELL_DIFFERENTIATION,Positive Regulation Of Muscle Cell Differentiation,DOWN,44,0,13874,0,1.0,,,1.0
GO_BP,GOBP_POSITIVE_REGULATION_OF_MUSCLE_CONTRACTION,Positive Regulation Of Muscle Contraction,DOWN,29,0,13874,0,1.0,,,1.0
GO_BP,GOBP_POSITIVE_REGULATION_OF_MUSCLE_HYPERTROPHY,Positive Regulation Of Muscle Hypertrophy,DOWN,17,0,13874,0,1.0,,,1.0
GO_BP,GOBP_POSITIVE_REGULATION_OF_MYELOID_CELL_DIFFERENTIATION,Positive Regulation Of Myeloid Cell Differentiation,DOWN,75,0,13874,0,1.0,,,1.0
GO_BP,GOBP_POSITIVE_REGULATION_OF_MYELOID_LEUKOCYTE_CYTOKINE_PRODUCTION_INVOLVED_IN_IMMUNE_RESPONSE,Positive Regulation Of Myeloid Leukocyte Cytokine Production Involved In Immune Response,DOWN,16,0,13874,0,1.0,,,1.0
GO_BP,GOBP_POSITIVE_REGULATION_OF_MYELOID_LEUKOCYTE_DIFFERENTIATION,Positive Regulation Of Myeloid Leukocyte Differentiation,DOWN,37,0,13874,0,1.0,,,1.0
GO_BP,GOBP_POSITIVE_REGULATION_OF_MYOBLAST_DIFFERENTIATION,Positive Regulation Of Myoblast Differentiation,DOWN,33,0,13874,0,1.0,,,1.0
GO_BP,GOBP_POSITIVE_REGULATION_OF_NERVOUS_SYSTEM_DEVELOPMENT,Positive Regulation Of Nervous System Development,DOWN,186,0,13874,0,1.0,,,1.0
GO_BP,GOBP_POSITIVE_REGULATION_OF_NERVOUS_SYSTEM_PROCESS,Positive Regulation Of Nervous System Process,DOWN,19,0,13874,0,1.0,,,1.0
GO_BP,GOBP_POSITIVE_REGULATION_OF_NEURAL_PRECURSOR_CELL_PROLIFERATION,Positive Regulation Of Neural Precursor Cell Proliferation,DOWN,26,0,13874,0,1.0,,,1.0
GO_BP,GOBP_POSITIVE_REGULATION_OF_NEUROGENESIS,Positive Regulation Of Neurogenesis,DOWN,161,0,13874,0,1.0,,,1.0
GO_BP,GOBP_POSITIVE_REGULATION_OF_NEURON_APOPTOTIC_PROCESS,Positive Regulation Of Neuron Apoptotic Process,DOWN,48,0,13874,0,1.0,,,1.0
GO_BP,GOBP_POSITIVE_REGULATION_OF_NEURON_DIFFERENTIATION,Positive Regulation Of Neuron Differentiation,DOWN,47,0,13874,0,1.0,,,1.0
GO_BP,GOBP_POSITIVE_REGULATION_OF_NEURON_PROJECTION_DEVELOPMENT,Positive Regulation Of Neuron Projection Development,DOWN,115,0,13874,0,1.0,,,1.0
GO_BP,GOBP_POSITIVE_REGULATION_OF_NEUROTRANSMITTER_TRANSPORT,Positive Regulation Of Neurotransmitter Transport,DOWN,15,0,13874,0,1.0,,,1.0
GO_BP,GOBP_POSITIVE_REGULATION_OF_NEUTROPHIL_MIGRATION,Positive Regulation Of Neutrophil Migration,DOWN,23,0,13874,0,1.0,,,1.0
GO_BP,GOBP_POSITIVE_REGULATION_OF_NF_KAPPAB_TRANSCRIPTION_FACTOR_ACTIVITY,Positive Regulation Of Nf Kappab Transcription Factor Activity,DOWN,59,0,13874,0,1.0,,,1.0
GO_BP,GOBP_POSITIVE_REGULATION_OF_NITRIC_OXIDE_BIOSYNTHETIC_PROCESS,Positive Regulation Of Nitric Oxide Biosynthetic Process,DOWN,26,0,13874,0,1.0,,,1.0
GO_BP,GOBP_POSITIVE_REGULATION_OF_NON_CANONICAL_NF_KAPPAB_SIGNAL_TRANSDUCTION,Positive Regulation Of Non Canonical Nf Kappab Signal Transduction,DOWN,40,0,13874,0,1.0,,,1.0
GO_BP,GOBP_POSITIVE_REGULATION_OF_NOTCH_SIGNALING_PATHWAY,Positive Regulation Of Notch Signaling Pathway,DOWN,31,0,13874,0,1.0,,,1.0
GO_BP,GOBP_POSITIVE_REGULATION_OF_NUCLEAR_DIVISION,Positive Regulation Of Nuclear Division,DOWN,34,0,13874,0,1.0,,,1.0
GO_BP,GOBP_POSITIVE_REGULATION_OF_NUCLEOCYTOPLASMIC_TRANSPORT,Positive Regulation Of Nucleocytoplasmic Transport,DOWN,51,0,13874,0,1.0,,,1.0
GO_BP,GOBP_POSITIVE_REGULATION_OF_NUCLEOTIDE_CATABOLIC_PROCESS,Positive Regulation Of Nucleotide Catabolic Process,DOWN,15,0,13874,0,1.0,,,1.0
GO_BP,GOBP_POSITIVE_REGULATION_OF_NUCLEOTIDE_METABOLIC_PROCESS,Positive Regulation Of Nucleotide Metabolic Process,DOWN,29,0,13874,0,1.0,,,1.0
GO_BP,GOBP_POSITIVE_REGULATION_OF_ORGANELLE_ASSEMBLY,Positive Regulation Of Organelle Assembly,DOWN,79,0,13874,0,1.0,,,1.0
GO_BP,GOBP_POSITIVE_REGULATION_OF_ORGANELLE_ORGANIZATION,Positive Regulation Of Organelle Organization,DOWN,402,0,13874,0,1.0,,,1.0
GO_BP,GOBP_POSITIVE_REGULATION_OF_ORGANIC_ACID_TRANSPORT,Positive Regulation Of Organic Acid Transport,DOWN,19,0,13874,0,1.0,,,1.0
GO_BP,GOBP_POSITIVE_REGULATION_OF_ORGAN_GROWTH,Positive Regulation Of Organ Growth,DOWN,28,0,13874,0,1.0,,,1.0
GO_BP,GOBP_POSITIVE_REGULATION_OF_OSSIFICATION,Positive Regulation Of Ossification,DOWN,40,0,13874,0,1.0,,,1.0
GO_BP,GOBP_POSITIVE_REGULATION_OF_OSTEOBLAST_DIFFERENTIATION,Positive Regulation Of Osteoblast Differentiation,DOWN,55,0,13874,0,1.0,,,1.0
GO_BP,GOBP_POSITIVE_REGULATION_OF_OSTEOCLAST_DIFFERENTIATION,Positive Regulation Of Osteoclast Differentiation,DOWN,16,0,13874,0,1.0,,,1.0
GO_BP,GOBP_POSITIVE_REGULATION_OF_P38MAPK_CASCADE,Positive Regulation Of P38Mapk Cascade,DOWN,18,0,13874,0,1.0,,,1.0
GO_BP,GOBP_POSITIVE_REGULATION_OF_PATTERN_RECOGNITION_RECEPTOR_SIGNALING_PATHWAY,Positive Regulation Of Pattern Recognition Receptor Signaling Pathway,DOWN,62,0,13874,0,1.0,,,1.0
GO_BP,GOBP_POSITIVE_REGULATION_OF_PEPTIDE_SECRETION,Positive Regulation Of Peptide Secretion,DOWN,60,0,13874,0,1.0,,,1.0
GO_BP,GOBP_POSITIVE_REGULATION_OF_PEPTIDYL_SERINE_PHOSPHORYLATION,Positive Regulation Of Peptidyl Serine Phosphorylation,DOWN,16,0,13874,0,1.0,,,1.0
GO_BP,GOBP_POSITIVE_REGULATION_OF_PEPTIDYL_TYROSINE_PHOSPHORYLATION,Positive Regulation Of Peptidyl Tyrosine Phosphorylation,DOWN,30,0,13874,0,1.0,,,1.0
GO_BP,GOBP_POSITIVE_REGULATION_OF_PHAGOCYTOSIS,Positive Regulation Of Phagocytosis,DOWN,38,0,13874,0,1.0,,,1.0
GO_BP,GOBP_POSITIVE_REGULATION_OF_PHOSPHATIDYLINOSITOL_3_KINASE_PROTEIN_KINASE_B_SIGNAL_TRANSDUCTION,Positive Regulation Of Phosphatidylinositol 3 Kinase Protein Kinase B Signal Transduction,DOWN,129,0,13874,0,1.0,,,1.0
GO_BP,GOBP_POSITIVE_REGULATION_OF_PHOSPHORUS_METABOLIC_PROCESS,Positive Regulation Of Phosphorus Metabolic Process,DOWN,221,0,13874,0,1.0,,,1.0
GO_BP,GOBP_POSITIVE_REGULATION_OF_PHOSPHORYLATION,Positive Regulation Of Phosphorylation,DOWN,180,0,13874,0,1.0,,,1.0
GO_BP,GOBP_POSITIVE_REGULATION_OF_PLASMA_MEMBRANE_BOUNDED_CELL_PROJECTION_ASSEMBLY,Positive Regulation Of Plasma Membrane Bounded Cell Projection Assembly,DOWN,94,0,13874,0,1.0,,,1.0
GO_BP,GOBP_POSITIVE_REGULATION_OF_POST_TRANSLATIONAL_PROTEIN_MODIFICATION,Positive Regulation Of Post Translational Protein Modification,DOWN,114,0,13874,0,1.0,,,1.0
GO_BP,GOBP_POSITIVE_REGULATION_OF_PRODUCTION_OF_MOLECULAR_MEDIATOR_OF_IMMUNE_RESPONSE,Positive Regulation Of Production Of Molecular Mediator Of Immune Response,DOWN,77,0,13874,0,1.0,,,1.0
GO_BP,GOBP_POSITIVE_REGULATION_OF_PROGRAMMED_CELL_DEATH,Positive Regulation Of Programmed Cell Death,DOWN,415,0,13874,0,1.0,,,1.0
GO_BP,GOBP_POSITIVE_REGULATION_OF_PROTEASOMAL_PROTEIN_CATABOLIC_PROCESS,Positive Regulation Of Proteasomal Protein Catabolic Process,DOWN,98,0,13874,0,1.0,,,1.0
GO_BP,GOBP_POSITIVE_REGULATION_OF_PROTEASOMAL_UBIQUITIN_DEPENDENT_PROTEIN_CATABOLIC_PROCESS,Positive Regulation Of Proteasomal Ubiquitin Dependent Protein Catabolic Process,DOWN,72,0,13874,0,1.0,,,1.0
GO_BP,GOBP_POSITIVE_REGULATION_OF_PROTEIN_CATABOLIC_PROCESS,Positive Regulation Of Protein Catabolic Process,DOWN,177,0,13874,0,1.0,,,1.0
GO_BP,GOBP_POSITIVE_REGULATION_OF_PROTEIN_CONTAINING_COMPLEX_ASSEMBLY,Positive Regulation Of Protein Containing Complex Assembly,DOWN,163,0,13874,0,1.0,,,1.0
GO_BP,GOBP_POSITIVE_REGULATION_OF_PROTEIN_CONTAINING_COMPLEX_DISASSEMBLY,Positive Regulation Of Protein Containing Complex Disassembly,DOWN,31,0,13874,0,1.0,,,1.0
GO_BP,GOBP_POSITIVE_REGULATION_OF_PROTEIN_EXIT_FROM_ENDOPLASMIC_RETICULUM,Positive Regulation Of Protein Exit From Endoplasmic Reticulum,DOWN,18,0,13874,0,1.0,,,1.0
GO_BP,GOBP_POSITIVE_REGULATION_OF_PROTEIN_EXPORT_FROM_NUCLEUS,Positive Regulation Of Protein Export From Nucleus,DOWN,16,0,13874,0,1.0,,,1.0
GO_BP,GOBP_POSITIVE_REGULATION_OF_PROTEIN_IMPORT_INTO_NUCLEUS,Positive Regulation Of Protein Import Into Nucleus,DOWN,32,0,13874,0,1.0,,,1.0
GO_BP,GOBP_POSITIVE_REGULATION_OF_PROTEIN_LOCALIZATION,Positive Regulation Of Protein Localization,DOWN,328,0,13874,0,1.0,,,1.0
GO_BP,GOBP_POSITIVE_REGULATION_OF_PROTEIN_LOCALIZATION_TO_CELL_PERIPHERY,Positive Regulation Of Protein Localization To Cell Periphery,DOWN,56,0,13874,0,1.0,,,1.0
GO_BP,GOBP_POSITIVE_REGULATION_OF_PROTEIN_LOCALIZATION_TO_MEMBRANE,Positive Regulation Of Protein Localization To Membrane,DOWN,62,0,13874,0,1.0,,,1.0
GO_BP,GOBP_POSITIVE_REGULATION_OF_PROTEIN_LOCALIZATION_TO_NUCLEUS,Positive Regulation Of Protein Localization To Nucleus,DOWN,81,0,13874,0,1.0,,,1.0
GO_BP,GOBP_POSITIVE_REGULATION_OF_PROTEIN_LOCALIZATION_TO_PLASMA_MEMBRANE,Positive Regulation Of Protein Localization To Plasma Membrane,DOWN,45,0,13874,0,1.0,,,1.0
GO_BP,GOBP_POSITIVE_REGULATION_OF_PROTEIN_MATURATION,Positive Regulation Of Protein Maturation,DOWN,19,0,13874,0,1.0,,,1.0
GO_BP,GOBP_POSITIVE_REGULATION_OF_PROTEIN_MODIFICATION_PROCESS,Positive Regulation Of Protein Modification Process,DOWN,284,0,13874,0,1.0,,,1.0
GO_BP,GOBP_POSITIVE_REGULATION_OF_PROTEIN_POLYMERIZATION,Positive Regulation Of Protein Polymerization,DOWN,73,0,13874,0,1.0,,,1.0
GO_BP,GOBP_POSITIVE_REGULATION_OF_PROTEIN_SECRETION,Positive Regulation Of Protein Secretion,DOWN,91,0,13874,0,1.0,,,1.0
GO_BP,GOBP_POSITIVE_REGULATION_OF_PROTEIN_SERINE_THREONINE_KINASE_ACTIVITY,Positive Regulation Of Protein Serine Threonine Kinase Activity,DOWN,39,0,13874,0,1.0,,,1.0
GO_BP,GOBP_POSITIVE_REGULATION_OF_PROTEIN_TARGETING_TO_MEMBRANE,Positive Regulation Of Protein Targeting To Membrane,DOWN,23,0,13874,0,1.0,,,1.0
GO_BP,GOBP_POSITIVE_REGULATION_OF_PROTEIN_TRANSPORT,Positive Regulation Of Protein Transport,DOWN,180,0,13874,0,1.0,,,1.0
GO_BP,GOBP_POSITIVE_REGULATION_OF_PROTEIN_UBIQUITINATION,Positive Regulation Of Protein Ubiquitination,DOWN,91,0,13874,0,1.0,,,1.0
GO_BP,GOBP_POSITIVE_REGULATION_OF_PROTEOLYSIS,Positive Regulation Of Proteolysis,DOWN,165,0,13874,0,1.0,,,1.0
GO_BP,GOBP_POSITIVE_REGULATION_OF_PROTEOLYSIS_INVOLVED_IN_PROTEIN_CATABOLIC_PROCESS,Positive Regulation Of Proteolysis Involved In Protein Catabolic Process,DOWN,114,0,13874,0,1.0,,,1.0
GO_BP,GOBP_POSITIVE_REGULATION_OF_RAC_PROTEIN_SIGNAL_TRANSDUCTION,Positive Regulation Of Rac Protein Signal Transduction,DOWN,20,0,13874,0,1.0,,,1.0
GO_BP,GOBP_POSITIVE_REGULATION_OF_RAS_PROTEIN_SIGNAL_TRANSDUCTION,Positive Regulation Of Ras Protein Signal Transduction,DOWN,17,0,13874,0,1.0,,,1.0
GO_BP,GOBP_POSITIVE_REGULATION_OF_REACTIVE_OXYGEN_SPECIES_METABOLIC_PROCESS,Positive Regulation Of Reactive Oxygen Species Metabolic Process,DOWN,46,0,13874,0,1.0,,,1.0
GO_BP,GOBP_POSITIVE_REGULATION_OF_RECEPTOR_INTERNALIZATION,Positive Regulation Of Receptor Internalization,DOWN,18,0,13874,0,1.0,,,1.0
GO_BP,GOBP_POSITIVE_REGULATION_OF_RECEPTOR_MEDIATED_ENDOCYTOSIS,Positive Regulation Of Receptor Mediated Endocytosis,DOWN,36,0,13874,0,1.0,,,1.0
GO_BP,GOBP_POSITIVE_REGULATION_OF_RECEPTOR_SIGNALING_PATHWAY_VIA_STAT,Positive Regulation Of Receptor Signaling Pathway Via Stat,DOWN,26,0,13874,0,1.0,,,1.0
GO_BP,GOBP_POSITIVE_REGULATION_OF_REGULATED_SECRETORY_PATHWAY,Positive Regulation Of Regulated Secretory Pathway,DOWN,28,0,13874,0,1.0,,,1.0
GO_BP,GOBP_POSITIVE_REGULATION_OF_RELEASE_OF_CYTOCHROME_C_FROM_MITOCHONDRIA,Positive Regulation Of Release Of Cytochrome C From Mitochondria,DOWN,19,0,13874,0,1.0,,,1.0
GO_BP,GOBP_POSITIVE_REGULATION_OF_RELEASE_OF_SEQUESTERED_CALCIUM_ION_INTO_CYTOSOL,Positive Regulation Of Release Of Sequestered Calcium Ion Into Cytosol,DOWN,16,0,13874,0,1.0,,,1.0
GO_BP,GOBP_POSITIVE_REGULATION_OF_REPRODUCTIVE_PROCESS,Positive Regulation Of Reproductive Process,DOWN,41,0,13874,0,1.0,,,1.0
GO_BP,GOBP_POSITIVE_REGULATION_OF_RESPONSE_TO_BIOTIC_STIMULUS,Positive Regulation Of Response To Biotic Stimulus,DOWN,300,0,13874,0,1.0,,,1.0
GO_BP,GOBP_POSITIVE_REGULATION_OF_RESPONSE_TO_CYTOKINE_STIMULUS,Positive Regulation Of Response To Cytokine Stimulus,DOWN,56,0,13874,0,1.0,,,1.0
GO_BP,GOBP_POSITIVE_REGULATION_OF_RESPONSE_TO_ENDOPLASMIC_RETICULUM_STRESS,Positive Regulation Of Response To Endoplasmic Reticulum Stress,DOWN,37,0,13874,0,1.0,,,1.0
GO_BP,GOBP_POSITIVE_REGULATION_OF_RESPONSE_TO_EXTERNAL_STIMULUS,Positive Regulation Of Response To External Stimulus,DOWN,443,0,13874,0,1.0,,,1.0
GO_BP,GOBP_POSITIVE_REGULATION_OF_RESPONSE_TO_WOUNDING,Positive Regulation Of Response To Wounding,DOWN,49,0,13874,0,1.0,,,1.0
GO_BP,GOBP_POSITIVE_REGULATION_OF_RHO_PROTEIN_SIGNAL_TRANSDUCTION,Positive Regulation Of Rho Protein Signal Transduction,DOWN,20,0,13874,0,1.0,,,1.0
GO_BP,GOBP_POSITIVE_REGULATION_OF_RNA_SPLICING,Positive Regulation Of Rna Splicing,DOWN,30,0,13874,0,1.0,,,1.0
GO_BP,GOBP_POSITIVE_REGULATION_OF_SECRETION,Positive Regulation Of Secretion,DOWN,184,0,13874,0,1.0,,,1.0
GO_BP,GOBP_POSITIVE_REGULATION_OF_SIGNAL_TRANSDUCTION_BY_P53_CLASS_MEDIATOR,Positive Regulation Of Signal Transduction By P53 Class Mediator,DOWN,32,0,13874,0,1.0,,,1.0
GO_BP,GOBP_POSITIVE_REGULATION_OF_SMAD_PROTEIN_SIGNAL_TRANSDUCTION,Positive Regulation Of Smad Protein Signal Transduction,DOWN,32,0,13874,0,1.0,,,1.0
GO_BP,GOBP_POSITIVE_REGULATION_OF_SMALL_GTPASE_MEDIATED_SIGNAL_TRANSDUCTION,Positive Regulation Of Small Gtpase Mediated Signal Transduction,DOWN,62,0,13874,0,1.0,,,1.0
GO_BP,GOBP_POSITIVE_REGULATION_OF_SMALL_MOLECULE_METABOLIC_PROCESS,Positive Regulation Of Small Molecule Metabolic Process,DOWN,111,0,13874,0,1.0,,,1.0
GO_BP,GOBP_POSITIVE_REGULATION_OF_SMOOTHENED_SIGNALING_PATHWAY,Positive Regulation Of Smoothened Signaling Pathway,DOWN,30,0,13874,0,1.0,,,1.0
GO_BP,GOBP_POSITIVE_REGULATION_OF_SMOOTH_MUSCLE_CELL_MIGRATION,Positive Regulation Of Smooth Muscle Cell Migration,DOWN,25,0,13874,0,1.0,,,1.0
GO_BP,GOBP_POSITIVE_REGULATION_OF_SMOOTH_MUSCLE_CELL_PROLIFERATION,Positive Regulation Of Smooth Muscle Cell Proliferation,DOWN,55,0,13874,0,1.0,,,1.0
GO_BP,GOBP_POSITIVE_REGULATION_OF_SODIUM_ION_TRANSPORT,Positive Regulation Of Sodium Ion Transport,DOWN,16,0,13874,0,1.0,,,1.0
GO_BP,GOBP_POSITIVE_REGULATION_OF_SPINDLE_CHECKPOINT,Positive Regulation Of Spindle Checkpoint,DOWN,17,0,13874,0,1.0,,,1.0
GO_BP,GOBP_POSITIVE_REGULATION_OF_SPROUTING_ANGIOGENESIS,Positive Regulation Of Sprouting Angiogenesis,DOWN,18,0,13874,0,1.0,,,1.0
GO_BP,GOBP_POSITIVE_REGULATION_OF_STEM_CELL_POPULATION_MAINTENANCE,Positive Regulation Of Stem Cell Population Maintenance,DOWN,45,0,13874,0,1.0,,,1.0
GO_BP,GOBP_POSITIVE_REGULATION_OF_STEM_CELL_PROLIFERATION,Positive Regulation Of Stem Cell Proliferation,DOWN,15,0,13874,0,1.0,,,1.0
GO_BP,GOBP_POSITIVE_REGULATION_OF_STEROID_BIOSYNTHETIC_PROCESS,Positive Regulation Of Steroid Biosynthetic Process,DOWN,21,0,13874,0,1.0,,,1.0
GO_BP,GOBP_POSITIVE_REGULATION_OF_STEROID_METABOLIC_PROCESS,Positive Regulation Of Steroid Metabolic Process,DOWN,25,0,13874,0,1.0,,,1.0
GO_BP,GOBP_POSITIVE_REGULATION_OF_STEROL_TRANSPORT,Positive Regulation Of Sterol Transport,DOWN,22,0,13874,0,1.0,,,1.0
GO_BP,GOBP_POSITIVE_REGULATION_OF_STRESS_ACTIVATED_PROTEIN_KINASE_SIGNALING_CASCADE,Positive Regulation Of Stress Activated Protein Kinase Signaling Cascade,DOWN,16,0,13874,0,1.0,,,1.0
GO_BP,GOBP_POSITIVE_REGULATION_OF_STRESS_FIBER_ASSEMBLY,Positive Regulation Of Stress Fiber Assembly,DOWN,43,0,13874,0,1.0,,,1.0
GO_BP,GOBP_POSITIVE_REGULATION_OF_STRIATED_MUSCLE_CELL_DIFFERENTIATION,Positive Regulation Of Striated Muscle Cell Differentiation,DOWN,20,0,13874,0,1.0,,,1.0
GO_BP,GOBP_POSITIVE_REGULATION_OF_SUBSTRATE_ADHESION_DEPENDENT_CELL_SPREADING,Positive Regulation Of Substrate Adhesion Dependent Cell Spreading,DOWN,35,0,13874,0,1.0,,,1.0
GO_BP,GOBP_POSITIVE_REGULATION_OF_SYNAPSE_ASSEMBLY,Positive Regulation Of Synapse Assembly,DOWN,36,0,13874,0,1.0,,,1.0
GO_BP,GOBP_POSITIVE_REGULATION_OF_SYNAPTIC_TRANSMISSION,Positive Regulation Of Synaptic Transmission,DOWN,93,0,13874,0,1.0,,,1.0
GO_BP,GOBP_POSITIVE_REGULATION_OF_TELOMERE_MAINTENANCE,Positive Regulation Of Telomere Maintenance,DOWN,66,0,13874,0,1.0,,,1.0
GO_BP,GOBP_POSITIVE_REGULATION_OF_TELOMERE_MAINTENANCE_VIA_TELOMERE_LENGTHENING,Positive Regulation Of Telomere Maintenance Via Telomere Lengthening,DOWN,25,0,13874,0,1.0,,,1.0
GO_BP,GOBP_POSITIVE_REGULATION_OF_TORC1_SIGNALING,Positive Regulation Of Torc1 Signaling,DOWN,49,0,13874,0,1.0,,,1.0
GO_BP,GOBP_POSITIVE_REGULATION_OF_TOR_SIGNALING,Positive Regulation Of Tor Signaling,DOWN,63,0,13874,0,1.0,,,1.0
GO_BP,GOBP_POSITIVE_REGULATION_OF_TRANSCRIPTION_BY_RNA_POLYMERASE_I,Positive Regulation Of Transcription By Rna Polymerase I,DOWN,34,0,13874,0,1.0,,,1.0
GO_BP,GOBP_POSITIVE_REGULATION_OF_TRANSCRIPTION_BY_RNA_POLYMERASE_III,Positive Regulation Of Transcription By Rna Polymerase Iii,DOWN,21,0,13874,0,1.0,,,1.0
GO_BP,GOBP_POSITIVE_REGULATION_OF_TRANSLATION,Positive Regulation Of Translation,DOWN,124,0,13874,0,1.0,,,1.0
GO_BP,GOBP_POSITIVE_REGULATION_OF_TRANSLATIONAL_INITIATION,Positive Regulation Of Translational Initiation,DOWN,28,0,13874,0,1.0,,,1.0
GO_BP,GOBP_POSITIVE_REGULATION_OF_TRANSMEMBRANE_RECEPTOR_PROTEIN_SERINE_THREONINE_KINASE_SIGNALING_PATHWAY,Positive Regulation Of Transmembrane Receptor Protein Serine Threonine Kinase Signaling Pathway,DOWN,80,0,13874,0,1.0,,,1.0
GO_BP,GOBP_POSITIVE_REGULATION_OF_TRANSMEMBRANE_TRANSPORT,Positive Regulation Of Transmembrane Transport,DOWN,101,0,13874,0,1.0,,,1.0
GO_BP,GOBP_POSITIVE_REGULATION_OF_TRANSPORTER_ACTIVITY,Positive Regulation Of Transporter Activity,DOWN,22,0,13874,0,1.0,,,1.0
GO_BP,GOBP_POSITIVE_REGULATION_OF_TUMOR_NECROSIS_FACTOR_SUPERFAMILY_CYTOKINE_PRODUCTION,Positive Regulation Of Tumor Necrosis Factor Superfamily Cytokine Production,DOWN,77,0,13874,0,1.0,,,1.0
GO_BP,GOBP_POSITIVE_REGULATION_OF_TYPE_II_INTERFERON_PRODUCTION,Positive Regulation Of Type Ii Interferon Production,DOWN,52,0,13874,0,1.0,,,1.0
GO_BP,GOBP_POSITIVE_REGULATION_OF_TYPE_I_INTERFERON_MEDIATED_SIGNALING_PATHWAY,Positive Regulation Of Type I Interferon Mediated Signaling Pathway,DOWN,17,0,13874,0,1.0,,,1.0
GO_BP,GOBP_POSITIVE_REGULATION_OF_TYPE_I_INTERFERON_PRODUCTION,Positive Regulation Of Type I Interferon Production,DOWN,65,0,13874,0,1.0,,,1.0
GO_BP,GOBP_POSITIVE_REGULATION_OF_T_CELL_CYTOKINE_PRODUCTION,Positive Regulation Of T Cell Cytokine Production,DOWN,16,0,13874,0,1.0,,,1.0
GO_BP,GOBP_POSITIVE_REGULATION_OF_T_CELL_MEDIATED_CYTOTOXICITY,Positive Regulation Of T Cell Mediated Cytotoxicity,DOWN,18,0,13874,0,1.0,,,1.0
GO_BP,GOBP_POSITIVE_REGULATION_OF_T_CELL_MEDIATED_IMMUNITY,Positive Regulation Of T Cell Mediated Immunity,DOWN,39,0,13874,0,1.0,,,1.0
GO_BP,GOBP_POSITIVE_REGULATION_OF_T_CELL_MIGRATION,Positive Regulation Of T Cell Migration,DOWN,22,0,13874,0,1.0,,,1.0
GO_BP,GOBP_POSITIVE_REGULATION_OF_T_CELL_PROLIFERATION,Positive Regulation Of T Cell Proliferation,DOWN,49,0,13874,0,1.0,,,1.0
GO_BP,GOBP_POSITIVE_REGULATION_OF_T_HELPER_CELL_DIFFERENTIATION,Positive Regulation Of T Helper Cell Differentiation,DOWN,15,0,13874,0,1.0,,,1.0
GO_BP,GOBP_POSITIVE_REGULATION_OF_UBIQUITIN_DEPENDENT_PROTEIN_CATABOLIC_PROCESS,Positive Regulation Of Ubiquitin Dependent Protein Catabolic Process,DOWN,91,0,13874,0,1.0,,,1.0
GO_BP,GOBP_POSITIVE_REGULATION_OF_VACUOLE_ORGANIZATION,Positive Regulation Of Vacuole Organization,DOWN,25,0,13874,0,1.0,,,1.0
GO_BP,GOBP_POSITIVE_REGULATION_OF_VASCULAR_ASSOCIATED_SMOOTH_MUSCLE_CELL_PROLIFERATION,Positive Regulation Of Vascular Associated Smooth Muscle Cell Proliferation,DOWN,25,0,13874,0,1.0,,,1.0
GO_BP,GOBP_POSITIVE_REGULATION_OF_VASCULAR_ENDOTHELIAL_GROWTH_FACTOR_PRODUCTION,Positive Regulation Of Vascular Endothelial Growth Factor Production,DOWN,22,0,13874,0,1.0,,,1.0
GO_BP,GOBP_POSITIVE_REGULATION_OF_VASCULATURE_DEVELOPMENT,Positive Regulation Of Vasculature Development,DOWN,120,0,13874,0,1.0,,,1.0
GO_BP,GOBP_POSITIVE_REGULATION_OF_VIRAL_GENOME_REPLICATION,Positive Regulation Of Viral Genome Replication,DOWN,27,0,13874,0,1.0,,,1.0
GO_BP,GOBP_POSITIVE_REGULATION_OF_VIRAL_LIFE_CYCLE,Positive Regulation Of Viral Life Cycle,DOWN,18,0,13874,0,1.0,,,1.0
GO_BP,GOBP_POSITIVE_REGULATION_OF_VIRAL_PROCESS,Positive Regulation Of Viral Process,DOWN,53,0,13874,0,1.0,,,1.0
GO_BP,GOBP_POSITIVE_REGULATION_OF_WNT_SIGNALING_PATHWAY,Positive Regulation Of Wnt Signaling Pathway,DOWN,124,0,13874,0,1.0,,,1.0
GO_BP,GOBP_POSITIVE_T_CELL_SELECTION,Positive T Cell Selection,DOWN,26,0,13874,0,1.0,,,1.0
GO_BP,GOBP_POSTSYNAPSE_ASSEMBLY,Postsynapse Assembly,DOWN,63,0,13874,0,1.0,,,1.0
GO_BP,GOBP_POSTSYNAPSE_ORGANIZATION,Postsynapse Organization,DOWN,177,0,13874,0,1.0,,,1.0
GO_BP,GOBP_POSTSYNAPTIC_DENSITY_ASSEMBLY,Postsynaptic Density Assembly,DOWN,16,0,13874,0,1.0,,,1.0
GO_BP,GOBP_POSTSYNAPTIC_DENSITY_ORGANIZATION,Postsynaptic Density Organization,DOWN,30,0,13874,0,1.0,,,1.0
GO_BP,GOBP_POSTSYNAPTIC_MEMBRANE_ORGANIZATION,Postsynaptic Membrane Organization,DOWN,34,0,13874,0,1.0,,,1.0
GO_BP,GOBP_POSTSYNAPTIC_MODULATION_OF_CHEMICAL_SYNAPTIC_TRANSMISSION,Postsynaptic Modulation Of Chemical Synaptic Transmission,DOWN,20,0,13874,0,1.0,,,1.0
GO_BP,GOBP_POSTSYNAPTIC_NEUROTRANSMITTER_RECEPTOR_INTERNALIZATION,Postsynaptic Neurotransmitter Receptor Internalization,DOWN,28,0,13874,0,1.0,,,1.0
GO_BP,GOBP_POSTSYNAPTIC_SIGNAL_TRANSDUCTION,Postsynaptic Signal Transduction,DOWN,23,0,13874,0,1.0,,,1.0
GO_BP,GOBP_POSTSYNAPTIC_SPECIALIZATION_ASSEMBLY,Postsynaptic Specialization Assembly,DOWN,23,0,13874,0,1.0,,,1.0
GO_BP,GOBP_POSTSYNAPTIC_SPECIALIZATION_ORGANIZATION,Postsynaptic Specialization Organization,DOWN,38,0,13874,0,1.0,,,1.0
GO_BP,GOBP_POST_EMBRYONIC_DEVELOPMENT,Post Embryonic Development,DOWN,68,0,13874,0,1.0,,,1.0
GO_BP,GOBP_POST_GOLGI_VESICLE_MEDIATED_TRANSPORT,Post Golgi Vesicle Mediated Transport,DOWN,108,0,13874,0,1.0,,,1.0
GO_BP,GOBP_POST_TRANSCRIPTIONAL_REGULATION_OF_GENE_EXPRESSION,Post Transcriptional Regulation Of Gene Expression,DOWN,499,0,13874,0,1.0,,,1.0
GO_BP,GOBP_POST_TRANSLATIONAL_PROTEIN_TARGETING_TO_ENDOPLASMIC_RETICULUM_MEMBRANE,Post Translational Protein Targeting To Endoplasmic Reticulum Membrane,DOWN,17,0,13874,0,1.0,,,1.0
GO_BP,GOBP_POTASSIUM_ION_HOMEOSTASIS,Potassium Ion Homeostasis,DOWN,17,0,13874,0,1.0,,,1.0
GO_BP,GOBP_POTASSIUM_ION_IMPORT_ACROSS_PLASMA_MEMBRANE,Potassium Ion Import Across Plasma Membrane,DOWN,18,0,13874,0,1.0,,,1.0
GO_BP,GOBP_POTASSIUM_ION_TRANSPORT,Potassium Ion Transport,DOWN,96,0,13874,0,1.0,,,1.0
GO_BP,GOBP_PRESYNAPSE_ASSEMBLY,Presynapse Assembly,DOWN,27,0,13874,0,1.0,,,1.0
GO_BP,GOBP_PRESYNAPSE_ORGANIZATION,Presynapse Organization,DOWN,37,0,13874,0,1.0,,,1.0
GO_BP,GOBP_PRESYNAPTIC_ENDOCYTOSIS,Presynaptic Endocytosis,DOWN,70,0,13874,0,1.0,,,1.0
GO_BP,GOBP_PRESYNAPTIC_MODULATION_OF_CHEMICAL_SYNAPTIC_TRANSMISSION,Presynaptic Modulation Of Chemical Synaptic Transmission,DOWN,17,0,13874,0,1.0,,,1.0
GO_BP,GOBP_PRIMARY_ALCOHOL_METABOLIC_PROCESS,Primary Alcohol Metabolic Process,DOWN,58,0,13874,0,1.0,,,1.0
GO_BP,GOBP_PRIMARY_MIRNA_PROCESSING,Primary Mirna Processing,DOWN,17,0,13874,0,1.0,,,1.0
GO_BP,GOBP_PRODUCTION_OF_MOLECULAR_MEDIATOR_INVOLVED_IN_INFLAMMATORY_RESPONSE,Production Of Molecular Mediator Involved In Inflammatory Response,DOWN,64,0,13874,0,1.0,,,1.0
GO_BP,GOBP_PRODUCTION_OF_MOLECULAR_MEDIATOR_OF_IMMUNE_RESPONSE,Production Of Molecular Mediator Of Immune Response,DOWN,130,0,13874,0,1.0,,,1.0
GO_BP,GOBP_PROGRAMMED_CELL_DEATH_IN_RESPONSE_TO_REACTIVE_OXYGEN_SPECIES,Programmed Cell Death In Response To Reactive Oxygen Species,DOWN,16,0,13874,0,1.0,,,1.0
GO_BP,GOBP_PROGRAMMED_NECROTIC_CELL_DEATH,Programmed Necrotic Cell Death,DOWN,49,0,13874,0,1.0,,,1.0
GO_BP,GOBP_PROSTANOID_BIOSYNTHETIC_PROCESS,Prostanoid Biosynthetic Process,DOWN,19,0,13874,0,1.0,,,1.0
GO_BP,GOBP_PROSTANOID_METABOLIC_PROCESS,Prostanoid Metabolic Process,DOWN,33,0,13874,0,1.0,,,1.0
GO_BP,GOBP_PROSTATE_GLAND_DEVELOPMENT,Prostate Gland Development,DOWN,34,0,13874,0,1.0,,,1.0
GO_BP,GOBP_PROSTATE_GLAND_MORPHOGENESIS,Prostate Gland Morphogenesis,DOWN,17,0,13874,0,1.0,,,1.0
GO_BP,GOBP_PROTEASOMAL_UBIQUITIN_INDEPENDENT_PROTEIN_CATABOLIC_PROCESS,Proteasomal Ubiquitin Independent Protein Catabolic Process,DOWN,19,0,13874,0,1.0,,,1.0
GO_BP,GOBP_PROTEASOME_ASSEMBLY,Proteasome Assembly,DOWN,15,0,13874,0,1.0,,,1.0
GO_BP,GOBP_PROTEASOME_MEDIATED_UBIQUITIN_DEPENDENT_PROTEIN_CATABOLIC_PROCESS,Proteasome Mediated Ubiquitin Dependent Protein Catabolic Process,DOWN,451,0,13874,0,1.0,,,1.0
GO_BP,GOBP_PROTEINOGENIC_AMINO_ACID_BIOSYNTHETIC_PROCESS,Proteinogenic Amino Acid Biosynthetic Process,DOWN,36,0,13874,0,1.0,,,1.0
GO_BP,GOBP_PROTEIN_ACETYLATION,Protein Acetylation,DOWN,29,0,13874,0,1.0,,,1.0
GO_BP,GOBP_PROTEIN_ACTIVATION_CASCADE,Protein Activation Cascade,DOWN,15,0,13874,0,1.0,,,1.0
GO_BP,GOBP_PROTEIN_ACYLATION,Protein Acylation,DOWN,53,0,13874,0,1.0,,,1.0
GO_BP,GOBP_PROTEIN_AUTOPHOSPHORYLATION,Protein Autophosphorylation,DOWN,93,0,13874,0,1.0,,,1.0
GO_BP,GOBP_PROTEIN_AUTOPROCESSING,Protein Autoprocessing,DOWN,15,0,13874,0,1.0,,,1.0
GO_BP,GOBP_PROTEIN_AUTOUBIQUITINATION,Protein Autoubiquitination,DOWN,66,0,13874,0,1.0,,,1.0
GO_BP,GOBP_PROTEIN_BRANCHED_POLYUBIQUITINATION,Protein Branched Polyubiquitination,DOWN,19,0,13874,0,1.0,,,1.0
GO_BP,GOBP_PROTEIN_CATABOLIC_PROCESS_IN_THE_VACUOLE,Protein Catabolic Process In The Vacuole,DOWN,21,0,13874,0,1.0,,,1.0
GO_BP,GOBP_PROTEIN_COMPLEX_OLIGOMERIZATION,Protein Complex Oligomerization,DOWN,198,0,13874,0,1.0,,,1.0
GO_BP,GOBP_PROTEIN_CONTAINING_COMPLEX_DISASSEMBLY,Protein Containing Complex Disassembly,DOWN,226,0,13874,0,1.0,,,1.0
GO_BP,GOBP_PROTEIN_CONTAINING_COMPLEX_LOCALIZATION,Protein Containing Complex Localization,DOWN,69,0,13874,0,1.0,,,1.0
GO_BP,GOBP_PROTEIN_DEACETYLATION,Protein Deacetylation,DOWN,28,0,13874,0,1.0,,,1.0
GO_BP,GOBP_PROTEIN_DEACYLATION,Protein Deacylation,DOWN,34,0,13874,0,1.0,,,1.0
GO_BP,GOBP_PROTEIN_DEGLYCOSYLATION,Protein Deglycosylation,DOWN,17,0,13874,0,1.0,,,1.0
GO_BP,GOBP_PROTEIN_DEMANNOSYLATION,Protein Demannosylation,DOWN,15,0,13874,0,1.0,,,1.0
GO_BP,GOBP_PROTEIN_DEPHOSPHORYLATION,Protein Dephosphorylation,DOWN,65,0,13874,0,1.0,,,1.0
GO_BP,GOBP_PROTEIN_DEPOLYMERIZATION,Protein Depolymerization,DOWN,94,0,13874,0,1.0,,,1.0
GO_BP,GOBP_PROTEIN_DESTABILIZATION,Protein Destabilization,DOWN,50,0,13874,0,1.0,,,1.0
GO_BP,GOBP_PROTEIN_DNA_COMPLEX_DISASSEMBLY,Protein Dna Complex Disassembly,DOWN,21,0,13874,0,1.0,,,1.0
GO_BP,GOBP_PROTEIN_DNA_COMPLEX_ORGANIZATION,Protein Dna Complex Organization,DOWN,168,0,13874,0,1.0,,,1.0
GO_BP,GOBP_PROTEIN_EXIT_FROM_ENDOPLASMIC_RETICULUM,Protein Exit From Endoplasmic Reticulum,DOWN,49,0,13874,0,1.0,,,1.0
GO_BP,GOBP_PROTEIN_EXPORT_FROM_NUCLEUS,Protein Export From Nucleus,DOWN,56,0,13874,0,1.0,,,1.0
GO_BP,GOBP_PROTEIN_FOLDING,Protein Folding,DOWN,192,0,13874,0,1.0,,,1.0
GO_BP,GOBP_PROTEIN_HETEROOLIGOMERIZATION,Protein Heterooligomerization,DOWN,25,0,13874,0,1.0,,,1.0
GO_BP,GOBP_PROTEIN_HOMOOLIGOMERIZATION,Protein Homooligomerization,DOWN,139,0,13874,0,1.0,,,1.0
GO_BP,GOBP_PROTEIN_HOMOTETRAMERIZATION,Protein Homotetramerization,DOWN,45,0,13874,0,1.0,,,1.0
GO_BP,GOBP_PROTEIN_IMPORT_INTO_MITOCHONDRIAL_MATRIX,Protein Import Into Mitochondrial Matrix,DOWN,22,0,13874,0,1.0,,,1.0
GO_BP,GOBP_PROTEIN_INSERTION_INTO_ER_MEMBRANE,Protein Insertion Into Er Membrane,DOWN,28,0,13874,0,1.0,,,1.0
GO_BP,GOBP_PROTEIN_INSERTION_INTO_MEMBRANE,Protein Insertion Into Membrane,DOWN,62,0,13874,0,1.0,,,1.0
GO_BP,GOBP_PROTEIN_INSERTION_INTO_MITOCHONDRIAL_INNER_MEMBRANE,Protein Insertion Into Mitochondrial Inner Membrane,DOWN,18,0,13874,0,1.0,,,1.0
GO_BP,GOBP_PROTEIN_K11_LINKED_UBIQUITINATION,Protein K11 Linked Ubiquitination,DOWN,36,0,13874,0,1.0,,,1.0
GO_BP,GOBP_PROTEIN_K48_LINKED_DEUBIQUITINATION,Protein K48 Linked Deubiquitination,DOWN,24,0,13874,0,1.0,,,1.0
GO_BP,GOBP_PROTEIN_K48_LINKED_UBIQUITINATION,Protein K48 Linked Ubiquitination,DOWN,98,0,13874,0,1.0,,,1.0
GO_BP,GOBP_PROTEIN_K63_LINKED_DEUBIQUITINATION,Protein K63 Linked Deubiquitination,DOWN,27,0,13874,0,1.0,,,1.0
GO_BP,GOBP_PROTEIN_K63_LINKED_UBIQUITINATION,Protein K63 Linked Ubiquitination,DOWN,71,0,13874,0,1.0,,,1.0
GO_BP,GOBP_PROTEIN_K6_LINKED_UBIQUITINATION,Protein K6 Linked Ubiquitination,DOWN,16,0,13874,0,1.0,,,1.0
GO_BP,GOBP_PROTEIN_LIPID_COMPLEX_ASSEMBLY,Protein Lipid Complex Assembly,DOWN,20,0,13874,0,1.0,,,1.0
GO_BP,GOBP_PROTEIN_LIPID_COMPLEX_ORGANIZATION,Protein Lipid Complex Organization,DOWN,28,0,13874,0,1.0,,,1.0
GO_BP,GOBP_PROTEIN_LOCALIZATION_TO_CELL_CELL_JUNCTION,Protein Localization To Cell Cell Junction,DOWN,16,0,13874,0,1.0,,,1.0
GO_BP,GOBP_PROTEIN_LOCALIZATION_TO_CELL_JUNCTION,Protein Localization To Cell Junction,DOWN,81,0,13874,0,1.0,,,1.0
GO_BP,GOBP_PROTEIN_LOCALIZATION_TO_CELL_PERIPHERY,Protein Localization To Cell Periphery,DOWN,273,0,13874,0,1.0,,,1.0
GO_BP,GOBP_PROTEIN_LOCALIZATION_TO_CELL_SURFACE,Protein Localization To Cell Surface,DOWN,51,0,13874,0,1.0,,,1.0
GO_BP,GOBP_PROTEIN_LOCALIZATION_TO_CHROMATIN,Protein Localization To Chromatin,DOWN,47,0,13874,0,1.0,,,1.0
GO_BP,GOBP_PROTEIN_LOCALIZATION_TO_CHROMOSOME,Protein Localization To Chromosome,DOWN,94,0,13874,0,1.0,,,1.0
GO_BP,GOBP_PROTEIN_LOCALIZATION_TO_CHROMOSOME_CENTROMERIC_REGION,Protein Localization To Chromosome Centromeric Region,DOWN,25,0,13874,0,1.0,,,1.0
GO_BP,GOBP_PROTEIN_LOCALIZATION_TO_CILIARY_TRANSITION_ZONE,Protein Localization To Ciliary Transition Zone,DOWN,21,0,13874,0,1.0,,,1.0
GO_BP,GOBP_PROTEIN_LOCALIZATION_TO_CILIUM,Protein Localization To Cilium,DOWN,74,0,13874,0,1.0,,,1.0
GO_BP,GOBP_PROTEIN_LOCALIZATION_TO_CYTOSKELETON,Protein Localization To Cytoskeleton,DOWN,60,0,13874,0,1.0,,,1.0
GO_BP,GOBP_PROTEIN_LOCALIZATION_TO_ENDOPLASMIC_RETICULUM,Protein Localization To Endoplasmic Reticulum,DOWN,28,0,13874,0,1.0,,,1.0
GO_BP,GOBP_PROTEIN_LOCALIZATION_TO_ENDOSOME,Protein Localization To Endosome,DOWN,25,0,13874,0,1.0,,,1.0
GO_BP,GOBP_PROTEIN_LOCALIZATION_TO_EXTRACELLULAR_REGION,Protein Localization To Extracellular Region,DOWN,242,0,13874,0,1.0,,,1.0
GO_BP,GOBP_PROTEIN_LOCALIZATION_TO_GOLGI_APPARATUS,Protein Localization To Golgi Apparatus,DOWN,27,0,13874,0,1.0,,,1.0
GO_BP,GOBP_PROTEIN_LOCALIZATION_TO_LYSOSOME,Protein Localization To Lysosome,DOWN,50,0,13874,0,1.0,,,1.0
GO_BP,GOBP_PROTEIN_LOCALIZATION_TO_MEMBRANE,Protein Localization To Membrane,DOWN,342,0,13874,0,1.0,,,1.0
GO_BP,GOBP_PROTEIN_LOCALIZATION_TO_MICROTUBULE,Protein Localization To Microtubule,DOWN,17,0,13874,0,1.0,,,1.0
GO_BP,GOBP_PROTEIN_LOCALIZATION_TO_MICROTUBULE_ORGANIZING_CENTER,Protein Localization To Microtubule Organizing Center,DOWN,36,0,13874,0,1.0,,,1.0
GO_BP,GOBP_PROTEIN_LOCALIZATION_TO_MITOCHONDRION,Protein Localization To Mitochondrion,DOWN,65,0,13874,0,1.0,,,1.0
GO_BP,GOBP_PROTEIN_LOCALIZATION_TO_NUCLEOLUS,Protein Localization To Nucleolus,DOWN,20,0,13874,0,1.0,,,1.0
GO_BP,GOBP_PROTEIN_LOCALIZATION_TO_NUCLEUS,Protein Localization To Nucleus,DOWN,287,0,13874,0,1.0,,,1.0
GO_BP,GOBP_PROTEIN_LOCALIZATION_TO_PHAGOPHORE_ASSEMBLY_SITE,Protein Localization To Phagophore Assembly Site,DOWN,16,0,13874,0,1.0,,,1.0
GO_BP,GOBP_PROTEIN_LOCALIZATION_TO_PLASMA_MEMBRANE,Protein Localization To Plasma Membrane,DOWN,224,0,13874,0,1.0,,,1.0
GO_BP,GOBP_PROTEIN_LOCALIZATION_TO_POSTSYNAPSE,Protein Localization To Postsynapse,DOWN,32,0,13874,0,1.0,,,1.0
GO_BP,GOBP_PROTEIN_LOCALIZATION_TO_SITE_OF_DOUBLE_STRAND_BREAK,Protein Localization To Site Of Double Strand Break,DOWN,16,0,13874,0,1.0,,,1.0
GO_BP,GOBP_PROTEIN_LOCALIZATION_TO_SYNAPSE,Protein Localization To Synapse,DOWN,58,0,13874,0,1.0,,,1.0
GO_BP,GOBP_PROTEIN_LOCALIZATION_TO_VACUOLE,Protein Localization To Vacuole,DOWN,77,0,13874,0,1.0,,,1.0
GO_BP,GOBP_PROTEIN_MATURATION,Protein Maturation,DOWN,465,0,13874,0,1.0,,,1.0
GO_BP,GOBP_PROTEIN_METHYLATION,Protein Methylation,DOWN,39,0,13874,0,1.0,,,1.0
GO_BP,GOBP_PROTEIN_MODIFICATION_BY_SMALL_PROTEIN_REMOVAL,Protein Modification By Small Protein Removal,DOWN,109,0,13874,0,1.0,,,1.0
GO_BP,GOBP_PROTEIN_MONOUBIQUITINATION,Protein Monoubiquitination,DOWN,50,0,13874,0,1.0,,,1.0
GO_BP,GOBP_PROTEIN_NEDDYLATION,Protein Neddylation,DOWN,24,0,13874,0,1.0,,,1.0
GO_BP,GOBP_PROTEIN_N_LINKED_GLYCOSYLATION,Protein N Linked Glycosylation,DOWN,74,0,13874,0,1.0,,,1.0
GO_BP,GOBP_PROTEIN_N_LINKED_GLYCOSYLATION_VIA_ASPARAGINE,Protein N Linked Glycosylation Via Asparagine,DOWN,20,0,13874,0,1.0,,,1.0
GO_BP,GOBP_PROTEIN_O_LINKED_GLYCOSYLATION,Protein O Linked Glycosylation,DOWN,119,0,13874,0,1.0,,,1.0
GO_BP,GOBP_PROTEIN_O_LINKED_GLYCOSYLATION_VIA_MANNOSE,Protein O Linked Glycosylation Via Mannose,DOWN,18,0,13874,0,1.0,,,1.0
GO_BP,GOBP_PROTEIN_O_LINKED_GLYCOSYLATION_VIA_N_ACETYL_GALACTOSAMINE,Protein O Linked Glycosylation Via N Acetyl Galactosamine,DOWN,27,0,13874,0,1.0,,,1.0
GO_BP,GOBP_PROTEIN_O_LINKED_GLYCOSYLATION_VIA_XYLOSE,Protein O Linked Glycosylation Via Xylose,DOWN,45,0,13874,0,1.0,,,1.0
GO_BP,GOBP_PROTEIN_PALMITOYLATION,Protein Palmitoylation,DOWN,18,0,13874,0,1.0,,,1.0
GO_BP,GOBP_PROTEIN_POLYMERIZATION,Protein Polymerization,DOWN,229,0,13874,0,1.0,,,1.0
GO_BP,GOBP_PROTEIN_POLYUBIQUITINATION,Protein Polyubiquitination,DOWN,246,0,13874,0,1.0,,,1.0
GO_BP,GOBP_PROTEIN_PROCESSING,Protein Processing,DOWN,177,0,13874,0,1.0,,,1.0
GO_BP,GOBP_PROTEIN_QUALITY_CONTROL_FOR_MISFOLDED_OR_INCOMPLETELY_SYNTHESIZED_PROTEINS,Protein Quality Control For Misfolded Or Incompletely Synthesized Proteins,DOWN,30,0,13874,0,1.0,,,1.0
GO_BP,GOBP_PROTEIN_REFOLDING,Protein Refolding,DOWN,26,0,13874,0,1.0,,,1.0
GO_BP,GOBP_PROTEIN_RNA_COMPLEX_ORGANIZATION,Protein Rna Complex Organization,DOWN,232,0,13874,0,1.0,,,1.0
GO_BP,GOBP_PROTEIN_STABILIZATION,Protein Stabilization,DOWN,200,0,13874,0,1.0,,,1.0
GO_BP,GOBP_PROTEIN_SUMOYLATION,Protein Sumoylation,DOWN,62,0,13874,0,1.0,,,1.0
GO_BP,GOBP_PROTEIN_TARGETING,Protein Targeting,DOWN,260,0,13874,0,1.0,,,1.0
GO_BP,GOBP_PROTEIN_TARGETING_TO_LYSOSOME,Protein Targeting To Lysosome,DOWN,30,0,13874,0,1.0,,,1.0
GO_BP,GOBP_PROTEIN_TARGETING_TO_MEMBRANE,Protein Targeting To Membrane,DOWN,94,0,13874,0,1.0,,,1.0
GO_BP,GOBP_PROTEIN_TARGETING_TO_MITOCHONDRION,Protein Targeting To Mitochondrion,DOWN,73,0,13874,0,1.0,,,1.0
GO_BP,GOBP_PROTEIN_TARGETING_TO_VACUOLE,Protein Targeting To Vacuole,DOWN,45,0,13874,0,1.0,,,1.0
GO_BP,GOBP_PROTEIN_TETRAMERIZATION,Protein Tetramerization,DOWN,68,0,13874,0,1.0,,,1.0
GO_BP,GOBP_PROTEIN_TRANSMEMBRANE_TRANSPORT,Protein Transmembrane Transport,DOWN,74,0,13874,0,1.0,,,1.0
GO_BP,GOBP_PROTEIN_TRANSPORT_ALONG_MICROTUBULE,Protein Transport Along Microtubule,DOWN,17,0,13874,0,1.0,,,1.0
GO_BP,GOBP_PROTEIN_TRANSPORT_TO_VACUOLE_INVOLVED_IN_UBIQUITIN_DEPENDENT_PROTEIN_CATABOLIC_PROCESS_VIA_THE_MULTIVESICULAR_BODY_SORTING_PATHWAY,Protein Transport To Vacuole Involved In Ubiquitin Dependent Protein Catabolic Process Via The Multivesicular Body Sorting Pathway,DOWN,16,0,13874,0,1.0,,,1.0
GO_BP,GOBP_PROTEOGLYCAN_BIOSYNTHETIC_PROCESS,Proteoglycan Biosynthetic Process,DOWN,58,0,13874,0,1.0,,,1.0
GO_BP,GOBP_PROTEOGLYCAN_CATABOLIC_PROCESS,Proteoglycan Catabolic Process,DOWN,19,0,13874,0,1.0,,,1.0
GO_BP,GOBP_PROTEOGLYCAN_METABOLIC_PROCESS,Proteoglycan Metabolic Process,DOWN,86,0,13874,0,1.0,,,1.0
GO_BP,GOBP_PROTON_MOTIVE_FORCE_DRIVEN_ATP_SYNTHESIS,Proton Motive Force Driven Atp Synthesis,DOWN,70,0,13874,0,1.0,,,1.0
GO_BP,GOBP_PROTON_TRANSMEMBRANE_TRANSPORT,Proton Transmembrane Transport,DOWN,142,0,13874,0,1.0,,,1.0
GO_BP,GOBP_PROXIMAL_DISTAL_PATTERN_FORMATION,Proximal Distal Pattern Formation,DOWN,23,0,13874,0,1.0,,,1.0
GO_BP,GOBP_PSEUDOURIDINE_SYNTHESIS,Pseudouridine Synthesis,DOWN,18,0,13874,0,1.0,,,1.0
GO_BP,GOBP_PTERIDINE_CONTAINING_COMPOUND_METABOLIC_PROCESS,Pteridine Containing Compound Metabolic Process,DOWN,28,0,13874,0,1.0,,,1.0
GO_BP,GOBP_PULMONARY_VALVE_DEVELOPMENT,Pulmonary Valve Development,DOWN,18,0,13874,0,1.0,,,1.0
GO_BP,GOBP_PURINE_CONTAINING_COMPOUND_BIOSYNTHETIC_PROCESS,Purine Containing Compound Biosynthetic Process,DOWN,222,0,13874,0,1.0,,,1.0
GO_BP,GOBP_PURINE_CONTAINING_COMPOUND_CATABOLIC_PROCESS,Purine Containing Compound Catabolic Process,DOWN,128,0,13874,0,1.0,,,1.0
GO_BP,GOBP_PURINE_CONTAINING_COMPOUND_METABOLIC_PROCESS,Purine Containing Compound Metabolic Process,DOWN,446,0,13874,0,1.0,,,1.0
GO_BP,GOBP_PURINE_CONTAINING_COMPOUND_SALVAGE,Purine Containing Compound Salvage,DOWN,19,0,13874,0,1.0,,,1.0
GO_BP,GOBP_PURINE_CONTAINING_COMPOUND_TRANSMEMBRANE_TRANSPORT,Purine Containing Compound Transmembrane Transport,DOWN,26,0,13874,0,1.0,,,1.0
GO_BP,GOBP_PURINE_DEOXYRIBONUCLEOTIDE_METABOLIC_PROCESS,Purine Deoxyribonucleotide Metabolic Process,DOWN,16,0,13874,0,1.0,,,1.0
GO_BP,GOBP_PURINE_NUCLEOBASE_METABOLIC_PROCESS,Purine Nucleobase Metabolic Process,DOWN,18,0,13874,0,1.0,,,1.0
GO_BP,GOBP_PURINE_NUCLEOSIDE_METABOLIC_PROCESS,Purine Nucleoside Metabolic Process,DOWN,22,0,13874,0,1.0,,,1.0
GO_BP,GOBP_PURINE_NUCLEOSIDE_MONOPHOSPHATE_BIOSYNTHETIC_PROCESS,Purine Nucleoside Monophosphate Biosynthetic Process,DOWN,20,0,13874,0,1.0,,,1.0
GO_BP,GOBP_PURINE_NUCLEOSIDE_MONOPHOSPHATE_METABOLIC_PROCESS,Purine Nucleoside Monophosphate Metabolic Process,DOWN,40,0,13874,0,1.0,,,1.0
GO_BP,GOBP_PURINE_NUCLEOTIDE_SALVAGE,Purine Nucleotide Salvage,DOWN,15,0,13874,0,1.0,,,1.0
GO_BP,GOBP_PURINE_NUCLEOTIDE_TRANSPORT,Purine Nucleotide Transport,DOWN,29,0,13874,0,1.0,,,1.0
GO_BP,GOBP_PYRIDINE_CONTAINING_COMPOUND_BIOSYNTHETIC_PROCESS,Pyridine Containing Compound Biosynthetic Process,DOWN,17,0,13874,0,1.0,,,1.0
GO_BP,GOBP_PYRIDINE_CONTAINING_COMPOUND_CATABOLIC_PROCESS,Pyridine Containing Compound Catabolic Process,DOWN,82,0,13874,0,1.0,,,1.0
GO_BP,GOBP_PYRIDINE_CONTAINING_COMPOUND_METABOLIC_PROCESS,Pyridine Containing Compound Metabolic Process,DOWN,140,0,13874,0,1.0,,,1.0
GO_BP,GOBP_PYRIMIDINE_CONTAINING_COMPOUND_BIOSYNTHETIC_PROCESS,Pyrimidine Containing Compound Biosynthetic Process,DOWN,38,0,13874,0,1.0,,,1.0
GO_BP,GOBP_PYRIMIDINE_CONTAINING_COMPOUND_CATABOLIC_PROCESS,Pyrimidine Containing Compound Catabolic Process,DOWN,24,0,13874,0,1.0,,,1.0
GO_BP,GOBP_PYRIMIDINE_CONTAINING_COMPOUND_METABOLIC_PROCESS,Pyrimidine Containing Compound Metabolic Process,DOWN,63,0,13874,0,1.0,,,1.0
GO_BP,GOBP_PYRIMIDINE_DEOXYRIBONUCLEOTIDE_METABOLIC_PROCESS,Pyrimidine Deoxyribonucleotide Metabolic Process,DOWN,23,0,13874,0,1.0,,,1.0
GO_BP,GOBP_PYRIMIDINE_NUCLEOBASE_METABOLIC_PROCESS,Pyrimidine Nucleobase Metabolic Process,DOWN,20,0,13874,0,1.0,,,1.0
GO_BP,GOBP_PYRIMIDINE_NUCLEOSIDE_MONOPHOSPHATE_BIOSYNTHETIC_PROCESS,Pyrimidine Nucleoside Monophosphate Biosynthetic Process,DOWN,15,0,13874,0,1.0,,,1.0
GO_BP,GOBP_PYRIMIDINE_NUCLEOSIDE_MONOPHOSPHATE_METABOLIC_PROCESS,Pyrimidine Nucleoside Monophosphate Metabolic Process,DOWN,20,0,13874,0,1.0,,,1.0
GO_BP,GOBP_PYRIMIDINE_NUCLEOSIDE_TRIPHOSPHATE_BIOSYNTHETIC_PROCESS,Pyrimidine Nucleoside Triphosphate Biosynthetic Process,DOWN,15,0,13874,0,1.0,,,1.0
GO_BP,GOBP_PYRIMIDINE_NUCLEOSIDE_TRIPHOSPHATE_METABOLIC_PROCESS,Pyrimidine Nucleoside Triphosphate Metabolic Process,DOWN,20,0,13874,0,1.0,,,1.0
GO_BP,GOBP_PYRIMIDINE_NUCLEOTIDE_BIOSYNTHETIC_PROCESS,Pyrimidine Nucleotide Biosynthetic Process,DOWN,29,0,13874,0,1.0,,,1.0
GO_BP,GOBP_PYRIMIDINE_NUCLEOTIDE_CATABOLIC_PROCESS,Pyrimidine Nucleotide Catabolic Process,DOWN,20,0,13874,0,1.0,,,1.0
GO_BP,GOBP_PYRIMIDINE_NUCLEOTIDE_METABOLIC_PROCESS,Pyrimidine Nucleotide Metabolic Process,DOWN,47,0,13874,0,1.0,,,1.0
GO_BP,GOBP_PYRIMIDINE_RIBONUCLEOSIDE_TRIPHOSPHATE_METABOLIC_PROCESS,Pyrimidine Ribonucleoside Triphosphate Metabolic Process,DOWN,15,0,13874,0,1.0,,,1.0
GO_BP,GOBP_PYRIMIDINE_RIBONUCLEOTIDE_BIOSYNTHETIC_PROCESS,Pyrimidine Ribonucleotide Biosynthetic Process,DOWN,21,0,13874,0,1.0,,,1.0
GO_BP,GOBP_PYRIMIDINE_RIBONUCLEOTIDE_METABOLIC_PROCESS,Pyrimidine Ribonucleotide Metabolic Process,DOWN,28,0,13874,0,1.0,,,1.0
GO_BP,GOBP_PYROPTOTIC_INFLAMMATORY_RESPONSE,Pyroptotic Inflammatory Response,DOWN,26,0,13874,0,1.0,,,1.0
GO_BP,GOBP_PYRUVATE_METABOLIC_PROCESS,Pyruvate Metabolic Process,DOWN,96,0,13874,0,1.0,,,1.0
GO_BP,GOBP_P_BODY_ASSEMBLY,P Body Assembly,DOWN,22,0,13874,0,1.0,,,1.0
GO_BP,GOBP_QUINONE_BIOSYNTHETIC_PROCESS,Quinone Biosynthetic Process,DOWN,18,0,13874,0,1.0,,,1.0
GO_BP,GOBP_QUINONE_METABOLIC_PROCESS,Quinone Metabolic Process,DOWN,21,0,13874,0,1.0,,,1.0
GO_BP,GOBP_RAB_PROTEIN_SIGNAL_TRANSDUCTION,Rab Protein Signal Transduction,DOWN,20,0,13874,0,1.0,,,1.0
GO_BP,GOBP_RAC_PROTEIN_SIGNAL_TRANSDUCTION,Rac Protein Signal Transduction,DOWN,53,0,13874,0,1.0,,,1.0
GO_BP,GOBP_RAP_PROTEIN_SIGNAL_TRANSDUCTION,Rap Protein Signal Transduction,DOWN,16,0,13874,0,1.0,,,1.0
GO_BP,GOBP_RAS_PROTEIN_SIGNAL_TRANSDUCTION,Ras Protein Signal Transduction,DOWN,87,0,13874,0,1.0,,,1.0
GO_BP,GOBP_REACTIVE_NITROGEN_SPECIES_METABOLIC_PROCESS,Reactive Nitrogen Species Metabolic Process,DOWN,60,0,13874,0,1.0,,,1.0
GO_BP,GOBP_REACTIVE_OXYGEN_SPECIES_BIOSYNTHETIC_PROCESS,Reactive Oxygen Species Biosynthetic Process,DOWN,42,0,13874,0,1.0,,,1.0
GO_BP,GOBP_REACTIVE_OXYGEN_SPECIES_METABOLIC_PROCESS,Reactive Oxygen Species Metabolic Process,DOWN,159,0,13874,0,1.0,,,1.0
GO_BP,GOBP_RECEPTOR_CATABOLIC_PROCESS,Receptor Catabolic Process,DOWN,28,0,13874,0,1.0,,,1.0
GO_BP,GOBP_RECEPTOR_CLUSTERING,Receptor Clustering,DOWN,49,0,13874,0,1.0,,,1.0
GO_BP,GOBP_RECEPTOR_INTERNALIZATION,Receptor Internalization,DOWN,101,0,13874,0,1.0,,,1.0
GO_BP,GOBP_RECEPTOR_LOCALIZATION_TO_SYNAPSE,Receptor Localization To Synapse,DOWN,51,0,13874,0,1.0,,,1.0
GO_BP,GOBP_RECEPTOR_MEDIATED_ENDOCYTOSIS,Receptor Mediated Endocytosis,DOWN,195,0,13874,0,1.0,,,1.0
GO_BP,GOBP_RECEPTOR_METABOLIC_PROCESS,Receptor Metabolic Process,DOWN,67,0,13874,0,1.0,,,1.0
GO_BP,GOBP_RECEPTOR_RECYCLING,Receptor Recycling,DOWN,42,0,13874,0,1.0,,,1.0
GO_BP,GOBP_RECOMBINATIONAL_REPAIR,Recombinational Repair,DOWN,169,0,13874,0,1.0,,,1.0
GO_BP,GOBP_REGENERATION,Regeneration,DOWN,117,0,13874,0,1.0,,,1.0
GO_BP,GOBP_REGULATED_EXOCYTOSIS,Regulated Exocytosis,DOWN,135,0,13874,0,1.0,,,1.0
GO_BP,GOBP_REGULATION_OF_ACTIN_FILAMENT_BASED_MOVEMENT,Regulation Of Actin Filament Based Movement,DOWN,24,0,13874,0,1.0,,,1.0
GO_BP,GOBP_REGULATION_OF_ACTIN_FILAMENT_BASED_PROCESS,Regulation Of Actin Filament Based Process,DOWN,296,0,13874,0,1.0,,,1.0
GO_BP,GOBP_REGULATION_OF_ACTIN_FILAMENT_BUNDLE_ASSEMBLY,Regulation Of Actin Filament Bundle Assembly,DOWN,85,0,13874,0,1.0,,,1.0
GO_BP,GOBP_REGULATION_OF_ACTIN_FILAMENT_LENGTH,Regulation Of Actin Filament Length,DOWN,118,0,13874,0,1.0,,,1.0
GO_BP,GOBP_REGULATION_OF_ACTIN_FILAMENT_ORGANIZATION,Regulation Of Actin Filament Organization,DOWN,213,0,13874,0,1.0,,,1.0
GO_BP,GOBP_REGULATION_OF_ACTIN_FILAMENT_POLYMERIZATION,Regulation Of Actin Filament Polymerization,DOWN,100,0,13874,0,1.0,,,1.0
GO_BP,GOBP_REGULATION_OF_ACTIN_NUCLEATION,Regulation Of Actin Nucleation,DOWN,32,0,13874,0,1.0,,,1.0
GO_BP,GOBP_REGULATION_OF_ACTION_POTENTIAL,Regulation Of Action Potential,DOWN,32,0,13874,0,1.0,,,1.0
GO_BP,GOBP_REGULATION_OF_ACTIVIN_RECEPTOR_SIGNALING_PATHWAY,Regulation Of Activin Receptor Signaling Pathway,DOWN,21,0,13874,0,1.0,,,1.0
GO_BP,GOBP_REGULATION_OF_ACTOMYOSIN_STRUCTURE_ORGANIZATION,Regulation Of Actomyosin Structure Organization,DOWN,80,0,13874,0,1.0,,,1.0
GO_BP,GOBP_REGULATION_OF_ACUTE_INFLAMMATORY_RESPONSE,Regulation Of Acute Inflammatory Response,DOWN,18,0,13874,0,1.0,,,1.0
GO_BP,GOBP_REGULATION_OF_ADAPTIVE_IMMUNE_RESPONSE,Regulation Of Adaptive Immune Response,DOWN,131,0,13874,0,1.0,,,1.0
GO_BP,GOBP_REGULATION_OF_ADIPOSE_TISSUE_DEVELOPMENT,Regulation Of Adipose Tissue Development,DOWN,18,0,13874,0,1.0,,,1.0
GO_BP,GOBP_REGULATION_OF_AEROBIC_RESPIRATION,Regulation Of Aerobic Respiration,DOWN,27,0,13874,0,1.0,,,1.0
GO_BP,GOBP_REGULATION_OF_ALCOHOL_BIOSYNTHETIC_PROCESS,Regulation Of Alcohol Biosynthetic Process,DOWN,35,0,13874,0,1.0,,,1.0
GO_BP,GOBP_REGULATION_OF_ALPHA_BETA_T_CELL_ACTIVATION,Regulation Of Alpha Beta T Cell Activation,DOWN,66,0,13874,0,1.0,,,1.0
GO_BP,GOBP_REGULATION_OF_ALPHA_BETA_T_CELL_DIFFERENTIATION,Regulation Of Alpha Beta T Cell Differentiation,DOWN,47,0,13874,0,1.0,,,1.0
GO_BP,GOBP_REGULATION_OF_ALTERNATIVE_MRNA_SPLICING_VIA_SPLICEOSOME,Regulation Of Alternative Mrna Splicing Via Spliceosome,DOWN,52,0,13874,0,1.0,,,1.0
GO_BP,GOBP_REGULATION_OF_AMIDE_METABOLIC_PROCESS,Regulation Of Amide Metabolic Process,DOWN,54,0,13874,0,1.0,,,1.0
GO_BP,GOBP_REGULATION_OF_AMINO_ACID_TRANSPORT,Regulation Of Amino Acid Transport,DOWN,21,0,13874,0,1.0,,,1.0
GO_BP,GOBP_REGULATION_OF_AMPA_RECEPTOR_ACTIVITY,Regulation Of Ampa Receptor Activity,DOWN,23,0,13874,0,1.0,,,1.0
GO_BP,GOBP_REGULATION_OF_AMYLOID_PRECURSOR_PROTEIN_CATABOLIC_PROCESS,Regulation Of Amyloid Precursor Protein Catabolic Process,DOWN,32,0,13874,0,1.0,,,1.0
GO_BP,GOBP_REGULATION_OF_ANATOMICAL_STRUCTURE_SIZE,Regulation Of Anatomical Structure Size,DOWN,350,0,13874,0,1.0,,,1.0
GO_BP,GOBP_REGULATION_OF_ANDROGEN_RECEPTOR_SIGNALING_PATHWAY,Regulation Of Androgen Receptor Signaling Pathway,DOWN,27,0,13874,0,1.0,,,1.0
GO_BP,GOBP_REGULATION_OF_ANIMAL_ORGAN_FORMATION,Regulation Of Animal Organ Formation,DOWN,21,0,13874,0,1.0,,,1.0
GO_BP,GOBP_REGULATION_OF_ANIMAL_ORGAN_MORPHOGENESIS,Regulation Of Animal Organ Morphogenesis,DOWN,52,0,13874,0,1.0,,,1.0
GO_BP,GOBP_REGULATION_OF_ANOIKIS,Regulation Of Anoikis,DOWN,18,0,13874,0,1.0,,,1.0
GO_BP,GOBP_REGULATION_OF_ANTIGEN_RECEPTOR_MEDIATED_SIGNALING_PATHWAY,Regulation Of Antigen Receptor Mediated Signaling Pathway,DOWN,48,0,13874,0,1.0,,,1.0
GO_BP,GOBP_REGULATION_OF_APOPTOTIC_SIGNALING_PATHWAY,Regulation Of Apoptotic Signaling Pathway,DOWN,309,0,13874,0,1.0,,,1.0
GO_BP,GOBP_REGULATION_OF_ARP2_3_COMPLEX_MEDIATED_ACTIN_NUCLEATION,Regulation Of Arp2 3 Complex Mediated Actin Nucleation,DOWN,27,0,13874,0,1.0,,,1.0
GO_BP,GOBP_REGULATION_OF_ATP_BIOSYNTHETIC_PROCESS,Regulation Of Atp Biosynthetic Process,DOWN,17,0,13874,0,1.0,,,1.0
GO_BP,GOBP_REGULATION_OF_ATP_DEPENDENT_ACTIVITY,Regulation Of Atp Dependent Activity,DOWN,24,0,13874,0,1.0,,,1.0
GO_BP,GOBP_REGULATION_OF_ATTACHMENT_OF_SPINDLE_MICROTUBULES_TO_KINETOCHORE,Regulation Of Attachment Of Spindle Microtubules To Kinetochore,DOWN,20,0,13874,0,1.0,,,1.0
GO_BP,GOBP_REGULATION_OF_AUTOPHAGOSOME_ASSEMBLY,Regulation Of Autophagosome Assembly,DOWN,47,0,13874,0,1.0,,,1.0
GO_BP,GOBP_REGULATION_OF_AUTOPHAGOSOME_MATURATION,Regulation Of Autophagosome Maturation,DOWN,15,0,13874,0,1.0,,,1.0
GO_BP,GOBP_REGULATION_OF_AUTOPHAGY,Regulation Of Autophagy,DOWN,327,0,13874,0,1.0,,,1.0
GO_BP,GOBP_REGULATION_OF_AUTOPHAGY_OF_MITOCHONDRION,Regulation Of Autophagy Of Mitochondrion,DOWN,49,0,13874,0,1.0,,,1.0
GO_BP,GOBP_REGULATION_OF_AXONOGENESIS,Regulation Of Axonogenesis,DOWN,108,0,13874,0,1.0,,,1.0
GO_BP,GOBP_REGULATION_OF_AXON_EXTENSION,Regulation Of Axon Extension,DOWN,64,0,13874,0,1.0,,,1.0
GO_BP,GOBP_REGULATION_OF_BEHAVIOR,Regulation Of Behavior,DOWN,39,0,13874,0,1.0,,,1.0
GO_BP,GOBP_REGULATION_OF_BICELLULAR_TIGHT_JUNCTION_ASSEMBLY,Regulation Of Bicellular Tight Junction Assembly,DOWN,15,0,13874,0,1.0,,,1.0
GO_BP,GOBP_REGULATION_OF_BINDING,Regulation Of Binding,DOWN,75,0,13874,0,1.0,,,1.0
GO_BP,GOBP_REGULATION_OF_BIOLOGICAL_PROCESS_INVOLVED_IN_SYMBIOTIC_INTERACTION,Regulation Of Biological Process Involved In Symbiotic Interaction,DOWN,26,0,13874,0,1.0,,,1.0
GO_BP,GOBP_REGULATION_OF_BIOMINERAL_TISSUE_DEVELOPMENT,Regulation Of Biomineral Tissue Development,DOWN,68,0,13874,0,1.0,,,1.0
GO_BP,GOBP_REGULATION_OF_BLOOD_CIRCULATION,Regulation Of Blood Circulation,DOWN,139,0,13874,0,1.0,,,1.0
GO_BP,GOBP_REGULATION_OF_BLOOD_PRESSURE,Regulation Of Blood Pressure,DOWN,94,0,13874,0,1.0,,,1.0
GO_BP,GOBP_REGULATION_OF_BMP_SIGNALING_PATHWAY,Regulation Of Bmp Signaling Pathway,DOWN,76,0,13874,0,1.0,,,1.0
GO_BP,GOBP_REGULATION_OF_BODY_FLUID_LEVELS,Regulation Of Body Fluid Levels,DOWN,240,0,13874,0,1.0,,,1.0
GO_BP,GOBP_REGULATION_OF_BONE_MINERALIZATION,Regulation Of Bone Mineralization,DOWN,57,0,13874,0,1.0,,,1.0
GO_BP,GOBP_REGULATION_OF_BONE_REMODELING,Regulation Of Bone Remodeling,DOWN,30,0,13874,0,1.0,,,1.0
GO_BP,GOBP_REGULATION_OF_BROWN_FAT_CELL_DIFFERENTIATION,Regulation Of Brown Fat Cell Differentiation,DOWN,19,0,13874,0,1.0,,,1.0
GO_BP,GOBP_REGULATION_OF_B_CELL_ACTIVATION,Regulation Of B Cell Activation,DOWN,86,0,13874,0,1.0,,,1.0
GO_BP,GOBP_REGULATION_OF_B_CELL_DIFFERENTIATION,Regulation Of B Cell Differentiation,DOWN,20,0,13874,0,1.0,,,1.0
GO_BP,GOBP_REGULATION_OF_B_CELL_MEDIATED_IMMUNITY,Regulation Of B Cell Mediated Immunity,DOWN,35,0,13874,0,1.0,,,1.0
GO_BP,GOBP_REGULATION_OF_B_CELL_PROLIFERATION,Regulation Of B Cell Proliferation,DOWN,39,0,13874,0,1.0,,,1.0
GO_BP,GOBP_REGULATION_OF_CALCINEURIN_MEDIATED_SIGNALING,Regulation Of Calcineurin Mediated Signaling,DOWN,27,0,13874,0,1.0,,,1.0
GO_BP,GOBP_REGULATION_OF_CALCIUM_ION_DEPENDENT_EXOCYTOSIS,Regulation Of Calcium Ion Dependent Exocytosis,DOWN,21,0,13874,0,1.0,,,1.0
GO_BP,GOBP_REGULATION_OF_CALCIUM_ION_IMPORT,Regulation Of Calcium Ion Import,DOWN,20,0,13874,0,1.0,,,1.0
GO_BP,GOBP_REGULATION_OF_CALCIUM_ION_TRANSMEMBRANE_TRANSPORT,Regulation Of Calcium Ion Transmembrane Transport,DOWN,87,0,13874,0,1.0,,,1.0
GO_BP,GOBP_REGULATION_OF_CALCIUM_ION_TRANSPORT,Regulation Of Calcium Ion Transport,DOWN,130,0,13874,0,1.0,,,1.0
GO_BP,GOBP_REGULATION_OF_CALCIUM_MEDIATED_SIGNALING,Regulation Of Calcium Mediated Signaling,DOWN,55,0,13874,0,1.0,,,1.0
GO_BP,GOBP_REGULATION_OF_CAMP_PKA_SIGNAL_TRANSDUCTION,Regulation Of Camp Pka Signal Transduction,DOWN,26,0,13874,0,1.0,,,1.0
GO_BP,GOBP_REGULATION_OF_CANONICAL_WNT_SIGNALING_PATHWAY,Regulation Of Canonical Wnt Signaling Pathway,DOWN,212,0,13874,0,1.0,,,1.0
GO_BP,GOBP_REGULATION_OF_CARBOHYDRATE_BIOSYNTHETIC_PROCESS,Regulation Of Carbohydrate Biosynthetic Process,DOWN,72,0,13874,0,1.0,,,1.0
GO_BP,GOBP_REGULATION_OF_CARBOHYDRATE_CATABOLIC_PROCESS,Regulation Of Carbohydrate Catabolic Process,DOWN,46,0,13874,0,1.0,,,1.0
GO_BP,GOBP_REGULATION_OF_CARBOHYDRATE_METABOLIC_PROCESS,Regulation Of Carbohydrate Metabolic Process,DOWN,129,0,13874,0,1.0,,,1.0
GO_BP,GOBP_REGULATION_OF_CARDIAC_MUSCLE_CELL_ACTION_POTENTIAL,Regulation Of Cardiac Muscle Cell Action Potential,DOWN,18,0,13874,0,1.0,,,1.0
GO_BP,GOBP_REGULATION_OF_CARDIAC_MUSCLE_CELL_PROLIFERATION,Regulation Of Cardiac Muscle Cell Proliferation,DOWN,23,0,13874,0,1.0,,,1.0
GO_BP,GOBP_REGULATION_OF_CARDIAC_MUSCLE_CONTRACTION,Regulation Of Cardiac Muscle Contraction,DOWN,45,0,13874,0,1.0,,,1.0
GO_BP,GOBP_REGULATION_OF_CARDIAC_MUSCLE_CONTRACTION_BY_CALCIUM_ION_SIGNALING,Regulation Of Cardiac Muscle Contraction By Calcium Ion Signaling,DOWN,21,0,13874,0,1.0,,,1.0
GO_BP,GOBP_REGULATION_OF_CARDIAC_MUSCLE_CONTRACTION_BY_REGULATION_OF_THE_RELEASE_OF_SEQUESTERED_CALCIUM_ION,Regulation Of Cardiac Muscle Contraction By Regulation Of The Release Of Sequestered Calcium Ion,DOWN,17,0,13874,0,1.0,,,1.0
GO_BP,GOBP_REGULATION_OF_CARDIOCYTE_DIFFERENTIATION,Regulation Of Cardiocyte Differentiation,DOWN,20,0,13874,0,1.0,,,1.0
GO_BP,GOBP_REGULATION_OF_CARTILAGE_DEVELOPMENT,Regulation Of Cartilage Development,DOWN,56,0,13874,0,1.0,,,1.0
GO_BP,GOBP_REGULATION_OF_CATALYTIC_ACTIVITY,Regulation Of Catalytic Activity,DOWN,401,0,13874,0,1.0,,,1.0
GO_BP,GOBP_REGULATION_OF_CD4_POSITIVE_ALPHA_BETA_T_CELL_ACTIVATION,Regulation Of Cd4 Positive Alpha Beta T Cell Activation,DOWN,42,0,13874,0,1.0,,,1.0
GO_BP,GOBP_REGULATION_OF_CD4_POSITIVE_ALPHA_BETA_T_CELL_DIFFERENTIATION,Regulation Of Cd4 Positive Alpha Beta T Cell Differentiation,DOWN,35,0,13874,0,1.0,,,1.0
GO_BP,GOBP_REGULATION_OF_CELLULAR_COMPONENT_SIZE,Regulation Of Cellular Component Size,DOWN,273,0,13874,0,1.0,,,1.0
GO_BP,GOBP_REGULATION_OF_CELLULAR_EXTRAVASATION,Regulation Of Cellular Extravasation,DOWN,28,0,13874,0,1.0,,,1.0
GO_BP,GOBP_REGULATION_OF_CELLULAR_LOCALIZATION,Regulation Of Cellular Localization,DOWN,417,0,13874,0,1.0,,,1.0
GO_BP,GOBP_REGULATION_OF_CELLULAR_RESPIRATION,Regulation Of Cellular Respiration,DOWN,36,0,13874,0,1.0,,,1.0
GO_BP,GOBP_REGULATION_OF_CELLULAR_RESPONSE_TO_GROWTH_FACTOR_STIMULUS,Regulation Of Cellular Response To Growth Factor Stimulus,DOWN,242,0,13874,0,1.0,,,1.0
GO_BP,GOBP_REGULATION_OF_CELLULAR_RESPONSE_TO_HEAT,Regulation Of Cellular Response To Heat,DOWN,16,0,13874,0,1.0,,,1.0
GO_BP,GOBP_REGULATION_OF_CELLULAR_RESPONSE_TO_HYPOXIA,Regulation Of Cellular Response To Hypoxia,DOWN,20,0,13874,0,1.0,,,1.0
GO_BP,GOBP_REGULATION_OF_CELLULAR_RESPONSE_TO_INSULIN_STIMULUS,Regulation Of Cellular Response To Insulin Stimulus,DOWN,55,0,13874,0,1.0,,,1.0
GO_BP,GOBP_REGULATION_OF_CELLULAR_RESPONSE_TO_OXIDATIVE_STRESS,Regulation Of Cellular Response To Oxidative Stress,DOWN,18,0,13874,0,1.0,,,1.0
GO_BP,GOBP_REGULATION_OF_CELLULAR_RESPONSE_TO_STRESS,Regulation Of Cellular Response To Stress,DOWN,492,0,13874,0,1.0,,,1.0
GO_BP,GOBP_REGULATION_OF_CELLULAR_RESPONSE_TO_TRANSFORMING_GROWTH_FACTOR_BETA_STIMULUS,Regulation Of Cellular Response To Transforming Growth Factor Beta Stimulus,DOWN,120,0,13874,0,1.0,,,1.0
GO_BP,GOBP_REGULATION_OF_CELLULAR_RESPONSE_TO_VASCULAR_ENDOTHELIAL_GROWTH_FACTOR_STIMULUS,Regulation Of Cellular Response To Vascular Endothelial Growth Factor Stimulus,DOWN,26,0,13874,0,1.0,,,1.0
GO_BP,GOBP_REGULATION_OF_CELLULAR_SENESCENCE,Regulation Of Cellular Senescence,DOWN,37,0,13874,0,1.0,,,1.0
GO_BP,GOBP_REGULATION_OF_CELL_ACTIVATION,Regulation Of Cell Activation,DOWN,407,0,13874,0,1.0,,,1.0
GO_BP,GOBP_REGULATION_OF_CELL_ADHESION_MEDIATED_BY_INTEGRIN,Regulation Of Cell Adhesion Mediated By Integrin,DOWN,33,0,13874,0,1.0,,,1.0
GO_BP,GOBP_REGULATION_OF_CELL_CELL_ADHESION,Regulation Of Cell Cell Adhesion,DOWN,315,0,13874,0,1.0,,,1.0
GO_BP,GOBP_REGULATION_OF_CELL_CYCLE_CHECKPOINT,Regulation Of Cell Cycle Checkpoint,DOWN,50,0,13874,0,1.0,,,1.0
GO_BP,GOBP_REGULATION_OF_CELL_CYCLE_G1_S_PHASE_TRANSITION,Regulation Of Cell Cycle G1 S Phase Transition,DOWN,168,0,13874,0,1.0,,,1.0
GO_BP,GOBP_REGULATION_OF_CELL_CYCLE_G2_M_PHASE_TRANSITION,Regulation Of Cell Cycle G2 M Phase Transition,DOWN,98,0,13874,0,1.0,,,1.0
GO_BP,GOBP_REGULATION_OF_CELL_CYCLE_PHASE_TRANSITION,Regulation Of Cell Cycle Phase Transition,DOWN,390,0,13874,0,1.0,,,1.0
GO_BP,GOBP_REGULATION_OF_CELL_DIVISION,Regulation Of Cell Division,DOWN,130,0,13874,0,1.0,,,1.0
GO_BP,GOBP_REGULATION_OF_CELL_FATE_COMMITMENT,Regulation Of Cell Fate Commitment,DOWN,28,0,13874,0,1.0,,,1.0
GO_BP,GOBP_REGULATION_OF_CELL_FATE_SPECIFICATION,Regulation Of Cell Fate Specification,DOWN,19,0,13874,0,1.0,,,1.0
GO_BP,GOBP_REGULATION_OF_CELL_GROWTH,Regulation Of Cell Growth,DOWN,312,0,13874,0,1.0,,,1.0
GO_BP,GOBP_REGULATION_OF_CELL_JUNCTION_ASSEMBLY,Regulation Of Cell Junction Assembly,DOWN,198,0,13874,0,1.0,,,1.0
GO_BP,GOBP_REGULATION_OF_CELL_KILLING,Regulation Of Cell Killing,DOWN,50,0,13874,0,1.0,,,1.0
GO_BP,GOBP_REGULATION_OF_CELL_MATRIX_ADHESION,Regulation Of Cell Matrix Adhesion,DOWN,103,0,13874,0,1.0,,,1.0
GO_BP,GOBP_REGULATION_OF_CELL_MIGRATION_INVOLVED_IN_SPROUTING_ANGIOGENESIS,Regulation Of Cell Migration Involved In Sprouting Angiogenesis,DOWN,39,0,13874,0,1.0,,,1.0
GO_BP,GOBP_REGULATION_OF_CELL_MORPHOGENESIS,Regulation Of Cell Morphogenesis,DOWN,187,0,13874,0,1.0,,,1.0
GO_BP,GOBP_REGULATION_OF_CELL_PROJECTION_ASSEMBLY,Regulation Of Cell Projection Assembly,DOWN,190,0,13874,0,1.0,,,1.0
GO_BP,GOBP_REGULATION_OF_CELL_SHAPE,Regulation Of Cell Shape,DOWN,106,0,13874,0,1.0,,,1.0
GO_BP,GOBP_REGULATION_OF_CELL_SIZE,Regulation Of Cell Size,DOWN,135,0,13874,0,1.0,,,1.0
GO_BP,GOBP_REGULATION_OF_CELL_SUBSTRATE_ADHESION,Regulation Of Cell Substrate Adhesion,DOWN,170,0,13874,0,1.0,,,1.0
GO_BP,GOBP_REGULATION_OF_CELL_SUBSTRATE_JUNCTION_ORGANIZATION,Regulation Of Cell Substrate Junction Organization,DOWN,68,0,13874,0,1.0,,,1.0
GO_BP,GOBP_REGULATION_OF_CENTRIOLE_REPLICATION,Regulation Of Centriole Replication,DOWN,21,0,13874,0,1.0,,,1.0
GO_BP,GOBP_REGULATION_OF_CENTROSOME_CYCLE,Regulation Of Centrosome Cycle,DOWN,53,0,13874,0,1.0,,,1.0
GO_BP,GOBP_REGULATION_OF_CHEMOTAXIS,Regulation Of Chemotaxis,DOWN,126,0,13874,0,1.0,,,1.0
GO_BP,GOBP_REGULATION_OF_CHOLESTEROL_BIOSYNTHETIC_PROCESS,Regulation Of Cholesterol Biosynthetic Process,DOWN,21,0,13874,0,1.0,,,1.0
GO_BP,GOBP_REGULATION_OF_CHOLESTEROL_EFFLUX,Regulation Of Cholesterol Efflux,DOWN,24,0,13874,0,1.0,,,1.0
GO_BP,GOBP_REGULATION_OF_CHOLESTEROL_METABOLIC_PROCESS,Regulation Of Cholesterol Metabolic Process,DOWN,35,0,13874,0,1.0,,,1.0
GO_BP,GOBP_REGULATION_OF_CHONDROCYTE_DIFFERENTIATION,Regulation Of Chondrocyte Differentiation,DOWN,42,0,13874,0,1.0,,,1.0
GO_BP,GOBP_REGULATION_OF_CHROMATIN_ORGANIZATION,Regulation Of Chromatin Organization,DOWN,28,0,13874,0,1.0,,,1.0
GO_BP,GOBP_REGULATION_OF_CHROMOSOME_ORGANIZATION,Regulation Of Chromosome Organization,DOWN,221,0,13874,0,1.0,,,1.0
GO_BP,GOBP_REGULATION_OF_CHROMOSOME_SEGREGATION,Regulation Of Chromosome Segregation,DOWN,118,0,13874,0,1.0,,,1.0
GO_BP,GOBP_REGULATION_OF_CILIUM_ASSEMBLY,Regulation Of Cilium Assembly,DOWN,90,0,13874,0,1.0,,,1.0
GO_BP,GOBP_REGULATION_OF_CIRCADIAN_RHYTHM,Regulation Of Circadian Rhythm,DOWN,82,0,13874,0,1.0,,,1.0
GO_BP,GOBP_REGULATION_OF_CLATHRIN_DEPENDENT_ENDOCYTOSIS,Regulation Of Clathrin Dependent Endocytosis,DOWN,15,0,13874,0,1.0,,,1.0
GO_BP,GOBP_REGULATION_OF_COAGULATION,Regulation Of Coagulation,DOWN,46,0,13874,0,1.0,,,1.0
GO_BP,GOBP_REGULATION_OF_COLLAGEN_METABOLIC_PROCESS,Regulation Of Collagen Metabolic Process,DOWN,30,0,13874,0,1.0,,,1.0
GO_BP,GOBP_REGULATION_OF_COLLATERAL_SPROUTING,Regulation Of Collateral Sprouting,DOWN,16,0,13874,0,1.0,,,1.0
GO_BP,GOBP_REGULATION_OF_CYCLIN_DEPENDENT_PROTEIN_SERINE_THREONINE_KINASE_ACTIVITY,Regulation Of Cyclin Dependent Protein Serine Threonine Kinase Activity,DOWN,29,0,13874,0,1.0,,,1.0
GO_BP,GOBP_REGULATION_OF_CYTOKINESIS,Regulation Of Cytokinesis,DOWN,74,0,13874,0,1.0,,,1.0
GO_BP,GOBP_REGULATION_OF_CYTOPLASMIC_PATTERN_RECOGNITION_RECEPTOR_SIGNALING_PATHWAY,Regulation Of Cytoplasmic Pattern Recognition Receptor Signaling Pathway,DOWN,106,0,13874,0,1.0,,,1.0
GO_BP,GOBP_REGULATION_OF_CYTOPLASMIC_TRANSLATION,Regulation Of Cytoplasmic Translation,DOWN,35,0,13874,0,1.0,,,1.0
GO_BP,GOBP_REGULATION_OF_CYTOSKELETON_ORGANIZATION,Regulation Of Cytoskeleton Organization,DOWN,432,0,13874,0,1.0,,,1.0
GO_BP,GOBP_REGULATION_OF_CYTOSOLIC_CALCIUM_ION_CONCENTRATION,Regulation Of Cytosolic Calcium Ion Concentration,DOWN,23,0,13874,0,1.0,,,1.0
GO_BP,GOBP_REGULATION_OF_DEFENSE_RESPONSE_TO_VIRUS,Regulation Of Defense Response To Virus,DOWN,52,0,13874,0,1.0,,,1.0
GO_BP,GOBP_REGULATION_OF_DEFENSE_RESPONSE_TO_VIRUS_BY_HOST,Regulation Of Defense Response To Virus By Host,DOWN,34,0,13874,0,1.0,,,1.0
GO_BP,GOBP_REGULATION_OF_DENDRITE_DEVELOPMENT,Regulation Of Dendrite Development,DOWN,71,0,13874,0,1.0,,,1.0
GO_BP,GOBP_REGULATION_OF_DENDRITE_MORPHOGENESIS,Regulation Of Dendrite Morphogenesis,DOWN,51,0,13874,0,1.0,,,1.0
GO_BP,GOBP_REGULATION_OF_DENDRITIC_SPINE_DEVELOPMENT,Regulation Of Dendritic Spine Development,DOWN,45,0,13874,0,1.0,,,1.0
GO_BP,GOBP_REGULATION_OF_DENDRITIC_SPINE_MORPHOGENESIS,Regulation Of Dendritic Spine Morphogenesis,DOWN,32,0,13874,0,1.0,,,1.0
GO_BP,GOBP_REGULATION_OF_DEPHOSPHORYLATION,Regulation Of Dephosphorylation,DOWN,17,0,13874,0,1.0,,,1.0
GO_BP,GOBP_REGULATION_OF_DEVELOPMENTAL_GROWTH,Regulation Of Developmental Growth,DOWN,212,0,13874,0,1.0,,,1.0
GO_BP,GOBP_REGULATION_OF_DNA_BINDING,Regulation Of Dna Binding,DOWN,29,0,13874,0,1.0,,,1.0
GO_BP,GOBP_REGULATION_OF_DNA_BINDING_TRANSCRIPTION_FACTOR_ACTIVITY,Regulation Of Dna Binding Transcription Factor Activity,DOWN,126,0,13874,0,1.0,,,1.0
GO_BP,GOBP_REGULATION_OF_DNA_BIOSYNTHETIC_PROCESS,Regulation Of Dna Biosynthetic Process,DOWN,77,0,13874,0,1.0,,,1.0
GO_BP,GOBP_REGULATION_OF_DNA_DAMAGE_CHECKPOINT,Regulation Of Dna Damage Checkpoint,DOWN,25,0,13874,0,1.0,,,1.0
GO_BP,GOBP_REGULATION_OF_DNA_DAMAGE_RESPONSE_SIGNAL_TRANSDUCTION_BY_P53_CLASS_MEDIATOR,Regulation Of Dna Damage Response Signal Transduction By P53 Class Mediator,DOWN,34,0,13874,0,1.0,,,1.0
GO_BP,GOBP_REGULATION_OF_DNA_METABOLIC_PROCESS,Regulation Of Dna Metabolic Process,DOWN,432,0,13874,0,1.0,,,1.0
GO_BP,GOBP_REGULATION_OF_DNA_RECOMBINATION,Regulation Of Dna Recombination,DOWN,113,0,13874,0,1.0,,,1.0
GO_BP,GOBP_REGULATION_OF_DNA_REPAIR,Regulation Of Dna Repair,DOWN,220,0,13874,0,1.0,,,1.0
GO_BP,GOBP_REGULATION_OF_DNA_REPLICATION,Regulation Of Dna Replication,DOWN,111,0,13874,0,1.0,,,1.0
GO_BP,GOBP_REGULATION_OF_DNA_STRAND_ELONGATION,Regulation Of Dna Strand Elongation,DOWN,16,0,13874,0,1.0,,,1.0
GO_BP,GOBP_REGULATION_OF_DNA_TEMPLATED_DNA_REPLICATION,Regulation Of Dna Templated Dna Replication,DOWN,44,0,13874,0,1.0,,,1.0
GO_BP,GOBP_REGULATION_OF_DNA_TEMPLATED_DNA_REPLICATION_INITIATION,Regulation Of Dna Templated Dna Replication Initiation,DOWN,18,0,13874,0,1.0,,,1.0
GO_BP,GOBP_REGULATION_OF_DNA_TEMPLATED_TRANSCRIPTION_ELONGATION,Regulation Of Dna Templated Transcription Elongation,DOWN,101,0,13874,0,1.0,,,1.0
GO_BP,GOBP_REGULATION_OF_DNA_TEMPLATED_TRANSCRIPTION_INITIATION,Regulation Of Dna Templated Transcription Initiation,DOWN,81,0,13874,0,1.0,,,1.0
GO_BP,GOBP_REGULATION_OF_DOUBLE_STRAND_BREAK_REPAIR,Regulation Of Double Strand Break Repair,DOWN,135,0,13874,0,1.0,,,1.0
GO_BP,GOBP_REGULATION_OF_DOUBLE_STRAND_BREAK_REPAIR_VIA_HOMOLOGOUS_RECOMBINATION,Regulation Of Double Strand Break Repair Via Homologous Recombination,DOWN,73,0,13874,0,1.0,,,1.0
GO_BP,GOBP_REGULATION_OF_DOUBLE_STRAND_BREAK_REPAIR_VIA_NONHOMOLOGOUS_END_JOINING,Regulation Of Double Strand Break Repair Via Nonhomologous End Joining,DOWN,28,0,13874,0,1.0,,,1.0
GO_BP,GOBP_REGULATION_OF_D_GLUCOSE_IMPORT,Regulation Of D Glucose Import,DOWN,38,0,13874,0,1.0,,,1.0
GO_BP,GOBP_REGULATION_OF_D_GLUCOSE_TRANSMEMBRANE_TRANSPORT,Regulation Of D Glucose Transmembrane Transport,DOWN,51,0,13874,0,1.0,,,1.0
GO_BP,GOBP_REGULATION_OF_EARLY_ENDOSOME_TO_LATE_ENDOSOME_TRANSPORT,Regulation Of Early Endosome To Late Endosome Transport,DOWN,19,0,13874,0,1.0,,,1.0
GO_BP,GOBP_REGULATION_OF_EMBRYONIC_DEVELOPMENT,Regulation Of Embryonic Development,DOWN,78,0,13874,0,1.0,,,1.0
GO_BP,GOBP_REGULATION_OF_ENDOCRINE_PROCESS,Regulation Of Endocrine Process,DOWN,19,0,13874,0,1.0,,,1.0
GO_BP,GOBP_REGULATION_OF_ENDOCYTIC_RECYCLING,Regulation Of Endocytic Recycling,DOWN,18,0,13874,0,1.0,,,1.0
GO_BP,GOBP_REGULATION_OF_ENDOCYTOSIS,Regulation Of Endocytosis,DOWN,221,0,13874,0,1.0,,,1.0
GO_BP,GOBP_REGULATION_OF_ENDOPLASMIC_RETICULUM_STRESS_INDUCED_INTRINSIC_APOPTOTIC_SIGNALING_PATHWAY,Regulation Of Endoplasmic Reticulum Stress Induced Intrinsic Apoptotic Signaling Pathway,DOWN,32,0,13874,0,1.0,,,1.0
GO_BP,GOBP_REGULATION_OF_ENDOPLASMIC_RETICULUM_UNFOLDED_PROTEIN_RESPONSE,Regulation Of Endoplasmic Reticulum Unfolded Protein Response,DOWN,36,0,13874,0,1.0,,,1.0
GO_BP,GOBP_REGULATION_OF_ENDOTHELIAL_CELL_DIFFERENTIATION,Regulation Of Endothelial Cell Differentiation,DOWN,26,0,13874,0,1.0,,,1.0
GO_BP,GOBP_REGULATION_OF_ENDOTHELIAL_CELL_MIGRATION,Regulation Of Endothelial Cell Migration,DOWN,140,0,13874,0,1.0,,,1.0
GO_BP,GOBP_REGULATION_OF_EPIDERMIS_DEVELOPMENT,Regulation Of Epidermis Development,DOWN,41,0,13874,0,1.0,,,1.0
GO_BP,GOBP_REGULATION_OF_EPITHELIAL_CELL_APOPTOTIC_PROCESS,Regulation Of Epithelial Cell Apoptotic Process,DOWN,27,0,13874,0,1.0,,,1.0
GO_BP,GOBP_REGULATION_OF_EPITHELIAL_CELL_DIFFERENTIATION,Regulation Of Epithelial Cell Differentiation,DOWN,92,0,13874,0,1.0,,,1.0
GO_BP,GOBP_REGULATION_OF_EPITHELIAL_CELL_MIGRATION,Regulation Of Epithelial Cell Migration,DOWN,51,0,13874,0,1.0,,,1.0
GO_BP,GOBP_REGULATION_OF_EPITHELIAL_CELL_PROLIFERATION,Regulation Of Epithelial Cell Proliferation,DOWN,230,0,13874,0,1.0,,,1.0
GO_BP,GOBP_REGULATION_OF_EPITHELIAL_TO_MESENCHYMAL_TRANSITION,Regulation Of Epithelial To Mesenchymal Transition,DOWN,79,0,13874,0,1.0,,,1.0
GO_BP,GOBP_REGULATION_OF_ERAD_PATHWAY,Regulation Of Erad Pathway,DOWN,24,0,13874,0,1.0,,,1.0
GO_BP,GOBP_REGULATION_OF_ERBB_SIGNALING_PATHWAY,Regulation Of Erbb Signaling Pathway,DOWN,62,0,13874,0,1.0,,,1.0
GO_BP,GOBP_REGULATION_OF_ERYTHROCYTE_DIFFERENTIATION,Regulation Of Erythrocyte Differentiation,DOWN,46,0,13874,0,1.0,,,1.0
GO_BP,GOBP_REGULATION_OF_ER_TO_GOLGI_VESICLE_MEDIATED_TRANSPORT,Regulation Of Er To Golgi Vesicle Mediated Transport,DOWN,21,0,13874,0,1.0,,,1.0
GO_BP,GOBP_REGULATION_OF_ESTABLISHMENT_OF_PROTEIN_LOCALIZATION,Regulation Of Establishment Of Protein Localization,DOWN,394,0,13874,0,1.0,,,1.0
GO_BP,GOBP_REGULATION_OF_ESTABLISHMENT_OF_PROTEIN_LOCALIZATION_TO_MITOCHONDRION,Regulation Of Establishment Of Protein Localization To Mitochondrion,DOWN,47,0,13874,0,1.0,,,1.0
GO_BP,GOBP_REGULATION_OF_ESTABLISHMENT_OR_MAINTENANCE_OF_CELL_POLARITY,Regulation Of Establishment Or Maintenance Of Cell Polarity,DOWN,22,0,13874,0,1.0,,,1.0
GO_BP,GOBP_REGULATION_OF_EXECUTION_PHASE_OF_APOPTOSIS,Regulation Of Execution Phase Of Apoptosis,DOWN,21,0,13874,0,1.0,,,1.0
GO_BP,GOBP_REGULATION_OF_EXOCYTOSIS,Regulation Of Exocytosis,DOWN,119,0,13874,0,1.0,,,1.0
GO_BP,GOBP_REGULATION_OF_EXOSOMAL_SECRETION,Regulation Of Exosomal Secretion,DOWN,17,0,13874,0,1.0,,,1.0
GO_BP,GOBP_REGULATION_OF_EXTENT_OF_CELL_GROWTH,Regulation Of Extent Of Cell Growth,DOWN,76,0,13874,0,1.0,,,1.0
GO_BP,GOBP_REGULATION_OF_EXTRACELLULAR_MATRIX_DISASSEMBLY,Regulation Of Extracellular Matrix Disassembly,DOWN,17,0,13874,0,1.0,,,1.0
GO_BP,GOBP_REGULATION_OF_EXTRACELLULAR_MATRIX_ORGANIZATION,Regulation Of Extracellular Matrix Organization,DOWN,55,0,13874,0,1.0,,,1.0
GO_BP,GOBP_REGULATION_OF_EXTRINSIC_APOPTOTIC_SIGNALING_PATHWAY,Regulation Of Extrinsic Apoptotic Signaling Pathway,DOWN,127,0,13874,0,1.0,,,1.0
GO_BP,GOBP_REGULATION_OF_EXTRINSIC_APOPTOTIC_SIGNALING_PATHWAY_IN_ABSENCE_OF_LIGAND,Regulation Of Extrinsic Apoptotic Signaling Pathway In Absence Of Ligand,DOWN,34,0,13874,0,1.0,,,1.0
GO_BP,GOBP_REGULATION_OF_EXTRINSIC_APOPTOTIC_SIGNALING_PATHWAY_VIA_DEATH_DOMAIN_RECEPTORS,Regulation Of Extrinsic Apoptotic Signaling Pathway Via Death Domain Receptors,DOWN,39,0,13874,0,1.0,,,1.0
GO_BP,GOBP_REGULATION_OF_FATTY_ACID_BETA_OXIDATION,Regulation Of Fatty Acid Beta Oxidation,DOWN,15,0,13874,0,1.0,,,1.0
GO_BP,GOBP_REGULATION_OF_FATTY_ACID_BIOSYNTHETIC_PROCESS,Regulation Of Fatty Acid Biosynthetic Process,DOWN,32,0,13874,0,1.0,,,1.0
GO_BP,GOBP_REGULATION_OF_FATTY_ACID_METABOLIC_PROCESS,Regulation Of Fatty Acid Metabolic Process,DOWN,69,0,13874,0,1.0,,,1.0
GO_BP,GOBP_REGULATION_OF_FATTY_ACID_OXIDATION,Regulation Of Fatty Acid Oxidation,DOWN,28,0,13874,0,1.0,,,1.0
GO_BP,GOBP_REGULATION_OF_FATTY_ACID_TRANSPORT,Regulation Of Fatty Acid Transport,DOWN,18,0,13874,0,1.0,,,1.0
GO_BP,GOBP_REGULATION_OF_FAT_CELL_DIFFERENTIATION,Regulation Of Fat Cell Differentiation,DOWN,105,0,13874,0,1.0,,,1.0
GO_BP,GOBP_REGULATION_OF_FIBROBLAST_GROWTH_FACTOR_RECEPTOR_SIGNALING_PATHWAY,Regulation Of Fibroblast Growth Factor Receptor Signaling Pathway,DOWN,23,0,13874,0,1.0,,,1.0
GO_BP,GOBP_REGULATION_OF_FIBROBLAST_MIGRATION,Regulation Of Fibroblast Migration,DOWN,32,0,13874,0,1.0,,,1.0
GO_BP,GOBP_REGULATION_OF_FILOPODIUM_ASSEMBLY,Regulation Of Filopodium Assembly,DOWN,33,0,13874,0,1.0,,,1.0
GO_BP,GOBP_REGULATION_OF_GENERATION_OF_PRECURSOR_METABOLITES_AND_ENERGY,Regulation Of Generation Of Precursor Metabolites And Energy,DOWN,104,0,13874,0,1.0,,,1.0
GO_BP,GOBP_REGULATION_OF_GENE_SILENCING_BY_REGULATORY_NCRNA,Regulation Of Gene Silencing By Regulatory Ncrna,DOWN,32,0,13874,0,1.0,,,1.0
GO_BP,GOBP_REGULATION_OF_GLIAL_CELL_DIFFERENTIATION,Regulation Of Glial Cell Differentiation,DOWN,39,0,13874,0,1.0,,,1.0
GO_BP,GOBP_REGULATION_OF_GLIAL_CELL_PROLIFERATION,Regulation Of Glial Cell Proliferation,DOWN,20,0,13874,0,1.0,,,1.0
GO_BP,GOBP_REGULATION_OF_GLIOGENESIS,Regulation Of Gliogenesis,DOWN,54,0,13874,0,1.0,,,1.0
GO_BP,GOBP_REGULATION_OF_GLUCONEOGENESIS,Regulation Of Gluconeogenesis,DOWN,41,0,13874,0,1.0,,,1.0
GO_BP,GOBP_REGULATION_OF_GLUCOSE_METABOLIC_PROCESS,Regulation Of Glucose Metabolic Process,DOWN,78,0,13874,0,1.0,,,1.0
GO_BP,GOBP_REGULATION_OF_GLYCOGEN_BIOSYNTHETIC_PROCESS,Regulation Of Glycogen Biosynthetic Process,DOWN,22,0,13874,0,1.0,,,1.0
GO_BP,GOBP_REGULATION_OF_GLYCOGEN_METABOLIC_PROCESS,Regulation Of Glycogen Metabolic Process,DOWN,26,0,13874,0,1.0,,,1.0
GO_BP,GOBP_REGULATION_OF_GLYCOLYTIC_PROCESS,Regulation Of Glycolytic Process,DOWN,39,0,13874,0,1.0,,,1.0
GO_BP,GOBP_REGULATION_OF_GLYCOPROTEIN_METABOLIC_PROCESS,Regulation Of Glycoprotein Metabolic Process,DOWN,34,0,13874,0,1.0,,,1.0
GO_BP,GOBP_REGULATION_OF_GOLGI_ORGANIZATION,Regulation Of Golgi Organization,DOWN,16,0,13874,0,1.0,,,1.0
GO_BP,GOBP_REGULATION_OF_GRANULOCYTE_CHEMOTAXIS,Regulation Of Granulocyte Chemotaxis,DOWN,32,0,13874,0,1.0,,,1.0
GO_BP,GOBP_REGULATION_OF_GROWTH,Regulation Of Growth,DOWN,436,0,13874,0,1.0,,,1.0
GO_BP,GOBP_REGULATION_OF_GTPASE_ACTIVITY,Regulation Of Gtpase Activity,DOWN,97,0,13874,0,1.0,,,1.0
GO_BP,GOBP_REGULATION_OF_G_PROTEIN_COUPLED_RECEPTOR_SIGNALING_PATHWAY,Regulation Of G Protein Coupled Receptor Signaling Pathway,DOWN,98,0,13874,0,1.0,,,1.0
GO_BP,GOBP_REGULATION_OF_HAIR_CYCLE,Regulation Of Hair Cycle,DOWN,20,0,13874,0,1.0,,,1.0
GO_BP,GOBP_REGULATION_OF_HEART_CONTRACTION,Regulation Of Heart Contraction,DOWN,109,0,13874,0,1.0,,,1.0
GO_BP,GOBP_REGULATION_OF_HEART_GROWTH,Regulation Of Heart Growth,DOWN,38,0,13874,0,1.0,,,1.0
GO_BP,GOBP_REGULATION_OF_HEART_RATE,Regulation Of Heart Rate,DOWN,49,0,13874,0,1.0,,,1.0
GO_BP,GOBP_REGULATION_OF_HEART_RATE_BY_CARDIAC_CONDUCTION,Regulation Of Heart Rate By Cardiac Conduction,DOWN,20,0,13874,0,1.0,,,1.0
GO_BP,GOBP_REGULATION_OF_HEMATOPOIETIC_PROGENITOR_CELL_DIFFERENTIATION,Regulation Of Hematopoietic Progenitor Cell Differentiation,DOWN,30,0,13874,0,1.0,,,1.0
GO_BP,GOBP_REGULATION_OF_HEMATOPOIETIC_STEM_CELL_DIFFERENTIATION,Regulation Of Hematopoietic Stem Cell Differentiation,DOWN,15,0,13874,0,1.0,,,1.0
GO_BP,GOBP_REGULATION_OF_HEMOPOIESIS,Regulation Of Hemopoiesis,DOWN,309,0,13874,0,1.0,,,1.0
GO_BP,GOBP_REGULATION_OF_HIPPO_SIGNALING,Regulation Of Hippo Signaling,DOWN,38,0,13874,0,1.0,,,1.0
GO_BP,GOBP_REGULATION_OF_HOMOTYPIC_CELL_CELL_ADHESION,Regulation Of Homotypic Cell Cell Adhesion,DOWN,27,0,13874,0,1.0,,,1.0
GO_BP,GOBP_REGULATION_OF_HORMONE_BIOSYNTHETIC_PROCESS,Regulation Of Hormone Biosynthetic Process,DOWN,19,0,13874,0,1.0,,,1.0
GO_BP,GOBP_REGULATION_OF_HORMONE_LEVELS,Regulation Of Hormone Levels,DOWN,308,0,13874,0,1.0,,,1.0
GO_BP,GOBP_REGULATION_OF_HORMONE_METABOLIC_PROCESS,Regulation Of Hormone Metabolic Process,DOWN,28,0,13874,0,1.0,,,1.0
GO_BP,GOBP_REGULATION_OF_HORMONE_SECRETION,Regulation Of Hormone Secretion,DOWN,140,0,13874,0,1.0,,,1.0
GO_BP,GOBP_REGULATION_OF_HUMORAL_IMMUNE_RESPONSE,Regulation Of Humoral Immune Response,DOWN,18,0,13874,0,1.0,,,1.0
GO_BP,GOBP_REGULATION_OF_HYDROLASE_ACTIVITY,Regulation Of Hydrolase Activity,DOWN,120,0,13874,0,1.0,,,1.0
GO_BP,GOBP_REGULATION_OF_IMMUNE_EFFECTOR_PROCESS,Regulation Of Immune Effector Process,DOWN,214,0,13874,0,1.0,,,1.0
GO_BP,GOBP_REGULATION_OF_IMMUNOGLOBULIN_PRODUCTION,Regulation Of Immunoglobulin Production,DOWN,49,0,13874,0,1.0,,,1.0
GO_BP,GOBP_REGULATION_OF_INCLUSION_BODY_ASSEMBLY,Regulation Of Inclusion Body Assembly,DOWN,18,0,13874,0,1.0,,,1.0
GO_BP,GOBP_REGULATION_OF_INFLAMMASOME_MEDIATED_SIGNALING_PATHWAY,Regulation Of Inflammasome Mediated Signaling Pathway,DOWN,41,0,13874,0,1.0,,,1.0
GO_BP,GOBP_REGULATION_OF_INFLAMMATORY_RESPONSE,Regulation Of Inflammatory Response,DOWN,261,0,13874,0,1.0,,,1.0
GO_BP,GOBP_REGULATION_OF_INFLAMMATORY_RESPONSE_TO_ANTIGENIC_STIMULUS,Regulation Of Inflammatory Response To Antigenic Stimulus,DOWN,27,0,13874,0,1.0,,,1.0
GO_BP,GOBP_REGULATION_OF_INNATE_IMMUNE_RESPONSE,Regulation Of Innate Immune Response,DOWN,344,0,13874,0,1.0,,,1.0
GO_BP,GOBP_REGULATION_OF_INSULIN_RECEPTOR_SIGNALING_PATHWAY,Regulation Of Insulin Receptor Signaling Pathway,DOWN,49,0,13874,0,1.0,,,1.0
GO_BP,GOBP_REGULATION_OF_INSULIN_SECRETION,Regulation Of Insulin Secretion,DOWN,98,0,13874,0,1.0,,,1.0
GO_BP,GOBP_REGULATION_OF_INTEGRIN_MEDIATED_SIGNALING_PATHWAY,Regulation Of Integrin Mediated Signaling Pathway,DOWN,21,0,13874,0,1.0,,,1.0
GO_BP,GOBP_REGULATION_OF_INTRACELLULAR_ESTROGEN_RECEPTOR_SIGNALING_PATHWAY,Regulation Of Intracellular Estrogen Receptor Signaling Pathway,DOWN,32,0,13874,0,1.0,,,1.0
GO_BP,GOBP_REGULATION_OF_INTRACELLULAR_PROTEIN_TRANSPORT,Regulation Of Intracellular Protein Transport,DOWN,136,0,13874,0,1.0,,,1.0
GO_BP,GOBP_REGULATION_OF_INTRACELLULAR_STEROID_HORMONE_RECEPTOR_SIGNALING_PATHWAY,Regulation Of Intracellular Steroid Hormone Receptor Signaling Pathway,DOWN,68,0,13874,0,1.0,,,1.0
GO_BP,GOBP_REGULATION_OF_INTRACELLULAR_TRANSPORT,Regulation Of Intracellular Transport,DOWN,242,0,13874,0,1.0,,,1.0
GO_BP,GOBP_REGULATION_OF_INTRINSIC_APOPTOTIC_SIGNALING_PATHWAY,Regulation Of Intrinsic Apoptotic Signaling Pathway,DOWN,156,0,13874,0,1.0,,,1.0
GO_BP,GOBP_REGULATION_OF_INTRINSIC_APOPTOTIC_SIGNALING_PATHWAY_BY_P53_CLASS_MEDIATOR,Regulation Of Intrinsic Apoptotic Signaling Pathway By P53 Class Mediator,DOWN,28,0,13874,0,1.0,,,1.0
GO_BP,GOBP_REGULATION_OF_INTRINSIC_APOPTOTIC_SIGNALING_PATHWAY_IN_RESPONSE_TO_DNA_DAMAGE,Regulation Of Intrinsic Apoptotic Signaling Pathway In Response To Dna Damage,DOWN,35,0,13874,0,1.0,,,1.0
GO_BP,GOBP_REGULATION_OF_IRE1_MEDIATED_UNFOLDED_PROTEIN_RESPONSE,Regulation Of Ire1 Mediated Unfolded Protein Response,DOWN,15,0,13874,0,1.0,,,1.0
GO_BP,GOBP_REGULATION_OF_ISOTYPE_SWITCHING,Regulation Of Isotype Switching,DOWN,30,0,13874,0,1.0,,,1.0
GO_BP,GOBP_REGULATION_OF_JNK_CASCADE,Regulation Of Jnk Cascade,DOWN,109,0,13874,0,1.0,,,1.0
GO_BP,GOBP_REGULATION_OF_JUN_KINASE_ACTIVITY,Regulation Of Jun Kinase Activity,DOWN,16,0,13874,0,1.0,,,1.0
GO_BP,GOBP_REGULATION_OF_KERATINOCYTE_DIFFERENTIATION,Regulation Of Keratinocyte Differentiation,DOWN,24,0,13874,0,1.0,,,1.0
GO_BP,GOBP_REGULATION_OF_KERATINOCYTE_PROLIFERATION,Regulation Of Keratinocyte Proliferation,DOWN,25,0,13874,0,1.0,,,1.0
GO_BP,GOBP_REGULATION_OF_KETONE_BIOSYNTHETIC_PROCESS,Regulation Of Ketone Biosynthetic Process,DOWN,17,0,13874,0,1.0,,,1.0
GO_BP,GOBP_REGULATION_OF_KETONE_METABOLIC_PROCESS,Regulation Of Ketone Metabolic Process,DOWN,92,0,13874,0,1.0,,,1.0
GO_BP,GOBP_REGULATION_OF_KIDNEY_DEVELOPMENT,Regulation Of Kidney Development,DOWN,23,0,13874,0,1.0,,,1.0
GO_BP,GOBP_REGULATION_OF_KINASE_ACTIVITY,Regulation Of Kinase Activity,DOWN,204,0,13874,0,1.0,,,1.0
GO_BP,GOBP_REGULATION_OF_LAMELLIPODIUM_ASSEMBLY,Regulation Of Lamellipodium Assembly,DOWN,30,0,13874,0,1.0,,,1.0
GO_BP,GOBP_REGULATION_OF_LAMELLIPODIUM_ORGANIZATION,Regulation Of Lamellipodium Organization,DOWN,43,0,13874,0,1.0,,,1.0
GO_BP,GOBP_REGULATION_OF_LEUKOCYTE_ADHESION_TO_VASCULAR_ENDOTHELIAL_CELL,Regulation Of Leukocyte Adhesion To Vascular Endothelial Cell,DOWN,20,0,13874,0,1.0,,,1.0
GO_BP,GOBP_REGULATION_OF_LEUKOCYTE_APOPTOTIC_PROCESS,Regulation Of Leukocyte Apoptotic Process,DOWN,52,0,13874,0,1.0,,,1.0
GO_BP,GOBP_REGULATION_OF_LEUKOCYTE_CHEMOTAXIS,Regulation Of Leukocyte Chemotaxis,DOWN,73,0,13874,0,1.0,,,1.0
GO_BP,GOBP_REGULATION_OF_LEUKOCYTE_DEGRANULATION,Regulation Of Leukocyte Degranulation,DOWN,23,0,13874,0,1.0,,,1.0
GO_BP,GOBP_REGULATION_OF_LEUKOCYTE_DIFFERENTIATION,Regulation Of Leukocyte Differentiation,DOWN,229,0,13874,0,1.0,,,1.0
GO_BP,GOBP_REGULATION_OF_LEUKOCYTE_MEDIATED_IMMUNITY,Regulation Of Leukocyte Mediated Immunity,DOWN,137,0,13874,0,1.0,,,1.0
GO_BP,GOBP_REGULATION_OF_LEUKOCYTE_MIGRATION,Regulation Of Leukocyte Migration,DOWN,136,0,13874,0,1.0,,,1.0
GO_BP,GOBP_REGULATION_OF_LEUKOCYTE_PROLIFERATION,Regulation Of Leukocyte Proliferation,DOWN,138,0,13874,0,1.0,,,1.0
GO_BP,GOBP_REGULATION_OF_LIPID_BIOSYNTHETIC_PROCESS,Regulation Of Lipid Biosynthetic Process,DOWN,127,0,13874,0,1.0,,,1.0
GO_BP,GOBP_REGULATION_OF_LIPID_CATABOLIC_PROCESS,Regulation Of Lipid Catabolic Process,DOWN,36,0,13874,0,1.0,,,1.0
GO_BP,GOBP_REGULATION_OF_LIPID_LOCALIZATION,Regulation Of Lipid Localization,DOWN,96,0,13874,0,1.0,,,1.0
GO_BP,GOBP_REGULATION_OF_LIPID_METABOLIC_PROCESS,Regulation Of Lipid Metabolic Process,DOWN,223,0,13874,0,1.0,,,1.0
GO_BP,GOBP_REGULATION_OF_LIPID_STORAGE,Regulation Of Lipid Storage,DOWN,30,0,13874,0,1.0,,,1.0
GO_BP,GOBP_REGULATION_OF_LIPOPOLYSACCHARIDE_MEDIATED_SIGNALING_PATHWAY,Regulation Of Lipopolysaccharide Mediated Signaling Pathway,DOWN,19,0,13874,0,1.0,,,1.0
GO_BP,GOBP_REGULATION_OF_LONG_TERM_NEURONAL_SYNAPTIC_PLASTICITY,Regulation Of Long Term Neuronal Synaptic Plasticity,DOWN,20,0,13874,0,1.0,,,1.0
GO_BP,GOBP_REGULATION_OF_LONG_TERM_SYNAPTIC_POTENTIATION,Regulation Of Long Term Synaptic Potentiation,DOWN,28,0,13874,0,1.0,,,1.0
GO_BP,GOBP_REGULATION_OF_LYMPHOCYTE_ACTIVATION,Regulation Of Lymphocyte Activation,DOWN,329,0,13874,0,1.0,,,1.0
GO_BP,GOBP_REGULATION_OF_LYMPHOCYTE_APOPTOTIC_PROCESS,Regulation Of Lymphocyte Apoptotic Process,DOWN,33,0,13874,0,1.0,,,1.0
GO_BP,GOBP_REGULATION_OF_LYMPHOCYTE_DIFFERENTIATION,Regulation Of Lymphocyte Differentiation,DOWN,155,0,13874,0,1.0,,,1.0
GO_BP,GOBP_REGULATION_OF_LYMPHOCYTE_MEDIATED_IMMUNITY,Regulation Of Lymphocyte Mediated Immunity,DOWN,104,0,13874,0,1.0,,,1.0
GO_BP,GOBP_REGULATION_OF_LYMPHOCYTE_MIGRATION,Regulation Of Lymphocyte Migration,DOWN,42,0,13874,0,1.0,,,1.0
GO_BP,GOBP_REGULATION_OF_LYSOSOMAL_LUMEN_PH,Regulation Of Lysosomal Lumen Ph,DOWN,26,0,13874,0,1.0,,,1.0
GO_BP,GOBP_REGULATION_OF_MACROAUTOPHAGY,Regulation Of Macroautophagy,DOWN,180,0,13874,0,1.0,,,1.0
GO_BP,GOBP_REGULATION_OF_MACROPHAGE_ACTIVATION,Regulation Of Macrophage Activation,DOWN,31,0,13874,0,1.0,,,1.0
GO_BP,GOBP_REGULATION_OF_MACROPHAGE_CHEMOTAXIS,Regulation Of Macrophage Chemotaxis,DOWN,17,0,13874,0,1.0,,,1.0
GO_BP,GOBP_REGULATION_OF_MACROPHAGE_DERIVED_FOAM_CELL_DIFFERENTIATION,Regulation Of Macrophage Derived Foam Cell Differentiation,DOWN,16,0,13874,0,1.0,,,1.0
GO_BP,GOBP_REGULATION_OF_MACROPHAGE_DIFFERENTIATION,Regulation Of Macrophage Differentiation,DOWN,18,0,13874,0,1.0,,,1.0
GO_BP,GOBP_REGULATION_OF_MACROPHAGE_MIGRATION,Regulation Of Macrophage Migration,DOWN,23,0,13874,0,1.0,,,1.0
GO_BP,GOBP_REGULATION_OF_MAP_KINASE_ACTIVITY,Regulation Of Map Kinase Activity,DOWN,48,0,13874,0,1.0,,,1.0
GO_BP,GOBP_REGULATION_OF_MAST_CELL_DEGRANULATION,Regulation Of Mast Cell Degranulation,DOWN,16,0,13874,0,1.0,,,1.0
GO_BP,GOBP_REGULATION_OF_MEGAKARYOCYTE_DIFFERENTIATION,Regulation Of Megakaryocyte Differentiation,DOWN,23,0,13874,0,1.0,,,1.0
GO_BP,GOBP_REGULATION_OF_MEIOTIC_CELL_CYCLE,Regulation Of Meiotic Cell Cycle,DOWN,48,0,13874,0,1.0,,,1.0
GO_BP,GOBP_REGULATION_OF_MEIOTIC_NUCLEAR_DIVISION,Regulation Of Meiotic Nuclear Division,DOWN,19,0,13874,0,1.0,,,1.0
GO_BP,GOBP_REGULATION_OF_MEMBRANE_DEPOLARIZATION,Regulation Of Membrane Depolarization,DOWN,34,0,13874,0,1.0,,,1.0
GO_BP,GOBP_REGULATION_OF_MEMBRANE_LIPID_DISTRIBUTION,Regulation Of Membrane Lipid Distribution,DOWN,49,0,13874,0,1.0,,,1.0
GO_BP,GOBP_REGULATION_OF_MEMBRANE_PERMEABILITY,Regulation Of Membrane Permeability,DOWN,57,0,13874,0,1.0,,,1.0
GO_BP,GOBP_REGULATION_OF_MEMBRANE_POTENTIAL,Regulation Of Membrane Potential,DOWN,233,0,13874,0,1.0,,,1.0
GO_BP,GOBP_REGULATION_OF_MEMBRANE_PROTEIN_ECTODOMAIN_PROTEOLYSIS,Regulation Of Membrane Protein Ectodomain Proteolysis,DOWN,21,0,13874,0,1.0,,,1.0
GO_BP,GOBP_REGULATION_OF_MEMBRANE_REPOLARIZATION,Regulation Of Membrane Repolarization,DOWN,20,0,13874,0,1.0,,,1.0
GO_BP,GOBP_REGULATION_OF_MESENCHYMAL_CELL_PROLIFERATION,Regulation Of Mesenchymal Cell Proliferation,DOWN,28,0,13874,0,1.0,,,1.0
GO_BP,GOBP_REGULATION_OF_MICROTUBULE_BASED_MOVEMENT,Regulation Of Microtubule Based Movement,DOWN,28,0,13874,0,1.0,,,1.0
GO_BP,GOBP_REGULATION_OF_MICROTUBULE_BASED_PROCESS,Regulation Of Microtubule Based Process,DOWN,215,0,13874,0,1.0,,,1.0
GO_BP,GOBP_REGULATION_OF_MICROTUBULE_CYTOSKELETON_ORGANIZATION,Regulation Of Microtubule Cytoskeleton Organization,DOWN,145,0,13874,0,1.0,,,1.0
GO_BP,GOBP_REGULATION_OF_MICROTUBULE_DEPOLYMERIZATION,Regulation Of Microtubule Depolymerization,DOWN,32,0,13874,0,1.0,,,1.0
GO_BP,GOBP_REGULATION_OF_MICROTUBULE_NUCLEATION,Regulation Of Microtubule Nucleation,DOWN,19,0,13874,0,1.0,,,1.0
GO_BP,GOBP_REGULATION_OF_MICROTUBULE_POLYMERIZATION,Regulation Of Microtubule Polymerization,DOWN,56,0,13874,0,1.0,,,1.0
GO_BP,GOBP_REGULATION_OF_MICROTUBULE_POLYMERIZATION_OR_DEPOLYMERIZATION,Regulation Of Microtubule Polymerization Or Depolymerization,DOWN,85,0,13874,0,1.0,,,1.0
GO_BP,GOBP_REGULATION_OF_MIRNA_METABOLIC_PROCESS,Regulation Of Mirna Metabolic Process,DOWN,69,0,13874,0,1.0,,,1.0
GO_BP,GOBP_REGULATION_OF_MITOCHONDRIAL_DEPOLARIZATION,Regulation Of Mitochondrial Depolarization,DOWN,15,0,13874,0,1.0,,,1.0
GO_BP,GOBP_REGULATION_OF_MITOCHONDRIAL_FISSION,Regulation Of Mitochondrial Fission,DOWN,29,0,13874,0,1.0,,,1.0
GO_BP,GOBP_REGULATION_OF_MITOCHONDRIAL_GENE_EXPRESSION,Regulation Of Mitochondrial Gene Expression,DOWN,31,0,13874,0,1.0,,,1.0
GO_BP,GOBP_REGULATION_OF_MITOCHONDRIAL_MEMBRANE_PERMEABILITY,Regulation Of Mitochondrial Membrane Permeability,DOWN,48,0,13874,0,1.0,,,1.0
GO_BP,GOBP_REGULATION_OF_MITOCHONDRIAL_MEMBRANE_PERMEABILITY_INVOLVED_IN_APOPTOTIC_PROCESS,Regulation Of Mitochondrial Membrane Permeability Involved In Apoptotic Process,DOWN,38,0,13874,0,1.0,,,1.0
GO_BP,GOBP_REGULATION_OF_MITOCHONDRIAL_MEMBRANE_POTENTIAL,Regulation Of Mitochondrial Membrane Potential,DOWN,60,0,13874,0,1.0,,,1.0
GO_BP,GOBP_REGULATION_OF_MITOCHONDRIAL_OUTER_MEMBRANE_PERMEABILIZATION_INVOLVED_IN_APOPTOTIC_SIGNALING_PATHWAY,Regulation Of Mitochondrial Outer Membrane Permeabilization Involved In Apoptotic Signaling Pathway,DOWN,20,0,13874,0,1.0,,,1.0
GO_BP,GOBP_REGULATION_OF_MITOCHONDRIAL_TRANSLATION,Regulation Of Mitochondrial Translation,DOWN,22,0,13874,0,1.0,,,1.0
GO_BP,GOBP_REGULATION_OF_MITOCHONDRION_ORGANIZATION,Regulation Of Mitochondrion Organization,DOWN,104,0,13874,0,1.0,,,1.0
GO_BP,GOBP_REGULATION_OF_MITOTIC_CELL_CYCLE,Regulation Of Mitotic Cell Cycle,DOWN,428,0,13874,0,1.0,,,1.0
GO_BP,GOBP_REGULATION_OF_MITOTIC_CELL_CYCLE_PHASE_TRANSITION,Regulation Of Mitotic Cell Cycle Phase Transition,DOWN,299,0,13874,0,1.0,,,1.0
GO_BP,GOBP_REGULATION_OF_MITOTIC_CYTOKINESIS,Regulation Of Mitotic Cytokinesis,DOWN,18,0,13874,0,1.0,,,1.0
GO_BP,GOBP_REGULATION_OF_MITOTIC_NUCLEAR_DIVISION,Regulation Of Mitotic Nuclear Division,DOWN,89,0,13874,0,1.0,,,1.0
GO_BP,GOBP_REGULATION_OF_MITOTIC_SISTER_CHROMATID_SEGREGATION,Regulation Of Mitotic Sister Chromatid Segregation,DOWN,51,0,13874,0,1.0,,,1.0
GO_BP,GOBP_REGULATION_OF_MITOTIC_SPINDLE_ASSEMBLY,Regulation Of Mitotic Spindle Assembly,DOWN,23,0,13874,0,1.0,,,1.0
GO_BP,GOBP_REGULATION_OF_MONOATOMIC_ION_TRANSMEMBRANE_TRANSPORT,Regulation Of Monoatomic Ion Transmembrane Transport,DOWN,158,0,13874,0,1.0,,,1.0
GO_BP,GOBP_REGULATION_OF_MONOATOMIC_ION_TRANSPORT,Regulation Of Monoatomic Ion Transport,DOWN,222,0,13874,0,1.0,,,1.0
GO_BP,GOBP_REGULATION_OF_MONOCYTE_CHEMOTAXIS,Regulation Of Monocyte Chemotaxis,DOWN,17,0,13874,0,1.0,,,1.0
GO_BP,GOBP_REGULATION_OF_MONOCYTE_DIFFERENTIATION,Regulation Of Monocyte Differentiation,DOWN,15,0,13874,0,1.0,,,1.0
GO_BP,GOBP_REGULATION_OF_MONONUCLEAR_CELL_MIGRATION,Regulation Of Mononuclear Cell Migration,DOWN,88,0,13874,0,1.0,,,1.0
GO_BP,GOBP_REGULATION_OF_MORPHOGENESIS_OF_AN_EPITHELIUM,Regulation Of Morphogenesis Of An Epithelium,DOWN,48,0,13874,0,1.0,,,1.0
GO_BP,GOBP_REGULATION_OF_MORPHOGENESIS_OF_A_BRANCHING_STRUCTURE,Regulation Of Morphogenesis Of A Branching Structure,DOWN,40,0,13874,0,1.0,,,1.0
GO_BP,GOBP_REGULATION_OF_MRNA_3_END_PROCESSING,Regulation Of Mrna 3 End Processing,DOWN,16,0,13874,0,1.0,,,1.0
GO_BP,GOBP_REGULATION_OF_MRNA_CATABOLIC_PROCESS,Regulation Of Mrna Catabolic Process,DOWN,186,0,13874,0,1.0,,,1.0
GO_BP,GOBP_REGULATION_OF_MRNA_METABOLIC_PROCESS,Regulation Of Mrna Metabolic Process,DOWN,292,0,13874,0,1.0,,,1.0
GO_BP,GOBP_REGULATION_OF_MRNA_PROCESSING,Regulation Of Mrna Processing,DOWN,126,0,13874,0,1.0,,,1.0
GO_BP,GOBP_REGULATION_OF_MRNA_SPLICING_VIA_SPLICEOSOME,Regulation Of Mrna Splicing Via Spliceosome,DOWN,102,0,13874,0,1.0,,,1.0
GO_BP,GOBP_REGULATION_OF_MULTICELLULAR_ORGANISM_GROWTH,Regulation Of Multicellular Organism Growth,DOWN,47,0,13874,0,1.0,,,1.0
GO_BP,GOBP_REGULATION_OF_MUSCLE_ADAPTATION,Regulation Of Muscle Adaptation,DOWN,56,0,13874,0,1.0,,,1.0
GO_BP,GOBP_REGULATION_OF_MUSCLE_CELL_DIFFERENTIATION,Regulation Of Muscle Cell Differentiation,DOWN,104,0,13874,0,1.0,,,1.0
GO_BP,GOBP_REGULATION_OF_MUSCLE_CONTRACTION,Regulation Of Muscle Contraction,DOWN,94,0,13874,0,1.0,,,1.0
GO_BP,GOBP_REGULATION_OF_MUSCLE_HYPERTROPHY,Regulation Of Muscle Hypertrophy,DOWN,43,0,13874,0,1.0,,,1.0
GO_BP,GOBP_REGULATION_OF_MUSCLE_ORGAN_DEVELOPMENT,Regulation Of Muscle Organ Development,DOWN,27,0,13874,0,1.0,,,1.0
GO_BP,GOBP_REGULATION_OF_MUSCLE_SYSTEM_PROCESS,Regulation Of Muscle System Process,DOWN,143,0,13874,0,1.0,,,1.0
GO_BP,GOBP_REGULATION_OF_MYELINATION,Regulation Of Myelination,DOWN,29,0,13874,0,1.0,,,1.0
GO_BP,GOBP_REGULATION_OF_MYELOID_CELL_DIFFERENTIATION,Regulation Of Myeloid Cell Differentiation,DOWN,158,0,13874,0,1.0,,,1.0
GO_BP,GOBP_REGULATION_OF_MYELOID_LEUKOCYTE_DIFFERENTIATION,Regulation Of Myeloid Leukocyte Differentiation,DOWN,82,0,13874,0,1.0,,,1.0
GO_BP,GOBP_REGULATION_OF_MYELOID_LEUKOCYTE_MEDIATED_IMMUNITY,Regulation Of Myeloid Leukocyte Mediated Immunity,DOWN,30,0,13874,0,1.0,,,1.0
GO_BP,GOBP_REGULATION_OF_MYOBLAST_DIFFERENTIATION,Regulation Of Myoblast Differentiation,DOWN,54,0,13874,0,1.0,,,1.0
GO_BP,GOBP_REGULATION_OF_MYOTUBE_DIFFERENTIATION,Regulation Of Myotube Differentiation,DOWN,27,0,13874,0,1.0,,,1.0
GO_BP,GOBP_REGULATION_OF_NATURAL_KILLER_CELL_ACTIVATION,Regulation Of Natural Killer Cell Activation,DOWN,24,0,13874,0,1.0,,,1.0
GO_BP,GOBP_REGULATION_OF_NATURAL_KILLER_CELL_MEDIATED_IMMUNITY,Regulation Of Natural Killer Cell Mediated Immunity,DOWN,25,0,13874,0,1.0,,,1.0
GO_BP,GOBP_REGULATION_OF_NECROPTOTIC_PROCESS,Regulation Of Necroptotic Process,DOWN,28,0,13874,0,1.0,,,1.0
GO_BP,GOBP_REGULATION_OF_NERVOUS_SYSTEM_DEVELOPMENT,Regulation Of Nervous System Development,DOWN,290,0,13874,0,1.0,,,1.0
GO_BP,GOBP_REGULATION_OF_NERVOUS_SYSTEM_PROCESS,Regulation Of Nervous System Process,DOWN,65,0,13874,0,1.0,,,1.0
GO_BP,GOBP_REGULATION_OF_NEURAL_PRECURSOR_CELL_PROLIFERATION,Regulation Of Neural Precursor Cell Proliferation,DOWN,49,0,13874,0,1.0,,,1.0
GO_BP,GOBP_REGULATION_OF_NEUROBLAST_PROLIFERATION,Regulation Of Neuroblast Proliferation,DOWN,19,0,13874,0,1.0,,,1.0
GO_BP,GOBP_REGULATION_OF_NEUROGENESIS,Regulation Of Neurogenesis,DOWN,245,0,13874,0,1.0,,,1.0
GO_BP,GOBP_REGULATION_OF_NEUROINFLAMMATORY_RESPONSE,Regulation Of Neuroinflammatory Response,DOWN,19,0,13874,0,1.0,,,1.0
GO_BP,GOBP_REGULATION_OF_NEURONAL_SYNAPTIC_PLASTICITY,Regulation Of Neuronal Synaptic Plasticity,DOWN,37,0,13874,0,1.0,,,1.0
GO_BP,GOBP_REGULATION_OF_NEURON_APOPTOTIC_PROCESS,Regulation Of Neuron Apoptotic Process,DOWN,178,0,13874,0,1.0,,,1.0
GO_BP,GOBP_REGULATION_OF_NEURON_DIFFERENTIATION,Regulation Of Neuron Differentiation,DOWN,103,0,13874,0,1.0,,,1.0
GO_BP,GOBP_REGULATION_OF_NEURON_MIGRATION,Regulation Of Neuron Migration,DOWN,34,0,13874,0,1.0,,,1.0
GO_BP,GOBP_REGULATION_OF_NEURON_PROJECTION_DEVELOPMENT,Regulation Of Neuron Projection Development,DOWN,326,0,13874,0,1.0,,,1.0
GO_BP,GOBP_REGULATION_OF_NEURON_PROJECTION_REGENERATION,Regulation Of Neuron Projection Regeneration,DOWN,24,0,13874,0,1.0,,,1.0
GO_BP,GOBP_REGULATION_OF_NEUROTRANSMITTER_RECEPTOR_ACTIVITY,Regulation Of Neurotransmitter Receptor Activity,DOWN,26,0,13874,0,1.0,,,1.0
GO_BP,GOBP_REGULATION_OF_NEUROTRANSMITTER_SECRETION,Regulation Of Neurotransmitter Secretion,DOWN,55,0,13874,0,1.0,,,1.0
GO_BP,GOBP_REGULATION_OF_NEUROTRANSMITTER_TRANSPORT,Regulation Of Neurotransmitter Transport,DOWN,65,0,13874,0,1.0,,,1.0
GO_BP,GOBP_REGULATION_OF_NEUTROPHIL_CHEMOTAXIS,Regulation Of Neutrophil Chemotaxis,DOWN,21,0,13874,0,1.0,,,1.0
GO_BP,GOBP_REGULATION_OF_NEUTROPHIL_MIGRATION,Regulation Of Neutrophil Migration,DOWN,31,0,13874,0,1.0,,,1.0
GO_BP,GOBP_REGULATION_OF_NITRIC_OXIDE_METABOLIC_PROCESS,Regulation Of Nitric Oxide Metabolic Process,DOWN,44,0,13874,0,1.0,,,1.0
GO_BP,GOBP_REGULATION_OF_NON_CANONICAL_NF_KAPPAB_SIGNAL_TRANSDUCTION,Regulation Of Non Canonical Nf Kappab Signal Transduction,DOWN,65,0,13874,0,1.0,,,1.0
GO_BP,GOBP_REGULATION_OF_NON_CANONICAL_WNT_SIGNALING_PATHWAY,Regulation Of Non Canonical Wnt Signaling Pathway,DOWN,21,0,13874,0,1.0,,,1.0
GO_BP,GOBP_REGULATION_OF_NOTCH_SIGNALING_PATHWAY,Regulation Of Notch Signaling Pathway,DOWN,66,0,13874,0,1.0,,,1.0
GO_BP,GOBP_REGULATION_OF_NUCLEAR_DIVISION,Regulation Of Nuclear Division,DOWN,104,0,13874,0,1.0,,,1.0
GO_BP,GOBP_REGULATION_OF_NUCLEAR_TRANSCRIBED_MRNA_CATABOLIC_PROCESS_DEADENYLATION_DEPENDENT_DECAY,Regulation Of Nuclear Transcribed Mrna Catabolic Process Deadenylation Dependent Decay,DOWN,24,0,13874,0,1.0,,,1.0
GO_BP,GOBP_REGULATION_OF_NUCLEAR_TRANSCRIBED_MRNA_CATABOLIC_PROCESS_NONSENSE_MEDIATED_DECAY,Regulation Of Nuclear Transcribed Mrna Catabolic Process Nonsense Mediated Decay,DOWN,16,0,13874,0,1.0,,,1.0
GO_BP,GOBP_REGULATION_OF_NUCLEAR_TRANSCRIBED_MRNA_POLY_A_TAIL_SHORTENING,Regulation Of Nuclear Transcribed Mrna Poly A Tail Shortening,DOWN,15,0,13874,0,1.0,,,1.0
GO_BP,GOBP_REGULATION_OF_NUCLEOBASE_CONTAINING_COMPOUND_TRANSPORT,Regulation Of Nucleobase Containing Compound Transport,DOWN,17,0,13874,0,1.0,,,1.0
GO_BP,GOBP_REGULATION_OF_NUCLEOCYTOPLASMIC_TRANSPORT,Regulation Of Nucleocytoplasmic Transport,DOWN,106,0,13874,0,1.0,,,1.0
GO_BP,GOBP_REGULATION_OF_NUCLEOTIDE_BIOSYNTHETIC_PROCESS,Regulation Of Nucleotide Biosynthetic Process,DOWN,18,0,13874,0,1.0,,,1.0
GO_BP,GOBP_REGULATION_OF_NUCLEOTIDE_EXCISION_REPAIR,Regulation Of Nucleotide Excision Repair,DOWN,28,0,13874,0,1.0,,,1.0
GO_BP,GOBP_REGULATION_OF_NUCLEOTIDE_METABOLIC_PROCESS,Regulation Of Nucleotide Metabolic Process,DOWN,64,0,13874,0,1.0,,,1.0
GO_BP,GOBP_REGULATION_OF_OLIGODENDROCYTE_DIFFERENTIATION,Regulation Of Oligodendrocyte Differentiation,DOWN,25,0,13874,0,1.0,,,1.0
GO_BP,GOBP_REGULATION_OF_ORGANELLE_ASSEMBLY,Regulation Of Organelle Assembly,DOWN,225,0,13874,0,1.0,,,1.0
GO_BP,GOBP_REGULATION_OF_ORGANIC_ACID_TRANSPORT,Regulation Of Organic Acid Transport,DOWN,37,0,13874,0,1.0,,,1.0
GO_BP,GOBP_REGULATION_OF_ORGAN_GROWTH,Regulation Of Organ Growth,DOWN,59,0,13874,0,1.0,,,1.0
GO_BP,GOBP_REGULATION_OF_OSSIFICATION,Regulation Of Ossification,DOWN,90,0,13874,0,1.0,,,1.0
GO_BP,GOBP_REGULATION_OF_OSTEOBLAST_DIFFERENTIATION,Regulation Of Osteoblast Differentiation,DOWN,103,0,13874,0,1.0,,,1.0
GO_BP,GOBP_REGULATION_OF_OSTEOBLAST_PROLIFERATION,Regulation Of Osteoblast Proliferation,DOWN,19,0,13874,0,1.0,,,1.0
GO_BP,GOBP_REGULATION_OF_OSTEOCLAST_DIFFERENTIATION,Regulation Of Osteoclast Differentiation,DOWN,45,0,13874,0,1.0,,,1.0
GO_BP,GOBP_REGULATION_OF_OXIDATIVE_PHOSPHORYLATION,Regulation Of Oxidative Phosphorylation,DOWN,21,0,13874,0,1.0,,,1.0
GO_BP,GOBP_REGULATION_OF_OXIDATIVE_STRESS_INDUCED_INTRINSIC_APOPTOTIC_SIGNALING_PATHWAY,Regulation Of Oxidative Stress Induced Intrinsic Apoptotic Signaling Pathway,DOWN,34,0,13874,0,1.0,,,1.0
GO_BP,GOBP_REGULATION_OF_P38MAPK_CASCADE,Regulation Of P38Mapk Cascade,DOWN,29,0,13874,0,1.0,,,1.0
GO_BP,GOBP_REGULATION_OF_PATTERN_RECOGNITION_RECEPTOR_SIGNALING_PATHWAY,Regulation Of Pattern Recognition Receptor Signaling Pathway,DOWN,143,0,13874,0,1.0,,,1.0
GO_BP,GOBP_REGULATION_OF_PEPTIDE_TRANSPORT,Regulation Of Peptide Transport,DOWN,109,0,13874,0,1.0,,,1.0
GO_BP,GOBP_REGULATION_OF_PEPTIDYL_SERINE_PHOSPHORYLATION,Regulation Of Peptidyl Serine Phosphorylation,DOWN,23,0,13874,0,1.0,,,1.0
GO_BP,GOBP_REGULATION_OF_PEPTIDYL_TYROSINE_PHOSPHORYLATION,Regulation Of Peptidyl Tyrosine Phosphorylation,DOWN,51,0,13874,0,1.0,,,1.0
GO_BP,GOBP_REGULATION_OF_PERK_MEDIATED_UNFOLDED_PROTEIN_RESPONSE,Regulation Of Perk Mediated Unfolded Protein Response,DOWN,15,0,13874,0,1.0,,,1.0
GO_BP,GOBP_REGULATION_OF_PH,Regulation Of Ph,DOWN,68,0,13874,0,1.0,,,1.0
GO_BP,GOBP_REGULATION_OF_PHAGOCYTOSIS,Regulation Of Phagocytosis,DOWN,58,0,13874,0,1.0,,,1.0
GO_BP,GOBP_REGULATION_OF_PHOSPHOLIPID_METABOLIC_PROCESS,Regulation Of Phospholipid Metabolic Process,DOWN,26,0,13874,0,1.0,,,1.0
GO_BP,GOBP_REGULATION_OF_PHOSPHORUS_METABOLIC_PROCESS,Regulation Of Phosphorus Metabolic Process,DOWN,437,0,13874,0,1.0,,,1.0
GO_BP,GOBP_REGULATION_OF_PHOSPHORYLATION,Regulation Of Phosphorylation,DOWN,331,0,13874,0,1.0,,,1.0
GO_BP,GOBP_REGULATION_OF_PLASMA_LIPOPROTEIN_PARTICLE_LEVELS,Regulation Of Plasma Lipoprotein Particle Levels,DOWN,47,0,13874,0,1.0,,,1.0
GO_BP,GOBP_REGULATION_OF_PLASMA_MEMBRANE_ORGANIZATION,Regulation Of Plasma Membrane Organization,DOWN,15,0,13874,0,1.0,,,1.0
GO_BP,GOBP_REGULATION_OF_PLASMINOGEN_ACTIVATION,Regulation Of Plasminogen Activation,DOWN,15,0,13874,0,1.0,,,1.0
GO_BP,GOBP_REGULATION_OF_PLATELET_ACTIVATION,Regulation Of Platelet Activation,DOWN,34,0,13874,0,1.0,,,1.0
GO_BP,GOBP_REGULATION_OF_PLATELET_AGGREGATION,Regulation Of Platelet Aggregation,DOWN,20,0,13874,0,1.0,,,1.0
GO_BP,GOBP_REGULATION_OF_PLATELET_DERIVED_GROWTH_FACTOR_RECEPTOR_SIGNALING_PATHWAY,Regulation Of Platelet Derived Growth Factor Receptor Signaling Pathway,DOWN,22,0,13874,0,1.0,,,1.0
GO_BP,GOBP_REGULATION_OF_POLYSACCHARIDE_BIOSYNTHETIC_PROCESS,Regulation Of Polysaccharide Biosynthetic Process,DOWN,27,0,13874,0,1.0,,,1.0
GO_BP,GOBP_REGULATION_OF_POLYSACCHARIDE_METABOLIC_PROCESS,Regulation Of Polysaccharide Metabolic Process,DOWN,31,0,13874,0,1.0,,,1.0
GO_BP,GOBP_REGULATION_OF_POSITIVE_CHEMOTAXIS,Regulation Of Positive Chemotaxis,DOWN,17,0,13874,0,1.0,,,1.0
GO_BP,GOBP_REGULATION_OF_POSTSYNAPSE_ASSEMBLY,Regulation Of Postsynapse Assembly,DOWN,35,0,13874,0,1.0,,,1.0
GO_BP,GOBP_REGULATION_OF_POSTSYNAPSE_ORGANIZATION,Regulation Of Postsynapse Organization,DOWN,105,0,13874,0,1.0,,,1.0
GO_BP,GOBP_REGULATION_OF_POSTSYNAPTIC_MEMBRANE_NEUROTRANSMITTER_RECEPTOR_LEVELS,Regulation Of Postsynaptic Membrane Neurotransmitter Receptor Levels,DOWN,79,0,13874,0,1.0,,,1.0
GO_BP,GOBP_REGULATION_OF_POSTSYNAPTIC_MEMBRANE_POTENTIAL,Regulation Of Postsynaptic Membrane Potential,DOWN,65,0,13874,0,1.0,,,1.0
GO_BP,GOBP_REGULATION_OF_POSTSYNAPTIC_NEUROTRANSMITTER_RECEPTOR_INTERNALIZATION,Regulation Of Postsynaptic Neurotransmitter Receptor Internalization,DOWN,20,0,13874,0,1.0,,,1.0
GO_BP,GOBP_REGULATION_OF_POST_TRANSLATIONAL_PROTEIN_MODIFICATION,Regulation Of Post Translational Protein Modification,DOWN,215,0,13874,0,1.0,,,1.0
GO_BP,GOBP_REGULATION_OF_POTASSIUM_ION_TRANSMEMBRANE_TRANSPORT,Regulation Of Potassium Ion Transmembrane Transport,DOWN,34,0,13874,0,1.0,,,1.0
GO_BP,GOBP_REGULATION_OF_POTASSIUM_ION_TRANSPORT,Regulation Of Potassium Ion Transport,DOWN,38,0,13874,0,1.0,,,1.0
GO_BP,GOBP_REGULATION_OF_PRESYNAPSE_ORGANIZATION,Regulation Of Presynapse Organization,DOWN,17,0,13874,0,1.0,,,1.0
GO_BP,GOBP_REGULATION_OF_PRODUCTION_OF_MOLECULAR_MEDIATOR_OF_IMMUNE_RESPONSE,Regulation Of Production Of Molecular Mediator Of Immune Response,DOWN,103,0,13874,0,1.0,,,1.0
GO_BP,GOBP_REGULATION_OF_PROGRAMMED_NECROTIC_CELL_DEATH,Regulation Of Programmed Necrotic Cell Death,DOWN,33,0,13874,0,1.0,,,1.0
GO_BP,GOBP_REGULATION_OF_PROTEASOMAL_UBIQUITIN_DEPENDENT_PROTEIN_CATABOLIC_PROCESS,Regulation Of Proteasomal Ubiquitin Dependent Protein Catabolic Process,DOWN,121,0,13874,0,1.0,,,1.0
GO_BP,GOBP_REGULATION_OF_PROTEIN_BINDING,Regulation Of Protein Binding,DOWN,35,0,13874,0,1.0,,,1.0
GO_BP,GOBP_REGULATION_OF_PROTEIN_CATABOLIC_PROCESS,Regulation Of Protein Catabolic Process,DOWN,340,0,13874,0,1.0,,,1.0
GO_BP,GOBP_REGULATION_OF_PROTEIN_CONTAINING_COMPLEX_ASSEMBLY,Regulation Of Protein Containing Complex Assembly,DOWN,347,0,13874,0,1.0,,,1.0
GO_BP,GOBP_REGULATION_OF_PROTEIN_CONTAINING_COMPLEX_DISASSEMBLY,Regulation Of Protein Containing Complex Disassembly,DOWN,111,0,13874,0,1.0,,,1.0
GO_BP,GOBP_REGULATION_OF_PROTEIN_DEACETYLATION,Regulation Of Protein Deacetylation,DOWN,17,0,13874,0,1.0,,,1.0
GO_BP,GOBP_REGULATION_OF_PROTEIN_DEPOLYMERIZATION,Regulation Of Protein Depolymerization,DOWN,75,0,13874,0,1.0,,,1.0
GO_BP,GOBP_REGULATION_OF_PROTEIN_EXIT_FROM_ENDOPLASMIC_RETICULUM,Regulation Of Protein Exit From Endoplasmic Reticulum,DOWN,28,0,13874,0,1.0,,,1.0
GO_BP,GOBP_REGULATION_OF_PROTEIN_EXPORT_FROM_NUCLEUS,Regulation Of Protein Export From Nucleus,DOWN,32,0,13874,0,1.0,,,1.0
GO_BP,GOBP_REGULATION_OF_PROTEIN_IMPORT_INTO_NUCLEUS,Regulation Of Protein Import Into Nucleus,DOWN,54,0,13874,0,1.0,,,1.0
GO_BP,GOBP_REGULATION_OF_PROTEIN_LOCALIZATION_TO_CELL_PERIPHERY,Regulation Of Protein Localization To Cell Periphery,DOWN,116,0,13874,0,1.0,,,1.0
GO_BP,GOBP_REGULATION_OF_PROTEIN_LOCALIZATION_TO_CELL_SURFACE,Regulation Of Protein Localization To Cell Surface,DOWN,29,0,13874,0,1.0,,,1.0
GO_BP,GOBP_REGULATION_OF_PROTEIN_LOCALIZATION_TO_MEMBRANE,Regulation Of Protein Localization To Membrane,DOWN,127,0,13874,0,1.0,,,1.0
GO_BP,GOBP_REGULATION_OF_PROTEIN_LOCALIZATION_TO_NUCLEUS,Regulation Of Protein Localization To Nucleus,DOWN,132,0,13874,0,1.0,,,1.0
GO_BP,GOBP_REGULATION_OF_PROTEIN_LOCALIZATION_TO_PLASMA_MEMBRANE,Regulation Of Protein Localization To Plasma Membrane,DOWN,87,0,13874,0,1.0,,,1.0
GO_BP,GOBP_REGULATION_OF_PROTEIN_LOCALIZATION_TO_SYNAPSE,Regulation Of Protein Localization To Synapse,DOWN,22,0,13874,0,1.0,,,1.0
GO_BP,GOBP_REGULATION_OF_PROTEIN_MATURATION,Regulation Of Protein Maturation,DOWN,45,0,13874,0,1.0,,,1.0
GO_BP,GOBP_REGULATION_OF_PROTEIN_NEDDYLATION,Regulation Of Protein Neddylation,DOWN,17,0,13874,0,1.0,,,1.0
GO_BP,GOBP_REGULATION_OF_PROTEIN_POLYMERIZATION,Regulation Of Protein Polymerization,DOWN,159,0,13874,0,1.0,,,1.0
GO_BP,GOBP_REGULATION_OF_PROTEIN_POLYUBIQUITINATION,Regulation Of Protein Polyubiquitination,DOWN,23,0,13874,0,1.0,,,1.0
GO_BP,GOBP_REGULATION_OF_PROTEIN_SECRETION,Regulation Of Protein Secretion,DOWN,159,0,13874,0,1.0,,,1.0
GO_BP,GOBP_REGULATION_OF_PROTEIN_SERINE_THREONINE_KINASE_ACTIVITY,Regulation Of Protein Serine Threonine Kinase Activity,DOWN,97,0,13874,0,1.0,,,1.0
GO_BP,GOBP_REGULATION_OF_PROTEIN_STABILITY,Regulation Of Protein Stability,DOWN,317,0,13874,0,1.0,,,1.0
GO_BP,GOBP_REGULATION_OF_PROTEIN_SUMOYLATION,Regulation Of Protein Sumoylation,DOWN,20,0,13874,0,1.0,,,1.0
GO_BP,GOBP_REGULATION_OF_PROTEIN_TARGETING,Regulation Of Protein Targeting,DOWN,68,0,13874,0,1.0,,,1.0
GO_BP,GOBP_REGULATION_OF_PROTEIN_TARGETING_TO_MEMBRANE,Regulation Of Protein Targeting To Membrane,DOWN,26,0,13874,0,1.0,,,1.0
GO_BP,GOBP_REGULATION_OF_PROTEIN_TRANSPORT,Regulation Of Protein Transport,DOWN,314,0,13874,0,1.0,,,1.0
GO_BP,GOBP_REGULATION_OF_PROTEIN_TYROSINE_KINASE_ACTIVITY,Regulation Of Protein Tyrosine Kinase Activity,DOWN,16,0,13874,0,1.0,,,1.0
GO_BP,GOBP_REGULATION_OF_PROTEIN_UBIQUITINATION,Regulation Of Protein Ubiquitination,DOWN,167,0,13874,0,1.0,,,1.0
GO_BP,GOBP_REGULATION_OF_PROTEOLYSIS,Regulation Of Proteolysis,DOWN,334,0,13874,0,1.0,,,1.0
GO_BP,GOBP_REGULATION_OF_PROTEOLYSIS_INVOLVED_IN_PROTEIN_CATABOLIC_PROCESS,Regulation Of Proteolysis Involved In Protein Catabolic Process,DOWN,235,0,13874,0,1.0,,,1.0
GO_BP,GOBP_REGULATION_OF_RAC_PROTEIN_SIGNAL_TRANSDUCTION,Regulation Of Rac Protein Signal Transduction,DOWN,31,0,13874,0,1.0,,,1.0
GO_BP,GOBP_REGULATION_OF_RAS_PROTEIN_SIGNAL_TRANSDUCTION,Regulation Of Ras Protein Signal Transduction,DOWN,42,0,13874,0,1.0,,,1.0
GO_BP,GOBP_REGULATION_OF_REACTIVE_OXYGEN_SPECIES_BIOSYNTHETIC_PROCESS,Regulation Of Reactive Oxygen Species Biosynthetic Process,DOWN,30,0,13874,0,1.0,,,1.0
GO_BP,GOBP_REGULATION_OF_REACTIVE_OXYGEN_SPECIES_METABOLIC_PROCESS,Regulation Of Reactive Oxygen Species Metabolic Process,DOWN,102,0,13874,0,1.0,,,1.0
GO_BP,GOBP_REGULATION_OF_RECEPTOR_CLUSTERING,Regulation Of Receptor Clustering,DOWN,15,0,13874,0,1.0,,,1.0
GO_BP,GOBP_REGULATION_OF_RECEPTOR_INTERNALIZATION,Regulation Of Receptor Internalization,DOWN,56,0,13874,0,1.0,,,1.0
GO_BP,GOBP_REGULATION_OF_RECEPTOR_LOCALIZATION_TO_SYNAPSE,Regulation Of Receptor Localization To Synapse,DOWN,23,0,13874,0,1.0,,,1.0
GO_BP,GOBP_REGULATION_OF_RECEPTOR_MEDIATED_ENDOCYTOSIS,Regulation Of Receptor Mediated Endocytosis,DOWN,89,0,13874,0,1.0,,,1.0
GO_BP,GOBP_REGULATION_OF_RECEPTOR_RECYCLING,Regulation Of Receptor Recycling,DOWN,20,0,13874,0,1.0,,,1.0
GO_BP,GOBP_REGULATION_OF_RECEPTOR_SIGNALING_PATHWAY_VIA_JAK_STAT,Regulation Of Receptor Signaling Pathway Via Jak Stat,DOWN,50,0,13874,0,1.0,,,1.0
GO_BP,GOBP_REGULATION_OF_RECEPTOR_SIGNALING_PATHWAY_VIA_STAT,Regulation Of Receptor Signaling Pathway Via Stat,DOWN,57,0,13874,0,1.0,,,1.0
GO_BP,GOBP_REGULATION_OF_REGULATED_SECRETORY_PATHWAY,Regulation Of Regulated Secretory Pathway,DOWN,71,0,13874,0,1.0,,,1.0
GO_BP,GOBP_REGULATION_OF_RELEASE_OF_CYTOCHROME_C_FROM_MITOCHONDRIA,Regulation Of Release Of Cytochrome C From Mitochondria,DOWN,37,0,13874,0,1.0,,,1.0
GO_BP,GOBP_REGULATION_OF_RELEASE_OF_SEQUESTERED_CALCIUM_ION_INTO_CYTOSOL,Regulation Of Release Of Sequestered Calcium Ion Into Cytosol,DOWN,47,0,13874,0,1.0,,,1.0
GO_BP,GOBP_REGULATION_OF_RELEASE_OF_SEQUESTERED_CALCIUM_ION_INTO_CYTOSOL_BY_SARCOPLASMIC_RETICULUM,Regulation Of Release Of Sequestered Calcium Ion Into Cytosol By Sarcoplasmic Reticulum,DOWN,21,0,13874,0,1.0,,,1.0
GO_BP,GOBP_REGULATION_OF_REPRODUCTIVE_PROCESS,Regulation Of Reproductive Process,DOWN,105,0,13874,0,1.0,,,1.0
GO_BP,GOBP_REGULATION_OF_RESPONSE_TO_BIOTIC_STIMULUS,Regulation Of Response To Biotic Stimulus,DOWN,410,0,13874,0,1.0,,,1.0
GO_BP,GOBP_REGULATION_OF_RESPONSE_TO_CYTOKINE_STIMULUS,Regulation Of Response To Cytokine Stimulus,DOWN,149,0,13874,0,1.0,,,1.0
GO_BP,GOBP_REGULATION_OF_RESPONSE_TO_ENDOPLASMIC_RETICULUM_STRESS,Regulation Of Response To Endoplasmic Reticulum Stress,DOWN,89,0,13874,0,1.0,,,1.0
GO_BP,GOBP_REGULATION_OF_RESPONSE_TO_NUTRIENT_LEVELS,Regulation Of Response To Nutrient Levels,DOWN,18,0,13874,0,1.0,,,1.0
GO_BP,GOBP_REGULATION_OF_RESPONSE_TO_OXIDATIVE_STRESS,Regulation Of Response To Oxidative Stress,DOWN,28,0,13874,0,1.0,,,1.0
GO_BP,GOBP_REGULATION_OF_RESPONSE_TO_TUMOR_CELL,Regulation Of Response To Tumor Cell,DOWN,19,0,13874,0,1.0,,,1.0
GO_BP,GOBP_REGULATION_OF_RESPONSE_TO_WOUNDING,Regulation Of Response To Wounding,DOWN,107,0,13874,0,1.0,,,1.0
GO_BP,GOBP_REGULATION_OF_RHO_PROTEIN_SIGNAL_TRANSDUCTION,Regulation Of Rho Protein Signal Transduction,DOWN,70,0,13874,0,1.0,,,1.0
GO_BP,GOBP_REGULATION_OF_RIG_I_SIGNALING_PATHWAY,Regulation Of Rig I Signaling Pathway,DOWN,18,0,13874,0,1.0,,,1.0
GO_BP,GOBP_REGULATION_OF_RNA_SPLICING,Regulation Of Rna Splicing,DOWN,168,0,13874,0,1.0,,,1.0
GO_BP,GOBP_REGULATION_OF_RRNA_PROCESSING,Regulation Of Rrna Processing,DOWN,18,0,13874,0,1.0,,,1.0
GO_BP,GOBP_REGULATION_OF_RUFFLE_ASSEMBLY,Regulation Of Ruffle Assembly,DOWN,24,0,13874,0,1.0,,,1.0
GO_BP,GOBP_REGULATION_OF_SECRETION,Regulation Of Secretion,DOWN,352,0,13874,0,1.0,,,1.0
GO_BP,GOBP_REGULATION_OF_SIGNALING_RECEPTOR_ACTIVITY,Regulation Of Signaling Receptor Activity,DOWN,42,0,13874,0,1.0,,,1.0
GO_BP,GOBP_REGULATION_OF_SIGNAL_TRANSDUCTION_BY_P53_CLASS_MEDIATOR,Regulation Of Signal Transduction By P53 Class Mediator,DOWN,106,0,13874,0,1.0,,,1.0
GO_BP,GOBP_REGULATION_OF_SISTER_CHROMATID_COHESION,Regulation Of Sister Chromatid Cohesion,DOWN,17,0,13874,0,1.0,,,1.0
GO_BP,GOBP_REGULATION_OF_SISTER_CHROMATID_SEGREGATION,Regulation Of Sister Chromatid Segregation,DOWN,97,0,13874,0,1.0,,,1.0
GO_BP,GOBP_REGULATION_OF_SKELETAL_MUSCLE_CELL_DIFFERENTIATION,Regulation Of Skeletal Muscle Cell Differentiation,DOWN,16,0,13874,0,1.0,,,1.0
GO_BP,GOBP_REGULATION_OF_SKELETAL_MUSCLE_TISSUE_DEVELOPMENT,Regulation Of Skeletal Muscle Tissue Development,DOWN,15,0,13874,0,1.0,,,1.0
GO_BP,GOBP_REGULATION_OF_SMAD_PROTEIN_SIGNAL_TRANSDUCTION,Regulation Of Smad Protein Signal Transduction,DOWN,51,0,13874,0,1.0,,,1.0
GO_BP,GOBP_REGULATION_OF_SMALL_GTPASE_MEDIATED_SIGNAL_TRANSDUCTION,Regulation Of Small Gtpase Mediated Signal Transduction,DOWN,257,0,13874,0,1.0,,,1.0
GO_BP,GOBP_REGULATION_OF_SMALL_MOLECULE_METABOLIC_PROCESS,Regulation Of Small Molecule Metabolic Process,DOWN,238,0,13874,0,1.0,,,1.0
GO_BP,GOBP_REGULATION_OF_SMOOTHENED_SIGNALING_PATHWAY,Regulation Of Smoothened Signaling Pathway,DOWN,77,0,13874,0,1.0,,,1.0
GO_BP,GOBP_REGULATION_OF_SMOOTH_MUSCLE_CELL_DIFFERENTIATION,Regulation Of Smooth Muscle Cell Differentiation,DOWN,26,0,13874,0,1.0,,,1.0
GO_BP,GOBP_REGULATION_OF_SMOOTH_MUSCLE_CONTRACTION,Regulation Of Smooth Muscle Contraction,DOWN,28,0,13874,0,1.0,,,1.0
GO_BP,GOBP_REGULATION_OF_SNARE_COMPLEX_ASSEMBLY,Regulation Of Snare Complex Assembly,DOWN,15,0,13874,0,1.0,,,1.0
GO_BP,GOBP_REGULATION_OF_SODIUM_ION_TRANSMEMBRANE_TRANSPORT,Regulation Of Sodium Ion Transmembrane Transport,DOWN,23,0,13874,0,1.0,,,1.0
GO_BP,GOBP_REGULATION_OF_SODIUM_ION_TRANSPORT,Regulation Of Sodium Ion Transport,DOWN,42,0,13874,0,1.0,,,1.0
GO_BP,GOBP_REGULATION_OF_SPINDLE_ASSEMBLY,Regulation Of Spindle Assembly,DOWN,32,0,13874,0,1.0,,,1.0
GO_BP,GOBP_REGULATION_OF_SPINDLE_CHECKPOINT,Regulation Of Spindle Checkpoint,DOWN,25,0,13874,0,1.0,,,1.0
GO_BP,GOBP_REGULATION_OF_SPINDLE_ORGANIZATION,Regulation Of Spindle Organization,DOWN,46,0,13874,0,1.0,,,1.0
GO_BP,GOBP_REGULATION_OF_SPROUTING_ANGIOGENESIS,Regulation Of Sprouting Angiogenesis,DOWN,34,0,13874,0,1.0,,,1.0
GO_BP,GOBP_REGULATION_OF_STEM_CELL_DIFFERENTIATION,Regulation Of Stem Cell Differentiation,DOWN,66,0,13874,0,1.0,,,1.0
GO_BP,GOBP_REGULATION_OF_STEM_CELL_POPULATION_MAINTENANCE,Regulation Of Stem Cell Population Maintenance,DOWN,67,0,13874,0,1.0,,,1.0
GO_BP,GOBP_REGULATION_OF_STEM_CELL_PROLIFERATION,Regulation Of Stem Cell Proliferation,DOWN,30,0,13874,0,1.0,,,1.0
GO_BP,GOBP_REGULATION_OF_STEROID_BIOSYNTHETIC_PROCESS,Regulation Of Steroid Biosynthetic Process,DOWN,54,0,13874,0,1.0,,,1.0
GO_BP,GOBP_REGULATION_OF_STEROID_METABOLIC_PROCESS,Regulation Of Steroid Metabolic Process,DOWN,72,0,13874,0,1.0,,,1.0
GO_BP,GOBP_REGULATION_OF_STEROL_TRANSPORT,Regulation Of Sterol Transport,DOWN,39,0,13874,0,1.0,,,1.0
GO_BP,GOBP_REGULATION_OF_STRESS_ACTIVATED_PROTEIN_KINASE_SIGNALING_CASCADE,Regulation Of Stress Activated Protein Kinase Signaling Cascade,DOWN,35,0,13874,0,1.0,,,1.0
GO_BP,GOBP_REGULATION_OF_STRIATED_MUSCLE_CELL_DIFFERENTIATION,Regulation Of Striated Muscle Cell Differentiation,DOWN,57,0,13874,0,1.0,,,1.0
GO_BP,GOBP_REGULATION_OF_STRIATED_MUSCLE_CONTRACTION,Regulation Of Striated Muscle Contraction,DOWN,54,0,13874,0,1.0,,,1.0
GO_BP,GOBP_REGULATION_OF_SUBSTRATE_ADHESION_DEPENDENT_CELL_SPREADING,Regulation Of Substrate Adhesion Dependent Cell Spreading,DOWN,50,0,13874,0,1.0,,,1.0
GO_BP,GOBP_REGULATION_OF_SUPEROXIDE_METABOLIC_PROCESS,Regulation Of Superoxide Metabolic Process,DOWN,19,0,13874,0,1.0,,,1.0
GO_BP,GOBP_REGULATION_OF_SUPRAMOLECULAR_FIBER_ORGANIZATION,Regulation Of Supramolecular Fiber Organization,DOWN,310,0,13874,0,1.0,,,1.0
GO_BP,GOBP_REGULATION_OF_SYNAPSE_ASSEMBLY,Regulation Of Synapse Assembly,DOWN,121,0,13874,0,1.0,,,1.0
GO_BP,GOBP_REGULATION_OF_SYNAPSE_MATURATION,Regulation Of Synapse Maturation,DOWN,18,0,13874,0,1.0,,,1.0
GO_BP,GOBP_REGULATION_OF_SYNAPSE_STRUCTURE_OR_ACTIVITY,Regulation Of Synapse Structure Or Activity,DOWN,218,0,13874,0,1.0,,,1.0
GO_BP,GOBP_REGULATION_OF_SYNAPTIC_PLASTICITY,Regulation Of Synaptic Plasticity,DOWN,138,0,13874,0,1.0,,,1.0
GO_BP,GOBP_REGULATION_OF_SYNAPTIC_TRANSMISSION_GABAERGIC,Regulation Of Synaptic Transmission Gabaergic,DOWN,15,0,13874,0,1.0,,,1.0
GO_BP,GOBP_REGULATION_OF_SYNAPTIC_TRANSMISSION_GLUTAMATERGIC,Regulation Of Synaptic Transmission Glutamatergic,DOWN,33,0,13874,0,1.0,,,1.0
GO_BP,GOBP_REGULATION_OF_SYNAPTIC_VESICLE_ENDOCYTOSIS,Regulation Of Synaptic Vesicle Endocytosis,DOWN,21,0,13874,0,1.0,,,1.0
GO_BP,GOBP_REGULATION_OF_SYNAPTIC_VESICLE_EXOCYTOSIS,Regulation Of Synaptic Vesicle Exocytosis,DOWN,31,0,13874,0,1.0,,,1.0
GO_BP,GOBP_REGULATION_OF_SYNAPTIC_VESICLE_RECYCLING,Regulation Of Synaptic Vesicle Recycling,DOWN,26,0,13874,0,1.0,,,1.0
GO_BP,GOBP_REGULATION_OF_SYNCYTIUM_FORMATION_BY_PLASMA_MEMBRANE_FUSION,Regulation Of Syncytium Formation By Plasma Membrane Fusion,DOWN,57,0,13874,0,1.0,,,1.0
GO_BP,GOBP_REGULATION_OF_SYSTEMIC_ARTERIAL_BLOOD_PRESSURE,Regulation Of Systemic Arterial Blood Pressure,DOWN,47,0,13874,0,1.0,,,1.0
GO_BP,GOBP_REGULATION_OF_SYSTEMIC_ARTERIAL_BLOOD_PRESSURE_BY_RENIN_ANGIOTENSIN,Regulation Of Systemic Arterial Blood Pressure By Renin Angiotensin,DOWN,17,0,13874,0,1.0,,,1.0
GO_BP,GOBP_REGULATION_OF_SYSTEMIC_ARTERIAL_BLOOD_PRESSURE_MEDIATED_BY_A_CHEMICAL_SIGNAL,Regulation Of Systemic Arterial Blood Pressure Mediated By A Chemical Signal,DOWN,24,0,13874,0,1.0,,,1.0
GO_BP,GOBP_REGULATION_OF_SYSTEM_PROCESS,Regulation Of System Process,DOWN,313,0,13874,0,1.0,,,1.0
GO_BP,GOBP_REGULATION_OF_TELOMERE_MAINTENANCE,Regulation Of Telomere Maintenance,DOWN,101,0,13874,0,1.0,,,1.0
GO_BP,GOBP_REGULATION_OF_TELOMERE_MAINTENANCE_IN_RESPONSE_TO_DNA_DAMAGE,Regulation Of Telomere Maintenance In Response To Dna Damage,DOWN,17,0,13874,0,1.0,,,1.0
GO_BP,GOBP_REGULATION_OF_TELOMERE_MAINTENANCE_VIA_TELOMERASE,Regulation Of Telomere Maintenance Via Telomerase,DOWN,43,0,13874,0,1.0,,,1.0
GO_BP,GOBP_REGULATION_OF_TELOMERE_MAINTENANCE_VIA_TELOMERE_LENGTHENING,Regulation Of Telomere Maintenance Via Telomere Lengthening,DOWN,49,0,13874,0,1.0,,,1.0
GO_BP,GOBP_REGULATION_OF_TISSUE_REMODELING,Regulation Of Tissue Remodeling,DOWN,49,0,13874,0,1.0,,,1.0
GO_BP,GOBP_REGULATION_OF_TOLL_LIKE_RECEPTOR_4_SIGNALING_PATHWAY,Regulation Of Toll Like Receptor 4 Signaling Pathway,DOWN,22,0,13874,0,1.0,,,1.0
GO_BP,GOBP_REGULATION_OF_TOLL_LIKE_RECEPTOR_SIGNALING_PATHWAY,Regulation Of Toll Like Receptor Signaling Pathway,DOWN,26,0,13874,0,1.0,,,1.0
GO_BP,GOBP_REGULATION_OF_TRANSCRIPTION_BY_RNA_POLYMERASE_I,Regulation Of Transcription By Rna Polymerase I,DOWN,45,0,13874,0,1.0,,,1.0
GO_BP,GOBP_REGULATION_OF_TRANSCRIPTION_BY_RNA_POLYMERASE_III,Regulation Of Transcription By Rna Polymerase Iii,DOWN,32,0,13874,0,1.0,,,1.0
GO_BP,GOBP_REGULATION_OF_TRANSFERASE_ACTIVITY,Regulation Of Transferase Activity,DOWN,240,0,13874,0,1.0,,,1.0
GO_BP,GOBP_REGULATION_OF_TRANSLATION,Regulation Of Translation,DOWN,329,0,13874,0,1.0,,,1.0
GO_BP,GOBP_REGULATION_OF_TRANSLATIONAL_FIDELITY,Regulation Of Translational Fidelity,DOWN,18,0,13874,0,1.0,,,1.0
GO_BP,GOBP_REGULATION_OF_TRANSLATIONAL_INITIATION,Regulation Of Translational Initiation,DOWN,87,0,13874,0,1.0,,,1.0
GO_BP,GOBP_REGULATION_OF_TRANSLATION_IN_RESPONSE_TO_STRESS,Regulation Of Translation In Response To Stress,DOWN,19,0,13874,0,1.0,,,1.0
GO_BP,GOBP_REGULATION_OF_TRANSMEMBRANE_RECEPTOR_PROTEIN_SERINE_THREONINE_KINASE_SIGNALING_PATHWAY,Regulation Of Transmembrane Receptor Protein Serine Threonine Kinase Signaling Pathway,DOWN,210,0,13874,0,1.0,,,1.0
GO_BP,GOBP_REGULATION_OF_TRANSMEMBRANE_TRANSPORT,Regulation Of Transmembrane Transport,DOWN,253,0,13874,0,1.0,,,1.0
GO_BP,GOBP_REGULATION_OF_TRANSMEMBRANE_TRANSPORTER_ACTIVITY,Regulation Of Transmembrane Transporter Activity,DOWN,57,0,13874,0,1.0,,,1.0
GO_BP,GOBP_REGULATION_OF_TRANS_SYNAPTIC_SIGNALING,Regulation Of Trans Synaptic Signaling,DOWN,298,0,13874,0,1.0,,,1.0
GO_BP,GOBP_REGULATION_OF_TRIGLYCERIDE_METABOLIC_PROCESS,Regulation Of Triglyceride Metabolic Process,DOWN,27,0,13874,0,1.0,,,1.0
GO_BP,GOBP_REGULATION_OF_TUBE_SIZE,Regulation Of Tube Size,DOWN,84,0,13874,0,1.0,,,1.0
GO_BP,GOBP_REGULATION_OF_TUMOR_NECROSIS_FACTOR_MEDIATED_SIGNALING_PATHWAY,Regulation Of Tumor Necrosis Factor Mediated Signaling Pathway,DOWN,58,0,13874,0,1.0,,,1.0
GO_BP,GOBP_REGULATION_OF_TYPE_I_INTERFERON_MEDIATED_SIGNALING_PATHWAY,Regulation Of Type I Interferon Mediated Signaling Pathway,DOWN,38,0,13874,0,1.0,,,1.0
GO_BP,GOBP_REGULATION_OF_TYROSINE_PHOSPHORYLATION_OF_STAT_PROTEIN,Regulation Of Tyrosine Phosphorylation Of Stat Protein,DOWN,16,0,13874,0,1.0,,,1.0
GO_BP,GOBP_REGULATION_OF_T_CELL_ACTIVATION,Regulation Of T Cell Activation,DOWN,243,0,13874,0,1.0,,,1.0
GO_BP,GOBP_REGULATION_OF_T_CELL_APOPTOTIC_PROCESS,Regulation Of T Cell Apoptotic Process,DOWN,21,0,13874,0,1.0,,,1.0
GO_BP,GOBP_REGULATION_OF_T_CELL_DIFFERENTIATION_IN_THYMUS,Regulation Of T Cell Differentiation In Thymus,DOWN,19,0,13874,0,1.0,,,1.0
GO_BP,GOBP_REGULATION_OF_T_CELL_MEDIATED_CYTOTOXICITY,Regulation Of T Cell Mediated Cytotoxicity,DOWN,23,0,13874,0,1.0,,,1.0
GO_BP,GOBP_REGULATION_OF_T_CELL_MEDIATED_IMMUNITY,Regulation Of T Cell Mediated Immunity,DOWN,57,0,13874,0,1.0,,,1.0
GO_BP,GOBP_REGULATION_OF_T_CELL_MIGRATION,Regulation Of T Cell Migration,DOWN,30,0,13874,0,1.0,,,1.0
GO_BP,GOBP_REGULATION_OF_T_CELL_RECEPTOR_SIGNALING_PATHWAY,Regulation Of T Cell Receptor Signaling Pathway,DOWN,38,0,13874,0,1.0,,,1.0
GO_BP,GOBP_REGULATION_OF_T_HELPER_17_CELL_DIFFERENTIATION,Regulation Of T Helper 17 Cell Differentiation,DOWN,17,0,13874,0,1.0,,,1.0
GO_BP,GOBP_REGULATION_OF_T_HELPER_17_TYPE_IMMUNE_RESPONSE,Regulation Of T Helper 17 Type Immune Response,DOWN,21,0,13874,0,1.0,,,1.0
GO_BP,GOBP_REGULATION_OF_T_HELPER_1_TYPE_IMMUNE_RESPONSE,Regulation Of T Helper 1 Type Immune Response,DOWN,17,0,13874,0,1.0,,,1.0
GO_BP,GOBP_REGULATION_OF_T_HELPER_CELL_DIFFERENTIATION,Regulation Of T Helper Cell Differentiation,DOWN,26,0,13874,0,1.0,,,1.0
GO_BP,GOBP_REGULATION_OF_UBIQUITIN_DEPENDENT_PROTEIN_CATABOLIC_PROCESS,Regulation Of Ubiquitin Dependent Protein Catabolic Process,DOWN,156,0,13874,0,1.0,,,1.0
GO_BP,GOBP_REGULATION_OF_UBIQUITIN_PROTEIN_TRANSFERASE_ACTIVITY,Regulation Of Ubiquitin Protein Transferase Activity,DOWN,16,0,13874,0,1.0,,,1.0
GO_BP,GOBP_REGULATION_OF_VACUOLE_ORGANIZATION,Regulation Of Vacuole Organization,DOWN,57,0,13874,0,1.0,,,1.0
GO_BP,GOBP_REGULATION_OF_VASCULAR_ENDOTHELIAL_GROWTH_FACTOR_RECEPTOR_SIGNALING_PATHWAY,Regulation Of Vascular Endothelial Growth Factor Receptor Signaling Pathway,DOWN,24,0,13874,0,1.0,,,1.0
GO_BP,GOBP_REGULATION_OF_VASCULAR_PERMEABILITY,Regulation Of Vascular Permeability,DOWN,31,0,13874,0,1.0,,,1.0
GO_BP,GOBP_REGULATION_OF_VASCULATURE_DEVELOPMENT,Regulation Of Vasculature Development,DOWN,215,0,13874,0,1.0,,,1.0
GO_BP,GOBP_REGULATION_OF_VASOCONSTRICTION,Regulation Of Vasoconstriction,DOWN,32,0,13874,0,1.0,,,1.0
GO_BP,GOBP_REGULATION_OF_VESICLE_FUSION,Regulation Of Vesicle Fusion,DOWN,19,0,13874,0,1.0,,,1.0
GO_BP,GOBP_REGULATION_OF_VESICLE_MEDIATED_TRANSPORT,Regulation Of Vesicle Mediated Transport,DOWN,400,0,13874,0,1.0,,,1.0
GO_BP,GOBP_REGULATION_OF_VESICLE_SIZE,Regulation Of Vesicle Size,DOWN,17,0,13874,0,1.0,,,1.0
GO_BP,GOBP_REGULATION_OF_VIRAL_ENTRY_INTO_HOST_CELL,Regulation Of Viral Entry Into Host Cell,DOWN,15,0,13874,0,1.0,,,1.0
GO_BP,GOBP_REGULATION_OF_VIRAL_GENOME_REPLICATION,Regulation Of Viral Genome Replication,DOWN,60,0,13874,0,1.0,,,1.0
GO_BP,GOBP_REGULATION_OF_VIRAL_LIFE_CYCLE,Regulation Of Viral Life Cycle,DOWN,84,0,13874,0,1.0,,,1.0
GO_BP,GOBP_REGULATION_OF_VIRAL_PROCESS,Regulation Of Viral Process,DOWN,107,0,13874,0,1.0,,,1.0
GO_BP,GOBP_REGULATION_OF_VIRAL_TRANSCRIPTION,Regulation Of Viral Transcription,DOWN,19,0,13874,0,1.0,,,1.0
GO_BP,GOBP_REGULATION_OF_WNT_SIGNALING_PATHWAY,Regulation Of Wnt Signaling Pathway,DOWN,266,0,13874,0,1.0,,,1.0
GO_BP,GOBP_REGULATION_OF_WOUND_HEALING,Regulation Of Wound Healing,DOWN,82,0,13874,0,1.0,,,1.0
GO_BP,GOBP_REGULATORY_NCRNA_MEDIATED_GENE_SILENCING,Regulatory Ncrna Mediated Gene Silencing,DOWN,133,0,13874,0,1.0,,,1.0
GO_BP,GOBP_REGULATORY_NCRNA_MEDIATED_HETEROCHROMATIN_FORMATION,Regulatory Ncrna Mediated Heterochromatin Formation,DOWN,16,0,13874,0,1.0,,,1.0
GO_BP,GOBP_REGULATORY_NCRNA_PROCESSING,Regulatory Ncrna Processing,DOWN,54,0,13874,0,1.0,,,1.0
GO_BP,GOBP_REGULATORY_T_CELL_DIFFERENTIATION,Regulatory T Cell Differentiation,DOWN,38,0,13874,0,1.0,,,1.0
GO_BP,GOBP_RELAXATION_OF_MUSCLE,Relaxation Of Muscle,DOWN,25,0,13874,0,1.0,,,1.0
GO_BP,GOBP_RELEASE_OF_CYTOCHROME_C_FROM_MITOCHONDRIA,Release Of Cytochrome C From Mitochondria,DOWN,45,0,13874,0,1.0,,,1.0
GO_BP,GOBP_RELEASE_OF_SEQUESTERED_CALCIUM_ION_INTO_CYTOSOL_BY_ENDOPLASMIC_RETICULUM,Release Of Sequestered Calcium Ion Into Cytosol By Endoplasmic Reticulum,DOWN,24,0,13874,0,1.0,,,1.0
GO_BP,GOBP_RENAL_ABSORPTION,Renal Absorption,DOWN,21,0,13874,0,1.0,,,1.0
GO_BP,GOBP_RENAL_FILTRATION,Renal Filtration,DOWN,19,0,13874,0,1.0,,,1.0
GO_BP,GOBP_RENAL_SYSTEM_DEVELOPMENT,Renal System Development,DOWN,232,0,13874,0,1.0,,,1.0
GO_BP,GOBP_RENAL_SYSTEM_PROCESS,Renal System Process,DOWN,74,0,13874,0,1.0,,,1.0
GO_BP,GOBP_RENAL_SYSTEM_VASCULATURE_DEVELOPMENT,Renal System Vasculature Development,DOWN,22,0,13874,0,1.0,,,1.0
GO_BP,GOBP_RENAL_TUBULE_DEVELOPMENT,Renal Tubule Development,DOWN,62,0,13874,0,1.0,,,1.0
GO_BP,GOBP_RENAL_WATER_HOMEOSTASIS,Renal Water Homeostasis,DOWN,23,0,13874,0,1.0,,,1.0
GO_BP,GOBP_REPLACEMENT_OSSIFICATION,Replacement Ossification,DOWN,23,0,13874,0,1.0,,,1.0
GO_BP,GOBP_REPLICATIVE_SENESCENCE,Replicative Senescence,DOWN,15,0,13874,0,1.0,,,1.0
GO_BP,GOBP_REPRODUCTIVE_BEHAVIOR,Reproductive Behavior,DOWN,23,0,13874,0,1.0,,,1.0
GO_BP,GOBP_REPRODUCTIVE_SYSTEM_DEVELOPMENT,Reproductive System Development,DOWN,195,0,13874,0,1.0,,,1.0
GO_BP,GOBP_RESCUE_OF_STALLED_RIBOSOME,Rescue Of Stalled Ribosome,DOWN,37,0,13874,0,1.0,,,1.0
GO_BP,GOBP_RESPIRATORY_BURST,Respiratory Burst,DOWN,19,0,13874,0,1.0,,,1.0
GO_BP,GOBP_RESPIRATORY_CHAIN_COMPLEX_IV_ASSEMBLY,Respiratory Chain Complex Iv Assembly,DOWN,30,0,13874,0,1.0,,,1.0
GO_BP,GOBP_RESPIRATORY_GASEOUS_EXCHANGE_BY_RESPIRATORY_SYSTEM,Respiratory Gaseous Exchange By Respiratory System,DOWN,51,0,13874,0,1.0,,,1.0
GO_BP,GOBP_RESPIRATORY_SYSTEM_DEVELOPMENT,Respiratory System Development,DOWN,160,0,13874,0,1.0,,,1.0
GO_BP,GOBP_RESPIRATORY_SYSTEM_PROCESS,Respiratory System Process,DOWN,34,0,13874,0,1.0,,,1.0
GO_BP,GOBP_RESPONSE_TO_ACETYLCHOLINE,Response To Acetylcholine,DOWN,22,0,13874,0,1.0,,,1.0
GO_BP,GOBP_RESPONSE_TO_ACIDIC_PH,Response To Acidic Ph,DOWN,16,0,13874,0,1.0,,,1.0
GO_BP,GOBP_RESPONSE_TO_ACID_CHEMICAL,Response To Acid Chemical,DOWN,104,0,13874,0,1.0,,,1.0
GO_BP,GOBP_RESPONSE_TO_ACTIVITY,Response To Activity,DOWN,52,0,13874,0,1.0,,,1.0
GO_BP,GOBP_RESPONSE_TO_ALCOHOL,Response To Alcohol,DOWN,169,0,13874,0,1.0,,,1.0
GO_BP,GOBP_RESPONSE_TO_ALKALOID,Response To Alkaloid,DOWN,57,0,13874,0,1.0,,,1.0
GO_BP,GOBP_RESPONSE_TO_AMINE,Response To Amine,DOWN,27,0,13874,0,1.0,,,1.0
GO_BP,GOBP_RESPONSE_TO_AMINO_ACID_STARVATION,Response To Amino Acid Starvation,DOWN,52,0,13874,0,1.0,,,1.0
GO_BP,GOBP_RESPONSE_TO_AMPHETAMINE,Response To Amphetamine,DOWN,16,0,13874,0,1.0,,,1.0
GO_BP,GOBP_RESPONSE_TO_AMYLOID_BETA,Response To Amyloid Beta,DOWN,33,0,13874,0,1.0,,,1.0
GO_BP,GOBP_RESPONSE_TO_ANGIOTENSIN,Response To Angiotensin,DOWN,31,0,13874,0,1.0,,,1.0
GO_BP,GOBP_RESPONSE_TO_ANTIBIOTIC,Response To Antibiotic,DOWN,33,0,13874,0,1.0,,,1.0
GO_BP,GOBP_RESPONSE_TO_ARSENIC_CONTAINING_SUBSTANCE,Response To Arsenic Containing Substance,DOWN,27,0,13874,0,1.0,,,1.0
GO_BP,GOBP_RESPONSE_TO_ATP,Response To Atp,DOWN,20,0,13874,0,1.0,,,1.0
GO_BP,GOBP_RESPONSE_TO_AUDITORY_STIMULUS,Response To Auditory Stimulus,DOWN,15,0,13874,0,1.0,,,1.0
GO_BP,GOBP_RESPONSE_TO_AXON_INJURY,Response To Axon Injury,DOWN,54,0,13874,0,1.0,,,1.0
GO_BP,GOBP_RESPONSE_TO_BACTERIUM,Response To Bacterium,DOWN,349,0,13874,0,1.0,,,1.0
GO_BP,GOBP_RESPONSE_TO_BMP,Response To Bmp,DOWN,113,0,13874,0,1.0,,,1.0
GO_BP,GOBP_RESPONSE_TO_CADMIUM_ION,Response To Cadmium Ion,DOWN,25,0,13874,0,1.0,,,1.0
GO_BP,GOBP_RESPONSE_TO_CALCIUM_ION,Response To Calcium Ion,DOWN,94,0,13874,0,1.0,,,1.0
GO_BP,GOBP_RESPONSE_TO_CAMP,Response To Camp,DOWN,52,0,13874,0,1.0,,,1.0
GO_BP,GOBP_RESPONSE_TO_CARBOHYDRATE,Response To Carbohydrate,DOWN,148,0,13874,0,1.0,,,1.0
GO_BP,GOBP_RESPONSE_TO_CHEMOKINE,Response To Chemokine,DOWN,41,0,13874,0,1.0,,,1.0
GO_BP,GOBP_RESPONSE_TO_COCAINE,Response To Cocaine,DOWN,29,0,13874,0,1.0,,,1.0
GO_BP,GOBP_RESPONSE_TO_COLD,Response To Cold,DOWN,36,0,13874,0,1.0,,,1.0
GO_BP,GOBP_RESPONSE_TO_COPPER_ION,Response To Copper Ion,DOWN,23,0,13874,0,1.0,,,1.0
GO_BP,GOBP_RESPONSE_TO_CORTICOSTEROID,Response To Corticosteroid,DOWN,93,0,13874,0,1.0,,,1.0
GO_BP,GOBP_RESPONSE_TO_DEXAMETHASONE,Response To Dexamethasone,DOWN,29,0,13874,0,1.0,,,1.0
GO_BP,GOBP_RESPONSE_TO_DIETARY_EXCESS,Response To Dietary Excess,DOWN,21,0,13874,0,1.0,,,1.0
GO_BP,GOBP_RESPONSE_TO_DSRNA,Response To Dsrna,DOWN,38,0,13874,0,1.0,,,1.0
GO_BP,GOBP_RESPONSE_TO_ELECTRICAL_STIMULUS,Response To Electrical Stimulus,DOWN,21,0,13874,0,1.0,,,1.0
GO_BP,GOBP_RESPONSE_TO_ENDOPLASMIC_RETICULUM_STRESS,Response To Endoplasmic Reticulum Stress,DOWN,251,0,13874,0,1.0,,,1.0
GO_BP,GOBP_RESPONSE_TO_EPIDERMAL_GROWTH_FACTOR,Response To Epidermal Growth Factor,DOWN,47,0,13874,0,1.0,,,1.0
GO_BP,GOBP_RESPONSE_TO_ESTRADIOL,Response To Estradiol,DOWN,75,0,13874,0,1.0,,,1.0
GO_BP,GOBP_RESPONSE_TO_ESTROGEN,Response To Estrogen,DOWN,43,0,13874,0,1.0,,,1.0
GO_BP,GOBP_RESPONSE_TO_ETHANOL,Response To Ethanol,DOWN,69,0,13874,0,1.0,,,1.0
GO_BP,GOBP_RESPONSE_TO_FATTY_ACID,Response To Fatty Acid,DOWN,38,0,13874,0,1.0,,,1.0
GO_BP,GOBP_RESPONSE_TO_FIBROBLAST_GROWTH_FACTOR,Response To Fibroblast Growth Factor,DOWN,74,0,13874,0,1.0,,,1.0
GO_BP,GOBP_RESPONSE_TO_FLUID_SHEAR_STRESS,Response To Fluid Shear Stress,DOWN,54,0,13874,0,1.0,,,1.0
GO_BP,GOBP_RESPONSE_TO_FOOD,Response To Food,DOWN,26,0,13874,0,1.0,,,1.0
GO_BP,GOBP_RESPONSE_TO_FUNGUS,Response To Fungus,DOWN,23,0,13874,0,1.0,,,1.0
GO_BP,GOBP_RESPONSE_TO_GAMMA_RADIATION,Response To Gamma Radiation,DOWN,45,0,13874,0,1.0,,,1.0
GO_BP,GOBP_RESPONSE_TO_GLUCAGON,Response To Glucagon,DOWN,22,0,13874,0,1.0,,,1.0
GO_BP,GOBP_RESPONSE_TO_GONADOTROPIN,Response To Gonadotropin,DOWN,15,0,13874,0,1.0,,,1.0
GO_BP,GOBP_RESPONSE_TO_GROWTH_HORMONE,Response To Growth Hormone,DOWN,28,0,13874,0,1.0,,,1.0
GO_BP,GOBP_RESPONSE_TO_HEAT,Response To Heat,DOWN,83,0,13874,0,1.0,,,1.0
GO_BP,GOBP_RESPONSE_TO_HYDROGEN_PEROXIDE,Response To Hydrogen Peroxide,DOWN,72,0,13874,0,1.0,,,1.0
GO_BP,GOBP_RESPONSE_TO_HYDROPEROXIDE,Response To Hydroperoxide,DOWN,15,0,13874,0,1.0,,,1.0
GO_BP,GOBP_RESPONSE_TO_HYPEROXIA,Response To Hyperoxia,DOWN,15,0,13874,0,1.0,,,1.0
GO_BP,GOBP_RESPONSE_TO_INCREASED_OXYGEN_LEVELS,Response To Increased Oxygen Levels,DOWN,20,0,13874,0,1.0,,,1.0
GO_BP,GOBP_RESPONSE_TO_INSULIN,Response To Insulin,DOWN,206,0,13874,0,1.0,,,1.0
GO_BP,GOBP_RESPONSE_TO_INTERFERON_ALPHA,Response To Interferon Alpha,DOWN,17,0,13874,0,1.0,,,1.0
GO_BP,GOBP_RESPONSE_TO_INTERFERON_BETA,Response To Interferon Beta,DOWN,28,0,13874,0,1.0,,,1.0
GO_BP,GOBP_RESPONSE_TO_INTERLEUKIN_1,Response To Interleukin 1,DOWN,80,0,13874,0,1.0,,,1.0
GO_BP,GOBP_RESPONSE_TO_INTERLEUKIN_17,Response To Interleukin 17,DOWN,16,0,13874,0,1.0,,,1.0
GO_BP,GOBP_RESPONSE_TO_INTERLEUKIN_4,Response To Interleukin 4,DOWN,28,0,13874,0,1.0,,,1.0
GO_BP,GOBP_RESPONSE_TO_INTERLEUKIN_6,Response To Interleukin 6,DOWN,22,0,13874,0,1.0,,,1.0
GO_BP,GOBP_RESPONSE_TO_INTERLEUKIN_7,Response To Interleukin 7,DOWN,20,0,13874,0,1.0,,,1.0
GO_BP,GOBP_RESPONSE_TO_IONIZING_RADIATION,Response To Ionizing Radiation,DOWN,119,0,13874,0,1.0,,,1.0
GO_BP,GOBP_RESPONSE_TO_IRON_ION,Response To Iron Ion,DOWN,21,0,13874,0,1.0,,,1.0
GO_BP,GOBP_RESPONSE_TO_ISCHEMIA,Response To Ischemia,DOWN,42,0,13874,0,1.0,,,1.0
GO_BP,GOBP_RESPONSE_TO_KETONE,Response To Ketone,DOWN,154,0,13874,0,1.0,,,1.0
GO_BP,GOBP_RESPONSE_TO_LAMINAR_FLUID_SHEAR_STRESS,Response To Laminar Fluid Shear Stress,DOWN,31,0,13874,0,1.0,,,1.0
GO_BP,GOBP_RESPONSE_TO_LEAD_ION,Response To Lead Ion,DOWN,15,0,13874,0,1.0,,,1.0
GO_BP,GOBP_RESPONSE_TO_LEUKEMIA_INHIBITORY_FACTOR,Response To Leukemia Inhibitory Factor,DOWN,84,0,13874,0,1.0,,,1.0
GO_BP,GOBP_RESPONSE_TO_LIGHT_STIMULUS,Response To Light Stimulus,DOWN,233,0,13874,0,1.0,,,1.0
GO_BP,GOBP_RESPONSE_TO_LIPOPROTEIN_PARTICLE,Response To Lipoprotein Particle,DOWN,22,0,13874,0,1.0,,,1.0
GO_BP,GOBP_RESPONSE_TO_MECHANICAL_STIMULUS,Response To Mechanical Stimulus,DOWN,149,0,13874,0,1.0,,,1.0
GO_BP,GOBP_RESPONSE_TO_METAL_ION,Response To Metal Ion,DOWN,215,0,13874,0,1.0,,,1.0
GO_BP,GOBP_RESPONSE_TO_MINERALOCORTICOID,Response To Mineralocorticoid,DOWN,23,0,13874,0,1.0,,,1.0
GO_BP,GOBP_RESPONSE_TO_MISFOLDED_PROTEIN,Response To Misfolded Protein,DOWN,19,0,13874,0,1.0,,,1.0
GO_BP,GOBP_RESPONSE_TO_MOLECULE_OF_BACTERIAL_ORIGIN,Response To Molecule Of Bacterial Origin,DOWN,202,0,13874,0,1.0,,,1.0
GO_BP,GOBP_RESPONSE_TO_MONOAMINE,Response To Monoamine,DOWN,39,0,13874,0,1.0,,,1.0
GO_BP,GOBP_RESPONSE_TO_MONOSACCHARIDE,Response To Monosaccharide,DOWN,131,0,13874,0,1.0,,,1.0
GO_BP,GOBP_RESPONSE_TO_MURAMYL_DIPEPTIDE,Response To Muramyl Dipeptide,DOWN,17,0,13874,0,1.0,,,1.0
GO_BP,GOBP_RESPONSE_TO_MUSCLE_ACTIVITY,Response To Muscle Activity,DOWN,20,0,13874,0,1.0,,,1.0
GO_BP,GOBP_RESPONSE_TO_MUSCLE_STRETCH,Response To Muscle Stretch,DOWN,18,0,13874,0,1.0,,,1.0
GO_BP,GOBP_RESPONSE_TO_NERVE_GROWTH_FACTOR,Response To Nerve Growth Factor,DOWN,35,0,13874,0,1.0,,,1.0
GO_BP,GOBP_RESPONSE_TO_NICOTINE,Response To Nicotine,DOWN,22,0,13874,0,1.0,,,1.0
GO_BP,GOBP_RESPONSE_TO_NITRIC_OXIDE,Response To Nitric Oxide,DOWN,18,0,13874,0,1.0,,,1.0
GO_BP,GOBP_RESPONSE_TO_NUTRIENT,Response To Nutrient,DOWN,106,0,13874,0,1.0,,,1.0
GO_BP,GOBP_RESPONSE_TO_NUTRIENT_LEVELS,Response To Nutrient Levels,DOWN,372,0,13874,0,1.0,,,1.0
GO_BP,GOBP_RESPONSE_TO_ORGANOPHOSPHORUS,Response To Organophosphorus,DOWN,75,0,13874,0,1.0,,,1.0
GO_BP,GOBP_RESPONSE_TO_OSMOTIC_STRESS,Response To Osmotic Stress,DOWN,68,0,13874,0,1.0,,,1.0
GO_BP,GOBP_RESPONSE_TO_OXIDATIVE_STRESS,Response To Oxidative Stress,DOWN,355,0,13874,0,1.0,,,1.0
GO_BP,GOBP_RESPONSE_TO_OXYGEN_LEVELS,Response To Oxygen Levels,DOWN,251,0,13874,0,1.0,,,1.0
GO_BP,GOBP_RESPONSE_TO_OXYGEN_RADICAL,Response To Oxygen Radical,DOWN,17,0,13874,0,1.0,,,1.0
GO_BP,GOBP_RESPONSE_TO_PAIN,Response To Pain,DOWN,19,0,13874,0,1.0,,,1.0
GO_BP,GOBP_RESPONSE_TO_PEPTIDE_HORMONE,Response To Peptide Hormone,DOWN,332,0,13874,0,1.0,,,1.0
GO_BP,GOBP_RESPONSE_TO_PH,Response To Ph,DOWN,23,0,13874,0,1.0,,,1.0
GO_BP,GOBP_RESPONSE_TO_PLATELET_DERIVED_GROWTH_FACTOR,Response To Platelet Derived Growth Factor,DOWN,25,0,13874,0,1.0,,,1.0
GO_BP,GOBP_RESPONSE_TO_PROGESTERONE,Response To Progesterone,DOWN,24,0,13874,0,1.0,,,1.0
GO_BP,GOBP_RESPONSE_TO_PROSTAGLANDIN,Response To Prostaglandin,DOWN,29,0,13874,0,1.0,,,1.0
GO_BP,GOBP_RESPONSE_TO_PROSTAGLANDIN_E,Response To Prostaglandin E,DOWN,23,0,13874,0,1.0,,,1.0
GO_BP,GOBP_RESPONSE_TO_PURINE_CONTAINING_COMPOUND,Response To Purine Containing Compound,DOWN,87,0,13874,0,1.0,,,1.0
GO_BP,GOBP_RESPONSE_TO_RADIATION,Response To Radiation,DOWN,330,0,13874,0,1.0,,,1.0
GO_BP,GOBP_RESPONSE_TO_REACTIVE_OXYGEN_SPECIES,Response To Reactive Oxygen Species,DOWN,145,0,13874,0,1.0,,,1.0
GO_BP,GOBP_RESPONSE_TO_RETINOIC_ACID,Response To Retinoic Acid,DOWN,71,0,13874,0,1.0,,,1.0
GO_BP,GOBP_RESPONSE_TO_SALT,Response To Salt,DOWN,19,0,13874,0,1.0,,,1.0
GO_BP,GOBP_RESPONSE_TO_STARVATION,Response To Starvation,DOWN,190,0,13874,0,1.0,,,1.0
GO_BP,GOBP_RESPONSE_TO_STEROID_HORMONE,Response To Steroid Hormone,DOWN,232,0,13874,0,1.0,,,1.0
GO_BP,GOBP_RESPONSE_TO_STEROL,Response To Sterol,DOWN,21,0,13874,0,1.0,,,1.0
GO_BP,GOBP_RESPONSE_TO_STEROL_DEPLETION,Response To Sterol Depletion,DOWN,19,0,13874,0,1.0,,,1.0
GO_BP,GOBP_RESPONSE_TO_TEMPERATURE_STIMULUS,Response To Temperature Stimulus,DOWN,133,0,13874,0,1.0,,,1.0
GO_BP,GOBP_RESPONSE_TO_TESTOSTERONE,Response To Testosterone,DOWN,27,0,13874,0,1.0,,,1.0
GO_BP,GOBP_RESPONSE_TO_TOPOLOGICALLY_INCORRECT_PROTEIN,Response To Topologically Incorrect Protein,DOWN,158,0,13874,0,1.0,,,1.0
GO_BP,GOBP_RESPONSE_TO_TOXIC_SUBSTANCE,Response To Toxic Substance,DOWN,159,0,13874,0,1.0,,,1.0
GO_BP,GOBP_RESPONSE_TO_TRANSFORMING_GROWTH_FACTOR_BETA,Response To Transforming Growth Factor Beta,DOWN,221,0,13874,0,1.0,,,1.0
GO_BP,GOBP_RESPONSE_TO_TUMOR_CELL,Response To Tumor Cell,DOWN,31,0,13874,0,1.0,,,1.0
GO_BP,GOBP_RESPONSE_TO_TUMOR_NECROSIS_FACTOR,Response To Tumor Necrosis Factor,DOWN,170,0,13874,0,1.0,,,1.0
GO_BP,GOBP_RESPONSE_TO_TYPE_II_INTERFERON,Response To Type Ii Interferon,DOWN,104,0,13874,0,1.0,,,1.0
GO_BP,GOBP_RESPONSE_TO_TYPE_I_INTERFERON,Response To Type I Interferon,DOWN,103,0,13874,0,1.0,,,1.0
GO_BP,GOBP_RESPONSE_TO_UV,Response To Uv,DOWN,136,0,13874,0,1.0,,,1.0
GO_BP,GOBP_RESPONSE_TO_UV_B,Response To Uv B,DOWN,16,0,13874,0,1.0,,,1.0
GO_BP,GOBP_RESPONSE_TO_VIRUS,Response To Virus,DOWN,312,0,13874,0,1.0,,,1.0
GO_BP,GOBP_RESPONSE_TO_VITAMIN,Response To Vitamin,DOWN,58,0,13874,0,1.0,,,1.0
GO_BP,GOBP_RESPONSE_TO_VITAMIN_D,Response To Vitamin D,DOWN,25,0,13874,0,1.0,,,1.0
GO_BP,GOBP_RESPONSE_TO_WOUNDING,Response To Wounding,DOWN,384,0,13874,0,1.0,,,1.0
GO_BP,GOBP_RESPONSE_TO_XENOBIOTIC_STIMULUS,Response To Xenobiotic Stimulus,DOWN,230,0,13874,0,1.0,,,1.0
GO_BP,GOBP_RESPONSE_TO_X_RAY,Response To X Ray,DOWN,21,0,13874,0,1.0,,,1.0
GO_BP,GOBP_RESPONSE_TO_ZINC_ION,Response To Zinc Ion,DOWN,22,0,13874,0,1.0,,,1.0
GO_BP,GOBP_RETICULOPHAGY,Reticulophagy,DOWN,24,0,13874,0,1.0,,,1.0
GO_BP,GOBP_RETINA_DEVELOPMENT_IN_CAMERA_TYPE_EYE,Retina Development In Camera Type Eye,DOWN,96,0,13874,0,1.0,,,1.0
GO_BP,GOBP_RETINA_HOMEOSTASIS,Retina Homeostasis,DOWN,32,0,13874,0,1.0,,,1.0
GO_BP,GOBP_RETINA_MORPHOGENESIS_IN_CAMERA_TYPE_EYE,Retina Morphogenesis In Camera Type Eye,DOWN,30,0,13874,0,1.0,,,1.0
GO_BP,GOBP_RETINA_VASCULATURE_DEVELOPMENT_IN_CAMERA_TYPE_EYE,Retina Vasculature Development In Camera Type Eye,DOWN,18,0,13874,0,1.0,,,1.0
GO_BP,GOBP_RETINOIC_ACID_RECEPTOR_SIGNALING_PATHWAY,Retinoic Acid Receptor Signaling Pathway,DOWN,29,0,13874,0,1.0,,,1.0
GO_BP,GOBP_RETINOL_METABOLIC_PROCESS,Retinol Metabolic Process,DOWN,28,0,13874,0,1.0,,,1.0
GO_BP,GOBP_RETROGRADE_AXONAL_TRANSPORT,Retrograde Axonal Transport,DOWN,18,0,13874,0,1.0,,,1.0
GO_BP,GOBP_RETROGRADE_TRANSPORT_ENDOSOME_TO_GOLGI,Retrograde Transport Endosome To Golgi,DOWN,101,0,13874,0,1.0,,,1.0
GO_BP,GOBP_RETROGRADE_VESICLE_MEDIATED_TRANSPORT_GOLGI_TO_ENDOPLASMIC_RETICULUM,Retrograde Vesicle Mediated Transport Golgi To Endoplasmic Reticulum,DOWN,52,0,13874,0,1.0,,,1.0
GO_BP,GOBP_RHO_PROTEIN_SIGNAL_TRANSDUCTION,Rho Protein Signal Transduction,DOWN,116,0,13874,0,1.0,,,1.0
GO_BP,GOBP_RHYTHMIC_BEHAVIOR,Rhythmic Behavior,DOWN,26,0,13874,0,1.0,,,1.0
GO_BP,GOBP_RHYTHMIC_PROCESS,Rhythmic Process,DOWN,209,0,13874,0,1.0,,,1.0
GO_BP,GOBP_RIBONUCLEOPROTEIN_COMPLEX_BIOGENESIS,Ribonucleoprotein Complex Biogenesis,DOWN,471,0,13874,0,1.0,,,1.0
GO_BP,GOBP_RIBONUCLEOSIDE_METABOLIC_PROCESS,Ribonucleoside Metabolic Process,DOWN,18,0,13874,0,1.0,,,1.0
GO_BP,GOBP_RIBONUCLEOSIDE_MONOPHOSPHATE_BIOSYNTHETIC_PROCESS,Ribonucleoside Monophosphate Biosynthetic Process,DOWN,32,0,13874,0,1.0,,,1.0
GO_BP,GOBP_RIBONUCLEOSIDE_MONOPHOSPHATE_CATABOLIC_PROCESS,Ribonucleoside Monophosphate Catabolic Process,DOWN,15,0,13874,0,1.0,,,1.0
GO_BP,GOBP_RIBONUCLEOTIDE_CATABOLIC_PROCESS,Ribonucleotide Catabolic Process,DOWN,109,0,13874,0,1.0,,,1.0
GO_BP,GOBP_RIBOSE_PHOSPHATE_BIOSYNTHETIC_PROCESS,Ribose Phosphate Biosynthetic Process,DOWN,156,0,13874,0,1.0,,,1.0
GO_BP,GOBP_RIBOSE_PHOSPHATE_METABOLIC_PROCESS,Ribose Phosphate Metabolic Process,DOWN,305,0,13874,0,1.0,,,1.0
GO_BP,GOBP_RIBOSOMAL_LARGE_SUBUNIT_ASSEMBLY,Ribosomal Large Subunit Assembly,DOWN,27,0,13874,0,1.0,,,1.0
GO_BP,GOBP_RIBOSOMAL_LARGE_SUBUNIT_BIOGENESIS,Ribosomal Large Subunit Biogenesis,DOWN,73,0,13874,0,1.0,,,1.0
GO_BP,GOBP_RIBOSOMAL_SMALL_SUBUNIT_ASSEMBLY,Ribosomal Small Subunit Assembly,DOWN,22,0,13874,0,1.0,,,1.0
GO_BP,GOBP_RIBOSOMAL_SMALL_SUBUNIT_BIOGENESIS,Ribosomal Small Subunit Biogenesis,DOWN,110,0,13874,0,1.0,,,1.0
GO_BP,GOBP_RIBOSOME_ASSEMBLY,Ribosome Assembly,DOWN,66,0,13874,0,1.0,,,1.0
GO_BP,GOBP_RIBOSOME_ASSOCIATED_UBIQUITIN_DEPENDENT_PROTEIN_CATABOLIC_PROCESS,Ribosome Associated Ubiquitin Dependent Protein Catabolic Process,DOWN,18,0,13874,0,1.0,,,1.0
GO_BP,GOBP_RIBOSOME_BIOGENESIS,Ribosome Biogenesis,DOWN,311,0,13874,0,1.0,,,1.0
GO_BP,GOBP_RIBOSOME_DISASSEMBLY,Ribosome Disassembly,DOWN,45,0,13874,0,1.0,,,1.0
GO_BP,GOBP_RIG_I_SIGNALING_PATHWAY,Rig I Signaling Pathway,DOWN,26,0,13874,0,1.0,,,1.0
GO_BP,GOBP_RNA_3_END_PROCESSING,Rna 3 End Processing,DOWN,90,0,13874,0,1.0,,,1.0
GO_BP,GOBP_RNA_5_END_PROCESSING,Rna 5 End Processing,DOWN,37,0,13874,0,1.0,,,1.0
GO_BP,GOBP_RNA_CAPPING,Rna Capping,DOWN,17,0,13874,0,1.0,,,1.0
GO_BP,GOBP_RNA_DECAPPING,Rna Decapping,DOWN,28,0,13874,0,1.0,,,1.0
GO_BP,GOBP_RNA_EXPORT_FROM_NUCLEUS,Rna Export From Nucleus,DOWN,86,0,13874,0,1.0,,,1.0
GO_BP,GOBP_RNA_LOCALIZATION,Rna Localization,DOWN,190,0,13874,0,1.0,,,1.0
GO_BP,GOBP_RNA_METHYLATION,Rna Methylation,DOWN,86,0,13874,0,1.0,,,1.0
GO_BP,GOBP_RNA_MODIFICATION,Rna Modification,DOWN,167,0,13874,0,1.0,,,1.0
GO_BP,GOBP_RNA_POLYMERASE_II_PREINITIATION_COMPLEX_ASSEMBLY,Rna Polymerase Ii Preinitiation Complex Assembly,DOWN,57,0,13874,0,1.0,,,1.0
GO_BP,GOBP_RNA_POLYMERASE_II_TRANSCRIPTION_INITIATION_SURVEILLANCE,Rna Polymerase Ii Transcription Initiation Surveillance,DOWN,19,0,13874,0,1.0,,,1.0
GO_BP,GOBP_RNA_SPLICING,Rna Splicing,DOWN,425,0,13874,0,1.0,,,1.0
GO_BP,GOBP_RNA_SPLICING_VIA_ENDONUCLEOLYTIC_CLEAVAGE_AND_LIGATION,Rna Splicing Via Endonucleolytic Cleavage And Ligation,DOWN,15,0,13874,0,1.0,,,1.0
GO_BP,GOBP_RNA_SPLICING_VIA_TRANSESTERIFICATION_REACTIONS,Rna Splicing Via Transesterification Reactions,DOWN,307,0,13874,0,1.0,,,1.0
GO_BP,GOBP_RNA_SURVEILLANCE,Rna Surveillance,DOWN,39,0,13874,0,1.0,,,1.0
GO_BP,GOBP_RNA_TEMPLATED_DNA_BIOSYNTHETIC_PROCESS,Rna Templated Dna Biosynthetic Process,DOWN,57,0,13874,0,1.0,,,1.0
GO_BP,GOBP_ROOF_OF_MOUTH_DEVELOPMENT,Roof Of Mouth Development,DOWN,71,0,13874,0,1.0,,,1.0
GO_BP,GOBP_RRNA_CATABOLIC_PROCESS,Rrna Catabolic Process,DOWN,17,0,13874,0,1.0,,,1.0
GO_BP,GOBP_RRNA_METABOLIC_PROCESS,Rrna Metabolic Process,DOWN,268,0,13874,0,1.0,,,1.0
GO_BP,GOBP_RRNA_METHYLATION,Rrna Methylation,DOWN,26,0,13874,0,1.0,,,1.0
GO_BP,GOBP_RRNA_MODIFICATION,Rrna Modification,DOWN,37,0,13874,0,1.0,,,1.0
GO_BP,GOBP_RRNA_PROCESSING,Rrna Processing,DOWN,223,0,13874,0,1.0,,,1.0
GO_BP,GOBP_RRNA_TRANSCRIPTION,Rrna Transcription,DOWN,43,0,13874,0,1.0,,,1.0
GO_BP,GOBP_RUFFLE_ASSEMBLY,Ruffle Assembly,DOWN,33,0,13874,0,1.0,,,1.0
GO_BP,GOBP_RUFFLE_ORGANIZATION,Ruffle Organization,DOWN,42,0,13874,0,1.0,,,1.0
GO_BP,GOBP_SALIVARY_GLAND_DEVELOPMENT,Salivary Gland Development,DOWN,24,0,13874,0,1.0,,,1.0
GO_BP,GOBP_SARCOMERE_ORGANIZATION,Sarcomere Organization,DOWN,23,0,13874,0,1.0,,,1.0
GO_BP,GOBP_SARCOPLASMIC_RETICULUM_CALCIUM_ION_TRANSPORT,Sarcoplasmic Reticulum Calcium Ion Transport,DOWN,26,0,13874,0,1.0,,,1.0
GO_BP,GOBP_SCF_DEPENDENT_PROTEASOMAL_UBIQUITIN_DEPENDENT_PROTEIN_CATABOLIC_PROCESS,Scf Dependent Proteasomal Ubiquitin Dependent Protein Catabolic Process,DOWN,72,0,13874,0,1.0,,,1.0
GO_BP,GOBP_SCHWANN_CELL_DIFFERENTIATION,Schwann Cell Differentiation,DOWN,38,0,13874,0,1.0,,,1.0
GO_BP,GOBP_SECONDARY_METABOLIC_PROCESS,Secondary Metabolic Process,DOWN,31,0,13874,0,1.0,,,1.0
GO_BP,GOBP_SECONDARY_METABOLITE_BIOSYNTHETIC_PROCESS,Secondary Metabolite Biosynthetic Process,DOWN,15,0,13874,0,1.0,,,1.0
GO_BP,GOBP_SECONDARY_PALATE_DEVELOPMENT,Secondary Palate Development,DOWN,18,0,13874,0,1.0,,,1.0
GO_BP,GOBP_SECRETION_BY_TISSUE,Secretion By Tissue,DOWN,19,0,13874,0,1.0,,,1.0
GO_BP,GOBP_SECRETORY_GRANULE_LOCALIZATION,Secretory Granule Localization,DOWN,16,0,13874,0,1.0,,,1.0
GO_BP,GOBP_SECRETORY_GRANULE_ORGANIZATION,Secretory Granule Organization,DOWN,48,0,13874,0,1.0,,,1.0
GO_BP,GOBP_SEGMENTATION,Segmentation,DOWN,62,0,13874,0,1.0,,,1.0
GO_BP,GOBP_SEMAPHORIN_PLEXIN_SIGNALING_PATHWAY,Semaphorin Plexin Signaling Pathway,DOWN,42,0,13874,0,1.0,,,1.0
GO_BP,GOBP_SEMI_LUNAR_VALVE_DEVELOPMENT,Semi Lunar Valve Development,DOWN,35,0,13874,0,1.0,,,1.0
GO_BP,GOBP_SENSORY_ORGAN_DEVELOPMENT,Sensory Organ Development,DOWN,381,0,13874,0,1.0,,,1.0
GO_BP,GOBP_SENSORY_ORGAN_MORPHOGENESIS,Sensory Organ Morphogenesis,DOWN,171,0,13874,0,1.0,,,1.0
GO_BP,GOBP_SENSORY_PERCEPTION,Sensory Perception,DOWN,265,0,13874,0,1.0,,,1.0
GO_BP,GOBP_SENSORY_PERCEPTION_OF_CHEMICAL_STIMULUS,Sensory Perception Of Chemical Stimulus,DOWN,29,0,13874,0,1.0,,,1.0
GO_BP,GOBP_SENSORY_PERCEPTION_OF_LIGHT_STIMULUS,Sensory Perception Of Light Stimulus,DOWN,95,0,13874,0,1.0,,,1.0
GO_BP,GOBP_SENSORY_PERCEPTION_OF_MECHANICAL_STIMULUS,Sensory Perception Of Mechanical Stimulus,DOWN,111,0,13874,0,1.0,,,1.0
GO_BP,GOBP_SENSORY_PERCEPTION_OF_PAIN,Sensory Perception Of Pain,DOWN,46,0,13874,0,1.0,,,1.0
GO_BP,GOBP_SENSORY_PERCEPTION_OF_TEMPERATURE_STIMULUS,Sensory Perception Of Temperature Stimulus,DOWN,16,0,13874,0,1.0,,,1.0
GO_BP,GOBP_SENSORY_SYSTEM_DEVELOPMENT,Sensory System Development,DOWN,275,0,13874,0,1.0,,,1.0
GO_BP,GOBP_SEQUESTERING_OF_CALCIUM_ION,Sequestering Of Calcium Ion,DOWN,81,0,13874,0,1.0,,,1.0
GO_BP,GOBP_SEX_DIFFERENTIATION,Sex Differentiation,DOWN,169,0,13874,0,1.0,,,1.0
GO_BP,GOBP_SIGNALING_RECEPTOR_LIGAND_PRECURSOR_PROCESSING,Signaling Receptor Ligand Precursor Processing,DOWN,32,0,13874,0,1.0,,,1.0
GO_BP,GOBP_SIGNAL_RELEASE,Signal Release,DOWN,282,0,13874,0,1.0,,,1.0
GO_BP,GOBP_SIGNAL_TRANSDUCTION_BY_P53_CLASS_MEDIATOR,Signal Transduction By P53 Class Mediator,DOWN,169,0,13874,0,1.0,,,1.0
GO_BP,GOBP_SIGNAL_TRANSDUCTION_IN_ABSENCE_OF_LIGAND,Signal Transduction In Absence Of Ligand,DOWN,51,0,13874,0,1.0,,,1.0
GO_BP,GOBP_SIGNAL_TRANSDUCTION_IN_RESPONSE_TO_DNA_DAMAGE,Signal Transduction In Response To Dna Damage,DOWN,183,0,13874,0,1.0,,,1.0
GO_BP,GOBP_SINGLE_FERTILIZATION,Single Fertilization,DOWN,86,0,13874,0,1.0,,,1.0
GO_BP,GOBP_SISTER_CHROMATID_COHESION,Sister Chromatid Cohesion,DOWN,54,0,13874,0,1.0,,,1.0
GO_BP,GOBP_SISTER_CHROMATID_SEGREGATION,Sister Chromatid Segregation,DOWN,210,0,13874,0,1.0,,,1.0
GO_BP,GOBP_SKELETAL_MUSCLE_CELL_DIFFERENTIATION,Skeletal Muscle Cell Differentiation,DOWN,50,0,13874,0,1.0,,,1.0
GO_BP,GOBP_SKELETAL_MUSCLE_CELL_PROLIFERATION,Skeletal Muscle Cell Proliferation,DOWN,17,0,13874,0,1.0,,,1.0
GO_BP,GOBP_SKELETAL_MUSCLE_CONTRACTION,Skeletal Muscle Contraction,DOWN,23,0,13874,0,1.0,,,1.0
GO_BP,GOBP_SKELETAL_MUSCLE_ORGAN_DEVELOPMENT,Skeletal Muscle Organ Development,DOWN,132,0,13874,0,1.0,,,1.0
GO_BP,GOBP_SKELETAL_MUSCLE_TISSUE_REGENERATION,Skeletal Muscle Tissue Regeneration,DOWN,28,0,13874,0,1.0,,,1.0
GO_BP,GOBP_SKELETAL_SYSTEM_DEVELOPMENT,Skeletal System Development,DOWN,394,0,13874,0,1.0,,,1.0
GO_BP,GOBP_SKELETAL_SYSTEM_MORPHOGENESIS,Skeletal System Morphogenesis,DOWN,168,0,13874,0,1.0,,,1.0
GO_BP,GOBP_SKIN_DEVELOPMENT,Skin Development,DOWN,171,0,13874,0,1.0,,,1.0
GO_BP,GOBP_SKIN_EPIDERMIS_DEVELOPMENT,Skin Epidermis Development,DOWN,84,0,13874,0,1.0,,,1.0
GO_BP,GOBP_SMAD_PROTEIN_SIGNAL_TRANSDUCTION,Smad Protein Signal Transduction,DOWN,68,0,13874,0,1.0,,,1.0
GO_BP,GOBP_SMALL_GTPASE_MEDIATED_SIGNAL_TRANSDUCTION,Small Gtpase Mediated Signal Transduction,DOWN,413,0,13874,0,1.0,,,1.0
GO_BP,GOBP_SMALL_MOLECULE_BIOSYNTHETIC_PROCESS,Small Molecule Biosynthetic Process,DOWN,428,0,13874,0,1.0,,,1.0
GO_BP,GOBP_SMALL_MOLECULE_CATABOLIC_PROCESS,Small Molecule Catabolic Process,DOWN,247,0,13874,0,1.0,,,1.0
GO_BP,GOBP_SMOOTHENED_SIGNALING_PATHWAY,Smoothened Signaling Pathway,DOWN,121,0,13874,0,1.0,,,1.0
GO_BP,GOBP_SMOOTH_MUSCLE_CELL_APOPTOTIC_PROCESS,Smooth Muscle Cell Apoptotic Process,DOWN,20,0,13874,0,1.0,,,1.0
GO_BP,GOBP_SMOOTH_MUSCLE_CELL_DIFFERENTIATION,Smooth Muscle Cell Differentiation,DOWN,51,0,13874,0,1.0,,,1.0
GO_BP,GOBP_SMOOTH_MUSCLE_CELL_MIGRATION,Smooth Muscle Cell Migration,DOWN,55,0,13874,0,1.0,,,1.0
GO_BP,GOBP_SMOOTH_MUSCLE_CELL_PROLIFERATION,Smooth Muscle Cell Proliferation,DOWN,94,0,13874,0,1.0,,,1.0
GO_BP,GOBP_SMOOTH_MUSCLE_CONTRACTION,Smooth Muscle Contraction,DOWN,55,0,13874,0,1.0,,,1.0
GO_BP,GOBP_SMOOTH_MUSCLE_TISSUE_DEVELOPMENT,Smooth Muscle Tissue Development,DOWN,21,0,13874,0,1.0,,,1.0
GO_BP,GOBP_SNARE_COMPLEX_ASSEMBLY,Snare Complex Assembly,DOWN,22,0,13874,0,1.0,,,1.0
GO_BP,GOBP_SNRNA_3_END_PROCESSING,Snrna 3 End Processing,DOWN,22,0,13874,0,1.0,,,1.0
GO_BP,GOBP_SNRNA_METABOLIC_PROCESS,Snrna Metabolic Process,DOWN,57,0,13874,0,1.0,,,1.0
GO_BP,GOBP_SNRNA_PROCESSING,Snrna Processing,DOWN,37,0,13874,0,1.0,,,1.0
GO_BP,GOBP_SNRNA_TRANSCRIPTION,Snrna Transcription,DOWN,17,0,13874,0,1.0,,,1.0
GO_BP,GOBP_SODIUM_ION_HOMEOSTASIS,Sodium Ion Homeostasis,DOWN,22,0,13874,0,1.0,,,1.0
GO_BP,GOBP_SODIUM_ION_IMPORT_ACROSS_PLASMA_MEMBRANE,Sodium Ion Import Across Plasma Membrane,DOWN,17,0,13874,0,1.0,,,1.0
GO_BP,GOBP_SODIUM_ION_TRANSMEMBRANE_TRANSPORT,Sodium Ion Transmembrane Transport,DOWN,83,0,13874,0,1.0,,,1.0
GO_BP,GOBP_SODIUM_ION_TRANSPORT,Sodium Ion Transport,DOWN,116,0,13874,0,1.0,,,1.0
GO_BP,GOBP_SOMATIC_DIVERSIFICATION_OF_IMMUNE_RECEPTORS,Somatic Diversification Of Immune Receptors,DOWN,65,0,13874,0,1.0,,,1.0
GO_BP,GOBP_SOMATIC_DIVERSIFICATION_OF_IMMUNOGLOBULINS,Somatic Diversification Of Immunoglobulins,DOWN,56,0,13874,0,1.0,,,1.0
GO_BP,GOBP_SOMATIC_STEM_CELL_POPULATION_MAINTENANCE,Somatic Stem Cell Population Maintenance,DOWN,29,0,13874,0,1.0,,,1.0
GO_BP,GOBP_SOMITE_DEVELOPMENT,Somite Development,DOWN,51,0,13874,0,1.0,,,1.0
GO_BP,GOBP_SOMITOGENESIS,Somitogenesis,DOWN,38,0,13874,0,1.0,,,1.0
GO_BP,GOBP_SPECIFICATION_OF_ANIMAL_ORGAN_IDENTITY,Specification Of Animal Organ Identity,DOWN,27,0,13874,0,1.0,,,1.0
GO_BP,GOBP_SPECIFICATION_OF_SYMMETRY,Specification Of Symmetry,DOWN,91,0,13874,0,1.0,,,1.0
GO_BP,GOBP_SPERMATID_DIFFERENTIATION,Spermatid Differentiation,DOWN,126,0,13874,0,1.0,,,1.0
GO_BP,GOBP_SPERMATID_NUCLEUS_DIFFERENTIATION,Spermatid Nucleus Differentiation,DOWN,17,0,13874,0,1.0,,,1.0
GO_BP,GOBP_SPERM_AXONEME_ASSEMBLY,Sperm Axoneme Assembly,DOWN,20,0,13874,0,1.0,,,1.0
GO_BP,GOBP_SPERM_EGG_RECOGNITION,Sperm Egg Recognition,DOWN,22,0,13874,0,1.0,,,1.0
GO_BP,GOBP_SPERM_FLAGELLUM_ASSEMBLY,Sperm Flagellum Assembly,DOWN,37,0,13874,0,1.0,,,1.0
GO_BP,GOBP_SPHINGOID_BIOSYNTHETIC_PROCESS,Sphingoid Biosynthetic Process,DOWN,15,0,13874,0,1.0,,,1.0
GO_BP,GOBP_SPHINGOID_METABOLIC_PROCESS,Sphingoid Metabolic Process,DOWN,22,0,13874,0,1.0,,,1.0
GO_BP,GOBP_SPHINGOLIPID_BIOSYNTHETIC_PROCESS,Sphingolipid Biosynthetic Process,DOWN,81,0,13874,0,1.0,,,1.0
GO_BP,GOBP_SPHINGOLIPID_METABOLIC_PROCESS,Sphingolipid Metabolic Process,DOWN,120,0,13874,0,1.0,,,1.0
GO_BP,GOBP_SPHINGOMYELIN_METABOLIC_PROCESS,Sphingomyelin Metabolic Process,DOWN,16,0,13874,0,1.0,,,1.0
GO_BP,GOBP_SPINAL_CORD_DEVELOPMENT,Spinal Cord Development,DOWN,61,0,13874,0,1.0,,,1.0
GO_BP,GOBP_SPINAL_CORD_MOTOR_NEURON_DIFFERENTIATION,Spinal Cord Motor Neuron Differentiation,DOWN,19,0,13874,0,1.0,,,1.0
GO_BP,GOBP_SPINDLE_ASSEMBLY,Spindle Assembly,DOWN,123,0,13874,0,1.0,,,1.0
GO_BP,GOBP_SPINDLE_LOCALIZATION,Spindle Localization,DOWN,49,0,13874,0,1.0,,,1.0
GO_BP,GOBP_SPINDLE_ORGANIZATION,Spindle Organization,DOWN,184,0,13874,0,1.0,,,1.0
GO_BP,GOBP_SPLEEN_DEVELOPMENT,Spleen Development,DOWN,30,0,13874,0,1.0,,,1.0
GO_BP,GOBP_SPLICEOSOMAL_COMPLEX_ASSEMBLY,Spliceosomal Complex Assembly,DOWN,74,0,13874,0,1.0,,,1.0
GO_BP,GOBP_SPLICEOSOMAL_CONFORMATIONAL_CHANGES_TO_GENERATE_CATALYTIC_CONFORMATION,Spliceosomal Conformational Changes To Generate Catalytic Conformation,DOWN,38,0,13874,0,1.0,,,1.0
GO_BP,GOBP_SPLICEOSOMAL_SNRNP_ASSEMBLY,Spliceosomal Snrnp Assembly,DOWN,69,0,13874,0,1.0,,,1.0
GO_BP,GOBP_SPLICEOSOMAL_TRI_SNRNP_COMPLEX_ASSEMBLY,Spliceosomal Tri Snrnp Complex Assembly,DOWN,36,0,13874,0,1.0,,,1.0
GO_BP,GOBP_SPROUTING_ANGIOGENESIS,Sprouting Angiogenesis,DOWN,111,0,13874,0,1.0,,,1.0
GO_BP,GOBP_SRP_DEPENDENT_COTRANSLATIONAL_PROTEIN_TARGETING_TO_MEMBRANE,Srp Dependent Cotranslational Protein Targeting To Membrane,DOWN,17,0,13874,0,1.0,,,1.0
GO_BP,GOBP_STEM_CELL_DEVELOPMENT,Stem Cell Development,DOWN,64,0,13874,0,1.0,,,1.0
GO_BP,GOBP_STEM_CELL_DIFFERENTIATION,Stem Cell Differentiation,DOWN,181,0,13874,0,1.0,,,1.0
GO_BP,GOBP_STEM_CELL_DIVISION,Stem Cell Division,DOWN,24,0,13874,0,1.0,,,1.0
GO_BP,GOBP_STEM_CELL_PROLIFERATION,Stem Cell Proliferation,DOWN,56,0,13874,0,1.0,,,1.0
GO_BP,GOBP_STEROID_BIOSYNTHETIC_PROCESS,Steroid Biosynthetic Process,DOWN,115,0,13874,0,1.0,,,1.0
GO_BP,GOBP_STEROID_CATABOLIC_PROCESS,Steroid Catabolic Process,DOWN,15,0,13874,0,1.0,,,1.0
GO_BP,GOBP_STEROID_HORMONE_BIOSYNTHETIC_PROCESS,Steroid Hormone Biosynthetic Process,DOWN,32,0,13874,0,1.0,,,1.0
GO_BP,GOBP_STEROID_HORMONE_RECEPTOR_SIGNALING_PATHWAY,Steroid Hormone Receptor Signaling Pathway,DOWN,110,0,13874,0,1.0,,,1.0
GO_BP,GOBP_STEROID_METABOLIC_PROCESS,Steroid Metabolic Process,DOWN,212,0,13874,0,1.0,,,1.0
GO_BP,GOBP_STEROL_BIOSYNTHETIC_PROCESS,Sterol Biosynthetic Process,DOWN,57,0,13874,0,1.0,,,1.0
GO_BP,GOBP_STEROL_HOMEOSTASIS,Sterol Homeostasis,DOWN,63,0,13874,0,1.0,,,1.0
GO_BP,GOBP_STEROL_METABOLIC_PROCESS,Sterol Metabolic Process,DOWN,117,0,13874,0,1.0,,,1.0
GO_BP,GOBP_STEROL_TRANSPORT,Sterol Transport,DOWN,84,0,13874,0,1.0,,,1.0
GO_BP,GOBP_STRESS_ACTIVATED_PROTEIN_KINASE_SIGNALING_CASCADE,Stress Activated Protein Kinase Signaling Cascade,DOWN,50,0,13874,0,1.0,,,1.0
GO_BP,GOBP_STRESS_FIBER_ASSEMBLY,Stress Fiber Assembly,DOWN,95,0,13874,0,1.0,,,1.0
GO_BP,GOBP_STRESS_GRANULE_ASSEMBLY,Stress Granule Assembly,DOWN,33,0,13874,0,1.0,,,1.0
GO_BP,GOBP_STRIATED_MUSCLE_ADAPTATION,Striated Muscle Adaptation,DOWN,22,0,13874,0,1.0,,,1.0
GO_BP,GOBP_STRIATED_MUSCLE_CELL_APOPTOTIC_PROCESS,Striated Muscle Cell Apoptotic Process,DOWN,34,0,13874,0,1.0,,,1.0
GO_BP,GOBP_STRIATED_MUSCLE_CELL_DIFFERENTIATION,Striated Muscle Cell Differentiation,DOWN,240,0,13874,0,1.0,,,1.0
GO_BP,GOBP_STRIATED_MUSCLE_CELL_PROLIFERATION,Striated Muscle Cell Proliferation,DOWN,53,0,13874,0,1.0,,,1.0
GO_BP,GOBP_STRIATED_MUSCLE_CONTRACTION,Striated Muscle Contraction,DOWN,148,0,13874,0,1.0,,,1.0
GO_BP,GOBP_STRIATUM_DEVELOPMENT,Striatum Development,DOWN,15,0,13874,0,1.0,,,1.0
GO_BP,GOBP_SUBPALLIUM_DEVELOPMENT,Subpallium Development,DOWN,16,0,13874,0,1.0,,,1.0
GO_BP,GOBP_SUBSTANTIA_NIGRA_DEVELOPMENT,Substantia Nigra Development,DOWN,36,0,13874,0,1.0,,,1.0
GO_BP,GOBP_SUBSTRATE_ADHESION_DEPENDENT_CELL_SPREADING,Substrate Adhesion Dependent Cell Spreading,DOWN,84,0,13874,0,1.0,,,1.0
GO_BP,GOBP_SUBSTRATE_DEPENDENT_CELL_MIGRATION,Substrate Dependent Cell Migration,DOWN,26,0,13874,0,1.0,,,1.0
GO_BP,GOBP_SULFUR_AMINO_ACID_BIOSYNTHETIC_PROCESS,Sulfur Amino Acid Biosynthetic Process,DOWN,15,0,13874,0,1.0,,,1.0
GO_BP,GOBP_SULFUR_AMINO_ACID_METABOLIC_PROCESS,Sulfur Amino Acid Metabolic Process,DOWN,30,0,13874,0,1.0,,,1.0
GO_BP,GOBP_SULFUR_COMPOUND_BIOSYNTHETIC_PROCESS,Sulfur Compound Biosynthetic Process,DOWN,98,0,13874,0,1.0,,,1.0
GO_BP,GOBP_SULFUR_COMPOUND_CATABOLIC_PROCESS,Sulfur Compound Catabolic Process,DOWN,25,0,13874,0,1.0,,,1.0
GO_BP,GOBP_SULFUR_COMPOUND_METABOLIC_PROCESS,Sulfur Compound Metabolic Process,DOWN,200,0,13874,0,1.0,,,1.0
GO_BP,GOBP_SULFUR_COMPOUND_TRANSPORT,Sulfur Compound Transport,DOWN,48,0,13874,0,1.0,,,1.0
GO_BP,GOBP_SUPEROXIDE_ANION_GENERATION,Superoxide Anion Generation,DOWN,21,0,13874,0,1.0,,,1.0
GO_BP,GOBP_SUPEROXIDE_METABOLIC_PROCESS,Superoxide Metabolic Process,DOWN,42,0,13874,0,1.0,,,1.0
GO_BP,GOBP_SUPPRESSION_OF_VIRAL_RELEASE_BY_HOST,Suppression Of Viral Release By Host,DOWN,15,0,13874,0,1.0,,,1.0
GO_BP,GOBP_SYMBIONT_ENTRY_INTO_HOST,Symbiont Entry Into Host,DOWN,96,0,13874,0,1.0,,,1.0
GO_BP,GOBP_SYNAPSE_ASSEMBLY,Synapse Assembly,DOWN,176,0,13874,0,1.0,,,1.0
GO_BP,GOBP_SYNAPSE_MATURATION,Synapse Maturation,DOWN,27,0,13874,0,1.0,,,1.0
GO_BP,GOBP_SYNAPSE_ORGANIZATION,Synapse Organization,DOWN,385,0,13874,0,1.0,,,1.0
GO_BP,GOBP_SYNAPTIC_MEMBRANE_ADHESION,Synaptic Membrane Adhesion,DOWN,19,0,13874,0,1.0,,,1.0
GO_BP,GOBP_SYNAPTIC_SIGNALING,Synaptic Signaling,DOWN,459,0,13874,0,1.0,,,1.0
GO_BP,GOBP_SYNAPTIC_TRANSMISSION_GABAERGIC,Synaptic Transmission Gabaergic,DOWN,24,0,13874,0,1.0,,,1.0
GO_BP,GOBP_SYNAPTIC_TRANSMISSION_GLUTAMATERGIC,Synaptic Transmission Glutamatergic,DOWN,52,0,13874,0,1.0,,,1.0
GO_BP,GOBP_SYNAPTIC_VESICLE_CYTOSKELETAL_TRANSPORT,Synaptic Vesicle Cytoskeletal Transport,DOWN,17,0,13874,0,1.0,,,1.0
GO_BP,GOBP_SYNAPTIC_VESICLE_EXOCYTOSIS,Synaptic Vesicle Exocytosis,DOWN,69,0,13874,0,1.0,,,1.0
GO_BP,GOBP_SYNAPTIC_VESICLE_LOCALIZATION,Synaptic Vesicle Localization,DOWN,51,0,13874,0,1.0,,,1.0
GO_BP,GOBP_SYNAPTIC_VESICLE_MATURATION,Synaptic Vesicle Maturation,DOWN,20,0,13874,0,1.0,,,1.0
GO_BP,GOBP_SYNAPTIC_VESICLE_MEMBRANE_ORGANIZATION,Synaptic Vesicle Membrane Organization,DOWN,21,0,13874,0,1.0,,,1.0
GO_BP,GOBP_SYNAPTIC_VESICLE_PRIMING,Synaptic Vesicle Priming,DOWN,20,0,13874,0,1.0,,,1.0
GO_BP,GOBP_SYNAPTIC_VESICLE_RECYCLING,Synaptic Vesicle Recycling,DOWN,76,0,13874,0,1.0,,,1.0
GO_BP,GOBP_SYNAPTIC_VESICLE_TRANSPORT,Synaptic Vesicle Transport,DOWN,43,0,13874,0,1.0,,,1.0
GO_BP,GOBP_SYNCYTIUM_FORMATION,Syncytium Formation,DOWN,79,0,13874,0,1.0,,,1.0
GO_BP,GOBP_TAIL_ANCHORED_MEMBRANE_PROTEIN_INSERTION_INTO_ER_MEMBRANE,Tail Anchored Membrane Protein Insertion Into Er Membrane,DOWN,15,0,13874,0,1.0,,,1.0
GO_BP,GOBP_TAXIS,Taxis,DOWN,271,0,13874,0,1.0,,,1.0
GO_BP,GOBP_TELENCEPHALON_DEVELOPMENT,Telencephalon Development,DOWN,197,0,13874,0,1.0,,,1.0
GO_BP,GOBP_TELENCEPHALON_GLIAL_CELL_MIGRATION,Telencephalon Glial Cell Migration,DOWN,21,0,13874,0,1.0,,,1.0
GO_BP,GOBP_TELOMERASE_RNA_LOCALIZATION,Telomerase Rna Localization,DOWN,19,0,13874,0,1.0,,,1.0
GO_BP,GOBP_TELOMERE_CAPPING,Telomere Capping,DOWN,24,0,13874,0,1.0,,,1.0
GO_BP,GOBP_TELOMERE_MAINTENANCE_IN_RESPONSE_TO_DNA_DAMAGE,Telomere Maintenance In Response To Dna Damage,DOWN,30,0,13874,0,1.0,,,1.0
GO_BP,GOBP_TELOMERE_MAINTENANCE_VIA_TELOMERE_LENGTHENING,Telomere Maintenance Via Telomere Lengthening,DOWN,65,0,13874,0,1.0,,,1.0
GO_BP,GOBP_TELOMERE_ORGANIZATION,Telomere Organization,DOWN,160,0,13874,0,1.0,,,1.0
GO_BP,GOBP_TEMPERATURE_HOMEOSTASIS,Temperature Homeostasis,DOWN,132,0,13874,0,1.0,,,1.0
GO_BP,GOBP_TERMINATION_OF_RNA_POLYMERASE_III_TRANSCRIPTION,Termination Of Rna Polymerase Iii Transcription,DOWN,17,0,13874,0,1.0,,,1.0
GO_BP,GOBP_TERPENOID_BIOSYNTHETIC_PROCESS,Terpenoid Biosynthetic Process,DOWN,20,0,13874,0,1.0,,,1.0
GO_BP,GOBP_TETRAHYDROFOLATE_METABOLIC_PROCESS,Tetrahydrofolate Metabolic Process,DOWN,15,0,13874,0,1.0,,,1.0
GO_BP,GOBP_TETRAPYRROLE_BIOSYNTHETIC_PROCESS,Tetrapyrrole Biosynthetic Process,DOWN,30,0,13874,0,1.0,,,1.0
GO_BP,GOBP_TETRAPYRROLE_METABOLIC_PROCESS,Tetrapyrrole Metabolic Process,DOWN,49,0,13874,0,1.0,,,1.0
GO_BP,GOBP_THYMIC_T_CELL_SELECTION,Thymic T Cell Selection,DOWN,24,0,13874,0,1.0,,,1.0
GO_BP,GOBP_THYMUS_DEVELOPMENT,Thymus Development,DOWN,36,0,13874,0,1.0,,,1.0
GO_BP,GOBP_THYROID_GLAND_DEVELOPMENT,Thyroid Gland Development,DOWN,16,0,13874,0,1.0,,,1.0
GO_BP,GOBP_TIGHT_JUNCTION_ORGANIZATION,Tight Junction Organization,DOWN,46,0,13874,0,1.0,,,1.0
GO_BP,GOBP_TISSUE_HOMEOSTASIS,Tissue Homeostasis,DOWN,170,0,13874,0,1.0,,,1.0
GO_BP,GOBP_TISSUE_MIGRATION,Tissue Migration,DOWN,70,0,13874,0,1.0,,,1.0
GO_BP,GOBP_TISSUE_MORPHOGENESIS,Tissue Morphogenesis,DOWN,429,0,13874,0,1.0,,,1.0
GO_BP,GOBP_TISSUE_REGENERATION,Tissue Regeneration,DOWN,45,0,13874,0,1.0,,,1.0
GO_BP,GOBP_TISSUE_REMODELING,Tissue Remodeling,DOWN,131,0,13874,0,1.0,,,1.0
GO_BP,GOBP_TOLERANCE_INDUCTION,Tolerance Induction,DOWN,19,0,13874,0,1.0,,,1.0
GO_BP,GOBP_TOLL_LIKE_RECEPTOR_3_SIGNALING_PATHWAY,Toll Like Receptor 3 Signaling Pathway,DOWN,21,0,13874,0,1.0,,,1.0
GO_BP,GOBP_TOLL_LIKE_RECEPTOR_SIGNALING_PATHWAY,Toll Like Receptor Signaling Pathway,DOWN,57,0,13874,0,1.0,,,1.0
GO_BP,GOBP_TOOTH_MINERALIZATION,Tooth Mineralization,DOWN,18,0,13874,0,1.0,,,1.0
GO_BP,GOBP_TORC1_SIGNALING,Torc1 Signaling,DOWN,106,0,13874,0,1.0,,,1.0
GO_BP,GOBP_TORC2_SIGNALING,Torc2 Signaling,DOWN,22,0,13874,0,1.0,,,1.0
GO_BP,GOBP_TOR_SIGNALING,Tor Signaling,DOWN,160,0,13874,0,1.0,,,1.0
GO_BP,GOBP_TRABECULA_FORMATION,Trabecula Formation,DOWN,16,0,13874,0,1.0,,,1.0
GO_BP,GOBP_TRABECULA_MORPHOGENESIS,Trabecula Morphogenesis,DOWN,33,0,13874,0,1.0,,,1.0
GO_BP,GOBP_TRACHEA_DEVELOPMENT,Trachea Development,DOWN,15,0,13874,0,1.0,,,1.0
GO_BP,GOBP_TRANSCRIPTION_BY_RNA_POLYMERASE_I,Transcription By Rna Polymerase I,DOWN,68,0,13874,0,1.0,,,1.0
GO_BP,GOBP_TRANSCRIPTION_BY_RNA_POLYMERASE_III,Transcription By Rna Polymerase Iii,DOWN,60,0,13874,0,1.0,,,1.0
GO_BP,GOBP_TRANSCRIPTION_ELONGATION_BY_RNA_POLYMERASE_II,Transcription Elongation By Rna Polymerase Ii,DOWN,129,0,13874,0,1.0,,,1.0
GO_BP,GOBP_TRANSCRIPTION_INITIATION_AT_RNA_POLYMERASE_III_PROMOTER,Transcription Initiation At Rna Polymerase Iii Promoter,DOWN,26,0,13874,0,1.0,,,1.0
GO_BP,GOBP_TRANSCRIPTION_INITIATION_AT_RNA_POLYMERASE_II_PROMOTER,Transcription Initiation At Rna Polymerase Ii Promoter,DOWN,174,0,13874,0,1.0,,,1.0
GO_BP,GOBP_TRANSCRIPTION_INITIATION_AT_RNA_POLYMERASE_I_PROMOTER,Transcription Initiation At Rna Polymerase I Promoter,DOWN,23,0,13874,0,1.0,,,1.0
GO_BP,GOBP_TRANSCRIPTION_PREINITIATION_COMPLEX_ASSEMBLY,Transcription Preinitiation Complex Assembly,DOWN,69,0,13874,0,1.0,,,1.0
GO_BP,GOBP_TRANSCYTOSIS,Transcytosis,DOWN,15,0,13874,0,1.0,,,1.0
GO_BP,GOBP_TRANSEPITHELIAL_TRANSPORT,Transepithelial Transport,DOWN,21,0,13874,0,1.0,,,1.0
GO_BP,GOBP_TRANSFORMING_GROWTH_FACTOR_BETA_PRODUCTION,Transforming Growth Factor Beta Production,DOWN,28,0,13874,0,1.0,,,1.0
GO_BP,GOBP_TRANSFORMING_GROWTH_FACTOR_BETA_RECEPTOR_SIGNALING_PATHWAY,Transforming Growth Factor Beta Receptor Signaling Pathway,DOWN,178,0,13874,0,1.0,,,1.0
GO_BP,GOBP_TRANSITION_METAL_ION_TRANSPORT,Transition Metal Ion Transport,DOWN,72,0,13874,0,1.0,,,1.0
GO_BP,GOBP_TRANSLATIONAL_ELONGATION,Translational Elongation,DOWN,75,0,13874,0,1.0,,,1.0
GO_BP,GOBP_TRANSLATIONAL_INITIATION,Translational Initiation,DOWN,122,0,13874,0,1.0,,,1.0
GO_BP,GOBP_TRANSLATIONAL_TERMINATION,Translational Termination,DOWN,18,0,13874,0,1.0,,,1.0
GO_BP,GOBP_TRANSMISSION_OF_NERVE_IMPULSE,Transmission Of Nerve Impulse,DOWN,31,0,13874,0,1.0,,,1.0
GO_BP,GOBP_TRANSPOSITION,Transposition,DOWN,26,0,13874,0,1.0,,,1.0
GO_BP,GOBP_TRICARBOXYLIC_ACID_CYCLE,Tricarboxylic Acid Cycle,DOWN,29,0,13874,0,1.0,,,1.0
GO_BP,GOBP_TRIGLYCERIDE_METABOLIC_PROCESS,Triglyceride Metabolic Process,DOWN,68,0,13874,0,1.0,,,1.0
GO_BP,GOBP_TRNA_DECAY,Trna Decay,DOWN,15,0,13874,0,1.0,,,1.0
GO_BP,GOBP_TRNA_METABOLIC_PROCESS,Trna Metabolic Process,DOWN,199,0,13874,0,1.0,,,1.0
GO_BP,GOBP_TRNA_METHYLATION,Trna Methylation,DOWN,41,0,13874,0,1.0,,,1.0
GO_BP,GOBP_TRNA_MODIFICATION,Trna Modification,DOWN,95,0,13874,0,1.0,,,1.0
GO_BP,GOBP_TRNA_PROCESSING,Trna Processing,DOWN,135,0,13874,0,1.0,,,1.0
GO_BP,GOBP_TRNA_THREONYLCARBAMOYLADENOSINE_METABOLIC_PROCESS,Trna Threonylcarbamoyladenosine Metabolic Process,DOWN,18,0,13874,0,1.0,,,1.0
GO_BP,GOBP_TRNA_WOBBLE_BASE_MODIFICATION,Trna Wobble Base Modification,DOWN,28,0,13874,0,1.0,,,1.0
GO_BP,GOBP_TRNA_WOBBLE_URIDINE_MODIFICATION,Trna Wobble Uridine Modification,DOWN,19,0,13874,0,1.0,,,1.0
GO_BP,GOBP_TROPHOBLAST_CELL_MIGRATION,Trophoblast Cell Migration,DOWN,19,0,13874,0,1.0,,,1.0
GO_BP,GOBP_TUBE_CLOSURE,Tube Closure,DOWN,75,0,13874,0,1.0,,,1.0
GO_BP,GOBP_TUBE_FORMATION,Tube Formation,DOWN,112,0,13874,0,1.0,,,1.0
GO_BP,GOBP_TUBULIN_DEACETYLATION,Tubulin Deacetylation,DOWN,17,0,13874,0,1.0,,,1.0
GO_BP,GOBP_TUMOR_NECROSIS_FACTOR_MEDIATED_SIGNALING_PATHWAY,Tumor Necrosis Factor Mediated Signaling Pathway,DOWN,98,0,13874,0,1.0,,,1.0
GO_BP,GOBP_TUMOR_NECROSIS_FACTOR_SUPERFAMILY_CYTOKINE_PRODUCTION,Tumor Necrosis Factor Superfamily Cytokine Production,DOWN,113,0,13874,0,1.0,,,1.0
GO_BP,GOBP_TYPE_2_IMMUNE_RESPONSE,Type 2 Immune Response,DOWN,18,0,13874,0,1.0,,,1.0
GO_BP,GOBP_TYPE_2_MITOPHAGY,Type 2 Mitophagy,DOWN,16,0,13874,0,1.0,,,1.0
GO_BP,GOBP_TYPE_B_PANCREATIC_CELL_DEVELOPMENT,Type B Pancreatic Cell Development,DOWN,17,0,13874,0,1.0,,,1.0
GO_BP,GOBP_TYPE_B_PANCREATIC_CELL_DIFFERENTIATION,Type B Pancreatic Cell Differentiation,DOWN,18,0,13874,0,1.0,,,1.0
GO_BP,GOBP_TYPE_B_PANCREATIC_CELL_PROLIFERATION,Type B Pancreatic Cell Proliferation,DOWN,15,0,13874,0,1.0,,,1.0
GO_BP,GOBP_TYPE_II_INTERFERON_MEDIATED_SIGNALING_PATHWAY,Type Ii Interferon Mediated Signaling Pathway,DOWN,23,0,13874,0,1.0,,,1.0
GO_BP,GOBP_TYPE_II_INTERFERON_PRODUCTION,Type Ii Interferon Production,DOWN,75,0,13874,0,1.0,,,1.0
GO_BP,GOBP_TYPE_I_INTERFERON_MEDIATED_SIGNALING_PATHWAY,Type I Interferon Mediated Signaling Pathway,DOWN,61,0,13874,0,1.0,,,1.0
GO_BP,GOBP_TYPE_I_INTERFERON_PRODUCTION,Type I Interferon Production,DOWN,112,0,13874,0,1.0,,,1.0
GO_BP,GOBP_TYROSINE_PHOSPHORYLATION_OF_STAT_PROTEIN,Tyrosine Phosphorylation Of Stat Protein,DOWN,19,0,13874,0,1.0,,,1.0
GO_BP,GOBP_T_CELL_ACTIVATION,T Cell Activation,DOWN,370,0,13874,0,1.0,,,1.0
GO_BP,GOBP_T_CELL_ACTIVATION_INVOLVED_IN_IMMUNE_RESPONSE,T Cell Activation Involved In Immune Response,DOWN,86,0,13874,0,1.0,,,1.0
GO_BP,GOBP_T_CELL_APOPTOTIC_PROCESS,T Cell Apoptotic Process,DOWN,36,0,13874,0,1.0,,,1.0
GO_BP,GOBP_T_CELL_CYTOKINE_PRODUCTION,T Cell Cytokine Production,DOWN,21,0,13874,0,1.0,,,1.0
GO_BP,GOBP_T_CELL_DIFFERENTIATION,T Cell Differentiation,DOWN,222,0,13874,0,1.0,,,1.0
GO_BP,GOBP_T_CELL_DIFFERENTIATION_INVOLVED_IN_IMMUNE_RESPONSE,T Cell Differentiation Involved In Immune Response,DOWN,72,0,13874,0,1.0,,,1.0
GO_BP,GOBP_T_CELL_DIFFERENTIATION_IN_THYMUS,T Cell Differentiation In Thymus,DOWN,66,0,13874,0,1.0,,,1.0
GO_BP,GOBP_T_CELL_HOMEOSTASIS,T Cell Homeostasis,DOWN,45,0,13874,0,1.0,,,1.0
GO_BP,GOBP_T_CELL_LINEAGE_COMMITMENT,T Cell Lineage Commitment,DOWN,24,0,13874,0,1.0,,,1.0
GO_BP,GOBP_T_CELL_MEDIATED_CYTOTOXICITY,T Cell Mediated Cytotoxicity,DOWN,31,0,13874,0,1.0,,,1.0
GO_BP,GOBP_T_CELL_MEDIATED_IMMUNITY,T Cell Mediated Immunity,DOWN,75,0,13874,0,1.0,,,1.0
GO_BP,GOBP_T_CELL_MIGRATION,T Cell Migration,DOWN,41,0,13874,0,1.0,,,1.0
GO_BP,GOBP_T_CELL_PROLIFERATION,T Cell Proliferation,DOWN,119,0,13874,0,1.0,,,1.0
GO_BP,GOBP_T_CELL_RECEPTOR_SIGNALING_PATHWAY,T Cell Receptor Signaling Pathway,DOWN,101,0,13874,0,1.0,,,1.0
GO_BP,GOBP_T_CELL_SELECTION,T Cell Selection,DOWN,46,0,13874,0,1.0,,,1.0
GO_BP,GOBP_T_HELPER_17_CELL_DIFFERENTIATION,T Helper 17 Cell Differentiation,DOWN,38,0,13874,0,1.0,,,1.0
GO_BP,GOBP_T_HELPER_17_TYPE_IMMUNE_RESPONSE,T Helper 17 Type Immune Response,DOWN,49,0,13874,0,1.0,,,1.0
GO_BP,GOBP_T_HELPER_1_CELL_DIFFERENTIATION,T Helper 1 Cell Differentiation,DOWN,32,0,13874,0,1.0,,,1.0
GO_BP,GOBP_T_HELPER_1_TYPE_IMMUNE_RESPONSE,T Helper 1 Type Immune Response,DOWN,45,0,13874,0,1.0,,,1.0
GO_BP,GOBP_T_HELPER_CELL_LINEAGE_COMMITMENT,T Helper Cell Lineage Commitment,DOWN,16,0,13874,0,1.0,,,1.0
GO_BP,GOBP_U2_TYPE_PRESPLICEOSOME_ASSEMBLY,U2 Type Prespliceosome Assembly,DOWN,25,0,13874,0,1.0,,,1.0
GO_BP,GOBP_UBIQUITIN_DEPENDENT_PROTEIN_CATABOLIC_PROCESS_VIA_THE_MULTIVESICULAR_BODY_SORTING_PATHWAY,Ubiquitin Dependent Protein Catabolic Process Via The Multivesicular Body Sorting Pathway,DOWN,34,0,13874,0,1.0,,,1.0
GO_BP,GOBP_UNSATURATED_FATTY_ACID_BIOSYNTHETIC_PROCESS,Unsaturated Fatty Acid Biosynthetic Process,DOWN,33,0,13874,0,1.0,,,1.0
GO_BP,GOBP_UNSATURATED_FATTY_ACID_METABOLIC_PROCESS,Unsaturated Fatty Acid Metabolic Process,DOWN,63,0,13874,0,1.0,,,1.0
GO_BP,GOBP_UROGENITAL_SYSTEM_DEVELOPMENT,Urogenital System Development,DOWN,44,0,13874,0,1.0,,,1.0
GO_BP,GOBP_UTERUS_DEVELOPMENT,Uterus Development,DOWN,18,0,13874,0,1.0,,,1.0
GO_BP,GOBP_VACUOLAR_ACIDIFICATION,Vacuolar Acidification,DOWN,31,0,13874,0,1.0,,,1.0
GO_BP,GOBP_VACUOLAR_LOCALIZATION,Vacuolar Localization,DOWN,61,0,13874,0,1.0,,,1.0
GO_BP,GOBP_VACUOLAR_TRANSPORT,Vacuolar Transport,DOWN,161,0,13874,0,1.0,,,1.0
GO_BP,GOBP_VACUOLE_ORGANIZATION,Vacuole Organization,DOWN,223,0,13874,0,1.0,,,1.0
GO_BP,GOBP_VASCULAR_ASSOCIATED_SMOOTH_MUSCLE_CELL_DIFFERENTIATION,Vascular Associated Smooth Muscle Cell Differentiation,DOWN,22,0,13874,0,1.0,,,1.0
GO_BP,GOBP_VASCULAR_ASSOCIATED_SMOOTH_MUSCLE_CELL_MIGRATION,Vascular Associated Smooth Muscle Cell Migration,DOWN,21,0,13874,0,1.0,,,1.0
GO_BP,GOBP_VASCULAR_ASSOCIATED_SMOOTH_MUSCLE_CELL_PROLIFERATION,Vascular Associated Smooth Muscle Cell Proliferation,DOWN,43,0,13874,0,1.0,,,1.0
GO_BP,GOBP_VASCULAR_ASSOCIATED_SMOOTH_MUSCLE_CONTRACTION,Vascular Associated Smooth Muscle Contraction,DOWN,18,0,13874,0,1.0,,,1.0
GO_BP,GOBP_VASCULAR_ENDOTHELIAL_CELL_PROLIFERATION,Vascular Endothelial Cell Proliferation,DOWN,19,0,13874,0,1.0,,,1.0
GO_BP,GOBP_VASCULAR_ENDOTHELIAL_CELL_RESPONSE_TO_FLUID_SHEAR_STRESS,Vascular Endothelial Cell Response To Fluid Shear Stress,DOWN,24,0,13874,0,1.0,,,1.0
GO_BP,GOBP_VASCULAR_ENDOTHELIAL_CELL_RESPONSE_TO_LAMINAR_FLUID_SHEAR_STRESS,Vascular Endothelial Cell Response To Laminar Fluid Shear Stress,DOWN,19,0,13874,0,1.0,,,1.0
GO_BP,GOBP_VASCULAR_ENDOTHELIAL_GROWTH_FACTOR_PRODUCTION,Vascular Endothelial Growth Factor Production,DOWN,25,0,13874,0,1.0,,,1.0
GO_BP,GOBP_VASCULAR_ENDOTHELIAL_GROWTH_FACTOR_RECEPTOR_SIGNALING_PATHWAY,Vascular Endothelial Growth Factor Receptor Signaling Pathway,DOWN,45,0,13874,0,1.0,,,1.0
GO_BP,GOBP_VASCULAR_ENDOTHELIAL_GROWTH_FACTOR_SIGNALING_PATHWAY,Vascular Endothelial Growth Factor Signaling Pathway,DOWN,39,0,13874,0,1.0,,,1.0
GO_BP,GOBP_VASCULAR_PROCESS_IN_CIRCULATORY_SYSTEM,Vascular Process In Circulatory System,DOWN,166,0,13874,0,1.0,,,1.0
GO_BP,GOBP_VASCULAR_TRANSPORT,Vascular Transport,DOWN,61,0,13874,0,1.0,,,1.0
GO_BP,GOBP_VASCULOGENESIS,Vasculogenesis,DOWN,62,0,13874,0,1.0,,,1.0
GO_BP,GOBP_VASOCONSTRICTION,Vasoconstriction,DOWN,43,0,13874,0,1.0,,,1.0
GO_BP,GOBP_VASODILATION,Vasodilation,DOWN,33,0,13874,0,1.0,,,1.0
GO_BP,GOBP_VENTRAL_SPINAL_CORD_DEVELOPMENT,Ventral Spinal Cord Development,DOWN,24,0,13874,0,1.0,,,1.0
GO_BP,GOBP_VENTRICULAR_CARDIAC_MUSCLE_TISSUE_DEVELOPMENT,Ventricular Cardiac Muscle Tissue Development,DOWN,36,0,13874,0,1.0,,,1.0
GO_BP,GOBP_VENTRICULAR_CARDIAC_MUSCLE_TISSUE_MORPHOGENESIS,Ventricular Cardiac Muscle Tissue Morphogenesis,DOWN,26,0,13874,0,1.0,,,1.0
GO_BP,GOBP_VENTRICULAR_SEPTUM_DEVELOPMENT,Ventricular Septum Development,DOWN,56,0,13874,0,1.0,,,1.0
GO_BP,GOBP_VENTRICULAR_SEPTUM_MORPHOGENESIS,Ventricular Septum Morphogenesis,DOWN,31,0,13874,0,1.0,,,1.0
GO_BP,GOBP_VENTRICULAR_SYSTEM_DEVELOPMENT,Ventricular System Development,DOWN,29,0,13874,0,1.0,,,1.0
GO_BP,GOBP_VERY_LONG_CHAIN_FATTY_ACID_METABOLIC_PROCESS,Very Long Chain Fatty Acid Metabolic Process,DOWN,22,0,13874,0,1.0,,,1.0
GO_BP,GOBP_VESICLE_BUDDING_FROM_MEMBRANE,Vesicle Budding From Membrane,DOWN,80,0,13874,0,1.0,,,1.0
GO_BP,GOBP_VESICLE_CARGO_LOADING,Vesicle Cargo Loading,DOWN,27,0,13874,0,1.0,,,1.0
GO_BP,GOBP_VESICLE_COATING,Vesicle Coating,DOWN,37,0,13874,0,1.0,,,1.0
GO_BP,GOBP_VESICLE_CYTOSKELETAL_TRAFFICKING,Vesicle Cytoskeletal Trafficking,DOWN,46,0,13874,0,1.0,,,1.0
GO_BP,GOBP_VESICLE_DOCKING,Vesicle Docking,DOWN,47,0,13874,0,1.0,,,1.0
GO_BP,GOBP_VESICLE_DOCKING_INVOLVED_IN_EXOCYTOSIS,Vesicle Docking Involved In Exocytosis,DOWN,30,0,13874,0,1.0,,,1.0
GO_BP,GOBP_VESICLE_FUSION_TO_PLASMA_MEMBRANE,Vesicle Fusion To Plasma Membrane,DOWN,16,0,13874,0,1.0,,,1.0
GO_BP,GOBP_VESICLE_LOCALIZATION,Vesicle Localization,DOWN,186,0,13874,0,1.0,,,1.0
GO_BP,GOBP_VESICLE_MEDIATED_TRANSPORT_BETWEEN_ENDOSOMAL_COMPARTMENTS,Vesicle Mediated Transport Between Endosomal Compartments,DOWN,46,0,13874,0,1.0,,,1.0
GO_BP,GOBP_VESICLE_MEDIATED_TRANSPORT_IN_SYNAPSE,Vesicle Mediated Transport In Synapse,DOWN,182,0,13874,0,1.0,,,1.0
GO_BP,GOBP_VESICLE_MEDIATED_TRANSPORT_TO_THE_PLASMA_MEMBRANE,Vesicle Mediated Transport To The Plasma Membrane,DOWN,149,0,13874,0,1.0,,,1.0
GO_BP,GOBP_VESICLE_ORGANIZATION,Vesicle Organization,DOWN,326,0,13874,0,1.0,,,1.0
GO_BP,GOBP_VESICLE_TARGETING,Vesicle Targeting,DOWN,64,0,13874,0,1.0,,,1.0
GO_BP,GOBP_VESICLE_TARGETING_ROUGH_ER_TO_CIS_GOLGI,Vesicle Targeting Rough Er To Cis Golgi,DOWN,25,0,13874,0,1.0,,,1.0
GO_BP,GOBP_VESICLE_TARGETING_TO_FROM_OR_WITHIN_GOLGI,Vesicle Targeting To From Or Within Golgi,DOWN,32,0,13874,0,1.0,,,1.0
GO_BP,GOBP_VESICLE_TETHERING,Vesicle Tethering,DOWN,32,0,13874,0,1.0,,,1.0
GO_BP,GOBP_VESICLE_TRANSPORT_ALONG_MICROTUBULE,Vesicle Transport Along Microtubule,DOWN,39,0,13874,0,1.0,,,1.0
GO_BP,GOBP_VIRAL_BUDDING,Viral Budding,DOWN,23,0,13874,0,1.0,,,1.0
GO_BP,GOBP_VIRAL_GENE_EXPRESSION,Viral Gene Expression,DOWN,73,0,13874,0,1.0,,,1.0
GO_BP,GOBP_VIRAL_GENOME_REPLICATION,Viral Genome Replication,DOWN,93,0,13874,0,1.0,,,1.0
GO_BP,GOBP_VIRAL_LIFE_CYCLE,Viral Life Cycle,DOWN,223,0,13874,0,1.0,,,1.0
GO_BP,GOBP_VIRAL_PROCESS,Viral Process,DOWN,297,0,13874,0,1.0,,,1.0
GO_BP,GOBP_VIRAL_PROTEIN_PROCESSING,Viral Protein Processing,DOWN,26,0,13874,0,1.0,,,1.0
GO_BP,GOBP_VIRAL_RELEASE_FROM_HOST_CELL,Viral Release From Host Cell,DOWN,26,0,13874,0,1.0,,,1.0
GO_BP,GOBP_VIRAL_RNA_GENOME_REPLICATION,Viral Rna Genome Replication,DOWN,23,0,13874,0,1.0,,,1.0
GO_BP,GOBP_VIRAL_TRANSCRIPTION,Viral Transcription,DOWN,24,0,13874,0,1.0,,,1.0
GO_BP,GOBP_VIRAL_TRANSLATION,Viral Translation,DOWN,22,0,13874,0,1.0,,,1.0
GO_BP,GOBP_VIRION_ASSEMBLY,Virion Assembly,DOWN,33,0,13874,0,1.0,,,1.0
GO_BP,GOBP_VISUAL_BEHAVIOR,Visual Behavior,DOWN,38,0,13874,0,1.0,,,1.0
GO_BP,GOBP_VITAMIN_METABOLIC_PROCESS,Vitamin Metabolic Process,DOWN,21,0,13874,0,1.0,,,1.0
GO_BP,GOBP_VITAMIN_TRANSPORT,Vitamin Transport,DOWN,32,0,13874,0,1.0,,,1.0
GO_BP,GOBP_V_D_J_RECOMBINATION,V D J Recombination,DOWN,15,0,13874,0,1.0,,,1.0
GO_BP,GOBP_WALKING_BEHAVIOR,Walking Behavior,DOWN,27,0,13874,0,1.0,,,1.0
GO_BP,GOBP_WHITE_FAT_CELL_DIFFERENTIATION,White Fat Cell Differentiation,DOWN,15,0,13874,0,1.0,,,1.0
GO_BP,GOBP_WNT_SIGNALING_PATHWAY,Wnt Signaling Pathway,DOWN,369,0,13874,0,1.0,,,1.0
GO_BP,GOBP_WNT_SIGNALING_PATHWAY_PLANAR_CELL_POLARITY_PATHWAY,Wnt Signaling Pathway Planar Cell Polarity Pathway,DOWN,37,0,13874,0,1.0,,,1.0
GO_BP,GOBP_WOUND_HEALING,Wound Healing,DOWN,291,0,13874,0,1.0,,,1.0
GO_BP,GOBP_WOUND_HEALING_SPREADING_OF_EPIDERMAL_CELLS,Wound Healing Spreading Of Epidermal Cells,DOWN,21,0,13874,0,1.0,,,1.0
GO_BP,GOBP_XENOBIOTIC_CATABOLIC_PROCESS,Xenobiotic Catabolic Process,DOWN,16,0,13874,0,1.0,,,1.0
GO_BP,GOBP_XENOBIOTIC_METABOLIC_PROCESS,Xenobiotic Metabolic Process,DOWN,59,0,13874,0,1.0,,,1.0
GO_BP,GOBP_XENOBIOTIC_TRANSPORT,Xenobiotic Transport,DOWN,30,0,13874,0,1.0,,,1.0
GO_BP,GOBP_XENOPHAGY,Xenophagy,DOWN,15,0,13874,0,1.0,,,1.0
GO_BP,GOBP_ZINC_ION_TRANSPORT,Zinc Ion Transport,DOWN,22,0,13874,0,1.0,,,1.0
GO_BP,GOBP_ZYMOGEN_ACTIVATION,Zymogen Activation,DOWN,37,0,13874,0,1.0,,,1.0
Hallmark,HALLMARK_ADIPOGENESIS,Adipogenesis,DOWN,180,0,13874,0,1.0,,,1.0
Hallmark,HALLMARK_ALLOGRAFT_REJECTION,Allograft Rejection,DOWN,104,0,13874,0,1.0,,,1.0
Hallmark,HALLMARK_ANDROGEN_RESPONSE,Androgen Response,DOWN,88,0,13874,0,1.0,,,1.0
Hallmark,HALLMARK_ANGIOGENESIS,Angiogenesis,DOWN,25,0,13874,0,1.0,,,1.0
Hallmark,HALLMARK_APICAL_JUNCTION,Apical Junction,DOWN,147,0,13874,0,1.0,,,1.0
Hallmark,HALLMARK_APICAL_SURFACE,Apical Surface,DOWN,30,0,13874,0,1.0,,,1.0
Hallmark,HALLMARK_APOPTOSIS,Apoptosis,DOWN,135,0,13874,0,1.0,,,1.0
Hallmark,HALLMARK_BILE_ACID_METABOLISM,Bile Acid Metabolism,DOWN,76,0,13874,0,1.0,,,1.0
Hallmark,HALLMARK_CHOLESTEROL_HOMEOSTASIS,Cholesterol Homeostasis,DOWN,68,0,13874,0,1.0,,,1.0
Hallmark,HALLMARK_COAGULATION,Coagulation,DOWN,88,0,13874,0,1.0,,,1.0
Hallmark,HALLMARK_COMPLEMENT,Complement,DOWN,136,0,13874,0,1.0,,,1.0
Hallmark,HALLMARK_DNA_REPAIR,Dna Repair,DOWN,143,0,13874,0,1.0,,,1.0
Hallmark,HALLMARK_E2F_TARGETS,E2F Targets,DOWN,183,0,13874,0,1.0,,,1.0
Hallmark,HALLMARK_EPITHELIAL_MESENCHYMAL_TRANSITION,Epithelial Mesenchymal Transition,DOWN,190,0,13874,0,1.0,,,1.0
Hallmark,HALLMARK_ESTROGEN_RESPONSE_EARLY,Estrogen Response Early,DOWN,149,0,13874,0,1.0,,,1.0
Hallmark,HALLMARK_ESTROGEN_RESPONSE_LATE,Estrogen Response Late,DOWN,138,0,13874,0,1.0,,,1.0
Hallmark,HALLMARK_FATTY_ACID_METABOLISM,Fatty Acid Metabolism,DOWN,131,0,13874,0,1.0,,,1.0
Hallmark,HALLMARK_G2M_CHECKPOINT,G2M Checkpoint,DOWN,178,0,13874,0,1.0,,,1.0
Hallmark,HALLMARK_GLYCOLYSIS,Glycolysis,DOWN,156,0,13874,0,1.0,,,1.0
Hallmark,HALLMARK_HEDGEHOG_SIGNALING,Hedgehog Signaling,DOWN,24,0,13874,0,1.0,,,1.0
Hallmark,HALLMARK_HEME_METABOLISM,Heme Metabolism,DOWN,159,0,13874,0,1.0,,,1.0
Hallmark,HALLMARK_HYPOXIA,Hypoxia,DOWN,161,0,13874,0,1.0,,,1.0
Hallmark,HALLMARK_IL2_STAT5_SIGNALING,Il2 Stat5 Signaling,DOWN,155,0,13874,0,1.0,,,1.0
Hallmark,HALLMARK_IL6_JAK_STAT3_SIGNALING,Il6 Jak Stat3 Signaling,DOWN,59,0,13874,0,1.0,,,1.0
Hallmark,HALLMARK_INFLAMMATORY_RESPONSE,Inflammatory Response,DOWN,121,0,13874,0,1.0,,,1.0
Hallmark,HALLMARK_INTERFERON_ALPHA_RESPONSE,Interferon Alpha Response,DOWN,85,0,13874,0,1.0,,,1.0
Hallmark,HALLMARK_INTERFERON_GAMMA_RESPONSE,Interferon Gamma Response,DOWN,153,0,13874,0,1.0,,,1.0
Hallmark,HALLMARK_KRAS_SIGNALING_DN,Kras Signaling Dn,DOWN,74,0,13874,0,1.0,,,1.0
Hallmark,HALLMARK_KRAS_SIGNALING_UP,Kras Signaling Up,DOWN,129,0,13874,0,1.0,,,1.0
Hallmark,HALLMARK_MITOTIC_SPINDLE,Mitotic Spindle,DOWN,188,0,13874,0,1.0,,,1.0
Hallmark,HALLMARK_MTORC1_SIGNALING,Mtorc1 Signaling,DOWN,191,0,13874,0,1.0,,,1.0
Hallmark,HALLMARK_MYC_TARGETS_V1,Myc Targets V1,DOWN,198,0,13874,0,1.0,,,1.0
Hallmark,HALLMARK_MYC_TARGETS_V2,Myc Targets V2,DOWN,54,0,13874,0,1.0,,,1.0
Hallmark,HALLMARK_MYOGENESIS,Myogenesis,DOWN,129,0,13874,0,1.0,,,1.0
Hallmark,HALLMARK_NOTCH_SIGNALING,Notch Signaling,DOWN,26,0,13874,0,1.0,,,1.0
Hallmark,HALLMARK_OXIDATIVE_PHOSPHORYLATION,Oxidative Phosphorylation,DOWN,193,0,13874,0,1.0,,,1.0
Hallmark,HALLMARK_P53_PATHWAY,P53 Pathway,DOWN,177,0,13874,0,1.0,,,1.0
Hallmark,HALLMARK_PANCREAS_BETA_CELLS,Pancreas Beta Cells,DOWN,16,0,13874,0,1.0,,,1.0
Hallmark,HALLMARK_PEROXISOME,Peroxisome,DOWN,84,0,13874,0,1.0,,,1.0
Hallmark,HALLMARK_PI3K_AKT_MTOR_SIGNALING,Pi3K Akt Mtor Signaling,DOWN,89,0,13874,0,1.0,,,1.0
Hallmark,HALLMARK_PROTEIN_SECRETION,Protein Secretion,DOWN,90,0,13874,0,1.0,,,1.0
Hallmark,HALLMARK_REACTIVE_OXYGEN_SPECIES_PATHWAY,Reactive Oxygen Species Pathway,DOWN,45,0,13874,0,1.0,,,1.0
Hallmark,HALLMARK_SPERMATOGENESIS,Spermatogenesis,DOWN,62,0,13874,0,1.0,,,1.0
Hallmark,HALLMARK_TGF_BETA_SIGNALING,Tgf Beta Signaling,DOWN,51,0,13874,0,1.0,,,1.0
Hallmark,HALLMARK_TNFA_SIGNALING_VIA_NFKB,Tnfa Signaling Via Nfkb,DOWN,165,0,13874,0,1.0,,,1.0
Hallmark,HALLMARK_UNFOLDED_PROTEIN_RESPONSE,Unfolded Protein Response,DOWN,112,0,13874,0,1.0,,,1.0
Hallmark,HALLMARK_UV_RESPONSE_DN,Uv Response Dn,DOWN,140,0,13874,0,1.0,,,1.0
Hallmark,HALLMARK_UV_RESPONSE_UP,Uv Response Up,DOWN,131,0,13874,0,1.0,,,1.0
Hallmark,HALLMARK_WNT_BETA_CATENIN_SIGNALING,Wnt Beta Catenin Signaling,DOWN,35,0,13874,0,1.0,,,1.0
Hallmark,HALLMARK_XENOBIOTIC_METABOLISM,Xenobiotic Metabolism,DOWN,136,0,13874,0,1.0,,,1.0
Reactome,REACTOME_ABC_FAMILY_PROTEINS_MEDIATED_TRANSPORT,Abc Family Proteins Mediated Transport,DOWN,75,0,13874,0,1.0,,,1.0
Reactome,REACTOME_ABC_TRANSPORTER_DISORDERS,Abc Transporter Disorders,DOWN,54,0,13874,0,1.0,,,1.0
Reactome,REACTOME_ABERRANT_REGULATION_OF_MITOTIC_EXIT_IN_CANCER_DUE_TO_RB1_DEFECTS,Aberrant Regulation Of Mitotic Exit In Cancer Due To Rb1 Defects,DOWN,19,0,13874,0,1.0,,,1.0
Reactome,REACTOME_ABERRANT_REGULATION_OF_MITOTIC_G1_S_TRANSITION_IN_CANCER_DUE_TO_RB1_DEFECTS,Aberrant Regulation Of Mitotic G1 S Transition In Cancer Due To Rb1 Defects,DOWN,16,0,13874,0,1.0,,,1.0
Reactome,REACTOME_ABORTIVE_ELONGATION_OF_HIV_1_TRANSCRIPT_IN_THE_ABSENCE_OF_TAT,Abortive Elongation Of Hiv 1 Transcript In The Absence Of Tat,DOWN,21,0,13874,0,1.0,,,1.0
Reactome,REACTOME_ACTIVATED_NOTCH1_TRANSMITS_SIGNAL_TO_THE_NUCLEUS,Activated Notch1 Transmits Signal To The Nucleus,DOWN,26,0,13874,0,1.0,,,1.0
Reactome,REACTOME_ACTIVATED_PKN1_STIMULATES_TRANSCRIPTION_OF_AR_ANDROGEN_RECEPTOR_REGULATED_GENES_KLK2_AND_KLK3,Activated Pkn1 Stimulates Transcription Of Ar Androgen Receptor Regulated Genes Klk2 And Klk3,DOWN,28,0,13874,0,1.0,,,1.0
Reactome,REACTOME_ACTIVATED_TAK1_MEDIATES_P38_MAPK_ACTIVATION,Activated Tak1 Mediates P38 Mapk Activation,DOWN,22,0,13874,0,1.0,,,1.0
Reactome,REACTOME_ACTIVATION_OF_AMPK_DOWNSTREAM_OF_NMDARS,Activation Of Ampk Downstream Of Nmdars,DOWN,18,0,13874,0,1.0,,,1.0
Reactome,REACTOME_ACTIVATION_OF_ANTERIOR_HOX_GENES_IN_HINDBRAIN_DEVELOPMENT_DURING_EARLY_EMBRYOGENESIS,Activation Of Anterior Hox Genes In Hindbrain Development During Early Embryogenesis,DOWN,76,0,13874,0,1.0,,,1.0
Reactome,REACTOME_ACTIVATION_OF_APC_C_AND_APC_C_CDC20_MEDIATED_DEGRADATION_OF_MITOTIC_PROTEINS,Activation Of Apc C And Apc C Cdc20 Mediated Degradation Of Mitotic Proteins,DOWN,59,0,13874,0,1.0,,,1.0
Reactome,REACTOME_ACTIVATION_OF_ATR_IN_RESPONSE_TO_REPLICATION_STRESS,Activation Of Atr In Response To Replication Stress,DOWN,30,0,13874,0,1.0,,,1.0
Reactome,REACTOME_ACTIVATION_OF_BH3_ONLY_PROTEINS,Activation Of Bh3 Only Proteins,DOWN,26,0,13874,0,1.0,,,1.0
Reactome,REACTOME_ACTIVATION_OF_GENE_EXPRESSION_BY_SREBF_SREBP,Activation Of Gene Expression By Srebf Srebp,DOWN,42,0,13874,0,1.0,,,1.0
Reactome,REACTOME_ACTIVATION_OF_IRF3_IRF7_MEDIATED_BY_TBK1_IKK_IKBKE,Activation Of Irf3 Irf7 Mediated By Tbk1 Ikk Ikbke,DOWN,16,0,13874,0,1.0,,,1.0
Reactome,REACTOME_ACTIVATION_OF_KAINATE_RECEPTORS_UPON_GLUTAMATE_BINDING,Activation Of Kainate Receptors Upon Glutamate Binding,DOWN,18,0,13874,0,1.0,,,1.0
Reactome,REACTOME_ACTIVATION_OF_MATRIX_METALLOPROTEINASES,Activation Of Matrix Metalloproteinases,DOWN,15,0,13874,0,1.0,,,1.0
Reactome,REACTOME_ACTIVATION_OF_NF_KAPPAB_IN_B_CELLS,Activation Of Nf Kappab In B Cells,DOWN,52,0,13874,0,1.0,,,1.0
Reactome,REACTOME_ACTIVATION_OF_NMDA_RECEPTORS_AND_POSTSYNAPTIC_EVENTS,Activation Of Nmda Receptors And Postsynaptic Events,DOWN,67,0,13874,0,1.0,,,1.0
Reactome,REACTOME_ACTIVATION_OF_SMO,Activation Of Smo,DOWN,15,0,13874,0,1.0,,,1.0
Reactome,REACTOME_ACTIVATION_OF_THE_MRNA_UPON_BINDING_OF_THE_CAP_BINDING_COMPLEX_AND_EIFS_AND_SUBSEQUENT_BINDING_TO_43S,Activation Of The Mrna Upon Binding Of The Cap Binding Complex And Eifs And Subsequent Binding To 43S,DOWN,58,0,13874,0,1.0,,,1.0
Reactome,REACTOME_ACTIVATION_OF_THE_PRE_REPLICATIVE_COMPLEX,Activation Of The Pre Replicative Complex,DOWN,27,0,13874,0,1.0,,,1.0
Reactome,REACTOME_ADHERENS_JUNCTIONS_INTERACTIONS,Adherens Junctions Interactions,DOWN,177,0,13874,0,1.0,,,1.0
Reactome,REACTOME_ADIPOGENESIS,Adipogenesis,DOWN,92,0,13874,0,1.0,,,1.0
Reactome,REACTOME_ADORA2B_MEDIATED_ANTI_INFLAMMATORY_CYTOKINES_PRODUCTION,Adora2B Mediated Anti Inflammatory Cytokines Production,DOWN,29,0,13874,0,1.0,,,1.0
Reactome,REACTOME_ADP_SIGNALLING_THROUGH_P2Y_PURINOCEPTOR_1,Adp Signalling Through P2Y Purinoceptor 1,DOWN,16,0,13874,0,1.0,,,1.0
Reactome,REACTOME_ADRENALINE_NORADRENALINE_INHIBITS_INSULIN_SECRETION,Adrenaline Noradrenaline Inhibits Insulin Secretion,DOWN,17,0,13874,0,1.0,,,1.0
Reactome,REACTOME_AEROBIC_RESPIRATION_AND_RESPIRATORY_ELECTRON_TRANSPORT,Aerobic Respiration And Respiratory Electron Transport,DOWN,237,0,13874,0,1.0,,,1.0
Reactome,REACTOME_AGGREPHAGY,Aggrephagy,DOWN,31,0,13874,0,1.0,,,1.0
Reactome,REACTOME_AMINO_ACIDS_REGULATE_MTORC1,Amino Acids Regulate Mtorc1,DOWN,47,0,13874,0,1.0,,,1.0
Reactome,REACTOME_AMPK_INDUCED_ERAD_AND_LYSOSOME_MEDIATED_DEGRADATION_OF_PD_L1_CD274,Ampk Induced Erad And Lysosome Mediated Degradation Of Pd L1 Cd274,DOWN,52,0,13874,0,1.0,,,1.0
Reactome,REACTOME_AMYLOID_FIBER_FORMATION,Amyloid Fiber Formation,DOWN,56,0,13874,0,1.0,,,1.0
Reactome,REACTOME_ANCHORING_OF_THE_BASAL_BODY_TO_THE_PLASMA_MEMBRANE,Anchoring Of The Basal Body To The Plasma Membrane,DOWN,90,0,13874,0,1.0,,,1.0
Reactome,REACTOME_ANTIGEN_ACTIVATES_B_CELL_RECEPTOR_BCR_LEADING_TO_GENERATION_OF_SECOND_MESSENGERS,Antigen Activates B Cell Receptor Bcr Leading To Generation Of Second Messengers,DOWN,18,0,13874,0,1.0,,,1.0
Reactome,REACTOME_ANTIGEN_PRESENTATION_FOLDING_ASSEMBLY_AND_PEPTIDE_LOADING_OF_CLASS_I_MHC,Antigen Presentation Folding Assembly And Peptide Loading Of Class I Mhc,DOWN,27,0,13874,0,1.0,,,1.0
Reactome,REACTOME_ANTIGEN_PROCESSING_CROSS_PRESENTATION,Antigen Processing Cross Presentation,DOWN,78,0,13874,0,1.0,,,1.0
Reactome,REACTOME_ANTIGEN_PROCESSING_UBIQUITINATION_PROTEASOME_DEGRADATION,Antigen Processing Ubiquitination Proteasome Degradation,DOWN,271,0,13874,0,1.0,,,1.0
Reactome,REACTOME_ANTIGEN_PROCESSING_UB_ATP_INDEPENDENT_PROTEASOMAL_DEGRADATION,Antigen Processing Ub Atp Independent Proteasomal Degradation,DOWN,19,0,13874,0,1.0,,,1.0
Reactome,REACTOME_ANTIMICROBIAL_MECHANISM_OF_IFN_STIMULATED_GENES,Antimicrobial Mechanism Of Ifn Stimulated Genes,DOWN,146,0,13874,0,1.0,,,1.0
Reactome,REACTOME_ANTI_INFLAMMATORY_RESPONSE_FAVOURING_LEISHMANIA_PARASITE_INFECTION,Anti Inflammatory Response Favouring Leishmania Parasite Infection,DOWN,46,0,13874,0,1.0,,,1.0
Reactome,REACTOME_APC_CDC20_MEDIATED_DEGRADATION_OF_NEK2A,Apc Cdc20 Mediated Degradation Of Nek2A,DOWN,23,0,13874,0,1.0,,,1.0
Reactome,REACTOME_APC_C_CDC20_MEDIATED_DEGRADATION_OF_CYCLIN_B,Apc C Cdc20 Mediated Degradation Of Cyclin B,DOWN,22,0,13874,0,1.0,,,1.0
Reactome,REACTOME_APC_C_CDH1_MEDIATED_DEGRADATION_OF_CDC20_AND_OTHER_APC_C_CDH1_TARGETED_PROTEINS_IN_LATE_MITOSIS_EARLY_G1,Apc C Cdh1 Mediated Degradation Of Cdc20 And Other Apc C Cdh1 Targeted Proteins In Late Mitosis Early G1,DOWN,59,0,13874,0,1.0,,,1.0
Reactome,REACTOME_APC_C_MEDIATED_DEGRADATION_OF_CELL_CYCLE_PROTEINS,Apc C Mediated Degradation Of Cell Cycle Proteins,DOWN,69,0,13874,0,1.0,,,1.0
Reactome,REACTOME_APOPTOSIS,Apoptosis,DOWN,141,0,13874,0,1.0,,,1.0
Reactome,REACTOME_APOPTOTIC_CLEAVAGE_OF_CELLULAR_PROTEINS,Apoptotic Cleavage Of Cellular Proteins,DOWN,28,0,13874,0,1.0,,,1.0
Reactome,REACTOME_APOPTOTIC_EXECUTION_PHASE,Apoptotic Execution Phase,DOWN,38,0,13874,0,1.0,,,1.0
Reactome,REACTOME_APOPTOTIC_FACTOR_MEDIATED_RESPONSE,Apoptotic Factor Mediated Response,DOWN,19,0,13874,0,1.0,,,1.0
Reactome,REACTOME_AQUAPORIN_MEDIATED_TRANSPORT,Aquaporin Mediated Transport,DOWN,28,0,13874,0,1.0,,,1.0
Reactome,REACTOME_ARACHIDONATE_METABOLISM,Arachidonate Metabolism,DOWN,27,0,13874,0,1.0,,,1.0
Reactome,REACTOME_ASPARAGINE_N_LINKED_GLYCOSYLATION,Asparagine N Linked Glycosylation,DOWN,264,0,13874,0,1.0,,,1.0
Reactome,REACTOME_ASSEMBLY_AND_CELL_SURFACE_PRESENTATION_OF_NMDA_RECEPTORS,Assembly And Cell Surface Presentation Of Nmda Receptors,DOWN,26,0,13874,0,1.0,,,1.0
Reactome,REACTOME_ASSEMBLY_OF_COLLAGEN_FIBRILS_AND_OTHER_MULTIMERIC_STRUCTURES,Assembly Of Collagen Fibrils And Other Multimeric Structures,DOWN,48,0,13874,0,1.0,,,1.0
Reactome,REACTOME_ASSEMBLY_OF_THE_HIV_VIRION,Assembly Of The Hiv Virion,DOWN,16,0,13874,0,1.0,,,1.0
Reactome,REACTOME_ASSEMBLY_OF_THE_ORC_COMPLEX_AT_THE_ORIGIN_OF_REPLICATION,Assembly Of The Orc Complex At The Origin Of Replication,DOWN,31,0,13874,0,1.0,,,1.0
Reactome,REACTOME_ASSOCIATION_OF_TRIC_CCT_WITH_TARGET_PROTEINS_DURING_BIOSYNTHESIS,Association Of Tric Cct With Target Proteins During Biosynthesis,DOWN,38,0,13874,0,1.0,,,1.0
Reactome,REACTOME_ASYMMETRIC_LOCALIZATION_OF_PCP_PROTEINS,Asymmetric Localization Of Pcp Proteins,DOWN,48,0,13874,0,1.0,,,1.0
Reactome,REACTOME_ATF4_ACTIVATES_GENES_IN_RESPONSE_TO_ENDOPLASMIC_RETICULUM_STRESS,Atf4 Activates Genes In Response To Endoplasmic Reticulum Stress,DOWN,26,0,13874,0,1.0,,,1.0
Reactome,REACTOME_ATP_DEPENDENT_CHROMATIN_REMODELERS,Atp Dependent Chromatin Remodelers,DOWN,29,0,13874,0,1.0,,,1.0
Reactome,REACTOME_ATTACHMENT_OF_BACTERIA_TO_EPITHELIAL_CELLS,Attachment Of Bacteria To Epithelial Cells,DOWN,18,0,13874,0,1.0,,,1.0
Reactome,REACTOME_ATTENUATION_PHASE,Attenuation Phase,DOWN,24,0,13874,0,1.0,,,1.0
Reactome,REACTOME_AUF1_HNRNP_D0_BINDS_AND_DESTABILIZES_MRNA,Auf1 Hnrnp D0 Binds And Destabilizes Mrna,DOWN,42,0,13874,0,1.0,,,1.0
Reactome,REACTOME_AURKA_ACTIVATION_BY_TPX2,Aurka Activation By Tpx2,DOWN,66,0,13874,0,1.0,,,1.0
Reactome,REACTOME_AUTOPHAGY,Autophagy,DOWN,134,0,13874,0,1.0,,,1.0
Reactome,REACTOME_AZATHIOPRINE_ADME,Azathioprine Adme,DOWN,17,0,13874,0,1.0,,,1.0
Reactome,REACTOME_BACTERIAL_INFECTION_PATHWAYS,Bacterial Infection Pathways,DOWN,82,0,13874,0,1.0,,,1.0
Reactome,REACTOME_BASE_EXCISION_REPAIR,Base Excision Repair,DOWN,62,0,13874,0,1.0,,,1.0
Reactome,REACTOME_BASE_EXCISION_REPAIR_AP_SITE_FORMATION,Base Excision Repair Ap Site Formation,DOWN,35,0,13874,0,1.0,,,1.0
Reactome,REACTOME_BASIGIN_INTERACTIONS,Basigin Interactions,DOWN,19,0,13874,0,1.0,,,1.0
Reactome,REACTOME_BBSOME_MEDIATED_CARGO_TARGETING_TO_CILIUM,Bbsome Mediated Cargo Targeting To Cilium,DOWN,19,0,13874,0,1.0,,,1.0
Reactome,REACTOME_BETA_CATENIN_INDEPENDENT_WNT_SIGNALING,Beta Catenin Independent Wnt Signaling,DOWN,113,0,13874,0,1.0,,,1.0
Reactome,REACTOME_BETA_CATENIN_PHOSPHORYLATION_CASCADE,Beta Catenin Phosphorylation Cascade,DOWN,17,0,13874,0,1.0,,,1.0
Reactome,REACTOME_BILE_ACID_AND_BILE_SALT_METABOLISM,Bile Acid And Bile Salt Metabolism,DOWN,29,0,13874,0,1.0,,,1.0
Reactome,REACTOME_BINDING_AND_UPTAKE_OF_LIGANDS_BY_SCAVENGER_RECEPTORS,Binding And Uptake Of Ligands By Scavenger Receptors,DOWN,27,0,13874,0,1.0,,,1.0
Reactome,REACTOME_BIOLOGICAL_OXIDATIONS,Biological Oxidations,DOWN,102,0,13874,0,1.0,,,1.0
Reactome,REACTOME_BIOSYNTHESIS_OF_THE_N_GLYCAN_PRECURSOR_DOLICHOL_LIPID_LINKED_OLIGOSACCHARIDE_LLO_AND_TRANSFER_TO_A_NASCENT_PROTEIN,Biosynthesis Of The N Glycan Precursor Dolichol Lipid Linked Oligosaccharide Llo And Transfer To A Nascent Protein,DOWN,67,0,13874,0,1.0,,,1.0
Reactome,REACTOME_BMAL1_CLOCK_NPAS2_ACTIVATES_CIRCADIAN_EXPRESSION,Bmal1 Clock Npas2 Activates Circadian Expression,DOWN,23,0,13874,0,1.0,,,1.0
Reactome,REACTOME_BRANCHED_CHAIN_AMINO_ACID_CATABOLISM,Branched Chain Amino Acid Catabolism,DOWN,20,0,13874,0,1.0,,,1.0
Reactome,REACTOME_BUDDING_AND_MATURATION_OF_HIV_VIRION,Budding And Maturation Of Hiv Virion,DOWN,26,0,13874,0,1.0,,,1.0
Reactome,REACTOME_BUTYRATE_RESPONSE_FACTOR_1_BRF1_BINDS_AND_DESTABILIZES_MRNA,Butyrate Response Factor 1 Brf1 Binds And Destabilizes Mrna,DOWN,17,0,13874,0,1.0,,,1.0
Reactome,REACTOME_B_WICH_COMPLEX_POSITIVELY_REGULATES_RRNA_EXPRESSION,B Wich Complex Positively Regulates Rrna Expression,DOWN,52,0,13874,0,1.0,,,1.0
Reactome,REACTOME_CA2_PATHWAY,Ca2 Pathway,DOWN,47,0,13874,0,1.0,,,1.0
Reactome,REACTOME_CALNEXIN_CALRETICULIN_CYCLE,Calnexin Calreticulin Cycle,DOWN,26,0,13874,0,1.0,,,1.0
Reactome,REACTOME_CARBOXYTERMINAL_POST_TRANSLATIONAL_MODIFICATIONS_OF_TUBULIN,Carboxyterminal Post Translational Modifications Of Tubulin,DOWN,28,0,13874,0,1.0,,,1.0
Reactome,REACTOME_CARDIAC_CONDUCTION,Cardiac Conduction,DOWN,61,0,13874,0,1.0,,,1.0
Reactome,REACTOME_CARGO_CONCENTRATION_IN_THE_ER,Cargo Concentration In The Er,DOWN,27,0,13874,0,1.0,,,1.0
Reactome,REACTOME_CARGO_RECOGNITION_FOR_CLATHRIN_MEDIATED_ENDOCYTOSIS,Cargo Recognition For Clathrin Mediated Endocytosis,DOWN,81,0,13874,0,1.0,,,1.0
Reactome,REACTOME_CARGO_TRAFFICKING_TO_THE_PERICILIARY_MEMBRANE,Cargo Trafficking To The Periciliary Membrane,DOWN,54,0,13874,0,1.0,,,1.0
Reactome,REACTOME_CASPASE_ACTIVATION_VIA_EXTRINSIC_APOPTOTIC_SIGNALLING_PATHWAY,Caspase Activation Via Extrinsic Apoptotic Signalling Pathway,DOWN,21,0,13874,0,1.0,,,1.0
Reactome,REACTOME_CA_DEPENDENT_EVENTS,Ca Dependent Events,DOWN,30,0,13874,0,1.0,,,1.0
Reactome,REACTOME_CD209_DC_SIGN_SIGNALING,Cd209 Dc Sign Signaling,DOWN,17,0,13874,0,1.0,,,1.0
Reactome,REACTOME_CD28_DEPENDENT_PI3K_AKT_SIGNALING,Cd28 Dependent Pi3K Akt Signaling,DOWN,20,0,13874,0,1.0,,,1.0
Reactome,REACTOME_CDC42_GTPASE_CYCLE,Cdc42 Gtpase Cycle,DOWN,128,0,13874,0,1.0,,,1.0
Reactome,REACTOME_CDK_MEDIATED_PHOSPHORYLATION_AND_REMOVAL_OF_CDC6,Cdk Mediated Phosphorylation And Removal Of Cdc6,DOWN,58,0,13874,0,1.0,,,1.0
Reactome,REACTOME_CELLULAR_RESPONSES_TO_MECHANICAL_STIMULI,Cellular Responses To Mechanical Stimuli,DOWN,80,0,13874,0,1.0,,,1.0
Reactome,REACTOME_CELLULAR_RESPONSE_TO_CHEMICAL_STRESS,Cellular Response To Chemical Stress,DOWN,171,0,13874,0,1.0,,,1.0
Reactome,REACTOME_CELLULAR_RESPONSE_TO_HEAT_STRESS,Cellular Response To Heat Stress,DOWN,94,0,13874,0,1.0,,,1.0
Reactome,REACTOME_CELLULAR_RESPONSE_TO_HYPOXIA,Cellular Response To Hypoxia,DOWN,59,0,13874,0,1.0,,,1.0
Reactome,REACTOME_CELLULAR_RESPONSE_TO_STARVATION,Cellular Response To Starvation,DOWN,144,0,13874,0,1.0,,,1.0
Reactome,REACTOME_CELLULAR_SENESCENCE,Cellular Senescence,DOWN,147,0,13874,0,1.0,,,1.0
Reactome,REACTOME_CELL_CELL_COMMUNICATION,Cell Cell Communication,DOWN,237,0,13874,0,1.0,,,1.0
Reactome,REACTOME_CELL_CYCLE_CHECKPOINTS,Cell Cycle Checkpoints,DOWN,242,0,13874,0,1.0,,,1.0
Reactome,REACTOME_CELL_CYCLE_MITOTIC,Cell Cycle Mitotic,DOWN,457,0,13874,0,1.0,,,1.0
Reactome,REACTOME_CELL_DEATH_SIGNALLING_VIA_NRAGE_NRIF_AND_NADE,Cell Death Signalling Via Nrage Nrif And Nade,DOWN,62,0,13874,0,1.0,,,1.0
Reactome,REACTOME_CELL_EXTRACELLULAR_MATRIX_INTERACTIONS,Cell Extracellular Matrix Interactions,DOWN,18,0,13874,0,1.0,,,1.0
Reactome,REACTOME_CELL_JUNCTION_ORGANIZATION,Cell Junction Organization,DOWN,214,0,13874,0,1.0,,,1.0
Reactome,REACTOME_CELL_SURFACE_INTERACTIONS_AT_THE_VASCULAR_WALL,Cell Surface Interactions At The Vascular Wall,DOWN,71,0,13874,0,1.0,,,1.0
Reactome,REACTOME_CHAPERONE_MEDIATED_AUTOPHAGY,Chaperone Mediated Autophagy,DOWN,17,0,13874,0,1.0,,,1.0
Reactome,REACTOME_CHEMOKINE_RECEPTORS_BIND_CHEMOKINES,Chemokine Receptors Bind Chemokines,DOWN,17,0,13874,0,1.0,,,1.0
Reactome,REACTOME_CHOLESTEROL_BIOSYNTHESIS,Cholesterol Biosynthesis,DOWN,26,0,13874,0,1.0,,,1.0
Reactome,REACTOME_CHONDROITIN_SULFATE_DERMATAN_SULFATE_METABOLISM,Chondroitin Sulfate Dermatan Sulfate Metabolism,DOWN,29,0,13874,0,1.0,,,1.0
Reactome,REACTOME_CHROMATIN_MODIFICATIONS_DURING_THE_MATERNAL_TO_ZYGOTIC_TRANSITION_MZT,Chromatin Modifications During The Maternal To Zygotic Transition Mzt,DOWN,31,0,13874,0,1.0,,,1.0
Reactome,REACTOME_CHROMATIN_ORGANIZATION,Chromatin Organization,DOWN,234,0,13874,0,1.0,,,1.0
Reactome,REACTOME_CHROMOSOME_MAINTENANCE,Chromosome Maintenance,DOWN,98,0,13874,0,1.0,,,1.0
Reactome,REACTOME_CILIUM_ASSEMBLY,Cilium Assembly,DOWN,174,0,13874,0,1.0,,,1.0
Reactome,REACTOME_CIRCADIAN_CLOCK,Circadian Clock,DOWN,104,0,13874,0,1.0,,,1.0
Reactome,REACTOME_CITRIC_ACID_CYCLE_TCA_CYCLE,Citric Acid Cycle Tca Cycle,DOWN,33,0,13874,0,1.0,,,1.0
Reactome,REACTOME_CLASS_A_1_RHODOPSIN_LIKE_RECEPTORS,Class A 1 Rhodopsin Like Receptors,DOWN,80,0,13874,0,1.0,,,1.0
Reactome,REACTOME_CLASS_B_2_SECRETIN_FAMILY_RECEPTORS,Class B 2 Secretin Family Receptors,DOWN,37,0,13874,0,1.0,,,1.0
Reactome,REACTOME_CLASS_I_MHC_MEDIATED_ANTIGEN_PROCESSING_PRESENTATION,Class I Mhc Mediated Antigen Processing Presentation,DOWN,329,0,13874,0,1.0,,,1.0
Reactome,REACTOME_CLASS_I_PEROXISOMAL_MEMBRANE_PROTEIN_IMPORT,Class I Peroxisomal Membrane Protein Import,DOWN,18,0,13874,0,1.0,,,1.0
Reactome,REACTOME_CLATHRIN_MEDIATED_ENDOCYTOSIS,Clathrin Mediated Endocytosis,DOWN,120,0,13874,0,1.0,,,1.0
Reactome,REACTOME_CLEC7A_DECTIN_1_SIGNALING,Clec7A Dectin 1 Signaling,DOWN,80,0,13874,0,1.0,,,1.0
Reactome,REACTOME_COBALAMIN_CBL_VITAMIN_B12_TRANSPORT_AND_METABOLISM,Cobalamin Cbl Vitamin B12 Transport And Metabolism,DOWN,15,0,13874,0,1.0,,,1.0
Reactome,REACTOME_COLLAGEN_BIOSYNTHESIS_AND_MODIFYING_ENZYMES,Collagen Biosynthesis And Modifying Enzymes,DOWN,54,0,13874,0,1.0,,,1.0
Reactome,REACTOME_COLLAGEN_CHAIN_TRIMERIZATION,Collagen Chain Trimerization,DOWN,32,0,13874,0,1.0,,,1.0
Reactome,REACTOME_COLLAGEN_DEGRADATION,Collagen Degradation,DOWN,47,0,13874,0,1.0,,,1.0
Reactome,REACTOME_COLLAGEN_FORMATION,Collagen Formation,DOWN,72,0,13874,0,1.0,,,1.0
Reactome,REACTOME_COMPLEMENT_CASCADE,Complement Cascade,DOWN,19,0,13874,0,1.0,,,1.0
Reactome,REACTOME_COMPLEX_III_ASSEMBLY,Complex Iii Assembly,DOWN,26,0,13874,0,1.0,,,1.0
Reactome,REACTOME_COMPLEX_IV_ASSEMBLY,Complex Iv Assembly,DOWN,41,0,13874,0,1.0,,,1.0
Reactome,REACTOME_COMPLEX_I_BIOGENESIS,Complex I Biogenesis,DOWN,65,0,13874,0,1.0,,,1.0
Reactome,REACTOME_CONDENSATION_OF_PROPHASE_CHROMOSOMES,Condensation Of Prophase Chromosomes,DOWN,35,0,13874,0,1.0,,,1.0
Reactome,REACTOME_CONSTITUTIVE_SIGNALING_BY_ABERRANT_PI3K_IN_CANCER,Constitutive Signaling By Aberrant Pi3K In Cancer,DOWN,38,0,13874,0,1.0,,,1.0
Reactome,REACTOME_CONSTITUTIVE_SIGNALING_BY_AKT1_E17K_IN_CANCER,Constitutive Signaling By Akt1 E17K In Cancer,DOWN,26,0,13874,0,1.0,,,1.0
Reactome,REACTOME_CONSTITUTIVE_SIGNALING_BY_LIGAND_RESPONSIVE_EGFR_CANCER_VARIANTS,Constitutive Signaling By Ligand Responsive Egfr Cancer Variants,DOWN,18,0,13874,0,1.0,,,1.0
Reactome,REACTOME_CONVERSION_FROM_APC_C_CDC20_TO_APC_C_CDH1_IN_LATE_ANAPHASE,Conversion From Apc C Cdc20 To Apc C Cdh1 In Late Anaphase,DOWN,19,0,13874,0,1.0,,,1.0
Reactome,REACTOME_COOPERATION_OF_PDCL_PHLP1_AND_TRIC_CCT_IN_G_PROTEIN_BETA_FOLDING,Cooperation Of Pdcl Phlp1 And Tric Cct In G Protein Beta Folding,DOWN,27,0,13874,0,1.0,,,1.0
Reactome,REACTOME_COOPERATION_OF_PREFOLDIN_AND_TRIC_CCT_IN_ACTIN_AND_TUBULIN_FOLDING,Cooperation Of Prefoldin And Tric Cct In Actin And Tubulin Folding,DOWN,25,0,13874,0,1.0,,,1.0
Reactome,REACTOME_COPII_MEDIATED_VESICLE_TRANSPORT,Copii Mediated Vesicle Transport,DOWN,63,0,13874,0,1.0,,,1.0
Reactome,REACTOME_COPI_DEPENDENT_GOLGI_TO_ER_RETROGRADE_TRAFFIC,Copi Dependent Golgi To Er Retrograde Traffic,DOWN,77,0,13874,0,1.0,,,1.0
Reactome,REACTOME_COPI_INDEPENDENT_GOLGI_TO_ER_RETROGRADE_TRAFFIC,Copi Independent Golgi To Er Retrograde Traffic,DOWN,41,0,13874,0,1.0,,,1.0
Reactome,REACTOME_COPI_MEDIATED_ANTEROGRADE_TRANSPORT,Copi Mediated Anterograde Transport,DOWN,86,0,13874,0,1.0,,,1.0
Reactome,REACTOME_CO_INHIBITION_BY_CTLA4,Co Inhibition By Ctla4,DOWN,17,0,13874,0,1.0,,,1.0
Reactome,REACTOME_CO_INHIBITION_BY_PD_1,Co Inhibition By Pd 1,DOWN,157,0,13874,0,1.0,,,1.0
Reactome,REACTOME_CO_STIMULATION_BY_CD28,Co Stimulation By Cd28,DOWN,38,0,13874,0,1.0,,,1.0
Reactome,REACTOME_CREB1_PHOSPHORYLATION_THROUGH_NMDA_RECEPTOR_MEDIATED_ACTIVATION_OF_RAS_SIGNALING,Creb1 Phosphorylation Through Nmda Receptor Mediated Activation Of Ras Signaling,DOWN,22,0,13874,0,1.0,,,1.0
Reactome,REACTOME_CRISTAE_FORMATION,Cristae Formation,DOWN,32,0,13874,0,1.0,,,1.0
Reactome,REACTOME_CROSSLINKING_OF_COLLAGEN_FIBRILS,Crosslinking Of Collagen Fibrils,DOWN,15,0,13874,0,1.0,,,1.0
Reactome,REACTOME_CROSS_PRESENTATION_OF_SOLUBLE_EXOGENOUS_ANTIGENS_ENDOSOMES,Cross Presentation Of Soluble Exogenous Antigens Endosomes,DOWN,38,0,13874,0,1.0,,,1.0
Reactome,REACTOME_CS_GAG_BIOSYNTHESIS,Cs Gag Biosynthesis,DOWN,16,0,13874,0,1.0,,,1.0
Reactome,REACTOME_CYCLIN_A_B1_B2_ASSOCIATED_EVENTS_DURING_G2_M_TRANSITION,Cyclin A B1 B2 Associated Events During G2 M Transition,DOWN,26,0,13874,0,1.0,,,1.0
Reactome,REACTOME_CYCLIN_A_CDK2_ASSOCIATED_EVENTS_AT_S_PHASE_ENTRY,Cyclin A Cdk2 Associated Events At S Phase Entry,DOWN,72,0,13874,0,1.0,,,1.0
Reactome,REACTOME_CYCLIN_D_ASSOCIATED_EVENTS_IN_G1,Cyclin D Associated Events In G1,DOWN,45,0,13874,0,1.0,,,1.0
Reactome,REACTOME_CYTOCHROME_P450_ARRANGED_BY_SUBSTRATE_TYPE,Cytochrome P450 Arranged By Substrate Type,DOWN,25,0,13874,0,1.0,,,1.0
Reactome,REACTOME_CYTOPROTECTION_BY_HMOX1,Cytoprotection By Hmox1,DOWN,48,0,13874,0,1.0,,,1.0
Reactome,REACTOME_CYTOSOLIC_SENSORS_OF_PATHOGEN_ASSOCIATED_DNA,Cytosolic Sensors Of Pathogen Associated Dna,DOWN,60,0,13874,0,1.0,,,1.0
Reactome,REACTOME_CYTOSOLIC_TRNA_AMINOACYLATION,Cytosolic Trna Aminoacylation,DOWN,24,0,13874,0,1.0,,,1.0
Reactome,REACTOME_C_TYPE_LECTIN_RECEPTORS_CLRS,C Type Lectin Receptors Clrs,DOWN,95,0,13874,0,1.0,,,1.0
Reactome,REACTOME_DAG1_GLYCOSYLATIONS,Dag1 Glycosylations,DOWN,16,0,13874,0,1.0,,,1.0
Reactome,REACTOME_DAG_AND_IP3_SIGNALING,Dag And Ip3 Signaling,DOWN,34,0,13874,0,1.0,,,1.0
Reactome,REACTOME_DAP12_INTERACTIONS,Dap12 Interactions,DOWN,19,0,13874,0,1.0,,,1.0
Reactome,REACTOME_DAP12_SIGNALING,Dap12 Signaling,DOWN,16,0,13874,0,1.0,,,1.0
Reactome,REACTOME_DARPP_32_EVENTS,Darpp 32 Events,DOWN,22,0,13874,0,1.0,,,1.0
Reactome,REACTOME_DDX58_IFIH1_MEDIATED_INDUCTION_OF_INTERFERON_ALPHA_BETA,Ddx58 Ifih1 Mediated Induction Of Interferon Alpha Beta,DOWN,66,0,13874,0,1.0,,,1.0
Reactome,REACTOME_DEACTIVATION_OF_THE_BETA_CATENIN_TRANSACTIVATING_COMPLEX,Deactivation Of The Beta Catenin Transactivating Complex,DOWN,38,0,13874,0,1.0,,,1.0
Reactome,REACTOME_DEADENYLATION_DEPENDENT_MRNA_DECAY,Deadenylation Dependent Mrna Decay,DOWN,56,0,13874,0,1.0,,,1.0
Reactome,REACTOME_DEADENYLATION_OF_MRNA,Deadenylation Of Mrna,DOWN,25,0,13874,0,1.0,,,1.0
Reactome,REACTOME_DEATH_RECEPTOR_SIGNALING,Death Receptor Signaling,DOWN,134,0,13874,0,1.0,,,1.0
Reactome,REACTOME_DECTIN_1_MEDIATED_NONCANONICAL_NF_KB_SIGNALING,Dectin 1 Mediated Noncanonical Nf Kb Signaling,DOWN,47,0,13874,0,1.0,,,1.0
Reactome,REACTOME_DEFECTIVE_INTRINSIC_PATHWAY_FOR_APOPTOSIS,Defective Intrinsic Pathway For Apoptosis,DOWN,21,0,13874,0,1.0,,,1.0
Reactome,REACTOME_DEFECTIVE_PYROPTOSIS,Defective Pyroptosis,DOWN,35,0,13874,0,1.0,,,1.0
Reactome,REACTOME_DEFECTS_IN_VITAMIN_AND_COFACTOR_METABOLISM,Defects In Vitamin And Cofactor Metabolism,DOWN,20,0,13874,0,1.0,,,1.0
Reactome,REACTOME_DEGRADATION_OF_AXIN,Degradation Of Axin,DOWN,42,0,13874,0,1.0,,,1.0
Reactome,REACTOME_DEGRADATION_OF_BETA_CATENIN_BY_THE_DESTRUCTION_COMPLEX,Degradation Of Beta Catenin By The Destruction Complex,DOWN,72,0,13874,0,1.0,,,1.0
Reactome,REACTOME_DEGRADATION_OF_CRY_AND_PER_PROTEINS,Degradation Of Cry And Per Proteins,DOWN,48,0,13874,0,1.0,,,1.0
Reactome,REACTOME_DEGRADATION_OF_DVL,Degradation Of Dvl,DOWN,44,0,13874,0,1.0,,,1.0
Reactome,REACTOME_DEGRADATION_OF_GLI1_BY_THE_PROTEASOME,Degradation Of Gli1 By The Proteasome,DOWN,46,0,13874,0,1.0,,,1.0
Reactome,REACTOME_DEGRADATION_OF_THE_EXTRACELLULAR_MATRIX,Degradation Of The Extracellular Matrix,DOWN,93,0,13874,0,1.0,,,1.0
Reactome,REACTOME_DENGUE_VIRUS_ACTIVATES_MODULATES_INNATE_AND_ADAPTIVE_IMMUNE_RESPONSES,Dengue Virus Activates Modulates Innate And Adaptive Immune Responses,DOWN,23,0,13874,0,1.0,,,1.0
Reactome,REACTOME_DENGUE_VIRUS_ATTACHMENT_AND_ENTRY,Dengue Virus Attachment And Entry,DOWN,32,0,13874,0,1.0,,,1.0
Reactome,REACTOME_DENGUE_VIRUS_GENOME_TRANSLATION_AND_REPLICATION,Dengue Virus Genome Translation And Replication,DOWN,80,0,13874,0,1.0,,,1.0
Reactome,REACTOME_DENGUE_VIRUS_HOST_INTERACTIONS,Dengue Virus Host Interactions,DOWN,229,0,13874,0,1.0,,,1.0
Reactome,REACTOME_DENGUE_VIRUS_INFECTION,Dengue Virus Infection,DOWN,330,0,13874,0,1.0,,,1.0
Reactome,REACTOME_DENGUE_VIRUS_MODULATES_APOPTOSIS,Dengue Virus Modulates Apoptosis,DOWN,16,0,13874,0,1.0,,,1.0
Reactome,REACTOME_DEPOSITION_OF_NEW_CENPA_CONTAINING_NUCLEOSOMES_AT_THE_CENTROMERE,Deposition Of New Cenpa Containing Nucleosomes At The Centromere,DOWN,40,0,13874,0,1.0,,,1.0
Reactome,REACTOME_DETOXIFICATION_OF_REACTIVE_OXYGEN_SPECIES,Detoxification Of Reactive Oxygen Species,DOWN,27,0,13874,0,1.0,,,1.0
Reactome,REACTOME_DEUBIQUITINATION,Deubiquitination,DOWN,225,0,13874,0,1.0,,,1.0
Reactome,REACTOME_DEVELOPMENTAL_CELL_LINEAGES,Developmental Cell Lineages,DOWN,67,0,13874,0,1.0,,,1.0
Reactome,REACTOME_DEVELOPMENTAL_CELL_LINEAGES_OF_THE_EXOCRINE_PANCREAS,Developmental Cell Lineages Of The Exocrine Pancreas,DOWN,34,0,13874,0,1.0,,,1.0
Reactome,REACTOME_DEVELOPMENTAL_CELL_LINEAGES_OF_THE_INTEGUMENTARY_SYSTEM,Developmental Cell Lineages Of The Integumentary System,DOWN,35,0,13874,0,1.0,,,1.0
Reactome,REACTOME_DEVELOPMENTAL_LINEAGES_OF_THE_MAMMARY_GLAND,Developmental Lineages Of The Mammary Gland,DOWN,20,0,13874,0,1.0,,,1.0
Reactome,REACTOME_DEVELOPMENTAL_LINEAGE_OF_PANCREATIC_DUCTAL_CELLS,Developmental Lineage Of Pancreatic Ductal Cells,DOWN,30,0,13874,0,1.0,,,1.0
Reactome,REACTOME_DIFFERENTIATION_OF_KERATINOCYTES_IN_INTERFOLLICULAR_EPIDERMIS_IN_MAMMALIAN_SKIN,Differentiation Of Keratinocytes In Interfollicular Epidermis In Mammalian Skin,DOWN,18,0,13874,0,1.0,,,1.0
Reactome,REACTOME_DISASSEMBLY_OF_THE_DESTRUCTION_COMPLEX_AND_RECRUITMENT_OF_AXIN_TO_THE_MEMBRANE,Disassembly Of The Destruction Complex And Recruitment Of Axin To The Membrane,DOWN,26,0,13874,0,1.0,,,1.0
Reactome,REACTOME_DISEASES_ASSOCIATED_WITH_GLYCOSAMINOGLYCAN_METABOLISM,Diseases Associated With Glycosaminoglycan Metabolism,DOWN,31,0,13874,0,1.0,,,1.0
Reactome,REACTOME_DISEASES_ASSOCIATED_WITH_GLYCOSYLATION_PRECURSOR_BIOSYNTHESIS,Diseases Associated With Glycosylation Precursor Biosynthesis,DOWN,16,0,13874,0,1.0,,,1.0
Reactome,REACTOME_DISEASES_ASSOCIATED_WITH_N_GLYCOSYLATION_OF_PROTEINS,Diseases Associated With N Glycosylation Of Proteins,DOWN,19,0,13874,0,1.0,,,1.0
Reactome,REACTOME_DISEASES_ASSOCIATED_WITH_O_GLYCOSYLATION_OF_PROTEINS,Diseases Associated With O Glycosylation Of Proteins,DOWN,43,0,13874,0,1.0,,,1.0
Reactome,REACTOME_DISEASES_OF_CARBOHYDRATE_METABOLISM,Diseases Of Carbohydrate Metabolism,DOWN,29,0,13874,0,1.0,,,1.0
Reactome,REACTOME_DISEASES_OF_DNA_REPAIR,Diseases Of Dna Repair,DOWN,45,0,13874,0,1.0,,,1.0
Reactome,REACTOME_DISEASES_OF_GLYCOSYLATION,Diseases Of Glycosylation,DOWN,108,0,13874,0,1.0,,,1.0
Reactome,REACTOME_DISEASES_OF_IMMUNE_SYSTEM,Diseases Of Immune System,DOWN,21,0,13874,0,1.0,,,1.0
Reactome,REACTOME_DISEASES_OF_METABOLISM,Diseases Of Metabolism,DOWN,196,0,13874,0,1.0,,,1.0
Reactome,REACTOME_DISEASES_OF_MITOTIC_CELL_CYCLE,Diseases Of Mitotic Cell Cycle,DOWN,36,0,13874,0,1.0,,,1.0
Reactome,REACTOME_DISEASES_OF_PROGRAMMED_CELL_DEATH,Diseases Of Programmed Cell Death,DOWN,63,0,13874,0,1.0,,,1.0
Reactome,REACTOME_DISEASES_OF_SIGNAL_TRANSDUCTION_BY_GROWTH_FACTOR_RECEPTORS_AND_SECOND_MESSENGERS,Diseases Of Signal Transduction By Growth Factor Receptors And Second Messengers,DOWN,362,0,13874,0,1.0,,,1.0
Reactome,REACTOME_DISORDERS_OF_DEVELOPMENTAL_BIOLOGY,Disorders Of Developmental Biology,DOWN,17,0,13874,0,1.0,,,1.0
Reactome,REACTOME_DISORDERS_OF_TRANSMEMBRANE_TRANSPORTERS,Disorders Of Transmembrane Transporters,DOWN,112,0,13874,0,1.0,,,1.0
Reactome,REACTOME_DNA_DAMAGE_BYPASS,Dna Damage Bypass,DOWN,45,0,13874,0,1.0,,,1.0
Reactome,REACTOME_DNA_DAMAGE_RECOGNITION_IN_GG_NER,Dna Damage Recognition In Gg Ner,DOWN,37,0,13874,0,1.0,,,1.0
Reactome,REACTOME_DNA_DAMAGE_TELOMERE_STRESS_INDUCED_SENESCENCE,Dna Damage Telomere Stress Induced Senescence,DOWN,48,0,13874,0,1.0,,,1.0
Reactome,REACTOME_DNA_DOUBLE_STRAND_BREAK_REPAIR,Dna Double Strand Break Repair,DOWN,136,0,13874,0,1.0,,,1.0
Reactome,REACTOME_DNA_DOUBLE_STRAND_BREAK_RESPONSE,Dna Double Strand Break Response,DOWN,59,0,13874,0,1.0,,,1.0
Reactome,REACTOME_DNA_METHYLATION,Dna Methylation,DOWN,27,0,13874,0,1.0,,,1.0
Reactome,REACTOME_DNA_REPAIR,Dna Repair,DOWN,280,0,13874,0,1.0,,,1.0
Reactome,REACTOME_DNA_REPLICATION,Dna Replication,DOWN,138,0,13874,0,1.0,,,1.0
Reactome,REACTOME_DNA_REPLICATION_PRE_INITIATION,Dna Replication Pre Initiation,DOWN,106,0,13874,0,1.0,,,1.0
Reactome,REACTOME_DNA_STRAND_ELONGATION,Dna Strand Elongation,DOWN,28,0,13874,0,1.0,,,1.0
Reactome,REACTOME_DOPAMINE_NEUROTRANSMITTER_RELEASE_CYCLE,Dopamine Neurotransmitter Release Cycle,DOWN,17,0,13874,0,1.0,,,1.0
Reactome,REACTOME_DOWNREGULATION_OF_ERBB2_SIGNALING,Downregulation Of Erbb2 Signaling,DOWN,20,0,13874,0,1.0,,,1.0
Reactome,REACTOME_DOWNREGULATION_OF_SMAD2_3_SMAD4_TRANSCRIPTIONAL_ACTIVITY,Downregulation Of Smad2 3 Smad4 Transcriptional Activity,DOWN,30,0,13874,0,1.0,,,1.0
Reactome,REACTOME_DOWNREGULATION_OF_TGF_BETA_RECEPTOR_SIGNALING,Downregulation Of Tgf Beta Receptor Signaling,DOWN,25,0,13874,0,1.0,,,1.0
Reactome,REACTOME_DOWNSTREAM_SIGNALING_EVENTS_OF_B_CELL_RECEPTOR_BCR,Downstream Signaling Events Of B Cell Receptor Bcr,DOWN,66,0,13874,0,1.0,,,1.0
Reactome,REACTOME_DOWNSTREAM_SIGNALING_OF_ACTIVATED_FGFR1,Downstream Signaling Of Activated Fgfr1,DOWN,19,0,13874,0,1.0,,,1.0
Reactome,REACTOME_DOWNSTREAM_SIGNALING_OF_ACTIVATED_FGFR2,Downstream Signaling Of Activated Fgfr2,DOWN,17,0,13874,0,1.0,,,1.0
Reactome,REACTOME_DOWNSTREAM_SIGNALING_OF_ACTIVATED_FGFR3,Downstream Signaling Of Activated Fgfr3,DOWN,16,0,13874,0,1.0,,,1.0
Reactome,REACTOME_DOWNSTREAM_SIGNALING_OF_ACTIVATED_FGFR4,Downstream Signaling Of Activated Fgfr4,DOWN,15,0,13874,0,1.0,,,1.0
Reactome,REACTOME_DOWNSTREAM_SIGNAL_TRANSDUCTION,Downstream Signal Transduction,DOWN,26,0,13874,0,1.0,,,1.0
Reactome,REACTOME_DOWNSTREAM_TCR_SIGNALING,Downstream Tcr Signaling,DOWN,67,0,13874,0,1.0,,,1.0
Reactome,REACTOME_DRUG_ADME,Drug Adme,DOWN,38,0,13874,0,1.0,,,1.0
Reactome,REACTOME_DUAL_INCISION_IN_GG_NER,Dual Incision In Gg Ner,DOWN,39,0,13874,0,1.0,,,1.0
Reactome,REACTOME_DUAL_INCISION_IN_TC_NER,Dual Incision In Tc Ner,DOWN,59,0,13874,0,1.0,,,1.0
Reactome,REACTOME_E2F_MEDIATED_REGULATION_OF_DNA_REPLICATION,E2F Mediated Regulation Of Dna Replication,DOWN,19,0,13874,0,1.0,,,1.0
Reactome,REACTOME_E3_UBIQUITIN_LIGASES_UBIQUITINATE_TARGET_PROTEINS,E3 Ubiquitin Ligases Ubiquitinate Target Proteins,DOWN,52,0,13874,0,1.0,,,1.0
Reactome,REACTOME_EARLY_SARS_COV_2_INFECTION_EVENTS,Early Sars Cov 2 Infection Events,DOWN,28,0,13874,0,1.0,,,1.0
Reactome,REACTOME_ECM_PROTEOGLYCANS,Ecm Proteoglycans,DOWN,55,0,13874,0,1.0,,,1.0
Reactome,REACTOME_EFFECTS_OF_PIP2_HYDROLYSIS,Effects Of Pip2 Hydrolysis,DOWN,21,0,13874,0,1.0,,,1.0
Reactome,REACTOME_EGFR_DOWNREGULATION,Egfr Downregulation,DOWN,24,0,13874,0,1.0,,,1.0
Reactome,REACTOME_EGR2_AND_SOX10_MEDIATED_INITIATION_OF_SCHWANN_CELL_MYELINATION,Egr2 And Sox10 Mediated Initiation Of Schwann Cell Myelination,DOWN,22,0,13874,0,1.0,,,1.0
Reactome,REACTOME_ELASTIC_FIBRE_FORMATION,Elastic Fibre Formation,DOWN,39,0,13874,0,1.0,,,1.0
Reactome,REACTOME_ENDOGENOUS_STEROLS,Endogenous Sterols,DOWN,15,0,13874,0,1.0,,,1.0
Reactome,REACTOME_ENDOSOMAL_SORTING_COMPLEX_REQUIRED_FOR_TRANSPORT_ESCRT,Endosomal Sorting Complex Required For Transport Escrt,DOWN,29,0,13874,0,1.0,,,1.0
Reactome,REACTOME_ENERGY_DEPENDENT_REGULATION_OF_MTOR_BY_LKB1_AMPK,Energy Dependent Regulation Of Mtor By Lkb1 Ampk,DOWN,27,0,13874,0,1.0,,,1.0
Reactome,REACTOME_EPHA_MEDIATED_GROWTH_CONE_COLLAPSE,Epha Mediated Growth Cone Collapse,DOWN,17,0,13874,0,1.0,,,1.0
Reactome,REACTOME_EPHB_MEDIATED_FORWARD_SIGNALING,Ephb Mediated Forward Signaling,DOWN,38,0,13874,0,1.0,,,1.0
Reactome,REACTOME_EPHRIN_SIGNALING,Ephrin Signaling,DOWN,18,0,13874,0,1.0,,,1.0
Reactome,REACTOME_EPH_EPHRIN_MEDIATED_REPULSION_OF_CELLS,Eph Ephrin Mediated Repulsion Of Cells,DOWN,38,0,13874,0,1.0,,,1.0
Reactome,REACTOME_EPH_EPHRIN_SIGNALING,Eph Ephrin Signaling,DOWN,74,0,13874,0,1.0,,,1.0
Reactome,REACTOME_EPIGENETIC_REGULATION_BY_WDR5_CONTAINING_HISTONE_MODIFYING_COMPLEXES,Epigenetic Regulation By Wdr5 Containing Histone Modifying Complexes,DOWN,122,0,13874,0,1.0,,,1.0
Reactome,REACTOME_EPIGENETIC_REGULATION_OF_GENE_EXPRESSION,Epigenetic Regulation Of Gene Expression,DOWN,268,0,13874,0,1.0,,,1.0
Reactome,REACTOME_EPIGENETIC_REGULATION_OF_GENE_EXPRESSION_BY_MLL3_AND_MLL4_COMPLEXES,Epigenetic Regulation Of Gene Expression By Mll3 And Mll4 Complexes,DOWN,90,0,13874,0,1.0,,,1.0
Reactome,REACTOME_ERCC6_CSB_AND_EHMT2_G9A_POSITIVELY_REGULATE_RRNA_EXPRESSION,Ercc6 Csb And Ehmt2 G9A Positively Regulate Rrna Expression,DOWN,39,0,13874,0,1.0,,,1.0
Reactome,REACTOME_ERK_MAPK_TARGETS,Erk Mapk Targets,DOWN,22,0,13874,0,1.0,,,1.0
Reactome,REACTOME_ER_QUALITY_CONTROL_COMPARTMENT_ERQC,Er Quality Control Compartment Erqc,DOWN,21,0,13874,0,1.0,,,1.0
Reactome,REACTOME_ER_TO_GOLGI_ANTEROGRADE_TRANSPORT,Er To Golgi Anterograde Transport,DOWN,134,0,13874,0,1.0,,,1.0
Reactome,REACTOME_ESR_MEDIATED_SIGNALING,Esr Mediated Signaling,DOWN,152,0,13874,0,1.0,,,1.0
Reactome,REACTOME_ESTROGEN_DEPENDENT_GENE_EXPRESSION,Estrogen Dependent Gene Expression,DOWN,100,0,13874,0,1.0,,,1.0
Reactome,REACTOME_ESTROGEN_DEPENDENT_NUCLEAR_EVENTS_DOWNSTREAM_OF_ESR_MEMBRANE_SIGNALING,Estrogen Dependent Nuclear Events Downstream Of Esr Membrane Signaling,DOWN,18,0,13874,0,1.0,,,1.0
Reactome,REACTOME_EUKARYOTIC_TRANSLATION_ELONGATION,Eukaryotic Translation Elongation,DOWN,88,0,13874,0,1.0,,,1.0
Reactome,REACTOME_EUKARYOTIC_TRANSLATION_INITIATION,Eukaryotic Translation Initiation,DOWN,115,0,13874,0,1.0,,,1.0
Reactome,REACTOME_EVASION_BY_RSV_OF_HOST_INTERFERON_RESPONSES,Evasion By Rsv Of Host Interferon Responses,DOWN,21,0,13874,0,1.0,,,1.0
Reactome,REACTOME_EXPORT_OF_VIRAL_RIBONUCLEOPROTEINS_FROM_NUCLEUS,Export Of Viral Ribonucleoproteins From Nucleus,DOWN,32,0,13874,0,1.0,,,1.0
Reactome,REACTOME_EXPRESSION_OF_BMAL_ARNTL_CLOCK_AND_NPAS2,Expression Of Bmal Arntl Clock And Npas2,DOWN,33,0,13874,0,1.0,,,1.0
Reactome,REACTOME_EXTENSION_OF_TELOMERES,Extension Of Telomeres,DOWN,45,0,13874,0,1.0,,,1.0
Reactome,REACTOME_EXTRACELLULAR_MATRIX_ORGANIZATION,Extracellular Matrix Organization,DOWN,228,0,13874,0,1.0,,,1.0
Reactome,REACTOME_EXTRA_NUCLEAR_ESTROGEN_SIGNALING,Extra Nuclear Estrogen Signaling,DOWN,54,0,13874,0,1.0,,,1.0
Reactome,REACTOME_FACTORS_INVOLVED_IN_MEGAKARYOCYTE_DEVELOPMENT_AND_PLATELET_PRODUCTION,Factors Involved In Megakaryocyte Development And Platelet Production,DOWN,106,0,13874,0,1.0,,,1.0
Reactome,REACTOME_FANCONI_ANEMIA_PATHWAY,Fanconi Anemia Pathway,DOWN,32,0,13874,0,1.0,,,1.0
Reactome,REACTOME_FATTY_ACID_METABOLISM,Fatty Acid Metabolism,DOWN,121,0,13874,0,1.0,,,1.0
Reactome,REACTOME_FATTY_ACYL_COA_BIOSYNTHESIS,Fatty Acyl Coa Biosynthesis,DOWN,26,0,13874,0,1.0,,,1.0
Reactome,REACTOME_FBXL7_DOWN_REGULATES_AURKA_DURING_MITOTIC_ENTRY_AND_IN_EARLY_MITOSIS,Fbxl7 Down Regulates Aurka During Mitotic Entry And In Early Mitosis,DOWN,42,0,13874,0,1.0,,,1.0
Reactome,REACTOME_FCERI_MEDIATED_CA_2_MOBILIZATION,Fceri Mediated Ca 2 Mobilization,DOWN,20,0,13874,0,1.0,,,1.0
Reactome,REACTOME_FCERI_MEDIATED_MAPK_ACTIVATION,Fceri Mediated Mapk Activation,DOWN,23,0,13874,0,1.0,,,1.0
Reactome,REACTOME_FCERI_MEDIATED_NF_KB_ACTIVATION,Fceri Mediated Nf Kb Activation,DOWN,61,0,13874,0,1.0,,,1.0
Reactome,REACTOME_FCGAMMA_RECEPTOR_FCGR_DEPENDENT_PHAGOCYTOSIS,Fcgamma Receptor Fcgr Dependent Phagocytosis,DOWN,69,0,13874,0,1.0,,,1.0
Reactome,REACTOME_FCGR3A_MEDIATED_IL10_SYNTHESIS,Fcgr3A Mediated Il10 Synthesis,DOWN,25,0,13874,0,1.0,,,1.0
Reactome,REACTOME_FC_EPSILON_RECEPTOR_FCERI_SIGNALING,Fc Epsilon Receptor Fceri Signaling,DOWN,101,0,13874,0,1.0,,,1.0
Reactome,REACTOME_FGFR1_MUTANT_RECEPTOR_ACTIVATION,Fgfr1 Mutant Receptor Activation,DOWN,24,0,13874,0,1.0,,,1.0
Reactome,REACTOME_FGFR2_ALTERNATIVE_SPLICING,Fgfr2 Alternative Splicing,DOWN,22,0,13874,0,1.0,,,1.0
Reactome,REACTOME_FGFR2_MUTANT_RECEPTOR_ACTIVATION,Fgfr2 Mutant Receptor Activation,DOWN,18,0,13874,0,1.0,,,1.0
Reactome,REACTOME_FIBRONECTIN_MATRIX_FORMATION,Fibronectin Matrix Formation,DOWN,15,0,13874,0,1.0,,,1.0
Reactome,REACTOME_FLT3_SIGNALING,Flt3 Signaling,DOWN,30,0,13874,0,1.0,,,1.0
Reactome,REACTOME_FLT3_SIGNALING_IN_DISEASE,Flt3 Signaling In Disease,DOWN,26,0,13874,0,1.0,,,1.0
Reactome,REACTOME_FORMATION_OF_ATP_BY_CHEMIOSMOTIC_COUPLING,Formation Of Atp By Chemiosmotic Coupling,DOWN,19,0,13874,0,1.0,,,1.0
Reactome,REACTOME_FORMATION_OF_FIBRIN_CLOT_CLOTTING_CASCADE,Formation Of Fibrin Clot Clotting Cascade,DOWN,15,0,13874,0,1.0,,,1.0
Reactome,REACTOME_FORMATION_OF_INCISION_COMPLEX_IN_GG_NER,Formation Of Incision Complex In Gg Ner,DOWN,42,0,13874,0,1.0,,,1.0
Reactome,REACTOME_FORMATION_OF_NEURONAL_PROGENITOR_AND_NEURONAL_BAF_NPBAF_AND_NBAF,Formation Of Neuronal Progenitor And Neuronal Baf Npbaf And Nbaf,DOWN,23,0,13874,0,1.0,,,1.0
Reactome,REACTOME_FORMATION_OF_PARAXIAL_MESODERM,Formation Of Paraxial Mesoderm,DOWN,50,0,13874,0,1.0,,,1.0
Reactome,REACTOME_FORMATION_OF_RNA_POL_II_ELONGATION_COMPLEX,Formation Of Rna Pol Ii Elongation Complex,DOWN,53,0,13874,0,1.0,,,1.0
Reactome,REACTOME_FORMATION_OF_TC_NER_PRE_INCISION_COMPLEX,Formation Of Tc Ner Pre Incision Complex,DOWN,48,0,13874,0,1.0,,,1.0
Reactome,REACTOME_FORMATION_OF_THE_BETA_CATENIN_TCF_TRANSACTIVATING_COMPLEX,Formation Of The Beta Catenin Tcf Transactivating Complex,DOWN,55,0,13874,0,1.0,,,1.0
Reactome,REACTOME_FORMATION_OF_THE_CANONICAL_BAF_CBAF_COMPLEX,Formation Of The Canonical Baf Cbaf Complex,DOWN,18,0,13874,0,1.0,,,1.0
Reactome,REACTOME_FORMATION_OF_THE_CORNIFIED_ENVELOPE,Formation Of The Cornified Envelope,DOWN,18,0,13874,0,1.0,,,1.0
Reactome,REACTOME_FORMATION_OF_THE_DYSTROPHIN_GLYCOPROTEIN_COMPLEX_DGC,Formation Of The Dystrophin Glycoprotein Complex Dgc,DOWN,28,0,13874,0,1.0,,,1.0
Reactome,REACTOME_FORMATION_OF_THE_EARLY_ELONGATION_COMPLEX,Formation Of The Early Elongation Complex,DOWN,30,0,13874,0,1.0,,,1.0
Reactome,REACTOME_FORMATION_OF_THE_EMBRYONIC_STEM_CELL_BAF_ESBAF_COMPLEX,Formation Of The Embryonic Stem Cell Baf Esbaf Complex,DOWN,18,0,13874,0,1.0,,,1.0
Reactome,REACTOME_FORMATION_OF_THE_NON_CANONICAL_BAF_NCBAF_COMPLEX,Formation Of The Non Canonical Baf Ncbaf Complex,DOWN,17,0,13874,0,1.0,,,1.0
Reactome,REACTOME_FORMATION_OF_THE_POLYBROMO_BAF_PBAF_COMPLEX,Formation Of The Polybromo Baf Pbaf Complex,DOWN,18,0,13874,0,1.0,,,1.0
Reactome,REACTOME_FORMATION_OF_THE_URETERIC_BUD,Formation Of The Ureteric Bud,DOWN,17,0,13874,0,1.0,,,1.0
Reactome,REACTOME_FORMATION_OF_TUBULIN_FOLDING_INTERMEDIATES_BY_CCT_TRIC,Formation Of Tubulin Folding Intermediates By Cct Tric,DOWN,18,0,13874,0,1.0,,,1.0
Reactome,REACTOME_FORMATION_OF_WDR5_CONTAINING_HISTONE_MODIFYING_COMPLEXES,Formation Of Wdr5 Containing Histone Modifying Complexes,DOWN,42,0,13874,0,1.0,,,1.0
Reactome,REACTOME_FOXO_MEDIATED_TRANSCRIPTION,Foxo Mediated Transcription,DOWN,51,0,13874,0,1.0,,,1.0
Reactome,REACTOME_FOXO_MEDIATED_TRANSCRIPTION_OF_CELL_CYCLE_GENES,Foxo Mediated Transcription Of Cell Cycle Genes,DOWN,15,0,13874,0,1.0,,,1.0
Reactome,REACTOME_FOXO_MEDIATED_TRANSCRIPTION_OF_CELL_DEATH_GENES,Foxo Mediated Transcription Of Cell Death Genes,DOWN,15,0,13874,0,1.0,,,1.0
Reactome,REACTOME_FOXO_MEDIATED_TRANSCRIPTION_OF_OXIDATIVE_STRESS_METABOLIC_AND_NEURONAL_GENES,Foxo Mediated Transcription Of Oxidative Stress Metabolic And Neuronal Genes,DOWN,19,0,13874,0,1.0,,,1.0
Reactome,REACTOME_G0_AND_EARLY_G1,G0 And Early G1,DOWN,23,0,13874,0,1.0,,,1.0
Reactome,REACTOME_G1_S_DNA_DAMAGE_CHECKPOINTS,G1 S Dna Damage Checkpoints,DOWN,66,0,13874,0,1.0,,,1.0
Reactome,REACTOME_G1_S_SPECIFIC_TRANSCRIPTION,G1 S Specific Transcription,DOWN,24,0,13874,0,1.0,,,1.0
Reactome,REACTOME_G2_M_CHECKPOINTS,G2 M Checkpoints,DOWN,125,0,13874,0,1.0,,,1.0
Reactome,REACTOME_G2_M_DNA_DAMAGE_CHECKPOINT,G2 M Dna Damage Checkpoint,DOWN,71,0,13874,0,1.0,,,1.0
Reactome,REACTOME_GABA_B_RECEPTOR_ACTIVATION,Gaba B Receptor Activation,DOWN,23,0,13874,0,1.0,,,1.0
Reactome,REACTOME_GABA_RECEPTOR_ACTIVATION,Gaba Receptor Activation,DOWN,25,0,13874,0,1.0,,,1.0
Reactome,REACTOME_GAMMA_CARBOXYLATION_HYPUSINYLATION_HYDROXYLATION_AND_ARYLSULFATASE_ACTIVATION,Gamma Carboxylation Hypusinylation Hydroxylation And Arylsulfatase Activation,DOWN,52,0,13874,0,1.0,,,1.0
Reactome,REACTOME_GAP_FILLING_DNA_REPAIR_SYNTHESIS_AND_LIGATION_IN_GG_NER,Gap Filling Dna Repair Synthesis And Ligation In Gg Ner,DOWN,24,0,13874,0,1.0,,,1.0
Reactome,REACTOME_GAP_JUNCTION_TRAFFICKING_AND_REGULATION,Gap Junction Trafficking And Regulation,DOWN,25,0,13874,0,1.0,,,1.0
Reactome,REACTOME_GASTRIN_CREB_SIGNALLING_PATHWAY_VIA_PKC_AND_MAPK,Gastrin Creb Signalling Pathway Via Pkc And Mapk,DOWN,15,0,13874,0,1.0,,,1.0
Reactome,REACTOME_GASTRULATION,Gastrulation,DOWN,75,0,13874,0,1.0,,,1.0
Reactome,REACTOME_GENE_AND_PROTEIN_EXPRESSION_BY_JAK_STAT_SIGNALING_AFTER_INTERLEUKIN_12_STIMULATION,Gene And Protein Expression By Jak Stat Signaling After Interleukin 12 Stimulation,DOWN,30,0,13874,0,1.0,,,1.0
Reactome,REACTOME_GENE_SILENCING_BY_RNA,Gene Silencing By Rna,DOWN,61,0,13874,0,1.0,,,1.0
Reactome,REACTOME_GLOBAL_GENOME_NUCLEOTIDE_EXCISION_REPAIR_GG_NER,Global Genome Nucleotide Excision Repair Gg Ner,DOWN,81,0,13874,0,1.0,,,1.0
Reactome,REACTOME_GLUCAGON_LIKE_PEPTIDE_1_GLP1_REGULATES_INSULIN_SECRETION,Glucagon Like Peptide 1 Glp1 Regulates Insulin Secretion,DOWN,28,0,13874,0,1.0,,,1.0
Reactome,REACTOME_GLUCAGON_SIGNALING_IN_METABOLIC_REGULATION,Glucagon Signaling In Metabolic Regulation,DOWN,22,0,13874,0,1.0,,,1.0
Reactome,REACTOME_GLUCOSE_METABOLISM,Glucose Metabolism,DOWN,64,0,13874,0,1.0,,,1.0
Reactome,REACTOME_GLUTAMATE_NEUROTRANSMITTER_RELEASE_CYCLE,Glutamate Neurotransmitter Release Cycle,DOWN,18,0,13874,0,1.0,,,1.0
Reactome,REACTOME_GLUTATHIONE_CONJUGATION,Glutathione Conjugation,DOWN,26,0,13874,0,1.0,,,1.0
Reactome,REACTOME_GLYCEROPHOSPHOLIPID_BIOSYNTHESIS,Glycerophospholipid Biosynthesis,DOWN,92,0,13874,0,1.0,,,1.0
Reactome,REACTOME_GLYCOGEN_METABOLISM,Glycogen Metabolism,DOWN,24,0,13874,0,1.0,,,1.0
Reactome,REACTOME_GLYCOSAMINOGLYCAN_METABOLISM,Glycosaminoglycan Metabolism,DOWN,99,0,13874,0,1.0,,,1.0
Reactome,REACTOME_GLYCOSAMINOGLYCAN_PROTEIN_LINKAGE_REGION_BIOSYNTHESIS,Glycosaminoglycan Protein Linkage Region Biosynthesis,DOWN,20,0,13874,0,1.0,,,1.0
Reactome,REACTOME_GLYCOSPHINGOLIPID_BIOSYNTHESIS,Glycosphingolipid Biosynthesis,DOWN,15,0,13874,0,1.0,,,1.0
Reactome,REACTOME_GLYCOSPHINGOLIPID_CATABOLISM,Glycosphingolipid Catabolism,DOWN,30,0,13874,0,1.0,,,1.0
Reactome,REACTOME_GLYCOSPHINGOLIPID_METABOLISM,Glycosphingolipid Metabolism,DOWN,45,0,13874,0,1.0,,,1.0
Reactome,REACTOME_GOLGI_ASSOCIATED_VESICLE_BIOGENESIS,Golgi Associated Vesicle Biogenesis,DOWN,49,0,13874,0,1.0,,,1.0
Reactome,REACTOME_GOLGI_TO_ER_RETROGRADE_TRANSPORT,Golgi To Er Retrograde Transport,DOWN,109,0,13874,0,1.0,,,1.0
Reactome,REACTOME_GPCR_LIGAND_BINDING,Gpcr Ligand Binding,DOWN,121,0,13874,0,1.0,,,1.0
Reactome,REACTOME_GPER1_SIGNALING,Gper1 Signaling,DOWN,32,0,13874,0,1.0,,,1.0
Reactome,REACTOME_GPVI_MEDIATED_ACTIVATION_CASCADE,Gpvi Mediated Activation Cascade,DOWN,20,0,13874,0,1.0,,,1.0
Reactome,REACTOME_GROWTH_HORMONE_RECEPTOR_SIGNALING,Growth Hormone Receptor Signaling,DOWN,19,0,13874,0,1.0,,,1.0
Reactome,REACTOME_GSK3B_MEDIATED_PROTEASOMAL_DEGRADATION_OF_PD_L1_CD274,Gsk3B Mediated Proteasomal Degradation Of Pd L1 Cd274,DOWN,42,0,13874,0,1.0,,,1.0
Reactome,REACTOME_G_ALPHA_12_13_SIGNALLING_EVENTS,G Alpha 12 13 Signalling Events,DOWN,57,0,13874,0,1.0,,,1.0
Reactome,REACTOME_G_ALPHA_I_SIGNALLING_EVENTS,G Alpha I Signalling Events,DOWN,127,0,13874,0,1.0,,,1.0
Reactome,REACTOME_G_ALPHA_Q_SIGNALLING_EVENTS,G Alpha Q Signalling Events,DOWN,98,0,13874,0,1.0,,,1.0
Reactome,REACTOME_G_ALPHA_S_SIGNALLING_EVENTS,G Alpha S Signalling Events,DOWN,63,0,13874,0,1.0,,,1.0
Reactome,REACTOME_G_ALPHA_Z_SIGNALLING_EVENTS,G Alpha Z Signalling Events,DOWN,29,0,13874,0,1.0,,,1.0
Reactome,REACTOME_G_BETA_GAMMA_SIGNALLING_THROUGH_PI3KGAMMA,G Beta Gamma Signalling Through Pi3Kgamma,DOWN,15,0,13874,0,1.0,,,1.0
Reactome,REACTOME_G_PROTEIN_BETA_GAMMA_SIGNALLING,G Protein Beta Gamma Signalling,DOWN,20,0,13874,0,1.0,,,1.0
Reactome,REACTOME_G_PROTEIN_MEDIATED_EVENTS,G Protein Mediated Events,DOWN,43,0,13874,0,1.0,,,1.0
Reactome,REACTOME_HATS_ACETYLATE_HISTONES,Hats Acetylate Histones,DOWN,101,0,13874,0,1.0,,,1.0
Reactome,REACTOME_HCMV_EARLY_EVENTS,Hcmv Early Events,DOWN,84,0,13874,0,1.0,,,1.0
Reactome,REACTOME_HCMV_INFECTION,Hcmv Infection,DOWN,106,0,13874,0,1.0,,,1.0
Reactome,REACTOME_HCMV_LATE_EVENTS,Hcmv Late Events,DOWN,72,0,13874,0,1.0,,,1.0
Reactome,REACTOME_HDACS_DEACETYLATE_HISTONES,Hdacs Deacetylate Histones,DOWN,52,0,13874,0,1.0,,,1.0
Reactome,REACTOME_HDMS_DEMETHYLATE_HISTONES,Hdms Demethylate Histones,DOWN,30,0,13874,0,1.0,,,1.0
Reactome,REACTOME_HDR_THROUGH_HOMOLOGOUS_RECOMBINATION_HRR,Hdr Through Homologous Recombination Hrr,DOWN,59,0,13874,0,1.0,,,1.0
Reactome,REACTOME_HDR_THROUGH_SINGLE_STRAND_ANNEALING_SSA,Hdr Through Single Strand Annealing Ssa,DOWN,34,0,13874,0,1.0,,,1.0
Reactome,REACTOME_HEDGEHOG_LIGAND_BIOGENESIS,Hedgehog Ligand Biogenesis,DOWN,46,0,13874,0,1.0,,,1.0
Reactome,REACTOME_HEDGEHOG_OFF_STATE,Hedgehog Off State,DOWN,92,0,13874,0,1.0,,,1.0
Reactome,REACTOME_HEDGEHOG_ON_STATE,Hedgehog On State,DOWN,69,0,13874,0,1.0,,,1.0
Reactome,REACTOME_HEME_SIGNALING,Heme Signaling,DOWN,42,0,13874,0,1.0,,,1.0
Reactome,REACTOME_HEMOSTASIS,Hemostasis,DOWN,385,0,13874,0,1.0,,,1.0
Reactome,REACTOME_HEPARAN_SULFATE_HEPARIN_HS_GAG_METABOLISM,Heparan Sulfate Heparin Hs Gag Metabolism,DOWN,29,0,13874,0,1.0,,,1.0
Reactome,REACTOME_HH_MUTANTS_ABROGATE_LIGAND_SECRETION,Hh Mutants Abrogate Ligand Secretion,DOWN,43,0,13874,0,1.0,,,1.0
Reactome,REACTOME_HIGH_LAMINAR_FLOW_SHEAR_STRESS_ACTIVATES_SIGNALING_BY_PIEZO1_AND_PECAM1_CDH5_KDR_IN_ENDOTHELIAL_CELLS,High Laminar Flow Shear Stress Activates Signaling By Piezo1 And Pecam1 Cdh5 Kdr In Endothelial Cells,DOWN,49,0,13874,0,1.0,,,1.0
Reactome,REACTOME_HIV_ELONGATION_ARREST_AND_RECOVERY,Hiv Elongation Arrest And Recovery,DOWN,30,0,13874,0,1.0,,,1.0
Reactome,REACTOME_HIV_INFECTION,Hiv Infection,DOWN,203,0,13874,0,1.0,,,1.0
Reactome,REACTOME_HIV_LIFE_CYCLE,Hiv Life Cycle,DOWN,140,0,13874,0,1.0,,,1.0
Reactome,REACTOME_HIV_TRANSCRIPTION_ELONGATION,Hiv Transcription Elongation,DOWN,39,0,13874,0,1.0,,,1.0
Reactome,REACTOME_HIV_TRANSCRIPTION_INITIATION,Hiv Transcription Initiation,DOWN,44,0,13874,0,1.0,,,1.0
Reactome,REACTOME_HOMOLOGOUS_DNA_PAIRING_AND_STRAND_EXCHANGE,Homologous Dna Pairing And Strand Exchange,DOWN,38,0,13874,0,1.0,,,1.0
Reactome,REACTOME_HOMOLOGY_DIRECTED_REPAIR,Homology Directed Repair,DOWN,108,0,13874,0,1.0,,,1.0
Reactome,REACTOME_HOST_INTERACTIONS_OF_HIV_FACTORS,Host Interactions Of Hiv Factors,DOWN,111,0,13874,0,1.0,,,1.0
Reactome,REACTOME_HSF1_ACTIVATION,Hsf1 Activation,DOWN,27,0,13874,0,1.0,,,1.0
Reactome,REACTOME_HSF1_DEPENDENT_TRANSACTIVATION,Hsf1 Dependent Transactivation,DOWN,32,0,13874,0,1.0,,,1.0
Reactome,REACTOME_HSP90_CHAPERONE_CYCLE_FOR_STEROID_HORMONE_RECEPTORS_SHR_IN_THE_PRESENCE_OF_LIGAND,Hsp90 Chaperone Cycle For Steroid Hormone Receptors Shr In The Presence Of Ligand,DOWN,43,0,13874,0,1.0,,,1.0
Reactome,REACTOME_HS_GAG_BIOSYNTHESIS,Hs Gag Biosynthesis,DOWN,21,0,13874,0,1.0,,,1.0
Reactome,REACTOME_HS_GAG_DEGRADATION,Hs Gag Degradation,DOWN,16,0,13874,0,1.0,,,1.0
Reactome,REACTOME_IKK_COMPLEX_RECRUITMENT_MEDIATED_BY_RIP1,Ikk Complex Recruitment Mediated By Rip1,DOWN,21,0,13874,0,1.0,,,1.0
Reactome,REACTOME_IMMUNOREGULATORY_INTERACTIONS_BETWEEN_A_LYMPHOID_AND_A_NON_LYMPHOID_CELL,Immunoregulatory Interactions Between A Lymphoid And A Non Lymphoid Cell,DOWN,35,0,13874,0,1.0,,,1.0
Reactome,REACTOME_INACTIVATION_OF_CSF3_G_CSF_SIGNALING,Inactivation Of Csf3 G Csf Signaling,DOWN,21,0,13874,0,1.0,,,1.0
Reactome,REACTOME_INFECTION_WITH_ENTEROBACTERIA,Infection With Enterobacteria,DOWN,30,0,13874,0,1.0,,,1.0
Reactome,REACTOME_INFECTION_WITH_MYCOBACTERIUM_TUBERCULOSIS,Infection With Mycobacterium Tuberculosis,DOWN,22,0,13874,0,1.0,,,1.0
Reactome,REACTOME_INFLAMMASOMES,Inflammasomes,DOWN,17,0,13874,0,1.0,,,1.0
Reactome,REACTOME_INFLUENZA_INFECTION,Influenza Infection,DOWN,150,0,13874,0,1.0,,,1.0
Reactome,REACTOME_INFLUENZA_VIRAL_RNA_TRANSCRIPTION_AND_REPLICATION,Influenza Viral Rna Transcription And Replication,DOWN,129,0,13874,0,1.0,,,1.0
Reactome,REACTOME_INHIBITION_OF_DNA_RECOMBINATION_AT_TELOMERE,Inhibition Of Dna Recombination At Telomere,DOWN,39,0,13874,0,1.0,,,1.0
Reactome,REACTOME_INHIBITION_OF_THE_PROTEOLYTIC_ACTIVITY_OF_APC_C_REQUIRED_FOR_THE_ONSET_OF_ANAPHASE_BY_MITOTIC_SPINDLE_CHECKPOINT_COMPONENTS,Inhibition Of The Proteolytic Activity Of Apc C Required For The Onset Of Anaphase By Mitotic Spindle Checkpoint Components,DOWN,19,0,13874,0,1.0,,,1.0
Reactome,REACTOME_INITIATION_OF_NUCLEAR_ENVELOPE_NE_REFORMATION,Initiation Of Nuclear Envelope Ne Reformation,DOWN,18,0,13874,0,1.0,,,1.0
Reactome,REACTOME_INOSITOL_PHOSPHATE_METABOLISM,Inositol Phosphate Metabolism,DOWN,38,0,13874,0,1.0,,,1.0
Reactome,REACTOME_INSERTION_OF_TAIL_ANCHORED_PROTEINS_INTO_THE_ENDOPLASMIC_RETICULUM_MEMBRANE,Insertion Of Tail Anchored Proteins Into The Endoplasmic Reticulum Membrane,DOWN,20,0,13874,0,1.0,,,1.0
Reactome,REACTOME_INSULIN_PROCESSING,Insulin Processing,DOWN,20,0,13874,0,1.0,,,1.0
Reactome,REACTOME_INSULIN_RECEPTOR_RECYCLING,Insulin Receptor Recycling,DOWN,23,0,13874,0,1.0,,,1.0
Reactome,REACTOME_INSULIN_RECEPTOR_SIGNALLING_CASCADE,Insulin Receptor Signalling Cascade,DOWN,31,0,13874,0,1.0,,,1.0
Reactome,REACTOME_INTEGRATION_OF_ENERGY_METABOLISM,Integration Of Energy Metabolism,DOWN,75,0,13874,0,1.0,,,1.0
Reactome,REACTOME_INTEGRIN_CELL_SURFACE_INTERACTIONS,Integrin Cell Surface Interactions,DOWN,56,0,13874,0,1.0,,,1.0
Reactome,REACTOME_INTEGRIN_SIGNALING,Integrin Signaling,DOWN,20,0,13874,0,1.0,,,1.0
Reactome,REACTOME_INTERACTIONS_OF_REV_WITH_HOST_CELLULAR_PROTEINS,Interactions Of Rev With Host Cellular Proteins,DOWN,36,0,13874,0,1.0,,,1.0
Reactome,REACTOME_INTERACTIONS_OF_VPR_WITH_HOST_CELLULAR_PROTEINS,Interactions Of Vpr With Host Cellular Proteins,DOWN,36,0,13874,0,1.0,,,1.0
Reactome,REACTOME_INTERACTION_BETWEEN_L1_AND_ANKYRINS,Interaction Between L1 And Ankyrins,DOWN,23,0,13874,0,1.0,,,1.0
Reactome,REACTOME_INTERCONVERSION_OF_NUCLEOTIDE_DI_AND_TRIPHOSPHATES,Interconversion Of Nucleotide Di And Triphosphates,DOWN,26,0,13874,0,1.0,,,1.0
Reactome,REACTOME_INTERFERON_ALPHA_BETA_SIGNALING,Interferon Alpha Beta Signaling,DOWN,54,0,13874,0,1.0,,,1.0
Reactome,REACTOME_INTERFERON_GAMMA_SIGNALING,Interferon Gamma Signaling,DOWN,67,0,13874,0,1.0,,,1.0
Reactome,REACTOME_INTERFERON_SIGNALING,Interferon Signaling,DOWN,226,0,13874,0,1.0,,,1.0
Reactome,REACTOME_INTERLEUKIN_10_SIGNALING,Interleukin 10 Signaling,DOWN,17,0,13874,0,1.0,,,1.0
Reactome,REACTOME_INTERLEUKIN_12_FAMILY_SIGNALING,Interleukin 12 Family Signaling,DOWN,42,0,13874,0,1.0,,,1.0
Reactome,REACTOME_INTERLEUKIN_12_SIGNALING,Interleukin 12 Signaling,DOWN,35,0,13874,0,1.0,,,1.0
Reactome,REACTOME_INTERLEUKIN_17_SIGNALING,Interleukin 17 Signaling,DOWN,66,0,13874,0,1.0,,,1.0
Reactome,REACTOME_INTERLEUKIN_1_FAMILY_SIGNALING,Interleukin 1 Family Signaling,DOWN,115,0,13874,0,1.0,,,1.0
Reactome,REACTOME_INTERLEUKIN_1_SIGNALING,Interleukin 1 Signaling,DOWN,94,0,13874,0,1.0,,,1.0
Reactome,REACTOME_INTERLEUKIN_20_FAMILY_SIGNALING,Interleukin 20 Family Signaling,DOWN,15,0,13874,0,1.0,,,1.0
Reactome,REACTOME_INTERLEUKIN_2_FAMILY_SIGNALING,Interleukin 2 Family Signaling,DOWN,26,0,13874,0,1.0,,,1.0
Reactome,REACTOME_INTERLEUKIN_37_SIGNALING,Interleukin 37 Signaling,DOWN,17,0,13874,0,1.0,,,1.0
Reactome,REACTOME_INTERLEUKIN_3_INTERLEUKIN_5_AND_GM_CSF_SIGNALING,Interleukin 3 Interleukin 5 And Gm Csf Signaling,DOWN,33,0,13874,0,1.0,,,1.0
Reactome,REACTOME_INTERLEUKIN_4_AND_INTERLEUKIN_13_SIGNALING,Interleukin 4 And Interleukin 13 Signaling,DOWN,70,0,13874,0,1.0,,,1.0
Reactome,REACTOME_INTERLEUKIN_6_FAMILY_SIGNALING,Interleukin 6 Family Signaling,DOWN,19,0,13874,0,1.0,,,1.0
Reactome,REACTOME_INTERLEUKIN_7_SIGNALING,Interleukin 7 Signaling,DOWN,20,0,13874,0,1.0,,,1.0
Reactome,REACTOME_INTERLEUKIN_RECEPTOR_SHC_SIGNALING,Interleukin Receptor Shc Signaling,DOWN,16,0,13874,0,1.0,,,1.0
Reactome,REACTOME_INTRACELLULAR_SIGNALING_BY_SECOND_MESSENGERS,Intracellular Signaling By Second Messengers,DOWN,242,0,13874,0,1.0,,,1.0
Reactome,REACTOME_INTRAFLAGELLAR_TRANSPORT,Intraflagellar Transport,DOWN,45,0,13874,0,1.0,,,1.0
Reactome,REACTOME_INTRA_GOLGI_AND_RETROGRADE_GOLGI_TO_ER_TRAFFIC,Intra Golgi And Retrograde Golgi To Er Traffic,DOWN,172,0,13874,0,1.0,,,1.0
Reactome,REACTOME_INTRA_GOLGI_TRAFFIC,Intra Golgi Traffic,DOWN,39,0,13874,0,1.0,,,1.0
Reactome,REACTOME_INTRINSIC_PATHWAY_FOR_APOPTOSIS,Intrinsic Pathway For Apoptosis,DOWN,49,0,13874,0,1.0,,,1.0
Reactome,REACTOME_ION_CHANNEL_TRANSPORT,Ion Channel Transport,DOWN,108,0,13874,0,1.0,,,1.0
Reactome,REACTOME_ION_HOMEOSTASIS,Ion Homeostasis,DOWN,28,0,13874,0,1.0,,,1.0
Reactome,REACTOME_ION_TRANSPORT_BY_P_TYPE_ATPASES,Ion Transport By P Type Atpases,DOWN,32,0,13874,0,1.0,,,1.0
Reactome,REACTOME_IRE1ALPHA_ACTIVATES_CHAPERONES,Ire1Alpha Activates Chaperones,DOWN,48,0,13874,0,1.0,,,1.0
Reactome,REACTOME_IRON_UPTAKE_AND_TRANSPORT,Iron Uptake And Transport,DOWN,46,0,13874,0,1.0,,,1.0
Reactome,REACTOME_IRS_MEDIATED_SIGNALLING,Irs Mediated Signalling,DOWN,26,0,13874,0,1.0,,,1.0
Reactome,REACTOME_ISG15_ANTIVIRAL_MECHANISM,Isg15 Antiviral Mechanism,DOWN,72,0,13874,0,1.0,,,1.0
Reactome,REACTOME_JNK_C_JUN_KINASES_PHOSPHORYLATION_AND_ACTIVATION_MEDIATED_BY_ACTIVATED_HUMAN_TAK1,Jnk C Jun Kinases Phosphorylation And Activation Mediated By Activated Human Tak1,DOWN,21,0,13874,0,1.0,,,1.0
Reactome,REACTOME_KEAP1_NFE2L2_PATHWAY,Keap1 Nfe2L2 Pathway,DOWN,108,0,13874,0,1.0,,,1.0
Reactome,REACTOME_KERATAN_SULFATE_BIOSYNTHESIS,Keratan Sulfate Biosynthesis,DOWN,20,0,13874,0,1.0,,,1.0
Reactome,REACTOME_KERATAN_SULFATE_KERATIN_METABOLISM,Keratan Sulfate Keratin Metabolism,DOWN,26,0,13874,0,1.0,,,1.0
Reactome,REACTOME_KERATINIZATION,Keratinization,DOWN,19,0,13874,0,1.0,,,1.0
Reactome,REACTOME_KIDNEY_DEVELOPMENT,Kidney Development,DOWN,29,0,13874,0,1.0,,,1.0
Reactome,REACTOME_KINESINS,Kinesins,DOWN,38,0,13874,0,1.0,,,1.0
Reactome,REACTOME_KSRP_KHSRP_BINDS_AND_DESTABILIZES_MRNA,Ksrp Khsrp Binds And Destabilizes Mrna,DOWN,17,0,13874,0,1.0,,,1.0
Reactome,REACTOME_L1CAM_INTERACTIONS,L1Cam Interactions,DOWN,92,0,13874,0,1.0,,,1.0
Reactome,REACTOME_LAGGING_STRAND_SYNTHESIS,Lagging Strand Synthesis,DOWN,19,0,13874,0,1.0,,,1.0
Reactome,REACTOME_LAMININ_INTERACTIONS,Laminin Interactions,DOWN,27,0,13874,0,1.0,,,1.0
Reactome,REACTOME_LATE_ENDOSOMAL_MICROAUTOPHAGY,Late Endosomal Microautophagy,DOWN,28,0,13874,0,1.0,,,1.0
Reactome,REACTOME_LATE_SARS_COV_2_INFECTION_EVENTS,Late Sars Cov 2 Infection Events,DOWN,62,0,13874,0,1.0,,,1.0
Reactome,REACTOME_LDL_CLEARANCE,Ldl Clearance,DOWN,18,0,13874,0,1.0,,,1.0
Reactome,REACTOME_LEISHMANIA_INFECTION,Leishmania Infection,DOWN,117,0,13874,0,1.0,,,1.0
Reactome,REACTOME_LISTERIA_MONOCYTOGENES_ENTRY_INTO_HOST_CELLS,Listeria Monocytogenes Entry Into Host Cells,DOWN,17,0,13874,0,1.0,,,1.0
Reactome,REACTOME_LYSOSOME_VESICLE_BIOGENESIS,Lysosome Vesicle Biogenesis,DOWN,28,0,13874,0,1.0,,,1.0
Reactome,REACTOME_MAP2K_AND_MAPK_ACTIVATION,Map2K And Mapk Activation,DOWN,32,0,13874,0,1.0,,,1.0
Reactome,REACTOME_MAP3K8_TPL2_DEPENDENT_MAPK1_3_ACTIVATION,Map3K8 Tpl2 Dependent Mapk1 3 Activation,DOWN,16,0,13874,0,1.0,,,1.0
Reactome,REACTOME_MAPK1_MAPK3_SIGNALING,Mapk1 Mapk3 Signaling,DOWN,194,0,13874,0,1.0,,,1.0
Reactome,REACTOME_MAPK6_MAPK4_SIGNALING,Mapk6 Mapk4 Signaling,DOWN,73,0,13874,0,1.0,,,1.0
Reactome,REACTOME_MAPK_FAMILY_SIGNALING_CASCADES,Mapk Family Signaling Cascades,DOWN,231,0,13874,0,1.0,,,1.0
Reactome,REACTOME_MAPK_TARGETS_NUCLEAR_EVENTS_MEDIATED_BY_MAP_KINASES,Mapk Targets Nuclear Events Mediated By Map Kinases,DOWN,31,0,13874,0,1.0,,,1.0
Reactome,REACTOME_MATERNAL_TO_ZYGOTIC_TRANSITION_MZT,Maternal To Zygotic Transition Mzt,DOWN,69,0,13874,0,1.0,,,1.0
Reactome,REACTOME_MATURATION_OF_DENV_PROTEINS,Maturation Of Denv Proteins,DOWN,50,0,13874,0,1.0,,,1.0
Reactome,REACTOME_MATURATION_OF_SARS_COV_2_NUCLEOPROTEIN,Maturation Of Sars Cov 2 Nucleoprotein,DOWN,15,0,13874,0,1.0,,,1.0
Reactome,REACTOME_MATURATION_OF_SARS_COV_2_SPIKE_PROTEIN,Maturation Of Sars Cov 2 Spike Protein,DOWN,35,0,13874,0,1.0,,,1.0
Reactome,REACTOME_MATURATION_OF_TCA_ENZYMES_AND_REGULATION_OF_TCA_CYCLE,Maturation Of Tca Enzymes And Regulation Of Tca Cycle,DOWN,20,0,13874,0,1.0,,,1.0
Reactome,REACTOME_MECHANICAL_LOAD_ACTIVATES_SIGNALING_BY_PIEZO1_AND_INTEGRINS_IN_OSTEOCYTES,Mechanical Load Activates Signaling By Piezo1 And Integrins In Osteocytes,DOWN,15,0,13874,0,1.0,,,1.0
Reactome,REACTOME_MEIOSIS,Meiosis,DOWN,66,0,13874,0,1.0,,,1.0
Reactome,REACTOME_MEIOTIC_RECOMBINATION,Meiotic Recombination,DOWN,43,0,13874,0,1.0,,,1.0
Reactome,REACTOME_MEIOTIC_SYNAPSIS,Meiotic Synapsis,DOWN,43,0,13874,0,1.0,,,1.0
Reactome,REACTOME_METABOLIC_DISORDERS_OF_BIOLOGICAL_OXIDATION_ENZYMES,Metabolic Disorders Of Biological Oxidation Enzymes,DOWN,19,0,13874,0,1.0,,,1.0
Reactome,REACTOME_METABOLISM_OF_AMINO_ACIDS_AND_DERIVATIVES,Metabolism Of Amino Acids And Derivatives,DOWN,271,0,13874,0,1.0,,,1.0
Reactome,REACTOME_METABOLISM_OF_CARBOHYDRATES_AND_CARBOHYDRATE_DERIVATIVES,Metabolism Of Carbohydrates And Carbohydrate Derivatives,DOWN,224,0,13874,0,1.0,,,1.0
Reactome,REACTOME_METABOLISM_OF_COFACTORS,Metabolism Of Cofactors,DOWN,21,0,13874,0,1.0,,,1.0
Reactome,REACTOME_METABOLISM_OF_FAT_SOLUBLE_VITAMINS,Metabolism Of Fat Soluble Vitamins,DOWN,22,0,13874,0,1.0,,,1.0
Reactome,REACTOME_METABOLISM_OF_NITRIC_OXIDE_NOS3_ACTIVATION_AND_REGULATION,Metabolism Of Nitric Oxide Nos3 Activation And Regulation,DOWN,15,0,13874,0,1.0,,,1.0
Reactome,REACTOME_METABOLISM_OF_NUCLEOTIDES,Metabolism Of Nucleotides,DOWN,83,0,13874,0,1.0,,,1.0
Reactome,REACTOME_METABOLISM_OF_POLYAMINES,Metabolism Of Polyamines,DOWN,45,0,13874,0,1.0,,,1.0
Reactome,REACTOME_METABOLISM_OF_PORPHYRINS,Metabolism Of Porphyrins,DOWN,17,0,13874,0,1.0,,,1.0
Reactome,REACTOME_METABOLISM_OF_STEROIDS,Metabolism Of Steroids,DOWN,116,0,13874,0,1.0,,,1.0
Reactome,REACTOME_METABOLISM_OF_STEROID_HORMONES,Metabolism Of Steroid Hormones,DOWN,18,0,13874,0,1.0,,,1.0
Reactome,REACTOME_METABOLISM_OF_VITAMINS_AND_COFACTORS,Metabolism Of Vitamins And Cofactors,DOWN,146,0,13874,0,1.0,,,1.0
Reactome,REACTOME_METABOLISM_OF_WATER_SOLUBLE_VITAMINS_AND_COFACTORS,Metabolism Of Water Soluble Vitamins And Cofactors,DOWN,104,0,13874,0,1.0,,,1.0
Reactome,REACTOME_METALLOPROTEASE_DUBS,Metalloprotease Dubs,DOWN,22,0,13874,0,1.0,,,1.0
Reactome,REACTOME_METAL_ION_SLC_TRANSPORTERS,Metal Ion Slc Transporters,DOWN,28,0,13874,0,1.0,,,1.0
Reactome,REACTOME_MET_ACTIVATES_PTK2_SIGNALING,Met Activates Ptk2 Signaling,DOWN,28,0,13874,0,1.0,,,1.0
Reactome,REACTOME_MET_PROMOTES_CELL_MOTILITY,Met Promotes Cell Motility,DOWN,39,0,13874,0,1.0,,,1.0
Reactome,REACTOME_MHC_CLASS_II_ANTIGEN_PRESENTATION,Mhc Class Ii Antigen Presentation,DOWN,89,0,13874,0,1.0,,,1.0
Reactome,REACTOME_MICRORNA_MIRNA_BIOGENESIS,Microrna Mirna Biogenesis,DOWN,22,0,13874,0,1.0,,,1.0
Reactome,REACTOME_MISCELLANEOUS_TRANSPORT_AND_BINDING_EVENTS,Miscellaneous Transport And Binding Events,DOWN,17,0,13874,0,1.0,,,1.0
Reactome,REACTOME_MISMATCH_REPAIR,Mismatch Repair,DOWN,15,0,13874,0,1.0,,,1.0
Reactome,REACTOME_MITF_M_DEPENDENT_GENE_EXPRESSION,Mitf M Dependent Gene Expression,DOWN,90,0,13874,0,1.0,,,1.0
Reactome,REACTOME_MITF_M_REGULATED_MELANOCYTE_DEVELOPMENT,Mitf M Regulated Melanocyte Development,DOWN,130,0,13874,0,1.0,,,1.0
Reactome,REACTOME_MITOCHONDRIAL_BIOGENESIS,Mitochondrial Biogenesis,DOWN,91,0,13874,0,1.0,,,1.0
Reactome,REACTOME_MITOCHONDRIAL_CALCIUM_ION_TRANSPORT,Mitochondrial Calcium Ion Transport,DOWN,22,0,13874,0,1.0,,,1.0
Reactome,REACTOME_MITOCHONDRIAL_FATTY_ACID_BETA_OXIDATION,Mitochondrial Fatty Acid Beta Oxidation,DOWN,31,0,13874,0,1.0,,,1.0
Reactome,REACTOME_MITOCHONDRIAL_PROTEIN_DEGRADATION,Mitochondrial Protein Degradation,DOWN,94,0,13874,0,1.0,,,1.0
Reactome,REACTOME_MITOCHONDRIAL_PROTEIN_IMPORT,Mitochondrial Protein Import,DOWN,60,0,13874,0,1.0,,,1.0
Reactome,REACTOME_MITOCHONDRIAL_TRANSLATION,Mitochondrial Translation,DOWN,112,0,13874,0,1.0,,,1.0
Reactome,REACTOME_MITOCHONDRIAL_TRANSLATION_ELONGATION,Mitochondrial Translation Elongation,DOWN,87,0,13874,0,1.0,,,1.0
Reactome,REACTOME_MITOCHONDRIAL_TRNA_AMINOACYLATION,Mitochondrial Trna Aminoacylation,DOWN,20,0,13874,0,1.0,,,1.0
Reactome,REACTOME_MITOCHONDRIAL_UNFOLDED_PROTEIN_RESPONSE_UPRMT,Mitochondrial Unfolded Protein Response Uprmt,DOWN,16,0,13874,0,1.0,,,1.0
Reactome,REACTOME_MITOPHAGY,Mitophagy,DOWN,37,0,13874,0,1.0,,,1.0
Reactome,REACTOME_MITOTIC_G1_PHASE_AND_G1_S_TRANSITION,Mitotic G1 Phase And G1 S Transition,DOWN,127,0,13874,0,1.0,,,1.0
Reactome,REACTOME_MITOTIC_G2_G2_M_PHASES,Mitotic G2 G2 M Phases,DOWN,169,0,13874,0,1.0,,,1.0
Reactome,REACTOME_MITOTIC_METAPHASE_AND_ANAPHASE,Mitotic Metaphase And Anaphase,DOWN,193,0,13874,0,1.0,,,1.0
Reactome,REACTOME_MITOTIC_PROMETAPHASE,Mitotic Prometaphase,DOWN,172,0,13874,0,1.0,,,1.0
Reactome,REACTOME_MITOTIC_PROPHASE,Mitotic Prophase,DOWN,102,0,13874,0,1.0,,,1.0
Reactome,REACTOME_MITOTIC_SPINDLE_CHECKPOINT,Mitotic Spindle Checkpoint,DOWN,94,0,13874,0,1.0,,,1.0
Reactome,REACTOME_MODULATION_OF_HOST_RESPONSES_BY_IFN_STIMULATED_GENES,Modulation Of Host Responses By Ifn Stimulated Genes,DOWN,19,0,13874,0,1.0,,,1.0
Reactome,REACTOME_MOLECULES_ASSOCIATED_WITH_ELASTIC_FIBRES,Molecules Associated With Elastic Fibres,DOWN,32,0,13874,0,1.0,,,1.0
Reactome,REACTOME_MRNA_3_END_PROCESSING,Mrna 3 End Processing,DOWN,146,0,13874,0,1.0,,,1.0
Reactome,REACTOME_MRNA_CAPPING,Mrna Capping,DOWN,26,0,13874,0,1.0,,,1.0
Reactome,REACTOME_MRNA_DECAY_BY_3_TO_5_EXORIBONUCLEASE,Mrna Decay By 3 To 5 Exoribonuclease,DOWN,16,0,13874,0,1.0,,,1.0
Reactome,REACTOME_MRNA_DECAY_BY_5_TO_3_EXORIBONUCLEASE,Mrna Decay By 5 To 3 Exoribonuclease,DOWN,15,0,13874,0,1.0,,,1.0
Reactome,REACTOME_MRNA_POLYADENYLATION,Mrna Polyadenylation,DOWN,123,0,13874,0,1.0,,,1.0
Reactome,REACTOME_MRNA_SPLICING,Mrna Splicing,DOWN,207,0,13874,0,1.0,,,1.0
Reactome,REACTOME_MRNA_SPLICING_MINOR_PATHWAY,Mrna Splicing Minor Pathway,DOWN,48,0,13874,0,1.0,,,1.0
Reactome,REACTOME_MTORC1_MEDIATED_SIGNALLING,Mtorc1 Mediated Signalling,DOWN,23,0,13874,0,1.0,,,1.0
Reactome,REACTOME_MTOR_SIGNALLING,Mtor Signalling,DOWN,39,0,13874,0,1.0,,,1.0
Reactome,REACTOME_MUSCLE_CONTRACTION,Muscle Contraction,DOWN,103,0,13874,0,1.0,,,1.0
Reactome,REACTOME_MYD88_INDEPENDENT_TLR4_CASCADE,Myd88 Independent Tlr4 Cascade,DOWN,104,0,13874,0,1.0,,,1.0
Reactome,REACTOME_MYOGENESIS,Myogenesis,DOWN,21,0,13874,0,1.0,,,1.0
Reactome,REACTOME_M_DECAY_DEGRADATION_OF_MATERNAL_MRNAS_BY_MATERNALLY_STORED_FACTORS,M Decay Degradation Of Maternal Mrnas By Maternally Stored Factors,DOWN,27,0,13874,0,1.0,,,1.0
Reactome,REACTOME_M_PHASE,M Phase,DOWN,329,0,13874,0,1.0,,,1.0
Reactome,REACTOME_NCAM1_INTERACTIONS,Ncam1 Interactions,DOWN,24,0,13874,0,1.0,,,1.0
Reactome,REACTOME_NCAM_SIGNALING_FOR_NEURITE_OUT_GROWTH,Ncam Signaling For Neurite Out Growth,DOWN,43,0,13874,0,1.0,,,1.0
Reactome,REACTOME_NEDDYLATION,Neddylation,DOWN,210,0,13874,0,1.0,,,1.0
Reactome,REACTOME_NEF_MEDIATES_DOWN_MODULATION_OF_CELL_SURFACE_RECEPTORS_BY_RECRUITING_THEM_TO_CLATHRIN_ADAPTERS,Nef Mediates Down Modulation Of Cell Surface Receptors By Recruiting Them To Clathrin Adapters,DOWN,17,0,13874,0,1.0,,,1.0
Reactome,REACTOME_NEGATIVE_EPIGENETIC_REGULATION_OF_RRNA_EXPRESSION,Negative Epigenetic Regulation Of Rrna Expression,DOWN,69,0,13874,0,1.0,,,1.0
Reactome,REACTOME_NEGATIVE_REGULATION_OF_FGFR1_SIGNALING,Negative Regulation Of Fgfr1 Signaling,DOWN,22,0,13874,0,1.0,,,1.0
Reactome,REACTOME_NEGATIVE_REGULATION_OF_FGFR2_SIGNALING,Negative Regulation Of Fgfr2 Signaling,DOWN,21,0,13874,0,1.0,,,1.0
Reactome,REACTOME_NEGATIVE_REGULATION_OF_FGFR3_SIGNALING,Negative Regulation Of Fgfr3 Signaling,DOWN,20,0,13874,0,1.0,,,1.0
Reactome,REACTOME_NEGATIVE_REGULATION_OF_FGFR4_SIGNALING,Negative Regulation Of Fgfr4 Signaling,DOWN,19,0,13874,0,1.0,,,1.0
Reactome,REACTOME_NEGATIVE_REGULATION_OF_MAPK_PATHWAY,Negative Regulation Of Mapk Pathway,DOWN,39,0,13874,0,1.0,,,1.0
Reactome,REACTOME_NEGATIVE_REGULATION_OF_MET_ACTIVITY,Negative Regulation Of Met Activity,DOWN,19,0,13874,0,1.0,,,1.0
Reactome,REACTOME_NEGATIVE_REGULATION_OF_NOTCH4_SIGNALING,Negative Regulation Of Notch4 Signaling,DOWN,43,0,13874,0,1.0,,,1.0
Reactome,REACTOME_NEGATIVE_REGULATION_OF_THE_PI3K_AKT_NETWORK,Negative Regulation Of The Pi3K Akt Network,DOWN,70,0,13874,0,1.0,,,1.0
Reactome,REACTOME_NEGATIVE_REGULATORS_OF_DDX58_IFIH1_SIGNALING,Negative Regulators Of Ddx58 Ifih1 Signaling,DOWN,35,0,13874,0,1.0,,,1.0
Reactome,REACTOME_NEPHRIN_FAMILY_INTERACTIONS,Nephrin Family Interactions,DOWN,17,0,13874,0,1.0,,,1.0
Reactome,REACTOME_NERVOUS_SYSTEM_DEVELOPMENT,Nervous System Development,DOWN,451,0,13874,0,1.0,,,1.0
Reactome,REACTOME_NETRIN_1_SIGNALING,Netrin 1 Signaling,DOWN,31,0,13874,0,1.0,,,1.0
Reactome,REACTOME_NEUREXINS_AND_NEUROLIGINS,Neurexins And Neuroligins,DOWN,37,0,13874,0,1.0,,,1.0
Reactome,REACTOME_NEURONAL_SYSTEM,Neuronal System,DOWN,205,0,13874,0,1.0,,,1.0
Reactome,REACTOME_NEUROTRANSMITTER_RECEPTORS_AND_POSTSYNAPTIC_SIGNAL_TRANSMISSION,Neurotransmitter Receptors And Postsynaptic Signal Transmission,DOWN,109,0,13874,0,1.0,,,1.0
Reactome,REACTOME_NEUROTRANSMITTER_RELEASE_CYCLE,Neurotransmitter Release Cycle,DOWN,29,0,13874,0,1.0,,,1.0
Reactome,REACTOME_NEUTROPHIL_DEGRANULATION,Neutrophil Degranulation,DOWN,329,0,13874,0,1.0,,,1.0
Reactome,REACTOME_NFE2L2_REGULATING_ANTI_OXIDANT_DETOXIFICATION_ENZYMES,Nfe2L2 Regulating Anti Oxidant Detoxification Enzymes,DOWN,17,0,13874,0,1.0,,,1.0
Reactome,REACTOME_NGF_STIMULATED_TRANSCRIPTION,Ngf Stimulated Transcription,DOWN,31,0,13874,0,1.0,,,1.0
Reactome,REACTOME_NICOTINATE_METABOLISM,Nicotinate Metabolism,DOWN,24,0,13874,0,1.0,,,1.0
Reactome,REACTOME_NOD1_2_SIGNALING_PATHWAY,Nod1 2 Signaling Pathway,DOWN,35,0,13874,0,1.0,,,1.0
Reactome,REACTOME_NONHOMOLOGOUS_END_JOINING_NHEJ,Nonhomologous End Joining Nhej,DOWN,49,0,13874,0,1.0,,,1.0
Reactome,REACTOME_NONSENSE_MEDIATED_DECAY_NMD,Nonsense Mediated Decay Nmd,DOWN,111,0,13874,0,1.0,,,1.0
Reactome,REACTOME_NON_INTEGRIN_MEMBRANE_ECM_INTERACTIONS,Non Integrin Membrane Ecm Interactions,DOWN,65,0,13874,0,1.0,,,1.0
Reactome,REACTOME_NOTCH1_INTRACELLULAR_DOMAIN_REGULATES_TRANSCRIPTION,Notch1 Intracellular Domain Regulates Transcription,DOWN,43,0,13874,0,1.0,,,1.0
Reactome,REACTOME_NOTCH2_ACTIVATION_AND_TRANSMISSION_OF_SIGNAL_TO_THE_NUCLEUS,Notch2 Activation And Transmission Of Signal To The Nucleus,DOWN,20,0,13874,0,1.0,,,1.0
Reactome,REACTOME_NOTCH3_ACTIVATION_AND_TRANSMISSION_OF_SIGNAL_TO_THE_NUCLEUS,Notch3 Activation And Transmission Of Signal To The Nucleus,DOWN,21,0,13874,0,1.0,,,1.0
Reactome,REACTOME_NOTCH3_INTRACELLULAR_DOMAIN_REGULATES_TRANSCRIPTION,Notch3 Intracellular Domain Regulates Transcription,DOWN,15,0,13874,0,1.0,,,1.0
Reactome,REACTOME_NOTCH_HLH_TRANSCRIPTION_PATHWAY,Notch Hlh Transcription Pathway,DOWN,27,0,13874,0,1.0,,,1.0
Reactome,REACTOME_NPAS4_REGULATES_EXPRESSION_OF_TARGET_GENES,Npas4 Regulates Expression Of Target Genes,DOWN,18,0,13874,0,1.0,,,1.0
Reactome,REACTOME_NR1H2_AND_NR1H3_MEDIATED_SIGNALING,Nr1H2 And Nr1H3 Mediated Signaling,DOWN,33,0,13874,0,1.0,,,1.0
Reactome,REACTOME_NR1H3_NR1H2_REGULATE_GENE_EXPRESSION_LINKED_TO_CHOLESTEROL_TRANSPORT_AND_EFFLUX,Nr1H3 Nr1H2 Regulate Gene Expression Linked To Cholesterol Transport And Efflux,DOWN,28,0,13874,0,1.0,,,1.0
Reactome,REACTOME_NRAGE_SIGNALS_DEATH_THROUGH_JNK,Nrage Signals Death Through Jnk,DOWN,46,0,13874,0,1.0,,,1.0
Reactome,REACTOME_NS1_MEDIATED_EFFECTS_ON_HOST_PATHWAYS,Ns1 Mediated Effects On Host Pathways,DOWN,41,0,13874,0,1.0,,,1.0
Reactome,REACTOME_NUCLEAR_ENVELOPE_BREAKDOWN,Nuclear Envelope Breakdown,DOWN,50,0,13874,0,1.0,,,1.0
Reactome,REACTOME_NUCLEAR_ENVELOPE_NE_REASSEMBLY,Nuclear Envelope Ne Reassembly,DOWN,63,0,13874,0,1.0,,,1.0
Reactome,REACTOME_NUCLEAR_EVENTS_KINASE_AND_TRANSCRIPTION_FACTOR_ACTIVATION,Nuclear Events Kinase And Transcription Factor Activation,DOWN,53,0,13874,0,1.0,,,1.0
Reactome,REACTOME_NUCLEAR_EVENTS_MEDIATED_BY_NFE2L2,Nuclear Events Mediated By Nfe2L2,DOWN,82,0,13874,0,1.0,,,1.0
Reactome,REACTOME_NUCLEAR_EVENTS_STIMULATED_BY_ALK_SIGNALING_IN_CANCER,Nuclear Events Stimulated By Alk Signaling In Cancer,DOWN,26,0,13874,0,1.0,,,1.0
Reactome,REACTOME_NUCLEAR_IMPORT_OF_REV_PROTEIN,Nuclear Import Of Rev Protein,DOWN,33,0,13874,0,1.0,,,1.0
Reactome,REACTOME_NUCLEAR_PORE_COMPLEX_NPC_DISASSEMBLY,Nuclear Pore Complex Npc Disassembly,DOWN,34,0,13874,0,1.0,,,1.0
Reactome,REACTOME_NUCLEAR_RECEPTOR_TRANSCRIPTION_PATHWAY,Nuclear Receptor Transcription Pathway,DOWN,33,0,13874,0,1.0,,,1.0
Reactome,REACTOME_NUCLEAR_RNA_DECAY,Nuclear Rna Decay,DOWN,35,0,13874,0,1.0,,,1.0
Reactome,REACTOME_NUCLEAR_SIGNALING_BY_ERBB4,Nuclear Signaling By Erbb4,DOWN,20,0,13874,0,1.0,,,1.0
Reactome,REACTOME_NUCLEOTIDE_BINDING_DOMAIN_LEUCINE_RICH_REPEAT_CONTAINING_RECEPTOR_NLR_SIGNALING_PATHWAYS,Nucleotide Binding Domain Leucine Rich Repeat Containing Receptor Nlr Signaling Pathways,DOWN,51,0,13874,0,1.0,,,1.0
Reactome,REACTOME_NUCLEOTIDE_CATABOLISM,Nucleotide Catabolism,DOWN,26,0,13874,0,1.0,,,1.0
Reactome,REACTOME_NUCLEOTIDE_EXCISION_REPAIR,Nucleotide Excision Repair,DOWN,103,0,13874,0,1.0,,,1.0
Reactome,REACTOME_NUCLEOTIDE_SALVAGE,Nucleotide Salvage,DOWN,20,0,13874,0,1.0,,,1.0
Reactome,REACTOME_N_GLYCAN_ANTENNAE_ELONGATION_IN_THE_MEDIAL_TRANS_GOLGI,N Glycan Antennae Elongation In The Medial Trans Golgi,DOWN,15,0,13874,0,1.0,,,1.0
Reactome,REACTOME_N_GLYCAN_TRIMMING_IN_THE_ER_AND_CALNEXIN_CALRETICULIN_CYCLE,N Glycan Trimming In The Er And Calnexin Calreticulin Cycle,DOWN,35,0,13874,0,1.0,,,1.0
Reactome,REACTOME_ONCOGENE_INDUCED_SENESCENCE,Oncogene Induced Senescence,DOWN,32,0,13874,0,1.0,,,1.0
Reactome,REACTOME_ONCOGENIC_MAPK_SIGNALING,Oncogenic Mapk Signaling,DOWN,70,0,13874,0,1.0,,,1.0
Reactome,REACTOME_OPIOID_SIGNALLING,Opioid Signalling,DOWN,67,0,13874,0,1.0,,,1.0
Reactome,REACTOME_ORC1_REMOVAL_FROM_CHROMATIN,Orc1 Removal From Chromatin,DOWN,56,0,13874,0,1.0,,,1.0
Reactome,REACTOME_ORGANELLE_BIOGENESIS_AND_MAINTENANCE,Organelle Biogenesis And Maintenance,DOWN,265,0,13874,0,1.0,,,1.0
Reactome,REACTOME_OTHER_INTERLEUKIN_SIGNALING,Other Interleukin Signaling,DOWN,16,0,13874,0,1.0,,,1.0
Reactome,REACTOME_OTHER_SEMAPHORIN_INTERACTIONS,Other Semaphorin Interactions,DOWN,16,0,13874,0,1.0,,,1.0
Reactome,REACTOME_OVARIAN_TUMOR_DOMAIN_PROTEASES,Ovarian Tumor Domain Proteases,DOWN,35,0,13874,0,1.0,,,1.0
Reactome,REACTOME_OXIDATIVE_STRESS_INDUCED_SENESCENCE,Oxidative Stress Induced Senescence,DOWN,85,0,13874,0,1.0,,,1.0
Reactome,REACTOME_O_GLYCOSYLATION_OF_TSR_DOMAIN_CONTAINING_PROTEINS,O Glycosylation Of Tsr Domain Containing Proteins,DOWN,29,0,13874,0,1.0,,,1.0
Reactome,REACTOME_O_LINKED_GLYCOSYLATION,O Linked Glycosylation,DOWN,80,0,13874,0,1.0,,,1.0
Reactome,REACTOME_O_LINKED_GLYCOSYLATION_OF_MUCINS,O Linked Glycosylation Of Mucins,DOWN,32,0,13874,0,1.0,,,1.0
Reactome,REACTOME_P53_DEPENDENT_G1_DNA_DAMAGE_RESPONSE,P53 Dependent G1 Dna Damage Response,DOWN,52,0,13874,0,1.0,,,1.0
Reactome,REACTOME_P75NTR_SIGNALS_VIA_NF_KB,P75Ntr Signals Via Nf Kb,DOWN,15,0,13874,0,1.0,,,1.0
Reactome,REACTOME_P75_NTR_RECEPTOR_MEDIATED_SIGNALLING,P75 Ntr Receptor Mediated Signalling,DOWN,81,0,13874,0,1.0,,,1.0
Reactome,REACTOME_PARASITE_INFECTION,Parasite Infection,DOWN,48,0,13874,0,1.0,,,1.0
Reactome,REACTOME_PCNA_DEPENDENT_LONG_PATCH_BASE_EXCISION_REPAIR,Pcna Dependent Long Patch Base Excision Repair,DOWN,20,0,13874,0,1.0,,,1.0
Reactome,REACTOME_PCP_CE_PATHWAY,Pcp Ce Pathway,DOWN,73,0,13874,0,1.0,,,1.0
Reactome,REACTOME_PD_L1_CD274_GLYCOSYLATION_AND_TRANSLOCATION_TO_PLASMA_MEMBRANE,Pd L1 Cd274 Glycosylation And Translocation To Plasma Membrane,DOWN,18,0,13874,0,1.0,,,1.0
Reactome,REACTOME_PEPTIDE_HORMONE_METABOLISM,Peptide Hormone Metabolism,DOWN,41,0,13874,0,1.0,,,1.0
Reactome,REACTOME_PEPTIDE_LIGAND_BINDING_RECEPTORS,Peptide Ligand Binding Receptors,DOWN,49,0,13874,0,1.0,,,1.0
Reactome,REACTOME_PERK_REGULATES_GENE_EXPRESSION,Perk Regulates Gene Expression,DOWN,31,0,13874,0,1.0,,,1.0
Reactome,REACTOME_PEROXISOMAL_LIPID_METABOLISM,Peroxisomal Lipid Metabolism,DOWN,24,0,13874,0,1.0,,,1.0
Reactome,REACTOME_PEROXISOMAL_PROTEIN_IMPORT,Peroxisomal Protein Import,DOWN,53,0,13874,0,1.0,,,1.0
Reactome,REACTOME_PHASE_0_RAPID_DEPOLARISATION,Phase 0 Rapid Depolarisation,DOWN,19,0,13874,0,1.0,,,1.0
Reactome,REACTOME_PHASE_II_CONJUGATION_OF_COMPOUNDS,Phase Ii Conjugation Of Compounds,DOWN,48,0,13874,0,1.0,,,1.0
Reactome,REACTOME_PHASE_I_FUNCTIONALIZATION_OF_COMPOUNDS,Phase I Functionalization Of Compounds,DOWN,52,0,13874,0,1.0,,,1.0
Reactome,REACTOME_PHOSPHOLIPID_METABOLISM,Phospholipid Metabolism,DOWN,161,0,13874,0,1.0,,,1.0
Reactome,REACTOME_PHOSPHORYLATED_BMAL1_CLOCK_ARNTL_CLOCK_ACTIVATES_EXPRESSION_OF_CORE_CLOCK_GENES,Phosphorylated Bmal1 Clock Arntl Clock Activates Expression Of Core Clock Genes,DOWN,20,0,13874,0,1.0,,,1.0
Reactome,REACTOME_PHOSPHORYLATION_OF_THE_APC_C,Phosphorylation Of The Apc C,DOWN,18,0,13874,0,1.0,,,1.0
Reactome,REACTOME_PI3K_AKT_SIGNALING_IN_CANCER,Pi3K Akt Signaling In Cancer,DOWN,65,0,13874,0,1.0,,,1.0
Reactome,REACTOME_PINK1_PRKN_MEDIATED_MITOPHAGY,Pink1 Prkn Mediated Mitophagy,DOWN,30,0,13874,0,1.0,,,1.0
Reactome,REACTOME_PIWI_INTERACTING_RNA_PIRNA_BIOGENESIS,Piwi Interacting Rna Pirna Biogenesis,DOWN,19,0,13874,0,1.0,,,1.0
Reactome,REACTOME_PI_METABOLISM,Pi Metabolism,DOWN,70,0,13874,0,1.0,,,1.0
Reactome,REACTOME_PKA_MEDIATED_PHOSPHORYLATION_OF_CREB,Pka Mediated Phosphorylation Of Creb,DOWN,17,0,13874,0,1.0,,,1.0
Reactome,REACTOME_PKMTS_METHYLATE_HISTONE_LYSINES,Pkmts Methylate Histone Lysines,DOWN,49,0,13874,0,1.0,,,1.0
Reactome,REACTOME_PKR_MEDIATED_SIGNALING,Pkr Mediated Signaling,DOWN,63,0,13874,0,1.0,,,1.0
Reactome,REACTOME_PLASMA_LIPOPROTEIN_ASSEMBLY_REMODELING_AND_CLEARANCE,Plasma Lipoprotein Assembly Remodeling And Clearance,DOWN,48,0,13874,0,1.0,,,1.0
Reactome,REACTOME_PLASMA_LIPOPROTEIN_CLEARANCE,Plasma Lipoprotein Clearance,DOWN,30,0,13874,0,1.0,,,1.0
Reactome,REACTOME_PLATELET_ACTIVATION_SIGNALING_AND_AGGREGATION,Platelet Activation Signaling And Aggregation,DOWN,175,0,13874,0,1.0,,,1.0
Reactome,REACTOME_PLATELET_AGGREGATION_PLUG_FORMATION,Platelet Aggregation Plug Formation,DOWN,23,0,13874,0,1.0,,,1.0
Reactome,REACTOME_PLATELET_CALCIUM_HOMEOSTASIS,Platelet Calcium Homeostasis,DOWN,19,0,13874,0,1.0,,,1.0
Reactome,REACTOME_PLATELET_HOMEOSTASIS,Platelet Homeostasis,DOWN,54,0,13874,0,1.0,,,1.0
Reactome,REACTOME_POLYMERASE_SWITCHING_ON_THE_C_STRAND_OF_THE_TELOMERE,Polymerase Switching On The C Strand Of The Telomere,DOWN,24,0,13874,0,1.0,,,1.0
Reactome,REACTOME_POSITIVE_EPIGENETIC_REGULATION_OF_RRNA_EXPRESSION,Positive Epigenetic Regulation Of Rrna Expression,DOWN,67,0,13874,0,1.0,,,1.0
Reactome,REACTOME_POSTMITOTIC_NUCLEAR_PORE_COMPLEX_NPC_REFORMATION,Postmitotic Nuclear Pore Complex Npc Reformation,DOWN,27,0,13874,0,1.0,,,1.0
Reactome,REACTOME_POST_TRANSLATIONAL_MODIFICATION_SYNTHESIS_OF_GPI_ANCHORED_PROTEINS,Post Translational Modification Synthesis Of Gpi Anchored Proteins,DOWN,52,0,13874,0,1.0,,,1.0
Reactome,REACTOME_POTASSIUM_CHANNELS,Potassium Channels,DOWN,34,0,13874,0,1.0,,,1.0
Reactome,REACTOME_POTENTIAL_THERAPEUTICS_FOR_SARS,Potential Therapeutics For Sars,DOWN,76,0,13874,0,1.0,,,1.0
Reactome,REACTOME_PRC2_METHYLATES_HISTONES_AND_DNA,Prc2 Methylates Histones And Dna,DOWN,38,0,13874,0,1.0,,,1.0
Reactome,REACTOME_PRE_NOTCH_EXPRESSION_AND_PROCESSING,Pre Notch Expression And Processing,DOWN,69,0,13874,0,1.0,,,1.0
Reactome,REACTOME_PRE_NOTCH_PROCESSING_IN_GOLGI,Pre Notch Processing In Golgi,DOWN,15,0,13874,0,1.0,,,1.0
Reactome,REACTOME_PROCESSING_OF_CAPPED_INTRONLESS_PRE_MRNA,Processing Of Capped Intronless Pre Mrna,DOWN,29,0,13874,0,1.0,,,1.0
Reactome,REACTOME_PROCESSING_OF_CAPPED_INTRON_CONTAINING_PRE_MRNA,Processing Of Capped Intron Containing Pre Mrna,DOWN,284,0,13874,0,1.0,,,1.0
Reactome,REACTOME_PROCESSING_OF_DNA_DOUBLE_STRAND_BREAK_ENDS,Processing Of Dna Double Strand Break Ends,DOWN,74,0,13874,0,1.0,,,1.0
Reactome,REACTOME_PROCESSING_OF_INTRONLESS_PRE_MRNAS,Processing Of Intronless Pre Mrnas,DOWN,20,0,13874,0,1.0,,,1.0
Reactome,REACTOME_PROCESSING_OF_SMDT1,Processing Of Smdt1,DOWN,16,0,13874,0,1.0,,,1.0
Reactome,REACTOME_PROCESSIVE_SYNTHESIS_ON_THE_C_STRAND_OF_THE_TELOMERE,Processive Synthesis On The C Strand Of The Telomere,DOWN,18,0,13874,0,1.0,,,1.0
Reactome,REACTOME_PROGRAMMED_CELL_DEATH,Programmed Cell Death,DOWN,167,0,13874,0,1.0,,,1.0
Reactome,REACTOME_PROTEASOME_ASSEMBLY,Proteasome Assembly,DOWN,50,0,13874,0,1.0,,,1.0
Reactome,REACTOME_PROTEIN_FOLDING,Protein Folding,DOWN,77,0,13874,0,1.0,,,1.0
Reactome,REACTOME_PROTEIN_HYDROXYLATION,Protein Hydroxylation,DOWN,18,0,13874,0,1.0,,,1.0
Reactome,REACTOME_PROTEIN_LOCALIZATION,Protein Localization,DOWN,145,0,13874,0,1.0,,,1.0
Reactome,REACTOME_PROTEIN_METHYLATION,Protein Methylation,DOWN,17,0,13874,0,1.0,,,1.0
Reactome,REACTOME_PROTEIN_PROTEIN_INTERACTIONS_AT_SYNAPSES,Protein Protein Interactions At Synapses,DOWN,55,0,13874,0,1.0,,,1.0
Reactome,REACTOME_PROTEIN_UBIQUITINATION,Protein Ubiquitination,DOWN,71,0,13874,0,1.0,,,1.0
Reactome,REACTOME_PTEN_REGULATION,Pten Regulation,DOWN,123,0,13874,0,1.0,,,1.0
Reactome,REACTOME_PURINERGIC_SIGNALING_IN_LEISHMANIASIS_INFECTION,Purinergic Signaling In Leishmaniasis Infection,DOWN,19,0,13874,0,1.0,,,1.0
Reactome,REACTOME_PURINE_CATABOLISM,Purine Catabolism,DOWN,15,0,13874,0,1.0,,,1.0
Reactome,REACTOME_PYROPTOSIS,Pyroptosis,DOWN,19,0,13874,0,1.0,,,1.0
Reactome,REACTOME_PYRUVATE_METABOLISM,Pyruvate Metabolism,DOWN,42,0,13874,0,1.0,,,1.0
Reactome,REACTOME_RAB_GEFS_EXCHANGE_GTP_FOR_GDP_ON_RABS,Rab Gefs Exchange Gtp For Gdp On Rabs,DOWN,85,0,13874,0,1.0,,,1.0
Reactome,REACTOME_RAB_GERANYLGERANYLATION,Rab Geranylgeranylation,DOWN,54,0,13874,0,1.0,,,1.0
Reactome,REACTOME_RAB_REGULATION_OF_TRAFFICKING,Rab Regulation Of Trafficking,DOWN,112,0,13874,0,1.0,,,1.0
Reactome,REACTOME_RAC1_GTPASE_CYCLE,Rac1 Gtpase Cycle,DOWN,147,0,13874,0,1.0,,,1.0
Reactome,REACTOME_RAC2_GTPASE_CYCLE,Rac2 Gtpase Cycle,DOWN,73,0,13874,0,1.0,,,1.0
Reactome,REACTOME_RAC3_GTPASE_CYCLE,Rac3 Gtpase Cycle,DOWN,75,0,13874,0,1.0,,,1.0
Reactome,REACTOME_RAF_ACTIVATION,Raf Activation,DOWN,33,0,13874,0,1.0,,,1.0
Reactome,REACTOME_RAF_INDEPENDENT_MAPK1_3_ACTIVATION,Raf Independent Mapk1 3 Activation,DOWN,18,0,13874,0,1.0,,,1.0
Reactome,REACTOME_RAS_PROCESSING,Ras Processing,DOWN,22,0,13874,0,1.0,,,1.0
Reactome,REACTOME_RECOGNITION_AND_ASSOCIATION_OF_DNA_GLYCOSYLASE_WITH_SITE_CONTAINING_AN_AFFECTED_PURINE,Recognition And Association Of Dna Glycosylase With Site Containing An Affected Purine,DOWN,28,0,13874,0,1.0,,,1.0
Reactome,REACTOME_RECOGNITION_OF_DNA_DAMAGE_BY_PCNA_CONTAINING_REPLICATION_COMPLEX,Recognition Of Dna Damage By Pcna Containing Replication Complex,DOWN,28,0,13874,0,1.0,,,1.0
Reactome,REACTOME_RECRUITMENT_OF_MITOTIC_CENTROSOME_PROTEINS_AND_COMPLEXES,Recruitment Of Mitotic Centrosome Proteins And Complexes,DOWN,75,0,13874,0,1.0,,,1.0
Reactome,REACTOME_RECRUITMENT_OF_NUMA_TO_MITOTIC_CENTROSOMES,Recruitment Of Numa To Mitotic Centrosomes,DOWN,81,0,13874,0,1.0,,,1.0
Reactome,REACTOME_RECYCLING_PATHWAY_OF_L1,Recycling Pathway Of L1,DOWN,36,0,13874,0,1.0,,,1.0
Reactome,REACTOME_REGULATED_NECROSIS,Regulated Necrosis,DOWN,50,0,13874,0,1.0,,,1.0
Reactome,REACTOME_REGULATION_OF_APOPTOSIS,Regulation Of Apoptosis,DOWN,40,0,13874,0,1.0,,,1.0
Reactome,REACTOME_REGULATION_OF_BETA_CELL_DEVELOPMENT,Regulation Of Beta Cell Development,DOWN,16,0,13874,0,1.0,,,1.0
Reactome,REACTOME_REGULATION_OF_CDH1_FUNCTION,Regulation Of Cdh1 Function,DOWN,56,0,13874,0,1.0,,,1.0
Reactome,REACTOME_REGULATION_OF_CDH1_GENE_TRANSCRIPTION,Regulation Of Cdh1 Gene Transcription,DOWN,65,0,13874,0,1.0,,,1.0
Reactome,REACTOME_REGULATION_OF_CDH1_POSTTRANSLATIONAL_PROCESSING_AND_TRAFFICKING_TO_PLASMA_MEMBRANE,Regulation Of Cdh1 Posttranslational Processing And Trafficking To Plasma Membrane,DOWN,30,0,13874,0,1.0,,,1.0
Reactome,REACTOME_REGULATION_OF_CHOLESTEROL_BIOSYNTHESIS_BY_SREBP_SREBF,Regulation Of Cholesterol Biosynthesis By Srebp Srebf,DOWN,55,0,13874,0,1.0,,,1.0
Reactome,REACTOME_REGULATION_OF_ENDOGENOUS_RETROELEMENTS,Regulation Of Endogenous Retroelements,DOWN,102,0,13874,0,1.0,,,1.0
Reactome,REACTOME_REGULATION_OF_ENDOGENOUS_RETROELEMENTS_BY_KRAB_ZFP_PROTEINS,Regulation Of Endogenous Retroelements By Krab Zfp Proteins,DOWN,69,0,13874,0,1.0,,,1.0
Reactome,REACTOME_REGULATION_OF_ENDOGENOUS_RETROELEMENTS_BY_PIWI_INTERACTING_RNAS_PIRNAS,Regulation Of Endogenous Retroelements By Piwi Interacting Rnas Pirnas,DOWN,59,0,13874,0,1.0,,,1.0
Reactome,REACTOME_REGULATION_OF_ENDOGENOUS_RETROELEMENTS_BY_THE_HUMAN_SILENCING_HUB_HUSH_COMPLEX,Regulation Of Endogenous Retroelements By The Human Silencing Hub Hush Complex,DOWN,34,0,13874,0,1.0,,,1.0
Reactome,REACTOME_REGULATION_OF_EXPRESSION_AND_FUNCTION_OF_TYPE_II_CLASSICAL_CADHERINS,Regulation Of Expression And Function Of Type Ii Classical Cadherins,DOWN,26,0,13874,0,1.0,,,1.0
Reactome,REACTOME_REGULATION_OF_EXPRESSION_OF_SLITS_AND_ROBOS,Regulation Of Expression Of Slits And Robos,DOWN,148,0,13874,0,1.0,,,1.0
Reactome,REACTOME_REGULATION_OF_FZD_BY_UBIQUITINATION,Regulation Of Fzd By Ubiquitination,DOWN,16,0,13874,0,1.0,,,1.0
Reactome,REACTOME_REGULATION_OF_GLUCOKINASE_BY_GLUCOKINASE_REGULATORY_PROTEIN,Regulation Of Glucokinase By Glucokinase Regulatory Protein,DOWN,29,0,13874,0,1.0,,,1.0
Reactome,REACTOME_REGULATION_OF_HOMOTYPIC_CELL_CELL_ADHESION,Regulation Of Homotypic Cell Cell Adhesion,DOWN,169,0,13874,0,1.0,,,1.0
Reactome,REACTOME_REGULATION_OF_HSF1_MEDIATED_HEAT_SHOCK_RESPONSE,Regulation Of Hsf1 Mediated Heat Shock Response,DOWN,77,0,13874,0,1.0,,,1.0
Reactome,REACTOME_REGULATION_OF_INSULIN_LIKE_GROWTH_FACTOR_IGF_TRANSPORT_AND_UPTAKE_BY_INSULIN_LIKE_GROWTH_FACTOR_BINDING_PROTEINS_IGFBPS,Regulation Of Insulin Like Growth Factor Igf Transport And Uptake By Insulin Like Growth Factor Binding Proteins Igfbps,DOWN,76,0,13874,0,1.0,,,1.0
Reactome,REACTOME_REGULATION_OF_INSULIN_SECRETION,Regulation Of Insulin Secretion,DOWN,51,0,13874,0,1.0,,,1.0
Reactome,REACTOME_REGULATION_OF_LIPID_METABOLISM_BY_PPARALPHA,Regulation Of Lipid Metabolism By Pparalpha,DOWN,104,0,13874,0,1.0,,,1.0
Reactome,REACTOME_REGULATION_OF_MECP2_EXPRESSION_AND_ACTIVITY,Regulation Of Mecp2 Expression And Activity,DOWN,27,0,13874,0,1.0,,,1.0
Reactome,REACTOME_REGULATION_OF_MITF_M_DEPENDENT_GENES_INVOLVED_IN_CELL_CYCLE_AND_PROLIFERATION,Regulation Of Mitf M Dependent Genes Involved In Cell Cycle And Proliferation,DOWN,18,0,13874,0,1.0,,,1.0
Reactome,REACTOME_REGULATION_OF_MITF_M_DEPENDENT_GENES_INVOLVED_IN_LYSOSOME_BIOGENESIS_AND_AUTOPHAGY,Regulation Of Mitf M Dependent Genes Involved In Lysosome Biogenesis And Autophagy,DOWN,16,0,13874,0,1.0,,,1.0
Reactome,REACTOME_REGULATION_OF_MITF_M_DEPENDENT_GENES_INVOLVED_IN_PIGMENTATION,Regulation Of Mitf M Dependent Genes Involved In Pigmentation,DOWN,34,0,13874,0,1.0,,,1.0
Reactome,REACTOME_REGULATION_OF_MRNA_STABILITY_BY_PROTEINS_THAT_BIND_AU_RICH_ELEMENTS,Regulation Of Mrna Stability By Proteins That Bind Au Rich Elements,DOWN,74,0,13874,0,1.0,,,1.0
Reactome,REACTOME_REGULATION_OF_NF_KAPPA_B_SIGNALING,Regulation Of Nf Kappa B Signaling,DOWN,18,0,13874,0,1.0,,,1.0
Reactome,REACTOME_REGULATION_OF_ORNITHINE_DECARBOXYLASE_ODC,Regulation Of Ornithine Decarboxylase Odc,DOWN,37,0,13874,0,1.0,,,1.0
Reactome,REACTOME_REGULATION_OF_PD_L1_CD274_EXPRESSION,Regulation Of Pd L1 Cd274 Expression,DOWN,151,0,13874,0,1.0,,,1.0
Reactome,REACTOME_REGULATION_OF_PD_L1_CD274_POST_TRANSLATIONAL_MODIFICATION,Regulation Of Pd L1 Cd274 Post Translational Modification,DOWN,80,0,13874,0,1.0,,,1.0
Reactome,REACTOME_REGULATION_OF_PD_L1_CD274_TRANSCRIPTION,Regulation Of Pd L1 Cd274 Transcription,DOWN,63,0,13874,0,1.0,,,1.0
Reactome,REACTOME_REGULATION_OF_PLK1_ACTIVITY_AT_G2_M_TRANSITION,Regulation Of Plk1 Activity At G2 M Transition,DOWN,82,0,13874,0,1.0,,,1.0
Reactome,REACTOME_REGULATION_OF_PTEN_GENE_TRANSCRIPTION,Regulation Of Pten Gene Transcription,DOWN,59,0,13874,0,1.0,,,1.0
Reactome,REACTOME_REGULATION_OF_PTEN_STABILITY_AND_ACTIVITY,Regulation Of Pten Stability And Activity,DOWN,55,0,13874,0,1.0,,,1.0
Reactome,REACTOME_REGULATION_OF_PYRUVATE_METABOLISM,Regulation Of Pyruvate Metabolism,DOWN,31,0,13874,0,1.0,,,1.0
Reactome,REACTOME_REGULATION_OF_RAS_BY_GAPS,Regulation Of Ras By Gaps,DOWN,52,0,13874,0,1.0,,,1.0
Reactome,REACTOME_REGULATION_OF_RUNX1_EXPRESSION_AND_ACTIVITY,Regulation Of Runx1 Expression And Activity,DOWN,17,0,13874,0,1.0,,,1.0
Reactome,REACTOME_REGULATION_OF_RUNX2_EXPRESSION_AND_ACTIVITY,Regulation Of Runx2 Expression And Activity,DOWN,56,0,13874,0,1.0,,,1.0
Reactome,REACTOME_REGULATION_OF_RUNX3_EXPRESSION_AND_ACTIVITY,Regulation Of Runx3 Expression And Activity,DOWN,45,0,13874,0,1.0,,,1.0
Reactome,REACTOME_REGULATION_OF_SIGNALING_BY_CBL,Regulation Of Signaling By Cbl,DOWN,17,0,13874,0,1.0,,,1.0
Reactome,REACTOME_REGULATION_OF_TP53_ACTIVITY,Regulation Of Tp53 Activity,DOWN,148,0,13874,0,1.0,,,1.0
Reactome,REACTOME_REGULATION_OF_TP53_ACTIVITY_THROUGH_ACETYLATION,Regulation Of Tp53 Activity Through Acetylation,DOWN,30,0,13874,0,1.0,,,1.0
Reactome,REACTOME_REGULATION_OF_TP53_ACTIVITY_THROUGH_METHYLATION,Regulation Of Tp53 Activity Through Methylation,DOWN,19,0,13874,0,1.0,,,1.0
Reactome,REACTOME_REGULATION_OF_TP53_ACTIVITY_THROUGH_PHOSPHORYLATION,Regulation Of Tp53 Activity Through Phosphorylation,DOWN,86,0,13874,0,1.0,,,1.0
Reactome,REACTOME_REGULATION_OF_TP53_EXPRESSION_AND_DEGRADATION,Regulation Of Tp53 Expression And Degradation,DOWN,34,0,13874,0,1.0,,,1.0
Reactome,REACTOME_REGULATION_OF_T_CELL_ACTIVATION_BY_CD28_FAMILY,Regulation Of T Cell Activation By Cd28 Family,DOWN,197,0,13874,0,1.0,,,1.0
Reactome,REACTOME_REPLACEMENT_OF_PROTAMINES_BY_NUCLEOSOMES_IN_THE_MALE_PRONUCLEUS,Replacement Of Protamines By Nucleosomes In The Male Pronucleus,DOWN,21,0,13874,0,1.0,,,1.0
Reactome,REACTOME_REPRODUCTION,Reproduction,DOWN,79,0,13874,0,1.0,,,1.0
Reactome,REACTOME_RESOLUTION_OF_ABASIC_SITES_AP_SITES,Resolution Of Abasic Sites Ap Sites,DOWN,37,0,13874,0,1.0,,,1.0
Reactome,REACTOME_RESOLUTION_OF_AP_SITES_VIA_THE_MULTIPLE_NUCLEOTIDE_PATCH_REPLACEMENT_PATHWAY,Resolution Of Ap Sites Via The Multiple Nucleotide Patch Replacement Pathway,DOWN,24,0,13874,0,1.0,,,1.0
Reactome,REACTOME_RESOLUTION_OF_D_LOOP_STRUCTURES,Resolution Of D Loop Structures,DOWN,29,0,13874,0,1.0,,,1.0
Reactome,REACTOME_RESOLUTION_OF_D_LOOP_STRUCTURES_THROUGH_SYNTHESIS_DEPENDENT_STRAND_ANNEALING_SDSA,Resolution Of D Loop Structures Through Synthesis Dependent Strand Annealing Sdsa,DOWN,23,0,13874,0,1.0,,,1.0
Reactome,REACTOME_RESOLUTION_OF_SISTER_CHROMATID_COHESION,Resolution Of Sister Chromatid Cohesion,DOWN,99,0,13874,0,1.0,,,1.0
Reactome,REACTOME_RESPIRATORY_ELECTRON_TRANSPORT,Respiratory Electron Transport,DOWN,147,0,13874,0,1.0,,,1.0
Reactome,REACTOME_RESPIRATORY_SYNCYTIAL_VIRUS_INFECTION_PATHWAY,Respiratory Syncytial Virus Infection Pathway,DOWN,98,0,13874,0,1.0,,,1.0
Reactome,REACTOME_RESPIRATORY_SYNCYTIAL_VIRUS_RSV_ATTACHMENT_AND_ENTRY,Respiratory Syncytial Virus Rsv Attachment And Entry,DOWN,17,0,13874,0,1.0,,,1.0
Reactome,REACTOME_RESPIRATORY_SYNCYTIAL_VIRUS_RSV_GENOME_REPLICATION_TRANSCRIPTION_AND_TRANSLATION,Respiratory Syncytial Virus Rsv Genome Replication Transcription And Translation,DOWN,17,0,13874,0,1.0,,,1.0
Reactome,REACTOME_RESPONSE_OF_EIF2AK1_HRI_TO_HEME_DEFICIENCY,Response Of Eif2Ak1 Hri To Heme Deficiency,DOWN,15,0,13874,0,1.0,,,1.0
Reactome,REACTOME_RESPONSE_OF_EIF2AK4_GCN2_TO_AMINO_ACID_DEFICIENCY,Response Of Eif2Ak4 Gcn2 To Amino Acid Deficiency,DOWN,97,0,13874,0,1.0,,,1.0
Reactome,REACTOME_RESPONSE_OF_MTB_TO_PHAGOCYTOSIS,Response Of Mtb To Phagocytosis,DOWN,20,0,13874,0,1.0,,,1.0
Reactome,REACTOME_RESPONSE_TO_ELEVATED_PLATELET_CYTOSOLIC_CA2,Response To Elevated Platelet Cytosolic Ca2,DOWN,89,0,13874,0,1.0,,,1.0
Reactome,REACTOME_RETROGRADE_TRANSPORT_AT_THE_TRANS_GOLGI_NETWORK,Retrograde Transport At The Trans Golgi Network,DOWN,48,0,13874,0,1.0,,,1.0
Reactome,REACTOME_RET_SIGNALING,Ret Signaling,DOWN,29,0,13874,0,1.0,,,1.0
Reactome,REACTOME_RHOA_GTPASE_CYCLE,Rhoa Gtpase Cycle,DOWN,127,0,13874,0,1.0,,,1.0
Reactome,REACTOME_RHOBTB1_GTPASE_CYCLE,Rhobtb1 Gtpase Cycle,DOWN,23,0,13874,0,1.0,,,1.0
Reactome,REACTOME_RHOBTB2_GTPASE_CYCLE,Rhobtb2 Gtpase Cycle,DOWN,23,0,13874,0,1.0,,,1.0
Reactome,REACTOME_RHOBTB_GTPASE_CYCLE,Rhobtb Gtpase Cycle,DOWN,35,0,13874,0,1.0,,,1.0
Reactome,REACTOME_RHOB_GTPASE_CYCLE,Rhob Gtpase Cycle,DOWN,63,0,13874,0,1.0,,,1.0
Reactome,REACTOME_RHOC_GTPASE_CYCLE,Rhoc Gtpase Cycle,DOWN,69,0,13874,0,1.0,,,1.0
Reactome,REACTOME_RHOD_GTPASE_CYCLE,Rhod Gtpase Cycle,DOWN,47,0,13874,0,1.0,,,1.0
Reactome,REACTOME_RHOF_GTPASE_CYCLE,Rhof Gtpase Cycle,DOWN,37,0,13874,0,1.0,,,1.0
Reactome,REACTOME_RHOG_GTPASE_CYCLE,Rhog Gtpase Cycle,DOWN,62,0,13874,0,1.0,,,1.0
Reactome,REACTOME_RHOH_GTPASE_CYCLE,Rhoh Gtpase Cycle,DOWN,31,0,13874,0,1.0,,,1.0
Reactome,REACTOME_RHOJ_GTPASE_CYCLE,Rhoj Gtpase Cycle,DOWN,51,0,13874,0,1.0,,,1.0
Reactome,REACTOME_RHOQ_GTPASE_CYCLE,Rhoq Gtpase Cycle,DOWN,56,0,13874,0,1.0,,,1.0
Reactome,REACTOME_RHOU_GTPASE_CYCLE,Rhou Gtpase Cycle,DOWN,36,0,13874,0,1.0,,,1.0
Reactome,REACTOME_RHOV_GTPASE_CYCLE,Rhov Gtpase Cycle,DOWN,32,0,13874,0,1.0,,,1.0
Reactome,REACTOME_RHO_GTPASES_ACTIVATE_CIT,Rho Gtpases Activate Cit,DOWN,16,0,13874,0,1.0,,,1.0
Reactome,REACTOME_RHO_GTPASES_ACTIVATE_FORMINS,Rho Gtpases Activate Formins,DOWN,114,0,13874,0,1.0,,,1.0
Reactome,REACTOME_RHO_GTPASES_ACTIVATE_IQGAPS,Rho Gtpases Activate Iqgaps,DOWN,20,0,13874,0,1.0,,,1.0
Reactome,REACTOME_RHO_GTPASES_ACTIVATE_PAKS,Rho Gtpases Activate Paks,DOWN,19,0,13874,0,1.0,,,1.0
Reactome,REACTOME_RHO_GTPASES_ACTIVATE_PKNS,Rho Gtpases Activate Pkns,DOWN,50,0,13874,0,1.0,,,1.0
Reactome,REACTOME_RHO_GTPASES_ACTIVATE_ROCKS,Rho Gtpases Activate Rocks,DOWN,17,0,13874,0,1.0,,,1.0
Reactome,REACTOME_RHO_GTPASES_ACTIVATE_WASPS_AND_WAVES,Rho Gtpases Activate Wasps And Waves,DOWN,33,0,13874,0,1.0,,,1.0
Reactome,REACTOME_RHO_GTPASE_CYCLE,Rho Gtpase Cycle,DOWN,379,0,13874,0,1.0,,,1.0
Reactome,REACTOME_RHO_GTPASE_EFFECTORS,Rho Gtpase Effectors,DOWN,232,0,13874,0,1.0,,,1.0
Reactome,REACTOME_RIBOSOME_ASSOCIATED_QUALITY_CONTROL,Ribosome Associated Quality Control,DOWN,140,0,13874,0,1.0,,,1.0
Reactome,REACTOME_RIBOSOME_QUALITY_CONTROL_RQC_COMPLEX_EXTRACTS_AND_DEGRADES_NASCENT_PEPTIDE,Ribosome Quality Control Rqc Complex Extracts And Degrades Nascent Peptide,DOWN,100,0,13874,0,1.0,,,1.0
Reactome,REACTOME_RIPK1_MEDIATED_REGULATED_NECROSIS,Ripk1 Mediated Regulated Necrosis,DOWN,31,0,13874,0,1.0,,,1.0
Reactome,REACTOME_RIP_MEDIATED_NFKB_ACTIVATION_VIA_ZBP1,Rip Mediated Nfkb Activation Via Zbp1,DOWN,16,0,13874,0,1.0,,,1.0
Reactome,REACTOME_RMTS_METHYLATE_HISTONE_ARGININES,Rmts Methylate Histone Arginines,DOWN,43,0,13874,0,1.0,,,1.0
Reactome,REACTOME_RNA_POLYMERASE_III_CHAIN_ELONGATION,Rna Polymerase Iii Chain Elongation,DOWN,17,0,13874,0,1.0,,,1.0
Reactome,REACTOME_RNA_POLYMERASE_III_TRANSCRIPTION,Rna Polymerase Iii Transcription,DOWN,40,0,13874,0,1.0,,,1.0
Reactome,REACTOME_RNA_POLYMERASE_III_TRANSCRIPTION_INITIATION_FROM_TYPE_1_PROMOTER,Rna Polymerase Iii Transcription Initiation From Type 1 Promoter,DOWN,27,0,13874,0,1.0,,,1.0
Reactome,REACTOME_RNA_POLYMERASE_III_TRANSCRIPTION_INITIATION_FROM_TYPE_3_PROMOTER,Rna Polymerase Iii Transcription Initiation From Type 3 Promoter,DOWN,27,0,13874,0,1.0,,,1.0
Reactome,REACTOME_RNA_POLYMERASE_III_TRANSCRIPTION_TERMINATION,Rna Polymerase Iii Transcription Termination,DOWN,22,0,13874,0,1.0,,,1.0
Reactome,REACTOME_RNA_POLYMERASE_II_TRANSCRIBES_SNRNA_GENES,Rna Polymerase Ii Transcribes Snrna Genes,DOWN,71,0,13874,0,1.0,,,1.0
Reactome,REACTOME_RNA_POLYMERASE_II_TRANSCRIPTION_TERMINATION,Rna Polymerase Ii Transcription Termination,DOWN,64,0,13874,0,1.0,,,1.0
Reactome,REACTOME_RNA_POLYMERASE_I_PROMOTER_ESCAPE,Rna Polymerase I Promoter Escape,DOWN,51,0,13874,0,1.0,,,1.0
Reactome,REACTOME_RNA_POLYMERASE_I_TRANSCRIPTION,Rna Polymerase I Transcription,DOWN,71,0,13874,0,1.0,,,1.0
Reactome,REACTOME_RNA_POLYMERASE_I_TRANSCRIPTION_INITIATION,Rna Polymerase I Transcription Initiation,DOWN,44,0,13874,0,1.0,,,1.0
Reactome,REACTOME_RNA_POLYMERASE_I_TRANSCRIPTION_TERMINATION,Rna Polymerase I Transcription Termination,DOWN,28,0,13874,0,1.0,,,1.0
Reactome,REACTOME_RND1_GTPASE_CYCLE,Rnd1 Gtpase Cycle,DOWN,32,0,13874,0,1.0,,,1.0
Reactome,REACTOME_RND2_GTPASE_CYCLE,Rnd2 Gtpase Cycle,DOWN,36,0,13874,0,1.0,,,1.0
Reactome,REACTOME_RND3_GTPASE_CYCLE,Rnd3 Gtpase Cycle,DOWN,34,0,13874,0,1.0,,,1.0
Reactome,REACTOME_ROLE_OF_PHOSPHOLIPIDS_IN_PHAGOCYTOSIS,Role Of Phospholipids In Phagocytosis,DOWN,15,0,13874,0,1.0,,,1.0
Reactome,REACTOME_RORA_B_C_AND_NR1D1_REV_ERBA_REGULATE_GENE_EXPRESSION,Rora B C And Nr1D1 Rev Erba Regulate Gene Expression,DOWN,23,0,13874,0,1.0,,,1.0
Reactome,REACTOME_ROS_AND_RNS_PRODUCTION_IN_PHAGOCYTES,Ros And Rns Production In Phagocytes,DOWN,20,0,13874,0,1.0,,,1.0
Reactome,REACTOME_RRNA_MODIFICATION_IN_THE_MITOCHONDRION,Rrna Modification In The Mitochondrion,DOWN,15,0,13874,0,1.0,,,1.0
Reactome,REACTOME_RRNA_MODIFICATION_IN_THE_NUCLEUS_AND_CYTOSOL,Rrna Modification In The Nucleus And Cytosol,DOWN,57,0,13874,0,1.0,,,1.0
Reactome,REACTOME_RRNA_PROCESSING,Rrna Processing,DOWN,202,0,13874,0,1.0,,,1.0
Reactome,REACTOME_RRNA_PROCESSING_IN_THE_MITOCHONDRION,Rrna Processing In The Mitochondrion,DOWN,19,0,13874,0,1.0,,,1.0
Reactome,REACTOME_RSV_HOST_INTERACTIONS,Rsv Host Interactions,DOWN,75,0,13874,0,1.0,,,1.0
Reactome,REACTOME_RUNX1_INTERACTS_WITH_CO_FACTORS_WHOSE_PRECISE_EFFECT_ON_RUNX1_TARGETS_IS_NOT_KNOWN,Runx1 Interacts With Co Factors Whose Precise Effect On Runx1 Targets Is Not Known,DOWN,36,0,13874,0,1.0,,,1.0
Reactome,REACTOME_RUNX1_REGULATES_GENES_INVOLVED_IN_MEGAKARYOCYTE_DIFFERENTIATION_AND_PLATELET_FUNCTION,Runx1 Regulates Genes Involved In Megakaryocyte Differentiation And Platelet Function,DOWN,54,0,13874,0,1.0,,,1.0
Reactome,REACTOME_RUNX1_REGULATES_TRANSCRIPTION_OF_GENES_INVOLVED_IN_DIFFERENTIATION_OF_HSCS,Runx1 Regulates Transcription Of Genes Involved In Differentiation Of Hscs,DOWN,71,0,13874,0,1.0,,,1.0
Reactome,REACTOME_RUNX2_REGULATES_BONE_DEVELOPMENT,Runx2 Regulates Bone Development,DOWN,24,0,13874,0,1.0,,,1.0
Reactome,REACTOME_RUNX2_REGULATES_OSTEOBLAST_DIFFERENTIATION,Runx2 Regulates Osteoblast Differentiation,DOWN,18,0,13874,0,1.0,,,1.0
Reactome,REACTOME_SARS_COV_1_ACTIVATES_MODULATES_INNATE_IMMUNE_RESPONSES,Sars Cov 1 Activates Modulates Innate Immune Responses,DOWN,38,0,13874,0,1.0,,,1.0
Reactome,REACTOME_SARS_COV_1_HOST_INTERACTIONS,Sars Cov 1 Host Interactions,DOWN,91,0,13874,0,1.0,,,1.0
Reactome,REACTOME_SARS_COV_1_INFECTION,Sars Cov 1 Infection,DOWN,130,0,13874,0,1.0,,,1.0
Reactome,REACTOME_SARS_COV_1_MODULATES_HOST_TRANSLATION_MACHINERY,Sars Cov 1 Modulates Host Translation Machinery,DOWN,35,0,13874,0,1.0,,,1.0
Reactome,REACTOME_SARS_COV_1_TARGETS_HOST_INTRACELLULAR_SIGNALLING_AND_REGULATORY_PATHWAYS,Sars Cov 1 Targets Host Intracellular Signalling And Regulatory Pathways,DOWN,15,0,13874,0,1.0,,,1.0
Reactome,REACTOME_SARS_COV_2_ACTIVATES_MODULATES_INNATE_AND_ADAPTIVE_IMMUNE_RESPONSES,Sars Cov 2 Activates Modulates Innate And Adaptive Immune Responses,DOWN,98,0,13874,0,1.0,,,1.0
Reactome,REACTOME_SARS_COV_2_HOST_INTERACTIONS,Sars Cov 2 Host Interactions,DOWN,172,0,13874,0,1.0,,,1.0
Reactome,REACTOME_SARS_COV_2_INFECTION,Sars Cov 2 Infection,DOWN,252,0,13874,0,1.0,,,1.0
Reactome,REACTOME_SARS_COV_2_MODULATES_HOST_TRANSLATION_MACHINERY,Sars Cov 2 Modulates Host Translation Machinery,DOWN,49,0,13874,0,1.0,,,1.0
Reactome,REACTOME_SARS_COV_INFECTIONS,Sars Cov Infections,DOWN,347,0,13874,0,1.0,,,1.0
Reactome,REACTOME_SCF_BETA_TRCP_MEDIATED_DEGRADATION_OF_EMI1,Scf Beta Trcp Mediated Degradation Of Emi1,DOWN,42,0,13874,0,1.0,,,1.0
Reactome,REACTOME_SCF_SKP2_MEDIATED_DEGRADATION_OF_P27_P21,Scf Skp2 Mediated Degradation Of P27 P21,DOWN,48,0,13874,0,1.0,,,1.0
Reactome,REACTOME_SEALING_OF_THE_NUCLEAR_ENVELOPE_NE_BY_ESCRT_III,Sealing Of The Nuclear Envelope Ne By Escrt Iii,DOWN,20,0,13874,0,1.0,,,1.0
Reactome,REACTOME_SELECTIVE_AUTOPHAGY,Selective Autophagy,DOWN,74,0,13874,0,1.0,,,1.0
Reactome,REACTOME_SELENOAMINO_ACID_METABOLISM,Selenoamino Acid Metabolism,DOWN,110,0,13874,0,1.0,,,1.0
Reactome,REACTOME_SEMA3A_PAK_DEPENDENT_AXON_REPULSION,Sema3A Pak Dependent Axon Repulsion,DOWN,16,0,13874,0,1.0,,,1.0
Reactome,REACTOME_SEMA4D_INDUCED_CELL_MIGRATION_AND_GROWTH_CONE_COLLAPSE,Sema4D Induced Cell Migration And Growth Cone Collapse,DOWN,17,0,13874,0,1.0,,,1.0
Reactome,REACTOME_SEMA4D_IN_SEMAPHORIN_SIGNALING,Sema4D In Semaphorin Signaling,DOWN,21,0,13874,0,1.0,,,1.0
Reactome,REACTOME_SEMAPHORIN_INTERACTIONS,Semaphorin Interactions,DOWN,56,0,13874,0,1.0,,,1.0
Reactome,REACTOME_SENESCENCE_ASSOCIATED_SECRETORY_PHENOTYPE_SASP,Senescence Associated Secretory Phenotype Sasp,DOWN,70,0,13874,0,1.0,,,1.0
Reactome,REACTOME_SENSORY_PERCEPTION,Sensory Perception,DOWN,106,0,13874,0,1.0,,,1.0
Reactome,REACTOME_SENSORY_PROCESSING_OF_SOUND,Sensory Processing Of Sound,DOWN,45,0,13874,0,1.0,,,1.0
Reactome,REACTOME_SENSORY_PROCESSING_OF_SOUND_BY_OUTER_HAIR_CELLS_OF_THE_COCHLEA,Sensory Processing Of Sound By Outer Hair Cells Of The Cochlea,DOWN,31,0,13874,0,1.0,,,1.0
Reactome,REACTOME_SEPARATION_OF_SISTER_CHROMATIDS,Separation Of Sister Chromatids,DOWN,151,0,13874,0,1.0,,,1.0
Reactome,REACTOME_SIALIC_ACID_METABOLISM,Sialic Acid Metabolism,DOWN,22,0,13874,0,1.0,,,1.0
Reactome,REACTOME_SIGNALING_BY_ACTIVIN,Signaling By Activin,DOWN,15,0,13874,0,1.0,,,1.0
Reactome,REACTOME_SIGNALING_BY_ALK,Signaling By Alk,DOWN,21,0,13874,0,1.0,,,1.0
Reactome,REACTOME_SIGNALING_BY_ALK_IN_CANCER,Signaling By Alk In Cancer,DOWN,79,0,13874,0,1.0,,,1.0
Reactome,REACTOME_SIGNALING_BY_BMP,Signaling By Bmp,DOWN,24,0,13874,0,1.0,,,1.0
Reactome,REACTOME_SIGNALING_BY_BRAF_AND_RAF1_FUSIONS,Signaling By Braf And Raf1 Fusions,DOWN,55,0,13874,0,1.0,,,1.0
Reactome,REACTOME_SIGNALING_BY_CSF1_M_CSF_IN_MYELOID_CELLS,Signaling By Csf1 M Csf In Myeloid Cells,DOWN,26,0,13874,0,1.0,,,1.0
Reactome,REACTOME_SIGNALING_BY_CSF3_G_CSF,Signaling By Csf3 G Csf,DOWN,26,0,13874,0,1.0,,,1.0
Reactome,REACTOME_SIGNALING_BY_CTNNB1_PHOSPHO_SITE_MUTANTS,Signaling By Ctnnb1 Phospho Site Mutants,DOWN,15,0,13874,0,1.0,,,1.0
Reactome,REACTOME_SIGNALING_BY_CYTOSOLIC_FGFR1_FUSION_MUTANTS,Signaling By Cytosolic Fgfr1 Fusion Mutants,DOWN,18,0,13874,0,1.0,,,1.0
Reactome,REACTOME_SIGNALING_BY_EGFR,Signaling By Egfr,DOWN,43,0,13874,0,1.0,,,1.0
Reactome,REACTOME_SIGNALING_BY_EGFR_IN_CANCER,Signaling By Egfr In Cancer,DOWN,20,0,13874,0,1.0,,,1.0
Reactome,REACTOME_SIGNALING_BY_ERBB2,Signaling By Erbb2,DOWN,39,0,13874,0,1.0,,,1.0
Reactome,REACTOME_SIGNALING_BY_ERBB2_ECD_MUTANTS,Signaling By Erbb2 Ecd Mutants,DOWN,15,0,13874,0,1.0,,,1.0
Reactome,REACTOME_SIGNALING_BY_ERBB2_IN_CANCER,Signaling By Erbb2 In Cancer,DOWN,18,0,13874,0,1.0,,,1.0
Reactome,REACTOME_SIGNALING_BY_ERBB4,Signaling By Erbb4,DOWN,37,0,13874,0,1.0,,,1.0
Reactome,REACTOME_SIGNALING_BY_ERYTHROPOIETIN,Signaling By Erythropoietin,DOWN,20,0,13874,0,1.0,,,1.0
Reactome,REACTOME_SIGNALING_BY_FGFR,Signaling By Fgfr,DOWN,64,0,13874,0,1.0,,,1.0
Reactome,REACTOME_SIGNALING_BY_FGFR1,Signaling By Fgfr1,DOWN,39,0,13874,0,1.0,,,1.0
Reactome,REACTOME_SIGNALING_BY_FGFR1_IN_DISEASE,Signaling By Fgfr1 In Disease,DOWN,31,0,13874,0,1.0,,,1.0
Reactome,REACTOME_SIGNALING_BY_FGFR2,Signaling By Fgfr2,DOWN,54,0,13874,0,1.0,,,1.0
Reactome,REACTOME_SIGNALING_BY_FGFR2_IIIA_TM,Signaling By Fgfr2 Iiia Tm,DOWN,16,0,13874,0,1.0,,,1.0
Reactome,REACTOME_SIGNALING_BY_FGFR2_IN_DISEASE,Signaling By Fgfr2 In Disease,DOWN,28,0,13874,0,1.0,,,1.0
Reactome,REACTOME_SIGNALING_BY_FGFR3,Signaling By Fgfr3,DOWN,31,0,13874,0,1.0,,,1.0
Reactome,REACTOME_SIGNALING_BY_FGFR4,Signaling By Fgfr4,DOWN,29,0,13874,0,1.0,,,1.0
Reactome,REACTOME_SIGNALING_BY_FGFR_IN_DISEASE,Signaling By Fgfr In Disease,DOWN,46,0,13874,0,1.0,,,1.0
Reactome,REACTOME_SIGNALING_BY_FLT3_FUSION_PROTEINS,Signaling By Flt3 Fusion Proteins,DOWN,19,0,13874,0,1.0,,,1.0
Reactome,REACTOME_SIGNALING_BY_FLT3_ITD_AND_TKD_MUTANTS,Signaling By Flt3 Itd And Tkd Mutants,DOWN,15,0,13874,0,1.0,,,1.0
Reactome,REACTOME_SIGNALING_BY_GPCR,Signaling By Gpcr,DOWN,297,0,13874,0,1.0,,,1.0
Reactome,REACTOME_SIGNALING_BY_HEDGEHOG,Signaling By Hedgehog,DOWN,122,0,13874,0,1.0,,,1.0
Reactome,REACTOME_SIGNALING_BY_HIPPO,Signaling By Hippo,DOWN,19,0,13874,0,1.0,,,1.0
Reactome,REACTOME_SIGNALING_BY_INSULIN_RECEPTOR,Signaling By Insulin Receptor,DOWN,53,0,13874,0,1.0,,,1.0
Reactome,REACTOME_SIGNALING_BY_INTERLEUKINS,Signaling By Interleukins,DOWN,321,0,13874,0,1.0,,,1.0
Reactome,REACTOME_SIGNALING_BY_KIT_IN_DISEASE,Signaling By Kit In Disease,DOWN,18,0,13874,0,1.0,,,1.0
Reactome,REACTOME_SIGNALING_BY_MET,Signaling By Met,DOWN,70,0,13874,0,1.0,,,1.0
Reactome,REACTOME_SIGNALING_BY_MODERATE_KINASE_ACTIVITY_BRAF_MUTANTS,Signaling By Moderate Kinase Activity Braf Mutants,DOWN,36,0,13874,0,1.0,,,1.0
Reactome,REACTOME_SIGNALING_BY_NOTCH,Signaling By Notch,DOWN,167,0,13874,0,1.0,,,1.0
Reactome,REACTOME_SIGNALING_BY_NOTCH1,Signaling By Notch1,DOWN,64,0,13874,0,1.0,,,1.0
Reactome,REACTOME_SIGNALING_BY_NOTCH1_PEST_DOMAIN_MUTANTS_IN_CANCER,Signaling By Notch1 Pest Domain Mutants In Cancer,DOWN,50,0,13874,0,1.0,,,1.0
Reactome,REACTOME_SIGNALING_BY_NOTCH2,Signaling By Notch2,DOWN,27,0,13874,0,1.0,,,1.0
Reactome,REACTOME_SIGNALING_BY_NOTCH3,Signaling By Notch3,DOWN,35,0,13874,0,1.0,,,1.0
Reactome,REACTOME_SIGNALING_BY_NOTCH4,Signaling By Notch4,DOWN,65,0,13874,0,1.0,,,1.0
Reactome,REACTOME_SIGNALING_BY_NTRK2_TRKB,Signaling By Ntrk2 Trkb,DOWN,19,0,13874,0,1.0,,,1.0
Reactome,REACTOME_SIGNALING_BY_NTRKS,Signaling By Ntrks,DOWN,111,0,13874,0,1.0,,,1.0
Reactome,REACTOME_SIGNALING_BY_NUCLEAR_RECEPTORS,Signaling By Nuclear Receptors,DOWN,200,0,13874,0,1.0,,,1.0
Reactome,REACTOME_SIGNALING_BY_PDGF,Signaling By Pdgf,DOWN,47,0,13874,0,1.0,,,1.0
Reactome,REACTOME_SIGNALING_BY_PDGFR_IN_DISEASE,Signaling By Pdgfr In Disease,DOWN,17,0,13874,0,1.0,,,1.0
Reactome,REACTOME_SIGNALING_BY_PTK6,Signaling By Ptk6,DOWN,43,0,13874,0,1.0,,,1.0
Reactome,REACTOME_SIGNALING_BY_RECEPTOR_TYROSINE_KINASES,Signaling By Receptor Tyrosine Kinases,DOWN,399,0,13874,0,1.0,,,1.0
Reactome,REACTOME_SIGNALING_BY_RETINOIC_ACID,Signaling By Retinoic Acid,DOWN,29,0,13874,0,1.0,,,1.0
Reactome,REACTOME_SIGNALING_BY_ROBO_RECEPTORS,Signaling By Robo Receptors,DOWN,188,0,13874,0,1.0,,,1.0
Reactome,REACTOME_SIGNALING_BY_SCF_KIT,Signaling By Scf Kit,DOWN,34,0,13874,0,1.0,,,1.0
Reactome,REACTOME_SIGNALING_BY_TGFBR3,Signaling By Tgfbr3,DOWN,41,0,13874,0,1.0,,,1.0
Reactome,REACTOME_SIGNALING_BY_TGFB_FAMILY_MEMBERS,Signaling By Tgfb Family Members,DOWN,137,0,13874,0,1.0,,,1.0
Reactome,REACTOME_SIGNALING_BY_TGF_BETA_RECEPTOR_COMPLEX,Signaling By Tgf Beta Receptor Complex,DOWN,87,0,13874,0,1.0,,,1.0
Reactome,REACTOME_SIGNALING_BY_THE_B_CELL_RECEPTOR_BCR,Signaling By The B Cell Receptor Bcr,DOWN,83,0,13874,0,1.0,,,1.0
Reactome,REACTOME_SIGNALING_BY_TYPE_1_INSULIN_LIKE_GROWTH_FACTOR_1_RECEPTOR_IGF1R,Signaling By Type 1 Insulin Like Growth Factor 1 Receptor Igf1R,DOWN,30,0,13874,0,1.0,,,1.0
Reactome,REACTOME_SIGNALING_BY_VEGF,Signaling By Vegf,DOWN,90,0,13874,0,1.0,,,1.0
Reactome,REACTOME_SIGNALING_BY_WNT,Signaling By Wnt,DOWN,237,0,13874,0,1.0,,,1.0
Reactome,REACTOME_SIGNALING_BY_WNT_IN_CANCER,Signaling By Wnt In Cancer,DOWN,29,0,13874,0,1.0,,,1.0
Reactome,REACTOME_SIGNALLING_TO_ERKS,Signalling To Erks,DOWN,32,0,13874,0,1.0,,,1.0
Reactome,REACTOME_SIGNALLING_TO_RAS,Signalling To Ras,DOWN,19,0,13874,0,1.0,,,1.0
Reactome,REACTOME_SIGNAL_AMPLIFICATION,Signal Amplification,DOWN,22,0,13874,0,1.0,,,1.0
Reactome,REACTOME_SIGNAL_TRANSDUCTION_BY_L1,Signal Transduction By L1,DOWN,19,0,13874,0,1.0,,,1.0
Reactome,REACTOME_SIRT1_NEGATIVELY_REGULATES_RRNA_EXPRESSION,Sirt1 Negatively Regulates Rrna Expression,DOWN,31,0,13874,0,1.0,,,1.0
Reactome,REACTOME_SLC_MEDIATED_TRANSMEMBRANE_TRANSPORT,Slc Mediated Transmembrane Transport,DOWN,135,0,13874,0,1.0,,,1.0
Reactome,REACTOME_SLC_MEDIATED_TRANSPORT_OF_AMINO_ACIDS,Slc Mediated Transport Of Amino Acids,DOWN,25,0,13874,0,1.0,,,1.0
Reactome,REACTOME_SLC_MEDIATED_TRANSPORT_OF_INORGANIC_ANIONS,Slc Mediated Transport Of Inorganic Anions,DOWN,17,0,13874,0,1.0,,,1.0
Reactome,REACTOME_SLC_MEDIATED_TRANSPORT_OF_ORGANIC_ANIONS,Slc Mediated Transport Of Organic Anions,DOWN,16,0,13874,0,1.0,,,1.0
Reactome,REACTOME_SLC_TRANSPORTER_DISORDERS,Slc Transporter Disorders,DOWN,58,0,13874,0,1.0,,,1.0
Reactome,REACTOME_SMAD2_SMAD3_SMAD4_HETEROTRIMER_REGULATES_TRANSCRIPTION,Smad2 Smad3 Smad4 Heterotrimer Regulates Transcription,DOWN,36,0,13874,0,1.0,,,1.0
Reactome,REACTOME_SMOOTH_MUSCLE_CONTRACTION,Smooth Muscle Contraction,DOWN,33,0,13874,0,1.0,,,1.0
Reactome,REACTOME_SNRNP_ASSEMBLY,Snrnp Assembly,DOWN,53,0,13874,0,1.0,,,1.0
Reactome,REACTOME_SOMITOGENESIS,Somitogenesis,DOWN,39,0,13874,0,1.0,,,1.0
Reactome,REACTOME_SPHINGOLIPID_DE_NOVO_BIOSYNTHESIS,Sphingolipid De Novo Biosynthesis,DOWN,29,0,13874,0,1.0,,,1.0
Reactome,REACTOME_SPHINGOLIPID_METABOLISM,Sphingolipid Metabolism,DOWN,84,0,13874,0,1.0,,,1.0
Reactome,REACTOME_SPOP_MEDIATED_PROTEASOMAL_DEGRADATION_OF_PD_L1_CD274,Spop Mediated Proteasomal Degradation Of Pd L1 Cd274,DOWN,45,0,13874,0,1.0,,,1.0
Reactome,REACTOME_SPRY_REGULATION_OF_FGF_SIGNALING,Spry Regulation Of Fgf Signaling,DOWN,16,0,13874,0,1.0,,,1.0
Reactome,REACTOME_SRP_DEPENDENT_COTRANSLATIONAL_PROTEIN_TARGETING_TO_MEMBRANE,Srp Dependent Cotranslational Protein Targeting To Membrane,DOWN,108,0,13874,0,1.0,,,1.0
Reactome,REACTOME_STABILIZATION_OF_P53,Stabilization Of P53,DOWN,44,0,13874,0,1.0,,,1.0
Reactome,REACTOME_STIMULI_SENSING_CHANNELS,Stimuli Sensing Channels,DOWN,60,0,13874,0,1.0,,,1.0
Reactome,REACTOME_SULFUR_AMINO_ACID_METABOLISM,Sulfur Amino Acid Metabolism,DOWN,23,0,13874,0,1.0,,,1.0
Reactome,REACTOME_SUMOYLATION,Sumoylation,DOWN,172,0,13874,0,1.0,,,1.0
Reactome,REACTOME_SUMOYLATION_OF_CHROMATIN_ORGANIZATION_PROTEINS,Sumoylation Of Chromatin Organization Proteins,DOWN,62,0,13874,0,1.0,,,1.0
Reactome,REACTOME_SUMOYLATION_OF_DNA_DAMAGE_RESPONSE_AND_REPAIR_PROTEINS,Sumoylation Of Dna Damage Response And Repair Proteins,DOWN,75,0,13874,0,1.0,,,1.0
Reactome,REACTOME_SUMOYLATION_OF_DNA_METHYLATION_PROTEINS,Sumoylation Of Dna Methylation Proteins,DOWN,16,0,13874,0,1.0,,,1.0
Reactome,REACTOME_SUMOYLATION_OF_DNA_REPLICATION_PROTEINS,Sumoylation Of Dna Replication Proteins,DOWN,44,0,13874,0,1.0,,,1.0
Reactome,REACTOME_SUMOYLATION_OF_INTRACELLULAR_RECEPTORS,Sumoylation Of Intracellular Receptors,DOWN,25,0,13874,0,1.0,,,1.0
Reactome,REACTOME_SUMOYLATION_OF_RNA_BINDING_PROTEINS,Sumoylation Of Rna Binding Proteins,DOWN,46,0,13874,0,1.0,,,1.0
Reactome,REACTOME_SUMOYLATION_OF_SUMOYLATION_PROTEINS,Sumoylation Of Sumoylation Proteins,DOWN,34,0,13874,0,1.0,,,1.0
Reactome,REACTOME_SUMOYLATION_OF_TRANSCRIPTION_COFACTORS,Sumoylation Of Transcription Cofactors,DOWN,44,0,13874,0,1.0,,,1.0
Reactome,REACTOME_SUMOYLATION_OF_TRANSCRIPTION_FACTORS,Sumoylation Of Transcription Factors,DOWN,19,0,13874,0,1.0,,,1.0
Reactome,REACTOME_SUMOYLATION_OF_UBIQUITINYLATION_PROTEINS,Sumoylation Of Ubiquitinylation Proteins,DOWN,38,0,13874,0,1.0,,,1.0
Reactome,REACTOME_SWITCHING_OF_ORIGINS_TO_A_POST_REPLICATIVE_STATE,Switching Of Origins To A Post Replicative State,DOWN,76,0,13874,0,1.0,,,1.0
Reactome,REACTOME_SYNDECAN_INTERACTIONS,Syndecan Interactions,DOWN,26,0,13874,0,1.0,,,1.0
Reactome,REACTOME_SYNTHESIS_OF_ACTIVE_UBIQUITIN_ROLES_OF_E1_AND_E2_ENZYMES,Synthesis Of Active Ubiquitin Roles Of E1 And E2 Enzymes,DOWN,29,0,13874,0,1.0,,,1.0
Reactome,REACTOME_SYNTHESIS_OF_BILE_ACIDS_AND_BILE_SALTS,Synthesis Of Bile Acids And Bile Salts,DOWN,25,0,13874,0,1.0,,,1.0
Reactome,REACTOME_SYNTHESIS_OF_BILE_ACIDS_AND_BILE_SALTS_VIA_7ALPHA_HYDROXYCHOLESTEROL,Synthesis Of Bile Acids And Bile Salts Via 7Alpha Hydroxycholesterol,DOWN,15,0,13874,0,1.0,,,1.0
Reactome,REACTOME_SYNTHESIS_OF_DNA,Synthesis Of Dna,DOWN,100,0,13874,0,1.0,,,1.0
Reactome,REACTOME_SYNTHESIS_OF_GLYCOSYLPHOSPHATIDYLINOSITOL_GPI,Synthesis Of Glycosylphosphatidylinositol Gpi,DOWN,17,0,13874,0,1.0,,,1.0
Reactome,REACTOME_SYNTHESIS_OF_IP3_AND_IP4_IN_THE_CYTOSOL,Synthesis Of Ip3 And Ip4 In The Cytosol,DOWN,19,0,13874,0,1.0,,,1.0
Reactome,REACTOME_SYNTHESIS_OF_PA,Synthesis Of Pa,DOWN,26,0,13874,0,1.0,,,1.0
Reactome,REACTOME_SYNTHESIS_OF_PC,Synthesis Of Pc,DOWN,20,0,13874,0,1.0,,,1.0
Reactome,REACTOME_SYNTHESIS_OF_PIPS_AT_THE_EARLY_ENDOSOME_MEMBRANE,Synthesis Of Pips At The Early Endosome Membrane,DOWN,16,0,13874,0,1.0,,,1.0
Reactome,REACTOME_SYNTHESIS_OF_PIPS_AT_THE_GOLGI_MEMBRANE,Synthesis Of Pips At The Golgi Membrane,DOWN,15,0,13874,0,1.0,,,1.0
Reactome,REACTOME_SYNTHESIS_OF_PIPS_AT_THE_PLASMA_MEMBRANE,Synthesis Of Pips At The Plasma Membrane,DOWN,45,0,13874,0,1.0,,,1.0
Reactome,REACTOME_SYNTHESIS_OF_SUBSTRATES_IN_N_GLYCAN_BIOSYTHESIS,Synthesis Of Substrates In N Glycan Biosythesis,DOWN,53,0,13874,0,1.0,,,1.0
Reactome,REACTOME_SYNTHESIS_OF_VERY_LONG_CHAIN_FATTY_ACYL_COAS,Synthesis Of Very Long Chain Fatty Acyl Coas,DOWN,16,0,13874,0,1.0,,,1.0
Reactome,REACTOME_S_PHASE,S Phase,DOWN,139,0,13874,0,1.0,,,1.0
Reactome,REACTOME_TAK1_DEPENDENT_IKK_AND_NF_KAPPA_B_ACTIVATION,Tak1 Dependent Ikk And Nf Kappa B Activation,DOWN,41,0,13874,0,1.0,,,1.0
Reactome,REACTOME_TBC_RABGAPS,Tbc Rabgaps,DOWN,39,0,13874,0,1.0,,,1.0
Reactome,REACTOME_TCF_DEPENDENT_SIGNALING_IN_RESPONSE_TO_WNT,Tcf Dependent Signaling In Response To Wnt,DOWN,164,0,13874,0,1.0,,,1.0
Reactome,REACTOME_TCR_SIGNALING,Tcr Signaling,DOWN,80,0,13874,0,1.0,,,1.0
Reactome,REACTOME_TELOMERE_C_STRAND_LAGGING_STRAND_SYNTHESIS,Telomere C Strand Lagging Strand Synthesis,DOWN,31,0,13874,0,1.0,,,1.0
Reactome,REACTOME_TELOMERE_EXTENSION_BY_TELOMERASE,Telomere Extension By Telomerase,DOWN,20,0,13874,0,1.0,,,1.0
Reactome,REACTOME_TELOMERE_MAINTENANCE,Telomere Maintenance,DOWN,78,0,13874,0,1.0,,,1.0
Reactome,REACTOME_TERMINATION_OF_TRANSLESION_DNA_SYNTHESIS,Termination Of Translesion Dna Synthesis,DOWN,30,0,13874,0,1.0,,,1.0
Reactome,REACTOME_TGFBR3_EXPRESSION,Tgfbr3 Expression,DOWN,21,0,13874,0,1.0,,,1.0
Reactome,REACTOME_TGF_BETA_RECEPTOR_SIGNALING_ACTIVATES_SMADS,Tgf Beta Receptor Signaling Activates Smads,DOWN,45,0,13874,0,1.0,,,1.0
Reactome,REACTOME_THE_PHOTOTRANSDUCTION_CASCADE,The Phototransduction Cascade,DOWN,16,0,13874,0,1.0,,,1.0
Reactome,REACTOME_THE_ROLE_OF_GTSE1_IN_G2_M_PROGRESSION_AFTER_G2_CHECKPOINT,The Role Of Gtse1 In G2 M Progression After G2 Checkpoint,DOWN,54,0,13874,0,1.0,,,1.0
Reactome,REACTOME_THE_ROLE_OF_NEF_IN_HIV_1_REPLICATION_AND_DISEASE_PATHOGENESIS,The Role Of Nef In Hiv 1 Replication And Disease Pathogenesis,DOWN,22,0,13874,0,1.0,,,1.0
Reactome,REACTOME_THROMBIN_SIGNALLING_THROUGH_PROTEINASE_ACTIVATED_RECEPTORS_PARS,Thrombin Signalling Through Proteinase Activated Receptors Pars,DOWN,21,0,13874,0,1.0,,,1.0
Reactome,REACTOME_THROMBOXANE_SIGNALLING_THROUGH_TP_RECEPTOR,Thromboxane Signalling Through Tp Receptor,DOWN,15,0,13874,0,1.0,,,1.0
Reactome,REACTOME_TICAM1_RIP1_MEDIATED_IKK_COMPLEX_RECRUITMENT,Ticam1 Rip1 Mediated Ikk Complex Recruitment,DOWN,19,0,13874,0,1.0,,,1.0
Reactome,REACTOME_TNFR1_INDUCED_NF_KAPPA_B_SIGNALING_PATHWAY,Tnfr1 Induced Nf Kappa B Signaling Pathway,DOWN,31,0,13874,0,1.0,,,1.0
Reactome,REACTOME_TNFR1_INDUCED_PROAPOPTOTIC_SIGNALING,Tnfr1 Induced Proapoptotic Signaling,DOWN,23,0,13874,0,1.0,,,1.0
Reactome,REACTOME_TNFR2_NON_CANONICAL_NF_KB_PATHWAY,Tnfr2 Non Canonical Nf Kb Pathway,DOWN,65,0,13874,0,1.0,,,1.0
Reactome,REACTOME_TNF_SIGNALING,Tnf Signaling,DOWN,54,0,13874,0,1.0,,,1.0
Reactome,REACTOME_TOLL_LIKE_RECEPTOR_9_TLR9_CASCADE,Toll Like Receptor 9 Tlr9 Cascade,DOWN,100,0,13874,0,1.0,,,1.0
Reactome,REACTOME_TOLL_LIKE_RECEPTOR_CASCADES,Toll Like Receptor Cascades,DOWN,139,0,13874,0,1.0,,,1.0
Reactome,REACTOME_TOLL_LIKE_RECEPTOR_TLR1_TLR2_CASCADE,Toll Like Receptor Tlr1 Tlr2 Cascade,DOWN,101,0,13874,0,1.0,,,1.0
Reactome,REACTOME_TP53_REGULATES_METABOLIC_GENES,Tp53 Regulates Metabolic Genes,DOWN,72,0,13874,0,1.0,,,1.0
Reactome,REACTOME_TP53_REGULATES_TRANSCRIPTION_OF_ADDITIONAL_CELL_CYCLE_GENES_WHOSE_EXACT_ROLE_IN_THE_P53_PATHWAY_REMAIN_UNCERTAIN,Tp53 Regulates Transcription Of Additional Cell Cycle Genes Whose Exact Role In The P53 Pathway Remain Uncertain,DOWN,19,0,13874,0,1.0,,,1.0
Reactome,REACTOME_TP53_REGULATES_TRANSCRIPTION_OF_CELL_CYCLE_GENES,Tp53 Regulates Transcription Of Cell Cycle Genes,DOWN,43,0,13874,0,1.0,,,1.0
Reactome,REACTOME_TP53_REGULATES_TRANSCRIPTION_OF_CELL_DEATH_GENES,Tp53 Regulates Transcription Of Cell Death Genes,DOWN,40,0,13874,0,1.0,,,1.0
Reactome,REACTOME_TP53_REGULATES_TRANSCRIPTION_OF_DNA_REPAIR_GENES,Tp53 Regulates Transcription Of Dna Repair Genes,DOWN,57,0,13874,0,1.0,,,1.0
Reactome,REACTOME_TP53_REGULATES_TRANSCRIPTION_OF_GENES_INVOLVED_IN_CYTOCHROME_C_RELEASE,Tp53 Regulates Transcription Of Genes Involved In Cytochrome C Release,DOWN,17,0,13874,0,1.0,,,1.0
Reactome,REACTOME_TP53_REGULATES_TRANSCRIPTION_OF_GENES_INVOLVED_IN_G2_CELL_CYCLE_ARREST,Tp53 Regulates Transcription Of Genes Involved In G2 Cell Cycle Arrest,DOWN,15,0,13874,0,1.0,,,1.0
Reactome,REACTOME_TRAF6_MEDIATED_IRF7_ACTIVATION,Traf6 Mediated Irf7 Activation,DOWN,16,0,13874,0,1.0,,,1.0
Reactome,REACTOME_TRAF6_MEDIATED_NF_KB_ACTIVATION,Traf6 Mediated Nf Kb Activation,DOWN,23,0,13874,0,1.0,,,1.0
Reactome,REACTOME_TRAFFICKING_OF_AMPA_RECEPTORS,Trafficking Of Ampa Receptors,DOWN,19,0,13874,0,1.0,,,1.0
Reactome,REACTOME_TRANSCRIPTIONAL_ACTIVATION_OF_MITOCHONDRIAL_BIOGENESIS,Transcriptional Activation Of Mitochondrial Biogenesis,DOWN,52,0,13874,0,1.0,,,1.0
Reactome,REACTOME_TRANSCRIPTIONAL_ACTIVITY_OF_SMAD2_SMAD3_SMAD4_HETEROTRIMER,Transcriptional Activity Of Smad2 Smad3 Smad4 Heterotrimer,DOWN,50,0,13874,0,1.0,,,1.0
Reactome,REACTOME_TRANSCRIPTIONAL_AND_POST_TRANSLATIONAL_REGULATION_OF_MITF_M_EXPRESSION_AND_ACTIVITY,Transcriptional And Post Translational Regulation Of Mitf M Expression And Activity,DOWN,47,0,13874,0,1.0,,,1.0
Reactome,REACTOME_TRANSCRIPTIONAL_REGULATION_BY_E2F6,Transcriptional Regulation By E2F6,DOWN,34,0,13874,0,1.0,,,1.0
Reactome,REACTOME_TRANSCRIPTIONAL_REGULATION_BY_MECP2,Transcriptional Regulation By Mecp2,DOWN,45,0,13874,0,1.0,,,1.0
Reactome,REACTOME_TRANSCRIPTIONAL_REGULATION_BY_NPAS4,Transcriptional Regulation By Npas4,DOWN,30,0,13874,0,1.0,,,1.0
Reactome,REACTOME_TRANSCRIPTIONAL_REGULATION_BY_RUNX1,Transcriptional Regulation By Runx1,DOWN,159,0,13874,0,1.0,,,1.0
Reactome,REACTOME_TRANSCRIPTIONAL_REGULATION_BY_RUNX2,Transcriptional Regulation By Runx2,DOWN,94,0,13874,0,1.0,,,1.0
Reactome,REACTOME_TRANSCRIPTIONAL_REGULATION_BY_RUNX3,Transcriptional Regulation By Runx3,DOWN,82,0,13874,0,1.0,,,1.0
Reactome,REACTOME_TRANSCRIPTIONAL_REGULATION_BY_SMALL_RNAS,Transcriptional Regulation By Small Rnas,DOWN,38,0,13874,0,1.0,,,1.0
Reactome,REACTOME_TRANSCRIPTIONAL_REGULATION_BY_THE_AP_2_TFAP2_FAMILY_OF_TRANSCRIPTION_FACTORS,Transcriptional Regulation By The Ap 2 Tfap2 Family Of Transcription Factors,DOWN,29,0,13874,0,1.0,,,1.0
Reactome,REACTOME_TRANSCRIPTIONAL_REGULATION_BY_TP53,Transcriptional Regulation By Tp53,DOWN,328,0,13874,0,1.0,,,1.0
Reactome,REACTOME_TRANSCRIPTIONAL_REGULATION_BY_VENTX,Transcriptional Regulation By Ventx,DOWN,35,0,13874,0,1.0,,,1.0
Reactome,REACTOME_TRANSCRIPTIONAL_REGULATION_OF_BROWN_AND_BEIGE_ADIPOCYTE_DIFFERENTIATION,Transcriptional Regulation Of Brown And Beige Adipocyte Differentiation,DOWN,24,0,13874,0,1.0,,,1.0
Reactome,REACTOME_TRANSCRIPTIONAL_REGULATION_OF_GRANULOPOIESIS,Transcriptional Regulation Of Granulopoiesis,DOWN,45,0,13874,0,1.0,,,1.0
Reactome,REACTOME_TRANSCRIPTIONAL_REGULATION_OF_WHITE_ADIPOCYTE_DIFFERENTIATION,Transcriptional Regulation Of White Adipocyte Differentiation,DOWN,73,0,13874,0,1.0,,,1.0
Reactome,REACTOME_TRANSCRIPTION_COUPLED_NUCLEOTIDE_EXCISION_REPAIR_TC_NER,Transcription Coupled Nucleotide Excision Repair Tc Ner,DOWN,72,0,13874,0,1.0,,,1.0
Reactome,REACTOME_TRANSCRIPTION_OF_E2F_TARGETS_UNDER_NEGATIVE_CONTROL_BY_DREAM_COMPLEX,Transcription Of E2F Targets Under Negative Control By Dream Complex,DOWN,18,0,13874,0,1.0,,,1.0
Reactome,REACTOME_TRANSCRIPTION_OF_THE_HIV_GENOME,Transcription Of The Hiv Genome,DOWN,66,0,13874,0,1.0,,,1.0
Reactome,REACTOME_TRANSFERRIN_ENDOCYTOSIS_AND_RECYCLING,Transferrin Endocytosis And Recycling,DOWN,22,0,13874,0,1.0,,,1.0
Reactome,REACTOME_TRANSLATION,Translation,DOWN,360,0,13874,0,1.0,,,1.0
Reactome,REACTOME_TRANSLATION_OF_SARS_COV_1_STRUCTURAL_PROTEINS,Translation Of Sars Cov 1 Structural Proteins,DOWN,27,0,13874,0,1.0,,,1.0
Reactome,REACTOME_TRANSLATION_OF_SARS_COV_2_STRUCTURAL_PROTEINS,Translation Of Sars Cov 2 Structural Proteins,DOWN,55,0,13874,0,1.0,,,1.0
Reactome,REACTOME_TRANSLESION_SYNTHESIS_BY_POLH,Translesion Synthesis By Polh,DOWN,19,0,13874,0,1.0,,,1.0
Reactome,REACTOME_TRANSLESION_SYNTHESIS_BY_POLK,Translesion Synthesis By Polk,DOWN,17,0,13874,0,1.0,,,1.0
Reactome,REACTOME_TRANSLESION_SYNTHESIS_BY_Y_FAMILY_DNA_POLYMERASES_BYPASSES_LESIONS_ON_DNA_TEMPLATE,Translesion Synthesis By Y Family Dna Polymerases Bypasses Lesions On Dna Template,DOWN,37,0,13874,0,1.0,,,1.0
Reactome,REACTOME_TRANSLOCATION_OF_SLC2A4_GLUT4_TO_THE_PLASMA_MEMBRANE,Translocation Of Slc2A4 Glut4 To The Plasma Membrane,DOWN,59,0,13874,0,1.0,,,1.0
Reactome,REACTOME_TRANSMISSION_ACROSS_CHEMICAL_SYNAPSES,Transmission Across Chemical Synapses,DOWN,145,0,13874,0,1.0,,,1.0
Reactome,REACTOME_TRANSPORT_OF_MATURE_MRNAS_DERIVED_FROM_INTRONLESS_TRANSCRIPTS,Transport Of Mature Mrnas Derived From Intronless Transcripts,DOWN,42,0,13874,0,1.0,,,1.0
Reactome,REACTOME_TRANSPORT_OF_MATURE_TRANSCRIPT_TO_CYTOPLASM,Transport Of Mature Transcript To Cytoplasm,DOWN,78,0,13874,0,1.0,,,1.0
Reactome,REACTOME_TRANSPORT_OF_SMALL_MOLECULES,Transport Of Small Molecules,DOWN,450,0,13874,0,1.0,,,1.0
Reactome,REACTOME_TRANSPORT_OF_THE_SLBP_DEPENDANT_MATURE_MRNA,Transport Of The Slbp Dependant Mature Mrna,DOWN,35,0,13874,0,1.0,,,1.0
Reactome,REACTOME_TRANSPORT_OF_VITAMINS_NUCLEOSIDES_AND_RELATED_MOLECULES,Transport Of Vitamins Nucleosides And Related Molecules,DOWN,23,0,13874,0,1.0,,,1.0
Reactome,REACTOME_TRANSPORT_TO_THE_GOLGI_AND_SUBSEQUENT_MODIFICATION,Transport To The Golgi And Subsequent Modification,DOWN,153,0,13874,0,1.0,,,1.0
Reactome,REACTOME_TRANS_GOLGI_NETWORK_VESICLE_BUDDING,Trans Golgi Network Vesicle Budding,DOWN,63,0,13874,0,1.0,,,1.0
Reactome,REACTOME_TRIGLYCERIDE_CATABOLISM,Triglyceride Catabolism,DOWN,15,0,13874,0,1.0,,,1.0
Reactome,REACTOME_TRIGLYCERIDE_METABOLISM,Triglyceride Metabolism,DOWN,22,0,13874,0,1.0,,,1.0
Reactome,REACTOME_TRISTETRAPROLIN_TTP_ZFP36_BINDS_AND_DESTABILIZES_MRNA,Tristetraprolin Ttp Zfp36 Binds And Destabilizes Mrna,DOWN,17,0,13874,0,1.0,,,1.0
Reactome,REACTOME_TRNA_AMINOACYLATION,Trna Aminoacylation,DOWN,41,0,13874,0,1.0,,,1.0
Reactome,REACTOME_TRNA_MODIFICATION_IN_THE_NUCLEUS_AND_CYTOSOL,Trna Modification In The Nucleus And Cytosol,DOWN,44,0,13874,0,1.0,,,1.0
Reactome,REACTOME_TRNA_PROCESSING,Trna Processing,DOWN,110,0,13874,0,1.0,,,1.0
Reactome,REACTOME_TRNA_PROCESSING_IN_THE_NUCLEUS,Trna Processing In The Nucleus,DOWN,55,0,13874,0,1.0,,,1.0
Reactome,REACTOME_TRP_CHANNELS,Trp Channels,DOWN,18,0,13874,0,1.0,,,1.0
Reactome,REACTOME_TURBULENT_OSCILLATORY_DISTURBED_FLOW_SHEAR_STRESS_ACTIVATES_SIGNALING_BY_PIEZO1_AND_INTEGRINS_IN_ENDOTHELIAL_CELLS,Turbulent Oscillatory Disturbed Flow Shear Stress Activates Signaling By Piezo1 And Integrins In Endothelial Cells,DOWN,29,0,13874,0,1.0,,,1.0
Reactome,REACTOME_UBIQUITIN_DEPENDENT_DEGRADATION_OF_CYCLIN_D,Ubiquitin Dependent Degradation Of Cyclin D,DOWN,39,0,13874,0,1.0,,,1.0
Reactome,REACTOME_UBIQUITIN_MEDIATED_DEGRADATION_OF_PHOSPHORYLATED_CDC25A,Ubiquitin Mediated Degradation Of Phosphorylated Cdc25A,DOWN,51,0,13874,0,1.0,,,1.0
Reactome,REACTOME_UB_SPECIFIC_PROCESSING_PROTEASES,Ub Specific Processing Proteases,DOWN,153,0,13874,0,1.0,,,1.0
Reactome,REACTOME_UCH_PROTEINASES,Uch Proteinases,DOWN,73,0,13874,0,1.0,,,1.0
Reactome,REACTOME_UNFOLDED_PROTEIN_RESPONSE_UPR,Unfolded Protein Response Upr,DOWN,88,0,13874,0,1.0,,,1.0
Reactome,REACTOME_UPTAKE_AND_ACTIONS_OF_BACTERIAL_TOXINS,Uptake And Actions Of Bacterial Toxins,DOWN,23,0,13874,0,1.0,,,1.0
Reactome,REACTOME_VASOPRESSIN_REGULATES_RENAL_WATER_HOMEOSTASIS_VIA_AQUAPORINS,Vasopressin Regulates Renal Water Homeostasis Via Aquaporins,DOWN,27,0,13874,0,1.0,,,1.0
Reactome,REACTOME_VEGFR2_MEDIATED_CELL_PROLIFERATION,Vegfr2 Mediated Cell Proliferation,DOWN,16,0,13874,0,1.0,,,1.0
Reactome,REACTOME_VEGFR2_MEDIATED_VASCULAR_PERMEABILITY,Vegfr2 Mediated Vascular Permeability,DOWN,24,0,13874,0,1.0,,,1.0
Reactome,REACTOME_VIF_MEDIATED_DEGRADATION_OF_APOBEC3G,Vif Mediated Degradation Of Apobec3G,DOWN,41,0,13874,0,1.0,,,1.0
Reactome,REACTOME_VIRAL_MESSENGER_RNA_SYNTHESIS,Viral Messenger Rna Synthesis,DOWN,41,0,13874,0,1.0,,,1.0
Reactome,REACTOME_VISUAL_PHOTOTRANSDUCTION,Visual Phototransduction,DOWN,46,0,13874,0,1.0,,,1.0
Reactome,REACTOME_VITAMIN_B5_PANTOTHENATE_METABOLISM,Vitamin B5 Pantothenate Metabolism,DOWN,18,0,13874,0,1.0,,,1.0
Reactome,REACTOME_VLDLR_INTERNALISATION_AND_DEGRADATION,Vldlr Internalisation And Degradation,DOWN,16,0,13874,0,1.0,,,1.0
Reactome,REACTOME_VXPX_CARGO_TARGETING_TO_CILIUM,Vxpx Cargo Targeting To Cilium,DOWN,16,0,13874,0,1.0,,,1.0
Reactome,REACTOME_WNT_LIGAND_BIOGENESIS_AND_TRAFFICKING,Wnt Ligand Biogenesis And Trafficking,DOWN,16,0,13874,0,1.0,,,1.0
Reactome,REACTOME_ZBP1_DAI_MEDIATED_INDUCTION_OF_TYPE_I_IFNS,Zbp1 Dai Mediated Induction Of Type I Ifns,DOWN,19,0,13874,0,1.0,,,1.0
