term_id,database,CTX001,CTX002,CTX003
GOBP_2_OXOGLUTARATE_METABOLIC_PROCESS,GO_BP,1.2645867834240467,-1.5419056138318314,-0.9894354647810268
GOBP_3_UTR_MEDIATED_MRNA_DESTABILIZATION,GO_BP,-0.7399641781536598,0.9988663955139128,1.3680199849020374
GOBP_3_UTR_MEDIATED_MRNA_STABILIZATION,GO_BP,-0.8772427463686061,1.461026463724857,1.425229676543346
GOBP_ACETYL_COA_BIOSYNTHETIC_PROCESS,GO_BP,1.3096492310302748,-1.1378357967886856,-0.8596222696736893
GOBP_ACETYL_COA_METABOLIC_PROCESS,GO_BP,1.1234213232676304,-1.842372497777149,1.148732983660934
GOBP_ACIDIC_AMINO_ACID_TRANSPORT,GO_BP,-1.1146854866634617,1.3268549971905084,-0.7678748787836763
GOBP_ACID_SECRETION,GO_BP,0.8734206438976636,-1.445797753167913,0.8826317562277681
GOBP_ACROSOME_ASSEMBLY,GO_BP,0.8592836643152718,0.887295878151212,0.9206481711948016
GOBP_ACROSOME_REACTION,GO_BP,-1.408236931424668,0.861352895006519,-1.1802588330184716
GOBP_ACTIN_FILAMENT_BASED_MOVEMENT,GO_BP,-1.824554363867183,1.5038148814607206,1.3498806003792068
GOBP_ACTIN_FILAMENT_BUNDLE_ORGANIZATION,GO_BP,-1.7388755958636015,-1.0864958453849034,1.26699451658296
GOBP_ACTIN_FILAMENT_DEPOLYMERIZATION,GO_BP,-1.2151251387865754,0.9457209469384148,1.0411766224818524
GOBP_ACTIN_FILAMENT_ORGANIZATION,GO_BP,-1.4745693601590444,1.0600766278841058,1.239629273767875
GOBP_ACTIN_FILAMENT_POLYMERIZATION,GO_BP,-0.9812650155135824,-1.093348493625982,1.2772085508996598
GOBP_ACTIN_MEDIATED_CELL_CONTRACTION,GO_BP,-1.9244626062170296,1.64459100442637,1.28586767385629
GOBP_ACTIN_NUCLEATION,GO_BP,-0.803040701218821,-1.0355622027091729,1.195809269086373
GOBP_ACTIN_POLYMERIZATION_OR_DEPOLYMERIZATION,GO_BP,-1.1576600628368643,-0.98540293638931,1.2084426330236742
GOBP_ACTION_POTENTIAL,GO_BP,-1.781035224491727,1.34847813964638,1.175103440332033
GOBP_ACTIVATED_T_CELL_PROLIFERATION,GO_BP,-0.9176155120354988,1.0657997916501338,-0.9473080138760176
GOBP_ACTIVATION_OF_GTPASE_ACTIVITY,GO_BP,0.7515073657909084,0.9236096667515103,0.9665177700371352
GOBP_ACTIVATION_OF_IMMUNE_RESPONSE,GO_BP,-1.2337380776807898,1.1452966642898856,1.8641348434823657
GOBP_ACTIVATION_OF_INNATE_IMMUNE_RESPONSE,GO_BP,-1.1308247200616754,1.1536912651170976,1.8881355680244107
GOBP_ACTIVATION_OF_PROTEIN_KINASE_ACTIVITY,GO_BP,1.2018828568858186,1.3760539871786872,1.2973891907408297
GOBP_ACTIVIN_RECEPTOR_SIGNALING_PATHWAY,GO_BP,-1.6598219784849113,0.9910468138748048,1.3394544104235202
GOBP_ACTOMYOSIN_STRUCTURE_ORGANIZATION,GO_BP,-1.6006961149272865,-1.169923012055404,1.0816588312214073
GOBP_ACUTE_INFLAMMATORY_RESPONSE,GO_BP,-1.6553070221403634,1.346064588100767,1.659118755715438
GOBP_ACUTE_PHASE_RESPONSE,GO_BP,-0.8803596379466023,1.3721004791252738,1.192514104855577
GOBP_ACYLGLYCEROL_HOMEOSTASIS,GO_BP,-1.2622354109087002,0.6782255401015052,-0.7822162954524268
GOBP_ACYL_COA_BIOSYNTHETIC_PROCESS,GO_BP,1.4096928645611724,-1.4305070161748,-1.0434007614324852
GOBP_ACYL_COA_METABOLIC_PROCESS,GO_BP,1.327389412914964,-1.5913077594014169,0.816764985547267
GOBP_ADAPTIVE_IMMUNE_RESPONSE,GO_BP,1.0958656477044049,1.1928369419043314,1.8965115448206773
GOBP_ADAPTIVE_IMMUNE_RESPONSE_BASED_ON_SOMATIC_RECOMBINATION_OF_IMMUNE_RECEPTORS_BUILT_FROM_IMMUNOGLOBULIN_SUPERFAMILY_DOMAINS,GO_BP,-1.0424827792833973,1.3165171561310092,1.989425901893812
GOBP_ADAPTIVE_THERMOGENESIS,GO_BP,-1.1963168000074995,1.2555476925618407,-1.1008809668990824
GOBP_ADENYLATE_CYCLASE_ACTIVATING_G_PROTEIN_COUPLED_RECEPTOR_SIGNALING_PATHWAY,GO_BP,-1.5028615603447524,-1.0108740505030465,0.9745382830610816
GOBP_ADENYLATE_CYCLASE_INHIBITING_G_PROTEIN_COUPLED_RECEPTOR_SIGNALING_PATHWAY,GO_BP,-1.7573968208971047,-1.309409627379381,-1.3801474889908083
GOBP_ADENYLATE_CYCLASE_MODULATING_G_PROTEIN_COUPLED_RECEPTOR_SIGNALING_PATHWAY,GO_BP,-1.6681604407654405,-1.163162434708932,-1.036094886012224
GOBP_ADHERENS_JUNCTION_ORGANIZATION,GO_BP,-1.5978556549999376,1.1273099664285908,-0.6330092859805931
GOBP_ADIPOSE_TISSUE_DEVELOPMENT,GO_BP,-0.9574554016492725,1.5296534298027091,0.8230403103170125
GOBP_ADRENAL_GLAND_DEVELOPMENT,GO_BP,-1.106153502243708,-1.0182067031889566,-1.463396344726737
GOBP_ADRENERGIC_RECEPTOR_SIGNALING_PATHWAY,GO_BP,-1.138796844756448,1.030374686360293,1.2720562146503596
GOBP_ADULT_BEHAVIOR,GO_BP,-1.070438010236671,1.0286413752998538,-1.5746315507278918
GOBP_ADULT_LOCOMOTORY_BEHAVIOR,GO_BP,-0.8318759744007104,1.2371435941120148,-1.64719892184627
GOBP_AGGREPHAGY,GO_BP,-0.9165117983395678,1.3567793606577268,1.3060142795951757
GOBP_ALCOHOL_BIOSYNTHETIC_PROCESS,GO_BP,-1.3515848012835283,-1.8610282348823444,1.610363136951901
GOBP_ALCOHOL_CATABOLIC_PROCESS,GO_BP,1.2714417047681,-1.2360416894668294,1.0648245738074156
GOBP_ALCOHOL_METABOLIC_PROCESS,GO_BP,-1.3792958625407443,-1.5899338762180109,1.6219856214518469
GOBP_ALDEHYDE_METABOLIC_PROCESS,GO_BP,-1.1334499810652077,-0.8686916843488465,-1.2649303420409157
GOBP_ALPHA_AMINO_ACID_BIOSYNTHETIC_PROCESS,GO_BP,-1.3458376985012817,-0.8904089441866183,-1.0958684360759443
GOBP_ALPHA_AMINO_ACID_METABOLIC_PROCESS,GO_BP,-1.2097672451147592,-1.4421565173665385,-0.9106893239303904
GOBP_ALPHA_BETA_T_CELL_ACTIVATION,GO_BP,1.0476221721678511,1.6023266571037076,1.5749384749560158
GOBP_ALPHA_BETA_T_CELL_DIFFERENTIATION,GO_BP,1.0550663252973371,1.7267119382829377,1.659176526198533
GOBP_ALPHA_BETA_T_CELL_PROLIFERATION,GO_BP,-1.2673046146203784,1.1053748003533015,1.722692659241338
GOBP_ALTERNATIVE_MRNA_SPLICING_VIA_SPLICEOSOME,GO_BP,1.5897216732924953,1.888445944013717,0.7874884050291111
GOBP_AMEBOIDAL_TYPE_CELL_MIGRATION,GO_BP,-1.6277947264030437,1.3248952611502718,-0.8218364760985033
GOBP_AMIDE_BIOSYNTHETIC_PROCESS,GO_BP,1.0976465848432595,-1.2818195743978058,0.9962219202160724
GOBP_AMIDE_METABOLIC_PROCESS,GO_BP,1.011903705891672,-1.1987150014765768,1.2549055635355308
GOBP_AMIDE_TRANSPORT,GO_BP,1.0805949027195438,1.1713789574859004,0.8320356971801252
GOBP_AMINE_BIOSYNTHETIC_PROCESS,GO_BP,1.3366558748915047,-0.8226986777884933,-0.9223465716746824
GOBP_AMINE_METABOLIC_PROCESS,GO_BP,1.1009343411465595,1.007534984845306,1.00654208851011
GOBP_AMINE_TRANSPORT,GO_BP,-0.946311328351196,1.5628509940272175,0.860552097603448
GOBP_AMINOGLYCAN_BIOSYNTHETIC_PROCESS,GO_BP,1.0380326355916316,-1.0055751418601209,1.1921745917738626
GOBP_AMINOGLYCAN_CATABOLIC_PROCESS,GO_BP,0.8309841514203176,1.265841498121587,1.424387506247865
GOBP_AMINOGLYCAN_METABOLIC_PROCESS,GO_BP,-1.0780006094927927,1.078849107297827,1.3925989999058304
GOBP_AMINO_ACID_ACTIVATION,GO_BP,1.4357334206622123,1.2987008058584015,1.099620586473607
GOBP_AMINO_ACID_BIOSYNTHETIC_PROCESS,GO_BP,-1.5298584957767765,1.0528331798093602,-0.9213849099874656
GOBP_AMINO_ACID_CATABOLIC_PROCESS,GO_BP,1.135883057854501,-1.5562466378006283,-1.2817483451129128
GOBP_AMINO_ACID_IMPORT_ACROSS_PLASMA_MEMBRANE,GO_BP,-1.5471266179044896,1.7687279619329437,1.1268210008638635
GOBP_AMINO_ACID_METABOLIC_PROCESS,GO_BP,-1.0929000411773089,-1.1248049099120094,0.7424276678338056
GOBP_AMINO_ACID_TRANSMEMBRANE_TRANSPORT,GO_BP,-1.4111060211407789,1.4720959278359635,1.13960267898574
GOBP_AMINO_ACID_TRANSPORT,GO_BP,-1.503852379767299,1.5633299634676356,1.2336672207865311
GOBP_AMINO_SUGAR_METABOLIC_PROCESS,GO_BP,0.7581179416831877,1.1785134812843523,1.0259550708936995
GOBP_AMP_METABOLIC_PROCESS,GO_BP,2.0084802230499115,0.6741081858300748,1.0756988465274997
GOBP_AMYLOID_BETA_CLEARANCE,GO_BP,-1.674304481559758,-1.0211931216513126,1.7485993607802963
GOBP_AMYLOID_BETA_FORMATION,GO_BP,-1.7282505654849476,1.1296448623605824,0.800038340303794
GOBP_AMYLOID_BETA_METABOLIC_PROCESS,GO_BP,-1.5203362174001298,0.9586456403334742,1.0073737960277886
GOBP_AMYLOID_FIBRIL_FORMATION,GO_BP,-1.3299778344586872,0.6318984056232883,0.7077134271120022
GOBP_AMYLOID_PRECURSOR_PROTEIN_CATABOLIC_PROCESS,GO_BP,-1.564340436715921,-0.9840932072121198,-0.7213777708732025
GOBP_AMYLOID_PRECURSOR_PROTEIN_METABOLIC_PROCESS,GO_BP,-1.6919743706266552,-0.9057482621211334,-0.8076944138608079
GOBP_ANAPHASE_PROMOTING_COMPLEX_DEPENDENT_CATABOLIC_PROCESS,GO_BP,1.813416201180159,0.5908292181869961,-0.7379772720066595
GOBP_ANATOMICAL_STRUCTURE_MATURATION,GO_BP,1.185024473744044,1.4739557598315534,1.3398874398222715
GOBP_ANDROGEN_METABOLIC_PROCESS,GO_BP,0.6890752678580546,1.203901596187264,1.3847686437933844
GOBP_ANDROGEN_RECEPTOR_SIGNALING_PATHWAY,GO_BP,-0.9501281612248916,1.2535968232040875,-0.7857424181561379
GOBP_ANGIOGENESIS_INVOLVED_IN_WOUND_HEALING,GO_BP,-1.4518349632340275,1.1968336079212047,1.882320935126799
GOBP_ANGIOTENSIN_ACTIVATED_SIGNALING_PATHWAY,GO_BP,-1.4034708058415013,-1.1537979914381729,1.0353954154584786
GOBP_ANIMAL_ORGAN_FORMATION,GO_BP,-1.8457111208304016,1.1967076722458785,0.9478164441869842
GOBP_ANIMAL_ORGAN_MATURATION,GO_BP,-1.0022603127651946,1.4049344102458876,-0.8617396739937893
GOBP_ANIMAL_ORGAN_REGENERATION,GO_BP,1.4863012091691352,1.0168134667145825,-1.0549392029404627
GOBP_ANOIKIS,GO_BP,1.1508562793250432,1.4032677128777418,1.0326334777227948
GOBP_ANTERIOR_POSTERIOR_AXIS_SPECIFICATION,GO_BP,-1.343583241208642,-1.2159511844445747,-1.0790565933235154
GOBP_ANTERIOR_POSTERIOR_PATTERN_SPECIFICATION,GO_BP,-1.4057384232401136,1.1810704357612318,-1.0073605002703527
GOBP_ANTEROGRADE_AXONAL_TRANSPORT,GO_BP,0.7242942583671489,1.0961954590507093,1.1600243432953028
GOBP_ANTIGEN_PROCESSING_AND_PRESENTATION,GO_BP,-1.292502527607633,0.9399006432393536,2.027242284477915
GOBP_ANTIGEN_PROCESSING_AND_PRESENTATION_OF_ENDOGENOUS_ANTIGEN,GO_BP,-1.3442326144320855,0.8660095411152015,1.7449599880140776
GOBP_ANTIGEN_PROCESSING_AND_PRESENTATION_OF_ENDOGENOUS_PEPTIDE_ANTIGEN,GO_BP,-1.327503063952726,0.7375438739068706,1.744002112750525
GOBP_ANTIGEN_PROCESSING_AND_PRESENTATION_OF_EXOGENOUS_ANTIGEN,GO_BP,-1.0496105532498834,0.5584872099565092,1.8425114348305147
GOBP_ANTIGEN_PROCESSING_AND_PRESENTATION_OF_EXOGENOUS_PEPTIDE_ANTIGEN,GO_BP,-0.9602526528180786,0.4654372155713971,1.846553747182256
GOBP_ANTIGEN_PROCESSING_AND_PRESENTATION_OF_PEPTIDE_ANTIGEN,GO_BP,-1.022534253985477,0.6327530577127898,1.7732293199622515
GOBP_ANTIGEN_PROCESSING_AND_PRESENTATION_OF_PEPTIDE_ANTIGEN_VIA_MHC_CLASS_I,GO_BP,-1.1787765939454902,0.994647893253326,1.778189551200357
GOBP_ANTIGEN_PROCESSING_AND_PRESENTATION_OF_PEPTIDE_OR_POLYSACCHARIDE_ANTIGEN_VIA_MHC_CLASS_II,GO_BP,0.744392901905935,-0.6934683980480342,1.066538140817904
GOBP_ANTIGEN_RECEPTOR_MEDIATED_SIGNALING_PATHWAY,GO_BP,1.00154866354822,1.0478645373672808,1.7435822179218443
GOBP_ANTIMICROBIAL_HUMORAL_IMMUNE_RESPONSE_MEDIATED_BY_ANTIMICROBIAL_PEPTIDE,GO_BP,1.1372240076160534,1.1220208264743758,2.396107058847178
GOBP_ANTIMICROBIAL_HUMORAL_RESPONSE,GO_BP,0.977403286647522,1.0029803099346402,2.3732288312362986
GOBP_ANTIVIRAL_INNATE_IMMUNE_RESPONSE,GO_BP,-0.7204497212972247,1.1165785655715466,1.123564785544766
GOBP_AORTA_DEVELOPMENT,GO_BP,-1.407740524949862,1.6192553325598245,-1.2130967557380703
GOBP_AORTA_MORPHOGENESIS,GO_BP,-1.0968680032295692,1.5060456312900774,-1.193226847948312
GOBP_AORTIC_VALVE_MORPHOGENESIS,GO_BP,-1.4218698875601854,1.164896808771576,0.7055315460129964
GOBP_APICAL_JUNCTION_ASSEMBLY,GO_BP,0.9945697091140944,0.8214659644257878,-0.8468813702701125
GOBP_APOPTOTIC_CELL_CLEARANCE,GO_BP,-1.672602608229967,1.148960445667907,2.089999647546194
GOBP_APOPTOTIC_MITOCHONDRIAL_CHANGES,GO_BP,0.9571222077394432,1.1796501976485474,1.328633892590369
GOBP_APOPTOTIC_PROCESS_INVOLVED_IN_DEVELOPMENT,GO_BP,-1.3961649084196204,0.9478535944531687,1.1782718148953348
GOBP_APOPTOTIC_PROCESS_INVOLVED_IN_MORPHOGENESIS,GO_BP,-1.3912056108913664,0.9953093591767466,0.9647962786057817
GOBP_APPENDAGE_DEVELOPMENT,GO_BP,-1.3488869868023263,1.345593809478068,-1.167979662368946
GOBP_APPENDAGE_MORPHOGENESIS,GO_BP,-1.3929318483243185,1.3635252822145412,-1.1073977562928683
GOBP_ARACHIDONATE_METABOLIC_PROCESS,GO_BP,-1.1006835408805633,1.006287539257346,1.481980427487775
GOBP_ARF_PROTEIN_SIGNAL_TRANSDUCTION,GO_BP,0.8258698036790822,0.975936877238753,-0.9664702016161412
GOBP_AROMATIC_AMINO_ACID_METABOLIC_PROCESS,GO_BP,1.3302374685164016,-1.3821623875471367,-0.5417924962384956
GOBP_ARP2_3_COMPLEX_MEDIATED_ACTIN_NUCLEATION,GO_BP,-0.6692268573482454,-0.7351187114942165,0.9822226641952476
GOBP_ARTERY_DEVELOPMENT,GO_BP,-1.6015356782326071,1.4320143131228096,-1.1625284518768702
GOBP_ARTERY_MORPHOGENESIS,GO_BP,-1.25201725499145,1.4057977335294027,-1.1730505961041722
GOBP_ASPARTATE_FAMILY_AMINO_ACID_BIOSYNTHETIC_PROCESS,GO_BP,1.0053218111293771,0.7268274203282472,-1.0116805723908369
GOBP_ASSOCIATIVE_LEARNING,GO_BP,-1.3600577032454126,0.890605702054882,-0.8574465641590131
GOBP_ASTROCYTE_DEVELOPMENT,GO_BP,-1.419850770851618,-1.16878225702953,-1.192770614475911
GOBP_ASTROCYTE_DIFFERENTIATION,GO_BP,-1.084930846247651,1.6009043227411202,-1.2690277383209991
GOBP_ATP_BIOSYNTHETIC_PROCESS,GO_BP,1.7735274484342982,-0.8936444092660879,-1.251769937865206
GOBP_ATP_METABOLIC_PROCESS,GO_BP,1.7466702705636676,-1.1463908008562786,-0.9241931967119552
GOBP_ATP_SYNTHESIS_COUPLED_ELECTRON_TRANSPORT,GO_BP,2.0336880255317813,0.4109809653693471,-1.7156607434372948
GOBP_ATP_TRANSPORT,GO_BP,-1.0406051834610264,0.9527469230144197,1.4665382309143975
GOBP_ATRIAL_SEPTUM_DEVELOPMENT,GO_BP,-1.1923403786083355,1.1812644114318305,0.7512329628010501
GOBP_ATRIOVENTRICULAR_VALVE_DEVELOPMENT,GO_BP,-1.232463498470426,1.5749173653783488,-0.819229957947461
GOBP_ATTACHMENT_OF_MITOTIC_SPINDLE_MICROTUBULES_TO_KINETOCHORE,GO_BP,2.348046008391554,-0.555303185918813,-1.327525337186808
GOBP_ATTACHMENT_OF_SPINDLE_MICROTUBULES_TO_KINETOCHORE,GO_BP,2.672874192301833,0.6756877092329168,-1.3302188603514036
GOBP_AUDITORY_RECEPTOR_CELL_DEVELOPMENT,GO_BP,-0.9140175342452832,-1.096792763116004,-0.8618261549896378
GOBP_AUTONOMIC_NERVOUS_SYSTEM_DEVELOPMENT,GO_BP,-0.9667523743276428,1.3807529078380103,-1.0569943383414324
GOBP_AUTOPHAGOSOME_LYSOSOME_FUSION,GO_BP,1.0701548472930325,1.003303457155467,0.6983321859308951
GOBP_AUTOPHAGOSOME_MATURATION,GO_BP,-0.8958383659605273,1.3946226732190463,-0.5550208561950557
GOBP_AUTOPHAGOSOME_ORGANIZATION,GO_BP,-1.6180271521466707,1.349249217728347,-0.5711451615484227
GOBP_AUTOPHAGY_OF_MITOCHONDRION,GO_BP,-1.2810795933993353,1.075790190348915,0.9519866442022952
GOBP_AUTOPHAGY_OF_PEROXISOME,GO_BP,-0.8006970300020398,0.746977189793953,1.6298818566442392
GOBP_AXIS_ELONGATION,GO_BP,-1.1354157393179536,1.556356072271658,0.9619283438125844
GOBP_AXIS_SPECIFICATION,GO_BP,-1.403030625912314,-1.1778791895870089,-0.962438975155118
GOBP_AXONAL_FASCICULATION,GO_BP,-1.0964323521016126,1.8188629157423004,-1.0220193862423843
GOBP_AXONAL_TRANSPORT,GO_BP,-0.8962091271591338,1.3237065157059624,0.8196128781021604
GOBP_AXONAL_TRANSPORT_OF_MITOCHONDRION,GO_BP,-0.8920810639212406,0.9144693161639263,0.6507945795216161
GOBP_AXONEMAL_DYNEIN_COMPLEX_ASSEMBLY,GO_BP,-1.0927894046645792,-0.8874209110557864,-1.618028068488551
GOBP_AXONEME_ASSEMBLY,GO_BP,-1.193197038388486,-1.542076162746804,-1.8157587744985235
GOBP_AXON_DEVELOPMENT,GO_BP,-1.816121981144342,1.1671906860268604,0.8003708553064263
GOBP_AXON_EXTENSION,GO_BP,-1.779123918365806,1.021933629609395,-1.2828176434349043
GOBP_AXO_DENDRITIC_TRANSPORT,GO_BP,-0.9494923120734832,1.187280063171626,0.7673587979731431
GOBP_BARBED_END_ACTIN_FILAMENT_CAPPING,GO_BP,1.147407008048025,-0.7000562580321404,-0.7452065597609226
GOBP_BASEMENT_MEMBRANE_ORGANIZATION,GO_BP,-1.4640771948080225,0.9332968823853132,1.1068810922239654
GOBP_BASE_EXCISION_REPAIR,GO_BP,2.223024280133109,-1.003927844241841,-1.114673605926239
GOBP_BENZENE_CONTAINING_COMPOUND_METABOLIC_PROCESS,GO_BP,0.998437089879325,-1.7074667827699688,-1.074256729980683
GOBP_BICARBONATE_TRANSPORT,GO_BP,0.9556948419447492,0.5993439302581649,1.7559729010997676
GOBP_BICELLULAR_TIGHT_JUNCTION_ASSEMBLY,GO_BP,1.058809064799239,0.9322997464462494,-1.087766495675651
GOBP_BILE_ACID_BIOSYNTHETIC_PROCESS,GO_BP,-1.1339957086157135,1.2302914458896723,0.9695633525512566
GOBP_BILE_ACID_METABOLIC_PROCESS,GO_BP,-1.0398570276369643,1.3244212896411736,1.1789544111509065
GOBP_BINDING_OF_SPERM_TO_ZONA_PELLUCIDA,GO_BP,1.5164155259802794,0.7855386431705949,-0.792320303670336
GOBP_BIOLOGICAL_PROCESS_INVOLVED_IN_INTERACTION_WITH_HOST,GO_BP,1.1373756500815482,-1.290921959403976,1.745162458008804
GOBP_BIOLOGICAL_PROCESS_INVOLVED_IN_INTRASPECIES_INTERACTION_BETWEEN_ORGANISMS,GO_BP,-1.2931014333415978,-1.1060044675501413,0.789686000095442
GOBP_BIOLOGICAL_PROCESS_INVOLVED_IN_SYMBIOTIC_INTERACTION,GO_BP,1.221113483505877,-1.2446580114679384,2.1281736709472
GOBP_BIOMINERAL_TISSUE_DEVELOPMENT,GO_BP,-1.7159499137949623,1.9810360127070197,-0.8722954818066009
GOBP_BLASTOCYST_DEVELOPMENT,GO_BP,1.3643597557477845,1.2171010363151429,0.7296202851287448
GOBP_BLASTOCYST_FORMATION,GO_BP,0.9089443108310298,1.3716927590866137,1.02329115562911
GOBP_BLASTOCYST_GROWTH,GO_BP,1.4719156494177188,1.0803082448956345,-0.7582268035675253
GOBP_BLASTODERM_SEGMENTATION,GO_BP,-1.0077720622636543,-1.4097647540510745,-0.5607162046661132
GOBP_BLOOD_VESSEL_ENDOTHELIAL_CELL_MIGRATION,GO_BP,-1.3422446706704203,1.6078329017989843,1.4677140954951793
GOBP_BLOOD_VESSEL_ENDOTHELIAL_CELL_PROLIFERATION_INVOLVED_IN_SPROUTING_ANGIOGENESIS,GO_BP,1.0290546644460106,1.5048150857331757,0.8027530283455643
GOBP_BLOOD_VESSEL_REMODELING,GO_BP,-0.95291839854868,1.1895242342367125,-0.9052624465977688
GOBP_BODY_FLUID_SECRETION,GO_BP,-1.3191288963681578,1.6280611504539468,-0.979778062216398
GOBP_BODY_MORPHOGENESIS,GO_BP,-1.2903516614086457,1.415947739632301,-0.9213770647031814
GOBP_BONE_DEVELOPMENT,GO_BP,-1.619862312006761,1.7129487339345246,-0.83272510803465
GOBP_BONE_GROWTH,GO_BP,-1.1074840388614406,1.79715936556613,-1.0004764803275734
GOBP_BONE_MATURATION,GO_BP,-1.0674267190241986,1.4165404296704815,1.120204528984736
GOBP_BONE_MINERALIZATION,GO_BP,-1.8866508860191824,2.078909048933539,-1.0152446319723256
GOBP_BONE_MORPHOGENESIS,GO_BP,-1.677756284684376,1.5016269567963496,-1.1860645257092317
GOBP_BONE_REMODELING,GO_BP,-1.168252512539243,-1.250485938559064,1.196834624434149
GOBP_BONE_RESORPTION,GO_BP,-1.0188250751939565,-1.6530436230090118,1.3657737766109317
GOBP_BRAIN_MORPHOGENESIS,GO_BP,-1.2629121348351997,-0.9044476177592332,1.4604201849009426
GOBP_BRANCHED_CHAIN_AMINO_ACID_METABOLIC_PROCESS,GO_BP,-0.7059895729584613,-1.4630923691581248,-1.4887041707597064
GOBP_BRANCHING_INVOLVED_IN_BLOOD_VESSEL_MORPHOGENESIS,GO_BP,1.1340351904976034,1.6647294391247718,-1.08448109442126
GOBP_BRANCHING_INVOLVED_IN_MAMMARY_GLAND_DUCT_MORPHOGENESIS,GO_BP,1.1532556916578005,1.078539415702448,1.4189415053042778
GOBP_BRANCHING_INVOLVED_IN_SALIVARY_GLAND_MORPHOGENESIS,GO_BP,-1.6096257987510525,1.6464462620456128,0.929574354532066
GOBP_BRANCHING_MORPHOGENESIS_OF_AN_EPITHELIAL_TUBE,GO_BP,1.2159496352627976,1.8240429232281492,1.0873025112822867
GOBP_BRANCH_ELONGATION_OF_AN_EPITHELIUM,GO_BP,-0.9336240885196468,1.72903893095462,0.9637720246750232
GOBP_BROWN_FAT_CELL_DIFFERENTIATION,GO_BP,0.8407800736455527,-1.0517082895996033,0.7256976148228867
GOBP_B_CELL_ACTIVATION,GO_BP,1.0016668949355858,1.3110593550648806,1.8104432965607125
GOBP_B_CELL_ACTIVATION_INVOLVED_IN_IMMUNE_RESPONSE,GO_BP,1.0452468640679202,0.992811899807616,1.0251852369238244
GOBP_B_CELL_APOPTOTIC_PROCESS,GO_BP,1.3896161043670257,1.652062745066276,1.4370168327749169
GOBP_B_CELL_DIFFERENTIATION,GO_BP,-1.0790242371722567,1.4935697317269738,1.3875274662224784
GOBP_B_CELL_HOMEOSTASIS,GO_BP,-1.160110318339707,1.2525450063410908,1.7165816522475308
GOBP_B_CELL_MEDIATED_IMMUNITY,GO_BP,0.9057094604490428,-0.9598732174162584,1.7277822159812464
GOBP_B_CELL_PROLIFERATION,GO_BP,-0.8148174031545418,1.3202545961991548,1.9193642985938484
GOBP_B_CELL_RECEPTOR_SIGNALING_PATHWAY,GO_BP,0.7683582206693724,1.211581914340947,1.9562343457689852
GOBP_C21_STEROID_HORMONE_BIOSYNTHETIC_PROCESS,GO_BP,-1.0317896985428356,1.3526866579260548,1.2378587053792496
GOBP_C21_STEROID_HORMONE_METABOLIC_PROCESS,GO_BP,-1.0643397541201614,1.7787885499537135,1.3253237828751792
GOBP_C4_DICARBOXYLATE_TRANSPORT,GO_BP,1.2801758004614543,1.0513042086365072,1.1715598591872567
GOBP_CALCINEURIN_MEDIATED_SIGNALING,GO_BP,-1.1369026312904142,1.456969679458218,-0.90743367120053
GOBP_CALCIUM_DEPENDENT_CELL_CELL_ADHESION,GO_BP,-1.7661365291772506,-1.0663329451753418,-0.6008172503352893
GOBP_CALCIUM_IMPORT_INTO_THE_MITOCHONDRION,GO_BP,-0.791657454585094,-0.6344048430485779,1.2202422515742346
GOBP_CALCIUM_ION_HOMEOSTASIS,GO_BP,-1.514471945979862,1.2990344607039392,1.3520627573736832
GOBP_CALCIUM_ION_IMPORT,GO_BP,-1.1727679806173146,1.5612979608264428,1.2408162598290744
GOBP_CALCIUM_ION_IMPORT_ACROSS_PLASMA_MEMBRANE,GO_BP,-1.098369001427019,0.9006942379772849,0.7402896595100604
GOBP_CALCIUM_ION_REGULATED_EXOCYTOSIS,GO_BP,-0.8586960412631103,-0.9513455445455364,-0.7725002643012556
GOBP_CALCIUM_ION_TRANSMEMBRANE_IMPORT_INTO_CYTOSOL,GO_BP,-1.1134305419397927,-1.2957336285661474,1.0137637489876026
GOBP_CALCIUM_ION_TRANSMEMBRANE_TRANSPORT,GO_BP,-1.1833576587105183,-1.1581757338413183,1.2027509479191647
GOBP_CALCIUM_ION_TRANSPORT,GO_BP,-1.292317822285084,-1.072288558349235,1.3021138739598574
GOBP_CALCIUM_ION_TRANSPORT_INTO_CYTOSOL,GO_BP,-1.690797036937325,-1.2497167497773618,-0.6069945494204858
GOBP_CALCIUM_MEDIATED_SIGNALING,GO_BP,-1.601274299309858,1.1333946868178697,1.2814676178288118
GOBP_CAMERA_TYPE_EYE_MORPHOGENESIS,GO_BP,-1.2368217834175543,1.4488642547118564,-1.122227135509645
GOBP_CAMP_METABOLIC_PROCESS,GO_BP,0.947398102219096,1.0880563781798045,-1.0949792880964446
GOBP_CAMP_PKA_SIGNAL_TRANSDUCTION,GO_BP,-1.3281715267052678,1.094870874897581,-0.8328366313202482
GOBP_CANONICAL_NF_KAPPAB_SIGNAL_TRANSDUCTION,GO_BP,-1.04670139323371,1.4744454114982397,2.033669610974272
GOBP_CANONICAL_WNT_SIGNALING_PATHWAY,GO_BP,-1.7039549647681371,1.5609597941553697,0.7642082517024094
GOBP_CARBOHYDRATE_BIOSYNTHETIC_PROCESS,GO_BP,1.2637065979814823,1.3178747811414877,1.3241327522573922
GOBP_CARBOHYDRATE_CATABOLIC_PROCESS,GO_BP,1.6403116873715962,0.8830597137104961,0.6569079697178345
GOBP_CARBOHYDRATE_DERIVATIVE_CATABOLIC_PROCESS,GO_BP,1.611333575206351,-0.9220409111080128,0.9272845905782384
GOBP_CARBOHYDRATE_DERIVATIVE_TRANSPORT,GO_BP,-0.9064900274259284,1.0238912950070211,1.2298728090186195
GOBP_CARBOHYDRATE_HOMEOSTASIS,GO_BP,-1.496097286208431,1.2563601982983903,1.393869039462181
GOBP_CARBOHYDRATE_METABOLIC_PROCESS,GO_BP,1.1775673574076455,1.273975736079133,1.055128938540077
GOBP_CARBOHYDRATE_PHOSPHORYLATION,GO_BP,1.3032684340009648,0.8388260834490271,1.5906890265704088
GOBP_CARBOHYDRATE_TRANSPORT,GO_BP,-1.7542470208770802,1.2899490758920795,1.0083940075787623
GOBP_CARBOXYLIC_ACID_TRANSMEMBRANE_TRANSPORT,GO_BP,-1.467574681121525,1.5765451590130095,0.9727503874543976
GOBP_CARDIAC_ATRIUM_DEVELOPMENT,GO_BP,-1.0037803738784967,1.1102762427693171,-0.7553300187956077
GOBP_CARDIAC_ATRIUM_MORPHOGENESIS,GO_BP,1.1371670292203282,1.3129520869710354,-1.0366666687269943
GOBP_CARDIAC_CELL_DEVELOPMENT,GO_BP,-1.2812922310022388,1.587246548724433,-1.073114144881061
GOBP_CARDIAC_CHAMBER_DEVELOPMENT,GO_BP,-1.4891180525661245,1.995703485037798,-0.9673066774689268
GOBP_CARDIAC_CHAMBER_MORPHOGENESIS,GO_BP,-1.496248405585882,2.268337130731993,0.9186073258608493
GOBP_CARDIAC_CONDUCTION,GO_BP,-1.702674932209227,1.4772997892371882,0.7946702588390973
GOBP_CARDIAC_CONDUCTION_SYSTEM_DEVELOPMENT,GO_BP,0.8344072617103747,1.650031098835869,-0.8114561175321534
GOBP_CARDIAC_EPITHELIAL_TO_MESENCHYMAL_TRANSITION,GO_BP,1.745157513095574,-1.1993007264183944,-1.0505359568530408
GOBP_CARDIAC_MUSCLE_CELL_ACTION_POTENTIAL,GO_BP,-1.792849924681604,1.359789338032999,0.7757277503671764
GOBP_CARDIAC_MUSCLE_CELL_ACTION_POTENTIAL_INVOLVED_IN_CONTRACTION,GO_BP,-1.8895552138866036,1.3873131922702948,0.9994078964420388
GOBP_CARDIAC_MUSCLE_CELL_CONTRACTION,GO_BP,-1.7254321088088609,1.531318134309081,0.9971554673074828
GOBP_CARDIAC_MUSCLE_CELL_DIFFERENTIATION,GO_BP,-1.572895741924331,1.9214146138340569,-1.1172524945912827
GOBP_CARDIAC_MUSCLE_CELL_MEMBRANE_REPOLARIZATION,GO_BP,-1.7815128932397644,1.099077738767173,0.8045896469545274
GOBP_CARDIAC_MUSCLE_CELL_PROLIFERATION,GO_BP,-1.035901370804306,1.346881339364442,1.0471145206928434
GOBP_CARDIAC_MUSCLE_CONTRACTION,GO_BP,-1.7286052128804656,1.624340687321778,0.93855882977417
GOBP_CARDIAC_MUSCLE_TISSUE_DEVELOPMENT,GO_BP,-1.5281680800057522,1.9595580490060869,-0.8894058188839727
GOBP_CARDIAC_MUSCLE_TISSUE_MORPHOGENESIS,GO_BP,-1.2334110483301743,1.2611376869685582,-0.7542018129058881
GOBP_CARDIAC_SEPTUM_DEVELOPMENT,GO_BP,-1.3803259994022357,1.6553661587038766,-0.8696515907400784
GOBP_CARDIAC_SEPTUM_MORPHOGENESIS,GO_BP,-1.3176971400045154,2.08683888343567,0.8963044165880875
GOBP_CARDIAC_VENTRICLE_DEVELOPMENT,GO_BP,-1.2710832342729357,1.809724177119545,0.8059939909719865
GOBP_CARDIAC_VENTRICLE_MORPHOGENESIS,GO_BP,-1.1260568716157446,1.742662961002678,0.7027885005145674
GOBP_CARDIOCYTE_DIFFERENTIATION,GO_BP,-1.5141774327987765,1.9379650740960697,1.1142360230629396
GOBP_CARTILAGE_DEVELOPMENT,GO_BP,-1.6584790077583216,1.970189188940755,-1.014762106062747
GOBP_CARTILAGE_DEVELOPMENT_INVOLVED_IN_ENDOCHONDRAL_BONE_MORPHOGENESIS,GO_BP,-1.383583521535361,1.7323430537418538,-1.4708110034928088
GOBP_CATECHOLAMINE_SECRETION,GO_BP,-0.7193697587260593,0.6547028249841798,-1.0533906317850108
GOBP_CATECHOLAMINE_TRANSPORT,GO_BP,-0.7070000059393077,0.801100979347878,-0.9451494277172636
GOBP_CATECHOL_CONTAINING_COMPOUND_METABOLIC_PROCESS,GO_BP,0.9903082815106424,0.6940950732714127,-0.9662415476908248
GOBP_CD4_POSITIVE_ALPHA_BETA_T_CELL_ACTIVATION,GO_BP,-1.041188966591968,1.6465409658635146,1.5819667112400333
GOBP_CD4_POSITIVE_OR_CD8_POSITIVE_ALPHA_BETA_T_CELL_LINEAGE_COMMITMENT,GO_BP,-1.0662038816177766,1.3664786552667971,1.023522990977471
GOBP_CD8_POSITIVE_ALPHA_BETA_T_CELL_ACTIVATION,GO_BP,-1.2969188043558548,1.3687137701896877,1.6360746091578395
GOBP_CD8_POSITIVE_ALPHA_BETA_T_CELL_DIFFERENTIATION,GO_BP,-1.0219673127985498,1.5980769188579051,1.6888549954610643
GOBP_CELLULAR_COMPONENT_ASSEMBLY_INVOLVED_IN_MORPHOGENESIS,GO_BP,-1.5601108596854425,-1.1501341486079977,1.068112819549021
GOBP_CELLULAR_COMPONENT_DISASSEMBLY,GO_BP,1.318982039454732,1.1418494806399175,1.1871625165918218
GOBP_CELLULAR_COMPONENT_DISASSEMBLY_INVOLVED_IN_EXECUTION_PHASE_OF_APOPTOSIS,GO_BP,1.256389604742448,-1.010377710741038,-0.6259608111623274
GOBP_CELLULAR_COMPONENT_MAINTENANCE,GO_BP,-1.157349197792775,-1.0847401428895338,-0.9651123156193632
GOBP_CELLULAR_DEFENSE_RESPONSE,GO_BP,1.0941979432264293,1.0614482937209375,-1.0832801383596569
GOBP_CELLULAR_EXTRAVASATION,GO_BP,-1.2809152039111242,1.7851387634481268,2.0643761744128457
GOBP_CELLULAR_HYPEROSMOTIC_RESPONSE,GO_BP,-0.9985712820703146,1.534343443891781,1.3880321730497065
GOBP_CELLULAR_OXIDANT_DETOXIFICATION,GO_BP,-1.107139024791105,-1.07742780685618,0.6113248297890659
GOBP_CELLULAR_PIGMENTATION,GO_BP,-0.7930923167917416,-0.8496898959305302,0.6342123836775949
GOBP_CELLULAR_PROCESS_INVOLVED_IN_REPRODUCTION_IN_MULTICELLULAR_ORGANISM,GO_BP,1.175774851688209,0.9381325219178144,0.7908775759373614
GOBP_CELLULAR_RESPIRATION,GO_BP,1.8036092211079724,0.8005037054204848,-0.9096215217465848
GOBP_CELLULAR_RESPONSE_TO_ABIOTIC_STIMULUS,GO_BP,1.1978148373391375,1.3543842640601855,1.4171523322122517
GOBP_CELLULAR_RESPONSE_TO_ACID_CHEMICAL,GO_BP,-1.4257162657370397,1.362788080298622,0.880572446930858
GOBP_CELLULAR_RESPONSE_TO_ALCOHOL,GO_BP,-1.2603491356985888,0.9473433085749456,1.3176943447940537
GOBP_CELLULAR_RESPONSE_TO_ALDEHYDE,GO_BP,-1.3142883739946565,0.963414635327532,0.5797957789555264
GOBP_CELLULAR_RESPONSE_TO_ALKALOID,GO_BP,1.4064554500032855,1.5518739992801025,-1.2116630886077164
GOBP_CELLULAR_RESPONSE_TO_AMYLOID_BETA,GO_BP,-1.4358874281910925,1.488574691591708,1.7918619322008558
GOBP_CELLULAR_RESPONSE_TO_ANGIOTENSIN,GO_BP,-1.139861663685563,-1.2157180486137118,1.4319567130108946
GOBP_CELLULAR_RESPONSE_TO_ARSENIC_CONTAINING_SUBSTANCE,GO_BP,0.8170753948338509,1.1245542678010083,1.1690057985845417
GOBP_CELLULAR_RESPONSE_TO_BIOTIC_STIMULUS,GO_BP,0.9622425402553868,1.4638074239521564,2.537664498017259
GOBP_CELLULAR_RESPONSE_TO_CALCIUM_ION,GO_BP,-1.7540346885164566,-0.8460051639735789,-0.7347678401312221
GOBP_CELLULAR_RESPONSE_TO_CAMP,GO_BP,-1.189906232852976,1.1721552421237171,-1.119356451917106
GOBP_CELLULAR_RESPONSE_TO_CARBOHYDRATE_STIMULUS,GO_BP,-1.4445505617994678,1.3531675456167989,1.3783796239350268
GOBP_CELLULAR_RESPONSE_TO_CHEMICAL_STRESS,GO_BP,-1.298988597301676,1.30483806404158,1.560663370948183
GOBP_CELLULAR_RESPONSE_TO_CORTICOSTEROID_STIMULUS,GO_BP,-1.4399508165207493,1.986347164779717,-1.038537156143392
GOBP_CELLULAR_RESPONSE_TO_DEXAMETHASONE_STIMULUS,GO_BP,-1.1738875285342565,1.4187530884955049,-0.8770974478269364
GOBP_CELLULAR_RESPONSE_TO_DSRNA,GO_BP,-1.4250732351410773,1.583987247337717,1.4758532006288057
GOBP_CELLULAR_RESPONSE_TO_ESTRADIOL_STIMULUS,GO_BP,1.1104275764538007,1.075502413533702,1.431982028800272
GOBP_CELLULAR_RESPONSE_TO_ESTROGEN_STIMULUS,GO_BP,-0.7134023348649076,-0.9846410019598704,-0.9008517234485603
GOBP_CELLULAR_RESPONSE_TO_EXTERNAL_STIMULUS,GO_BP,-1.281288363880699,1.5306637940061854,1.705422754154034
GOBP_CELLULAR_RESPONSE_TO_FATTY_ACID,GO_BP,0.889610829891286,1.3021000947121644,1.1189700261564492
GOBP_CELLULAR_RESPONSE_TO_FLUID_SHEAR_STRESS,GO_BP,-1.2624675367777791,1.3919242857956216,-0.8799455068059173
GOBP_CELLULAR_RESPONSE_TO_GAMMA_RADIATION,GO_BP,0.9659327007219092,-0.9982766844709784,1.2383375283019005
GOBP_CELLULAR_RESPONSE_TO_GLUCAGON_STIMULUS,GO_BP,-1.0266835419671514,-0.9184643833923172,-1.0038561677339508
GOBP_CELLULAR_RESPONSE_TO_GLUCOSE_STARVATION,GO_BP,-1.1848245050667212,1.5526767636594474,1.241720204149381
GOBP_CELLULAR_RESPONSE_TO_GROWTH_HORMONE_STIMULUS,GO_BP,-0.8823699335947471,1.2503699240226755,0.8975381231994742
GOBP_CELLULAR_RESPONSE_TO_HEAT,GO_BP,0.8671573207109156,-1.230732481052768,0.6017919593716696
GOBP_CELLULAR_RESPONSE_TO_HYDROGEN_PEROXIDE,GO_BP,1.2267130107864,1.4878042068170827,1.6693450434434978
GOBP_CELLULAR_RESPONSE_TO_INSULIN_STIMULUS,GO_BP,-1.467187199283186,1.0003565251951254,0.8653223609003511
GOBP_CELLULAR_RESPONSE_TO_INTERFERON_BETA,GO_BP,0.783993964004606,-0.9660097492848464,1.5483550192425348
GOBP_CELLULAR_RESPONSE_TO_INTERLEUKIN_1,GO_BP,-1.064773048501372,1.4492170010802277,2.1395479112346307
GOBP_CELLULAR_RESPONSE_TO_IONIZING_RADIATION,GO_BP,1.3647136358468377,0.9461378676476776,1.2670712271392748
GOBP_CELLULAR_RESPONSE_TO_KETONE,GO_BP,-1.4577316212565117,1.3877948199828916,-0.7956498296585715
GOBP_CELLULAR_RESPONSE_TO_LIGHT_STIMULUS,GO_BP,1.4324973382955164,0.858457467301793,-0.885753730956845
GOBP_CELLULAR_RESPONSE_TO_LIPOPROTEIN_PARTICLE_STIMULUS,GO_BP,-1.2907470242964916,-1.6248476859286705,0.740328983260498
GOBP_CELLULAR_RESPONSE_TO_METAL_ION,GO_BP,-1.4954344581934222,1.1277479771240293,-0.8575923123927087
GOBP_CELLULAR_RESPONSE_TO_MOLECULE_OF_BACTERIAL_ORIGIN,GO_BP,0.9777689676027104,1.282226023444892,2.621000289683275
GOBP_CELLULAR_RESPONSE_TO_NUTRIENT,GO_BP,-1.3560974998870698,1.958718557702421,-0.6300660096338626
GOBP_CELLULAR_RESPONSE_TO_NUTRIENT_LEVELS,GO_BP,-1.5608393624651762,1.6414565040901374,1.1061679755372713
GOBP_CELLULAR_RESPONSE_TO_OSMOTIC_STRESS,GO_BP,1.0699454349975914,1.458978439761356,1.7365270069482823
GOBP_CELLULAR_RESPONSE_TO_OXIDATIVE_STRESS,GO_BP,-1.2989196806651733,1.2068955512452306,1.3645046959218583
GOBP_CELLULAR_RESPONSE_TO_OXYGEN_LEVELS,GO_BP,-1.1783892514974228,1.8938599082831056,1.2916060554285749
GOBP_CELLULAR_RESPONSE_TO_PEPTIDE_HORMONE_STIMULUS,GO_BP,-1.6359116545994106,1.2042035700161002,0.923265441113817
GOBP_CELLULAR_RESPONSE_TO_PH,GO_BP,-1.1608321971447113,0.8281358820435809,-0.9768463292692374
GOBP_CELLULAR_RESPONSE_TO_PROSTAGLANDIN_E_STIMULUS,GO_BP,1.153192237644225,-1.5105278220105889,0.5043744715545578
GOBP_CELLULAR_RESPONSE_TO_PROSTAGLANDIN_STIMULUS,GO_BP,0.9120242338098372,-1.0310104178614756,0.7213681471651897
GOBP_CELLULAR_RESPONSE_TO_RADIATION,GO_BP,1.55201772894505,0.9812794857945965,0.7406474421698357
GOBP_CELLULAR_RESPONSE_TO_REACTIVE_NITROGEN_SPECIES,GO_BP,1.554238650230628,1.2051949164643287,1.0878327095703149
GOBP_CELLULAR_RESPONSE_TO_REACTIVE_OXYGEN_SPECIES,GO_BP,-1.1188234728089812,1.4152547967323406,1.5631318573726982
GOBP_CELLULAR_RESPONSE_TO_RETINOIC_ACID,GO_BP,-1.5346352134764347,1.6375145484478553,-1.1862647542380376
GOBP_CELLULAR_RESPONSE_TO_STARVATION,GO_BP,-1.4501804260690954,1.37264648103331,0.9715644477806604
GOBP_CELLULAR_RESPONSE_TO_STEROID_HORMONE_STIMULUS,GO_BP,-1.2340492610606772,1.4271341925409682,-0.914733163066748
GOBP_CELLULAR_RESPONSE_TO_STEROL,GO_BP,-1.5658426719671468,-1.0965548647580423,1.1678009488730996
GOBP_CELLULAR_RESPONSE_TO_TOPOLOGICALLY_INCORRECT_PROTEIN,GO_BP,-1.4840428915976005,1.663003894583594,1.1840981279083804
GOBP_CELLULAR_RESPONSE_TO_TOXIC_SUBSTANCE,GO_BP,-1.275414936556216,-1.064925167154573,1.181856379681028
GOBP_CELLULAR_RESPONSE_TO_TYPE_II_INTERFERON,GO_BP,-1.4151871988867648,1.2797992658538593,1.9175748254367664
GOBP_CELLULAR_RESPONSE_TO_UNFOLDED_PROTEIN,GO_BP,-1.587333039911927,1.5965364015093886,1.2271888823457704
GOBP_CELLULAR_RESPONSE_TO_UV,GO_BP,1.5069782839435018,0.9758731289627984,-0.7981324166683486
GOBP_CELLULAR_RESPONSE_TO_VASCULAR_ENDOTHELIAL_GROWTH_FACTOR_STIMULUS,GO_BP,-1.408682884470071,1.3259086639904545,1.5114422839103774
GOBP_CELLULAR_RESPONSE_TO_VIRUS,GO_BP,0.8018968419959595,1.5108885300153092,1.50897221802475
GOBP_CELLULAR_RESPONSE_TO_VITAMIN,GO_BP,-1.2047907110117015,1.647014161369934,-0.9214782423558714
GOBP_CELLULAR_RESPONSE_TO_VITAMIN_D,GO_BP,-1.0050813137351269,1.5498023162854415,-0.5937727665987572
GOBP_CELLULAR_RESPONSE_TO_XENOBIOTIC_STIMULUS,GO_BP,1.1785726898235056,1.0329155879838496,1.078364651790544
GOBP_CELLULAR_SENESCENCE,GO_BP,1.2962924767711643,1.214532978110921,1.2200681048772284
GOBP_CELL_ACTIVATION_INVOLVED_IN_IMMUNE_RESPONSE,GO_BP,1.226103935472515,1.3237206727392683,1.4901754469582904
GOBP_CELL_ADHESION_MEDIATED_BY_INTEGRIN,GO_BP,-1.3036545515010394,1.5279294170627895,1.9492149186844507
GOBP_CELL_CELL_ADHESION_MEDIATED_BY_CADHERIN,GO_BP,-1.701911497901795,0.8573992918342033,0.6877753991292931
GOBP_CELL_CELL_ADHESION_MEDIATED_BY_INTEGRIN,GO_BP,-1.085859068837023,-1.1568538919836395,1.925159789292324
GOBP_CELL_CELL_JUNCTION_ASSEMBLY,GO_BP,-1.2242158028682142,0.9208742491682846,0.7349257549469839
GOBP_CELL_CELL_JUNCTION_ORGANIZATION,GO_BP,-1.4431689503938283,1.028011920089144,1.0315767825874138
GOBP_CELL_CELL_RECOGNITION,GO_BP,1.0616706944373566,-1.4316363067514466,-0.9525637362311788
GOBP_CELL_CELL_SIGNALING_INVOLVED_IN_CARDIAC_CONDUCTION,GO_BP,-1.355941811849321,1.366022601477247,-0.978135088626094
GOBP_CELL_CHEMOTAXIS,GO_BP,-1.6526840357150685,1.4952469219768012,2.45420210696382
GOBP_CELL_COMMUNICATION_BY_ELECTRICAL_COUPLING,GO_BP,-1.325720123000459,1.547630084535326,0.7281745396590351
GOBP_CELL_COMMUNICATION_BY_ELECTRICAL_COUPLING_INVOLVED_IN_CARDIAC_CONDUCTION,GO_BP,-1.2495029319191049,1.753363486749747,0.8800980031157737
GOBP_CELL_COMMUNICATION_INVOLVED_IN_CARDIAC_CONDUCTION,GO_BP,-1.477197360994053,1.385336471941266,-0.8144279060615724
GOBP_CELL_CYCLE_CHECKPOINT_SIGNALING,GO_BP,2.483888533083092,1.013405964776871,-1.1302226826423527
GOBP_CELL_CYCLE_DNA_REPLICATION,GO_BP,2.4688789966290337,1.0394722728943913,-0.8538152072800622
GOBP_CELL_CYCLE_G1_S_PHASE_TRANSITION,GO_BP,1.615949456089987,1.3615012876447006,1.354139689760834
GOBP_CELL_CYCLE_G2_M_PHASE_TRANSITION,GO_BP,2.1903014024654603,1.198398983970838,-1.0603061931990965
GOBP_CELL_DIFFERENTIATION_INVOLVED_IN_KIDNEY_DEVELOPMENT,GO_BP,-1.3641682455623487,1.586419673106059,0.901872314102028
GOBP_CELL_DIFFERENTIATION_IN_SPINAL_CORD,GO_BP,0.9193063337022752,-0.7570475515648514,1.23142763997231
GOBP_CELL_FATE_COMMITMENT,GO_BP,-1.2381002858611083,1.7376424850453605,0.8935835714552465
GOBP_CELL_FATE_COMMITMENT_INVOLVED_IN_FORMATION_OF_PRIMARY_GERM_LAYER,GO_BP,-1.5247778291224754,1.2704296157318369,-0.8066710243672127
GOBP_CELL_FATE_DETERMINATION,GO_BP,1.2151300755513974,1.5507887151261242,-0.7721889255292629
GOBP_CELL_FATE_SPECIFICATION,GO_BP,-0.951058938487083,1.213635743481028,-1.0354916522545627
GOBP_CELL_GROWTH,GO_BP,-1.5674286906916066,1.3284788184304388,0.965942353254304
GOBP_CELL_JUNCTION_ASSEMBLY,GO_BP,-1.564271355206321,1.08183922264594,0.8994611427964333
GOBP_CELL_JUNCTION_DISASSEMBLY,GO_BP,-1.175730339664374,0.7010556854498139,1.2708037841564008
GOBP_CELL_JUNCTION_MAINTENANCE,GO_BP,-0.9342583181314555,0.7145332454560547,-0.8576100804982476
GOBP_CELL_KILLING,GO_BP,-1.1321859388212896,1.076611079336828,2.512747581366176
GOBP_CELL_MATRIX_ADHESION,GO_BP,-1.3917185094925886,1.3114896998257288,1.3509675644377417
GOBP_CELL_MATURATION,GO_BP,1.227624174876653,1.3524723815461597,1.379464328564744
GOBP_CELL_MIGRATION_INVOLVED_IN_HEART_DEVELOPMENT,GO_BP,-1.1212554400302397,1.3454548934506232,-1.1971081082293884
GOBP_CELL_MIGRATION_INVOLVED_IN_SPROUTING_ANGIOGENESIS,GO_BP,-1.1934517199995456,2.002050414882587,1.025845370905304
GOBP_CELL_PROLIFERATION_INVOLVED_IN_HEART_MORPHOGENESIS,GO_BP,1.152492463030773,1.3645977626246528,-1.081770095919428
GOBP_CELL_PROLIFERATION_INVOLVED_IN_KIDNEY_DEVELOPMENT,GO_BP,-1.4401194637661308,1.4144788907681545,-0.8259457444959912
GOBP_CELL_PROLIFERATION_IN_FOREBRAIN,GO_BP,-1.1086166828650126,-1.078475917237805,0.5258513460357677
GOBP_CELL_RECOGNITION,GO_BP,-1.3402470940352162,-1.0310455404981267,1.394094883365213
GOBP_CELL_REDOX_HOMEOSTASIS,GO_BP,-1.0315300628430706,-0.8462480574316019,0.985527338569664
GOBP_CELL_SUBSTRATE_ADHESION,GO_BP,-1.5948784401012066,1.5099313931424,1.4135624826145252
GOBP_CELL_SUBSTRATE_JUNCTION_ORGANIZATION,GO_BP,-1.1465556202038625,1.3267502069461137,0.9051388868402024
GOBP_CELL_SURFACE_PATTERN_RECOGNITION_RECEPTOR_SIGNALING_PATHWAY,GO_BP,-1.157303818414971,1.0469268644023524,1.9069795643510656
GOBP_CELL_SURFACE_RECEPTOR_PROTEIN_SERINE_THREONINE_KINASE_SIGNALING_PATHWAY,GO_BP,-1.5254284678710457,1.6998697588684812,1.141814522387112
GOBP_CELL_SURFACE_RECEPTOR_SIGNALING_PATHWAY_VIA_JAK_STAT,GO_BP,1.0050772608060867,2.0940040409771914,1.8932870742980763
GOBP_CELL_SURFACE_RECEPTOR_SIGNALING_PATHWAY_VIA_STAT,GO_BP,1.1092980863814297,1.942960207204188,1.907829048443163
GOBP_CELL_SURFACE_TOLL_LIKE_RECEPTOR_SIGNALING_PATHWAY,GO_BP,-1.1160425497320006,1.0279004802408154,1.9764030512368027
GOBP_CELL_VOLUME_HOMEOSTASIS,GO_BP,-1.1769751875929544,1.0516774247127478,-0.6901289422280676
GOBP_CENTRAL_NERVOUS_SYSTEM_NEURON_AXONOGENESIS,GO_BP,-1.0525740270831991,1.3025523747840957,1.1402216136589718
GOBP_CENTRAL_NERVOUS_SYSTEM_NEURON_DEVELOPMENT,GO_BP,-1.50849916150038,1.738155435199334,1.3247355266929906
GOBP_CENTRAL_NERVOUS_SYSTEM_NEURON_DIFFERENTIATION,GO_BP,-1.4164522950422005,1.5755467949157345,1.2789630954597242
GOBP_CENTRAL_NERVOUS_SYSTEM_PROJECTION_NEURON_AXONOGENESIS,GO_BP,-0.9977535875723238,1.0062149997823726,0.6519565542025427
GOBP_CENTRIOLE_ASSEMBLY,GO_BP,1.9647492727338507,0.7625539172988615,-1.0239283196764783
GOBP_CENTROSOME_DUPLICATION,GO_BP,1.994673710100161,0.7844158902423415,-1.2363441869351537
GOBP_CERAMIDE_BIOSYNTHETIC_PROCESS,GO_BP,-1.1260293530552918,0.9581924715771176,1.4688234549557908
GOBP_CERAMIDE_CATABOLIC_PROCESS,GO_BP,-1.2173840005599914,-1.179429409037711,1.1837722356898055
GOBP_CERAMIDE_METABOLIC_PROCESS,GO_BP,-1.3571964221729025,-1.084565389011428,1.4069176907263292
GOBP_CEREBELLAR_CORTEX_DEVELOPMENT,GO_BP,0.8449430811580277,0.9457097025303254,-1.0998685440661145
GOBP_CEREBELLAR_CORTEX_FORMATION,GO_BP,-0.9287515437479076,-1.192707567744936,-1.1757582743552903
GOBP_CEREBELLAR_CORTEX_MORPHOGENESIS,GO_BP,0.9725353642956964,-1.1726761708422424,-0.9853010532533628
GOBP_CEREBELLAR_PURKINJE_CELL_LAYER_DEVELOPMENT,GO_BP,-0.9051339680104492,0.882629316089031,-0.9152545336742932
GOBP_CEREBELLAR_PURKINJE_CELL_LAYER_MORPHOGENESIS,GO_BP,0.8469862914601718,-1.04857252886706,-1.1245659899952274
GOBP_CEREBRAL_CORTEX_CELL_MIGRATION,GO_BP,-0.9431825782571968,-0.9332750122806334,1.1316303687941127
GOBP_CEREBRAL_CORTEX_DEVELOPMENT,GO_BP,-1.1342695024552072,0.9896069253913774,1.0784714952039856
GOBP_CEREBRAL_CORTEX_RADIALLY_ORIENTED_CELL_MIGRATION,GO_BP,0.8359707879390035,-1.0587956228904305,-1.402009469239927
GOBP_CGAS_STING_SIGNALING_PATHWAY,GO_BP,1.0449521707122222,-1.2737007898948056,0.885657694621514
GOBP_CHAPERONE_MEDIATED_PROTEIN_COMPLEX_ASSEMBLY,GO_BP,1.397358726349806,-1.4019840894743556,-0.5875060925288694
GOBP_CHEMICAL_SYNAPTIC_TRANSMISSION_POSTSYNAPTIC,GO_BP,-1.1654089249614734,1.2177924050569593,-0.933565400345175
GOBP_CHEMOKINE_PRODUCTION,GO_BP,1.0876168367287808,1.7309014296322738,1.876046844455043
GOBP_CHLORIDE_TRANSPORT,GO_BP,-1.4644953768883533,1.2786346195132228,0.9280297681119142
GOBP_CHOLESTEROL_BIOSYNTHETIC_PROCESS_VIA_DESMOSTEROL,GO_BP,-1.0657374260984398,-2.4202154667839544,1.792420414500112
GOBP_CHOLESTEROL_EFFLUX,GO_BP,-1.3105221519814176,-1.7405957290095138,1.0159944124833007
GOBP_CHOLESTEROL_STORAGE,GO_BP,-0.976287043677423,-1.7427731487768847,0.7781140114115881
GOBP_CHONDROCYTE_DEVELOPMENT,GO_BP,-1.2465404418557402,1.7449268430923464,-1.067192843883023
GOBP_CHONDROCYTE_DIFFERENTIATION,GO_BP,-1.6493003265603143,1.88307810861136,-0.9279812501113378
GOBP_CHONDROCYTE_PROLIFERATION,GO_BP,1.1888343681289673,1.7800770451321315,-0.6587391482649146
GOBP_CHONDROITIN_SULFATE_PROTEOGLYCAN_BIOSYNTHETIC_PROCESS,GO_BP,1.1067191031107129,1.2707869673128025,1.1591490617440985
GOBP_CHONDROITIN_SULFATE_PROTEOGLYCAN_METABOLIC_PROCESS,GO_BP,0.837666571039066,1.40338006034098,1.0602479096217208
GOBP_CHROMATIN_LOOPING,GO_BP,1.3818884408398813,0.7025436941798802,-1.0129031905344863
GOBP_CHROMOSOME_CONDENSATION,GO_BP,2.363061832182133,0.821522514650534,-0.9410064541097944
GOBP_CHROMOSOME_LOCALIZATION,GO_BP,2.695706343645397,-0.7759886236490174,-1.213037107888662
GOBP_CHROMOSOME_ORGANIZATION_INVOLVED_IN_MEIOTIC_CELL_CYCLE,GO_BP,1.8528723962929852,-0.701900514275721,1.1206638427050275
GOBP_CHROMOSOME_SEGREGATION,GO_BP,2.6860353042655274,-0.8625060346450946,-1.0454795695948065
GOBP_CHROMOSOME_SEPARATION,GO_BP,2.7727169906459217,-0.8045063498187299,-1.4501972793530873
GOBP_CILIUM_MOVEMENT,GO_BP,0.7791659758639995,-1.2357360015080816,-1.1953148462030128
GOBP_CILIUM_ORGANIZATION,GO_BP,-0.8499984971662066,-0.9442383168469576,-1.05734189755095
GOBP_CILIUM_OR_FLAGELLUM_DEPENDENT_CELL_MOTILITY,GO_BP,0.8473281282764581,-1.104397923452478,-1.164172739044298
GOBP_CIRCADIAN_REGULATION_OF_GENE_EXPRESSION,GO_BP,0.7804575052821502,2.0574781872770656,0.77862618942864
GOBP_CIRCADIAN_RHYTHM,GO_BP,1.242186868771716,1.727053929761397,0.805215583432823
GOBP_CIRCULATORY_SYSTEM_PROCESS,GO_BP,-1.8095460920195976,1.4624178714894915,1.092843439131229
GOBP_CLATHRIN_COAT_ASSEMBLY,GO_BP,0.9934486765846228,1.0934677592174251,-0.6964144032622103
GOBP_CLATHRIN_DEPENDENT_ENDOCYTOSIS,GO_BP,-0.8515961802022436,1.1610692539537824,0.7763906791181694
GOBP_COCHLEA_DEVELOPMENT,GO_BP,0.957360563353888,1.6655796680506814,-1.1954620228304031
GOBP_COCHLEA_MORPHOGENESIS,GO_BP,-1.4962305019433084,1.1419620552194607,-0.842569188582718
GOBP_COENZYME_A_METABOLIC_PROCESS,GO_BP,0.7351477054734077,-1.5454904167393655,1.7404629345514993
GOBP_COGNITION,GO_BP,-1.4437255065185874,0.9934167943137922,-1.1892951238959149
GOBP_COLLAGEN_BIOSYNTHETIC_PROCESS,GO_BP,-1.2800409702687785,1.2828529224176544,0.7632627713060463
GOBP_COLLAGEN_CATABOLIC_PROCESS,GO_BP,1.0248304022153816,-0.9637322861927056,1.3616283809408898
GOBP_COLLAGEN_FIBRIL_ORGANIZATION,GO_BP,-1.994897796036284,1.6892436294679718,-1.1776229847060335
GOBP_COLLAGEN_METABOLIC_PROCESS,GO_BP,-1.370481196389007,1.224877341750366,1.0415753102145624
GOBP_COLLATERAL_SPROUTING,GO_BP,-1.6342674591729842,-0.7202483649550776,-1.1774761107159493
GOBP_COLUMNAR_CUBOIDAL_EPITHELIAL_CELL_DIFFERENTIATION,GO_BP,-1.1608236829977845,1.872560944614472,1.0647008518892735
GOBP_COMPLEMENT_ACTIVATION,GO_BP,-1.506740580167664,1.221667751826911,1.79926376887661
GOBP_CONNECTIVE_TISSUE_DEVELOPMENT,GO_BP,-1.7657197426657136,1.9003957826921616,-0.9044989470160796
GOBP_CONSTITUTIVE_HETEROCHROMATIN_FORMATION,GO_BP,1.190644839061455,1.2132200969076727,-0.8376902155286048
GOBP_COPII_COATED_VESICLE_BUDDING,GO_BP,-0.8994615794251616,1.6837614515893582,0.7731645913983889
GOBP_COPII_COATED_VESICLE_CARGO_LOADING,GO_BP,-1.3794959042483954,1.6135223777820729,0.8318852541882397
GOBP_COPPER_ION_HOMEOSTASIS,GO_BP,0.8677065541321368,1.0631064943574784,-1.3184285682060155
GOBP_CORONARY_VASCULATURE_DEVELOPMENT,GO_BP,-1.5635115477945667,1.169889574265483,-0.8423311660799453
GOBP_CORPUS_CALLOSUM_DEVELOPMENT,GO_BP,-1.070409537249248,0.868964209582117,1.119797110062115
GOBP_CORTICAL_ACTIN_CYTOSKELETON_ORGANIZATION,GO_BP,1.3842972212480078,-1.3977108276977213,0.9612520183543668
GOBP_CORTICAL_CYTOSKELETON_ORGANIZATION,GO_BP,1.377813914067724,-1.0354382567170686,0.8643511793797658
GOBP_COTRANSLATIONAL_PROTEIN_TARGETING_TO_MEMBRANE,GO_BP,0.8741310130138094,1.7972085627215688,-0.722251021210174
GOBP_CRANIAL_NERVE_DEVELOPMENT,GO_BP,-1.356492879743603,1.6610300346518576,-1.1944299683533006
GOBP_CRANIAL_NERVE_MORPHOGENESIS,GO_BP,-1.3370172096840678,1.6781456464949631,-1.072790774826805
GOBP_CRANIAL_SKELETAL_SYSTEM_DEVELOPMENT,GO_BP,-1.083720893063474,1.27845494792997,1.0317574106724303
GOBP_CRISTAE_FORMATION,GO_BP,0.7730653805525908,0.6074054054951663,0.8874441455113159
GOBP_CYCLIC_NUCLEOTIDE_METABOLIC_PROCESS,GO_BP,-0.8934635517261978,1.0643313741713292,-0.958980391979062
GOBP_CYTOCHROME_COMPLEX_ASSEMBLY,GO_BP,1.50810557281033,-0.6637311975541773,-0.8798896378045529
GOBP_CYTOKINESIS,GO_BP,2.1396436597220503,-1.1424712619252115,0.6875615684102918
GOBP_CYTOKINETIC_PROCESS,GO_BP,1.8953836699469917,-1.1183714168955383,-0.8039648941000146
GOBP_CYTOKINE_MEDIATED_SIGNALING_PATHWAY,GO_BP,-1.1120180640496806,1.5708707892726066,2.2000817897959
GOBP_CYTOKINE_PRODUCTION_INVOLVED_IN_IMMUNE_RESPONSE,GO_BP,-1.0542457106433052,1.3884522966078452,1.0940482518808086
GOBP_CYTOKINE_PRODUCTION_INVOLVED_IN_INFLAMMATORY_RESPONSE,GO_BP,-0.8703599462473572,1.8161868149888276,1.624331826396734
GOBP_CYTOPLASMIC_MICROTUBULE_ORGANIZATION,GO_BP,1.250727156220178,-0.774082207487411,1.1976180260229343
GOBP_CYTOPLASMIC_PATTERN_RECOGNITION_RECEPTOR_SIGNALING_PATHWAY,GO_BP,-1.236191892358062,0.973953848610466,1.812702022529121
GOBP_CYTOPLASMIC_TRANSLATION,GO_BP,1.3173487090532392,-2.188332193064394,-1.6123737864106331
GOBP_CYTOPLASMIC_TRANSLATIONAL_INITIATION,GO_BP,0.9746368698118634,-1.1410577233718209,-0.7140324302186676
GOBP_CYTOSKELETON_DEPENDENT_CYTOKINESIS,GO_BP,2.1041516256279427,-1.162922443342806,-0.6781665934898204
GOBP_CYTOSKELETON_DEPENDENT_INTRACELLULAR_TRANSPORT,GO_BP,-0.9590875245666872,0.8062646441336048,-0.7875339876266256
GOBP_CYTOSOLIC_TRANSPORT,GO_BP,-1.3261772066081794,0.7522092829074211,0.7738590962363913
GOBP_DECIDUALIZATION,GO_BP,-0.9739229038342246,1.7663302680303234,1.1761032681494654
GOBP_DEFENSE_RESPONSE_TO_BACTERIUM,GO_BP,-1.1762928286500354,1.191799811156851,2.008563756278393
GOBP_DEFENSE_RESPONSE_TO_GRAM_NEGATIVE_BACTERIUM,GO_BP,-1.2453033286855208,1.2345772298626954,2.093417487428724
GOBP_DEFENSE_RESPONSE_TO_GRAM_POSITIVE_BACTERIUM,GO_BP,-1.228214938254429,-0.7942530581037188,1.7678486307169057
GOBP_DEFENSE_RESPONSE_TO_VIRUS,GO_BP,-0.8036967202804979,1.7029505290822742,1.8930588732504483
GOBP_DEFINITIVE_HEMOPOIESIS,GO_BP,0.9332045476847708,1.445974420143761,-0.9092814168652416
GOBP_DENDRITE_DEVELOPMENT,GO_BP,-1.2411086643174605,0.8486036234103946,0.8138265294499335
GOBP_DENDRITE_EXTENSION,GO_BP,0.9193011340697028,0.7329473403950505,0.8878616366240278
GOBP_DENDRITE_MORPHOGENESIS,GO_BP,-1.118971974894355,-1.0059034948280765,0.8365105434872874
GOBP_DENDRITIC_CELL_DIFFERENTIATION,GO_BP,1.0078839688794103,0.9176441409141486,1.340221181376825
GOBP_DENDRITIC_SPINE_DEVELOPMENT,GO_BP,-0.9207752101140778,-1.1408130358655022,-1.0616478183488849
GOBP_DENDRITIC_SPINE_MAINTENANCE,GO_BP,-1.2171254825982902,-1.4284332227344578,-0.8252727423426048
GOBP_DENDRITIC_SPINE_MORPHOGENESIS,GO_BP,0.8031879442130047,-1.3621628062677713,-1.1621951118577971
GOBP_DENDRITIC_TRANSPORT,GO_BP,-0.5462477434636347,1.0066363269943874,-0.7219318341726566
GOBP_DENTATE_GYRUS_DEVELOPMENT,GO_BP,-1.0949829705093208,-1.5327778663873748,-0.9854521872989244
GOBP_DEOXYRIBONUCLEOTIDE_BIOSYNTHETIC_PROCESS,GO_BP,2.06754064580592,-0.7367434718710478,0.6364494695584889
GOBP_DEOXYRIBONUCLEOTIDE_CATABOLIC_PROCESS,GO_BP,1.8300465945645377,-1.0461936975822588,1.1780152443416525
GOBP_DEOXYRIBONUCLEOTIDE_METABOLIC_PROCESS,GO_BP,2.1156113440881663,-1.0077078077981343,1.0907027173948134
GOBP_DEPHOSPHORYLATION,GO_BP,0.9597201467206168,1.0831077138629708,1.463665158561137
GOBP_DERMATAN_SULFATE_PROTEOGLYCAN_METABOLIC_PROCESS,GO_BP,1.0503397411977304,0.7223826769817325,1.0871527411624111
GOBP_DETECTION_OF_ABIOTIC_STIMULUS,GO_BP,-1.0811982142031318,1.227862464313036,-1.0198218529893126
GOBP_DETECTION_OF_BIOTIC_STIMULUS,GO_BP,-1.4038028303803542,1.33610257983309,1.344367465257576
GOBP_DETECTION_OF_CHEMICAL_STIMULUS,GO_BP,-0.7972005125878646,0.8039428442084031,0.9144234082910428
GOBP_DETECTION_OF_LIGHT_STIMULUS,GO_BP,0.7411426009395045,-0.6162884279205944,-0.8877354207985765
GOBP_DETECTION_OF_MECHANICAL_STIMULUS,GO_BP,-1.3830314353993156,1.5493403783644144,-0.8552759221611598
GOBP_DETECTION_OF_MECHANICAL_STIMULUS_INVOLVED_IN_SENSORY_PERCEPTION,GO_BP,-1.242203807571234,1.7061311504570866,-0.8932742039376383
GOBP_DETECTION_OF_STIMULUS,GO_BP,-1.2471978814812763,1.0868845912050835,1.0297559397346898
GOBP_DETECTION_OF_STIMULUS_INVOLVED_IN_SENSORY_PERCEPTION,GO_BP,-1.164512073074032,1.0546181750240509,-1.1678083466182316
GOBP_DETECTION_OF_STIMULUS_INVOLVED_IN_SENSORY_PERCEPTION_OF_PAIN,GO_BP,1.2634599211372994,-0.6296577032025841,-1.373301733121159
GOBP_DETECTION_OF_TEMPERATURE_STIMULUS,GO_BP,0.9942514063762112,0.866769001677138,-1.1313600647969817
GOBP_DETERMINATION_OF_ADULT_LIFESPAN,GO_BP,-0.8973165637992239,-1.0747844425838846,0.8124144524470761
GOBP_DETOXIFICATION,GO_BP,-1.21601044195255,-0.9797695611109692,1.2589095712967306
GOBP_DEVELOPMENTAL_CELL_GROWTH,GO_BP,-1.7057068046168733,1.2177400062206658,-1.1102283077629305
GOBP_DEVELOPMENTAL_GROWTH_INVOLVED_IN_MORPHOGENESIS,GO_BP,-1.568739024638512,1.0866199518907624,-1.0642979864491824
GOBP_DEVELOPMENTAL_INDUCTION,GO_BP,-1.3554649130542162,0.8635034290761519,-0.8754363926562152
GOBP_DEVELOPMENTAL_MATURATION,GO_BP,-1.149749725740606,1.43838153111542,1.2982005491598985
GOBP_DEVELOPMENTAL_PIGMENTATION,GO_BP,-0.9052860367433816,1.375257133085792,-1.203417199490641
GOBP_DEVELOPMENT_OF_PRIMARY_FEMALE_SEXUAL_CHARACTERISTICS,GO_BP,-1.3242030891676422,0.931409938227164,1.224387097974751
GOBP_DEVELOPMENT_OF_PRIMARY_SEXUAL_CHARACTERISTICS,GO_BP,-1.4444077700833535,1.2208224788559994,0.9561389820879392
GOBP_DIACYLGLYCEROL_METABOLIC_PROCESS,GO_BP,-0.9264728635006834,0.7053530640194317,-0.8113277604681203
GOBP_DICARBOXYLIC_ACID_METABOLIC_PROCESS,GO_BP,1.0227984001691428,-1.2472046139316066,0.7198459873521877
GOBP_DICARBOXYLIC_ACID_TRANSPORT,GO_BP,0.9868848039745292,1.4574393990669086,0.8795079618292292
GOBP_DIENCEPHALON_DEVELOPMENT,GO_BP,-1.1547511564160116,1.044722802331069,-0.9770056894357264
GOBP_DIGESTION,GO_BP,-1.5041921373856502,1.2367582729270366,1.2550573763197916
GOBP_DIGESTIVE_SYSTEM_DEVELOPMENT,GO_BP,-1.5160861491106603,1.242444861856964,-1.0752628053026465
GOBP_DIGESTIVE_SYSTEM_PROCESS,GO_BP,-1.6074410551824685,1.0850976765733054,1.538908850063006
GOBP_DIGESTIVE_TRACT_MORPHOGENESIS,GO_BP,-1.3109627471017782,1.0731934311369342,0.9277613914287453
GOBP_DIOL_BIOSYNTHETIC_PROCESS,GO_BP,-0.7837770355396144,-0.7910864985174345,1.566770877095597
GOBP_DIOL_METABOLIC_PROCESS,GO_BP,0.9234877973207016,-1.1570460818149526,1.3876059163659662
GOBP_DISRUPTION_OF_ANATOMICAL_STRUCTURE_IN_ANOTHER_ORGANISM,GO_BP,1.038174204130338,1.0174371049344262,2.4209257610155013
GOBP_DITERPENOID_METABOLIC_PROCESS,GO_BP,-1.6643463538878327,-1.0749683327678805,1.3913604811897011
GOBP_DNA_BIOSYNTHETIC_PROCESS,GO_BP,2.1565365558107787,1.1069702145881084,-1.1234244517398957
GOBP_DNA_CATABOLIC_PROCESS,GO_BP,1.0685951456689795,-0.801789798390056,-1.175973403022719
GOBP_DNA_CONFORMATION_CHANGE,GO_BP,1.923021361364352,-1.0840559691402167,1.1023714001799398
GOBP_DNA_DAMAGE_RESPONSE_SIGNAL_TRANSDUCTION_BY_P53_CLASS_MEDIATOR,GO_BP,1.504735090723262,1.5723491224858337,1.149602115639654
GOBP_DNA_DAMAGE_TOLERANCE,GO_BP,1.9256006850973169,1.2843395888497402,0.9100520234453676
GOBP_DNA_DOUBLE_STRAND_BREAK_PROCESSING,GO_BP,1.6485550952634027,0.5293059461205452,-0.5966565121876027
GOBP_DNA_INTEGRITY_CHECKPOINT_SIGNALING,GO_BP,2.0709468151060277,1.0714904859367111,0.782080710800498
GOBP_DNA_METHYLATION_DEPENDENT_CONSTITUTIVE_HETEROCHROMATIN_FORMATION,GO_BP,1.505217268211848,1.6029937743010498,-1.0801257612667057
GOBP_DNA_MODIFICATION,GO_BP,1.7231797345434032,-1.9452130877465503,-1.2556044447890715
GOBP_DNA_RECOMBINATION,GO_BP,2.33176714553563,-0.9004734844751492,1.021758157547794
GOBP_DNA_REPAIR_DEPENDENT_CHROMATIN_REMODELING,GO_BP,1.0656857575357996,1.0116109736649574,0.8594580567035796
GOBP_DNA_REPLICATION,GO_BP,2.6523780607960425,0.9745000876559516,0.6975795480196536
GOBP_DNA_REPLICATION_CHECKPOINT_SIGNALING,GO_BP,2.176260852147584,0.9008382236312652,-1.5129361162938129
GOBP_DNA_REPLICATION_INITIATION,GO_BP,2.2509088533547743,0.8816274570051835,1.0939310016368131
GOBP_DNA_STRAND_ELONGATION,GO_BP,2.250151069385333,0.8870383164529675,0.6046466962811622
GOBP_DNA_STRAND_ELONGATION_INVOLVED_IN_DNA_REPLICATION,GO_BP,2.2672413528385373,1.1721840138749229,0.8475910531711881
GOBP_DNA_SYNTHESIS_INVOLVED_IN_DNA_REPLICATION,GO_BP,2.011881116165149,1.0438571192524702,0.8135971772151035
GOBP_DNA_TEMPLATED_DNA_REPLICATION,GO_BP,2.75607004274238,0.8835628419211418,0.8177892356405485
GOBP_DNA_TEMPLATED_DNA_REPLICATION_MAINTENANCE_OF_FIDELITY,GO_BP,2.477372955062547,0.527778708763368,0.7257525984834061
GOBP_DNA_TEMPLATED_TRANSCRIPTION_ELONGATION,GO_BP,1.4738892719857295,1.3508289127068298,-0.7743220166595134
GOBP_DNA_TEMPLATED_TRANSCRIPTION_INITIATION,GO_BP,1.243432544881904,1.3548080350934726,0.9188868621094372
GOBP_DNA_TEMPLATED_TRANSCRIPTION_TERMINATION,GO_BP,1.1136004639228347,1.242657507325458,1.0825101325161215
GOBP_DOLICHOL_LINKED_OLIGOSACCHARIDE_BIOSYNTHETIC_PROCESS,GO_BP,0.6632734011606555,1.423422531850224,0.5985711226977247
GOBP_DOPAMINERGIC_NEURON_DIFFERENTIATION,GO_BP,0.9615819541908972,1.2624421108423256,-0.9835955699454558
GOBP_DOPAMINE_METABOLIC_PROCESS,GO_BP,0.9999877614213456,-0.9624800784354872,-0.6825857945843659
GOBP_DOPAMINE_TRANSPORT,GO_BP,-0.5647362693756521,0.6925012898289387,-1.1590139549112133
GOBP_DORSAL_VENTRAL_PATTERN_FORMATION,GO_BP,1.238043707897502,1.0129956233166018,-0.9740685651948168
GOBP_DOSAGE_COMPENSATION_BY_INACTIVATION_OF_X_CHROMOSOME,GO_BP,1.1041656530366473,1.3300601659775504,0.7725927623241811
GOBP_DOUBLE_STRAND_BREAK_REPAIR,GO_BP,2.290303645887244,-0.8544694323332673,-0.8215687875755974
GOBP_DOUBLE_STRAND_BREAK_REPAIR_VIA_NONHOMOLOGOUS_END_JOINING,GO_BP,1.9355793579251697,-1.437121399342272,-0.7441533368864186
GOBP_D_GLUCOSE_IMPORT,GO_BP,-1.7490194672684969,1.1019324808092932,-0.5880018967414489
GOBP_EARLY_ENDOSOME_TO_GOLGI_TRANSPORT,GO_BP,-0.6771734227440914,1.2139725885330213,-0.5807777502002207
GOBP_EAR_DEVELOPMENT,GO_BP,-1.3940193445971207,1.4620205141580958,0.8083078432501478
GOBP_EAR_MORPHOGENESIS,GO_BP,-1.4187330933831273,1.4696881042030667,-1.0106185371565053
GOBP_EATING_BEHAVIOR,GO_BP,1.2356793034314757,1.046864881341684,0.696984249119737
GOBP_ECTODERM_DEVELOPMENT,GO_BP,0.8670051877149575,1.215386303274286,0.6103093483566022
GOBP_ELECTRON_TRANSPORT_CHAIN,GO_BP,1.889048144825832,0.6616565579438229,-1.4221042004092177
GOBP_EMBRYONIC_APPENDAGE_MORPHOGENESIS,GO_BP,-1.186172361059944,1.289035499049763,-1.0793887685366372
GOBP_EMBRYONIC_AXIS_SPECIFICATION,GO_BP,-1.0487267111670378,-1.4203663629604644,0.9396903435841142
GOBP_EMBRYONIC_BRAIN_DEVELOPMENT,GO_BP,-0.7526114561288619,1.289584564314281,-0.9920624838666956
GOBP_EMBRYONIC_CAMERA_TYPE_EYE_DEVELOPMENT,GO_BP,-1.2299064906642878,0.7895191144768835,-0.8670216920503047
GOBP_EMBRYONIC_CAMERA_TYPE_EYE_MORPHOGENESIS,GO_BP,-1.1122349614241336,0.8406779327522944,1.196733413005972
GOBP_EMBRYONIC_CRANIAL_SKELETON_MORPHOGENESIS,GO_BP,-1.0577658859389307,1.3049884237172795,1.0497854750832345
GOBP_EMBRYONIC_DIGESTIVE_TRACT_DEVELOPMENT,GO_BP,-1.1753279528762326,0.909817848723656,0.9708191819642829
GOBP_EMBRYONIC_DIGIT_MORPHOGENESIS,GO_BP,1.203832898986865,1.156444442406207,-1.0183589099415051
GOBP_EMBRYONIC_EPITHELIAL_TUBE_FORMATION,GO_BP,-1.2560509016936716,1.5325541033957444,0.8300860790312347
GOBP_EMBRYONIC_EYE_MORPHOGENESIS,GO_BP,-1.633771004446781,0.882891314687218,0.8339500092700721
GOBP_EMBRYONIC_FORELIMB_MORPHOGENESIS,GO_BP,0.9891209888460364,1.6728984341208846,-1.4076913020591937
GOBP_EMBRYONIC_HEART_TUBE_DEVELOPMENT,GO_BP,1.0670601848185244,1.36266205307291,-0.7193484247534991
GOBP_EMBRYONIC_HEART_TUBE_MORPHOGENESIS,GO_BP,1.1126324831091956,1.240724820798755,0.6482030259325989
GOBP_EMBRYONIC_HEMOPOIESIS,GO_BP,1.184623123728993,1.6605185293140274,-1.0007758264366742
GOBP_EMBRYONIC_HINDLIMB_MORPHOGENESIS,GO_BP,-1.0739357182572773,1.1280205942775186,-1.4064728515931728
GOBP_EMBRYONIC_ORGAN_DEVELOPMENT,GO_BP,-1.3630884616557766,1.6707661249041323,-0.9806551109102511
GOBP_EMBRYONIC_ORGAN_MORPHOGENESIS,GO_BP,-1.3970660448806798,1.5700416565122222,-0.9461418158844024
GOBP_EMBRYONIC_PATTERN_SPECIFICATION,GO_BP,-1.060101592304999,-1.2553680126380231,0.8706820730554065
GOBP_EMBRYONIC_PLACENTA_DEVELOPMENT,GO_BP,1.0036435982242249,1.6626939245330397,0.9894781888702768
GOBP_EMBRYONIC_SKELETAL_SYSTEM_DEVELOPMENT,GO_BP,-1.3701650477595049,1.3739803799758643,-1.2352824506096254
GOBP_EMBRYONIC_SKELETAL_SYSTEM_MORPHOGENESIS,GO_BP,-1.180992371027086,1.3994574437536225,-1.0680190280133044
GOBP_EMBRYO_IMPLANTATION,GO_BP,1.3307447011914904,1.8131100135738143,0.9281208837804956
GOBP_ENDOCARDIAL_CUSHION_DEVELOPMENT,GO_BP,1.2701024878909115,-1.0116456887862584,1.1185635724825131
GOBP_ENDOCARDIAL_CUSHION_FORMATION,GO_BP,1.8041454210033447,1.2547341207913156,0.6890736753383371
GOBP_ENDOCARDIAL_CUSHION_MORPHOGENESIS,GO_BP,1.5372229346321882,1.1137026372215808,0.9833753862479196
GOBP_ENDOCHONDRAL_BONE_MORPHOGENESIS,GO_BP,-1.3399335081875725,1.675576177359951,-1.535723057983399
GOBP_ENDOCRINE_HORMONE_SECRETION,GO_BP,-1.1966006146618484,1.2974664745893072,-0.7906571188172452
GOBP_ENDOCRINE_PANCREAS_DEVELOPMENT,GO_BP,-1.5694385284975552,1.268700492530777,-1.1902479393459375
GOBP_ENDOCRINE_PROCESS,GO_BP,-1.2808421944533224,1.0889725782178,0.6925833568657731
GOBP_ENDOCRINE_SYSTEM_DEVELOPMENT,GO_BP,-1.4598705482219685,1.244283831490196,-1.4520800522225867
GOBP_ENDOCYTIC_RECYCLING,GO_BP,-1.176375621492727,1.113303837326488,1.032288316110832
GOBP_ENDODERMAL_CELL_DIFFERENTIATION,GO_BP,-1.4153804953458136,1.174679353422437,1.1694015994603233
GOBP_ENDODERM_DEVELOPMENT,GO_BP,-1.3754496706416803,1.2228854448098607,1.1519947996285345
GOBP_ENDODERM_FORMATION,GO_BP,-1.3699300646380568,1.3417318870074388,1.155572864354265
GOBP_ENDOLYSOSOMAL_TOLL_LIKE_RECEPTOR_SIGNALING_PATHWAY,GO_BP,0.9494757361115178,1.2181075429437247,1.6537328070497004
GOBP_ENDONUCLEOLYTIC_CLEAVAGE_OF_TRICISTRONIC_RRNA_TRANSCRIPT_SSU_RRNA_5_8S_RRNA_LSU_RRNA,GO_BP,1.7176531984590888,1.5412566695218033,1.084913684824711
GOBP_ENDOPLASMIC_RETICULUM_CALCIUM_ION_HOMEOSTASIS,GO_BP,-1.1870855396354396,1.207391032385603,-0.6833093066969054
GOBP_ENDOPLASMIC_RETICULUM_ORGANIZATION,GO_BP,-0.8476725938313499,0.8040086672138848,-1.0268082977973751
GOBP_ENDOPLASMIC_RETICULUM_TO_CYTOSOL_TRANSPORT,GO_BP,-1.1833193279197576,1.4788158668256006,1.1055553102664744
GOBP_ENDOPLASMIC_RETICULUM_TO_GOLGI_VESICLE_MEDIATED_TRANSPORT,GO_BP,-1.0531768840219846,1.8739221773935784,0.8001082592110833
GOBP_ENDOPLASMIC_RETICULUM_TUBULAR_NETWORK_ORGANIZATION,GO_BP,0.6690231740122863,-0.7413475668603894,0.9524473061236748
GOBP_ENDOSOMAL_TRANSPORT,GO_BP,-1.3638165323312912,0.8814146841595515,1.0854361717424672
GOBP_ENDOSOMAL_VESICLE_FUSION,GO_BP,0.7686229132874476,1.294298390986054,0.8786316780099512
GOBP_ENDOSOME_ORGANIZATION,GO_BP,-0.9679579964866092,1.1717726864806235,0.9239842843756392
GOBP_ENDOSOME_TO_LYSOSOME_TRANSPORT,GO_BP,-1.4492029958731438,0.9632742781035636,0.931362272083426
GOBP_ENDOSOME_TO_LYSOSOME_TRANSPORT_VIA_MULTIVESICULAR_BODY_SORTING_PATHWAY,GO_BP,-0.5384941027454078,-1.1103473072428147,-0.8870857570632433
GOBP_ENDOTHELIAL_CELL_APOPTOTIC_PROCESS,GO_BP,-1.8603322999608665,1.6031172429928755,2.3221797914747464
GOBP_ENDOTHELIAL_CELL_CHEMOTAXIS,GO_BP,-1.65094928840778,1.4767268534864393,0.8463226563954265
GOBP_ENDOTHELIAL_CELL_DEVELOPMENT,GO_BP,-1.1888497938843896,1.027570344851139,1.526966837029912
GOBP_ENDOTHELIAL_CELL_DIFFERENTIATION,GO_BP,-1.0701402081763096,1.2223216123661662,1.3239740898582075
GOBP_ENDOTHELIAL_CELL_MIGRATION,GO_BP,-1.5815081803556876,1.7208919341046864,1.2800259021386589
GOBP_ENDOTHELIAL_CELL_PROLIFERATION,GO_BP,-1.573625394162179,1.3751958084080145,1.3259618371247373
GOBP_ENDOTHELIUM_DEVELOPMENT,GO_BP,-1.2309647891496425,1.3050582178127867,1.3536671763873127
GOBP_ENERGY_HOMEOSTASIS,GO_BP,-1.273467518279699,1.29423008762528,0.9168874740884876
GOBP_ENERGY_RESERVE_METABOLIC_PROCESS,GO_BP,-1.0177865368314218,1.5820397895088796,-0.7578889170106903
GOBP_ENSHEATHMENT_OF_NEURONS,GO_BP,-1.2756369765774802,0.896470446152648,-0.7814699720549481
GOBP_ENTEROENDOCRINE_CELL_DIFFERENTIATION,GO_BP,-1.4405039901693486,0.8897030138390744,-1.029872506215875
GOBP_ENTRAINMENT_OF_CIRCADIAN_CLOCK,GO_BP,-1.0566547412991625,1.9636377761989487,-1.1275628477668542
GOBP_ENTRAINMENT_OF_CIRCADIAN_CLOCK_BY_PHOTOPERIOD,GO_BP,-0.879903207316777,2.044439112678494,-1.3161297358832251
GOBP_EPHRIN_RECEPTOR_SIGNALING_PATHWAY,GO_BP,-1.3520161479316632,-0.8642127115563127,-0.9347494567730606
GOBP_EPIBOLY,GO_BP,-1.134453134248656,-1.0994633939011875,1.2274625790933675
GOBP_EPIDERMAL_CELL_DIFFERENTIATION,GO_BP,-1.4824613454834303,1.5680911989789517,1.410484528904414
GOBP_EPIDERMIS_DEVELOPMENT,GO_BP,-1.5698515237425643,1.4424977365868803,1.3037509189854048
GOBP_EPIDERMIS_MORPHOGENESIS,GO_BP,-1.7007125487895565,-0.9636799829458864,-0.919937215957893
GOBP_EPIGENETIC_PROGRAMMING_OF_GENE_EXPRESSION,GO_BP,1.0857290280881162,0.8063167347947057,-1.1389669639573547
GOBP_EPIGENETIC_REGULATION_OF_GENE_EXPRESSION,GO_BP,1.6550121669887337,1.1041804723966109,-0.6811137723318859
GOBP_EPITHELIAL_CELL_APOPTOTIC_PROCESS,GO_BP,-1.0692827151764532,1.0014182634763102,1.006792850928205
GOBP_EPITHELIAL_CELL_DEVELOPMENT,GO_BP,-1.4828217902573555,1.3972108243670962,1.270046488083319
GOBP_EPITHELIAL_CELL_DIFFERENTIATION,GO_BP,-1.4752171154418814,1.782747864140276,1.4431810459810015
GOBP_EPITHELIAL_CELL_DIFFERENTIATION_INVOLVED_IN_KIDNEY_DEVELOPMENT,GO_BP,-1.230590804556552,1.3821260446322845,0.9401655271158368
GOBP_EPITHELIAL_CELL_MORPHOGENESIS,GO_BP,-1.0486650613276651,1.584236575273519,1.336467679738662
GOBP_EPITHELIAL_CELL_PROLIFERATION,GO_BP,-1.5841014628365628,1.7369015861008976,1.4472959583747211
GOBP_EPITHELIAL_STRUCTURE_MAINTENANCE,GO_BP,-1.0429329023113951,0.9094776395970756,-0.8004257304107966
GOBP_EPITHELIAL_TO_MESENCHYMAL_TRANSITION,GO_BP,1.2837491298055876,1.3850142680242754,0.9039678437951004
GOBP_EPITHELIAL_TO_MESENCHYMAL_TRANSITION_INVOLVED_IN_ENDOCARDIAL_CUSHION_FORMATION,GO_BP,1.65991041177386,1.2254272486078632,-0.751076767043953
GOBP_EPITHELIAL_TUBE_BRANCHING_INVOLVED_IN_LUNG_MORPHOGENESIS,GO_BP,-1.041432773175237,1.4432956753943356,1.1954347481708385
GOBP_EPITHELIAL_TUBE_MORPHOGENESIS,GO_BP,-1.2571785460187317,1.699908145493132,1.009092593893236
GOBP_ERAD_PATHWAY,GO_BP,-1.368018161538323,1.502947796415757,0.929255432794403
GOBP_ERBB_SIGNALING_PATHWAY,GO_BP,1.1582278824836476,1.5277154622899112,1.1703608023135144
GOBP_ERK1_AND_ERK2_CASCADE,GO_BP,-1.26008871407622,1.562808379073394,1.4085350900253977
GOBP_ERYTHROCYTE_DEVELOPMENT,GO_BP,-0.8518600052580982,1.546839807724884,1.6685299309013832
GOBP_ERYTHROCYTE_HOMEOSTASIS,GO_BP,-1.0603108961889258,1.370127829286824,0.8815166294936316
GOBP_ERYTHROCYTE_MATURATION,GO_BP,1.114093520448689,1.311735250036094,1.2140997642262357
GOBP_ER_NUCLEUS_SIGNALING_PATHWAY,GO_BP,-1.4726746144699852,2.027645287598773,1.1029940521219532
GOBP_ESTABLISHMENT_OF_CELL_POLARITY,GO_BP,-1.102205621953427,1.5293862279329251,0.9105359144997508
GOBP_ESTABLISHMENT_OF_ENDOTHELIAL_BARRIER,GO_BP,-1.1653158901003178,-1.1352282923825574,1.5376418393252136
GOBP_ESTABLISHMENT_OF_EPITHELIAL_CELL_POLARITY,GO_BP,-0.958430181165834,1.2990031006507268,0.8513231943462739
GOBP_ESTABLISHMENT_OF_MITOCHONDRION_LOCALIZATION,GO_BP,0.8710371196248967,0.9377023383010332,0.7804064251980186
GOBP_ESTABLISHMENT_OF_MITOCHONDRION_LOCALIZATION_MICROTUBULE_MEDIATED,GO_BP,-0.6930308139292458,0.95951731258924,0.5073999189354232
GOBP_ESTABLISHMENT_OF_MITOTIC_SPINDLE_LOCALIZATION,GO_BP,1.7029304366736058,1.4528175535146388,-1.5484356551823746
GOBP_ESTABLISHMENT_OF_ORGANELLE_LOCALIZATION,GO_BP,1.2565515637078406,0.9523499757431108,0.7200486061979531
GOBP_ESTABLISHMENT_OF_PIGMENT_GRANULE_LOCALIZATION,GO_BP,1.4215536196057563,-0.9525100582183428,-0.9243108978552612
GOBP_ESTABLISHMENT_OF_PROTEIN_LOCALIZATION_TO_CHROMOSOME,GO_BP,1.306484882878608,-0.987255145884426,-0.8115205106079012
GOBP_ESTABLISHMENT_OF_PROTEIN_LOCALIZATION_TO_ENDOPLASMIC_RETICULUM,GO_BP,-1.1487551722224985,1.736894354178136,-0.5567891744972423
GOBP_ESTABLISHMENT_OF_PROTEIN_LOCALIZATION_TO_MEMBRANE,GO_BP,-0.968022036842986,0.9162462141718468,0.882078594857117
GOBP_ESTABLISHMENT_OF_PROTEIN_LOCALIZATION_TO_MITOCHONDRIAL_MEMBRANE,GO_BP,1.6144513678210966,-0.628177481642506,-0.7270094704961947
GOBP_ESTABLISHMENT_OF_PROTEIN_LOCALIZATION_TO_MITOCHONDRION,GO_BP,1.2791096497378454,0.7329452199309775,-0.7627964009026034
GOBP_ESTABLISHMENT_OF_PROTEIN_LOCALIZATION_TO_ORGANELLE,GO_BP,0.969615793625532,1.2782933410730202,1.1416013941979457
GOBP_ESTABLISHMENT_OF_PROTEIN_LOCALIZATION_TO_PEROXISOME,GO_BP,-0.7272554126291189,-0.8296942450674634,1.4149272934322843
GOBP_ESTABLISHMENT_OF_PROTEIN_LOCALIZATION_TO_PLASMA_MEMBRANE,GO_BP,-1.0749490016739054,0.8445257443326676,1.1378509673165769
GOBP_ESTABLISHMENT_OF_PROTEIN_LOCALIZATION_TO_VACUOLE,GO_BP,-1.4609856473585243,0.9733555119989288,1.7841596034068927
GOBP_ESTABLISHMENT_OF_RNA_LOCALIZATION,GO_BP,1.902221968557221,1.5153468272091517,-0.6205978637397025
GOBP_ESTABLISHMENT_OF_SKIN_BARRIER,GO_BP,-0.9065106628535508,1.010926374925848,1.527140827620334
GOBP_ESTABLISHMENT_OF_SPINDLE_ORIENTATION,GO_BP,1.759757695365339,1.541179464704123,-1.4437360903453569
GOBP_ESTABLISHMENT_OF_TISSUE_POLARITY,GO_BP,-1.142799128789608,1.4568709419523849,1.034007314824993
GOBP_ESTABLISHMENT_OR_MAINTENANCE_OF_BIPOLAR_CELL_POLARITY,GO_BP,-1.6678727255151178,1.2771474912818894,1.5151270794266027
GOBP_ESTABLISHMENT_OR_MAINTENANCE_OF_CELL_POLARITY,GO_BP,-1.2374320646075625,1.5754735408332627,1.0207693839567145
GOBP_ESTABLISHMENT_OR_MAINTENANCE_OF_MONOPOLAR_CELL_POLARITY,GO_BP,-1.0316400158602252,0.906067125293798,0.9811097018994928
GOBP_ESTROGEN_METABOLIC_PROCESS,GO_BP,0.947417843286508,-0.7855290817605504,1.369129219495555
GOBP_ESTROGEN_RECEPTOR_SIGNALING_PATHWAY,GO_BP,-0.7501297967166568,1.212651504506186,0.7576699629073848
GOBP_ETHER_LIPID_METABOLIC_PROCESS,GO_BP,0.9954966444736708,-0.8843719774951168,1.758477700543838
GOBP_EXCITATORY_SYNAPSE_ASSEMBLY,GO_BP,-1.4834165993940334,0.7117522101559608,-1.5560078531937214
GOBP_EXECUTION_PHASE_OF_APOPTOSIS,GO_BP,1.0224315890224824,0.9620010842793918,1.3625894933864853
GOBP_EXIT_FROM_MITOSIS,GO_BP,1.3640749362573916,0.7888683258627998,-1.049762337007287
GOBP_EXOCRINE_SYSTEM_DEVELOPMENT,GO_BP,-1.692961668757765,1.635924500707485,0.8447247046656972
GOBP_EXOCYTIC_PROCESS,GO_BP,-0.7783975229892744,-1.2770335369173336,-0.5770431718109561
GOBP_EXOCYTOSIS,GO_BP,-1.068579672558338,-1.1367008993113132,0.8671693828052071
GOBP_EXPLORATION_BEHAVIOR,GO_BP,-1.4572260400518968,-0.9467912206651896,1.3822931351540333
GOBP_EXPORT_ACROSS_PLASMA_MEMBRANE,GO_BP,-1.561949307436742,1.320546355153474,-1.0695102443169329
GOBP_EXTERNAL_ENCAPSULATING_STRUCTURE_ORGANIZATION,GO_BP,-2.05963576682308,1.6018826973648148,1.3084008937302622
GOBP_EXTRACELLULAR_MATRIX_ASSEMBLY,GO_BP,-1.9429957770661817,-1.2036380952158212,1.1006773781046502
GOBP_EXTRACELLULAR_MATRIX_DISASSEMBLY,GO_BP,-1.402501262446961,1.4013342171643,1.4238692295769368
GOBP_EXTRACELLULAR_TRANSPORT,GO_BP,-0.7028875430818985,-1.2230324040371483,-1.5383942665975496
GOBP_EXTRACELLULAR_VESICLE_BIOGENESIS,GO_BP,-1.0488674675424032,-1.4638487284190056,1.1491340941021282
GOBP_EXTRINSIC_APOPTOTIC_SIGNALING_PATHWAY,GO_BP,-1.4486620368238543,1.2542604411192686,1.8348041633424836
GOBP_EXTRINSIC_APOPTOTIC_SIGNALING_PATHWAY_VIA_DEATH_DOMAIN_RECEPTORS,GO_BP,-1.1745620759773725,1.3034816018979254,2.130072161713221
GOBP_EYE_MORPHOGENESIS,GO_BP,-1.5438623062087358,1.5348978040037216,-1.0483582673944365
GOBP_EYE_PHOTORECEPTOR_CELL_DIFFERENTIATION,GO_BP,0.8452285232249945,1.2732130887771091,-1.3123851076655966
GOBP_FACE_DEVELOPMENT,GO_BP,-1.5607320155619195,1.2672107195516455,-1.16880983857802
GOBP_FACE_MORPHOGENESIS,GO_BP,-1.281630892786045,1.1928548139181354,-0.8134500627772516
GOBP_FACULTATIVE_HETEROCHROMATIN_FORMATION,GO_BP,0.9289117616376688,1.0890106389358605,-0.6299559309663753
GOBP_FATTY_ACID_BETA_OXIDATION,GO_BP,-1.1912109217368163,-1.2394557043712089,-1.400701869786843
GOBP_FATTY_ACID_BIOSYNTHETIC_PROCESS,GO_BP,0.975538722814497,-1.2629298331334482,-0.9137447556074874
GOBP_FATTY_ACID_CATABOLIC_PROCESS,GO_BP,-0.9822253840495392,-1.3269948507022828,-1.0328056305551527
GOBP_FATTY_ACID_DERIVATIVE_BIOSYNTHETIC_PROCESS,GO_BP,1.3372426179711967,-1.4096042097960042,-0.594196283071744
GOBP_FATTY_ACID_DERIVATIVE_METABOLIC_PROCESS,GO_BP,1.4269247195992754,-1.5319049378007483,0.6207511608642708
GOBP_FATTY_ACID_METABOLIC_PROCESS,GO_BP,-1.202660852952803,-1.5880926727884537,1.2122644486059295
GOBP_FATTY_ACID_TRANSMEMBRANE_TRANSPORT,GO_BP,-1.5023536412798104,1.1387694910430413,-0.5884199618063157
GOBP_FATTY_ACID_TRANSPORT,GO_BP,-1.012388088447345,-1.2777013312471424,1.1776899795218256
GOBP_FATTY_ACYL_COA_BIOSYNTHETIC_PROCESS,GO_BP,1.092773139245208,-1.355693579932902,0.5994375819102497
GOBP_FATTY_ACYL_COA_METABOLIC_PROCESS,GO_BP,1.2065978952219285,-1.3165217851038222,0.8320174039034136
GOBP_FAT_CELL_DIFFERENTIATION,GO_BP,-1.299064688595318,1.745969751819125,0.8594448227888898
GOBP_FC_EPSILON_RECEPTOR_SIGNALING_PATHWAY,GO_BP,0.6134867611023891,0.6770973569914188,1.2498550478598611
GOBP_FC_GAMMA_RECEPTOR_SIGNALING_PATHWAY,GO_BP,-0.8150715391283813,-1.5293170727066028,0.880393167347692
GOBP_FC_RECEPTOR_MEDIATED_STIMULATORY_SIGNALING_PATHWAY,GO_BP,-0.6536937051165325,-1.3220446261075651,1.2039810265733877
GOBP_FC_RECEPTOR_SIGNALING_PATHWAY,GO_BP,-0.858498126519904,-1.2664352655255962,1.086837607278326
GOBP_FEAR_RESPONSE,GO_BP,-1.3608344260918843,1.2003835720102174,-1.063094122485575
GOBP_FEEDING_BEHAVIOR,GO_BP,-1.1133548366399155,1.4868965505267449,0.7554503311170991
GOBP_FEMALE_GAMETE_GENERATION,GO_BP,1.6007045239067137,0.895806196684368,1.2921139675402444
GOBP_FEMALE_MEIOTIC_NUCLEAR_DIVISION,GO_BP,2.192179695391137,-0.9167394550580876,-0.8483872987135098
GOBP_FEMALE_SEX_DIFFERENTIATION,GO_BP,-1.3362700603991768,-1.0966222131067205,1.2774469059836189
GOBP_FERROPTOSIS,GO_BP,-1.873832115788345,-1.0857835218990968,0.7416475291669944
GOBP_FERTILIZATION,GO_BP,1.0105882960136392,-0.956941019786026,-0.8126120817142669
GOBP_FIBROBLAST_APOPTOTIC_PROCESS,GO_BP,1.166113458224063,1.2142558511104689,1.088319941009019
GOBP_FIBROBLAST_GROWTH_FACTOR_RECEPTOR_SIGNALING_PATHWAY,GO_BP,-1.5917450167884095,1.7193867936928957,0.988776422518458
GOBP_FIBROBLAST_MIGRATION,GO_BP,-1.4539328639842728,1.1787894331446456,1.131634119642296
GOBP_FIBROBLAST_PROLIFERATION,GO_BP,-1.210182803621736,1.626350048212594,-1.2068530433094202
GOBP_FILOPODIUM_ASSEMBLY,GO_BP,1.0278896438206022,-1.1526487883711265,-0.8452103838597491
GOBP_FLUID_TRANSPORT,GO_BP,1.0975125886697037,-1.115126934452419,-1.7763894015252983
GOBP_FOAM_CELL_DIFFERENTIATION,GO_BP,-1.3070394641860406,-1.6164564179275152,1.7772232230511498
GOBP_FOCAL_ADHESION_ASSEMBLY,GO_BP,-1.14069923277047,1.625400489344848,1.092450837683706
GOBP_FOLIC_ACID_CONTAINING_COMPOUND_METABOLIC_PROCESS,GO_BP,1.1695464615583029,1.0286703021198262,1.1108492844461832
GOBP_FOREBRAIN_CELL_MIGRATION,GO_BP,-1.4430292143934862,-0.9093663448115916,1.0031615082531873
GOBP_FOREBRAIN_DEVELOPMENT,GO_BP,-1.483864767227269,1.278035671930189,1.0304848202058352
GOBP_FOREBRAIN_GENERATION_OF_NEURONS,GO_BP,-1.053637793271804,1.4186207333910594,1.550548437378422
GOBP_FOREBRAIN_NEURON_DEVELOPMENT,GO_BP,-1.4648812577073171,1.5142920576155856,1.6199256054242537
GOBP_FORELIMB_MORPHOGENESIS,GO_BP,1.014891624431839,1.7332417873048025,-1.337492075756072
GOBP_FORMATION_OF_CYTOPLASMIC_TRANSLATION_INITIATION_COMPLEX,GO_BP,0.6627983610743688,-1.2641224127852286,-0.6935834845455101
GOBP_FORMATION_OF_PRIMARY_GERM_LAYER,GO_BP,-1.4720543731176927,1.4548381307533844,1.029506422685566
GOBP_G0_TO_G1_TRANSITION,GO_BP,1.1733647548939243,-0.7677179802123535,-0.8969396278667371
GOBP_GANGLIOSIDE_METABOLIC_PROCESS,GO_BP,-1.1972478923231988,-1.2201810440244467,1.1922797702091723
GOBP_GASTRULATION,GO_BP,-1.4335929132394156,1.3075522045030648,0.9165454483615488
GOBP_GASTRULATION_WITH_MOUTH_FORMING_SECOND,GO_BP,-1.1826250955902111,1.324585179356866,-1.3779753741137164
GOBP_GENERATION_OF_PRECURSOR_METABOLITES_AND_ENERGY,GO_BP,1.522971944309269,1.0002421303216684,-0.8501200772253913
GOBP_GENITALIA_DEVELOPMENT,GO_BP,-1.0726861410284094,-1.144438369315849,0.6211583993139608
GOBP_GENOMIC_IMPRINTING,GO_BP,0.6840239698233855,-0.5846442076482116,-1.367246470996219
GOBP_GLAND_DEVELOPMENT,GO_BP,-1.4710098596749213,1.523443874768895,0.9941190424549758
GOBP_GLAND_MORPHOGENESIS,GO_BP,-1.6973429531967643,1.593987991082956,1.687799308297654
GOBP_GLIAL_CELL_ACTIVATION,GO_BP,-0.9704036227646436,1.2408034843839169,-1.3333163788279576
GOBP_GLIAL_CELL_DEVELOPMENT,GO_BP,-1.358371591542047,-1.1084798273291625,-1.2359810321862554
GOBP_GLIAL_CELL_DIFFERENTIATION,GO_BP,-1.3809956400472756,1.4461801308287598,-1.0472413701151233
GOBP_GLIAL_CELL_MIGRATION,GO_BP,-0.9385717231198198,-1.492276275680201,1.3159650616737348
GOBP_GLIAL_CELL_PROLIFERATION,GO_BP,-0.965753132642397,1.038621761372594,-0.8587831903542955
GOBP_GLIOGENESIS,GO_BP,-1.3265455193211428,1.284748292035745,0.972474074523809
GOBP_GLOMERULAR_EPITHELIUM_DEVELOPMENT,GO_BP,-1.254285574512697,-0.6881276668920877,0.7297080735800591
GOBP_GLOMERULUS_DEVELOPMENT,GO_BP,-1.508391731637501,1.1832463046327544,-1.0957568257486936
GOBP_GLUCAN_BIOSYNTHETIC_PROCESS,GO_BP,-1.2196026426203652,1.557702769545063,-0.8921847448727362
GOBP_GLUCAN_METABOLIC_PROCESS,GO_BP,-1.0162926847837863,1.5811568316600362,-0.8740596842076772
GOBP_GLUCOCORTICOID_METABOLIC_PROCESS,GO_BP,-0.7530023157535337,1.242276308410057,0.7466935442988909
GOBP_GLUCOSE_6_PHOSPHATE_METABOLIC_PROCESS,GO_BP,0.8299498662352992,-1.03187114435786,0.6532063316011353
GOBP_GLUCOSE_CATABOLIC_PROCESS,GO_BP,2.2308872332506677,0.8005874221158373,-0.8223724684488539
GOBP_GLUCOSE_METABOLIC_PROCESS,GO_BP,1.5593343938191535,1.4133980851598114,0.8455867699415576
GOBP_GLUTAMATE_METABOLIC_PROCESS,GO_BP,-1.0555619827784772,-1.1958278915604543,1.0897803481002428
GOBP_GLUTAMATE_RECEPTOR_SIGNALING_PATHWAY,GO_BP,-1.5732807917155036,1.162322358461113,1.2910301108850155
GOBP_GLUTAMATE_SECRETION,GO_BP,1.016530123681975,1.5692933769372075,-0.9104777881569256
GOBP_GLUTAMINE_FAMILY_AMINO_ACID_METABOLIC_PROCESS,GO_BP,-1.3854348389226,-1.4454278800725109,0.6506430084428102
GOBP_GLUTATHIONE_METABOLIC_PROCESS,GO_BP,0.8742429648494494,-1.1108959609851567,0.8866350087375868
GOBP_GLYCEROLIPID_BIOSYNTHETIC_PROCESS,GO_BP,-1.139996056638827,-1.0868866919038895,1.2411001619721596
GOBP_GLYCEROLIPID_CATABOLIC_PROCESS,GO_BP,-0.8903568765233714,-1.242400697618797,1.4961059206891631
GOBP_GLYCEROLIPID_METABOLIC_PROCESS,GO_BP,-1.235371626129716,-1.3904708906795415,1.2327202809868163
GOBP_GLYCEROPHOSPHOLIPID_BIOSYNTHETIC_PROCESS,GO_BP,-0.9680165038437042,-0.9104259170398052,1.0172077164515376
GOBP_GLYCEROPHOSPHOLIPID_CATABOLIC_PROCESS,GO_BP,0.8779305105457806,-1.9650550500636683,1.4757308084012473
GOBP_GLYCEROPHOSPHOLIPID_METABOLIC_PROCESS,GO_BP,-1.071494620872178,-1.4396043746045877,1.0654103956619116
GOBP_GLYCOLIPID_BIOSYNTHETIC_PROCESS,GO_BP,-1.054843273196141,-1.045538272659113,0.7229335183073352
GOBP_GLYCOLIPID_CATABOLIC_PROCESS,GO_BP,-1.2589136206233515,-1.2080445838679814,-0.4012318482615473
GOBP_GLYCOLYTIC_PROCESS_THROUGH_FRUCTOSE_6_PHOSPHATE,GO_BP,2.178211193382805,0.8804246723767668,-0.6355785652125818
GOBP_GLYCOLYTIC_PROCESS_THROUGH_GLUCOSE_6_PHOSPHATE,GO_BP,2.172102033746965,-0.8645286545458392,-0.6227987767589639
GOBP_GLYCOPROTEIN_BIOSYNTHETIC_PROCESS,GO_BP,-1.2883646000053643,1.2038335199063348,1.0828759406950137
GOBP_GLYCOPROTEIN_CATABOLIC_PROCESS,GO_BP,-1.3564933838801518,-1.3162402027971531,-0.8021579631203513
GOBP_GLYCOPROTEIN_METABOLIC_PROCESS,GO_BP,-1.4066731996736823,1.1877565589477002,1.0280518937571532
GOBP_GLYCOSAMINOGLYCAN_BIOSYNTHETIC_PROCESS,GO_BP,1.186886115898928,-0.9298533464279614,1.0142296899541288
GOBP_GLYCOSAMINOGLYCAN_CATABOLIC_PROCESS,GO_BP,-0.8195991540053262,0.9646540678494228,1.5495066821014662
GOBP_GLYCOSAMINOGLYCAN_METABOLIC_PROCESS,GO_BP,-1.055915220057828,0.8565751710988461,1.2727103762992038
GOBP_GLYCOSPHINGOLIPID_BIOSYNTHETIC_PROCESS,GO_BP,-1.1848245504130843,1.0116412095036018,1.2533899583510912
GOBP_GLYCOSPHINGOLIPID_METABOLIC_PROCESS,GO_BP,-1.413307453778636,0.9537237822972858,1.0183067939941624
GOBP_GLYCOSYL_COMPOUND_BIOSYNTHETIC_PROCESS,GO_BP,1.948460189863749,-1.0256347958191927,-0.8217845356805568
GOBP_GLYCOSYL_COMPOUND_CATABOLIC_PROCESS,GO_BP,1.5664865304019,0.8763186740671125,0.9626982257648536
GOBP_GMP_METABOLIC_PROCESS,GO_BP,1.8245807209546967,-0.5800954947978776,1.3012365766574667
GOBP_GOLGI_ORGANIZATION,GO_BP,-1.197986400334049,1.3722359652151537,0.8585014745495133
GOBP_GOLGI_TO_ENDOSOME_TRANSPORT,GO_BP,-1.049920373491999,-0.8518212895832162,-0.669221654394409
GOBP_GOLGI_TO_PLASMA_MEMBRANE_PROTEIN_TRANSPORT,GO_BP,-0.8387779199758918,-0.6703994309202197,0.9701364355872212
GOBP_GOLGI_TO_PLASMA_MEMBRANE_TRANSPORT,GO_BP,-0.7925460089384774,1.0198240070006803,0.930005985448409
GOBP_GOLGI_TO_VACUOLE_TRANSPORT,GO_BP,-1.2332618357854872,0.9746839701095512,-0.6605205967129016
GOBP_GOLGI_VESICLE_TRANSPORT,GO_BP,-1.2413241336747605,1.4714761847068547,0.6413250419282174
GOBP_GPI_ANCHOR_METABOLIC_PROCESS,GO_BP,-0.3738979156608596,-1.7345257570333683,-1.174779533828738
GOBP_GRANULOCYTE_ACTIVATION,GO_BP,-0.9484808330190564,-1.2696012559873513,2.015508560359284
GOBP_GRANULOCYTE_CHEMOTAXIS,GO_BP,-1.268049454353852,1.2251194982895544,2.5633263905064863
GOBP_GRANULOCYTE_DIFFERENTIATION,GO_BP,-0.9219140936561564,1.2331229415490397,0.9907851711497688
GOBP_GRANULOCYTE_MIGRATION,GO_BP,-1.0605738023730065,1.1454427602977462,2.4895210504353016
GOBP_GROWTH_PLATE_CARTILAGE_DEVELOPMENT,GO_BP,0.8873264461453243,1.725359359585041,-1.4886290009349228
GOBP_GTP_METABOLIC_PROCESS,GO_BP,-0.8688379297124471,-1.0621718265099316,0.472121720880105
GOBP_G_PROTEIN_COUPLED_DOPAMINE_RECEPTOR_SIGNALING_PATHWAY,GO_BP,-1.2214200822424206,0.8098118902177018,-0.9268481949231184
GOBP_HAIR_CELL_DIFFERENTIATION,GO_BP,0.9098722388100692,-1.2445487412223184,0.7307801777350558
GOBP_HEAD_MORPHOGENESIS,GO_BP,-1.37312725082608,1.1292391314400594,-1.0996480434383584
GOBP_HEART_FORMATION,GO_BP,-1.3745944466715472,1.2374494312946154,0.9235145369936456
GOBP_HEART_GROWTH,GO_BP,-1.2649840441770244,1.611131513083465,1.0317737211085145
GOBP_HEART_MORPHOGENESIS,GO_BP,-1.596029228207495,1.9141502867574836,-0.9170220860260554
GOBP_HEART_PROCESS,GO_BP,-1.8299286058277389,1.4936659441103957,0.7707787969183483
GOBP_HEART_TRABECULA_MORPHOGENESIS,GO_BP,-0.9681442760298424,1.0511219618356589,0.8395011306197769
GOBP_HEART_VALVE_DEVELOPMENT,GO_BP,-1.3229831194377135,1.4946823591944258,0.8014909924299686
GOBP_HEART_VALVE_MORPHOGENESIS,GO_BP,-1.4041142161612283,1.490702097414059,0.7972723956513046
GOBP_HEMATOPOIETIC_OR_LYMPHOID_ORGAN_DEVELOPMENT,GO_BP,-1.374413822208856,1.7419600953604513,1.3565310604789746
GOBP_HEMATOPOIETIC_PROGENITOR_CELL_DIFFERENTIATION,GO_BP,1.0710996226085616,0.8266723359696885,1.0093371011209828
GOBP_HEMATOPOIETIC_STEM_CELL_DIFFERENTIATION,GO_BP,-0.9079129134130516,0.8775254447762704,1.2145725123205002
GOBP_HEMATOPOIETIC_STEM_CELL_HOMEOSTASIS,GO_BP,-1.2150928535468983,0.8741320593604197,-0.9682609840332396
GOBP_HEMATOPOIETIC_STEM_CELL_PROLIFERATION,GO_BP,-1.350050740520718,1.447263558376408,0.7088819254861757
GOBP_HEMOGLOBIN_METABOLIC_PROCESS,GO_BP,-0.8317059421694498,0.8436582870493613,0.8674159302458332
GOBP_HEMOSTASIS,GO_BP,-1.290982313786047,1.2402393896492232,1.3053318716306763
GOBP_HEPARAN_SULFATE_PROTEOGLYCAN_BIOSYNTHETIC_PROCESS,GO_BP,1.295641244418738,-0.6414756533307018,-0.6025307368799457
GOBP_HEPARAN_SULFATE_PROTEOGLYCAN_METABOLIC_PROCESS,GO_BP,-1.0399416569826834,-0.8580102236483429,-0.6800986243605966
GOBP_HEPARIN_PROTEOGLYCAN_METABOLIC_PROCESS,GO_BP,-1.1489573243293956,-0.8268087910371213,-0.7432849230779964
GOBP_HEPATICOBILIARY_SYSTEM_DEVELOPMENT,GO_BP,1.1215109280941606,1.1339962811037512,0.9590423868768828
GOBP_HEPATOCYTE_APOPTOTIC_PROCESS,GO_BP,0.6712674486577423,1.1520545230342147,0.8858811643246632
GOBP_HETEROCHROMATIN_ORGANIZATION,GO_BP,1.7825592044245018,1.1509401252618323,0.7362046019424912
GOBP_HETEROPHILIC_CELL_CELL_ADHESION,GO_BP,-1.6654038696596698,1.4853063599410885,1.9441119834586251
GOBP_HETEROTYPIC_CELL_CELL_ADHESION,GO_BP,-1.4535745455231857,-1.2737759316728094,1.270116294855164
GOBP_HINDBRAIN_DEVELOPMENT,GO_BP,-1.3507440505981756,1.6259831776523672,-1.231399365738442
GOBP_HINDBRAIN_MORPHOGENESIS,GO_BP,0.8423136599924553,1.1062488382690994,-0.9078748291994166
GOBP_HINDLIMB_MORPHOGENESIS,GO_BP,-1.1743987096951776,1.0492950384738753,-1.5881756491736547
GOBP_HIPPOCAMPUS_DEVELOPMENT,GO_BP,-1.0308231193248212,1.345023740461214,0.9706446573197584
GOBP_HIPPO_SIGNALING,GO_BP,-1.1779840007980087,1.763459543671617,1.1976657837235
GOBP_HISTONE_MRNA_CATABOLIC_PROCESS,GO_BP,1.6961952336973258,0.8460253989541475,0.6397445223917518
GOBP_HISTONE_MRNA_METABOLIC_PROCESS,GO_BP,1.7360566628574785,0.8489866158406243,-0.7039518154508829
GOBP_HOMEOSTASIS_OF_NUMBER_OF_CELLS,GO_BP,-1.259923327989567,1.3204949893084104,1.487927105685328
GOBP_HOMEOSTASIS_OF_NUMBER_OF_CELLS_WITHIN_A_TISSUE,GO_BP,-1.0805642508560758,1.224783923580474,1.263949192226037
GOBP_HOMOLOGOUS_CHROMOSOME_PAIRING_AT_MEIOSIS,GO_BP,1.3798663122936228,-0.674054968105597,1.3294726618703758
GOBP_HOMOLOGOUS_CHROMOSOME_SEGREGATION,GO_BP,1.950933882494989,0.6166673624663112,1.1358505617404768
GOBP_HOMOLOGOUS_RECOMBINATION,GO_BP,2.161695469679489,0.6898415377406425,-0.7833238428904067
GOBP_HOMOPHILIC_CELL_CELL_ADHESION,GO_BP,-1.92688869286281,0.809282791230994,-0.8211967654044157
GOBP_HOMOTYPIC_CELL_CELL_ADHESION,GO_BP,-1.0717876158964796,-1.4426413703303484,1.1856174327750142
GOBP_HORMONE_BIOSYNTHETIC_PROCESS,GO_BP,-0.9569511162445504,1.537114338276997,1.5651186285134395
GOBP_HORMONE_MEDIATED_SIGNALING_PATHWAY,GO_BP,-1.5125219481761196,1.6560704770680743,-0.841978136513907
GOBP_HORMONE_METABOLIC_PROCESS,GO_BP,-1.353635285100783,1.1645502555884943,1.496123046477586
GOBP_HORMONE_TRANSPORT,GO_BP,-0.9606093660946978,1.099254848707731,0.7127528086973732
GOBP_HOST_MEDIATED_ACTIVATION_OF_VIRAL_PROCESS,GO_BP,0.7707810248754262,1.0530720965213556,1.1275846569531909
GOBP_HOST_MEDIATED_ACTIVATION_OF_VIRAL_TRANSCRIPTION,GO_BP,1.585882086210431,1.2378082966601531,0.7469295251427815
GOBP_HOST_MEDIATED_PERTURBATION_OF_VIRAL_PROCESS,GO_BP,0.945219980981018,1.3833631177332788,1.2846616676703049
GOBP_HOST_MEDIATED_PERTURBATION_OF_VIRAL_TRANSCRIPTION,GO_BP,1.7270271375014483,1.5610219870144506,0.8841701797047192
GOBP_HOST_MEDIATED_SUPPRESSION_OF_SYMBIONT_INVASION,GO_BP,-0.8203073346409356,1.735515728399838,1.4761320874574442
GOBP_HUMORAL_IMMUNE_RESPONSE,GO_BP,-1.1953004201378217,1.253765966599062,2.434969538660402
GOBP_HUMORAL_IMMUNE_RESPONSE_MEDIATED_BY_CIRCULATING_IMMUNOGLOBULIN,GO_BP,-1.5189606720465194,0.9551407358078912,1.8331478672143724
GOBP_HYALURONAN_METABOLIC_PROCESS,GO_BP,-0.8581883253459724,0.9005815205186158,1.6391623515477027
GOBP_HYDROGEN_PEROXIDE_METABOLIC_PROCESS,GO_BP,-1.190906205939553,-1.051898345331251,0.8107932185494301
GOBP_HYPEROSMOTIC_RESPONSE,GO_BP,-1.0286872070832656,1.3665638833965987,1.1348219072993413
GOBP_HYPOTHALAMUS_DEVELOPMENT,GO_BP,-1.0259316548455697,0.9522983254402504,-1.1317936309947036
GOBP_ICOSANOID_BIOSYNTHETIC_PROCESS,GO_BP,1.2756343618420307,1.087017935716275,0.9134445857988484
GOBP_ICOSANOID_METABOLIC_PROCESS,GO_BP,-1.0356204511012246,1.0357370771121397,1.4856110682873072
GOBP_ICOSANOID_SECRETION,GO_BP,1.046918105667669,-1.2578241620470318,1.4137723580469466
GOBP_ICOSANOID_TRANSPORT,GO_BP,1.1092936913894855,-1.182936521990215,1.501851244555849
GOBP_IMMUNE_EFFECTOR_PROCESS,GO_BP,-1.1337419291258737,1.1687178064051758,1.73694074502578
GOBP_IMMUNE_RESPONSE_REGULATING_CELL_SURFACE_RECEPTOR_SIGNALING_PATHWAY,GO_BP,-1.117651564153731,1.004558581870688,1.8905501026232487
GOBP_IMMUNE_RESPONSE_REGULATING_CELL_SURFACE_RECEPTOR_SIGNALING_PATHWAY_INVOLVED_IN_PHAGOCYTOSIS,GO_BP,-0.8150715391283813,-1.5293170727066028,0.880393167347692
GOBP_IMMUNE_RESPONSE_REGULATING_SIGNALING_PATHWAY,GO_BP,-1.2123605531414168,1.033463636233521,1.8511858938406127
GOBP_IMMUNE_RESPONSE_TO_TUMOR_CELL,GO_BP,1.1042317701267947,-0.9597938390451302,-0.5257724976657787
GOBP_IMMUNE_SYSTEM_DEVELOPMENT,GO_BP,-1.0172220459653798,1.46459483734378,1.694029684274571
GOBP_IMMUNOGLOBULIN_PRODUCTION,GO_BP,1.4546659194375602,0.9951220223833838,1.2113026109017777
GOBP_IMMUNOGLOBULIN_PRODUCTION_INVOLVED_IN_IMMUNOGLOBULIN_MEDIATED_IMMUNE_RESPONSE,GO_BP,1.20483260537993,1.0608386168331714,1.4146269508605926
GOBP_IMPORT_ACROSS_PLASMA_MEMBRANE,GO_BP,-1.812923906669614,1.6412076950386638,1.636243387127389
GOBP_IMPORT_INTO_NUCLEUS,GO_BP,1.121613025656095,1.430467831994918,1.057210829156682
GOBP_INCLUSION_BODY_ASSEMBLY,GO_BP,-1.0898427808621265,-1.8559591743055617,0.7722490604271853
GOBP_INFLAMMASOME_MEDIATED_SIGNALING_PATHWAY,GO_BP,-1.1722817056508554,1.0968141236878146,1.281024754859658
GOBP_INFLAMMATORY_RESPONSE_TO_ANTIGENIC_STIMULUS,GO_BP,-1.3434408657897898,-0.8900127767574071,1.625597025423268
GOBP_INFLAMMATORY_RESPONSE_TO_WOUNDING,GO_BP,0.873860017058728,1.365766291361319,1.0958753133388572
GOBP_INNATE_IMMUNE_RESPONSE_ACTIVATING_CELL_SURFACE_RECEPTOR_SIGNALING_PATHWAY,GO_BP,-1.2652307461893326,1.013127116994238,1.8550564500255025
GOBP_INNERVATION,GO_BP,-1.1259722435309063,1.4274875967755032,1.0147039526134456
GOBP_INNER_CELL_MASS_CELL_PROLIFERATION,GO_BP,1.504928849065189,0.7572739460256731,-0.6441701849540444
GOBP_INNER_EAR_AUDITORY_RECEPTOR_CELL_DIFFERENTIATION,GO_BP,0.8117915324409065,-1.2176854919272253,-0.944734257900246
GOBP_INNER_EAR_MORPHOGENESIS,GO_BP,-1.3448379614344532,1.3274230936984723,-0.8583231084424195
GOBP_INNER_EAR_RECEPTOR_CELL_DEVELOPMENT,GO_BP,-1.3996652231618127,1.3900126183710424,0.7083467367639329
GOBP_INNER_EAR_RECEPTOR_CELL_STEREOCILIUM_ORGANIZATION,GO_BP,-0.5569317501020749,1.468229885456762,0.851720512637495
GOBP_INNER_MITOCHONDRIAL_MEMBRANE_ORGANIZATION,GO_BP,1.0346124310724976,-0.5226365364682388,0.8630905039577728
GOBP_INORGANIC_ANION_TRANSPORT,GO_BP,-1.2620128401671913,1.4860385353434704,0.8554859998098958
GOBP_INORGANIC_ION_HOMEOSTASIS,GO_BP,-1.4522395093183882,1.2639904908927044,1.3918272917504018
GOBP_INORGANIC_ION_IMPORT_ACROSS_PLASMA_MEMBRANE,GO_BP,-1.7091436434445038,1.0973512317250835,1.7599465466285928
GOBP_INOSITOL_PHOSPHATE_BIOSYNTHETIC_PROCESS,GO_BP,0.923388355463506,-0.7858441359525573,0.8847756320243148
GOBP_INOSITOL_PHOSPHATE_METABOLIC_PROCESS,GO_BP,-0.9960910078170848,-0.804850264327207,0.9317439888921808
GOBP_INSULIN_LIKE_GROWTH_FACTOR_RECEPTOR_SIGNALING_PATHWAY,GO_BP,-1.9154875826826832,1.0383588510702584,-1.5464699860098128
GOBP_INSULIN_METABOLIC_PROCESS,GO_BP,0.947668170891532,0.7690491304475077,1.3154190207641887
GOBP_INSULIN_RECEPTOR_SIGNALING_PATHWAY,GO_BP,-1.2600402282336294,1.114258500734526,0.7071811809657609
GOBP_INSULIN_SECRETION,GO_BP,0.9044923289932226,1.0149523916677436,0.775609278833404
GOBP_INSULIN_SECRETION_INVOLVED_IN_CELLULAR_RESPONSE_TO_GLUCOSE_STIMULUS,GO_BP,0.8002595424165326,0.8310187499756507,-0.8443413472247995
GOBP_INTEGRATED_STRESS_RESPONSE_SIGNALING,GO_BP,-1.3043420617532169,2.03106942503177,1.140808236859988
GOBP_INTEGRIN_ACTIVATION,GO_BP,-1.1525528230525963,1.2158652333668356,0.8082355951592031
GOBP_INTEGRIN_MEDIATED_SIGNALING_PATHWAY,GO_BP,-1.580386736378789,1.343297166455221,1.0374537781672295
GOBP_INTERFERON_ALPHA_PRODUCTION,GO_BP,0.8561213196470322,1.2986584745297416,1.0531338328212212
GOBP_INTERFERON_BETA_PRODUCTION,GO_BP,-0.9190721772792012,0.8417316886104995,1.8132534964565457
GOBP_INTERFERON_MEDIATED_SIGNALING_PATHWAY,GO_BP,0.7784284636572423,1.5493590596067115,1.3411270752162727
GOBP_INTERLEUKIN_10_PRODUCTION,GO_BP,1.2843870844811418,1.2070091290678264,1.1616820619711234
GOBP_INTERLEUKIN_12_PRODUCTION,GO_BP,-0.8665178242677128,0.8564908630471136,1.7036467821967265
GOBP_INTERLEUKIN_13_PRODUCTION,GO_BP,-0.966438738873902,0.9177070875936684,-0.6456128162007937
GOBP_INTERLEUKIN_17_PRODUCTION,GO_BP,-1.202566016720379,1.3290129001568003,0.8198028633477776
GOBP_INTERLEUKIN_1_MEDIATED_SIGNALING_PATHWAY,GO_BP,1.1979345061764348,0.9250888348112236,1.8024931065284815
GOBP_INTERLEUKIN_1_PRODUCTION,GO_BP,0.9705208793258104,0.984693954645976,1.5328295323892691
GOBP_INTERLEUKIN_2_PRODUCTION,GO_BP,-0.9874478819950204,0.7830862838012959,1.9311534630522549
GOBP_INTERLEUKIN_4_PRODUCTION,GO_BP,-1.4899772189062817,0.7793942455146792,-0.5955128993606842
GOBP_INTERLEUKIN_6_PRODUCTION,GO_BP,-1.0175259365019438,1.3279126921618132,1.6173299015423528
GOBP_INTERLEUKIN_8_PRODUCTION,GO_BP,-1.139338846932251,-1.0786859167157183,1.0846418508409186
GOBP_INTERMEDIATE_FILAMENT_BASED_PROCESS,GO_BP,-1.0759117460045386,-1.1756561633032672,0.8593982753141914
GOBP_INTERMEDIATE_FILAMENT_ORGANIZATION,GO_BP,-1.180693330331683,-1.3107404638339477,0.8175049133425023
GOBP_INTERMEMBRANE_LIPID_TRANSFER,GO_BP,-0.8035196083540569,-0.942286194501717,-0.644412520912638
GOBP_INTERSTRAND_CROSS_LINK_REPAIR,GO_BP,2.093065386751577,-1.1969622477888475,-0.7949024814903571
GOBP_INTESTINAL_ABSORPTION,GO_BP,-1.227514695001353,1.3335941217242786,1.8626591600431144
GOBP_INTRACELLULAR_GLUCOSE_HOMEOSTASIS,GO_BP,-1.2486179767551286,1.450613897073032,1.3599532835126014
GOBP_INTRACELLULAR_IRON_ION_HOMEOSTASIS,GO_BP,-0.9871104449154726,1.2174914542791584,1.5685307524664982
GOBP_INTRACELLULAR_LIPID_TRANSPORT,GO_BP,-0.9182035387553396,-1.1959113899568112,0.604933978423036
GOBP_INTRACELLULAR_MRNA_LOCALIZATION,GO_BP,-0.8252712554088972,1.0626411036366772,-1.161463767158001
GOBP_INTRACELLULAR_PH_REDUCTION,GO_BP,-1.2552783955977669,1.0490043076473643,0.7862190488438552
GOBP_INTRACELLULAR_PROTEIN_TRANSMEMBRANE_TRANSPORT,GO_BP,-0.668215503931542,1.2528055977883792,1.1803770957229516
GOBP_INTRACELLULAR_RECEPTOR_SIGNALING_PATHWAY,GO_BP,-1.4449060517993189,1.479446716957468,1.439065197741403
GOBP_INTRACELLULAR_STEROL_TRANSPORT,GO_BP,0.8153589246053737,-1.2183066103002202,0.6465668549730043
GOBP_INTRACELLULAR_ZINC_ION_HOMEOSTASIS,GO_BP,0.8440426682049962,1.56252737056687,1.956286780760753
GOBP_INTRACILIARY_TRANSPORT,GO_BP,-0.6834950417541792,-1.4658380756619929,-0.734301516677213
GOBP_INTRA_GOLGI_VESICLE_MEDIATED_TRANSPORT,GO_BP,-1.0854034191433162,1.324335173837761,0.5549917313522283
GOBP_INTRINSIC_APOPTOTIC_SIGNALING_PATHWAY,GO_BP,1.1511233645397123,1.5391899671577352,1.216525541424875
GOBP_INTRINSIC_APOPTOTIC_SIGNALING_PATHWAY_BY_P53_CLASS_MEDIATOR,GO_BP,1.2577404441781035,1.000711487111708,0.9811083508407522
GOBP_INTRINSIC_APOPTOTIC_SIGNALING_PATHWAY_IN_RESPONSE_TO_DNA_DAMAGE,GO_BP,1.231248761049418,1.3169521179843968,1.0194639052426684
GOBP_INTRINSIC_APOPTOTIC_SIGNALING_PATHWAY_IN_RESPONSE_TO_DNA_DAMAGE_BY_P53_CLASS_MEDIATOR,GO_BP,0.907935726429768,0.995893763120245,0.8974485171485218
GOBP_INTRINSIC_APOPTOTIC_SIGNALING_PATHWAY_IN_RESPONSE_TO_ENDOPLASMIC_RETICULUM_STRESS,GO_BP,-1.500881356535021,1.4626554655321231,1.0450412727425076
GOBP_INTRINSIC_APOPTOTIC_SIGNALING_PATHWAY_IN_RESPONSE_TO_OXIDATIVE_STRESS,GO_BP,1.047037219729493,1.3001127258674825,0.9334594165194796
GOBP_IN_UTERO_EMBRYONIC_DEVELOPMENT,GO_BP,1.2342437419479872,1.283718736334046,0.8576895801564597
GOBP_IRE1_MEDIATED_UNFOLDED_PROTEIN_RESPONSE,GO_BP,-1.1859056966241452,1.2059094827740098,1.324555811064367
GOBP_IRON_ION_TRANSMEMBRANE_TRANSPORT,GO_BP,-1.20553850112098,-0.9751522628690436,1.6562095716106469
GOBP_IRON_ION_TRANSPORT,GO_BP,-1.3762058016542411,-0.9186821684435624,1.6278951552422474
GOBP_ISOPRENOID_BIOSYNTHETIC_PROCESS,GO_BP,0.7140459623670924,-2.052271379937005,1.188957093930903
GOBP_ISOPRENOID_METABOLIC_PROCESS,GO_BP,-1.4734028737201492,-1.874439969864721,1.5677760574917423
GOBP_JNK_CASCADE,GO_BP,-1.2068720747790966,1.3663388068603215,1.1703934181055289
GOBP_KERATINOCYTE_DIFFERENTIATION,GO_BP,-1.6357323053893105,1.6634393446471791,1.6460531015148112
GOBP_KERATINOCYTE_PROLIFERATION,GO_BP,-1.7248606612889403,1.5726288472738323,1.4518070053764598
GOBP_KETONE_BIOSYNTHETIC_PROCESS,GO_BP,-0.9061706753879362,1.121448632961208,0.9045623285082862
GOBP_KETONE_METABOLIC_PROCESS,GO_BP,-0.875952922999988,-1.2365804954276471,0.8998686099739718
GOBP_KIDNEY_EPITHELIUM_DEVELOPMENT,GO_BP,-1.4501350817617102,1.67186044898596,1.0349215056579626
GOBP_KIDNEY_MORPHOGENESIS,GO_BP,-1.3774966412890397,1.843205161495856,-1.047938645176015
GOBP_KINETOCHORE_ORGANIZATION,GO_BP,2.533929451030688,-1.0200054160847551,-1.1356135141862234
GOBP_LABYRINTHINE_LAYER_DEVELOPMENT,GO_BP,-1.1069461180491444,1.6403785520712852,0.8139929164072356
GOBP_LACTATION,GO_BP,1.0869063426244945,1.7005180582998287,0.7293064985835545
GOBP_LAMELLIPODIUM_ASSEMBLY,GO_BP,1.0656312301344215,-1.1086446511904209,-0.7203715241765789
GOBP_LAMELLIPODIUM_MORPHOGENESIS,GO_BP,-0.755382620992903,0.8963848538897241,1.4458145016375592
GOBP_LAMELLIPODIUM_ORGANIZATION,GO_BP,0.9837553824732174,1.040923977337165,0.91974134296582
GOBP_LATE_ENDOSOME_TO_LYSOSOME_TRANSPORT,GO_BP,-0.9804732488199512,-0.6862164401249052,-1.1341222297344964
GOBP_LATE_ENDOSOME_TO_VACUOLE_TRANSPORT,GO_BP,-0.963142217463796,0.7074179826660014,0.7093957471337771
GOBP_LATE_ENDOSOME_TO_VACUOLE_TRANSPORT_VIA_MULTIVESICULAR_BODY_SORTING_PATHWAY,GO_BP,-0.8602205753325345,0.6929048104801069,0.8086632768383707
GOBP_LEARNING,GO_BP,-1.4393999728512463,0.9157200361404272,-0.9011126279436792
GOBP_LEARNING_OR_MEMORY,GO_BP,-1.578754781113517,1.0117022302320169,-1.1299533632861989
GOBP_LENS_DEVELOPMENT_IN_CAMERA_TYPE_EYE,GO_BP,-1.5116382562219886,1.6087177151905534,0.5973129826838534
GOBP_LENS_FIBER_CELL_DIFFERENTIATION,GO_BP,0.9078137543789512,1.4620546959513163,0.9550252223480248
GOBP_LENS_MORPHOGENESIS_IN_CAMERA_TYPE_EYE,GO_BP,-1.2090986905704233,1.7907095643514148,0.8139980070926376
GOBP_LEUKOCYTE_ADHESION_TO_VASCULAR_ENDOTHELIAL_CELL,GO_BP,-1.5375800359245542,1.6070818928013153,2.04459635502661
GOBP_LEUKOCYTE_APOPTOTIC_PROCESS,GO_BP,-1.299585055359311,1.1317228507590598,1.4635855675146727
GOBP_LEUKOCYTE_CELL_CELL_ADHESION,GO_BP,-1.2544223472393583,1.3537224958663518,1.980360108166517
GOBP_LEUKOCYTE_CHEMOTAXIS,GO_BP,-1.562033284269439,1.4826144764821558,2.433072373876352
GOBP_LEUKOCYTE_DEGRANULATION,GO_BP,1.4954046646650188,0.8649815933939096,0.7947547058994436
GOBP_LEUKOCYTE_HOMEOSTASIS,GO_BP,-0.9699840284234652,1.3000820027998865,2.0550085759313226
GOBP_LEUKOCYTE_MEDIATED_CYTOTOXICITY,GO_BP,-1.1116398604038955,0.9732240370023232,2.0678065215343597
GOBP_LEUKOCYTE_MEDIATED_IMMUNITY,GO_BP,1.0789846047738765,1.0468810872792609,1.8244136092814
GOBP_LEUKOCYTE_MIGRATION,GO_BP,-1.374284551584457,1.4365406531008016,2.389179261474719
GOBP_LEUKOCYTE_PROLIFERATION,GO_BP,-1.271410189062109,1.2301799107255234,1.8832446937266487
GOBP_LEUKOCYTE_TETHERING_OR_ROLLING,GO_BP,-1.3085816285443437,1.4108796215600277,1.3889647631528097
GOBP_LIGAND_GATED_ION_CHANNEL_SIGNALING_PATHWAY,GO_BP,-1.4883995349151176,0.966365023836545,-1.0692832717710663
GOBP_LIMBIC_SYSTEM_DEVELOPMENT,GO_BP,-1.1518607193789765,1.1835419848900477,0.78402076999288
GOBP_LIPID_CATABOLIC_PROCESS,GO_BP,-1.4694257783866067,-1.584507807010373,0.942169728373834
GOBP_LIPID_DROPLET_ORGANIZATION,GO_BP,-1.3184901806214024,0.8144780084862494,0.9613016076016208
GOBP_LIPID_EXPORT_FROM_CELL,GO_BP,-1.0913120423181433,1.1691537817854358,1.3037910148765557
GOBP_LIPID_HOMEOSTASIS,GO_BP,-1.7150188510974056,1.0864992979477264,1.0308345238806875
GOBP_LIPID_IMPORT_INTO_CELL,GO_BP,-1.879397428043173,1.0888701844680524,0.8419056841636231
GOBP_LIPID_LOCALIZATION,GO_BP,-1.5221142505696283,-1.0769318472408262,1.5884318055002775
GOBP_LIPID_MODIFICATION,GO_BP,-1.1258889201147773,-1.2950710865698334,-0.8320186271408818
GOBP_LIPID_OXIDATION,GO_BP,-1.3132957295368983,-1.0837886923467328,-1.1368122700862708
GOBP_LIPID_TRANSLOCATION,GO_BP,-1.522087420819852,1.0098359987758978,1.1935289314184423
GOBP_LIPOPOLYSACCHARIDE_MEDIATED_SIGNALING_PATHWAY,GO_BP,0.9643861436235056,0.9347437394322584,2.0909305519306183
GOBP_LIPOPROTEIN_BIOSYNTHETIC_PROCESS,GO_BP,-1.3913704504300863,0.9245775563620788,0.8896353772169935
GOBP_LIPOPROTEIN_LOCALIZATION,GO_BP,-1.1756443928295952,-0.7332645000764513,0.6088083002701605
GOBP_LIPOPROTEIN_METABOLIC_PROCESS,GO_BP,-1.5726187038965616,-0.8479586440229098,1.3727893906147488
GOBP_LIPOSACCHARIDE_METABOLIC_PROCESS,GO_BP,-1.2985384578664223,-1.2163125161684083,0.6103192783137976
GOBP_LIVER_MORPHOGENESIS,GO_BP,-1.425293522016654,1.3289031255794588,1.6043004145848283
GOBP_LIVER_REGENERATION,GO_BP,1.335430952440796,1.2179979150929987,-0.8678411326651679
GOBP_LOCOMOTORY_BEHAVIOR,GO_BP,-1.2266648509392617,1.2749810458991049,-1.3827065330701405
GOBP_LONG_CHAIN_FATTY_ACID_IMPORT_INTO_CELL,GO_BP,-1.808423384638865,1.117107368299939,0.6404583877837944
GOBP_LONG_CHAIN_FATTY_ACID_METABOLIC_PROCESS,GO_BP,-0.8395861462494119,-1.2942234233241188,1.124132843056287
GOBP_LONG_CHAIN_FATTY_ACID_TRANSPORT,GO_BP,-1.3149886388589864,-1.4080484803844493,0.9704487689624016
GOBP_LONG_CHAIN_FATTY_ACYL_COA_METABOLIC_PROCESS,GO_BP,1.2952164507385613,-0.8482278824168258,0.7861654170422031
GOBP_LONG_TERM_MEMORY,GO_BP,-1.4774212871566768,0.996106094855686,-0.8030829608733964
GOBP_LONG_TERM_SYNAPTIC_DEPRESSION,GO_BP,-1.479841811129665,0.9493223942878376,-1.1553992027000588
GOBP_LONG_TERM_SYNAPTIC_POTENTIATION,GO_BP,-1.1238078884915417,-1.110490094489922,-1.0720134654016449
GOBP_LOW_DENSITY_LIPOPROTEIN_PARTICLE_CLEARANCE,GO_BP,-1.4519702305053783,-1.009134073850752,1.2290622164184726
GOBP_LUNG_ALVEOLUS_DEVELOPMENT,GO_BP,-2.03265335478035,0.9405711732725324,-0.9114061797122592
GOBP_LUNG_CELL_DIFFERENTIATION,GO_BP,-1.3535422339858147,1.1694777545744075,1.3143528782098033
GOBP_LUNG_EPITHELIUM_DEVELOPMENT,GO_BP,-1.4591526176388523,1.6458436455043988,1.1012714852328669
GOBP_LUNG_MORPHOGENESIS,GO_BP,-1.2731697857006343,1.816270273289463,1.0858169746066615
GOBP_LYMPHOCYTE_ACTIVATION_INVOLVED_IN_IMMUNE_RESPONSE,GO_BP,1.0144549914750192,1.4739918271154044,1.5565992203924244
GOBP_LYMPHOCYTE_APOPTOTIC_PROCESS,GO_BP,-1.0212186653008366,1.2079084964786104,1.4759891984430842
GOBP_LYMPHOCYTE_CHEMOTAXIS,GO_BP,-1.5950479486204092,1.4401020213140072,2.038428481109952
GOBP_LYMPHOCYTE_COSTIMULATION,GO_BP,-1.3819147246404302,-0.8625872719201723,1.4138618065147095
GOBP_LYMPHOCYTE_DIFFERENTIATION,GO_BP,1.0311655245376738,1.5323616671109324,1.4707227200149515
GOBP_LYMPHOCYTE_HOMEOSTASIS,GO_BP,-1.0005629454619278,1.3487141934260871,1.3898136330793276
GOBP_LYMPHOCYTE_MEDIATED_IMMUNITY,GO_BP,-1.0113670596815652,0.924773270696751,1.664949832437659
GOBP_LYMPHOCYTE_MIGRATION,GO_BP,-1.3139412210244954,1.2549415670304769,2.1067613363746545
GOBP_LYMPH_VESSEL_DEVELOPMENT,GO_BP,-1.1937114010145184,1.5844797647476754,1.6978413525796598
GOBP_LYMPH_VESSEL_MORPHOGENESIS,GO_BP,-1.0214213493582835,1.4961973184300483,1.624144192160196
GOBP_LYSOSOMAL_LUMEN_ACIDIFICATION,GO_BP,-1.355233279431058,1.1194940424039557,0.5973256641908891
GOBP_LYSOSOMAL_MEMBRANE_ORGANIZATION,GO_BP,-0.9730058348273152,-0.734807230219836,-1.251734025461201
GOBP_LYSOSOMAL_TRANSPORT,GO_BP,-1.7045137148650944,0.8835604045175012,0.7532402648398754
GOBP_LYTIC_VACUOLE_ORGANIZATION,GO_BP,-1.8198333893912997,-1.164610902569278,-0.5812601898970304
GOBP_L_ALPHA_AMINO_ACID_TRANSMEMBRANE_TRANSPORT,GO_BP,-1.551625118014194,1.2715292041215327,0.7793289271191313
GOBP_L_AMINO_ACID_CATABOLIC_PROCESS,GO_BP,1.266142481174376,-1.7109518128563534,-0.966940548882397
GOBP_L_AMINO_ACID_METABOLIC_PROCESS,GO_BP,-1.233136642423342,-1.4384588998747596,-0.9087228667503336
GOBP_L_AMINO_ACID_TRANSPORT,GO_BP,-1.5225740776997336,1.2776787682301451,0.936544598685865
GOBP_L_GLUTAMATE_IMPORT,GO_BP,-1.1243855704955503,1.14001299629831,-1.3762780539059862
GOBP_L_GLUTAMATE_TRANSMEMBRANE_TRANSPORT,GO_BP,-1.0315166688600614,0.9780482627353768,-1.6154471000531625
GOBP_MACROAUTOPHAGY,GO_BP,-1.1942521911939672,1.265637973546634,0.8192588539688362
GOBP_MACROMOLECULE_DEACYLATION,GO_BP,1.0253036432233715,1.2182014158967922,0.6235750982800532
GOBP_MACROMOLECULE_DEPALMITOYLATION,GO_BP,1.3015894339662455,1.1320755282932742,0.814388843234707
GOBP_MACROMOLECULE_METHYLATION,GO_BP,1.5907204694433554,0.6534198513574345,0.7527602895104629
GOBP_MACROPHAGE_ACTIVATION,GO_BP,-1.0781771288114583,1.4227544624959565,0.7715227488491653
GOBP_MACROPHAGE_CHEMOTAXIS,GO_BP,-1.5496999475609696,1.2318493785297049,1.692429598491152
GOBP_MACROPHAGE_DIFFERENTIATION,GO_BP,0.9401467454735026,1.7710760270396533,1.7436439930971182
GOBP_MACROPHAGE_MIGRATION,GO_BP,-1.6342196766705814,1.002893748636176,1.6649984577009838
GOBP_MAGNESIUM_ION_TRANSPORT,GO_BP,-1.4820144315014383,1.2741805922315823,1.28176109250152
GOBP_MAINTENANCE_OF_BLOOD_BRAIN_BARRIER,GO_BP,-1.227372280435954,1.337289653376896,1.275287178760269
GOBP_MAINTENANCE_OF_CELL_NUMBER,GO_BP,1.317412671912524,1.532655800496036,-1.0378266990757086
GOBP_MAINTENANCE_OF_LOCATION,GO_BP,-1.126585884658052,0.885332686237594,0.6708764383175181
GOBP_MAINTENANCE_OF_PROTEIN_LOCALIZATION_IN_ORGANELLE,GO_BP,-0.857917366621127,1.2529333956475748,-0.5015602282520683
GOBP_MAINTENANCE_OF_PROTEIN_LOCATION,GO_BP,-0.9356269547203144,1.1993681572295145,-0.5023764720452514
GOBP_MAINTENANCE_OF_PROTEIN_LOCATION_IN_NUCLEUS,GO_BP,0.7652233433396498,0.7544610790803085,0.3791670750351952
GOBP_MAINTENANCE_OF_SYNAPSE_STRUCTURE,GO_BP,-0.8644186420897362,-1.0051211576260466,-1.5553506898573914
GOBP_MALE_MEIOSIS_I,GO_BP,1.3060461247802548,0.9675897092613022,-1.041471567259083
GOBP_MALE_MEIOTIC_NUCLEAR_DIVISION,GO_BP,1.5804284215521522,-0.7474938818389586,-1.0690880688915632
GOBP_MALE_SEX_DIFFERENTIATION,GO_BP,-1.3789728322732977,1.1632544630348227,-0.9688090470609368
GOBP_MAMMARY_GLAND_DEVELOPMENT,GO_BP,-1.1950458964905732,1.7229071284587751,1.042032527636288
GOBP_MAMMARY_GLAND_DUCT_MORPHOGENESIS,GO_BP,-1.1455505612315509,1.1781097516209589,1.368195919302587
GOBP_MAMMARY_GLAND_EPITHELIAL_CELL_PROLIFERATION,GO_BP,1.3783966066296875,1.541237269680315,1.0905511634568046
GOBP_MAMMARY_GLAND_EPITHELIUM_DEVELOPMENT,GO_BP,-1.0548743201364403,1.6376124660149547,1.3093722493038162
GOBP_MAMMARY_GLAND_MORPHOGENESIS,GO_BP,-1.2585995210793148,1.3853888279335047,1.264543837829084
GOBP_MAST_CELL_ACTIVATION,GO_BP,1.4352189600497052,1.0313057926181437,-0.8376587606248755
GOBP_MAST_CELL_ACTIVATION_INVOLVED_IN_IMMUNE_RESPONSE,GO_BP,1.3779786000115002,0.928216521183924,0.8758519468558037
GOBP_MATERNAL_PLACENTA_DEVELOPMENT,GO_BP,1.041711760842951,1.6869893564612295,1.0072000264361942
GOBP_MATERNAL_PROCESS_INVOLVED_IN_FEMALE_PREGNANCY,GO_BP,0.9426956346548436,1.667892377039335,1.0961763414665155
GOBP_MATING_BEHAVIOR,GO_BP,-1.1281937401716045,0.9006748741173872,1.1430501441636507
GOBP_MATURATION_OF_5_8S_RRNA,GO_BP,2.188453996302768,0.9027229846020752,0.5663896122639849
GOBP_MATURATION_OF_5_8S_RRNA_FROM_TRICISTRONIC_RRNA_TRANSCRIPT_SSU_RRNA_5_8S_RRNA_LSU_RRNA,GO_BP,2.1302882099444145,0.9989338288307846,0.6705295066993202
GOBP_MATURATION_OF_LSU_RRNA,GO_BP,1.975452143593623,1.3064831344856649,0.8858435035627327
GOBP_MATURATION_OF_LSU_RRNA_FROM_TRICISTRONIC_RRNA_TRANSCRIPT_SSU_RRNA_5_8S_RRNA_LSU_RRNA,GO_BP,1.8389642051752637,1.3967948923802125,0.760051065587928
GOBP_MATURATION_OF_SSU_RRNA,GO_BP,2.0814226258629565,1.6213329775879342,1.266169493114466
GOBP_MATURATION_OF_SSU_RRNA_FROM_TRICISTRONIC_RRNA_TRANSCRIPT_SSU_RRNA_5_8S_RRNA_LSU_RRNA,GO_BP,1.7605192440599566,1.5437307316097082,1.4145533315163783
GOBP_MATURE_B_CELL_DIFFERENTIATION,GO_BP,-0.9995681464156868,0.896521316383701,0.8875040072901723
GOBP_MECHANORECEPTOR_DIFFERENTIATION,GO_BP,-1.2387266665367862,1.0277261163557492,1.066391261352183
GOBP_MEGAKARYOCYTE_DEVELOPMENT,GO_BP,-1.3252814471999856,1.236782019656104,0.6781484245864515
GOBP_MEGAKARYOCYTE_DIFFERENTIATION,GO_BP,-1.2651429006676929,-0.9819058754785588,-0.8645012890463948
GOBP_MEIOSIS_I_CELL_CYCLE_PROCESS,GO_BP,2.354296981460414,0.7441566968917045,-1.1028095222711018
GOBP_MEIOTIC_CELL_CYCLE,GO_BP,2.3034334253943443,1.095716920289003,0.8123881451816061
GOBP_MEIOTIC_CELL_CYCLE_PROCESS,GO_BP,2.3578729236959024,0.8858675187572824,0.8318851526662329
GOBP_MEIOTIC_CHROMOSOME_SEGREGATION,GO_BP,2.398057291606849,0.7471541228886217,-0.8859179310501866
GOBP_MEIOTIC_SPINDLE_ORGANIZATION,GO_BP,2.0974847101832346,0.6475163486715654,-1.0870857905876747
GOBP_MELANOCYTE_DIFFERENTIATION,GO_BP,-0.9145106027289878,1.0457869865857867,-0.9026088499322936
GOBP_MELANOSOME_ASSEMBLY,GO_BP,0.597846227794792,0.7627644796549504,0.7524974938677267
GOBP_MEMBRANELESS_ORGANELLE_ASSEMBLY,GO_BP,1.9763765009878724,-1.1161561024652755,0.7693144355936098
GOBP_MEMBRANE_BIOGENESIS,GO_BP,-1.043254001581961,-0.9875135053185268,-0.6991234858296058
GOBP_MEMBRANE_DEPOLARIZATION,GO_BP,-1.7327625132826474,0.9278297184714084,0.8836568064119414
GOBP_MEMBRANE_DEPOLARIZATION_DURING_ACTION_POTENTIAL,GO_BP,-1.9140659441612773,1.481912957763964,-0.789469220997472
GOBP_MEMBRANE_DOCKING,GO_BP,0.7576849465065052,-1.1614508297370076,1.7699877189257842
GOBP_MEMBRANE_FISSION,GO_BP,-0.6481138093564791,0.7606969183065827,0.9055157355259068
GOBP_MEMBRANE_FUSION,GO_BP,0.8807188546495172,0.9079723139162732,0.7616203168411123
GOBP_MEMBRANE_INVAGINATION,GO_BP,-0.9798584830806716,1.0135213741598976,1.6124965848469173
GOBP_MEMBRANE_LIPID_BIOSYNTHETIC_PROCESS,GO_BP,-1.1508174128337911,-1.2590767849991509,1.0367516101387986
GOBP_MEMBRANE_LIPID_CATABOLIC_PROCESS,GO_BP,-1.3656306530524314,-1.5903504519193543,0.9315487685621638
GOBP_MEMBRANE_LIPID_METABOLIC_PROCESS,GO_BP,-1.462466168857484,-1.4359926537567953,1.0047039918369158
GOBP_MEMBRANE_PROTEIN_ECTODOMAIN_PROTEOLYSIS,GO_BP,-1.4351271945630972,-0.8993037458510612,1.118856656757455
GOBP_MEMBRANE_PROTEIN_PROTEOLYSIS,GO_BP,-1.4477287612030263,-0.9762074875154744,1.0033142274525868
GOBP_MEMBRANE_RAFT_ORGANIZATION,GO_BP,1.1727259212547712,-1.3094459389669089,0.5454903024040403
GOBP_MEMBRANE_REPOLARIZATION,GO_BP,-1.8673397938046836,1.0020377422794615,0.9300328707633886
GOBP_MEMORY,GO_BP,-1.664666246258142,-1.0705131778879171,-1.3792238881367878
GOBP_MESENCHYMAL_CELL_DIFFERENTIATION,GO_BP,-1.4922984797139762,1.3603215123614152,0.8309660869223047
GOBP_MESENCHYMAL_CELL_MIGRATION,GO_BP,-1.51698111329806,1.0424989175731292,-1.055124370259551
GOBP_MESENCHYMAL_CELL_PROLIFERATION,GO_BP,-1.4999732643684425,1.9161445341684071,-0.9629276141131836
GOBP_MESENCHYME_DEVELOPMENT,GO_BP,-1.5934092710036774,1.4262144868359676,0.8982118133407124
GOBP_MESENCHYME_MORPHOGENESIS,GO_BP,-1.153225893895113,1.3140066578681688,1.1482262578853375
GOBP_MESODERMAL_CELL_DIFFERENTIATION,GO_BP,1.437149389565636,1.0977037234721914,1.0969602587736536
GOBP_MESODERM_DEVELOPMENT,GO_BP,-1.1917148452111306,1.2365572045528164,0.9601489054232636
GOBP_MESODERM_MORPHOGENESIS,GO_BP,1.1299811684557943,1.100223092148941,0.9809521207398952
GOBP_MESONEPHRIC_TUBULE_MORPHOGENESIS,GO_BP,-1.1871978232835363,1.9401484802794848,-0.9446901010044464
GOBP_MESONEPHROS_DEVELOPMENT,GO_BP,-1.4325856667720689,1.769771236278674,1.05995581134423
GOBP_METABOLIC_COMPOUND_SALVAGE,GO_BP,1.578017561837602,0.7488905181733458,-0.7826860662129885
GOBP_METALLO_SULFUR_CLUSTER_ASSEMBLY,GO_BP,1.2684400041709971,-0.7660068406363294,0.7574472328633431
GOBP_METANEPHRIC_NEPHRON_DEVELOPMENT,GO_BP,-1.3494170312859393,1.88617168346025,0.8906529479847551
GOBP_METANEPHRIC_NEPHRON_MORPHOGENESIS,GO_BP,-1.1784774607293644,1.8255819413277377,1.051028532238593
GOBP_METANEPHROS_DEVELOPMENT,GO_BP,-1.5567461101234132,1.929680192357067,-0.9680433590816636
GOBP_METANEPHROS_MORPHOGENESIS,GO_BP,-1.130608313523357,1.7726450361941712,1.0418711084819374
GOBP_METAPHASE_CHROMOSOME_ALIGNMENT,GO_BP,2.790188506726356,-0.7551396771021748,-1.1739137326300255
GOBP_METENCEPHALON_DEVELOPMENT,GO_BP,-1.411773402784671,1.194371633604628,-1.0787752993292856
GOBP_METHYLATION,GO_BP,1.394195158647274,0.9346606874685296,-0.9773508642930588
GOBP_MICROAUTOPHAGY,GO_BP,-0.8448910454308532,1.506489340331287,-0.5501556280970887
GOBP_MICROTUBULE_ANCHORING,GO_BP,0.929834405820566,0.5646056504521113,0.8288904010521089
GOBP_MICROTUBULE_BASED_MOVEMENT,GO_BP,1.2127451482190743,-1.0812031345984836,-0.9479431490007856
GOBP_MICROTUBULE_BASED_TRANSPORT,GO_BP,-0.8977385655298474,0.8583408893854185,-1.0085266448838754
GOBP_MICROTUBULE_BUNDLE_FORMATION,GO_BP,-0.7679121096941997,-1.3589781394761569,-1.8076431152117023
GOBP_MICROTUBULE_CYTOSKELETON_ORGANIZATION_INVOLVED_IN_MITOSIS,GO_BP,2.36776222454398,-0.9021120201649604,-1.2774010654934942
GOBP_MICROTUBULE_DEPOLYMERIZATION,GO_BP,1.919739406911778,0.9183022939922708,0.9081700188011598
GOBP_MICROTUBULE_NUCLEATION,GO_BP,1.6819556345627609,-1.5486694189593424,-1.4040604277241286
GOBP_MICROTUBULE_ORGANIZING_CENTER_LOCALIZATION,GO_BP,1.4669983603701555,1.2534424970360238,-0.7394505417847218
GOBP_MICROTUBULE_ORGANIZING_CENTER_ORGANIZATION,GO_BP,2.1312101253154494,0.8614814819991564,-1.3043971248971775
GOBP_MICROTUBULE_POLYMERIZATION,GO_BP,1.6326651265177563,-1.484995564593705,-1.1815896678824305
GOBP_MICROTUBULE_POLYMERIZATION_OR_DEPOLYMERIZATION,GO_BP,1.7341396750668014,-1.2468528087978366,-1.0811956094098063
GOBP_MICROVILLUS_ORGANIZATION,GO_BP,-1.2427353944981687,-1.7586604499167773,1.2975501806689256
GOBP_MIDBODY_ABSCISSION,GO_BP,1.5476606489640072,0.7661420229941261,-0.980797745276977
GOBP_MIDBRAIN_DEVELOPMENT,GO_BP,-1.430885293687319,1.2012867125178783,0.8253131300329131
GOBP_MIDDLE_EAR_MORPHOGENESIS,GO_BP,-1.127931499289928,1.5063628207242297,-1.3240906459435502
GOBP_MIRNA_MEDIATED_GENE_SILENCING_BY_INHIBITION_OF_TRANSLATION,GO_BP,-1.276069282957078,1.6057919933154288,-0.998648964011462
GOBP_MIRNA_METABOLIC_PROCESS,GO_BP,-1.1350787793783406,1.9719442971425385,1.427154562073612
GOBP_MIRNA_PROCESSING,GO_BP,0.9435467378385574,1.6238900335200248,1.336498889197288
GOBP_MIRNA_TRANSCRIPTION,GO_BP,-1.2463163863682007,1.9956294868728428,1.2789437696659796
GOBP_MISMATCH_REPAIR,GO_BP,2.0105684918559943,-1.290862594137932,-1.345254339039277
GOBP_MITOCHONDRIAL_CALCIUM_ION_HOMEOSTASIS,GO_BP,-0.950965656323333,1.02200944592312,0.8954696123088616
GOBP_MITOCHONDRIAL_CALCIUM_ION_TRANSMEMBRANE_TRANSPORT,GO_BP,-0.8319013268472782,0.530000906525232,1.1877870544135198
GOBP_MITOCHONDRIAL_DEPOLARIZATION,GO_BP,-1.287558411135408,-1.3089652617412786,0.7843229724327169
GOBP_MITOCHONDRIAL_DNA_METABOLIC_PROCESS,GO_BP,1.4814400965223002,0.8170893678165488,1.3423814892943522
GOBP_MITOCHONDRIAL_DNA_REPLICATION,GO_BP,1.683152871680936,0.7082195071862275,1.4284517610406913
GOBP_MITOCHONDRIAL_ELECTRON_TRANSPORT_CYTOCHROME_C_TO_OXYGEN,GO_BP,1.571488392779942,-1.224318304806988,-1.5043949304817534
GOBP_MITOCHONDRIAL_ELECTRON_TRANSPORT_NADH_TO_UBIQUINONE,GO_BP,1.4613230676751798,0.4930929294888698,-1.593581806767422
GOBP_MITOCHONDRIAL_FISSION,GO_BP,-0.9820723841842084,-0.9775849830265404,0.7639237278859515
GOBP_MITOCHONDRIAL_FUSION,GO_BP,0.8887423772183096,0.8644594745226556,0.9117433331609652
GOBP_MITOCHONDRIAL_GENE_EXPRESSION,GO_BP,2.037788555831628,0.6520388501265171,-0.9314321861898692
GOBP_MITOCHONDRIAL_MEMBRANE_ORGANIZATION,GO_BP,0.8934732360324896,0.7904872157874605,0.97593695442143
GOBP_MITOCHONDRIAL_OUTER_MEMBRANE_PERMEABILIZATION,GO_BP,-0.7482795294335213,0.9790139042315128,1.5402691680956877
GOBP_MITOCHONDRIAL_RESPIRATORY_CHAIN_COMPLEX_ASSEMBLY,GO_BP,1.5942399526352726,-1.0310467229222813,-1.2702888247288655
GOBP_MITOCHONDRIAL_RIBOSOME_ASSEMBLY,GO_BP,1.3647668140369211,-1.4580327838518896,0.7209551369759899
GOBP_MITOCHONDRIAL_RNA_METABOLIC_PROCESS,GO_BP,1.6322998823108474,1.221182382713401,1.0870023663535693
GOBP_MITOCHONDRIAL_RNA_MODIFICATION,GO_BP,1.3678810574924607,1.219026680895954,1.3106243049172754
GOBP_MITOCHONDRIAL_RNA_PROCESSING,GO_BP,1.5495225198845777,1.193918923819815,1.0972303986037744
GOBP_MITOCHONDRIAL_TRANSCRIPTION,GO_BP,1.0398737532670856,1.4561739505933544,0.6325239897569197
GOBP_MITOCHONDRIAL_TRANSLATION,GO_BP,2.0933220928841183,-1.0017665252739405,-1.280289245557207
GOBP_MITOCHONDRIAL_TRANSMEMBRANE_TRANSPORT,GO_BP,1.5174503359993134,-1.3738419801547948,-0.6517940630846415
GOBP_MITOCHONDRIAL_TRANSPORT,GO_BP,0.7701150526795393,-1.0329982803079782,0.791616246909784
GOBP_MITOCHONDRIAL_TRNA_PROCESSING,GO_BP,1.450316867954497,1.0159454824583896,1.1600188271675445
GOBP_MITOCHONDRION_LOCALIZATION,GO_BP,-0.7783415821230926,1.1004143688422994,0.8542811843629072
GOBP_MITOCHONDRION_ORGANIZATION,GO_BP,0.9145694772360754,-0.9818928497221868,1.0502791741812287
GOBP_MITOPHAGY,GO_BP,-1.2614413275360088,0.940766743762645,1.0273794570723405
GOBP_MITOTIC_CELL_CYCLE_CHECKPOINT_SIGNALING,GO_BP,2.537595785651995,0.7936405159268024,-1.1905547918883843
GOBP_MITOTIC_CELL_CYCLE_PHASE_TRANSITION,GO_BP,2.2191035054181567,1.3132376826930536,1.0247351121533632
GOBP_MITOTIC_CHROMOSOME_CONDENSATION,GO_BP,2.100049003058009,-0.955208605248144,-0.8558109958363378
GOBP_MITOTIC_CYTOKINESIS,GO_BP,2.1355235870023184,-0.921796674507098,-0.7100701250495673
GOBP_MITOTIC_CYTOKINETIC_PROCESS,GO_BP,1.9586316964450443,-0.8972510138511484,-0.6499265345308448
GOBP_MITOTIC_DNA_INTEGRITY_CHECKPOINT_SIGNALING,GO_BP,2.0111289127665275,0.8156141487683176,0.6958059924360422
GOBP_MITOTIC_DNA_REPLICATION,GO_BP,2.1451343150602846,0.8550043503872704,-0.7792985693512086
GOBP_MITOTIC_G1_S_TRANSITION_CHECKPOINT_SIGNALING,GO_BP,1.19732557012693,0.9406933081891828,1.5527516192361128
GOBP_MITOTIC_G2_DNA_DAMAGE_CHECKPOINT_SIGNALING,GO_BP,1.5798390638776358,0.771967405167708,-0.7107133323639186
GOBP_MITOTIC_G2_M_TRANSITION_CHECKPOINT,GO_BP,1.7882973925107308,0.874474400363257,-0.8774579730411664
GOBP_MITOTIC_INTRA_S_DNA_DAMAGE_CHECKPOINT_SIGNALING,GO_BP,1.8441072116807944,0.7389665081725498,-0.9263897242200816
GOBP_MITOTIC_METAPHASE_CHROMOSOME_ALIGNMENT,GO_BP,2.6052818223401184,-0.7650265559101842,-1.1217841004402884
GOBP_MITOTIC_NUCLEAR_DIVISION,GO_BP,2.6270396397512537,-1.0728876281160458,-1.1935860683252228
GOBP_MITOTIC_RECOMBINATION,GO_BP,1.90308357451332,-1.442486768954224,-1.3107043773973337
GOBP_MITOTIC_SISTER_CHROMATID_COHESION,GO_BP,2.0258560752711814,0.8938139637605024,-0.6782781230697937
GOBP_MITOTIC_SISTER_CHROMATID_SEGREGATION,GO_BP,2.81379508474579,-1.1400175112983832,-1.1466312841793065
GOBP_MITOTIC_SISTER_CHROMATID_SEPARATION,GO_BP,2.663714064556664,-0.770871914830583,-1.5772592780873833
GOBP_MITOTIC_SPINDLE_ASSEMBLY,GO_BP,2.0788116985638685,-1.3122917927500573,-1.3804883506566823
GOBP_MITOTIC_SPINDLE_ORGANIZATION,GO_BP,2.302425772039846,-1.2583527430986117,-1.1990296943305812
GOBP_MODIFICATION_OF_POSTSYNAPTIC_STRUCTURE,GO_BP,0.9004133645621012,-1.1244708447328704,1.1847338325030004
GOBP_MODIFICATION_OF_SYNAPTIC_STRUCTURE,GO_BP,0.7725521148001459,-0.9656884354281436,1.1657463548287108
GOBP_MODIFIED_AMINO_ACID_BIOSYNTHETIC_PROCESS,GO_BP,1.0385189560172627,0.8867624164117053,1.1182495688100995
GOBP_MODIFIED_AMINO_ACID_CATABOLIC_PROCESS,GO_BP,0.9261888988900489,-1.1902467116813265,0.6185012256909984
GOBP_MODIFIED_AMINO_ACID_METABOLIC_PROCESS,GO_BP,-1.1590400221517476,-1.120339741734485,0.8237788064229665
GOBP_MODIFIED_AMINO_ACID_TRANSPORT,GO_BP,-1.177038592493579,1.2125902624980838,1.2816204679398284
GOBP_MODULATION_BY_SYMBIONT_OF_ENTRY_INTO_HOST,GO_BP,0.8307402826129406,-0.7655245040658921,1.9429546709565169
GOBP_MODULATION_OF_EXCITATORY_POSTSYNAPTIC_POTENTIAL,GO_BP,-1.1282598804959467,1.176844168975931,-1.2562256954752848
GOBP_MODULATION_OF_PROCESS_OF_ANOTHER_ORGANISM,GO_BP,1.0883417037301422,1.7561083236090675,1.7869199692540136
GOBP_MOLTING_CYCLE,GO_BP,-1.3915274522804084,0.9776526263933352,1.137767330370782
GOBP_MOLTING_CYCLE_PROCESS,GO_BP,-1.4405309913970807,-0.951071885808729,1.17037663104141
GOBP_MONOAMINE_TRANSPORT,GO_BP,1.0157225974802058,-0.777144715995654,-0.8981870303339329
GOBP_MONOATOMIC_ANION_TRANSPORT,GO_BP,-1.047922104181379,1.5428120487258663,1.2990695650655937
GOBP_MONOATOMIC_ION_HOMEOSTASIS,GO_BP,-1.5199524136459792,1.2193341088231062,1.256130875861844
GOBP_MONOCARBOXYLIC_ACID_BIOSYNTHETIC_PROCESS,GO_BP,-1.0868320935810167,-1.02656979008212,0.8251862649085423
GOBP_MONOCARBOXYLIC_ACID_CATABOLIC_PROCESS,GO_BP,0.8980926562919862,-1.4525360148237283,-1.0021459600817506
GOBP_MONOCARBOXYLIC_ACID_TRANSPORT,GO_BP,-0.9875623506095134,-1.2201775512917548,1.10565568283777
GOBP_MONOCYTE_CHEMOTAXIS,GO_BP,-1.170228841036007,1.971007345599825,1.841959782946111
GOBP_MONOCYTE_DIFFERENTIATION,GO_BP,0.816880293012745,1.4468808520522844,1.3525923544915546
GOBP_MONONUCLEAR_CELL_DIFFERENTIATION,GO_BP,1.0674486049569896,1.569917549876946,1.4973308318073837
GOBP_MONONUCLEAR_CELL_MIGRATION,GO_BP,-1.4972849006155098,1.5301527967927562,2.020711959394662
GOBP_MONOSACCHARIDE_BIOSYNTHETIC_PROCESS,GO_BP,1.6217782606908666,1.2333286667145635,1.5580076048332272
GOBP_MONOSACCHARIDE_CATABOLIC_PROCESS,GO_BP,2.0633485402813734,0.727585739656046,-0.6972709522435292
GOBP_MONOSACCHARIDE_METABOLIC_PROCESS,GO_BP,1.427325585889223,1.3337575115030946,1.07119137859181
GOBP_MONOSACCHARIDE_TRANSMEMBRANE_TRANSPORT,GO_BP,-1.7519039483992915,1.273049468155809,1.0594165013915442
GOBP_MORPHOGENESIS_OF_AN_EPITHELIAL_SHEET,GO_BP,-1.1099455904580222,-0.9796120833118946,1.072729157746776
GOBP_MORPHOGENESIS_OF_AN_EPITHELIUM,GO_BP,-1.4150806618015548,1.6754855085705138,1.2535675098499883
GOBP_MORPHOGENESIS_OF_A_BRANCHING_STRUCTURE,GO_BP,-1.285219206568517,1.9217805915158903,1.0050167984564085
GOBP_MORPHOGENESIS_OF_A_POLARIZED_EPITHELIUM,GO_BP,-0.9792555682229448,1.1352679058234356,1.4303711574492537
GOBP_MORPHOGENESIS_OF_EMBRYONIC_EPITHELIUM,GO_BP,-1.3758089698072455,1.3783354395159455,0.8514303142533364
GOBP_MOTILE_CILIUM_ASSEMBLY,GO_BP,0.6114343011509453,-1.5588515829378056,-1.6579192497491595
GOBP_MOTOR_BEHAVIOR,GO_BP,-1.1049391411974967,0.9995871832803264,1.6048113024226278
GOBP_MOTOR_NEURON_AXON_GUIDANCE,GO_BP,-1.2530328767933656,1.161592433659543,-1.0648772148996135
GOBP_MRNA_3_END_PROCESSING,GO_BP,1.747024088566191,1.299114829036553,-0.9332058161297412
GOBP_MRNA_CATABOLIC_PROCESS,GO_BP,1.256492006428187,1.2398555368216295,1.0350899475610025
GOBP_MRNA_CIS_SPLICING_VIA_SPLICEOSOME,GO_BP,1.660109484840328,-0.6901679070840281,-0.4996968912822533
GOBP_MRNA_EXPORT_FROM_NUCLEUS,GO_BP,1.7529004886593174,1.6075983669931506,0.5780351525496733
GOBP_MRNA_METHYLGUANOSINE_CAP_DECAPPING,GO_BP,0.8357153466153832,1.2322707716503745,0.8215785529875669
GOBP_MRNA_MODIFICATION,GO_BP,1.4899218140481711,1.519670180905648,1.383918692679027
GOBP_MRNA_PROCESSING,GO_BP,1.992549324449552,1.395102116938221,0.7155185812465797
GOBP_MRNA_SPLICE_SITE_RECOGNITION,GO_BP,1.2369791103818482,1.066057574630663,-0.8660827350434261
GOBP_MRNA_TRANSCRIPTION,GO_BP,-1.347043670199639,1.4242100828711792,1.218125507501291
GOBP_MRNA_TRANSPORT,GO_BP,1.9745458245645011,1.5768777531848863,0.6166014004145832
GOBP_MULTICELLULAR_ORGANISMAL_LEVEL_CHEMICAL_HOMEOSTASIS,GO_BP,-1.447658528394696,-0.8819766381562336,1.0442558896135954
GOBP_MULTICELLULAR_ORGANISMAL_LEVEL_IRON_ION_HOMEOSTASIS,GO_BP,-1.5642907681634004,1.09528148876468,0.9748605470521128
GOBP_MULTICELLULAR_ORGANISMAL_LEVEL_WATER_HOMEOSTASIS,GO_BP,-1.0824521954181403,-0.934118222215816,1.104545996456195
GOBP_MULTICELLULAR_ORGANISMAL_MOVEMENT,GO_BP,-1.1069827661592004,0.7431353936376206,-0.8461597995878692
GOBP_MULTICELLULAR_ORGANISMAL_RESPONSE_TO_STRESS,GO_BP,-1.3572726786167932,-0.9762166521385264,-1.1180090134550276
GOBP_MULTICELLULAR_ORGANISM_GROWTH,GO_BP,-1.5474453764015772,1.3283594012874418,0.9935754576823196
GOBP_MULTIVESICULAR_BODY_ORGANIZATION,GO_BP,0.5151097246020901,0.9066472902370744,0.6269902530162835
GOBP_MULTIVESICULAR_BODY_SORTING_PATHWAY,GO_BP,-0.6659306524871393,0.7113964128154489,0.6747434882070485
GOBP_MULTI_MULTICELLULAR_ORGANISM_PROCESS,GO_BP,-1.5923934093737553,1.9026209100603777,0.9632431059024644
GOBP_MUSCLE_ADAPTATION,GO_BP,-1.661817350370656,1.1315529000426714,0.8799981289586966
GOBP_MUSCLE_CELL_APOPTOTIC_PROCESS,GO_BP,-1.3867957987098736,1.3038205972802854,-0.8152877238421679
GOBP_MUSCLE_CELL_CELLULAR_HOMEOSTASIS,GO_BP,-1.085493139285568,1.1423374334072134,0.6425931540828423
GOBP_MUSCLE_CELL_DEVELOPMENT,GO_BP,-1.6052458878561515,1.359494873917353,-0.9637222716855116
GOBP_MUSCLE_CELL_DIFFERENTIATION,GO_BP,-1.6157638398794485,1.353036949959756,-0.9975440883311952
GOBP_MUSCLE_CELL_MIGRATION,GO_BP,-1.5519132827368372,1.4692611290417688,-0.8015462790498615
GOBP_MUSCLE_CELL_PROLIFERATION,GO_BP,-1.7215352385304123,1.6783135795873243,1.0355461471767953
GOBP_MUSCLE_CONTRACTION,GO_BP,-1.576536632482722,-1.331779717248846,-1.0548281562899735
GOBP_MUSCLE_HYPERTROPHY,GO_BP,-1.6199344061083578,1.2148617654604288,1.051789433868797
GOBP_MUSCLE_HYPERTROPHY_IN_RESPONSE_TO_STRESS,GO_BP,0.7862458448666103,1.0438840731724863,0.7263838056261
GOBP_MUSCLE_ORGAN_DEVELOPMENT,GO_BP,-1.7006657752937724,1.1756567265617492,0.8270986468325855
GOBP_MUSCLE_ORGAN_MORPHOGENESIS,GO_BP,-1.4937114731389245,1.2941728200954228,-0.727043056385001
GOBP_MUSCLE_SYSTEM_PROCESS,GO_BP,-1.6784177324877785,-1.21282285486953,-0.9896256538676944
GOBP_MUSCLE_TISSUE_DEVELOPMENT,GO_BP,-1.68345839491851,1.920432122362684,-0.9838786579600672
GOBP_MYD88_DEPENDENT_TOLL_LIKE_RECEPTOR_SIGNALING_PATHWAY,GO_BP,1.1458381247006522,1.013423911152848,2.0912524518902287
GOBP_MYELIN_ASSEMBLY,GO_BP,-1.0237421983024348,-1.2347998121488344,-1.0651974800495398
GOBP_MYELOID_CELL_ACTIVATION_INVOLVED_IN_IMMUNE_RESPONSE,GO_BP,1.6171296387486844,0.7944031450405515,-0.920201147686125
GOBP_MYELOID_CELL_APOPTOTIC_PROCESS,GO_BP,-1.5420728518494675,-1.0109039201406316,0.8909996074194358
GOBP_MYELOID_CELL_DEVELOPMENT,GO_BP,-1.041014316569575,1.4240821753880522,1.8198928813806967
GOBP_MYELOID_CELL_DIFFERENTIATION,GO_BP,-1.2986782130979084,1.4242504099722004,1.3670689187356737
GOBP_MYELOID_CELL_HOMEOSTASIS,GO_BP,-1.1089546245696162,1.3026862736507552,0.93360932673222
GOBP_MYELOID_DENDRITIC_CELL_ACTIVATION,GO_BP,1.2068923978500603,-0.6292552402950196,1.3379129930125673
GOBP_MYELOID_LEUKOCYTE_ACTIVATION,GO_BP,1.180497814899688,1.274699307298213,1.7043667292129734
GOBP_MYELOID_LEUKOCYTE_CYTOKINE_PRODUCTION,GO_BP,-0.8634440842495454,1.2771623599023796,1.1441898240161965
GOBP_MYELOID_LEUKOCYTE_DIFFERENTIATION,GO_BP,-1.1974718197352925,1.5536229055976043,1.666229614455979
GOBP_MYELOID_LEUKOCYTE_MEDIATED_IMMUNITY,GO_BP,1.234727790962601,1.2097210066453394,1.9210252263840677
GOBP_MYELOID_LEUKOCYTE_MIGRATION,GO_BP,-1.235825673425411,1.3889708516727888,2.27955578547928
GOBP_MYOBLAST_DIFFERENTIATION,GO_BP,-1.092975826218011,1.317798616992763,0.9183165733677574
GOBP_MYOBLAST_FUSION,GO_BP,-0.910906121465039,-2.351642640724426,-1.7056831630130007
GOBP_MYOBLAST_PROLIFERATION,GO_BP,1.012553407984589,-1.0009230287904738,-1.3391007164534534
GOBP_MYOFIBRIL_ASSEMBLY,GO_BP,-1.7470029219210716,-1.2314004091298785,1.2561521237789917
GOBP_MYOTUBE_CELL_DEVELOPMENT,GO_BP,-0.9611261488884196,-0.7179045723030885,-1.637848627091812
GOBP_MYOTUBE_DIFFERENTIATION,GO_BP,-1.1995193959810806,-1.8168747792171969,-1.4078100751243745
GOBP_NADH_DEHYDROGENASE_COMPLEX_ASSEMBLY,GO_BP,1.4790080131046237,0.4966993117070772,-1.431384622462043
GOBP_NADPH_REGENERATION,GO_BP,-1.4409649266130846,-1.1279125888397206,1.0851488538712122
GOBP_NADPLUS_METABOLIC_PROCESS,GO_BP,1.6356170079247023,0.8437268980881165,1.0067898866938962
GOBP_NADPPLUS_METABOLIC_PROCESS,GO_BP,-0.9032086368692112,-1.3062359944209634,1.0477465863973354
GOBP_NATURAL_KILLER_CELL_ACTIVATION,GO_BP,0.8502732614548428,1.099079465144944,1.319796312210247
GOBP_NATURAL_KILLER_CELL_DIFFERENTIATION,GO_BP,-0.891319297163125,1.2958560214579626,1.2504193787060218
GOBP_NATURAL_KILLER_CELL_MEDIATED_IMMUNITY,GO_BP,-1.2237139340395902,0.7484923846749233,1.2357734032206629
GOBP_NECROPTOTIC_PROCESS,GO_BP,-0.9620710443229826,1.4134209184850055,1.6610463975304215
GOBP_NEGATIVE_CHEMOTAXIS,GO_BP,-2.1246892928603094,-1.0620835420357408,1.340063653465979
GOBP_NEGATIVE_REGULATION_OF_ACTIN_FILAMENT_BUNDLE_ASSEMBLY,GO_BP,-0.8151853673644311,-0.9753107818728524,1.074012168369964
GOBP_NEGATIVE_REGULATION_OF_ACTIN_FILAMENT_DEPOLYMERIZATION,GO_BP,-1.0484764966399571,-0.8622782654602165,0.8303829300585562
GOBP_NEGATIVE_REGULATION_OF_ACTIN_FILAMENT_POLYMERIZATION,GO_BP,-0.9124739554619616,-1.2236993294259948,1.3509244117997143
GOBP_NEGATIVE_REGULATION_OF_ACTIVIN_RECEPTOR_SIGNALING_PATHWAY,GO_BP,-0.9919697661489582,1.3386542527019565,1.3607314879131027
GOBP_NEGATIVE_REGULATION_OF_ADAPTIVE_IMMUNE_RESPONSE,GO_BP,-1.19530257795658,0.9254703148349326,1.350014390997658
GOBP_NEGATIVE_REGULATION_OF_ALPHA_BETA_T_CELL_ACTIVATION,GO_BP,-1.1615202369773614,1.239596546204808,1.0060299272549884
GOBP_NEGATIVE_REGULATION_OF_ALPHA_BETA_T_CELL_DIFFERENTIATION,GO_BP,-1.0770186117863063,1.3509849336304802,1.275490459714315
GOBP_NEGATIVE_REGULATION_OF_AMIDE_METABOLIC_PROCESS,GO_BP,-0.9126870143742912,1.0312557575834282,0.6478971659209337
GOBP_NEGATIVE_REGULATION_OF_ANTIGEN_RECEPTOR_MEDIATED_SIGNALING_PATHWAY,GO_BP,-1.1162251551248072,1.2297201928285633,1.2571463682101387
GOBP_NEGATIVE_REGULATION_OF_APOPTOTIC_SIGNALING_PATHWAY,GO_BP,-1.1241411953969604,1.6022692011414204,1.3823103847520242
GOBP_NEGATIVE_REGULATION_OF_AUTOPHAGY,GO_BP,-1.151955375020728,1.3451961197719364,0.7879981931673953
GOBP_NEGATIVE_REGULATION_OF_AXONOGENESIS,GO_BP,-1.60734579478137,0.8482676294093281,-1.2390724411095817
GOBP_NEGATIVE_REGULATION_OF_AXON_EXTENSION,GO_BP,-1.7038116880145495,-0.5857725537581792,-1.2299848320147535
GOBP_NEGATIVE_REGULATION_OF_BINDING,GO_BP,1.4840877031074808,-1.0735784213030402,-1.120582084909313
GOBP_NEGATIVE_REGULATION_OF_BIOMINERAL_TISSUE_DEVELOPMENT,GO_BP,-1.0755383307854824,1.663533931810602,0.7413731391582896
GOBP_NEGATIVE_REGULATION_OF_BLOOD_PRESSURE,GO_BP,-1.1800736210848244,1.0716120790247312,1.6199590853274184
GOBP_NEGATIVE_REGULATION_OF_BLOOD_VESSEL_ENDOTHELIAL_CELL_MIGRATION,GO_BP,1.0822316362029636,-1.2632088126303538,0.915622095301638
GOBP_NEGATIVE_REGULATION_OF_BMP_SIGNALING_PATHWAY,GO_BP,1.0583465916893289,1.479863925209715,1.326016208407831
GOBP_NEGATIVE_REGULATION_OF_B_CELL_ACTIVATION,GO_BP,0.872357910646021,1.1795748502611356,1.755087410221098
GOBP_NEGATIVE_REGULATION_OF_CALCIUM_ION_TRANSMEMBRANE_TRANSPORT,GO_BP,1.1850341259245392,-1.095000261942925,0.6100093060704647
GOBP_NEGATIVE_REGULATION_OF_CALCIUM_ION_TRANSPORT,GO_BP,1.2101168655527672,1.0906492143511644,0.7436751319875654
GOBP_NEGATIVE_REGULATION_OF_CAMP_PKA_SIGNAL_TRANSDUCTION,GO_BP,-0.989308051856287,0.8366606954309777,0.7764325637561311
GOBP_NEGATIVE_REGULATION_OF_CANONICAL_NF_KAPPAB_SIGNAL_TRANSDUCTION,GO_BP,-1.2939249371757937,1.061273321107974,2.157181669485712
GOBP_NEGATIVE_REGULATION_OF_CANONICAL_WNT_SIGNALING_PATHWAY,GO_BP,-1.584850243028457,1.6007729931563188,-0.8444550206998587
GOBP_NEGATIVE_REGULATION_OF_CARBOHYDRATE_METABOLIC_PROCESS,GO_BP,-0.850816768285852,1.2481617636046924,-1.0475235663411906
GOBP_NEGATIVE_REGULATION_OF_CARDIAC_MUSCLE_TISSUE_GROWTH,GO_BP,0.7787045811666035,1.81073095073543,0.5647898798426324
GOBP_NEGATIVE_REGULATION_OF_CARTILAGE_DEVELOPMENT,GO_BP,-1.941621866738661,1.278529615996738,-0.8116356561562263
GOBP_NEGATIVE_REGULATION_OF_CATABOLIC_PROCESS,GO_BP,-0.9683698099357312,1.1944376206845262,0.8752065203606831
GOBP_NEGATIVE_REGULATION_OF_CATALYTIC_ACTIVITY,GO_BP,1.4099651160841866,1.3264062188300731,1.0177141392661873
GOBP_NEGATIVE_REGULATION_OF_CD4_POSITIVE_ALPHA_BETA_T_CELL_ACTIVATION,GO_BP,-1.1084891916364112,1.3829084519295851,1.1865098731985904
GOBP_NEGATIVE_REGULATION_OF_CD4_POSITIVE_ALPHA_BETA_T_CELL_DIFFERENTIATION,GO_BP,-1.0421594246696215,1.3766394695386714,1.2354325556757209
GOBP_NEGATIVE_REGULATION_OF_CELLULAR_RESPONSE_TO_GROWTH_FACTOR_STIMULUS,GO_BP,-1.3699341720364384,1.6712512917196929,1.3537723887114117
GOBP_NEGATIVE_REGULATION_OF_CELLULAR_RESPONSE_TO_INSULIN_STIMULUS,GO_BP,-0.923456014530891,1.1744677216870314,0.7035949013837082
GOBP_NEGATIVE_REGULATION_OF_CELLULAR_SENESCENCE,GO_BP,1.3161462306576155,1.2096765747247118,1.1496998488434933
GOBP_NEGATIVE_REGULATION_OF_CELL_ACTIVATION,GO_BP,-1.331245664762446,1.2690388989391024,1.6212735683268895
GOBP_NEGATIVE_REGULATION_OF_CELL_ADHESION,GO_BP,-1.405342764889732,1.4205451910471525,1.2516518184176626
GOBP_NEGATIVE_REGULATION_OF_CELL_CELL_ADHESION,GO_BP,-1.2774609653346083,1.1679455517181896,1.320534856295148
GOBP_NEGATIVE_REGULATION_OF_CELL_CYCLE,GO_BP,1.947273138347969,1.3048006785213684,0.8781697445669835
GOBP_NEGATIVE_REGULATION_OF_CELL_CYCLE_G1_S_PHASE_TRANSITION,GO_BP,-0.98583947545401,1.0384035110983645,1.6694053303601568
GOBP_NEGATIVE_REGULATION_OF_CELL_CYCLE_G2_M_PHASE_TRANSITION,GO_BP,1.616867474331928,0.9882709873122604,-0.8641859185597442
GOBP_NEGATIVE_REGULATION_OF_CELL_CYCLE_PROCESS,GO_BP,2.173850702977397,1.1880094559291443,0.87057947102154
GOBP_NEGATIVE_REGULATION_OF_CELL_DEVELOPMENT,GO_BP,-1.4495925741025792,1.6963983863867969,1.235764370020222
GOBP_NEGATIVE_REGULATION_OF_CELL_GROWTH,GO_BP,-1.5736497922987625,1.2756523579376926,1.2017627177378454
GOBP_NEGATIVE_REGULATION_OF_CELL_JUNCTION_ASSEMBLY,GO_BP,-1.1531338493869914,0.9072736172354932,0.933123200709006
GOBP_NEGATIVE_REGULATION_OF_CELL_KILLING,GO_BP,0.9759947788629738,0.6127135645510977,1.5389214689222042
GOBP_NEGATIVE_REGULATION_OF_CELL_MATRIX_ADHESION,GO_BP,1.0263462878488825,1.1668620902945182,0.7829778841586164
GOBP_NEGATIVE_REGULATION_OF_CELL_MIGRATION_INVOLVED_IN_SPROUTING_ANGIOGENESIS,GO_BP,1.321528225476016,0.9730053783637695,-0.7937742831077937
GOBP_NEGATIVE_REGULATION_OF_CELL_PROJECTION_ORGANIZATION,GO_BP,-1.3331007989544907,1.151529751459572,0.7539832954433029
GOBP_NEGATIVE_REGULATION_OF_CELL_SUBSTRATE_ADHESION,GO_BP,-1.0589549206384437,1.4073689279354131,0.9775669426286064
GOBP_NEGATIVE_REGULATION_OF_CELL_SUBSTRATE_JUNCTION_ORGANIZATION,GO_BP,1.023742213590182,1.2470325978816812,0.5620775211855474
GOBP_NEGATIVE_REGULATION_OF_CHEMOTAXIS,GO_BP,-1.4835928208761735,1.9552778452649089,1.59588773966515
GOBP_NEGATIVE_REGULATION_OF_CHONDROCYTE_DIFFERENTIATION,GO_BP,-1.8403402681943437,1.5126598838427017,0.8670286943037243
GOBP_NEGATIVE_REGULATION_OF_CHROMOSOME_ORGANIZATION,GO_BP,2.562293504828076,0.7121349375982671,-1.2057613568790642
GOBP_NEGATIVE_REGULATION_OF_CILIUM_ASSEMBLY,GO_BP,-0.8526762064805511,0.7488788473663647,0.8701378085620545
GOBP_NEGATIVE_REGULATION_OF_COAGULATION,GO_BP,1.2260021726046622,1.63956409639006,1.2627039606185548
GOBP_NEGATIVE_REGULATION_OF_COLD_INDUCED_THERMOGENESIS,GO_BP,-0.9469251909793572,1.143093364926754,-0.9734124282352477
GOBP_NEGATIVE_REGULATION_OF_CYTOKINE_PRODUCTION,GO_BP,-1.4688498052969807,1.503611932196193,1.646621001194227
GOBP_NEGATIVE_REGULATION_OF_CYTOKINE_PRODUCTION_INVOLVED_IN_INFLAMMATORY_RESPONSE,GO_BP,-1.009682047642201,1.6173515478020204,1.8824803860083552
GOBP_NEGATIVE_REGULATION_OF_CYTOPLASMIC_PATTERN_RECOGNITION_RECEPTOR_SIGNALING_PATHWAY,GO_BP,0.8937171904868384,-1.027405033079304,1.1654552907893647
GOBP_NEGATIVE_REGULATION_OF_CYTOSKELETON_ORGANIZATION,GO_BP,1.061015549242751,-0.9979269747743096,1.1481987809610634
GOBP_NEGATIVE_REGULATION_OF_DEFENSE_RESPONSE,GO_BP,1.1554906514571988,1.1352957238890111,1.6866479561656558
GOBP_NEGATIVE_REGULATION_OF_DEVELOPMENTAL_GROWTH,GO_BP,-1.6294736600646742,1.364059436076856,-1.0113084494836009
GOBP_NEGATIVE_REGULATION_OF_DNA_BINDING_TRANSCRIPTION_FACTOR_ACTIVITY,GO_BP,-0.9491602991742611,1.517203681842712,0.9052641054784928
GOBP_NEGATIVE_REGULATION_OF_DNA_BIOSYNTHETIC_PROCESS,GO_BP,1.0860572314445376,1.2813644678682257,0.6658637237849602
GOBP_NEGATIVE_REGULATION_OF_DNA_METABOLIC_PROCESS,GO_BP,1.998842599194744,0.8134743698970082,0.7476719971151077
GOBP_NEGATIVE_REGULATION_OF_DNA_RECOMBINATION,GO_BP,1.6976757077575644,-1.4764479135699526,-0.7539254887847701
GOBP_NEGATIVE_REGULATION_OF_DNA_REPAIR,GO_BP,1.722080863800488,-1.214994504814369,0.996190284983931
GOBP_NEGATIVE_REGULATION_OF_DNA_REPLICATION,GO_BP,1.9159980694304768,1.1857603490721629,0.9079861442433728
GOBP_NEGATIVE_REGULATION_OF_DNA_TEMPLATED_TRANSCRIPTION_ELONGATION,GO_BP,1.4593153310745235,0.8893161347711739,-0.8601562145612448
GOBP_NEGATIVE_REGULATION_OF_DOUBLE_STRAND_BREAK_REPAIR_VIA_HOMOLOGOUS_RECOMBINATION,GO_BP,1.6811096545841504,-1.3659182079064327,0.8844153597320261
GOBP_NEGATIVE_REGULATION_OF_ENDOCYTOSIS,GO_BP,-0.7836966460334431,-1.4601618706501305,0.824755575899478
GOBP_NEGATIVE_REGULATION_OF_ENDOPLASMIC_RETICULUM_STRESS_INDUCED_INTRINSIC_APOPTOTIC_SIGNALING_PATHWAY,GO_BP,-1.4439719972456384,1.1360816565374168,-0.4955844421810411
GOBP_NEGATIVE_REGULATION_OF_ENDOPLASMIC_RETICULUM_UNFOLDED_PROTEIN_RESPONSE,GO_BP,-1.4301158147320538,1.7774906493250062,0.4749530221803382
GOBP_NEGATIVE_REGULATION_OF_ENDOTHELIAL_CELL_APOPTOTIC_PROCESS,GO_BP,-1.2732478891801249,1.2125139653234882,2.132845647111272
GOBP_NEGATIVE_REGULATION_OF_ENDOTHELIAL_CELL_MIGRATION,GO_BP,0.9832724701007578,1.146333513120573,1.1453164858531648
GOBP_NEGATIVE_REGULATION_OF_ENDOTHELIAL_CELL_PROLIFERATION,GO_BP,-1.2085476960857526,1.402095207644026,1.3592303952017937
GOBP_NEGATIVE_REGULATION_OF_EPITHELIAL_CELL_DIFFERENTIATION,GO_BP,1.8223437313793704,1.4120425242019012,-1.0979925149847576
GOBP_NEGATIVE_REGULATION_OF_EPITHELIAL_CELL_PROLIFERATION,GO_BP,-1.625157828541218,1.5460403688974644,1.1590837430619294
GOBP_NEGATIVE_REGULATION_OF_EPITHELIAL_TO_MESENCHYMAL_TRANSITION,GO_BP,1.4064066554442844,1.3378528057854138,-0.6630925214231125
GOBP_NEGATIVE_REGULATION_OF_ERBB_SIGNALING_PATHWAY,GO_BP,1.2428601546428837,1.5828177519267546,1.493144435705602
GOBP_NEGATIVE_REGULATION_OF_ERK1_AND_ERK2_CASCADE,GO_BP,1.2336803984760132,2.1579651012946943,1.1464050384489173
GOBP_NEGATIVE_REGULATION_OF_ESTABLISHMENT_OF_PROTEIN_LOCALIZATION,GO_BP,-0.9414060968913174,0.8681682752744924,1.2305044846231796
GOBP_NEGATIVE_REGULATION_OF_EXOCYTOSIS,GO_BP,1.063282269650458,-1.001199070813407,0.6506483686224755
GOBP_NEGATIVE_REGULATION_OF_EXTRACELLULAR_MATRIX_ORGANIZATION,GO_BP,-1.703218090868992,1.1795205845161696,0.6485886338960881
GOBP_NEGATIVE_REGULATION_OF_EXTRINSIC_APOPTOTIC_SIGNALING_PATHWAY,GO_BP,-1.208395413457904,1.3673065501787836,1.6234061497443315
GOBP_NEGATIVE_REGULATION_OF_EXTRINSIC_APOPTOTIC_SIGNALING_PATHWAY_VIA_DEATH_DOMAIN_RECEPTORS,GO_BP,1.1835027960769546,1.6706709444073349,2.0286106435846567
GOBP_NEGATIVE_REGULATION_OF_FATTY_ACID_BIOSYNTHETIC_PROCESS,GO_BP,0.7852803351287869,-1.2144141030120512,-0.7371831343220351
GOBP_NEGATIVE_REGULATION_OF_FATTY_ACID_METABOLIC_PROCESS,GO_BP,-0.958577050143836,-1.1135216320771997,-0.7365170188440534
GOBP_NEGATIVE_REGULATION_OF_FAT_CELL_DIFFERENTIATION,GO_BP,-1.3404660360102634,1.6820080664452384,-0.7834229792779972
GOBP_NEGATIVE_REGULATION_OF_FERROPTOSIS,GO_BP,-1.9675889119922323,-1.2006662699070818,-0.7036695577992659
GOBP_NEGATIVE_REGULATION_OF_FIBROBLAST_GROWTH_FACTOR_RECEPTOR_SIGNALING_PATHWAY,GO_BP,-1.394176207409323,1.6434786658938108,0.6586656136431686
GOBP_NEGATIVE_REGULATION_OF_FIBROBLAST_PROLIFERATION,GO_BP,-1.162888215452133,1.3510004249055547,-0.7021012479695432
GOBP_NEGATIVE_REGULATION_OF_GENE_EXPRESSION_EPIGENETIC,GO_BP,1.802872963415836,1.2766956679041233,0.7160209576897425
GOBP_NEGATIVE_REGULATION_OF_GENE_SILENCING_BY_REGULATORY_NCRNA,GO_BP,-0.8542221313050932,1.1128452151147126,1.1001078543517395
GOBP_NEGATIVE_REGULATION_OF_GLIOGENESIS,GO_BP,0.924185685215416,1.8640687724438256,-0.7413239773119675
GOBP_NEGATIVE_REGULATION_OF_GLYCOPROTEIN_METABOLIC_PROCESS,GO_BP,-1.3649281363739962,0.8483063393986714,0.955409676409396
GOBP_NEGATIVE_REGULATION_OF_GROWTH,GO_BP,-1.568149600851127,1.4230306180861154,1.206500055906576
GOBP_NEGATIVE_REGULATION_OF_G_PROTEIN_COUPLED_RECEPTOR_SIGNALING_PATHWAY,GO_BP,-1.0274519250478116,1.124193944235008,1.2738880664876595
GOBP_NEGATIVE_REGULATION_OF_HEMOPOIESIS,GO_BP,-1.033878015525603,1.7550331819922802,1.480118731634918
GOBP_NEGATIVE_REGULATION_OF_HIPPO_SIGNALING,GO_BP,-1.0318378159635522,1.2828336470705977,1.1964180793930326
GOBP_NEGATIVE_REGULATION_OF_HORMONE_SECRETION,GO_BP,-0.9411789140642816,1.776879030433559,0.9205426074302892
GOBP_NEGATIVE_REGULATION_OF_HYDROLASE_ACTIVITY,GO_BP,0.9159904038162948,-1.1469811668994316,0.673633898865079
GOBP_NEGATIVE_REGULATION_OF_IMMUNE_EFFECTOR_PROCESS,GO_BP,-1.297739450350807,0.9076178109787948,1.4320045828668693
GOBP_NEGATIVE_REGULATION_OF_IMMUNE_RESPONSE,GO_BP,-1.1484116403294296,1.0243989355970646,1.5545517389398218
GOBP_NEGATIVE_REGULATION_OF_IMMUNE_SYSTEM_PROCESS,GO_BP,-1.3506267068124038,1.6003002234183283,1.685354888543764
GOBP_NEGATIVE_REGULATION_OF_INFLAMMASOME_MEDIATED_SIGNALING_PATHWAY,GO_BP,0.7130065293826484,-0.690647596943975,-1.2406917485702127
GOBP_NEGATIVE_REGULATION_OF_INFLAMMATORY_RESPONSE,GO_BP,1.083965901570732,-1.219995137389987,1.6823174947844175
GOBP_NEGATIVE_REGULATION_OF_INFLAMMATORY_RESPONSE_TO_ANTIGENIC_STIMULUS,GO_BP,-1.1185113214746436,0.6365561747152596,1.2163827280599546
GOBP_NEGATIVE_REGULATION_OF_INNATE_IMMUNE_RESPONSE,GO_BP,-0.8978690537223755,0.9114025457874771,1.490656723334473
GOBP_NEGATIVE_REGULATION_OF_INTERFERON_BETA_PRODUCTION,GO_BP,-1.1029434226531531,-1.3265778660833458,1.232034373468993
GOBP_NEGATIVE_REGULATION_OF_INTERLEUKIN_1_BETA_PRODUCTION,GO_BP,1.1177012710841394,0.8661477187044464,1.7763073268677596
GOBP_NEGATIVE_REGULATION_OF_INTERLEUKIN_1_PRODUCTION,GO_BP,1.200970945769694,0.8067639969119916,1.6769936542478003
GOBP_NEGATIVE_REGULATION_OF_INTERLEUKIN_6_PRODUCTION,GO_BP,0.892779058654559,1.2884722657725618,1.9633416706496176
GOBP_NEGATIVE_REGULATION_OF_INTRACELLULAR_PROTEIN_TRANSPORT,GO_BP,-0.9794399293386444,0.9831631647069172,1.7145326638082172
GOBP_NEGATIVE_REGULATION_OF_INTRACELLULAR_STEROID_HORMONE_RECEPTOR_SIGNALING_PATHWAY,GO_BP,0.9384363181286952,1.5530529993105693,-0.7644930410699868
GOBP_NEGATIVE_REGULATION_OF_INTRACELLULAR_TRANSPORT,GO_BP,-1.0768859325894375,0.7518709631631196,1.4850506223707836
GOBP_NEGATIVE_REGULATION_OF_INTRINSIC_APOPTOTIC_SIGNALING_PATHWAY,GO_BP,-1.1337287015035196,1.809241926251775,0.803964429053424
GOBP_NEGATIVE_REGULATION_OF_INTRINSIC_APOPTOTIC_SIGNALING_PATHWAY_BY_P53_CLASS_MEDIATOR,GO_BP,0.7803693411113374,-1.0904770863679163,1.183744233870976
GOBP_NEGATIVE_REGULATION_OF_INTRINSIC_APOPTOTIC_SIGNALING_PATHWAY_IN_RESPONSE_TO_DNA_DAMAGE,GO_BP,1.030414371227624,1.1685327964190988,-1.0625329245607882
GOBP_NEGATIVE_REGULATION_OF_JNK_CASCADE,GO_BP,0.8355039171961406,1.636611475888072,0.7348650934312858
GOBP_NEGATIVE_REGULATION_OF_KINASE_ACTIVITY,GO_BP,1.0481545837529032,1.306586176033965,0.943972684524878
GOBP_NEGATIVE_REGULATION_OF_LEUKOCYTE_APOPTOTIC_PROCESS,GO_BP,-1.0601807831481584,0.8524285867913447,0.8194165063730294
GOBP_NEGATIVE_REGULATION_OF_LEUKOCYTE_CELL_CELL_ADHESION,GO_BP,-1.298860504097831,1.3140092240469536,1.433612341264749
GOBP_NEGATIVE_REGULATION_OF_LEUKOCYTE_MEDIATED_IMMUNITY,GO_BP,0.8207447662494848,0.8182344931936084,1.527517179395702
GOBP_NEGATIVE_REGULATION_OF_LEUKOCYTE_MIGRATION,GO_BP,-0.8470795544088242,1.8560309166955464,1.828801956562824
GOBP_NEGATIVE_REGULATION_OF_LEUKOCYTE_PROLIFERATION,GO_BP,-1.508773933134834,1.2838633796854495,1.7631603807102136
GOBP_NEGATIVE_REGULATION_OF_LIPID_BIOSYNTHETIC_PROCESS,GO_BP,0.8754372966640628,1.1286873176913976,0.8841096292334449
GOBP_NEGATIVE_REGULATION_OF_LIPID_LOCALIZATION,GO_BP,-1.6559911619361698,-1.6943929476952542,1.4723782579983744
GOBP_NEGATIVE_REGULATION_OF_LIPID_METABOLIC_PROCESS,GO_BP,-1.0483872759479618,1.0565558806253217,0.9880594978765308
GOBP_NEGATIVE_REGULATION_OF_LIPID_TRANSPORT,GO_BP,-1.7292693866106126,-1.690288217349799,1.5209704396361876
GOBP_NEGATIVE_REGULATION_OF_LOCOMOTION,GO_BP,-1.6107267032329389,1.6969348996673914,1.1589817660879111
GOBP_NEGATIVE_REGULATION_OF_LYMPHOCYTE_ACTIVATION,GO_BP,-1.3008484706846677,1.2368632463396203,1.7589139700947831
GOBP_NEGATIVE_REGULATION_OF_LYMPHOCYTE_APOPTOTIC_PROCESS,GO_BP,0.8888952108823164,1.0533039340272865,1.023369269830847
GOBP_NEGATIVE_REGULATION_OF_LYMPHOCYTE_DIFFERENTIATION,GO_BP,-1.0012232526894054,1.4280458685693145,1.496937085901388
GOBP_NEGATIVE_REGULATION_OF_MACROAUTOPHAGY,GO_BP,-1.3922601452901435,1.1825356405970389,0.5251366853942766
GOBP_NEGATIVE_REGULATION_OF_MAPK_CASCADE,GO_BP,1.2194189350992697,1.8225836234493509,1.0569736566893002
GOBP_NEGATIVE_REGULATION_OF_MEMBRANE_PERMEABILITY,GO_BP,-0.8519774545437113,-1.0121861920363824,1.3346053742715744
GOBP_NEGATIVE_REGULATION_OF_MICROTUBULE_DEPOLYMERIZATION,GO_BP,1.1254479422549777,0.9485975239507184,1.0236954620764556
GOBP_NEGATIVE_REGULATION_OF_MICROTUBULE_POLYMERIZATION_OR_DEPOLYMERIZATION,GO_BP,1.148567187046773,0.8264970525419362,1.0659148566684895
GOBP_NEGATIVE_REGULATION_OF_MIRNA_METABOLIC_PROCESS,GO_BP,-1.2592715624251332,1.2679485955427088,-0.8678208852970618
GOBP_NEGATIVE_REGULATION_OF_MITOTIC_CELL_CYCLE,GO_BP,2.089654499938528,0.984771669218256,0.9551957784784402
GOBP_NEGATIVE_REGULATION_OF_MITOTIC_CELL_CYCLE_PHASE_TRANSITION,GO_BP,2.158883317931786,1.011734170336688,0.9960818742682164
GOBP_NEGATIVE_REGULATION_OF_MOLECULAR_FUNCTION,GO_BP,1.3141758960138228,1.377544867065522,0.9750343843033068
GOBP_NEGATIVE_REGULATION_OF_MONOATOMIC_ION_TRANSMEMBRANE_TRANSPORT,GO_BP,1.1163306320718172,-0.8083650885979875,0.9785075097878428
GOBP_NEGATIVE_REGULATION_OF_MONOATOMIC_ION_TRANSPORT,GO_BP,1.1136747683393828,1.1927802407883548,-0.7270567536656255
GOBP_NEGATIVE_REGULATION_OF_MONONUCLEAR_CELL_MIGRATION,GO_BP,0.8125035677588377,1.957178431035276,1.9807331849485963
GOBP_NEGATIVE_REGULATION_OF_MRNA_CATABOLIC_PROCESS,GO_BP,1.1889262988685416,1.2362578697825803,1.0527511483150438
GOBP_NEGATIVE_REGULATION_OF_MRNA_METABOLIC_PROCESS,GO_BP,1.631938002941828,1.4445845517646017,0.7887740229915989
GOBP_NEGATIVE_REGULATION_OF_MRNA_PROCESSING,GO_BP,2.0157654889740355,1.5289302833417444,-1.160552845011328
GOBP_NEGATIVE_REGULATION_OF_MUSCLE_CELL_APOPTOTIC_PROCESS,GO_BP,-1.4518395819847207,1.3417423454566668,-1.0219637654555267
GOBP_NEGATIVE_REGULATION_OF_MUSCLE_CELL_DIFFERENTIATION,GO_BP,-0.9602119609218276,1.820224386777628,-1.0855470830340126
GOBP_NEGATIVE_REGULATION_OF_MUSCLE_CONTRACTION,GO_BP,-0.8699047694925631,0.741622981649541,1.1207396128739409
GOBP_NEGATIVE_REGULATION_OF_MUSCLE_HYPERTROPHY,GO_BP,-1.1551604817595962,1.0398691830296267,1.1079328279994585
GOBP_NEGATIVE_REGULATION_OF_MYELOID_CELL_DIFFERENTIATION,GO_BP,0.9739923100771138,1.520826851037525,1.485709771922719
GOBP_NEGATIVE_REGULATION_OF_MYELOID_LEUKOCYTE_DIFFERENTIATION,GO_BP,0.9174442072724328,1.7408597991135175,1.3986469890040127
GOBP_NEGATIVE_REGULATION_OF_MYOBLAST_DIFFERENTIATION,GO_BP,1.1330336594462085,1.026654088636199,-1.2918476696002452
GOBP_NEGATIVE_REGULATION_OF_NERVOUS_SYSTEM_DEVELOPMENT,GO_BP,-1.6017865251413348,1.493258843921129,0.8655974818235542
GOBP_NEGATIVE_REGULATION_OF_NEURAL_PRECURSOR_CELL_PROLIFERATION,GO_BP,-1.5340890345929914,-0.8470423211795853,1.0911254979212723
GOBP_NEGATIVE_REGULATION_OF_NEURON_APOPTOTIC_PROCESS,GO_BP,-1.2469287813974674,1.2373516105125928,1.1276314641187766
GOBP_NEGATIVE_REGULATION_OF_NEURON_DIFFERENTIATION,GO_BP,0.960284934174682,1.8711613246414749,-1.2964602772173244
GOBP_NEGATIVE_REGULATION_OF_NEURON_PROJECTION_DEVELOPMENT,GO_BP,-1.575168756897582,1.2982748160123414,0.8677293320905967
GOBP_NEGATIVE_REGULATION_OF_NF_KAPPAB_TRANSCRIPTION_FACTOR_ACTIVITY,GO_BP,-0.6660773522409894,-1.031464446541346,1.3377183576160687
GOBP_NEGATIVE_REGULATION_OF_NON_CANONICAL_NF_KAPPAB_SIGNAL_TRANSDUCTION,GO_BP,-0.9334026122289047,1.489339980916066,0.8810006909679277
GOBP_NEGATIVE_REGULATION_OF_NOTCH_SIGNALING_PATHWAY,GO_BP,1.4131808857998125,0.9589609226203288,1.2769549789517811
GOBP_NEGATIVE_REGULATION_OF_NUCLEAR_DIVISION,GO_BP,2.471354595058534,0.5939176243177793,-1.4973943786706772
GOBP_NEGATIVE_REGULATION_OF_NUCLEOCYTOPLASMIC_TRANSPORT,GO_BP,1.032935136122757,1.1878854862551464,1.6376017799897615
GOBP_NEGATIVE_REGULATION_OF_NUCLEOTIDE_CATABOLIC_PROCESS,GO_BP,-1.3073925184575492,1.6430176543779178,-1.0343205041588823
GOBP_NEGATIVE_REGULATION_OF_NUCLEOTIDE_METABOLIC_PROCESS,GO_BP,-0.9979092136494816,1.5659542884459583,-1.0922031439537752
GOBP_NEGATIVE_REGULATION_OF_ORGANELLE_ASSEMBLY,GO_BP,1.0182128211286874,1.139295671047328,0.6621724059857549
GOBP_NEGATIVE_REGULATION_OF_ORGANELLE_ORGANIZATION,GO_BP,1.8224862884861557,0.8744400522408593,0.8560195880410352
GOBP_NEGATIVE_REGULATION_OF_ORGAN_GROWTH,GO_BP,0.7821633244284346,1.6449783343491835,0.8624793797281287
GOBP_NEGATIVE_REGULATION_OF_OSSIFICATION,GO_BP,1.1540977133360288,1.2342023397502282,0.8095978749327475
GOBP_NEGATIVE_REGULATION_OF_OSTEOBLAST_DIFFERENTIATION,GO_BP,-1.350010280656784,1.6469747542603872,1.449246369785513
GOBP_NEGATIVE_REGULATION_OF_OSTEOCLAST_DIFFERENTIATION,GO_BP,-0.7374687789219291,0.9990321792842768,0.9784498082532234
GOBP_NEGATIVE_REGULATION_OF_OXIDATIVE_STRESS_INDUCED_INTRINSIC_APOPTOTIC_SIGNALING_PATHWAY,GO_BP,-1.206137055703667,1.5871388927143415,-0.8832380934959663
GOBP_NEGATIVE_REGULATION_OF_PEPTIDE_SECRETION,GO_BP,-0.9054857024133912,1.4700044691965477,-0.821809311524683
GOBP_NEGATIVE_REGULATION_OF_PEPTIDYL_TYROSINE_PHOSPHORYLATION,GO_BP,1.235451636584865,1.3410867117764356,1.545833240817697
GOBP_NEGATIVE_REGULATION_OF_PHAGOCYTOSIS,GO_BP,0.5646260972337364,1.1815477192626311,0.7304377477192872
GOBP_NEGATIVE_REGULATION_OF_PHOSPHATIDYLINOSITOL_3_KINASE_PROTEIN_KINASE_B_SIGNAL_TRANSDUCTION,GO_BP,-1.2814170323145564,0.9021078372705642,1.4241433045027547
GOBP_NEGATIVE_REGULATION_OF_PHOSPHORUS_METABOLIC_PROCESS,GO_BP,-1.09643303933167,1.4411130252246016,1.0970957010196691
GOBP_NEGATIVE_REGULATION_OF_PHOSPHORYLATION,GO_BP,-0.981209311344741,1.491938337785953,1.181647246408324
GOBP_NEGATIVE_REGULATION_OF_PLASMA_MEMBRANE_BOUNDED_CELL_PROJECTION_ASSEMBLY,GO_BP,0.9804125789410656,-1.2729672258724063,1.0425621151536848
GOBP_NEGATIVE_REGULATION_OF_POST_TRANSLATIONAL_PROTEIN_MODIFICATION,GO_BP,0.9851984075567533,-1.4459171719667787,1.5891744092407478
GOBP_NEGATIVE_REGULATION_OF_PRODUCTION_OF_MOLECULAR_MEDIATOR_OF_IMMUNE_RESPONSE,GO_BP,-0.7472145484783259,-0.6393535715907211,1.293939380932503
GOBP_NEGATIVE_REGULATION_OF_PROGRAMMED_NECROTIC_CELL_DEATH,GO_BP,-1.6247141259893332,0.6471164367429336,1.2745872485104317
GOBP_NEGATIVE_REGULATION_OF_PROTEASOMAL_PROTEIN_CATABOLIC_PROCESS,GO_BP,0.7433007173402381,0.654708502991059,-0.6224235660294648
GOBP_NEGATIVE_REGULATION_OF_PROTEASOMAL_UBIQUITIN_DEPENDENT_PROTEIN_CATABOLIC_PROCESS,GO_BP,0.918353442155549,0.6361419875721697,-0.651566203186507
GOBP_NEGATIVE_REGULATION_OF_PROTEIN_BINDING,GO_BP,1.1481418711942757,-1.42258277610267,-1.2289523730519751
GOBP_NEGATIVE_REGULATION_OF_PROTEIN_CATABOLIC_PROCESS,GO_BP,-0.9672060732238468,-0.913893676579348,0.8658838603017655
GOBP_NEGATIVE_REGULATION_OF_PROTEIN_CONTAINING_COMPLEX_ASSEMBLY,GO_BP,-0.9944391691271682,-1.0198898039962188,1.0068367575504078
GOBP_NEGATIVE_REGULATION_OF_PROTEIN_CONTAINING_COMPLEX_DISASSEMBLY,GO_BP,0.9231907106880992,1.047289527812037,1.0224374203505555
GOBP_NEGATIVE_REGULATION_OF_PROTEIN_IMPORT_INTO_NUCLEUS,GO_BP,-1.1229618204892495,1.2471180604168317,1.7530990865842089
GOBP_NEGATIVE_REGULATION_OF_PROTEIN_LOCALIZATION,GO_BP,-1.0759812415721883,1.3147826982646045,1.412659785798605
GOBP_NEGATIVE_REGULATION_OF_PROTEIN_LOCALIZATION_TO_MEMBRANE,GO_BP,-1.1628633306332328,1.323684242604049,1.2707238817694544
GOBP_NEGATIVE_REGULATION_OF_PROTEIN_LOCALIZATION_TO_NUCLEUS,GO_BP,-1.325495443023326,1.389192419803707,1.4050446585918184
GOBP_NEGATIVE_REGULATION_OF_PROTEIN_MATURATION,GO_BP,-0.7510565230624847,1.7787021151759093,1.3701493142290322
GOBP_NEGATIVE_REGULATION_OF_PROTEIN_MODIFICATION_PROCESS,GO_BP,-0.9829797876177914,1.1113386653824546,1.5226028774092637
GOBP_NEGATIVE_REGULATION_OF_PROTEIN_POLYMERIZATION,GO_BP,-0.9509341521804014,-1.2181222307881308,1.3350723366987147
GOBP_NEGATIVE_REGULATION_OF_PROTEIN_SECRETION,GO_BP,-0.9028260485446904,0.9576078473903272,0.6498225281018923
GOBP_NEGATIVE_REGULATION_OF_PROTEIN_SERINE_THREONINE_KINASE_ACTIVITY,GO_BP,0.8165611380793287,1.2309029521313066,0.940066554560084
GOBP_NEGATIVE_REGULATION_OF_PROTEIN_UBIQUITINATION,GO_BP,1.0927556415699076,-1.3910503162792438,1.639003138073954
GOBP_NEGATIVE_REGULATION_OF_PROTEOLYSIS,GO_BP,-0.8238190496656168,1.005718716258949,0.7225262217310662
GOBP_NEGATIVE_REGULATION_OF_PROTEOLYSIS_INVOLVED_IN_PROTEIN_CATABOLIC_PROCESS,GO_BP,0.7859393708965996,0.613597797862246,-0.9190312836279416
GOBP_NEGATIVE_REGULATION_OF_RAS_PROTEIN_SIGNAL_TRANSDUCTION,GO_BP,1.4434603562475743,0.936007556519418,-0.846746876477091
GOBP_NEGATIVE_REGULATION_OF_REACTIVE_OXYGEN_SPECIES_METABOLIC_PROCESS,GO_BP,1.0765025455783248,1.0494122500927494,1.4018371220596784
GOBP_NEGATIVE_REGULATION_OF_RECEPTOR_MEDIATED_ENDOCYTOSIS,GO_BP,-0.8561337757421537,-1.0333525080573531,0.778569048071845
GOBP_NEGATIVE_REGULATION_OF_RECEPTOR_SIGNALING_PATHWAY_VIA_JAK_STAT,GO_BP,1.5134213405031958,1.9149794573196632,1.516991735290132
GOBP_NEGATIVE_REGULATION_OF_RECEPTOR_SIGNALING_PATHWAY_VIA_STAT,GO_BP,1.4993456928885565,1.3879101565183938,1.473707354718147
GOBP_NEGATIVE_REGULATION_OF_REGULATED_SECRETORY_PATHWAY,GO_BP,1.4446763786597865,-0.6704183899581044,0.8386228609359277
GOBP_NEGATIVE_REGULATION_OF_REGULATORY_T_CELL_DIFFERENTIATION,GO_BP,-0.8151057991323009,1.1147792277512307,1.6331304560953153
GOBP_NEGATIVE_REGULATION_OF_RELEASE_OF_CYTOCHROME_C_FROM_MITOCHONDRIA,GO_BP,1.5121347282483797,0.9572121031759432,-0.7878847161185277
GOBP_NEGATIVE_REGULATION_OF_REPRODUCTIVE_PROCESS,GO_BP,1.3466124266130703,1.3977822863793783,-1.1649077420590292
GOBP_NEGATIVE_REGULATION_OF_RESPONSE_TO_BIOTIC_STIMULUS,GO_BP,0.9862375179582166,0.9264968148310856,1.4458292691489691
GOBP_NEGATIVE_REGULATION_OF_RESPONSE_TO_CYTOKINE_STIMULUS,GO_BP,0.9370471942034876,1.1985631022290482,1.213578188816793
GOBP_NEGATIVE_REGULATION_OF_RESPONSE_TO_ENDOPLASMIC_RETICULUM_STRESS,GO_BP,-1.637012466382339,1.2478962359590162,-0.6042420894287995
GOBP_NEGATIVE_REGULATION_OF_RESPONSE_TO_EXTERNAL_STIMULUS,GO_BP,1.1958294813193284,1.4041730145393514,1.7364248876532558
GOBP_NEGATIVE_REGULATION_OF_RESPONSE_TO_WOUNDING,GO_BP,-1.1428051361731877,1.3783470726471343,0.9508208058409334
GOBP_NEGATIVE_REGULATION_OF_RHO_PROTEIN_SIGNAL_TRANSDUCTION,GO_BP,-0.7870682309380735,1.444253709559404,1.2198261334694755
GOBP_NEGATIVE_REGULATION_OF_RNA_CATABOLIC_PROCESS,GO_BP,1.1881508622742885,1.1223031824239285,1.0237991607292782
GOBP_NEGATIVE_REGULATION_OF_RNA_SPLICING,GO_BP,1.8290237406868963,1.3009219397623033,-1.0318852156261875
GOBP_NEGATIVE_REGULATION_OF_SECRETION,GO_BP,-0.8887144275095906,0.979361529678357,0.9949487877183714
GOBP_NEGATIVE_REGULATION_OF_SIGNAL_TRANSDUCTION_BY_P53_CLASS_MEDIATOR,GO_BP,0.9102487290097284,0.7222539240963887,0.7698527052598491
GOBP_NEGATIVE_REGULATION_OF_SIGNAL_TRANSDUCTION_IN_ABSENCE_OF_LIGAND,GO_BP,-1.1609296504299254,-1.4545026626851958,-1.166942739720514
GOBP_NEGATIVE_REGULATION_OF_SMAD_PROTEIN_SIGNAL_TRANSDUCTION,GO_BP,-1.2739041192486846,2.064139079137073,1.006748603520929
GOBP_NEGATIVE_REGULATION_OF_SMALL_GTPASE_MEDIATED_SIGNAL_TRANSDUCTION,GO_BP,1.4102263747968151,1.2910905424501673,1.2862477684177387
GOBP_NEGATIVE_REGULATION_OF_SMALL_MOLECULE_METABOLIC_PROCESS,GO_BP,-0.9071718203198326,1.193190900549072,0.9863817994412784
GOBP_NEGATIVE_REGULATION_OF_SMOOTHENED_SIGNALING_PATHWAY,GO_BP,-1.0555280438802177,0.8461829911743558,0.6291463431992098
GOBP_NEGATIVE_REGULATION_OF_SMOOTH_MUSCLE_CELL_MIGRATION,GO_BP,-1.6023599239561808,1.5143103952916908,-1.107255938202861
GOBP_NEGATIVE_REGULATION_OF_SMOOTH_MUSCLE_CELL_PROLIFERATION,GO_BP,-1.8649381752256688,-1.0623586445355548,1.0926998658309617
GOBP_NEGATIVE_REGULATION_OF_STEM_CELL_DIFFERENTIATION,GO_BP,-1.0618944110272344,1.7590429102511038,0.8178467522314393
GOBP_NEGATIVE_REGULATION_OF_STEM_CELL_POPULATION_MAINTENANCE,GO_BP,0.8370192486491763,-0.9792178371794802,-1.113422832010203
GOBP_NEGATIVE_REGULATION_OF_STEROID_BIOSYNTHETIC_PROCESS,GO_BP,-0.6792085939071193,1.1213374578531576,1.0585779656714531
GOBP_NEGATIVE_REGULATION_OF_STEROID_METABOLIC_PROCESS,GO_BP,-0.8124373869246907,1.197374344657649,1.299113227460397
GOBP_NEGATIVE_REGULATION_OF_STRIATED_MUSCLE_CELL_APOPTOTIC_PROCESS,GO_BP,-1.2572274756575024,-1.0769905658987802,-1.081068935265325
GOBP_NEGATIVE_REGULATION_OF_STRIATED_MUSCLE_CELL_DIFFERENTIATION,GO_BP,-0.9773547914081332,1.5363833653767562,-0.736753708513385
GOBP_NEGATIVE_REGULATION_OF_SUPRAMOLECULAR_FIBER_ORGANIZATION,GO_BP,-1.1524403776132337,-1.034829448221484,1.097619476244743
GOBP_NEGATIVE_REGULATION_OF_SYNAPTIC_TRANSMISSION,GO_BP,-1.6470772217038148,0.723006109181428,-1.5148399194838575
GOBP_NEGATIVE_REGULATION_OF_SYNCYTIUM_FORMATION_BY_PLASMA_MEMBRANE_FUSION,GO_BP,1.194116978644006,-2.7116356202791443,-1.834577250257642
GOBP_NEGATIVE_REGULATION_OF_TELOMERE_MAINTENANCE,GO_BP,1.4585707129089074,-0.896775327026292,0.5588998963677261
GOBP_NEGATIVE_REGULATION_OF_TELOMERE_MAINTENANCE_VIA_TELOMERASE,GO_BP,1.5091991081336915,-1.0925418422223294,0.7094910266586774
GOBP_NEGATIVE_REGULATION_OF_TELOMERE_MAINTENANCE_VIA_TELOMERE_LENGTHENING,GO_BP,1.483968496592316,-0.9140319889506668,0.6444313614639862
GOBP_NEGATIVE_REGULATION_OF_TISSUE_REMODELING,GO_BP,-0.848979461967351,-1.492604679362346,1.722255998912365
GOBP_NEGATIVE_REGULATION_OF_TORC1_SIGNALING,GO_BP,1.003496605728835,1.0102320296335103,0.6505263202154528
GOBP_NEGATIVE_REGULATION_OF_TOR_SIGNALING,GO_BP,0.9374428228848004,1.6528720456193056,0.599056301608979
GOBP_NEGATIVE_REGULATION_OF_TRANSCRIPTION_ELONGATION_BY_RNA_POLYMERASE_II,GO_BP,1.6300509333757185,0.6537878193307997,-0.6542601107023236
GOBP_NEGATIVE_REGULATION_OF_TRANSFORMING_GROWTH_FACTOR_BETA_RECEPTOR_SIGNALING_PATHWAY,GO_BP,1.085857070975364,1.5513651428430628,-0.8190441860087139
GOBP_NEGATIVE_REGULATION_OF_TRANSLATION,GO_BP,-1.0818009621098466,1.4408466297100886,0.6552673250258043
GOBP_NEGATIVE_REGULATION_OF_TRANSLATIONAL_INITIATION,GO_BP,-0.7108339004187026,0.9317086535128482,-0.6387914550233559
GOBP_NEGATIVE_REGULATION_OF_TRANSMEMBRANE_RECEPTOR_PROTEIN_SERINE_THREONINE_KINASE_SIGNALING_PATHWAY,GO_BP,-1.0940445651427926,1.7726243693104595,1.0434233055958295
GOBP_NEGATIVE_REGULATION_OF_TRANSMEMBRANE_TRANSPORT,GO_BP,-0.9753546902529168,0.962892117664116,0.9954864864113194
GOBP_NEGATIVE_REGULATION_OF_TRANSPORT,GO_BP,-1.0310062682000598,1.0944500557727217,1.2017393148653095
GOBP_NEGATIVE_REGULATION_OF_TUMOR_NECROSIS_FACTOR_MEDIATED_SIGNALING_PATHWAY,GO_BP,0.8067317126434699,-0.9573855387533226,1.0374408126763937
GOBP_NEGATIVE_REGULATION_OF_TUMOR_NECROSIS_FACTOR_SUPERFAMILY_CYTOKINE_PRODUCTION,GO_BP,-1.170030929971584,1.144372480142977,1.6597598356266074
GOBP_NEGATIVE_REGULATION_OF_TYPE_II_INTERFERON_PRODUCTION,GO_BP,-1.137802731307442,1.388729219081701,1.5701594804444945
GOBP_NEGATIVE_REGULATION_OF_TYPE_I_INTERFERON_MEDIATED_SIGNALING_PATHWAY,GO_BP,1.1802274848624914,1.5451895585290008,0.7130741704029682
GOBP_NEGATIVE_REGULATION_OF_TYPE_I_INTERFERON_PRODUCTION,GO_BP,-0.9324544604636404,0.921201735851636,0.9646364240213144
GOBP_NEGATIVE_REGULATION_OF_T_CELL_PROLIFERATION,GO_BP,-1.5302300090802907,1.0302910712661268,1.1663433857126035
GOBP_NEGATIVE_REGULATION_OF_T_CELL_RECEPTOR_SIGNALING_PATHWAY,GO_BP,-1.3209926458205952,1.102566522313616,1.3491659086097028
GOBP_NEGATIVE_REGULATION_OF_UBIQUITIN_DEPENDENT_PROTEIN_CATABOLIC_PROCESS,GO_BP,0.9407576076667848,-0.7143280834091359,-0.9216054923861848
GOBP_NEGATIVE_REGULATION_OF_VASCULAR_ASSOCIATED_SMOOTH_MUSCLE_CELL_PROLIFERATION,GO_BP,-1.841904064609048,0.8928286808295237,-1.0554963379109563
GOBP_NEGATIVE_REGULATION_OF_VASCULATURE_DEVELOPMENT,GO_BP,-1.78241468258055,1.6954428488210698,0.9289467176548604
GOBP_NEGATIVE_REGULATION_OF_VIRAL_GENOME_REPLICATION,GO_BP,1.3627187836087342,1.6495729259468015,1.138354761710485
GOBP_NEGATIVE_REGULATION_OF_VIRAL_PROCESS,GO_BP,1.1490307873711718,1.772130162230428,1.6307231829534343
GOBP_NEGATIVE_REGULATION_OF_VIRAL_TRANSCRIPTION,GO_BP,-0.8185427442059556,1.730409993244784,0.6821327785855172
GOBP_NEGATIVE_REGULATION_OF_WNT_SIGNALING_PATHWAY,GO_BP,-1.5011802391558742,1.6316090347720078,-0.7845719048519639
GOBP_NEGATIVE_REGULATION_OF_WOUND_HEALING,GO_BP,-1.1655785161362264,1.5183247612717332,1.089952467177559
GOBP_NEPHRON_DEVELOPMENT,GO_BP,-1.4078922316496942,1.6442098926583302,-1.1247032815141838
GOBP_NEPHRON_EPITHELIUM_DEVELOPMENT,GO_BP,-1.284749249414602,1.7412141878290293,-1.0910399637187254
GOBP_NEPHRON_MORPHOGENESIS,GO_BP,-1.2759842736465652,1.93637176261189,-0.9868877102625376
GOBP_NERVE_DEVELOPMENT,GO_BP,-1.6823534704390342,1.6760631435903424,-1.0469176782374443
GOBP_NEURAL_CREST_CELL_DIFFERENTIATION,GO_BP,-1.6262163265925873,1.0898007740712985,-1.0116518507201362
GOBP_NEURAL_NUCLEUS_DEVELOPMENT,GO_BP,-1.46880218114187,1.055021098658177,-0.861169280758826
GOBP_NEURAL_PRECURSOR_CELL_PROLIFERATION,GO_BP,1.1546969161172065,1.137328556689412,0.6140476836481831
GOBP_NEURAL_RETINA_DEVELOPMENT,GO_BP,1.0206233608039634,0.9791515873932932,-1.2299440050270949
GOBP_NEURAL_TUBE_DEVELOPMENT,GO_BP,-1.6793721537976578,1.3120320577242834,0.7323500984723511
GOBP_NEURAL_TUBE_FORMATION,GO_BP,-1.3410457070883073,1.3743856853717775,0.8484889614483271
GOBP_NEURAL_TUBE_PATTERNING,GO_BP,-1.0534064550021542,0.846363222716029,-0.5942304516179783
GOBP_NEUROBLAST_PROLIFERATION,GO_BP,1.0326882367369683,-0.911010661658506,-0.9416588667603152
GOBP_NEUROEPITHELIAL_CELL_DIFFERENTIATION,GO_BP,-0.9516147814167168,1.4521847173306524,0.8312212994869568
GOBP_NEUROINFLAMMATORY_RESPONSE,GO_BP,-1.1578640131460456,1.1910091957296531,-0.9972390168902684
GOBP_NEUROMUSCULAR_JUNCTION_DEVELOPMENT,GO_BP,-0.9850596310613264,0.9345676174611444,0.8586937997471461
GOBP_NEUROMUSCULAR_PROCESS,GO_BP,-1.050830540593745,0.7325270807995993,0.8827054206108959
GOBP_NEUROMUSCULAR_PROCESS_CONTROLLING_BALANCE,GO_BP,-0.8436294430718088,0.950607060768437,0.8931500982170464
GOBP_NEURONAL_ACTION_POTENTIAL,GO_BP,-1.3137464070622318,0.9754320092565992,0.8355818447473451
GOBP_NEURONAL_STEM_CELL_POPULATION_MAINTENANCE,GO_BP,1.6206711217284244,1.1001442072616263,-0.7511710254497163
GOBP_NEURON_APOPTOTIC_PROCESS,GO_BP,-1.1993425186919622,1.0754586188007966,1.1074746282740533
GOBP_NEURON_CELLULAR_HOMEOSTASIS,GO_BP,-1.1090289216810707,1.2446228539286832,-0.7915223521956297
GOBP_NEURON_FATE_COMMITMENT,GO_BP,1.510563171069436,1.7395647448533542,-0.7568009965004073
GOBP_NEURON_INTRINSIC_APOPTOTIC_SIGNALING_PATHWAY_IN_RESPONSE_TO_OXIDATIVE_STRESS,GO_BP,0.9552739676405976,1.5997713691339754,0.8877459227681975
GOBP_NEURON_MATURATION,GO_BP,-1.5342303028610391,-1.271993202611709,1.307649722753363
GOBP_NEURON_MIGRATION,GO_BP,-1.3309691906908383,0.895419170266364,-1.1702482765361089
GOBP_NEURON_PROJECTION_ARBORIZATION,GO_BP,-0.949293473149145,0.9031235195462658,1.328533966770605
GOBP_NEURON_PROJECTION_EXTENSION,GO_BP,-1.6547854715358437,0.9194007796358052,-1.231368022600296
GOBP_NEURON_PROJECTION_EXTENSION_INVOLVED_IN_NEURON_PROJECTION_GUIDANCE,GO_BP,-1.4684309261434654,1.3800672481632932,-1.2004262686539595
GOBP_NEURON_PROJECTION_GUIDANCE,GO_BP,-1.95471906978445,1.0795029374838194,0.8496109892140926
GOBP_NEURON_PROJECTION_ORGANIZATION,GO_BP,-1.1759050807515634,-1.2932958538992525,-1.127240003117205
GOBP_NEURON_PROJECTION_REGENERATION,GO_BP,-1.3159500695045507,-1.089175410090474,0.5762309153688858
GOBP_NEURON_RECOGNITION,GO_BP,-1.2028276123257144,1.0993722571965114,0.8919501977940107
GOBP_NEUROPEPTIDE_SIGNALING_PATHWAY,GO_BP,-1.1399358131647963,0.9171199207277334,-1.086191491733928
GOBP_NEUROTRANSMITTER_RECEPTOR_LOCALIZATION_TO_POSTSYNAPTIC_SPECIALIZATION_MEMBRANE,GO_BP,0.9202691307590936,0.7500596715277501,0.6823945294727449
GOBP_NEUROTRANSMITTER_SECRETION,GO_BP,-1.0950918208057494,-1.10568254721707,-0.928606843889509
GOBP_NEUROTRANSMITTER_TRANSPORT,GO_BP,0.9775566256648645,-1.030385284836386,-0.8668785005631344
GOBP_NEUROTRANSMITTER_UPTAKE,GO_BP,1.134804007254505,1.0324650627331484,0.690737649452336
GOBP_NEUROTROPHIN_SIGNALING_PATHWAY,GO_BP,-1.99414719098124,1.29081621732048,0.8054767544480124
GOBP_NEUROTROPHIN_TRK_RECEPTOR_SIGNALING_PATHWAY,GO_BP,-1.4229495644676586,1.567522780624918,0.7602846405146859
GOBP_NEUTRAL_AMINO_ACID_TRANSPORT,GO_BP,-1.8193061466096003,1.7988618292041958,0.7161199269036799
GOBP_NEUTRAL_LIPID_BIOSYNTHETIC_PROCESS,GO_BP,-1.3113742268795825,-1.448910005738934,1.690835864555032
GOBP_NEUTRAL_LIPID_CATABOLIC_PROCESS,GO_BP,-1.0424389507823264,1.048171029552254,0.951763294094924
GOBP_NEUTRAL_LIPID_METABOLIC_PROCESS,GO_BP,-1.2716566165627363,-1.2484229829981792,1.4463336309159447
GOBP_NEUTROPHIL_CHEMOTAXIS,GO_BP,-0.958712299904562,-0.9066261610923204,2.2577237603720413
GOBP_NEUTROPHIL_MEDIATED_IMMUNITY,GO_BP,0.800586842539702,1.0440102994231288,1.8596953391868556
GOBP_NEUTROPHIL_MIGRATION,GO_BP,1.1583198087942532,-0.8990735070055905,2.209326662431673
GOBP_NON_CANONICAL_NF_KAPPAB_SIGNAL_TRANSDUCTION,GO_BP,-0.8207747269781364,1.7703896268111616,1.8954239402246529
GOBP_NON_CANONICAL_WNT_SIGNALING_PATHWAY,GO_BP,-1.6497431416178,1.5747980113525284,-0.9604565116917798
GOBP_NON_MOTILE_CILIUM_ASSEMBLY,GO_BP,0.5069129359514718,-1.5058092857493988,-0.5726254053981971
GOBP_NON_PROTEINOGENIC_AMINO_ACID_METABOLIC_PROCESS,GO_BP,-1.0972483251068672,-1.17310742334485,-1.011778646236425
GOBP_NOTCH_SIGNALING_PATHWAY,GO_BP,1.14240706956788,1.2832970265223609,1.4075831242307495
GOBP_NUCLEAR_CHROMOSOME_SEGREGATION,GO_BP,2.769717257324896,-0.9435834681808518,-0.9285821104484212
GOBP_NUCLEAR_ENVELOPE_ORGANIZATION,GO_BP,1.2417861754639232,0.7012818965532216,-0.7415923488195562
GOBP_NUCLEAR_EXPORT,GO_BP,1.5410542116781325,1.7607346670067003,0.6035607627456928
GOBP_NUCLEAR_MEMBRANE_ORGANIZATION,GO_BP,0.9722985094566814,-0.7232649547982308,-0.7614620855784063
GOBP_NUCLEAR_MEMBRANE_REASSEMBLY,GO_BP,-0.6361993575909581,0.8533572844912234,-0.6503251990250083
GOBP_NUCLEAR_PORE_ORGANIZATION,GO_BP,1.654118708963649,0.8767262476388937,1.3732622306241318
GOBP_NUCLEAR_RECEPTOR_MEDIATED_SIGNALING_PATHWAY,GO_BP,-1.4163454862907945,1.6251689080689715,0.7195856711655456
GOBP_NUCLEAR_TRANSCRIBED_MRNA_CATABOLIC_PROCESS,GO_BP,1.3086742699836102,1.6907054514033746,1.0946392849682098
GOBP_NUCLEAR_TRANSCRIBED_MRNA_CATABOLIC_PROCESS_DEADENYLATION_DEPENDENT_DECAY,GO_BP,0.6125999378436945,1.858618249052676,0.8704189996563515
GOBP_NUCLEAR_TRANSCRIBED_MRNA_CATABOLIC_PROCESS_NONSENSE_MEDIATED_DECAY,GO_BP,1.2121778579197553,1.162637143153891,0.8779854914507033
GOBP_NUCLEAR_TRANSCRIBED_MRNA_POLY_A_TAIL_SHORTENING,GO_BP,-1.3226216842368774,1.7593406880009814,0.6216670882092827
GOBP_NUCLEAR_TRANSPORT,GO_BP,1.3134913529419066,1.6274570156655292,1.0175284189674887
GOBP_NUCLEIC_ACID_CATABOLIC_PROCESS,GO_BP,1.3102185364795094,1.188647521510952,0.9703977836599744
GOBP_NUCLEOBASE_BIOSYNTHETIC_PROCESS,GO_BP,1.9844621405335965,0.6905683278019701,0.9037336698817292
GOBP_NUCLEOBASE_CONTAINING_COMPOUND_TRANSPORT,GO_BP,1.6130786287857393,1.4831904074793782,0.8520485525288818
GOBP_NUCLEOBASE_METABOLIC_PROCESS,GO_BP,2.0089453930844594,0.7351215694595473,1.201566674784006
GOBP_NUCLEOLAR_LARGE_RRNA_TRANSCRIPTION_BY_RNA_POLYMERASE_I,GO_BP,1.4563545593197988,1.2199139040415556,-0.9489618879177772
GOBP_NUCLEOLUS_ORGANIZATION,GO_BP,1.0545636921197024,0.9813613867526488,-1.0128605783787623
GOBP_NUCLEOPHAGY,GO_BP,-0.8965267816485948,1.4950452936137704,1.2407533930493049
GOBP_NUCLEOSIDE_BIOSYNTHETIC_PROCESS,GO_BP,1.927639772922381,-1.1871913806527148,-0.6494340708241719
GOBP_NUCLEOSIDE_DIPHOSPHATE_CATABOLIC_PROCESS,GO_BP,1.7247602480826492,0.9135359732769134,0.9312553358076472
GOBP_NUCLEOSIDE_DIPHOSPHATE_METABOLIC_PROCESS,GO_BP,1.7901011291535716,0.827622736178921,0.9653987560986416
GOBP_NUCLEOSIDE_METABOLIC_PROCESS,GO_BP,1.9625188341057975,-0.900041948784048,1.0375893601975563
GOBP_NUCLEOSIDE_MONOPHOSPHATE_BIOSYNTHETIC_PROCESS,GO_BP,1.9562932359663083,0.9032073983297304,0.7351956856226768
GOBP_NUCLEOSIDE_MONOPHOSPHATE_CATABOLIC_PROCESS,GO_BP,1.946406093075292,1.0656925167488764,1.494301572882773
GOBP_NUCLEOSIDE_MONOPHOSPHATE_METABOLIC_PROCESS,GO_BP,2.0360190813922943,0.7022796920405712,1.35303278131505
GOBP_NUCLEOSIDE_PHOSPHATE_BIOSYNTHETIC_PROCESS,GO_BP,1.9841543386740617,-1.0365068049182076,-0.9432649077324662
GOBP_NUCLEOSIDE_PHOSPHATE_CATABOLIC_PROCESS,GO_BP,1.906876656801392,1.0822112327648246,1.1165346211167986
GOBP_NUCLEOSIDE_TRIPHOSPHATE_BIOSYNTHETIC_PROCESS,GO_BP,1.8965295632393155,-0.9553517435745064,-1.104386050767987
GOBP_NUCLEOSIDE_TRIPHOSPHATE_METABOLIC_PROCESS,GO_BP,1.7434206538358048,-1.1189057829886602,-0.9089668431602892
GOBP_NUCLEOSOME_ORGANIZATION,GO_BP,2.0777325319541653,1.0693616202456742,-0.889935897166547
GOBP_NUCLEOTIDE_BINDING_DOMAIN_LEUCINE_RICH_REPEAT_CONTAINING_RECEPTOR_SIGNALING_PATHWAY,GO_BP,-1.3888459466081506,-1.4624831459213057,2.2209756189035965
GOBP_NUCLEOTIDE_BIOSYNTHETIC_PROCESS,GO_BP,1.9661500139656731,-0.8697636291179072,-1.02151045744971
GOBP_NUCLEOTIDE_EXCISION_REPAIR,GO_BP,1.5940955525312817,-0.8635729104230481,-0.804264594385866
GOBP_NUCLEOTIDE_METABOLIC_PROCESS,GO_BP,1.7720154019251435,-1.007255950213449,0.8651304149191451
GOBP_NUCLEOTIDE_SALVAGE,GO_BP,1.6158601127385497,0.8848490843425345,-0.880984349533482
GOBP_NUCLEOTIDE_SUGAR_BIOSYNTHETIC_PROCESS,GO_BP,1.0853049032882982,1.2000240182127409,1.1935729194548317
GOBP_NUCLEOTIDE_SUGAR_METABOLIC_PROCESS,GO_BP,1.26145193986272,1.1351217628885932,0.9783755902189236
GOBP_NUCLEOTIDE_TRANSMEMBRANE_TRANSPORT,GO_BP,0.8453086407359999,1.206917426796631,1.0268402595370654
GOBP_NUCLEOTIDE_TRANSPORT,GO_BP,-0.9143224597996004,1.0329166521189963,1.2753499836835556
GOBP_NUCLEUS_LOCALIZATION,GO_BP,1.232509324832822,0.8775602961274098,0.7670600784525359
GOBP_NUCLEUS_ORGANIZATION,GO_BP,1.5175705236916548,0.997110675016424,0.8670669585965116
GOBP_NUTRIENT_STORAGE,GO_BP,-1.5290765307496992,-1.4567315164079284,1.934171072251191
GOBP_N_GLYCAN_PROCESSING,GO_BP,-1.5947322077879065,0.7792417309257141,0.9900531863513766
GOBP_ODONTOBLAST_DIFFERENTIATION,GO_BP,1.352313792527332,1.358937335134396,1.1592634697962774
GOBP_ODONTOGENESIS,GO_BP,-1.3375227791435915,1.5909535263975318,1.2265208516014665
GOBP_ODONTOGENESIS_OF_DENTIN_CONTAINING_TOOTH,GO_BP,-0.9539646279671712,1.2508473409116243,1.6102238530866595
GOBP_OLEFINIC_COMPOUND_BIOSYNTHETIC_PROCESS,GO_BP,-1.4480355299620515,1.6780659086740446,0.9916737427961706
GOBP_OLEFINIC_COMPOUND_METABOLIC_PROCESS,GO_BP,-1.3393853522492256,1.189838915785114,1.379555233674402
GOBP_OLFACTORY_LOBE_DEVELOPMENT,GO_BP,-1.4181184616418712,1.4040914186984312,1.4110229851437397
GOBP_OLIGODENDROCYTE_DEVELOPMENT,GO_BP,1.306436667427877,1.340360206618599,-0.9093303334493194
GOBP_OLIGODENDROCYTE_DIFFERENTIATION,GO_BP,1.0631055103288791,1.442923875474934,1.0974974798579082
GOBP_OLIGOPEPTIDE_TRANSPORT,GO_BP,-1.2236734152297863,1.1757914470281083,0.6554134219269302
GOBP_OLIGOSACCHARIDE_METABOLIC_PROCESS,GO_BP,-1.083496769197563,-1.3235555404703476,0.4274796110600203
GOBP_ONE_CARBON_METABOLIC_PROCESS,GO_BP,1.1092004124111223,1.0181022152885475,0.6939337396051377
GOBP_OOCYTE_DIFFERENTIATION,GO_BP,1.1156488339690298,1.0944835896020166,0.8388149146371342
GOBP_OOCYTE_MATURATION,GO_BP,1.398304239641605,1.088978481545218,0.9687746517247368
GOBP_OOGENESIS,GO_BP,1.035338043333056,0.924534973075162,1.3526220797631503
GOBP_ORGANELLE_DISASSEMBLY,GO_BP,0.959505758800236,1.0771192492006725,1.2808064498276297
GOBP_ORGANELLE_FISSION,GO_BP,2.46936802835649,-1.030085399925644,-0.9630336309429148
GOBP_ORGANELLE_FUSION,GO_BP,0.7819644342277238,1.0009246691414764,0.8132385778836971
GOBP_ORGANELLE_INHERITANCE,GO_BP,1.2229254387534525,0.6809371313598527,-0.7020768719727288
GOBP_ORGANELLE_MEMBRANE_FUSION,GO_BP,-0.928137493975344,1.0104307208581536,0.6888401409122438
GOBP_ORGANELLE_TRANSPORT_ALONG_MICROTUBULE,GO_BP,-0.979938637129402,1.0634275510890725,-0.7434451941662453
GOBP_ORGANIC_ACID_BIOSYNTHETIC_PROCESS,GO_BP,-1.222034482620555,-1.1054203083984082,-0.9011091424412836
GOBP_ORGANIC_ACID_CATABOLIC_PROCESS,GO_BP,0.9688305682680932,-1.4753350184333118,-1.194424620693451
GOBP_ORGANIC_ACID_TRANSPORT,GO_BP,-1.3988958769624915,1.3611326000112405,1.1922078403926946
GOBP_ORGANIC_ANION_TRANSPORT,GO_BP,-1.3417334055120285,1.3409689972823846,1.42413999306719
GOBP_ORGANIC_CATION_TRANSPORT,GO_BP,-1.439448194207287,1.647975869335238,1.426865642825412
GOBP_ORGANIC_HYDROXY_COMPOUND_TRANSPORT,GO_BP,-1.017412020379178,-1.0671453501034414,1.1277072300194628
GOBP_ORGANISM_EMERGENCE_FROM_PROTECTIVE_STRUCTURE,GO_BP,0.9535972832770426,0.8591895415926584,0.4658080228309471
GOBP_ORGANOPHOSPHATE_CATABOLIC_PROCESS,GO_BP,1.7906369414825225,-1.2613637920044722,1.2700640907243388
GOBP_ORGANOPHOSPHATE_ESTER_TRANSPORT,GO_BP,-1.2348409415337107,1.095166451889256,1.2419939287592214
GOBP_ORGAN_GROWTH,GO_BP,-1.4932727813686664,1.741476301391902,-0.97249239527695
GOBP_ORGAN_INDUCTION,GO_BP,-1.7095096102539644,1.0362697786927153,1.0703709904026988
GOBP_OSSIFICATION,GO_BP,-1.6004095643326508,2.0628912144408,0.7904539200256882
GOBP_OSTEOBLAST_DIFFERENTIATION,GO_BP,-1.3192853329090852,2.1558351183693074,0.8679704390980054
GOBP_OSTEOBLAST_PROLIFERATION,GO_BP,-1.5526322792897305,1.8228403607077497,1.142734048664467
GOBP_OSTEOCLAST_DIFFERENTIATION,GO_BP,-1.2593811683915386,1.2445876478515985,1.5562852479591516
GOBP_OUTFLOW_TRACT_MORPHOGENESIS,GO_BP,-1.4323056615590064,2.107168933381976,-0.9379836002296112
GOBP_OUTFLOW_TRACT_SEPTUM_MORPHOGENESIS,GO_BP,-1.3657809242729213,2.019372758996974,0.7627880010882471
GOBP_OVARIAN_FOLLICLE_DEVELOPMENT,GO_BP,-1.185327948898274,0.9284558894807272,1.0233155788073052
GOBP_OVULATION_CYCLE,GO_BP,-1.228661946350886,-1.192683237136518,1.399979076738698
GOBP_OVULATION_CYCLE_PROCESS,GO_BP,-1.2402511109793144,1.1836056695007573,1.6781513540246356
GOBP_OXIDATIVE_PHOSPHORYLATION,GO_BP,1.8185549418744489,-0.467079836984374,-1.631677310447376
GOBP_P38MAPK_CASCADE,GO_BP,1.0610123281070687,1.943459996306258,1.1508516936345654
GOBP_PALLIUM_DEVELOPMENT,GO_BP,-1.1508031105260932,1.2773039169275862,1.133650984515533
GOBP_PANCREAS_DEVELOPMENT,GO_BP,-1.4580926848549218,1.1514188900273414,-1.3715480806668705
GOBP_PARAXIAL_MESODERM_DEVELOPMENT,GO_BP,-1.6117066241146822,-0.8115901389139389,1.608441798989111
GOBP_PATTERN_SPECIFICATION_PROCESS,GO_BP,-1.3539118124232925,1.3098262398835223,0.8110674689855571
GOBP_PENTOSE_PHOSPHATE_SHUNT,GO_BP,-0.9969131325725452,-0.9810343293441044,0.8154137568187352
GOBP_PEPTIDE_BIOSYNTHETIC_PROCESS,GO_BP,1.0209147960202676,1.344948696838718,1.2271613270065564
GOBP_PEPTIDE_CATABOLIC_PROCESS,GO_BP,-1.0164349125762902,-1.6486801676663625,-0.9433879044534568
GOBP_PEPTIDE_METABOLIC_PROCESS,GO_BP,1.046865293217581,0.940366553636386,0.7137674912082878
GOBP_PEPTIDE_TRANSPORT,GO_BP,1.0424677948225662,1.1373331349230835,0.7512573588751266
GOBP_PEPTIDYL_AMINO_ACID_MODIFICATION,GO_BP,-1.0265843864363944,1.2366877449695453,1.2872390955358342
GOBP_PEPTIDYL_CYSTEINE_MODIFICATION,GO_BP,-1.0584567448219868,-0.8723901791351745,0.8644405148373395
GOBP_PEPTIDYL_GLUTAMIC_ACID_MODIFICATION,GO_BP,0.6893950551950979,-1.1991950821863573,-0.6915134512105526
GOBP_PEPTIDYL_LYSINE_METHYLATION,GO_BP,-0.5185519358304429,-0.588528621409947,1.648298056945663
GOBP_PEPTIDYL_LYSINE_MODIFICATION,GO_BP,0.9646163446412224,0.959556031446595,0.9971678929438524
GOBP_PEPTIDYL_SERINE_MODIFICATION,GO_BP,1.4431025628676124,1.5325975244184071,1.079458387317233
GOBP_PEPTIDYL_THREONINE_PHOSPHORYLATION,GO_BP,1.3650452724136033,-0.9580446782082206,0.7995130617940943
GOBP_PEPTIDYL_TYROSINE_DEPHOSPHORYLATION,GO_BP,1.163646578134917,-0.9840460523828124,1.3696012334146088
GOBP_PEPTIDYL_TYROSINE_MODIFICATION,GO_BP,-1.6098159771178553,1.4955169213126795,1.5454446177906758
GOBP_PERIPHERAL_NERVOUS_SYSTEM_AXON_ENSHEATHMENT,GO_BP,-1.2168374608588497,-1.2297000480043156,0.8827284204828942
GOBP_PERIPHERAL_NERVOUS_SYSTEM_DEVELOPMENT,GO_BP,-1.747948573334803,0.9398657608417182,0.9462881161112272
GOBP_PERK_MEDIATED_UNFOLDED_PROTEIN_RESPONSE,GO_BP,-1.4811693347549562,2.0205335498758257,0.5107995946830879
GOBP_PEROXISOMAL_TRANSPORT,GO_BP,-0.7365613995978157,-0.910376598169043,1.2664931246009303
GOBP_PEROXISOME_ORGANIZATION,GO_BP,0.458896579911784,-1.0317411166517745,1.008797183591535
GOBP_PEROXISOME_PROLIFERATOR_ACTIVATED_RECEPTOR_SIGNALING_PATHWAY,GO_BP,-1.345392085019416,1.2967459629955769,1.1844746238642008
GOBP_PHAGOCYTOSIS,GO_BP,-1.354275971732801,1.0866179623896135,1.5675235144836743
GOBP_PHAGOCYTOSIS_ENGULFMENT,GO_BP,-1.0240189477436463,1.120511095887559,1.697764384861166
GOBP_PHAGOCYTOSIS_RECOGNITION,GO_BP,-1.516079610949074,0.722956431716001,1.7182769069745971
GOBP_PHAGOLYSOSOME_ASSEMBLY,GO_BP,0.8967424634409964,-1.531499575106979,-1.4234266046096131
GOBP_PHAGOSOME_MATURATION,GO_BP,-0.7283244430902653,-1.2380925104624625,-1.2620749807617253
GOBP_PHARYNGEAL_SYSTEM_DEVELOPMENT,GO_BP,-1.1301803143362952,1.3093460896975873,-1.5187614453445173
GOBP_PHENOL_CONTAINING_COMPOUND_BIOSYNTHETIC_PROCESS,GO_BP,-1.2608229194674412,-0.5605000762984357,0.686379640055878
GOBP_PHENOL_CONTAINING_COMPOUND_METABOLIC_PROCESS,GO_BP,-1.2673449526892473,-0.866432653758903,-0.9755067387033
GOBP_PHOSPHATIDIC_ACID_METABOLIC_PROCESS,GO_BP,0.8817769227556439,-1.0231709405190696,0.5397755987560793
GOBP_PHOSPHATIDYLCHOLINE_BIOSYNTHETIC_PROCESS,GO_BP,0.8006180559423892,-1.1391964617568215,1.078117752180729
GOBP_PHOSPHATIDYLCHOLINE_METABOLIC_PROCESS,GO_BP,0.8159955094481554,-1.9177876725523415,1.4106528072779574
GOBP_PHOSPHATIDYLETHANOLAMINE_METABOLIC_PROCESS,GO_BP,-1.3330557483011567,-1.2758393558284522,1.2735419576294429
GOBP_PHOSPHATIDYLGLYCEROL_METABOLIC_PROCESS,GO_BP,-0.8557402100146868,-1.2057322742114918,1.3370584425040362
GOBP_PHOSPHATIDYLINOSITOL_3_KINASE_PROTEIN_KINASE_B_SIGNAL_TRANSDUCTION,GO_BP,-1.694791745569283,1.3560974889285609,1.2430288922433188
GOBP_PHOSPHATIDYLINOSITOL_3_PHOSPHATE_BIOSYNTHETIC_PROCESS,GO_BP,-0.6814215043571826,0.9217151981129168,0.7000046534101152
GOBP_PHOSPHATIDYLINOSITOL_BIOSYNTHETIC_PROCESS,GO_BP,-1.0290169229432986,0.7158787035608141,0.7222577661829315
GOBP_PHOSPHATIDYLINOSITOL_DEPHOSPHORYLATION,GO_BP,0.6437944571410895,0.8251845029292696,1.060329495373692
GOBP_PHOSPHATIDYLINOSITOL_MEDIATED_SIGNALING,GO_BP,-1.1222573026480496,-1.0391904565626684,0.8955731599902222
GOBP_PHOSPHATIDYLINOSITOL_METABOLIC_PROCESS,GO_BP,-1.0077849021482208,-0.8949823297309516,0.8076225195817015
GOBP_PHOSPHATIDYLINOSITOL_PHOSPHATE_BIOSYNTHETIC_PROCESS,GO_BP,-1.1126690369184964,1.128218291861444,1.0925615887967353
GOBP_PHOSPHATIDYLSERINE_METABOLIC_PROCESS,GO_BP,-1.0011830625663185,-0.9476087638465102,-0.8189643547486011
GOBP_PHOSPHOLIPASE_C_ACTIVATING_G_PROTEIN_COUPLED_RECEPTOR_SIGNALING_PATHWAY,GO_BP,-0.9896646954618517,0.9360306527134296,-1.6389434213709135
GOBP_PHOSPHOLIPID_BIOSYNTHETIC_PROCESS,GO_BP,-1.063345994810827,-1.2729281855728511,1.0970239922823166
GOBP_PHOSPHOLIPID_CATABOLIC_PROCESS,GO_BP,-1.0732117723209929,-2.150672129442844,1.5423149055952203
GOBP_PHOSPHOLIPID_DEPHOSPHORYLATION,GO_BP,-0.8842163021036868,-1.0475054341991474,1.0401262811077732
GOBP_PHOSPHOLIPID_METABOLIC_PROCESS,GO_BP,-1.2830446638217847,-1.7573419092920857,1.1064774525958148
GOBP_PHOSPHOLIPID_TRANSPORT,GO_BP,-1.428014168790548,-1.0580876044021128,0.8953862999925128
GOBP_PHOTOPERIODISM,GO_BP,-0.884611003482329,2.0268073303597114,-1.26823263223867
GOBP_PHOTORECEPTOR_CELL_DEVELOPMENT,GO_BP,-0.8427825972601306,1.287784062042232,-1.4264350670735937
GOBP_PHOTORECEPTOR_CELL_DIFFERENTIATION,GO_BP,0.8101449613206574,1.5562643095992874,-1.2248957386597246
GOBP_PHOTORECEPTOR_CELL_MAINTENANCE,GO_BP,-1.3449672482589767,-1.626119761057127,0.8709385633458494
GOBP_PIECEMEAL_MICROAUTOPHAGY_OF_THE_NUCLEUS,GO_BP,-0.9784669931027034,1.4765005766984118,1.1004264111004698
GOBP_PIGMENTATION,GO_BP,0.9690839112946028,1.321332370323646,-0.8678220093992571
GOBP_PIGMENT_BIOSYNTHETIC_PROCESS,GO_BP,-1.427880550569239,-1.137275075631926,1.141853285736795
GOBP_PIGMENT_CELL_DIFFERENTIATION,GO_BP,-0.8631518850482848,1.421249055360576,-0.8679328411123747
GOBP_PIGMENT_GRANULE_LOCALIZATION,GO_BP,1.4487416398980095,-1.0537630744035846,-0.9037241610375342
GOBP_PIGMENT_GRANULE_ORGANIZATION,GO_BP,-1.3659769000905777,0.8931437851448473,0.6147298610866155
GOBP_PIGMENT_METABOLIC_PROCESS,GO_BP,-1.5394279812259133,-1.0123173642246444,1.0539183721187932
GOBP_PINOCYTOSIS,GO_BP,0.831399375753474,-1.155736990794759,0.7368874759045722
GOBP_PITUITARY_GLAND_DEVELOPMENT,GO_BP,1.153495257315068,1.0625046592098344,-1.1783452430129229
GOBP_PLACENTA_BLOOD_VESSEL_DEVELOPMENT,GO_BP,0.7642788333750133,2.141401785811477,0.9326742986103173
GOBP_PLACENTA_DEVELOPMENT,GO_BP,1.2588221781612203,1.5981051277498843,1.0321600732574336
GOBP_PLASMA_LIPOPROTEIN_PARTICLE_CLEARANCE,GO_BP,-1.5223724232888722,-0.9491946468469932,1.0341063836721291
GOBP_PLASMA_MEMBRANE_ORGANIZATION,GO_BP,-1.4629318127046531,-1.5611643735784018,0.7171619416990989
GOBP_PLASMA_MEMBRANE_PHOSPHOLIPID_SCRAMBLING,GO_BP,-1.1215666060211835,-1.339814688007874,0.7156046581131756
GOBP_PLASMA_MEMBRANE_REPAIR,GO_BP,-0.7801152566290074,-1.6466904847139696,-0.8201777853846971
GOBP_PLASMA_MEMBRANE_TUBULATION,GO_BP,-1.4819980875410113,1.2645562136604156,1.203668239785272
GOBP_PLASMINOGEN_ACTIVATION,GO_BP,1.1694722359542482,1.4015524160037656,1.5446795881523208
GOBP_PLATELET_ACTIVATION,GO_BP,-1.1938705330874044,-1.2006579620974482,1.3416412383638288
GOBP_PLATELET_AGGREGATION,GO_BP,-1.185437865390495,-1.4025012951578335,1.196090294065885
GOBP_PLATELET_DENSE_GRANULE_ORGANIZATION,GO_BP,1.121376370581384,0.7147764016324376,0.5636011006779056
GOBP_PLATELET_DERIVED_GROWTH_FACTOR_RECEPTOR_SIGNALING_PATHWAY,GO_BP,1.1660070103834796,1.2822822482334824,-1.1729429284415147
GOBP_PLATELET_MORPHOGENESIS,GO_BP,0.5070474694596451,1.3773732618666903,1.1199439665310875
GOBP_POLARIZED_EPITHELIAL_CELL_DIFFERENTIATION,GO_BP,-1.041922111921561,0.8749765529872497,1.451714426289848
GOBP_POLYAMINE_METABOLIC_PROCESS,GO_BP,1.49417600196642,-0.9707689664504128,-0.9688134191457498
GOBP_POLYOL_BIOSYNTHETIC_PROCESS,GO_BP,-0.9734841682227696,-0.9815083155074042,1.4465628509658652
GOBP_POLYOL_METABOLIC_PROCESS,GO_BP,1.1774660403986623,-1.1750034484774097,1.3965902945964035
GOBP_POLYSACCHARIDE_BIOSYNTHETIC_PROCESS,GO_BP,-1.398160929454461,1.3384807556851863,0.7414266683573468
GOBP_POLYSACCHARIDE_CATABOLIC_PROCESS,GO_BP,0.9243533281358998,1.240698159479425,-1.0459877287744606
GOBP_POLYSACCHARIDE_METABOLIC_PROCESS,GO_BP,-1.1341257082151217,1.4623899211117126,0.765180810361164
GOBP_POLY_A_PLUS_MRNA_EXPORT_FROM_NUCLEUS,GO_BP,0.9723576799794488,1.5758707492112405,-0.7023102737810538
GOBP_PORE_COMPLEX_ASSEMBLY,GO_BP,1.2889780701700475,-1.0921383163790868,1.0167246243252008
GOBP_PORPHYRIN_CONTAINING_COMPOUND_METABOLIC_PROCESS,GO_BP,-1.1622888523964687,-1.188506134691624,0.98074400276883
GOBP_POSITIVE_CHEMOTAXIS,GO_BP,-1.2131591026226116,-1.1551003658926795,1.5043081446812785
GOBP_POSITIVE_REGULATION_OF_ACTIN_FILAMENT_BUNDLE_ASSEMBLY,GO_BP,-1.7415318339638075,1.0283958148709806,1.37022529023415
GOBP_POSITIVE_REGULATION_OF_ACTIN_FILAMENT_POLYMERIZATION,GO_BP,-1.0765678804751395,-1.0219092692813936,1.1598581616164472
GOBP_POSITIVE_REGULATION_OF_ADAPTIVE_IMMUNE_RESPONSE,GO_BP,-0.8227451024075748,1.119819855787522,1.729103845628453
GOBP_POSITIVE_REGULATION_OF_ALCOHOL_BIOSYNTHETIC_PROCESS,GO_BP,-0.9638529946579856,-0.8970156447727241,0.914585292786708
GOBP_POSITIVE_REGULATION_OF_ALPHA_BETA_T_CELL_ACTIVATION,GO_BP,-1.1991352527572705,1.3446841316160898,1.2723831148483968
GOBP_POSITIVE_REGULATION_OF_ALPHA_BETA_T_CELL_DIFFERENTIATION,GO_BP,-0.9484088482421054,1.4928844890698354,1.273087081768538
GOBP_POSITIVE_REGULATION_OF_AMIDE_METABOLIC_PROCESS,GO_BP,-1.3621812189942442,1.1997920600243646,0.9346111135440948
GOBP_POSITIVE_REGULATION_OF_AMINE_TRANSPORT,GO_BP,0.9388632020011964,0.6954956326114033,-0.9669230351555328
GOBP_POSITIVE_REGULATION_OF_AMYLOID_PRECURSOR_PROTEIN_CATABOLIC_PROCESS,GO_BP,-1.4421620075811914,1.2013582289427225,-1.0469430230513448
GOBP_POSITIVE_REGULATION_OF_ANIMAL_ORGAN_MORPHOGENESIS,GO_BP,-1.6066982042708056,1.3169208241426948,1.2246252935966595
GOBP_POSITIVE_REGULATION_OF_ANTIGEN_RECEPTOR_MEDIATED_SIGNALING_PATHWAY,GO_BP,-1.1694821893198797,-0.7536035221928146,1.359173616277394
GOBP_POSITIVE_REGULATION_OF_APOPTOTIC_SIGNALING_PATHWAY,GO_BP,-1.1508552750572971,-1.0261123185222902,1.434942712220784
GOBP_POSITIVE_REGULATION_OF_ATP_DEPENDENT_ACTIVITY,GO_BP,-0.7239539032286764,0.8287976889169935,-0.9420184907284426
GOBP_POSITIVE_REGULATION_OF_AUTOPHAGOSOME_ASSEMBLY,GO_BP,-1.3144004075637157,1.111884703945432,0.5973365482776002
GOBP_POSITIVE_REGULATION_OF_AUTOPHAGY,GO_BP,-1.1934753169909502,1.5335626987264697,1.0062098424812111
GOBP_POSITIVE_REGULATION_OF_AUTOPHAGY_OF_MITOCHONDRION,GO_BP,1.0774519993425258,1.1009396317914388,-0.6974855248947193
GOBP_POSITIVE_REGULATION_OF_AXONOGENESIS,GO_BP,-1.6138178077015062,1.0254322738832238,-1.0483213613262834
GOBP_POSITIVE_REGULATION_OF_AXON_EXTENSION,GO_BP,-1.368032125011633,1.4026902629485605,-1.2934362508829838
GOBP_POSITIVE_REGULATION_OF_BINDING,GO_BP,-1.034417592788549,1.5178299082018905,0.8357119000166391
GOBP_POSITIVE_REGULATION_OF_BIOMINERAL_TISSUE_DEVELOPMENT,GO_BP,-1.4982667032719983,1.8516395831396,-0.8036222242091796
GOBP_POSITIVE_REGULATION_OF_BLOOD_CIRCULATION,GO_BP,-1.649701618089582,1.6521054030949127,0.6753560811008449
GOBP_POSITIVE_REGULATION_OF_BLOOD_VESSEL_ENDOTHELIAL_CELL_MIGRATION,GO_BP,-1.511201732030919,1.810887572873042,1.2389816923263772
GOBP_POSITIVE_REGULATION_OF_BMP_SIGNALING_PATHWAY,GO_BP,1.1078432621080383,1.4052678827924203,0.8618047565905549
GOBP_POSITIVE_REGULATION_OF_BONE_MINERALIZATION,GO_BP,-1.5528715525679702,1.7521730624910796,-0.9053637074046796
GOBP_POSITIVE_REGULATION_OF_B_CELL_ACTIVATION,GO_BP,-0.9091605527090386,1.1706739544333815,1.0584169581097338
GOBP_POSITIVE_REGULATION_OF_B_CELL_MEDIATED_IMMUNITY,GO_BP,0.7939690455287998,-1.0890955383098146,1.5188495896655163
GOBP_POSITIVE_REGULATION_OF_B_CELL_PROLIFERATION,GO_BP,-0.8674496076347392,1.5523792658440436,1.3729485201737428
GOBP_POSITIVE_REGULATION_OF_CALCIUM_ION_TRANSMEMBRANE_TRANSPORT,GO_BP,0.9260921504918876,-0.9253836156960442,1.3859076009640314
GOBP_POSITIVE_REGULATION_OF_CALCIUM_ION_TRANSPORT,GO_BP,-1.0932560918642888,1.1401730707122442,1.705306485890823
GOBP_POSITIVE_REGULATION_OF_CALCIUM_MEDIATED_SIGNALING,GO_BP,-1.608690426196244,0.9861478282269956,1.4337070385727675
GOBP_POSITIVE_REGULATION_OF_CANONICAL_NF_KAPPAB_SIGNAL_TRANSDUCTION,GO_BP,1.176007207936974,1.5799841109883723,1.5990750808753182
GOBP_POSITIVE_REGULATION_OF_CANONICAL_WNT_SIGNALING_PATHWAY,GO_BP,-1.550918277070993,1.3168622469919486,1.0660115319883077
GOBP_POSITIVE_REGULATION_OF_CARBOHYDRATE_METABOLIC_PROCESS,GO_BP,1.2635752329889818,1.4933077001441584,0.8186593787326985
GOBP_POSITIVE_REGULATION_OF_CARDIAC_MUSCLE_CELL_PROLIFERATION,GO_BP,-1.0071630013751065,1.1886894042924696,0.9423153293995714
GOBP_POSITIVE_REGULATION_OF_CARTILAGE_DEVELOPMENT,GO_BP,-1.194905742745083,0.9855724501934864,0.9894974113021388
GOBP_POSITIVE_REGULATION_OF_CATALYTIC_ACTIVITY,GO_BP,-1.2331350499063094,1.4340786323644883,1.054123312330859
GOBP_POSITIVE_REGULATION_OF_CD4_POSITIVE_ALPHA_BETA_T_CELL_ACTIVATION,GO_BP,-1.210600122443836,1.5038417386210368,1.322086001882126
GOBP_POSITIVE_REGULATION_OF_CD4_POSITIVE_ALPHA_BETA_T_CELL_DIFFERENTIATION,GO_BP,-0.98784103125928,1.5284361783549136,1.3673175953240386
GOBP_POSITIVE_REGULATION_OF_CELLULAR_COMPONENT_BIOGENESIS,GO_BP,-1.3525769096141875,1.023619535158668,0.8199260833811588
GOBP_POSITIVE_REGULATION_OF_CELLULAR_EXTRAVASATION,GO_BP,-0.9245478308316054,1.608704808145028,1.618712519747291
GOBP_POSITIVE_REGULATION_OF_CELLULAR_RESPONSE_TO_INSULIN_STIMULUS,GO_BP,-1.2230170444399668,-1.1378851702244666,-0.9838537927028436
GOBP_POSITIVE_REGULATION_OF_CELLULAR_RESPONSE_TO_TRANSFORMING_GROWTH_FACTOR_BETA_STIMULUS,GO_BP,-1.4919297350407574,-0.8192103701901401,0.9644755680713428
GOBP_POSITIVE_REGULATION_OF_CELL_ACTIVATION,GO_BP,-1.298055730726661,1.314910140908492,1.6789091014903066
GOBP_POSITIVE_REGULATION_OF_CELL_ADHESION,GO_BP,-1.6094653519904114,1.4977012316032705,1.5878556046568286
GOBP_POSITIVE_REGULATION_OF_CELL_CELL_ADHESION,GO_BP,-1.278445557372252,1.3265880074505714,1.6562129207207126
GOBP_POSITIVE_REGULATION_OF_CELL_CYCLE,GO_BP,2.119922806239844,1.1873030338911357,-1.0166495268914504
GOBP_POSITIVE_REGULATION_OF_CELL_CYCLE_CHECKPOINT,GO_BP,2.1591486029721034,-0.9977390140887922,-1.6441901663943168
GOBP_POSITIVE_REGULATION_OF_CELL_CYCLE_G1_S_PHASE_TRANSITION,GO_BP,1.4925204204740212,1.0955546104071672,1.0846971868243045
GOBP_POSITIVE_REGULATION_OF_CELL_CYCLE_G2_M_PHASE_TRANSITION,GO_BP,2.14558247105187,1.2440385946550556,-1.1323556695244188
GOBP_POSITIVE_REGULATION_OF_CELL_CYCLE_PHASE_TRANSITION,GO_BP,2.2225991843816773,1.3235112855458837,-0.9324478438869634
GOBP_POSITIVE_REGULATION_OF_CELL_CYCLE_PROCESS,GO_BP,2.4286126170530764,1.1400672269880778,-1.084955444111121
GOBP_POSITIVE_REGULATION_OF_CELL_DEVELOPMENT,GO_BP,-1.3165058142307542,1.5688128445949094,1.0627654992408724
GOBP_POSITIVE_REGULATION_OF_CELL_DIVISION,GO_BP,1.5637713684630463,-1.0154866217710024,-1.3222877592491145
GOBP_POSITIVE_REGULATION_OF_CELL_GROWTH,GO_BP,-1.07268170796261,1.6558099154315622,-0.9602001679794478
GOBP_POSITIVE_REGULATION_OF_CELL_JUNCTION_ASSEMBLY,GO_BP,-1.1159668667312883,0.9011637255211884,-0.956307207791968
GOBP_POSITIVE_REGULATION_OF_CELL_KILLING,GO_BP,-1.536640321507081,0.9633336032448352,1.3569734458460845
GOBP_POSITIVE_REGULATION_OF_CELL_MATRIX_ADHESION,GO_BP,-0.9802708869990836,-1.3224113966790392,1.1557488143524728
GOBP_POSITIVE_REGULATION_OF_CELL_MIGRATION_INVOLVED_IN_SPROUTING_ANGIOGENESIS,GO_BP,-1.2537255618614245,2.132786920385796,0.8062421211749596
GOBP_POSITIVE_REGULATION_OF_CELL_MORPHOGENESIS,GO_BP,-0.8023121150998213,-0.9524857648980816,-0.9204973196447034
GOBP_POSITIVE_REGULATION_OF_CELL_PROJECTION_ORGANIZATION,GO_BP,-1.6310834713810274,0.9532415243200284,-1.1592141828891758
GOBP_POSITIVE_REGULATION_OF_CELL_SUBSTRATE_ADHESION,GO_BP,-1.5188500031012937,1.234424925877599,1.0149624854352175
GOBP_POSITIVE_REGULATION_OF_CELL_SUBSTRATE_JUNCTION_ORGANIZATION,GO_BP,-1.0463387132352993,-0.8994438784091042,0.8150028239034918
GOBP_POSITIVE_REGULATION_OF_CHEMOKINE_PRODUCTION,GO_BP,0.9408424484005512,1.54611679823548,1.0835021247710268
GOBP_POSITIVE_REGULATION_OF_CHEMOTAXIS,GO_BP,-1.8637263917879097,1.367374135425654,1.8293306275793504
GOBP_POSITIVE_REGULATION_OF_CHOLESTEROL_EFFLUX,GO_BP,-1.1741242527291842,-1.673783114069583,1.1546172552128515
GOBP_POSITIVE_REGULATION_OF_CHOLESTEROL_METABOLIC_PROCESS,GO_BP,-1.4608588716795452,-1.0412382299617131,1.2319354365387152
GOBP_POSITIVE_REGULATION_OF_CHONDROCYTE_DIFFERENTIATION,GO_BP,0.9621499040744956,-0.905599688739726,-0.6704241865275682
GOBP_POSITIVE_REGULATION_OF_CHROMOSOME_ORGANIZATION,GO_BP,2.270202740515297,1.015778202002305,-0.6932956289993041
GOBP_POSITIVE_REGULATION_OF_CHROMOSOME_SEGREGATION,GO_BP,2.421353018046161,-0.8991138740024935,-1.254502309521669
GOBP_POSITIVE_REGULATION_OF_CHROMOSOME_SEPARATION,GO_BP,2.6120304140021315,-0.9141844571337904,-1.5617023701909745
GOBP_POSITIVE_REGULATION_OF_CILIUM_ASSEMBLY,GO_BP,0.6800006726410442,0.9598560544966606,-0.925308065238432
GOBP_POSITIVE_REGULATION_OF_COAGULATION,GO_BP,1.0348314905853315,1.6450240858373422,1.5789248265727345
GOBP_POSITIVE_REGULATION_OF_COLD_INDUCED_THERMOGENESIS,GO_BP,-0.9601048705422452,1.1026819745791727,-0.9018283369971044
GOBP_POSITIVE_REGULATION_OF_COLLAGEN_METABOLIC_PROCESS,GO_BP,-1.3546126893055574,-1.2710189484191927,1.0670886908905426
GOBP_POSITIVE_REGULATION_OF_CYTOKINESIS,GO_BP,2.225404890334451,-1.0168507107228637,-1.0152000062314508
GOBP_POSITIVE_REGULATION_OF_CYTOKINE_PRODUCTION,GO_BP,-1.3328252373326284,1.3126471116324412,1.8260901936016425
GOBP_POSITIVE_REGULATION_OF_CYTOKINE_PRODUCTION_INVOLVED_IN_IMMUNE_RESPONSE,GO_BP,-0.9466135200526724,1.311170388960767,0.7797800479857091
GOBP_POSITIVE_REGULATION_OF_CYTOKINE_PRODUCTION_INVOLVED_IN_INFLAMMATORY_RESPONSE,GO_BP,0.763025618818243,1.781356305053157,0.6319898710242834
GOBP_POSITIVE_REGULATION_OF_CYTOSKELETON_ORGANIZATION,GO_BP,-1.4808746834856774,-1.332795629007635,1.0543578556063748
GOBP_POSITIVE_REGULATION_OF_CYTOSOLIC_CALCIUM_ION_CONCENTRATION,GO_BP,-1.47860835120298,-1.052000008094027,1.809383969177444
GOBP_POSITIVE_REGULATION_OF_DEFENSE_RESPONSE,GO_BP,-1.3106921326633223,1.2557491941847791,1.92398655197014
GOBP_POSITIVE_REGULATION_OF_DEFENSE_RESPONSE_TO_VIRUS_BY_HOST,GO_BP,-0.586886727178512,1.3042657239576547,1.3263915673905065
GOBP_POSITIVE_REGULATION_OF_DENDRITIC_SPINE_DEVELOPMENT,GO_BP,0.9048791218567372,-1.036999111858386,-0.847849030004391
GOBP_POSITIVE_REGULATION_OF_DENDRITIC_SPINE_MORPHOGENESIS,GO_BP,0.875764909676531,-1.27035394487748,-1.0852054646504676
GOBP_POSITIVE_REGULATION_OF_DEVELOPMENTAL_GROWTH,GO_BP,-1.410277014352822,1.0317430948172572,-1.1125105759931468
GOBP_POSITIVE_REGULATION_OF_DNA_BINDING_TRANSCRIPTION_FACTOR_ACTIVITY,GO_BP,-1.2750076558076353,-0.9694721726535304,0.8285474772097642
GOBP_POSITIVE_REGULATION_OF_DNA_BIOSYNTHETIC_PROCESS,GO_BP,1.922757091029952,1.0067938948573618,-1.5377791921382769
GOBP_POSITIVE_REGULATION_OF_DNA_DAMAGE_RESPONSE_SIGNAL_TRANSDUCTION_BY_P53_CLASS_MEDIATOR,GO_BP,1.202919598616618,1.2266241686189534,1.125021910792231
GOBP_POSITIVE_REGULATION_OF_DNA_METABOLIC_PROCESS,GO_BP,1.9086843005537064,0.9782511698601,-1.097423544260172
GOBP_POSITIVE_REGULATION_OF_DNA_RECOMBINATION,GO_BP,1.331336193915076,-0.8881108289131756,1.076667063441861
GOBP_POSITIVE_REGULATION_OF_DNA_REPAIR,GO_BP,1.4604781751981493,0.834822189125164,-0.956982462972862
GOBP_POSITIVE_REGULATION_OF_DNA_REPLICATION,GO_BP,1.9418094869418443,0.8849769396049396,0.9279931659779374
GOBP_POSITIVE_REGULATION_OF_DNA_TEMPLATED_TRANSCRIPTION_ELONGATION,GO_BP,1.4556080128083684,1.2925222610131102,-0.7804286766909634
GOBP_POSITIVE_REGULATION_OF_DNA_TEMPLATED_TRANSCRIPTION_INITIATION,GO_BP,0.7633183093679621,1.7331192639645314,1.4499313955128992
GOBP_POSITIVE_REGULATION_OF_DOUBLE_STRAND_BREAK_REPAIR,GO_BP,1.513910937227518,-0.8224158734187457,-0.8422844053102119
GOBP_POSITIVE_REGULATION_OF_DOUBLE_STRAND_BREAK_REPAIR_VIA_HOMOLOGOUS_RECOMBINATION,GO_BP,1.3899678171595524,0.7720115304205087,1.1887332047571029
GOBP_POSITIVE_REGULATION_OF_DOUBLE_STRAND_BREAK_REPAIR_VIA_NONHOMOLOGOUS_END_JOINING,GO_BP,1.220678369910796,-1.1030253765794713,-0.8946800911274452
GOBP_POSITIVE_REGULATION_OF_D_GLUCOSE_IMPORT,GO_BP,-1.617035700652213,1.1725541606794974,-0.8696624119214824
GOBP_POSITIVE_REGULATION_OF_D_GLUCOSE_TRANSMEMBRANE_TRANSPORT,GO_BP,-1.8536566305837376,1.1946805075649471,1.402122403997001
GOBP_POSITIVE_REGULATION_OF_ENDOCYTOSIS,GO_BP,-1.534314880610003,1.2988309041084218,1.8619698682875907
GOBP_POSITIVE_REGULATION_OF_ENDOTHELIAL_CELL_APOPTOTIC_PROCESS,GO_BP,-1.9042874059793184,1.532166458495393,1.933331088787951
GOBP_POSITIVE_REGULATION_OF_ENDOTHELIAL_CELL_MIGRATION,GO_BP,-1.7831212965160568,1.77240482041597,1.2018323906839177
GOBP_POSITIVE_REGULATION_OF_ENDOTHELIAL_CELL_PROLIFERATION,GO_BP,-1.3826784109466674,1.0301959780904804,0.8707877016670353
GOBP_POSITIVE_REGULATION_OF_EPIDERMIS_DEVELOPMENT,GO_BP,-1.133324424310984,1.125099191819547,-0.6940553767003548
GOBP_POSITIVE_REGULATION_OF_EPITHELIAL_CELL_DIFFERENTIATION,GO_BP,1.0394044453902067,1.6185558644996616,0.9319876886443292
GOBP_POSITIVE_REGULATION_OF_EPITHELIAL_CELL_MIGRATION,GO_BP,1.1765275191741775,-1.0389365516166134,-1.1977150588563992
GOBP_POSITIVE_REGULATION_OF_EPITHELIAL_CELL_PROLIFERATION,GO_BP,-1.3590155017900012,1.4072734795007436,1.2558759879187875
GOBP_POSITIVE_REGULATION_OF_EPITHELIAL_TO_MESENCHYMAL_TRANSITION,GO_BP,-1.569405998483506,0.9732703500341668,1.0616912130174057
GOBP_POSITIVE_REGULATION_OF_ERAD_PATHWAY,GO_BP,-1.0928677949571757,1.7644632562023894,0.588256664405354
GOBP_POSITIVE_REGULATION_OF_ERBB_SIGNALING_PATHWAY,GO_BP,1.4140018372590455,1.8260693635659089,1.0586086330990263
GOBP_POSITIVE_REGULATION_OF_ERK1_AND_ERK2_CASCADE,GO_BP,-1.262269817354478,1.2296075715067414,1.273209553043653
GOBP_POSITIVE_REGULATION_OF_ERYTHROCYTE_DIFFERENTIATION,GO_BP,1.223708121402405,-1.2622236155911266,1.0124441860929476
GOBP_POSITIVE_REGULATION_OF_ESTABLISHMENT_OF_PROTEIN_LOCALIZATION,GO_BP,0.9665003449703954,-1.1224244991121972,0.7339370413037044
GOBP_POSITIVE_REGULATION_OF_ESTABLISHMENT_OF_PROTEIN_LOCALIZATION_TO_MITOCHONDRION,GO_BP,0.7681355323575744,-0.8061339902753096,-0.744603515203318
GOBP_POSITIVE_REGULATION_OF_EXCITATORY_POSTSYNAPTIC_POTENTIAL,GO_BP,-0.9826772147965648,1.2538253909844503,-0.981202674371675
GOBP_POSITIVE_REGULATION_OF_EXECUTION_PHASE_OF_APOPTOSIS,GO_BP,-1.071486287272453,1.46051122403631,1.257009462484077
GOBP_POSITIVE_REGULATION_OF_EXOCYTOSIS,GO_BP,1.2202805660072418,0.8180656225439011,-0.8009143245371793
GOBP_POSITIVE_REGULATION_OF_EXTRACELLULAR_MATRIX_ORGANIZATION,GO_BP,-1.445863424980492,1.2193051546976177,1.651512296693892
GOBP_POSITIVE_REGULATION_OF_EXTRINSIC_APOPTOTIC_SIGNALING_PATHWAY,GO_BP,-0.7163080460092043,0.9865086681679398,1.7886089189506156
GOBP_POSITIVE_REGULATION_OF_FATTY_ACID_METABOLIC_PROCESS,GO_BP,-1.1349251552080917,1.5186561046260896,-0.9677782471895898
GOBP_POSITIVE_REGULATION_OF_FAT_CELL_DIFFERENTIATION,GO_BP,0.9841716625345482,1.6893801066867813,0.8151305883469205
GOBP_POSITIVE_REGULATION_OF_FIBROBLAST_PROLIFERATION,GO_BP,1.1677694115474042,1.6973280777397672,-1.1502332729213331
GOBP_POSITIVE_REGULATION_OF_FILOPODIUM_ASSEMBLY,GO_BP,-1.2818652802794452,1.127415185872799,-1.1693649540509494
GOBP_POSITIVE_REGULATION_OF_FOCAL_ADHESION_ASSEMBLY,GO_BP,-1.086588429837737,0.892672673403898,0.9701317485022096
GOBP_POSITIVE_REGULATION_OF_G1_S_TRANSITION_OF_MITOTIC_CELL_CYCLE,GO_BP,1.2844299045641858,1.004341772343618,1.2414826617820474
GOBP_POSITIVE_REGULATION_OF_GENE_EXPRESSION_EPIGENETIC,GO_BP,0.8720108235291419,-0.9035972277285556,-1.1251304147901628
GOBP_POSITIVE_REGULATION_OF_GLIAL_CELL_DIFFERENTIATION,GO_BP,-1.0629743004323504,1.9024909854524024,-1.0613538705120396
GOBP_POSITIVE_REGULATION_OF_GLIOGENESIS,GO_BP,-1.1853799454964176,1.8299733412206045,-1.1281087137686228
GOBP_POSITIVE_REGULATION_OF_GLUCONEOGENESIS,GO_BP,1.1099990628938072,1.8847050065891908,1.3340822294475962
GOBP_POSITIVE_REGULATION_OF_GLUCOSE_METABOLIC_PROCESS,GO_BP,1.2196861011283484,1.8129709009534356,0.7521499969411576
GOBP_POSITIVE_REGULATION_OF_GLYCOGEN_METABOLIC_PROCESS,GO_BP,0.8572354192445978,1.2832019501625245,-0.9695000500142372
GOBP_POSITIVE_REGULATION_OF_GLYCOPROTEIN_METABOLIC_PROCESS,GO_BP,-1.4313555729756662,-1.2531855984616838,-1.1592228085040306
GOBP_POSITIVE_REGULATION_OF_GRANULOCYTE_CHEMOTAXIS,GO_BP,-1.324026322246782,-0.8507427368813336,1.328369076628192
GOBP_POSITIVE_REGULATION_OF_GROWTH,GO_BP,-1.2163001346584403,1.2425280061375157,-0.9123269233505892
GOBP_POSITIVE_REGULATION_OF_GTPASE_ACTIVITY,GO_BP,-1.1792279357519646,1.1907991180185078,0.8069570479084799
GOBP_POSITIVE_REGULATION_OF_G_PROTEIN_COUPLED_RECEPTOR_SIGNALING_PATHWAY,GO_BP,-1.1543745641869,0.9955963741866704,1.914164529833281
GOBP_POSITIVE_REGULATION_OF_HEART_GROWTH,GO_BP,-1.2823144582722863,1.3340327225469435,0.9520822197097508
GOBP_POSITIVE_REGULATION_OF_HEMOPOIESIS,GO_BP,-1.090441132268697,1.477431733010662,1.49274451220133
GOBP_POSITIVE_REGULATION_OF_HORMONE_SECRETION,GO_BP,0.8869970618537649,-1.0662986012620743,0.8131536311242841
GOBP_POSITIVE_REGULATION_OF_HYDROLASE_ACTIVITY,GO_BP,-1.276300980291455,1.1201758582941266,0.9329690822411384
GOBP_POSITIVE_REGULATION_OF_IMMUNE_EFFECTOR_PROCESS,GO_BP,-1.0932675364232585,1.3133149643240312,1.5081623472380756
GOBP_POSITIVE_REGULATION_OF_IMMUNOGLOBULIN_PRODUCTION,GO_BP,1.3685108092303062,-0.8713231099209776,0.805959516069878
GOBP_POSITIVE_REGULATION_OF_INFLAMMASOME_MEDIATED_SIGNALING_PATHWAY,GO_BP,-1.3373513584436565,1.2793433559176557,1.484955715488263
GOBP_POSITIVE_REGULATION_OF_INFLAMMATORY_RESPONSE,GO_BP,-1.5076174745248598,1.34857437000367,2.1046664709303857
GOBP_POSITIVE_REGULATION_OF_INSULIN_SECRETION,GO_BP,1.039956192000988,-1.2204135009755517,-0.7919351192040837
GOBP_POSITIVE_REGULATION_OF_INSULIN_SECRETION_INVOLVED_IN_CELLULAR_RESPONSE_TO_GLUCOSE_STIMULUS,GO_BP,1.221218967811504,-1.0085690246893428,0.8706123327677755
GOBP_POSITIVE_REGULATION_OF_INTERFERON_ALPHA_PRODUCTION,GO_BP,1.0214059501102677,1.5030913861397452,1.31615716887614
GOBP_POSITIVE_REGULATION_OF_INTERFERON_BETA_PRODUCTION,GO_BP,0.8083896806419907,0.9832884537020792,1.7666973802243695
GOBP_POSITIVE_REGULATION_OF_INTERLEUKIN_10_PRODUCTION,GO_BP,1.2252984141005143,1.1170909461301235,1.2995325947327123
GOBP_POSITIVE_REGULATION_OF_INTERLEUKIN_12_PRODUCTION,GO_BP,-0.8981286336520325,-1.3006395286509804,1.2467259346169983
GOBP_POSITIVE_REGULATION_OF_INTERLEUKIN_1_PRODUCTION,GO_BP,-1.1070868270737708,0.895848358322269,1.1594436143601294
GOBP_POSITIVE_REGULATION_OF_INTERLEUKIN_2_PRODUCTION,GO_BP,1.0753315213218295,0.756396373171664,1.8763520606219484
GOBP_POSITIVE_REGULATION_OF_INTERLEUKIN_6_PRODUCTION,GO_BP,-1.008640420072793,1.3127609621240166,1.0365191510347689
GOBP_POSITIVE_REGULATION_OF_INTERLEUKIN_8_PRODUCTION,GO_BP,-0.989186008628201,1.0274684034989223,1.231045169758211
GOBP_POSITIVE_REGULATION_OF_INTRACELLULAR_PROTEIN_TRANSPORT,GO_BP,0.9409584511161792,1.0063979603846067,0.9771690830420507
GOBP_POSITIVE_REGULATION_OF_INTRACELLULAR_TRANSPORT,GO_BP,0.9572385049597362,1.1335476411459824,1.112275495801747
GOBP_POSITIVE_REGULATION_OF_INTRINSIC_APOPTOTIC_SIGNALING_PATHWAY,GO_BP,0.8864534296902531,1.010564349312991,1.0340764416344217
GOBP_POSITIVE_REGULATION_OF_ISOTYPE_SWITCHING,GO_BP,1.082707259599314,-1.3040573388061285,0.9416863504638684
GOBP_POSITIVE_REGULATION_OF_JNK_CASCADE,GO_BP,-1.1428264458016386,1.1281779459018275,0.9688527669663508
GOBP_POSITIVE_REGULATION_OF_KINASE_ACTIVITY,GO_BP,-1.255277956338144,1.5596344458683185,1.3876463493524722
GOBP_POSITIVE_REGULATION_OF_LAMELLIPODIUM_ASSEMBLY,GO_BP,1.0200149184471357,-1.0269443360926345,-1.432916730961063
GOBP_POSITIVE_REGULATION_OF_LAMELLIPODIUM_ORGANIZATION,GO_BP,1.0642641378061413,-1.2045363767641315,-1.2333590600130933
GOBP_POSITIVE_REGULATION_OF_LEUKOCYTE_APOPTOTIC_PROCESS,GO_BP,-1.2345901369834855,0.962688078509828,1.408557033945433
GOBP_POSITIVE_REGULATION_OF_LEUKOCYTE_CELL_CELL_ADHESION,GO_BP,-1.2057393363095186,1.2848746640318522,1.7365611181509413
GOBP_POSITIVE_REGULATION_OF_LEUKOCYTE_CHEMOTAXIS,GO_BP,-1.5664237930489455,1.4662858383692878,1.953519670291811
GOBP_POSITIVE_REGULATION_OF_LEUKOCYTE_MEDIATED_IMMUNITY,GO_BP,-1.0105684220448952,1.0223953219553563,1.5411116193615573
GOBP_POSITIVE_REGULATION_OF_LEUKOCYTE_MIGRATION,GO_BP,-1.3532598047934807,1.42282853374119,2.086019633776102
GOBP_POSITIVE_REGULATION_OF_LEUKOCYTE_PROLIFERATION,GO_BP,-0.9822016298826448,1.1332491610483957,1.6524884365413943
GOBP_POSITIVE_REGULATION_OF_LIPID_BIOSYNTHETIC_PROCESS,GO_BP,-1.256812463238593,-1.1213361557492392,1.2409934034393673
GOBP_POSITIVE_REGULATION_OF_LIPID_CATABOLIC_PROCESS,GO_BP,-1.00858068689415,1.369794293374235,0.7836487092366092
GOBP_POSITIVE_REGULATION_OF_LIPID_LOCALIZATION,GO_BP,-1.4501053331738434,-1.4705746072120456,1.777664119526034
GOBP_POSITIVE_REGULATION_OF_LIPID_METABOLIC_PROCESS,GO_BP,-1.4765013864800214,1.1807935466658137,0.9716188302667405
GOBP_POSITIVE_REGULATION_OF_LIPID_TRANSPORT,GO_BP,-1.3228165769728395,-1.5153967224970657,1.281580259138262
GOBP_POSITIVE_REGULATION_OF_LOCOMOTION,GO_BP,-1.8643252666726435,1.811062660809769,1.5699346235243992
GOBP_POSITIVE_REGULATION_OF_LYMPHOCYTE_DIFFERENTIATION,GO_BP,-1.035428963558004,1.247367534216834,1.449125385641424
GOBP_POSITIVE_REGULATION_OF_LYMPHOCYTE_MIGRATION,GO_BP,-1.2208297429117725,-1.104980824373058,1.2913066244248252
GOBP_POSITIVE_REGULATION_OF_MACROAUTOPHAGY,GO_BP,-0.955431809751809,1.2125779344828722,0.6411765571116372
GOBP_POSITIVE_REGULATION_OF_MACROPHAGE_MIGRATION,GO_BP,-1.7729262115759126,1.4422027908467956,1.962060432448453
GOBP_POSITIVE_REGULATION_OF_MAPK_CASCADE,GO_BP,-1.6022708190632045,1.434965224625739,1.3143280992426103
GOBP_POSITIVE_REGULATION_OF_MAP_KINASE_ACTIVITY,GO_BP,-1.704262273451272,1.1667993202147888,1.2675929884960178
GOBP_POSITIVE_REGULATION_OF_MEIOTIC_CELL_CYCLE,GO_BP,-0.8768605075877696,0.5854365115406178,1.026948206514107
GOBP_POSITIVE_REGULATION_OF_MEMBRANE_PERMEABILITY,GO_BP,-0.6835956417970627,-0.907767106731198,1.4205692972526622
GOBP_POSITIVE_REGULATION_OF_MESENCHYMAL_CELL_PROLIFERATION,GO_BP,-1.2395766118136418,1.834955200824724,-0.704841320493782
GOBP_POSITIVE_REGULATION_OF_MICROTUBULE_POLYMERIZATION_OR_DEPOLYMERIZATION,GO_BP,0.9947056727776458,-1.8941692946613256,-1.0678464112055046
GOBP_POSITIVE_REGULATION_OF_MIRNA_METABOLIC_PROCESS,GO_BP,-1.0925846302399866,1.963733598551365,1.7715408661502925
GOBP_POSITIVE_REGULATION_OF_MITOCHONDRIAL_FISSION,GO_BP,-1.0868236009492638,1.0557343136843642,0.8304852091205464
GOBP_POSITIVE_REGULATION_OF_MITOCHONDRIAL_MEMBRANE_PERMEABILITY,GO_BP,-0.7332899979586854,-0.9383244107690212,1.437691398889948
GOBP_POSITIVE_REGULATION_OF_MITOCHONDRIAL_TRANSLATION,GO_BP,1.362843246631643,0.9983661393317472,1.1739894725574551
GOBP_POSITIVE_REGULATION_OF_MITOTIC_CELL_CYCLE,GO_BP,1.9024456496370623,1.371470928919506,0.7546200479226629
GOBP_POSITIVE_REGULATION_OF_MITOTIC_CELL_CYCLE_PHASE_TRANSITION,GO_BP,2.1788364551249035,1.1085084150802729,0.7970414697410486
GOBP_POSITIVE_REGULATION_OF_MITOTIC_NUCLEAR_DIVISION,GO_BP,1.83202207942474,0.9491573275475782,-1.3029576267025604
GOBP_POSITIVE_REGULATION_OF_MITOTIC_SISTER_CHROMATID_SEPARATION,GO_BP,2.3864368818249777,-0.7667977972273314,-1.5986701088769086
GOBP_POSITIVE_REGULATION_OF_MOLECULAR_FUNCTION,GO_BP,-1.3780481115272505,1.409670717049856,1.1002470703978826
GOBP_POSITIVE_REGULATION_OF_MONOATOMIC_ION_TRANSMEMBRANE_TRANSPORT,GO_BP,-1.6327087277344994,0.9172143452409518,1.20459302426723
GOBP_POSITIVE_REGULATION_OF_MONOATOMIC_ION_TRANSPORT,GO_BP,-1.441973200114442,1.0661417489385665,1.4233542068007494
GOBP_POSITIVE_REGULATION_OF_MONONUCLEAR_CELL_MIGRATION,GO_BP,-1.5075272286897723,1.264992656402902,1.781790542396268
GOBP_POSITIVE_REGULATION_OF_MORPHOGENESIS_OF_AN_EPITHELIUM,GO_BP,-0.9006605183405128,1.7545504911187229,1.2325273294462498
GOBP_POSITIVE_REGULATION_OF_MRNA_METABOLIC_PROCESS,GO_BP,1.0046302466421195,1.7518072420058863,1.1007356791351093
GOBP_POSITIVE_REGULATION_OF_MRNA_PROCESSING,GO_BP,1.6844674920278786,1.0827439556203733,0.6911373196365084
GOBP_POSITIVE_REGULATION_OF_MRNA_SPLICING_VIA_SPLICEOSOME,GO_BP,1.569736524621007,1.0580089478925605,0.850336894556894
GOBP_POSITIVE_REGULATION_OF_MULTICELLULAR_ORGANISM_GROWTH,GO_BP,1.0016440317890838,-1.5148663852956423,0.9300304524024514
GOBP_POSITIVE_REGULATION_OF_MUSCLE_CELL_APOPTOTIC_PROCESS,GO_BP,-0.6999575888404911,-1.052318314932282,0.8982143169144864
GOBP_POSITIVE_REGULATION_OF_MUSCLE_CELL_DIFFERENTIATION,GO_BP,-1.5204025454180845,1.3517075771160187,0.5421889917508613
GOBP_POSITIVE_REGULATION_OF_MUSCLE_CONTRACTION,GO_BP,1.058036940742218,1.1717182654460938,-0.7070848009586276
GOBP_POSITIVE_REGULATION_OF_MUSCLE_HYPERTROPHY,GO_BP,-1.6086411890791534,-0.8288280628904606,0.7647017283314557
GOBP_POSITIVE_REGULATION_OF_MYELOID_CELL_DIFFERENTIATION,GO_BP,-1.1343843528358737,1.1880136072150924,1.084930531181726
GOBP_POSITIVE_REGULATION_OF_MYELOID_LEUKOCYTE_CYTOKINE_PRODUCTION_INVOLVED_IN_IMMUNE_RESPONSE,GO_BP,-1.0374696391538796,1.4190408192960509,1.2856446604401193
GOBP_POSITIVE_REGULATION_OF_MYELOID_LEUKOCYTE_DIFFERENTIATION,GO_BP,-1.4858141462817174,1.6254831660416198,1.3615090086806527
GOBP_POSITIVE_REGULATION_OF_MYOBLAST_DIFFERENTIATION,GO_BP,-0.8068535838386817,0.7950843155989599,-0.8601778874263678
GOBP_POSITIVE_REGULATION_OF_NERVOUS_SYSTEM_DEVELOPMENT,GO_BP,-1.3862367260018589,1.5219830346376253,-1.2296308572839074
GOBP_POSITIVE_REGULATION_OF_NERVOUS_SYSTEM_PROCESS,GO_BP,1.276990055221859,1.0948445920793424,0.98765337106343
GOBP_POSITIVE_REGULATION_OF_NEURAL_PRECURSOR_CELL_PROLIFERATION,GO_BP,1.5019025993776485,0.8681886001184351,-1.0396733226329071
GOBP_POSITIVE_REGULATION_OF_NEUROGENESIS,GO_BP,-1.3143382869791909,1.5923672319877131,-1.1884471772796177
GOBP_POSITIVE_REGULATION_OF_NEURON_APOPTOTIC_PROCESS,GO_BP,-1.50609846845091,1.0685828099317558,-0.9650059217306192
GOBP_POSITIVE_REGULATION_OF_NEURON_DIFFERENTIATION,GO_BP,-1.2340459715187893,1.484080525204888,-0.8019768281372903
GOBP_POSITIVE_REGULATION_OF_NEURON_PROJECTION_DEVELOPMENT,GO_BP,-1.7367965053979,-1.1323302726586848,-0.876041602876592
GOBP_POSITIVE_REGULATION_OF_NEUROTRANSMITTER_TRANSPORT,GO_BP,1.004902681768473,-0.6308902760188774,-0.8205474699158802
GOBP_POSITIVE_REGULATION_OF_NEUTROPHIL_MIGRATION,GO_BP,-1.0006806912119195,0.9376619279078658,1.3270907732789028
GOBP_POSITIVE_REGULATION_OF_NF_KAPPAB_TRANSCRIPTION_FACTOR_ACTIVITY,GO_BP,-0.9566883800837308,-1.180564209927277,1.056761617187748
GOBP_POSITIVE_REGULATION_OF_NITRIC_OXIDE_BIOSYNTHETIC_PROCESS,GO_BP,-1.499647065001129,1.2811203412740242,1.4682157817200816
GOBP_POSITIVE_REGULATION_OF_NON_CANONICAL_NF_KAPPAB_SIGNAL_TRANSDUCTION,GO_BP,-0.8454281193955843,1.54433401219812,0.7501928619704095
GOBP_POSITIVE_REGULATION_OF_NOTCH_SIGNALING_PATHWAY,GO_BP,-0.9538020522509868,1.1429163151406323,1.3875064371162928
GOBP_POSITIVE_REGULATION_OF_NUCLEAR_DIVISION,GO_BP,1.6587547126914908,1.0383405186208114,-0.8365085350820612
GOBP_POSITIVE_REGULATION_OF_NUCLEOCYTOPLASMIC_TRANSPORT,GO_BP,1.2590378467596437,-1.0254048559011422,1.0333656779369318
GOBP_POSITIVE_REGULATION_OF_NUCLEOTIDE_CATABOLIC_PROCESS,GO_BP,-0.8650640579684173,0.6721491470321254,-0.7103491370288438
GOBP_POSITIVE_REGULATION_OF_NUCLEOTIDE_METABOLIC_PROCESS,GO_BP,0.8545976243351093,0.9610294274259578,0.9809059337475012
GOBP_POSITIVE_REGULATION_OF_ORGANELLE_ASSEMBLY,GO_BP,1.1762585153928606,0.9099175865609856,-0.6707252632484569
GOBP_POSITIVE_REGULATION_OF_ORGANELLE_ORGANIZATION,GO_BP,1.3952629483421053,0.972999935313741,0.8697365934627437
GOBP_POSITIVE_REGULATION_OF_ORGANIC_ACID_TRANSPORT,GO_BP,-1.1918802059639269,-1.5583815777703096,1.3257204000774774
GOBP_POSITIVE_REGULATION_OF_ORGAN_GROWTH,GO_BP,-1.3036951708769358,1.299157529954446,0.9587572002600752
GOBP_POSITIVE_REGULATION_OF_OSSIFICATION,GO_BP,-1.463665018080717,1.772519879701005,-0.7832301828264024
GOBP_POSITIVE_REGULATION_OF_OSTEOBLAST_DIFFERENTIATION,GO_BP,1.3329974860287577,2.072354274927405,0.9832112922712448
GOBP_POSITIVE_REGULATION_OF_OSTEOCLAST_DIFFERENTIATION,GO_BP,-1.4978247978615478,1.3379959634426566,1.503658833641995
GOBP_POSITIVE_REGULATION_OF_P38MAPK_CASCADE,GO_BP,-0.8978250897190581,1.660851231470983,0.8316102832283782
GOBP_POSITIVE_REGULATION_OF_PATTERN_RECOGNITION_RECEPTOR_SIGNALING_PATHWAY,GO_BP,-0.9826075409004634,-1.1732679547849931,1.1262541790685767
GOBP_POSITIVE_REGULATION_OF_PEPTIDE_SECRETION,GO_BP,1.1924587851261104,-1.229125720832582,-0.7946833423719744
GOBP_POSITIVE_REGULATION_OF_PEPTIDYL_SERINE_PHOSPHORYLATION,GO_BP,1.1891807096712377,1.5631507035983576,1.0432364207759737
GOBP_POSITIVE_REGULATION_OF_PEPTIDYL_TYROSINE_PHOSPHORYLATION,GO_BP,-1.4183814399032806,1.6076368239898629,1.339257625614763
GOBP_POSITIVE_REGULATION_OF_PHAGOCYTOSIS,GO_BP,-1.0807968851049838,1.2240765171369647,2.207418401082266
GOBP_POSITIVE_REGULATION_OF_PHOSPHATIDYLINOSITOL_3_KINASE_PROTEIN_KINASE_B_SIGNAL_TRANSDUCTION,GO_BP,-1.7085573234012357,1.3088799627741703,0.9042522983258374
GOBP_POSITIVE_REGULATION_OF_PHOSPHORUS_METABOLIC_PROCESS,GO_BP,-1.3689108161185208,1.5496348853740247,1.6076557542564245
GOBP_POSITIVE_REGULATION_OF_PHOSPHORYLATION,GO_BP,-1.4096953681505044,1.7575874803022782,1.6283848573373585
GOBP_POSITIVE_REGULATION_OF_PLASMA_MEMBRANE_BOUNDED_CELL_PROJECTION_ASSEMBLY,GO_BP,-0.976100753028242,1.051703387851065,-1.274055172959882
GOBP_POSITIVE_REGULATION_OF_POST_TRANSLATIONAL_PROTEIN_MODIFICATION,GO_BP,-1.1731634168854876,1.559011134286154,1.4391405589129542
GOBP_POSITIVE_REGULATION_OF_PRODUCTION_OF_MOLECULAR_MEDIATOR_OF_IMMUNE_RESPONSE,GO_BP,1.1351108858175445,1.145272905040595,0.8980465712058885
GOBP_POSITIVE_REGULATION_OF_PROGRAMMED_CELL_DEATH,GO_BP,-1.3740904355855066,1.5494953278257957,1.3990658266019744
GOBP_POSITIVE_REGULATION_OF_PROTEASOMAL_PROTEIN_CATABOLIC_PROCESS,GO_BP,-1.0678363395299917,1.308057411146082,-0.6913569475196363
GOBP_POSITIVE_REGULATION_OF_PROTEASOMAL_UBIQUITIN_DEPENDENT_PROTEIN_CATABOLIC_PROCESS,GO_BP,-0.9163352584861942,1.0615041531564384,-0.611888576805952
GOBP_POSITIVE_REGULATION_OF_PROTEIN_CATABOLIC_PROCESS,GO_BP,-1.380392820772633,1.2146785364767765,1.0738616251794897
GOBP_POSITIVE_REGULATION_OF_PROTEIN_CONTAINING_COMPLEX_ASSEMBLY,GO_BP,-1.3174582140766258,-1.3253149301899392,1.059755113493048
GOBP_POSITIVE_REGULATION_OF_PROTEIN_CONTAINING_COMPLEX_DISASSEMBLY,GO_BP,0.8957085584872434,1.0822768336611377,0.6596166585459093
GOBP_POSITIVE_REGULATION_OF_PROTEIN_EXIT_FROM_ENDOPLASMIC_RETICULUM,GO_BP,-1.1753519376999098,1.38499157146602,-1.0276738050704686
GOBP_POSITIVE_REGULATION_OF_PROTEIN_EXPORT_FROM_NUCLEUS,GO_BP,0.8229547926025966,0.8702765116797494,-0.6674632223672153
GOBP_POSITIVE_REGULATION_OF_PROTEIN_IMPORT_INTO_NUCLEUS,GO_BP,1.021550210824692,-1.2518427616995709,1.1517811433176754
GOBP_POSITIVE_REGULATION_OF_PROTEIN_LOCALIZATION,GO_BP,1.037631914535872,1.0772572629557895,0.9578033960954362
GOBP_POSITIVE_REGULATION_OF_PROTEIN_LOCALIZATION_TO_CELL_PERIPHERY,GO_BP,-1.263505926657407,1.0434977883806211,1.191250803971971
GOBP_POSITIVE_REGULATION_OF_PROTEIN_LOCALIZATION_TO_MEMBRANE,GO_BP,-1.0771569901586286,1.134733936775443,1.0355478653214951
GOBP_POSITIVE_REGULATION_OF_PROTEIN_LOCALIZATION_TO_NUCLEUS,GO_BP,0.9854328526821996,1.0417833476369258,1.0611716638954043
GOBP_POSITIVE_REGULATION_OF_PROTEIN_LOCALIZATION_TO_PLASMA_MEMBRANE,GO_BP,-1.1359436071857976,0.941347361906432,1.158441185784412
GOBP_POSITIVE_REGULATION_OF_PROTEIN_MATURATION,GO_BP,-1.2053977447090034,-0.9463123784076676,0.7042539355102556
GOBP_POSITIVE_REGULATION_OF_PROTEIN_MODIFICATION_PROCESS,GO_BP,-1.317729907569883,1.7750419755261864,1.6234582894407883
GOBP_POSITIVE_REGULATION_OF_PROTEIN_POLYMERIZATION,GO_BP,-1.0284795087104268,-1.8025789390918985,0.7752685561613202
GOBP_POSITIVE_REGULATION_OF_PROTEIN_SECRETION,GO_BP,1.1301468779716428,-1.191498685051822,-0.815326571499355
GOBP_POSITIVE_REGULATION_OF_PROTEIN_SERINE_THREONINE_KINASE_ACTIVITY,GO_BP,-1.5802687749000928,1.2401130743453077,1.4465621615259696
GOBP_POSITIVE_REGULATION_OF_PROTEIN_TARGETING_TO_MEMBRANE,GO_BP,-1.5074298786270437,-0.8711756241114579,-0.939465681436088
GOBP_POSITIVE_REGULATION_OF_PROTEIN_TRANSPORT,GO_BP,1.03502954858497,-1.1685234249267906,0.7645076591349133
GOBP_POSITIVE_REGULATION_OF_PROTEIN_UBIQUITINATION,GO_BP,-1.1729485145696317,1.5087777619086538,1.3100825319420428
GOBP_POSITIVE_REGULATION_OF_PROTEOLYSIS,GO_BP,-1.089906839458912,1.2267863423915186,-0.5633469217221684
GOBP_POSITIVE_REGULATION_OF_PROTEOLYSIS_INVOLVED_IN_PROTEIN_CATABOLIC_PROCESS,GO_BP,-0.9803104548183308,1.253891954188198,-0.8348468729200427
GOBP_POSITIVE_REGULATION_OF_RAC_PROTEIN_SIGNAL_TRANSDUCTION,GO_BP,-1.396476346090755,1.2669645323499596,-0.833381858470528
GOBP_POSITIVE_REGULATION_OF_RAS_PROTEIN_SIGNAL_TRANSDUCTION,GO_BP,-1.2476476023939669,1.2801903224080673,1.3144590193107235
GOBP_POSITIVE_REGULATION_OF_REACTIVE_OXYGEN_SPECIES_METABOLIC_PROCESS,GO_BP,0.9165154393548686,1.2871349744326062,1.162558323021842
GOBP_POSITIVE_REGULATION_OF_RECEPTOR_INTERNALIZATION,GO_BP,-1.600230800606948,0.9385670344195144,-0.968805853365327
GOBP_POSITIVE_REGULATION_OF_RECEPTOR_MEDIATED_ENDOCYTOSIS,GO_BP,-1.3600631100478673,1.244610536375416,1.595025452093635
GOBP_POSITIVE_REGULATION_OF_RECEPTOR_SIGNALING_PATHWAY_VIA_STAT,GO_BP,1.013390819815829,1.0704624514314842,1.131332629463912
GOBP_POSITIVE_REGULATION_OF_REGULATED_SECRETORY_PATHWAY,GO_BP,1.2877500947762026,0.7881842976953116,-1.1211152370942663
GOBP_POSITIVE_REGULATION_OF_RELEASE_OF_CYTOCHROME_C_FROM_MITOCHONDRIA,GO_BP,0.9742873057059248,0.9929423983727352,1.1751657466235736
GOBP_POSITIVE_REGULATION_OF_RELEASE_OF_SEQUESTERED_CALCIUM_ION_INTO_CYTOSOL,GO_BP,1.085416779519479,0.8090805895759827,1.6838941259124078
GOBP_POSITIVE_REGULATION_OF_REPRODUCTIVE_PROCESS,GO_BP,1.0841847061839731,0.7927256153443313,1.0414198722208343
GOBP_POSITIVE_REGULATION_OF_RESPONSE_TO_BIOTIC_STIMULUS,GO_BP,-1.1667364751444314,1.1588889136906444,1.801177897188705
GOBP_POSITIVE_REGULATION_OF_RESPONSE_TO_CYTOKINE_STIMULUS,GO_BP,-0.8788633328614897,-1.0271645874725015,1.2900042237637983
GOBP_POSITIVE_REGULATION_OF_RESPONSE_TO_ENDOPLASMIC_RETICULUM_STRESS,GO_BP,-1.3924378705456832,1.1929009793077374,0.7496581475935352
GOBP_POSITIVE_REGULATION_OF_RESPONSE_TO_WOUNDING,GO_BP,-1.3767262283388488,1.5739383345943718,1.0279654705776142
GOBP_POSITIVE_REGULATION_OF_RHO_PROTEIN_SIGNAL_TRANSDUCTION,GO_BP,0.950106662812866,-1.3402873058131728,0.7188428788435484
GOBP_POSITIVE_REGULATION_OF_RNA_SPLICING,GO_BP,1.1719183336103576,1.011250827215583,1.1218684499931717
GOBP_POSITIVE_REGULATION_OF_SECRETION,GO_BP,1.057028473257791,-1.0218736817064042,0.924738306784454
GOBP_POSITIVE_REGULATION_OF_SIGNAL_TRANSDUCTION_BY_P53_CLASS_MEDIATOR,GO_BP,1.5149857335969736,1.3632531474836416,0.5721279058603219
GOBP_POSITIVE_REGULATION_OF_SMAD_PROTEIN_SIGNAL_TRANSDUCTION,GO_BP,-0.9549380532935178,1.3834793903736096,1.1793594888297505
GOBP_POSITIVE_REGULATION_OF_SMALL_GTPASE_MEDIATED_SIGNAL_TRANSDUCTION,GO_BP,-1.490361214651824,1.17029520739364,0.7557231791199487
GOBP_POSITIVE_REGULATION_OF_SMALL_MOLECULE_METABOLIC_PROCESS,GO_BP,-0.97147520300653,1.53817466048224,0.9366036194407354
GOBP_POSITIVE_REGULATION_OF_SMOOTHENED_SIGNALING_PATHWAY,GO_BP,-0.8321001957389834,-1.099528927593254,-0.8898258993497926
GOBP_POSITIVE_REGULATION_OF_SMOOTH_MUSCLE_CELL_MIGRATION,GO_BP,-1.3065958690085917,1.234938265175898,-0.9213231553453208
GOBP_POSITIVE_REGULATION_OF_SMOOTH_MUSCLE_CELL_PROLIFERATION,GO_BP,-1.6268414322808569,1.7034103707249233,0.7375728826026555
GOBP_POSITIVE_REGULATION_OF_SODIUM_ION_TRANSPORT,GO_BP,-1.3180407599515995,-0.8413061671689258,-1.5660340284717604
GOBP_POSITIVE_REGULATION_OF_SPINDLE_CHECKPOINT,GO_BP,2.092250697563795,-0.9000862737520261,-1.6294791731485794
GOBP_POSITIVE_REGULATION_OF_SPROUTING_ANGIOGENESIS,GO_BP,0.899131867836465,1.354654467305461,1.0984209369042122
GOBP_POSITIVE_REGULATION_OF_STEM_CELL_POPULATION_MAINTENANCE,GO_BP,1.1601415320756592,1.1768101442694725,-0.8221284515780862
GOBP_POSITIVE_REGULATION_OF_STEM_CELL_PROLIFERATION,GO_BP,1.2595263327383808,1.055834824941776,0.8545781561100997
GOBP_POSITIVE_REGULATION_OF_STEROID_BIOSYNTHETIC_PROCESS,GO_BP,-1.0915254199545257,1.0545066810848922,1.2154031106754477
GOBP_POSITIVE_REGULATION_OF_STEROID_METABOLIC_PROCESS,GO_BP,-1.5012325127242363,0.8759925775602511,1.0350129333138247
GOBP_POSITIVE_REGULATION_OF_STEROL_TRANSPORT,GO_BP,-1.3230519071579108,-1.608646551082678,1.1874352899269762
GOBP_POSITIVE_REGULATION_OF_STRESS_ACTIVATED_PROTEIN_KINASE_SIGNALING_CASCADE,GO_BP,-1.1306389142442494,-1.1345395369403488,1.0047804354132732
GOBP_POSITIVE_REGULATION_OF_STRESS_FIBER_ASSEMBLY,GO_BP,-1.481816531161065,0.9636559842761034,1.14138573241548
GOBP_POSITIVE_REGULATION_OF_STRIATED_MUSCLE_CELL_DIFFERENTIATION,GO_BP,-1.6977333980974354,1.3823047566474167,0.7387759780267732
GOBP_POSITIVE_REGULATION_OF_SUBSTRATE_ADHESION_DEPENDENT_CELL_SPREADING,GO_BP,-1.2306119480890545,0.9704392952442856,-0.9004133862651568
GOBP_POSITIVE_REGULATION_OF_SYNAPSE_ASSEMBLY,GO_BP,-1.294073570483524,0.8912091454285984,-1.3284856589634029
GOBP_POSITIVE_REGULATION_OF_SYNAPTIC_TRANSMISSION,GO_BP,-1.1094043929696056,-1.1331607700054027,-0.918220045807604
GOBP_POSITIVE_REGULATION_OF_TELOMERE_MAINTENANCE,GO_BP,1.7612542281887595,1.0504500265677856,0.4231413327412059
GOBP_POSITIVE_REGULATION_OF_TELOMERE_MAINTENANCE_VIA_TELOMERE_LENGTHENING,GO_BP,1.932742723851689,0.7977196120442221,0.7699730867055541
GOBP_POSITIVE_REGULATION_OF_TORC1_SIGNALING,GO_BP,-1.0558007954213502,1.0962934825031592,-0.7627681343813874
GOBP_POSITIVE_REGULATION_OF_TOR_SIGNALING,GO_BP,-1.3921136901168836,1.2275828109822704,-0.6966420880975183
GOBP_POSITIVE_REGULATION_OF_TRANSCRIPTION_BY_RNA_POLYMERASE_I,GO_BP,1.1994327368784885,1.4683203787366816,1.2250795967286583
GOBP_POSITIVE_REGULATION_OF_TRANSCRIPTION_BY_RNA_POLYMERASE_III,GO_BP,0.8471521088440371,1.0870605201048575,1.3996867878511523
GOBP_POSITIVE_REGULATION_OF_TRANSLATION,GO_BP,1.02084674031126,1.1238854489721843,0.8635849834779727
GOBP_POSITIVE_REGULATION_OF_TRANSLATIONAL_INITIATION,GO_BP,0.8300843521321567,1.8603890903326676,0.8173200660349837
GOBP_POSITIVE_REGULATION_OF_TRANSMEMBRANE_RECEPTOR_PROTEIN_SERINE_THREONINE_KINASE_SIGNALING_PATHWAY,GO_BP,-1.1448352432311348,1.463437117665627,1.2464085118854749
GOBP_POSITIVE_REGULATION_OF_TRANSMEMBRANE_TRANSPORT,GO_BP,-1.8438405851109256,1.087003528774816,1.3244130611945724
GOBP_POSITIVE_REGULATION_OF_TRANSPORTER_ACTIVITY,GO_BP,-1.511737392285346,-1.139586254136017,0.9082173139020034
GOBP_POSITIVE_REGULATION_OF_TUMOR_NECROSIS_FACTOR_SUPERFAMILY_CYTOKINE_PRODUCTION,GO_BP,-1.0177616950020296,1.2259866097116758,1.5044016255160209
GOBP_POSITIVE_REGULATION_OF_TYPE_II_INTERFERON_PRODUCTION,GO_BP,1.116363997606922,1.1203953479660351,1.4555535402957904
GOBP_POSITIVE_REGULATION_OF_TYPE_I_INTERFERON_MEDIATED_SIGNALING_PATHWAY,GO_BP,-1.2632091462035953,0.486604883604767,1.050451336944628
GOBP_POSITIVE_REGULATION_OF_TYPE_I_INTERFERON_PRODUCTION,GO_BP,1.126571970428113,1.3299224568181327,2.1374357836667204
GOBP_POSITIVE_REGULATION_OF_T_CELL_CYTOKINE_PRODUCTION,GO_BP,0.8275939386117801,1.1196673563891686,0.9113458411306378
GOBP_POSITIVE_REGULATION_OF_T_CELL_MEDIATED_CYTOTOXICITY,GO_BP,-1.625929880809951,0.5246355859819449,1.269603735761561
GOBP_POSITIVE_REGULATION_OF_T_CELL_MEDIATED_IMMUNITY,GO_BP,-0.9994205306234812,0.9341439015918916,1.150396845411827
GOBP_POSITIVE_REGULATION_OF_T_CELL_MIGRATION,GO_BP,-1.10196133215984,-1.181182490878062,0.9410993116354024
GOBP_POSITIVE_REGULATION_OF_T_CELL_PROLIFERATION,GO_BP,-0.9052040329333698,-0.8066951435525255,1.5787374278337325
GOBP_POSITIVE_REGULATION_OF_T_HELPER_CELL_DIFFERENTIATION,GO_BP,-1.0557921545613789,1.6488512371062565,1.503617700544249
GOBP_POSITIVE_REGULATION_OF_UBIQUITIN_DEPENDENT_PROTEIN_CATABOLIC_PROCESS,GO_BP,0.9795146416797558,1.1272592522613465,-0.6555268127196289
GOBP_POSITIVE_REGULATION_OF_VACUOLE_ORGANIZATION,GO_BP,-1.3958469463172776,0.9998917346431891,0.7059537971002418
GOBP_POSITIVE_REGULATION_OF_VASCULAR_ASSOCIATED_SMOOTH_MUSCLE_CELL_PROLIFERATION,GO_BP,-1.7270219967235596,1.4282794949536504,1.1117374445328163
GOBP_POSITIVE_REGULATION_OF_VASCULAR_ENDOTHELIAL_GROWTH_FACTOR_PRODUCTION,GO_BP,-1.068739499923375,2.019077051232892,1.7183251666267425
GOBP_POSITIVE_REGULATION_OF_VASCULATURE_DEVELOPMENT,GO_BP,-1.482576910196202,1.885476238048031,1.841224863138657
GOBP_POSITIVE_REGULATION_OF_VIRAL_GENOME_REPLICATION,GO_BP,1.352144115618781,1.163284879048328,-0.5644361858139283
GOBP_POSITIVE_REGULATION_OF_VIRAL_LIFE_CYCLE,GO_BP,1.2388770412627648,-0.9378330016826916,1.5486610865134256
GOBP_POSITIVE_REGULATION_OF_VIRAL_PROCESS,GO_BP,1.3608808232516116,1.36759209337626,1.1117682572786984
GOBP_POSITIVE_REGULATION_OF_WNT_SIGNALING_PATHWAY,GO_BP,-1.4552799753733323,1.391653464560097,1.1109776915981442
GOBP_POSITIVE_T_CELL_SELECTION,GO_BP,-1.2429524728208552,1.374203721373641,0.9794995029801464
GOBP_POSTSYNAPSE_ASSEMBLY,GO_BP,1.072286320133486,-0.9498027672038448,0.8104778046593684
GOBP_POSTSYNAPSE_ORGANIZATION,GO_BP,-1.268261610113813,-1.1640835475653266,0.8599677810173886
GOBP_POSTSYNAPTIC_DENSITY_ASSEMBLY,GO_BP,-1.0911001129933586,0.8664090334885473,-1.5806326544116345
GOBP_POSTSYNAPTIC_DENSITY_ORGANIZATION,GO_BP,-1.1198839482601182,-1.0225749098707777,-1.2590945726814464
GOBP_POSTSYNAPTIC_MEMBRANE_ORGANIZATION,GO_BP,-1.2780623297429838,0.9975429599528912,0.877765641871708
GOBP_POSTSYNAPTIC_MODULATION_OF_CHEMICAL_SYNAPTIC_TRANSMISSION,GO_BP,1.0317478291760411,1.339083367128119,1.442532809810671
GOBP_POSTSYNAPTIC_NEUROTRANSMITTER_RECEPTOR_INTERNALIZATION,GO_BP,-0.9151693789884192,0.7740308086889987,0.6935021316534308
GOBP_POSTSYNAPTIC_SIGNAL_TRANSDUCTION,GO_BP,-1.368783071196001,-1.0957479387403264,0.8234699114472295
GOBP_POSTSYNAPTIC_SPECIALIZATION_ASSEMBLY,GO_BP,0.8986803170331548,0.9316583998393196,-1.1732626751009907
GOBP_POSTSYNAPTIC_SPECIALIZATION_ORGANIZATION,GO_BP,-1.0641615519093384,0.9480662837546122,-1.0439231497858137
GOBP_POST_EMBRYONIC_DEVELOPMENT,GO_BP,-1.3138485634919697,1.4399970833060292,1.0827546159943675
GOBP_POST_GOLGI_VESICLE_MEDIATED_TRANSPORT,GO_BP,-0.982687233460366,1.0074227152837645,0.597077572313397
GOBP_POST_TRANSLATIONAL_PROTEIN_TARGETING_TO_ENDOPLASMIC_RETICULUM_MEMBRANE,GO_BP,0.5818038739634556,1.5242760422675707,-0.6889172669527567
GOBP_POTASSIUM_ION_HOMEOSTASIS,GO_BP,-1.7436633879480845,1.1631465722882324,0.6039258522696686
GOBP_POTASSIUM_ION_IMPORT_ACROSS_PLASMA_MEMBRANE,GO_BP,-1.6599034979249074,1.1880144043238623,1.0949633985955545
GOBP_POTASSIUM_ION_TRANSPORT,GO_BP,-1.466722230821609,1.0165195428627292,-0.8721500427027102
GOBP_PRESYNAPSE_ASSEMBLY,GO_BP,-1.1181523785507856,0.5306687367338693,-0.7227477658934232
GOBP_PRESYNAPSE_ORGANIZATION,GO_BP,-1.2016716641359553,-0.6773708408946781,-0.901379391515034
GOBP_PRESYNAPTIC_ENDOCYTOSIS,GO_BP,1.0061482130521258,-1.0245408216444032,0.7904679542742319
GOBP_PRESYNAPTIC_MODULATION_OF_CHEMICAL_SYNAPTIC_TRANSMISSION,GO_BP,0.9401073756128556,-1.5016202553450209,-1.0882025512062028
GOBP_PRIMARY_ALCOHOL_METABOLIC_PROCESS,GO_BP,-1.3346099551955248,0.9612696971963384,1.1837381076892015
GOBP_PRIMARY_MIRNA_PROCESSING,GO_BP,1.0248052318431535,1.4931501811339702,1.246166295410445
GOBP_PRODUCTION_OF_MOLECULAR_MEDIATOR_INVOLVED_IN_INFLAMMATORY_RESPONSE,GO_BP,-0.9553976718060806,1.777161566829067,1.467151702185019
GOBP_PRODUCTION_OF_MOLECULAR_MEDIATOR_OF_IMMUNE_RESPONSE,GO_BP,1.1224783487989458,1.3349522735503925,1.282705360318471
GOBP_PROGRAMMED_CELL_DEATH_IN_RESPONSE_TO_REACTIVE_OXYGEN_SPECIES,GO_BP,1.0008524676785562,0.6587178934634624,1.0572898835883566
GOBP_PROGRAMMED_NECROTIC_CELL_DEATH,GO_BP,-1.1377565692823914,0.862632007918851,1.4687772425870451
GOBP_PROSTANOID_BIOSYNTHETIC_PROCESS,GO_BP,1.0192024857933724,1.387776130396814,0.829673818839932
GOBP_PROSTANOID_METABOLIC_PROCESS,GO_BP,1.0171636160194,1.238041897771735,1.3407750276360932
GOBP_PROSTATE_GLAND_DEVELOPMENT,GO_BP,-1.4191409408073845,1.0899207467487786,0.9853233957042868
GOBP_PROSTATE_GLAND_MORPHOGENESIS,GO_BP,-1.5029430471775689,0.9829619546053392,1.2689214997985114
GOBP_PROTEASOMAL_UBIQUITIN_INDEPENDENT_PROTEIN_CATABOLIC_PROCESS,GO_BP,1.3256468273410311,1.692348262702613,1.3091092018906918
GOBP_PROTEASOME_ASSEMBLY,GO_BP,1.3190166618886143,-0.5178386133687932,0.7386595255542167
GOBP_PROTEINOGENIC_AMINO_ACID_BIOSYNTHETIC_PROCESS,GO_BP,-1.3812584716280567,0.991148081568472,-1.1940605761988774
GOBP_PROTEIN_ACETYLATION,GO_BP,1.1560617937163855,1.117371168562312,-0.730130568322425
GOBP_PROTEIN_ACTIVATION_CASCADE,GO_BP,-1.43493401599393,1.2743020726908538,-0.908005358079475
GOBP_PROTEIN_ACYLATION,GO_BP,0.8605505083022156,0.9649701266177754,-0.6025163441290516
GOBP_PROTEIN_AUTOPHOSPHORYLATION,GO_BP,-1.32141385398139,1.3537117919793558,0.8215900004687392
GOBP_PROTEIN_AUTOPROCESSING,GO_BP,1.3513405360136357,-0.9999670825911308,1.0406576735793065
GOBP_PROTEIN_AUTOUBIQUITINATION,GO_BP,-0.8017147488629586,1.155514430563516,1.1223177465987528
GOBP_PROTEIN_BRANCHED_POLYUBIQUITINATION,GO_BP,0.8269067438143918,-0.5631987286122279,-0.6004969394594624
GOBP_PROTEIN_CATABOLIC_PROCESS_IN_THE_VACUOLE,GO_BP,-1.6254847851113423,-1.3343410821613266,0.8578847072983521
GOBP_PROTEIN_COMPLEX_OLIGOMERIZATION,GO_BP,1.02925253657036,1.0606805360493232,0.8168824097582138
GOBP_PROTEIN_CONTAINING_COMPLEX_DISASSEMBLY,GO_BP,1.4410754302954905,1.1474659854823834,0.945797677785744
GOBP_PROTEIN_CONTAINING_COMPLEX_LOCALIZATION,GO_BP,1.465929425060766,1.211810371311513,1.2296610128432408
GOBP_PROTEIN_DEACETYLATION,GO_BP,0.7115813427271817,1.066376771334849,-0.6110335531631509
GOBP_PROTEIN_DEACYLATION,GO_BP,1.0357220102328049,1.1486854354072182,0.8282611101992173
GOBP_PROTEIN_DEGLYCOSYLATION,GO_BP,-1.1727267521757274,0.9092464602453628,0.9822897671433828
GOBP_PROTEIN_DEPHOSPHORYLATION,GO_BP,0.799346843977364,1.2575057221626558,1.4681307708560718
GOBP_PROTEIN_DEPOLYMERIZATION,GO_BP,1.5421914415369735,0.891319347181154,1.092321246113439
GOBP_PROTEIN_DESTABILIZATION,GO_BP,-0.6892596150122485,1.3407934975746048,0.905298394812671
GOBP_PROTEIN_DNA_COMPLEX_DISASSEMBLY,GO_BP,1.765954697155569,0.8066927656198111,-1.0543453307956376
GOBP_PROTEIN_DNA_COMPLEX_ORGANIZATION,GO_BP,1.997841793111882,1.1285367682861878,-0.8602636437318295
GOBP_PROTEIN_EXIT_FROM_ENDOPLASMIC_RETICULUM,GO_BP,-1.5459877569298583,1.7018937032665131,0.7841973716812142
GOBP_PROTEIN_EXPORT_FROM_NUCLEUS,GO_BP,1.1664310056047675,1.17247526805508,-0.7593734246253281
GOBP_PROTEIN_FOLDING,GO_BP,1.144551161791621,-1.094166292536042,-0.7937586595396906
GOBP_PROTEIN_HETEROOLIGOMERIZATION,GO_BP,1.031914208291549,1.0605791350143885,-0.939840088481626
GOBP_PROTEIN_HOMOOLIGOMERIZATION,GO_BP,-0.965135270064855,1.0002061103136677,0.7234745323179463
GOBP_PROTEIN_HOMOTETRAMERIZATION,GO_BP,0.9847094288842724,1.2410535379306868,0.9524315574715227
GOBP_PROTEIN_IMPORT_INTO_MITOCHONDRIAL_MATRIX,GO_BP,1.3494179616763182,0.778603048567855,0.7107662866387106
GOBP_PROTEIN_INSERTION_INTO_ER_MEMBRANE,GO_BP,-0.6454193023377504,0.7940830413027978,-0.6072859628488749
GOBP_PROTEIN_INSERTION_INTO_MEMBRANE,GO_BP,1.0485255645427358,-0.6144692305731352,0.9057184407317656
GOBP_PROTEIN_INSERTION_INTO_MITOCHONDRIAL_INNER_MEMBRANE,GO_BP,1.404321667866408,-0.5321283494668938,0.8500433306820094
GOBP_PROTEIN_K11_LINKED_UBIQUITINATION,GO_BP,1.3021569326232123,1.0821863710744726,-0.639281978137729
GOBP_PROTEIN_K48_LINKED_DEUBIQUITINATION,GO_BP,0.5894811857972864,1.2066914293011537,1.7429917873642098
GOBP_PROTEIN_K48_LINKED_UBIQUITINATION,GO_BP,1.013925622597518,0.9263295654497874,0.9428808364690584
GOBP_PROTEIN_K63_LINKED_DEUBIQUITINATION,GO_BP,-0.9955420764065842,1.235527387039628,1.858173555675372
GOBP_PROTEIN_K63_LINKED_UBIQUITINATION,GO_BP,0.9174187850307268,1.3045139580782663,-0.7595750744156284
GOBP_PROTEIN_K6_LINKED_UBIQUITINATION,GO_BP,1.7291248942813242,0.7346553804213876,0.7105639195027234
GOBP_PROTEIN_LIPID_COMPLEX_ASSEMBLY,GO_BP,-1.188805932419733,0.911991933448716,0.6813228663950258
GOBP_PROTEIN_LIPID_COMPLEX_ORGANIZATION,GO_BP,-1.314699855507384,-1.0639152070757698,0.6501026315841085
GOBP_PROTEIN_LOCALIZATION_TO_CELL_CELL_JUNCTION,GO_BP,-1.4235202712589898,0.9076793640708124,1.6238485633147215
GOBP_PROTEIN_LOCALIZATION_TO_CELL_JUNCTION,GO_BP,-1.4486707660038367,0.7782583121480262,1.3244919407177782
GOBP_PROTEIN_LOCALIZATION_TO_CELL_PERIPHERY,GO_BP,-1.5326082352878407,0.9370760838677632,0.979607845287956
GOBP_PROTEIN_LOCALIZATION_TO_CELL_SURFACE,GO_BP,-1.3062929946548514,0.93631098455026,1.0440716167999498
GOBP_PROTEIN_LOCALIZATION_TO_CHROMATIN,GO_BP,2.062743807370294,1.0262665210634527,-0.7803943114829555
GOBP_PROTEIN_LOCALIZATION_TO_CHROMOSOME,GO_BP,2.335162571204082,0.9387104668477704,-0.7303293554054671
GOBP_PROTEIN_LOCALIZATION_TO_CHROMOSOME_CENTROMERIC_REGION,GO_BP,2.120792488994707,-0.6993603491424663,0.9269788942404876
GOBP_PROTEIN_LOCALIZATION_TO_CILIARY_TRANSITION_ZONE,GO_BP,-0.5118265216937739,-1.2185508132997642,-1.2386997400438724
GOBP_PROTEIN_LOCALIZATION_TO_CILIUM,GO_BP,-1.0457300125827749,0.939976024705939,-1.2518116762843017
GOBP_PROTEIN_LOCALIZATION_TO_CYTOSKELETON,GO_BP,1.4106445650589037,0.6845737413913795,0.9329054802892376
GOBP_PROTEIN_LOCALIZATION_TO_ENDOPLASMIC_RETICULUM,GO_BP,-1.258810569278,1.247197501222543,0.6017906051089217
GOBP_PROTEIN_LOCALIZATION_TO_ENDOSOME,GO_BP,0.7866584543271627,1.903756365101378,1.0882119035732805
GOBP_PROTEIN_LOCALIZATION_TO_EXTRACELLULAR_REGION,GO_BP,1.0680802135066745,1.115402394876186,0.9293266908342334
GOBP_PROTEIN_LOCALIZATION_TO_GOLGI_APPARATUS,GO_BP,-1.6585242467303498,0.6911734887553981,1.4638310703480244
GOBP_PROTEIN_LOCALIZATION_TO_LYSOSOME,GO_BP,-1.3956330301897626,0.9085564669812882,1.2613249809267393
GOBP_PROTEIN_LOCALIZATION_TO_MEMBRANE,GO_BP,-1.627815849814754,0.9368743734190152,1.0036075488800926
GOBP_PROTEIN_LOCALIZATION_TO_MICROTUBULE,GO_BP,0.9081584691528816,-0.5570172131053999,1.4368954274160688
GOBP_PROTEIN_LOCALIZATION_TO_MICROTUBULE_ORGANIZING_CENTER,GO_BP,1.1801134875690569,-0.5669657506267457,-0.9439394524144143
GOBP_PROTEIN_LOCALIZATION_TO_MITOCHONDRION,GO_BP,1.474885201400654,0.7531556049863211,0.8676966395897744
GOBP_PROTEIN_LOCALIZATION_TO_NUCLEOLUS,GO_BP,1.5056973994539495,1.1477548208481516,1.315628767726175
GOBP_PROTEIN_LOCALIZATION_TO_NUCLEUS,GO_BP,1.065513822679974,1.5404424802498242,1.2730602247452187
GOBP_PROTEIN_LOCALIZATION_TO_PHAGOPHORE_ASSEMBLY_SITE,GO_BP,-0.8113618335249514,1.268384543848711,-0.6354569094660482
GOBP_PROTEIN_LOCALIZATION_TO_PLASMA_MEMBRANE,GO_BP,-1.5159803728099646,0.930578041970338,1.0773933097058768
GOBP_PROTEIN_LOCALIZATION_TO_POSTSYNAPSE,GO_BP,0.8494460532334133,0.8848311211683885,0.7473783339465203
GOBP_PROTEIN_LOCALIZATION_TO_SITE_OF_DOUBLE_STRAND_BREAK,GO_BP,1.6153310251034143,-0.6758880692927003,-0.6764190722435173
GOBP_PROTEIN_LOCALIZATION_TO_SYNAPSE,GO_BP,-1.1729731459398998,-0.8333093626587555,0.6741648534959521
GOBP_PROTEIN_LOCALIZATION_TO_VACUOLE,GO_BP,-1.596435167862116,1.0690551928320835,1.5151322880657854
GOBP_PROTEIN_METHYLATION,GO_BP,1.2220036774945342,0.6645507254805362,1.179930665777808
GOBP_PROTEIN_MODIFICATION_BY_SMALL_PROTEIN_REMOVAL,GO_BP,0.8550757980647935,1.1739403591742792,1.548407725907028
GOBP_PROTEIN_MONOUBIQUITINATION,GO_BP,1.5889675505097869,1.0536321341534425,1.28341886436165
GOBP_PROTEIN_NEDDYLATION,GO_BP,1.1977298583563365,1.1741257734849564,-0.7341819938611315
GOBP_PROTEIN_N_LINKED_GLYCOSYLATION,GO_BP,-1.1104976702808504,1.0609953196665431,1.353200840728087
GOBP_PROTEIN_N_LINKED_GLYCOSYLATION_VIA_ASPARAGINE,GO_BP,1.3662636228292324,0.7412831182656481,0.6142544463292219
GOBP_PROTEIN_O_LINKED_GLYCOSYLATION,GO_BP,-1.1741481271714425,1.3167789759872923,0.7261924900418396
GOBP_PROTEIN_O_LINKED_GLYCOSYLATION_VIA_MANNOSE,GO_BP,-1.1788949211509787,-0.8665753710288779,-1.1423892249731686
GOBP_PROTEIN_O_LINKED_GLYCOSYLATION_VIA_N_ACETYL_GALACTOSAMINE,GO_BP,-0.8963333913266107,1.0946825089059105,-0.894459336522886
GOBP_PROTEIN_O_LINKED_GLYCOSYLATION_VIA_XYLOSE,GO_BP,0.9337444310716758,1.308420765995544,0.940434598788774
GOBP_PROTEIN_PALMITOYLATION,GO_BP,-0.9401706622469672,-0.781454626364608,0.6413724212284313
GOBP_PROTEIN_POLYMERIZATION,GO_BP,1.2492371450671649,-1.4073053266575677,0.8510457072565616
GOBP_PROTEIN_POLYUBIQUITINATION,GO_BP,0.9023094330476684,1.2105324480364548,0.8516516094427501
GOBP_PROTEIN_PROCESSING,GO_BP,-1.381364794840358,1.4123563547351454,1.2227644956245989
GOBP_PROTEIN_QUALITY_CONTROL_FOR_MISFOLDED_OR_INCOMPLETELY_SYNTHESIZED_PROTEINS,GO_BP,-0.7243276722893855,0.8890345247626551,1.1966110230302884
GOBP_PROTEIN_REFOLDING,GO_BP,-0.8830159110050566,-1.854772959519697,-0.9054409840898326
GOBP_PROTEIN_RNA_COMPLEX_ORGANIZATION,GO_BP,2.0268200126483404,-0.9158880470047812,-0.76381772696282
GOBP_PROTEIN_STABILIZATION,GO_BP,0.9146778057737834,0.920512998660751,-0.7589794973289637
GOBP_PROTEIN_SUMOYLATION,GO_BP,1.273052223299777,1.3356711836673807,0.6985059732418742
GOBP_PROTEIN_TARGETING,GO_BP,-1.198477951478204,0.9719657760589184,1.0108097341079063
GOBP_PROTEIN_TARGETING_TO_LYSOSOME,GO_BP,-1.1466765499102642,0.737839376264279,1.1596389808154428
GOBP_PROTEIN_TARGETING_TO_MEMBRANE,GO_BP,-1.1407667420592291,1.093156483287713,0.8319769252750471
GOBP_PROTEIN_TARGETING_TO_MITOCHONDRION,GO_BP,0.991175806322232,-1.02074545252674,-0.863067463038027
GOBP_PROTEIN_TARGETING_TO_VACUOLE,GO_BP,-1.5114867752888348,0.94283776342953,1.5069299591125342
GOBP_PROTEIN_TETRAMERIZATION,GO_BP,1.1846562204687334,1.1921029638529907,-0.8139217656689934
GOBP_PROTEIN_TRANSMEMBRANE_TRANSPORT,GO_BP,1.079800191422874,1.1988231995155334,0.7655466995033212
GOBP_PROTEIN_TRANSPORT_TO_VACUOLE_INVOLVED_IN_UBIQUITIN_DEPENDENT_PROTEIN_CATABOLIC_PROCESS_VIA_THE_MULTIVESICULAR_BODY_SORTING_PATHWAY,GO_BP,-0.5714364329537818,0.8564830635856482,0.9802737333303656
GOBP_PROTEOGLYCAN_BIOSYNTHETIC_PROCESS,GO_BP,0.9263870414081352,1.1599147295395418,0.7810243330029208
GOBP_PROTEOGLYCAN_CATABOLIC_PROCESS,GO_BP,-1.6487214195067184,-0.8025723834134151,-0.7800034967944119
GOBP_PROTEOGLYCAN_METABOLIC_PROCESS,GO_BP,-1.3032375356076158,1.1038272836506815,0.6680209004417185
GOBP_PROTON_MOTIVE_FORCE_DRIVEN_ATP_SYNTHESIS,GO_BP,1.9645776761175515,-0.6140572039945504,-1.7040723034390544
GOBP_PROTON_TRANSMEMBRANE_TRANSPORT,GO_BP,1.12343600189986,1.031368363989733,-1.0943383385213372
GOBP_PROXIMAL_DISTAL_PATTERN_FORMATION,GO_BP,0.9207686197928652,1.678056479504897,-1.3354386026414349
GOBP_PSEUDOURIDINE_SYNTHESIS,GO_BP,1.38634837709796,0.8785894218741711,0.865317469882389
GOBP_PTERIDINE_CONTAINING_COMPOUND_METABOLIC_PROCESS,GO_BP,1.2099784181508415,0.8274815346725439,1.303616555928239
GOBP_PULMONARY_VALVE_DEVELOPMENT,GO_BP,-1.2402268529863183,-1.7497499612057683,1.3388415146211436
GOBP_PURINE_CONTAINING_COMPOUND_BIOSYNTHETIC_PROCESS,GO_BP,1.997335682538358,-1.2799369566898453,-1.1394416202778397
GOBP_PURINE_CONTAINING_COMPOUND_CATABOLIC_PROCESS,GO_BP,2.007158977710332,1.1233519566019396,1.107872071770733
GOBP_PURINE_CONTAINING_COMPOUND_SALVAGE,GO_BP,1.7961325177771938,0.6096917498376869,-0.9675352662491898
GOBP_PURINE_CONTAINING_COMPOUND_TRANSMEMBRANE_TRANSPORT,GO_BP,0.8260236487637679,1.129157152774217,0.9526741950245308
GOBP_PURINE_DEOXYRIBONUCLEOTIDE_METABOLIC_PROCESS,GO_BP,1.7487514244617588,0.6459948364628169,0.8694957334980215
GOBP_PURINE_NUCLEOBASE_METABOLIC_PROCESS,GO_BP,2.104435697979664,0.8073067161242599,1.0128691931095128
GOBP_PURINE_NUCLEOSIDE_METABOLIC_PROCESS,GO_BP,1.7870174021272407,-0.95713246522587,-0.9956017293578936
GOBP_PURINE_NUCLEOSIDE_MONOPHOSPHATE_BIOSYNTHETIC_PROCESS,GO_BP,1.8015194090779771,-0.7377938048753371,-0.7600845215251172
GOBP_PURINE_NUCLEOSIDE_MONOPHOSPHATE_METABOLIC_PROCESS,GO_BP,2.045664382515616,-0.7467082452693716,1.2918368101388251
GOBP_PURINE_NUCLEOTIDE_TRANSPORT,GO_BP,-0.824628977574428,0.882595477836063,1.2498159903698298
GOBP_PYRIDINE_CONTAINING_COMPOUND_BIOSYNTHETIC_PROCESS,GO_BP,-1.1308420866817706,-0.6517117808698364,-1.1321886602636462
GOBP_PYRIDINE_CONTAINING_COMPOUND_CATABOLIC_PROCESS,GO_BP,1.7739688335255497,1.069655521802456,1.0274709520195686
GOBP_PYRIDINE_CONTAINING_COMPOUND_METABOLIC_PROCESS,GO_BP,1.464651648663441,0.9111788583436998,0.95179500694446
GOBP_PYRIMIDINE_CONTAINING_COMPOUND_BIOSYNTHETIC_PROCESS,GO_BP,1.8746455932487232,0.7770530065999337,0.8275195983563939
GOBP_PYRIMIDINE_CONTAINING_COMPOUND_CATABOLIC_PROCESS,GO_BP,1.166222829200445,-1.1657123062831791,1.1279178863304231
GOBP_PYRIMIDINE_CONTAINING_COMPOUND_METABOLIC_PROCESS,GO_BP,1.8269161654904684,-0.7352280299213114,1.045435279169575
GOBP_PYRIMIDINE_DEOXYRIBONUCLEOTIDE_METABOLIC_PROCESS,GO_BP,1.7983281085150342,-1.0182943985767974,1.3305864146397397
GOBP_PYRIMIDINE_NUCLEOBASE_METABOLIC_PROCESS,GO_BP,1.520583944497027,0.5869649021726454,1.2389369618802826
GOBP_PYRIMIDINE_NUCLEOSIDE_MONOPHOSPHATE_BIOSYNTHETIC_PROCESS,GO_BP,1.414407653936698,0.8906290044459675,1.047545618994608
GOBP_PYRIMIDINE_NUCLEOSIDE_MONOPHOSPHATE_METABOLIC_PROCESS,GO_BP,1.4744015504017314,0.8725813515293612,1.6061102098644522
GOBP_PYRIMIDINE_NUCLEOSIDE_TRIPHOSPHATE_BIOSYNTHETIC_PROCESS,GO_BP,1.7052957106904638,0.9228497147981732,1.0462632942365766
GOBP_PYRIMIDINE_NUCLEOSIDE_TRIPHOSPHATE_METABOLIC_PROCESS,GO_BP,1.673218426677381,0.7843999964408018,1.1545680120841824
GOBP_PYRIMIDINE_NUCLEOTIDE_BIOSYNTHETIC_PROCESS,GO_BP,1.666847647351052,0.8204776888338347,0.99484661495729
GOBP_PYRIMIDINE_NUCLEOTIDE_CATABOLIC_PROCESS,GO_BP,1.3763042373505,-1.0844650277320755,1.1509683688433674
GOBP_PYRIMIDINE_NUCLEOTIDE_METABOLIC_PROCESS,GO_BP,1.7216004140496282,-0.8652515060120539,1.2405989599995435
GOBP_PYRIMIDINE_RIBONUCLEOSIDE_TRIPHOSPHATE_METABOLIC_PROCESS,GO_BP,1.202195134359125,0.8105295782244215,1.1366427729778046
GOBP_PYRIMIDINE_RIBONUCLEOTIDE_BIOSYNTHETIC_PROCESS,GO_BP,1.2096602646829582,-0.8007348092150612,0.9323476019943946
GOBP_PYRIMIDINE_RIBONUCLEOTIDE_METABOLIC_PROCESS,GO_BP,1.2862552328589767,0.6674458766667689,1.019918124959739
GOBP_PYROPTOTIC_INFLAMMATORY_RESPONSE,GO_BP,0.7910466327429179,1.1902076114641629,1.2854832495606752
GOBP_PYRUVATE_METABOLIC_PROCESS,GO_BP,1.743510057761121,0.9162978096204946,0.8075131638712341
GOBP_P_BODY_ASSEMBLY,GO_BP,1.0977964871632198,1.7691686627791423,0.980099310061292
GOBP_QUINONE_BIOSYNTHETIC_PROCESS,GO_BP,1.033822582403247,-0.8213795605009434,-0.6085543804553112
GOBP_QUINONE_METABOLIC_PROCESS,GO_BP,0.5432396784805333,-1.2468937243440594,0.5493773361188635
GOBP_RAB_PROTEIN_SIGNAL_TRANSDUCTION,GO_BP,-1.0979763491744916,1.047647136411119,1.109396942901502
GOBP_RAC_PROTEIN_SIGNAL_TRANSDUCTION,GO_BP,-0.9573296788696092,-1.2319322415539702,-0.7706525206717457
GOBP_RAP_PROTEIN_SIGNAL_TRANSDUCTION,GO_BP,-1.1776339580061626,-1.0439845119500877,-0.9398514188242926
GOBP_RAS_PROTEIN_SIGNAL_TRANSDUCTION,GO_BP,-1.1046439959070875,1.4398128797883052,1.1049503394667346
GOBP_REACTIVE_NITROGEN_SPECIES_METABOLIC_PROCESS,GO_BP,-1.4627490987262326,1.0979299008445802,1.4916452663280395
GOBP_REACTIVE_OXYGEN_SPECIES_BIOSYNTHETIC_PROCESS,GO_BP,0.8251503117578602,1.0929614896673103,0.5654853938981711
GOBP_REACTIVE_OXYGEN_SPECIES_METABOLIC_PROCESS,GO_BP,-1.2235274055541754,1.3840685001570294,0.9467189531289504
GOBP_RECEPTOR_CATABOLIC_PROCESS,GO_BP,-1.048683719888702,0.7641303415435087,-0.8853659262299145
GOBP_RECEPTOR_CLUSTERING,GO_BP,-1.89189383436238,-1.0361331315891702,-0.8347227526741355
GOBP_RECEPTOR_INTERNALIZATION,GO_BP,-1.5741697597276627,0.960716756963302,1.2194142421630614
GOBP_RECEPTOR_LOCALIZATION_TO_SYNAPSE,GO_BP,-0.9410442183892148,-0.9293320704781404,-0.7092774531171998
GOBP_RECEPTOR_MEDIATED_ENDOCYTOSIS,GO_BP,-1.5717330789200468,1.0685059273614363,1.2624421580890577
GOBP_RECEPTOR_METABOLIC_PROCESS,GO_BP,-1.3955525565893163,0.981567868897934,1.1362095457957366
GOBP_RECEPTOR_RECYCLING,GO_BP,-1.5369209475980117,-0.9419363178273016,1.2651658709049511
GOBP_RECOMBINATIONAL_REPAIR,GO_BP,2.402781819517052,0.946095714092401,0.8088821636532699
GOBP_REGENERATION,GO_BP,-1.1670713509501327,-1.1771078971033138,-0.8770965199788187
GOBP_REGULATED_EXOCYTOSIS,GO_BP,1.0307344923047268,-1.0147460171793017,-0.9479917419511712
GOBP_REGULATION_OF_ACTIN_FILAMENT_BASED_MOVEMENT,GO_BP,-1.3252207900492998,1.452629728297864,1.4541321478745262
GOBP_REGULATION_OF_ACTIN_FILAMENT_BASED_PROCESS,GO_BP,-1.458383561647726,1.2218162076479189,1.1881336224311492
GOBP_REGULATION_OF_ACTIN_FILAMENT_BUNDLE_ASSEMBLY,GO_BP,-1.5359663918794784,0.9831470461533944,1.105059455620267
GOBP_REGULATION_OF_ACTIN_FILAMENT_LENGTH,GO_BP,-1.1834435376963577,0.9545706969910284,1.1192860199333723
GOBP_REGULATION_OF_ACTIN_FILAMENT_ORGANIZATION,GO_BP,-1.4643629379170986,1.0565661163931075,1.1418679862361618
GOBP_REGULATION_OF_ACTIN_FILAMENT_POLYMERIZATION,GO_BP,-1.003142024117771,-1.1242675502205155,1.2486896748171177
GOBP_REGULATION_OF_ACTIN_NUCLEATION,GO_BP,-1.1935636890299317,-0.92131790710378,0.6568934721059916
GOBP_REGULATION_OF_ACTION_POTENTIAL,GO_BP,-1.1206104382998436,-1.0613042242003887,1.1054945628913877
GOBP_REGULATION_OF_ACTIVIN_RECEPTOR_SIGNALING_PATHWAY,GO_BP,-1.542668797901264,1.20316114662812,1.3098845306456337
GOBP_REGULATION_OF_ACTOMYOSIN_STRUCTURE_ORGANIZATION,GO_BP,-1.4320540477595431,-1.010901087234075,1.0370143357854769
GOBP_REGULATION_OF_ACUTE_INFLAMMATORY_RESPONSE,GO_BP,0.9710176754423012,0.9971897947794268,1.5343511853510623
GOBP_REGULATION_OF_ADAPTIVE_IMMUNE_RESPONSE,GO_BP,-0.969513002101489,1.3529112576196798,1.947094158907043
GOBP_REGULATION_OF_ADIPOSE_TISSUE_DEVELOPMENT,GO_BP,-0.716275370112337,-1.0911046580059636,-0.5549633173012014
GOBP_REGULATION_OF_AEROBIC_RESPIRATION,GO_BP,-1.4164793876577706,-0.6018440627473256,-0.7284403488225676
GOBP_REGULATION_OF_ALCOHOL_BIOSYNTHETIC_PROCESS,GO_BP,-1.1950386675274534,-1.0625144379088238,0.9852145146340991
GOBP_REGULATION_OF_ALPHA_BETA_T_CELL_ACTIVATION,GO_BP,-1.0886889982570636,1.4176740357637156,1.3531319895435507
GOBP_REGULATION_OF_ALPHA_BETA_T_CELL_DIFFERENTIATION,GO_BP,0.9166490184755473,1.605752674344046,1.2784364988909938
GOBP_REGULATION_OF_ALTERNATIVE_MRNA_SPLICING_VIA_SPLICEOSOME,GO_BP,1.5334218870886922,1.8777730134420187,0.8715461020220211
GOBP_REGULATION_OF_AMIDE_METABOLIC_PROCESS,GO_BP,-1.1573153690491165,1.2249464863100636,1.0268692330306906
GOBP_REGULATION_OF_AMINO_ACID_TRANSPORT,GO_BP,-0.9998368485846376,1.450438209107685,1.026529662239107
GOBP_REGULATION_OF_AMPA_RECEPTOR_ACTIVITY,GO_BP,1.9077003585922896,1.5798358126414689,-0.9516045462534164
GOBP_REGULATION_OF_AMYLOID_PRECURSOR_PROTEIN_CATABOLIC_PROCESS,GO_BP,-1.4300009807355418,1.0499517341781766,-0.9316556356266388
GOBP_REGULATION_OF_ANATOMICAL_STRUCTURE_SIZE,GO_BP,-1.645223379850223,1.1480409406003138,0.9759693371878648
GOBP_REGULATION_OF_ANDROGEN_RECEPTOR_SIGNALING_PATHWAY,GO_BP,-0.970709927541165,1.216207490112716,-0.556656892794181
GOBP_REGULATION_OF_ANIMAL_ORGAN_FORMATION,GO_BP,-1.8895722697231243,1.1321747875638322,1.2183470258396896
GOBP_REGULATION_OF_ANIMAL_ORGAN_MORPHOGENESIS,GO_BP,-1.4133151912609103,1.750617035907732,1.4642826755847598
GOBP_REGULATION_OF_ANOIKIS,GO_BP,1.2493352942188554,1.3896105457852026,0.9235336365453688
GOBP_REGULATION_OF_ANTIGEN_RECEPTOR_MEDIATED_SIGNALING_PATHWAY,GO_BP,-1.206140637304752,1.1715048622581488,1.3625005028868185
GOBP_REGULATION_OF_APOPTOTIC_SIGNALING_PATHWAY,GO_BP,-1.2540115320550824,1.4254032594394228,1.4832086661900754
GOBP_REGULATION_OF_ARP2_3_COMPLEX_MEDIATED_ACTIN_NUCLEATION,GO_BP,-1.2022902132406112,-0.7902117003953659,0.8297751085095846
GOBP_REGULATION_OF_ATP_DEPENDENT_ACTIVITY,GO_BP,-0.657618454150277,0.7159514514382543,-0.7933931845707987
GOBP_REGULATION_OF_ATTACHMENT_OF_SPINDLE_MICROTUBULES_TO_KINETOCHORE,GO_BP,2.3209608712194005,0.926944243199786,-1.201976441184868
GOBP_REGULATION_OF_AUTOPHAGOSOME_ASSEMBLY,GO_BP,-1.2043120404433905,1.055544201146597,-0.6538274732551868
GOBP_REGULATION_OF_AUTOPHAGOSOME_MATURATION,GO_BP,-1.0511623828017966,1.852800383486952,-1.1083276044181751
GOBP_REGULATION_OF_AUTOPHAGY,GO_BP,-1.230565769612176,1.5169227575681752,1.0902277747365423
GOBP_REGULATION_OF_AUTOPHAGY_OF_MITOCHONDRION,GO_BP,-0.7729061698188421,1.0140732287498655,0.7371666822870688
GOBP_REGULATION_OF_AXONOGENESIS,GO_BP,-1.7801049910357445,1.1757531942423425,-1.1888211659643522
GOBP_REGULATION_OF_AXON_EXTENSION,GO_BP,-1.6219528779035164,1.0574475708699715,-1.338626360421192
GOBP_REGULATION_OF_BEHAVIOR,GO_BP,1.1069446896168278,1.0879012578928284,-0.9798526482375886
GOBP_REGULATION_OF_BICELLULAR_TIGHT_JUNCTION_ASSEMBLY,GO_BP,1.0972729297542938,1.005800976486838,-0.7555076848077064
GOBP_REGULATION_OF_BINDING,GO_BP,1.269468326044702,1.3263387298067064,-0.777456452855564
GOBP_REGULATION_OF_BIOLOGICAL_PROCESS_INVOLVED_IN_SYMBIOTIC_INTERACTION,GO_BP,1.0601495533597889,1.210204231732876,2.3511171244836677
GOBP_REGULATION_OF_BIOMINERAL_TISSUE_DEVELOPMENT,GO_BP,-1.540290669809675,1.942054246274577,-0.8107020769884514
GOBP_REGULATION_OF_BLOOD_CIRCULATION,GO_BP,-1.6585416060595728,1.3878456477879977,0.7909523234937418
GOBP_REGULATION_OF_BLOOD_PRESSURE,GO_BP,-1.4803423087722347,1.199957261566724,1.243771918766979
GOBP_REGULATION_OF_BMP_SIGNALING_PATHWAY,GO_BP,1.0873789321088958,1.6078756437540012,1.3383337953641206
GOBP_REGULATION_OF_BODY_FLUID_LEVELS,GO_BP,-1.390110349843599,1.3597400490393508,1.185202853492056
GOBP_REGULATION_OF_BONE_MINERALIZATION,GO_BP,-1.4523400099928985,1.8881576440333936,-0.8363623712479301
GOBP_REGULATION_OF_BONE_REMODELING,GO_BP,-0.937041392645418,-1.6099256231144643,1.6829291698967517
GOBP_REGULATION_OF_BROWN_FAT_CELL_DIFFERENTIATION,GO_BP,0.6720005307677256,1.4882946626591926,0.9797838774561805
GOBP_REGULATION_OF_B_CELL_ACTIVATION,GO_BP,0.8760592710440903,1.3090336215132097,1.6039878362349942
GOBP_REGULATION_OF_B_CELL_DIFFERENTIATION,GO_BP,-0.8641912912512474,1.6102014354049667,1.2006704615244232
GOBP_REGULATION_OF_B_CELL_MEDIATED_IMMUNITY,GO_BP,0.6890268732452208,-0.916961319987486,1.546789645252685
GOBP_REGULATION_OF_B_CELL_PROLIFERATION,GO_BP,-0.8938958196224704,1.4209710236262316,1.620704556880616
GOBP_REGULATION_OF_CALCINEURIN_MEDIATED_SIGNALING,GO_BP,-1.3137265700497711,1.649527916319232,0.7923380515729446
GOBP_REGULATION_OF_CALCIUM_ION_DEPENDENT_EXOCYTOSIS,GO_BP,0.8496603897643161,-0.8337000574829341,0.6849352366549829
GOBP_REGULATION_OF_CALCIUM_ION_IMPORT,GO_BP,-0.8549033591050992,1.7202150593261831,1.5667805812819398
GOBP_REGULATION_OF_CALCIUM_ION_TRANSMEMBRANE_TRANSPORT,GO_BP,-1.034151201655029,-1.3003482819196843,0.9792794960380206
GOBP_REGULATION_OF_CALCIUM_ION_TRANSPORT,GO_BP,-1.268979986041635,-1.1287042960513805,1.4675140832232234
GOBP_REGULATION_OF_CALCIUM_MEDIATED_SIGNALING,GO_BP,-1.4399315632391378,1.135702334359327,1.183376973444601
GOBP_REGULATION_OF_CAMP_PKA_SIGNAL_TRANSDUCTION,GO_BP,-1.2464842133018763,0.8018201705550113,0.7108544847395767
GOBP_REGULATION_OF_CANONICAL_WNT_SIGNALING_PATHWAY,GO_BP,-1.7428802980568634,1.612965549624074,0.860197033725603
GOBP_REGULATION_OF_CARBOHYDRATE_BIOSYNTHETIC_PROCESS,GO_BP,0.9102889904380496,1.555084139980841,1.0383374000229395
GOBP_REGULATION_OF_CARBOHYDRATE_CATABOLIC_PROCESS,GO_BP,-0.9807463198930128,1.2187584711267565,0.9532396895723716
GOBP_REGULATION_OF_CARBOHYDRATE_METABOLIC_PROCESS,GO_BP,-1.0050080800612415,1.5772370135563551,0.8764325554562792
GOBP_REGULATION_OF_CARDIAC_MUSCLE_CELL_ACTION_POTENTIAL,GO_BP,-1.1498661953949088,-1.4044510747926076,-0.594395284889886
GOBP_REGULATION_OF_CARDIAC_MUSCLE_CELL_PROLIFERATION,GO_BP,-1.1811155522281989,1.4741731356088512,1.0993820897289543
GOBP_REGULATION_OF_CARDIAC_MUSCLE_CONTRACTION,GO_BP,-1.093388771253586,1.4739880264254606,1.0837865575645214
GOBP_REGULATION_OF_CARDIAC_MUSCLE_CONTRACTION_BY_CALCIUM_ION_SIGNALING,GO_BP,-1.1639409265214773,1.1672612427834812,-0.7290540597314381
GOBP_REGULATION_OF_CARDIAC_MUSCLE_CONTRACTION_BY_REGULATION_OF_THE_RELEASE_OF_SEQUESTERED_CALCIUM_ION,GO_BP,0.9298184332436266,-1.0325393239361913,-1.004925900890438
GOBP_REGULATION_OF_CARDIOCYTE_DIFFERENTIATION,GO_BP,-1.4655149924950808,0.9198218908012396,1.0141220612866275
GOBP_REGULATION_OF_CARTILAGE_DEVELOPMENT,GO_BP,-1.7589999560190748,1.3802949343865265,0.8110182360061732
GOBP_REGULATION_OF_CATALYTIC_ACTIVITY,GO_BP,1.2241280903047125,1.4648142202324106,1.200505295831129
GOBP_REGULATION_OF_CD4_POSITIVE_ALPHA_BETA_T_CELL_ACTIVATION,GO_BP,-1.2706808523694166,1.5681273518091996,1.2451096905163102
GOBP_REGULATION_OF_CD4_POSITIVE_ALPHA_BETA_T_CELL_DIFFERENTIATION,GO_BP,-1.1170618196096278,1.6335876298413727,1.4334126916410517
GOBP_REGULATION_OF_CELLULAR_COMPONENT_SIZE,GO_BP,-1.42590352380323,1.0630613477310022,0.9432097262563018
GOBP_REGULATION_OF_CELLULAR_EXTRAVASATION,GO_BP,-1.2325800298748897,1.732082151691643,1.6786323887882
GOBP_REGULATION_OF_CELLULAR_LOCALIZATION,GO_BP,-1.2014466735708138,1.0653114761388849,1.2009372156359626
GOBP_REGULATION_OF_CELLULAR_RESPIRATION,GO_BP,-1.1255719702576006,-0.813754197762989,0.6531954527084252
GOBP_REGULATION_OF_CELLULAR_RESPONSE_TO_GROWTH_FACTOR_STIMULUS,GO_BP,-1.4136620791964207,1.4816812342485337,1.058890147373925
GOBP_REGULATION_OF_CELLULAR_RESPONSE_TO_HEAT,GO_BP,-0.844533619115512,1.4091108217899149,0.792557758454597
GOBP_REGULATION_OF_CELLULAR_RESPONSE_TO_HYPOXIA,GO_BP,-1.4454485663902537,1.8474246788690816,-0.6336819256696969
GOBP_REGULATION_OF_CELLULAR_RESPONSE_TO_INSULIN_STIMULUS,GO_BP,-1.2685808969328574,-0.976418533437054,0.5946053770052392
GOBP_REGULATION_OF_CELLULAR_RESPONSE_TO_OXIDATIVE_STRESS,GO_BP,-1.3743844010784527,0.912539858177698,-0.5607019903325405
GOBP_REGULATION_OF_CELLULAR_RESPONSE_TO_TRANSFORMING_GROWTH_FACTOR_BETA_STIMULUS,GO_BP,-1.3083134399334493,1.3780882607076013,0.7959009796770704
GOBP_REGULATION_OF_CELLULAR_RESPONSE_TO_VASCULAR_ENDOTHELIAL_GROWTH_FACTOR_STIMULUS,GO_BP,-1.3684856702492714,1.1337005844257555,0.7887653186913557
GOBP_REGULATION_OF_CELLULAR_SENESCENCE,GO_BP,1.0537140179099762,1.1987525004817412,1.3938795107790805
GOBP_REGULATION_OF_CELL_ADHESION_MEDIATED_BY_INTEGRIN,GO_BP,1.3618695891569734,1.4145511727704994,1.3910520622645768
GOBP_REGULATION_OF_CELL_CELL_ADHESION,GO_BP,-1.4278254494593527,1.3033764348761532,1.5417869378869855
GOBP_REGULATION_OF_CELL_CYCLE_CHECKPOINT,GO_BP,2.21943630718902,0.7249036858025589,-1.3067216866709828
GOBP_REGULATION_OF_CELL_CYCLE_G1_S_PHASE_TRANSITION,GO_BP,1.3391282067896757,1.2736400772940328,1.471522161154694
GOBP_REGULATION_OF_CELL_CYCLE_G2_M_PHASE_TRANSITION,GO_BP,2.0228936350643187,1.167302230167781,-1.0998257181173088
GOBP_REGULATION_OF_CELL_CYCLE_PHASE_TRANSITION,GO_BP,2.1922816245612458,1.2438514257067663,0.924597171025494
GOBP_REGULATION_OF_CELL_DIVISION,GO_BP,1.8858857401115048,0.8963165635261688,-1.203167485653824
GOBP_REGULATION_OF_CELL_FATE_COMMITMENT,GO_BP,-1.1517684748374453,1.289925927169003,0.7242688305421687
GOBP_REGULATION_OF_CELL_FATE_SPECIFICATION,GO_BP,-1.160497874830711,1.1918233761611876,0.7440957130670615
GOBP_REGULATION_OF_CELL_GROWTH,GO_BP,-1.5218809986313588,1.459060112002157,1.029322040594698
GOBP_REGULATION_OF_CELL_JUNCTION_ASSEMBLY,GO_BP,-1.3642371545075351,1.0598012351443444,0.8193607281245612
GOBP_REGULATION_OF_CELL_KILLING,GO_BP,-1.188122400984231,0.9270580451308248,2.071570437068349
GOBP_REGULATION_OF_CELL_MATRIX_ADHESION,GO_BP,-1.1848731067047635,1.1350192362552816,1.4117921022728377
GOBP_REGULATION_OF_CELL_MIGRATION_INVOLVED_IN_SPROUTING_ANGIOGENESIS,GO_BP,1.1437026884276371,1.9277215964268968,-0.7177003077893499
GOBP_REGULATION_OF_CELL_MORPHOGENESIS,GO_BP,-1.3766014770731445,-1.2475221261071738,1.3134736637947977
GOBP_REGULATION_OF_CELL_PROJECTION_ASSEMBLY,GO_BP,-1.0539173588198607,1.2835650557790743,0.921868924582795
GOBP_REGULATION_OF_CELL_SHAPE,GO_BP,-1.4772414214130205,-1.1913289373183145,1.4965115919905003
GOBP_REGULATION_OF_CELL_SIZE,GO_BP,-1.4765359416545556,0.9951512787904936,-0.9968633612238104
GOBP_REGULATION_OF_CELL_SUBSTRATE_ADHESION,GO_BP,-1.4988756835850798,1.478902706878111,1.3201651902093314
GOBP_REGULATION_OF_CELL_SUBSTRATE_JUNCTION_ORGANIZATION,GO_BP,-1.102697354207133,1.249776340825772,1.0689799177049055
GOBP_REGULATION_OF_CENTRIOLE_REPLICATION,GO_BP,1.6150860049822415,1.2131440511878346,-0.6427591797529572
GOBP_REGULATION_OF_CENTROSOME_CYCLE,GO_BP,1.639185776109696,1.5042196655998648,-0.7516762955929
GOBP_REGULATION_OF_CHEMOTAXIS,GO_BP,-1.9345911669125964,1.5148905961146886,1.7498364792054082
GOBP_REGULATION_OF_CHOLESTEROL_BIOSYNTHETIC_PROCESS,GO_BP,-1.3681703979359998,-1.2739245882627053,1.2088573759704635
GOBP_REGULATION_OF_CHOLESTEROL_EFFLUX,GO_BP,-1.3264725481418078,-1.9532448604028336,1.1200268386956216
GOBP_REGULATION_OF_CHOLESTEROL_METABOLIC_PROCESS,GO_BP,-1.4501882584100845,-1.290450721310302,1.0818492489992495
GOBP_REGULATION_OF_CHONDROCYTE_DIFFERENTIATION,GO_BP,-1.621286632612291,1.3500358292609709,-0.8733910146559517
GOBP_REGULATION_OF_CHROMATIN_ORGANIZATION,GO_BP,1.8179145808519832,0.8393902207941217,0.6879922829212776
GOBP_REGULATION_OF_CHROMOSOME_ORGANIZATION,GO_BP,2.5683631176840205,0.8508851258100306,-0.9093685224534546
GOBP_REGULATION_OF_CHROMOSOME_SEGREGATION,GO_BP,2.661477468244324,-0.9397105873813808,-1.311800634918309
GOBP_REGULATION_OF_CILIUM_ASSEMBLY,GO_BP,-0.8793018472930738,1.1893507591185604,0.6369092216567417
GOBP_REGULATION_OF_CIRCADIAN_RHYTHM,GO_BP,1.299472763313764,1.638540651147146,0.6736376952812668
GOBP_REGULATION_OF_CLATHRIN_DEPENDENT_ENDOCYTOSIS,GO_BP,-1.438264628848638,1.1789287513751463,1.1141200965094875
GOBP_REGULATION_OF_COAGULATION,GO_BP,1.2859565944914315,1.601975278109716,1.3616724438652346
GOBP_REGULATION_OF_COLLAGEN_METABOLIC_PROCESS,GO_BP,-1.2512175375007866,1.2471336146224816,0.9244667369982696
GOBP_REGULATION_OF_COLLATERAL_SPROUTING,GO_BP,-1.6104479677525554,0.8299868792290236,-1.2781877573032407
GOBP_REGULATION_OF_CYCLIN_DEPENDENT_PROTEIN_SERINE_THREONINE_KINASE_ACTIVITY,GO_BP,1.4238739452221345,1.3350603443760338,0.8707621346707463
GOBP_REGULATION_OF_CYTOKINESIS,GO_BP,2.2620349319894983,-0.8630801025287844,-0.7288600274880541
GOBP_REGULATION_OF_CYTOPLASMIC_PATTERN_RECOGNITION_RECEPTOR_SIGNALING_PATHWAY,GO_BP,-1.297433719490853,-0.9998397030215924,1.4035184064344426
GOBP_REGULATION_OF_CYTOPLASMIC_TRANSLATION,GO_BP,0.9324910860733544,-1.038033844975699,0.9022964278583712
GOBP_REGULATION_OF_CYTOSOLIC_CALCIUM_ION_CONCENTRATION,GO_BP,-1.7376342308590726,0.9808983838295592,1.110509526947851
GOBP_REGULATION_OF_DEFENSE_RESPONSE_TO_VIRUS,GO_BP,-0.8657319156129123,1.1890678238144212,1.825822549287176
GOBP_REGULATION_OF_DEFENSE_RESPONSE_TO_VIRUS_BY_HOST,GO_BP,-0.8720141668498045,1.2871502968508726,1.933971593217605
GOBP_REGULATION_OF_DENDRITE_DEVELOPMENT,GO_BP,-0.9127622017533904,-0.8086631637209502,1.0852236873343972
GOBP_REGULATION_OF_DENDRITE_MORPHOGENESIS,GO_BP,-1.0034659633959242,-1.001732233883405,0.9810727956824232
GOBP_REGULATION_OF_DENDRITIC_SPINE_DEVELOPMENT,GO_BP,0.7923226667296137,-1.0355650786813453,-0.9091804598342176
GOBP_REGULATION_OF_DENDRITIC_SPINE_MORPHOGENESIS,GO_BP,-0.7769827903002068,-1.6197682686070924,-1.2494337542989091
GOBP_REGULATION_OF_DEPHOSPHORYLATION,GO_BP,0.7501153126160977,0.7239646949224893,1.147014884201596
GOBP_REGULATION_OF_DEVELOPMENTAL_GROWTH,GO_BP,-1.6842267990777582,1.3548963721161869,0.8978746990826815
GOBP_REGULATION_OF_DNA_BINDING,GO_BP,1.4528687614691622,1.2777738572613646,0.5874541154427482
GOBP_REGULATION_OF_DNA_BINDING_TRANSCRIPTION_FACTOR_ACTIVITY,GO_BP,-1.157462731372259,1.2926090849583087,0.866668320368046
GOBP_REGULATION_OF_DNA_BIOSYNTHETIC_PROCESS,GO_BP,1.7736743547093397,1.157824866155217,-1.270162197957634
GOBP_REGULATION_OF_DNA_DAMAGE_CHECKPOINT,GO_BP,1.7266572710084216,0.5438617834174597,-0.8292983793640343
GOBP_REGULATION_OF_DNA_DAMAGE_RESPONSE_SIGNAL_TRANSDUCTION_BY_P53_CLASS_MEDIATOR,GO_BP,1.1674835727418786,1.5641571386793314,0.6738344633561804
GOBP_REGULATION_OF_DNA_METABOLIC_PROCESS,GO_BP,2.137597653614771,1.1078952713527284,-0.8865806442816194
GOBP_REGULATION_OF_DNA_RECOMBINATION,GO_BP,1.721124246865139,-0.9946071327000444,1.259371915867258
GOBP_REGULATION_OF_DNA_REPAIR,GO_BP,1.7864485675303736,-1.0148871042692418,0.7362368655382199
GOBP_REGULATION_OF_DNA_REPLICATION,GO_BP,2.305482849962357,1.1464104636332042,-0.8226320271871456
GOBP_REGULATION_OF_DNA_STRAND_ELONGATION,GO_BP,1.1510295904478578,-0.6181405261507613,-0.6455252236501166
GOBP_REGULATION_OF_DNA_TEMPLATED_DNA_REPLICATION,GO_BP,2.243762119060357,0.9733162662696192,0.716581679017736
GOBP_REGULATION_OF_DNA_TEMPLATED_DNA_REPLICATION_INITIATION,GO_BP,2.176443054794052,0.5729172546027981,-1.030047878202327
GOBP_REGULATION_OF_DNA_TEMPLATED_TRANSCRIPTION_ELONGATION,GO_BP,1.5553305404207016,1.262055994703328,-0.9098360499079444
GOBP_REGULATION_OF_DNA_TEMPLATED_TRANSCRIPTION_INITIATION,GO_BP,0.9032664716294152,1.6980800837856107,1.411966784935567
GOBP_REGULATION_OF_DOUBLE_STRAND_BREAK_REPAIR,GO_BP,1.8449005184001488,-0.9931352485190248,0.8300476204904585
GOBP_REGULATION_OF_DOUBLE_STRAND_BREAK_REPAIR_VIA_HOMOLOGOUS_RECOMBINATION,GO_BP,1.7567365742577488,-0.8483354278440048,1.218368085668746
GOBP_REGULATION_OF_DOUBLE_STRAND_BREAK_REPAIR_VIA_NONHOMOLOGOUS_END_JOINING,GO_BP,1.7048067458672729,-1.2107663080148354,0.6911069521419225
GOBP_REGULATION_OF_D_GLUCOSE_IMPORT,GO_BP,-1.5565283158599696,1.2250936862480877,0.682378860644346
GOBP_REGULATION_OF_D_GLUCOSE_TRANSMEMBRANE_TRANSPORT,GO_BP,-1.750475390154449,1.295113581247003,1.1381688448704927
GOBP_REGULATION_OF_EARLY_ENDOSOME_TO_LATE_ENDOSOME_TRANSPORT,GO_BP,-0.9902245265596028,-0.8729158588897022,1.259173068445412
GOBP_REGULATION_OF_EMBRYONIC_DEVELOPMENT,GO_BP,1.4591028841594331,1.3377082839506802,-0.9353406140905212
GOBP_REGULATION_OF_ENDOCRINE_PROCESS,GO_BP,-0.8491023343938691,1.362554298375249,0.7993702130472536
GOBP_REGULATION_OF_ENDOCYTIC_RECYCLING,GO_BP,-0.907597924828864,-0.8955051025564317,0.4915524372808044
GOBP_REGULATION_OF_ENDOCYTOSIS,GO_BP,-1.392114403481347,1.150945524353648,1.5203896797493182
GOBP_REGULATION_OF_ENDOPLASMIC_RETICULUM_STRESS_INDUCED_INTRINSIC_APOPTOTIC_SIGNALING_PATHWAY,GO_BP,-1.719864882413511,0.994781308536132,-0.86672472830849
GOBP_REGULATION_OF_ENDOPLASMIC_RETICULUM_UNFOLDED_PROTEIN_RESPONSE,GO_BP,-1.607890014913438,1.3792462036466366,0.9099426717660252
GOBP_REGULATION_OF_ENDOTHELIAL_CELL_DIFFERENTIATION,GO_BP,1.2780487349250318,0.7127742821001172,0.5939553968673548
GOBP_REGULATION_OF_ENDOTHELIAL_CELL_MIGRATION,GO_BP,-1.5374312275863042,1.599973186528232,1.3308561254924616
GOBP_REGULATION_OF_EPIDERMIS_DEVELOPMENT,GO_BP,-0.9665486775963698,1.6680456547899478,0.7599940316346934
GOBP_REGULATION_OF_EPITHELIAL_CELL_APOPTOTIC_PROCESS,GO_BP,-1.417073273199189,0.9892541391511328,-0.9353216598982828
GOBP_REGULATION_OF_EPITHELIAL_CELL_DIFFERENTIATION,GO_BP,1.425638690126174,1.6912014812612297,1.0225316685616164
GOBP_REGULATION_OF_EPITHELIAL_CELL_MIGRATION,GO_BP,1.0944490811197856,1.0160006297683764,-0.6792886729419446
GOBP_REGULATION_OF_EPITHELIAL_CELL_PROLIFERATION,GO_BP,-1.5705705989278431,1.6698270769447197,1.3174004870614655
GOBP_REGULATION_OF_EPITHELIAL_TO_MESENCHYMAL_TRANSITION,GO_BP,-1.3172990126982838,1.4396004096899613,1.0774930216710703
GOBP_REGULATION_OF_ERAD_PATHWAY,GO_BP,-1.1556889891514095,1.5299771378762077,0.7044023136295627
GOBP_REGULATION_OF_ERBB_SIGNALING_PATHWAY,GO_BP,1.396917611437692,1.587646820426993,1.4016236819822887
GOBP_REGULATION_OF_ERYTHROCYTE_DIFFERENTIATION,GO_BP,0.9169445005642828,1.194091794711421,0.8034200816132298
GOBP_REGULATION_OF_ER_TO_GOLGI_VESICLE_MEDIATED_TRANSPORT,GO_BP,-1.5464502514792189,1.651470016132094,-0.7869099429705683
GOBP_REGULATION_OF_ESTABLISHMENT_OF_PROTEIN_LOCALIZATION,GO_BP,-1.04362297941483,-1.039869649990437,1.057587796345019
GOBP_REGULATION_OF_ESTABLISHMENT_OF_PROTEIN_LOCALIZATION_TO_MITOCHONDRION,GO_BP,-0.9028683465027106,-0.9609278347072154,-0.9843995910171324
GOBP_REGULATION_OF_ESTABLISHMENT_OR_MAINTENANCE_OF_CELL_POLARITY,GO_BP,-0.9030139426139088,1.3939342565858297,1.0535768156925882
GOBP_REGULATION_OF_EXECUTION_PHASE_OF_APOPTOSIS,GO_BP,-0.9745264505698246,1.433343190469519,1.2088534445102015
GOBP_REGULATION_OF_EXOCYTOSIS,GO_BP,1.166731656793672,-1.052154401227242,-0.8303084829525806
GOBP_REGULATION_OF_EXOSOMAL_SECRETION,GO_BP,-0.7678095577387867,-1.222160167743355,1.078729490590694
GOBP_REGULATION_OF_EXTENT_OF_CELL_GROWTH,GO_BP,-1.67099965043287,1.0748960640767322,-1.3582611265526885
GOBP_REGULATION_OF_EXTRACELLULAR_MATRIX_DISASSEMBLY,GO_BP,-1.594313969990505,1.611377498373784,1.370173350414665
GOBP_REGULATION_OF_EXTRACELLULAR_MATRIX_ORGANIZATION,GO_BP,-1.862181442561959,1.3349082595885058,1.2293245223386513
GOBP_REGULATION_OF_EXTRINSIC_APOPTOTIC_SIGNALING_PATHWAY,GO_BP,-1.2514583510944002,1.280613382673721,1.8789079554504249
GOBP_REGULATION_OF_EXTRINSIC_APOPTOTIC_SIGNALING_PATHWAY_IN_ABSENCE_OF_LIGAND,GO_BP,-1.1275178878579692,-1.5637535788156145,-1.0390980366611926
GOBP_REGULATION_OF_EXTRINSIC_APOPTOTIC_SIGNALING_PATHWAY_VIA_DEATH_DOMAIN_RECEPTORS,GO_BP,1.0865599065392897,1.5731000908806154,2.061903717939744
GOBP_REGULATION_OF_FATTY_ACID_BETA_OXIDATION,GO_BP,-1.2603604488466995,1.284825573616302,-0.8675989991350047
GOBP_REGULATION_OF_FATTY_ACID_BIOSYNTHETIC_PROCESS,GO_BP,0.9457775676772808,-1.2100163295536526,-0.8739112565341597
GOBP_REGULATION_OF_FATTY_ACID_METABOLIC_PROCESS,GO_BP,-0.938685957553344,-1.5089018032076968,-0.8525130817584211
GOBP_REGULATION_OF_FATTY_ACID_OXIDATION,GO_BP,-1.4872174901196218,1.0850936666430913,-0.8686053745489593
GOBP_REGULATION_OF_FATTY_ACID_TRANSPORT,GO_BP,-1.2487470063785169,-1.197666176638865,1.2432208254323545
GOBP_REGULATION_OF_FAT_CELL_DIFFERENTIATION,GO_BP,-1.2191698902157428,1.8823693350615704,0.761616568683553
GOBP_REGULATION_OF_FIBROBLAST_GROWTH_FACTOR_RECEPTOR_SIGNALING_PATHWAY,GO_BP,-1.263892840863363,1.451985702337935,0.9654938127133672
GOBP_REGULATION_OF_FIBROBLAST_MIGRATION,GO_BP,-1.320154355158574,1.075068700586326,0.9592960869724458
GOBP_REGULATION_OF_FILOPODIUM_ASSEMBLY,GO_BP,1.0574438838894626,1.1500867685937808,-1.1410033294149158
GOBP_REGULATION_OF_GENERATION_OF_PRECURSOR_METABOLITES_AND_ENERGY,GO_BP,-0.9702646976483128,1.3736453807924525,0.9283030128124852
GOBP_REGULATION_OF_GENE_SILENCING_BY_REGULATORY_NCRNA,GO_BP,-0.8423674018501762,1.1562954643744,0.818541002789615
GOBP_REGULATION_OF_GLIAL_CELL_DIFFERENTIATION,GO_BP,1.3104369343733944,2.028860734128868,0.9536616495660885
GOBP_REGULATION_OF_GLIAL_CELL_PROLIFERATION,GO_BP,-1.066159167237004,0.976199852900784,-1.0705477720292804
GOBP_REGULATION_OF_GLIOGENESIS,GO_BP,-1.1007960466975957,2.010647294733196,-1.0833603650008636
GOBP_REGULATION_OF_GLUCONEOGENESIS,GO_BP,0.9017429391774132,1.404795561278302,1.0102834243493182
GOBP_REGULATION_OF_GLUCOSE_METABOLIC_PROCESS,GO_BP,0.964264555767312,1.6187425552133317,-0.9725103689817616
GOBP_REGULATION_OF_GLYCOGEN_BIOSYNTHETIC_PROCESS,GO_BP,-1.2048348138233531,1.5892543101604977,-0.6977667762202806
GOBP_REGULATION_OF_GLYCOGEN_METABOLIC_PROCESS,GO_BP,0.8531376779121679,1.7764754135834944,-0.7082004442241888
GOBP_REGULATION_OF_GLYCOLYTIC_PROCESS,GO_BP,-1.2596362986656835,1.05189269340201,0.93289209951122
GOBP_REGULATION_OF_GLYCOPROTEIN_METABOLIC_PROCESS,GO_BP,-1.628066059207392,-0.9605396018441912,1.1055366111919425
GOBP_REGULATION_OF_GOLGI_ORGANIZATION,GO_BP,-0.7835784102012279,1.0425020692123366,0.6736081055248565
GOBP_REGULATION_OF_GRANULOCYTE_CHEMOTAXIS,GO_BP,-1.9009378367500227,1.4637249388631657,2.1155249501869
GOBP_REGULATION_OF_GTPASE_ACTIVITY,GO_BP,-1.29979780486432,1.0620925852896763,0.9006866189151488
GOBP_REGULATION_OF_G_PROTEIN_COUPLED_RECEPTOR_SIGNALING_PATHWAY,GO_BP,-1.3745539620086102,-1.022055867056154,1.3647439235573595
GOBP_REGULATION_OF_HAIR_CYCLE,GO_BP,-1.020853494916426,1.194076935385146,1.2749589227892746
GOBP_REGULATION_OF_HEART_CONTRACTION,GO_BP,-1.7104719349877595,1.538081337145907,0.8013368044895196
GOBP_REGULATION_OF_HEART_GROWTH,GO_BP,-1.341256939380773,1.8565200989333388,1.0251402163067027
GOBP_REGULATION_OF_HEART_RATE,GO_BP,-1.6781086072624696,1.4162193379245396,-0.9828461950594304
GOBP_REGULATION_OF_HEART_RATE_BY_CARDIAC_CONDUCTION,GO_BP,-1.5542422034353378,1.0100000614616464,-0.7997670489097694
GOBP_REGULATION_OF_HEMATOPOIETIC_PROGENITOR_CELL_DIFFERENTIATION,GO_BP,0.9403511360948168,1.0939750660963414,-0.7413905838604082
GOBP_REGULATION_OF_HEMATOPOIETIC_STEM_CELL_DIFFERENTIATION,GO_BP,-0.7961851411332932,0.971823052029394,1.0780884186399566
GOBP_REGULATION_OF_HEMOPOIESIS,GO_BP,-1.1117964607931965,1.4643199542592855,1.4720233219466887
GOBP_REGULATION_OF_HIPPO_SIGNALING,GO_BP,-1.148530932862016,1.5531811512301203,0.9173536280056156
GOBP_REGULATION_OF_HOMOTYPIC_CELL_CELL_ADHESION,GO_BP,0.8689766978307624,-1.123350334745682,0.9976303157887187
GOBP_REGULATION_OF_HORMONE_BIOSYNTHETIC_PROCESS,GO_BP,-1.248667657169248,1.985177247191312,1.3205624217309118
GOBP_REGULATION_OF_HORMONE_LEVELS,GO_BP,-1.2166747314805595,1.160338004185017,1.1758751911865255
GOBP_REGULATION_OF_HORMONE_METABOLIC_PROCESS,GO_BP,-1.3223637414845937,2.016931318078557,1.1111597681800682
GOBP_REGULATION_OF_HORMONE_SECRETION,GO_BP,1.0315167480864773,1.1459514702293585,0.918422788682503
GOBP_REGULATION_OF_HUMORAL_IMMUNE_RESPONSE,GO_BP,-1.3149014898040314,0.8692132233624622,1.5662923288596686
GOBP_REGULATION_OF_HYDROLASE_ACTIVITY,GO_BP,-1.2947695637140209,0.9001460905454247,0.9487533653702
GOBP_REGULATION_OF_IMMUNE_EFFECTOR_PROCESS,GO_BP,-1.054478735615689,1.3352304273936928,1.8196713973988008
GOBP_REGULATION_OF_IMMUNOGLOBULIN_PRODUCTION,GO_BP,1.2475506713286375,-1.0472939168269348,1.051453758223703
GOBP_REGULATION_OF_INCLUSION_BODY_ASSEMBLY,GO_BP,-1.183754351749525,-1.8865107677627968,0.7136955370635899
GOBP_REGULATION_OF_INFLAMMASOME_MEDIATED_SIGNALING_PATHWAY,GO_BP,-1.1409759847461864,1.1944079241602732,1.1423858732574588
GOBP_REGULATION_OF_INFLAMMATORY_RESPONSE,GO_BP,-1.2784428006002622,1.33457786459396,2.0191038675912343
GOBP_REGULATION_OF_INFLAMMATORY_RESPONSE_TO_ANTIGENIC_STIMULUS,GO_BP,-1.4460614787199673,-0.7987229032226902,1.6854615986576975
GOBP_REGULATION_OF_INNATE_IMMUNE_RESPONSE,GO_BP,-1.2349650201912858,1.332361197419031,1.813670997354749
GOBP_REGULATION_OF_INSULIN_RECEPTOR_SIGNALING_PATHWAY,GO_BP,-0.9686769349920304,0.8668699208440762,-0.5768674787205336
GOBP_REGULATION_OF_INSULIN_SECRETION,GO_BP,0.9755617472765096,1.0939213633169478,0.7881879077332178
GOBP_REGULATION_OF_INTEGRIN_MEDIATED_SIGNALING_PATHWAY,GO_BP,-1.300036782545755,0.7307557694547536,1.1929597922569346
GOBP_REGULATION_OF_INTRACELLULAR_ESTROGEN_RECEPTOR_SIGNALING_PATHWAY,GO_BP,-0.783929480575999,0.9788336796152584,0.9399598063052446
GOBP_REGULATION_OF_INTRACELLULAR_PROTEIN_TRANSPORT,GO_BP,0.960748790547816,1.0012887232268115,1.421313206851824
GOBP_REGULATION_OF_INTRACELLULAR_STEROID_HORMONE_RECEPTOR_SIGNALING_PATHWAY,GO_BP,0.8808287565755866,1.262103839026539,-0.7640013023930344
GOBP_REGULATION_OF_INTRACELLULAR_TRANSPORT,GO_BP,-0.9696133261212012,1.0855249000588432,1.2815598944039908
GOBP_REGULATION_OF_INTRINSIC_APOPTOTIC_SIGNALING_PATHWAY,GO_BP,-1.214776874046042,1.658657943444136,1.047149327852411
GOBP_REGULATION_OF_INTRINSIC_APOPTOTIC_SIGNALING_PATHWAY_BY_P53_CLASS_MEDIATOR,GO_BP,1.3411850839443626,-0.8947928143026911,1.104757091235678
GOBP_REGULATION_OF_INTRINSIC_APOPTOTIC_SIGNALING_PATHWAY_IN_RESPONSE_TO_DNA_DAMAGE,GO_BP,1.0449083000410986,1.225109118485425,-0.8958337577665956
GOBP_REGULATION_OF_IRE1_MEDIATED_UNFOLDED_PROTEIN_RESPONSE,GO_BP,-1.0156690225406475,0.8489296136732715,-0.8102411243715718
GOBP_REGULATION_OF_ISOTYPE_SWITCHING,GO_BP,1.0512622715486808,-1.0791161311340192,1.0204463601339606
GOBP_REGULATION_OF_JNK_CASCADE,GO_BP,-1.204911777597878,1.3484793922694134,0.9654292116535848
GOBP_REGULATION_OF_JUN_KINASE_ACTIVITY,GO_BP,0.6857246874124827,0.6233255661783964,0.8640443022498963
GOBP_REGULATION_OF_KERATINOCYTE_DIFFERENTIATION,GO_BP,-1.1263859042954638,1.7070392025423995,1.241613285890962
GOBP_REGULATION_OF_KERATINOCYTE_PROLIFERATION,GO_BP,-1.6244490857702016,1.5866486873517651,-0.941212436665656
GOBP_REGULATION_OF_KETONE_BIOSYNTHETIC_PROCESS,GO_BP,-1.4219761036081522,1.4860229837500891,0.8108980454693506
GOBP_REGULATION_OF_KETONE_METABOLIC_PROCESS,GO_BP,-1.1838108790124269,-1.200494933392774,0.7000684205401342
GOBP_REGULATION_OF_KIDNEY_DEVELOPMENT,GO_BP,-0.8128976109828966,2.0610592536445984,0.9297530315554904
GOBP_REGULATION_OF_KINASE_ACTIVITY,GO_BP,1.1503844684884732,1.6337001291902915,1.2430804035736047
GOBP_REGULATION_OF_LAMELLIPODIUM_ASSEMBLY,GO_BP,1.0699504138433995,-1.0291056853517184,-1.067043395602557
GOBP_REGULATION_OF_LAMELLIPODIUM_ORGANIZATION,GO_BP,0.9463678863394404,-1.0135505280006112,0.9853933274492572
GOBP_REGULATION_OF_LEUKOCYTE_ADHESION_TO_VASCULAR_ENDOTHELIAL_CELL,GO_BP,-1.5344494494283776,1.5304819415318598,0.8654233815486019
GOBP_REGULATION_OF_LEUKOCYTE_APOPTOTIC_PROCESS,GO_BP,-1.4642788670777862,0.928289396260924,1.195772392597762
GOBP_REGULATION_OF_LEUKOCYTE_CHEMOTAXIS,GO_BP,-1.6201128343650817,1.6738623303900828,1.9572679896764136
GOBP_REGULATION_OF_LEUKOCYTE_DEGRANULATION,GO_BP,1.6075169261183355,1.0389952547484294,-0.9513567977923588
GOBP_REGULATION_OF_LEUKOCYTE_DIFFERENTIATION,GO_BP,-1.0430504296173009,1.5546405881804892,1.5575690350131994
GOBP_REGULATION_OF_LEUKOCYTE_MEDIATED_IMMUNITY,GO_BP,1.0109488745424056,1.125726040475209,1.842116352875149
GOBP_REGULATION_OF_LEUKOCYTE_MIGRATION,GO_BP,-1.365229426490285,1.6281280105510958,2.0123233402779297
GOBP_REGULATION_OF_LEUKOCYTE_PROLIFERATION,GO_BP,-1.4138551589208188,1.2447270823125216,1.8534820203238007
GOBP_REGULATION_OF_LIPID_BIOSYNTHETIC_PROCESS,GO_BP,-1.3962306631300785,1.0757402366187403,1.313683432380505
GOBP_REGULATION_OF_LIPID_CATABOLIC_PROCESS,GO_BP,-1.443079236184977,0.9880572157242404,-0.9477152009240476
GOBP_REGULATION_OF_LIPID_LOCALIZATION,GO_BP,-1.5323886928728148,-1.3522672426781093,1.7048004667146188
GOBP_REGULATION_OF_LIPID_METABOLIC_PROCESS,GO_BP,-1.520715832241261,1.2663093819324331,1.1310789040052665
GOBP_REGULATION_OF_LIPID_STORAGE,GO_BP,-1.4998054922519566,-1.3332124231714062,2.0803767740233456
GOBP_REGULATION_OF_LIPOPOLYSACCHARIDE_MEDIATED_SIGNALING_PATHWAY,GO_BP,-0.9526792520826844,-0.8928822995931759,1.5253021607768438
GOBP_REGULATION_OF_LONG_TERM_NEURONAL_SYNAPTIC_PLASTICITY,GO_BP,-0.8565840334648763,-0.7033206845635164,1.1514475515307452
GOBP_REGULATION_OF_LONG_TERM_SYNAPTIC_POTENTIATION,GO_BP,-1.1068578419752917,-1.1600080909598378,0.7880668872679578
GOBP_REGULATION_OF_LYMPHOCYTE_ACTIVATION,GO_BP,-1.096807081585764,1.3825433816668908,1.7626416330640249
GOBP_REGULATION_OF_LYMPHOCYTE_APOPTOTIC_PROCESS,GO_BP,-0.9988292694832918,1.0998329802386335,1.1480094135357355
GOBP_REGULATION_OF_LYMPHOCYTE_DIFFERENTIATION,GO_BP,1.025547805619032,1.44473665538111,1.4788863787803337
GOBP_REGULATION_OF_LYMPHOCYTE_MEDIATED_IMMUNITY,GO_BP,-1.0316794820988016,0.7878936189139084,1.4944332022695368
GOBP_REGULATION_OF_LYMPHOCYTE_MIGRATION,GO_BP,-1.196205267151264,0.9582476387115122,1.71344399618773
GOBP_REGULATION_OF_LYSOSOMAL_LUMEN_PH,GO_BP,-1.770472957712531,0.9128120429420692,1.0112124573833574
GOBP_REGULATION_OF_MACROAUTOPHAGY,GO_BP,-0.8687400324292975,1.338600021217579,0.7583359844769368
GOBP_REGULATION_OF_MACROPHAGE_ACTIVATION,GO_BP,-1.0970920761232716,1.3416940838531908,1.2649839757035302
GOBP_REGULATION_OF_MACROPHAGE_CHEMOTAXIS,GO_BP,-1.7154759884931687,1.3865690298180315,1.8602925180101648
GOBP_REGULATION_OF_MACROPHAGE_DERIVED_FOAM_CELL_DIFFERENTIATION,GO_BP,-1.2472545971134652,-1.6621332828952724,1.837961673375429
GOBP_REGULATION_OF_MACROPHAGE_DIFFERENTIATION,GO_BP,-0.7519661097826824,1.948686216740416,1.6697848434843443
GOBP_REGULATION_OF_MACROPHAGE_MIGRATION,GO_BP,-1.7779685982954,1.1093672579800282,1.8090736317967069
GOBP_REGULATION_OF_MAP_KINASE_ACTIVITY,GO_BP,-1.363274526454408,1.5112451049415474,1.0559928406490118
GOBP_REGULATION_OF_MAST_CELL_DEGRANULATION,GO_BP,1.5660141369243017,0.9324454448890296,-0.9244407635325864
GOBP_REGULATION_OF_MEGAKARYOCYTE_DIFFERENTIATION,GO_BP,0.9111682636339092,-1.1470914861091484,-1.176649120130278
GOBP_REGULATION_OF_MEIOTIC_CELL_CYCLE,GO_BP,1.5412407554904564,1.1825378372843347,0.7528056574373257
GOBP_REGULATION_OF_MEIOTIC_NUCLEAR_DIVISION,GO_BP,1.3124957933767474,1.4181424387933763,1.3878165041967034
GOBP_REGULATION_OF_MEMBRANE_DEPOLARIZATION,GO_BP,-1.377898959159889,-1.2682518888480534,0.7595125941704844
GOBP_REGULATION_OF_MEMBRANE_LIPID_DISTRIBUTION,GO_BP,-1.5265131180350802,1.0752326911191503,1.2138088391705553
GOBP_REGULATION_OF_MEMBRANE_PERMEABILITY,GO_BP,-0.9222112340524083,0.9705001394713432,1.2906005533956486
GOBP_REGULATION_OF_MEMBRANE_POTENTIAL,GO_BP,-1.550131278783578,1.235500707623414,1.0845696443497244
GOBP_REGULATION_OF_MEMBRANE_PROTEIN_ECTODOMAIN_PROTEOLYSIS,GO_BP,-1.083201381550302,0.8291341967170428,0.8258013783429994
GOBP_REGULATION_OF_MEMBRANE_REPOLARIZATION,GO_BP,-1.667005548215294,-0.8557742450680079,1.0497753064619129
GOBP_REGULATION_OF_MESENCHYMAL_CELL_PROLIFERATION,GO_BP,-1.4154503416549349,1.7821873564071071,-1.0375191348484667
GOBP_REGULATION_OF_MICROTUBULE_BASED_MOVEMENT,GO_BP,-1.026119761528893,-0.8791256763472404,-1.0827366050744558
GOBP_REGULATION_OF_MICROTUBULE_BASED_PROCESS,GO_BP,1.6134331047967407,0.8082987030510117,-0.9428339805097388
GOBP_REGULATION_OF_MICROTUBULE_CYTOSKELETON_ORGANIZATION,GO_BP,1.483629276695781,-1.1033090239367636,-0.9778250318698528
GOBP_REGULATION_OF_MICROTUBULE_DEPOLYMERIZATION,GO_BP,1.232131342232933,1.016041245894647,0.9588339203649124
GOBP_REGULATION_OF_MICROTUBULE_NUCLEATION,GO_BP,1.009991775853778,-2.1134472589665565,-1.624490810711984
GOBP_REGULATION_OF_MICROTUBULE_POLYMERIZATION,GO_BP,1.1343028386202465,-1.6488988123294237,-1.3521625077213664
GOBP_REGULATION_OF_MICROTUBULE_POLYMERIZATION_OR_DEPOLYMERIZATION,GO_BP,1.3536638187442005,-1.3611259918983654,-1.090109945142076
GOBP_REGULATION_OF_MIRNA_METABOLIC_PROCESS,GO_BP,-1.2784016085702743,2.103032448138239,1.4625750074621242
GOBP_REGULATION_OF_MITOCHONDRIAL_DEPOLARIZATION,GO_BP,-1.607457641930979,-1.2110483550101008,0.7899727629047176
GOBP_REGULATION_OF_MITOCHONDRIAL_FISSION,GO_BP,-1.278742976274195,-0.9508525808706472,0.5826673890962083
GOBP_REGULATION_OF_MITOCHONDRIAL_GENE_EXPRESSION,GO_BP,1.0585667237813678,1.0283148398783823,-0.5959722813563506
GOBP_REGULATION_OF_MITOCHONDRIAL_MEMBRANE_PERMEABILITY,GO_BP,-0.8404150324733899,1.0544734731473429,1.1744498046990433
GOBP_REGULATION_OF_MITOCHONDRIAL_MEMBRANE_PERMEABILITY_INVOLVED_IN_APOPTOTIC_PROCESS,GO_BP,-0.7042977340052978,-1.0082661351211228,1.1616778652598052
GOBP_REGULATION_OF_MITOCHONDRIAL_MEMBRANE_POTENTIAL,GO_BP,-1.0713117836549046,-1.0190116464383592,0.6901153971146267
GOBP_REGULATION_OF_MITOCHONDRIAL_OUTER_MEMBRANE_PERMEABILIZATION_INVOLVED_IN_APOPTOTIC_SIGNALING_PATHWAY,GO_BP,-0.9032401088065491,0.958269067821786,1.381062381246712
GOBP_REGULATION_OF_MITOCHONDRIAL_TRANSLATION,GO_BP,1.174282357637411,0.7753494763350047,-0.7065914360517392
GOBP_REGULATION_OF_MITOCHONDRION_ORGANIZATION,GO_BP,-1.0173605978721525,0.966844698351106,1.2979937330668458
GOBP_REGULATION_OF_MITOTIC_CELL_CYCLE,GO_BP,2.034052299174637,1.271554788041293,0.948852278094256
GOBP_REGULATION_OF_MITOTIC_CELL_CYCLE_PHASE_TRANSITION,GO_BP,2.1782383804665577,1.1649730199745725,1.033948032617822
GOBP_REGULATION_OF_MITOTIC_CYTOKINESIS,GO_BP,1.947018831588604,-0.7080079991101135,-0.928618567858971
GOBP_REGULATION_OF_MITOTIC_NUCLEAR_DIVISION,GO_BP,2.5960208460853,0.7154125206643486,-1.511452363267046
GOBP_REGULATION_OF_MITOTIC_SISTER_CHROMATID_SEGREGATION,GO_BP,2.6248652194936413,-0.6524679045444242,-1.5428429483818653
GOBP_REGULATION_OF_MITOTIC_SPINDLE_ASSEMBLY,GO_BP,0.8672902301468234,-1.7426507091549526,-1.088846671156214
GOBP_REGULATION_OF_MONOATOMIC_ION_TRANSMEMBRANE_TRANSPORT,GO_BP,-1.4711671223526486,-1.0950474310371552,1.1400251911401806
GOBP_REGULATION_OF_MONOATOMIC_ION_TRANSPORT,GO_BP,-1.4546742403875257,1.0275066755062003,1.3659231354527408
GOBP_REGULATION_OF_MONOCYTE_CHEMOTAXIS,GO_BP,-1.0465133997430969,2.048607637282163,1.2098002924131297
GOBP_REGULATION_OF_MONOCYTE_DIFFERENTIATION,GO_BP,-0.9889610348302976,1.7892998776645244,1.7874513489266637
GOBP_REGULATION_OF_MONONUCLEAR_CELL_MIGRATION,GO_BP,-1.4117478881518235,1.5115334527604498,1.800950373993633
GOBP_REGULATION_OF_MORPHOGENESIS_OF_AN_EPITHELIUM,GO_BP,-1.432100912154718,1.6276275633134776,1.1806841669919417
GOBP_REGULATION_OF_MORPHOGENESIS_OF_A_BRANCHING_STRUCTURE,GO_BP,-1.5728920142113545,1.5452191023326285,1.0533579734912115
GOBP_REGULATION_OF_MRNA_3_END_PROCESSING,GO_BP,1.4651610321140047,1.3328277706340754,-1.2769605817771588
GOBP_REGULATION_OF_MRNA_CATABOLIC_PROCESS,GO_BP,1.1583379568452747,1.4393357181481394,1.026049273834072
GOBP_REGULATION_OF_MRNA_METABOLIC_PROCESS,GO_BP,1.606841322766335,1.7410621999836122,0.9721642858503392
GOBP_REGULATION_OF_MRNA_PROCESSING,GO_BP,1.9403524001183572,1.8289566644457893,0.6118071144103049
GOBP_REGULATION_OF_MRNA_SPLICING_VIA_SPLICEOSOME,GO_BP,1.8592726006814,1.8375419493084475,0.7102875083952181
GOBP_REGULATION_OF_MULTICELLULAR_ORGANISM_GROWTH,GO_BP,-1.163514919953646,0.824005565393216,1.1973309604310347
GOBP_REGULATION_OF_MUSCLE_ADAPTATION,GO_BP,-1.7182153070268542,1.144373030908585,0.8659596564041527
GOBP_REGULATION_OF_MUSCLE_CELL_DIFFERENTIATION,GO_BP,-1.4356900826842691,1.863905917879672,-0.7549824204464762
GOBP_REGULATION_OF_MUSCLE_CONTRACTION,GO_BP,-1.5281500884926698,1.3863532829148144,1.1398484001839837
GOBP_REGULATION_OF_MUSCLE_HYPERTROPHY,GO_BP,-1.619722852200412,1.10510719194085,1.0792412168614232
GOBP_REGULATION_OF_MUSCLE_ORGAN_DEVELOPMENT,GO_BP,-1.24118336774247,0.8250169393602893,-1.155202014064524
GOBP_REGULATION_OF_MUSCLE_SYSTEM_PROCESS,GO_BP,-1.735568884385258,1.335732820062741,1.1489461122894205
GOBP_REGULATION_OF_MYELINATION,GO_BP,-0.95698908278697,1.2585229624204757,-0.9914889116362964
GOBP_REGULATION_OF_MYELOID_CELL_DIFFERENTIATION,GO_BP,-1.247932897719061,1.4301768189315731,1.2085802775629648
GOBP_REGULATION_OF_MYELOID_LEUKOCYTE_DIFFERENTIATION,GO_BP,-1.1954449445184474,1.7333820570662746,1.3500071330993169
GOBP_REGULATION_OF_MYELOID_LEUKOCYTE_MEDIATED_IMMUNITY,GO_BP,1.4110414891631395,1.0372316724111146,2.033700490967466
GOBP_REGULATION_OF_MYOBLAST_DIFFERENTIATION,GO_BP,-0.948026046930962,-1.1683779652944104,-0.9699046072840336
GOBP_REGULATION_OF_MYOTUBE_DIFFERENTIATION,GO_BP,-1.3804933845384104,1.473048856912062,0.6489345418681999
GOBP_REGULATION_OF_NATURAL_KILLER_CELL_ACTIVATION,GO_BP,-0.7930497073580988,-0.8248192640395714,1.1921758528948851
GOBP_REGULATION_OF_NATURAL_KILLER_CELL_MEDIATED_IMMUNITY,GO_BP,-1.416504781018944,0.6597732160882146,1.3636555638533816
GOBP_REGULATION_OF_NECROPTOTIC_PROCESS,GO_BP,-1.1529639246435066,1.26846842256072,1.5594460243714243
GOBP_REGULATION_OF_NERVOUS_SYSTEM_DEVELOPMENT,GO_BP,-1.4629158982915147,1.4526806227824418,-1.13683412520687
GOBP_REGULATION_OF_NERVOUS_SYSTEM_PROCESS,GO_BP,1.2904386825230725,1.2307362044022927,0.9805316010191256
GOBP_REGULATION_OF_NEURAL_PRECURSOR_CELL_PROLIFERATION,GO_BP,1.1179908861217582,1.098610280546478,-0.7744597015787488
GOBP_REGULATION_OF_NEUROBLAST_PROLIFERATION,GO_BP,1.3656568019546602,-0.8899891162982816,-0.7689215302395251
GOBP_REGULATION_OF_NEUROGENESIS,GO_BP,-1.4351064861930407,1.5312539914127952,-1.113167193140869
GOBP_REGULATION_OF_NEUROINFLAMMATORY_RESPONSE,GO_BP,-1.1945248175161771,1.098803692242909,1.0658455564599405
GOBP_REGULATION_OF_NEURONAL_SYNAPTIC_PLASTICITY,GO_BP,-0.8970421154930934,-1.206139036083431,1.113700755860496
GOBP_REGULATION_OF_NEURON_APOPTOTIC_PROCESS,GO_BP,-1.3856487003516835,1.2345792541680742,1.0274762218975555
GOBP_REGULATION_OF_NEURON_DIFFERENTIATION,GO_BP,1.0955568299423468,1.6314042044568398,-1.22601517463841
GOBP_REGULATION_OF_NEURON_MIGRATION,GO_BP,-1.4500608782834787,0.7250928187568243,-0.9184368556281785
GOBP_REGULATION_OF_NEURON_PROJECTION_DEVELOPMENT,GO_BP,-1.62067461211977,1.1676680755679971,0.7459626486253869
GOBP_REGULATION_OF_NEURON_PROJECTION_REGENERATION,GO_BP,0.907140595376893,-1.118567296845713,-0.7479315226668857
GOBP_REGULATION_OF_NEUROTRANSMITTER_RECEPTOR_ACTIVITY,GO_BP,1.1642807308046783,1.3499228348205727,-1.080949536080983
GOBP_REGULATION_OF_NEUROTRANSMITTER_SECRETION,GO_BP,-0.931857128478656,-0.8889112589850294,-1.056042572982124
GOBP_REGULATION_OF_NEUROTRANSMITTER_TRANSPORT,GO_BP,0.9742122189686424,-0.9737209342612556,-0.9599528155459206
GOBP_REGULATION_OF_NEUTROPHIL_CHEMOTAXIS,GO_BP,-1.5414036541886582,-0.8196325212902358,1.4661321755385135
GOBP_REGULATION_OF_NEUTROPHIL_MIGRATION,GO_BP,-1.171915982642846,-0.8120464651144281,1.4013893402222486
GOBP_REGULATION_OF_NITRIC_OXIDE_METABOLIC_PROCESS,GO_BP,-1.5643723242241894,1.2318495463912154,1.6245761504711669
GOBP_REGULATION_OF_NON_CANONICAL_NF_KAPPAB_SIGNAL_TRANSDUCTION,GO_BP,-0.8237608765755007,1.545698630933651,0.8729161078979144
GOBP_REGULATION_OF_NON_CANONICAL_WNT_SIGNALING_PATHWAY,GO_BP,-1.5646362218937138,1.1240938762742416,-1.062548672050832
GOBP_REGULATION_OF_NOTCH_SIGNALING_PATHWAY,GO_BP,1.1020637801707722,1.0872948240096036,1.3440439670891522
GOBP_REGULATION_OF_NUCLEAR_DIVISION,GO_BP,2.38763124247922,0.9240062195758224,-1.210061544407678
GOBP_REGULATION_OF_NUCLEAR_TRANSCRIBED_MRNA_CATABOLIC_PROCESS_DEADENYLATION_DEPENDENT_DECAY,GO_BP,-0.7491550197946768,1.9306546131592843,0.6342781756967675
GOBP_REGULATION_OF_NUCLEAR_TRANSCRIBED_MRNA_CATABOLIC_PROCESS_NONSENSE_MEDIATED_DECAY,GO_BP,1.0750622454361765,1.0055597156646263,0.5146411176007643
GOBP_REGULATION_OF_NUCLEOBASE_CONTAINING_COMPOUND_TRANSPORT,GO_BP,1.288812212864804,1.6606908891136811,0.9722440013062504
GOBP_REGULATION_OF_NUCLEOCYTOPLASMIC_TRANSPORT,GO_BP,1.172868106976067,1.0520677926660582,1.3958864708186354
GOBP_REGULATION_OF_NUCLEOTIDE_BIOSYNTHETIC_PROCESS,GO_BP,1.227461311218235,0.8689350248224252,0.8165879503337004
GOBP_REGULATION_OF_NUCLEOTIDE_EXCISION_REPAIR,GO_BP,1.2510351535923232,-0.7796588364091724,-0.947133147466147
GOBP_REGULATION_OF_NUCLEOTIDE_METABOLIC_PROCESS,GO_BP,-0.9844161545738128,0.9545849805786653,0.9974449713479628
GOBP_REGULATION_OF_OLIGODENDROCYTE_DIFFERENTIATION,GO_BP,1.1413499036735062,1.8583537130221552,0.9296663628869452
GOBP_REGULATION_OF_ORGANELLE_ASSEMBLY,GO_BP,1.076534101037032,0.9116783718593358,0.6445086582405062
GOBP_REGULATION_OF_ORGANIC_ACID_TRANSPORT,GO_BP,-1.4186935037986446,1.3197028294878286,1.309149694183658
GOBP_REGULATION_OF_ORGAN_GROWTH,GO_BP,-1.488547073113193,1.7105892505113147,1.167523979635157
GOBP_REGULATION_OF_OSSIFICATION,GO_BP,-1.4361162892361086,1.849837023866104,-0.8704659782913213
GOBP_REGULATION_OF_OSTEOBLAST_DIFFERENTIATION,GO_BP,-1.1727150180521448,2.1913531651677043,1.2106530721804418
GOBP_REGULATION_OF_OSTEOBLAST_PROLIFERATION,GO_BP,-1.6071728390055025,1.664097593511607,1.2534808076296748
GOBP_REGULATION_OF_OSTEOCLAST_DIFFERENTIATION,GO_BP,-1.1860130777231934,1.3351250230550589,1.1967426854988994
GOBP_REGULATION_OF_OXIDATIVE_PHOSPHORYLATION,GO_BP,-1.3921171839891957,0.5943329763649196,-0.7394527437589222
GOBP_REGULATION_OF_OXIDATIVE_STRESS_INDUCED_INTRINSIC_APOPTOTIC_SIGNALING_PATHWAY,GO_BP,-1.0617767436178367,1.6290716253230555,0.7571394817815412
GOBP_REGULATION_OF_P38MAPK_CASCADE,GO_BP,1.0738651801338577,1.9963025314978,1.2513554001353175
GOBP_REGULATION_OF_PATTERN_RECOGNITION_RECEPTOR_SIGNALING_PATHWAY,GO_BP,-1.231221612391516,0.9509942278604376,1.4859129632820096
GOBP_REGULATION_OF_PEPTIDE_TRANSPORT,GO_BP,1.2418478460126492,0.9901746520748984,0.803125643597
GOBP_REGULATION_OF_PEPTIDYL_SERINE_PHOSPHORYLATION,GO_BP,1.070998541702764,1.7241732526288314,0.9938951461133664
GOBP_REGULATION_OF_PEPTIDYL_TYROSINE_PHOSPHORYLATION,GO_BP,-1.298962111647438,1.6123005302640443,1.67709362468964
GOBP_REGULATION_OF_PERK_MEDIATED_UNFOLDED_PROTEIN_RESPONSE,GO_BP,-1.2477357810376928,1.8626200085998967,0.921807802125846
GOBP_REGULATION_OF_PH,GO_BP,-1.372699129504246,-1.1628780742751206,0.6542854521170224
GOBP_REGULATION_OF_PHAGOCYTOSIS,GO_BP,-1.036505288437478,1.5363462586842405,2.085345586189315
GOBP_REGULATION_OF_PHOSPHOLIPID_METABOLIC_PROCESS,GO_BP,-1.317882469532392,-2.008645610510144,1.0103887398922868
GOBP_REGULATION_OF_PHOSPHORYLATION,GO_BP,-1.292782274394686,1.7773445021153151,1.4812180499829315
GOBP_REGULATION_OF_PLASMA_LIPOPROTEIN_PARTICLE_LEVELS,GO_BP,-1.566220899915647,-1.1180390179801103,0.9401433019033952
GOBP_REGULATION_OF_PLASMA_MEMBRANE_ORGANIZATION,GO_BP,-1.0014789046578851,1.0794833266511237,1.3193509077160934
GOBP_REGULATION_OF_PLASMINOGEN_ACTIVATION,GO_BP,1.1801208017525784,1.5114991079522158,1.4405549641079234
GOBP_REGULATION_OF_PLATELET_ACTIVATION,GO_BP,-1.3342459336299066,1.2145747731395429,1.36372303096242
GOBP_REGULATION_OF_PLATELET_AGGREGATION,GO_BP,0.8294459695897292,-1.104269021253731,1.2236159701035756
GOBP_REGULATION_OF_PLATELET_DERIVED_GROWTH_FACTOR_RECEPTOR_SIGNALING_PATHWAY,GO_BP,-1.085701569481336,-1.042453984222002,-0.9366615836912068
GOBP_REGULATION_OF_POLYSACCHARIDE_BIOSYNTHETIC_PROCESS,GO_BP,-1.0745221205229898,1.4254525485249154,0.8598774269708125
GOBP_REGULATION_OF_POLYSACCHARIDE_METABOLIC_PROCESS,GO_BP,0.9805145124151968,1.6135290174984156,0.8340437877620109
GOBP_REGULATION_OF_POSITIVE_CHEMOTAXIS,GO_BP,0.9024023501867614,-0.9886291908131524,-1.1653743970292378
GOBP_REGULATION_OF_POSTSYNAPSE_ASSEMBLY,GO_BP,1.3310104643429852,-1.4221992667897514,1.165478740073607
GOBP_REGULATION_OF_POSTSYNAPSE_ORGANIZATION,GO_BP,-1.2643348870223103,-1.381456216299165,-0.9016756255369034
GOBP_REGULATION_OF_POSTSYNAPTIC_MEMBRANE_NEUROTRANSMITTER_RECEPTOR_LEVELS,GO_BP,-0.9036862351933408,0.9602278012176446,0.966352742867553
GOBP_REGULATION_OF_POSTSYNAPTIC_MEMBRANE_POTENTIAL,GO_BP,-1.1513814166161769,1.212053048263675,0.8736293249476331
GOBP_REGULATION_OF_POSTSYNAPTIC_NEUROTRANSMITTER_RECEPTOR_INTERNALIZATION,GO_BP,-1.092073155283055,0.8032231378647967,0.7584530687376303
GOBP_REGULATION_OF_POST_TRANSLATIONAL_PROTEIN_MODIFICATION,GO_BP,-1.0761080613319634,1.1738817306897678,1.517211190876578
GOBP_REGULATION_OF_POTASSIUM_ION_TRANSMEMBRANE_TRANSPORT,GO_BP,-1.4869685351174171,1.0947079608080437,1.1632201380857417
GOBP_REGULATION_OF_POTASSIUM_ION_TRANSPORT,GO_BP,-1.4548182395800393,1.0508418192028075,0.9870200274109328
GOBP_REGULATION_OF_PRESYNAPSE_ORGANIZATION,GO_BP,0.7136868803253617,-0.6796595003593098,-0.5156973270543956
GOBP_REGULATION_OF_PRODUCTION_OF_MOLECULAR_MEDIATOR_OF_IMMUNE_RESPONSE,GO_BP,0.9639633017132416,1.163587525889008,1.211005889340687
GOBP_REGULATION_OF_PROGRAMMED_NECROTIC_CELL_DEATH,GO_BP,-1.511108043371315,0.9022377523842008,1.4072569986880268
GOBP_REGULATION_OF_PROTEASOMAL_UBIQUITIN_DEPENDENT_PROTEIN_CATABOLIC_PROCESS,GO_BP,0.944993087422135,1.014802299342059,-0.6626506955385769
GOBP_REGULATION_OF_PROTEIN_BINDING,GO_BP,0.9550383636419794,-1.002964074790757,-1.0975752499800124
GOBP_REGULATION_OF_PROTEIN_CATABOLIC_PROCESS,GO_BP,-1.1538104926074917,1.1618868102590425,1.0332193341535238
GOBP_REGULATION_OF_PROTEIN_CONTAINING_COMPLEX_ASSEMBLY,GO_BP,-1.1435632604422332,-1.250088730613219,1.001450479710442
GOBP_REGULATION_OF_PROTEIN_CONTAINING_COMPLEX_DISASSEMBLY,GO_BP,1.0423903138409305,1.216871878954501,1.0780392057906836
GOBP_REGULATION_OF_PROTEIN_DEACETYLATION,GO_BP,1.1741164799319326,1.331990038768002,-0.929505072499302
GOBP_REGULATION_OF_PROTEIN_DEPOLYMERIZATION,GO_BP,1.1036415168906246,0.8379781406949469,0.9761245396398872
GOBP_REGULATION_OF_PROTEIN_EXIT_FROM_ENDOPLASMIC_RETICULUM,GO_BP,-1.4157588533273384,1.3622191958686225,0.8835144989598395
GOBP_REGULATION_OF_PROTEIN_EXPORT_FROM_NUCLEUS,GO_BP,1.3791914790902648,-0.800197959910349,-0.8257005365316875
GOBP_REGULATION_OF_PROTEIN_IMPORT_INTO_NUCLEUS,GO_BP,-0.9380546764023926,-0.9394479383701502,1.5793172110065596
GOBP_REGULATION_OF_PROTEIN_LOCALIZATION_TO_CELL_PERIPHERY,GO_BP,-1.1768857539775963,0.8644696248691034,1.0544049310874126
GOBP_REGULATION_OF_PROTEIN_LOCALIZATION_TO_CELL_SURFACE,GO_BP,1.087233928086161,1.0903537788537898,0.9859040241013408
GOBP_REGULATION_OF_PROTEIN_LOCALIZATION_TO_MEMBRANE,GO_BP,-1.3485374535350767,0.9521377760981682,0.9545443414333108
GOBP_REGULATION_OF_PROTEIN_LOCALIZATION_TO_NUCLEUS,GO_BP,-1.0897691307860464,1.2737373932528977,1.4107973611504447
GOBP_REGULATION_OF_PROTEIN_LOCALIZATION_TO_PLASMA_MEMBRANE,GO_BP,-1.2943656073980254,1.0605535225932463,1.0397963645056898
GOBP_REGULATION_OF_PROTEIN_LOCALIZATION_TO_SYNAPSE,GO_BP,-0.903297912654526,-0.9590844003932232,1.0365067374375292
GOBP_REGULATION_OF_PROTEIN_MATURATION,GO_BP,-1.25218002567895,1.593672875899973,1.0812690971040018
GOBP_REGULATION_OF_PROTEIN_NEDDYLATION,GO_BP,1.2206300553085432,1.1826088990498185,-0.671299451172495
GOBP_REGULATION_OF_PROTEIN_POLYMERIZATION,GO_BP,0.9736129230575156,-1.5835799267531627,0.8271968550168821
GOBP_REGULATION_OF_PROTEIN_POLYUBIQUITINATION,GO_BP,0.9794822162685636,1.1042012526592573,0.5826604123863289
GOBP_REGULATION_OF_PROTEIN_SECRETION,GO_BP,0.8729818366780855,-1.0699914062889695,0.8141830010030131
GOBP_REGULATION_OF_PROTEIN_SERINE_THREONINE_KINASE_ACTIVITY,GO_BP,-1.1377102252782028,1.508044739893475,1.2506327410542817
GOBP_REGULATION_OF_PROTEIN_STABILITY,GO_BP,1.027595819045476,0.9941218289525842,0.6667389735692486
GOBP_REGULATION_OF_PROTEIN_SUMOYLATION,GO_BP,0.8731176188020692,1.0182692507639444,0.6345302351604811
GOBP_REGULATION_OF_PROTEIN_TARGETING,GO_BP,-1.133492281996045,-1.1789127951359908,-1.0177691336270431
GOBP_REGULATION_OF_PROTEIN_TARGETING_TO_MEMBRANE,GO_BP,-1.3916630850164602,-0.94679522477922,-0.8849709612394394
GOBP_REGULATION_OF_PROTEIN_TRANSPORT,GO_BP,-0.9874212531773784,0.9905645615769948,1.1746728399892954
GOBP_REGULATION_OF_PROTEIN_TYROSINE_KINASE_ACTIVITY,GO_BP,-1.367126267333376,1.0379148284929276,1.4175295924635376
GOBP_REGULATION_OF_PROTEIN_UBIQUITINATION,GO_BP,-1.0734439386622625,1.1076684350850885,1.5316301227678586
GOBP_REGULATION_OF_PROTEOLYSIS,GO_BP,-0.9858511549850884,1.3972627037580825,0.8570291918960153
GOBP_REGULATION_OF_PROTEOLYSIS_INVOLVED_IN_PROTEIN_CATABOLIC_PROCESS,GO_BP,1.005824966840808,1.360910018959234,-0.5848026523307659
GOBP_REGULATION_OF_RAC_PROTEIN_SIGNAL_TRANSDUCTION,GO_BP,-1.001025464632537,0.98335555031168,-0.8688853422904732
GOBP_REGULATION_OF_RAS_PROTEIN_SIGNAL_TRANSDUCTION,GO_BP,0.9395519902736432,1.1905546355157122,0.8038372746497497
GOBP_REGULATION_OF_REACTIVE_OXYGEN_SPECIES_BIOSYNTHETIC_PROCESS,GO_BP,0.9474173417988688,1.3868926031487665,0.9534636056430872
GOBP_REGULATION_OF_REACTIVE_OXYGEN_SPECIES_METABOLIC_PROCESS,GO_BP,1.1979944850274462,1.4498145166539833,1.2261314206521354
GOBP_REGULATION_OF_RECEPTOR_CLUSTERING,GO_BP,-1.3754456541686015,1.195667740311472,0.8648073541958137
GOBP_REGULATION_OF_RECEPTOR_INTERNALIZATION,GO_BP,-1.428311612006636,0.9182488589108972,0.757131213961976
GOBP_REGULATION_OF_RECEPTOR_LOCALIZATION_TO_SYNAPSE,GO_BP,1.0212394566944516,-1.5550287857676346,0.8979253899817659
GOBP_REGULATION_OF_RECEPTOR_MEDIATED_ENDOCYTOSIS,GO_BP,-1.4150321615244834,1.157313089857806,1.2420959546333687
GOBP_REGULATION_OF_RECEPTOR_RECYCLING,GO_BP,-1.5907839837557038,-1.3011555625222293,1.2090436242065852
GOBP_REGULATION_OF_RECEPTOR_SIGNALING_PATHWAY_VIA_JAK_STAT,GO_BP,1.303872767879165,1.647367127208962,1.503994420963319
GOBP_REGULATION_OF_RECEPTOR_SIGNALING_PATHWAY_VIA_STAT,GO_BP,1.3656891949371512,1.4580932719234787,1.4930112456186189
GOBP_REGULATION_OF_REGULATED_SECRETORY_PATHWAY,GO_BP,1.326403906450944,-0.8599952317309562,-1.0474183505560464
GOBP_REGULATION_OF_RELEASE_OF_CYTOCHROME_C_FROM_MITOCHONDRIA,GO_BP,1.2325374326562353,0.9222632264282216,0.9361049838753548
GOBP_REGULATION_OF_RELEASE_OF_SEQUESTERED_CALCIUM_ION_INTO_CYTOSOL,GO_BP,1.0516650254860849,-1.0771918695285814,1.1532831309096645
GOBP_REGULATION_OF_RELEASE_OF_SEQUESTERED_CALCIUM_ION_INTO_CYTOSOL_BY_SARCOPLASMIC_RETICULUM,GO_BP,-1.0800905249208952,-0.9546329538101423,-0.6125264408120646
GOBP_REGULATION_OF_REPRODUCTIVE_PROCESS,GO_BP,1.4726918606510522,1.1477670661507795,-1.123455602826514
GOBP_REGULATION_OF_RESPONSE_TO_CYTOKINE_STIMULUS,GO_BP,-1.0580048652639176,1.1126302354520932,1.671622538860989
GOBP_REGULATION_OF_RESPONSE_TO_ENDOPLASMIC_RETICULUM_STRESS,GO_BP,-1.712257205958687,1.1595280363302976,-0.69733506435349
GOBP_REGULATION_OF_RESPONSE_TO_NUTRIENT_LEVELS,GO_BP,-1.2227908557127367,1.1898504402304335,-0.5703988291845745
GOBP_REGULATION_OF_RESPONSE_TO_OXIDATIVE_STRESS,GO_BP,-1.3035581377563514,1.0323483105011064,0.6006650427660422
GOBP_REGULATION_OF_RESPONSE_TO_TUMOR_CELL,GO_BP,0.9371152925961038,-0.8224143105991961,-0.6058878526629401
GOBP_REGULATION_OF_RESPONSE_TO_WOUNDING,GO_BP,-1.3283563234259328,1.502621036547711,1.2840422106793503
GOBP_REGULATION_OF_RHO_PROTEIN_SIGNAL_TRANSDUCTION,GO_BP,-1.129993492324879,1.1516918221633905,0.8513658346833688
GOBP_REGULATION_OF_RIG_I_SIGNALING_PATHWAY,GO_BP,-0.9960582853592757,1.3301532663846234,1.2292783616788336
GOBP_REGULATION_OF_RNA_SPLICING,GO_BP,1.6247127334960718,1.4207979412152607,0.8119507446305273
GOBP_REGULATION_OF_RRNA_PROCESSING,GO_BP,1.519153469664286,1.15932965472715,0.8511829898799966
GOBP_REGULATION_OF_RUFFLE_ASSEMBLY,GO_BP,-1.067490698883439,1.3134424045111142,1.8040968841191285
GOBP_REGULATION_OF_SECRETION,GO_BP,1.022736587774984,1.0153011102249423,0.8906015445296971
GOBP_REGULATION_OF_SIGNALING_RECEPTOR_ACTIVITY,GO_BP,1.0407388062090486,1.451593178369449,0.7184828302484921
GOBP_REGULATION_OF_SIGNAL_TRANSDUCTION_BY_P53_CLASS_MEDIATOR,GO_BP,1.504635374862641,1.5570249615243636,0.7280919970558496
GOBP_REGULATION_OF_SISTER_CHROMATID_COHESION,GO_BP,1.6644014732031738,1.4494783547044088,-1.3459975184885593
GOBP_REGULATION_OF_SISTER_CHROMATID_SEGREGATION,GO_BP,2.6103793044672177,-0.9114757437871668,-1.3560730691467373
GOBP_REGULATION_OF_SKELETAL_MUSCLE_CELL_DIFFERENTIATION,GO_BP,-1.2873887743119727,1.1253855104875314,-0.915646214963166
GOBP_REGULATION_OF_SMAD_PROTEIN_SIGNAL_TRANSDUCTION,GO_BP,-1.2383989136920923,2.063289314647579,1.2527390697118763
GOBP_REGULATION_OF_SMALL_GTPASE_MEDIATED_SIGNAL_TRANSDUCTION,GO_BP,1.139761044150747,1.1892557605679188,0.8174853782736057
GOBP_REGULATION_OF_SMALL_MOLECULE_METABOLIC_PROCESS,GO_BP,-1.2117459381661753,1.2749043652125354,0.9535239654233066
GOBP_REGULATION_OF_SMOOTHENED_SIGNALING_PATHWAY,GO_BP,-1.0805811420679634,-0.8793308710547553,0.5132544706652936
GOBP_REGULATION_OF_SMOOTH_MUSCLE_CELL_DIFFERENTIATION,GO_BP,-0.9991708699138556,1.6452331199068644,-0.8371729092741502
GOBP_REGULATION_OF_SMOOTH_MUSCLE_CONTRACTION,GO_BP,-1.3626666300118389,1.229609837936421,1.28459079680063
GOBP_REGULATION_OF_SODIUM_ION_TRANSMEMBRANE_TRANSPORT,GO_BP,-1.2978237959976315,-1.1780284495102589,-1.1588108435225375
GOBP_REGULATION_OF_SODIUM_ION_TRANSPORT,GO_BP,-1.3451681664019317,-1.2793593975546569,-0.7658551573041449
GOBP_REGULATION_OF_SPINDLE_ASSEMBLY,GO_BP,1.2382959604156163,-1.5808743892182826,-1.2488227045908673
GOBP_REGULATION_OF_SPINDLE_CHECKPOINT,GO_BP,2.2024530559459543,0.7420477783087963,-1.3837665843648024
GOBP_REGULATION_OF_SPINDLE_ORGANIZATION,GO_BP,1.5925023591047611,-1.493926425024782,-0.8662384360390125
GOBP_REGULATION_OF_SPROUTING_ANGIOGENESIS,GO_BP,-1.3380839632314168,1.80948716546656,1.2446183852239578
GOBP_REGULATION_OF_STEM_CELL_DIFFERENTIATION,GO_BP,0.9482761477095892,1.3083555189666345,0.785519941890302
GOBP_REGULATION_OF_STEM_CELL_POPULATION_MAINTENANCE,GO_BP,1.3528496823147564,1.2661943911380735,-0.9037415981513688
GOBP_REGULATION_OF_STEM_CELL_PROLIFERATION,GO_BP,1.283230294303337,1.4063423111398048,0.704880842724882
GOBP_REGULATION_OF_STEROID_BIOSYNTHETIC_PROCESS,GO_BP,-1.54546211562308,1.3315105082954546,0.9078974268226464
GOBP_REGULATION_OF_STEROID_METABOLIC_PROCESS,GO_BP,-1.5038090762065357,1.1814086170149316,0.971148386628736
GOBP_REGULATION_OF_STEROL_TRANSPORT,GO_BP,-1.330572119424266,-1.6668417227531784,1.5896985978355518
GOBP_REGULATION_OF_STRESS_ACTIVATED_PROTEIN_KINASE_SIGNALING_CASCADE,GO_BP,1.1578492256790112,1.4118955822437007,0.7986352596224866
GOBP_REGULATION_OF_STRIATED_MUSCLE_CELL_DIFFERENTIATION,GO_BP,-1.4931456878013196,1.6300624003765845,0.7899556900490942
GOBP_REGULATION_OF_STRIATED_MUSCLE_CONTRACTION,GO_BP,-1.3245312470101804,1.337545408419187,0.9147260512136272
GOBP_REGULATION_OF_SUBSTRATE_ADHESION_DEPENDENT_CELL_SPREADING,GO_BP,-1.3051224252755624,1.3525170809012863,0.9947969716023846
GOBP_REGULATION_OF_SUPEROXIDE_METABOLIC_PROCESS,GO_BP,1.0246504554090097,-1.08728967663797,0.7678827773736808
GOBP_REGULATION_OF_SUPRAMOLECULAR_FIBER_ORGANIZATION,GO_BP,-1.4046948188398454,-1.1769197165628638,0.9968674910818872
GOBP_REGULATION_OF_SYNAPSE_ASSEMBLY,GO_BP,-1.3839798236718563,-0.8046184986595134,-1.0381780168473658
GOBP_REGULATION_OF_SYNAPSE_MATURATION,GO_BP,-1.1445571280904427,-0.89361496825453,1.0065310478313374
GOBP_REGULATION_OF_SYNAPSE_STRUCTURE_OR_ACTIVITY,GO_BP,-1.5973915801153398,-1.1159888634842206,0.8449996206610554
GOBP_REGULATION_OF_SYNAPTIC_PLASTICITY,GO_BP,-1.186784960356664,-1.071327420120504,0.8888027341641486
GOBP_REGULATION_OF_SYNAPTIC_TRANSMISSION_GABAERGIC,GO_BP,0.931274041389317,1.02103376205838,-1.4790278485161426
GOBP_REGULATION_OF_SYNAPTIC_TRANSMISSION_GLUTAMATERGIC,GO_BP,-1.297376514723573,0.9739432141250064,1.0843069674639347
GOBP_REGULATION_OF_SYNAPTIC_VESICLE_ENDOCYTOSIS,GO_BP,-0.9645489068019834,-1.075891158168123,0.77105918552298
GOBP_REGULATION_OF_SYNAPTIC_VESICLE_EXOCYTOSIS,GO_BP,-1.0321039497066666,0.8212353943800567,-1.0009216282272468
GOBP_REGULATION_OF_SYNAPTIC_VESICLE_RECYCLING,GO_BP,-0.7951723251057256,-1.023904564388118,0.5856938120794682
GOBP_REGULATION_OF_SYNCYTIUM_FORMATION_BY_PLASMA_MEMBRANE_FUSION,GO_BP,0.8162300556027976,-2.6102485664285067,-1.6068929172120825
GOBP_REGULATION_OF_SYSTEMIC_ARTERIAL_BLOOD_PRESSURE,GO_BP,-1.3922773869092495,1.3093034499533729,0.9530227788538228
GOBP_REGULATION_OF_SYSTEMIC_ARTERIAL_BLOOD_PRESSURE_BY_RENIN_ANGIOTENSIN,GO_BP,1.2534674502224885,-1.1476353036814466,-0.6026051867217311
GOBP_REGULATION_OF_SYSTEMIC_ARTERIAL_BLOOD_PRESSURE_MEDIATED_BY_A_CHEMICAL_SIGNAL,GO_BP,-1.2904046662433208,-1.0456371185536184,0.766383252777746
GOBP_REGULATION_OF_SYSTEM_PROCESS,GO_BP,-1.7267600721228415,1.314948365249512,0.8990261816939698
GOBP_REGULATION_OF_TELOMERE_MAINTENANCE,GO_BP,1.955001376882561,0.8755683955723035,0.5310241261443591
GOBP_REGULATION_OF_TELOMERE_MAINTENANCE_IN_RESPONSE_TO_DNA_DAMAGE,GO_BP,1.1892791866844783,-0.9748577710555488,-0.9059175169165824
GOBP_REGULATION_OF_TELOMERE_MAINTENANCE_VIA_TELOMERASE,GO_BP,1.9373249123568084,0.9013583962340992,0.7763499501880774
GOBP_REGULATION_OF_TELOMERE_MAINTENANCE_VIA_TELOMERE_LENGTHENING,GO_BP,1.969083053457402,-0.8180591691330572,0.7165020272032357
GOBP_REGULATION_OF_TISSUE_REMODELING,GO_BP,-1.1984448176650155,-1.6844643229723772,1.3754314416780618
GOBP_REGULATION_OF_TOLL_LIKE_RECEPTOR_4_SIGNALING_PATHWAY,GO_BP,-0.9696540328330268,-0.7859588647376288,1.5336759797802373
GOBP_REGULATION_OF_TOLL_LIKE_RECEPTOR_SIGNALING_PATHWAY,GO_BP,0.5679447178101389,1.0640898302752078,1.957746412497537
GOBP_REGULATION_OF_TRANSCRIPTION_BY_RNA_POLYMERASE_I,GO_BP,0.8897798682033985,1.4819077711358026,1.0793265737686806
GOBP_REGULATION_OF_TRANSCRIPTION_BY_RNA_POLYMERASE_III,GO_BP,0.6348597164242925,0.9700331294167336,1.492691352922921
GOBP_REGULATION_OF_TRANSFERASE_ACTIVITY,GO_BP,1.3223601124923283,1.5982091418398985,1.2058638196549714
GOBP_REGULATION_OF_TRANSLATION,GO_BP,0.9741172382749074,1.3028112732413408,0.620708898715678
GOBP_REGULATION_OF_TRANSLATIONAL_INITIATION,GO_BP,-0.7585013183952924,1.31396206065983,-0.6187093626764996
GOBP_REGULATION_OF_TRANSLATION_IN_RESPONSE_TO_STRESS,GO_BP,0.9837428446818826,1.8181891071114809,0.6011034952535681
GOBP_REGULATION_OF_TRANSMEMBRANE_RECEPTOR_PROTEIN_SERINE_THREONINE_KINASE_SIGNALING_PATHWAY,GO_BP,-1.3556422280169238,1.605480687128563,1.070652904927834
GOBP_REGULATION_OF_TRANSMEMBRANE_TRANSPORT,GO_BP,-1.582763730541045,1.1100718370252909,1.1804941359626042
GOBP_REGULATION_OF_TRANSMEMBRANE_TRANSPORTER_ACTIVITY,GO_BP,-1.064717541697063,1.0218418285351467,0.7209013130089452
GOBP_REGULATION_OF_TRANS_SYNAPTIC_SIGNALING,GO_BP,-1.3803175097224147,0.9754903171217936,0.8580947518330944
GOBP_REGULATION_OF_TRIGLYCERIDE_METABOLIC_PROCESS,GO_BP,-1.2781394248906857,-1.029315790789128,2.041374079517212
GOBP_REGULATION_OF_TUBE_SIZE,GO_BP,-1.6955843148405894,1.203461208955397,-0.9946984184025038
GOBP_REGULATION_OF_TUMOR_NECROSIS_FACTOR_MEDIATED_SIGNALING_PATHWAY,GO_BP,0.9323804693386892,-1.426728459377096,1.4319423448997393
GOBP_REGULATION_OF_TYPE_I_INTERFERON_MEDIATED_SIGNALING_PATHWAY,GO_BP,-0.7898591467725817,1.2927441375938185,0.878313145673194
GOBP_REGULATION_OF_TYROSINE_PHOSPHORYLATION_OF_STAT_PROTEIN,GO_BP,1.2690547533902272,1.9435179234978224,1.6364050629800375
GOBP_REGULATION_OF_T_CELL_ACTIVATION,GO_BP,-1.1591475007094854,1.3466758478100622,1.7159427475146716
GOBP_REGULATION_OF_T_CELL_APOPTOTIC_PROCESS,GO_BP,-1.2017968252503286,-0.9523671979061504,1.2429166698370184
GOBP_REGULATION_OF_T_CELL_DIFFERENTIATION_IN_THYMUS,GO_BP,-1.4395738568123813,-0.9253104935752297,1.371891291039299
GOBP_REGULATION_OF_T_CELL_MEDIATED_CYTOTOXICITY,GO_BP,-1.3721684123487434,0.6449186982257352,1.1618169606754514
GOBP_REGULATION_OF_T_CELL_MEDIATED_IMMUNITY,GO_BP,-1.0270858697791845,0.8708099928068903,1.091215674493621
GOBP_REGULATION_OF_T_CELL_MIGRATION,GO_BP,-0.989812724075282,-0.906712136831184,1.1722038248002862
GOBP_REGULATION_OF_T_CELL_RECEPTOR_SIGNALING_PATHWAY,GO_BP,-1.444152333932118,1.1101535474129955,1.4526889243968852
GOBP_REGULATION_OF_T_HELPER_17_CELL_DIFFERENTIATION,GO_BP,-0.8617700596912545,1.5503642039156404,1.7822102484906317
GOBP_REGULATION_OF_T_HELPER_17_TYPE_IMMUNE_RESPONSE,GO_BP,0.6851733095493568,1.6441225197684854,1.7742843594146371
GOBP_REGULATION_OF_T_HELPER_1_TYPE_IMMUNE_RESPONSE,GO_BP,0.954266389540944,1.3073569926859008,1.7392229955665672
GOBP_REGULATION_OF_T_HELPER_CELL_DIFFERENTIATION,GO_BP,-1.0682209594510736,1.6833445277470094,1.608365919161801
GOBP_REGULATION_OF_UBIQUITIN_DEPENDENT_PROTEIN_CATABOLIC_PROCESS,GO_BP,1.0028884660051367,1.111034081054376,-0.71346694340295
GOBP_REGULATION_OF_UBIQUITIN_PROTEIN_TRANSFERASE_ACTIVITY,GO_BP,1.3846820877535568,1.01219340963952,1.1288490444233883
GOBP_REGULATION_OF_VACUOLE_ORGANIZATION,GO_BP,-1.449156393956532,0.9133045945799876,-0.5025219757577504
GOBP_REGULATION_OF_VASCULAR_ENDOTHELIAL_GROWTH_FACTOR_RECEPTOR_SIGNALING_PATHWAY,GO_BP,1.2974871251476865,-1.02742565282362,-0.7054346071843349
GOBP_REGULATION_OF_VASCULAR_PERMEABILITY,GO_BP,-1.5858256155573296,0.8691395986619287,1.4402234066040551
GOBP_REGULATION_OF_VASCULATURE_DEVELOPMENT,GO_BP,-1.7826255137374651,1.8814543179579808,1.697451890503479
GOBP_REGULATION_OF_VASOCONSTRICTION,GO_BP,-1.5319206833574457,-0.9185657704999778,-0.9549919991871504
GOBP_REGULATION_OF_VESICLE_FUSION,GO_BP,0.894072150898493,-1.1014736022288705,-0.73956869015214
GOBP_REGULATION_OF_VESICLE_MEDIATED_TRANSPORT,GO_BP,-1.310924722518797,1.1338172140472005,1.252452086670124
GOBP_REGULATION_OF_VESICLE_SIZE,GO_BP,-0.6495966397748847,1.0204683271048405,0.7298925557606982
GOBP_REGULATION_OF_VIRAL_ENTRY_INTO_HOST_CELL,GO_BP,1.2525314245468988,-0.837304030489324,1.5812967064411942
GOBP_REGULATION_OF_VIRAL_GENOME_REPLICATION,GO_BP,1.4781615865892566,1.615647300708162,1.3191743202897572
GOBP_REGULATION_OF_VIRAL_LIFE_CYCLE,GO_BP,1.462659953643601,1.5433641209806075,1.7862483950077277
GOBP_REGULATION_OF_VIRAL_PROCESS,GO_BP,1.2642696139295064,1.7164220192381388,1.8170758515562977
GOBP_REGULATION_OF_VIRAL_TRANSCRIPTION,GO_BP,-0.6778303796702657,1.7433763830351643,0.8063959576534184
GOBP_REGULATION_OF_WNT_SIGNALING_PATHWAY,GO_BP,-1.5467067738721203,1.5961679190263305,0.9049938074365572
GOBP_REGULATION_OF_WOUND_HEALING,GO_BP,-1.2652225404681987,1.6781015493239808,1.426391638272673
GOBP_REGULATORY_NCRNA_MEDIATED_GENE_SILENCING,GO_BP,0.7437514877238102,1.6191005897576851,0.7757924735063807
GOBP_REGULATORY_NCRNA_MEDIATED_HETEROCHROMATIN_FORMATION,GO_BP,1.1155646211738683,1.0112248704406874,-1.1605409794648331
GOBP_REGULATORY_NCRNA_PROCESSING,GO_BP,0.7367162684038248,1.449862294234771,0.8812898736192558
GOBP_REGULATORY_T_CELL_DIFFERENTIATION,GO_BP,0.7601556511974508,1.0704348589929933,1.5086019198167846
GOBP_RELAXATION_OF_MUSCLE,GO_BP,-1.7200641300980195,1.307685232129331,1.2341306067985072
GOBP_RELEASE_OF_CYTOCHROME_C_FROM_MITOCHONDRIA,GO_BP,1.118627264711721,1.0555530895527865,0.9680643108517684
GOBP_RELEASE_OF_SEQUESTERED_CALCIUM_ION_INTO_CYTOSOL_BY_ENDOPLASMIC_RETICULUM,GO_BP,-1.0682716765342233,-1.075770979951318,-0.8708307846534745
GOBP_RENAL_ABSORPTION,GO_BP,-0.9699969090042172,-1.0969934778843562,-1.7001689554419577
GOBP_RENAL_FILTRATION,GO_BP,1.4538460811783471,1.4239639860242348,-0.9255330004122488
GOBP_RENAL_SYSTEM_DEVELOPMENT,GO_BP,-1.6090133074670492,1.4095180687733746,-0.9805732495450936
GOBP_RENAL_SYSTEM_PROCESS,GO_BP,-1.1659421034831547,1.104767386507303,-1.095046902394456
GOBP_RENAL_SYSTEM_VASCULATURE_DEVELOPMENT,GO_BP,-1.3137646111340922,1.4569324770579573,-1.0151709248661347
GOBP_RENAL_TUBULE_DEVELOPMENT,GO_BP,-1.25862866468048,1.8116011015529976,-1.1791567632602538
GOBP_RENAL_WATER_HOMEOSTASIS,GO_BP,-0.8930911297442023,-1.0314040255186216,1.0642792472817777
GOBP_REPLACEMENT_OSSIFICATION,GO_BP,-1.1327819097616925,1.2126300835774195,-1.1302839406892176
GOBP_REPRODUCTIVE_BEHAVIOR,GO_BP,-1.252068007742509,1.3701223152199222,1.28225104416476
GOBP_REPRODUCTIVE_SYSTEM_DEVELOPMENT,GO_BP,-1.5800912614695692,1.294268526692023,1.2411049128684142
GOBP_RESCUE_OF_STALLED_RIBOSOME,GO_BP,0.9746613592354004,1.203561153095411,0.9783518880917292
GOBP_RESPIRATORY_BURST,GO_BP,-0.8341831041185686,-0.9158604549190026,1.3558494180976923
GOBP_RESPIRATORY_CHAIN_COMPLEX_IV_ASSEMBLY,GO_BP,1.2418478913737303,-0.9795268845540656,-1.4440823892604937
GOBP_RESPIRATORY_GASEOUS_EXCHANGE_BY_RESPIRATORY_SYSTEM,GO_BP,-1.3008104648137182,1.5011013018556056,-1.261880849406093
GOBP_RESPIRATORY_SYSTEM_DEVELOPMENT,GO_BP,-1.7381839965190489,1.5335797010374754,0.9304172645486752
GOBP_RESPIRATORY_SYSTEM_PROCESS,GO_BP,-1.2419776010270025,1.1694057592650364,-0.7395787921918602
GOBP_RESPONSE_TO_ACETYLCHOLINE,GO_BP,-1.509538662965898,-1.377618845758477,-1.206601998351896
GOBP_RESPONSE_TO_ACIDIC_PH,GO_BP,-1.218313044289531,1.0680060371585616,1.3299230873796186
GOBP_RESPONSE_TO_ACID_CHEMICAL,GO_BP,-1.327739067050846,1.370866658837701,0.7372236092924831
GOBP_RESPONSE_TO_ACTIVITY,GO_BP,-1.1846274539854709,1.1713910151663411,-0.8286865559039397
GOBP_RESPONSE_TO_ALCOHOL,GO_BP,-1.3459811086625286,1.0267951510350255,1.3172953610959683
GOBP_RESPONSE_TO_ALKALOID,GO_BP,1.232564831991578,1.723157718809644,-1.041987870932645
GOBP_RESPONSE_TO_AMINE,GO_BP,1.347948216903494,0.8318199872671675,-1.0185275418859685
GOBP_RESPONSE_TO_AMINO_ACID_STARVATION,GO_BP,-0.947840348183571,1.3162635775652216,1.09875572598595
GOBP_RESPONSE_TO_AMPHETAMINE,GO_BP,1.5265516482536852,0.8808317330070434,-1.0348418109253212
GOBP_RESPONSE_TO_AMYLOID_BETA,GO_BP,-1.5008409974283887,1.4047457103282464,1.8452244335000791
GOBP_RESPONSE_TO_ANGIOTENSIN,GO_BP,-1.3839796357016907,-1.262127967056792,1.234054072331728
GOBP_RESPONSE_TO_ANTIBIOTIC,GO_BP,-0.9813709223433428,1.3119682787079814,0.9309872065649653
GOBP_RESPONSE_TO_ARSENIC_CONTAINING_SUBSTANCE,GO_BP,-1.0560533293111176,1.5506679866256765,1.4240709622007153
GOBP_RESPONSE_TO_ATP,GO_BP,1.0337876752172068,-1.2214507308883382,1.2999423917883324
GOBP_RESPONSE_TO_AUDITORY_STIMULUS,GO_BP,-0.9542902733917328,-1.3552414625859044,0.8706833499765243
GOBP_RESPONSE_TO_AXON_INJURY,GO_BP,-1.3996198797778476,1.0920537503001486,1.0300313726378558
GOBP_RESPONSE_TO_BACTERIUM,GO_BP,-1.3772215963130587,1.233126760879922,2.1991328649011384
GOBP_RESPONSE_TO_BMP,GO_BP,-1.2265156077752868,1.6115609348693167,1.2852893427057044
GOBP_RESPONSE_TO_CADMIUM_ION,GO_BP,1.508758504590361,1.273051233203687,1.7646003007465982
GOBP_RESPONSE_TO_CALCIUM_ION,GO_BP,-1.5153540505265697,-1.1218548305732532,-0.8639807197144763
GOBP_RESPONSE_TO_CAMP,GO_BP,-1.3626906564070191,1.3097186627454915,-0.8482982952554733
GOBP_RESPONSE_TO_CARBOHYDRATE,GO_BP,-1.3424975696160248,1.162969693419605,1.3274820719382097
GOBP_RESPONSE_TO_CHEMOKINE,GO_BP,-1.77985169464897,1.6866244762849374,2.1648264516736657
GOBP_RESPONSE_TO_COCAINE,GO_BP,-1.0635530616591955,1.5011163123663704,-1.0654306921038792
GOBP_RESPONSE_TO_COLD,GO_BP,-0.9883712746705792,-1.1331839398688528,1.3813665345865824
GOBP_RESPONSE_TO_COPPER_ION,GO_BP,1.154924352650211,1.21699951276548,0.8819214453463499
GOBP_RESPONSE_TO_CORTICOSTEROID,GO_BP,-1.6289731660841509,1.7203526775880975,0.8805478342108419
GOBP_RESPONSE_TO_DEXAMETHASONE,GO_BP,-1.2518289604962431,1.3407846059089743,-1.0539134419159162
GOBP_RESPONSE_TO_DIETARY_EXCESS,GO_BP,-0.8667447743947148,1.2654584624648733,0.6647232821686733
GOBP_RESPONSE_TO_DSRNA,GO_BP,-1.0937999869141262,1.5392288766126188,1.885360802011988
GOBP_RESPONSE_TO_ELECTRICAL_STIMULUS,GO_BP,-1.665978173592371,1.553316806057416,-0.6708316345499615
GOBP_RESPONSE_TO_ENDOPLASMIC_RETICULUM_STRESS,GO_BP,-1.4365998071274892,1.6988674735205855,1.0266060439777351
GOBP_RESPONSE_TO_EPIDERMAL_GROWTH_FACTOR,GO_BP,-1.268735857257597,1.2218587601298734,0.8955025971916001
GOBP_RESPONSE_TO_ESTRADIOL,GO_BP,-1.2641410040295575,1.3316286300838875,0.9713641132245404
GOBP_RESPONSE_TO_ESTROGEN,GO_BP,-1.082971797178015,-0.8907206529095198,1.072815762554234
GOBP_RESPONSE_TO_ETHANOL,GO_BP,1.0543988481394897,0.9442414231228812,1.342953805696502
GOBP_RESPONSE_TO_FATTY_ACID,GO_BP,-0.9015753707906796,-1.2098862834509023,0.8215999720015444
GOBP_RESPONSE_TO_FIBROBLAST_GROWTH_FACTOR,GO_BP,-1.568166694373284,1.9872314875760957,1.4707692821442897
GOBP_RESPONSE_TO_FLUID_SHEAR_STRESS,GO_BP,-1.5579913202170337,1.3674738003902285,0.7517195898510259
GOBP_RESPONSE_TO_FOOD,GO_BP,1.1500137802897388,0.9771642323254408,1.209791318861433
GOBP_RESPONSE_TO_FUNGUS,GO_BP,-1.2592747617752629,1.2369130859238835,1.4556032161776755
GOBP_RESPONSE_TO_GAMMA_RADIATION,GO_BP,1.3307126432180385,0.7714654654813086,1.5174665705943793
GOBP_RESPONSE_TO_GLUCAGON,GO_BP,0.8521242347050622,-1.039122465734214,-1.0912160285482475
GOBP_RESPONSE_TO_GONADOTROPIN,GO_BP,-0.8712305449394058,1.166482598957108,1.0428476957074062
GOBP_RESPONSE_TO_GROWTH_HORMONE,GO_BP,-1.3315975551525805,1.044148438623331,-1.0341789865011126
GOBP_RESPONSE_TO_HEAT,GO_BP,-0.9039243057965578,-1.2764273961764727,0.9118209133935258
GOBP_RESPONSE_TO_HYDROGEN_PEROXIDE,GO_BP,-1.2183388377086146,1.6001807452406842,1.6507638695846194
GOBP_RESPONSE_TO_HYDROPEROXIDE,GO_BP,-1.524235097093014,-1.6377614269082688,0.7802827548896506
GOBP_RESPONSE_TO_HYPEROXIA,GO_BP,-1.3239860795305705,1.2942087835389848,-1.0680327993209395
GOBP_RESPONSE_TO_INCREASED_OXYGEN_LEVELS,GO_BP,-1.2926084912169251,1.4605576849112316,-0.8700852266032058
GOBP_RESPONSE_TO_INSULIN,GO_BP,-1.6875219332054825,-1.163576299664065,0.7365856173517343
GOBP_RESPONSE_TO_INTERFERON_ALPHA,GO_BP,1.2335063508559088,2.029331643579725,1.237186572181424
GOBP_RESPONSE_TO_INTERFERON_BETA,GO_BP,0.8669707036086831,1.2369741396091627,1.5815525369403716
GOBP_RESPONSE_TO_INTERLEUKIN_1,GO_BP,-1.193832733387734,1.373718867414587,2.120154979256472
GOBP_RESPONSE_TO_INTERLEUKIN_17,GO_BP,-0.8857129490414913,1.864539524285663,1.8011956752044522
GOBP_RESPONSE_TO_INTERLEUKIN_4,GO_BP,1.291938175305657,-1.1960788417695916,1.34129567239392
GOBP_RESPONSE_TO_INTERLEUKIN_6,GO_BP,-0.8702393829433268,1.809021076533292,1.3988209709737225
GOBP_RESPONSE_TO_INTERLEUKIN_7,GO_BP,0.8577574379222787,1.3618781323844964,1.2986454358346209
GOBP_RESPONSE_TO_IONIZING_RADIATION,GO_BP,1.5631885190855208,1.0176360151321937,1.387806580391511
GOBP_RESPONSE_TO_IRON_ION,GO_BP,0.9584454630192706,0.9801184890903898,1.6122553153731942
GOBP_RESPONSE_TO_ISCHEMIA,GO_BP,-1.6016012040177985,1.3627674699321974,0.9172485251737692
GOBP_RESPONSE_TO_KETONE,GO_BP,-1.568704612237239,1.2588932206200896,0.9282841569802938
GOBP_RESPONSE_TO_LAMINAR_FLUID_SHEAR_STRESS,GO_BP,-1.387063344520165,1.3401642974506078,0.705875119100887
GOBP_RESPONSE_TO_LEAD_ION,GO_BP,-0.7350430592938765,-1.5453764506361725,0.6226980434001491
GOBP_RESPONSE_TO_LEUKEMIA_INHIBITORY_FACTOR,GO_BP,1.3011656877342797,1.649067679836659,1.4193078314775056
GOBP_RESPONSE_TO_LIGHT_STIMULUS,GO_BP,1.233118029525062,1.2258110813815115,-1.0659126890662054
GOBP_RESPONSE_TO_LIPOPROTEIN_PARTICLE,GO_BP,-1.299642003162988,-1.6871701590169743,0.5776994143053706
GOBP_RESPONSE_TO_MECHANICAL_STIMULUS,GO_BP,-1.4957061758324932,1.5359606628962994,1.5485632222381651
GOBP_RESPONSE_TO_METAL_ION,GO_BP,-1.3444399971221128,1.0878960700362348,1.1467816037517289
GOBP_RESPONSE_TO_MINERALOCORTICOID,GO_BP,-1.3241716990543473,0.9002768183207842,1.4029616557078046
GOBP_RESPONSE_TO_MISFOLDED_PROTEIN,GO_BP,0.7380248032246128,1.3751733471494676,0.803563771395735
GOBP_RESPONSE_TO_MOLECULE_OF_BACTERIAL_ORIGIN,GO_BP,-1.1337019223642708,1.2774296125084674,2.458005933905252
GOBP_RESPONSE_TO_MONOAMINE,GO_BP,-1.2240553693975766,0.9814251456228634,-1.3861635784078363
GOBP_RESPONSE_TO_MONOSACCHARIDE,GO_BP,-1.1700100313418176,1.1306523273907552,1.37441950543255
GOBP_RESPONSE_TO_MURAMYL_DIPEPTIDE,GO_BP,-1.117721750283323,-1.357842784018152,2.050393011113952
GOBP_RESPONSE_TO_MUSCLE_ACTIVITY,GO_BP,0.913757002794443,1.2514626849800792,0.7387839751879292
GOBP_RESPONSE_TO_MUSCLE_STRETCH,GO_BP,-1.5406354044758523,1.7421788295591758,1.8826724378938196
GOBP_RESPONSE_TO_NERVE_GROWTH_FACTOR,GO_BP,-1.7844627880049195,1.4096833495252603,-0.5374898942493305
GOBP_RESPONSE_TO_NICOTINE,GO_BP,-1.17425585038061,1.232760087114131,1.9038829697784176
GOBP_RESPONSE_TO_NITRIC_OXIDE,GO_BP,1.525485047124862,0.8984684410439024,0.783559827530914
GOBP_RESPONSE_TO_NUTRIENT,GO_BP,-1.0726373252104304,1.527319460458774,1.4453872183109435
GOBP_RESPONSE_TO_NUTRIENT_LEVELS,GO_BP,-1.4323318138668528,1.497746063405305,1.3583836846001234
GOBP_RESPONSE_TO_ORGANOPHOSPHORUS,GO_BP,-1.221300412064405,1.1852752647329816,0.985351633352866
GOBP_RESPONSE_TO_OSMOTIC_STRESS,GO_BP,1.1737297555697297,1.3220545983199257,1.572056021155129
GOBP_RESPONSE_TO_OXIDATIVE_STRESS,GO_BP,-1.2693945020004709,1.3069006722705525,1.3337321878411967
GOBP_RESPONSE_TO_OXYGEN_LEVELS,GO_BP,-1.235447682646592,1.7383408759175305,1.3825748815261127
GOBP_RESPONSE_TO_OXYGEN_RADICAL,GO_BP,0.8369083653669669,1.2476257281168108,0.8068360961251139
GOBP_RESPONSE_TO_PAIN,GO_BP,-1.1124527161803035,-1.1982869442884605,-1.019661961875846
GOBP_RESPONSE_TO_PEPTIDE_HORMONE,GO_BP,-1.7915800667863155,1.1532593825320738,0.9280345805858672
GOBP_RESPONSE_TO_PH,GO_BP,-1.422845849673574,1.1360865242275937,1.1577190178616166
GOBP_RESPONSE_TO_PLATELET_DERIVED_GROWTH_FACTOR,GO_BP,1.094151959973743,0.9344688853449225,-1.081317232986813
GOBP_RESPONSE_TO_PROGESTERONE,GO_BP,-0.9963479054407536,-1.6615476519414507,0.6618883409970121
GOBP_RESPONSE_TO_PROSTAGLANDIN,GO_BP,-1.172842808357053,0.8579423867950755,0.6369417700439417
GOBP_RESPONSE_TO_PROSTAGLANDIN_E,GO_BP,0.8509150334459437,-1.4275033341021288,-0.5666888210801964
GOBP_RESPONSE_TO_PURINE_CONTAINING_COMPOUND,GO_BP,-1.082871127980041,1.1393788305120405,0.8694555507321378
GOBP_RESPONSE_TO_RADIATION,GO_BP,1.4346107698112038,1.2408922772487136,0.8962801431500709
GOBP_RESPONSE_TO_REACTIVE_OXYGEN_SPECIES,GO_BP,-1.295950564724004,1.4515230668266568,1.4255019215689613
GOBP_RESPONSE_TO_RETINOIC_ACID,GO_BP,-1.8001791420369522,1.449467854444085,0.927070818759122
GOBP_RESPONSE_TO_SALT,GO_BP,-1.0106560149025896,1.4235289958243598,1.0728355924268729
GOBP_RESPONSE_TO_STARVATION,GO_BP,-1.5264299935119794,1.4429064337129558,0.9279727974862088
GOBP_RESPONSE_TO_STEROID_HORMONE,GO_BP,-1.4771321686614107,1.362184205998821,-0.8948419323121417
GOBP_RESPONSE_TO_STEROL,GO_BP,-1.5186917924544827,-1.1503027008827558,1.2464535271793349
GOBP_RESPONSE_TO_STEROL_DEPLETION,GO_BP,-0.8860504569329516,-1.028504387642909,0.7428613952520448
GOBP_RESPONSE_TO_TEMPERATURE_STIMULUS,GO_BP,-0.9994235695267116,-1.1598033131649867,1.1139211149527677
GOBP_RESPONSE_TO_TESTOSTERONE,GO_BP,-1.088694171468648,1.5213921635936012,0.941198164208898
GOBP_RESPONSE_TO_TOPOLOGICALLY_INCORRECT_PROTEIN,GO_BP,-1.5002888203052955,1.6605902981591805,1.0159138891568802
GOBP_RESPONSE_TO_TOXIC_SUBSTANCE,GO_BP,-1.5444438230093611,1.0486123041783393,0.9879709319175414
GOBP_RESPONSE_TO_TRANSFORMING_GROWTH_FACTOR_BETA,GO_BP,-1.6470419035265726,1.6937653205425325,1.0056924748738412
GOBP_RESPONSE_TO_TUMOR_CELL,GO_BP,-1.0303047241446976,-0.982461986897471,-0.636700493509662
GOBP_RESPONSE_TO_TUMOR_NECROSIS_FACTOR,GO_BP,-1.423311587612719,1.1450018981609869,2.2014607841323706
GOBP_RESPONSE_TO_TYPE_II_INTERFERON,GO_BP,-1.1130640912916718,1.485345840195191,2.083939293108707
GOBP_RESPONSE_TO_TYPE_I_INTERFERON,GO_BP,1.1686034291456775,1.991565305131804,1.2791206231725782
GOBP_RESPONSE_TO_UV,GO_BP,1.6838354481280111,0.953126675755776,0.70015339916309
GOBP_RESPONSE_TO_UV_B,GO_BP,-0.932532874353919,-0.678894898973317,-0.7862306451144603
GOBP_RESPONSE_TO_VIRUS,GO_BP,0.9780712989457128,1.64607778178885,1.896921375785151
GOBP_RESPONSE_TO_VITAMIN,GO_BP,-1.0656354972972324,1.4866648088504235,1.2876328187351676
GOBP_RESPONSE_TO_VITAMIN_D,GO_BP,-1.068090086916869,1.6497489266815095,1.3222309659952822
GOBP_RESPONSE_TO_WOUNDING,GO_BP,-1.5811509758615294,1.5764816628367633,1.3829501569251352
GOBP_RESPONSE_TO_XENOBIOTIC_STIMULUS,GO_BP,1.244622216514653,1.2395454696308383,1.1086576301221782
GOBP_RESPONSE_TO_X_RAY,GO_BP,1.6276282346117223,0.7103139615688282,0.9097431844624868
GOBP_RESPONSE_TO_ZINC_ION,GO_BP,0.9586281791040698,-1.0700393533785355,1.6922520606453748
GOBP_RETICULOPHAGY,GO_BP,-1.5578638189343073,-0.9655953135091646,-0.4639290558078107
GOBP_RETINA_DEVELOPMENT_IN_CAMERA_TYPE_EYE,GO_BP,-1.2322605638075952,1.0954619746743484,0.8362552969657984
GOBP_RETINA_HOMEOSTASIS,GO_BP,-1.0620194013439237,-1.6541690896674883,-0.6677851263037001
GOBP_RETINA_MORPHOGENESIS_IN_CAMERA_TYPE_EYE,GO_BP,-1.0528017950344195,1.3232118879864512,-1.0774233526509338
GOBP_RETINA_VASCULATURE_DEVELOPMENT_IN_CAMERA_TYPE_EYE,GO_BP,0.977532113838937,1.1175637388754551,-1.3964385834751871
GOBP_RETINOIC_ACID_RECEPTOR_SIGNALING_PATHWAY,GO_BP,-1.519228544326064,1.8397475784731476,-0.5648904334722001
GOBP_RETINOL_METABOLIC_PROCESS,GO_BP,-1.2993065009787033,-0.9837342914919548,1.2877810155090923
GOBP_RETROGRADE_AXONAL_TRANSPORT,GO_BP,-0.8999745518522921,0.9156347883213284,0.8735903386647335
GOBP_RETROGRADE_TRANSPORT_ENDOSOME_TO_GOLGI,GO_BP,-1.3554644969164884,0.8874284637905426,0.720286511104927
GOBP_RETROGRADE_VESICLE_MEDIATED_TRANSPORT_GOLGI_TO_ENDOPLASMIC_RETICULUM,GO_BP,-1.3506498645047231,1.3077598700041595,-0.8637793898597368
GOBP_RHO_PROTEIN_SIGNAL_TRANSDUCTION,GO_BP,-1.4604723944187128,1.467132368210956,0.8715834350864534
GOBP_RHYTHMIC_BEHAVIOR,GO_BP,-1.559406613578213,1.8212753553813423,-1.2683889425805157
GOBP_RHYTHMIC_PROCESS,GO_BP,1.231423256891745,1.5992268052915213,1.0563376833043818
GOBP_RIBONUCLEOSIDE_METABOLIC_PROCESS,GO_BP,1.756362030798814,0.6959205758315978,-1.044908866940209
GOBP_RIBONUCLEOSIDE_MONOPHOSPHATE_BIOSYNTHETIC_PROCESS,GO_BP,1.7462339120979644,1.06642197270762,0.6611802375309923
GOBP_RIBONUCLEOTIDE_CATABOLIC_PROCESS,GO_BP,1.8931870759592917,1.001969707708943,0.9673576853341314
GOBP_RIBOSE_PHOSPHATE_BIOSYNTHETIC_PROCESS,GO_BP,1.822341076751617,-0.9583116756916806,-1.0375249343667905
GOBP_RIBOSE_PHOSPHATE_METABOLIC_PROCESS,GO_BP,1.7324990955282895,-1.0294414428195704,0.7392168412729565
GOBP_RIBOSOMAL_LARGE_SUBUNIT_ASSEMBLY,GO_BP,1.4529002426002346,0.8998532419278229,1.0325011221676397
GOBP_RIBOSOMAL_LARGE_SUBUNIT_BIOGENESIS,GO_BP,2.120829152198428,1.2000662429360591,0.7554892749146636
GOBP_RIBOSOMAL_SMALL_SUBUNIT_ASSEMBLY,GO_BP,1.5932641411989368,-1.779940135331742,-0.7615661679087959
GOBP_RIBOSOMAL_SMALL_SUBUNIT_BIOGENESIS,GO_BP,2.103210061113048,0.9021306915618073,0.8866801492404731
GOBP_RIBOSOME_ASSEMBLY,GO_BP,1.6587745407194856,-1.0439389518628686,0.7042074564623176
GOBP_RIBOSOME_ASSOCIATED_UBIQUITIN_DEPENDENT_PROTEIN_CATABOLIC_PROCESS,GO_BP,1.0564112898658686,1.3832067514212092,1.365056700068196
GOBP_RIBOSOME_BIOGENESIS,GO_BP,2.2988004469668453,1.148401002530964,0.8851861431933274
GOBP_RIBOSOME_DISASSEMBLY,GO_BP,1.01398771514205,0.9356286726838212,1.149495674927658
GOBP_RIG_I_SIGNALING_PATHWAY,GO_BP,-0.7601244703109329,1.4304715617641657,1.400094032308436
GOBP_RNA_3_END_PROCESSING,GO_BP,1.9000097792770247,1.206643257394373,1.0618092324146262
GOBP_RNA_5_END_PROCESSING,GO_BP,1.9304524682465136,1.1281973429969805,-1.113509377848115
GOBP_RNA_CAPPING,GO_BP,1.7287976075716118,0.9801053396356876,-1.1695060866922649
GOBP_RNA_DECAPPING,GO_BP,0.8520533059233298,0.9390335981111948,0.8874531243156542
GOBP_RNA_EXPORT_FROM_NUCLEUS,GO_BP,1.7516618208492227,1.860593961755592,0.6014439867703276
GOBP_RNA_LOCALIZATION,GO_BP,2.064391053496319,1.4753962825061688,0.5304296692610821
GOBP_RNA_METHYLATION,GO_BP,1.6957185082840014,0.6525445881522374,-0.953785338988508
GOBP_RNA_MODIFICATION,GO_BP,1.6917783825879402,0.8701132278817527,0.8924573110338716
GOBP_RNA_POLYMERASE_II_PREINITIATION_COMPLEX_ASSEMBLY,GO_BP,1.1059661602537636,1.0737808419797197,-0.7494898400080698
GOBP_RNA_POLYMERASE_II_TRANSCRIPTION_INITIATION_SURVEILLANCE,GO_BP,1.3080986856062593,0.8330077218078726,-1.081217146923262
GOBP_RNA_SPLICING,GO_BP,1.864678547972609,1.2632180239761002,0.5781180989234593
GOBP_RNA_SPLICING_VIA_ENDONUCLEOLYTIC_CLEAVAGE_AND_LIGATION,GO_BP,-0.5433150693640435,0.7823577330133077,1.0232519753757556
GOBP_RNA_SPLICING_VIA_TRANSESTERIFICATION_REACTIONS,GO_BP,1.9979234260308767,1.3219361336807067,-0.7968769297587939
GOBP_RNA_SURVEILLANCE,GO_BP,1.3748461734518622,1.2281832607653036,-0.8442833623118774
GOBP_RNA_TEMPLATED_DNA_BIOSYNTHETIC_PROCESS,GO_BP,2.058721625684328,-0.802345902110121,0.7715366609897113
GOBP_ROOF_OF_MOUTH_DEVELOPMENT,GO_BP,-1.1096222548193049,1.2447869864799477,-0.9192406136291574
GOBP_RRNA_CATABOLIC_PROCESS,GO_BP,0.7971523529545573,0.9038283352123544,1.316171774067454
GOBP_RRNA_METABOLIC_PROCESS,GO_BP,2.1227271705086146,1.3643107717123175,0.9592111913547
GOBP_RRNA_METHYLATION,GO_BP,1.5740575393018406,0.7568544335585974,0.9261218013821092
GOBP_RRNA_MODIFICATION,GO_BP,1.799197744057747,0.6519211407441127,0.9651104255302422
GOBP_RRNA_PROCESSING,GO_BP,2.236906586731729,1.216636158184891,0.9733507793565868
GOBP_RRNA_TRANSCRIPTION,GO_BP,1.2480849116850994,1.3163931713662755,-0.7531361342206331
GOBP_RUFFLE_ASSEMBLY,GO_BP,-0.8840917731056,1.241289787491327,1.776778227546782
GOBP_RUFFLE_ORGANIZATION,GO_BP,-1.22702712955211,1.4075610699472465,1.7940610556219634
GOBP_SALIVARY_GLAND_DEVELOPMENT,GO_BP,-1.6775291457088055,1.60200185286508,1.025190860767938
GOBP_SARCOMERE_ORGANIZATION,GO_BP,-1.709753488205945,-0.8772016638835873,1.4816890188669491
GOBP_SARCOPLASMIC_RETICULUM_CALCIUM_ION_TRANSPORT,GO_BP,-1.0493985184373034,-0.8913808069639814,-0.6890770462095442
GOBP_SCF_DEPENDENT_PROTEASOMAL_UBIQUITIN_DEPENDENT_PROTEIN_CATABOLIC_PROCESS,GO_BP,0.9875636179616774,1.0081194888575686,0.7657867567570624
GOBP_SCHWANN_CELL_DIFFERENTIATION,GO_BP,-1.5077683842503005,-1.003049753210123,-0.783054659446168
GOBP_SECONDARY_METABOLIC_PROCESS,GO_BP,-1.474998953437151,1.3728177885921165,1.4854964186130657
GOBP_SECONDARY_METABOLITE_BIOSYNTHETIC_PROCESS,GO_BP,-1.622424376782985,0.6432199808984574,0.968828026511366
GOBP_SECONDARY_PALATE_DEVELOPMENT,GO_BP,-1.5475965791366282,0.9992366672765192,-0.9100326890904104
GOBP_SECRETION_BY_TISSUE,GO_BP,-1.211173274927219,1.3116270971702766,-1.2907175098457315
GOBP_SECRETORY_GRANULE_LOCALIZATION,GO_BP,-0.9847665399915344,-0.866449127917836,1.147123866162187
GOBP_SECRETORY_GRANULE_ORGANIZATION,GO_BP,1.1282365265846537,1.0913156932100272,0.7860922661216304
GOBP_SEGMENTATION,GO_BP,-1.2497357289485014,1.13043171285662,0.6999622734937557
GOBP_SEMAPHORIN_PLEXIN_SIGNALING_PATHWAY,GO_BP,-1.7878867287449485,-1.046088458718897,-0.785392130900783
GOBP_SEMI_LUNAR_VALVE_DEVELOPMENT,GO_BP,-1.3535210384655536,1.133737247013756,0.8943283515656447
GOBP_SENSORY_ORGAN_DEVELOPMENT,GO_BP,-1.6137409467340331,1.479790270636237,0.8368517580318705
GOBP_SENSORY_ORGAN_MORPHOGENESIS,GO_BP,-1.586483191153012,1.5770467438772378,-1.1482787228346008
GOBP_SENSORY_PERCEPTION,GO_BP,-1.1921101481121366,1.0677370673146256,-1.165006381763562
GOBP_SENSORY_PERCEPTION_OF_CHEMICAL_STIMULUS,GO_BP,0.8348552766669292,-0.7747596938332562,-1.0084550521070297
GOBP_SENSORY_PERCEPTION_OF_LIGHT_STIMULUS,GO_BP,-1.3202789882706485,1.0229442539651712,-0.9443498968898724
GOBP_SENSORY_PERCEPTION_OF_MECHANICAL_STIMULUS,GO_BP,-1.2945745033103255,1.305934967923499,-1.1656113272783986
GOBP_SENSORY_PERCEPTION_OF_PAIN,GO_BP,1.2423131359029127,0.9729039048774768,1.209465933578962
GOBP_SENSORY_PERCEPTION_OF_TEMPERATURE_STIMULUS,GO_BP,1.0988481079061745,0.9402071894155236,-1.1155069279783
GOBP_SENSORY_SYSTEM_DEVELOPMENT,GO_BP,-1.6075155916515886,1.4104126268062378,-0.9224847964681252
GOBP_SEQUESTERING_OF_CALCIUM_ION,GO_BP,-1.1247518068060929,-1.1065392751434802,0.934421857269977
GOBP_SEX_DIFFERENTIATION,GO_BP,-1.4170515115547395,1.1857870441283158,0.9372270555482678
GOBP_SIGNALING_RECEPTOR_LIGAND_PRECURSOR_PROCESSING,GO_BP,1.2590763904428506,-1.4008251621943597,1.188879829440885
GOBP_SIGNAL_RELEASE,GO_BP,1.0127341407501562,1.0007883903139407,-0.8601015443742482
GOBP_SIGNAL_TRANSDUCTION_BY_P53_CLASS_MEDIATOR,GO_BP,1.4085267454178307,1.4584234480975595,0.9073015328854552
GOBP_SIGNAL_TRANSDUCTION_IN_ABSENCE_OF_LIGAND,GO_BP,-1.505373765109313,-1.3368645702382111,-1.2156606791102584
GOBP_SIGNAL_TRANSDUCTION_IN_RESPONSE_TO_DNA_DAMAGE,GO_BP,1.890990290504457,1.3179108308597145,1.055201217122291
GOBP_SINGLE_FERTILIZATION,GO_BP,1.0960617534167514,-0.9956926300635824,-0.9596404335862772
GOBP_SISTER_CHROMATID_COHESION,GO_BP,2.301367585835148,1.1177175776451416,-0.8768267863953207
GOBP_SISTER_CHROMATID_SEGREGATION,GO_BP,2.7660865767980805,-1.0912334673824176,-1.135698363428358
GOBP_SKELETAL_MUSCLE_CELL_DIFFERENTIATION,GO_BP,-1.4933900172110617,1.5018173175396805,-0.9548399206016758
GOBP_SKELETAL_MUSCLE_CELL_PROLIFERATION,GO_BP,-1.2591481134390792,1.5431685475036383,1.1987427999414273
GOBP_SKELETAL_MUSCLE_CONTRACTION,GO_BP,-1.3162872942014825,0.878756310947169,-0.9757825211016068
GOBP_SKELETAL_MUSCLE_ORGAN_DEVELOPMENT,GO_BP,-1.3945036955334456,1.2301497846071694,-1.0319624161766106
GOBP_SKELETAL_MUSCLE_TISSUE_REGENERATION,GO_BP,-1.2920909911690317,-1.0522438808368018,-1.011042770683048
GOBP_SKELETAL_SYSTEM_DEVELOPMENT,GO_BP,-1.7354849399281356,1.7526537661039554,-0.940992079605146
GOBP_SKELETAL_SYSTEM_MORPHOGENESIS,GO_BP,-1.7319919255845897,1.5736174392665734,-0.995778246112968
GOBP_SKIN_DEVELOPMENT,GO_BP,-1.690974391882533,1.5002478678730948,1.1942904278684705
GOBP_SKIN_EPIDERMIS_DEVELOPMENT,GO_BP,-1.3895371194324415,0.9203438091598364,1.3352240403464908
GOBP_SMAD_PROTEIN_SIGNAL_TRANSDUCTION,GO_BP,-1.2386672323355543,2.016793645923588,1.3011522658864565
GOBP_SMALL_GTPASE_MEDIATED_SIGNAL_TRANSDUCTION,GO_BP,-1.3276135542846712,1.333066023892619,0.938799771778774
GOBP_SMALL_MOLECULE_CATABOLIC_PROCESS,GO_BP,1.4417003917921796,-1.439510124294232,-1.020174738334882
GOBP_SMOOTHENED_SIGNALING_PATHWAY,GO_BP,-0.9818183252204596,0.9151227288627404,-0.6860041335901559
GOBP_SMOOTH_MUSCLE_CELL_APOPTOTIC_PROCESS,GO_BP,-1.300899258513254,1.4397896249111553,0.6081856763254229
GOBP_SMOOTH_MUSCLE_CELL_DIFFERENTIATION,GO_BP,1.1690812853438686,1.590081494395872,0.976091557917572
GOBP_SMOOTH_MUSCLE_CELL_MIGRATION,GO_BP,-1.6212057757749387,1.529462598973509,-0.8646034723820922
GOBP_SMOOTH_MUSCLE_CELL_PROLIFERATION,GO_BP,-1.801006535559465,1.6318677565883934,0.9606206194875112
GOBP_SMOOTH_MUSCLE_CONTRACTION,GO_BP,-1.3682141858701613,1.2339002792709646,0.8974472847260287
GOBP_SMOOTH_MUSCLE_TISSUE_DEVELOPMENT,GO_BP,-1.3644740713664112,1.3794699909870112,-0.7733574085329218
GOBP_SNARE_COMPLEX_ASSEMBLY,GO_BP,-0.8613619865461305,-1.1846376268360466,-0.7960598394173062
GOBP_SNRNA_3_END_PROCESSING,GO_BP,1.5498600502178073,0.6067179912791676,0.8498631408164026
GOBP_SNRNA_METABOLIC_PROCESS,GO_BP,1.6212449237329143,0.7671115468724851,0.8210715701041625
GOBP_SNRNA_PROCESSING,GO_BP,1.723189530731018,0.8352124762490677,0.6628630404473935
GOBP_SNRNA_TRANSCRIPTION,GO_BP,0.934390509805841,0.6572497629408521,0.9129837689898448
GOBP_SODIUM_ION_HOMEOSTASIS,GO_BP,-1.758003043111449,-1.0544893154051604,-0.9695066158602405
GOBP_SODIUM_ION_IMPORT_ACROSS_PLASMA_MEMBRANE,GO_BP,-1.4904764512519235,-1.3539352494215091,0.9667507910479916
GOBP_SODIUM_ION_TRANSMEMBRANE_TRANSPORT,GO_BP,-1.574937391099798,-0.8738603069938128,-1.0685517837257563
GOBP_SODIUM_ION_TRANSPORT,GO_BP,-1.475896138066192,0.9006035890297702,-0.9602421453757424
GOBP_SOMATIC_DIVERSIFICATION_OF_IMMUNE_RECEPTORS,GO_BP,1.5956023323838122,0.9980620386330028,1.324466078833402
GOBP_SOMATIC_DIVERSIFICATION_OF_IMMUNOGLOBULINS,GO_BP,1.378008302935854,1.0325076883455842,1.1969706008169727
GOBP_SOMATIC_STEM_CELL_POPULATION_MAINTENANCE,GO_BP,1.0050393401018485,1.6263258810610013,0.6575640855425022
GOBP_SOMITE_DEVELOPMENT,GO_BP,-1.258536090672113,-1.167722330575938,0.8038119635531723
GOBP_SOMITOGENESIS,GO_BP,-1.2847050419484638,-1.0789856781125218,1.0562300772783058
GOBP_SPECIFICATION_OF_ANIMAL_ORGAN_IDENTITY,GO_BP,-1.861093791880004,1.150881846281084,1.069511812798753
GOBP_SPECIFICATION_OF_SYMMETRY,GO_BP,1.1654933798147848,1.1155845015716035,-0.7576169418658065
GOBP_SPERMATID_DIFFERENTIATION,GO_BP,1.1268428613903598,0.8576191467429835,-0.7515565945150472
GOBP_SPERMATID_NUCLEUS_DIFFERENTIATION,GO_BP,1.2285279584547426,0.839218342445212,1.089477022233402
GOBP_SPERM_AXONEME_ASSEMBLY,GO_BP,-0.9057424809162072,-1.4156227537105337,-1.7058703149800514
GOBP_SPERM_EGG_RECOGNITION,GO_BP,1.5136613986094631,-0.961092681092996,-0.6406085640400553
GOBP_SPERM_FLAGELLUM_ASSEMBLY,GO_BP,0.8722992712332299,-1.720893627619961,-1.652942703099077
GOBP_SPHINGOID_METABOLIC_PROCESS,GO_BP,-1.0554635348515005,-0.9655929267697408,1.1706478637316355
GOBP_SPHINGOLIPID_BIOSYNTHETIC_PROCESS,GO_BP,-1.231110391254347,-1.1230429909134552,1.401767626584037
GOBP_SPHINGOLIPID_METABOLIC_PROCESS,GO_BP,-1.516498541800096,-1.320212722197838,1.313580113624181
GOBP_SPHINGOMYELIN_METABOLIC_PROCESS,GO_BP,-1.2259243798713029,-1.4605171690727174,0.9321928783732782
GOBP_SPINAL_CORD_DEVELOPMENT,GO_BP,-1.305425465283019,0.9872941563815452,-0.7924274476764656
GOBP_SPINAL_CORD_MOTOR_NEURON_DIFFERENTIATION,GO_BP,-1.3928466888953437,0.8083490363560955,1.25808326956731
GOBP_SPINDLE_ASSEMBLY,GO_BP,2.19229792826881,-1.3251057278094625,-1.4889581035207773
GOBP_SPINDLE_LOCALIZATION,GO_BP,1.849989589013096,1.2788504448158342,-1.191800824445186
GOBP_SPINDLE_ORGANIZATION,GO_BP,2.2787071808335324,-1.2485743799881257,-1.351758953763757
GOBP_SPLEEN_DEVELOPMENT,GO_BP,-1.475414040897428,1.200055646542446,1.238688427248361
GOBP_SPLICEOSOMAL_COMPLEX_ASSEMBLY,GO_BP,1.75382991977277,1.2357631210614213,-0.5730045401435413
GOBP_SPLICEOSOMAL_CONFORMATIONAL_CHANGES_TO_GENERATE_CATALYTIC_CONFORMATION,GO_BP,1.8634649332994324,-0.6809618878789601,-1.085837041620468
GOBP_SPLICEOSOMAL_SNRNP_ASSEMBLY,GO_BP,2.0893829534835384,0.8283918417231345,-0.9128400429913228
GOBP_SPLICEOSOMAL_TRI_SNRNP_COMPLEX_ASSEMBLY,GO_BP,1.910985538057768,1.003384144977627,-0.8244225977606935
GOBP_SPROUTING_ANGIOGENESIS,GO_BP,-1.323716372722455,1.866365557909097,1.0993176980086397
GOBP_SRP_DEPENDENT_COTRANSLATIONAL_PROTEIN_TARGETING_TO_MEMBRANE,GO_BP,-0.6883344629543865,1.8522873109546976,-0.7312186862909945
GOBP_STEM_CELL_DEVELOPMENT,GO_BP,-1.585611351246636,1.1818625878512412,-0.9972098144754148
GOBP_STEM_CELL_DIFFERENTIATION,GO_BP,-1.3219212870900328,1.574623397453478,1.0026574009608138
GOBP_STEM_CELL_DIVISION,GO_BP,0.8972320796298902,1.5195576700761466,0.6225715013014651
GOBP_STEM_CELL_PROLIFERATION,GO_BP,1.0932542688480726,1.6055966121728935,0.7520536812555698
GOBP_STEROID_BIOSYNTHETIC_PROCESS,GO_BP,-1.525932511219603,-1.3798237817609016,1.7972068292660683
GOBP_STEROID_CATABOLIC_PROCESS,GO_BP,-1.277037503207956,-1.2604977999781817,0.7610168249848489
GOBP_STEROID_HORMONE_BIOSYNTHETIC_PROCESS,GO_BP,-1.128181953563594,1.2580547365532735,1.3410403401593105
GOBP_STEROID_HORMONE_RECEPTOR_SIGNALING_PATHWAY,GO_BP,-1.0362187765717292,1.2331736353309282,-0.7955611501625917
GOBP_STEROID_METABOLIC_PROCESS,GO_BP,-1.5835867337843863,-1.320814825896116,1.5633516785428732
GOBP_STEROL_BIOSYNTHETIC_PROCESS,GO_BP,-1.5880347036471865,-2.2547922724458678,1.757732079292251
GOBP_STEROL_HOMEOSTASIS,GO_BP,-1.6050333278318896,-1.1255620741144183,1.1816436967970465
GOBP_STEROL_METABOLIC_PROCESS,GO_BP,-1.593400436835132,-1.7986582768075348,1.813687171264167
GOBP_STEROL_TRANSPORT,GO_BP,-1.2408009552512853,-1.3627816631768728,1.5487922811069648
GOBP_STRESS_ACTIVATED_PROTEIN_KINASE_SIGNALING_CASCADE,GO_BP,1.2835625143879892,1.4253123146787026,0.8400858672762076
GOBP_STRESS_FIBER_ASSEMBLY,GO_BP,-1.604467958139538,1.055490201500953,0.956286073766697
GOBP_STRESS_GRANULE_ASSEMBLY,GO_BP,0.8007784970609572,1.129369364546616,-0.890729882704888
GOBP_STRIATED_MUSCLE_ADAPTATION,GO_BP,-1.2521354366668975,-0.9595559858662072,-0.9871771365962152
GOBP_STRIATED_MUSCLE_CELL_APOPTOTIC_PROCESS,GO_BP,-1.186184395503071,-1.2290805180966833,-0.8462377966579373
GOBP_STRIATED_MUSCLE_CELL_DIFFERENTIATION,GO_BP,-1.688432992008919,-1.2105424637197404,-1.2032746964770766
GOBP_STRIATED_MUSCLE_CELL_PROLIFERATION,GO_BP,-1.182399710802986,1.5341501414449823,1.1097559736859173
GOBP_STRIATED_MUSCLE_CONTRACTION,GO_BP,-1.548825319330954,-1.2851188252752537,-1.1800933908719735
GOBP_STRIATUM_DEVELOPMENT,GO_BP,-1.190498283047137,-1.8694103158551247,1.458698368448502
GOBP_SUBPALLIUM_DEVELOPMENT,GO_BP,-1.1457127423455609,-1.609776340600418,1.4470180111243245
GOBP_SUBSTANTIA_NIGRA_DEVELOPMENT,GO_BP,-1.2854968082432463,1.0481918780103134,0.6501224420504053
GOBP_SUBSTRATE_ADHESION_DEPENDENT_CELL_SPREADING,GO_BP,-1.6639521557188353,1.2695252682450284,1.142161602278596
GOBP_SUBSTRATE_DEPENDENT_CELL_MIGRATION,GO_BP,-1.1728577051019218,1.3592454699320926,1.0486462364821758
GOBP_SULFUR_AMINO_ACID_METABOLIC_PROCESS,GO_BP,-1.0056712533151484,-1.2451101776291325,-1.1426917132075307
GOBP_SULFUR_COMPOUND_BIOSYNTHETIC_PROCESS,GO_BP,1.2206541780330842,-1.3367577838549125,-0.8937059082569271
GOBP_SULFUR_COMPOUND_CATABOLIC_PROCESS,GO_BP,1.4734560000565708,-0.9359917870444654,1.0675273832873295
GOBP_SULFUR_COMPOUND_METABOLIC_PROCESS,GO_BP,1.110483271843654,-1.392368877324369,-0.8819377244717593
GOBP_SULFUR_COMPOUND_TRANSPORT,GO_BP,-1.2371527143897532,1.2213051399269002,-0.9517087143181492
GOBP_SUPEROXIDE_ANION_GENERATION,GO_BP,1.05618349081546,-1.018134564353208,-1.2825843150967453
GOBP_SUPEROXIDE_METABOLIC_PROCESS,GO_BP,1.148635316967765,0.9258699489579508,-0.6899159730061903
GOBP_SUPPRESSION_OF_VIRAL_RELEASE_BY_HOST,GO_BP,0.7405478558803092,1.3445613455121497,1.2138163657685586
GOBP_SYMBIONT_ENTRY_INTO_HOST,GO_BP,1.1667750111573787,-1.4640839746757732,1.9605120718413005
GOBP_SYNAPSE_ASSEMBLY,GO_BP,-1.687661708503586,0.8782327329636082,-0.9511972599172364
GOBP_SYNAPSE_MATURATION,GO_BP,-1.1673399650181062,-0.9542445730886524,0.9555476758134012
GOBP_SYNAPSE_ORGANIZATION,GO_BP,-1.6397254472703315,-1.0076026436767005,0.9773972718167994
GOBP_SYNAPTIC_MEMBRANE_ADHESION,GO_BP,1.3488549644698689,-1.1678785804850933,-1.4612086184197566
GOBP_SYNAPTIC_TRANSMISSION_GABAERGIC,GO_BP,0.96975221153041,0.9634384730078274,-1.1594053443071366
GOBP_SYNAPTIC_TRANSMISSION_GLUTAMATERGIC,GO_BP,-1.619834153066514,1.2242881867887292,1.0175001790120326
GOBP_SYNAPTIC_VESICLE_CYTOSKELETAL_TRANSPORT,GO_BP,-1.0239375549364127,0.8987055555014006,0.6995107616518346
GOBP_SYNAPTIC_VESICLE_EXOCYTOSIS,GO_BP,-0.8183863591429007,-1.1177870449672838,-0.9236117246033088
GOBP_SYNAPTIC_VESICLE_LOCALIZATION,GO_BP,-0.9751010831717998,-0.778148350008067,-0.6012735463277724
GOBP_SYNAPTIC_VESICLE_MATURATION,GO_BP,-0.8637419234584774,1.2052730815964283,0.7341398133227648
GOBP_SYNAPTIC_VESICLE_MEMBRANE_ORGANIZATION,GO_BP,0.8581275963788488,-1.461967040107793,-1.3366211522267408
GOBP_SYNAPTIC_VESICLE_PRIMING,GO_BP,0.9489412715650672,0.7570655651155979,-0.7115663021909813
GOBP_SYNAPTIC_VESICLE_RECYCLING,GO_BP,1.0385991414178903,-1.0146682905861444,0.6493031706404528
GOBP_SYNAPTIC_VESICLE_TRANSPORT,GO_BP,-0.8237728352551015,0.7747403812422486,-0.6049821447250012
GOBP_SYNCYTIUM_FORMATION,GO_BP,-0.8659475016641791,-2.4046279415784326,-1.6647338014178623
GOBP_TAIL_ANCHORED_MEMBRANE_PROTEIN_INSERTION_INTO_ER_MEMBRANE,GO_BP,0.7763484838290214,-1.0886704270088694,-0.9646295176173176
GOBP_TAXIS,GO_BP,-1.847557187066507,1.4375634823145589,2.2875052271646648
GOBP_TELENCEPHALON_DEVELOPMENT,GO_BP,-1.3264221886853385,1.3850560895658617,1.2049906382371598
GOBP_TELENCEPHALON_GLIAL_CELL_MIGRATION,GO_BP,0.8794949711553913,-0.8889541631228891,-1.2467512800002374
GOBP_TELOMERASE_RNA_LOCALIZATION,GO_BP,1.9666784371406087,1.1062521765474214,0.7738409958932863
GOBP_TELOMERE_CAPPING,GO_BP,1.5787769551100792,-1.251635047776407,-0.7149363444723851
GOBP_TELOMERE_MAINTENANCE_IN_RESPONSE_TO_DNA_DAMAGE,GO_BP,1.590927396438779,-1.1356393634501911,-0.4491717904475565
GOBP_TELOMERE_MAINTENANCE_VIA_TELOMERE_LENGTHENING,GO_BP,2.078524859540282,-0.9591162848563798,0.7661810602713489
GOBP_TELOMERE_ORGANIZATION,GO_BP,2.2370668509637377,0.9244493665185172,0.747931665256693
GOBP_TEMPERATURE_HOMEOSTASIS,GO_BP,-1.016649197481663,1.3071182748145855,-0.9677351744800788
GOBP_TERMINATION_OF_RNA_POLYMERASE_III_TRANSCRIPTION,GO_BP,1.031466094280736,0.647839425246814,1.0173782665392983
GOBP_TERPENOID_BIOSYNTHETIC_PROCESS,GO_BP,-0.7737872955539921,-2.110798791760629,1.188818750206841
GOBP_TETRAHYDROFOLATE_METABOLIC_PROCESS,GO_BP,-1.0421276613240045,1.0854570836711006,1.0074972679328156
GOBP_TETRAPYRROLE_BIOSYNTHETIC_PROCESS,GO_BP,-0.8753709400234932,-1.4685569522402653,1.0374430601540907
GOBP_TETRAPYRROLE_METABOLIC_PROCESS,GO_BP,-1.0811890843520815,-1.2336902891194594,0.9172718512772612
GOBP_THYMIC_T_CELL_SELECTION,GO_BP,-1.0112126797060188,1.2186008854511483,1.2729697545863838
GOBP_THYMUS_DEVELOPMENT,GO_BP,-1.1350305326436378,1.4308755511008804,-0.7470739841754556
GOBP_THYROID_GLAND_DEVELOPMENT,GO_BP,-1.273585101368221,-0.8622506829772164,-0.9113087449058976
GOBP_TIGHT_JUNCTION_ORGANIZATION,GO_BP,-1.1342260162517983,0.8952493075653055,-0.7055208730864384
GOBP_TISSUE_HOMEOSTASIS,GO_BP,-1.4773546349744169,1.082543223295817,1.5034385913029769
GOBP_TISSUE_MIGRATION,GO_BP,-1.1753305517429866,1.190985512940789,-0.6570862033803808
GOBP_TISSUE_REGENERATION,GO_BP,-1.4014945645881194,-1.1550853292362564,-0.921745652535897
GOBP_TISSUE_REMODELING,GO_BP,-1.3682418195439665,1.3115826414550216,1.0634595313462627
GOBP_TOLERANCE_INDUCTION,GO_BP,0.7590113824134105,0.978701911420496,2.0865074692088155
GOBP_TOLL_LIKE_RECEPTOR_3_SIGNALING_PATHWAY,GO_BP,1.0159039617987855,0.9096091163497853,1.8381946932397728
GOBP_TOLL_LIKE_RECEPTOR_SIGNALING_PATHWAY,GO_BP,0.9303083430833248,1.3494774236518876,2.3005973701702853
GOBP_TOOTH_MINERALIZATION,GO_BP,-1.117570467629759,0.7765385292361268,-1.154519529741724
GOBP_TORC1_SIGNALING,GO_BP,-0.7311086597439387,1.2763902631839317,-0.833344421716848
GOBP_TORC2_SIGNALING,GO_BP,-0.9338447894217254,1.1625229817505112,-0.5824051283692564
GOBP_TOR_SIGNALING,GO_BP,-0.9635696175848424,1.4730151627573826,-0.7505945330264585
GOBP_TRABECULA_FORMATION,GO_BP,-1.7673238689329218,1.6391627449662856,-0.8786507381347125
GOBP_TRABECULA_MORPHOGENESIS,GO_BP,-1.307263082182942,1.4172145050102356,0.7764321211766494
GOBP_TRACHEA_DEVELOPMENT,GO_BP,-1.0714655634626813,1.4447648456721975,0.8989191682873601
GOBP_TRANSCRIPTION_BY_RNA_POLYMERASE_I,GO_BP,0.9840340814362412,1.3913179329397152,0.7261428932729639
GOBP_TRANSCRIPTION_BY_RNA_POLYMERASE_III,GO_BP,1.0369858428856258,0.9082809047910556,1.3426376559502724
GOBP_TRANSCRIPTION_ELONGATION_BY_RNA_POLYMERASE_II,GO_BP,1.488541027621508,1.3729646395224795,-0.737023082849349
GOBP_TRANSCRIPTION_INITIATION_AT_RNA_POLYMERASE_III_PROMOTER,GO_BP,1.130773539985029,0.5683238711824534,0.83130236123219
GOBP_TRANSCRIPTION_INITIATION_AT_RNA_POLYMERASE_II_PROMOTER,GO_BP,1.2147104031753797,1.2459357361848848,0.7700865732315367
GOBP_TRANSCRIPTION_INITIATION_AT_RNA_POLYMERASE_I_PROMOTER,GO_BP,0.9449739997469336,-0.9061575729333866,-1.3447849233435871
GOBP_TRANSCRIPTION_PREINITIATION_COMPLEX_ASSEMBLY,GO_BP,1.2350453173831248,1.0178467563042146,0.9263102744413404
GOBP_TRANSCYTOSIS,GO_BP,-1.29999572201178,0.5336925167338249,-1.0748875360746593
GOBP_TRANSEPITHELIAL_TRANSPORT,GO_BP,-1.323924890462915,1.5228227754696098,-0.815993645844556
GOBP_TRANSFORMING_GROWTH_FACTOR_BETA_PRODUCTION,GO_BP,-1.4591199668134789,1.6979273537659303,-0.7054220098108875
GOBP_TRANSFORMING_GROWTH_FACTOR_BETA_RECEPTOR_SIGNALING_PATHWAY,GO_BP,-1.4620028148783502,1.64092629494247,0.8336878382970887
GOBP_TRANSITION_METAL_ION_TRANSPORT,GO_BP,-1.3199319277271888,1.0650201838589577,1.542846573412212
GOBP_TRANSLATIONAL_ELONGATION,GO_BP,0.9662017684359016,-1.019791284601803,0.8695835920840905
GOBP_TRANSLATIONAL_INITIATION,GO_BP,0.8247520922059025,1.26992601557545,-0.8615997396899875
GOBP_TRANSLATIONAL_TERMINATION,GO_BP,1.4877277085948486,0.68454492532459,1.0665452857057571
GOBP_TRANSMISSION_OF_NERVE_IMPULSE,GO_BP,-1.049765354896517,-0.7664436300626598,0.8392678328451553
GOBP_TRANSPOSITION,GO_BP,1.0131700954280272,-1.247404013566482,-0.9683734653405712
GOBP_TRICARBOXYLIC_ACID_CYCLE,GO_BP,1.548459620279416,-0.8763667347687358,0.7022388647714787
GOBP_TRIGLYCERIDE_METABOLIC_PROCESS,GO_BP,-1.400195670191437,-1.391548485685007,1.6043385790609264
GOBP_TRNA_DECAY,GO_BP,1.3046886962749105,-0.6139734624312366,0.780027097761841
GOBP_TRNA_METABOLIC_PROCESS,GO_BP,1.5573558268166543,0.9843767259753796,0.8974300058751304
GOBP_TRNA_METHYLATION,GO_BP,1.1596737278529443,-0.7247216717092091,-1.0587371867190178
GOBP_TRNA_MODIFICATION,GO_BP,1.272910083591868,0.6552567073766512,-0.7501277418670156
GOBP_TRNA_PROCESSING,GO_BP,1.3648793466418854,0.7836474060317534,0.7823811052825721
GOBP_TRNA_THREONYLCARBAMOYLADENOSINE_METABOLIC_PROCESS,GO_BP,1.521836085647664,1.1146203137011126,0.6734463210270807
GOBP_TRNA_WOBBLE_BASE_MODIFICATION,GO_BP,0.9954434387960464,-0.6324765795295627,0.6706906456110353
GOBP_TRNA_WOBBLE_URIDINE_MODIFICATION,GO_BP,0.6465551198785033,-0.8471760923731504,0.5120125152943009
GOBP_TROPHOBLAST_CELL_MIGRATION,GO_BP,1.029458174665187,1.4250972757825489,-0.8635424877331409
GOBP_TUBE_CLOSURE,GO_BP,-1.4178317129475149,1.3741094276734054,0.9414504411081742
GOBP_TUBE_FORMATION,GO_BP,-1.2227229171885248,1.6175658516676752,0.844031104948705
GOBP_TUBULIN_DEACETYLATION,GO_BP,-1.0400871534001086,-0.5108621068214937,-0.9349981045217908
GOBP_TUMOR_NECROSIS_FACTOR_MEDIATED_SIGNALING_PATHWAY,GO_BP,-0.8772642266821716,-1.1197712043796495,1.992302293202459
GOBP_TUMOR_NECROSIS_FACTOR_SUPERFAMILY_CYTOKINE_PRODUCTION,GO_BP,-1.16804445912791,1.1645701682710223,1.7579638965513156
GOBP_TYPE_2_IMMUNE_RESPONSE,GO_BP,-0.8332411906415121,1.4636488493708526,0.977608366222294
GOBP_TYPE_2_MITOPHAGY,GO_BP,0.9794747612180016,1.2118021304988502,1.0066017622892445
GOBP_TYPE_B_PANCREATIC_CELL_DEVELOPMENT,GO_BP,-1.445979438888312,-0.928727431947972,-1.0586294104750316
GOBP_TYPE_B_PANCREATIC_CELL_DIFFERENTIATION,GO_BP,-1.553827889757755,-0.9346047832170444,-1.0434406606544049
GOBP_TYPE_B_PANCREATIC_CELL_PROLIFERATION,GO_BP,-1.684600466126324,1.2171213082374392,-1.628112839920169
GOBP_TYPE_II_INTERFERON_MEDIATED_SIGNALING_PATHWAY,GO_BP,-0.6508526662722829,1.0424844423251007,1.5487781321328893
GOBP_TYPE_II_INTERFERON_PRODUCTION,GO_BP,0.9825405451766924,1.0780494252376256,1.524216812202807
GOBP_TYPE_I_INTERFERON_MEDIATED_SIGNALING_PATHWAY,GO_BP,0.8759426282977669,1.6951560193306685,1.0907689101576057
GOBP_TYPE_I_INTERFERON_PRODUCTION,GO_BP,0.997757699449566,1.2007117523161197,1.8667802157375415
GOBP_TYROSINE_PHOSPHORYLATION_OF_STAT_PROTEIN,GO_BP,1.149678571576005,1.8361031095927571,1.7504103098681627
GOBP_T_CELL_ACTIVATION,GO_BP,-1.1369539984156096,1.419028418024587,1.7404444331686335
GOBP_T_CELL_ACTIVATION_INVOLVED_IN_IMMUNE_RESPONSE,GO_BP,-0.9804212203886103,1.6462859294803445,1.9150126560058127
GOBP_T_CELL_APOPTOTIC_PROCESS,GO_BP,-1.2178394720225607,-0.8085533086003114,1.212100769906246
GOBP_T_CELL_CYTOKINE_PRODUCTION,GO_BP,0.7583287265391856,1.0253928433969348,1.1818200610406278
GOBP_T_CELL_DIFFERENTIATION,GO_BP,1.0829169095713949,1.4833594172736957,1.4516265577893848
GOBP_T_CELL_DIFFERENTIATION_INVOLVED_IN_IMMUNE_RESPONSE,GO_BP,0.9163359041332624,1.749656912656782,1.7433801931425057
GOBP_T_CELL_DIFFERENTIATION_IN_THYMUS,GO_BP,-1.4226304348943135,1.1552502039822796,1.35053877366253
GOBP_T_CELL_HOMEOSTASIS,GO_BP,0.7793401458628196,1.101742460443699,1.1234478155665468
GOBP_T_CELL_LINEAGE_COMMITMENT,GO_BP,-0.9896537725053076,1.4127607777244768,1.1558047667641789
GOBP_T_CELL_MEDIATED_CYTOTOXICITY,GO_BP,-1.0410892506335223,-0.5523731392211945,1.094511625444804
GOBP_T_CELL_MEDIATED_IMMUNITY,GO_BP,-0.9961781196125564,0.8169095373103473,1.6262040616777096
GOBP_T_CELL_MIGRATION,GO_BP,-1.177304461601679,1.1040131031175575,1.970892520340925
GOBP_T_CELL_PROLIFERATION,GO_BP,-1.4642157609307191,0.8287279092863115,1.5610212076119596
GOBP_T_CELL_RECEPTOR_SIGNALING_PATHWAY,GO_BP,0.9479507700528526,0.9198065152658874,1.49744547354429
GOBP_T_CELL_SELECTION,GO_BP,-1.150482108577742,1.4074555977614704,1.4169819933188847
GOBP_T_HELPER_17_CELL_DIFFERENTIATION,GO_BP,-1.0117581675606988,1.911720110267128,1.741574181618425
GOBP_T_HELPER_17_TYPE_IMMUNE_RESPONSE,GO_BP,-0.9592233822080076,1.9168353529146125,1.6290142013580713
GOBP_T_HELPER_1_CELL_DIFFERENTIATION,GO_BP,0.9703081254988696,1.3591441134564572,2.008960545697515
GOBP_T_HELPER_1_TYPE_IMMUNE_RESPONSE,GO_BP,1.093581646450753,1.5019526778793624,2.117544975381514
GOBP_T_HELPER_CELL_LINEAGE_COMMITMENT,GO_BP,-1.1096855838608115,1.316775670957077,0.9657867832896824
GOBP_U2_TYPE_PRESPLICEOSOME_ASSEMBLY,GO_BP,1.7966470454433148,0.938435014452041,-1.1248781534414056
GOBP_UBIQUITIN_DEPENDENT_PROTEIN_CATABOLIC_PROCESS_VIA_THE_MULTIVESICULAR_BODY_SORTING_PATHWAY,GO_BP,-0.6022199573915239,0.9823619187392848,0.9062753680138516
GOBP_UNSATURATED_FATTY_ACID_BIOSYNTHETIC_PROCESS,GO_BP,0.9025743659069494,1.1518542334781454,0.8830508226549908
GOBP_UNSATURATED_FATTY_ACID_METABOLIC_PROCESS,GO_BP,-1.1729572291493426,1.0725470089469145,1.3117050622019315
GOBP_UROGENITAL_SYSTEM_DEVELOPMENT,GO_BP,-1.3215963721132236,1.4979036396728558,-0.9880111238725264
GOBP_UTERUS_DEVELOPMENT,GO_BP,-1.2478700385435455,-0.6983926938173364,0.6951460454233216
GOBP_VACUOLAR_ACIDIFICATION,GO_BP,-1.4037114298633837,1.295335781663441,0.5463317163082227
GOBP_VACUOLAR_LOCALIZATION,GO_BP,0.9610538537078618,1.0213490911727725,-0.7844447152815714
GOBP_VACUOLAR_TRANSPORT,GO_BP,-1.799748847440556,1.0071349533526763,0.9153763633037392
GOBP_VACUOLE_ORGANIZATION,GO_BP,-1.8255738764601264,0.9964611858366064,-0.5943783439483956
GOBP_VASCULAR_ASSOCIATED_SMOOTH_MUSCLE_CELL_DIFFERENTIATION,GO_BP,-1.3023852007839205,1.4950069423722838,1.297386087867236
GOBP_VASCULAR_ASSOCIATED_SMOOTH_MUSCLE_CELL_MIGRATION,GO_BP,-1.7809012066707912,1.5845625644105743,-0.6722836932708163
GOBP_VASCULAR_ASSOCIATED_SMOOTH_MUSCLE_CELL_PROLIFERATION,GO_BP,-2.064832052159359,1.3622741701567571,0.7986313502232062
GOBP_VASCULAR_ASSOCIATED_SMOOTH_MUSCLE_CONTRACTION,GO_BP,-1.2331929923615266,1.2637759020046455,-1.4434823069515743
GOBP_VASCULAR_ENDOTHELIAL_CELL_PROLIFERATION,GO_BP,-1.52663477441888,1.2971447631295865,1.707342283182632
GOBP_VASCULAR_ENDOTHELIAL_CELL_RESPONSE_TO_FLUID_SHEAR_STRESS,GO_BP,-0.8884687101545745,1.064308676077599,-0.6661168946776297
GOBP_VASCULAR_ENDOTHELIAL_CELL_RESPONSE_TO_LAMINAR_FLUID_SHEAR_STRESS,GO_BP,-0.9406891446442598,-1.017492793490996,-0.8044634394187067
GOBP_VASCULAR_ENDOTHELIAL_GROWTH_FACTOR_PRODUCTION,GO_BP,-1.1428471025895697,2.008995825471117,1.6368831667089208
GOBP_VASCULAR_ENDOTHELIAL_GROWTH_FACTOR_RECEPTOR_SIGNALING_PATHWAY,GO_BP,1.0028955926052214,-1.1460234948672618,-0.814402485527771
GOBP_VASCULAR_ENDOTHELIAL_GROWTH_FACTOR_SIGNALING_PATHWAY,GO_BP,-1.3065773085134875,1.1606628523030051,1.0746628046246736
GOBP_VASCULAR_PROCESS_IN_CIRCULATORY_SYSTEM,GO_BP,-1.7748951071681252,1.3521215487027394,1.0763129011261403
GOBP_VASCULAR_TRANSPORT,GO_BP,-1.4423829118680227,1.421266247648743,-0.8488448948248447
GOBP_VASCULOGENESIS,GO_BP,1.0578832757154284,1.2584431861357686,1.4419636266574145
GOBP_VASOCONSTRICTION,GO_BP,-1.5418124963321844,0.906224738322632,-1.2773389728848
GOBP_VASODILATION,GO_BP,-1.0812289114483593,1.2600064983662114,1.0699393967301103
GOBP_VENTRAL_SPINAL_CORD_DEVELOPMENT,GO_BP,0.963994503949558,0.7746684109423156,0.9835551102441802
GOBP_VENTRICULAR_CARDIAC_MUSCLE_TISSUE_DEVELOPMENT,GO_BP,-1.0586971715737887,1.668679500432142,-0.6757991817625445
GOBP_VENTRICULAR_CARDIAC_MUSCLE_TISSUE_MORPHOGENESIS,GO_BP,-1.1881147628561772,1.420031455010127,0.6669629923300454
GOBP_VENTRICULAR_SEPTUM_DEVELOPMENT,GO_BP,-1.1444547765215447,1.430638312406146,0.7751141649147468
GOBP_VENTRICULAR_SEPTUM_MORPHOGENESIS,GO_BP,-1.1376376609024106,1.5963048602145309,0.6943280308710144
GOBP_VENTRICULAR_SYSTEM_DEVELOPMENT,GO_BP,-0.9309325285357208,-1.1196948548566623,0.8288795569045427
GOBP_VERY_LONG_CHAIN_FATTY_ACID_METABOLIC_PROCESS,GO_BP,0.931166495815737,-1.1693346529571564,-0.8788042981923194
GOBP_VESICLE_BUDDING_FROM_MEMBRANE,GO_BP,-1.124558505409379,1.2209696160684858,-0.7550709701817532
GOBP_VESICLE_CARGO_LOADING,GO_BP,-1.451104889540436,1.688164651669778,0.8834590963694
GOBP_VESICLE_COATING,GO_BP,-0.5737533471919154,1.234355562949912,-0.8361429482528382
GOBP_VESICLE_CYTOSKELETAL_TRAFFICKING,GO_BP,-1.2535846761367158,1.0158535197507643,-0.7771100753496751
GOBP_VESICLE_DOCKING,GO_BP,0.8054342472208367,-0.9833937875315858,0.6789222176839895
GOBP_VESICLE_DOCKING_INVOLVED_IN_EXOCYTOSIS,GO_BP,0.981996537450147,-1.311924825523231,0.6493060394693315
GOBP_VESICLE_FUSION_TO_PLASMA_MEMBRANE,GO_BP,1.160187315600112,-1.5737570351944028,-1.3531312852980355
GOBP_VESICLE_LOCALIZATION,GO_BP,-0.9565745163266516,-0.7055192701901909,-0.7491255043347096
GOBP_VESICLE_MEDIATED_TRANSPORT_BETWEEN_ENDOSOMAL_COMPARTMENTS,GO_BP,-1.0375289419062783,-0.8994474989202162,0.8704787081694633
GOBP_VESICLE_MEDIATED_TRANSPORT_IN_SYNAPSE,GO_BP,-0.90832366509357,0.8918095043593215,0.715579074812084
GOBP_VESICLE_MEDIATED_TRANSPORT_TO_THE_PLASMA_MEMBRANE,GO_BP,-1.106008673848971,1.2166654495789244,1.0807556787829673
GOBP_VESICLE_ORGANIZATION,GO_BP,-1.0390717889733954,1.274974763889509,0.9382022443067596
GOBP_VESICLE_TARGETING,GO_BP,-0.6288067755694003,0.9910172919188592,-0.767876602180269
GOBP_VESICLE_TARGETING_ROUGH_ER_TO_CIS_GOLGI,GO_BP,0.6097765280382992,1.3277328467775515,-0.8163398897022651
GOBP_VESICLE_TARGETING_TO_FROM_OR_WITHIN_GOLGI,GO_BP,0.5653087306623694,1.1754113429756947,-0.6047679938601968
GOBP_VESICLE_TETHERING,GO_BP,-0.6510212968334702,-0.8363847795087327,0.9922676417879422
GOBP_VESICLE_TRANSPORT_ALONG_MICROTUBULE,GO_BP,-1.172061572626956,1.192250733994067,-0.7528143020734829
GOBP_VIRAL_BUDDING,GO_BP,-0.6562901236526361,-1.0992808189944103,1.3380986796125856
GOBP_VIRAL_GENE_EXPRESSION,GO_BP,0.9089968690086327,1.1665832591154948,0.8030032274281251
GOBP_VIRAL_GENOME_REPLICATION,GO_BP,1.5577275542051798,1.6898044537939323,1.5309582380441458
GOBP_VIRAL_LIFE_CYCLE,GO_BP,1.2681938960083012,1.1957771215168402,1.939024765465808
GOBP_VIRAL_PROCESS,GO_BP,1.1710648064532971,1.2868292737860751,1.81493086359018
GOBP_VIRAL_PROTEIN_PROCESSING,GO_BP,1.016137152107361,0.8058904707778192,0.826667805095912
GOBP_VIRAL_RELEASE_FROM_HOST_CELL,GO_BP,0.8239051976711723,-0.914348969078917,0.8414868883726637
GOBP_VIRAL_RNA_GENOME_REPLICATION,GO_BP,1.9794011683140371,0.8972904004605394,0.9835839480823196
GOBP_VIRAL_TRANSCRIPTION,GO_BP,0.5955044412963539,1.6236835288508389,0.9251278572216394
GOBP_VIRAL_TRANSLATION,GO_BP,0.6406208247135897,-1.0286482997314028,-0.9123152898936536
GOBP_VIRION_ASSEMBLY,GO_BP,-0.6505013888837637,-0.9865682088481382,1.0774945734422032
GOBP_VISUAL_BEHAVIOR,GO_BP,-1.2440620987010942,-0.8650067868787649,-0.8648316210934519
GOBP_VITAMIN_METABOLIC_PROCESS,GO_BP,-1.2939651945693802,1.5504743447142804,0.9383659889966774
GOBP_VITAMIN_TRANSPORT,GO_BP,0.7827079832948575,0.8288678687409609,1.035495526524418
GOBP_V_D_J_RECOMBINATION,GO_BP,1.5301121161608071,-1.3291796329351124,1.0563381533506746
GOBP_WALKING_BEHAVIOR,GO_BP,-0.7753367253880714,-0.8403177175669071,-1.226368203496344
GOBP_WHITE_FAT_CELL_DIFFERENTIATION,GO_BP,1.286833871266561,-1.1331662579245625,0.5670356065722092
GOBP_WNT_SIGNALING_PATHWAY,GO_BP,-1.5751311133129582,1.5708415917701877,0.9232706244218996
GOBP_WNT_SIGNALING_PATHWAY_PLANAR_CELL_POLARITY_PATHWAY,GO_BP,-1.917580045414832,1.265080264431564,-1.1396031053748872
GOBP_WOUND_HEALING,GO_BP,-1.5575532597484745,1.4163743192711291,1.371851124530176
GOBP_WOUND_HEALING_SPREADING_OF_EPIDERMAL_CELLS,GO_BP,-1.1203349528833404,-1.4396632172756874,-0.8675858269312229
GOBP_XENOBIOTIC_CATABOLIC_PROCESS,GO_BP,0.9606212425304154,-1.196570000868034,-1.1187633274191728
GOBP_XENOBIOTIC_METABOLIC_PROCESS,GO_BP,0.8903625864868282,-0.93293092458592,0.7211030400996747
GOBP_XENOBIOTIC_TRANSPORT,GO_BP,-0.910819924899074,1.1877672973464233,1.0829093207414997
GOBP_XENOPHAGY,GO_BP,1.0286782798629692,0.8852550985875918,1.358663833253928
GOBP_ZINC_ION_TRANSPORT,GO_BP,-1.2536071571318803,1.5005340098922773,2.048463105270732
GOBP_ZYMOGEN_ACTIVATION,GO_BP,-1.3184850606994485,1.609874656924112,1.3075857527580717
HALLMARK_ADIPOGENESIS,Hallmark,-1.1618446872311672,-1.5678898978610418,1.0089806982477714
HALLMARK_ALLOGRAFT_REJECTION,Hallmark,1.0464891146232953,1.7434754922204092,2.310732816938018
HALLMARK_ANDROGEN_RESPONSE,Hallmark,-1.224227468202117,1.4579011676165878,1.2792934051933182
HALLMARK_ANGIOGENESIS,Hallmark,-1.1111890999814835,1.3418802987353369,1.6314351664710447
HALLMARK_APICAL_JUNCTION,Hallmark,-1.7500467120082492,1.1556978245709193,1.5837408853646482
HALLMARK_APICAL_SURFACE,Hallmark,1.0978555130566434,-1.2804766484351628,0.9220076356821312
HALLMARK_APOPTOSIS,Hallmark,-1.252799848466591,1.6178846945947274,1.6867366169607665
HALLMARK_BILE_ACID_METABOLISM,Hallmark,-1.0346478683806155,-1.5054225411453777,1.4146799735829685
HALLMARK_CHOLESTEROL_HOMEOSTASIS,Hallmark,-1.488366903501854,-2.507330116329961,1.367490903440519
HALLMARK_COAGULATION,Hallmark,-1.704768282738194,1.34604487255113,1.611539050741263
HALLMARK_COMPLEMENT,Hallmark,-1.260027952883175,1.2235779392632808,2.1452415621277305
HALLMARK_DNA_REPAIR,Hallmark,2.063916339256238,-0.7873723015839749,-1.1155616714708008
HALLMARK_E2F_TARGETS,Hallmark,3.1773590469989497,0.8599468691863386,0.7365913568475904
HALLMARK_EPITHELIAL_MESENCHYMAL_TRANSITION,Hallmark,-2.1608269194469383,2.58105638747976,2.1503888862428338
HALLMARK_ESTROGEN_RESPONSE_EARLY,Hallmark,-1.5904875676578358,1.8496951327754547,1.0495485859490723
HALLMARK_ESTROGEN_RESPONSE_LATE,Hallmark,1.2159559667389797,0.9803154831723344,-1.2328284939072771
HALLMARK_FATTY_ACID_METABOLISM,Hallmark,0.9683027022003295,-1.831864608169216,0.9768768693377744
HALLMARK_G2M_CHECKPOINT,Hallmark,3.013141782495752,1.3583340608256615,1.038737000438514
HALLMARK_GLYCOLYSIS,Hallmark,1.7702888052083348,1.4340644757170862,-0.8387167252524952
HALLMARK_HEDGEHOG_SIGNALING,Hallmark,-1.0650293604607093,0.7984498532907012,-1.3969491756519232
HALLMARK_HEME_METABOLISM,Hallmark,-1.6281482765431023,-1.539610977860551,1.4002009456638171
HALLMARK_HYPOXIA,Hallmark,-1.4840438254293216,2.199781866202722,1.237091026514802
HALLMARK_IL2_STAT5_SIGNALING,Hallmark,1.32704023505153,1.6239880394737496,1.5010001531952004
HALLMARK_IL6_JAK_STAT3_SIGNALING,Hallmark,1.1960700897059,1.7893621649248577,2.2764472502340687
HALLMARK_INFLAMMATORY_RESPONSE,Hallmark,1.359436488819172,2.0832142130459093,2.787289543688393
HALLMARK_INTERFERON_ALPHA_RESPONSE,Hallmark,-0.8502009199061445,1.9155802179697283,2.050800694314459
HALLMARK_INTERFERON_GAMMA_RESPONSE,Hallmark,-1.0262645071416,2.3092242493680426,2.573622987516891
HALLMARK_KRAS_SIGNALING_DN,Hallmark,-1.5816475714568616,-0.8940600348152092,-0.7718018671018906
HALLMARK_KRAS_SIGNALING_UP,Hallmark,2.044419363887832,1.6740192681783228,1.7047511142322878
HALLMARK_MITOTIC_SPINDLE,Hallmark,2.04340940140483,-0.9782230586441684,0.8776606012025583
HALLMARK_MTORC1_SIGNALING,Hallmark,1.3479892431800389,1.626336081045185,1.1060708576887113
HALLMARK_MYC_TARGETS_V1,Hallmark,2.721700703326621,1.3885698793764514,-0.6172568198944958
HALLMARK_MYC_TARGETS_V2,Hallmark,2.4048404256964844,1.919467776925117,0.9908894011965153
HALLMARK_MYOGENESIS,Hallmark,-2.171152903172625,-1.2334615107861209,0.8769270200970511
HALLMARK_NOTCH_SIGNALING,Hallmark,-1.122654175684375,0.8037929808053046,0.5975826648772535
HALLMARK_OXIDATIVE_PHOSPHORYLATION,Hallmark,1.7909735122741646,-0.7880546339984512,-1.0101161716676317
HALLMARK_P53_PATHWAY,Hallmark,-1.4740617431546492,1.332503317414461,1.2601795634282356
HALLMARK_PANCREAS_BETA_CELLS,Hallmark,-1.0643297080993108,1.2321834652043795,-1.0028603731193186
HALLMARK_PEROXISOME,Hallmark,-1.155784970349059,-1.47656616218864,0.8810510616660913
HALLMARK_PI3K_AKT_MTOR_SIGNALING,Hallmark,1.0931508418625422,0.8019942277377399,1.035384957602748
HALLMARK_PROTEIN_SECRETION,Hallmark,-0.7428167419550197,1.4362341471190097,0.8243994022841451
HALLMARK_REACTIVE_OXYGEN_SPECIES_PATHWAY,Hallmark,-1.241492480179798,-0.9577864265264504,0.8278688319197921
HALLMARK_SPERMATOGENESIS,Hallmark,1.92918117832768,0.7479927011675346,-0.8136423653770671
HALLMARK_TGF_BETA_SIGNALING,Hallmark,1.3611623102057042,2.473795653182566,0.9395499348542606
HALLMARK_TNFA_SIGNALING_VIA_NFKB,Hallmark,-1.310947273645024,2.9067877803281443,2.866364711749885
HALLMARK_UNFOLDED_PROTEIN_RESPONSE,Hallmark,-1.333451225414335,2.278442117708209,1.1751434306476456
HALLMARK_UV_RESPONSE_DN,Hallmark,-2.136332469430568,2.1155732309892805,1.0869024212025542
HALLMARK_UV_RESPONSE_UP,Hallmark,1.1215899270208385,1.4516256943392196,1.8224906428764815
HALLMARK_WNT_BETA_CATENIN_SIGNALING,Hallmark,0.9396372037103348,0.9985709345157816,0.9812143573694256
HALLMARK_XENOBIOTIC_METABOLISM,Hallmark,-1.3368066448609546,1.114877696863792,1.1249918252768054
REACTOME_ABC_FAMILY_PROTEINS_MEDIATED_TRANSPORT,Reactome,1.158704850375745,1.2607244592171782,0.4549302125728957
REACTOME_ABC_TRANSPORTER_DISORDERS,Reactome,1.0426960321955454,1.3614912219247592,-0.7988667938002529
REACTOME_ABERRANT_REGULATION_OF_MITOTIC_EXIT_IN_CANCER_DUE_TO_RB1_DEFECTS,Reactome,1.528927538380687,0.7828464802619677,-0.5584206770661251
REACTOME_ABERRANT_REGULATION_OF_MITOTIC_G1_S_TRANSITION_IN_CANCER_DUE_TO_RB1_DEFECTS,Reactome,1.2136043235842835,0.4214297245283638,0.9965221257210698
REACTOME_ABORTIVE_ELONGATION_OF_HIV_1_TRANSCRIPT_IN_THE_ABSENCE_OF_TAT,Reactome,1.6605291215238351,-0.7818119600073294,-0.7840149811176007
REACTOME_ACTIVATED_NOTCH1_TRANSMITS_SIGNAL_TO_THE_NUCLEUS,Reactome,1.3307774817553664,-1.3538682618359998,-0.7785104292457677
REACTOME_ACTIVATED_TAK1_MEDIATES_P38_MAPK_ACTIVATION,Reactome,1.0714598780430238,1.172293848392646,1.2453110212379117
REACTOME_ACTIVATION_OF_AMPK_DOWNSTREAM_OF_NMDARS,Reactome,0.8565101084662234,-1.249021316109191,1.3886629815030476
REACTOME_ACTIVATION_OF_ANTERIOR_HOX_GENES_IN_HINDBRAIN_DEVELOPMENT_DURING_EARLY_EMBRYOGENESIS,Reactome,-0.9653399630358056,1.6906727811425717,-1.1402313207434545
REACTOME_ACTIVATION_OF_APC_C_AND_APC_C_CDC20_MEDIATED_DEGRADATION_OF_MITOTIC_PROTEINS,Reactome,2.284698120223465,1.543582137474739,-0.9648293687411224
REACTOME_ACTIVATION_OF_ATR_IN_RESPONSE_TO_REPLICATION_STRESS,Reactome,2.389251571305934,0.7683849538988516,-0.9114144089030648
REACTOME_ACTIVATION_OF_BH3_ONLY_PROTEINS,Reactome,-0.9676609364333444,0.7756058131083713,0.959722285172361
REACTOME_ACTIVATION_OF_GENE_EXPRESSION_BY_SREBF_SREBP,Reactome,-1.3488963744519606,-2.2331840476925318,1.2702199604036746
REACTOME_ACTIVATION_OF_IRF3_IRF7_MEDIATED_BY_TBK1_IKK_IKBKE,Reactome,0.5507053954985068,1.2535195071037113,1.429486428589144
REACTOME_ACTIVATION_OF_KAINATE_RECEPTORS_UPON_GLUTAMATE_BINDING,Reactome,1.156251185587041,-1.0367354610345334,0.5655107725708037
REACTOME_ACTIVATION_OF_MATRIX_METALLOPROTEINASES,Reactome,1.0795790372765812,-0.939002062036326,1.0559650720489924
REACTOME_ACTIVATION_OF_NF_KAPPAB_IN_B_CELLS,Reactome,1.627687960827063,1.8007525563575308,1.7696805902987085
REACTOME_ACTIVATION_OF_NMDA_RECEPTORS_AND_POSTSYNAPTIC_EVENTS,Reactome,-1.161277086689256,-0.9937365958873275,1.184191991916709
REACTOME_ACTIVATION_OF_SMO,Reactome,-1.1984732082329057,0.9174742274062816,0.8404041233479672
REACTOME_ACTIVATION_OF_THE_MRNA_UPON_BINDING_OF_THE_CAP_BINDING_COMPLEX_AND_EIFS_AND_SUBSEQUENT_BINDING_TO_43S,Reactome,1.0600943470443434,-1.8248554687092695,-1.8948205844224189
REACTOME_ACTIVATION_OF_THE_PRE_REPLICATIVE_COMPLEX,Reactome,2.407579951882445,1.0399947950715582,0.944369146123594
REACTOME_ADHERENS_JUNCTIONS_INTERACTIONS,Reactome,0.9588058305472784,1.205834263748538,0.9300951312256688
REACTOME_ADIPOGENESIS,Reactome,0.9605175194514732,1.017713952403036,0.6817830607803529
REACTOME_ADORA2B_MEDIATED_ANTI_INFLAMMATORY_CYTOKINES_PRODUCTION,Reactome,0.863587418643777,-0.7167941545100021,-0.6447192508251497
REACTOME_ADP_SIGNALLING_THROUGH_P2Y_PURINOCEPTOR_1,Reactome,0.9054217560442896,0.6399706377796178,1.3041703512011942
REACTOME_ADRENALINE_NORADRENALINE_INHIBITS_INSULIN_SECRETION,Reactome,0.9015622908604108,0.8263611948839727,-1.242069360847707
REACTOME_AEROBIC_RESPIRATION_AND_RESPIRATORY_ELECTRON_TRANSPORT,Reactome,1.828551966787543,-0.9445300671690944,-1.4243001331153144
REACTOME_AGGREPHAGY,Reactome,1.7059632981818658,-1.2417473365664575,0.7205831618299567
REACTOME_AMINO_ACIDS_REGULATE_MTORC1,Reactome,-1.1465620298908157,1.370886352191179,-0.7760433342344457
REACTOME_AMPK_INDUCED_ERAD_AND_LYSOSOME_MEDIATED_DEGRADATION_OF_PD_L1_CD274,Reactome,1.2676513813867738,1.4153816663917207,0.4588498548100573
REACTOME_AMYLOID_FIBER_FORMATION,Reactome,-1.1336870181132317,0.8992805157917562,-0.9031593692426768
REACTOME_ANCHORING_OF_THE_BASAL_BODY_TO_THE_PLASMA_MEMBRANE,Reactome,2.1598546869552933,-1.1640559976769815,-1.4534488936816885
REACTOME_ANTIGEN_ACTIVATES_B_CELL_RECEPTOR_BCR_LEADING_TO_GENERATION_OF_SECOND_MESSENGERS,Reactome,0.9505177579987054,-1.2345755972603445,0.9244183425365808
REACTOME_ANTIGEN_PRESENTATION_FOLDING_ASSEMBLY_AND_PEPTIDE_LOADING_OF_CLASS_I_MHC,Reactome,-1.3904454060438136,1.7813077802483102,1.7337328545961528
REACTOME_ANTIGEN_PROCESSING_CROSS_PRESENTATION,Reactome,1.3138880023334667,1.8452282390900103,1.655704278762014
REACTOME_ANTIGEN_PROCESSING_UBIQUITINATION_PROTEASOME_DEGRADATION,Reactome,1.0226669953348446,1.3426805570114777,1.0604429898720382
REACTOME_ANTIGEN_PROCESSING_UB_ATP_INDEPENDENT_PROTEASOMAL_DEGRADATION,Reactome,1.402732151026015,1.425227573447423,1.6553828737153853
REACTOME_ANTIMICROBIAL_MECHANISM_OF_IFN_STIMULATED_GENES,Reactome,1.6204910990258845,1.4118153513556349,1.4825209695796318
REACTOME_ANTI_INFLAMMATORY_RESPONSE_FAVOURING_LEISHMANIA_PARASITE_INFECTION,Reactome,1.0349808610767284,0.9014508660510416,1.065157770687245
REACTOME_APC_CDC20_MEDIATED_DEGRADATION_OF_NEK2A,Reactome,1.9726024829703943,0.9036038065447112,-1.2171746331153643
REACTOME_APC_C_CDC20_MEDIATED_DEGRADATION_OF_CYCLIN_B,Reactome,1.907881804920368,0.8817329524806486,-1.2124027397847368
REACTOME_APC_C_CDH1_MEDIATED_DEGRADATION_OF_CDC20_AND_OTHER_APC_C_CDH1_TARGETED_PROTEINS_IN_LATE_MITOSIS_EARLY_G1,Reactome,2.098487218862839,1.578972016012389,-0.5895414223309693
REACTOME_APC_C_MEDIATED_DEGRADATION_OF_CELL_CYCLE_PROTEINS,Reactome,2.3457475820858877,1.508467856578403,-0.57544363476871
REACTOME_APOPTOSIS,Reactome,1.4170876260709608,1.095394737453915,1.0492654466750004
REACTOME_APOPTOTIC_CLEAVAGE_OF_CELLULAR_PROTEINS,Reactome,1.0291985134441253,-1.4143041564433751,0.8797834557842439
REACTOME_APOPTOTIC_EXECUTION_PHASE,Reactome,1.4239181439586075,-1.3295457837346774,0.6859235994891486
REACTOME_APOPTOTIC_FACTOR_MEDIATED_RESPONSE,Reactome,1.3581294469151208,-1.28530725888299,0.9380466939386582
REACTOME_AQUAPORIN_MEDIATED_TRANSPORT,Reactome,-0.8882289745905799,0.8503666400153349,-1.2642153922125254
REACTOME_ARACHIDONATE_METABOLISM,Reactome,0.955183992695876,-0.9379422554629088,-1.0155426826885925
REACTOME_ASPARAGINE_N_LINKED_GLYCOSYLATION,Reactome,-0.9034530798350064,1.4204191597659392,0.6756080076922717
REACTOME_ASSEMBLY_AND_CELL_SURFACE_PRESENTATION_OF_NMDA_RECEPTORS,Reactome,-0.7511632665216098,-1.5713672775471474,1.2253667009728466
REACTOME_ASSEMBLY_OF_COLLAGEN_FIBRILS_AND_OTHER_MULTIMERIC_STRUCTURES,Reactome,-1.4026827572514595,1.2762945094233165,1.139677285675807
REACTOME_ASSEMBLY_OF_THE_HIV_VIRION,Reactome,0.8871435635244088,-0.892954023098802,0.9775241141149384
REACTOME_ASSOCIATION_OF_TRIC_CCT_WITH_TARGET_PROTEINS_DURING_BIOSYNTHESIS,Reactome,1.264941397082591,1.8119691762390329,1.5639463927850847
REACTOME_ASYMMETRIC_LOCALIZATION_OF_PCP_PROTEINS,Reactome,0.9543250320228818,1.917531444682588,0.6279720090027155
REACTOME_ATF4_ACTIVATES_GENES_IN_RESPONSE_TO_ENDOPLASMIC_RETICULUM_STRESS,Reactome,-1.2823164841960804,1.7898827572430416,1.9318667762264488
REACTOME_ATP_DEPENDENT_CHROMATIN_REMODELERS,Reactome,0.9920437021748164,0.5664871651439978,-0.8714545193342675
REACTOME_ATTACHMENT_OF_BACTERIA_TO_EPITHELIAL_CELLS,Reactome,-1.246223089287755,-0.817952405132525,-1.402689173599914
REACTOME_ATTENUATION_PHASE,Reactome,1.061807182694106,-2.0468670139498286,-0.8779996112131024
REACTOME_AUF1_HNRNP_D0_BINDS_AND_DESTABILIZES_MRNA,Reactome,1.5652065131342694,1.467135865626538,-0.415773849890406
REACTOME_AURKA_ACTIVATION_BY_TPX2,Reactome,2.3971825505678037,-1.2245742906054615,-1.4871454666663264
REACTOME_AUTOPHAGY,Reactome,0.7384815378375911,-1.137138735970247,1.0553258660301494
REACTOME_AZATHIOPRINE_ADME,Reactome,1.628764420265561,-0.7659241574435043,0.965583575544248
REACTOME_BACTERIAL_INFECTION_PATHWAYS,Reactome,1.070007387333327,0.9013762412986118,0.9562401354267254
REACTOME_BASE_EXCISION_REPAIR,Reactome,2.283873419369622,-1.0008444826264806,-1.2925845079747984
REACTOME_BASE_EXCISION_REPAIR_AP_SITE_FORMATION,Reactome,1.4645029983115314,-1.3773907206282132,-0.938032629951173
REACTOME_BASIGIN_INTERACTIONS,Reactome,1.0591300290372687,0.8730201537506185,1.228565400997759
REACTOME_BBSOME_MEDIATED_CARGO_TARGETING_TO_CILIUM,Reactome,1.483138336473844,-1.0569908282319929,0.782501281262015
REACTOME_BETA_CATENIN_INDEPENDENT_WNT_SIGNALING,Reactome,1.2026628517995672,1.4517576660982403,0.7663143781500951
REACTOME_BETA_CATENIN_PHOSPHORYLATION_CASCADE,Reactome,-0.6309843073782787,0.8256910408699024,1.0028748379952102
REACTOME_BILE_ACID_AND_BILE_SALT_METABOLISM,Reactome,-1.7667514970613631,1.6217423144432557,1.4023165550464909
REACTOME_BINDING_AND_UPTAKE_OF_LIGANDS_BY_SCAVENGER_RECEPTORS,Reactome,-1.8752391848940693,0.8950358348363867,0.7923458519245498
REACTOME_BIOLOGICAL_OXIDATIONS,Reactome,-0.98299737524119,-0.98659830913598,1.352359697484569
REACTOME_BIOSYNTHESIS_OF_THE_N_GLYCAN_PRECURSOR_DOLICHOL_LIPID_LINKED_OLIGOSACCHARIDE_LLO_AND_TRANSFER_TO_A_NASCENT_PROTEIN,Reactome,0.7758108242793221,-0.9848959870963416,0.912434584388104
REACTOME_BMAL1_CLOCK_NPAS2_ACTIVATES_CIRCADIAN_EXPRESSION,Reactome,-0.8005381231833294,1.4712073340147591,0.9546202766661636
REACTOME_BRANCHED_CHAIN_AMINO_ACID_CATABOLISM,Reactome,-0.7362705581439731,-1.2585754041999735,-1.4058647731913392
REACTOME_BUDDING_AND_MATURATION_OF_HIV_VIRION,Reactome,-0.5520692000160009,0.9927921447345036,1.0264587611034597
REACTOME_BUTYRATE_RESPONSE_FACTOR_1_BRF1_BINDS_AND_DESTABILIZES_MRNA,Reactome,1.0571963454727589,1.1335648424904174,1.0173481458156917
REACTOME_B_WICH_COMPLEX_POSITIVELY_REGULATES_RRNA_EXPRESSION,Reactome,1.0596646579513078,1.077804987117809,0.8538640170560649
REACTOME_CA2_PATHWAY,Reactome,0.8565952805771524,0.8622719538868026,1.0106575522173802
REACTOME_CALNEXIN_CALRETICULIN_CYCLE,Reactome,-0.8230764335849409,1.3914907976657704,0.4484403646498126
REACTOME_CARBOXYTERMINAL_POST_TRANSLATIONAL_MODIFICATIONS_OF_TUBULIN,Reactome,1.1912214125168674,-1.2654947471886195,1.2769476046788035
REACTOME_CARDIAC_CONDUCTION,Reactome,-1.623403072313152,1.1407283615027637,-0.7967745781692223
REACTOME_CARGO_CONCENTRATION_IN_THE_ER,Reactome,-0.8253474174125172,1.9363413356164187,-0.7087646053471528
REACTOME_CARGO_RECOGNITION_FOR_CLATHRIN_MEDIATED_ENDOCYTOSIS,Reactome,1.052213847906467,0.8370032743282065,0.8553402294359211
REACTOME_CARGO_TRAFFICKING_TO_THE_PERICILIARY_MEMBRANE,Reactome,0.9797009700654984,-0.8180834440926547,1.0053868359542737
REACTOME_CASPASE_ACTIVATION_VIA_EXTRINSIC_APOPTOTIC_SIGNALLING_PATHWAY,Reactome,-0.9501566233611592,1.5458701433348925,1.771716859347762
REACTOME_CA_DEPENDENT_EVENTS,Reactome,-1.4049944158191852,-1.145563136888302,0.9407931058811198
REACTOME_CD209_DC_SIGN_SIGNALING,Reactome,-1.1429566972249283,1.270983836211694,1.6348382460114332
REACTOME_CD28_DEPENDENT_PI3K_AKT_SIGNALING,Reactome,-1.430888194979962,0.5372821277085631,-0.667807240118143
REACTOME_CDC42_GTPASE_CYCLE,Reactome,1.4513044150074264,0.8769768324631528,-0.785972724141255
REACTOME_CDK_MEDIATED_PHOSPHORYLATION_AND_REMOVAL_OF_CDC6,Reactome,2.1005492102768764,1.6746458986496673,-0.5048349415697849
REACTOME_CELLULAR_RESPONSES_TO_MECHANICAL_STIMULI,Reactome,0.9952151744333976,1.0475563081142594,1.4455291691263803
REACTOME_CELLULAR_RESPONSE_TO_CHEMICAL_STRESS,Reactome,-1.1646668457835283,1.1204577086092615,1.0267638939810126
REACTOME_CELLULAR_RESPONSE_TO_HEAT_STRESS,Reactome,1.485604771747082,-1.2774185495910335,0.8178518948988208
REACTOME_CELLULAR_RESPONSE_TO_HYPOXIA,Reactome,1.3029160209300572,1.9078390499868465,0.5133353819436187
REACTOME_CELLULAR_RESPONSE_TO_STARVATION,Reactome,-0.7894762578349412,-1.7742806626349736,-1.5134787680200386
REACTOME_CELLULAR_SENESCENCE,Reactome,1.740014576455948,1.211535112119841,1.1360578512694084
REACTOME_CELL_CELL_COMMUNICATION,Reactome,-1.1500313148975747,1.192606897936778,0.920420456766038
REACTOME_CELL_CYCLE_CHECKPOINTS,Reactome,2.7550074263591307,1.145436366660765,-0.8073940767437783
REACTOME_CELL_DEATH_SIGNALLING_VIA_NRAGE_NRIF_AND_NADE,Reactome,1.0950164814581818,-0.9338591688628868,0.954885238248794
REACTOME_CELL_EXTRACELLULAR_MATRIX_INTERACTIONS,Reactome,-1.5627241082825147,1.305126760814482,1.426643533243838
REACTOME_CELL_JUNCTION_ORGANIZATION,Reactome,-1.072326088445661,1.214206596865368,0.9921728250270976
REACTOME_CELL_SURFACE_INTERACTIONS_AT_THE_VASCULAR_WALL,Reactome,-1.4541346517557232,1.292893175106252,1.1384580937430473
REACTOME_CHAPERONE_MEDIATED_AUTOPHAGY,Reactome,1.488100480770456,-1.4860764175509675,-1.265025109365671
REACTOME_CHEMOKINE_RECEPTORS_BIND_CHEMOKINES,Reactome,1.0449856289834865,1.384005007071631,2.461320254525048
REACTOME_CHOLESTEROL_BIOSYNTHESIS,Reactome,-1.298453789503499,-2.6128795530518847,1.8391091822597252
REACTOME_CHONDROITIN_SULFATE_DERMATAN_SULFATE_METABOLISM,Reactome,-1.012962596832941,1.0866191958494005,0.6940813945808167
REACTOME_CHROMATIN_ORGANIZATION,Reactome,1.0487124281116251,1.0329532204835286,-0.7970315284522632
REACTOME_CHROMOSOME_MAINTENANCE,Reactome,2.663931910676659,-0.8957276741444478,-1.2322915193673245
REACTOME_CILIUM_ASSEMBLY,Reactome,1.6315568869412045,-1.150637927341582,-0.9255239292631507
REACTOME_CIRCADIAN_CLOCK,Reactome,1.1369788077729854,1.7894465732359222,0.6744943206670801
REACTOME_CITRIC_ACID_CYCLE_TCA_CYCLE,Reactome,1.3101284268768465,-1.0237338464914638,-0.517383995675426
REACTOME_CLASS_A_1_RHODOPSIN_LIKE_RECEPTORS,Reactome,1.1429431372538252,0.8895759623697689,2.2948630236420744
REACTOME_CLASS_B_2_SECRETIN_FAMILY_RECEPTORS,Reactome,-1.6487207812067974,0.7665242393639488,-0.8716718622701951
REACTOME_CLASS_I_MHC_MEDIATED_ANTIGEN_PROCESSING_PRESENTATION,Reactome,0.9529492153714616,1.5850614957126126,1.3753130998851149
REACTOME_CLASS_I_PEROXISOMAL_MEMBRANE_PROTEIN_IMPORT,Reactome,-0.6217938689560435,-0.9394456510641028,1.1372925729590202
REACTOME_CLATHRIN_MEDIATED_ENDOCYTOSIS,Reactome,0.9393641696853336,0.9025660357810404,0.9335474151872803
REACTOME_CLEC7A_DECTIN_1_SIGNALING,Reactome,1.529540757742775,1.4037622932306304,1.751790159731087
REACTOME_COBALAMIN_CBL_VITAMIN_B12_TRANSPORT_AND_METABOLISM,Reactome,0.8848481769259912,-0.8581593806513876,-1.0367617140080985
REACTOME_COLLAGEN_BIOSYNTHESIS_AND_MODIFYING_ENZYMES,Reactome,-1.4467191467578542,1.2188014902441882,-1.6300185671548275
REACTOME_COLLAGEN_CHAIN_TRIMERIZATION,Reactome,-1.3510525695217648,1.37907066902212,-1.6794385500794466
REACTOME_COLLAGEN_DEGRADATION,Reactome,-1.314333068822194,1.2912369835405315,-1.2333715149694546
REACTOME_COLLAGEN_FORMATION,Reactome,-1.4044840796739948,1.157388397510534,-1.2559226286661882
REACTOME_COMPLEMENT_CASCADE,Reactome,-1.67739517370987,1.271987096805098,1.9029338670887443
REACTOME_COMPLEX_III_ASSEMBLY,Reactome,1.48533701644946,-0.720878082559257,0.8954508268264345
REACTOME_COMPLEX_IV_ASSEMBLY,Reactome,1.5037965808868294,-1.060210672168938,-1.34348654983058
REACTOME_COMPLEX_I_BIOGENESIS,Reactome,1.7125444390844424,-0.4535909111103706,-1.7427398860970196
REACTOME_CONSTITUTIVE_SIGNALING_BY_ABERRANT_PI3K_IN_CANCER,Reactome,-1.7196902424978644,1.3035561605793922,1.182390884005848
REACTOME_CONSTITUTIVE_SIGNALING_BY_AKT1_E17K_IN_CANCER,Reactome,-1.418989410369396,1.6523609876586411,-0.6207888222215112
REACTOME_CONSTITUTIVE_SIGNALING_BY_LIGAND_RESPONSIVE_EGFR_CANCER_VARIANTS,Reactome,1.0932425732982942,0.8531408984551386,1.070798156714895
REACTOME_CONVERSION_FROM_APC_C_CDC20_TO_APC_C_CDH1_IN_LATE_ANAPHASE,Reactome,1.746409935457469,0.688282809704091,-0.4667516715535819
REACTOME_COOPERATION_OF_PDCL_PHLP1_AND_TRIC_CCT_IN_G_PROTEIN_BETA_FOLDING,Reactome,1.3525540869070245,0.6462223026217574,0.9565279455340292
REACTOME_COOPERATION_OF_PREFOLDIN_AND_TRIC_CCT_IN_ACTIN_AND_TUBULIN_FOLDING,Reactome,1.771421733234148,0.6845987196206693,1.1542232664502197
REACTOME_COPII_MEDIATED_VESICLE_TRANSPORT,Reactome,0.7015524901160102,1.8982121478017,-0.9652758630844148
REACTOME_COPI_DEPENDENT_GOLGI_TO_ER_RETROGRADE_TRAFFIC,Reactome,2.0233413335236867,0.78553658493477,0.7890848252458482
REACTOME_COPI_INDEPENDENT_GOLGI_TO_ER_RETROGRADE_TRAFFIC,Reactome,1.4289717329353435,-0.8860601031929581,1.1037268771198958
REACTOME_COPI_MEDIATED_ANTEROGRADE_TRANSPORT,Reactome,-0.7516143714120621,0.999538572276215,0.5267193034414145
REACTOME_CO_INHIBITION_BY_CTLA4,Reactome,-1.254347795220096,-1.1546527851045412,0.9475352742075196
REACTOME_CO_INHIBITION_BY_PD_1,Reactome,1.22792610070424,1.7831563950899323,1.1675967620951972
REACTOME_CO_STIMULATION_BY_CD28,Reactome,-1.3021253910325856,-0.699639372763397,-0.7472666691376072
REACTOME_CREB1_PHOSPHORYLATION_THROUGH_NMDA_RECEPTOR_MEDIATED_ACTIVATION_OF_RAS_SIGNALING,Reactome,0.7394342990956325,-0.8236382798399541,-0.5926722233271609
REACTOME_CRISTAE_FORMATION,Reactome,1.7731185690514164,-0.6731322327443856,-0.9269472477068348
REACTOME_CROSSLINKING_OF_COLLAGEN_FIBRILS,Reactome,-1.6993648976604243,1.0951719468363037,-1.0511547096088945
REACTOME_CROSS_PRESENTATION_OF_SOLUBLE_EXOGENOUS_ANTIGENS_ENDOSOMES,Reactome,1.6679108371897071,1.839488492181112,1.4268552289025629
REACTOME_CS_GAG_BIOSYNTHESIS,Reactome,0.8946897224694863,1.0482587198270954,1.1156411047907333
REACTOME_CYCLIN_A_B1_B2_ASSOCIATED_EVENTS_DURING_G2_M_TRANSITION,Reactome,2.272256236866805,0.8295852775447082,-1.0227373619681284
REACTOME_CYCLIN_A_CDK2_ASSOCIATED_EVENTS_AT_S_PHASE_ENTRY,Reactome,1.8471785690263065,1.588895278345604,0.7737805608970678
REACTOME_CYCLIN_D_ASSOCIATED_EVENTS_IN_G1,Reactome,1.5174237273988531,-0.8290951227084149,1.221946306476489
REACTOME_CYTOCHROME_P450_ARRANGED_BY_SUBSTRATE_TYPE,Reactome,-1.597580745977643,1.1377663973068304,1.7502780566258067
REACTOME_CYTOPROTECTION_BY_HMOX1,Reactome,-0.946318648956883,0.7203785972619262,-1.028143342499986
REACTOME_CYTOSOLIC_SENSORS_OF_PATHOGEN_ASSOCIATED_DNA,Reactome,1.12064480280007,1.1077930834768348,1.6714732004332753
REACTOME_C_TYPE_LECTIN_RECEPTORS_CLRS,Reactome,1.2290785629774017,1.4403956759118288,1.623485004649079
REACTOME_DAG1_GLYCOSYLATIONS,Reactome,-1.1755249862940853,-0.8588827353883788,-0.6347441762850184
REACTOME_DAG_AND_IP3_SIGNALING,Reactome,-1.1371106477356785,-1.1402763661829165,0.8818749373599438
REACTOME_DAP12_INTERACTIONS,Reactome,-1.206387980447907,0.7754240356893548,1.7914161281039511
REACTOME_DAP12_SIGNALING,Reactome,-1.0720374187777009,-0.5574308258316509,1.1566833681594682
REACTOME_DARPP_32_EVENTS,Reactome,1.0895087013199316,-0.7712391840103936,1.2124791074933572
REACTOME_DDX58_IFIH1_MEDIATED_INDUCTION_OF_INTERFERON_ALPHA_BETA,Reactome,0.8200981386104824,0.9300418848976296,1.938508878684255
REACTOME_DEACTIVATION_OF_THE_BETA_CATENIN_TRANSACTIVATING_COMPLEX,Reactome,0.9747892155875209,-0.8763230384225998,-1.1120966018668994
REACTOME_DEADENYLATION_DEPENDENT_MRNA_DECAY,Reactome,1.2836087620946668,1.4491965991618252,1.0272689723900397
REACTOME_DEADENYLATION_OF_MRNA,Reactome,0.8192208729554199,1.321879682868385,0.7725263528285022
REACTOME_DEATH_RECEPTOR_SIGNALING,Reactome,-1.0100171358279295,0.9957182550708584,2.117542971050218
REACTOME_DECTIN_1_MEDIATED_NONCANONICAL_NF_KB_SIGNALING,Reactome,1.6472868401840233,1.7933433945356383,1.167837187094264
REACTOME_DEFECTIVE_INTRINSIC_PATHWAY_FOR_APOPTOSIS,Reactome,1.5586889964500392,-0.890125941547384,-1.5516506479758905
REACTOME_DEFECTS_IN_VITAMIN_AND_COFACTOR_METABOLISM,Reactome,0.89062901606093,-1.589750078870476,-1.0598681487204602
REACTOME_DEGRADATION_OF_AXIN,Reactome,1.5100000905372108,1.9016891169072077,0.407168176944904
REACTOME_DEGRADATION_OF_BETA_CATENIN_BY_THE_DESTRUCTION_COMPLEX,Reactome,1.2990170392577738,1.6113361874498475,0.4021062618170563
REACTOME_DEGRADATION_OF_CRY_AND_PER_PROTEINS,Reactome,1.4755744843963958,1.8698755739789408,-0.4214806680586809
REACTOME_DEGRADATION_OF_DVL,Reactome,1.502278468598928,1.761636992170376,-0.5867380513367769
REACTOME_DEGRADATION_OF_GLI1_BY_THE_PROTEASOME,Reactome,1.7259181928416027,1.6776580370008982,-0.4369670790870844
REACTOME_DEGRADATION_OF_THE_EXTRACELLULAR_MATRIX,Reactome,-1.5499826468032798,1.200239444508062,-1.1287792296998065
REACTOME_DENGUE_VIRUS_ACTIVATES_MODULATES_INNATE_AND_ADAPTIVE_IMMUNE_RESPONSES,Reactome,-0.7371140901684543,1.3063210200505588,1.9951415341730276
REACTOME_DENGUE_VIRUS_ATTACHMENT_AND_ENTRY,Reactome,-1.4293245142240678,-1.0481415192876264,0.5552973125109981
REACTOME_DENGUE_VIRUS_GENOME_TRANSLATION_AND_REPLICATION,Reactome,1.0592227005793686,1.365342111152534,0.5996038836849358
REACTOME_DENGUE_VIRUS_HOST_INTERACTIONS,Reactome,1.7869481352995786,1.5185101077560823,0.8858670557048576
REACTOME_DENGUE_VIRUS_INFECTION,Reactome,1.6481735472277228,1.4401049706659523,0.8013300418393258
REACTOME_DENGUE_VIRUS_MODULATES_APOPTOSIS,Reactome,-0.7404984728807521,1.2689546631727742,1.7384341331127873
REACTOME_DEPOSITION_OF_NEW_CENPA_CONTAINING_NUCLEOSOMES_AT_THE_CENTROMERE,Reactome,2.297675650654708,-0.8467920087604623,-0.941477323697545
REACTOME_DETOXIFICATION_OF_REACTIVE_OXYGEN_SPECIES,Reactome,1.0176455583904738,-1.2597224034401815,0.6668119387984042
REACTOME_DEUBIQUITINATION,Reactome,1.4819029015862526,1.3852503507712577,1.5080104892445445
REACTOME_DEVELOPMENTAL_CELL_LINEAGES,Reactome,-1.781226308835813,-1.182074729173905,-1.0332217757227686
REACTOME_DEVELOPMENTAL_CELL_LINEAGES_OF_THE_EXOCRINE_PANCREAS,Reactome,-2.0542649537393656,0.95044182227399,-1.0610912468004297
REACTOME_DEVELOPMENTAL_CELL_LINEAGES_OF_THE_INTEGUMENTARY_SYSTEM,Reactome,-1.2014091953119117,-1.3542010513019176,0.9786877097138303
REACTOME_DEVELOPMENTAL_LINEAGES_OF_THE_MAMMARY_GLAND,Reactome,-1.218834764617646,-0.8424451480041573,0.961780710474758
REACTOME_DEVELOPMENTAL_LINEAGE_OF_PANCREATIC_DUCTAL_CELLS,Reactome,-1.792692395993682,0.8456644326572418,-1.3067291892049102
REACTOME_DIFFERENTIATION_OF_KERATINOCYTES_IN_INTERFOLLICULAR_EPIDERMIS_IN_MAMMALIAN_SKIN,Reactome,1.160948009599473,-1.415858023731366,0.9425346107180794
REACTOME_DISASSEMBLY_OF_THE_DESTRUCTION_COMPLEX_AND_RECRUITMENT_OF_AXIN_TO_THE_MEMBRANE,Reactome,-0.8581826690604767,0.8547034897775824,0.9797425083215184
REACTOME_DISEASES_ASSOCIATED_WITH_GLYCOSAMINOGLYCAN_METABOLISM,Reactome,-2.0075707004296115,-1.1089403943349727,0.5580676603781441
REACTOME_DISEASES_ASSOCIATED_WITH_GLYCOSYLATION_PRECURSOR_BIOSYNTHESIS,Reactome,1.0726070862494828,1.0332561693856257,0.800088156867095
REACTOME_DISEASES_ASSOCIATED_WITH_N_GLYCOSYLATION_OF_PROTEINS,Reactome,-1.1800084132898987,1.0425971818460051,0.4703742266590086
REACTOME_DISEASES_ASSOCIATED_WITH_O_GLYCOSYLATION_OF_PROTEINS,Reactome,-1.589087944608128,1.2107895957346768,-0.8335254309977478
REACTOME_DISEASES_OF_CARBOHYDRATE_METABOLISM,Reactome,-1.2730806733178424,0.9568074398168248,-1.204337382729229
REACTOME_DISEASES_OF_DNA_REPAIR,Reactome,2.1647074774723407,-0.8649586597843288,-0.9935618248581882
REACTOME_DISEASES_OF_GLYCOSYLATION,Reactome,-1.8954771213089472,1.1754907871515834,0.6452731323650401
REACTOME_DISEASES_OF_IMMUNE_SYSTEM,Reactome,0.9010411370261796,1.2744012546755608,2.0849322808022586
REACTOME_DISEASES_OF_METABOLISM,Reactome,-1.6809221556488496,0.9265767781876127,0.7541047504040164
REACTOME_DISEASES_OF_MITOTIC_CELL_CYCLE,Reactome,1.6358697938306692,0.7541787985398796,0.8000436068214607
REACTOME_DISEASES_OF_PROGRAMMED_CELL_DEATH,Reactome,1.8812053174114027,-0.9890182192958116,-0.9632383004378858
REACTOME_DISEASES_OF_SIGNAL_TRANSDUCTION_BY_GROWTH_FACTOR_RECEPTORS_AND_SECOND_MESSENGERS,Reactome,1.1079671241612468,1.65499647830928,1.107698511326917
REACTOME_DISORDERS_OF_DEVELOPMENTAL_BIOLOGY,Reactome,0.816121005133995,0.6912343953256254,-1.020632090934741
REACTOME_DISORDERS_OF_TRANSMEMBRANE_TRANSPORTERS,Reactome,1.2486622720557443,1.5238525619194812,0.9128516805613944
REACTOME_DNA_DAMAGE_BYPASS,Reactome,2.124987999423994,1.2602665362533267,-0.7749566386543671
REACTOME_DNA_DAMAGE_RECOGNITION_IN_GG_NER,Reactome,1.3349514006213268,-0.6350301907927057,-0.946129109743167
REACTOME_DNA_DAMAGE_TELOMERE_STRESS_INDUCED_SENESCENCE,Reactome,1.861646597403103,-0.6824919419827248,0.8060875381352489
REACTOME_DNA_DOUBLE_STRAND_BREAK_REPAIR,Reactome,2.3563611725872446,1.1172524910796229,-0.8443002706608594
REACTOME_DNA_DOUBLE_STRAND_BREAK_RESPONSE,Reactome,1.393814301515339,1.3912124098628562,0.8169518898372287
REACTOME_DNA_REPAIR,Reactome,2.272446180492661,0.91802476588356,-0.8221341933052223
REACTOME_DNA_REPLICATION,Reactome,2.621480365184365,1.5323735953610635,0.6879851072155443
REACTOME_DNA_REPLICATION_PRE_INITIATION,Reactome,2.417535507028731,1.5723121415678465,0.6901340210791411
REACTOME_DNA_STRAND_ELONGATION,Reactome,2.5565094665434263,0.8197099900607905,-1.4786624960319694
REACTOME_DOPAMINE_NEUROTRANSMITTER_RELEASE_CYCLE,Reactome,1.0419607112792548,-1.2117603426364287,-0.9014818114684868
REACTOME_DOWNREGULATION_OF_ERBB2_SIGNALING,Reactome,-1.0199313889025392,1.079357444930808,1.2067252843816496
REACTOME_DOWNREGULATION_OF_SMAD2_3_SMAD4_TRANSCRIPTIONAL_ACTIVITY,Reactome,0.9051226031757078,1.5164949133051655,1.4619448304353524
REACTOME_DOWNREGULATION_OF_TGF_BETA_RECEPTOR_SIGNALING,Reactome,0.7759592672202007,1.6158046441947818,0.8922444472128183
REACTOME_DOWNSTREAM_SIGNALING_EVENTS_OF_B_CELL_RECEPTOR_BCR,Reactome,1.6973005294181875,1.7165370795821815,1.549778349071404
REACTOME_DOWNSTREAM_SIGNALING_OF_ACTIVATED_FGFR1,Reactome,-1.7595059678076277,1.044256119417002,1.3429544155804034
REACTOME_DOWNSTREAM_SIGNALING_OF_ACTIVATED_FGFR2,Reactome,-1.8662402204562325,1.490773037227002,1.4234661857799884
REACTOME_DOWNSTREAM_SIGNALING_OF_ACTIVATED_FGFR3,Reactome,-1.6194682019943447,1.2731611865418964,1.4832948704010551
REACTOME_DOWNSTREAM_SIGNALING_OF_ACTIVATED_FGFR4,Reactome,-1.6322697322401385,1.2325427504120618,1.3666389907613248
REACTOME_DOWNSTREAM_SIGNAL_TRANSDUCTION,Reactome,-1.6581547204904248,1.338768455413702,0.9430468229408692
REACTOME_DOWNSTREAM_TCR_SIGNALING,Reactome,1.631644725782796,1.646935011566557,1.4849638464861097
REACTOME_DRUG_ADME,Reactome,1.611029827181052,-1.0094186110415238,1.350376523756773
REACTOME_DUAL_INCISION_IN_GG_NER,Reactome,2.112991733110603,0.9891831575983812,-1.9173097365621163
REACTOME_DUAL_INCISION_IN_TC_NER,Reactome,1.8949718901252437,0.9899257496630816,-1.5959748396554605
REACTOME_E2F_MEDIATED_REGULATION_OF_DNA_REPLICATION,Reactome,1.835532510219687,-0.5051754136128108,1.243649323003096
REACTOME_E3_UBIQUITIN_LIGASES_UBIQUITINATE_TARGET_PROTEINS,Reactome,1.4733028676200255,1.1895420447540113,0.8657949050650493
REACTOME_EARLY_SARS_COV_2_INFECTION_EVENTS,Reactome,-1.2702925392448925,1.2065647031833917,0.6389484457248642
REACTOME_ECM_PROTEOGLYCANS,Reactome,-1.7817366634382563,-1.0580942439171204,-1.1836861611246632
REACTOME_EFFECTS_OF_PIP2_HYDROLYSIS,Reactome,-1.00872521490597,-0.9583928319235662,1.0671255698842426
REACTOME_EGFR_DOWNREGULATION,Reactome,1.6337587798778046,1.3816360584059133,0.9507898306251926
REACTOME_EGR2_AND_SOX10_MEDIATED_INITIATION_OF_SCHWANN_CELL_MYELINATION,Reactome,-1.3159995723092257,0.7593851601834695,-0.7495264624906044
REACTOME_ELASTIC_FIBRE_FORMATION,Reactome,-1.7218030260502044,1.4401279312898718,-1.0832431886004903
REACTOME_ENDOGENOUS_STEROLS,Reactome,-1.832918761974384,1.188388470837204,1.644227210032041
REACTOME_ENDOSOMAL_SORTING_COMPLEX_REQUIRED_FOR_TRANSPORT_ESCRT,Reactome,-0.5342532776547133,0.9273098444385108,-0.797677654495686
REACTOME_ENERGY_DEPENDENT_REGULATION_OF_MTOR_BY_LKB1_AMPK,Reactome,-0.7861676375932343,-0.9457856869733136,0.7312603223467388
REACTOME_EPHA_MEDIATED_GROWTH_CONE_COLLAPSE,Reactome,-1.7636298881761607,-1.107902663360164,-0.957929446305974
REACTOME_EPHB_MEDIATED_FORWARD_SIGNALING,Reactome,-1.1254195620079313,-1.026317183321626,1.1074577210684924
REACTOME_EPHRIN_SIGNALING,Reactome,-1.3205204210210897,-1.076469965731338,-0.6595306866145074
REACTOME_EPH_EPHRIN_MEDIATED_REPULSION_OF_CELLS,Reactome,-1.2586898607110344,-1.4075846903641502,0.8637924192290044
REACTOME_EPH_EPHRIN_SIGNALING,Reactome,-1.2672106087071435,-1.3150246658762923,1.0215771614261144
REACTOME_EPIGENETIC_REGULATION_BY_WDR5_CONTAINING_HISTONE_MODIFYING_COMPLEXES,Reactome,-0.7581407643166692,-0.873093032258237,-0.7485828675540289
REACTOME_EPIGENETIC_REGULATION_OF_GENE_EXPRESSION,Reactome,1.2030484622439148,0.7583291878687234,-0.9081925501581116
REACTOME_EPIGENETIC_REGULATION_OF_GENE_EXPRESSION_BY_MLL3_AND_MLL4_COMPLEXES,Reactome,-0.8346246408751207,-0.9638294848920888,0.6975304243583367
REACTOME_ERCC6_CSB_AND_EHMT2_G9A_POSITIVELY_REGULATE_RRNA_EXPRESSION,Reactome,1.350430971668832,0.9959016243236828,0.6665889409969722
REACTOME_ERK_MAPK_TARGETS,Reactome,1.2098255110583662,1.3010359699860516,0.752661721837756
REACTOME_ER_QUALITY_CONTROL_COMPARTMENT_ERQC,Reactome,-0.8974059919235634,1.1323517193891672,0.5851763603931942
REACTOME_ER_TO_GOLGI_ANTEROGRADE_TRANSPORT,Reactome,-0.8371866958794936,1.5059966525001214,-0.659358026353572
REACTOME_ESR_MEDIATED_SIGNALING,Reactome,1.0594319227431843,1.1831615995104083,1.033494106581488
REACTOME_ESTROGEN_DEPENDENT_GENE_EXPRESSION,Reactome,1.053899592637041,1.453197507690893,0.8024626374418028
REACTOME_ESTROGEN_DEPENDENT_NUCLEAR_EVENTS_DOWNSTREAM_OF_ESR_MEMBRANE_SIGNALING,Reactome,-1.09668813167724,0.7938903629828279,1.4925786151738236
REACTOME_EUKARYOTIC_TRANSLATION_ELONGATION,Reactome,1.3431044090632065,-2.783820769282608,-2.246024420296837
REACTOME_EUKARYOTIC_TRANSLATION_INITIATION,Reactome,1.487752525092669,-2.494073479654245,-2.040384858166409
REACTOME_EVASION_BY_RSV_OF_HOST_INTERFERON_RESPONSES,Reactome,0.6523341510884245,1.4440721737448732,1.2507060795130729
REACTOME_EXPORT_OF_VIRAL_RIBONUCLEOPROTEINS_FROM_NUCLEUS,Reactome,2.028635272712636,1.1907314433828995,1.1875856275012735
REACTOME_EXPRESSION_OF_BMAL_ARNTL_CLOCK_AND_NPAS2,Reactome,-1.116439645346961,1.2827315544497568,-0.5351890173510297
REACTOME_EXTENSION_OF_TELOMERES,Reactome,2.311971360113246,-1.0652004947542226,-1.4783845563321334
REACTOME_EXTRACELLULAR_MATRIX_ORGANIZATION,Reactome,-1.948866437079759,1.4398692713114305,1.315525788961584
REACTOME_EXTRA_NUCLEAR_ESTROGEN_SIGNALING,Reactome,-1.2003540406293245,-0.691476464206728,1.151201548523345
REACTOME_FACTORS_INVOLVED_IN_MEGAKARYOCYTE_DEVELOPMENT_AND_PLATELET_PRODUCTION,Reactome,1.896363109391921,0.7123068659760547,1.224133860688916
REACTOME_FANCONI_ANEMIA_PATHWAY,Reactome,2.0613225988910577,-1.3224100108247565,-0.6289532571645856
REACTOME_FATTY_ACID_METABOLISM,Reactome,1.0608620236017785,-1.797750277854509,-1.1017211159229954
REACTOME_FATTY_ACYL_COA_BIOSYNTHESIS,Reactome,1.3067261599412108,-1.60106556135387,0.6554456481760949
REACTOME_FBXL7_DOWN_REGULATES_AURKA_DURING_MITOTIC_ENTRY_AND_IN_EARLY_MITOSIS,Reactome,1.8636821960385832,1.9257618928580629,0.3442575669357589
REACTOME_FCERI_MEDIATED_CA_2_MOBILIZATION,Reactome,1.0447245392951687,-0.7130106287453322,0.9328908240767546
REACTOME_FCERI_MEDIATED_MAPK_ACTIVATION,Reactome,-0.918456120480056,0.7597499613477109,0.8566624563268234
REACTOME_FCERI_MEDIATED_NF_KB_ACTIVATION,Reactome,1.4609819496515972,1.8457306996778229,1.6684888919255496
REACTOME_FCGAMMA_RECEPTOR_FCGR_DEPENDENT_PHAGOCYTOSIS,Reactome,0.9338631304839562,-1.4058287370350695,0.827835893067083
REACTOME_FCGR3A_MEDIATED_IL10_SYNTHESIS,Reactome,-1.0123122463248173,0.883899717986787,-0.7555312083440271
REACTOME_FC_EPSILON_RECEPTOR_FCERI_SIGNALING,Reactome,1.107646187727837,1.3332839535154313,1.406031998590246
REACTOME_FGFR1_MUTANT_RECEPTOR_ACTIVATION,Reactome,-1.4944332584540096,1.5364520500196477,1.18347923338564
REACTOME_FGFR2_ALTERNATIVE_SPLICING,Reactome,1.890283659886578,0.9755984784129286,-1.0119882836255034
REACTOME_FGFR2_MUTANT_RECEPTOR_ACTIVATION,Reactome,-1.4282327549252287,1.5095189043829074,0.9923342536319254
REACTOME_FIBRONECTIN_MATRIX_FORMATION,Reactome,-1.317241231020528,-0.8424668725011659,-1.8495676060535848
REACTOME_FLT3_SIGNALING,Reactome,-1.157964706244169,1.0343130118952149,1.095921590866472
REACTOME_FLT3_SIGNALING_IN_DISEASE,Reactome,-1.0621638559935678,1.0516639617359955,-1.2513341980570256
REACTOME_FORMATION_OF_ATP_BY_CHEMIOSMOTIC_COUPLING,Reactome,1.8562226414806768,-0.9275466078109058,-1.2905145422347502
REACTOME_FORMATION_OF_FIBRIN_CLOT_CLOTTING_CASCADE,Reactome,-1.0071971636806547,1.1698979709852193,0.7475053913100762
REACTOME_FORMATION_OF_INCISION_COMPLEX_IN_GG_NER,Reactome,1.6288529884340823,1.057554585072836,-1.0606353638725878
REACTOME_FORMATION_OF_NEURONAL_PROGENITOR_AND_NEURONAL_BAF_NPBAF_AND_NBAF,Reactome,1.1425338113101826,0.6562186731856872,-0.9922281924732198
REACTOME_FORMATION_OF_PARAXIAL_MESODERM,Reactome,1.3318638564692027,1.337419598829383,-0.4272103526174282
REACTOME_FORMATION_OF_RNA_POL_II_ELONGATION_COMPLEX,Reactome,1.5429138672797178,1.5209088127059396,0.5411295387708976
REACTOME_FORMATION_OF_TC_NER_PRE_INCISION_COMPLEX,Reactome,1.2398924632739476,0.9375319161668864,-1.1705244970265472
REACTOME_FORMATION_OF_THE_BETA_CATENIN_TCF_TRANSACTIVATING_COMPLEX,Reactome,1.1259650954251177,1.272211650311604,-0.8282476213737469
REACTOME_FORMATION_OF_THE_CANONICAL_BAF_CBAF_COMPLEX,Reactome,1.1850961857398232,0.9122971217255342,-0.8187254635974959
REACTOME_FORMATION_OF_THE_CORNIFIED_ENVELOPE,Reactome,-1.4319404526411257,-1.0279250179379935,0.7397774498411518
REACTOME_FORMATION_OF_THE_DYSTROPHIN_GLYCOPROTEIN_COMPLEX_DGC,Reactome,-1.7663221022375568,-1.1164507678315752,0.9886742208024366
REACTOME_FORMATION_OF_THE_EARLY_ELONGATION_COMPLEX,Reactome,1.6190605412135015,0.8529082175620156,-0.8650351858342592
REACTOME_FORMATION_OF_THE_EMBRYONIC_STEM_CELL_BAF_ESBAF_COMPLEX,Reactome,1.3056339509124877,0.7139939228139031,-0.8566944260267942
REACTOME_FORMATION_OF_THE_NON_CANONICAL_BAF_NCBAF_COMPLEX,Reactome,1.070521694122593,0.8039310779666199,-0.870744056225124
REACTOME_FORMATION_OF_THE_POLYBROMO_BAF_PBAF_COMPLEX,Reactome,1.1008615647673126,0.6597229796161421,-0.8061307814995325
REACTOME_FORMATION_OF_THE_URETERIC_BUD,Reactome,-1.477970269211593,1.3109893366355472,0.9940966766980665
REACTOME_FORMATION_OF_TUBULIN_FOLDING_INTERMEDIATES_BY_CCT_TRIC,Reactome,1.7988293279308072,-0.8622307528688811,1.4332047721257757
REACTOME_FORMATION_OF_WDR5_CONTAINING_HISTONE_MODIFYING_COMPLEXES,Reactome,0.5150544204882188,-0.5224820911336439,-1.0915422008148872
REACTOME_FOXO_MEDIATED_TRANSCRIPTION,Reactome,-1.4846509115804,-1.4333207611735446,0.6460990603151446
REACTOME_FOXO_MEDIATED_TRANSCRIPTION_OF_CELL_CYCLE_GENES,Reactome,-1.1247318673396711,-1.0126847634601803,0.7766719505489528
REACTOME_FOXO_MEDIATED_TRANSCRIPTION_OF_CELL_DEATH_GENES,Reactome,-1.898225087299264,0.817296716054166,-0.513467500158553
REACTOME_FOXO_MEDIATED_TRANSCRIPTION_OF_OXIDATIVE_STRESS_METABOLIC_AND_NEURONAL_GENES,Reactome,-1.0395494643946142,-1.1340232435337976,1.0532908742889464
REACTOME_G0_AND_EARLY_G1,Reactome,2.199798106148475,1.3479867397532388,-0.8103399972212632
REACTOME_G1_S_DNA_DAMAGE_CHECKPOINTS,Reactome,1.859112444623641,1.4881257009671605,1.0849701087684929
REACTOME_G1_S_SPECIFIC_TRANSCRIPTION,Reactome,2.390769969432394,1.1480805013078408,0.6762656107605804
REACTOME_G2_M_CHECKPOINTS,Reactome,2.472659639918015,1.3599659724709214,0.7626091299780519
REACTOME_G2_M_DNA_DAMAGE_CHECKPOINT,Reactome,2.1546615011285017,0.8782742923895505,0.8836065353124303
REACTOME_GABA_B_RECEPTOR_ACTIVATION,Reactome,-0.8179937193324233,0.8322092367737206,1.2138414182708848
REACTOME_GABA_RECEPTOR_ACTIVATION,Reactome,-0.8211513466209098,0.7425474124297501,1.1385342318814944
REACTOME_GAMMA_CARBOXYLATION_HYPUSINYLATION_HYDROXYLATION_AND_ARYLSULFATASE_ACTIVATION,Reactome,-1.2572461124392758,-1.224300267404824,-0.7961271820631888
REACTOME_GAP_FILLING_DNA_REPAIR_SYNTHESIS_AND_LIGATION_IN_GG_NER,Reactome,2.1721254524156457,0.9716727023276904,-1.149696395609103
REACTOME_GAP_JUNCTION_TRAFFICKING_AND_REGULATION,Reactome,0.8251665243182361,1.1023405259454444,1.40973533892389
REACTOME_GASTRIN_CREB_SIGNALLING_PATHWAY_VIA_PKC_AND_MAPK,Reactome,-1.013263792260546,0.8490911163590497,1.6984525537902293
REACTOME_GASTRULATION,Reactome,1.2237554498894665,1.4186578104461502,0.7793582578340994
REACTOME_GENE_AND_PROTEIN_EXPRESSION_BY_JAK_STAT_SIGNALING_AFTER_INTERLEUKIN_12_STIMULATION,Reactome,1.8497170903601687,1.2656941584957495,1.171397152449313
REACTOME_GENE_SILENCING_BY_RNA,Reactome,0.8722039162879561,0.952956702579676,-0.8332754090712025
REACTOME_GLOBAL_GENOME_NUCLEOTIDE_EXCISION_REPAIR_GG_NER,Reactome,1.9879380776402904,1.0300804309264129,-1.1496260723533362
REACTOME_GLUCAGON_LIKE_PEPTIDE_1_GLP1_REGULATES_INSULIN_SECRETION,Reactome,1.3292320339532917,-1.0907841742783562,0.9890614779305528
REACTOME_GLUCAGON_SIGNALING_IN_METABOLIC_REGULATION,Reactome,0.8683032981681579,-0.7892822187402269,-0.8780476366324966
REACTOME_GLUCOSE_METABOLISM,Reactome,2.3624626316699517,1.102927994137478,0.9840065193375503
REACTOME_GLUTAMATE_NEUROTRANSMITTER_RELEASE_CYCLE,Reactome,1.0905783275104992,1.3208137012094636,0.7360965464423205
REACTOME_GLUTATHIONE_CONJUGATION,Reactome,1.4391971830097172,-1.0166267589068505,0.7566189834926351
REACTOME_GLYCEROPHOSPHOLIPID_BIOSYNTHESIS,Reactome,0.8664540233674053,-1.258187473176722,1.3866478017806052
REACTOME_GLYCOGEN_METABOLISM,Reactome,0.839934545977027,1.459838447790316,-1.6870904997822322
REACTOME_GLYCOSAMINOGLYCAN_METABOLISM,Reactome,-1.4983982993630982,0.981378610180456,0.8842013207085174
REACTOME_GLYCOSAMINOGLYCAN_PROTEIN_LINKAGE_REGION_BIOSYNTHESIS,Reactome,-1.361724295340719,-1.3223434758368733,0.8357537638292795
REACTOME_GLYCOSPHINGOLIPID_BIOSYNTHESIS,Reactome,-0.9583415329279452,1.42886049077005,1.5888000480902704
REACTOME_GLYCOSPHINGOLIPID_CATABOLISM,Reactome,-1.77118011456471,-1.2770345223566142,0.7096206552260054
REACTOME_GLYCOSPHINGOLIPID_METABOLISM,Reactome,-1.676047097119959,-0.913181423745401,1.0317080187811587
REACTOME_GOLGI_ASSOCIATED_VESICLE_BIOGENESIS,Reactome,-1.356481887870448,0.8732276562917582,1.143664805884291
REACTOME_GOLGI_TO_ER_RETROGRADE_TRANSPORT,Reactome,1.8283563578656592,0.8400444192663477,0.7535267423750549
REACTOME_GPCR_LIGAND_BINDING,Reactome,-1.4578945835528971,0.8051258827755295,2.134440059346616
REACTOME_GPER1_SIGNALING,Reactome,0.9812547384115436,-1.0743005156750305,-0.7564437945018779
REACTOME_GPVI_MEDIATED_ACTIVATION_CASCADE,Reactome,-1.5065787916703048,1.3888556285797644,1.3585291904597363
REACTOME_GROWTH_HORMONE_RECEPTOR_SIGNALING,Reactome,-0.9215804593255637,1.6042383793760098,1.2970368463568815
REACTOME_GSK3B_MEDIATED_PROTEASOMAL_DEGRADATION_OF_PD_L1_CD274,Reactome,1.9073130248808268,1.891549878456409,-0.4150611275400931
REACTOME_G_ALPHA_12_13_SIGNALLING_EVENTS,Reactome,1.099187185909884,-0.687644478469203,0.984725225153844
REACTOME_G_ALPHA_I_SIGNALLING_EVENTS,Reactome,-1.1304651862174755,-1.0302140788001588,2.108669807418892
REACTOME_G_ALPHA_Q_SIGNALLING_EVENTS,Reactome,1.1834706956243286,0.9076503335759888,1.373880718770586
REACTOME_G_ALPHA_S_SIGNALLING_EVENTS,Reactome,-1.175663642244429,-1.0132478643625789,-0.8959173010065193
REACTOME_G_ALPHA_Z_SIGNALLING_EVENTS,Reactome,0.9643946827058788,-0.768899931483734,-0.4412460552548658
REACTOME_G_BETA_GAMMA_SIGNALLING_THROUGH_PI3KGAMMA,Reactome,1.0173846867689365,0.5277039066522379,0.4417459650127301
REACTOME_G_PROTEIN_BETA_GAMMA_SIGNALLING,Reactome,1.1601011508560952,-0.5639399885800334,-0.4872069203298868
REACTOME_G_PROTEIN_MEDIATED_EVENTS,Reactome,-1.258661551700245,-1.151086273924787,1.1064317479579908
REACTOME_HATS_ACETYLATE_HISTONES,Reactome,0.8458399690805294,0.896527721906085,-0.762090677638256
REACTOME_HCMV_EARLY_EVENTS,Reactome,2.169829069551151,1.296433149360045,1.3355925440853509
REACTOME_HCMV_INFECTION,Reactome,1.9095502347040303,1.2512750399210424,1.2937721036081495
REACTOME_HCMV_LATE_EVENTS,Reactome,1.6647925422979404,1.2926111860374745,1.054671528946126
REACTOME_HDACS_DEACETYLATE_HISTONES,Reactome,1.2251304386435022,0.8546818675817628,-0.9183370953378772
REACTOME_HDMS_DEMETHYLATE_HISTONES,Reactome,-1.2463157493071793,0.7485384710183983,-0.7645176528446458
REACTOME_HDR_THROUGH_HOMOLOGOUS_RECOMBINATION_HRR,Reactome,2.3057534032225093,0.882030648959916,-0.7789883080926915
REACTOME_HDR_THROUGH_SINGLE_STRAND_ANNEALING_SSA,Reactome,2.015784440610213,0.5031493407496139,0.6773060496992689
REACTOME_HEDGEHOG_LIGAND_BIOGENESIS,Reactome,1.3804912007776355,1.752864228168256,-0.4640510838231642
REACTOME_HEDGEHOG_OFF_STATE,Reactome,1.252410337354669,1.1054798724566466,0.6963087356473229
REACTOME_HEDGEHOG_ON_STATE,Reactome,1.125664103481638,1.5003069352203935,0.7111847434125415
REACTOME_HEME_SIGNALING,Reactome,-1.315326306433989,1.4248521336614584,-0.6103885721824297
REACTOME_HEMOSTASIS,Reactome,1.310997892682253,1.1028207910424392,1.287800364070171
REACTOME_HEPARAN_SULFATE_HEPARIN_HS_GAG_METABOLISM,Reactome,-1.455102230111793,-1.2433995945876406,-0.6429306816619548
REACTOME_HH_MUTANTS_ABROGATE_LIGAND_SECRETION,Reactome,1.4099072853870742,1.747579291120969,-0.4484897397249133
REACTOME_HIGH_LAMINAR_FLOW_SHEAR_STRESS_ACTIVATES_SIGNALING_BY_PIEZO1_AND_PECAM1_CDH5_KDR_IN_ENDOTHELIAL_CELLS,Reactome,0.8376887654656104,0.7069814744177123,0.9939658077021876
REACTOME_HIV_ELONGATION_ARREST_AND_RECOVERY,Reactome,1.543456882293205,0.8120340429389405,-0.4868056787496813
REACTOME_HIV_INFECTION,Reactome,1.9632621014023444,1.3087399372770463,0.723062693310131
REACTOME_HIV_LIFE_CYCLE,Reactome,1.984204291464762,1.2330414353725108,0.7311941501180607
REACTOME_HIV_TRANSCRIPTION_ELONGATION,Reactome,1.5480585966545273,1.0366182740783072,-0.7304877693962106
REACTOME_HIV_TRANSCRIPTION_INITIATION,Reactome,1.5224150240731922,1.1656285233285435,-0.914153980192102
REACTOME_HOMOLOGOUS_DNA_PAIRING_AND_STRAND_EXCHANGE,Reactome,2.155237780820175,0.6725127791966383,0.6314609157905373
REACTOME_HOMOLOGY_DIRECTED_REPAIR,Reactome,2.4458767852772776,1.073047134004388,-0.8630533944222416
REACTOME_HOST_INTERACTIONS_OF_HIV_FACTORS,Reactome,2.0981391561460057,1.4427817929277322,0.8586644688684374
REACTOME_HSF1_ACTIVATION,Reactome,1.208756926195295,-2.149584780168336,-0.9000689376512458
REACTOME_HSF1_DEPENDENT_TRANSACTIVATION,Reactome,-1.0196416473567336,-2.0671532210022314,-0.7149922250880085
REACTOME_HSP90_CHAPERONE_CYCLE_FOR_STEROID_HORMONE_RECEPTORS_SHR_IN_THE_PRESENCE_OF_LIGAND,Reactome,1.5467503718205533,-1.646281203975495,1.0653296581309497
REACTOME_HS_GAG_BIOSYNTHESIS,Reactome,-1.4758069799871394,-1.078170856990487,0.936530695606539
REACTOME_HS_GAG_DEGRADATION,Reactome,-1.5967001038436524,-1.4992718908195937,-0.8573827886091157
REACTOME_IKK_COMPLEX_RECRUITMENT_MEDIATED_BY_RIP1,Reactome,0.8980642070489063,1.3914574236545771,1.5027010195162678
REACTOME_IMMUNOREGULATORY_INTERACTIONS_BETWEEN_A_LYMPHOID_AND_A_NON_LYMPHOID_CELL,Reactome,-1.5216069947769653,0.7869356690875576,2.010469513459044
REACTOME_INACTIVATION_OF_CSF3_G_CSF_SIGNALING,Reactome,0.7617607665934357,1.384748818935691,0.8276472468079284
REACTOME_INFECTION_WITH_ENTEROBACTERIA,Reactome,-1.0971565559024208,0.9164515434031412,1.0984290628628537
REACTOME_INFECTION_WITH_MYCOBACTERIUM_TUBERCULOSIS,Reactome,1.6099176267472644,1.0137538378004929,0.8160430932005801
REACTOME_INFLAMMASOMES,Reactome,-1.1979286554050104,-1.8285691018229655,1.7190991975987058
REACTOME_INFLUENZA_INFECTION,Reactome,1.976685164602622,-1.88842946965249,-1.116790621204934
REACTOME_INFLUENZA_VIRAL_RNA_TRANSCRIPTION_AND_REPLICATION,Reactome,2.0185482032067297,-2.0882355823344385,-1.4726779401020784
REACTOME_INHIBITION_OF_DNA_RECOMBINATION_AT_TELOMERE,Reactome,1.3433785551400823,0.6102516932683218,-0.876035940908275
REACTOME_INHIBITION_OF_THE_PROTEOLYTIC_ACTIVITY_OF_APC_C_REQUIRED_FOR_THE_ONSET_OF_ANAPHASE_BY_MITOTIC_SPINDLE_CHECKPOINT_COMPONENTS,Reactome,1.9036809303709912,0.5760632818630259,-0.9260866546117574
REACTOME_INITIATION_OF_NUCLEAR_ENVELOPE_NE_REFORMATION,Reactome,1.9387838947398828,-1.0354907186413376,0.7339639345150007
REACTOME_INOSITOL_PHOSPHATE_METABOLISM,Reactome,-0.8971703416633615,-1.136921289489447,1.186765211344348
REACTOME_INSERTION_OF_TAIL_ANCHORED_PROTEINS_INTO_THE_ENDOPLASMIC_RETICULUM_MEMBRANE,Reactome,-0.9514498323151196,-1.1459254438683486,-1.1409755471926075
REACTOME_INSULIN_PROCESSING,Reactome,1.40544630610906,-0.6165240762715812,0.9743525537049258
REACTOME_INSULIN_RECEPTOR_RECYCLING,Reactome,-1.161969162680685,1.3162800820703415,-0.827603618387597
REACTOME_INSULIN_RECEPTOR_SIGNALLING_CASCADE,Reactome,-2.19386908456412,1.3693882915936315,0.6709476457874689
REACTOME_INTEGRATION_OF_ENERGY_METABOLISM,Reactome,-1.1453885751007835,-1.2901924141849044,0.9116998034045516
REACTOME_INTEGRIN_CELL_SURFACE_INTERACTIONS,Reactome,-1.3410710124578116,1.2080328818252415,1.7091303913383362
REACTOME_INTEGRIN_SIGNALING,Reactome,-0.7994855343477107,-1.1986679534408222,-0.7116414041359976
REACTOME_INTERACTIONS_OF_REV_WITH_HOST_CELLULAR_PROTEINS,Reactome,2.1855148929066583,1.609633366628613,1.22015581341172
REACTOME_INTERACTIONS_OF_VPR_WITH_HOST_CELLULAR_PROTEINS,Reactome,2.020953225718255,1.729635359658591,1.2828011571442397
REACTOME_INTERACTION_BETWEEN_L1_AND_ANKYRINS,Reactome,-1.9634299640221544,-1.0119198519300394,0.8893216203252896
REACTOME_INTERCONVERSION_OF_NUCLEOTIDE_DI_AND_TRIPHOSPHATES,Reactome,1.717018165175768,-1.4600654719421509,1.0709687115817443
REACTOME_INTERFERON_ALPHA_BETA_SIGNALING,Reactome,-1.005005247935985,2.037707010281552,1.2492993703966844
REACTOME_INTERFERON_GAMMA_SIGNALING,Reactome,-1.1062079658441302,1.0852258230657614,1.9328456613974687
REACTOME_INTERFERON_SIGNALING,Reactome,1.3552909811423657,1.6244421320036322,1.6386044654805254
REACTOME_INTERLEUKIN_10_SIGNALING,Reactome,1.4581098740873613,2.096489608266962,2.3800878077382475
REACTOME_INTERLEUKIN_12_FAMILY_SIGNALING,Reactome,1.4190844614966474,1.4419414326597986,1.4739537141226895
REACTOME_INTERLEUKIN_12_SIGNALING,Reactome,1.6295233687677817,1.213140863039515,1.1597918932205016
REACTOME_INTERLEUKIN_17_SIGNALING,Reactome,-0.8800671480259198,1.7075550004437257,1.2324135606966324
REACTOME_INTERLEUKIN_1_FAMILY_SIGNALING,Reactome,1.5277254581715711,1.645410078193828,1.6388811066551572
REACTOME_INTERLEUKIN_1_SIGNALING,Reactome,1.5241304914580365,1.6518089226834791,1.5173888064779466
REACTOME_INTERLEUKIN_2_FAMILY_SIGNALING,Reactome,-1.1592881203106271,1.2183319678760878,1.2165519012206647
REACTOME_INTERLEUKIN_37_SIGNALING,Reactome,0.9285737398589716,1.123891059105448,1.6607540074455258
REACTOME_INTERLEUKIN_3_INTERLEUKIN_5_AND_GM_CSF_SIGNALING,Reactome,-1.022675863397137,0.8950741788432248,0.6277687235189343
REACTOME_INTERLEUKIN_4_AND_INTERLEUKIN_13_SIGNALING,Reactome,1.3514380466396938,1.886605509191324,2.157834754051622
REACTOME_INTERLEUKIN_6_FAMILY_SIGNALING,Reactome,-1.067874505207451,2.17467855646592,1.072311977746589
REACTOME_INTERLEUKIN_7_SIGNALING,Reactome,1.2818086202104793,1.4901298465309258,1.492276763337018
REACTOME_INTERLEUKIN_RECEPTOR_SHC_SIGNALING,Reactome,-0.8363948125972761,-0.5972303775128612,0.8425431380797604
REACTOME_INTRACELLULAR_SIGNALING_BY_SECOND_MESSENGERS,Reactome,-1.217257930764968,1.3493221763260743,0.94974320387706
REACTOME_INTRAFLAGELLAR_TRANSPORT,Reactome,0.6177017880511412,-1.2942091869506716,1.031206419701049
REACTOME_INTRA_GOLGI_AND_RETROGRADE_GOLGI_TO_ER_TRAFFIC,Reactome,1.4070855691851234,1.2461934108192232,0.676412445730375
REACTOME_INTRA_GOLGI_TRAFFIC,Reactome,-1.7389380509940575,1.780864562487798,0.4711954751116398
REACTOME_INTRINSIC_PATHWAY_FOR_APOPTOSIS,Reactome,0.9576471695119936,-0.9449783087248452,1.0901246617764104
REACTOME_ION_CHANNEL_TRANSPORT,Reactome,-1.3020353137022502,1.3777614534846947,1.1781822196573215
REACTOME_ION_HOMEOSTASIS,Reactome,-1.3479875925116651,0.8459100009625522,0.9066290655890225
REACTOME_ION_TRANSPORT_BY_P_TYPE_ATPASES,Reactome,-1.6237036538913128,1.1777556807434526,0.8495433833830215
REACTOME_IRE1ALPHA_ACTIVATES_CHAPERONES,Reactome,-1.0607970108318925,1.7998503016478866,-0.6804847010732671
REACTOME_IRON_UPTAKE_AND_TRANSPORT,Reactome,-1.1176812805198506,1.3344316901789124,0.909404563388752
REACTOME_IRS_MEDIATED_SIGNALLING,Reactome,-2.227050386789136,1.5693043588645406,0.9004127762930395
REACTOME_ISG15_ANTIVIRAL_MECHANISM,Reactome,1.7314836115122585,1.807052878368491,1.032334491483402
REACTOME_JNK_C_JUN_KINASES_PHOSPHORYLATION_AND_ACTIVATION_MEDIATED_BY_ACTIVATED_HUMAN_TAK1,Reactome,1.1388481503047008,1.1541212504404854,1.4398381534404978
REACTOME_KEAP1_NFE2L2_PATHWAY,Reactome,-1.367778395147722,1.425687523059851,1.3913041003350846
REACTOME_KERATAN_SULFATE_BIOSYNTHESIS,Reactome,-1.751299632140553,1.1744067168078969,1.0794219286520952
REACTOME_KERATAN_SULFATE_KERATIN_METABOLISM,Reactome,-1.7504895328490926,1.1340369838069342,0.9402907651548744
REACTOME_KERATINIZATION,Reactome,-1.5320781948248223,-1.0255770863517777,1.1628840979275727
REACTOME_KIDNEY_DEVELOPMENT,Reactome,-1.5554010365737088,1.431409283374466,0.799558863730898
REACTOME_KINESINS,Reactome,2.3338991958247908,-1.1546994400624315,1.0809303735579183
REACTOME_KSRP_KHSRP_BINDS_AND_DESTABILIZES_MRNA,Reactome,1.5074545385969218,0.9199910655516962,0.8537047867341923
REACTOME_L1CAM_INTERACTIONS,Reactome,1.1103243303925965,-1.232086639622345,1.34580564099273
REACTOME_LAGGING_STRAND_SYNTHESIS,Reactome,2.1169723598560264,-0.7346965876565912,-1.3953650732226544
REACTOME_LAMININ_INTERACTIONS,Reactome,1.1806279174139955,1.094700609251235,0.672573937764467
REACTOME_LATE_ENDOSOMAL_MICROAUTOPHAGY,Reactome,1.0146057365524976,-0.8409503086186952,-0.6717438642615271
REACTOME_LATE_SARS_COV_2_INFECTION_EVENTS,Reactome,0.9795544959707057,1.005302714984931,0.5818926669446736
REACTOME_LDL_CLEARANCE,Reactome,-0.9416468203041508,-0.9466036655939428,0.8216654993919703
REACTOME_LEISHMANIA_INFECTION,Reactome,-1.030812879533208,-1.03673418043903,1.5518130113291515
REACTOME_LISTERIA_MONOCYTOGENES_ENTRY_INTO_HOST_CELLS,Reactome,1.229967691091553,1.234045354973905,-0.7510350959318677
REACTOME_LYSOSOME_VESICLE_BIOGENESIS,Reactome,0.680710459554237,-0.8118170703243482,0.7159650428675223
REACTOME_MAP2K_AND_MAPK_ACTIVATION,Reactome,-0.9579152333131076,-1.0156943160682967,0.9239064126371136
REACTOME_MAP3K8_TPL2_DEPENDENT_MAPK1_3_ACTIVATION,Reactome,0.7202729021091868,1.5004005459659675,1.0799401492790637
REACTOME_MAPK1_MAPK3_SIGNALING,Reactome,-1.1041290432362934,1.4271585086819871,1.159133893812975
REACTOME_MAPK6_MAPK4_SIGNALING,Reactome,1.473909131524722,1.7258030780755182,0.7053177413191042
REACTOME_MAPK_FAMILY_SIGNALING_CASCADES,Reactome,-1.1009531126822023,1.4941616205818775,1.1816233445505189
REACTOME_MAPK_TARGETS_NUCLEAR_EVENTS_MEDIATED_BY_MAP_KINASES,Reactome,-0.9792876165844732,1.4873320666042222,0.719401740855499
REACTOME_MATERNAL_TO_ZYGOTIC_TRANSITION_MZT,Reactome,1.0157706972353284,1.7220145707347891,1.0009360433154524
REACTOME_MATURATION_OF_DENV_PROTEINS,Reactome,1.3031756231141396,1.8642769571009623,0.7903891402364149
REACTOME_MATURATION_OF_SARS_COV_2_NUCLEOPROTEIN,Reactome,1.111563453784128,1.6292677753306033,1.0454838269571436
REACTOME_MATURATION_OF_SARS_COV_2_SPIKE_PROTEIN,Reactome,0.8717901141758321,-1.2411476741288616,-0.389813665858675
REACTOME_MATURATION_OF_TCA_ENZYMES_AND_REGULATION_OF_TCA_CYCLE,Reactome,0.6995953600561737,-1.2378609177604176,0.5914545225850664
REACTOME_MECHANICAL_LOAD_ACTIVATES_SIGNALING_BY_PIEZO1_AND_INTEGRINS_IN_OSTEOCYTES,Reactome,-1.0060843152889576,-1.354841343126578,1.1198385151689376
REACTOME_MEIOSIS,Reactome,1.8793882700922944,0.7752170740009768,0.7587085962957082
REACTOME_MEIOTIC_RECOMBINATION,Reactome,2.074856997036424,0.662824906752734,0.7171414950178628
REACTOME_MEIOTIC_SYNAPSIS,Reactome,1.3748213325495948,0.8819812551457292,0.7917279607293564
REACTOME_METABOLIC_DISORDERS_OF_BIOLOGICAL_OXIDATION_ENZYMES,Reactome,-1.1014579769567352,1.3536337677369712,1.898864963364162
REACTOME_METABOLISM_OF_AMINO_ACIDS_AND_DERIVATIVES,Reactome,1.0864499382784436,-1.7182766156295988,-1.4162997724343038
REACTOME_METABOLISM_OF_CARBOHYDRATES_AND_CARBOHYDRATE_DERIVATIVES,Reactome,1.311770745509448,1.0924538360384062,0.8328603456809439
REACTOME_METABOLISM_OF_COFACTORS,Reactome,1.2169277716182023,-1.1477137096992538,1.0338571470368223
REACTOME_METABOLISM_OF_FAT_SOLUBLE_VITAMINS,Reactome,-1.7300374816817807,-1.203642580585957,1.1141447738231387
REACTOME_METABOLISM_OF_NITRIC_OXIDE_NOS3_ACTIVATION_AND_REGULATION,Reactome,1.0145762601045232,1.042237307587819,1.029351733640223
REACTOME_METABOLISM_OF_NUCLEOTIDES,Reactome,2.1649839628686056,-0.8325142468773934,1.3036388784033226
REACTOME_METABOLISM_OF_POLYAMINES,Reactome,1.8284628561287557,1.48822076196774,-0.4983658258656328
REACTOME_METABOLISM_OF_PORPHYRINS,Reactome,0.7968245639136405,-0.6810497956166455,-0.847357861337082
REACTOME_METABOLISM_OF_STEROIDS,Reactome,-1.5049120443405797,-1.6551044701861075,1.7081185538802974
REACTOME_METABOLISM_OF_STEROID_HORMONES,Reactome,-0.7591282699644426,-1.382621904438861,1.722509095716184
REACTOME_METABOLISM_OF_VITAMINS_AND_COFACTORS,Reactome,-1.1419091515703366,-1.0441281610391475,1.0822290108204669
REACTOME_METABOLISM_OF_WATER_SOLUBLE_VITAMINS_AND_COFACTORS,Reactome,1.1951263492594242,-0.8249660932919275,1.0082956245648222
REACTOME_METALLOPROTEASE_DUBS,Reactome,1.5473753999394282,0.8468482833186065,-1.126949995007606
REACTOME_METAL_ION_SLC_TRANSPORTERS,Reactome,-1.4927065911576674,1.124555845029045,1.797151175261479
REACTOME_MET_ACTIVATES_PTK2_SIGNALING,Reactome,-1.233644942477097,0.7393713595935899,-1.3936435859551268
REACTOME_MET_PROMOTES_CELL_MOTILITY,Reactome,-1.3950201862868978,1.0870812142241333,-0.9319788621552514
REACTOME_MHC_CLASS_II_ANTIGEN_PRESENTATION,Reactome,1.7410664923361774,-0.9423037857481298,1.0191607500175603
REACTOME_MICRORNA_MIRNA_BIOGENESIS,Reactome,1.137489324642568,0.8128316052715965,0.8180408082043714
REACTOME_MISCELLANEOUS_TRANSPORT_AND_BINDING_EVENTS,Reactome,0.9486534757929568,0.9186358370490848,1.2917520539048049
REACTOME_MISMATCH_REPAIR,Reactome,2.041127962229847,-1.230659641399889,-1.3029994942486711
REACTOME_MITF_M_DEPENDENT_GENE_EXPRESSION,Reactome,1.654517039557298,1.2589709723081035,-0.7096299692324962
REACTOME_MITF_M_REGULATED_MELANOCYTE_DEVELOPMENT,Reactome,1.6840069115063292,1.434979133752434,0.793833714387538
REACTOME_MITOCHONDRIAL_BIOGENESIS,Reactome,1.32470161803391,0.830557785012817,-0.7214944118748496
REACTOME_MITOCHONDRIAL_CALCIUM_ION_TRANSPORT,Reactome,0.8373831271956765,-0.644331499797882,0.8558046583041429
REACTOME_MITOCHONDRIAL_FATTY_ACID_BETA_OXIDATION,Reactome,1.219439391767242,-1.70752865473116,-0.7866309579131027
REACTOME_MITOCHONDRIAL_PROTEIN_DEGRADATION,Reactome,1.7120749318620028,-0.6612522164502275,-0.8532965853727191
REACTOME_MITOCHONDRIAL_PROTEIN_IMPORT,Reactome,1.7772666455870434,-0.5725534171155783,0.7744586599583523
REACTOME_MITOCHONDRIAL_TRANSLATION,Reactome,2.171983025684655,-0.757027040325831,-1.386284505824914
REACTOME_MITOCHONDRIAL_TRANSLATION_ELONGATION,Reactome,2.1585499324954824,-0.9055170412979516,-1.3112944448121473
REACTOME_MITOCHONDRIAL_TRNA_AMINOACYLATION,Reactome,1.3484727081939571,-1.067174599565001,0.6566757023544607
REACTOME_MITOCHONDRIAL_UNFOLDED_PROTEIN_RESPONSE_UPRMT,Reactome,-0.865084105722074,-1.7900601955919124,0.66690630403613
REACTOME_MITOPHAGY,Reactome,-0.9454607934998448,0.700841801322337,1.0105953165745427
REACTOME_MITOTIC_G1_PHASE_AND_G1_S_TRANSITION,Reactome,2.390265179142937,1.383656894438256,1.0947624371997695
REACTOME_MITOTIC_G2_G2_M_PHASES,Reactome,2.44604539335635,0.980229481426227,-0.746156178988524
REACTOME_MITOTIC_METAPHASE_AND_ANAPHASE,Reactome,2.6819765163692457,1.0379149210872702,-0.6950715544082495
REACTOME_MITOTIC_PROMETAPHASE,Reactome,2.7791985137706443,-0.9478589517600008,-1.199839494265326
REACTOME_MITOTIC_PROPHASE,Reactome,2.0950860682351373,1.061994600526698,0.97695856354201
REACTOME_MITOTIC_SPINDLE_CHECKPOINT,Reactome,2.703271338712986,0.6972508987565894,-1.2778798627168109
REACTOME_MODULATION_OF_HOST_RESPONSES_BY_IFN_STIMULATED_GENES,Reactome,1.0180981210338582,1.8226396311473392,1.111649733993991
REACTOME_MOLECULES_ASSOCIATED_WITH_ELASTIC_FIBRES,Reactome,-1.6878498126439725,1.4661713218459809,-1.325817272885074
REACTOME_MRNA_3_END_PROCESSING,Reactome,2.4639969727934528,1.8535122411843663,-0.8567865738920581
REACTOME_MRNA_CAPPING,Reactome,1.5485793089797644,1.037223643750788,-0.9307559717320646
REACTOME_MRNA_DECAY_BY_5_TO_3_EXORIBONUCLEASE,Reactome,1.1378148998936053,1.0903265762793457,0.6356154441884988
REACTOME_MRNA_POLYADENYLATION,Reactome,2.452829058229253,1.8023337721162151,-1.0103666472975947
REACTOME_MRNA_SPLICING,Reactome,2.340999215367993,1.1736390589355865,-0.9707507362145504
REACTOME_MRNA_SPLICING_MINOR_PATHWAY,Reactome,2.056418297110161,0.8203756888070542,-0.7762266899250722
REACTOME_MTORC1_MEDIATED_SIGNALLING,Reactome,0.7912807594666921,-0.8956625524408877,-0.9964055214836316
REACTOME_MTOR_SIGNALLING,Reactome,0.5488960863540177,-0.8582442553104562,-0.6833288365869794
REACTOME_MUSCLE_CONTRACTION,Reactome,-1.7827927714782748,1.151935773841147,-0.9046923430668706
REACTOME_MYD88_INDEPENDENT_TLR4_CASCADE,Reactome,0.8186570143938868,1.6472679155955408,1.7924722032301477
REACTOME_MYOGENESIS,Reactome,-1.355910772133058,1.1920877040611797,-0.7935654863904174
REACTOME_M_DECAY_DEGRADATION_OF_MATERNAL_MRNAS_BY_MATERNALLY_STORED_FACTORS,Reactome,0.7356626473748119,1.6333884066922872,0.5189682077916778
REACTOME_M_PHASE,Reactome,2.7459393105058667,0.8655325072824109,-0.8234049388689935
REACTOME_NCAM1_INTERACTIONS,Reactome,-1.4504584914856842,-1.0775526279028378,-1.4287052703166234
REACTOME_NCAM_SIGNALING_FOR_NEURITE_OUT_GROWTH,Reactome,-1.7760711308209434,-1.548919039786383,-1.1233725299397297
REACTOME_NEDDYLATION,Reactome,1.254965208852606,1.3678867795199414,0.6929301031355595
REACTOME_NEF_MEDIATES_DOWN_MODULATION_OF_CELL_SURFACE_RECEPTORS_BY_RECRUITING_THEM_TO_CLATHRIN_ADAPTERS,Reactome,0.8080008999890933,0.4968873571599582,-0.8068087362165487
REACTOME_NEGATIVE_EPIGENETIC_REGULATION_OF_RRNA_EXPRESSION,Reactome,1.4908837051528083,0.6663396257188356,-1.0672866237048113
REACTOME_NEGATIVE_REGULATION_OF_FGFR1_SIGNALING,Reactome,-1.353196553158038,1.6129105458061923,1.0767239700329354
REACTOME_NEGATIVE_REGULATION_OF_FGFR2_SIGNALING,Reactome,-1.501114356470265,1.8875610903735205,0.9585417707406738
REACTOME_NEGATIVE_REGULATION_OF_FGFR3_SIGNALING,Reactome,-1.1098081310077612,1.7275892123497971,1.005991169477764
REACTOME_NEGATIVE_REGULATION_OF_FGFR4_SIGNALING,Reactome,-1.1141773141826223,1.6439129870496194,0.8831601263250063
REACTOME_NEGATIVE_REGULATION_OF_MAPK_PATHWAY,Reactome,0.9228714268889152,1.3350155645291513,1.1057833522786789
REACTOME_NEGATIVE_REGULATION_OF_MET_ACTIVITY,Reactome,1.5551622308358948,1.3184344898110747,0.9256971054187632
REACTOME_NEGATIVE_REGULATION_OF_NOTCH4_SIGNALING,Reactome,1.9866559632294485,1.7513576903729606,0.4508061373331486
REACTOME_NEGATIVE_REGULATION_OF_THE_PI3K_AKT_NETWORK,Reactome,-1.6466225757946324,1.300459769183631,1.356161857418297
REACTOME_NEGATIVE_REGULATORS_OF_DDX58_IFIH1_SIGNALING,Reactome,-0.7494883982582331,1.16807744300196,1.743617480345072
REACTOME_NEPHRIN_FAMILY_INTERACTIONS,Reactome,-1.805175143794748,0.9269330829624371,-0.8826767879987064
REACTOME_NETRIN_1_SIGNALING,Reactome,-1.7639673745479227,1.103084149067111,1.5610839270775785
REACTOME_NEUREXINS_AND_NEUROLIGINS,Reactome,-0.907699319071489,-1.5078897338659325,-1.430355957361961
REACTOME_NEURONAL_SYSTEM,Reactome,-1.163393415686665,0.8171117680993887,1.042051949244657
REACTOME_NEUROTRANSMITTER_RECEPTORS_AND_POSTSYNAPTIC_SIGNAL_TRANSMISSION,Reactome,-1.184370376902032,-0.8633296304695485,1.237127382914669
REACTOME_NEUROTRANSMITTER_RELEASE_CYCLE,Reactome,0.9212586894507028,1.0677362333072324,0.8747459893884434
REACTOME_NEUTROPHIL_DEGRANULATION,Reactome,-1.088770031975443,-1.4160307252991136,1.3940472130052624
REACTOME_NFE2L2_REGULATING_ANTI_OXIDANT_DETOXIFICATION_ENZYMES,Reactome,-1.923890029868199,-1.0130763390705533,1.2393941088899194
REACTOME_NGF_STIMULATED_TRANSCRIPTION,Reactome,-1.282079212259466,2.4475131646643646,-0.9720883882403568
REACTOME_NICOTINATE_METABOLISM,Reactome,1.3602029715737087,1.0689362346965685,0.6925064264421502
REACTOME_NOD1_2_SIGNALING_PATHWAY,Reactome,1.396467661692511,1.0331296630962667,2.0451726420909684
REACTOME_NONHOMOLOGOUS_END_JOINING_NHEJ,Reactome,1.630468384991328,-0.7152735996831395,0.912392826585332
REACTOME_NONSENSE_MEDIATED_DECAY_NMD,Reactome,1.6531804438671691,-2.313233629745156,-2.034296680816944
REACTOME_NON_INTEGRIN_MEMBRANE_ECM_INTERACTIONS,Reactome,-1.9332364638622683,1.0844750754306658,0.8876541626328575
REACTOME_NOTCH1_INTRACELLULAR_DOMAIN_REGULATES_TRANSCRIPTION,Reactome,1.148286051865022,1.7286815326951903,-0.8009091674194045
REACTOME_NOTCH2_ACTIVATION_AND_TRANSMISSION_OF_SIGNAL_TO_THE_NUCLEUS,Reactome,1.0596749646127108,-1.494942535540903,-0.9074827897833446
REACTOME_NOTCH3_ACTIVATION_AND_TRANSMISSION_OF_SIGNAL_TO_THE_NUCLEUS,Reactome,1.6127385870830844,-1.3929617869431383,1.060512895310152
REACTOME_NOTCH3_INTRACELLULAR_DOMAIN_REGULATES_TRANSCRIPTION,Reactome,1.4124163464568045,1.6796519601132456,-0.6446351176004572
REACTOME_NOTCH_HLH_TRANSCRIPTION_PATHWAY,Reactome,0.9634490577873474,1.0468726005042177,-0.5317060661374968
REACTOME_NPAS4_REGULATES_EXPRESSION_OF_TARGET_GENES,Reactome,-1.2481064471148806,1.1295291558977532,-1.3694171884226938
REACTOME_NR1H2_AND_NR1H3_MEDIATED_SIGNALING,Reactome,-1.0799343615915733,-1.328960626634223,-0.6800597396386983
REACTOME_NR1H3_NR1H2_REGULATE_GENE_EXPRESSION_LINKED_TO_CHOLESTEROL_TRANSPORT_AND_EFFLUX,Reactome,-1.0867943971768328,-1.0949440639330226,-0.7092545722836897
REACTOME_NRAGE_SIGNALS_DEATH_THROUGH_JNK,Reactome,1.0718467228708333,-1.054742629415096,-0.8143191100373015
REACTOME_NS1_MEDIATED_EFFECTS_ON_HOST_PATHWAYS,Reactome,1.9522512174603648,1.8753308214468247,1.4653254458980236
REACTOME_NUCLEAR_ENVELOPE_BREAKDOWN,Reactome,2.1029206867033987,1.049295965868165,1.0338095679250812
REACTOME_NUCLEAR_ENVELOPE_NE_REASSEMBLY,Reactome,2.015531951635045,0.9748170024540608,1.341480598396265
REACTOME_NUCLEAR_EVENTS_KINASE_AND_TRANSCRIPTION_FACTOR_ACTIVATION,Reactome,-1.196901008054676,2.347576514468599,0.8124560685617187
REACTOME_NUCLEAR_EVENTS_MEDIATED_BY_NFE2L2,Reactome,-1.3585231895594794,1.436379445891336,1.4617857236745653
REACTOME_NUCLEAR_EVENTS_STIMULATED_BY_ALK_SIGNALING_IN_CANCER,Reactome,1.4377024766574238,1.1010695556321832,0.843308162128235
REACTOME_NUCLEAR_IMPORT_OF_REV_PROTEIN,Reactome,2.128031520270549,1.649229132824538,1.0948508417616554
REACTOME_NUCLEAR_PORE_COMPLEX_NPC_DISASSEMBLY,Reactome,1.967526080698372,1.5809876635059228,1.1008240756155423
REACTOME_NUCLEAR_RECEPTOR_TRANSCRIPTION_PATHWAY,Reactome,-1.669420901939594,1.2935047484993911,-1.3371090361082156
REACTOME_NUCLEAR_RNA_DECAY,Reactome,1.6113828439504223,1.5107802357707494,1.3678422369933942
REACTOME_NUCLEAR_SIGNALING_BY_ERBB4,Reactome,-1.1672166502375376,-1.1070005223866506,0.9758594622204504
REACTOME_NUCLEOTIDE_BINDING_DOMAIN_LEUCINE_RICH_REPEAT_CONTAINING_RECEPTOR_NLR_SIGNALING_PATHWAYS,Reactome,0.9215647047303256,-1.1813955958371731,2.228471573476678
REACTOME_NUCLEOTIDE_CATABOLISM,Reactome,1.7879634578094676,0.8816232476811966,1.540652677324708
REACTOME_NUCLEOTIDE_EXCISION_REPAIR,Reactome,1.906945492239616,1.0267557887058183,-1.109840941133691
REACTOME_NUCLEOTIDE_SALVAGE,Reactome,1.709371593484987,0.7472588356940066,1.081174316953612
REACTOME_N_GLYCAN_ANTENNAE_ELONGATION_IN_THE_MEDIAL_TRANS_GOLGI,Reactome,-0.984307839999113,1.1016534512621206,0.94454902932659
REACTOME_N_GLYCAN_TRIMMING_IN_THE_ER_AND_CALNEXIN_CALRETICULIN_CYCLE,Reactome,-0.916636428000677,1.0528597320069644,0.4576907418340951
REACTOME_ONCOGENE_INDUCED_SENESCENCE,Reactome,1.639642162485091,0.8444365021244645,1.3357823834509854
REACTOME_ONCOGENIC_MAPK_SIGNALING,Reactome,0.8048584650826779,0.8917315508730168,1.143614042701236
REACTOME_OPIOID_SIGNALLING,Reactome,-0.909448418181625,-1.1181908684321182,1.0566798762603486
REACTOME_ORC1_REMOVAL_FROM_CHROMATIN,Reactome,2.182900816919874,1.6458454190132303,-0.5902424752365548
REACTOME_ORGANELLE_BIOGENESIS_AND_MAINTENANCE,Reactome,1.638570121979835,-1.0511411398713373,-0.8826584917319825
REACTOME_OTHER_INTERLEUKIN_SIGNALING,Reactome,-0.9882699096708484,1.178518499994076,1.7398740155168624
REACTOME_OTHER_SEMAPHORIN_INTERACTIONS,Reactome,-1.6052529966050602,-1.060179166765552,0.8226931269390577
REACTOME_OVARIAN_TUMOR_DOMAIN_PROTEASES,Reactome,1.1968615629355863,1.1931003386504009,2.065088509359704
REACTOME_OXIDATIVE_STRESS_INDUCED_SENESCENCE,Reactome,1.195337848296999,0.9211494791735442,0.9464761457060988
REACTOME_O_GLYCOSYLATION_OF_TSR_DOMAIN_CONTAINING_PROTEINS,Reactome,-1.7486334624006072,1.3314197076899257,-0.9555765301468884
REACTOME_O_LINKED_GLYCOSYLATION,Reactome,-1.576070255031531,1.41116742487027,-0.810133444195681
REACTOME_O_LINKED_GLYCOSYLATION_OF_MUCINS,Reactome,-1.02018418978313,1.2839023763705717,0.735320307615116
REACTOME_P53_DEPENDENT_G1_DNA_DAMAGE_RESPONSE,Reactome,1.783794850157875,1.5219088375682697,0.9802327901828616
REACTOME_P75NTR_SIGNALS_VIA_NF_KB,Reactome,-0.901261596243448,1.4083425763220994,1.9829948131364603
REACTOME_P75_NTR_RECEPTOR_MEDIATED_SIGNALLING,Reactome,1.1211679325625168,0.8942604475309435,1.4669552923957572
REACTOME_PARASITE_INFECTION,Reactome,-0.8593234775438359,-1.0590368480628451,0.983739904370791
REACTOME_PCNA_DEPENDENT_LONG_PATCH_BASE_EXCISION_REPAIR,Reactome,2.267657055351316,0.7598159801355931,-1.739094591392203
REACTOME_PCP_CE_PATHWAY,Reactome,-1.0407128975902002,1.7074261995379374,0.5433430125594485
REACTOME_PD_L1_CD274_GLYCOSYLATION_AND_TRANSLOCATION_TO_PLASMA_MEMBRANE,Reactome,1.0732980091054778,1.132523643666162,0.8742036555673433
REACTOME_PEPTIDE_HORMONE_METABOLISM,Reactome,1.0720721861094171,-0.8563023881407654,1.139398610237082
REACTOME_PEPTIDE_LIGAND_BINDING_RECEPTORS,Reactome,1.2304078926059596,0.9045336371733094,2.510222125649772
REACTOME_PERK_REGULATES_GENE_EXPRESSION,Reactome,-1.1565199995534656,1.9344301221089657,1.92931287392791
REACTOME_PEROXISOMAL_LIPID_METABOLISM,Reactome,-0.5691506511067603,-1.4066191091968958,-1.445717721127667
REACTOME_PEROXISOMAL_PROTEIN_IMPORT,Reactome,0.5708068080462326,-1.5815652955820176,-0.9088071698597584
REACTOME_PHASE_0_RAPID_DEPOLARISATION,Reactome,-1.5652721681408892,0.7815259467152963,-1.4370371904943262
REACTOME_PHASE_II_CONJUGATION_OF_COMPOUNDS,Reactome,1.3310692048466009,1.0422808642545174,0.9260446013734104
REACTOME_PHASE_I_FUNCTIONALIZATION_OF_COMPOUNDS,Reactome,-1.5473138659475498,-1.2642088406968377,1.5363069028469625
REACTOME_PHOSPHOLIPID_METABOLISM,Reactome,-0.9577120956289012,0.7507893106214917,1.366822951211341
REACTOME_PHOSPHORYLATED_BMAL1_CLOCK_ARNTL_CLOCK_ACTIVATES_EXPRESSION_OF_CORE_CLOCK_GENES,Reactome,-1.1259393508778792,1.777305511030827,-1.0102779231579475
REACTOME_PHOSPHORYLATION_OF_THE_APC_C,Reactome,1.8556700607906829,0.6578920950025574,-1.1304017644725286
REACTOME_PI3K_AKT_SIGNALING_IN_CANCER,Reactome,-1.7896665890220158,1.5196061634670313,1.0223214594060357
REACTOME_PINK1_PRKN_MEDIATED_MITOPHAGY,Reactome,-0.8041348629804748,0.8635819743569298,0.8927093777951132
REACTOME_PIWI_INTERACTING_RNA_PIRNA_BIOGENESIS,Reactome,0.9415490686044816,0.7215045453301583,-1.4671678055505946
REACTOME_PI_METABOLISM,Reactome,-1.1130793867437727,1.4156470293125618,1.109216888504841
REACTOME_PKA_MEDIATED_PHOSPHORYLATION_OF_CREB,Reactome,-1.2826410547191571,0.8068113246279688,-0.8974301115649104
REACTOME_PKMTS_METHYLATE_HISTONE_LYSINES,Reactome,1.1660128190213626,1.1661244606300236,0.8774100979317114
REACTOME_PKR_MEDIATED_SIGNALING,Reactome,1.578715130950869,-1.151186629153666,1.4074869797856078
REACTOME_PLASMA_LIPOPROTEIN_ASSEMBLY_REMODELING_AND_CLEARANCE,Reactome,-1.2314589097665385,-1.2646057029928746,-1.1716930794527114
REACTOME_PLASMA_LIPOPROTEIN_CLEARANCE,Reactome,-1.0181761529202291,-1.2564676501779997,-1.2535052002947906
REACTOME_PLATELET_ACTIVATION_SIGNALING_AND_AGGREGATION,Reactome,-1.4553477368066858,-1.1022350577945763,0.8507336673633656
REACTOME_PLATELET_AGGREGATION_PLUG_FORMATION,Reactome,-1.373582817840031,-0.9851510047033204,-0.7144023062786746
REACTOME_PLATELET_CALCIUM_HOMEOSTASIS,Reactome,-1.4051143808426825,-1.2004214976352474,1.3174876909675612
REACTOME_PLATELET_HOMEOSTASIS,Reactome,-1.1050700071842976,-1.2156389726384005,1.0577324571804998
REACTOME_POLYMERASE_SWITCHING_ON_THE_C_STRAND_OF_THE_TELOMERE,Reactome,1.9809361778369123,-1.3471514176189223,-1.6333666187191185
REACTOME_POSITIVE_EPIGENETIC_REGULATION_OF_RRNA_EXPRESSION,Reactome,1.3520300808738968,1.0308543104942751,0.7405254947639947
REACTOME_POSTMITOTIC_NUCLEAR_PORE_COMPLEX_NPC_REFORMATION,Reactome,1.855535974435421,1.4586496767707586,1.3072710694082357
REACTOME_POST_TRANSLATIONAL_MODIFICATION_SYNTHESIS_OF_GPI_ANCHORED_PROTEINS,Reactome,-1.0358364547164511,-1.373473484205172,-1.1641507001967475
REACTOME_POTASSIUM_CHANNELS,Reactome,-0.8807284842271151,1.138986154580632,1.0828075192802478
REACTOME_POTENTIAL_THERAPEUTICS_FOR_SARS,Reactome,1.065005781920868,0.9617678343470116,-0.8682564748027696
REACTOME_PRC2_METHYLATES_HISTONES_AND_DNA,Reactome,1.5267453259944594,0.8225906773025128,0.733039355356367
REACTOME_PRE_NOTCH_EXPRESSION_AND_PROCESSING,Reactome,-0.9628955793508376,1.5605882607672583,1.0712195019898112
REACTOME_PRE_NOTCH_PROCESSING_IN_GOLGI,Reactome,-0.8427372190510958,0.8445826590625732,0.7763595590743885
REACTOME_PROCESSING_OF_CAPPED_INTRONLESS_PRE_MRNA,Reactome,1.974916019198099,1.54385550192327,-1.3737398308671631
REACTOME_PROCESSING_OF_CAPPED_INTRON_CONTAINING_PRE_MRNA,Reactome,2.5097119414555564,1.562758211831996,-0.7253605792385653
REACTOME_PROCESSING_OF_DNA_DOUBLE_STRAND_BREAK_ENDS,Reactome,2.169352391892516,1.0447795559991653,-0.8030320844353686
REACTOME_PROCESSING_OF_INTRONLESS_PRE_MRNAS,Reactome,1.8069726808062607,1.6305016069609823,-1.079126742846066
REACTOME_PROCESSING_OF_SMDT1,Reactome,0.8009395586541215,-0.7282530047965906,0.946629428879064
REACTOME_PROCESSIVE_SYNTHESIS_ON_THE_C_STRAND_OF_THE_TELOMERE,Reactome,2.051831158436744,-0.9548649964611068,-1.3672751315655327
REACTOME_PROGRAMMED_CELL_DEATH,Reactome,1.3712495736123889,1.1282043997231097,1.2906526497711743
REACTOME_PROTEASOME_ASSEMBLY,Reactome,1.8797303474635871,1.66620138660966,1.0357114354715602
REACTOME_PROTEIN_FOLDING,Reactome,1.3873514155302966,1.17042382222499,1.428293271679903
REACTOME_PROTEIN_HYDROXYLATION,Reactome,0.9815216411644032,-0.8267026925112644,-0.628506040242725
REACTOME_PROTEIN_LOCALIZATION,Reactome,1.180698957287326,-1.3382574520608834,-0.9255903828137918
REACTOME_PROTEIN_METHYLATION,Reactome,0.7324336538808667,-1.273235798913909,1.4625154508039269
REACTOME_PROTEIN_PROTEIN_INTERACTIONS_AT_SYNAPSES,Reactome,-1.1054009736810655,-1.303124418675317,-1.4455765554099214
REACTOME_PROTEIN_UBIQUITINATION,Reactome,1.7140708884089575,1.2054858129636457,0.8055537940498317
REACTOME_PTEN_REGULATION,Reactome,1.2998812046027226,1.212339727442126,-0.7203776576394701
REACTOME_PURINERGIC_SIGNALING_IN_LEISHMANIASIS_INFECTION,Reactome,-0.97910624893074,-1.766420867379316,1.8164381135254093
REACTOME_PURINE_CATABOLISM,Reactome,1.7087738081710904,-0.8925512797462197,1.4192025164119269
REACTOME_PYROPTOSIS,Reactome,1.064981957060112,1.402762751609534,1.4494754691932903
REACTOME_PYRUVATE_METABOLISM,Reactome,1.4177604435267983,0.9951829244134912,-0.9345497287441068
REACTOME_RAB_GEFS_EXCHANGE_GTP_FOR_GDP_ON_RABS,Reactome,0.7613991623412133,0.8776794855641848,1.1199363357674483
REACTOME_RAB_GERANYLGERANYLATION,Reactome,-0.7615456066775145,1.103764781710978,1.4263977056707882
REACTOME_RAB_REGULATION_OF_TRAFFICKING,Reactome,-0.9295476171349224,0.8442596095540829,1.1063121520120318
REACTOME_RAC1_GTPASE_CYCLE,Reactome,1.271141252445199,0.9471166473186912,0.8084013402215618
REACTOME_RAC2_GTPASE_CYCLE,Reactome,1.2594151795669863,0.7656659201905321,1.0234371565435263
REACTOME_RAC3_GTPASE_CYCLE,Reactome,-1.1828469495246037,0.8813132024990754,1.3018288128153217
REACTOME_RAF_ACTIVATION,Reactome,-0.9730235923124112,-0.7920297478911814,1.2559663538649346
REACTOME_RAF_INDEPENDENT_MAPK1_3_ACTIVATION,Reactome,1.0058538880942616,1.568031051944482,1.3628251305519676
REACTOME_RAS_PROCESSING,Reactome,1.3443070658657066,1.30016029112588,-0.8295919917645361
REACTOME_RECOGNITION_OF_DNA_DAMAGE_BY_PCNA_CONTAINING_REPLICATION_COMPLEX,Reactome,2.111454422183581,0.8359762171174944,-1.5371420787258738
REACTOME_RECRUITMENT_OF_MITOTIC_CENTROSOME_PROTEINS_AND_COMPLEXES,Reactome,2.3722097100124606,-1.1481065619454385,-1.341122638939316
REACTOME_RECRUITMENT_OF_NUMA_TO_MITOTIC_CENTROSOMES,Reactome,2.3385247298789595,-1.1731143067733312,-1.1928294583048884
REACTOME_RECYCLING_PATHWAY_OF_L1,Reactome,1.220163718463164,-1.0704986977427249,1.1922800747422166
REACTOME_REGULATED_NECROSIS,Reactome,1.079479016093572,1.2004108253107562,1.8033561183275475
REACTOME_REGULATION_OF_APOPTOSIS,Reactome,1.756585764994239,1.6757716782348548,-0.4027318426173988
REACTOME_REGULATION_OF_BETA_CELL_DEVELOPMENT,Reactome,-0.9633278951275958,1.5075216408391166,1.176251435022053
REACTOME_REGULATION_OF_CDH1_FUNCTION,Reactome,1.1528128064523828,1.458673928520661,0.9924079493128638
REACTOME_REGULATION_OF_CDH1_GENE_TRANSCRIPTION,Reactome,1.0713090872597932,1.041466915600968,-0.8358928380763343
REACTOME_REGULATION_OF_CDH1_POSTTRANSLATIONAL_PROCESSING_AND_TRAFFICKING_TO_PLASMA_MEMBRANE,Reactome,0.5868010642815742,-1.193667236354807,0.607839444281291
REACTOME_REGULATION_OF_CHOLESTEROL_BIOSYNTHESIS_BY_SREBP_SREBF,Reactome,-1.311135827401669,-1.9905590556067905,1.3895443095250788
REACTOME_REGULATION_OF_ENDOGENOUS_RETROELEMENTS,Reactome,1.2226161022135962,0.6903210394011648,-0.944712031315184
REACTOME_REGULATION_OF_ENDOGENOUS_RETROELEMENTS_BY_KRAB_ZFP_PROTEINS,Reactome,0.858690551636985,0.798529244380656,-0.8009944225535789
REACTOME_REGULATION_OF_ENDOGENOUS_RETROELEMENTS_BY_PIWI_INTERACTING_RNAS_PIRNAS,Reactome,1.4628421310270432,0.8850780807779981,-0.9088040783973044
REACTOME_REGULATION_OF_EXPRESSION_AND_FUNCTION_OF_TYPE_II_CLASSICAL_CADHERINS,Reactome,0.8382699557545557,-0.7952761035999438,1.067724582602681
REACTOME_REGULATION_OF_EXPRESSION_OF_SLITS_AND_ROBOS,Reactome,1.6123755236948616,-1.8095857560648028,-1.5324986423952682
REACTOME_REGULATION_OF_FZD_BY_UBIQUITINATION,Reactome,-0.9492468552541664,1.4986450547619092,-0.8496113315781105
REACTOME_REGULATION_OF_GLUCOKINASE_BY_GLUCOKINASE_REGULATORY_PROTEIN,Reactome,2.093341238051747,1.581623765295766,1.1887210573718991
REACTOME_REGULATION_OF_HOMOTYPIC_CELL_CELL_ADHESION,Reactome,1.1929397213059574,1.2239192816844264,0.8688820880416662
REACTOME_REGULATION_OF_HSF1_MEDIATED_HEAT_SHOCK_RESPONSE,Reactome,1.5827253362862284,1.0887329610255745,0.8259168794689244
REACTOME_REGULATION_OF_INSULIN_LIKE_GROWTH_FACTOR_IGF_TRANSPORT_AND_UPTAKE_BY_INSULIN_LIKE_GROWTH_FACTOR_BINDING_PROTEINS_IGFBPS,Reactome,-1.8098517118702064,1.125638380149914,1.7033275535750554
REACTOME_REGULATION_OF_INSULIN_SECRETION,Reactome,1.0140180908863767,-1.109438375520059,0.9800717293520752
REACTOME_REGULATION_OF_LIPID_METABOLISM_BY_PPARALPHA,Reactome,-1.070458867012924,-1.2056662826991262,0.665523911866611
REACTOME_REGULATION_OF_MECP2_EXPRESSION_AND_ACTIVITY,Reactome,1.2212882093040418,-0.9604316825694522,0.8379338683852422
REACTOME_REGULATION_OF_MITF_M_DEPENDENT_GENES_INVOLVED_IN_CELL_CYCLE_AND_PROLIFERATION,Reactome,1.5854312878687369,0.8599314172880236,-1.0291224273622457
REACTOME_REGULATION_OF_MITF_M_DEPENDENT_GENES_INVOLVED_IN_LYSOSOME_BIOGENESIS_AND_AUTOPHAGY,Reactome,-1.4714485154590762,1.7757021404866398,-0.789085730731143
REACTOME_REGULATION_OF_MITF_M_DEPENDENT_GENES_INVOLVED_IN_PIGMENTATION,Reactome,1.472660744947709,0.7468229647564671,-0.868607811072642
REACTOME_REGULATION_OF_MRNA_STABILITY_BY_PROTEINS_THAT_BIND_AU_RICH_ELEMENTS,Reactome,1.4502317928868236,1.22063224061671,0.4581815929183353
REACTOME_REGULATION_OF_NF_KAPPA_B_SIGNALING,Reactome,1.0728152625023408,1.1594350017870825,0.7052072446811387
REACTOME_REGULATION_OF_ORNITHINE_DECARBOXYLASE_ODC,Reactome,1.645846113617602,1.3960958167364133,0.5388303999960192
REACTOME_REGULATION_OF_PD_L1_CD274_EXPRESSION,Reactome,1.2341459479649413,1.8490771180337653,1.1862593774008825
REACTOME_REGULATION_OF_PD_L1_CD274_POST_TRANSLATIONAL_MODIFICATION,Reactome,1.4347921566677255,1.4168776865525057,0.8217184844364183
REACTOME_REGULATION_OF_PD_L1_CD274_TRANSCRIPTION,Reactome,-0.9016877388546032,2.0609322607904987,1.5066096604765624
REACTOME_REGULATION_OF_PLK1_ACTIVITY_AT_G2_M_TRANSITION,Reactome,2.1381824810425667,-0.9777789555923376,-1.1596185676357096
REACTOME_REGULATION_OF_PTEN_GENE_TRANSCRIPTION,Reactome,1.0034450000590804,0.842059785776899,-1.2269728834311642
REACTOME_REGULATION_OF_PTEN_STABILITY_AND_ACTIVITY,Reactome,1.4582344335351474,1.4327319282537827,0.645713352841583
REACTOME_REGULATION_OF_PYRUVATE_METABOLISM,Reactome,1.1661600097744702,1.2161546916126216,-0.677568479647976
REACTOME_REGULATION_OF_RAS_BY_GAPS,Reactome,1.7199827407460468,1.534894469613049,0.6740959140195245
REACTOME_REGULATION_OF_RUNX1_EXPRESSION_AND_ACTIVITY,Reactome,-0.7940505313183156,1.2116046539136465,1.2382091840847491
REACTOME_REGULATION_OF_RUNX2_EXPRESSION_AND_ACTIVITY,Reactome,1.4472969202081991,2.149003351590672,0.7305206512971748
REACTOME_REGULATION_OF_RUNX3_EXPRESSION_AND_ACTIVITY,Reactome,1.6224807000733408,1.7563737698065254,0.745425152128231
REACTOME_REGULATION_OF_SIGNALING_BY_CBL,Reactome,-0.8243402769399321,1.1830048161091342,0.642247006844355
REACTOME_REGULATION_OF_TP53_ACTIVITY,Reactome,1.9274274865855625,0.95028366030133,0.8485371269848906
REACTOME_REGULATION_OF_TP53_ACTIVITY_THROUGH_ACETYLATION,Reactome,0.6257234266335538,1.16233315482665,0.6653670393752541
REACTOME_REGULATION_OF_TP53_ACTIVITY_THROUGH_METHYLATION,Reactome,0.9225358677764546,0.9542774239070908,0.9975334591654316
REACTOME_REGULATION_OF_TP53_ACTIVITY_THROUGH_PHOSPHORYLATION,Reactome,2.0659346917748067,0.9175845475777996,0.999909713969789
REACTOME_REGULATION_OF_TP53_EXPRESSION_AND_DEGRADATION,Reactome,1.6228939903233497,0.947621613649852,0.8234682520796889
REACTOME_REGULATION_OF_T_CELL_ACTIVATION_BY_CD28_FAMILY,Reactome,1.0924151584126738,1.559635989620436,1.0425603837722976
REACTOME_REPRODUCTION,Reactome,1.772185347694566,0.722382241539953,0.846274064831313
REACTOME_RESOLUTION_OF_ABASIC_SITES_AP_SITES,Reactome,2.312233243350271,-1.0573177366495763,-1.4629347667160977
REACTOME_RESOLUTION_OF_AP_SITES_VIA_THE_MULTIPLE_NUCLEOTIDE_PATCH_REPLACEMENT_PATHWAY,Reactome,2.282683085145095,0.8140419934398524,-1.852209522908511
REACTOME_RESOLUTION_OF_D_LOOP_STRUCTURES,Reactome,2.1254196308869338,-0.6609214656424882,1.0416111086184945
REACTOME_RESOLUTION_OF_D_LOOP_STRUCTURES_THROUGH_SYNTHESIS_DEPENDENT_STRAND_ANNEALING_SDSA,Reactome,2.042973326088932,-0.8199154995376575,0.8706018697261036
REACTOME_RESOLUTION_OF_SISTER_CHROMATID_COHESION,Reactome,2.706989640718193,-0.6107613120057334,-1.045951024404476
REACTOME_RESPIRATORY_ELECTRON_TRANSPORT,Reactome,1.8539834362527687,-0.7386373767124131,-1.4903194560194817
REACTOME_RESPIRATORY_SYNCYTIAL_VIRUS_INFECTION_PATHWAY,Reactome,-0.9723234021507744,0.9774584373806432,1.0613901682389764
REACTOME_RESPIRATORY_SYNCYTIAL_VIRUS_RSV_ATTACHMENT_AND_ENTRY,Reactome,-1.6823640701393556,0.856537809193956,1.3024118900567605
REACTOME_RESPIRATORY_SYNCYTIAL_VIRUS_RSV_GENOME_REPLICATION_TRANSCRIPTION_AND_TRANSLATION,Reactome,1.67144382013695,-1.4783452904897312,0.9271813864494772
REACTOME_RESPONSE_OF_EIF2AK1_HRI_TO_HEME_DEFICIENCY,Reactome,-1.757659941128456,1.7063987244631746,1.3017895568263993
REACTOME_RESPONSE_OF_EIF2AK4_GCN2_TO_AMINO_ACID_DEFICIENCY,Reactome,0.8498734107979757,-2.3995029096594505,-1.8512117648365845
REACTOME_RESPONSE_OF_MTB_TO_PHAGOCYTOSIS,Reactome,1.6647036495893552,1.014461244863324,0.5556858828706206
REACTOME_RESPONSE_TO_ELEVATED_PLATELET_CYTOSOLIC_CA2,Reactome,-1.5619840863403436,-1.1567735349961945,-0.7733196084895518
REACTOME_RETROGRADE_TRANSPORT_AT_THE_TRANS_GOLGI_NETWORK,Reactome,-1.25846302670314,1.2391212926591215,0.8314875468655295
REACTOME_RET_SIGNALING,Reactome,-1.9259311256751988,1.0899199391551218,0.8047765519206356
REACTOME_RHOA_GTPASE_CYCLE,Reactome,1.5864176615414314,1.009193413841296,0.8907523216008174
REACTOME_RHOBTB1_GTPASE_CYCLE,Reactome,-1.079097324605126,0.7669019953589492,0.5938648716312159
REACTOME_RHOBTB2_GTPASE_CYCLE,Reactome,1.5406347622199803,0.913587220312996,0.6497750232528096
REACTOME_RHOBTB_GTPASE_CYCLE,Reactome,1.1247151895207672,0.9562692937472383,0.6735812136302487
REACTOME_RHOB_GTPASE_CYCLE,Reactome,1.508687518562225,1.127602293971615,1.064775532135298
REACTOME_RHOC_GTPASE_CYCLE,Reactome,1.6708170204720738,0.8608745994097416,1.0268428941950831
REACTOME_RHOD_GTPASE_CYCLE,Reactome,1.1864707451016383,0.7572481391989572,0.962077314223816
REACTOME_RHOF_GTPASE_CYCLE,Reactome,1.373474002847178,-0.6536189312268523,1.0061384750622293
REACTOME_RHOG_GTPASE_CYCLE,Reactome,1.2720671674342814,1.0104039798457365,1.076961449085847
REACTOME_RHOH_GTPASE_CYCLE,Reactome,1.0155691441646253,0.6623788487413489,0.6808074116770545
REACTOME_RHOJ_GTPASE_CYCLE,Reactome,1.3310185743011465,1.367286557777189,0.9439274855927852
REACTOME_RHOQ_GTPASE_CYCLE,Reactome,1.1357116150030724,1.3030129034821931,0.8828312966731267
REACTOME_RHOU_GTPASE_CYCLE,Reactome,-1.0019125672582083,0.7196368533603196,-0.9234059496153926
REACTOME_RHOV_GTPASE_CYCLE,Reactome,-0.933035657991914,1.1426931111368823,0.6755379673119402
REACTOME_RHO_GTPASES_ACTIVATE_CIT,Reactome,0.9538251753532784,-1.3671271806095433,1.1804433629941535
REACTOME_RHO_GTPASES_ACTIVATE_FORMINS,Reactome,2.50127899218163,0.7481680328472476,-0.8628829137450186
REACTOME_RHO_GTPASES_ACTIVATE_IQGAPS,Reactome,1.1923164487241962,-0.9541104835004152,1.5538969054290646
REACTOME_RHO_GTPASES_ACTIVATE_PAKS,Reactome,-1.5501935897364731,-1.075694374199607,0.8742872307706947
REACTOME_RHO_GTPASES_ACTIVATE_PKNS,Reactome,-1.0562203941467492,-0.6457363827619951,0.879763664010963
REACTOME_RHO_GTPASES_ACTIVATE_ROCKS,Reactome,-1.4623026985433718,0.767105854245812,1.0830916586594483
REACTOME_RHO_GTPASES_ACTIVATE_WASPS_AND_WAVES,Reactome,-0.7608084544172791,-1.155534638803439,0.850532145067555
REACTOME_RHO_GTPASE_CYCLE,Reactome,1.2621796313118363,1.0664266106927844,0.9756266362509596
REACTOME_RHO_GTPASE_EFFECTORS,Reactome,2.157875110282023,-1.0589257691739988,0.8143584810048241
REACTOME_RIBOSOME_ASSOCIATED_QUALITY_CONTROL,Reactome,1.8667705299260835,-1.780163168808489,-1.56134753445591
REACTOME_RIBOSOME_QUALITY_CONTROL_RQC_COMPLEX_EXTRACTS_AND_DEGRADES_NASCENT_PEPTIDE,Reactome,1.9387755239333424,-1.6672013069597018,-1.3466903338404042
REACTOME_RIPK1_MEDIATED_REGULATED_NECROSIS,Reactome,0.8583057180482058,0.7282971628399386,1.6832471773174542
REACTOME_RIP_MEDIATED_NFKB_ACTIVATION_VIA_ZBP1,Reactome,-0.7125729589418263,1.7084162533446463,2.036963921410773
REACTOME_RMTS_METHYLATE_HISTONE_ARGININES,Reactome,1.505980023755439,0.7472382325064595,-1.0129436155338425
REACTOME_RNA_POLYMERASE_III_CHAIN_ELONGATION,Reactome,1.031466094280736,0.647839425246814,1.0173782665392983
REACTOME_RNA_POLYMERASE_III_TRANSCRIPTION,Reactome,0.7598437010695657,1.055362233621312,0.7664903618645852
REACTOME_RNA_POLYMERASE_III_TRANSCRIPTION_INITIATION_FROM_TYPE_1_PROMOTER,Reactome,1.3270727189820044,0.6086962958794087,0.9131725718964502
REACTOME_RNA_POLYMERASE_III_TRANSCRIPTION_INITIATION_FROM_TYPE_3_PROMOTER,Reactome,1.0173896522497274,0.7199030230097963,0.8466390574423147
REACTOME_RNA_POLYMERASE_III_TRANSCRIPTION_TERMINATION,Reactome,-0.6968462364472031,1.0749614793210904,1.0095165204984546
REACTOME_RNA_POLYMERASE_II_TRANSCRIBES_SNRNA_GENES,Reactome,1.6677429376823256,1.4156034505744317,-0.8096381839718939
REACTOME_RNA_POLYMERASE_II_TRANSCRIPTION_TERMINATION,Reactome,2.159008057968536,1.8110056220185944,-0.8075017021411696
REACTOME_RNA_POLYMERASE_I_PROMOTER_ESCAPE,Reactome,1.365365220779631,0.8274218610547625,-0.9073707495462452
REACTOME_RNA_POLYMERASE_I_TRANSCRIPTION,Reactome,1.2837185141423406,0.7960357460465477,-0.84924102051787
REACTOME_RNA_POLYMERASE_I_TRANSCRIPTION_INITIATION,Reactome,1.5189959302050278,0.8314431734614192,-1.0601211837909696
REACTOME_RNA_POLYMERASE_I_TRANSCRIPTION_TERMINATION,Reactome,0.9335581165450172,0.6886065119530634,-1.0543329984430043
REACTOME_RND1_GTPASE_CYCLE,Reactome,-0.9298513654334892,1.1363093354139877,1.1773648533714076
REACTOME_RND2_GTPASE_CYCLE,Reactome,0.9415986279018448,0.796892623784673,0.6562588548671192
REACTOME_RND3_GTPASE_CYCLE,Reactome,0.8069468792132607,1.163228300700469,-0.5345196311179364
REACTOME_ROLE_OF_PHOSPHOLIPIDS_IN_PHAGOCYTOSIS,Reactome,0.7127066144948331,-1.3489662700620468,0.4756560345182223
REACTOME_RORA_B_C_AND_NR1D1_REV_ERBA_REGULATE_GENE_EXPRESSION,Reactome,-0.9029879310663153,0.8414860265444386,-0.6180526594159863
REACTOME_ROS_AND_RNS_PRODUCTION_IN_PHAGOCYTES,Reactome,0.7813310696934789,1.3645408985724805,-1.1159027261002687
REACTOME_RRNA_MODIFICATION_IN_THE_NUCLEUS_AND_CYTOSOL,Reactome,2.1657821167929265,1.6106943826330615,1.1563750722890964
REACTOME_RRNA_PROCESSING,Reactome,2.2325036906160007,-1.3913307998130866,-1.0294912719471507
REACTOME_RRNA_PROCESSING_IN_THE_MITOCHONDRION,Reactome,1.37605110819572,-0.9147466988432692,0.75976620731067
REACTOME_RSV_HOST_INTERACTIONS,Reactome,-1.170848116760699,1.1457441876585397,0.9208157954698406
REACTOME_RUNX1_INTERACTS_WITH_CO_FACTORS_WHOSE_PRECISE_EFFECT_ON_RUNX1_TARGETS_IS_NOT_KNOWN,Reactome,1.0326163149978227,1.3102271949899826,-1.0430255809480005
REACTOME_RUNX1_REGULATES_GENES_INVOLVED_IN_MEGAKARYOCYTE_DIFFERENTIATION_AND_PLATELET_FUNCTION,Reactome,-1.2070962500102873,1.0538351326485471,-0.9421130842737556
REACTOME_RUNX1_REGULATES_TRANSCRIPTION_OF_GENES_INVOLVED_IN_DIFFERENTIATION_OF_HSCS,Reactome,1.7136616103526965,1.490499218506549,0.6230071562032728
REACTOME_RUNX2_REGULATES_BONE_DEVELOPMENT,Reactome,1.07705192850526,1.0768196740542362,1.1720804981419592
REACTOME_RUNX2_REGULATES_OSTEOBLAST_DIFFERENTIATION,Reactome,1.1300316826417085,1.2019479320484872,0.8601121041384732
REACTOME_SARS_COV_1_ACTIVATES_MODULATES_INNATE_IMMUNE_RESPONSES,Reactome,1.1036693713526826,1.2986124534201258,2.062413288742682
REACTOME_SARS_COV_1_HOST_INTERACTIONS,Reactome,1.297497873168502,-1.160480831388876,1.5166520423164391
REACTOME_SARS_COV_1_INFECTION,Reactome,1.285215001293735,1.0460874501925632,1.3256091458636488
REACTOME_SARS_COV_1_MODULATES_HOST_TRANSLATION_MACHINERY,Reactome,1.1674352502361425,-2.085344607397794,-1.9564164625712053
REACTOME_SARS_COV_1_TARGETS_HOST_INTRACELLULAR_SIGNALLING_AND_REGULATORY_PATHWAYS,Reactome,1.06462767139516,1.0076184946196869,1.0391853283626835
REACTOME_SARS_COV_2_ACTIVATES_MODULATES_INNATE_AND_ADAPTIVE_IMMUNE_RESPONSES,Reactome,1.4111282881275775,1.6992488368378524,1.7536909252794763
REACTOME_SARS_COV_2_HOST_INTERACTIONS,Reactome,1.4616528309013817,1.1669914544300095,1.1905514114754236
REACTOME_SARS_COV_2_INFECTION,Reactome,1.2345899663101447,1.0994641069903193,1.02786690940022
REACTOME_SARS_COV_2_MODULATES_HOST_TRANSLATION_MACHINERY,Reactome,1.6925704867295843,-1.7878243966394036,-1.7678053712401156
REACTOME_SARS_COV_INFECTIONS,Reactome,1.255652946888511,1.186730977811819,1.0955480710962775
REACTOME_SCF_BETA_TRCP_MEDIATED_DEGRADATION_OF_EMI1,Reactome,1.9548607447424573,1.829208254529111,0.5139191168020844
REACTOME_SCF_SKP2_MEDIATED_DEGRADATION_OF_P27_P21,Reactome,1.8950979327211812,1.6437353490930753,0.7894161714815928
REACTOME_SEALING_OF_THE_NUCLEAR_ENVELOPE_NE_BY_ESCRT_III,Reactome,0.996785284764301,-0.7828268457860057,1.236042179519412
REACTOME_SELECTIVE_AUTOPHAGY,Reactome,1.0256475027138057,-1.207530153091102,1.2080914672872591
REACTOME_SELENOAMINO_ACID_METABOLISM,Reactome,1.1904517130323529,-2.1812437201049057,-1.4982717388575015
REACTOME_SEMA3A_PAK_DEPENDENT_AXON_REPULSION,Reactome,1.004134470020008,-1.4431928009893882,-1.574585332286954
REACTOME_SEMA4D_INDUCED_CELL_MIGRATION_AND_GROWTH_CONE_COLLAPSE,Reactome,-1.8458042936093977,0.8505361589164707,1.1815977127714776
REACTOME_SEMA4D_IN_SEMAPHORIN_SIGNALING,Reactome,-1.8113590916520323,0.8984245173355926,1.2846762887221057
REACTOME_SEMAPHORIN_INTERACTIONS,Reactome,-1.668523728106073,-1.0456568151017538,0.6640167903954908
REACTOME_SENESCENCE_ASSOCIATED_SECRETORY_PHENOTYPE_SASP,Reactome,1.2790512003589027,1.315033174628791,1.3094470089336523
REACTOME_SENSORY_PERCEPTION,Reactome,-1.5198740380836977,-0.9863146000727576,0.8243725360599201
REACTOME_SENSORY_PROCESSING_OF_SOUND,Reactome,-0.9232557953418338,-1.201980160488242,-0.6732955984961455
REACTOME_SENSORY_PROCESSING_OF_SOUND_BY_OUTER_HAIR_CELLS_OF_THE_COCHLEA,Reactome,-1.2244722763166238,-1.4395823176741915,0.6984729301874402
REACTOME_SEPARATION_OF_SISTER_CHROMATIDS,Reactome,2.6383961002836265,1.0193092294752748,-0.8932811553996003
REACTOME_SIALIC_ACID_METABOLISM,Reactome,-1.0537503340184704,-1.3454304395165777,1.281077888051847
REACTOME_SIGNALING_BY_ACTIVIN,Reactome,-1.4167525097035156,-1.3915798792982628,1.4566643627678273
REACTOME_SIGNALING_BY_ALK,Reactome,1.1977742134868048,1.6066421214811413,-0.8750630481851901
REACTOME_SIGNALING_BY_ALK_IN_CANCER,Reactome,1.2619056552121024,1.889134264098581,1.024563899903284
REACTOME_SIGNALING_BY_BMP,Reactome,-0.947690443329283,1.439296978019221,1.4357737788939218
REACTOME_SIGNALING_BY_BRAF_AND_RAF1_FUSIONS,Reactome,-0.7850557305207252,-1.1800627728143414,1.0809859886486648
REACTOME_SIGNALING_BY_CSF1_M_CSF_IN_MYELOID_CELLS,Reactome,-1.3644571615967445,1.4690008569120805,1.384134632330413
REACTOME_SIGNALING_BY_CSF3_G_CSF,Reactome,0.7724572180542589,1.3927334393140731,0.743895310321573
REACTOME_SIGNALING_BY_CTNNB1_PHOSPHO_SITE_MUTANTS,Reactome,-0.6224977058242197,1.039006030182279,1.0269119108617493
REACTOME_SIGNALING_BY_CYTOSOLIC_FGFR1_FUSION_MUTANTS,Reactome,-0.959614746086623,1.4986061945933336,0.7132124641661519
REACTOME_SIGNALING_BY_EGFR,Reactome,1.6062234797225252,1.4289906877429368,1.0836758099536687
REACTOME_SIGNALING_BY_EGFR_IN_CANCER,Reactome,1.2678925127598704,0.8506420842810107,1.347450521569387
REACTOME_SIGNALING_BY_ERBB2,Reactome,-1.1905296850904885,-0.938726758954928,1.1169040162950612
REACTOME_SIGNALING_BY_ERBB2_ECD_MUTANTS,Reactome,-1.0253635800330876,-0.5401091632856381,1.5113978995304216
REACTOME_SIGNALING_BY_ERBB2_IN_CANCER,Reactome,-0.9473292564192506,0.7776076385504284,1.5539626787081662
REACTOME_SIGNALING_BY_ERBB4,Reactome,-1.049893413567342,-0.9007722344375176,1.125252696152416
REACTOME_SIGNALING_BY_ERYTHROPOIETIN,Reactome,-1.3191684452591554,1.0358506012132225,1.2481018095645842
REACTOME_SIGNALING_BY_FGFR,Reactome,-1.024386425584601,1.5657501973907264,0.737571149340137
REACTOME_SIGNALING_BY_FGFR1,Reactome,-1.2410876931851875,1.615579878063352,1.1181289372364729
REACTOME_SIGNALING_BY_FGFR1_IN_DISEASE,Reactome,-1.5911114127462571,1.4220752118088549,1.3300125721465128
REACTOME_SIGNALING_BY_FGFR2,Reactome,-1.009920738959147,1.5804284342490271,0.6557148239109861
REACTOME_SIGNALING_BY_FGFR2_IIIA_TM,Reactome,0.8928004237995391,1.0947096637381086,0.8715859349808119
REACTOME_SIGNALING_BY_FGFR2_IN_DISEASE,Reactome,-1.48703962295666,1.4460906020940387,1.0444108354347532
REACTOME_SIGNALING_BY_FGFR3,Reactome,-1.192096171806644,1.6841756464884312,1.086533896051155
REACTOME_SIGNALING_BY_FGFR4,Reactome,-1.2049620808529862,1.526542728999304,0.9987259314100664
REACTOME_SIGNALING_BY_FGFR_IN_DISEASE,Reactome,-1.4919732700106922,1.4331036544189344,1.138537649154326
REACTOME_SIGNALING_BY_FLT3_FUSION_PROTEINS,Reactome,-1.4853150304558946,-0.8273681454081734,-1.1610591625895188
REACTOME_SIGNALING_BY_FLT3_ITD_AND_TKD_MUTANTS,Reactome,-1.5595969026176235,1.0192505668447938,-0.9933018659639434
REACTOME_SIGNALING_BY_GPCR,Reactome,-1.3942657790863393,0.888268013302226,1.904542899796212
REACTOME_SIGNALING_BY_HEDGEHOG,Reactome,0.955422552518465,1.1849148461861676,0.818957388338219
REACTOME_SIGNALING_BY_HIPPO,Reactome,-0.9762654691593236,1.5110829649610014,1.4872274508685446
REACTOME_SIGNALING_BY_INSULIN_RECEPTOR,Reactome,-1.936444713929252,1.4817936187336531,0.5685171221354882
REACTOME_SIGNALING_BY_INTERLEUKINS,Reactome,1.4303520748331795,1.8668882243037244,2.0832344218202428
REACTOME_SIGNALING_BY_KIT_IN_DISEASE,Reactome,-1.4879775538366036,1.3049437743903185,1.270247333065122
REACTOME_SIGNALING_BY_MET,Reactome,-1.2575199054293056,1.437750667235823,-0.6826988975543005
REACTOME_SIGNALING_BY_MODERATE_KINASE_ACTIVITY_BRAF_MUTANTS,Reactome,-0.8517947991348174,-1.1903757254060472,1.1721934581120217
REACTOME_SIGNALING_BY_NOTCH,Reactome,1.3413977082088897,1.5317080473575608,0.9702287361661852
REACTOME_SIGNALING_BY_NOTCH1,Reactome,1.2636027703180124,1.1790538330197835,0.6490559854740554
REACTOME_SIGNALING_BY_NOTCH1_PEST_DOMAIN_MUTANTS_IN_CANCER,Reactome,1.2871640800834867,1.0976602594945573,0.6058854499634987
REACTOME_SIGNALING_BY_NOTCH2,Reactome,1.1380715992777684,-1.055032871461065,-0.7876725493096779
REACTOME_SIGNALING_BY_NOTCH3,Reactome,1.660048709562726,1.0860544926911937,0.9742131062387276
REACTOME_SIGNALING_BY_NOTCH4,Reactome,1.4876948054883057,1.528608178167389,0.7595457367678964
REACTOME_SIGNALING_BY_NTRK2_TRKB,Reactome,-1.6553890697613305,-1.1304246671585334,-1.0048068698313184
REACTOME_SIGNALING_BY_NTRKS,Reactome,-1.4331843637735069,1.891955836504512,0.642015028084591
REACTOME_SIGNALING_BY_NUCLEAR_RECEPTORS,Reactome,-1.0934509994521115,1.1245712206846457,0.780933259200572
REACTOME_SIGNALING_BY_PDGF,Reactome,-1.5510101989910106,1.5205760840729143,-0.940627738611198
REACTOME_SIGNALING_BY_PDGFR_IN_DISEASE,Reactome,-1.0775165999027063,1.623758688641873,-0.708391930999466
REACTOME_SIGNALING_BY_PTK6,Reactome,1.0916853056818956,1.6921029175416928,0.9770042144840352
REACTOME_SIGNALING_BY_RECEPTOR_TYROSINE_KINASES,Reactome,-1.298596056846422,1.6048858706235616,0.7042448263248089
REACTOME_SIGNALING_BY_RETINOIC_ACID,Reactome,-1.008986777121733,1.2924769415613706,-1.3587524202352823
REACTOME_SIGNALING_BY_ROBO_RECEPTORS,Reactome,1.2108835793582875,-1.5662612366028013,-1.4296175698107088
REACTOME_SIGNALING_BY_SCF_KIT,Reactome,-1.177197927235654,1.0425431288313824,1.0676057850454004
REACTOME_SIGNALING_BY_TGFBR3,Reactome,-0.9160655799523264,0.9407828271742724,1.0780065175561395
REACTOME_SIGNALING_BY_TGFB_FAMILY_MEMBERS,Reactome,1.200241433231766,1.5546252008595325,1.3275860947663694
REACTOME_SIGNALING_BY_TGF_BETA_RECEPTOR_COMPLEX,Reactome,1.2582514206448023,1.5663121500847876,1.0828003913977626
REACTOME_SIGNALING_BY_THE_B_CELL_RECEPTOR_BCR,Reactome,1.4625616107900528,1.2655105824327626,1.51804305056035
REACTOME_SIGNALING_BY_TYPE_1_INSULIN_LIKE_GROWTH_FACTOR_1_RECEPTOR_IGF1R,Reactome,-2.2449478821150097,1.7286981720681307,-0.810923744733167
REACTOME_SIGNALING_BY_VEGF,Reactome,0.9425194544011656,-1.0843855593876048,0.6672004615980539
REACTOME_SIGNALING_BY_WNT,Reactome,1.1566048558563868,1.230129755550798,0.710678483272104
REACTOME_SIGNALING_BY_WNT_IN_CANCER,Reactome,-1.0004918954137594,1.3537441555362906,1.2183428195133508
REACTOME_SIGNALLING_TO_ERKS,Reactome,-1.1554889654853475,1.160553704123944,0.7419883888568284
REACTOME_SIGNALLING_TO_RAS,Reactome,0.8480213994267829,1.1494644280842123,0.5559770480172199
REACTOME_SIGNAL_AMPLIFICATION,Reactome,0.938037735311772,-0.7022499439285644,1.3363063880329025
REACTOME_SIGNAL_TRANSDUCTION_BY_L1,Reactome,0.9917407162873386,-1.910818014817476,1.1073594020154365
REACTOME_SLC_MEDIATED_TRANSMEMBRANE_TRANSPORT,Reactome,-1.523696262647343,1.6849364391296486,1.5206010361792166
REACTOME_SLC_MEDIATED_TRANSPORT_OF_AMINO_ACIDS,Reactome,-1.758945235891921,1.6718341857581975,0.9263092564241
REACTOME_SLC_MEDIATED_TRANSPORT_OF_INORGANIC_ANIONS,Reactome,0.8850564542833819,0.9536969031724348,-0.7032958770099316
REACTOME_SLC_MEDIATED_TRANSPORT_OF_ORGANIC_ANIONS,Reactome,1.1820786539075887,1.282077116298686,1.137263183169947
REACTOME_SLC_TRANSPORTER_DISORDERS,Reactome,1.2510211472393171,1.4976678501056344,1.326717003093169
REACTOME_SMAD2_SMAD3_SMAD4_HETEROTRIMER_REGULATES_TRANSCRIPTION,Reactome,1.416144703222702,1.3686193098967805,1.1350769564265042
REACTOME_SMOOTH_MUSCLE_CONTRACTION,Reactome,-1.7328878091764226,1.139253655608023,0.8701146894344167
REACTOME_SNRNP_ASSEMBLY,Reactome,2.2246098639184573,1.4421377725710445,0.821700183277605
REACTOME_SOMITOGENESIS,Reactome,1.6988504211627276,1.326311495137702,0.4159842464308261
REACTOME_SPHINGOLIPID_DE_NOVO_BIOSYNTHESIS,Reactome,-0.8656093363444887,0.95928368518447,0.9440065951702152
REACTOME_SPHINGOLIPID_METABOLISM,Reactome,-1.558601940904329,-1.1211004297852651,1.2595322159532534
REACTOME_SPOP_MEDIATED_PROTEASOMAL_DEGRADATION_OF_PD_L1_CD274,Reactome,1.8723098003604384,1.7320529680602874,0.5480982821038917
REACTOME_SPRY_REGULATION_OF_FGF_SIGNALING,Reactome,0.9721183622113196,1.4411339393600804,0.5043816547186502
REACTOME_SRP_DEPENDENT_COTRANSLATIONAL_PROTEIN_TARGETING_TO_MEMBRANE,Reactome,1.3064472201912694,-2.2053142368100493,-1.9560132416400455
REACTOME_STABILIZATION_OF_P53,Reactome,1.765767653687754,1.7842319421741413,0.8960493000226527
REACTOME_STIMULI_SENSING_CHANNELS,Reactome,-0.8812037187184636,0.9852676460156694,1.3061558653763354
REACTOME_SULFUR_AMINO_ACID_METABOLISM,Reactome,0.8136449483496292,-1.4299161214163207,-1.085888779598159
REACTOME_SUMOYLATION,Reactome,2.000824262861096,1.4243279496664665,0.9808368468863726
REACTOME_SUMOYLATION_OF_CHROMATIN_ORGANIZATION_PROTEINS,Reactome,2.001521579053643,1.5455711973067794,0.9427522925449728
REACTOME_SUMOYLATION_OF_DNA_DAMAGE_RESPONSE_AND_REPAIR_PROTEINS,Reactome,2.1609586461280244,1.3460756149199185,0.8755776813074135
REACTOME_SUMOYLATION_OF_DNA_METHYLATION_PROTEINS,Reactome,1.2117203800586225,1.068569569675293,-0.7922849927211144
REACTOME_SUMOYLATION_OF_DNA_REPLICATION_PROTEINS,Reactome,2.361469598192662,1.6378257559635143,0.7350432233731895
REACTOME_SUMOYLATION_OF_INTRACELLULAR_RECEPTORS,Reactome,-1.2289707089577293,1.1084586414911788,-0.6756344228053438
REACTOME_SUMOYLATION_OF_RNA_BINDING_PROTEINS,Reactome,2.0196919469979147,1.8246499666069556,1.009671655867832
REACTOME_SUMOYLATION_OF_SUMOYLATION_PROTEINS,Reactome,2.1070984642998583,1.8283990694524928,1.05024964465242
REACTOME_SUMOYLATION_OF_TRANSCRIPTION_COFACTORS,Reactome,0.965796965475254,1.5454784251724254,-0.6495180140925968
REACTOME_SUMOYLATION_OF_TRANSCRIPTION_FACTORS,Reactome,1.316307065711984,1.349192758661426,0.784227706482563
REACTOME_SUMOYLATION_OF_UBIQUITINYLATION_PROTEINS,Reactome,2.107714332925822,1.8447686616652212,1.0863763139058105
REACTOME_SWITCHING_OF_ORIGINS_TO_A_POST_REPLICATIVE_STATE,Reactome,2.2948118319315665,1.562324187991384,0.5410015458102196
REACTOME_SYNDECAN_INTERACTIONS,Reactome,-1.5813636232928665,1.3040569037609802,0.9474907608750746
REACTOME_SYNTHESIS_OF_ACTIVE_UBIQUITIN_ROLES_OF_E1_AND_E2_ENZYMES,Reactome,1.5548090796832943,1.1334020294924507,0.4073484771549991
REACTOME_SYNTHESIS_OF_BILE_ACIDS_AND_BILE_SALTS,Reactome,-1.723572711439872,1.686688784660456,1.265009204936154
REACTOME_SYNTHESIS_OF_BILE_ACIDS_AND_BILE_SALTS_VIA_7ALPHA_HYDROXYCHOLESTEROL,Reactome,-1.596600605163091,1.8010494174723088,1.1591122563122025
REACTOME_SYNTHESIS_OF_DNA,Reactome,2.5677314992570426,1.504744600205436,-0.9092035823542431
REACTOME_SYNTHESIS_OF_GLYCOSYLPHOSPHATIDYLINOSITOL_GPI,Reactome,0.5032268242506277,-1.5257536017974007,-1.1649700256138993
REACTOME_SYNTHESIS_OF_IP3_AND_IP4_IN_THE_CYTOSOL,Reactome,-1.1434193720212142,-1.475484175751626,1.0663859807577658
REACTOME_SYNTHESIS_OF_PA,Reactome,1.0003783557494574,-0.786402003207155,1.0764945103897423
REACTOME_SYNTHESIS_OF_PC,Reactome,0.8737411874262374,-1.018171512204464,1.111800873338996
REACTOME_SYNTHESIS_OF_PIPS_AT_THE_EARLY_ENDOSOME_MEMBRANE,Reactome,1.050578621207968,1.2420500602131352,0.8182022398578661
REACTOME_SYNTHESIS_OF_PIPS_AT_THE_GOLGI_MEMBRANE,Reactome,-0.5561022108004836,1.0849952319973573,1.1586552477407144
REACTOME_SYNTHESIS_OF_PIPS_AT_THE_PLASMA_MEMBRANE,Reactome,-0.9967420092903656,1.4719943489791945,1.2877413715280792
REACTOME_SYNTHESIS_OF_SUBSTRATES_IN_N_GLYCAN_BIOSYTHESIS,Reactome,0.7235933210662884,-1.1750323585536908,0.9892068744410668
REACTOME_SYNTHESIS_OF_VERY_LONG_CHAIN_FATTY_ACYL_COAS,Reactome,1.2720280743415349,-1.4561707972284232,0.9190276641615044
REACTOME_S_PHASE,Reactome,2.5016361526355384,1.478757057716708,-0.7460999876713972
REACTOME_TAK1_DEPENDENT_IKK_AND_NF_KAPPA_B_ACTIVATION,Reactome,1.1433008008098808,1.3566594138759815,1.7608410022517336
REACTOME_TBC_RABGAPS,Reactome,-1.4708468053332042,-0.642354152595039,0.7798739001269224
REACTOME_TCF_DEPENDENT_SIGNALING_IN_RESPONSE_TO_WNT,Reactome,1.1653429681342649,1.4181849980288397,0.5988765299950213
REACTOME_TCR_SIGNALING,Reactome,1.5215001052778252,1.4962001708394688,1.4603342337389815
REACTOME_TELOMERE_C_STRAND_LAGGING_STRAND_SYNTHESIS,Reactome,2.215399766854139,-1.146639768020328,-1.528041118782821
REACTOME_TELOMERE_EXTENSION_BY_TELOMERASE,Reactome,1.771674127078104,-1.1490351999244155,-1.0977605992328827
REACTOME_TELOMERE_MAINTENANCE,Reactome,2.38421903069277,-0.7490629167876209,-1.172974628067054
REACTOME_TERMINATION_OF_TRANSLESION_DNA_SYNTHESIS,Reactome,2.1446824366158674,1.2330872957729344,-1.0087033965537562
REACTOME_TGFBR3_EXPRESSION,Reactome,0.7702277275266707,1.0193968509715452,1.037066466381748
REACTOME_TGF_BETA_RECEPTOR_SIGNALING_ACTIVATES_SMADS,Reactome,1.1243552967022998,1.3261196912870852,0.7184305917469792
REACTOME_THE_PHOTOTRANSDUCTION_CASCADE,Reactome,0.5219294248398946,-1.3430679747606282,-1.4167193069970954
REACTOME_THE_ROLE_OF_GTSE1_IN_G2_M_PROGRESSION_AFTER_G2_CHECKPOINT,Reactome,2.090417718907524,1.2020640207075453,0.7801956254781827
REACTOME_THE_ROLE_OF_NEF_IN_HIV_1_REPLICATION_AND_DISEASE_PATHOGENESIS,Reactome,-0.683407480864685,-0.8209376872670937,-0.5911515678180758
REACTOME_THROMBIN_SIGNALLING_THROUGH_PROTEINASE_ACTIVATED_RECEPTORS_PARS,Reactome,1.326654820043646,-0.7455310286500518,0.4541426434187247
REACTOME_THROMBOXANE_SIGNALLING_THROUGH_TP_RECEPTOR,Reactome,1.0401663847380305,0.5621635430030308,0.5896793459534909
REACTOME_TICAM1_RIP1_MEDIATED_IKK_COMPLEX_RECRUITMENT,Reactome,0.7664900459785059,1.324209296338985,1.5003164551820047
REACTOME_TNFR1_INDUCED_NF_KAPPA_B_SIGNALING_PATHWAY,Reactome,-1.0718391928286974,0.9947821547867216,2.1601993860301145
REACTOME_TNFR1_INDUCED_PROAPOPTOTIC_SIGNALING,Reactome,-1.28491045720027,-0.8406336556238463,2.199287740967516
REACTOME_TNFR2_NON_CANONICAL_NF_KB_PATHWAY,Reactome,1.0995135668067395,1.6812297297875678,1.937569863923258
REACTOME_TNF_SIGNALING,Reactome,-1.2278026837117966,0.8092887069863114,2.106676224489461
REACTOME_TOLL_LIKE_RECEPTOR_9_TLR9_CASCADE,Reactome,0.8125516869321168,1.6122522236565753,1.3636782248998942
REACTOME_TOLL_LIKE_RECEPTOR_CASCADES,Reactome,-0.8271148401355664,1.2701231410944251,1.808216564866781
REACTOME_TOLL_LIKE_RECEPTOR_TLR1_TLR2_CASCADE,Reactome,0.8621458518081817,1.5209942065265265,1.5121655819169408
REACTOME_TP53_REGULATES_METABOLIC_GENES,Reactome,1.0031913189430932,-0.924271623194598,0.6489430555553026
REACTOME_TP53_REGULATES_TRANSCRIPTION_OF_ADDITIONAL_CELL_CYCLE_GENES_WHOSE_EXACT_ROLE_IN_THE_P53_PATHWAY_REMAIN_UNCERTAIN,Reactome,-1.382505859340073,1.7097610551498608,0.9405173299777534
REACTOME_TP53_REGULATES_TRANSCRIPTION_OF_CELL_CYCLE_GENES,Reactome,1.673983453326584,1.5053408034178173,1.0286308830801394
REACTOME_TP53_REGULATES_TRANSCRIPTION_OF_CELL_DEATH_GENES,Reactome,1.116579033509236,1.2660518901700857,-0.987957806151655
REACTOME_TP53_REGULATES_TRANSCRIPTION_OF_DNA_REPAIR_GENES,Reactome,1.559453605238266,0.9746105009848568,-0.8712135298395756
REACTOME_TP53_REGULATES_TRANSCRIPTION_OF_GENES_INVOLVED_IN_CYTOCHROME_C_RELEASE,Reactome,0.8683227416533265,0.8915077353180303,1.0049126152225132
REACTOME_TP53_REGULATES_TRANSCRIPTION_OF_GENES_INVOLVED_IN_G2_CELL_CYCLE_ARREST,Reactome,1.867166387919448,1.0150968490042085,0.8261686164752652
REACTOME_TRAF6_MEDIATED_IRF7_ACTIVATION,Reactome,-0.7283484981837072,0.9834222273935254,1.3847352929396004
REACTOME_TRAF6_MEDIATED_NF_KB_ACTIVATION,Reactome,0.830762002743124,1.2692750550337673,1.8419767805031724
REACTOME_TRAFFICKING_OF_AMPA_RECEPTORS,Reactome,-1.435333939321997,0.8705574377881874,0.7099376278428486
REACTOME_TRANSCRIPTIONAL_ACTIVATION_OF_MITOCHONDRIAL_BIOGENESIS,Reactome,0.9392121627052232,1.079248097626912,0.5769597816376354
REACTOME_TRANSCRIPTIONAL_ACTIVITY_OF_SMAD2_SMAD3_SMAD4_HETEROTRIMER,Reactome,1.1949382613883053,1.588179110454094,1.4802278407820266
REACTOME_TRANSCRIPTIONAL_AND_POST_TRANSLATIONAL_REGULATION_OF_MITF_M_EXPRESSION_AND_ACTIVITY,Reactome,1.2500664723545691,1.5648303557479883,0.8136323876062166
REACTOME_TRANSCRIPTIONAL_REGULATION_BY_E2F6,Reactome,1.86374583861961,1.133359416221302,-0.6979318398659551
REACTOME_TRANSCRIPTIONAL_REGULATION_BY_MECP2,Reactome,1.644458837918387,-1.109562072838441,-0.6428990921150058
REACTOME_TRANSCRIPTIONAL_REGULATION_BY_NPAS4,Reactome,-1.429582224268859,1.5329538420892233,-1.0099185920799671
REACTOME_TRANSCRIPTIONAL_REGULATION_BY_RUNX1,Reactome,1.2217679384781126,1.4365934744435802,-0.9073102657110927
REACTOME_TRANSCRIPTIONAL_REGULATION_BY_RUNX2,Reactome,1.4161953508610186,1.910828718727385,0.8355948130120113
REACTOME_TRANSCRIPTIONAL_REGULATION_BY_RUNX3,Reactome,1.2105737809550463,1.974267754376916,0.9227694561580104
REACTOME_TRANSCRIPTIONAL_REGULATION_BY_SMALL_RNAS,Reactome,1.5757086445671398,0.9409409202807388,0.6771685762126172
REACTOME_TRANSCRIPTIONAL_REGULATION_BY_THE_AP_2_TFAP2_FAMILY_OF_TRANSCRIPTION_FACTORS,Reactome,1.2685486507925832,1.248051710808893,-0.7462675344186716
REACTOME_TRANSCRIPTIONAL_REGULATION_BY_TP53,Reactome,1.7822647358217572,1.0816502022417949,-0.7986470297070642
REACTOME_TRANSCRIPTIONAL_REGULATION_BY_VENTX,Reactome,1.384919956844192,1.2400084291173563,0.908493929444178
REACTOME_TRANSCRIPTIONAL_REGULATION_OF_BROWN_AND_BEIGE_ADIPOCYTE_DIFFERENTIATION,Reactome,0.9750128247407984,0.7249828094008787,0.5039832233428841
REACTOME_TRANSCRIPTIONAL_REGULATION_OF_GRANULOPOIESIS,Reactome,1.208688096651974,1.5440759625135418,-0.701210129138858
REACTOME_TRANSCRIPTIONAL_REGULATION_OF_WHITE_ADIPOCYTE_DIFFERENTIATION,Reactome,0.641381199079262,0.983610117192334,0.7057608217226378
REACTOME_TRANSCRIPTION_COUPLED_NUCLEOTIDE_EXCISION_REPAIR_TC_NER,Reactome,1.975998045585527,1.0017245663920276,-1.2673241912711224
REACTOME_TRANSCRIPTION_OF_E2F_TARGETS_UNDER_NEGATIVE_CONTROL_BY_DREAM_COMPLEX,Reactome,2.029349656063869,1.2411018190756429,-0.927909472710642
REACTOME_TRANSCRIPTION_OF_THE_HIV_GENOME,Reactome,1.6405564091709,1.1741734227845566,-0.865319250182424
REACTOME_TRANSFERRIN_ENDOCYTOSIS_AND_RECYCLING,Reactome,0.7279378506241801,1.512556830825777,0.9074922721026472
REACTOME_TRANSLATION,Reactome,1.9833311755895295,-1.2414270071847855,-1.2704817630536855
REACTOME_TRANSLATION_OF_SARS_COV_1_STRUCTURAL_PROTEINS,Reactome,0.8219943629620545,1.2324270522673793,0.6151849055858464
REACTOME_TRANSLATION_OF_SARS_COV_2_STRUCTURAL_PROTEINS,Reactome,1.0688464576221597,1.159425555947345,0.4514800059103578
REACTOME_TRANSLESION_SYNTHESIS_BY_POLH,Reactome,1.841941389370479,1.363847721362451,-0.9160046412258794
REACTOME_TRANSLESION_SYNTHESIS_BY_POLK,Reactome,1.770767230897858,1.2549007737258142,-1.35610945976941
REACTOME_TRANSLESION_SYNTHESIS_BY_Y_FAMILY_DNA_POLYMERASES_BYPASSES_LESIONS_ON_DNA_TEMPLATE,Reactome,2.169329363377575,1.4047645279006722,-0.8532791327319832
REACTOME_TRANSLOCATION_OF_SLC2A4_GLUT4_TO_THE_PLASMA_MEMBRANE,Reactome,0.7744543497433796,-1.1861675629320143,1.3918786029282777
REACTOME_TRANSMISSION_ACROSS_CHEMICAL_SYNAPSES,Reactome,-1.217235251305259,0.9629715022855106,1.2025153509401878
REACTOME_TRANSPORT_OF_MATURE_MRNAS_DERIVED_FROM_INTRONLESS_TRANSCRIPTS,Reactome,2.181673893077285,1.8484700120273097,0.9664595324713556
REACTOME_TRANSPORT_OF_MATURE_TRANSCRIPT_TO_CYTOPLASM,Reactome,2.325910342509822,1.914784239480857,0.8495848701578668
REACTOME_TRANSPORT_OF_THE_SLBP_DEPENDANT_MATURE_MRNA,Reactome,2.1109545995946712,1.878194493741017,1.173904824736759
REACTOME_TRANSPORT_OF_VITAMINS_NUCLEOSIDES_AND_RELATED_MOLECULES,Reactome,-0.9584817351355036,1.2250246186713294,1.2200848469433074
REACTOME_TRANSPORT_TO_THE_GOLGI_AND_SUBSEQUENT_MODIFICATION,Reactome,-1.0347242752015795,1.5198046612622622,0.585358927048037
REACTOME_TRANS_GOLGI_NETWORK_VESICLE_BUDDING,Reactome,-1.2838393181937202,0.7542753077658472,0.8314648052747974
REACTOME_TRIGLYCERIDE_CATABOLISM,Reactome,0.9025967749295596,1.1069077814971415,1.034453366729048
REACTOME_TRIGLYCERIDE_METABOLISM,Reactome,1.1979158126833676,-1.2143525380311286,0.859918526314689
REACTOME_TRISTETRAPROLIN_TTP_ZFP36_BINDS_AND_DESTABILIZES_MRNA,Reactome,0.8503707565880914,1.4277952182097833,0.8171072745812017
REACTOME_TRNA_AMINOACYLATION,Reactome,1.6028731216995915,1.3890650961497697,1.107082983098327
REACTOME_TRNA_MODIFICATION_IN_THE_NUCLEUS_AND_CYTOSOL,Reactome,1.357637658162911,0.8457527399294636,0.8315373126797516
REACTOME_TRNA_PROCESSING,Reactome,1.9191797453557096,1.3338758717804138,0.7969956879974042
REACTOME_TRNA_PROCESSING_IN_THE_NUCLEUS,Reactome,1.8539366479694368,1.4050858084419608,0.662332017098329
REACTOME_TRP_CHANNELS,Reactome,1.083473841810286,1.1259169981700194,1.055378497861284
REACTOME_TURBULENT_OSCILLATORY_DISTURBED_FLOW_SHEAR_STRESS_ACTIVATES_SIGNALING_BY_PIEZO1_AND_INTEGRINS_IN_ENDOTHELIAL_CELLS,Reactome,1.0658850113614342,-1.2047518988418269,1.7241718621877733
REACTOME_UBIQUITIN_DEPENDENT_DEGRADATION_OF_CYCLIN_D,Reactome,1.8943588740259607,1.9028585615126008,-0.3957041016978949
REACTOME_UBIQUITIN_MEDIATED_DEGRADATION_OF_PHOSPHORYLATED_CDC25A,Reactome,1.9230975020676764,1.689425286979023,0.7727160998239879
REACTOME_UB_SPECIFIC_PROCESSING_PROTEASES,Reactome,1.498942190439538,1.4864999331932949,1.2752476663733323
REACTOME_UCH_PROTEINASES,Reactome,1.4761538951471016,1.413815493174622,0.4643573467998135
REACTOME_UNFOLDED_PROTEIN_RESPONSE_UPR,Reactome,-1.2826158094401607,2.0191808202480983,1.4531048658081225
REACTOME_UPTAKE_AND_ACTIONS_OF_BACTERIAL_TOXINS,Reactome,-0.8544945723151969,-1.2165174968735222,0.5332404729325666
REACTOME_VASOPRESSIN_REGULATES_RENAL_WATER_HOMEOSTASIS_VIA_AQUAPORINS,Reactome,-0.8738207367953531,0.7230196073701308,-1.1542718622690238
REACTOME_VEGFR2_MEDIATED_CELL_PROLIFERATION,Reactome,1.0455464595474575,-0.7743553831971012,-0.772331239970371
REACTOME_VEGFR2_MEDIATED_VASCULAR_PERMEABILITY,Reactome,-0.8294224804034966,-1.2490860540542246,-0.7712026013332638
REACTOME_VIF_MEDIATED_DEGRADATION_OF_APOBEC3G,Reactome,1.8149567771403687,1.609761244190384,-0.4245661319305486
REACTOME_VIRAL_MESSENGER_RNA_SYNTHESIS,Reactome,2.1425371783483094,1.5271288812669137,1.0525958261323778
REACTOME_VISUAL_PHOTOTRANSDUCTION,Reactome,-1.7227279838184475,-1.0310497286190006,0.81413566230027
REACTOME_VITAMIN_B5_PANTOTHENATE_METABOLISM,Reactome,1.1873482936138864,-1.7201211789329949,1.481701759770784
REACTOME_VLDLR_INTERNALISATION_AND_DEGRADATION,Reactome,0.9168856687214616,-0.985814935372544,-1.7884805246052538
REACTOME_VXPX_CARGO_TARGETING_TO_CILIUM,Reactome,-1.3841424254745502,1.1444530961756487,0.9406329895157662
REACTOME_WNT_LIGAND_BIOGENESIS_AND_TRAFFICKING,Reactome,-1.4501009876360256,-1.10525590570073,-0.8494767343293422
REACTOME_ZBP1_DAI_MEDIATED_INDUCTION_OF_TYPE_I_IFNS,Reactome,-0.7669169973646536,1.6478117166390065,1.8803158239620443
